AP_PGM_ID,PGM_ID,REGION_ID,REGION_NAME,GY_PLANT_ID,PROH_PLANT_NAME
4,4,1.0,NA,,
29,29,2.0,LA,,
46,46,1.0,NA,,
46,46,2.0,LA,,
46,46,3.0,EMEA,,
46,46,4.0,AP,,
47,47,1.0,NA,,
47,47,2.0,LA,,
47,47,3.0,EMEA,,
47,47,4.0,AP,,
104,104,3.0,EMEA,,
107,107,3.0,EMEA,,
128,128,1.0,NA,,
131,131,1.0,NA,,
143,143,1.0,NA,,
150,150,1.0,NA,,
162,162,1.0,NA,,
170,170,1.0,NA,,
171,171,1.0,NA,,
172,172,1.0,NA,,
173,173,1.0,NA,,
174,174,1.0,NA,,
175,175,1.0,NA,,
176,176,1.0,NA,,
183,183,3.0,EMEA,21.0,Luxembourg
185,185,1.0,NA,,
186,186,1.0,NA,,
201,201,,,,
241,241,3.0,EMEA,,
262,262,3.0,EMEA,,
265,265,3.0,EMEA,,
281,281,,,,
282,282,1.0,NA,,
282,282,2.0,LA,,
282,282,3.0,EMEA,,
282,282,4.0,AP,,
321,321,3.0,EMEA,,
322,322,3.0,EMEA,,
325,325,3.0,EMEA,,
331,331,1.0,NA,,
331,331,2.0,LA,,
331,331,3.0,EMEA,,
331,331,4.0,AP,,
338,338,1.0,NA,,
402,402,1.0,NA,,
423,423,,,,
426,426,,,,
428,428,,,,
434,434,,,,
438,438,1.0,NA,,
438,438,2.0,LA,,
438,438,3.0,EMEA,,
438,438,4.0,AP,,
442,442,,,,
464,464,3.0,EMEA,,
465,465,3.0,EMEA,,
466,466,3.0,EMEA,,
523,523,1.0,NA,,
524,524,1.0,NA,,
543,543,1.0,NA,,
545,545,1.0,NA,,
561,561,3.0,EMEA,,
563,563,,,,
5,5,,,,
8,8,1.0,NA,,
8,8,2.0,LA,,
8,8,3.0,EMEA,,
8,8,4.0,AP,,
22,22,1.0,NA,,
22,22,2.0,LA,,
22,22,3.0,EMEA,27.0,South Africa
22,22,4.0,AP,,
22,22,1.0,NA,,
22,22,2.0,LA,,
22,22,3.0,EMEA,,
22,22,4.0,AP,40.0,Thailand
22,22,1.0,NA,,
22,22,2.0,LA,,
22,22,3.0,EMEA,,
22,22,4.0,AP,47.0,Indonesia
22,22,1.0,NA,,
22,22,2.0,LA,,
22,22,3.0,EMEA,346.0,Melksham
22,22,4.0,AP,,
25,25,1.0,NA,,
25,25,2.0,LA,,
25,25,3.0,EMEA,,
25,25,4.0,AP,,
31,31,1.0,NA,,
61,61,1.0,NA,,
81,81,1.0,NA,,
82,82,3.0,EMEA,,
101,101,1.0,NA,,
103,103,3.0,EMEA,,
123,123,3.0,EMEA,,
146,146,1.0,NA,,
147,147,1.0,NA,,
168,168,1.0,NA,,
177,177,1.0,NA,,
178,178,4.0,AP,,
179,179,4.0,AP,,
180,180,,,,
187,187,1.0,NA,,
326,326,3.0,EMEA,,
334,334,1.0,NA,,
334,334,2.0,LA,,
334,334,3.0,EMEA,,
334,334,4.0,AP,,
335,335,1.0,NA,,
335,335,2.0,LA,,
335,335,3.0,EMEA,,
335,335,4.0,AP,,
336,336,1.0,NA,,
341,341,,,,
361,361,1.0,NA,,
361,361,2.0,LA,,
361,361,3.0,EMEA,,
361,361,4.0,AP,,
381,381,1.0,NA,,
381,381,2.0,LA,,
381,381,3.0,EMEA,,
381,381,4.0,AP,,
424,424,,,,
427,427,,,,
430,430,,,,
444,444,,,,
448,448,,,,
462,462,3.0,EMEA,,
467,467,3.0,EMEA,,
502,502,1.0,NA,55.0,Chem Bayport
505,505,1.0,NA,57.0,Chem Houston
530,530,1.0,NA,,
546,546,1.0,NA,56.0,Chem Beaumont
562,562,,,,
601,601,1.0,NA,,
602,602,1.0,NA,,
603,603,1.0,NA,,
605,605,1.0,NA,,
643,643,1.0,NA,3.0,Topeka
643,643,4.0,AP,,
643,643,1.0,NA,,
643,643,4.0,AP,42.0,Nippon Giant
6,6,1.0,NA,,
26,26,1.0,NA,56.0,Chem Beaumont
30,30,1.0,NA,55.0,Chem Bayport
30,30,1.0,NA,56.0,Chem Beaumont
30,30,1.0,NA,57.0,Chem Houston
30,30,1.0,NA,58.0,Chem Niagara Falls
32,32,1.0,NA,,
102,102,1.0,NA,,
102,102,2.0,LA,,
102,102,3.0,EMEA,,
102,102,4.0,AP,,
108,108,3.0,EMEA,,
121,121,3.0,EMEA,,
124,124,3.0,EMEA,,
126,126,3.0,EMEA,,
132,132,1.0,NA,,
132,132,2.0,LA,,
132,132,3.0,EMEA,,
132,132,4.0,AP,,
133,133,3.0,EMEA,,
141,141,1.0,NA,,
142,142,1.0,NA,,
144,144,1.0,NA,,
148,148,1.0,NA,,
149,149,1.0,NA,,
161,161,1.0,NA,,
165,165,1.0,NA,,
167,167,1.0,NA,,
169,169,1.0,NA,,
221,221,,,,
263,263,3.0,EMEA,,
264,264,3.0,EMEA,,
266,266,3.0,EMEA,,
329,329,3.0,EMEA,,
332,332,1.0,NA,,
332,332,2.0,LA,,
332,332,3.0,EMEA,,
332,332,4.0,AP,,
401,401,1.0,NA,,
401,401,2.0,LA,,
401,401,3.0,EMEA,,
401,401,4.0,AP,,
421,421,,,,
429,429,1.0,NA,,
432,432,1.0,NA,,
432,432,2.0,LA,,
432,432,3.0,EMEA,,
432,432,4.0,AP,,
433,433,2.0,LA,30.0,Americana
435,435,1.0,NA,,
435,435,2.0,LA,,
435,435,3.0,EMEA,,
435,435,4.0,AP,,
436,436,,,,
443,443,,,,
445,445,,,,
447,447,,,,
501,501,1.0,NA,,
506,506,1.0,NA,56.0,Chem Beaumont
521,521,1.0,NA,,
525,525,1.0,NA,,
527,527,1.0,NA,,
528,528,1.0,NA,,
541,541,,,,
581,581,1.0,NA,,
581,581,2.0,LA,,
581,581,3.0,EMEA,,
581,581,4.0,AP,,
582,582,1.0,NA,,
582,582,2.0,LA,,
582,582,3.0,EMEA,,
582,582,4.0,AP,,
583,583,1.0,NA,,
583,583,2.0,LA,,
583,583,3.0,EMEA,,
583,583,4.0,AP,,
1,1,1.0,NA,,
2,2,1.0,NA,,
33,33,1.0,NA,,
34,34,3.0,EMEA,,
35,36,1.0,NA,,
42,42,1.0,NA,,
43,43,1.0,NA,,
44,44,1.0,NA,,
45,45,1.0,NA,,
45,45,2.0,LA,,
45,45,3.0,EMEA,,
45,45,4.0,AP,,
105,105,3.0,EMEA,,
106,106,3.0,EMEA,,
122,122,3.0,EMEA,,
125,125,3.0,EMEA,,
127,127,1.0,NA,,
129,129,1.0,NA,,
130,130,1.0,NA,,
145,145,1.0,NA,,
164,164,1.0,NA,,
182,182,1.0,NA,,
182,182,2.0,LA,,
182,182,3.0,EMEA,,
182,182,4.0,AP,,
184,184,1.0,NA,,
242,242,3.0,EMEA,,
243,243,3.0,EMEA,,
244,244,3.0,EMEA,,
261,261,3.0,EMEA,,
323,323,3.0,EMEA,,
324,324,3.0,EMEA,,
330,330,1.0,NA,,
337,337,1.0,NA,,
337,337,2.0,LA,,
337,337,3.0,EMEA,,
337,337,4.0,AP,,
362,362,1.0,NA,,
362,362,2.0,LA,,
362,362,3.0,EMEA,,
362,362,4.0,AP,,
363,363,1.0,NA,,
364,364,1.0,NA,,
364,364,2.0,LA,,
364,364,3.0,EMEA,,
364,364,4.0,AP,,
422,422,,,,
431,431,,,,
437,437,,,,
441,441,,,,
446,446,,,,
461,461,3.0,EMEA,,
503,503,1.0,NA,,
504,504,1.0,NA,,
522,522,1.0,NA,,
531,531,1.0,NA,,
544,544,3.0,EMEA,,
547,547,1.0,NA,,
548,548,1.0,NA,,
550,550,1.0,NA,,
584,584,1.0,NA,,
604,604,1.0,NA,,
607,607,1.0,NA,,
608,608,1.0,NA,,
3,3,2.0,LA,,
7,7,1.0,NA,,
7,7,2.0,LA,,
21,21,1.0,NA,,
23,23,,,,
27,27,1.0,NA,,
27,27,2.0,LA,,
27,27,3.0,EMEA,,
27,27,4.0,AP,,
36,38,3.0,EMEA,,
37,39,1.0,NA,,
41,41,1.0,NA,,
41,41,2.0,LA,,
41,41,3.0,EMEA,,
41,41,4.0,AP,,
163,163,1.0,NA,,
166,166,1.0,NA,,
181,181,4.0,AP,,
301,301,1.0,NA,,
301,301,2.0,LA,,
302,302,3.0,EMEA,,
327,327,3.0,EMEA,,
328,328,3.0,EMEA,,
333,333,1.0,NA,,
425,425,,,,
439,439,,,,
440,440,1.0,NA,,
449,449,,,,
463,463,3.0,EMEA,,
481,481,1.0,NA,4.0,Union City
526,526,1.0,NA,,
529,529,1.0,NA,,
542,542,1.0,NA,,
549,549,1.0,NA,,
585,585,1.0,NA,,
585,585,2.0,LA,,
585,585,3.0,EMEA,,
585,585,4.0,AP,,
606,606,1.0,NA,,
609,609,1.0,NA,,
610,610,1.0,NA,,
611,611,1.0,NA,,
612,612,1.0,NA,,
621,621,1.0,NA,,
641,641,1.0,NA,,
641,641,2.0,LA,,
641,641,3.0,EMEA,,
641,641,4.0,AP,,
642,642,3.0,EMEA,,
644,644,1.0,NA,,
644,644,2.0,LA,,
644,644,3.0,EMEA,,
644,644,4.0,AP,,
645,645,1.0,NA,,
645,645,2.0,LA,,
645,645,3.0,EMEA,,
645,645,4.0,AP,,
646,646,1.0,NA,,
646,646,2.0,LA,,
646,646,3.0,EMEA,,
646,646,4.0,AP,,
647,647,1.0,NA,,
647,647,2.0,LA,,
647,647,3.0,EMEA,,
647,647,4.0,AP,,
648,648,1.0,NA,,
648,648,2.0,LA,,
648,648,3.0,EMEA,,
648,648,4.0,AP,,
649,649,1.0,NA,,
649,649,2.0,LA,,
649,649,3.0,EMEA,,
649,649,4.0,AP,,
650,650,,,,
651,651,1.0,NA,,
661,661,1.0,NA,16.0,Buffalo / Tonawanda
662,662,1.0,NA,,
662,662,2.0,LA,,
662,662,3.0,EMEA,,
662,662,4.0,AP,,
681,681,1.0,NA,,
682,682,1.0,NA,,
683,683,1.0,NA,,
811,811,1.0,NA,,
811,811,2.0,LA,,
811,811,3.0,EMEA,,
811,811,4.0,AP,,
861,861,,,,
873,873,1.0,NA,,
873,873,2.0,LA,,
874,874,1.0,NA,,
888,888,,,,
944,944,1.0,NA,,
944,944,2.0,LA,,
944,944,3.0,EMEA,,
944,944,4.0,AP,,
945,945,3.0,EMEA,,
1062,1062,1.0,NA,,
1081,1081,4.0,AP,,
1164,1164,3.0,EMEA,,
1222,1222,1.0,NA,,
1222,1222,2.0,LA,,
1222,1222,3.0,EMEA,,
1222,1222,4.0,AP,,
1301,1301,3.0,EMEA,,
1444,1444,1.0,NA,,
1473,1473,1.0,NA,,
1473,1473,2.0,LA,,
1473,1473,3.0,EMEA,,
1473,1473,4.0,AP,,
1505,1505,1.0,NA,,
1506,1506,1.0,NA,,
1506,1506,2.0,LA,,
1506,1506,3.0,EMEA,,
1506,1506,4.0,AP,,
1508,1508,1.0,NA,,
1508,1508,2.0,LA,,
1508,1508,3.0,EMEA,,
1508,1508,4.0,AP,,
1585,1585,,,,
1821,1821,1.0,NA,,
1845,1845,3.0,EMEA,,
1869,1869,4.0,AP,,
2009,2009,1.0,NA,,
2010,2010,1.0,NA,,
2041,2041,1.0,NA,,
2041,2041,2.0,LA,,
2041,2041,3.0,EMEA,,
2041,2041,4.0,AP,,
2081,2081,1.0,NA,,
2141,2141,1.0,NA,,
2144,2144,1.0,NA,,
2201,2201,1.0,NA,,
2201,2201,2.0,LA,,
2201,2201,3.0,EMEA,,
2201,2201,4.0,AP,,
2202,2202,1.0,NA,,
2202,2202,2.0,LA,,
2202,2202,3.0,EMEA,,
2202,2202,4.0,AP,,
2229,2229,1.0,NA,,
2229,2229,2.0,LA,,
2229,2229,3.0,EMEA,,
2229,2229,4.0,AP,,
2236,2236,1.0,NA,,
2236,2236,2.0,LA,,
2236,2236,3.0,EMEA,,
2236,2236,4.0,AP,,
2265,2265,1.0,NA,,
2265,2265,2.0,LA,,
2265,2265,3.0,EMEA,27.0,South Africa
2265,2265,4.0,AP,,
2269,2269,1.0,NA,,
2269,2269,2.0,LA,,
2269,2269,3.0,EMEA,,
2269,2269,4.0,AP,,
2283,2283,1.0,NA,,
2321,2321,3.0,EMEA,,
2341,2341,1.0,NA,,
2341,2341,2.0,LA,,
2341,2341,3.0,EMEA,,
2341,2341,4.0,AP,,
2342,2342,1.0,NA,,
2342,2342,2.0,LA,,
2342,2342,3.0,EMEA,,
2342,2342,4.0,AP,,
2343,2343,1.0,NA,,
2343,2343,2.0,LA,,
2343,2343,3.0,EMEA,,
2343,2343,4.0,AP,,
2344,2344,1.0,NA,,
2344,2344,2.0,LA,,
2344,2344,3.0,EMEA,,
2344,2344,4.0,AP,,
2345,2345,1.0,NA,,
2345,2345,2.0,LA,,
2345,2345,3.0,EMEA,,
2345,2345,4.0,AP,,
2346,2346,1.0,NA,,
2346,2346,2.0,LA,,
2346,2346,3.0,EMEA,,
2346,2346,4.0,AP,,
2347,2347,1.0,NA,,
2347,2347,2.0,LA,,
2347,2347,3.0,EMEA,,
2347,2347,4.0,AP,,
2348,2348,1.0,NA,,
2348,2348,2.0,LA,,
2348,2348,3.0,EMEA,,
2348,2348,4.0,AP,,
2349,2349,1.0,NA,,
2349,2349,2.0,LA,,
2349,2349,3.0,EMEA,,
2349,2349,4.0,AP,,
2350,2350,1.0,NA,,
2350,2350,2.0,LA,,
2350,2350,3.0,EMEA,,
2350,2350,4.0,AP,,
2351,2351,1.0,NA,,
2351,2351,2.0,LA,,
2351,2351,3.0,EMEA,,
2351,2351,4.0,AP,,
2352,2352,1.0,NA,,
2352,2352,2.0,LA,,
2352,2352,3.0,EMEA,,
2352,2352,4.0,AP,,
702,702,1.0,NA,,
722,722,,,,
724,725,3.0,EMEA,26.0,Fulda
781,781,3.0,EMEA,,
803,803,1.0,NA,,
803,803,2.0,LA,,
803,803,3.0,EMEA,,
803,803,4.0,AP,,
814,814,1.0,NA,,
814,814,2.0,LA,,
814,814,3.0,EMEA,,
814,814,4.0,AP,,
815,815,1.0,NA,,
815,815,2.0,LA,,
815,815,3.0,EMEA,,
815,815,4.0,AP,,
866,866,1.0,NA,,
866,866,2.0,LA,,
866,866,3.0,EMEA,,
866,866,4.0,AP,,
868,868,1.0,NA,,
869,869,,,,
904,904,1.0,NA,,
904,904,2.0,LA,,
904,904,3.0,EMEA,,
904,904,4.0,AP,,
1003,1003,1.0,NA,,
1022,1022,1.0,NA,,
1022,1022,2.0,LA,,
1022,1022,3.0,EMEA,,
1022,1022,4.0,AP,,
1203,1203,1.0,NA,57.0,Chem Houston
1341,1341,1.0,NA,,
1341,1341,2.0,LA,,
1341,1341,3.0,EMEA,,
1341,1341,4.0,AP,47.0,Indonesia
1347,1347,1.0,NA,,
1347,1347,2.0,LA,,
1347,1347,3.0,EMEA,,
1347,1347,4.0,AP,,
1510,1510,1.0,NA,,
1510,1510,2.0,LA,,
1510,1510,3.0,EMEA,,
1510,1510,4.0,AP,,
1521,1521,1.0,NA,,
1521,1521,2.0,LA,,
1521,1521,3.0,EMEA,,
1521,1521,4.0,AP,,
1584,1584,1.0,NA,,
1645,1645,1.0,NA,,
1721,1721,1.0,NA,,
2003,2003,1.0,NA,,
2017,2017,1.0,NA,,
2086,2086,1.0,NA,,
2086,2086,2.0,LA,,
2086,2086,3.0,EMEA,,
2086,2086,4.0,AP,,
2123,2123,3.0,EMEA,,
2125,2125,3.0,EMEA,,
2205,2205,1.0,NA,,
2205,2205,2.0,LA,,
2205,2205,3.0,EMEA,,
2205,2205,4.0,AP,,
2206,2206,1.0,NA,,
2206,2206,2.0,LA,,
2206,2206,3.0,EMEA,,
2206,2206,4.0,AP,,
2210,2210,1.0,NA,,
2210,2210,2.0,LA,,
2210,2210,3.0,EMEA,,
2210,2210,4.0,AP,,
2223,2223,3.0,EMEA,27.0,South Africa
2224,2224,1.0,NA,,
2224,2224,2.0,LA,,
2224,2224,3.0,EMEA,,
2224,2224,4.0,AP,,
2225,2225,1.0,NA,,
2228,2228,1.0,NA,,
2228,2228,2.0,LA,,
2228,2228,3.0,EMEA,,
2228,2228,4.0,AP,,
2237,2237,1.0,NA,,
2237,2237,2.0,LA,,
2237,2237,3.0,EMEA,,
2237,2237,4.0,AP,,
2238,2238,1.0,NA,,
2238,2238,2.0,LA,,
2238,2238,3.0,EMEA,,
2238,2238,4.0,AP,,
2241,2241,1.0,NA,,
2241,2241,2.0,LA,,
2241,2241,3.0,EMEA,,
2241,2241,4.0,AP,,
2243,2243,1.0,NA,,
2243,2243,2.0,LA,,
2243,2243,3.0,EMEA,,
2243,2243,4.0,AP,,
2245,2245,1.0,NA,,
2245,2245,2.0,LA,,
2245,2245,3.0,EMEA,,
2245,2245,4.0,AP,,
2262,2262,1.0,NA,,
2262,2262,2.0,LA,,
2262,2262,3.0,EMEA,,
2262,2262,4.0,AP,,
2263,2263,1.0,NA,,
2263,2263,2.0,LA,,
2263,2263,3.0,EMEA,,
2263,2263,4.0,AP,,
2264,2264,1.0,NA,,
2264,2264,2.0,LA,,
2264,2264,3.0,EMEA,,
2264,2264,4.0,AP,,
2272,2272,1.0,NA,,
2272,2272,2.0,LA,,
2272,2272,3.0,EMEA,,
2272,2272,4.0,AP,,
2273,2273,1.0,NA,,
2273,2273,2.0,LA,,
2273,2273,3.0,EMEA,,
2273,2273,4.0,AP,,
2277,2277,3.0,EMEA,,
2278,2278,3.0,EMEA,,
2281,2281,3.0,EMEA,,
2301,2301,1.0,NA,,
2301,2301,2.0,LA,,
2301,2301,3.0,EMEA,,
2301,2301,4.0,AP,,
2302,2302,1.0,NA,,
2302,2302,2.0,LA,,
2302,2302,3.0,EMEA,,
2302,2302,4.0,AP,,
721,721,2.0,LA,,
807,807,1.0,NA,,
807,807,2.0,LA,,
807,807,3.0,EMEA,,
807,807,4.0,AP,,
841,841,,,,
872,872,,,,
883,883,1.0,NA,,
883,883,2.0,LA,,
883,883,3.0,EMEA,,
883,883,4.0,AP,,
884,884,1.0,NA,,
884,884,2.0,LA,,
884,884,3.0,EMEA,,
884,884,4.0,AP,,
885,885,1.0,NA,,
885,885,2.0,LA,,
885,885,3.0,EMEA,,
885,885,4.0,AP,,
941,941,1.0,NA,,
941,941,2.0,LA,,
941,941,3.0,EMEA,23.0,Adapazari
941,941,4.0,AP,,
941,941,1.0,NA,,
941,941,2.0,LA,,
941,941,3.0,EMEA,25.0,Izmit
941,941,4.0,AP,,
1002,1002,,,,
1045,1045,1.0,NA,,
1047,1047,1.0,NA,,
1050,1050,1.0,NA,,
1051,1051,1.0,NA,,
1052,1052,1.0,NA,,
1053,1053,1.0,NA,,
1054,1054,1.0,NA,,
1221,1221,3.0,EMEA,,
1223,1223,1.0,NA,,
1242,1242,2.0,LA,,
1322,1322,1.0,NA,,
1362,1362,1.0,NA,,
1362,1362,2.0,LA,,
1362,1362,3.0,EMEA,,
1362,1362,4.0,AP,,
1363,1363,1.0,NA,,
1401,1401,1.0,NA,1.0,Danville
1441,1441,1.0,NA,,
1442,1442,1.0,NA,,
1501,1501,1.0,NA,,
1501,1501,2.0,LA,,
1501,1501,3.0,EMEA,,
1501,1501,4.0,AP,,
1561,1561,1.0,NA,,
1581,1581,4.0,AP,,
1583,1583,1.0,NA,,
1681,1681,1.0,NA,55.0,Chem Bayport
1742,1742,3.0,EMEA,,
1802,1802,3.0,EMEA,,
1846,1846,3.0,EMEA,,
1867,1867,3.0,EMEA,,
1881,1881,1.0,NA,,
1921,1921,1.0,NA,,
1921,1921,2.0,LA,,
1921,1921,3.0,EMEA,,
1921,1921,4.0,AP,,
1981,1981,1.0,NA,,
1981,1981,2.0,LA,,
1981,1981,3.0,EMEA,,
1981,1981,4.0,AP,,
2013,2013,1.0,NA,,
2016,2016,1.0,NA,,
2063,2063,1.0,NA,,
2087,2087,1.0,NA,,
2087,2087,2.0,LA,,
2087,2087,3.0,EMEA,,
2087,2087,4.0,AP,,
2104,2104,,,,
2230,2230,1.0,NA,,
2230,2230,2.0,LA,,
2230,2230,3.0,EMEA,,
2230,2230,4.0,AP,,
2231,2231,1.0,NA,,
2231,2231,2.0,LA,,
2231,2231,3.0,EMEA,,
2231,2231,4.0,AP,,
2232,2232,1.0,NA,,
2232,2232,2.0,LA,,
2232,2232,3.0,EMEA,,
2232,2232,4.0,AP,,
2234,2234,1.0,NA,,
2234,2234,2.0,LA,,
2234,2234,3.0,EMEA,,
2234,2234,4.0,AP,,
741,741,1.0,NA,,
806,806,1.0,NA,,
806,806,2.0,LA,,
806,806,3.0,EMEA,,
806,806,4.0,AP,,
810,810,1.0,NA,,
810,810,2.0,LA,,
810,810,3.0,EMEA,23.0,Adapazari
810,810,4.0,AP,,
810,810,1.0,NA,,
810,810,2.0,LA,,
810,810,3.0,EMEA,25.0,Izmit
810,810,4.0,AP,,
862,862,1.0,NA,,
862,862,2.0,LA,,
862,862,3.0,EMEA,,
862,862,4.0,AP,,
867,867,1.0,NA,,
867,867,2.0,LA,,
867,867,3.0,EMEA,,
867,867,4.0,AP,,
870,870,1.0,NA,,
871,871,,,,
902,902,1.0,NA,,
902,902,2.0,LA,,
902,902,3.0,EMEA,,
902,902,4.0,AP,,
921,921,3.0,EMEA,,
942,942,1.0,NA,,
942,942,2.0,LA,,
942,942,3.0,EMEA,,
942,942,4.0,AP,,
1044,1044,1.0,NA,,
1046,1046,1.0,NA,,
1057,1057,1.0,NA,,
1061,1061,1.0,NA,,
1061,1061,2.0,LA,,
1061,1061,3.0,EMEA,,
1061,1061,4.0,AP,,
1101,1101,,,,
1162,1162,3.0,EMEA,,
1163,1163,3.0,EMEA,,
1201,1201,3.0,EMEA,,
1204,1204,3.0,EMEA,,
1323,1323,1.0,NA,,
1346,1346,1.0,NA,,
1346,1346,2.0,LA,,
1346,1346,3.0,EMEA,,
1346,1346,4.0,AP,,
1443,1443,1.0,NA,,
1462,1462,4.0,AP,47.0,Indonesia
1511,1511,1.0,NA,,
1511,1511,2.0,LA,,
1511,1511,3.0,EMEA,,
1511,1511,4.0,AP,,
1641,1641,1.0,NA,,
1643,1643,,,,
1743,1743,1.0,NA,,
1743,1743,2.0,LA,,
1743,1743,3.0,EMEA,,
1743,1743,4.0,AP,,
1801,1801,3.0,EMEA,,
1941,1941,1.0,NA,,
2015,2015,1.0,NA,,
2018,2018,1.0,NA,,
2021,2021,1.0,NA,,
2021,2021,2.0,LA,,
2021,2021,3.0,EMEA,,
2021,2021,4.0,AP,,
2022,2022,1.0,NA,,
2022,2022,2.0,LA,,
2022,2022,3.0,EMEA,,
2022,2022,4.0,AP,,
2023,2023,1.0,NA,,
2023,2023,2.0,LA,,
2023,2023,3.0,EMEA,,
2023,2023,4.0,AP,,
2024,2024,1.0,NA,,
2024,2024,2.0,LA,,
2024,2024,3.0,EMEA,,
2024,2024,4.0,AP,,
2025,2025,1.0,NA,,
2025,2025,2.0,LA,,
2025,2025,3.0,EMEA,,
2025,2025,4.0,AP,,
2102,2102,1.0,NA,,
2102,2102,2.0,LA,,
2102,2102,3.0,EMEA,,
2102,2102,4.0,AP,,
2162,2162,1.0,NA,,
2162,2162,2.0,LA,,
2162,2162,3.0,EMEA,,
2162,2162,4.0,AP,,
2181,2181,1.0,NA,,
2181,2181,2.0,LA,,
2181,2181,3.0,EMEA,,
2181,2181,4.0,AP,,
2208,2208,1.0,NA,,
2208,2208,2.0,LA,,
2208,2208,3.0,EMEA,,
2208,2208,4.0,AP,,
2226,2226,1.0,NA,,
2226,2226,2.0,LA,,
2226,2226,3.0,EMEA,,
2226,2226,4.0,AP,,
2227,2227,1.0,NA,,
2227,2227,2.0,LA,,
2227,2227,3.0,EMEA,,
2227,2227,4.0,AP,,
2244,2244,1.0,NA,,
2244,2244,2.0,LA,,
2244,2244,3.0,EMEA,,
2244,2244,4.0,AP,,
2267,2267,1.0,NA,,
2267,2267,2.0,LA,,
2267,2267,3.0,EMEA,,
2267,2267,4.0,AP,,
701,701,1.0,NA,,
701,701,2.0,LA,,
701,701,3.0,EMEA,,
701,701,4.0,AP,,
723,724,,,,
802,802,1.0,NA,,
802,802,2.0,LA,,
802,802,3.0,EMEA,,
802,802,4.0,AP,,
805,805,1.0,NA,,
805,805,2.0,LA,,
805,805,3.0,EMEA,,
805,805,4.0,AP,,
809,809,1.0,NA,,
809,809,2.0,LA,,
809,809,3.0,EMEA,,
809,809,4.0,AP,,
812,812,1.0,NA,,
812,812,2.0,LA,,
812,812,3.0,EMEA,,
812,812,4.0,AP,,
813,813,1.0,NA,,
813,813,2.0,LA,,
813,813,3.0,EMEA,,
813,813,4.0,AP,,
824,824,1.0,NA,,
824,824,2.0,LA,,
824,824,3.0,EMEA,,
824,824,4.0,AP,,
864,864,1.0,NA,,
864,864,2.0,LA,,
864,864,3.0,EMEA,,
864,864,4.0,AP,,
903,903,1.0,NA,,
903,903,2.0,LA,,
903,903,3.0,EMEA,,
903,903,4.0,AP,,
947,947,4.0,AP,,
1001,1001,,,,
1048,1048,1.0,NA,,
1049,1049,1.0,NA,,
1224,1224,1.0,NA,,
1321,1321,,,,
1342,1342,1.0,NA,,
1342,1342,2.0,LA,,
1342,1342,3.0,EMEA,,
1342,1342,4.0,AP,,
1344,1344,1.0,NA,,
1344,1344,2.0,LA,,
1344,1344,3.0,EMEA,,
1344,1344,4.0,AP,,
1345,1345,1.0,NA,,
1345,1345,2.0,LA,,
1345,1345,3.0,EMEA,,
1345,1345,4.0,AP,,
1361,1361,1.0,NA,,
1361,1361,2.0,LA,,
1361,1361,3.0,EMEA,,
1361,1361,4.0,AP,,
1467,1467,1.0,NA,,
1471,1471,,,,
1472,1472,,,,
1481,1481,1.0,NA,,
1481,1481,2.0,LA,,
1481,1481,3.0,EMEA,,
1481,1481,4.0,AP,,
1562,1562,,,,
1622,1622,1.0,NA,,
1644,1644,1.0,NA,55.0,Chem Bayport
1844,1844,3.0,EMEA,,
1861,1861,3.0,EMEA,,
1983,1983,,,,
1985,1985,,,,
2008,2008,1.0,NA,,
2011,2011,1.0,NA,,
2011,2011,2.0,LA,,
2011,2011,3.0,EMEA,,
2011,2011,4.0,AP,,
2014,2014,1.0,NA,,
2103,2103,1.0,NA,,
2103,2103,2.0,LA,,
2103,2103,3.0,EMEA,,
2103,2103,4.0,AP,,
2142,2142,1.0,NA,,
2142,2142,2.0,LA,,
2142,2142,3.0,EMEA,,
2142,2142,4.0,AP,,
2143,2143,1.0,NA,,
2163,2163,1.0,NA,,
2163,2163,2.0,LA,,
2163,2163,3.0,EMEA,,
2163,2163,4.0,AP,,
2209,2209,1.0,NA,,
2209,2209,2.0,LA,,
2209,2209,3.0,EMEA,,
2209,2209,4.0,AP,,
2266,2266,1.0,NA,,
2266,2266,2.0,LA,,
2266,2266,3.0,EMEA,,
2266,2266,4.0,AP,,
2270,2270,1.0,NA,,
2270,2270,2.0,LA,,
2270,2270,3.0,EMEA,,
2270,2270,4.0,AP,,
821,821,1.0,NA,,
821,821,2.0,LA,,
821,821,3.0,EMEA,,
821,821,4.0,AP,,
822,822,1.0,NA,,
822,822,2.0,LA,,
822,822,3.0,EMEA,,
822,822,4.0,AP,,
823,823,1.0,NA,,
823,823,2.0,LA,,
823,823,3.0,EMEA,,
823,823,4.0,AP,,
901,901,1.0,NA,,
901,901,2.0,LA,,
901,901,3.0,EMEA,,
901,901,4.0,AP,,
905,905,1.0,NA,,
905,905,2.0,LA,,
905,905,3.0,EMEA,,
905,905,4.0,AP,,
943,943,4.0,AP,,
946,946,1.0,NA,,
946,946,2.0,LA,,
946,946,3.0,EMEA,,
946,946,4.0,AP,,
961,961,1.0,NA,,
961,961,2.0,LA,,
961,961,3.0,EMEA,,
961,961,4.0,AP,,
1004,1004,1.0,NA,,
1021,1021,,,,
1063,1063,1.0,NA,,
1121,1121,1.0,NA,,
1121,1121,2.0,LA,,
1121,1121,3.0,EMEA,,
1121,1121,4.0,AP,,
1181,1181,,,,
1202,1202,3.0,EMEA,,
1243,1243,1.0,NA,,
1243,1243,2.0,LA,,
1243,1243,3.0,EMEA,,
1243,1243,4.0,AP,,
1264,1264,1.0,NA,,
1264,1264,2.0,LA,,
1264,1264,3.0,EMEA,,
1264,1264,4.0,AP,,
1381,1381,3.0,EMEA,,
1463,1463,1.0,NA,,
1468,1468,1.0,NA,,
1469,1469,1.0,NA,,
1469,1469,2.0,LA,,
1469,1469,3.0,EMEA,,
1469,1469,4.0,AP,,
1470,1470,,,,
1507,1507,1.0,NA,,
1507,1507,2.0,LA,,
1507,1507,3.0,EMEA,,
1507,1507,4.0,AP,,
1513,1513,1.0,NA,,
1744,1744,1.0,NA,,
1744,1744,2.0,LA,,
1744,1744,3.0,EMEA,,
1744,1744,4.0,AP,,
1761,1761,3.0,EMEA,,
1781,1781,3.0,EMEA,,
1841,1841,3.0,EMEA,,
1842,1842,3.0,EMEA,18.0,Debica
1843,1843,3.0,EMEA,,
1868,1868,3.0,EMEA,18.0,Debica
1942,1942,1.0,NA,,
1943,1943,1.0,NA,,
1945,1945,1.0,NA,,
1947,1947,1.0,NA,,
2062,2062,1.0,NA,,
2101,2101,,,,
2122,2122,3.0,EMEA,,
2204,2204,1.0,NA,,
2204,2204,2.0,LA,,
2204,2204,3.0,EMEA,,
2204,2204,4.0,AP,,
2221,2221,2.0,LA,35.0,Peru
2261,2261,1.0,NA,,
2261,2261,2.0,LA,,
2261,2261,3.0,EMEA,,
2261,2261,4.0,AP,,
2271,2271,,,,
2275,2275,3.0,EMEA,,
801,801,3.0,EMEA,,
804,804,1.0,NA,,
804,804,2.0,LA,,
804,804,3.0,EMEA,,
804,804,4.0,AP,,
825,825,1.0,NA,,
825,825,2.0,LA,,
825,825,3.0,EMEA,,
825,825,4.0,AP,,
826,826,1.0,NA,,
826,826,2.0,LA,,
826,826,3.0,EMEA,,
863,863,1.0,NA,,
863,863,2.0,LA,,
863,863,3.0,EMEA,,
863,863,4.0,AP,,
865,865,1.0,NA,,
865,865,2.0,LA,,
865,865,3.0,EMEA,,
865,865,4.0,AP,,
881,881,1.0,NA,,
881,881,2.0,LA,,
881,881,3.0,EMEA,,
881,881,4.0,AP,,
882,882,1.0,NA,,
882,882,2.0,LA,,
882,882,3.0,EMEA,,
882,882,4.0,AP,,
886,886,,,,
887,887,,,,
981,981,1.0,NA,,
981,981,2.0,LA,,
981,981,3.0,EMEA,,
981,981,4.0,AP,,
1023,1023,1.0,NA,,
1023,1023,2.0,LA,,
1023,1023,3.0,EMEA,,
1023,1023,4.0,AP,,
1056,1056,1.0,NA,,
1141,1141,1.0,NA,,
1143,1143,1.0,NA,,
1143,1143,2.0,LA,,
1143,1143,3.0,EMEA,,
1143,1143,4.0,AP,,
1241,1241,1.0,NA,,
1261,1261,3.0,EMEA,,
1262,1262,1.0,NA,,
1262,1262,2.0,LA,,
1263,1263,2.0,LA,,
1461,1461,4.0,AP,47.0,Indonesia
1512,1512,1.0,NA,,
1512,1512,2.0,LA,,
1512,1512,3.0,EMEA,,
1512,1512,4.0,AP,,
1541,1541,1.0,NA,,
1541,1541,2.0,LA,,
1541,1541,3.0,EMEA,,
1541,1541,4.0,AP,,
1582,1582,4.0,AP,,
1601,1601,1.0,NA,,
1621,1621,1.0,NA,,
1623,1623,1.0,NA,,
1661,1661,,,,
1682,1682,1.0,NA,,
1682,1682,2.0,LA,,
1682,1682,3.0,EMEA,,
1682,1682,4.0,AP,,
1961,1961,,,,
2001,2001,3.0,EMEA,,
2061,2061,1.0,NA,,
2083,2083,1.0,NA,,
2083,2083,2.0,LA,,
2083,2083,3.0,EMEA,,
2083,2083,4.0,AP,,
2084,2084,1.0,NA,,
2084,2084,2.0,LA,,
2084,2084,3.0,EMEA,,
2084,2084,4.0,AP,,
2085,2085,3.0,EMEA,,
2203,2203,1.0,NA,,
2203,2203,2.0,LA,,
2203,2203,3.0,EMEA,,
2203,2203,4.0,AP,,
2207,2207,1.0,NA,,
2207,2207,2.0,LA,,
2207,2207,3.0,EMEA,,
2207,2207,4.0,AP,,
2222,2222,1.0,NA,8.0,Lawton
2233,2233,2.0,LA,,
2235,2235,1.0,NA,,
2235,2235,2.0,LA,,
2235,2235,3.0,EMEA,,
2235,2235,4.0,AP,,
2239,2239,1.0,NA,,
2239,2239,2.0,LA,,
2239,2239,3.0,EMEA,,
2239,2239,4.0,AP,,
2240,2240,1.0,NA,,
2240,2240,2.0,LA,,
2240,2240,3.0,EMEA,,
2240,2240,4.0,AP,,
2268,2268,1.0,NA,,
2268,2268,2.0,LA,,
2268,2268,3.0,EMEA,,
2268,2268,4.0,AP,,
2276,2276,3.0,EMEA,,
2279,2279,1.0,NA,,
2279,2279,2.0,LA,,
2279,2279,3.0,EMEA,,
2279,2279,4.0,AP,,
2280,2280,1.0,NA,,
2280,2280,2.0,LA,,
2280,2280,3.0,EMEA,,
2280,2280,4.0,AP,,
703,703,3.0,EMEA,,
742,742,1.0,NA,,
743,743,1.0,NA,,
743,743,2.0,LA,,
743,743,3.0,EMEA,,
743,743,4.0,AP,,
761,761,1.0,NA,,
761,761,2.0,LA,,
761,761,3.0,EMEA,,
761,761,4.0,AP,,
808,808,1.0,NA,,
808,808,2.0,LA,,
808,808,3.0,EMEA,,
808,808,4.0,AP,,
827,827,1.0,NA,,
827,827,2.0,LA,,
827,827,3.0,EMEA,,
827,827,4.0,AP,,
962,962,1.0,NA,,
982,982,1.0,NA,,
982,982,2.0,LA,,
982,982,3.0,EMEA,,
982,982,4.0,AP,,
983,983,1.0,NA,,
984,984,1.0,NA,,
985,985,1.0,NA,,
986,986,1.0,NA,,
987,987,1.0,NA,,
988,988,1.0,NA,,
989,989,1.0,NA,,
990,990,1.0,NA,,
991,991,1.0,NA,,
992,992,1.0,NA,,
993,993,1.0,NA,,
993,993,2.0,LA,,
993,993,3.0,EMEA,,
993,993,4.0,AP,,
1055,1055,1.0,NA,,
1058,1058,1.0,NA,,
1102,1102,,,,
1103,1103,,,,
1281,1281,1.0,NA,,
1343,1343,1.0,NA,,
1343,1343,2.0,LA,,
1343,1343,3.0,EMEA,49.0,Montlucon
1343,1343,4.0,AP,,
1421,1421,,,,
1464,1464,4.0,AP,47.0,Indonesia
1465,1465,1.0,NA,,
1466,1466,1.0,NA,,
1502,1502,1.0,NA,,
1502,1502,2.0,LA,,
1502,1502,3.0,EMEA,,
1502,1502,4.0,AP,,
1503,1503,1.0,NA,,
1504,1504,1.0,NA,,
1504,1504,2.0,LA,,
1504,1504,3.0,EMEA,,
1504,1504,4.0,AP,,
1509,1509,1.0,NA,,
1509,1509,2.0,LA,,
1509,1509,3.0,EMEA,,
1509,1509,4.0,AP,,
1602,1602,1.0,NA,55.0,Chem Bayport
1701,1701,1.0,NA,,
1701,1701,2.0,LA,,
1701,1701,3.0,EMEA,,
1701,1701,4.0,AP,,
1741,1741,1.0,NA,,
1901,1901,1.0,NA,,
1901,1901,2.0,LA,,
1901,1901,3.0,EMEA,,
1901,1901,4.0,AP,,
1962,1962,2.0,LA,,
1984,1984,3.0,EMEA,,
2002,2002,,,,
2082,2082,1.0,NA,,
2082,2082,2.0,LA,,
2082,2082,3.0,EMEA,,
2082,2082,4.0,AP,,
2121,2121,3.0,EMEA,,
2124,2124,3.0,EMEA,,
2126,2126,1.0,NA,,
2242,2242,1.0,NA,,
2242,2242,2.0,LA,,
2242,2242,3.0,EMEA,,
2242,2242,4.0,AP,,
2246,2246,1.0,NA,,
2246,2246,2.0,LA,,
2246,2246,3.0,EMEA,,
2246,2246,4.0,AP,,
2274,2274,1.0,NA,,
2274,2274,2.0,LA,,
2274,2274,3.0,EMEA,,
2274,2274,4.0,AP,,
2282,2282,3.0,EMEA,,
2355,2355,1.0,NA,,
2355,2355,2.0,LA,,
2355,2355,3.0,EMEA,,
2355,2355,4.0,AP,,
2397,2397,1.0,NA,,
2397,2397,2.0,LA,,
2397,2397,3.0,EMEA,,
2397,2397,4.0,AP,,
2422,2422,1.0,NA,,
2422,2422,2.0,LA,,
2422,2422,3.0,EMEA,,
2422,2422,4.0,AP,,
2525,2525,1.0,NA,,
2525,2525,2.0,LA,,
2525,2525,3.0,EMEA,,
2525,2525,4.0,AP,,
2662,2662,1.0,NA,,
2744,2744,,,,
2781,2781,1.0,NA,,
2842,2842,4.0,AP,,
3044,3044,,,,
3103,3103,1.0,NA,,
3122,3122,1.0,NA,,
3124,3124,1.0,NA,,
3143,3143,1.0,NA,,
3202,3202,1.0,NA,,
3261,3261,1.0,NA,,
3261,3261,2.0,LA,,
3261,3261,3.0,EMEA,,
3261,3261,4.0,AP,,
3282,3282,,,,
3421,3421,3.0,EMEA,,
3464,3464,3.0,EMEA,,
3624,3624,1.0,NA,,
3624,3624,2.0,LA,,
3624,3624,3.0,EMEA,,
3624,3624,4.0,AP,,
3641,3641,1.0,NA,56.0,Chem Beaumont
3644,3644,,,,
3645,3645,,,,
3650,3650,1.0,NA,,
3650,3650,2.0,LA,,
3650,3650,3.0,EMEA,,
3650,3650,4.0,AP,,
3661,3661,1.0,NA,,
3661,3661,2.0,LA,,
3661,3661,3.0,EMEA,,
3661,3661,4.0,AP,,
3667,3667,4.0,AP,,
3669,3669,1.0,NA,,
3669,3669,2.0,LA,,
3669,3669,3.0,EMEA,,
3669,3669,4.0,AP,,
3672,3672,3.0,EMEA,49.0,Montlucon
3673,3673,3.0,EMEA,49.0,Montlucon
3674,3674,3.0,EMEA,49.0,Montlucon
3742,3742,1.0,NA,,
3742,3742,2.0,LA,,
3742,3742,3.0,EMEA,,
3742,3742,4.0,AP,,
3743,3743,2.0,LA,,
3745,3745,3.0,EMEA,50.0,Hanau
3747,3747,3.0,EMEA,,
3748,3748,3.0,EMEA,,
3749,3749,3.0,EMEA,,
3761,3761,1.0,NA,,
3762,3762,,,,
3782,3782,4.0,AP,,
3783,3783,1.0,NA,,
3783,3783,2.0,LA,,
3783,3783,3.0,EMEA,,
3783,3783,4.0,AP,,
3821,3821,1.0,NA,,
3822,3822,1.0,NA,,
3823,3823,1.0,NA,,
3824,3824,1.0,NA,,
3824,3824,2.0,LA,,
3824,3824,3.0,EMEA,,
3824,3824,4.0,AP,,
2387,2387,2.0,LA,,
2389,2389,1.0,NA,,
2389,2389,2.0,LA,,
2389,2389,3.0,EMEA,,
2389,2389,4.0,AP,,
2396,2396,1.0,NA,,
2396,2396,2.0,LA,,
2396,2396,3.0,EMEA,,
2396,2396,4.0,AP,,
2421,2421,1.0,NA,,
2421,2421,2.0,LA,,
2421,2421,3.0,EMEA,,
2421,2421,4.0,AP,,
2523,2523,1.0,NA,,
2641,2641,,,,
2783,2783,1.0,NA,,
2783,2783,2.0,LA,,
2783,2783,3.0,EMEA,,
2783,2783,4.0,AP,,
2823,2823,1.0,NA,,
2886,2886,1.0,NA,4.0,Union City
2888,2888,,,,
3001,3001,,,,
3043,3043,,,,
3123,3123,1.0,NA,,
3123,3123,2.0,LA,,
3123,3123,3.0,EMEA,,
3123,3123,4.0,AP,,
3209,3209,1.0,NA,,
3211,3211,1.0,NA,,
3441,3441,1.0,NA,,
3601,3601,1.0,NA,,
3647,3647,,,,
3683,3683,3.0,EMEA,21.0,Luxembourg
3684,3684,3.0,EMEA,21.0,Luxembourg
3685,3685,3.0,EMEA,21.0,Luxembourg
3687,3687,3.0,EMEA,21.0,Luxembourg
3688,3688,3.0,EMEA,50.0,Hanau
3689,3689,3.0,EMEA,50.0,Hanau
3690,3690,3.0,EMEA,51.0,Wittlich
3695,3695,3.0,EMEA,50.0,Hanau
3698,3698,3.0,EMEA,51.0,Wittlich
3701,3701,3.0,EMEA,51.0,Wittlich
3702,3702,,,,
3703,3703,3.0,EMEA,51.0,Wittlich
3704,3704,3.0,EMEA,51.0,Wittlich
3741,3741,3.0,EMEA,,
3744,3744,2.0,LA,33.0,Colombia
3746,3746,3.0,EMEA,50.0,Hanau
3801,3801,1.0,NA,,
3841,3841,2.0,LA,,
3861,3861,1.0,NA,,
3861,3861,2.0,LA,,
3861,3861,3.0,EMEA,,
3861,3861,4.0,AP,,
3882,3882,3.0,EMEA,,
3882,3882,4.0,AP,44.0,Dalian
3883,3883,3.0,EMEA,,
3883,3883,4.0,AP,,
3884,3884,3.0,EMEA,26.0,Fulda
3884,3884,4.0,AP,,
3885,3885,3.0,EMEA,,
3885,3885,4.0,AP,,
3886,3886,3.0,EMEA,,
3886,3886,4.0,AP,46.0,Aurangabad
3887,3887,3.0,EMEA,,
3887,3887,4.0,AP,,
3888,3888,3.0,EMEA,51.0,Wittlich
3890,3890,4.0,AP,,
2383,2383,1.0,NA,,
2383,2383,2.0,LA,,
2383,2383,3.0,EMEA,,
2383,2383,4.0,AP,,
2384,2384,1.0,NA,,
2384,2384,2.0,LA,,
2384,2384,3.0,EMEA,,
2384,2384,4.0,AP,,
2385,2385,1.0,NA,,
2385,2385,2.0,LA,,
2385,2385,3.0,EMEA,,
2385,2385,4.0,AP,,
2391,2391,1.0,NA,,
2391,2391,2.0,LA,,
2391,2391,3.0,EMEA,,
2391,2391,4.0,AP,,
2402,2402,1.0,NA,,
2403,2403,4.0,AP,,
2424,2424,1.0,NA,,
2424,2424,2.0,LA,,
2424,2424,3.0,EMEA,,
2424,2424,4.0,AP,,
2462,2462,,,,
2583,2583,,,,
2602,2602,,,,
2603,2603,1.0,NA,,
2603,2603,2.0,LA,,
2603,2603,3.0,EMEA,50.0,Hanau
2603,2603,4.0,AP,,
2621,2621,1.0,NA,,
2621,2621,2.0,LA,,
2621,2621,3.0,EMEA,,
2621,2621,4.0,AP,,
2661,2661,1.0,NA,,
2723,2723,1.0,NA,,
2723,2723,2.0,LA,,
2723,2723,3.0,EMEA,,
2723,2723,4.0,AP,,
2741,2741,,,,
2784,2784,1.0,NA,,
2784,2784,2.0,LA,,
2784,2784,3.0,EMEA,,
2784,2784,4.0,AP,,
2802,2802,1.0,NA,,
2866,2866,1.0,NA,,
2866,2866,2.0,LA,,
2866,2866,3.0,EMEA,,
2866,2866,4.0,AP,,
2885,2885,3.0,EMEA,18.0,Debica
2901,2901,1.0,NA,,
2901,2901,2.0,LA,,
2901,2901,3.0,EMEA,,
2901,2901,4.0,AP,,
2903,2903,1.0,NA,,
2904,2904,1.0,NA,,
2907,2907,1.0,NA,,
2943,2943,1.0,NA,,
2981,2981,2.0,LA,,
2984,2984,1.0,NA,,
3022,3022,1.0,NA,,
3102,3102,1.0,NA,,
3102,3102,2.0,LA,,
3102,3102,3.0,EMEA,,
3102,3102,4.0,AP,,
3142,3142,1.0,NA,,
3181,3181,3.0,EMEA,,
3203,3203,4.0,AP,,
3205,3205,1.0,NA,,
3212,3212,1.0,NA,,
3221,3221,1.0,NA,,
3221,3221,2.0,LA,,
3221,3221,3.0,EMEA,,
3221,3221,4.0,AP,,
3241,3241,1.0,NA,,
3241,3241,2.0,LA,,
3241,3241,3.0,EMEA,,
3241,3241,4.0,AP,,
3461,3461,3.0,EMEA,23.0,Adapazari
3482,3482,3.0,EMEA,24.0,Sava
3522,3522,3.0,EMEA,28.0,Wolverhampton
2363,2363,1.0,NA,,
2363,2363,2.0,LA,,
2363,2363,3.0,EMEA,,
2363,2363,4.0,AP,,
2701,2701,3.0,EMEA,,
2721,2721,1.0,NA,,
2721,2721,2.0,LA,,
2721,2721,3.0,EMEA,,
2721,2721,4.0,AP,,
2724,2724,2.0,LA,31.0,Sao Paulo
2743,2743,,,,
2881,2881,,,,
2884,2884,1.0,NA,,
2941,2941,1.0,NA,,
2941,2941,2.0,LA,,
2941,2941,3.0,EMEA,52.0,Fuerstenwalde
2941,2941,4.0,AP,,
2983,2983,4.0,AP,,
3045,3045,,,,
3047,3047,,,,
3049,3049,,,,
3051,3051,,,,
3161,3161,3.0,EMEA,,
3302,3302,,,,
3501,3501,1.0,NA,,
3501,3501,2.0,LA,,
3502,3502,1.0,NA,,
3502,3502,2.0,LA,,
3502,3502,3.0,EMEA,,
3502,3502,4.0,AP,,
3504,3504,1.0,NA,,
3504,3504,2.0,LA,,
3504,3504,3.0,EMEA,,
3504,3504,4.0,AP,,
3505,3505,1.0,NA,,
3507,3507,1.0,NA,,
3508,3508,1.0,NA,,
3561,3561,3.0,EMEA,,
3562,3562,1.0,NA,,
3621,3621,1.0,NA,,
3621,3621,2.0,LA,,
3621,3621,3.0,EMEA,,
3621,3621,4.0,AP,,
3622,3622,1.0,NA,,
3622,3622,2.0,LA,,
3622,3622,3.0,EMEA,,
3622,3622,4.0,AP,,
3623,3623,1.0,NA,,
3623,3623,2.0,LA,,
3623,3623,3.0,EMEA,,
3623,3623,4.0,AP,,
3649,3649,1.0,NA,57.0,Chem Houston
3662,3662,,,,
3666,3666,,,,
3677,3677,3.0,EMEA,49.0,Montlucon
3679,3679,3.0,EMEA,21.0,Luxembourg
3682,3682,1.0,NA,,
3682,3682,2.0,LA,,
3682,3682,3.0,EMEA,,
3682,3682,4.0,AP,,
3691,3691,3.0,EMEA,50.0,Hanau
3692,3692,3.0,EMEA,50.0,Hanau
3693,3693,3.0,EMEA,50.0,Hanau
3694,3694,3.0,EMEA,50.0,Hanau
3696,3696,3.0,EMEA,50.0,Hanau
3697,3697,3.0,EMEA,51.0,Wittlich
3705,3705,1.0,NA,,
3705,3705,2.0,LA,,
3705,3705,3.0,EMEA,,
3705,3705,4.0,AP,,
3721,3721,1.0,NA,,
3781,3781,1.0,NA,,
3781,3781,2.0,LA,,
3781,3781,3.0,EMEA,,
3781,3781,4.0,AP,,
3889,3889,3.0,EMEA,,
3891,3891,1.0,NA,,
3891,3891,2.0,LA,,
3891,3891,3.0,EMEA,,
3891,3891,4.0,AP,,
3892,3892,3.0,EMEA,,
3892,3892,4.0,AP,,
3893,3893,4.0,AP,,
3901,3901,1.0,NA,,
3902,3902,1.0,NA,,
3903,3903,1.0,NA,,
2360,2360,1.0,NA,,
2360,2360,2.0,LA,,
2360,2360,3.0,EMEA,,
2360,2360,4.0,AP,,
2382,2382,1.0,NA,,
2382,2382,2.0,LA,,
2382,2382,3.0,EMEA,,
2382,2382,4.0,AP,,
2388,2388,1.0,NA,,
2388,2388,2.0,LA,,
2388,2388,3.0,EMEA,,
2388,2388,4.0,AP,,
2394,2394,1.0,NA,,
2394,2394,2.0,LA,,
2394,2394,3.0,EMEA,18.0,Debica
2394,2394,4.0,AP,,
2395,2395,1.0,NA,,
2395,2395,2.0,LA,,
2395,2395,3.0,EMEA,,
2395,2395,4.0,AP,,
2398,2398,1.0,NA,,
2398,2398,2.0,LA,,
2398,2398,3.0,EMEA,,
2398,2398,4.0,AP,,
2562,2562,,,,
2563,2563,1.0,NA,,
2582,2582,3.0,EMEA,,
2622,2622,4.0,AP,,
2681,2681,2.0,LA,,
2742,2742,,,,
2861,2861,,,,
2864,2864,,,,
2865,2865,,,,
2890,2890,,,,
2905,2905,1.0,NA,,
2906,2906,1.0,NA,,
2921,2921,1.0,NA,,
2921,2921,2.0,LA,,
2921,2921,3.0,EMEA,,
2921,2921,4.0,AP,,
3046,3046,,,,
3048,3048,,,,
3052,3052,,,,
3061,3061,1.0,NA,,
3081,3081,3.0,EMEA,,
3082,3082,,,,
3101,3101,1.0,NA,,
3101,3101,2.0,LA,,
3101,3101,3.0,EMEA,,
3101,3101,4.0,AP,,
3121,3121,1.0,NA,,
3206,3206,1.0,NA,,
3242,3242,1.0,NA,,
3242,3242,2.0,LA,,
3242,3242,3.0,EMEA,,
3242,3242,4.0,AP,,
3321,3321,1.0,NA,16.0,Buffalo / Tonawanda
3381,3381,1.0,NA,,
3384,3384,,,,
3509,3509,1.0,NA,,
3510,3510,1.0,NA,,
3510,3510,2.0,LA,,
3510,3510,3.0,EMEA,,
3510,3510,4.0,AP,,
3521,3521,1.0,NA,,
3521,3521,2.0,LA,,
3521,3521,3.0,EMEA,,
3521,3521,4.0,AP,,
3581,3581,1.0,NA,,
3581,3581,2.0,LA,,
3581,3581,3.0,EMEA,,
3581,3581,4.0,AP,,
3642,3642,1.0,NA,,
3642,3642,2.0,LA,,
3643,3643,1.0,NA,,
3643,3643,2.0,LA,,
3643,3643,3.0,EMEA,,
3643,3643,4.0,AP,,
3664,3664,,,,
3665,3665,,,,
3668,3668,4.0,AP,,
3670,3670,1.0,NA,56.0,Chem Beaumont
2358,2358,1.0,NA,,
2358,2358,2.0,LA,,
2358,2358,3.0,EMEA,,
2358,2358,4.0,AP,,
2386,2386,1.0,NA,,
2386,2386,2.0,LA,,
2386,2386,3.0,EMEA,,
2393,2393,3.0,EMEA,23.0,Adapazari
2393,2393,3.0,EMEA,25.0,Izmit
2401,2401,3.0,EMEA,,
2423,2423,1.0,NA,,
2423,2423,2.0,LA,,
2423,2423,3.0,EMEA,,
2423,2423,4.0,AP,,
2441,2441,1.0,NA,,
2441,2441,2.0,LA,,
2441,2441,3.0,EMEA,,
2441,2441,4.0,AP,,
2561,2561,3.0,EMEA,,
2642,2642,1.0,NA,,
2762,2762,1.0,NA,,
2803,2803,1.0,NA,,
2804,2804,1.0,NA,,
2805,2805,1.0,NA,,
2862,2862,,,,
2863,2863,,,,
2882,2882,,,,
2889,2889,,,,
2902,2902,1.0,NA,,
2942,2942,3.0,EMEA,,
2961,2961,1.0,NA,,
2961,2961,2.0,LA,,
2961,2961,3.0,EMEA,,
2961,2961,4.0,AP,,
2962,2962,1.0,NA,,
2962,2962,2.0,LA,,
2962,2962,3.0,EMEA,,
2962,2962,4.0,AP,,
2982,2982,2.0,LA,,
3021,3021,1.0,NA,,
3021,3021,2.0,LA,,
3021,3021,3.0,EMEA,,
3021,3021,4.0,AP,,
3050,3050,,,,
3141,3141,1.0,NA,,
3201,3201,1.0,NA,,
3325,3325,,,,
3341,3341,1.0,NA,58.0,Chem Niagara Falls
3344,3344,2.0,LA,,
3344,3344,3.0,EMEA,,
3344,3344,4.0,AP,,
3382,3382,1.0,NA,,
3383,3383,1.0,NA,,
3401,3401,3.0,EMEA,,
3443,3443,,,,
3462,3462,3.0,EMEA,25.0,Izmit
3463,3463,3.0,EMEA,27.0,South Africa
3465,3465,1.0,NA,,
3465,3465,2.0,LA,,
3465,3465,3.0,EMEA,,
3465,3465,4.0,AP,,
3506,3506,1.0,NA,,
3675,3675,3.0,EMEA,49.0,Montlucon
3676,3676,3.0,EMEA,49.0,Montlucon
3678,3678,3.0,EMEA,49.0,Montlucon
3680,3680,3.0,EMEA,21.0,Luxembourg
3681,3681,1.0,NA,,
3681,3681,2.0,LA,,
3681,3681,3.0,EMEA,,
3681,3681,4.0,AP,,
2353,2353,1.0,NA,,
2353,2353,2.0,LA,,
2353,2353,3.0,EMEA,,
2353,2353,4.0,AP,,
2354,2354,1.0,NA,,
2354,2354,2.0,LA,,
2354,2354,3.0,EMEA,,
2354,2354,4.0,AP,,
2356,2356,1.0,NA,,
2356,2356,2.0,LA,,
2356,2356,3.0,EMEA,,
2356,2356,4.0,AP,,
2357,2357,3.0,EMEA,,
2359,2359,1.0,NA,,
2359,2359,2.0,LA,,
2359,2359,3.0,EMEA,,
2359,2359,4.0,AP,,
2361,2361,1.0,NA,,
2361,2361,2.0,LA,,
2361,2361,3.0,EMEA,,
2361,2361,4.0,AP,,
2362,2362,1.0,NA,,
2362,2362,2.0,LA,,
2362,2362,3.0,EMEA,,
2362,2362,4.0,AP,,
2364,2364,1.0,NA,,
2364,2364,2.0,LA,,
2364,2364,3.0,EMEA,,
2364,2364,4.0,AP,,
2381,2381,3.0,EMEA,,
2390,2390,1.0,NA,,
2390,2390,2.0,LA,,
2390,2390,3.0,EMEA,,
2390,2390,4.0,AP,,
2392,2392,1.0,NA,,
2392,2392,2.0,LA,,
2392,2392,3.0,EMEA,,
2392,2392,4.0,AP,,
2425,2425,1.0,NA,,
2425,2425,2.0,LA,,
2425,2425,3.0,EMEA,,
2425,2425,4.0,AP,,
2461,2461,1.0,NA,,
2481,2481,1.0,NA,,
2481,2481,2.0,LA,,
2481,2481,3.0,EMEA,,
2481,2481,4.0,AP,,
2501,2501,1.0,NA,,
2501,2501,2.0,LA,,
2501,2501,3.0,EMEA,,
2501,2501,4.0,AP,,
2522,2522,1.0,NA,,
2524,2524,1.0,NA,,
2524,2524,2.0,LA,,
2524,2524,3.0,EMEA,,
2524,2524,4.0,AP,,
2541,2541,3.0,EMEA,,
2541,2541,4.0,AP,,
2581,2581,3.0,EMEA,,
2722,2722,3.0,EMEA,,
2761,2761,1.0,NA,,
2782,2782,1.0,NA,,
2782,2782,2.0,LA,,
2782,2782,3.0,EMEA,,
2782,2782,4.0,AP,,
2801,2801,1.0,NA,,
2801,2801,2.0,LA,,
2801,2801,3.0,EMEA,,
2801,2801,4.0,AP,,
2821,2821,1.0,NA,58.0,Chem Niagara Falls
2822,2822,3.0,EMEA,,
2841,2841,1.0,NA,,
2841,2841,2.0,LA,,
2841,2841,3.0,EMEA,,
2841,2841,4.0,AP,,
2883,2883,1.0,NA,,
3041,3041,1.0,NA,,
3042,3042,,,,
3204,3204,4.0,AP,,
3207,3207,4.0,AP,,
3210,3210,1.0,NA,,
3213,3213,1.0,NA,,
3214,3214,,,,
3215,3215,,,,
3281,3281,,,,
3481,3481,3.0,EMEA,51.0,Wittlich
3541,3541,1.0,NA,,
3646,3646,,,,
3648,3648,,,,
3663,3663,,,,
3671,3671,2.0,LA,,
3686,3686,3.0,EMEA,50.0,Hanau
3699,3699,3.0,EMEA,51.0,Wittlich
3700,3700,3.0,EMEA,51.0,Wittlich
3923,3923,1.0,NA,,
3923,3923,2.0,LA,,
3923,3923,3.0,EMEA,,
3923,3923,4.0,AP,,
3961,3961,1.0,NA,,
3962,3962,3.0,EMEA,,
3981,3981,1.0,NA,,
3981,3981,2.0,LA,,
3981,3981,3.0,EMEA,,
3981,3981,4.0,AP,,
3985,3985,1.0,NA,,
3985,3985,2.0,LA,,
3985,3985,3.0,EMEA,,
3985,3985,4.0,AP,,
4061,4061,1.0,NA,,
4061,4061,2.0,LA,,
4061,4061,3.0,EMEA,,
4061,4061,4.0,AP,,
4205,4205,,,,
4261,4261,1.0,NA,,
4281,4281,1.0,NA,,
4282,4282,1.0,NA,,
4283,4283,1.0,NA,,
4284,4284,1.0,NA,,
4285,4285,1.0,NA,,
4325,4325,1.0,NA,,
4325,4325,2.0,LA,,
4325,4325,3.0,EMEA,,
4325,4325,4.0,AP,,
4327,4327,1.0,NA,,
4327,4327,2.0,LA,,
4327,4327,3.0,EMEA,,
4327,4327,4.0,AP,,
4328,4328,1.0,NA,,
4328,4328,2.0,LA,,
4328,4328,3.0,EMEA,,
4328,4328,4.0,AP,,
4329,4329,1.0,NA,,
4329,4329,2.0,LA,,
4329,4329,3.0,EMEA,,
4329,4329,4.0,AP,,
4343,4343,1.0,NA,,
4345,4345,1.0,NA,,
4361,4361,1.0,NA,,
4361,4361,2.0,LA,,
4361,4361,3.0,EMEA,,
4361,4361,4.0,AP,42.0,Nippon Giant
4362,4362,3.0,EMEA,,
4404,4404,1.0,NA,8.0,Lawton
4405,4405,1.0,NA,4.0,Union City
4406,4406,1.0,NA,1.0,Danville
4407,4407,,,,
4421,4421,4.0,AP,,
4481,4481,1.0,NA,,
4483,4483,1.0,NA,,
4484,4484,3.0,EMEA,,
4601,4601,1.0,NA,,
4602,4602,1.0,NA,,
4604,4604,3.0,EMEA,,
4606,4606,3.0,EMEA,,
4625,4625,1.0,NA,,
4641,4641,1.0,NA,56.0,Chem Beaumont
4801,4801,1.0,NA,,
4825,4825,1.0,NA,,
4941,4941,1.0,NA,,
4964,4964,1.0,NA,,
4965,4965,1.0,NA,,
4981,4981,1.0,NA,,
5065,5065,1.0,NA,,
5081,5081,1.0,NA,,
5103,5103,1.0,NA,,
5165,5165,1.0,NA,,
3941,3941,1.0,NA,,
3941,3941,2.0,LA,,
3941,3941,3.0,EMEA,,
3941,3941,4.0,AP,,
4001,4001,3.0,EMEA,,
4164,4164,1.0,NA,,
4185,4185,1.0,NA,,
4185,4185,2.0,LA,,
4185,4185,3.0,EMEA,,
4185,4185,4.0,AP,,
4186,4186,1.0,NA,,
4186,4186,2.0,LA,,
4186,4186,3.0,EMEA,,
4186,4186,4.0,AP,,
4202,4202,,,,
4243,4243,1.0,NA,,
4243,4243,2.0,LA,,
4243,4243,3.0,EMEA,,
4243,4243,4.0,AP,,
4322,4322,1.0,NA,,
4341,4341,1.0,NA,,
4402,4402,3.0,EMEA,,
4409,4409,1.0,NA,,
4409,4409,2.0,LA,,
4409,4409,3.0,EMEA,,
4409,4409,4.0,AP,,
4461,4461,4.0,AP,,
4603,4603,1.0,NA,,
4605,4605,3.0,EMEA,,
4821,4821,1.0,NA,,
4944,4944,,,,
5021,5021,,,,
5186,5186,1.0,NA,,
5203,5203,,,,
5321,5321,1.0,NA,,
5381,5381,1.0,NA,,
5381,5381,2.0,LA,,
5381,5381,3.0,EMEA,,
5381,5381,4.0,AP,,
5403,5403,2.0,LA,,
5422,5422,1.0,NA,1.0,Danville
5461,5461,1.0,NA,,
3924,3924,1.0,NA,,
3924,3924,2.0,LA,,
3924,3924,3.0,EMEA,,
3924,3924,4.0,AP,,
4323,4323,1.0,NA,,
4323,4323,2.0,LA,,
4323,4323,3.0,EMEA,,
4323,4323,4.0,AP,,
4326,4326,1.0,NA,,
4326,4326,2.0,LA,,
4326,4326,3.0,EMEA,,
4326,4326,4.0,AP,,
4342,4342,3.0,EMEA,,
4383,4383,3.0,EMEA,18.0,Debica
4583,4583,1.0,NA,,
4623,4623,,,,
4761,4761,1.0,NA,,
4781,4781,1.0,NA,,
5141,5141,1.0,NA,,
5141,5141,2.0,LA,,
5141,5141,3.0,EMEA,,
5141,5141,4.0,AP,,
5162,5162,1.0,NA,,
5162,5162,2.0,LA,,
5162,5162,3.0,EMEA,,
5162,5162,4.0,AP,,
5163,5163,1.0,NA,,
5163,5163,2.0,LA,,
5163,5163,3.0,EMEA,,
5163,5163,4.0,AP,,
5182,5182,1.0,NA,,
5185,5185,1.0,NA,,
5204,5204,,,,
5281,5281,2.0,LA,,
5281,5281,4.0,AP,,
5343,5343,3.0,EMEA,,
5423,5423,1.0,NA,1.0,Danville
3942,3942,1.0,NA,,
3942,3942,2.0,LA,,
3942,3942,3.0,EMEA,,
3942,3942,4.0,AP,,
3963,3963,3.0,EMEA,,
4041,4041,3.0,EMEA,,
4101,4101,3.0,EMEA,,
4101,4101,4.0,AP,,
4181,4181,1.0,NA,,
4182,4182,1.0,NA,,
4206,4206,,,,
4221,4221,1.0,NA,,
4621,4621,,,,
4626,4626,1.0,NA,,
4627,4627,1.0,NA,,
4681,4681,3.0,EMEA,,
4721,4721,2.0,LA,30.0,Americana
4881,4881,1.0,NA,,
4881,4881,2.0,LA,,
4881,4881,3.0,EMEA,,
4881,4881,4.0,AP,,
4962,4962,1.0,NA,,
4966,4966,1.0,NA,,
4967,4967,1.0,NA,,
5061,5061,,,,
5062,5062,2.0,LA,,
5062,5062,3.0,EMEA,,
5062,5062,4.0,AP,,
5066,5066,1.0,NA,,
5187,5187,1.0,NA,,
5222,5222,1.0,NA,3.0,Topeka
5301,5301,1.0,NA,,
5301,5301,2.0,LA,,
5301,5301,3.0,EMEA,,
5301,5301,4.0,AP,,
5322,5322,1.0,NA,,
5322,5322,2.0,LA,,
5322,5322,3.0,EMEA,,
5322,5322,4.0,AP,,
5323,5323,1.0,NA,,
5323,5323,2.0,LA,,
5323,5323,3.0,EMEA,,
5323,5323,4.0,AP,,
5341,5341,3.0,EMEA,25.0,Izmit
5361,5361,1.0,NA,,
5404,5404,1.0,NA,,
5404,5404,2.0,LA,,
5404,5404,3.0,EMEA,,
5404,5404,4.0,AP,,
5421,5421,2.0,LA,,
3904,3904,1.0,NA,,
3922,3922,1.0,NA,,
3922,3922,2.0,LA,,
3922,3922,3.0,EMEA,,
3922,3922,4.0,AP,,
3926,3926,3.0,EMEA,,
3926,3926,4.0,AP,,
3927,3927,3.0,EMEA,,
3927,3927,4.0,AP,,
3943,3943,,,,
3984,3984,1.0,NA,,
3984,3984,2.0,LA,,
3984,3984,3.0,EMEA,,
3984,3984,4.0,AP,,
4081,4081,2.0,LA,31.0,Sao Paulo
4121,4121,1.0,NA,,
4167,4168,1.0,NA,,
4204,4204,,,,
4321,4321,1.0,NA,,
4321,4321,2.0,LA,,
4321,4321,3.0,EMEA,,
4321,4321,4.0,AP,,
4344,4344,1.0,NA,,
4403,4403,1.0,NA,5.0,Fayetteville
4408,4408,2.0,LA,30.0,Americana
4501,4501,1.0,NA,,
4521,4521,1.0,NA,56.0,Chem Beaumont
4521,4521,2.0,LA,,
4521,4521,3.0,EMEA,,
4521,4521,4.0,AP,,
4522,4522,1.0,NA,,
4522,4522,2.0,LA,,
4522,4522,3.0,EMEA,,
4522,4522,4.0,AP,,
4541,4541,1.0,NA,,
4823,4823,1.0,NA,,
4841,4841,,,,
4882,4882,1.0,NA,,
4882,4882,2.0,LA,,
4882,4882,3.0,EMEA,,
4882,4882,4.0,AP,,
4961,4961,1.0,NA,16.0,Buffalo / Tonawanda
4968,4968,1.0,NA,,
4969,4969,2.0,LA,30.0,Americana
5063,5063,3.0,EMEA,,
5121,5121,,,,
5122,5122,1.0,NA,,
5161,5161,2.0,LA,,
5202,5202,,,,
5242,5242,1.0,NA,,
5243,5243,1.0,NA,,
5401,5401,2.0,LA,,
5402,5402,2.0,LA,,
5462,5462,1.0,NA,,
5463,5463,1.0,NA,,
5464,5464,1.0,NA,,
5465,5465,1.0,NA,,
3983,3983,1.0,NA,,
3983,3983,2.0,LA,,
3983,3983,3.0,EMEA,,
3983,3983,4.0,AP,,
4021,4021,,,,
4042,4042,1.0,NA,,
4042,4042,2.0,LA,,
4042,4042,3.0,EMEA,,
4042,4042,4.0,AP,,
4161,4161,1.0,NA,,
4183,4183,1.0,NA,,
4184,4184,1.0,NA,,
4207,4207,,,,
4324,4324,1.0,NA,,
4324,4324,2.0,LA,,
4324,4324,3.0,EMEA,,
4324,4324,4.0,AP,,
4381,4381,4.0,AP,40.0,Thailand
4382,4382,4.0,AP,37.0,Malaysia
4441,4441,1.0,NA,,
4462,4462,4.0,AP,,
4581,4581,1.0,NA,,
4582,4582,1.0,NA,,
4661,4661,1.0,NA,,
4701,4701,4.0,AP,,
5001,5001,,,,
5002,5002,,,,
5164,5164,1.0,NA,,
5166,5166,1.0,NA,,
5166,5166,2.0,LA,,
5166,5166,3.0,EMEA,,
5166,5166,4.0,AP,,
5205,5205,1.0,NA,,
5205,5205,2.0,LA,,
5205,5205,4.0,AP,,
5241,5241,1.0,NA,,
5262,5262,1.0,NA,,
5342,5342,3.0,EMEA,25.0,Izmit
5424,5424,1.0,NA,1.0,Danville
5521,5521,1.0,NA,,
5523,5523,1.0,NA,,
3921,3921,1.0,NA,,
3921,3921,2.0,LA,,
3921,3921,3.0,EMEA,,
3921,3921,4.0,AP,,
3925,3925,1.0,NA,,
3925,3925,2.0,LA,,
3925,3925,3.0,EMEA,,
3925,3925,4.0,AP,,
3982,3982,1.0,NA,,
3982,3982,2.0,LA,,
3982,3982,3.0,EMEA,,
3982,3982,4.0,AP,,
4165,4165,1.0,NA,,
4166,4166,1.0,NA,,
4203,4203,,,,
4208,4208,,,,
4401,4401,3.0,EMEA,23.0,Adapazari
4422,4422,,,,
4442,4442,1.0,NA,,
4442,4442,2.0,LA,,
4442,4442,3.0,EMEA,,
4442,4442,4.0,AP,,
4624,4624,,,,
4861,4861,1.0,NA,,
4903,4903,1.0,NA,,
4903,4903,2.0,LA,,
4903,4903,3.0,EMEA,,
4903,4903,4.0,AP,,
4942,4942,1.0,NA,,
4963,4963,2.0,LA,,
5102,5102,1.0,NA,,
5181,5181,1.0,NA,57.0,Chem Houston
5362,5362,1.0,NA,,
5405,5405,,,,
5425,5425,2.0,LA,30.0,Americana
5522,5522,1.0,NA,,
4062,4062,3.0,EMEA,,
4141,4141,1.0,NA,,
4142,4142,1.0,NA,,
4201,4201,,,,
4301,4301,3.0,EMEA,,
4346,4347,1.0,NA,,
4410,4410,2.0,LA,,
4482,4482,2.0,LA,,
4485,4485,1.0,NA,,
4561,4561,1.0,NA,,
4622,4622,,,,
4682,4682,3.0,EMEA,,
4683,4683,3.0,EMEA,,
4741,4741,1.0,NA,,
4741,4741,2.0,LA,,
4741,4741,3.0,EMEA,,
4741,4741,4.0,AP,,
4802,4802,1.0,NA,,
4802,4802,2.0,LA,,
4802,4802,3.0,EMEA,,
4802,4802,4.0,AP,,
4822,4822,1.0,NA,,
4824,4824,1.0,NA,,
4824,4824,2.0,LA,,
4824,4824,3.0,EMEA,,
4824,4824,4.0,AP,,
4901,4901,,,,
4902,4902,,,,
4921,4921,1.0,NA,57.0,Chem Houston
4943,4943,1.0,NA,,
5041,5041,1.0,NA,,
5041,5041,2.0,LA,,
5041,5041,3.0,EMEA,,
5041,5041,4.0,AP,,
5064,5064,1.0,NA,,
5064,5064,2.0,LA,,
5064,5064,3.0,EMEA,,
5064,5064,4.0,AP,,
5067,5067,1.0,NA,,
5101,5101,3.0,EMEA,,
5201,5201,,,,
5221,5221,3.0,EMEA,21.0,Luxembourg
5261,5261,2.0,LA,,
5261,5261,3.0,EMEA,,
5261,5261,4.0,AP,,
5426,5426,1.0,NA,,
5441,5441,1.0,NA,,
5524,5524,1.0,NA,,
5697,5787,3.0,EMEA,,
5709,5841,3.0,EMEA,,
5724,5946,1.0,NA,,
5741,6061,1.0,NA,,
5741,6061,2.0,LA,,
5741,6061,3.0,EMEA,,
5741,6061,4.0,AP,,
5765,6203,1.0,NA,,
5765,6203,2.0,LA,,
5765,6203,3.0,EMEA,,
5765,6203,4.0,AP,,
5788,6282,1.0,NA,,
5789,6283,1.0,NA,,
5794,6288,2.0,LA,,
5808,6344,3.0,EMEA,26.0,Fulda
5814,6350,3.0,EMEA,24.0,Sava
5840,6424,1.0,NA,,
5840,6424,2.0,LA,,
5843,6427,1.0,NA,,
5844,6428,1.0,NA,,
5845,6429,1.0,NA,,
5878,6564,1.0,NA,,
5878,6564,2.0,LA,,
5878,6564,3.0,EMEA,,
5878,6564,4.0,AP,40.0,Thailand
5879,6565,1.0,NA,,
5879,6565,2.0,LA,,
5879,6565,3.0,EMEA,,
5879,6565,4.0,AP,,
5906,6724,,,,
5918,6768,1.0,NA,,
5918,6768,2.0,LA,,
5918,6768,3.0,EMEA,,
5918,6768,4.0,AP,,
5932,6792,1.0,NA,,
5932,6792,2.0,LA,,
5932,6792,3.0,EMEA,,
5932,6792,4.0,AP,,
5933,6793,1.0,NA,,
5933,6793,2.0,LA,,
5933,6793,3.0,EMEA,,
5933,6793,4.0,AP,,
5951,6831,1.0,NA,,
5951,6831,2.0,LA,,
5951,6831,3.0,EMEA,,
5951,6831,4.0,AP,,
6012,6990,1.0,NA,,
5602,5602,1.0,NA,,
5641,5641,1.0,NA,,
5705,5807,3.0,EMEA,,
5714,5882,1.0,NA,8.0,Lawton
5735,6021,3.0,EMEA,,
5774,6244,1.0,NA,,
5792,6286,1.0,NA,,
5802,6308,3.0,EMEA,27.0,South Africa
5816,6352,3.0,EMEA,23.0,Adapazari
5873,6543,2.0,LA,30.0,Americana
5887,6601,1.0,NA,,
5900,6682,1.0,NA,,
5901,6701,1.0,NA,,
5901,6701,2.0,LA,,
5901,6701,3.0,EMEA,,
5901,6701,4.0,AP,,
5904,6722,1.0,NA,8.0,Lawton
5908,6726,1.0,NA,,
5909,6741,4.0,AP,,
5910,6742,1.0,NA,,
5910,6742,2.0,LA,,
5910,6742,3.0,EMEA,,
5910,6742,4.0,AP,,
5926,6786,1.0,NA,,
5926,6786,2.0,LA,,
5926,6786,3.0,EMEA,,
5926,6786,4.0,AP,,
5934,6794,1.0,NA,,
5934,6794,2.0,LA,,
5934,6794,3.0,EMEA,,
5934,6794,4.0,AP,,
5950,6830,,,,
5969,6923,1.0,NA,,
5971,6925,,,,
5983,6949,1.0,NA,,
5983,6949,2.0,LA,,
5983,6949,3.0,EMEA,,
5983,6949,4.0,AP,,
6013,6991,1.0,NA,,
6014,6992,1.0,NA,,
6017,7001,3.0,EMEA,,
5669,5721,1.0,NA,,
5670,5722,1.0,NA,,
5676,5728,3.0,EMEA,,
5681,5733,3.0,EMEA,,
5682,5734,3.0,EMEA,,
5703,5805,1.0,NA,,
5703,5805,2.0,LA,,
5703,5805,3.0,EMEA,,
5703,5805,4.0,AP,,
5759,6161,,,,
5766,6204,1.0,NA,,
5766,6204,2.0,LA,,
5766,6204,3.0,EMEA,,
5766,6204,4.0,AP,,
5767,6205,1.0,NA,,
5767,6205,2.0,LA,,
5767,6205,3.0,EMEA,,
5767,6205,4.0,AP,,
5777,6247,3.0,EMEA,,
5783,6253,1.0,NA,,
5798,6304,1.0,NA,,
5853,6441,,,,
5861,6449,,,,
5915,6765,1.0,NA,,
5915,6765,2.0,LA,,
5915,6765,3.0,EMEA,,
5915,6765,4.0,AP,,
5922,6782,1.0,NA,,
5922,6782,2.0,LA,,
5922,6782,3.0,EMEA,,
5922,6782,4.0,AP,,
5961,6901,1.0,NA,3.0,Topeka
5961,6901,4.0,AP,,
5961,6901,1.0,NA,,
5961,6901,4.0,AP,42.0,Nippon Giant
5974,6928,1.0,NA,,
5974,6928,2.0,LA,,
5974,6928,3.0,EMEA,,
5974,6928,4.0,AP,,
5976,6942,1.0,NA,,
5976,6942,2.0,LA,,
5976,6942,3.0,EMEA,,
5976,6942,4.0,AP,,
5982,6948,1.0,NA,,
5982,6948,2.0,LA,,
5982,6948,3.0,EMEA,,
5982,6948,4.0,AP,,
5987,6953,1.0,NA,,
5987,6953,2.0,LA,,
5987,6953,3.0,EMEA,,
5987,6953,4.0,AP,,
6008,6986,1.0,NA,,
6022,7042,1.0,NA,,
6022,7042,2.0,LA,,
6022,7042,3.0,EMEA,,
6022,7042,4.0,AP,,
6023,7043,1.0,NA,,
6023,7043,2.0,LA,,
6023,7043,3.0,EMEA,,
6023,7043,4.0,AP,,
6024,7044,1.0,NA,,
6024,7044,2.0,LA,,
6024,7044,3.0,EMEA,,
6024,7044,4.0,AP,,
6025,7045,1.0,NA,,
6025,7045,2.0,LA,,
6025,7045,3.0,EMEA,,
6025,7045,4.0,AP,,
6026,7046,1.0,NA,,
6026,7046,2.0,LA,,
6026,7046,3.0,EMEA,,
6026,7046,4.0,AP,,
6027,7047,1.0,NA,,
6027,7047,2.0,LA,,
6027,7047,3.0,EMEA,,
6027,7047,4.0,AP,,
6030,7062,1.0,NA,,
6030,7062,2.0,LA,,
6030,7062,3.0,EMEA,,
6030,7062,4.0,AP,,
6031,7063,1.0,NA,,
6031,7063,2.0,LA,,
6031,7063,3.0,EMEA,,
6031,7063,4.0,AP,,
5582,5582,2.0,LA,,
5583,5583,,,,
5584,5584,2.0,LA,,
5601,5601,1.0,NA,,
5667,5701,3.0,EMEA,,
5721,5943,1.0,NA,,
5747,6085,1.0,NA,,
5747,6085,2.0,LA,,
5747,6085,3.0,EMEA,,
5747,6085,4.0,AP,,
5750,6102,1.0,NA,,
5761,6181,1.0,NA,8.0,Lawton
5762,6182,1.0,NA,4.0,Union City
5769,6221,,,,
5793,6287,1.0,NA,,
5832,6386,,,,
5882,6568,3.0,EMEA,24.0,Sava
5892,6622,1.0,NA,,
5897,6661,,,,
5907,6725,1.0,NA,14.0,ICM*A
5914,6764,4.0,AP,,
5920,6770,,,,
6004,6982,1.0,NA,,
6011,6989,1.0,NA,,
6029,7061,1.0,NA,,
6029,7061,2.0,LA,,
6029,7061,3.0,EMEA,,
6029,7061,4.0,AP,,
6033,7081,1.0,NA,,
6033,7081,2.0,LA,,
6033,7081,3.0,EMEA,,
6033,7081,4.0,AP,,
6034,7082,1.0,NA,,
6034,7082,2.0,LA,,
6034,7082,3.0,EMEA,,
6034,7082,4.0,AP,,
6035,7083,1.0,NA,,
6035,7083,2.0,LA,,
6035,7083,3.0,EMEA,,
6035,7083,4.0,AP,,
6036,7084,1.0,NA,,
6039,7101,,,,
6040,7102,1.0,NA,,
6043,7105,,,,
6044,7106,,,,
5544,5544,3.0,EMEA,,
5562,5562,1.0,NA,,
5668,5702,3.0,EMEA,,
5689,5763,1.0,NA,,
5729,5981,1.0,NA,,
5738,6042,1.0,NA,3.0,Topeka
5785,6261,3.0,EMEA,,
5819,6355,1.0,NA,,
5875,6561,1.0,NA,,
5875,6561,2.0,LA,,
5875,6561,3.0,EMEA,,
5875,6561,4.0,AP,40.0,Thailand
5888,6602,1.0,NA,,
5912,6762,1.0,NA,16.0,Buffalo / Tonawanda
5912,6762,2.0,LA,,
5912,6762,3.0,EMEA,,
5912,6762,4.0,AP,,
5921,6781,1.0,NA,,
5921,6781,2.0,LA,,
5921,6781,3.0,EMEA,,
5921,6781,4.0,AP,,
5957,6881,3.0,EMEA,,
5957,6881,4.0,AP,,
6021,7041,1.0,NA,,
6021,7041,2.0,LA,,
6021,7041,3.0,EMEA,,
6021,7041,4.0,AP,,
6037,7085,1.0,NA,,
6037,7085,2.0,LA,,
6037,7085,3.0,EMEA,,
6037,7085,4.0,AP,,
6045,7107,,,,
6046,7108,1.0,NA,,
6046,7108,2.0,LA,,
6046,7108,3.0,EMEA,,
6046,7108,4.0,AP,,
6047,7109,1.0,NA,,
6047,7109,2.0,LA,,
6047,7109,3.0,EMEA,,
6047,7109,4.0,AP,,
6048,7110,1.0,NA,,
6048,7110,2.0,LA,,
6048,7110,3.0,EMEA,,
6048,7110,4.0,AP,,
6049,7111,1.0,NA,,
6049,7111,2.0,LA,,
6049,7111,3.0,EMEA,,
6049,7111,4.0,AP,,
6050,7112,1.0,NA,,
6050,7112,2.0,LA,,
6050,7112,3.0,EMEA,,
6050,7112,4.0,AP,,
6051,7121,1.0,NA,,
6051,7121,2.0,LA,,
6051,7121,3.0,EMEA,,
6051,7121,4.0,AP,,
6052,7122,1.0,NA,,
5825,6363,1.0,NA,,
5541,5541,1.0,NA,,
5563,5563,1.0,NA,,
5671,5723,1.0,NA,,
5674,5726,3.0,EMEA,,
5678,5730,3.0,EMEA,,
5679,5731,3.0,EMEA,,
5688,5762,1.0,NA,,
5694,5784,1.0,NA,,
5695,5785,1.0,NA,,
5698,5788,1.0,NA,,
5704,5806,3.0,EMEA,,
5707,5821,1.0,NA,,
5711,5861,1.0,NA,9.0,Medicine Hat
5715,5901,3.0,EMEA,,
5717,5921,3.0,EMEA,,
5719,5941,1.0,NA,,
5720,5942,1.0,NA,,
5728,5962,1.0,NA,,
5730,5982,1.0,NA,,
5586,5586,3.0,EMEA,,
5663,5681,1.0,NA,,
5664,5682,1.0,NA,,
5687,5761,3.0,EMEA,,
5691,5781,1.0,NA,,
5702,5804,1.0,NA,,
5726,5948,4.0,AP,42.0,Nippon Giant
5731,5983,1.0,NA,,
5732,5984,1.0,NA,,
5737,6041,1.0,NA,,
5743,6081,2.0,LA,33.0,Colombia
5745,6083,2.0,LA,33.0,Colombia
5749,6101,1.0,NA,,
5752,6104,1.0,NA,,
5763,6201,1.0,NA,,
5763,6201,2.0,LA,,
5763,6201,3.0,EMEA,,
5763,6201,4.0,AP,,
5764,6202,1.0,NA,,
5764,6202,2.0,LA,,
5764,6202,3.0,EMEA,,
5764,6202,4.0,AP,,
5772,6242,1.0,NA,,
5779,6249,1.0,NA,,
5782,6252,1.0,NA,,
5787,6281,1.0,NA,,
5791,6285,1.0,NA,,
5791,6285,2.0,LA,,
5791,6285,3.0,EMEA,,
5791,6285,4.0,AP,,
5796,6302,1.0,NA,,
5799,6305,1.0,NA,,
5800,6306,1.0,NA,,
5801,6307,3.0,EMEA,52.0,Fuerstenwalde
5806,6342,3.0,EMEA,28.0,Wolverhampton
5807,6343,1.0,NA,,
5823,6361,,,,
5826,6364,1.0,NA,,
5841,6425,1.0,NA,,
5842,6426,1.0,NA,,
5846,6430,1.0,NA,,
5848,6432,1.0,NA,,
5849,6433,1.0,NA,,
5850,6434,2.0,LA,,
5851,6435,2.0,LA,,
5858,6446,,,,
5865,6481,1.0,NA,5.0,Fayetteville
5865,6481,2.0,LA,,
5865,6481,3.0,EMEA,,
5865,6481,4.0,AP,,
5867,6501,1.0,NA,,
5867,6501,2.0,LA,,
5870,6522,,,,
5871,6541,1.0,NA,,
5561,5561,1.0,NA,,
5564,5564,4.0,AP,,
5683,5741,3.0,EMEA,,
5685,5743,3.0,EMEA,,
5686,5744,3.0,EMEA,,
5693,5783,1.0,NA,,
5746,6084,1.0,NA,,
5757,6141,2.0,LA,33.0,Colombia
5810,6346,3.0,EMEA,21.0,Luxembourg
5811,6347,3.0,EMEA,60.0,Birmingham
5815,6351,1.0,NA,16.0,Buffalo / Tonawanda
5821,6357,1.0,NA,,
5847,6431,1.0,NA,,
5866,6482,1.0,NA,,
5877,6563,1.0,NA,3.0,Topeka
5877,6563,2.0,LA,,
5877,6563,3.0,EMEA,,
5877,6563,4.0,AP,,
5883,6581,3.0,EMEA,50.0,Hanau
5884,6582,1.0,NA,14.0,ICM*A
5885,6583,1.0,NA,8.0,Lawton
5893,6623,1.0,NA,,
5893,6623,2.0,LA,,
5893,6623,3.0,EMEA,,
5893,6623,4.0,AP,,
5895,6641,1.0,NA,57.0,Chem Houston
5899,6681,1.0,NA,,
5899,6681,2.0,LA,,
5899,6681,3.0,EMEA,,
5899,6681,4.0,AP,,
5903,6721,1.0,NA,8.0,Lawton
5905,6723,,,,
5911,6761,4.0,AP,,
5913,6763,1.0,NA,,
5913,6763,2.0,LA,,
5913,6763,3.0,EMEA,,
5913,6763,4.0,AP,,
5917,6767,1.0,NA,,
5917,6767,2.0,LA,,
5917,6767,3.0,EMEA,,
5917,6767,4.0,AP,,
5923,6783,1.0,NA,,
5923,6783,2.0,LA,,
5923,6783,3.0,EMEA,,
5923,6783,4.0,AP,,
5924,6784,1.0,NA,,
5924,6784,2.0,LA,,
5924,6784,3.0,EMEA,,
5924,6784,4.0,AP,,
5925,6785,1.0,NA,,
5925,6785,2.0,LA,,
5925,6785,3.0,EMEA,,
5925,6785,4.0,AP,,
5927,6787,1.0,NA,,
5927,6787,2.0,LA,,
5927,6787,3.0,EMEA,,
5927,6787,4.0,AP,,
5928,6788,1.0,NA,,
5928,6788,2.0,LA,,
5928,6788,3.0,EMEA,,
5928,6788,4.0,AP,,
5930,6790,1.0,NA,,
5930,6790,2.0,LA,,
5930,6790,3.0,EMEA,,
5930,6790,4.0,AP,,
5931,6791,1.0,NA,,
5931,6791,2.0,LA,,
5931,6791,3.0,EMEA,,
5931,6791,4.0,AP,,
5935,6795,1.0,NA,,
5935,6795,2.0,LA,,
5935,6795,3.0,EMEA,,
5935,6795,4.0,AP,,
5937,6801,1.0,NA,,
5937,6801,2.0,LA,,
5937,6801,3.0,EMEA,,
5937,6801,4.0,AP,,
5938,6802,1.0,NA,,
5938,6802,2.0,LA,,
5938,6802,3.0,EMEA,,
5938,6802,4.0,AP,,
5939,6803,1.0,NA,,
5939,6803,2.0,LA,,
5939,6803,3.0,EMEA,,
5939,6803,4.0,AP,,
5581,5581,2.0,LA,30.0,Americana
5585,5585,3.0,EMEA,,
5675,5727,3.0,EMEA,,
5677,5729,3.0,EMEA,,
5701,5803,1.0,NA,,
5713,5881,1.0,NA,14.0,ICM*A
5727,5961,1.0,NA,,
5751,6103,1.0,NA,,
5758,6142,1.0,NA,,
5758,6142,2.0,LA,,
5758,6142,3.0,EMEA,,
5758,6142,4.0,AP,,
5771,6241,1.0,NA,,
5809,6345,3.0,EMEA,19.0,Philippsburg
5812,6348,3.0,EMEA,24.0,Sava
5813,6349,1.0,NA,,
5813,6349,2.0,LA,,
5813,6349,3.0,EMEA,,
5813,6349,4.0,AP,,
5817,6353,3.0,EMEA,23.0,Adapazari
5828,6382,,,,
5837,6421,1.0,NA,8.0,Lawton
5837,6421,2.0,LA,,
5837,6421,3.0,EMEA,,
5837,6421,4.0,AP,,
5854,6442,,,,
5919,6769,1.0,NA,,
5919,6769,2.0,LA,,
5919,6769,3.0,EMEA,,
5919,6769,4.0,AP,,
5940,6804,1.0,NA,16.0,Buffalo / Tonawanda
5941,6821,,,,
5942,6822,,,,
5943,6823,1.0,NA,,
5944,6824,,,,
5945,6825,1.0,NA,,
5945,6825,2.0,LA,,
5945,6825,3.0,EMEA,,
5945,6825,4.0,AP,,
5946,6826,1.0,NA,,
5946,6826,2.0,LA,,
5946,6826,3.0,EMEA,,
5946,6826,4.0,AP,,
5947,6827,1.0,NA,,
5947,6827,2.0,LA,,
5947,6827,3.0,EMEA,,
5947,6827,4.0,AP,,
5948,6828,1.0,NA,,
5948,6828,2.0,LA,,
5948,6828,3.0,EMEA,,
5948,6828,4.0,AP,,
5949,6829,1.0,NA,,
5949,6829,2.0,LA,,
5949,6829,3.0,EMEA,,
5949,6829,4.0,AP,,
5953,6841,2.0,LA,36.0,Venezuela
5955,6861,1.0,NA,,
5956,6862,1.0,NA,,
5542,5542,1.0,NA,,
5542,5542,2.0,LA,,
5542,5542,3.0,EMEA,,
5542,5542,4.0,AP,,
5680,5732,3.0,EMEA,,
5725,5947,4.0,AP,42.0,Nippon Giant
5740,6044,1.0,NA,,
5755,6121,3.0,EMEA,,
5778,6248,1.0,NA,,
5780,6250,1.0,NA,,
5781,6251,1.0,NA,,
5790,6284,1.0,NA,,
5803,6321,1.0,NA,,
5805,6341,3.0,EMEA,26.0,Fulda
5820,6356,1.0,NA,,
5830,6384,,,,
5831,6385,,,,
5834,6402,1.0,NA,,
5872,6542,2.0,LA,30.0,Americana
5881,6567,3.0,EMEA,25.0,Izmit
5889,6603,3.0,EMEA,52.0,Fuerstenwalde
5890,6604,3.0,EMEA,49.0,Montlucon
5958,6882,1.0,NA,,
5965,6905,4.0,AP,40.0,Thailand
5967,6921,1.0,NA,,
5970,6924,1.0,NA,,
5972,6926,,,,
5975,6941,1.0,NA,,
5975,6941,2.0,LA,,
5975,6941,3.0,EMEA,,
5975,6941,4.0,AP,,
5977,6943,1.0,NA,,
5977,6943,2.0,LA,,
5977,6943,3.0,EMEA,,
5977,6943,4.0,AP,,
5978,6944,,,,
5979,6945,1.0,NA,,
5979,6945,2.0,LA,,
5979,6945,3.0,EMEA,,
5979,6945,4.0,AP,,
5980,6946,1.0,NA,,
5980,6946,2.0,LA,,
5980,6946,3.0,EMEA,,
5980,6946,4.0,AP,,
5981,6947,1.0,NA,,
5981,6947,2.0,LA,,
5981,6947,3.0,EMEA,,
5981,6947,4.0,AP,,
5984,6950,,,,
5985,6951,1.0,NA,,
5985,6951,2.0,LA,,
5985,6951,3.0,EMEA,,
5985,6951,4.0,AP,,
5986,6952,1.0,NA,,
5986,6952,2.0,LA,,
5986,6952,3.0,EMEA,,
5986,6952,4.0,AP,,
5989,6955,1.0,NA,,
5989,6955,2.0,LA,,
5989,6955,3.0,EMEA,,
5989,6955,4.0,AP,,
5990,6956,1.0,NA,,
5990,6956,2.0,LA,,
5990,6956,3.0,EMEA,,
5990,6956,4.0,AP,,
5991,6957,1.0,NA,,
5992,6958,1.0,NA,,
5993,6961,4.0,AP,,
5994,6962,3.0,EMEA,,
5995,6963,3.0,EMEA,,
5996,6964,1.0,NA,,
5996,6964,2.0,LA,,
5996,6964,3.0,EMEA,,
5996,6964,4.0,AP,,
5621,5621,3.0,EMEA,27.0,South Africa
5661,5661,,,,
5665,5683,2.0,LA,30.0,Americana
5699,5801,1.0,NA,,
5700,5802,1.0,NA,,
5722,5944,1.0,NA,,
5733,6001,1.0,NA,,
5736,6022,1.0,NA,,
5736,6022,2.0,LA,,
5739,6043,,,,
5744,6082,2.0,LA,33.0,Colombia
5773,6243,1.0,NA,,
5863,6461,,,,
5880,6566,1.0,NA,,
5880,6566,2.0,LA,,
5880,6566,3.0,EMEA,28.0,Wolverhampton
5880,6566,4.0,AP,,
5929,6789,1.0,NA,,
5929,6789,2.0,LA,,
5929,6789,3.0,EMEA,,
5929,6789,4.0,AP,,
5959,6883,1.0,NA,,
5959,6883,2.0,LA,,
5959,6883,3.0,EMEA,,
5959,6883,4.0,AP,,
5962,6902,4.0,AP,44.0,Dalian
5968,6922,1.0,NA,,
5997,6965,1.0,NA,,
5997,6965,2.0,LA,,
5997,6965,3.0,EMEA,,
5997,6965,4.0,AP,,
5998,6966,1.0,NA,,
5998,6966,2.0,LA,,
5998,6966,3.0,EMEA,,
5998,6966,4.0,AP,,
5999,6967,1.0,NA,,
5999,6967,2.0,LA,,
5999,6967,3.0,EMEA,,
5999,6967,4.0,AP,,
6000,6968,1.0,NA,,
6000,6968,2.0,LA,,
6000,6968,3.0,EMEA,,
6000,6968,4.0,AP,,
6001,6969,1.0,NA,,
6001,6969,2.0,LA,,
6001,6969,3.0,EMEA,,
6001,6969,4.0,AP,,
6003,6981,4.0,AP,44.0,Dalian
6005,6983,1.0,NA,,
6006,6984,1.0,NA,,
6007,6985,1.0,NA,,
6009,6987,4.0,AP,,
6010,6988,1.0,NA,,
6015,6993,1.0,NA,,
6019,7021,1.0,NA,3.0,Topeka
6903,11501,1.0,NA,,
6903,11501,2.0,LA,,
6903,11501,3.0,EMEA,,
6903,11501,4.0,AP,,
6904,11502,1.0,NA,,
6904,11502,2.0,LA,,
6904,11502,3.0,EMEA,,
6904,11502,4.0,AP,,
5543,5543,3.0,EMEA,,
5545,5545,3.0,EMEA,,
5673,5725,1.0,NA,,
5684,5742,3.0,EMEA,,
5692,5782,1.0,NA,,
5696,5786,1.0,NA,,
5723,5945,1.0,NA,,
5753,6105,1.0,NA,,
5775,6245,1.0,NA,,
5776,6246,1.0,NA,,
5797,6303,1.0,NA,,
5818,6354,1.0,NA,,
5824,6362,2.0,LA,,
5827,6381,,,,
5829,6383,,,,
5838,6422,1.0,NA,,
5839,6423,1.0,NA,,
5855,6443,,,,
5860,6448,,,,
5869,6521,,,,
5876,6562,1.0,NA,,
5876,6562,2.0,LA,,
5876,6562,3.0,EMEA,,
5876,6562,4.0,AP,,
5916,6766,4.0,AP,,
5963,6903,4.0,AP,,
5964,6904,4.0,AP,40.0,Thailand
5988,6954,1.0,NA,,
5988,6954,2.0,LA,,
5988,6954,3.0,EMEA,,
5988,6954,4.0,AP,,
6059,7141,1.0,NA,,
6059,7141,2.0,LA,,
6059,7141,3.0,EMEA,,
6059,7141,4.0,AP,,
6061,7143,,,,
6071,7181,,,,
6074,7184,,,,
6075,7185,,,,
6076,7186,,,,
6091,7231,1.0,NA,,
6099,7263,1.0,NA,,
6099,7263,2.0,LA,,
6112,7304,1.0,NA,,
6112,7304,2.0,LA,,
6112,7304,3.0,EMEA,,
6112,7304,4.0,AP,37.0,Malaysia
6146,7442,4.0,AP,47.0,Indonesia
6151,7481,,,,
6155,7503,1.0,NA,,
6155,7503,2.0,LA,,
6155,7503,4.0,AP,,
6157,7521,1.0,NA,,
6176,7608,1.0,NA,,
6180,7612,1.0,NA,,
6182,7614,3.0,EMEA,,
6189,7661,1.0,NA,,
6189,7661,2.0,LA,,
6189,7661,3.0,EMEA,,
6189,7661,4.0,AP,,
6197,7721,3.0,EMEA,,
6197,7721,4.0,AP,,
6203,7761,4.0,AP,,
6212,7842,1.0,NA,,
6212,7842,2.0,LA,,
6212,7842,3.0,EMEA,,
6212,7842,4.0,AP,,
6219,7881,4.0,AP,,
6221,7901,2.0,LA,30.0,Americana
6224,7904,1.0,NA,,
6229,7941,1.0,NA,,
6275,8181,4.0,AP,,
6276,8182,4.0,AP,37.0,Malaysia
6277,8201,1.0,NA,,
6277,8201,2.0,LA,,
6277,8201,3.0,EMEA,,
6277,8201,4.0,AP,,
6070,7168,1.0,NA,,
6093,7233,1.0,NA,,
6121,7325,1.0,NA,,
6154,7502,1.0,NA,,
6161,7543,1.0,NA,,
6161,7543,2.0,LA,,
6161,7543,3.0,EMEA,,
6161,7543,4.0,AP,40.0,Thailand
6162,7544,1.0,NA,,
6162,7544,2.0,LA,,
6162,7544,3.0,EMEA,,
6162,7544,4.0,AP,40.0,Thailand
6163,7561,4.0,AP,,
6165,7563,1.0,NA,,
6168,7582,1.0,NA,,
6168,7582,2.0,LA,30.0,Americana
6168,7582,3.0,EMEA,,
6168,7582,4.0,AP,,
6169,7601,1.0,NA,,
6170,7602,1.0,NA,,
6171,7603,1.0,NA,,
6178,7610,1.0,NA,,
6179,7611,1.0,NA,,
6183,7615,3.0,EMEA,,
6194,7702,1.0,NA,,
6205,7781,1.0,NA,,
6205,7781,2.0,LA,,
6205,7781,3.0,EMEA,,
6205,7781,4.0,AP,,
6215,7845,,,,
6225,7921,1.0,NA,,
6225,7921,2.0,LA,,
6225,7921,3.0,EMEA,,
6225,7921,4.0,AP,,
6231,7961,1.0,NA,,
6243,8001,1.0,NA,,
6243,8001,2.0,LA,,
6243,8001,3.0,EMEA,,
6243,8001,4.0,AP,,
6246,8022,1.0,NA,,
6249,8041,1.0,NA,,
6250,8042,1.0,NA,,
6254,8064,1.0,NA,,
6255,8065,1.0,NA,,
6257,8067,1.0,NA,,
6258,8068,1.0,NA,,
6259,8069,1.0,NA,,
6261,8081,1.0,NA,,
6265,8103,3.0,EMEA,,
6267,8121,1.0,NA,,
6267,8121,2.0,LA,,
6267,8121,3.0,EMEA,,
6267,8121,4.0,AP,,
6269,8141,1.0,NA,55.0,Chem Bayport
6269,8141,1.0,NA,56.0,Chem Beaumont
6269,8141,1.0,NA,57.0,Chem Houston
6269,8141,1.0,NA,58.0,Chem Niagara Falls
6056,7126,1.0,NA,8.0,Lawton
6056,7126,2.0,LA,,
6056,7126,3.0,EMEA,,
6056,7126,4.0,AP,,
6085,7225,1.0,NA,,
6087,7227,1.0,NA,,
6102,7266,,,,
6115,7307,1.0,NA,,
6115,7307,2.0,LA,,
6115,7307,3.0,EMEA,,
6115,7307,4.0,AP,,
6129,7363,,,,
6145,7441,,,,
6164,7562,2.0,LA,,
6166,7564,1.0,NA,,
6167,7581,1.0,NA,,
6167,7581,2.0,LA,,
6167,7581,3.0,EMEA,,
6167,7581,4.0,AP,,
6193,7701,2.0,LA,,
6195,7703,2.0,LA,30.0,Americana
6217,7861,4.0,AP,,
6218,7862,4.0,AP,,
6222,7902,4.0,AP,42.0,Nippon Giant
6233,7963,1.0,NA,,
6241,7985,1.0,NA,,
6241,7985,2.0,LA,,
6241,7985,3.0,EMEA,,
6241,7985,4.0,AP,,
6247,8023,1.0,NA,,
6251,8061,1.0,NA,,
6252,8062,1.0,NA,,
6253,8063,1.0,NA,,
6264,8102,3.0,EMEA,,
6271,8161,1.0,NA,,
6271,8161,2.0,LA,,
6271,8161,3.0,EMEA,,
6271,8161,4.0,AP,,
6273,8163,1.0,NA,,
6280,8222,1.0,NA,,
6280,8222,2.0,LA,,
6280,8222,3.0,EMEA,,
6280,8222,4.0,AP,,
6281,8241,4.0,AP,,
6282,8242,3.0,EMEA,50.0,Hanau
6284,8244,3.0,EMEA,,
6055,7125,1.0,NA,14.0,ICM*A
6055,7125,2.0,LA,,
6055,7125,3.0,EMEA,,
6055,7125,4.0,AP,,
6058,7128,1.0,NA,,
6069,7167,1.0,NA,,
6077,7187,4.0,AP,,
6082,7222,4.0,AP,,
6086,7226,1.0,NA,,
6095,7241,1.0,NA,,
6107,7281,1.0,NA,,
6118,7322,1.0,NA,,
6119,7323,1.0,NA,,
6125,7341,1.0,NA,,
6128,7362,,,,
6133,7381,1.0,NA,,
6133,7381,2.0,LA,,
6133,7381,3.0,EMEA,,
6133,7381,4.0,AP,,
6149,7461,1.0,NA,,
6172,7604,1.0,NA,,
6177,7609,1.0,NA,,
6185,7621,1.0,NA,,
6185,7621,2.0,LA,,
6185,7621,3.0,EMEA,,
6185,7621,4.0,AP,37.0,Malaysia
6216,7846,4.0,AP,,
6235,7965,1.0,NA,,
6239,7983,1.0,NA,,
6239,7983,2.0,LA,,
6239,7983,3.0,EMEA,,
6239,7983,4.0,AP,,
6245,8021,1.0,NA,,
6279,8221,1.0,NA,,
6285,8245,3.0,EMEA,,
6286,8246,3.0,EMEA,,
6290,8250,3.0,EMEA,,
6292,8262,1.0,NA,,
6292,8262,2.0,LA,,
6292,8262,3.0,EMEA,,
6292,8262,4.0,AP,,
6293,8281,1.0,NA,,
6293,8281,2.0,LA,,
6293,8281,3.0,EMEA,,
6293,8281,4.0,AP,,
6295,8301,1.0,NA,,
6295,8301,2.0,LA,,
6299,8341,,,,
6301,8361,1.0,NA,,
6301,8361,2.0,LA,,
6301,8361,3.0,EMEA,,
6301,8361,4.0,AP,,
6302,8362,1.0,NA,,
6302,8362,2.0,LA,,
6302,8362,3.0,EMEA,,
6302,8362,4.0,AP,,
6067,7165,1.0,NA,,
6084,7224,1.0,NA,,
6088,7228,1.0,NA,,
6089,7229,1.0,NA,,
6097,7261,1.0,NA,,
6097,7261,2.0,LA,,
6098,7262,1.0,NA,,
6098,7262,2.0,LA,,
6100,7264,1.0,NA,,
6100,7264,2.0,LA,,
6100,7264,3.0,EMEA,,
6100,7264,4.0,AP,,
6101,7265,,,,
6103,7267,1.0,NA,,
6103,7267,2.0,LA,,
6103,7267,3.0,EMEA,,
6103,7267,4.0,AP,,
6105,7269,2.0,LA,31.0,Sao Paulo
6109,7301,4.0,AP,39.0,Taiwan
6122,7326,1.0,NA,,
6136,7384,1.0,NA,,
6136,7384,2.0,LA,,
6136,7384,3.0,EMEA,,
6136,7384,4.0,AP,,
6138,7402,2.0,LA,30.0,Americana
6143,7425,1.0,NA,,
6143,7425,2.0,LA,,
6143,7425,3.0,EMEA,,
6143,7425,4.0,AP,,
6144,7426,1.0,NA,,
6144,7426,2.0,LA,,
6144,7426,3.0,EMEA,,
6144,7426,4.0,AP,,
6147,7443,1.0,NA,,
6181,7613,3.0,EMEA,,
6201,7741,1.0,NA,,
6201,7741,2.0,LA,,
6201,7741,3.0,EMEA,,
6201,7741,4.0,AP,,
6213,7843,1.0,NA,9.0,Medicine Hat
6213,7843,1.0,NA,10.0,Napanee
6237,7981,1.0,NA,,
6237,7981,2.0,LA,,
6237,7981,3.0,EMEA,,
6237,7981,4.0,AP,,
6256,8066,1.0,NA,,
6263,8101,3.0,EMEA,,
6270,8142,1.0,NA,,
6270,8142,2.0,LA,,
6270,8142,3.0,EMEA,,
6270,8142,4.0,AP,,
6272,8162,1.0,NA,,
6272,8162,2.0,LA,,
6272,8162,3.0,EMEA,,
6272,8162,4.0,AP,,
6283,8243,3.0,EMEA,,
6287,8247,3.0,EMEA,,
6288,8248,3.0,EMEA,,
6289,8249,3.0,EMEA,,
6291,8261,1.0,NA,,
6291,8261,2.0,LA,,
6291,8261,3.0,EMEA,,
6291,8261,4.0,AP,,
6297,8321,1.0,NA,,
6303,8363,1.0,NA,,
6303,8363,2.0,LA,,
6303,8363,3.0,EMEA,,
6303,8363,4.0,AP,,
6054,7124,1.0,NA,2.0,Gadsden
6054,7124,2.0,LA,,
6054,7124,3.0,EMEA,,
6054,7124,4.0,AP,,
6057,7127,1.0,NA,,
6057,7127,2.0,LA,,
6057,7127,3.0,EMEA,,
6057,7127,4.0,AP,,
6063,7161,1.0,NA,,
6064,7162,1.0,NA,,
6065,7163,1.0,NA,,
6068,7166,1.0,NA,,
6072,7182,,,,
6081,7221,4.0,AP,,
6090,7230,1.0,NA,,
6104,7268,1.0,NA,,
6104,7268,2.0,LA,31.0,Sao Paulo
6104,7268,3.0,EMEA,,
6104,7268,4.0,AP,,
6110,7302,1.0,NA,,
6110,7302,2.0,LA,,
6110,7302,3.0,EMEA,,
6110,7302,4.0,AP,,
6111,7303,4.0,AP,37.0,Malaysia
6113,7305,4.0,AP,37.0,Malaysia
6114,7306,4.0,AP,37.0,Malaysia
6120,7324,1.0,NA,,
6123,7327,1.0,NA,,
6123,7327,2.0,LA,,
6123,7327,3.0,EMEA,,
6123,7327,4.0,AP,,
6131,7365,1.0,NA,,
6134,7382,2.0,LA,,
6137,7401,1.0,NA,3.0,Topeka
6139,7421,1.0,NA,,
6140,7422,1.0,NA,,
6141,7423,1.0,NA,,
6160,7542,1.0,NA,,
6160,7542,2.0,LA,,
6160,7542,3.0,EMEA,,
6160,7542,4.0,AP,47.0,Indonesia
6199,7723,1.0,NA,,
6207,7801,,,,
6226,7922,1.0,NA,,
6226,7922,2.0,LA,,
6226,7922,3.0,EMEA,,
6226,7922,4.0,AP,,
6227,7923,1.0,NA,,
6227,7923,2.0,LA,,
6227,7923,3.0,EMEA,,
6227,7923,4.0,AP,,
6238,7982,1.0,NA,,
6238,7982,2.0,LA,,
6238,7982,3.0,EMEA,,
6238,7982,4.0,AP,,
6240,7984,1.0,NA,,
6240,7984,2.0,LA,,
6240,7984,3.0,EMEA,,
6240,7984,4.0,AP,,
6242,7986,3.0,EMEA,,
6053,7123,1.0,NA,9.0,Medicine Hat
6053,7123,2.0,LA,,
6053,7123,3.0,EMEA,,
6053,7123,4.0,AP,,
6060,7142,1.0,NA,,
6060,7142,2.0,LA,,
6060,7142,3.0,EMEA,,
6060,7142,4.0,AP,,
6066,7164,1.0,NA,,
6073,7183,,,,
6079,7201,3.0,EMEA,,
6083,7223,4.0,AP,,
6092,7232,3.0,EMEA,,
6117,7321,1.0,NA,,
6130,7364,,,,
6135,7383,1.0,NA,,
6142,7424,1.0,NA,,
6142,7424,2.0,LA,,
6142,7424,3.0,EMEA,,
6142,7424,4.0,AP,,
6153,7501,4.0,AP,42.0,Nippon Giant
6158,7522,1.0,NA,,
6158,7522,2.0,LA,,
6158,7522,3.0,EMEA,,
6158,7522,4.0,AP,,
6159,7541,1.0,NA,,
6159,7541,2.0,LA,,
6159,7541,3.0,EMEA,,
6159,7541,4.0,AP,47.0,Indonesia
6173,7605,1.0,NA,,
6174,7606,1.0,NA,,
6175,7607,1.0,NA,,
6187,7641,3.0,EMEA,,
6191,7681,1.0,NA,,
6198,7722,4.0,AP,,
6202,7742,1.0,NA,8.0,Lawton
6209,7821,4.0,AP,,
6211,7841,1.0,NA,,
6211,7841,2.0,LA,,
6214,7844,1.0,NA,,
6223,7903,4.0,AP,42.0,Nippon Giant
6232,7962,1.0,NA,,
6236,7966,1.0,NA,,
6305,8381,1.0,NA,57.0,Chem Houston
6315,8463,,,,
6320,8502,1.0,NA,,
6320,8502,2.0,LA,,
6320,8502,3.0,EMEA,,
6320,8502,4.0,AP,,
6327,8541,1.0,NA,,
6327,8541,2.0,LA,,
6327,8541,3.0,EMEA,,
6327,8541,4.0,AP,,
6357,8679,1.0,NA,,
6357,8679,2.0,LA,,
6357,8679,3.0,EMEA,,
6357,8679,4.0,AP,,
6362,8702,1.0,NA,,
6397,8841,1.0,NA,,
6397,8841,2.0,LA,,
6397,8841,3.0,EMEA,,
6397,8841,4.0,AP,,
6427,8947,4.0,AP,,
6437,8957,1.0,NA,,
6439,8959,1.0,NA,,
6455,9027,1.0,NA,,
6455,9027,2.0,LA,,
6455,9027,3.0,EMEA,,
6455,9027,4.0,AP,,
6495,9165,,,,
6501,9203,1.0,NA,,
6510,9282,,,,
6518,9304,3.0,EMEA,,
6519,9305,3.0,EMEA,,
6521,9307,4.0,AP,,
6522,9308,4.0,AP,,
6523,9309,4.0,AP,,
6527,9321,2.0,LA,,
6569,9533,1.0,NA,,
6571,9541,1.0,NA,,
6571,9541,2.0,LA,,
6571,9541,3.0,EMEA,,
6571,9541,4.0,AP,,
6591,9641,1.0,NA,,
6591,9641,2.0,LA,,
6591,9641,4.0,AP,,
6596,9682,3.0,EMEA,,
6597,9683,3.0,EMEA,,
6598,9684,1.0,NA,,
6598,9684,2.0,LA,,
6598,9684,3.0,EMEA,,
6598,9684,4.0,AP,,
6599,9701,1.0,NA,,
6599,9701,2.0,LA,,
6599,9701,3.0,EMEA,,
6599,9701,4.0,AP,,
6600,9702,3.0,EMEA,,
6601,9721,4.0,AP,,
6602,9722,1.0,NA,,
6604,9724,3.0,EMEA,,
6314,8462,3.0,EMEA,,
6317,8481,4.0,AP,,
6318,8482,3.0,EMEA,,
6318,8482,4.0,AP,37.0,Malaysia
6325,8525,1.0,NA,,
6325,8525,2.0,LA,,
6325,8525,3.0,EMEA,,
6325,8525,4.0,AP,,
6329,8561,1.0,NA,,
6329,8561,2.0,LA,,
6329,8561,3.0,EMEA,,
6329,8561,4.0,AP,,
6340,8662,1.0,NA,,
6392,8812,1.0,NA,,
6392,8812,2.0,LA,,
6392,8812,3.0,EMEA,,
6392,8812,4.0,AP,,
6399,8861,,,,
6417,8925,3.0,EMEA,50.0,Hanau
6433,8953,3.0,EMEA,,
6441,8961,1.0,NA,,
6446,8984,3.0,EMEA,,
6457,9029,1.0,NA,,
6457,9029,2.0,LA,,
6457,9029,3.0,EMEA,,
6457,9029,4.0,AP,,
6465,9081,1.0,NA,,
6466,9082,1.0,NA,,
6468,9084,1.0,NA,,
6468,9084,2.0,LA,,
6468,9084,3.0,EMEA,,
6468,9084,4.0,AP,,
6475,9091,1.0,NA,,
6482,9124,1.0,NA,,
6482,9124,2.0,LA,,
6482,9124,3.0,EMEA,,
6482,9124,4.0,AP,,
6494,9164,3.0,EMEA,49.0,Montlucon
6500,9202,1.0,NA,9.0,Medicine Hat
6500,9202,2.0,LA,,
6500,9202,4.0,AP,,
6500,9202,1.0,NA,10.0,Napanee
6500,9202,2.0,LA,,
6500,9202,4.0,AP,,
6500,9202,1.0,NA,11.0,Valleyfield
6500,9202,2.0,LA,,
6500,9202,4.0,AP,,
6507,9261,1.0,NA,,
6507,9261,2.0,LA,,
6507,9261,3.0,EMEA,,
6507,9261,4.0,AP,,
6528,9322,3.0,EMEA,,
6531,9343,1.0,NA,,
6534,9362,2.0,LA,,
6537,9365,1.0,NA,,
6545,9441,1.0,NA,,
6545,9441,2.0,LA,,
6553,9483,,,,
6603,9723,1.0,NA,,
6605,9725,3.0,EMEA,,
6606,9726,3.0,EMEA,,
6607,9727,2.0,LA,,
6608,9728,1.0,NA,,
6609,9729,1.0,NA,,
6610,9730,3.0,EMEA,,
6611,9741,2.0,LA,,
6613,9743,2.0,LA,,
6614,9744,2.0,LA,,
6306,8382,,,,
6307,8401,1.0,NA,,
6307,8401,2.0,LA,,
6307,8401,3.0,EMEA,,
6307,8401,4.0,AP,,
6311,8441,1.0,NA,,
6311,8441,2.0,LA,,
6311,8441,3.0,EMEA,,
6311,8441,4.0,AP,,
6312,8442,1.0,NA,,
6312,8442,2.0,LA,,
6312,8442,3.0,EMEA,,
6312,8442,4.0,AP,,
6316,8464,,,,
6326,8526,1.0,NA,,
6326,8526,2.0,LA,,
6326,8526,3.0,EMEA,,
6326,8526,4.0,AP,,
6331,8581,4.0,AP,,
6355,8677,4.0,AP,,
6373,8721,4.0,AP,,
6374,8722,4.0,AP,,
6381,8801,,,,
6400,8862,3.0,EMEA,50.0,Hanau
6404,8866,3.0,EMEA,51.0,Wittlich
6405,8867,3.0,EMEA,51.0,Wittlich
6406,8868,3.0,EMEA,50.0,Hanau
6428,8948,4.0,AP,,
6429,8949,4.0,AP,,
6431,8951,4.0,AP,,
6443,8981,3.0,EMEA,,
6460,9042,1.0,NA,,
6460,9042,2.0,LA,,
6460,9042,3.0,EMEA,,
6460,9042,4.0,AP,,
6485,9127,1.0,NA,,
6485,9127,2.0,LA,,
6485,9127,3.0,EMEA,,
6485,9127,4.0,AP,,
6530,9342,1.0,NA,,
6535,9363,1.0,NA,,
6538,9366,2.0,LA,,
6539,9381,1.0,NA,,
6539,9381,2.0,LA,,
6539,9381,3.0,EMEA,,
6539,9381,4.0,AP,,
6543,9421,2.0,LA,,
6546,9442,3.0,EMEA,,
6568,9532,1.0,NA,,
6593,9661,3.0,EMEA,,
6594,9662,1.0,NA,,
6595,9681,3.0,EMEA,21.0,Luxembourg
6620,9750,1.0,NA,,
6621,9761,3.0,EMEA,,
6623,9781,,,,
6319,8501,1.0,NA,57.0,Chem Houston
6324,8524,1.0,NA,,
6324,8524,2.0,LA,,
6324,8524,3.0,EMEA,,
6324,8524,4.0,AP,,
6341,8663,,,,
6372,8712,1.0,NA,,
6382,8802,,,,
6385,8805,1.0,NA,,
6388,8808,1.0,NA,,
6389,8809,1.0,NA,,
6389,8809,2.0,LA,,
6389,8809,3.0,EMEA,,
6389,8809,4.0,AP,,
6390,8810,1.0,NA,,
6390,8810,2.0,LA,,
6390,8810,3.0,EMEA,,
6390,8810,4.0,AP,,
6411,8901,2.0,LA,,
6434,8954,1.0,NA,,
6435,8955,3.0,EMEA,,
6450,9022,1.0,NA,,
6450,9022,2.0,LA,,
6450,9022,3.0,EMEA,,
6450,9022,4.0,AP,,
6453,9025,1.0,NA,,
6453,9025,2.0,LA,,
6453,9025,3.0,EMEA,,
6453,9025,4.0,AP,,
6467,9083,1.0,NA,,
6474,9090,1.0,NA,,
6474,9090,2.0,LA,,
6474,9090,3.0,EMEA,,
6474,9090,4.0,AP,,
6477,9101,1.0,NA,,
6493,9163,1.0,NA,,
6493,9163,2.0,LA,,
6493,9163,3.0,EMEA,,
6493,9163,4.0,AP,,
6505,9241,1.0,NA,,
6505,9241,2.0,LA,,
6505,9241,3.0,EMEA,,
6505,9241,4.0,AP,,
6509,9281,1.0,NA,,
6509,9281,2.0,LA,,
6509,9281,3.0,EMEA,,
6509,9281,4.0,AP,,
6513,9285,3.0,EMEA,,
6529,9341,1.0,NA,,
6541,9401,1.0,NA,,
6541,9401,2.0,LA,,
6541,9401,3.0,EMEA,,
6541,9401,4.0,AP,,
6615,9745,1.0,NA,,
6616,9746,1.0,NA,,
6617,9747,1.0,NA,,
6618,9748,1.0,NA,,
6619,9749,1.0,NA,,
6625,9801,3.0,EMEA,,
6626,9802,,,,
6627,9803,1.0,NA,,
6333,8601,1.0,NA,,
6359,8681,1.0,NA,,
6361,8701,1.0,NA,,
6361,8701,2.0,LA,,
6361,8701,3.0,EMEA,,
6361,8701,4.0,AP,,
6375,8741,1.0,NA,,
6383,8803,,,,
6384,8804,1.0,NA,,
6386,8806,1.0,NA,,
6395,8821,1.0,NA,,
6402,8864,3.0,EMEA,51.0,Wittlich
6421,8941,2.0,LA,,
6423,8943,4.0,AP,,
6426,8946,4.0,AP,,
6438,8958,1.0,NA,,
6440,8960,1.0,NA,,
6456,9028,1.0,NA,,
6456,9028,2.0,LA,,
6456,9028,3.0,EMEA,,
6456,9028,4.0,AP,,
6469,9085,1.0,NA,,
6469,9085,2.0,LA,,
6469,9085,3.0,EMEA,,
6469,9085,4.0,AP,,
6470,9086,1.0,NA,,
6470,9086,2.0,LA,,
6470,9086,3.0,EMEA,,
6470,9086,4.0,AP,,
6471,9087,1.0,NA,,
6471,9087,2.0,LA,,
6471,9087,3.0,EMEA,,
6471,9087,4.0,AP,,
6472,9088,1.0,NA,,
6472,9088,2.0,LA,,
6472,9088,3.0,EMEA,,
6472,9088,4.0,AP,,
6476,9092,,,,
6479,9121,1.0,NA,,
6479,9121,2.0,LA,,
6479,9121,3.0,EMEA,,
6479,9121,4.0,AP,,
6486,9128,1.0,NA,,
6486,9128,2.0,LA,,
6486,9128,3.0,EMEA,,
6486,9128,4.0,AP,,
6489,9141,1.0,NA,,
6489,9141,2.0,LA,,
6489,9141,3.0,EMEA,,
6489,9141,4.0,AP,,
6492,9162,1.0,NA,,
6492,9162,2.0,LA,,
6492,9162,3.0,EMEA,,
6492,9162,4.0,AP,,
6517,9303,3.0,EMEA,,
6524,9310,1.0,NA,,
6524,9310,2.0,LA,,
6551,9481,1.0,NA,,
6554,9484,,,,
6557,9521,1.0,NA,,
6559,9523,1.0,NA,,
6560,9524,1.0,NA,,
6561,9525,1.0,NA,,
6562,9526,1.0,NA,,
6563,9527,1.0,NA,,
6564,9528,1.0,NA,,
6565,9529,1.0,NA,,
6566,9530,1.0,NA,,
6309,8421,3.0,EMEA,,
6309,8421,4.0,AP,,
6313,8461,1.0,NA,,
6313,8461,2.0,LA,,
6313,8461,3.0,EMEA,,
6313,8461,4.0,AP,,
6321,8521,1.0,NA,,
6322,8522,1.0,NA,,
6322,8522,2.0,LA,,
6322,8522,3.0,EMEA,,
6322,8522,4.0,AP,,
6377,8761,,,,
6379,8781,1.0,NA,,
6379,8781,2.0,LA,,
6379,8781,3.0,EMEA,,
6379,8781,4.0,AP,,
6393,8813,1.0,NA,,
6393,8813,2.0,LA,,
6393,8813,3.0,EMEA,,
6393,8813,4.0,AP,,
6403,8865,3.0,EMEA,50.0,Hanau
6407,8869,1.0,NA,56.0,Chem Beaumont
6409,8881,1.0,NA,,
6413,8921,2.0,LA,,
6415,8923,3.0,EMEA,50.0,Hanau
6416,8924,3.0,EMEA,51.0,Wittlich
6418,8926,3.0,EMEA,51.0,Wittlich
6420,8928,3.0,EMEA,51.0,Wittlich
6422,8942,1.0,NA,,
6422,8942,2.0,LA,,
6422,8942,3.0,EMEA,,
6422,8942,4.0,AP,,
6424,8944,4.0,AP,,
6432,8952,1.0,NA,,
6444,8982,3.0,EMEA,,
6449,9021,1.0,NA,,
6449,9021,2.0,LA,,
6449,9021,3.0,EMEA,,
6449,9021,4.0,AP,,
6451,9023,1.0,NA,,
6451,9023,2.0,LA,,
6451,9023,3.0,EMEA,,
6451,9023,4.0,AP,,
6459,9041,1.0,NA,,
6459,9041,2.0,LA,,
6459,9041,3.0,EMEA,,
6459,9041,4.0,AP,,
6461,9043,1.0,NA,,
6461,9043,2.0,LA,,
6461,9043,3.0,EMEA,,
6461,9043,4.0,AP,,
6491,9161,1.0,NA,,
6491,9161,2.0,LA,,
6491,9161,3.0,EMEA,,
6491,9161,4.0,AP,,
6499,9201,3.0,EMEA,,
6503,9221,4.0,AP,,
6533,9361,2.0,LA,,
6323,8523,3.0,EMEA,,
6335,8621,1.0,NA,,
6339,8661,,,,
6365,8705,1.0,NA,,
6366,8706,1.0,NA,,
6367,8707,1.0,NA,,
6368,8708,1.0,NA,,
6369,8709,1.0,NA,,
6370,8710,1.0,NA,,
6391,8811,1.0,NA,,
6391,8811,2.0,LA,,
6391,8811,3.0,EMEA,,
6391,8811,4.0,AP,,
6419,8927,3.0,EMEA,50.0,Hanau
6445,8983,3.0,EMEA,,
6452,9024,1.0,NA,,
6452,9024,2.0,LA,,
6452,9024,3.0,EMEA,,
6452,9024,4.0,AP,,
6454,9026,1.0,NA,,
6454,9026,2.0,LA,,
6454,9026,3.0,EMEA,,
6454,9026,4.0,AP,,
6473,9089,1.0,NA,,
6483,9125,1.0,NA,,
6483,9125,2.0,LA,,
6483,9125,3.0,EMEA,,
6483,9125,4.0,AP,,
6497,9181,1.0,NA,,
6515,9301,3.0,EMEA,,
6520,9306,4.0,AP,,
6525,9311,2.0,LA,,
6544,9422,2.0,LA,,
6547,9443,3.0,EMEA,,
6549,9461,1.0,NA,,
6549,9461,2.0,LA,,
6549,9461,3.0,EMEA,,
6549,9461,4.0,AP,,
6552,9482,1.0,NA,,
6567,9531,1.0,NA,,
6573,9561,1.0,NA,,
6573,9561,2.0,LA,,
6573,9561,3.0,EMEA,,
6573,9561,4.0,AP,,
6574,9562,1.0,NA,,
6574,9562,2.0,LA,,
6574,9562,3.0,EMEA,,
6574,9562,4.0,AP,,
6577,9565,1.0,NA,,
6578,9566,1.0,NA,,
6579,9567,1.0,NA,,
6579,9567,2.0,LA,,
6579,9567,3.0,EMEA,,
6579,9567,4.0,AP,,
6580,9568,1.0,NA,,
6337,8641,3.0,EMEA,,
6338,8642,3.0,EMEA,,
6358,8680,1.0,NA,,
6363,8703,1.0,NA,,
6364,8704,1.0,NA,,
6371,8711,1.0,NA,,
6387,8807,1.0,NA,,
6401,8863,3.0,EMEA,50.0,Hanau
6414,8922,1.0,NA,,
6414,8922,2.0,LA,,
6414,8922,3.0,EMEA,,
6414,8922,4.0,AP,,
6425,8945,4.0,AP,,
6436,8956,1.0,NA,,
6447,9001,1.0,NA,,
6447,9001,2.0,LA,,
6447,9001,3.0,EMEA,,
6447,9001,4.0,AP,,
6458,9030,1.0,NA,,
6458,9030,2.0,LA,,
6458,9030,3.0,EMEA,,
6458,9030,4.0,AP,,
6463,9061,3.0,EMEA,,
6480,9122,1.0,NA,,
6480,9122,2.0,LA,,
6480,9122,3.0,EMEA,,
6480,9122,4.0,AP,,
6481,9123,1.0,NA,,
6481,9123,2.0,LA,,
6481,9123,3.0,EMEA,,
6481,9123,4.0,AP,,
6484,9126,1.0,NA,,
6484,9126,2.0,LA,,
6484,9126,3.0,EMEA,,
6484,9126,4.0,AP,,
6487,9129,1.0,NA,,
6487,9129,2.0,LA,,
6487,9129,3.0,EMEA,,
6487,9129,4.0,AP,,
6498,9182,1.0,NA,,
6511,9283,3.0,EMEA,,
6512,9284,3.0,EMEA,,
6516,9302,3.0,EMEA,,
6536,9364,1.0,NA,,
6555,9501,1.0,NA,,
6575,9563,1.0,NA,,
6575,9563,2.0,LA,,
6575,9563,3.0,EMEA,,
6575,9563,4.0,AP,,
6576,9564,1.0,NA,,
6576,9564,2.0,LA,,
6576,9564,3.0,EMEA,,
6576,9564,4.0,AP,,
6581,9581,1.0,NA,,
6581,9581,2.0,LA,,
6581,9581,3.0,EMEA,,
6581,9581,4.0,AP,,
6582,9582,1.0,NA,,
6582,9582,2.0,LA,,
6582,9582,3.0,EMEA,,
6582,9582,4.0,AP,,
6583,9583,1.0,NA,,
6583,9583,2.0,LA,,
6583,9583,3.0,EMEA,,
6583,9583,4.0,AP,,
6584,9584,,,,
6585,9601,1.0,NA,,
6586,9602,1.0,NA,,
6587,9621,,,,
6588,9622,,,,
6589,9623,,,,
6631,9821,3.0,EMEA,28.0,Wolverhampton
6632,9822,1.0,NA,,
6632,9822,2.0,LA,,
6632,9822,3.0,EMEA,,
6632,9822,4.0,AP,,
6657,9941,3.0,EMEA,,
6663,9981,4.0,AP,,
6674,10062,1.0,NA,,
6674,10062,2.0,LA,,
6674,10062,3.0,EMEA,,
6674,10062,4.0,AP,,
6678,10102,3.0,EMEA,25.0,Izmit
6687,10161,1.0,NA,,
6689,10163,1.0,NA,,
6689,10163,2.0,LA,,
6689,10163,3.0,EMEA,,
6689,10163,4.0,AP,,
6690,10164,1.0,NA,,
6690,10164,2.0,LA,,
6690,10164,3.0,EMEA,,
6690,10164,4.0,AP,,
6719,10381,1.0,NA,,
6719,10381,2.0,LA,,
6719,10381,3.0,EMEA,,
6719,10381,4.0,AP,,
6722,10402,1.0,NA,,
6725,10423,,,,
6729,10461,1.0,NA,,
6729,10461,2.0,LA,,
6729,10461,3.0,EMEA,,
6729,10461,4.0,AP,,
6735,10481,1.0,NA,,
6735,10481,2.0,LA,,
6735,10481,3.0,EMEA,,
6735,10481,4.0,AP,,
6737,10501,,,,
6741,10505,1.0,NA,,
6747,10543,3.0,EMEA,,
6764,10642,,,,
6769,10681,,,,
6778,10762,3.0,EMEA,,
6787,10821,1.0,NA,,
6787,10821,2.0,LA,,
6787,10821,3.0,EMEA,,
6787,10821,4.0,AP,,
6788,10822,1.0,NA,,
6788,10822,2.0,LA,,
6788,10822,3.0,EMEA,,
6788,10822,4.0,AP,,
6789,10823,1.0,NA,,
6789,10823,2.0,LA,,
6789,10823,3.0,EMEA,,
6789,10823,4.0,AP,,
6792,10826,1.0,NA,,
6792,10826,2.0,LA,,
6792,10826,3.0,EMEA,,
6792,10826,4.0,AP,,
6828,11042,1.0,NA,,
6838,11102,1.0,NA,,
6864,11282,2.0,LA,30.0,Americana
6865,11301,1.0,NA,,
6865,11301,2.0,LA,,
6878,11362,1.0,NA,,
6878,11362,2.0,LA,,
6878,11362,3.0,EMEA,,
6878,11362,4.0,AP,,
6883,11421,3.0,EMEA,,
6886,11442,1.0,NA,,
6887,11461,1.0,NA,,
6887,11461,2.0,LA,,
6887,11461,3.0,EMEA,,
6887,11461,4.0,AP,,
6888,11462,1.0,NA,,
6888,11462,2.0,LA,,
6888,11462,3.0,EMEA,,
6888,11462,4.0,AP,,
6889,11463,1.0,NA,,
6889,11463,2.0,LA,,
6889,11463,3.0,EMEA,,
6889,11463,4.0,AP,,
6890,11464,1.0,NA,,
6890,11464,2.0,LA,,
6890,11464,3.0,EMEA,,
6890,11464,4.0,AP,,
6891,11465,1.0,NA,,
6891,11465,2.0,LA,,
6891,11465,3.0,EMEA,,
6891,11465,4.0,AP,,
6892,11466,1.0,NA,,
6892,11466,2.0,LA,,
6892,11466,3.0,EMEA,,
6892,11466,4.0,AP,,
6635,9843,1.0,NA,,
6635,9843,2.0,LA,,
6635,9843,3.0,EMEA,,
6635,9843,4.0,AP,,
6642,9884,1.0,NA,,
6643,9885,1.0,NA,,
6644,9886,1.0,NA,,
6645,9887,1.0,NA,,
6649,9891,1.0,NA,,
6651,9893,1.0,NA,,
6659,9943,1.0,NA,,
6665,10001,1.0,NA,,
6665,10001,2.0,LA,,
6665,10001,3.0,EMEA,,
6665,10001,4.0,AP,,
6671,10041,3.0,EMEA,,
6671,10041,4.0,AP,,
6682,10142,2.0,LA,,
6684,10144,2.0,LA,,
6700,10242,3.0,EMEA,,
6705,10281,1.0,NA,,
6705,10281,2.0,LA,,
6705,10281,3.0,EMEA,,
6705,10281,4.0,AP,,
6713,10341,2.0,LA,,
6717,10361,1.0,NA,,
6749,10561,,,,
6770,10682,1.0,NA,,
6770,10682,2.0,LA,,
6770,10682,3.0,EMEA,,
6770,10682,4.0,AP,,
6776,10742,1.0,NA,,
6776,10742,2.0,LA,,
6776,10742,3.0,EMEA,,
6776,10742,4.0,AP,,
6782,10784,1.0,NA,,
6790,10824,,,,
6793,10827,,,,
6806,10922,1.0,NA,,
6806,10922,2.0,LA,,
6806,10922,3.0,EMEA,,
6806,10922,4.0,AP,,
6834,11082,1.0,NA,,
6835,11083,1.0,NA,,
6840,11104,1.0,NA,,
6840,11104,2.0,LA,,
6840,11104,3.0,EMEA,,
6840,11104,4.0,AP,,
6859,11241,1.0,NA,,
6859,11241,2.0,LA,,
6859,11241,3.0,EMEA,,
6859,11241,4.0,AP,,
6862,11262,3.0,EMEA,,
6879,11381,3.0,EMEA,,
6893,11467,1.0,NA,,
6893,11467,2.0,LA,,
6893,11467,3.0,EMEA,,
6893,11467,4.0,AP,,
6895,11481,1.0,NA,,
6896,11482,1.0,NA,,
6898,11484,1.0,NA,,
6899,11485,1.0,NA,,
6900,11486,1.0,NA,,
6901,11487,1.0,NA,,
6906,11522,1.0,NA,,
6669,10023,1.0,NA,,
6673,10061,1.0,NA,,
6673,10061,2.0,LA,,
6673,10061,3.0,EMEA,,
6673,10061,4.0,AP,,
6703,10261,1.0,NA,,
6703,10261,2.0,LA,,
6703,10261,3.0,EMEA,,
6703,10261,4.0,AP,,
6709,10321,3.0,EMEA,21.0,Luxembourg
6710,10322,1.0,NA,,
6724,10422,2.0,LA,,
6731,10463,1.0,NA,,
6731,10463,2.0,LA,,
6731,10463,3.0,EMEA,,
6731,10463,4.0,AP,,
6746,10542,4.0,AP,47.0,Indonesia
6748,10544,3.0,EMEA,,
6753,10583,1.0,NA,,
6755,10585,3.0,EMEA,,
6760,10622,4.0,AP,,
6767,10661,3.0,EMEA,,
6785,10801,1.0,NA,,
6785,10801,2.0,LA,,
6785,10801,3.0,EMEA,,
6785,10801,4.0,AP,,
6816,11002,4.0,AP,,
6819,11005,1.0,NA,,
6819,11005,2.0,LA,,
6819,11005,3.0,EMEA,,
6819,11005,4.0,AP,,
6822,11022,1.0,NA,,
6822,11022,2.0,LA,,
6822,11022,3.0,EMEA,,
6822,11022,4.0,AP,,
6843,11107,1.0,NA,,
6843,11107,2.0,LA,,
6843,11107,3.0,EMEA,,
6843,11107,4.0,AP,,
6856,11202,2.0,LA,,
6867,11321,1.0,NA,,
6867,11321,2.0,LA,,
6867,11321,3.0,EMEA,,
6867,11321,4.0,AP,,
6897,11483,1.0,NA,,
6902,11488,1.0,NA,,
6907,11541,1.0,NA,,
6907,11541,2.0,LA,,
6907,11541,3.0,EMEA,,
6907,11541,4.0,AP,,
6916,11622,,,,
6919,11641,1.0,NA,,
6919,11641,2.0,LA,,
6923,11663,1.0,NA,,
6923,11663,2.0,LA,,
6923,11663,3.0,EMEA,,
6923,11663,4.0,AP,,
6924,11664,1.0,NA,,
6924,11664,2.0,LA,,
6924,11664,3.0,EMEA,,
6924,11664,4.0,AP,,
6927,11681,1.0,NA,,
6927,11681,2.0,LA,,
6927,11681,3.0,EMEA,,
6927,11681,4.0,AP,,
6928,11682,4.0,AP,,
6935,11761,1.0,NA,,
6935,11761,2.0,LA,,
6937,11781,1.0,NA,,
6937,11781,2.0,LA,,
6937,11781,3.0,EMEA,,
6937,11781,4.0,AP,,
6938,11782,,,,
6939,11783,1.0,NA,,
6940,11784,1.0,NA,,
6633,9841,1.0,NA,,
6633,9841,2.0,LA,,
6633,9841,4.0,AP,,
6637,9861,3.0,EMEA,,
6639,9881,1.0,NA,,
6640,9882,1.0,NA,,
6655,9921,1.0,NA,,
6675,10081,2.0,LA,,
6718,10362,1.0,NA,,
6718,10362,2.0,LA,,
6718,10362,3.0,EMEA,,
6718,10362,4.0,AP,,
6721,10401,1.0,NA,,
6730,10462,1.0,NA,,
6730,10462,2.0,LA,,
6730,10462,3.0,EMEA,,
6730,10462,4.0,AP,,
6732,10464,1.0,NA,,
6732,10464,2.0,LA,,
6732,10464,3.0,EMEA,,
6732,10464,4.0,AP,,
6740,10504,4.0,AP,,
6754,10584,3.0,EMEA,,
6763,10641,1.0,NA,,
6777,10761,3.0,EMEA,,
6779,10781,2.0,LA,,
6807,10941,1.0,NA,,
6807,10941,2.0,LA,,
6807,10941,3.0,EMEA,,
6807,10941,4.0,AP,,
6809,10943,,,,
6823,11023,1.0,NA,,
6823,11023,2.0,LA,,
6823,11023,3.0,EMEA,,
6823,11023,4.0,AP,,
6824,11024,1.0,NA,,
6824,11024,2.0,LA,,
6824,11024,3.0,EMEA,,
6824,11024,4.0,AP,,
6833,11081,1.0,NA,,
6844,11108,1.0,NA,,
6844,11108,2.0,LA,,
6844,11108,3.0,EMEA,,
6844,11108,4.0,AP,,
6849,11141,3.0,EMEA,,
6851,11161,,,,
6853,11181,1.0,NA,,
6853,11181,2.0,LA,,
6853,11181,3.0,EMEA,,
6853,11181,4.0,AP,,
6855,11201,1.0,NA,,
6855,11201,2.0,LA,,
6855,11201,3.0,EMEA,,
6855,11201,4.0,AP,,
6868,11322,1.0,NA,,
6868,11322,2.0,LA,,
6868,11322,3.0,EMEA,,
6868,11322,4.0,AP,,
6869,11323,1.0,NA,,
6869,11323,2.0,LA,,
6869,11323,3.0,EMEA,,
6869,11323,4.0,AP,,
6870,11324,1.0,NA,,
6870,11324,2.0,LA,,
6870,11324,3.0,EMEA,,
6870,11324,4.0,AP,,
6874,11328,1.0,NA,1.0,Danville
6909,11561,,,,
6911,11581,1.0,NA,,
6914,11602,3.0,EMEA,,
6915,11621,3.0,EMEA,,
6917,11623,3.0,EMEA,,
6918,11624,3.0,EMEA,,
6636,9844,1.0,NA,,
6636,9844,2.0,LA,,
6636,9844,3.0,EMEA,,
6636,9844,4.0,AP,,
6668,10022,1.0,NA,,
6677,10101,1.0,NA,,
6683,10143,2.0,LA,,
6697,10221,1.0,NA,,
6707,10301,3.0,EMEA,,
6727,10441,1.0,NA,,
6745,10541,4.0,AP,47.0,Indonesia
6756,10586,3.0,EMEA,,
6771,10701,2.0,LA,,
6772,10702,1.0,NA,,
6772,10702,2.0,LA,,
6772,10702,3.0,EMEA,,
6772,10702,4.0,AP,,
6780,10782,1.0,NA,,
6781,10783,1.0,NA,,
6783,10785,1.0,NA,,
6791,10825,3.0,EMEA,,
6797,10861,1.0,NA,16.0,Buffalo / Tonawanda
6799,10881,1.0,NA,,
6801,10883,1.0,NA,,
6808,10942,1.0,NA,,
6808,10942,2.0,LA,,
6808,10942,3.0,EMEA,,
6808,10942,4.0,AP,,
6818,11004,1.0,NA,,
6818,11004,2.0,LA,,
6818,11004,3.0,EMEA,,
6818,11004,4.0,AP,,
6825,11025,1.0,NA,,
6825,11025,2.0,LA,,
6825,11025,3.0,EMEA,,
6825,11025,4.0,AP,,
6841,11105,1.0,NA,,
6841,11105,2.0,LA,,
6841,11105,3.0,EMEA,,
6841,11105,4.0,AP,,
6845,11109,,,,
6852,11162,4.0,AP,,
6857,11221,1.0,NA,10.0,Napanee
6861,11261,3.0,EMEA,,
6871,11325,1.0,NA,,
6871,11325,2.0,LA,,
6871,11325,3.0,EMEA,,
6871,11325,4.0,AP,,
6873,11327,,,,
6875,11341,1.0,NA,,
6875,11341,2.0,LA,,
6875,11341,3.0,EMEA,,
6875,11341,4.0,AP,,
6877,11361,1.0,NA,,
6877,11361,2.0,LA,,
6877,11361,3.0,EMEA,,
6877,11361,4.0,AP,,
6881,11401,1.0,NA,,
6881,11401,2.0,LA,,
6881,11401,3.0,EMEA,,
6881,11401,4.0,AP,,
6905,11521,1.0,NA,,
6913,11601,3.0,EMEA,,
6921,11661,1.0,NA,,
6921,11661,2.0,LA,,
6921,11661,3.0,EMEA,,
6921,11661,4.0,AP,,
6922,11662,1.0,NA,,
6922,11662,2.0,LA,,
6922,11662,3.0,EMEA,,
6922,11662,4.0,AP,,
6628,9804,1.0,NA,,
6629,9805,1.0,NA,,
6641,9883,1.0,NA,,
6661,9961,3.0,EMEA,27.0,South Africa
6667,10021,1.0,NA,,
6679,10121,1.0,NA,,
6679,10121,2.0,LA,,
6679,10121,3.0,EMEA,,
6679,10121,4.0,AP,,
6685,10145,2.0,LA,,
6695,10201,1.0,NA,,
6699,10241,3.0,EMEA,,
6701,10243,3.0,EMEA,,
6714,10342,3.0,EMEA,,
6715,10343,3.0,EMEA,,
6723,10421,4.0,AP,,
6733,10465,1.0,NA,,
6733,10465,2.0,LA,,
6733,10465,3.0,EMEA,,
6733,10465,4.0,AP,,
6751,10581,1.0,NA,,
6752,10582,1.0,NA,,
6757,10601,2.0,LA,,
6759,10621,4.0,AP,,
6762,10624,3.0,EMEA,,
6775,10741,3.0,EMEA,,
6795,10841,1.0,NA,,
6795,10841,2.0,LA,,
6795,10841,3.0,EMEA,,
6795,10841,4.0,AP,,
6811,10961,4.0,AP,,
6817,11003,1.0,NA,,
6817,11003,2.0,LA,,
6817,11003,3.0,EMEA,,
6817,11003,4.0,AP,,
6821,11021,1.0,NA,,
6821,11021,2.0,LA,,
6821,11021,3.0,EMEA,,
6821,11021,4.0,AP,,
6827,11041,2.0,LA,,
6837,11101,1.0,NA,,
6842,11106,1.0,NA,,
6842,11106,2.0,LA,,
6842,11106,3.0,EMEA,,
6842,11106,4.0,AP,,
6863,11281,3.0,EMEA,,
6872,11326,2.0,LA,,
6885,11441,1.0,NA,,
6925,11665,1.0,NA,,
6925,11665,2.0,LA,,
6925,11665,3.0,EMEA,,
6925,11665,4.0,AP,,
6929,11701,3.0,EMEA,,
6931,11721,1.0,NA,,
6931,11721,2.0,LA,,
6931,11721,3.0,EMEA,,
6931,11721,4.0,AP,,
6933,11741,4.0,AP,39.0,Taiwan
6934,11742,,,,
6634,9842,1.0,NA,,
6634,9842,2.0,LA,,
6634,9842,4.0,AP,,
6646,9888,1.0,NA,,
6647,9889,1.0,NA,,
6648,9890,1.0,NA,,
6650,9892,1.0,NA,,
6653,9901,1.0,NA,,
6658,9942,3.0,EMEA,,
6662,9962,1.0,NA,,
6662,9962,2.0,LA,,
6662,9962,3.0,EMEA,52.0,Fuerstenwalde
6662,9962,4.0,AP,,
6664,9982,1.0,NA,,
6666,10002,1.0,NA,,
6666,10002,2.0,LA,,
6666,10002,3.0,EMEA,,
6666,10002,4.0,AP,,
6681,10141,1.0,NA,,
6688,10162,1.0,NA,,
6688,10162,2.0,LA,,
6688,10162,3.0,EMEA,,
6688,10162,4.0,AP,,
6691,10165,1.0,NA,,
6691,10165,2.0,LA,,
6691,10165,3.0,EMEA,,
6691,10165,4.0,AP,,
6693,10181,1.0,NA,,
6711,10323,3.0,EMEA,51.0,Wittlich
6734,10466,2.0,LA,,
6738,10502,1.0,NA,,
6739,10503,1.0,NA,,
6743,10521,1.0,NA,,
6761,10623,2.0,LA,,
6765,10643,3.0,EMEA,,
6773,10721,2.0,LA,,
6802,10884,1.0,NA,,
6803,10901,1.0,NA,,
6805,10921,1.0,NA,,
6810,10944,,,,
6813,10981,1.0,NA,,
6815,11001,1.0,NA,,
6815,11001,2.0,LA,,
6815,11001,3.0,EMEA,,
6815,11001,4.0,AP,,
6829,11061,1.0,NA,,
6829,11061,2.0,LA,,
6829,11061,3.0,EMEA,,
6829,11061,4.0,AP,,
6830,11062,1.0,NA,,
6830,11062,2.0,LA,,
6830,11062,3.0,EMEA,,
6830,11062,4.0,AP,,
6831,11063,1.0,NA,,
6831,11063,2.0,LA,,
6831,11063,3.0,EMEA,,
6831,11063,4.0,AP,,
6839,11103,1.0,NA,,
6839,11103,2.0,LA,,
6839,11103,3.0,EMEA,,
6839,11103,4.0,AP,,
6846,11110,1.0,NA,,
6846,11110,2.0,LA,,
6846,11110,3.0,EMEA,,
6846,11110,4.0,AP,,
6949,11861,1.0,NA,,
6954,11884,1.0,NA,,
6954,11884,2.0,LA,,
6954,11884,3.0,EMEA,,
6954,11884,4.0,AP,,
6955,11901,1.0,NA,,
6955,11901,2.0,LA,,
6955,11901,3.0,EMEA,,
6955,11901,4.0,AP,,
6963,11941,2.0,LA,33.0,Colombia
6964,11942,1.0,NA,,
6964,11942,2.0,LA,33.0,Colombia
6964,11942,3.0,EMEA,,
6964,11942,4.0,AP,,
6997,12161,,,,
7010,12208,1.0,NA,,
7010,12208,2.0,LA,,
7010,12208,3.0,EMEA,,
7010,12208,4.0,AP,,
7011,12209,1.0,NA,,
7011,12209,2.0,LA,,
7011,12209,3.0,EMEA,,
7011,12209,4.0,AP,,
7021,12263,1.0,NA,,
7021,12263,2.0,LA,,
7021,12263,3.0,EMEA,,
7021,12263,4.0,AP,,
7042,12382,,,,
7043,12401,1.0,NA,,
7043,12401,2.0,LA,,
7043,12401,3.0,EMEA,,
7043,12401,4.0,AP,,
7050,12442,3.0,EMEA,,
7064,12524,1.0,NA,,
7064,12524,2.0,LA,,
7068,12528,1.0,NA,,
7068,12528,2.0,LA,,
7092,12642,1.0,NA,,
7092,12642,2.0,LA,,
7092,12642,3.0,EMEA,,
7092,12642,4.0,AP,,
7095,12661,,,,
7105,12741,1.0,NA,,
7105,12741,2.0,LA,,
7105,12741,3.0,EMEA,,
7105,12741,4.0,AP,,
7110,12764,1.0,NA,10.0,Napanee
7110,12764,2.0,LA,,
7122,12822,1.0,NA,,
7122,12822,2.0,LA,,
7122,12822,3.0,EMEA,,
7122,12822,4.0,AP,,
7128,12844,,,,
7137,12853,1.0,NA,,
7137,12853,2.0,LA,,
7137,12853,3.0,EMEA,,
7137,12853,4.0,AP,,
7147,12941,1.0,NA,,
7148,12942,1.0,NA,,
7152,12946,1.0,NA,,
7152,12946,2.0,LA,,
7152,12946,3.0,EMEA,,
7152,12946,4.0,AP,,
7166,12957,3.0,EMEA,,
7167,12958,1.0,NA,,
7167,12958,2.0,LA,,
7167,12958,3.0,EMEA,,
7167,12958,4.0,AP,,
7169,12959,1.0,NA,14.0,ICM*A
7169,12959,2.0,LA,,
7181,12970,1.0,NA,,
7181,12970,2.0,LA,,
7181,12970,3.0,EMEA,,
7181,12970,4.0,AP,,
7199,12982,1.0,NA,,
7199,12982,2.0,LA,,
7199,12982,3.0,EMEA,,
7199,12982,4.0,AP,,
7208,12989,1.0,NA,,
7208,12989,3.0,EMEA,,
7212,12993,2.0,LA,,
6965,11961,1.0,NA,,
6965,11961,2.0,LA,,
6965,11961,3.0,EMEA,,
6965,11961,4.0,AP,,
6966,11962,,,,
6968,11964,,,,
6981,12041,1.0,NA,,
6981,12041,2.0,LA,,
6981,12041,4.0,AP,,
7015,12223,1.0,NA,,
7015,12223,2.0,LA,,
7015,12223,3.0,EMEA,,
7015,12223,4.0,AP,,
7029,12301,1.0,NA,,
7031,12321,1.0,NA,,
7039,12361,1.0,NA,,
7039,12361,2.0,LA,,
7039,12361,3.0,EMEA,,
7039,12361,4.0,AP,,
7046,12404,4.0,AP,,
7048,12422,1.0,NA,,
7055,12501,1.0,NA,,
7055,12501,2.0,LA,,
7055,12501,3.0,EMEA,,
7055,12501,4.0,AP,,
7058,12504,1.0,NA,,
7058,12504,2.0,LA,,
7058,12504,3.0,EMEA,,
7058,12504,4.0,AP,,
7069,12529,1.0,NA,,
7069,12529,2.0,LA,,
7069,12529,3.0,EMEA,,
7069,12529,4.0,AP,,
7087,12601,1.0,NA,,
7087,12601,2.0,LA,,
7087,12601,3.0,EMEA,,
7087,12601,4.0,AP,,
7108,12762,1.0,NA,4.0,Union City
7108,12762,2.0,LA,,
7130,12846,,,,
7145,12921,3.0,EMEA,,
7150,12944,1.0,NA,,
7150,12944,2.0,LA,,
7150,12944,3.0,EMEA,,
7150,12944,4.0,AP,,
7151,12945,1.0,NA,,
7151,12945,2.0,LA,,
7151,12945,3.0,EMEA,,
7151,12945,4.0,AP,,
7153,12947,1.0,NA,,
7153,12947,2.0,LA,,
7153,12947,3.0,EMEA,,
7153,12947,4.0,AP,,
7165,12956,3.0,EMEA,,
7172,12961,3.0,EMEA,21.0,Luxembourg
7183,12971,1.0,NA,,
7183,12971,2.0,LA,,
7183,12971,4.0,AP,,
7203,12985,1.0,NA,,
7203,12985,2.0,LA,,
7203,12985,3.0,EMEA,,
7203,12985,4.0,AP,,
7206,12987,1.0,NA,,
7206,12987,2.0,LA,,
7206,12987,3.0,EMEA,,
7206,12987,4.0,AP,,
7217,12997,1.0,NA,,
7217,12997,2.0,LA,,
7217,12997,3.0,EMEA,,
7217,12997,4.0,AP,,
7223,13002,1.0,NA,,
7223,13002,2.0,LA,,
7223,13002,3.0,EMEA,,
7228,13005,1.0,NA,,
7233,13009,,,,
7235,13010,3.0,EMEA,,
7245,13020,3.0,EMEA,21.0,Luxembourg
7247,13021,1.0,NA,,
7247,13021,2.0,LA,,
7247,13021,3.0,EMEA,,
7247,13021,4.0,AP,,
7248,13022,1.0,NA,,
7248,13022,2.0,LA,,
7248,13022,3.0,EMEA,,
7248,13022,4.0,AP,,
7252,13026,1.0,NA,,
7252,13026,2.0,LA,,
7252,13026,3.0,EMEA,,
7252,13026,4.0,AP,,
7253,13027,3.0,EMEA,,
7254,13028,3.0,EMEA,,
6958,11904,1.0,NA,,
6958,11904,2.0,LA,,
6958,11904,3.0,EMEA,,
6958,11904,4.0,AP,,
6986,12082,1.0,NA,,
7007,12205,3.0,EMEA,,
7063,12523,1.0,NA,,
7063,12523,2.0,LA,,
7070,12530,1.0,NA,,
7070,12530,2.0,LA,,
7070,12530,3.0,EMEA,,
7070,12530,4.0,AP,,
7073,12533,4.0,AP,,
7109,12763,1.0,NA,3.0,Topeka
7109,12763,2.0,LA,,
7125,12841,1.0,NA,,
7125,12841,2.0,LA,,
7125,12841,3.0,EMEA,,
7125,12841,4.0,AP,,
7126,12842,,,,
7193,12978,2.0,LA,,
7207,12988,1.0,NA,,
7207,12988,2.0,LA,,
7207,12988,3.0,EMEA,,
7207,12988,4.0,AP,,
7209,12990,1.0,NA,,
7213,12994,2.0,LA,,
7215,12995,1.0,NA,,
7215,12995,2.0,LA,,
7215,12995,3.0,EMEA,,
7215,12995,4.0,AP,,
7220,12999,4.0,AP,,
7255,13029,1.0,NA,,
7255,13029,2.0,LA,,
7255,13029,3.0,EMEA,,
7255,13029,4.0,AP,,
7257,13030,1.0,NA,,
7257,13030,2.0,LA,,
7257,13030,3.0,EMEA,,
7257,13030,4.0,AP,,
7260,13033,1.0,NA,,
7260,13033,2.0,LA,,
7260,13033,3.0,EMEA,,
7260,13033,4.0,AP,,
7263,13035,1.0,NA,,
7263,13035,2.0,LA,,
7263,13035,3.0,EMEA,,
7263,13035,4.0,AP,,
7264,13036,1.0,NA,,
7265,13037,1.0,NA,,
7267,13039,1.0,NA,,
7268,13040,1.0,NA,,
7268,13040,2.0,LA,,
7268,13040,3.0,EMEA,,
7268,13040,4.0,AP,,
7272,13044,1.0,NA,,
7272,13044,2.0,LA,,
7272,13044,3.0,EMEA,,
7272,13044,4.0,AP,,
7274,13046,2.0,LA,,
7276,13048,1.0,NA,,
7276,13048,2.0,LA,,
7276,13048,3.0,EMEA,,
7276,13048,4.0,AP,,
7277,13049,1.0,NA,,
7277,13049,2.0,LA,,
7277,13049,3.0,EMEA,,
7277,13049,4.0,AP,,
7279,13051,1.0,NA,,
7279,13051,2.0,LA,,
7279,13051,3.0,EMEA,,
7279,13051,4.0,AP,,
7280,13052,1.0,NA,,
7281,13053,1.0,NA,,
6943,11821,2.0,LA,,
6953,11883,1.0,NA,,
6953,11883,2.0,LA,,
6953,11883,3.0,EMEA,,
6953,11883,4.0,AP,,
6975,12005,1.0,NA,,
6975,12005,2.0,LA,,
6975,12005,3.0,EMEA,,
6975,12005,4.0,AP,,
6979,12023,1.0,NA,,
6979,12023,2.0,LA,,
6979,12023,3.0,EMEA,,
6979,12023,4.0,AP,,
6984,12062,1.0,NA,,
6984,12062,2.0,LA,,
6984,12062,3.0,EMEA,,
6984,12062,4.0,AP,,
6995,12143,1.0,NA,,
6995,12143,2.0,LA,,
6995,12143,3.0,EMEA,,
6995,12143,4.0,AP,,
7004,12202,1.0,NA,,
7004,12202,2.0,LA,,
7004,12202,3.0,EMEA,,
7004,12202,4.0,AP,,
7013,12221,4.0,AP,44.0,Dalian
7025,12283,3.0,EMEA,,
7028,12286,3.0,EMEA,,
7051,12461,1.0,NA,,
7051,12461,2.0,LA,,
7051,12461,3.0,EMEA,,
7051,12461,4.0,AP,,
7061,12521,3.0,EMEA,,
7065,12525,1.0,NA,,
7065,12525,2.0,LA,,
7077,12543,1.0,NA,,
7077,12543,2.0,LA,,
7077,12543,3.0,EMEA,,
7077,12543,4.0,AP,,
7091,12641,1.0,NA,,
7091,12641,2.0,LA,,
7091,12641,3.0,EMEA,,
7091,12641,4.0,AP,,
7097,12681,1.0,NA,,
7097,12681,2.0,LA,,
7097,12681,3.0,EMEA,,
7097,12681,4.0,AP,,
7113,12781,1.0,NA,,
7113,12781,2.0,LA,30.0,Americana
7115,12783,2.0,LA,,
7129,12845,,,,
7132,12848,,,,
7135,12851,,,,
7136,12852,1.0,NA,,
7136,12852,2.0,LA,,
7136,12852,3.0,EMEA,,
7136,12852,4.0,AP,,
7211,12992,1.0,NA,,
7211,12992,2.0,LA,,
7211,12992,3.0,EMEA,,
7211,12992,4.0,AP,,
7216,12996,3.0,EMEA,,
7221,13000,1.0,NA,,
7221,13000,2.0,LA,,
7221,13000,4.0,AP,,
7229,13006,1.0,NA,,
7249,13023,1.0,NA,,
7249,13023,2.0,LA,,
7249,13023,3.0,EMEA,,
7249,13023,4.0,AP,,
7251,13025,1.0,NA,,
7251,13025,2.0,LA,,
7251,13025,3.0,EMEA,,
7251,13025,4.0,AP,,
7258,13031,1.0,NA,,
7258,13031,2.0,LA,,
7258,13031,3.0,EMEA,,
7258,13031,4.0,AP,,
7261,13034,1.0,NA,,
7261,13034,2.0,LA,,
7261,13034,3.0,EMEA,,
7261,13034,4.0,AP,,
7275,13047,1.0,NA,,
7275,13047,2.0,LA,,
7275,13047,3.0,EMEA,,
7275,13047,4.0,AP,,
6962,11922,1.0,NA,,
6962,11922,2.0,LA,,
6962,11922,3.0,EMEA,,
6962,11922,4.0,AP,,
6980,12024,1.0,NA,,
6980,12024,2.0,LA,,
6980,12024,3.0,EMEA,,
6980,12024,4.0,AP,,
6987,12083,1.0,NA,,
6989,12101,1.0,NA,,
6989,12101,2.0,LA,,
6989,12101,3.0,EMEA,,
6989,12101,4.0,AP,,
7008,12206,1.0,NA,,
7008,12206,2.0,LA,,
7008,12206,3.0,EMEA,,
7008,12206,4.0,AP,,
7016,12224,,,,
7056,12502,1.0,NA,,
7056,12502,2.0,LA,,
7056,12502,3.0,EMEA,,
7056,12502,4.0,AP,,
7057,12503,1.0,NA,,
7057,12503,2.0,LA,,
7057,12503,3.0,EMEA,,
7057,12503,4.0,AP,,
7059,12505,1.0,NA,,
7059,12505,2.0,LA,,
7059,12505,3.0,EMEA,,
7059,12505,4.0,AP,,
7060,12506,3.0,EMEA,,
7074,12534,1.0,NA,,
7075,12541,3.0,EMEA,,
7082,12582,1.0,NA,,
7082,12582,2.0,LA,,
7082,12582,3.0,EMEA,,
7082,12582,4.0,AP,,
7085,12585,3.0,EMEA,18.0,Debica
7099,12701,2.0,LA,,
7099,12701,3.0,EMEA,,
7099,12701,4.0,AP,,
7101,12721,1.0,NA,2.0,Gadsden
7101,12721,2.0,LA,,
7111,12765,1.0,NA,1.0,Danville
7111,12765,2.0,LA,,
7116,12784,2.0,LA,35.0,Peru
7117,12785,2.0,LA,36.0,Venezuela
7131,12847,,,,
7134,12850,,,,
7160,12952,3.0,EMEA,,
7176,12965,1.0,NA,,
7176,12965,2.0,LA,,
7176,12965,3.0,EMEA,,
7176,12965,4.0,AP,,
7179,12968,1.0,NA,,
7179,12968,2.0,LA,,
7179,12968,3.0,EMEA,,
7179,12968,4.0,AP,,
7180,12969,1.0,NA,,
7180,12969,2.0,LA,,
7180,12969,3.0,EMEA,,
7180,12969,4.0,AP,,
7191,12977,1.0,NA,,
7191,12977,2.0,LA,,
7191,12977,3.0,EMEA,,
7191,12977,4.0,AP,,
7200,12983,1.0,NA,,
7200,12983,2.0,LA,,
7200,12983,3.0,EMEA,,
7200,12983,4.0,AP,,
7201,12984,3.0,EMEA,,
7225,13003,2.0,LA,36.0,Venezuela
7250,13024,1.0,NA,,
7250,13024,2.0,LA,,
7250,13024,3.0,EMEA,,
7250,13024,4.0,AP,,
7259,13032,1.0,NA,,
7259,13032,2.0,LA,,
7259,13032,3.0,EMEA,,
7259,13032,4.0,AP,,
7266,13038,1.0,NA,,
7273,13045,1.0,NA,,
7278,13050,1.0,NA,,
7278,13050,2.0,LA,,
7278,13050,3.0,EMEA,,
7278,13050,4.0,AP,,
6945,11841,3.0,EMEA,,
6946,11842,1.0,NA,,
6947,11843,3.0,EMEA,,
6951,11881,1.0,NA,,
6951,11881,2.0,LA,,
6951,11881,3.0,EMEA,,
6951,11881,4.0,AP,,
6952,11882,1.0,NA,,
6952,11882,2.0,LA,,
6952,11882,3.0,EMEA,,
6952,11882,4.0,AP,,
6956,11902,1.0,NA,,
6956,11902,2.0,LA,,
6956,11902,3.0,EMEA,,
6956,11902,4.0,AP,,
6961,11921,1.0,NA,,
6961,11921,2.0,LA,,
6961,11921,3.0,EMEA,,
6961,11921,4.0,AP,,
6969,11981,3.0,EMEA,49.0,Montlucon
6988,12084,1.0,NA,,
6991,12121,1.0,NA,,
6998,12162,1.0,NA,,
6999,12181,,,,
7009,12207,1.0,NA,,
7009,12207,2.0,LA,,
7009,12207,3.0,EMEA,,
7009,12207,4.0,AP,,
7017,12241,1.0,NA,,
7017,12241,2.0,LA,,
7017,12241,3.0,EMEA,,
7017,12241,4.0,AP,,
7027,12285,3.0,EMEA,,
7034,12342,1.0,NA,,
7034,12342,2.0,LA,,
7034,12342,3.0,EMEA,,
7034,12342,4.0,AP,,
7047,12421,4.0,AP,45.0,Ballabgarh
7049,12441,,,,
7071,12531,1.0,NA,,
7071,12531,2.0,LA,,
7071,12531,3.0,EMEA,,
7071,12531,4.0,AP,,
7076,12542,3.0,EMEA,,
7114,12782,,,,
7123,12823,1.0,NA,,
7123,12823,2.0,LA,,
7123,12823,3.0,EMEA,,
7123,12823,4.0,AP,44.0,Dalian
7133,12849,,,,
7139,12861,1.0,NA,,
7139,12861,2.0,LA,,
7139,12861,3.0,EMEA,,
7139,12861,4.0,AP,,
7149,12943,1.0,NA,,
7149,12943,2.0,LA,,
7149,12943,3.0,EMEA,,
7149,12943,4.0,AP,,
7159,12951,3.0,EMEA,,
7173,12962,1.0,NA,,
7173,12962,2.0,LA,,
7173,12962,3.0,EMEA,,
7173,12962,4.0,AP,,
7174,12963,1.0,NA,,
7174,12963,2.0,LA,,
7174,12963,3.0,EMEA,,
7174,12963,4.0,AP,,
7184,12972,1.0,NA,,
7184,12972,2.0,LA,,
7184,12972,3.0,EMEA,,
7184,12972,4.0,AP,,
7189,12976,1.0,NA,,
7205,12986,1.0,NA,,
7205,12986,2.0,LA,,
7205,12986,3.0,EMEA,,
7205,12986,4.0,AP,,
7210,12991,1.0,NA,,
7210,12991,2.0,LA,,
7210,12991,3.0,EMEA,,
7210,12991,4.0,AP,,
7231,13007,1.0,NA,,
7231,13007,2.0,LA,,
7231,13007,3.0,EMEA,,
7231,13007,4.0,AP,,
6971,12001,,,,
6972,12002,2.0,LA,,
6982,12042,1.0,NA,,
6982,12042,2.0,LA,,
6982,12042,3.0,EMEA,,
6982,12042,4.0,AP,,
6985,12081,3.0,EMEA,,
7003,12201,1.0,NA,,
7003,12201,2.0,LA,,
7003,12201,3.0,EMEA,,
7003,12201,4.0,AP,,
7006,12204,1.0,NA,,
7006,12204,2.0,LA,,
7006,12204,3.0,EMEA,,
7006,12204,4.0,AP,,
7014,12222,4.0,AP,39.0,Taiwan
7019,12261,1.0,NA,,
7019,12261,2.0,LA,,
7019,12261,3.0,EMEA,,
7019,12261,4.0,AP,,
7023,12281,3.0,EMEA,,
7026,12284,3.0,EMEA,,
7033,12341,1.0,NA,,
7033,12341,2.0,LA,,
7033,12341,3.0,EMEA,,
7033,12341,4.0,AP,,
7035,12343,1.0,NA,,
7044,12402,1.0,NA,,
7044,12402,2.0,LA,,
7044,12402,3.0,EMEA,,
7044,12402,4.0,AP,,
7045,12403,1.0,NA,,
7045,12403,2.0,LA,,
7045,12403,3.0,EMEA,,
7045,12403,4.0,AP,,
7066,12526,1.0,NA,,
7066,12526,2.0,LA,,
7081,12581,1.0,NA,,
7081,12581,2.0,LA,,
7081,12581,3.0,EMEA,,
7081,12581,4.0,AP,,
7083,12583,3.0,EMEA,18.0,Debica
7084,12584,3.0,EMEA,18.0,Debica
7089,12621,,,,
7094,12644,1.0,NA,,
7103,12723,1.0,NA,,
7107,12761,1.0,NA,,
7107,12761,2.0,LA,,
7107,12761,3.0,EMEA,,
7107,12761,4.0,AP,,
7119,12801,,,,
7127,12843,,,,
7141,12881,3.0,EMEA,,
7142,12882,,,,
7143,12901,1.0,NA,,
7155,12948,1.0,NA,,
7155,12948,2.0,LA,,
7155,12948,3.0,EMEA,,
7155,12948,4.0,AP,,
7157,12949,1.0,NA,1.0,Danville
7157,12949,2.0,LA,,
7157,12949,3.0,EMEA,,
7157,12949,4.0,AP,,
7161,12953,3.0,EMEA,,
7163,12955,3.0,EMEA,,
7186,12974,1.0,NA,,
7186,12974,2.0,LA,,
7186,12974,4.0,AP,,
7219,12998,1.0,NA,,
7219,12998,2.0,LA,,
7219,12998,3.0,EMEA,,
7219,12998,4.0,AP,,
7227,13004,4.0,AP,,
7232,13008,1.0,NA,,
6941,11801,4.0,AP,,
6957,11903,1.0,NA,,
6957,11903,2.0,LA,,
6957,11903,3.0,EMEA,,
6957,11903,4.0,AP,,
6959,11905,1.0,NA,,
6959,11905,2.0,LA,,
6959,11905,3.0,EMEA,,
6959,11905,4.0,AP,,
6967,11963,3.0,EMEA,,
6983,12061,1.0,NA,,
6983,12061,2.0,LA,,
6983,12061,3.0,EMEA,,
6983,12061,4.0,AP,,
6993,12141,1.0,NA,,
6993,12141,2.0,LA,,
6993,12141,3.0,EMEA,,
6993,12141,4.0,AP,,
6994,12142,1.0,NA,,
6994,12142,2.0,LA,,
6994,12142,3.0,EMEA,,
6994,12142,4.0,AP,,
7005,12203,1.0,NA,,
7005,12203,2.0,LA,,
7005,12203,3.0,EMEA,,
7005,12203,4.0,AP,,
7020,12262,1.0,NA,,
7020,12262,2.0,LA,,
7020,12262,3.0,EMEA,,
7020,12262,4.0,AP,,
7024,12282,3.0,EMEA,,
7036,12344,1.0,NA,,
7037,12345,1.0,NA,,
7037,12345,2.0,LA,,
7037,12345,3.0,EMEA,,
7037,12345,4.0,AP,,
7041,12381,1.0,NA,,
7041,12381,2.0,LA,,
7041,12381,3.0,EMEA,,
7041,12381,4.0,AP,,
7053,12481,1.0,NA,,
7054,12482,1.0,NA,,
7062,12522,3.0,EMEA,,
7067,12527,1.0,NA,,
7067,12527,2.0,LA,,
7072,12532,4.0,AP,,
7079,12561,1.0,NA,,
7079,12561,2.0,LA,,
7079,12561,3.0,EMEA,,
7079,12561,4.0,AP,,
7093,12643,1.0,NA,,
7102,12722,1.0,NA,,
7121,12821,1.0,NA,,
7121,12821,2.0,LA,,
7121,12821,3.0,EMEA,,
7121,12821,4.0,AP,,
7158,12950,1.0,NA,,
7158,12950,2.0,LA,,
7158,12950,3.0,EMEA,,
7158,12950,4.0,AP,,
7162,12954,1.0,NA,,
7162,12954,2.0,LA,,
7162,12954,3.0,EMEA,,
7162,12954,4.0,AP,,
7171,12960,1.0,NA,,
7171,12960,2.0,LA,,
7171,12960,3.0,EMEA,,
7175,12964,1.0,NA,,
7175,12964,2.0,LA,,
7175,12964,3.0,EMEA,,
7175,12964,4.0,AP,,
7177,12966,1.0,NA,,
7177,12966,2.0,LA,,
7177,12966,3.0,EMEA,,
7177,12966,4.0,AP,,
7178,12967,1.0,NA,,
7178,12967,2.0,LA,,
7178,12967,3.0,EMEA,,
7178,12967,4.0,AP,,
7185,12973,1.0,NA,,
7185,12973,2.0,LA,,
7185,12973,4.0,AP,,
7187,12975,1.0,NA,,
7187,12975,2.0,LA,,
7187,12975,3.0,EMEA,,
7187,12975,4.0,AP,,
7222,13001,1.0,NA,,
7222,13001,2.0,LA,,
7222,13001,3.0,EMEA,,
7222,13001,4.0,AP,,
7294,13065,1.0,NA,,
7294,13065,2.0,LA,,
7300,13070,1.0,NA,56.0,Chem Beaumont
7314,13078,3.0,EMEA,27.0,South Africa
7315,13079,3.0,EMEA,28.0,Wolverhampton
7316,13080,3.0,EMEA,28.0,Wolverhampton
7318,13082,,,,
7331,13091,4.0,AP,,
7333,13092,1.0,NA,,
7346,13102,1.0,NA,,
7351,13105,,,,
7359,13111,,,,
7362,13113,1.0,NA,,
7362,13113,2.0,LA,,
7362,13113,3.0,EMEA,,
7362,13113,4.0,AP,,
7369,13119,1.0,NA,,
7369,13119,2.0,LA,,
7369,13119,3.0,EMEA,,
7369,13119,4.0,AP,,
7373,13121,1.0,NA,,
7373,13121,2.0,LA,,
7373,13121,3.0,EMEA,,
7373,13121,4.0,AP,,
7375,13122,1.0,NA,,
7375,13122,2.0,LA,,
7375,13122,3.0,EMEA,,
7375,13122,4.0,AP,,
7391,13133,1.0,NA,,
7391,13133,2.0,LA,,
7391,13133,3.0,EMEA,,
7391,13133,4.0,AP,,
7393,13134,3.0,EMEA,,
7395,13135,1.0,NA,,
7395,13135,2.0,LA,,
7395,13135,3.0,EMEA,,
7395,13135,4.0,AP,,
7397,13136,1.0,NA,,
7424,13155,1.0,NA,,
7425,13156,1.0,NA,,
7425,13156,2.0,LA,,
7432,13161,1.0,NA,,
7432,13161,2.0,LA,,
7432,13161,3.0,EMEA,,
7432,13161,4.0,AP,,
7433,13162,3.0,EMEA,,
7452,13174,1.0,NA,,
7452,13174,2.0,LA,,
7452,13174,4.0,AP,,
7456,13177,1.0,NA,,
7488,13203,1.0,NA,,
7497,13210,3.0,EMEA,,
7505,13217,1.0,NA,,
7505,13217,2.0,LA,,
7505,13217,3.0,EMEA,,
7505,13217,4.0,AP,,
7509,13221,2.0,LA,36.0,Venezuela
7513,13224,1.0,NA,,
7513,13224,2.0,LA,,
7513,13224,3.0,EMEA,,
7513,13224,4.0,AP,,
7520,13230,3.0,EMEA,19.0,Philippsburg
7521,13231,3.0,EMEA,24.0,Sava
7527,13234,1.0,NA,,
7527,13234,2.0,LA,,
7527,13234,3.0,EMEA,,
7527,13234,4.0,AP,,
7285,13056,1.0,NA,,
7285,13056,2.0,LA,,
7285,13056,3.0,EMEA,,
7285,13056,4.0,AP,,
7293,13064,1.0,NA,,
7293,13064,2.0,LA,,
7293,13064,3.0,EMEA,,
7293,13064,4.0,AP,,
7295,13066,1.0,NA,,
7295,13066,2.0,LA,,
7295,13066,3.0,EMEA,,
7295,13066,4.0,AP,,
7305,13073,3.0,EMEA,,
7335,13094,1.0,NA,,
7335,13094,2.0,LA,,
7335,13094,3.0,EMEA,,
7335,13094,4.0,AP,,
7337,13096,1.0,NA,,
7337,13096,2.0,LA,,
7337,13096,3.0,EMEA,,
7337,13096,4.0,AP,,
7363,13114,1.0,NA,,
7363,13114,2.0,LA,,
7363,13114,3.0,EMEA,,
7363,13114,4.0,AP,,
7366,13116,1.0,NA,,
7366,13116,2.0,LA,,
7366,13116,3.0,EMEA,,
7366,13116,4.0,AP,,
7368,13118,1.0,NA,,
7368,13118,2.0,LA,,
7368,13118,3.0,EMEA,,
7368,13118,4.0,AP,,
7383,13128,1.0,NA,,
7383,13128,2.0,LA,,
7383,13128,3.0,EMEA,,
7383,13128,4.0,AP,,
7387,13131,1.0,NA,,
7387,13131,2.0,LA,,
7387,13131,3.0,EMEA,,
7387,13131,4.0,AP,,
7416,13148,1.0,NA,,
7416,13148,2.0,LA,,
7416,13148,3.0,EMEA,,
7416,13148,4.0,AP,,
7480,13197,1.0,NA,9.0,Medicine Hat
7485,13200,1.0,NA,9.0,Medicine Hat
7489,13204,1.0,NA,,
7490,13205,1.0,NA,,
7523,13232,1.0,NA,3.0,Topeka
7533,13238,1.0,NA,,
7533,13238,2.0,LA,,
7533,13238,3.0,EMEA,,
7533,13238,4.0,AP,,
7555,13254,1.0,NA,,
7555,13254,2.0,LA,,
7555,13254,3.0,EMEA,,
7555,13254,4.0,AP,,
7563,13259,1.0,NA,,
7563,13259,2.0,LA,,
7563,13259,3.0,EMEA,,
7563,13259,4.0,AP,,
7565,13260,1.0,NA,,
7565,13260,2.0,LA,,
7565,13260,3.0,EMEA,,
7565,13260,4.0,AP,,
7567,13261,1.0,NA,,
7567,13261,2.0,LA,,
7567,13261,3.0,EMEA,,
7567,13261,4.0,AP,,
7568,13262,1.0,NA,,
7568,13262,2.0,LA,,
7568,13262,3.0,EMEA,,
7568,13262,4.0,AP,,
7325,13087,1.0,NA,,
7325,13087,2.0,LA,,
7325,13087,3.0,EMEA,,
7325,13087,4.0,AP,,
7328,13089,1.0,NA,,
7328,13089,2.0,LA,,
7328,13089,3.0,EMEA,,
7328,13089,4.0,AP,,
7384,13129,1.0,NA,57.0,Chem Houston
7401,13139,1.0,NA,,
7401,13139,2.0,LA,,
7401,13139,3.0,EMEA,,
7401,13139,4.0,AP,,
7403,13140,1.0,NA,,
7403,13140,2.0,LA,,
7403,13140,3.0,EMEA,,
7403,13140,4.0,AP,,
7415,13147,1.0,NA,,
7427,13157,1.0,NA,,
7434,13163,3.0,EMEA,,
7437,13165,1.0,NA,,
7437,13165,2.0,LA,,
7437,13165,3.0,EMEA,,
7437,13165,4.0,AP,,
7455,13176,1.0,NA,57.0,Chem Houston
7459,13180,2.0,LA,,
7459,13180,3.0,EMEA,,
7461,13181,1.0,NA,,
7461,13181,2.0,LA,,
7461,13181,4.0,AP,,
7462,13182,2.0,LA,30.0,Americana
7463,13183,2.0,LA,,
7483,13199,1.0,NA,,
7486,13201,1.0,NA,,
7486,13201,2.0,LA,,
7486,13201,3.0,EMEA,,
7486,13201,4.0,AP,,
7506,13218,1.0,NA,,
7506,13218,2.0,LA,,
7506,13218,3.0,EMEA,,
7506,13218,4.0,AP,,
7508,13220,2.0,LA,36.0,Venezuela
7518,13228,3.0,EMEA,52.0,Fuerstenwalde
7540,13243,3.0,EMEA,,
7545,13248,3.0,EMEA,,
7549,13251,1.0,NA,,
7549,13251,2.0,LA,,
7549,13251,3.0,EMEA,,
7549,13251,4.0,AP,,
7557,13255,1.0,NA,,
7558,13256,1.0,NA,,
7558,13256,2.0,LA,,
7558,13256,3.0,EMEA,,
7558,13256,4.0,AP,,
7571,13264,4.0,AP,,
7573,13265,1.0,NA,,
7573,13265,2.0,LA,,
7573,13265,3.0,EMEA,,
7573,13265,4.0,AP,,
7575,13266,3.0,EMEA,,
7576,13267,3.0,EMEA,,
7577,13268,1.0,NA,16.0,Buffalo / Tonawanda
7577,13268,3.0,EMEA,,
7577,13268,1.0,NA,,
7577,13268,3.0,EMEA,49.0,Montlucon
7578,13269,3.0,EMEA,,
7579,13270,1.0,NA,,
7579,13270,2.0,LA,,
7579,13270,3.0,EMEA,,
7579,13270,4.0,AP,,
7581,13271,1.0,NA,,
7581,13271,2.0,LA,,
7581,13271,3.0,EMEA,,
7581,13271,4.0,AP,,
7583,13272,1.0,NA,,
7583,13272,2.0,LA,,
7583,13272,3.0,EMEA,,
7583,13272,4.0,AP,,
7584,13273,1.0,NA,,
7584,13273,2.0,LA,,
7584,13273,3.0,EMEA,,
7584,13273,4.0,AP,,
7585,13274,4.0,AP,,
7286,13057,1.0,NA,,
7286,13057,2.0,LA,,
7286,13057,3.0,EMEA,,
7286,13057,4.0,AP,,
7287,13058,1.0,NA,,
7287,13058,2.0,LA,,
7287,13058,3.0,EMEA,,
7287,13058,4.0,AP,,
7321,13085,1.0,NA,,
7321,13085,2.0,LA,,
7321,13085,3.0,EMEA,,
7321,13085,4.0,AP,,
7327,13088,1.0,NA,,
7327,13088,2.0,LA,,
7327,13088,3.0,EMEA,,
7327,13088,4.0,AP,,
7329,13090,4.0,AP,,
7334,13093,1.0,NA,,
7334,13093,2.0,LA,,
7334,13093,3.0,EMEA,,
7334,13093,4.0,AP,,
7336,13095,1.0,NA,,
7347,13103,1.0,NA,,
7349,13104,1.0,NA,,
7349,13104,2.0,LA,,
7349,13104,3.0,EMEA,,
7349,13104,4.0,AP,,
7358,13110,,,,
7361,13112,1.0,NA,,
7361,13112,2.0,LA,,
7377,13123,3.0,EMEA,,
7379,13125,1.0,NA,,
7379,13125,2.0,LA,,
7379,13125,3.0,EMEA,,
7379,13125,4.0,AP,,
7385,13130,1.0,NA,,
7385,13130,2.0,LA,,
7385,13130,3.0,EMEA,,
7385,13130,4.0,AP,,
7417,13149,1.0,NA,,
7417,13149,2.0,LA,,
7417,13149,3.0,EMEA,,
7417,13149,4.0,AP,,
7430,13159,1.0,NA,,
7431,13160,1.0,NA,,
7439,13167,1.0,NA,,
7441,13168,1.0,NA,,
7441,13168,2.0,LA,,
7441,13168,3.0,EMEA,,
7441,13168,4.0,AP,,
7449,13172,1.0,NA,,
7449,13172,2.0,LA,,
7449,13172,3.0,EMEA,,
7449,13172,4.0,AP,,
7466,13185,1.0,NA,,
7466,13185,2.0,LA,,
7466,13185,3.0,EMEA,,
7466,13185,4.0,AP,,
7475,13192,1.0,NA,14.0,ICM*A
7476,13193,1.0,NA,10.0,Napanee
7477,13194,1.0,NA,5.0,Fayetteville
7478,13195,1.0,NA,5.0,Fayetteville
7479,13196,1.0,NA,2.0,Gadsden
7532,13237,1.0,NA,,
7532,13237,2.0,LA,,
7532,13237,3.0,EMEA,,
7532,13237,4.0,AP,,
7536,13240,1.0,NA,,
7536,13240,2.0,LA,,
7536,13240,3.0,EMEA,,
7536,13240,4.0,AP,,
7559,13257,1.0,NA,,
7559,13257,2.0,LA,,
7559,13257,3.0,EMEA,,
7559,13257,4.0,AP,,
7569,13263,1.0,NA,,
7303,13072,4.0,AP,,
7307,13074,1.0,NA,,
7313,13077,3.0,EMEA,21.0,Luxembourg
7317,13081,1.0,NA,,
7317,13081,2.0,LA,,
7317,13081,3.0,EMEA,,
7317,13081,4.0,AP,,
7323,13086,1.0,NA,,
7341,13098,1.0,NA,,
7341,13098,2.0,LA,,
7341,13098,3.0,EMEA,,
7341,13098,4.0,AP,,
7342,13099,1.0,NA,,
7342,13099,2.0,LA,,
7345,13101,1.0,NA,,
7367,13117,1.0,NA,,
7367,13117,2.0,LA,,
7367,13117,3.0,EMEA,,
7367,13117,4.0,AP,,
7371,13120,,,,
7378,13124,1.0,NA,,
7421,13152,1.0,NA,,
7421,13152,2.0,LA,,
7421,13152,3.0,EMEA,,
7421,13152,4.0,AP,,
7423,13154,1.0,NA,,
7438,13166,2.0,LA,,
7471,13190,1.0,NA,9.0,Medicine Hat
7473,13191,1.0,NA,9.0,Medicine Hat
7487,13202,1.0,NA,,
7491,13206,1.0,NA,,
7491,13206,2.0,LA,,
7493,13207,1.0,NA,,
7493,13207,2.0,LA,,
7493,13207,3.0,EMEA,,
7493,13207,4.0,AP,,
7495,13208,1.0,NA,,
7495,13208,2.0,LA,,
7495,13208,3.0,EMEA,,
7495,13208,4.0,AP,,
7496,13209,1.0,NA,,
7496,13209,2.0,LA,,
7496,13209,3.0,EMEA,,
7496,13209,4.0,AP,,
7507,13219,1.0,NA,,
7507,13219,2.0,LA,,
7507,13219,3.0,EMEA,,
7507,13219,4.0,AP,,
7515,13225,1.0,NA,,
7515,13225,2.0,LA,30.0,Americana
7515,13225,3.0,EMEA,,
7515,13225,4.0,AP,,
7516,13226,1.0,NA,,
7516,13226,2.0,LA,30.0,Americana
7516,13226,3.0,EMEA,,
7516,13226,4.0,AP,,
7517,13227,3.0,EMEA,28.0,Wolverhampton
7519,13229,3.0,EMEA,26.0,Fulda
7525,13233,4.0,AP,,
7531,13236,1.0,NA,,
7531,13236,2.0,LA,,
7531,13236,3.0,EMEA,,
7531,13236,4.0,AP,42.0,Nippon Giant
7535,13239,,,,
7537,13241,,,,
7548,13250,,,,
7553,13253,3.0,EMEA,,
7561,13258,1.0,NA,,
7561,13258,2.0,LA,,
7561,13258,3.0,EMEA,,
7561,13258,4.0,AP,,
7284,13055,1.0,NA,,
7284,13055,2.0,LA,,
7284,13055,3.0,EMEA,,
7284,13055,4.0,AP,,
7297,13067,1.0,NA,,
7297,13067,2.0,LA,,
7297,13067,3.0,EMEA,,
7297,13067,4.0,AP,,
7309,13075,1.0,NA,,
7343,13100,2.0,LA,,
7343,13100,3.0,EMEA,,
7343,13100,4.0,AP,,
7352,13106,,,,
7365,13115,1.0,NA,,
7365,13115,2.0,LA,,
7365,13115,3.0,EMEA,,
7365,13115,4.0,AP,,
7389,13132,,,,
7399,13138,1.0,NA,,
7399,13138,2.0,LA,,
7399,13138,3.0,EMEA,,
7399,13138,4.0,AP,,
7405,13141,1.0,NA,,
7405,13141,2.0,LA,,
7405,13141,3.0,EMEA,,
7405,13141,4.0,AP,,
7406,13142,1.0,NA,,
7406,13142,2.0,LA,,
7406,13142,3.0,EMEA,,
7406,13142,4.0,AP,,
7407,13143,1.0,NA,,
7407,13143,2.0,LA,,
7407,13143,3.0,EMEA,,
7409,13144,2.0,LA,31.0,Sao Paulo
7411,13145,1.0,NA,,
7411,13145,2.0,LA,,
7411,13145,3.0,EMEA,,
7411,13145,4.0,AP,,
7419,13150,1.0,NA,,
7419,13150,2.0,LA,,
7419,13150,3.0,EMEA,,
7419,13150,4.0,AP,,
7422,13153,1.0,NA,,
7422,13153,2.0,LA,,
7422,13153,3.0,EMEA,,
7422,13153,4.0,AP,,
7443,13169,2.0,LA,,
7445,13170,1.0,NA,,
7445,13170,2.0,LA,,
7445,13170,3.0,EMEA,,
7445,13170,4.0,AP,,
7453,13175,,,,
7467,13186,1.0,NA,,
7467,13186,2.0,LA,,
7467,13186,3.0,EMEA,,
7467,13186,4.0,AP,,
7468,13187,1.0,NA,,
7468,13187,2.0,LA,,
7468,13187,3.0,EMEA,,
7468,13187,4.0,AP,,
7469,13188,1.0,NA,,
7469,13188,2.0,LA,,
7469,13188,3.0,EMEA,,
7469,13188,4.0,AP,,
7470,13189,1.0,NA,14.0,ICM*A
7499,13211,1.0,NA,9.0,Medicine Hat
7500,13212,1.0,NA,,
7500,13212,2.0,LA,,
7500,13212,3.0,EMEA,,
7500,13212,4.0,AP,,
7512,13223,,,,
7551,13252,,,,
10979,16332,1.0,NA,,
10979,16332,2.0,LA,,
10979,16332,3.0,EMEA,,
10979,16332,4.0,AP,,
7283,13054,1.0,NA,,
7283,13054,2.0,LA,,
7283,13054,3.0,EMEA,,
7283,13054,4.0,AP,,
7288,13059,1.0,NA,,
7288,13059,2.0,LA,,
7288,13059,3.0,EMEA,,
7288,13059,4.0,AP,,
7289,13060,1.0,NA,,
7289,13060,2.0,LA,,
7290,13061,1.0,NA,,
7290,13061,2.0,LA,,
7291,13062,1.0,NA,,
7291,13062,2.0,LA,,
7292,13063,1.0,NA,,
7292,13063,2.0,LA,,
7299,13069,,,,
7301,13071,,,,
7311,13076,1.0,NA,1.0,Danville
7319,13083,,,,
7320,13084,,,,
7339,13097,1.0,NA,,
7339,13097,2.0,LA,,
7339,13097,3.0,EMEA,,
7339,13097,4.0,AP,,
7353,13107,1.0,NA,,
7353,13107,2.0,LA,,
7353,13107,3.0,EMEA,,
7353,13107,4.0,AP,,
7355,13108,1.0,NA,,
7355,13108,2.0,LA,,
7355,13108,3.0,EMEA,,
7355,13108,4.0,AP,,
7357,13109,,,,
7380,13126,1.0,NA,,
7380,13126,2.0,LA,,
7380,13126,3.0,EMEA,,
7380,13126,4.0,AP,,
7381,13127,1.0,NA,,
7381,13127,2.0,LA,,
7381,13127,3.0,EMEA,,
7381,13127,4.0,AP,,
7398,13137,1.0,NA,,
7413,13146,1.0,NA,,
7413,13146,2.0,LA,,
7413,13146,3.0,EMEA,,
7413,13146,4.0,AP,,
7420,13151,1.0,NA,,
7420,13151,2.0,LA,,
7420,13151,3.0,EMEA,,
7420,13151,4.0,AP,,
7435,13164,,,,
7447,13171,1.0,NA,,
7447,13171,2.0,LA,,
7447,13171,3.0,EMEA,,
7447,13171,4.0,AP,,
7451,13173,1.0,NA,,
7451,13173,2.0,LA,,
7451,13173,3.0,EMEA,,
7451,13173,4.0,AP,,
7465,13184,,,,
7481,13198,1.0,NA,14.0,ICM*A
7504,13216,3.0,EMEA,,
7511,13222,1.0,NA,,
7511,13222,2.0,LA,,
7511,13222,3.0,EMEA,,
7511,13222,4.0,AP,,
7529,13235,1.0,NA,,
7529,13235,2.0,LA,,
7529,13235,3.0,EMEA,,
7529,13235,4.0,AP,,
7539,13242,3.0,EMEA,,
7541,13244,3.0,EMEA,,
7542,13245,3.0,EMEA,,
7543,13246,3.0,EMEA,,
7544,13247,3.0,EMEA,,
7547,13249,1.0,NA,,
7547,13249,2.0,LA,,
7547,13249,3.0,EMEA,,
7547,13249,4.0,AP,,
7595,13281,1.0,NA,,
7609,13292,,,,
7632,13311,3.0,EMEA,24.0,Sava
7639,13315,1.0,NA,,
7639,13315,2.0,LA,,
7639,13315,3.0,EMEA,,
7639,13315,4.0,AP,,
7645,13320,1.0,NA,,
7645,13320,2.0,LA,,
7645,13320,3.0,EMEA,,
7645,13320,4.0,AP,,
7651,13324,1.0,NA,,
7651,13324,2.0,LA,,
7651,13324,3.0,EMEA,,
7651,13324,4.0,AP,,
7671,13340,2.0,LA,,
7676,13344,1.0,NA,,
7676,13344,2.0,LA,,
7676,13344,3.0,EMEA,,
7676,13344,4.0,AP,,
7691,13355,,,,
7741,13393,1.0,NA,,
7741,13393,2.0,LA,,
7741,13393,3.0,EMEA,,
7741,13393,4.0,AP,,
7761,13412,1.0,NA,,
7762,13413,1.0,NA,,
7781,13427,1.0,NA,,
7781,13427,2.0,LA,,
7781,13427,3.0,EMEA,,
7781,13427,4.0,AP,,
7790,13434,1.0,NA,56.0,Chem Beaumont
7798,13439,1.0,NA,,
7798,13439,2.0,LA,,
7798,13439,3.0,EMEA,,
7798,13439,4.0,AP,,
7807,13447,2.0,LA,,
7807,13447,3.0,EMEA,,
7807,13447,4.0,AP,,
7808,13448,1.0,NA,,
7808,13448,2.0,LA,,
7808,13448,3.0,EMEA,,
7808,13448,4.0,AP,,
7821,13461,1.0,NA,,
7821,13461,2.0,LA,,
7821,13461,3.0,EMEA,,
7821,13461,4.0,AP,,
7826,13466,1.0,NA,,
7826,13466,2.0,LA,,
7826,13466,3.0,EMEA,,
7826,13466,4.0,AP,,
7831,13470,3.0,EMEA,,
7835,13474,1.0,NA,,
7835,13474,2.0,LA,,
7835,13474,3.0,EMEA,,
7835,13474,4.0,AP,,
7843,13480,1.0,NA,,
7866,13497,1.0,NA,,
7867,13498,1.0,NA,,
7873,13503,1.0,NA,,
7873,13503,2.0,LA,,
7873,13503,3.0,EMEA,,
7873,13503,4.0,AP,,
7875,13504,,,,
7881,13509,1.0,NA,,
7881,13509,2.0,LA,,
7881,13509,3.0,EMEA,,
7881,13509,4.0,AP,,
7893,13521,1.0,NA,,
7893,13521,2.0,LA,,
7893,13521,3.0,EMEA,,
7893,13521,4.0,AP,,
7895,13522,1.0,NA,16.0,Buffalo / Tonawanda
7900,13525,1.0,NA,,
7900,13525,2.0,LA,,
7900,13525,3.0,EMEA,,
7900,13525,4.0,AP,,
7915,13538,1.0,NA,,
7915,13538,2.0,LA,,
7921,13543,,,,
7929,13550,,,,
7599,13283,1.0,NA,57.0,Chem Houston
7604,13287,1.0,NA,57.0,Chem Houston
7623,13304,1.0,NA,,
7623,13304,2.0,LA,,
7623,13304,3.0,EMEA,,
7623,13304,4.0,AP,,
7629,13308,3.0,EMEA,18.0,Debica
7642,13318,,,,
7647,13321,1.0,NA,,
7647,13321,2.0,LA,,
7647,13321,3.0,EMEA,,
7647,13321,4.0,AP,,
7657,13328,4.0,AP,,
7665,13335,1.0,NA,,
7665,13335,2.0,LA,,
7665,13335,3.0,EMEA,,
7665,13335,4.0,AP,,
7667,13337,1.0,NA,,
7667,13337,2.0,LA,,
7667,13337,3.0,EMEA,,
7667,13337,4.0,AP,,
7673,13341,4.0,AP,,
7681,13348,1.0,NA,,
7681,13348,2.0,LA,,
7681,13348,3.0,EMEA,,
7681,13348,4.0,AP,,
7682,13349,1.0,NA,,
7682,13349,2.0,LA,,
7682,13349,3.0,EMEA,,
7682,13349,4.0,AP,,
7708,13369,1.0,NA,,
7708,13369,2.0,LA,,
7708,13369,3.0,EMEA,,
7708,13369,4.0,AP,,
7721,13378,1.0,NA,,
7721,13378,2.0,LA,,
7721,13378,3.0,EMEA,,
7721,13378,4.0,AP,,
7736,13388,1.0,NA,,
7736,13388,2.0,LA,,
7736,13388,3.0,EMEA,,
7736,13388,4.0,AP,,
7768,13417,1.0,NA,,
7799,13440,1.0,NA,,
7799,13440,2.0,LA,,
7799,13440,3.0,EMEA,,
7799,13440,4.0,AP,,
7823,13463,,,,
7833,13472,3.0,EMEA,,
7839,13477,1.0,NA,,
7855,13490,,,,
7857,13492,,,,
7883,13510,1.0,NA,,
7883,13510,2.0,LA,,
7883,13510,3.0,EMEA,,
7883,13510,4.0,AP,,
7891,13519,1.0,NA,,
7892,13520,1.0,NA,,
7892,13520,2.0,LA,,
7892,13520,3.0,EMEA,,
7892,13520,4.0,AP,,
7914,13537,1.0,NA,,
7914,13537,2.0,LA,,
7914,13537,3.0,EMEA,,
7914,13537,4.0,AP,,
7920,13542,,,,
7932,13553,,,,
7933,13554,,,,
7934,13555,,,,
7936,13557,,,,
7938,13559,,,,
7939,13560,,,,
7940,13561,1.0,NA,,
7941,13562,1.0,NA,,
7941,13562,2.0,LA,,
7941,13562,3.0,EMEA,,
7941,13562,4.0,AP,,
7942,13563,,,,
7591,13278,1.0,NA,,
7591,13278,2.0,LA,,
7591,13278,3.0,EMEA,,
7591,13278,4.0,AP,,
7600,13284,1.0,NA,,
7600,13284,2.0,LA,,
7600,13284,3.0,EMEA,,
7600,13284,4.0,AP,,
7612,13295,1.0,NA,,
7612,13295,2.0,LA,,
7612,13295,3.0,EMEA,,
7612,13295,4.0,AP,,
7615,13298,1.0,NA,,
7615,13298,2.0,LA,,
7615,13298,3.0,EMEA,,
7615,13298,4.0,AP,,
7653,13325,2.0,LA,,
7656,13327,4.0,AP,,
7659,13329,1.0,NA,,
7659,13329,2.0,LA,,
7659,13329,3.0,EMEA,,
7659,13329,4.0,AP,,
7669,13338,1.0,NA,,
7669,13338,2.0,LA,,
7669,13338,3.0,EMEA,,
7669,13338,4.0,AP,,
7695,13359,2.0,LA,,
7696,13360,1.0,NA,,
7697,13361,2.0,LA,,
7701,13364,1.0,NA,,
7701,13364,2.0,LA,,
7701,13364,3.0,EMEA,,
7701,13364,4.0,AP,,
7717,13376,2.0,LA,,
7729,13383,1.0,NA,,
7737,13389,1.0,NA,,
7737,13389,2.0,LA,,
7737,13389,3.0,EMEA,,
7737,13389,4.0,AP,,
7771,13419,1.0,NA,,
7771,13419,2.0,LA,,
7771,13419,3.0,EMEA,,
7771,13419,4.0,AP,,
7789,13433,1.0,NA,,
7789,13433,2.0,LA,,
7789,13433,3.0,EMEA,,
7789,13433,4.0,AP,,
7809,13449,1.0,NA,,
7809,13449,2.0,LA,,
7809,13449,3.0,EMEA,,
7809,13449,4.0,AP,,
7811,13451,1.0,NA,,
7811,13451,2.0,LA,,
7811,13451,3.0,EMEA,,
7811,13451,4.0,AP,,
7818,13458,1.0,NA,,
7818,13458,2.0,LA,,
7818,13458,3.0,EMEA,,
7818,13458,4.0,AP,,
7827,13467,,,,
7880,13508,2.0,LA,36.0,Venezuela
7897,13523,1.0,NA,,
7897,13523,2.0,LA,,
7897,13523,3.0,EMEA,,
7897,13523,4.0,AP,,
7901,13526,1.0,NA,,
7901,13526,2.0,LA,,
7901,13526,3.0,EMEA,,
7901,13526,4.0,AP,,
7902,13527,,,,
7904,13529,1.0,NA,,
7904,13529,2.0,LA,,
7904,13529,3.0,EMEA,,
7904,13529,4.0,AP,,
7905,13530,1.0,NA,,
7905,13530,2.0,LA,,
7905,13530,3.0,EMEA,,
7905,13530,4.0,AP,,
7913,13536,1.0,NA,,
7913,13536,2.0,LA,,
7913,13536,3.0,EMEA,,
7913,13536,4.0,AP,,
7917,13539,,,,
7928,13549,,,,
7937,13558,1.0,NA,,
7937,13558,2.0,LA,,
7937,13558,3.0,EMEA,,
7937,13558,4.0,AP,,
7944,13565,,,,
7601,13285,1.0,NA,,
7660,13330,1.0,NA,,
7660,13330,2.0,LA,,
7660,13330,3.0,EMEA,,
7660,13330,4.0,AP,,
7666,13336,1.0,NA,,
7666,13336,2.0,LA,,
7666,13336,3.0,EMEA,,
7666,13336,4.0,AP,,
7675,13343,1.0,NA,,
7675,13343,2.0,LA,,
7675,13343,3.0,EMEA,,
7675,13343,4.0,AP,,
7683,13350,1.0,NA,,
7683,13350,2.0,LA,,
7683,13350,3.0,EMEA,,
7683,13350,4.0,AP,,
7694,13358,2.0,LA,,
7725,13380,3.0,EMEA,,
7725,13380,4.0,AP,,
7731,13384,1.0,NA,,
7735,13387,1.0,NA,,
7735,13387,2.0,LA,,
7735,13387,3.0,EMEA,,
7735,13387,4.0,AP,,
7765,13415,2.0,LA,,
7773,13420,2.0,LA,,
7775,13421,2.0,LA,,
7775,13421,4.0,AP,,
7783,13429,1.0,NA,,
7783,13429,2.0,LA,,
7783,13429,3.0,EMEA,,
7783,13429,4.0,AP,,
7784,13430,1.0,NA,,
7784,13430,2.0,LA,,
7784,13430,3.0,EMEA,,
7784,13430,4.0,AP,,
7787,13432,1.0,NA,,
7787,13432,2.0,LA,,
7787,13432,3.0,EMEA,,
7787,13432,4.0,AP,,
7791,13435,1.0,NA,56.0,Chem Beaumont
7802,13442,,,,
7804,13444,,,,
7813,13453,1.0,NA,,
7813,13453,2.0,LA,,
7813,13453,3.0,EMEA,,
7813,13453,4.0,AP,,
7814,13454,1.0,NA,,
7814,13454,2.0,LA,,
7814,13454,3.0,EMEA,,
7814,13454,4.0,AP,,
7816,13456,1.0,NA,,
7816,13456,2.0,LA,,
7816,13456,3.0,EMEA,,
7816,13456,4.0,AP,,
7817,13457,1.0,NA,,
7817,13457,2.0,LA,,
7817,13457,3.0,EMEA,,
7817,13457,4.0,AP,,
7819,13459,1.0,NA,,
7819,13459,2.0,LA,,
7819,13459,3.0,EMEA,,
7819,13459,4.0,AP,,
7825,13465,,,,
7836,13475,1.0,NA,,
7836,13475,2.0,LA,,
7836,13475,3.0,EMEA,,
7836,13475,4.0,AP,,
7840,13478,1.0,NA,,
7844,13481,1.0,NA,,
7844,13481,2.0,LA,,
7844,13481,3.0,EMEA,,
7844,13481,4.0,AP,,
7847,13484,1.0,NA,,
7847,13484,2.0,LA,,
7847,13484,3.0,EMEA,,
7847,13484,4.0,AP,,
7856,13491,,,,
7865,13496,1.0,NA,,
7870,13501,3.0,EMEA,,
7889,13517,1.0,NA,,
7889,13517,2.0,LA,,
7889,13517,3.0,EMEA,,
7889,13517,4.0,AP,,
7923,13544,,,,
7930,13551,,,,
7943,13564,1.0,NA,,
7943,13564,2.0,LA,,
7943,13564,3.0,EMEA,,
7943,13564,4.0,AP,,
7945,13566,3.0,EMEA,19.0,Philippsburg
7589,13277,1.0,NA,57.0,Chem Houston
7611,13294,,,,
7616,13299,1.0,NA,,
7616,13299,2.0,LA,,
7616,13299,3.0,EMEA,,
7616,13299,4.0,AP,,
7619,13301,1.0,NA,,
7619,13301,2.0,LA,,
7619,13301,3.0,EMEA,,
7619,13301,4.0,AP,,
7627,13307,3.0,EMEA,18.0,Debica
7631,13310,3.0,EMEA,26.0,Fulda
7640,13316,1.0,NA,,
7640,13316,2.0,LA,,
7640,13316,3.0,EMEA,,
7640,13316,4.0,AP,,
7641,13317,,,,
7643,13319,,,,
7679,13346,1.0,NA,,
7679,13346,2.0,LA,,
7679,13346,3.0,EMEA,,
7679,13346,4.0,AP,,
7687,13353,2.0,LA,,
7689,13354,,,,
7698,13362,2.0,LA,,
7703,13365,,,,
7719,13377,,,,
7723,13379,1.0,NA,,
7723,13379,2.0,LA,,
7723,13379,3.0,EMEA,,
7723,13379,4.0,AP,,
7727,13381,1.0,NA,,
7728,13382,1.0,NA,,
7733,13385,1.0,NA,,
7733,13385,2.0,LA,,
7733,13385,3.0,EMEA,,
7733,13385,4.0,AP,,
7742,13394,1.0,NA,,
7742,13394,2.0,LA,,
7742,13394,3.0,EMEA,,
7742,13394,4.0,AP,,
7756,13408,1.0,NA,,
7756,13408,2.0,LA,,
7756,13408,3.0,EMEA,,
7756,13408,4.0,AP,,
7758,13410,1.0,NA,,
7758,13410,2.0,LA,,
7758,13410,3.0,EMEA,,
7758,13410,4.0,AP,,
7759,13411,1.0,NA,,
7759,13411,2.0,LA,,
7759,13411,3.0,EMEA,,
7759,13411,4.0,AP,,
7763,13414,1.0,NA,,
7763,13414,2.0,LA,,
7763,13414,3.0,EMEA,,
7763,13414,4.0,AP,,
7769,13418,2.0,LA,36.0,Venezuela
7779,13425,1.0,NA,,
7779,13425,2.0,LA,,
7779,13425,3.0,EMEA,,
7779,13425,4.0,AP,,
7780,13426,1.0,NA,,
7780,13426,2.0,LA,,
7780,13426,3.0,EMEA,,
7780,13426,4.0,AP,,
7797,13438,1.0,NA,,
7797,13438,2.0,LA,,
7797,13438,3.0,EMEA,,
7797,13438,4.0,AP,,
7812,13452,1.0,NA,,
7812,13452,2.0,LA,,
7812,13452,3.0,EMEA,,
7812,13452,4.0,AP,,
7815,13455,1.0,NA,,
7815,13455,2.0,LA,,
7815,13455,3.0,EMEA,,
7815,13455,4.0,AP,,
7820,13460,1.0,NA,,
7820,13460,2.0,LA,,
7820,13460,3.0,EMEA,,
7820,13460,4.0,AP,,
7822,13462,,,,
7848,13485,1.0,NA,8.0,Lawton
7848,13485,2.0,LA,,
7848,13485,3.0,EMEA,,
7848,13485,4.0,AP,,
7849,13486,1.0,NA,,
7849,13486,2.0,LA,,
7849,13486,3.0,EMEA,,
7849,13486,4.0,AP,,
7859,13493,1.0,NA,,
7879,13507,2.0,LA,36.0,Venezuela
7903,13528,1.0,NA,,
7903,13528,2.0,LA,,
7903,13528,3.0,EMEA,,
7903,13528,4.0,AP,,
7586,13275,4.0,AP,,
7605,13288,,,,
7614,13297,1.0,NA,,
7614,13297,2.0,LA,,
7614,13297,3.0,EMEA,,
7614,13297,4.0,AP,,
7617,13300,1.0,NA,16.0,Buffalo / Tonawanda
7625,13305,1.0,NA,,
7625,13305,2.0,LA,,
7625,13305,3.0,EMEA,,
7625,13305,4.0,AP,,
7637,13314,1.0,NA,,
7637,13314,2.0,LA,,
7637,13314,3.0,EMEA,,
7637,13314,4.0,AP,,
7655,13326,4.0,AP,,
7674,13342,1.0,NA,,
7674,13342,2.0,LA,,
7674,13342,3.0,EMEA,,
7674,13342,4.0,AP,,
7677,13345,1.0,NA,,
7677,13345,2.0,LA,,
7677,13345,3.0,EMEA,,
7677,13345,4.0,AP,,
7680,13347,1.0,NA,,
7680,13347,2.0,LA,,
7680,13347,3.0,EMEA,,
7680,13347,4.0,AP,,
7706,13367,1.0,NA,,
7706,13367,2.0,LA,,
7706,13367,3.0,EMEA,,
7706,13367,4.0,AP,,
7707,13368,1.0,NA,,
7707,13368,2.0,LA,,
7707,13368,3.0,EMEA,,
7707,13368,4.0,AP,,
7709,13370,1.0,NA,,
7709,13370,2.0,LA,,
7709,13370,3.0,EMEA,,
7709,13370,4.0,AP,,
7712,13372,1.0,NA,,
7713,13373,1.0,NA,,
7713,13373,2.0,LA,,
7713,13373,3.0,EMEA,,
7713,13373,4.0,AP,,
7714,13374,1.0,NA,,
7714,13374,2.0,LA,,
7714,13374,3.0,EMEA,,
7714,13374,4.0,AP,,
7745,13397,1.0,NA,,
7745,13397,2.0,LA,,
7745,13397,3.0,EMEA,,
7745,13397,4.0,AP,,
7747,13399,1.0,NA,,
7747,13399,2.0,LA,,
7747,13399,3.0,EMEA,,
7747,13399,4.0,AP,,
7752,13404,1.0,NA,,
7752,13404,2.0,LA,,
7752,13404,3.0,EMEA,,
7752,13404,4.0,AP,,
7757,13409,1.0,NA,,
7757,13409,2.0,LA,,
7757,13409,3.0,EMEA,,
7757,13409,4.0,AP,,
7767,13416,2.0,LA,35.0,Peru
7801,13441,,,,
7803,13443,,,,
7810,13450,2.0,LA,,
7810,13450,3.0,EMEA,,
7810,13450,4.0,AP,,
7824,13464,,,,
7832,13471,3.0,EMEA,,
7846,13483,1.0,NA,8.0,Lawton
7846,13483,2.0,LA,,
7846,13483,3.0,EMEA,,
7846,13483,4.0,AP,,
7861,13494,1.0,NA,,
7863,13495,1.0,NA,,
7863,13495,2.0,LA,,
7863,13495,3.0,EMEA,,
7863,13495,4.0,AP,,
7869,13500,1.0,NA,,
7884,13511,1.0,NA,,
7884,13511,2.0,LA,,
7884,13511,3.0,EMEA,,
7884,13511,4.0,AP,,
7886,13513,1.0,NA,,
7886,13513,2.0,LA,,
7886,13513,3.0,EMEA,,
7886,13513,4.0,AP,,
7890,13518,1.0,NA,,
7890,13518,2.0,LA,,
7890,13518,3.0,EMEA,,
7890,13518,4.0,AP,,
7587,13276,1.0,NA,,
7587,13276,2.0,LA,,
7587,13276,3.0,EMEA,,
7587,13276,4.0,AP,,
7594,13280,1.0,NA,,
7597,13282,1.0,NA,,
7597,13282,2.0,LA,,
7597,13282,3.0,EMEA,,
7597,13282,4.0,AP,,
7610,13293,,,,
7622,13303,1.0,NA,,
7622,13303,2.0,LA,,
7622,13303,3.0,EMEA,,
7622,13303,4.0,AP,,
7626,13306,,,,
7630,13309,3.0,EMEA,18.0,Debica
7684,13351,1.0,NA,,
7684,13351,2.0,LA,,
7684,13351,3.0,EMEA,,
7684,13351,4.0,AP,,
7685,13352,1.0,NA,,
7685,13352,2.0,LA,,
7685,13352,3.0,EMEA,,
7685,13352,4.0,AP,,
7699,13363,1.0,NA,,
7711,13371,1.0,NA,,
7711,13371,2.0,LA,,
7711,13371,3.0,EMEA,,
7711,13371,4.0,AP,,
7715,13375,1.0,NA,,
7715,13375,2.0,LA,,
7715,13375,3.0,EMEA,,
7715,13375,4.0,AP,,
7734,13386,1.0,NA,,
7734,13386,2.0,LA,,
7734,13386,3.0,EMEA,,
7734,13386,4.0,AP,,
7739,13391,1.0,NA,,
7739,13391,2.0,LA,,
7739,13391,3.0,EMEA,,
7739,13391,4.0,AP,,
7743,13395,1.0,NA,,
7743,13395,2.0,LA,,
7743,13395,3.0,EMEA,,
7743,13395,4.0,AP,,
7746,13398,1.0,NA,,
7746,13398,2.0,LA,,
7746,13398,3.0,EMEA,,
7746,13398,4.0,AP,,
7750,13402,1.0,NA,,
7750,13402,2.0,LA,,
7750,13402,3.0,EMEA,,
7750,13402,4.0,AP,,
7751,13403,1.0,NA,,
7751,13403,2.0,LA,,
7751,13403,3.0,EMEA,,
7751,13403,4.0,AP,,
7755,13407,1.0,NA,,
7755,13407,2.0,LA,,
7755,13407,3.0,EMEA,,
7755,13407,4.0,AP,,
7777,13423,1.0,NA,,
7777,13423,2.0,LA,,
7777,13423,3.0,EMEA,,
7777,13423,4.0,AP,37.0,Malaysia
7782,13428,1.0,NA,,
7782,13428,2.0,LA,,
7782,13428,3.0,EMEA,,
7782,13428,4.0,AP,,
7785,13431,1.0,NA,14.0,ICM*A
7793,13436,,,,
7795,13437,3.0,EMEA,,
7805,13445,,,,
7806,13446,1.0,NA,,
7806,13446,2.0,LA,,
7806,13446,3.0,EMEA,,
7806,13446,4.0,AP,,
7829,13468,1.0,NA,,
7829,13468,2.0,LA,,
7829,13468,3.0,EMEA,,
7829,13468,4.0,AP,,
7837,13476,1.0,NA,,
7837,13476,2.0,LA,,
7837,13476,3.0,EMEA,,
7837,13476,4.0,AP,,
7841,13479,1.0,NA,,
7845,13482,1.0,NA,,
7845,13482,2.0,LA,,
7845,13482,3.0,EMEA,,
7845,13482,4.0,AP,,
7850,13487,1.0,NA,,
7850,13487,2.0,LA,,
7850,13487,3.0,EMEA,,
7850,13487,4.0,AP,,
7853,13489,1.0,NA,,
7853,13489,2.0,LA,,
7853,13489,3.0,EMEA,,
7853,13489,4.0,AP,,
7871,13502,4.0,AP,,
7877,13506,2.0,LA,36.0,Venezuela
7885,13512,1.0,NA,,
7885,13512,2.0,LA,,
7885,13512,3.0,EMEA,,
7885,13512,4.0,AP,,
7887,13514,1.0,NA,,
7887,13514,2.0,LA,,
7887,13514,3.0,EMEA,,
7887,13514,4.0,AP,,
7603,13286,1.0,NA,,
7603,13286,2.0,LA,,
7603,13286,3.0,EMEA,,
7603,13286,4.0,AP,,
7613,13296,1.0,NA,,
7613,13296,2.0,LA,,
7613,13296,3.0,EMEA,,
7613,13296,4.0,AP,,
7621,13302,,,,
7633,13312,3.0,EMEA,52.0,Fuerstenwalde
7635,13313,2.0,LA,,
7649,13322,,,,
7650,13323,1.0,NA,,
7650,13323,2.0,LA,,
7650,13323,3.0,EMEA,,
7650,13323,4.0,AP,,
7670,13339,2.0,LA,,
7693,13357,,,,
7705,13366,,,,
7738,13390,1.0,NA,,
7738,13390,2.0,LA,,
7738,13390,3.0,EMEA,,
7738,13390,4.0,AP,,
7740,13392,1.0,NA,,
7740,13392,2.0,LA,,
7740,13392,3.0,EMEA,,
7740,13392,4.0,AP,,
7744,13396,1.0,NA,,
7744,13396,2.0,LA,,
7744,13396,3.0,EMEA,,
7744,13396,4.0,AP,,
7748,13400,1.0,NA,,
7748,13400,2.0,LA,,
7748,13400,3.0,EMEA,,
7748,13400,4.0,AP,,
7749,13401,1.0,NA,,
7749,13401,2.0,LA,,
7749,13401,3.0,EMEA,,
7749,13401,4.0,AP,,
7753,13405,,,,
7754,13406,1.0,NA,,
7754,13406,2.0,LA,,
7754,13406,3.0,EMEA,,
7754,13406,4.0,AP,,
7776,13422,,,,
7830,13469,2.0,LA,,
7834,13473,3.0,EMEA,,
7851,13488,3.0,EMEA,,
7851,13488,4.0,AP,,
7868,13499,1.0,NA,,
7876,13505,,,,
7888,13516,1.0,NA,,
7888,13516,2.0,LA,,
7888,13516,3.0,EMEA,,
7888,13516,4.0,AP,,
7899,13524,1.0,NA,,
7899,13524,2.0,LA,,
7899,13524,3.0,EMEA,,
7899,13524,4.0,AP,,
7907,13531,,,,
7909,13532,,,,
7910,13533,,,,
7911,13534,1.0,NA,,
7911,13534,2.0,LA,,
7911,13534,3.0,EMEA,,
7911,13534,4.0,AP,,
7912,13535,1.0,NA,,
7912,13535,2.0,LA,,
7912,13535,3.0,EMEA,,
7912,13535,4.0,AP,,
7918,13540,,,,
7919,13541,,,,
7959,13577,3.0,EMEA,,
7960,13578,3.0,EMEA,,
7974,13589,1.0,NA,,
7997,13605,1.0,NA,,
8001,13608,1.0,NA,,
8001,13608,2.0,LA,,
8001,13608,3.0,EMEA,,
8001,13608,4.0,AP,,
8010,13616,1.0,NA,,
8010,13616,2.0,LA,,
8010,13616,3.0,EMEA,,
8010,13616,4.0,AP,,
8053,13648,1.0,NA,,
8055,13649,1.0,NA,,
8055,13649,2.0,LA,,
8055,13649,3.0,EMEA,,
8055,13649,4.0,AP,,
8058,13652,1.0,NA,,
8058,13652,2.0,LA,,
8058,13652,3.0,EMEA,,
8058,13652,4.0,AP,,
8088,13678,1.0,NA,,
8088,13678,2.0,LA,,
8088,13678,3.0,EMEA,,
8088,13678,4.0,AP,,
8091,13680,1.0,NA,,
8094,13683,1.0,NA,,
8094,13683,2.0,LA,,
8094,13683,3.0,EMEA,,
8094,13683,4.0,AP,,
8113,13698,1.0,NA,,
8113,13698,2.0,LA,,
8113,13698,3.0,EMEA,,
8113,13698,4.0,AP,,
8125,13706,3.0,EMEA,,
8140,13718,1.0,NA,,
8142,13720,1.0,NA,,
8142,13720,2.0,LA,,
8142,13720,3.0,EMEA,,
8142,13720,4.0,AP,,
8143,13721,,,,
8149,13725,1.0,NA,,
8149,13725,2.0,LA,,
8149,13725,3.0,EMEA,,
8149,13725,4.0,AP,,
8165,13735,3.0,EMEA,,
8167,13736,1.0,NA,,
8172,13739,1.0,NA,,
8174,13741,1.0,NA,,
8183,13749,1.0,NA,,
8183,13749,2.0,LA,,
8183,13749,3.0,EMEA,,
8183,13749,4.0,AP,,
8187,13751,4.0,AP,,
8193,13755,,,,
8194,13756,,,,
8205,13766,,,,
8209,13768,,,,
8221,13779,1.0,NA,,
8221,13779,2.0,LA,,
8221,13779,3.0,EMEA,,
8221,13779,4.0,AP,,
8223,13781,1.0,NA,,
8223,13781,2.0,LA,,
8223,13781,3.0,EMEA,49.0,Montlucon
8223,13781,4.0,AP,,
8234,13790,1.0,NA,,
8234,13790,2.0,LA,,
8234,13790,3.0,EMEA,,
8234,13790,4.0,AP,,
8237,13793,1.0,NA,,
8237,13793,2.0,LA,,
8237,13793,3.0,EMEA,,
8237,13793,4.0,AP,,
8251,13803,1.0,NA,,
8251,13803,2.0,LA,,
8251,13803,3.0,EMEA,,
8251,13803,4.0,AP,,
8252,13804,1.0,NA,,
8252,13804,2.0,LA,,
8252,13804,3.0,EMEA,,
8252,13804,4.0,AP,,
8253,13805,1.0,NA,,
8253,13805,2.0,LA,,
8253,13805,3.0,EMEA,,
8253,13805,4.0,AP,,
8261,13811,,,,
8266,13814,1.0,NA,,
8267,13815,1.0,NA,,
8274,13821,1.0,NA,,
8274,13821,2.0,LA,,
7950,13570,1.0,NA,,
7950,13570,2.0,LA,,
7950,13570,3.0,EMEA,,
7950,13570,4.0,AP,,
7957,13575,,,,
7966,13584,3.0,EMEA,,
7985,13596,1.0,NA,,
7985,13596,2.0,LA,,
7985,13596,3.0,EMEA,,
7985,13596,4.0,AP,,
7992,13601,1.0,NA,,
7992,13601,2.0,LA,,
7992,13601,3.0,EMEA,,
7992,13601,4.0,AP,,
7993,13602,1.0,NA,,
7993,13602,2.0,LA,,
7993,13602,3.0,EMEA,,
7993,13602,4.0,AP,,
7994,13603,1.0,NA,,
7994,13603,2.0,LA,,
7994,13603,3.0,EMEA,,
7994,13603,4.0,AP,,
8021,13625,1.0,NA,,
8021,13625,2.0,LA,,
8021,13625,3.0,EMEA,,
8021,13625,4.0,AP,,
8035,13633,1.0,NA,,
8035,13633,2.0,LA,,
8035,13633,3.0,EMEA,,
8035,13633,4.0,AP,,
8037,13634,1.0,NA,,
8037,13634,2.0,LA,,
8037,13634,3.0,EMEA,,
8037,13634,4.0,AP,,
8038,13635,1.0,NA,,
8038,13635,2.0,LA,,
8038,13635,3.0,EMEA,,
8038,13635,4.0,AP,,
8039,13636,1.0,NA,,
8039,13636,2.0,LA,,
8039,13636,3.0,EMEA,,
8039,13636,4.0,AP,,
8044,13640,2.0,LA,35.0,Peru
8045,13641,1.0,NA,,
8045,13641,2.0,LA,,
8045,13641,3.0,EMEA,,
8045,13641,4.0,AP,,
8069,13662,,,,
8083,13675,1.0,NA,,
8083,13675,2.0,LA,,
8083,13675,3.0,EMEA,,
8083,13675,4.0,AP,,
8097,13686,1.0,NA,,
8097,13686,2.0,LA,,
8097,13686,3.0,EMEA,,
8097,13686,4.0,AP,,
8101,13690,1.0,NA,,
8101,13690,2.0,LA,,
8101,13690,3.0,EMEA,,
8101,13690,4.0,AP,,
8111,13697,1.0,NA,,
8111,13697,2.0,LA,,
8131,13711,3.0,EMEA,,
8137,13715,1.0,NA,,
8137,13715,2.0,LA,,
8137,13715,3.0,EMEA,,
8137,13715,4.0,AP,,
8161,13732,,,,
8207,13767,,,,
8210,13769,1.0,NA,,
8210,13769,2.0,LA,,
8210,13769,3.0,EMEA,,
8210,13769,4.0,AP,,
8213,13771,1.0,NA,,
8214,13772,,,,
8219,13777,1.0,NA,,
8220,13778,1.0,NA,,
8247,13801,2.0,LA,,
8258,13809,1.0,NA,,
8258,13809,2.0,LA,,
8258,13809,3.0,EMEA,,
8258,13809,4.0,AP,,
8265,13813,1.0,NA,,
8283,13828,1.0,NA,,
8286,13831,1.0,NA,,
7948,13568,1.0,NA,,
7948,13568,2.0,LA,,
7948,13568,3.0,EMEA,,
7948,13568,4.0,AP,,
7955,13573,3.0,EMEA,,
7965,13583,3.0,EMEA,,
7971,13587,,,,
7975,13590,2.0,LA,,
7977,13592,,,,
7986,13597,2.0,LA,,
8009,13615,2.0,LA,30.0,Americana
8012,13618,1.0,NA,,
8012,13618,2.0,LA,,
8012,13618,3.0,EMEA,,
8012,13618,4.0,AP,,
8019,13624,1.0,NA,,
8019,13624,2.0,LA,,
8019,13624,3.0,EMEA,,
8019,13624,4.0,AP,,
8022,13626,1.0,NA,,
8022,13626,2.0,LA,,
8022,13626,3.0,EMEA,,
8022,13626,4.0,AP,,
8027,13629,1.0,NA,,
8027,13629,2.0,LA,,
8027,13629,3.0,EMEA,,
8027,13629,4.0,AP,,
8033,13632,1.0,NA,,
8033,13632,2.0,LA,,
8033,13632,3.0,EMEA,,
8033,13632,4.0,AP,,
8051,13647,1.0,NA,,
8051,13647,2.0,LA,,
8051,13647,3.0,EMEA,,
8051,13647,4.0,AP,,
8065,13658,3.0,EMEA,,
8065,13658,4.0,AP,,
8089,13679,4.0,AP,,
8095,13684,1.0,NA,,
8095,13684,2.0,LA,,
8095,13684,3.0,EMEA,,
8095,13684,4.0,AP,,
8098,13687,1.0,NA,,
8098,13687,2.0,LA,,
8098,13687,3.0,EMEA,,
8098,13687,4.0,AP,,
8106,13693,1.0,NA,,
8106,13693,2.0,LA,,
8106,13693,3.0,EMEA,,
8106,13693,4.0,AP,,
8115,13699,1.0,NA,,
8115,13699,2.0,LA,,
8115,13699,3.0,EMEA,,
8115,13699,4.0,AP,,
8120,13702,2.0,LA,,
8123,13704,1.0,NA,,
8123,13704,4.0,AP,,
8155,13728,1.0,NA,,
8156,13729,1.0,NA,,
8157,13730,,,,
8159,13731,1.0,NA,,
8185,13750,1.0,NA,,
8185,13750,2.0,LA,,
8185,13750,3.0,EMEA,,
8185,13750,4.0,AP,,
8189,13752,1.0,NA,,
8189,13752,2.0,LA,,
8189,13752,3.0,EMEA,,
8189,13752,4.0,AP,,
8216,13774,2.0,LA,,
8222,13780,1.0,NA,,
8222,13780,2.0,LA,,
8222,13780,3.0,EMEA,20.0,Amiens North
8222,13780,4.0,AP,,
8225,13783,1.0,NA,,
8225,13783,2.0,LA,,
8225,13783,3.0,EMEA,26.0,Fulda
8225,13783,4.0,AP,,
8231,13787,1.0,NA,,
8231,13787,2.0,LA,,
8231,13787,3.0,EMEA,,
8231,13787,4.0,AP,,
8232,13788,1.0,NA,,
8236,13792,1.0,NA,,
8270,13817,1.0,NA,,
8270,13817,2.0,LA,,
8270,13817,3.0,EMEA,,
8270,13817,4.0,AP,,
8273,13820,1.0,NA,,
8273,13820,2.0,LA,,
8273,13820,3.0,EMEA,,
8273,13820,4.0,AP,,
8277,13824,1.0,NA,,
8281,13827,1.0,NA,,
7947,13567,1.0,NA,,
7947,13567,2.0,LA,,
7947,13567,3.0,EMEA,,
7947,13567,4.0,AP,,
7964,13582,3.0,EMEA,,
7979,13593,3.0,EMEA,18.0,Debica
7981,13594,1.0,NA,,
7981,13594,2.0,LA,,
7981,13594,3.0,EMEA,,
7981,13594,4.0,AP,,
7995,13604,1.0,NA,,
7995,13604,2.0,LA,,
7995,13604,3.0,EMEA,,
7995,13604,4.0,AP,,
8023,13627,1.0,NA,,
8023,13627,2.0,LA,,
8023,13627,3.0,EMEA,,
8023,13627,4.0,AP,,
8047,13643,1.0,NA,,
8047,13643,2.0,LA,,
8047,13643,3.0,EMEA,,
8047,13643,4.0,AP,,
8078,13670,,,,
8081,13673,1.0,NA,,
8081,13673,2.0,LA,,
8081,13673,3.0,EMEA,,
8081,13673,4.0,AP,,
8096,13685,1.0,NA,,
8096,13685,2.0,LA,,
8096,13685,3.0,EMEA,,
8096,13685,4.0,AP,,
8105,13692,1.0,NA,,
8105,13692,2.0,LA,,
8105,13692,3.0,EMEA,,
8105,13692,4.0,AP,,
8107,13694,1.0,NA,,
8108,13695,1.0,NA,,
8108,13695,2.0,LA,,
8108,13695,3.0,EMEA,,
8108,13695,4.0,AP,,
8109,13696,1.0,NA,,
8109,13696,2.0,LA,,
8109,13696,3.0,EMEA,,
8109,13696,4.0,AP,,
8139,13717,1.0,NA,,
8139,13717,2.0,LA,,
8139,13717,3.0,EMEA,,
8139,13717,4.0,AP,,
8162,13733,,,,
8178,13745,1.0,NA,,
8191,13754,1.0,NA,,
8191,13754,2.0,LA,,
8191,13754,3.0,EMEA,,
8191,13754,4.0,AP,,
8195,13757,1.0,NA,,
8197,13758,1.0,NA,,
8197,13758,2.0,LA,,
8197,13758,3.0,EMEA,,
8197,13758,4.0,AP,,
8198,13759,1.0,NA,,
8198,13759,2.0,LA,,
8198,13759,3.0,EMEA,,
8198,13759,4.0,AP,,
8202,13763,,,,
8240,13795,1.0,NA,,
8240,13795,2.0,LA,,
8240,13795,3.0,EMEA,,
8240,13795,4.0,AP,,
8254,13806,1.0,NA,,
8254,13806,2.0,LA,,
8254,13806,3.0,EMEA,,
8254,13806,4.0,AP,,
8255,13807,1.0,NA,,
8255,13807,2.0,LA,,
8255,13807,3.0,EMEA,,
8255,13807,4.0,AP,,
8269,13816,1.0,NA,,
8269,13816,2.0,LA,,
8269,13816,3.0,EMEA,,
8269,13816,4.0,AP,,
8275,13822,1.0,NA,,
8275,13822,2.0,LA,,
8276,13823,1.0,NA,,
8279,13825,1.0,NA,,
8279,13825,3.0,EMEA,,
8284,13829,1.0,NA,,
8287,13832,1.0,NA,,
8289,13833,1.0,NA,,
8289,13833,2.0,LA,,
8289,13833,3.0,EMEA,,
8289,13833,4.0,AP,,
8291,13835,1.0,NA,,
8291,13835,2.0,LA,,
8291,13835,3.0,EMEA,,
8291,13835,4.0,AP,,
8293,13836,1.0,NA,,
8293,13836,2.0,LA,,
8293,13836,3.0,EMEA,,
8293,13836,4.0,AP,,
8295,13837,4.0,AP,,
8297,13838,1.0,NA,,
8299,13840,1.0,NA,,
8300,13841,1.0,NA,,
8301,13842,1.0,NA,,
7953,13572,4.0,AP,,
7958,13576,,,,
7987,13598,1.0,NA,,
7998,13606,1.0,NA,,
8017,13623,,,,
8031,13631,1.0,NA,,
8031,13631,2.0,LA,,
8031,13631,3.0,EMEA,,
8031,13631,4.0,AP,,
8057,13651,1.0,NA,,
8057,13651,2.0,LA,,
8057,13651,3.0,EMEA,,
8057,13651,4.0,AP,,
8059,13653,3.0,EMEA,,
8060,13654,1.0,NA,,
8060,13654,2.0,LA,,
8060,13654,3.0,EMEA,,
8060,13654,4.0,AP,,
8061,13655,3.0,EMEA,,
8073,13666,,,,
8075,13667,1.0,NA,,
8075,13667,2.0,LA,,
8075,13667,3.0,EMEA,,
8075,13667,4.0,AP,,
8076,13668,1.0,NA,,
8076,13668,2.0,LA,,
8076,13668,3.0,EMEA,,
8076,13668,4.0,AP,,
8077,13669,1.0,NA,,
8077,13669,2.0,LA,,
8077,13669,3.0,EMEA,,
8077,13669,4.0,AP,,
8079,13671,1.0,NA,,
8079,13671,2.0,LA,,
8079,13671,3.0,EMEA,,
8079,13671,4.0,AP,,
8080,13672,1.0,NA,,
8080,13672,2.0,LA,,
8080,13672,3.0,EMEA,,
8080,13672,4.0,AP,,
8085,13676,,,,
8099,13688,1.0,NA,,
8099,13688,2.0,LA,,
8099,13688,3.0,EMEA,,
8099,13688,4.0,AP,,
8117,13700,1.0,NA,,
8117,13700,2.0,LA,,
8117,13700,3.0,EMEA,,
8117,13700,4.0,AP,,
8130,13710,,,,
8132,13712,3.0,EMEA,,
8145,13722,1.0,NA,,
8169,13737,3.0,EMEA,19.0,Philippsburg
8175,13742,1.0,NA,2.0,Gadsden
8175,13742,2.0,LA,,
8175,13742,3.0,EMEA,,
8175,13742,4.0,AP,,
8176,13743,1.0,NA,,
8199,13760,,,,
8217,13775,1.0,NA,,
8217,13775,2.0,LA,,
8217,13775,3.0,EMEA,,
8217,13775,4.0,AP,,
8218,13776,1.0,NA,,
8224,13782,1.0,NA,,
8224,13782,2.0,LA,,
8224,13782,3.0,EMEA,48.0,Amiens South
8224,13782,4.0,AP,,
8235,13791,1.0,NA,,
8235,13791,2.0,LA,,
8235,13791,3.0,EMEA,,
8235,13791,4.0,AP,,
8239,13794,1.0,NA,,
8239,13794,2.0,LA,,
8239,13794,3.0,EMEA,,
8239,13794,4.0,AP,,
8271,13818,1.0,NA,,
8272,13819,1.0,NA,,
8285,13830,1.0,NA,,
8290,13834,,,,
8298,13839,1.0,NA,,
7949,13569,1.0,NA,,
7949,13569,2.0,LA,,
7949,13569,3.0,EMEA,,
7949,13569,4.0,AP,,
7951,13571,1.0,NA,,
7951,13571,2.0,LA,,
7951,13571,3.0,EMEA,,
7951,13571,4.0,AP,,
7961,13579,3.0,EMEA,,
7962,13580,3.0,EMEA,,
7963,13581,3.0,EMEA,,
7973,13588,1.0,NA,,
7973,13588,2.0,LA,,
7973,13588,3.0,EMEA,,
7973,13588,4.0,AP,,
7976,13591,1.0,NA,,
7976,13591,2.0,LA,,
7976,13591,3.0,EMEA,,
7976,13591,4.0,AP,,
7983,13595,1.0,NA,,
7983,13595,2.0,LA,,
7983,13595,3.0,EMEA,,
7983,13595,4.0,AP,,
7989,13599,1.0,NA,,
7989,13599,2.0,LA,,
7989,13599,3.0,EMEA,,
7989,13599,4.0,AP,,
7991,13600,1.0,NA,,
7991,13600,2.0,LA,,
7991,13600,3.0,EMEA,,
7991,13600,4.0,AP,,
7999,13607,1.0,NA,,
7999,13607,2.0,LA,,
7999,13607,3.0,EMEA,,
7999,13607,4.0,AP,44.0,Dalian
8029,13630,1.0,NA,,
8029,13630,2.0,LA,,
8029,13630,3.0,EMEA,,
8029,13630,4.0,AP,,
8042,13638,1.0,NA,,
8043,13639,1.0,NA,,
8043,13639,2.0,LA,,
8043,13639,3.0,EMEA,,
8043,13639,4.0,AP,,
8046,13642,1.0,NA,,
8046,13642,2.0,LA,,
8046,13642,3.0,EMEA,,
8046,13642,4.0,AP,,
8048,13644,1.0,NA,,
8048,13644,2.0,LA,,
8048,13644,3.0,EMEA,,
8048,13644,4.0,AP,,
8049,13645,1.0,NA,,
8049,13645,2.0,LA,,
8049,13645,3.0,EMEA,,
8049,13645,4.0,AP,,
8056,13650,1.0,NA,,
8056,13650,2.0,LA,,
8056,13650,3.0,EMEA,,
8056,13650,4.0,AP,,
8062,13656,1.0,NA,,
8062,13656,2.0,LA,,
8062,13656,3.0,EMEA,,
8062,13656,4.0,AP,,
8063,13657,1.0,NA,,
8063,13657,2.0,LA,,
8063,13657,3.0,EMEA,,
8063,13657,4.0,AP,,
8068,13661,1.0,NA,,
8068,13661,2.0,LA,,
8068,13661,3.0,EMEA,,
8068,13661,4.0,AP,,
8082,13674,1.0,NA,,
8082,13674,2.0,LA,,
8082,13674,3.0,EMEA,,
8082,13674,4.0,AP,,
8092,13681,1.0,NA,,
8092,13681,2.0,LA,,
8092,13681,3.0,EMEA,,
8092,13681,4.0,AP,,
8093,13682,1.0,NA,,
8093,13682,2.0,LA,,
8093,13682,3.0,EMEA,,
8093,13682,4.0,AP,,
8100,13689,1.0,NA,,
8100,13689,2.0,LA,,
8100,13689,4.0,AP,,
8103,13691,1.0,NA,,
8121,13703,1.0,NA,,
8121,13703,2.0,LA,,
8124,13705,1.0,NA,,
8124,13705,2.0,LA,,
8124,13705,3.0,EMEA,,
8124,13705,4.0,AP,,
8133,13713,3.0,EMEA,,
8135,13714,1.0,NA,,
8135,13714,2.0,LA,,
8135,13714,3.0,EMEA,,
8135,13714,4.0,AP,,
8153,13727,,,,
8171,13738,1.0,NA,,
8173,13740,1.0,NA,,
8179,13746,1.0,NA,,
8179,13746,2.0,LA,,
8179,13746,3.0,EMEA,,
8179,13746,4.0,AP,,
8180,13747,1.0,NA,,
8180,13747,2.0,LA,,
8180,13747,3.0,EMEA,,
8180,13747,4.0,AP,,
8181,13748,1.0,NA,55.0,Chem Bayport
7956,13574,1.0,NA,,
7956,13574,2.0,LA,,
7956,13574,3.0,EMEA,,
7956,13574,4.0,AP,,
7967,13585,1.0,NA,,
8011,13617,1.0,NA,,
8011,13617,2.0,LA,,
8011,13617,3.0,EMEA,,
8011,13617,4.0,AP,,
8025,13628,2.0,LA,,
8041,13637,1.0,NA,1.0,Danville
8041,13637,2.0,LA,,
8041,13637,3.0,EMEA,,
8041,13637,4.0,AP,,
8041,13637,1.0,NA,2.0,Gadsden
8041,13637,2.0,LA,,
8041,13637,3.0,EMEA,,
8041,13637,4.0,AP,,
8041,13637,1.0,NA,3.0,Topeka
8041,13637,2.0,LA,,
8041,13637,3.0,EMEA,,
8041,13637,4.0,AP,,
8041,13637,1.0,NA,5.0,Fayetteville
8041,13637,2.0,LA,,
8041,13637,3.0,EMEA,,
8041,13637,4.0,AP,,
8041,13637,1.0,NA,8.0,Lawton
8041,13637,2.0,LA,,
8041,13637,3.0,EMEA,,
8041,13637,4.0,AP,,
8041,13637,1.0,NA,10.0,Napanee
8041,13637,2.0,LA,,
8041,13637,3.0,EMEA,,
8041,13637,4.0,AP,,
8041,13637,1.0,NA,13.0,Social Circle
8041,13637,2.0,LA,,
8041,13637,3.0,EMEA,,
8041,13637,4.0,AP,,
8041,13637,1.0,NA,14.0,ICM*A
8041,13637,2.0,LA,,
8041,13637,3.0,EMEA,,
8041,13637,4.0,AP,,
8041,13637,1.0,NA,16.0,Buffalo / Tonawanda
8041,13637,2.0,LA,,
8041,13637,3.0,EMEA,,
8041,13637,4.0,AP,,
8041,13637,1.0,NA,,
8041,13637,2.0,LA,,
8041,13637,3.0,EMEA,23.0,Adapazari
8041,13637,4.0,AP,,
8041,13637,1.0,NA,,
8041,13637,2.0,LA,,
8041,13637,3.0,EMEA,25.0,Izmit
8041,13637,4.0,AP,,
8041,13637,1.0,NA,,
8041,13637,2.0,LA,,
8041,13637,3.0,EMEA,27.0,South Africa
8041,13637,4.0,AP,,
8041,13637,1.0,NA,,
8041,13637,2.0,LA,30.0,Americana
8041,13637,3.0,EMEA,,
8041,13637,4.0,AP,,
8041,13637,1.0,NA,,
8041,13637,2.0,LA,31.0,Sao Paulo
8041,13637,3.0,EMEA,,
8041,13637,4.0,AP,,
8041,13637,1.0,NA,32.0,Chile
8041,13637,2.0,LA,,
8041,13637,3.0,EMEA,,
8041,13637,4.0,AP,,
8041,13637,1.0,NA,,
8041,13637,2.0,LA,33.0,Colombia
8041,13637,3.0,EMEA,,
8041,13637,4.0,AP,,
8041,13637,1.0,NA,,
8041,13637,2.0,LA,35.0,Peru
8041,13637,3.0,EMEA,,
8041,13637,4.0,AP,,
8041,13637,1.0,NA,,
8041,13637,2.0,LA,36.0,Venezuela
8041,13637,3.0,EMEA,,
8041,13637,4.0,AP,,
8041,13637,1.0,NA,,
8041,13637,2.0,LA,,
8041,13637,3.0,EMEA,,
8041,13637,4.0,AP,37.0,Malaysia
8041,13637,1.0,NA,,
8041,13637,2.0,LA,,
8041,13637,3.0,EMEA,,
8041,13637,4.0,AP,40.0,Thailand
8041,13637,1.0,NA,,
8041,13637,2.0,LA,,
8041,13637,3.0,EMEA,,
8041,13637,4.0,AP,42.0,Nippon Giant
8041,13637,1.0,NA,,
8041,13637,2.0,LA,,
8041,13637,3.0,EMEA,,
8041,13637,4.0,AP,44.0,Dalian
8041,13637,1.0,NA,,
8041,13637,2.0,LA,,
8041,13637,3.0,EMEA,,
8041,13637,4.0,AP,45.0,Ballabgarh
8041,13637,1.0,NA,,
8041,13637,2.0,LA,,
8041,13637,3.0,EMEA,,
8041,13637,4.0,AP,46.0,Aurangabad
8041,13637,1.0,NA,,
8041,13637,2.0,LA,,
8041,13637,3.0,EMEA,,
8041,13637,4.0,AP,47.0,Indonesia
8041,13637,1.0,NA,,
8041,13637,2.0,LA,,
8041,13637,3.0,EMEA,,
8041,13637,4.0,AP,100.0,Pulandian
8050,13646,1.0,NA,,
8050,13646,2.0,LA,,
8050,13646,3.0,EMEA,,
8050,13646,4.0,AP,,
8066,13659,1.0,NA,,
8066,13659,2.0,LA,,
8066,13659,3.0,EMEA,,
8066,13659,4.0,AP,,
8067,13660,,,,
8087,13677,1.0,NA,,
8087,13677,2.0,LA,,
8087,13677,3.0,EMEA,,
8087,13677,4.0,AP,,
8119,13701,2.0,LA,,
8138,13716,1.0,NA,,
8138,13716,2.0,LA,,
8138,13716,3.0,EMEA,,
8138,13716,4.0,AP,,
8141,13719,1.0,NA,,
8141,13719,2.0,LA,,
8141,13719,3.0,EMEA,,
8141,13719,4.0,AP,,
8147,13723,1.0,NA,,
8147,13723,2.0,LA,,
8147,13723,3.0,EMEA,,
8147,13723,4.0,AP,,
8148,13724,1.0,NA,,
8151,13726,1.0,NA,,
8163,13734,1.0,NA,,
8177,13744,1.0,NA,,
8190,13753,1.0,NA,,
8190,13753,2.0,LA,,
8190,13753,3.0,EMEA,,
8190,13753,4.0,AP,,
8200,13761,1.0,NA,,
8200,13761,2.0,LA,,
8200,13761,3.0,EMEA,,
8200,13761,4.0,AP,,
8203,13764,,,,
8204,13765,,,,
8211,13770,1.0,NA,,
8211,13770,2.0,LA,,
8211,13770,3.0,EMEA,25.0,Izmit
8211,13770,4.0,AP,,
8215,13773,2.0,LA,,
8226,13784,1.0,NA,,
8226,13784,2.0,LA,,
8226,13784,3.0,EMEA,27.0,South Africa
8226,13784,4.0,AP,,
8227,13785,1.0,NA,,
8227,13785,2.0,LA,,
8227,13785,3.0,EMEA,24.0,Sava
8227,13785,4.0,AP,,
8229,13786,,,,
8233,13789,1.0,NA,1.0,Danville
8233,13789,1.0,NA,2.0,Gadsden
8233,13789,1.0,NA,3.0,Topeka
8233,13789,1.0,NA,5.0,Fayetteville
8233,13789,1.0,NA,8.0,Lawton
8233,13789,1.0,NA,9.0,Medicine Hat
8233,13789,1.0,NA,10.0,Napanee
8233,13789,1.0,NA,11.0,Valleyfield
8233,13789,1.0,NA,13.0,Social Circle
8233,13789,1.0,NA,14.0,ICM*A
8233,13789,1.0,NA,55.0,Chem Bayport
8233,13789,1.0,NA,56.0,Chem Beaumont
8233,13789,1.0,NA,57.0,Chem Houston
8233,13789,1.0,NA,58.0,Chem Niagara Falls
8233,13789,1.0,NA,120.0,NA-LA-AP Except AIRCRAFT
8241,13796,1.0,NA,,
8241,13796,2.0,LA,,
8241,13796,3.0,EMEA,,
8241,13796,4.0,AP,,
8242,13797,1.0,NA,,
8242,13797,2.0,LA,,
8242,13797,3.0,EMEA,,
8242,13797,4.0,AP,,
8243,13798,1.0,NA,,
8243,13798,2.0,LA,,
8243,13798,3.0,EMEA,,
8243,13798,4.0,AP,,
8244,13799,1.0,NA,,
8244,13799,2.0,LA,,
8244,13799,3.0,EMEA,,
8244,13799,4.0,AP,,
8249,13802,1.0,NA,,
8249,13802,2.0,LA,,
8249,13802,3.0,EMEA,,
8249,13802,4.0,AP,,
8257,13808,1.0,NA,,
8259,13810,1.0,NA,,
8263,13812,1.0,NA,,
8308,13849,1.0,NA,,
8308,13849,2.0,LA,,
8308,13849,3.0,EMEA,,
8308,13849,4.0,AP,,
8316,13855,1.0,NA,,
8318,13857,1.0,NA,,
8318,13857,2.0,LA,,
8318,13857,3.0,EMEA,,
8318,13857,4.0,AP,,
8329,13866,1.0,NA,,
8330,13867,1.0,NA,,
8347,13881,1.0,NA,,
8354,13885,1.0,NA,,
8381,13908,,,,
8385,13910,,,,
8387,13911,1.0,NA,,
8387,13911,2.0,LA,,
8387,13911,3.0,EMEA,,
8387,13911,4.0,AP,,
8397,13919,1.0,NA,,
8397,13919,2.0,LA,,
8397,13919,3.0,EMEA,,
8397,13919,4.0,AP,,
8402,13924,1.0,NA,,
8402,13924,2.0,LA,,
8402,13924,3.0,EMEA,,
8402,13924,4.0,AP,,
8405,13927,1.0,NA,,
8405,13927,2.0,LA,,
8405,13927,3.0,EMEA,,
8405,13927,4.0,AP,,
8412,13933,1.0,NA,,
8412,13933,2.0,LA,,
8417,13937,1.0,NA,,
8417,13937,2.0,LA,,
8418,13938,1.0,NA,,
8418,13938,2.0,LA,,
8419,13939,1.0,NA,,
8419,13939,2.0,LA,,
8420,13940,1.0,NA,,
8420,13940,2.0,LA,,
8421,13941,1.0,NA,,
8421,13941,2.0,LA,,
8434,13951,3.0,EMEA,,
8437,13954,2.0,LA,,
8437,13954,4.0,AP,,
8438,13955,1.0,NA,,
8438,13955,2.0,LA,,
8438,13955,3.0,EMEA,,
8439,13956,1.0,NA,,
8439,13956,2.0,LA,,
8446,13963,1.0,NA,,
8449,13966,1.0,NA,,
8449,13966,4.0,AP,,
8495,14000,1.0,NA,,
8507,14011,3.0,EMEA,18.0,Debica
8508,14012,3.0,EMEA,51.0,Wittlich
8509,14013,3.0,EMEA,52.0,Fuerstenwalde
8512,14016,3.0,EMEA,26.0,Fulda
8514,14018,3.0,EMEA,27.0,South Africa
8521,14025,3.0,EMEA,26.0,Fulda
8524,14028,3.0,EMEA,52.0,Fuerstenwalde
8566,14064,1.0,NA,,
8566,14064,2.0,LA,,
8566,14064,3.0,EMEA,,
8566,14064,4.0,AP,,
8575,14076,1.0,NA,,
8575,14076,2.0,LA,,
8575,14076,3.0,EMEA,,
8575,14076,4.0,AP,39.0,Taiwan
8615,14106,1.0,NA,,
8615,14106,2.0,LA,,
8615,14106,3.0,EMEA,,
8615,14106,4.0,AP,,
8617,14107,,,,
8633,14119,,,,
8635,14121,1.0,NA,,
8635,14121,2.0,LA,,
8635,14121,3.0,EMEA,,
8635,14121,4.0,AP,,
8314,13853,1.0,NA,,
8314,13853,2.0,LA,,
8314,13853,3.0,EMEA,,
8314,13853,4.0,AP,,
8333,13870,1.0,NA,,
8367,13896,1.0,NA,,
8375,13903,3.0,EMEA,,
8389,13912,2.0,LA,,
8447,13964,1.0,NA,,
8447,13964,2.0,LA,,
8447,13964,4.0,AP,,
8453,13968,1.0,NA,,
8457,13970,1.0,NA,,
8458,13971,1.0,NA,,
8484,13991,1.0,NA,,
8484,13991,2.0,LA,,
8484,13991,3.0,EMEA,,
8484,13991,4.0,AP,,
8487,13993,2.0,LA,,
8492,13997,1.0,NA,,
8492,13997,2.0,LA,,
8492,13997,3.0,EMEA,,
8492,13997,4.0,AP,,
8499,14003,1.0,NA,,
8500,14004,1.0,NA,,
8504,14008,1.0,NA,,
8513,14017,3.0,EMEA,19.0,Philippsburg
8520,14024,3.0,EMEA,23.0,Adapazari
8522,14026,3.0,EMEA,21.0,Luxembourg
8525,14029,3.0,EMEA,49.0,Montlucon
8530,14033,1.0,NA,,
8533,14036,4.0,AP,40.0,Thailand
8542,14043,,,,
8559,14056,1.0,NA,,
8559,14056,2.0,LA,,
8559,14056,3.0,EMEA,,
8559,14056,4.0,AP,,
8571,14071,1.0,NA,,
8571,14071,2.0,LA,,
8571,14071,3.0,EMEA,,
8571,14071,4.0,AP,,
8572,14073,1.0,NA,,
8572,14073,2.0,LA,,
8572,14073,3.0,EMEA,,
8572,14073,4.0,AP,,
8577,14077,,,,
8585,14083,,,,
8586,14084,,,,
8589,14086,1.0,NA,,
8589,14086,2.0,LA,,
8590,14087,1.0,NA,,
8590,14087,2.0,LA,,
8601,14096,,,,
8618,14108,,,,
8631,14117,,,,
8632,14118,,,,
8636,14122,,,,
8638,14124,,,,
8642,14128,,,,
8643,14129,,,,
8302,13843,1.0,NA,,
8305,13846,1.0,NA,,
8307,13848,1.0,NA,,
8307,13848,2.0,LA,,
8307,13848,3.0,EMEA,,
8307,13848,4.0,AP,,
8313,13852,1.0,NA,,
8313,13852,2.0,LA,,
8313,13852,3.0,EMEA,,
8313,13852,4.0,AP,,
8315,13854,1.0,NA,,
8321,13859,1.0,NA,,
8331,13868,1.0,NA,,
8332,13869,1.0,NA,,
8335,13872,1.0,NA,,
8335,13872,2.0,LA,,
8345,13880,1.0,NA,,
8345,13880,2.0,LA,,
8345,13880,3.0,EMEA,,
8345,13880,4.0,AP,,
8355,13886,1.0,NA,,
8355,13886,2.0,LA,,
8355,13886,3.0,EMEA,,
8355,13886,4.0,AP,,
8361,13890,4.0,AP,,
8369,13898,1.0,NA,,
8406,13928,1.0,NA,,
8406,13928,2.0,LA,,
8406,13928,3.0,EMEA,,
8406,13928,4.0,AP,,
8423,13942,1.0,NA,,
8423,13942,2.0,LA,33.0,Colombia
8423,13942,3.0,EMEA,,
8423,13942,4.0,AP,,
8432,13949,1.0,NA,,
8432,13949,2.0,LA,,
8432,13949,3.0,EMEA,,
8432,13949,4.0,AP,,
8436,13953,1.0,NA,,
8436,13953,2.0,LA,,
8441,13958,1.0,NA,,
8441,13958,2.0,LA,,
8441,13958,3.0,EMEA,,
8441,13958,4.0,AP,,
8470,13981,4.0,AP,,
8475,13984,1.0,NA,,
8475,13984,2.0,LA,,
8475,13984,3.0,EMEA,,
8475,13984,4.0,AP,,
8477,13985,4.0,AP,,
8480,13988,1.0,NA,,
8480,13988,2.0,LA,,
8480,13988,3.0,EMEA,,
8480,13988,4.0,AP,,
8493,13998,3.0,EMEA,,
8494,13999,1.0,NA,,
8494,13999,2.0,LA,,
8494,13999,3.0,EMEA,,
8494,13999,4.0,AP,,
8505,14009,,,,
8506,14010,3.0,EMEA,48.0,Amiens South
8510,14014,3.0,EMEA,23.0,Adapazari
8511,14015,3.0,EMEA,23.0,Adapazari
8515,14019,3.0,EMEA,26.0,Fulda
8516,14020,3.0,EMEA,23.0,Adapazari
8517,14021,3.0,EMEA,51.0,Wittlich
8518,14022,3.0,EMEA,52.0,Fuerstenwalde
8519,14023,3.0,EMEA,50.0,Hanau
8523,14027,3.0,EMEA,52.0,Fuerstenwalde
8540,14041,1.0,NA,,
8562,14060,1.0,NA,,
8562,14060,2.0,LA,,
8562,14060,3.0,EMEA,,
8562,14060,4.0,AP,,
8569,14067,2.0,LA,,
8573,14074,,,,
8303,13844,1.0,NA,,
8324,13861,1.0,NA,,
8326,13863,1.0,NA,9.0,Medicine Hat
8326,13863,2.0,LA,,
8326,13863,3.0,EMEA,,
8326,13863,4.0,AP,,
8340,13876,1.0,NA,,
8340,13876,2.0,LA,,
8341,13877,1.0,NA,,
8341,13877,2.0,LA,,
8349,13882,1.0,NA,,
8349,13882,2.0,LA,,
8349,13882,3.0,EMEA,,
8349,13882,4.0,AP,,
8359,13889,1.0,NA,,
8359,13889,2.0,LA,,
8359,13889,3.0,EMEA,,
8359,13889,4.0,AP,,
8362,13891,1.0,NA,,
8365,13894,1.0,NA,,
8407,13929,1.0,NA,,
8407,13929,2.0,LA,,
8407,13929,3.0,EMEA,,
8407,13929,4.0,AP,,
8425,13943,1.0,NA,,
8425,13943,2.0,LA,,
8425,13943,3.0,EMEA,,
8425,13943,4.0,AP,,
8444,13961,1.0,NA,,
8444,13961,2.0,LA,,
8444,13961,4.0,AP,,
8471,13982,4.0,AP,,
8491,13996,1.0,NA,,
8491,13996,2.0,LA,,
8491,13996,3.0,EMEA,,
8491,13996,4.0,AP,,
8545,14046,1.0,NA,,
8570,14068,1.0,NA,,
8570,14068,2.0,LA,,
8570,14068,3.0,EMEA,,
8570,14068,4.0,AP,,
8579,14078,,,,
8580,14079,,,,
8581,14080,,,,
8583,14082,,,,
8587,14085,1.0,NA,,
8587,14085,2.0,LA,,
8592,14089,1.0,NA,,
8592,14089,2.0,LA,,
8593,14090,1.0,NA,,
8593,14090,2.0,LA,,
8595,14092,,,,
8596,14093,1.0,NA,,
8596,14093,2.0,LA,,
8596,14093,3.0,EMEA,,
8596,14093,4.0,AP,,
8603,14097,,,,
8609,14102,,,,
8619,14109,1.0,NA,,
8629,14116,1.0,NA,,
8629,14116,2.0,LA,,
8629,14116,3.0,EMEA,,
8629,14116,4.0,AP,,
8634,14120,,,,
8640,14126,,,,
8645,14132,4.0,AP,,
8646,14133,1.0,NA,,
8646,14133,2.0,LA,,
8646,14133,3.0,EMEA,,
8646,14133,4.0,AP,,
8647,14134,,,,
8649,14136,2.0,LA,30.0,Americana
8649,14136,3.0,EMEA,,
8649,14136,4.0,AP,,
8654,14139,1.0,NA,,
8654,14139,2.0,LA,,
8654,14139,3.0,EMEA,,
8654,14139,4.0,AP,,
8656,14141,1.0,NA,,
8656,14141,2.0,LA,,
8656,14141,3.0,EMEA,,
8656,14141,4.0,AP,,
8659,14144,1.0,NA,,
8659,14144,2.0,LA,,
8659,14144,3.0,EMEA,,
8659,14144,4.0,AP,,
8306,13847,,,,
8319,13858,1.0,NA,,
8319,13858,2.0,LA,,
8319,13858,3.0,EMEA,,
8319,13858,4.0,AP,,
8327,13864,1.0,NA,,
8337,13873,1.0,NA,,
8337,13873,2.0,LA,,
8337,13873,3.0,EMEA,,
8337,13873,4.0,AP,,
8344,13879,1.0,NA,,
8351,13883,1.0,NA,8.0,Lawton
8351,13883,2.0,LA,,
8351,13883,3.0,EMEA,,
8351,13883,4.0,AP,,
8371,13900,,,,
8380,13907,2.0,LA,,
8392,13914,3.0,EMEA,,
8401,13923,3.0,EMEA,,
8401,13923,4.0,AP,,
8403,13925,1.0,NA,,
8403,13925,2.0,LA,,
8403,13925,3.0,EMEA,,
8403,13925,4.0,AP,,
8404,13926,1.0,NA,,
8409,13931,1.0,NA,,
8415,13935,1.0,NA,,
8415,13935,2.0,LA,,
8428,13945,1.0,NA,,
8428,13945,2.0,LA,,
8428,13945,3.0,EMEA,,
8428,13945,4.0,AP,,
8435,13952,1.0,NA,,
8435,13952,2.0,LA,,
8435,13952,3.0,EMEA,,
8435,13952,4.0,AP,,
8473,13983,,,,
8478,13986,1.0,NA,,
8478,13986,2.0,LA,,
8478,13986,3.0,EMEA,,
8478,13986,4.0,AP,,
8483,13990,1.0,NA,,
8483,13990,2.0,LA,,
8483,13990,3.0,EMEA,,
8483,13990,4.0,AP,,
8485,13992,1.0,NA,,
8502,14006,1.0,NA,,
8537,14039,,,,
8544,14045,1.0,NA,,
8544,14045,2.0,LA,,
8544,14045,3.0,EMEA,,
8544,14045,4.0,AP,,
8556,14054,1.0,NA,,
8556,14054,2.0,LA,,
8556,14054,3.0,EMEA,,
8556,14054,4.0,AP,,
8560,14057,1.0,NA,,
8560,14057,2.0,LA,,
8567,14065,1.0,NA,,
8567,14065,2.0,LA,,
8567,14065,3.0,EMEA,,
8567,14065,4.0,AP,,
8568,14066,1.0,NA,,
8568,14066,2.0,LA,,
8568,14066,3.0,EMEA,,
8568,14066,4.0,AP,,
8605,14098,,,,
8613,14104,1.0,NA,,
8613,14104,2.0,LA,,
8613,14104,3.0,EMEA,,
8613,14104,4.0,AP,,
8614,14105,1.0,NA,,
8614,14105,2.0,LA,,
8614,14105,3.0,EMEA,,
8614,14105,4.0,AP,,
8639,14125,,,,
8641,14127,,,,
8655,14140,1.0,NA,,
8655,14140,2.0,LA,,
8655,14140,3.0,EMEA,,
8655,14140,4.0,AP,,
8660,14145,1.0,NA,,
8660,14145,2.0,LA,,
8660,14145,3.0,EMEA,,
8660,14145,4.0,AP,,
8661,14146,1.0,NA,,
8661,14146,2.0,LA,,
8661,14146,3.0,EMEA,,
8661,14146,4.0,AP,,
8665,14149,1.0,NA,,
8665,14149,2.0,LA,,
8665,14149,3.0,EMEA,,
8665,14149,4.0,AP,,
8304,13845,1.0,NA,,
8304,13845,2.0,LA,,
8304,13845,3.0,EMEA,,
8304,13845,4.0,AP,,
8334,13871,1.0,NA,,
8343,13878,1.0,NA,,
8370,13899,1.0,NA,,
8370,13899,2.0,LA,,
8370,13899,3.0,EMEA,,
8370,13899,4.0,AP,,
8373,13901,1.0,NA,5.0,Fayetteville
8378,13905,1.0,NA,,
8400,13922,1.0,NA,,
8400,13922,2.0,LA,,
8400,13922,3.0,EMEA,,
8400,13922,4.0,AP,,
8411,13932,1.0,NA,,
8411,13932,2.0,LA,,
8429,13946,1.0,NA,,
8429,13946,2.0,LA,,
8429,13946,3.0,EMEA,,
8429,13946,4.0,AP,,
8469,13980,4.0,AP,,
8479,13987,1.0,NA,,
8479,13987,2.0,LA,,
8479,13987,3.0,EMEA,,
8479,13987,4.0,AP,,
8488,13994,2.0,LA,,
8497,14001,1.0,NA,,
8503,14007,1.0,NA,,
8526,14030,3.0,EMEA,52.0,Fuerstenwalde
8527,14031,4.0,AP,,
8541,14042,1.0,NA,,
8548,14048,1.0,NA,,
8549,14049,1.0,NA,,
8554,14052,2.0,LA,,
8597,14094,,,,
8611,14103,1.0,NA,,
8611,14103,2.0,LA,,
8611,14103,3.0,EMEA,,
8611,14103,4.0,AP,,
8623,14111,3.0,EMEA,,
8628,14115,,,,
8648,14135,1.0,NA,,
8648,14135,2.0,LA,,
8648,14135,3.0,EMEA,,
8648,14135,4.0,AP,,
8651,14137,1.0,NA,,
8651,14137,2.0,LA,,
8651,14137,3.0,EMEA,,
8651,14137,4.0,AP,,
8653,14138,1.0,NA,,
8653,14138,2.0,LA,,
8653,14138,4.0,AP,,
8657,14142,1.0,NA,,
8657,14142,2.0,LA,,
8657,14142,3.0,EMEA,,
8657,14142,4.0,AP,,
8658,14143,1.0,NA,,
8658,14143,2.0,LA,,
8658,14143,3.0,EMEA,,
8658,14143,4.0,AP,,
8662,14147,1.0,NA,,
8662,14147,2.0,LA,,
8662,14147,3.0,EMEA,,
8662,14147,4.0,AP,,
8663,14148,2.0,LA,,
8663,14148,3.0,EMEA,,
8663,14148,4.0,AP,,
8667,14150,1.0,NA,,
8667,14150,2.0,LA,,
8667,14150,3.0,EMEA,,
8667,14150,4.0,AP,,
8669,14151,1.0,NA,,
8669,14151,2.0,LA,,
8669,14151,4.0,AP,,
8671,14152,,,,
8672,14153,,,,
8673,14154,,,,
8674,14155,,,,
8675,14156,,,,
8323,13860,1.0,NA,,
8325,13862,1.0,NA,,
8325,13862,2.0,LA,,
8325,13862,3.0,EMEA,,
8325,13862,4.0,AP,,
8328,13865,1.0,NA,,
8338,13874,1.0,NA,,
8338,13874,2.0,LA,,
8338,13874,3.0,EMEA,,
8338,13874,4.0,AP,,
8339,13875,1.0,NA,,
8339,13875,2.0,LA,,
8339,13875,3.0,EMEA,,
8339,13875,4.0,AP,,
8353,13884,1.0,NA,,
8353,13884,2.0,LA,,
8353,13884,3.0,EMEA,,
8353,13884,4.0,AP,,
8356,13887,1.0,NA,,
8357,13888,1.0,NA,,
8366,13895,1.0,NA,,
8368,13897,1.0,NA,,
8374,13902,2.0,LA,,
8377,13904,,,,
8391,13913,3.0,EMEA,,
8394,13916,1.0,NA,,
8394,13916,2.0,LA,,
8394,13916,3.0,EMEA,,
8394,13916,4.0,AP,,
8396,13918,1.0,NA,,
8396,13918,2.0,LA,,
8396,13918,3.0,EMEA,,
8396,13918,4.0,AP,,
8399,13921,1.0,NA,,
8408,13930,1.0,NA,,
8408,13930,4.0,AP,,
8431,13948,1.0,NA,,
8431,13948,2.0,LA,,
8431,13948,3.0,EMEA,,
8431,13948,4.0,AP,,
8433,13950,3.0,EMEA,,
8448,13965,1.0,NA,,
8448,13965,4.0,AP,,
8455,13969,3.0,EMEA,,
8459,13972,1.0,NA,,
8459,13972,2.0,LA,,
8459,13972,3.0,EMEA,,
8459,13972,4.0,AP,,
8462,13974,1.0,NA,,
8462,13974,2.0,LA,,
8462,13974,3.0,EMEA,,
8467,13978,3.0,EMEA,,
8468,13979,4.0,AP,,
8489,13995,2.0,LA,,
8498,14002,1.0,NA,,
8501,14005,1.0,NA,,
8532,14035,1.0,NA,,
8539,14040,1.0,NA,,
8551,14050,1.0,NA,,
8551,14050,2.0,LA,,
8551,14050,3.0,EMEA,,
8551,14050,4.0,AP,,
8553,14051,2.0,LA,,
8561,14059,1.0,NA,,
8561,14059,2.0,LA,,
8565,14063,1.0,NA,,
8565,14063,2.0,LA,,
8565,14063,3.0,EMEA,,
8565,14063,4.0,AP,,
8574,14075,,,,
8591,14088,1.0,NA,,
8591,14088,2.0,LA,,
8594,14091,1.0,NA,,
8594,14091,2.0,LA,,
8599,14095,1.0,NA,,
8599,14095,2.0,LA,,
8599,14095,3.0,EMEA,,
8599,14095,4.0,AP,,
8625,14113,3.0,EMEA,,
8309,13850,1.0,NA,,
8309,13850,2.0,LA,,
8309,13850,3.0,EMEA,,
8309,13850,4.0,AP,,
8311,13851,4.0,AP,37.0,Malaysia
8317,13856,1.0,NA,,
8363,13892,1.0,NA,,
8364,13893,1.0,NA,,
8364,13893,2.0,LA,,
8364,13893,3.0,EMEA,23.0,Adapazari
8364,13893,4.0,AP,,
8364,13893,1.0,NA,,
8364,13893,2.0,LA,,
8364,13893,3.0,EMEA,25.0,Izmit
8364,13893,4.0,AP,,
8379,13906,,,,
8383,13909,,,,
8393,13915,1.0,NA,,
8393,13915,2.0,LA,,
8393,13915,3.0,EMEA,,
8393,13915,4.0,AP,,
8395,13917,1.0,NA,,
8395,13917,2.0,LA,,
8395,13917,3.0,EMEA,,
8395,13917,4.0,AP,,
8398,13920,1.0,NA,,
8398,13920,2.0,LA,,
8398,13920,3.0,EMEA,,
8398,13920,4.0,AP,,
8413,13934,1.0,NA,,
8413,13934,2.0,LA,,
8416,13936,1.0,NA,,
8416,13936,2.0,LA,,
8427,13944,,,,
8430,13947,1.0,NA,,
8430,13947,2.0,LA,,
8430,13947,3.0,EMEA,,
8430,13947,4.0,AP,,
8440,13957,1.0,NA,,
8440,13957,2.0,LA,,
8440,13957,3.0,EMEA,,
8440,13957,4.0,AP,,
8442,13959,1.0,NA,,
8442,13959,2.0,LA,,
8442,13959,4.0,AP,,
8443,13960,1.0,NA,,
8443,13960,2.0,LA,,
8443,13960,3.0,EMEA,,
8443,13960,4.0,AP,,
8445,13962,1.0,NA,,
8445,13962,2.0,LA,,
8445,13962,4.0,AP,,
8451,13967,1.0,NA,,
8451,13967,2.0,LA,,
8451,13967,3.0,EMEA,,
8451,13967,4.0,AP,,
8461,13973,,,,
8481,13989,1.0,NA,,
8481,13989,2.0,LA,,
8481,13989,3.0,EMEA,,
8481,13989,4.0,AP,,
8529,14032,1.0,NA,,
8531,14034,1.0,NA,,
8536,14038,,,,
8543,14044,,,,
8547,14047,,,,
8555,14053,,,,
8557,14055,1.0,NA,,
8557,14055,2.0,LA,,
8557,14055,3.0,EMEA,,
8557,14055,4.0,AP,,
8563,14061,1.0,NA,,
8563,14061,2.0,LA,,
8563,14061,3.0,EMEA,,
8563,14061,4.0,AP,,
8564,14062,1.0,NA,,
8564,14062,2.0,LA,,
8564,14062,3.0,EMEA,,
8564,14062,4.0,AP,,
8582,14081,,,,
8621,14110,,,,
8624,14112,1.0,NA,,
8624,14112,2.0,LA,,
8627,14114,,,,
8637,14123,,,,
8685,14161,,,,
8687,14162,3.0,EMEA,,
8690,14164,1.0,NA,,
8690,14164,2.0,LA,,
8690,14164,3.0,EMEA,,
8690,14164,4.0,AP,,
8699,14171,1.0,NA,,
8699,14171,2.0,LA,,
8699,14171,3.0,EMEA,,
8699,14171,4.0,AP,,
8702,14174,1.0,NA,,
8702,14174,2.0,LA,,
8702,14174,3.0,EMEA,,
8702,14174,4.0,AP,,
8707,14178,1.0,NA,,
8707,14178,2.0,LA,,
8707,14178,3.0,EMEA,,
8707,14178,4.0,AP,,
8717,14187,,,,
8723,14193,,,,
8738,14206,,,,
8739,14207,2.0,LA,,
8752,14218,1.0,NA,,
8770,14234,1.0,NA,,
8780,14245,,,,
8791,14255,1.0,NA,,
8791,14255,2.0,LA,,
8791,14255,3.0,EMEA,,
8791,14255,4.0,AP,,
8801,14261,,,,
8802,14262,,,,
8805,14265,3.0,EMEA,,
8810,14269,1.0,NA,,
8813,14272,1.0,NA,,
8813,14272,2.0,LA,,
8813,14272,3.0,EMEA,,
8813,14272,4.0,AP,,
8815,14273,1.0,NA,,
8829,14284,,,,
8840,14293,,,,
8847,14299,1.0,NA,,
8852,14311,1.0,NA,,
8853,14312,1.0,NA,,
8853,14312,2.0,LA,,
8854,14315,1.0,NA,,
8854,14315,2.0,LA,,
8855,14316,1.0,NA,,
8855,14316,2.0,LA,,
8855,14316,3.0,EMEA,,
8855,14316,4.0,AP,,
8858,14318,1.0,NA,,
8868,14326,,,,
8871,14329,,,,
8875,14332,,,,
8877,14334,,,,
8878,14335,1.0,NA,,
8878,14335,2.0,LA,,
8878,14335,3.0,EMEA,,
8878,14335,4.0,AP,,
8695,14169,,,,
8705,14177,1.0,NA,,
8705,14177,2.0,LA,,
8705,14177,3.0,EMEA,,
8705,14177,4.0,AP,,
8713,14183,,,,
8721,14191,,,,
8731,14201,,,,
8749,14216,,,,
8751,14217,,,,
8755,14220,1.0,NA,,
8773,14238,3.0,EMEA,,
8775,14240,,,,
8778,14243,,,,
8781,14246,,,,
8782,14247,,,,
8795,14257,,,,
8803,14263,,,,
8824,14279,1.0,NA,,
8835,14289,1.0,NA,140.0,Other
8838,14291,1.0,NA,,
8838,14291,2.0,LA,,
8838,14291,3.0,EMEA,,
8838,14291,4.0,AP,,
8843,14297,1.0,NA,,
8849,14308,1.0,NA,,
8869,14327,,,,
8870,14328,,,,
8881,14338,1.0,NA,,
8881,14338,2.0,LA,,
8881,14338,4.0,AP,,
8882,14339,1.0,NA,,
8882,14339,2.0,LA,,
8882,14339,4.0,AP,,
8883,14340,1.0,NA,,
8883,14340,2.0,LA,,
8883,14340,3.0,EMEA,,
8883,14340,4.0,AP,,
8893,14350,1.0,NA,,
8893,14350,2.0,LA,,
8893,14350,3.0,EMEA,,
8893,14350,4.0,AP,,
8897,14352,1.0,NA,,
8909,14362,2.0,LA,,
8913,14365,3.0,EMEA,20.0,Amiens North
8914,14366,3.0,EMEA,48.0,Amiens South
8915,14367,4.0,AP,,
8924,14373,3.0,EMEA,21.0,Luxembourg
8925,14374,1.0,NA,,
8927,14375,1.0,NA,,
8927,14375,2.0,LA,,
8927,14375,3.0,EMEA,,
8927,14375,4.0,AP,,
8929,14377,1.0,NA,,
8689,14163,1.0,NA,,
8689,14163,2.0,LA,,
8689,14163,3.0,EMEA,,
8689,14163,4.0,AP,,
8691,14165,1.0,NA,,
8691,14165,2.0,LA,,
8691,14165,4.0,AP,,
8709,14179,,,,
8716,14186,,,,
8726,14196,,,,
8768,14232,,,,
8769,14233,1.0,NA,,
8777,14242,,,,
8786,14250,,,,
8789,14253,1.0,NA,,
8789,14253,2.0,LA,,
8789,14253,3.0,EMEA,,
8789,14253,4.0,AP,,
8790,14254,1.0,NA,,
8790,14254,2.0,LA,,
8790,14254,3.0,EMEA,,
8790,14254,4.0,AP,,
8804,14264,1.0,NA,,
8804,14264,2.0,LA,,
8804,14264,3.0,EMEA,,
8804,14264,4.0,AP,,
8807,14267,,,,
8809,14268,1.0,NA,,
8837,14290,1.0,NA,,
8837,14290,2.0,LA,,
8837,14290,3.0,EMEA,,
8837,14290,4.0,AP,,
8851,14310,1.0,NA,,
8863,14321,1.0,NA,,
8874,14331,,,,
8899,14354,1.0,NA,57.0,Chem Houston
8903,14356,,,,
8904,14357,,,,
8906,14359,,,,
8907,14360,,,,
8912,14364,3.0,EMEA,49.0,Montlucon
8918,14369,1.0,NA,,
8931,14378,1.0,NA,,
8931,14378,2.0,LA,,
8931,14378,3.0,EMEA,,
8931,14378,4.0,AP,,
8935,14380,1.0,NA,,
8935,14380,2.0,LA,,
8935,14380,3.0,EMEA,,
8935,14380,4.0,AP,,
8937,14381,,,,
8943,14384,1.0,NA,,
8963,14403,1.0,NA,,
8965,14404,1.0,NA,,
8969,14407,,,,
8975,14413,,,,
8977,14415,,,,
8978,14416,3.0,EMEA,,
8981,14418,1.0,NA,,
8981,14418,2.0,LA,,
8981,14418,3.0,EMEA,,
8981,14418,4.0,AP,,
8987,14422,3.0,EMEA,24.0,Sava
8683,14160,1.0,NA,,
8683,14160,2.0,LA,,
8683,14160,3.0,EMEA,,
8683,14160,4.0,AP,,
8692,14166,1.0,NA,,
8692,14166,2.0,LA,,
8692,14166,3.0,EMEA,,
8692,14166,4.0,AP,,
8697,14170,1.0,NA,,
8703,14175,1.0,NA,,
8703,14175,2.0,LA,,
8704,14176,1.0,NA,,
8704,14176,2.0,LA,,
8737,14205,,,,
8759,14223,1.0,NA,,
8760,14224,1.0,NA,,
8761,14225,1.0,NA,,
8762,14226,1.0,NA,,
8763,14227,1.0,NA,,
8764,14228,1.0,NA,,
8765,14229,1.0,NA,,
8766,14230,1.0,NA,,
8767,14231,1.0,NA,,
8799,14260,1.0,NA,,
8817,14275,1.0,NA,,
8817,14275,2.0,LA,,
8817,14275,3.0,EMEA,,
8817,14275,4.0,AP,,
8821,14277,4.0,AP,,
8845,14298,,,,
8848,14300,1.0,NA,,
8861,14320,,,,
8885,14342,1.0,NA,,
8886,14343,1.0,NA,,
8891,14348,1.0,NA,,
8891,14348,2.0,LA,,
8891,14348,4.0,AP,,
8895,14351,,,,
8905,14358,,,,
8908,14361,,,,
8911,14363,3.0,EMEA,49.0,Montlucon
8919,14370,1.0,NA,,
8919,14370,2.0,LA,,
8919,14370,3.0,EMEA,,
8919,14370,4.0,AP,,
8939,14382,1.0,NA,,
8945,14385,3.0,EMEA,25.0,Izmit
8968,14406,,,,
8972,14410,,,,
8973,14411,,,,
8983,14419,3.0,EMEA,,
8986,14421,,,,
8993,14426,2.0,LA,,
8994,14427,3.0,EMEA,,
8995,14428,1.0,NA,,
8995,14428,2.0,LA,,
8995,14428,3.0,EMEA,,
8995,14428,4.0,AP,,
8677,14157,1.0,NA,,
8677,14157,2.0,LA,,
8677,14157,3.0,EMEA,,
8677,14157,4.0,AP,,
8681,14159,1.0,NA,,
8715,14185,,,,
8725,14195,,,,
8740,14208,2.0,LA,,
8746,14213,,,,
8748,14215,,,,
8772,14236,3.0,EMEA,,
8776,14241,,,,
8779,14244,,,,
8783,14248,,,,
8785,14249,,,,
8787,14251,1.0,NA,,
8787,14251,2.0,LA,,
8787,14251,3.0,EMEA,,
8787,14251,4.0,AP,,
8823,14278,1.0,NA,,
8833,14287,1.0,NA,,
8859,14319,1.0,NA,,
8859,14319,2.0,LA,,
8859,14319,4.0,AP,,
8865,14323,3.0,EMEA,20.0,Amiens North
8876,14333,,,,
8884,14341,1.0,NA,,
8923,14372,3.0,EMEA,51.0,Wittlich
8928,14376,1.0,NA,,
8967,14405,1.0,NA,,
8967,14405,2.0,LA,,
8967,14405,3.0,EMEA,,
8967,14405,4.0,AP,,
8970,14408,,,,
8971,14409,,,,
8976,14414,1.0,NA,,
8976,14414,2.0,LA,,
8976,14414,3.0,EMEA,,
8976,14414,4.0,AP,,
8985,14420,,,,
8991,14424,1.0,NA,,
8991,14424,3.0,EMEA,,
8992,14425,1.0,NA,,
8992,14425,2.0,LA,,
8992,14425,3.0,EMEA,,
8992,14425,4.0,AP,,
8996,14429,1.0,NA,,
8997,14430,1.0,NA,,
8999,14431,1.0,NA,,
8999,14431,2.0,LA,,
8999,14431,4.0,AP,,
9001,14432,1.0,NA,,
9001,14432,2.0,LA,,
9001,14432,3.0,EMEA,,
9001,14432,4.0,AP,37.0,Malaysia
9003,14433,1.0,NA,,
9005,14434,,,,
9006,14435,,,,
9007,14436,,,,
9008,14437,,,,
9009,14438,1.0,NA,,
9009,14438,2.0,LA,,
9009,14438,3.0,EMEA,,
9009,14438,4.0,AP,,
8693,14167,1.0,NA,,
8693,14167,2.0,LA,,
8693,14167,3.0,EMEA,,
8693,14167,4.0,AP,,
8701,14173,1.0,NA,,
8701,14173,2.0,LA,,
8701,14173,3.0,EMEA,,
8701,14173,4.0,AP,,
8710,14180,,,,
8711,14181,,,,
8722,14192,,,,
8733,14202,1.0,NA,,
8733,14202,2.0,LA,,
8733,14202,3.0,EMEA,,
8733,14202,4.0,AP,,
8734,14203,1.0,NA,,
8734,14203,2.0,LA,,
8734,14203,3.0,EMEA,,
8734,14203,4.0,AP,42.0,Nippon Giant
8735,14204,1.0,NA,,
8735,14204,2.0,LA,,
8735,14204,3.0,EMEA,,
8735,14204,4.0,AP,42.0,Nippon Giant
8743,14210,1.0,NA,,
8744,14211,,,,
8774,14239,,,,
8811,14270,1.0,NA,,
8811,14270,2.0,LA,,
8811,14270,3.0,EMEA,,
8811,14270,4.0,AP,,
8819,14276,1.0,NA,,
8819,14276,2.0,LA,,
8819,14276,3.0,EMEA,,
8819,14276,4.0,AP,,
8828,14283,1.0,NA,,
8828,14283,2.0,LA,,
8828,14283,3.0,EMEA,,
8828,14283,4.0,AP,,
8839,14292,,,,
8842,14295,1.0,NA,,
8864,14322,,,,
8867,14325,1.0,NA,,
8873,14330,1.0,NA,,
8879,14336,1.0,NA,,
8879,14336,2.0,LA,,
8879,14336,3.0,EMEA,,
8879,14336,4.0,AP,,
8880,14337,1.0,NA,,
8880,14337,2.0,LA,,
8880,14337,3.0,EMEA,,
8880,14337,4.0,AP,,
8887,14344,1.0,NA,,
8888,14345,1.0,NA,,
8889,14346,1.0,NA,,
8890,14347,1.0,NA,,
8892,14349,1.0,NA,,
8892,14349,2.0,LA,,
8892,14349,4.0,AP,,
8898,14353,1.0,NA,,
8901,14355,3.0,EMEA,18.0,Debica
8917,14368,1.0,NA,,
8917,14368,2.0,LA,,
8917,14368,4.0,AP,,
8921,14371,,,,
8933,14379,4.0,AP,,
8941,14383,,,,
8974,14412,,,,
8979,14417,1.0,NA,,
8979,14417,2.0,LA,,
8979,14417,3.0,EMEA,,
8979,14417,4.0,AP,,
8989,14423,1.0,NA,,
8679,14158,1.0,NA,,
8679,14158,2.0,LA,,
8679,14158,3.0,EMEA,,
8679,14158,4.0,AP,,
8694,14168,,,,
8700,14172,1.0,NA,,
8700,14172,2.0,LA,,
8700,14172,3.0,EMEA,,
8700,14172,4.0,AP,,
8712,14182,2.0,LA,,
8714,14184,,,,
8718,14188,,,,
8719,14189,,,,
8720,14190,,,,
8724,14194,,,,
8727,14197,,,,
8728,14198,,,,
8729,14199,,,,
8730,14200,,,,
8741,14209,,,,
8747,14214,,,,
8753,14219,,,,
8757,14221,1.0,NA,,
8758,14222,1.0,NA,,
8788,14252,1.0,NA,,
8788,14252,2.0,LA,,
8788,14252,3.0,EMEA,,
8788,14252,4.0,AP,,
8793,14256,1.0,NA,,
8793,14256,2.0,LA,,
8793,14256,3.0,EMEA,,
8793,14256,4.0,AP,,
8797,14258,,,,
8798,14259,,,,
8806,14266,3.0,EMEA,,
8806,14266,4.0,AP,,
8812,14271,1.0,NA,,
8812,14271,2.0,LA,,
8812,14271,3.0,EMEA,,
8812,14271,4.0,AP,,
8816,14274,1.0,NA,,
8816,14274,2.0,LA,,
8825,14280,3.0,EMEA,26.0,Fulda
8826,14281,,,,
8827,14282,3.0,EMEA,,
8831,14285,,,,
8832,14286,,,,
8834,14288,1.0,NA,140.0,Other
8841,14294,1.0,NA,,
8850,14309,1.0,NA,,
9019,14447,,,,
9038,14462,,,,
9051,14472,1.0,NA,,
9059,14477,,,,
9085,14496,1.0,NA,,
9085,14496,2.0,LA,,
9085,14496,3.0,EMEA,,
9085,14496,4.0,AP,,
9089,14498,,,,
9093,14501,1.0,NA,,
9102,14508,1.0,NA,,
9103,14509,1.0,NA,,
9108,14513,1.0,NA,,
9108,14513,2.0,LA,,
9108,14513,3.0,EMEA,,
9108,14513,4.0,AP,,
9109,14514,1.0,NA,,
9109,14514,2.0,LA,,
9109,14514,3.0,EMEA,,
9109,14514,4.0,AP,,
9115,14520,,,,
9118,14523,,,,
9126,14530,1.0,NA,,
9126,14530,2.0,LA,,
9126,14530,3.0,EMEA,,
9126,14530,4.0,AP,,
9137,14537,,,,
9151,14546,3.0,EMEA,,
9157,14552,,,,
9158,14553,,,,
9159,14554,,,,
9185,14569,3.0,EMEA,,
9194,14574,1.0,NA,,
9209,14594,1.0,NA,,
9209,14594,2.0,LA,,
9209,14594,3.0,EMEA,,
9209,14594,4.0,AP,,
9222,14606,,,,
9226,14609,,,,
9227,14610,,,,
9231,14616,1.0,NA,,
9231,14616,2.0,LA,,
9232,14617,1.0,NA,,
9232,14617,2.0,LA,,
9233,14618,,,,
9235,14619,1.0,NA,,
9235,14619,2.0,LA,,
9235,14619,3.0,EMEA,,
9235,14619,4.0,AP,,
9245,14631,1.0,NA,,
9255,14640,1.0,NA,,
9255,14640,2.0,LA,,
9255,14640,3.0,EMEA,,
9255,14640,4.0,AP,,
9261,14645,,,,
9262,14646,,,,
9269,14653,,,,
9279,14663,1.0,NA,,
9279,14663,2.0,LA,,
9279,14663,3.0,EMEA,,
9279,14663,4.0,AP,,
9014,14443,1.0,NA,,
9017,14445,3.0,EMEA,24.0,Sava
9020,14448,,,,
9028,14454,1.0,NA,,
9039,14463,1.0,NA,,
9039,14463,2.0,LA,,
9039,14463,3.0,EMEA,,
9039,14463,4.0,AP,,
9046,14469,3.0,EMEA,,
9060,14478,,,,
9061,14479,,,,
9072,14486,1.0,NA,,
9072,14486,2.0,LA,,
9072,14486,3.0,EMEA,,
9072,14486,4.0,AP,,
9073,14487,3.0,EMEA,,
9087,14497,,,,
9100,14506,,,,
9105,14511,,,,
9117,14522,,,,
9119,14524,1.0,NA,,
9119,14524,2.0,LA,,
9119,14524,3.0,EMEA,,
9119,14524,4.0,AP,,
9125,14529,1.0,NA,,
9125,14529,2.0,LA,,
9125,14529,3.0,EMEA,,
9125,14529,4.0,AP,,
9165,14558,,,,
9169,14561,3.0,EMEA,,
9179,14566,1.0,NA,,
9236,14623,1.0,NA,,
9236,14623,2.0,LA,,
9236,14623,3.0,EMEA,,
9236,14623,4.0,AP,,
9242,14628,1.0,NA,,
9251,14638,3.0,EMEA,,
9259,14643,,,,
9264,14648,,,,
9265,14649,,,,
9268,14652,1.0,NA,,
9268,14652,2.0,LA,,
9268,14652,3.0,EMEA,,
9268,14652,4.0,AP,,
9271,14655,,,,
9272,14656,,,,
9280,14664,1.0,NA,,
9280,14664,2.0,LA,,
9280,14664,3.0,EMEA,,
9280,14664,4.0,AP,,
9301,14678,3.0,EMEA,,
9323,14694,1.0,NA,,
9323,14694,2.0,LA,,
9323,14694,3.0,EMEA,,
9323,14694,4.0,AP,,
9327,14697,1.0,NA,,
9327,14697,2.0,LA,,
9335,14701,,,,
9337,14702,1.0,NA,,
9337,14702,2.0,LA,,
9337,14702,3.0,EMEA,,
9337,14702,4.0,AP,,
9010,14439,1.0,NA,,
9010,14439,2.0,LA,,
9010,14439,3.0,EMEA,,
9010,14439,4.0,AP,,
9013,14442,1.0,NA,,
9025,14452,,,,
9029,14455,1.0,NA,,
9031,14456,,,,
9037,14461,1.0,NA,,
9037,14461,2.0,LA,,
9037,14461,4.0,AP,,
9049,14471,1.0,NA,,
9056,14475,1.0,NA,,
9063,14480,2.0,LA,,
9063,14480,4.0,AP,,
9083,14494,1.0,NA,,
9104,14510,1.0,NA,,
9110,14515,1.0,NA,,
9110,14515,2.0,LA,,
9110,14515,3.0,EMEA,,
9110,14515,4.0,AP,,
9113,14518,,,,
9114,14519,,,,
9133,14535,1.0,NA,,
9143,14540,3.0,EMEA,20.0,Amiens North
9195,14575,1.0,NA,,
9195,14575,2.0,LA,,
9198,14585,1.0,NA,,
9198,14585,2.0,LA,,
9198,14585,3.0,EMEA,,
9198,14585,4.0,AP,,
9210,14595,1.0,NA,,
9210,14595,2.0,LA,,
9210,14595,3.0,EMEA,,
9210,14595,4.0,AP,,
9213,14598,1.0,NA,,
9213,14598,2.0,LA,,
9213,14598,3.0,EMEA,,
9213,14598,4.0,AP,,
9219,14603,,,,
9220,14604,,,,
9221,14605,,,,
9243,14629,1.0,NA,,
9257,14642,4.0,AP,,
9267,14651,1.0,NA,,
9267,14651,2.0,LA,,
9267,14651,3.0,EMEA,,
9267,14651,4.0,AP,,
9274,14659,1.0,NA,,
9286,14669,,,,
9291,14672,,,,
9295,14674,4.0,AP,,
9302,14679,3.0,EMEA,,
9310,14684,1.0,NA,140.0,Other
9310,14684,2.0,LA,,
9310,14684,3.0,EMEA,,
9310,14684,4.0,AP,,
9312,14686,4.0,AP,,
9315,14688,1.0,NA,,
9329,14698,,,,
9011,14440,1.0,NA,,
9015,14444,1.0,NA,,
9033,14458,,,,
9078,14491,1.0,NA,,
9084,14495,1.0,NA,,
9095,14502,,,,
9097,14503,1.0,NA,,
9097,14503,2.0,LA,,
9099,14505,,,,
9121,14526,1.0,NA,,
9121,14526,2.0,LA,,
9121,14526,3.0,EMEA,,
9121,14526,4.0,AP,,
9127,14531,1.0,NA,,
9127,14531,2.0,LA,,
9127,14531,3.0,EMEA,,
9127,14531,4.0,AP,,
9149,14545,1.0,NA,,
9149,14545,2.0,LA,,
9183,14568,,,,
9197,14582,1.0,NA,,
9197,14582,2.0,LA,,
9197,14582,3.0,EMEA,,
9197,14582,4.0,AP,,
9206,14591,1.0,NA,,
9206,14591,2.0,LA,,
9206,14591,3.0,EMEA,,
9206,14591,4.0,AP,,
9207,14592,1.0,NA,,
9207,14592,2.0,LA,,
9207,14592,3.0,EMEA,,
9207,14592,4.0,AP,,
9208,14593,1.0,NA,,
9208,14593,2.0,LA,,
9208,14593,3.0,EMEA,,
9208,14593,4.0,AP,,
9216,14600,1.0,NA,,
9216,14600,2.0,LA,,
9216,14600,3.0,EMEA,,
9216,14600,4.0,AP,,
9225,14608,,,,
9229,14613,1.0,NA,,
9247,14632,1.0,NA,,
9247,14632,2.0,LA,,
9247,14632,3.0,EMEA,,
9247,14632,4.0,AP,,
9285,14668,,,,
9287,14670,,,,
9297,14676,4.0,AP,,
9303,14680,,,,
9318,14691,1.0,NA,,
9318,14691,2.0,LA,,
9318,14691,3.0,EMEA,,
9318,14691,4.0,AP,,
9339,14703,1.0,NA,,
9339,14703,2.0,LA,,
9339,14703,3.0,EMEA,,
9339,14703,4.0,AP,,
9345,14708,,,,
9347,14709,3.0,EMEA,,
9349,14710,1.0,NA,,
9354,14714,4.0,AP,,
9355,14716,1.0,NA,,
9355,14716,2.0,LA,,
9355,14716,3.0,EMEA,,
9355,14716,4.0,AP,,
9361,14720,1.0,NA,,
9361,14720,2.0,LA,,
9366,14724,1.0,NA,,
9366,14724,2.0,LA,,
9366,14724,3.0,EMEA,,
9366,14724,4.0,AP,,
9371,14729,1.0,NA,,
9373,14731,,,,
9034,14459,1.0,NA,,
9034,14459,2.0,LA,,
9034,14459,3.0,EMEA,,
9034,14459,4.0,AP,,
9041,14465,1.0,NA,,
9041,14465,2.0,LA,,
9041,14465,3.0,EMEA,,
9041,14465,4.0,AP,,
9044,14467,1.0,NA,,
9053,14473,1.0,NA,,
9067,14482,1.0,NA,,
9067,14482,2.0,LA,,
9067,14482,3.0,EMEA,,
9067,14482,4.0,AP,,
9074,14488,3.0,EMEA,,
9075,14489,3.0,EMEA,,
9101,14507,1.0,NA,,
9111,14516,1.0,NA,,
9111,14516,2.0,LA,,
9111,14516,3.0,EMEA,,
9111,14516,4.0,AP,,
9112,14517,1.0,NA,,
9112,14517,2.0,LA,,
9112,14517,4.0,AP,,
9122,14527,1.0,NA,,
9122,14527,2.0,LA,,
9122,14527,3.0,EMEA,,
9122,14527,4.0,AP,,
9131,14534,,,,
9148,14544,1.0,NA,,
9148,14544,2.0,LA,,
9148,14544,3.0,EMEA,,
9148,14544,4.0,AP,,
9161,14555,1.0,NA,,
9166,14559,,,,
9187,14570,3.0,EMEA,,
9191,14572,1.0,NA,,
9191,14572,2.0,LA,,
9191,14572,3.0,EMEA,,
9191,14572,4.0,AP,,
9193,14573,1.0,NA,,
9199,14586,1.0,NA,,
9199,14586,2.0,LA,,
9199,14586,3.0,EMEA,,
9199,14586,4.0,AP,,
9200,14587,1.0,NA,,
9200,14587,2.0,LA,,
9200,14587,3.0,EMEA,,
9200,14587,4.0,AP,,
9203,14589,,,,
9211,14596,1.0,NA,,
9211,14596,2.0,LA,,
9211,14596,3.0,EMEA,,
9211,14596,4.0,AP,,
9228,14611,2.0,LA,,
9230,14615,1.0,NA,,
9230,14615,2.0,LA,,
9241,14627,,,,
9256,14641,,,,
9277,14662,1.0,NA,,
9309,14683,1.0,NA,,
9309,14683,2.0,LA,,
9309,14683,3.0,EMEA,,
9309,14683,4.0,AP,,
9313,14687,1.0,NA,,
9333,14700,4.0,AP,,
9363,14721,3.0,EMEA,,
9368,14726,1.0,NA,,
9368,14726,2.0,LA,,
9368,14726,3.0,EMEA,,
9368,14726,4.0,AP,,
9376,14733,1.0,NA,,
9377,14734,1.0,NA,,
9012,14441,1.0,NA,,
9021,14449,,,,
9024,14451,,,,
9035,14460,,,,
9047,14470,1.0,NA,,
9047,14470,2.0,LA,,
9047,14470,4.0,AP,,
9065,14481,1.0,NA,,
9065,14481,2.0,LA,,
9065,14481,3.0,EMEA,,
9065,14481,4.0,AP,,
9077,14490,3.0,EMEA,,
9079,14492,1.0,NA,,
9079,14492,2.0,LA,,
9079,14492,3.0,EMEA,,
9079,14492,4.0,AP,,
9107,14512,1.0,NA,,
9123,14528,1.0,NA,,
9123,14528,2.0,LA,,
9123,14528,3.0,EMEA,,
9123,14528,4.0,AP,,
9128,14532,,,,
9141,14539,,,,
9175,14564,,,,
9177,14565,1.0,NA,,
9181,14567,1.0,NA,,
9189,14571,2.0,LA,,
9223,14607,,,,
9239,14625,4.0,AP,,
9281,14665,1.0,NA,,
9281,14665,2.0,LA,,
9281,14665,3.0,EMEA,,
9281,14665,4.0,AP,,
9325,14695,1.0,NA,,
9325,14695,2.0,LA,,
9325,14695,3.0,EMEA,,
9325,14695,4.0,AP,,
9331,14699,3.0,EMEA,,
9350,14711,1.0,NA,,
9351,14712,2.0,LA,,
9351,14712,3.0,EMEA,,
9351,14712,4.0,AP,,
9353,14713,4.0,AP,,
9359,14719,1.0,NA,,
9359,14719,2.0,LA,,
9359,14719,3.0,EMEA,,
9359,14719,4.0,AP,,
9364,14722,1.0,NA,,
9364,14722,2.0,LA,,
9364,14722,3.0,EMEA,,
9364,14722,4.0,AP,,
9365,14723,1.0,NA,,
9369,14727,1.0,NA,,
9369,14727,2.0,LA,,
9369,14727,3.0,EMEA,,
9369,14727,4.0,AP,,
9370,14728,1.0,NA,,
9375,14732,1.0,NA,,
9380,14737,1.0,NA,,
9381,14738,1.0,NA,,
9384,14740,,,,
9385,14741,,,,
9018,14446,3.0,EMEA,18.0,Debica
9069,14483,4.0,AP,,
9071,14485,1.0,NA,,
9071,14485,2.0,LA,,
9071,14485,3.0,EMEA,,
9071,14485,4.0,AP,,
9081,14493,,,,
9092,14500,4.0,AP,46.0,Aurangabad
9120,14525,1.0,NA,,
9120,14525,2.0,LA,,
9120,14525,3.0,EMEA,,
9120,14525,4.0,AP,,
9129,14533,1.0,NA,,
9146,14542,1.0,NA,,
9146,14542,2.0,LA,,
9146,14542,3.0,EMEA,,
9146,14542,4.0,AP,,
9147,14543,1.0,NA,,
9147,14543,2.0,LA,,
9147,14543,3.0,EMEA,,
9147,14543,4.0,AP,,
9171,14562,1.0,NA,,
9171,14562,2.0,LA,,
9171,14562,3.0,EMEA,,
9171,14562,4.0,AP,,
9212,14597,1.0,NA,,
9212,14597,2.0,LA,,
9212,14597,3.0,EMEA,,
9212,14597,4.0,AP,,
9215,14599,1.0,NA,,
9215,14599,2.0,LA,,
9215,14599,3.0,EMEA,,
9215,14599,4.0,AP,,
9237,14624,1.0,NA,,
9237,14624,2.0,LA,,
9237,14624,3.0,EMEA,,
9237,14624,4.0,AP,,
9240,14626,,,,
9244,14630,1.0,NA,,
9249,14633,1.0,NA,,
9249,14633,2.0,LA,,
9249,14633,3.0,EMEA,,
9249,14633,4.0,AP,,
9260,14644,,,,
9263,14647,,,,
9270,14654,,,,
9283,14667,1.0,NA,,
9283,14667,2.0,LA,,
9283,14667,3.0,EMEA,,
9283,14667,4.0,AP,,
9289,14671,1.0,NA,,
9289,14671,2.0,LA,,
9289,14671,3.0,EMEA,,
9289,14671,4.0,AP,,
9293,14673,,,,
9299,14677,1.0,NA,,
9307,14682,1.0,NA,,
9307,14682,2.0,LA,,
9307,14682,3.0,EMEA,,
9307,14682,4.0,AP,,
9311,14685,4.0,AP,45.0,Ballabgarh
9311,14685,4.0,AP,46.0,Aurangabad
9316,14689,2.0,LA,,
9321,14693,1.0,NA,,
9321,14693,2.0,LA,,
9356,14717,,,,
9357,14718,1.0,NA,,
9367,14725,1.0,NA,,
9367,14725,2.0,LA,,
9367,14725,3.0,EMEA,,
9367,14725,4.0,AP,,
9372,14730,1.0,NA,,
9378,14735,1.0,NA,,
9379,14736,1.0,NA,,
9383,14739,,,,
9023,14450,,,,
9027,14453,,,,
9032,14457,,,,
9040,14464,,,,
9043,14466,,,,
9045,14468,1.0,NA,,
9055,14474,,,,
9057,14476,3.0,EMEA,,
9070,14484,1.0,NA,,
9091,14499,4.0,AP,45.0,Ballabgarh
9098,14504,1.0,NA,,
9098,14504,2.0,LA,,
9098,14504,3.0,EMEA,,
9098,14504,4.0,AP,,
9116,14521,1.0,NA,,
9116,14521,2.0,LA,,
9116,14521,3.0,EMEA,,
9116,14521,4.0,AP,,
9135,14536,,,,
9139,14538,,,,
9145,14541,1.0,NA,,
9145,14541,2.0,LA,,
9145,14541,3.0,EMEA,,
9145,14541,4.0,AP,,
9152,14547,,,,
9153,14548,1.0,NA,,
9153,14548,2.0,LA,,
9153,14548,3.0,EMEA,,
9153,14548,4.0,AP,,
9162,14556,1.0,NA,,
9163,14557,1.0,NA,,
9163,14557,2.0,LA,,
9163,14557,3.0,EMEA,,
9163,14557,4.0,AP,,
9167,14560,,,,
9173,14563,1.0,NA,,
9173,14563,2.0,LA,,
9201,14588,1.0,NA,,
9201,14588,2.0,LA,,
9201,14588,3.0,EMEA,,
9201,14588,4.0,AP,,
9205,14590,1.0,NA,,
9205,14590,2.0,LA,,
9205,14590,3.0,EMEA,,
9205,14590,4.0,AP,,
9253,14639,1.0,NA,,
9253,14639,2.0,LA,,
9253,14639,3.0,EMEA,,
9253,14639,4.0,AP,,
9273,14657,1.0,NA,,
9275,14660,1.0,NA,,
9276,14661,1.0,NA,,
9282,14666,1.0,NA,,
9282,14666,2.0,LA,,
9282,14666,3.0,EMEA,,
9282,14666,4.0,AP,,
9296,14675,4.0,AP,,
9305,14681,1.0,NA,,
9305,14681,2.0,LA,,
9305,14681,3.0,EMEA,50.0,Hanau
9305,14681,4.0,AP,,
9317,14690,1.0,NA,,
9317,14690,2.0,LA,,
9317,14690,3.0,EMEA,,
9317,14690,4.0,AP,,
9319,14692,1.0,NA,,
9319,14692,2.0,LA,,
9319,14692,3.0,EMEA,,
9319,14692,4.0,AP,,
9326,14696,1.0,NA,,
9326,14696,2.0,LA,,
9326,14696,3.0,EMEA,,
9326,14696,4.0,AP,,
9558,14885,3.0,EMEA,,
9568,14893,1.0,NA,,
9568,14893,2.0,LA,,
9568,14893,3.0,EMEA,,
9568,14893,4.0,AP,,
9613,14928,1.0,NA,,
9613,14928,2.0,LA,,
9613,14928,3.0,EMEA,,
9613,14928,4.0,AP,,
9627,14939,1.0,NA,,
9627,14939,2.0,LA,,
9978,15232,1.0,NA,,
9978,15232,2.0,LA,,
9978,15232,3.0,EMEA,,
9978,15232,4.0,AP,,
10004,15254,1.0,NA,,
10004,15254,2.0,LA,,
10004,15254,3.0,EMEA,,
10004,15254,4.0,AP,,
10063,15306,1.0,NA,55.0,Chem Bayport
10158,15378,1.0,NA,,
10204,15420,1.0,NA,,
10204,15420,2.0,LA,,
10204,15420,3.0,EMEA,,
10204,15420,4.0,AP,,
10447,15613,1.0,NA,,
10535,15681,1.0,NA,,
10648,15775,4.0,AP,37.0,Malaysia
10648,15775,4.0,AP,40.0,Thailand
10648,15775,4.0,AP,42.0,Nippon Giant
10648,15775,4.0,AP,46.0,Aurangabad
10648,15775,4.0,AP,47.0,Indonesia
10648,15775,4.0,AP,100.0,Pulandian
10657,15782,1.0,NA,,
10657,15782,2.0,LA,,
10657,15782,3.0,EMEA,,
10657,15782,4.0,AP,,
10661,15785,,,,
10795,15895,,,,
10903,16241,3.0,EMEA,,
10943,16273,1.0,NA,,
11003,16352,1.0,NA,,
11003,16352,2.0,LA,,
11003,16352,3.0,EMEA,,
11003,16352,4.0,AP,,
11031,16389,1.0,NA,,
11031,16389,2.0,LA,,
11031,16389,4.0,AP,,
11127,16498,1.0,NA,,
11171,17219,1.0,NA,,
11284,17375,4.0,AP,,
11309,17419,1.0,NA,,
11309,17419,2.0,LA,,
11309,17419,3.0,EMEA,,
11309,17419,4.0,AP,,
11593,17873,,,,
11627,17920,,,,
11628,17921,,,,
11954,18397,3.0,EMEA,,
11958,18401,1.0,NA,,
11958,18401,2.0,LA,,
11958,18401,3.0,EMEA,,
11958,18401,4.0,AP,,
11963,18405,1.0,NA,,
11963,18405,2.0,LA,,
11963,18405,4.0,AP,,
11966,18408,1.0,NA,,
11966,18408,2.0,LA,,
11966,18408,3.0,EMEA,,
11966,18408,4.0,AP,,
11971,18412,3.0,EMEA,,
11973,18413,2.0,LA,,
11987,18439,,,,
9447,14793,1.0,NA,,
9447,14793,2.0,LA,,
9532,14855,1.0,NA,,
9681,14985,1.0,NA,,
9681,14985,2.0,LA,,
9681,14985,3.0,EMEA,,
9681,14985,4.0,AP,,
9683,14986,1.0,NA,,
9870,15136,1.0,NA,,
9979,15233,1.0,NA,,
9979,15233,2.0,LA,,
9979,15233,3.0,EMEA,,
9979,15233,4.0,AP,,
10125,15353,1.0,NA,,
10125,15353,2.0,LA,,
10125,15353,3.0,EMEA,,
10125,15353,4.0,AP,,
10131,15358,1.0,NA,,
10133,15361,1.0,NA,,
10337,15528,,,,
10705,15824,,,,
10867,15956,1.0,NA,,
10867,15956,2.0,LA,,
10867,15956,3.0,EMEA,,
10867,15956,4.0,AP,,
10883,15967,1.0,NA,,
10883,15967,2.0,LA,,
10883,15967,3.0,EMEA,,
10883,15967,4.0,AP,,
11029,16388,,,,
11105,16473,,,,
11107,16475,1.0,NA,,
11362,17470,,,,
11367,17476,1.0,NA,9.0,Medicine Hat
11367,17476,1.0,NA,10.0,Napanee
11475,17710,,,,
11613,17907,,,,
11619,17912,,,,
11625,17918,,,,
11643,17942,1.0,NA,,
11849,18284,1.0,NA,,
11849,18284,2.0,LA,,
11849,18284,3.0,EMEA,,
11849,18284,4.0,AP,,
11866,18298,,,,
12095,18543,,,,
12103,18548,1.0,NA,,
12111,18554,3.0,EMEA,,
12111,18554,4.0,AP,,
12113,18555,,,,
12132,18580,1.0,NA,,
12132,18580,2.0,LA,,
12132,18580,3.0,EMEA,,
12132,18580,4.0,AP,,
12136,18584,1.0,NA,,
12137,18585,1.0,NA,,
12150,18594,1.0,NA,,
12150,18594,2.0,LA,,
12150,18594,3.0,EMEA,,
12150,18594,4.0,AP,,
12161,18607,1.0,NA,,
12161,18607,2.0,LA,,
12161,18607,3.0,EMEA,,
12161,18607,4.0,AP,,
12166,18612,1.0,NA,,
12166,18612,2.0,LA,,
12166,18612,3.0,EMEA,,
12166,18612,4.0,AP,,
9492,14825,1.0,NA,,
9492,14825,2.0,LA,,
9492,14825,3.0,EMEA,,
9492,14825,4.0,AP,,
9551,14876,1.0,NA,,
9763,15051,2.0,LA,,
10166,15385,,,,
10267,15472,1.0,NA,,
10267,15472,2.0,LA,,
10267,15472,3.0,EMEA,,
10267,15472,4.0,AP,,
10387,15568,1.0,NA,,
10415,15590,1.0,NA,,
10415,15590,2.0,LA,,
10415,15590,3.0,EMEA,,
10415,15590,4.0,AP,,
10441,15609,2.0,LA,,
10565,15704,1.0,NA,,
10565,15704,2.0,LA,,
10565,15704,3.0,EMEA,,
10565,15704,4.0,AP,,
11448,17606,1.0,NA,,
11454,17611,1.0,NA,,
11537,17788,2.0,LA,,
11605,17896,1.0,NA,,
11790,18172,1.0,NA,,
11790,18172,2.0,LA,,
11790,18172,3.0,EMEA,,
11790,18172,4.0,AP,,
11927,18362,1.0,NA,,
11927,18362,2.0,LA,,
11927,18362,3.0,EMEA,,
11927,18362,4.0,AP,,
11928,18363,1.0,NA,,
11928,18363,2.0,LA,,
11928,18363,3.0,EMEA,,
11928,18363,4.0,AP,,
11944,18387,,,,
11947,18390,,,,
11953,18396,,,,
11959,18402,1.0,NA,,
11969,18411,,,,
11979,18426,1.0,NA,,
11979,18426,2.0,LA,,
11979,18426,4.0,AP,,
11981,18429,1.0,NA,,
11981,18429,2.0,LA,,
11991,18442,1.0,NA,,
11993,18444,1.0,NA,,
11994,18445,1.0,NA,,
11996,18447,1.0,NA,,
11997,18448,1.0,NA,,
11999,18450,1.0,NA,,
12001,18451,1.0,NA,,
12005,18454,4.0,AP,,
12011,18457,1.0,NA,,
12011,18457,2.0,LA,,
12011,18457,3.0,EMEA,,
12011,18457,4.0,AP,,
12013,18458,1.0,NA,,
12020,18462,,,,
12031,18475,1.0,NA,,
12031,18475,2.0,LA,,
12031,18475,4.0,AP,,
9461,14801,4.0,AP,,
9467,14805,1.0,NA,,
9467,14805,2.0,LA,,
9467,14805,3.0,EMEA,,
9467,14805,4.0,AP,,
9513,14839,,,,
9582,14905,1.0,NA,,
9721,15016,1.0,NA,,
9721,15016,2.0,LA,,
9721,15016,3.0,EMEA,,
9721,15016,4.0,AP,,
9779,15064,1.0,NA,,
9779,15064,2.0,LA,,
9779,15064,3.0,EMEA,,
9779,15064,4.0,AP,,
9862,15130,,,,
9895,15159,1.0,NA,,
9895,15159,2.0,LA,,
9895,15159,3.0,EMEA,,
9895,15159,4.0,AP,,
9897,15160,,,,
10111,15343,1.0,NA,,
10129,15356,1.0,NA,,
10132,15360,1.0,NA,,
10246,15456,1.0,NA,,
10246,15456,2.0,LA,,
10246,15456,3.0,EMEA,,
10246,15456,4.0,AP,,
10266,15471,1.0,NA,,
10266,15471,2.0,LA,,
10266,15471,3.0,EMEA,,
10266,15471,4.0,AP,,
10271,15476,1.0,NA,,
10271,15476,2.0,LA,,
10271,15476,3.0,EMEA,,
10271,15476,4.0,AP,,
10283,15487,1.0,NA,,
10283,15487,2.0,LA,,
10283,15487,3.0,EMEA,,
10283,15487,4.0,AP,40.0,Thailand
10511,15664,2.0,LA,,
10525,15673,,,,
10604,15740,1.0,NA,,
10643,15772,,,,
11223,17318,,,,
11264,17353,1.0,NA,,
11770,18118,,,,
11835,18256,1.0,NA,,
11835,18256,2.0,LA,,
11835,18256,3.0,EMEA,,
11835,18256,4.0,AP,,
11897,18337,,,,
12211,18669,1.0,NA,,
12213,18670,1.0,NA,,
12223,18700,1.0,NA,,
12223,18700,2.0,LA,,
12223,18700,3.0,EMEA,,
12223,18700,4.0,AP,,
12244,18727,1.0,NA,,
12274,18765,,,,
12276,18767,,,,
12277,18768,,,,
12278,18769,,,,
12279,18770,1.0,NA,,
12285,18775,1.0,NA,,
12286,18776,1.0,NA,,
9435,14783,1.0,NA,,
9435,14783,2.0,LA,,
9435,14783,3.0,EMEA,,
9435,14783,4.0,AP,,
9459,14799,1.0,NA,,
9459,14799,2.0,LA,,
9459,14799,3.0,EMEA,,
9459,14799,4.0,AP,,
9460,14800,1.0,NA,,
9460,14800,2.0,LA,,
9460,14800,3.0,EMEA,,
9460,14800,4.0,AP,,
9505,14832,,,,
9512,14838,,,,
9547,14873,1.0,NA,,
9548,14874,1.0,NA,,
9775,15060,1.0,NA,,
9775,15060,2.0,LA,,
9775,15060,3.0,EMEA,,
9775,15060,4.0,AP,,
10169,15387,,,,
10357,15544,3.0,EMEA,,
10503,15660,1.0,NA,,
10503,15660,2.0,LA,,
10503,15660,3.0,EMEA,,
10503,15660,4.0,AP,,
10512,15665,,,,
10553,15696,1.0,NA,,
10737,15851,,,,
10894,16000,1.0,NA,,
11042,16399,4.0,AP,,
11303,17413,4.0,AP,,
11424,17563,1.0,NA,,
11451,17609,1.0,NA,,
11463,17636,1.0,NA,,
11463,17636,2.0,LA,,
11463,17636,3.0,EMEA,,
11463,17636,4.0,AP,,
11587,17867,1.0,NA,,
11645,17944,1.0,NA,,
11718,18036,,,,
11742,18060,1.0,NA,,
11753,18101,,,,
11769,18117,,,,
11935,18377,,,,
11985,18434,1.0,NA,,
12027,18471,1.0,NA,,
12028,18472,1.0,NA,,
12040,18482,1.0,NA,,
12040,18482,2.0,LA,,
12040,18482,3.0,EMEA,,
12040,18482,4.0,AP,,
12045,18488,1.0,NA,,
12045,18488,2.0,LA,,
12045,18488,3.0,EMEA,,
12045,18488,4.0,AP,,
12069,18522,1.0,NA,,
12082,18533,1.0,NA,,
12083,18534,1.0,NA,,
12124,18573,,,,
12127,18575,1.0,NA,,
12127,18575,2.0,LA,,
12127,18575,3.0,EMEA,,
12127,18575,4.0,AP,,
9424,14772,4.0,AP,,
9920,15181,1.0,NA,,
9987,15241,,,,
10033,15282,1.0,NA,,
10035,15284,1.0,NA,,
10172,15391,1.0,NA,,
10203,15419,1.0,NA,,
10203,15419,2.0,LA,,
10203,15419,3.0,EMEA,,
10203,15419,4.0,AP,,
10229,15443,1.0,NA,,
10229,15443,2.0,LA,,
10229,15443,4.0,AP,,
10249,15459,,,,
10664,15788,,,,
10682,15804,1.0,NA,,
10745,15859,,,,
10871,15959,1.0,NA,,
10871,15959,2.0,LA,,
10871,15959,3.0,EMEA,,
10871,15959,4.0,AP,,
10879,15965,1.0,NA,,
10879,15965,2.0,LA,,
10879,15965,3.0,EMEA,,
10879,15965,4.0,AP,,
10889,15997,1.0,NA,,
10973,16320,2.0,LA,,
10989,16339,,,,
11017,16377,,,,
11252,17343,,,,
11488,17725,1.0,NA,,
11664,17966,,,,
11666,17968,,,,
11725,18043,3.0,EMEA,,
11725,18043,4.0,AP,,
11879,18310,3.0,EMEA,,
12138,18586,1.0,NA,,
12139,18587,1.0,NA,,
12171,18616,1.0,NA,,
12171,18616,2.0,LA,,
12171,18616,3.0,EMEA,,
12171,18616,4.0,AP,,
12173,18618,1.0,NA,,
12179,18633,3.0,EMEA,,
12193,18647,1.0,NA,,
12207,18664,1.0,NA,,
12207,18664,2.0,LA,,
12207,18664,3.0,EMEA,,
12207,18664,4.0,AP,,
12217,18694,1.0,NA,,
12217,18694,2.0,LA,,
12217,18694,3.0,EMEA,,
12217,18694,4.0,AP,,
9741,15032,1.0,NA,,
9741,15032,2.0,LA,,
9741,15032,3.0,EMEA,,
9741,15032,4.0,AP,,
9801,15080,1.0,NA,,
9801,15080,2.0,LA,,
9801,15080,3.0,EMEA,,
9801,15080,4.0,AP,44.0,Dalian
9801,15080,1.0,NA,,
9801,15080,2.0,LA,,
9801,15080,3.0,EMEA,,
9801,15080,4.0,AP,100.0,Pulandian
9810,15087,1.0,NA,,
10031,15280,1.0,NA,,
10253,15461,,,,
10270,15475,1.0,NA,,
10270,15475,2.0,LA,,
10270,15475,3.0,EMEA,,
10270,15475,4.0,AP,,
10280,15484,,,,
10349,15538,,,,
10412,15588,1.0,NA,,
10412,15588,2.0,LA,,
10412,15588,3.0,EMEA,,
10412,15588,4.0,AP,,
10416,15591,1.0,NA,,
10416,15591,2.0,LA,,
10416,15591,3.0,EMEA,,
10416,15591,4.0,AP,,
10417,15592,1.0,NA,,
10417,15592,2.0,LA,,
10417,15592,3.0,EMEA,,
10417,15592,4.0,AP,,
10466,15629,1.0,NA,,
10466,15629,2.0,LA,,
10466,15629,3.0,EMEA,,
10466,15629,4.0,AP,,
10546,15691,1.0,NA,,
10546,15691,2.0,LA,,
10546,15691,3.0,EMEA,,
10546,15691,4.0,AP,,
10658,15783,,,,
10667,15791,,,,
10972,16316,4.0,AP,,
11183,17232,1.0,NA,,
11305,17415,1.0,NA,,
11305,17415,2.0,LA,,
11305,17415,3.0,EMEA,,
11305,17415,4.0,AP,,
11649,17951,4.0,AP,,
11729,18046,,,,
11731,18048,,,,
11918,18355,,,,
12037,18479,1.0,NA,,
12037,18479,2.0,LA,,
12037,18479,3.0,EMEA,,
12037,18479,4.0,AP,,
12048,18491,,,,
12053,18506,1.0,NA,,
12053,18506,2.0,LA,,
12053,18506,3.0,EMEA,,
12053,18506,4.0,AP,,
12058,18511,2.0,LA,,
12059,18512,1.0,NA,,
12059,18512,2.0,LA,,
12059,18512,3.0,EMEA,18.0,Debica
12059,18512,4.0,AP,,
12059,18512,1.0,NA,,
12059,18512,2.0,LA,,
12059,18512,3.0,EMEA,19.0,Philippsburg
12059,18512,4.0,AP,,
12059,18512,1.0,NA,,
12059,18512,2.0,LA,,
12059,18512,3.0,EMEA,20.0,Amiens North
12059,18512,4.0,AP,,
12059,18512,1.0,NA,,
12059,18512,2.0,LA,,
12059,18512,3.0,EMEA,21.0,Luxembourg
12059,18512,4.0,AP,,
12059,18512,1.0,NA,,
12059,18512,2.0,LA,,
12059,18512,3.0,EMEA,23.0,Adapazari
12059,18512,4.0,AP,,
12059,18512,1.0,NA,,
12059,18512,2.0,LA,,
12059,18512,3.0,EMEA,24.0,Sava
12059,18512,4.0,AP,,
12059,18512,1.0,NA,,
12059,18512,2.0,LA,,
12059,18512,3.0,EMEA,25.0,Izmit
12059,18512,4.0,AP,,
12059,18512,1.0,NA,,
12059,18512,2.0,LA,,
12059,18512,3.0,EMEA,26.0,Fulda
12059,18512,4.0,AP,,
12059,18512,1.0,NA,,
12059,18512,2.0,LA,,
12059,18512,3.0,EMEA,28.0,Wolverhampton
12059,18512,4.0,AP,,
12059,18512,1.0,NA,,
12059,18512,2.0,LA,,
12059,18512,3.0,EMEA,48.0,Amiens South
12059,18512,4.0,AP,,
12059,18512,1.0,NA,,
12059,18512,2.0,LA,,
12059,18512,3.0,EMEA,49.0,Montlucon
12059,18512,4.0,AP,,
12059,18512,1.0,NA,,
12059,18512,2.0,LA,,
12059,18512,3.0,EMEA,50.0,Hanau
12059,18512,4.0,AP,,
12059,18512,1.0,NA,,
12059,18512,2.0,LA,,
12059,18512,3.0,EMEA,51.0,Wittlich
12059,18512,4.0,AP,,
12059,18512,1.0,NA,,
12059,18512,2.0,LA,,
12059,18512,3.0,EMEA,52.0,Fuerstenwalde
12059,18512,4.0,AP,,
12059,18512,1.0,NA,,
12059,18512,2.0,LA,,
12059,18512,3.0,EMEA,53.0,Riesa
12059,18512,4.0,AP,,
12059,18512,1.0,NA,,
12059,18512,2.0,LA,,
12059,18512,3.0,EMEA,60.0,Birmingham
12059,18512,4.0,AP,,
12075,18528,3.0,EMEA,,
12089,18539,1.0,NA,,
12089,18539,2.0,LA,,
12089,18539,3.0,EMEA,,
12089,18539,4.0,AP,,
12101,18546,1.0,NA,,
12101,18546,2.0,LA,,
12101,18546,3.0,EMEA,,
12101,18546,4.0,AP,,
12102,18547,1.0,NA,,
12102,18547,2.0,LA,,
12102,18547,3.0,EMEA,,
12102,18547,4.0,AP,,
12104,18549,1.0,NA,,
12107,18551,2.0,LA,,
12116,18559,1.0,NA,,
12116,18559,2.0,LA,,
12116,18559,3.0,EMEA,,
12116,18559,4.0,AP,,
12133,18581,1.0,NA,,
9428,14776,4.0,AP,,
9707,15004,1.0,NA,,
9707,15004,2.0,LA,,
9707,15004,3.0,EMEA,,
9707,15004,4.0,AP,,
10079,15320,4.0,AP,,
10138,15364,,,,
10181,15399,1.0,NA,,
10181,15399,2.0,LA,,
10181,15399,3.0,EMEA,,
10181,15399,4.0,AP,,
10193,15410,1.0,NA,,
10261,15466,1.0,NA,,
10261,15466,2.0,LA,,
10261,15466,3.0,EMEA,,
10261,15466,4.0,AP,,
10319,15515,1.0,NA,,
10319,15515,2.0,LA,,
10319,15515,4.0,AP,,
10364,15548,2.0,LA,,
10457,15620,,,,
10459,15623,1.0,NA,,
10459,15623,2.0,LA,,
10459,15623,3.0,EMEA,,
10459,15623,4.0,AP,,
10632,15765,,,,
10789,15891,2.0,LA,,
11047,16409,1.0,NA,,
11047,16409,2.0,LA,,
11047,16409,4.0,AP,,
11137,16507,1.0,NA,,
11137,16507,2.0,LA,,
11137,16507,3.0,EMEA,,
11137,16507,4.0,AP,,
11266,17355,1.0,NA,,
11409,17548,1.0,NA,,
11414,17553,1.0,NA,,
11416,17555,1.0,NA,,
11423,17562,1.0,NA,,
11429,17568,1.0,NA,,
11429,17568,2.0,LA,,
11429,17568,3.0,EMEA,,
11429,17568,4.0,AP,,
11446,17604,1.0,NA,,
11614,17908,,,,
11873,18305,,,,
12215,18676,1.0,NA,9.0,Medicine Hat
12215,18676,1.0,NA,10.0,Napanee
12215,18676,1.0,NA,11.0,Valleyfield
12288,18780,,,,
12289,18781,,,,
12293,18784,,,,
12295,18785,,,,
12296,18786,,,,
12297,18787,,,,
12299,18790,1.0,NA,,
12301,18793,1.0,NA,,
12301,18793,2.0,LA,,
12301,18793,3.0,EMEA,,
12301,18793,4.0,AP,,
12304,18795,,,,
12305,18796,1.0,NA,,
12305,18796,2.0,LA,,
12305,18796,3.0,EMEA,,
12305,18796,4.0,AP,,
12309,18803,1.0,NA,,
12309,18803,2.0,LA,,
12309,18803,3.0,EMEA,,
12309,18803,4.0,AP,,
12313,18877,,,,
9439,14786,,,,
9490,14823,1.0,NA,,
9724,15021,1.0,NA,,
9724,15021,2.0,LA,,
9724,15021,3.0,EMEA,,
9724,15021,4.0,AP,,
9729,15024,,,,
9740,15031,1.0,NA,,
9740,15031,2.0,LA,,
9740,15031,3.0,EMEA,,
9740,15031,4.0,AP,,
9768,15054,1.0,NA,,
9768,15054,2.0,LA,,
9768,15054,3.0,EMEA,,
9768,15054,4.0,AP,,
9881,15147,,,,
10100,15333,3.0,EMEA,,
10100,15333,4.0,AP,,
10201,15417,1.0,NA,,
10201,15417,2.0,LA,,
10201,15417,3.0,EMEA,,
10201,15417,4.0,AP,,
10216,15432,1.0,NA,,
10216,15432,2.0,LA,,
10216,15432,3.0,EMEA,,
10216,15432,4.0,AP,,
10218,15434,1.0,NA,,
10248,15458,3.0,EMEA,,
10248,15458,4.0,AP,,
10293,15495,4.0,AP,,
10575,15714,1.0,NA,,
10575,15714,2.0,LA,,
10575,15714,3.0,EMEA,,
10575,15714,4.0,AP,,
10606,15742,1.0,NA,,
10835,15932,1.0,NA,,
10837,15934,1.0,NA,,
10838,15935,1.0,NA,,
10839,15936,1.0,NA,,
10840,15937,1.0,NA,,
10911,16246,,,,
11388,17513,1.0,NA,,
11399,17522,1.0,NA,,
11466,17639,1.0,NA,,
11466,17639,2.0,LA,,
11466,17639,3.0,EMEA,,
11466,17639,4.0,AP,,
11493,17730,1.0,NA,,
11493,17730,2.0,LA,,
11493,17730,4.0,AP,,
11679,17981,1.0,NA,,
11701,18014,1.0,NA,,
11701,18014,2.0,LA,,
11701,18014,4.0,AP,,
11728,18045,,,,
11891,18325,,,,
11909,18347,,,,
12128,18576,1.0,NA,,
12128,18576,2.0,LA,,
12128,18576,3.0,EMEA,,
12128,18576,4.0,AP,,
12131,18579,1.0,NA,,
12131,18579,2.0,LA,,
12131,18579,3.0,EMEA,,
12131,18579,4.0,AP,,
12151,18595,1.0,NA,,
12151,18595,2.0,LA,,
12151,18595,3.0,EMEA,,
12151,18595,4.0,AP,,
12153,18597,1.0,NA,,
12153,18597,2.0,LA,,
12153,18597,3.0,EMEA,23.0,Adapazari
12153,18597,4.0,AP,,
12153,18597,1.0,NA,,
12153,18597,2.0,LA,,
12153,18597,3.0,EMEA,25.0,Izmit
12153,18597,4.0,AP,,
12153,18597,1.0,NA,,
12153,18597,2.0,LA,,
12153,18597,3.0,EMEA,,
12153,18597,4.0,AP,42.0,Nippon Giant
9440,14787,,,,
9649,14956,,,,
10170,15388,1.0,NA,,
10211,15425,1.0,NA,,
10211,15425,2.0,LA,,
10211,15425,3.0,EMEA,,
10211,15425,4.0,AP,,
10388,15569,1.0,NA,,
10469,15631,3.0,EMEA,,
10531,15678,1.0,NA,,
10626,15761,,,,
10958,16304,4.0,AP,,
11160,16527,,,,
11231,17326,,,,
11385,17511,,,,
11569,17847,1.0,NA,,
11569,17847,2.0,LA,,
11569,17847,4.0,AP,,
11574,17852,1.0,NA,,
11597,17889,,,,
11789,18171,1.0,NA,,
11789,18171,2.0,LA,,
11789,18171,3.0,EMEA,,
11789,18171,4.0,AP,,
11800,18182,1.0,NA,,
11859,18294,3.0,EMEA,,
11899,18339,,,,
12030,18474,,,,
12218,18695,1.0,NA,,
12218,18695,2.0,LA,,
12218,18695,3.0,EMEA,,
12218,18695,4.0,AP,,
12221,18698,1.0,NA,,
12221,18698,2.0,LA,,
12221,18698,3.0,EMEA,,
12221,18698,4.0,AP,,
12222,18699,1.0,NA,,
12222,18699,2.0,LA,,
12222,18699,3.0,EMEA,,
12222,18699,4.0,AP,,
12225,18704,4.0,AP,,
12227,18710,,,,
12228,18711,,,,
12241,18724,,,,
12252,18735,1.0,NA,,
12253,18736,1.0,NA,,
12280,18771,,,,
12281,18772,1.0,NA,,
12282,18773,1.0,NA,,
12283,18774,1.0,NA,,
12287,18779,,,,
12315,18878,1.0,NA,,
12315,18878,2.0,LA,,
12315,18878,3.0,EMEA,,
12315,18878,4.0,AP,,
9446,14792,1.0,NA,,
9825,15097,1.0,NA,,
9825,15097,2.0,LA,,
9825,15097,3.0,EMEA,,
9825,15097,4.0,AP,,
10067,15310,,,,
10102,15335,1.0,NA,,
10102,15335,2.0,LA,,
10102,15335,3.0,EMEA,,
10102,15335,4.0,AP,,
10268,15473,1.0,NA,,
10268,15473,2.0,LA,,
10268,15473,3.0,EMEA,,
10268,15473,4.0,AP,,
10281,15485,,,,
10331,15524,,,,
10375,15558,,,,
10545,15690,1.0,NA,,
10545,15690,2.0,LA,,
10545,15690,3.0,EMEA,,
10545,15690,4.0,AP,,
10637,15768,1.0,NA,,
10637,15768,2.0,LA,,
10637,15768,3.0,EMEA,,
10637,15768,4.0,AP,,
10891,15998,4.0,AP,,
11211,17260,1.0,NA,,
11259,17348,1.0,NA,,
11262,17351,1.0,NA,,
11410,17549,1.0,NA,,
11427,17566,1.0,NA,,
11437,17584,1.0,NA,,
11437,17584,2.0,LA,,
11437,17584,3.0,EMEA,,
11437,17584,4.0,AP,42.0,Nippon Giant
11437,17584,1.0,NA,,
11437,17584,2.0,LA,,
11437,17584,3.0,EMEA,,
11437,17584,4.0,AP,100.0,Pulandian
11609,17904,,,,
11705,18018,,,,
11871,18303,,,,
12047,18490,,,,
12135,18583,1.0,NA,,
12141,18588,,,,
12145,18590,1.0,NA,,
12147,18591,1.0,NA,,
12147,18591,2.0,LA,,
12147,18591,3.0,EMEA,,
12147,18591,4.0,AP,,
12152,18596,1.0,NA,,
12152,18596,2.0,LA,,
12152,18596,3.0,EMEA,,
12152,18596,4.0,AP,,
12154,18598,1.0,NA,,
12154,18598,2.0,LA,,
12154,18598,3.0,EMEA,,
12154,18598,4.0,AP,,
12155,18599,1.0,NA,,
12155,18599,2.0,LA,,
12155,18599,3.0,EMEA,,
12155,18599,4.0,AP,,
12158,18603,,,,
12159,18605,1.0,NA,,
12164,18610,1.0,NA,,
12167,18613,1.0,NA,,
12167,18613,2.0,LA,,
12167,18613,3.0,EMEA,,
12167,18613,4.0,AP,,
9409,14760,,,,
9510,14836,,,,
9672,14978,1.0,NA,,
9672,14978,2.0,LA,,
9672,14978,3.0,EMEA,,
9672,14978,4.0,AP,,
10059,15303,1.0,NA,,
10059,15303,2.0,LA,,
10059,15303,3.0,EMEA,,
10059,15303,4.0,AP,,
10060,15304,1.0,NA,,
10060,15304,2.0,LA,,
10060,15304,3.0,EMEA,,
10060,15304,4.0,AP,,
10513,15666,1.0,NA,,
10859,15951,2.0,LA,30.0,Americana
10859,15951,2.0,LA,31.0,Sao Paulo
10859,15951,2.0,LA,,
10859,15951,2.0,LA,33.0,Colombia
10859,15951,2.0,LA,35.0,Peru
10909,16244,,,,
11071,16436,1.0,NA,,
11119,16490,1.0,NA,,
11185,17233,2.0,LA,,
11460,17620,1.0,NA,,
11469,17642,1.0,NA,,
11469,17642,2.0,LA,,
11469,17642,3.0,EMEA,,
11469,17642,4.0,AP,,
11580,17857,1.0,NA,,
11930,18365,1.0,NA,,
11930,18365,2.0,LA,,
11930,18365,3.0,EMEA,,
11930,18365,4.0,AP,,
12021,18463,,,,
12042,18484,1.0,NA,,
12042,18484,2.0,LA,,
12042,18484,3.0,EMEA,,
12042,18484,4.0,AP,,
12129,18577,1.0,NA,,
12129,18577,2.0,LA,,
12129,18577,3.0,EMEA,,
12129,18577,4.0,AP,,
12130,18578,1.0,NA,,
12130,18578,2.0,LA,,
12130,18578,3.0,EMEA,,
12130,18578,4.0,AP,,
12177,18629,1.0,NA,,
12311,18811,,,,
12319,18968,4.0,AP,,
12321,18972,1.0,NA,,
12321,18972,2.0,LA,,
12321,18972,3.0,EMEA,,
12321,18972,4.0,AP,,
12322,18974,1.0,NA,,
12322,18974,2.0,LA,,
12322,18974,3.0,EMEA,,
12322,18974,4.0,AP,,
12327,19022,,,,
12329,19030,3.0,EMEA,,
12330,19031,,,,
12331,19036,,,,
12332,19037,,,,
12337,19048,1.0,NA,140.0,Other
12337,19048,2.0,LA,,
12337,19048,3.0,EMEA,,
12337,19048,4.0,AP,,
12339,19051,1.0,NA,,
12342,19053,1.0,NA,,
12346,19059,1.0,NA,,
12349,19062,1.0,NA,,
12349,19062,2.0,LA,,
12349,19062,3.0,EMEA,,
12349,19062,4.0,AP,,
12351,19064,1.0,NA,,
12351,19064,2.0,LA,,
12351,19064,3.0,EMEA,,
12351,19064,4.0,AP,,
12352,19065,1.0,NA,,
12352,19065,2.0,LA,,
12352,19065,3.0,EMEA,,
12352,19065,4.0,AP,,
12353,19066,1.0,NA,,
12353,19066,2.0,LA,,
12353,19066,3.0,EMEA,,
12353,19066,4.0,AP,,
12354,19067,,,,
9563,14888,1.0,NA,,
9563,14888,2.0,LA,,
9563,14888,3.0,EMEA,,
9563,14888,4.0,AP,,
9652,14959,3.0,EMEA,18.0,Debica
10050,15296,1.0,NA,,
10050,15296,2.0,LA,,
10050,15296,4.0,AP,,
10255,15462,1.0,NA,,
10255,15462,2.0,LA,,
10255,15462,3.0,EMEA,,
10255,15462,4.0,AP,,
10493,15652,,,,
10499,15658,1.0,NA,,
10499,15658,2.0,LA,,
10499,15658,3.0,EMEA,,
10499,15658,4.0,AP,,
10533,15680,1.0,NA,,
10695,15815,,,,
10740,15854,,,,
10836,15933,1.0,NA,,
11048,16410,1.0,NA,,
11048,16410,2.0,LA,,
11048,16410,4.0,AP,,
11181,17231,,,,
11268,17357,1.0,NA,,
11378,17485,1.0,NA,,
11378,17485,2.0,LA,,
11378,17485,3.0,EMEA,,
11378,17485,4.0,AP,,
11473,17646,1.0,NA,,
11473,17646,2.0,LA,,
11473,17646,3.0,EMEA,,
11473,17646,4.0,AP,,
11795,18177,1.0,NA,,
11865,18297,,,,
12015,18459,1.0,NA,,
12015,18459,2.0,LA,,
12015,18459,3.0,EMEA,,
12015,18459,4.0,AP,,
12115,18558,1.0,NA,,
12115,18558,2.0,LA,,
12115,18558,3.0,EMEA,,
12115,18558,4.0,AP,,
12157,18602,,,,
12172,18617,1.0,NA,,
12172,18617,2.0,LA,,
12172,18617,3.0,EMEA,,
12172,18617,4.0,AP,,
12181,18635,1.0,NA,,
12191,18643,1.0,NA,,
12201,18658,,,,
12203,18659,1.0,NA,,
12204,18660,1.0,NA,,
12243,18726,1.0,NA,,
12254,18737,1.0,NA,,
12255,18738,1.0,NA,,
12257,18743,,,,
12290,18782,,,,
12291,18783,,,,
12303,18794,1.0,NA,,
12303,18794,2.0,LA,,
12303,18794,3.0,EMEA,,
12303,18794,4.0,AP,,
12306,18797,4.0,AP,,
12307,18800,,,,
12308,18802,,,,
9433,14781,,,,
9434,14782,,,,
9463,14802,,,,
9471,14809,1.0,NA,,
9471,14809,2.0,LA,,
9471,14809,3.0,EMEA,,
9471,14809,4.0,AP,,
9517,14843,,,,
9557,14884,1.0,NA,,
9557,14884,2.0,LA,,
9557,14884,3.0,EMEA,,
9557,14884,4.0,AP,,
9569,14894,2.0,LA,,
9576,14899,1.0,NA,,
9576,14899,3.0,EMEA,,
9635,14945,1.0,NA,,
9635,14945,2.0,LA,,
9635,14945,3.0,EMEA,,
9635,14945,4.0,AP,,
9687,14990,1.0,NA,,
9831,15101,2.0,LA,,
9889,15154,1.0,NA,,
9981,15235,1.0,NA,,
9981,15235,2.0,LA,,
9981,15235,3.0,EMEA,,
9981,15235,4.0,AP,,
10043,15289,1.0,NA,,
10043,15289,2.0,LA,30.0,Americana
10043,15289,3.0,EMEA,,
10043,15289,4.0,AP,,
10099,15332,1.0,NA,,
10099,15332,2.0,LA,,
10099,15332,3.0,EMEA,,
10099,15332,4.0,AP,,
10109,15342,1.0,NA,,
10260,15465,1.0,NA,,
10260,15465,2.0,LA,,
10260,15465,3.0,EMEA,,
10260,15465,4.0,AP,,
10354,15542,1.0,NA,,
10354,15542,2.0,LA,,
10354,15542,3.0,EMEA,,
10354,15542,4.0,AP,,
10377,15560,,,,
10378,15561,,,,
10485,15646,1.0,NA,,
10485,15646,2.0,LA,,
10485,15646,4.0,AP,,
10905,16242,,,,
11013,16373,1.0,NA,,
11013,16373,2.0,LA,,
11013,16373,4.0,AP,,
11020,16380,,,,
11208,17258,,,,
12134,18582,1.0,NA,,
12210,18668,1.0,NA,,
12265,18752,1.0,NA,,
12265,18752,2.0,LA,,
12265,18752,3.0,EMEA,,
12265,18752,4.0,AP,,
12317,18883,1.0,NA,,
12323,18976,2.0,LA,,
12323,18976,3.0,EMEA,,
12323,18976,4.0,AP,,
12325,19021,1.0,NA,,
12325,19021,2.0,LA,,
12325,19021,3.0,EMEA,,
12325,19021,4.0,AP,,
12333,19040,1.0,NA,,
12335,19045,1.0,NA,,
12335,19045,2.0,LA,,
9431,14779,,,,
9607,14923,1.0,NA,,
9622,14934,1.0,NA,,
9622,14934,2.0,LA,,
9622,14934,3.0,EMEA,,
9622,14934,4.0,AP,,
9656,14963,,,,
9701,15000,,,,
9703,15002,,,,
9739,15030,1.0,NA,,
9778,15063,1.0,NA,,
9857,15126,1.0,NA,,
9863,15131,1.0,NA,,
9924,15185,,,,
10048,15294,1.0,NA,,
10089,15327,1.0,NA,,
10089,15327,2.0,LA,,
10089,15327,3.0,EMEA,,
10089,15327,4.0,AP,,
10126,15354,3.0,EMEA,,
10139,15365,,,,
10290,15493,1.0,NA,,
10334,15526,1.0,NA,,
10334,15526,2.0,LA,,
10334,15526,3.0,EMEA,,
10334,15526,4.0,AP,,
10594,15730,1.0,NA,,
10640,15770,,,,
10875,15962,,,,
10969,16314,1.0,NA,,
10969,16314,2.0,LA,,
10969,16314,3.0,EMEA,,
10969,16314,4.0,AP,,
10981,16333,1.0,NA,,
10981,16333,2.0,LA,,
10996,16345,1.0,NA,,
10996,16345,2.0,LA,,
10996,16345,3.0,EMEA,,
10996,16345,4.0,AP,,
11139,16508,1.0,NA,,
11139,16508,2.0,LA,,
11238,17331,,,,
11310,17420,,,,
11786,18168,1.0,NA,,
11786,18168,2.0,LA,,
11786,18168,3.0,EMEA,,
11786,18168,4.0,AP,,
12081,18532,1.0,NA,,
12175,18627,2.0,LA,,
12180,18634,1.0,NA,,
12182,18636,1.0,NA,,
12183,18637,1.0,NA,,
12187,18640,1.0,NA,,
12188,18641,1.0,NA,9.0,Medicine Hat
12188,18641,1.0,NA,10.0,Napanee
9420,14768,1.0,NA,,
9444,14790,1.0,NA,,
9537,14864,1.0,NA,,
9584,14907,1.0,NA,,
9641,14950,1.0,NA,,
9641,14950,2.0,LA,,
9641,14950,3.0,EMEA,,
9641,14950,4.0,AP,,
9773,15058,1.0,NA,,
9773,15058,2.0,LA,,
9773,15058,3.0,EMEA,,
9773,15058,4.0,AP,,
9774,15059,1.0,NA,,
9774,15059,2.0,LA,,
9774,15059,3.0,EMEA,,
9774,15059,4.0,AP,,
9919,15180,1.0,NA,,
10012,15262,1.0,NA,,
10012,15262,2.0,LA,,
10012,15262,3.0,EMEA,,
10012,15262,4.0,AP,,
10015,15265,1.0,NA,,
10015,15265,2.0,LA,,
10015,15265,3.0,EMEA,,
10015,15265,4.0,AP,,
10049,15295,1.0,NA,,
10049,15295,2.0,LA,,
10049,15295,3.0,EMEA,,
10049,15295,4.0,AP,,
10077,15319,1.0,NA,,
10174,15394,,,,
10269,15474,1.0,NA,,
10269,15474,2.0,LA,,
10269,15474,3.0,EMEA,,
10269,15474,4.0,AP,,
10298,15499,,,,
10338,15529,,,,
10391,15571,,,,
10396,15575,1.0,NA,,
10429,15602,1.0,NA,,
10465,15628,1.0,NA,,
10465,15628,2.0,LA,,
10465,15628,3.0,EMEA,,
10465,15628,4.0,AP,,
10567,15706,1.0,NA,,
10567,15706,2.0,LA,,
10567,15706,3.0,EMEA,,
10567,15706,4.0,AP,,
10663,15787,,,,
10841,15938,,,,
10849,15942,,,,
10885,15994,3.0,EMEA,,
11002,16351,1.0,NA,,
11002,16351,2.0,LA,,
11002,16351,3.0,EMEA,,
11002,16351,4.0,AP,,
11065,16425,,,,
11084,16454,1.0,NA,,
11087,16458,1.0,NA,,
11130,16501,1.0,NA,,
11174,17222,1.0,NA,,
11175,17223,1.0,NA,,
11263,17352,1.0,NA,,
11402,17525,1.0,NA,,
11403,17526,1.0,NA,,
11406,17529,1.0,NA,,
11434,17581,1.0,NA,,
11434,17581,2.0,LA,,
11434,17581,3.0,EMEA,,
11434,17581,4.0,AP,,
9394,14748,1.0,NA,,
9470,14808,,,,
9483,14819,,,,
9497,14828,1.0,NA,,
9497,14828,2.0,LA,,
9511,14837,,,,
9625,14937,1.0,NA,,
9625,14937,2.0,LA,,
9639,14947,1.0,NA,,
9639,14947,2.0,LA,,
9639,14947,3.0,EMEA,,
9639,14947,4.0,AP,,
9718,15014,4.0,AP,,
9731,15026,1.0,NA,,
9731,15026,2.0,LA,,
9951,15209,1.0,NA,14.0,ICM*A
9953,15211,,,,
10005,15255,1.0,NA,,
10005,15255,2.0,LA,,
10005,15255,3.0,EMEA,,
10005,15255,4.0,AP,,
10007,15257,1.0,NA,,
10007,15257,2.0,LA,,
10007,15257,3.0,EMEA,,
10007,15257,4.0,AP,,
10008,15258,1.0,NA,,
10008,15258,2.0,LA,,
10008,15258,3.0,EMEA,,
10008,15258,4.0,AP,,
10009,15259,1.0,NA,,
10009,15259,2.0,LA,,
10009,15259,3.0,EMEA,,
10009,15259,4.0,AP,,
10010,15260,1.0,NA,,
10010,15260,2.0,LA,,
10010,15260,3.0,EMEA,,
10010,15260,4.0,AP,,
10018,15268,1.0,NA,,
10018,15268,2.0,LA,,
10018,15268,3.0,EMEA,,
10018,15268,4.0,AP,,
10030,15279,1.0,NA,,
10054,15299,1.0,NA,,
10055,15300,1.0,NA,,
10345,15534,1.0,NA,,
10345,15534,2.0,LA,,
10345,15534,4.0,AP,,
10400,15578,,,,
10568,15707,1.0,NA,,
10568,15707,2.0,LA,,
10568,15707,3.0,EMEA,,
10568,15707,4.0,AP,,
10581,15719,1.0,NA,,
10581,15719,2.0,LA,,
10581,15719,3.0,EMEA,,
10581,15719,4.0,AP,,
10671,15795,,,,
10816,15918,1.0,NA,,
10816,15918,2.0,LA,,
10816,15918,3.0,EMEA,,
10816,15918,4.0,AP,,
11027,16387,1.0,NA,,
11072,16437,1.0,NA,,
11243,17334,,,,
11323,17433,1.0,NA,,
11333,17443,1.0,NA,,
11333,17443,2.0,LA,,
11333,17443,3.0,EMEA,,
11333,17443,4.0,AP,,
11372,17479,1.0,NA,,
11372,17479,2.0,LA,,
11372,17479,3.0,EMEA,,
11372,17479,4.0,AP,,
11380,17505,1.0,NA,,
11380,17505,2.0,LA,,
11380,17505,3.0,EMEA,,
11380,17505,4.0,AP,,
11441,17599,1.0,NA,,
11615,17909,,,,
9491,14824,1.0,NA,,
9491,14824,2.0,LA,,
9491,14824,3.0,EMEA,,
9491,14824,4.0,AP,,
9549,14875,,,,
9631,14943,3.0,EMEA,,
9662,14969,,,,
9767,15053,1.0,NA,,
9767,15053,2.0,LA,,
9767,15053,3.0,EMEA,,
9767,15053,4.0,AP,,
9892,15157,1.0,NA,,
9983,15237,1.0,NA,,
9983,15237,2.0,LA,,
9983,15237,3.0,EMEA,,
9983,15237,4.0,AP,,
9984,15238,1.0,NA,,
9984,15238,2.0,LA,,
9984,15238,3.0,EMEA,,
9984,15238,4.0,AP,,
9985,15239,1.0,NA,,
9985,15239,2.0,LA,,
9985,15239,3.0,EMEA,,
9985,15239,4.0,AP,,
10053,15298,1.0,NA,,
10242,15452,1.0,NA,,
10242,15452,2.0,LA,,
10242,15452,4.0,AP,,
10479,15640,1.0,NA,,
10479,15640,2.0,LA,,
10479,15640,3.0,EMEA,,
10479,15640,4.0,AP,,
10495,15653,,,,
10599,15735,1.0,NA,,
10624,15759,,,,
10739,15853,,,,
10757,15866,,,,
10951,16297,1.0,NA,,
11112,16484,,,,
11172,17220,1.0,NA,,
11190,17240,,,,
11193,17243,,,,
11221,17317,1.0,NA,,
11341,17451,1.0,NA,,
11341,17451,2.0,LA,,
11341,17451,4.0,AP,,
11395,17518,2.0,LA,,
11457,17614,1.0,NA,,
11720,18038,,,,
11767,18115,1.0,NA,,
11767,18115,2.0,LA,,
11767,18115,3.0,EMEA,,
11767,18115,4.0,AP,,
11780,18164,1.0,NA,,
11887,18321,1.0,NA,,
11982,18430,1.0,NA,,
12117,18564,,,,
12343,19054,1.0,NA,,
12345,19058,1.0,NA,,
12347,19061,1.0,NA,,
12347,19061,2.0,LA,,
12347,19061,3.0,EMEA,,
12347,19061,4.0,AP,,
12350,19063,1.0,NA,,
12350,19063,2.0,LA,,
12350,19063,3.0,EMEA,,
12350,19063,4.0,AP,,
9430,14778,,,,
9451,14795,1.0,NA,,
9451,14795,2.0,LA,,
9451,14795,3.0,EMEA,,
9451,14795,4.0,AP,,
9515,14841,,,,
9526,14849,1.0,NA,,
9527,14850,1.0,NA,,
9564,14889,1.0,NA,,
9564,14889,2.0,LA,,
9564,14889,3.0,EMEA,,
9564,14889,4.0,AP,,
9565,14890,1.0,NA,,
9565,14890,2.0,LA,,
9565,14890,3.0,EMEA,,
9565,14890,4.0,AP,,
9608,14924,1.0,NA,,
9624,14936,1.0,NA,,
9624,14936,2.0,LA,,
9712,15009,1.0,NA,,
9855,15125,4.0,AP,40.0,Thailand
10107,15340,1.0,NA,,
10107,15340,2.0,LA,,
10107,15340,3.0,EMEA,,
10107,15340,4.0,AP,,
10149,15371,4.0,AP,100.0,Pulandian
10190,15407,1.0,NA,,
10215,15431,1.0,NA,,
10370,15555,1.0,NA,,
10385,15566,1.0,NA,,
10385,15566,2.0,LA,,
10385,15566,3.0,EMEA,,
10385,15566,4.0,AP,,
10515,15667,1.0,NA,,
10536,15682,1.0,NA,,
10538,15684,,,,
10608,15744,1.0,NA,,
10611,15746,,,,
10819,15920,,,,
10907,16243,1.0,NA,,
10907,16243,2.0,LA,,
10907,16243,3.0,EMEA,,
10907,16243,4.0,AP,,
10912,16247,,,,
11098,16466,1.0,NA,,
11098,16466,2.0,LA,,
11098,16466,4.0,AP,,
11120,16491,1.0,NA,,
11200,17250,,,,
11204,17254,,,,
11350,17460,1.0,NA,,
11377,17484,4.0,AP,,
11547,17803,,,,
11942,18385,,,,
11977,18424,1.0,NA,,
11977,18424,2.0,LA,,
11977,18424,3.0,EMEA,,
11977,18424,4.0,AP,,
12084,18535,1.0,NA,,
9395,14749,1.0,NA,,
9396,14750,1.0,NA,,
9397,14751,1.0,NA,,
9407,14759,1.0,NA,,
9407,14759,2.0,LA,,
9407,14759,3.0,EMEA,,
9407,14759,4.0,AP,,
9480,14816,1.0,NA,,
9567,14892,1.0,NA,,
9567,14892,2.0,LA,,
9567,14892,3.0,EMEA,,
9567,14892,4.0,AP,,
9578,14901,1.0,NA,,
9579,14902,1.0,NA,,
9587,14909,1.0,NA,,
9587,14909,2.0,LA,,
9587,14909,3.0,EMEA,,
9587,14909,4.0,AP,,
9628,14940,1.0,NA,,
9628,14940,2.0,LA,,
9657,14964,,,,
9715,15012,1.0,NA,,
9715,15012,2.0,LA,,
9715,15012,3.0,EMEA,,
9715,15012,4.0,AP,,
9749,15040,1.0,NA,,
9749,15040,2.0,LA,,
9859,15127,2.0,LA,36.0,Venezuela
9903,15165,1.0,NA,,
9903,15165,2.0,LA,,
9903,15165,3.0,EMEA,,
9903,15165,4.0,AP,,
9926,15187,,,,
10095,15330,3.0,EMEA,,
10123,15352,3.0,EMEA,,
10171,15390,1.0,NA,,
10335,15527,1.0,NA,,
10335,15527,2.0,LA,,
10335,15527,3.0,EMEA,,
10335,15527,4.0,AP,,
10348,15537,2.0,LA,,
10352,15540,1.0,NA,,
10445,15611,1.0,NA,,
10445,15611,3.0,EMEA,,
10587,15724,1.0,NA,,
10935,16267,1.0,NA,,
10959,16305,,,,
11039,16397,1.0,NA,,
11039,16397,2.0,LA,,
11039,16397,4.0,AP,,
11122,16493,,,,
11219,17315,,,,
11285,17384,1.0,NA,,
11285,17384,2.0,LA,,
11365,17474,1.0,NA,,
11365,17474,2.0,LA,,
11365,17474,3.0,EMEA,,
11365,17474,4.0,AP,,
11371,17478,1.0,NA,,
11371,17478,2.0,LA,,
11371,17478,3.0,EMEA,,
11371,17478,4.0,AP,,
11520,17755,,,,
11543,17791,,,,
11583,17863,1.0,NA,,
9609,14925,1.0,NA,,
9609,14925,2.0,LA,,
9609,14925,3.0,EMEA,,
9609,14925,4.0,AP,,
9670,14976,1.0,NA,,
9693,14994,1.0,NA,,
9753,15044,1.0,NA,,
9753,15044,2.0,LA,,
9754,15045,1.0,NA,,
9754,15045,2.0,LA,,
9836,15109,1.0,NA,,
9865,15132,1.0,NA,,
9904,15166,,,,
9991,15244,,,,
10074,15316,1.0,NA,56.0,Chem Beaumont
10083,15323,1.0,NA,,
10083,15323,2.0,LA,,
10083,15323,3.0,EMEA,,
10083,15323,4.0,AP,,
10161,15381,,,,
10313,15510,,,,
10518,15669,1.0,NA,,
10669,15793,,,,
10763,15870,,,,
11011,16358,,,,
11045,16408,1.0,NA,,
11067,16429,1.0,NA,,
11067,16429,2.0,LA,,
11067,16429,3.0,EMEA,,
11067,16429,4.0,AP,,
11088,16459,1.0,NA,,
11096,16464,1.0,NA,,
11328,17438,1.0,NA,,
11328,17438,2.0,LA,,
11328,17438,3.0,EMEA,,
11328,17438,4.0,AP,,
11329,17439,,,,
11342,17452,1.0,NA,,
11353,17463,1.0,NA,,
11366,17475,1.0,NA,,
11366,17475,2.0,LA,,
11366,17475,3.0,EMEA,,
11366,17475,4.0,AP,,
11373,17480,1.0,NA,,
11400,17523,1.0,NA,,
11418,17557,1.0,NA,,
11515,17750,3.0,EMEA,,
11517,17752,3.0,EMEA,,
11639,17939,,,,
11713,18031,1.0,NA,,
11713,18031,2.0,LA,,
11713,18031,3.0,EMEA,,
11713,18031,4.0,AP,,
11719,18037,,,,
11747,18088,,,,
9391,14746,1.0,NA,,
9398,14752,1.0,NA,,
9538,14866,1.0,NA,,
9577,14900,1.0,NA,,
9589,14911,,,,
9619,14931,1.0,NA,,
9619,14931,2.0,LA,,
9619,14931,3.0,EMEA,,
9619,14931,4.0,AP,,
9630,14942,1.0,NA,,
9630,14942,2.0,LA,,
9737,15029,4.0,AP,,
9765,15052,2.0,LA,,
9765,15052,4.0,AP,,
10143,15368,1.0,NA,,
10157,15377,,,,
10277,15481,4.0,AP,,
10284,15488,1.0,NA,,
10284,15488,2.0,LA,,
10284,15488,3.0,EMEA,,
10284,15488,4.0,AP,,
10397,15576,1.0,NA,,
10397,15576,2.0,LA,,
10397,15576,3.0,EMEA,,
10397,15576,4.0,AP,,
10399,15577,1.0,NA,58.0,Chem Niagara Falls
10596,15732,1.0,NA,,
10596,15732,2.0,LA,,
10596,15732,3.0,EMEA,,
10596,15732,4.0,AP,,
10609,15745,,,,
10665,15789,,,,
10724,15839,,,,
10744,15858,,,,
10794,15894,,,,
11253,17344,3.0,EMEA,,
11279,17370,1.0,NA,,
11279,17370,2.0,LA,,
11279,17370,3.0,EMEA,,
11279,17370,4.0,AP,,
11288,17389,1.0,NA,,
11288,17389,2.0,LA,,
11288,17389,3.0,EMEA,,
11288,17389,4.0,AP,,
11392,17516,2.0,LA,,
11417,17556,1.0,NA,,
11455,17612,1.0,NA,,
11458,17615,1.0,NA,,
11553,17812,1.0,NA,,
11553,17812,2.0,LA,,
11553,17812,3.0,EMEA,,
11553,17812,4.0,AP,,
11621,17913,4.0,AP,,
11623,17917,1.0,NA,,
11636,17936,,,,
11638,17938,,,,
11676,17978,,,,
11708,18021,,,,
11745,18062,,,,
11756,18104,,,,
11757,18105,,,,
9449,14794,,,,
9611,14927,,,,
9617,14930,1.0,NA,,
9617,14930,2.0,LA,,
9617,14930,3.0,EMEA,,
9617,14930,4.0,AP,,
9794,15076,1.0,NA,,
9794,15076,2.0,LA,,
9794,15076,3.0,EMEA,,
9794,15076,4.0,AP,,
9839,15111,1.0,NA,,
9922,15183,1.0,NA,,
9945,15205,,,,
10076,15318,1.0,NA,,
10101,15334,1.0,NA,,
10101,15334,2.0,LA,,
10101,15334,3.0,EMEA,,
10101,15334,4.0,AP,,
10173,15393,,,,
11026,16386,1.0,NA,,
11311,17421,1.0,NA,,
11311,17421,2.0,LA,,
11311,17421,3.0,EMEA,,
11311,17421,4.0,AP,,
11364,17473,1.0,NA,,
11364,17473,2.0,LA,,
11364,17473,3.0,EMEA,,
11364,17473,4.0,AP,,
11422,17561,1.0,NA,,
11436,17583,1.0,NA,,
11436,17583,2.0,LA,,
11436,17583,3.0,EMEA,,
11436,17583,4.0,AP,42.0,Nippon Giant
11436,17583,1.0,NA,,
11436,17583,2.0,LA,,
11436,17583,3.0,EMEA,,
11436,17583,4.0,AP,100.0,Pulandian
11483,17721,,,,
11775,18159,1.0,NA,,
11907,18346,,,,
11949,18392,,,,
11951,18394,1.0,NA,,
11951,18394,2.0,LA,,
11951,18394,3.0,EMEA,,
11951,18394,4.0,AP,,
12041,18483,1.0,NA,,
12041,18483,2.0,LA,,
12041,18483,3.0,EMEA,,
12041,18483,4.0,AP,,
12051,18504,,,,
12086,18537,,,,
12120,18569,1.0,NA,,
12121,18570,,,,
12174,18619,1.0,NA,,
12186,18639,1.0,NA,,
12205,18662,1.0,NA,,
12205,18662,2.0,LA,,
12205,18662,3.0,EMEA,,
12205,18662,4.0,AP,,
12209,18667,1.0,NA,,
12219,18696,1.0,NA,,
12219,18696,2.0,LA,,
12219,18696,3.0,EMEA,,
12219,18696,4.0,AP,,
12220,18697,1.0,NA,,
12220,18697,2.0,LA,,
12220,18697,3.0,EMEA,,
12220,18697,4.0,AP,,
12229,18712,,,,
12245,18729,1.0,NA,,
12245,18729,2.0,LA,,
12245,18729,3.0,EMEA,,
12245,18729,4.0,AP,,
12247,18730,,,,
9399,14753,1.0,NA,,
9412,14762,1.0,NA,,
9412,14762,2.0,LA,,
9412,14762,3.0,EMEA,,
9412,14762,4.0,AP,,
9465,14803,1.0,NA,,
9485,14820,1.0,NA,,
9485,14820,2.0,LA,,
9485,14820,3.0,EMEA,,
9485,14820,4.0,AP,,
9509,14835,,,,
9531,14854,1.0,NA,,
9620,14932,1.0,NA,,
9620,14932,2.0,LA,,
9620,14932,3.0,EMEA,,
9620,14932,4.0,AP,,
9633,14944,3.0,EMEA,,
9713,15010,1.0,NA,,
9714,15011,1.0,NA,,
9847,15119,1.0,NA,,
9848,15120,1.0,NA,,
10034,15283,1.0,NA,,
10219,15435,1.0,NA,,
10537,15683,1.0,NA,,
10602,15738,1.0,NA,,
10612,15747,,,,
10785,15888,1.0,NA,,
10830,15928,1.0,NA,,
10830,15928,2.0,LA,,
10830,15928,3.0,EMEA,,
10830,15928,4.0,AP,,
10886,15995,1.0,NA,,
10886,15995,2.0,LA,,
10886,15995,4.0,AP,,
11036,16394,,,,
11233,17327,,,,
11298,17397,1.0,NA,,
11298,17397,2.0,LA,,
11298,17397,4.0,AP,,
11319,17429,3.0,EMEA,,
11324,17434,1.0,NA,,
11332,17442,1.0,NA,,
11332,17442,2.0,LA,,
11332,17442,3.0,EMEA,,
11332,17442,4.0,AP,,
11361,17469,,,,
11465,17638,1.0,NA,,
11465,17638,2.0,LA,,
11465,17638,3.0,EMEA,,
11465,17638,4.0,AP,,
11584,17864,1.0,NA,,
11595,17887,,,,
11634,17934,,,,
11637,17937,,,,
11675,17977,,,,
11692,17994,3.0,EMEA,,
11710,18023,,,,
11748,18089,,,,
11781,18165,1.0,NA,,
9389,14743,1.0,NA,,
9429,14777,,,,
9453,14796,1.0,NA,,
9453,14796,2.0,LA,,
9453,14796,3.0,EMEA,,
9453,14796,4.0,AP,,
9603,14920,1.0,NA,,
9623,14935,1.0,NA,,
9623,14935,2.0,LA,,
9623,14935,3.0,EMEA,,
9623,14935,4.0,AP,,
9698,14998,1.0,NA,,
9698,14998,2.0,LA,,
9698,14998,3.0,EMEA,,
9698,14998,4.0,AP,,
9757,15047,1.0,NA,,
9757,15047,2.0,LA,,
9757,15047,3.0,EMEA,,
9757,15047,4.0,AP,,
9824,15096,,,,
9845,15117,1.0,NA,,
9885,15150,,,,
9914,15174,1.0,NA,,
10082,15322,1.0,NA,,
10082,15322,2.0,LA,,
10082,15322,3.0,EMEA,,
10082,15322,4.0,AP,,
10291,15494,,,,
10343,15532,4.0,AP,,
10344,15533,4.0,AP,,
10455,15619,1.0,NA,,
10455,15619,2.0,LA,,
10455,15619,3.0,EMEA,,
10455,15619,4.0,AP,,
10482,15643,,,,
10577,15716,1.0,NA,,
10577,15716,2.0,LA,,
10577,15716,3.0,EMEA,23.0,Adapazari
10577,15716,4.0,AP,,
10577,15716,1.0,NA,,
10577,15716,2.0,LA,,
10577,15716,3.0,EMEA,25.0,Izmit
10577,15716,4.0,AP,,
10597,15733,1.0,NA,,
10597,15733,2.0,LA,,
10597,15733,3.0,EMEA,,
10617,15752,,,,
10854,15947,1.0,NA,,
10929,16261,1.0,NA,,
10931,16262,1.0,NA,,
10931,16262,2.0,LA,,
10931,16262,3.0,EMEA,,
10931,16262,4.0,AP,,
11000,16349,1.0,NA,9.0,Medicine Hat
11000,16349,2.0,LA,,
11000,16349,3.0,EMEA,,
11000,16349,4.0,AP,,
11000,16349,1.0,NA,10.0,Napanee
11000,16349,2.0,LA,,
11000,16349,3.0,EMEA,,
11000,16349,4.0,AP,,
11000,16349,1.0,NA,11.0,Valleyfield
11000,16349,2.0,LA,,
11000,16349,3.0,EMEA,,
11000,16349,4.0,AP,,
11000,16349,1.0,NA,,
11000,16349,2.0,LA,,
11000,16349,3.0,EMEA,,
11000,16349,4.0,AP,100.0,Pulandian
11167,17215,,,,
11191,17241,,,,
11209,17259,,,,
11217,17265,1.0,NA,,
11217,17265,2.0,LA,,
11217,17265,3.0,EMEA,,
11217,17265,4.0,AP,,
11287,17388,,,,
11292,17392,1.0,NA,,
11292,17392,2.0,LA,,
11292,17392,3.0,EMEA,,
11292,17392,4.0,AP,,
11300,17400,2.0,LA,,
11300,17400,3.0,EMEA,,
11357,17465,,,,
11358,17466,1.0,NA,,
11358,17466,2.0,LA,,
11358,17466,4.0,AP,,
11401,17524,1.0,NA,,
11438,17585,1.0,NA,,
11438,17585,2.0,LA,,
11438,17585,3.0,EMEA,,
11438,17585,4.0,AP,42.0,Nippon Giant
11438,17585,1.0,NA,,
11438,17585,2.0,LA,,
11438,17585,3.0,EMEA,,
11438,17585,4.0,AP,100.0,Pulandian
9419,14767,1.0,NA,,
9419,14767,2.0,LA,,
9419,14767,3.0,EMEA,,
9419,14767,4.0,AP,,
9596,14916,,,,
9708,15005,1.0,NA,,
9708,15005,2.0,LA,,
9708,15005,3.0,EMEA,,
9708,15005,4.0,AP,,
9709,15006,1.0,NA,,
9709,15006,2.0,LA,,
9709,15006,3.0,EMEA,,
9709,15006,4.0,AP,,
9809,15086,1.0,NA,,
10073,15315,1.0,NA,55.0,Chem Bayport
10113,15344,1.0,NA,,
10167,15386,1.0,NA,,
10167,15386,2.0,LA,,
10167,15386,4.0,AP,,
10373,15557,,,,
10615,15750,,,,
10673,15797,,,,
11015,16376,,,,
11057,16417,,,,
11111,16483,1.0,NA,,
11111,16483,2.0,LA,,
11111,16483,3.0,EMEA,,
11111,16483,4.0,AP,,
11115,16487,,,,
11140,16509,1.0,NA,,
11140,16509,2.0,LA,,
11165,17213,1.0,NA,,
11165,17213,2.0,LA,,
11165,17213,3.0,EMEA,,
11165,17213,4.0,AP,,
11177,17225,1.0,NA,,
11189,17239,3.0,EMEA,,
11255,17345,1.0,NA,,
11255,17345,2.0,LA,,
11255,17345,3.0,EMEA,,
11255,17345,4.0,AP,,
11317,17427,3.0,EMEA,,
11347,17457,1.0,NA,,
11405,17528,1.0,NA,,
11478,17717,1.0,NA,,
11478,17717,2.0,LA,,
11478,17717,3.0,EMEA,,
11478,17717,4.0,AP,,
11492,17729,1.0,NA,,
11494,17731,1.0,NA,,
11494,17731,2.0,LA,,
11494,17731,4.0,AP,,
11501,17739,,,,
11505,17743,,,,
11531,17784,1.0,NA,,
11531,17784,2.0,LA,,
11531,17784,3.0,EMEA,,
11531,17784,4.0,AP,,
9455,14797,,,,
9478,14814,1.0,NA,,
9478,14814,2.0,LA,,
9478,14814,3.0,EMEA,,
9478,14814,4.0,AP,,
9659,14966,3.0,EMEA,18.0,Debica
9784,15068,1.0,NA,,
9807,15084,1.0,NA,,
9909,15170,1.0,NA,,
9909,15170,2.0,LA,,
9931,15191,,,,
10072,15314,,,,
10179,15397,1.0,NA,,
10179,15397,2.0,LA,,
10179,15397,3.0,EMEA,,
10179,15397,4.0,AP,,
10180,15398,1.0,NA,,
10180,15398,2.0,LA,,
10180,15398,3.0,EMEA,,
10180,15398,4.0,AP,,
10295,15496,,,,
10305,15505,,,,
10316,15512,1.0,NA,,
10316,15512,2.0,LA,,
10316,15512,3.0,EMEA,,
10316,15512,4.0,AP,,
10384,15565,1.0,NA,,
10384,15565,2.0,LA,,
10384,15565,3.0,EMEA,,
10384,15565,4.0,AP,,
10411,15587,1.0,NA,,
10411,15587,2.0,LA,,
10411,15587,3.0,EMEA,,
10411,15587,4.0,AP,,
10716,15832,,,,
10774,15879,1.0,NA,,
10774,15879,2.0,LA,,
10774,15879,3.0,EMEA,,
10774,15879,4.0,AP,,
11241,17333,1.0,NA,,
11241,17333,2.0,LA,,
11241,17333,3.0,EMEA,,
11241,17333,4.0,AP,,
11281,17371,3.0,EMEA,,
11485,17722,1.0,NA,,
11582,17862,1.0,NA,9.0,Medicine Hat
11582,17862,2.0,LA,,
11582,17862,4.0,AP,,
11582,17862,1.0,NA,10.0,Napanee
11582,17862,2.0,LA,,
11582,17862,4.0,AP,,
11582,17862,1.0,NA,11.0,Valleyfield
11582,17862,2.0,LA,,
11582,17862,4.0,AP,,
11582,17862,1.0,NA,,
11582,17862,2.0,LA,,
11582,17862,4.0,AP,42.0,Nippon Giant
11582,17862,1.0,NA,140.0,Other
11582,17862,2.0,LA,,
11582,17862,4.0,AP,,
11591,17871,,,,
11704,18017,,,,
11837,18258,1.0,NA,,
11837,18258,2.0,LA,,
11837,18258,3.0,EMEA,,
11837,18258,4.0,AP,,
11890,18324,1.0,NA,,
11921,18357,1.0,NA,,
11921,18357,2.0,LA,,
11921,18357,3.0,EMEA,,
11921,18357,4.0,AP,,
11925,18360,1.0,NA,,
11925,18360,2.0,LA,,
11925,18360,3.0,EMEA,,
11925,18360,4.0,AP,,
12019,18461,,,,
12248,18731,,,,
12250,18733,1.0,NA,,
12251,18734,1.0,NA,,
12258,18744,,,,
12261,18748,,,,
12262,18749,,,,
12263,18750,,,,
12271,18762,,,,
12272,18763,,,,
12273,18764,,,,
12275,18766,,,,
9507,14833,,,,
9590,14912,3.0,EMEA,,
9604,14921,1.0,NA,,
9604,14921,2.0,LA,,
9604,14921,3.0,EMEA,,
9604,14921,4.0,AP,,
9811,15088,1.0,NA,,
9811,15088,2.0,LA,,
9811,15088,3.0,EMEA,,
9811,15088,4.0,AP,,
9949,15208,1.0,NA,,
9972,15224,1.0,NA,,
9980,15234,1.0,NA,,
9980,15234,2.0,LA,,
9980,15234,3.0,EMEA,,
9980,15234,4.0,AP,,
9982,15236,1.0,NA,,
9982,15236,2.0,LA,,
9982,15236,3.0,EMEA,,
9982,15236,4.0,AP,,
9994,15247,,,,
10022,15272,1.0,NA,,
10022,15272,2.0,LA,,
10022,15272,3.0,EMEA,,
10022,15272,4.0,AP,,
10023,15273,1.0,NA,,
10024,15274,1.0,NA,,
10024,15274,2.0,LA,,
10024,15274,3.0,EMEA,,
10024,15274,4.0,AP,,
10507,15662,1.0,NA,,
10507,15662,2.0,LA,,
10507,15662,3.0,EMEA,,
10507,15662,4.0,AP,,
10517,15668,1.0,NA,,
10519,15670,4.0,AP,,
10543,15688,1.0,NA,,
10543,15688,2.0,LA,,
10543,15688,3.0,EMEA,,
10543,15688,4.0,AP,,
10551,15695,1.0,NA,,
10551,15695,2.0,LA,,
10551,15695,3.0,EMEA,,
10551,15695,4.0,AP,,
10554,15697,1.0,NA,,
10595,15731,,,,
10600,15736,1.0,NA,,
10601,15737,1.0,NA,,
10603,15739,1.0,NA,,
10614,15749,,,,
10675,15799,,,,
10751,15862,,,,
10874,15961,1.0,NA,,
10978,16331,,,,
10991,16341,,,,
11091,16461,,,,
11133,16504,,,,
11161,17208,1.0,NA,,
11161,17208,2.0,LA,,
11161,17208,3.0,EMEA,,
11161,17208,4.0,AP,,
11202,17252,,,,
11225,17320,1.0,NA,,
11225,17320,2.0,LA,,
11225,17320,3.0,EMEA,,
11225,17320,4.0,AP,,
11326,17436,1.0,NA,,
11398,17521,1.0,NA,,
11440,17587,1.0,NA,,
11440,17587,2.0,LA,,
11440,17587,3.0,EMEA,,
11440,17587,4.0,AP,,
11456,17613,1.0,NA,,
11657,17959,,,,
9501,14830,1.0,NA,,
9535,14857,1.0,NA,,
9536,14859,1.0,NA,,
9593,14914,1.0,NA,,
9599,14918,1.0,NA,,
9661,14968,,,,
9727,15023,,,,
9861,15129,1.0,NA,,
9861,15129,2.0,LA,,
9861,15129,3.0,EMEA,,
9861,15129,4.0,AP,,
9874,15140,,,,
9937,15196,1.0,NA,,
9937,15196,2.0,LA,,
9937,15196,3.0,EMEA,,
9937,15196,4.0,AP,,
10003,15253,1.0,NA,,
10003,15253,2.0,LA,,
10003,15253,3.0,EMEA,,
10003,15253,4.0,AP,,
10016,15266,1.0,NA,,
10016,15266,2.0,LA,,
10016,15266,3.0,EMEA,,
10016,15266,4.0,AP,,
10017,15267,1.0,NA,,
10017,15267,2.0,LA,,
10017,15267,3.0,EMEA,,
10017,15267,4.0,AP,,
10020,15270,1.0,NA,,
10020,15270,2.0,LA,,
10020,15270,3.0,EMEA,,
10020,15270,4.0,AP,,
10021,15271,1.0,NA,,
10021,15271,2.0,LA,,
10021,15271,3.0,EMEA,,
10021,15271,4.0,AP,,
10025,15275,1.0,NA,,
10025,15275,2.0,LA,,
10025,15275,3.0,EMEA,,
10025,15275,4.0,AP,,
10065,15307,1.0,NA,,
10065,15307,2.0,LA,,
10065,15307,4.0,AP,,
10165,15384,,,,
10186,15403,1.0,NA,,
10187,15404,1.0,NA,,
10188,15405,1.0,NA,,
10202,15418,1.0,NA,,
10202,15418,2.0,LA,,
10202,15418,3.0,EMEA,,
10202,15418,4.0,AP,,
10217,15433,1.0,NA,,
10346,15535,,,,
10449,15614,1.0,NA,,
10449,15614,2.0,LA,,
10449,15614,4.0,AP,,
10631,15764,,,,
10873,15960,1.0,NA,,
10952,16298,1.0,NA,,
10953,16299,1.0,NA,,
11005,16354,1.0,NA,,
11050,16412,1.0,NA,,
11050,16412,2.0,LA,,
11050,16412,3.0,EMEA,,
11050,16412,4.0,AP,,
11085,16456,1.0,NA,,
11215,17264,1.0,NA,,
11215,17264,2.0,LA,,
11215,17264,3.0,EMEA,,
11215,17264,4.0,AP,,
11412,17551,1.0,NA,,
11431,17576,1.0,NA,,
11431,17576,2.0,LA,,
11431,17576,3.0,EMEA,,
11431,17576,4.0,AP,,
11439,17586,1.0,NA,,
11439,17586,2.0,LA,,
11439,17586,3.0,EMEA,,
11439,17586,4.0,AP,42.0,Nippon Giant
11439,17586,1.0,NA,,
11439,17586,2.0,LA,,
11439,17586,3.0,EMEA,,
11439,17586,4.0,AP,100.0,Pulandian
11464,17637,1.0,NA,,
11464,17637,2.0,LA,,
11464,17637,3.0,EMEA,,
11464,17637,4.0,AP,,
11555,17813,1.0,NA,,
11555,17813,2.0,LA,,
11555,17813,3.0,EMEA,,
11555,17813,4.0,AP,,
11562,17822,4.0,AP,,
9472,14810,1.0,NA,,
9472,14810,2.0,LA,,
9472,14810,3.0,EMEA,,
9472,14810,4.0,AP,,
9489,14822,1.0,NA,,
9508,14834,,,,
9518,14844,,,,
9637,14946,4.0,AP,,
9663,14970,,,,
9684,14987,1.0,NA,,
9717,15013,4.0,AP,,
9743,15033,1.0,NA,,
9789,15071,1.0,NA,57.0,Chem Houston
9869,15135,1.0,NA,,
9876,15142,,,,
9995,15248,,,,
10002,15252,1.0,NA,,
10002,15252,2.0,LA,,
10002,15252,3.0,EMEA,,
10002,15252,4.0,AP,,
10029,15278,1.0,NA,,
10047,15293,1.0,NA,,
10279,15483,1.0,NA,,
10279,15483,2.0,LA,,
10279,15483,3.0,EMEA,,
10279,15483,4.0,AP,,
10323,15518,3.0,EMEA,,
10437,15607,4.0,AP,,
10462,15625,1.0,NA,,
10462,15625,2.0,LA,,
10462,15625,4.0,AP,,
10464,15627,1.0,NA,,
10464,15627,2.0,LA,,
10464,15627,3.0,EMEA,,
10464,15627,4.0,AP,,
10619,15754,,,,
10689,15810,1.0,NA,,
10689,15810,2.0,LA,,
10689,15810,3.0,EMEA,,
10689,15810,4.0,AP,,
10729,15844,,,,
10823,15923,,,,
10824,15924,,,,
10963,16308,1.0,NA,,
10990,16340,,,,
11006,16355,,,,
11023,16382,1.0,NA,,
11034,16392,1.0,NA,,
11034,16392,2.0,LA,,
11034,16392,4.0,AP,,
11343,17453,1.0,NA,,
11344,17454,1.0,NA,,
11476,17715,1.0,NA,,
11476,17715,2.0,LA,,
11476,17715,3.0,EMEA,,
11476,17715,4.0,AP,,
9473,14811,1.0,NA,,
9473,14811,2.0,LA,,
9473,14811,3.0,EMEA,,
9473,14811,4.0,AP,,
9495,14827,1.0,NA,,
9640,14948,,,,
9645,14953,2.0,LA,,
9725,15022,1.0,NA,,
9725,15022,2.0,LA,,
9725,15022,3.0,EMEA,,
9725,15022,4.0,AP,,
9787,15070,1.0,NA,,
9829,15100,3.0,EMEA,,
9834,15105,1.0,NA,,
9835,15108,1.0,NA,,
9883,15149,3.0,EMEA,,
10032,15281,1.0,NA,,
10037,15285,,,,
10192,15409,,,,
10197,15412,1.0,NA,,
10197,15412,2.0,LA,,
10197,15412,3.0,EMEA,,
10197,15412,4.0,AP,,
10207,15423,1.0,NA,,
10213,15426,1.0,NA,,
10213,15426,2.0,LA,,
10213,15426,3.0,EMEA,,
10213,15426,4.0,AP,,
10371,15556,1.0,NA,,
10386,15567,1.0,NA,,
10402,15580,,,,
10725,15840,,,,
10731,15845,,,,
10734,15848,,,,
10735,15849,,,,
10833,15931,1.0,NA,,
10833,15931,2.0,LA,,
10833,15931,3.0,EMEA,,
10833,15931,4.0,AP,,
10843,15939,,,,
10865,15954,4.0,AP,,
10881,15966,,,,
11315,17425,1.0,NA,,
11315,17425,2.0,LA,,
11315,17425,3.0,EMEA,,
11315,17425,4.0,AP,,
11321,17431,1.0,NA,,
11407,17531,1.0,NA,,
11407,17531,2.0,LA,,
11407,17531,3.0,EMEA,,
11407,17531,4.0,AP,,
11449,17607,1.0,NA,,
11479,17718,1.0,NA,,
11479,17718,2.0,LA,,
11479,17718,3.0,EMEA,,
11479,17718,4.0,AP,,
11490,17727,1.0,NA,,
11601,17891,,,,
11603,17895,,,,
11646,17945,1.0,NA,,
11776,18160,1.0,NA,,
11816,18235,,,,
9423,14771,3.0,EMEA,,
9457,14798,1.0,NA,,
9457,14798,2.0,LA,,
9457,14798,3.0,EMEA,,
9457,14798,4.0,AP,,
9503,14831,,,,
9555,14882,1.0,NA,,
9940,15200,1.0,NA,,
9940,15200,2.0,LA,,
9940,15200,3.0,EMEA,,
9940,15200,4.0,AP,,
9942,15202,1.0,NA,,
9997,15249,2.0,LA,36.0,Venezuela
10544,15689,,,,
10555,15698,1.0,NA,,
10559,15700,1.0,NA,,
10656,15781,,,,
10733,15847,,,,
10764,15871,1.0,NA,,
10853,15946,1.0,NA,,
11004,16353,1.0,NA,,
11004,16353,2.0,LA,,
11004,16353,4.0,AP,,
11079,16443,,,,
11123,16494,1.0,NA,,
11126,16497,1.0,NA,,
11159,16526,1.0,NA,,
11159,16526,2.0,LA,,
11159,16526,3.0,EMEA,,
11159,16526,4.0,AP,,
11205,17255,,,,
11249,17340,,,,
11278,17369,4.0,AP,,
11313,17423,,,,
11461,17622,1.0,NA,,
11611,17905,,,,
11681,17983,,,,
11723,18041,,,,
11783,18166,1.0,NA,,
11799,18181,1.0,NA,,
11820,18239,,,,
11914,18352,,,,
11923,18358,1.0,NA,,
11923,18358,2.0,LA,,
11923,18358,3.0,EMEA,,
11923,18358,4.0,AP,,
11957,18400,1.0,NA,,
11957,18400,2.0,LA,,
11957,18400,3.0,EMEA,,
11957,18400,4.0,AP,,
11961,18403,1.0,NA,,
11961,18403,2.0,LA,,
11961,18403,3.0,EMEA,,
11961,18403,4.0,AP,,
11967,18409,1.0,NA,,
11967,18409,2.0,LA,,
11967,18409,4.0,AP,,
9387,14742,3.0,EMEA,,
9401,14754,4.0,AP,,
9402,14755,3.0,EMEA,26.0,Fulda
9605,14922,1.0,NA,,
9748,15039,1.0,NA,,
9748,15039,2.0,LA,,
9750,15041,1.0,NA,,
9750,15041,2.0,LA,,
9751,15042,1.0,NA,,
9751,15042,2.0,LA,,
9752,15043,1.0,NA,,
9752,15043,2.0,LA,,
9792,15074,1.0,NA,,
9823,15095,,,,
9925,15186,,,,
10051,15297,1.0,NA,,
10051,15297,2.0,LA,,
10114,15345,1.0,NA,,
10141,15366,,,,
10147,15370,3.0,EMEA,,
10147,15370,4.0,AP,,
10315,15511,,,,
10420,15594,1.0,NA,,
10420,15594,2.0,LA,,
10420,15594,3.0,EMEA,,
10420,15594,4.0,AP,,
10505,15661,,,,
10528,15675,1.0,NA,,
10817,15919,1.0,NA,,
10817,15919,2.0,LA,,
10817,15919,3.0,EMEA,,
10817,15919,4.0,AP,,
10821,15921,,,,
10832,15930,1.0,NA,,
10832,15930,2.0,LA,,
10832,15930,3.0,EMEA,,
10832,15930,4.0,AP,,
10915,16249,1.0,NA,,
11227,17322,,,,
11289,17390,,,,
11295,17394,1.0,NA,,
11295,17394,2.0,LA,,
11295,17394,3.0,EMEA,,
11295,17394,4.0,AP,,
11346,17456,1.0,NA,,
11355,17464,1.0,NA,,
11363,17472,1.0,NA,,
11363,17472,2.0,LA,,
11363,17472,3.0,EMEA,,
11363,17472,4.0,AP,,
11421,17560,1.0,NA,,
11518,17753,,,,
11567,17839,,,,
11571,17849,1.0,NA,,
11576,17854,1.0,NA,,
11579,17856,1.0,NA,,
11581,17861,1.0,NA,,
11581,17861,2.0,LA,,
11581,17861,3.0,EMEA,,
11581,17861,4.0,AP,,
11602,17892,,,,
11631,17924,,,,
11633,17933,,,,
9421,14769,1.0,NA,,
9438,14785,1.0,NA,,
9438,14785,2.0,LA,,
9438,14785,3.0,EMEA,,
9438,14785,4.0,AP,,
9475,14812,1.0,NA,,
9475,14812,2.0,LA,,
9475,14812,3.0,EMEA,,
9475,14812,4.0,AP,,
9481,14817,1.0,NA,,
9653,14960,,,,
9702,15001,,,,
9805,15083,1.0,NA,,
9805,15083,2.0,LA,,
9805,15083,3.0,EMEA,,
9805,15083,4.0,AP,,
9906,15168,,,,
9913,15173,1.0,NA,,
9933,15192,1.0,NA,,
10117,15347,1.0,NA,,
10117,15347,2.0,LA,,
10117,15347,3.0,EMEA,,
10117,15347,4.0,AP,,
10127,15355,2.0,LA,31.0,Sao Paulo
10159,15379,,,,
10282,15486,1.0,NA,,
10282,15486,2.0,LA,,
10282,15486,4.0,AP,,
10376,15559,,,,
10403,15581,,,,
10407,15583,1.0,NA,58.0,Chem Niagara Falls
10421,15595,1.0,NA,,
10421,15595,2.0,LA,,
10421,15595,3.0,EMEA,,
10421,15595,4.0,AP,,
10618,15753,,,,
10719,15835,,,,
11041,16398,,,,
11059,16418,2.0,LA,,
11063,16421,1.0,NA,,
11103,16472,1.0,NA,,
11103,16472,2.0,LA,,
11103,16472,3.0,EMEA,,
11103,16472,4.0,AP,,
11131,16502,1.0,NA,,
11176,17224,1.0,NA,,
11199,17249,,,,
11250,17341,,,,
11251,17342,,,,
11381,17507,,,,
11413,17552,1.0,NA,,
11513,17749,1.0,NA,,
11513,17749,2.0,LA,,
11513,17749,3.0,EMEA,,
11513,17749,4.0,AP,,
11519,17754,,,,
11527,17775,,,,
11529,17783,2.0,LA,,
9514,14840,,,,
9694,14995,1.0,NA,,
9795,15077,1.0,NA,,
9795,15077,2.0,LA,,
9795,15077,3.0,EMEA,,
9795,15077,4.0,AP,,
9867,15134,1.0,NA,,
9882,15148,1.0,NA,3.0,Topeka
9971,15223,1.0,NA,,
9990,15243,1.0,NA,,
9990,15243,2.0,LA,,
10135,15362,3.0,EMEA,,
10155,15376,1.0,NA,,
10164,15383,1.0,NA,,
10164,15383,2.0,LA,,
10164,15383,3.0,EMEA,,
10164,15383,4.0,AP,,
10424,15597,1.0,NA,,
10424,15597,2.0,LA,,
10424,15597,3.0,EMEA,,
10424,15597,4.0,AP,,
10796,15896,,,,
10827,15926,1.0,NA,,
10827,15926,2.0,LA,,
10827,15926,3.0,EMEA,,
10827,15926,4.0,AP,,
10847,15941,3.0,EMEA,21.0,Luxembourg
10851,15944,1.0,NA,,
10852,15945,1.0,NA,,
10916,16250,,,,
10944,16274,,,,
10960,16306,,,,
11007,16356,,,,
11035,16393,1.0,NA,,
11035,16393,2.0,LA,,
11035,16393,4.0,AP,,
11044,16401,3.0,EMEA,,
11044,16401,4.0,AP,,
11083,16453,1.0,NA,,
11095,16463,1.0,NA,,
11097,16465,1.0,NA,,
11151,16520,,,,
11157,16524,,,,
11196,17246,,,,
11197,17247,,,,
11207,17257,,,,
11260,17349,1.0,NA,,
11277,17368,4.0,AP,,
11306,17416,,,,
11404,17527,1.0,NA,,
11486,17723,1.0,NA,,
11507,17744,1.0,NA,,
9393,14747,1.0,NA,,
9849,15121,1.0,NA,,
9893,15158,1.0,NA,,
9893,15158,2.0,LA,,
9893,15158,3.0,EMEA,,
9893,15158,4.0,AP,,
9947,15206,,,,
9948,15207,,,,
9954,15212,1.0,NA,,
9965,15218,1.0,NA,,
10046,15292,1.0,NA,,
10209,15424,1.0,NA,,
10301,15502,,,,
10355,15543,4.0,AP,,
10787,15889,1.0,NA,,
10985,16335,,,,
10987,16336,,,,
11051,16413,1.0,NA,,
11051,16413,2.0,LA,,
11051,16413,4.0,AP,,
11082,16452,1.0,NA,,
11143,16512,1.0,NA,,
11143,16512,2.0,LA,,
11143,16512,3.0,EMEA,,
11143,16512,4.0,AP,,
11163,17210,,,,
11237,17330,,,,
11246,17337,,,,
11304,17414,4.0,AP,,
11459,17616,1.0,NA,,
11470,17643,1.0,NA,,
11470,17643,2.0,LA,,
11470,17643,3.0,EMEA,,
11470,17643,4.0,AP,,
11912,18350,,,,
11974,18414,2.0,LA,,
11983,18432,1.0,NA,,
11995,18446,1.0,NA,,
11998,18449,1.0,NA,,
12007,18455,1.0,NA,,
12007,18455,2.0,LA,,
12007,18455,3.0,EMEA,,
12007,18455,4.0,AP,,
12052,18505,,,,
12108,18552,2.0,LA,,
12109,18553,1.0,NA,,
12109,18553,2.0,LA,,
12109,18553,3.0,EMEA,,
12109,18553,4.0,AP,,
12125,18574,3.0,EMEA,,
12341,19052,1.0,NA,,
9679,14984,,,,
9783,15067,1.0,NA,,
9851,15122,1.0,NA,,
10001,15251,1.0,NA,,
10001,15251,2.0,LA,,
10001,15251,3.0,EMEA,,
10001,15251,4.0,AP,,
10351,15539,1.0,NA,,
10428,15601,1.0,NA,,
10458,15622,,,,
10639,15769,,,,
10893,15999,,,,
10899,16237,1.0,NA,,
10899,16237,2.0,LA,,
10899,16237,3.0,EMEA,,
10899,16237,4.0,AP,,
10942,16272,4.0,AP,,
10964,16309,1.0,NA,,
10965,16310,1.0,NA,,
10966,16311,1.0,NA,,
10967,16312,1.0,NA,,
10983,16334,,,,
11053,16415,,,,
11129,16500,1.0,NA,,
11162,17209,,,,
11192,17242,,,,
11201,17251,,,,
11335,17444,1.0,NA,,
11499,17736,,,,
11575,17853,1.0,NA,,
11647,17946,1.0,NA,,
11661,17963,,,,
11662,17964,,,,
11669,17971,,,,
11685,17987,1.0,NA,,
11691,17993,3.0,EMEA,,
11695,17996,,,,
11697,17998,,,,
11699,18000,4.0,AP,,
11741,18059,1.0,NA,,
11749,18099,1.0,NA,,
11749,18099,2.0,LA,,
11749,18099,3.0,EMEA,,
11749,18099,4.0,AP,,
9482,14818,1.0,NA,,
9499,14829,1.0,NA,,
9499,14829,2.0,LA,,
9499,14829,3.0,EMEA,,
9499,14829,4.0,AP,,
9629,14941,1.0,NA,,
9629,14941,2.0,LA,,
9772,15057,1.0,NA,,
9772,15057,2.0,LA,,
9772,15057,3.0,EMEA,,
9772,15057,4.0,AP,,
9781,15065,1.0,NA,,
9887,15152,,,,
9976,15227,1.0,NA,,
10075,15317,1.0,NA,55.0,Chem Bayport
10185,15402,1.0,NA,,
10200,15416,1.0,NA,,
10200,15416,2.0,LA,,
10200,15416,3.0,EMEA,,
10200,15416,4.0,AP,,
10272,15477,1.0,NA,,
10272,15477,2.0,LA,,
10272,15477,3.0,EMEA,,
10272,15477,4.0,AP,,
10303,15504,,,,
10365,15549,1.0,NA,,
10369,15554,1.0,NA,,
10379,15562,1.0,NA,,
10379,15562,2.0,LA,,
10379,15562,3.0,EMEA,,
10379,15562,4.0,AP,100.0,Pulandian
10419,15593,1.0,NA,,
10419,15593,2.0,LA,,
10419,15593,3.0,EMEA,,
10419,15593,4.0,AP,,
10431,15603,1.0,NA,,
10439,15608,3.0,EMEA,,
10625,15760,,,,
10635,15767,4.0,AP,,
10668,15792,,,,
10674,15798,,,,
10677,15800,4.0,AP,,
10679,15802,4.0,AP,,
10747,15860,1.0,NA,,
10747,15860,2.0,LA,,
10747,15860,3.0,EMEA,,
10747,15860,4.0,AP,,
10957,16303,4.0,AP,,
10999,16348,1.0,NA,,
10999,16348,2.0,LA,,
10999,16348,3.0,EMEA,,
10999,16348,4.0,AP,,
11180,17230,,,,
11187,17237,1.0,NA,,
11331,17441,1.0,NA,,
11331,17441,2.0,LA,,
11331,17441,3.0,EMEA,,
11331,17441,4.0,AP,,
11349,17459,1.0,NA,,
11375,17481,1.0,NA,,
11375,17481,2.0,LA,,
11375,17481,3.0,EMEA,,
11375,17481,4.0,AP,,
11379,17504,1.0,NA,,
11379,17504,2.0,LA,,
11379,17504,3.0,EMEA,,
11379,17504,4.0,AP,,
11411,17550,1.0,NA,,
11433,17580,1.0,NA,,
11433,17580,2.0,LA,,
11433,17580,3.0,EMEA,,
11433,17580,4.0,AP,,
11471,17644,1.0,NA,,
11471,17644,2.0,LA,,
11471,17644,3.0,EMEA,,
11471,17644,4.0,AP,,
11535,17787,,,,
9516,14842,,,,
9710,15007,1.0,NA,,
9710,15007,2.0,LA,,
9710,15007,3.0,EMEA,,
9710,15007,4.0,AP,,
9802,15081,4.0,AP,,
9860,15128,2.0,LA,36.0,Venezuela
9866,15133,,,,
10071,15313,1.0,NA,,
10130,15357,1.0,NA,,
10189,15406,1.0,NA,,
10222,15438,1.0,NA,,
10227,15442,1.0,NA,,
10227,15442,2.0,LA,,
10227,15442,3.0,EMEA,,
10227,15442,4.0,AP,,
10361,15546,,,,
10579,15717,1.0,NA,,
10579,15717,2.0,LA,,
10622,15757,,,,
10662,15786,,,,
10727,15842,,,,
10769,15876,4.0,AP,40.0,Thailand
10769,15876,4.0,AP,42.0,Nippon Giant
10769,15876,4.0,AP,44.0,Dalian
10769,15876,4.0,AP,45.0,Ballabgarh
10769,15876,4.0,AP,46.0,Aurangabad
10769,15876,4.0,AP,47.0,Indonesia
10769,15876,4.0,AP,100.0,Pulandian
10783,15887,4.0,AP,,
10946,16293,1.0,NA,,
10955,16301,4.0,AP,,
11021,16381,,,,
11068,16431,1.0,NA,,
11093,16462,4.0,AP,,
11145,16514,1.0,NA,,
11145,16514,2.0,LA,,
11145,16514,3.0,EMEA,,
11145,16514,4.0,AP,,
11235,17329,,,,
11244,17335,,,,
11301,17401,1.0,NA,,
11314,17424,1.0,NA,,
11314,17424,2.0,LA,,
11314,17424,3.0,EMEA,,
11314,17424,4.0,AP,,
11325,17435,1.0,NA,,
11359,17467,,,,
11382,17508,,,,
11533,17785,,,,
11635,17935,,,,
11693,17995,3.0,EMEA,,
11711,18029,1.0,NA,,
11711,18029,2.0,LA,,
11711,18029,3.0,EMEA,,
11711,18029,4.0,AP,,
11715,18034,1.0,NA,,
9541,14869,1.0,NA,,
9542,14870,1.0,NA,,
9671,14977,1.0,NA,,
9671,14977,2.0,LA,,
9671,14977,3.0,EMEA,,
9671,14977,4.0,AP,,
9685,14988,1.0,NA,,
9691,14993,,,,
9722,15017,1.0,NA,,
9730,15025,,,,
9777,15062,1.0,NA,,
9777,15062,2.0,LA,,
9777,15062,3.0,EMEA,,
9777,15062,4.0,AP,,
9813,15089,1.0,NA,,
9943,15203,1.0,NA,,
9943,15203,2.0,LA,,
9943,15203,3.0,EMEA,,
9943,15203,4.0,AP,,
9970,15222,1.0,NA,,
10085,15324,1.0,NA,,
10085,15324,2.0,LA,,
10085,15324,3.0,EMEA,,
10085,15324,4.0,AP,,
10086,15325,,,,
10118,15348,1.0,NA,,
10118,15348,2.0,LA,,
10118,15348,3.0,EMEA,,
10118,15348,4.0,AP,,
10205,15421,1.0,NA,,
10205,15421,2.0,LA,,
10205,15421,3.0,EMEA,,
10205,15421,4.0,AP,,
10307,15506,1.0,NA,,
10307,15506,2.0,LA,,
10307,15506,3.0,EMEA,,
10307,15506,4.0,AP,,
10327,15521,1.0,NA,,
10327,15521,2.0,LA,,
10327,15521,3.0,EMEA,,
10327,15521,4.0,AP,42.0,Nippon Giant
10327,15521,1.0,NA,140.0,Other
10327,15521,2.0,LA,,
10327,15521,3.0,EMEA,,
10327,15521,4.0,AP,,
10329,15523,1.0,NA,2.0,Gadsden
10329,15523,1.0,NA,3.0,Topeka
10329,15523,1.0,NA,5.0,Fayetteville
10329,15523,1.0,NA,8.0,Lawton
10329,15523,1.0,NA,9.0,Medicine Hat
10329,15523,1.0,NA,10.0,Napanee
10329,15523,1.0,NA,11.0,Valleyfield
10329,15523,1.0,NA,13.0,Social Circle
10329,15523,1.0,NA,14.0,ICM*A
10329,15523,1.0,NA,16.0,Buffalo / Tonawanda
10329,15523,1.0,NA,55.0,Chem Bayport
10329,15523,1.0,NA,56.0,Chem Beaumont
10329,15523,1.0,NA,57.0,Chem Houston
10329,15523,1.0,NA,58.0,Chem Niagara Falls
10329,15523,1.0,NA,120.0,NA-LA-AP Except AIRCRAFT
10329,15523,1.0,NA,140.0,Other
10452,15616,1.0,NA,,
10452,15616,2.0,LA,,
10452,15616,3.0,EMEA,,
10452,15616,4.0,AP,,
10548,15693,1.0,NA,,
10548,15693,2.0,LA,,
10548,15693,3.0,EMEA,,
10548,15693,4.0,AP,,
10571,15710,1.0,NA,,
10613,15748,,,,
10702,15821,,,,
10738,15852,,,,
10742,15856,,,,
10771,15877,1.0,NA,,
10771,15877,2.0,LA,,
10771,15877,3.0,EMEA,,
10771,15877,4.0,AP,,
10855,15948,1.0,NA,,
10895,16001,1.0,NA,,
10902,16240,,,,
11121,16492,,,,
11178,17226,1.0,NA,,
9390,14745,1.0,NA,,
9539,14867,1.0,NA,,
9762,15050,2.0,LA,36.0,Venezuela
9771,15056,1.0,NA,,
9771,15056,2.0,LA,,
9771,15056,3.0,EMEA,,
9771,15056,4.0,AP,,
9793,15075,4.0,AP,,
9899,15161,,,,
9905,15167,,,,
9941,15201,1.0,NA,,
10106,15339,3.0,EMEA,,
10198,15414,1.0,NA,,
10198,15414,2.0,LA,,
10198,15414,3.0,EMEA,,
10198,15414,4.0,AP,,
10223,15439,1.0,NA,,
10224,15440,1.0,NA,,
10259,15464,1.0,NA,,
10259,15464,2.0,LA,,
10259,15464,3.0,EMEA,,
10259,15464,4.0,AP,,
10287,15491,1.0,NA,,
10287,15491,2.0,LA,,
10383,15564,1.0,NA,,
10393,15572,1.0,NA,,
10394,15573,1.0,NA,,
10395,15574,1.0,NA,,
10427,15600,1.0,NA,,
10530,15677,1.0,NA,,
10557,15699,,,,
10645,15773,4.0,AP,,
10690,15811,1.0,NA,,
10690,15811,2.0,LA,,
10690,15811,3.0,EMEA,,
10690,15811,4.0,AP,,
10707,15825,1.0,NA,,
10707,15825,2.0,LA,,
10707,15825,4.0,AP,,
10710,15827,,,,
10829,15927,1.0,NA,,
10829,15927,2.0,LA,,
10829,15927,3.0,EMEA,,
10829,15927,4.0,AP,,
10845,15940,4.0,AP,,
10923,16256,1.0,NA,,
10924,16257,1.0,NA,,
10971,16315,3.0,EMEA,,
11033,16391,,,,
11049,16411,1.0,NA,,
11049,16411,2.0,LA,,
11049,16411,3.0,EMEA,,
11049,16411,4.0,AP,,
11141,16511,,,,
11327,17437,1.0,NA,,
11327,17437,2.0,LA,,
11327,17437,3.0,EMEA,,
11327,17437,4.0,AP,,
11369,17477,1.0,NA,,
11369,17477,2.0,LA,,
11369,17477,3.0,EMEA,,
11369,17477,4.0,AP,,
11570,17848,1.0,NA,,
9422,14770,1.0,NA,,
9487,14821,4.0,AP,46.0,Aurangabad
9519,14845,,,,
9540,14868,1.0,NA,,
9615,14929,1.0,NA,,
9615,14929,2.0,LA,,
9615,14929,3.0,EMEA,,
9615,14929,4.0,AP,,
9658,14965,,,,
9669,14975,1.0,NA,,
9921,15182,1.0,NA,,
9969,15221,1.0,NA,,
10214,15427,1.0,NA,,
10426,15599,1.0,NA,,
10541,15687,1.0,NA,,
10541,15687,2.0,LA,,
10541,15687,3.0,EMEA,,
10541,15687,4.0,AP,,
10584,15722,1.0,NA,,
10585,15723,1.0,NA,,
10697,15816,,,,
10711,15828,,,,
10749,15861,,,,
11076,16441,1.0,NA,,
11128,16499,1.0,NA,,
11173,17221,1.0,NA,,
11522,17771,1.0,NA,,
11539,17789,2.0,LA,,
11549,17809,1.0,NA,,
11557,17818,1.0,NA,,
11577,17855,1.0,NA,,
11592,17872,,,,
11596,17888,,,,
11644,17943,1.0,NA,,
11655,17958,,,,
11665,17967,,,,
11670,17972,,,,
11683,17985,1.0,NA,,
11703,18016,,,,
11721,18039,,,,
11764,18111,,,,
11773,18157,1.0,NA,,
11773,18157,2.0,LA,,
11773,18157,3.0,EMEA,,
11773,18157,4.0,AP,,
11788,18170,1.0,NA,,
11788,18170,2.0,LA,,
11788,18170,3.0,EMEA,,
11788,18170,4.0,AP,,
9443,14789,1.0,NA,,
9554,14879,1.0,NA,,
9755,15046,1.0,NA,,
9755,15046,2.0,LA,,
9785,15069,,,,
9797,15078,,,,
9808,15085,1.0,NA,,
9935,15194,1.0,NA,,
9935,15194,2.0,LA,,
9935,15194,3.0,EMEA,,
9935,15194,4.0,AP,,
9936,15195,1.0,NA,,
9936,15195,2.0,LA,,
9936,15195,3.0,EMEA,,
9936,15195,4.0,AP,,
10081,15321,1.0,NA,,
10081,15321,2.0,LA,,
10081,15321,3.0,EMEA,,
10081,15321,4.0,AP,,
10091,15328,1.0,NA,,
10091,15328,2.0,LA,,
10091,15328,3.0,EMEA,18.0,Debica
10091,15328,4.0,AP,,
10091,15328,1.0,NA,,
10091,15328,2.0,LA,,
10091,15328,3.0,EMEA,26.0,Fulda
10091,15328,4.0,AP,,
10145,15369,2.0,LA,30.0,Americana
10145,15369,2.0,LA,31.0,Sao Paulo
10145,15369,2.0,LA,,
10145,15369,2.0,LA,33.0,Colombia
10145,15369,2.0,LA,35.0,Peru
10160,15380,1.0,NA,,
10160,15380,2.0,LA,,
10160,15380,3.0,EMEA,,
10160,15380,4.0,AP,,
10175,15395,,,,
10264,15469,1.0,NA,,
10264,15469,2.0,LA,,
10264,15469,3.0,EMEA,,
10264,15469,4.0,AP,,
10265,15470,1.0,NA,,
10265,15470,2.0,LA,,
10265,15470,4.0,AP,,
10405,15582,1.0,NA,,
10405,15582,2.0,LA,,
10405,15582,3.0,EMEA,,
10405,15582,4.0,AP,,
10532,15679,1.0,NA,,
10580,15718,,,,
10616,15751,,,,
10694,15814,,,,
10732,15846,,,,
10741,15855,,,,
10948,16295,1.0,NA,,
10949,16296,1.0,NA,,
10961,16307,,,,
10993,16343,1.0,NA,,
10993,16343,2.0,LA,,
10993,16343,4.0,AP,,
11019,16379,,,,
11077,16442,1.0,NA,,
11077,16442,2.0,LA,,
11077,16442,3.0,EMEA,,
11077,16442,4.0,AP,,
11134,16505,,,,
11203,17253,,,,
11267,17356,1.0,NA,,
11360,17468,,,,
11435,17582,1.0,NA,,
11435,17582,2.0,LA,,
11435,17582,3.0,EMEA,,
11435,17582,4.0,AP,,
11489,17726,1.0,NA,,
9601,14919,1.0,NA,,
9699,14999,,,,
9815,15090,1.0,NA,,
9815,15090,2.0,LA,,
9815,15090,3.0,EMEA,,
9815,15090,4.0,AP,,
9853,15123,4.0,AP,40.0,Thailand
9873,15139,1.0,NA,,
9886,15151,,,,
9900,15162,3.0,EMEA,21.0,Luxembourg
10013,15263,1.0,NA,,
10014,15264,1.0,NA,,
10014,15264,2.0,LA,,
10014,15264,3.0,EMEA,,
10014,15264,4.0,AP,,
10041,15287,,,,
10121,15350,1.0,NA,,
10121,15350,2.0,LA,,
10121,15350,3.0,EMEA,,
10121,15350,4.0,AP,,
10317,15513,,,,
10389,15570,2.0,LA,,
10443,15610,1.0,NA,,
10527,15674,1.0,NA,,
10728,15843,,,,
10919,16253,1.0,NA,,
10968,16313,1.0,NA,,
11009,16357,1.0,NA,,
11113,16485,,,,
11186,17234,2.0,LA,,
11257,17346,1.0,NA,,
11257,17346,2.0,LA,,
11257,17346,3.0,EMEA,,
11257,17346,4.0,AP,,
11258,17347,1.0,NA,,
11261,17350,1.0,NA,,
11293,17393,1.0,NA,,
11293,17393,2.0,LA,,
11293,17393,3.0,EMEA,,
11293,17393,4.0,AP,,
11345,17455,1.0,NA,,
11521,17770,1.0,NA,,
11585,17865,,,,
11599,17890,1.0,NA,,
11599,17890,2.0,LA,,
11599,17890,3.0,EMEA,,
11599,17890,4.0,AP,,
11651,17953,,,,
11653,17954,3.0,EMEA,,
11680,17982,1.0,NA,,
11684,17986,1.0,NA,,
11687,17989,3.0,EMEA,,
11717,18035,,,,
11740,18058,1.0,NA,,
9643,14951,1.0,NA,,
9643,14951,2.0,LA,,
9643,14951,3.0,EMEA,,
9643,14951,4.0,AP,,
9644,14952,1.0,NA,,
9644,14952,2.0,LA,,
9644,14952,3.0,EMEA,,
9644,14952,4.0,AP,,
9655,14962,,,,
10183,15400,1.0,NA,,
10225,15441,1.0,NA,,
10413,15589,1.0,NA,,
10413,15589,2.0,LA,,
10413,15589,3.0,EMEA,,
10413,15589,4.0,AP,,
10435,15605,2.0,LA,,
10561,15702,1.0,NA,,
10561,15702,2.0,LA,,
10561,15702,3.0,EMEA,,
10561,15702,4.0,AP,,
10651,15777,,,,
10718,15834,,,,
10897,16235,1.0,NA,,
11144,16513,1.0,NA,,
11144,16513,2.0,LA,,
11144,16513,3.0,EMEA,,
11144,16513,4.0,AP,,
11179,17229,,,,
11265,17354,1.0,NA,,
11273,17366,3.0,EMEA,,
11291,17391,1.0,NA,,
11291,17391,2.0,LA,,
11291,17391,3.0,EMEA,,
11291,17391,4.0,AP,,
11308,17418,1.0,NA,,
11308,17418,2.0,LA,,
11308,17418,3.0,EMEA,,
11308,17418,4.0,AP,,
11391,17515,2.0,LA,,
11472,17645,1.0,NA,,
11472,17645,2.0,LA,,
11472,17645,3.0,EMEA,,
11472,17645,4.0,AP,,
11551,17810,1.0,NA,,
11572,17850,1.0,NA,,
11573,17851,1.0,NA,,
11616,17910,,,,
11629,17922,,,,
11727,18044,,,,
11763,18110,,,,
11765,18112,,,,
11779,18163,1.0,NA,,
11785,18167,1.0,NA,,
11785,18167,2.0,LA,,
11785,18167,3.0,EMEA,,
11785,18167,4.0,AP,,
11791,18173,1.0,NA,,
11818,18237,,,,
11855,18290,1.0,NA,,
11855,18290,2.0,LA,,
11855,18290,3.0,EMEA,,
11855,18290,4.0,AP,,
11868,18300,,,,
9479,14815,1.0,NA,,
9530,14853,1.0,NA,,
9747,15035,1.0,NA,,
9747,15035,2.0,LA,,
9821,15094,1.0,NA,,
9821,15094,2.0,LA,,
9821,15094,3.0,EMEA,,
9821,15094,4.0,AP,,
9827,15098,,,,
9927,15188,3.0,EMEA,,
9966,15219,1.0,NA,,
10027,15276,,,,
10061,15305,1.0,NA,56.0,Chem Beaumont
10066,15309,1.0,NA,,
10066,15309,2.0,LA,,
10066,15309,4.0,AP,,
10069,15311,1.0,NA,57.0,Chem Houston
10093,15329,,,,
10177,15396,1.0,NA,,
10177,15396,2.0,LA,,
10177,15396,3.0,EMEA,,
10177,15396,4.0,AP,,
10220,15436,1.0,NA,,
10231,15444,,,,
10257,15463,1.0,NA,,
10285,15489,1.0,NA,,
10285,15489,2.0,LA,,
10285,15489,3.0,EMEA,,
10285,15489,4.0,AP,,
10347,15536,,,,
10366,15550,1.0,NA,,
10425,15598,1.0,NA,,
10509,15663,1.0,NA,,
10509,15663,2.0,LA,,
10529,15676,1.0,NA,,
10549,15694,1.0,NA,,
10549,15694,2.0,LA,,
10549,15694,3.0,EMEA,,
10549,15694,4.0,AP,,
10592,15728,1.0,NA,,
10593,15729,1.0,NA,,
10605,15741,1.0,NA,,
10678,15801,4.0,AP,,
10831,15929,1.0,NA,,
10831,15929,2.0,LA,,
10831,15929,3.0,EMEA,,
10831,15929,4.0,AP,,
10850,15943,1.0,NA,,
10940,16270,4.0,AP,,
11124,16495,1.0,NA,,
11383,17509,,,,
11477,17716,1.0,NA,,
11477,17716,2.0,LA,,
11477,17716,3.0,EMEA,,
11477,17716,4.0,AP,,
11545,17801,,,,
11586,17866,,,,
11589,17869,,,,
11590,17870,,,,
9695,14996,1.0,NA,,
9803,15082,,,,
9973,15225,1.0,NA,,
10028,15277,,,,
10560,15701,1.0,NA,,
10620,15755,,,,
10621,15756,3.0,EMEA,,
10627,15762,2.0,LA,,
10773,15878,1.0,NA,,
10773,15878,2.0,LA,,
10773,15878,3.0,EMEA,,
10773,15878,4.0,AP,,
10939,16269,,,,
11043,16400,1.0,NA,,
11043,16400,2.0,LA,,
11043,16400,3.0,EMEA,,
11043,16400,4.0,AP,,
11055,16416,,,,
11101,16471,2.0,LA,,
11206,17256,,,,
11275,17367,1.0,NA,,
11275,17367,2.0,LA,,
11275,17367,3.0,EMEA,,
11275,17367,4.0,AP,,
11299,17399,1.0,NA,,
11299,17399,2.0,LA,,
11299,17399,3.0,EMEA,,
11299,17399,4.0,AP,,
11420,17559,1.0,NA,,
11468,17641,1.0,NA,,
11468,17641,2.0,LA,,
11468,17641,3.0,EMEA,,
11468,17641,4.0,AP,,
11491,17728,1.0,NA,,
11508,17745,1.0,NA,,
11563,17837,,,,
11612,17906,,,,
11641,17940,1.0,NA,,
11659,17961,1.0,NA,,
11659,17961,2.0,LA,,
11659,17961,3.0,EMEA,,
11659,17961,4.0,AP,,
11688,17990,3.0,EMEA,,
11696,17997,1.0,NA,,
11696,17997,2.0,LA,,
11696,17997,3.0,EMEA,,
11696,17997,4.0,AP,,
11722,18040,,,,
11730,18047,,,,
11754,18102,,,,
11755,18103,,,,
11766,18113,,,,
11778,18162,1.0,NA,,
11796,18178,1.0,NA,,
11801,18183,1.0,NA,,
11803,18206,,,,
11825,18244,,,,
9529,14852,1.0,NA,,
9675,14981,3.0,EMEA,,
9840,15112,1.0,NA,,
9916,15176,1.0,NA,,
9916,15176,2.0,LA,,
9916,15176,3.0,EMEA,,
9916,15176,4.0,AP,,
10105,15338,3.0,EMEA,,
10325,15520,3.0,EMEA,,
10341,15531,4.0,AP,,
10461,15624,1.0,NA,,
10681,15803,4.0,AP,,
10933,16263,1.0,NA,,
11061,16420,2.0,LA,,
11351,17462,,,,
11415,17554,1.0,NA,,
11425,17564,1.0,NA,,
11426,17565,1.0,NA,,
11445,17603,1.0,NA,,
11667,17969,,,,
11743,18061,1.0,NA,,
11743,18061,2.0,LA,,
11743,18061,3.0,EMEA,,
11743,18061,4.0,AP,,
11759,18107,1.0,NA,,
11760,18108,1.0,NA,,
11761,18109,1.0,NA,,
11792,18174,1.0,NA,,
11797,18179,1.0,NA,,
11811,18228,1.0,NA,,
11811,18228,2.0,LA,,
11811,18228,3.0,EMEA,,
11811,18228,4.0,AP,,
11813,18232,,,,
11814,18233,,,,
11831,18254,1.0,NA,,
11831,18254,2.0,LA,,
11831,18254,4.0,AP,,
11836,18257,1.0,NA,,
11836,18257,2.0,LA,,
11836,18257,3.0,EMEA,,
11836,18257,4.0,AP,,
11841,18261,,,,
11861,18295,,,,
11867,18299,,,,
11872,18304,,,,
11875,18307,,,,
11886,18320,1.0,NA,,
11886,18320,2.0,LA,,
11886,18320,3.0,EMEA,,
11886,18320,4.0,AP,,
11888,18322,1.0,NA,,
11898,18338,1.0,NA,,
11898,18338,2.0,LA,,
11898,18338,4.0,AP,,
9545,14872,1.0,NA,9.0,Medicine Hat
9545,14872,2.0,LA,,
9545,14872,1.0,NA,10.0,Napanee
9545,14872,2.0,LA,,
9545,14872,1.0,NA,58.0,Chem Niagara Falls
9545,14872,2.0,LA,,
9723,15020,1.0,NA,,
9723,15020,2.0,LA,,
9723,15020,3.0,EMEA,,
9723,15020,4.0,AP,,
9841,15113,3.0,EMEA,,
9967,15220,1.0,NA,,
10011,15261,1.0,NA,,
10011,15261,2.0,LA,,
10011,15261,3.0,EMEA,,
10011,15261,4.0,AP,,
10137,15363,,,,
10151,15372,1.0,NA,,
10151,15372,2.0,LA,,
10151,15372,3.0,EMEA,,
10151,15372,4.0,AP,,
10296,15497,,,,
10353,15541,1.0,NA,,
10353,15541,2.0,LA,,
10353,15541,3.0,EMEA,,
10353,15541,4.0,AP,,
10446,15612,1.0,NA,,
10641,15771,1.0,NA,,
10701,15820,,,,
10921,16254,1.0,NA,,
11089,16460,1.0,NA,,
11194,17244,,,,
11248,17339,1.0,NA,,
11248,17339,2.0,LA,,
11248,17339,3.0,EMEA,,
11248,17339,4.0,AP,,
11393,17517,2.0,LA,,
11443,17601,1.0,NA,,
11444,17602,1.0,NA,,
11689,17991,3.0,EMEA,,
11830,18252,1.0,NA,,
11830,18252,2.0,LA,,
11830,18252,3.0,EMEA,,
11830,18252,4.0,AP,,
11869,18301,,,,
11893,18327,1.0,NA,,
11895,18329,1.0,NA,,
11900,18340,,,,
11903,18342,,,,
11905,18343,1.0,NA,,
11905,18343,2.0,LA,,
11905,18343,4.0,AP,,
11931,18370,2.0,LA,,
11931,18370,3.0,EMEA,,
11931,18370,4.0,AP,,
11939,18382,,,,
11943,18386,,,,
11946,18389,,,,
11948,18391,,,,
11952,18395,1.0,NA,,
11952,18395,2.0,LA,,
11952,18395,3.0,EMEA,,
11952,18395,4.0,AP,,
9411,14761,,,,
9759,15048,1.0,NA,,
9759,15048,2.0,LA,,
9759,15048,3.0,EMEA,,
9759,15048,4.0,AP,,
9761,15049,2.0,LA,36.0,Venezuela
9769,15055,3.0,EMEA,,
9871,15137,1.0,NA,,
9880,15146,,,,
9901,15163,,,,
9915,15175,3.0,EMEA,28.0,Wolverhampton
9959,15215,1.0,NA,,
9959,15215,2.0,LA,,
9959,15215,3.0,EMEA,,
9959,15215,4.0,AP,,
10119,15349,1.0,NA,,
10122,15351,1.0,NA,,
10122,15351,2.0,LA,,
10122,15351,3.0,EMEA,,
10122,15351,4.0,AP,,
10238,15449,1.0,NA,,
10238,15449,2.0,LA,,
10238,15449,3.0,EMEA,,
10238,15449,4.0,AP,,
10241,15451,1.0,NA,,
10302,15503,,,,
10311,15509,,,,
10333,15525,,,,
10409,15584,1.0,NA,,
10409,15584,2.0,LA,,
10409,15584,3.0,EMEA,,
10409,15584,4.0,AP,,
10433,15604,1.0,NA,,
10433,15604,2.0,LA,,
10433,15604,3.0,EMEA,,
10433,15604,4.0,AP,,
10451,15615,4.0,AP,,
10685,15806,1.0,NA,,
10685,15806,2.0,LA,,
10685,15806,3.0,EMEA,,
10685,15806,4.0,AP,,
10753,15864,,,,
10799,15899,,,,
10947,16294,1.0,NA,,
11125,16496,1.0,NA,,
11245,17336,,,,
11450,17608,1.0,NA,,
11462,17626,1.0,NA,,
11541,17790,1.0,NA,,
11541,17790,2.0,LA,,
11541,17790,4.0,AP,,
11739,18057,1.0,NA,,
11815,18234,,,,
11817,18236,,,,
9561,14887,,,,
9580,14903,1.0,NA,,
9583,14906,1.0,NA,,
9621,14933,1.0,NA,,
9621,14933,2.0,LA,,
9621,14933,3.0,EMEA,,
9621,14933,4.0,AP,,
9678,14983,,,,
9877,15143,,,,
10262,15467,1.0,NA,,
10262,15467,2.0,LA,,
10262,15467,3.0,EMEA,,
10262,15467,4.0,AP,,
10359,15545,,,,
10454,15618,1.0,NA,,
10653,15779,1.0,NA,,
10653,15779,2.0,LA,,
10653,15779,3.0,EMEA,,
10653,15779,4.0,AP,,
11073,16438,1.0,NA,,
11135,16506,,,,
11153,16521,,,,
11297,17396,,,,
11384,17510,,,,
11419,17558,1.0,NA,,
11523,17772,1.0,NA,,
11559,17819,,,,
11588,17868,,,,
11702,18015,,,,
11845,18268,,,,
11853,18288,,,,
11880,18311,,,,
11915,18353,,,,
11940,18383,,,,
11945,18388,,,,
11955,18398,1.0,NA,,
11955,18398,2.0,LA,,
11955,18398,3.0,EMEA,,
11956,18399,1.0,NA,,
11956,18399,2.0,LA,,
11956,18399,3.0,EMEA,,
11956,18399,4.0,AP,,
11964,18406,1.0,NA,,
11964,18406,2.0,LA,,
11964,18406,4.0,AP,,
11975,18415,2.0,LA,,
11978,18425,,,,
11984,18433,1.0,NA,,
12004,18453,1.0,NA,,
9405,14758,3.0,EMEA,,
9559,14886,1.0,NA,,
9559,14886,2.0,LA,,
9559,14886,3.0,EMEA,,
9559,14886,4.0,AP,,
9689,14991,,,,
9735,15028,1.0,NA,,
9878,15144,,,,
10057,15301,1.0,NA,,
10057,15301,2.0,LA,,
10057,15301,3.0,EMEA,,
10057,15301,4.0,AP,,
10070,15312,1.0,NA,55.0,Chem Bayport
10324,15519,3.0,EMEA,,
10381,15563,3.0,EMEA,,
10463,15626,1.0,NA,,
10463,15626,2.0,LA,,
10463,15626,4.0,AP,,
10467,15630,1.0,NA,,
10467,15630,2.0,LA,,
10467,15630,3.0,EMEA,,
10467,15630,4.0,AP,,
10483,15644,,,,
10709,15826,,,,
10788,15890,,,,
10861,15952,1.0,NA,,
10861,15952,2.0,LA,,
10861,15952,3.0,EMEA,,
10861,15952,4.0,AP,,
10869,15958,1.0,NA,,
10869,15958,2.0,LA,,
10869,15958,3.0,EMEA,,
10869,15958,4.0,AP,,
11086,16457,1.0,NA,,
11114,16486,,,,
11155,16522,1.0,NA,,
11158,16525,1.0,NA,,
11239,17332,,,,
11348,17458,1.0,NA,,
11442,17600,1.0,NA,,
11617,17911,,,,
11674,17976,,,,
11677,17979,1.0,NA,,
11678,17980,1.0,NA,,
11774,18158,1.0,NA,,
11774,18158,2.0,LA,,
11774,18158,3.0,EMEA,23.0,Adapazari
11774,18158,4.0,AP,,
11774,18158,1.0,NA,,
11774,18158,2.0,LA,,
11774,18158,3.0,EMEA,25.0,Izmit
11774,18158,4.0,AP,,
11833,18255,1.0,NA,,
11833,18255,2.0,LA,,
11833,18255,3.0,EMEA,,
11833,18255,4.0,AP,,
11854,18289,1.0,NA,,
11854,18289,2.0,LA,,
11854,18289,3.0,EMEA,,
11854,18289,4.0,AP,,
11894,18328,1.0,NA,,
11901,18341,1.0,NA,,
11901,18341,2.0,LA,,
11901,18341,3.0,EMEA,,
11901,18341,4.0,AP,,
11933,18375,1.0,NA,,
11933,18375,2.0,LA,,
11933,18375,3.0,EMEA,,
11933,18375,4.0,AP,,
11937,18381,1.0,NA,,
11937,18381,2.0,LA,,
11937,18381,4.0,AP,,
11941,18384,,,,
9441,14788,,,,
9650,14957,,,,
9651,14958,3.0,EMEA,24.0,Sava
9673,14979,,,,
9837,15110,,,,
9875,15141,1.0,NA,,
9879,15145,,,,
9918,15178,1.0,NA,,
9918,15178,2.0,LA,,
9918,15178,3.0,EMEA,,
9918,15178,4.0,AP,,
9938,15198,3.0,EMEA,,
10039,15286,1.0,NA,,
10582,15720,1.0,NA,,
10582,15720,2.0,LA,,
10582,15720,3.0,EMEA,,
10582,15720,4.0,AP,,
10698,15817,1.0,NA,,
11025,16385,1.0,NA,,
11052,16414,1.0,NA,,
11052,16414,2.0,LA,,
11052,16414,4.0,AP,,
11168,17216,,,,
11389,17514,1.0,NA,,
11495,17732,1.0,NA,,
11495,17732,2.0,LA,,
11495,17732,4.0,AP,,
11663,17965,3.0,EMEA,,
11706,18019,,,,
11724,18042,,,,
11962,18404,1.0,NA,,
11962,18404,2.0,LA,,
11962,18404,4.0,AP,,
11965,18407,1.0,NA,,
11965,18407,2.0,LA,,
11965,18407,4.0,AP,,
11968,18410,1.0,NA,,
11968,18410,2.0,LA,,
11968,18410,4.0,AP,,
11988,18440,,,,
11989,18441,,,,
11992,18443,1.0,NA,,
12003,18452,1.0,NA,,
12009,18456,,,,
12017,18460,3.0,EMEA,23.0,Adapazari
12023,18464,1.0,NA,,
12026,18470,1.0,NA,,
12033,18476,1.0,NA,,
9733,15027,4.0,AP,40.0,Thailand
9888,15153,,,,
9902,15164,,,,
9912,15172,1.0,NA,,
9923,15184,,,,
10308,15507,3.0,EMEA,,
10453,15617,1.0,NA,,
10453,15617,2.0,LA,,
10453,15617,4.0,AP,,
10497,15654,1.0,NA,,
10497,15654,2.0,LA,,
10497,15654,3.0,EMEA,,
10497,15654,4.0,AP,,
10498,15655,1.0,NA,,
10498,15655,2.0,LA,,
10498,15655,3.0,EMEA,,
10498,15655,4.0,AP,,
10623,15758,4.0,AP,37.0,Malaysia
10633,15766,,,,
10937,16268,1.0,NA,,
10941,16271,,,,
10956,16302,4.0,AP,,
10997,16346,2.0,LA,,
11074,16439,1.0,NA,,
11312,17422,1.0,NA,,
11312,17422,2.0,LA,,
11312,17422,3.0,EMEA,,
11312,17422,4.0,AP,,
11322,17432,1.0,NA,,
11387,17512,1.0,NA,,
11758,18106,,,,
11819,18238,,,,
11821,18240,,,,
11823,18242,,,,
11827,18249,1.0,NA,,
11827,18249,2.0,LA,,
11827,18249,3.0,EMEA,,
11827,18249,4.0,AP,,
11838,18259,1.0,NA,,
11838,18259,2.0,LA,,
11838,18259,3.0,EMEA,,
11838,18259,4.0,AP,,
11839,18260,1.0,NA,,
11839,18260,2.0,LA,,
11839,18260,3.0,EMEA,,
11839,18260,4.0,AP,,
11842,18266,1.0,NA,,
11842,18266,2.0,LA,,
11842,18266,3.0,EMEA,,
11842,18266,4.0,AP,,
11843,18267,,,,
11852,18287,,,,
9437,14784,1.0,NA,,
9437,14784,2.0,LA,,
9437,14784,3.0,EMEA,,
9437,14784,4.0,AP,,
9705,15003,,,,
10199,15415,1.0,NA,,
10199,15415,2.0,LA,,
10199,15415,3.0,EMEA,,
10199,15415,4.0,AP,,
10233,15445,,,,
10339,15530,,,,
10743,15857,,,,
10910,16245,,,,
10918,16252,,,,
10927,16260,,,,
11018,16378,,,,
11269,17358,1.0,NA,,
12024,18465,1.0,NA,,
12036,18478,1.0,NA,,
12036,18478,2.0,LA,,
12036,18478,3.0,EMEA,,
12036,18478,4.0,AP,,
12038,18480,1.0,NA,,
12038,18480,2.0,LA,,
12038,18480,3.0,EMEA,,
12038,18480,4.0,AP,,
12039,18481,1.0,NA,,
12039,18481,2.0,LA,,
12039,18481,3.0,EMEA,,
12039,18481,4.0,AP,,
12046,18489,1.0,NA,,
12046,18489,2.0,LA,,
12046,18489,3.0,EMEA,,
12046,18489,4.0,AP,,
12049,18492,,,,
12063,18518,,,,
12065,18519,1.0,NA,,
12065,18519,2.0,LA,,
12065,18519,3.0,EMEA,,
12065,18519,4.0,AP,,
12068,18521,1.0,NA,,
12072,18525,1.0,NA,,
12077,18529,,,,
12093,18542,1.0,NA,,
12093,18542,2.0,LA,,
12093,18542,4.0,AP,,
12097,18544,3.0,EMEA,,
12099,18545,4.0,AP,100.0,Pulandian
12105,18550,1.0,NA,,
12119,18566,,,,
12122,18571,,,,
12123,18572,,,,
12143,18589,,,,
12148,18592,1.0,NA,,
12148,18592,2.0,LA,,
12148,18592,3.0,EMEA,,
12148,18592,4.0,AP,,
12149,18593,1.0,NA,,
12149,18593,2.0,LA,,
12149,18593,3.0,EMEA,,
12149,18593,4.0,AP,,
12162,18608,1.0,NA,,
12162,18608,2.0,LA,,
12162,18608,3.0,EMEA,,
12162,18608,4.0,AP,,
12163,18609,1.0,NA,,
12165,18611,1.0,NA,,
12165,18611,2.0,LA,,
12165,18611,3.0,EMEA,,
12165,18611,4.0,AP,,
12169,18615,1.0,NA,,
12169,18615,2.0,LA,,
12169,18615,3.0,EMEA,,
12169,18615,4.0,AP,,
12185,18638,1.0,NA,,
12185,18638,2.0,LA,,
12185,18638,3.0,EMEA,,
12185,18638,4.0,AP,,
9533,14856,1.0,NA,,
9566,14891,1.0,NA,,
9566,14891,2.0,LA,,
9566,14891,3.0,EMEA,,
9566,14891,4.0,AP,,
9711,15008,1.0,NA,,
9711,15008,2.0,LA,,
9711,15008,3.0,EMEA,,
9711,15008,4.0,AP,,
9782,15066,1.0,NA,,
9790,15072,1.0,NA,,
9790,15072,2.0,LA,,
9957,15214,1.0,NA,,
9957,15214,2.0,LA,,
9957,15214,3.0,EMEA,,
9957,15214,4.0,AP,,
9989,15242,1.0,NA,,
9989,15242,2.0,LA,,
9993,15246,,,,
10097,15331,,,,
10104,15337,,,,
10286,15490,1.0,NA,,
10547,15692,1.0,NA,,
10547,15692,2.0,LA,,
10547,15692,3.0,EMEA,,
10547,15692,4.0,AP,,
10570,15709,1.0,NA,,
10598,15734,1.0,NA,,
10607,15743,1.0,NA,,
10652,15778,1.0,NA,,
10652,15778,2.0,LA,,
10652,15778,3.0,EMEA,,
10652,15778,4.0,AP,,
10672,15796,,,,
10699,15818,,,,
10700,15819,,,,
10703,15822,3.0,EMEA,,
10722,15837,,,,
10857,15949,1.0,NA,,
10857,15949,2.0,LA,,
10857,15949,3.0,EMEA,,
10857,15949,4.0,AP,,
10866,15955,,,,
10913,16248,1.0,NA,,
10995,16344,,,,
11069,16434,1.0,NA,,
11081,16451,1.0,NA,,
11271,17365,,,,
11525,17774,1.0,NA,,
11546,17802,,,,
11561,17821,4.0,AP,,
11565,17838,3.0,EMEA,,
11626,17919,,,,
11671,17973,,,,
11672,17974,,,,
11673,17975,,,,
9404,14757,3.0,EMEA,,
9626,14938,1.0,NA,,
9626,14938,2.0,LA,,
9654,14961,,,,
9917,15177,1.0,NA,,
9917,15177,2.0,LA,,
9917,15177,3.0,EMEA,,
9917,15177,4.0,AP,,
9939,15199,1.0,NA,,
9939,15199,2.0,LA,,
9939,15199,3.0,EMEA,,
9939,15199,4.0,AP,,
10087,15326,1.0,NA,,
10087,15326,2.0,LA,,
10087,15326,3.0,EMEA,18.0,Debica
10087,15326,4.0,AP,,
10087,15326,1.0,NA,,
10087,15326,2.0,LA,,
10087,15326,3.0,EMEA,26.0,Fulda
10087,15326,4.0,AP,,
10206,15422,1.0,NA,,
10206,15422,2.0,LA,,
10206,15422,3.0,EMEA,,
10206,15422,4.0,AP,,
10297,15498,,,,
10328,15522,1.0,NA,,
10328,15522,2.0,LA,,
10328,15522,3.0,EMEA,,
10328,15522,4.0,AP,,
10423,15596,2.0,LA,,
10566,15705,,,,
10569,15708,1.0,NA,,
10583,15721,1.0,NA,,
10589,15725,1.0,NA,,
10590,15726,1.0,NA,,
10591,15727,1.0,NA,,
10649,15776,1.0,NA,,
10649,15776,2.0,LA,,
10649,15776,3.0,EMEA,,
10649,15776,4.0,AP,,
10688,15809,1.0,NA,,
10688,15809,2.0,LA,,
10688,15809,3.0,EMEA,,
10688,15809,4.0,AP,,
10693,15813,1.0,NA,,
10693,15813,2.0,LA,,
10693,15813,3.0,EMEA,,
10693,15813,4.0,AP,,
10752,15863,1.0,NA,,
10752,15863,2.0,LA,,
10752,15863,4.0,AP,,
10922,16255,1.0,NA,,
10975,16323,1.0,NA,,
10975,16323,2.0,LA,,
10975,16323,3.0,EMEA,,
10975,16323,4.0,AP,,
11432,17577,1.0,NA,,
11432,17577,2.0,LA,,
11432,17577,3.0,EMEA,,
11432,17577,4.0,AP,,
11481,17719,1.0,NA,,
11481,17719,2.0,LA,,
11481,17719,3.0,EMEA,,
11481,17719,4.0,AP,,
11668,17970,,,,
11698,17999,,,,
11714,18032,1.0,NA,,
11768,18116,1.0,NA,,
11768,18116,2.0,LA,,
11768,18116,3.0,EMEA,,
11768,18116,4.0,AP,,
11851,18286,,,,
11857,18292,1.0,NA,,
11857,18292,2.0,LA,,
11857,18292,3.0,EMEA,,
11857,18292,4.0,AP,,
11929,18364,1.0,NA,,
11929,18364,2.0,LA,,
11929,18364,3.0,EMEA,,
11929,18364,4.0,AP,,
9493,14826,1.0,NA,,
9493,14826,2.0,LA,,
9493,14826,3.0,EMEA,,
9493,14826,4.0,AP,,
9528,14851,1.0,NA,,
9543,14871,1.0,NA,,
9581,14904,1.0,NA,,
9585,14908,,,,
9588,14910,1.0,NA,,
9588,14910,2.0,LA,,
9588,14910,3.0,EMEA,,
9588,14910,4.0,AP,,
9686,14989,1.0,NA,,
9697,14997,,,,
9745,15034,1.0,NA,,
9745,15034,2.0,LA,,
9745,15034,3.0,EMEA,,
9745,15034,4.0,AP,,
9791,15073,1.0,NA,,
9791,15073,2.0,LA,,
9791,15073,3.0,EMEA,,
9791,15073,4.0,AP,,
9828,15099,,,,
9846,15118,1.0,NA,,
9961,15216,1.0,NA,,
9963,15217,1.0,NA,,
9975,15226,1.0,NA,,
9977,15229,1.0,NA,,
9977,15229,2.0,LA,,
9977,15229,3.0,EMEA,,
9977,15229,4.0,AP,,
9986,15240,1.0,NA,,
9986,15240,2.0,LA,,
9986,15240,3.0,EMEA,,
9986,15240,4.0,AP,,
10042,15288,,,,
10058,15302,1.0,NA,,
10058,15302,2.0,LA,,
10058,15302,3.0,EMEA,,
10058,15302,4.0,AP,,
10142,15367,,,,
10191,15408,,,,
10251,15460,3.0,EMEA,,
10521,15671,1.0,NA,,
10666,15790,,,,
10825,15925,,,,
10917,16251,,,,
10977,16329,1.0,NA,,
10977,16329,2.0,LA,,
10977,16329,3.0,EMEA,,
10977,16329,4.0,AP,,
11075,16440,1.0,NA,,
11195,17245,,,,
11247,17338,1.0,NA,,
11247,17338,2.0,LA,,
11247,17338,3.0,EMEA,,
11247,17338,4.0,AP,,
11307,17417,1.0,NA,,
11307,17417,2.0,LA,,
11307,17417,3.0,EMEA,,
11307,17417,4.0,AP,,
11447,17605,1.0,NA,,
11453,17610,1.0,NA,,
11487,17724,1.0,NA,,
11509,17746,1.0,NA,,
11510,17747,1.0,NA,,
9417,14766,1.0,NA,,
9417,14766,2.0,LA,,
9417,14766,3.0,EMEA,,
9417,14766,4.0,AP,,
9432,14780,,,,
9477,14813,4.0,AP,,
9597,14917,,,,
9674,14980,3.0,EMEA,,
9843,15114,1.0,NA,,
9872,15138,1.0,NA,,
9890,15155,1.0,NA,,
9890,15155,2.0,LA,,
9890,15155,3.0,EMEA,,
9890,15155,4.0,AP,,
9907,15169,,,,
10006,15256,1.0,NA,,
10006,15256,2.0,LA,,
10006,15256,3.0,EMEA,,
10006,15256,4.0,AP,,
10019,15269,1.0,NA,,
10163,15382,1.0,NA,,
10243,15454,1.0,NA,,
10309,15508,1.0,NA,,
10309,15508,2.0,LA,,
10309,15508,4.0,AP,,
10367,15551,1.0,NA,,
10368,15552,1.0,NA,,
10401,15579,,,,
10563,15703,,,,
10647,15774,1.0,NA,,
10647,15774,2.0,LA,,
10659,15784,4.0,AP,37.0,Malaysia
10659,15784,4.0,AP,40.0,Thailand
10659,15784,4.0,AP,42.0,Nippon Giant
10659,15784,4.0,AP,46.0,Aurangabad
10659,15784,4.0,AP,47.0,Indonesia
10659,15784,4.0,AP,100.0,Pulandian
10713,15829,1.0,NA,,
10713,15829,3.0,EMEA,21.0,Luxembourg
10713,15829,4.0,AP,,
10723,15838,,,,
10863,15953,,,,
11109,16480,,,,
11169,17217,1.0,NA,,
11169,17217,2.0,LA,,
11169,17217,3.0,EMEA,,
11169,17217,4.0,AP,,
11188,17238,1.0,NA,,
11339,17449,1.0,NA,,
11524,17773,1.0,NA,,
11607,17897,1.0,NA,,
11607,17897,2.0,LA,,
11607,17897,3.0,EMEA,,
11607,17897,4.0,AP,,
11787,18169,1.0,NA,,
11787,18169,2.0,LA,,
11787,18169,3.0,EMEA,,
11787,18169,4.0,AP,,
11793,18175,1.0,NA,,
11847,18276,1.0,NA,,
12189,18642,1.0,NA,,
12195,18650,1.0,NA,,
9466,14804,1.0,NA,,
9525,14848,1.0,NA,,
9595,14915,,,,
9660,14967,3.0,EMEA,18.0,Debica
9677,14982,,,,
9833,15104,1.0,NA,,
9833,15104,2.0,LA,,
9833,15104,3.0,EMEA,,
9833,15104,4.0,AP,,
9844,15116,1.0,NA,,
9854,15124,4.0,AP,40.0,Thailand
9891,15156,1.0,NA,,
9992,15245,,,,
9999,15250,,,,
10239,15450,1.0,NA,,
10247,15457,3.0,EMEA,,
10263,15468,1.0,NA,,
10263,15468,2.0,LA,,
10263,15468,3.0,EMEA,,
10263,15468,4.0,AP,,
10273,15478,,,,
10299,15500,,,,
10320,15516,1.0,NA,,
10320,15516,2.0,LA,,
10320,15516,3.0,EMEA,,
10320,15516,4.0,AP,,
10655,15780,,,,
10687,15807,1.0,NA,,
10687,15807,2.0,LA,,
10687,15807,3.0,EMEA,,
10687,15807,4.0,AP,,
10887,15996,,,,
10945,16292,1.0,NA,,
11070,16435,1.0,NA,,
11099,16468,1.0,NA,,
11150,16518,,,,
11226,17321,,,,
11283,17374,4.0,AP,,
11467,17640,1.0,NA,,
11467,17640,2.0,LA,,
11467,17640,3.0,EMEA,,
11467,17640,4.0,AP,,
11682,17984,1.0,NA,,
11690,17992,3.0,EMEA,,
11751,18100,1.0,NA,,
11751,18100,2.0,LA,,
11751,18100,3.0,EMEA,,
11751,18100,4.0,AP,,
11824,18243,,,,
11913,18351,,,,
11950,18393,,,,
9445,14791,1.0,NA,,
9445,14791,2.0,LA,,
9445,14791,3.0,EMEA,,
9445,14791,4.0,AP,,
9521,14846,,,,
9523,14847,1.0,NA,,
9523,14847,2.0,LA,,
9523,14847,3.0,EMEA,,
9523,14847,4.0,AP,,
9552,14877,1.0,NA,,
9553,14878,1.0,NA,,
9911,15171,1.0,NA,,
10115,15346,1.0,NA,,
10184,15401,1.0,NA,,
10221,15437,1.0,NA,,
10245,15455,1.0,NA,,
10245,15455,2.0,LA,,
10245,15455,3.0,EMEA,,
10245,15455,4.0,AP,,
10318,15514,2.0,LA,,
10321,15517,1.0,NA,,
10410,15586,1.0,NA,,
10410,15586,2.0,LA,,
10410,15586,3.0,EMEA,,
10410,15586,4.0,AP,,
10683,15805,1.0,NA,,
10683,15805,2.0,LA,,
10683,15805,3.0,EMEA,,
10683,15805,4.0,AP,,
10691,15812,3.0,EMEA,,
10901,16239,,,,
11032,16390,1.0,NA,,
11032,16390,2.0,LA,,
11032,16390,4.0,AP,,
11037,16395,1.0,NA,,
11037,16395,2.0,LA,,
11037,16395,4.0,AP,,
11116,16488,,,,
11198,17248,,,,
11213,17262,,,,
12025,18469,1.0,NA,,
12029,18473,,,,
12035,18477,1.0,NA,,
12035,18477,2.0,LA,,
12035,18477,3.0,EMEA,,
12035,18477,4.0,AP,,
12043,18486,1.0,NA,,
12055,18509,1.0,NA,,
12057,18510,2.0,LA,,
12061,18517,,,,
12067,18520,1.0,NA,,
12070,18523,1.0,NA,,
12071,18524,1.0,NA,,
12073,18527,1.0,NA,,
12073,18527,2.0,LA,,
12073,18527,4.0,AP,,
12079,18530,1.0,NA,,
12085,18536,,,,
12087,18538,,,,
9403,14756,3.0,EMEA,21.0,Luxembourg
9591,14913,,,,
9799,15079,1.0,NA,,
9799,15079,2.0,LA,,
9799,15079,3.0,EMEA,,
9799,15079,4.0,AP,,
9955,15213,,,,
10523,15672,,,,
10629,15763,,,,
10670,15794,,,,
10736,15850,,,,
10815,15914,1.0,NA,,
10815,15914,2.0,LA,,
10815,15914,3.0,EMEA,,
10815,15914,4.0,AP,,
10900,16238,1.0,NA,,
10900,16238,2.0,LA,,
10900,16238,3.0,EMEA,,
10900,16238,4.0,AP,,
11001,16350,1.0,NA,,
11001,16350,2.0,LA,,
11001,16350,3.0,EMEA,,
11001,16350,4.0,AP,,
11117,16489,,,,
11318,17428,3.0,EMEA,,
11397,17519,1.0,NA,,
11511,17748,1.0,NA,,
11630,17923,,,,
11707,18020,,,,
11712,18030,1.0,NA,,
11712,18030,2.0,LA,,
11712,18030,3.0,EMEA,,
11712,18030,4.0,AP,,
11771,18119,,,,
11777,18161,1.0,NA,,
11794,18176,1.0,NA,,
11798,18180,1.0,NA,,
11822,18241,,,,
11829,18251,1.0,NA,,
11829,18251,2.0,LA,,
11829,18251,3.0,EMEA,,
11829,18251,4.0,AP,,
11856,18291,1.0,NA,,
11856,18291,2.0,LA,,
11856,18291,3.0,EMEA,,
11856,18291,4.0,AP,,
11858,18293,1.0,NA,,
11858,18293,2.0,LA,,
11858,18293,3.0,EMEA,,
11858,18293,4.0,AP,,
11863,18296,1.0,NA,,
11863,18296,2.0,LA,,
11863,18296,3.0,EMEA,,
11863,18296,4.0,AP,,
11870,18302,,,,
11877,18309,2.0,LA,,
11881,18315,1.0,NA,,
11881,18315,2.0,LA,,
11881,18315,3.0,EMEA,,
11881,18315,4.0,AP,,
11883,18317,1.0,NA,,
11883,18317,2.0,LA,,
11883,18317,3.0,EMEA,,
11883,18317,4.0,AP,,
11889,18323,1.0,NA,,
11910,18348,,,,
11911,18349,,,,
11917,18354,,,,
11919,18356,,,,
11924,18359,1.0,NA,,
11924,18359,2.0,LA,,
11924,18359,3.0,EMEA,,
11924,18359,4.0,AP,,
12563,19397,3.0,EMEA,,
12703,19677,1.0,NA,,
12703,19677,2.0,LA,,
12703,19677,3.0,EMEA,,
12703,19677,4.0,AP,,
12728,19705,,,,
12842,19858,1.0,NA,,
12842,19858,2.0,LA,,
12842,19858,3.0,EMEA,,
12842,19858,4.0,AP,,
13037,20244,1.0,NA,,
13250,20717,,,,
13500,21453,,,,
13553,21589,1.0,NA,,
13597,21786,,,,
13606,21795,,,,
13611,21800,,,,
13659,21979,,,,
13749,22198,1.0,NA,,
13749,22198,2.0,LA,,
13749,22198,4.0,AP,,
13760,22224,3.0,EMEA,,
13815,22411,1.0,NA,,
13815,22411,2.0,LA,,
13815,22411,3.0,EMEA,,
13815,22411,4.0,AP,,
13943,22853,,,,
13971,22952,,,,
14286,23858,,,,
14316,23951,,,,
14334,23989,1.0,NA,,
14334,23989,2.0,LA,,
14334,23989,4.0,AP,,
14615,24669,1.0,NA,,
14615,24669,2.0,LA,,
14615,24669,3.0,EMEA,,
14615,24669,4.0,AP,,
14709,24916,,,,
14829,25129,,,,
14895,25296,1.0,NA,,
14895,25296,2.0,LA,,
14895,25296,3.0,EMEA,,
14895,25296,4.0,AP,,
14988,25517,,,,
14996,25557,1.0,NA,,
14996,25557,2.0,LA,,
14996,25557,3.0,EMEA,,
14996,25557,4.0,AP,,
15150,26139,1.0,NA,,
15150,26139,3.0,EMEA,,
15275,26372,1.0,NA,,
15277,26376,1.0,NA,,
15278,26377,1.0,NA,,
15278,26377,2.0,LA,,
15278,26377,3.0,EMEA,,
15278,26377,4.0,AP,,
15280,26379,,,,
15281,26380,,,,
15282,26407,,,,
15284,26408,1.0,NA,,
15284,26408,2.0,LA,,
15284,26408,3.0,EMEA,,
15284,26408,4.0,AP,,
12627,19544,,,,
12837,19853,1.0,NA,,
12938,19979,1.0,NA,,
12938,19979,2.0,LA,,
12973,20022,1.0,NA,,
12973,20022,2.0,LA,,
12973,20022,3.0,EMEA,,
12973,20022,4.0,AP,,
13168,20478,,,,
13222,20676,,,,
13234,20697,2.0,LA,,
13254,20721,,,,
13664,21984,,,,
13740,22152,1.0,NA,,
13795,22337,1.0,NA,,
13795,22337,2.0,LA,,
13795,22337,4.0,AP,,
13831,22483,,,,
13915,22767,1.0,NA,,
14224,23686,1.0,NA,,
14224,23686,2.0,LA,,
14224,23686,3.0,EMEA,,
14224,23686,4.0,AP,,
14483,24354,,,,
14485,24356,,,,
14682,24866,3.0,EMEA,,
14684,24867,1.0,NA,,
14684,24867,2.0,LA,,
14684,24867,3.0,EMEA,,
14684,24867,4.0,AP,,
14685,24869,1.0,NA,,
14685,24869,2.0,LA,,
14685,24869,3.0,EMEA,,
14685,24869,4.0,AP,,
14689,24880,1.0,NA,,
14689,24880,2.0,LA,,
14689,24880,3.0,EMEA,,
14689,24880,4.0,AP,,
14693,24887,1.0,NA,,
14693,24887,2.0,LA,,
14693,24887,3.0,EMEA,,
14693,24887,4.0,AP,,
14698,24899,,,,
14703,24910,,,,
14707,24914,,,,
14718,24924,1.0,NA,,
14728,24943,1.0,NA,,
14728,24943,2.0,LA,,
14728,24943,3.0,EMEA,,
14728,24943,4.0,AP,,
14746,24963,1.0,NA,,
14750,24967,1.0,NA,,
14751,24968,1.0,NA,,
14751,24968,2.0,LA,,
14751,24968,3.0,EMEA,,
14751,24968,4.0,AP,,
14765,25007,,,,
14766,25008,,,,
14776,25036,1.0,NA,,
14776,25036,2.0,LA,,
14776,25036,3.0,EMEA,,
14776,25036,4.0,AP,,
14779,25046,1.0,NA,,
14793,25061,2.0,LA,30.0,Americana
14795,25063,1.0,NA,,
14795,25063,2.0,LA,,
14795,25063,3.0,EMEA,,
14795,25063,4.0,AP,,
14798,25077,,,,
14800,25083,,,,
14836,25152,,,,
12443,19204,1.0,NA,,
12443,19204,2.0,LA,,
12443,19204,3.0,EMEA,,
12443,19204,4.0,AP,,
12491,19267,1.0,NA,,
12531,19321,,,,
12638,19566,,,,
12818,19836,1.0,NA,,
13040,20247,1.0,NA,,
13173,20483,,,,
13186,20553,,,,
13232,20690,1.0,NA,,
13562,21647,,,,
13736,22148,1.0,NA,,
13736,22148,2.0,LA,,
13736,22148,3.0,EMEA,,
13736,22148,4.0,AP,,
13811,22394,,,,
13979,22980,2.0,LA,30.0,Americana
14212,23667,,,,
14341,24000,1.0,NA,,
14341,24000,2.0,LA,,
14341,24000,3.0,EMEA,,
14341,24000,4.0,AP,,
14358,24074,1.0,NA,,
14358,24074,2.0,LA,,
14358,24074,3.0,EMEA,,
14358,24074,4.0,AP,,
14497,24370,1.0,NA,,
14755,24975,,,,
14824,25112,,,,
14938,25392,1.0,NA,,
15027,25618,1.0,NA,,
15027,25618,2.0,LA,,
15027,25618,3.0,EMEA,,
15027,25618,4.0,AP,,
15035,25626,1.0,NA,,
15035,25626,2.0,LA,,
15035,25626,3.0,EMEA,,
15035,25626,4.0,AP,,
15041,25640,1.0,NA,,
15042,25641,1.0,NA,,
15042,25641,2.0,LA,,
15042,25641,3.0,EMEA,,
15042,25641,4.0,AP,,
15050,25656,,,,
15058,25668,1.0,NA,,
15080,25771,1.0,NA,11.0,Valleyfield
15080,25771,2.0,LA,,
15080,25771,3.0,EMEA,,
15087,25798,,,,
15089,25800,,,,
15090,25801,,,,
15103,25819,1.0,NA,,
15103,25819,2.0,LA,,
15103,25819,4.0,AP,,
15104,25820,,,,
15110,25847,1.0,NA,,
15110,25847,2.0,LA,,
15110,25847,3.0,EMEA,,
15110,25847,4.0,AP,,
15112,25849,1.0,NA,,
15112,25849,2.0,LA,,
15112,25849,3.0,EMEA,,
15112,25849,4.0,AP,,
12521,19303,4.0,AP,,
12533,19331,4.0,AP,,
12568,19406,1.0,NA,,
12568,19406,2.0,LA,,
12568,19406,3.0,EMEA,,
12568,19406,4.0,AP,,
12570,19408,,,,
12595,19455,1.0,NA,,
12595,19455,2.0,LA,,
12595,19455,3.0,EMEA,,
12595,19455,4.0,AP,,
12650,19591,1.0,NA,,
12695,19662,,,,
12793,19813,,,,
12860,19876,1.0,NA,,
12867,19883,1.0,NA,,
12897,19933,,,,
13134,20421,,,,
13135,20422,,,,
13138,20441,4.0,AP,,
13163,20473,,,,
13203,20597,1.0,NA,,
13210,20604,1.0,NA,,
13210,20604,2.0,LA,,
13210,20604,3.0,EMEA,,
13210,20604,4.0,AP,,
13344,20927,,,,
13576,21695,1.0,NA,,
13592,21729,,,,
13599,21788,,,,
13615,21804,,,,
13618,21807,,,,
13619,21808,,,,
13742,22172,1.0,NA,,
13742,22172,2.0,LA,,
13904,22744,,,,
14134,23338,1.0,NA,,
14260,23790,1.0,NA,,
14260,23790,2.0,LA,,
14260,23790,3.0,EMEA,,
14265,23805,1.0,NA,,
14265,23805,2.0,LA,,
14265,23805,4.0,AP,,
14266,23806,,,,
14267,23807,,,,
14272,23812,1.0,NA,,
14272,23812,2.0,LA,,
14326,23978,1.0,NA,,
14326,23978,2.0,LA,,
14326,23978,4.0,AP,,
12475,19251,,,,
12554,19370,3.0,EMEA,,
12574,19415,,,,
13131,20418,,,,
13311,20835,,,,
13312,20836,,,,
13373,21027,1.0,NA,,
13439,21272,1.0,NA,,
13439,21272,2.0,LA,,
13439,21272,4.0,AP,,
13445,21286,,,,
13459,21305,1.0,NA,,
13471,21354,1.0,NA,,
13471,21354,2.0,LA,,
13471,21354,3.0,EMEA,,
13471,21354,4.0,AP,,
13488,21436,,,,
13548,21583,1.0,NA,,
13587,21706,,,,
13595,21759,1.0,NA,,
13595,21759,2.0,LA,,
13595,21759,3.0,EMEA,,
13595,21759,4.0,AP,,
13672,22031,,,,
13679,22047,,,,
13962,22928,,,,
13992,23004,1.0,NA,,
13992,23004,2.0,LA,,
13992,23004,3.0,EMEA,,
13992,23004,4.0,AP,,
14021,23051,1.0,NA,,
14105,23229,,,,
14147,23367,,,,
14493,24364,3.0,EMEA,,
14663,24831,,,,
14820,25109,1.0,NA,,
14820,25109,2.0,LA,,
14820,25109,3.0,EMEA,,
14820,25109,4.0,AP,,
14826,25122,1.0,NA,,
14826,25122,2.0,LA,,
14826,25122,3.0,EMEA,,
14826,25122,4.0,AP,,
14933,25386,1.0,NA,,
14933,25386,3.0,EMEA,,
15115,25852,1.0,NA,,
15115,25852,2.0,LA,,
15115,25852,3.0,EMEA,,
15115,25852,4.0,AP,,
15157,26147,1.0,NA,,
15157,26147,3.0,EMEA,,
15270,26365,1.0,NA,,
15285,26409,1.0,NA,,
15285,26409,2.0,LA,,
15285,26409,3.0,EMEA,,
15285,26409,4.0,AP,,
15288,26436,1.0,NA,,
15288,26436,2.0,LA,,
15288,26436,3.0,EMEA,,
15288,26436,4.0,AP,,
15290,26437,2.0,LA,,
15292,26477,1.0,NA,,
12385,19125,1.0,NA,,
12385,19125,2.0,LA,,
12385,19125,3.0,EMEA,,
12385,19125,4.0,AP,,
12389,19134,,,,
12390,19135,,,,
12406,19149,3.0,EMEA,,
12481,19259,,,,
12875,19891,,,,
13058,20272,1.0,NA,,
13078,20320,1.0,NA,,
13078,20320,2.0,LA,,
13078,20320,4.0,AP,,
13124,20411,,,,
13156,20466,,,,
13229,20685,1.0,NA,,
13516,21475,1.0,NA,,
13516,21475,2.0,LA,,
13516,21475,3.0,EMEA,,
13516,21475,4.0,AP,,
13518,21487,1.0,NA,,
13518,21487,2.0,LA,,
13518,21487,3.0,EMEA,,
13518,21487,4.0,AP,,
13538,21558,1.0,NA,,
13743,22173,1.0,NA,9.0,Medicine Hat
13743,22173,3.0,EMEA,,
13743,22173,1.0,NA,10.0,Napanee
13743,22173,3.0,EMEA,,
13743,22173,1.0,NA,11.0,Valleyfield
13743,22173,3.0,EMEA,,
13751,22200,,,,
13752,22201,1.0,NA,,
13752,22201,2.0,LA,,
13752,22201,4.0,AP,,
13773,22291,1.0,NA,11.0,Valleyfield
13773,22291,2.0,LA,,
13870,22606,1.0,NA,,
13870,22606,2.0,LA,,
13870,22606,3.0,EMEA,,
13870,22606,4.0,AP,,
13957,22887,1.0,NA,,
14009,23025,3.0,EMEA,,
14094,23213,1.0,NA,,
14094,23213,2.0,LA,,
14094,23213,3.0,EMEA,,
14094,23213,4.0,AP,,
14234,23735,1.0,NA,,
14234,23735,2.0,LA,,
14324,23973,,,,
14394,24187,,,,
14580,24589,1.0,NA,,
14674,24842,,,,
14837,25153,,,,
14841,25162,1.0,NA,,
14842,25166,1.0,NA,,
14842,25166,2.0,LA,,
14842,25166,3.0,EMEA,,
14842,25166,4.0,AP,,
14857,25188,1.0,NA,,
14857,25188,2.0,LA,,
14857,25188,3.0,EMEA,,
14857,25188,4.0,AP,,
14860,25196,,,,
14864,25209,,,,
14868,25229,,,,
14869,25230,,,,
12386,19126,1.0,NA,,
12386,19126,2.0,LA,,
12386,19126,3.0,EMEA,,
12386,19126,4.0,AP,,
12387,19127,1.0,NA,,
12387,19127,2.0,LA,,
12387,19127,3.0,EMEA,,
12387,19127,4.0,AP,,
12489,19265,1.0,NA,,
12489,19265,3.0,EMEA,18.0,Debica
12489,19265,1.0,NA,,
12489,19265,3.0,EMEA,19.0,Philippsburg
12489,19265,1.0,NA,,
12489,19265,3.0,EMEA,20.0,Amiens North
12489,19265,1.0,NA,,
12489,19265,3.0,EMEA,21.0,Luxembourg
12489,19265,1.0,NA,,
12489,19265,3.0,EMEA,23.0,Adapazari
12489,19265,1.0,NA,,
12489,19265,3.0,EMEA,24.0,Sava
12489,19265,1.0,NA,,
12489,19265,3.0,EMEA,25.0,Izmit
12489,19265,1.0,NA,,
12489,19265,3.0,EMEA,26.0,Fulda
12489,19265,1.0,NA,,
12489,19265,3.0,EMEA,28.0,Wolverhampton
12489,19265,1.0,NA,,
12489,19265,3.0,EMEA,48.0,Amiens South
12489,19265,1.0,NA,,
12489,19265,3.0,EMEA,49.0,Montlucon
12489,19265,1.0,NA,,
12489,19265,3.0,EMEA,50.0,Hanau
12489,19265,1.0,NA,,
12489,19265,3.0,EMEA,51.0,Wittlich
12489,19265,1.0,NA,,
12489,19265,3.0,EMEA,52.0,Fuerstenwalde
12489,19265,1.0,NA,,
12489,19265,3.0,EMEA,53.0,Riesa
12489,19265,1.0,NA,,
12489,19265,3.0,EMEA,60.0,Birmingham
12489,19265,1.0,NA,,
12489,19265,3.0,EMEA,180.0,Polymer-Technik Elbe GmbH
12566,19404,1.0,NA,,
12566,19404,2.0,LA,,
12566,19404,3.0,EMEA,,
12566,19404,4.0,AP,,
12567,19405,1.0,NA,,
12567,19405,2.0,LA,,
12567,19405,4.0,AP,,
12722,19697,,,,
12856,19870,,,,
12917,19956,,,,
13176,20492,,,,
13239,20703,,,,
13260,20736,1.0,NA,,
13504,21458,,,,
13610,21799,,,,
13731,22143,1.0,NA,,
13731,22143,2.0,LA,,
13731,22143,3.0,EMEA,,
13731,22143,4.0,AP,,
14197,23624,,,,
14226,23697,1.0,NA,,
14269,23809,1.0,NA,,
14314,23937,,,,
14368,24097,1.0,NA,,
14368,24097,2.0,LA,,
14368,24097,3.0,EMEA,,
14368,24097,4.0,AP,,
14634,24709,3.0,EMEA,,
14832,25140,1.0,NA,,
14832,25140,2.0,LA,,
14832,25140,4.0,AP,,
14937,25391,1.0,NA,,
14997,25558,1.0,NA,,
14997,25558,2.0,LA,,
14997,25558,3.0,EMEA,,
14997,25558,4.0,AP,,
15054,25665,1.0,NA,,
15054,25665,2.0,LA,,
15054,25665,3.0,EMEA,,
15054,25665,4.0,AP,,
15065,25692,1.0,NA,,
15078,25769,1.0,NA,,
15078,25769,2.0,LA,,
15078,25769,3.0,EMEA,,
15078,25769,4.0,AP,,
15117,25871,1.0,NA,,
15117,25871,2.0,LA,,
15117,25871,3.0,EMEA,,
15117,25871,4.0,AP,,
15119,25873,1.0,NA,,
15119,25873,2.0,LA,,
15119,25873,3.0,EMEA,,
15119,25873,4.0,AP,,
15122,25916,,,,
15123,25917,,,,
15124,25918,,,,
15126,25920,,,,
15130,25964,3.0,EMEA,,
15133,25972,1.0,NA,,
15134,25994,1.0,NA,,
15134,25994,2.0,LA,,
15134,25994,3.0,EMEA,,
15134,25994,4.0,AP,,
15137,26023,1.0,NA,,
15139,26039,,,,
15140,26048,1.0,NA,,
15140,26048,2.0,LA,,
15140,26048,3.0,EMEA,,
15140,26048,4.0,AP,,
12355,19068,1.0,NA,,
12428,19178,,,,
12541,19343,,,,
12625,19542,,,,
12896,19932,,,,
12911,19950,,,,
13022,20209,1.0,NA,,
13048,20254,,,,
13077,20319,1.0,NA,,
13088,20333,,,,
13274,20778,,,,
13425,21183,1.0,NA,,
13491,21439,1.0,NA,,
13491,21439,2.0,LA,,
13491,21439,3.0,EMEA,,
13491,21439,4.0,AP,,
13608,21797,,,,
13772,22290,1.0,NA,,
13772,22290,2.0,LA,,
13772,22290,3.0,EMEA,,
13772,22290,4.0,AP,,
14131,23335,1.0,NA,,
14179,23539,,,,
14299,23903,1.0,NA,,
14299,23903,2.0,LA,,
14299,23903,3.0,EMEA,,
14440,24298,,,,
14632,24693,1.0,NA,,
14632,24693,2.0,LA,,
14632,24693,3.0,EMEA,,
14632,24693,4.0,AP,,
14717,24923,1.0,NA,,
14732,24950,1.0,NA,,
14732,24950,2.0,LA,,
14732,24950,3.0,EMEA,,
14732,24950,4.0,AP,,
14812,25102,1.0,NA,9.0,Medicine Hat
14812,25102,2.0,LA,,
14812,25102,3.0,EMEA,,
14812,25102,4.0,AP,,
14812,25102,1.0,NA,10.0,Napanee
14812,25102,2.0,LA,,
14812,25102,3.0,EMEA,,
14812,25102,4.0,AP,,
14812,25102,1.0,NA,11.0,Valleyfield
14812,25102,2.0,LA,,
14812,25102,3.0,EMEA,,
14812,25102,4.0,AP,,
14812,25102,1.0,NA,,
14812,25102,2.0,LA,35.0,Peru
14812,25102,3.0,EMEA,,
14812,25102,4.0,AP,,
14812,25102,1.0,NA,,
14812,25102,2.0,LA,,
14812,25102,3.0,EMEA,,
14812,25102,4.0,AP,42.0,Nippon Giant
15031,25622,1.0,NA,,
15031,25622,2.0,LA,,
15031,25622,3.0,EMEA,,
15031,25622,4.0,AP,,
15118,25872,1.0,NA,,
15118,25872,2.0,LA,,
15118,25872,3.0,EMEA,,
15118,25872,4.0,AP,,
15128,25951,1.0,NA,,
15128,25951,2.0,LA,,
15128,25951,3.0,EMEA,,
15128,25951,4.0,AP,,
15136,26022,1.0,NA,,
15144,26133,1.0,NA,,
15144,26133,3.0,EMEA,,
15146,26135,1.0,NA,,
15146,26135,3.0,EMEA,,
15156,26145,1.0,NA,,
15156,26145,3.0,EMEA,,
15161,26151,1.0,NA,,
15161,26151,3.0,EMEA,,
15162,26152,1.0,NA,,
15162,26152,3.0,EMEA,,
15168,26169,1.0,NA,,
15175,26185,1.0,NA,,
15175,26185,2.0,LA,,
15175,26185,3.0,EMEA,,
15175,26185,4.0,AP,,
12405,19148,1.0,NA,,
12405,19148,2.0,LA,,
12405,19148,3.0,EMEA,,
12405,19148,4.0,AP,,
12626,19543,,,,
12730,19707,,,,
12839,19855,1.0,NA,,
12898,19934,,,,
12922,19961,,,,
12952,20002,4.0,AP,,
12990,20053,1.0,NA,,
12990,20053,2.0,LA,,
12990,20053,3.0,EMEA,,
12990,20053,4.0,AP,,
13091,20353,,,,
13110,20397,,,,
13183,20522,,,,
13240,20706,,,,
13283,20792,,,,
13284,20793,,,,
13286,20795,,,,
13320,20864,1.0,NA,,
13320,20864,2.0,LA,,
13320,20864,3.0,EMEA,,
13320,20864,4.0,AP,,
13337,20917,1.0,NA,,
13337,20917,2.0,LA,,
13337,20917,3.0,EMEA,,
13337,20917,4.0,AP,,
13339,20919,1.0,NA,,
13339,20919,2.0,LA,,
13339,20919,3.0,EMEA,,
13339,20919,4.0,AP,,
13369,21003,,,,
13400,21069,1.0,NA,,
13400,21069,2.0,LA,,
13400,21069,3.0,EMEA,,
13400,21069,4.0,AP,,
13424,21182,1.0,NA,,
13486,21431,1.0,NA,,
13486,21431,2.0,LA,,
13486,21431,3.0,EMEA,,
13486,21431,4.0,AP,,
13565,21655,,,,
13695,22074,1.0,NA,,
13695,22074,2.0,LA,,
13695,22074,3.0,EMEA,,
13695,22074,4.0,AP,,
13902,22732,1.0,NA,,
13902,22732,2.0,LA,,
13902,22732,3.0,EMEA,,
13902,22732,4.0,AP,,
13989,23001,1.0,NA,,
13989,23001,2.0,LA,,
13989,23001,3.0,EMEA,,
14015,23045,,,,
14018,23048,1.0,NA,,
14122,23297,,,,
14143,23348,,,,
14292,23883,1.0,NA,,
14330,23984,3.0,EMEA,23.0,Adapazari
14330,23984,3.0,EMEA,25.0,Izmit
14430,24264,,,,
14586,24602,,,,
14628,24685,1.0,NA,,
14628,24685,2.0,LA,,
14628,24685,3.0,EMEA,,
14628,24685,4.0,AP,,
12513,19295,1.0,NA,,
12611,19516,,,,
12644,19572,,,,
12753,19765,,,,
13023,20210,1.0,NA,,
13172,20482,,,,
13370,21025,1.0,NA,,
13387,21045,1.0,NA,,
13410,21089,,,,
13422,21177,,,,
13777,22304,1.0,NA,,
14282,23846,,,,
14342,24001,,,,
14344,24003,,,,
14504,24377,3.0,EMEA,,
14523,24403,1.0,NA,,
14523,24403,2.0,LA,,
14523,24403,3.0,EMEA,,
14523,24403,4.0,AP,,
14540,24457,1.0,NA,,
14540,24457,2.0,LA,,
14540,24457,3.0,EMEA,,
14540,24457,4.0,AP,,
14542,24466,,,,
14595,24652,1.0,NA,,
14595,24652,2.0,LA,,
14595,24652,3.0,EMEA,,
14595,24652,4.0,AP,,
14606,24661,1.0,NA,55.0,Chem Bayport
14613,24667,,,,
14624,24681,3.0,EMEA,,
14712,24918,1.0,NA,,
14764,25006,,,,
14872,25233,,,,
14877,25255,1.0,NA,,
14877,25255,2.0,LA,,
14877,25255,3.0,EMEA,,
14877,25255,4.0,AP,,
14880,25265,1.0,NA,,
14882,25267,1.0,NA,,
14883,25268,1.0,NA,,
14889,25284,1.0,NA,,
14889,25284,2.0,LA,,
14889,25284,3.0,EMEA,,
14889,25284,4.0,AP,,
14892,25287,1.0,NA,,
14892,25287,2.0,LA,,
14892,25287,4.0,AP,,
14899,25306,1.0,NA,,
14906,25320,1.0,NA,,
14908,25322,1.0,NA,,
14910,25324,1.0,NA,,
14913,25327,1.0,NA,,
14916,25329,1.0,NA,,
14917,25330,1.0,NA,,
14917,25330,3.0,EMEA,,
14922,25335,1.0,NA,,
14922,25335,3.0,EMEA,,
12583,19428,1.0,NA,,
12583,19428,2.0,LA,,
12583,19428,3.0,EMEA,,
12583,19428,4.0,AP,,
12584,19429,1.0,NA,,
12584,19429,2.0,LA,,
12584,19429,3.0,EMEA,,
12584,19429,4.0,AP,,
12585,19430,1.0,NA,,
12585,19430,2.0,LA,,
12585,19430,3.0,EMEA,,
12585,19430,4.0,AP,,
12617,19520,,,,
12686,19652,1.0,NA,,
12697,19664,,,,
12848,19864,1.0,NA,,
12892,19928,,,,
13008,20127,3.0,EMEA,,
13098,20369,1.0,NA,,
13192,20562,,,,
13402,21070,1.0,NA,,
13402,21070,2.0,LA,,
13402,21070,3.0,EMEA,,
13402,21070,4.0,AP,,
13446,21287,,,,
13448,21290,1.0,NA,,
13485,21417,2.0,LA,,
13602,21791,,,,
13622,21833,1.0,NA,,
13622,21833,2.0,LA,,
13622,21833,3.0,EMEA,23.0,Adapazari
13622,21833,4.0,AP,,
13622,21833,1.0,NA,,
13622,21833,2.0,LA,,
13622,21833,3.0,EMEA,25.0,Izmit
13622,21833,4.0,AP,,
13622,21833,1.0,NA,140.0,Other
13622,21833,2.0,LA,,
13622,21833,3.0,EMEA,,
13622,21833,4.0,AP,,
13778,22305,1.0,NA,,
13807,22379,,,,
14108,23238,1.0,NA,,
14110,23244,1.0,NA,,
14110,23244,2.0,LA,,
14110,23244,3.0,EMEA,,
14110,23244,4.0,AP,,
14453,24320,1.0,NA,,
14609,24663,,,,
14680,24857,1.0,NA,,
14680,24857,2.0,LA,,
14680,24857,3.0,EMEA,,
14680,24857,4.0,AP,,
14714,24920,1.0,NA,,
14782,25049,,,,
14783,25050,,,,
15068,25723,1.0,NA,,
15068,25723,2.0,LA,,
15068,25723,4.0,AP,,
15121,25915,,,,
15142,26071,1.0,NA,,
15142,26071,2.0,LA,,
15147,26136,1.0,NA,,
15147,26136,3.0,EMEA,,
15151,26140,1.0,NA,,
15151,26140,3.0,EMEA,,
15152,26141,1.0,NA,,
15152,26141,3.0,EMEA,,
15154,26143,1.0,NA,,
15154,26143,3.0,EMEA,,
15155,26144,1.0,NA,,
15155,26144,3.0,EMEA,,
15160,26150,1.0,NA,,
15160,26150,3.0,EMEA,,
15164,26153,,,,
15170,26171,,,,
15176,26186,,,,
12421,19165,,,,
12473,19250,1.0,NA,,
12473,19250,2.0,LA,,
12473,19250,3.0,EMEA,,
12473,19250,4.0,AP,,
12515,19297,1.0,NA,,
12633,19552,3.0,EMEA,,
12741,19735,1.0,NA,,
12741,19735,2.0,LA,,
12741,19735,3.0,EMEA,,
12741,19735,4.0,AP,,
12989,20052,1.0,NA,,
12989,20052,2.0,LA,,
12989,20052,3.0,EMEA,,
12989,20052,4.0,AP,,
12991,20054,1.0,NA,,
12991,20054,2.0,LA,,
12991,20054,3.0,EMEA,,
12991,20054,4.0,AP,,
12994,20058,,,,
13096,20363,,,,
13119,20406,,,,
13153,20463,,,,
13299,20811,,,,
13378,21035,1.0,NA,,
13378,21035,2.0,LA,,
13378,21035,3.0,EMEA,,
13378,21035,4.0,AP,,
13420,21176,1.0,NA,,
13556,21603,1.0,NA,9.0,Medicine Hat
13556,21603,2.0,LA,,
13556,21603,3.0,EMEA,,
13556,21603,4.0,AP,,
13556,21603,1.0,NA,10.0,Napanee
13556,21603,2.0,LA,,
13556,21603,3.0,EMEA,,
13556,21603,4.0,AP,,
13556,21603,1.0,NA,11.0,Valleyfield
13556,21603,2.0,LA,,
13556,21603,3.0,EMEA,,
13556,21603,4.0,AP,,
13631,21882,1.0,NA,,
13633,21884,1.0,NA,,
13821,22461,,,,
13847,22530,1.0,NA,,
14002,23018,3.0,EMEA,,
14023,23053,1.0,NA,,
14142,23347,,,,
14331,23985,1.0,NA,,
14331,23985,2.0,LA,,
14331,23985,3.0,EMEA,,
14331,23985,4.0,AP,,
14654,24810,,,,
14762,25001,,,,
14763,25002,,,,
14784,25051,,,,
14863,25199,,,,
15074,25750,1.0,NA,,
15074,25750,2.0,LA,,
15074,25750,3.0,EMEA,,
15074,25750,4.0,AP,,
15172,26182,1.0,NA,,
15172,26182,2.0,LA,,
15172,26182,3.0,EMEA,,
15172,26182,4.0,AP,,
15179,26209,1.0,NA,,
15179,26209,2.0,LA,,
15179,26209,3.0,EMEA,,
15179,26209,4.0,AP,,
15190,26256,1.0,NA,,
15190,26256,2.0,LA,,
15190,26256,3.0,EMEA,,
15190,26256,4.0,AP,,
15202,26284,4.0,AP,,
15203,26285,4.0,AP,,
12398,19141,,,,
12459,19226,1.0,NA,,
12459,19226,2.0,LA,,
12509,19286,1.0,NA,,
12509,19286,2.0,LA,,
12509,19286,3.0,EMEA,,
12509,19286,4.0,AP,,
12514,19296,1.0,NA,,
12602,19491,,,,
12647,19588,1.0,NA,,
12707,19679,3.0,EMEA,,
12933,19974,,,,
12934,19975,,,,
13028,20222,1.0,NA,,
13028,20222,2.0,LA,,
13038,20245,1.0,NA,,
13053,20258,,,,
13142,20445,,,,
13221,20666,,,,
13412,21094,1.0,NA,,
13412,21094,2.0,LA,,
13520,21493,,,,
13521,21494,,,,
13630,21881,1.0,NA,,
13838,22501,4.0,AP,,
13892,22684,1.0,NA,,
14087,23174,1.0,NA,,
14087,23174,2.0,LA,,
14087,23174,4.0,AP,,
14114,23263,1.0,NA,,
14114,23263,2.0,LA,,
14114,23263,3.0,EMEA,,
14114,23263,4.0,AP,,
14177,23537,,,,
14236,23740,1.0,NA,,
14318,23965,,,,
14522,24401,1.0,NA,,
14522,24401,2.0,LA,,
14522,24401,3.0,EMEA,,
14592,24648,1.0,NA,14.0,ICM*A
14636,24716,3.0,EMEA,,
14676,24844,,,,
14713,24919,1.0,NA,,
14715,24921,1.0,NA,,
14727,24942,,,,
14731,24946,,,,
14758,24981,1.0,NA,,
14758,24981,2.0,LA,,
14780,25047,,,,
14858,25194,1.0,NA,,
14858,25194,2.0,LA,,
14858,25194,4.0,AP,,
12718,19693,,,,
12727,19704,,,,
12737,19715,,,,
12750,19762,,,,
13050,20255,,,,
13298,20810,,,,
13374,21028,1.0,NA,,
13457,21303,1.0,NA,,
13458,21304,1.0,NA,,
13663,21983,,,,
13668,22019,1.0,NA,,
13668,22019,2.0,LA,,
13770,22256,,,,
13826,22479,1.0,NA,,
13826,22479,2.0,LA,,
13826,22479,3.0,EMEA,,
13826,22479,4.0,AP,,
13852,22545,3.0,EMEA,,
14044,23077,3.0,EMEA,,
14221,23684,,,,
14225,23687,1.0,NA,,
14225,23687,2.0,LA,,
14225,23687,3.0,EMEA,,
14225,23687,4.0,AP,,
14366,24091,,,,
14422,24238,,,,
14480,24351,1.0,NA,,
14480,24351,2.0,LA,,
14480,24351,3.0,EMEA,,
14480,24351,4.0,AP,,
14843,25167,1.0,NA,,
14843,25167,2.0,LA,,
14843,25167,3.0,EMEA,,
14843,25167,4.0,AP,,
14888,25283,1.0,NA,,
14888,25283,2.0,LA,,
14888,25283,3.0,EMEA,,
14888,25283,4.0,AP,,
14926,25351,,,,
14928,25382,1.0,NA,,
14928,25382,2.0,LA,,
14928,25382,3.0,EMEA,,
14928,25382,4.0,AP,,
14934,25388,1.0,NA,,
14942,25401,,,,
14944,25403,,,,
14948,25439,,,,
14955,25456,,,,
14960,25465,1.0,NA,,
14964,25471,,,,
14969,25484,1.0,NA,,
14969,25484,2.0,LA,,
14969,25484,3.0,EMEA,,
14969,25484,4.0,AP,,
14972,25487,,,,
14976,25502,,,,
14978,25504,,,,
14979,25505,,,,
14980,25506,,,,
12791,19811,,,,
12792,19812,,,,
12907,19944,,,,
12915,19954,,,,
13102,20388,1.0,NA,,
13273,20777,,,,
13287,20796,,,,
13345,20928,1.0,NA,,
13345,20928,2.0,LA,,
13345,20928,3.0,EMEA,,
13345,20928,4.0,AP,,
13492,21440,1.0,NA,,
13492,21440,2.0,LA,,
13492,21440,3.0,EMEA,,
13492,21440,4.0,AP,,
13551,21586,1.0,NA,,
13574,21694,1.0,NA,,
13574,21694,2.0,LA,,
13574,21694,4.0,AP,,
13580,21699,1.0,NA,,
13616,21805,,,,
13739,22151,1.0,NA,,
13739,22151,2.0,LA,,
13739,22151,3.0,EMEA,,
13739,22151,4.0,AP,,
14019,23049,1.0,NA,,
14019,23049,2.0,LA,,
14019,23049,3.0,EMEA,,
14019,23049,4.0,AP,,
14020,23050,1.0,NA,,
14240,23746,1.0,NA,,
14270,23810,1.0,NA,,
14270,23810,2.0,LA,,
14270,23810,4.0,AP,,
14274,23835,,,,
14277,23841,,,,
14278,23842,,,,
14566,24573,1.0,NA,,
14566,24573,2.0,LA,,
14566,24573,3.0,EMEA,,
14566,24573,4.0,AP,,
14760,24989,,,,
14774,25034,,,,
15166,26167,1.0,NA,,
15167,26168,1.0,NA,,
15178,26208,1.0,NA,,
15178,26208,2.0,LA,,
15178,26208,3.0,EMEA,,
15178,26208,4.0,AP,,
15182,26221,,,,
15183,26222,1.0,NA,,
15183,26222,2.0,LA,,
15183,26222,3.0,EMEA,,
15183,26222,4.0,AP,,
15184,26224,1.0,NA,,
15184,26224,2.0,LA,,
15184,26224,3.0,EMEA,,
15184,26224,4.0,AP,,
15187,26240,1.0,NA,,
15188,26241,1.0,NA,,
15192,26261,1.0,NA,,
15192,26261,2.0,LA,,
15192,26261,3.0,EMEA,,
15192,26261,4.0,AP,,
15193,26262,1.0,NA,,
15193,26262,2.0,LA,,
15193,26262,3.0,EMEA,,
15193,26262,4.0,AP,,
15194,26277,1.0,NA,,
15194,26277,2.0,LA,,
15194,26277,3.0,EMEA,,
15194,26277,4.0,AP,,
15196,26278,4.0,AP,,
15197,26279,4.0,AP,,
15198,26280,4.0,AP,,
12537,19335,,,,
12578,19421,,,,
12619,19524,1.0,NA,,
12619,19524,2.0,LA,,
12619,19524,3.0,EMEA,,
12619,19524,4.0,AP,,
12690,19656,1.0,NA,,
12779,19788,1.0,NA,,
12789,19807,,,,
12790,19808,,,,
12835,19851,1.0,NA,,
12841,19857,1.0,NA,,
12905,19941,,,,
13247,20714,1.0,NA,,
13247,20714,2.0,LA,,
13247,20714,3.0,EMEA,,
13247,20714,4.0,AP,,
13305,20819,1.0,NA,,
13306,20820,1.0,NA,,
13353,20936,1.0,NA,,
13353,20936,2.0,LA,,
13353,20936,3.0,EMEA,,
13353,20936,4.0,AP,,
13530,21503,,,,
13558,21632,,,,
13718,22130,1.0,NA,,
13718,22130,2.0,LA,,
13718,22130,3.0,EMEA,,
13718,22130,4.0,AP,,
13900,22719,1.0,NA,,
13946,22876,1.0,NA,,
13976,22977,1.0,NA,,
13976,22977,2.0,LA,,
13976,22977,3.0,EMEA,,
13976,22977,4.0,AP,,
14026,23056,1.0,NA,,
14194,23621,,,,
14200,23627,,,,
14283,23847,,,,
14644,24753,1.0,NA,,
14644,24753,2.0,LA,,
14644,24753,3.0,EMEA,,
14644,24753,4.0,AP,,
14911,25325,1.0,NA,,
14994,25553,1.0,NA,,
14994,25553,2.0,LA,,
14994,25553,3.0,EMEA,,
14994,25553,4.0,AP,,
15014,25582,1.0,NA,,
15016,25595,2.0,LA,,
15204,26286,4.0,AP,,
15207,26289,4.0,AP,,
15208,26290,4.0,AP,,
15210,26292,4.0,AP,,
15211,26293,4.0,AP,,
15220,26302,4.0,AP,,
15222,26304,4.0,AP,,
15223,26305,4.0,AP,,
15224,26306,4.0,AP,,
12379,19120,1.0,NA,,
12391,19136,,,,
12392,19137,,,,
12523,19314,,,,
12524,19315,,,,
12685,19651,1.0,NA,,
12688,19654,1.0,NA,,
13001,20065,,,,
13043,20249,1.0,NA,,
13083,20328,1.0,NA,,
13278,20782,,,,
13288,20797,,,,
13289,20798,,,,
13290,20799,,,,
13423,21179,1.0,NA,,
13423,21179,2.0,LA,,
13423,21179,3.0,EMEA,,
13423,21179,4.0,AP,,
13540,21560,1.0,NA,,
13540,21560,2.0,LA,,
13540,21560,3.0,EMEA,,
13540,21560,4.0,AP,,
13789,22321,,,,
13876,22618,,,,
13981,22982,2.0,LA,30.0,Americana
14121,23293,1.0,NA,,
14121,23293,2.0,LA,,
14121,23293,3.0,EMEA,,
14121,23293,4.0,AP,,
14227,23698,1.0,NA,,
14241,23747,1.0,NA,,
14395,24188,,,,
14436,24280,4.0,AP,,
14442,24300,1.0,NA,,
14442,24300,2.0,LA,,
14442,24300,3.0,EMEA,,
14442,24300,4.0,AP,,
14525,24409,1.0,NA,,
14667,24835,,,,
14668,24836,,,,
14677,24845,,,,
14790,25059,2.0,LA,30.0,Americana
12410,19156,1.0,NA,,
12457,19225,1.0,NA,,
12547,19364,1.0,NA,,
12547,19364,2.0,LA,,
12547,19364,3.0,EMEA,,
12547,19364,4.0,AP,,
12700,19672,1.0,NA,,
12700,19672,2.0,LA,,
12700,19672,3.0,EMEA,,
12700,19672,4.0,AP,,
12761,19771,1.0,NA,,
12761,19771,2.0,LA,,
12761,19771,3.0,EMEA,,
12761,19771,4.0,AP,,
12776,19785,,,,
12782,19793,1.0,NA,,
12782,19793,2.0,LA,,
12782,19793,3.0,EMEA,,
12782,19793,4.0,AP,,
12829,19845,1.0,NA,,
12887,19912,,,,
12913,19952,,,,
13111,20398,,,,
13118,20405,,,,
13132,20419,,,,
13323,20870,,,,
13341,20921,3.0,EMEA,,
13455,21301,1.0,NA,,
13703,22104,,,,
13712,22118,,,,
13721,22133,1.0,NA,,
13721,22133,2.0,LA,,
13721,22133,3.0,EMEA,,
13721,22133,4.0,AP,,
13862,22583,3.0,EMEA,,
13862,22583,4.0,AP,,
13914,22766,1.0,NA,,
13933,22800,,,,
13980,22981,2.0,LA,30.0,Americana
14042,23076,1.0,NA,,
14042,23076,2.0,LA,,
14042,23076,3.0,EMEA,,
14042,23076,4.0,AP,,
14045,23078,3.0,EMEA,,
14054,23103,,,,
14237,23743,1.0,NA,,
14237,23743,2.0,LA,,
14237,23743,3.0,EMEA,,
14237,23743,4.0,AP,,
14329,23983,1.0,NA,,
14329,23983,2.0,LA,,
14329,23983,4.0,AP,,
14387,24148,,,,
14416,24228,,,,
14496,24369,2.0,LA,,
14694,24888,4.0,AP,,
14735,24952,1.0,NA,,
12356,19069,1.0,NA,,
12591,19433,1.0,NA,,
12885,19909,,,,
12928,19964,1.0,NA,,
12928,19964,2.0,LA,,
13016,20204,1.0,NA,,
13016,20204,2.0,LA,,
13016,20204,3.0,EMEA,,
13016,20204,4.0,AP,,
13108,20395,,,,
13188,20555,,,,
13198,20577,1.0,NA,,
13406,21075,1.0,NA,,
13406,21075,2.0,LA,,
13406,21075,3.0,EMEA,,
13406,21075,4.0,AP,,
13453,21298,,,,
13467,21337,1.0,NA,,
13467,21337,2.0,LA,,
13467,21337,4.0,AP,,
13552,21587,1.0,NA,,
13552,21587,2.0,LA,,
13552,21587,3.0,EMEA,,
13552,21587,4.0,AP,,
13554,21590,1.0,NA,,
13555,21591,1.0,NA,,
13779,22306,1.0,NA,,
13798,22340,1.0,NA,,
13798,22340,2.0,LA,,
13798,22340,4.0,AP,,
14010,23026,3.0,EMEA,,
14029,23059,1.0,NA,,
14126,23331,1.0,NA,,
14126,23331,2.0,LA,,
14126,23331,3.0,EMEA,23.0,Adapazari
14126,23331,1.0,NA,,
14126,23331,2.0,LA,,
14126,23331,3.0,EMEA,25.0,Izmit
14222,23685,,,,
14392,24155,1.0,NA,55.0,Chem Bayport
14418,24233,1.0,NA,,
14418,24233,2.0,LA,,
14431,24266,,,,
14611,24665,,,,
14702,24909,,,,
14787,25055,,,,
15149,26138,1.0,NA,,
15149,26138,3.0,EMEA,,
15205,26287,4.0,AP,,
15206,26288,4.0,AP,,
15212,26294,4.0,AP,,
15213,26295,4.0,AP,,
15228,26311,,,,
15229,26312,,,,
15230,26313,,,,
15231,26314,4.0,AP,,
15232,26315,4.0,AP,,
15233,26317,4.0,AP,,
15234,26318,4.0,AP,,
12408,19154,1.0,NA,,
12469,19242,1.0,NA,,
12469,19242,2.0,LA,,
12469,19242,3.0,EMEA,,
12469,19242,4.0,AP,,
12517,19299,1.0,NA,,
12517,19299,2.0,LA,,
12517,19299,3.0,EMEA,,
12517,19299,4.0,AP,,
12632,19550,,,,
12705,19678,1.0,NA,,
12705,19678,2.0,LA,,
12705,19678,3.0,EMEA,,
12705,19678,4.0,AP,,
12732,19709,,,,
13177,20493,,,,
13334,20914,1.0,NA,,
13334,20914,2.0,LA,,
13334,20914,3.0,EMEA,,
13334,20914,4.0,AP,,
13614,21803,,,,
13693,22068,1.0,NA,,
13693,22068,2.0,LA,,
13693,22068,4.0,AP,42.0,Nippon Giant
13693,22068,1.0,NA,,
13693,22068,2.0,LA,,
13693,22068,4.0,AP,46.0,Aurangabad
13693,22068,1.0,NA,,
13693,22068,2.0,LA,,
13693,22068,4.0,AP,100.0,Pulandian
13706,22106,,,,
13707,22107,,,,
13768,22249,,,,
13784,22311,1.0,NA,,
13784,22311,2.0,LA,,
13784,22311,3.0,EMEA,,
13784,22311,4.0,AP,,
13785,22312,,,,
13787,22314,1.0,NA,,
13787,22314,2.0,LA,,
13787,22314,3.0,EMEA,,
13787,22314,4.0,AP,,
13846,22529,1.0,NA,1.0,Danville
13856,22558,1.0,NA,,
13856,22558,2.0,LA,,
13856,22558,3.0,EMEA,,
13856,22558,4.0,AP,,
13878,22638,,,,
13963,22929,,,,
14052,23101,1.0,NA,,
14052,23101,2.0,LA,,
14052,23101,3.0,EMEA,,
14052,23101,4.0,AP,,
14060,23115,1.0,NA,,
14060,23115,2.0,LA,,
14060,23115,4.0,AP,,
14158,23404,1.0,NA,14.0,ICM*A
14242,23748,1.0,NA,,
14242,23748,2.0,LA,,
14242,23748,3.0,EMEA,,
14242,23748,4.0,AP,,
14356,24072,3.0,EMEA,,
14357,24073,3.0,EMEA,,
14481,24352,1.0,NA,,
14481,24352,2.0,LA,,
14481,24352,3.0,EMEA,,
14481,24352,4.0,AP,,
14578,24587,1.0,NA,,
14855,25186,1.0,NA,,
14856,25187,1.0,NA,,
12427,19177,,,,
12511,19290,,,,
12543,19347,,,,
12577,19419,,,,
12639,19567,,,,
12859,19875,1.0,NA,,
12879,19901,,,,
12891,19917,,,,
12926,19963,1.0,NA,,
12926,19963,2.0,LA,,
12926,19963,3.0,EMEA,,
12926,19963,4.0,AP,,
13074,20316,,,,
13087,20332,,,,
13329,20893,,,,
13376,21033,,,,
13427,21185,1.0,NA,,
13483,21415,1.0,NA,,
13483,21415,2.0,LA,,
13483,21415,4.0,AP,,
13484,21416,1.0,NA,,
13484,21416,2.0,LA,,
13484,21416,4.0,AP,,
13674,22035,3.0,EMEA,,
13683,22050,1.0,NA,,
13683,22050,2.0,LA,,
13683,22050,3.0,EMEA,,
13683,22050,4.0,AP,,
13692,22067,1.0,NA,,
13692,22067,2.0,LA,,
13692,22067,3.0,EMEA,,
13692,22067,4.0,AP,,
13716,22128,3.0,EMEA,,
13716,22128,4.0,AP,,
13806,22378,,,,
13966,22937,,,,
13968,22944,1.0,NA,,
14003,23019,3.0,EMEA,,
14004,23020,3.0,EMEA,,
14724,24938,1.0,NA,,
14724,24938,2.0,LA,,
14724,24938,4.0,AP,,
14792,25060,2.0,LA,30.0,Americana
14794,25062,2.0,LA,30.0,Americana
14803,25085,3.0,EMEA,,
14831,25131,,,,
14839,25160,1.0,NA,,
14839,25160,2.0,LA,,
14839,25160,3.0,EMEA,,
14839,25160,4.0,AP,,
14866,25227,,,,
14884,25270,,,,
12487,19264,1.0,NA,,
12681,19640,1.0,NA,,
12778,19787,1.0,NA,,
12858,19874,1.0,NA,,
12894,19930,,,,
12939,19980,,,,
13507,21464,1.0,NA,,
13507,21464,2.0,LA,,
13507,21464,3.0,EMEA,,
13507,21464,4.0,AP,,
13727,22139,1.0,NA,,
13727,22139,2.0,LA,,
13727,22139,3.0,EMEA,,
13727,22139,4.0,AP,,
13984,22996,4.0,AP,,
14016,23046,1.0,NA,,
14051,23095,1.0,NA,,
14051,23095,2.0,LA,,
14051,23095,3.0,EMEA,,
14051,23095,4.0,AP,,
14124,23307,3.0,EMEA,,
14144,23349,,,,
14175,23535,,,,
14384,24130,1.0,NA,,
14384,24130,2.0,LA,,
14384,24130,4.0,AP,,
14467,24340,,,,
14548,24505,1.0,NA,,
14548,24505,2.0,LA,,
14548,24505,3.0,EMEA,,
14548,24505,4.0,AP,,
14551,24508,2.0,LA,,
14551,24508,3.0,EMEA,23.0,Adapazari
14551,24508,4.0,AP,,
14551,24508,2.0,LA,,
14551,24508,3.0,EMEA,25.0,Izmit
14551,24508,4.0,AP,,
14551,24508,2.0,LA,,
14551,24508,3.0,EMEA,,
14551,24508,4.0,AP,100.0,Pulandian
14608,24662,,,,
14710,24917,,,,
14957,25458,,,,
14984,25510,1.0,NA,,
14998,25565,1.0,NA,,
14999,25566,1.0,NA,,
15000,25567,1.0,NA,,
15001,25568,1.0,NA,,
15002,25569,1.0,NA,,
15003,25570,1.0,NA,,
15004,25571,1.0,NA,,
15005,25572,1.0,NA,,
15006,25573,1.0,NA,,
15007,25574,1.0,NA,,
15008,25575,1.0,NA,,
15020,25607,1.0,NA,,
15020,25607,2.0,LA,,
15020,25607,3.0,EMEA,,
15020,25607,4.0,AP,,
15029,25620,1.0,NA,,
15029,25620,2.0,LA,,
15029,25620,3.0,EMEA,,
15029,25620,4.0,AP,,
15033,25624,1.0,NA,,
15033,25624,2.0,LA,,
15033,25624,3.0,EMEA,,
15033,25624,4.0,AP,,
15040,25639,1.0,NA,,
15046,25644,1.0,NA,,
15046,25644,2.0,LA,,
15046,25644,3.0,EMEA,,
15046,25644,4.0,AP,,
12425,19175,,,,
12525,19316,1.0,NA,,
12525,19316,2.0,LA,,
12525,19316,3.0,EMEA,,
12525,19316,4.0,AP,,
12527,19318,3.0,EMEA,,
12550,19366,1.0,NA,,
12550,19366,2.0,LA,,
12550,19366,4.0,AP,,
12557,19372,,,,
12576,19418,,,,
12652,19596,1.0,NA,,
12967,20016,,,,
13006,20095,,,,
13136,20426,,,,
13244,20712,1.0,NA,,
13244,20712,2.0,LA,,
13244,20712,3.0,EMEA,,
13244,20712,4.0,AP,,
13282,20791,,,,
13296,20805,,,,
13546,21576,1.0,NA,,
13546,21576,2.0,LA,,
13627,21860,1.0,NA,,
13627,21860,2.0,LA,,
13627,21860,4.0,AP,,
13748,22197,,,,
13800,22345,1.0,NA,,
13800,22345,2.0,LA,,
13800,22345,3.0,EMEA,,
13800,22345,4.0,AP,,
13801,22346,1.0,NA,,
13801,22346,2.0,LA,,
13801,22346,3.0,EMEA,,
13801,22346,4.0,AP,,
13834,22492,,,,
13868,22604,1.0,NA,,
13868,22604,2.0,LA,,
13868,22604,3.0,EMEA,,
13868,22604,4.0,AP,,
13869,22605,1.0,NA,,
13869,22605,2.0,LA,,
13869,22605,3.0,EMEA,,
13869,22605,4.0,AP,,
13997,23013,,,,
14006,23022,3.0,EMEA,,
14058,23113,,,,
14633,24694,,,,
14648,24796,1.0,NA,,
14648,24796,2.0,LA,,
14648,24796,3.0,EMEA,,
14648,24796,4.0,AP,,
14673,24841,,,,
14778,25044,1.0,NA,,
14778,25044,2.0,LA,,
14778,25044,4.0,AP,,
14781,25048,,,,
14810,25100,,,,
14919,25332,1.0,NA,,
14919,25332,3.0,EMEA,,
14920,25333,1.0,NA,,
14920,25333,3.0,EMEA,,
14945,25404,1.0,NA,,
14945,25404,2.0,LA,,
14945,25404,3.0,EMEA,,
14945,25404,4.0,AP,,
14950,25449,,,,
14974,25488,,,,
15023,25614,1.0,NA,,
15023,25614,2.0,LA,,
15023,25614,3.0,EMEA,,
15023,25614,4.0,AP,,
15037,25628,1.0,NA,,
15037,25628,2.0,LA,,
15037,25628,3.0,EMEA,,
15037,25628,4.0,AP,,
15116,25870,1.0,NA,,
15116,25870,2.0,LA,,
15116,25870,3.0,EMEA,,
15116,25870,4.0,AP,,
12369,19106,3.0,EMEA,27.0,South Africa
12397,19140,,,,
12401,19143,,,,
12409,19155,1.0,NA,,
12529,19319,,,,
12651,19595,1.0,NA,,
12659,19605,,,,
12777,19786,1.0,NA,,
12777,19786,2.0,LA,,
12777,19786,3.0,EMEA,,
12777,19786,4.0,AP,,
12799,19819,,,,
12832,19848,1.0,NA,,
12852,19866,,,,
12890,19916,1.0,NA,,
12890,19916,2.0,LA,,
12890,19916,3.0,EMEA,,
12890,19916,4.0,AP,,
13127,20414,,,,
13224,20680,1.0,NA,,
13226,20682,1.0,NA,,
13238,20702,2.0,LA,,
13392,21051,,,,
13418,21148,,,,
13419,21149,,,,
13462,21331,1.0,NA,,
13462,21331,2.0,LA,,
13462,21331,3.0,EMEA,,
13462,21331,4.0,AP,,
13666,21997,3.0,EMEA,,
13745,22175,1.0,NA,,
13745,22175,2.0,LA,,
13816,22412,,,,
13959,22916,3.0,EMEA,,
13960,22917,3.0,EMEA,,
14317,23952,,,,
14465,24338,,,,
14596,24653,1.0,NA,,
14596,24653,2.0,LA,,
14596,24653,3.0,EMEA,,
14596,24653,4.0,AP,,
14625,24682,3.0,EMEA,,
14761,24990,,,,
14968,25483,,,,
15044,25643,1.0,NA,,
15044,25643,2.0,LA,,
15044,25643,3.0,EMEA,,
15044,25643,4.0,AP,,
15077,25768,,,,
15100,25811,1.0,NA,,
12376,19111,1.0,NA,,
12376,19111,2.0,LA,,
12382,19122,1.0,NA,,
12382,19122,2.0,LA,,
12382,19122,3.0,EMEA,,
12382,19122,4.0,AP,,
12399,19142,,,,
12483,19260,,,,
12657,19602,1.0,NA,,
12662,19608,1.0,NA,,
12662,19608,2.0,LA,,
12662,19608,3.0,EMEA,,
12662,19608,4.0,AP,,
12671,19620,,,,
12787,19805,,,,
12830,19846,1.0,NA,,
12833,19849,1.0,NA,,
12968,20017,,,,
12980,20030,1.0,NA,,
13143,20446,,,,
13144,20447,,,,
13145,20448,,,,
13189,20556,1.0,NA,,
13257,20724,1.0,NA,,
13257,20724,2.0,LA,,
13257,20724,3.0,EMEA,,
13257,20724,4.0,AP,,
13291,20800,,,,
13314,20852,1.0,NA,,
13314,20852,2.0,LA,,
13314,20852,3.0,EMEA,,
13314,20852,4.0,AP,,
13464,21333,1.0,NA,,
13464,21333,2.0,LA,,
13464,21333,3.0,EMEA,,
13464,21333,4.0,AP,,
13690,22066,3.0,EMEA,,
14216,23671,,,,
14343,24002,,,,
14459,24326,,,,
14468,24341,,,,
14601,24658,1.0,NA,,
14601,24658,2.0,LA,,
14601,24658,3.0,EMEA,,
14601,24658,4.0,AP,,
14704,24911,,,,
14720,24929,1.0,NA,,
14720,24929,2.0,LA,,
14720,24929,4.0,AP,,
14769,25019,1.0,NA,,
14769,25019,2.0,LA,,
14769,25019,4.0,AP,,
14861,25197,,,,
14862,25198,,,,
14874,25239,1.0,NA,,
14874,25239,2.0,LA,,
14874,25239,3.0,EMEA,,
14874,25239,4.0,AP,,
14904,25317,2.0,LA,30.0,Americana
14930,25383,1.0,NA,,
14930,25383,3.0,EMEA,,
14962,25469,,,,
14983,25509,1.0,NA,,
14983,25509,2.0,LA,,
14983,25509,3.0,EMEA,,
12593,19452,1.0,NA,,
12593,19452,2.0,LA,,
12593,19452,3.0,EMEA,,
12593,19452,4.0,AP,,
12679,19633,1.0,NA,,
12696,19663,,,,
12785,19803,,,,
12899,19935,,,,
12954,20004,1.0,NA,,
12960,20008,3.0,EMEA,,
13000,20064,,,,
13169,20479,,,,
13212,20620,1.0,NA,,
13212,20620,2.0,LA,,
13212,20620,3.0,EMEA,,
13212,20620,4.0,AP,,
13227,20683,1.0,NA,,
13476,21367,1.0,NA,,
13476,21367,2.0,LA,,
13476,21367,4.0,AP,,
13702,22103,,,,
13788,22315,1.0,NA,,
13788,22315,2.0,LA,,
13788,22315,3.0,EMEA,,
13788,22315,4.0,AP,,
13986,22997,1.0,NA,,
13986,22997,2.0,LA,,
13986,22997,3.0,EMEA,,
13986,22997,4.0,AP,,
14100,23224,,,,
14138,23343,,,,
14198,23625,1.0,NA,,
14198,23625,2.0,LA,,
14198,23625,3.0,EMEA,23.0,Adapazari
14198,23625,4.0,AP,,
14198,23625,1.0,NA,,
14198,23625,2.0,LA,,
14198,23625,3.0,EMEA,25.0,Izmit
14198,23625,4.0,AP,,
14252,23765,1.0,NA,,
14258,23784,1.0,NA,,
14284,23848,,,,
14406,24209,1.0,NA,,
14407,24210,1.0,NA,,
14503,24376,3.0,EMEA,,
14786,25053,,,,
14939,25393,1.0,NA,,
15048,25649,1.0,NA,,
15048,25649,2.0,LA,,
15048,25649,4.0,AP,,
15057,25667,1.0,NA,,
15066,25720,1.0,NA,,
15066,25720,2.0,LA,,
15066,25720,3.0,EMEA,,
15066,25720,4.0,AP,,
15070,25736,,,,
15076,25767,,,,
15082,25773,1.0,NA,,
15082,25773,2.0,LA,,
15082,25773,3.0,EMEA,,
15082,25773,4.0,AP,,
15088,25799,,,,
12371,19107,1.0,NA,,
12375,19110,1.0,NA,,
12375,19110,2.0,LA,,
12461,19227,1.0,NA,,
12461,19227,2.0,LA,,
12461,19227,3.0,EMEA,,
12461,19227,4.0,AP,,
12462,19228,1.0,NA,,
12462,19228,2.0,LA,,
12462,19228,3.0,EMEA,,
12462,19228,4.0,AP,,
12518,19300,2.0,LA,,
12767,19778,,,,
12775,19784,,,,
12822,19839,1.0,NA,,
12822,19839,2.0,LA,,
12822,19839,3.0,EMEA,,
12822,19839,4.0,AP,,
12982,20032,1.0,NA,,
12982,20032,2.0,LA,,
12982,20032,3.0,EMEA,,
12982,20032,4.0,AP,,
12992,20055,1.0,NA,,
12992,20055,2.0,LA,,
12992,20055,3.0,EMEA,,
12992,20055,4.0,AP,,
13034,20241,1.0,NA,,
13034,20241,2.0,LA,,
13034,20241,3.0,EMEA,,
13034,20241,4.0,AP,,
13076,20318,1.0,NA,,
13170,20480,,,,
13506,21462,4.0,AP,,
13578,21697,,,,
13579,21698,1.0,NA,,
13735,22147,1.0,NA,,
13735,22147,2.0,LA,,
13735,22147,3.0,EMEA,,
13735,22147,4.0,AP,,
13747,22196,,,,
13750,22199,1.0,NA,,
13750,22199,2.0,LA,,
13750,22199,4.0,AP,,
13830,22482,,,,
13920,22788,1.0,NA,,
13920,22788,2.0,LA,,
13920,22788,3.0,EMEA,,
13920,22788,4.0,AP,,
13982,22983,2.0,LA,30.0,Americana
14099,23223,1.0,NA,,
14160,23505,1.0,NA,,
14160,23505,2.0,LA,,
14160,23505,3.0,EMEA,,
14160,23505,4.0,AP,,
14294,23894,,,,
14506,24378,3.0,EMEA,,
14556,24514,1.0,NA,,
14556,24514,2.0,LA,,
14556,24514,4.0,AP,,
14656,24813,1.0,NA,,
12365,19103,,,,
12416,19160,1.0,NA,,
12416,19160,2.0,LA,,
12416,19160,3.0,EMEA,,
12416,19160,4.0,AP,,
12445,19206,1.0,NA,,
12445,19206,2.0,LA,,
12445,19206,3.0,EMEA,,
12445,19206,4.0,AP,,
12653,19597,1.0,NA,,
12658,19603,1.0,NA,,
12723,19698,,,,
12813,19832,1.0,NA,,
12813,19832,2.0,LA,,
12813,19832,3.0,EMEA,,
12813,19832,4.0,AP,,
12814,19833,1.0,NA,,
12814,19833,2.0,LA,,
12814,19833,3.0,EMEA,,
12814,19833,4.0,AP,,
12936,19976,,,,
13146,20449,,,,
13609,21798,,,,
13908,22750,3.0,EMEA,,
14025,23055,1.0,NA,,
14077,23156,1.0,NA,,
14077,23156,2.0,LA,,
14077,23156,4.0,AP,,
14098,23222,1.0,NA,,
14106,23230,,,,
14116,23267,1.0,NA,,
14271,23811,1.0,NA,,
14320,23968,1.0,NA,,
14528,24413,1.0,NA,,
14804,25086,3.0,EMEA,,
15158,26148,1.0,NA,,
15158,26148,3.0,EMEA,,
15159,26149,1.0,NA,,
15159,26149,3.0,EMEA,,
15173,26183,1.0,NA,,
15173,26183,2.0,LA,,
15173,26183,3.0,EMEA,,
15173,26183,4.0,AP,,
15238,26322,4.0,AP,,
15239,26323,4.0,AP,,
15240,26324,4.0,AP,,
15241,26325,4.0,AP,,
15242,26326,4.0,AP,,
15243,26327,4.0,AP,,
15244,26328,4.0,AP,,
15245,26329,4.0,AP,,
15248,26332,4.0,AP,,
15249,26333,4.0,AP,,
15250,26334,4.0,AP,,
12426,19176,,,,
12441,19203,1.0,NA,,
12444,19205,1.0,NA,,
12444,19205,2.0,LA,,
12444,19205,3.0,EMEA,,
12444,19205,4.0,AP,,
12451,19216,1.0,NA,,
12451,19216,2.0,LA,,
12451,19216,3.0,EMEA,,
12451,19216,4.0,AP,,
12452,19217,1.0,NA,,
12452,19217,2.0,LA,,
12452,19217,3.0,EMEA,,
12452,19217,4.0,AP,,
12455,19220,,,,
12493,19269,1.0,NA,,
12493,19269,2.0,LA,,
12493,19269,3.0,EMEA,,
12493,19269,4.0,AP,,
12494,19270,3.0,EMEA,,
12494,19270,4.0,AP,,
12495,19271,1.0,NA,,
12495,19271,2.0,LA,,
12495,19271,3.0,EMEA,,
12495,19271,4.0,AP,,
12536,19334,4.0,AP,,
12599,19488,1.0,NA,,
12599,19488,2.0,LA,,
12599,19488,3.0,EMEA,,
12599,19488,4.0,AP,37.0,Malaysia
12599,19488,1.0,NA,,
12599,19488,2.0,LA,,
12599,19488,3.0,EMEA,,
12599,19488,4.0,AP,40.0,Thailand
12599,19488,1.0,NA,,
12599,19488,2.0,LA,,
12599,19488,3.0,EMEA,,
12599,19488,4.0,AP,42.0,Nippon Giant
12599,19488,1.0,NA,,
12599,19488,2.0,LA,,
12599,19488,3.0,EMEA,,
12599,19488,4.0,AP,45.0,Ballabgarh
12599,19488,1.0,NA,,
12599,19488,2.0,LA,,
12599,19488,3.0,EMEA,,
12599,19488,4.0,AP,46.0,Aurangabad
12599,19488,1.0,NA,,
12599,19488,2.0,LA,,
12599,19488,3.0,EMEA,,
12599,19488,4.0,AP,47.0,Indonesia
12643,19571,,,,
12743,19738,,,,
12744,19739,,,,
12762,19772,1.0,NA,,
12762,19772,2.0,LA,,
12762,19772,3.0,EMEA,,
12762,19772,4.0,AP,,
12862,19878,1.0,NA,,
12863,19879,,,,
12869,19885,1.0,NA,,
12878,19900,,,,
12904,19940,,,,
12979,20029,1.0,NA,,
12987,20050,1.0,NA,,
12987,20050,2.0,LA,,
12987,20050,3.0,EMEA,,
12987,20050,4.0,AP,,
13046,20252,1.0,NA,,
13052,20257,,,,
13130,20417,,,,
13184,20525,,,,
13277,20781,,,,
13395,21054,2.0,LA,,
13426,21184,1.0,NA,,
13510,21470,1.0,NA,,
13510,21470,2.0,LA,,
13510,21470,3.0,EMEA,,
13510,21470,4.0,AP,,
13684,22056,1.0,NA,,
13684,22056,2.0,LA,,
13684,22056,4.0,AP,,
13990,23002,1.0,NA,,
13990,23002,2.0,LA,,
13990,23002,3.0,EMEA,,
13990,23002,4.0,AP,,
14074,23149,1.0,NA,,
14074,23149,2.0,LA,,
14074,23149,4.0,AP,,
14084,23166,1.0,NA,,
14084,23166,2.0,LA,,
14084,23166,3.0,EMEA,23.0,Adapazari
14084,23166,4.0,AP,,
14084,23166,1.0,NA,,
14084,23166,2.0,LA,,
14084,23166,3.0,EMEA,25.0,Izmit
14084,23166,4.0,AP,,
14091,23192,1.0,NA,,
14184,23549,,,,
12456,19221,2.0,LA,,
12520,19302,4.0,AP,,
12603,19492,,,,
12610,19512,1.0,NA,,
12719,19694,,,,
12726,19703,,,,
12805,19826,,,,
12828,19844,,,,
12921,19960,1.0,NA,,
13197,20575,,,,
13242,20710,1.0,NA,,
13242,20710,2.0,LA,,
13242,20710,3.0,EMEA,,
13242,20710,4.0,AP,,
13243,20711,1.0,NA,,
13243,20711,2.0,LA,,
13243,20711,3.0,EMEA,,
13243,20711,4.0,AP,,
13249,20716,,,,
13259,20728,,,,
13330,20910,1.0,NA,,
13330,20910,2.0,LA,,
13330,20910,3.0,EMEA,,
13330,20910,4.0,AP,,
13362,20978,1.0,NA,,
13362,20978,2.0,LA,,
13362,20978,3.0,EMEA,,
13362,20978,4.0,AP,,
13415,21099,1.0,NA,,
13415,21099,2.0,LA,,
13415,21099,3.0,EMEA,,
13415,21099,4.0,AP,,
13545,21575,,,,
13549,21584,1.0,NA,,
13958,22915,3.0,EMEA,,
13969,22945,1.0,NA,,
14152,23372,,,,
14338,23997,,,,
14365,24090,,,,
14412,24225,,,,
14434,24273,1.0,NA,,
14434,24273,2.0,LA,,
14434,24273,4.0,AP,,
14444,24303,1.0,NA,,
14444,24303,2.0,LA,,
14444,24303,3.0,EMEA,,
14444,24303,4.0,AP,,
14462,24333,,,,
14509,24388,1.0,NA,,
14509,24388,2.0,LA,,
14509,24388,3.0,EMEA,,
14509,24388,4.0,AP,,
14515,24394,1.0,NA,,
14515,24394,2.0,LA,,
14515,24394,3.0,EMEA,,
14515,24394,4.0,AP,,
14516,24395,1.0,NA,,
14516,24395,2.0,LA,,
14516,24395,3.0,EMEA,,
14516,24395,4.0,AP,,
14562,24532,,,,
14590,24646,1.0,NA,,
14590,24646,2.0,LA,,
14590,24646,3.0,EMEA,,
14590,24646,4.0,AP,,
14623,24680,3.0,EMEA,,
14747,24964,1.0,NA,,
12377,19118,1.0,NA,,
12555,19371,3.0,EMEA,,
12729,19706,,,,
12821,19838,1.0,NA,,
12821,19838,2.0,LA,,
12821,19838,3.0,EMEA,,
12821,19838,4.0,AP,,
12857,19872,,,,
12886,19911,,,,
12918,19957,,,,
12932,19973,1.0,NA,,
12932,19973,2.0,LA,,
12932,19973,3.0,EMEA,,
12932,19973,4.0,AP,,
13310,20834,,,,
13377,21034,,,,
13474,21365,1.0,NA,,
13474,21365,2.0,LA,,
13474,21365,4.0,AP,,
14036,23068,1.0,NA,,
14059,23114,1.0,NA,,
14059,23114,2.0,LA,,
14059,23114,4.0,AP,,
14082,23161,,,,
14115,23266,,,,
14130,23334,1.0,NA,,
14441,24299,,,,
14448,24317,1.0,NA,,
14448,24317,2.0,LA,,
14448,24317,3.0,EMEA,,
14448,24317,4.0,AP,,
14495,24366,1.0,NA,9.0,Medicine Hat
14495,24366,2.0,LA,,
14495,24366,1.0,NA,10.0,Napanee
14495,24366,2.0,LA,,
14495,24366,1.0,NA,11.0,Valleyfield
14495,24366,2.0,LA,,
14538,24446,1.0,NA,,
14538,24446,2.0,LA,,
14538,24446,3.0,EMEA,,
14538,24446,4.0,AP,,
14690,24884,3.0,EMEA,,
14725,24939,1.0,NA,,
14725,24939,2.0,LA,,
14725,24939,4.0,AP,,
14748,24965,1.0,NA,,
14754,24974,,,,
14756,24976,,,,
14796,25067,1.0,NA,,
14796,25067,2.0,LA,,
14796,25067,3.0,EMEA,,
14796,25067,4.0,AP,,
14808,25098,1.0,NA,,
14890,25285,1.0,NA,,
14890,25285,2.0,LA,,
14890,25285,3.0,EMEA,,
14890,25285,4.0,AP,,
14909,25323,1.0,NA,,
14947,25434,,,,
15102,25818,1.0,NA,,
15102,25818,2.0,LA,,
15102,25818,3.0,EMEA,,
15102,25818,4.0,AP,,
12526,19317,3.0,EMEA,,
12582,19427,1.0,NA,,
12582,19427,2.0,LA,,
12582,19427,3.0,EMEA,,
12582,19427,4.0,AP,,
12587,19431,,,,
12605,19495,1.0,NA,,
12605,19495,2.0,LA,,
12605,19495,3.0,EMEA,,
12605,19495,4.0,AP,,
12691,19658,1.0,NA,,
12865,19881,1.0,NA,,
12872,19888,,,,
12874,19890,,,,
12920,19959,,,,
13158,20467,,,,
13166,20476,,,,
13225,20681,1.0,NA,,
13336,20916,3.0,EMEA,,
13349,20932,,,,
13352,20935,,,,
13386,21044,1.0,NA,,
13495,21443,4.0,AP,,
13634,21885,1.0,NA,,
13720,22132,1.0,NA,,
13720,22132,2.0,LA,,
13720,22132,3.0,EMEA,,
13720,22132,4.0,AP,,
13724,22136,1.0,NA,,
13724,22136,2.0,LA,,
13724,22136,3.0,EMEA,,
13724,22136,4.0,AP,,
13729,22141,1.0,NA,,
13729,22141,2.0,LA,,
13729,22141,3.0,EMEA,,
13729,22141,4.0,AP,,
13797,22339,,,,
13857,22559,1.0,NA,,
13857,22559,2.0,LA,,
14040,23075,,,,
14149,23369,1.0,NA,,
14149,23369,2.0,LA,,
14149,23369,3.0,EMEA,,
14149,23369,4.0,AP,,
14471,24343,1.0,NA,,
14471,24343,2.0,LA,,
14471,24343,4.0,AP,,
14501,24374,3.0,EMEA,,
14638,24720,,,,
14665,24833,,,,
14730,24945,1.0,NA,,
14730,24945,2.0,LA,,
14730,24945,3.0,EMEA,,
14730,24945,4.0,AP,,
14958,25459,,,,
14981,25507,,,,
15097,25808,1.0,NA,,
15097,25808,2.0,LA,,
15097,25808,3.0,EMEA,,
15097,25808,4.0,AP,,
15114,25851,1.0,NA,,
15114,25851,2.0,LA,,
15114,25851,3.0,EMEA,,
15114,25851,4.0,AP,,
15169,26170,1.0,NA,,
15251,26335,4.0,AP,,
12423,19168,,,,
12430,19180,,,,
12437,19199,1.0,NA,,
12438,19200,1.0,NA,,
12715,19688,1.0,NA,,
12715,19688,2.0,LA,,
12715,19688,3.0,EMEA,,
12715,19688,4.0,AP,,
12820,19837,1.0,NA,,
12820,19837,2.0,LA,,
12820,19837,3.0,EMEA,,
12820,19837,4.0,AP,,
12908,19947,,,,
12944,19988,1.0,NA,,
12944,19988,2.0,LA,,
12944,19988,3.0,EMEA,,
12944,19988,4.0,AP,,
12986,20049,1.0,NA,,
12986,20049,2.0,LA,,
12986,20049,3.0,EMEA,,
12986,20049,4.0,AP,,
13002,20066,,,,
13128,20415,,,,
13133,20420,,,,
13171,20481,,,,
13206,20601,1.0,NA,,
13218,20644,,,,
13355,20939,1.0,NA,,
13355,20939,2.0,LA,,
13355,20939,3.0,EMEA,,
13355,20939,4.0,AP,,
13364,20998,3.0,EMEA,,
13383,21041,,,,
13482,21414,,,,
13501,21455,1.0,NA,,
13501,21455,2.0,LA,,
13501,21455,4.0,AP,,
13534,21532,,,,
13620,21809,,,,
13624,21835,1.0,NA,,
13625,21836,1.0,NA,,
13645,21929,,,,
13646,21930,,,,
13713,22119,1.0,NA,,
13836,22500,,,,
14127,23332,1.0,NA,,
14127,23332,2.0,LA,,
14127,23332,4.0,AP,,
14199,23626,,,,
14220,23683,1.0,NA,,
14244,23750,1.0,NA,,
14244,23750,2.0,LA,,
14244,23750,3.0,EMEA,,
14244,23750,4.0,AP,,
12368,19105,3.0,EMEA,27.0,South Africa
12403,19146,1.0,NA,,
12403,19146,2.0,LA,,
12403,19146,3.0,EMEA,,
12403,19146,4.0,AP,,
12519,19301,,,,
12534,19332,4.0,AP,,
12535,19333,4.0,AP,,
12733,19710,,,,
12866,19882,,,,
12868,19884,1.0,NA,,
12882,19906,,,,
12900,19936,,,,
13004,20068,1.0,NA,1.0,Danville
13004,20068,1.0,NA,2.0,Gadsden
13004,20068,1.0,NA,3.0,Topeka
13004,20068,1.0,NA,5.0,Fayetteville
13004,20068,1.0,NA,8.0,Lawton
13004,20068,1.0,NA,10.0,Napanee
13004,20068,1.0,NA,11.0,Valleyfield
13004,20068,1.0,NA,13.0,Social Circle
13004,20068,1.0,NA,14.0,ICM*A
13004,20068,1.0,NA,16.0,Buffalo / Tonawanda
13004,20068,1.0,NA,32.0,Chile
13004,20068,1.0,NA,55.0,Chem Bayport
13004,20068,1.0,NA,56.0,Chem Beaumont
13004,20068,1.0,NA,57.0,Chem Houston
13004,20068,1.0,NA,58.0,Chem Niagara Falls
13004,20068,1.0,NA,120.0,NA-LA-AP Except AIRCRAFT
13004,20068,1.0,NA,140.0,Other
13021,20208,1.0,NA,,
13067,20292,3.0,EMEA,,
13109,20396,,,,
13193,20563,,,,
13536,21533,1.0,NA,,
13543,21563,1.0,NA,,
13601,21790,,,,
13638,21900,1.0,NA,,
13641,21925,1.0,NA,,
13641,21925,2.0,LA,,
13641,21925,3.0,EMEA,,
13641,21925,4.0,AP,,
13667,21998,3.0,EMEA,,
13722,22134,1.0,NA,,
13722,22134,2.0,LA,,
13722,22134,3.0,EMEA,,
13722,22134,4.0,AP,,
13738,22150,1.0,NA,,
13738,22150,2.0,LA,,
13738,22150,3.0,EMEA,,
13738,22150,4.0,AP,,
13991,23003,1.0,NA,,
13991,23003,2.0,LA,,
13991,23003,3.0,EMEA,,
13991,23003,4.0,AP,,
14096,23217,,,,
14166,23526,,,,
14232,23708,1.0,NA,,
14302,23909,1.0,NA,,
14490,24360,,,,
14573,24582,4.0,AP,,
14575,24584,1.0,NA,,
14630,24687,,,,
14770,25024,1.0,NA,,
14789,25058,3.0,EMEA,,
14921,25334,1.0,NA,,
14921,25334,3.0,EMEA,,
14949,25440,,,,
12429,19179,,,,
12454,19219,1.0,NA,,
12454,19219,2.0,LA,,
12454,19219,3.0,EMEA,,
12454,19219,4.0,AP,,
12471,19244,3.0,EMEA,,
12573,19413,,,,
12641,19569,1.0,NA,,
12641,19569,2.0,LA,,
12641,19569,3.0,EMEA,,
12641,19569,4.0,AP,,
12711,19684,1.0,NA,,
12711,19684,2.0,LA,,
12711,19684,3.0,EMEA,,
12725,19702,,,,
12742,19736,1.0,NA,,
12742,19736,2.0,LA,,
12742,19736,3.0,EMEA,,
12742,19736,4.0,AP,,
12770,19780,1.0,NA,,
12912,19951,,,,
12914,19953,,,,
12919,19958,,,,
12929,19965,1.0,NA,,
12929,19965,2.0,LA,,
12948,19999,1.0,NA,,
12970,20019,,,,
12995,20059,,,,
13032,20235,1.0,NA,,
13236,20701,,,,
13267,20769,,,,
13270,20772,1.0,NA,,
13270,20772,2.0,LA,,
13270,20772,3.0,EMEA,,
13270,20772,4.0,AP,,
13295,20804,,,,
13322,20869,,,,
13324,20872,,,,
13347,20930,,,,
13348,20931,1.0,NA,,
13348,20931,2.0,LA,,
13348,20931,3.0,EMEA,,
13348,20931,4.0,AP,,
13394,21053,1.0,NA,,
13394,21053,2.0,LA,,
13394,21053,3.0,EMEA,,
13394,21053,4.0,AP,,
13444,21285,,,,
13588,21709,,,,
13589,21710,,,,
13603,21792,1.0,NA,,
13604,21793,,,,
13632,21883,1.0,NA,,
13732,22144,1.0,NA,,
13732,22144,2.0,LA,,
13732,22144,3.0,EMEA,,
13732,22144,4.0,AP,,
12485,19261,,,,
12562,19395,,,,
12579,19422,1.0,NA,,
12579,19422,2.0,LA,,
12589,19432,1.0,NA,,
12589,19432,2.0,LA,,
12589,19432,3.0,EMEA,,
12589,19432,4.0,AP,,
12675,19625,1.0,NA,,
12675,19625,2.0,LA,,
12675,19625,3.0,EMEA,,
12675,19625,4.0,AP,,
12692,19659,1.0,NA,,
12745,19757,1.0,NA,,
12978,20028,1.0,NA,,
12978,20028,2.0,LA,,
12978,20028,3.0,EMEA,,
12978,20028,4.0,AP,,
13069,20302,1.0,NA,,
13155,20465,,,,
13196,20574,,,,
13207,20602,1.0,NA,,
13276,20780,,,,
13475,21366,1.0,NA,,
13475,21366,2.0,LA,,
13475,21366,4.0,AP,,
13505,21459,,,,
13515,21474,1.0,NA,,
13594,21753,1.0,NA,,
13594,21753,2.0,LA,,
13594,21753,4.0,AP,,
13642,21926,1.0,NA,,
13642,21926,2.0,LA,,
13642,21926,3.0,EMEA,,
13642,21926,4.0,AP,,
13648,21933,1.0,NA,,
13648,21933,2.0,LA,,
13648,21933,3.0,EMEA,,
13648,21933,4.0,AP,,
13744,22174,1.0,NA,,
13744,22174,2.0,LA,,
14095,23214,,,,
14146,23366,,,,
14208,23647,,,,
14210,23661,,,,
14360,24081,1.0,NA,,
14396,24189,1.0,NA,,
14396,24189,2.0,LA,30.0,Americana
14396,24189,3.0,EMEA,,
14396,24189,4.0,AP,,
14427,24258,,,,
14433,24269,,,,
14649,24797,1.0,NA,,
14649,24797,2.0,LA,,
14649,24797,3.0,EMEA,,
14649,24797,4.0,AP,,
14650,24798,1.0,NA,,
14650,24798,2.0,LA,,
14650,24798,3.0,EMEA,,
14650,24798,4.0,AP,,
14692,24886,,,,
14738,24955,1.0,NA,,
14740,24957,1.0,NA,,
14740,24957,2.0,LA,,
14740,24957,3.0,EMEA,,
14740,24957,4.0,AP,,
14865,25212,1.0,NA,,
14865,25212,2.0,LA,,
14865,25212,4.0,AP,,
14912,25326,1.0,NA,,
12367,19104,3.0,EMEA,,
12467,19237,1.0,NA,,
12477,19253,,,,
12503,19281,1.0,NA,,
12503,19281,2.0,LA,,
12503,19281,3.0,EMEA,,
12503,19281,4.0,AP,,
12516,19298,1.0,NA,,
12620,19525,1.0,NA,,
12620,19525,2.0,LA,,
12620,19525,3.0,EMEA,,
12620,19525,4.0,AP,,
12797,19818,,,,
12876,19894,1.0,NA,,
12910,19949,,,,
13106,20393,,,,
13151,20461,,,,
13220,20665,,,,
13368,21001,1.0,NA,,
13372,21026,1.0,NA,,
13442,21282,,,,
13447,21288,,,,
13449,21291,,,,
13460,21311,1.0,NA,,
13460,21311,2.0,LA,,
13460,21311,3.0,EMEA,,
13460,21311,4.0,AP,,
13472,21356,,,,
13577,21696,1.0,NA,,
13680,22048,,,,
13733,22145,1.0,NA,,
13733,22145,2.0,LA,,
13733,22145,3.0,EMEA,,
13733,22145,4.0,AP,,
13832,22484,,,,
13903,22733,1.0,NA,,
13903,22733,2.0,LA,,
13903,22733,3.0,EMEA,,
13903,22733,4.0,AP,,
14031,23061,1.0,NA,,
14156,23391,1.0,NA,,
14156,23391,2.0,LA,,
14156,23391,3.0,EMEA,23.0,Adapazari
14156,23391,4.0,AP,,
14156,23391,1.0,NA,,
14156,23391,2.0,LA,,
14156,23391,3.0,EMEA,25.0,Izmit
14156,23391,4.0,AP,,
14195,23622,,,,
14233,23709,1.0,NA,,
14275,23838,,,,
14332,23987,1.0,NA,,
14332,23987,2.0,LA,,
14332,23987,4.0,AP,,
14348,24061,1.0,NA,,
14348,24061,2.0,LA,,
14348,24061,4.0,AP,,
14388,24149,1.0,NA,,
14388,24149,2.0,LA,,
14388,24149,3.0,EMEA,,
14388,24149,4.0,AP,,
14389,24150,,,,
12453,19218,1.0,NA,,
12453,19218,2.0,LA,,
12453,19218,3.0,EMEA,,
12453,19218,4.0,AP,,
12561,19394,,,,
12569,19407,,,,
12609,19511,1.0,NA,,
12747,19760,1.0,NA,,
12786,19804,,,,
12838,19854,1.0,NA,,
12950,20000,1.0,NA,,
12950,20000,2.0,LA,,
12950,20000,3.0,EMEA,,
12950,20000,4.0,AP,,
12981,20031,1.0,NA,,
13105,20392,,,,
13113,20400,,,,
13129,20416,,,,
13154,20464,,,,
13191,20558,,,,
13194,20572,,,,
13200,20591,,,,
13326,20873,,,,
13434,21241,1.0,NA,,
13436,21268,1.0,NA,,
13436,21268,2.0,LA,,
13436,21268,3.0,EMEA,23.0,Adapazari
13436,21268,4.0,AP,,
13436,21268,1.0,NA,,
13436,21268,2.0,LA,,
13436,21268,3.0,EMEA,25.0,Izmit
13436,21268,4.0,AP,,
13490,21438,1.0,NA,,
13490,21438,2.0,LA,,
13490,21438,3.0,EMEA,,
13490,21438,4.0,AP,,
13498,21445,,,,
13542,21562,1.0,NA,,
13647,21932,,,,
13661,21981,,,,
13676,22037,3.0,EMEA,,
13710,22117,1.0,NA,,
13710,22117,2.0,LA,,
13710,22117,3.0,EMEA,,
13710,22117,4.0,AP,,
13842,22517,,,,
13844,22519,,,,
14072,23132,1.0,NA,,
14072,23132,2.0,LA,,
14072,23132,4.0,AP,,
14078,23157,1.0,NA,,
14103,23227,,,,
14173,23533,,,,
14174,23534,,,,
14204,23631,,,,
12362,19099,3.0,EMEA,,
12431,19181,1.0,NA,,
12431,19181,3.0,EMEA,,
12432,19182,1.0,NA,,
12432,19182,3.0,EMEA,,
12449,19210,1.0,NA,,
12449,19210,2.0,LA,,
12449,19210,3.0,EMEA,,
12449,19210,4.0,AP,,
12508,19285,,,,
12663,19613,1.0,NA,,
12806,19828,2.0,LA,,
12884,19908,,,,
13019,20206,1.0,NA,,
13025,20212,1.0,NA,,
13042,20248,1.0,NA,,
13080,20324,1.0,NA,,
13080,20324,2.0,LA,,
13080,20324,3.0,EMEA,,
13080,20324,4.0,AP,,
13084,20329,,,,
13120,20407,,,,
13235,20698,1.0,NA,,
13235,20698,2.0,LA,,
13235,20698,3.0,EMEA,,
13235,20698,4.0,AP,,
13388,21046,1.0,NA,,
13414,21098,1.0,NA,,
13654,21947,1.0,NA,,
13783,22310,1.0,NA,,
13783,22310,2.0,LA,,
13783,22310,3.0,EMEA,,
13783,22310,4.0,AP,,
13866,22597,,,,
13873,22614,1.0,NA,,
13873,22614,2.0,LA,,
13873,22614,3.0,EMEA,,
13873,22614,4.0,AP,,
13950,22880,1.0,NA,,
13951,22881,1.0,NA,,
13952,22882,1.0,NA,,
13953,22883,1.0,NA,,
13954,22884,1.0,NA,,
13955,22885,1.0,NA,,
13974,22973,,,,
13975,22974,,,,
13987,22999,1.0,NA,,
13987,22999,2.0,LA,,
13987,22999,3.0,EMEA,,
13987,22999,4.0,AP,,
14000,23016,3.0,EMEA,,
14032,23062,1.0,NA,,
14033,23063,1.0,NA,,
14033,23063,2.0,LA,,
14033,23063,3.0,EMEA,,
14033,23063,4.0,AP,,
14046,23079,3.0,EMEA,,
14067,23128,,,,
14068,23129,,,,
14086,23173,1.0,NA,,
12358,19071,1.0,NA,,
12361,19098,1.0,NA,,
12361,19098,2.0,LA,,
12361,19098,3.0,EMEA,,
12361,19098,4.0,AP,,
12393,19138,,,,
12413,19158,1.0,NA,,
12464,19235,1.0,NA,,
12530,19320,,,,
12565,19403,1.0,NA,,
12565,19403,2.0,LA,,
12565,19403,4.0,AP,,
12621,19526,1.0,NA,,
12621,19526,2.0,LA,,
12621,19526,3.0,EMEA,,
12621,19526,4.0,AP,,
12667,19616,1.0,NA,,
12667,19616,2.0,LA,,
12667,19616,3.0,EMEA,,
12667,19616,4.0,AP,,
12689,19655,1.0,NA,,
12826,19842,,,,
12840,19856,1.0,NA,,
12850,19865,,,,
13003,20067,1.0,NA,,
13003,20067,2.0,LA,,
13003,20067,4.0,AP,,
13280,20789,,,,
13294,20803,,,,
13300,20812,,,,
13328,20892,1.0,NA,,
13328,20892,2.0,LA,,
13328,20892,3.0,EMEA,,
13328,20892,4.0,AP,,
13650,21936,,,,
13660,21980,,,,
13687,22060,1.0,NA,,
13687,22060,2.0,LA,,
13687,22060,3.0,EMEA,,
13687,22060,4.0,AP,,
13872,22613,3.0,EMEA,,
13874,22615,3.0,EMEA,,
14005,23021,3.0,EMEA,,
14050,23094,,,,
14062,23123,1.0,NA,,
14064,23126,,,,
14085,23169,,,,
14109,23239,1.0,NA,,
14148,23368,1.0,NA,,
14148,23368,2.0,LA,,
14148,23368,3.0,EMEA,,
14148,23368,4.0,AP,,
14182,23541,1.0,NA,,
14182,23541,2.0,LA,,
14182,23541,3.0,EMEA,,
14182,23541,4.0,AP,,
14228,23700,1.0,NA,,
14228,23700,2.0,LA,,
14228,23700,3.0,EMEA,,
14228,23700,4.0,AP,42.0,Nippon Giant
14268,23808,1.0,NA,,
14268,23808,2.0,LA,,
14268,23808,4.0,AP,,
12381,19121,1.0,NA,,
12381,19121,2.0,LA,,
12381,19121,3.0,EMEA,,
12381,19121,4.0,AP,,
12384,19124,1.0,NA,,
12384,19124,2.0,LA,,
12384,19124,3.0,EMEA,,
12384,19124,4.0,AP,,
12435,19196,,,,
12479,19258,1.0,NA,,
12479,19258,2.0,LA,,
12479,19258,3.0,EMEA,,
12479,19258,4.0,AP,,
12594,19453,1.0,NA,,
12594,19453,2.0,LA,,
12594,19453,3.0,EMEA,,
12594,19453,4.0,AP,,
12630,19547,,,,
12648,19589,1.0,NA,,
12676,19626,1.0,NA,,
12676,19626,2.0,LA,,
12676,19626,3.0,EMEA,,
12676,19626,4.0,AP,,
12714,19687,1.0,NA,,
12714,19687,2.0,LA,,
12714,19687,3.0,EMEA,,
12714,19687,4.0,AP,,
12795,19815,,,,
12847,19863,1.0,NA,,
12847,19863,2.0,LA,,
12847,19863,4.0,AP,,
13082,20327,1.0,NA,,
13086,20331,,,,
13178,20494,,,,
13292,20801,,,,
13346,20929,1.0,NA,,
13346,20929,2.0,LA,,
13346,20929,3.0,EMEA,,
13346,20929,4.0,AP,,
13350,20933,,,,
13454,21300,1.0,NA,,
13694,22070,1.0,NA,,
13694,22070,2.0,LA,,
13756,22217,4.0,AP,,
13796,22338,1.0,NA,,
13796,22338,2.0,LA,,
13796,22338,4.0,AP,,
13808,22391,,,,
13810,22393,1.0,NA,,
13810,22393,2.0,LA,,
13810,22393,3.0,EMEA,,
13810,22393,4.0,AP,,
13898,22710,1.0,NA,9.0,Medicine Hat
13898,22710,2.0,LA,,
13898,22710,3.0,EMEA,,
13898,22710,4.0,AP,,
13898,22710,1.0,NA,10.0,Napanee
13898,22710,2.0,LA,,
13898,22710,3.0,EMEA,,
13898,22710,4.0,AP,,
13898,22710,1.0,NA,11.0,Valleyfield
13898,22710,2.0,LA,,
13898,22710,3.0,EMEA,,
13898,22710,4.0,AP,,
13898,22710,1.0,NA,,
13898,22710,2.0,LA,,
13898,22710,3.0,EMEA,23.0,Adapazari
13898,22710,4.0,AP,,
13898,22710,1.0,NA,,
13898,22710,2.0,LA,,
13898,22710,3.0,EMEA,25.0,Izmit
13898,22710,4.0,AP,,
13898,22710,1.0,NA,,
13898,22710,2.0,LA,,
13898,22710,3.0,EMEA,,
13898,22710,4.0,AP,42.0,Nippon Giant
13898,22710,1.0,NA,,
13898,22710,2.0,LA,,
13898,22710,3.0,EMEA,,
13898,22710,4.0,AP,47.0,Indonesia
13898,22710,1.0,NA,58.0,Chem Niagara Falls
13898,22710,2.0,LA,,
13898,22710,3.0,EMEA,,
13898,22710,4.0,AP,,
13898,22710,1.0,NA,,
13898,22710,2.0,LA,,
13898,22710,3.0,EMEA,,
13898,22710,4.0,AP,100.0,Pulandian
13956,22886,1.0,NA,,
14071,23131,1.0,NA,,
14071,23131,2.0,LA,,
14071,23131,4.0,AP,,
14163,23511,1.0,NA,,
14163,23511,2.0,LA,,
14163,23511,3.0,EMEA,,
14163,23511,4.0,AP,,
14188,23589,,,,
14255,23771,1.0,NA,,
14255,23771,2.0,LA,,
14255,23771,3.0,EMEA,,
14255,23771,4.0,AP,,
14351,24064,,,,
14426,24257,1.0,NA,,
14426,24257,2.0,LA,,
14426,24257,4.0,AP,,
14446,24309,1.0,NA,,
14452,24319,1.0,NA,,
12357,19070,1.0,NA,,
12551,19368,1.0,NA,,
12551,19368,2.0,LA,,
12551,19368,3.0,EMEA,,
12551,19368,4.0,AP,,
12572,19410,,,,
12637,19564,,,,
12645,19585,1.0,NA,,
12734,19711,,,,
12749,19761,,,,
12771,19781,1.0,NA,,
12870,19886,1.0,NA,,
12941,19984,,,,
13020,20207,1.0,NA,,
13026,20217,,,,
13174,20485,,,,
13199,20578,1.0,NA,,
13256,20723,1.0,NA,,
13256,20723,2.0,LA,,
13256,20723,3.0,EMEA,,
13256,20723,4.0,AP,,
13358,20952,1.0,NA,,
13391,21050,,,,
13417,21146,1.0,NA,,
13480,21394,1.0,NA,,
13480,21394,2.0,LA,,
13480,21394,3.0,EMEA,,
13480,21394,4.0,AP,,
13481,21395,1.0,NA,,
13481,21395,2.0,LA,,
13628,21870,,,,
13635,21886,1.0,NA,,
13678,22043,,,,
13753,22202,,,,
13780,22307,1.0,NA,,
13825,22478,1.0,NA,10.0,Napanee
13825,22478,2.0,LA,,
13825,22478,3.0,EMEA,,
13825,22478,4.0,AP,,
13827,22480,2.0,LA,,
13827,22480,3.0,EMEA,,
13827,22480,4.0,AP,,
13947,22877,1.0,NA,,
13948,22878,1.0,NA,,
13949,22879,1.0,NA,,
13972,22961,1.0,NA,,
13988,23000,1.0,NA,,
13988,23000,2.0,LA,,
13988,23000,3.0,EMEA,,
13988,23000,4.0,AP,,
13998,23014,3.0,EMEA,,
12415,19159,1.0,NA,,
12415,19159,2.0,LA,,
12415,19159,3.0,EMEA,,
12415,19159,4.0,AP,,
12422,19166,,,,
12545,19355,1.0,NA,,
12545,19355,2.0,LA,,
12545,19355,3.0,EMEA,,
12545,19355,4.0,AP,,
12677,19627,,,,
12717,19692,,,,
12788,19806,,,,
12861,19877,1.0,NA,,
12931,19967,,,,
12988,20051,1.0,NA,,
12988,20051,2.0,LA,,
12988,20051,3.0,EMEA,,
12988,20051,4.0,AP,,
13018,20205,1.0,NA,,
13167,20477,,,,
13380,21039,1.0,NA,,
13396,21064,,,,
13512,21471,,,,
13522,21495,,,,
13584,21703,1.0,NA,,
13636,21889,1.0,NA,,
13636,21889,2.0,LA,,
13636,21889,3.0,EMEA,,
13636,21889,4.0,AP,,
13704,22105,3.0,EMEA,,
13762,22230,1.0,NA,,
13894,22686,1.0,NA,,
13905,22745,1.0,NA,,
13905,22745,2.0,LA,,
13905,22745,4.0,AP,,
13993,23005,1.0,NA,,
13993,23005,2.0,LA,,
13993,23005,3.0,EMEA,,
13993,23005,4.0,AP,,
13996,23012,1.0,NA,,
13996,23012,2.0,LA,,
13996,23012,4.0,AP,,
14028,23058,1.0,NA,,
14070,23130,1.0,NA,,
14070,23130,2.0,LA,,
14070,23130,4.0,AP,,
14101,23225,,,,
14150,23370,1.0,NA,,
14150,23370,2.0,LA,,
14150,23370,3.0,EMEA,,
14150,23370,4.0,AP,,
14202,23629,,,,
14218,23672,,,,
14251,23764,1.0,NA,,
14251,23764,2.0,LA,,
14251,23764,3.0,EMEA,,
14251,23764,4.0,AP,,
12383,19123,1.0,NA,,
12383,19123,2.0,LA,,
12383,19123,3.0,EMEA,,
12383,19123,4.0,AP,,
12447,19209,2.0,LA,30.0,Americana
12592,19434,1.0,NA,,
12592,19434,2.0,LA,,
12592,19434,3.0,EMEA,,
12592,19434,4.0,AP,,
12661,19607,1.0,NA,,
12661,19607,2.0,LA,,
12661,19607,3.0,EMEA,,
12661,19607,4.0,AP,,
12731,19708,,,,
12845,19861,1.0,NA,,
12845,19861,2.0,LA,,
12845,19861,3.0,EMEA,,
12845,19861,4.0,AP,,
12976,20027,,,,
13075,20317,,,,
13100,20382,,,,
13150,20460,,,,
13302,20813,,,,
13363,20979,1.0,NA,,
13363,20979,2.0,LA,,
13363,20979,3.0,EMEA,,
13363,20979,4.0,AP,,
13384,21042,1.0,NA,,
13440,21276,3.0,EMEA,,
13456,21302,1.0,NA,,
13586,21705,1.0,NA,,
13682,22049,1.0,NA,,
13682,22049,2.0,LA,,
13682,22049,3.0,EMEA,,
13682,22049,4.0,AP,,
13686,22059,1.0,NA,,
13686,22059,2.0,LA,,
13686,22059,4.0,AP,,
13708,22108,,,,
13758,22222,3.0,EMEA,,
13766,22244,,,,
13944,22869,,,,
14104,23228,,,,
14118,23289,1.0,NA,,
14167,23527,,,,
14172,23532,,,,
14231,23707,1.0,NA,,
14393,24156,1.0,NA,1.0,Danville
14393,24156,2.0,LA,,
14393,24156,3.0,EMEA,,
14393,24156,4.0,AP,,
14511,24390,1.0,NA,,
14511,24390,2.0,LA,,
14511,24390,3.0,EMEA,,
14511,24390,4.0,AP,,
14512,24391,1.0,NA,,
14512,24391,2.0,LA,,
14512,24391,3.0,EMEA,,
14512,24391,4.0,AP,,
14513,24392,1.0,NA,,
14513,24392,2.0,LA,,
14513,24392,3.0,EMEA,,
14513,24392,4.0,AP,,
14514,24393,1.0,NA,,
14514,24393,2.0,LA,,
14514,24393,3.0,EMEA,,
14514,24393,4.0,AP,,
14517,24396,1.0,NA,,
14517,24396,2.0,LA,,
14517,24396,3.0,EMEA,,
14517,24396,4.0,AP,,
14518,24397,1.0,NA,,
14518,24397,2.0,LA,,
14518,24397,3.0,EMEA,,
14518,24397,4.0,AP,,
14622,24679,3.0,EMEA,,
14661,24829,,,,
14802,25084,3.0,EMEA,,
12468,19238,1.0,NA,,
12499,19277,,,,
12539,19339,1.0,NA,,
12539,19339,2.0,LA,,
12539,19339,3.0,EMEA,23.0,Adapazari
12539,19339,4.0,AP,,
12539,19339,1.0,NA,,
12539,19339,2.0,LA,,
12539,19339,3.0,EMEA,25.0,Izmit
12539,19339,4.0,AP,,
12581,19426,1.0,NA,,
12581,19426,2.0,LA,,
12581,19426,3.0,EMEA,,
12581,19426,4.0,AP,,
12646,19587,1.0,NA,,
12801,19823,4.0,AP,,
12812,19831,1.0,NA,,
12812,19831,2.0,LA,,
12812,19831,3.0,EMEA,,
12812,19831,4.0,AP,,
12815,19834,1.0,NA,,
12815,19834,2.0,LA,,
12815,19834,4.0,AP,,
12816,19835,1.0,NA,,
12816,19835,2.0,LA,,
12816,19835,3.0,EMEA,,
12816,19835,4.0,AP,,
12824,19841,1.0,NA,,
12824,19841,2.0,LA,,
12824,19841,3.0,EMEA,,
12824,19841,4.0,AP,,
12844,19860,1.0,NA,,
12844,19860,2.0,LA,,
12844,19860,3.0,EMEA,,
12844,19860,4.0,AP,,
13066,20291,3.0,EMEA,,
13085,20330,,,,
13090,20352,,,,
13094,20361,,,,
13104,20391,,,,
13107,20394,,,,
13115,20402,,,,
13272,20775,,,,
13293,20802,,,,
13356,20941,1.0,NA,,
13356,20941,2.0,LA,,
13360,20953,,,,
13430,21188,1.0,NA,,
13430,21188,2.0,LA,30.0,Americana
13568,21671,,,,
13626,21858,1.0,NA,,
13640,21924,1.0,NA,,
13640,21924,2.0,LA,,
13640,21924,3.0,EMEA,,
13640,21924,4.0,AP,,
13644,21928,1.0,NA,,
13644,21928,2.0,LA,,
13644,21928,3.0,EMEA,,
13644,21928,4.0,AP,,
13685,22058,1.0,NA,,
13685,22058,2.0,LA,,
13685,22058,4.0,AP,,
13818,22451,1.0,NA,,
13818,22451,2.0,LA,,
13818,22451,3.0,EMEA,,
13818,22451,4.0,AP,,
13910,22760,1.0,NA,,
13978,22979,,,,
12642,19570,1.0,NA,,
12803,19825,,,,
12810,19830,,,,
12953,20003,1.0,NA,,
13123,20410,,,,
13161,20471,,,,
13165,20475,,,,
13190,20557,,,,
13202,20596,1.0,NA,,
13214,20628,1.0,NA,,
13214,20628,2.0,LA,,
13214,20628,3.0,EMEA,,
13214,20628,4.0,AP,,
13285,20794,,,,
13304,20817,1.0,NA,,
13452,21297,1.0,NA,,
13452,21297,2.0,LA,,
13452,21297,4.0,AP,,
13465,21334,1.0,NA,,
13465,21334,2.0,LA,,
13465,21334,3.0,EMEA,,
13465,21334,4.0,AP,,
13502,21456,1.0,NA,,
13502,21456,2.0,LA,,
13502,21456,4.0,AP,,
13730,22142,1.0,NA,,
13730,22142,2.0,LA,,
13730,22142,3.0,EMEA,,
13730,22142,4.0,AP,,
13746,22195,1.0,NA,,
13746,22195,2.0,LA,,
13746,22195,4.0,AP,,
13781,22308,1.0,NA,,
13802,22361,1.0,NA,,
13802,22361,2.0,LA,,
13803,22362,1.0,NA,,
13803,22362,2.0,LA,,
13901,22720,1.0,NA,,
14001,23017,3.0,EMEA,,
14053,23102,1.0,NA,,
14053,23102,2.0,LA,,
14053,23102,3.0,EMEA,,
14053,23102,4.0,AP,,
14102,23226,1.0,NA,,
14102,23226,2.0,LA,,
14102,23226,4.0,AP,,
14133,23337,1.0,NA,,
14196,23623,,,,
14262,23797,,,,
14340,23999,1.0,NA,,
14340,23999,2.0,LA,,
14340,23999,3.0,EMEA,,
14340,23999,4.0,AP,,
14423,24239,,,,
14428,24259,,,,
14429,24260,,,,
14447,24311,4.0,AP,,
12546,19356,3.0,EMEA,,
12823,19840,1.0,NA,,
12823,19840,2.0,LA,,
12823,19840,3.0,EMEA,,
12823,19840,4.0,AP,,
12846,19862,1.0,NA,,
12846,19862,2.0,LA,,
12846,19862,3.0,EMEA,,
12846,19862,4.0,AP,,
12888,19913,,,,
12957,20006,4.0,AP,,
12958,20007,4.0,AP,,
12984,20046,1.0,NA,,
12984,20046,2.0,LA,,
12984,20046,3.0,EMEA,,
12984,20046,4.0,AP,,
13179,20495,1.0,NA,,
13208,20603,1.0,NA,,
13416,21145,1.0,NA,,
13489,21437,1.0,NA,,
13489,21437,2.0,LA,,
13489,21437,3.0,EMEA,,
13489,21437,4.0,AP,,
13537,21534,1.0,NA,,
13566,21662,,,,
13623,21834,1.0,NA,,
13794,22336,1.0,NA,,
13794,22336,2.0,LA,,
13794,22336,4.0,AP,,
13885,22652,1.0,NA,,
13885,22652,2.0,LA,,
13885,22652,3.0,EMEA,,
13885,22652,4.0,AP,,
13890,22678,1.0,NA,,
13890,22678,2.0,LA,,
13890,22678,4.0,AP,,
13918,22774,1.0,NA,,
13964,22932,1.0,NA,,
14092,23197,1.0,NA,,
14113,23260,1.0,NA,,
14113,23260,2.0,LA,,
14113,23260,3.0,EMEA,,
14113,23260,4.0,AP,,
14296,23897,,,,
14328,23982,1.0,NA,,
14328,23982,2.0,LA,,
14328,23982,4.0,AP,,
14336,23995,3.0,EMEA,,
14337,23996,,,,
14402,24206,1.0,NA,,
14404,24208,1.0,NA,,
14404,24208,2.0,LA,,
14404,24208,3.0,EMEA,,
14404,24208,4.0,AP,,
14414,24226,1.0,NA,,
14414,24226,2.0,LA,,
14414,24226,3.0,EMEA,,
14414,24226,4.0,AP,,
14421,24237,,,,
14425,24241,,,,
14432,24267,,,,
14472,24344,1.0,NA,1.0,Danville
14492,24362,3.0,EMEA,,
14508,24387,1.0,NA,,
14508,24387,2.0,LA,,
14508,24387,3.0,EMEA,,
14508,24387,4.0,AP,,
12623,19541,1.0,NA,,
12673,19624,,,,
12796,19816,,,,
13121,20408,,,,
13248,20715,,,,
13251,20718,,,,
13252,20719,,,,
13508,21465,1.0,NA,,
13508,21465,2.0,LA,,
13508,21465,3.0,EMEA,,
13508,21465,4.0,AP,,
13514,21473,,,,
13519,21489,3.0,EMEA,,
13656,21963,1.0,NA,,
13699,22090,1.0,NA,,
13699,22090,2.0,LA,,
13820,22457,,,,
13858,22561,4.0,AP,100.0,Pulandian
13865,22585,1.0,NA,,
13865,22585,2.0,LA,,
13865,22585,3.0,EMEA,,
13865,22585,4.0,AP,,
13893,22685,1.0,NA,,
13994,23008,1.0,NA,,
13994,23008,2.0,LA,,
13994,23008,3.0,EMEA,,
13994,23008,4.0,AP,,
14027,23057,1.0,NA,,
14128,23333,1.0,NA,,
14128,23333,2.0,LA,,
14128,23333,4.0,AP,,
14205,23633,,,,
14350,24063,,,,
14594,24651,1.0,NA,,
14594,24651,2.0,LA,,
14594,24651,3.0,EMEA,,
14594,24651,4.0,AP,,
14597,24654,1.0,NA,,
14597,24654,2.0,LA,,
14597,24654,3.0,EMEA,,
14597,24654,4.0,AP,,
14599,24656,1.0,NA,,
14599,24656,2.0,LA,,
14599,24656,3.0,EMEA,,
14599,24656,4.0,AP,,
14614,24668,,,,
14620,24677,3.0,EMEA,,
14675,24843,,,,
14772,25033,1.0,NA,,
14772,25033,2.0,LA,,
14772,25033,3.0,EMEA,,
14772,25033,4.0,AP,,
14822,25110,1.0,NA,,
14822,25110,2.0,LA,,
14907,25321,1.0,NA,,
14931,25384,1.0,NA,,
14931,25384,3.0,EMEA,,
14940,25394,1.0,NA,,
14954,25455,,,,
14956,25457,,,,
14963,25470,,,,
14991,25534,1.0,NA,,
14991,25534,2.0,LA,,
14991,25534,3.0,EMEA,,
14991,25534,4.0,AP,,
15011,25578,1.0,NA,,
12373,19109,,,,
12687,19653,1.0,NA,,
13162,20472,,,,
13195,20573,,,,
13332,20912,1.0,NA,,
13332,20912,2.0,LA,,
13332,20912,3.0,EMEA,,
13332,20912,4.0,AP,,
13550,21585,3.0,EMEA,23.0,Adapazari
13550,21585,3.0,EMEA,25.0,Izmit
13550,21585,3.0,EMEA,27.0,South Africa
13550,21585,3.0,EMEA,346.0,Melksham
13550,21585,3.0,EMEA,360.0,Krusevac
13581,21700,1.0,NA,,
14012,23043,1.0,NA,,
14012,23043,2.0,LA,,
14012,23043,4.0,AP,,
14047,23080,3.0,EMEA,,
14154,23388,1.0,NA,,
14154,23388,2.0,LA,,
14154,23388,3.0,EMEA,,
14154,23388,4.0,AP,,
14162,23510,1.0,NA,14.0,ICM*A
14176,23536,,,,
14203,23630,,,,
14256,23775,1.0,NA,,
14256,23775,2.0,LA,,
14256,23775,3.0,EMEA,,
14256,23775,4.0,AP,,
14290,23881,,,,
14322,23971,,,,
14364,24087,,,,
14386,24147,,,,
14390,24153,1.0,NA,16.0,Buffalo / Tonawanda
14390,24153,2.0,LA,,
14391,24154,1.0,NA,16.0,Buffalo / Tonawanda
14391,24154,2.0,LA,,
14408,24211,1.0,NA,,
14409,24212,1.0,NA,,
14438,24285,4.0,AP,,
14456,24323,1.0,NA,,
14458,24325,,,,
14460,24327,,,,
14476,24348,1.0,NA,,
14476,24348,2.0,LA,,
14476,24348,3.0,EMEA,,
14476,24348,4.0,AP,,
14499,24372,3.0,EMEA,,
14520,24399,1.0,NA,,
14520,24399,2.0,LA,,
14520,24399,3.0,EMEA,,
14521,24400,1.0,NA,,
14521,24400,2.0,LA,,
14521,24400,3.0,EMEA,,
12404,19147,1.0,NA,,
12404,19147,2.0,LA,,
12404,19147,3.0,EMEA,,
12404,19147,4.0,AP,,
12597,19458,1.0,NA,,
12597,19458,2.0,LA,,
12597,19458,3.0,EMEA,,
12597,19458,4.0,AP,,
12601,19490,,,,
12701,19675,1.0,NA,1.0,Danville
12701,19675,2.0,LA,,
12701,19675,3.0,EMEA,,
12701,19675,4.0,AP,,
12701,19675,1.0,NA,2.0,Gadsden
12701,19675,2.0,LA,,
12701,19675,3.0,EMEA,,
12701,19675,4.0,AP,,
12701,19675,1.0,NA,3.0,Topeka
12701,19675,2.0,LA,,
12701,19675,3.0,EMEA,,
12701,19675,4.0,AP,,
12701,19675,1.0,NA,5.0,Fayetteville
12701,19675,2.0,LA,,
12701,19675,3.0,EMEA,,
12701,19675,4.0,AP,,
12701,19675,1.0,NA,8.0,Lawton
12701,19675,2.0,LA,,
12701,19675,3.0,EMEA,,
12701,19675,4.0,AP,,
12701,19675,1.0,NA,13.0,Social Circle
12701,19675,2.0,LA,,
12701,19675,3.0,EMEA,,
12701,19675,4.0,AP,,
12701,19675,1.0,NA,14.0,ICM*A
12701,19675,2.0,LA,,
12701,19675,3.0,EMEA,,
12701,19675,4.0,AP,,
12701,19675,1.0,NA,,
12701,19675,2.0,LA,,
12701,19675,3.0,EMEA,,
12701,19675,4.0,AP,40.0,Thailand
12701,19675,1.0,NA,,
12701,19675,2.0,LA,,
12701,19675,3.0,EMEA,,
12701,19675,4.0,AP,42.0,Nippon Giant
12701,19675,1.0,NA,55.0,Chem Bayport
12701,19675,2.0,LA,,
12701,19675,3.0,EMEA,,
12701,19675,4.0,AP,,
12701,19675,1.0,NA,56.0,Chem Beaumont
12701,19675,2.0,LA,,
12701,19675,3.0,EMEA,,
12701,19675,4.0,AP,,
12701,19675,1.0,NA,57.0,Chem Houston
12701,19675,2.0,LA,,
12701,19675,3.0,EMEA,,
12701,19675,4.0,AP,,
12701,19675,1.0,NA,58.0,Chem Niagara Falls
12701,19675,2.0,LA,,
12701,19675,3.0,EMEA,,
12701,19675,4.0,AP,,
12701,19675,1.0,NA,120.0,NA-LA-AP Except AIRCRAFT
12701,19675,2.0,LA,,
12701,19675,3.0,EMEA,,
12701,19675,4.0,AP,,
12709,19683,,,,
12883,19907,,,,
12903,19939,,,,
12940,19983,,,,
12962,20011,,,,
12974,20023,1.0,NA,,
12974,20023,2.0,LA,,
12974,20023,3.0,EMEA,,
12974,20023,4.0,AP,,
13054,20268,1.0,NA,,
13116,20403,,,,
13152,20462,,,,
13246,20713,1.0,NA,,
13246,20713,2.0,LA,,
13246,20713,3.0,EMEA,,
13246,20713,4.0,AP,,
13429,21187,1.0,NA,,
13473,21358,,,,
13563,21648,,,,
13572,21689,,,,
13600,21789,,,,
13607,21796,,,,
13814,22410,,,,
13824,22477,,,,
13839,22502,4.0,AP,,
13880,22645,1.0,NA,9.0,Medicine Hat
13883,22650,1.0,NA,,
13883,22650,2.0,LA,,
13883,22650,3.0,EMEA,,
13883,22650,4.0,AP,,
13888,22657,,,,
13916,22772,,,,
13938,22833,,,,
14048,23081,3.0,EMEA,,
14089,23185,,,,
14132,23336,1.0,NA,,
14140,23345,,,,
14281,23845,,,,
14300,23908,2.0,LA,,
14352,24065,,,,
14477,24349,1.0,NA,,
14477,24349,2.0,LA,,
14477,24349,3.0,EMEA,,
14477,24349,4.0,AP,,
12433,19192,1.0,NA,,
12505,19282,,,,
12506,19283,,,,
12507,19284,,,,
12596,19457,1.0,NA,,
12596,19457,2.0,LA,,
12596,19457,3.0,EMEA,,
12596,19457,4.0,AP,,
12607,19510,1.0,NA,,
12665,19614,1.0,NA,,
12665,19614,2.0,LA,,
12665,19614,3.0,EMEA,,
12665,19614,4.0,AP,,
12669,19618,1.0,NA,,
12669,19618,2.0,LA,,
12669,19618,3.0,EMEA,,
12669,19618,4.0,AP,,
12702,19676,1.0,NA,,
12702,19676,2.0,LA,,
12702,19676,3.0,EMEA,,
12702,19676,4.0,AP,,
12751,19763,,,,
12843,19859,1.0,NA,,
12843,19859,2.0,LA,,
12843,19859,3.0,EMEA,,
12843,19859,4.0,AP,,
12873,19889,,,,
12930,19966,,,,
12985,20047,1.0,NA,,
12985,20047,2.0,LA,,
12985,20047,3.0,EMEA,,
12985,20047,4.0,AP,,
13010,20199,,,,
13012,20200,,,,
13013,20201,,,,
13072,20311,1.0,NA,,
13072,20311,2.0,LA,,
13072,20311,3.0,EMEA,,
13072,20311,4.0,AP,,
13266,20767,,,,
13375,21029,1.0,NA,,
13494,21442,1.0,NA,,
13494,21442,2.0,LA,,
13494,21442,3.0,EMEA,,
13494,21442,4.0,AP,,
13570,21672,,,,
13728,22140,1.0,NA,,
13728,22140,2.0,LA,,
13728,22140,3.0,EMEA,,
13728,22140,4.0,AP,,
13840,22514,1.0,NA,9.0,Medicine Hat
13840,22514,1.0,NA,10.0,Napanee
13840,22514,1.0,NA,11.0,Valleyfield
13848,22531,3.0,EMEA,,
13884,22651,,,,
14090,23191,1.0,NA,,
14215,23670,,,,
14532,24427,,,,
14553,24511,,,,
14612,24666,,,,
14621,24678,3.0,EMEA,,
14652,24802,,,,
14658,24815,1.0,NA,,
14659,24816,1.0,NA,,
12411,19157,1.0,NA,,
12411,19157,2.0,LA,,
12411,19157,4.0,AP,,
12512,19291,,,,
12693,19660,1.0,NA,,
12699,19671,1.0,NA,,
12699,19671,2.0,LA,,
12699,19671,3.0,EMEA,,
12699,19671,4.0,AP,,
12808,19829,1.0,NA,,
12808,19829,2.0,LA,,
12808,19829,3.0,EMEA,,
12808,19829,4.0,AP,,
12855,19869,,,,
12966,20015,,,,
12969,20018,,,,
13030,20227,,,,
13036,20243,,,,
13056,20271,,,,
13064,20290,1.0,NA,,
13095,20362,,,,
13099,20370,1.0,NA,,
13230,20686,1.0,NA,,
13233,20692,2.0,LA,,
13433,21240,,,,
13509,21469,,,,
13544,21574,1.0,NA,,
13544,21574,2.0,LA,,
13612,21801,,,,
13714,22124,1.0,NA,,
13714,22124,2.0,LA,,
13714,22124,3.0,EMEA,,
13714,22124,4.0,AP,,
13734,22146,1.0,NA,,
13734,22146,2.0,LA,,
13734,22146,3.0,EMEA,,
13734,22146,4.0,AP,,
13854,22549,1.0,NA,,
13854,22549,2.0,LA,,
13854,22549,4.0,AP,,
13940,22842,1.0,NA,,
13945,22870,1.0,NA,,
13945,22870,2.0,LA,,
13945,22870,3.0,EMEA,,
13945,22870,4.0,AP,,
14030,23060,1.0,NA,,
14056,23108,1.0,NA,,
14056,23108,2.0,LA,,
14056,23108,4.0,AP,,
14083,23162,,,,
14180,23540,,,,
14206,23634,,,,
14279,23843,,,,
14288,23867,,,,
14346,24033,4.0,AP,,
14569,24577,1.0,NA,,
14569,24577,2.0,LA,,
12575,19416,,,,
12629,19546,,,,
12654,19598,1.0,NA,,
12656,19601,1.0,NA,,
12683,19650,1.0,NA,,
12721,19696,,,,
12736,19713,,,,
12738,19720,3.0,EMEA,,
12972,20020,,,,
13047,20253,,,,
13068,20301,1.0,NA,,
13141,20443,,,,
13204,20598,,,,
13262,20757,4.0,AP,40.0,Thailand
13333,20913,1.0,NA,,
13333,20913,2.0,LA,,
13333,20913,3.0,EMEA,,
13333,20913,4.0,AP,,
13366,20999,1.0,NA,,
13428,21186,1.0,NA,,
13496,21444,4.0,AP,,
13605,21794,,,,
13670,22021,,,,
13725,22137,1.0,NA,,
13725,22137,2.0,LA,,
13725,22137,3.0,EMEA,,
13725,22137,4.0,AP,,
13882,22649,1.0,NA,,
13882,22649,2.0,LA,,
13882,22649,3.0,EMEA,,
13882,22649,4.0,AP,,
14014,23044,,,,
14135,23339,1.0,NA,,
14135,23339,2.0,LA,,
14135,23339,3.0,EMEA,,
14135,23339,4.0,AP,,
14238,23744,1.0,NA,,
14246,23751,1.0,NA,,
14254,23770,3.0,EMEA,,
14403,24207,1.0,NA,,
14415,24227,,,,
14510,24389,1.0,NA,,
14510,24389,2.0,LA,,
14510,24389,3.0,EMEA,,
14510,24389,4.0,AP,,
14544,24476,,,,
12501,19280,1.0,NA,,
12501,19280,2.0,LA,,
12501,19280,3.0,EMEA,,
12501,19280,4.0,AP,,
12670,19619,1.0,NA,,
12670,19619,2.0,LA,,
12670,19619,3.0,EMEA,,
12670,19619,4.0,AP,,
12893,19929,,,,
12956,20005,4.0,AP,,
13044,20250,1.0,NA,,
13092,20354,,,,
13182,20521,,,,
13281,20790,,,,
13309,20833,1.0,NA,140.0,Other
13309,20833,2.0,LA,,
13309,20833,3.0,EMEA,,
13309,20833,4.0,AP,,
13737,22149,1.0,NA,,
13737,22149,2.0,LA,,
13737,22149,3.0,EMEA,,
13737,22149,4.0,AP,,
14079,23158,1.0,NA,,
14213,23668,,,,
14250,23763,3.0,EMEA,,
14306,23929,,,,
14466,24339,,,,
14478,24350,1.0,NA,,
14478,24350,2.0,LA,,
14478,24350,3.0,EMEA,,
14478,24350,4.0,AP,,
14498,24371,3.0,EMEA,,
14502,24375,3.0,EMEA,,
14537,24445,,,,
14552,24509,1.0,NA,,
14552,24509,2.0,LA,,
14552,24509,3.0,EMEA,,
14552,24509,4.0,AP,,
14554,24512,1.0,NA,,
14554,24512,2.0,LA,,
14554,24512,3.0,EMEA,,
14554,24512,4.0,AP,,
14558,24525,,,,
14570,24579,1.0,NA,,
14572,24581,1.0,NA,,
14588,24607,3.0,EMEA,,
14618,24671,1.0,NA,,
14629,24686,1.0,NA,,
14629,24686,2.0,LA,,
14629,24686,3.0,EMEA,,
14629,24686,4.0,AP,,
14640,24724,1.0,NA,,
14640,24724,2.0,LA,,
14640,24724,3.0,EMEA,,
14640,24724,4.0,AP,,
14655,24811,1.0,NA,,
14655,24811,2.0,LA,,
14655,24811,3.0,EMEA,,
14655,24811,4.0,AP,,
14701,24908,,,,
14705,24912,,,,
14706,24913,,,,
14708,24915,,,,
14726,24941,1.0,NA,,
14726,24941,2.0,LA,,
14726,24941,3.0,EMEA,,
14726,24941,4.0,AP,,
14729,24944,1.0,NA,,
14729,24944,2.0,LA,,
14729,24944,3.0,EMEA,,
14729,24944,4.0,AP,,
14828,25128,,,,
14830,25130,,,,
14835,25147,4.0,AP,37.0,Malaysia
14835,25147,4.0,AP,40.0,Thailand
14835,25147,4.0,AP,42.0,Nippon Giant
14835,25147,4.0,AP,47.0,Indonesia
14835,25147,4.0,AP,100.0,Pulandian
12492,19268,1.0,NA,,
12492,19268,2.0,LA,,
12492,19268,3.0,EMEA,,
12492,19268,4.0,AP,,
12909,19948,,,,
13024,20211,1.0,NA,,
13070,20307,3.0,EMEA,,
13164,20474,,,,
13228,20684,1.0,NA,,
13275,20779,,,,
13525,21498,,,,
13564,21654,,,,
13696,22077,3.0,EMEA,,
13698,22087,,,,
13864,22584,1.0,NA,9.0,Medicine Hat
13864,22584,2.0,LA,,
13864,22584,3.0,EMEA,,
13864,22584,4.0,AP,,
13864,22584,1.0,NA,10.0,Napanee
13864,22584,2.0,LA,,
13864,22584,3.0,EMEA,,
13864,22584,4.0,AP,,
13864,22584,1.0,NA,,
13864,22584,2.0,LA,,
13864,22584,3.0,EMEA,23.0,Adapazari
13864,22584,4.0,AP,,
13864,22584,1.0,NA,,
13864,22584,2.0,LA,,
13864,22584,3.0,EMEA,25.0,Izmit
13864,22584,4.0,AP,,
13895,22687,1.0,NA,,
14230,23704,1.0,NA,,
14276,23840,,,,
14445,24304,1.0,NA,,
14445,24304,2.0,LA,,
14445,24304,3.0,EMEA,,
14445,24304,4.0,AP,,
14464,24335,,,,
14604,24660,1.0,NA,9.0,Medicine Hat
14604,24660,2.0,LA,,
14604,24660,3.0,EMEA,,
14604,24660,4.0,AP,,
14604,24660,1.0,NA,10.0,Napanee
14604,24660,2.0,LA,,
14604,24660,3.0,EMEA,,
14604,24660,4.0,AP,,
14604,24660,1.0,NA,11.0,Valleyfield
14604,24660,2.0,LA,,
14604,24660,3.0,EMEA,,
14604,24660,4.0,AP,,
14626,24683,,,,
14664,24832,,,,
14670,24838,,,,
14678,24846,,,,
14691,24885,3.0,EMEA,,
14696,24892,,,,
14768,25018,,,,
14788,25057,3.0,EMEA,,
14806,25087,,,,
14834,25146,1.0,NA,9.0,Medicine Hat
14834,25146,2.0,LA,,
14834,25146,4.0,AP,,
14834,25146,1.0,NA,10.0,Napanee
14834,25146,2.0,LA,,
14834,25146,4.0,AP,,
14834,25146,1.0,NA,11.0,Valleyfield
14834,25146,2.0,LA,,
14834,25146,4.0,AP,,
14838,25155,,,,
14897,25298,,,,
14914,25328,1.0,NA,,
14932,25385,1.0,NA,,
14932,25385,3.0,EMEA,,
14935,25389,1.0,NA,,
14951,25450,,,,
14952,25451,,,,
14967,25474,1.0,NA,,
14977,25503,,,,
14982,25508,1.0,NA,,
14982,25508,2.0,LA,,
14982,25508,3.0,EMEA,,
14990,25533,,,,
12553,19369,3.0,EMEA,,
12628,19545,,,,
12649,19590,1.0,NA,,
12668,19617,1.0,NA,,
12668,19617,2.0,LA,,
12668,19617,3.0,EMEA,,
12668,19617,4.0,AP,,
12783,19794,3.0,EMEA,,
13045,20251,1.0,NA,,
13112,20399,,,,
13187,20554,,,,
13316,20855,3.0,EMEA,21.0,Luxembourg
13340,20920,3.0,EMEA,,
13354,20938,1.0,NA,,
13354,20938,2.0,LA,,
13354,20938,3.0,EMEA,,
13354,20938,4.0,AP,,
13524,21497,,,,
13532,21504,1.0,NA,,
13845,22520,,,,
13850,22537,,,,
13999,23015,3.0,EMEA,,
14168,23528,,,,
14170,23530,,,,
14190,23613,1.0,NA,,
14190,23613,2.0,LA,,
14190,23613,4.0,AP,,
14257,23780,,,,
14470,24342,1.0,NA,,
14470,24342,2.0,LA,,
14470,24342,3.0,EMEA,,
14470,24342,4.0,AP,,
14584,24601,3.0,EMEA,,
14584,24601,4.0,AP,,
14602,24659,1.0,NA,,
14602,24659,2.0,LA,,
14602,24659,3.0,EMEA,,
14602,24659,4.0,AP,,
14651,24801,1.0,NA,,
14651,24801,2.0,LA,,
14651,24801,3.0,EMEA,,
14651,24801,4.0,AP,,
14722,24930,1.0,NA,,
14722,24930,2.0,LA,,
14722,24930,4.0,AP,,
14785,25052,,,,
14814,25104,1.0,NA,,
14814,25104,2.0,LA,,
14814,25104,3.0,EMEA,,
14814,25104,4.0,AP,,
14867,25228,,,,
14891,25286,2.0,LA,30.0,Americana
14891,25286,2.0,LA,31.0,Sao Paulo
14891,25286,2.0,LA,33.0,Colombia
14891,25286,2.0,LA,36.0,Venezuela
14894,25295,,,,
14896,25297,,,,
14898,25305,1.0,NA,,
14902,25314,1.0,NA,,
14902,25314,2.0,LA,,
14902,25314,3.0,EMEA,,
14902,25314,4.0,AP,,
14970,25485,,,,
15012,25579,1.0,NA,,
15051,25657,,,,
15052,25658,,,,
12439,19201,1.0,NA,,
12440,19202,1.0,NA,,
12463,19234,1.0,NA,,
12463,19234,3.0,EMEA,,
12880,19904,,,,
12881,19905,,,,
12924,19962,,,,
12943,19987,1.0,NA,,
12943,19987,2.0,LA,,
12943,19987,4.0,AP,,
13060,20273,4.0,AP,,
13137,20427,,,,
13160,20470,,,,
13335,20915,1.0,NA,,
13335,20915,2.0,LA,,
13335,20915,3.0,EMEA,,
13335,20915,4.0,AP,,
13338,20918,1.0,NA,,
13338,20918,2.0,LA,,
13338,20918,3.0,EMEA,,
13338,20918,4.0,AP,,
13397,21065,,,,
13432,21239,1.0,NA,,
13432,21239,2.0,LA,,
13432,21239,3.0,EMEA,,
13432,21239,4.0,AP,,
13596,21785,,,,
13764,22237,1.0,NA,,
13822,22463,1.0,NA,,
13970,22951,,,,
14141,23346,,,,
14151,23371,1.0,NA,,
14151,23371,2.0,LA,,
14151,23371,3.0,EMEA,,
14151,23371,4.0,AP,,
14186,23583,3.0,EMEA,,
14191,23614,2.0,LA,30.0,Americana
14191,23614,2.0,LA,31.0,Sao Paulo
14191,23614,2.0,LA,33.0,Colombia
14191,23614,2.0,LA,36.0,Venezuela
14192,23615,1.0,NA,,
14192,23615,2.0,LA,,
14192,23615,4.0,AP,,
14315,23939,,,,
14410,24214,1.0,NA,9.0,Medicine Hat
14410,24214,2.0,LA,,
14410,24214,3.0,EMEA,,
14410,24214,1.0,NA,10.0,Napanee
14410,24214,2.0,LA,,
14410,24214,3.0,EMEA,,
14410,24214,1.0,NA,11.0,Valleyfield
14410,24214,2.0,LA,,
14410,24214,3.0,EMEA,,
14450,24318,3.0,EMEA,,
14545,24477,3.0,EMEA,,
14550,24507,1.0,NA,,
14550,24507,2.0,LA,,
14550,24507,3.0,EMEA,,
14550,24507,4.0,AP,,
14559,24527,,,,
14560,24528,1.0,NA,,
14560,24528,2.0,LA,,
14560,24528,3.0,EMEA,,
14560,24528,4.0,AP,,
14564,24566,1.0,NA,,
14564,24566,2.0,LA,,
14564,24566,3.0,EMEA,,
14564,24566,4.0,AP,,
14568,24576,1.0,NA,,
14568,24576,2.0,LA,,
12558,19373,,,,
12571,19409,,,,
12631,19549,,,,
12655,19600,1.0,NA,,
12739,19728,1.0,NA,,
12769,19779,1.0,NA,,
12864,19880,1.0,NA,,
12916,19955,,,,
13062,20289,3.0,EMEA,,
13122,20409,,,,
13253,20720,,,,
13269,20771,3.0,EMEA,,
13468,21346,,,,
13582,21701,1.0,NA,,
13583,21702,1.0,NA,,
13658,21978,,,,
13849,22532,3.0,EMEA,,
13942,22852,,,,
14076,23155,,,,
14145,23350,1.0,NA,,
14145,23350,2.0,LA,,
14145,23350,4.0,AP,42.0,Nippon Giant
14214,23669,,,,
14304,23925,1.0,NA,,
14304,23925,2.0,LA,,
14304,23925,4.0,AP,,
14333,23988,,,,
14482,24353,,,,
14744,24962,1.0,NA,,
14744,24962,2.0,LA,,
14744,24962,3.0,EMEA,,
14744,24962,4.0,AP,,
14845,25172,1.0,NA,,
14845,25172,2.0,LA,,
14845,25172,3.0,EMEA,,
14845,25172,4.0,AP,,
14846,25173,,,,
14850,25181,1.0,NA,,
14851,25182,1.0,NA,,
14852,25183,1.0,NA,,
14853,25184,1.0,NA,,
14854,25185,1.0,NA,,
14870,25231,,,,
14871,25232,,,,
14878,25264,1.0,NA,,
14878,25264,2.0,LA,,
14878,25264,3.0,EMEA,,
14878,25264,4.0,AP,,
14886,25279,1.0,NA,,
12713,19686,,,,
12735,19712,1.0,NA,,
12735,19712,2.0,LA,,
12735,19712,3.0,EMEA,,
12735,19712,4.0,AP,,
12906,19943,,,,
12942,19986,1.0,NA,,
12942,19986,2.0,LA,,
12942,19986,4.0,AP,,
12963,20012,,,,
12964,20013,,,,
12965,20014,,,,
13216,20637,1.0,NA,,
13216,20637,2.0,LA,,
13216,20637,3.0,EMEA,,
13216,20637,4.0,AP,,
13385,21043,1.0,NA,,
13398,21067,1.0,NA,9.0,Medicine Hat
13398,21067,1.0,NA,10.0,Napanee
13398,21067,1.0,NA,11.0,Valleyfield
13398,21067,1.0,NA,32.0,Chile
13398,21067,1.0,NA,140.0,Other
13408,21087,1.0,NA,,
13408,21087,2.0,LA,,
13408,21087,3.0,EMEA,23.0,Adapazari
13408,21087,4.0,AP,,
13408,21087,1.0,NA,,
13408,21087,2.0,LA,,
13408,21087,3.0,EMEA,25.0,Izmit
13408,21087,4.0,AP,,
13408,21087,1.0,NA,140.0,Other
13408,21087,2.0,LA,,
13408,21087,3.0,EMEA,,
13408,21087,4.0,AP,,
13677,22040,,,,
13754,22203,,,,
13759,22223,3.0,EMEA,,
13896,22688,1.0,NA,,
13936,22821,1.0,NA,,
13936,22821,2.0,LA,,
13936,22821,4.0,AP,,
13995,23009,1.0,NA,,
13995,23009,2.0,LA,,
13995,23009,3.0,EMEA,,
13995,23009,4.0,AP,,
14007,23023,3.0,EMEA,,
14008,23024,3.0,EMEA,,
14024,23054,1.0,NA,,
14136,23342,1.0,NA,,
14345,24004,,,,
14420,24236,,,,
14454,24321,1.0,NA,,
14455,24322,1.0,NA,,
14576,24585,1.0,NA,,
14582,24594,1.0,NA,,
14582,24594,2.0,LA,,
14582,24594,3.0,EMEA,,
14582,24594,4.0,AP,,
14610,24664,,,,
14616,24670,1.0,NA,,
14616,24670,2.0,LA,,
14616,24670,4.0,AP,,
14844,25171,,,,
14893,25288,1.0,NA,,
14893,25288,2.0,LA,,
14893,25288,4.0,AP,,
14992,25548,1.0,NA,,
14992,25548,2.0,LA,,
15025,25616,1.0,NA,,
15025,25616,2.0,LA,,
15025,25616,3.0,EMEA,,
15025,25616,4.0,AP,,
15039,25630,1.0,NA,,
15039,25630,2.0,LA,,
15039,25630,3.0,EMEA,,
15039,25630,4.0,AP,,
12996,20060,1.0,NA,,
12996,20060,2.0,LA,,
12996,20060,3.0,EMEA,,
12996,20060,4.0,AP,,
13093,20357,,,,
13450,21294,1.0,NA,,
13450,21294,2.0,LA,,
13450,21294,4.0,AP,100.0,Pulandian
13466,21336,1.0,NA,,
13466,21336,2.0,LA,,
13466,21336,4.0,AP,,
13613,21802,,,,
13662,21982,,,,
13723,22135,1.0,NA,,
13723,22135,2.0,LA,,
13723,22135,3.0,EMEA,,
13723,22135,4.0,AP,,
13726,22138,1.0,NA,,
13726,22138,2.0,LA,,
13726,22138,3.0,EMEA,,
13726,22138,4.0,AP,,
13782,22309,1.0,NA,,
13792,22335,1.0,NA,,
13812,22401,1.0,NA,,
13812,22401,2.0,LA,,
13812,22401,4.0,AP,,
13828,22481,1.0,NA,,
13828,22481,2.0,LA,,
13828,22481,3.0,EMEA,,
13860,22582,,,,
14080,23159,,,,
14119,23290,,,,
14155,23389,1.0,NA,,
14155,23389,2.0,LA,,
14155,23389,3.0,EMEA,23.0,Adapazari
14155,23389,4.0,AP,,
14155,23389,1.0,NA,,
14155,23389,2.0,LA,,
14155,23389,3.0,EMEA,25.0,Izmit
14155,23389,4.0,AP,,
14155,23389,1.0,NA,,
14155,23389,2.0,LA,,
14155,23389,3.0,EMEA,,
14155,23389,4.0,AP,42.0,Nippon Giant
14169,23529,,,,
14171,23531,,,,
14361,24082,1.0,NA,,
14484,24355,1.0,NA,,
14536,24444,,,,
14669,24837,,,,
14671,24839,,,,
14848,25179,1.0,NA,,
14849,25180,1.0,NA,,
14881,25266,1.0,NA,,
14925,25350,,,,
15053,25659,,,,
15056,25666,1.0,NA,,
15084,25777,1.0,NA,14.0,ICM*A
15099,25810,1.0,NA,,
15099,25810,2.0,LA,,
15099,25810,3.0,EMEA,,
15099,25810,4.0,AP,,
15106,25828,3.0,EMEA,,
15108,25830,1.0,NA,,
15108,25830,2.0,LA,,
15108,25830,3.0,EMEA,,
15108,25830,4.0,AP,,
15131,25965,3.0,EMEA,,
15138,26038,,,,
12549,19365,,,,
12720,19695,,,,
12765,19776,,,,
12834,19850,1.0,NA,,
12836,19852,1.0,NA,,
12901,19937,,,,
12902,19938,,,,
12997,20061,1.0,NA,,
12997,20061,2.0,LA,,
12997,20061,3.0,EMEA,,
12997,20061,4.0,AP,,
13051,20256,,,,
13342,20922,3.0,EMEA,,
13351,20934,,,,
13438,21271,1.0,NA,,
13438,21271,2.0,LA,,
13438,21271,4.0,AP,,
13585,21704,1.0,NA,,
13643,21927,1.0,NA,,
13643,21927,2.0,LA,,
13643,21927,3.0,EMEA,,
13643,21927,4.0,AP,,
13688,22065,1.0,NA,,
13688,22065,2.0,LA,,
13688,22065,3.0,EMEA,,
13688,22065,4.0,AP,,
13700,22094,1.0,NA,,
13700,22094,2.0,LA,,
13700,22094,3.0,EMEA,,
13700,22094,4.0,AP,,
13786,22313,1.0,NA,,
13786,22313,2.0,LA,,
13786,22313,4.0,AP,,
13886,22653,1.0,NA,,
13886,22653,2.0,LA,,
13886,22653,3.0,EMEA,,
13886,22653,4.0,AP,,
13934,22801,,,,
14035,23065,1.0,NA,,
14035,23065,2.0,LA,,
14035,23065,3.0,EMEA,,
14035,23065,4.0,AP,,
14112,23259,,,,
14248,23754,1.0,NA,,
14349,24062,,,,
14486,24357,,,,
14534,24434,1.0,NA,,
14598,24655,1.0,NA,,
14598,24655,2.0,LA,,
14598,24655,3.0,EMEA,,
14598,24655,4.0,AP,,
14600,24657,1.0,NA,,
14600,24657,2.0,LA,,
14600,24657,3.0,EMEA,,
14600,24657,4.0,AP,,
14637,24717,3.0,EMEA,,
14642,24725,,,,
14646,24762,1.0,NA,,
14657,24814,1.0,NA,,
14660,24828,,,,
14662,24830,,,,
14666,24834,,,,
14672,24840,,,,
12470,19243,1.0,NA,,
12490,19266,1.0,NA,,
12490,19266,2.0,LA,,
12490,19266,4.0,AP,,
12763,19773,1.0,NA,,
12763,19773,2.0,LA,,
12763,19773,3.0,EMEA,,
12763,19773,4.0,AP,,
12895,19931,,,,
12975,20024,1.0,NA,,
12975,20024,2.0,LA,,
12975,20024,3.0,EMEA,,
12975,20024,4.0,AP,,
12998,20062,1.0,NA,,
12998,20062,2.0,LA,,
12998,20062,3.0,EMEA,,
12998,20062,4.0,AP,,
13014,20202,,,,
13114,20401,,,,
13117,20404,,,,
13125,20412,,,,
13126,20413,,,,
13255,20722,1.0,NA,,
13255,20722,2.0,LA,,
13255,20722,3.0,EMEA,,
13255,20722,4.0,AP,,
13264,20759,,,,
13404,21073,1.0,NA,,
13404,21073,2.0,LA,,
13404,21073,3.0,EMEA,,
13404,21073,4.0,AP,,
13478,21384,,,,
13523,21496,,,,
13790,22323,1.0,NA,,
13790,22323,2.0,LA,,
13790,22323,3.0,EMEA,,
13790,22323,4.0,AP,,
13906,22749,1.0,NA,9.0,Medicine Hat
13906,22749,2.0,LA,,
13906,22749,3.0,EMEA,,
13906,22749,4.0,AP,,
13906,22749,1.0,NA,10.0,Napanee
13906,22749,2.0,LA,,
13906,22749,3.0,EMEA,,
13906,22749,4.0,AP,,
13906,22749,1.0,NA,11.0,Valleyfield
13906,22749,2.0,LA,,
13906,22749,3.0,EMEA,,
13906,22749,4.0,AP,,
13906,22749,1.0,NA,,
13906,22749,2.0,LA,,
13906,22749,3.0,EMEA,25.0,Izmit
13906,22749,4.0,AP,,
13906,22749,1.0,NA,,
13906,22749,2.0,LA,,
13906,22749,3.0,EMEA,,
13906,22749,4.0,AP,42.0,Nippon Giant
13912,22765,1.0,NA,,
13917,22773,1.0,NA,,
14066,23127,,,,
14298,23902,1.0,NA,,
14424,24240,,,,
14811,25101,,,,
14918,25331,1.0,NA,,
14918,25331,3.0,EMEA,,
14924,25349,1.0,NA,,
14924,25349,2.0,LA,,
14924,25349,3.0,EMEA,,
14924,25349,4.0,AP,,
14936,25390,1.0,NA,,
14946,25432,,,,
14965,25472,,,,
14966,25473,1.0,NA,,
14971,25486,1.0,NA,,
14971,25486,2.0,LA,,
14971,25486,4.0,AP,,
14987,25516,,,,
14989,25518,,,,
15017,25596,2.0,LA,,
15018,25597,1.0,NA,,
15018,25597,2.0,LA,,
15019,25598,1.0,NA,,
15019,25598,2.0,LA,,
12407,19153,1.0,NA,,
12465,19236,1.0,NA,,
12559,19375,3.0,EMEA,,
12752,19764,,,,
13140,20442,,,,
13268,20770,1.0,NA,,
13268,20770,2.0,LA,,
13268,20770,3.0,EMEA,,
13268,20770,4.0,AP,,
13463,21332,3.0,EMEA,,
13598,21787,,,,
13617,21806,,,,
13652,21938,1.0,NA,,
13652,21938,2.0,LA,,
13652,21938,3.0,EMEA,,
13652,21938,4.0,AP,,
13653,21939,1.0,NA,,
13653,21939,2.0,LA,,
13653,21939,3.0,EMEA,,
13653,21939,4.0,AP,,
13655,21948,1.0,NA,,
13776,22303,1.0,NA,,
13843,22518,,,,
13875,22616,1.0,NA,,
13875,22616,2.0,LA,,
13875,22616,3.0,EMEA,,
13875,22616,4.0,AP,,
14022,23052,1.0,NA,,
14034,23064,1.0,NA,,
14164,23512,1.0,NA,,
14164,23512,2.0,LA,,
14164,23512,3.0,EMEA,,
14164,23512,4.0,AP,,
14264,23804,1.0,NA,,
14264,23804,2.0,LA,,
14264,23804,4.0,AP,,
14273,23813,1.0,NA,,
14362,24084,,,,
14463,24334,,,,
14488,24359,1.0,NA,,
14488,24359,2.0,LA,,
14488,24359,3.0,EMEA,,
14488,24359,4.0,AP,,
14494,24365,3.0,EMEA,,
14530,24418,1.0,NA,,
14530,24418,2.0,LA,,
14530,24418,3.0,EMEA,,
14530,24418,4.0,AP,,
14825,25119,1.0,NA,,
14875,25240,1.0,NA,,
14875,25240,2.0,LA,,
14875,25240,3.0,EMEA,,
14875,25240,4.0,AP,,
15047,25645,1.0,NA,,
15047,25645,2.0,LA,,
15047,25645,3.0,EMEA,,
15047,25645,4.0,AP,,
15060,25670,1.0,NA,9.0,Medicine Hat
15060,25670,2.0,LA,,
15060,25670,3.0,EMEA,,
15060,25670,4.0,AP,,
15060,25670,1.0,NA,10.0,Napanee
15060,25670,2.0,LA,,
15060,25670,3.0,EMEA,,
15060,25670,4.0,AP,,
15060,25670,1.0,NA,11.0,Valleyfield
15060,25670,2.0,LA,,
15060,25670,3.0,EMEA,,
15060,25670,4.0,AP,,
15062,25672,1.0,NA,,
15062,25672,2.0,LA,,
15062,25672,3.0,EMEA,23.0,Adapazari
15062,25672,4.0,AP,,
15062,25672,1.0,NA,,
15062,25672,2.0,LA,,
15062,25672,3.0,EMEA,25.0,Izmit
15062,25672,4.0,AP,,
15081,25772,1.0,NA,9.0,Medicine Hat
15081,25772,2.0,LA,,
15081,25772,3.0,EMEA,,
15081,25772,1.0,NA,10.0,Napanee
15081,25772,2.0,LA,,
15081,25772,3.0,EMEA,,
15081,25772,1.0,NA,11.0,Valleyfield
15081,25772,2.0,LA,,
15081,25772,3.0,EMEA,,
15086,25797,1.0,NA,,
15091,25802,,,,
15092,25803,,,,
15093,25804,,,,
15096,25807,1.0,NA,,
15096,25807,2.0,LA,,
15096,25807,3.0,EMEA,,
15096,25807,4.0,AP,,
15098,25809,,,,
12395,19139,,,,
12497,19276,1.0,NA,,
12497,19276,2.0,LA,,
12497,19276,3.0,EMEA,,
12497,19276,4.0,AP,,
12781,19792,1.0,NA,,
12781,19792,2.0,LA,,
12781,19792,3.0,EMEA,,
12781,19792,4.0,AP,,
12831,19847,1.0,NA,,
13031,20229,,,,
13560,21637,,,,
13629,21880,1.0,NA,,
13774,22296,1.0,NA,,
13774,22296,2.0,LA,,
13774,22296,3.0,EMEA,,
13774,22296,4.0,AP,,
14038,23072,1.0,NA,,
14038,23072,2.0,LA,,
14038,23072,3.0,EMEA,,
14038,23072,4.0,AP,,
14178,23538,,,,
14280,23844,,,,
14354,24070,1.0,NA,,
14546,24478,,,,
14986,25515,,,,
15153,26142,1.0,NA,,
15153,26142,3.0,EMEA,,
15174,26184,1.0,NA,,
15174,26184,2.0,LA,,
15174,26184,3.0,EMEA,,
15174,26184,4.0,AP,,
15177,26187,,,,
15180,26210,1.0,NA,,
15180,26210,2.0,LA,,
15180,26210,3.0,EMEA,,
15180,26210,4.0,AP,,
15186,26239,1.0,NA,,
15199,26281,4.0,AP,,
15200,26282,4.0,AP,,
15201,26283,4.0,AP,,
15221,26303,4.0,AP,,
15246,26330,4.0,AP,,
15247,26331,4.0,AP,,
15252,26336,4.0,AP,,
15253,26337,4.0,AP,,
15254,26350,1.0,NA,,
15254,26350,2.0,LA,,
15254,26350,3.0,EMEA,,
15254,26350,4.0,AP,,
15256,26352,1.0,NA,,
15256,26352,2.0,LA,,
15256,26352,3.0,EMEA,,
15256,26352,4.0,AP,,
15257,26353,4.0,AP,,
15258,26354,4.0,AP,,
15260,26356,1.0,NA,,
15260,26356,2.0,LA,,
15260,26356,3.0,EMEA,,
15260,26356,4.0,AP,,
15262,26357,1.0,NA,,
15263,26358,1.0,NA,,
15264,26359,1.0,NA,,
15265,26360,1.0,NA,,
15266,26361,1.0,NA,,
15267,26362,1.0,NA,,
15268,26363,1.0,NA,,
15269,26364,1.0,NA,,
15273,26370,1.0,NA,,
15414,27129,,,,
15458,27927,4.0,AP,,
15459,27928,4.0,AP,,
15460,27929,4.0,AP,,
15461,27930,4.0,AP,,
15462,27931,4.0,AP,,
15463,27932,4.0,AP,,
15464,27933,4.0,AP,,
15604,29272,1.0,NA,,
15604,29272,2.0,LA,,
15604,29272,4.0,AP,,
15615,29390,,,,
15660,29866,1.0,NA,,
15660,29866,2.0,LA,,
15660,29866,3.0,EMEA,,
15660,29866,4.0,AP,,
15748,30570,,,,
15843,31527,1.0,NA,,
15843,31527,2.0,LA,,
15843,31527,3.0,EMEA,,
15843,31527,4.0,AP,,
16181,35777,,,,
16284,36747,1.0,NA,,
16284,36747,2.0,LA,,
16284,36747,3.0,EMEA,,
16284,36747,4.0,AP,,
16313,36885,1.0,NA,,
16313,36885,2.0,LA,,
16313,36885,3.0,EMEA,,
16313,36885,4.0,AP,,
16630,39888,1.0,NA,,
16630,39888,2.0,LA,,
16630,39888,3.0,EMEA,,
16630,39888,4.0,AP,,
17056,42594,,,,
17183,43106,,,,
17299,43540,4.0,AP,,
17384,43834,,,,
17600,44524,1.0,NA,,
17600,44524,2.0,LA,,
17600,44524,3.0,EMEA,,
17600,44524,4.0,AP,,
17734,44995,1.0,NA,,
17734,44995,2.0,LA,,
17734,44995,3.0,EMEA,,
17734,44995,4.0,AP,,
17735,44996,1.0,NA,,
17735,44996,2.0,LA,,
17735,44996,3.0,EMEA,,
17735,44996,4.0,AP,,
17736,44997,1.0,NA,,
17736,44997,2.0,LA,,
17736,44997,3.0,EMEA,,
17736,44997,4.0,AP,,
17737,44998,1.0,NA,,
17737,44998,2.0,LA,,
17737,44998,3.0,EMEA,,
17737,44998,4.0,AP,,
17747,45111,1.0,NA,,
17747,45111,2.0,LA,,
17747,45111,3.0,EMEA,,
17747,45111,4.0,AP,,
17757,45209,,,,
17492,44213,1.0,NA,,
17501,44235,,,,
17550,44310,2.0,LA,,
17552,44312,2.0,LA,,
17554,44314,2.0,LA,,
17556,44322,,,,
17560,44326,,,,
17602,44532,1.0,NA,,
17602,44532,2.0,LA,,
17602,44532,3.0,EMEA,,
17602,44532,4.0,AP,,
17606,44537,,,,
17609,44541,,,,
17610,44542,,,,
17654,44686,,,,
17677,44776,,,,
17721,44872,3.0,EMEA,,
17722,44873,3.0,EMEA,,
17723,44874,3.0,EMEA,,
17750,45130,,,,
15628,29448,1.0,NA,,
15628,29448,2.0,LA,,
15628,29448,3.0,EMEA,,
15628,29448,4.0,AP,,
15689,30089,,,,
15774,30803,1.0,NA,,
15774,30803,2.0,LA,,
15774,30803,3.0,EMEA,,
15774,30803,4.0,AP,,
15902,32099,,,,
16004,33971,,,,
16047,34520,1.0,NA,,
16060,34645,1.0,NA,,
16060,34645,2.0,LA,,
16060,34645,4.0,AP,,
16389,37609,1.0,NA,,
16389,37609,2.0,LA,,
16389,37609,3.0,EMEA,,
16389,37609,4.0,AP,,
16400,37726,1.0,NA,,
16400,37726,2.0,LA,,
16400,37726,3.0,EMEA,,
16400,37726,4.0,AP,,
16516,38882,1.0,NA,,
16669,40111,3.0,EMEA,,
16692,40324,,,,
16694,40326,,,,
17098,42842,4.0,AP,,
17099,42843,1.0,NA,,
17099,42843,2.0,LA,,
17099,42843,4.0,AP,,
17164,43023,,,,
17196,43159,,,,
17323,43634,1.0,NA,,
17323,43634,2.0,LA,,
17323,43634,3.0,EMEA,,
17323,43634,4.0,AP,,
17340,43685,,,,
17457,44116,,,,
17497,44231,,,,
17708,44828,,,,
17709,44829,,,,
17710,44830,,,,
17711,44831,,,,
17760,45245,,,,
17834,45818,1.0,NA,,
17834,45818,2.0,LA,,
17834,45818,3.0,EMEA,,
17834,45818,4.0,AP,,
17835,45819,1.0,NA,,
17835,45819,2.0,LA,,
17835,45819,3.0,EMEA,,
17835,45819,4.0,AP,42.0,Nippon Giant
17835,45819,1.0,NA,,
17835,45819,2.0,LA,,
17835,45819,3.0,EMEA,,
17835,45819,4.0,AP,100.0,Pulandian
18310,48882,3.0,EMEA,,
18388,49355,,,,
18440,49565,1.0,NA,,
18440,49565,2.0,LA,,
18440,49565,3.0,EMEA,,
18440,49565,4.0,AP,,
18470,50004,,,,
17322,43631,1.0,NA,,
17322,43631,2.0,LA,,
17322,43631,3.0,EMEA,,
17322,43631,4.0,AP,,
17398,43922,1.0,NA,,
17450,44099,,,,
17511,44271,2.0,LA,,
17513,44273,2.0,LA,,
17515,44275,2.0,LA,,
17517,44277,2.0,LA,,
17519,44279,2.0,LA,,
17521,44281,2.0,LA,,
17523,44283,,,,
17525,44285,,,,
17527,44287,,,,
17529,44289,,,,
17531,44291,,,,
17533,44293,,,,
17535,44295,,,,
17537,44297,,,,
17539,44299,,,,
17541,44301,,,,
17543,44303,,,,
17545,44305,,,,
15356,26759,,,,
15648,29566,,,,
15678,30031,1.0,NA,,
15678,30031,2.0,LA,,
15678,30031,3.0,EMEA,23.0,Adapazari
15678,30031,4.0,AP,,
15678,30031,1.0,NA,,
15678,30031,2.0,LA,,
15678,30031,3.0,EMEA,25.0,Izmit
15678,30031,4.0,AP,,
15685,30083,3.0,EMEA,23.0,Adapazari
15685,30083,3.0,EMEA,25.0,Izmit
15810,31220,,,,
15847,31534,,,,
15849,31536,1.0,NA,,
15849,31536,2.0,LA,,
15849,31536,3.0,EMEA,,
15849,31536,4.0,AP,,
16188,36011,1.0,NA,,
16226,36275,,,,
16278,36677,,,,
16373,37452,1.0,NA,,
16373,37452,2.0,LA,,
16373,37452,3.0,EMEA,,
16373,37452,4.0,AP,,
16470,38509,,,,
16631,39889,1.0,NA,,
16631,39889,2.0,LA,,
16631,39889,3.0,EMEA,,
16631,39889,4.0,AP,,
16756,40776,1.0,NA,,
16757,40777,1.0,NA,,
16910,41814,2.0,LA,,
16967,42245,1.0,NA,,
16967,42245,2.0,LA,,
16967,42245,3.0,EMEA,,
16967,42245,4.0,AP,,
17062,42656,,,,
17086,42756,1.0,NA,,
17086,42756,2.0,LA,,
17086,42756,3.0,EMEA,,
17086,42756,4.0,AP,,
17202,43184,1.0,NA,,
17202,43184,2.0,LA,,
17202,43184,3.0,EMEA,,
17202,43184,4.0,AP,,
17312,43582,,,,
17386,43836,,,,
17588,44424,,,,
17637,44656,4.0,AP,,
17977,46458,4.0,AP,,
17800,45538,,,,
17875,45989,3.0,EMEA,,
17891,46004,1.0,NA,,
17891,46004,2.0,LA,,
17891,46004,3.0,EMEA,,
17892,46005,1.0,NA,,
17892,46005,2.0,LA,,
17892,46005,3.0,EMEA,,
17893,46006,1.0,NA,,
17893,46006,2.0,LA,,
17893,46006,3.0,EMEA,,
17894,46007,1.0,NA,,
17894,46007,2.0,LA,,
17894,46007,3.0,EMEA,,
17895,46008,1.0,NA,,
17895,46008,2.0,LA,,
17895,46008,3.0,EMEA,,
17896,46009,1.0,NA,,
17896,46009,2.0,LA,,
17896,46009,3.0,EMEA,,
17897,46010,1.0,NA,,
17897,46010,2.0,LA,,
17897,46010,3.0,EMEA,,
17942,46320,,,,
17972,46454,1.0,NA,,
17972,46454,2.0,LA,,
17972,46454,3.0,EMEA,,
17972,46454,4.0,AP,,
17978,46463,1.0,NA,,
17979,46464,1.0,NA,,
17989,46561,,,,
18000,46605,1.0,NA,,
18000,46605,2.0,LA,,
18002,46607,1.0,NA,,
18002,46607,2.0,LA,,
18003,46608,1.0,NA,,
18003,46608,2.0,LA,,
18004,46612,1.0,NA,,
18009,46703,1.0,NA,,
18009,46703,2.0,LA,,
18009,46703,3.0,EMEA,,
18009,46703,4.0,AP,,
18010,46710,,,,
18012,46743,1.0,NA,,
18018,46780,1.0,NA,,
18018,46780,2.0,LA,,
18018,46780,3.0,EMEA,,
18021,46850,,,,
15388,26952,1.0,NA,,
15388,26952,2.0,LA,,
15388,26952,3.0,EMEA,,
15388,26952,4.0,AP,,
15529,28455,1.0,NA,,
15553,28633,1.0,NA,,
15553,28633,2.0,LA,,
15553,28633,3.0,EMEA,,
15553,28633,4.0,AP,,
15574,28760,1.0,NA,,
15574,28760,2.0,LA,,
15574,28760,3.0,EMEA,,
15574,28760,4.0,AP,,
15641,29516,,,,
15705,30209,1.0,NA,,
15705,30209,2.0,LA,,
15705,30209,3.0,EMEA,,
15705,30209,4.0,AP,,
15916,32223,,,,
16375,37454,4.0,AP,37.0,Malaysia
16375,37454,4.0,AP,40.0,Thailand
16375,37454,4.0,AP,42.0,Nippon Giant
16375,37454,4.0,AP,45.0,Ballabgarh
16375,37454,4.0,AP,46.0,Aurangabad
16375,37454,4.0,AP,47.0,Indonesia
16375,37454,4.0,AP,349.0,Prinx Chengshan
16378,37534,1.0,NA,,
16378,37534,2.0,LA,,
16378,37534,4.0,AP,,
16399,37725,1.0,NA,,
16399,37725,2.0,LA,,
16399,37725,3.0,EMEA,,
16399,37725,4.0,AP,,
16484,38652,,,,
16612,39783,1.0,NA,,
16612,39783,3.0,EMEA,,
16620,39791,1.0,NA,,
16785,41049,4.0,AP,42.0,Nippon Giant
16889,41647,4.0,AP,,
17001,42401,,,,
17072,42723,,,,
17218,43231,,,,
17360,43776,,,,
17363,43779,,,,
17508,44268,1.0,NA,,
17508,44268,2.0,LA,,
17508,44268,3.0,EMEA,,
17508,44268,4.0,AP,,
17759,45211,,,,
17784,45416,1.0,NA,,
17784,45416,2.0,LA,,
17784,45416,3.0,EMEA,,
17784,45416,4.0,AP,,
17864,45918,1.0,NA,,
17864,45918,2.0,LA,,
17864,45918,3.0,EMEA,,
17864,45918,4.0,AP,,
17866,45919,1.0,NA,,
17866,45919,2.0,LA,,
17866,45919,3.0,EMEA,,
17866,45919,4.0,AP,,
17970,46424,1.0,NA,,
17971,46425,1.0,NA,,
17971,46425,2.0,LA,,
17971,46425,3.0,EMEA,,
17971,46425,4.0,AP,,
17995,46600,,,,
17996,46601,,,,
17549,44309,2.0,LA,,
17551,44311,2.0,LA,,
17553,44313,2.0,LA,,
17590,44443,3.0,EMEA,23.0,Adapazari
17590,44443,3.0,EMEA,25.0,Izmit
17590,44443,3.0,EMEA,27.0,South Africa
17590,44443,3.0,EMEA,48.0,Amiens South
17592,44451,,,,
17814,45656,,,,
17816,45658,,,,
17905,46046,1.0,NA,,
17905,46046,2.0,LA,,
17905,46046,3.0,EMEA,,
17930,46219,1.0,NA,,
17930,46219,2.0,LA,,
17930,46219,3.0,EMEA,,
17930,46219,4.0,AP,,
17932,46224,1.0,NA,,
17932,46224,2.0,LA,,
17932,46224,3.0,EMEA,,
17932,46224,4.0,AP,,
17933,46225,1.0,NA,,
17933,46225,2.0,LA,,
17933,46225,3.0,EMEA,,
17933,46225,4.0,AP,,
17946,46362,,,,
17947,46363,,,,
17948,46364,,,,
17949,46365,,,,
17950,46366,,,,
17953,46369,,,,
17954,46370,,,,
17955,46371,,,,
17956,46372,,,,
17958,46373,,,,
17959,46374,,,,
15420,27468,,,,
15442,27702,4.0,AP,,
15508,28147,1.0,NA,,
15508,28147,2.0,LA,,
15508,28147,3.0,EMEA,,
15508,28147,4.0,AP,,
15510,28204,2.0,LA,,
15824,31398,1.0,NA,,
15824,31398,2.0,LA,,
15824,31398,4.0,AP,,
15924,32348,,,,
15998,33966,,,,
16070,34879,1.0,NA,,
16070,34879,2.0,LA,,
16070,34879,3.0,EMEA,,
16070,34879,4.0,AP,,
16200,36068,1.0,NA,,
16200,36068,2.0,LA,,
16200,36068,3.0,EMEA,,
16200,36068,4.0,AP,,
16440,38301,,,,
16686,40271,1.0,NA,,
16686,40271,2.0,LA,,
16686,40271,3.0,EMEA,,
16686,40271,4.0,AP,,
16722,40638,1.0,NA,,
16722,40638,2.0,LA,,
16722,40638,4.0,AP,,
16866,41505,,,,
16912,41816,1.0,NA,,
16912,41816,2.0,LA,,
16912,41816,3.0,EMEA,,
16912,41816,4.0,AP,40.0,Thailand
16912,41816,1.0,NA,,
16912,41816,2.0,LA,,
16912,41816,3.0,EMEA,,
16912,41816,4.0,AP,47.0,Indonesia
16914,41852,1.0,NA,,
16914,41852,2.0,LA,,
16914,41852,3.0,EMEA,,
16914,41852,4.0,AP,,
16959,42232,,,,
17116,42894,1.0,NA,,
17224,43252,,,,
17380,43830,,,,
17387,43837,1.0,NA,,
17387,43837,2.0,LA,,
17387,43837,3.0,EMEA,,
17387,43837,4.0,AP,,
17462,44133,4.0,AP,,
17584,44373,2.0,LA,,
17585,44374,1.0,NA,,
17585,44374,2.0,LA,,
17585,44374,3.0,EMEA,,
17585,44374,4.0,AP,,
17743,45037,1.0,NA,,
17743,45037,2.0,LA,,
17743,45037,3.0,EMEA,,
17743,45037,4.0,AP,,
17756,45208,1.0,NA,,
18022,46851,1.0,NA,,
18022,46851,2.0,LA,,
18022,46851,3.0,EMEA,,
18022,46851,4.0,AP,,
18024,46852,,,,
18025,46853,,,,
18026,46854,,,,
18027,46855,,,,
18028,46856,,,,
18029,46857,,,,
18030,46858,,,,
18031,46859,,,,
18032,46860,,,,
18033,46861,,,,
18034,46862,,,,
18035,46863,,,,
18036,46864,,,,
18037,46865,,,,
18038,46899,,,,
18039,46902,,,,
18042,46938,1.0,NA,,
18043,46939,1.0,NA,,
18044,46940,,,,
18053,47054,,,,
18061,47163,1.0,NA,,
18066,47168,2.0,LA,,
18080,47326,,,,
18082,47328,1.0,NA,,
18082,47328,2.0,LA,,
18082,47328,3.0,EMEA,,
18082,47328,4.0,AP,,
18084,47360,1.0,NA,,
18101,47443,1.0,NA,,
18101,47443,2.0,LA,,
18101,47443,3.0,EMEA,,
18101,47443,4.0,AP,,
15413,27128,,,,
15422,27470,,,,
15470,27991,,,,
15471,27992,1.0,NA,,
15626,29446,1.0,NA,,
15626,29446,2.0,LA,,
15626,29446,3.0,EMEA,,
15626,29446,4.0,AP,,
15725,30326,1.0,NA,,
15725,30326,2.0,LA,,
15725,30326,3.0,EMEA,,
15725,30326,4.0,AP,,
16197,36059,1.0,NA,,
16197,36059,2.0,LA,,
16197,36059,3.0,EMEA,23.0,Adapazari
16197,36059,4.0,AP,,
16197,36059,1.0,NA,,
16197,36059,2.0,LA,,
16197,36059,3.0,EMEA,25.0,Izmit
16197,36059,4.0,AP,,
16197,36059,1.0,NA,,
16197,36059,2.0,LA,,
16197,36059,3.0,EMEA,,
16197,36059,4.0,AP,42.0,Nippon Giant
16197,36059,1.0,NA,,
16197,36059,2.0,LA,,
16197,36059,3.0,EMEA,,
16197,36059,4.0,AP,100.0,Pulandian
16220,36210,1.0,NA,,
16220,36210,2.0,LA,,
16220,36210,3.0,EMEA,,
16220,36210,4.0,AP,,
16349,37292,1.0,NA,9.0,Medicine Hat
16349,37292,2.0,LA,,
16349,37292,3.0,EMEA,,
16349,37292,4.0,AP,,
16349,37292,1.0,NA,10.0,Napanee
16349,37292,2.0,LA,,
16349,37292,3.0,EMEA,,
16349,37292,4.0,AP,,
16349,37292,1.0,NA,11.0,Valleyfield
16349,37292,2.0,LA,,
16349,37292,3.0,EMEA,,
16349,37292,4.0,AP,,
16349,37292,1.0,NA,,
16349,37292,2.0,LA,,
16349,37292,3.0,EMEA,23.0,Adapazari
16349,37292,4.0,AP,,
16349,37292,1.0,NA,,
16349,37292,2.0,LA,,
16349,37292,3.0,EMEA,25.0,Izmit
16349,37292,4.0,AP,,
16349,37292,1.0,NA,,
16349,37292,2.0,LA,,
16349,37292,3.0,EMEA,,
16349,37292,4.0,AP,42.0,Nippon Giant
16486,38726,1.0,NA,,
16742,40710,1.0,NA,,
16742,40710,2.0,LA,,
16742,40710,3.0,EMEA,,
16742,40710,4.0,AP,,
16765,40824,1.0,NA,,
16922,41972,,,,
16928,41996,1.0,NA,,
16928,41996,2.0,LA,,
16928,41996,3.0,EMEA,,
16928,41996,4.0,AP,,
17069,42714,1.0,NA,,
17069,42714,2.0,LA,,
17069,42714,3.0,EMEA,,
17069,42714,4.0,AP,,
17126,42926,,,,
17152,43001,3.0,EMEA,,
17418,44015,,,,
17570,44359,1.0,NA,,
17570,44359,2.0,LA,,
17570,44359,4.0,AP,,
17594,44462,1.0,NA,,
17594,44462,2.0,LA,,
17594,44462,4.0,AP,,
17595,44463,1.0,NA,,
17595,44463,2.0,LA,,
17595,44463,3.0,EMEA,,
17595,44463,4.0,AP,,
17640,44659,3.0,EMEA,,
17642,44661,3.0,EMEA,,
17643,44662,,,,
17960,46375,,,,
17961,46376,,,,
17962,46377,,,,
17963,46378,,,,
17964,46379,,,,
17965,46380,,,,
17992,46597,1.0,NA,,
17992,46597,2.0,LA,,
17997,46602,,,,
17998,46603,1.0,NA,,
17998,46603,2.0,LA,,
17999,46604,1.0,NA,,
17999,46604,2.0,LA,,
18001,46606,1.0,NA,,
18001,46606,2.0,LA,,
18011,46712,1.0,NA,,
18014,46747,,,,
18015,46748,,,,
18016,46779,1.0,NA,,
18016,46779,3.0,EMEA,,
18046,46944,,,,
18052,47051,1.0,NA,,
18054,47091,1.0,NA,,
18056,47125,1.0,NA,,
18070,47207,1.0,NA,,
18073,47242,1.0,NA,,
18074,47280,1.0,NA,,
18074,47280,2.0,LA,,
18074,47280,3.0,EMEA,,
18074,47280,4.0,AP,,
18085,47361,1.0,NA,,
18085,47361,2.0,LA,,
18085,47361,3.0,EMEA,,
18085,47361,4.0,AP,,
18086,47362,1.0,NA,,
18086,47362,2.0,LA,,
18086,47362,3.0,EMEA,,
18086,47362,4.0,AP,,
18089,47365,4.0,AP,,
18092,47400,,,,
18095,47403,,,,
18096,47404,,,,
15314,26589,,,,
15342,26671,1.0,NA,,
15342,26671,2.0,LA,,
15342,26671,3.0,EMEA,,
15342,26671,4.0,AP,,
15360,26788,1.0,NA,,
15437,27647,1.0,NA,,
15527,28453,1.0,NA,,
15567,28753,,,,
15633,29502,1.0,NA,,
15633,29502,2.0,LA,,
15633,29502,4.0,AP,,
15825,31399,3.0,EMEA,,
15975,33640,1.0,NA,,
15975,33640,2.0,LA,,
15975,33640,3.0,EMEA,,
15975,33640,4.0,AP,,
15976,33641,1.0,NA,,
15976,33641,2.0,LA,,
15976,33641,3.0,EMEA,,
15976,33641,4.0,AP,,
16036,34300,,,,
16164,35605,,,,
16174,35688,,,,
16418,37950,3.0,EMEA,,
16433,38152,,,,
16622,39828,1.0,NA,,
16738,40674,1.0,NA,,
16738,40674,2.0,LA,,
16738,40674,3.0,EMEA,,
16738,40674,4.0,AP,,
16842,41386,1.0,NA,,
16842,41386,2.0,LA,,
16842,41386,3.0,EMEA,,
16842,41386,4.0,AP,,
16936,42127,1.0,NA,,
16936,42127,2.0,LA,,
16936,42127,3.0,EMEA,,
17042,42541,1.0,NA,,
17042,42541,2.0,LA,,
17042,42541,3.0,EMEA,,
17042,42541,4.0,AP,,
17052,42576,,,,
17147,42988,,,,
17209,43210,,,,
17311,43580,1.0,NA,,
17311,43580,2.0,LA,,
17311,43580,3.0,EMEA,,
17311,43580,4.0,AP,,
17390,43882,1.0,NA,,
17390,43882,2.0,LA,,
17390,43882,3.0,EMEA,,
17390,43882,4.0,AP,42.0,Nippon Giant
17706,44827,,,,
18106,47525,1.0,NA,,
18106,47525,2.0,LA,,
18124,47601,,,,
18140,47720,,,,
18143,47724,1.0,NA,9.0,Medicine Hat
18143,47724,2.0,LA,,
18143,47724,1.0,NA,10.0,Napanee
18143,47724,2.0,LA,,
18143,47724,1.0,NA,11.0,Valleyfield
18143,47724,2.0,LA,,
18147,47755,2.0,LA,,
18148,47756,2.0,LA,,
18149,47759,,,,
18150,47760,,,,
18158,47816,,,,
18159,47817,,,,
18160,47818,1.0,NA,,
18160,47818,2.0,LA,,
18160,47818,3.0,EMEA,23.0,Adapazari
18160,47818,4.0,AP,,
18160,47818,1.0,NA,,
18160,47818,2.0,LA,,
18160,47818,3.0,EMEA,25.0,Izmit
18160,47818,4.0,AP,,
18164,47871,1.0,NA,,
18164,47871,2.0,LA,,
18164,47871,3.0,EMEA,,
18164,47871,4.0,AP,,
18198,48076,1.0,NA,,
18212,48118,,,,
18213,48120,,,,
18214,48121,,,,
18216,48122,,,,
18218,48145,,,,
18219,48146,,,,
15372,26840,2.0,LA,,
15853,31540,,,,
15909,32159,,,,
15967,33507,,,,
16080,34939,1.0,NA,,
16084,34985,,,,
16129,35280,1.0,NA,,
16129,35280,2.0,LA,,
16129,35280,3.0,EMEA,,
16129,35280,4.0,AP,,
16158,35521,,,,
16159,35522,,,,
16280,36712,1.0,NA,,
16280,36712,2.0,LA,,
16280,36712,3.0,EMEA,,
16280,36712,4.0,AP,,
16328,37065,1.0,NA,,
16328,37065,2.0,LA,,
16328,37065,3.0,EMEA,,
16328,37065,4.0,AP,,
16390,37610,1.0,NA,,
16390,37610,2.0,LA,,
16390,37610,3.0,EMEA,,
16390,37610,4.0,AP,,
16464,38469,,,,
16482,38646,1.0,NA,,
16482,38646,2.0,LA,,
16482,38646,3.0,EMEA,,
16482,38646,4.0,AP,,
16557,39065,1.0,NA,,
16557,39065,2.0,LA,,
16557,39065,3.0,EMEA,,
16557,39065,4.0,AP,,
16681,40202,1.0,NA,,
16720,40637,1.0,NA,,
16720,40637,2.0,LA,,
16720,40637,3.0,EMEA,,
16720,40637,4.0,AP,,
16938,42153,1.0,NA,,
16938,42153,2.0,LA,,
16938,42153,3.0,EMEA,,
16938,42153,4.0,AP,,
17254,43423,,,,
17324,43638,1.0,NA,,
17324,43638,2.0,LA,,
17324,43638,3.0,EMEA,,
17324,43638,4.0,AP,,
17657,44721,3.0,EMEA,,
17776,45371,2.0,LA,,
17777,45372,2.0,LA,,
17778,45373,2.0,LA,,
17779,45374,3.0,EMEA,,
17782,45414,,,,
17783,45415,1.0,NA,,
17783,45415,2.0,LA,,
17783,45415,3.0,EMEA,,
17783,45415,4.0,AP,,
18097,47405,,,,
18098,47437,,,,
18102,47475,,,,
18104,47478,1.0,NA,,
18104,47478,2.0,LA,,
18104,47478,3.0,EMEA,,
18104,47478,4.0,AP,,
18108,47553,3.0,EMEA,23.0,Adapazari
18108,47553,3.0,EMEA,25.0,Izmit
18108,47553,3.0,EMEA,27.0,South Africa
18108,47553,3.0,EMEA,261.0,DRC Kauucuk
18108,47553,3.0,EMEA,267.0,Kolsan
18108,47553,3.0,EMEA,274.0,Ozka Lastik ve Kaucuk Inc.
18108,47553,3.0,EMEA,280.0,S and N Rubber¿
18108,47553,3.0,EMEA,284.0,Vil Kaucuk San.ve Tic. Ltd Sti
18109,47554,3.0,EMEA,23.0,Adapazari
18109,47554,3.0,EMEA,25.0,Izmit
18109,47554,3.0,EMEA,27.0,South Africa
18109,47554,3.0,EMEA,261.0,DRC Kauucuk
18109,47554,3.0,EMEA,267.0,Kolsan
18109,47554,3.0,EMEA,274.0,Ozka Lastik ve Kaucuk Inc.
18109,47554,3.0,EMEA,280.0,S and N Rubber¿
18109,47554,3.0,EMEA,284.0,Vil Kaucuk San.ve Tic. Ltd Sti
18110,47555,3.0,EMEA,23.0,Adapazari
18110,47555,3.0,EMEA,25.0,Izmit
18110,47555,3.0,EMEA,27.0,South Africa
18110,47555,3.0,EMEA,261.0,DRC Kauucuk
18110,47555,3.0,EMEA,267.0,Kolsan
18110,47555,3.0,EMEA,274.0,Ozka Lastik ve Kaucuk Inc.
18110,47555,3.0,EMEA,280.0,S and N Rubber¿
18110,47555,3.0,EMEA,284.0,Vil Kaucuk San.ve Tic. Ltd Sti
18111,47556,3.0,EMEA,23.0,Adapazari
18111,47556,3.0,EMEA,25.0,Izmit
18111,47556,3.0,EMEA,27.0,South Africa
18111,47556,3.0,EMEA,261.0,DRC Kauucuk
18111,47556,3.0,EMEA,267.0,Kolsan
18111,47556,3.0,EMEA,274.0,Ozka Lastik ve Kaucuk Inc.
18111,47556,3.0,EMEA,280.0,S and N Rubber¿
18111,47556,3.0,EMEA,284.0,Vil Kaucuk San.ve Tic. Ltd Sti
18112,47557,3.0,EMEA,23.0,Adapazari
18112,47557,3.0,EMEA,25.0,Izmit
18112,47557,3.0,EMEA,27.0,South Africa
18112,47557,3.0,EMEA,261.0,DRC Kauucuk
18112,47557,3.0,EMEA,267.0,Kolsan
18112,47557,3.0,EMEA,274.0,Ozka Lastik ve Kaucuk Inc.
18112,47557,3.0,EMEA,280.0,S and N Rubber¿
18112,47557,3.0,EMEA,284.0,Vil Kaucuk San.ve Tic. Ltd Sti
18113,47559,3.0,EMEA,23.0,Adapazari
18113,47559,3.0,EMEA,25.0,Izmit
18113,47559,3.0,EMEA,27.0,South Africa
18113,47559,3.0,EMEA,261.0,DRC Kauucuk
18113,47559,3.0,EMEA,267.0,Kolsan
18113,47559,3.0,EMEA,274.0,Ozka Lastik ve Kaucuk Inc.
18113,47559,3.0,EMEA,280.0,S and N Rubber¿
18113,47559,3.0,EMEA,284.0,Vil Kaucuk San.ve Tic. Ltd Sti
18114,47560,3.0,EMEA,23.0,Adapazari
18114,47560,3.0,EMEA,25.0,Izmit
18114,47560,3.0,EMEA,27.0,South Africa
18114,47560,3.0,EMEA,261.0,DRC Kauucuk
18114,47560,3.0,EMEA,267.0,Kolsan
18114,47560,3.0,EMEA,274.0,Ozka Lastik ve Kaucuk Inc.
18114,47560,3.0,EMEA,280.0,S and N Rubber¿
18114,47560,3.0,EMEA,284.0,Vil Kaucuk San.ve Tic. Ltd Sti
18115,47562,3.0,EMEA,23.0,Adapazari
18115,47562,3.0,EMEA,25.0,Izmit
18115,47562,3.0,EMEA,27.0,South Africa
18115,47562,3.0,EMEA,261.0,DRC Kauucuk
18115,47562,3.0,EMEA,267.0,Kolsan
18115,47562,3.0,EMEA,274.0,Ozka Lastik ve Kaucuk Inc.
18115,47562,3.0,EMEA,280.0,S and N Rubber¿
18115,47562,3.0,EMEA,284.0,Vil Kaucuk San.ve Tic. Ltd Sti
18116,47563,3.0,EMEA,23.0,Adapazari
18116,47563,3.0,EMEA,25.0,Izmit
18116,47563,3.0,EMEA,27.0,South Africa
18116,47563,3.0,EMEA,261.0,DRC Kauucuk
18116,47563,3.0,EMEA,267.0,Kolsan
18116,47563,3.0,EMEA,274.0,Ozka Lastik ve Kaucuk Inc.
18116,47563,3.0,EMEA,280.0,S and N Rubber¿
18116,47563,3.0,EMEA,284.0,Vil Kaucuk San.ve Tic. Ltd Sti
18117,47564,3.0,EMEA,23.0,Adapazari
18117,47564,3.0,EMEA,25.0,Izmit
18117,47564,3.0,EMEA,27.0,South Africa
18117,47564,3.0,EMEA,261.0,DRC Kauucuk
18117,47564,3.0,EMEA,267.0,Kolsan
18117,47564,3.0,EMEA,274.0,Ozka Lastik ve Kaucuk Inc.
18117,47564,3.0,EMEA,280.0,S and N Rubber¿
18117,47564,3.0,EMEA,284.0,Vil Kaucuk San.ve Tic. Ltd Sti
18118,47565,3.0,EMEA,23.0,Adapazari
18118,47565,3.0,EMEA,25.0,Izmit
18118,47565,3.0,EMEA,27.0,South Africa
18118,47565,3.0,EMEA,261.0,DRC Kauucuk
18118,47565,3.0,EMEA,267.0,Kolsan
18118,47565,3.0,EMEA,274.0,Ozka Lastik ve Kaucuk Inc.
18118,47565,3.0,EMEA,280.0,S and N Rubber¿
18118,47565,3.0,EMEA,284.0,Vil Kaucuk San.ve Tic. Ltd Sti
18120,47598,,,,
18142,47723,1.0,NA,,
18142,47723,2.0,LA,,
18156,47791,2.0,LA,,
18157,47792,2.0,LA,,
18178,47939,1.0,NA,,
18178,47939,2.0,LA,,
18178,47939,3.0,EMEA,,
18178,47939,4.0,AP,,
18186,47977,1.0,NA,,
18187,47978,1.0,NA,,
18188,47979,1.0,NA,,
18189,47980,1.0,NA,,
15385,26939,1.0,NA,9.0,Medicine Hat
15385,26939,2.0,LA,,
15385,26939,3.0,EMEA,,
15385,26939,4.0,AP,,
15385,26939,1.0,NA,10.0,Napanee
15385,26939,2.0,LA,,
15385,26939,3.0,EMEA,,
15385,26939,4.0,AP,,
15385,26939,1.0,NA,11.0,Valleyfield
15385,26939,2.0,LA,,
15385,26939,3.0,EMEA,,
15385,26939,4.0,AP,,
15418,27457,1.0,NA,,
15418,27457,2.0,LA,,
15418,27457,4.0,AP,,
15752,30631,1.0,NA,,
15752,30631,2.0,LA,,
15752,30631,3.0,EMEA,,
15752,30631,4.0,AP,,
15861,31763,1.0,NA,,
15861,31763,2.0,LA,,
15861,31763,3.0,EMEA,,
15861,31763,4.0,AP,,
15880,31953,,,,
16152,35478,1.0,NA,,
16152,35478,2.0,LA,,
16152,35478,3.0,EMEA,23.0,Adapazari
16152,35478,4.0,AP,,
16152,35478,1.0,NA,,
16152,35478,2.0,LA,,
16152,35478,3.0,EMEA,25.0,Izmit
16152,35478,4.0,AP,,
16249,36434,3.0,EMEA,,
16290,36782,,,,
16434,38199,,,,
16566,39262,3.0,EMEA,,
16726,40642,,,,
16845,41397,1.0,NA,,
16845,41397,2.0,LA,,
16845,41397,3.0,EMEA,,
16845,41397,4.0,AP,,
16874,41567,,,,
16888,41646,4.0,AP,,
17060,42619,,,,
17066,42675,,,,
17235,43346,1.0,NA,,
17235,43346,2.0,LA,,
17235,43346,3.0,EMEA,,
17235,43346,4.0,AP,,
17314,43584,1.0,NA,9.0,Medicine Hat
17314,43584,2.0,LA,,
17314,43584,3.0,EMEA,,
17314,43584,4.0,AP,,
17314,43584,1.0,NA,10.0,Napanee
17314,43584,2.0,LA,,
17314,43584,3.0,EMEA,,
17314,43584,4.0,AP,,
17314,43584,1.0,NA,11.0,Valleyfield
17314,43584,2.0,LA,,
17314,43584,3.0,EMEA,,
17314,43584,4.0,AP,,
17464,44134,4.0,AP,,
17587,44414,1.0,NA,,
17587,44414,2.0,LA,,
17587,44414,3.0,EMEA,,
17587,44414,4.0,AP,,
17644,44665,,,,
17646,44673,4.0,AP,42.0,Nippon Giant
17647,44674,1.0,NA,,
17647,44674,2.0,LA,,
17647,44674,3.0,EMEA,,
17647,44674,4.0,AP,,
17667,44748,,,,
17668,44749,,,,
17669,44750,,,,
18221,48149,,,,
18222,48150,,,,
18223,48151,4.0,AP,,
18225,48153,,,,
18226,48154,,,,
18232,48158,1.0,NA,,
18244,48198,1.0,NA,,
18264,48417,,,,
18273,48426,1.0,NA,,
18273,48426,2.0,LA,,
18273,48426,3.0,EMEA,,
18273,48426,4.0,AP,,
18274,48427,1.0,NA,,
18274,48427,2.0,LA,,
18274,48427,3.0,EMEA,23.0,Adapazari
18274,48427,4.0,AP,,
18274,48427,1.0,NA,,
18274,48427,2.0,LA,,
18274,48427,3.0,EMEA,25.0,Izmit
18274,48427,4.0,AP,,
18274,48427,1.0,NA,,
18274,48427,2.0,LA,,
18274,48427,3.0,EMEA,261.0,DRC Kauucuk
18274,48427,4.0,AP,,
18274,48427,1.0,NA,,
18274,48427,2.0,LA,,
18274,48427,3.0,EMEA,267.0,Kolsan
18274,48427,4.0,AP,,
18274,48427,1.0,NA,,
18274,48427,2.0,LA,,
18274,48427,3.0,EMEA,274.0,Ozka Lastik ve Kaucuk Inc.
18274,48427,4.0,AP,,
18274,48427,1.0,NA,,
18274,48427,2.0,LA,,
18274,48427,3.0,EMEA,284.0,Vil Kaucuk San.ve Tic. Ltd Sti
18274,48427,4.0,AP,,
18278,48434,,,,
18282,48438,,,,
18284,48495,1.0,NA,,
18284,48495,2.0,LA,,
18284,48495,3.0,EMEA,,
18284,48495,4.0,AP,,
18285,48496,1.0,NA,,
18285,48496,2.0,LA,,
18285,48496,3.0,EMEA,,
18285,48496,4.0,AP,,
18286,48497,1.0,NA,,
18286,48497,2.0,LA,,
18286,48497,3.0,EMEA,,
18286,48497,4.0,AP,,
18287,48498,1.0,NA,,
18287,48498,2.0,LA,,
18288,48509,1.0,NA,,
18289,48510,,,,
18316,48910,,,,
18320,48915,1.0,NA,,
18320,48915,2.0,LA,,
18320,48915,3.0,EMEA,,
18320,48915,4.0,AP,,
18322,48919,1.0,NA,,
18326,48923,1.0,NA,,
18328,48950,,,,
18329,48951,,,,
18330,48952,,,,
15329,26606,,,,
15368,26836,,,,
15380,26899,,,,
15383,26902,1.0,NA,,
15436,27646,1.0,NA,,
15888,32026,1.0,NA,,
15908,32158,,,,
15944,32800,1.0,NA,,
15944,32800,2.0,LA,,
15944,32800,4.0,AP,,
16034,34298,,,,
16229,36278,1.0,NA,,
16229,36278,2.0,LA,,
16229,36278,3.0,EMEA,,
16229,36278,4.0,AP,,
16289,36781,,,,
16498,38765,,,,
16530,38895,,,,
16579,39366,,,,
16712,40492,1.0,NA,,
16712,40492,2.0,LA,,
16712,40492,3.0,EMEA,,
16712,40492,4.0,AP,,
16763,40822,1.0,NA,,
16770,40850,4.0,AP,42.0,Nippon Giant
17002,42402,,,,
17010,42450,1.0,NA,,
17068,42713,1.0,NA,,
17068,42713,2.0,LA,,
17068,42713,3.0,EMEA,,
17068,42713,4.0,AP,,
17130,42953,1.0,NA,,
17561,44327,,,,
17571,44360,1.0,NA,,
17571,44360,2.0,LA,,
17571,44360,4.0,AP,,
17620,44580,1.0,NA,,
17620,44580,2.0,LA,,
17620,44580,3.0,EMEA,,
17620,44580,4.0,AP,,
17621,44581,1.0,NA,,
17621,44581,2.0,LA,,
17621,44581,3.0,EMEA,,
17621,44581,4.0,AP,,
17785,45417,1.0,NA,,
17785,45417,2.0,LA,,
17785,45417,3.0,EMEA,,
17785,45417,4.0,AP,,
17868,45922,1.0,NA,,
17868,45922,2.0,LA,,
17868,45922,3.0,EMEA,,
17868,45922,4.0,AP,,
17885,45998,1.0,NA,,
17885,45998,2.0,LA,,
17885,45998,3.0,EMEA,,
17902,46040,3.0,EMEA,18.0,Debica
17902,46040,3.0,EMEA,19.0,Philippsburg
17902,46040,3.0,EMEA,21.0,Luxembourg
17902,46040,3.0,EMEA,24.0,Sava
17902,46040,3.0,EMEA,26.0,Fulda
17902,46040,3.0,EMEA,27.0,South Africa
17902,46040,3.0,EMEA,28.0,Wolverhampton
17902,46040,3.0,EMEA,48.0,Amiens South
17902,46040,3.0,EMEA,49.0,Montlucon
17902,46040,3.0,EMEA,50.0,Hanau
17902,46040,3.0,EMEA,51.0,Wittlich
17902,46040,3.0,EMEA,52.0,Fuerstenwalde
17902,46040,3.0,EMEA,53.0,Riesa
17902,46040,3.0,EMEA,180.0,Polymer-Technik Elbe GmbH
17902,46040,3.0,EMEA,200.0,ICM*L
17902,46040,3.0,EMEA,220.0,RCCE
17902,46040,3.0,EMEA,260.0,Conbelts Bytom-SAEU
17902,46040,3.0,EMEA,261.0,DRC Kauucuk
17902,46040,3.0,EMEA,262.0,Empresa Industrial de Borracha SA-EIB
17902,46040,3.0,EMEA,263.0,FTT Stomil Wolbrom SA
17902,46040,3.0,EMEA,264.0,Geyer and Hosaja-Zak-ADY Gumowe w Mielcu-Sp. Zo.o
17902,46040,3.0,EMEA,265.0,Hexpol - Berwin
17902,46040,3.0,EMEA,266.0,Kabat Tyre
17902,46040,3.0,EMEA,267.0,Kolsan
17902,46040,3.0,EMEA,268.0,Kraiburg Austria GmbH and Co. KG
17902,46040,3.0,EMEA,269.0,Marangoni S.p.A Rovereto
17902,46040,3.0,EMEA,270.0,Marangoni S.p.A Hamburg
17902,46040,3.0,EMEA,271.0,Matrax s.r.o.
17902,46040,3.0,EMEA,272.0,Multiblend
17902,46040,3.0,EMEA,273.0,Omya Uk Limited-Masterbatches
17902,46040,3.0,EMEA,274.0,Ozka Lastik ve Kaucuk Inc.
17902,46040,3.0,EMEA,275.0,Peintures Robin S.A-Paints /Cements
17902,46040,3.0,EMEA,276.0,Phoenix Compound Technology Hamburg
17902,46040,3.0,EMEA,277.0,Phoenix Compound Technology Waltershausen
17902,46040,3.0,EMEA,279.0,ProPS s.r.o.
17902,46040,3.0,EMEA,280.0,S and N Rubber¿
17902,46040,3.0,EMEA,281.0,Socamont-S.A.
17902,46040,3.0,EMEA,282.0,Stomil Poznan
17902,46040,3.0,EMEA,283.0,Tecnogum
17902,46040,3.0,EMEA,284.0,Vil Kaucuk San.ve Tic. Ltd Sti
17902,46040,3.0,EMEA,285.0,Zaklady Chemiczne BOCHEM Sp. z o.o
18190,47981,1.0,NA,,
18191,47982,1.0,NA,,
18208,48111,1.0,NA,,
18208,48111,3.0,EMEA,,
18209,48112,1.0,NA,,
18209,48112,3.0,EMEA,,
18250,48294,,,,
18290,48567,,,,
18308,48853,1.0,NA,,
18308,48853,2.0,LA,,
18308,48853,3.0,EMEA,,
18308,48853,4.0,AP,,
18317,48911,,,,
18324,48921,1.0,NA,,
18327,48924,1.0,NA,,
18342,48989,,,,
18343,48990,,,,
18345,49014,,,,
18360,49084,1.0,NA,,
18364,49154,1.0,NA,,
18364,49154,3.0,EMEA,,
18367,49156,1.0,NA,,
18367,49156,3.0,EMEA,,
18368,49157,1.0,NA,,
18368,49157,3.0,EMEA,,
18374,49228,3.0,EMEA,,
18377,49230,1.0,NA,,
18377,49230,2.0,LA,,
18377,49230,3.0,EMEA,,
18377,49230,4.0,AP,,
18378,49231,1.0,NA,,
18378,49231,2.0,LA,,
18378,49231,3.0,EMEA,,
18378,49231,4.0,AP,,
18380,49257,,,,
18384,49282,1.0,NA,,
18384,49282,2.0,LA,,
18384,49282,4.0,AP,,
18386,49314,,,,
18390,49423,3.0,EMEA,23.0,Adapazari
18390,49423,3.0,EMEA,25.0,Izmit
18390,49423,3.0,EMEA,261.0,DRC Kauucuk
18390,49423,3.0,EMEA,267.0,Kolsan
18390,49423,3.0,EMEA,274.0,Ozka Lastik ve Kaucuk Inc.
18390,49423,3.0,EMEA,284.0,Vil Kaucuk San.ve Tic. Ltd Sti
18408,49483,1.0,NA,,
18408,49483,2.0,LA,,
18408,49483,3.0,EMEA,,
18408,49483,4.0,AP,,
18409,49484,1.0,NA,,
18409,49484,2.0,LA,,
18409,49484,3.0,EMEA,,
18409,49484,4.0,AP,,
18416,49490,,,,
15320,26596,1.0,NA,,
15320,26596,2.0,LA,,
15320,26596,3.0,EMEA,,
15320,26596,4.0,AP,42.0,Nippon Giant
15357,26760,,,,
15370,26838,2.0,LA,,
15396,26985,1.0,NA,,
15396,26985,2.0,LA,30.0,Americana
15396,26985,3.0,EMEA,,
15396,26985,4.0,AP,,
15773,30802,,,,
15780,30921,1.0,NA,,
15865,31766,1.0,NA,,
16144,35382,,,,
16196,36058,3.0,EMEA,,
16218,36209,,,,
16260,36528,1.0,NA,,
16260,36528,2.0,LA,,
16260,36528,3.0,EMEA,,
16260,36528,4.0,AP,,
16274,36672,,,,
16308,36873,,,,
16544,38964,1.0,NA,,
16544,38964,2.0,LA,,
16544,38964,3.0,EMEA,,
16544,38964,4.0,AP,,
16574,39327,,,,
16585,39457,,,,
16636,39900,1.0,NA,,
16636,39900,2.0,LA,,
16636,39900,3.0,EMEA,,
16636,39900,4.0,AP,,
16644,40001,,,,
16666,40108,3.0,EMEA,,
16670,40114,,,,
16780,41024,1.0,NA,,
16780,41024,2.0,LA,,
16780,41024,3.0,EMEA,,
16780,41024,4.0,AP,,
16822,41235,,,,
17020,42488,1.0,NA,,
17020,42488,2.0,LA,,
17040,42539,1.0,NA,,
17040,42539,2.0,LA,,
17040,42539,3.0,EMEA,,
17040,42539,4.0,AP,,
17065,42673,,,,
17091,42766,1.0,NA,,
17091,42766,2.0,LA,,
17091,42766,3.0,EMEA,,
17091,42766,4.0,AP,,
18332,48953,,,,
18334,48954,1.0,NA,,
18334,48954,2.0,LA,,
18334,48954,3.0,EMEA,,
18334,48954,4.0,AP,,
18335,48955,3.0,EMEA,,
18371,49161,,,,
18398,49444,,,,
18433,49533,1.0,NA,,
18433,49533,2.0,LA,,
18433,49533,3.0,EMEA,,
18433,49533,4.0,AP,,
18434,49535,1.0,NA,,
18434,49535,2.0,LA,,
18434,49535,3.0,EMEA,,
18434,49535,4.0,AP,,
18435,49538,1.0,NA,,
18435,49538,2.0,LA,,
18435,49538,3.0,EMEA,,
18435,49538,4.0,AP,,
18436,49540,1.0,NA,,
18436,49540,2.0,LA,,
18436,49540,3.0,EMEA,,
18436,49540,4.0,AP,,
18437,49541,1.0,NA,,
18437,49541,2.0,LA,,
18437,49541,3.0,EMEA,,
18437,49541,4.0,AP,,
18438,49542,1.0,NA,,
18438,49542,2.0,LA,,
18438,49542,3.0,EMEA,,
18438,49542,4.0,AP,,
18457,49739,1.0,NA,,
18457,49739,2.0,LA,,
18457,49739,3.0,EMEA,,
18457,49739,4.0,AP,,
18462,49925,,,,
18466,49964,,,,
18469,50003,,,,
18789,51898,,,,
18852,52725,1.0,NA,,
18852,52725,2.0,LA,,
18852,52725,3.0,EMEA,,
18852,52725,4.0,AP,,
18853,52726,1.0,NA,,
18853,52726,2.0,LA,,
18853,52726,3.0,EMEA,,
18853,52726,4.0,AP,,
18854,52727,1.0,NA,,
18854,52727,2.0,LA,,
18854,52727,3.0,EMEA,,
18854,52727,4.0,AP,,
19153,56174,1.0,NA,,
19153,56174,2.0,LA,,
19153,56174,3.0,EMEA,,
19153,56174,4.0,AP,,
19154,56175,1.0,NA,,
19154,56175,2.0,LA,,
19154,56175,3.0,EMEA,,
19154,56175,4.0,AP,,
19578,62494,1.0,NA,,
19578,62494,2.0,LA,,
19578,62494,3.0,EMEA,,
19578,62494,4.0,AP,,
19604,62753,4.0,AP,,
19608,62796,,,,
19635,62980,,,,
19637,62982,,,,
19666,63104,,,,
19710,63232,,,,
15297,26517,,,,
15406,27040,1.0,NA,,
15406,27040,2.0,LA,,
15406,27040,3.0,EMEA,,
15406,27040,4.0,AP,,
15438,27648,1.0,NA,,
15496,28132,1.0,NA,9.0,Medicine Hat
15496,28132,2.0,LA,,
15496,28132,3.0,EMEA,,
15496,28132,4.0,AP,,
15496,28132,1.0,NA,10.0,Napanee
15496,28132,2.0,LA,,
15496,28132,3.0,EMEA,,
15496,28132,4.0,AP,,
15496,28132,1.0,NA,11.0,Valleyfield
15496,28132,2.0,LA,,
15496,28132,3.0,EMEA,,
15496,28132,4.0,AP,,
15582,28942,1.0,NA,,
15610,29381,3.0,EMEA,,
15702,30206,1.0,NA,,
15702,30206,2.0,LA,,
15702,30206,3.0,EMEA,,
15702,30206,4.0,AP,,
15899,32096,,,,
15941,32668,,,,
16425,38001,1.0,NA,,
16425,38001,2.0,LA,,
16425,38001,3.0,EMEA,,
16425,38001,4.0,AP,,
16451,38349,1.0,NA,,
16451,38349,2.0,LA,,
16451,38349,3.0,EMEA,,
16572,39323,1.0,NA,,
16576,39329,1.0,NA,,
16576,39329,2.0,LA,,
16576,39329,3.0,EMEA,,
16576,39329,4.0,AP,,
16641,39939,1.0,NA,,
16682,40203,1.0,NA,,
16704,40391,1.0,NA,,
16704,40391,2.0,LA,,
16704,40391,3.0,EMEA,,
16704,40391,4.0,AP,,
16790,41060,1.0,NA,,
16863,41474,,,,
16880,41604,,,,
16940,42175,1.0,NA,,
16940,42175,2.0,LA,,
16940,42175,3.0,EMEA,,
16940,42175,4.0,AP,,
17027,42499,1.0,NA,,
17027,42499,2.0,LA,,
17027,42499,3.0,EMEA,,
17027,42499,4.0,AP,,
17033,42524,,,,
17079,42737,,,,
17112,42876,1.0,NA,,
17112,42876,2.0,LA,,
17112,42876,3.0,EMEA,,
17112,42876,4.0,AP,,
17304,43563,1.0,NA,,
17304,43563,2.0,LA,,
17304,43563,3.0,EMEA,,
17304,43563,4.0,AP,,
17307,43566,1.0,NA,,
17427,44052,1.0,NA,,
17427,44052,2.0,LA,,
17427,44052,3.0,EMEA,,
17427,44052,4.0,AP,,
17431,44056,1.0,NA,,
17494,44228,1.0,NA,9.0,Medicine Hat
17494,44228,2.0,LA,,
17494,44228,3.0,EMEA,,
17494,44228,4.0,AP,,
17494,44228,1.0,NA,10.0,Napanee
17494,44228,2.0,LA,,
17494,44228,3.0,EMEA,,
17494,44228,4.0,AP,,
17494,44228,1.0,NA,11.0,Valleyfield
17494,44228,2.0,LA,,
17494,44228,3.0,EMEA,,
17494,44228,4.0,AP,,
17910,46053,1.0,NA,,
17910,46053,2.0,LA,,
17910,46053,3.0,EMEA,,
17910,46053,4.0,AP,,
17913,46056,1.0,NA,,
17939,46318,1.0,NA,,
17940,46319,1.0,NA,,
17951,46367,,,,
18417,49491,,,,
18421,49519,,,,
18446,49653,,,,
18566,50547,,,,
19112,55646,1.0,NA,,
19112,55646,2.0,LA,,
19112,55646,3.0,EMEA,,
19112,55646,4.0,AP,40.0,Thailand
19112,55646,1.0,NA,,
19112,55646,2.0,LA,,
19112,55646,3.0,EMEA,,
19112,55646,4.0,AP,47.0,Indonesia
19113,55647,1.0,NA,,
19113,55647,2.0,LA,,
19113,55647,3.0,EMEA,23.0,Adapazari
19113,55647,4.0,AP,,
19113,55647,1.0,NA,,
19113,55647,2.0,LA,,
19113,55647,3.0,EMEA,25.0,Izmit
19113,55647,4.0,AP,,
19113,55647,1.0,NA,,
19113,55647,2.0,LA,,
19113,55647,3.0,EMEA,26.0,Fulda
19113,55647,4.0,AP,,
19113,55647,1.0,NA,,
19113,55647,2.0,LA,35.0,Peru
19113,55647,3.0,EMEA,,
19113,55647,4.0,AP,,
19113,55647,1.0,NA,,
19113,55647,2.0,LA,,
19113,55647,3.0,EMEA,,
19113,55647,4.0,AP,47.0,Indonesia
19113,55647,1.0,NA,,
19113,55647,2.0,LA,,
19113,55647,3.0,EMEA,50.0,Hanau
19113,55647,4.0,AP,,
19113,55647,1.0,NA,,
19113,55647,2.0,LA,,
19113,55647,3.0,EMEA,51.0,Wittlich
19113,55647,4.0,AP,,
19113,55647,1.0,NA,,
19113,55647,2.0,LA,,
19113,55647,3.0,EMEA,52.0,Fuerstenwalde
19113,55647,4.0,AP,,
19113,55647,1.0,NA,,
19113,55647,2.0,LA,,
19113,55647,3.0,EMEA,53.0,Riesa
19113,55647,4.0,AP,,
19114,55648,1.0,NA,,
19114,55648,2.0,LA,,
19114,55648,3.0,EMEA,23.0,Adapazari
19114,55648,4.0,AP,,
19114,55648,1.0,NA,,
19114,55648,2.0,LA,,
19114,55648,3.0,EMEA,25.0,Izmit
19114,55648,4.0,AP,,
19114,55648,1.0,NA,,
19114,55648,2.0,LA,,
19114,55648,3.0,EMEA,26.0,Fulda
19114,55648,4.0,AP,,
19114,55648,1.0,NA,,
19114,55648,2.0,LA,35.0,Peru
19114,55648,3.0,EMEA,,
19114,55648,4.0,AP,,
19114,55648,1.0,NA,,
19114,55648,2.0,LA,,
19114,55648,3.0,EMEA,,
19114,55648,4.0,AP,40.0,Thailand
19114,55648,1.0,NA,,
19114,55648,2.0,LA,,
19114,55648,3.0,EMEA,,
19114,55648,4.0,AP,47.0,Indonesia
19114,55648,1.0,NA,,
19114,55648,2.0,LA,,
19114,55648,3.0,EMEA,50.0,Hanau
19114,55648,4.0,AP,,
19114,55648,1.0,NA,,
19114,55648,2.0,LA,,
19114,55648,3.0,EMEA,51.0,Wittlich
19114,55648,4.0,AP,,
19114,55648,1.0,NA,,
19114,55648,2.0,LA,,
19114,55648,3.0,EMEA,52.0,Fuerstenwalde
19114,55648,4.0,AP,,
19114,55648,1.0,NA,,
19114,55648,2.0,LA,,
19114,55648,3.0,EMEA,53.0,Riesa
19114,55648,4.0,AP,,
19115,55649,1.0,NA,,
19115,55649,2.0,LA,,
19115,55649,3.0,EMEA,23.0,Adapazari
19115,55649,4.0,AP,,
19115,55649,1.0,NA,,
19115,55649,2.0,LA,,
19115,55649,3.0,EMEA,25.0,Izmit
19115,55649,4.0,AP,,
19115,55649,1.0,NA,,
19115,55649,2.0,LA,,
19115,55649,3.0,EMEA,26.0,Fulda
19115,55649,4.0,AP,,
19115,55649,1.0,NA,,
19115,55649,2.0,LA,35.0,Peru
19115,55649,3.0,EMEA,,
19115,55649,4.0,AP,,
19115,55649,1.0,NA,,
19115,55649,2.0,LA,,
19115,55649,3.0,EMEA,,
19115,55649,4.0,AP,40.0,Thailand
19115,55649,1.0,NA,,
19115,55649,2.0,LA,,
19115,55649,3.0,EMEA,,
19115,55649,4.0,AP,47.0,Indonesia
19115,55649,1.0,NA,,
19115,55649,2.0,LA,,
19115,55649,3.0,EMEA,50.0,Hanau
19115,55649,4.0,AP,,
19115,55649,1.0,NA,,
19115,55649,2.0,LA,,
19115,55649,3.0,EMEA,51.0,Wittlich
19115,55649,4.0,AP,,
19115,55649,1.0,NA,,
19115,55649,2.0,LA,,
19115,55649,3.0,EMEA,52.0,Fuerstenwalde
19115,55649,4.0,AP,,
19115,55649,1.0,NA,,
19115,55649,2.0,LA,,
19115,55649,3.0,EMEA,53.0,Riesa
19115,55649,4.0,AP,,
19132,55741,,,,
19134,55815,,,,
19266,58257,3.0,EMEA,,
19278,58408,2.0,LA,35.0,Peru
19278,58408,3.0,EMEA,,
19278,58408,4.0,AP,,
19278,58408,2.0,LA,,
19278,58408,3.0,EMEA,,
19278,58408,4.0,AP,42.0,Nippon Giant
19279,58409,2.0,LA,35.0,Peru
19279,58409,3.0,EMEA,,
19279,58409,4.0,AP,,
19279,58409,2.0,LA,,
19279,58409,3.0,EMEA,,
19279,58409,4.0,AP,42.0,Nippon Giant
19280,58410,2.0,LA,35.0,Peru
19280,58410,3.0,EMEA,,
19280,58410,4.0,AP,,
19280,58410,2.0,LA,,
19280,58410,3.0,EMEA,,
19280,58410,4.0,AP,42.0,Nippon Giant
19281,58411,1.0,NA,,
19281,58411,2.0,LA,,
19281,58411,3.0,EMEA,,
19281,58411,4.0,AP,,
19283,58415,1.0,NA,,
19283,58415,2.0,LA,,
19283,58415,3.0,EMEA,,
19283,58415,4.0,AP,,
19355,59854,,,,
19356,59855,1.0,NA,,
19356,59855,2.0,LA,,
19356,59855,3.0,EMEA,,
19356,59855,4.0,AP,,
19407,60589,1.0,NA,,
19407,60589,2.0,LA,,
19407,60589,3.0,EMEA,,
19407,60589,4.0,AP,,
19408,60590,1.0,NA,,
19408,60590,2.0,LA,,
19408,60590,3.0,EMEA,,
19408,60590,4.0,AP,,
19409,60591,1.0,NA,,
19409,60591,2.0,LA,,
19409,60591,3.0,EMEA,,
19409,60591,4.0,AP,,
19410,60592,1.0,NA,,
19410,60592,2.0,LA,,
19410,60592,3.0,EMEA,,
19410,60592,4.0,AP,,
19639,62988,1.0,NA,,
19639,62988,3.0,EMEA,,
19700,63222,4.0,AP,,
19702,63224,4.0,AP,,
19703,63225,4.0,AP,,
19705,63227,3.0,EMEA,,
19722,63315,,,,
19734,63451,,,,
19735,63452,1.0,NA,,
19735,63452,2.0,LA,,
19735,63452,4.0,AP,,
19736,63453,1.0,NA,,
19736,63453,2.0,LA,,
19736,63453,4.0,AP,,
15339,26669,,,,
15344,26692,,,,
15351,26718,1.0,NA,,
15570,28756,1.0,NA,,
15570,28756,2.0,LA,,
15570,28756,3.0,EMEA,,
15570,28756,4.0,AP,,
15621,29397,,,,
15658,29812,1.0,NA,,
15658,29812,2.0,LA,,
15658,29812,3.0,EMEA,,
15658,29812,4.0,AP,,
15682,30034,1.0,NA,,
15731,30383,1.0,NA,,
15833,31413,2.0,LA,,
15991,33896,1.0,NA,,
16109,35167,,,,
16141,35334,,,,
16206,36104,,,,
16268,36633,1.0,NA,,
16357,37299,1.0,NA,,
16357,37299,2.0,LA,,
16357,37299,3.0,EMEA,,
16357,37299,4.0,AP,,
16554,39035,1.0,NA,,
16554,39035,2.0,LA,,
16584,39456,,,,
16626,39884,1.0,NA,,
16626,39884,2.0,LA,,
16626,39884,3.0,EMEA,,
16626,39884,4.0,AP,,
16628,39886,1.0,NA,,
16628,39886,2.0,LA,,
16628,39886,3.0,EMEA,,
16628,39886,4.0,AP,,
16791,41061,1.0,NA,5.0,Fayetteville
16802,41186,,,,
16826,41264,1.0,NA,,
16826,41264,2.0,LA,,
16826,41264,3.0,EMEA,,
16826,41264,4.0,AP,,
16898,41770,,,,
17014,42472,1.0,NA,,
17014,42472,2.0,LA,,
17077,42728,,,,
17081,42741,1.0,NA,,
17081,42741,2.0,LA,,
17081,42741,3.0,EMEA,,
17081,42741,4.0,AP,,
17156,43004,,,,
17240,43389,,,,
17361,43777,,,,
17373,43809,,,,
18476,50084,4.0,AP,,
18548,50431,1.0,NA,,
18724,51562,,,,
18725,51563,,,,
18746,51716,,,,
18774,51785,4.0,AP,,
18784,51845,1.0,NA,,
18784,51845,2.0,LA,,
18784,51845,3.0,EMEA,,
18784,51845,4.0,AP,,
18786,51895,2.0,LA,,
18786,51895,3.0,EMEA,,
18786,51895,4.0,AP,,
19126,55736,1.0,NA,,
19126,55736,2.0,LA,,
19126,55736,3.0,EMEA,,
19150,56099,1.0,NA,,
19150,56099,2.0,LA,,
19484,61590,,,,
19526,61929,1.0,NA,,
19526,61929,2.0,LA,,
19526,61929,3.0,EMEA,,
19526,61929,4.0,AP,,
19528,61931,,,,
19529,61932,,,,
19530,61933,,,,
19531,61934,,,,
19532,61935,,,,
19533,61936,,,,
19534,61937,,,,
19555,62008,1.0,NA,,
19555,62008,2.0,LA,,
19555,62008,3.0,EMEA,,
19555,62008,4.0,AP,,
19556,62009,1.0,NA,,
19556,62009,2.0,LA,,
19556,62009,3.0,EMEA,,
19556,62009,4.0,AP,,
19606,62791,,,,
15305,26552,1.0,NA,,
15305,26552,2.0,LA,,
15305,26552,3.0,EMEA,,
15305,26552,4.0,AP,,
15379,26850,1.0,NA,,
15379,26850,3.0,EMEA,,
15498,28137,1.0,NA,,
15498,28137,2.0,LA,,
15498,28137,3.0,EMEA,,
15498,28137,4.0,AP,,
15603,29261,1.0,NA,,
15603,29261,2.0,LA,,
15603,29261,3.0,EMEA,,
15603,29261,4.0,AP,,
15813,31223,1.0,NA,,
15813,31223,2.0,LA,,
15813,31223,3.0,EMEA,,
15813,31223,4.0,AP,,
15814,31224,1.0,NA,,
15814,31224,2.0,LA,,
15814,31224,3.0,EMEA,,
15814,31224,4.0,AP,,
15961,33440,1.0,NA,,
15961,33440,2.0,LA,,
15961,33440,3.0,EMEA,,
15961,33440,4.0,AP,,
15968,33508,1.0,NA,,
15968,33508,2.0,LA,,
15968,33508,3.0,EMEA,,
15968,33508,4.0,AP,,
16100,35096,,,,
16296,36787,2.0,LA,,
16416,37914,1.0,NA,9.0,Medicine Hat
16416,37914,1.0,NA,10.0,Napanee
16416,37914,1.0,NA,11.0,Valleyfield
16519,38885,1.0,NA,,
16788,41058,1.0,NA,,
16788,41058,3.0,EMEA,,
16899,41771,,,,
16929,41998,1.0,NA,,
16929,41998,2.0,LA,,
16929,41998,3.0,EMEA,,
16929,41998,4.0,AP,,
17102,42846,2.0,LA,,
17102,42846,3.0,EMEA,,
17102,42846,4.0,AP,,
17255,43424,1.0,NA,,
17256,43425,1.0,NA,,
17256,43425,3.0,EMEA,,
17780,45375,,,,
17804,45574,3.0,EMEA,,
17856,45906,1.0,NA,,
17856,45906,2.0,LA,,
17856,45906,3.0,EMEA,,
17856,45906,4.0,AP,,
17898,46011,1.0,NA,,
17898,46011,2.0,LA,,
17898,46011,3.0,EMEA,,
17899,46012,1.0,NA,,
17899,46012,2.0,LA,,
17899,46012,3.0,EMEA,,
17900,46013,1.0,NA,,
17900,46013,2.0,LA,,
17900,46013,3.0,EMEA,,
17952,46368,,,,
17968,46411,1.0,NA,,
17968,46411,2.0,LA,,
17968,46411,3.0,EMEA,,
17968,46411,4.0,AP,,
17993,46598,,,,
17994,46599,,,,
18678,51193,1.0,NA,,
18678,51193,2.0,LA,,
18678,51193,3.0,EMEA,,
18678,51193,4.0,AP,,
18729,51614,,,,
18730,51615,,,,
18732,51618,1.0,NA,,
18732,51618,2.0,LA,,
18732,51618,3.0,EMEA,,
18732,51618,4.0,AP,,
18733,51619,1.0,NA,,
18733,51619,2.0,LA,,
18733,51619,3.0,EMEA,,
18733,51619,4.0,AP,,
18762,51731,1.0,NA,,
18764,51733,1.0,NA,,
18765,51734,1.0,NA,,
18830,52537,,,,
18913,53301,1.0,NA,,
18913,53301,3.0,EMEA,,
18914,53302,1.0,NA,,
18914,53302,3.0,EMEA,,
18915,53303,1.0,NA,,
18915,53303,3.0,EMEA,,
18916,53304,1.0,NA,,
18916,53304,3.0,EMEA,,
18918,53308,1.0,NA,,
18918,53308,3.0,EMEA,,
19024,54458,4.0,AP,,
19067,54865,1.0,NA,,
19067,54865,2.0,LA,,
19067,54865,3.0,EMEA,,
19067,54865,4.0,AP,,
19068,54866,1.0,NA,,
19068,54866,2.0,LA,,
19068,54866,3.0,EMEA,,
19068,54866,4.0,AP,,
19139,55821,1.0,NA,,
19139,55821,2.0,LA,,
19139,55821,3.0,EMEA,,
19139,55821,4.0,AP,,
19140,55823,,,,
19288,58550,,,,
19384,60351,,,,
19385,60352,,,,
19454,61012,1.0,NA,,
19454,61012,3.0,EMEA,,
19455,61013,1.0,NA,,
19455,61013,3.0,EMEA,,
19560,62297,,,,
19561,62298,,,,
19562,62306,,,,
19563,62307,,,,
19564,62349,1.0,NA,,
19564,62349,2.0,LA,,
19564,62349,3.0,EMEA,,
19564,62349,4.0,AP,,
15319,26595,,,,
15378,26849,,,,
15452,27815,3.0,EMEA,,
15534,28460,1.0,NA,,
15554,28634,1.0,NA,14.0,ICM*A
15594,29130,1.0,NA,,
15920,32286,,,,
15942,32669,,,,
15973,33574,,,,
15986,33891,1.0,NA,,
15988,33893,1.0,NA,,
16108,35166,,,,
16182,35778,1.0,NA,,
16182,35778,2.0,LA,,
16182,35778,3.0,EMEA,,
16182,35778,4.0,AP,,
16202,36100,1.0,NA,,
16202,36100,2.0,LA,,
16202,36100,3.0,EMEA,,
16202,36100,4.0,AP,,
16245,36430,3.0,EMEA,,
16523,38889,1.0,NA,,
16524,38890,1.0,NA,,
16560,39188,,,,
17108,42869,1.0,NA,,
17108,42869,2.0,LA,,
17108,42869,3.0,EMEA,,
17108,42869,4.0,AP,,
17122,42897,1.0,NA,,
17200,43181,1.0,NA,,
17200,43181,2.0,LA,,
17200,43181,3.0,EMEA,,
17200,43181,4.0,AP,,
17217,43230,3.0,EMEA,23.0,Adapazari
17217,43230,3.0,EMEA,25.0,Izmit
17217,43230,3.0,EMEA,27.0,South Africa
17217,43230,3.0,EMEA,261.0,DRC Kauucuk
17217,43230,3.0,EMEA,267.0,Kolsan
17217,43230,3.0,EMEA,274.0,Ozka Lastik ve Kaucuk Inc.
17217,43230,3.0,EMEA,280.0,S and N Rubber¿
17217,43230,3.0,EMEA,284.0,Vil Kaucuk San.ve Tic. Ltd Sti
17336,43682,,,,
17425,44050,1.0,NA,,
17425,44050,2.0,LA,,
17425,44050,3.0,EMEA,,
17425,44050,4.0,AP,,
17479,44173,,,,
17586,44413,1.0,NA,,
17586,44413,2.0,LA,,
17586,44413,3.0,EMEA,,
17586,44413,4.0,AP,,
17614,44553,1.0,NA,,
17619,44573,,,,
17661,44740,,,,
17663,44742,,,,
17741,45001,1.0,NA,,
17741,45001,2.0,LA,,
17741,45001,3.0,EMEA,,
17741,45001,4.0,AP,,
17748,45123,,,,
18704,51403,1.0,NA,,
18704,51403,2.0,LA,,
18704,51403,3.0,EMEA,,
18704,51403,4.0,AP,,
18763,51732,1.0,NA,,
18766,51735,1.0,NA,,
18767,51736,1.0,NA,,
18769,51738,1.0,NA,,
18817,52354,,,,
18952,53411,1.0,NA,,
18952,53411,3.0,EMEA,,
18966,53639,1.0,NA,,
18966,53639,2.0,LA,,
18966,53639,3.0,EMEA,,
18966,53639,4.0,AP,,
19020,54382,,,,
19021,54383,,,,
19290,58691,1.0,NA,,
19290,58691,2.0,LA,,
19290,58691,3.0,EMEA,,
19290,58691,4.0,AP,,
19291,58692,1.0,NA,,
19291,58692,2.0,LA,,
19291,58692,3.0,EMEA,23.0,Adapazari
19291,58692,4.0,AP,,
19291,58692,1.0,NA,,
19291,58692,2.0,LA,,
19291,58692,3.0,EMEA,25.0,Izmit
19291,58692,4.0,AP,,
19291,58692,1.0,NA,,
19291,58692,2.0,LA,,
19291,58692,3.0,EMEA,,
19291,58692,4.0,AP,42.0,Nippon Giant
19292,58693,1.0,NA,,
19292,58693,2.0,LA,,
19292,58693,3.0,EMEA,,
19292,58693,4.0,AP,,
19294,58694,1.0,NA,,
19294,58694,2.0,LA,,
19294,58694,3.0,EMEA,,
19294,58694,4.0,AP,,
19296,58696,1.0,NA,,
19296,58696,2.0,LA,,
19296,58696,3.0,EMEA,,
19296,58696,4.0,AP,,
19297,58697,1.0,NA,,
19297,58697,2.0,LA,,
19297,58697,3.0,EMEA,,
19297,58697,4.0,AP,,
19298,58698,3.0,EMEA,,
19300,58699,1.0,NA,,
19370,60128,,,,
19432,60875,3.0,EMEA,,
19432,60875,4.0,AP,,
19435,60877,,,,
19436,60936,1.0,NA,,
19436,60936,2.0,LA,,
19440,60938,,,,
19441,60939,,,,
19442,60940,,,,
19443,60941,,,,
19444,60942,,,,
19618,62883,4.0,AP,,
19647,63040,1.0,NA,,
19831,64454,,,,
19841,64532,1.0,NA,,
19842,64533,1.0,NA,,
19844,64534,,,,
19868,64698,,,,
15324,26601,,,,
15501,28140,1.0,NA,,
15501,28140,2.0,LA,,
15501,28140,3.0,EMEA,,
15501,28140,4.0,AP,,
15666,29972,,,,
15779,30860,,,,
15823,31292,,,,
15881,31954,,,,
15948,33253,,,,
16151,35476,1.0,NA,,
16563,39196,1.0,NA,,
16563,39196,2.0,LA,,
16563,39196,3.0,EMEA,,
16563,39196,4.0,AP,,
16565,39261,1.0,NA,,
16565,39261,2.0,LA,,
16565,39261,3.0,EMEA,,
16565,39261,4.0,AP,,
16744,40738,1.0,NA,,
16744,40738,2.0,LA,,
16744,40738,3.0,EMEA,,
16744,40738,4.0,AP,,
16764,40823,1.0,NA,,
17092,42769,,,,
17342,43687,,,,
17343,43688,,,,
17505,44238,,,,
17830,45750,,,,
17847,45868,,,,
17848,45869,,,,
17849,45870,,,,
17850,45871,,,,
17851,45872,,,,
17852,45873,,,,
18740,51669,,,,
18921,53310,1.0,NA,,
18921,53310,3.0,EMEA,,
18922,53311,1.0,NA,,
18922,53311,3.0,EMEA,,
18984,53942,1.0,NA,,
18984,53942,2.0,LA,,
18984,53942,3.0,EMEA,,
18984,53942,4.0,AP,,
19178,56710,1.0,NA,9.0,Medicine Hat
19178,56710,2.0,LA,,
19178,56710,3.0,EMEA,,
19178,56710,4.0,AP,,
19178,56710,1.0,NA,10.0,Napanee
19178,56710,2.0,LA,,
19178,56710,3.0,EMEA,,
19178,56710,4.0,AP,,
19178,56710,1.0,NA,11.0,Valleyfield
19178,56710,2.0,LA,,
19178,56710,3.0,EMEA,,
19178,56710,4.0,AP,,
19178,56710,1.0,NA,,
19178,56710,2.0,LA,,
19178,56710,3.0,EMEA,23.0,Adapazari
19178,56710,4.0,AP,,
19178,56710,1.0,NA,,
19178,56710,2.0,LA,,
19178,56710,3.0,EMEA,25.0,Izmit
19178,56710,4.0,AP,,
19178,56710,1.0,NA,,
19178,56710,2.0,LA,,
19178,56710,3.0,EMEA,26.0,Fulda
19178,56710,4.0,AP,,
19178,56710,1.0,NA,,
19178,56710,2.0,LA,35.0,Peru
19178,56710,3.0,EMEA,,
19178,56710,4.0,AP,,
19178,56710,1.0,NA,,
19178,56710,2.0,LA,,
19178,56710,3.0,EMEA,,
19178,56710,4.0,AP,40.0,Thailand
19178,56710,1.0,NA,,
19178,56710,2.0,LA,,
19178,56710,3.0,EMEA,,
19178,56710,4.0,AP,42.0,Nippon Giant
19178,56710,1.0,NA,,
19178,56710,2.0,LA,,
19178,56710,3.0,EMEA,,
19178,56710,4.0,AP,47.0,Indonesia
19178,56710,1.0,NA,,
19178,56710,2.0,LA,,
19178,56710,3.0,EMEA,50.0,Hanau
19178,56710,4.0,AP,,
19178,56710,1.0,NA,,
19178,56710,2.0,LA,,
19178,56710,3.0,EMEA,51.0,Wittlich
19178,56710,4.0,AP,,
19178,56710,1.0,NA,,
19178,56710,2.0,LA,,
19178,56710,3.0,EMEA,52.0,Fuerstenwalde
19178,56710,4.0,AP,,
19178,56710,1.0,NA,,
19178,56710,2.0,LA,,
19178,56710,3.0,EMEA,53.0,Riesa
19178,56710,4.0,AP,,
19179,56711,1.0,NA,,
19179,56711,2.0,LA,,
19179,56711,3.0,EMEA,,
19179,56711,4.0,AP,,
19236,57871,1.0,NA,,
19236,57871,2.0,LA,,
19236,57871,3.0,EMEA,,
19236,57871,4.0,AP,,
19238,57873,1.0,NA,,
19238,57873,2.0,LA,,
19238,57873,3.0,EMEA,,
19238,57873,4.0,AP,,
19428,60746,,,,
19438,60937,,,,
19482,61539,,,,
19488,61593,1.0,NA,,
19488,61593,2.0,LA,,
19488,61593,3.0,EMEA,,
19488,61593,4.0,AP,,
19609,62797,,,,
19674,63197,,,,
19675,63198,,,,
19676,63199,,,,
19803,64256,,,,
19828,64451,1.0,NA,,
19828,64451,2.0,LA,,
19828,64451,3.0,EMEA,,
19828,64451,4.0,AP,42.0,Nippon Giant
19869,64699,,,,
19871,64741,,,,
19875,64809,1.0,NA,,
19875,64809,2.0,LA,,
19875,64809,3.0,EMEA,,
19875,64809,4.0,AP,,
19878,64842,1.0,NA,,
19878,64842,2.0,LA,,
19878,64842,3.0,EMEA,23.0,Adapazari
19878,64842,4.0,AP,,
19878,64842,1.0,NA,,
19878,64842,2.0,LA,,
19878,64842,3.0,EMEA,25.0,Izmit
19878,64842,4.0,AP,,
19879,64843,1.0,NA,,
19879,64843,2.0,LA,,
19879,64843,3.0,EMEA,,
19879,64843,4.0,AP,,
19880,64845,1.0,NA,,
19880,64845,2.0,LA,,
19880,64845,3.0,EMEA,,
19880,64845,4.0,AP,,
19888,64944,,,,
19889,64945,,,,
19890,64946,,,,
19892,64948,1.0,NA,,
19892,64948,2.0,LA,,
19892,64948,3.0,EMEA,,
19892,64948,4.0,AP,,
19893,64949,1.0,NA,,
19893,64949,2.0,LA,,
19893,64949,3.0,EMEA,,
19893,64949,4.0,AP,,
15322,26598,,,,
15548,28529,1.0,NA,,
15548,28529,2.0,LA,,
15548,28529,3.0,EMEA,,
15548,28529,4.0,AP,,
15728,30380,1.0,NA,,
15831,31411,2.0,LA,,
15832,31412,2.0,LA,,
15958,33437,1.0,NA,,
15960,33439,1.0,NA,,
16376,37495,1.0,NA,,
16376,37495,2.0,LA,,
16376,37495,4.0,AP,42.0,Nippon Giant
16528,38893,,,,
16595,39563,1.0,NA,,
16595,39563,2.0,LA,,
16595,39563,3.0,EMEA,,
16595,39563,4.0,AP,,
16705,40392,1.0,NA,,
16705,40392,2.0,LA,,
16705,40392,3.0,EMEA,,
16705,40392,4.0,AP,,
16803,41187,,,,
16913,41817,,,,
17400,43923,,,,
17433,44058,1.0,NA,,
17698,44815,,,,
17699,44816,,,,
17712,44852,,,,
17713,44853,1.0,NA,,
17713,44853,2.0,LA,,
17713,44853,3.0,EMEA,,
17713,44853,4.0,AP,,
17714,44854,1.0,NA,,
17714,44854,2.0,LA,,
17714,44854,3.0,EMEA,,
17714,44854,4.0,AP,,
17715,44855,1.0,NA,,
17715,44855,2.0,LA,,
17715,44855,3.0,EMEA,,
17715,44855,4.0,AP,,
17762,45282,1.0,NA,,
17762,45282,2.0,LA,,
17762,45282,3.0,EMEA,,
17762,45282,4.0,AP,,
17788,45458,,,,
17794,45503,,,,
18608,50953,,,,
18610,50955,1.0,NA,,
18610,50955,2.0,LA,,
18610,50955,3.0,EMEA,,
18610,50955,4.0,AP,,
18611,50957,1.0,NA,,
18611,50957,2.0,LA,,
18611,50957,3.0,EMEA,,
18611,50957,4.0,AP,,
18612,50958,1.0,NA,,
18612,50958,2.0,LA,,
18612,50958,3.0,EMEA,,
18612,50958,4.0,AP,,
18613,50959,1.0,NA,,
18613,50959,2.0,LA,,
18613,50959,3.0,EMEA,,
18613,50959,4.0,AP,,
18614,50960,1.0,NA,,
18614,50960,2.0,LA,,
18614,50960,3.0,EMEA,,
18614,50960,4.0,AP,,
18616,50962,1.0,NA,,
18616,50962,2.0,LA,,
18616,50962,3.0,EMEA,,
18616,50962,4.0,AP,,
18696,51323,,,,
18911,53299,1.0,NA,,
18911,53299,3.0,EMEA,,
19105,55573,1.0,NA,,
19105,55573,2.0,LA,,
19105,55573,3.0,EMEA,,
19105,55573,4.0,AP,,
19106,55574,1.0,NA,,
19106,55574,2.0,LA,,
19106,55574,3.0,EMEA,,
19106,55574,4.0,AP,,
19107,55575,1.0,NA,,
19107,55575,2.0,LA,,
19107,55575,3.0,EMEA,,
19107,55575,4.0,AP,,
19108,55576,1.0,NA,,
19108,55576,2.0,LA,,
19108,55576,3.0,EMEA,,
19108,55576,4.0,AP,,
19192,56983,1.0,NA,,
19192,56983,2.0,LA,,
19192,56983,3.0,EMEA,,
19192,56983,4.0,AP,,
19394,60432,1.0,NA,,
19490,61705,4.0,AP,40.0,Thailand
19600,62747,,,,
19644,63037,,,,
19649,63080,1.0,NA,,
19657,63092,1.0,NA,,
19657,63092,2.0,LA,,
19657,63092,3.0,EMEA,,
19657,63092,4.0,AP,,
19726,63355,,,,
19740,63538,1.0,NA,,
19740,63538,2.0,LA,,
19740,63538,3.0,EMEA,,
19740,63538,4.0,AP,,
19746,63706,1.0,NA,,
19747,63707,1.0,NA,,
19748,63708,1.0,NA,,
19750,63709,1.0,NA,,
19770,64000,1.0,NA,,
19771,64001,1.0,NA,,
19772,64002,1.0,NA,,
19773,64003,1.0,NA,,
19778,64008,1.0,NA,,
19778,64008,3.0,EMEA,,
19790,64201,1.0,NA,,
19790,64201,2.0,LA,,
19790,64201,3.0,EMEA,,
19790,64201,4.0,AP,,
19810,64306,1.0,NA,,
19810,64306,2.0,LA,,
19810,64306,3.0,EMEA,,
19810,64306,4.0,AP,,
19811,64307,1.0,NA,,
19811,64307,2.0,LA,,
19811,64307,3.0,EMEA,,
19811,64307,4.0,AP,,
19812,64308,1.0,NA,,
19812,64308,2.0,LA,,
19812,64308,3.0,EMEA,,
19812,64308,4.0,AP,,
15561,28747,,,,
15637,29512,1.0,NA,,
15637,29512,2.0,LA,,
15637,29512,3.0,EMEA,,
15637,29512,4.0,AP,,
15656,29763,1.0,NA,,
15656,29763,2.0,LA,,
15656,29763,3.0,EMEA,,
15656,29763,4.0,AP,,
15746,30568,,,,
15864,31765,1.0,NA,,
15864,31765,2.0,LA,,
15864,31765,3.0,EMEA,,
15864,31765,4.0,AP,,
16044,34418,1.0,NA,,
16044,34418,2.0,LA,,
16044,34418,3.0,EMEA,,
16044,34418,4.0,AP,,
16175,35689,,,,
16184,35782,1.0,NA,,
16184,35782,2.0,LA,,
16184,35782,3.0,EMEA,,
16184,35782,4.0,AP,,
16300,36821,1.0,NA,,
16300,36821,2.0,LA,,
16391,37611,1.0,NA,,
16391,37611,2.0,LA,,
16407,37760,1.0,NA,,
16407,37760,3.0,EMEA,,
16413,37829,1.0,NA,,
16413,37829,2.0,LA,,
16413,37829,3.0,EMEA,,
16413,37829,4.0,AP,,
16436,38231,1.0,NA,,
16436,38231,2.0,LA,,
16436,38231,3.0,EMEA,23.0,Adapazari
16436,38231,4.0,AP,,
16436,38231,1.0,NA,,
16436,38231,2.0,LA,,
16436,38231,3.0,EMEA,25.0,Izmit
16436,38231,4.0,AP,,
16447,38311,1.0,NA,,
16447,38311,2.0,LA,,
16447,38311,3.0,EMEA,,
16447,38311,4.0,AP,,
16504,38839,1.0,NA,,
16504,38839,2.0,LA,,
16504,38839,3.0,EMEA,,
16504,38839,4.0,AP,,
16600,39646,,,,
16632,39896,1.0,NA,,
16632,39896,3.0,EMEA,,
16672,40147,,,,
16706,40455,1.0,NA,,
16706,40455,2.0,LA,,
16706,40455,3.0,EMEA,,
16723,40639,1.0,NA,,
16723,40639,2.0,LA,,
16723,40639,3.0,EMEA,,
16723,40639,4.0,AP,,
16750,40770,1.0,NA,,
16789,41059,1.0,NA,,
16789,41059,3.0,EMEA,,
16806,41192,1.0,NA,,
16806,41192,2.0,LA,,
16806,41192,3.0,EMEA,,
16806,41192,4.0,AP,,
16836,41295,,,,
16946,42205,,,,
16992,42309,,,,
16998,42389,1.0,NA,,
16998,42389,2.0,LA,,
16998,42389,3.0,EMEA,,
16998,42389,4.0,AP,,
17327,43650,,,,
17396,43920,1.0,NA,,
17853,45874,,,,
18478,50119,,,,
18618,50963,,,,
18666,51145,,,,
18686,51223,1.0,NA,,
18686,51223,2.0,LA,,
18686,51223,3.0,EMEA,,
18686,51223,4.0,AP,,
18717,51464,,,,
18880,53002,1.0,NA,,
18880,53002,2.0,LA,,
18880,53002,3.0,EMEA,,
18880,53002,4.0,AP,42.0,Nippon Giant
18967,53640,1.0,NA,,
18967,53640,2.0,LA,,
18967,53640,3.0,EMEA,,
18967,53640,4.0,AP,,
18968,53641,3.0,EMEA,23.0,Adapazari
18968,53641,3.0,EMEA,25.0,Izmit
19102,55559,1.0,NA,,
19102,55559,2.0,LA,,
19102,55559,4.0,AP,,
19161,56245,1.0,NA,,
19161,56245,3.0,EMEA,,
19256,58180,2.0,LA,,
19265,58189,1.0,NA,,
19265,58189,2.0,LA,,
19285,58484,1.0,NA,,
19285,58484,2.0,LA,,
19285,58484,3.0,EMEA,,
19285,58484,4.0,AP,,
19405,60587,1.0,NA,,
19405,60587,2.0,LA,,
19405,60587,3.0,EMEA,,
19405,60587,4.0,AP,,
19406,60588,1.0,NA,,
19406,60588,2.0,LA,,
19406,60588,3.0,EMEA,,
19406,60588,4.0,AP,,
19808,64261,1.0,NA,,
19808,64261,2.0,LA,,
19808,64261,3.0,EMEA,,
19808,64261,4.0,AP,,
19824,64364,1.0,NA,,
19824,64364,2.0,LA,,
19824,64364,3.0,EMEA,,
19824,64364,4.0,AP,,
19860,64624,1.0,NA,,
19860,64624,3.0,EMEA,,
19861,64625,1.0,NA,,
19861,64625,3.0,EMEA,,
19894,64950,1.0,NA,,
19894,64950,2.0,LA,,
19894,64950,3.0,EMEA,,
19894,64950,4.0,AP,,
19895,64951,1.0,NA,,
19895,64951,2.0,LA,,
19895,64951,3.0,EMEA,,
19895,64951,4.0,AP,,
19914,65034,1.0,NA,,
19915,65035,1.0,NA,,
19916,65036,1.0,NA,,
19917,65037,1.0,NA,,
19918,65038,1.0,NA,,
19923,65114,1.0,NA,,
19923,65114,2.0,LA,,
19923,65114,3.0,EMEA,,
19923,65114,4.0,AP,,
19924,65115,1.0,NA,,
19924,65115,2.0,LA,,
19924,65115,3.0,EMEA,,
19924,65115,4.0,AP,,
19925,65116,1.0,NA,,
19925,65116,2.0,LA,,
19925,65116,3.0,EMEA,,
19925,65116,4.0,AP,,
19927,65118,1.0,NA,,
19927,65118,2.0,LA,,
19927,65118,3.0,EMEA,,
19927,65118,4.0,AP,,
19928,65147,1.0,NA,,
19933,65185,,,,
15326,26603,,,,
15327,26604,,,,
15328,26605,,,,
15384,26938,3.0,EMEA,,
15472,27993,2.0,LA,,
15485,28068,,,,
15486,28069,,,,
15488,28071,,,,
15489,28072,,,,
15497,28133,1.0,NA,,
15497,28133,2.0,LA,,
15497,28133,3.0,EMEA,,
15497,28133,4.0,AP,,
15512,28251,,,,
15601,29259,1.0,NA,14.0,ICM*A
15616,29391,,,,
15619,29395,,,,
15892,32033,,,,
16234,36283,,,,
16339,37243,1.0,NA,,
16339,37243,2.0,LA,,
16339,37243,3.0,EMEA,,
16339,37243,4.0,AP,,
16419,37952,1.0,NA,,
16419,37952,2.0,LA,,
16419,37952,3.0,EMEA,23.0,Adapazari
16419,37952,4.0,AP,,
16419,37952,1.0,NA,,
16419,37952,2.0,LA,,
16419,37952,3.0,EMEA,25.0,Izmit
16419,37952,4.0,AP,,
16438,38267,,,,
16445,38309,1.0,NA,,
16445,38309,2.0,LA,,
16445,38309,3.0,EMEA,,
16445,38309,4.0,AP,,
16629,39887,1.0,NA,,
16629,39887,2.0,LA,,
16629,39887,3.0,EMEA,,
16629,39887,4.0,AP,,
16674,40190,1.0,NA,,
16674,40190,2.0,LA,,
16674,40190,3.0,EMEA,23.0,Adapazari
16674,40190,4.0,AP,,
16674,40190,1.0,NA,,
16674,40190,2.0,LA,,
16674,40190,3.0,EMEA,25.0,Izmit
16674,40190,4.0,AP,,
16674,40190,1.0,NA,,
16674,40190,2.0,LA,,
16674,40190,3.0,EMEA,,
16674,40190,4.0,AP,42.0,Nippon Giant
16713,40493,1.0,NA,,
16713,40493,2.0,LA,,
16713,40493,3.0,EMEA,,
16713,40493,4.0,AP,,
16817,41228,,,,
16819,41232,,,,
18471,50006,,,,
18662,51111,,,,
18670,51181,1.0,NA,,
18671,51182,1.0,NA,,
18751,51721,1.0,NA,,
18752,51722,1.0,NA,,
18757,51727,1.0,NA,,
18758,51728,1.0,NA,,
18759,51729,1.0,NA,,
18768,51737,1.0,NA,,
18771,51740,1.0,NA,,
18843,52550,,,,
18844,52551,,,,
18845,52552,,,,
19100,55557,1.0,NA,,
19100,55557,2.0,LA,,
19100,55557,3.0,EMEA,,
19100,55557,4.0,AP,,
19101,55558,1.0,NA,,
19101,55558,2.0,LA,,
19101,55558,3.0,EMEA,,
19101,55558,4.0,AP,,
19208,57309,3.0,EMEA,,
19222,57784,,,,
19223,57785,,,,
19254,58178,2.0,LA,,
19333,59708,1.0,NA,,
19334,59709,1.0,NA,,
19335,59710,1.0,NA,,
19336,59711,1.0,NA,,
19337,59712,1.0,NA,,
19338,59713,1.0,NA,,
19499,61767,1.0,NA,,
19500,61768,1.0,NA,,
19501,61769,1.0,NA,,
19502,61770,1.0,NA,,
19582,62498,1.0,NA,,
19583,62499,1.0,NA,,
19584,62500,1.0,NA,,
19585,62501,1.0,NA,,
19658,63095,1.0,NA,,
19658,63095,2.0,LA,,
19658,63095,3.0,EMEA,,
19658,63095,4.0,AP,,
15350,26717,,,,
15394,26983,1.0,NA,,
15394,26983,2.0,LA,,
15394,26983,3.0,EMEA,,
15394,26983,4.0,AP,,
15479,28062,1.0,NA,,
15479,28062,2.0,LA,,
15479,28062,3.0,EMEA,,
15479,28062,4.0,AP,,
15522,28449,1.0,NA,,
15711,30262,,,,
15852,31539,,,,
15922,32346,,,,
15923,32347,,,,
15989,33894,1.0,NA,,
16024,34179,1.0,NA,,
16024,34179,2.0,LA,,
16024,34179,3.0,EMEA,,
16024,34179,4.0,AP,,
16073,34881,,,,
16170,35645,1.0,NA,,
16170,35645,2.0,LA,,
16170,35645,3.0,EMEA,,
16170,35645,4.0,AP,,
16257,36472,1.0,NA,,
16257,36472,2.0,LA,,
16257,36472,3.0,EMEA,,
16257,36472,4.0,AP,,
16276,36674,3.0,EMEA,,
16277,36675,3.0,EMEA,,
16309,36874,1.0,NA,,
16309,36874,2.0,LA,,
16309,36874,3.0,EMEA,,
16309,36874,4.0,AP,,
16410,37763,,,,
16421,37991,1.0,NA,,
16421,37991,2.0,LA,,
16421,37991,3.0,EMEA,,
16421,37991,4.0,AP,,
16457,38461,,,,
16540,38932,1.0,NA,,
16640,39936,1.0,NA,,
16716,40576,1.0,NA,,
16824,41258,1.0,NA,,
16824,41258,2.0,LA,,
16824,41258,3.0,EMEA,,
16824,41258,4.0,AP,,
16838,41296,,,,
16921,41890,1.0,NA,,
16921,41890,2.0,LA,,
16921,41890,3.0,EMEA,,
16921,41890,4.0,AP,,
17015,42473,1.0,NA,,
17015,42473,2.0,LA,,
17015,42473,3.0,EMEA,,
17015,42473,4.0,AP,,
17257,43426,1.0,NA,,
17257,43426,3.0,EMEA,,
17295,43528,,,,
17296,43538,,,,
17352,43698,1.0,NA,,
17566,44331,1.0,NA,,
17636,44655,4.0,AP,,
17639,44658,4.0,AP,,
17692,44795,,,,
18493,50308,1.0,NA,,
18529,50382,1.0,NA,,
18532,50385,1.0,NA,,
18660,51109,1.0,NA,,
18660,51109,2.0,LA,,
18660,51109,3.0,EMEA,,
18660,51109,4.0,AP,,
18661,51110,1.0,NA,,
18661,51110,2.0,LA,,
18661,51110,3.0,EMEA,,
18661,51110,4.0,AP,,
19148,55897,,,,
19306,58911,,,,
19426,60743,,,,
19752,63788,3.0,EMEA,,
19794,64206,,,,
19814,64319,,,,
19816,64324,1.0,NA,,
19816,64324,2.0,LA,,
19816,64324,3.0,EMEA,,
19816,64324,4.0,AP,,
19859,64623,,,,
19896,64953,,,,
19938,65220,,,,
19939,65221,,,,
19940,65253,1.0,NA,,
19940,65253,2.0,LA,,
19940,65253,3.0,EMEA,,
19940,65253,4.0,AP,,
19954,65417,,,,
15352,26741,,,,
15374,26842,2.0,LA,,
15375,26843,2.0,LA,,
15376,26844,2.0,LA,,
15424,27531,1.0,NA,,
15424,27531,2.0,LA,,
15424,27531,3.0,EMEA,,
15424,27531,4.0,AP,,
15492,28075,,,,
15514,28380,,,,
15630,29450,,,,
15931,32418,,,,
15994,33899,1.0,NA,,
16209,36107,1.0,NA,,
16209,36107,2.0,LA,,
16209,36107,3.0,EMEA,,
16209,36107,4.0,AP,,
16210,36108,1.0,NA,,
16210,36108,2.0,LA,,
16210,36108,3.0,EMEA,,
16210,36108,4.0,AP,,
16500,38806,,,,
16512,38878,1.0,NA,,
16512,38878,2.0,LA,,
16512,38878,3.0,EMEA,,
16512,38878,4.0,AP,,
16771,40851,4.0,AP,42.0,Nippon Giant
16794,41111,3.0,EMEA,,
16830,41290,4.0,AP,37.0,Malaysia
16830,41290,4.0,AP,40.0,Thailand
16830,41290,4.0,AP,42.0,Nippon Giant
16830,41290,4.0,AP,47.0,Indonesia
16830,41290,4.0,AP,100.0,Pulandian
16858,41470,,,,
17034,42526,,,,
17064,42672,,,,
17076,42727,,,,
17216,43229,3.0,EMEA,23.0,Adapazari
17216,43229,3.0,EMEA,25.0,Izmit
17216,43229,3.0,EMEA,27.0,South Africa
17216,43229,3.0,EMEA,261.0,DRC Kauucuk
17216,43229,3.0,EMEA,267.0,Kolsan
17216,43229,3.0,EMEA,274.0,Ozka Lastik ve Kaucuk Inc.
17216,43229,3.0,EMEA,280.0,S and N Rubber¿
17216,43229,3.0,EMEA,284.0,Vil Kaucuk San.ve Tic. Ltd Sti
17392,43885,1.0,NA,,
17426,44051,1.0,NA,,
17426,44051,2.0,LA,35.0,Peru
17426,44051,3.0,EMEA,,
17426,44051,4.0,AP,,
17426,44051,1.0,NA,,
17426,44051,2.0,LA,,
17426,44051,3.0,EMEA,,
17426,44051,4.0,AP,40.0,Thailand
17426,44051,1.0,NA,,
17426,44051,2.0,LA,,
17426,44051,3.0,EMEA,,
17426,44051,4.0,AP,47.0,Indonesia
17567,44332,1.0,NA,,
17630,44630,1.0,NA,,
17630,44630,2.0,LA,,
17630,44630,4.0,AP,,
17659,44725,3.0,EMEA,,
17796,45504,1.0,NA,,
17798,45505,3.0,EMEA,,
17815,45657,1.0,NA,,
17815,45657,4.0,AP,,
17870,45955,,,,
17872,45957,4.0,AP,,
17877,45991,,,,
18488,50271,1.0,NA,,
18488,50271,2.0,LA,,
18488,50271,4.0,AP,,
18594,50852,1.0,NA,,
18594,50852,2.0,LA,,
18594,50852,3.0,EMEA,,
18594,50852,4.0,AP,,
18595,50853,1.0,NA,,
18595,50853,2.0,LA,,
18595,50853,3.0,EMEA,,
18595,50853,4.0,AP,,
18656,51079,,,,
18780,51836,,,,
18802,52069,4.0,AP,,
18863,52795,,,,
18864,52796,,,,
18865,52797,,,,
18876,52926,,,,
18976,53656,,,,
19008,54164,1.0,NA,,
19082,54970,1.0,NA,,
19168,56251,,,,
19169,56252,,,,
19180,56712,1.0,NA,9.0,Medicine Hat
19180,56712,2.0,LA,,
19180,56712,3.0,EMEA,,
19180,56712,4.0,AP,,
19180,56712,1.0,NA,10.0,Napanee
19180,56712,2.0,LA,,
19180,56712,3.0,EMEA,,
19180,56712,4.0,AP,,
19180,56712,1.0,NA,11.0,Valleyfield
19180,56712,2.0,LA,,
19180,56712,3.0,EMEA,,
19180,56712,4.0,AP,,
19180,56712,1.0,NA,,
19180,56712,2.0,LA,,
19180,56712,3.0,EMEA,23.0,Adapazari
19180,56712,4.0,AP,,
19180,56712,1.0,NA,,
19180,56712,2.0,LA,,
19180,56712,3.0,EMEA,25.0,Izmit
19180,56712,4.0,AP,,
19180,56712,1.0,NA,,
19180,56712,2.0,LA,35.0,Peru
19180,56712,3.0,EMEA,,
19180,56712,4.0,AP,,
19180,56712,1.0,NA,,
19180,56712,2.0,LA,,
19180,56712,3.0,EMEA,,
19180,56712,4.0,AP,40.0,Thailand
19180,56712,1.0,NA,,
19180,56712,2.0,LA,,
19180,56712,3.0,EMEA,,
19180,56712,4.0,AP,42.0,Nippon Giant
19180,56712,1.0,NA,,
19180,56712,2.0,LA,,
19180,56712,3.0,EMEA,,
19180,56712,4.0,AP,47.0,Indonesia
19342,59717,,,,
19344,59719,,,,
19345,59720,,,,
19347,59782,,,,
15392,26974,,,,
15509,28148,1.0,NA,,
15509,28148,2.0,LA,,
15509,28148,3.0,EMEA,,
15509,28148,4.0,AP,,
15638,29513,,,,
15662,29870,1.0,NA,9.0,Medicine Hat
15662,29870,2.0,LA,,
15662,29870,3.0,EMEA,,
15662,29870,1.0,NA,10.0,Napanee
15662,29870,2.0,LA,,
15662,29870,3.0,EMEA,,
15662,29870,1.0,NA,11.0,Valleyfield
15662,29870,2.0,LA,,
15662,29870,3.0,EMEA,,
15686,30085,,,,
16222,36212,1.0,NA,,
16356,37298,1.0,NA,,
16356,37298,2.0,LA,,
16356,37298,3.0,EMEA,,
16356,37298,4.0,AP,,
16380,37568,,,,
16395,37646,,,,
16476,38587,1.0,NA,,
16758,40778,1.0,NA,,
16862,41473,,,,
16875,41568,,,,
16924,41973,1.0,NA,,
17004,42404,,,,
17046,42558,,,,
17184,43108,1.0,NA,,
17184,43108,3.0,EMEA,,
17206,43207,,,,
17223,43238,1.0,NA,,
17693,44796,,,,
17695,44798,,,,
17838,45821,,,,
17854,45875,,,,
17882,45996,2.0,LA,,
18482,50231,,,,
18483,50232,1.0,NA,,
18525,50379,,,,
18744,51673,,,,
19302,58700,1.0,NA,,
19302,58700,3.0,EMEA,,
19303,58701,1.0,NA,,
19303,58701,3.0,EMEA,,
19304,58702,1.0,NA,,
19304,58702,3.0,EMEA,,
19372,60261,1.0,NA,,
19372,60261,2.0,LA,,
19372,60261,3.0,EMEA,,
19372,60261,4.0,AP,,
19382,60271,,,,
19395,60433,1.0,NA,,
19396,60434,1.0,NA,,
19460,61141,,,,
19506,61817,1.0,NA,,
19506,61817,2.0,LA,,
19506,61817,3.0,EMEA,23.0,Adapazari
19506,61817,1.0,NA,,
19506,61817,2.0,LA,,
19506,61817,3.0,EMEA,25.0,Izmit
19536,61938,1.0,NA,,
19536,61938,2.0,LA,,
19536,61938,3.0,EMEA,,
19536,61938,4.0,AP,,
19537,61939,1.0,NA,,
19537,61939,2.0,LA,,
19537,61939,3.0,EMEA,,
19537,61939,4.0,AP,,
19538,61940,1.0,NA,,
19538,61940,2.0,LA,,
19538,61940,3.0,EMEA,,
19538,61940,4.0,AP,,
19539,61941,1.0,NA,,
19539,61941,2.0,LA,,
19539,61941,3.0,EMEA,,
19539,61941,4.0,AP,,
19540,61942,1.0,NA,,
19540,61942,2.0,LA,,
19540,61942,3.0,EMEA,,
19540,61942,4.0,AP,,
19541,61943,1.0,NA,,
19541,61943,2.0,LA,,
19541,61943,3.0,EMEA,,
19541,61943,4.0,AP,,
19542,61944,1.0,NA,,
19542,61944,2.0,LA,,
19542,61944,3.0,EMEA,,
19542,61944,4.0,AP,,
19663,63101,1.0,NA,,
19663,63101,2.0,LA,,
19663,63101,3.0,EMEA,,
19663,63101,4.0,AP,,
19665,63103,1.0,NA,,
19665,63103,2.0,LA,,
19665,63103,3.0,EMEA,,
19665,63103,4.0,AP,,
19668,63105,,,,
19669,63106,,,,
19672,63191,4.0,AP,,
19681,63203,1.0,NA,,
19681,63203,2.0,LA,,
19681,63203,3.0,EMEA,,
19681,63203,4.0,AP,,
19683,63205,4.0,AP,,
19685,63207,1.0,NA,,
19685,63207,2.0,LA,,
19685,63207,4.0,AP,,
19687,63209,1.0,NA,,
19687,63209,2.0,LA,,
19687,63209,3.0,EMEA,,
19687,63209,4.0,AP,,
19689,63211,2.0,LA,,
19692,63214,1.0,NA,,
19692,63214,2.0,LA,,
19692,63214,4.0,AP,,
19694,63216,1.0,NA,,
19694,63216,2.0,LA,,
19694,63216,3.0,EMEA,,
19694,63216,4.0,AP,,
19696,63218,4.0,AP,,
19776,64006,1.0,NA,,
19777,64007,1.0,NA,,
19788,64160,,,,
19837,64528,1.0,NA,,
15301,26540,1.0,NA,,
15301,26540,2.0,LA,,
15301,26540,3.0,EMEA,,
15301,26540,4.0,AP,,
15353,26742,1.0,NA,,
15353,26742,2.0,LA,,
15353,26742,4.0,AP,,
15546,28528,1.0,NA,,
15546,28528,2.0,LA,,
15546,28528,3.0,EMEA,,
15546,28528,4.0,AP,,
15684,30082,3.0,EMEA,23.0,Adapazari
15684,30082,3.0,EMEA,25.0,Izmit
15687,30087,,,,
15695,30199,,,,
15761,30691,1.0,NA,,
15761,30691,2.0,LA,,
15761,30691,3.0,EMEA,,
15761,30691,4.0,AP,,
15965,33446,,,,
15992,33897,1.0,NA,,
16142,35335,,,,
16156,35519,,,,
16160,35523,,,,
16161,35524,,,,
16266,36631,1.0,NA,,
16306,36868,1.0,NA,,
16306,36868,2.0,LA,,
16306,36868,3.0,EMEA,,
16306,36868,4.0,AP,,
16743,40711,1.0,NA,,
16743,40711,2.0,LA,,
16743,40711,3.0,EMEA,,
16743,40711,4.0,AP,,
16748,40768,1.0,NA,,
16843,41387,1.0,NA,,
16843,41387,2.0,LA,,
16843,41387,3.0,EMEA,,
16843,41387,4.0,AP,,
16971,42272,,,,
17085,42755,,,,
17193,43139,,,,
17439,44067,1.0,NA,,
17439,44067,2.0,LA,,
17439,44067,3.0,EMEA,,
17439,44067,4.0,AP,,
17485,44192,1.0,NA,,
17878,45992,,,,
17879,45993,,,,
17880,45994,,,,
17924,46096,1.0,NA,,
17934,46226,1.0,NA,,
17934,46226,2.0,LA,,
17934,46226,3.0,EMEA,,
17934,46226,4.0,AP,,
18474,50083,1.0,NA,,
18474,50083,2.0,LA,,
18474,50083,3.0,EMEA,,
18474,50083,4.0,AP,,
18722,51520,,,,
18792,51900,,,,
18793,51901,,,,
18978,53727,,,,
18980,53728,,,,
18981,53729,,,,
18983,53801,,,,
19078,54960,1.0,NA,,
19078,54960,2.0,LA,,
19078,54960,3.0,EMEA,,
19078,54960,4.0,AP,,
19081,54963,1.0,NA,,
19081,54963,2.0,LA,,
19081,54963,3.0,EMEA,,
19081,54963,4.0,AP,,
19124,55658,1.0,NA,,
19124,55658,4.0,AP,,
19170,56253,1.0,NA,,
19170,56253,2.0,LA,,
19170,56253,3.0,EMEA,,
19170,56253,4.0,AP,,
19196,57065,3.0,EMEA,,
19224,57786,,,,
19225,57787,,,,
19226,57788,,,,
19228,57790,,,,
19229,57791,,,,
19230,57792,,,,
19231,57793,,,,
19232,57794,,,,
19233,57795,,,,
19346,59781,,,,
19574,62491,1.0,NA,,
19576,62493,1.0,NA,,
19781,64012,,,,
15403,27026,1.0,NA,,
15412,27127,,,,
15611,29382,1.0,NA,,
15611,29382,2.0,LA,,
15611,29382,3.0,EMEA,,
15611,29382,4.0,AP,,
15768,30796,1.0,NA,,
15768,30796,2.0,LA,,
15768,30796,3.0,EMEA,,
15768,30796,4.0,AP,,
15929,32412,,,,
15939,32666,,,,
15946,33251,,,,
15966,33506,,,,
15979,33646,1.0,NA,,
16068,34822,1.0,NA,,
16068,34822,2.0,LA,,
16068,34822,3.0,EMEA,,
16068,34822,4.0,AP,42.0,Nippon Giant
16111,35169,,,,
16112,35170,,,,
16166,35609,1.0,NA,,
16166,35609,2.0,LA,,
16166,35609,4.0,AP,,
16190,36052,1.0,NA,,
16190,36052,2.0,LA,,
16190,36052,3.0,EMEA,,
16191,36053,1.0,NA,,
16191,36053,2.0,LA,,
16191,36053,3.0,EMEA,,
16192,36054,1.0,NA,,
16192,36054,2.0,LA,,
16192,36054,3.0,EMEA,,
16193,36055,1.0,NA,,
16193,36055,2.0,LA,,
16193,36055,3.0,EMEA,,
16194,36056,1.0,NA,,
16194,36056,2.0,LA,,
16194,36056,3.0,EMEA,,
16195,36057,1.0,NA,,
16195,36057,2.0,LA,,
16195,36057,3.0,EMEA,,
16319,36994,1.0,NA,,
16319,36994,2.0,LA,,
16319,36994,3.0,EMEA,,
16319,36994,4.0,AP,,
16409,37762,1.0,NA,,
16409,37762,3.0,EMEA,,
16429,38118,1.0,NA,,
16430,38148,1.0,NA,,
16430,38148,2.0,LA,,
16430,38148,3.0,EMEA,,
16430,38148,4.0,AP,,
16431,38149,,,,
16833,41292,,,,
16890,41648,4.0,AP,,
16918,41883,1.0,NA,,
16918,41883,2.0,LA,,
16918,41883,3.0,EMEA,,
16918,41883,4.0,AP,,
16930,41999,1.0,NA,,
16930,41999,2.0,LA,,
16930,41999,3.0,EMEA,,
16930,41999,4.0,AP,,
16962,42241,,,,
17048,42561,,,,
17154,43003,1.0,NA,,
18541,50423,1.0,NA,,
18541,50423,2.0,LA,,
18541,50423,3.0,EMEA,,
18541,50423,4.0,AP,,
18543,50425,1.0,NA,,
18543,50425,2.0,LA,,
18543,50425,3.0,EMEA,,
18543,50425,4.0,AP,,
18547,50429,,,,
18556,50470,1.0,NA,,
18556,50470,2.0,LA,,
18556,50470,3.0,EMEA,,
18556,50470,4.0,AP,,
18593,50822,,,,
18596,50889,1.0,NA,,
18596,50889,2.0,LA,,
18596,50889,3.0,EMEA,,
18596,50889,4.0,AP,,
18598,50918,1.0,NA,,
18600,50920,1.0,NA,,
18643,51015,1.0,NA,,
18643,51015,2.0,LA,,
18643,51015,3.0,EMEA,,
18643,51015,4.0,AP,,
18645,51017,1.0,NA,,
18645,51017,2.0,LA,,
18645,51017,3.0,EMEA,,
18645,51017,4.0,AP,,
18647,51019,4.0,AP,,
18667,51146,,,,
19142,55889,,,,
19144,55890,,,,
19145,55891,,,,
19176,56592,1.0,NA,,
19176,56592,2.0,LA,,
19176,56592,3.0,EMEA,,
19176,56592,4.0,AP,,
19204,57234,,,,
19350,59785,,,,
15325,26602,,,,
15395,26984,1.0,NA,,
15395,26984,2.0,LA,30.0,Americana
15395,26984,3.0,EMEA,,
15395,26984,4.0,AP,,
15502,28141,1.0,NA,,
15502,28141,2.0,LA,,
15502,28141,3.0,EMEA,,
15502,28141,4.0,AP,,
15536,28462,1.0,NA,,
15573,28759,1.0,NA,,
15573,28759,2.0,LA,,
15573,28759,3.0,EMEA,,
15573,28759,4.0,AP,,
15578,28875,1.0,NA,,
15578,28875,2.0,LA,,
15578,28875,4.0,AP,42.0,Nippon Giant
15661,29867,1.0,NA,,
15661,29867,2.0,LA,,
15661,29867,3.0,EMEA,,
15661,29867,4.0,AP,,
15713,30264,,,,
15755,30633,1.0,NA,,
15766,30794,1.0,NA,,
15766,30794,2.0,LA,,
15766,30794,3.0,EMEA,,
15766,30794,4.0,AP,,
15767,30795,1.0,NA,,
15767,30795,2.0,LA,,
15767,30795,3.0,EMEA,,
15767,30795,4.0,AP,,
15769,30797,1.0,NA,,
15769,30797,2.0,LA,,
15769,30797,3.0,EMEA,,
15769,30797,4.0,AP,,
15770,30798,1.0,NA,,
15770,30798,2.0,LA,,
15770,30798,3.0,EMEA,,
15770,30798,4.0,AP,,
15815,31225,1.0,NA,,
15815,31225,2.0,LA,,
15815,31225,3.0,EMEA,,
15815,31225,4.0,AP,,
15819,31229,,,,
15870,31944,1.0,NA,32.0,Chile
15870,31944,2.0,LA,,
15900,32097,1.0,NA,,
15900,32097,2.0,LA,,
16145,35383,1.0,NA,,
16145,35383,2.0,LA,,
16145,35383,3.0,EMEA,,
16145,35383,4.0,AP,,
16172,35647,,,,
16176,35690,,,,
16287,36779,,,,
16404,37730,1.0,NA,,
16465,38470,,,,
16521,38887,1.0,NA,,
16707,40456,4.0,AP,,
16909,41784,,,,
17024,42495,,,,
17050,42564,4.0,AP,,
17145,42982,,,,
17178,43100,1.0,NA,,
17178,43100,2.0,LA,,
17178,43100,3.0,EMEA,,
17178,43100,4.0,AP,,
18576,50685,,,,
18710,51415,1.0,NA,,
18710,51415,2.0,LA,,
18710,51415,3.0,EMEA,,
18710,51415,4.0,AP,,
18711,51416,1.0,NA,,
18711,51416,2.0,LA,,
18711,51416,3.0,EMEA,,
18711,51416,4.0,AP,,
18805,52071,,,,
18810,52127,,,,
18811,52128,,,,
18812,52129,2.0,LA,,
18813,52130,2.0,LA,,
18886,53083,,,,
18954,53473,,,,
18955,53474,1.0,NA,,
18957,53476,1.0,NA,,
19086,55316,1.0,NA,,
19086,55316,2.0,LA,,
19086,55316,3.0,EMEA,,
19086,55316,4.0,AP,42.0,Nippon Giant
19088,55396,,,,
19131,55740,,,,
19194,56993,1.0,NA,,
19194,56993,2.0,LA,,
19194,56993,3.0,EMEA,,
19194,56993,4.0,AP,,
19308,59055,,,,
19567,62353,,,,
19819,64359,,,,
19838,64529,1.0,NA,,
19839,64530,1.0,NA,,
19854,64618,,,,
19937,65219,,,,
19964,65525,,,,
19982,65873,,,,
15298,26537,1.0,NA,,
15298,26537,2.0,LA,,
15298,26537,3.0,EMEA,,
15298,26537,4.0,AP,,
15323,26599,,,,
15430,27601,1.0,NA,,
15430,27601,2.0,LA,,
15430,27601,3.0,EMEA,,
15772,30801,,,,
15799,31106,1.0,NA,,
15820,31230,1.0,NA,,
15820,31230,2.0,LA,,
15820,31230,3.0,EMEA,,
15820,31230,4.0,AP,,
15926,32409,3.0,EMEA,,
15934,32476,,,,
15964,33443,,,,
16214,36138,,,,
16474,38550,,,,
16496,38736,1.0,NA,,
16496,38736,2.0,LA,,
16496,38736,3.0,EMEA,,
16496,38736,4.0,AP,,
16506,38841,,,,
16684,40243,,,,
16734,40649,,,,
16767,40826,1.0,NA,,
16768,40827,1.0,NA,,
16769,40828,1.0,NA,,
16808,41194,,,,
16891,41649,4.0,AP,,
16948,42207,1.0,NA,,
17008,42437,,,,
17044,42550,,,,
17075,42726,,,,
17188,43114,,,,
17201,43182,,,,
17241,43390,,,,
17319,43600,1.0,NA,,
17319,43600,3.0,EMEA,,
18520,50344,1.0,NA,,
18520,50344,2.0,LA,,
18520,50344,3.0,EMEA,,
18520,50344,4.0,AP,,
18691,51250,,,,
18692,51282,3.0,EMEA,,
18698,51326,,,,
18712,51454,1.0,NA,,
18712,51454,2.0,LA,,
18964,53565,1.0,NA,,
19156,56241,1.0,NA,,
19156,56241,3.0,EMEA,,
19358,59857,,,,
19359,59858,,,,
19727,63359,,,,
19762,63955,,,,
19822,64362,1.0,NA,,
19822,64362,2.0,LA,35.0,Peru
19822,64362,3.0,EMEA,,
19822,64362,4.0,AP,,
19822,64362,1.0,NA,,
19822,64362,2.0,LA,,
19822,64362,3.0,EMEA,,
19822,64362,4.0,AP,42.0,Nippon Giant
19978,65869,4.0,AP,,
19983,65874,,,,
19987,65880,1.0,NA,,
19987,65880,2.0,LA,,
19987,65880,3.0,EMEA,,
19987,65880,4.0,AP,,
19988,65881,1.0,NA,,
19988,65881,2.0,LA,,
19988,65881,3.0,EMEA,,
19988,65881,4.0,AP,,
19989,65882,1.0,NA,,
19989,65882,2.0,LA,,
19989,65882,3.0,EMEA,,
19989,65882,4.0,AP,,
19990,65883,1.0,NA,,
19990,65883,2.0,LA,,
19990,65883,3.0,EMEA,,
19990,65883,4.0,AP,,
19991,65884,1.0,NA,,
19991,65884,2.0,LA,,
19991,65884,3.0,EMEA,,
19991,65884,4.0,AP,,
19994,65918,1.0,NA,,
19994,65918,2.0,LA,,
19994,65918,3.0,EMEA,,
19994,65918,4.0,AP,,
19995,65919,1.0,NA,,
19995,65919,2.0,LA,,
19995,65919,3.0,EMEA,,
19995,65919,4.0,AP,,
19997,65921,1.0,NA,,
19997,65921,2.0,LA,,
19997,65921,3.0,EMEA,,
19997,65921,4.0,AP,,
19998,65955,1.0,NA,,
19998,65955,2.0,LA,,
19998,65955,3.0,EMEA,,
19998,65955,4.0,AP,,
20006,66155,1.0,NA,,
20025,66239,,,,
20027,66241,,,,
20028,66283,,,,
15382,26901,1.0,NA,,
15440,27650,1.0,NA,,
15517,28432,1.0,NA,,
15517,28432,2.0,LA,,
15517,28432,3.0,EMEA,,
15517,28432,4.0,AP,,
15556,28692,,,,
15569,28755,1.0,NA,,
15569,28755,2.0,LA,,
15569,28755,3.0,EMEA,,
15569,28755,4.0,AP,,
15575,28761,1.0,NA,,
15575,28761,2.0,LA,,
15575,28761,3.0,EMEA,,
15575,28761,4.0,AP,,
15623,29399,,,,
15652,29709,1.0,NA,,
15698,30202,1.0,NA,,
15698,30202,2.0,LA,,
15698,30202,3.0,EMEA,,
15698,30202,4.0,AP,,
15740,30557,,,,
15812,31222,1.0,NA,,
15812,31222,2.0,LA,,
15812,31222,3.0,EMEA,,
15812,31222,4.0,AP,,
15855,31542,,,,
15978,33644,1.0,NA,,
15981,33706,1.0,NA,,
15981,33706,2.0,LA,,
15981,33706,3.0,EMEA,,
15981,33706,4.0,AP,,
16079,34938,1.0,NA,,
16079,34938,2.0,LA,,
16079,34938,3.0,EMEA,,
16079,34938,4.0,AP,,
16089,34994,1.0,NA,,
16089,34994,2.0,LA,,
16089,34994,3.0,EMEA,,
16089,34994,4.0,AP,,
16258,36526,1.0,NA,,
16258,36526,2.0,LA,,
16258,36526,3.0,EMEA,,
16258,36526,4.0,AP,,
16288,36780,,,,
16443,38307,1.0,NA,11.0,Valleyfield
16443,38307,2.0,LA,,
16443,38307,3.0,EMEA,,
16443,38307,4.0,AP,,
16468,38502,4.0,AP,37.0,Malaysia
16468,38502,4.0,AP,40.0,Thailand
16468,38502,4.0,AP,42.0,Nippon Giant
16468,38502,4.0,AP,47.0,Indonesia
16468,38502,4.0,AP,100.0,Pulandian
16480,38597,,,,
16502,38837,1.0,NA,,
16502,38837,2.0,LA,,
16502,38837,3.0,EMEA,,
16502,38837,4.0,AP,,
16643,39971,4.0,AP,45.0,Ballabgarh
16708,40463,1.0,NA,,
16708,40463,2.0,LA,,
16708,40463,3.0,EMEA,23.0,Adapazari
16708,40463,4.0,AP,,
16708,40463,1.0,NA,,
16708,40463,2.0,LA,,
16708,40463,3.0,EMEA,25.0,Izmit
16708,40463,4.0,AP,,
16708,40463,1.0,NA,,
16708,40463,2.0,LA,,
16708,40463,3.0,EMEA,,
16708,40463,4.0,AP,42.0,Nippon Giant
16805,41189,,,,
16809,41195,,,,
16881,41605,,,,
16944,42179,1.0,NA,,
18708,51411,1.0,NA,,
18708,51411,2.0,LA,,
18708,51411,3.0,EMEA,,
18708,51411,4.0,AP,,
18709,51412,1.0,NA,,
18709,51412,2.0,LA,,
18709,51412,3.0,EMEA,,
18709,51412,4.0,AP,,
18870,52920,,,,
18871,52921,,,,
18872,52922,,,,
18873,52923,,,,
18874,52924,,,,
18875,52925,,,,
18917,53307,1.0,NA,,
18917,53307,2.0,LA,,
18917,53307,3.0,EMEA,,
18917,53307,4.0,AP,,
18926,53381,2.0,LA,,
19368,59994,1.0,NA,,
19368,59994,2.0,LA,,
19368,59994,3.0,EMEA,,
19368,59994,4.0,AP,,
19398,60508,,,,
19400,60510,,,,
19402,60512,,,,
19403,60513,,,,
19445,60943,1.0,NA,,
19446,61004,,,,
19448,61006,,,,
19449,61007,,,,
19450,61008,,,,
19451,61009,,,,
19452,61010,1.0,NA,,
19452,61010,3.0,EMEA,,
19453,61011,1.0,NA,,
19453,61011,3.0,EMEA,,
19462,61145,1.0,NA,,
19462,61145,2.0,LA,,
19467,61150,1.0,NA,,
19467,61150,2.0,LA,,
19468,61151,1.0,NA,,
19468,61151,2.0,LA,,
15321,26597,1.0,NA,,
15321,26597,2.0,LA,,
15321,26597,3.0,EMEA,,
15364,26823,2.0,LA,,
15476,28058,1.0,NA,,
15629,29449,1.0,NA,,
15629,29449,2.0,LA,,
15629,29449,3.0,EMEA,,
15629,29449,4.0,AP,,
15778,30859,2.0,LA,,
15895,32092,,,,
15962,33441,1.0,NA,,
15962,33441,2.0,LA,,
15962,33441,3.0,EMEA,,
15962,33441,4.0,AP,,
16076,34933,1.0,NA,,
16076,34933,2.0,LA,,
16076,34933,3.0,EMEA,23.0,Adapazari
16076,34933,4.0,AP,,
16076,34933,1.0,NA,,
16076,34933,2.0,LA,,
16076,34933,3.0,EMEA,25.0,Izmit
16076,34933,4.0,AP,,
16078,34937,1.0,NA,,
16078,34937,2.0,LA,,
16078,34937,3.0,EMEA,,
16078,34937,4.0,AP,,
16165,35606,1.0,NA,,
16165,35606,2.0,LA,,
16165,35606,3.0,EMEA,,
16165,35606,4.0,AP,,
16344,37249,,,,
16460,38463,1.0,NA,,
16460,38463,2.0,LA,,
16460,38463,3.0,EMEA,,
16460,38463,4.0,AP,40.0,Thailand
16460,38463,1.0,NA,,
16460,38463,2.0,LA,,
16460,38463,3.0,EMEA,,
16460,38463,4.0,AP,42.0,Nippon Giant
16614,39785,1.0,NA,,
16614,39785,3.0,EMEA,,
16908,41783,,,,
16960,42235,1.0,NA,,
16960,42235,2.0,LA,,
16960,42235,3.0,EMEA,,
16960,42235,4.0,AP,,
17078,42736,,,,
17236,43347,,,,
17326,43649,,,,
17328,43664,1.0,NA,,
17328,43664,2.0,LA,,
17328,43664,4.0,AP,,
17334,43680,,,,
17358,43761,1.0,NA,,
17362,43778,,,,
17364,43780,,,,
17416,43972,,,,
17480,44174,,,,
17487,44194,1.0,NA,,
17738,44999,1.0,NA,,
17738,44999,2.0,LA,,
17738,44999,3.0,EMEA,,
17738,44999,4.0,AP,,
17812,45654,,,,
17813,45655,1.0,NA,,
17813,45655,2.0,LA,,
17813,45655,3.0,EMEA,,
17813,45655,4.0,AP,,
18621,50990,3.0,EMEA,,
18624,50993,3.0,EMEA,,
18626,50995,3.0,EMEA,,
18628,50997,3.0,EMEA,,
18630,50999,3.0,EMEA,,
18632,51001,3.0,EMEA,,
18634,51003,3.0,EMEA,,
18636,51005,3.0,EMEA,,
18639,51008,3.0,EMEA,,
18641,51013,,,,
18654,51053,,,,
18839,52546,,,,
18840,52547,,,,
18841,52548,,,,
18842,52549,,,,
18850,52723,1.0,NA,,
18850,52723,2.0,LA,,
18850,52723,3.0,EMEA,,
19030,54568,1.0,NA,,
19030,54568,2.0,LA,,
19030,54568,3.0,EMEA,,
19030,54568,4.0,AP,,
19032,54570,1.0,NA,,
19032,54570,2.0,LA,,
19032,54570,3.0,EMEA,,
19032,54570,4.0,AP,,
19090,55398,1.0,NA,,
19090,55398,2.0,LA,,
19090,55398,3.0,EMEA,,
19090,55398,4.0,AP,,
19091,55399,1.0,NA,,
19091,55399,2.0,LA,,
19091,55399,3.0,EMEA,,
19091,55399,4.0,AP,,
19103,55560,1.0,NA,,
19103,55560,2.0,LA,,
19103,55560,3.0,EMEA,,
19103,55560,4.0,AP,,
19104,55572,1.0,NA,,
19104,55572,2.0,LA,,
19104,55572,3.0,EMEA,,
19104,55572,4.0,AP,,
19213,57459,1.0,NA,,
19213,57459,2.0,LA,,
19213,57459,3.0,EMEA,,
19213,57459,4.0,AP,,
19214,57460,1.0,NA,,
19214,57460,2.0,LA,,
19214,57460,3.0,EMEA,,
19214,57460,4.0,AP,,
19215,57461,1.0,NA,,
19215,57461,2.0,LA,,
19215,57461,3.0,EMEA,,
19215,57461,4.0,AP,,
19216,57462,1.0,NA,,
19216,57462,2.0,LA,,
19216,57462,3.0,EMEA,,
19216,57462,4.0,AP,,
19218,57557,1.0,NA,,
19219,57558,1.0,NA,,
19248,57967,1.0,NA,,
19248,57967,2.0,LA,,
19250,57969,1.0,NA,,
19250,57969,2.0,LA,,
19620,62885,1.0,NA,,
19620,62885,2.0,LA,,
19620,62885,3.0,EMEA,,
19620,62885,4.0,AP,,
19646,63039,1.0,NA,,
19782,64085,,,,
15402,27025,1.0,NA,,
15404,27027,1.0,NA,,
15428,27536,1.0,NA,,
15591,29056,1.0,NA,,
15591,29056,2.0,LA,,
15591,29056,3.0,EMEA,,
15591,29056,4.0,AP,,
15614,29389,,,,
15654,29711,,,,
15683,30035,1.0,NA,,
15803,31213,3.0,EMEA,,
15836,31467,1.0,NA,,
15836,31467,2.0,LA,,
15836,31467,3.0,EMEA,,
15836,31467,4.0,AP,,
15845,31532,,,,
15879,31952,,,,
16122,35271,3.0,EMEA,,
16125,35276,3.0,EMEA,,
16154,35515,1.0,NA,,
16154,35515,2.0,LA,,
16154,35515,3.0,EMEA,23.0,Adapazari
16154,35515,4.0,AP,,
16154,35515,1.0,NA,,
16154,35515,2.0,LA,,
16154,35515,3.0,EMEA,25.0,Izmit
16154,35515,4.0,AP,,
16261,36529,1.0,NA,,
16261,36529,2.0,LA,,
16261,36529,3.0,EMEA,,
16261,36529,4.0,AP,,
16408,37761,1.0,NA,,
16408,37761,3.0,EMEA,,
16428,38117,1.0,NA,,
16578,39365,,,,
16698,40330,,,,
16701,40333,,,,
16754,40774,,,,
16814,41202,1.0,NA,,
16859,41471,,,,
16900,41775,1.0,NA,,
16900,41775,2.0,LA,,
16900,41775,3.0,EMEA,,
16900,41775,4.0,AP,,
17096,42806,,,,
17128,42929,,,,
17146,42987,,,,
17250,43400,,,,
17359,43762,,,,
17368,43784,,,,
17417,43981,,,,
18494,50309,4.0,AP,,
18496,50311,4.0,AP,,
18507,50322,4.0,AP,,
18687,51224,,,,
18779,51789,,,,
18782,51838,,,,
18990,54013,,,,
19038,54583,1.0,NA,,
19038,54583,2.0,LA,,
19038,54583,3.0,EMEA,23.0,Adapazari
19038,54583,4.0,AP,,
19038,54583,1.0,NA,,
19038,54583,2.0,LA,,
19038,54583,3.0,EMEA,25.0,Izmit
19038,54583,4.0,AP,,
19038,54583,1.0,NA,140.0,Other
19038,54583,2.0,LA,,
19038,54583,3.0,EMEA,,
19038,54583,4.0,AP,,
19044,54590,1.0,NA,,
19212,57458,,,,
19414,60673,,,,
19575,62492,1.0,NA,,
19756,63868,,,,
19757,63869,3.0,EMEA,23.0,Adapazari
19757,63869,3.0,EMEA,25.0,Izmit
19834,64525,1.0,NA,,
19835,64526,1.0,NA,,
19910,65029,1.0,NA,,
19910,65029,2.0,LA,,
19910,65029,3.0,EMEA,,
19910,65029,4.0,AP,,
19913,65032,1.0,NA,,
19913,65032,2.0,LA,,
19913,65032,3.0,EMEA,,
19913,65032,4.0,AP,,
19962,65480,,,,
19984,65876,1.0,NA,,
19984,65876,2.0,LA,,
19984,65876,3.0,EMEA,,
19984,65876,4.0,AP,,
19985,65877,1.0,NA,,
19985,65877,2.0,LA,,
19985,65877,3.0,EMEA,,
19985,65877,4.0,AP,,
19986,65878,1.0,NA,,
19986,65878,2.0,LA,,
19986,65878,3.0,EMEA,,
19986,65878,4.0,AP,,
20000,65956,,,,
20002,65959,2.0,LA,,
20004,66121,,,,
20005,66122,,,,
15310,26585,1.0,NA,,
15310,26585,2.0,LA,,
15310,26585,3.0,EMEA,,
15310,26585,4.0,AP,42.0,Nippon Giant
15398,27021,1.0,NA,,
15519,28444,1.0,NA,,
15521,28446,1.0,NA,,
15552,28631,1.0,NA,,
15552,28631,2.0,LA,,
15552,28631,3.0,EMEA,,
15552,28631,4.0,AP,,
15710,30261,,,,
15749,30571,,,,
15756,30687,1.0,NA,,
15764,30740,1.0,NA,,
15764,30740,3.0,EMEA,,
16232,36281,,,,
16315,36925,,,,
16327,37064,1.0,NA,,
16327,37064,2.0,LA,,
16327,37064,3.0,EMEA,,
16327,37064,4.0,AP,,
16336,37173,1.0,NA,,
16336,37173,2.0,LA,,
16336,37173,3.0,EMEA,,
16336,37173,4.0,AP,,
16345,37250,,,,
16369,37446,,,,
16374,37453,1.0,NA,,
16374,37453,2.0,LA,,
16374,37453,3.0,EMEA,,
16374,37453,4.0,AP,,
16547,38996,1.0,NA,,
16547,38996,2.0,LA,,
16547,38996,3.0,EMEA,,
16571,39322,1.0,NA,,
16571,39322,2.0,LA,,
16571,39322,3.0,EMEA,,
16571,39322,4.0,AP,,
16597,39590,1.0,NA,,
16597,39590,2.0,LA,,
16597,39590,3.0,EMEA,,
16597,39590,4.0,AP,,
16733,40648,,,,
17013,42471,,,,
17038,42536,1.0,NA,,
17038,42536,2.0,LA,,
17038,42536,3.0,EMEA,,
17038,42536,4.0,AP,,
17089,42763,1.0,NA,,
17089,42763,2.0,LA,,
17089,42763,3.0,EMEA,,
17089,42763,4.0,AP,,
17148,42989,1.0,NA,,
17148,42989,2.0,LA,,
17197,43160,,,,
17198,43161,1.0,NA,,
17309,43568,1.0,NA,,
17318,43599,1.0,NA,,
17318,43599,2.0,LA,,
17318,43599,3.0,EMEA,,
17318,43599,4.0,AP,,
18502,50317,4.0,AP,,
18523,50347,1.0,NA,,
18523,50347,2.0,LA,,
18523,50347,3.0,EMEA,,
18523,50347,4.0,AP,,
18534,50416,1.0,NA,,
18534,50416,2.0,LA,,
18534,50416,3.0,EMEA,,
18534,50416,4.0,AP,,
18536,50418,1.0,NA,,
18536,50418,2.0,LA,,
18536,50418,3.0,EMEA,,
18536,50418,4.0,AP,,
18538,50420,1.0,NA,,
18538,50420,2.0,LA,,
18538,50420,3.0,EMEA,,
18538,50420,4.0,AP,,
18540,50422,1.0,NA,,
18540,50422,2.0,LA,,
18540,50422,3.0,EMEA,,
18540,50422,4.0,AP,,
18542,50424,1.0,NA,,
18542,50424,2.0,LA,,
18542,50424,3.0,EMEA,,
18542,50424,4.0,AP,,
18568,50550,,,,
18649,51021,4.0,AP,,
18651,51023,4.0,AP,,
18796,52012,,,,
18797,52014,,,,
18846,52614,,,,
18848,52617,,,,
18932,53387,1.0,NA,,
18932,53387,3.0,EMEA,,
18933,53388,1.0,NA,,
18933,53388,3.0,EMEA,,
18974,53648,1.0,NA,,
18974,53648,2.0,LA,,
18974,53648,3.0,EMEA,,
18974,53648,4.0,AP,,
19182,56713,1.0,NA,,
19182,56713,2.0,LA,,
19183,56714,1.0,NA,,
19184,56715,1.0,NA,,
19282,58414,,,,
19399,60509,,,,
19401,60511,,,,
19469,61152,1.0,NA,,
19469,61152,3.0,EMEA,,
19498,61766,1.0,NA,,
19508,61819,,,,
19592,62660,,,,
19598,62745,,,,
15304,26551,1.0,NA,,
15304,26551,2.0,LA,,
15304,26551,3.0,EMEA,23.0,Adapazari
15304,26551,4.0,AP,,
15304,26551,1.0,NA,,
15304,26551,2.0,LA,,
15304,26551,3.0,EMEA,,
15304,26551,4.0,AP,42.0,Nippon Giant
15367,26835,2.0,LA,,
15411,27126,,,,
15639,29514,,,,
15640,29515,,,,
15754,30632,1.0,NA,,
15806,31216,1.0,NA,,
15806,31216,2.0,LA,,
15806,31216,3.0,EMEA,,
15806,31216,4.0,AP,,
15938,32665,,,,
15983,33832,1.0,NA,,
16010,34117,,,,
16065,34693,1.0,NA,,
16065,34693,2.0,LA,,
16065,34693,3.0,EMEA,,
16065,34693,4.0,AP,,
16105,35164,,,,
16117,35177,1.0,NA,,
16301,36822,,,,
16303,36824,1.0,NA,,
16303,36824,2.0,LA,,
16330,37066,,,,
16332,37068,,,,
16354,37297,1.0,NA,,
16360,37337,1.0,NA,,
16360,37337,2.0,LA,,
16360,37337,3.0,EMEA,,
16360,37337,4.0,AP,,
16362,37339,3.0,EMEA,,
16392,37612,,,,
16398,37724,1.0,NA,,
16398,37724,2.0,LA,,
16424,38000,1.0,NA,,
16424,38000,2.0,LA,,
16424,38000,3.0,EMEA,,
16424,38000,4.0,AP,,
16477,38588,,,,
16526,38892,1.0,NA,,
16526,38892,2.0,LA,,
16526,38892,3.0,EMEA,,
16526,38892,4.0,AP,,
16876,41569,,,,
17006,42405,,,,
17093,42770,,,,
17131,42954,1.0,NA,,
17151,42992,1.0,NA,1.0,Danville
17376,43812,2.0,LA,,
17414,43970,,,,
17421,44031,1.0,NA,,
17436,44061,1.0,NA,,
17436,44061,2.0,LA,,
17436,44061,3.0,EMEA,,
17436,44061,4.0,AP,,
17445,44072,1.0,NA,,
17445,44072,2.0,LA,,
17445,44072,3.0,EMEA,,
17445,44072,4.0,AP,,
18509,50324,4.0,AP,,
18652,51024,1.0,NA,,
18652,51024,2.0,LA,,
18652,51024,3.0,EMEA,,
18652,51024,4.0,AP,,
18798,52015,,,,
18814,52299,,,,
18898,53226,,,,
19003,54157,1.0,NA,,
19004,54159,3.0,EMEA,,
19005,54160,3.0,EMEA,,
19006,54161,3.0,EMEA,,
19012,54305,,,,
19023,54385,,,,
19052,54686,,,,
19053,54687,,,,
19054,54688,,,,
19198,57071,,,,
19200,57073,,,,
19202,57074,1.0,NA,,
19202,57074,2.0,LA,,
19202,57074,3.0,EMEA,,
19202,57074,4.0,AP,,
19268,58331,1.0,NA,,
19270,58399,1.0,NA,9.0,Medicine Hat
19270,58399,2.0,LA,,
19270,58399,3.0,EMEA,,
19270,58399,4.0,AP,,
19270,58399,1.0,NA,10.0,Napanee
19270,58399,2.0,LA,,
19270,58399,3.0,EMEA,,
19270,58399,4.0,AP,,
19270,58399,1.0,NA,11.0,Valleyfield
19270,58399,2.0,LA,,
19270,58399,3.0,EMEA,,
19270,58399,4.0,AP,,
19270,58399,1.0,NA,,
19270,58399,2.0,LA,35.0,Peru
19270,58399,3.0,EMEA,,
19270,58399,4.0,AP,,
19270,58399,1.0,NA,,
19270,58399,2.0,LA,,
19270,58399,3.0,EMEA,,
19270,58399,4.0,AP,42.0,Nippon Giant
19271,58400,2.0,LA,35.0,Peru
19271,58400,3.0,EMEA,,
19271,58400,4.0,AP,,
19271,58400,2.0,LA,,
19271,58400,3.0,EMEA,,
19271,58400,4.0,AP,42.0,Nippon Giant
19272,58401,1.0,NA,9.0,Medicine Hat
19272,58401,2.0,LA,,
19272,58401,3.0,EMEA,,
19272,58401,4.0,AP,,
19272,58401,1.0,NA,10.0,Napanee
19272,58401,2.0,LA,,
19272,58401,3.0,EMEA,,
19272,58401,4.0,AP,,
19272,58401,1.0,NA,11.0,Valleyfield
19272,58401,2.0,LA,,
19272,58401,3.0,EMEA,,
19272,58401,4.0,AP,,
19272,58401,1.0,NA,,
19272,58401,2.0,LA,35.0,Peru
19272,58401,3.0,EMEA,,
19272,58401,4.0,AP,,
19272,58401,1.0,NA,,
19272,58401,2.0,LA,,
19272,58401,3.0,EMEA,,
19272,58401,4.0,AP,42.0,Nippon Giant
19273,58402,2.0,LA,35.0,Peru
19273,58402,3.0,EMEA,,
19273,58402,4.0,AP,,
19273,58402,2.0,LA,,
19273,58402,3.0,EMEA,,
19273,58402,4.0,AP,42.0,Nippon Giant
19274,58403,2.0,LA,35.0,Peru
19274,58403,3.0,EMEA,,
19274,58403,4.0,AP,,
19274,58403,2.0,LA,,
19274,58403,3.0,EMEA,,
19274,58403,4.0,AP,42.0,Nippon Giant
19275,58405,1.0,NA,9.0,Medicine Hat
19275,58405,2.0,LA,,
19275,58405,3.0,EMEA,,
19275,58405,4.0,AP,,
19275,58405,1.0,NA,10.0,Napanee
19275,58405,2.0,LA,,
19275,58405,3.0,EMEA,,
19275,58405,4.0,AP,,
19275,58405,1.0,NA,11.0,Valleyfield
19275,58405,2.0,LA,,
19275,58405,3.0,EMEA,,
19275,58405,4.0,AP,,
19275,58405,1.0,NA,,
19275,58405,2.0,LA,35.0,Peru
19275,58405,3.0,EMEA,,
19275,58405,4.0,AP,,
19275,58405,1.0,NA,,
19275,58405,2.0,LA,,
19275,58405,3.0,EMEA,,
19275,58405,4.0,AP,42.0,Nippon Giant
19276,58406,2.0,LA,35.0,Peru
19276,58406,3.0,EMEA,,
19276,58406,4.0,AP,,
19276,58406,2.0,LA,,
19276,58406,3.0,EMEA,,
19276,58406,4.0,AP,42.0,Nippon Giant
19277,58407,1.0,NA,,
19277,58407,2.0,LA,,
19277,58407,3.0,EMEA,,
19277,58407,4.0,AP,,
17914,46057,1.0,NA,,
17914,46057,2.0,LA,,
17914,46057,3.0,EMEA,,
17914,46057,4.0,AP,,
17915,46058,1.0,NA,,
17916,46059,1.0,NA,32.0,Chile
17916,46059,1.0,NA,240.0,San Luis Potosi
17917,46060,1.0,NA,,
17917,46060,2.0,LA,,
17917,46060,3.0,EMEA,,
17917,46060,4.0,AP,,
17918,46061,1.0,NA,,
17919,46062,1.0,NA,,
17919,46062,2.0,LA,,
17919,46062,3.0,EMEA,,
17919,46062,4.0,AP,,
17920,46063,1.0,NA,,
17920,46063,2.0,LA,,
17920,46063,3.0,EMEA,,
17920,46063,4.0,AP,,
17980,46496,,,,
17981,46497,,,,
17982,46498,,,,
18006,46614,1.0,NA,,
18078,47291,,,,
18079,47292,,,,
18162,47869,,,,
18181,47942,2.0,LA,,
18182,47943,2.0,LA,,
18192,48010,,,,
18228,48155,,,,
18229,48156,,,,
18230,48157,,,,
18233,48159,1.0,NA,,
18234,48160,1.0,NA,,
18248,48293,1.0,NA,,
18248,48293,2.0,LA,,
18248,48293,3.0,EMEA,,
18248,48293,4.0,AP,,
18260,48386,,,,
18262,48415,1.0,NA,,
18263,48416,,,,
18265,48418,,,,
15707,30211,1.0,NA,,
15707,30211,2.0,LA,,
15707,30211,4.0,AP,,
15707,30211,1.0,NA,,
15707,30211,2.0,LA,,
15707,30211,4.0,AP,,
15802,31212,3.0,EMEA,,
15844,31531,,,,
15889,32028,1.0,NA,,
15890,32029,1.0,NA,,
15890,32029,2.0,LA,,
15890,32029,3.0,EMEA,,
15890,32029,4.0,AP,,
15984,33833,1.0,NA,,
16062,34691,1.0,NA,,
16062,34691,2.0,LA,,
16062,34691,3.0,EMEA,23.0,Adapazari
16062,34691,4.0,AP,,
16062,34691,1.0,NA,,
16062,34691,2.0,LA,,
16062,34691,3.0,EMEA,25.0,Izmit
16062,34691,4.0,AP,,
16062,34691,1.0,NA,,
16062,34691,2.0,LA,,
16062,34691,3.0,EMEA,,
16062,34691,4.0,AP,42.0,Nippon Giant
16115,35175,1.0,NA,,
16115,35175,2.0,LA,,
16115,35175,3.0,EMEA,,
16115,35175,4.0,AP,,
16203,36101,,,,
16204,36102,,,,
16217,36176,1.0,NA,,
16217,36176,2.0,LA,,
16217,36176,3.0,EMEA,,
16217,36176,4.0,AP,,
16238,36329,,,,
16353,37296,1.0,NA,,
16505,38840,,,,
16586,39458,,,,
16594,39562,1.0,NA,,
16594,39562,2.0,LA,,
16594,39562,3.0,EMEA,,
16594,39562,4.0,AP,,
16654,40039,1.0,NA,,
16654,40039,2.0,LA,,
16654,40039,3.0,EMEA,,
16654,40039,4.0,AP,,
16762,40821,1.0,NA,,
16766,40825,1.0,NA,,
17114,42891,1.0,NA,,
17371,43807,1.0,NA,,
17412,43969,,,,
17488,44195,1.0,NA,,
17563,44329,,,,
17806,45611,,,,
17807,45612,,,,
17808,45613,,,,
17809,45614,,,,
17844,45865,,,,
17845,45866,,,,
17468,44144,3.0,EMEA,,
17476,44170,1.0,NA,9.0,Medicine Hat
17476,44170,2.0,LA,,
17476,44170,3.0,EMEA,,
17476,44170,4.0,AP,,
17476,44170,1.0,NA,10.0,Napanee
17476,44170,2.0,LA,,
17476,44170,3.0,EMEA,,
17476,44170,4.0,AP,,
17476,44170,1.0,NA,11.0,Valleyfield
17476,44170,2.0,LA,,
17476,44170,3.0,EMEA,,
17476,44170,4.0,AP,,
17478,44172,,,,
17564,44330,,,,
17573,44362,2.0,LA,,
17575,44364,2.0,LA,,
17577,44366,2.0,LA,,
17579,44368,2.0,LA,,
17581,44370,2.0,LA,,
17583,44372,2.0,LA,,
17603,44533,1.0,NA,,
17603,44533,2.0,LA,,
17603,44533,3.0,EMEA,,
17603,44533,4.0,AP,,
17604,44534,1.0,NA,,
17604,44534,2.0,LA,,
17604,44534,3.0,EMEA,,
17604,44534,4.0,AP,,
17607,44538,3.0,EMEA,,
17608,44540,1.0,NA,,
17608,44540,2.0,LA,,
17608,44540,3.0,EMEA,,
17608,44540,4.0,AP,,
17618,44572,,,,
17704,44825,,,,
17705,44826,,,,
17752,45201,,,,
17754,45202,,,,
17758,45210,,,,
17764,45322,,,,
17765,45323,,,,
15347,26695,,,,
15355,26757,,,,
15532,28458,1.0,NA,,
15987,33892,1.0,NA,,
16094,35086,3.0,EMEA,,
16134,35284,3.0,EMEA,,
16326,37063,1.0,NA,,
16326,37063,2.0,LA,,
16326,37063,3.0,EMEA,,
16326,37063,4.0,AP,,
16488,38728,1.0,NA,,
16522,38888,1.0,NA,,
16573,39324,,,,
16582,39369,1.0,NA,,
16582,39369,2.0,LA,,
16582,39369,3.0,EMEA,,
16582,39369,4.0,AP,,
16739,40675,1.0,NA,,
16739,40675,2.0,LA,,
16739,40675,3.0,EMEA,,
16739,40675,4.0,AP,,
16816,41227,,,,
17348,43693,,,,
17381,43831,,,,
17656,44720,3.0,EMEA,,
17664,44744,,,,
17665,44745,,,,
17666,44746,,,,
17867,45920,1.0,NA,,
17867,45920,2.0,LA,,
17867,45920,3.0,EMEA,,
17867,45920,4.0,AP,,
18020,46849,1.0,NA,,
18058,47159,1.0,NA,,
18058,47159,2.0,LA,,
18058,47159,3.0,EMEA,23.0,Adapazari
18058,47159,4.0,AP,,
18058,47159,1.0,NA,,
18058,47159,2.0,LA,,
18058,47159,3.0,EMEA,25.0,Izmit
18058,47159,4.0,AP,,
18058,47159,1.0,NA,,
18058,47159,2.0,LA,,
18058,47159,3.0,EMEA,,
18058,47159,4.0,AP,40.0,Thailand
18058,47159,1.0,NA,,
18058,47159,2.0,LA,,
18058,47159,3.0,EMEA,,
18058,47159,4.0,AP,42.0,Nippon Giant
18224,48152,,,,
18394,49428,1.0,NA,,
18420,49518,,,,
18422,49520,,,,
18272,48425,,,,
18277,48433,,,,
18298,48738,4.0,AP,,
18351,49021,,,,
18356,49056,1.0,NA,,
18369,49158,1.0,NA,,
18369,49158,3.0,EMEA,,
18370,49160,,,,
18372,49198,,,,
18373,49199,,,,
18448,49655,,,,
18452,49697,,,,
18453,49698,,,,
18454,49699,,,,
18458,49780,,,,
18460,49923,,,,
18461,49924,1.0,NA,,
18461,49924,2.0,LA,,
18461,49924,3.0,EMEA,,
18461,49924,4.0,AP,,
18463,49926,,,,
18464,49927,,,,
18465,49928,,,,
18484,50268,,,,
18485,50269,,,,
18486,50270,,,,
18513,50337,1.0,NA,,
18513,50337,2.0,LA,,
18513,50337,3.0,EMEA,,
18513,50337,4.0,AP,,
18519,50343,1.0,NA,,
18519,50343,2.0,LA,,
18519,50343,3.0,EMEA,,
18519,50343,4.0,AP,,
18530,50383,1.0,NA,,
18552,50464,3.0,EMEA,,
18557,50471,,,,
15316,26591,,,,
15454,27923,1.0,NA,,
15454,27923,2.0,LA,,
15454,27923,3.0,EMEA,,
15454,27923,4.0,AP,,
15571,28757,1.0,NA,,
15571,28757,2.0,LA,,
15571,28757,3.0,EMEA,,
15571,28757,4.0,AP,,
15583,28943,1.0,NA,,
16140,35333,,,,
16198,36066,,,,
16231,36280,1.0,NA,,
16231,36280,2.0,LA,,
16231,36280,3.0,EMEA,,
16231,36280,4.0,AP,,
16259,36527,1.0,NA,,
16259,36527,2.0,LA,,
16259,36527,3.0,EMEA,,
16259,36527,4.0,AP,,
16263,36531,1.0,NA,,
16263,36531,2.0,LA,,
16263,36531,3.0,EMEA,,
16263,36531,4.0,AP,,
16281,36713,1.0,NA,,
16281,36713,2.0,LA,,
16281,36713,3.0,EMEA,,
16281,36713,4.0,AP,,
16322,37028,1.0,NA,,
16322,37028,2.0,LA,,
16322,37028,3.0,EMEA,,
16322,37028,4.0,AP,,
16368,37445,,,,
16432,38151,,,,
16660,40045,1.0,NA,,
16660,40045,2.0,LA,,
16660,40045,3.0,EMEA,,
16660,40045,4.0,AP,,
16702,40364,,,,
16804,41188,,,,
16947,42206,,,,
17490,44197,1.0,NA,,
17724,44876,1.0,NA,,
17724,44876,2.0,LA,,
17724,44876,3.0,EMEA,,
17724,44876,4.0,AP,,
17846,45867,,,,
17926,46100,,,,
17927,46101,,,,
17928,46102,,,,
17975,46456,4.0,AP,,
17976,46457,4.0,AP,,
18063,47165,1.0,NA,,
18063,47165,2.0,LA,,
18063,47165,3.0,EMEA,,
18063,47165,4.0,AP,,
17766,45324,,,,
17767,45325,,,,
17768,45326,,,,
17769,45327,,,,
17770,45329,,,,
17771,45330,,,,
15371,26839,2.0,LA,,
15373,26841,2.0,LA,,
15518,28442,1.0,NA,,
15541,28524,1.0,NA,1.0,Danville
15542,28525,1.0,NA,,
15542,28525,2.0,LA,,
15542,28525,3.0,EMEA,,
15542,28525,4.0,AP,,
15868,31835,,,,
15928,32411,,,,
15996,33962,1.0,NA,,
16138,35332,1.0,NA,,
16138,35332,3.0,EMEA,,
16248,36433,3.0,EMEA,,
16382,37602,1.0,NA,,
16382,37602,2.0,LA,,
16382,37602,3.0,EMEA,,
16382,37602,4.0,AP,,
16478,38591,1.0,NA,,
16588,39527,,,,
16782,41046,4.0,AP,42.0,Nippon Giant
16870,41535,3.0,EMEA,,
17000,42398,,,,
17083,42751,,,,
17115,42892,1.0,NA,,
17212,43213,1.0,NA,,
17212,43213,2.0,LA,,
17212,43213,4.0,AP,,
17222,43237,1.0,NA,,
17325,43639,1.0,NA,,
17325,43639,2.0,LA,,
17325,43639,3.0,EMEA,,
17325,43639,4.0,AP,,
17442,44069,,,,
17568,44344,1.0,NA,,
17568,44344,2.0,LA,,
17568,44344,3.0,EMEA,,
17568,44344,4.0,AP,,
18430,49529,2.0,LA,,
18480,50225,1.0,NA,,
18480,50225,2.0,LA,,
18480,50225,3.0,EMEA,,
18480,50225,4.0,AP,,
18362,49113,1.0,NA,9.0,Medicine Hat
18362,49113,2.0,LA,,
18362,49113,3.0,EMEA,,
18362,49113,4.0,AP,,
18362,49113,1.0,NA,10.0,Napanee
18362,49113,2.0,LA,,
18362,49113,3.0,EMEA,,
18362,49113,4.0,AP,,
18362,49113,1.0,NA,11.0,Valleyfield
18362,49113,2.0,LA,,
18362,49113,3.0,EMEA,,
18362,49113,4.0,AP,,
18362,49113,1.0,NA,,
18362,49113,2.0,LA,,
18362,49113,3.0,EMEA,,
18362,49113,4.0,AP,42.0,Nippon Giant
18558,50472,1.0,NA,,
18558,50472,2.0,LA,,
18558,50472,3.0,EMEA,,
18558,50472,4.0,AP,,
18559,50473,1.0,NA,,
18559,50473,2.0,LA,,
18559,50473,3.0,EMEA,,
18559,50473,4.0,AP,,
18560,50474,3.0,EMEA,18.0,Debica
18560,50474,3.0,EMEA,19.0,Philippsburg
18560,50474,3.0,EMEA,21.0,Luxembourg
18560,50474,3.0,EMEA,23.0,Adapazari
18560,50474,3.0,EMEA,24.0,Sava
18560,50474,3.0,EMEA,26.0,Fulda
18560,50474,3.0,EMEA,27.0,South Africa
18560,50474,3.0,EMEA,48.0,Amiens South
18560,50474,3.0,EMEA,49.0,Montlucon
18560,50474,3.0,EMEA,50.0,Hanau
18560,50474,3.0,EMEA,51.0,Wittlich
18560,50474,3.0,EMEA,52.0,Fuerstenwalde
18560,50474,3.0,EMEA,53.0,Riesa
18560,50474,3.0,EMEA,180.0,Polymer-Technik Elbe GmbH
18560,50474,3.0,EMEA,200.0,ICM*L
18560,50474,3.0,EMEA,220.0,RCCE
18560,50474,3.0,EMEA,260.0,Conbelts Bytom-SAEU
18560,50474,3.0,EMEA,261.0,DRC Kauucuk
18560,50474,3.0,EMEA,262.0,Empresa Industrial de Borracha SA-EIB
18560,50474,3.0,EMEA,263.0,FTT Stomil Wolbrom SA
18560,50474,3.0,EMEA,264.0,Geyer and Hosaja-Zak-ADY Gumowe w Mielcu-Sp. Zo.o
18560,50474,3.0,EMEA,265.0,Hexpol - Berwin
18560,50474,3.0,EMEA,266.0,Kabat Tyre
18560,50474,3.0,EMEA,267.0,Kolsan
18560,50474,3.0,EMEA,268.0,Kraiburg Austria GmbH and Co. KG
18560,50474,3.0,EMEA,269.0,Marangoni S.p.A Rovereto
18560,50474,3.0,EMEA,270.0,Marangoni S.p.A Hamburg
18560,50474,3.0,EMEA,271.0,Matrax s.r.o.
18560,50474,3.0,EMEA,272.0,Multiblend
18560,50474,3.0,EMEA,273.0,Omya Uk Limited-Masterbatches
18560,50474,3.0,EMEA,274.0,Ozka Lastik ve Kaucuk Inc.
18560,50474,3.0,EMEA,275.0,Peintures Robin S.A-Paints /Cements
18560,50474,3.0,EMEA,276.0,Phoenix Compound Technology Hamburg
18560,50474,3.0,EMEA,277.0,Phoenix Compound Technology Waltershausen
18560,50474,3.0,EMEA,279.0,ProPS s.r.o.
18560,50474,3.0,EMEA,280.0,S and N Rubber¿
18560,50474,3.0,EMEA,281.0,Socamont-S.A.
18560,50474,3.0,EMEA,282.0,Stomil Poznan
18560,50474,3.0,EMEA,283.0,Tecnogum
18560,50474,3.0,EMEA,284.0,Vil Kaucuk San.ve Tic. Ltd Sti
18560,50474,3.0,EMEA,285.0,Zaklady Chemiczne BOCHEM Sp. z o.o
18560,50474,3.0,EMEA,320.0,Dudelange
18564,50544,,,,
18572,50635,,,,
18574,50649,,,,
18578,50804,,,,
18580,50808,3.0,EMEA,,
18582,50811,4.0,AP,,
18583,50812,4.0,AP,,
18584,50813,,,,
18590,50819,1.0,NA,,
18590,50819,2.0,LA,,
18591,50820,1.0,NA,,
18591,50820,2.0,LA,,
18592,50821,,,,
18597,50890,1.0,NA,,
18597,50890,2.0,LA,,
18597,50890,3.0,EMEA,,
18597,50890,4.0,AP,,
18601,50921,1.0,NA,14.0,ICM*A
18604,50951,1.0,NA,,
18604,50951,2.0,LA,,
18604,50951,3.0,EMEA,,
18604,50951,4.0,AP,42.0,Nippon Giant
18609,50954,,,,
18657,51080,,,,
18658,51081,,,,
18668,51147,,,,
18672,51185,1.0,NA,,
18672,51185,2.0,LA,,
18672,51185,3.0,EMEA,,
18672,51185,4.0,AP,,
18690,51249,,,,
15576,28807,,,,
15590,29055,1.0,NA,,
15590,29055,2.0,LA,,
15590,29055,3.0,EMEA,,
15590,29055,4.0,AP,,
15632,29501,1.0,NA,,
15632,29501,2.0,LA,,
15632,29501,4.0,AP,,
15708,30212,1.0,NA,,
15708,30212,2.0,LA,,
15708,30212,3.0,EMEA,,
15708,30212,4.0,AP,,
15846,31533,,,,
15848,31535,,,,
15851,31538,,,,
15858,31545,,,,
15914,32221,,,,
16102,35161,,,,
16275,36673,1.0,NA,,
16275,36673,2.0,LA,,
16275,36673,3.0,EMEA,,
16275,36673,4.0,AP,,
16298,36789,1.0,NA,,
16298,36789,2.0,LA,,
16298,36789,3.0,EMEA,,
16298,36789,4.0,AP,,
16487,38727,1.0,NA,,
16490,38730,1.0,NA,,
16598,39617,,,,
16661,40046,1.0,NA,,
16690,40299,1.0,NA,,
16728,40644,,,,
16869,41534,1.0,NA,9.0,Medicine Hat
16869,41534,2.0,LA,,
16869,41534,3.0,EMEA,,
16869,41534,4.0,AP,,
16869,41534,1.0,NA,10.0,Napanee
16869,41534,2.0,LA,,
16869,41534,3.0,EMEA,,
16869,41534,4.0,AP,,
16869,41534,1.0,NA,11.0,Valleyfield
16869,41534,2.0,LA,,
16869,41534,3.0,EMEA,,
16869,41534,4.0,AP,,
16869,41534,1.0,NA,,
16869,41534,2.0,LA,,
16869,41534,3.0,EMEA,18.0,Debica
16869,41534,4.0,AP,,
16869,41534,1.0,NA,,
16869,41534,2.0,LA,,
16869,41534,3.0,EMEA,19.0,Philippsburg
16869,41534,4.0,AP,,
16869,41534,1.0,NA,,
16869,41534,2.0,LA,,
16869,41534,3.0,EMEA,21.0,Luxembourg
16869,41534,4.0,AP,,
16869,41534,1.0,NA,,
16869,41534,2.0,LA,,
16869,41534,3.0,EMEA,23.0,Adapazari
16869,41534,4.0,AP,,
16869,41534,1.0,NA,,
16869,41534,2.0,LA,,
16869,41534,3.0,EMEA,24.0,Sava
16869,41534,4.0,AP,,
16869,41534,1.0,NA,,
16869,41534,2.0,LA,,
16869,41534,3.0,EMEA,25.0,Izmit
16869,41534,4.0,AP,,
16869,41534,1.0,NA,,
16869,41534,2.0,LA,,
16869,41534,3.0,EMEA,26.0,Fulda
16869,41534,4.0,AP,,
16869,41534,1.0,NA,,
16869,41534,2.0,LA,,
16869,41534,3.0,EMEA,28.0,Wolverhampton
16869,41534,4.0,AP,,
16869,41534,1.0,NA,,
16869,41534,2.0,LA,,
16869,41534,3.0,EMEA,48.0,Amiens South
16869,41534,4.0,AP,,
16869,41534,1.0,NA,,
16869,41534,2.0,LA,,
16869,41534,3.0,EMEA,49.0,Montlucon
16869,41534,4.0,AP,,
16869,41534,1.0,NA,,
16869,41534,2.0,LA,,
16869,41534,3.0,EMEA,50.0,Hanau
16869,41534,4.0,AP,,
16869,41534,1.0,NA,,
16869,41534,2.0,LA,,
16869,41534,3.0,EMEA,51.0,Wittlich
16869,41534,4.0,AP,,
16869,41534,1.0,NA,,
16869,41534,2.0,LA,,
16869,41534,3.0,EMEA,52.0,Fuerstenwalde
16869,41534,4.0,AP,,
16869,41534,1.0,NA,,
16869,41534,2.0,LA,,
16869,41534,3.0,EMEA,53.0,Riesa
16869,41534,4.0,AP,,
16869,41534,1.0,NA,,
16869,41534,2.0,LA,,
16869,41534,3.0,EMEA,200.0,ICM*L
16869,41534,4.0,AP,,
16869,41534,1.0,NA,,
16869,41534,2.0,LA,,
16869,41534,3.0,EMEA,220.0,RCCE
16869,41534,4.0,AP,,
16882,41606,1.0,NA,,
16882,41606,2.0,LA,,
16882,41606,3.0,EMEA,,
16882,41606,4.0,AP,,
16907,41782,,,,
17028,42519,1.0,NA,,
17028,42519,2.0,LA,,
17028,42519,3.0,EMEA,,
17028,42519,4.0,AP,,
17248,43397,,,,
17337,43683,,,,
17382,43832,,,,
17452,44110,1.0,NA,,
17495,44229,1.0,NA,9.0,Medicine Hat
17495,44229,4.0,AP,,
17495,44229,1.0,NA,10.0,Napanee
17495,44229,4.0,AP,,
17495,44229,1.0,NA,11.0,Valleyfield
17495,44229,4.0,AP,,
17495,44229,1.0,NA,,
17495,44229,4.0,AP,40.0,Thailand
17495,44229,1.0,NA,,
17495,44229,4.0,AP,42.0,Nippon Giant
17510,44270,2.0,LA,,
17512,44272,2.0,LA,,
17514,44274,2.0,LA,,
17516,44276,2.0,LA,,
17772,45331,,,,
17773,45332,,,,
17774,45334,2.0,LA,,
17789,45459,,,,
17790,45460,,,,
17791,45464,3.0,EMEA,,
17792,45465,3.0,EMEA,,
17810,45616,,,,
17824,45697,,,,
17825,45698,,,,
17826,45699,,,,
15455,27924,4.0,AP,,
15456,27925,4.0,AP,,
15457,27926,4.0,AP,,
15592,29059,1.0,NA,,
15592,29059,2.0,LA,,
15592,29059,3.0,EMEA,,
15592,29059,4.0,AP,,
15706,30210,1.0,NA,,
15706,30210,2.0,LA,,
15706,30210,3.0,EMEA,,
15706,30210,4.0,AP,,
16169,35611,1.0,NA,,
16169,35611,2.0,LA,,
16304,36829,1.0,NA,,
16304,36829,2.0,LA,,
16304,36829,3.0,EMEA,,
16304,36829,4.0,AP,,
16331,37067,,,,
16489,38729,1.0,NA,,
17863,45916,,,,
17986,46557,1.0,NA,,
17986,46557,2.0,LA,,
17986,46557,3.0,EMEA,,
17986,46557,4.0,AP,,
17987,46558,3.0,EMEA,,
17988,46559,1.0,NA,,
17988,46559,2.0,LA,,
17988,46559,3.0,EMEA,,
17988,46559,4.0,AP,,
17990,46562,1.0,NA,,
17990,46562,2.0,LA,,
17990,46562,3.0,EMEA,,
17990,46562,4.0,AP,,
17991,46563,1.0,NA,,
17991,46563,2.0,LA,,
17991,46563,3.0,EMEA,,
17991,46563,4.0,AP,,
18133,47650,4.0,AP,,
18134,47651,4.0,AP,,
18254,48379,,,,
18255,48380,,,,
18256,48381,,,,
18258,48384,,,,
18259,48385,,,,
18276,48431,,,,
18700,51366,,,,
18702,51370,,,,
18718,51514,4.0,AP,,
18719,51515,4.0,AP,,
18734,51620,1.0,NA,,
18734,51620,2.0,LA,,
18734,51620,3.0,EMEA,,
18734,51620,4.0,AP,,
18747,51717,,,,
18748,51718,,,,
18749,51719,,,,
18750,51720,1.0,NA,,
18772,51741,,,,
18776,51786,,,,
18777,51787,,,,
18778,51788,,,,
18822,52421,1.0,NA,,
18824,52424,4.0,AP,,
18826,52479,,,,
18831,52538,,,,
18832,52539,,,,
18833,52540,,,,
18834,52541,,,,
18836,52544,1.0,NA,,
18836,52544,2.0,LA,,
18836,52544,4.0,AP,,
18838,52545,,,,
18856,52730,,,,
18857,52731,,,,
18858,52732,,,,
18859,52733,,,,
15387,26941,3.0,EMEA,,
15477,28060,3.0,EMEA,,
15528,28454,1.0,NA,,
15557,28693,1.0,NA,,
15557,28693,2.0,LA,,
15597,29133,1.0,NA,,
15597,29133,2.0,LA,,
15597,29133,3.0,EMEA,,
15597,29133,4.0,AP,,
15602,29260,1.0,NA,,
15602,29260,2.0,LA,,
15602,29260,3.0,EMEA,,
15602,29260,4.0,AP,,
15838,31468,1.0,NA,,
15974,33639,1.0,NA,,
15974,33639,2.0,LA,,
15974,33639,3.0,EMEA,,
15974,33639,4.0,AP,,
16227,36276,,,,
16310,36878,1.0,NA,,
16310,36878,2.0,LA,,
16310,36878,3.0,EMEA,23.0,Adapazari
16310,36878,4.0,AP,,
16310,36878,1.0,NA,,
16310,36878,2.0,LA,,
16310,36878,3.0,EMEA,25.0,Izmit
16310,36878,4.0,AP,,
16310,36878,1.0,NA,,
16310,36878,2.0,LA,,
16310,36878,3.0,EMEA,,
16310,36878,4.0,AP,42.0,Nippon Giant
16463,38468,,,,
16538,38931,1.0,NA,,
16538,38931,2.0,LA,,
16538,38931,3.0,EMEA,,
16538,38931,4.0,AP,,
16552,39033,1.0,NA,,
16552,39033,2.0,LA,,
16592,39560,1.0,NA,,
16593,39561,1.0,NA,,
16675,40195,3.0,EMEA,,
16832,41291,,,,
16846,41398,1.0,NA,,
16846,41398,2.0,LA,,
16846,41398,3.0,EMEA,,
16846,41398,4.0,AP,,
17160,43017,4.0,AP,,
17335,43681,,,,
17518,44278,2.0,LA,,
17520,44280,2.0,LA,,
17522,44282,2.0,LA,,
17827,45700,,,,
17832,45788,1.0,NA,,
17832,45788,2.0,LA,,
17832,45788,3.0,EMEA,,
17832,45788,4.0,AP,,
17836,45820,1.0,NA,3.0,Topeka
17840,45861,,,,
17841,45862,,,,
17842,45863,,,,
17843,45864,,,,
17871,45956,,,,
17904,46045,4.0,AP,,
17922,46095,1.0,NA,,
17922,46095,2.0,LA,,
17922,46095,3.0,EMEA,,
17922,46095,4.0,AP,,
17929,46103,,,,
17936,46292,,,,
15423,27471,,,,
15449,27808,3.0,EMEA,,
15505,28144,1.0,NA,,
15505,28144,2.0,LA,,
15505,28144,3.0,EMEA,,
15505,28144,4.0,AP,,
15530,28456,1.0,NA,,
15531,28457,1.0,NA,,
15588,29053,1.0,NA,,
15588,29053,2.0,LA,,
15588,29053,3.0,EMEA,,
15588,29053,4.0,AP,,
15589,29054,1.0,NA,,
15589,29054,2.0,LA,,
15589,29054,3.0,EMEA,,
15589,29054,4.0,AP,,
15606,29274,1.0,NA,,
15606,29274,2.0,LA,,
15606,29274,3.0,EMEA,,
15606,29274,4.0,AP,,
15699,30203,1.0,NA,,
15699,30203,2.0,LA,,
15699,30203,3.0,EMEA,,
15699,30203,4.0,AP,,
15700,30204,1.0,NA,,
15700,30204,2.0,LA,,
15700,30204,3.0,EMEA,,
15700,30204,4.0,AP,,
15801,31108,1.0,NA,,
15887,32025,1.0,NA,,
15887,32025,2.0,LA,,
15887,32025,3.0,EMEA,,
15887,32025,4.0,AP,,
16064,34692,,,,
16110,35168,,,,
16458,38462,,,,
16534,38927,1.0,NA,,
16534,38927,2.0,LA,,
16534,38927,3.0,EMEA,,
16534,38927,4.0,AP,,
16536,38929,1.0,NA,,
16536,38929,2.0,LA,,
16536,38929,3.0,EMEA,,
16536,38929,4.0,AP,,
16605,39678,1.0,NA,,
16605,39678,2.0,LA,,
16605,39678,3.0,EMEA,,
16605,39678,4.0,AP,,
16616,39787,1.0,NA,,
16719,40609,1.0,NA,,
16719,40609,3.0,EMEA,,
16760,40816,1.0,NA,,
16761,40817,1.0,NA,,
16792,41088,1.0,NA,,
16797,41114,1.0,NA,,
16797,41114,2.0,LA,,
16797,41114,3.0,EMEA,23.0,Adapazari
16797,41114,4.0,AP,,
16797,41114,1.0,NA,,
16797,41114,2.0,LA,,
16797,41114,3.0,EMEA,25.0,Izmit
16797,41114,4.0,AP,,
16812,41200,1.0,NA,,
16932,42098,1.0,NA,,
16932,42098,2.0,LA,,
16932,42098,3.0,EMEA,,
16932,42098,4.0,AP,,
16999,42390,,,,
17080,42739,1.0,NA,,
17080,42739,2.0,LA,,
17080,42739,3.0,EMEA,,
17080,42739,4.0,AP,,
17320,43624,,,,
17438,44066,2.0,LA,,
17456,44114,,,,
17482,44185,1.0,NA,,
17482,44185,2.0,LA,,
17482,44185,3.0,EMEA,,
17482,44185,4.0,AP,,
17821,45694,1.0,NA,,
17821,45694,2.0,LA,,
17821,45694,3.0,EMEA,,
17821,45694,4.0,AP,,
18860,52789,,,,
18920,53309,1.0,NA,,
18920,53309,2.0,LA,,
18920,53309,4.0,AP,42.0,Nippon Giant
18935,53390,1.0,NA,,
18935,53390,3.0,EMEA,,
18941,53396,1.0,NA,,
18941,53396,3.0,EMEA,,
18942,53397,1.0,NA,,
18942,53397,3.0,EMEA,,
18943,53398,1.0,NA,,
18943,53398,3.0,EMEA,,
18944,53399,1.0,NA,,
18944,53399,3.0,EMEA,,
18945,53400,1.0,NA,,
18945,53400,3.0,EMEA,,
18948,53407,1.0,NA,,
18948,53407,3.0,EMEA,,
18950,53409,1.0,NA,,
18950,53409,3.0,EMEA,,
18958,53477,,,,
18986,54009,1.0,NA,,
18986,54009,2.0,LA,,
18986,54009,3.0,EMEA,,
18986,54009,4.0,AP,,
18994,54016,1.0,NA,,
18994,54016,2.0,LA,,
18994,54016,3.0,EMEA,,
18994,54016,4.0,AP,,
18996,54084,1.0,NA,,
18996,54084,2.0,LA,,
18996,54084,3.0,EMEA,,
18996,54084,4.0,AP,,
19262,58186,1.0,NA,,
19262,58186,2.0,LA,,
19262,58186,3.0,EMEA,,
19262,58186,4.0,AP,,
19319,59286,1.0,NA,,
19319,59286,3.0,EMEA,,
19320,59287,1.0,NA,,
19320,59287,3.0,EMEA,,
19321,59288,1.0,NA,,
19321,59288,3.0,EMEA,,
19548,61999,,,,
19549,62000,,,,
19615,62838,,,,
19640,62991,1.0,NA,,
19640,62991,3.0,EMEA,,
19641,62992,1.0,NA,,
19641,62992,3.0,EMEA,,
19645,63038,,,,
19664,63102,1.0,NA,,
19664,63102,2.0,LA,,
19664,63102,3.0,EMEA,,
19664,63102,4.0,AP,,
19690,63212,4.0,AP,,
19708,63230,2.0,LA,,
19721,63280,1.0,NA,,
19721,63280,2.0,LA,,
19721,63280,3.0,EMEA,,
19721,63280,4.0,AP,,
19724,63320,1.0,NA,9.0,Medicine Hat
19724,63320,2.0,LA,,
19724,63320,4.0,AP,,
19724,63320,1.0,NA,10.0,Napanee
19724,63320,2.0,LA,,
19724,63320,4.0,AP,,
19724,63320,1.0,NA,11.0,Valleyfield
19724,63320,2.0,LA,,
19724,63320,4.0,AP,,
19724,63320,1.0,NA,13.0,Social Circle
19724,63320,2.0,LA,,
19724,63320,4.0,AP,,
19724,63320,1.0,NA,58.0,Chem Niagara Falls
19724,63320,2.0,LA,,
19724,63320,4.0,AP,,
19724,63320,1.0,NA,140.0,Other
19724,63320,2.0,LA,,
19724,63320,4.0,AP,,
15354,26756,,,,
15516,28431,1.0,NA,,
15516,28431,2.0,LA,,
15516,28431,3.0,EMEA,,
15516,28431,4.0,AP,,
15558,28744,1.0,NA,,
15558,28744,2.0,LA,,
15558,28744,3.0,EMEA,,
15558,28744,4.0,AP,,
15572,28758,1.0,NA,,
15572,28758,2.0,LA,,
15572,28758,3.0,EMEA,,
15572,28758,4.0,AP,,
16093,35042,1.0,NA,,
16093,35042,2.0,LA,,
16093,35042,3.0,EMEA,,
16093,35042,4.0,AP,,
16106,35165,,,,
16347,37252,1.0,NA,,
16347,37252,2.0,LA,,
16347,37252,3.0,EMEA,,
16347,37252,4.0,AP,,
16350,37293,1.0,NA,,
16350,37293,2.0,LA,,
16350,37293,3.0,EMEA,,
16350,37293,4.0,AP,,
16455,38427,,,,
16514,38880,1.0,NA,,
16533,38926,1.0,NA,,
16533,38926,2.0,LA,,
16533,38926,3.0,EMEA,,
16533,38926,4.0,AP,,
16688,40273,,,,
16736,40651,,,,
16800,41142,1.0,NA,,
16860,41472,,,,
16886,41634,1.0,NA,,
16886,41634,2.0,LA,,
16886,41634,3.0,EMEA,,
16886,41634,4.0,AP,42.0,Nippon Giant
17166,43033,,,,
17219,43232,1.0,NA,,
17219,43232,2.0,LA,,
17219,43232,3.0,EMEA,,
17219,43232,4.0,AP,,
17316,43597,3.0,EMEA,,
17473,44151,,,,
17502,44236,,,,
17504,44237,1.0,NA,,
17524,44284,,,,
17526,44286,,,,
17966,46381,,,,
17967,46382,,,,
17974,46455,,,,
17984,46530,1.0,NA,,
17984,46530,2.0,LA,,
17984,46530,3.0,EMEA,,
17984,46530,4.0,AP,,
18040,46937,1.0,NA,,
18040,46937,2.0,LA,,
18040,46937,3.0,EMEA,,
18040,46937,4.0,AP,,
18047,46945,1.0,NA,,
18048,47015,1.0,NA,,
18048,47015,2.0,LA,,
18048,47015,3.0,EMEA,,
18048,47015,4.0,AP,,
18049,47016,,,,
18050,47017,,,,
18065,47167,1.0,NA,,
18065,47167,2.0,LA,,
18065,47167,3.0,EMEA,,
18065,47167,4.0,AP,,
18076,47282,1.0,NA,,
18076,47282,2.0,LA,,
18076,47282,3.0,EMEA,,
18076,47282,4.0,AP,,
18100,47438,,,,
18121,47599,,,,
18122,47600,,,,
18126,47643,1.0,NA,,
18126,47643,3.0,EMEA,,
18127,47644,1.0,NA,,
18127,47644,3.0,EMEA,,
18128,47645,4.0,AP,,
18129,47646,2.0,LA,,
18130,47647,4.0,AP,,
18131,47648,1.0,NA,,
18131,47648,2.0,LA,,
18132,47649,4.0,AP,,
18136,47685,1.0,NA,,
18136,47685,2.0,LA,,
18136,47685,3.0,EMEA,,
18136,47685,4.0,AP,,
18144,47752,2.0,LA,,
18145,47753,2.0,LA,,
18146,47754,2.0,LA,,
18155,47790,1.0,NA,,
18155,47790,2.0,LA,,
18155,47790,3.0,EMEA,,
18155,47790,4.0,AP,,
18163,47870,1.0,NA,,
18163,47870,2.0,LA,,
18163,47870,3.0,EMEA,23.0,Adapazari
18163,47870,4.0,AP,,
18163,47870,1.0,NA,,
18163,47870,2.0,LA,,
18163,47870,3.0,EMEA,25.0,Izmit
18163,47870,4.0,AP,,
18166,47873,1.0,NA,,
18166,47873,2.0,LA,,
18166,47873,3.0,EMEA,,
18166,47873,4.0,AP,,
18167,47874,1.0,NA,,
18167,47874,2.0,LA,,
18167,47874,3.0,EMEA,,
18167,47874,4.0,AP,,
18168,47875,1.0,NA,,
18168,47875,2.0,LA,,
18168,47875,3.0,EMEA,,
18168,47875,4.0,AP,,
18169,47876,1.0,NA,,
18169,47876,2.0,LA,,
18169,47876,3.0,EMEA,,
18169,47876,4.0,AP,,
18180,47941,2.0,LA,,
18184,47949,1.0,NA,9.0,Medicine Hat
18184,47949,1.0,NA,10.0,Napanee
18184,47949,1.0,NA,11.0,Valleyfield
18185,47950,1.0,NA,,
15349,26716,1.0,NA,,
15349,26716,2.0,LA,,
15349,26716,4.0,AP,,
15409,27123,1.0,NA,,
15409,27123,2.0,LA,,
15409,27123,3.0,EMEA,,
15409,27123,4.0,AP,42.0,Nippon Giant
15533,28459,1.0,NA,,
15559,28745,,,,
15560,28746,,,,
15600,29258,1.0,NA,,
15600,29258,2.0,LA,,
15600,29258,3.0,EMEA,,
15600,29258,4.0,AP,,
15634,29503,,,,
16097,35092,1.0,NA,,
16130,35281,3.0,EMEA,,
16240,36360,1.0,NA,,
16240,36360,2.0,LA,,
16240,36360,3.0,EMEA,,
16240,36360,4.0,AP,,
16282,36714,1.0,NA,,
16282,36714,2.0,LA,,
16282,36714,3.0,EMEA,,
16282,36714,4.0,AP,,
16312,36881,,,,
16358,37300,1.0,NA,,
16358,37300,2.0,LA,,
16358,37300,3.0,EMEA,,
16358,37300,4.0,AP,,
16370,37447,,,,
16662,40056,1.0,NA,,
16662,40056,2.0,LA,,
16662,40056,3.0,EMEA,,
16737,40652,,,,
16740,40676,,,,
16868,41533,1.0,NA,,
16868,41533,2.0,LA,,
16868,41533,3.0,EMEA,18.0,Debica
16868,41533,4.0,AP,,
16868,41533,1.0,NA,,
16868,41533,2.0,LA,,
16868,41533,3.0,EMEA,19.0,Philippsburg
16868,41533,4.0,AP,,
16868,41533,1.0,NA,,
16868,41533,2.0,LA,,
16868,41533,3.0,EMEA,21.0,Luxembourg
16868,41533,4.0,AP,,
16868,41533,1.0,NA,,
16868,41533,2.0,LA,,
16868,41533,3.0,EMEA,23.0,Adapazari
16868,41533,4.0,AP,,
16868,41533,1.0,NA,,
16868,41533,2.0,LA,,
16868,41533,3.0,EMEA,24.0,Sava
16868,41533,4.0,AP,,
16868,41533,1.0,NA,,
16868,41533,2.0,LA,,
16868,41533,3.0,EMEA,25.0,Izmit
16868,41533,4.0,AP,,
16868,41533,1.0,NA,,
16868,41533,2.0,LA,,
16868,41533,3.0,EMEA,26.0,Fulda
16868,41533,4.0,AP,,
16868,41533,1.0,NA,,
16868,41533,2.0,LA,,
16868,41533,3.0,EMEA,28.0,Wolverhampton
16868,41533,4.0,AP,,
16868,41533,1.0,NA,,
16868,41533,2.0,LA,,
16868,41533,3.0,EMEA,,
16868,41533,4.0,AP,42.0,Nippon Giant
16868,41533,1.0,NA,,
16868,41533,2.0,LA,,
16868,41533,3.0,EMEA,48.0,Amiens South
16868,41533,4.0,AP,,
16868,41533,1.0,NA,,
16868,41533,2.0,LA,,
16868,41533,3.0,EMEA,49.0,Montlucon
16868,41533,4.0,AP,,
16868,41533,1.0,NA,,
16868,41533,2.0,LA,,
16868,41533,3.0,EMEA,50.0,Hanau
16868,41533,4.0,AP,,
16868,41533,1.0,NA,,
16868,41533,2.0,LA,,
16868,41533,3.0,EMEA,51.0,Wittlich
16868,41533,4.0,AP,,
16868,41533,1.0,NA,,
16868,41533,2.0,LA,,
16868,41533,3.0,EMEA,52.0,Fuerstenwalde
16868,41533,4.0,AP,,
16868,41533,1.0,NA,,
16868,41533,2.0,LA,,
16868,41533,3.0,EMEA,53.0,Riesa
16868,41533,4.0,AP,,
16868,41533,1.0,NA,,
16868,41533,2.0,LA,,
16868,41533,3.0,EMEA,200.0,ICM*L
16868,41533,4.0,AP,,
16868,41533,1.0,NA,,
16868,41533,2.0,LA,,
16868,41533,3.0,EMEA,220.0,RCCE
16868,41533,4.0,AP,,
16989,42306,,,,
17097,42809,1.0,NA,,
17097,42809,2.0,LA,,
17097,42809,3.0,EMEA,,
17097,42809,4.0,AP,,
17105,42849,1.0,NA,,
17105,42849,2.0,LA,,
17105,42849,3.0,EMEA,,
17105,42849,4.0,AP,,
17215,43216,,,,
17305,43564,1.0,NA,,
17378,43828,,,,
17388,43850,1.0,NA,,
17388,43850,2.0,LA,,
17388,43850,3.0,EMEA,,
17388,43850,4.0,AP,,
17907,46048,1.0,NA,,
17907,46048,2.0,LA,,
17907,46048,3.0,EMEA,,
17908,46049,1.0,NA,,
17908,46049,2.0,LA,,
17908,46049,3.0,EMEA,,
17938,46317,1.0,NA,,
18909,53297,,,,
19013,54306,,,,
19014,54307,,,,
19015,54308,,,,
19016,54309,,,,
19058,54691,1.0,NA,,
19058,54691,3.0,EMEA,,
19062,54780,1.0,NA,,
19064,54782,1.0,NA,,
19096,55482,1.0,NA,,
19255,58179,1.0,NA,,
19255,58179,2.0,LA,,
19255,58179,3.0,EMEA,,
19255,58179,4.0,AP,,
19257,58181,1.0,NA,,
19257,58181,2.0,LA,,
19257,58181,3.0,EMEA,,
19257,58181,4.0,AP,,
19258,58182,1.0,NA,,
19258,58182,2.0,LA,,
19258,58182,4.0,AP,,
19259,58183,1.0,NA,,
19259,58183,2.0,LA,,
19259,58183,3.0,EMEA,,
19259,58183,4.0,AP,,
19260,58184,1.0,NA,,
19260,58184,2.0,LA,,
19260,58184,3.0,EMEA,,
19260,58184,4.0,AP,,
19261,58185,1.0,NA,,
19261,58185,2.0,LA,,
19261,58185,3.0,EMEA,,
19261,58185,4.0,AP,,
19263,58187,1.0,NA,,
19263,58187,2.0,LA,,
19263,58187,3.0,EMEA,,
19263,58187,4.0,AP,,
19264,58188,1.0,NA,,
19264,58188,2.0,LA,,
19264,58188,3.0,EMEA,,
19264,58188,4.0,AP,,
19380,60269,,,,
19386,60355,1.0,NA,,
19386,60355,3.0,EMEA,,
19477,61353,,,,
19594,62703,1.0,NA,,
19594,62703,2.0,LA,,
19594,62703,3.0,EMEA,,
19642,63029,1.0,NA,,
19642,63029,2.0,LA,,
19642,63029,3.0,EMEA,,
19642,63029,4.0,AP,,
19671,63190,1.0,NA,,
19671,63190,2.0,LA,,
19754,63866,1.0,NA,,
19754,63866,2.0,LA,,
19754,63866,3.0,EMEA,,
19754,63866,4.0,AP,,
19755,63867,1.0,NA,,
19755,63867,2.0,LA,,
19755,63867,3.0,EMEA,,
19755,63867,4.0,AP,,
19795,64210,,,,
15391,26973,,,,
15444,27710,1.0,NA,,
15936,32540,1.0,NA,,
16058,34643,1.0,NA,,
16058,34643,2.0,LA,,
16058,34643,3.0,EMEA,,
16058,34643,4.0,AP,,
16083,34984,1.0,NA,,
16083,34984,2.0,LA,,
16083,34984,3.0,EMEA,23.0,Adapazari
16083,34984,4.0,AP,,
16083,34984,1.0,NA,,
16083,34984,2.0,LA,,
16083,34984,3.0,EMEA,25.0,Izmit
16083,34984,4.0,AP,,
16083,34984,1.0,NA,,
16083,34984,2.0,LA,,
16083,34984,3.0,EMEA,,
16083,34984,4.0,AP,42.0,Nippon Giant
16157,35520,,,,
16221,36211,1.0,NA,,
16221,36211,2.0,LA,,
16221,36211,3.0,EMEA,,
16221,36211,4.0,AP,,
16224,36243,1.0,NA,,
16224,36243,2.0,LA,,
16224,36243,3.0,EMEA,,
16224,36243,4.0,AP,,
16271,36663,1.0,NA,,
16271,36663,2.0,LA,,
16271,36663,3.0,EMEA,,
16271,36663,4.0,AP,,
16417,37915,,,,
16456,38458,,,,
16974,42279,1.0,NA,,
16975,42280,1.0,NA,,
16976,42281,1.0,NA,,
16977,42282,1.0,NA,,
16978,42283,1.0,NA,,
16979,42284,1.0,NA,,
16980,42285,1.0,NA,,
16981,42286,1.0,NA,,
16982,42287,1.0,NA,,
16983,42288,1.0,NA,,
16984,42289,1.0,NA,,
16985,42290,1.0,NA,,
16986,42291,1.0,NA,,
17205,43188,1.0,NA,,
17208,43209,,,,
17281,43465,1.0,NA,,
17528,44288,,,,
17530,44290,,,,
17532,44292,,,,
17534,44294,,,,
18196,48075,1.0,NA,,
18196,48075,2.0,LA,,
18196,48075,3.0,EMEA,,
18196,48075,4.0,AP,,
18200,48103,1.0,NA,,
18200,48103,3.0,EMEA,,
18202,48105,1.0,NA,,
18202,48105,3.0,EMEA,,
18203,48106,1.0,NA,,
18203,48106,3.0,EMEA,,
18205,48108,1.0,NA,,
18205,48108,3.0,EMEA,,
18206,48109,1.0,NA,,
18206,48109,3.0,EMEA,,
18207,48110,1.0,NA,,
18207,48110,3.0,EMEA,,
18220,48147,,,,
18236,48190,1.0,NA,,
18236,48190,2.0,LA,,
18236,48190,3.0,EMEA,,
18236,48190,4.0,AP,,
18237,48191,1.0,NA,,
18237,48191,2.0,LA,,
18237,48191,3.0,EMEA,,
18237,48191,4.0,AP,,
18239,48193,1.0,NA,,
18239,48193,2.0,LA,,
18239,48193,3.0,EMEA,,
18239,48193,4.0,AP,,
18240,48194,1.0,NA,,
18240,48194,2.0,LA,,
18240,48194,3.0,EMEA,,
18240,48194,4.0,AP,,
18241,48195,1.0,NA,,
18241,48195,2.0,LA,,
18241,48195,3.0,EMEA,,
18241,48195,4.0,AP,,
18242,48196,1.0,NA,,
18242,48196,2.0,LA,,
18242,48196,3.0,EMEA,,
18242,48196,4.0,AP,,
18243,48197,1.0,NA,,
18243,48197,2.0,LA,,
18243,48197,3.0,EMEA,,
18243,48197,4.0,AP,,
18294,48707,1.0,NA,,
18294,48707,2.0,LA,,
18294,48707,3.0,EMEA,,
18294,48707,4.0,AP,,
18299,48739,,,,
18300,48741,1.0,NA,,
18302,48787,,,,
18303,48788,,,,
18306,48819,,,,
18311,48883,3.0,EMEA,,
18313,48885,3.0,EMEA,,
18314,48886,3.0,EMEA,,
18336,48956,,,,
18340,48986,,,,
18344,49013,,,,
18366,49155,1.0,NA,,
18366,49155,3.0,EMEA,,
18391,49424,3.0,EMEA,23.0,Adapazari
18391,49424,3.0,EMEA,25.0,Izmit
18391,49424,3.0,EMEA,261.0,DRC Kauucuk
18391,49424,3.0,EMEA,267.0,Kolsan
18391,49424,3.0,EMEA,274.0,Ozka Lastik ve Kaucuk Inc.
18391,49424,3.0,EMEA,284.0,Vil Kaucuk San.ve Tic. Ltd Sti
18392,49425,3.0,EMEA,23.0,Adapazari
18392,49425,3.0,EMEA,25.0,Izmit
18392,49425,3.0,EMEA,261.0,DRC Kauucuk
18392,49425,3.0,EMEA,267.0,Kolsan
18392,49425,3.0,EMEA,274.0,Ozka Lastik ve Kaucuk Inc.
18392,49425,3.0,EMEA,284.0,Vil Kaucuk San.ve Tic. Ltd Sti
15296,26516,,,,
15499,28138,1.0,NA,,
15499,28138,2.0,LA,,
15499,28138,3.0,EMEA,,
15499,28138,4.0,AP,,
15500,28139,1.0,NA,,
15500,28139,2.0,LA,,
15500,28139,3.0,EMEA,,
15500,28139,4.0,AP,,
15650,29611,,,,
15651,29612,1.0,NA,,
15681,30033,,,,
15739,30441,,,,
15930,32416,,,,
16001,33969,,,,
16235,36284,,,,
16372,37451,1.0,NA,,
16372,37451,2.0,LA,,
16372,37451,3.0,EMEA,,
16372,37451,4.0,AP,,
16427,38037,1.0,NA,,
16454,38426,,,,
16556,39064,1.0,NA,,
16556,39064,2.0,LA,,
16556,39064,3.0,EMEA,,
16556,39064,4.0,AP,,
16796,41113,,,,
16798,41116,1.0,NA,,
16798,41116,2.0,LA,,
16798,41116,3.0,EMEA,23.0,Adapazari
16798,41116,4.0,AP,,
16798,41116,1.0,NA,,
16798,41116,2.0,LA,,
16798,41116,3.0,EMEA,25.0,Izmit
16798,41116,4.0,AP,,
16844,41396,1.0,NA,,
16844,41396,2.0,LA,,
16844,41396,3.0,EMEA,,
16844,41396,4.0,AP,,
17239,43368,1.0,NA,,
17239,43368,2.0,LA,,
17239,43368,3.0,EMEA,,
17239,43368,4.0,AP,,
17294,43527,1.0,NA,,
17294,43527,2.0,LA,,
17294,43527,3.0,EMEA,,
17294,43527,4.0,AP,,
17367,43783,,,,
17749,45124,,,,
17881,45995,1.0,NA,,
17881,45995,2.0,LA,,
17881,45995,4.0,AP,,
18008,46702,2.0,LA,,
18341,48987,,,,
18890,53088,,,,
18949,53408,1.0,NA,,
18949,53408,3.0,EMEA,,
18951,53410,1.0,NA,,
18951,53410,3.0,EMEA,,
19152,56173,1.0,NA,,
19152,56173,2.0,LA,,
19152,56173,3.0,EMEA,,
19152,56173,4.0,AP,,
19220,57640,,,,
19221,57641,,,,
19253,58106,1.0,NA,,
19253,58106,2.0,LA,,
19253,58106,3.0,EMEA,,
19253,58106,4.0,AP,,
19590,62620,,,,
20044,66429,,,,
20046,66469,1.0,NA,,
20047,66470,1.0,NA,,
20054,66477,1.0,NA,,
20055,66478,1.0,NA,,
20056,66479,1.0,NA,,
20058,66480,1.0,NA,,
20059,66481,1.0,NA,,
20062,66486,1.0,NA,,
20062,66486,2.0,LA,,
20062,66486,3.0,EMEA,,
20062,66486,4.0,AP,,
20063,66487,1.0,NA,,
20063,66487,2.0,LA,,
20063,66487,3.0,EMEA,,
20063,66487,4.0,AP,,
20065,66525,,,,
20066,66526,,,,
20068,66530,,,,
20069,66531,1.0,NA,,
20071,66533,1.0,NA,,
20071,66533,2.0,LA,,
20071,66533,3.0,EMEA,,
20071,66533,4.0,AP,,
20072,66565,3.0,EMEA,,
20074,66566,3.0,EMEA,,
20076,66569,,,,
15408,27122,1.0,NA,,
15408,27122,2.0,LA,,
15408,27122,3.0,EMEA,,
15408,27122,4.0,AP,,
15482,28065,,,,
15487,28070,,,,
15758,30688,1.0,NA,,
15758,30688,2.0,LA,,
15758,30688,3.0,EMEA,,
15758,30688,4.0,AP,,
15882,32020,,,,
15927,32410,,,,
15932,32419,,,,
16256,36471,1.0,NA,,
16256,36471,2.0,LA,,
16256,36471,3.0,EMEA,,
16256,36471,4.0,AP,,
16364,37340,1.0,NA,,
16515,38881,1.0,NA,,
16518,38884,1.0,NA,,
16520,38886,1.0,NA,,
16829,41267,1.0,NA,,
16829,41267,2.0,LA,,
16829,41267,3.0,EMEA,,
16829,41267,4.0,AP,,
16973,42274,,,,
17019,42478,2.0,LA,,
17041,42540,,,,
17185,43110,1.0,NA,,
17185,43110,3.0,EMEA,,
17194,43141,,,,
17536,44296,,,,
17538,44298,,,,
17540,44300,,,,
17542,44302,,,,
17544,44304,,,,
17557,44323,,,,
17558,44324,,,,
17559,44325,,,,
17562,44328,,,,
17718,44858,1.0,NA,,
17718,44858,2.0,LA,,
17718,44858,3.0,EMEA,,
17718,44858,4.0,AP,,
18389,49356,,,,
18400,49475,1.0,NA,,
18400,49475,2.0,LA,,
18400,49475,3.0,EMEA,,
18400,49475,4.0,AP,,
18401,49476,1.0,NA,,
18401,49476,2.0,LA,,
18401,49476,3.0,EMEA,,
18401,49476,4.0,AP,,
18403,49478,1.0,NA,,
18403,49478,2.0,LA,,
18403,49478,3.0,EMEA,,
18403,49478,4.0,AP,,
18404,49479,1.0,NA,,
18404,49479,2.0,LA,,
18404,49479,3.0,EMEA,,
18404,49479,4.0,AP,,
18405,49480,1.0,NA,,
18405,49480,2.0,LA,,
18405,49480,3.0,EMEA,,
18405,49480,4.0,AP,,
18406,49481,1.0,NA,,
18406,49481,2.0,LA,,
18406,49481,3.0,EMEA,,
18406,49481,4.0,AP,,
18407,49482,1.0,NA,,
18407,49482,2.0,LA,,
18407,49482,3.0,EMEA,,
18407,49482,4.0,AP,,
18423,49521,,,,
18424,49522,1.0,NA,,
18424,49522,2.0,LA,,
18424,49522,3.0,EMEA,,
18424,49522,4.0,AP,,
18426,49524,1.0,NA,,
18426,49524,2.0,LA,,
18426,49524,3.0,EMEA,,
18426,49524,4.0,AP,,
18428,49527,1.0,NA,,
18428,49527,2.0,LA,,
18428,49527,3.0,EMEA,,
18428,49527,4.0,AP,,
18429,49528,1.0,NA,,
18429,49528,2.0,LA,,
18429,49528,3.0,EMEA,,
18429,49528,4.0,AP,,
18431,49530,2.0,LA,,
18432,49532,1.0,NA,,
18432,49532,2.0,LA,,
18432,49532,3.0,EMEA,,
18432,49532,4.0,AP,,
18442,49570,3.0,EMEA,,
18444,49577,,,,
18450,49694,1.0,NA,,
18450,49694,2.0,LA,,
18450,49694,3.0,EMEA,,
18450,49694,4.0,AP,,
18468,50000,,,,
18473,50038,1.0,NA,,
18473,50038,2.0,LA,,
18473,50038,3.0,EMEA,,
18473,50038,4.0,AP,,
18490,50306,1.0,NA,,
18490,50306,2.0,LA,,
18490,50306,3.0,EMEA,,
18490,50306,4.0,AP,,
18495,50310,4.0,AP,,
18501,50316,4.0,AP,,
18503,50318,4.0,AP,,
18508,50323,4.0,AP,,
18514,50338,1.0,NA,,
18514,50338,2.0,LA,,
18514,50338,3.0,EMEA,,
18514,50338,4.0,AP,,
18524,50378,,,,
18526,50380,,,,
18528,50381,,,,
18535,50417,1.0,NA,,
18535,50417,2.0,LA,,
18535,50417,3.0,EMEA,,
18535,50417,4.0,AP,,
15313,26588,,,,
15625,29401,,,,
15747,30569,,,,
15857,31544,,,,
16199,36067,,,,
16247,36432,3.0,EMEA,,
16254,36468,1.0,NA,,
16262,36530,1.0,NA,,
16262,36530,2.0,LA,,
16262,36530,3.0,EMEA,,
16262,36530,4.0,AP,,
16273,36665,1.0,NA,,
16273,36665,2.0,LA,,
16273,36665,3.0,EMEA,,
16273,36665,4.0,AP,,
16542,38961,1.0,NA,,
16542,38961,2.0,LA,,
16542,38961,3.0,EMEA,23.0,Adapazari
16542,38961,4.0,AP,,
16542,38961,1.0,NA,,
16542,38961,2.0,LA,,
16542,38961,3.0,EMEA,25.0,Izmit
16542,38961,4.0,AP,,
16580,39367,,,,
16581,39368,,,,
16813,41201,1.0,NA,,
16827,41265,1.0,NA,,
16827,41265,2.0,LA,,
16827,41265,3.0,EMEA,,
16827,41265,4.0,AP,,
17011,42451,,,,
17018,42476,,,,
17026,42497,1.0,NA,,
17026,42497,2.0,LA,,
17094,42771,,,,
17186,43111,1.0,NA,,
17186,43111,3.0,EMEA,,
17207,43208,,,,
17345,43690,,,,
17415,43971,,,,
17496,44230,1.0,NA,,
17496,44230,2.0,LA,,
17496,44230,4.0,AP,,
17634,44653,4.0,AP,,
17876,45990,3.0,EMEA,,
18072,47241,1.0,NA,,
18087,47363,1.0,NA,,
18087,47363,2.0,LA,,
18087,47363,3.0,EMEA,,
18087,47363,4.0,AP,,
18090,47366,,,,
18091,47367,,,,
18152,47788,,,,
18904,53231,,,,
18906,53294,3.0,EMEA,,
18907,53295,3.0,EMEA,,
18934,53389,1.0,NA,,
18934,53389,3.0,EMEA,,
18936,53391,1.0,NA,,
18936,53391,3.0,EMEA,,
18938,53393,1.0,NA,,
18938,53393,3.0,EMEA,,
18939,53394,1.0,NA,,
18939,53394,3.0,EMEA,,
18940,53395,1.0,NA,,
18940,53395,3.0,EMEA,,
18970,53643,1.0,NA,,
18970,53643,2.0,LA,,
18970,53643,3.0,EMEA,,
18970,53643,4.0,AP,,
18972,53646,1.0,NA,,
18972,53646,2.0,LA,,
18972,53646,3.0,EMEA,,
18972,53646,4.0,AP,,
19046,54595,1.0,NA,,
19046,54595,3.0,EMEA,,
19049,54598,1.0,NA,,
19049,54598,2.0,LA,,
19049,54598,3.0,EMEA,,
19049,54598,4.0,AP,,
19098,55490,,,,
19128,55738,,,,
19186,56782,,,,
19188,56841,,,,
19209,57310,3.0,EMEA,,
19210,57382,1.0,NA,,
19210,57382,2.0,LA,,
19210,57382,3.0,EMEA,19.0,Philippsburg
19210,57382,4.0,AP,,
19210,57382,1.0,NA,,
19210,57382,2.0,LA,,
19210,57382,3.0,EMEA,23.0,Adapazari
19210,57382,4.0,AP,,
19210,57382,1.0,NA,,
19210,57382,2.0,LA,,
19210,57382,3.0,EMEA,25.0,Izmit
19210,57382,4.0,AP,,
19210,57382,1.0,NA,,
19210,57382,2.0,LA,,
19210,57382,3.0,EMEA,26.0,Fulda
19210,57382,4.0,AP,,
19210,57382,1.0,NA,,
19210,57382,2.0,LA,35.0,Peru
19210,57382,3.0,EMEA,,
19210,57382,4.0,AP,,
19210,57382,1.0,NA,,
19210,57382,2.0,LA,,
19210,57382,3.0,EMEA,,
19210,57382,4.0,AP,40.0,Thailand
19210,57382,1.0,NA,,
19210,57382,2.0,LA,,
19210,57382,3.0,EMEA,,
19210,57382,4.0,AP,47.0,Indonesia
19210,57382,1.0,NA,,
19210,57382,2.0,LA,,
19210,57382,3.0,EMEA,50.0,Hanau
19210,57382,4.0,AP,,
19210,57382,1.0,NA,,
19210,57382,2.0,LA,,
19210,57382,3.0,EMEA,51.0,Wittlich
19210,57382,4.0,AP,,
19210,57382,1.0,NA,,
19210,57382,2.0,LA,,
19210,57382,3.0,EMEA,52.0,Fuerstenwalde
19210,57382,4.0,AP,,
19210,57382,1.0,NA,,
19210,57382,2.0,LA,,
19210,57382,3.0,EMEA,53.0,Riesa
19210,57382,4.0,AP,,
19316,59215,2.0,LA,,
19318,59285,1.0,NA,,
19412,60598,,,,
19447,61005,,,,
19504,61771,1.0,NA,,
19504,61771,2.0,LA,,
19504,61771,3.0,EMEA,,
19504,61771,4.0,AP,,
19588,62566,1.0,NA,,
19588,62566,2.0,LA,,
19588,62566,4.0,AP,,
19624,62970,,,,
19728,63397,3.0,EMEA,,
19732,63450,1.0,NA,,
19732,63450,2.0,LA,,
19732,63450,3.0,EMEA,,
19732,63450,4.0,AP,,
19738,63459,,,,
15366,26834,,,,
15400,27023,1.0,NA,,
15562,28748,,,,
15563,28749,,,,
15564,28750,,,,
15565,28751,,,,
15566,28752,,,,
15617,29392,,,,
15618,29393,,,,
15622,29398,,,,
15701,30205,1.0,NA,,
15701,30205,2.0,LA,,
15701,30205,3.0,EMEA,,
15701,30205,4.0,AP,,
15712,30263,,,,
15776,30855,1.0,NA,,
15776,30855,2.0,LA,,
15776,30855,3.0,EMEA,,
15776,30855,4.0,AP,,
15950,33310,1.0,NA,,
15950,33310,2.0,LA,,
15950,33310,4.0,AP,,
15999,33967,,,,
16103,35162,,,,
16104,35163,,,,
16348,37291,1.0,NA,,
16348,37291,2.0,LA,,
16348,37291,3.0,EMEA,,
16348,37291,4.0,AP,,
16529,38894,,,,
16546,38995,1.0,NA,,
16546,38995,2.0,LA,,
16604,39677,1.0,NA,,
16639,39903,1.0,NA,,
16639,39903,2.0,LA,,
16639,39903,3.0,EMEA,,
16639,39903,4.0,AP,,
16650,40035,1.0,NA,,
16650,40035,2.0,LA,,
16650,40035,3.0,EMEA,,
16650,40035,4.0,AP,,
17035,42527,1.0,NA,,
17035,42527,2.0,LA,,
17035,42527,3.0,EMEA,23.0,Adapazari
17035,42527,4.0,AP,,
17035,42527,1.0,NA,,
17035,42527,2.0,LA,,
17035,42527,3.0,EMEA,25.0,Izmit
17035,42527,4.0,AP,,
17082,42750,,,,
17179,43101,2.0,LA,,
17238,43367,1.0,NA,,
17238,43367,2.0,LA,,
17238,43367,3.0,EMEA,,
17238,43367,4.0,AP,,
17258,43427,1.0,NA,,
17258,43427,3.0,EMEA,,
17338,43684,,,,
17341,43686,,,,
17379,43829,,,,
17498,44232,,,,
17593,44461,1.0,NA,,
17593,44461,2.0,LA,,
17593,44461,3.0,EMEA,,
17593,44461,4.0,AP,,
18537,50419,1.0,NA,,
18537,50419,2.0,LA,,
18537,50419,3.0,EMEA,,
18537,50419,4.0,AP,,
18539,50421,1.0,NA,,
18539,50421,2.0,LA,,
18539,50421,3.0,EMEA,,
18539,50421,4.0,AP,,
18544,50426,1.0,NA,,
18544,50426,2.0,LA,,
18544,50426,3.0,EMEA,,
18544,50426,4.0,AP,,
18550,50433,1.0,NA,,
18550,50433,2.0,LA,,
18550,50433,3.0,EMEA,,
18550,50433,4.0,AP,,
18554,50468,,,,
18562,50509,1.0,NA,,
18562,50509,2.0,LA,,
18562,50509,4.0,AP,,
18567,50548,1.0,NA,,
18567,50548,2.0,LA,,
18567,50548,3.0,EMEA,,
18567,50548,4.0,AP,,
18570,50624,2.0,LA,,
18570,50624,3.0,EMEA,,
18570,50624,4.0,AP,,
18586,50815,3.0,EMEA,,
18587,50816,3.0,EMEA,,
18588,50817,,,,
18602,50922,,,,
18606,50952,1.0,NA,,
18606,50952,2.0,LA,,
18606,50952,3.0,EMEA,,
18606,50952,4.0,AP,,
18620,50989,3.0,EMEA,,
18622,50991,3.0,EMEA,,
18623,50992,3.0,EMEA,,
18625,50994,3.0,EMEA,,
18627,50996,3.0,EMEA,,
18629,50998,3.0,EMEA,,
18631,51000,3.0,EMEA,,
18633,51002,3.0,EMEA,,
18635,51004,3.0,EMEA,,
18637,51006,3.0,EMEA,,
18640,51012,1.0,NA,,
18640,51012,2.0,LA,,
18674,51187,1.0,NA,,
18675,51188,1.0,NA,,
18676,51189,1.0,NA,,
18684,51222,,,,
18688,51225,,,,
15524,28451,1.0,NA,,
15579,28886,,,,
15808,31218,3.0,EMEA,,
15811,31221,1.0,NA,,
15811,31221,2.0,LA,,
15811,31221,3.0,EMEA,,
15811,31221,4.0,AP,,
15834,31414,2.0,LA,,
15856,31543,,,,
16006,33974,1.0,NA,,
16059,34644,1.0,NA,,
16059,34644,2.0,LA,,
16059,34644,3.0,EMEA,,
16059,34644,4.0,AP,,
16230,36279,1.0,NA,,
16230,36279,2.0,LA,,
16230,36279,3.0,EMEA,,
16230,36279,4.0,AP,,
16252,36467,1.0,NA,,
16366,37415,1.0,NA,,
16366,37415,2.0,LA,,
16366,37415,3.0,EMEA,,
16366,37415,4.0,AP,,
16402,37728,1.0,NA,,
16402,37728,2.0,LA,,
16402,37728,3.0,EMEA,,
16402,37728,4.0,AP,,
16667,40109,3.0,EMEA,,
16668,40110,1.0,NA,,
16668,40110,2.0,LA,,
16668,40110,3.0,EMEA,,
16668,40110,4.0,AP,,
16820,41233,,,,
16958,42231,1.0,NA,,
16958,42231,2.0,LA,,
16958,42231,3.0,EMEA,,
16958,42231,4.0,AP,,
17012,42469,1.0,NA,,
17012,42469,2.0,LA,,
17047,42560,,,,
17070,42715,1.0,NA,,
17070,42715,2.0,LA,,
17070,42715,3.0,EMEA,,
17070,42715,4.0,AP,,
17167,43037,4.0,AP,,
17173,43074,,,,
17700,44817,,,,
17858,45910,1.0,NA,,
17858,45910,2.0,LA,,
17858,45910,3.0,EMEA,,
17858,45910,4.0,AP,,
17861,45913,1.0,NA,,
17861,45913,2.0,LA,,
17861,45913,3.0,EMEA,,
17861,45913,4.0,AP,,
18348,49018,,,,
18977,53658,,,,
19010,54236,3.0,EMEA,23.0,Adapazari
19010,54236,3.0,EMEA,25.0,Izmit
19011,54237,1.0,NA,10.0,Napanee
19011,54237,3.0,EMEA,,
19011,54237,1.0,NA,11.0,Valleyfield
19011,54237,3.0,EMEA,,
19034,54572,1.0,NA,,
19034,54572,2.0,LA,,
19034,54572,3.0,EMEA,,
19034,54572,4.0,AP,,
19050,54599,1.0,NA,,
19050,54599,3.0,EMEA,,
19051,54600,1.0,NA,,
19051,54600,3.0,EMEA,,
19056,54689,1.0,NA,,
19056,54689,3.0,EMEA,,
19057,54690,1.0,NA,,
19057,54690,3.0,EMEA,,
19175,56526,1.0,NA,,
19175,56526,2.0,LA,,
19175,56526,3.0,EMEA,,
19175,56526,4.0,AP,,
19234,57799,1.0,NA,,
19310,59058,1.0,NA,,
19310,59058,2.0,LA,,
19310,59058,3.0,EMEA,,
19322,59559,1.0,NA,,
19322,59559,2.0,LA,,
19322,59559,3.0,EMEA,,
19322,59559,4.0,AP,,
19349,59784,1.0,NA,,
19349,59784,3.0,EMEA,,
19366,59992,,,,
19479,61536,1.0,NA,,
19480,61537,1.0,NA,,
19512,61872,3.0,EMEA,,
19514,61873,1.0,NA,,
19514,61873,2.0,LA,,
19514,61873,3.0,EMEA,23.0,Adapazari
19514,61873,1.0,NA,,
19514,61873,2.0,LA,,
19514,61873,3.0,EMEA,25.0,Izmit
19516,61875,3.0,EMEA,,
19544,61993,3.0,EMEA,23.0,Adapazari
19544,61993,4.0,AP,,
19544,61993,3.0,EMEA,25.0,Izmit
19544,61993,4.0,AP,,
19545,61994,4.0,AP,,
19581,62497,,,,
19742,63580,3.0,EMEA,,
19775,64005,1.0,NA,,
19775,64005,3.0,EMEA,,
19779,64009,1.0,NA,,
19779,64009,3.0,EMEA,,
19820,64360,,,,
19836,64527,1.0,NA,,
19870,64737,,,,
19872,64807,1.0,NA,,
19872,64807,2.0,LA,,
19872,64807,3.0,EMEA,,
19872,64807,4.0,AP,,
19876,64810,1.0,NA,,
19876,64810,2.0,LA,,
19876,64810,3.0,EMEA,,
19876,64810,4.0,AP,,
19877,64811,1.0,NA,,
19877,64811,2.0,LA,,
19877,64811,3.0,EMEA,,
19877,64811,4.0,AP,,
19882,64910,,,,
15317,26592,,,,
15318,26593,,,,
15544,28527,1.0,NA,,
15544,28527,2.0,LA,,
15544,28527,3.0,EMEA,,
15544,28527,4.0,AP,,
15680,30032,,,,
15688,30088,,,,
15792,31096,1.0,NA,,
15792,31096,2.0,LA,,
15792,31096,3.0,EMEA,,
15792,31096,4.0,AP,,
15830,31410,2.0,LA,,
15860,31762,1.0,NA,,
15860,31762,2.0,LA,,
15860,31762,3.0,EMEA,,
15860,31762,4.0,AP,,
15911,32161,,,,
15940,32667,,,,
15943,32670,1.0,NA,,
15943,32670,2.0,LA,,
15943,32670,3.0,EMEA,,
15943,32670,4.0,AP,,
16341,37245,1.0,NA,,
16341,37245,2.0,LA,,
16341,37245,3.0,EMEA,,
16341,37245,4.0,AP,,
16615,39786,1.0,NA,,
16615,39786,3.0,EMEA,,
16618,39789,1.0,NA,,
16677,40198,1.0,NA,,
16677,40198,3.0,EMEA,,
16710,40490,1.0,NA,,
16710,40490,2.0,LA,,
16710,40490,3.0,EMEA,,
16710,40490,4.0,AP,,
16730,40645,,,,
16731,40646,,,,
16825,41263,1.0,NA,,
16825,41263,2.0,LA,,
16825,41263,3.0,EMEA,,
16825,41263,4.0,AP,,
16828,41266,1.0,NA,,
16828,41266,2.0,LA,,
16828,41266,3.0,EMEA,,
16828,41266,4.0,AP,,
16835,41294,,,,
17132,42956,1.0,NA,,
17165,43024,1.0,NA,,
17165,43024,2.0,LA,,
17165,43024,3.0,EMEA,,
17165,43024,4.0,AP,,
17232,43335,1.0,NA,,
17232,43335,2.0,LA,,
17232,43335,3.0,EMEA,,
17232,43335,4.0,AP,,
17385,43835,,,,
17451,44100,,,,
17500,44234,,,,
17574,44363,2.0,LA,,
18694,51285,1.0,NA,,
18694,51285,2.0,LA,,
18694,51285,3.0,EMEA,,
18694,51285,4.0,AP,,
18697,51324,,,,
18705,51404,,,,
18706,51405,1.0,NA,,
18706,51405,2.0,LA,,
18706,51405,3.0,EMEA,,
18706,51405,4.0,AP,,
18714,51460,,,,
18715,51461,,,,
18716,51463,,,,
18720,51516,4.0,AP,,
18726,51611,1.0,NA,,
18726,51611,2.0,LA,,
18726,51611,3.0,EMEA,,
18726,51611,4.0,AP,,
18728,51613,,,,
18735,51621,1.0,NA,,
18735,51621,2.0,LA,,
18735,51621,3.0,EMEA,,
18735,51621,4.0,AP,,
18736,51622,,,,
18738,51668,,,,
18741,51670,,,,
18742,51671,,,,
18743,51672,,,,
18745,51674,,,,
15295,26515,1.0,NA,,
15295,26515,2.0,LA,,
15295,26515,3.0,EMEA,,
15295,26515,4.0,AP,,
15336,26650,1.0,NA,,
15507,28146,1.0,NA,,
15507,28146,2.0,LA,,
15507,28146,3.0,EMEA,,
15507,28146,4.0,AP,,
15694,30198,1.0,NA,,
15694,30198,2.0,LA,,
15694,30198,3.0,EMEA,,
15694,30198,4.0,AP,,
15704,30208,1.0,NA,,
15704,30208,2.0,LA,,
15704,30208,3.0,EMEA,,
15704,30208,4.0,AP,,
16048,34523,1.0,NA,,
16048,34523,2.0,LA,,
16048,34523,3.0,EMEA,,
16053,34528,1.0,NA,,
16053,34528,2.0,LA,,
16053,34528,3.0,EMEA,,
16056,34592,3.0,EMEA,,
16090,35040,1.0,NA,,
16090,35040,2.0,LA,,
16090,35040,3.0,EMEA,,
16090,35040,4.0,AP,,
16099,35095,,,,
16118,35222,,,,
16127,35278,,,,
16396,37687,1.0,NA,,
16406,37759,1.0,NA,,
16406,37759,3.0,EMEA,,
16483,38648,1.0,NA,,
16483,38648,2.0,LA,,
16483,38648,3.0,EMEA,,
16483,38648,4.0,AP,,
16510,38877,1.0,NA,,
16606,39703,,,,
16652,40037,,,,
16904,41779,1.0,NA,,
16904,41779,2.0,LA,,
16904,41779,3.0,EMEA,,
16904,41779,4.0,AP,,
17030,42520,,,,
17067,42676,,,,
17074,42725,,,,
17133,42960,1.0,NA,,
17180,43104,1.0,NA,,
17180,43104,2.0,LA,,
17180,43104,3.0,EMEA,,
17180,43104,4.0,AP,,
17671,44770,,,,
18346,49015,1.0,NA,,
18346,49015,2.0,LA,,
18346,49015,3.0,EMEA,,
18346,49015,4.0,AP,,
18349,49019,,,,
18350,49020,,,,
18352,49022,,,,
18353,49023,,,,
18358,49083,,,,
18947,53402,,,,
18962,53484,,,,
19071,54868,1.0,NA,,
19071,54868,2.0,LA,,
19071,54868,3.0,EMEA,,
19071,54868,4.0,AP,,
19072,54873,1.0,NA,,
19072,54873,2.0,LA,,
19072,54873,3.0,EMEA,,
19072,54873,4.0,AP,,
19237,57872,1.0,NA,,
19237,57872,2.0,LA,,
19239,57874,1.0,NA,,
19239,57874,2.0,LA,,
19240,57875,1.0,NA,,
19240,57875,2.0,LA,,
19242,57877,1.0,NA,,
19242,57877,2.0,LA,,
19249,57968,1.0,NA,,
19249,57968,2.0,LA,,
19251,57970,1.0,NA,,
19251,57970,2.0,LA,,
19362,59988,1.0,NA,,
19364,59990,1.0,NA,,
19404,60586,1.0,NA,,
19404,60586,2.0,LA,,
19404,60586,3.0,EMEA,,
19404,60586,4.0,AP,,
19420,60738,1.0,NA,,
19420,60738,2.0,LA,,
19420,60738,3.0,EMEA,,
19421,60739,1.0,NA,,
19421,60739,2.0,LA,,
19421,60739,3.0,EMEA,,
19421,60739,4.0,AP,,
19422,60740,,,,
19423,60741,,,,
19424,60742,,,,
19497,61765,1.0,NA,,
19550,62003,1.0,NA,,
19550,62003,2.0,LA,,
19550,62003,3.0,EMEA,,
19550,62003,4.0,AP,,
19551,62004,1.0,NA,,
19551,62004,2.0,LA,,
19551,62004,3.0,EMEA,,
19551,62004,4.0,AP,,
19552,62005,1.0,NA,,
19552,62005,2.0,LA,,
19552,62005,3.0,EMEA,,
19552,62005,4.0,AP,,
19553,62006,1.0,NA,,
19553,62006,2.0,LA,,
19553,62006,3.0,EMEA,,
19553,62006,4.0,AP,,
19554,62007,1.0,NA,,
19554,62007,2.0,LA,,
19554,62007,3.0,EMEA,,
19554,62007,4.0,AP,,
19804,64257,,,,
19805,64258,,,,
19806,64259,,,,
19832,64488,1.0,NA,,
19832,64488,2.0,LA,,
19832,64488,3.0,EMEA,,
19832,64488,4.0,AP,,
19930,65182,,,,
19931,65183,,,,
15481,28064,,,,
15483,28066,,,,
15506,28145,1.0,NA,,
15506,28145,2.0,LA,,
15506,28145,3.0,EMEA,,
15506,28145,4.0,AP,,
15535,28461,1.0,NA,,
15550,28584,1.0,NA,,
15584,28954,1.0,NA,,
15585,28955,,,,
15598,29134,2.0,LA,36.0,Venezuela
15642,29517,,,,
15649,29567,,,,
15771,30800,,,,
15850,31537,,,,
15854,31541,,,,
16028,34189,1.0,NA,,
16314,36924,,,,
16466,38471,1.0,NA,,
16466,38471,2.0,LA,,
16466,38471,4.0,AP,42.0,Nippon Giant
16469,38503,1.0,NA,,
16469,38503,2.0,LA,,
16469,38503,4.0,AP,,
16599,39618,,,,
16601,39648,,,,
16699,40331,,,,
16774,40906,,,,
16778,40959,1.0,NA,,
16778,40959,2.0,LA,,
16778,40959,3.0,EMEA,23.0,Adapazari
16778,40959,4.0,AP,,
16778,40959,1.0,NA,,
16778,40959,2.0,LA,,
16778,40959,3.0,EMEA,25.0,Izmit
16778,40959,4.0,AP,,
16778,40959,1.0,NA,,
16778,40959,2.0,LA,35.0,Peru
16778,40959,3.0,EMEA,,
16778,40959,4.0,AP,,
16778,40959,1.0,NA,,
16778,40959,2.0,LA,,
16778,40959,3.0,EMEA,,
16778,40959,4.0,AP,40.0,Thailand
16778,40959,1.0,NA,,
16778,40959,2.0,LA,,
16778,40959,3.0,EMEA,,
16778,40959,4.0,AP,47.0,Indonesia
16901,41776,,,,
17084,42752,,,,
17106,42865,,,,
17228,43313,1.0,NA,,
17228,43313,2.0,LA,,
17228,43313,3.0,EMEA,,
17228,43313,4.0,AP,,
17576,44365,2.0,LA,,
17578,44367,2.0,LA,,
17580,44369,2.0,LA,,
18787,51896,3.0,EMEA,,
18788,51897,1.0,NA,,
18788,51897,2.0,LA,,
18788,51897,3.0,EMEA,,
18788,51897,4.0,AP,,
18790,51899,1.0,NA,,
18790,51899,2.0,LA,,
18790,51899,3.0,EMEA,,
18790,51899,4.0,AP,,
18794,51953,,,,
18800,52018,,,,
18804,52070,,,,
18806,52072,1.0,NA,,
18808,52073,,,,
18818,52355,1.0,NA,,
18820,52420,4.0,AP,,
18827,52483,,,,
18828,52484,,,,
18998,54085,3.0,EMEA,,
19000,54086,4.0,AP,,
19312,59061,4.0,AP,,
19558,62010,1.0,NA,,
19558,62010,2.0,LA,,
19558,62010,3.0,EMEA,,
19558,62010,4.0,AP,,
19570,62396,,,,
19633,62978,,,,
19751,63710,1.0,NA,,
19751,63710,2.0,LA,,
19751,63710,4.0,AP,,
19774,64004,1.0,NA,,
19848,64573,1.0,NA,,
19848,64573,2.0,LA,,
19848,64573,3.0,EMEA,,
19848,64573,4.0,AP,,
19849,64574,1.0,NA,,
19849,64574,2.0,LA,,
19849,64574,3.0,EMEA,,
19849,64574,4.0,AP,,
19850,64575,1.0,NA,,
19850,64575,2.0,LA,,
19850,64575,3.0,EMEA,,
19850,64575,4.0,AP,,
19851,64576,1.0,NA,,
19851,64576,2.0,LA,,
19851,64576,3.0,EMEA,,
19851,64576,4.0,AP,,
19852,64577,1.0,NA,,
19852,64577,2.0,LA,,
19852,64577,3.0,EMEA,,
19852,64577,4.0,AP,,
19864,64693,1.0,NA,,
19864,64693,2.0,LA,,
19864,64693,3.0,EMEA,,
19864,64693,4.0,AP,,
19865,64694,1.0,NA,,
19865,64694,2.0,LA,,
19865,64694,3.0,EMEA,,
19865,64694,4.0,AP,,
19866,64695,1.0,NA,,
19866,64695,2.0,LA,,
19866,64695,3.0,EMEA,,
19866,64695,4.0,AP,,
19883,64911,3.0,EMEA,,
15306,26553,1.0,NA,,
15306,26553,2.0,LA,,
15306,26553,3.0,EMEA,,
15306,26553,4.0,AP,,
15315,26590,,,,
15345,26693,,,,
15426,27534,1.0,NA,,
15434,27645,1.0,NA,,
15434,27645,2.0,LA,,
15434,27645,3.0,EMEA,,
15434,27645,4.0,AP,42.0,Nippon Giant
15896,32093,,,,
15898,32095,,,,
15912,32162,,,,
15971,33572,1.0,NA,,
15971,33572,2.0,LA,,
15971,33572,3.0,EMEA,,
15971,33572,4.0,AP,,
16015,34170,1.0,NA,,
16015,34170,2.0,LA,,
16015,34170,3.0,EMEA,,
16015,34170,4.0,AP,,
16016,34171,1.0,NA,,
16016,34171,2.0,LA,,
16016,34171,3.0,EMEA,,
16016,34171,4.0,AP,,
16017,34172,1.0,NA,,
16017,34172,2.0,LA,,
16017,34172,3.0,EMEA,,
16017,34172,4.0,AP,,
16018,34173,1.0,NA,,
16018,34173,2.0,LA,,
16018,34173,3.0,EMEA,,
16018,34173,4.0,AP,,
16150,35475,1.0,NA,,
16177,35692,1.0,NA,,
16177,35692,2.0,LA,,
16177,35692,3.0,EMEA,23.0,Adapazari
16177,35692,4.0,AP,,
16177,35692,1.0,NA,,
16177,35692,2.0,LA,,
16177,35692,3.0,EMEA,25.0,Izmit
16177,35692,4.0,AP,,
16414,37879,3.0,EMEA,,
16596,39589,1.0,NA,,
16596,39589,2.0,LA,,
16596,39589,3.0,EMEA,,
16596,39589,4.0,AP,,
16610,39781,,,,
16715,40495,1.0,NA,,
16715,40495,2.0,LA,,
16715,40495,3.0,EMEA,,
16715,40495,4.0,AP,,
16752,40772,,,,
16753,40773,,,,
16840,41323,4.0,AP,37.0,Malaysia
16840,41323,4.0,AP,40.0,Thailand
16840,41323,4.0,AP,42.0,Nippon Giant
16840,41323,4.0,AP,47.0,Indonesia
16840,41323,4.0,AP,100.0,Pulandian
16906,41781,1.0,NA,,
16906,41781,2.0,LA,,
16906,41781,3.0,EMEA,,
16906,41781,4.0,AP,,
17088,42762,1.0,NA,,
17088,42762,2.0,LA,,
17088,42762,3.0,EMEA,,
17088,42762,4.0,AP,,
17113,42877,,,,
17124,42905,1.0,NA,,
17124,42905,2.0,LA,,
17124,42905,3.0,EMEA,,
17124,42905,4.0,AP,,
17192,43138,,,,
17310,43579,1.0,NA,,
17310,43579,2.0,LA,,
17310,43579,3.0,EMEA,,
17310,43579,4.0,AP,,
17332,43668,3.0,EMEA,,
17332,43668,4.0,AP,,
18312,48884,3.0,EMEA,,
18924,53321,1.0,NA,,
18924,53321,2.0,LA,,
18924,53321,3.0,EMEA,,
18924,53321,4.0,AP,,
18960,53482,,,,
18961,53483,,,,
19031,54569,1.0,NA,,
19031,54569,2.0,LA,,
19031,54569,3.0,EMEA,,
19031,54569,4.0,AP,,
19040,54586,1.0,NA,,
19041,54587,1.0,NA,,
19043,54589,1.0,NA,,
19047,54596,1.0,NA,,
19047,54596,2.0,LA,,
19047,54596,3.0,EMEA,,
19047,54596,4.0,AP,,
19048,54597,1.0,NA,,
19048,54597,2.0,LA,,
19048,54597,3.0,EMEA,,
19048,54597,4.0,AP,,
19084,55052,,,,
19110,55578,,,,
19116,55650,1.0,NA,,
19116,55650,2.0,LA,,
19116,55650,3.0,EMEA,23.0,Adapazari
19116,55650,4.0,AP,,
19116,55650,1.0,NA,,
19116,55650,2.0,LA,,
19116,55650,3.0,EMEA,25.0,Izmit
19116,55650,4.0,AP,,
19116,55650,1.0,NA,,
19116,55650,2.0,LA,,
19116,55650,3.0,EMEA,26.0,Fulda
19116,55650,4.0,AP,,
19116,55650,1.0,NA,,
19116,55650,2.0,LA,35.0,Peru
19116,55650,3.0,EMEA,,
19116,55650,4.0,AP,,
19116,55650,1.0,NA,,
19116,55650,2.0,LA,,
19116,55650,3.0,EMEA,,
19116,55650,4.0,AP,40.0,Thailand
19116,55650,1.0,NA,,
19116,55650,2.0,LA,,
19116,55650,3.0,EMEA,,
19116,55650,4.0,AP,47.0,Indonesia
19116,55650,1.0,NA,,
19116,55650,2.0,LA,,
19116,55650,3.0,EMEA,50.0,Hanau
19116,55650,4.0,AP,,
19116,55650,1.0,NA,,
19116,55650,2.0,LA,,
19116,55650,3.0,EMEA,51.0,Wittlich
19116,55650,4.0,AP,,
19116,55650,1.0,NA,,
19116,55650,2.0,LA,,
19116,55650,3.0,EMEA,52.0,Fuerstenwalde
19116,55650,4.0,AP,,
19116,55650,1.0,NA,,
19116,55650,2.0,LA,,
19116,55650,3.0,EMEA,53.0,Riesa
19116,55650,4.0,AP,,
19117,55651,1.0,NA,,
19117,55651,2.0,LA,,
19117,55651,3.0,EMEA,23.0,Adapazari
19117,55651,4.0,AP,,
19117,55651,1.0,NA,,
19117,55651,2.0,LA,,
19117,55651,3.0,EMEA,25.0,Izmit
19117,55651,4.0,AP,,
19117,55651,1.0,NA,,
19117,55651,2.0,LA,,
19117,55651,3.0,EMEA,26.0,Fulda
19117,55651,4.0,AP,,
19117,55651,1.0,NA,,
19117,55651,2.0,LA,35.0,Peru
19117,55651,3.0,EMEA,,
19117,55651,4.0,AP,,
19117,55651,1.0,NA,,
19117,55651,2.0,LA,,
19117,55651,3.0,EMEA,,
19117,55651,4.0,AP,40.0,Thailand
19117,55651,1.0,NA,,
19117,55651,2.0,LA,,
19117,55651,3.0,EMEA,,
19117,55651,4.0,AP,47.0,Indonesia
19117,55651,1.0,NA,,
19117,55651,2.0,LA,,
19117,55651,3.0,EMEA,50.0,Hanau
19117,55651,4.0,AP,,
19117,55651,1.0,NA,,
19117,55651,2.0,LA,,
19117,55651,3.0,EMEA,51.0,Wittlich
19117,55651,4.0,AP,,
19117,55651,1.0,NA,,
19117,55651,2.0,LA,,
19117,55651,3.0,EMEA,52.0,Fuerstenwalde
19117,55651,4.0,AP,,
19117,55651,1.0,NA,,
19117,55651,2.0,LA,,
19117,55651,3.0,EMEA,53.0,Riesa
19117,55651,4.0,AP,,
19118,55652,1.0,NA,,
19118,55652,2.0,LA,,
19118,55652,3.0,EMEA,23.0,Adapazari
19118,55652,4.0,AP,,
19118,55652,1.0,NA,,
19118,55652,2.0,LA,,
19118,55652,3.0,EMEA,25.0,Izmit
19118,55652,4.0,AP,,
19118,55652,1.0,NA,,
19118,55652,2.0,LA,,
19118,55652,3.0,EMEA,26.0,Fulda
19118,55652,4.0,AP,,
19118,55652,1.0,NA,,
19118,55652,2.0,LA,35.0,Peru
19118,55652,3.0,EMEA,,
19118,55652,4.0,AP,,
19118,55652,1.0,NA,,
19118,55652,2.0,LA,,
19118,55652,3.0,EMEA,,
19118,55652,4.0,AP,40.0,Thailand
19118,55652,1.0,NA,,
19118,55652,2.0,LA,,
19118,55652,3.0,EMEA,,
19118,55652,4.0,AP,47.0,Indonesia
19118,55652,1.0,NA,,
19118,55652,2.0,LA,,
19118,55652,3.0,EMEA,50.0,Hanau
19118,55652,4.0,AP,,
19118,55652,1.0,NA,,
19118,55652,2.0,LA,,
19118,55652,3.0,EMEA,51.0,Wittlich
19118,55652,4.0,AP,,
19118,55652,1.0,NA,,
19118,55652,2.0,LA,,
19118,55652,3.0,EMEA,52.0,Fuerstenwalde
19118,55652,4.0,AP,,
19118,55652,1.0,NA,,
19118,55652,2.0,LA,,
19118,55652,3.0,EMEA,53.0,Riesa
19118,55652,4.0,AP,,
19121,55655,1.0,NA,,
19121,55655,2.0,LA,,
19121,55655,3.0,EMEA,,
19121,55655,4.0,AP,,
19123,55657,1.0,NA,,
19123,55657,2.0,LA,,
19123,55657,3.0,EMEA,,
19123,55657,4.0,AP,40.0,Thailand
19123,55657,1.0,NA,,
19123,55657,2.0,LA,,
19123,55657,3.0,EMEA,,
19123,55657,4.0,AP,47.0,Indonesia
19149,55898,,,,
19166,56250,1.0,NA,,
19166,56250,3.0,EMEA,,
19206,57307,3.0,EMEA,,
19241,57876,1.0,NA,,
19241,57876,2.0,LA,,
19243,57878,1.0,NA,,
19243,57878,2.0,LA,,
19461,61142,,,,
19496,61764,,,,
15348,26715,1.0,NA,,
15431,27602,1.0,NA,,
15431,27602,2.0,LA,,
15431,27602,3.0,EMEA,,
15431,27602,4.0,AP,42.0,Nippon Giant
15443,27704,4.0,AP,,
15448,27807,1.0,NA,,
15448,27807,2.0,LA,,
15448,27807,3.0,EMEA,,
15448,27807,4.0,AP,,
15596,29132,4.0,AP,47.0,Indonesia
15884,32021,,,,
16013,34168,1.0,NA,,
16013,34168,2.0,LA,,
16013,34168,3.0,EMEA,,
16013,34168,4.0,AP,,
16014,34169,1.0,NA,,
16014,34169,2.0,LA,,
16014,34169,3.0,EMEA,,
16014,34169,4.0,AP,,
16045,34419,,,,
16072,34880,,,,
16324,37030,1.0,NA,,
16324,37030,2.0,LA,,
16324,37030,3.0,EMEA,,
16324,37030,4.0,AP,,
16590,39534,1.0,NA,,
16591,39535,1.0,NA,,
16725,40641,,,,
16727,40643,,,,
16735,40650,,,,
16749,40769,1.0,NA,,
16772,40854,1.0,NA,,
16772,40854,2.0,LA,,
16772,40854,3.0,EMEA,,
16772,40854,4.0,AP,,
16807,41193,,,,
16811,41199,1.0,NA,,
17404,43935,1.0,NA,,
17477,44171,,,,
17499,44233,,,,
17506,44241,,,,
17582,44371,2.0,LA,,
17596,44464,1.0,NA,,
17596,44464,2.0,LA,,
17596,44464,3.0,EMEA,,
17596,44464,4.0,AP,,
17612,44543,1.0,NA,,
17624,44607,1.0,NA,,
17624,44607,2.0,LA,,
17624,44607,3.0,EMEA,,
17624,44607,4.0,AP,,
17628,44623,,,,
18888,53085,,,,
19028,54561,1.0,NA,,
19028,54561,3.0,EMEA,,
19036,54582,1.0,NA,,
19036,54582,2.0,LA,,
19036,54582,3.0,EMEA,,
19036,54582,4.0,AP,,
19060,54774,,,,
19061,54775,,,,
19568,62354,2.0,LA,,
19568,62354,3.0,EMEA,,
19568,62354,4.0,AP,40.0,Thailand
19698,63220,2.0,LA,,
19730,63400,,,,
19932,65184,,,,
19944,65291,,,,
19977,65868,1.0,NA,,
19977,65868,2.0,LA,,
19977,65868,3.0,EMEA,,
19977,65868,4.0,AP,,
20007,66156,1.0,NA,,
20008,66157,1.0,NA,,
20024,66238,,,,
20026,66240,,,,
20031,66319,,,,
20037,66391,3.0,EMEA,23.0,Adapazari
20037,66391,3.0,EMEA,25.0,Izmit
20049,66472,1.0,NA,,
20049,66472,2.0,LA,,
20049,66472,3.0,EMEA,,
20049,66472,4.0,AP,,
20050,66473,1.0,NA,,
20050,66473,2.0,LA,,
20050,66473,3.0,EMEA,,
20050,66473,4.0,AP,,
20051,66474,1.0,NA,,
20051,66474,2.0,LA,,
20051,66474,3.0,EMEA,,
20051,66474,4.0,AP,,
20052,66475,1.0,NA,,
20052,66475,2.0,LA,,
20052,66475,3.0,EMEA,,
20052,66475,4.0,AP,,
20053,66476,1.0,NA,,
20078,66608,3.0,EMEA,,
20082,66610,,,,
20083,66611,,,,
15381,26900,1.0,NA,,
15818,31228,1.0,NA,,
15818,31228,2.0,LA,,
15818,31228,3.0,EMEA,,
15818,31228,4.0,AP,,
15826,31400,1.0,NA,,
15826,31400,2.0,LA,,
15826,31400,3.0,EMEA,,
15826,31400,4.0,AP,,
15952,33312,,,,
15982,33831,1.0,NA,,
15990,33895,1.0,NA,,
16032,34292,1.0,NA,,
16032,34292,2.0,LA,,
16032,34292,3.0,EMEA,,
16032,34292,4.0,AP,,
16074,34882,1.0,NA,,
16120,35228,1.0,NA,,
16120,35228,2.0,LA,,
16120,35228,3.0,EMEA,,
16120,35228,4.0,AP,,
16186,35949,1.0,NA,,
16186,35949,2.0,LA,,
16186,35949,3.0,EMEA,,
16186,35949,4.0,AP,,
16236,36311,1.0,NA,,
16236,36311,2.0,LA,,
16236,36311,3.0,EMEA,23.0,Adapazari
16236,36311,4.0,AP,,
16236,36311,1.0,NA,,
16236,36311,2.0,LA,,
16236,36311,3.0,EMEA,25.0,Izmit
16236,36311,4.0,AP,,
16236,36311,1.0,NA,,
16236,36311,2.0,LA,,
16236,36311,3.0,EMEA,,
16236,36311,4.0,AP,42.0,Nippon Giant
16317,36992,1.0,NA,,
16317,36992,2.0,LA,,
16317,36992,3.0,EMEA,,
16317,36992,4.0,AP,,
16383,37603,1.0,NA,,
16383,37603,2.0,LA,,
16383,37603,3.0,EMEA,,
16383,37603,4.0,AP,,
16401,37727,1.0,NA,,
16401,37727,2.0,LA,,
16401,37727,3.0,EMEA,,
16401,37727,4.0,AP,,
16473,38549,1.0,NA,,
16473,38549,2.0,LA,,
16473,38549,3.0,EMEA,,
16473,38549,4.0,AP,,
16481,38598,,,,
17053,42578,,,,
17055,42593,1.0,NA,,
17058,42605,,,,
17120,42896,1.0,NA,,
17214,43215,,,,
17355,43726,1.0,NA,,
17355,43726,3.0,EMEA,,
17440,44068,2.0,LA,,
17474,44169,3.0,EMEA,,
17626,44614,1.0,NA,,
17676,44775,,,,
18896,53159,1.0,NA,,
18896,53159,2.0,LA,,
18929,53384,,,,
19135,55816,,,,
19136,55817,,,,
19138,55820,1.0,NA,,
19138,55820,2.0,LA,,
19138,55820,3.0,EMEA,,
19138,55820,4.0,AP,,
19314,59143,1.0,NA,,
19314,59143,2.0,LA,,
19314,59143,3.0,EMEA,,
19314,59143,4.0,AP,,
19387,60356,1.0,NA,,
19387,60356,3.0,EMEA,,
19478,61535,1.0,NA,,
19481,61538,1.0,NA,,
19494,61762,1.0,NA,,
19494,61762,2.0,LA,,
19494,61762,3.0,EMEA,,
19494,61762,4.0,AP,,
19619,62884,,,,
19709,63231,,,,
19744,63624,,,,
19780,64011,1.0,NA,,
19780,64011,2.0,LA,,
19780,64011,4.0,AP,,
19780,64011,1.0,NA,,
19780,64011,2.0,LA,,
19780,64011,4.0,AP,,
19891,64947,1.0,NA,,
19891,64947,2.0,LA,,
19891,64947,3.0,EMEA,,
19891,64947,4.0,AP,,
19898,64954,,,,
19899,64955,,,,
19900,64989,,,,
19904,64995,2.0,LA,,
19906,64996,,,,
15410,27125,,,,
15608,29330,,,,
15612,29383,,,,
15624,29400,,,,
15783,31087,1.0,NA,9.0,Medicine Hat
15783,31087,2.0,LA,,
15783,31087,3.0,EMEA,,
15783,31087,4.0,AP,,
15783,31087,1.0,NA,10.0,Napanee
15783,31087,2.0,LA,,
15783,31087,3.0,EMEA,,
15783,31087,4.0,AP,,
15783,31087,1.0,NA,11.0,Valleyfield
15783,31087,2.0,LA,,
15783,31087,3.0,EMEA,,
15783,31087,4.0,AP,,
15797,31104,1.0,NA,,
15816,31226,1.0,NA,,
15816,31226,2.0,LA,,
15816,31226,3.0,EMEA,,
15816,31226,4.0,AP,,
15817,31227,1.0,NA,,
15817,31227,2.0,LA,,
15817,31227,3.0,EMEA,,
15817,31227,4.0,AP,,
15901,32098,1.0,NA,,
15901,32098,2.0,LA,,
15901,32098,3.0,EMEA,,
15901,32098,4.0,AP,,
16092,35041,1.0,NA,,
16092,35041,2.0,LA,,
16092,35041,3.0,EMEA,,
16092,35041,4.0,AP,,
16137,35331,1.0,NA,,
16137,35331,3.0,EMEA,,
16264,36600,,,,
16270,36662,1.0,NA,,
16462,38466,,,,
16485,38653,1.0,NA,,
16485,38653,2.0,LA,,
16485,38653,3.0,EMEA,,
16485,38653,4.0,AP,,
16550,39031,1.0,NA,,
16550,39031,2.0,LA,,
16550,39031,3.0,EMEA,,
16550,39031,4.0,AP,,
17003,42403,,,,
17176,43099,1.0,NA,,
17176,43099,2.0,LA,,
17176,43099,3.0,EMEA,,
17176,43099,4.0,AP,,
17226,43290,1.0,NA,,
17226,43290,2.0,LA,,
17226,43290,3.0,EMEA,,
17226,43290,4.0,AP,,
17234,43344,1.0,NA,,
17292,43491,2.0,LA,,
17300,43542,4.0,AP,,
17658,44724,3.0,EMEA,,
17720,44871,1.0,NA,,
17720,44871,2.0,LA,,
17720,44871,3.0,EMEA,,
17720,44871,4.0,AP,,
17733,44962,1.0,NA,,
17733,44962,2.0,LA,,
17733,44962,3.0,EMEA,,
17733,44962,4.0,AP,,
17744,45106,1.0,NA,,
17744,45106,2.0,LA,,
17746,45110,1.0,NA,,
17746,45110,2.0,LA,,
17746,45110,3.0,EMEA,,
17746,45110,4.0,AP,,
18318,48912,,,,
18862,52794,,,,
18866,52798,,,,
18867,52799,,,,
18878,52928,,,,
18928,53383,,,,
19158,56243,1.0,NA,,
19158,56243,3.0,EMEA,,
19190,56843,1.0,NA,,
19190,56843,2.0,LA,,
19190,56843,3.0,EMEA,,
19190,56843,4.0,AP,,
19332,59707,1.0,NA,,
19456,61014,1.0,NA,,
19456,61014,3.0,EMEA,,
19457,61015,1.0,NA,,
19457,61015,3.0,EMEA,,
19458,61076,1.0,NA,,
19458,61076,2.0,LA,,
19458,61076,3.0,EMEA,,
19458,61076,4.0,AP,,
19463,61146,1.0,NA,,
19463,61146,2.0,LA,,
19586,62502,1.0,NA,,
19610,62798,3.0,EMEA,,
19612,62835,1.0,NA,,
19612,62835,2.0,LA,,
19612,62835,4.0,AP,,
19614,62837,,,,
19622,62926,,,,
19638,62985,1.0,NA,,
19638,62985,3.0,EMEA,,
15390,26972,1.0,NA,,
15390,26972,2.0,LA,,
15390,26972,3.0,EMEA,23.0,Adapazari
15390,26972,4.0,AP,,
15390,26972,1.0,NA,,
15390,26972,2.0,LA,,
15390,26972,3.0,EMEA,25.0,Izmit
15390,26972,4.0,AP,,
15390,26972,1.0,NA,,
15390,26972,2.0,LA,,
15390,26972,3.0,EMEA,,
15390,26972,4.0,AP,42.0,Nippon Giant
15390,26972,1.0,NA,,
15390,26972,2.0,LA,,
15390,26972,3.0,EMEA,,
15390,26972,4.0,AP,100.0,Pulandian
15526,28452,1.0,NA,,
15878,31951,1.0,NA,,
15878,31951,2.0,LA,,
15878,31951,3.0,EMEA,,
15878,31951,4.0,AP,,
15907,32157,,,,
16113,35171,,,,
16394,37645,,,,
16568,39293,1.0,NA,,
16568,39293,2.0,LA,,
16568,39293,4.0,AP,,
16607,39704,,,,
16611,39782,,,,
16649,40034,1.0,NA,,
16649,40034,2.0,LA,,
16649,40034,3.0,EMEA,,
16649,40034,4.0,AP,,
16653,40038,1.0,NA,,
16658,40043,1.0,NA,,
16658,40043,2.0,LA,,
16658,40043,3.0,EMEA,,
16658,40043,4.0,AP,,
16679,40200,1.0,NA,,
16680,40201,1.0,NA,,
16711,40491,1.0,NA,,
16711,40491,2.0,LA,,
16711,40491,3.0,EMEA,,
16711,40491,4.0,AP,,
16934,42120,1.0,NA,,
16935,42121,1.0,NA,,
16964,42242,1.0,NA,,
16964,42242,2.0,LA,,
16964,42242,3.0,EMEA,,
16964,42242,4.0,AP,,
17211,43212,,,,
17374,43811,,,,
17406,43954,1.0,NA,,
17406,43954,2.0,LA,,
17406,43954,3.0,EMEA,,
17406,43954,4.0,AP,,
17435,44060,1.0,NA,,
17458,44119,,,,
17459,44122,,,,
17616,44556,1.0,NA,,
17650,44677,1.0,NA,,
17650,44677,2.0,LA,,
18418,49516,,,,
18419,49517,,,,
19137,55819,,,,
19352,59787,1.0,NA,,
19352,59787,3.0,EMEA,,
19353,59788,1.0,NA,,
19353,59788,3.0,EMEA,,
19760,63953,,,,
19761,63954,1.0,NA,,
19763,63956,,,,
19792,64203,1.0,NA,,
19792,64203,2.0,LA,,
19792,64203,3.0,EMEA,,
19792,64203,4.0,AP,,
19793,64204,1.0,NA,,
19793,64204,2.0,LA,,
19793,64204,3.0,EMEA,23.0,Adapazari
19793,64204,4.0,AP,,
19793,64204,1.0,NA,,
19793,64204,2.0,LA,,
19793,64204,3.0,EMEA,25.0,Izmit
19793,64204,4.0,AP,,
19793,64204,1.0,NA,,
19793,64204,2.0,LA,,
19793,64204,3.0,EMEA,26.0,Fulda
19793,64204,4.0,AP,,
19793,64204,1.0,NA,,
19793,64204,2.0,LA,35.0,Peru
19793,64204,3.0,EMEA,,
19793,64204,4.0,AP,,
19793,64204,1.0,NA,,
19793,64204,2.0,LA,,
19793,64204,3.0,EMEA,50.0,Hanau
19793,64204,4.0,AP,,
19793,64204,1.0,NA,,
19793,64204,2.0,LA,,
19793,64204,3.0,EMEA,51.0,Wittlich
19793,64204,4.0,AP,,
19793,64204,1.0,NA,,
19793,64204,2.0,LA,,
19793,64204,3.0,EMEA,52.0,Fuerstenwalde
19793,64204,4.0,AP,,
19793,64204,1.0,NA,,
19793,64204,2.0,LA,,
19793,64204,3.0,EMEA,53.0,Riesa
19793,64204,4.0,AP,,
19862,64660,,,,
19902,64993,1.0,NA,,
19902,64993,2.0,LA,,
19902,64993,3.0,EMEA,,
19902,64993,4.0,AP,,
19946,65353,,,,
20085,66613,,,,
20086,66614,,,,
20087,66615,,,,
20088,66722,1.0,NA,,
20090,66723,,,,
15330,26607,,,,
15334,26641,1.0,NA,,
15334,26641,2.0,LA,,
15334,26641,3.0,EMEA,,
15334,26641,4.0,AP,,
15346,26694,,,,
15405,27028,1.0,NA,,
15432,27604,,,,
15478,28061,3.0,EMEA,,
15538,28521,1.0,NA,1.0,Danville
15539,28522,1.0,NA,,
15539,28522,2.0,LA,,
15539,28522,3.0,EMEA,,
15539,28522,4.0,AP,,
15697,30201,1.0,NA,,
15697,30201,2.0,LA,,
15697,30201,3.0,EMEA,,
15697,30201,4.0,AP,,
15703,30207,1.0,NA,,
15703,30207,2.0,LA,,
15703,30207,3.0,EMEA,,
15703,30207,4.0,AP,,
15730,30382,1.0,NA,,
15828,31408,2.0,LA,,
15829,31409,2.0,LA,,
15904,32154,,,,
15905,32155,,,,
15906,32156,,,,
15918,32228,1.0,NA,,
15918,32228,2.0,LA,,
15918,32228,3.0,EMEA,,
15918,32228,4.0,AP,,
16002,33970,1.0,NA,,
16002,33970,2.0,LA,,
16046,34519,1.0,NA,,
16168,35610,1.0,NA,,
16168,35610,2.0,LA,,
16168,35610,3.0,EMEA,,
16168,35610,4.0,AP,,
16213,36137,,,,
16559,39160,1.0,NA,,
16559,39160,2.0,LA,,
16559,39160,3.0,EMEA,,
16559,39160,4.0,AP,,
16646,40031,1.0,NA,,
16646,40031,2.0,LA,,
16646,40031,3.0,EMEA,,
16646,40031,4.0,AP,,
16648,40033,1.0,NA,,
16648,40033,2.0,LA,,
16648,40033,3.0,EMEA,,
16648,40033,4.0,AP,,
16892,41650,4.0,AP,,
16893,41651,4.0,AP,,
16894,41652,4.0,AP,,
16942,42177,1.0,NA,,
16943,42178,1.0,NA,,
17016,42474,1.0,NA,,
17016,42474,2.0,LA,,
17016,42474,3.0,EMEA,,
17016,42474,4.0,AP,,
17022,42490,1.0,NA,,
17022,42490,2.0,LA,,
17031,42522,,,,
18395,49433,1.0,NA,,
18396,49435,1.0,NA,,
18877,52927,,,,
18884,53007,,,,
19026,54559,1.0,NA,,
19026,54559,3.0,EMEA,,
19714,63273,1.0,NA,,
19714,63273,2.0,LA,,
19714,63273,3.0,EMEA,,
19714,63273,4.0,AP,,
19739,63462,,,,
19907,64997,1.0,NA,,
19909,64999,1.0,NA,,
19920,65082,,,,
19934,65217,,,,
19942,65290,1.0,NA,,
19942,65290,3.0,EMEA,,
19948,65354,1.0,NA,,
19948,65354,2.0,LA,,
19948,65354,3.0,EMEA,23.0,Adapazari
19948,65354,4.0,AP,,
19948,65354,1.0,NA,,
19948,65354,2.0,LA,,
19948,65354,3.0,EMEA,25.0,Izmit
19948,65354,4.0,AP,,
19950,65384,1.0,NA,,
19950,65384,2.0,LA,,
19950,65384,3.0,EMEA,,
19950,65384,4.0,AP,,
19951,65385,1.0,NA,,
19951,65385,2.0,LA,,
19951,65385,3.0,EMEA,,
19951,65385,4.0,AP,,
19952,65387,,,,
19956,65447,1.0,NA,,
19956,65447,2.0,LA,,
19956,65447,3.0,EMEA,,
19956,65447,4.0,AP,,
19957,65448,1.0,NA,,
19957,65448,2.0,LA,,
19957,65448,3.0,EMEA,,
19957,65448,4.0,AP,,
19958,65449,1.0,NA,,
19958,65449,2.0,LA,,
19958,65449,3.0,EMEA,,
19958,65449,4.0,AP,,
19959,65450,1.0,NA,,
19959,65450,2.0,LA,,
19959,65450,3.0,EMEA,,
19959,65450,4.0,AP,,
19960,65451,1.0,NA,,
19960,65451,2.0,LA,,
19960,65451,3.0,EMEA,,
19960,65451,4.0,AP,,
19966,65526,,,,
19968,65558,1.0,NA,,
15302,26541,1.0,NA,,
15302,26541,2.0,LA,,
15302,26541,3.0,EMEA,,
15302,26541,4.0,AP,,
15580,28939,3.0,EMEA,,
15631,29451,,,,
15897,32094,,,,
15910,32160,,,,
16030,34197,1.0,NA,,
16030,34197,2.0,LA,,
16030,34197,3.0,EMEA,,
16030,34197,4.0,AP,,
16035,34299,,,,
16146,35384,1.0,NA,,
16146,35384,2.0,LA,,
16146,35384,3.0,EMEA,,
16146,35384,4.0,AP,,
16228,36277,1.0,NA,,
16228,36277,2.0,LA,,
16228,36277,3.0,EMEA,,
16228,36277,4.0,AP,,
16295,36786,1.0,NA,,
16687,40272,,,,
16786,41056,1.0,NA,,
16786,41056,3.0,EMEA,,
16864,41500,1.0,NA,,
16864,41500,2.0,LA,,
16864,41500,3.0,EMEA,,
16864,41500,4.0,AP,,
16996,42365,1.0,NA,,
16996,42365,2.0,LA,,
16996,42365,3.0,EMEA,,
16996,42365,4.0,AP,,
17278,43462,2.0,LA,,
17279,43463,2.0,LA,,
17366,43782,,,,
17424,44049,1.0,NA,,
17424,44049,2.0,LA,,
17424,44049,3.0,EMEA,,
17424,44049,4.0,AP,,
17443,44070,,,,
17448,44093,3.0,EMEA,,
17448,44093,4.0,AP,,
17471,44149,,,,
17648,44675,,,,
17651,44678,1.0,NA,,
17652,44679,1.0,NA,,
17678,44777,,,,
17680,44779,,,,
18005,46613,1.0,NA,,
18069,47203,1.0,NA,,
18069,47203,2.0,LA,,
18069,47203,3.0,EMEA,,
18069,47203,4.0,AP,,
18138,47689,4.0,AP,,
18170,47901,1.0,NA,,
18170,47901,2.0,LA,,
18170,47901,3.0,EMEA,,
18170,47901,4.0,AP,,
18194,48044,,,,
18201,48104,1.0,NA,,
18201,48104,3.0,EMEA,,
18210,48113,1.0,NA,,
18210,48113,2.0,LA,,
18210,48113,3.0,EMEA,,
18210,48113,4.0,AP,,
18211,48114,1.0,NA,,
18211,48114,2.0,LA,,
18211,48114,3.0,EMEA,,
18211,48114,4.0,AP,,
18246,48221,3.0,EMEA,,
18252,48322,,,,
18296,48708,1.0,NA,,
18296,48708,2.0,LA,,
18296,48708,3.0,EMEA,,
18296,48708,4.0,AP,,
18892,53147,1.0,NA,,
18892,53147,2.0,LA,,
18892,53147,3.0,EMEA,,
18892,53147,4.0,AP,,
18893,53148,,,,
18894,53149,,,,
19027,54560,1.0,NA,,
19027,54560,3.0,EMEA,,
19712,63233,,,,
19715,63274,1.0,NA,,
19715,63274,2.0,LA,,
19715,63274,3.0,EMEA,,
19715,63274,4.0,AP,,
19758,63904,1.0,NA,,
19758,63904,2.0,LA,,
19758,63904,3.0,EMEA,,
19758,63904,4.0,AP,42.0,Nippon Giant
19765,63958,1.0,NA,,
19766,63993,1.0,NA,,
19766,63993,2.0,LA,,
19766,63993,3.0,EMEA,,
19766,63993,4.0,AP,,
19767,63994,1.0,NA,,
19767,63994,2.0,LA,,
19767,63994,3.0,EMEA,,
19767,63994,4.0,AP,,
19768,63995,1.0,NA,,
19768,63995,2.0,LA,,
19768,63995,3.0,EMEA,,
19768,63995,4.0,AP,,
19784,64120,1.0,NA,,
19784,64120,2.0,LA,,
19784,64120,3.0,EMEA,,
19784,64120,4.0,AP,,
19786,64121,,,,
19796,64213,,,,
19798,64250,1.0,NA,,
19798,64250,2.0,LA,,
19798,64250,3.0,EMEA,,
19798,64250,4.0,AP,,
15446,27761,1.0,NA,,
15446,27761,2.0,LA,,
15446,27761,3.0,EMEA,,
15446,27761,4.0,AP,,
15494,28128,1.0,NA,,
15494,28128,2.0,LA,,
15494,28128,3.0,EMEA,,
15494,28128,4.0,AP,,
15549,28530,1.0,NA,,
15549,28530,2.0,LA,,
15549,28530,3.0,EMEA,,
15549,28530,4.0,AP,,
15607,29275,,,,
15636,29511,,,,
15726,30378,1.0,NA,,
15726,30378,2.0,LA,,
15726,30378,3.0,EMEA,,
15726,30378,4.0,AP,,
15954,33433,3.0,EMEA,,
16054,34590,3.0,EMEA,,
16098,35094,,,,
16128,35279,,,,
16136,35330,1.0,NA,,
16136,35330,3.0,EMEA,,
16178,35774,,,,
16183,35779,1.0,NA,,
16183,35779,2.0,LA,,
16183,35779,3.0,EMEA,,
16183,35779,4.0,AP,,
16286,36778,,,,
16297,36788,1.0,NA,,
16297,36788,2.0,LA,,
16297,36788,3.0,EMEA,,
16297,36788,4.0,AP,,
16343,37247,1.0,NA,,
16343,37247,2.0,LA,,
16343,37247,3.0,EMEA,,
16343,37247,4.0,AP,,
16346,37251,,,,
16450,38348,1.0,NA,,
16450,38348,3.0,EMEA,,
16492,38732,,,,
16624,39830,1.0,NA,,
16732,40647,,,,
16746,40740,1.0,NA,,
16746,40740,2.0,LA,,
16746,40740,3.0,EMEA,,
16746,40740,4.0,AP,,
16818,41229,,,,
16823,41236,,,,
16911,41815,,,,
16968,42269,,,,
18882,53005,,,,
18883,53006,,,,
18927,53382,2.0,LA,,
18930,53385,1.0,NA,,
18930,53385,3.0,EMEA,,
19018,54380,,,,
19019,54381,,,,
19022,54384,,,,
19146,55892,1.0,NA,,
19146,55892,2.0,LA,,
19146,55892,3.0,EMEA,,
19340,59715,,,,
19343,59718,1.0,NA,,
19343,59718,3.0,EMEA,,
19390,60428,1.0,NA,,
19391,60429,1.0,NA,,
19392,60430,1.0,NA,,
19393,60431,1.0,NA,,
19430,60815,1.0,NA,,
19430,60815,2.0,LA,,
19430,60815,3.0,EMEA,,
19430,60815,4.0,AP,,
19470,61158,,,,
19474,61350,,,,
19475,61351,,,,
19486,61591,1.0,NA,,
19486,61591,2.0,LA,,
19486,61591,3.0,EMEA,,
19486,61591,4.0,AP,,
19491,61706,4.0,AP,100.0,Pulandian
19648,63079,1.0,NA,,
19650,63081,1.0,NA,,
19653,63087,1.0,NA,,
19653,63087,2.0,LA,,
19653,63087,3.0,EMEA,,
19653,63087,4.0,AP,,
19654,63088,1.0,NA,,
19654,63088,2.0,LA,,
19654,63088,3.0,EMEA,,
19654,63088,4.0,AP,,
19656,63090,1.0,NA,,
19656,63090,2.0,LA,,
19656,63090,3.0,EMEA,,
19656,63090,4.0,AP,,
19660,63097,1.0,NA,,
19660,63097,2.0,LA,,
19660,63097,3.0,EMEA,,
19660,63097,4.0,AP,,
19661,63099,1.0,NA,,
19661,63099,2.0,LA,,
19661,63099,3.0,EMEA,,
19661,63099,4.0,AP,,
19662,63100,1.0,NA,,
19662,63100,2.0,LA,,
19662,63100,3.0,EMEA,,
19662,63100,4.0,AP,,
15338,26668,,,,
15540,28523,1.0,NA,,
15540,28523,2.0,LA,,
15540,28523,3.0,EMEA,,
15540,28523,4.0,AP,,
15862,31764,1.0,NA,,
15862,31764,2.0,LA,,
15862,31764,3.0,EMEA,,
15862,31764,4.0,AP,,
15894,32091,,,,
16049,34524,1.0,NA,,
16049,34524,2.0,LA,,
16049,34524,3.0,EMEA,,
16124,35275,,,,
16212,36134,1.0,NA,,
16212,36134,2.0,LA,,
16212,36134,3.0,EMEA,,
16212,36134,4.0,AP,,
16311,36879,1.0,NA,,
16311,36879,2.0,LA,,
16311,36879,3.0,EMEA,,
16311,36879,4.0,AP,,
16422,37993,1.0,NA,,
16422,37993,2.0,LA,,
16448,38344,2.0,LA,,
16551,39032,1.0,NA,,
16551,39032,2.0,LA,,
16551,39032,3.0,EMEA,,
16551,39032,4.0,AP,,
16553,39034,1.0,NA,,
16553,39034,2.0,LA,,
16553,39034,3.0,EMEA,,
16553,39034,4.0,AP,,
16678,40199,1.0,NA,,
16902,41777,,,,
16916,41879,,,,
17057,42596,,,,
17182,43105,1.0,NA,,
17182,43105,3.0,EMEA,,
17402,43934,,,,
17408,43966,1.0,NA,,
17408,43966,2.0,LA,,
17408,43966,3.0,EMEA,,
17408,43966,4.0,AP,,
17690,44789,,,,
15294,26514,1.0,NA,,
18897,53160,,,,
18925,53322,1.0,NA,,
18925,53322,2.0,LA,,
18925,53322,4.0,AP,42.0,Nippon Giant
18988,54011,1.0,NA,,
18988,54011,2.0,LA,,
18988,54011,3.0,EMEA,,
18988,54011,4.0,AP,,
19039,54585,1.0,NA,,
19172,56520,1.0,NA,,
19172,56520,2.0,LA,,
19172,56520,3.0,EMEA,,
19172,56520,4.0,AP,,
19227,57789,,,,
19324,59634,1.0,NA,,
19324,59634,2.0,LA,,
19324,59634,3.0,EMEA,,
19324,59634,4.0,AP,,
19325,59635,1.0,NA,,
19325,59635,2.0,LA,,
19325,59635,3.0,EMEA,,
19325,59635,4.0,AP,,
19326,59636,1.0,NA,,
19326,59636,2.0,LA,,
19326,59636,3.0,EMEA,,
19326,59636,4.0,AP,,
19327,59637,1.0,NA,,
19327,59637,2.0,LA,,
19327,59637,3.0,EMEA,,
19327,59637,4.0,AP,,
19328,59638,1.0,NA,,
19328,59638,2.0,LA,,
19328,59638,3.0,EMEA,,
19328,59638,4.0,AP,,
19329,59639,1.0,NA,,
19329,59639,2.0,LA,,
19329,59639,3.0,EMEA,,
19329,59639,4.0,AP,,
19331,59706,1.0,NA,,
19388,60357,3.0,EMEA,,
19476,61352,,,,
19572,62489,1.0,NA,,
19573,62490,1.0,NA,,
19830,64453,,,,
19886,64914,1.0,NA,,
19926,65117,1.0,NA,,
19926,65117,2.0,LA,,
19926,65117,3.0,EMEA,,
19926,65117,4.0,AP,,
19936,65218,1.0,NA,,
19936,65218,2.0,LA,,
19936,65218,4.0,AP,,
19970,65826,3.0,EMEA,,
19972,65827,,,,
19973,65830,1.0,NA,,
19973,65830,3.0,EMEA,,
19974,65831,1.0,NA,,
19974,65831,3.0,EMEA,,
19980,65871,1.0,NA,,
19980,65871,2.0,LA,,
19980,65871,3.0,EMEA,,
19980,65871,4.0,AP,,
19992,65916,1.0,NA,,
19992,65916,2.0,LA,,
19992,65916,3.0,EMEA,,
19992,65916,4.0,AP,,
20001,65957,1.0,NA,,
20001,65957,2.0,LA,,
20001,65957,3.0,EMEA,23.0,Adapazari
20001,65957,4.0,AP,,
20001,65957,1.0,NA,,
20001,65957,2.0,LA,,
20001,65957,3.0,EMEA,25.0,Izmit
20001,65957,4.0,AP,,
20030,66318,,,,
20032,66353,1.0,NA,,
20032,66353,2.0,LA,,
20032,66353,4.0,AP,,
15365,26824,2.0,LA,,
15473,27994,2.0,LA,,
15474,27995,2.0,LA,,
15480,28063,,,,
15653,29710,,,,
15696,30200,,,,
15915,32222,,,,
16000,33968,,,,
16007,33975,1.0,NA,,
16179,35775,,,,
16180,35776,1.0,NA,,
16180,35776,4.0,AP,,
16452,38382,,,,
16634,39898,3.0,EMEA,,
16637,39901,1.0,NA,,
16637,39901,3.0,EMEA,,
16810,41198,1.0,NA,,
16994,42311,,,,
17101,42845,1.0,NA,,
17101,42845,2.0,LA,,
17101,42845,4.0,AP,,
17118,42895,1.0,NA,,
17162,43019,4.0,AP,,
17190,43115,,,,
17210,43211,,,,
17220,43235,1.0,NA,,
17220,43235,2.0,LA,,
17220,43235,3.0,EMEA,,
17220,43235,4.0,AP,,
17225,43253,,,,
17230,43316,1.0,NA,,
17230,43316,2.0,LA,,
17230,43316,3.0,EMEA,,
17230,43316,4.0,AP,,
17246,43394,,,,
17253,43419,4.0,AP,,
17302,43558,3.0,EMEA,,
17344,43689,,,,
17346,43691,,,,
17347,43692,,,,
17351,43697,1.0,NA,,
17356,43730,1.0,NA,,
17370,43806,1.0,NA,,
17370,43806,2.0,LA,,
17370,43806,3.0,EMEA,,
17370,43806,4.0,AP,,
17377,43813,2.0,LA,,
17429,44054,1.0,NA,,
18382,49264,,,,
18910,53298,,,,
19599,62746,,,,
19677,63200,,,,
19678,63201,,,,
19799,64251,1.0,NA,,
19799,64251,2.0,LA,,
19799,64251,3.0,EMEA,,
19799,64251,4.0,AP,,
19800,64252,1.0,NA,,
19800,64252,2.0,LA,,
19800,64252,3.0,EMEA,,
19800,64252,4.0,AP,,
19801,64253,1.0,NA,,
19801,64253,2.0,LA,,
19801,64253,3.0,EMEA,,
19801,64253,4.0,AP,,
19802,64255,1.0,NA,,
19802,64255,2.0,LA,,
19802,64255,3.0,EMEA,,
19802,64255,4.0,AP,,
19807,64260,,,,
19826,64367,,,,
19829,64452,,,,
19846,64570,3.0,EMEA,23.0,Adapazari
19846,64570,3.0,EMEA,25.0,Izmit
19855,64619,,,,
19856,64620,,,,
19857,64621,,,,
19858,64622,,,,
15311,26586,,,,
15340,26670,,,,
15468,27990,1.0,NA,,
15468,27990,3.0,EMEA,,
15543,28526,1.0,NA,,
15543,28526,2.0,LA,,
15543,28526,3.0,EMEA,,
15543,28526,4.0,AP,,
15586,28956,,,,
15690,30140,1.0,NA,,
15690,30140,2.0,LA,,
15690,30140,4.0,AP,,
15729,30381,1.0,NA,,
15762,30738,1.0,NA,,
15762,30738,3.0,EMEA,,
16052,34527,1.0,NA,,
16052,34527,2.0,LA,,
16052,34527,3.0,EMEA,,
16162,35525,,,,
16233,36282,1.0,NA,,
16233,36282,2.0,LA,,
16233,36282,3.0,EMEA,,
16233,36282,4.0,AP,,
16403,37729,1.0,NA,,
16403,37729,2.0,LA,,
16493,38733,1.0,NA,,
16493,38733,2.0,LA,,
16493,38733,3.0,EMEA,,
16493,38733,4.0,AP,,
16548,38998,,,,
16549,38999,,,,
16608,39741,4.0,AP,,
16613,39784,,,,
16718,40608,1.0,NA,,
16718,40608,3.0,EMEA,,
16787,41057,1.0,NA,,
16787,41057,3.0,EMEA,,
17247,43396,,,,
17350,43694,1.0,NA,,
17444,44071,1.0,NA,,
17444,44071,2.0,LA,,
17444,44071,3.0,EMEA,,
17444,44071,4.0,AP,,
17632,44643,1.0,NA,,
17696,44799,,,,
17697,44800,,,,
18338,48982,,,,
18354,49054,,,,
18410,49485,1.0,NA,,
18410,49485,2.0,LA,,
18410,49485,3.0,EMEA,,
18410,49485,4.0,AP,,
18411,49486,1.0,NA,,
18411,49486,2.0,LA,,
18411,49486,3.0,EMEA,,
18411,49486,4.0,AP,,
18412,49487,1.0,NA,,
18412,49487,2.0,LA,,
18412,49487,3.0,EMEA,,
18412,49487,4.0,AP,,
18414,49489,1.0,NA,,
18414,49489,2.0,LA,,
18414,49489,3.0,EMEA,,
18414,49489,4.0,AP,,
18982,53800,,,,
19042,54588,1.0,NA,,
19245,57957,1.0,NA,,
19245,57957,2.0,LA,,
19246,57960,1.0,NA,,
19246,57960,2.0,LA,,
19286,58485,,,,
19360,59921,4.0,AP,,
19434,60876,4.0,AP,100.0,Pulandian
19472,61219,,,,
19473,61222,,,,
19492,61713,,,,
19510,61867,,,,
19511,61868,,,,
19546,61997,,,,
19547,61998,,,,
15312,26587,,,,
15332,26620,1.0,NA,,
15332,26620,2.0,LA,,
15332,26620,3.0,EMEA,,
15332,26620,4.0,AP,,
15503,28142,1.0,NA,,
15503,28142,2.0,LA,,
15503,28142,3.0,EMEA,,
15503,28142,4.0,AP,,
15504,28143,1.0,NA,,
15504,28143,2.0,LA,,
15504,28143,3.0,EMEA,,
15504,28143,4.0,AP,,
15692,30194,1.0,NA,,
15750,30572,,,,
15807,31217,3.0,EMEA,,
15822,31291,1.0,NA,,
15822,31291,2.0,LA,,
15822,31291,3.0,EMEA,23.0,Adapazari
15822,31291,4.0,AP,,
15822,31291,1.0,NA,,
15822,31291,2.0,LA,,
15822,31291,3.0,EMEA,25.0,Izmit
15822,31291,4.0,AP,,
15957,33436,3.0,EMEA,,
15963,33442,1.0,NA,,
15963,33442,2.0,LA,,
15963,33442,3.0,EMEA,,
15963,33442,4.0,AP,,
16132,35283,1.0,NA,,
16132,35283,2.0,LA,,
16132,35283,3.0,EMEA,23.0,Adapazari
16132,35283,4.0,AP,,
16132,35283,1.0,NA,,
16132,35283,2.0,LA,,
16132,35283,3.0,EMEA,25.0,Izmit
16132,35283,4.0,AP,,
16148,35429,,,,
16242,36397,1.0,NA,,
16242,36397,2.0,LA,,
16242,36397,3.0,EMEA,,
16242,36397,4.0,AP,,
16351,37294,1.0,NA,,
16351,37294,2.0,LA,,
16351,37294,3.0,EMEA,,
16351,37294,4.0,AP,,
16664,40081,4.0,AP,,
16676,40197,1.0,NA,,
16676,40197,3.0,EMEA,,
16776,40928,1.0,NA,,
16872,41565,3.0,EMEA,23.0,Adapazari
16872,41565,4.0,AP,,
16872,41565,3.0,EMEA,25.0,Izmit
16872,41565,4.0,AP,,
16872,41565,3.0,EMEA,27.0,South Africa
16872,41565,4.0,AP,,
16872,41565,3.0,EMEA,,
16872,41565,4.0,AP,40.0,Thailand
16872,41565,3.0,EMEA,,
16872,41565,4.0,AP,47.0,Indonesia
16878,41601,,,,
17054,42591,1.0,NA,,
17090,42765,,,,
17242,43391,,,,
17383,43833,,,,
17394,43902,,,,
17454,44111,1.0,NA,,
17466,44136,,,,
18292,48621,1.0,NA,,
18292,48621,2.0,LA,,
18292,48621,3.0,EMEA,,
18292,48621,4.0,AP,,
18971,53644,,,,
19017,54310,,,,
19076,54879,,,,
19092,55476,1.0,NA,,
19092,55476,3.0,EMEA,,
19094,55478,1.0,NA,,
19094,55478,3.0,EMEA,,
19162,56246,1.0,NA,,
19162,56246,3.0,EMEA,,
19163,56247,1.0,NA,,
19163,56247,3.0,EMEA,,
19164,56248,1.0,NA,,
19164,56248,3.0,EMEA,,
19417,60736,1.0,NA,,
19417,60736,2.0,LA,,
19417,60736,3.0,EMEA,,
19417,60736,4.0,AP,,
19464,61147,1.0,NA,,
19464,61147,2.0,LA,,
19465,61148,1.0,NA,,
19465,61148,2.0,LA,,
19518,61879,1.0,NA,,
19518,61879,2.0,LA,,
19518,61879,3.0,EMEA,,
19518,61879,4.0,AP,,
19519,61880,1.0,NA,,
19519,61880,2.0,LA,,
19519,61880,3.0,EMEA,,
19519,61880,4.0,AP,,
19520,61881,1.0,NA,,
19520,61881,2.0,LA,,
19520,61881,3.0,EMEA,,
19520,61881,4.0,AP,,
19521,61882,1.0,NA,,
19521,61882,2.0,LA,,
19521,61882,3.0,EMEA,,
19521,61882,4.0,AP,,
19523,61884,1.0,NA,,
19523,61884,2.0,LA,,
19523,61884,3.0,EMEA,,
19523,61884,4.0,AP,,
19524,61885,1.0,NA,,
19524,61885,2.0,LA,,
19524,61885,3.0,EMEA,,
19524,61885,4.0,AP,,
19580,62495,,,,
19596,62705,,,,
19922,65113,,,,
20012,66226,1.0,NA,,
20012,66226,3.0,EMEA,,
20013,66227,1.0,NA,,
20013,66227,3.0,EMEA,,
20033,66354,,,,
20034,66358,1.0,NA,,
20036,66390,3.0,EMEA,,
20038,66392,3.0,EMEA,23.0,Adapazari
20038,66392,3.0,EMEA,25.0,Izmit
20040,66393,3.0,EMEA,,
20041,66394,3.0,EMEA,,
20042,66395,3.0,EMEA,23.0,Adapazari
20042,66395,3.0,EMEA,25.0,Izmit
20043,66396,3.0,EMEA,23.0,Adapazari
20043,66396,3.0,EMEA,25.0,Izmit
15307,26554,1.0,NA,,
15307,26554,2.0,LA,,
15307,26554,3.0,EMEA,,
15307,26554,4.0,AP,,
15308,26555,1.0,NA,,
15308,26555,2.0,LA,,
15308,26555,3.0,EMEA,,
15308,26555,4.0,AP,,
15362,26822,1.0,NA,,
15362,26822,2.0,LA,,
15362,26822,3.0,EMEA,,
15362,26822,4.0,AP,,
15620,29396,,,,
15644,29562,,,,
15664,29915,1.0,NA,,
15664,29915,2.0,LA,,
15664,29915,3.0,EMEA,,
15664,29915,4.0,AP,,
15840,31471,,,,
15841,31472,,,,
16026,34180,1.0,NA,,
16026,34180,2.0,LA,,
16026,34180,3.0,EMEA,,
16026,34180,4.0,AP,,
16051,34526,1.0,NA,,
16051,34526,2.0,LA,,
16051,34526,3.0,EMEA,,
16461,38465,,,,
16834,41293,,,,
16970,42271,,,,
16972,42273,,,,
17245,43393,,,,
17252,43418,1.0,NA,,
17252,43418,2.0,LA,,
17252,43418,4.0,AP,,
17365,43781,,,,
17599,44499,1.0,NA,,
17599,44499,2.0,LA,,
17599,44499,3.0,EMEA,,
17599,44499,4.0,AP,,
17716,44856,1.0,NA,,
17716,44856,2.0,LA,,
17716,44856,3.0,EMEA,,
17716,44856,4.0,AP,,
17726,44915,1.0,NA,,
17726,44915,2.0,LA,,
17726,44915,3.0,EMEA,,
17726,44915,4.0,AP,,
17731,44920,,,,
17781,45376,,,,
17802,45571,,,,
17803,45572,,,,
17862,45915,,,,
20252,68767,,,,
20253,68768,3.0,EMEA,,
20554,73599,,,,
20555,73600,,,,
20556,73601,,,,
20652,75532,1.0,NA,,
20653,75533,1.0,NA,,
20655,75535,1.0,NA,,
20656,75536,1.0,NA,,
20658,75538,,,,
20659,75539,,,,
20732,76760,1.0,NA,,
20732,76760,2.0,LA,,
20732,76760,3.0,EMEA,,
20760,77180,1.0,NA,,
21074,81848,1.0,NA,,
21075,81849,1.0,NA,,
21236,84138,2.0,LA,,
21239,84141,1.0,NA,,
21241,84143,1.0,NA,,
21242,84249,3.0,EMEA,,
21578,96040,1.0,NA,,
21578,96040,2.0,LA,,
21578,96040,3.0,EMEA,18.0,Debica
21578,96040,4.0,AP,,
21578,96040,1.0,NA,,
21578,96040,2.0,LA,,
21578,96040,3.0,EMEA,21.0,Luxembourg
21578,96040,4.0,AP,,
21578,96040,1.0,NA,,
21578,96040,2.0,LA,,
21578,96040,3.0,EMEA,23.0,Adapazari
21578,96040,4.0,AP,,
21578,96040,1.0,NA,,
21578,96040,2.0,LA,,
21578,96040,3.0,EMEA,24.0,Sava
21578,96040,4.0,AP,,
21578,96040,1.0,NA,,
21578,96040,2.0,LA,,
21578,96040,3.0,EMEA,25.0,Izmit
21578,96040,4.0,AP,,
21578,96040,1.0,NA,,
21578,96040,2.0,LA,,
21578,96040,3.0,EMEA,26.0,Fulda
21578,96040,4.0,AP,,
21578,96040,1.0,NA,,
21578,96040,2.0,LA,,
21578,96040,3.0,EMEA,,
21578,96040,4.0,AP,42.0,Nippon Giant
21578,96040,1.0,NA,,
21578,96040,2.0,LA,,
21578,96040,3.0,EMEA,48.0,Amiens South
21578,96040,4.0,AP,,
21578,96040,1.0,NA,,
21578,96040,2.0,LA,,
21578,96040,3.0,EMEA,49.0,Montlucon
21578,96040,4.0,AP,,
21578,96040,1.0,NA,,
21578,96040,2.0,LA,,
21578,96040,3.0,EMEA,50.0,Hanau
21578,96040,4.0,AP,,
21578,96040,1.0,NA,,
21578,96040,2.0,LA,,
21578,96040,3.0,EMEA,51.0,Wittlich
21578,96040,4.0,AP,,
21578,96040,1.0,NA,,
21578,96040,2.0,LA,,
21578,96040,3.0,EMEA,52.0,Fuerstenwalde
21578,96040,4.0,AP,,
21578,96040,1.0,NA,,
21578,96040,2.0,LA,,
21578,96040,3.0,EMEA,53.0,Riesa
21578,96040,4.0,AP,,
21578,96040,1.0,NA,,
21578,96040,2.0,LA,,
21578,96040,3.0,EMEA,200.0,ICM*L
21578,96040,4.0,AP,,
21931,105127,,,,
21982,106555,1.0,NA,,
22478,115644,1.0,NA,,
22760,119808,1.0,NA,,
22760,119808,2.0,LA,,
22760,119808,3.0,EMEA,,
22760,119808,4.0,AP,,
22941,122858,1.0,NA,,
23148,125691,,,,
23272,127867,,,,
21772,102275,1.0,NA,,
21937,105312,,,,
21938,105313,,,,
21976,106375,1.0,NA,,
21992,106743,1.0,NA,9.0,Medicine Hat
21992,106743,2.0,LA,,
21992,106743,4.0,AP,,
21992,106743,1.0,NA,10.0,Napanee
21992,106743,2.0,LA,,
21992,106743,4.0,AP,,
21992,106743,1.0,NA,11.0,Valleyfield
21992,106743,2.0,LA,,
21992,106743,4.0,AP,,
21992,106743,1.0,NA,58.0,Chem Niagara Falls
21992,106743,2.0,LA,,
21992,106743,4.0,AP,,
21993,106744,,,,
22074,109306,1.0,NA,,
22138,110585,,,,
22211,111399,,,,
22212,111400,,,,
22214,111477,,,,
22218,111579,,,,
22236,111940,1.0,NA,,
22236,111940,2.0,LA,,
22237,111942,1.0,NA,,
22237,111942,2.0,LA,,
22300,112750,,,,
22301,112751,,,,
22306,112908,,,,
22331,113192,,,,
22336,113286,1.0,NA,,
22337,113287,1.0,NA,,
22340,113290,1.0,NA,,
22345,113296,,,,
22372,114064,1.0,NA,,
22380,114234,,,,
22382,114321,1.0,NA,,
22382,114321,2.0,LA,,
22382,114321,3.0,EMEA,,
22382,114321,4.0,AP,,
22430,114915,1.0,NA,,
22430,114915,2.0,LA,,
22432,114918,1.0,NA,,
22432,114918,2.0,LA,,
22433,114920,1.0,NA,,
22433,114920,2.0,LA,,
22434,114921,1.0,NA,,
22434,114921,2.0,LA,,
22446,114948,,,,
20102,66985,3.0,EMEA,,
20103,66986,3.0,EMEA,,
20184,68020,1.0,NA,,
20184,68020,2.0,LA,,
20184,68020,3.0,EMEA,,
20184,68020,4.0,AP,,
20421,71216,1.0,NA,,
20421,71216,2.0,LA,,
20421,71216,3.0,EMEA,,
20421,71216,4.0,AP,,
20540,73397,3.0,EMEA,,
20596,74314,1.0,NA,,
20598,74316,1.0,NA,,
20638,75064,,,,
20869,78470,,,,
20871,78472,,,,
21198,83230,,,,
21325,86416,,,,
21610,97175,1.0,NA,,
21610,97175,2.0,LA,,
21610,97175,3.0,EMEA,,
21610,97175,4.0,AP,,
21929,105034,1.0,NA,,
22066,109298,,,,
22068,109299,,,,
22071,109302,,,,
22358,113720,,,,
22359,113721,1.0,NA,,
22641,118045,1.0,NA,,
22641,118045,2.0,LA,,
22641,118045,3.0,EMEA,23.0,Adapazari
22641,118045,4.0,AP,,
22641,118045,1.0,NA,,
22641,118045,2.0,LA,,
22641,118045,3.0,EMEA,25.0,Izmit
22641,118045,4.0,AP,,
22704,119037,,,,
22937,122767,,,,
23079,125049,,,,
22168,111192,1.0,NA,,
22168,111192,3.0,EMEA,,
22169,111193,1.0,NA,,
22169,111193,3.0,EMEA,,
22179,111203,1.0,NA,,
22180,111204,1.0,NA,,
22225,111744,,,,
22226,111745,1.0,NA,,
22240,112021,1.0,NA,,
22241,112022,1.0,NA,,
22242,112023,1.0,NA,,
22246,112027,1.0,NA,,
22247,112028,1.0,NA,,
22252,112190,,,,
22254,112192,,,,
22256,112194,,,,
22260,112283,,,,
22261,112284,,,,
22262,112286,,,,
22263,112287,,,,
22275,112471,,,,
22277,112473,,,,
22279,112475,,,,
22280,112477,,,,
22282,112482,,,,
22286,112572,,,,
22288,112651,,,,
22308,112913,1.0,NA,,
22320,112925,1.0,NA,,
22320,112925,2.0,LA,,
22320,112925,3.0,EMEA,,
22320,112925,4.0,AP,,
22323,113016,,,,
22328,113189,,,,
22330,113191,,,,
22334,113199,,,,
22335,113200,,,,
20153,67694,1.0,NA,,
20158,67707,1.0,NA,,
20158,67707,2.0,LA,,
20158,67707,3.0,EMEA,,
20158,67707,4.0,AP,,
20216,68357,,,,
20254,68769,1.0,NA,,
20254,68769,2.0,LA,,
20626,74995,,,,
20692,76021,1.0,NA,,
20692,76021,2.0,LA,,
20692,76021,4.0,AP,,
20693,76024,1.0,NA,,
20693,76024,2.0,LA,,
20693,76024,4.0,AP,,
21116,82158,1.0,NA,,
21116,82158,2.0,LA,,
21116,82158,3.0,EMEA,,
21136,82561,4.0,AP,,
21196,83228,,,,
21212,83680,1.0,NA,,
21214,83682,1.0,NA,,
21294,84997,,,,
21583,96243,2.0,LA,,
21583,96243,4.0,AP,40.0,Thailand
21583,96243,2.0,LA,,
21583,96243,4.0,AP,42.0,Nippon Giant
21583,96243,2.0,LA,,
21583,96243,4.0,AP,100.0,Pulandian
21754,101898,1.0,NA,,
21754,101898,2.0,LA,,
21754,101898,3.0,EMEA,,
21754,101898,4.0,AP,,
22040,108840,1.0,NA,,
22102,109985,,,,
22297,112743,,,,
22304,112833,,,,
22392,114559,,,,
22469,115470,1.0,NA,,
22469,115470,2.0,LA,,
22469,115470,3.0,EMEA,,
22469,115470,4.0,AP,,
22476,115478,,,,
22508,116206,,,,
22518,116308,1.0,NA,,
22520,116310,1.0,NA,,
22552,116572,1.0,NA,,
22552,116572,2.0,LA,,
22552,116572,4.0,AP,40.0,Thailand
22552,116572,1.0,NA,,
22552,116572,2.0,LA,,
22552,116572,4.0,AP,42.0,Nippon Giant
22552,116572,1.0,NA,,
22552,116572,2.0,LA,,
22552,116572,4.0,AP,47.0,Indonesia
22558,116804,,,,
22584,117318,4.0,AP,37.0,Malaysia
22584,117318,4.0,AP,40.0,Thailand
22584,117318,4.0,AP,45.0,Ballabgarh
22584,117318,4.0,AP,46.0,Aurangabad
22584,117318,4.0,AP,47.0,Indonesia
22584,117318,4.0,AP,100.0,Pulandian
22607,117606,,,,
22608,117608,1.0,NA,,
22608,117608,2.0,LA,,
22624,117826,1.0,NA,,
22626,117828,1.0,NA,,
22626,117828,2.0,LA,,
22626,117828,3.0,EMEA,,
22626,117828,4.0,AP,,
22670,118488,,,,
22676,118545,,,,
22680,118548,,,,
22719,119209,,,,
22720,119210,,,,
22726,119368,1.0,NA,,
22728,119370,1.0,NA,,
22730,119371,,,,
22735,119375,,,,
22737,119428,,,,
22746,119537,,,,
22752,119663,1.0,NA,,
22752,119663,2.0,LA,,
22752,119663,3.0,EMEA,,
22752,119663,4.0,AP,,
22755,119670,,,,
22758,119806,1.0,NA,,
22758,119806,2.0,LA,,
22758,119806,3.0,EMEA,,
22758,119806,4.0,AP,,
22768,119879,4.0,AP,,
22769,119880,,,,
20350,70153,1.0,NA,,
20350,70153,2.0,LA,,
20350,70153,3.0,EMEA,,
20350,70153,4.0,AP,,
20373,70509,1.0,NA,9.0,Medicine Hat
20373,70509,2.0,LA,,
20373,70509,3.0,EMEA,,
20373,70509,4.0,AP,,
20373,70509,1.0,NA,10.0,Napanee
20373,70509,2.0,LA,,
20373,70509,3.0,EMEA,,
20373,70509,4.0,AP,,
20373,70509,1.0,NA,11.0,Valleyfield
20373,70509,2.0,LA,,
20373,70509,3.0,EMEA,,
20373,70509,4.0,AP,,
20373,70509,1.0,NA,,
20373,70509,2.0,LA,,
20373,70509,3.0,EMEA,18.0,Debica
20373,70509,4.0,AP,,
20373,70509,1.0,NA,,
20373,70509,2.0,LA,,
20373,70509,3.0,EMEA,19.0,Philippsburg
20373,70509,4.0,AP,,
20373,70509,1.0,NA,,
20373,70509,2.0,LA,,
20373,70509,3.0,EMEA,21.0,Luxembourg
20373,70509,4.0,AP,,
20373,70509,1.0,NA,,
20373,70509,2.0,LA,,
20373,70509,3.0,EMEA,23.0,Adapazari
20373,70509,4.0,AP,,
20373,70509,1.0,NA,,
20373,70509,2.0,LA,,
20373,70509,3.0,EMEA,24.0,Sava
20373,70509,4.0,AP,,
20373,70509,1.0,NA,,
20373,70509,2.0,LA,,
20373,70509,3.0,EMEA,25.0,Izmit
20373,70509,4.0,AP,,
20373,70509,1.0,NA,,
20373,70509,2.0,LA,,
20373,70509,3.0,EMEA,26.0,Fulda
20373,70509,4.0,AP,,
20373,70509,1.0,NA,,
20373,70509,2.0,LA,,
20373,70509,3.0,EMEA,28.0,Wolverhampton
20373,70509,4.0,AP,,
20373,70509,1.0,NA,,
20373,70509,2.0,LA,35.0,Peru
20373,70509,3.0,EMEA,,
20373,70509,4.0,AP,,
20373,70509,1.0,NA,,
20373,70509,2.0,LA,,
20373,70509,3.0,EMEA,,
20373,70509,4.0,AP,42.0,Nippon Giant
20373,70509,1.0,NA,,
20373,70509,2.0,LA,,
20373,70509,3.0,EMEA,,
20373,70509,4.0,AP,47.0,Indonesia
20373,70509,1.0,NA,,
20373,70509,2.0,LA,,
20373,70509,3.0,EMEA,48.0,Amiens South
20373,70509,4.0,AP,,
20373,70509,1.0,NA,,
20373,70509,2.0,LA,,
20373,70509,3.0,EMEA,49.0,Montlucon
20373,70509,4.0,AP,,
20373,70509,1.0,NA,,
20373,70509,2.0,LA,,
20373,70509,3.0,EMEA,50.0,Hanau
20373,70509,4.0,AP,,
20373,70509,1.0,NA,,
20373,70509,2.0,LA,,
20373,70509,3.0,EMEA,51.0,Wittlich
20373,70509,4.0,AP,,
20373,70509,1.0,NA,,
20373,70509,2.0,LA,,
20373,70509,3.0,EMEA,52.0,Fuerstenwalde
20373,70509,4.0,AP,,
20373,70509,1.0,NA,,
20373,70509,2.0,LA,,
20373,70509,3.0,EMEA,53.0,Riesa
20373,70509,4.0,AP,,
20373,70509,1.0,NA,,
20373,70509,2.0,LA,,
20373,70509,3.0,EMEA,180.0,Polymer-Technik Elbe GmbH
20373,70509,4.0,AP,,
20373,70509,1.0,NA,,
20373,70509,2.0,LA,,
20373,70509,3.0,EMEA,200.0,ICM*L
20373,70509,4.0,AP,,
20373,70509,1.0,NA,,
20373,70509,2.0,LA,,
20373,70509,3.0,EMEA,220.0,RCCE
20373,70509,4.0,AP,,
20373,70509,1.0,NA,,
20373,70509,2.0,LA,,
20373,70509,3.0,EMEA,260.0,Conbelts Bytom-SAEU
20373,70509,4.0,AP,,
20373,70509,1.0,NA,,
20373,70509,2.0,LA,,
20373,70509,3.0,EMEA,261.0,DRC Kauucuk
20373,70509,4.0,AP,,
20373,70509,1.0,NA,,
20373,70509,2.0,LA,,
20373,70509,3.0,EMEA,262.0,Empresa Industrial de Borracha SA-EIB
20373,70509,4.0,AP,,
20373,70509,1.0,NA,,
20373,70509,2.0,LA,,
20373,70509,3.0,EMEA,263.0,FTT Stomil Wolbrom SA
20373,70509,4.0,AP,,
20373,70509,1.0,NA,,
20373,70509,2.0,LA,,
20373,70509,3.0,EMEA,264.0,Geyer and Hosaja-Zak-ADY Gumowe w Mielcu-Sp. Zo.o
20373,70509,4.0,AP,,
20373,70509,1.0,NA,,
20373,70509,2.0,LA,,
20373,70509,3.0,EMEA,265.0,Hexpol - Berwin
20373,70509,4.0,AP,,
20373,70509,1.0,NA,,
20373,70509,2.0,LA,,
20373,70509,3.0,EMEA,266.0,Kabat Tyre
20373,70509,4.0,AP,,
20373,70509,1.0,NA,,
20373,70509,2.0,LA,,
20373,70509,3.0,EMEA,267.0,Kolsan
20373,70509,4.0,AP,,
20373,70509,1.0,NA,,
20373,70509,2.0,LA,,
20373,70509,3.0,EMEA,268.0,Kraiburg Austria GmbH and Co. KG
20373,70509,4.0,AP,,
20373,70509,1.0,NA,,
20373,70509,2.0,LA,,
20373,70509,3.0,EMEA,269.0,Marangoni S.p.A Rovereto
20373,70509,4.0,AP,,
20373,70509,1.0,NA,,
20373,70509,2.0,LA,,
20373,70509,3.0,EMEA,270.0,Marangoni S.p.A Hamburg
20373,70509,4.0,AP,,
20373,70509,1.0,NA,,
20373,70509,2.0,LA,,
20373,70509,3.0,EMEA,271.0,Matrax s.r.o.
20373,70509,4.0,AP,,
20373,70509,1.0,NA,,
20373,70509,2.0,LA,,
20373,70509,3.0,EMEA,272.0,Multiblend
20373,70509,4.0,AP,,
20373,70509,1.0,NA,,
20373,70509,2.0,LA,,
20373,70509,3.0,EMEA,273.0,Omya Uk Limited-Masterbatches
20373,70509,4.0,AP,,
20373,70509,1.0,NA,,
20373,70509,2.0,LA,,
20373,70509,3.0,EMEA,274.0,Ozka Lastik ve Kaucuk Inc.
20373,70509,4.0,AP,,
20373,70509,1.0,NA,,
20373,70509,2.0,LA,,
20373,70509,3.0,EMEA,275.0,Peintures Robin S.A-Paints /Cements
20373,70509,4.0,AP,,
20373,70509,1.0,NA,,
20373,70509,2.0,LA,,
20373,70509,3.0,EMEA,276.0,Phoenix Compound Technology Hamburg
20373,70509,4.0,AP,,
20373,70509,1.0,NA,,
20373,70509,2.0,LA,,
20373,70509,3.0,EMEA,277.0,Phoenix Compound Technology Waltershausen
20373,70509,4.0,AP,,
20373,70509,1.0,NA,,
20373,70509,2.0,LA,,
20373,70509,3.0,EMEA,279.0,ProPS s.r.o.
20373,70509,4.0,AP,,
20373,70509,1.0,NA,,
20373,70509,2.0,LA,,
20373,70509,3.0,EMEA,280.0,S and N Rubber¿
20373,70509,4.0,AP,,
20373,70509,1.0,NA,,
20373,70509,2.0,LA,,
20373,70509,3.0,EMEA,281.0,Socamont-S.A.
20373,70509,4.0,AP,,
20373,70509,1.0,NA,,
20373,70509,2.0,LA,,
20373,70509,3.0,EMEA,282.0,Stomil Poznan
20373,70509,4.0,AP,,
20373,70509,1.0,NA,,
20373,70509,2.0,LA,,
20373,70509,3.0,EMEA,283.0,Tecnogum
20373,70509,4.0,AP,,
20373,70509,1.0,NA,,
20373,70509,2.0,LA,,
20373,70509,3.0,EMEA,284.0,Vil Kaucuk San.ve Tic. Ltd Sti
20373,70509,4.0,AP,,
20373,70509,1.0,NA,,
20373,70509,2.0,LA,,
20373,70509,3.0,EMEA,285.0,Zaklady Chemiczne BOCHEM Sp. z o.o
20373,70509,4.0,AP,,
20532,73278,4.0,AP,,
20668,75748,1.0,NA,,
20777,77471,,,,
20946,79651,,,,
21201,83314,1.0,NA,,
21382,90226,,,,
21384,90343,,,,
21460,93429,1.0,NA,,
21460,93429,2.0,LA,,
21460,93429,3.0,EMEA,,
21460,93429,4.0,AP,,
21461,93430,1.0,NA,,
21461,93430,2.0,LA,,
21461,93430,3.0,EMEA,,
21461,93430,4.0,AP,,
21476,93793,1.0,NA,,
21476,93793,2.0,LA,,
21476,93793,3.0,EMEA,,
21476,93793,4.0,AP,,
21477,93794,,,,
21478,93795,,,,
21530,94827,1.0,NA,,
21530,94827,2.0,LA,,
21530,94827,3.0,EMEA,,
21536,95077,1.0,NA,,
21536,95077,2.0,LA,,
21536,95077,3.0,EMEA,,
21536,95077,4.0,AP,,
21537,95078,1.0,NA,,
21537,95078,2.0,LA,,
21537,95078,3.0,EMEA,,
21537,95078,4.0,AP,,
21538,95079,1.0,NA,,
21538,95079,2.0,LA,,
21538,95079,3.0,EMEA,,
21538,95079,4.0,AP,,
21539,95080,1.0,NA,,
21539,95080,2.0,LA,,
21539,95080,3.0,EMEA,,
21539,95080,4.0,AP,,
21540,95083,,,,
21541,95084,,,,
21542,95085,,,,
21543,95086,,,,
21872,104218,,,,
22344,113294,,,,
22352,113382,1.0,NA,,
22352,113382,3.0,EMEA,,
22353,113383,1.0,NA,,
22353,113383,3.0,EMEA,,
22362,113723,,,,
22366,113727,,,,
22369,113813,2.0,LA,,
22386,114481,1.0,NA,,
22387,114482,1.0,NA,,
22388,114483,1.0,NA,,
22389,114484,1.0,NA,,
22397,114637,1.0,NA,,
22436,114926,1.0,NA,,
22436,114926,2.0,LA,,
22439,114928,2.0,LA,,
22444,114946,1.0,NA,,
22452,115035,1.0,NA,,
22452,115035,2.0,LA,,
22457,115123,1.0,NA,,
22457,115123,2.0,LA,,
22457,115123,3.0,EMEA,,
22457,115123,4.0,AP,,
22458,115209,1.0,NA,,
22458,115209,2.0,LA,,
22458,115209,3.0,EMEA,,
22458,115209,4.0,AP,,
22466,115389,1.0,NA,,
22466,115389,2.0,LA,,
22468,115468,,,,
22484,115652,1.0,NA,,
22484,115652,2.0,LA,,
22484,115652,3.0,EMEA,23.0,Adapazari
22484,115652,4.0,AP,,
22484,115652,1.0,NA,,
22484,115652,2.0,LA,,
22484,115652,3.0,EMEA,25.0,Izmit
22484,115652,4.0,AP,,
22485,115653,,,,
22486,115739,1.0,NA,,
22494,115841,1.0,NA,,
22512,116302,1.0,NA,,
22515,116305,1.0,NA,,
20104,66987,3.0,EMEA,,
20106,66992,,,,
20137,67283,1.0,NA,,
20137,67283,2.0,LA,,
20137,67283,3.0,EMEA,23.0,Adapazari
20137,67283,4.0,AP,,
20137,67283,1.0,NA,,
20137,67283,2.0,LA,,
20137,67283,3.0,EMEA,25.0,Izmit
20137,67283,4.0,AP,,
20311,69437,1.0,NA,,
20311,69437,2.0,LA,,
20362,70360,1.0,NA,,
20362,70360,2.0,LA,,
20362,70360,3.0,EMEA,,
20362,70360,4.0,AP,,
20533,73279,4.0,AP,,
20534,73280,1.0,NA,,
20534,73280,2.0,LA,,
20534,73280,4.0,AP,,
20535,73281,4.0,AP,,
20536,73282,4.0,AP,,
20726,76686,1.0,NA,9.0,Medicine Hat
20726,76686,1.0,NA,10.0,Napanee
20726,76686,1.0,NA,11.0,Valleyfield
20726,76686,1.0,NA,58.0,Chem Niagara Falls
20726,76686,1.0,NA,240.0,San Luis Potosi
20730,76759,3.0,EMEA,,
20781,77537,,,,
20788,77544,1.0,NA,,
20788,77544,2.0,LA,,
20788,77544,3.0,EMEA,23.0,Adapazari
20788,77544,4.0,AP,,
20788,77544,1.0,NA,,
20788,77544,2.0,LA,,
20788,77544,3.0,EMEA,25.0,Izmit
20788,77544,4.0,AP,,
20788,77544,1.0,NA,,
20788,77544,2.0,LA,,
20788,77544,3.0,EMEA,,
20788,77544,4.0,AP,42.0,Nippon Giant
21106,82001,1.0,NA,,
21114,82143,1.0,NA,,
21114,82143,2.0,LA,,
21114,82143,3.0,EMEA,,
21114,82143,4.0,AP,,
21186,83081,1.0,NA,,
21186,83081,2.0,LA,,
21186,83081,3.0,EMEA,,
21186,83081,4.0,AP,,
21187,83082,1.0,NA,,
21187,83082,2.0,LA,,
21187,83082,3.0,EMEA,,
21187,83082,4.0,AP,,
21188,83083,1.0,NA,,
21188,83083,2.0,LA,,
21188,83083,3.0,EMEA,,
21188,83083,4.0,AP,,
21189,83086,1.0,NA,,
21189,83086,2.0,LA,,
21189,83086,3.0,EMEA,,
21189,83086,4.0,AP,,
21190,83087,1.0,NA,,
21190,83087,2.0,LA,,
21190,83087,3.0,EMEA,,
21190,83087,4.0,AP,,
21346,88678,1.0,NA,,
21346,88678,3.0,EMEA,,
21403,91166,1.0,NA,,
21403,91166,2.0,LA,,
21403,91166,3.0,EMEA,,
21403,91166,4.0,AP,,
21770,102273,1.0,NA,,
21771,102274,1.0,NA,,
21802,102857,,,,
21807,102861,1.0,NA,,
22041,108841,1.0,NA,,
22782,120082,,,,
22790,120313,1.0,NA,,
22790,120313,2.0,LA,,
22790,120313,3.0,EMEA,,
22790,120313,4.0,AP,,
22792,120315,1.0,NA,,
22792,120315,2.0,LA,,
22792,120315,3.0,EMEA,,
22792,120315,4.0,AP,,
22802,120688,1.0,NA,,
22818,121187,1.0,NA,,
22822,121253,,,,
22824,121255,,,,
22840,121651,,,,
22841,121652,,,,
22842,121653,,,,
22877,122168,1.0,NA,,
22878,122173,1.0,NA,,
22881,122176,1.0,NA,,
22882,122177,1.0,NA,,
22883,122178,1.0,NA,,
22884,122179,1.0,NA,,
22885,122180,1.0,NA,,
22886,122181,,,,
22891,122257,1.0,NA,,
22906,122492,4.0,AP,,
22914,122576,,,,
22917,122579,,,,
22938,122768,1.0,NA,,
22938,122768,2.0,LA,,
22938,122768,3.0,EMEA,,
22938,122768,4.0,AP,40.0,Thailand
22938,122768,1.0,NA,,
22938,122768,2.0,LA,,
22938,122768,3.0,EMEA,,
22938,122768,4.0,AP,42.0,Nippon Giant
22938,122768,1.0,NA,,
22938,122768,2.0,LA,,
22938,122768,3.0,EMEA,,
22938,122768,4.0,AP,47.0,Indonesia
22946,122937,1.0,NA,,
22946,122937,2.0,LA,,
22946,122937,4.0,AP,40.0,Thailand
22946,122937,1.0,NA,,
22946,122937,2.0,LA,,
22946,122937,4.0,AP,47.0,Indonesia
22957,123031,,,,
22979,123678,,,,
22980,123683,,,,
22982,123759,1.0,NA,,
22982,123759,2.0,LA,,
22982,123759,3.0,EMEA,,
22982,123759,4.0,AP,,
22983,123760,1.0,NA,,
22983,123760,2.0,LA,,
22983,123760,3.0,EMEA,,
22983,123760,4.0,AP,,
22988,123906,,,,
22990,123990,3.0,EMEA,,
23008,124095,1.0,NA,,
23009,124096,1.0,NA,,
23010,124097,1.0,NA,,
23011,124098,1.0,NA,,
23014,124173,,,,
20196,68148,,,,
20268,68926,,,,
20271,68961,3.0,EMEA,,
20275,68965,1.0,NA,,
20275,68965,2.0,LA,,
20275,68965,3.0,EMEA,,
20275,68965,4.0,AP,,
20368,70368,1.0,NA,,
20368,70368,2.0,LA,,
20370,70439,3.0,EMEA,,
20648,75466,,,,
20708,76311,1.0,NA,,
20878,78746,,,,
20880,78812,3.0,EMEA,,
20888,79051,,,,
20903,79237,,,,
21032,81238,1.0,NA,,
21227,83907,1.0,NA,,
21229,83909,1.0,NA,,
21230,83910,1.0,NA,,
21301,85305,1.0,NA,,
21301,85305,2.0,LA,,
21301,85305,4.0,AP,,
21426,92215,1.0,NA,,
21426,92215,2.0,LA,,
21426,92215,3.0,EMEA,,
21426,92215,4.0,AP,,
21652,98499,1.0,NA,,
21880,104539,,,,
21881,104540,,,,
21940,105410,1.0,NA,,
21940,105410,2.0,LA,,
21940,105410,3.0,EMEA,,
21940,105410,4.0,AP,,
21946,105506,,,,
22076,109405,1.0,NA,,
22076,109405,3.0,EMEA,,
22087,109693,1.0,NA,,
22524,116391,3.0,EMEA,,
22525,116392,1.0,NA,,
22525,116392,2.0,LA,,
22525,116392,3.0,EMEA,,
22525,116392,4.0,AP,,
22546,116563,,,,
22547,116565,,,,
22550,116568,,,,
22565,116811,,,,
22573,117038,,,,
22588,117325,,,,
22597,117534,1.0,NA,,
22598,117535,1.0,NA,,
22636,117961,4.0,AP,,
22662,118372,,,,
22664,118373,,,,
22667,118433,,,,
22668,118434,,,,
22678,118546,1.0,NA,,
22678,118546,2.0,LA,,
22678,118546,3.0,EMEA,,
22678,118546,4.0,AP,,
22688,118716,,,,
22690,118717,,,,
22714,119150,,,,
22716,119204,1.0,NA,,
22716,119204,2.0,LA,,
22717,119205,1.0,NA,1.0,Danville
22717,119205,1.0,NA,3.0,Topeka
22717,119205,1.0,NA,5.0,Fayetteville
22717,119205,1.0,NA,8.0,Lawton
22717,119205,1.0,NA,9.0,Medicine Hat
22717,119205,1.0,NA,11.0,Valleyfield
22717,119205,1.0,NA,13.0,Social Circle
22717,119205,1.0,NA,14.0,ICM*A
22717,119205,1.0,NA,32.0,Chile
22717,119205,1.0,NA,55.0,Chem Bayport
22717,119205,1.0,NA,56.0,Chem Beaumont
22717,119205,1.0,NA,57.0,Chem Houston
22717,119205,1.0,NA,58.0,Chem Niagara Falls
22717,119205,1.0,NA,120.0,NA-LA-AP Except AIRCRAFT
22717,119205,1.0,NA,140.0,Other
22717,119205,1.0,NA,240.0,San Luis Potosi
22717,119205,1.0,NA,300.0,Kingman
22717,119205,1.0,NA,301.0,Stockbridge
22718,119207,1.0,NA,,
22718,119207,2.0,LA,,
22721,119211,,,,
22722,119309,1.0,NA,,
22722,119309,2.0,LA,,
22722,119309,3.0,EMEA,,
22722,119309,4.0,AP,,
22724,119311,,,,
20140,67406,1.0,NA,,
20140,67406,2.0,LA,,
20181,67977,,,,
20182,67978,,,,
20214,68354,,,,
20217,68360,1.0,NA,,
20217,68360,2.0,LA,,
20217,68360,3.0,EMEA,,
20217,68360,4.0,AP,,
20334,69662,3.0,EMEA,,
20342,69812,,,,
20412,71138,1.0,NA,,
20414,71139,1.0,NA,,
20415,71140,1.0,NA,,
20660,75540,,,,
20770,77394,,,,
20771,77395,,,,
20772,77396,,,,
20776,77470,,,,
21002,80640,,,,
21218,83756,1.0,NA,,
21218,83756,2.0,LA,,
21218,83756,3.0,EMEA,,
21218,83756,4.0,AP,,
21386,90454,4.0,AP,,
21494,94546,1.0,NA,9.0,Medicine Hat
21494,94546,2.0,LA,,
21494,94546,3.0,EMEA,,
21494,94546,4.0,AP,,
21494,94546,1.0,NA,10.0,Napanee
21494,94546,2.0,LA,,
21494,94546,3.0,EMEA,,
21494,94546,4.0,AP,,
21494,94546,1.0,NA,11.0,Valleyfield
21494,94546,2.0,LA,,
21494,94546,3.0,EMEA,,
21494,94546,4.0,AP,,
21494,94546,1.0,NA,,
21494,94546,2.0,LA,,
21494,94546,3.0,EMEA,,
21494,94546,4.0,AP,42.0,Nippon Giant
21496,94672,3.0,EMEA,,
21517,94813,1.0,NA,,
21517,94813,2.0,LA,,
21517,94813,3.0,EMEA,,
21517,94813,4.0,AP,42.0,Nippon Giant
21576,96039,,,,
21814,103059,,,,
22013,107125,,,,
22014,107126,,,,
22016,107128,,,,
23042,124538,,,,
23048,124734,1.0,NA,,
23048,124734,2.0,LA,,
23048,124734,3.0,EMEA,,
23048,124734,4.0,AP,,
23060,124749,1.0,NA,,
23060,124749,2.0,LA,,
23060,124749,3.0,EMEA,,
23060,124749,4.0,AP,,
23065,124754,1.0,NA,,
23065,124754,2.0,LA,,
23065,124754,3.0,EMEA,,
23065,124754,4.0,AP,,
23068,124757,1.0,NA,,
23068,124757,2.0,LA,,
23068,124757,3.0,EMEA,,
23068,124757,4.0,AP,,
23076,124976,4.0,AP,,
23106,125329,,,,
23108,125330,,,,
23111,125333,1.0,NA,,
23111,125333,2.0,LA,,
23111,125333,3.0,EMEA,,
23111,125333,4.0,AP,,
23112,125394,,,,
23113,125395,1.0,NA,,
23113,125395,2.0,LA,,
23113,125395,3.0,EMEA,,
23113,125395,4.0,AP,,
23121,125464,,,,
23122,125471,,,,
23123,125472,,,,
23146,125689,1.0,NA,,
23146,125689,2.0,LA,,
23146,125689,3.0,EMEA,,
23146,125689,4.0,AP,,
23147,125690,1.0,NA,,
23147,125690,2.0,LA,,
23147,125690,3.0,EMEA,,
23147,125690,4.0,AP,,
23154,126032,,,,
23155,126033,,,,
23160,126102,1.0,NA,,
23160,126102,2.0,LA,,
23160,126102,3.0,EMEA,,
23160,126102,4.0,AP,,
23162,126103,1.0,NA,,
23162,126103,3.0,EMEA,,
23163,126104,1.0,NA,,
23163,126104,3.0,EMEA,,
23164,126105,1.0,NA,,
23165,126106,1.0,NA,,
23166,126107,1.0,NA,,
23166,126107,3.0,EMEA,,
23167,126108,1.0,NA,,
23167,126108,3.0,EMEA,,
23168,126109,1.0,NA,,
23168,126109,3.0,EMEA,,
23169,126110,1.0,NA,,
23169,126110,3.0,EMEA,,
23170,126174,,,,
20290,69171,1.0,NA,,
20290,69171,2.0,LA,,
20290,69171,3.0,EMEA,,
20290,69171,4.0,AP,,
20291,69172,1.0,NA,,
20291,69172,2.0,LA,,
20291,69172,3.0,EMEA,,
20291,69172,4.0,AP,,
20508,72962,1.0,NA,,
20508,72962,2.0,LA,,
20508,72962,3.0,EMEA,,
20508,72962,4.0,AP,,
20761,77181,,,,
20906,79240,,,,
21039,81366,,,,
21167,82789,1.0,NA,,
21167,82789,2.0,LA,,
21169,82791,1.0,NA,,
21169,82791,2.0,LA,,
21170,82792,1.0,NA,,
21170,82792,2.0,LA,,
21171,82793,1.0,NA,,
21171,82793,2.0,LA,,
21213,83681,1.0,NA,,
21267,84766,1.0,NA,,
21269,84768,1.0,NA,,
21269,84768,2.0,LA,,
21269,84768,3.0,EMEA,,
21269,84768,4.0,AP,,
21270,84769,1.0,NA,,
21270,84769,2.0,LA,,
21270,84769,3.0,EMEA,,
21270,84769,4.0,AP,,
21482,94158,,,,
21521,94817,1.0,NA,,
21521,94817,2.0,LA,,
21521,94817,3.0,EMEA,,
21521,94817,4.0,AP,42.0,Nippon Giant
21566,95489,,,,
21684,100138,1.0,NA,,
21684,100138,2.0,LA,,
21684,100138,3.0,EMEA,,
21684,100138,4.0,AP,,
21685,100139,1.0,NA,,
21685,100139,2.0,LA,,
21685,100139,3.0,EMEA,,
21685,100139,4.0,AP,,
21686,100140,1.0,NA,,
21686,100140,2.0,LA,,
21686,100140,3.0,EMEA,,
21686,100140,4.0,AP,,
22125,110335,1.0,NA,,
22125,110335,2.0,LA,,
22127,110337,1.0,NA,,
22127,110337,2.0,LA,,
22129,110339,1.0,NA,,
22129,110339,2.0,LA,,
22131,110341,1.0,NA,,
22131,110341,2.0,LA,,
22183,111208,,,,
22224,111743,,,,
22251,112189,,,,
22258,112196,,,,
22309,112914,1.0,NA,,
22732,119372,,,,
22733,119373,,,,
22734,119374,1.0,NA,,
22734,119374,2.0,LA,,
22734,119374,3.0,EMEA,,
22734,119374,4.0,AP,,
22743,119535,,,,
22764,119874,,,,
22770,119886,,,,
22772,119890,,,,
22784,120137,3.0,EMEA,23.0,Adapazari
22784,120137,4.0,AP,,
22784,120137,3.0,EMEA,25.0,Izmit
22784,120137,4.0,AP,,
22794,120371,1.0,NA,,
22798,120435,1.0,NA,,
22798,120435,2.0,LA,,
22798,120435,3.0,EMEA,,
22798,120435,4.0,AP,,
22799,120436,1.0,NA,,
22799,120436,2.0,LA,,
22799,120436,3.0,EMEA,,
22799,120436,4.0,AP,,
22800,120557,,,,
22806,120856,3.0,EMEA,,
22806,120856,4.0,AP,,
22807,120857,3.0,EMEA,,
22807,120857,4.0,AP,,
22808,120911,1.0,NA,,
22808,120911,2.0,LA,,
22808,120911,3.0,EMEA,,
22808,120911,4.0,AP,,
22819,121189,,,,
22825,121256,,,,
22831,121329,1.0,NA,,
22833,121331,1.0,NA,,
22834,121332,1.0,NA,,
22845,121656,1.0,NA,,
22854,121932,,,,
22855,121933,1.0,NA,,
22855,121933,2.0,LA,,
22855,121933,3.0,EMEA,,
22855,121933,4.0,AP,,
20152,67693,1.0,NA,,
20154,67695,1.0,NA,,
20155,67696,1.0,NA,,
20156,67698,1.0,NA,,
20390,70719,3.0,EMEA,,
20446,71592,1.0,NA,,
20446,71592,2.0,LA,,
20446,71592,3.0,EMEA,,
20446,71592,4.0,AP,,
20807,78040,1.0,NA,,
20807,78040,2.0,LA,,
20807,78040,3.0,EMEA,,
20807,78040,4.0,AP,,
20811,78170,1.0,NA,,
20811,78170,3.0,EMEA,,
21059,81721,1.0,NA,,
21059,81721,2.0,LA,,
21059,81721,3.0,EMEA,,
21059,81721,4.0,AP,,
21060,81722,1.0,NA,,
21060,81722,2.0,LA,,
21060,81722,3.0,EMEA,,
21060,81722,4.0,AP,,
21180,82939,,,,
21372,89891,,,,
21376,90115,,,,
21377,90116,,,,
21378,90117,,,,
21380,90118,,,,
21449,93285,1.0,NA,,
21706,100788,1.0,NA,,
21706,100788,2.0,LA,,
21706,100788,4.0,AP,,
21707,100789,,,,
21714,101291,,,,
21715,101292,,,,
21716,101293,,,,
21717,101294,,,,
21727,101308,1.0,NA,,
21727,101308,2.0,LA,,
21727,101308,3.0,EMEA,,
21727,101308,4.0,AP,,
22017,107129,,,,
22042,108842,1.0,NA,,
22043,108844,1.0,NA,,
22044,108845,1.0,NA,,
22104,110065,1.0,NA,,
22158,110860,,,,
22268,112457,1.0,NA,,
22268,112457,2.0,LA,,
22268,112457,3.0,EMEA,,
22268,112457,4.0,AP,,
22284,112568,3.0,EMEA,,
23181,126255,1.0,NA,,
23181,126255,2.0,LA,,
23181,126255,3.0,EMEA,,
23181,126255,4.0,AP,,
23188,126326,1.0,NA,,
23190,126380,1.0,NA,,
23190,126380,2.0,LA,,
23190,126380,3.0,EMEA,,
23190,126380,4.0,AP,,
23192,126381,,,,
23193,126382,1.0,NA,,
23193,126382,2.0,LA,,
23193,126382,4.0,AP,,
23201,126446,1.0,NA,,
23202,126447,1.0,NA,,
23218,126462,,,,
23219,126463,,,,
23220,126464,,,,
23230,126596,,,,
23232,126652,,,,
23240,126775,,,,
23241,126776,,,,
23242,126777,,,,
23243,126778,,,,
23244,126779,,,,
23254,126973,,,,
23255,126974,,,,
23266,127802,,,,
23275,127871,,,,
20101,66916,1.0,NA,,
20480,72572,1.0,NA,,
20480,72572,2.0,LA,,
20480,72572,3.0,EMEA,,
20480,72572,4.0,AP,,
20566,73939,1.0,NA,,
20566,73939,2.0,LA,,
20566,73939,3.0,EMEA,,
20566,73939,4.0,AP,,
20567,73940,1.0,NA,,
20567,73940,2.0,LA,,
20567,73940,3.0,EMEA,,
20567,73940,4.0,AP,,
20569,73954,1.0,NA,,
20570,73955,1.0,NA,,
20571,73956,1.0,NA,,
20572,73957,1.0,NA,,
20573,73958,1.0,NA,,
20574,73959,1.0,NA,,
20644,75134,,,,
20676,75871,,,,
20677,75872,,,,
20678,75873,,,,
20914,79363,,,,
21090,81930,1.0,NA,,
21092,81933,1.0,NA,,
21093,81934,1.0,NA,,
21096,81937,1.0,NA,,
21097,81938,1.0,NA,,
21098,81939,1.0,NA,,
21099,81940,1.0,NA,,
21101,81943,1.0,NA,,
21216,83683,,,,
21222,83839,1.0,NA,,
21222,83839,2.0,LA,,
21222,83839,4.0,AP,,
21223,83840,,,,
21654,98500,1.0,NA,,
21654,98500,2.0,LA,,
21654,98500,3.0,EMEA,,
21654,98500,4.0,AP,,
21655,98501,1.0,NA,,
21655,98501,2.0,LA,,
21655,98501,3.0,EMEA,,
21655,98501,4.0,AP,,
21656,98502,1.0,NA,,
21656,98502,2.0,LA,,
21656,98502,3.0,EMEA,,
21656,98502,4.0,AP,,
21657,98503,1.0,NA,,
21657,98503,2.0,LA,,
21657,98503,3.0,EMEA,,
21657,98503,4.0,AP,,
21658,98504,1.0,NA,,
21658,98504,2.0,LA,,
21658,98504,3.0,EMEA,,
21658,98504,4.0,AP,,
21660,98505,1.0,NA,,
21660,98505,2.0,LA,,
21660,98505,3.0,EMEA,,
21660,98505,4.0,AP,,
21688,100300,,,,
22856,121934,1.0,NA,,
22856,121934,2.0,LA,,
22856,121934,3.0,EMEA,,
22856,121934,4.0,AP,,
22858,121936,1.0,NA,,
22858,121936,2.0,LA,,
22858,121936,3.0,EMEA,,
22858,121936,4.0,AP,,
22860,121941,4.0,AP,,
22861,121942,1.0,NA,,
22866,121947,1.0,NA,,
22872,122093,1.0,NA,,
22874,122095,1.0,NA,,
22890,122256,1.0,NA,,
22894,122335,,,,
22896,122412,1.0,NA,,
22896,122412,2.0,LA,,
22896,122412,3.0,EMEA,,
22896,122412,4.0,AP,40.0,Thailand
22896,122412,1.0,NA,,
22896,122412,2.0,LA,,
22896,122412,3.0,EMEA,,
22896,122412,4.0,AP,42.0,Nippon Giant
22896,122412,1.0,NA,,
22896,122412,2.0,LA,,
22896,122412,3.0,EMEA,,
22896,122412,4.0,AP,47.0,Indonesia
22902,122419,,,,
22919,122677,1.0,NA,,
22921,122679,1.0,NA,,
22922,122680,1.0,NA,,
22924,122682,1.0,NA,,
22925,122683,1.0,NA,,
22928,122686,1.0,NA,,
22930,122688,1.0,NA,,
22932,122690,1.0,NA,,
22934,122692,1.0,NA,,
22950,123025,,,,
22967,123188,,,,
22974,123431,,,,
22978,123677,,,,
23034,124327,,,,
23040,124472,2.0,LA,,
23044,124541,1.0,NA,,
23044,124541,3.0,EMEA,,
23072,124827,2.0,LA,,
23072,124827,4.0,AP,,
23074,124829,1.0,NA,,
23088,125189,1.0,NA,,
23088,125189,2.0,LA,,
23088,125189,3.0,EMEA,,
23088,125189,4.0,AP,,
23089,125190,1.0,NA,,
23089,125190,3.0,EMEA,,
23094,125196,,,,
23095,125197,1.0,NA,,
23095,125197,2.0,LA,,
23095,125197,3.0,EMEA,23.0,Adapazari
23095,125197,4.0,AP,,
23095,125197,1.0,NA,,
23095,125197,2.0,LA,,
23095,125197,3.0,EMEA,25.0,Izmit
23095,125197,4.0,AP,,
20191,68134,1.0,NA,,
20193,68136,1.0,NA,,
20194,68137,1.0,NA,,
20515,73026,,,,
20768,77324,,,,
21034,81290,1.0,NA,,
21034,81290,2.0,LA,,
21034,81290,3.0,EMEA,,
21034,81290,4.0,AP,,
21035,81291,1.0,NA,,
21035,81291,2.0,LA,,
21035,81291,3.0,EMEA,,
21035,81291,4.0,AP,,
21036,81292,1.0,NA,,
21036,81292,2.0,LA,,
21036,81292,3.0,EMEA,,
21036,81292,4.0,AP,,
21037,81293,1.0,NA,,
21037,81293,2.0,LA,,
21037,81293,3.0,EMEA,,
21037,81293,4.0,AP,,
21311,85710,,,,
21666,99450,,,,
21669,99614,1.0,NA,,
21930,105126,,,,
22053,109029,1.0,NA,,
22053,109029,2.0,LA,,
22053,109029,3.0,EMEA,,
22053,109029,4.0,AP,,
22054,109122,1.0,NA,,
22054,109122,3.0,EMEA,,
22055,109123,1.0,NA,,
22055,109123,3.0,EMEA,,
22142,110677,,,,
22144,110681,,,,
22314,112919,,,,
22348,113378,1.0,NA,,
22470,115471,1.0,NA,,
22470,115471,2.0,LA,,
22470,115471,3.0,EMEA,,
22470,115471,4.0,AP,,
22475,115477,,,,
22502,116119,,,,
22539,116407,1.0,NA,,
22557,116803,1.0,NA,9.0,Medicine Hat
22557,116803,1.0,NA,10.0,Napanee
22557,116803,1.0,NA,11.0,Valleyfield
22557,116803,1.0,NA,58.0,Chem Niagara Falls
22562,116808,,,,
22692,118814,3.0,EMEA,23.0,Adapazari
22692,118814,3.0,EMEA,25.0,Izmit
22692,118814,3.0,EMEA,27.0,South Africa
22705,119038,1.0,NA,,
23276,127872,,,,
23277,127873,,,,
23292,127998,,,,
23294,128056,1.0,NA,,
23294,128056,2.0,LA,,
23294,128056,3.0,EMEA,,
23294,128056,4.0,AP,,
23297,128060,1.0,NA,,
23300,128064,1.0,NA,,
23300,128064,2.0,LA,,
23300,128064,3.0,EMEA,23.0,Adapazari
23300,128064,4.0,AP,,
23300,128064,1.0,NA,,
23300,128064,2.0,LA,,
23300,128064,3.0,EMEA,25.0,Izmit
23300,128064,4.0,AP,,
23300,128064,1.0,NA,,
23300,128064,2.0,LA,,
23300,128064,3.0,EMEA,,
23300,128064,4.0,AP,42.0,Nippon Giant
23304,128197,,,,
23317,128375,,,,
23322,128380,1.0,NA,,
23322,128380,2.0,LA,,
23322,128380,3.0,EMEA,,
23322,128380,4.0,AP,,
23327,128388,1.0,NA,,
23327,128388,2.0,LA,,
23327,128388,3.0,EMEA,,
23327,128388,4.0,AP,,
23332,128399,,,,
23335,128402,,,,
23340,128460,1.0,NA,,
23340,128460,2.0,LA,,
23340,128460,3.0,EMEA,23.0,Adapazari
23340,128460,4.0,AP,,
23340,128460,1.0,NA,,
23340,128460,2.0,LA,,
23340,128460,3.0,EMEA,25.0,Izmit
23340,128460,4.0,AP,,
23351,128519,,,,
23366,128690,4.0,AP,,
23436,129413,,,,
23658,130927,,,,
23780,132428,1.0,NA,,
23781,132429,1.0,NA,,
20128,67160,1.0,NA,,
20128,67160,2.0,LA,,
20128,67160,3.0,EMEA,,
20128,67160,4.0,AP,,
20130,67161,1.0,NA,,
20130,67161,2.0,LA,,
20130,67161,3.0,EMEA,,
20130,67161,4.0,AP,,
20234,68563,1.0,NA,,
20234,68563,2.0,LA,,
20234,68563,4.0,AP,,
20235,68564,1.0,NA,9.0,Medicine Hat
20235,68564,2.0,LA,,
20235,68564,3.0,EMEA,,
20235,68564,4.0,AP,,
20235,68564,1.0,NA,10.0,Napanee
20235,68564,2.0,LA,,
20235,68564,3.0,EMEA,,
20235,68564,4.0,AP,,
20235,68564,1.0,NA,11.0,Valleyfield
20235,68564,2.0,LA,,
20235,68564,3.0,EMEA,,
20235,68564,4.0,AP,,
20235,68564,1.0,NA,,
20235,68564,2.0,LA,,
20235,68564,3.0,EMEA,,
20235,68564,4.0,AP,42.0,Nippon Giant
20235,68564,1.0,NA,58.0,Chem Niagara Falls
20235,68564,2.0,LA,,
20235,68564,3.0,EMEA,,
20235,68564,4.0,AP,,
20236,68566,1.0,NA,,
20236,68566,2.0,LA,,
20236,68566,3.0,EMEA,23.0,Adapazari
20236,68566,4.0,AP,,
20236,68566,1.0,NA,,
20236,68566,2.0,LA,,
20236,68566,3.0,EMEA,25.0,Izmit
20236,68566,4.0,AP,,
20332,69586,1.0,NA,,
20332,69586,2.0,LA,,
20332,69586,3.0,EMEA,,
20332,69586,4.0,AP,,
20333,69587,1.0,NA,,
20333,69587,2.0,LA,,
20333,69587,3.0,EMEA,,
20333,69587,4.0,AP,,
20651,75469,1.0,NA,,
20670,75752,1.0,NA,,
20670,75752,2.0,LA,,
20670,75752,3.0,EMEA,,
20670,75752,4.0,AP,,
20671,75753,1.0,NA,,
20671,75753,2.0,LA,,
20671,75753,3.0,EMEA,,
20671,75753,4.0,AP,,
20672,75810,1.0,NA,,
20707,76306,4.0,AP,,
20722,76682,1.0,NA,9.0,Medicine Hat
20722,76682,2.0,LA,,
20722,76682,3.0,EMEA,,
20722,76682,4.0,AP,,
20722,76682,1.0,NA,10.0,Napanee
20722,76682,2.0,LA,,
20722,76682,3.0,EMEA,,
20722,76682,4.0,AP,,
20722,76682,1.0,NA,,
20722,76682,2.0,LA,,
20722,76682,3.0,EMEA,23.0,Adapazari
20722,76682,4.0,AP,,
20722,76682,1.0,NA,,
20722,76682,2.0,LA,,
20722,76682,3.0,EMEA,25.0,Izmit
20722,76682,4.0,AP,,
20722,76682,1.0,NA,,
20722,76682,2.0,LA,,
20722,76682,3.0,EMEA,,
20722,76682,4.0,AP,40.0,Thailand
20722,76682,1.0,NA,,
20722,76682,2.0,LA,,
20722,76682,3.0,EMEA,,
20722,76682,4.0,AP,42.0,Nippon Giant
20722,76682,1.0,NA,,
20722,76682,2.0,LA,,
20722,76682,3.0,EMEA,,
20722,76682,4.0,AP,47.0,Indonesia
20722,76682,1.0,NA,,
20722,76682,2.0,LA,,
20722,76682,3.0,EMEA,269.0,Marangoni S.p.A Rovereto
20722,76682,4.0,AP,,
20722,76682,1.0,NA,,
20722,76682,2.0,LA,,
20722,76682,3.0,EMEA,270.0,Marangoni S.p.A Hamburg
20722,76682,4.0,AP,,
20722,76682,1.0,NA,,
20722,76682,2.0,LA,,
20722,76682,3.0,EMEA,273.0,Omya Uk Limited-Masterbatches
20722,76682,4.0,AP,,
20722,76682,1.0,NA,,
20722,76682,2.0,LA,,
20722,76682,3.0,EMEA,346.0,Melksham
20722,76682,4.0,AP,,
20722,76682,1.0,NA,,
20722,76682,2.0,LA,,
20722,76682,3.0,EMEA,360.0,Krusevac
20722,76682,4.0,AP,,
20723,76683,1.0,NA,9.0,Medicine Hat
20723,76683,2.0,LA,,
20723,76683,3.0,EMEA,,
20723,76683,4.0,AP,,
20723,76683,1.0,NA,10.0,Napanee
20723,76683,2.0,LA,,
20723,76683,3.0,EMEA,,
20723,76683,4.0,AP,,
20723,76683,1.0,NA,11.0,Valleyfield
20723,76683,2.0,LA,,
20723,76683,3.0,EMEA,,
20723,76683,4.0,AP,,
20723,76683,1.0,NA,,
20723,76683,2.0,LA,,
20723,76683,3.0,EMEA,,
20723,76683,4.0,AP,42.0,Nippon Giant
20723,76683,1.0,NA,,
20723,76683,2.0,LA,,
20723,76683,3.0,EMEA,,
20723,76683,4.0,AP,47.0,Indonesia
20723,76683,1.0,NA,58.0,Chem Niagara Falls
20723,76683,2.0,LA,,
20723,76683,3.0,EMEA,,
20723,76683,4.0,AP,,
20724,76684,1.0,NA,9.0,Medicine Hat
20724,76684,2.0,LA,,
20724,76684,3.0,EMEA,,
20724,76684,4.0,AP,,
20724,76684,1.0,NA,10.0,Napanee
20724,76684,2.0,LA,,
20724,76684,3.0,EMEA,,
20724,76684,4.0,AP,,
20724,76684,1.0,NA,11.0,Valleyfield
20724,76684,2.0,LA,,
20724,76684,3.0,EMEA,,
20724,76684,4.0,AP,,
20724,76684,1.0,NA,,
20724,76684,2.0,LA,,
20724,76684,3.0,EMEA,23.0,Adapazari
20724,76684,4.0,AP,,
20724,76684,1.0,NA,,
20724,76684,2.0,LA,,
20724,76684,3.0,EMEA,25.0,Izmit
20724,76684,4.0,AP,,
20724,76684,1.0,NA,,
20724,76684,2.0,LA,,
20724,76684,3.0,EMEA,,
20724,76684,4.0,AP,42.0,Nippon Giant
20724,76684,1.0,NA,,
20724,76684,2.0,LA,,
20724,76684,3.0,EMEA,,
20724,76684,4.0,AP,47.0,Indonesia
20724,76684,1.0,NA,58.0,Chem Niagara Falls
20724,76684,2.0,LA,,
20724,76684,3.0,EMEA,,
20724,76684,4.0,AP,,
20725,76685,1.0,NA,9.0,Medicine Hat
20725,76685,2.0,LA,,
20725,76685,3.0,EMEA,,
20725,76685,4.0,AP,,
20725,76685,1.0,NA,10.0,Napanee
20725,76685,2.0,LA,,
20725,76685,3.0,EMEA,,
20725,76685,4.0,AP,,
20725,76685,1.0,NA,11.0,Valleyfield
20725,76685,2.0,LA,,
20725,76685,3.0,EMEA,,
20725,76685,4.0,AP,,
20725,76685,1.0,NA,,
20725,76685,2.0,LA,,
20725,76685,3.0,EMEA,,
20725,76685,4.0,AP,42.0,Nippon Giant
20725,76685,1.0,NA,,
20725,76685,2.0,LA,,
20725,76685,3.0,EMEA,,
20725,76685,4.0,AP,47.0,Indonesia
20725,76685,1.0,NA,58.0,Chem Niagara Falls
20725,76685,2.0,LA,,
20725,76685,3.0,EMEA,,
20725,76685,4.0,AP,,
20745,76951,,,,
20814,78176,,,,
20816,78178,,,,
20819,78181,,,,
20823,78185,,,,
20824,78186,,,,
20826,78189,1.0,NA,,
20910,79296,,,,
20911,79297,,,,
23104,125321,1.0,NA,,
23104,125321,2.0,LA,,
23104,125321,3.0,EMEA,,
23104,125321,4.0,AP,40.0,Thailand
23104,125321,1.0,NA,,
23104,125321,2.0,LA,,
23104,125321,3.0,EMEA,,
23104,125321,4.0,AP,42.0,Nippon Giant
23104,125321,1.0,NA,,
23104,125321,2.0,LA,,
23104,125321,3.0,EMEA,,
23104,125321,4.0,AP,47.0,Indonesia
23116,125398,,,,
23124,125534,1.0,NA,,
23124,125534,2.0,LA,,
23124,125534,3.0,EMEA,,
23124,125534,4.0,AP,,
23126,125540,,,,
23127,125541,,,,
23135,125611,1.0,NA,,
23142,125624,,,,
23152,126030,,,,
23158,126100,,,,
23175,126249,1.0,NA,,
23176,126250,1.0,NA,,
23177,126251,1.0,NA,,
23178,126252,1.0,NA,,
23179,126253,1.0,NA,,
23180,126254,1.0,NA,,
23182,126256,,,,
23198,126388,,,,
23200,126445,,,,
23208,126453,1.0,NA,,
23209,126454,1.0,NA,,
23210,126455,1.0,NA,,
23212,126457,1.0,NA,,
23213,126458,1.0,NA,,
23214,126459,1.0,NA,,
23215,126460,1.0,NA,,
23216,126461,1.0,NA,,
23222,126528,,,,
23223,126529,,,,
23224,126530,,,,
23233,126653,,,,
23234,126710,1.0,NA,,
20164,67800,1.0,NA,,
20231,68549,1.0,NA,,
20277,68998,1.0,NA,,
20277,68998,2.0,LA,,
20277,68998,3.0,EMEA,,
20277,68998,4.0,AP,,
20278,68999,1.0,NA,,
20278,68999,2.0,LA,,
20278,68999,3.0,EMEA,,
20278,68999,4.0,AP,,
20279,69000,,,,
20476,72364,2.0,LA,,
20558,73665,3.0,EMEA,,
20558,73665,4.0,AP,,
20584,74102,,,,
20586,74103,1.0,NA,,
20586,74103,2.0,LA,,
20586,74103,3.0,EMEA,23.0,Adapazari
20586,74103,4.0,AP,,
20586,74103,1.0,NA,,
20586,74103,2.0,LA,,
20586,74103,3.0,EMEA,25.0,Izmit
20586,74103,4.0,AP,,
20586,74103,1.0,NA,,
20586,74103,2.0,LA,,
20586,74103,3.0,EMEA,,
20586,74103,4.0,AP,40.0,Thailand
20586,74103,1.0,NA,,
20586,74103,2.0,LA,,
20586,74103,3.0,EMEA,,
20586,74103,4.0,AP,47.0,Indonesia
20588,74168,1.0,NA,,
20588,74168,2.0,LA,,
20588,74168,3.0,EMEA,,
20588,74168,4.0,AP,,
20589,74169,1.0,NA,,
20589,74169,2.0,LA,,
20589,74169,3.0,EMEA,,
20589,74169,4.0,AP,,
20590,74170,1.0,NA,,
20590,74170,2.0,LA,,
20590,74170,3.0,EMEA,,
20590,74170,4.0,AP,,
20591,74171,1.0,NA,,
20591,74171,2.0,LA,,
20591,74171,3.0,EMEA,,
20591,74171,4.0,AP,,
20744,76949,,,,
20894,79118,,,,
20948,79849,,,,
20950,79852,,,,
20984,80264,1.0,NA,,
20984,80264,2.0,LA,,
20984,80264,3.0,EMEA,,
20984,80264,4.0,AP,,
21109,82065,3.0,EMEA,,
21306,85606,,,,
21307,85607,,,,
21580,96177,,,,
21840,103591,1.0,NA,,
21988,106649,2.0,LA,31.0,Sao Paulo
21988,106649,2.0,LA,33.0,Colombia
21988,106649,2.0,LA,35.0,Peru
21989,106650,2.0,LA,,
21991,106652,2.0,LA,31.0,Sao Paulo
21991,106652,2.0,LA,33.0,Colombia
21991,106652,2.0,LA,35.0,Peru
22078,109495,1.0,NA,,
23367,128691,1.0,NA,,
23367,128691,2.0,LA,,
23367,128691,3.0,EMEA,,
23367,128691,4.0,AP,,
23396,128870,1.0,NA,,
23396,128870,2.0,LA,,
23396,128870,3.0,EMEA,,
23396,128870,4.0,AP,,
23398,128923,1.0,NA,,
23398,128923,2.0,LA,,
23398,128923,3.0,EMEA,,
23398,128923,4.0,AP,,
23423,129348,1.0,NA,,
23423,129348,2.0,LA,,
23423,129348,4.0,AP,,
23424,129349,1.0,NA,9.0,Medicine Hat
23424,129349,2.0,LA,,
23424,129349,4.0,AP,,
23424,129349,1.0,NA,10.0,Napanee
23424,129349,2.0,LA,,
23424,129349,4.0,AP,,
23424,129349,1.0,NA,11.0,Valleyfield
23424,129349,2.0,LA,,
23424,129349,4.0,AP,,
23508,130067,,,,
23602,130505,1.0,NA,,
23602,130505,2.0,LA,,
23602,130505,3.0,EMEA,346.0,Melksham
23602,130505,4.0,AP,,
23641,130788,,,,
23642,130790,1.0,NA,,
23642,130790,2.0,LA,,
23642,130790,4.0,AP,,
23644,130834,1.0,NA,,
23644,130834,2.0,LA,,
23644,130834,3.0,EMEA,,
23644,130834,4.0,AP,,
23692,131292,,,,
23754,132094,1.0,NA,,
23755,132095,1.0,NA,,
23756,132096,1.0,NA,,
23871,133363,,,,
20203,68264,,,,
20204,68273,2.0,LA,,
20441,71584,1.0,NA,,
20441,71584,2.0,LA,,
20441,71584,3.0,EMEA,,
20441,71584,4.0,AP,,
20458,72001,1.0,NA,,
20458,72001,2.0,LA,,
20458,72001,3.0,EMEA,23.0,Adapazari
20458,72001,4.0,AP,,
20458,72001,1.0,NA,,
20458,72001,2.0,LA,,
20458,72001,3.0,EMEA,25.0,Izmit
20458,72001,4.0,AP,,
20711,76443,1.0,NA,,
20711,76443,2.0,LA,,
20711,76443,3.0,EMEA,,
20711,76443,4.0,AP,,
20912,79299,,,,
20938,79594,,,,
21174,82866,1.0,NA,,
21248,84449,,,,
21258,84757,3.0,EMEA,,
21259,84758,3.0,EMEA,,
21273,84771,,,,
21302,85307,,,,
21473,93672,1.0,NA,,
21730,101500,1.0,NA,,
21730,101500,2.0,LA,,
21730,101500,3.0,EMEA,,
21730,101500,4.0,AP,,
21731,101501,1.0,NA,,
21731,101501,2.0,LA,,
21731,101501,3.0,EMEA,,
21731,101501,4.0,AP,,
21732,101502,1.0,NA,,
21732,101502,2.0,LA,,
21732,101502,3.0,EMEA,,
21732,101502,4.0,AP,,
21734,101504,1.0,NA,,
21734,101504,2.0,LA,,
21734,101504,3.0,EMEA,,
21734,101504,4.0,AP,,
21735,101505,1.0,NA,,
21735,101505,2.0,LA,,
21735,101505,3.0,EMEA,,
21735,101505,4.0,AP,,
21737,101507,,,,
21774,102280,,,,
21816,103147,4.0,AP,,
21843,103673,,,,
21844,103674,,,,
21845,103675,1.0,NA,,
21845,103675,2.0,LA,,
21862,103946,1.0,NA,,
21862,103946,2.0,LA,,
21862,103946,3.0,EMEA,,
21862,103946,4.0,AP,,
23236,126712,1.0,NA,,
23236,126712,3.0,EMEA,,
23246,126839,,,,
23278,127874,,,,
23279,127875,,,,
23280,127876,,,,
23281,127877,,,,
23282,127878,,,,
23283,127879,,,,
23286,127936,,,,
23287,127937,,,,
23288,127938,,,,
23295,128057,1.0,NA,,
23295,128057,2.0,LA,,
23295,128057,3.0,EMEA,,
23295,128057,4.0,AP,,
23302,128122,3.0,EMEA,,
23306,128254,1.0,NA,,
23306,128254,2.0,LA,,
23306,128254,3.0,EMEA,,
23306,128254,4.0,AP,,
23309,128260,,,,
23310,128261,,,,
23316,128373,1.0,NA,,
23324,128385,1.0,NA,,
23324,128385,3.0,EMEA,,
23326,128387,3.0,EMEA,18.0,Debica
23326,128387,3.0,EMEA,19.0,Philippsburg
23326,128387,3.0,EMEA,23.0,Adapazari
23326,128387,3.0,EMEA,24.0,Sava
23326,128387,3.0,EMEA,25.0,Izmit
23326,128387,3.0,EMEA,26.0,Fulda
23326,128387,3.0,EMEA,27.0,South Africa
23326,128387,3.0,EMEA,48.0,Amiens South
23326,128387,3.0,EMEA,49.0,Montlucon
23326,128387,3.0,EMEA,50.0,Hanau
23326,128387,3.0,EMEA,51.0,Wittlich
23326,128387,3.0,EMEA,53.0,Riesa
23326,128387,3.0,EMEA,180.0,Polymer-Technik Elbe GmbH
23326,128387,3.0,EMEA,200.0,ICM*L
23326,128387,3.0,EMEA,220.0,RCCE
23326,128387,3.0,EMEA,260.0,Conbelts Bytom-SAEU
23326,128387,3.0,EMEA,261.0,DRC Kauucuk
23326,128387,3.0,EMEA,262.0,Empresa Industrial de Borracha SA-EIB
23326,128387,3.0,EMEA,263.0,FTT Stomil Wolbrom SA
23326,128387,3.0,EMEA,264.0,Geyer and Hosaja-Zak-ADY Gumowe w Mielcu-Sp. Zo.o
23326,128387,3.0,EMEA,265.0,Hexpol - Berwin
23326,128387,3.0,EMEA,266.0,Kabat Tyre
23326,128387,3.0,EMEA,267.0,Kolsan
23326,128387,3.0,EMEA,268.0,Kraiburg Austria GmbH and Co. KG
23326,128387,3.0,EMEA,269.0,Marangoni S.p.A Rovereto
23326,128387,3.0,EMEA,270.0,Marangoni S.p.A Hamburg
23326,128387,3.0,EMEA,271.0,Matrax s.r.o.
23326,128387,3.0,EMEA,272.0,Multiblend
23326,128387,3.0,EMEA,273.0,Omya Uk Limited-Masterbatches
23326,128387,3.0,EMEA,274.0,Ozka Lastik ve Kaucuk Inc.
23326,128387,3.0,EMEA,275.0,Peintures Robin S.A-Paints /Cements
23326,128387,3.0,EMEA,276.0,Phoenix Compound Technology Hamburg
23326,128387,3.0,EMEA,277.0,Phoenix Compound Technology Waltershausen
23326,128387,3.0,EMEA,279.0,ProPS s.r.o.
23326,128387,3.0,EMEA,280.0,S and N Rubber¿
23326,128387,3.0,EMEA,281.0,Socamont-S.A.
23326,128387,3.0,EMEA,282.0,Stomil Poznan
23326,128387,3.0,EMEA,283.0,Tecnogum
23326,128387,3.0,EMEA,284.0,Vil Kaucuk San.ve Tic. Ltd Sti
23326,128387,3.0,EMEA,285.0,Zaklady Chemiczne BOCHEM Sp. z o.o
23326,128387,3.0,EMEA,320.0,Dudelange
23326,128387,3.0,EMEA,346.0,Melksham
23326,128387,3.0,EMEA,360.0,Krusevac
23328,128390,,,,
23331,128398,,,,
23338,128455,1.0,NA,,
23338,128455,2.0,LA,,
23338,128455,3.0,EMEA,,
23338,128455,4.0,AP,,
23356,128577,,,,
23364,128689,1.0,NA,,
23364,128689,2.0,LA,,
23364,128689,4.0,AP,,
23364,128689,1.0,NA,,
23364,128689,2.0,LA,,
23364,128689,4.0,AP,,
23466,129850,1.0,NA,,
23469,129854,1.0,NA,,
23470,129855,1.0,NA,,
20138,67284,1.0,NA,,
20138,67284,2.0,LA,,
20138,67284,3.0,EMEA,23.0,Adapazari
20138,67284,4.0,AP,,
20138,67284,1.0,NA,,
20138,67284,2.0,LA,,
20138,67284,3.0,EMEA,25.0,Izmit
20138,67284,4.0,AP,,
20400,70924,,,,
20530,73163,,,,
20632,75058,1.0,NA,,
20883,78825,1.0,NA,,
21054,81541,,,,
21081,81855,1.0,NA,,
21084,81858,1.0,NA,,
21084,81858,2.0,LA,,
21084,81858,3.0,EMEA,,
21084,81858,4.0,AP,,
21085,81859,1.0,NA,,
21085,81859,2.0,LA,,
21085,81859,3.0,EMEA,,
21085,81859,4.0,AP,,
21086,81861,1.0,NA,,
21086,81861,2.0,LA,,
21086,81861,3.0,EMEA,,
21086,81861,4.0,AP,,
21087,81862,1.0,NA,,
21087,81862,2.0,LA,,
21087,81862,3.0,EMEA,,
21087,81862,4.0,AP,,
21340,88275,,,,
21432,92799,3.0,EMEA,,
21628,97591,,,,
21744,101798,,,,
21745,101799,1.0,NA,,
21745,101799,2.0,LA,,
21745,101799,3.0,EMEA,,
21745,101799,4.0,AP,,
21746,101800,1.0,NA,,
21746,101800,2.0,LA,,
21746,101800,3.0,EMEA,,
21746,101800,4.0,AP,,
21747,101801,,,,
21749,101803,,,,
21960,106175,,,,
21962,106179,,,,
21963,106182,,,,
21964,106184,,,,
22064,109214,,,,
22094,109805,1.0,NA,,
22154,110856,,,,
23387,128812,1.0,NA,,
23388,128813,1.0,NA,,
23392,128817,4.0,AP,,
23594,130378,,,,
23626,130675,1.0,NA,,
23626,130675,2.0,LA,,
23626,130675,3.0,EMEA,,
23626,130675,4.0,AP,,
23627,130676,1.0,NA,,
23627,130676,2.0,LA,,
23627,130676,3.0,EMEA,,
23627,130676,4.0,AP,,
23633,130682,,,,
23634,130683,,,,
20232,68550,1.0,NA,,
20233,68551,1.0,NA,,
20546,73404,4.0,AP,,
20614,74463,1.0,NA,,
20614,74463,2.0,LA,,
20614,74463,3.0,EMEA,,
20614,74463,4.0,AP,,
20615,74464,1.0,NA,,
20615,74464,2.0,LA,,
20615,74464,3.0,EMEA,,
20615,74464,4.0,AP,,
20616,74465,1.0,NA,,
20616,74465,2.0,LA,,
20616,74465,3.0,EMEA,,
20616,74465,4.0,AP,,
20622,74991,1.0,NA,,
20622,74991,2.0,LA,,
20622,74991,3.0,EMEA,,
20622,74991,4.0,AP,,
20624,74993,,,,
20627,74996,,,,
20628,74997,1.0,NA,,
20628,74997,2.0,LA,,
20628,74997,3.0,EMEA,,
20628,74997,4.0,AP,,
20629,74998,1.0,NA,,
20629,74998,2.0,LA,,
20629,74998,3.0,EMEA,,
20629,74998,4.0,AP,,
20680,75874,3.0,EMEA,,
20740,76871,,,,
20746,77028,,,,
20810,78169,1.0,NA,,
20812,78171,1.0,NA,,
20812,78171,3.0,EMEA,,
20818,78180,,,,
21164,82787,1.0,NA,,
21164,82787,2.0,LA,,
21370,89685,1.0,NA,,
21370,89685,2.0,LA,,
21370,89685,3.0,EMEA,23.0,Adapazari
21370,89685,4.0,AP,,
21370,89685,1.0,NA,,
21370,89685,2.0,LA,,
21370,89685,3.0,EMEA,25.0,Izmit
21370,89685,4.0,AP,,
21374,90003,,,,
21623,97454,1.0,NA,,
21623,97454,2.0,LA,,
21623,97454,3.0,EMEA,,
21623,97454,4.0,AP,,
21624,97455,1.0,NA,,
21624,97455,2.0,LA,,
21624,97455,3.0,EMEA,,
21624,97455,4.0,AP,,
21742,101792,1.0,NA,,
21742,101792,2.0,LA,,
21742,101792,3.0,EMEA,,
21742,101792,4.0,AP,,
21863,103947,4.0,AP,37.0,Malaysia
21863,103947,4.0,AP,40.0,Thailand
21863,103947,4.0,AP,42.0,Nippon Giant
21863,103947,4.0,AP,47.0,Indonesia
21863,103947,4.0,AP,100.0,Pulandian
23430,129360,,,,
23590,130339,1.0,NA,,
23590,130339,3.0,EMEA,,
23590,130339,4.0,AP,,
23592,130342,,,,
23595,130379,,,,
23734,131794,,,,
23736,131906,3.0,EMEA,,
23804,132821,1.0,NA,,
23804,132821,2.0,LA,,
23804,132821,3.0,EMEA,,
23804,132821,4.0,AP,,
20113,67036,,,,
20263,68852,,,,
20714,76582,1.0,NA,9.0,Medicine Hat
20714,76582,2.0,LA,,
20714,76582,3.0,EMEA,,
20714,76582,4.0,AP,,
20714,76582,1.0,NA,10.0,Napanee
20714,76582,2.0,LA,,
20714,76582,3.0,EMEA,,
20714,76582,4.0,AP,,
20714,76582,1.0,NA,11.0,Valleyfield
20714,76582,2.0,LA,,
20714,76582,3.0,EMEA,,
20714,76582,4.0,AP,,
20714,76582,1.0,NA,,
20714,76582,2.0,LA,,
20714,76582,3.0,EMEA,23.0,Adapazari
20714,76582,4.0,AP,,
20714,76582,1.0,NA,,
20714,76582,2.0,LA,,
20714,76582,3.0,EMEA,25.0,Izmit
20714,76582,4.0,AP,,
20714,76582,1.0,NA,,
20714,76582,2.0,LA,35.0,Peru
20714,76582,3.0,EMEA,,
20714,76582,4.0,AP,,
20714,76582,1.0,NA,,
20714,76582,2.0,LA,,
20714,76582,3.0,EMEA,,
20714,76582,4.0,AP,42.0,Nippon Giant
20714,76582,1.0,NA,,
20714,76582,2.0,LA,,
20714,76582,3.0,EMEA,,
20714,76582,4.0,AP,47.0,Indonesia
20714,76582,1.0,NA,58.0,Chem Niagara Falls
20714,76582,2.0,LA,,
20714,76582,3.0,EMEA,,
20714,76582,4.0,AP,,
20717,76584,1.0,NA,9.0,Medicine Hat
20717,76584,2.0,LA,,
20717,76584,3.0,EMEA,,
20717,76584,4.0,AP,,
20717,76584,1.0,NA,10.0,Napanee
20717,76584,2.0,LA,,
20717,76584,3.0,EMEA,,
20717,76584,4.0,AP,,
20717,76584,1.0,NA,11.0,Valleyfield
20717,76584,2.0,LA,,
20717,76584,3.0,EMEA,,
20717,76584,4.0,AP,,
20717,76584,1.0,NA,,
20717,76584,2.0,LA,,
20717,76584,3.0,EMEA,23.0,Adapazari
20717,76584,4.0,AP,,
20717,76584,1.0,NA,,
20717,76584,2.0,LA,,
20717,76584,3.0,EMEA,25.0,Izmit
20717,76584,4.0,AP,,
20717,76584,1.0,NA,,
20717,76584,2.0,LA,35.0,Peru
20717,76584,3.0,EMEA,,
20717,76584,4.0,AP,,
20717,76584,1.0,NA,,
20717,76584,2.0,LA,,
20717,76584,3.0,EMEA,,
20717,76584,4.0,AP,42.0,Nippon Giant
20717,76584,1.0,NA,,
20717,76584,2.0,LA,,
20717,76584,3.0,EMEA,,
20717,76584,4.0,AP,47.0,Indonesia
20717,76584,1.0,NA,58.0,Chem Niagara Falls
20717,76584,2.0,LA,,
20717,76584,3.0,EMEA,,
20717,76584,4.0,AP,,
20717,76584,1.0,NA,,
20717,76584,2.0,LA,,
20717,76584,3.0,EMEA,284.0,Vil Kaucuk San.ve Tic. Ltd Sti
20717,76584,4.0,AP,,
20718,76585,1.0,NA,9.0,Medicine Hat
20718,76585,2.0,LA,,
20718,76585,3.0,EMEA,,
20718,76585,4.0,AP,,
20718,76585,1.0,NA,10.0,Napanee
20718,76585,2.0,LA,,
20718,76585,3.0,EMEA,,
20718,76585,4.0,AP,,
20718,76585,1.0,NA,11.0,Valleyfield
20718,76585,2.0,LA,,
20718,76585,3.0,EMEA,,
20718,76585,4.0,AP,,
20718,76585,1.0,NA,,
20718,76585,2.0,LA,,
20718,76585,3.0,EMEA,23.0,Adapazari
20718,76585,4.0,AP,,
20718,76585,1.0,NA,,
20718,76585,2.0,LA,,
20718,76585,3.0,EMEA,25.0,Izmit
20718,76585,4.0,AP,,
20718,76585,1.0,NA,,
20718,76585,2.0,LA,35.0,Peru
20718,76585,3.0,EMEA,,
20718,76585,4.0,AP,,
20718,76585,1.0,NA,,
20718,76585,2.0,LA,,
20718,76585,3.0,EMEA,,
20718,76585,4.0,AP,42.0,Nippon Giant
20718,76585,1.0,NA,,
20718,76585,2.0,LA,,
20718,76585,3.0,EMEA,,
20718,76585,4.0,AP,47.0,Indonesia
20718,76585,1.0,NA,58.0,Chem Niagara Falls
20718,76585,2.0,LA,,
20718,76585,3.0,EMEA,,
20718,76585,4.0,AP,,
20718,76585,1.0,NA,,
20718,76585,2.0,LA,,
20718,76585,3.0,EMEA,284.0,Vil Kaucuk San.ve Tic. Ltd Sti
20718,76585,4.0,AP,,
20719,76586,1.0,NA,9.0,Medicine Hat
20719,76586,2.0,LA,,
20719,76586,3.0,EMEA,,
20719,76586,4.0,AP,,
20719,76586,1.0,NA,10.0,Napanee
20719,76586,2.0,LA,,
20719,76586,3.0,EMEA,,
20719,76586,4.0,AP,,
20719,76586,1.0,NA,11.0,Valleyfield
20719,76586,2.0,LA,,
20719,76586,3.0,EMEA,,
20719,76586,4.0,AP,,
20719,76586,1.0,NA,,
20719,76586,2.0,LA,,
20719,76586,3.0,EMEA,23.0,Adapazari
20719,76586,4.0,AP,,
20719,76586,1.0,NA,,
20719,76586,2.0,LA,,
20719,76586,3.0,EMEA,25.0,Izmit
20719,76586,4.0,AP,,
20719,76586,1.0,NA,,
20719,76586,2.0,LA,35.0,Peru
20719,76586,3.0,EMEA,,
20719,76586,4.0,AP,,
20719,76586,1.0,NA,,
20719,76586,2.0,LA,,
20719,76586,3.0,EMEA,,
20719,76586,4.0,AP,42.0,Nippon Giant
20719,76586,1.0,NA,,
20719,76586,2.0,LA,,
20719,76586,3.0,EMEA,,
20719,76586,4.0,AP,47.0,Indonesia
20719,76586,1.0,NA,58.0,Chem Niagara Falls
20719,76586,2.0,LA,,
20719,76586,3.0,EMEA,,
20719,76586,4.0,AP,,
20719,76586,1.0,NA,,
20719,76586,2.0,LA,,
20719,76586,3.0,EMEA,284.0,Vil Kaucuk San.ve Tic. Ltd Sti
20719,76586,4.0,AP,,
20720,76587,1.0,NA,9.0,Medicine Hat
20720,76587,2.0,LA,,
20720,76587,3.0,EMEA,,
20720,76587,4.0,AP,,
20720,76587,1.0,NA,10.0,Napanee
20720,76587,2.0,LA,,
20720,76587,3.0,EMEA,,
20720,76587,4.0,AP,,
20720,76587,1.0,NA,11.0,Valleyfield
20720,76587,2.0,LA,,
20720,76587,3.0,EMEA,,
20720,76587,4.0,AP,,
20720,76587,1.0,NA,,
20720,76587,2.0,LA,,
20720,76587,3.0,EMEA,23.0,Adapazari
20720,76587,4.0,AP,,
20720,76587,1.0,NA,,
20720,76587,2.0,LA,,
20720,76587,3.0,EMEA,25.0,Izmit
20720,76587,4.0,AP,,
20720,76587,1.0,NA,,
20720,76587,2.0,LA,35.0,Peru
20720,76587,3.0,EMEA,,
20720,76587,4.0,AP,,
20720,76587,1.0,NA,,
20720,76587,2.0,LA,,
20720,76587,3.0,EMEA,,
20720,76587,4.0,AP,42.0,Nippon Giant
20720,76587,1.0,NA,,
20720,76587,2.0,LA,,
20720,76587,3.0,EMEA,,
20720,76587,4.0,AP,47.0,Indonesia
20720,76587,1.0,NA,58.0,Chem Niagara Falls
20720,76587,2.0,LA,,
20720,76587,3.0,EMEA,,
20720,76587,4.0,AP,,
20720,76587,1.0,NA,,
20720,76587,2.0,LA,,
20720,76587,3.0,EMEA,284.0,Vil Kaucuk San.ve Tic. Ltd Sti
20720,76587,4.0,AP,,
20721,76588,1.0,NA,,
20721,76588,2.0,LA,,
20721,76588,3.0,EMEA,,
20721,76588,4.0,AP,,
20858,78282,1.0,NA,10.0,Napanee
20858,78282,1.0,NA,11.0,Valleyfield
20858,78282,1.0,NA,58.0,Chem Niagara Falls
21119,82219,,,,
21392,90918,1.0,NA,,
21392,90918,2.0,LA,,
21392,90918,4.0,AP,,
21668,99613,1.0,NA,,
22080,109496,1.0,NA,,
22110,110239,,,,
22155,110857,,,,
22360,113722,1.0,NA,,
22448,114954,,,,
22498,115939,,,,
22510,116213,1.0,NA,,
22510,116213,2.0,LA,,
22510,116213,3.0,EMEA,,
22510,116213,4.0,AP,,
22543,116487,,,,
22545,116489,,,,
22582,117241,,,,
22583,117242,,,,
23472,129858,,,,
23478,129933,1.0,NA,,
23478,129933,2.0,LA,,
23478,129933,3.0,EMEA,,
23478,129933,4.0,AP,,
23624,130634,,,,
23628,130677,3.0,EMEA,,
23630,130678,3.0,EMEA,,
23640,130786,,,,
23690,131290,,,,
23696,131403,1.0,NA,,
23697,131404,1.0,NA,,
23698,131405,1.0,NA,,
23699,131406,1.0,NA,,
23718,131663,,,,
23741,132021,1.0,NA,,
23741,132021,2.0,LA,,
23741,132021,3.0,EMEA,,
23741,132021,4.0,AP,40.0,Thailand
23741,132021,1.0,NA,,
23741,132021,2.0,LA,,
23741,132021,3.0,EMEA,,
23741,132021,4.0,AP,47.0,Indonesia
23741,132021,1.0,NA,,
23741,132021,2.0,LA,,
23741,132021,3.0,EMEA,360.0,Krusevac
23741,132021,4.0,AP,,
23782,132430,1.0,NA,,
23861,133291,,,,
23878,133430,2.0,LA,,
23897,133624,1.0,NA,,
23898,133625,1.0,NA,,
20094,66795,,,,
20200,68196,1.0,NA,,
20200,68196,2.0,LA,,
20200,68196,3.0,EMEA,,
20200,68196,4.0,AP,,
20456,71870,,,,
20698,76155,,,,
20886,78882,,,,
21104,82000,,,,
21320,86015,,,,
21321,86016,1.0,NA,,
21321,86016,2.0,LA,,
21321,86016,3.0,EMEA,,
21321,86016,4.0,AP,,
21433,92915,1.0,NA,,
21433,92915,2.0,LA,,
21433,92915,3.0,EMEA,,
21433,92915,4.0,AP,,
21434,92916,1.0,NA,,
21434,92916,2.0,LA,,
21434,92916,3.0,EMEA,,
21434,92916,4.0,AP,,
21435,92917,1.0,NA,,
21435,92917,2.0,LA,,
21435,92917,3.0,EMEA,,
21435,92917,4.0,AP,,
21436,92918,1.0,NA,,
21436,92918,2.0,LA,,
21436,92918,3.0,EMEA,,
21436,92918,4.0,AP,,
21437,92919,1.0,NA,,
21437,92919,2.0,LA,,
21437,92919,3.0,EMEA,,
21437,92919,4.0,AP,,
21438,92920,1.0,NA,,
21438,92920,2.0,LA,,
21438,92920,3.0,EMEA,,
21438,92920,4.0,AP,,
21574,95774,,,,
21710,100951,3.0,EMEA,,
21884,104629,,,,
22105,110066,,,,
22106,110067,,,,
22136,110426,,,,
22137,110427,,,,
22160,110936,1.0,NA,,
22163,110939,1.0,NA,,
22170,111194,1.0,NA,,
22170,111194,3.0,EMEA,,
22171,111195,1.0,NA,,
22171,111195,3.0,EMEA,,
22172,111196,1.0,NA,,
22172,111196,3.0,EMEA,,
22173,111197,1.0,NA,,
22173,111197,3.0,EMEA,,
23390,128815,1.0,NA,,
23482,129939,,,,
23762,132216,1.0,NA,,
23762,132216,2.0,LA,,
23762,132216,3.0,EMEA,,
23762,132216,4.0,AP,,
23793,132657,,,,
20114,67039,2.0,LA,,
20114,67039,3.0,EMEA,23.0,Adapazari
20114,67039,4.0,AP,,
20114,67039,2.0,LA,,
20114,67039,3.0,EMEA,25.0,Izmit
20114,67039,4.0,AP,,
20114,67039,2.0,LA,,
20114,67039,3.0,EMEA,,
20114,67039,4.0,AP,40.0,Thailand
20114,67039,2.0,LA,,
20114,67039,3.0,EMEA,,
20114,67039,4.0,AP,47.0,Indonesia
20281,69007,,,,
20312,69510,1.0,NA,,
20312,69510,2.0,LA,,
20312,69510,3.0,EMEA,,
20312,69510,4.0,AP,,
20314,69512,1.0,NA,,
20314,69512,2.0,LA,,
20314,69512,3.0,EMEA,,
20314,69512,4.0,AP,,
20316,69514,1.0,NA,,
20316,69514,2.0,LA,,
20316,69514,3.0,EMEA,,
20316,69514,4.0,AP,,
20317,69515,1.0,NA,,
20317,69515,2.0,LA,,
20317,69515,3.0,EMEA,,
20317,69515,4.0,AP,,
20326,69521,,,,
20340,69805,,,,
20422,71217,1.0,NA,,
20422,71217,2.0,LA,,
20422,71217,3.0,EMEA,,
20422,71217,4.0,AP,,
21123,82224,,,,
21448,93284,1.0,NA,,
21448,93284,2.0,LA,,
21448,93284,3.0,EMEA,,
21448,93284,4.0,AP,,
21455,93292,1.0,NA,,
21455,93292,2.0,LA,,
21455,93292,3.0,EMEA,,
21455,93292,4.0,AP,,
21456,93293,1.0,NA,,
21456,93293,2.0,LA,,
21456,93293,3.0,EMEA,,
21456,93293,4.0,AP,,
21472,93671,1.0,NA,,
21472,93671,2.0,LA,,
21472,93671,3.0,EMEA,,
21472,93671,4.0,AP,,
21712,101111,1.0,NA,9.0,Medicine Hat
21712,101111,2.0,LA,,
21712,101111,3.0,EMEA,,
21712,101111,4.0,AP,,
21712,101111,1.0,NA,10.0,Napanee
21712,101111,2.0,LA,,
21712,101111,3.0,EMEA,,
21712,101111,4.0,AP,,
21712,101111,1.0,NA,11.0,Valleyfield
21712,101111,2.0,LA,,
21712,101111,3.0,EMEA,,
21712,101111,4.0,AP,,
21712,101111,1.0,NA,,
21712,101111,2.0,LA,,
21712,101111,3.0,EMEA,,
21712,101111,4.0,AP,42.0,Nippon Giant
21778,102370,,,,
21860,103773,,,,
22045,108847,1.0,NA,,
22046,108848,1.0,NA,,
22140,110588,,,,
22196,111377,1.0,NA,,
22298,112749,1.0,NA,,
22298,112749,2.0,LA,,
22298,112749,3.0,EMEA,,
22298,112749,4.0,AP,,
22461,115215,1.0,NA,,
22461,115215,2.0,LA,,
22461,115215,3.0,EMEA,,
22461,115215,4.0,AP,,
22592,117390,,,,
22620,117822,1.0,NA,,
22621,117823,1.0,NA,,
22622,117824,1.0,NA,,
22623,117825,1.0,NA,,
23485,129942,,,,
23610,130518,,,,
23611,130519,,,,
23673,131096,,,,
23684,131157,,,,
23686,131214,3.0,EMEA,23.0,Adapazari
23686,131214,3.0,EMEA,25.0,Izmit
23686,131214,3.0,EMEA,346.0,Melksham
23760,132214,,,,
23763,132217,1.0,NA,,
23763,132217,2.0,LA,,
23763,132217,3.0,EMEA,,
23763,132217,4.0,AP,,
23870,133362,,,,
20134,67279,2.0,LA,,
20148,67620,,,,
20161,67753,,,,
20774,77469,1.0,NA,,
20796,77916,,,,
21020,81068,1.0,NA,,
21020,81068,2.0,LA,,
21020,81068,3.0,EMEA,,
21020,81068,4.0,AP,,
21048,81429,1.0,NA,,
21048,81429,2.0,LA,,
21048,81429,3.0,EMEA,,
21048,81429,4.0,AP,,
21066,81726,1.0,NA,,
21066,81726,2.0,LA,,
21066,81726,3.0,EMEA,,
21066,81726,4.0,AP,,
21067,81727,1.0,NA,,
21067,81727,2.0,LA,,
21067,81727,3.0,EMEA,,
21067,81727,4.0,AP,,
21068,81728,1.0,NA,,
21068,81728,2.0,LA,,
21068,81728,3.0,EMEA,,
21068,81728,4.0,AP,,
21226,83906,1.0,NA,,
21228,83908,1.0,NA,,
21557,95355,1.0,NA,,
21557,95355,2.0,LA,,
21557,95355,3.0,EMEA,,
21557,95355,4.0,AP,,
21621,97452,1.0,NA,,
21621,97452,2.0,LA,,
21621,97452,3.0,EMEA,,
21621,97452,4.0,AP,,
21812,103057,1.0,NA,,
21812,103057,2.0,LA,,
21812,103057,3.0,EMEA,,
21812,103057,4.0,AP,,
21832,103412,,,,
21912,104845,,,,
22118,110321,1.0,NA,,
22119,110322,1.0,NA,,
22120,110323,1.0,NA,,
22121,110324,1.0,NA,,
22122,110325,1.0,NA,,
22123,110326,1.0,NA,,
22174,111198,1.0,NA,,
22174,111198,3.0,EMEA,,
22175,111199,1.0,NA,,
22175,111199,3.0,EMEA,,
22176,111200,1.0,NA,,
22176,111200,3.0,EMEA,,
22177,111201,1.0,NA,,
22178,111202,1.0,NA,,
22187,111217,,,,
22188,111218,,,,
22189,111219,,,,
22190,111220,,,,
22192,111298,,,,
22194,111299,1.0,NA,,
23404,129107,,,,
23414,129256,,,,
23476,129898,,,,
23625,130635,,,,
23738,131962,1.0,NA,,
23738,131962,2.0,LA,,
23738,131962,4.0,AP,,
20142,67446,1.0,NA,,
20786,77543,,,,
20793,77839,,,,
20809,78045,,,,
21026,81074,1.0,NA,,
21026,81074,2.0,LA,,
21026,81074,3.0,EMEA,,
21026,81074,4.0,AP,,
21028,81076,1.0,NA,,
21028,81076,2.0,LA,,
21028,81076,3.0,EMEA,,
21028,81076,4.0,AP,,
21040,81369,1.0,NA,1.0,Danville
21040,81369,2.0,LA,,
21040,81369,3.0,EMEA,,
21040,81369,4.0,AP,,
21040,81369,1.0,NA,2.0,Gadsden
21040,81369,2.0,LA,,
21040,81369,3.0,EMEA,,
21040,81369,4.0,AP,,
21040,81369,1.0,NA,3.0,Topeka
21040,81369,2.0,LA,,
21040,81369,3.0,EMEA,,
21040,81369,4.0,AP,,
21040,81369,1.0,NA,5.0,Fayetteville
21040,81369,2.0,LA,,
21040,81369,3.0,EMEA,,
21040,81369,4.0,AP,,
21040,81369,1.0,NA,8.0,Lawton
21040,81369,2.0,LA,,
21040,81369,3.0,EMEA,,
21040,81369,4.0,AP,,
21040,81369,1.0,NA,9.0,Medicine Hat
21040,81369,2.0,LA,,
21040,81369,3.0,EMEA,,
21040,81369,4.0,AP,,
21040,81369,1.0,NA,10.0,Napanee
21040,81369,2.0,LA,,
21040,81369,3.0,EMEA,,
21040,81369,4.0,AP,,
21040,81369,1.0,NA,11.0,Valleyfield
21040,81369,2.0,LA,,
21040,81369,3.0,EMEA,,
21040,81369,4.0,AP,,
21040,81369,1.0,NA,13.0,Social Circle
21040,81369,2.0,LA,,
21040,81369,3.0,EMEA,,
21040,81369,4.0,AP,,
21040,81369,1.0,NA,14.0,ICM*A
21040,81369,2.0,LA,,
21040,81369,3.0,EMEA,,
21040,81369,4.0,AP,,
21040,81369,1.0,NA,,
21040,81369,2.0,LA,,
21040,81369,3.0,EMEA,,
21040,81369,4.0,AP,42.0,Nippon Giant
21040,81369,1.0,NA,55.0,Chem Bayport
21040,81369,2.0,LA,,
21040,81369,3.0,EMEA,,
21040,81369,4.0,AP,,
21040,81369,1.0,NA,56.0,Chem Beaumont
21040,81369,2.0,LA,,
21040,81369,3.0,EMEA,,
21040,81369,4.0,AP,,
21040,81369,1.0,NA,57.0,Chem Houston
21040,81369,2.0,LA,,
21040,81369,3.0,EMEA,,
21040,81369,4.0,AP,,
21040,81369,1.0,NA,58.0,Chem Niagara Falls
21040,81369,2.0,LA,,
21040,81369,3.0,EMEA,,
21040,81369,4.0,AP,,
21040,81369,1.0,NA,300.0,Kingman
21040,81369,2.0,LA,,
21040,81369,3.0,EMEA,,
21040,81369,4.0,AP,,
21040,81369,1.0,NA,301.0,Stockbridge
21040,81369,2.0,LA,,
21040,81369,3.0,EMEA,,
21040,81369,4.0,AP,,
21113,82075,,,,
21250,84450,,,,
21556,95353,,,,
21562,95485,1.0,NA,,
21562,95485,2.0,LA,,
21562,95485,3.0,EMEA,,
21562,95485,4.0,AP,,
21563,95486,1.0,NA,,
21563,95486,2.0,LA,,
21563,95486,3.0,EMEA,,
21563,95486,4.0,AP,,
21564,95487,1.0,NA,,
21564,95487,2.0,LA,,
21564,95487,3.0,EMEA,,
21564,95487,4.0,AP,,
21567,95490,,,,
21568,95492,,,,
21760,102092,,,,
21762,102094,,,,
21842,103672,,,,
22227,111746,1.0,NA,,
22230,111749,1.0,NA,,
22232,111752,1.0,NA,,
22248,112106,1.0,NA,,
23402,128927,1.0,NA,,
23402,128927,2.0,LA,,
23402,128927,3.0,EMEA,,
23402,128927,4.0,AP,,
23438,129420,2.0,LA,,
23438,129420,4.0,AP,42.0,Nippon Giant
23559,130309,,,,
23664,131035,1.0,NA,,
23664,131035,2.0,LA,,
23664,131035,3.0,EMEA,,
23664,131035,4.0,AP,,
23666,131036,,,,
23667,131037,1.0,NA,,
23667,131037,2.0,LA,,
23667,131037,3.0,EMEA,,
23667,131037,4.0,AP,,
23668,131040,,,,
23670,131092,,,,
23671,131093,,,,
23672,131095,,,,
23674,131097,,,,
23676,131099,,,,
23677,131100,,,,
23678,131101,,,,
23679,131102,,,,
23758,132212,1.0,NA,,
23758,132212,2.0,LA,,
23758,132212,3.0,EMEA,,
23758,132212,4.0,AP,,
23806,132823,,,,
23807,132824,,,,
23810,132827,,,,
23812,132830,,,,
20108,67030,3.0,EMEA,,
20124,67120,,,,
20125,67121,,,,
20126,67122,,,,
20143,67447,,,,
20144,67529,1.0,NA,,
20364,70361,,,,
20630,74999,1.0,NA,,
20630,74999,2.0,LA,,
20630,74999,3.0,EMEA,,
20630,74999,4.0,AP,,
20733,76761,,,,
20756,77178,,,,
20820,78182,,,,
21202,83381,1.0,NA,,
21202,83381,2.0,LA,,
21202,83381,3.0,EMEA,,
21202,83381,4.0,AP,,
21235,84060,,,,
21519,94815,1.0,NA,,
21519,94815,2.0,LA,,
21519,94815,3.0,EMEA,,
21519,94815,4.0,AP,,
21584,96244,1.0,NA,,
21584,96244,2.0,LA,,
21584,96244,3.0,EMEA,,
21584,96244,4.0,AP,,
21674,99620,3.0,EMEA,,
21821,103238,1.0,NA,,
21822,103239,1.0,NA,,
22010,107121,,,,
22086,109692,1.0,NA,,
22089,109695,1.0,NA,,
22090,109696,1.0,NA,,
22206,111386,1.0,NA,,
22207,111387,1.0,NA,,
22217,111576,1.0,NA,,
22217,111576,2.0,LA,,
22217,111576,3.0,EMEA,,
22217,111576,4.0,AP,,
23427,129351,1.0,NA,,
23427,129351,2.0,LA,,
23427,129351,4.0,AP,,
23489,130013,1.0,NA,,
23491,130015,1.0,NA,,
23566,130314,1.0,NA,,
23566,130314,2.0,LA,,
23566,130314,3.0,EMEA,,
23566,130314,4.0,AP,,
23620,130615,1.0,NA,,
23620,130615,2.0,LA,,
23620,130615,3.0,EMEA,,
23620,130615,4.0,AP,,
23688,131287,,,,
23713,131658,1.0,NA,,
23714,131659,1.0,NA,,
23714,131659,2.0,LA,,
23714,131659,3.0,EMEA,,
23714,131659,4.0,AP,,
23715,131660,1.0,NA,,
23715,131660,2.0,LA,,
23715,131660,3.0,EMEA,,
23715,131660,4.0,AP,,
23752,132091,1.0,NA,,
23799,132766,,,,
23890,133560,,,,
20170,67848,1.0,NA,,
20178,67968,,,,
20198,68194,,,,
20199,68195,,,,
20345,69994,1.0,NA,,
20345,69994,2.0,LA,,
20345,69994,3.0,EMEA,,
20345,69994,4.0,AP,,
20478,72431,3.0,EMEA,23.0,Adapazari
20478,72431,3.0,EMEA,25.0,Izmit
20560,73731,1.0,NA,,
20896,79179,1.0,NA,,
20896,79179,2.0,LA,,
20896,79179,3.0,EMEA,,
20896,79179,4.0,AP,,
20988,80377,1.0,NA,,
20988,80377,2.0,LA,,
20988,80377,3.0,EMEA,,
20988,80377,4.0,AP,,
21282,84877,1.0,NA,,
21282,84877,2.0,LA,,
21282,84877,3.0,EMEA,,
21282,84877,4.0,AP,,
21520,94816,1.0,NA,,
21520,94816,2.0,LA,,
21520,94816,3.0,EMEA,,
21520,94816,4.0,AP,42.0,Nippon Giant
21582,96240,1.0,NA,9.0,Medicine Hat
21582,96240,2.0,LA,,
21582,96240,3.0,EMEA,,
21582,96240,4.0,AP,,
21582,96240,1.0,NA,10.0,Napanee
21582,96240,2.0,LA,,
21582,96240,3.0,EMEA,,
21582,96240,4.0,AP,,
21582,96240,1.0,NA,11.0,Valleyfield
21582,96240,2.0,LA,,
21582,96240,3.0,EMEA,,
21582,96240,4.0,AP,,
21582,96240,1.0,NA,,
21582,96240,2.0,LA,,
21582,96240,3.0,EMEA,,
21582,96240,4.0,AP,42.0,Nippon Giant
21585,96245,1.0,NA,,
21585,96245,2.0,LA,,
21585,96245,3.0,EMEA,,
21585,96245,4.0,AP,42.0,Nippon Giant
21586,96246,1.0,NA,,
21586,96246,2.0,LA,,
21586,96246,3.0,EMEA,,
21586,96246,4.0,AP,,
21758,101995,,,,
21799,102579,1.0,NA,,
21800,102580,1.0,NA,,
21934,105218,1.0,NA,,
21934,105218,2.0,LA,,
21934,105218,3.0,EMEA,,
21934,105218,4.0,AP,,
22151,110687,,,,
22302,112829,,,,
23386,128811,1.0,NA,,
23776,132353,4.0,AP,,
23840,133007,,,,
23844,133015,,,,
23847,133018,,,,
23884,133493,,,,
23896,133623,1.0,NA,,
20226,68515,1.0,NA,,
20228,68546,1.0,NA,,
20229,68547,1.0,NA,,
20230,68548,1.0,NA,,
20237,68567,,,,
20256,68802,,,,
20367,70366,,,,
20853,78272,1.0,NA,,
20853,78272,2.0,LA,,
20853,78272,3.0,EMEA,,
20853,78272,4.0,AP,,
20874,78475,,,,
20891,79054,1.0,NA,,
20891,79054,2.0,LA,,
20892,79055,1.0,NA,,
20892,79055,2.0,LA,,
20895,79119,,,,
20904,79238,,,,
20905,79239,,,,
21072,81793,,,,
21073,81794,,,,
21076,81850,1.0,NA,,
21078,81852,1.0,NA,,
21079,81853,1.0,NA,,
21080,81854,1.0,NA,,
21108,82064,3.0,EMEA,,
21206,83385,1.0,NA,,
21206,83385,2.0,LA,,
21206,83385,3.0,EMEA,,
21206,83385,4.0,AP,,
21224,83841,,,,
23426,129350,1.0,NA,,
23426,129350,2.0,LA,,
23426,129350,4.0,AP,,
23512,130072,,,,
23513,130073,1.0,NA,,
23680,131103,,,,
23682,131156,,,,
23800,132767,,,,
23874,133426,2.0,LA,,
20110,67034,1.0,NA,,
20110,67034,2.0,LA,,
20110,67034,3.0,EMEA,,
20110,67034,4.0,AP,,
20222,68430,,,,
20300,69425,1.0,NA,,
20300,69425,2.0,LA,,
20300,69425,3.0,EMEA,,
20300,69425,4.0,AP,,
20306,69432,1.0,NA,,
20306,69432,2.0,LA,,
20306,69432,3.0,EMEA,,
20306,69432,4.0,AP,,
20307,69433,1.0,NA,,
20307,69433,2.0,LA,,
20307,69433,3.0,EMEA,,
20307,69433,4.0,AP,,
20308,69434,1.0,NA,,
20308,69434,2.0,LA,,
20308,69434,3.0,EMEA,,
20308,69434,4.0,AP,,
20348,70077,1.0,NA,,
20348,70077,2.0,LA,,
20348,70077,3.0,EMEA,,
20348,70077,4.0,AP,,
20349,70078,1.0,NA,,
20349,70078,2.0,LA,,
20349,70078,3.0,EMEA,,
20349,70078,4.0,AP,,
20372,70508,1.0,NA,,
20372,70508,2.0,LA,,
20372,70508,3.0,EMEA,,
20372,70508,4.0,AP,,
20497,72952,1.0,NA,,
20500,72955,1.0,NA,,
20592,74178,,,,
20752,77103,,,,
20753,77104,,,,
20754,77105,,,,
20758,77179,,,,
20963,79984,1.0,NA,,
20964,79985,1.0,NA,,
20967,79988,1.0,NA,,
21132,82487,1.0,NA,,
21133,82488,1.0,NA,,
21134,82491,,,,
21138,82563,4.0,AP,,
21140,82565,4.0,AP,,
23400,128925,1.0,NA,,
23400,128925,2.0,LA,,
23400,128925,3.0,EMEA,,
23400,128925,4.0,AP,,
23401,128926,1.0,NA,,
23401,128926,2.0,LA,,
23401,128926,3.0,EMEA,,
23401,128926,4.0,AP,,
23458,129718,1.0,NA,1.0,Danville
23458,129718,1.0,NA,3.0,Topeka
23458,129718,1.0,NA,5.0,Fayetteville
23458,129718,1.0,NA,8.0,Lawton
23458,129718,1.0,NA,9.0,Medicine Hat
23458,129718,1.0,NA,10.0,Napanee
23458,129718,1.0,NA,11.0,Valleyfield
23458,129718,1.0,NA,13.0,Social Circle
23458,129718,1.0,NA,14.0,ICM*A
23458,129718,1.0,NA,55.0,Chem Bayport
23458,129718,1.0,NA,56.0,Chem Beaumont
23458,129718,1.0,NA,57.0,Chem Houston
23458,129718,1.0,NA,58.0,Chem Niagara Falls
23458,129718,1.0,NA,120.0,NA-LA-AP Except AIRCRAFT
23458,129718,1.0,NA,140.0,Other
23458,129718,1.0,NA,240.0,San Luis Potosi
23458,129718,1.0,NA,300.0,Kingman
23458,129718,1.0,NA,301.0,Stockbridge
23458,129718,1.0,NA,340.0,Clarksdale
23458,129718,1.0,NA,341.0,Findlay
23458,129718,1.0,NA,342.0,Texarkana
23458,129718,1.0,NA,343.0,Tupelo
23458,129718,1.0,NA,344.0,Tall Timbers
23524,130205,1.0,NA,,
23524,130205,3.0,EMEA,,
23525,130206,1.0,NA,,
23525,130206,3.0,EMEA,,
23526,130207,1.0,NA,,
23526,130207,3.0,EMEA,,
23527,130208,1.0,NA,,
23527,130208,3.0,EMEA,,
23528,130209,1.0,NA,,
23528,130209,3.0,EMEA,,
23529,130210,1.0,NA,,
23529,130210,3.0,EMEA,,
23540,130253,1.0,NA,,
23540,130253,2.0,LA,,
23540,130253,3.0,EMEA,,
23540,130253,4.0,AP,,
23621,130616,,,,
23623,130618,1.0,NA,,
23663,130984,1.0,NA,,
23663,130984,2.0,LA,,
23663,130984,3.0,EMEA,346.0,Melksham
23663,130984,4.0,AP,,
23767,132222,1.0,NA,,
23769,132224,1.0,NA,,
23770,132225,1.0,NA,,
23770,132225,2.0,LA,,
23771,132226,1.0,NA,,
20207,68309,,,,
20210,68311,,,,
20238,68603,1.0,NA,,
20238,68603,2.0,LA,,
20238,68603,3.0,EMEA,,
20238,68603,4.0,AP,,
20562,73869,,,,
20922,79428,,,,
20968,79991,1.0,NA,,
21016,81020,1.0,NA,,
21016,81020,2.0,LA,,
21016,81020,3.0,EMEA,,
21016,81020,4.0,AP,,
21181,82940,1.0,NA,,
21244,84347,1.0,NA,,
21244,84347,2.0,LA,,
21244,84347,3.0,EMEA,,
21244,84347,4.0,AP,,
21245,84348,1.0,NA,,
21245,84348,2.0,LA,,
21245,84348,3.0,EMEA,,
21245,84348,4.0,AP,,
21260,84759,1.0,NA,,
21261,84760,1.0,NA,,
21262,84761,1.0,NA,,
21263,84762,1.0,NA,,
21264,84763,1.0,NA,,
21264,84763,2.0,LA,,
21264,84763,3.0,EMEA,,
21264,84763,4.0,AP,,
21265,84764,1.0,NA,,
21266,84765,1.0,NA,,
21361,89249,1.0,NA,,
21361,89249,2.0,LA,,
21361,89249,3.0,EMEA,,
21361,89249,4.0,AP,,
21390,90802,,,,
21393,90919,1.0,NA,,
21393,90919,2.0,LA,,
21393,90919,3.0,EMEA,23.0,Adapazari
21393,90919,4.0,AP,,
21393,90919,1.0,NA,,
21393,90919,2.0,LA,,
21393,90919,3.0,EMEA,25.0,Izmit
21393,90919,4.0,AP,,
21394,90920,1.0,NA,,
21394,90920,2.0,LA,,
21394,90920,3.0,EMEA,23.0,Adapazari
21394,90920,4.0,AP,,
21394,90920,1.0,NA,,
21394,90920,2.0,LA,,
21394,90920,3.0,EMEA,25.0,Izmit
21394,90920,4.0,AP,,
21410,91285,,,,
21606,97047,,,,
21612,97311,1.0,NA,,
21612,97311,2.0,LA,,
21612,97311,3.0,EMEA,23.0,Adapazari
21612,97311,4.0,AP,,
21612,97311,1.0,NA,,
21612,97311,2.0,LA,,
21612,97311,3.0,EMEA,25.0,Izmit
21612,97311,4.0,AP,,
21637,98191,,,,
21638,98192,1.0,NA,,
21638,98192,2.0,LA,,
21638,98192,3.0,EMEA,,
21638,98192,4.0,AP,,
21639,98193,1.0,NA,,
21639,98193,2.0,LA,,
21639,98193,3.0,EMEA,,
21639,98193,4.0,AP,,
21876,104440,1.0,NA,,
21876,104440,2.0,LA,,
21876,104440,3.0,EMEA,,
21914,104931,,,,
23702,131459,,,,
23704,131464,,,,
23830,132945,,,,
23848,133072,,,,
20261,68808,1.0,NA,,
20261,68808,2.0,LA,,
20276,68997,1.0,NA,,
20310,69436,1.0,NA,,
20310,69436,2.0,LA,,
20310,69436,3.0,EMEA,,
20310,69436,4.0,AP,,
20424,71353,,,,
20525,73156,,,,
20526,73160,,,,
20527,73161,,,,
20528,73162,,,,
21050,81485,,,,
21142,82567,4.0,AP,,
21332,88176,,,,
21402,91165,1.0,NA,,
21404,91167,1.0,NA,,
21405,91168,1.0,NA,,
21406,91169,1.0,NA,,
21406,91169,2.0,LA,,
21406,91169,3.0,EMEA,,
21406,91169,4.0,AP,,
21430,92798,,,,
21440,92923,3.0,EMEA,,
21487,94293,1.0,NA,,
21488,94294,1.0,NA,,
21508,94684,1.0,NA,,
21511,94687,1.0,NA,,
21512,94688,1.0,NA,,
21513,94689,1.0,NA,,
21532,94952,,,,
23381,128754,1.0,NA,,
23384,128759,1.0,NA,,
23384,128759,2.0,LA,,
23384,128759,3.0,EMEA,,
23384,128759,4.0,AP,,
23450,129615,,,,
23460,129805,,,,
23828,132944,1.0,NA,9.0,Medicine Hat
23828,132944,2.0,LA,,
23828,132944,3.0,EMEA,,
23828,132944,4.0,AP,,
23828,132944,1.0,NA,10.0,Napanee
23828,132944,2.0,LA,,
23828,132944,3.0,EMEA,,
23828,132944,4.0,AP,,
23828,132944,1.0,NA,11.0,Valleyfield
23828,132944,2.0,LA,,
23828,132944,3.0,EMEA,,
23828,132944,4.0,AP,,
23828,132944,1.0,NA,,
23828,132944,2.0,LA,,
23828,132944,3.0,EMEA,23.0,Adapazari
23828,132944,4.0,AP,,
23828,132944,1.0,NA,,
23828,132944,2.0,LA,,
23828,132944,3.0,EMEA,25.0,Izmit
23828,132944,4.0,AP,,
23828,132944,1.0,NA,,
23828,132944,2.0,LA,,
23828,132944,3.0,EMEA,,
23828,132944,4.0,AP,42.0,Nippon Giant
23828,132944,1.0,NA,,
23828,132944,2.0,LA,,
23828,132944,3.0,EMEA,346.0,Melksham
23828,132944,4.0,AP,,
23828,132944,1.0,NA,,
23828,132944,2.0,LA,,
23828,132944,3.0,EMEA,360.0,Krusevac
23828,132944,4.0,AP,,
23869,133361,,,,
20096,66911,1.0,NA,,
20097,66912,1.0,NA,,
20098,66913,1.0,NA,,
20112,67035,3.0,EMEA,,
20160,67752,,,,
20177,67967,,,,
20224,68481,,,,
20346,70076,,,,
20353,70221,,,,
20403,71059,1.0,NA,,
20488,72639,1.0,NA,,
20702,76301,4.0,AP,,
20706,76305,1.0,NA,,
20706,76305,2.0,LA,,
20706,76305,3.0,EMEA,,
20706,76305,4.0,AP,,
20866,78411,1.0,NA,,
20866,78411,2.0,LA,,
20866,78411,3.0,EMEA,,
20866,78411,4.0,AP,,
20890,79053,1.0,NA,,
20890,79053,2.0,LA,,
20970,79993,1.0,NA,,
20980,80105,,,,
21145,82571,,,,
21296,85098,1.0,NA,10.0,Napanee
21296,85098,3.0,EMEA,,
21296,85098,1.0,NA,11.0,Valleyfield
21296,85098,3.0,EMEA,,
21296,85098,1.0,NA,58.0,Chem Niagara Falls
21296,85098,3.0,EMEA,,
21298,85203,,,,
21463,93547,,,,
21464,93549,1.0,NA,,
21464,93549,2.0,LA,,
21464,93549,3.0,EMEA,,
21464,93549,4.0,AP,,
21466,93551,1.0,NA,,
21466,93551,2.0,LA,,
21466,93551,3.0,EMEA,,
21466,93551,4.0,AP,,
21468,93552,,,,
21776,102281,,,,
21916,104933,1.0,NA,,
21917,104934,1.0,NA,,
21919,104936,1.0,NA,,
21920,104937,1.0,NA,,
21921,104938,1.0,NA,,
21974,106368,,,,
21975,106369,,,,
22018,107313,1.0,NA,,
22030,108379,,,,
22031,108381,,,,
23541,130254,1.0,NA,,
23541,130254,2.0,LA,,
23541,130254,3.0,EMEA,,
23541,130254,4.0,AP,,
23542,130255,1.0,NA,,
23542,130255,2.0,LA,,
23542,130255,3.0,EMEA,,
23542,130255,4.0,AP,,
23543,130256,1.0,NA,,
23543,130256,2.0,LA,,
23543,130256,3.0,EMEA,,
23543,130256,4.0,AP,,
23560,130310,,,,
23578,130324,,,,
23600,130420,,,,
23601,130421,,,,
23740,132019,,,,
23772,132281,1.0,NA,,
23772,132281,2.0,LA,,
23772,132281,3.0,EMEA,23.0,Adapazari
23772,132281,4.0,AP,,
23772,132281,1.0,NA,,
23772,132281,2.0,LA,,
23772,132281,3.0,EMEA,25.0,Izmit
23772,132281,4.0,AP,,
23772,132281,1.0,NA,,
23772,132281,2.0,LA,,
23772,132281,3.0,EMEA,346.0,Melksham
23772,132281,4.0,AP,,
23858,133289,,,,
23876,133428,1.0,NA,,
23876,133428,2.0,LA,,
23876,133428,3.0,EMEA,,
23876,133428,4.0,AP,,
23877,133429,1.0,NA,,
23877,133429,2.0,LA,,
23877,133429,3.0,EMEA,,
23877,133429,4.0,AP,,
20402,71058,1.0,NA,,
20404,71060,1.0,NA,,
20405,71061,1.0,NA,,
20406,71062,1.0,NA,,
20484,72635,1.0,NA,,
20485,72636,1.0,NA,,
20486,72637,1.0,NA,,
20487,72638,1.0,NA,,
20633,75059,1.0,NA,,
20634,75060,1.0,NA,,
20635,75061,1.0,NA,,
20636,75062,1.0,NA,,
20637,75063,1.0,NA,,
20929,79436,1.0,NA,,
20929,79436,2.0,LA,,
20929,79436,3.0,EMEA,,
20929,79436,4.0,AP,,
20931,79438,1.0,NA,,
20931,79438,2.0,LA,,
20931,79438,3.0,EMEA,,
20931,79438,4.0,AP,,
20932,79439,1.0,NA,,
20932,79439,2.0,LA,,
20932,79439,3.0,EMEA,,
20932,79439,4.0,AP,,
20982,80203,1.0,NA,,
20998,80485,1.0,NA,,
20998,80485,2.0,LA,,
20998,80485,3.0,EMEA,,
20998,80485,4.0,AP,,
20999,80486,1.0,NA,,
20999,80486,2.0,LA,,
20999,80486,3.0,EMEA,,
20999,80486,4.0,AP,,
21000,80487,1.0,NA,,
21000,80487,2.0,LA,,
21000,80487,3.0,EMEA,,
21000,80487,4.0,AP,,
21001,80488,1.0,NA,,
21001,80488,2.0,LA,,
21001,80488,3.0,EMEA,,
21001,80488,4.0,AP,,
21348,89011,1.0,NA,,
21348,89011,2.0,LA,,
21348,89011,3.0,EMEA,,
21348,89011,4.0,AP,,
21349,89012,1.0,NA,,
21349,89012,2.0,LA,,
21349,89012,3.0,EMEA,,
21349,89012,4.0,AP,,
21459,93427,,,,
21615,97446,1.0,NA,,
21618,97449,1.0,NA,,
21619,97450,1.0,NA,,
21620,97451,1.0,NA,,
21622,97453,1.0,NA,,
21870,104214,2.0,LA,,
21870,104214,4.0,AP,,
21878,104536,1.0,NA,,
21879,104537,1.0,NA,,
21923,105029,1.0,NA,10.0,Napanee
21923,105029,2.0,LA,,
21923,105029,1.0,NA,11.0,Valleyfield
21923,105029,2.0,LA,,
21923,105029,1.0,NA,58.0,Chem Niagara Falls
21923,105029,2.0,LA,,
21926,105032,1.0,NA,,
21926,105032,2.0,LA,,
21926,105032,3.0,EMEA,,
21926,105032,4.0,AP,,
21928,105033,1.0,NA,,
21932,105130,1.0,NA,,
21932,105130,2.0,LA,,
21932,105130,3.0,EMEA,,
21932,105130,4.0,AP,42.0,Nippon Giant
21933,105131,1.0,NA,,
21933,105131,2.0,LA,,
21933,105131,3.0,EMEA,,
21933,105131,4.0,AP,42.0,Nippon Giant
21935,105219,,,,
21936,105311,,,,
23444,129510,1.0,NA,,
23831,132947,1.0,NA,,
23831,132947,2.0,LA,,
23831,132947,4.0,AP,,
23872,133424,2.0,LA,,
20329,69524,1.0,NA,,
20329,69524,2.0,LA,,
20329,69524,3.0,EMEA,,
20329,69524,4.0,AP,,
20396,70855,1.0,NA,,
20398,70919,1.0,NA,,
20398,70919,2.0,LA,,
20398,70919,3.0,EMEA,,
20398,70919,4.0,AP,,
20854,78273,1.0,NA,,
20854,78273,2.0,LA,,
20854,78273,3.0,EMEA,,
20854,78273,4.0,AP,,
20855,78274,1.0,NA,,
20855,78274,2.0,LA,,
20855,78274,3.0,EMEA,23.0,Adapazari
20855,78274,4.0,AP,,
20855,78274,1.0,NA,,
20855,78274,2.0,LA,,
20855,78274,3.0,EMEA,25.0,Izmit
20855,78274,4.0,AP,,
20855,78274,1.0,NA,,
20855,78274,2.0,LA,,
20855,78274,3.0,EMEA,,
20855,78274,4.0,AP,40.0,Thailand
20855,78274,1.0,NA,,
20855,78274,2.0,LA,,
20855,78274,3.0,EMEA,,
20855,78274,4.0,AP,42.0,Nippon Giant
20856,78275,1.0,NA,,
20856,78275,2.0,LA,,
20856,78275,3.0,EMEA,,
20856,78275,4.0,AP,42.0,Nippon Giant
20978,80052,,,,
21305,85605,,,,
21458,93426,,,,
21678,99788,1.0,NA,,
21679,99789,1.0,NA,,
21690,100615,1.0,NA,,
21691,100616,1.0,NA,,
21692,100617,1.0,NA,,
21761,102093,1.0,NA,,
21761,102093,2.0,LA,,
21761,102093,3.0,EMEA,,
21761,102093,4.0,AP,,
21764,102183,1.0,NA,,
21765,102184,1.0,NA,,
21765,102184,2.0,LA,,
21765,102184,3.0,EMEA,,
21765,102184,4.0,AP,,
21766,102185,,,,
21864,104032,,,,
21866,104034,,,,
22032,108383,,,,
22093,109699,1.0,NA,,
22150,110686,,,,
22152,110693,,,,
23520,130167,,,,
23522,130203,1.0,NA,,
23522,130203,3.0,EMEA,,
23523,130204,1.0,NA,,
23523,130204,3.0,EMEA,,
23588,130334,1.0,NA,,
23716,131662,,,,
23777,132359,,,,
23805,132822,1.0,NA,,
20195,68138,1.0,NA,,
20496,72951,1.0,NA,,
20498,72953,1.0,NA,,
20499,72954,1.0,NA,,
20501,72956,1.0,NA,,
20502,72957,1.0,NA,,
20503,72958,1.0,NA,,
20504,72959,1.0,NA,,
20505,72960,1.0,NA,,
20597,74315,4.0,AP,37.0,Malaysia
20597,74315,4.0,AP,42.0,Nippon Giant
20597,74315,4.0,AP,100.0,Pulandian
20606,74324,1.0,NA,,
20640,75128,,,,
20734,76762,,,,
20828,78191,1.0,NA,,
20832,78195,1.0,NA,,
21058,81720,1.0,NA,,
21058,81720,2.0,LA,,
21058,81720,3.0,EMEA,,
21058,81720,4.0,AP,,
21498,94673,,,,
21499,94674,,,,
21500,94675,,,,
21501,94676,,,,
21502,94677,,,,
21503,94678,,,,
21504,94680,,,,
21506,94681,1.0,NA,,
21506,94681,2.0,LA,,
21506,94681,3.0,EMEA,23.0,Adapazari
21506,94681,4.0,AP,,
21506,94681,1.0,NA,,
21506,94681,2.0,LA,,
21506,94681,3.0,EMEA,25.0,Izmit
21506,94681,4.0,AP,,
21507,94682,1.0,NA,,
21507,94682,2.0,LA,,
21507,94682,3.0,EMEA,23.0,Adapazari
21507,94682,4.0,AP,,
21507,94682,1.0,NA,,
21507,94682,2.0,LA,,
21507,94682,3.0,EMEA,25.0,Izmit
21507,94682,4.0,AP,,
23420,129304,1.0,NA,,
23504,130063,,,,
23505,130064,,,,
23506,130065,,,,
23507,130066,,,,
23618,130610,1.0,NA,,
23618,130610,2.0,LA,,
23618,130610,3.0,EMEA,,
23618,130610,4.0,AP,,
23662,130983,1.0,NA,,
23662,130983,2.0,LA,,
23662,130983,3.0,EMEA,,
23662,130983,4.0,AP,,
23784,132487,,,,
22482,115649,,,,
22483,115650,,,,
22504,116127,,,,
22506,116129,,,,
22528,116396,1.0,NA,,
22530,116398,1.0,NA,,
22532,116400,1.0,NA,,
22534,116402,1.0,NA,,
22535,116403,1.0,NA,,
22537,116405,1.0,NA,,
22538,116406,1.0,NA,,
22540,116408,1.0,NA,,
22541,116410,1.0,NA,,
22554,116725,1.0,NA,,
22554,116725,2.0,LA,,
22554,116725,3.0,EMEA,,
22554,116725,4.0,AP,,
22556,116802,1.0,NA,,
22556,116802,2.0,LA,,
22556,116802,4.0,AP,,
22559,116805,,,,
22560,116806,1.0,NA,,
22560,116806,2.0,LA,,
22560,116806,3.0,EMEA,,
22560,116806,4.0,AP,,
22561,116807,,,,
22564,116810,,,,
22580,117240,,,,
22594,117470,,,,
22615,117685,,,,
22618,117751,3.0,EMEA,,
22656,118237,1.0,NA,,
22660,118299,,,,
22666,118432,,,,
22672,118489,,,,
20418,71143,1.0,NA,,
20439,71582,1.0,NA,,
21111,82069,1.0,NA,,
21184,82943,1.0,NA,,
21185,82948,1.0,NA,,
21268,84767,1.0,NA,,
21268,84767,3.0,EMEA,,
21552,95344,1.0,NA,,
21552,95344,2.0,LA,,
21552,95344,3.0,EMEA,,
21552,95344,4.0,AP,,
21634,97889,1.0,NA,,
21782,102375,,,,
21830,103325,,,,
21891,104823,1.0,NA,,
21891,104823,3.0,EMEA,,
21892,104824,1.0,NA,,
21892,104824,3.0,EMEA,,
21893,104825,1.0,NA,,
21893,104825,3.0,EMEA,,
21894,104826,1.0,NA,,
21894,104826,3.0,EMEA,,
21895,104827,1.0,NA,,
21895,104827,3.0,EMEA,,
21896,104828,1.0,NA,,
21896,104828,3.0,EMEA,,
21897,104829,1.0,NA,,
21897,104829,3.0,EMEA,,
21994,106930,1.0,NA,,
21994,106930,2.0,LA,,
21994,106930,3.0,EMEA,,
21994,106930,4.0,AP,,
22050,108934,,,,
22216,111575,1.0,NA,,
22216,111575,2.0,LA,,
22216,111575,3.0,EMEA,,
22216,111575,4.0,AP,,
22418,114827,1.0,NA,,
22418,114827,2.0,LA,,
22418,114827,3.0,EMEA,,
22418,114827,4.0,AP,,
22420,114829,,,,
22421,114832,,,,
22422,114833,,,,
22600,117536,3.0,EMEA,,
22601,117537,3.0,EMEA,,
22602,117542,1.0,NA,,
22602,117542,2.0,LA,,
22602,117542,3.0,EMEA,,
22602,117542,4.0,AP,,
22750,119539,1.0,NA,,
22750,119539,2.0,LA,,
22750,119539,3.0,EMEA,,
22750,119539,4.0,AP,,
22442,114944,,,,
22443,114945,,,,
22445,114947,1.0,NA,,
22463,115302,1.0,NA,,
22463,115302,2.0,LA,,
22463,115302,3.0,EMEA,,
22463,115302,4.0,AP,,
22464,115303,1.0,NA,,
22464,115303,2.0,LA,,
22464,115303,3.0,EMEA,,
22464,115303,4.0,AP,,
22487,115740,1.0,NA,,
22488,115741,1.0,NA,,
22489,115742,1.0,NA,,
22496,115937,1.0,NA,,
22496,115937,2.0,LA,,
22496,115937,3.0,EMEA,,
22496,115937,4.0,AP,42.0,Nippon Giant
22500,116117,1.0,NA,,
22500,116117,2.0,LA,,
22501,116118,1.0,NA,,
22501,116118,2.0,LA,,
22505,116128,,,,
22566,116885,4.0,AP,,
22567,116886,4.0,AP,,
22568,116887,4.0,AP,,
22572,117036,,,,
22574,117235,,,,
22576,117236,,,,
22577,117237,,,,
22578,117238,,,,
22579,117239,,,,
22586,117320,3.0,EMEA,,
22590,117327,1.0,NA,,
20180,67976,1.0,NA,32.0,Chile
20180,67976,1.0,NA,240.0,San Luis Potosi
20344,69989,1.0,NA,,
20344,69989,2.0,LA,,
20344,69989,3.0,EMEA,,
20344,69989,4.0,AP,,
20392,70789,1.0,NA,,
20392,70789,2.0,LA,,
20392,70789,3.0,EMEA,,
20392,70789,4.0,AP,,
20394,70790,1.0,NA,,
20394,70790,2.0,LA,,
20394,70790,3.0,EMEA,,
20394,70790,4.0,AP,,
20420,71215,1.0,NA,,
20420,71215,2.0,LA,,
20420,71215,3.0,EMEA,,
20420,71215,4.0,AP,,
20664,75686,,,,
20666,75687,1.0,NA,,
20666,75687,2.0,LA,,
20666,75687,3.0,EMEA,,
20666,75687,4.0,AP,,
20667,75688,1.0,NA,,
20667,75688,2.0,LA,,
20667,75688,3.0,EMEA,,
20667,75688,4.0,AP,,
21203,83382,1.0,NA,,
21203,83382,2.0,LA,,
21203,83382,3.0,EMEA,,
21203,83382,4.0,AP,,
21322,86117,1.0,NA,,
21323,86118,,,,
21546,95215,1.0,NA,,
21546,95215,2.0,LA,,
21546,95215,3.0,EMEA,,
21546,95215,4.0,AP,,
21547,95216,1.0,NA,,
21547,95216,2.0,LA,,
21547,95216,3.0,EMEA,,
21547,95216,4.0,AP,,
21549,95221,,,,
21590,96375,1.0,NA,,
21590,96375,2.0,LA,,
21590,96375,3.0,EMEA,,
21590,96375,4.0,AP,,
21593,96505,,,,
22011,107122,,,,
22092,109698,1.0,NA,,
22406,114647,1.0,NA,,
22408,114649,1.0,NA,,
22409,114650,1.0,NA,,
22410,114651,1.0,NA,,
22411,114652,1.0,NA,,
22412,114653,,,,
22416,114824,,,,
22684,118666,1.0,NA,,
22684,118666,2.0,LA,,
22684,118666,4.0,AP,,
22696,118981,,,,
22697,118982,,,,
22738,119429,,,,
22756,119745,,,,
22761,119809,1.0,NA,,
22761,119809,2.0,LA,,
22761,119809,3.0,EMEA,,
22761,119809,4.0,AP,,
22762,119813,,,,
22786,120139,,,,
22796,120378,1.0,NA,,
22810,120914,1.0,NA,,
22830,121328,1.0,NA,,
22832,121330,1.0,NA,,
22836,121394,1.0,NA,9.0,Medicine Hat
22836,121394,2.0,LA,,
22836,121394,3.0,EMEA,,
22836,121394,4.0,AP,,
22836,121394,1.0,NA,10.0,Napanee
22836,121394,2.0,LA,,
22836,121394,3.0,EMEA,,
22836,121394,4.0,AP,,
22836,121394,1.0,NA,11.0,Valleyfield
22836,121394,2.0,LA,,
22836,121394,3.0,EMEA,,
22836,121394,4.0,AP,,
22836,121394,1.0,NA,,
22836,121394,2.0,LA,,
22836,121394,3.0,EMEA,18.0,Debica
22836,121394,4.0,AP,,
22836,121394,1.0,NA,,
22836,121394,2.0,LA,,
22836,121394,3.0,EMEA,19.0,Philippsburg
22836,121394,4.0,AP,,
22836,121394,1.0,NA,,
22836,121394,2.0,LA,,
22836,121394,3.0,EMEA,21.0,Luxembourg
22836,121394,4.0,AP,,
22836,121394,1.0,NA,,
22836,121394,2.0,LA,,
22836,121394,3.0,EMEA,24.0,Sava
22836,121394,4.0,AP,,
22836,121394,1.0,NA,,
22836,121394,2.0,LA,,
22836,121394,3.0,EMEA,26.0,Fulda
22836,121394,4.0,AP,,
22836,121394,1.0,NA,,
22836,121394,2.0,LA,,
22836,121394,3.0,EMEA,,
22836,121394,4.0,AP,42.0,Nippon Giant
22836,121394,1.0,NA,,
22836,121394,2.0,LA,,
22836,121394,3.0,EMEA,49.0,Montlucon
22836,121394,4.0,AP,,
22836,121394,1.0,NA,,
22836,121394,2.0,LA,,
22836,121394,3.0,EMEA,50.0,Hanau
22836,121394,4.0,AP,,
22836,121394,1.0,NA,,
22836,121394,2.0,LA,,
22836,121394,3.0,EMEA,51.0,Wittlich
22836,121394,4.0,AP,,
22836,121394,1.0,NA,,
22836,121394,2.0,LA,,
22836,121394,3.0,EMEA,52.0,Fuerstenwalde
22836,121394,4.0,AP,,
22836,121394,1.0,NA,,
22836,121394,2.0,LA,,
22836,121394,3.0,EMEA,53.0,Riesa
22836,121394,4.0,AP,,
22836,121394,1.0,NA,,
22836,121394,2.0,LA,,
22836,121394,3.0,EMEA,200.0,ICM*L
22836,121394,4.0,AP,,
22837,121395,1.0,NA,9.0,Medicine Hat
22837,121395,2.0,LA,,
22837,121395,3.0,EMEA,,
22837,121395,4.0,AP,,
22837,121395,1.0,NA,10.0,Napanee
22837,121395,2.0,LA,,
22837,121395,3.0,EMEA,,
22837,121395,4.0,AP,,
22837,121395,1.0,NA,11.0,Valleyfield
22837,121395,2.0,LA,,
22837,121395,3.0,EMEA,,
22837,121395,4.0,AP,,
22838,121396,1.0,NA,,
22838,121396,2.0,LA,,
22838,121396,3.0,EMEA,,
22838,121396,4.0,AP,,
22846,121786,,,,
22848,121791,,,,
22850,121793,,,,
22852,121795,,,,
22857,121935,1.0,NA,,
22857,121935,2.0,LA,,
22857,121935,3.0,EMEA,,
22857,121935,4.0,AP,,
22859,121937,1.0,NA,,
22859,121937,2.0,LA,,
22859,121937,3.0,EMEA,,
22859,121937,4.0,AP,,
22868,122020,1.0,NA,,
22868,122020,2.0,LA,,
22868,122020,3.0,EMEA,,
22868,122020,4.0,AP,,
22880,122175,1.0,NA,,
22900,122414,,,,
22904,122421,,,,
22905,122422,,,,
22908,122493,1.0,NA,,
22912,122572,1.0,NA,,
20132,67164,1.0,NA,,
20132,67164,2.0,LA,,
20132,67164,3.0,EMEA,,
20132,67164,4.0,AP,,
20544,73401,,,,
20798,77977,3.0,EMEA,,
20909,79295,1.0,NA,,
20913,79300,,,,
21018,81066,3.0,EMEA,,
21022,81070,1.0,NA,,
21022,81070,2.0,LA,,
21022,81070,3.0,EMEA,,
21022,81070,4.0,AP,,
21024,81072,1.0,NA,,
21024,81072,2.0,LA,,
21024,81072,3.0,EMEA,,
21024,81072,4.0,AP,,
21030,81078,1.0,NA,,
21030,81078,2.0,LA,,
21030,81078,3.0,EMEA,,
21030,81078,4.0,AP,,
21082,81856,1.0,NA,,
21333,88177,,,,
21334,88178,,,,
21518,94814,1.0,NA,,
21518,94814,2.0,LA,,
21518,94814,3.0,EMEA,,
21518,94814,4.0,AP,,
21748,101802,,,,
21773,102276,1.0,NA,,
21868,104112,1.0,NA,,
22184,111214,1.0,NA,,
22185,111215,,,,
22186,111216,,,,
22322,113015,,,,
22628,117832,,,,
22632,117894,,,,
22655,118235,1.0,NA,,
22915,122577,,,,
22916,122578,,,,
22972,123352,,,,
23269,127808,1.0,NA,1.0,Danville
23269,127808,3.0,EMEA,,
23269,127808,1.0,NA,3.0,Topeka
23269,127808,3.0,EMEA,,
23269,127808,1.0,NA,5.0,Fayetteville
23269,127808,3.0,EMEA,,
23269,127808,1.0,NA,8.0,Lawton
23269,127808,3.0,EMEA,,
23269,127808,1.0,NA,9.0,Medicine Hat
23269,127808,3.0,EMEA,,
23269,127808,1.0,NA,10.0,Napanee
23269,127808,3.0,EMEA,,
23269,127808,1.0,NA,11.0,Valleyfield
23269,127808,3.0,EMEA,,
23269,127808,1.0,NA,13.0,Social Circle
23269,127808,3.0,EMEA,,
23269,127808,1.0,NA,14.0,ICM*A
23269,127808,3.0,EMEA,,
23269,127808,1.0,NA,,
23269,127808,3.0,EMEA,18.0,Debica
23269,127808,1.0,NA,,
23269,127808,3.0,EMEA,19.0,Philippsburg
23269,127808,1.0,NA,,
23269,127808,3.0,EMEA,21.0,Luxembourg
23269,127808,1.0,NA,,
23269,127808,3.0,EMEA,23.0,Adapazari
23269,127808,1.0,NA,,
23269,127808,3.0,EMEA,24.0,Sava
23269,127808,1.0,NA,,
23269,127808,3.0,EMEA,25.0,Izmit
23269,127808,1.0,NA,,
23269,127808,3.0,EMEA,26.0,Fulda
23269,127808,1.0,NA,,
23269,127808,3.0,EMEA,27.0,South Africa
23269,127808,1.0,NA,32.0,Chile
23269,127808,3.0,EMEA,,
23269,127808,1.0,NA,,
23269,127808,3.0,EMEA,48.0,Amiens South
23269,127808,1.0,NA,,
23269,127808,3.0,EMEA,49.0,Montlucon
23269,127808,1.0,NA,,
23269,127808,3.0,EMEA,50.0,Hanau
23269,127808,1.0,NA,,
23269,127808,3.0,EMEA,51.0,Wittlich
23269,127808,1.0,NA,,
23269,127808,3.0,EMEA,52.0,Fuerstenwalde
23269,127808,1.0,NA,,
23269,127808,3.0,EMEA,53.0,Riesa
23269,127808,1.0,NA,55.0,Chem Bayport
23269,127808,3.0,EMEA,,
23269,127808,1.0,NA,56.0,Chem Beaumont
23269,127808,3.0,EMEA,,
23269,127808,1.0,NA,57.0,Chem Houston
23269,127808,3.0,EMEA,,
23269,127808,1.0,NA,58.0,Chem Niagara Falls
23269,127808,3.0,EMEA,,
23269,127808,1.0,NA,120.0,NA-LA-AP Except AIRCRAFT
23269,127808,3.0,EMEA,,
23269,127808,1.0,NA,,
23269,127808,3.0,EMEA,180.0,Polymer-Technik Elbe GmbH
23269,127808,1.0,NA,,
23269,127808,3.0,EMEA,200.0,ICM*L
23269,127808,1.0,NA,,
23269,127808,3.0,EMEA,220.0,RCCE
23269,127808,1.0,NA,240.0,San Luis Potosi
23269,127808,3.0,EMEA,,
23269,127808,1.0,NA,,
23269,127808,3.0,EMEA,260.0,Conbelts Bytom-SAEU
23269,127808,1.0,NA,,
23269,127808,3.0,EMEA,261.0,DRC Kauucuk
23269,127808,1.0,NA,,
23269,127808,3.0,EMEA,262.0,Empresa Industrial de Borracha SA-EIB
23269,127808,1.0,NA,,
23269,127808,3.0,EMEA,263.0,FTT Stomil Wolbrom SA
23269,127808,1.0,NA,,
23269,127808,3.0,EMEA,264.0,Geyer and Hosaja-Zak-ADY Gumowe w Mielcu-Sp. Zo.o
23269,127808,1.0,NA,,
23269,127808,3.0,EMEA,265.0,Hexpol - Berwin
23269,127808,1.0,NA,,
23269,127808,3.0,EMEA,266.0,Kabat Tyre
23269,127808,1.0,NA,,
23269,127808,3.0,EMEA,267.0,Kolsan
23269,127808,1.0,NA,,
23269,127808,3.0,EMEA,268.0,Kraiburg Austria GmbH and Co. KG
23269,127808,1.0,NA,,
23269,127808,3.0,EMEA,269.0,Marangoni S.p.A Rovereto
23269,127808,1.0,NA,,
23269,127808,3.0,EMEA,270.0,Marangoni S.p.A Hamburg
23269,127808,1.0,NA,,
23269,127808,3.0,EMEA,271.0,Matrax s.r.o.
23269,127808,1.0,NA,,
23269,127808,3.0,EMEA,272.0,Multiblend
23269,127808,1.0,NA,,
23269,127808,3.0,EMEA,273.0,Omya Uk Limited-Masterbatches
23269,127808,1.0,NA,,
23269,127808,3.0,EMEA,274.0,Ozka Lastik ve Kaucuk Inc.
23269,127808,1.0,NA,,
23269,127808,3.0,EMEA,275.0,Peintures Robin S.A-Paints /Cements
23269,127808,1.0,NA,,
23269,127808,3.0,EMEA,276.0,Phoenix Compound Technology Hamburg
23269,127808,1.0,NA,,
23269,127808,3.0,EMEA,277.0,Phoenix Compound Technology Waltershausen
23269,127808,1.0,NA,,
23269,127808,3.0,EMEA,279.0,ProPS s.r.o.
23269,127808,1.0,NA,,
23269,127808,3.0,EMEA,280.0,S and N Rubber¿
23269,127808,1.0,NA,,
23269,127808,3.0,EMEA,281.0,Socamont-S.A.
23269,127808,1.0,NA,,
23269,127808,3.0,EMEA,282.0,Stomil Poznan
23269,127808,1.0,NA,,
23269,127808,3.0,EMEA,283.0,Tecnogum
23269,127808,1.0,NA,,
23269,127808,3.0,EMEA,284.0,Vil Kaucuk San.ve Tic. Ltd Sti
23269,127808,1.0,NA,,
23269,127808,3.0,EMEA,285.0,Zaklady Chemiczne BOCHEM Sp. z o.o
23269,127808,1.0,NA,300.0,Kingman
23269,127808,3.0,EMEA,,
23269,127808,1.0,NA,301.0,Stockbridge
23269,127808,3.0,EMEA,,
23269,127808,1.0,NA,340.0,Clarksdale
23269,127808,3.0,EMEA,,
23269,127808,1.0,NA,341.0,Findlay
23269,127808,3.0,EMEA,,
23269,127808,1.0,NA,342.0,Texarkana
23269,127808,3.0,EMEA,,
23269,127808,1.0,NA,343.0,Tupelo
23269,127808,3.0,EMEA,,
23269,127808,1.0,NA,344.0,Tall Timbers
23269,127808,3.0,EMEA,,
23269,127808,1.0,NA,,
23269,127808,3.0,EMEA,346.0,Melksham
23269,127808,1.0,NA,,
23269,127808,3.0,EMEA,360.0,Krusevac
23440,129461,3.0,EMEA,,
23442,129463,3.0,EMEA,,
23619,130611,1.0,NA,,
23619,130611,2.0,LA,,
23619,130611,3.0,EMEA,,
23619,130611,4.0,AP,,
22596,117533,1.0,NA,,
22604,117544,,,,
22606,117605,,,,
22611,117610,1.0,NA,,
22611,117610,2.0,LA,,
22611,117610,3.0,EMEA,,
22611,117610,4.0,AP,,
22614,117684,,,,
22625,117827,1.0,NA,,
22630,117892,,,,
22631,117893,,,,
22638,118039,,,,
22640,118044,,,,
22642,118167,,,,
22674,118490,,,,
22682,118604,,,,
22686,118667,,,,
22694,118862,,,,
22702,118987,1.0,NA,,
22702,118987,2.0,LA,,
22702,118987,3.0,EMEA,,
22702,118987,4.0,AP,,
22736,119427,1.0,NA,,
22742,119534,,,,
22801,120558,1.0,NA,,
22801,120558,2.0,LA,30.0,Americana
22801,120558,3.0,EMEA,,
22801,120558,4.0,AP,,
22804,120747,,,,
20266,68923,3.0,EMEA,,
20460,72002,,,,
20538,73339,,,,
20618,74562,1.0,NA,,
20618,74562,2.0,LA,,
20618,74562,4.0,AP,,
20641,75129,,,,
20642,75130,,,,
20643,75131,,,,
20645,75135,,,,
20808,78041,,,,
20972,80047,1.0,NA,,
20972,80047,2.0,LA,,
20972,80047,3.0,EMEA,23.0,Adapazari
20972,80047,4.0,AP,,
20972,80047,1.0,NA,,
20972,80047,2.0,LA,,
20972,80047,3.0,EMEA,25.0,Izmit
20972,80047,4.0,AP,,
20973,80048,1.0,NA,,
20973,80048,2.0,LA,,
20973,80048,3.0,EMEA,,
20973,80048,4.0,AP,,
21130,82410,1.0,NA,,
21130,82410,2.0,LA,,
21130,82410,3.0,EMEA,23.0,Adapazari
21130,82410,4.0,AP,,
21130,82410,1.0,NA,,
21130,82410,2.0,LA,,
21130,82410,3.0,EMEA,25.0,Izmit
21130,82410,4.0,AP,,
21603,96910,,,,
21790,102570,1.0,NA,,
21833,103413,,,,
21838,103589,1.0,NA,,
21890,104822,1.0,NA,,
21890,104822,3.0,EMEA,,
22774,120072,,,,
22775,120073,,,,
22776,120074,,,,
22780,120078,,,,
22913,122574,,,,
22942,122860,,,,
22958,123111,,,,
22964,123186,1.0,NA,,
22964,123186,2.0,LA,,
22964,123186,3.0,EMEA,23.0,Adapazari
22964,123186,4.0,AP,,
22964,123186,1.0,NA,,
22964,123186,2.0,LA,,
22964,123186,3.0,EMEA,25.0,Izmit
22964,123186,4.0,AP,,
23036,124329,1.0,NA,,
23036,124329,4.0,AP,,
23038,124466,1.0,NA,,
23038,124466,4.0,AP,,
23073,124828,1.0,NA,,
23078,125048,,,,
23082,125127,1.0,NA,,
23082,125127,2.0,LA,,
23082,125127,3.0,EMEA,,
23082,125127,4.0,AP,,
23084,125186,,,,
23085,125187,,,,
23086,125188,,,,
23097,125257,,,,
23120,125463,,,,
23156,126034,,,,
23194,126383,,,,
23195,126384,,,,
23196,126385,,,,
23226,126532,1.0,NA,,
23252,126969,,,,
23253,126972,,,,
23257,126976,1.0,NA,,
23259,126978,1.0,NA,,
20174,67935,1.0,NA,,
20174,67935,2.0,LA,,
20174,67935,3.0,EMEA,23.0,Adapazari
20174,67935,4.0,AP,,
20174,67935,1.0,NA,,
20174,67935,2.0,LA,,
20174,67935,3.0,EMEA,25.0,Izmit
20174,67935,4.0,AP,,
20212,68350,4.0,AP,,
20240,68611,1.0,NA,,
20240,68611,2.0,LA,,
20240,68611,3.0,EMEA,,
20240,68611,4.0,AP,,
20315,69513,1.0,NA,,
20315,69513,2.0,LA,,
20315,69513,3.0,EMEA,,
20315,69513,4.0,AP,,
20318,69516,1.0,NA,,
20318,69516,2.0,LA,,
20318,69516,3.0,EMEA,,
20318,69516,4.0,AP,,
20320,69517,1.0,NA,,
20320,69517,2.0,LA,,
20320,69517,3.0,EMEA,,
20320,69517,4.0,AP,,
20321,69518,1.0,NA,,
20321,69518,2.0,LA,,
20321,69518,3.0,EMEA,,
20321,69518,4.0,AP,,
20322,69519,1.0,NA,,
20322,69519,2.0,LA,,
20322,69519,3.0,EMEA,,
20322,69519,4.0,AP,,
20324,69520,1.0,NA,,
20324,69520,2.0,LA,,
20324,69520,3.0,EMEA,,
20324,69520,4.0,AP,,
20416,71141,1.0,NA,,
20417,71142,1.0,NA,,
20462,72004,1.0,NA,,
20462,72004,2.0,LA,,
20462,72004,3.0,EMEA,,
20462,72004,4.0,AP,,
20736,76867,1.0,NA,,
20778,77534,1.0,NA,,
20780,77536,1.0,NA,,
20782,77538,1.0,NA,,
20783,77539,1.0,NA,,
20783,77539,2.0,LA,,
20783,77539,3.0,EMEA,,
20783,77539,4.0,AP,42.0,Nippon Giant
21046,81426,1.0,NA,,
21046,81426,2.0,LA,,
21046,81426,3.0,EMEA,,
21046,81426,4.0,AP,,
21342,88361,1.0,NA,1.0,Danville
21343,88362,1.0,NA,3.0,Topeka
21480,94035,,,,
21528,94826,,,,
21534,94955,1.0,NA,,
21534,94955,2.0,LA,,
21534,94955,3.0,EMEA,,
21534,94955,4.0,AP,,
21592,96504,1.0,NA,,
21592,96504,2.0,LA,,
21592,96504,3.0,EMEA,,
21592,96504,4.0,AP,,
21676,99786,1.0,NA,,
21677,99787,1.0,NA,,
21874,104431,1.0,NA,,
21874,104431,2.0,LA,,
21874,104431,3.0,EMEA,,
21874,104431,4.0,AP,,
21980,106554,1.0,NA,,
21980,106554,2.0,LA,,
21980,106554,4.0,AP,,
21984,106557,1.0,NA,,
21985,106558,1.0,NA,,
21986,106559,1.0,NA,,
21986,106559,2.0,LA,,
21996,106935,1.0,NA,,
22082,109507,,,,
22820,121190,,,,
22821,121191,1.0,NA,,
22821,121191,2.0,LA,,
22821,121191,3.0,EMEA,,
22821,121191,4.0,AP,,
22844,121655,1.0,NA,,
22888,122183,,,,
22898,122413,1.0,NA,,
22898,122413,2.0,LA,,
22898,122413,3.0,EMEA,,
22898,122413,4.0,AP,,
22926,122684,1.0,NA,,
22935,122693,,,,
22936,122766,,,,
22940,122857,,,,
22944,122933,1.0,NA,,
22944,122933,2.0,LA,,
22944,122933,3.0,EMEA,23.0,Adapazari
22944,122933,4.0,AP,,
22944,122933,1.0,NA,,
22944,122933,2.0,LA,,
22944,122933,3.0,EMEA,25.0,Izmit
22944,122933,4.0,AP,,
22944,122933,1.0,NA,,
22944,122933,2.0,LA,,
22944,122933,3.0,EMEA,,
22944,122933,4.0,AP,40.0,Thailand
22944,122933,1.0,NA,,
22944,122933,2.0,LA,,
22944,122933,3.0,EMEA,,
22944,122933,4.0,AP,42.0,Nippon Giant
22944,122933,1.0,NA,,
22944,122933,2.0,LA,,
22944,122933,3.0,EMEA,,
22944,122933,4.0,AP,47.0,Indonesia
22966,123187,,,,
22970,123272,1.0,NA,,
22970,123272,3.0,EMEA,,
22985,123831,1.0,NA,,
22985,123831,2.0,LA,,
22985,123831,4.0,AP,,
22986,123905,1.0,NA,9.0,Medicine Hat
22986,123905,2.0,LA,,
22986,123905,3.0,EMEA,,
22986,123905,4.0,AP,,
22986,123905,1.0,NA,10.0,Napanee
22986,123905,2.0,LA,,
22986,123905,3.0,EMEA,,
22986,123905,4.0,AP,,
22986,123905,1.0,NA,11.0,Valleyfield
22986,123905,2.0,LA,,
22986,123905,3.0,EMEA,,
22986,123905,4.0,AP,,
22986,123905,1.0,NA,,
22986,123905,2.0,LA,,
22986,123905,3.0,EMEA,23.0,Adapazari
22986,123905,4.0,AP,,
22986,123905,1.0,NA,,
22986,123905,2.0,LA,,
22986,123905,3.0,EMEA,25.0,Izmit
22986,123905,4.0,AP,,
22997,124084,1.0,NA,,
22998,124085,1.0,NA,,
22999,124086,1.0,NA,,
23000,124087,1.0,NA,,
23001,124088,1.0,NA,,
23002,124089,1.0,NA,,
23003,124090,1.0,NA,,
23004,124091,1.0,NA,,
23005,124092,1.0,NA,,
23006,124093,1.0,NA,,
23007,124094,1.0,NA,,
23012,124171,,,,
23013,124172,,,,
20120,67083,,,,
20482,72633,1.0,NA,,
20482,72633,2.0,LA,,
20482,72633,3.0,EMEA,23.0,Adapazari
20482,72633,4.0,AP,,
20482,72633,1.0,NA,,
20482,72633,2.0,LA,,
20482,72633,3.0,EMEA,25.0,Izmit
20482,72633,4.0,AP,,
20482,72633,1.0,NA,,
20482,72633,2.0,LA,,
20482,72633,3.0,EMEA,346.0,Melksham
20482,72633,4.0,AP,,
20482,72633,1.0,NA,,
20482,72633,2.0,LA,,
20482,72633,3.0,EMEA,360.0,Krusevac
20482,72633,4.0,AP,,
21007,81009,1.0,NA,,
21007,81009,2.0,LA,,
21007,81009,3.0,EMEA,,
21007,81009,4.0,AP,,
21008,81010,1.0,NA,,
21008,81010,2.0,LA,,
21008,81010,3.0,EMEA,,
21008,81010,4.0,AP,,
21009,81011,1.0,NA,,
21009,81011,2.0,LA,,
21009,81011,3.0,EMEA,,
21009,81011,4.0,AP,,
21010,81012,1.0,NA,,
21010,81012,2.0,LA,,
21010,81012,3.0,EMEA,,
21010,81012,4.0,AP,,
21011,81013,1.0,NA,,
21011,81013,2.0,LA,,
21011,81013,3.0,EMEA,,
21011,81013,4.0,AP,,
21234,84059,,,,
21570,95744,,,,
21680,99958,,,,
21682,99974,,,,
21885,104631,,,,
21966,106186,,,,
21967,106187,,,,
22084,109597,,,,
22096,109893,1.0,NA,,
22096,109893,2.0,LA,,
22097,109894,1.0,NA,,
22097,109894,2.0,LA,,
22098,109895,1.0,NA,,
22098,109895,2.0,LA,,
22099,109896,1.0,NA,,
22099,109896,2.0,LA,,
22100,109897,1.0,NA,,
22100,109897,2.0,LA,,
22273,112469,,,,
22274,112470,,,,
22276,112472,,,,
22278,112474,,,,
22290,112655,1.0,NA,,
22378,114223,1.0,NA,,
22378,114223,2.0,LA,,
22378,114223,3.0,EMEA,,
22378,114223,4.0,AP,,
22424,114907,1.0,NA,,
22424,114907,2.0,LA,,
22424,114907,3.0,EMEA,,
22424,114907,4.0,AP,,
22426,114909,,,,
22427,114910,,,,
22992,123992,3.0,EMEA,18.0,Debica
22992,123992,3.0,EMEA,19.0,Philippsburg
22992,123992,3.0,EMEA,23.0,Adapazari
22992,123992,3.0,EMEA,24.0,Sava
22992,123992,3.0,EMEA,25.0,Izmit
22992,123992,3.0,EMEA,26.0,Fulda
22992,123992,3.0,EMEA,27.0,South Africa
22992,123992,3.0,EMEA,48.0,Amiens South
22992,123992,3.0,EMEA,49.0,Montlucon
22992,123992,3.0,EMEA,50.0,Hanau
22992,123992,3.0,EMEA,51.0,Wittlich
22992,123992,3.0,EMEA,52.0,Fuerstenwalde
22992,123992,3.0,EMEA,53.0,Riesa
22992,123992,3.0,EMEA,180.0,Polymer-Technik Elbe GmbH
22992,123992,3.0,EMEA,220.0,RCCE
22992,123992,3.0,EMEA,260.0,Conbelts Bytom-SAEU
22992,123992,3.0,EMEA,261.0,DRC Kauucuk
22992,123992,3.0,EMEA,262.0,Empresa Industrial de Borracha SA-EIB
22992,123992,3.0,EMEA,263.0,FTT Stomil Wolbrom SA
22992,123992,3.0,EMEA,264.0,Geyer and Hosaja-Zak-ADY Gumowe w Mielcu-Sp. Zo.o
22992,123992,3.0,EMEA,265.0,Hexpol - Berwin
22992,123992,3.0,EMEA,266.0,Kabat Tyre
22992,123992,3.0,EMEA,267.0,Kolsan
22992,123992,3.0,EMEA,268.0,Kraiburg Austria GmbH and Co. KG
22992,123992,3.0,EMEA,269.0,Marangoni S.p.A Rovereto
22992,123992,3.0,EMEA,270.0,Marangoni S.p.A Hamburg
22992,123992,3.0,EMEA,271.0,Matrax s.r.o.
22992,123992,3.0,EMEA,272.0,Multiblend
22992,123992,3.0,EMEA,273.0,Omya Uk Limited-Masterbatches
22992,123992,3.0,EMEA,274.0,Ozka Lastik ve Kaucuk Inc.
22992,123992,3.0,EMEA,276.0,Phoenix Compound Technology Hamburg
22992,123992,3.0,EMEA,277.0,Phoenix Compound Technology Waltershausen
22992,123992,3.0,EMEA,279.0,ProPS s.r.o.
22992,123992,3.0,EMEA,280.0,S and N Rubber¿
22992,123992,3.0,EMEA,281.0,Socamont-S.A.
22992,123992,3.0,EMEA,282.0,Stomil Poznan
22992,123992,3.0,EMEA,283.0,Tecnogum
22992,123992,3.0,EMEA,284.0,Vil Kaucuk San.ve Tic. Ltd Sti
22992,123992,3.0,EMEA,285.0,Zaklady Chemiczne BOCHEM Sp. z o.o
22992,123992,3.0,EMEA,320.0,Dudelange
22992,123992,3.0,EMEA,346.0,Melksham
22992,123992,3.0,EMEA,360.0,Krusevac
23172,126175,1.0,NA,,
23173,126177,1.0,NA,,
23268,127804,1.0,NA,,
23268,127804,2.0,LA,,
23268,127804,3.0,EMEA,,
23268,127804,4.0,AP,,
23270,127866,3.0,EMEA,,
23274,127870,,,,
23284,127935,1.0,NA,,
23284,127935,2.0,LA,,
23284,127935,3.0,EMEA,,
23284,127935,4.0,AP,,
23290,127997,,,,
23312,128317,,,,
23314,128319,,,,
23333,128400,,,,
23334,128401,,,,
23336,128403,,,,
23337,128404,,,,
23350,128518,1.0,NA,,
23350,128518,2.0,LA,,
23350,128518,3.0,EMEA,,
23352,128521,,,,
23358,128634,1.0,NA,,
23358,128634,2.0,LA,,
23358,128634,3.0,EMEA,,
23358,128634,4.0,AP,,
23359,128635,1.0,NA,,
23359,128635,2.0,LA,,
23359,128635,3.0,EMEA,,
23359,128635,4.0,AP,,
23374,128748,1.0,NA,9.0,Medicine Hat
23374,128748,3.0,EMEA,,
23374,128748,1.0,NA,10.0,Napanee
23374,128748,3.0,EMEA,,
23374,128748,1.0,NA,11.0,Valleyfield
23374,128748,3.0,EMEA,,
23374,128748,1.0,NA,,
23374,128748,3.0,EMEA,23.0,Adapazari
23374,128748,1.0,NA,,
23374,128748,3.0,EMEA,25.0,Izmit
23376,128749,1.0,NA,,
23377,128750,1.0,NA,,
23379,128752,1.0,NA,,
23380,128753,1.0,NA,,
23382,128755,1.0,NA,,
23394,128866,3.0,EMEA,,
23394,128866,4.0,AP,,
23399,128924,1.0,NA,,
23399,128924,2.0,LA,,
23399,128924,3.0,EMEA,,
23399,128924,4.0,AP,,
23406,129108,,,,
23407,129109,,,,
23408,129110,,,,
20116,67079,1.0,NA,,
20116,67079,2.0,LA,,
20116,67079,3.0,EMEA,,
20116,67079,4.0,AP,,
20576,73960,,,,
20703,76302,1.0,NA,,
20703,76302,2.0,LA,,
20703,76302,3.0,EMEA,,
20703,76302,4.0,AP,,
20728,76687,,,,
21148,82713,1.0,NA,,
21148,82713,2.0,LA,,
21148,82713,4.0,AP,,
21462,93546,1.0,NA,,
21462,93546,2.0,LA,,
21462,93546,3.0,EMEA,,
21462,93546,4.0,AP,,
21644,98491,1.0,NA,,
21644,98491,2.0,LA,,
21644,98491,3.0,EMEA,,
21644,98491,4.0,AP,,
21645,98492,1.0,NA,,
21645,98492,2.0,LA,,
21645,98492,3.0,EMEA,,
21645,98492,4.0,AP,,
21646,98493,1.0,NA,,
21646,98493,2.0,LA,,
21646,98493,3.0,EMEA,,
21646,98493,4.0,AP,,
21647,98494,1.0,NA,,
21647,98494,2.0,LA,,
21647,98494,3.0,EMEA,,
21647,98494,4.0,AP,,
21648,98495,1.0,NA,,
21648,98495,2.0,LA,,
21648,98495,3.0,EMEA,,
21648,98495,4.0,AP,,
21649,98496,1.0,NA,,
21649,98496,2.0,LA,,
21649,98496,3.0,EMEA,,
21649,98496,4.0,AP,,
21650,98497,1.0,NA,,
22202,111383,1.0,NA,,
22354,113478,,,,
22384,114409,,,,
22385,114410,1.0,NA,,
22385,114410,2.0,LA,,
22385,114410,3.0,EMEA,,
22385,114410,4.0,AP,,
22450,115029,,,,
22514,116304,1.0,NA,,
22517,116307,1.0,NA,,
22610,117609,,,,
22892,122258,,,,
22910,122571,,,,
23418,129302,,,,
23419,129303,,,,
23046,124667,1.0,NA,,
23054,124743,1.0,NA,,
23054,124743,2.0,LA,,
23054,124743,3.0,EMEA,,
23054,124743,4.0,AP,,
23058,124747,,,,
23061,124750,,,,
23062,124751,,,,
23063,124752,,,,
23070,124759,1.0,NA,,
23070,124759,2.0,LA,,
23070,124759,3.0,EMEA,,
23070,124759,4.0,AP,,
23092,125193,1.0,NA,,
23092,125193,2.0,LA,,
23092,125193,3.0,EMEA,,
23092,125193,4.0,AP,,
23109,125331,,,,
23110,125332,1.0,NA,,
23110,125332,2.0,LA,,
23110,125332,3.0,EMEA,,
23110,125332,4.0,AP,,
23115,125397,1.0,NA,,
23115,125397,2.0,LA,,
23115,125397,3.0,EMEA,23.0,Adapazari
23115,125397,4.0,AP,,
23115,125397,1.0,NA,,
23115,125397,2.0,LA,,
23115,125397,3.0,EMEA,25.0,Izmit
23115,125397,4.0,AP,,
23115,125397,1.0,NA,,
23115,125397,2.0,LA,,
23115,125397,3.0,EMEA,,
23115,125397,4.0,AP,40.0,Thailand
23144,125626,,,,
23186,126262,1.0,NA,,
23186,126262,2.0,LA,,
23186,126262,3.0,EMEA,,
23186,126262,4.0,AP,,
23211,126456,1.0,NA,,
23296,128059,1.0,NA,,
23296,128059,2.0,LA,,
23296,128059,3.0,EMEA,,
23296,128059,4.0,AP,,
23299,128063,1.0,NA,,
23299,128063,2.0,LA,,
23299,128063,4.0,AP,42.0,Nippon Giant
23308,128259,,,,
23318,128376,,,,
23319,128378,1.0,NA,,
23319,128378,2.0,LA,,
23319,128378,3.0,EMEA,,
23319,128378,4.0,AP,,
23320,128379,1.0,NA,,
23320,128379,2.0,LA,,
23320,128379,3.0,EMEA,,
23320,128379,4.0,AP,,
23346,128515,,,,
23354,128575,,,,
20186,68054,,,,
20472,72224,1.0,NA,,
20472,72224,2.0,LA,,
20472,72224,3.0,EMEA,,
20472,72224,4.0,AP,,
20474,72227,1.0,NA,,
20474,72227,2.0,LA,35.0,Peru
20474,72227,3.0,EMEA,,
20474,72227,4.0,AP,,
20474,72227,1.0,NA,,
20474,72227,2.0,LA,,
20474,72227,3.0,EMEA,,
20474,72227,4.0,AP,40.0,Thailand
20475,72228,1.0,NA,,
20475,72228,2.0,LA,,
20475,72228,3.0,EMEA,,
20475,72228,4.0,AP,,
20568,73953,1.0,NA,,
20764,77251,,,,
20900,79234,1.0,NA,,
20900,79234,2.0,LA,,
20900,79234,3.0,EMEA,,
20900,79234,4.0,AP,,
21014,81018,1.0,NA,,
21014,81018,2.0,LA,,
21014,81018,3.0,EMEA,,
21014,81018,4.0,AP,,
21428,92448,,,,
21429,92449,,,,
21509,94685,1.0,NA,,
21510,94686,1.0,NA,,
21514,94690,1.0,NA,,
21632,97888,,,,
21672,99618,,,,
21681,99959,1.0,NA,,
21681,99959,2.0,LA,,
21681,99959,3.0,EMEA,,
21681,99959,4.0,AP,,
21708,100790,1.0,NA,,
21818,103153,,,,
21819,103154,,,,
21852,103684,1.0,NA,,
21853,103685,1.0,NA,,
21854,103686,1.0,NA,,
21855,103687,1.0,NA,,
21856,103688,1.0,NA,,
22994,124081,1.0,NA,,
22995,124082,1.0,NA,,
22996,124083,1.0,NA,,
23150,125696,,,,
23409,129111,,,,
23412,129254,,,,
23413,129255,,,,
23428,129352,1.0,NA,,
23428,129352,2.0,LA,,
23428,129352,4.0,AP,,
23448,129613,,,,
23456,129714,4.0,AP,,
23457,129715,4.0,AP,,
23480,129938,1.0,NA,,
23480,129938,2.0,LA,,
23480,129938,4.0,AP,,
23480,129938,1.0,NA,,
23480,129938,2.0,LA,,
23480,129938,4.0,AP,,
23483,129940,,,,
23484,129941,,,,
23500,130026,,,,
23502,130061,,,,
23511,130071,,,,
23558,130308,,,,
23604,130508,,,,
23605,130509,1.0,NA,,
23605,130509,2.0,LA,,
23605,130509,3.0,EMEA,346.0,Melksham
23605,130509,4.0,AP,,
23605,130509,1.0,NA,,
23605,130509,2.0,LA,,
23605,130509,3.0,EMEA,360.0,Krusevac
23605,130509,4.0,AP,,
23606,130511,,,,
23607,130512,1.0,NA,,
23607,130512,2.0,LA,,
23607,130512,3.0,EMEA,18.0,Debica
23607,130512,4.0,AP,,
23607,130512,1.0,NA,,
23607,130512,2.0,LA,,
23607,130512,3.0,EMEA,21.0,Luxembourg
23607,130512,4.0,AP,,
23607,130512,1.0,NA,,
23607,130512,2.0,LA,,
23607,130512,3.0,EMEA,23.0,Adapazari
23607,130512,4.0,AP,,
23607,130512,1.0,NA,,
23607,130512,2.0,LA,,
23607,130512,3.0,EMEA,24.0,Sava
23607,130512,4.0,AP,,
23607,130512,1.0,NA,,
23607,130512,2.0,LA,,
23607,130512,3.0,EMEA,25.0,Izmit
23607,130512,4.0,AP,,
23607,130512,1.0,NA,,
23607,130512,2.0,LA,,
23607,130512,3.0,EMEA,26.0,Fulda
23607,130512,4.0,AP,,
23607,130512,1.0,NA,,
23607,130512,2.0,LA,,
23607,130512,3.0,EMEA,49.0,Montlucon
23607,130512,4.0,AP,,
23607,130512,1.0,NA,,
23607,130512,2.0,LA,,
23607,130512,3.0,EMEA,50.0,Hanau
23607,130512,4.0,AP,,
23607,130512,1.0,NA,,
23607,130512,2.0,LA,,
23607,130512,3.0,EMEA,51.0,Wittlich
23607,130512,4.0,AP,,
23607,130512,1.0,NA,,
23607,130512,2.0,LA,,
23607,130512,3.0,EMEA,200.0,ICM*L
23607,130512,4.0,AP,,
23607,130512,1.0,NA,,
23607,130512,2.0,LA,,
23607,130512,3.0,EMEA,346.0,Melksham
23607,130512,4.0,AP,,
23608,130513,,,,
23612,130520,1.0,NA,,
23612,130520,2.0,LA,,
23612,130520,3.0,EMEA,23.0,Adapazari
23612,130520,4.0,AP,,
23612,130520,1.0,NA,,
23612,130520,2.0,LA,,
23612,130520,3.0,EMEA,25.0,Izmit
23612,130520,4.0,AP,,
23612,130520,1.0,NA,,
23612,130520,2.0,LA,,
23612,130520,3.0,EMEA,346.0,Melksham
23612,130520,4.0,AP,,
20506,72961,1.0,NA,,
20506,72961,2.0,LA,,
20506,72961,4.0,AP,,
20510,73021,1.0,NA,,
20511,73022,1.0,NA,,
20512,73023,1.0,NA,,
20513,73024,1.0,NA,,
20514,73025,1.0,NA,,
20516,73027,1.0,NA,,
20516,73027,2.0,LA,,
20516,73027,3.0,EMEA,23.0,Adapazari
20516,73027,4.0,AP,,
20516,73027,1.0,NA,,
20516,73027,2.0,LA,,
20516,73027,3.0,EMEA,25.0,Izmit
20516,73027,4.0,AP,,
20599,74317,1.0,NA,,
20600,74318,1.0,NA,,
20601,74319,1.0,NA,,
20623,74992,,,,
20742,76943,,,,
20825,78188,1.0,NA,,
20825,78188,2.0,LA,,
20825,78188,3.0,EMEA,,
20825,78188,4.0,AP,,
20836,78251,1.0,NA,,
20836,78251,2.0,LA,,
20836,78251,3.0,EMEA,,
20836,78251,4.0,AP,,
20837,78252,1.0,NA,,
20837,78252,2.0,LA,,
20837,78252,3.0,EMEA,,
20837,78252,4.0,AP,,
20838,78253,1.0,NA,,
20838,78253,2.0,LA,,
20838,78253,3.0,EMEA,,
20838,78253,4.0,AP,,
20839,78254,1.0,NA,,
20839,78254,2.0,LA,,
20839,78254,3.0,EMEA,,
20839,78254,4.0,AP,,
20923,79429,,,,
21042,81371,1.0,NA,,
21043,81372,1.0,NA,,
21044,81425,1.0,NA,,
21044,81425,2.0,LA,,
21044,81425,3.0,EMEA,,
21044,81425,4.0,AP,,
21069,81729,1.0,NA,,
21069,81729,2.0,LA,,
21069,81729,3.0,EMEA,,
21069,81729,4.0,AP,,
21070,81730,1.0,NA,,
21070,81730,2.0,LA,,
21070,81730,3.0,EMEA,,
21070,81730,4.0,AP,,
21237,84139,1.0,NA,,
21238,84140,1.0,NA,,
21240,84142,1.0,NA,,
21544,95087,,,,
21545,95088,,,,
23114,125396,1.0,NA,,
23114,125396,2.0,LA,,
23114,125396,3.0,EMEA,,
23114,125396,4.0,AP,,
23118,125399,,,,
23298,128062,1.0,NA,,
23298,128062,2.0,LA,,
23298,128062,3.0,EMEA,23.0,Adapazari
23298,128062,4.0,AP,,
23298,128062,1.0,NA,,
23298,128062,2.0,LA,,
23298,128062,3.0,EMEA,25.0,Izmit
23298,128062,4.0,AP,,
23368,128692,1.0,NA,,
23368,128692,2.0,LA,,
23368,128692,3.0,EMEA,,
23368,128692,4.0,AP,,
23370,128697,1.0,NA,,
23371,128698,1.0,NA,,
23372,128699,1.0,NA,,
23373,128700,1.0,NA,,
23373,128700,2.0,LA,,
23373,128700,3.0,EMEA,,
23373,128700,4.0,AP,,
23433,129363,,,,
23445,129511,,,,
23474,129897,1.0,NA,,
23474,129897,2.0,LA,,
23474,129897,3.0,EMEA,,
23474,129897,4.0,AP,,
23486,129976,,,,
23518,130162,,,,
23519,130163,,,,
23564,130313,,,,
23582,130327,1.0,NA,,
23585,130331,1.0,NA,,
23586,130332,1.0,NA,,
23587,130333,1.0,NA,,
20260,68807,,,,
20356,70292,,,,
20360,70295,,,,
20492,72771,1.0,NA,,
20682,75934,1.0,NA,,
20687,75939,1.0,NA,,
20688,75940,1.0,NA,,
20800,77978,3.0,EMEA,23.0,Adapazari
20800,77978,3.0,EMEA,25.0,Izmit
20800,77978,3.0,EMEA,346.0,Melksham
20936,79494,,,,
20994,80430,1.0,NA,,
21118,82218,,,,
21146,82577,4.0,AP,,
21220,83832,1.0,NA,9.0,Medicine Hat
21220,83832,2.0,LA,,
21220,83832,3.0,EMEA,,
21220,83832,1.0,NA,10.0,Napanee
21220,83832,2.0,LA,,
21220,83832,3.0,EMEA,,
21220,83832,1.0,NA,11.0,Valleyfield
21220,83832,2.0,LA,,
21220,83832,3.0,EMEA,,
21414,91401,,,,
21465,93550,1.0,NA,,
21465,93550,2.0,LA,,
21465,93550,3.0,EMEA,,
21465,93550,4.0,AP,,
21718,101298,1.0,NA,,
21718,101298,2.0,LA,,
21718,101298,3.0,EMEA,,
21718,101298,4.0,AP,,
21804,102858,1.0,NA,,
21805,102859,1.0,NA,,
21808,102862,,,,
21834,103503,1.0,NA,,
21834,103503,2.0,LA,,
21834,103503,3.0,EMEA,18.0,Debica
21834,103503,4.0,AP,,
21834,103503,1.0,NA,,
21834,103503,2.0,LA,,
21834,103503,3.0,EMEA,21.0,Luxembourg
21834,103503,4.0,AP,,
21834,103503,1.0,NA,,
21834,103503,2.0,LA,,
21834,103503,3.0,EMEA,23.0,Adapazari
21834,103503,4.0,AP,,
21834,103503,1.0,NA,,
21834,103503,2.0,LA,,
21834,103503,3.0,EMEA,24.0,Sava
21834,103503,4.0,AP,,
21834,103503,1.0,NA,,
21834,103503,2.0,LA,,
21834,103503,3.0,EMEA,25.0,Izmit
21834,103503,4.0,AP,,
21834,103503,1.0,NA,,
21834,103503,2.0,LA,,
21834,103503,3.0,EMEA,26.0,Fulda
21834,103503,4.0,AP,,
21834,103503,1.0,NA,,
21834,103503,2.0,LA,,
21834,103503,3.0,EMEA,,
21834,103503,4.0,AP,42.0,Nippon Giant
21834,103503,1.0,NA,,
21834,103503,2.0,LA,,
21834,103503,3.0,EMEA,48.0,Amiens South
21834,103503,4.0,AP,,
21834,103503,1.0,NA,,
21834,103503,2.0,LA,,
21834,103503,3.0,EMEA,49.0,Montlucon
21834,103503,4.0,AP,,
21834,103503,1.0,NA,,
21834,103503,2.0,LA,,
21834,103503,3.0,EMEA,50.0,Hanau
21834,103503,4.0,AP,,
21834,103503,1.0,NA,,
21834,103503,2.0,LA,,
21834,103503,3.0,EMEA,51.0,Wittlich
21834,103503,4.0,AP,,
21834,103503,1.0,NA,,
21834,103503,2.0,LA,,
21834,103503,3.0,EMEA,52.0,Fuerstenwalde
21834,103503,4.0,AP,,
21834,103503,1.0,NA,,
21834,103503,2.0,LA,,
21834,103503,3.0,EMEA,53.0,Riesa
21834,103503,4.0,AP,,
21834,103503,1.0,NA,,
21834,103503,2.0,LA,,
21834,103503,3.0,EMEA,200.0,ICM*L
21834,103503,4.0,AP,,
21834,103503,1.0,NA,,
21834,103503,2.0,LA,,
21834,103503,3.0,EMEA,268.0,Kraiburg Austria GmbH and Co. KG
21834,103503,4.0,AP,,
21835,103504,1.0,NA,,
21835,103504,2.0,LA,,
21835,103504,3.0,EMEA,,
21835,103504,4.0,AP,,
21857,103689,1.0,NA,,
21858,103690,1.0,NA,,
21859,103691,1.0,NA,,
22072,109305,1.0,NA,,
22250,112188,,,,
22266,112376,,,,
22356,113642,,,,
22428,114912,,,,
22460,115212,1.0,NA,,
22460,115212,2.0,LA,,
22460,115212,3.0,EMEA,,
22460,115212,4.0,AP,,
22473,115475,,,,
22766,119877,4.0,AP,,
22783,120083,,,,
23260,127532,,,,
23446,129570,,,,
23552,130267,,,,
23614,130559,1.0,NA,,
20218,68393,,,,
20620,74654,,,,
20621,74655,,,,
20716,76583,1.0,NA,9.0,Medicine Hat
20716,76583,2.0,LA,,
20716,76583,3.0,EMEA,,
20716,76583,4.0,AP,,
20716,76583,1.0,NA,10.0,Napanee
20716,76583,2.0,LA,,
20716,76583,3.0,EMEA,,
20716,76583,4.0,AP,,
20716,76583,1.0,NA,,
20716,76583,2.0,LA,,
20716,76583,3.0,EMEA,23.0,Adapazari
20716,76583,4.0,AP,,
20716,76583,1.0,NA,,
20716,76583,2.0,LA,,
20716,76583,3.0,EMEA,25.0,Izmit
20716,76583,4.0,AP,,
20716,76583,1.0,NA,,
20716,76583,2.0,LA,,
20716,76583,3.0,EMEA,,
20716,76583,4.0,AP,42.0,Nippon Giant
20716,76583,1.0,NA,,
20716,76583,2.0,LA,,
20716,76583,3.0,EMEA,,
20716,76583,4.0,AP,47.0,Indonesia
20716,76583,1.0,NA,58.0,Chem Niagara Falls
20716,76583,2.0,LA,,
20716,76583,3.0,EMEA,,
20716,76583,4.0,AP,,
20716,76583,1.0,NA,,
20716,76583,2.0,LA,,
20716,76583,3.0,EMEA,284.0,Vil Kaucuk San.ve Tic. Ltd Sti
20716,76583,4.0,AP,,
20792,77837,,,,
20898,79181,1.0,NA,,
20898,79181,2.0,LA,,
20898,79181,3.0,EMEA,,
20898,79181,4.0,AP,,
21012,81014,,,,
21523,94819,1.0,NA,,
21523,94819,2.0,LA,,
21523,94819,3.0,EMEA,,
21524,94820,1.0,NA,,
21524,94820,2.0,LA,,
21524,94820,3.0,EMEA,,
21525,94821,1.0,NA,,
21525,94821,2.0,LA,,
21525,94821,3.0,EMEA,,
21526,94822,1.0,NA,,
21526,94822,2.0,LA,,
21526,94822,3.0,EMEA,,
21614,97445,1.0,NA,,
21616,97447,1.0,NA,,
21617,97448,1.0,NA,,
21626,97457,1.0,NA,,
21626,97457,2.0,LA,,
21626,97457,3.0,EMEA,,
21626,97457,4.0,AP,,
21670,99617,,,,
21700,100625,1.0,NA,,
21702,100628,,,,
21720,101301,1.0,NA,,
21721,101302,1.0,NA,,
21722,101303,1.0,NA,,
21723,101304,1.0,NA,,
21724,101305,1.0,NA,,
21725,101306,1.0,NA,,
23521,130168,,,,
23554,130269,,,,
23761,132215,,,,
23809,132826,1.0,NA,9.0,Medicine Hat
23809,132826,2.0,LA,,
23809,132826,3.0,EMEA,,
23809,132826,4.0,AP,,
23809,132826,1.0,NA,10.0,Napanee
23809,132826,2.0,LA,,
23809,132826,3.0,EMEA,,
23809,132826,4.0,AP,,
23809,132826,1.0,NA,11.0,Valleyfield
23809,132826,2.0,LA,,
23809,132826,3.0,EMEA,,
23809,132826,4.0,AP,,
23809,132826,1.0,NA,,
23809,132826,2.0,LA,,
23809,132826,3.0,EMEA,23.0,Adapazari
23809,132826,4.0,AP,,
23809,132826,1.0,NA,,
23809,132826,2.0,LA,,
23809,132826,3.0,EMEA,25.0,Izmit
23809,132826,4.0,AP,,
23809,132826,1.0,NA,,
23809,132826,2.0,LA,,
23809,132826,3.0,EMEA,346.0,Melksham
23809,132826,4.0,AP,,
20162,67794,3.0,EMEA,,
20206,68308,,,,
20208,68310,,,,
20258,68803,1.0,NA,,
20436,71516,1.0,NA,,
20436,71516,2.0,LA,,
20436,71516,3.0,EMEA,,
20436,71516,4.0,AP,,
21336,88270,1.0,NA,,
21337,88271,1.0,NA,,
21338,88272,3.0,EMEA,,
21572,95771,,,,
21636,98190,,,,
21673,99619,,,,
21693,100618,1.0,NA,,
21694,100619,1.0,NA,,
21695,100620,1.0,NA,,
21696,100621,1.0,NA,,
21697,100622,1.0,NA,,
21698,100623,1.0,NA,,
21704,100630,1.0,NA,1.0,Danville
21784,102379,1.0,NA,,
21784,102379,2.0,LA,,
21785,102380,1.0,NA,,
21785,102380,2.0,LA,,
21899,104831,1.0,NA,,
21899,104831,3.0,EMEA,,
21901,104833,1.0,NA,,
21901,104833,3.0,EMEA,,
21902,104834,1.0,NA,,
21902,104834,3.0,EMEA,,
21903,104835,1.0,NA,,
21903,104835,3.0,EMEA,,
21904,104836,1.0,NA,,
21904,104836,3.0,EMEA,,
22020,108206,,,,
22146,110682,,,,
22472,115474,,,,
22474,115476,,,,
22480,115646,,,,
22490,115745,1.0,NA,,
23096,125256,1.0,NA,,
23096,125256,2.0,LA,,
23096,125256,3.0,EMEA,,
23096,125256,4.0,AP,,
23462,129807,3.0,EMEA,,
23462,129807,4.0,AP,,
23562,130311,1.0,NA,,
23562,130311,2.0,LA,,
23571,130318,,,,
23574,130321,,,,
23703,131461,1.0,NA,,
23790,132652,1.0,NA,,
23790,132652,2.0,LA,,
23790,132652,3.0,EMEA,,
23790,132652,4.0,AP,,
23888,133558,1.0,NA,,
23888,133558,2.0,LA,,
23888,133558,3.0,EMEA,,
23888,133558,4.0,AP,,
23903,133805,1.0,NA,,
23903,133805,2.0,LA,,
23903,133805,3.0,EMEA,,
23903,133805,4.0,AP,,
20136,67280,,,,
20355,70291,1.0,NA,,
20355,70291,2.0,LA,,
20355,70291,3.0,EMEA,23.0,Adapazari
20355,70291,4.0,AP,,
20355,70291,1.0,NA,,
20355,70291,2.0,LA,,
20355,70291,3.0,EMEA,25.0,Izmit
20355,70291,4.0,AP,,
20355,70291,1.0,NA,,
20355,70291,2.0,LA,,
20355,70291,3.0,EMEA,,
20355,70291,4.0,AP,42.0,Nippon Giant
20358,70294,3.0,EMEA,,
20366,70365,,,,
20564,73937,1.0,NA,,
20564,73937,2.0,LA,,
20564,73937,3.0,EMEA,,
20564,73937,4.0,AP,,
20580,74097,1.0,NA,,
20580,74097,2.0,LA,,
20580,74097,3.0,EMEA,,
20580,74097,4.0,AP,,
20581,74098,1.0,NA,,
20581,74098,2.0,LA,,
20581,74098,3.0,EMEA,,
20581,74098,4.0,AP,,
20582,74099,1.0,NA,,
20582,74099,2.0,LA,,
20582,74099,3.0,EMEA,,
20582,74099,4.0,AP,,
20694,76083,1.0,NA,,
20694,76083,2.0,LA,,
20694,76083,3.0,EMEA,,
20694,76083,4.0,AP,42.0,Nippon Giant
20696,76084,1.0,NA,,
20696,76084,2.0,LA,,
20696,76084,3.0,EMEA,,
20696,76084,4.0,AP,42.0,Nippon Giant
20737,76868,1.0,NA,,
20738,76869,1.0,NA,,
20739,76870,1.0,NA,,
20815,78177,,,,
20817,78179,,,,
20882,78824,1.0,NA,,
20884,78826,1.0,NA,,
20884,78826,2.0,LA,,
20884,78826,3.0,EMEA,,
20884,78826,4.0,AP,,
21064,81725,1.0,NA,,
21064,81725,2.0,LA,,
21064,81725,3.0,EMEA,,
21064,81725,4.0,AP,,
21144,82570,,,,
21247,84351,3.0,EMEA,,
21300,85304,1.0,NA,,
21300,85304,2.0,LA,,
21300,85304,4.0,AP,,
21447,93162,4.0,AP,,
21558,95356,1.0,NA,,
21558,95356,2.0,LA,,
21558,95356,3.0,EMEA,,
21558,95356,4.0,AP,,
21559,95357,1.0,NA,,
21559,95357,2.0,LA,,
21559,95357,3.0,EMEA,,
21559,95357,4.0,AP,,
21560,95358,1.0,NA,,
21560,95358,2.0,LA,,
21560,95358,3.0,EMEA,,
21560,95358,4.0,AP,,
21598,96900,1.0,NA,,
21598,96900,2.0,LA,,
21598,96900,3.0,EMEA,,
21598,96900,4.0,AP,,
21599,96901,1.0,NA,,
21599,96901,2.0,LA,,
21599,96901,3.0,EMEA,,
21599,96901,4.0,AP,,
21600,96903,1.0,NA,,
21600,96903,2.0,LA,,
21600,96903,3.0,EMEA,,
21600,96903,4.0,AP,,
21726,101307,1.0,NA,,
21729,101497,4.0,AP,,
21752,101895,3.0,EMEA,,
21756,101994,1.0,NA,,
21756,101994,2.0,LA,,
21756,101994,3.0,EMEA,,
21756,101994,4.0,AP,,
21793,102573,1.0,NA,,
21794,102574,1.0,NA,,
21795,102575,1.0,NA,,
22828,121327,1.0,NA,,
22828,121327,2.0,LA,,
22828,121327,4.0,AP,42.0,Nippon Giant
22870,122022,,,,
23199,126390,,,,
23315,128320,1.0,NA,,
23315,128320,2.0,LA,,
23315,128320,3.0,EMEA,,
23315,128320,4.0,AP,,
23453,129672,,,,
23723,131721,,,,
23891,133562,,,,
23892,133563,,,,
20099,66914,1.0,NA,,
20100,66915,1.0,NA,,
20288,69130,1.0,NA,,
20288,69130,2.0,LA,,
20288,69130,3.0,EMEA,,
20288,69130,4.0,AP,,
20426,71355,1.0,NA,,
20426,71355,2.0,LA,,
20426,71355,3.0,EMEA,,
20426,71355,4.0,AP,,
20518,73028,,,,
20542,73398,1.0,NA,,
20542,73398,4.0,AP,,
20748,77030,1.0,NA,,
20748,77030,2.0,LA,,
20748,77030,3.0,EMEA,,
20748,77030,4.0,AP,,
20795,77911,,,,
20804,78037,3.0,EMEA,,
21147,82579,,,,
21178,82937,1.0,NA,,
21178,82937,2.0,LA,,
21178,82937,3.0,EMEA,,
21178,82937,4.0,AP,,
21179,82938,1.0,NA,,
21179,82938,2.0,LA,,
21179,82938,3.0,EMEA,,
21179,82938,4.0,AP,,
21197,83229,,,,
21328,86815,1.0,NA,,
21328,86815,2.0,LA,,
21328,86815,3.0,EMEA,,
21328,86815,4.0,AP,,
21331,87011,1.0,NA,,
21355,89243,1.0,NA,,
21356,89244,1.0,NA,,
21470,93554,,,,
21588,96374,1.0,NA,9.0,Medicine Hat
21588,96374,2.0,LA,,
21588,96374,3.0,EMEA,,
21588,96374,4.0,AP,,
21588,96374,1.0,NA,10.0,Napanee
21588,96374,2.0,LA,,
21588,96374,3.0,EMEA,,
21588,96374,4.0,AP,,
21588,96374,1.0,NA,11.0,Valleyfield
21588,96374,2.0,LA,,
21588,96374,3.0,EMEA,,
21588,96374,4.0,AP,,
21588,96374,1.0,NA,,
21588,96374,2.0,LA,,
21588,96374,3.0,EMEA,18.0,Debica
21588,96374,4.0,AP,,
21588,96374,1.0,NA,,
21588,96374,2.0,LA,,
21588,96374,3.0,EMEA,21.0,Luxembourg
21588,96374,4.0,AP,,
21588,96374,1.0,NA,,
21588,96374,2.0,LA,,
21588,96374,3.0,EMEA,23.0,Adapazari
21588,96374,4.0,AP,,
21588,96374,1.0,NA,,
21588,96374,2.0,LA,,
21588,96374,3.0,EMEA,24.0,Sava
21588,96374,4.0,AP,,
21588,96374,1.0,NA,,
21588,96374,2.0,LA,,
21588,96374,3.0,EMEA,25.0,Izmit
21588,96374,4.0,AP,,
21588,96374,1.0,NA,,
21588,96374,2.0,LA,,
21588,96374,3.0,EMEA,26.0,Fulda
21588,96374,4.0,AP,,
21588,96374,1.0,NA,,
21588,96374,2.0,LA,,
21588,96374,3.0,EMEA,,
21588,96374,4.0,AP,42.0,Nippon Giant
21588,96374,1.0,NA,,
21588,96374,2.0,LA,,
21588,96374,3.0,EMEA,48.0,Amiens South
21588,96374,4.0,AP,,
21588,96374,1.0,NA,,
21588,96374,2.0,LA,,
21588,96374,3.0,EMEA,49.0,Montlucon
21588,96374,4.0,AP,,
21588,96374,1.0,NA,,
21588,96374,2.0,LA,,
21588,96374,3.0,EMEA,50.0,Hanau
21588,96374,4.0,AP,,
21588,96374,1.0,NA,,
21588,96374,2.0,LA,,
21588,96374,3.0,EMEA,51.0,Wittlich
21588,96374,4.0,AP,,
21588,96374,1.0,NA,,
21588,96374,2.0,LA,,
21588,96374,3.0,EMEA,52.0,Fuerstenwalde
21588,96374,4.0,AP,,
21588,96374,1.0,NA,,
21588,96374,2.0,LA,,
21588,96374,3.0,EMEA,53.0,Riesa
21588,96374,4.0,AP,,
21948,106075,,,,
22312,112917,1.0,NA,,
22390,114485,1.0,NA,,
22491,115746,1.0,NA,,
22492,115747,1.0,NA,,
22513,116303,1.0,NA,,
22516,116306,1.0,NA,,
22519,116309,1.0,NA,,
22521,116311,1.0,NA,,
22522,116312,3.0,EMEA,,
22706,119089,,,,
23360,128686,1.0,NA,,
23360,128686,2.0,LA,,
23360,128686,3.0,EMEA,,
23360,128686,4.0,AP,,
23361,128687,1.0,NA,,
23361,128687,2.0,LA,,
23361,128687,3.0,EMEA,,
23361,128687,4.0,AP,,
23362,128688,1.0,NA,,
23362,128688,2.0,LA,,
23362,128688,3.0,EMEA,,
23362,128688,4.0,AP,,
23452,129671,,,,
23530,130244,1.0,NA,,
23530,130244,2.0,LA,,
23530,130244,3.0,EMEA,,
23530,130244,4.0,AP,,
23778,132414,1.0,NA,,
23778,132414,2.0,LA,,
23778,132414,3.0,EMEA,,
23778,132414,4.0,AP,,
20442,71585,1.0,NA,,
20442,71585,2.0,LA,,
20442,71585,3.0,EMEA,,
20442,71585,4.0,AP,,
20443,71586,1.0,NA,,
20443,71586,2.0,LA,,
20443,71586,3.0,EMEA,,
20443,71586,4.0,AP,,
20444,71587,1.0,NA,,
20444,71587,2.0,LA,,
20444,71587,3.0,EMEA,,
20444,71587,4.0,AP,,
20445,71588,1.0,NA,,
20445,71588,2.0,LA,,
20445,71588,3.0,EMEA,,
20445,71588,4.0,AP,,
20595,74245,,,,
20604,74322,1.0,NA,,
20605,74323,1.0,NA,,
20822,78184,,,,
21006,81008,1.0,NA,,
21006,81008,2.0,LA,,
21006,81008,3.0,EMEA,,
21006,81008,4.0,AP,,
21110,82068,1.0,NA,,
21128,82345,,,,
21176,82867,1.0,NA,,
21284,84885,1.0,NA,,
21284,84885,2.0,LA,,
21284,84885,3.0,EMEA,,
21284,84885,4.0,AP,,
21285,84887,1.0,NA,,
21285,84887,2.0,LA,,
21285,84887,3.0,EMEA,,
21285,84887,4.0,AP,,
21286,84889,1.0,NA,,
21286,84889,2.0,LA,,
21286,84889,3.0,EMEA,,
21286,84889,4.0,AP,,
21350,89013,1.0,NA,,
21594,96769,,,,
21611,97180,1.0,NA,,
21611,97180,2.0,LA,,
21611,97180,3.0,EMEA,,
21611,97180,4.0,AP,,
21796,102576,1.0,NA,,
21846,103678,,,,
21847,103679,,,,
21848,103680,,,,
21849,103681,,,,
21850,103682,,,,
21851,103683,,,,
22708,119090,1.0,NA,,
22708,119090,2.0,LA,,
22708,119090,3.0,EMEA,,
22708,119090,4.0,AP,,
22709,119091,,,,
22710,119092,,,,
22984,123830,1.0,NA,,
22984,123830,2.0,LA,,
22984,123830,4.0,AP,,
23261,127533,,,,
23262,127537,,,,
23532,130245,1.0,NA,,
23532,130245,2.0,LA,,
23532,130245,3.0,EMEA,,
23532,130245,4.0,AP,,
23533,130246,1.0,NA,,
23533,130246,2.0,LA,,
23533,130246,3.0,EMEA,,
23533,130246,4.0,AP,,
23534,130247,1.0,NA,,
23534,130247,2.0,LA,,
23534,130247,3.0,EMEA,,
23534,130247,4.0,AP,,
23535,130248,1.0,NA,,
23535,130248,2.0,LA,,
23535,130248,3.0,EMEA,,
23535,130248,4.0,AP,,
23536,130249,1.0,NA,,
23536,130249,2.0,LA,,
23536,130249,3.0,EMEA,,
23536,130249,4.0,AP,,
23539,130252,1.0,NA,,
23539,130252,2.0,LA,,
23539,130252,3.0,EMEA,,
23539,130252,4.0,AP,,
23792,132656,,,,
23850,133124,,,,
20117,67080,1.0,NA,,
20117,67080,2.0,LA,,
20117,67080,3.0,EMEA,,
20117,67080,4.0,AP,,
20118,67081,1.0,NA,,
20118,67081,2.0,LA,,
20118,67081,3.0,EMEA,,
20118,67081,4.0,AP,,
20119,67082,1.0,NA,,
20119,67082,2.0,LA,,
20119,67082,3.0,EMEA,,
20119,67082,4.0,AP,,
20166,67845,3.0,EMEA,,
20750,77100,1.0,NA,,
20750,77100,2.0,LA,,
20750,77100,3.0,EMEA,,
20750,77100,4.0,AP,,
20751,77101,1.0,NA,,
20751,77101,2.0,LA,,
20751,77101,3.0,EMEA,,
20751,77101,4.0,AP,,
20974,80049,1.0,NA,,
20974,80049,2.0,LA,,
20974,80049,3.0,EMEA,,
20974,80049,4.0,AP,,
20975,80050,1.0,NA,,
20975,80050,2.0,LA,,
20975,80050,3.0,EMEA,,
20975,80050,4.0,AP,,
20976,80051,,,,
21163,82786,1.0,NA,,
21163,82786,2.0,LA,,
21871,104217,3.0,EMEA,,
22156,110858,1.0,NA,,
22292,112656,,,,
22294,112733,,,,
22295,112734,,,,
22296,112742,,,,
22370,113983,,,,
22371,113987,,,,
22440,114929,,,,
22523,116313,3.0,EMEA,,
22529,116397,1.0,NA,,
22531,116399,1.0,NA,,
22533,116401,1.0,NA,,
22536,116404,1.0,NA,,
20092,66758,,,,
20683,75935,1.0,NA,,
20684,75936,1.0,NA,,
20685,75937,1.0,NA,,
20790,77757,,,,
20791,77758,,,,
20939,79595,,,,
20940,79596,,,,
20943,79600,1.0,NA,,
20943,79600,2.0,LA,,
20943,79600,3.0,EMEA,,
20943,79600,4.0,AP,,
20944,79601,1.0,NA,,
20944,79601,2.0,LA,,
20944,79601,3.0,EMEA,,
20944,79601,4.0,AP,,
21596,96898,1.0,NA,,
21596,96898,2.0,LA,,
21596,96898,3.0,EMEA,,
21596,96898,4.0,AP,,
21597,96899,1.0,NA,,
21597,96899,2.0,LA,,
21597,96899,3.0,EMEA,,
21597,96899,4.0,AP,,
21740,101687,,,,
21944,105415,1.0,NA,,
21968,106280,,,,
22015,107127,,,,
22037,108561,1.0,NA,,
22037,108561,2.0,LA,,
22037,108561,4.0,AP,,
22052,109028,,,,
22114,110244,1.0,NA,,
22116,110245,1.0,NA,,
22116,110245,2.0,LA,,
22116,110245,4.0,AP,,
22133,110343,1.0,NA,,
22133,110343,2.0,LA,,
23128,125544,,,,
23131,125607,1.0,NA,,
23133,125609,1.0,NA,,
23137,125613,1.0,NA,,
23139,125616,1.0,NA,,
23141,125618,1.0,NA,,
23183,126257,,,,
23184,126258,,,,
23421,129305,1.0,NA,,
23431,129361,2.0,LA,,
23432,129362,1.0,NA,,
23432,129362,2.0,LA,,
23434,129364,,,,
20242,68652,4.0,AP,,
20244,68653,1.0,NA,,
20244,68653,2.0,LA,,
20244,68653,4.0,AP,,
20286,69050,1.0,NA,,
20286,69050,2.0,LA,,
20286,69050,3.0,EMEA,,
20286,69050,4.0,AP,,
20298,69401,1.0,NA,,
20298,69401,2.0,LA,,
20298,69401,3.0,EMEA,,
20298,69401,4.0,AP,,
20299,69402,1.0,NA,,
20299,69402,2.0,LA,,
20299,69402,3.0,EMEA,,
20299,69402,4.0,AP,,
20330,69585,3.0,EMEA,,
20434,71373,1.0,NA,,
20435,71374,1.0,NA,,
20646,75338,,,,
20674,75870,4.0,AP,,
20794,77908,,,,
20859,78283,1.0,NA,,
20862,78399,3.0,EMEA,,
21150,82715,,,,
21152,82716,1.0,NA,,
21152,82716,2.0,LA,,
21152,82716,3.0,EMEA,,
21152,82716,4.0,AP,,
21153,82717,1.0,NA,,
21153,82717,2.0,LA,,
21153,82717,3.0,EMEA,,
21153,82717,4.0,AP,,
21154,82718,1.0,NA,,
21154,82718,2.0,LA,,
21154,82718,3.0,EMEA,,
21154,82718,4.0,AP,,
21155,82719,1.0,NA,,
21155,82719,2.0,LA,,
21155,82719,3.0,EMEA,,
21155,82719,4.0,AP,,
21156,82720,1.0,NA,,
21156,82720,2.0,LA,,
21156,82720,3.0,EMEA,,
21156,82720,4.0,AP,,
21157,82721,1.0,NA,,
21157,82721,2.0,LA,,
21157,82721,3.0,EMEA,,
21157,82721,4.0,AP,,
21158,82722,1.0,NA,,
21158,82722,2.0,LA,,
21158,82722,3.0,EMEA,,
21158,82722,4.0,AP,,
21159,82723,1.0,NA,,
21159,82723,2.0,LA,,
21159,82723,3.0,EMEA,,
21159,82723,4.0,AP,,
21160,82724,1.0,NA,,
21160,82724,2.0,LA,,
21160,82724,3.0,EMEA,,
21160,82724,4.0,AP,,
21412,91288,1.0,NA,,
21412,91288,2.0,LA,,
21412,91288,4.0,AP,,
22000,107023,1.0,NA,,
22002,107025,1.0,NA,,
22003,107026,1.0,NA,,
22004,107027,1.0,NA,,
22005,107028,1.0,NA,,
22006,107029,1.0,NA,,
22007,107030,1.0,NA,,
22008,107031,1.0,NA,,
22009,107032,1.0,NA,,
22713,119149,1.0,NA,,
22713,119149,2.0,LA,,
22713,119149,4.0,AP,,
23080,125053,1.0,NA,,
23514,130114,,,,
23708,131654,3.0,EMEA,,
23753,132093,1.0,NA,,
23788,132551,,,,
23808,132825,,,,
23811,132828,,,,
23815,132884,1.0,NA,,
23816,132885,1.0,NA,,
23818,132887,1.0,NA,,
23820,132889,1.0,NA,,
23822,132891,1.0,NA,,
23824,132893,1.0,NA,,
23826,132895,1.0,NA,,
20250,68762,3.0,EMEA,,
20779,77535,1.0,NA,,
20785,77541,1.0,NA,,
20868,78469,1.0,NA,,
20870,78471,1.0,NA,,
20916,79368,1.0,NA,,
20916,79368,2.0,LA,,
20916,79368,3.0,EMEA,,
20916,79368,4.0,AP,,
20918,79369,1.0,NA,,
20919,79370,1.0,NA,,
20934,79444,1.0,NA,,
20934,79444,2.0,LA,,
20934,79444,3.0,EMEA,,
20934,79444,4.0,AP,,
20935,79445,1.0,NA,,
20935,79445,2.0,LA,,
20935,79445,3.0,EMEA,,
20935,79445,4.0,AP,,
21254,84557,1.0,NA,,
21254,84557,2.0,LA,,
21254,84557,3.0,EMEA,,
21254,84557,4.0,AP,42.0,Nippon Giant
21256,84656,,,,
21272,84770,,,,
21344,88461,,,,
21662,98815,1.0,NA,,
21664,98817,,,,
21786,102472,1.0,NA,,
21786,102472,2.0,LA,,
21786,102472,3.0,EMEA,,
21786,102472,4.0,AP,,
21788,102564,,,,
21922,105028,,,,
22012,107124,,,,
22108,110147,1.0,NA,,
22109,110148,,,,
22143,110680,1.0,NA,,
22143,110680,2.0,LA,,
22143,110680,3.0,EMEA,,
22143,110680,4.0,AP,40.0,Thailand
22143,110680,1.0,NA,,
22143,110680,2.0,LA,,
22143,110680,3.0,EMEA,,
22143,110680,4.0,AP,47.0,Indonesia
22197,111378,1.0,NA,,
22198,111379,1.0,NA,,
22199,111380,1.0,NA,,
22210,111398,,,,
22244,112025,1.0,NA,,
22245,112026,1.0,NA,,
22269,112459,,,,
22271,112463,,,,
22698,118983,,,,
22699,118984,1.0,NA,,
22700,118985,1.0,NA,,
22701,118986,1.0,NA,,
22788,120312,,,,
22823,121254,,,,
23410,129209,2.0,LA,,
23416,129299,1.0,NA,,
23416,129299,2.0,LA,,
23416,129299,3.0,EMEA,,
23416,129299,4.0,AP,,
23493,130019,1.0,NA,,
23495,130021,1.0,NA,,
23497,130023,1.0,NA,,
23499,130025,1.0,NA,,
23556,130305,1.0,NA,,
23556,130305,2.0,LA,,
23556,130305,3.0,EMEA,,
23556,130305,4.0,AP,,
23596,130382,,,,
23747,132029,3.0,EMEA,,
23833,132949,,,,
20220,68394,1.0,NA,,
20220,68394,2.0,LA,,
20220,68394,3.0,EMEA,,
20220,68394,4.0,AP,,
20221,68395,1.0,NA,,
20221,68395,2.0,LA,,
20221,68395,3.0,EMEA,,
20221,68395,4.0,AP,,
20336,69664,3.0,EMEA,,
20690,76004,,,,
20691,76005,1.0,NA,,
20691,76005,2.0,LA,,
20691,76005,3.0,EMEA,,
20691,76005,4.0,AP,,
20762,77246,1.0,NA,,
20954,79974,1.0,NA,,
20992,80429,3.0,EMEA,,
20995,80431,1.0,NA,,
20996,80432,1.0,NA,,
20997,80433,1.0,NA,,
21004,80643,1.0,NA,,
21004,80643,2.0,LA,,
21004,80643,3.0,EMEA,,
21004,80643,4.0,AP,,
21398,91046,1.0,NA,,
22234,111842,1.0,NA,,
22234,111842,2.0,LA,,
22234,111842,3.0,EMEA,,
22234,111842,4.0,AP,,
22376,114139,1.0,NA,,
22377,114140,1.0,NA,,
22503,116122,,,,
22542,116486,,,,
22544,116488,,,,
22570,116964,,,,
22612,117613,,,,
22616,117687,1.0,NA,,
22616,117687,2.0,LA,,
22616,117687,3.0,EMEA,,
22616,117687,4.0,AP,,
22633,117895,1.0,NA,,
22633,117895,2.0,LA,,
22633,117895,3.0,EMEA,,
22633,117895,4.0,AP,,
22634,117899,,,,
22644,118224,1.0,NA,,
22645,118225,1.0,NA,,
22646,118226,1.0,NA,,
22647,118227,1.0,NA,,
22648,118228,1.0,NA,,
22649,118229,1.0,NA,,
22650,118230,1.0,NA,,
22651,118231,1.0,NA,,
22652,118232,1.0,NA,,
22653,118233,1.0,NA,,
22654,118234,1.0,NA,,
22658,118239,,,,
22952,123026,,,,
22953,123027,,,,
22954,123028,,,,
22955,123029,,,,
22956,123030,,,,
23098,125258,1.0,NA,,
23098,125258,2.0,LA,,
23098,125258,3.0,EMEA,,
23098,125258,4.0,AP,,
23099,125259,1.0,NA,,
23099,125259,2.0,LA,,
23099,125259,3.0,EMEA,,
23099,125259,4.0,AP,,
23100,125260,1.0,NA,,
23100,125260,2.0,LA,,
23100,125260,3.0,EMEA,,
23100,125260,4.0,AP,,
23101,125261,1.0,NA,,
23102,125262,1.0,NA,,
23102,125262,2.0,LA,,
23102,125262,3.0,EMEA,,
23102,125262,4.0,AP,,
23638,130733,1.0,NA,,
23638,130733,2.0,LA,,
23638,130733,3.0,EMEA,,
23638,130733,4.0,AP,40.0,Thailand
23638,130733,1.0,NA,,
23638,130733,2.0,LA,,
23638,130733,3.0,EMEA,,
23638,130733,4.0,AP,47.0,Indonesia
23638,130733,1.0,NA,,
23638,130733,2.0,LA,,
23638,130733,3.0,EMEA,346.0,Melksham
23638,130733,4.0,AP,,
23638,130733,1.0,NA,,
23638,130733,2.0,LA,,
23638,130733,3.0,EMEA,360.0,Krusevac
23638,130733,4.0,AP,,
23712,131657,1.0,NA,,
23712,131657,2.0,LA,,
23712,131657,3.0,EMEA,,
23712,131657,4.0,AP,,
23841,133008,,,,
23842,133010,,,,
23843,133014,,,,
20176,67966,,,,
20448,71796,2.0,LA,,
20448,71796,3.0,EMEA,,
20448,71796,4.0,AP,,
20449,71797,1.0,NA,,
20450,71798,1.0,NA,,
20451,71799,1.0,NA,,
20452,71800,1.0,NA,,
20453,71801,1.0,NA,,
20454,71802,1.0,NA,,
20494,72888,,,,
20920,79371,,,,
20926,79433,,,,
21112,82072,,,,
21288,84989,,,,
21304,85604,,,,
21308,85608,1.0,NA,,
21308,85608,2.0,LA,,
21308,85608,3.0,EMEA,,
21308,85608,4.0,AP,,
21360,89248,1.0,NA,,
21360,89248,2.0,LA,,
21360,89248,3.0,EMEA,,
21360,89248,4.0,AP,,
21738,101508,1.0,NA,,
21738,101508,2.0,LA,,
21738,101508,3.0,EMEA,,
21738,101508,4.0,AP,,
21827,103245,1.0,NA,,
21828,103246,1.0,NA,,
21836,103505,,,,
22024,108286,,,,
22026,108287,1.0,NA,,
22026,108287,3.0,EMEA,23.0,Adapazari
22026,108287,1.0,NA,,
22026,108287,3.0,EMEA,25.0,Izmit
22070,109301,1.0,NA,,
22070,109301,2.0,LA,,
22070,109301,3.0,EMEA,,
22070,109301,4.0,AP,,
22754,119669,,,,
22812,120982,1.0,NA,,
22812,120982,2.0,LA,,
22812,120982,4.0,AP,,
23732,131792,,,,
23789,132552,,,,
23802,132817,1.0,NA,,
23802,132817,2.0,LA,,
23802,132817,3.0,EMEA,,
23802,132817,4.0,AP,42.0,Nippon Giant
23802,132817,1.0,NA,,
23802,132817,2.0,LA,,
23802,132817,3.0,EMEA,346.0,Melksham
23802,132817,4.0,AP,,
20168,67847,1.0,NA,,
20168,67847,2.0,LA,,
20168,67847,3.0,EMEA,,
20168,67847,4.0,AP,,
20264,68888,1.0,NA,,
20264,68888,2.0,LA,,
20264,68888,3.0,EMEA,,
20264,68888,4.0,AP,,
20270,68960,1.0,NA,,
20270,68960,2.0,LA,,
20270,68960,3.0,EMEA,,
20270,68960,4.0,AP,,
20432,71371,1.0,NA,,
20433,71372,1.0,NA,,
20602,74320,1.0,NA,,
20603,74321,1.0,NA,,
20830,78193,1.0,NA,,
20908,79294,1.0,NA,,
20908,79294,2.0,LA,,
20908,79294,3.0,EMEA,,
20908,79294,4.0,AP,,
20941,79597,,,,
20942,79598,3.0,EMEA,,
20942,79598,4.0,AP,42.0,Nippon Giant
20942,79598,3.0,EMEA,,
20942,79598,4.0,AP,100.0,Pulandian
21088,81927,1.0,NA,,
21089,81928,1.0,NA,,
21091,81932,1.0,NA,,
21094,81935,1.0,NA,,
21095,81936,1.0,NA,,
21172,82863,,,,
21182,82941,1.0,NA,,
21183,82942,1.0,NA,,
21210,83463,,,,
21219,83758,1.0,NA,,
21219,83758,2.0,LA,,
21219,83758,3.0,EMEA,23.0,Adapazari
21219,83758,4.0,AP,,
21219,83758,1.0,NA,,
21219,83758,2.0,LA,,
21219,83758,3.0,EMEA,25.0,Izmit
21219,83758,4.0,AP,,
21419,91639,1.0,NA,,
21419,91639,2.0,LA,,
21419,91639,3.0,EMEA,,
21419,91639,4.0,AP,,
21420,91640,1.0,NA,,
21420,91640,2.0,LA,,
21420,91640,3.0,EMEA,,
21420,91640,4.0,AP,,
21421,91641,1.0,NA,,
21421,91641,2.0,LA,,
21421,91641,3.0,EMEA,,
21421,91641,4.0,AP,,
21422,91642,1.0,NA,,
21422,91642,2.0,LA,,
21422,91642,3.0,EMEA,,
21422,91642,4.0,AP,,
21423,91643,1.0,NA,,
21423,91643,2.0,LA,,
21423,91643,3.0,EMEA,,
21423,91643,4.0,AP,,
21424,91644,1.0,NA,,
21424,91644,2.0,LA,,
21424,91644,3.0,EMEA,,
21424,91644,4.0,AP,,
21425,91645,1.0,NA,,
21425,91645,2.0,LA,,
21425,91645,3.0,EMEA,,
21425,91645,4.0,AP,,
21442,93042,4.0,AP,,
21554,95348,1.0,NA,,
22712,119148,1.0,NA,,
22712,119148,2.0,LA,,
22712,119148,3.0,EMEA,,
22712,119148,4.0,AP,,
23203,126448,1.0,NA,,
23204,126449,1.0,NA,,
23205,126450,1.0,NA,,
23206,126451,1.0,NA,,
23207,126452,1.0,NA,,
23221,126465,,,,
23238,126714,1.0,NA,,
23238,126714,4.0,AP,,
23572,130319,,,,
23576,130322,1.0,NA,,
23576,130322,2.0,LA,,
23576,130322,3.0,EMEA,,
23576,130322,4.0,AP,40.0,Thailand
23576,130322,1.0,NA,,
23576,130322,2.0,LA,,
23576,130322,3.0,EMEA,,
23576,130322,4.0,AP,42.0,Nippon Giant
23576,130322,1.0,NA,,
23576,130322,2.0,LA,,
23576,130322,3.0,EMEA,,
23576,130322,4.0,AP,47.0,Indonesia
23576,130322,1.0,NA,,
23576,130322,2.0,LA,,
23576,130322,3.0,EMEA,346.0,Melksham
23576,130322,4.0,AP,,
23577,130323,1.0,NA,9.0,Medicine Hat
23577,130323,2.0,LA,,
23577,130323,3.0,EMEA,,
23577,130323,4.0,AP,,
23577,130323,1.0,NA,10.0,Napanee
23577,130323,2.0,LA,,
23577,130323,3.0,EMEA,,
23577,130323,4.0,AP,,
23577,130323,1.0,NA,11.0,Valleyfield
23577,130323,2.0,LA,,
23577,130323,3.0,EMEA,,
23577,130323,4.0,AP,,
23577,130323,1.0,NA,,
23577,130323,2.0,LA,,
23577,130323,3.0,EMEA,,
23577,130323,4.0,AP,42.0,Nippon Giant
23577,130323,1.0,NA,,
23577,130323,2.0,LA,,
23577,130323,3.0,EMEA,346.0,Melksham
23577,130323,4.0,AP,,
23579,130325,1.0,NA,,
23579,130325,2.0,LA,,
23579,130325,4.0,AP,,
23580,130326,1.0,NA,,
23580,130326,2.0,LA,,
23580,130326,4.0,AP,,
23598,130384,,,,
23632,130681,,,,
23646,130836,1.0,NA,,
23646,130836,2.0,LA,,
23646,130836,3.0,EMEA,,
23646,130836,4.0,AP,,
20122,67119,1.0,NA,,
20122,67119,2.0,LA,,
20122,67119,3.0,EMEA,,
20122,67119,4.0,AP,,
20374,70510,,,,
20428,71359,1.0,NA,,
20428,71359,2.0,LA,,
20428,71359,3.0,EMEA,,
20428,71359,4.0,AP,,
20550,73470,1.0,NA,,
20550,73470,2.0,LA,,
20550,73470,3.0,EMEA,,
20550,73470,4.0,AP,,
20700,76224,,,,
20766,77322,,,,
20767,77323,,,,
20840,78255,1.0,NA,,
20864,78408,,,,
20872,78473,,,,
21310,85708,1.0,NA,,
21310,85708,2.0,LA,,
21310,85708,3.0,EMEA,,
21310,85708,4.0,AP,,
21312,85711,,,,
21313,85712,,,,
21314,85713,,,,
21315,85714,,,,
21316,85715,,,,
21317,85716,,,,
21318,85717,,,,
21319,85718,,,,
21484,94287,,,,
21602,96909,,,,
21630,97742,,,,
23248,126903,,,,
23250,126905,,,,
23516,130161,1.0,NA,,
23516,130161,2.0,LA,,
23516,130161,3.0,EMEA,,
23516,130161,4.0,AP,,
23568,130316,1.0,NA,,
23568,130316,2.0,LA,,
23568,130316,3.0,EMEA,,
23568,130316,4.0,AP,,
23757,132097,1.0,NA,,
23864,133354,1.0,NA,,
23867,133358,,,,
23868,133359,,,,
23880,133486,1.0,NA,,
23880,133486,2.0,LA,,
23880,133486,3.0,EMEA,23.0,Adapazari
23880,133486,4.0,AP,,
23880,133486,1.0,NA,,
23880,133486,2.0,LA,,
23880,133486,3.0,EMEA,25.0,Izmit
23880,133486,4.0,AP,,
23880,133486,1.0,NA,,
23880,133486,2.0,LA,,
23880,133486,3.0,EMEA,346.0,Melksham
23880,133486,4.0,AP,,
23882,133490,3.0,EMEA,,
23900,133747,1.0,NA,,
23900,133747,2.0,LA,,
23900,133747,3.0,EMEA,,
23900,133747,4.0,AP,,
20188,68094,,,,
20712,76514,,,,
20713,76515,,,,
21126,82284,1.0,NA,,
21126,82284,4.0,AP,,
21232,83981,,,,
21373,89892,1.0,NA,,
21373,89892,2.0,LA,,
21373,89892,3.0,EMEA,,
21373,89892,4.0,AP,,
21416,91637,1.0,NA,,
21416,91637,2.0,LA,,
21416,91637,3.0,EMEA,,
21416,91637,4.0,AP,,
21418,91638,,,,
21492,94418,1.0,NA,,
21492,94418,2.0,LA,,
21492,94418,3.0,EMEA,,
21492,94418,4.0,AP,,
21493,94420,1.0,NA,,
21493,94420,2.0,LA,,
21493,94420,3.0,EMEA,,
21493,94420,4.0,AP,,
21604,97046,,,,
21608,97048,1.0,NA,,
21608,97048,2.0,LA,,
21608,97048,3.0,EMEA,,
21608,97048,4.0,AP,,
21733,101503,1.0,NA,,
21733,101503,2.0,LA,,
21733,101503,3.0,EMEA,,
21733,101503,4.0,AP,,
21779,102371,,,,
21780,102374,,,,
21949,106076,,,,
21950,106078,,,,
21951,106079,,,,
21952,106080,,,,
22814,121117,1.0,NA,,
22814,121117,2.0,LA,,
22814,121117,3.0,EMEA,,
22814,121117,4.0,AP,42.0,Nippon Giant
22815,121118,,,,
22816,121121,,,,
23228,126588,1.0,NA,,
23228,126588,2.0,LA,,
23228,126588,3.0,EMEA,,
23228,126588,4.0,AP,,
23722,131719,,,,
23724,131722,,,,
23725,131723,,,,
23726,131724,,,,
23727,131725,,,,
23728,131726,,,,
23729,131727,,,,
23730,131728,,,,
23748,132030,3.0,EMEA,,
23845,133016,,,,
23886,133495,1.0,NA,,
20520,73082,1.0,NA,,
20520,73082,2.0,LA,,
20520,73082,3.0,EMEA,23.0,Adapazari
20520,73082,4.0,AP,,
20520,73082,1.0,NA,,
20520,73082,2.0,LA,,
20520,73082,3.0,EMEA,25.0,Izmit
20520,73082,4.0,AP,,
20522,73086,,,,
20608,74393,1.0,NA,,
20608,74393,2.0,LA,,
20608,74393,3.0,EMEA,,
20608,74393,4.0,AP,,
20924,79432,,,,
21208,83462,1.0,NA,,
21208,83462,2.0,LA,,
21490,94415,,,,
21535,94956,1.0,NA,,
21535,94956,2.0,LA,,
21535,94956,3.0,EMEA,,
21535,94956,4.0,AP,,
21741,101689,1.0,NA,,
21750,101894,1.0,NA,,
21750,101894,4.0,AP,,
21820,103237,1.0,NA,,
21823,103240,1.0,NA,,
21824,103241,1.0,NA,,
21825,103243,1.0,NA,,
21839,103590,1.0,NA,,
21965,106185,,,,
21970,106284,,,,
21971,106285,,,,
21972,106287,,,,
22034,108469,1.0,NA,,
22034,108469,2.0,LA,,
22036,108560,1.0,NA,9.0,Medicine Hat
22036,108560,2.0,LA,,
22036,108560,3.0,EMEA,,
22036,108560,4.0,AP,,
22036,108560,1.0,NA,10.0,Napanee
22036,108560,2.0,LA,,
22036,108560,3.0,EMEA,,
22036,108560,4.0,AP,,
22036,108560,1.0,NA,11.0,Valleyfield
22036,108560,2.0,LA,,
22036,108560,3.0,EMEA,,
22036,108560,4.0,AP,,
22036,108560,1.0,NA,58.0,Chem Niagara Falls
22036,108560,2.0,LA,,
22036,108560,3.0,EMEA,,
22036,108560,4.0,AP,,
22038,108757,,,,
22058,109126,1.0,NA,,
22058,109126,3.0,EMEA,,
22059,109127,1.0,NA,,
22059,109127,3.0,EMEA,,
22060,109128,1.0,NA,,
22060,109128,3.0,EMEA,,
22061,109129,1.0,NA,,
22061,109129,3.0,EMEA,,
22062,109130,1.0,NA,,
22062,109130,3.0,EMEA,,
22164,111019,,,,
22166,111025,1.0,NA,,
22166,111025,2.0,LA,,
22687,118668,,,,
22993,123993,3.0,EMEA,18.0,Debica
22993,123993,3.0,EMEA,19.0,Philippsburg
22993,123993,3.0,EMEA,23.0,Adapazari
22993,123993,3.0,EMEA,24.0,Sava
22993,123993,3.0,EMEA,25.0,Izmit
22993,123993,3.0,EMEA,26.0,Fulda
22993,123993,3.0,EMEA,27.0,South Africa
22993,123993,3.0,EMEA,48.0,Amiens South
22993,123993,3.0,EMEA,49.0,Montlucon
22993,123993,3.0,EMEA,50.0,Hanau
22993,123993,3.0,EMEA,51.0,Wittlich
22993,123993,3.0,EMEA,52.0,Fuerstenwalde
22993,123993,3.0,EMEA,53.0,Riesa
22993,123993,3.0,EMEA,180.0,Polymer-Technik Elbe GmbH
22993,123993,3.0,EMEA,220.0,RCCE
22993,123993,3.0,EMEA,260.0,Conbelts Bytom-SAEU
22993,123993,3.0,EMEA,261.0,DRC Kauucuk
22993,123993,3.0,EMEA,262.0,Empresa Industrial de Borracha SA-EIB
22993,123993,3.0,EMEA,263.0,FTT Stomil Wolbrom SA
22993,123993,3.0,EMEA,264.0,Geyer and Hosaja-Zak-ADY Gumowe w Mielcu-Sp. Zo.o
22993,123993,3.0,EMEA,265.0,Hexpol - Berwin
22993,123993,3.0,EMEA,266.0,Kabat Tyre
22993,123993,3.0,EMEA,267.0,Kolsan
22993,123993,3.0,EMEA,268.0,Kraiburg Austria GmbH and Co. KG
22993,123993,3.0,EMEA,269.0,Marangoni S.p.A Rovereto
22993,123993,3.0,EMEA,270.0,Marangoni S.p.A Hamburg
22993,123993,3.0,EMEA,271.0,Matrax s.r.o.
22993,123993,3.0,EMEA,272.0,Multiblend
22993,123993,3.0,EMEA,273.0,Omya Uk Limited-Masterbatches
22993,123993,3.0,EMEA,274.0,Ozka Lastik ve Kaucuk Inc.
22993,123993,3.0,EMEA,276.0,Phoenix Compound Technology Hamburg
22993,123993,3.0,EMEA,277.0,Phoenix Compound Technology Waltershausen
22993,123993,3.0,EMEA,279.0,ProPS s.r.o.
22993,123993,3.0,EMEA,280.0,S and N Rubber¿
22993,123993,3.0,EMEA,281.0,Socamont-S.A.
22993,123993,3.0,EMEA,282.0,Stomil Poznan
22993,123993,3.0,EMEA,283.0,Tecnogum
22993,123993,3.0,EMEA,284.0,Vil Kaucuk San.ve Tic. Ltd Sti
22993,123993,3.0,EMEA,285.0,Zaklady Chemiczne BOCHEM Sp. z o.o
22993,123993,3.0,EMEA,320.0,Dudelange
22993,123993,3.0,EMEA,346.0,Melksham
22993,123993,3.0,EMEA,360.0,Krusevac
23510,130070,,,,
23743,132023,3.0,EMEA,,
23744,132025,3.0,EMEA,,
23745,132026,3.0,EMEA,,
23746,132028,3.0,EMEA,,
23750,132086,1.0,NA,,
23750,132086,2.0,LA,,
23750,132086,4.0,AP,42.0,Nippon Giant
23766,132220,1.0,NA,,
23766,132220,2.0,LA,,
23766,132220,3.0,EMEA,,
23766,132220,4.0,AP,,
23846,133017,,,,
23899,133626,1.0,NA,,
20247,68722,4.0,AP,,
20464,72005,1.0,NA,,
20464,72005,2.0,LA,,
20464,72005,3.0,EMEA,,
20464,72005,4.0,AP,,
20470,72152,1.0,NA,,
20470,72152,2.0,LA,,
20470,72152,3.0,EMEA,,
20470,72152,4.0,AP,,
20524,73152,,,,
20548,73464,4.0,AP,,
20549,73465,1.0,NA,,
20549,73465,2.0,LA,,
20549,73465,3.0,EMEA,,
20549,73465,4.0,AP,,
20841,78257,1.0,NA,,
20842,78258,1.0,NA,,
20845,78262,1.0,NA,,
20846,78264,1.0,NA,,
20848,78266,1.0,NA,,
20849,78267,1.0,NA,,
20850,78268,1.0,NA,,
20851,78269,1.0,NA,,
20852,78270,1.0,NA,,
21061,81723,1.0,NA,,
21061,81723,2.0,LA,,
21061,81723,3.0,EMEA,,
21061,81723,4.0,AP,,
21062,81724,1.0,NA,,
21062,81724,2.0,LA,,
21062,81724,3.0,EMEA,,
21062,81724,4.0,AP,,
21192,83159,4.0,AP,,
21194,83163,,,,
21411,91286,,,,
21413,91289,1.0,NA,,
21413,91289,2.0,LA,,
21413,91289,4.0,AP,,
21474,93676,,,,
21810,103054,,,,
21953,106081,,,,
21954,106082,,,,
21955,106083,,,,
21997,106936,1.0,NA,,
21998,106937,,,,
22022,108284,,,,
22948,123018,,,,
23330,128396,1.0,NA,,
23330,128396,2.0,LA,,
23330,128396,3.0,EMEA,,
23330,128396,4.0,AP,,
23342,128463,,,,
23344,128513,1.0,NA,,
23344,128513,2.0,LA,,
23344,128513,3.0,EMEA,23.0,Adapazari
23344,128513,4.0,AP,,
23344,128513,1.0,NA,,
23344,128513,2.0,LA,,
23344,128513,3.0,EMEA,25.0,Izmit
23344,128513,4.0,AP,,
23345,128514,,,,
23348,128516,,,,
23349,128517,,,,
23650,130882,1.0,NA,,
23651,130883,1.0,NA,,
23652,130884,1.0,NA,,
23656,130888,1.0,NA,,
23742,132022,,,,
23786,132550,1.0,NA,,
23786,132550,2.0,LA,,
23786,132550,3.0,EMEA,,
23786,132550,4.0,AP,,
23832,132948,1.0,NA,,
23832,132948,2.0,LA,,
23832,132948,3.0,EMEA,,
23832,132948,4.0,AP,,
23852,133172,,,,
20190,68133,1.0,NA,,
20192,68135,1.0,NA,,
20280,69006,1.0,NA,,
20280,69006,2.0,LA,,
20280,69006,4.0,AP,,
20282,69043,1.0,NA,,
20282,69043,2.0,LA,,
20282,69043,3.0,EMEA,,
20282,69043,4.0,AP,,
20283,69044,1.0,NA,,
20283,69044,2.0,LA,,
20283,69044,3.0,EMEA,,
20283,69044,4.0,AP,,
20284,69045,1.0,NA,,
20284,69045,2.0,LA,,
20284,69045,3.0,EMEA,,
20284,69045,4.0,AP,,
20338,69666,1.0,NA,,
20338,69666,2.0,LA,,
20338,69666,3.0,EMEA,,
20338,69666,4.0,AP,,
20466,72006,,,,
20468,72077,1.0,NA,,
20490,72700,1.0,NA,,
20490,72700,2.0,LA,,
20490,72700,3.0,EMEA,,
20490,72700,4.0,AP,,
20662,75685,,,,
20860,78341,1.0,NA,,
20860,78341,4.0,AP,,
20877,78595,1.0,NA,,
20877,78595,3.0,EMEA,,
21166,82788,1.0,NA,,
21166,82788,2.0,LA,,
21168,82790,1.0,NA,,
21326,86619,1.0,NA,,
21326,86619,2.0,LA,,
21326,86619,3.0,EMEA,,
21326,86619,4.0,AP,,
21357,89245,1.0,NA,,
21358,89246,1.0,NA,,
21359,89247,1.0,NA,,
21362,89250,1.0,NA,,
21362,89250,2.0,LA,,
21362,89250,3.0,EMEA,,
21362,89250,4.0,AP,,
21364,89366,,,,
21366,89368,,,,
22157,110859,1.0,NA,9.0,Medicine Hat
22157,110859,3.0,EMEA,,
22157,110859,1.0,NA,10.0,Napanee
22157,110859,3.0,EMEA,,
22157,110859,1.0,NA,11.0,Valleyfield
22157,110859,3.0,EMEA,,
22157,110859,1.0,NA,,
22157,110859,3.0,EMEA,23.0,Adapazari
22157,110859,1.0,NA,,
22157,110859,3.0,EMEA,25.0,Izmit
22182,111207,1.0,NA,,
22182,111207,2.0,LA,,
22182,111207,3.0,EMEA,,
22182,111207,4.0,AP,,
22208,111390,,,,
22222,111667,,,,
23464,129848,,,,
23465,129849,1.0,NA,,
23467,129852,1.0,NA,,
23468,129853,1.0,NA,,
23648,130843,,,,
23794,132709,,,,
20202,68263,,,,
20246,68721,4.0,AP,,
20248,68723,4.0,AP,,
20294,69344,1.0,NA,,
20552,73535,1.0,NA,,
20610,74394,1.0,NA,,
20610,74394,2.0,LA,,
20610,74394,3.0,EMEA,,
20610,74394,4.0,AP,,
20611,74395,1.0,NA,,
20611,74395,2.0,LA,,
20611,74395,3.0,EMEA,,
20611,74395,4.0,AP,,
20986,80321,,,,
21057,81607,,,,
21162,82785,1.0,NA,,
21162,82785,2.0,LA,,
21200,83313,,,,
21450,93286,1.0,NA,,
21451,93287,1.0,NA,,
21452,93288,1.0,NA,,
21453,93290,1.0,NA,,
21453,93290,2.0,LA,,
21453,93290,3.0,EMEA,,
21453,93290,4.0,AP,,
21886,104723,1.0,NA,,
21886,104723,2.0,LA,,
21886,104723,3.0,EMEA,,
21886,104723,4.0,AP,42.0,Nippon Giant
21888,104725,1.0,NA,,
21889,104726,1.0,NA,,
21978,106470,1.0,NA,,
22028,108373,1.0,NA,9.0,Medicine Hat
22028,108373,2.0,LA,,
22028,108373,3.0,EMEA,,
22028,108373,4.0,AP,,
22028,108373,1.0,NA,10.0,Napanee
22028,108373,2.0,LA,,
22028,108373,3.0,EMEA,,
22028,108373,4.0,AP,,
22028,108373,1.0,NA,11.0,Valleyfield
22028,108373,2.0,LA,,
22028,108373,3.0,EMEA,,
22028,108373,4.0,AP,,
22028,108373,1.0,NA,,
22028,108373,2.0,LA,,
22028,108373,3.0,EMEA,,
22028,108373,4.0,AP,40.0,Thailand
22028,108373,1.0,NA,,
22028,108373,2.0,LA,,
22028,108373,3.0,EMEA,,
22028,108373,4.0,AP,47.0,Indonesia
22028,108373,1.0,NA,58.0,Chem Niagara Falls
22028,108373,2.0,LA,,
22028,108373,3.0,EMEA,,
22028,108373,4.0,AP,,
22069,109300,,,,
22134,110348,,,,
22135,110349,,,,
22147,110683,,,,
22148,110684,,,,
22200,111381,,,,
22201,111382,1.0,NA,,
22203,111384,1.0,NA,,
22204,111385,1.0,NA,,
22220,111663,,,,
22270,112462,1.0,NA,9.0,Medicine Hat
22270,112462,1.0,NA,10.0,Napanee
22270,112462,1.0,NA,11.0,Valleyfield
22347,113377,1.0,NA,,
23503,130062,,,,
23660,130980,,,,
23661,130981,,,,
23731,131729,,,,
23765,132219,,,,
23860,133290,,,,
23862,133292,,,,
23894,133565,,,,
20146,67616,3.0,EMEA,,
20172,67902,1.0,NA,,
20172,67902,2.0,LA,,
20172,67902,3.0,EMEA,,
20172,67902,4.0,AP,,
20407,71063,1.0,NA,,
20408,71064,,,,
21052,81539,,,,
21252,84551,,,,
21290,84992,1.0,NA,,
21290,84992,2.0,LA,,
21290,84992,3.0,EMEA,,
21290,84992,4.0,AP,,
21548,95218,,,,
21550,95222,,,,
21768,102186,,,,
21791,102571,1.0,NA,,
21792,102572,1.0,NA,,
21798,102578,1.0,NA,,
21813,103058,,,,
21913,104846,,,,
21941,105411,1.0,NA,,
21941,105411,2.0,LA,,
21941,105411,3.0,EMEA,23.0,Adapazari
21941,105411,4.0,AP,,
21941,105411,1.0,NA,,
21941,105411,2.0,LA,,
21941,105411,3.0,EMEA,25.0,Izmit
21941,105411,4.0,AP,,
21942,105412,1.0,NA,,
21942,105412,2.0,LA,,
21942,105412,3.0,EMEA,,
21942,105412,4.0,AP,,
21943,105413,1.0,NA,,
21943,105413,2.0,LA,,
21943,105413,3.0,EMEA,,
21943,105413,4.0,AP,,
21956,106169,,,,
21957,106170,,,,
21958,106172,,,,
22238,111945,,,,
22316,112920,3.0,EMEA,23.0,Adapazari
22316,112920,3.0,EMEA,25.0,Izmit
22316,112920,3.0,EMEA,27.0,South Africa
22318,112923,,,,
22321,112926,1.0,NA,,
22321,112926,2.0,LA,,
22321,112926,3.0,EMEA,,
22321,112926,4.0,AP,,
22324,113099,,,,
22744,119536,,,,
23090,125191,1.0,NA,,
23090,125191,2.0,LA,,
23090,125191,4.0,AP,,
23091,125192,1.0,NA,,
23091,125192,2.0,LA,,
23091,125192,3.0,EMEA,,
23091,125192,4.0,AP,,
23454,129673,,,,
23616,130571,,,,
23636,130730,,,,
23700,131407,,,,
23866,133355,,,,
23901,133748,1.0,NA,,
23901,133748,2.0,LA,,
23901,133748,3.0,EMEA,,
23901,133748,4.0,AP,,
20292,69209,1.0,NA,,
20292,69209,2.0,LA,,
20292,69209,3.0,EMEA,,
20292,69209,4.0,AP,,
20376,70577,1.0,NA,9.0,Medicine Hat
20376,70577,2.0,LA,,
20376,70577,3.0,EMEA,,
20376,70577,4.0,AP,,
20376,70577,1.0,NA,10.0,Napanee
20376,70577,2.0,LA,,
20376,70577,3.0,EMEA,,
20376,70577,4.0,AP,,
20376,70577,1.0,NA,11.0,Valleyfield
20376,70577,2.0,LA,,
20376,70577,3.0,EMEA,,
20376,70577,4.0,AP,,
20376,70577,1.0,NA,,
20376,70577,2.0,LA,,
20376,70577,3.0,EMEA,18.0,Debica
20376,70577,4.0,AP,,
20376,70577,1.0,NA,,
20376,70577,2.0,LA,,
20376,70577,3.0,EMEA,19.0,Philippsburg
20376,70577,4.0,AP,,
20376,70577,1.0,NA,,
20376,70577,2.0,LA,,
20376,70577,3.0,EMEA,21.0,Luxembourg
20376,70577,4.0,AP,,
20376,70577,1.0,NA,,
20376,70577,2.0,LA,,
20376,70577,3.0,EMEA,23.0,Adapazari
20376,70577,4.0,AP,,
20376,70577,1.0,NA,,
20376,70577,2.0,LA,,
20376,70577,3.0,EMEA,24.0,Sava
20376,70577,4.0,AP,,
20376,70577,1.0,NA,,
20376,70577,2.0,LA,,
20376,70577,3.0,EMEA,25.0,Izmit
20376,70577,4.0,AP,,
20376,70577,1.0,NA,,
20376,70577,2.0,LA,,
20376,70577,3.0,EMEA,26.0,Fulda
20376,70577,4.0,AP,,
20376,70577,1.0,NA,,
20376,70577,2.0,LA,,
20376,70577,3.0,EMEA,28.0,Wolverhampton
20376,70577,4.0,AP,,
20376,70577,1.0,NA,,
20376,70577,2.0,LA,35.0,Peru
20376,70577,3.0,EMEA,,
20376,70577,4.0,AP,,
20376,70577,1.0,NA,,
20376,70577,2.0,LA,,
20376,70577,3.0,EMEA,,
20376,70577,4.0,AP,42.0,Nippon Giant
20376,70577,1.0,NA,,
20376,70577,2.0,LA,,
20376,70577,3.0,EMEA,,
20376,70577,4.0,AP,47.0,Indonesia
20376,70577,1.0,NA,,
20376,70577,2.0,LA,,
20376,70577,3.0,EMEA,48.0,Amiens South
20376,70577,4.0,AP,,
20376,70577,1.0,NA,,
20376,70577,2.0,LA,,
20376,70577,3.0,EMEA,49.0,Montlucon
20376,70577,4.0,AP,,
20376,70577,1.0,NA,,
20376,70577,2.0,LA,,
20376,70577,3.0,EMEA,50.0,Hanau
20376,70577,4.0,AP,,
20376,70577,1.0,NA,,
20376,70577,2.0,LA,,
20376,70577,3.0,EMEA,51.0,Wittlich
20376,70577,4.0,AP,,
20376,70577,1.0,NA,,
20376,70577,2.0,LA,,
20376,70577,3.0,EMEA,52.0,Fuerstenwalde
20376,70577,4.0,AP,,
20376,70577,1.0,NA,,
20376,70577,2.0,LA,,
20376,70577,3.0,EMEA,53.0,Riesa
20376,70577,4.0,AP,,
20376,70577,1.0,NA,,
20376,70577,2.0,LA,,
20376,70577,3.0,EMEA,180.0,Polymer-Technik Elbe GmbH
20376,70577,4.0,AP,,
20376,70577,1.0,NA,,
20376,70577,2.0,LA,,
20376,70577,3.0,EMEA,200.0,ICM*L
20376,70577,4.0,AP,,
20376,70577,1.0,NA,,
20376,70577,2.0,LA,,
20376,70577,3.0,EMEA,220.0,RCCE
20376,70577,4.0,AP,,
20376,70577,1.0,NA,,
20376,70577,2.0,LA,,
20376,70577,3.0,EMEA,260.0,Conbelts Bytom-SAEU
20376,70577,4.0,AP,,
20376,70577,1.0,NA,,
20376,70577,2.0,LA,,
20376,70577,3.0,EMEA,261.0,DRC Kauucuk
20376,70577,4.0,AP,,
20376,70577,1.0,NA,,
20376,70577,2.0,LA,,
20376,70577,3.0,EMEA,262.0,Empresa Industrial de Borracha SA-EIB
20376,70577,4.0,AP,,
20376,70577,1.0,NA,,
20376,70577,2.0,LA,,
20376,70577,3.0,EMEA,263.0,FTT Stomil Wolbrom SA
20376,70577,4.0,AP,,
20376,70577,1.0,NA,,
20376,70577,2.0,LA,,
20376,70577,3.0,EMEA,264.0,Geyer and Hosaja-Zak-ADY Gumowe w Mielcu-Sp. Zo.o
20376,70577,4.0,AP,,
20376,70577,1.0,NA,,
20376,70577,2.0,LA,,
20376,70577,3.0,EMEA,265.0,Hexpol - Berwin
20376,70577,4.0,AP,,
20376,70577,1.0,NA,,
20376,70577,2.0,LA,,
20376,70577,3.0,EMEA,266.0,Kabat Tyre
20376,70577,4.0,AP,,
20376,70577,1.0,NA,,
20376,70577,2.0,LA,,
20376,70577,3.0,EMEA,267.0,Kolsan
20376,70577,4.0,AP,,
20376,70577,1.0,NA,,
20376,70577,2.0,LA,,
20376,70577,3.0,EMEA,268.0,Kraiburg Austria GmbH and Co. KG
20376,70577,4.0,AP,,
20376,70577,1.0,NA,,
20376,70577,2.0,LA,,
20376,70577,3.0,EMEA,269.0,Marangoni S.p.A Rovereto
20376,70577,4.0,AP,,
20376,70577,1.0,NA,,
20376,70577,2.0,LA,,
20376,70577,3.0,EMEA,270.0,Marangoni S.p.A Hamburg
20376,70577,4.0,AP,,
20376,70577,1.0,NA,,
20376,70577,2.0,LA,,
20376,70577,3.0,EMEA,271.0,Matrax s.r.o.
20376,70577,4.0,AP,,
20376,70577,1.0,NA,,
20376,70577,2.0,LA,,
20376,70577,3.0,EMEA,272.0,Multiblend
20376,70577,4.0,AP,,
20376,70577,1.0,NA,,
20376,70577,2.0,LA,,
20376,70577,3.0,EMEA,273.0,Omya Uk Limited-Masterbatches
20376,70577,4.0,AP,,
20376,70577,1.0,NA,,
20376,70577,2.0,LA,,
20376,70577,3.0,EMEA,274.0,Ozka Lastik ve Kaucuk Inc.
20376,70577,4.0,AP,,
20376,70577,1.0,NA,,
20376,70577,2.0,LA,,
20376,70577,3.0,EMEA,275.0,Peintures Robin S.A-Paints /Cements
20376,70577,4.0,AP,,
20376,70577,1.0,NA,,
20376,70577,2.0,LA,,
20376,70577,3.0,EMEA,276.0,Phoenix Compound Technology Hamburg
20376,70577,4.0,AP,,
20376,70577,1.0,NA,,
20376,70577,2.0,LA,,
20376,70577,3.0,EMEA,277.0,Phoenix Compound Technology Waltershausen
20376,70577,4.0,AP,,
20376,70577,1.0,NA,,
20376,70577,2.0,LA,,
20376,70577,3.0,EMEA,279.0,ProPS s.r.o.
20376,70577,4.0,AP,,
20376,70577,1.0,NA,,
20376,70577,2.0,LA,,
20376,70577,3.0,EMEA,280.0,S and N Rubber¿
20376,70577,4.0,AP,,
20376,70577,1.0,NA,,
20376,70577,2.0,LA,,
20376,70577,3.0,EMEA,281.0,Socamont-S.A.
20376,70577,4.0,AP,,
20376,70577,1.0,NA,,
20376,70577,2.0,LA,,
20376,70577,3.0,EMEA,282.0,Stomil Poznan
20376,70577,4.0,AP,,
20376,70577,1.0,NA,,
20376,70577,2.0,LA,,
20376,70577,3.0,EMEA,283.0,Tecnogum
20376,70577,4.0,AP,,
20376,70577,1.0,NA,,
20376,70577,2.0,LA,,
20376,70577,3.0,EMEA,284.0,Vil Kaucuk San.ve Tic. Ltd Sti
20376,70577,4.0,AP,,
20376,70577,1.0,NA,,
20376,70577,2.0,LA,,
20376,70577,3.0,EMEA,285.0,Zaklady Chemiczne BOCHEM Sp. z o.o
20376,70577,4.0,AP,,
20377,70578,1.0,NA,9.0,Medicine Hat
20377,70578,2.0,LA,,
20377,70578,3.0,EMEA,,
20377,70578,4.0,AP,,
20377,70578,1.0,NA,10.0,Napanee
20377,70578,2.0,LA,,
20377,70578,3.0,EMEA,,
20377,70578,4.0,AP,,
20377,70578,1.0,NA,11.0,Valleyfield
20377,70578,2.0,LA,,
20377,70578,3.0,EMEA,,
20377,70578,4.0,AP,,
20377,70578,1.0,NA,,
20377,70578,2.0,LA,,
20377,70578,3.0,EMEA,18.0,Debica
20377,70578,4.0,AP,,
20377,70578,1.0,NA,,
20377,70578,2.0,LA,,
20377,70578,3.0,EMEA,19.0,Philippsburg
20377,70578,4.0,AP,,
20377,70578,1.0,NA,,
20377,70578,2.0,LA,,
20377,70578,3.0,EMEA,21.0,Luxembourg
20377,70578,4.0,AP,,
20377,70578,1.0,NA,,
20377,70578,2.0,LA,,
20377,70578,3.0,EMEA,23.0,Adapazari
20377,70578,4.0,AP,,
20377,70578,1.0,NA,,
20377,70578,2.0,LA,,
20377,70578,3.0,EMEA,24.0,Sava
20377,70578,4.0,AP,,
20377,70578,1.0,NA,,
20377,70578,2.0,LA,,
20377,70578,3.0,EMEA,25.0,Izmit
20377,70578,4.0,AP,,
20377,70578,1.0,NA,,
20377,70578,2.0,LA,,
20377,70578,3.0,EMEA,26.0,Fulda
20377,70578,4.0,AP,,
20377,70578,1.0,NA,,
20377,70578,2.0,LA,,
20377,70578,3.0,EMEA,28.0,Wolverhampton
20377,70578,4.0,AP,,
20377,70578,1.0,NA,,
20377,70578,2.0,LA,35.0,Peru
20377,70578,3.0,EMEA,,
20377,70578,4.0,AP,,
20377,70578,1.0,NA,,
20377,70578,2.0,LA,,
20377,70578,3.0,EMEA,,
20377,70578,4.0,AP,42.0,Nippon Giant
20377,70578,1.0,NA,,
20377,70578,2.0,LA,,
20377,70578,3.0,EMEA,,
20377,70578,4.0,AP,47.0,Indonesia
20377,70578,1.0,NA,,
20377,70578,2.0,LA,,
20377,70578,3.0,EMEA,48.0,Amiens South
20377,70578,4.0,AP,,
20377,70578,1.0,NA,,
20377,70578,2.0,LA,,
20377,70578,3.0,EMEA,49.0,Montlucon
20377,70578,4.0,AP,,
20377,70578,1.0,NA,,
20377,70578,2.0,LA,,
20377,70578,3.0,EMEA,50.0,Hanau
20377,70578,4.0,AP,,
20377,70578,1.0,NA,,
20377,70578,2.0,LA,,
20377,70578,3.0,EMEA,51.0,Wittlich
20377,70578,4.0,AP,,
20377,70578,1.0,NA,,
20377,70578,2.0,LA,,
20377,70578,3.0,EMEA,52.0,Fuerstenwalde
20377,70578,4.0,AP,,
20377,70578,1.0,NA,,
20377,70578,2.0,LA,,
20377,70578,3.0,EMEA,53.0,Riesa
20377,70578,4.0,AP,,
20377,70578,1.0,NA,,
20377,70578,2.0,LA,,
20377,70578,3.0,EMEA,180.0,Polymer-Technik Elbe GmbH
20377,70578,4.0,AP,,
20377,70578,1.0,NA,,
20377,70578,2.0,LA,,
20377,70578,3.0,EMEA,200.0,ICM*L
20377,70578,4.0,AP,,
20377,70578,1.0,NA,,
20377,70578,2.0,LA,,
20377,70578,3.0,EMEA,220.0,RCCE
20377,70578,4.0,AP,,
20377,70578,1.0,NA,,
20377,70578,2.0,LA,,
20377,70578,3.0,EMEA,260.0,Conbelts Bytom-SAEU
20377,70578,4.0,AP,,
20377,70578,1.0,NA,,
20377,70578,2.0,LA,,
20377,70578,3.0,EMEA,261.0,DRC Kauucuk
20377,70578,4.0,AP,,
20377,70578,1.0,NA,,
20377,70578,2.0,LA,,
20377,70578,3.0,EMEA,262.0,Empresa Industrial de Borracha SA-EIB
20377,70578,4.0,AP,,
20377,70578,1.0,NA,,
20377,70578,2.0,LA,,
20377,70578,3.0,EMEA,263.0,FTT Stomil Wolbrom SA
20377,70578,4.0,AP,,
20377,70578,1.0,NA,,
20377,70578,2.0,LA,,
20377,70578,3.0,EMEA,264.0,Geyer and Hosaja-Zak-ADY Gumowe w Mielcu-Sp. Zo.o
20377,70578,4.0,AP,,
20377,70578,1.0,NA,,
20377,70578,2.0,LA,,
20377,70578,3.0,EMEA,265.0,Hexpol - Berwin
20377,70578,4.0,AP,,
20377,70578,1.0,NA,,
20377,70578,2.0,LA,,
20377,70578,3.0,EMEA,266.0,Kabat Tyre
20377,70578,4.0,AP,,
20377,70578,1.0,NA,,
20377,70578,2.0,LA,,
20377,70578,3.0,EMEA,267.0,Kolsan
20377,70578,4.0,AP,,
20377,70578,1.0,NA,,
20377,70578,2.0,LA,,
20377,70578,3.0,EMEA,268.0,Kraiburg Austria GmbH and Co. KG
20377,70578,4.0,AP,,
20377,70578,1.0,NA,,
20377,70578,2.0,LA,,
20377,70578,3.0,EMEA,269.0,Marangoni S.p.A Rovereto
20377,70578,4.0,AP,,
20377,70578,1.0,NA,,
20377,70578,2.0,LA,,
20377,70578,3.0,EMEA,270.0,Marangoni S.p.A Hamburg
20377,70578,4.0,AP,,
20377,70578,1.0,NA,,
20377,70578,2.0,LA,,
20377,70578,3.0,EMEA,271.0,Matrax s.r.o.
20377,70578,4.0,AP,,
20377,70578,1.0,NA,,
20377,70578,2.0,LA,,
20377,70578,3.0,EMEA,272.0,Multiblend
20377,70578,4.0,AP,,
20377,70578,1.0,NA,,
20377,70578,2.0,LA,,
20377,70578,3.0,EMEA,273.0,Omya Uk Limited-Masterbatches
20377,70578,4.0,AP,,
20377,70578,1.0,NA,,
20377,70578,2.0,LA,,
20377,70578,3.0,EMEA,274.0,Ozka Lastik ve Kaucuk Inc.
20377,70578,4.0,AP,,
20377,70578,1.0,NA,,
20377,70578,2.0,LA,,
20377,70578,3.0,EMEA,275.0,Peintures Robin S.A-Paints /Cements
20377,70578,4.0,AP,,
20377,70578,1.0,NA,,
20377,70578,2.0,LA,,
20377,70578,3.0,EMEA,276.0,Phoenix Compound Technology Hamburg
20377,70578,4.0,AP,,
20377,70578,1.0,NA,,
20377,70578,2.0,LA,,
20377,70578,3.0,EMEA,277.0,Phoenix Compound Technology Waltershausen
20377,70578,4.0,AP,,
20377,70578,1.0,NA,,
20377,70578,2.0,LA,,
20377,70578,3.0,EMEA,279.0,ProPS s.r.o.
20377,70578,4.0,AP,,
20377,70578,1.0,NA,,
20377,70578,2.0,LA,,
20377,70578,3.0,EMEA,280.0,S and N Rubber¿
20377,70578,4.0,AP,,
20377,70578,1.0,NA,,
20377,70578,2.0,LA,,
20377,70578,3.0,EMEA,281.0,Socamont-S.A.
20377,70578,4.0,AP,,
20377,70578,1.0,NA,,
20377,70578,2.0,LA,,
20377,70578,3.0,EMEA,282.0,Stomil Poznan
20377,70578,4.0,AP,,
20377,70578,1.0,NA,,
20377,70578,2.0,LA,,
20377,70578,3.0,EMEA,283.0,Tecnogum
20377,70578,4.0,AP,,
20377,70578,1.0,NA,,
20377,70578,2.0,LA,,
20377,70578,3.0,EMEA,284.0,Vil Kaucuk San.ve Tic. Ltd Sti
20377,70578,4.0,AP,,
20377,70578,1.0,NA,,
20377,70578,2.0,LA,,
20377,70578,3.0,EMEA,285.0,Zaklady Chemiczne BOCHEM Sp. z o.o
20377,70578,4.0,AP,,
20378,70579,1.0,NA,9.0,Medicine Hat
20378,70579,2.0,LA,,
20378,70579,3.0,EMEA,,
20378,70579,4.0,AP,,
20378,70579,1.0,NA,10.0,Napanee
20378,70579,2.0,LA,,
20378,70579,3.0,EMEA,,
20378,70579,4.0,AP,,
20378,70579,1.0,NA,11.0,Valleyfield
20378,70579,2.0,LA,,
20378,70579,3.0,EMEA,,
20378,70579,4.0,AP,,
20378,70579,1.0,NA,,
20378,70579,2.0,LA,,
20378,70579,3.0,EMEA,18.0,Debica
20378,70579,4.0,AP,,
20378,70579,1.0,NA,,
20378,70579,2.0,LA,,
20378,70579,3.0,EMEA,19.0,Philippsburg
20378,70579,4.0,AP,,
20378,70579,1.0,NA,,
20378,70579,2.0,LA,,
20378,70579,3.0,EMEA,21.0,Luxembourg
20378,70579,4.0,AP,,
20378,70579,1.0,NA,,
20378,70579,2.0,LA,,
20378,70579,3.0,EMEA,23.0,Adapazari
20378,70579,4.0,AP,,
20378,70579,1.0,NA,,
20378,70579,2.0,LA,,
20378,70579,3.0,EMEA,24.0,Sava
20378,70579,4.0,AP,,
20378,70579,1.0,NA,,
20378,70579,2.0,LA,,
20378,70579,3.0,EMEA,25.0,Izmit
20378,70579,4.0,AP,,
20378,70579,1.0,NA,,
20378,70579,2.0,LA,,
20378,70579,3.0,EMEA,26.0,Fulda
20378,70579,4.0,AP,,
20378,70579,1.0,NA,,
20378,70579,2.0,LA,,
20378,70579,3.0,EMEA,28.0,Wolverhampton
20378,70579,4.0,AP,,
20378,70579,1.0,NA,,
20378,70579,2.0,LA,35.0,Peru
20378,70579,3.0,EMEA,,
20378,70579,4.0,AP,,
20378,70579,1.0,NA,,
20378,70579,2.0,LA,,
20378,70579,3.0,EMEA,,
20378,70579,4.0,AP,42.0,Nippon Giant
20378,70579,1.0,NA,,
20378,70579,2.0,LA,,
20378,70579,3.0,EMEA,,
20378,70579,4.0,AP,47.0,Indonesia
20378,70579,1.0,NA,,
20378,70579,2.0,LA,,
20378,70579,3.0,EMEA,48.0,Amiens South
20378,70579,4.0,AP,,
20378,70579,1.0,NA,,
20378,70579,2.0,LA,,
20378,70579,3.0,EMEA,49.0,Montlucon
20378,70579,4.0,AP,,
20378,70579,1.0,NA,,
20378,70579,2.0,LA,,
20378,70579,3.0,EMEA,50.0,Hanau
20378,70579,4.0,AP,,
20378,70579,1.0,NA,,
20378,70579,2.0,LA,,
20378,70579,3.0,EMEA,51.0,Wittlich
20378,70579,4.0,AP,,
20378,70579,1.0,NA,,
20378,70579,2.0,LA,,
20378,70579,3.0,EMEA,52.0,Fuerstenwalde
20378,70579,4.0,AP,,
20378,70579,1.0,NA,,
20378,70579,2.0,LA,,
20378,70579,3.0,EMEA,53.0,Riesa
20378,70579,4.0,AP,,
20378,70579,1.0,NA,,
20378,70579,2.0,LA,,
20378,70579,3.0,EMEA,180.0,Polymer-Technik Elbe GmbH
20378,70579,4.0,AP,,
20378,70579,1.0,NA,,
20378,70579,2.0,LA,,
20378,70579,3.0,EMEA,200.0,ICM*L
20378,70579,4.0,AP,,
20378,70579,1.0,NA,,
20378,70579,2.0,LA,,
20378,70579,3.0,EMEA,220.0,RCCE
20378,70579,4.0,AP,,
20378,70579,1.0,NA,,
20378,70579,2.0,LA,,
20378,70579,3.0,EMEA,260.0,Conbelts Bytom-SAEU
20378,70579,4.0,AP,,
20378,70579,1.0,NA,,
20378,70579,2.0,LA,,
20378,70579,3.0,EMEA,261.0,DRC Kauucuk
20378,70579,4.0,AP,,
20378,70579,1.0,NA,,
20378,70579,2.0,LA,,
20378,70579,3.0,EMEA,262.0,Empresa Industrial de Borracha SA-EIB
20378,70579,4.0,AP,,
20378,70579,1.0,NA,,
20378,70579,2.0,LA,,
20378,70579,3.0,EMEA,263.0,FTT Stomil Wolbrom SA
20378,70579,4.0,AP,,
20378,70579,1.0,NA,,
20378,70579,2.0,LA,,
20378,70579,3.0,EMEA,264.0,Geyer and Hosaja-Zak-ADY Gumowe w Mielcu-Sp. Zo.o
20378,70579,4.0,AP,,
20378,70579,1.0,NA,,
20378,70579,2.0,LA,,
20378,70579,3.0,EMEA,265.0,Hexpol - Berwin
20378,70579,4.0,AP,,
20378,70579,1.0,NA,,
20378,70579,2.0,LA,,
20378,70579,3.0,EMEA,266.0,Kabat Tyre
20378,70579,4.0,AP,,
20378,70579,1.0,NA,,
20378,70579,2.0,LA,,
20378,70579,3.0,EMEA,267.0,Kolsan
20378,70579,4.0,AP,,
20378,70579,1.0,NA,,
20378,70579,2.0,LA,,
20378,70579,3.0,EMEA,268.0,Kraiburg Austria GmbH and Co. KG
20378,70579,4.0,AP,,
20378,70579,1.0,NA,,
20378,70579,2.0,LA,,
20378,70579,3.0,EMEA,269.0,Marangoni S.p.A Rovereto
20378,70579,4.0,AP,,
20378,70579,1.0,NA,,
20378,70579,2.0,LA,,
20378,70579,3.0,EMEA,270.0,Marangoni S.p.A Hamburg
20378,70579,4.0,AP,,
20378,70579,1.0,NA,,
20378,70579,2.0,LA,,
20378,70579,3.0,EMEA,271.0,Matrax s.r.o.
20378,70579,4.0,AP,,
20378,70579,1.0,NA,,
20378,70579,2.0,LA,,
20378,70579,3.0,EMEA,272.0,Multiblend
20378,70579,4.0,AP,,
20378,70579,1.0,NA,,
20378,70579,2.0,LA,,
20378,70579,3.0,EMEA,273.0,Omya Uk Limited-Masterbatches
20378,70579,4.0,AP,,
20378,70579,1.0,NA,,
20378,70579,2.0,LA,,
20378,70579,3.0,EMEA,274.0,Ozka Lastik ve Kaucuk Inc.
20378,70579,4.0,AP,,
20378,70579,1.0,NA,,
20378,70579,2.0,LA,,
20378,70579,3.0,EMEA,275.0,Peintures Robin S.A-Paints /Cements
20378,70579,4.0,AP,,
20378,70579,1.0,NA,,
20378,70579,2.0,LA,,
20378,70579,3.0,EMEA,276.0,Phoenix Compound Technology Hamburg
20378,70579,4.0,AP,,
20378,70579,1.0,NA,,
20378,70579,2.0,LA,,
20378,70579,3.0,EMEA,277.0,Phoenix Compound Technology Waltershausen
20378,70579,4.0,AP,,
20378,70579,1.0,NA,,
20378,70579,2.0,LA,,
20378,70579,3.0,EMEA,279.0,ProPS s.r.o.
20378,70579,4.0,AP,,
20378,70579,1.0,NA,,
20378,70579,2.0,LA,,
20378,70579,3.0,EMEA,280.0,S and N Rubber¿
20378,70579,4.0,AP,,
20378,70579,1.0,NA,,
20378,70579,2.0,LA,,
20378,70579,3.0,EMEA,281.0,Socamont-S.A.
20378,70579,4.0,AP,,
20378,70579,1.0,NA,,
20378,70579,2.0,LA,,
20378,70579,3.0,EMEA,282.0,Stomil Poznan
20378,70579,4.0,AP,,
20378,70579,1.0,NA,,
20378,70579,2.0,LA,,
20378,70579,3.0,EMEA,283.0,Tecnogum
20378,70579,4.0,AP,,
20378,70579,1.0,NA,,
20378,70579,2.0,LA,,
20378,70579,3.0,EMEA,284.0,Vil Kaucuk San.ve Tic. Ltd Sti
20378,70579,4.0,AP,,
20378,70579,1.0,NA,,
20378,70579,2.0,LA,,
20378,70579,3.0,EMEA,285.0,Zaklady Chemiczne BOCHEM Sp. z o.o
20378,70579,4.0,AP,,
20379,70580,1.0,NA,9.0,Medicine Hat
20379,70580,2.0,LA,,
20379,70580,3.0,EMEA,,
20379,70580,4.0,AP,,
20379,70580,1.0,NA,10.0,Napanee
20379,70580,2.0,LA,,
20379,70580,3.0,EMEA,,
20379,70580,4.0,AP,,
20379,70580,1.0,NA,11.0,Valleyfield
20379,70580,2.0,LA,,
20379,70580,3.0,EMEA,,
20379,70580,4.0,AP,,
20379,70580,1.0,NA,,
20379,70580,2.0,LA,,
20379,70580,3.0,EMEA,18.0,Debica
20379,70580,4.0,AP,,
20379,70580,1.0,NA,,
20379,70580,2.0,LA,,
20379,70580,3.0,EMEA,19.0,Philippsburg
20379,70580,4.0,AP,,
20379,70580,1.0,NA,,
20379,70580,2.0,LA,,
20379,70580,3.0,EMEA,21.0,Luxembourg
20379,70580,4.0,AP,,
20379,70580,1.0,NA,,
20379,70580,2.0,LA,,
20379,70580,3.0,EMEA,23.0,Adapazari
20379,70580,4.0,AP,,
20379,70580,1.0,NA,,
20379,70580,2.0,LA,,
20379,70580,3.0,EMEA,24.0,Sava
20379,70580,4.0,AP,,
20379,70580,1.0,NA,,
20379,70580,2.0,LA,,
20379,70580,3.0,EMEA,25.0,Izmit
20379,70580,4.0,AP,,
20379,70580,1.0,NA,,
20379,70580,2.0,LA,,
20379,70580,3.0,EMEA,26.0,Fulda
20379,70580,4.0,AP,,
20379,70580,1.0,NA,,
20379,70580,2.0,LA,,
20379,70580,3.0,EMEA,28.0,Wolverhampton
20379,70580,4.0,AP,,
20379,70580,1.0,NA,,
20379,70580,2.0,LA,35.0,Peru
20379,70580,3.0,EMEA,,
20379,70580,4.0,AP,,
20379,70580,1.0,NA,,
20379,70580,2.0,LA,,
20379,70580,3.0,EMEA,,
20379,70580,4.0,AP,42.0,Nippon Giant
20379,70580,1.0,NA,,
20379,70580,2.0,LA,,
20379,70580,3.0,EMEA,,
20379,70580,4.0,AP,47.0,Indonesia
20379,70580,1.0,NA,,
20379,70580,2.0,LA,,
20379,70580,3.0,EMEA,48.0,Amiens South
20379,70580,4.0,AP,,
20379,70580,1.0,NA,,
20379,70580,2.0,LA,,
20379,70580,3.0,EMEA,49.0,Montlucon
20379,70580,4.0,AP,,
20379,70580,1.0,NA,,
20379,70580,2.0,LA,,
20379,70580,3.0,EMEA,50.0,Hanau
20379,70580,4.0,AP,,
20379,70580,1.0,NA,,
20379,70580,2.0,LA,,
20379,70580,3.0,EMEA,51.0,Wittlich
20379,70580,4.0,AP,,
20379,70580,1.0,NA,,
20379,70580,2.0,LA,,
20379,70580,3.0,EMEA,52.0,Fuerstenwalde
20379,70580,4.0,AP,,
20379,70580,1.0,NA,,
20379,70580,2.0,LA,,
20379,70580,3.0,EMEA,53.0,Riesa
20379,70580,4.0,AP,,
20379,70580,1.0,NA,,
20379,70580,2.0,LA,,
20379,70580,3.0,EMEA,180.0,Polymer-Technik Elbe GmbH
20379,70580,4.0,AP,,
20379,70580,1.0,NA,,
20379,70580,2.0,LA,,
20379,70580,3.0,EMEA,200.0,ICM*L
20379,70580,4.0,AP,,
20379,70580,1.0,NA,,
20379,70580,2.0,LA,,
20379,70580,3.0,EMEA,220.0,RCCE
20379,70580,4.0,AP,,
20379,70580,1.0,NA,,
20379,70580,2.0,LA,,
20379,70580,3.0,EMEA,260.0,Conbelts Bytom-SAEU
20379,70580,4.0,AP,,
20379,70580,1.0,NA,,
20379,70580,2.0,LA,,
20379,70580,3.0,EMEA,261.0,DRC Kauucuk
20379,70580,4.0,AP,,
20379,70580,1.0,NA,,
20379,70580,2.0,LA,,
20379,70580,3.0,EMEA,262.0,Empresa Industrial de Borracha SA-EIB
20379,70580,4.0,AP,,
20379,70580,1.0,NA,,
20379,70580,2.0,LA,,
20379,70580,3.0,EMEA,263.0,FTT Stomil Wolbrom SA
20379,70580,4.0,AP,,
20379,70580,1.0,NA,,
20379,70580,2.0,LA,,
20379,70580,3.0,EMEA,264.0,Geyer and Hosaja-Zak-ADY Gumowe w Mielcu-Sp. Zo.o
20379,70580,4.0,AP,,
20379,70580,1.0,NA,,
20379,70580,2.0,LA,,
20379,70580,3.0,EMEA,265.0,Hexpol - Berwin
20379,70580,4.0,AP,,
20379,70580,1.0,NA,,
20379,70580,2.0,LA,,
20379,70580,3.0,EMEA,266.0,Kabat Tyre
20379,70580,4.0,AP,,
20379,70580,1.0,NA,,
20379,70580,2.0,LA,,
20379,70580,3.0,EMEA,267.0,Kolsan
20379,70580,4.0,AP,,
20379,70580,1.0,NA,,
20379,70580,2.0,LA,,
20379,70580,3.0,EMEA,268.0,Kraiburg Austria GmbH and Co. KG
20379,70580,4.0,AP,,
20379,70580,1.0,NA,,
20379,70580,2.0,LA,,
20379,70580,3.0,EMEA,269.0,Marangoni S.p.A Rovereto
20379,70580,4.0,AP,,
20379,70580,1.0,NA,,
20379,70580,2.0,LA,,
20379,70580,3.0,EMEA,270.0,Marangoni S.p.A Hamburg
20379,70580,4.0,AP,,
20379,70580,1.0,NA,,
20379,70580,2.0,LA,,
20379,70580,3.0,EMEA,271.0,Matrax s.r.o.
20379,70580,4.0,AP,,
20379,70580,1.0,NA,,
20379,70580,2.0,LA,,
20379,70580,3.0,EMEA,272.0,Multiblend
20379,70580,4.0,AP,,
20379,70580,1.0,NA,,
20379,70580,2.0,LA,,
20379,70580,3.0,EMEA,273.0,Omya Uk Limited-Masterbatches
20379,70580,4.0,AP,,
20379,70580,1.0,NA,,
20379,70580,2.0,LA,,
20379,70580,3.0,EMEA,274.0,Ozka Lastik ve Kaucuk Inc.
20379,70580,4.0,AP,,
20379,70580,1.0,NA,,
20379,70580,2.0,LA,,
20379,70580,3.0,EMEA,275.0,Peintures Robin S.A-Paints /Cements
20379,70580,4.0,AP,,
20379,70580,1.0,NA,,
20379,70580,2.0,LA,,
20379,70580,3.0,EMEA,276.0,Phoenix Compound Technology Hamburg
20379,70580,4.0,AP,,
20379,70580,1.0,NA,,
20379,70580,2.0,LA,,
20379,70580,3.0,EMEA,277.0,Phoenix Compound Technology Waltershausen
20379,70580,4.0,AP,,
20379,70580,1.0,NA,,
20379,70580,2.0,LA,,
20379,70580,3.0,EMEA,279.0,ProPS s.r.o.
20379,70580,4.0,AP,,
20379,70580,1.0,NA,,
20379,70580,2.0,LA,,
20379,70580,3.0,EMEA,280.0,S and N Rubber¿
20379,70580,4.0,AP,,
20379,70580,1.0,NA,,
20379,70580,2.0,LA,,
20379,70580,3.0,EMEA,281.0,Socamont-S.A.
20379,70580,4.0,AP,,
20379,70580,1.0,NA,,
20379,70580,2.0,LA,,
20379,70580,3.0,EMEA,282.0,Stomil Poznan
20379,70580,4.0,AP,,
20379,70580,1.0,NA,,
20379,70580,2.0,LA,,
20379,70580,3.0,EMEA,283.0,Tecnogum
20379,70580,4.0,AP,,
20379,70580,1.0,NA,,
20379,70580,2.0,LA,,
20379,70580,3.0,EMEA,284.0,Vil Kaucuk San.ve Tic. Ltd Sti
20379,70580,4.0,AP,,
20379,70580,1.0,NA,,
20379,70580,2.0,LA,,
20379,70580,3.0,EMEA,285.0,Zaklady Chemiczne BOCHEM Sp. z o.o
20379,70580,4.0,AP,,
20380,70581,1.0,NA,9.0,Medicine Hat
20380,70581,2.0,LA,,
20380,70581,3.0,EMEA,,
20380,70581,4.0,AP,,
20380,70581,1.0,NA,10.0,Napanee
20380,70581,2.0,LA,,
20380,70581,3.0,EMEA,,
20380,70581,4.0,AP,,
20380,70581,1.0,NA,11.0,Valleyfield
20380,70581,2.0,LA,,
20380,70581,3.0,EMEA,,
20380,70581,4.0,AP,,
20380,70581,1.0,NA,,
20380,70581,2.0,LA,,
20380,70581,3.0,EMEA,18.0,Debica
20380,70581,4.0,AP,,
20380,70581,1.0,NA,,
20380,70581,2.0,LA,,
20380,70581,3.0,EMEA,19.0,Philippsburg
20380,70581,4.0,AP,,
20380,70581,1.0,NA,,
20380,70581,2.0,LA,,
20380,70581,3.0,EMEA,21.0,Luxembourg
20380,70581,4.0,AP,,
20380,70581,1.0,NA,,
20380,70581,2.0,LA,,
20380,70581,3.0,EMEA,23.0,Adapazari
20380,70581,4.0,AP,,
20380,70581,1.0,NA,,
20380,70581,2.0,LA,,
20380,70581,3.0,EMEA,24.0,Sava
20380,70581,4.0,AP,,
20380,70581,1.0,NA,,
20380,70581,2.0,LA,,
20380,70581,3.0,EMEA,25.0,Izmit
20380,70581,4.0,AP,,
20380,70581,1.0,NA,,
20380,70581,2.0,LA,,
20380,70581,3.0,EMEA,26.0,Fulda
20380,70581,4.0,AP,,
20380,70581,1.0,NA,,
20380,70581,2.0,LA,,
20380,70581,3.0,EMEA,28.0,Wolverhampton
20380,70581,4.0,AP,,
20380,70581,1.0,NA,,
20380,70581,2.0,LA,35.0,Peru
20380,70581,3.0,EMEA,,
20380,70581,4.0,AP,,
20380,70581,1.0,NA,,
20380,70581,2.0,LA,,
20380,70581,3.0,EMEA,,
20380,70581,4.0,AP,42.0,Nippon Giant
20380,70581,1.0,NA,,
20380,70581,2.0,LA,,
20380,70581,3.0,EMEA,,
20380,70581,4.0,AP,47.0,Indonesia
20380,70581,1.0,NA,,
20380,70581,2.0,LA,,
20380,70581,3.0,EMEA,48.0,Amiens South
20380,70581,4.0,AP,,
20380,70581,1.0,NA,,
20380,70581,2.0,LA,,
20380,70581,3.0,EMEA,49.0,Montlucon
20380,70581,4.0,AP,,
20380,70581,1.0,NA,,
20380,70581,2.0,LA,,
20380,70581,3.0,EMEA,50.0,Hanau
20380,70581,4.0,AP,,
20380,70581,1.0,NA,,
20380,70581,2.0,LA,,
20380,70581,3.0,EMEA,51.0,Wittlich
20380,70581,4.0,AP,,
20380,70581,1.0,NA,,
20380,70581,2.0,LA,,
20380,70581,3.0,EMEA,52.0,Fuerstenwalde
20380,70581,4.0,AP,,
20380,70581,1.0,NA,,
20380,70581,2.0,LA,,
20380,70581,3.0,EMEA,53.0,Riesa
20380,70581,4.0,AP,,
20380,70581,1.0,NA,,
20380,70581,2.0,LA,,
20380,70581,3.0,EMEA,180.0,Polymer-Technik Elbe GmbH
20380,70581,4.0,AP,,
20380,70581,1.0,NA,,
20380,70581,2.0,LA,,
20380,70581,3.0,EMEA,200.0,ICM*L
20380,70581,4.0,AP,,
20380,70581,1.0,NA,,
20380,70581,2.0,LA,,
20380,70581,3.0,EMEA,220.0,RCCE
20380,70581,4.0,AP,,
20380,70581,1.0,NA,,
20380,70581,2.0,LA,,
20380,70581,3.0,EMEA,260.0,Conbelts Bytom-SAEU
20380,70581,4.0,AP,,
20380,70581,1.0,NA,,
20380,70581,2.0,LA,,
20380,70581,3.0,EMEA,261.0,DRC Kauucuk
20380,70581,4.0,AP,,
20380,70581,1.0,NA,,
20380,70581,2.0,LA,,
20380,70581,3.0,EMEA,262.0,Empresa Industrial de Borracha SA-EIB
20380,70581,4.0,AP,,
20380,70581,1.0,NA,,
20380,70581,2.0,LA,,
20380,70581,3.0,EMEA,263.0,FTT Stomil Wolbrom SA
20380,70581,4.0,AP,,
20380,70581,1.0,NA,,
20380,70581,2.0,LA,,
20380,70581,3.0,EMEA,264.0,Geyer and Hosaja-Zak-ADY Gumowe w Mielcu-Sp. Zo.o
20380,70581,4.0,AP,,
20380,70581,1.0,NA,,
20380,70581,2.0,LA,,
20380,70581,3.0,EMEA,265.0,Hexpol - Berwin
20380,70581,4.0,AP,,
20380,70581,1.0,NA,,
20380,70581,2.0,LA,,
20380,70581,3.0,EMEA,266.0,Kabat Tyre
20380,70581,4.0,AP,,
20380,70581,1.0,NA,,
20380,70581,2.0,LA,,
20380,70581,3.0,EMEA,267.0,Kolsan
20380,70581,4.0,AP,,
20380,70581,1.0,NA,,
20380,70581,2.0,LA,,
20380,70581,3.0,EMEA,268.0,Kraiburg Austria GmbH and Co. KG
20380,70581,4.0,AP,,
20380,70581,1.0,NA,,
20380,70581,2.0,LA,,
20380,70581,3.0,EMEA,269.0,Marangoni S.p.A Rovereto
20380,70581,4.0,AP,,
20380,70581,1.0,NA,,
20380,70581,2.0,LA,,
20380,70581,3.0,EMEA,270.0,Marangoni S.p.A Hamburg
20380,70581,4.0,AP,,
20380,70581,1.0,NA,,
20380,70581,2.0,LA,,
20380,70581,3.0,EMEA,271.0,Matrax s.r.o.
20380,70581,4.0,AP,,
20380,70581,1.0,NA,,
20380,70581,2.0,LA,,
20380,70581,3.0,EMEA,272.0,Multiblend
20380,70581,4.0,AP,,
20380,70581,1.0,NA,,
20380,70581,2.0,LA,,
20380,70581,3.0,EMEA,273.0,Omya Uk Limited-Masterbatches
20380,70581,4.0,AP,,
20380,70581,1.0,NA,,
20380,70581,2.0,LA,,
20380,70581,3.0,EMEA,274.0,Ozka Lastik ve Kaucuk Inc.
20380,70581,4.0,AP,,
20380,70581,1.0,NA,,
20380,70581,2.0,LA,,
20380,70581,3.0,EMEA,275.0,Peintures Robin S.A-Paints /Cements
20380,70581,4.0,AP,,
20380,70581,1.0,NA,,
20380,70581,2.0,LA,,
20380,70581,3.0,EMEA,276.0,Phoenix Compound Technology Hamburg
20380,70581,4.0,AP,,
20380,70581,1.0,NA,,
20380,70581,2.0,LA,,
20380,70581,3.0,EMEA,277.0,Phoenix Compound Technology Waltershausen
20380,70581,4.0,AP,,
20380,70581,1.0,NA,,
20380,70581,2.0,LA,,
20380,70581,3.0,EMEA,279.0,ProPS s.r.o.
20380,70581,4.0,AP,,
20380,70581,1.0,NA,,
20380,70581,2.0,LA,,
20380,70581,3.0,EMEA,280.0,S and N Rubber¿
20380,70581,4.0,AP,,
20380,70581,1.0,NA,,
20380,70581,2.0,LA,,
20380,70581,3.0,EMEA,281.0,Socamont-S.A.
20380,70581,4.0,AP,,
20380,70581,1.0,NA,,
20380,70581,2.0,LA,,
20380,70581,3.0,EMEA,282.0,Stomil Poznan
20380,70581,4.0,AP,,
20380,70581,1.0,NA,,
20380,70581,2.0,LA,,
20380,70581,3.0,EMEA,283.0,Tecnogum
20380,70581,4.0,AP,,
20380,70581,1.0,NA,,
20380,70581,2.0,LA,,
20380,70581,3.0,EMEA,284.0,Vil Kaucuk San.ve Tic. Ltd Sti
20380,70581,4.0,AP,,
20380,70581,1.0,NA,,
20380,70581,2.0,LA,,
20380,70581,3.0,EMEA,285.0,Zaklady Chemiczne BOCHEM Sp. z o.o
20380,70581,4.0,AP,,
20381,70582,1.0,NA,9.0,Medicine Hat
20381,70582,2.0,LA,,
20381,70582,3.0,EMEA,,
20381,70582,4.0,AP,,
20381,70582,1.0,NA,10.0,Napanee
20381,70582,2.0,LA,,
20381,70582,3.0,EMEA,,
20381,70582,4.0,AP,,
20381,70582,1.0,NA,11.0,Valleyfield
20381,70582,2.0,LA,,
20381,70582,3.0,EMEA,,
20381,70582,4.0,AP,,
20381,70582,1.0,NA,,
20381,70582,2.0,LA,,
20381,70582,3.0,EMEA,18.0,Debica
20381,70582,4.0,AP,,
20381,70582,1.0,NA,,
20381,70582,2.0,LA,,
20381,70582,3.0,EMEA,19.0,Philippsburg
20381,70582,4.0,AP,,
20381,70582,1.0,NA,,
20381,70582,2.0,LA,,
20381,70582,3.0,EMEA,21.0,Luxembourg
20381,70582,4.0,AP,,
20381,70582,1.0,NA,,
20381,70582,2.0,LA,,
20381,70582,3.0,EMEA,23.0,Adapazari
20381,70582,4.0,AP,,
20381,70582,1.0,NA,,
20381,70582,2.0,LA,,
20381,70582,3.0,EMEA,24.0,Sava
20381,70582,4.0,AP,,
20381,70582,1.0,NA,,
20381,70582,2.0,LA,,
20381,70582,3.0,EMEA,25.0,Izmit
20381,70582,4.0,AP,,
20381,70582,1.0,NA,,
20381,70582,2.0,LA,,
20381,70582,3.0,EMEA,26.0,Fulda
20381,70582,4.0,AP,,
20381,70582,1.0,NA,,
20381,70582,2.0,LA,,
20381,70582,3.0,EMEA,28.0,Wolverhampton
20381,70582,4.0,AP,,
20381,70582,1.0,NA,,
20381,70582,2.0,LA,35.0,Peru
20381,70582,3.0,EMEA,,
20381,70582,4.0,AP,,
20381,70582,1.0,NA,,
20381,70582,2.0,LA,,
20381,70582,3.0,EMEA,,
20381,70582,4.0,AP,42.0,Nippon Giant
20381,70582,1.0,NA,,
20381,70582,2.0,LA,,
20381,70582,3.0,EMEA,,
20381,70582,4.0,AP,47.0,Indonesia
20381,70582,1.0,NA,,
20381,70582,2.0,LA,,
20381,70582,3.0,EMEA,48.0,Amiens South
20381,70582,4.0,AP,,
20381,70582,1.0,NA,,
20381,70582,2.0,LA,,
20381,70582,3.0,EMEA,49.0,Montlucon
20381,70582,4.0,AP,,
20381,70582,1.0,NA,,
20381,70582,2.0,LA,,
20381,70582,3.0,EMEA,50.0,Hanau
20381,70582,4.0,AP,,
20381,70582,1.0,NA,,
20381,70582,2.0,LA,,
20381,70582,3.0,EMEA,51.0,Wittlich
20381,70582,4.0,AP,,
20381,70582,1.0,NA,,
20381,70582,2.0,LA,,
20381,70582,3.0,EMEA,52.0,Fuerstenwalde
20381,70582,4.0,AP,,
20381,70582,1.0,NA,,
20381,70582,2.0,LA,,
20381,70582,3.0,EMEA,53.0,Riesa
20381,70582,4.0,AP,,
20381,70582,1.0,NA,,
20381,70582,2.0,LA,,
20381,70582,3.0,EMEA,180.0,Polymer-Technik Elbe GmbH
20381,70582,4.0,AP,,
20381,70582,1.0,NA,,
20381,70582,2.0,LA,,
20381,70582,3.0,EMEA,200.0,ICM*L
20381,70582,4.0,AP,,
20381,70582,1.0,NA,,
20381,70582,2.0,LA,,
20381,70582,3.0,EMEA,220.0,RCCE
20381,70582,4.0,AP,,
20381,70582,1.0,NA,,
20381,70582,2.0,LA,,
20381,70582,3.0,EMEA,260.0,Conbelts Bytom-SAEU
20381,70582,4.0,AP,,
20381,70582,1.0,NA,,
20381,70582,2.0,LA,,
20381,70582,3.0,EMEA,261.0,DRC Kauucuk
20381,70582,4.0,AP,,
20381,70582,1.0,NA,,
20381,70582,2.0,LA,,
20381,70582,3.0,EMEA,262.0,Empresa Industrial de Borracha SA-EIB
20381,70582,4.0,AP,,
20381,70582,1.0,NA,,
20381,70582,2.0,LA,,
20381,70582,3.0,EMEA,263.0,FTT Stomil Wolbrom SA
20381,70582,4.0,AP,,
20381,70582,1.0,NA,,
20381,70582,2.0,LA,,
20381,70582,3.0,EMEA,264.0,Geyer and Hosaja-Zak-ADY Gumowe w Mielcu-Sp. Zo.o
20381,70582,4.0,AP,,
20381,70582,1.0,NA,,
20381,70582,2.0,LA,,
20381,70582,3.0,EMEA,265.0,Hexpol - Berwin
20381,70582,4.0,AP,,
20381,70582,1.0,NA,,
20381,70582,2.0,LA,,
20381,70582,3.0,EMEA,266.0,Kabat Tyre
20381,70582,4.0,AP,,
20381,70582,1.0,NA,,
20381,70582,2.0,LA,,
20381,70582,3.0,EMEA,267.0,Kolsan
20381,70582,4.0,AP,,
20381,70582,1.0,NA,,
20381,70582,2.0,LA,,
20381,70582,3.0,EMEA,268.0,Kraiburg Austria GmbH and Co. KG
20381,70582,4.0,AP,,
20381,70582,1.0,NA,,
20381,70582,2.0,LA,,
20381,70582,3.0,EMEA,269.0,Marangoni S.p.A Rovereto
20381,70582,4.0,AP,,
20381,70582,1.0,NA,,
20381,70582,2.0,LA,,
20381,70582,3.0,EMEA,270.0,Marangoni S.p.A Hamburg
20381,70582,4.0,AP,,
20381,70582,1.0,NA,,
20381,70582,2.0,LA,,
20381,70582,3.0,EMEA,271.0,Matrax s.r.o.
20381,70582,4.0,AP,,
20381,70582,1.0,NA,,
20381,70582,2.0,LA,,
20381,70582,3.0,EMEA,272.0,Multiblend
20381,70582,4.0,AP,,
20381,70582,1.0,NA,,
20381,70582,2.0,LA,,
20381,70582,3.0,EMEA,273.0,Omya Uk Limited-Masterbatches
20381,70582,4.0,AP,,
20381,70582,1.0,NA,,
20381,70582,2.0,LA,,
20381,70582,3.0,EMEA,274.0,Ozka Lastik ve Kaucuk Inc.
20381,70582,4.0,AP,,
20381,70582,1.0,NA,,
20381,70582,2.0,LA,,
20381,70582,3.0,EMEA,275.0,Peintures Robin S.A-Paints /Cements
20381,70582,4.0,AP,,
20381,70582,1.0,NA,,
20381,70582,2.0,LA,,
20381,70582,3.0,EMEA,276.0,Phoenix Compound Technology Hamburg
20381,70582,4.0,AP,,
20381,70582,1.0,NA,,
20381,70582,2.0,LA,,
20381,70582,3.0,EMEA,277.0,Phoenix Compound Technology Waltershausen
20381,70582,4.0,AP,,
20381,70582,1.0,NA,,
20381,70582,2.0,LA,,
20381,70582,3.0,EMEA,279.0,ProPS s.r.o.
20381,70582,4.0,AP,,
20381,70582,1.0,NA,,
20381,70582,2.0,LA,,
20381,70582,3.0,EMEA,280.0,S and N Rubber¿
20381,70582,4.0,AP,,
20381,70582,1.0,NA,,
20381,70582,2.0,LA,,
20381,70582,3.0,EMEA,281.0,Socamont-S.A.
20381,70582,4.0,AP,,
20381,70582,1.0,NA,,
20381,70582,2.0,LA,,
20381,70582,3.0,EMEA,282.0,Stomil Poznan
20381,70582,4.0,AP,,
20381,70582,1.0,NA,,
20381,70582,2.0,LA,,
20381,70582,3.0,EMEA,283.0,Tecnogum
20381,70582,4.0,AP,,
20381,70582,1.0,NA,,
20381,70582,2.0,LA,,
20381,70582,3.0,EMEA,284.0,Vil Kaucuk San.ve Tic. Ltd Sti
20381,70582,4.0,AP,,
20381,70582,1.0,NA,,
20381,70582,2.0,LA,,
20381,70582,3.0,EMEA,285.0,Zaklady Chemiczne BOCHEM Sp. z o.o
20381,70582,4.0,AP,,
20382,70583,1.0,NA,9.0,Medicine Hat
20382,70583,2.0,LA,,
20382,70583,3.0,EMEA,,
20382,70583,4.0,AP,,
20382,70583,1.0,NA,10.0,Napanee
20382,70583,2.0,LA,,
20382,70583,3.0,EMEA,,
20382,70583,4.0,AP,,
20382,70583,1.0,NA,11.0,Valleyfield
20382,70583,2.0,LA,,
20382,70583,3.0,EMEA,,
20382,70583,4.0,AP,,
20382,70583,1.0,NA,,
20382,70583,2.0,LA,,
20382,70583,3.0,EMEA,18.0,Debica
20382,70583,4.0,AP,,
20382,70583,1.0,NA,,
20382,70583,2.0,LA,,
20382,70583,3.0,EMEA,19.0,Philippsburg
20382,70583,4.0,AP,,
20382,70583,1.0,NA,,
20382,70583,2.0,LA,,
20382,70583,3.0,EMEA,21.0,Luxembourg
20382,70583,4.0,AP,,
20382,70583,1.0,NA,,
20382,70583,2.0,LA,,
20382,70583,3.0,EMEA,23.0,Adapazari
20382,70583,4.0,AP,,
20382,70583,1.0,NA,,
20382,70583,2.0,LA,,
20382,70583,3.0,EMEA,24.0,Sava
20382,70583,4.0,AP,,
20382,70583,1.0,NA,,
20382,70583,2.0,LA,,
20382,70583,3.0,EMEA,25.0,Izmit
20382,70583,4.0,AP,,
20382,70583,1.0,NA,,
20382,70583,2.0,LA,,
20382,70583,3.0,EMEA,26.0,Fulda
20382,70583,4.0,AP,,
20382,70583,1.0,NA,,
20382,70583,2.0,LA,,
20382,70583,3.0,EMEA,28.0,Wolverhampton
20382,70583,4.0,AP,,
20382,70583,1.0,NA,,
20382,70583,2.0,LA,35.0,Peru
20382,70583,3.0,EMEA,,
20382,70583,4.0,AP,,
20382,70583,1.0,NA,,
20382,70583,2.0,LA,,
20382,70583,3.0,EMEA,,
20382,70583,4.0,AP,42.0,Nippon Giant
20382,70583,1.0,NA,,
20382,70583,2.0,LA,,
20382,70583,3.0,EMEA,,
20382,70583,4.0,AP,47.0,Indonesia
20382,70583,1.0,NA,,
20382,70583,2.0,LA,,
20382,70583,3.0,EMEA,48.0,Amiens South
20382,70583,4.0,AP,,
20382,70583,1.0,NA,,
20382,70583,2.0,LA,,
20382,70583,3.0,EMEA,49.0,Montlucon
20382,70583,4.0,AP,,
20382,70583,1.0,NA,,
20382,70583,2.0,LA,,
20382,70583,3.0,EMEA,50.0,Hanau
20382,70583,4.0,AP,,
20382,70583,1.0,NA,,
20382,70583,2.0,LA,,
20382,70583,3.0,EMEA,51.0,Wittlich
20382,70583,4.0,AP,,
20382,70583,1.0,NA,,
20382,70583,2.0,LA,,
20382,70583,3.0,EMEA,52.0,Fuerstenwalde
20382,70583,4.0,AP,,
20382,70583,1.0,NA,,
20382,70583,2.0,LA,,
20382,70583,3.0,EMEA,53.0,Riesa
20382,70583,4.0,AP,,
20382,70583,1.0,NA,,
20382,70583,2.0,LA,,
20382,70583,3.0,EMEA,180.0,Polymer-Technik Elbe GmbH
20382,70583,4.0,AP,,
20382,70583,1.0,NA,,
20382,70583,2.0,LA,,
20382,70583,3.0,EMEA,200.0,ICM*L
20382,70583,4.0,AP,,
20382,70583,1.0,NA,,
20382,70583,2.0,LA,,
20382,70583,3.0,EMEA,220.0,RCCE
20382,70583,4.0,AP,,
20382,70583,1.0,NA,,
20382,70583,2.0,LA,,
20382,70583,3.0,EMEA,260.0,Conbelts Bytom-SAEU
20382,70583,4.0,AP,,
20382,70583,1.0,NA,,
20382,70583,2.0,LA,,
20382,70583,3.0,EMEA,261.0,DRC Kauucuk
20382,70583,4.0,AP,,
20382,70583,1.0,NA,,
20382,70583,2.0,LA,,
20382,70583,3.0,EMEA,262.0,Empresa Industrial de Borracha SA-EIB
20382,70583,4.0,AP,,
20382,70583,1.0,NA,,
20382,70583,2.0,LA,,
20382,70583,3.0,EMEA,263.0,FTT Stomil Wolbrom SA
20382,70583,4.0,AP,,
20382,70583,1.0,NA,,
20382,70583,2.0,LA,,
20382,70583,3.0,EMEA,264.0,Geyer and Hosaja-Zak-ADY Gumowe w Mielcu-Sp. Zo.o
20382,70583,4.0,AP,,
20382,70583,1.0,NA,,
20382,70583,2.0,LA,,
20382,70583,3.0,EMEA,265.0,Hexpol - Berwin
20382,70583,4.0,AP,,
20382,70583,1.0,NA,,
20382,70583,2.0,LA,,
20382,70583,3.0,EMEA,266.0,Kabat Tyre
20382,70583,4.0,AP,,
20382,70583,1.0,NA,,
20382,70583,2.0,LA,,
20382,70583,3.0,EMEA,267.0,Kolsan
20382,70583,4.0,AP,,
20382,70583,1.0,NA,,
20382,70583,2.0,LA,,
20382,70583,3.0,EMEA,268.0,Kraiburg Austria GmbH and Co. KG
20382,70583,4.0,AP,,
20382,70583,1.0,NA,,
20382,70583,2.0,LA,,
20382,70583,3.0,EMEA,269.0,Marangoni S.p.A Rovereto
20382,70583,4.0,AP,,
20382,70583,1.0,NA,,
20382,70583,2.0,LA,,
20382,70583,3.0,EMEA,270.0,Marangoni S.p.A Hamburg
20382,70583,4.0,AP,,
20382,70583,1.0,NA,,
20382,70583,2.0,LA,,
20382,70583,3.0,EMEA,271.0,Matrax s.r.o.
20382,70583,4.0,AP,,
20382,70583,1.0,NA,,
20382,70583,2.0,LA,,
20382,70583,3.0,EMEA,272.0,Multiblend
20382,70583,4.0,AP,,
20382,70583,1.0,NA,,
20382,70583,2.0,LA,,
20382,70583,3.0,EMEA,273.0,Omya Uk Limited-Masterbatches
20382,70583,4.0,AP,,
20382,70583,1.0,NA,,
20382,70583,2.0,LA,,
20382,70583,3.0,EMEA,274.0,Ozka Lastik ve Kaucuk Inc.
20382,70583,4.0,AP,,
20382,70583,1.0,NA,,
20382,70583,2.0,LA,,
20382,70583,3.0,EMEA,275.0,Peintures Robin S.A-Paints /Cements
20382,70583,4.0,AP,,
20382,70583,1.0,NA,,
20382,70583,2.0,LA,,
20382,70583,3.0,EMEA,276.0,Phoenix Compound Technology Hamburg
20382,70583,4.0,AP,,
20382,70583,1.0,NA,,
20382,70583,2.0,LA,,
20382,70583,3.0,EMEA,277.0,Phoenix Compound Technology Waltershausen
20382,70583,4.0,AP,,
20382,70583,1.0,NA,,
20382,70583,2.0,LA,,
20382,70583,3.0,EMEA,279.0,ProPS s.r.o.
20382,70583,4.0,AP,,
20382,70583,1.0,NA,,
20382,70583,2.0,LA,,
20382,70583,3.0,EMEA,280.0,S and N Rubber¿
20382,70583,4.0,AP,,
20382,70583,1.0,NA,,
20382,70583,2.0,LA,,
20382,70583,3.0,EMEA,281.0,Socamont-S.A.
20382,70583,4.0,AP,,
20382,70583,1.0,NA,,
20382,70583,2.0,LA,,
20382,70583,3.0,EMEA,282.0,Stomil Poznan
20382,70583,4.0,AP,,
20382,70583,1.0,NA,,
20382,70583,2.0,LA,,
20382,70583,3.0,EMEA,283.0,Tecnogum
20382,70583,4.0,AP,,
20382,70583,1.0,NA,,
20382,70583,2.0,LA,,
20382,70583,3.0,EMEA,284.0,Vil Kaucuk San.ve Tic. Ltd Sti
20382,70583,4.0,AP,,
20382,70583,1.0,NA,,
20382,70583,2.0,LA,,
20382,70583,3.0,EMEA,285.0,Zaklady Chemiczne BOCHEM Sp. z o.o
20382,70583,4.0,AP,,
20383,70584,1.0,NA,9.0,Medicine Hat
20383,70584,2.0,LA,,
20383,70584,3.0,EMEA,,
20383,70584,4.0,AP,,
20383,70584,1.0,NA,10.0,Napanee
20383,70584,2.0,LA,,
20383,70584,3.0,EMEA,,
20383,70584,4.0,AP,,
20383,70584,1.0,NA,11.0,Valleyfield
20383,70584,2.0,LA,,
20383,70584,3.0,EMEA,,
20383,70584,4.0,AP,,
20383,70584,1.0,NA,,
20383,70584,2.0,LA,,
20383,70584,3.0,EMEA,18.0,Debica
20383,70584,4.0,AP,,
20383,70584,1.0,NA,,
20383,70584,2.0,LA,,
20383,70584,3.0,EMEA,19.0,Philippsburg
20383,70584,4.0,AP,,
20383,70584,1.0,NA,,
20383,70584,2.0,LA,,
20383,70584,3.0,EMEA,21.0,Luxembourg
20383,70584,4.0,AP,,
20383,70584,1.0,NA,,
20383,70584,2.0,LA,,
20383,70584,3.0,EMEA,23.0,Adapazari
20383,70584,4.0,AP,,
20383,70584,1.0,NA,,
20383,70584,2.0,LA,,
20383,70584,3.0,EMEA,24.0,Sava
20383,70584,4.0,AP,,
20383,70584,1.0,NA,,
20383,70584,2.0,LA,,
20383,70584,3.0,EMEA,25.0,Izmit
20383,70584,4.0,AP,,
20383,70584,1.0,NA,,
20383,70584,2.0,LA,,
20383,70584,3.0,EMEA,26.0,Fulda
20383,70584,4.0,AP,,
20383,70584,1.0,NA,,
20383,70584,2.0,LA,,
20383,70584,3.0,EMEA,28.0,Wolverhampton
20383,70584,4.0,AP,,
20383,70584,1.0,NA,,
20383,70584,2.0,LA,35.0,Peru
20383,70584,3.0,EMEA,,
20383,70584,4.0,AP,,
20383,70584,1.0,NA,,
20383,70584,2.0,LA,,
20383,70584,3.0,EMEA,,
20383,70584,4.0,AP,42.0,Nippon Giant
20383,70584,1.0,NA,,
20383,70584,2.0,LA,,
20383,70584,3.0,EMEA,,
20383,70584,4.0,AP,47.0,Indonesia
20383,70584,1.0,NA,,
20383,70584,2.0,LA,,
20383,70584,3.0,EMEA,48.0,Amiens South
20383,70584,4.0,AP,,
20383,70584,1.0,NA,,
20383,70584,2.0,LA,,
20383,70584,3.0,EMEA,49.0,Montlucon
20383,70584,4.0,AP,,
20383,70584,1.0,NA,,
20383,70584,2.0,LA,,
20383,70584,3.0,EMEA,50.0,Hanau
20383,70584,4.0,AP,,
20383,70584,1.0,NA,,
20383,70584,2.0,LA,,
20383,70584,3.0,EMEA,51.0,Wittlich
20383,70584,4.0,AP,,
20383,70584,1.0,NA,,
20383,70584,2.0,LA,,
20383,70584,3.0,EMEA,52.0,Fuerstenwalde
20383,70584,4.0,AP,,
20383,70584,1.0,NA,,
20383,70584,2.0,LA,,
20383,70584,3.0,EMEA,53.0,Riesa
20383,70584,4.0,AP,,
20383,70584,1.0,NA,,
20383,70584,2.0,LA,,
20383,70584,3.0,EMEA,180.0,Polymer-Technik Elbe GmbH
20383,70584,4.0,AP,,
20383,70584,1.0,NA,,
20383,70584,2.0,LA,,
20383,70584,3.0,EMEA,200.0,ICM*L
20383,70584,4.0,AP,,
20383,70584,1.0,NA,,
20383,70584,2.0,LA,,
20383,70584,3.0,EMEA,220.0,RCCE
20383,70584,4.0,AP,,
20383,70584,1.0,NA,,
20383,70584,2.0,LA,,
20383,70584,3.0,EMEA,260.0,Conbelts Bytom-SAEU
20383,70584,4.0,AP,,
20383,70584,1.0,NA,,
20383,70584,2.0,LA,,
20383,70584,3.0,EMEA,261.0,DRC Kauucuk
20383,70584,4.0,AP,,
20383,70584,1.0,NA,,
20383,70584,2.0,LA,,
20383,70584,3.0,EMEA,262.0,Empresa Industrial de Borracha SA-EIB
20383,70584,4.0,AP,,
20383,70584,1.0,NA,,
20383,70584,2.0,LA,,
20383,70584,3.0,EMEA,263.0,FTT Stomil Wolbrom SA
20383,70584,4.0,AP,,
20383,70584,1.0,NA,,
20383,70584,2.0,LA,,
20383,70584,3.0,EMEA,264.0,Geyer and Hosaja-Zak-ADY Gumowe w Mielcu-Sp. Zo.o
20383,70584,4.0,AP,,
20383,70584,1.0,NA,,
20383,70584,2.0,LA,,
20383,70584,3.0,EMEA,265.0,Hexpol - Berwin
20383,70584,4.0,AP,,
20383,70584,1.0,NA,,
20383,70584,2.0,LA,,
20383,70584,3.0,EMEA,266.0,Kabat Tyre
20383,70584,4.0,AP,,
20383,70584,1.0,NA,,
20383,70584,2.0,LA,,
20383,70584,3.0,EMEA,267.0,Kolsan
20383,70584,4.0,AP,,
20383,70584,1.0,NA,,
20383,70584,2.0,LA,,
20383,70584,3.0,EMEA,268.0,Kraiburg Austria GmbH and Co. KG
20383,70584,4.0,AP,,
20383,70584,1.0,NA,,
20383,70584,2.0,LA,,
20383,70584,3.0,EMEA,269.0,Marangoni S.p.A Rovereto
20383,70584,4.0,AP,,
20383,70584,1.0,NA,,
20383,70584,2.0,LA,,
20383,70584,3.0,EMEA,270.0,Marangoni S.p.A Hamburg
20383,70584,4.0,AP,,
20383,70584,1.0,NA,,
20383,70584,2.0,LA,,
20383,70584,3.0,EMEA,271.0,Matrax s.r.o.
20383,70584,4.0,AP,,
20383,70584,1.0,NA,,
20383,70584,2.0,LA,,
20383,70584,3.0,EMEA,272.0,Multiblend
20383,70584,4.0,AP,,
20383,70584,1.0,NA,,
20383,70584,2.0,LA,,
20383,70584,3.0,EMEA,273.0,Omya Uk Limited-Masterbatches
20383,70584,4.0,AP,,
20383,70584,1.0,NA,,
20383,70584,2.0,LA,,
20383,70584,3.0,EMEA,274.0,Ozka Lastik ve Kaucuk Inc.
20383,70584,4.0,AP,,
20383,70584,1.0,NA,,
20383,70584,2.0,LA,,
20383,70584,3.0,EMEA,275.0,Peintures Robin S.A-Paints /Cements
20383,70584,4.0,AP,,
20383,70584,1.0,NA,,
20383,70584,2.0,LA,,
20383,70584,3.0,EMEA,276.0,Phoenix Compound Technology Hamburg
20383,70584,4.0,AP,,
20383,70584,1.0,NA,,
20383,70584,2.0,LA,,
20383,70584,3.0,EMEA,277.0,Phoenix Compound Technology Waltershausen
20383,70584,4.0,AP,,
20383,70584,1.0,NA,,
20383,70584,2.0,LA,,
20383,70584,3.0,EMEA,279.0,ProPS s.r.o.
20383,70584,4.0,AP,,
20383,70584,1.0,NA,,
20383,70584,2.0,LA,,
20383,70584,3.0,EMEA,280.0,S and N Rubber¿
20383,70584,4.0,AP,,
20383,70584,1.0,NA,,
20383,70584,2.0,LA,,
20383,70584,3.0,EMEA,281.0,Socamont-S.A.
20383,70584,4.0,AP,,
20383,70584,1.0,NA,,
20383,70584,2.0,LA,,
20383,70584,3.0,EMEA,282.0,Stomil Poznan
20383,70584,4.0,AP,,
20383,70584,1.0,NA,,
20383,70584,2.0,LA,,
20383,70584,3.0,EMEA,283.0,Tecnogum
20383,70584,4.0,AP,,
20383,70584,1.0,NA,,
20383,70584,2.0,LA,,
20383,70584,3.0,EMEA,284.0,Vil Kaucuk San.ve Tic. Ltd Sti
20383,70584,4.0,AP,,
20383,70584,1.0,NA,,
20383,70584,2.0,LA,,
20383,70584,3.0,EMEA,285.0,Zaklady Chemiczne BOCHEM Sp. z o.o
20383,70584,4.0,AP,,
20384,70585,1.0,NA,9.0,Medicine Hat
20384,70585,2.0,LA,,
20384,70585,3.0,EMEA,,
20384,70585,4.0,AP,,
20384,70585,1.0,NA,10.0,Napanee
20384,70585,2.0,LA,,
20384,70585,3.0,EMEA,,
20384,70585,4.0,AP,,
20384,70585,1.0,NA,11.0,Valleyfield
20384,70585,2.0,LA,,
20384,70585,3.0,EMEA,,
20384,70585,4.0,AP,,
20384,70585,1.0,NA,,
20384,70585,2.0,LA,,
20384,70585,3.0,EMEA,18.0,Debica
20384,70585,4.0,AP,,
20384,70585,1.0,NA,,
20384,70585,2.0,LA,,
20384,70585,3.0,EMEA,19.0,Philippsburg
20384,70585,4.0,AP,,
20384,70585,1.0,NA,,
20384,70585,2.0,LA,,
20384,70585,3.0,EMEA,21.0,Luxembourg
20384,70585,4.0,AP,,
20384,70585,1.0,NA,,
20384,70585,2.0,LA,,
20384,70585,3.0,EMEA,23.0,Adapazari
20384,70585,4.0,AP,,
20384,70585,1.0,NA,,
20384,70585,2.0,LA,,
20384,70585,3.0,EMEA,24.0,Sava
20384,70585,4.0,AP,,
20384,70585,1.0,NA,,
20384,70585,2.0,LA,,
20384,70585,3.0,EMEA,25.0,Izmit
20384,70585,4.0,AP,,
20384,70585,1.0,NA,,
20384,70585,2.0,LA,,
20384,70585,3.0,EMEA,26.0,Fulda
20384,70585,4.0,AP,,
20384,70585,1.0,NA,,
20384,70585,2.0,LA,,
20384,70585,3.0,EMEA,28.0,Wolverhampton
20384,70585,4.0,AP,,
20384,70585,1.0,NA,,
20384,70585,2.0,LA,35.0,Peru
20384,70585,3.0,EMEA,,
20384,70585,4.0,AP,,
20384,70585,1.0,NA,,
20384,70585,2.0,LA,,
20384,70585,3.0,EMEA,,
20384,70585,4.0,AP,42.0,Nippon Giant
20384,70585,1.0,NA,,
20384,70585,2.0,LA,,
20384,70585,3.0,EMEA,,
20384,70585,4.0,AP,47.0,Indonesia
20384,70585,1.0,NA,,
20384,70585,2.0,LA,,
20384,70585,3.0,EMEA,48.0,Amiens South
20384,70585,4.0,AP,,
20384,70585,1.0,NA,,
20384,70585,2.0,LA,,
20384,70585,3.0,EMEA,49.0,Montlucon
20384,70585,4.0,AP,,
20384,70585,1.0,NA,,
20384,70585,2.0,LA,,
20384,70585,3.0,EMEA,50.0,Hanau
20384,70585,4.0,AP,,
20384,70585,1.0,NA,,
20384,70585,2.0,LA,,
20384,70585,3.0,EMEA,51.0,Wittlich
20384,70585,4.0,AP,,
20384,70585,1.0,NA,,
20384,70585,2.0,LA,,
20384,70585,3.0,EMEA,52.0,Fuerstenwalde
20384,70585,4.0,AP,,
20384,70585,1.0,NA,,
20384,70585,2.0,LA,,
20384,70585,3.0,EMEA,53.0,Riesa
20384,70585,4.0,AP,,
20384,70585,1.0,NA,,
20384,70585,2.0,LA,,
20384,70585,3.0,EMEA,180.0,Polymer-Technik Elbe GmbH
20384,70585,4.0,AP,,
20384,70585,1.0,NA,,
20384,70585,2.0,LA,,
20384,70585,3.0,EMEA,200.0,ICM*L
20384,70585,4.0,AP,,
20384,70585,1.0,NA,,
20384,70585,2.0,LA,,
20384,70585,3.0,EMEA,220.0,RCCE
20384,70585,4.0,AP,,
20384,70585,1.0,NA,,
20384,70585,2.0,LA,,
20384,70585,3.0,EMEA,260.0,Conbelts Bytom-SAEU
20384,70585,4.0,AP,,
20384,70585,1.0,NA,,
20384,70585,2.0,LA,,
20384,70585,3.0,EMEA,261.0,DRC Kauucuk
20384,70585,4.0,AP,,
20384,70585,1.0,NA,,
20384,70585,2.0,LA,,
20384,70585,3.0,EMEA,262.0,Empresa Industrial de Borracha SA-EIB
20384,70585,4.0,AP,,
20384,70585,1.0,NA,,
20384,70585,2.0,LA,,
20384,70585,3.0,EMEA,263.0,FTT Stomil Wolbrom SA
20384,70585,4.0,AP,,
20384,70585,1.0,NA,,
20384,70585,2.0,LA,,
20384,70585,3.0,EMEA,264.0,Geyer and Hosaja-Zak-ADY Gumowe w Mielcu-Sp. Zo.o
20384,70585,4.0,AP,,
20384,70585,1.0,NA,,
20384,70585,2.0,LA,,
20384,70585,3.0,EMEA,265.0,Hexpol - Berwin
20384,70585,4.0,AP,,
20384,70585,1.0,NA,,
20384,70585,2.0,LA,,
20384,70585,3.0,EMEA,266.0,Kabat Tyre
20384,70585,4.0,AP,,
20384,70585,1.0,NA,,
20384,70585,2.0,LA,,
20384,70585,3.0,EMEA,267.0,Kolsan
20384,70585,4.0,AP,,
20384,70585,1.0,NA,,
20384,70585,2.0,LA,,
20384,70585,3.0,EMEA,268.0,Kraiburg Austria GmbH and Co. KG
20384,70585,4.0,AP,,
20384,70585,1.0,NA,,
20384,70585,2.0,LA,,
20384,70585,3.0,EMEA,269.0,Marangoni S.p.A Rovereto
20384,70585,4.0,AP,,
20384,70585,1.0,NA,,
20384,70585,2.0,LA,,
20384,70585,3.0,EMEA,270.0,Marangoni S.p.A Hamburg
20384,70585,4.0,AP,,
20384,70585,1.0,NA,,
20384,70585,2.0,LA,,
20384,70585,3.0,EMEA,271.0,Matrax s.r.o.
20384,70585,4.0,AP,,
20384,70585,1.0,NA,,
20384,70585,2.0,LA,,
20384,70585,3.0,EMEA,272.0,Multiblend
20384,70585,4.0,AP,,
20384,70585,1.0,NA,,
20384,70585,2.0,LA,,
20384,70585,3.0,EMEA,273.0,Omya Uk Limited-Masterbatches
20384,70585,4.0,AP,,
20384,70585,1.0,NA,,
20384,70585,2.0,LA,,
20384,70585,3.0,EMEA,274.0,Ozka Lastik ve Kaucuk Inc.
20384,70585,4.0,AP,,
20384,70585,1.0,NA,,
20384,70585,2.0,LA,,
20384,70585,3.0,EMEA,275.0,Peintures Robin S.A-Paints /Cements
20384,70585,4.0,AP,,
20384,70585,1.0,NA,,
20384,70585,2.0,LA,,
20384,70585,3.0,EMEA,276.0,Phoenix Compound Technology Hamburg
20384,70585,4.0,AP,,
20384,70585,1.0,NA,,
20384,70585,2.0,LA,,
20384,70585,3.0,EMEA,277.0,Phoenix Compound Technology Waltershausen
20384,70585,4.0,AP,,
20384,70585,1.0,NA,,
20384,70585,2.0,LA,,
20384,70585,3.0,EMEA,279.0,ProPS s.r.o.
20384,70585,4.0,AP,,
20384,70585,1.0,NA,,
20384,70585,2.0,LA,,
20384,70585,3.0,EMEA,280.0,S and N Rubber¿
20384,70585,4.0,AP,,
20384,70585,1.0,NA,,
20384,70585,2.0,LA,,
20384,70585,3.0,EMEA,281.0,Socamont-S.A.
20384,70585,4.0,AP,,
20384,70585,1.0,NA,,
20384,70585,2.0,LA,,
20384,70585,3.0,EMEA,282.0,Stomil Poznan
20384,70585,4.0,AP,,
20384,70585,1.0,NA,,
20384,70585,2.0,LA,,
20384,70585,3.0,EMEA,283.0,Tecnogum
20384,70585,4.0,AP,,
20384,70585,1.0,NA,,
20384,70585,2.0,LA,,
20384,70585,3.0,EMEA,284.0,Vil Kaucuk San.ve Tic. Ltd Sti
20384,70585,4.0,AP,,
20384,70585,1.0,NA,,
20384,70585,2.0,LA,,
20384,70585,3.0,EMEA,285.0,Zaklady Chemiczne BOCHEM Sp. z o.o
20384,70585,4.0,AP,,
20385,70586,1.0,NA,9.0,Medicine Hat
20385,70586,2.0,LA,,
20385,70586,3.0,EMEA,,
20385,70586,4.0,AP,,
20385,70586,1.0,NA,10.0,Napanee
20385,70586,2.0,LA,,
20385,70586,3.0,EMEA,,
20385,70586,4.0,AP,,
20385,70586,1.0,NA,11.0,Valleyfield
20385,70586,2.0,LA,,
20385,70586,3.0,EMEA,,
20385,70586,4.0,AP,,
20385,70586,1.0,NA,,
20385,70586,2.0,LA,,
20385,70586,3.0,EMEA,23.0,Adapazari
20385,70586,4.0,AP,,
20385,70586,1.0,NA,,
20385,70586,2.0,LA,,
20385,70586,3.0,EMEA,25.0,Izmit
20385,70586,4.0,AP,,
20385,70586,1.0,NA,,
20385,70586,2.0,LA,,
20385,70586,3.0,EMEA,,
20385,70586,4.0,AP,40.0,Thailand
20385,70586,1.0,NA,,
20385,70586,2.0,LA,,
20385,70586,3.0,EMEA,,
20385,70586,4.0,AP,42.0,Nippon Giant
20385,70586,1.0,NA,58.0,Chem Niagara Falls
20385,70586,2.0,LA,,
20385,70586,3.0,EMEA,,
20385,70586,4.0,AP,,
20386,70587,1.0,NA,9.0,Medicine Hat
20386,70587,2.0,LA,,
20386,70587,3.0,EMEA,,
20386,70587,1.0,NA,10.0,Napanee
20386,70587,2.0,LA,,
20386,70587,3.0,EMEA,,
20386,70587,1.0,NA,13.0,Social Circle
20386,70587,2.0,LA,,
20386,70587,3.0,EMEA,,
20386,70587,1.0,NA,,
20386,70587,2.0,LA,,
20386,70587,3.0,EMEA,23.0,Adapazari
20386,70587,1.0,NA,,
20386,70587,2.0,LA,,
20386,70587,3.0,EMEA,25.0,Izmit
20387,70588,1.0,NA,9.0,Medicine Hat
20387,70588,2.0,LA,,
20387,70588,3.0,EMEA,,
20387,70588,4.0,AP,,
20387,70588,1.0,NA,10.0,Napanee
20387,70588,2.0,LA,,
20387,70588,3.0,EMEA,,
20387,70588,4.0,AP,,
20387,70588,1.0,NA,11.0,Valleyfield
20387,70588,2.0,LA,,
20387,70588,3.0,EMEA,,
20387,70588,4.0,AP,,
20387,70588,1.0,NA,,
20387,70588,2.0,LA,,
20387,70588,3.0,EMEA,23.0,Adapazari
20387,70588,4.0,AP,,
20387,70588,1.0,NA,,
20387,70588,2.0,LA,,
20387,70588,3.0,EMEA,25.0,Izmit
20387,70588,4.0,AP,,
20387,70588,1.0,NA,,
20387,70588,2.0,LA,,
20387,70588,3.0,EMEA,,
20387,70588,4.0,AP,42.0,Nippon Giant
20388,70589,1.0,NA,,
20388,70589,2.0,LA,,
20388,70589,3.0,EMEA,,
20388,70589,4.0,AP,,
20410,71136,1.0,NA,,
20594,74243,1.0,NA,,
20594,74243,2.0,LA,,
20594,74243,3.0,EMEA,,
20594,74243,4.0,AP,,
20612,74396,1.0,NA,,
20612,74396,2.0,LA,,
20612,74396,3.0,EMEA,,
20612,74396,4.0,AP,,
20802,77979,,,,
20831,78194,1.0,NA,,
20847,78265,1.0,NA,,
21056,81606,,,,
21124,82283,,,,
21408,91283,1.0,NA,9.0,Medicine Hat
21408,91283,2.0,LA,,
21408,91283,3.0,EMEA,,
21408,91283,4.0,AP,,
21408,91283,1.0,NA,10.0,Napanee
21408,91283,2.0,LA,,
21408,91283,3.0,EMEA,,
21408,91283,4.0,AP,,
21408,91283,1.0,NA,11.0,Valleyfield
21408,91283,2.0,LA,,
21408,91283,3.0,EMEA,,
21408,91283,4.0,AP,,
21408,91283,1.0,NA,,
21408,91283,2.0,LA,,
21408,91283,3.0,EMEA,,
21408,91283,4.0,AP,42.0,Nippon Giant
21408,91283,1.0,NA,,
21408,91283,2.0,LA,,
21408,91283,3.0,EMEA,,
21408,91283,4.0,AP,100.0,Pulandian
21595,96770,3.0,EMEA,,
21882,104628,3.0,EMEA,,
22112,110242,1.0,NA,,
22112,110242,2.0,LA,,
22112,110242,4.0,AP,,
22113,110243,1.0,NA,,
22113,110243,2.0,LA,,
22113,110243,3.0,EMEA,18.0,Debica
22113,110243,4.0,AP,,
22113,110243,1.0,NA,,
22113,110243,2.0,LA,,
22113,110243,3.0,EMEA,19.0,Philippsburg
22113,110243,4.0,AP,,
22113,110243,1.0,NA,,
22113,110243,2.0,LA,,
22113,110243,3.0,EMEA,21.0,Luxembourg
22113,110243,4.0,AP,,
22113,110243,1.0,NA,,
22113,110243,2.0,LA,,
22113,110243,3.0,EMEA,24.0,Sava
22113,110243,4.0,AP,,
22113,110243,1.0,NA,,
22113,110243,2.0,LA,,
22113,110243,3.0,EMEA,26.0,Fulda
22113,110243,4.0,AP,,
22113,110243,1.0,NA,,
22113,110243,2.0,LA,,
22113,110243,3.0,EMEA,48.0,Amiens South
22113,110243,4.0,AP,,
22113,110243,1.0,NA,,
22113,110243,2.0,LA,,
22113,110243,3.0,EMEA,49.0,Montlucon
22113,110243,4.0,AP,,
22113,110243,1.0,NA,,
22113,110243,2.0,LA,,
22113,110243,3.0,EMEA,50.0,Hanau
22113,110243,4.0,AP,,
22113,110243,1.0,NA,,
22113,110243,2.0,LA,,
22113,110243,3.0,EMEA,51.0,Wittlich
22113,110243,4.0,AP,,
22113,110243,1.0,NA,,
22113,110243,2.0,LA,,
22113,110243,3.0,EMEA,52.0,Fuerstenwalde
22113,110243,4.0,AP,,
22113,110243,1.0,NA,,
22113,110243,2.0,LA,,
22113,110243,3.0,EMEA,53.0,Riesa
22113,110243,4.0,AP,,
22113,110243,1.0,NA,,
22113,110243,2.0,LA,,
22113,110243,3.0,EMEA,180.0,Polymer-Technik Elbe GmbH
22113,110243,4.0,AP,,
22113,110243,1.0,NA,,
22113,110243,2.0,LA,,
22113,110243,3.0,EMEA,200.0,ICM*L
22113,110243,4.0,AP,,
22113,110243,1.0,NA,,
22113,110243,2.0,LA,,
22113,110243,3.0,EMEA,220.0,RCCE
22113,110243,4.0,AP,,
22113,110243,1.0,NA,,
22113,110243,2.0,LA,,
22113,110243,3.0,EMEA,260.0,Conbelts Bytom-SAEU
22113,110243,4.0,AP,,
22113,110243,1.0,NA,,
22113,110243,2.0,LA,,
22113,110243,3.0,EMEA,261.0,DRC Kauucuk
22113,110243,4.0,AP,,
22113,110243,1.0,NA,,
22113,110243,2.0,LA,,
22113,110243,3.0,EMEA,262.0,Empresa Industrial de Borracha SA-EIB
22113,110243,4.0,AP,,
22113,110243,1.0,NA,,
22113,110243,2.0,LA,,
22113,110243,3.0,EMEA,263.0,FTT Stomil Wolbrom SA
22113,110243,4.0,AP,,
22113,110243,1.0,NA,,
22113,110243,2.0,LA,,
22113,110243,3.0,EMEA,264.0,Geyer and Hosaja-Zak-ADY Gumowe w Mielcu-Sp. Zo.o
22113,110243,4.0,AP,,
22113,110243,1.0,NA,,
22113,110243,2.0,LA,,
22113,110243,3.0,EMEA,265.0,Hexpol - Berwin
22113,110243,4.0,AP,,
22113,110243,1.0,NA,,
22113,110243,2.0,LA,,
22113,110243,3.0,EMEA,266.0,Kabat Tyre
22113,110243,4.0,AP,,
22113,110243,1.0,NA,,
22113,110243,2.0,LA,,
22113,110243,3.0,EMEA,267.0,Kolsan
22113,110243,4.0,AP,,
22113,110243,1.0,NA,,
22113,110243,2.0,LA,,
22113,110243,3.0,EMEA,268.0,Kraiburg Austria GmbH and Co. KG
22113,110243,4.0,AP,,
22113,110243,1.0,NA,,
22113,110243,2.0,LA,,
22113,110243,3.0,EMEA,269.0,Marangoni S.p.A Rovereto
22113,110243,4.0,AP,,
22113,110243,1.0,NA,,
22113,110243,2.0,LA,,
22113,110243,3.0,EMEA,270.0,Marangoni S.p.A Hamburg
22113,110243,4.0,AP,,
22113,110243,1.0,NA,,
22113,110243,2.0,LA,,
22113,110243,3.0,EMEA,271.0,Matrax s.r.o.
22113,110243,4.0,AP,,
22113,110243,1.0,NA,,
22113,110243,2.0,LA,,
22113,110243,3.0,EMEA,272.0,Multiblend
22113,110243,4.0,AP,,
22113,110243,1.0,NA,,
22113,110243,2.0,LA,,
22113,110243,3.0,EMEA,273.0,Omya Uk Limited-Masterbatches
22113,110243,4.0,AP,,
22113,110243,1.0,NA,,
22113,110243,2.0,LA,,
22113,110243,3.0,EMEA,274.0,Ozka Lastik ve Kaucuk Inc.
22113,110243,4.0,AP,,
22113,110243,1.0,NA,,
22113,110243,2.0,LA,,
22113,110243,3.0,EMEA,275.0,Peintures Robin S.A-Paints /Cements
22113,110243,4.0,AP,,
22113,110243,1.0,NA,,
22113,110243,2.0,LA,,
22113,110243,3.0,EMEA,276.0,Phoenix Compound Technology Hamburg
22113,110243,4.0,AP,,
22113,110243,1.0,NA,,
22113,110243,2.0,LA,,
22113,110243,3.0,EMEA,277.0,Phoenix Compound Technology Waltershausen
22113,110243,4.0,AP,,
22113,110243,1.0,NA,,
22113,110243,2.0,LA,,
22113,110243,3.0,EMEA,279.0,ProPS s.r.o.
22113,110243,4.0,AP,,
22113,110243,1.0,NA,,
22113,110243,2.0,LA,,
22113,110243,3.0,EMEA,280.0,S and N Rubber¿
22113,110243,4.0,AP,,
22113,110243,1.0,NA,,
22113,110243,2.0,LA,,
22113,110243,3.0,EMEA,281.0,Socamont-S.A.
22113,110243,4.0,AP,,
22113,110243,1.0,NA,,
22113,110243,2.0,LA,,
22113,110243,3.0,EMEA,282.0,Stomil Poznan
22113,110243,4.0,AP,,
22113,110243,1.0,NA,,
22113,110243,2.0,LA,,
22113,110243,3.0,EMEA,283.0,Tecnogum
22113,110243,4.0,AP,,
22113,110243,1.0,NA,,
22113,110243,2.0,LA,,
22113,110243,3.0,EMEA,284.0,Vil Kaucuk San.ve Tic. Ltd Sti
22113,110243,4.0,AP,,
22113,110243,1.0,NA,,
22113,110243,2.0,LA,,
22113,110243,3.0,EMEA,285.0,Zaklady Chemiczne BOCHEM Sp. z o.o
22113,110243,4.0,AP,,
22113,110243,1.0,NA,,
22113,110243,2.0,LA,,
22113,110243,3.0,EMEA,320.0,Dudelange
22113,110243,4.0,AP,,
22826,121257,,,,
22976,123438,1.0,NA,,
23017,124242,1.0,NA,,
23019,124244,1.0,NA,,
23021,124246,1.0,NA,,
23023,124248,1.0,NA,,
23025,124250,1.0,NA,,
23027,124252,1.0,NA,,
23029,124254,1.0,NA,,
23031,124256,1.0,NA,,
23032,124257,1.0,NA,,
23174,126248,1.0,NA,,
23706,131598,,,,
23764,132218,1.0,NA,,
23764,132218,2.0,LA,,
23764,132218,3.0,EMEA,,
23764,132218,4.0,AP,,
23774,132283,1.0,NA,,
23774,132283,2.0,LA,,
23774,132283,4.0,AP,,
20215,68355,,,,
20354,70290,1.0,NA,,
20354,70290,2.0,LA,,
20354,70290,4.0,AP,,
20952,79924,,,,
20990,80378,,,,
21100,81941,1.0,NA,,
21102,81944,1.0,NA,,
21120,82222,,,,
21122,82223,,,,
21231,83911,1.0,NA,,
21368,89473,1.0,NA,,
21573,95773,,,,
22048,108932,,,,
22049,108933,,,,
22326,113109,,,,
22342,113292,1.0,NA,,
22342,113292,2.0,LA,,
22342,113292,3.0,EMEA,,
22342,113292,4.0,AP,,
22346,113376,1.0,NA,,
22346,113376,2.0,LA,,
22346,113376,3.0,EMEA,,
22346,113376,4.0,AP,,
22349,113379,1.0,NA,,
22350,113380,1.0,NA,,
22351,113381,1.0,NA,,
22357,113643,,,,
22363,113724,,,,
22364,113725,,,,
22365,113726,,,,
22374,114065,2.0,LA,,
22394,114564,1.0,NA,,
22394,114564,2.0,LA,,
22394,114564,4.0,AP,,
22400,114640,1.0,NA,,
22402,114643,1.0,NA,,
22404,114645,1.0,NA,,
22405,114646,1.0,NA,,
22407,114648,1.0,NA,,
22438,114927,,,,
22740,119430,,,,
23264,127747,,,,
23654,130886,1.0,NA,,
23710,131655,,,,
23711,131656,,,,
23720,131718,1.0,NA,,
23720,131718,2.0,LA,,
23720,131718,3.0,EMEA,,
23720,131718,4.0,AP,,
23751,132087,,,,
23838,133002,,,,
20262,68851,,,,
20430,71360,,,,
20578,74027,1.0,NA,,
20578,74027,2.0,LA,,
20578,74027,3.0,EMEA,,
20578,74027,4.0,AP,42.0,Nippon Giant
20625,74994,,,,
20902,79236,,,,
20959,79979,1.0,NA,,
20961,79982,1.0,NA,,
21274,84773,1.0,NA,,
21274,84773,2.0,LA,,
21274,84773,3.0,EMEA,,
21274,84773,4.0,AP,,
21275,84774,1.0,NA,,
21275,84774,2.0,LA,,
21275,84774,3.0,EMEA,,
21275,84774,4.0,AP,,
21276,84775,1.0,NA,,
21276,84775,2.0,LA,,
21276,84775,3.0,EMEA,,
21276,84775,4.0,AP,,
21292,84994,1.0,NA,,
21292,84994,2.0,LA,,
21292,84994,3.0,EMEA,,
21292,84994,4.0,AP,,
21486,94292,1.0,NA,,
21486,94292,2.0,LA,,
21486,94292,3.0,EMEA,,
21486,94292,4.0,AP,,
21640,98489,,,,
21642,98490,,,,
22243,112024,,,,
22255,112193,,,,
22257,112195,,,,
22259,112197,,,,
22264,112299,,,,
22311,112916,1.0,NA,,
22333,113194,,,,
22396,114636,1.0,NA,,
22398,114638,1.0,NA,,
22399,114639,1.0,NA,,
22401,114642,1.0,NA,,
22454,115119,1.0,NA,,
22454,115119,3.0,EMEA,23.0,Adapazari
22454,115119,1.0,NA,,
22454,115119,3.0,EMEA,25.0,Izmit
22462,115301,1.0,NA,,
22462,115301,2.0,LA,,
22462,115301,3.0,EMEA,,
22462,115301,4.0,AP,,
22479,115645,3.0,EMEA,,
23905,133924,,,,
23906,133925,,,,
23911,134042,,,,
23912,134043,,,,
23913,134044,,,,
23914,134045,,,,
23915,134046,,,,
23917,134048,1.0,NA,,
23919,134102,1.0,NA,,
23921,134166,,,,
23923,134172,,,,
23924,134173,,,,
23927,134176,,,,
23928,134177,,,,
23929,134230,1.0,NA,,
23929,134230,2.0,LA,,
23929,134230,3.0,EMEA,,
23929,134230,4.0,AP,,
23931,134231,,,,
23932,134232,,,,
23933,134285,,,,
23934,134286,,,,
23935,134287,,,,
23937,134289,1.0,NA,,
23937,134289,2.0,LA,,
23937,134289,4.0,AP,,
23943,134351,1.0,NA,,
23944,134352,1.0,NA,,
23945,134405,,,,
23907,133978,,,,
23908,133979,,,,
23941,134350,1.0,NA,,
23941,134350,2.0,LA,,
23941,134350,3.0,EMEA,,
23941,134350,4.0,AP,,
23961,134656,1.0,NA,,
23961,134656,2.0,LA,,
23961,134656,3.0,EMEA,,
23961,134656,4.0,AP,,
23963,134714,,,,
23979,134936,3.0,EMEA,50.0,Hanau
23997,135306,1.0,NA,,
23997,135306,2.0,LA,,
23997,135306,3.0,EMEA,23.0,Adapazari
23997,135306,4.0,AP,,
23997,135306,1.0,NA,,
23997,135306,2.0,LA,,
23997,135306,3.0,EMEA,25.0,Izmit
23997,135306,4.0,AP,,
23997,135306,1.0,NA,,
23997,135306,2.0,LA,,
23997,135306,3.0,EMEA,346.0,Melksham
23997,135306,4.0,AP,,
24031,135573,,,,
24041,135675,1.0,NA,,
24041,135675,2.0,LA,,
24041,135675,3.0,EMEA,,
24041,135675,4.0,AP,,
24042,135676,1.0,NA,,
24042,135676,2.0,LA,,
24042,135676,3.0,EMEA,,
24042,135676,4.0,AP,,
24043,135677,1.0,NA,,
24043,135677,2.0,LA,,
24043,135677,3.0,EMEA,,
24043,135677,4.0,AP,,
24061,136167,1.0,NA,,
24061,136167,2.0,LA,,
24061,136167,3.0,EMEA,,
24061,136167,4.0,AP,,
24091,136724,,,,
24096,136776,,,,
24097,136777,,,,
24098,136778,,,,
24099,136779,,,,
24103,136826,,,,
24107,136910,1.0,NA,,
24107,136910,2.0,LA,,
24107,136910,3.0,EMEA,,
24107,136910,4.0,AP,,
24108,136911,1.0,NA,,
24109,136912,1.0,NA,,
24113,137127,1.0,NA,,
24113,137127,2.0,LA,,
24113,137127,3.0,EMEA,,
24113,137127,4.0,AP,,
24114,137128,1.0,NA,,
24114,137128,2.0,LA,,
24114,137128,3.0,EMEA,,
24114,137128,4.0,AP,,
24117,137136,1.0,NA,,
24119,137177,1.0,NA,,
24119,137177,3.0,EMEA,,
24120,137178,1.0,NA,,
24121,137179,1.0,NA,,
24122,137180,1.0,NA,,
24123,137181,1.0,NA,,
23949,134519,1.0,NA,,
23950,134520,1.0,NA,,
23952,134585,1.0,NA,,
23954,134588,1.0,NA,,
23956,134590,1.0,NA,,
23957,134591,1.0,NA,,
23958,134592,1.0,NA,,
23959,134593,1.0,NA,,
23960,134594,1.0,NA,,
23987,135095,,,,
23988,135096,,,,
23989,135149,1.0,NA,,
23989,135149,2.0,LA,,
23989,135149,3.0,EMEA,,
23989,135149,4.0,AP,,
23990,135151,3.0,EMEA,,
23991,135152,1.0,NA,,
23991,135152,2.0,LA,,
23991,135152,3.0,EMEA,,
23991,135152,4.0,AP,,
23992,135153,1.0,NA,,
23992,135153,2.0,LA,,
23992,135153,3.0,EMEA,,
23992,135153,4.0,AP,,
24034,135576,,,,
24035,135577,,,,
24053,136019,,,,
24057,136023,1.0,NA,,
24057,136023,2.0,LA,,
24057,136023,3.0,EMEA,,
24057,136023,4.0,AP,,
24059,136121,1.0,NA,,
24062,136169,,,,
24065,136309,,,,
24067,136440,4.0,AP,,
24068,136441,1.0,NA,,
24071,136530,,,,
24074,136624,3.0,EMEA,,
24077,136627,,,,
24078,136628,,,,
23904,133811,,,,
23939,134347,3.0,EMEA,,
23940,134348,2.0,LA,,
23947,134458,,,,
23967,134832,1.0,NA,,
23967,134832,2.0,LA,,
23967,134832,3.0,EMEA,,
23967,134832,4.0,AP,,
23969,134833,1.0,NA,1.0,Danville
23969,134833,3.0,EMEA,,
23969,134833,1.0,NA,3.0,Topeka
23969,134833,3.0,EMEA,,
23969,134833,1.0,NA,5.0,Fayetteville
23969,134833,3.0,EMEA,,
23969,134833,1.0,NA,8.0,Lawton
23969,134833,3.0,EMEA,,
23969,134833,1.0,NA,9.0,Medicine Hat
23969,134833,3.0,EMEA,,
23969,134833,1.0,NA,10.0,Napanee
23969,134833,3.0,EMEA,,
23969,134833,1.0,NA,11.0,Valleyfield
23969,134833,3.0,EMEA,,
23969,134833,1.0,NA,13.0,Social Circle
23969,134833,3.0,EMEA,,
23969,134833,1.0,NA,14.0,ICM*A
23969,134833,3.0,EMEA,,
23969,134833,1.0,NA,,
23969,134833,3.0,EMEA,19.0,Philippsburg
23969,134833,1.0,NA,,
23969,134833,3.0,EMEA,21.0,Luxembourg
23969,134833,1.0,NA,,
23969,134833,3.0,EMEA,23.0,Adapazari
23969,134833,1.0,NA,,
23969,134833,3.0,EMEA,24.0,Sava
23969,134833,1.0,NA,,
23969,134833,3.0,EMEA,25.0,Izmit
23969,134833,1.0,NA,,
23969,134833,3.0,EMEA,26.0,Fulda
23969,134833,1.0,NA,,
23969,134833,3.0,EMEA,27.0,South Africa
23969,134833,1.0,NA,32.0,Chile
23969,134833,3.0,EMEA,,
23969,134833,1.0,NA,,
23969,134833,3.0,EMEA,48.0,Amiens South
23969,134833,1.0,NA,,
23969,134833,3.0,EMEA,49.0,Montlucon
23969,134833,1.0,NA,,
23969,134833,3.0,EMEA,51.0,Wittlich
23969,134833,1.0,NA,,
23969,134833,3.0,EMEA,52.0,Fuerstenwalde
23969,134833,1.0,NA,,
23969,134833,3.0,EMEA,53.0,Riesa
23969,134833,1.0,NA,55.0,Chem Bayport
23969,134833,3.0,EMEA,,
23969,134833,1.0,NA,56.0,Chem Beaumont
23969,134833,3.0,EMEA,,
23969,134833,1.0,NA,57.0,Chem Houston
23969,134833,3.0,EMEA,,
23969,134833,1.0,NA,58.0,Chem Niagara Falls
23969,134833,3.0,EMEA,,
23969,134833,1.0,NA,120.0,NA-LA-AP Except AIRCRAFT
23969,134833,3.0,EMEA,,
23969,134833,1.0,NA,,
23969,134833,3.0,EMEA,180.0,Polymer-Technik Elbe GmbH
23969,134833,1.0,NA,,
23969,134833,3.0,EMEA,200.0,ICM*L
23969,134833,1.0,NA,,
23969,134833,3.0,EMEA,220.0,RCCE
23969,134833,1.0,NA,240.0,San Luis Potosi
23969,134833,3.0,EMEA,,
23969,134833,1.0,NA,,
23969,134833,3.0,EMEA,260.0,Conbelts Bytom-SAEU
23969,134833,1.0,NA,,
23969,134833,3.0,EMEA,261.0,DRC Kauucuk
23969,134833,1.0,NA,,
23969,134833,3.0,EMEA,262.0,Empresa Industrial de Borracha SA-EIB
23969,134833,1.0,NA,,
23969,134833,3.0,EMEA,263.0,FTT Stomil Wolbrom SA
23969,134833,1.0,NA,,
23969,134833,3.0,EMEA,264.0,Geyer and Hosaja-Zak-ADY Gumowe w Mielcu-Sp. Zo.o
23969,134833,1.0,NA,,
23969,134833,3.0,EMEA,265.0,Hexpol - Berwin
23969,134833,1.0,NA,,
23969,134833,3.0,EMEA,266.0,Kabat Tyre
23969,134833,1.0,NA,,
23969,134833,3.0,EMEA,267.0,Kolsan
23969,134833,1.0,NA,,
23969,134833,3.0,EMEA,268.0,Kraiburg Austria GmbH and Co. KG
23969,134833,1.0,NA,,
23969,134833,3.0,EMEA,269.0,Marangoni S.p.A Rovereto
23969,134833,1.0,NA,,
23969,134833,3.0,EMEA,270.0,Marangoni S.p.A Hamburg
23969,134833,1.0,NA,,
23969,134833,3.0,EMEA,271.0,Matrax s.r.o.
23969,134833,1.0,NA,,
23969,134833,3.0,EMEA,272.0,Multiblend
23969,134833,1.0,NA,,
23969,134833,3.0,EMEA,273.0,Omya Uk Limited-Masterbatches
23969,134833,1.0,NA,,
23969,134833,3.0,EMEA,274.0,Ozka Lastik ve Kaucuk Inc.
23969,134833,1.0,NA,,
23969,134833,3.0,EMEA,275.0,Peintures Robin S.A-Paints /Cements
23969,134833,1.0,NA,,
23969,134833,3.0,EMEA,276.0,Phoenix Compound Technology Hamburg
23969,134833,1.0,NA,,
23969,134833,3.0,EMEA,277.0,Phoenix Compound Technology Waltershausen
23969,134833,1.0,NA,,
23969,134833,3.0,EMEA,279.0,ProPS s.r.o.
23969,134833,1.0,NA,,
23969,134833,3.0,EMEA,280.0,S and N Rubber¿
23969,134833,1.0,NA,,
23969,134833,3.0,EMEA,281.0,Socamont-S.A.
23969,134833,1.0,NA,,
23969,134833,3.0,EMEA,282.0,Stomil Poznan
23969,134833,1.0,NA,,
23969,134833,3.0,EMEA,283.0,Tecnogum
23969,134833,1.0,NA,,
23969,134833,3.0,EMEA,284.0,Vil Kaucuk San.ve Tic. Ltd Sti
23969,134833,1.0,NA,,
23969,134833,3.0,EMEA,285.0,Zaklady Chemiczne BOCHEM Sp. z o.o
23969,134833,1.0,NA,300.0,Kingman
23969,134833,3.0,EMEA,,
23969,134833,1.0,NA,301.0,Stockbridge
23969,134833,3.0,EMEA,,
23969,134833,1.0,NA,344.0,Tall Timbers
23969,134833,3.0,EMEA,,
23969,134833,1.0,NA,,
23969,134833,3.0,EMEA,346.0,Melksham
23969,134833,1.0,NA,,
23969,134833,3.0,EMEA,360.0,Krusevac
23970,134834,1.0,NA,1.0,Danville
23970,134834,3.0,EMEA,,
23970,134834,1.0,NA,3.0,Topeka
23970,134834,3.0,EMEA,,
23970,134834,1.0,NA,5.0,Fayetteville
23970,134834,3.0,EMEA,,
23970,134834,1.0,NA,8.0,Lawton
23970,134834,3.0,EMEA,,
23970,134834,1.0,NA,9.0,Medicine Hat
23970,134834,3.0,EMEA,,
23970,134834,1.0,NA,10.0,Napanee
23970,134834,3.0,EMEA,,
23970,134834,1.0,NA,11.0,Valleyfield
23970,134834,3.0,EMEA,,
23970,134834,1.0,NA,13.0,Social Circle
23970,134834,3.0,EMEA,,
23970,134834,1.0,NA,14.0,ICM*A
23970,134834,3.0,EMEA,,
23970,134834,1.0,NA,,
23970,134834,3.0,EMEA,19.0,Philippsburg
23970,134834,1.0,NA,,
23970,134834,3.0,EMEA,21.0,Luxembourg
23970,134834,1.0,NA,,
23970,134834,3.0,EMEA,23.0,Adapazari
23970,134834,1.0,NA,,
23970,134834,3.0,EMEA,24.0,Sava
23970,134834,1.0,NA,,
23970,134834,3.0,EMEA,25.0,Izmit
23970,134834,1.0,NA,,
23970,134834,3.0,EMEA,26.0,Fulda
23970,134834,1.0,NA,,
23970,134834,3.0,EMEA,27.0,South Africa
23970,134834,1.0,NA,32.0,Chile
23970,134834,3.0,EMEA,,
23970,134834,1.0,NA,,
23970,134834,3.0,EMEA,48.0,Amiens South
23970,134834,1.0,NA,,
23970,134834,3.0,EMEA,49.0,Montlucon
23970,134834,1.0,NA,,
23970,134834,3.0,EMEA,51.0,Wittlich
23970,134834,1.0,NA,,
23970,134834,3.0,EMEA,52.0,Fuerstenwalde
23970,134834,1.0,NA,,
23970,134834,3.0,EMEA,53.0,Riesa
23970,134834,1.0,NA,55.0,Chem Bayport
23970,134834,3.0,EMEA,,
23970,134834,1.0,NA,56.0,Chem Beaumont
23970,134834,3.0,EMEA,,
23970,134834,1.0,NA,57.0,Chem Houston
23970,134834,3.0,EMEA,,
23970,134834,1.0,NA,58.0,Chem Niagara Falls
23970,134834,3.0,EMEA,,
23970,134834,1.0,NA,120.0,NA-LA-AP Except AIRCRAFT
23970,134834,3.0,EMEA,,
23970,134834,1.0,NA,,
23970,134834,3.0,EMEA,180.0,Polymer-Technik Elbe GmbH
23970,134834,1.0,NA,,
23970,134834,3.0,EMEA,200.0,ICM*L
23970,134834,1.0,NA,,
23970,134834,3.0,EMEA,220.0,RCCE
23970,134834,1.0,NA,240.0,San Luis Potosi
23970,134834,3.0,EMEA,,
23970,134834,1.0,NA,,
23970,134834,3.0,EMEA,260.0,Conbelts Bytom-SAEU
23970,134834,1.0,NA,,
23970,134834,3.0,EMEA,261.0,DRC Kauucuk
23970,134834,1.0,NA,,
23970,134834,3.0,EMEA,262.0,Empresa Industrial de Borracha SA-EIB
23970,134834,1.0,NA,,
23970,134834,3.0,EMEA,263.0,FTT Stomil Wolbrom SA
23970,134834,1.0,NA,,
23970,134834,3.0,EMEA,264.0,Geyer and Hosaja-Zak-ADY Gumowe w Mielcu-Sp. Zo.o
23970,134834,1.0,NA,,
23970,134834,3.0,EMEA,265.0,Hexpol - Berwin
23970,134834,1.0,NA,,
23970,134834,3.0,EMEA,266.0,Kabat Tyre
23970,134834,1.0,NA,,
23970,134834,3.0,EMEA,267.0,Kolsan
23970,134834,1.0,NA,,
23970,134834,3.0,EMEA,268.0,Kraiburg Austria GmbH and Co. KG
23970,134834,1.0,NA,,
23970,134834,3.0,EMEA,269.0,Marangoni S.p.A Rovereto
23970,134834,1.0,NA,,
23970,134834,3.0,EMEA,270.0,Marangoni S.p.A Hamburg
23970,134834,1.0,NA,,
23970,134834,3.0,EMEA,271.0,Matrax s.r.o.
23970,134834,1.0,NA,,
23970,134834,3.0,EMEA,272.0,Multiblend
23970,134834,1.0,NA,,
23970,134834,3.0,EMEA,273.0,Omya Uk Limited-Masterbatches
23970,134834,1.0,NA,,
23970,134834,3.0,EMEA,274.0,Ozka Lastik ve Kaucuk Inc.
23970,134834,1.0,NA,,
23970,134834,3.0,EMEA,275.0,Peintures Robin S.A-Paints /Cements
23970,134834,1.0,NA,,
23970,134834,3.0,EMEA,276.0,Phoenix Compound Technology Hamburg
23970,134834,1.0,NA,,
23970,134834,3.0,EMEA,277.0,Phoenix Compound Technology Waltershausen
23970,134834,1.0,NA,,
23970,134834,3.0,EMEA,279.0,ProPS s.r.o.
23970,134834,1.0,NA,,
23970,134834,3.0,EMEA,280.0,S and N Rubber¿
23970,134834,1.0,NA,,
23970,134834,3.0,EMEA,281.0,Socamont-S.A.
23970,134834,1.0,NA,,
23970,134834,3.0,EMEA,282.0,Stomil Poznan
23970,134834,1.0,NA,,
23970,134834,3.0,EMEA,283.0,Tecnogum
23970,134834,1.0,NA,,
23970,134834,3.0,EMEA,284.0,Vil Kaucuk San.ve Tic. Ltd Sti
23970,134834,1.0,NA,,
23970,134834,3.0,EMEA,285.0,Zaklady Chemiczne BOCHEM Sp. z o.o
23970,134834,1.0,NA,300.0,Kingman
23970,134834,3.0,EMEA,,
23970,134834,1.0,NA,301.0,Stockbridge
23970,134834,3.0,EMEA,,
23970,134834,1.0,NA,341.0,Findlay
23970,134834,3.0,EMEA,,
23970,134834,1.0,NA,344.0,Tall Timbers
23970,134834,3.0,EMEA,,
23970,134834,1.0,NA,,
23970,134834,3.0,EMEA,346.0,Melksham
23970,134834,1.0,NA,,
23970,134834,3.0,EMEA,360.0,Krusevac
23971,134835,1.0,NA,1.0,Danville
23971,134835,3.0,EMEA,,
23971,134835,1.0,NA,3.0,Topeka
23971,134835,3.0,EMEA,,
23971,134835,1.0,NA,5.0,Fayetteville
23971,134835,3.0,EMEA,,
23971,134835,1.0,NA,8.0,Lawton
23971,134835,3.0,EMEA,,
23971,134835,1.0,NA,9.0,Medicine Hat
23971,134835,3.0,EMEA,,
23971,134835,1.0,NA,10.0,Napanee
23971,134835,3.0,EMEA,,
23971,134835,1.0,NA,11.0,Valleyfield
23971,134835,3.0,EMEA,,
23971,134835,1.0,NA,13.0,Social Circle
23971,134835,3.0,EMEA,,
23971,134835,1.0,NA,14.0,ICM*A
23971,134835,3.0,EMEA,,
23971,134835,1.0,NA,,
23971,134835,3.0,EMEA,19.0,Philippsburg
23971,134835,1.0,NA,,
23971,134835,3.0,EMEA,21.0,Luxembourg
23971,134835,1.0,NA,,
23971,134835,3.0,EMEA,23.0,Adapazari
23971,134835,1.0,NA,,
23971,134835,3.0,EMEA,24.0,Sava
23971,134835,1.0,NA,,
23971,134835,3.0,EMEA,25.0,Izmit
23971,134835,1.0,NA,,
23971,134835,3.0,EMEA,26.0,Fulda
23971,134835,1.0,NA,,
23971,134835,3.0,EMEA,27.0,South Africa
23971,134835,1.0,NA,32.0,Chile
23971,134835,3.0,EMEA,,
23971,134835,1.0,NA,,
23971,134835,3.0,EMEA,48.0,Amiens South
23971,134835,1.0,NA,,
23971,134835,3.0,EMEA,49.0,Montlucon
23971,134835,1.0,NA,,
23971,134835,3.0,EMEA,51.0,Wittlich
23971,134835,1.0,NA,,
23971,134835,3.0,EMEA,52.0,Fuerstenwalde
23971,134835,1.0,NA,,
23971,134835,3.0,EMEA,53.0,Riesa
23971,134835,1.0,NA,55.0,Chem Bayport
23971,134835,3.0,EMEA,,
23971,134835,1.0,NA,56.0,Chem Beaumont
23971,134835,3.0,EMEA,,
23971,134835,1.0,NA,57.0,Chem Houston
23971,134835,3.0,EMEA,,
23971,134835,1.0,NA,58.0,Chem Niagara Falls
23971,134835,3.0,EMEA,,
23971,134835,1.0,NA,120.0,NA-LA-AP Except AIRCRAFT
23971,134835,3.0,EMEA,,
23971,134835,1.0,NA,,
23971,134835,3.0,EMEA,180.0,Polymer-Technik Elbe GmbH
23971,134835,1.0,NA,,
23971,134835,3.0,EMEA,200.0,ICM*L
23971,134835,1.0,NA,,
23971,134835,3.0,EMEA,220.0,RCCE
23971,134835,1.0,NA,240.0,San Luis Potosi
23971,134835,3.0,EMEA,,
23971,134835,1.0,NA,,
23971,134835,3.0,EMEA,260.0,Conbelts Bytom-SAEU
23971,134835,1.0,NA,,
23971,134835,3.0,EMEA,261.0,DRC Kauucuk
23971,134835,1.0,NA,,
23971,134835,3.0,EMEA,262.0,Empresa Industrial de Borracha SA-EIB
23971,134835,1.0,NA,,
23971,134835,3.0,EMEA,263.0,FTT Stomil Wolbrom SA
23971,134835,1.0,NA,,
23971,134835,3.0,EMEA,264.0,Geyer and Hosaja-Zak-ADY Gumowe w Mielcu-Sp. Zo.o
23971,134835,1.0,NA,,
23971,134835,3.0,EMEA,265.0,Hexpol - Berwin
23971,134835,1.0,NA,,
23971,134835,3.0,EMEA,266.0,Kabat Tyre
23971,134835,1.0,NA,,
23971,134835,3.0,EMEA,267.0,Kolsan
23971,134835,1.0,NA,,
23971,134835,3.0,EMEA,268.0,Kraiburg Austria GmbH and Co. KG
23971,134835,1.0,NA,,
23971,134835,3.0,EMEA,269.0,Marangoni S.p.A Rovereto
23971,134835,1.0,NA,,
23971,134835,3.0,EMEA,270.0,Marangoni S.p.A Hamburg
23971,134835,1.0,NA,,
23971,134835,3.0,EMEA,271.0,Matrax s.r.o.
23971,134835,1.0,NA,,
23971,134835,3.0,EMEA,272.0,Multiblend
23971,134835,1.0,NA,,
23971,134835,3.0,EMEA,273.0,Omya Uk Limited-Masterbatches
23971,134835,1.0,NA,,
23971,134835,3.0,EMEA,274.0,Ozka Lastik ve Kaucuk Inc.
23971,134835,1.0,NA,,
23971,134835,3.0,EMEA,275.0,Peintures Robin S.A-Paints /Cements
23971,134835,1.0,NA,,
23971,134835,3.0,EMEA,276.0,Phoenix Compound Technology Hamburg
23971,134835,1.0,NA,,
23971,134835,3.0,EMEA,277.0,Phoenix Compound Technology Waltershausen
23971,134835,1.0,NA,,
23971,134835,3.0,EMEA,279.0,ProPS s.r.o.
23971,134835,1.0,NA,,
23971,134835,3.0,EMEA,280.0,S and N Rubber¿
23971,134835,1.0,NA,,
23971,134835,3.0,EMEA,281.0,Socamont-S.A.
23971,134835,1.0,NA,,
23971,134835,3.0,EMEA,282.0,Stomil Poznan
23971,134835,1.0,NA,,
23971,134835,3.0,EMEA,283.0,Tecnogum
23971,134835,1.0,NA,,
23971,134835,3.0,EMEA,284.0,Vil Kaucuk San.ve Tic. Ltd Sti
23971,134835,1.0,NA,,
23971,134835,3.0,EMEA,285.0,Zaklady Chemiczne BOCHEM Sp. z o.o
23971,134835,1.0,NA,300.0,Kingman
23971,134835,3.0,EMEA,,
23971,134835,1.0,NA,301.0,Stockbridge
23971,134835,3.0,EMEA,,
23971,134835,1.0,NA,344.0,Tall Timbers
23971,134835,3.0,EMEA,,
23971,134835,1.0,NA,,
23971,134835,3.0,EMEA,346.0,Melksham
23971,134835,1.0,NA,,
23971,134835,3.0,EMEA,360.0,Krusevac
23973,134837,,,,
23974,134838,,,,
23983,134986,1.0,NA,,
23983,134986,2.0,LA,,
23983,134986,3.0,EMEA,,
23983,134986,4.0,AP,,
23984,134987,1.0,NA,,
23984,134987,2.0,LA,,
23984,134987,3.0,EMEA,,
23984,134987,4.0,AP,,
23985,135044,1.0,NA,,
23995,135168,1.0,NA,,
23995,135168,2.0,LA,,
23995,135168,3.0,EMEA,,
23995,135168,4.0,AP,,
24027,135478,3.0,EMEA,,
24028,135479,3.0,EMEA,,
24029,135524,1.0,NA,,
24029,135524,2.0,LA,,
24029,135524,3.0,EMEA,346.0,Melksham
24029,135524,4.0,AP,,
24033,135575,,,,
24051,135870,1.0,NA,,
24051,135870,2.0,LA,,
24051,135870,3.0,EMEA,,
24051,135870,4.0,AP,,
24055,136022,1.0,NA,,
24055,136022,2.0,LA,,
24055,136022,3.0,EMEA,,
24055,136022,4.0,AP,,
24063,136266,1.0,NA,,
24063,136266,2.0,LA,,
24063,136266,3.0,EMEA,,
24063,136266,4.0,AP,,
24069,136526,3.0,EMEA,,
24076,136626,3.0,EMEA,,
24082,136675,1.0,NA,9.0,Medicine Hat
24082,136675,2.0,LA,,
24082,136675,3.0,EMEA,,
24082,136675,4.0,AP,,
24082,136675,1.0,NA,10.0,Napanee
24082,136675,2.0,LA,,
24082,136675,3.0,EMEA,,
24082,136675,4.0,AP,,
24082,136675,1.0,NA,11.0,Valleyfield
24082,136675,2.0,LA,,
24082,136675,3.0,EMEA,,
24082,136675,4.0,AP,,
24082,136675,1.0,NA,,
24082,136675,2.0,LA,,
24082,136675,3.0,EMEA,360.0,Krusevac
24082,136675,4.0,AP,,
24085,136677,,,,
24086,136678,,,,
24087,136679,,,,
24088,136680,,,,
24089,136681,,,,
24100,136822,,,,
23975,134888,3.0,EMEA,23.0,Adapazari
23975,134888,4.0,AP,,
23975,134888,3.0,EMEA,25.0,Izmit
23975,134888,4.0,AP,,
23975,134888,3.0,EMEA,,
23975,134888,4.0,AP,40.0,Thailand
23975,134888,3.0,EMEA,,
23975,134888,4.0,AP,42.0,Nippon Giant
23975,134888,3.0,EMEA,,
23975,134888,4.0,AP,47.0,Indonesia
23975,134888,3.0,EMEA,360.0,Krusevac
23975,134888,4.0,AP,,
23993,135166,1.0,NA,,
23993,135166,2.0,LA,,
23993,135166,3.0,EMEA,,
23993,135166,4.0,AP,,
24005,135370,3.0,EMEA,18.0,Debica
24005,135370,3.0,EMEA,19.0,Philippsburg
24005,135370,3.0,EMEA,23.0,Adapazari
24005,135370,3.0,EMEA,24.0,Sava
24005,135370,3.0,EMEA,25.0,Izmit
24005,135370,3.0,EMEA,26.0,Fulda
24005,135370,3.0,EMEA,27.0,South Africa
24005,135370,3.0,EMEA,48.0,Amiens South
24005,135370,3.0,EMEA,49.0,Montlucon
24005,135370,3.0,EMEA,50.0,Hanau
24005,135370,3.0,EMEA,51.0,Wittlich
24005,135370,3.0,EMEA,52.0,Fuerstenwalde
24005,135370,3.0,EMEA,53.0,Riesa
24005,135370,3.0,EMEA,180.0,Polymer-Technik Elbe GmbH
24005,135370,3.0,EMEA,220.0,RCCE
24005,135370,3.0,EMEA,260.0,Conbelts Bytom-SAEU
24005,135370,3.0,EMEA,261.0,DRC Kauucuk
24005,135370,3.0,EMEA,262.0,Empresa Industrial de Borracha SA-EIB
24005,135370,3.0,EMEA,263.0,FTT Stomil Wolbrom SA
24005,135370,3.0,EMEA,264.0,Geyer and Hosaja-Zak-ADY Gumowe w Mielcu-Sp. Zo.o
24005,135370,3.0,EMEA,265.0,Hexpol - Berwin
24005,135370,3.0,EMEA,266.0,Kabat Tyre
24005,135370,3.0,EMEA,267.0,Kolsan
24005,135370,3.0,EMEA,268.0,Kraiburg Austria GmbH and Co. KG
24005,135370,3.0,EMEA,269.0,Marangoni S.p.A Rovereto
24005,135370,3.0,EMEA,270.0,Marangoni S.p.A Hamburg
24005,135370,3.0,EMEA,271.0,Matrax s.r.o.
24005,135370,3.0,EMEA,272.0,Multiblend
24005,135370,3.0,EMEA,273.0,Omya Uk Limited-Masterbatches
24005,135370,3.0,EMEA,274.0,Ozka Lastik ve Kaucuk Inc.
24005,135370,3.0,EMEA,276.0,Phoenix Compound Technology Hamburg
24005,135370,3.0,EMEA,277.0,Phoenix Compound Technology Waltershausen
24005,135370,3.0,EMEA,279.0,ProPS s.r.o.
24005,135370,3.0,EMEA,280.0,S and N Rubber¿
24005,135370,3.0,EMEA,281.0,Socamont-S.A.
24005,135370,3.0,EMEA,282.0,Stomil Poznan
24005,135370,3.0,EMEA,283.0,Tecnogum
24005,135370,3.0,EMEA,284.0,Vil Kaucuk San.ve Tic. Ltd Sti
24005,135370,3.0,EMEA,285.0,Zaklady Chemiczne BOCHEM Sp. z o.o
24005,135370,3.0,EMEA,320.0,Dudelange
24005,135370,3.0,EMEA,346.0,Melksham
24005,135370,3.0,EMEA,360.0,Krusevac
24037,135624,3.0,EMEA,,
24039,135631,,,,
24045,135779,,,,
24046,135780,,,,
24047,135781,,,,
24049,135826,1.0,NA,,
24049,135826,2.0,LA,,
24049,135826,3.0,EMEA,,
24049,135826,4.0,AP,,
24054,136021,1.0,NA,,
24073,136623,1.0,NA,,
24073,136623,2.0,LA,,
24073,136623,3.0,EMEA,,
24073,136623,4.0,AP,,
24106,136868,4.0,AP,,
24111,137030,1.0,NA,,
24111,137030,2.0,LA,,
24111,137030,3.0,EMEA,,
24111,137030,4.0,AP,,
24115,137135,,,,
24124,137182,1.0,NA,,
24125,137183,1.0,NA,,
24126,137184,1.0,NA,,
24127,137185,1.0,NA,,
24128,137186,1.0,NA,,
24129,137187,1.0,NA,,
24130,137188,1.0,NA,,
24131,137189,1.0,NA,,
24132,137190,1.0,NA,,
24133,137191,1.0,NA,,
24135,137234,,,,
24136,137235,,,,
24137,137276,,,,
24138,137277,,,,
24139,137400,1.0,NA,,
24139,137400,2.0,LA,,
24139,137400,3.0,EMEA,23.0,Adapazari
24139,137400,4.0,AP,,
24139,137400,1.0,NA,,
24139,137400,2.0,LA,,
24139,137400,3.0,EMEA,25.0,Izmit
24139,137400,4.0,AP,,
24139,137400,1.0,NA,,
24139,137400,2.0,LA,,
24139,137400,3.0,EMEA,360.0,Krusevac
24139,137400,4.0,AP,,
23909,134040,,,,
23910,134041,,,,
23925,134174,,,,
23926,134175,,,,
23965,134777,1.0,NA,1.0,Danville
23965,134777,3.0,EMEA,,
23965,134777,1.0,NA,3.0,Topeka
23965,134777,3.0,EMEA,,
23965,134777,1.0,NA,5.0,Fayetteville
23965,134777,3.0,EMEA,,
23965,134777,1.0,NA,8.0,Lawton
23965,134777,3.0,EMEA,,
23965,134777,1.0,NA,9.0,Medicine Hat
23965,134777,3.0,EMEA,,
23965,134777,1.0,NA,10.0,Napanee
23965,134777,3.0,EMEA,,
23965,134777,1.0,NA,11.0,Valleyfield
23965,134777,3.0,EMEA,,
23965,134777,1.0,NA,13.0,Social Circle
23965,134777,3.0,EMEA,,
23965,134777,1.0,NA,14.0,ICM*A
23965,134777,3.0,EMEA,,
23965,134777,1.0,NA,,
23965,134777,3.0,EMEA,19.0,Philippsburg
23965,134777,1.0,NA,,
23965,134777,3.0,EMEA,21.0,Luxembourg
23965,134777,1.0,NA,,
23965,134777,3.0,EMEA,23.0,Adapazari
23965,134777,1.0,NA,,
23965,134777,3.0,EMEA,24.0,Sava
23965,134777,1.0,NA,,
23965,134777,3.0,EMEA,25.0,Izmit
23965,134777,1.0,NA,,
23965,134777,3.0,EMEA,26.0,Fulda
23965,134777,1.0,NA,,
23965,134777,3.0,EMEA,27.0,South Africa
23965,134777,1.0,NA,32.0,Chile
23965,134777,3.0,EMEA,,
23965,134777,1.0,NA,,
23965,134777,3.0,EMEA,48.0,Amiens South
23965,134777,1.0,NA,,
23965,134777,3.0,EMEA,49.0,Montlucon
23965,134777,1.0,NA,,
23965,134777,3.0,EMEA,51.0,Wittlich
23965,134777,1.0,NA,,
23965,134777,3.0,EMEA,52.0,Fuerstenwalde
23965,134777,1.0,NA,,
23965,134777,3.0,EMEA,53.0,Riesa
23965,134777,1.0,NA,55.0,Chem Bayport
23965,134777,3.0,EMEA,,
23965,134777,1.0,NA,56.0,Chem Beaumont
23965,134777,3.0,EMEA,,
23965,134777,1.0,NA,57.0,Chem Houston
23965,134777,3.0,EMEA,,
23965,134777,1.0,NA,58.0,Chem Niagara Falls
23965,134777,3.0,EMEA,,
23965,134777,1.0,NA,120.0,NA-LA-AP Except AIRCRAFT
23965,134777,3.0,EMEA,,
23965,134777,1.0,NA,,
23965,134777,3.0,EMEA,180.0,Polymer-Technik Elbe GmbH
23965,134777,1.0,NA,,
23965,134777,3.0,EMEA,200.0,ICM*L
23965,134777,1.0,NA,,
23965,134777,3.0,EMEA,220.0,RCCE
23965,134777,1.0,NA,240.0,San Luis Potosi
23965,134777,3.0,EMEA,,
23965,134777,1.0,NA,,
23965,134777,3.0,EMEA,260.0,Conbelts Bytom-SAEU
23965,134777,1.0,NA,,
23965,134777,3.0,EMEA,261.0,DRC Kauucuk
23965,134777,1.0,NA,,
23965,134777,3.0,EMEA,262.0,Empresa Industrial de Borracha SA-EIB
23965,134777,1.0,NA,,
23965,134777,3.0,EMEA,263.0,FTT Stomil Wolbrom SA
23965,134777,1.0,NA,,
23965,134777,3.0,EMEA,264.0,Geyer and Hosaja-Zak-ADY Gumowe w Mielcu-Sp. Zo.o
23965,134777,1.0,NA,,
23965,134777,3.0,EMEA,265.0,Hexpol - Berwin
23965,134777,1.0,NA,,
23965,134777,3.0,EMEA,266.0,Kabat Tyre
23965,134777,1.0,NA,,
23965,134777,3.0,EMEA,267.0,Kolsan
23965,134777,1.0,NA,,
23965,134777,3.0,EMEA,268.0,Kraiburg Austria GmbH and Co. KG
23965,134777,1.0,NA,,
23965,134777,3.0,EMEA,269.0,Marangoni S.p.A Rovereto
23965,134777,1.0,NA,,
23965,134777,3.0,EMEA,270.0,Marangoni S.p.A Hamburg
23965,134777,1.0,NA,,
23965,134777,3.0,EMEA,271.0,Matrax s.r.o.
23965,134777,1.0,NA,,
23965,134777,3.0,EMEA,272.0,Multiblend
23965,134777,1.0,NA,,
23965,134777,3.0,EMEA,273.0,Omya Uk Limited-Masterbatches
23965,134777,1.0,NA,,
23965,134777,3.0,EMEA,274.0,Ozka Lastik ve Kaucuk Inc.
23965,134777,1.0,NA,,
23965,134777,3.0,EMEA,275.0,Peintures Robin S.A-Paints /Cements
23965,134777,1.0,NA,,
23965,134777,3.0,EMEA,276.0,Phoenix Compound Technology Hamburg
23965,134777,1.0,NA,,
23965,134777,3.0,EMEA,277.0,Phoenix Compound Technology Waltershausen
23965,134777,1.0,NA,,
23965,134777,3.0,EMEA,279.0,ProPS s.r.o.
23965,134777,1.0,NA,,
23965,134777,3.0,EMEA,280.0,S and N Rubber¿
23965,134777,1.0,NA,,
23965,134777,3.0,EMEA,281.0,Socamont-S.A.
23965,134777,1.0,NA,,
23965,134777,3.0,EMEA,282.0,Stomil Poznan
23965,134777,1.0,NA,,
23965,134777,3.0,EMEA,283.0,Tecnogum
23965,134777,1.0,NA,,
23965,134777,3.0,EMEA,284.0,Vil Kaucuk San.ve Tic. Ltd Sti
23965,134777,1.0,NA,,
23965,134777,3.0,EMEA,285.0,Zaklady Chemiczne BOCHEM Sp. z o.o
23965,134777,1.0,NA,301.0,Stockbridge
23965,134777,3.0,EMEA,,
23965,134777,1.0,NA,344.0,Tall Timbers
23965,134777,3.0,EMEA,,
23965,134777,1.0,NA,,
23965,134777,3.0,EMEA,346.0,Melksham
23965,134777,1.0,NA,,
23965,134777,3.0,EMEA,360.0,Krusevac
23977,134933,1.0,NA,9.0,Medicine Hat
23977,134933,2.0,LA,,
23977,134933,3.0,EMEA,,
23977,134933,4.0,AP,,
23977,134933,1.0,NA,10.0,Napanee
23977,134933,2.0,LA,,
23977,134933,3.0,EMEA,,
23977,134933,4.0,AP,,
23977,134933,1.0,NA,11.0,Valleyfield
23977,134933,2.0,LA,,
23977,134933,3.0,EMEA,,
23977,134933,4.0,AP,,
23977,134933,1.0,NA,,
23977,134933,2.0,LA,,
23977,134933,3.0,EMEA,360.0,Krusevac
23977,134933,4.0,AP,,
24004,135318,,,,
24009,135417,1.0,NA,,
24009,135417,2.0,LA,,
24009,135417,3.0,EMEA,,
24009,135417,4.0,AP,,
24011,135418,1.0,NA,,
24011,135418,2.0,LA,,
24011,135418,3.0,EMEA,,
24011,135418,4.0,AP,,
24012,135419,1.0,NA,,
24012,135419,2.0,LA,,
24012,135419,3.0,EMEA,,
24012,135419,4.0,AP,,
24013,135420,1.0,NA,,
24013,135420,2.0,LA,,
24013,135420,3.0,EMEA,,
24013,135420,4.0,AP,,
24014,135421,1.0,NA,,
24014,135421,2.0,LA,,
24014,135421,3.0,EMEA,23.0,Adapazari
24014,135421,4.0,AP,,
24014,135421,1.0,NA,,
24014,135421,2.0,LA,,
24014,135421,3.0,EMEA,25.0,Izmit
24014,135421,4.0,AP,,
24014,135421,1.0,NA,,
24014,135421,2.0,LA,,
24014,135421,3.0,EMEA,27.0,South Africa
24014,135421,4.0,AP,,
24014,135421,1.0,NA,,
24014,135421,2.0,LA,,
24014,135421,3.0,EMEA,,
24014,135421,4.0,AP,47.0,Indonesia
24014,135421,1.0,NA,,
24014,135421,2.0,LA,,
24014,135421,3.0,EMEA,346.0,Melksham
24014,135421,4.0,AP,,
24015,135422,1.0,NA,,
24015,135422,2.0,LA,,
24015,135422,3.0,EMEA,,
24015,135422,4.0,AP,,
24016,135423,1.0,NA,,
24016,135423,2.0,LA,,
24016,135423,3.0,EMEA,,
24016,135423,4.0,AP,,
24017,135424,1.0,NA,,
24017,135424,2.0,LA,,
24017,135424,3.0,EMEA,,
24017,135424,4.0,AP,,
24018,135425,1.0,NA,,
24018,135425,2.0,LA,,
24018,135425,3.0,EMEA,,
24018,135425,4.0,AP,,
24019,135426,1.0,NA,,
24019,135426,2.0,LA,,
24019,135426,3.0,EMEA,,
24019,135426,4.0,AP,,
24020,135427,1.0,NA,,
24020,135427,2.0,LA,,
24020,135427,3.0,EMEA,,
24020,135427,4.0,AP,,
24021,135428,1.0,NA,,
24021,135428,2.0,LA,,
24021,135428,3.0,EMEA,,
24021,135428,4.0,AP,,
24022,135429,1.0,NA,,
24022,135429,2.0,LA,,
24022,135429,3.0,EMEA,,
24022,135429,4.0,AP,,
24023,135430,1.0,NA,,
24023,135430,2.0,LA,,
24023,135430,3.0,EMEA,,
24023,135430,4.0,AP,,
24024,135431,1.0,NA,,
24024,135431,2.0,LA,,
24024,135431,3.0,EMEA,,
24024,135431,4.0,AP,,
24025,135432,1.0,NA,,
24025,135432,2.0,LA,,
24025,135432,3.0,EMEA,,
24025,135432,4.0,AP,,
24050,135827,1.0,NA,,
24050,135827,2.0,LA,,
24050,135827,3.0,EMEA,,
24050,135827,4.0,AP,,
24079,136629,,,,
24080,136630,,,,
24081,136674,3.0,EMEA,,
24083,136676,3.0,EMEA,,
24092,136725,,,,
24093,136727,1.0,NA,,
24093,136727,2.0,LA,,
24093,136727,3.0,EMEA,,
24093,136727,4.0,AP,,
24095,136775,,,,
24101,136825,,,,
24555,140961,1.0,NA,,
24597,141193,1.0,NA,,
24598,141194,1.0,NA,,
25008,142684,3.0,EMEA,,
25157,143112,,,,
25289,143420,,,,
25290,143421,,,,
25305,143459,1.0,NA,,
25305,143459,2.0,LA,,
25305,143459,3.0,EMEA,,
25305,143459,4.0,AP,,
25727,144753,3.0,EMEA,,
25811,144944,1.0,NA,9.0,Medicine Hat
25811,144944,2.0,LA,,
25811,144944,3.0,EMEA,,
25811,144944,4.0,AP,,
25811,144944,1.0,NA,10.0,Napanee
25811,144944,2.0,LA,,
25811,144944,3.0,EMEA,,
25811,144944,4.0,AP,,
25811,144944,1.0,NA,,
25811,144944,2.0,LA,,
25811,144944,3.0,EMEA,23.0,Adapazari
25811,144944,4.0,AP,,
25811,144944,1.0,NA,,
25811,144944,2.0,LA,,
25811,144944,3.0,EMEA,25.0,Izmit
25811,144944,4.0,AP,,
25811,144944,1.0,NA,,
25811,144944,2.0,LA,,
25811,144944,3.0,EMEA,346.0,Melksham
25811,144944,4.0,AP,,
25812,144945,,,,
25813,144946,,,,
25814,144947,,,,
25815,144949,,,,
25816,144950,,,,
25817,144958,1.0,NA,,
25817,144958,2.0,LA,,
25817,144958,3.0,EMEA,23.0,Adapazari
25817,144958,4.0,AP,,
25817,144958,1.0,NA,,
25817,144958,2.0,LA,,
25817,144958,3.0,EMEA,25.0,Izmit
25817,144958,4.0,AP,,
25817,144958,1.0,NA,,
25817,144958,2.0,LA,,
25817,144958,3.0,EMEA,346.0,Melksham
25817,144958,4.0,AP,,
25818,144959,,,,
25819,144960,,,,
25820,144961,,,,
25821,144962,,,,
25827,144976,1.0,NA,,
25827,144976,2.0,LA,,
25827,144976,3.0,EMEA,,
25827,144976,4.0,AP,,
25828,144977,,,,
25848,145028,,,,
26421,146214,1.0,NA,,
26421,146214,2.0,LA,,
26422,146215,1.0,NA,,
26422,146215,2.0,LA,,
26402,146190,2.0,LA,,
26403,146191,2.0,LA,,
26407,146194,,,,
26408,146195,,,,
26409,146196,,,,
26410,146197,,,,
26411,146198,,,,
26412,146199,,,,
26413,146201,,,,
26415,146203,,,,
26417,146209,,,,
26418,146210,,,,
26449,146244,,,,
26450,146245,,,,
26451,146246,,,,
26452,146247,,,,
26453,146248,,,,
26454,146249,,,,
26455,146250,1.0,NA,,
26455,146250,2.0,LA,,
26455,146250,3.0,EMEA,23.0,Adapazari
26455,146250,4.0,AP,,
26455,146250,1.0,NA,,
26455,146250,2.0,LA,,
26455,146250,3.0,EMEA,25.0,Izmit
26455,146250,4.0,AP,,
26481,146300,,,,
26488,146310,3.0,EMEA,,
26529,146355,,,,
24371,139538,,,,
24465,140393,1.0,NA,,
24551,140957,1.0,NA,,
24591,141147,1.0,NA,,
24591,141147,2.0,LA,,
24591,141147,3.0,EMEA,,
24591,141147,4.0,AP,,
24592,141148,1.0,NA,,
24592,141148,2.0,LA,,
24592,141148,3.0,EMEA,,
24592,141148,4.0,AP,,
24593,141149,1.0,NA,,
24593,141149,2.0,LA,,
24593,141149,3.0,EMEA,,
24593,141149,4.0,AP,,
24594,141150,1.0,NA,,
24594,141150,2.0,LA,,
24594,141150,3.0,EMEA,,
24594,141150,4.0,AP,,
24740,141667,4.0,AP,37.0,Malaysia
24740,141667,4.0,AP,40.0,Thailand
24740,141667,4.0,AP,42.0,Nippon Giant
24740,141667,4.0,AP,45.0,Ballabgarh
24740,141667,4.0,AP,46.0,Aurangabad
24740,141667,4.0,AP,47.0,Indonesia
24766,141743,3.0,EMEA,23.0,Adapazari
24766,141743,3.0,EMEA,25.0,Izmit
24766,141743,3.0,EMEA,27.0,South Africa
24766,141743,3.0,EMEA,346.0,Melksham
24766,141743,3.0,EMEA,360.0,Krusevac
24781,141800,1.0,NA,,
24783,141802,1.0,NA,,
24784,141803,1.0,NA,,
24785,141804,1.0,NA,,
25081,142909,3.0,EMEA,,
25125,143045,4.0,AP,,
25128,143052,1.0,NA,,
25128,143052,4.0,AP,,
25147,143089,3.0,EMEA,,
25247,143342,1.0,NA,,
25247,143342,2.0,LA,,
25559,144246,,,,
25560,144247,,,,
25807,144935,1.0,NA,,
25807,144935,2.0,LA,,
25807,144935,3.0,EMEA,,
25807,144935,4.0,AP,,
25897,145164,1.0,NA,1.0,Danville
25897,145164,2.0,LA,,
25897,145164,3.0,EMEA,,
25897,145164,4.0,AP,,
25897,145164,1.0,NA,3.0,Topeka
25897,145164,2.0,LA,,
25897,145164,3.0,EMEA,,
25897,145164,4.0,AP,,
25897,145164,1.0,NA,5.0,Fayetteville
25897,145164,2.0,LA,,
25897,145164,3.0,EMEA,,
25897,145164,4.0,AP,,
25897,145164,1.0,NA,8.0,Lawton
25897,145164,2.0,LA,,
25897,145164,3.0,EMEA,,
25897,145164,4.0,AP,,
25897,145164,1.0,NA,11.0,Valleyfield
25897,145164,2.0,LA,,
25897,145164,3.0,EMEA,,
25897,145164,4.0,AP,,
25897,145164,1.0,NA,13.0,Social Circle
25897,145164,2.0,LA,,
25897,145164,3.0,EMEA,,
25897,145164,4.0,AP,,
25897,145164,1.0,NA,14.0,ICM*A
25897,145164,2.0,LA,,
25897,145164,3.0,EMEA,,
25897,145164,4.0,AP,,
25897,145164,1.0,NA,,
25897,145164,2.0,LA,,
25897,145164,3.0,EMEA,18.0,Debica
25897,145164,4.0,AP,,
25897,145164,1.0,NA,,
25897,145164,2.0,LA,,
25897,145164,3.0,EMEA,19.0,Philippsburg
25897,145164,4.0,AP,,
25897,145164,1.0,NA,,
25897,145164,2.0,LA,,
25897,145164,3.0,EMEA,21.0,Luxembourg
25897,145164,4.0,AP,,
25897,145164,1.0,NA,,
25897,145164,2.0,LA,,
25897,145164,3.0,EMEA,23.0,Adapazari
25897,145164,4.0,AP,,
25897,145164,1.0,NA,,
25897,145164,2.0,LA,,
25897,145164,3.0,EMEA,24.0,Sava
25897,145164,4.0,AP,,
25897,145164,1.0,NA,,
25897,145164,2.0,LA,,
25897,145164,3.0,EMEA,25.0,Izmit
25897,145164,4.0,AP,,
25897,145164,1.0,NA,,
25897,145164,2.0,LA,,
25897,145164,3.0,EMEA,26.0,Fulda
25897,145164,4.0,AP,,
25897,145164,1.0,NA,,
25897,145164,2.0,LA,,
25897,145164,3.0,EMEA,27.0,South Africa
25897,145164,4.0,AP,,
25897,145164,1.0,NA,,
25897,145164,2.0,LA,,
25897,145164,3.0,EMEA,,
25897,145164,4.0,AP,37.0,Malaysia
25897,145164,1.0,NA,,
25897,145164,2.0,LA,,
25897,145164,3.0,EMEA,,
25897,145164,4.0,AP,42.0,Nippon Giant
25897,145164,1.0,NA,,
25897,145164,2.0,LA,,
25897,145164,3.0,EMEA,48.0,Amiens South
25897,145164,4.0,AP,,
25897,145164,1.0,NA,,
25897,145164,2.0,LA,,
25897,145164,3.0,EMEA,49.0,Montlucon
25897,145164,4.0,AP,,
25897,145164,1.0,NA,,
25897,145164,2.0,LA,,
25897,145164,3.0,EMEA,50.0,Hanau
25897,145164,4.0,AP,,
25897,145164,1.0,NA,,
25897,145164,2.0,LA,,
25897,145164,3.0,EMEA,51.0,Wittlich
25897,145164,4.0,AP,,
25897,145164,1.0,NA,,
25897,145164,2.0,LA,,
25897,145164,3.0,EMEA,52.0,Fuerstenwalde
25897,145164,4.0,AP,,
25897,145164,1.0,NA,,
25897,145164,2.0,LA,,
25897,145164,3.0,EMEA,53.0,Riesa
25897,145164,4.0,AP,,
25897,145164,1.0,NA,120.0,NA-LA-AP Except AIRCRAFT
25897,145164,2.0,LA,,
25897,145164,3.0,EMEA,,
25897,145164,4.0,AP,,
25897,145164,1.0,NA,140.0,Other
25897,145164,2.0,LA,,
25897,145164,3.0,EMEA,,
25897,145164,4.0,AP,,
25897,145164,1.0,NA,,
25897,145164,2.0,LA,,
25897,145164,3.0,EMEA,180.0,Polymer-Technik Elbe GmbH
25897,145164,4.0,AP,,
25897,145164,1.0,NA,,
25897,145164,2.0,LA,,
25897,145164,3.0,EMEA,200.0,ICM*L
25897,145164,4.0,AP,,
25897,145164,1.0,NA,,
25897,145164,2.0,LA,,
25897,145164,3.0,EMEA,220.0,RCCE
25897,145164,4.0,AP,,
25897,145164,1.0,NA,,
25897,145164,2.0,LA,,
25897,145164,3.0,EMEA,260.0,Conbelts Bytom-SAEU
25897,145164,4.0,AP,,
25897,145164,1.0,NA,,
25897,145164,2.0,LA,,
25897,145164,3.0,EMEA,261.0,DRC Kauucuk
25897,145164,4.0,AP,,
25897,145164,1.0,NA,,
25897,145164,2.0,LA,,
25897,145164,3.0,EMEA,262.0,Empresa Industrial de Borracha SA-EIB
25897,145164,4.0,AP,,
25897,145164,1.0,NA,,
25897,145164,2.0,LA,,
25897,145164,3.0,EMEA,263.0,FTT Stomil Wolbrom SA
25897,145164,4.0,AP,,
25897,145164,1.0,NA,,
25897,145164,2.0,LA,,
25897,145164,3.0,EMEA,264.0,Geyer and Hosaja-Zak-ADY Gumowe w Mielcu-Sp. Zo.o
25897,145164,4.0,AP,,
25897,145164,1.0,NA,,
25897,145164,2.0,LA,,
25897,145164,3.0,EMEA,265.0,Hexpol - Berwin
25897,145164,4.0,AP,,
25897,145164,1.0,NA,,
25897,145164,2.0,LA,,
25897,145164,3.0,EMEA,266.0,Kabat Tyre
25897,145164,4.0,AP,,
25897,145164,1.0,NA,,
25897,145164,2.0,LA,,
25897,145164,3.0,EMEA,267.0,Kolsan
25897,145164,4.0,AP,,
25897,145164,1.0,NA,,
25897,145164,2.0,LA,,
25897,145164,3.0,EMEA,268.0,Kraiburg Austria GmbH and Co. KG
25897,145164,4.0,AP,,
25897,145164,1.0,NA,,
25897,145164,2.0,LA,,
25897,145164,3.0,EMEA,269.0,Marangoni S.p.A Rovereto
25897,145164,4.0,AP,,
25897,145164,1.0,NA,,
25897,145164,2.0,LA,,
25897,145164,3.0,EMEA,270.0,Marangoni S.p.A Hamburg
25897,145164,4.0,AP,,
25897,145164,1.0,NA,,
25897,145164,2.0,LA,,
25897,145164,3.0,EMEA,271.0,Matrax s.r.o.
25897,145164,4.0,AP,,
25897,145164,1.0,NA,,
25897,145164,2.0,LA,,
25897,145164,3.0,EMEA,272.0,Multiblend
25897,145164,4.0,AP,,
25897,145164,1.0,NA,,
25897,145164,2.0,LA,,
25897,145164,3.0,EMEA,273.0,Omya Uk Limited-Masterbatches
25897,145164,4.0,AP,,
25897,145164,1.0,NA,,
25897,145164,2.0,LA,,
25897,145164,3.0,EMEA,274.0,Ozka Lastik ve Kaucuk Inc.
25897,145164,4.0,AP,,
25897,145164,1.0,NA,,
25897,145164,2.0,LA,,
25897,145164,3.0,EMEA,275.0,Peintures Robin S.A-Paints /Cements
25897,145164,4.0,AP,,
25897,145164,1.0,NA,,
25897,145164,2.0,LA,,
25897,145164,3.0,EMEA,276.0,Phoenix Compound Technology Hamburg
25897,145164,4.0,AP,,
25897,145164,1.0,NA,,
25897,145164,2.0,LA,,
25897,145164,3.0,EMEA,277.0,Phoenix Compound Technology Waltershausen
25897,145164,4.0,AP,,
25897,145164,1.0,NA,,
25897,145164,2.0,LA,,
25897,145164,3.0,EMEA,279.0,ProPS s.r.o.
25897,145164,4.0,AP,,
25897,145164,1.0,NA,,
25897,145164,2.0,LA,,
25897,145164,3.0,EMEA,280.0,S and N Rubber¿
25897,145164,4.0,AP,,
25897,145164,1.0,NA,,
25897,145164,2.0,LA,,
25897,145164,3.0,EMEA,281.0,Socamont-S.A.
25897,145164,4.0,AP,,
25897,145164,1.0,NA,,
25897,145164,2.0,LA,,
25897,145164,3.0,EMEA,282.0,Stomil Poznan
25897,145164,4.0,AP,,
25897,145164,1.0,NA,,
25897,145164,2.0,LA,,
25897,145164,3.0,EMEA,283.0,Tecnogum
25897,145164,4.0,AP,,
25897,145164,1.0,NA,,
25897,145164,2.0,LA,,
25897,145164,3.0,EMEA,284.0,Vil Kaucuk San.ve Tic. Ltd Sti
25897,145164,4.0,AP,,
25897,145164,1.0,NA,,
25897,145164,2.0,LA,,
25897,145164,3.0,EMEA,285.0,Zaklady Chemiczne BOCHEM Sp. z o.o
25897,145164,4.0,AP,,
25897,145164,1.0,NA,300.0,Kingman
25897,145164,2.0,LA,,
25897,145164,3.0,EMEA,,
25897,145164,4.0,AP,,
25897,145164,1.0,NA,301.0,Stockbridge
25897,145164,2.0,LA,,
25897,145164,3.0,EMEA,,
25897,145164,4.0,AP,,
25897,145164,1.0,NA,,
25897,145164,2.0,LA,,
25897,145164,3.0,EMEA,320.0,Dudelange
25897,145164,4.0,AP,,
25897,145164,1.0,NA,340.0,Clarksdale
25897,145164,2.0,LA,,
25897,145164,3.0,EMEA,,
25897,145164,4.0,AP,,
25897,145164,1.0,NA,341.0,Findlay
25897,145164,2.0,LA,,
25897,145164,3.0,EMEA,,
25897,145164,4.0,AP,,
25897,145164,1.0,NA,342.0,Texarkana
25897,145164,2.0,LA,,
25897,145164,3.0,EMEA,,
25897,145164,4.0,AP,,
25897,145164,1.0,NA,343.0,Tupelo
25897,145164,2.0,LA,,
25897,145164,3.0,EMEA,,
25897,145164,4.0,AP,,
25897,145164,1.0,NA,344.0,Tall Timbers
25897,145164,2.0,LA,,
25897,145164,3.0,EMEA,,
25897,145164,4.0,AP,,
25897,145164,1.0,NA,,
25897,145164,2.0,LA,,
25897,145164,3.0,EMEA,346.0,Melksham
25897,145164,4.0,AP,,
25897,145164,1.0,NA,,
25897,145164,2.0,LA,,
25897,145164,3.0,EMEA,360.0,Krusevac
25897,145164,4.0,AP,,
25899,145165,,,,
26009,145450,1.0,NA,,
26010,145451,1.0,NA,,
26011,145452,1.0,NA,,
26012,145453,1.0,NA,,
26013,145454,1.0,NA,,
26207,145866,1.0,NA,,
26335,146096,,,,
26339,146104,,,,
26633,146491,1.0,NA,,
26633,146491,2.0,LA,,
26633,146491,3.0,EMEA,23.0,Adapazari
26633,146491,4.0,AP,,
26633,146491,1.0,NA,,
26633,146491,2.0,LA,,
26633,146491,3.0,EMEA,25.0,Izmit
26633,146491,4.0,AP,,
26633,146491,1.0,NA,,
26633,146491,2.0,LA,,
26633,146491,3.0,EMEA,,
26633,146491,4.0,AP,42.0,Nippon Giant
26094,145636,,,,
26095,145637,,,,
26096,145638,,,,
26127,145698,,,,
26128,145699,,,,
26135,145706,1.0,NA,,
26136,145707,1.0,NA,,
26137,145708,1.0,NA,,
26237,145926,1.0,NA,,
26238,145927,1.0,NA,,
26239,145928,1.0,NA,,
26240,145929,1.0,NA,,
26241,145930,1.0,NA,,
26242,145931,1.0,NA,,
26243,145935,3.0,EMEA,,
26265,145963,,,,
26266,145964,,,,
26267,145965,,,,
26268,145966,,,,
26285,146017,1.0,NA,,
26285,146017,2.0,LA,,
26311,146058,,,,
26312,146059,,,,
26314,146064,1.0,NA,,
26314,146064,2.0,LA,,
26314,146064,3.0,EMEA,23.0,Adapazari
26314,146064,4.0,AP,,
26314,146064,1.0,NA,,
26314,146064,2.0,LA,,
26314,146064,3.0,EMEA,25.0,Izmit
26314,146064,4.0,AP,,
26314,146064,1.0,NA,,
26314,146064,2.0,LA,,
26314,146064,3.0,EMEA,,
26314,146064,4.0,AP,42.0,Nippon Giant
26315,146065,,,,
26316,146066,,,,
26317,146069,3.0,EMEA,,
24145,137571,1.0,NA,,
24146,137572,1.0,NA,,
24153,137656,,,,
24637,141422,1.0,NA,,
24637,141422,3.0,EMEA,,
25633,144534,1.0,NA,,
25633,144534,2.0,LA,,
25633,144534,3.0,EMEA,,
25633,144534,4.0,AP,,
25639,144561,,,,
25993,145409,,,,
25994,145410,,,,
25995,145411,,,,
25996,145412,,,,
26423,146216,1.0,NA,,
26423,146216,2.0,LA,,
26424,146217,1.0,NA,,
26424,146217,2.0,LA,,
26425,146218,1.0,NA,,
26425,146218,2.0,LA,,
26559,146397,,,,
26560,146398,,,,
26561,146399,,,,
26562,146400,,,,
26563,146401,,,,
26581,146417,1.0,NA,,
26581,146417,2.0,LA,,
26581,146417,3.0,EMEA,,
26581,146417,4.0,AP,,
26582,146418,1.0,NA,,
26582,146418,2.0,LA,,
26582,146418,3.0,EMEA,,
26582,146418,4.0,AP,,
26583,146419,1.0,NA,,
26583,146419,2.0,LA,,
26583,146419,4.0,AP,,
26531,146361,2.0,LA,,
26532,146362,2.0,LA,,
26533,146363,2.0,LA,,
26534,146364,2.0,LA,,
26535,146365,2.0,LA,,
26536,146366,2.0,LA,,
26549,146381,1.0,NA,,
26550,146382,1.0,NA,,
26551,146383,1.0,NA,,
26552,146384,1.0,NA,,
26555,146386,,,,
26556,146389,1.0,NA,,
26556,146389,2.0,LA,,
26556,146389,4.0,AP,42.0,Nippon Giant
26617,146475,,,,
26623,146482,1.0,NA,,
26624,146483,1.0,NA,,
26626,146485,1.0,NA,,
26627,146486,1.0,NA,,
26627,146486,2.0,LA,,
26627,146486,3.0,EMEA,,
26627,146486,4.0,AP,,
26629,146487,,,,
24958,142514,1.0,NA,,
24959,142515,1.0,NA,,
25215,143266,,,,
25229,143308,,,,
25230,143309,,,,
25231,143315,,,,
25239,143329,,,,
25240,143332,,,,
25241,143335,,,,
25711,144723,,,,
25712,144724,,,,
26227,145901,1.0,NA,,
26257,145952,1.0,NA,,
26257,145952,2.0,LA,,
26257,145952,3.0,EMEA,,
26257,145952,4.0,AP,,
26319,146072,1.0,NA,,
26319,146072,2.0,LA,,
26319,146072,3.0,EMEA,23.0,Adapazari
26319,146072,4.0,AP,,
26319,146072,1.0,NA,,
26319,146072,2.0,LA,,
26319,146072,3.0,EMEA,25.0,Izmit
26319,146072,4.0,AP,,
26319,146072,1.0,NA,,
26319,146072,2.0,LA,,
26319,146072,3.0,EMEA,27.0,South Africa
26319,146072,4.0,AP,,
26319,146072,1.0,NA,,
26319,146072,2.0,LA,,
26319,146072,3.0,EMEA,346.0,Melksham
26319,146072,4.0,AP,,
26319,146072,1.0,NA,,
26319,146072,2.0,LA,,
26319,146072,3.0,EMEA,360.0,Krusevac
26319,146072,4.0,AP,,
26323,146078,1.0,NA,,
26357,146128,3.0,EMEA,,
26358,146129,3.0,EMEA,,
26489,146313,4.0,AP,,
26565,146403,1.0,NA,,
26565,146403,2.0,LA,,
26565,146403,3.0,EMEA,,
26565,146403,4.0,AP,,
26593,146440,,,,
26594,146441,3.0,EMEA,,
26611,146470,,,,
26612,146471,,,,
26622,146480,1.0,NA,,
26643,146502,,,,
26646,146505,,,,
26648,146507,,,,
24175,137982,1.0,NA,,
24175,137982,2.0,LA,,
24175,137982,3.0,EMEA,,
24175,137982,4.0,AP,,
24353,139430,1.0,NA,,
24353,139430,2.0,LA,,
24353,139430,3.0,EMEA,,
24353,139430,4.0,AP,40.0,Thailand
24353,139430,1.0,NA,,
24353,139430,2.0,LA,,
24353,139430,3.0,EMEA,,
24353,139430,4.0,AP,47.0,Indonesia
24638,141423,1.0,NA,,
24638,141423,3.0,EMEA,,
24640,141426,,,,
24733,141652,4.0,AP,,
24786,141805,1.0,NA,,
24787,141806,1.0,NA,,
24948,142422,4.0,AP,,
25007,142679,1.0,NA,,
25091,142943,,,,
25092,142944,,,,
25093,142945,,,,
25743,144785,1.0,NA,,
25745,144791,1.0,NA,,
25745,144791,2.0,LA,,
25745,144791,3.0,EMEA,,
25745,144791,4.0,AP,,
26113,145674,2.0,LA,,
26114,145675,3.0,EMEA,,
26115,145678,,,,
26116,145679,,,,
26131,145703,1.0,NA,9.0,Medicine Hat
26131,145703,2.0,LA,,
26131,145703,3.0,EMEA,,
26131,145703,4.0,AP,,
26131,145703,1.0,NA,10.0,Napanee
26131,145703,2.0,LA,,
26131,145703,3.0,EMEA,,
26131,145703,4.0,AP,,
26131,145703,1.0,NA,11.0,Valleyfield
26131,145703,2.0,LA,,
26131,145703,3.0,EMEA,,
26131,145703,4.0,AP,,
26131,145703,1.0,NA,,
26131,145703,2.0,LA,,
26131,145703,3.0,EMEA,23.0,Adapazari
26131,145703,4.0,AP,,
26131,145703,1.0,NA,,
26131,145703,2.0,LA,,
26131,145703,3.0,EMEA,25.0,Izmit
26131,145703,4.0,AP,,
26131,145703,1.0,NA,,
26131,145703,2.0,LA,,
26131,145703,3.0,EMEA,,
26131,145703,4.0,AP,42.0,Nippon Giant
26131,145703,1.0,NA,,
26131,145703,2.0,LA,,
26131,145703,3.0,EMEA,346.0,Melksham
26131,145703,4.0,AP,,
26273,145989,1.0,NA,9.0,Medicine Hat
26273,145989,2.0,LA,,
26273,145989,3.0,EMEA,,
26273,145989,4.0,AP,,
26273,145989,1.0,NA,10.0,Napanee
26273,145989,2.0,LA,,
26273,145989,3.0,EMEA,,
26273,145989,4.0,AP,,
26273,145989,1.0,NA,11.0,Valleyfield
26273,145989,2.0,LA,,
26273,145989,3.0,EMEA,,
26273,145989,4.0,AP,,
26273,145989,1.0,NA,,
26273,145989,2.0,LA,,
26273,145989,3.0,EMEA,23.0,Adapazari
26273,145989,4.0,AP,,
26273,145989,1.0,NA,,
26273,145989,2.0,LA,,
26273,145989,3.0,EMEA,25.0,Izmit
26273,145989,4.0,AP,,
26273,145989,1.0,NA,,
26273,145989,2.0,LA,,
26273,145989,3.0,EMEA,,
26273,145989,4.0,AP,42.0,Nippon Giant
26273,145989,1.0,NA,,
26273,145989,2.0,LA,,
26273,145989,3.0,EMEA,346.0,Melksham
26273,145989,4.0,AP,,
26584,146420,,,,
26585,146421,,,,
26586,146426,,,,
24186,138058,1.0,NA,,
24257,138751,,,,
24258,138752,,,,
24403,139882,1.0,NA,,
24440,140135,4.0,AP,,
24491,140716,1.0,NA,,
24491,140716,2.0,LA,,
24491,140716,3.0,EMEA,,
24491,140716,4.0,AP,,
24492,140717,1.0,NA,,
24492,140717,2.0,LA,,
24492,140717,3.0,EMEA,,
24492,140717,4.0,AP,,
24493,140718,1.0,NA,,
24493,140718,2.0,LA,,
24493,140718,3.0,EMEA,,
24493,140718,4.0,AP,,
24494,140719,1.0,NA,,
24494,140719,2.0,LA,,
24494,140719,3.0,EMEA,,
24494,140719,4.0,AP,,
24495,140720,1.0,NA,,
24495,140720,2.0,LA,,
24495,140720,3.0,EMEA,,
24495,140720,4.0,AP,,
24496,140721,1.0,NA,,
24496,140721,2.0,LA,,
24496,140721,3.0,EMEA,,
24496,140721,4.0,AP,,
24497,140722,1.0,NA,,
24497,140722,2.0,LA,,
24497,140722,3.0,EMEA,,
24497,140722,4.0,AP,,
24498,140723,1.0,NA,,
24498,140723,2.0,LA,,
24498,140723,3.0,EMEA,,
24498,140723,4.0,AP,,
24499,140724,1.0,NA,,
24500,140725,1.0,NA,,
24501,140726,1.0,NA,,
24502,140727,1.0,NA,,
24503,140728,1.0,NA,,
24504,140729,1.0,NA,,
24505,140730,1.0,NA,,
24506,140731,1.0,NA,,
24507,140732,1.0,NA,,
24508,140733,1.0,NA,,
24509,140734,1.0,NA,,
24510,140735,1.0,NA,,
24727,141627,1.0,NA,,
24748,141695,1.0,NA,,
24749,141696,1.0,NA,,
24750,141697,1.0,NA,,
24751,141698,1.0,NA,,
24752,141699,1.0,NA,,
24753,141700,1.0,NA,,
24754,141701,1.0,NA,,
24768,141748,1.0,NA,,
24793,141868,3.0,EMEA,23.0,Adapazari
24793,141868,3.0,EMEA,25.0,Izmit
24793,141868,3.0,EMEA,346.0,Melksham
24793,141868,3.0,EMEA,360.0,Krusevac
24820,141934,1.0,NA,,
24820,141934,2.0,LA,,
24820,141934,3.0,EMEA,,
24820,141934,4.0,AP,,
24241,138620,1.0,NA,,
24241,138620,2.0,LA,,
24241,138620,3.0,EMEA,,
24241,138620,4.0,AP,,
24242,138621,1.0,NA,,
24242,138621,2.0,LA,,
24242,138621,3.0,EMEA,,
24242,138621,4.0,AP,,
24312,139105,1.0,NA,,
24312,139105,2.0,LA,,
24312,139105,3.0,EMEA,,
24312,139105,4.0,AP,,
24317,139132,,,,
24366,139491,,,,
24531,140835,3.0,EMEA,,
24795,141869,,,,
24839,141999,1.0,NA,,
24841,142001,1.0,NA,,
24842,142002,1.0,NA,,
24843,142003,1.0,NA,,
24861,142095,1.0,NA,,
24861,142095,4.0,AP,,
25209,143260,3.0,EMEA,19.0,Philippsburg
25209,143260,3.0,EMEA,21.0,Luxembourg
25209,143260,3.0,EMEA,23.0,Adapazari
25209,143260,3.0,EMEA,24.0,Sava
25209,143260,3.0,EMEA,25.0,Izmit
25209,143260,3.0,EMEA,26.0,Fulda
25209,143260,3.0,EMEA,27.0,South Africa
25209,143260,3.0,EMEA,48.0,Amiens South
25209,143260,3.0,EMEA,49.0,Montlucon
25209,143260,3.0,EMEA,50.0,Hanau
25209,143260,3.0,EMEA,51.0,Wittlich
25209,143260,3.0,EMEA,52.0,Fuerstenwalde
25209,143260,3.0,EMEA,53.0,Riesa
25209,143260,3.0,EMEA,180.0,Polymer-Technik Elbe GmbH
25209,143260,3.0,EMEA,200.0,ICM*L
25209,143260,3.0,EMEA,220.0,RCCE
25209,143260,3.0,EMEA,260.0,Conbelts Bytom-SAEU
25209,143260,3.0,EMEA,261.0,DRC Kauucuk
25209,143260,3.0,EMEA,262.0,Empresa Industrial de Borracha SA-EIB
25209,143260,3.0,EMEA,263.0,FTT Stomil Wolbrom SA
25209,143260,3.0,EMEA,264.0,Geyer and Hosaja-Zak-ADY Gumowe w Mielcu-Sp. Zo.o
25209,143260,3.0,EMEA,265.0,Hexpol - Berwin
25209,143260,3.0,EMEA,266.0,Kabat Tyre
25209,143260,3.0,EMEA,267.0,Kolsan
25209,143260,3.0,EMEA,268.0,Kraiburg Austria GmbH and Co. KG
25209,143260,3.0,EMEA,269.0,Marangoni S.p.A Rovereto
25209,143260,3.0,EMEA,270.0,Marangoni S.p.A Hamburg
25209,143260,3.0,EMEA,271.0,Matrax s.r.o.
25209,143260,3.0,EMEA,272.0,Multiblend
25209,143260,3.0,EMEA,273.0,Omya Uk Limited-Masterbatches
25209,143260,3.0,EMEA,274.0,Ozka Lastik ve Kaucuk Inc.
25209,143260,3.0,EMEA,275.0,Peintures Robin S.A-Paints /Cements
25209,143260,3.0,EMEA,276.0,Phoenix Compound Technology Hamburg
25209,143260,3.0,EMEA,277.0,Phoenix Compound Technology Waltershausen
25209,143260,3.0,EMEA,279.0,ProPS s.r.o.
25209,143260,3.0,EMEA,280.0,S and N Rubber¿
25209,143260,3.0,EMEA,281.0,Socamont-S.A.
25209,143260,3.0,EMEA,282.0,Stomil Poznan
25209,143260,3.0,EMEA,283.0,Tecnogum
25209,143260,3.0,EMEA,284.0,Vil Kaucuk San.ve Tic. Ltd Sti
25209,143260,3.0,EMEA,285.0,Zaklady Chemiczne BOCHEM Sp. z o.o
25209,143260,3.0,EMEA,320.0,Dudelange
25209,143260,3.0,EMEA,346.0,Melksham
25209,143260,3.0,EMEA,360.0,Krusevac
25361,143610,1.0,NA,,
25361,143610,2.0,LA,,
25361,143610,3.0,EMEA,,
25361,143610,4.0,AP,,
25363,143613,1.0,NA,,
25364,143615,1.0,NA,,
25558,144239,1.0,NA,,
25845,145025,,,,
25846,145026,,,,
25847,145027,,,,
25860,145052,,,,
26005,145439,4.0,AP,,
26007,145448,4.0,AP,42.0,Nippon Giant
26039,145541,,,,
26040,145542,,,,
24198,138137,3.0,EMEA,,
24199,138139,3.0,EMEA,,
24289,138972,1.0,NA,,
24405,139905,3.0,EMEA,,
24406,139907,3.0,EMEA,,
24417,139965,3.0,EMEA,,
24536,140889,1.0,NA,,
24536,140889,2.0,LA,,
24536,140889,3.0,EMEA,,
24536,140889,4.0,AP,,
24761,141722,,,,
24791,141835,,,,
24821,141935,1.0,NA,,
24821,141935,2.0,LA,,
24821,141935,3.0,EMEA,,
24821,141935,4.0,AP,,
24822,141936,1.0,NA,,
24822,141936,2.0,LA,,
24822,141936,3.0,EMEA,,
24822,141936,4.0,AP,,
24909,142298,1.0,NA,,
24909,142298,2.0,LA,,
24909,142298,3.0,EMEA,,
24909,142298,4.0,AP,,
24988,142616,1.0,NA,,
24988,142616,2.0,LA,,
24988,142616,3.0,EMEA,23.0,Adapazari
24988,142616,4.0,AP,,
24988,142616,1.0,NA,,
24988,142616,2.0,LA,,
24988,142616,3.0,EMEA,25.0,Izmit
24988,142616,4.0,AP,,
24988,142616,1.0,NA,,
24988,142616,2.0,LA,,
24988,142616,3.0,EMEA,346.0,Melksham
24988,142616,4.0,AP,,
25016,142714,1.0,NA,,
25016,142714,2.0,LA,,
25053,142814,1.0,NA,,
25054,142815,1.0,NA,,
25055,142816,1.0,NA,,
25056,142817,1.0,NA,,
25057,142818,1.0,NA,,
25058,142819,1.0,NA,,
25312,143472,1.0,NA,,
24260,138783,1.0,NA,,
24260,138783,2.0,LA,,
24260,138783,3.0,EMEA,,
24260,138783,4.0,AP,,
24261,138784,1.0,NA,,
24261,138784,2.0,LA,,
24261,138784,3.0,EMEA,,
24261,138784,4.0,AP,,
24262,138785,1.0,NA,,
24262,138785,2.0,LA,,
24262,138785,3.0,EMEA,,
24262,138785,4.0,AP,,
24263,138786,,,,
24265,138815,3.0,EMEA,,
24267,138817,3.0,EMEA,,
24268,138818,3.0,EMEA,,
24611,141244,1.0,NA,,
24797,141876,3.0,EMEA,,
24885,142205,1.0,NA,,
24885,142205,2.0,LA,,
24885,142205,3.0,EMEA,23.0,Adapazari
24885,142205,4.0,AP,,
24885,142205,1.0,NA,,
24885,142205,2.0,LA,,
24885,142205,3.0,EMEA,25.0,Izmit
24885,142205,4.0,AP,,
24885,142205,1.0,NA,,
24885,142205,2.0,LA,,
24885,142205,3.0,EMEA,346.0,Melksham
24885,142205,4.0,AP,,
24905,142272,1.0,NA,1.0,Danville
24905,142272,4.0,AP,,
24905,142272,1.0,NA,3.0,Topeka
24905,142272,4.0,AP,,
24905,142272,1.0,NA,5.0,Fayetteville
24905,142272,4.0,AP,,
24905,142272,1.0,NA,8.0,Lawton
24905,142272,4.0,AP,,
24905,142272,1.0,NA,9.0,Medicine Hat
24905,142272,4.0,AP,,
24905,142272,1.0,NA,10.0,Napanee
24905,142272,4.0,AP,,
24905,142272,1.0,NA,11.0,Valleyfield
24905,142272,4.0,AP,,
24905,142272,1.0,NA,13.0,Social Circle
24905,142272,4.0,AP,,
24905,142272,1.0,NA,14.0,ICM*A
24905,142272,4.0,AP,,
24905,142272,1.0,NA,32.0,Chile
24905,142272,4.0,AP,,
24905,142272,1.0,NA,,
24905,142272,4.0,AP,37.0,Malaysia
24905,142272,1.0,NA,,
24905,142272,4.0,AP,40.0,Thailand
24905,142272,1.0,NA,,
24905,142272,4.0,AP,42.0,Nippon Giant
24905,142272,1.0,NA,,
24905,142272,4.0,AP,45.0,Ballabgarh
24905,142272,1.0,NA,,
24905,142272,4.0,AP,46.0,Aurangabad
24905,142272,1.0,NA,,
24905,142272,4.0,AP,47.0,Indonesia
24905,142272,1.0,NA,55.0,Chem Bayport
24905,142272,4.0,AP,,
24905,142272,1.0,NA,56.0,Chem Beaumont
24905,142272,4.0,AP,,
24905,142272,1.0,NA,57.0,Chem Houston
24905,142272,4.0,AP,,
24905,142272,1.0,NA,58.0,Chem Niagara Falls
24905,142272,4.0,AP,,
24905,142272,1.0,NA,,
24905,142272,4.0,AP,100.0,Pulandian
24905,142272,1.0,NA,120.0,NA-LA-AP Except AIRCRAFT
24905,142272,4.0,AP,,
24905,142272,1.0,NA,140.0,Other
24905,142272,4.0,AP,,
24905,142272,1.0,NA,240.0,San Luis Potosi
24905,142272,4.0,AP,,
24905,142272,1.0,NA,300.0,Kingman
24905,142272,4.0,AP,,
24905,142272,1.0,NA,301.0,Stockbridge
24905,142272,4.0,AP,,
24905,142272,1.0,NA,340.0,Clarksdale
24905,142272,4.0,AP,,
24905,142272,1.0,NA,341.0,Findlay
24905,142272,4.0,AP,,
24905,142272,1.0,NA,344.0,Tall Timbers
24905,142272,4.0,AP,,
24905,142272,1.0,NA,,
24905,142272,4.0,AP,348.0,Qingdao
24905,142272,1.0,NA,,
24905,142272,4.0,AP,349.0,Prinx Chengshan
24906,142273,1.0,NA,1.0,Danville
24906,142273,4.0,AP,,
24906,142273,1.0,NA,3.0,Topeka
24906,142273,4.0,AP,,
24906,142273,1.0,NA,5.0,Fayetteville
24906,142273,4.0,AP,,
24906,142273,1.0,NA,8.0,Lawton
24906,142273,4.0,AP,,
24906,142273,1.0,NA,9.0,Medicine Hat
24906,142273,4.0,AP,,
24906,142273,1.0,NA,10.0,Napanee
24906,142273,4.0,AP,,
24906,142273,1.0,NA,11.0,Valleyfield
24906,142273,4.0,AP,,
24906,142273,1.0,NA,13.0,Social Circle
24906,142273,4.0,AP,,
24906,142273,1.0,NA,14.0,ICM*A
24906,142273,4.0,AP,,
24906,142273,1.0,NA,32.0,Chile
24906,142273,4.0,AP,,
24906,142273,1.0,NA,,
24906,142273,4.0,AP,37.0,Malaysia
24906,142273,1.0,NA,,
24906,142273,4.0,AP,40.0,Thailand
24906,142273,1.0,NA,,
24906,142273,4.0,AP,42.0,Nippon Giant
24906,142273,1.0,NA,,
24906,142273,4.0,AP,45.0,Ballabgarh
24906,142273,1.0,NA,,
24906,142273,4.0,AP,46.0,Aurangabad
24906,142273,1.0,NA,,
24906,142273,4.0,AP,47.0,Indonesia
24906,142273,1.0,NA,55.0,Chem Bayport
24906,142273,4.0,AP,,
24906,142273,1.0,NA,56.0,Chem Beaumont
24906,142273,4.0,AP,,
24906,142273,1.0,NA,57.0,Chem Houston
24906,142273,4.0,AP,,
24906,142273,1.0,NA,58.0,Chem Niagara Falls
24906,142273,4.0,AP,,
24906,142273,1.0,NA,,
24906,142273,4.0,AP,100.0,Pulandian
24906,142273,1.0,NA,120.0,NA-LA-AP Except AIRCRAFT
24906,142273,4.0,AP,,
24906,142273,1.0,NA,140.0,Other
24906,142273,4.0,AP,,
24906,142273,1.0,NA,240.0,San Luis Potosi
24906,142273,4.0,AP,,
24906,142273,1.0,NA,300.0,Kingman
24906,142273,4.0,AP,,
24906,142273,1.0,NA,301.0,Stockbridge
24906,142273,4.0,AP,,
24906,142273,1.0,NA,340.0,Clarksdale
24906,142273,4.0,AP,,
24906,142273,1.0,NA,341.0,Findlay
24906,142273,4.0,AP,,
24906,142273,1.0,NA,344.0,Tall Timbers
24906,142273,4.0,AP,,
24906,142273,1.0,NA,,
24906,142273,4.0,AP,348.0,Qingdao
24906,142273,1.0,NA,,
24906,142273,4.0,AP,349.0,Prinx Chengshan
24907,142281,1.0,NA,,
24907,142281,2.0,LA,,
24907,142281,4.0,AP,,
24983,142607,,,,
25101,142970,,,,
25267,143379,,,,
25281,143399,,,,
25469,143959,1.0,NA,,
25577,144308,1.0,NA,,
25577,144308,3.0,EMEA,,
25577,144308,4.0,AP,,
25949,145322,,,,
26041,145543,1.0,NA,,
26041,145543,2.0,LA,,
26041,145543,3.0,EMEA,23.0,Adapazari
26041,145543,4.0,AP,,
26041,145543,5.0,Cooper Americas,,
26041,145543,6.0,Cooper Europe,,
26041,145543,7.0,Cooper Asia,,
26041,145543,1.0,NA,,
26041,145543,2.0,LA,,
26041,145543,3.0,EMEA,25.0,Izmit
26041,145543,4.0,AP,,
26041,145543,5.0,Cooper Americas,,
26041,145543,6.0,Cooper Europe,,
26041,145543,7.0,Cooper Asia,,
26041,145543,1.0,NA,,
26041,145543,2.0,LA,,
26041,145543,3.0,EMEA,346.0,Melksham
26041,145543,4.0,AP,,
26041,145543,5.0,Cooper Americas,,
26041,145543,6.0,Cooper Europe,,
26041,145543,7.0,Cooper Asia,,
26043,145547,,,,
26044,145548,,,,
26078,145608,,,,
26133,145704,1.0,NA,,
26138,145709,1.0,NA,,
26139,145711,1.0,NA,,
26140,145712,1.0,NA,,
26141,145713,1.0,NA,,
26142,145714,1.0,NA,,
26189,145836,1.0,NA,,
26189,145836,2.0,LA,,
26189,145836,3.0,EMEA,,
26189,145836,4.0,AP,,
26457,146253,,,,
26458,146257,,,,
26459,146258,,,,
24209,138296,,,,
24210,138298,1.0,NA,,
24563,140996,1.0,NA,,
24563,140996,2.0,LA,,
24563,140996,3.0,EMEA,346.0,Melksham
24563,140996,4.0,AP,,
24563,140996,1.0,NA,,
24563,140996,2.0,LA,,
24563,140996,3.0,EMEA,360.0,Krusevac
24563,140996,4.0,AP,,
24679,141533,1.0,NA,,
24680,141534,1.0,NA,,
24681,141535,1.0,NA,,
24682,141536,1.0,NA,,
24806,141898,,,,
24807,141899,,,,
25044,142799,1.0,NA,,
25044,142799,2.0,LA,,
25044,142799,3.0,EMEA,,
25044,142799,4.0,AP,,
25044,142799,5.0,Cooper Americas,,
25044,142799,6.0,Cooper Europe,,
25044,142799,7.0,Cooper Asia,,
25397,143739,4.0,AP,,
25398,143740,,,,
25439,143884,3.0,EMEA,,
25440,143885,3.0,EMEA,,
25441,143886,3.0,EMEA,,
25453,143909,,,,
25455,143925,,,,
25456,143926,,,,
25457,143927,,,,
25458,143928,1.0,NA,,
25459,143929,,,,
25460,143930,,,,
25779,144856,1.0,NA,,
25779,144856,2.0,LA,,
25779,144856,3.0,EMEA,23.0,Adapazari
25779,144856,4.0,AP,,
25779,144856,1.0,NA,,
25779,144856,2.0,LA,,
25779,144856,3.0,EMEA,25.0,Izmit
25779,144856,4.0,AP,,
25779,144856,1.0,NA,,
25779,144856,2.0,LA,,
25779,144856,3.0,EMEA,346.0,Melksham
25779,144856,4.0,AP,,
25835,145001,1.0,NA,,
25835,145001,2.0,LA,30.0,Americana
25835,145001,1.0,NA,,
25835,145001,2.0,LA,31.0,Sao Paulo
25835,145001,1.0,NA,32.0,Chile
25835,145001,2.0,LA,,
25835,145001,1.0,NA,,
25835,145001,2.0,LA,33.0,Colombia
25835,145001,1.0,NA,,
25835,145001,2.0,LA,35.0,Peru
25836,145002,,,,
25853,145035,,,,
25863,145074,1.0,NA,,
26512,146336,1.0,NA,,
26512,146336,2.0,LA,,
26512,146336,3.0,EMEA,,
26513,146337,,,,
26514,146338,,,,
24299,139035,,,,
24300,139036,,,,
24301,139037,,,,
24302,139038,,,,
24303,139039,,,,
24304,139040,,,,
24469,140518,1.0,NA,,
24470,140519,1.0,NA,,
24471,140520,1.0,NA,,
24472,140521,1.0,NA,,
24473,140522,1.0,NA,,
24565,141001,1.0,NA,,
24565,141001,2.0,LA,,
24565,141001,3.0,EMEA,23.0,Adapazari
24565,141001,4.0,AP,,
24565,141001,1.0,NA,,
24565,141001,2.0,LA,,
24565,141001,3.0,EMEA,25.0,Izmit
24565,141001,4.0,AP,,
24565,141001,1.0,NA,,
24565,141001,2.0,LA,,
24565,141001,3.0,EMEA,346.0,Melksham
24565,141001,4.0,AP,,
24782,141801,,,,
24801,141880,3.0,EMEA,,
25155,143104,,,,
25437,143870,1.0,NA,,
25625,144470,1.0,NA,,
25625,144470,2.0,LA,,
25656,144596,1.0,NA,,
25773,144837,,,,
25849,145029,,,,
25850,145030,,,,
25851,145031,,,,
25852,145032,,,,
26057,145572,,,,
26058,145573,,,,
26469,146284,,,,
26470,146285,,,,
26471,146286,1.0,NA,,
26471,146286,2.0,LA,,
26471,146286,3.0,EMEA,,
26471,146286,4.0,AP,,
24327,139269,1.0,NA,,
24329,139271,1.0,NA,,
24331,139292,1.0,NA,,
24331,139292,2.0,LA,,
24331,139292,3.0,EMEA,,
24331,139292,4.0,AP,,
24475,140542,4.0,AP,,
24877,142187,1.0,NA,,
24877,142187,2.0,LA,,
24877,142187,3.0,EMEA,,
24877,142187,4.0,AP,,
24878,142188,1.0,NA,,
24878,142188,2.0,LA,,
24878,142188,3.0,EMEA,,
24878,142188,4.0,AP,,
25040,142778,,,,
25067,142838,3.0,EMEA,27.0,South Africa
25067,142838,3.0,EMEA,346.0,Melksham
25067,142838,3.0,EMEA,360.0,Krusevac
25186,143180,1.0,NA,,
25187,143181,1.0,NA,,
25250,143345,1.0,NA,,
25250,143345,2.0,LA,,
25463,143943,1.0,NA,,
25465,143949,,,,
25466,143950,,,,
25467,143951,,,,
25551,144232,1.0,NA,,
25552,144233,1.0,NA,,
25553,144234,1.0,NA,,
25554,144235,1.0,NA,,
25555,144236,1.0,NA,,
25556,144237,1.0,NA,,
25617,144425,1.0,NA,,
25617,144425,2.0,LA,,
25617,144425,3.0,EMEA,,
25617,144425,4.0,AP,,
25724,144742,1.0,NA,,
25725,144743,1.0,NA,,
25726,144744,1.0,NA,,
25797,144910,4.0,AP,,
25798,144911,4.0,AP,,
25799,144912,1.0,NA,,
25799,144912,2.0,LA,,
25799,144912,3.0,EMEA,,
25799,144912,4.0,AP,42.0,Nippon Giant
25801,144920,,,,
25803,144922,,,,
25808,144936,1.0,NA,,
25808,144936,2.0,LA,,
25808,144936,4.0,AP,,
25809,144937,1.0,NA,,
25809,144937,2.0,LA,,
25809,144937,4.0,AP,,
24305,139042,,,,
24393,139630,1.0,NA,,
24393,139630,2.0,LA,,
24393,139630,3.0,EMEA,,
24393,139630,4.0,AP,,
24533,140866,,,,
24663,141489,1.0,NA,,
24664,141490,1.0,NA,,
24743,141683,3.0,EMEA,,
24985,142609,,,,
25447,143896,3.0,EMEA,,
25448,143897,3.0,EMEA,,
25449,143898,3.0,EMEA,,
25571,144298,,,,
25573,144300,,,,
25579,144317,,,,
25580,144318,,,,
25777,144847,3.0,EMEA,,
25800,144913,1.0,NA,,
25800,144913,2.0,LA,,
26059,145574,,,,
26060,145575,,,,
26061,145576,,,,
26062,145577,,,,
26063,145578,,,,
26443,146236,1.0,NA,,
26445,146238,1.0,NA,,
26446,146239,1.0,NA,,
26447,146240,1.0,NA,,
24485,140628,1.0,NA,,
24485,140628,2.0,LA,,
24485,140628,3.0,EMEA,,
24485,140628,4.0,AP,,
24511,140750,1.0,NA,,
24512,140751,1.0,NA,,
24537,140920,4.0,AP,,
24547,140930,,,,
24581,141105,,,,
24582,141106,,,,
24583,141107,,,,
24584,141108,1.0,NA,,
24584,141108,2.0,LA,,
24584,141108,3.0,EMEA,,
24584,141108,4.0,AP,,
24951,142453,,,,
24952,142459,1.0,NA,,
24952,142459,2.0,LA,,
24952,142459,3.0,EMEA,23.0,Adapazari
24952,142459,4.0,AP,,
24952,142459,1.0,NA,,
24952,142459,2.0,LA,,
24952,142459,3.0,EMEA,25.0,Izmit
24952,142459,4.0,AP,,
24952,142459,1.0,NA,,
24952,142459,2.0,LA,,
24952,142459,3.0,EMEA,346.0,Melksham
24952,142459,4.0,AP,,
25233,143316,3.0,EMEA,,
25235,143321,,,,
25236,143322,,,,
25237,143323,,,,
25810,144938,1.0,NA,,
25905,145191,,,,
25925,145249,1.0,NA,,
25925,145249,3.0,EMEA,,
25937,145290,1.0,NA,,
25937,145290,2.0,LA,,
25937,145290,3.0,EMEA,,
25937,145290,4.0,AP,,
25947,145317,,,,
25948,145318,,,,
25957,145339,1.0,NA,,
25997,145416,,,,
24736,141662,4.0,AP,37.0,Malaysia
24736,141662,4.0,AP,40.0,Thailand
24736,141662,4.0,AP,42.0,Nippon Giant
24736,141662,4.0,AP,45.0,Ballabgarh
24736,141662,4.0,AP,46.0,Aurangabad
24736,141662,4.0,AP,47.0,Indonesia
24737,141664,4.0,AP,37.0,Malaysia
24737,141664,4.0,AP,40.0,Thailand
24737,141664,4.0,AP,42.0,Nippon Giant
24737,141664,4.0,AP,45.0,Ballabgarh
24737,141664,4.0,AP,46.0,Aurangabad
24737,141664,4.0,AP,47.0,Indonesia
24739,141666,4.0,AP,37.0,Malaysia
24739,141666,4.0,AP,40.0,Thailand
24739,141666,4.0,AP,42.0,Nippon Giant
24739,141666,4.0,AP,45.0,Ballabgarh
24739,141666,4.0,AP,46.0,Aurangabad
24739,141666,4.0,AP,47.0,Indonesia
24814,141921,1.0,NA,,
24891,142220,1.0,NA,,
24925,142332,1.0,NA,,
24991,142653,,,,
24992,142654,,,,
24993,142655,,,,
24994,142656,,,,
25069,142865,1.0,NA,,
25082,142910,3.0,EMEA,,
25083,142911,3.0,EMEA,,
25084,142912,3.0,EMEA,,
25085,142913,3.0,EMEA,,
25366,143623,,,,
25367,143624,,,,
25369,143636,,,,
25608,144413,3.0,EMEA,,
25609,144414,3.0,EMEA,,
25610,144415,3.0,EMEA,,
25611,144416,3.0,EMEA,,
25927,145251,,,,
26017,145469,,,,
26018,145470,1.0,NA,,
26018,145470,2.0,LA,,
26018,145470,3.0,EMEA,,
26018,145470,4.0,AP,,
26064,145579,,,,
26065,145580,,,,
26066,145581,,,,
24569,141027,1.0,NA,,
24863,142116,1.0,NA,,
24863,142116,2.0,LA,,
24863,142116,3.0,EMEA,,
24863,142116,4.0,AP,,
24903,142270,1.0,NA,,
24903,142270,2.0,LA,,
24903,142270,4.0,AP,,
25256,143357,,,,
25257,143358,,,,
25315,143511,,,,
25372,143657,1.0,NA,,
25373,143658,1.0,NA,,
25374,143659,1.0,NA,,
25375,143660,1.0,NA,,
25376,143661,1.0,NA,,
25861,145072,,,,
25991,145402,,,,
25998,145417,,,,
26221,145890,,,,
26222,145892,,,,
26379,146162,2.0,LA,,
26381,146163,1.0,NA,,
26381,146163,2.0,LA,,
26381,146163,4.0,AP,42.0,Nippon Giant
26547,146377,3.0,EMEA,,
26587,146431,3.0,EMEA,,
26603,146458,1.0,NA,,
26603,146458,2.0,LA,,
26603,146458,3.0,EMEA,,
26603,146458,4.0,AP,,
26428,146220,1.0,NA,,
26428,146220,2.0,LA,,
26428,146220,3.0,EMEA,,
26428,146220,4.0,AP,,
26429,146221,,,,
26430,146222,,,,
24307,139063,1.0,NA,1.0,Danville
24307,139063,2.0,LA,,
24307,139063,4.0,AP,,
24307,139063,1.0,NA,3.0,Topeka
24307,139063,2.0,LA,,
24307,139063,4.0,AP,,
24307,139063,1.0,NA,5.0,Fayetteville
24307,139063,2.0,LA,,
24307,139063,4.0,AP,,
24307,139063,1.0,NA,8.0,Lawton
24307,139063,2.0,LA,,
24307,139063,4.0,AP,,
24307,139063,1.0,NA,13.0,Social Circle
24307,139063,2.0,LA,,
24307,139063,4.0,AP,,
24307,139063,1.0,NA,14.0,ICM*A
24307,139063,2.0,LA,,
24307,139063,4.0,AP,,
24307,139063,1.0,NA,,
24307,139063,2.0,LA,,
24307,139063,4.0,AP,42.0,Nippon Giant
24307,139063,1.0,NA,55.0,Chem Bayport
24307,139063,2.0,LA,,
24307,139063,4.0,AP,,
24307,139063,1.0,NA,56.0,Chem Beaumont
24307,139063,2.0,LA,,
24307,139063,4.0,AP,,
24307,139063,1.0,NA,57.0,Chem Houston
24307,139063,2.0,LA,,
24307,139063,4.0,AP,,
24307,139063,1.0,NA,58.0,Chem Niagara Falls
24307,139063,2.0,LA,,
24307,139063,4.0,AP,,
24307,139063,1.0,NA,300.0,Kingman
24307,139063,2.0,LA,,
24307,139063,4.0,AP,,
24307,139063,1.0,NA,301.0,Stockbridge
24307,139063,2.0,LA,,
24307,139063,4.0,AP,,
24307,139063,1.0,NA,340.0,Clarksdale
24307,139063,2.0,LA,,
24307,139063,4.0,AP,,
24307,139063,1.0,NA,341.0,Findlay
24307,139063,2.0,LA,,
24307,139063,4.0,AP,,
24307,139063,1.0,NA,342.0,Texarkana
24307,139063,2.0,LA,,
24307,139063,4.0,AP,,
24307,139063,1.0,NA,343.0,Tupelo
24307,139063,2.0,LA,,
24307,139063,4.0,AP,,
24307,139063,1.0,NA,344.0,Tall Timbers
24307,139063,2.0,LA,,
24307,139063,4.0,AP,,
24308,139064,1.0,NA,,
24308,139064,3.0,EMEA,23.0,Adapazari
24308,139064,1.0,NA,,
24308,139064,3.0,EMEA,25.0,Izmit
24308,139064,1.0,NA,,
24308,139064,3.0,EMEA,360.0,Krusevac
24310,139070,,,,
24432,140071,1.0,NA,,
24432,140071,2.0,LA,,
24432,140071,3.0,EMEA,,
24432,140071,4.0,AP,,
24433,140072,1.0,NA,,
24433,140072,2.0,LA,,
24433,140072,3.0,EMEA,,
24433,140072,4.0,AP,,
24606,141213,1.0,NA,,
24607,141214,1.0,NA,,
24608,141215,1.0,NA,,
24609,141216,1.0,NA,,
24732,141645,4.0,AP,37.0,Malaysia
24732,141645,4.0,AP,40.0,Thailand
24732,141645,4.0,AP,42.0,Nippon Giant
24732,141645,4.0,AP,45.0,Ballabgarh
24732,141645,4.0,AP,46.0,Aurangabad
24732,141645,4.0,AP,47.0,Indonesia
24847,142024,3.0,EMEA,23.0,Adapazari
24847,142024,3.0,EMEA,25.0,Izmit
24847,142024,3.0,EMEA,346.0,Melksham
24949,142428,3.0,EMEA,23.0,Adapazari
24949,142428,3.0,EMEA,25.0,Izmit
24949,142428,3.0,EMEA,27.0,South Africa
24949,142428,3.0,EMEA,346.0,Melksham
24949,142428,3.0,EMEA,360.0,Krusevac
25562,144249,,,,
25581,144337,,,,
25582,144338,,,,
25583,144339,,,,
25584,144340,,,,
25645,144580,,,,
26083,145617,1.0,NA,,
26084,145618,1.0,NA,,
26085,145619,1.0,NA,,
26097,145641,4.0,AP,,
26117,145680,1.0,NA,,
26117,145680,2.0,LA,,
26117,145680,3.0,EMEA,23.0,Adapazari
26117,145680,4.0,AP,,
26117,145680,1.0,NA,,
26117,145680,2.0,LA,,
26117,145680,3.0,EMEA,25.0,Izmit
26117,145680,4.0,AP,,
26117,145680,1.0,NA,,
26117,145680,2.0,LA,,
26117,145680,3.0,EMEA,,
26117,145680,4.0,AP,42.0,Nippon Giant
26117,145680,1.0,NA,,
26117,145680,2.0,LA,,
26117,145680,3.0,EMEA,346.0,Melksham
26117,145680,4.0,AP,,
26205,145859,1.0,NA,,
26205,145859,2.0,LA,,
26206,145860,1.0,NA,,
26206,145860,2.0,LA,,
26208,145867,1.0,NA,,
26209,145868,4.0,AP,,
26215,145875,,,,
26244,145936,4.0,AP,,
24239,138589,3.0,EMEA,23.0,Adapazari
24239,138589,3.0,EMEA,25.0,Izmit
24240,138590,3.0,EMEA,,
24240,138590,4.0,AP,42.0,Nippon Giant
24240,138590,3.0,EMEA,,
24240,138590,4.0,AP,100.0,Pulandian
24240,138590,3.0,EMEA,360.0,Krusevac
24240,138590,4.0,AP,,
24660,141465,1.0,NA,,
24660,141465,2.0,LA,,
24660,141465,3.0,EMEA,23.0,Adapazari
24660,141465,4.0,AP,,
24660,141465,1.0,NA,,
24660,141465,2.0,LA,,
24660,141465,3.0,EMEA,25.0,Izmit
24660,141465,4.0,AP,,
24660,141465,1.0,NA,,
24660,141465,2.0,LA,,
24660,141465,3.0,EMEA,346.0,Melksham
24660,141465,4.0,AP,,
24661,141466,,,,
25030,142745,1.0,NA,9.0,Medicine Hat
25030,142745,2.0,LA,,
25030,142745,3.0,EMEA,,
25030,142745,4.0,AP,,
25030,142745,1.0,NA,10.0,Napanee
25030,142745,2.0,LA,,
25030,142745,3.0,EMEA,,
25030,142745,4.0,AP,,
25030,142745,1.0,NA,11.0,Valleyfield
25030,142745,2.0,LA,,
25030,142745,3.0,EMEA,,
25030,142745,4.0,AP,,
25030,142745,1.0,NA,,
25030,142745,2.0,LA,,
25030,142745,3.0,EMEA,23.0,Adapazari
25030,142745,4.0,AP,,
25030,142745,1.0,NA,,
25030,142745,2.0,LA,,
25030,142745,3.0,EMEA,25.0,Izmit
25030,142745,4.0,AP,,
25030,142745,1.0,NA,,
25030,142745,2.0,LA,,
25030,142745,3.0,EMEA,,
25030,142745,4.0,AP,42.0,Nippon Giant
25030,142745,1.0,NA,,
25030,142745,2.0,LA,,
25030,142745,3.0,EMEA,346.0,Melksham
25030,142745,4.0,AP,,
25074,142885,,,,
25201,143207,1.0,NA,9.0,Medicine Hat
25201,143207,4.0,AP,,
25201,143207,1.0,NA,10.0,Napanee
25201,143207,4.0,AP,,
25201,143207,1.0,NA,11.0,Valleyfield
25201,143207,4.0,AP,,
25201,143207,1.0,NA,32.0,Chile
25201,143207,4.0,AP,,
25201,143207,1.0,NA,,
25201,143207,4.0,AP,37.0,Malaysia
25201,143207,1.0,NA,,
25201,143207,4.0,AP,40.0,Thailand
25201,143207,1.0,NA,,
25201,143207,4.0,AP,45.0,Ballabgarh
25201,143207,1.0,NA,,
25201,143207,4.0,AP,46.0,Aurangabad
25201,143207,1.0,NA,,
25201,143207,4.0,AP,47.0,Indonesia
25201,143207,1.0,NA,240.0,San Luis Potosi
25201,143207,4.0,AP,,
25202,143208,1.0,NA,,
25202,143208,4.0,AP,,
25287,143417,1.0,NA,,
25287,143417,2.0,LA,,
25287,143417,3.0,EMEA,,
25287,143417,4.0,AP,,
25291,143422,1.0,NA,,
25485,144009,1.0,NA,,
25495,144036,3.0,EMEA,,
25765,144810,1.0,NA,,
25766,144815,1.0,NA,,
25766,144815,2.0,LA,,
25766,144815,3.0,EMEA,346.0,Melksham
25766,144815,4.0,AP,,
25892,145144,2.0,LA,,
25913,145203,,,,
25914,145204,,,,
25919,145220,1.0,NA,,
25919,145220,2.0,LA,,
25919,145220,3.0,EMEA,,
25919,145220,4.0,AP,,
25921,145225,,,,
25922,145226,,,,
25923,145227,1.0,NA,,
26001,145430,1.0,NA,,
26001,145430,2.0,LA,,
26001,145430,4.0,AP,,
26002,145431,,,,
26427,146219,,,,
24585,141120,3.0,EMEA,,
24585,141120,4.0,AP,,
24698,141559,,,,
24699,141560,,,,
24777,141781,1.0,NA,,
24777,141781,2.0,LA,,
24777,141781,4.0,AP,42.0,Nippon Giant
24837,141997,1.0,NA,,
24838,141998,1.0,NA,,
24957,142513,,,,
24980,142600,,,,
25009,142685,,,,
25010,142688,,,,
25159,143122,1.0,NA,,
25160,143123,1.0,NA,,
25161,143124,1.0,NA,,
25162,143125,1.0,NA,,
25227,143306,,,,
25310,143468,1.0,NA,,
25310,143468,2.0,LA,,
25310,143468,3.0,EMEA,,
25310,143468,4.0,AP,,
26169,145796,,,,
26277,145998,3.0,EMEA,,
26278,145999,1.0,NA,,
26278,145999,2.0,LA,,
26278,145999,3.0,EMEA,,
26278,145999,4.0,AP,,
26299,146038,,,,
26305,146053,1.0,NA,,
26327,146088,1.0,NA,,
26328,146089,1.0,NA,,
26329,146090,1.0,NA,,
26330,146091,1.0,NA,,
26331,146092,1.0,NA,,
26332,146093,1.0,NA,,
26333,146094,1.0,NA,,
26384,146166,,,,
26385,146167,,,,
26386,146170,1.0,NA,,
26386,146170,2.0,LA,,
26386,146170,3.0,EMEA,,
26386,146170,4.0,AP,,
26387,146171,,,,
24407,139908,,,,
24408,139909,,,,
24409,139910,,,,
24410,139911,,,,
24411,139912,1.0,NA,,
24411,139912,2.0,LA,,
24411,139912,4.0,AP,,
24413,139934,3.0,EMEA,,
24559,140977,1.0,NA,,
24559,140977,2.0,LA,,
24559,140977,3.0,EMEA,346.0,Melksham
24559,140977,4.0,AP,,
24561,140979,1.0,NA,,
24561,140979,2.0,LA,,
24561,140979,3.0,EMEA,,
24561,140979,4.0,AP,,
24617,141295,1.0,NA,,
24617,141295,2.0,LA,,
24617,141295,3.0,EMEA,,
24617,141295,4.0,AP,,
24723,141614,4.0,AP,,
24724,141615,1.0,NA,,
24724,141615,2.0,LA,,
24724,141615,3.0,EMEA,,
24724,141615,4.0,AP,,
24808,141900,,,,
24883,142203,3.0,EMEA,,
24884,142204,3.0,EMEA,,
24887,142217,,,,
24888,142218,1.0,NA,,
24888,142218,2.0,LA,,
24888,142218,3.0,EMEA,,
24888,142218,4.0,AP,,
24889,142219,,,,
24892,142221,1.0,NA,1.0,Danville
24892,142221,1.0,NA,3.0,Topeka
24892,142221,1.0,NA,5.0,Fayetteville
24892,142221,1.0,NA,8.0,Lawton
24892,142221,1.0,NA,9.0,Medicine Hat
24892,142221,1.0,NA,10.0,Napanee
24892,142221,1.0,NA,11.0,Valleyfield
24892,142221,1.0,NA,13.0,Social Circle
24892,142221,1.0,NA,14.0,ICM*A
24892,142221,1.0,NA,32.0,Chile
24892,142221,1.0,NA,55.0,Chem Bayport
24892,142221,1.0,NA,56.0,Chem Beaumont
24892,142221,1.0,NA,57.0,Chem Houston
24892,142221,1.0,NA,58.0,Chem Niagara Falls
24892,142221,1.0,NA,120.0,NA-LA-AP Except AIRCRAFT
24892,142221,1.0,NA,240.0,San Luis Potosi
24892,142221,1.0,NA,300.0,Kingman
24892,142221,1.0,NA,301.0,Stockbridge
24892,142221,1.0,NA,340.0,Clarksdale
24892,142221,1.0,NA,341.0,Findlay
24892,142221,1.0,NA,342.0,Texarkana
24892,142221,1.0,NA,343.0,Tupelo
24892,142221,1.0,NA,344.0,Tall Timbers
24984,142608,3.0,EMEA,23.0,Adapazari
24984,142608,3.0,EMEA,25.0,Izmit
24984,142608,3.0,EMEA,346.0,Melksham
24984,142608,3.0,EMEA,360.0,Krusevac
24986,142610,,,,
25034,142768,,,,
25035,142770,,,,
25036,142771,,,,
25037,142772,,,,
25309,143467,1.0,NA,,
25309,143467,2.0,LA,,
25309,143467,3.0,EMEA,,
25309,143467,4.0,AP,42.0,Nippon Giant
25309,143467,1.0,NA,,
25309,143467,2.0,LA,,
25309,143467,3.0,EMEA,,
25309,143467,4.0,AP,47.0,Indonesia
25309,143467,1.0,NA,,
25309,143467,2.0,LA,,
25309,143467,3.0,EMEA,346.0,Melksham
25309,143467,4.0,AP,,
25309,143467,1.0,NA,,
25309,143467,2.0,LA,,
25309,143467,3.0,EMEA,360.0,Krusevac
25309,143467,4.0,AP,,
25941,145298,1.0,NA,,
25942,145299,,,,
24309,139065,1.0,NA,,
24463,140329,1.0,NA,,
24463,140329,2.0,LA,,
24463,140329,3.0,EMEA,,
24671,141509,1.0,NA,,
24870,142162,1.0,NA,,
24870,142162,3.0,EMEA,,
24870,142162,4.0,AP,,
24875,142185,,,,
24893,142229,,,,
24933,142359,,,,
24934,142360,,,,
25070,142866,1.0,NA,,
25527,144179,3.0,EMEA,346.0,Melksham
25528,144180,3.0,EMEA,,
25529,144181,3.0,EMEA,,
25530,144182,3.0,EMEA,,
25771,144835,,,,
26223,145895,1.0,NA,,
26279,146002,,,,
26280,146003,,,,
26388,146172,1.0,NA,,
26388,146172,2.0,LA,,
26388,146172,3.0,EMEA,,
26388,146172,4.0,AP,,
26389,146173,,,,
26391,146177,,,,
26392,146178,,,,
24552,140958,1.0,NA,,
24613,141275,4.0,AP,,
24614,141276,,,,
24615,141278,3.0,EMEA,27.0,South Africa
24615,141278,3.0,EMEA,346.0,Melksham
24615,141278,3.0,EMEA,360.0,Krusevac
24689,141550,1.0,NA,,
24692,141553,,,,
24871,142169,,,,
25270,143381,,,,
25271,143382,,,,
25487,144024,,,,
25488,144025,,,,
25489,144026,,,,
25490,144027,,,,
25491,144028,3.0,EMEA,27.0,South Africa
25491,144028,3.0,EMEA,346.0,Melksham
25491,144028,3.0,EMEA,360.0,Krusevac
25492,144029,1.0,NA,,
25492,144029,2.0,LA,,
25492,144029,3.0,EMEA,346.0,Melksham
25492,144029,4.0,AP,,
25493,144030,1.0,NA,,
25493,144030,2.0,LA,,
25493,144030,3.0,EMEA,346.0,Melksham
25493,144030,4.0,AP,,
25496,144037,,,,
25909,145195,4.0,AP,,
25944,145311,1.0,NA,,
25944,145311,2.0,LA,,
25944,145311,3.0,EMEA,,
25944,145311,4.0,AP,,
25944,145311,5.0,Cooper Americas,,
25944,145311,6.0,Cooper Europe,,
25944,145311,7.0,Cooper Asia,,
25945,145312,,,,
25973,145366,1.0,NA,,
25975,145368,1.0,NA,,
25978,145375,1.0,NA,,
25980,145377,1.0,NA,,
25982,145379,1.0,NA,,
26003,145432,1.0,NA,,
26003,145432,2.0,LA,,
26003,145432,3.0,EMEA,23.0,Adapazari
26003,145432,4.0,AP,,
26003,145432,1.0,NA,,
26003,145432,2.0,LA,,
26003,145432,3.0,EMEA,25.0,Izmit
26003,145432,4.0,AP,,
26003,145432,1.0,NA,,
26003,145432,2.0,LA,,
26003,145432,3.0,EMEA,346.0,Melksham
26003,145432,4.0,AP,,
26004,145433,,,,
24202,138177,,,,
24355,139456,,,,
24356,139457,,,,
24357,139458,,,,
24358,139459,1.0,NA,,
24358,139459,2.0,LA,,
24358,139459,3.0,EMEA,,
24358,139459,4.0,AP,,
24359,139480,,,,
24360,139481,,,,
24361,139482,,,,
24362,139483,,,,
24363,139488,,,,
24364,139489,,,,
24365,139490,,,,
24367,139512,3.0,EMEA,,
24369,139516,3.0,EMEA,,
24423,139996,1.0,NA,,
24423,139996,2.0,LA,,
24423,139996,3.0,EMEA,,
24423,139996,4.0,AP,,
24635,141399,1.0,NA,,
24635,141399,2.0,LA,,
24635,141399,4.0,AP,,
24636,141403,1.0,NA,,
24636,141403,2.0,LA,,
24636,141403,3.0,EMEA,23.0,Adapazari
24636,141403,4.0,AP,,
24636,141403,1.0,NA,,
24636,141403,2.0,LA,,
24636,141403,3.0,EMEA,25.0,Izmit
24636,141403,4.0,AP,,
24636,141403,1.0,NA,,
24636,141403,2.0,LA,,
24636,141403,3.0,EMEA,,
24636,141403,4.0,AP,42.0,Nippon Giant
24636,141403,1.0,NA,,
24636,141403,2.0,LA,,
24636,141403,3.0,EMEA,346.0,Melksham
24636,141403,4.0,AP,,
24729,141629,,,,
24971,142578,3.0,EMEA,23.0,Adapazari
24971,142578,3.0,EMEA,25.0,Izmit
24971,142578,3.0,EMEA,27.0,South Africa
24971,142578,3.0,EMEA,346.0,Melksham
24971,142578,3.0,EMEA,360.0,Krusevac
25045,142806,1.0,NA,,
25046,142807,1.0,NA,,
25047,142808,1.0,NA,,
25048,142809,1.0,NA,,
25049,142810,1.0,NA,,
25050,142811,1.0,NA,,
25051,142812,1.0,NA,,
25052,142813,1.0,NA,,
25061,142830,4.0,AP,,
25075,142887,1.0,NA,,
25075,142887,2.0,LA,,
25076,142889,,,,
25077,142890,,,,
24157,137785,1.0,NA,,
24158,137786,,,,
24339,139374,,,,
24340,139375,,,,
24341,139377,,,,
24457,140282,1.0,NA,,
24489,140699,1.0,NA,,
24489,140699,2.0,LA,,
24489,140699,3.0,EMEA,,
24489,140699,4.0,AP,,
24490,140700,1.0,NA,,
24490,140700,2.0,LA,,
24490,140700,3.0,EMEA,,
24490,140700,4.0,AP,,
24848,142025,1.0,NA,,
24849,142026,1.0,NA,,
24912,142307,1.0,NA,,
24913,142308,1.0,NA,,
24914,142309,1.0,NA,,
24915,142310,1.0,NA,,
24916,142311,1.0,NA,,
24917,142312,1.0,NA,,
24918,142313,1.0,NA,,
24919,142314,1.0,NA,,
24920,142315,1.0,NA,,
24921,142316,1.0,NA,,
25017,142715,1.0,NA,,
25017,142715,2.0,LA,,
25019,142722,,,,
25041,142783,1.0,NA,,
25041,142783,2.0,LA,,
25041,142783,3.0,EMEA,346.0,Melksham
25041,142783,4.0,AP,,
25041,142783,5.0,Cooper Americas,,
25041,142783,6.0,Cooper Europe,,
25041,142783,7.0,Cooper Asia,,
25042,142784,1.0,NA,,
25042,142784,2.0,LA,,
25042,142784,3.0,EMEA,346.0,Melksham
25042,142784,4.0,AP,,
25168,143142,1.0,NA,,
25169,143143,1.0,NA,,
25170,143144,1.0,NA,,
25181,143168,1.0,NA,,
25181,143168,3.0,EMEA,,
25182,143169,1.0,NA,,
25182,143169,3.0,EMEA,,
26463,146263,,,,
26465,146269,,,,
26466,146270,,,,
24383,139593,3.0,EMEA,,
24439,140134,4.0,AP,,
24458,140283,3.0,EMEA,,
24666,141499,,,,
24667,141500,,,,
24762,141724,,,,
24763,141725,,,,
24764,141726,,,,
24829,141968,1.0,NA,,
24830,141969,1.0,NA,,
24831,141970,1.0,NA,,
24979,142599,1.0,NA,,
25078,142892,1.0,NA,,
25078,142892,2.0,LA,,
25078,142892,3.0,EMEA,,
25078,142892,4.0,AP,,
25297,143445,3.0,EMEA,,
25298,143446,3.0,EMEA,,
25299,143447,3.0,EMEA,,
25300,143448,3.0,EMEA,,
25301,143449,3.0,EMEA,,
25302,143450,3.0,EMEA,,
25303,143451,3.0,EMEA,,
25477,143979,5.0,Cooper Americas,,
25479,143986,4.0,AP,,
25499,144097,3.0,EMEA,,
25565,144280,,,,
25767,144823,,,,
25837,145009,,,,
25838,145010,,,,
25839,145011,,,,
25840,145012,,,,
26049,145560,1.0,NA,,
26050,145561,1.0,NA,,
26077,145607,4.0,AP,42.0,Nippon Giant
24351,139408,1.0,NA,,
24352,139409,1.0,NA,,
24770,141751,3.0,EMEA,,
24771,141752,3.0,EMEA,,
24772,141753,3.0,EMEA,,
24773,141754,3.0,EMEA,,
24774,141755,3.0,EMEA,,
24895,142244,3.0,EMEA,,
25066,142837,1.0,NA,,
25088,142923,,,,
25183,143170,,,,
25184,143172,,,,
25353,143584,,,,
25561,144248,1.0,NA,,
25603,144397,1.0,NA,,
25603,144397,2.0,LA,,
25603,144397,3.0,EMEA,,
25603,144397,4.0,AP,,
25605,144398,,,,
25634,144535,3.0,EMEA,,
26032,145519,,,,
26053,145567,1.0,NA,,
26053,145567,2.0,LA,,
26053,145567,3.0,EMEA,,
26053,145567,4.0,AP,,
26129,145700,,,,
26143,145725,3.0,EMEA,,
26179,145819,,,,
26187,145832,1.0,NA,,
26187,145832,2.0,LA,,
26187,145832,3.0,EMEA,,
26187,145832,4.0,AP,,
26235,145923,,,,
26236,145925,4.0,AP,,
26251,145943,1.0,NA,,
26252,145944,1.0,NA,,
26341,146106,,,,
26383,146165,1.0,NA,,
26383,146165,2.0,LA,,
26383,146165,3.0,EMEA,23.0,Adapazari
26383,146165,4.0,AP,,
26383,146165,1.0,NA,,
26383,146165,2.0,LA,,
26383,146165,3.0,EMEA,25.0,Izmit
26383,146165,4.0,AP,,
26383,146165,1.0,NA,,
26383,146165,2.0,LA,,
26383,146165,3.0,EMEA,,
26383,146165,4.0,AP,42.0,Nippon Giant
26383,146165,1.0,NA,,
26383,146165,2.0,LA,,
26383,146165,3.0,EMEA,346.0,Melksham
26383,146165,4.0,AP,,
26467,146277,7.0,Cooper Asia,,
26517,146343,1.0,NA,9.0,Medicine Hat
26517,146343,1.0,NA,10.0,Napanee
26517,146343,1.0,NA,11.0,Valleyfield
26519,146345,1.0,NA,,
26519,146345,2.0,LA,,
26519,146345,4.0,AP,,
26557,146396,,,,
24571,141043,,,,
24579,141071,,,,
24580,141086,,,,
24969,142576,1.0,NA,,
24969,142576,2.0,LA,,
24969,142576,3.0,EMEA,23.0,Adapazari
24969,142576,4.0,AP,,
24969,142576,1.0,NA,,
24969,142576,2.0,LA,,
24969,142576,3.0,EMEA,25.0,Izmit
24969,142576,4.0,AP,,
24969,142576,1.0,NA,,
24969,142576,2.0,LA,,
24969,142576,3.0,EMEA,346.0,Melksham
24969,142576,4.0,AP,,
25569,144291,,,,
25939,145295,,,,
25940,145296,,,,
26079,145614,,,,
26081,145615,1.0,NA,,
26081,145615,2.0,LA,,
26081,145615,3.0,EMEA,,
26081,145615,4.0,AP,,
26082,145616,,,,
26101,145649,,,,
26153,145757,1.0,NA,,
26153,145757,2.0,LA,,
26153,145757,3.0,EMEA,,
26153,145757,4.0,AP,,
26301,146044,1.0,NA,,
26301,146044,2.0,LA,,
26301,146044,4.0,AP,,
26303,146051,,,,
26393,146179,,,,
26394,146180,,,,
26395,146181,,,,
24179,138018,1.0,NA,1.0,Danville
24179,138018,2.0,LA,,
24179,138018,4.0,AP,,
24179,138018,1.0,NA,3.0,Topeka
24179,138018,2.0,LA,,
24179,138018,4.0,AP,,
24179,138018,1.0,NA,5.0,Fayetteville
24179,138018,2.0,LA,,
24179,138018,4.0,AP,,
24179,138018,1.0,NA,8.0,Lawton
24179,138018,2.0,LA,,
24179,138018,4.0,AP,,
24179,138018,1.0,NA,13.0,Social Circle
24179,138018,2.0,LA,,
24179,138018,4.0,AP,,
24179,138018,1.0,NA,14.0,ICM*A
24179,138018,2.0,LA,,
24179,138018,4.0,AP,,
24179,138018,1.0,NA,55.0,Chem Bayport
24179,138018,2.0,LA,,
24179,138018,4.0,AP,,
24179,138018,1.0,NA,56.0,Chem Beaumont
24179,138018,2.0,LA,,
24179,138018,4.0,AP,,
24179,138018,1.0,NA,57.0,Chem Houston
24179,138018,2.0,LA,,
24179,138018,4.0,AP,,
24179,138018,1.0,NA,58.0,Chem Niagara Falls
24179,138018,2.0,LA,,
24179,138018,4.0,AP,,
24179,138018,1.0,NA,300.0,Kingman
24179,138018,2.0,LA,,
24179,138018,4.0,AP,,
24179,138018,1.0,NA,341.0,Findlay
24179,138018,2.0,LA,,
24179,138018,4.0,AP,,
24179,138018,1.0,NA,342.0,Texarkana
24179,138018,2.0,LA,,
24179,138018,4.0,AP,,
24179,138018,1.0,NA,344.0,Tall Timbers
24179,138018,2.0,LA,,
24179,138018,4.0,AP,,
24180,138019,4.0,AP,42.0,Nippon Giant
24181,138021,1.0,NA,,
24187,138059,,,,
24188,138060,,,,
24290,138973,,,,
24431,140068,1.0,NA,,
24431,140068,2.0,LA,,
24513,140752,1.0,NA,,
24513,140752,2.0,LA,,
24513,140752,3.0,EMEA,,
24513,140752,4.0,AP,,
24514,140753,1.0,NA,,
24514,140753,2.0,LA,,
24514,140753,3.0,EMEA,,
24514,140753,4.0,AP,,
24622,141320,1.0,NA,,
24622,141320,2.0,LA,,
24622,141320,3.0,EMEA,,
24622,141320,4.0,AP,,
24707,141568,,,,
24725,141616,1.0,NA,,
24725,141616,2.0,LA,,
24725,141616,3.0,EMEA,,
24725,141616,4.0,AP,,
24726,141617,1.0,NA,,
24726,141617,2.0,LA,,
24726,141617,3.0,EMEA,,
24726,141617,4.0,AP,,
24759,141721,,,,
25033,142767,1.0,NA,,
25033,142767,2.0,LA,,
25033,142767,3.0,EMEA,346.0,Melksham
25033,142767,4.0,AP,,
25509,144132,1.0,NA,9.0,Medicine Hat
25509,144132,2.0,LA,,
25509,144132,3.0,EMEA,,
25509,144132,1.0,NA,10.0,Napanee
25509,144132,2.0,LA,,
25509,144132,3.0,EMEA,,
25509,144132,1.0,NA,11.0,Valleyfield
25509,144132,2.0,LA,,
25509,144132,3.0,EMEA,,
25509,144132,1.0,NA,,
25509,144132,2.0,LA,,
25509,144132,3.0,EMEA,23.0,Adapazari
25509,144132,1.0,NA,,
25509,144132,2.0,LA,,
25509,144132,3.0,EMEA,25.0,Izmit
25509,144132,1.0,NA,,
25509,144132,2.0,LA,,
25509,144132,3.0,EMEA,346.0,Melksham
25539,144200,2.0,LA,,
25540,144201,2.0,LA,,
26087,145626,2.0,LA,,
26089,145629,2.0,LA,,
26090,145630,2.0,LA,,
26091,145631,2.0,LA,,
26092,145632,2.0,LA,,
26093,145635,1.0,NA,,
26093,145635,2.0,LA,,
26093,145635,3.0,EMEA,346.0,Melksham
26093,145635,4.0,AP,,
24481,140587,1.0,NA,,
24549,140945,,,,
24560,140978,1.0,NA,,
24717,141589,,,,
24857,142086,,,,
24943,142417,4.0,AP,,
24944,142418,4.0,AP,,
24945,142419,4.0,AP,,
24947,142421,4.0,AP,,
25413,143775,,,,
25713,144726,3.0,EMEA,,
25714,144727,1.0,NA,,
25714,144727,2.0,LA,,
25714,144727,3.0,EMEA,,
25714,144727,4.0,AP,,
25715,144728,1.0,NA,,
25716,144729,1.0,NA,,
25717,144730,1.0,NA,,
25718,144731,1.0,NA,,
25719,144732,1.0,NA,,
25720,144733,1.0,NA,,
25721,144734,1.0,NA,,
25964,145354,1.0,NA,,
25965,145356,1.0,NA,,
25966,145358,1.0,NA,,
25967,145359,1.0,NA,,
25968,145360,1.0,NA,,
25969,145361,1.0,NA,,
25970,145362,1.0,NA,,
25971,145363,,,,
25972,145364,,,,
26396,146182,,,,
26397,146186,3.0,EMEA,,
26399,146187,1.0,NA,,
26399,146187,2.0,LA,,
26399,146187,3.0,EMEA,346.0,Melksham
24170,137875,,,,
24219,138386,,,,
24220,138387,,,,
24221,138388,,,,
24222,138389,,,,
24223,138390,,,,
24238,138532,,,,
24318,139135,,,,
24334,139328,1.0,NA,,
24335,139349,1.0,NA,9.0,Medicine Hat
24335,139349,2.0,LA,,
24335,139349,4.0,AP,,
24335,139349,1.0,NA,10.0,Napanee
24335,139349,2.0,LA,,
24335,139349,4.0,AP,,
24335,139349,1.0,NA,11.0,Valleyfield
24335,139349,2.0,LA,,
24335,139349,4.0,AP,,
24335,139349,1.0,NA,,
24335,139349,2.0,LA,,
24335,139349,4.0,AP,37.0,Malaysia
24335,139349,1.0,NA,,
24335,139349,2.0,LA,,
24335,139349,4.0,AP,40.0,Thailand
24335,139349,1.0,NA,,
24335,139349,2.0,LA,,
24335,139349,4.0,AP,42.0,Nippon Giant
24335,139349,1.0,NA,,
24335,139349,2.0,LA,,
24335,139349,4.0,AP,45.0,Ballabgarh
24335,139349,1.0,NA,,
24335,139349,2.0,LA,,
24335,139349,4.0,AP,46.0,Aurangabad
24335,139349,1.0,NA,,
24335,139349,2.0,LA,,
24335,139349,4.0,AP,47.0,Indonesia
24381,139570,,,,
24603,141210,1.0,NA,,
24604,141211,4.0,AP,,
24605,141212,1.0,NA,,
25411,143768,,,,
25511,144143,3.0,EMEA,346.0,Melksham
25613,144417,,,,
25723,144741,1.0,NA,,
26025,145502,,,,
26026,145503,,,,
26027,145507,,,,
26029,145511,,,,
26045,145553,1.0,NA,,
26045,145553,2.0,LA,,
26045,145553,3.0,EMEA,,
26045,145553,4.0,AP,,
26045,145553,5.0,Cooper Americas,,
26045,145553,6.0,Cooper Europe,,
26045,145553,7.0,Cooper Asia,,
26046,145554,1.0,NA,,
26046,145554,2.0,LA,,
26046,145554,3.0,EMEA,,
26046,145554,4.0,AP,,
26046,145554,5.0,Cooper Americas,,
26046,145554,6.0,Cooper Europe,,
26046,145554,7.0,Cooper Asia,,
26052,145566,1.0,NA,,
26052,145566,2.0,LA,,
24391,139628,1.0,NA,,
24391,139628,2.0,LA,,
24391,139628,3.0,EMEA,,
24391,139628,4.0,AP,,
24392,139629,1.0,NA,,
24392,139629,2.0,LA,,
24392,139629,3.0,EMEA,,
24392,139629,4.0,AP,,
24418,139966,,,,
24434,140073,,,,
24435,140074,,,,
24453,140261,,,,
24454,140262,,,,
24455,140263,,,,
24818,141930,,,,
24845,142012,1.0,NA,,
24989,142637,1.0,NA,,
25089,142926,1.0,NA,,
25318,143518,,,,
25319,143519,,,,
25320,143520,,,,
25321,143521,,,,
25323,143526,,,,
25324,143527,,,,
25325,143528,,,,
25326,143529,,,,
25327,143532,,,,
25328,143533,,,,
25381,143685,1.0,NA,,
25619,144429,1.0,NA,,
25619,144429,3.0,EMEA,,
26055,145568,,,,
26111,145669,,,,
26112,145670,,,,
26118,145681,,,,
26145,145730,4.0,AP,,
26401,146189,2.0,LA,,
26249,145942,,,,
26263,145958,1.0,NA,,
26270,145971,,,,
26287,146021,,,,
26288,146022,,,,
26289,146023,,,,
26290,146024,,,,
26291,146025,,,,
26292,146026,,,,
26307,146055,1.0,NA,,
26307,146055,2.0,LA,,
26308,146056,1.0,NA,,
26308,146056,2.0,LA,,
26309,146057,1.0,NA,,
26309,146057,2.0,LA,,
26313,146063,3.0,EMEA,27.0,South Africa
26325,146086,1.0,NA,,
24211,138305,,,,
24212,138306,,,,
24213,138307,,,,
24214,138308,,,,
24215,138309,,,,
24227,138426,,,,
24228,138427,,,,
24237,138528,3.0,EMEA,,
24321,139243,,,,
24451,140212,4.0,AP,,
24557,140975,1.0,NA,,
24558,140976,1.0,NA,,
24833,141977,,,,
25151,143095,1.0,NA,,
25151,143095,2.0,LA,,
25151,143095,3.0,EMEA,23.0,Adapazari
25151,143095,4.0,AP,,
25151,143095,1.0,NA,,
25151,143095,2.0,LA,,
25151,143095,3.0,EMEA,25.0,Izmit
25151,143095,4.0,AP,,
25151,143095,1.0,NA,,
25151,143095,2.0,LA,,
25151,143095,3.0,EMEA,346.0,Melksham
25151,143095,4.0,AP,,
25152,143096,1.0,NA,,
25152,143096,2.0,LA,,
25152,143096,3.0,EMEA,23.0,Adapazari
25152,143096,4.0,AP,,
25152,143096,1.0,NA,,
25152,143096,2.0,LA,,
25152,143096,3.0,EMEA,25.0,Izmit
25152,143096,4.0,AP,,
25152,143096,1.0,NA,,
25152,143096,2.0,LA,,
25152,143096,3.0,EMEA,346.0,Melksham
25152,143096,4.0,AP,,
25153,143097,1.0,NA,,
25167,143139,,,,
25351,143582,1.0,NA,,
25351,143582,2.0,LA,,
25357,143592,,,,
25585,144357,,,,
25586,144358,,,,
25587,144362,1.0,NA,,
25587,144362,2.0,LA,,
25587,144362,4.0,AP,,
26523,146350,,,,
26524,146351,,,,
26525,146352,,,,
26526,146353,,,,
26527,146354,,,,
26537,146367,3.0,EMEA,,
26538,146368,3.0,EMEA,,
26539,146369,3.0,EMEA,,
26540,146370,3.0,EMEA,,
26541,146371,3.0,EMEA,,
26542,146372,3.0,EMEA,,
26543,146373,3.0,EMEA,,
26544,146374,3.0,EMEA,,
26545,146375,3.0,EMEA,,
26546,146376,3.0,EMEA,,
26553,146385,1.0,NA,9.0,Medicine Hat
26553,146385,1.0,NA,10.0,Napanee
26553,146385,1.0,NA,11.0,Valleyfield
26589,146432,4.0,AP,,
26591,146435,,,,
26601,146455,,,,
26605,146465,1.0,NA,,
26605,146465,2.0,LA,,
26605,146465,3.0,EMEA,,
26605,146465,4.0,AP,,
26607,146466,1.0,NA,,
26609,146468,1.0,NA,,
26619,146477,1.0,NA,,
26621,146479,1.0,NA,,
26625,146484,1.0,NA,,
26635,146494,,,,
24143,137439,4.0,AP,,
24144,137440,3.0,EMEA,,
24190,138062,1.0,NA,,
24192,138064,1.0,NA,,
24193,138065,1.0,NA,,
24193,138065,2.0,LA,,
24193,138065,4.0,AP,,
24194,138066,1.0,NA,,
24194,138066,2.0,LA,,
24194,138066,4.0,AP,,
24195,138100,1.0,NA,,
24196,138101,1.0,NA,,
24197,138135,3.0,EMEA,,
24337,139371,3.0,EMEA,,
24447,140181,,,,
24719,141592,1.0,NA,,
24855,142047,1.0,NA,,
24879,142193,,,,
24880,142194,1.0,NA,,
24880,142194,2.0,LA,,
24880,142194,3.0,EMEA,,
24880,142194,4.0,AP,,
24935,142374,1.0,NA,,
24973,142586,,,,
24974,142587,,,,
24975,142588,,,,
24976,142589,,,,
25027,142735,,,,
25192,143188,1.0,NA,,
25192,143188,3.0,EMEA,,
25192,143188,4.0,AP,,
25193,143189,1.0,NA,,
25193,143189,3.0,EMEA,,
25193,143189,4.0,AP,,
25194,143190,1.0,NA,,
25194,143190,3.0,EMEA,,
25194,143190,4.0,AP,,
25195,143191,1.0,NA,,
25195,143191,3.0,EMEA,,
25195,143191,4.0,AP,,
25199,143200,3.0,EMEA,,
25355,143590,3.0,EMEA,,
25833,144992,,,,
26306,146054,1.0,NA,,
26567,146405,1.0,NA,,
26567,146405,2.0,LA,,
26567,146405,3.0,EMEA,21.0,Luxembourg
26567,146405,4.0,AP,,
26568,146406,1.0,NA,,
26568,146406,2.0,LA,,
26568,146406,3.0,EMEA,25.0,Izmit
26568,146406,4.0,AP,,
26569,146407,1.0,NA,,
26569,146407,2.0,LA,,
26569,146407,3.0,EMEA,18.0,Debica
26569,146407,4.0,AP,,
26570,146408,1.0,NA,,
26570,146408,2.0,LA,,
26570,146408,3.0,EMEA,18.0,Debica
26570,146408,4.0,AP,,
26337,146097,,,,
26349,146114,2.0,LA,,
26350,146115,,,,
26351,146116,1.0,NA,,
26351,146116,2.0,LA,,
26351,146116,4.0,AP,,
26366,146137,1.0,NA,,
26366,146137,2.0,LA,,
26366,146137,3.0,EMEA,,
26366,146137,4.0,AP,,
26419,146213,1.0,NA,,
26439,146232,,,,
26440,146234,,,,
26441,146235,,,,
26461,146259,,,,
26462,146262,,,,
26483,146301,,,,
26485,146305,4.0,AP,,
26486,146306,4.0,AP,,
26487,146308,1.0,NA,,
26491,146314,3.0,EMEA,,
26493,146316,1.0,NA,,
26495,146318,1.0,NA,,
26499,146323,2.0,LA,,
26500,146324,2.0,LA,,
26501,146325,2.0,LA,,
26502,146326,2.0,LA,,
26503,146327,2.0,LA,,
26504,146328,2.0,LA,,
26505,146329,2.0,LA,,
26506,146330,2.0,LA,,
26507,146331,2.0,LA,,
26508,146332,,,,
26509,146333,2.0,LA,,
26515,146340,2.0,LA,,
26595,146442,,,,
24173,137945,,,,
24245,138651,1.0,NA,,
24246,138652,1.0,NA,,
24280,138888,3.0,EMEA,23.0,Adapazari
24280,138888,3.0,EMEA,25.0,Izmit
24280,138888,3.0,EMEA,27.0,South Africa
24280,138888,3.0,EMEA,346.0,Melksham
24280,138888,3.0,EMEA,360.0,Krusevac
24285,138946,3.0,EMEA,,
24291,138998,1.0,NA,,
24292,138999,1.0,NA,,
24295,139027,1.0,NA,,
24295,139027,2.0,LA,,
24295,139027,3.0,EMEA,,
24295,139027,4.0,AP,,
24296,139028,1.0,NA,,
24296,139028,2.0,LA,,
24296,139028,3.0,EMEA,,
24296,139028,4.0,AP,,
24377,139563,,,,
24378,139564,3.0,EMEA,,
24379,139566,1.0,NA,,
24379,139566,2.0,LA,,
24379,139566,3.0,EMEA,,
24379,139566,4.0,AP,,
24380,139568,1.0,NA,,
24380,139568,2.0,LA,,
24380,139568,3.0,EMEA,,
24380,139568,4.0,AP,,
24382,139571,,,,
24467,140472,1.0,NA,,
24467,140472,2.0,LA,,
24467,140472,3.0,EMEA,346.0,Melksham
24467,140472,4.0,AP,,
24468,140473,,,,
24673,141520,,,,
24674,141521,,,,
24911,142306,3.0,EMEA,,
24926,142333,1.0,NA,240.0,San Luis Potosi
24927,142334,,,,
25071,142874,1.0,NA,,
25104,142985,1.0,NA,,
25106,142987,1.0,NA,,
25108,142989,1.0,NA,,
25110,142991,1.0,NA,,
25112,142993,1.0,NA,,
25191,143187,,,,
25207,143243,1.0,NA,,
25208,143244,1.0,NA,,
25383,143697,1.0,NA,,
25384,143698,1.0,NA,,
25497,144075,,,,
25563,144251,,,,
26637,146497,,,,
26638,146498,,,,
26639,146499,,,,
26640,146500,,,,
26641,146501,,,,
24372,139539,,,,
24373,139540,,,,
24374,139541,,,,
24375,139542,,,,
24414,139937,,,,
24429,140045,,,,
24477,140583,1.0,NA,,
24480,140586,1.0,NA,,
24482,140588,1.0,NA,,
24483,140605,,,,
24486,140648,1.0,NA,,
24486,140648,2.0,LA,,
24486,140648,3.0,EMEA,,
24486,140648,4.0,AP,,
24487,140696,,,,
24488,140697,,,,
24567,141014,,,,
24731,141642,,,,
25011,142689,1.0,NA,,
25011,142689,2.0,LA,,
25011,142689,3.0,EMEA,,
25011,142689,4.0,AP,,
25175,143153,,,,
25176,143154,1.0,NA,,
25176,143154,2.0,LA,,
25176,143154,3.0,EMEA,,
25176,143154,4.0,AP,,
25179,143166,1.0,NA,,
25179,143166,2.0,LA,,
25179,143166,3.0,EMEA,,
25179,143166,4.0,AP,,
25179,143166,5.0,Cooper Americas,,
25179,143166,6.0,Cooper Europe,,
25179,143166,7.0,Cooper Asia,,
25185,143179,1.0,NA,,
25185,143179,2.0,LA,,
25197,143197,1.0,NA,,
25197,143197,2.0,LA,,
25197,143197,3.0,EMEA,,
25197,143197,4.0,AP,,
25198,143198,,,,
25782,144876,1.0,NA,,
25782,144876,2.0,LA,,
25782,144876,3.0,EMEA,,
25782,144876,4.0,AP,,
25783,144877,,,,
25784,144879,1.0,NA,,
25785,144880,1.0,NA,,
25786,144881,1.0,NA,,
25787,144882,1.0,NA,,
25912,145202,,,,
26147,145734,,,,
26149,145742,1.0,NA,,
26150,145743,1.0,NA,,
26437,146229,1.0,NA,,
26596,146443,,,,
26597,146445,1.0,NA,,
26597,146445,2.0,LA,,
26597,146445,3.0,EMEA,,
26597,146445,4.0,AP,,
26599,146450,,,,
26631,146489,,,,
24649,141448,1.0,NA,,
24649,141448,2.0,LA,,
24649,141448,3.0,EMEA,,
24649,141448,4.0,AP,,
24650,141449,1.0,NA,,
24650,141449,2.0,LA,,
24650,141449,3.0,EMEA,,
24650,141449,4.0,AP,,
24651,141450,1.0,NA,,
24651,141450,2.0,LA,,
24651,141450,3.0,EMEA,,
24651,141450,4.0,AP,,
24652,141451,1.0,NA,,
24652,141451,2.0,LA,,
24652,141451,3.0,EMEA,,
24652,141451,4.0,AP,,
24654,141453,4.0,AP,,
24745,141692,1.0,NA,,
24745,141692,2.0,LA,,
24745,141692,3.0,EMEA,,
24745,141692,4.0,AP,,
24823,141945,1.0,NA,,
24824,141946,1.0,NA,,
24825,141947,1.0,NA,,
24826,141948,,,,
25476,143978,1.0,NA,,
25476,143978,2.0,LA,,
25476,143978,3.0,EMEA,346.0,Melksham
25476,143978,4.0,AP,,
25589,144369,,,,
25591,144383,3.0,EMEA,18.0,Debica
25591,144383,3.0,EMEA,19.0,Philippsburg
25591,144383,3.0,EMEA,21.0,Luxembourg
25591,144383,3.0,EMEA,23.0,Adapazari
25591,144383,3.0,EMEA,24.0,Sava
25591,144383,3.0,EMEA,25.0,Izmit
25591,144383,3.0,EMEA,26.0,Fulda
25591,144383,3.0,EMEA,27.0,South Africa
25591,144383,3.0,EMEA,48.0,Amiens South
25591,144383,3.0,EMEA,49.0,Montlucon
25591,144383,3.0,EMEA,51.0,Wittlich
25591,144383,3.0,EMEA,52.0,Fuerstenwalde
25591,144383,3.0,EMEA,53.0,Riesa
25591,144383,3.0,EMEA,180.0,Polymer-Technik Elbe GmbH
25591,144383,3.0,EMEA,200.0,ICM*L
25591,144383,3.0,EMEA,220.0,RCCE
25591,144383,3.0,EMEA,260.0,Conbelts Bytom-SAEU
25591,144383,3.0,EMEA,261.0,DRC Kauucuk
25591,144383,3.0,EMEA,262.0,Empresa Industrial de Borracha SA-EIB
25591,144383,3.0,EMEA,263.0,FTT Stomil Wolbrom SA
25591,144383,3.0,EMEA,264.0,Geyer and Hosaja-Zak-ADY Gumowe w Mielcu-Sp. Zo.o
25591,144383,3.0,EMEA,265.0,Hexpol - Berwin
25591,144383,3.0,EMEA,266.0,Kabat Tyre
25591,144383,3.0,EMEA,267.0,Kolsan
25591,144383,3.0,EMEA,268.0,Kraiburg Austria GmbH and Co. KG
25591,144383,3.0,EMEA,269.0,Marangoni S.p.A Rovereto
25591,144383,3.0,EMEA,270.0,Marangoni S.p.A Hamburg
25591,144383,3.0,EMEA,271.0,Matrax s.r.o.
25591,144383,3.0,EMEA,272.0,Multiblend
25591,144383,3.0,EMEA,273.0,Omya Uk Limited-Masterbatches
25591,144383,3.0,EMEA,274.0,Ozka Lastik ve Kaucuk Inc.
25591,144383,3.0,EMEA,275.0,Peintures Robin S.A-Paints /Cements
25591,144383,3.0,EMEA,276.0,Phoenix Compound Technology Hamburg
25591,144383,3.0,EMEA,277.0,Phoenix Compound Technology Waltershausen
25591,144383,3.0,EMEA,279.0,ProPS s.r.o.
25591,144383,3.0,EMEA,280.0,S and N Rubber¿
25591,144383,3.0,EMEA,281.0,Socamont-S.A.
25591,144383,3.0,EMEA,282.0,Stomil Poznan
25591,144383,3.0,EMEA,283.0,Tecnogum
25591,144383,3.0,EMEA,284.0,Vil Kaucuk San.ve Tic. Ltd Sti
25591,144383,3.0,EMEA,285.0,Zaklady Chemiczne BOCHEM Sp. z o.o
25591,144383,3.0,EMEA,320.0,Dudelange
25591,144383,3.0,EMEA,346.0,Melksham
25591,144383,3.0,EMEA,360.0,Krusevac
25592,144384,3.0,EMEA,18.0,Debica
25592,144384,3.0,EMEA,19.0,Philippsburg
25592,144384,3.0,EMEA,21.0,Luxembourg
25592,144384,3.0,EMEA,23.0,Adapazari
25592,144384,3.0,EMEA,24.0,Sava
25592,144384,3.0,EMEA,25.0,Izmit
25592,144384,3.0,EMEA,26.0,Fulda
25592,144384,3.0,EMEA,27.0,South Africa
25592,144384,3.0,EMEA,48.0,Amiens South
25592,144384,3.0,EMEA,49.0,Montlucon
25592,144384,3.0,EMEA,51.0,Wittlich
25592,144384,3.0,EMEA,52.0,Fuerstenwalde
25592,144384,3.0,EMEA,53.0,Riesa
25592,144384,3.0,EMEA,180.0,Polymer-Technik Elbe GmbH
25592,144384,3.0,EMEA,200.0,ICM*L
25592,144384,3.0,EMEA,220.0,RCCE
25592,144384,3.0,EMEA,260.0,Conbelts Bytom-SAEU
25592,144384,3.0,EMEA,261.0,DRC Kauucuk
25592,144384,3.0,EMEA,262.0,Empresa Industrial de Borracha SA-EIB
25592,144384,3.0,EMEA,263.0,FTT Stomil Wolbrom SA
25592,144384,3.0,EMEA,264.0,Geyer and Hosaja-Zak-ADY Gumowe w Mielcu-Sp. Zo.o
25592,144384,3.0,EMEA,265.0,Hexpol - Berwin
25592,144384,3.0,EMEA,266.0,Kabat Tyre
25592,144384,3.0,EMEA,267.0,Kolsan
25592,144384,3.0,EMEA,268.0,Kraiburg Austria GmbH and Co. KG
25592,144384,3.0,EMEA,269.0,Marangoni S.p.A Rovereto
25592,144384,3.0,EMEA,270.0,Marangoni S.p.A Hamburg
25592,144384,3.0,EMEA,271.0,Matrax s.r.o.
25592,144384,3.0,EMEA,272.0,Multiblend
25592,144384,3.0,EMEA,273.0,Omya Uk Limited-Masterbatches
25592,144384,3.0,EMEA,274.0,Ozka Lastik ve Kaucuk Inc.
25592,144384,3.0,EMEA,275.0,Peintures Robin S.A-Paints /Cements
25592,144384,3.0,EMEA,276.0,Phoenix Compound Technology Hamburg
25592,144384,3.0,EMEA,277.0,Phoenix Compound Technology Waltershausen
25592,144384,3.0,EMEA,279.0,ProPS s.r.o.
25592,144384,3.0,EMEA,280.0,S and N Rubber¿
25592,144384,3.0,EMEA,281.0,Socamont-S.A.
25592,144384,3.0,EMEA,282.0,Stomil Poznan
25592,144384,3.0,EMEA,283.0,Tecnogum
25592,144384,3.0,EMEA,284.0,Vil Kaucuk San.ve Tic. Ltd Sti
25592,144384,3.0,EMEA,285.0,Zaklady Chemiczne BOCHEM Sp. z o.o
25592,144384,3.0,EMEA,320.0,Dudelange
25592,144384,3.0,EMEA,346.0,Melksham
25592,144384,3.0,EMEA,360.0,Krusevac
25593,144386,1.0,NA,,
25594,144387,1.0,NA,,
25595,144388,1.0,NA,,
25596,144389,1.0,NA,,
25597,144390,1.0,NA,,
25598,144391,1.0,NA,,
25599,144392,1.0,NA,,
25600,144393,1.0,NA,,
25601,144394,1.0,NA,,
25602,144395,1.0,NA,,
25607,144407,,,,
25615,144418,,,,
25621,144440,,,,
25795,144903,,,,
25796,144904,,,,
25805,144929,1.0,NA,,
25805,144929,2.0,LA,,
25805,144929,3.0,EMEA,,
25805,144929,4.0,AP,,
25999,145419,,,,
26015,145455,,,,
26047,145555,3.0,EMEA,,
26103,145653,1.0,NA,9.0,Medicine Hat
26103,145653,2.0,LA,,
26103,145653,1.0,NA,10.0,Napanee
26103,145653,2.0,LA,,
26103,145653,1.0,NA,11.0,Valleyfield
26103,145653,2.0,LA,,
26105,145654,4.0,AP,,
24319,139197,3.0,EMEA,,
24343,139398,1.0,NA,,
24343,139398,2.0,LA,,
24343,139398,3.0,EMEA,,
24343,139398,4.0,AP,,
24419,139967,,,,
24437,140095,,,,
24789,141814,,,,
24790,141815,1.0,NA,,
24790,141815,2.0,LA,,
24790,141815,3.0,EMEA,346.0,Melksham
24790,141815,4.0,AP,,
25060,142823,,,,
25096,142958,,,,
25123,143041,4.0,AP,,
25295,143435,,,,
25409,143766,,,,
25410,143767,,,,
25419,143791,1.0,NA,,
25900,145169,1.0,NA,,
25900,145169,2.0,LA,,
25900,145169,3.0,EMEA,23.0,Adapazari
25900,145169,4.0,AP,,
25900,145169,1.0,NA,,
25900,145169,2.0,LA,,
25900,145169,3.0,EMEA,25.0,Izmit
25900,145169,4.0,AP,,
25900,145169,1.0,NA,,
25900,145169,2.0,LA,,
25900,145169,3.0,EMEA,,
25900,145169,4.0,AP,42.0,Nippon Giant
25900,145169,1.0,NA,,
25900,145169,2.0,LA,,
25900,145169,3.0,EMEA,346.0,Melksham
25900,145169,4.0,AP,,
25901,145170,1.0,NA,,
25901,145170,2.0,LA,,
25901,145170,3.0,EMEA,23.0,Adapazari
25901,145170,4.0,AP,,
25901,145170,1.0,NA,,
25901,145170,2.0,LA,,
25901,145170,3.0,EMEA,25.0,Izmit
25901,145170,4.0,AP,,
25901,145170,1.0,NA,,
25901,145170,2.0,LA,,
25901,145170,3.0,EMEA,346.0,Melksham
25901,145170,4.0,AP,,
25935,145281,1.0,NA,,
25935,145281,2.0,LA,,
25935,145281,3.0,EMEA,,
25935,145281,4.0,AP,,
25935,145281,5.0,Cooper Americas,,
25935,145281,6.0,Cooper Europe,,
25935,145281,7.0,Cooper Asia,,
26201,145847,,,,
26297,146033,,,,
26298,146035,1.0,NA,,
26298,146035,2.0,LA,,
26298,146035,3.0,EMEA,,
26298,146035,4.0,AP,,
26571,146409,1.0,NA,,
26571,146409,2.0,LA,,
26571,146409,3.0,EMEA,21.0,Luxembourg
26571,146409,4.0,AP,,
26579,146416,1.0,NA,,
26579,146416,5.0,Cooper Americas,,
24217,138343,1.0,NA,,
24298,139032,,,,
24446,140180,,,,
24449,140202,1.0,NA,,
24449,140202,2.0,LA,,
24449,140202,3.0,EMEA,346.0,Melksham
24449,140202,4.0,AP,,
24450,140203,1.0,NA,,
24450,140203,2.0,LA,,
24450,140203,3.0,EMEA,346.0,Melksham
24450,140203,4.0,AP,,
24653,141452,4.0,AP,,
24930,142342,1.0,NA,,
24930,142342,2.0,LA,,
24930,142342,3.0,EMEA,23.0,Adapazari
24930,142342,4.0,AP,,
24930,142342,1.0,NA,,
24930,142342,2.0,LA,,
24930,142342,3.0,EMEA,25.0,Izmit
24930,142342,4.0,AP,,
24930,142342,1.0,NA,,
24930,142342,2.0,LA,,
24930,142342,3.0,EMEA,346.0,Melksham
24930,142342,4.0,AP,,
24931,142343,,,,
24932,142344,1.0,NA,,
24932,142344,2.0,LA,,
24932,142344,3.0,EMEA,23.0,Adapazari
24932,142344,4.0,AP,,
24932,142344,1.0,NA,,
24932,142344,2.0,LA,,
24932,142344,3.0,EMEA,25.0,Izmit
24932,142344,4.0,AP,,
24932,142344,1.0,NA,,
24932,142344,2.0,LA,,
24932,142344,3.0,EMEA,346.0,Melksham
24932,142344,4.0,AP,,
24981,142605,,,,
24982,142606,,,,
25345,143571,,,,
25346,143572,1.0,NA,,
25346,143572,2.0,LA,,
25346,143572,3.0,EMEA,,
25346,143572,4.0,AP,,
25347,143573,1.0,NA,,
25347,143573,2.0,LA,,
25347,143573,3.0,EMEA,,
25347,143573,4.0,AP,,
25349,143577,1.0,NA,,
25349,143577,2.0,LA,,
25349,143577,3.0,EMEA,,
25349,143577,4.0,AP,,
25541,144216,3.0,EMEA,,
25543,144217,3.0,EMEA,19.0,Philippsburg
25543,144217,3.0,EMEA,21.0,Luxembourg
25543,144217,3.0,EMEA,23.0,Adapazari
25543,144217,3.0,EMEA,24.0,Sava
25543,144217,3.0,EMEA,25.0,Izmit
25543,144217,3.0,EMEA,26.0,Fulda
25543,144217,3.0,EMEA,27.0,South Africa
25543,144217,3.0,EMEA,48.0,Amiens South
25543,144217,3.0,EMEA,49.0,Montlucon
25543,144217,3.0,EMEA,50.0,Hanau
25543,144217,3.0,EMEA,51.0,Wittlich
25543,144217,3.0,EMEA,52.0,Fuerstenwalde
25543,144217,3.0,EMEA,53.0,Riesa
25543,144217,3.0,EMEA,180.0,Polymer-Technik Elbe GmbH
25543,144217,3.0,EMEA,200.0,ICM*L
25543,144217,3.0,EMEA,220.0,RCCE
25543,144217,3.0,EMEA,260.0,Conbelts Bytom-SAEU
25543,144217,3.0,EMEA,261.0,DRC Kauucuk
25543,144217,3.0,EMEA,262.0,Empresa Industrial de Borracha SA-EIB
25543,144217,3.0,EMEA,263.0,FTT Stomil Wolbrom SA
25543,144217,3.0,EMEA,264.0,Geyer and Hosaja-Zak-ADY Gumowe w Mielcu-Sp. Zo.o
25543,144217,3.0,EMEA,265.0,Hexpol - Berwin
25543,144217,3.0,EMEA,266.0,Kabat Tyre
25543,144217,3.0,EMEA,267.0,Kolsan
25543,144217,3.0,EMEA,268.0,Kraiburg Austria GmbH and Co. KG
25543,144217,3.0,EMEA,269.0,Marangoni S.p.A Rovereto
25543,144217,3.0,EMEA,270.0,Marangoni S.p.A Hamburg
25543,144217,3.0,EMEA,271.0,Matrax s.r.o.
25543,144217,3.0,EMEA,272.0,Multiblend
25543,144217,3.0,EMEA,273.0,Omya Uk Limited-Masterbatches
25543,144217,3.0,EMEA,274.0,Ozka Lastik ve Kaucuk Inc.
25543,144217,3.0,EMEA,275.0,Peintures Robin S.A-Paints /Cements
25543,144217,3.0,EMEA,276.0,Phoenix Compound Technology Hamburg
25543,144217,3.0,EMEA,277.0,Phoenix Compound Technology Waltershausen
25543,144217,3.0,EMEA,279.0,ProPS s.r.o.
25543,144217,3.0,EMEA,280.0,S and N Rubber¿
25543,144217,3.0,EMEA,281.0,Socamont-S.A.
25543,144217,3.0,EMEA,282.0,Stomil Poznan
25543,144217,3.0,EMEA,283.0,Tecnogum
25543,144217,3.0,EMEA,284.0,Vil Kaucuk San.ve Tic. Ltd Sti
25543,144217,3.0,EMEA,285.0,Zaklady Chemiczne BOCHEM Sp. z o.o
25543,144217,3.0,EMEA,320.0,Dudelange
25543,144217,3.0,EMEA,346.0,Melksham
25543,144217,3.0,EMEA,360.0,Krusevac
25544,144219,3.0,EMEA,19.0,Philippsburg
25544,144219,3.0,EMEA,21.0,Luxembourg
25544,144219,3.0,EMEA,23.0,Adapazari
25544,144219,3.0,EMEA,24.0,Sava
25544,144219,3.0,EMEA,25.0,Izmit
25544,144219,3.0,EMEA,26.0,Fulda
25544,144219,3.0,EMEA,27.0,South Africa
25544,144219,3.0,EMEA,48.0,Amiens South
25544,144219,3.0,EMEA,49.0,Montlucon
25544,144219,3.0,EMEA,50.0,Hanau
25544,144219,3.0,EMEA,52.0,Fuerstenwalde
25544,144219,3.0,EMEA,53.0,Riesa
25544,144219,3.0,EMEA,180.0,Polymer-Technik Elbe GmbH
25544,144219,3.0,EMEA,200.0,ICM*L
25544,144219,3.0,EMEA,220.0,RCCE
25544,144219,3.0,EMEA,260.0,Conbelts Bytom-SAEU
25544,144219,3.0,EMEA,261.0,DRC Kauucuk
25544,144219,3.0,EMEA,262.0,Empresa Industrial de Borracha SA-EIB
25544,144219,3.0,EMEA,263.0,FTT Stomil Wolbrom SA
25544,144219,3.0,EMEA,264.0,Geyer and Hosaja-Zak-ADY Gumowe w Mielcu-Sp. Zo.o
25544,144219,3.0,EMEA,265.0,Hexpol - Berwin
25544,144219,3.0,EMEA,266.0,Kabat Tyre
25544,144219,3.0,EMEA,267.0,Kolsan
25544,144219,3.0,EMEA,268.0,Kraiburg Austria GmbH and Co. KG
25544,144219,3.0,EMEA,269.0,Marangoni S.p.A Rovereto
25544,144219,3.0,EMEA,270.0,Marangoni S.p.A Hamburg
25544,144219,3.0,EMEA,271.0,Matrax s.r.o.
25544,144219,3.0,EMEA,272.0,Multiblend
25544,144219,3.0,EMEA,273.0,Omya Uk Limited-Masterbatches
25544,144219,3.0,EMEA,274.0,Ozka Lastik ve Kaucuk Inc.
25544,144219,3.0,EMEA,275.0,Peintures Robin S.A-Paints /Cements
25544,144219,3.0,EMEA,276.0,Phoenix Compound Technology Hamburg
25544,144219,3.0,EMEA,277.0,Phoenix Compound Technology Waltershausen
25544,144219,3.0,EMEA,279.0,ProPS s.r.o.
25544,144219,3.0,EMEA,280.0,S and N Rubber¿
25544,144219,3.0,EMEA,281.0,Socamont-S.A.
25544,144219,3.0,EMEA,282.0,Stomil Poznan
25544,144219,3.0,EMEA,283.0,Tecnogum
25544,144219,3.0,EMEA,284.0,Vil Kaucuk San.ve Tic. Ltd Sti
25544,144219,3.0,EMEA,320.0,Dudelange
25544,144219,3.0,EMEA,346.0,Melksham
25544,144219,3.0,EMEA,360.0,Krusevac
25629,144515,1.0,NA,,
25630,144516,1.0,NA,,
25630,144516,2.0,LA,,
25630,144516,3.0,EMEA,,
25630,144516,4.0,AP,,
25631,144521,1.0,NA,,
25665,144630,1.0,NA,,
24247,138653,,,,
24283,138914,1.0,NA,,
24283,138914,2.0,LA,,
24283,138914,3.0,EMEA,,
24283,138914,4.0,AP,,
24284,138915,,,,
24287,138947,,,,
24345,139402,1.0,NA,,
24346,139403,1.0,NA,,
24347,139404,1.0,NA,,
24348,139405,1.0,NA,,
24349,139406,1.0,NA,,
24350,139407,1.0,NA,,
24445,140179,1.0,NA,14.0,ICM*A
24639,141425,,,,
24641,141427,1.0,NA,,
24643,141434,3.0,EMEA,,
24644,141435,3.0,EMEA,,
24645,141436,3.0,EMEA,,
24646,141437,3.0,EMEA,,
24647,141438,3.0,EMEA,,
24648,141439,3.0,EMEA,,
24769,141750,4.0,AP,,
24802,141883,,,,
24803,141884,,,,
24995,142663,1.0,NA,,
24996,142664,1.0,NA,,
24997,142666,1.0,NA,,
24998,142667,1.0,NA,,
24999,142668,1.0,NA,,
25000,142669,1.0,NA,,
25001,142670,1.0,NA,,
25002,142671,1.0,NA,,
25003,142672,1.0,NA,,
25004,142673,1.0,NA,,
25005,142674,1.0,NA,,
25006,142675,1.0,NA,,
25113,143002,,,,
25127,143051,1.0,NA,,
25127,143051,2.0,LA,,
25127,143051,3.0,EMEA,,
25127,143051,4.0,AP,,
25130,143055,1.0,NA,,
25132,143057,1.0,NA,,
25133,143058,1.0,NA,,
24538,140921,,,,
24539,140922,,,,
24544,140927,,,,
24545,140928,1.0,NA,14.0,ICM*A
24713,141579,,,,
24714,141580,,,,
24929,142341,,,,
24977,142590,,,,
25317,143512,,,,
25473,143963,1.0,NA,,
25649,144584,,,,
25651,144586,,,,
25661,144627,,,,
25663,144629,,,,
25666,144631,1.0,NA,,
26099,145644,,,,
26107,145657,1.0,NA,,
26107,145657,2.0,LA,,
26107,145657,3.0,EMEA,,
26107,145657,4.0,AP,,
26109,145658,1.0,NA,,
26109,145658,2.0,LA,,
26109,145658,3.0,EMEA,,
26109,145658,4.0,AP,,
26119,145684,4.0,AP,,
26159,145769,1.0,NA,,
26159,145769,2.0,LA,,
26159,145769,3.0,EMEA,,
26159,145769,4.0,AP,,
26160,145772,,,,
26163,145776,,,,
26165,145780,,,,
26217,145879,1.0,NA,,
26218,145880,1.0,NA,,
26247,145939,,,,
26295,146031,,,,
24250,138688,1.0,NA,,
24250,138688,2.0,LA,,
24250,138688,3.0,EMEA,,
24250,138688,4.0,AP,,
24328,139270,,,,
24397,139656,,,,
24399,139875,1.0,NA,,
24399,139875,2.0,LA,,
24399,139875,3.0,EMEA,,
24399,139875,4.0,AP,,
24400,139878,1.0,NA,,
24400,139878,2.0,LA,,
24400,139878,3.0,EMEA,,
24400,139878,4.0,AP,,
24757,141712,,,,
24835,141984,,,,
24904,142271,1.0,NA,1.0,Danville
24904,142271,4.0,AP,,
24904,142271,1.0,NA,3.0,Topeka
24904,142271,4.0,AP,,
24904,142271,1.0,NA,5.0,Fayetteville
24904,142271,4.0,AP,,
24904,142271,1.0,NA,8.0,Lawton
24904,142271,4.0,AP,,
24904,142271,1.0,NA,9.0,Medicine Hat
24904,142271,4.0,AP,,
24904,142271,1.0,NA,10.0,Napanee
24904,142271,4.0,AP,,
24904,142271,1.0,NA,11.0,Valleyfield
24904,142271,4.0,AP,,
24904,142271,1.0,NA,13.0,Social Circle
24904,142271,4.0,AP,,
24904,142271,1.0,NA,14.0,ICM*A
24904,142271,4.0,AP,,
24904,142271,1.0,NA,32.0,Chile
24904,142271,4.0,AP,,
24904,142271,1.0,NA,,
24904,142271,4.0,AP,37.0,Malaysia
24904,142271,1.0,NA,,
24904,142271,4.0,AP,40.0,Thailand
24904,142271,1.0,NA,,
24904,142271,4.0,AP,42.0,Nippon Giant
24904,142271,1.0,NA,,
24904,142271,4.0,AP,45.0,Ballabgarh
24904,142271,1.0,NA,,
24904,142271,4.0,AP,46.0,Aurangabad
24904,142271,1.0,NA,,
24904,142271,4.0,AP,47.0,Indonesia
24904,142271,1.0,NA,55.0,Chem Bayport
24904,142271,4.0,AP,,
24904,142271,1.0,NA,56.0,Chem Beaumont
24904,142271,4.0,AP,,
24904,142271,1.0,NA,57.0,Chem Houston
24904,142271,4.0,AP,,
24904,142271,1.0,NA,58.0,Chem Niagara Falls
24904,142271,4.0,AP,,
24904,142271,1.0,NA,,
24904,142271,4.0,AP,100.0,Pulandian
24904,142271,1.0,NA,120.0,NA-LA-AP Except AIRCRAFT
24904,142271,4.0,AP,,
24904,142271,1.0,NA,140.0,Other
24904,142271,4.0,AP,,
24904,142271,1.0,NA,240.0,San Luis Potosi
24904,142271,4.0,AP,,
24904,142271,1.0,NA,300.0,Kingman
24904,142271,4.0,AP,,
24904,142271,1.0,NA,301.0,Stockbridge
24904,142271,4.0,AP,,
24904,142271,1.0,NA,340.0,Clarksdale
24904,142271,4.0,AP,,
24904,142271,1.0,NA,341.0,Findlay
24904,142271,4.0,AP,,
24904,142271,1.0,NA,344.0,Tall Timbers
24904,142271,4.0,AP,,
24904,142271,1.0,NA,,
24904,142271,4.0,AP,348.0,Qingdao
24904,142271,1.0,NA,,
24904,142271,4.0,AP,349.0,Prinx Chengshan
25031,142755,,,,
25158,143113,,,,
25163,143126,,,,
25164,143127,,,,
25165,143128,,,,
25203,143209,1.0,NA,,
25203,143209,2.0,LA,,
25203,143209,3.0,EMEA,,
25203,143209,4.0,AP,,
25204,143210,1.0,NA,,
25204,143210,2.0,LA,,
25204,143210,3.0,EMEA,,
25204,143210,4.0,AP,,
25205,143212,,,,
25222,143293,3.0,EMEA,,
25223,143294,3.0,EMEA,,
25225,143302,,,,
25329,143534,,,,
25330,143535,,,,
25331,143536,,,,
25332,143537,,,,
25365,143622,3.0,EMEA,,
25421,143811,4.0,AP,,
25422,143812,1.0,NA,,
25422,143812,2.0,LA,,
25423,143813,1.0,NA,,
25423,143813,2.0,LA,,
25424,143814,1.0,NA,,
25425,143815,1.0,NA,,
25426,143816,1.0,NA,,
25427,143817,1.0,NA,,
25428,143818,1.0,NA,,
25452,143900,,,,
24169,137874,1.0,NA,,
24171,137877,1.0,NA,,
24172,137878,1.0,NA,,
24251,138690,,,,
24252,138691,,,,
24253,138692,,,,
24254,138693,,,,
24255,138694,,,,
24529,140820,1.0,NA,,
24529,140820,3.0,EMEA,23.0,Adapazari
24529,140820,4.0,AP,,
24529,140820,1.0,NA,,
24529,140820,3.0,EMEA,25.0,Izmit
24529,140820,4.0,AP,,
24529,140820,1.0,NA,,
24529,140820,3.0,EMEA,,
24529,140820,4.0,AP,37.0,Malaysia
24529,140820,1.0,NA,,
24529,140820,3.0,EMEA,,
24529,140820,4.0,AP,40.0,Thailand
24529,140820,1.0,NA,,
24529,140820,3.0,EMEA,,
24529,140820,4.0,AP,42.0,Nippon Giant
24529,140820,1.0,NA,,
24529,140820,3.0,EMEA,,
24529,140820,4.0,AP,45.0,Ballabgarh
24529,140820,1.0,NA,,
24529,140820,3.0,EMEA,,
24529,140820,4.0,AP,46.0,Aurangabad
24529,140820,1.0,NA,,
24529,140820,3.0,EMEA,,
24529,140820,4.0,AP,47.0,Indonesia
24621,141318,4.0,AP,,
24970,142577,3.0,EMEA,23.0,Adapazari
24970,142577,3.0,EMEA,25.0,Izmit
24970,142577,3.0,EMEA,27.0,South Africa
24970,142577,3.0,EMEA,346.0,Melksham
24970,142577,3.0,EMEA,360.0,Krusevac
25079,142900,3.0,EMEA,,
25080,142901,3.0,EMEA,,
25399,143741,,,,
25406,143764,,,,
25429,143819,,,,
25430,143820,,,,
25431,143821,,,,
25432,143822,,,,
25433,143823,,,,
25434,143824,,,,
25435,143837,1.0,NA,,
25435,143837,2.0,LA,,
25435,143837,3.0,EMEA,,
25435,143837,4.0,AP,,
25435,143837,5.0,Cooper Americas,,
25435,143837,6.0,Cooper Europe,,
25435,143837,7.0,Cooper Asia,,
25436,143838,1.0,NA,,
25436,143838,2.0,LA,,
25436,143838,3.0,EMEA,,
25436,143838,4.0,AP,42.0,Nippon Giant
25531,144190,1.0,NA,,
25531,144190,2.0,LA,,
25531,144190,3.0,EMEA,346.0,Melksham
25531,144190,4.0,AP,,
25532,144191,,,,
25533,144192,,,,
25534,144193,,,,
25535,144194,,,,
25536,144195,,,,
24655,141460,1.0,NA,,
24656,141461,1.0,NA,,
24657,141462,1.0,NA,,
24658,141463,1.0,NA,,
24659,141464,1.0,NA,,
24722,141612,3.0,EMEA,,
24873,142175,,,,
25087,142922,1.0,NA,,
25087,142922,2.0,LA,,
25087,142922,3.0,EMEA,,
25087,142922,4.0,AP,,
25475,143977,1.0,NA,,
25475,143977,2.0,LA,,
25475,143977,3.0,EMEA,346.0,Melksham
25475,143977,4.0,AP,,
25575,144306,,,,
25638,144547,1.0,NA,,
25739,144782,1.0,NA,,
25739,144782,2.0,LA,,
25739,144782,3.0,EMEA,,
25739,144782,4.0,AP,,
25740,144783,1.0,NA,,
25740,144783,2.0,LA,,
25740,144783,3.0,EMEA,,
25740,144783,4.0,AP,,
25741,144784,1.0,NA,,
25741,144784,2.0,LA,,
25741,144784,3.0,EMEA,,
25741,144784,4.0,AP,,
25750,144796,1.0,NA,,
25750,144796,2.0,LA,,
25750,144796,3.0,EMEA,,
25750,144796,4.0,AP,,
25752,144798,1.0,NA,,
25752,144798,2.0,LA,,
25752,144798,3.0,EMEA,,
25752,144798,4.0,AP,,
25754,144800,1.0,NA,,
25754,144800,2.0,LA,,
25754,144800,3.0,EMEA,,
25754,144800,4.0,AP,,
25755,144801,1.0,NA,,
25755,144801,2.0,LA,,
25755,144801,3.0,EMEA,,
25755,144801,4.0,AP,,
25756,144802,1.0,NA,,
25756,144802,2.0,LA,,
25756,144802,3.0,EMEA,,
25757,144803,1.0,NA,,
25757,144803,2.0,LA,,
25757,144803,3.0,EMEA,,
25757,144803,4.0,AP,,
25758,144804,1.0,NA,,
25758,144804,2.0,LA,,
25758,144804,3.0,EMEA,,
25759,144805,1.0,NA,,
25759,144805,2.0,LA,,
25759,144805,3.0,EMEA,,
25759,144805,4.0,AP,,
25887,145136,1.0,NA,,
25887,145136,3.0,EMEA,,
25887,145136,4.0,AP,,
25895,145146,4.0,AP,,
25915,145205,,,,
25916,145206,,,,
25917,145207,,,,
26069,145590,,,,
26071,145595,,,,
26072,145596,,,,
26073,145597,3.0,EMEA,23.0,Adapazari
26073,145597,3.0,EMEA,25.0,Izmit
26073,145597,3.0,EMEA,346.0,Melksham
24271,138848,,,,
24273,138850,,,,
24274,138851,,,,
24311,139104,,,,
24313,139106,,,,
24415,139938,4.0,AP,42.0,Nippon Giant
24415,139938,4.0,AP,100.0,Pulandian
24415,139938,4.0,AP,347.0,Kunshan
24415,139938,4.0,AP,348.0,Qingdao
24965,142533,,,,
24966,142534,3.0,EMEA,18.0,Debica
24966,142534,3.0,EMEA,19.0,Philippsburg
24966,142534,3.0,EMEA,21.0,Luxembourg
24966,142534,3.0,EMEA,23.0,Adapazari
24966,142534,3.0,EMEA,24.0,Sava
24966,142534,3.0,EMEA,25.0,Izmit
24966,142534,3.0,EMEA,26.0,Fulda
24966,142534,3.0,EMEA,48.0,Amiens South
24966,142534,3.0,EMEA,49.0,Montlucon
24966,142534,3.0,EMEA,50.0,Hanau
24966,142534,3.0,EMEA,51.0,Wittlich
24966,142534,3.0,EMEA,52.0,Fuerstenwalde
24966,142534,3.0,EMEA,53.0,Riesa
24966,142534,3.0,EMEA,180.0,Polymer-Technik Elbe GmbH
24966,142534,3.0,EMEA,200.0,ICM*L
24966,142534,3.0,EMEA,220.0,RCCE
24966,142534,3.0,EMEA,260.0,Conbelts Bytom-SAEU
24966,142534,3.0,EMEA,261.0,DRC Kauucuk
24966,142534,3.0,EMEA,262.0,Empresa Industrial de Borracha SA-EIB
24966,142534,3.0,EMEA,263.0,FTT Stomil Wolbrom SA
24966,142534,3.0,EMEA,264.0,Geyer and Hosaja-Zak-ADY Gumowe w Mielcu-Sp. Zo.o
24966,142534,3.0,EMEA,265.0,Hexpol - Berwin
24966,142534,3.0,EMEA,266.0,Kabat Tyre
24966,142534,3.0,EMEA,267.0,Kolsan
24966,142534,3.0,EMEA,268.0,Kraiburg Austria GmbH and Co. KG
24966,142534,3.0,EMEA,269.0,Marangoni S.p.A Rovereto
24966,142534,3.0,EMEA,270.0,Marangoni S.p.A Hamburg
24966,142534,3.0,EMEA,271.0,Matrax s.r.o.
24966,142534,3.0,EMEA,272.0,Multiblend
24966,142534,3.0,EMEA,273.0,Omya Uk Limited-Masterbatches
24966,142534,3.0,EMEA,274.0,Ozka Lastik ve Kaucuk Inc.
24966,142534,3.0,EMEA,275.0,Peintures Robin S.A-Paints /Cements
24966,142534,3.0,EMEA,276.0,Phoenix Compound Technology Hamburg
24966,142534,3.0,EMEA,277.0,Phoenix Compound Technology Waltershausen
24966,142534,3.0,EMEA,279.0,ProPS s.r.o.
24966,142534,3.0,EMEA,280.0,S and N Rubber¿
24966,142534,3.0,EMEA,281.0,Socamont-S.A.
24966,142534,3.0,EMEA,282.0,Stomil Poznan
24966,142534,3.0,EMEA,283.0,Tecnogum
24966,142534,3.0,EMEA,284.0,Vil Kaucuk San.ve Tic. Ltd Sti
24966,142534,3.0,EMEA,285.0,Zaklady Chemiczne BOCHEM Sp. z o.o
24966,142534,3.0,EMEA,320.0,Dudelange
24966,142534,3.0,EMEA,346.0,Melksham
24966,142534,3.0,EMEA,360.0,Krusevac
25667,144632,1.0,NA,,
25668,144633,1.0,NA,,
25669,144634,1.0,NA,,
25670,144635,1.0,NA,,
25693,144687,1.0,NA,,
25693,144687,2.0,LA,,
25693,144687,3.0,EMEA,,
25693,144687,4.0,AP,,
25789,144892,,,,
25834,144993,,,,
25869,145090,1.0,NA,,
25869,145090,2.0,LA,,
25869,145090,3.0,EMEA,,
25869,145090,4.0,AP,,
25871,145091,,,,
25872,145092,,,,
25873,145093,,,,
25874,145100,1.0,NA,,
25874,145100,2.0,LA,,
25874,145100,3.0,EMEA,,
25874,145100,4.0,AP,,
25875,145101,1.0,NA,,
25875,145101,2.0,LA,,
25875,145101,3.0,EMEA,,
25875,145101,4.0,AP,,
25876,145102,1.0,NA,,
25876,145102,2.0,LA,,
25876,145102,3.0,EMEA,,
25876,145102,4.0,AP,,
25877,145103,,,,
24140,137401,1.0,NA,,
24141,137402,1.0,NA,,
24421,139969,,,,
24459,140285,,,,
24460,140286,,,,
24461,140326,,,,
24462,140327,,,,
24851,142035,,,,
24853,142036,1.0,NA,,
24853,142036,2.0,LA,,
24853,142036,3.0,EMEA,23.0,Adapazari
24853,142036,4.0,AP,,
24853,142036,1.0,NA,,
24853,142036,2.0,LA,,
24853,142036,3.0,EMEA,25.0,Izmit
24853,142036,4.0,AP,,
24853,142036,1.0,NA,,
24853,142036,2.0,LA,,
24853,142036,3.0,EMEA,346.0,Melksham
24853,142036,4.0,AP,,
25099,142965,,,,
25261,143367,1.0,NA,,
25262,143368,1.0,NA,,
25263,143369,1.0,NA,,
25264,143370,1.0,NA,,
25265,143371,1.0,NA,,
25266,143372,1.0,NA,,
25333,143540,,,,
25335,143545,,,,
25337,143546,,,,
25338,143547,,,,
25339,143549,,,,
25443,143888,,,,
25483,143995,,,,
25505,144128,3.0,EMEA,23.0,Adapazari
25505,144128,3.0,EMEA,25.0,Izmit
25505,144128,3.0,EMEA,346.0,Melksham
25506,144129,,,,
25507,144130,3.0,EMEA,23.0,Adapazari
25507,144130,3.0,EMEA,25.0,Izmit
25507,144130,3.0,EMEA,346.0,Melksham
25515,144151,1.0,NA,,
25515,144151,2.0,LA,,
25515,144151,3.0,EMEA,,
25515,144151,4.0,AP,,
25515,144151,5.0,Cooper Americas,,
25515,144151,6.0,Cooper Europe,,
25515,144151,7.0,Cooper Asia,,
25517,144155,1.0,NA,,
25517,144155,2.0,LA,,
25517,144155,3.0,EMEA,,
25517,144155,4.0,AP,,
25517,144155,5.0,Cooper Americas,,
25517,144155,6.0,Cooper Europe,,
25517,144155,7.0,Cooper Asia,,
25518,144156,1.0,NA,,
25518,144156,2.0,LA,,
25518,144156,3.0,EMEA,,
25518,144156,4.0,AP,,
25518,144156,5.0,Cooper Americas,,
25518,144156,6.0,Cooper Europe,,
25518,144156,7.0,Cooper Asia,,
25519,144159,,,,
25520,144160,,,,
24293,139000,3.0,EMEA,,
24562,140980,1.0,NA,,
24881,142201,3.0,EMEA,,
24882,142202,2.0,LA,,
24938,142390,4.0,AP,37.0,Malaysia
24938,142390,4.0,AP,40.0,Thailand
24938,142390,4.0,AP,42.0,Nippon Giant
24938,142390,4.0,AP,45.0,Ballabgarh
24938,142390,4.0,AP,46.0,Aurangabad
24938,142390,4.0,AP,47.0,Indonesia
24938,142390,4.0,AP,349.0,Prinx Chengshan
25359,143601,1.0,NA,,
25359,143601,2.0,LA,,
25359,143601,3.0,EMEA,,
25359,143601,4.0,AP,,
25653,144588,1.0,NA,,
25653,144588,2.0,LA,,
25653,144588,3.0,EMEA,,
25653,144588,4.0,AP,,
25689,144678,1.0,NA,,
25690,144679,1.0,NA,,
25691,144680,1.0,NA,,
25831,144985,3.0,EMEA,,
25832,144986,2.0,LA,,
25879,145106,3.0,EMEA,,
25880,145107,3.0,EMEA,,
25881,145108,3.0,EMEA,,
25882,145109,3.0,EMEA,,
25883,145119,1.0,NA,,
25883,145119,2.0,LA,,
25883,145119,3.0,EMEA,,
25883,145119,4.0,AP,,
25884,145120,1.0,NA,,
25884,145120,2.0,LA,,
25884,145120,3.0,EMEA,,
25884,145120,4.0,AP,,
25885,145126,,,,
25886,145127,,,,
25928,145252,3.0,EMEA,,
26067,145585,1.0,NA,,
26067,145585,2.0,LA,,
26067,145585,3.0,EMEA,346.0,Melksham
26067,145585,4.0,AP,,
26203,145852,,,,
26219,145883,3.0,EMEA,,
26275,145991,1.0,NA,,
26275,145991,2.0,LA,,
26281,146010,,,,
26283,146013,,,,
26284,146016,,,,
24315,139110,,,,
24425,140020,1.0,NA,,
24441,140153,4.0,AP,,
24573,141047,1.0,NA,,
24573,141047,3.0,EMEA,,
24574,141048,1.0,NA,,
24574,141048,3.0,EMEA,,
24575,141049,1.0,NA,,
24575,141049,3.0,EMEA,,
24576,141050,1.0,NA,,
24576,141050,3.0,EMEA,,
24577,141051,1.0,NA,,
24577,141051,3.0,EMEA,,
24587,141141,1.0,NA,,
24588,141142,1.0,NA,,
24589,141143,1.0,NA,,
24590,141144,1.0,NA,,
24633,141369,3.0,EMEA,18.0,Debica
24633,141369,4.0,AP,,
24633,141369,3.0,EMEA,19.0,Philippsburg
24633,141369,4.0,AP,,
24633,141369,3.0,EMEA,21.0,Luxembourg
24633,141369,4.0,AP,,
24633,141369,3.0,EMEA,23.0,Adapazari
24633,141369,4.0,AP,,
24633,141369,3.0,EMEA,24.0,Sava
24633,141369,4.0,AP,,
24633,141369,3.0,EMEA,25.0,Izmit
24633,141369,4.0,AP,,
24633,141369,3.0,EMEA,26.0,Fulda
24633,141369,4.0,AP,,
24633,141369,3.0,EMEA,27.0,South Africa
24633,141369,4.0,AP,,
24633,141369,3.0,EMEA,48.0,Amiens South
24633,141369,4.0,AP,,
24633,141369,3.0,EMEA,49.0,Montlucon
24633,141369,4.0,AP,,
24633,141369,3.0,EMEA,50.0,Hanau
24633,141369,4.0,AP,,
24633,141369,3.0,EMEA,51.0,Wittlich
24633,141369,4.0,AP,,
24633,141369,3.0,EMEA,52.0,Fuerstenwalde
24633,141369,4.0,AP,,
24633,141369,3.0,EMEA,53.0,Riesa
24633,141369,4.0,AP,,
24633,141369,3.0,EMEA,180.0,Polymer-Technik Elbe GmbH
24633,141369,4.0,AP,,
24633,141369,3.0,EMEA,200.0,ICM*L
24633,141369,4.0,AP,,
24633,141369,3.0,EMEA,220.0,RCCE
24633,141369,4.0,AP,,
24633,141369,3.0,EMEA,260.0,Conbelts Bytom-SAEU
24633,141369,4.0,AP,,
24633,141369,3.0,EMEA,261.0,DRC Kauucuk
24633,141369,4.0,AP,,
24633,141369,3.0,EMEA,262.0,Empresa Industrial de Borracha SA-EIB
24633,141369,4.0,AP,,
24633,141369,3.0,EMEA,263.0,FTT Stomil Wolbrom SA
24633,141369,4.0,AP,,
24633,141369,3.0,EMEA,264.0,Geyer and Hosaja-Zak-ADY Gumowe w Mielcu-Sp. Zo.o
24633,141369,4.0,AP,,
24633,141369,3.0,EMEA,265.0,Hexpol - Berwin
24633,141369,4.0,AP,,
24633,141369,3.0,EMEA,266.0,Kabat Tyre
24633,141369,4.0,AP,,
24633,141369,3.0,EMEA,267.0,Kolsan
24633,141369,4.0,AP,,
24633,141369,3.0,EMEA,268.0,Kraiburg Austria GmbH and Co. KG
24633,141369,4.0,AP,,
24633,141369,3.0,EMEA,269.0,Marangoni S.p.A Rovereto
24633,141369,4.0,AP,,
24633,141369,3.0,EMEA,270.0,Marangoni S.p.A Hamburg
24633,141369,4.0,AP,,
24633,141369,3.0,EMEA,271.0,Matrax s.r.o.
24633,141369,4.0,AP,,
24633,141369,3.0,EMEA,272.0,Multiblend
24633,141369,4.0,AP,,
24633,141369,3.0,EMEA,273.0,Omya Uk Limited-Masterbatches
24633,141369,4.0,AP,,
24633,141369,3.0,EMEA,274.0,Ozka Lastik ve Kaucuk Inc.
24633,141369,4.0,AP,,
24633,141369,3.0,EMEA,275.0,Peintures Robin S.A-Paints /Cements
24633,141369,4.0,AP,,
24633,141369,3.0,EMEA,276.0,Phoenix Compound Technology Hamburg
24633,141369,4.0,AP,,
24633,141369,3.0,EMEA,277.0,Phoenix Compound Technology Waltershausen
24633,141369,4.0,AP,,
24633,141369,3.0,EMEA,279.0,ProPS s.r.o.
24633,141369,4.0,AP,,
24633,141369,3.0,EMEA,280.0,S and N Rubber¿
24633,141369,4.0,AP,,
24633,141369,3.0,EMEA,281.0,Socamont-S.A.
24633,141369,4.0,AP,,
24633,141369,3.0,EMEA,282.0,Stomil Poznan
24633,141369,4.0,AP,,
24633,141369,3.0,EMEA,283.0,Tecnogum
24633,141369,4.0,AP,,
24633,141369,3.0,EMEA,284.0,Vil Kaucuk San.ve Tic. Ltd Sti
24633,141369,4.0,AP,,
24633,141369,3.0,EMEA,285.0,Zaklady Chemiczne BOCHEM Sp. z o.o
24633,141369,4.0,AP,,
24633,141369,3.0,EMEA,320.0,Dudelange
24633,141369,4.0,AP,,
24633,141369,3.0,EMEA,346.0,Melksham
24633,141369,4.0,AP,,
24633,141369,3.0,EMEA,360.0,Krusevac
24633,141369,4.0,AP,,
24668,141506,1.0,NA,,
24669,141507,1.0,NA,,
24670,141508,1.0,NA,,
24675,141522,,,,
24676,141523,,,,
24677,141524,,,,
24775,141765,2.0,LA,30.0,Americana
24775,141765,2.0,LA,31.0,Sao Paulo
24775,141765,2.0,LA,33.0,Colombia
24775,141765,2.0,LA,345.0,Guadalajara
24775,141765,2.0,LA,361.0,El Salto
24809,141907,,,,
24865,142136,1.0,NA,,
24866,142137,1.0,NA,,
24867,142138,1.0,NA,,
24868,142139,1.0,NA,,
24869,142158,1.0,NA,,
24869,142158,2.0,LA,,
24869,142158,4.0,AP,,
25013,142707,1.0,NA,,
25013,142707,2.0,LA,,
25097,142961,,,,
25389,143722,1.0,NA,,
25393,143734,1.0,NA,,
25393,143734,2.0,LA,,
25393,143734,3.0,EMEA,,
25393,143734,4.0,AP,,
25395,143736,1.0,NA,,
25395,143736,2.0,LA,,
25395,143736,3.0,EMEA,23.0,Adapazari
25395,143736,4.0,AP,,
25395,143736,1.0,NA,,
25395,143736,2.0,LA,,
25395,143736,3.0,EMEA,25.0,Izmit
25395,143736,4.0,AP,,
25395,143736,1.0,NA,,
25395,143736,2.0,LA,,
25395,143736,3.0,EMEA,346.0,Melksham
25395,143736,4.0,AP,,
25396,143737,1.0,NA,,
25396,143737,2.0,LA,,
25396,143737,3.0,EMEA,,
25396,143737,4.0,AP,42.0,Nippon Giant
25396,143737,1.0,NA,,
25396,143737,2.0,LA,,
25396,143737,3.0,EMEA,271.0,Matrax s.r.o.
25396,143737,4.0,AP,,
25521,144161,,,,
25522,144162,,,,
25523,144173,,,,
24174,137946,,,,
24176,137983,,,,
24177,137984,,,,
24323,139264,,,,
24690,141551,1.0,NA,,
24691,141552,1.0,NA,,
24767,141744,1.0,NA,,
24819,141933,1.0,NA,,
24819,141933,2.0,LA,,
24819,141933,3.0,EMEA,,
24819,141933,4.0,AP,,
24967,142553,3.0,EMEA,23.0,Adapazari
24967,142553,3.0,EMEA,25.0,Izmit
24967,142553,3.0,EMEA,27.0,South Africa
24967,142553,3.0,EMEA,346.0,Melksham
24967,142553,3.0,EMEA,360.0,Krusevac
24987,142613,,,,
25062,142831,,,,
25139,143077,1.0,NA,,
25140,143078,1.0,NA,,
25141,143079,1.0,NA,,
25142,143080,1.0,NA,,
25143,143081,,,,
25144,143082,,,,
25145,143083,,,,
25407,143765,,,,
25761,144807,1.0,NA,,
25762,144808,1.0,NA,,
25763,144809,1.0,NA,,
25769,144834,,,,
25854,145036,1.0,NA,,
25854,145036,2.0,LA,,
25854,145036,4.0,AP,,
25855,145037,1.0,NA,,
25855,145037,2.0,LA,,
25855,145037,4.0,AP,,
25856,145038,1.0,NA,,
25856,145038,2.0,LA,,
25856,145038,3.0,EMEA,,
25856,145038,4.0,AP,,
26253,145948,,,,
24401,139879,1.0,NA,,
24401,139879,2.0,LA,,
24401,139879,4.0,AP,42.0,Nippon Giant
24402,139881,,,,
24779,141798,3.0,EMEA,,
25217,143288,3.0,EMEA,,
25218,143289,3.0,EMEA,,
25221,143292,3.0,EMEA,,
25248,143343,1.0,NA,,
25248,143343,2.0,LA,,
25249,143344,1.0,NA,,
25249,143344,2.0,LA,,
25524,144174,,,,
25525,144175,,,,
25526,144176,,,,
25568,144285,,,,
25570,144292,1.0,NA,,
25570,144292,2.0,LA,,
25570,144292,3.0,EMEA,,
25623,144462,7.0,Cooper Asia,,
25641,144572,1.0,NA,,
25641,144572,2.0,LA,,
25641,144572,3.0,EMEA,,
25641,144572,4.0,AP,,
25642,144573,1.0,NA,,
25642,144573,2.0,LA,,
25642,144573,3.0,EMEA,,
25642,144573,4.0,AP,,
25643,144574,,,,
25655,144595,1.0,NA,,
25681,144664,,,,
25682,144665,,,,
25683,144666,,,,
25684,144667,,,,
25685,144668,,,,
25686,144669,,,,
25687,144670,,,,
25688,144671,,,,
24183,138055,4.0,AP,,
24201,138176,,,,
24204,138180,,,,
24205,138214,1.0,NA,14.0,ICM*A
24207,138218,1.0,NA,,
24953,142468,1.0,NA,,
24953,142468,2.0,LA,,
24953,142468,3.0,EMEA,,
24953,142468,4.0,AP,,
24954,142469,3.0,EMEA,,
25171,143145,1.0,NA,,
25172,143146,1.0,NA,,
25173,143152,1.0,NA,,
25313,143485,,,,
25442,143887,3.0,EMEA,,
25461,143941,1.0,NA,,
25480,143987,4.0,AP,,
25481,143994,,,,
25893,145145,,,,
25983,145381,,,,
25984,145382,,,,
25985,145384,,,,
25986,145385,,,,
25987,145386,,,,
24623,141338,4.0,AP,,
24683,141537,1.0,NA,,
24684,141538,1.0,NA,,
24685,141539,1.0,NA,,
24735,141661,4.0,AP,37.0,Malaysia
24735,141661,4.0,AP,40.0,Thailand
24735,141661,4.0,AP,42.0,Nippon Giant
24735,141661,4.0,AP,45.0,Ballabgarh
24735,141661,4.0,AP,46.0,Aurangabad
24735,141661,4.0,AP,47.0,Indonesia
24827,141967,1.0,NA,,
24827,141967,2.0,LA,,
24827,141967,3.0,EMEA,,
24827,141967,4.0,AP,,
24960,142517,1.0,NA,,
24961,142518,1.0,NA,,
24963,142520,1.0,NA,,
24964,142521,1.0,NA,,
25025,142733,1.0,NA,,
25025,142733,2.0,LA,,
25025,142733,3.0,EMEA,346.0,Melksham
25025,142733,4.0,AP,,
25026,142734,1.0,NA,,
25026,142734,2.0,LA,,
25026,142734,3.0,EMEA,346.0,Melksham
25026,142734,4.0,AP,,
25026,142734,5.0,Cooper Americas,,
25026,142734,6.0,Cooper Europe,,
25026,142734,7.0,Cooper Asia,,
25029,142742,1.0,NA,,
25029,142742,2.0,LA,,
25029,142742,4.0,AP,42.0,Nippon Giant
25039,142777,3.0,EMEA,,
25242,143336,,,,
25243,143337,,,,
25415,143787,1.0,NA,,
25416,143788,1.0,NA,,
25417,143789,1.0,NA,,
25418,143790,1.0,NA,,
25470,143960,1.0,NA,,
25471,143961,1.0,NA,,
25472,143962,1.0,NA,,
25472,143962,2.0,LA,,
25472,143962,3.0,EMEA,,
25472,143962,4.0,AP,,
25512,144144,1.0,NA,,
25512,144144,2.0,LA,,
25512,144144,3.0,EMEA,,
25512,144144,4.0,AP,,
25513,144145,,,,
25695,144695,,,,
24427,140041,,,,
24428,140042,1.0,NA,,
24595,141178,,,,
24813,141920,,,,
24815,141922,1.0,NA,,
24817,141929,3.0,EMEA,,
24859,142094,1.0,NA,,
24859,142094,4.0,AP,,
25148,143090,3.0,EMEA,,
25149,143091,3.0,EMEA,,
25150,143092,3.0,EMEA,,
25703,144705,1.0,NA,,
25703,144705,3.0,EMEA,,
25772,144836,,,,
26151,145754,1.0,NA,,
26151,145754,3.0,EMEA,,
26191,145838,1.0,NA,,
26192,145839,1.0,NA,,
26193,145840,1.0,NA,,
26194,145841,1.0,NA,,
26195,145842,1.0,NA,,
26196,145843,1.0,NA,,
26197,145844,1.0,NA,,
26198,145845,1.0,NA,,
26199,145846,1.0,NA,,
26254,145949,,,,
26255,145951,,,,
26259,145953,3.0,EMEA,,
26261,145954,1.0,NA,,
26261,145954,2.0,LA,,
26293,146030,1.0,NA,,
26293,146030,2.0,LA,,
26321,146074,,,,
26343,146107,2.0,LA,,
26344,146108,2.0,LA,,
24203,138178,1.0,NA,,
24206,138216,,,,
24225,138419,1.0,NA,,
24226,138420,3.0,EMEA,,
24229,138461,,,,
24230,138462,,,,
24231,138463,,,,
24233,138492,,,,
24235,138495,,,,
24259,138781,1.0,NA,,
24259,138781,2.0,LA,,
24259,138781,3.0,EMEA,,
24259,138781,4.0,AP,,
24266,138816,4.0,AP,,
24269,138819,1.0,NA,,
24269,138819,2.0,LA,,
24269,138819,3.0,EMEA,,
24269,138819,4.0,AP,,
24443,140155,3.0,EMEA,,
24553,140959,1.0,NA,,
25115,143024,1.0,NA,,
25115,143024,2.0,LA,,
25115,143024,3.0,EMEA,,
25115,143024,4.0,AP,,
25117,143029,3.0,EMEA,,
25118,143030,3.0,EMEA,,
25119,143031,3.0,EMEA,,
25120,143032,2.0,LA,,
25121,143033,,,,
25122,143035,1.0,NA,,
25251,143352,1.0,NA,,
25251,143352,2.0,LA,,
25251,143352,3.0,EMEA,,
25251,143352,4.0,AP,,
25253,143354,1.0,NA,,
25254,143355,,,,
25255,143356,,,,
25371,143656,1.0,NA,,
25371,143656,3.0,EMEA,,
25697,144699,,,,
25698,144700,1.0,NA,,
25698,144700,2.0,LA,,
25698,144700,3.0,EMEA,,
25698,144700,4.0,AP,,
24154,137659,4.0,AP,,
24155,137660,1.0,NA,,
24387,139598,1.0,NA,,
24387,139598,2.0,LA,,
24387,139598,3.0,EMEA,23.0,Adapazari
24387,139598,1.0,NA,,
24387,139598,2.0,LA,,
24387,139598,3.0,EMEA,25.0,Izmit
24387,139598,1.0,NA,,
24387,139598,2.0,LA,,
24387,139598,3.0,EMEA,27.0,South Africa
24387,139598,1.0,NA,,
24387,139598,2.0,LA,,
24387,139598,3.0,EMEA,360.0,Krusevac
24515,140770,1.0,NA,,
24515,140770,2.0,LA,,
24515,140770,3.0,EMEA,,
24515,140770,4.0,AP,,
24516,140771,1.0,NA,,
24516,140771,2.0,LA,,
24516,140771,3.0,EMEA,,
24516,140771,4.0,AP,,
24517,140772,,,,
24518,140773,,,,
24519,140774,,,,
24687,141548,1.0,NA,,
24688,141549,1.0,NA,,
24755,141710,4.0,AP,,
24955,142500,1.0,NA,,
24956,142502,1.0,NA,,
25103,142982,1.0,NA,,
25211,143261,1.0,NA,,
25211,143261,3.0,EMEA,,
25274,143385,,,,
25276,143387,,,,
25277,143388,,,,
25279,143391,,,,
25280,143392,,,,
25282,143400,,,,
25284,143402,,,,
25286,143404,,,,
25292,143423,1.0,NA,,
25293,143424,,,,
25294,143425,,,,
25307,143460,,,,
25401,143753,,,,
26021,145489,1.0,NA,,
26023,145493,3.0,EMEA,,
26171,145799,,,,
26269,145970,,,,
26271,145972,,,,
24521,140775,1.0,NA,,
24522,140776,1.0,NA,,
24523,140777,1.0,NA,,
24524,140778,1.0,NA,,
24525,140779,1.0,NA,,
24526,140780,1.0,NA,,
24527,140781,1.0,NA,,
24528,140782,1.0,NA,,
24619,141298,,,,
24665,141498,1.0,NA,,
24665,141498,2.0,LA,,
24665,141498,3.0,EMEA,,
24665,141498,4.0,AP,,
25572,144299,,,,
25659,144614,2.0,LA,,
25699,144701,,,,
25700,144702,1.0,NA,,
25700,144702,2.0,LA,,
25700,144702,3.0,EMEA,,
25700,144702,4.0,AP,,
25701,144703,1.0,NA,,
25701,144703,2.0,LA,,
25701,144703,3.0,EMEA,,
25701,144703,4.0,AP,,
25701,144703,5.0,Cooper Americas,,
25701,144703,6.0,Cooper Europe,,
25701,144703,7.0,Cooper Asia,,
25702,144704,,,,
25709,144720,,,,
25710,144721,,,,
25729,144763,5.0,Cooper Americas,,
25731,144770,,,,
25732,144771,,,,
25733,144772,1.0,NA,,
25733,144772,2.0,LA,,
25733,144772,3.0,EMEA,,
25733,144772,4.0,AP,,
25734,144773,1.0,NA,,
25734,144773,2.0,LA,,
25734,144773,3.0,EMEA,,
25734,144773,4.0,AP,,
24535,140887,,,,
24624,141340,1.0,NA,,
24625,141341,1.0,NA,,
24626,141342,1.0,NA,,
24627,141343,1.0,NA,,
24628,141344,1.0,NA,,
24629,141345,1.0,NA,,
24630,141346,1.0,NA,,
24631,141347,1.0,NA,,
24632,141348,1.0,NA,,
24776,141766,,,,
25014,142708,1.0,NA,,
25014,142708,2.0,LA,,
25021,142729,3.0,EMEA,,
25022,142730,,,,
25023,142731,,,,
25024,142732,1.0,NA,,
25024,142732,2.0,LA,,
25024,142732,3.0,EMEA,346.0,Melksham
25024,142732,4.0,AP,,
25095,142957,,,,
25311,143470,1.0,NA,,
25311,143470,2.0,LA,,
25402,143754,3.0,EMEA,,
25403,143755,3.0,EMEA,,
25405,143756,1.0,NA,,
25405,143756,2.0,LA,,
25405,143756,3.0,EMEA,,
25405,143756,4.0,AP,,
25627,144502,2.0,LA,,
25781,144875,,,,
25794,144901,,,,
25825,144974,,,,
25826,144975,1.0,NA,,
25826,144975,2.0,LA,,
25826,144975,4.0,AP,42.0,Nippon Giant
25929,145262,,,,
25930,145263,,,,
25032,142759,,,,
25059,142821,1.0,NA,,
25059,142821,2.0,LA,,
25059,142821,3.0,EMEA,,
25059,142821,4.0,AP,,
25735,144774,1.0,NA,,
25735,144774,2.0,LA,,
25735,144774,3.0,EMEA,,
25735,144774,4.0,AP,,
25736,144775,1.0,NA,,
25736,144775,2.0,LA,,
25737,144776,,,,
25749,144795,1.0,NA,,
25749,144795,2.0,LA,,
25749,144795,3.0,EMEA,,
25749,144795,4.0,AP,,
25791,144896,,,,
25841,145014,,,,
25842,145015,,,,
25843,145016,,,,
25857,145039,1.0,NA,,
25857,145039,2.0,LA,,
25857,145039,3.0,EMEA,,
25857,145039,4.0,AP,,
25858,145040,1.0,NA,,
25858,145040,2.0,LA,,
25858,145040,3.0,EMEA,,
25858,145040,4.0,AP,,
25859,145041,,,,
25889,145139,1.0,NA,,
25890,145140,1.0,NA,,
25891,145141,1.0,NA,,
25926,145250,3.0,EMEA,346.0,Melksham
25938,145291,3.0,EMEA,,
26075,145603,4.0,AP,,
26076,145604,4.0,AP,,
26120,145687,,,,
26121,145688,,,,
26123,145691,,,,
26125,145695,,,,
24159,137787,1.0,NA,,
24160,137788,1.0,NA,,
24161,137789,,,,
24162,137790,,,,
24163,137791,,,,
24164,137792,,,,
24165,137793,,,,
24166,137794,,,,
24279,138887,,,,
24715,141581,,,,
24897,142245,1.0,NA,,
24901,142250,,,,
24941,142413,1.0,NA,,
24941,142413,2.0,LA,,
24941,142413,3.0,EMEA,23.0,Adapazari
24941,142413,4.0,AP,,
24941,142413,1.0,NA,,
24941,142413,2.0,LA,,
24941,142413,3.0,EMEA,25.0,Izmit
24941,142413,4.0,AP,,
24941,142413,1.0,NA,,
24941,142413,2.0,LA,,
24941,142413,3.0,EMEA,346.0,Melksham
24941,142413,4.0,AP,,
24942,142414,1.0,NA,,
24942,142414,2.0,LA,,
24942,142414,3.0,EMEA,23.0,Adapazari
24942,142414,4.0,AP,,
24942,142414,1.0,NA,,
24942,142414,2.0,LA,,
24942,142414,3.0,EMEA,25.0,Izmit
24942,142414,4.0,AP,,
24942,142414,1.0,NA,,
24942,142414,2.0,LA,,
24942,142414,3.0,EMEA,346.0,Melksham
24942,142414,4.0,AP,,
25245,143341,,,,
25259,143365,1.0,NA,,
25259,143365,2.0,LA,,
25259,143365,3.0,EMEA,,
25259,143365,4.0,AP,,
25676,144645,,,,
25677,144646,,,,
25907,145192,,,,
25931,145265,,,,
25951,145323,,,,
25952,145324,,,,
25953,145328,1.0,NA,,
25953,145328,2.0,LA,,
25953,145328,4.0,AP,,
25958,145340,1.0,NA,,
25959,145341,1.0,NA,,
25960,145342,1.0,NA,,
25961,145343,1.0,NA,,
25963,145353,1.0,NA,,
26019,145480,,,,
26020,145481,,,,
24282,138912,1.0,NA,,
24282,138912,2.0,LA,,
24282,138912,3.0,EMEA,,
24282,138912,4.0,AP,,
24599,141195,1.0,NA,,
24599,141195,2.0,LA,,
24599,141195,3.0,EMEA,,
24599,141195,4.0,AP,,
24600,141196,,,,
24601,141197,1.0,NA,,
24601,141197,2.0,LA,,
25385,143711,1.0,NA,,
25635,144545,1.0,NA,,
25635,144545,2.0,LA,,
25635,144545,3.0,EMEA,,
25635,144545,4.0,AP,,
25637,144546,3.0,EMEA,18.0,Debica
25637,144546,3.0,EMEA,19.0,Philippsburg
25637,144546,3.0,EMEA,23.0,Adapazari
25637,144546,3.0,EMEA,24.0,Sava
25637,144546,3.0,EMEA,25.0,Izmit
25637,144546,3.0,EMEA,26.0,Fulda
25637,144546,3.0,EMEA,27.0,South Africa
25637,144546,3.0,EMEA,48.0,Amiens South
25637,144546,3.0,EMEA,49.0,Montlucon
25637,144546,3.0,EMEA,50.0,Hanau
25637,144546,3.0,EMEA,51.0,Wittlich
25637,144546,3.0,EMEA,52.0,Fuerstenwalde
25637,144546,3.0,EMEA,53.0,Riesa
25637,144546,3.0,EMEA,180.0,Polymer-Technik Elbe GmbH
25637,144546,3.0,EMEA,200.0,ICM*L
25637,144546,3.0,EMEA,220.0,RCCE
25637,144546,3.0,EMEA,260.0,Conbelts Bytom-SAEU
25637,144546,3.0,EMEA,261.0,DRC Kauucuk
25637,144546,3.0,EMEA,262.0,Empresa Industrial de Borracha SA-EIB
25637,144546,3.0,EMEA,263.0,FTT Stomil Wolbrom SA
25637,144546,3.0,EMEA,264.0,Geyer and Hosaja-Zak-ADY Gumowe w Mielcu-Sp. Zo.o
25637,144546,3.0,EMEA,265.0,Hexpol - Berwin
25637,144546,3.0,EMEA,266.0,Kabat Tyre
25637,144546,3.0,EMEA,267.0,Kolsan
25637,144546,3.0,EMEA,268.0,Kraiburg Austria GmbH and Co. KG
25637,144546,3.0,EMEA,269.0,Marangoni S.p.A Rovereto
25637,144546,3.0,EMEA,270.0,Marangoni S.p.A Hamburg
25637,144546,3.0,EMEA,271.0,Matrax s.r.o.
25637,144546,3.0,EMEA,272.0,Multiblend
25637,144546,3.0,EMEA,273.0,Omya Uk Limited-Masterbatches
25637,144546,3.0,EMEA,274.0,Ozka Lastik ve Kaucuk Inc.
25637,144546,3.0,EMEA,275.0,Peintures Robin S.A-Paints /Cements
25637,144546,3.0,EMEA,276.0,Phoenix Compound Technology Hamburg
25637,144546,3.0,EMEA,277.0,Phoenix Compound Technology Waltershausen
25637,144546,3.0,EMEA,279.0,ProPS s.r.o.
25637,144546,3.0,EMEA,280.0,S and N Rubber¿
25637,144546,3.0,EMEA,281.0,Socamont-S.A.
25637,144546,3.0,EMEA,282.0,Stomil Poznan
25637,144546,3.0,EMEA,283.0,Tecnogum
25637,144546,3.0,EMEA,284.0,Vil Kaucuk San.ve Tic. Ltd Sti
25637,144546,3.0,EMEA,285.0,Zaklady Chemiczne BOCHEM Sp. z o.o
25637,144546,3.0,EMEA,320.0,Dudelange
25637,144546,3.0,EMEA,346.0,Melksham
25637,144546,3.0,EMEA,360.0,Krusevac
25774,144838,,,,
25775,144839,,,,
25776,144841,,,,
25829,144978,,,,
25911,145201,,,,
26157,145760,1.0,NA,,
26157,145760,2.0,LA,,
26157,145760,3.0,EMEA,,
26157,145760,4.0,AP,,
26157,145760,5.0,Cooper Americas,,
26157,145760,6.0,Cooper Europe,,
26157,145760,7.0,Cooper Asia,,
26167,145786,,,,
26173,145803,,,,
26174,145804,,,,
26175,145807,4.0,AP,,
26177,145810,1.0,NA,,
26177,145810,2.0,LA,,
26177,145810,3.0,EMEA,346.0,Melksham
26177,145810,4.0,AP,,
26181,145823,,,,
26182,145827,1.0,NA,,
26182,145827,2.0,LA,,
26182,145827,3.0,EMEA,,
26182,145827,4.0,AP,,
26183,145829,3.0,EMEA,,
24324,139266,,,,
24325,139267,,,,
24326,139268,,,,
24385,139594,1.0,NA,,
24385,139594,2.0,LA,,
24385,139594,3.0,EMEA,,
24385,139594,4.0,AP,,
24386,139596,1.0,NA,,
24386,139596,2.0,LA,,
24386,139596,3.0,EMEA,,
24386,139596,4.0,AP,,
24389,139621,3.0,EMEA,,
24390,139622,3.0,EMEA,,
25063,142834,3.0,EMEA,,
25657,144610,1.0,NA,,
25657,144610,2.0,LA,,
25657,144610,3.0,EMEA,,
25657,144610,4.0,AP,,
25671,144636,,,,
25954,145329,1.0,NA,,
25954,145329,2.0,LA,,
25954,145329,3.0,EMEA,,
25954,145329,4.0,AP,,
25955,145330,1.0,NA,,
25955,145330,2.0,LA,,
25955,145330,4.0,AP,,
26155,145758,,,,
26272,145975,,,,
26353,146123,4.0,AP,40.0,Thailand
26353,146123,4.0,AP,42.0,Nippon Giant
26353,146123,4.0,AP,47.0,Indonesia
26355,146125,1.0,NA,,
26355,146125,2.0,LA,,
26355,146125,3.0,EMEA,,
26355,146125,4.0,AP,,
26356,146126,1.0,NA,,
26356,146126,2.0,LA,,
26356,146126,3.0,EMEA,,
26356,146126,4.0,AP,,
26359,146130,,,,
26361,146132,,,,
26363,146133,,,,
26365,146136,1.0,NA,,
26365,146136,2.0,LA,,
26365,146136,3.0,EMEA,,
26365,146136,4.0,AP,,
26367,146151,1.0,NA,,
26368,146152,1.0,NA,,
26369,146153,1.0,NA,,
26370,146154,1.0,NA,,
26371,146155,1.0,NA,,
26372,146156,1.0,NA,,
26373,146157,1.0,NA,,
26374,146158,1.0,NA,,
26375,146159,1.0,NA,,
24147,137607,4.0,AP,,
24148,137608,4.0,AP,,
24149,137609,4.0,AP,,
24150,137610,4.0,AP,,
24151,137611,4.0,AP,,
24709,141570,,,,
24711,141572,,,,
24923,142329,3.0,EMEA,23.0,Adapazari
24923,142329,3.0,EMEA,25.0,Izmit
24923,142329,3.0,EMEA,27.0,South Africa
24923,142329,3.0,EMEA,346.0,Melksham
24923,142329,3.0,EMEA,360.0,Krusevac
25136,143068,1.0,NA,,
25137,143069,1.0,NA,,
25137,143069,2.0,LA,,
25377,143680,1.0,NA,,
25377,143680,2.0,LA,,
25377,143680,4.0,AP,,
25378,143681,,,,
25379,143682,,,,
25391,143724,,,,
25394,143735,,,,
25705,144709,1.0,NA,9.0,Medicine Hat
25705,144709,1.0,NA,10.0,Napanee
25705,144709,1.0,NA,11.0,Valleyfield
25705,144709,1.0,NA,32.0,Chile
25705,144709,1.0,NA,240.0,San Luis Potosi
25707,144718,,,,
25708,144719,,,,
25864,145075,,,,
25865,145076,,,,
25867,145084,1.0,NA,32.0,Chile
25989,145395,1.0,NA,,
25989,145395,2.0,LA,,
25989,145395,3.0,EMEA,,
25989,145395,4.0,AP,,
25990,145396,1.0,NA,,
25990,145396,2.0,LA,,
25990,145396,3.0,EMEA,,
25990,145396,4.0,AP,,
26033,145525,,,,
26034,145526,,,,
24270,138820,,,,
24272,138849,1.0,NA,,
24275,138852,1.0,NA,,
24276,138853,1.0,NA,,
24277,138854,3.0,EMEA,,
24278,138855,3.0,EMEA,,
24395,139652,,,,
24396,139653,1.0,NA,,
24741,141681,3.0,EMEA,,
24742,141682,3.0,EMEA,,
24746,141693,1.0,NA,,
24747,141694,1.0,NA,,
25064,142835,1.0,NA,,
25065,142836,1.0,NA,,
25342,143557,1.0,NA,,
25344,143559,1.0,NA,,
25387,143720,3.0,EMEA,,
25388,143721,3.0,EMEA,,
25823,144968,,,,
26405,146192,3.0,EMEA,,
26406,146193,3.0,EMEA,,
26431,146223,1.0,NA,,
26432,146224,1.0,NA,,
26433,146225,1.0,NA,,
26434,146226,1.0,NA,,
26435,146227,1.0,NA,,
26473,146290,4.0,AP,,
26474,146291,1.0,NA,,
26474,146291,2.0,LA,,
26474,146291,3.0,EMEA,,
26474,146291,4.0,AP,,
26477,146296,1.0,NA,,
26497,146320,1.0,NA,,
26497,146320,2.0,LA,,
26497,146320,4.0,AP,,
26521,146348,,,,
26522,146349,,,,
24281,138911,3.0,EMEA,,
24297,139030,,,,
24811,141917,,,,
25073,142882,,,,
25189,143186,,,,
25269,143380,,,,
25444,143889,,,,
25445,143890,,,,
25746,144792,1.0,NA,,
25746,144792,2.0,LA,,
25746,144792,3.0,EMEA,,
25746,144792,4.0,AP,,
25747,144793,1.0,NA,,
25747,144793,2.0,LA,,
25747,144793,3.0,EMEA,,
25747,144793,4.0,AP,,
25748,144794,1.0,NA,,
25748,144794,2.0,LA,,
25748,144794,3.0,EMEA,,
25748,144794,4.0,AP,,
25751,144797,1.0,NA,,
25751,144797,2.0,LA,,
25751,144797,3.0,EMEA,,
25751,144797,4.0,AP,,
25753,144799,1.0,NA,,
25753,144799,2.0,LA,,
25753,144799,3.0,EMEA,,
25753,144799,4.0,AP,,
25933,145280,1.0,NA,,
25933,145280,2.0,LA,,
25933,145280,3.0,EMEA,,
25933,145280,4.0,AP,,
26035,145527,,,,
26037,145533,,,,
26185,145831,,,,
26225,145898,1.0,NA,,
26225,145898,2.0,LA,,
26225,145898,4.0,AP,,
26229,145904,,,,
26230,145911,,,,
26231,145912,1.0,NA,9.0,Medicine Hat
26231,145912,2.0,LA,,
26231,145912,3.0,EMEA,,
26231,145912,4.0,AP,,
26231,145912,1.0,NA,10.0,Napanee
26231,145912,2.0,LA,,
26231,145912,3.0,EMEA,,
26231,145912,4.0,AP,,
26231,145912,1.0,NA,11.0,Valleyfield
26231,145912,2.0,LA,,
26231,145912,3.0,EMEA,,
26231,145912,4.0,AP,,
26231,145912,1.0,NA,,
26231,145912,2.0,LA,,
26231,145912,3.0,EMEA,346.0,Melksham
26231,145912,4.0,AP,,
26232,145913,4.0,AP,42.0,Nippon Giant
26233,145914,,,,
26245,145938,,,,
