,AP_PGM_ID,PGM_ID,REGION_FOR_SOS_APPROVAL,PROH_PLANT_NAME
0,4,4,NA,
1,29,29,LA,
2,46,46,NA,
3,46,46,LA,
4,46,46,EMEA,
5,46,46,AP,
6,47,47,NA,
7,47,47,LA,
8,47,47,EMEA,
9,47,47,AP,
10,104,104,EMEA,
11,107,107,EMEA,
12,128,128,NA,
13,131,131,NA,
14,143,143,NA,
15,150,150,NA,
16,162,162,NA,
17,170,170,NA,
18,171,171,NA,
19,172,172,NA,
20,173,173,NA,
21,174,174,NA,
22,175,175,NA,
23,176,176,NA,
24,183,183,EMEA,Luxembourg
25,185,185,NA,
26,186,186,NA,
27,201,201,,
28,241,241,EMEA,
29,262,262,EMEA,
30,265,265,EMEA,
31,281,281,,
32,282,282,NA,
33,282,282,LA,
34,282,282,EMEA,
35,282,282,AP,
36,321,321,EMEA,
37,322,322,EMEA,
38,325,325,EMEA,
39,331,331,NA,
40,331,331,LA,
41,331,331,EMEA,
42,331,331,AP,
43,338,338,NA,
44,402,402,NA,
45,423,423,,
46,426,426,,
47,428,428,,
48,434,434,,
49,438,438,NA,
50,438,438,LA,
51,438,438,EMEA,
52,438,438,AP,
53,442,442,,
54,464,464,EMEA,
55,465,465,EMEA,
56,466,466,EMEA,
57,523,523,NA,
58,524,524,NA,
59,543,543,NA,
60,545,545,NA,
61,561,561,EMEA,
62,563,563,,
63,5,5,,
64,8,8,NA,
65,8,8,LA,
66,8,8,EMEA,
67,8,8,AP,
68,22,22,NA,
69,22,22,LA,
70,22,22,EMEA,South Africa
71,22,22,AP,
74,22,22,EMEA,
75,22,22,AP,Thailand
79,22,22,AP,Indonesia
82,22,22,EMEA,Melksham
84,25,25,NA,
85,25,25,LA,
86,25,25,EMEA,
87,25,25,AP,
88,31,31,NA,
89,61,61,NA,
90,81,81,NA,
91,82,82,EMEA,
92,101,101,NA,
93,103,103,EMEA,
94,123,123,EMEA,
95,146,146,NA,
96,147,147,NA,
97,168,168,NA,
98,177,177,NA,
99,178,178,AP,
100,179,179,AP,
101,180,180,,
102,187,187,NA,
103,326,326,EMEA,
104,334,334,NA,
105,334,334,LA,
106,334,334,EMEA,
107,334,334,AP,
108,335,335,NA,
109,335,335,LA,
110,335,335,EMEA,
111,335,335,AP,
112,336,336,NA,
113,341,341,,
114,361,361,NA,
115,361,361,LA,
116,361,361,EMEA,
117,361,361,AP,
118,381,381,NA,
119,381,381,LA,
120,381,381,EMEA,
121,381,381,AP,
122,424,424,,
123,427,427,,
124,430,430,,
125,444,444,,
126,448,448,,
127,462,462,EMEA,
128,467,467,EMEA,
129,502,502,NA,Chem Bayport
130,505,505,NA,Chem Houston
131,530,530,NA,
132,546,546,NA,Chem Beaumont
133,562,562,,
134,601,601,NA,
135,602,602,NA,
136,603,603,NA,
137,605,605,NA,
138,643,643,NA,Topeka
139,643,643,AP,
140,643,643,NA,
141,643,643,AP,Nippon Giant
142,6,6,NA,
143,26,26,NA,Chem Beaumont
144,30,30,NA,Chem Bayport
145,30,30,NA,Chem Beaumont
146,30,30,NA,Chem Houston
147,30,30,NA,Chem Niagara Falls
148,32,32,NA,
149,102,102,NA,
150,102,102,LA,
151,102,102,EMEA,
152,102,102,AP,
153,108,108,EMEA,
154,121,121,EMEA,
155,124,124,EMEA,
156,126,126,EMEA,
157,132,132,NA,
158,132,132,LA,
159,132,132,EMEA,
160,132,132,AP,
161,133,133,EMEA,
162,141,141,NA,
163,142,142,NA,
164,144,144,NA,
165,148,148,NA,
166,149,149,NA,
167,161,161,NA,
168,165,165,NA,
169,167,167,NA,
170,169,169,NA,
171,221,221,,
172,263,263,EMEA,
173,264,264,EMEA,
174,266,266,EMEA,
175,329,329,EMEA,
176,332,332,NA,
177,332,332,LA,
178,332,332,EMEA,
179,332,332,AP,
180,401,401,NA,
181,401,401,LA,
182,401,401,EMEA,
183,401,401,AP,
184,421,421,,
185,429,429,NA,
186,432,432,NA,
187,432,432,LA,
188,432,432,EMEA,
189,432,432,AP,
190,433,433,LA,Americana
191,435,435,NA,
192,435,435,LA,
193,435,435,EMEA,
194,435,435,AP,
195,436,436,,
196,443,443,,
197,445,445,,
198,447,447,,
199,501,501,NA,
200,506,506,NA,Chem Beaumont
201,521,521,NA,
202,525,525,NA,
203,527,527,NA,
204,528,528,NA,
205,541,541,,
206,581,581,NA,
207,581,581,LA,
208,581,581,EMEA,
209,581,581,AP,
210,582,582,NA,
211,582,582,LA,
212,582,582,EMEA,
213,582,582,AP,
214,583,583,NA,
215,583,583,LA,
216,583,583,EMEA,
217,583,583,AP,
218,1,1,NA,
219,2,2,NA,
220,33,33,NA,
221,34,34,EMEA,
222,35,36,NA,
223,42,42,NA,
224,43,43,NA,
225,44,44,NA,
226,45,45,NA,
227,45,45,LA,
228,45,45,EMEA,
229,45,45,AP,
230,105,105,EMEA,
231,106,106,EMEA,
232,122,122,EMEA,
233,125,125,EMEA,
234,127,127,NA,
235,129,129,NA,
236,130,130,NA,
237,145,145,NA,
238,164,164,NA,
239,182,182,NA,
240,182,182,LA,
241,182,182,EMEA,
242,182,182,AP,
243,184,184,NA,
244,242,242,EMEA,
245,243,243,EMEA,
246,244,244,EMEA,
247,261,261,EMEA,
248,323,323,EMEA,
249,324,324,EMEA,
250,330,330,NA,
251,337,337,NA,
252,337,337,LA,
253,337,337,EMEA,
254,337,337,AP,
255,362,362,NA,
256,362,362,LA,
257,362,362,EMEA,
258,362,362,AP,
259,363,363,NA,
260,364,364,NA,
261,364,364,LA,
262,364,364,EMEA,
263,364,364,AP,
264,422,422,,
265,431,431,,
266,437,437,,
267,441,441,,
268,446,446,,
269,461,461,EMEA,
270,503,503,NA,
271,504,504,NA,
272,522,522,NA,
273,531,531,NA,
274,544,544,EMEA,
275,547,547,NA,
276,548,548,NA,
277,550,550,NA,
278,584,584,NA,
279,604,604,NA,
280,607,607,NA,
281,608,608,NA,
282,3,3,LA,
283,7,7,NA,
284,7,7,LA,
285,21,21,NA,
286,23,23,,
287,27,27,NA,
288,27,27,LA,
289,27,27,EMEA,
290,27,27,AP,
291,36,38,EMEA,
292,37,39,NA,
293,41,41,NA,
294,41,41,LA,
295,41,41,EMEA,
296,41,41,AP,
297,163,163,NA,
298,166,166,NA,
299,181,181,AP,
300,301,301,NA,
301,301,301,LA,
302,302,302,EMEA,
303,327,327,EMEA,
304,328,328,EMEA,
305,333,333,NA,
306,425,425,,
307,439,439,,
308,440,440,NA,
309,449,449,,
310,463,463,EMEA,
311,481,481,NA,Union City
312,526,526,NA,
313,529,529,NA,
314,542,542,NA,
315,549,549,NA,
316,585,585,NA,
317,585,585,LA,
318,585,585,EMEA,
319,585,585,AP,
320,606,606,NA,
321,609,609,NA,
322,610,610,NA,
323,611,611,NA,
324,612,612,NA,
325,621,621,NA,
326,641,641,NA,
327,641,641,LA,
328,641,641,EMEA,
329,641,641,AP,
330,642,642,EMEA,
331,644,644,NA,
332,644,644,LA,
333,644,644,EMEA,
334,644,644,AP,
335,645,645,NA,
336,645,645,LA,
337,645,645,EMEA,
338,645,645,AP,
339,646,646,NA,
340,646,646,LA,
341,646,646,EMEA,
342,646,646,AP,
343,647,647,NA,
344,647,647,LA,
345,647,647,EMEA,
346,647,647,AP,
347,648,648,NA,
348,648,648,LA,
349,648,648,EMEA,
350,648,648,AP,
351,649,649,NA,
352,649,649,LA,
353,649,649,EMEA,
354,649,649,AP,
355,650,650,,
356,651,651,NA,
357,661,661,NA,Buffalo / Tonawanda
358,662,662,NA,
359,662,662,LA,
360,662,662,EMEA,
361,662,662,AP,
362,681,681,NA,
363,682,682,NA,
364,683,683,NA,
365,811,811,NA,
366,811,811,LA,
367,811,811,EMEA,
368,811,811,AP,
369,861,861,,
370,873,873,NA,
371,873,873,LA,
372,874,874,NA,
373,888,888,,
374,944,944,NA,
375,944,944,LA,
376,944,944,EMEA,
377,944,944,AP,
378,945,945,EMEA,
379,1062,1062,NA,
380,1081,1081,AP,
381,1164,1164,EMEA,
382,1222,1222,NA,
383,1222,1222,LA,
384,1222,1222,EMEA,
385,1222,1222,AP,
386,1301,1301,EMEA,
387,1444,1444,NA,
388,1473,1473,NA,
389,1473,1473,LA,
390,1473,1473,EMEA,
391,1473,1473,AP,
392,1505,1505,NA,
393,1506,1506,NA,
394,1506,1506,LA,
395,1506,1506,EMEA,
396,1506,1506,AP,
397,1508,1508,NA,
398,1508,1508,LA,
399,1508,1508,EMEA,
400,1508,1508,AP,
401,1585,1585,,
402,1821,1821,NA,
403,1845,1845,EMEA,
404,1869,1869,AP,
405,2009,2009,NA,
406,2010,2010,NA,
407,2041,2041,NA,
408,2041,2041,LA,
409,2041,2041,EMEA,
410,2041,2041,AP,
411,2081,2081,NA,
412,2141,2141,NA,
413,2144,2144,NA,
414,2201,2201,NA,
415,2201,2201,LA,
416,2201,2201,EMEA,
417,2201,2201,AP,
418,2202,2202,NA,
419,2202,2202,LA,
420,2202,2202,EMEA,
421,2202,2202,AP,
422,2229,2229,NA,
423,2229,2229,LA,
424,2229,2229,EMEA,
425,2229,2229,AP,
426,2236,2236,NA,
427,2236,2236,LA,
428,2236,2236,EMEA,
429,2236,2236,AP,
430,2265,2265,NA,
431,2265,2265,LA,
432,2265,2265,EMEA,South Africa
433,2265,2265,AP,
434,2269,2269,NA,
435,2269,2269,LA,
436,2269,2269,EMEA,
437,2269,2269,AP,
438,2283,2283,NA,
439,2321,2321,EMEA,
440,2341,2341,NA,
441,2341,2341,LA,
442,2341,2341,EMEA,
443,2341,2341,AP,
444,2342,2342,NA,
445,2342,2342,LA,
446,2342,2342,EMEA,
447,2342,2342,AP,
448,2343,2343,NA,
449,2343,2343,LA,
450,2343,2343,EMEA,
451,2343,2343,AP,
452,2344,2344,NA,
453,2344,2344,LA,
454,2344,2344,EMEA,
455,2344,2344,AP,
456,2345,2345,NA,
457,2345,2345,LA,
458,2345,2345,EMEA,
459,2345,2345,AP,
460,2346,2346,NA,
461,2346,2346,LA,
462,2346,2346,EMEA,
463,2346,2346,AP,
464,2347,2347,NA,
465,2347,2347,LA,
466,2347,2347,EMEA,
467,2347,2347,AP,
468,2348,2348,NA,
469,2348,2348,LA,
470,2348,2348,EMEA,
471,2348,2348,AP,
472,2349,2349,NA,
473,2349,2349,LA,
474,2349,2349,EMEA,
475,2349,2349,AP,
476,2350,2350,NA,
477,2350,2350,LA,
478,2350,2350,EMEA,
479,2350,2350,AP,
480,2351,2351,NA,
481,2351,2351,LA,
482,2351,2351,EMEA,
483,2351,2351,AP,
484,2352,2352,NA,
485,2352,2352,LA,
486,2352,2352,EMEA,
487,2352,2352,AP,
488,702,702,NA,
489,722,722,,
490,724,725,EMEA,Fulda
491,781,781,EMEA,
492,803,803,NA,
493,803,803,LA,
494,803,803,EMEA,
495,803,803,AP,
496,814,814,NA,
497,814,814,LA,
498,814,814,EMEA,
499,814,814,AP,
500,815,815,NA,
501,815,815,LA,
502,815,815,EMEA,
503,815,815,AP,
504,866,866,NA,
505,866,866,LA,
506,866,866,EMEA,
507,866,866,AP,
508,868,868,NA,
509,869,869,,
510,904,904,NA,
511,904,904,LA,
512,904,904,EMEA,
513,904,904,AP,
514,1003,1003,NA,
515,1022,1022,NA,
516,1022,1022,LA,
517,1022,1022,EMEA,
518,1022,1022,AP,
519,1203,1203,NA,Chem Houston
520,1341,1341,NA,
521,1341,1341,LA,
522,1341,1341,EMEA,
523,1341,1341,AP,Indonesia
524,1347,1347,NA,
525,1347,1347,LA,
526,1347,1347,EMEA,
527,1347,1347,AP,
528,1510,1510,NA,
529,1510,1510,LA,
530,1510,1510,EMEA,
531,1510,1510,AP,
532,1521,1521,NA,
533,1521,1521,LA,
534,1521,1521,EMEA,
535,1521,1521,AP,
536,1584,1584,NA,
537,1645,1645,NA,
538,1721,1721,NA,
539,2003,2003,NA,
540,2017,2017,NA,
541,2086,2086,NA,
542,2086,2086,LA,
543,2086,2086,EMEA,
544,2086,2086,AP,
545,2123,2123,EMEA,
546,2125,2125,EMEA,
547,2205,2205,NA,
548,2205,2205,LA,
549,2205,2205,EMEA,
550,2205,2205,AP,
551,2206,2206,NA,
552,2206,2206,LA,
553,2206,2206,EMEA,
554,2206,2206,AP,
555,2210,2210,NA,
556,2210,2210,LA,
557,2210,2210,EMEA,
558,2210,2210,AP,
559,2223,2223,EMEA,South Africa
560,2224,2224,NA,
561,2224,2224,LA,
562,2224,2224,EMEA,
563,2224,2224,AP,
564,2225,2225,NA,
565,2228,2228,NA,
566,2228,2228,LA,
567,2228,2228,EMEA,
568,2228,2228,AP,
569,2237,2237,NA,
570,2237,2237,LA,
571,2237,2237,EMEA,
572,2237,2237,AP,
573,2238,2238,NA,
574,2238,2238,LA,
575,2238,2238,EMEA,
576,2238,2238,AP,
577,2241,2241,NA,
578,2241,2241,LA,
579,2241,2241,EMEA,
580,2241,2241,AP,
581,2243,2243,NA,
582,2243,2243,LA,
583,2243,2243,EMEA,
584,2243,2243,AP,
585,2245,2245,NA,
586,2245,2245,LA,
587,2245,2245,EMEA,
588,2245,2245,AP,
589,2262,2262,NA,
590,2262,2262,LA,
591,2262,2262,EMEA,
592,2262,2262,AP,
593,2263,2263,NA,
594,2263,2263,LA,
595,2263,2263,EMEA,
596,2263,2263,AP,
597,2264,2264,NA,
598,2264,2264,LA,
599,2264,2264,EMEA,
600,2264,2264,AP,
601,2272,2272,NA,
602,2272,2272,LA,
603,2272,2272,EMEA,
604,2272,2272,AP,
605,2273,2273,NA,
606,2273,2273,LA,
607,2273,2273,EMEA,
608,2273,2273,AP,
609,2277,2277,EMEA,
610,2278,2278,EMEA,
611,2281,2281,EMEA,
612,2301,2301,NA,
613,2301,2301,LA,
614,2301,2301,EMEA,
615,2301,2301,AP,
616,2302,2302,NA,
617,2302,2302,LA,
618,2302,2302,EMEA,
619,2302,2302,AP,
620,721,721,LA,
621,807,807,NA,
622,807,807,LA,
623,807,807,EMEA,
624,807,807,AP,
625,841,841,,
626,872,872,,
627,883,883,NA,
628,883,883,LA,
629,883,883,EMEA,
630,883,883,AP,
631,884,884,NA,
632,884,884,LA,
633,884,884,EMEA,
634,884,884,AP,
635,885,885,NA,
636,885,885,LA,
637,885,885,EMEA,
638,885,885,AP,
639,941,941,NA,
640,941,941,LA,
641,941,941,EMEA,Adapazari
642,941,941,AP,
645,941,941,EMEA,Izmit
647,1002,1002,,
648,1045,1045,NA,
649,1047,1047,NA,
650,1050,1050,NA,
651,1051,1051,NA,
652,1052,1052,NA,
653,1053,1053,NA,
654,1054,1054,NA,
655,1221,1221,EMEA,
656,1223,1223,NA,
657,1242,1242,LA,
658,1322,1322,NA,
659,1362,1362,NA,
660,1362,1362,LA,
661,1362,1362,EMEA,
662,1362,1362,AP,
663,1363,1363,NA,
664,1401,1401,NA,Danville
665,1441,1441,NA,
666,1442,1442,NA,
667,1501,1501,NA,
668,1501,1501,LA,
669,1501,1501,EMEA,
670,1501,1501,AP,
671,1561,1561,NA,
672,1581,1581,AP,
673,1583,1583,NA,
674,1681,1681,NA,Chem Bayport
675,1742,1742,EMEA,
676,1802,1802,EMEA,
677,1846,1846,EMEA,
678,1867,1867,EMEA,
679,1881,1881,NA,
680,1921,1921,NA,
681,1921,1921,LA,
682,1921,1921,EMEA,
683,1921,1921,AP,
684,1981,1981,NA,
685,1981,1981,LA,
686,1981,1981,EMEA,
687,1981,1981,AP,
688,2013,2013,NA,
689,2016,2016,NA,
690,2063,2063,NA,
691,2087,2087,NA,
692,2087,2087,LA,
693,2087,2087,EMEA,
694,2087,2087,AP,
695,2104,2104,,
696,2230,2230,NA,
697,2230,2230,LA,
698,2230,2230,EMEA,
699,2230,2230,AP,
700,2231,2231,NA,
701,2231,2231,LA,
702,2231,2231,EMEA,
703,2231,2231,AP,
704,2232,2232,NA,
705,2232,2232,LA,
706,2232,2232,EMEA,
707,2232,2232,AP,
708,2234,2234,NA,
709,2234,2234,LA,
710,2234,2234,EMEA,
711,2234,2234,AP,
712,741,741,NA,
713,806,806,NA,
714,806,806,LA,
715,806,806,EMEA,
716,806,806,AP,
717,810,810,NA,
718,810,810,LA,
719,810,810,EMEA,Adapazari
720,810,810,AP,
723,810,810,EMEA,Izmit
725,862,862,NA,
726,862,862,LA,
727,862,862,EMEA,
728,862,862,AP,
729,867,867,NA,
730,867,867,LA,
731,867,867,EMEA,
732,867,867,AP,
733,870,870,NA,
734,871,871,,
735,902,902,NA,
736,902,902,LA,
737,902,902,EMEA,
738,902,902,AP,
739,921,921,EMEA,
740,942,942,NA,
741,942,942,LA,
742,942,942,EMEA,
743,942,942,AP,
744,1044,1044,NA,
745,1046,1046,NA,
746,1057,1057,NA,
747,1061,1061,NA,
748,1061,1061,LA,
749,1061,1061,EMEA,
750,1061,1061,AP,
751,1101,1101,,
752,1162,1162,EMEA,
753,1163,1163,EMEA,
754,1201,1201,EMEA,
755,1204,1204,EMEA,
756,1323,1323,NA,
757,1346,1346,NA,
758,1346,1346,LA,
759,1346,1346,EMEA,
760,1346,1346,AP,
761,1443,1443,NA,
762,1462,1462,AP,Indonesia
763,1511,1511,NA,
764,1511,1511,LA,
765,1511,1511,EMEA,
766,1511,1511,AP,
767,1641,1641,NA,
768,1643,1643,,
769,1743,1743,NA,
770,1743,1743,LA,
771,1743,1743,EMEA,
772,1743,1743,AP,
773,1801,1801,EMEA,
774,1941,1941,NA,
775,2015,2015,NA,
776,2018,2018,NA,
777,2021,2021,NA,
778,2021,2021,LA,
779,2021,2021,EMEA,
780,2021,2021,AP,
781,2022,2022,NA,
782,2022,2022,LA,
783,2022,2022,EMEA,
784,2022,2022,AP,
785,2023,2023,NA,
786,2023,2023,LA,
787,2023,2023,EMEA,
788,2023,2023,AP,
789,2024,2024,NA,
790,2024,2024,LA,
791,2024,2024,EMEA,
792,2024,2024,AP,
793,2025,2025,NA,
794,2025,2025,LA,
795,2025,2025,EMEA,
796,2025,2025,AP,
797,2102,2102,NA,
798,2102,2102,LA,
799,2102,2102,EMEA,
800,2102,2102,AP,
801,2162,2162,NA,
802,2162,2162,LA,
803,2162,2162,EMEA,
804,2162,2162,AP,
805,2181,2181,NA,
806,2181,2181,LA,
807,2181,2181,EMEA,
808,2181,2181,AP,
809,2208,2208,NA,
810,2208,2208,LA,
811,2208,2208,EMEA,
812,2208,2208,AP,
813,2226,2226,NA,
814,2226,2226,LA,
815,2226,2226,EMEA,
816,2226,2226,AP,
817,2227,2227,NA,
818,2227,2227,LA,
819,2227,2227,EMEA,
820,2227,2227,AP,
821,2244,2244,NA,
822,2244,2244,LA,
823,2244,2244,EMEA,
824,2244,2244,AP,
825,2267,2267,NA,
826,2267,2267,LA,
827,2267,2267,EMEA,
828,2267,2267,AP,
829,701,701,NA,
830,701,701,LA,
831,701,701,EMEA,
832,701,701,AP,
833,723,724,,
834,802,802,NA,
835,802,802,LA,
836,802,802,EMEA,
837,802,802,AP,
838,805,805,NA,
839,805,805,LA,
840,805,805,EMEA,
841,805,805,AP,
842,809,809,NA,
843,809,809,LA,
844,809,809,EMEA,
845,809,809,AP,
846,812,812,NA,
847,812,812,LA,
848,812,812,EMEA,
849,812,812,AP,
850,813,813,NA,
851,813,813,LA,
852,813,813,EMEA,
853,813,813,AP,
854,824,824,NA,
855,824,824,LA,
856,824,824,EMEA,
857,824,824,AP,
858,864,864,NA,
859,864,864,LA,
860,864,864,EMEA,
861,864,864,AP,
862,903,903,NA,
863,903,903,LA,
864,903,903,EMEA,
865,903,903,AP,
866,947,947,AP,
867,1001,1001,,
868,1048,1048,NA,
869,1049,1049,NA,
870,1224,1224,NA,
871,1321,1321,,
872,1342,1342,NA,
873,1342,1342,LA,
874,1342,1342,EMEA,
875,1342,1342,AP,
876,1344,1344,NA,
877,1344,1344,LA,
878,1344,1344,EMEA,
879,1344,1344,AP,
880,1345,1345,NA,
881,1345,1345,LA,
882,1345,1345,EMEA,
883,1345,1345,AP,
884,1361,1361,NA,
885,1361,1361,LA,
886,1361,1361,EMEA,
887,1361,1361,AP,
888,1467,1467,NA,
889,1471,1471,,
890,1472,1472,,
891,1481,1481,NA,
892,1481,1481,LA,
893,1481,1481,EMEA,
894,1481,1481,AP,
895,1562,1562,,
896,1622,1622,NA,
897,1644,1644,NA,Chem Bayport
898,1844,1844,EMEA,
899,1861,1861,EMEA,
900,1983,1983,,
901,1985,1985,,
902,2008,2008,NA,
903,2011,2011,NA,
904,2011,2011,LA,
905,2011,2011,EMEA,
906,2011,2011,AP,
907,2014,2014,NA,
908,2103,2103,NA,
909,2103,2103,LA,
910,2103,2103,EMEA,
911,2103,2103,AP,
912,2142,2142,NA,
913,2142,2142,LA,
914,2142,2142,EMEA,
915,2142,2142,AP,
916,2143,2143,NA,
917,2163,2163,NA,
918,2163,2163,LA,
919,2163,2163,EMEA,
920,2163,2163,AP,
921,2209,2209,NA,
922,2209,2209,LA,
923,2209,2209,EMEA,
924,2209,2209,AP,
925,2266,2266,NA,
926,2266,2266,LA,
927,2266,2266,EMEA,
928,2266,2266,AP,
929,2270,2270,NA,
930,2270,2270,LA,
931,2270,2270,EMEA,
932,2270,2270,AP,
933,821,821,NA,
934,821,821,LA,
935,821,821,EMEA,
936,821,821,AP,
937,822,822,NA,
938,822,822,LA,
939,822,822,EMEA,
940,822,822,AP,
941,823,823,NA,
942,823,823,LA,
943,823,823,EMEA,
944,823,823,AP,
945,901,901,NA,
946,901,901,LA,
947,901,901,EMEA,
948,901,901,AP,
949,905,905,NA,
950,905,905,LA,
951,905,905,EMEA,
952,905,905,AP,
953,943,943,AP,
954,946,946,NA,
955,946,946,LA,
956,946,946,EMEA,
957,946,946,AP,
958,961,961,NA,
959,961,961,LA,
960,961,961,EMEA,
961,961,961,AP,
962,1004,1004,NA,
963,1021,1021,,
964,1063,1063,NA,
965,1121,1121,NA,
966,1121,1121,LA,
967,1121,1121,EMEA,
968,1121,1121,AP,
969,1181,1181,,
970,1202,1202,EMEA,
971,1243,1243,NA,
972,1243,1243,LA,
973,1243,1243,EMEA,
974,1243,1243,AP,
975,1264,1264,NA,
976,1264,1264,LA,
977,1264,1264,EMEA,
978,1264,1264,AP,
979,1381,1381,EMEA,
980,1463,1463,NA,
981,1468,1468,NA,
982,1469,1469,NA,
983,1469,1469,LA,
984,1469,1469,EMEA,
985,1469,1469,AP,
986,1470,1470,,
987,1507,1507,NA,
988,1507,1507,LA,
989,1507,1507,EMEA,
990,1507,1507,AP,
991,1513,1513,NA,
992,1744,1744,NA,
993,1744,1744,LA,
994,1744,1744,EMEA,
995,1744,1744,AP,
996,1761,1761,EMEA,
997,1781,1781,EMEA,
998,1841,1841,EMEA,
999,1842,1842,EMEA,Debica
1000,1843,1843,EMEA,
1001,1868,1868,EMEA,Debica
1002,1942,1942,NA,
1003,1943,1943,NA,
1004,1945,1945,NA,
1005,1947,1947,NA,
1006,2062,2062,NA,
1007,2101,2101,,
1008,2122,2122,EMEA,
1009,2204,2204,NA,
1010,2204,2204,LA,
1011,2204,2204,EMEA,
1012,2204,2204,AP,
1013,2221,2221,LA,Peru
1014,2261,2261,NA,
1015,2261,2261,LA,
1016,2261,2261,EMEA,
1017,2261,2261,AP,
1018,2271,2271,,
1019,2275,2275,EMEA,
1020,801,801,EMEA,
1021,804,804,NA,
1022,804,804,LA,
1023,804,804,EMEA,
1024,804,804,AP,
1025,825,825,NA,
1026,825,825,LA,
1027,825,825,EMEA,
1028,825,825,AP,
1029,826,826,NA,
1030,826,826,LA,
1031,826,826,EMEA,
1032,863,863,NA,
1033,863,863,LA,
1034,863,863,EMEA,
1035,863,863,AP,
1036,865,865,NA,
1037,865,865,LA,
1038,865,865,EMEA,
1039,865,865,AP,
1040,881,881,NA,
1041,881,881,LA,
1042,881,881,EMEA,
1043,881,881,AP,
1044,882,882,NA,
1045,882,882,LA,
1046,882,882,EMEA,
1047,882,882,AP,
1048,886,886,,
1049,887,887,,
1050,981,981,NA,
1051,981,981,LA,
1052,981,981,EMEA,
1053,981,981,AP,
1054,1023,1023,NA,
1055,1023,1023,LA,
1056,1023,1023,EMEA,
1057,1023,1023,AP,
1058,1056,1056,NA,
1059,1141,1141,NA,
1060,1143,1143,NA,
1061,1143,1143,LA,
1062,1143,1143,EMEA,
1063,1143,1143,AP,
1064,1241,1241,NA,
1065,1261,1261,EMEA,
1066,1262,1262,NA,
1067,1262,1262,LA,
1068,1263,1263,LA,
1069,1461,1461,AP,Indonesia
1070,1512,1512,NA,
1071,1512,1512,LA,
1072,1512,1512,EMEA,
1073,1512,1512,AP,
1074,1541,1541,NA,
1075,1541,1541,LA,
1076,1541,1541,EMEA,
1077,1541,1541,AP,
1078,1582,1582,AP,
1079,1601,1601,NA,
1080,1621,1621,NA,
1081,1623,1623,NA,
1082,1661,1661,,
1083,1682,1682,NA,
1084,1682,1682,LA,
1085,1682,1682,EMEA,
1086,1682,1682,AP,
1087,1961,1961,,
1088,2001,2001,EMEA,
1089,2061,2061,NA,
1090,2083,2083,NA,
1091,2083,2083,LA,
1092,2083,2083,EMEA,
1093,2083,2083,AP,
1094,2084,2084,NA,
1095,2084,2084,LA,
1096,2084,2084,EMEA,
1097,2084,2084,AP,
1098,2085,2085,EMEA,
1099,2203,2203,NA,
1100,2203,2203,LA,
1101,2203,2203,EMEA,
1102,2203,2203,AP,
1103,2207,2207,NA,
1104,2207,2207,LA,
1105,2207,2207,EMEA,
1106,2207,2207,AP,
1107,2222,2222,NA,Lawton
1108,2233,2233,LA,
1109,2235,2235,NA,
1110,2235,2235,LA,
1111,2235,2235,EMEA,
1112,2235,2235,AP,
1113,2239,2239,NA,
1114,2239,2239,LA,
1115,2239,2239,EMEA,
1116,2239,2239,AP,
1117,2240,2240,NA,
1118,2240,2240,LA,
1119,2240,2240,EMEA,
1120,2240,2240,AP,
1121,2268,2268,NA,
1122,2268,2268,LA,
1123,2268,2268,EMEA,
1124,2268,2268,AP,
1125,2276,2276,EMEA,
1126,2279,2279,NA,
1127,2279,2279,LA,
1128,2279,2279,EMEA,
1129,2279,2279,AP,
1130,2280,2280,NA,
1131,2280,2280,LA,
1132,2280,2280,EMEA,
1133,2280,2280,AP,
1134,703,703,EMEA,
1135,742,742,NA,
1136,743,743,NA,
1137,743,743,LA,
1138,743,743,EMEA,
1139,743,743,AP,
1140,761,761,NA,
1141,761,761,LA,
1142,761,761,EMEA,
1143,761,761,AP,
1144,808,808,NA,
1145,808,808,LA,
1146,808,808,EMEA,
1147,808,808,AP,
1148,827,827,NA,
1149,827,827,LA,
1150,827,827,EMEA,
1151,827,827,AP,
1152,962,962,NA,
1153,982,982,NA,
1154,982,982,LA,
1155,982,982,EMEA,
1156,982,982,AP,
1157,983,983,NA,
1158,984,984,NA,
1159,985,985,NA,
1160,986,986,NA,
1161,987,987,NA,
1162,988,988,NA,
1163,989,989,NA,
1164,990,990,NA,
1165,991,991,NA,
1166,992,992,NA,
1167,993,993,NA,
1168,993,993,LA,
1169,993,993,EMEA,
1170,993,993,AP,
1171,1055,1055,NA,
1172,1058,1058,NA,
1173,1102,1102,,
1174,1103,1103,,
1175,1281,1281,NA,
1176,1343,1343,NA,
1177,1343,1343,LA,
1178,1343,1343,EMEA,Montlucon
1179,1343,1343,AP,
1180,1421,1421,,
1181,1464,1464,AP,Indonesia
1182,1465,1465,NA,
1183,1466,1466,NA,
1184,1502,1502,NA,
1185,1502,1502,LA,
1186,1502,1502,EMEA,
1187,1502,1502,AP,
1188,1503,1503,NA,
1189,1504,1504,NA,
1190,1504,1504,LA,
1191,1504,1504,EMEA,
1192,1504,1504,AP,
1193,1509,1509,NA,
1194,1509,1509,LA,
1195,1509,1509,EMEA,
1196,1509,1509,AP,
1197,1602,1602,NA,Chem Bayport
1198,1701,1701,NA,
1199,1701,1701,LA,
1200,1701,1701,EMEA,
1201,1701,1701,AP,
1202,1741,1741,NA,
1203,1901,1901,NA,
1204,1901,1901,LA,
1205,1901,1901,EMEA,
1206,1901,1901,AP,
1207,1962,1962,LA,
1208,1984,1984,EMEA,
1209,2002,2002,,
1210,2082,2082,NA,
1211,2082,2082,LA,
1212,2082,2082,EMEA,
1213,2082,2082,AP,
1214,2121,2121,EMEA,
1215,2124,2124,EMEA,
1216,2126,2126,NA,
1217,2242,2242,NA,
1218,2242,2242,LA,
1219,2242,2242,EMEA,
1220,2242,2242,AP,
1221,2246,2246,NA,
1222,2246,2246,LA,
1223,2246,2246,EMEA,
1224,2246,2246,AP,
1225,2274,2274,NA,
1226,2274,2274,LA,
1227,2274,2274,EMEA,
1228,2274,2274,AP,
1229,2282,2282,EMEA,
1230,2355,2355,NA,
1231,2355,2355,LA,
1232,2355,2355,EMEA,
1233,2355,2355,AP,
1234,2397,2397,NA,
1235,2397,2397,LA,
1236,2397,2397,EMEA,
1237,2397,2397,AP,
1238,2422,2422,NA,
1239,2422,2422,LA,
1240,2422,2422,EMEA,
1241,2422,2422,AP,
1242,2525,2525,NA,
1243,2525,2525,LA,
1244,2525,2525,EMEA,
1245,2525,2525,AP,
1246,2662,2662,NA,
1247,2744,2744,,
1248,2781,2781,NA,
1249,2842,2842,AP,
1250,3044,3044,,
1251,3103,3103,NA,
1252,3122,3122,NA,
1253,3124,3124,NA,
1254,3143,3143,NA,
1255,3202,3202,NA,
1256,3261,3261,NA,
1257,3261,3261,LA,
1258,3261,3261,EMEA,
1259,3261,3261,AP,
1260,3282,3282,,
1261,3421,3421,EMEA,
1262,3464,3464,EMEA,
1263,3624,3624,NA,
1264,3624,3624,LA,
1265,3624,3624,EMEA,
1266,3624,3624,AP,
1267,3641,3641,NA,Chem Beaumont
1268,3644,3644,,
1269,3645,3645,,
1270,3650,3650,NA,
1271,3650,3650,LA,
1272,3650,3650,EMEA,
1273,3650,3650,AP,
1274,3661,3661,NA,
1275,3661,3661,LA,
1276,3661,3661,EMEA,
1277,3661,3661,AP,
1278,3667,3667,AP,
1279,3669,3669,NA,
1280,3669,3669,LA,
1281,3669,3669,EMEA,
1282,3669,3669,AP,
1283,3672,3672,EMEA,Montlucon
1284,3673,3673,EMEA,Montlucon
1285,3674,3674,EMEA,Montlucon
1286,3742,3742,NA,
1287,3742,3742,LA,
1288,3742,3742,EMEA,
1289,3742,3742,AP,
1290,3743,3743,LA,
1291,3745,3745,EMEA,Hanau
1292,3747,3747,EMEA,
1293,3748,3748,EMEA,
1294,3749,3749,EMEA,
1295,3761,3761,NA,
1296,3762,3762,,
1297,3782,3782,AP,
1298,3783,3783,NA,
1299,3783,3783,LA,
1300,3783,3783,EMEA,
1301,3783,3783,AP,
1302,3821,3821,NA,
1303,3822,3822,NA,
1304,3823,3823,NA,
1305,3824,3824,NA,
1306,3824,3824,LA,
1307,3824,3824,EMEA,
1308,3824,3824,AP,
1309,2387,2387,LA,
1310,2389,2389,NA,
1311,2389,2389,LA,
1312,2389,2389,EMEA,
1313,2389,2389,AP,
1314,2396,2396,NA,
1315,2396,2396,LA,
1316,2396,2396,EMEA,
1317,2396,2396,AP,
1318,2421,2421,NA,
1319,2421,2421,LA,
1320,2421,2421,EMEA,
1321,2421,2421,AP,
1322,2523,2523,NA,
1323,2641,2641,,
1324,2783,2783,NA,
1325,2783,2783,LA,
1326,2783,2783,EMEA,
1327,2783,2783,AP,
1328,2823,2823,NA,
1329,2886,2886,NA,Union City
1330,2888,2888,,
1331,3001,3001,,
1332,3043,3043,,
1333,3123,3123,NA,
1334,3123,3123,LA,
1335,3123,3123,EMEA,
1336,3123,3123,AP,
1337,3209,3209,NA,
1338,3211,3211,NA,
1339,3441,3441,NA,
1340,3601,3601,NA,
1341,3647,3647,,
1342,3683,3683,EMEA,Luxembourg
1343,3684,3684,EMEA,Luxembourg
1344,3685,3685,EMEA,Luxembourg
1345,3687,3687,EMEA,Luxembourg
1346,3688,3688,EMEA,Hanau
1347,3689,3689,EMEA,Hanau
1348,3690,3690,EMEA,Wittlich
1349,3695,3695,EMEA,Hanau
1350,3698,3698,EMEA,Wittlich
1351,3701,3701,EMEA,Wittlich
1352,3702,3702,,
1353,3703,3703,EMEA,Wittlich
1354,3704,3704,EMEA,Wittlich
1355,3741,3741,EMEA,
1356,3744,3744,LA,Colombia
1357,3746,3746,EMEA,Hanau
1358,3801,3801,NA,
1359,3841,3841,LA,
1360,3861,3861,NA,
1361,3861,3861,LA,
1362,3861,3861,EMEA,
1363,3861,3861,AP,
1364,3882,3882,EMEA,
1365,3882,3882,AP,Dalian
1366,3883,3883,EMEA,
1367,3883,3883,AP,
1368,3884,3884,EMEA,Fulda
1369,3884,3884,AP,
1370,3885,3885,EMEA,
1371,3885,3885,AP,
1372,3886,3886,EMEA,
1373,3886,3886,AP,Aurangabad
1374,3887,3887,EMEA,
1375,3887,3887,AP,
1376,3888,3888,EMEA,Wittlich
1377,3890,3890,AP,
1378,2383,2383,NA,
1379,2383,2383,LA,
1380,2383,2383,EMEA,
1381,2383,2383,AP,
1382,2384,2384,NA,
1383,2384,2384,LA,
1384,2384,2384,EMEA,
1385,2384,2384,AP,
1386,2385,2385,NA,
1387,2385,2385,LA,
1388,2385,2385,EMEA,
1389,2385,2385,AP,
1390,2391,2391,NA,
1391,2391,2391,LA,
1392,2391,2391,EMEA,
1393,2391,2391,AP,
1394,2402,2402,NA,
1395,2403,2403,AP,
1396,2424,2424,NA,
1397,2424,2424,LA,
1398,2424,2424,EMEA,
1399,2424,2424,AP,
1400,2462,2462,,
1401,2583,2583,,
1402,2602,2602,,
1403,2603,2603,NA,
1404,2603,2603,LA,
1405,2603,2603,EMEA,Hanau
1406,2603,2603,AP,
1407,2621,2621,NA,
1408,2621,2621,LA,
1409,2621,2621,EMEA,
1410,2621,2621,AP,
1411,2661,2661,NA,
1412,2723,2723,NA,
1413,2723,2723,LA,
1414,2723,2723,EMEA,
1415,2723,2723,AP,
1416,2741,2741,,
1417,2784,2784,NA,
1418,2784,2784,LA,
1419,2784,2784,EMEA,
1420,2784,2784,AP,
1421,2802,2802,NA,
1422,2866,2866,NA,
1423,2866,2866,LA,
1424,2866,2866,EMEA,
1425,2866,2866,AP,
1426,2885,2885,EMEA,Debica
1427,2901,2901,NA,
1428,2901,2901,LA,
1429,2901,2901,EMEA,
1430,2901,2901,AP,
1431,2903,2903,NA,
1432,2904,2904,NA,
1433,2907,2907,NA,
1434,2943,2943,NA,
1435,2981,2981,LA,
1436,2984,2984,NA,
1437,3022,3022,NA,
1438,3102,3102,NA,
1439,3102,3102,LA,
1440,3102,3102,EMEA,
1441,3102,3102,AP,
1442,3142,3142,NA,
1443,3181,3181,EMEA,
1444,3203,3203,AP,
1445,3205,3205,NA,
1446,3212,3212,NA,
1447,3221,3221,NA,
1448,3221,3221,LA,
1449,3221,3221,EMEA,
1450,3221,3221,AP,
1451,3241,3241,NA,
1452,3241,3241,LA,
1453,3241,3241,EMEA,
1454,3241,3241,AP,
1455,3461,3461,EMEA,Adapazari
1456,3482,3482,EMEA,Sava
1457,3522,3522,EMEA,Wolverhampton
1458,2363,2363,NA,
1459,2363,2363,LA,
1460,2363,2363,EMEA,
1461,2363,2363,AP,
1462,2701,2701,EMEA,
1463,2721,2721,NA,
1464,2721,2721,LA,
1465,2721,2721,EMEA,
1466,2721,2721,AP,
1467,2724,2724,LA,Sao Paulo
1468,2743,2743,,
1469,2881,2881,,
1470,2884,2884,NA,
1471,2941,2941,NA,
1472,2941,2941,LA,
1473,2941,2941,EMEA,Fuerstenwalde
1474,2941,2941,AP,
1475,2983,2983,AP,
1476,3045,3045,,
1477,3047,3047,,
1478,3049,3049,,
1479,3051,3051,,
1480,3161,3161,EMEA,
1481,3302,3302,,
1482,3501,3501,NA,
1483,3501,3501,LA,
1484,3502,3502,NA,
1485,3502,3502,LA,
1486,3502,3502,EMEA,
1487,3502,3502,AP,
1488,3504,3504,NA,
1489,3504,3504,LA,
1490,3504,3504,EMEA,
1491,3504,3504,AP,
1492,3505,3505,NA,
1493,3507,3507,NA,
1494,3508,3508,NA,
1495,3561,3561,EMEA,
1496,3562,3562,NA,
1497,3621,3621,NA,
1498,3621,3621,LA,
1499,3621,3621,EMEA,
1500,3621,3621,AP,
1501,3622,3622,NA,
1502,3622,3622,LA,
1503,3622,3622,EMEA,
1504,3622,3622,AP,
1505,3623,3623,NA,
1506,3623,3623,LA,
1507,3623,3623,EMEA,
1508,3623,3623,AP,
1509,3649,3649,NA,Chem Houston
1510,3662,3662,,
1511,3666,3666,,
1512,3677,3677,EMEA,Montlucon
1513,3679,3679,EMEA,Luxembourg
1514,3682,3682,NA,
1515,3682,3682,LA,
1516,3682,3682,EMEA,
1517,3682,3682,AP,
1518,3691,3691,EMEA,Hanau
1519,3692,3692,EMEA,Hanau
1520,3693,3693,EMEA,Hanau
1521,3694,3694,EMEA,Hanau
1522,3696,3696,EMEA,Hanau
1523,3697,3697,EMEA,Wittlich
1524,3705,3705,NA,
1525,3705,3705,LA,
1526,3705,3705,EMEA,
1527,3705,3705,AP,
1528,3721,3721,NA,
1529,3781,3781,NA,
1530,3781,3781,LA,
1531,3781,3781,EMEA,
1532,3781,3781,AP,
1533,3889,3889,EMEA,
1534,3891,3891,NA,
1535,3891,3891,LA,
1536,3891,3891,EMEA,
1537,3891,3891,AP,
1538,3892,3892,EMEA,
1539,3892,3892,AP,
1540,3893,3893,AP,
1541,3901,3901,NA,
1542,3902,3902,NA,
1543,3903,3903,NA,
1544,2360,2360,NA,
1545,2360,2360,LA,
1546,2360,2360,EMEA,
1547,2360,2360,AP,
1548,2382,2382,NA,
1549,2382,2382,LA,
1550,2382,2382,EMEA,
1551,2382,2382,AP,
1552,2388,2388,NA,
1553,2388,2388,LA,
1554,2388,2388,EMEA,
1555,2388,2388,AP,
1556,2394,2394,NA,
1557,2394,2394,LA,
1558,2394,2394,EMEA,Debica
1559,2394,2394,AP,
1560,2395,2395,NA,
1561,2395,2395,LA,
1562,2395,2395,EMEA,
1563,2395,2395,AP,
1564,2398,2398,NA,
1565,2398,2398,LA,
1566,2398,2398,EMEA,
1567,2398,2398,AP,
1568,2562,2562,,
1569,2563,2563,NA,
1570,2582,2582,EMEA,
1571,2622,2622,AP,
1572,2681,2681,LA,
1573,2742,2742,,
1574,2861,2861,,
1575,2864,2864,,
1576,2865,2865,,
1577,2890,2890,,
1578,2905,2905,NA,
1579,2906,2906,NA,
1580,2921,2921,NA,
1581,2921,2921,LA,
1582,2921,2921,EMEA,
1583,2921,2921,AP,
1584,3046,3046,,
1585,3048,3048,,
1586,3052,3052,,
1587,3061,3061,NA,
1588,3081,3081,EMEA,
1589,3082,3082,,
1590,3101,3101,NA,
1591,3101,3101,LA,
1592,3101,3101,EMEA,
1593,3101,3101,AP,
1594,3121,3121,NA,
1595,3206,3206,NA,
1596,3242,3242,NA,
1597,3242,3242,LA,
1598,3242,3242,EMEA,
1599,3242,3242,AP,
1600,3321,3321,NA,Buffalo / Tonawanda
1601,3381,3381,NA,
1602,3384,3384,,
1603,3509,3509,NA,
1604,3510,3510,NA,
1605,3510,3510,LA,
1606,3510,3510,EMEA,
1607,3510,3510,AP,
1608,3521,3521,NA,
1609,3521,3521,LA,
1610,3521,3521,EMEA,
1611,3521,3521,AP,
1612,3581,3581,NA,
1613,3581,3581,LA,
1614,3581,3581,EMEA,
1615,3581,3581,AP,
1616,3642,3642,NA,
1617,3642,3642,LA,
1618,3643,3643,NA,
1619,3643,3643,LA,
1620,3643,3643,EMEA,
1621,3643,3643,AP,
1622,3664,3664,,
1623,3665,3665,,
1624,3668,3668,AP,
1625,3670,3670,NA,Chem Beaumont
1626,2358,2358,NA,
1627,2358,2358,LA,
1628,2358,2358,EMEA,
1629,2358,2358,AP,
1630,2386,2386,NA,
1631,2386,2386,LA,
1632,2386,2386,EMEA,
1633,2393,2393,EMEA,Adapazari
1634,2393,2393,EMEA,Izmit
1635,2401,2401,EMEA,
1636,2423,2423,NA,
1637,2423,2423,LA,
1638,2423,2423,EMEA,
1639,2423,2423,AP,
1640,2441,2441,NA,
1641,2441,2441,LA,
1642,2441,2441,EMEA,
1643,2441,2441,AP,
1644,2561,2561,EMEA,
1645,2642,2642,NA,
1646,2762,2762,NA,
1647,2803,2803,NA,
1648,2804,2804,NA,
1649,2805,2805,NA,
1650,2862,2862,,
1651,2863,2863,,
1652,2882,2882,,
1653,2889,2889,,
1654,2902,2902,NA,
1655,2942,2942,EMEA,
1656,2961,2961,NA,
1657,2961,2961,LA,
1658,2961,2961,EMEA,
1659,2961,2961,AP,
1660,2962,2962,NA,
1661,2962,2962,LA,
1662,2962,2962,EMEA,
1663,2962,2962,AP,
1664,2982,2982,LA,
1665,3021,3021,NA,
1666,3021,3021,LA,
1667,3021,3021,EMEA,
1668,3021,3021,AP,
1669,3050,3050,,
1670,3141,3141,NA,
1671,3201,3201,NA,
1672,3325,3325,,
1673,3341,3341,NA,Chem Niagara Falls
1674,3344,3344,LA,
1675,3344,3344,EMEA,
1676,3344,3344,AP,
1677,3382,3382,NA,
1678,3383,3383,NA,
1679,3401,3401,EMEA,
1680,3443,3443,,
1681,3462,3462,EMEA,Izmit
1682,3463,3463,EMEA,South Africa
1683,3465,3465,NA,
1684,3465,3465,LA,
1685,3465,3465,EMEA,
1686,3465,3465,AP,
1687,3506,3506,NA,
1688,3675,3675,EMEA,Montlucon
1689,3676,3676,EMEA,Montlucon
1690,3678,3678,EMEA,Montlucon
1691,3680,3680,EMEA,Luxembourg
1692,3681,3681,NA,
1693,3681,3681,LA,
1694,3681,3681,EMEA,
1695,3681,3681,AP,
1696,2353,2353,NA,
1697,2353,2353,LA,
1698,2353,2353,EMEA,
1699,2353,2353,AP,
1700,2354,2354,NA,
1701,2354,2354,LA,
1702,2354,2354,EMEA,
1703,2354,2354,AP,
1704,2356,2356,NA,
1705,2356,2356,LA,
1706,2356,2356,EMEA,
1707,2356,2356,AP,
1708,2357,2357,EMEA,
1709,2359,2359,NA,
1710,2359,2359,LA,
1711,2359,2359,EMEA,
1712,2359,2359,AP,
1713,2361,2361,NA,
1714,2361,2361,LA,
1715,2361,2361,EMEA,
1716,2361,2361,AP,
1717,2362,2362,NA,
1718,2362,2362,LA,
1719,2362,2362,EMEA,
1720,2362,2362,AP,
1721,2364,2364,NA,
1722,2364,2364,LA,
1723,2364,2364,EMEA,
1724,2364,2364,AP,
1725,2381,2381,EMEA,
1726,2390,2390,NA,
1727,2390,2390,LA,
1728,2390,2390,EMEA,
1729,2390,2390,AP,
1730,2392,2392,NA,
1731,2392,2392,LA,
1732,2392,2392,EMEA,
1733,2392,2392,AP,
1734,2425,2425,NA,
1735,2425,2425,LA,
1736,2425,2425,EMEA,
1737,2425,2425,AP,
1738,2461,2461,NA,
1739,2481,2481,NA,
1740,2481,2481,LA,
1741,2481,2481,EMEA,
1742,2481,2481,AP,
1743,2501,2501,NA,
1744,2501,2501,LA,
1745,2501,2501,EMEA,
1746,2501,2501,AP,
1747,2522,2522,NA,
1748,2524,2524,NA,
1749,2524,2524,LA,
1750,2524,2524,EMEA,
1751,2524,2524,AP,
1752,2541,2541,EMEA,
1753,2541,2541,AP,
1754,2581,2581,EMEA,
1755,2722,2722,EMEA,
1756,2761,2761,NA,
1757,2782,2782,NA,
1758,2782,2782,LA,
1759,2782,2782,EMEA,
1760,2782,2782,AP,
1761,2801,2801,NA,
1762,2801,2801,LA,
1763,2801,2801,EMEA,
1764,2801,2801,AP,
1765,2821,2821,NA,Chem Niagara Falls
1766,2822,2822,EMEA,
1767,2841,2841,NA,
1768,2841,2841,LA,
1769,2841,2841,EMEA,
1770,2841,2841,AP,
1771,2883,2883,NA,
1772,3041,3041,NA,
1773,3042,3042,,
1774,3204,3204,AP,
1775,3207,3207,AP,
1776,3210,3210,NA,
1777,3213,3213,NA,
1778,3214,3214,,
1779,3215,3215,,
1780,3281,3281,,
1781,3481,3481,EMEA,Wittlich
1782,3541,3541,NA,
1783,3646,3646,,
1784,3648,3648,,
1785,3663,3663,,
1786,3671,3671,LA,
1787,3686,3686,EMEA,Hanau
1788,3699,3699,EMEA,Wittlich
1789,3700,3700,EMEA,Wittlich
1790,3923,3923,NA,
1791,3923,3923,LA,
1792,3923,3923,EMEA,
1793,3923,3923,AP,
1794,3961,3961,NA,
1795,3962,3962,EMEA,
1796,3981,3981,NA,
1797,3981,3981,LA,
1798,3981,3981,EMEA,
1799,3981,3981,AP,
1800,3985,3985,NA,
1801,3985,3985,LA,
1802,3985,3985,EMEA,
1803,3985,3985,AP,
1804,4061,4061,NA,
1805,4061,4061,LA,
1806,4061,4061,EMEA,
1807,4061,4061,AP,
1808,4205,4205,,
1809,4261,4261,NA,
1810,4281,4281,NA,
1811,4282,4282,NA,
1812,4283,4283,NA,
1813,4284,4284,NA,
1814,4285,4285,NA,
1815,4325,4325,NA,
1816,4325,4325,LA,
1817,4325,4325,EMEA,
1818,4325,4325,AP,
1819,4327,4327,NA,
1820,4327,4327,LA,
1821,4327,4327,EMEA,
1822,4327,4327,AP,
1823,4328,4328,NA,
1824,4328,4328,LA,
1825,4328,4328,EMEA,
1826,4328,4328,AP,
1827,4329,4329,NA,
1828,4329,4329,LA,
1829,4329,4329,EMEA,
1830,4329,4329,AP,
1831,4343,4343,NA,
1832,4345,4345,NA,
1833,4361,4361,NA,
1834,4361,4361,LA,
1835,4361,4361,EMEA,
1836,4361,4361,AP,Nippon Giant
1837,4362,4362,EMEA,
1838,4404,4404,NA,Lawton
1839,4405,4405,NA,Union City
1840,4406,4406,NA,Danville
1841,4407,4407,,
1842,4421,4421,AP,
1843,4481,4481,NA,
1844,4483,4483,NA,
1845,4484,4484,EMEA,
1846,4601,4601,NA,
1847,4602,4602,NA,
1848,4604,4604,EMEA,
1849,4606,4606,EMEA,
1850,4625,4625,NA,
1851,4641,4641,NA,Chem Beaumont
1852,4801,4801,NA,
1853,4825,4825,NA,
1854,4941,4941,NA,
1855,4964,4964,NA,
1856,4965,4965,NA,
1857,4981,4981,NA,
1858,5065,5065,NA,
1859,5081,5081,NA,
1860,5103,5103,NA,
1861,5165,5165,NA,
1862,3941,3941,NA,
1863,3941,3941,LA,
1864,3941,3941,EMEA,
1865,3941,3941,AP,
1866,4001,4001,EMEA,
1867,4164,4164,NA,
1868,4185,4185,NA,
1869,4185,4185,LA,
1870,4185,4185,EMEA,
1871,4185,4185,AP,
1872,4186,4186,NA,
1873,4186,4186,LA,
1874,4186,4186,EMEA,
1875,4186,4186,AP,
1876,4202,4202,,
1877,4243,4243,NA,
1878,4243,4243,LA,
1879,4243,4243,EMEA,
1880,4243,4243,AP,
1881,4322,4322,NA,
1882,4341,4341,NA,
1883,4402,4402,EMEA,
1884,4409,4409,NA,
1885,4409,4409,LA,
1886,4409,4409,EMEA,
1887,4409,4409,AP,
1888,4461,4461,AP,
1889,4603,4603,NA,
1890,4605,4605,EMEA,
1891,4821,4821,NA,
1892,4944,4944,,
1893,5021,5021,,
1894,5186,5186,NA,
1895,5203,5203,,
1896,5321,5321,NA,
1897,5381,5381,NA,
1898,5381,5381,LA,
1899,5381,5381,EMEA,
1900,5381,5381,AP,
1901,5403,5403,LA,
1902,5422,5422,NA,Danville
1903,5461,5461,NA,
1904,3924,3924,NA,
1905,3924,3924,LA,
1906,3924,3924,EMEA,
1907,3924,3924,AP,
1908,4323,4323,NA,
1909,4323,4323,LA,
1910,4323,4323,EMEA,
1911,4323,4323,AP,
1912,4326,4326,NA,
1913,4326,4326,LA,
1914,4326,4326,EMEA,
1915,4326,4326,AP,
1916,4342,4342,EMEA,
1917,4383,4383,EMEA,Debica
1918,4583,4583,NA,
1919,4623,4623,,
1920,4761,4761,NA,
1921,4781,4781,NA,
1922,5141,5141,NA,
1923,5141,5141,LA,
1924,5141,5141,EMEA,
1925,5141,5141,AP,
1926,5162,5162,NA,
1927,5162,5162,LA,
1928,5162,5162,EMEA,
1929,5162,5162,AP,
1930,5163,5163,NA,
1931,5163,5163,LA,
1932,5163,5163,EMEA,
1933,5163,5163,AP,
1934,5182,5182,NA,
1935,5185,5185,NA,
1936,5204,5204,,
1937,5281,5281,LA,
1938,5281,5281,AP,
1939,5343,5343,EMEA,
1940,5423,5423,NA,Danville
1941,3942,3942,NA,
1942,3942,3942,LA,
1943,3942,3942,EMEA,
1944,3942,3942,AP,
1945,3963,3963,EMEA,
1946,4041,4041,EMEA,
1947,4101,4101,EMEA,
1948,4101,4101,AP,
1949,4181,4181,NA,
1950,4182,4182,NA,
1951,4206,4206,,
1952,4221,4221,NA,
1953,4621,4621,,
1954,4626,4626,NA,
1955,4627,4627,NA,
1956,4681,4681,EMEA,
1957,4721,4721,LA,Americana
1958,4881,4881,NA,
1959,4881,4881,LA,
1960,4881,4881,EMEA,
1961,4881,4881,AP,
1962,4962,4962,NA,
1963,4966,4966,NA,
1964,4967,4967,NA,
1965,5061,5061,,
1966,5062,5062,LA,
1967,5062,5062,EMEA,
1968,5062,5062,AP,
1969,5066,5066,NA,
1970,5187,5187,NA,
1971,5222,5222,NA,Topeka
1972,5301,5301,NA,
1973,5301,5301,LA,
1974,5301,5301,EMEA,
1975,5301,5301,AP,
1976,5322,5322,NA,
1977,5322,5322,LA,
1978,5322,5322,EMEA,
1979,5322,5322,AP,
1980,5323,5323,NA,
1981,5323,5323,LA,
1982,5323,5323,EMEA,
1983,5323,5323,AP,
1984,5341,5341,EMEA,Izmit
1985,5361,5361,NA,
1986,5404,5404,NA,
1987,5404,5404,LA,
1988,5404,5404,EMEA,
1989,5404,5404,AP,
1990,5421,5421,LA,
1991,3904,3904,NA,
1992,3922,3922,NA,
1993,3922,3922,LA,
1994,3922,3922,EMEA,
1995,3922,3922,AP,
1996,3926,3926,EMEA,
1997,3926,3926,AP,
1998,3927,3927,EMEA,
1999,3927,3927,AP,
2000,3943,3943,,
2001,3984,3984,NA,
2002,3984,3984,LA,
2003,3984,3984,EMEA,
2004,3984,3984,AP,
2005,4081,4081,LA,Sao Paulo
2006,4121,4121,NA,
2007,4167,4168,NA,
2008,4204,4204,,
2009,4321,4321,NA,
2010,4321,4321,LA,
2011,4321,4321,EMEA,
2012,4321,4321,AP,
2013,4344,4344,NA,
2014,4403,4403,NA,Fayetteville
2015,4408,4408,LA,Americana
2016,4501,4501,NA,
2017,4521,4521,NA,Chem Beaumont
2018,4521,4521,LA,
2019,4521,4521,EMEA,
2020,4521,4521,AP,
2021,4522,4522,NA,
2022,4522,4522,LA,
2023,4522,4522,EMEA,
2024,4522,4522,AP,
2025,4541,4541,NA,
2026,4823,4823,NA,
2027,4841,4841,,
2028,4882,4882,NA,
2029,4882,4882,LA,
2030,4882,4882,EMEA,
2031,4882,4882,AP,
2032,4961,4961,NA,Buffalo / Tonawanda
2033,4968,4968,NA,
2034,4969,4969,LA,Americana
2035,5063,5063,EMEA,
2036,5121,5121,,
2037,5122,5122,NA,
2038,5161,5161,LA,
2039,5202,5202,,
2040,5242,5242,NA,
2041,5243,5243,NA,
2042,5401,5401,LA,
2043,5402,5402,LA,
2044,5462,5462,NA,
2045,5463,5463,NA,
2046,5464,5464,NA,
2047,5465,5465,NA,
2048,3983,3983,NA,
2049,3983,3983,LA,
2050,3983,3983,EMEA,
2051,3983,3983,AP,
2052,4021,4021,,
2053,4042,4042,NA,
2054,4042,4042,LA,
2055,4042,4042,EMEA,
2056,4042,4042,AP,
2057,4161,4161,NA,
2058,4183,4183,NA,
2059,4184,4184,NA,
2060,4207,4207,,
2061,4324,4324,NA,
2062,4324,4324,LA,
2063,4324,4324,EMEA,
2064,4324,4324,AP,
2065,4381,4381,AP,Thailand
2066,4382,4382,AP,Malaysia
2067,4441,4441,NA,
2068,4462,4462,AP,
2069,4581,4581,NA,
2070,4582,4582,NA,
2071,4661,4661,NA,
2072,4701,4701,AP,
2073,5001,5001,,
2074,5002,5002,,
2075,5164,5164,NA,
2076,5166,5166,NA,
2077,5166,5166,LA,
2078,5166,5166,EMEA,
2079,5166,5166,AP,
2080,5205,5205,NA,
2081,5205,5205,LA,
2082,5205,5205,AP,
2083,5241,5241,NA,
2084,5262,5262,NA,
2085,5342,5342,EMEA,Izmit
2086,5424,5424,NA,Danville
2087,5521,5521,NA,
2088,5523,5523,NA,
2089,3921,3921,NA,
2090,3921,3921,LA,
2091,3921,3921,EMEA,
2092,3921,3921,AP,
2093,3925,3925,NA,
2094,3925,3925,LA,
2095,3925,3925,EMEA,
2096,3925,3925,AP,
2097,3982,3982,NA,
2098,3982,3982,LA,
2099,3982,3982,EMEA,
2100,3982,3982,AP,
2101,4165,4165,NA,
2102,4166,4166,NA,
2103,4203,4203,,
2104,4208,4208,,
2105,4401,4401,EMEA,Adapazari
2106,4422,4422,,
2107,4442,4442,NA,
2108,4442,4442,LA,
2109,4442,4442,EMEA,
2110,4442,4442,AP,
2111,4624,4624,,
2112,4861,4861,NA,
2113,4903,4903,NA,
2114,4903,4903,LA,
2115,4903,4903,EMEA,
2116,4903,4903,AP,
2117,4942,4942,NA,
2118,4963,4963,LA,
2119,5102,5102,NA,
2120,5181,5181,NA,Chem Houston
2121,5362,5362,NA,
2122,5405,5405,,
2123,5425,5425,LA,Americana
2124,5522,5522,NA,
2125,4062,4062,EMEA,
2126,4141,4141,NA,
2127,4142,4142,NA,
2128,4201,4201,,
2129,4301,4301,EMEA,
2130,4346,4347,NA,
2131,4410,4410,LA,
2132,4482,4482,LA,
2133,4485,4485,NA,
2134,4561,4561,NA,
2135,4622,4622,,
2136,4682,4682,EMEA,
2137,4683,4683,EMEA,
2138,4741,4741,NA,
2139,4741,4741,LA,
2140,4741,4741,EMEA,
2141,4741,4741,AP,
2142,4802,4802,NA,
2143,4802,4802,LA,
2144,4802,4802,EMEA,
2145,4802,4802,AP,
2146,4822,4822,NA,
2147,4824,4824,NA,
2148,4824,4824,LA,
2149,4824,4824,EMEA,
2150,4824,4824,AP,
2151,4901,4901,,
2152,4902,4902,,
2153,4921,4921,NA,Chem Houston
2154,4943,4943,NA,
2155,5041,5041,NA,
2156,5041,5041,LA,
2157,5041,5041,EMEA,
2158,5041,5041,AP,
2159,5064,5064,NA,
2160,5064,5064,LA,
2161,5064,5064,EMEA,
2162,5064,5064,AP,
2163,5067,5067,NA,
2164,5101,5101,EMEA,
2165,5201,5201,,
2166,5221,5221,EMEA,Luxembourg
2167,5261,5261,LA,
2168,5261,5261,EMEA,
2169,5261,5261,AP,
2170,5426,5426,NA,
2171,5441,5441,NA,
2172,5524,5524,NA,
2173,5697,5787,EMEA,
2174,5709,5841,EMEA,
2175,5724,5946,NA,
2176,5741,6061,NA,
2177,5741,6061,LA,
2178,5741,6061,EMEA,
2179,5741,6061,AP,
2180,5765,6203,NA,
2181,5765,6203,LA,
2182,5765,6203,EMEA,
2183,5765,6203,AP,
2184,5788,6282,NA,
2185,5789,6283,NA,
2186,5794,6288,LA,
2187,5808,6344,EMEA,Fulda
2188,5814,6350,EMEA,Sava
2189,5840,6424,NA,
2190,5840,6424,LA,
2191,5843,6427,NA,
2192,5844,6428,NA,
2193,5845,6429,NA,
2194,5878,6564,NA,
2195,5878,6564,LA,
2196,5878,6564,EMEA,
2197,5878,6564,AP,Thailand
2198,5879,6565,NA,
2199,5879,6565,LA,
2200,5879,6565,EMEA,
2201,5879,6565,AP,
2202,5906,6724,,
2203,5918,6768,NA,
2204,5918,6768,LA,
2205,5918,6768,EMEA,
2206,5918,6768,AP,
2207,5932,6792,NA,
2208,5932,6792,LA,
2209,5932,6792,EMEA,
2210,5932,6792,AP,
2211,5933,6793,NA,
2212,5933,6793,LA,
2213,5933,6793,EMEA,
2214,5933,6793,AP,
2215,5951,6831,NA,
2216,5951,6831,LA,
2217,5951,6831,EMEA,
2218,5951,6831,AP,
2219,6012,6990,NA,
2220,5602,5602,NA,
2221,5641,5641,NA,
2222,5705,5807,EMEA,
2223,5714,5882,NA,Lawton
2224,5735,6021,EMEA,
2225,5774,6244,NA,
2226,5792,6286,NA,
2227,5802,6308,EMEA,South Africa
2228,5816,6352,EMEA,Adapazari
2229,5873,6543,LA,Americana
2230,5887,6601,NA,
2231,5900,6682,NA,
2232,5901,6701,NA,
2233,5901,6701,LA,
2234,5901,6701,EMEA,
2235,5901,6701,AP,
2236,5904,6722,NA,Lawton
2237,5908,6726,NA,
2238,5909,6741,AP,
2239,5910,6742,NA,
2240,5910,6742,LA,
2241,5910,6742,EMEA,
2242,5910,6742,AP,
2243,5926,6786,NA,
2244,5926,6786,LA,
2245,5926,6786,EMEA,
2246,5926,6786,AP,
2247,5934,6794,NA,
2248,5934,6794,LA,
2249,5934,6794,EMEA,
2250,5934,6794,AP,
2251,5950,6830,,
2252,5969,6923,NA,
2253,5971,6925,,
2254,5983,6949,NA,
2255,5983,6949,LA,
2256,5983,6949,EMEA,
2257,5983,6949,AP,
2258,6013,6991,NA,
2259,6014,6992,NA,
2260,6017,7001,EMEA,
2261,5669,5721,NA,
2262,5670,5722,NA,
2263,5676,5728,EMEA,
2264,5681,5733,EMEA,
2265,5682,5734,EMEA,
2266,5703,5805,NA,
2267,5703,5805,LA,
2268,5703,5805,EMEA,
2269,5703,5805,AP,
2270,5759,6161,,
2271,5766,6204,NA,
2272,5766,6204,LA,
2273,5766,6204,EMEA,
2274,5766,6204,AP,
2275,5767,6205,NA,
2276,5767,6205,LA,
2277,5767,6205,EMEA,
2278,5767,6205,AP,
2279,5777,6247,EMEA,
2280,5783,6253,NA,
2281,5798,6304,NA,
2282,5853,6441,,
2283,5861,6449,,
2284,5915,6765,NA,
2285,5915,6765,LA,
2286,5915,6765,EMEA,
2287,5915,6765,AP,
2288,5922,6782,NA,
2289,5922,6782,LA,
2290,5922,6782,EMEA,
2291,5922,6782,AP,
2292,5961,6901,NA,Topeka
2293,5961,6901,AP,
2294,5961,6901,NA,
2295,5961,6901,AP,Nippon Giant
2296,5974,6928,NA,
2297,5974,6928,LA,
2298,5974,6928,EMEA,
2299,5974,6928,AP,
2300,5976,6942,NA,
2301,5976,6942,LA,
2302,5976,6942,EMEA,
2303,5976,6942,AP,
2304,5982,6948,NA,
2305,5982,6948,LA,
2306,5982,6948,EMEA,
2307,5982,6948,AP,
2308,5987,6953,NA,
2309,5987,6953,LA,
2310,5987,6953,EMEA,
2311,5987,6953,AP,
2312,6008,6986,NA,
2313,6022,7042,NA,
2314,6022,7042,LA,
2315,6022,7042,EMEA,
2316,6022,7042,AP,
2317,6023,7043,NA,
2318,6023,7043,LA,
2319,6023,7043,EMEA,
2320,6023,7043,AP,
2321,6024,7044,NA,
2322,6024,7044,LA,
2323,6024,7044,EMEA,
2324,6024,7044,AP,
2325,6025,7045,NA,
2326,6025,7045,LA,
2327,6025,7045,EMEA,
2328,6025,7045,AP,
2329,6026,7046,NA,
2330,6026,7046,LA,
2331,6026,7046,EMEA,
2332,6026,7046,AP,
2333,6027,7047,NA,
2334,6027,7047,LA,
2335,6027,7047,EMEA,
2336,6027,7047,AP,
2337,6030,7062,NA,
2338,6030,7062,LA,
2339,6030,7062,EMEA,
2340,6030,7062,AP,
2341,6031,7063,NA,
2342,6031,7063,LA,
2343,6031,7063,EMEA,
2344,6031,7063,AP,
2345,5582,5582,LA,
2346,5583,5583,,
2347,5584,5584,LA,
2348,5601,5601,NA,
2349,5667,5701,EMEA,
2350,5721,5943,NA,
2351,5747,6085,NA,
2352,5747,6085,LA,
2353,5747,6085,EMEA,
2354,5747,6085,AP,
2355,5750,6102,NA,
2356,5761,6181,NA,Lawton
2357,5762,6182,NA,Union City
2358,5769,6221,,
2359,5793,6287,NA,
2360,5832,6386,,
2361,5882,6568,EMEA,Sava
2362,5892,6622,NA,
2363,5897,6661,,
2364,5907,6725,NA,ICM*A
2365,5914,6764,AP,
2366,5920,6770,,
2367,6004,6982,NA,
2368,6011,6989,NA,
2369,6029,7061,NA,
2370,6029,7061,LA,
2371,6029,7061,EMEA,
2372,6029,7061,AP,
2373,6033,7081,NA,
2374,6033,7081,LA,
2375,6033,7081,EMEA,
2376,6033,7081,AP,
2377,6034,7082,NA,
2378,6034,7082,LA,
2379,6034,7082,EMEA,
2380,6034,7082,AP,
2381,6035,7083,NA,
2382,6035,7083,LA,
2383,6035,7083,EMEA,
2384,6035,7083,AP,
2385,6036,7084,NA,
2386,6039,7101,,
2387,6040,7102,NA,
2388,6043,7105,,
2389,6044,7106,,
2390,5544,5544,EMEA,
2391,5562,5562,NA,
2392,5668,5702,EMEA,
2393,5689,5763,NA,
2394,5729,5981,NA,
2395,5738,6042,NA,Topeka
2396,5785,6261,EMEA,
2397,5819,6355,NA,
2398,5875,6561,NA,
2399,5875,6561,LA,
2400,5875,6561,EMEA,
2401,5875,6561,AP,Thailand
2402,5888,6602,NA,
2403,5912,6762,NA,Buffalo / Tonawanda
2404,5912,6762,LA,
2405,5912,6762,EMEA,
2406,5912,6762,AP,
2407,5921,6781,NA,
2408,5921,6781,LA,
2409,5921,6781,EMEA,
2410,5921,6781,AP,
2411,5957,6881,EMEA,
2412,5957,6881,AP,
2413,6021,7041,NA,
2414,6021,7041,LA,
2415,6021,7041,EMEA,
2416,6021,7041,AP,
2417,6037,7085,NA,
2418,6037,7085,LA,
2419,6037,7085,EMEA,
2420,6037,7085,AP,
2421,6045,7107,,
2422,6046,7108,NA,
2423,6046,7108,LA,
2424,6046,7108,EMEA,
2425,6046,7108,AP,
2426,6047,7109,NA,
2427,6047,7109,LA,
2428,6047,7109,EMEA,
2429,6047,7109,AP,
2430,6048,7110,NA,
2431,6048,7110,LA,
2432,6048,7110,EMEA,
2433,6048,7110,AP,
2434,6049,7111,NA,
2435,6049,7111,LA,
2436,6049,7111,EMEA,
2437,6049,7111,AP,
2438,6050,7112,NA,
2439,6050,7112,LA,
2440,6050,7112,EMEA,
2441,6050,7112,AP,
2442,6051,7121,NA,
2443,6051,7121,LA,
2444,6051,7121,EMEA,
2445,6051,7121,AP,
2446,6052,7122,NA,
2447,5825,6363,NA,
2448,5541,5541,NA,
2449,5563,5563,NA,
2450,5671,5723,NA,
2451,5674,5726,EMEA,
2452,5678,5730,EMEA,
2453,5679,5731,EMEA,
2454,5688,5762,NA,
2455,5694,5784,NA,
2456,5695,5785,NA,
2457,5698,5788,NA,
2458,5704,5806,EMEA,
2459,5707,5821,NA,
2460,5711,5861,NA,Medicine Hat
2461,5715,5901,EMEA,
2462,5717,5921,EMEA,
2463,5719,5941,NA,
2464,5720,5942,NA,
2465,5728,5962,NA,
2466,5730,5982,NA,
2467,5586,5586,EMEA,
2468,5663,5681,NA,
2469,5664,5682,NA,
2470,5687,5761,EMEA,
2471,5691,5781,NA,
2472,5702,5804,NA,
2473,5726,5948,AP,Nippon Giant
2474,5731,5983,NA,
2475,5732,5984,NA,
2476,5737,6041,NA,
2477,5743,6081,LA,Colombia
2478,5745,6083,LA,Colombia
2479,5749,6101,NA,
2480,5752,6104,NA,
2481,5763,6201,NA,
2482,5763,6201,LA,
2483,5763,6201,EMEA,
2484,5763,6201,AP,
2485,5764,6202,NA,
2486,5764,6202,LA,
2487,5764,6202,EMEA,
2488,5764,6202,AP,
2489,5772,6242,NA,
2490,5779,6249,NA,
2491,5782,6252,NA,
2492,5787,6281,NA,
2493,5791,6285,NA,
2494,5791,6285,LA,
2495,5791,6285,EMEA,
2496,5791,6285,AP,
2497,5796,6302,NA,
2498,5799,6305,NA,
2499,5800,6306,NA,
2500,5801,6307,EMEA,Fuerstenwalde
2501,5806,6342,EMEA,Wolverhampton
2502,5807,6343,NA,
2503,5823,6361,,
2504,5826,6364,NA,
2505,5841,6425,NA,
2506,5842,6426,NA,
2507,5846,6430,NA,
2508,5848,6432,NA,
2509,5849,6433,NA,
2510,5850,6434,LA,
2511,5851,6435,LA,
2512,5858,6446,,
2513,5865,6481,NA,Fayetteville
2514,5865,6481,LA,
2515,5865,6481,EMEA,
2516,5865,6481,AP,
2517,5867,6501,NA,
2518,5867,6501,LA,
2519,5870,6522,,
2520,5871,6541,NA,
2521,5561,5561,NA,
2522,5564,5564,AP,
2523,5683,5741,EMEA,
2524,5685,5743,EMEA,
2525,5686,5744,EMEA,
2526,5693,5783,NA,
2527,5746,6084,NA,
2528,5757,6141,LA,Colombia
2529,5810,6346,EMEA,Luxembourg
2530,5811,6347,EMEA,Birmingham
2531,5815,6351,NA,Buffalo / Tonawanda
2532,5821,6357,NA,
2533,5847,6431,NA,
2534,5866,6482,NA,
2535,5877,6563,NA,Topeka
2536,5877,6563,LA,
2537,5877,6563,EMEA,
2538,5877,6563,AP,
2539,5883,6581,EMEA,Hanau
2540,5884,6582,NA,ICM*A
2541,5885,6583,NA,Lawton
2542,5893,6623,NA,
2543,5893,6623,LA,
2544,5893,6623,EMEA,
2545,5893,6623,AP,
2546,5895,6641,NA,Chem Houston
2547,5899,6681,NA,
2548,5899,6681,LA,
2549,5899,6681,EMEA,
2550,5899,6681,AP,
2551,5903,6721,NA,Lawton
2552,5905,6723,,
2553,5911,6761,AP,
2554,5913,6763,NA,
2555,5913,6763,LA,
2556,5913,6763,EMEA,
2557,5913,6763,AP,
2558,5917,6767,NA,
2559,5917,6767,LA,
2560,5917,6767,EMEA,
2561,5917,6767,AP,
2562,5923,6783,NA,
2563,5923,6783,LA,
2564,5923,6783,EMEA,
2565,5923,6783,AP,
2566,5924,6784,NA,
2567,5924,6784,LA,
2568,5924,6784,EMEA,
2569,5924,6784,AP,
2570,5925,6785,NA,
2571,5925,6785,LA,
2572,5925,6785,EMEA,
2573,5925,6785,AP,
2574,5927,6787,NA,
2575,5927,6787,LA,
2576,5927,6787,EMEA,
2577,5927,6787,AP,
2578,5928,6788,NA,
2579,5928,6788,LA,
2580,5928,6788,EMEA,
2581,5928,6788,AP,
2582,5930,6790,NA,
2583,5930,6790,LA,
2584,5930,6790,EMEA,
2585,5930,6790,AP,
2586,5931,6791,NA,
2587,5931,6791,LA,
2588,5931,6791,EMEA,
2589,5931,6791,AP,
2590,5935,6795,NA,
2591,5935,6795,LA,
2592,5935,6795,EMEA,
2593,5935,6795,AP,
2594,5937,6801,NA,
2595,5937,6801,LA,
2596,5937,6801,EMEA,
2597,5937,6801,AP,
2598,5938,6802,NA,
2599,5938,6802,LA,
2600,5938,6802,EMEA,
2601,5938,6802,AP,
2602,5939,6803,NA,
2603,5939,6803,LA,
2604,5939,6803,EMEA,
2605,5939,6803,AP,
2606,5581,5581,LA,Americana
2607,5585,5585,EMEA,
2608,5675,5727,EMEA,
2609,5677,5729,EMEA,
2610,5701,5803,NA,
2611,5713,5881,NA,ICM*A
2612,5727,5961,NA,
2613,5751,6103,NA,
2614,5758,6142,NA,
2615,5758,6142,LA,
2616,5758,6142,EMEA,
2617,5758,6142,AP,
2618,5771,6241,NA,
2619,5809,6345,EMEA,Philippsburg
2620,5812,6348,EMEA,Sava
2621,5813,6349,NA,
2622,5813,6349,LA,
2623,5813,6349,EMEA,
2624,5813,6349,AP,
2625,5817,6353,EMEA,Adapazari
2626,5828,6382,,
2627,5837,6421,NA,Lawton
2628,5837,6421,LA,
2629,5837,6421,EMEA,
2630,5837,6421,AP,
2631,5854,6442,,
2632,5919,6769,NA,
2633,5919,6769,LA,
2634,5919,6769,EMEA,
2635,5919,6769,AP,
2636,5940,6804,NA,Buffalo / Tonawanda
2637,5941,6821,,
2638,5942,6822,,
2639,5943,6823,NA,
2640,5944,6824,,
2641,5945,6825,NA,
2642,5945,6825,LA,
2643,5945,6825,EMEA,
2644,5945,6825,AP,
2645,5946,6826,NA,
2646,5946,6826,LA,
2647,5946,6826,EMEA,
2648,5946,6826,AP,
2649,5947,6827,NA,
2650,5947,6827,LA,
2651,5947,6827,EMEA,
2652,5947,6827,AP,
2653,5948,6828,NA,
2654,5948,6828,LA,
2655,5948,6828,EMEA,
2656,5948,6828,AP,
2657,5949,6829,NA,
2658,5949,6829,LA,
2659,5949,6829,EMEA,
2660,5949,6829,AP,
2661,5953,6841,LA,Venezuela
2662,5955,6861,NA,
2663,5956,6862,NA,
2664,5542,5542,NA,
2665,5542,5542,LA,
2666,5542,5542,EMEA,
2667,5542,5542,AP,
2668,5680,5732,EMEA,
2669,5725,5947,AP,Nippon Giant
2670,5740,6044,NA,
2671,5755,6121,EMEA,
2672,5778,6248,NA,
2673,5780,6250,NA,
2674,5781,6251,NA,
2675,5790,6284,NA,
2676,5803,6321,NA,
2677,5805,6341,EMEA,Fulda
2678,5820,6356,NA,
2679,5830,6384,,
2680,5831,6385,,
2681,5834,6402,NA,
2682,5872,6542,LA,Americana
2683,5881,6567,EMEA,Izmit
2684,5889,6603,EMEA,Fuerstenwalde
2685,5890,6604,EMEA,Montlucon
2686,5958,6882,NA,
2687,5965,6905,AP,Thailand
2688,5967,6921,NA,
2689,5970,6924,NA,
2690,5972,6926,,
2691,5975,6941,NA,
2692,5975,6941,LA,
2693,5975,6941,EMEA,
2694,5975,6941,AP,
2695,5977,6943,NA,
2696,5977,6943,LA,
2697,5977,6943,EMEA,
2698,5977,6943,AP,
2699,5978,6944,,
2700,5979,6945,NA,
2701,5979,6945,LA,
2702,5979,6945,EMEA,
2703,5979,6945,AP,
2704,5980,6946,NA,
2705,5980,6946,LA,
2706,5980,6946,EMEA,
2707,5980,6946,AP,
2708,5981,6947,NA,
2709,5981,6947,LA,
2710,5981,6947,EMEA,
2711,5981,6947,AP,
2712,5984,6950,,
2713,5985,6951,NA,
2714,5985,6951,LA,
2715,5985,6951,EMEA,
2716,5985,6951,AP,
2717,5986,6952,NA,
2718,5986,6952,LA,
2719,5986,6952,EMEA,
2720,5986,6952,AP,
2721,5989,6955,NA,
2722,5989,6955,LA,
2723,5989,6955,EMEA,
2724,5989,6955,AP,
2725,5990,6956,NA,
2726,5990,6956,LA,
2727,5990,6956,EMEA,
2728,5990,6956,AP,
2729,5991,6957,NA,
2730,5992,6958,NA,
2731,5993,6961,AP,
2732,5994,6962,EMEA,
2733,5995,6963,EMEA,
2734,5996,6964,NA,
2735,5996,6964,LA,
2736,5996,6964,EMEA,
2737,5996,6964,AP,
2738,5621,5621,EMEA,South Africa
2739,5661,5661,,
2740,5665,5683,LA,Americana
2741,5699,5801,NA,
2742,5700,5802,NA,
2743,5722,5944,NA,
2744,5733,6001,NA,
2745,5736,6022,NA,
2746,5736,6022,LA,
2747,5739,6043,,
2748,5744,6082,LA,Colombia
2749,5773,6243,NA,
2750,5863,6461,,
2751,5880,6566,NA,
2752,5880,6566,LA,
2753,5880,6566,EMEA,Wolverhampton
2754,5880,6566,AP,
2755,5929,6789,NA,
2756,5929,6789,LA,
2757,5929,6789,EMEA,
2758,5929,6789,AP,
2759,5959,6883,NA,
2760,5959,6883,LA,
2761,5959,6883,EMEA,
2762,5959,6883,AP,
2763,5962,6902,AP,Dalian
2764,5968,6922,NA,
2765,5997,6965,NA,
2766,5997,6965,LA,
2767,5997,6965,EMEA,
2768,5997,6965,AP,
2769,5998,6966,NA,
2770,5998,6966,LA,
2771,5998,6966,EMEA,
2772,5998,6966,AP,
2773,5999,6967,NA,
2774,5999,6967,LA,
2775,5999,6967,EMEA,
2776,5999,6967,AP,
2777,6000,6968,NA,
2778,6000,6968,LA,
2779,6000,6968,EMEA,
2780,6000,6968,AP,
2781,6001,6969,NA,
2782,6001,6969,LA,
2783,6001,6969,EMEA,
2784,6001,6969,AP,
2785,6003,6981,AP,Dalian
2786,6005,6983,NA,
2787,6006,6984,NA,
2788,6007,6985,NA,
2789,6009,6987,AP,
2790,6010,6988,NA,
2791,6015,6993,NA,
2792,6019,7021,NA,Topeka
2793,6903,11501,NA,
2794,6903,11501,LA,
2795,6903,11501,EMEA,
2796,6903,11501,AP,
2797,6904,11502,NA,
2798,6904,11502,LA,
2799,6904,11502,EMEA,
2800,6904,11502,AP,
2801,5543,5543,EMEA,
2802,5545,5545,EMEA,
2803,5673,5725,NA,
2804,5684,5742,EMEA,
2805,5692,5782,NA,
2806,5696,5786,NA,
2807,5723,5945,NA,
2808,5753,6105,NA,
2809,5775,6245,NA,
2810,5776,6246,NA,
2811,5797,6303,NA,
2812,5818,6354,NA,
2813,5824,6362,LA,
2814,5827,6381,,
2815,5829,6383,,
2816,5838,6422,NA,
2817,5839,6423,NA,
2818,5855,6443,,
2819,5860,6448,,
2820,5869,6521,,
2821,5876,6562,NA,
2822,5876,6562,LA,
2823,5876,6562,EMEA,
2824,5876,6562,AP,
2825,5916,6766,AP,
2826,5963,6903,AP,
2827,5964,6904,AP,Thailand
2828,5988,6954,NA,
2829,5988,6954,LA,
2830,5988,6954,EMEA,
2831,5988,6954,AP,
2832,6059,7141,NA,
2833,6059,7141,LA,
2834,6059,7141,EMEA,
2835,6059,7141,AP,
2836,6061,7143,,
2837,6071,7181,,
2838,6074,7184,,
2839,6075,7185,,
2840,6076,7186,,
2841,6091,7231,NA,
2842,6099,7263,NA,
2843,6099,7263,LA,
2844,6112,7304,NA,
2845,6112,7304,LA,
2846,6112,7304,EMEA,
2847,6112,7304,AP,Malaysia
2848,6146,7442,AP,Indonesia
2849,6151,7481,,
2850,6155,7503,NA,
2851,6155,7503,LA,
2852,6155,7503,AP,
2853,6157,7521,NA,
2854,6176,7608,NA,
2855,6180,7612,NA,
2856,6182,7614,EMEA,
2857,6189,7661,NA,
2858,6189,7661,LA,
2859,6189,7661,EMEA,
2860,6189,7661,AP,
2861,6197,7721,EMEA,
2862,6197,7721,AP,
2863,6203,7761,AP,
2864,6212,7842,NA,
2865,6212,7842,LA,
2866,6212,7842,EMEA,
2867,6212,7842,AP,
2868,6219,7881,AP,
2869,6221,7901,LA,Americana
2870,6224,7904,NA,
2871,6229,7941,NA,
2872,6275,8181,AP,
2873,6276,8182,AP,Malaysia
2874,6277,8201,NA,
2875,6277,8201,LA,
2876,6277,8201,EMEA,
2877,6277,8201,AP,
2878,6070,7168,NA,
2879,6093,7233,NA,
2880,6121,7325,NA,
2881,6154,7502,NA,
2882,6161,7543,NA,
2883,6161,7543,LA,
2884,6161,7543,EMEA,
2885,6161,7543,AP,Thailand
2886,6162,7544,NA,
2887,6162,7544,LA,
2888,6162,7544,EMEA,
2889,6162,7544,AP,Thailand
2890,6163,7561,AP,
2891,6165,7563,NA,
2892,6168,7582,NA,
2893,6168,7582,LA,Americana
2894,6168,7582,EMEA,
2895,6168,7582,AP,
2896,6169,7601,NA,
2897,6170,7602,NA,
2898,6171,7603,NA,
2899,6178,7610,NA,
2900,6179,7611,NA,
2901,6183,7615,EMEA,
2902,6194,7702,NA,
2903,6205,7781,NA,
2904,6205,7781,LA,
2905,6205,7781,EMEA,
2906,6205,7781,AP,
2907,6215,7845,,
2908,6225,7921,NA,
2909,6225,7921,LA,
2910,6225,7921,EMEA,
2911,6225,7921,AP,
2912,6231,7961,NA,
2913,6243,8001,NA,
2914,6243,8001,LA,
2915,6243,8001,EMEA,
2916,6243,8001,AP,
2917,6246,8022,NA,
2918,6249,8041,NA,
2919,6250,8042,NA,
2920,6254,8064,NA,
2921,6255,8065,NA,
2922,6257,8067,NA,
2923,6258,8068,NA,
2924,6259,8069,NA,
2925,6261,8081,NA,
2926,6265,8103,EMEA,
2927,6267,8121,NA,
2928,6267,8121,LA,
2929,6267,8121,EMEA,
2930,6267,8121,AP,
2931,6269,8141,NA,Chem Bayport
2932,6269,8141,NA,Chem Beaumont
2933,6269,8141,NA,Chem Houston
2934,6269,8141,NA,Chem Niagara Falls
2935,6056,7126,NA,Lawton
2936,6056,7126,LA,
2937,6056,7126,EMEA,
2938,6056,7126,AP,
2939,6085,7225,NA,
2940,6087,7227,NA,
2941,6102,7266,,
2942,6115,7307,NA,
2943,6115,7307,LA,
2944,6115,7307,EMEA,
2945,6115,7307,AP,
2946,6129,7363,,
2947,6145,7441,,
2948,6164,7562,LA,
2949,6166,7564,NA,
2950,6167,7581,NA,
2951,6167,7581,LA,
2952,6167,7581,EMEA,
2953,6167,7581,AP,
2954,6193,7701,LA,
2955,6195,7703,LA,Americana
2956,6217,7861,AP,
2957,6218,7862,AP,
2958,6222,7902,AP,Nippon Giant
2959,6233,7963,NA,
2960,6241,7985,NA,
2961,6241,7985,LA,
2962,6241,7985,EMEA,
2963,6241,7985,AP,
2964,6247,8023,NA,
2965,6251,8061,NA,
2966,6252,8062,NA,
2967,6253,8063,NA,
2968,6264,8102,EMEA,
2969,6271,8161,NA,
2970,6271,8161,LA,
2971,6271,8161,EMEA,
2972,6271,8161,AP,
2973,6273,8163,NA,
2974,6280,8222,NA,
2975,6280,8222,LA,
2976,6280,8222,EMEA,
2977,6280,8222,AP,
2978,6281,8241,AP,
2979,6282,8242,EMEA,Hanau
2980,6284,8244,EMEA,
2981,6055,7125,NA,ICM*A
2982,6055,7125,LA,
2983,6055,7125,EMEA,
2984,6055,7125,AP,
2985,6058,7128,NA,
2986,6069,7167,NA,
2987,6077,7187,AP,
2988,6082,7222,AP,
2989,6086,7226,NA,
2990,6095,7241,NA,
2991,6107,7281,NA,
2992,6118,7322,NA,
2993,6119,7323,NA,
2994,6125,7341,NA,
2995,6128,7362,,
2996,6133,7381,NA,
2997,6133,7381,LA,
2998,6133,7381,EMEA,
2999,6133,7381,AP,
3000,6149,7461,NA,
3001,6172,7604,NA,
3002,6177,7609,NA,
3003,6185,7621,NA,
3004,6185,7621,LA,
3005,6185,7621,EMEA,
3006,6185,7621,AP,Malaysia
3007,6216,7846,AP,
3008,6235,7965,NA,
3009,6239,7983,NA,
3010,6239,7983,LA,
3011,6239,7983,EMEA,
3012,6239,7983,AP,
3013,6245,8021,NA,
3014,6279,8221,NA,
3015,6285,8245,EMEA,
3016,6286,8246,EMEA,
3017,6290,8250,EMEA,
3018,6292,8262,NA,
3019,6292,8262,LA,
3020,6292,8262,EMEA,
3021,6292,8262,AP,
3022,6293,8281,NA,
3023,6293,8281,LA,
3024,6293,8281,EMEA,
3025,6293,8281,AP,
3026,6295,8301,NA,
3027,6295,8301,LA,
3028,6299,8341,,
3029,6301,8361,NA,
3030,6301,8361,LA,
3031,6301,8361,EMEA,
3032,6301,8361,AP,
3033,6302,8362,NA,
3034,6302,8362,LA,
3035,6302,8362,EMEA,
3036,6302,8362,AP,
3037,6067,7165,NA,
3038,6084,7224,NA,
3039,6088,7228,NA,
3040,6089,7229,NA,
3041,6097,7261,NA,
3042,6097,7261,LA,
3043,6098,7262,NA,
3044,6098,7262,LA,
3045,6100,7264,NA,
3046,6100,7264,LA,
3047,6100,7264,EMEA,
3048,6100,7264,AP,
3049,6101,7265,,
3050,6103,7267,NA,
3051,6103,7267,LA,
3052,6103,7267,EMEA,
3053,6103,7267,AP,
3054,6105,7269,LA,Sao Paulo
3055,6109,7301,AP,Taiwan
3056,6122,7326,NA,
3057,6136,7384,NA,
3058,6136,7384,LA,
3059,6136,7384,EMEA,
3060,6136,7384,AP,
3061,6138,7402,LA,Americana
3062,6143,7425,NA,
3063,6143,7425,LA,
3064,6143,7425,EMEA,
3065,6143,7425,AP,
3066,6144,7426,NA,
3067,6144,7426,LA,
3068,6144,7426,EMEA,
3069,6144,7426,AP,
3070,6147,7443,NA,
3071,6181,7613,EMEA,
3072,6201,7741,NA,
3073,6201,7741,LA,
3074,6201,7741,EMEA,
3075,6201,7741,AP,
3076,6213,7843,NA,Medicine Hat
3077,6213,7843,NA,Napanee
3078,6237,7981,NA,
3079,6237,7981,LA,
3080,6237,7981,EMEA,
3081,6237,7981,AP,
3082,6256,8066,NA,
3083,6263,8101,EMEA,
3084,6270,8142,NA,
3085,6270,8142,LA,
3086,6270,8142,EMEA,
3087,6270,8142,AP,
3088,6272,8162,NA,
3089,6272,8162,LA,
3090,6272,8162,EMEA,
3091,6272,8162,AP,
3092,6283,8243,EMEA,
3093,6287,8247,EMEA,
3094,6288,8248,EMEA,
3095,6289,8249,EMEA,
3096,6291,8261,NA,
3097,6291,8261,LA,
3098,6291,8261,EMEA,
3099,6291,8261,AP,
3100,6297,8321,NA,
3101,6303,8363,NA,
3102,6303,8363,LA,
3103,6303,8363,EMEA,
3104,6303,8363,AP,
3105,6054,7124,NA,Gadsden
3106,6054,7124,LA,
3107,6054,7124,EMEA,
3108,6054,7124,AP,
3109,6057,7127,NA,
3110,6057,7127,LA,
3111,6057,7127,EMEA,
3112,6057,7127,AP,
3113,6063,7161,NA,
3114,6064,7162,NA,
3115,6065,7163,NA,
3116,6068,7166,NA,
3117,6072,7182,,
3118,6081,7221,AP,
3119,6090,7230,NA,
3120,6104,7268,NA,
3121,6104,7268,LA,Sao Paulo
3122,6104,7268,EMEA,
3123,6104,7268,AP,
3124,6110,7302,NA,
3125,6110,7302,LA,
3126,6110,7302,EMEA,
3127,6110,7302,AP,
3128,6111,7303,AP,Malaysia
3129,6113,7305,AP,Malaysia
3130,6114,7306,AP,Malaysia
3131,6120,7324,NA,
3132,6123,7327,NA,
3133,6123,7327,LA,
3134,6123,7327,EMEA,
3135,6123,7327,AP,
3136,6131,7365,NA,
3137,6134,7382,LA,
3138,6137,7401,NA,Topeka
3139,6139,7421,NA,
3140,6140,7422,NA,
3141,6141,7423,NA,
3142,6160,7542,NA,
3143,6160,7542,LA,
3144,6160,7542,EMEA,
3145,6160,7542,AP,Indonesia
3146,6199,7723,NA,
3147,6207,7801,,
3148,6226,7922,NA,
3149,6226,7922,LA,
3150,6226,7922,EMEA,
3151,6226,7922,AP,
3152,6227,7923,NA,
3153,6227,7923,LA,
3154,6227,7923,EMEA,
3155,6227,7923,AP,
3156,6238,7982,NA,
3157,6238,7982,LA,
3158,6238,7982,EMEA,
3159,6238,7982,AP,
3160,6240,7984,NA,
3161,6240,7984,LA,
3162,6240,7984,EMEA,
3163,6240,7984,AP,
3164,6242,7986,EMEA,
3165,6053,7123,NA,Medicine Hat
3166,6053,7123,LA,
3167,6053,7123,EMEA,
3168,6053,7123,AP,
3169,6060,7142,NA,
3170,6060,7142,LA,
3171,6060,7142,EMEA,
3172,6060,7142,AP,
3173,6066,7164,NA,
3174,6073,7183,,
3175,6079,7201,EMEA,
3176,6083,7223,AP,
3177,6092,7232,EMEA,
3178,6117,7321,NA,
3179,6130,7364,,
3180,6135,7383,NA,
3181,6142,7424,NA,
3182,6142,7424,LA,
3183,6142,7424,EMEA,
3184,6142,7424,AP,
3185,6153,7501,AP,Nippon Giant
3186,6158,7522,NA,
3187,6158,7522,LA,
3188,6158,7522,EMEA,
3189,6158,7522,AP,
3190,6159,7541,NA,
3191,6159,7541,LA,
3192,6159,7541,EMEA,
3193,6159,7541,AP,Indonesia
3194,6173,7605,NA,
3195,6174,7606,NA,
3196,6175,7607,NA,
3197,6187,7641,EMEA,
3198,6191,7681,NA,
3199,6198,7722,AP,
3200,6202,7742,NA,Lawton
3201,6209,7821,AP,
3202,6211,7841,NA,
3203,6211,7841,LA,
3204,6214,7844,NA,
3205,6223,7903,AP,Nippon Giant
3206,6232,7962,NA,
3207,6236,7966,NA,
3208,6305,8381,NA,Chem Houston
3209,6315,8463,,
3210,6320,8502,NA,
3211,6320,8502,LA,
3212,6320,8502,EMEA,
3213,6320,8502,AP,
3214,6327,8541,NA,
3215,6327,8541,LA,
3216,6327,8541,EMEA,
3217,6327,8541,AP,
3218,6357,8679,NA,
3219,6357,8679,LA,
3220,6357,8679,EMEA,
3221,6357,8679,AP,
3222,6362,8702,NA,
3223,6397,8841,NA,
3224,6397,8841,LA,
3225,6397,8841,EMEA,
3226,6397,8841,AP,
3227,6427,8947,AP,
3228,6437,8957,NA,
3229,6439,8959,NA,
3230,6455,9027,NA,
3231,6455,9027,LA,
3232,6455,9027,EMEA,
3233,6455,9027,AP,
3234,6495,9165,,
3235,6501,9203,NA,
3236,6510,9282,,
3237,6518,9304,EMEA,
3238,6519,9305,EMEA,
3239,6521,9307,AP,
3240,6522,9308,AP,
3241,6523,9309,AP,
3242,6527,9321,LA,
3243,6569,9533,NA,
3244,6571,9541,NA,
3245,6571,9541,LA,
3246,6571,9541,EMEA,
3247,6571,9541,AP,
3248,6591,9641,NA,
3249,6591,9641,LA,
3250,6591,9641,AP,
3251,6596,9682,EMEA,
3252,6597,9683,EMEA,
3253,6598,9684,NA,
3254,6598,9684,LA,
3255,6598,9684,EMEA,
3256,6598,9684,AP,
3257,6599,9701,NA,
3258,6599,9701,LA,
3259,6599,9701,EMEA,
3260,6599,9701,AP,
3261,6600,9702,EMEA,
3262,6601,9721,AP,
3263,6602,9722,NA,
3264,6604,9724,EMEA,
3265,6314,8462,EMEA,
3266,6317,8481,AP,
3267,6318,8482,EMEA,
3268,6318,8482,AP,Malaysia
3269,6325,8525,NA,
3270,6325,8525,LA,
3271,6325,8525,EMEA,
3272,6325,8525,AP,
3273,6329,8561,NA,
3274,6329,8561,LA,
3275,6329,8561,EMEA,
3276,6329,8561,AP,
3277,6340,8662,NA,
3278,6392,8812,NA,
3279,6392,8812,LA,
3280,6392,8812,EMEA,
3281,6392,8812,AP,
3282,6399,8861,,
3283,6417,8925,EMEA,Hanau
3284,6433,8953,EMEA,
3285,6441,8961,NA,
3286,6446,8984,EMEA,
3287,6457,9029,NA,
3288,6457,9029,LA,
3289,6457,9029,EMEA,
3290,6457,9029,AP,
3291,6465,9081,NA,
3292,6466,9082,NA,
3293,6468,9084,NA,
3294,6468,9084,LA,
3295,6468,9084,EMEA,
3296,6468,9084,AP,
3297,6475,9091,NA,
3298,6482,9124,NA,
3299,6482,9124,LA,
3300,6482,9124,EMEA,
3301,6482,9124,AP,
3302,6494,9164,EMEA,Montlucon
3303,6500,9202,NA,Medicine Hat
3304,6500,9202,LA,
3305,6500,9202,AP,
3306,6500,9202,NA,Napanee
3309,6500,9202,NA,Valleyfield
3312,6507,9261,NA,
3313,6507,9261,LA,
3314,6507,9261,EMEA,
3315,6507,9261,AP,
3316,6528,9322,EMEA,
3317,6531,9343,NA,
3318,6534,9362,LA,
3319,6537,9365,NA,
3320,6545,9441,NA,
3321,6545,9441,LA,
3322,6553,9483,,
3323,6603,9723,NA,
3324,6605,9725,EMEA,
3325,6606,9726,EMEA,
3326,6607,9727,LA,
3327,6608,9728,NA,
3328,6609,9729,NA,
3329,6610,9730,EMEA,
3330,6611,9741,LA,
3331,6613,9743,LA,
3332,6614,9744,LA,
3333,6306,8382,,
3334,6307,8401,NA,
3335,6307,8401,LA,
3336,6307,8401,EMEA,
3337,6307,8401,AP,
3338,6311,8441,NA,
3339,6311,8441,LA,
3340,6311,8441,EMEA,
3341,6311,8441,AP,
3342,6312,8442,NA,
3343,6312,8442,LA,
3344,6312,8442,EMEA,
3345,6312,8442,AP,
3346,6316,8464,,
3347,6326,8526,NA,
3348,6326,8526,LA,
3349,6326,8526,EMEA,
3350,6326,8526,AP,
3351,6331,8581,AP,
3352,6355,8677,AP,
3353,6373,8721,AP,
3354,6374,8722,AP,
3355,6381,8801,,
3356,6400,8862,EMEA,Hanau
3357,6404,8866,EMEA,Wittlich
3358,6405,8867,EMEA,Wittlich
3359,6406,8868,EMEA,Hanau
3360,6428,8948,AP,
3361,6429,8949,AP,
3362,6431,8951,AP,
3363,6443,8981,EMEA,
3364,6460,9042,NA,
3365,6460,9042,LA,
3366,6460,9042,EMEA,
3367,6460,9042,AP,
3368,6485,9127,NA,
3369,6485,9127,LA,
3370,6485,9127,EMEA,
3371,6485,9127,AP,
3372,6530,9342,NA,
3373,6535,9363,NA,
3374,6538,9366,LA,
3375,6539,9381,NA,
3376,6539,9381,LA,
3377,6539,9381,EMEA,
3378,6539,9381,AP,
3379,6543,9421,LA,
3380,6546,9442,EMEA,
3381,6568,9532,NA,
3382,6593,9661,EMEA,
3383,6594,9662,NA,
3384,6595,9681,EMEA,Luxembourg
3385,6620,9750,NA,
3386,6621,9761,EMEA,
3387,6623,9781,,
3388,6319,8501,NA,Chem Houston
3389,6324,8524,NA,
3390,6324,8524,LA,
3391,6324,8524,EMEA,
3392,6324,8524,AP,
3393,6341,8663,,
3394,6372,8712,NA,
3395,6382,8802,,
3396,6385,8805,NA,
3397,6388,8808,NA,
3398,6389,8809,NA,
3399,6389,8809,LA,
3400,6389,8809,EMEA,
3401,6389,8809,AP,
3402,6390,8810,NA,
3403,6390,8810,LA,
3404,6390,8810,EMEA,
3405,6390,8810,AP,
3406,6411,8901,LA,
3407,6434,8954,NA,
3408,6435,8955,EMEA,
3409,6450,9022,NA,
3410,6450,9022,LA,
3411,6450,9022,EMEA,
3412,6450,9022,AP,
3413,6453,9025,NA,
3414,6453,9025,LA,
3415,6453,9025,EMEA,
3416,6453,9025,AP,
3417,6467,9083,NA,
3418,6474,9090,NA,
3419,6474,9090,LA,
3420,6474,9090,EMEA,
3421,6474,9090,AP,
3422,6477,9101,NA,
3423,6493,9163,NA,
3424,6493,9163,LA,
3425,6493,9163,EMEA,
3426,6493,9163,AP,
3427,6505,9241,NA,
3428,6505,9241,LA,
3429,6505,9241,EMEA,
3430,6505,9241,AP,
3431,6509,9281,NA,
3432,6509,9281,LA,
3433,6509,9281,EMEA,
3434,6509,9281,AP,
3435,6513,9285,EMEA,
3436,6529,9341,NA,
3437,6541,9401,NA,
3438,6541,9401,LA,
3439,6541,9401,EMEA,
3440,6541,9401,AP,
3441,6615,9745,NA,
3442,6616,9746,NA,
3443,6617,9747,NA,
3444,6618,9748,NA,
3445,6619,9749,NA,
3446,6625,9801,EMEA,
3447,6626,9802,,
3448,6627,9803,NA,
3449,6333,8601,NA,
3450,6359,8681,NA,
3451,6361,8701,NA,
3452,6361,8701,LA,
3453,6361,8701,EMEA,
3454,6361,8701,AP,
3455,6375,8741,NA,
3456,6383,8803,,
3457,6384,8804,NA,
3458,6386,8806,NA,
3459,6395,8821,NA,
3460,6402,8864,EMEA,Wittlich
3461,6421,8941,LA,
3462,6423,8943,AP,
3463,6426,8946,AP,
3464,6438,8958,NA,
3465,6440,8960,NA,
3466,6456,9028,NA,
3467,6456,9028,LA,
3468,6456,9028,EMEA,
3469,6456,9028,AP,
3470,6469,9085,NA,
3471,6469,9085,LA,
3472,6469,9085,EMEA,
3473,6469,9085,AP,
3474,6470,9086,NA,
3475,6470,9086,LA,
3476,6470,9086,EMEA,
3477,6470,9086,AP,
3478,6471,9087,NA,
3479,6471,9087,LA,
3480,6471,9087,EMEA,
3481,6471,9087,AP,
3482,6472,9088,NA,
3483,6472,9088,LA,
3484,6472,9088,EMEA,
3485,6472,9088,AP,
3486,6476,9092,,
3487,6479,9121,NA,
3488,6479,9121,LA,
3489,6479,9121,EMEA,
3490,6479,9121,AP,
3491,6486,9128,NA,
3492,6486,9128,LA,
3493,6486,9128,EMEA,
3494,6486,9128,AP,
3495,6489,9141,NA,
3496,6489,9141,LA,
3497,6489,9141,EMEA,
3498,6489,9141,AP,
3499,6492,9162,NA,
3500,6492,9162,LA,
3501,6492,9162,EMEA,
3502,6492,9162,AP,
3503,6517,9303,EMEA,
3504,6524,9310,NA,
3505,6524,9310,LA,
3506,6551,9481,NA,
3507,6554,9484,,
3508,6557,9521,NA,
3509,6559,9523,NA,
3510,6560,9524,NA,
3511,6561,9525,NA,
3512,6562,9526,NA,
3513,6563,9527,NA,
3514,6564,9528,NA,
3515,6565,9529,NA,
3516,6566,9530,NA,
3517,6309,8421,EMEA,
3518,6309,8421,AP,
3519,6313,8461,NA,
3520,6313,8461,LA,
3521,6313,8461,EMEA,
3522,6313,8461,AP,
3523,6321,8521,NA,
3524,6322,8522,NA,
3525,6322,8522,LA,
3526,6322,8522,EMEA,
3527,6322,8522,AP,
3528,6377,8761,,
3529,6379,8781,NA,
3530,6379,8781,LA,
3531,6379,8781,EMEA,
3532,6379,8781,AP,
3533,6393,8813,NA,
3534,6393,8813,LA,
3535,6393,8813,EMEA,
3536,6393,8813,AP,
3537,6403,8865,EMEA,Hanau
3538,6407,8869,NA,Chem Beaumont
3539,6409,8881,NA,
3540,6413,8921,LA,
3541,6415,8923,EMEA,Hanau
3542,6416,8924,EMEA,Wittlich
3543,6418,8926,EMEA,Wittlich
3544,6420,8928,EMEA,Wittlich
3545,6422,8942,NA,
3546,6422,8942,LA,
3547,6422,8942,EMEA,
3548,6422,8942,AP,
3549,6424,8944,AP,
3550,6432,8952,NA,
3551,6444,8982,EMEA,
3552,6449,9021,NA,
3553,6449,9021,LA,
3554,6449,9021,EMEA,
3555,6449,9021,AP,
3556,6451,9023,NA,
3557,6451,9023,LA,
3558,6451,9023,EMEA,
3559,6451,9023,AP,
3560,6459,9041,NA,
3561,6459,9041,LA,
3562,6459,9041,EMEA,
3563,6459,9041,AP,
3564,6461,9043,NA,
3565,6461,9043,LA,
3566,6461,9043,EMEA,
3567,6461,9043,AP,
3568,6491,9161,NA,
3569,6491,9161,LA,
3570,6491,9161,EMEA,
3571,6491,9161,AP,
3572,6499,9201,EMEA,
3573,6503,9221,AP,
3574,6533,9361,LA,
3575,6323,8523,EMEA,
3576,6335,8621,NA,
3577,6339,8661,,
3578,6365,8705,NA,
3579,6366,8706,NA,
3580,6367,8707,NA,
3581,6368,8708,NA,
3582,6369,8709,NA,
3583,6370,8710,NA,
3584,6391,8811,NA,
3585,6391,8811,LA,
3586,6391,8811,EMEA,
3587,6391,8811,AP,
3588,6419,8927,EMEA,Hanau
3589,6445,8983,EMEA,
3590,6452,9024,NA,
3591,6452,9024,LA,
3592,6452,9024,EMEA,
3593,6452,9024,AP,
3594,6454,9026,NA,
3595,6454,9026,LA,
3596,6454,9026,EMEA,
3597,6454,9026,AP,
3598,6473,9089,NA,
3599,6483,9125,NA,
3600,6483,9125,LA,
3601,6483,9125,EMEA,
3602,6483,9125,AP,
3603,6497,9181,NA,
3604,6515,9301,EMEA,
3605,6520,9306,AP,
3606,6525,9311,LA,
3607,6544,9422,LA,
3608,6547,9443,EMEA,
3609,6549,9461,NA,
3610,6549,9461,LA,
3611,6549,9461,EMEA,
3612,6549,9461,AP,
3613,6552,9482,NA,
3614,6567,9531,NA,
3615,6573,9561,NA,
3616,6573,9561,LA,
3617,6573,9561,EMEA,
3618,6573,9561,AP,
3619,6574,9562,NA,
3620,6574,9562,LA,
3621,6574,9562,EMEA,
3622,6574,9562,AP,
3623,6577,9565,NA,
3624,6578,9566,NA,
3625,6579,9567,NA,
3626,6579,9567,LA,
3627,6579,9567,EMEA,
3628,6579,9567,AP,
3629,6580,9568,NA,
3630,6337,8641,EMEA,
3631,6338,8642,EMEA,
3632,6358,8680,NA,
3633,6363,8703,NA,
3634,6364,8704,NA,
3635,6371,8711,NA,
3636,6387,8807,NA,
3637,6401,8863,EMEA,Hanau
3638,6414,8922,NA,
3639,6414,8922,LA,
3640,6414,8922,EMEA,
3641,6414,8922,AP,
3642,6425,8945,AP,
3643,6436,8956,NA,
3644,6447,9001,NA,
3645,6447,9001,LA,
3646,6447,9001,EMEA,
3647,6447,9001,AP,
3648,6458,9030,NA,
3649,6458,9030,LA,
3650,6458,9030,EMEA,
3651,6458,9030,AP,
3652,6463,9061,EMEA,
3653,6480,9122,NA,
3654,6480,9122,LA,
3655,6480,9122,EMEA,
3656,6480,9122,AP,
3657,6481,9123,NA,
3658,6481,9123,LA,
3659,6481,9123,EMEA,
3660,6481,9123,AP,
3661,6484,9126,NA,
3662,6484,9126,LA,
3663,6484,9126,EMEA,
3664,6484,9126,AP,
3665,6487,9129,NA,
3666,6487,9129,LA,
3667,6487,9129,EMEA,
3668,6487,9129,AP,
3669,6498,9182,NA,
3670,6511,9283,EMEA,
3671,6512,9284,EMEA,
3672,6516,9302,EMEA,
3673,6536,9364,NA,
3674,6555,9501,NA,
3675,6575,9563,NA,
3676,6575,9563,LA,
3677,6575,9563,EMEA,
3678,6575,9563,AP,
3679,6576,9564,NA,
3680,6576,9564,LA,
3681,6576,9564,EMEA,
3682,6576,9564,AP,
3683,6581,9581,NA,
3684,6581,9581,LA,
3685,6581,9581,EMEA,
3686,6581,9581,AP,
3687,6582,9582,NA,
3688,6582,9582,LA,
3689,6582,9582,EMEA,
3690,6582,9582,AP,
3691,6583,9583,NA,
3692,6583,9583,LA,
3693,6583,9583,EMEA,
3694,6583,9583,AP,
3695,6584,9584,,
3696,6585,9601,NA,
3697,6586,9602,NA,
3698,6587,9621,,
3699,6588,9622,,
3700,6589,9623,,
3701,6631,9821,EMEA,Wolverhampton
3702,6632,9822,NA,
3703,6632,9822,LA,
3704,6632,9822,EMEA,
3705,6632,9822,AP,
3706,6657,9941,EMEA,
3707,6663,9981,AP,
3708,6674,10062,NA,
3709,6674,10062,LA,
3710,6674,10062,EMEA,
3711,6674,10062,AP,
3712,6678,10102,EMEA,Izmit
3713,6687,10161,NA,
3714,6689,10163,NA,
3715,6689,10163,LA,
3716,6689,10163,EMEA,
3717,6689,10163,AP,
3718,6690,10164,NA,
3719,6690,10164,LA,
3720,6690,10164,EMEA,
3721,6690,10164,AP,
3722,6719,10381,NA,
3723,6719,10381,LA,
3724,6719,10381,EMEA,
3725,6719,10381,AP,
3726,6722,10402,NA,
3727,6725,10423,,
3728,6729,10461,NA,
3729,6729,10461,LA,
3730,6729,10461,EMEA,
3731,6729,10461,AP,
3732,6735,10481,NA,
3733,6735,10481,LA,
3734,6735,10481,EMEA,
3735,6735,10481,AP,
3736,6737,10501,,
3737,6741,10505,NA,
3738,6747,10543,EMEA,
3739,6764,10642,,
3740,6769,10681,,
3741,6778,10762,EMEA,
3742,6787,10821,NA,
3743,6787,10821,LA,
3744,6787,10821,EMEA,
3745,6787,10821,AP,
3746,6788,10822,NA,
3747,6788,10822,LA,
3748,6788,10822,EMEA,
3749,6788,10822,AP,
3750,6789,10823,NA,
3751,6789,10823,LA,
3752,6789,10823,EMEA,
3753,6789,10823,AP,
3754,6792,10826,NA,
3755,6792,10826,LA,
3756,6792,10826,EMEA,
3757,6792,10826,AP,
3758,6828,11042,NA,
3759,6838,11102,NA,
3760,6864,11282,LA,Americana
3761,6865,11301,NA,
3762,6865,11301,LA,
3763,6878,11362,NA,
3764,6878,11362,LA,
3765,6878,11362,EMEA,
3766,6878,11362,AP,
3767,6883,11421,EMEA,
3768,6886,11442,NA,
3769,6887,11461,NA,
3770,6887,11461,LA,
3771,6887,11461,EMEA,
3772,6887,11461,AP,
3773,6888,11462,NA,
3774,6888,11462,LA,
3775,6888,11462,EMEA,
3776,6888,11462,AP,
3777,6889,11463,NA,
3778,6889,11463,LA,
3779,6889,11463,EMEA,
3780,6889,11463,AP,
3781,6890,11464,NA,
3782,6890,11464,LA,
3783,6890,11464,EMEA,
3784,6890,11464,AP,
3785,6891,11465,NA,
3786,6891,11465,LA,
3787,6891,11465,EMEA,
3788,6891,11465,AP,
3789,6892,11466,NA,
3790,6892,11466,LA,
3791,6892,11466,EMEA,
3792,6892,11466,AP,
3793,6635,9843,NA,
3794,6635,9843,LA,
3795,6635,9843,EMEA,
3796,6635,9843,AP,
3797,6642,9884,NA,
3798,6643,9885,NA,
3799,6644,9886,NA,
3800,6645,9887,NA,
3801,6649,9891,NA,
3802,6651,9893,NA,
3803,6659,9943,NA,
3804,6665,10001,NA,
3805,6665,10001,LA,
3806,6665,10001,EMEA,
3807,6665,10001,AP,
3808,6671,10041,EMEA,
3809,6671,10041,AP,
3810,6682,10142,LA,
3811,6684,10144,LA,
3812,6700,10242,EMEA,
3813,6705,10281,NA,
3814,6705,10281,LA,
3815,6705,10281,EMEA,
3816,6705,10281,AP,
3817,6713,10341,LA,
3818,6717,10361,NA,
3819,6749,10561,,
3820,6770,10682,NA,
3821,6770,10682,LA,
3822,6770,10682,EMEA,
3823,6770,10682,AP,
3824,6776,10742,NA,
3825,6776,10742,LA,
3826,6776,10742,EMEA,
3827,6776,10742,AP,
3828,6782,10784,NA,
3829,6790,10824,,
3830,6793,10827,,
3831,6806,10922,NA,
3832,6806,10922,LA,
3833,6806,10922,EMEA,
3834,6806,10922,AP,
3835,6834,11082,NA,
3836,6835,11083,NA,
3837,6840,11104,NA,
3838,6840,11104,LA,
3839,6840,11104,EMEA,
3840,6840,11104,AP,
3841,6859,11241,NA,
3842,6859,11241,LA,
3843,6859,11241,EMEA,
3844,6859,11241,AP,
3845,6862,11262,EMEA,
3846,6879,11381,EMEA,
3847,6893,11467,NA,
3848,6893,11467,LA,
3849,6893,11467,EMEA,
3850,6893,11467,AP,
3851,6895,11481,NA,
3852,6896,11482,NA,
3853,6898,11484,NA,
3854,6899,11485,NA,
3855,6900,11486,NA,
3856,6901,11487,NA,
3857,6906,11522,NA,
3858,6669,10023,NA,
3859,6673,10061,NA,
3860,6673,10061,LA,
3861,6673,10061,EMEA,
3862,6673,10061,AP,
3863,6703,10261,NA,
3864,6703,10261,LA,
3865,6703,10261,EMEA,
3866,6703,10261,AP,
3867,6709,10321,EMEA,Luxembourg
3868,6710,10322,NA,
3869,6724,10422,LA,
3870,6731,10463,NA,
3871,6731,10463,LA,
3872,6731,10463,EMEA,
3873,6731,10463,AP,
3874,6746,10542,AP,Indonesia
3875,6748,10544,EMEA,
3876,6753,10583,NA,
3877,6755,10585,EMEA,
3878,6760,10622,AP,
3879,6767,10661,EMEA,
3880,6785,10801,NA,
3881,6785,10801,LA,
3882,6785,10801,EMEA,
3883,6785,10801,AP,
3884,6816,11002,AP,
3885,6819,11005,NA,
3886,6819,11005,LA,
3887,6819,11005,EMEA,
3888,6819,11005,AP,
3889,6822,11022,NA,
3890,6822,11022,LA,
3891,6822,11022,EMEA,
3892,6822,11022,AP,
3893,6843,11107,NA,
3894,6843,11107,LA,
3895,6843,11107,EMEA,
3896,6843,11107,AP,
3897,6856,11202,LA,
3898,6867,11321,NA,
3899,6867,11321,LA,
3900,6867,11321,EMEA,
3901,6867,11321,AP,
3902,6897,11483,NA,
3903,6902,11488,NA,
3904,6907,11541,NA,
3905,6907,11541,LA,
3906,6907,11541,EMEA,
3907,6907,11541,AP,
3908,6916,11622,,
3909,6919,11641,NA,
3910,6919,11641,LA,
3911,6923,11663,NA,
3912,6923,11663,LA,
3913,6923,11663,EMEA,
3914,6923,11663,AP,
3915,6924,11664,NA,
3916,6924,11664,LA,
3917,6924,11664,EMEA,
3918,6924,11664,AP,
3919,6927,11681,NA,
3920,6927,11681,LA,
3921,6927,11681,EMEA,
3922,6927,11681,AP,
3923,6928,11682,AP,
3924,6935,11761,NA,
3925,6935,11761,LA,
3926,6937,11781,NA,
3927,6937,11781,LA,
3928,6937,11781,EMEA,
3929,6937,11781,AP,
3930,6938,11782,,
3931,6939,11783,NA,
3932,6940,11784,NA,
3933,6633,9841,NA,
3934,6633,9841,LA,
3935,6633,9841,AP,
3936,6637,9861,EMEA,
3937,6639,9881,NA,
3938,6640,9882,NA,
3939,6655,9921,NA,
3940,6675,10081,LA,
3941,6718,10362,NA,
3942,6718,10362,LA,
3943,6718,10362,EMEA,
3944,6718,10362,AP,
3945,6721,10401,NA,
3946,6730,10462,NA,
3947,6730,10462,LA,
3948,6730,10462,EMEA,
3949,6730,10462,AP,
3950,6732,10464,NA,
3951,6732,10464,LA,
3952,6732,10464,EMEA,
3953,6732,10464,AP,
3954,6740,10504,AP,
3955,6754,10584,EMEA,
3956,6763,10641,NA,
3957,6777,10761,EMEA,
3958,6779,10781,LA,
3959,6807,10941,NA,
3960,6807,10941,LA,
3961,6807,10941,EMEA,
3962,6807,10941,AP,
3963,6809,10943,,
3964,6823,11023,NA,
3965,6823,11023,LA,
3966,6823,11023,EMEA,
3967,6823,11023,AP,
3968,6824,11024,NA,
3969,6824,11024,LA,
3970,6824,11024,EMEA,
3971,6824,11024,AP,
3972,6833,11081,NA,
3973,6844,11108,NA,
3974,6844,11108,LA,
3975,6844,11108,EMEA,
3976,6844,11108,AP,
3977,6849,11141,EMEA,
3978,6851,11161,,
3979,6853,11181,NA,
3980,6853,11181,LA,
3981,6853,11181,EMEA,
3982,6853,11181,AP,
3983,6855,11201,NA,
3984,6855,11201,LA,
3985,6855,11201,EMEA,
3986,6855,11201,AP,
3987,6868,11322,NA,
3988,6868,11322,LA,
3989,6868,11322,EMEA,
3990,6868,11322,AP,
3991,6869,11323,NA,
3992,6869,11323,LA,
3993,6869,11323,EMEA,
3994,6869,11323,AP,
3995,6870,11324,NA,
3996,6870,11324,LA,
3997,6870,11324,EMEA,
3998,6870,11324,AP,
3999,6874,11328,NA,Danville
4000,6909,11561,,
4001,6911,11581,NA,
4002,6914,11602,EMEA,
4003,6915,11621,EMEA,
4004,6917,11623,EMEA,
4005,6918,11624,EMEA,
4006,6636,9844,NA,
4007,6636,9844,LA,
4008,6636,9844,EMEA,
4009,6636,9844,AP,
4010,6668,10022,NA,
4011,6677,10101,NA,
4012,6683,10143,LA,
4013,6697,10221,NA,
4014,6707,10301,EMEA,
4015,6727,10441,NA,
4016,6745,10541,AP,Indonesia
4017,6756,10586,EMEA,
4018,6771,10701,LA,
4019,6772,10702,NA,
4020,6772,10702,LA,
4021,6772,10702,EMEA,
4022,6772,10702,AP,
4023,6780,10782,NA,
4024,6781,10783,NA,
4025,6783,10785,NA,
4026,6791,10825,EMEA,
4027,6797,10861,NA,Buffalo / Tonawanda
4028,6799,10881,NA,
4029,6801,10883,NA,
4030,6808,10942,NA,
4031,6808,10942,LA,
4032,6808,10942,EMEA,
4033,6808,10942,AP,
4034,6818,11004,NA,
4035,6818,11004,LA,
4036,6818,11004,EMEA,
4037,6818,11004,AP,
4038,6825,11025,NA,
4039,6825,11025,LA,
4040,6825,11025,EMEA,
4041,6825,11025,AP,
4042,6841,11105,NA,
4043,6841,11105,LA,
4044,6841,11105,EMEA,
4045,6841,11105,AP,
4046,6845,11109,,
4047,6852,11162,AP,
4048,6857,11221,NA,Napanee
4049,6861,11261,EMEA,
4050,6871,11325,NA,
4051,6871,11325,LA,
4052,6871,11325,EMEA,
4053,6871,11325,AP,
4054,6873,11327,,
4055,6875,11341,NA,
4056,6875,11341,LA,
4057,6875,11341,EMEA,
4058,6875,11341,AP,
4059,6877,11361,NA,
4060,6877,11361,LA,
4061,6877,11361,EMEA,
4062,6877,11361,AP,
4063,6881,11401,NA,
4064,6881,11401,LA,
4065,6881,11401,EMEA,
4066,6881,11401,AP,
4067,6905,11521,NA,
4068,6913,11601,EMEA,
4069,6921,11661,NA,
4070,6921,11661,LA,
4071,6921,11661,EMEA,
4072,6921,11661,AP,
4073,6922,11662,NA,
4074,6922,11662,LA,
4075,6922,11662,EMEA,
4076,6922,11662,AP,
4077,6628,9804,NA,
4078,6629,9805,NA,
4079,6641,9883,NA,
4080,6661,9961,EMEA,South Africa
4081,6667,10021,NA,
4082,6679,10121,NA,
4083,6679,10121,LA,
4084,6679,10121,EMEA,
4085,6679,10121,AP,
4086,6685,10145,LA,
4087,6695,10201,NA,
4088,6699,10241,EMEA,
4089,6701,10243,EMEA,
4090,6714,10342,EMEA,
4091,6715,10343,EMEA,
4092,6723,10421,AP,
4093,6733,10465,NA,
4094,6733,10465,LA,
4095,6733,10465,EMEA,
4096,6733,10465,AP,
4097,6751,10581,NA,
4098,6752,10582,NA,
4099,6757,10601,LA,
4100,6759,10621,AP,
4101,6762,10624,EMEA,
4102,6775,10741,EMEA,
4103,6795,10841,NA,
4104,6795,10841,LA,
4105,6795,10841,EMEA,
4106,6795,10841,AP,
4107,6811,10961,AP,
4108,6817,11003,NA,
4109,6817,11003,LA,
4110,6817,11003,EMEA,
4111,6817,11003,AP,
4112,6821,11021,NA,
4113,6821,11021,LA,
4114,6821,11021,EMEA,
4115,6821,11021,AP,
4116,6827,11041,LA,
4117,6837,11101,NA,
4118,6842,11106,NA,
4119,6842,11106,LA,
4120,6842,11106,EMEA,
4121,6842,11106,AP,
4122,6863,11281,EMEA,
4123,6872,11326,LA,
4124,6885,11441,NA,
4125,6925,11665,NA,
4126,6925,11665,LA,
4127,6925,11665,EMEA,
4128,6925,11665,AP,
4129,6929,11701,EMEA,
4130,6931,11721,NA,
4131,6931,11721,LA,
4132,6931,11721,EMEA,
4133,6931,11721,AP,
4134,6933,11741,AP,Taiwan
4135,6934,11742,,
4136,6634,9842,NA,
4137,6634,9842,LA,
4138,6634,9842,AP,
4139,6646,9888,NA,
4140,6647,9889,NA,
4141,6648,9890,NA,
4142,6650,9892,NA,
4143,6653,9901,NA,
4144,6658,9942,EMEA,
4145,6662,9962,NA,
4146,6662,9962,LA,
4147,6662,9962,EMEA,Fuerstenwalde
4148,6662,9962,AP,
4149,6664,9982,NA,
4150,6666,10002,NA,
4151,6666,10002,LA,
4152,6666,10002,EMEA,
4153,6666,10002,AP,
4154,6681,10141,NA,
4155,6688,10162,NA,
4156,6688,10162,LA,
4157,6688,10162,EMEA,
4158,6688,10162,AP,
4159,6691,10165,NA,
4160,6691,10165,LA,
4161,6691,10165,EMEA,
4162,6691,10165,AP,
4163,6693,10181,NA,
4164,6711,10323,EMEA,Wittlich
4165,6734,10466,LA,
4166,6738,10502,NA,
4167,6739,10503,NA,
4168,6743,10521,NA,
4169,6761,10623,LA,
4170,6765,10643,EMEA,
4171,6773,10721,LA,
4172,6802,10884,NA,
4173,6803,10901,NA,
4174,6805,10921,NA,
4175,6810,10944,,
4176,6813,10981,NA,
4177,6815,11001,NA,
4178,6815,11001,LA,
4179,6815,11001,EMEA,
4180,6815,11001,AP,
4181,6829,11061,NA,
4182,6829,11061,LA,
4183,6829,11061,EMEA,
4184,6829,11061,AP,
4185,6830,11062,NA,
4186,6830,11062,LA,
4187,6830,11062,EMEA,
4188,6830,11062,AP,
4189,6831,11063,NA,
4190,6831,11063,LA,
4191,6831,11063,EMEA,
4192,6831,11063,AP,
4193,6839,11103,NA,
4194,6839,11103,LA,
4195,6839,11103,EMEA,
4196,6839,11103,AP,
4197,6846,11110,NA,
4198,6846,11110,LA,
4199,6846,11110,EMEA,
4200,6846,11110,AP,
4201,6949,11861,NA,
4202,6954,11884,NA,
4203,6954,11884,LA,
4204,6954,11884,EMEA,
4205,6954,11884,AP,
4206,6955,11901,NA,
4207,6955,11901,LA,
4208,6955,11901,EMEA,
4209,6955,11901,AP,
4210,6963,11941,LA,Colombia
4211,6964,11942,NA,
4212,6964,11942,LA,Colombia
4213,6964,11942,EMEA,
4214,6964,11942,AP,
4215,6997,12161,,
4216,7010,12208,NA,
4217,7010,12208,LA,
4218,7010,12208,EMEA,
4219,7010,12208,AP,
4220,7011,12209,NA,
4221,7011,12209,LA,
4222,7011,12209,EMEA,
4223,7011,12209,AP,
4224,7021,12263,NA,
4225,7021,12263,LA,
4226,7021,12263,EMEA,
4227,7021,12263,AP,
4228,7042,12382,,
4229,7043,12401,NA,
4230,7043,12401,LA,
4231,7043,12401,EMEA,
4232,7043,12401,AP,
4233,7050,12442,EMEA,
4234,7064,12524,NA,
4235,7064,12524,LA,
4236,7068,12528,NA,
4237,7068,12528,LA,
4238,7092,12642,NA,
4239,7092,12642,LA,
4240,7092,12642,EMEA,
4241,7092,12642,AP,
4242,7095,12661,,
4243,7105,12741,NA,
4244,7105,12741,LA,
4245,7105,12741,EMEA,
4246,7105,12741,AP,
4247,7110,12764,NA,Napanee
4248,7110,12764,LA,
4249,7122,12822,NA,
4250,7122,12822,LA,
4251,7122,12822,EMEA,
4252,7122,12822,AP,
4253,7128,12844,,
4254,7137,12853,NA,
4255,7137,12853,LA,
4256,7137,12853,EMEA,
4257,7137,12853,AP,
4258,7147,12941,NA,
4259,7148,12942,NA,
4260,7152,12946,NA,
4261,7152,12946,LA,
4262,7152,12946,EMEA,
4263,7152,12946,AP,
4264,7166,12957,EMEA,
4265,7167,12958,NA,
4266,7167,12958,LA,
4267,7167,12958,EMEA,
4268,7167,12958,AP,
4269,7169,12959,NA,ICM*A
4270,7169,12959,LA,
4271,7181,12970,NA,
4272,7181,12970,LA,
4273,7181,12970,EMEA,
4274,7181,12970,AP,
4275,7199,12982,NA,
4276,7199,12982,LA,
4277,7199,12982,EMEA,
4278,7199,12982,AP,
4279,7208,12989,NA,
4280,7208,12989,EMEA,
4281,7212,12993,LA,
4282,6965,11961,NA,
4283,6965,11961,LA,
4284,6965,11961,EMEA,
4285,6965,11961,AP,
4286,6966,11962,,
4287,6968,11964,,
4288,6981,12041,NA,
4289,6981,12041,LA,
4290,6981,12041,AP,
4291,7015,12223,NA,
4292,7015,12223,LA,
4293,7015,12223,EMEA,
4294,7015,12223,AP,
4295,7029,12301,NA,
4296,7031,12321,NA,
4297,7039,12361,NA,
4298,7039,12361,LA,
4299,7039,12361,EMEA,
4300,7039,12361,AP,
4301,7046,12404,AP,
4302,7048,12422,NA,
4303,7055,12501,NA,
4304,7055,12501,LA,
4305,7055,12501,EMEA,
4306,7055,12501,AP,
4307,7058,12504,NA,
4308,7058,12504,LA,
4309,7058,12504,EMEA,
4310,7058,12504,AP,
4311,7069,12529,NA,
4312,7069,12529,LA,
4313,7069,12529,EMEA,
4314,7069,12529,AP,
4315,7087,12601,NA,
4316,7087,12601,LA,
4317,7087,12601,EMEA,
4318,7087,12601,AP,
4319,7108,12762,NA,Union City
4320,7108,12762,LA,
4321,7130,12846,,
4322,7145,12921,EMEA,
4323,7150,12944,NA,
4324,7150,12944,LA,
4325,7150,12944,EMEA,
4326,7150,12944,AP,
4327,7151,12945,NA,
4328,7151,12945,LA,
4329,7151,12945,EMEA,
4330,7151,12945,AP,
4331,7153,12947,NA,
4332,7153,12947,LA,
4333,7153,12947,EMEA,
4334,7153,12947,AP,
4335,7165,12956,EMEA,
4336,7172,12961,EMEA,Luxembourg
4337,7183,12971,NA,
4338,7183,12971,LA,
4339,7183,12971,AP,
4340,7203,12985,NA,
4341,7203,12985,LA,
4342,7203,12985,EMEA,
4343,7203,12985,AP,
4344,7206,12987,NA,
4345,7206,12987,LA,
4346,7206,12987,EMEA,
4347,7206,12987,AP,
4348,7217,12997,NA,
4349,7217,12997,LA,
4350,7217,12997,EMEA,
4351,7217,12997,AP,
4352,7223,13002,NA,
4353,7223,13002,LA,
4354,7223,13002,EMEA,
4355,7228,13005,NA,
4356,7233,13009,,
4357,7235,13010,EMEA,
4358,7245,13020,EMEA,Luxembourg
4359,7247,13021,NA,
4360,7247,13021,LA,
4361,7247,13021,EMEA,
4362,7247,13021,AP,
4363,7248,13022,NA,
4364,7248,13022,LA,
4365,7248,13022,EMEA,
4366,7248,13022,AP,
4367,7252,13026,NA,
4368,7252,13026,LA,
4369,7252,13026,EMEA,
4370,7252,13026,AP,
4371,7253,13027,EMEA,
4372,7254,13028,EMEA,
4373,6958,11904,NA,
4374,6958,11904,LA,
4375,6958,11904,EMEA,
4376,6958,11904,AP,
4377,6986,12082,NA,
4378,7007,12205,EMEA,
4379,7063,12523,NA,
4380,7063,12523,LA,
4381,7070,12530,NA,
4382,7070,12530,LA,
4383,7070,12530,EMEA,
4384,7070,12530,AP,
4385,7073,12533,AP,
4386,7109,12763,NA,Topeka
4387,7109,12763,LA,
4388,7125,12841,NA,
4389,7125,12841,LA,
4390,7125,12841,EMEA,
4391,7125,12841,AP,
4392,7126,12842,,
4393,7193,12978,LA,
4394,7207,12988,NA,
4395,7207,12988,LA,
4396,7207,12988,EMEA,
4397,7207,12988,AP,
4398,7209,12990,NA,
4399,7213,12994,LA,
4400,7215,12995,NA,
4401,7215,12995,LA,
4402,7215,12995,EMEA,
4403,7215,12995,AP,
4404,7220,12999,AP,
4405,7255,13029,NA,
4406,7255,13029,LA,
4407,7255,13029,EMEA,
4408,7255,13029,AP,
4409,7257,13030,NA,
4410,7257,13030,LA,
4411,7257,13030,EMEA,
4412,7257,13030,AP,
4413,7260,13033,NA,
4414,7260,13033,LA,
4415,7260,13033,EMEA,
4416,7260,13033,AP,
4417,7263,13035,NA,
4418,7263,13035,LA,
4419,7263,13035,EMEA,
4420,7263,13035,AP,
4421,7264,13036,NA,
4422,7265,13037,NA,
4423,7267,13039,NA,
4424,7268,13040,NA,
4425,7268,13040,LA,
4426,7268,13040,EMEA,
4427,7268,13040,AP,
4428,7272,13044,NA,
4429,7272,13044,LA,
4430,7272,13044,EMEA,
4431,7272,13044,AP,
4432,7274,13046,LA,
4433,7276,13048,NA,
4434,7276,13048,LA,
4435,7276,13048,EMEA,
4436,7276,13048,AP,
4437,7277,13049,NA,
4438,7277,13049,LA,
4439,7277,13049,EMEA,
4440,7277,13049,AP,
4441,7279,13051,NA,
4442,7279,13051,LA,
4443,7279,13051,EMEA,
4444,7279,13051,AP,
4445,7280,13052,NA,
4446,7281,13053,NA,
4447,6943,11821,LA,
4448,6953,11883,NA,
4449,6953,11883,LA,
4450,6953,11883,EMEA,
4451,6953,11883,AP,
4452,6975,12005,NA,
4453,6975,12005,LA,
4454,6975,12005,EMEA,
4455,6975,12005,AP,
4456,6979,12023,NA,
4457,6979,12023,LA,
4458,6979,12023,EMEA,
4459,6979,12023,AP,
4460,6984,12062,NA,
4461,6984,12062,LA,
4462,6984,12062,EMEA,
4463,6984,12062,AP,
4464,6995,12143,NA,
4465,6995,12143,LA,
4466,6995,12143,EMEA,
4467,6995,12143,AP,
4468,7004,12202,NA,
4469,7004,12202,LA,
4470,7004,12202,EMEA,
4471,7004,12202,AP,
4472,7013,12221,AP,Dalian
4473,7025,12283,EMEA,
4474,7028,12286,EMEA,
4475,7051,12461,NA,
4476,7051,12461,LA,
4477,7051,12461,EMEA,
4478,7051,12461,AP,
4479,7061,12521,EMEA,
4480,7065,12525,NA,
4481,7065,12525,LA,
4482,7077,12543,NA,
4483,7077,12543,LA,
4484,7077,12543,EMEA,
4485,7077,12543,AP,
4486,7091,12641,NA,
4487,7091,12641,LA,
4488,7091,12641,EMEA,
4489,7091,12641,AP,
4490,7097,12681,NA,
4491,7097,12681,LA,
4492,7097,12681,EMEA,
4493,7097,12681,AP,
4494,7113,12781,NA,
4495,7113,12781,LA,Americana
4496,7115,12783,LA,
4497,7129,12845,,
4498,7132,12848,,
4499,7135,12851,,
4500,7136,12852,NA,
4501,7136,12852,LA,
4502,7136,12852,EMEA,
4503,7136,12852,AP,
4504,7211,12992,NA,
4505,7211,12992,LA,
4506,7211,12992,EMEA,
4507,7211,12992,AP,
4508,7216,12996,EMEA,
4509,7221,13000,NA,
4510,7221,13000,LA,
4511,7221,13000,AP,
4512,7229,13006,NA,
4513,7249,13023,NA,
4514,7249,13023,LA,
4515,7249,13023,EMEA,
4516,7249,13023,AP,
4517,7251,13025,NA,
4518,7251,13025,LA,
4519,7251,13025,EMEA,
4520,7251,13025,AP,
4521,7258,13031,NA,
4522,7258,13031,LA,
4523,7258,13031,EMEA,
4524,7258,13031,AP,
4525,7261,13034,NA,
4526,7261,13034,LA,
4527,7261,13034,EMEA,
4528,7261,13034,AP,
4529,7275,13047,NA,
4530,7275,13047,LA,
4531,7275,13047,EMEA,
4532,7275,13047,AP,
4533,6962,11922,NA,
4534,6962,11922,LA,
4535,6962,11922,EMEA,
4536,6962,11922,AP,
4537,6980,12024,NA,
4538,6980,12024,LA,
4539,6980,12024,EMEA,
4540,6980,12024,AP,
4541,6987,12083,NA,
4542,6989,12101,NA,
4543,6989,12101,LA,
4544,6989,12101,EMEA,
4545,6989,12101,AP,
4546,7008,12206,NA,
4547,7008,12206,LA,
4548,7008,12206,EMEA,
4549,7008,12206,AP,
4550,7016,12224,,
4551,7056,12502,NA,
4552,7056,12502,LA,
4553,7056,12502,EMEA,
4554,7056,12502,AP,
4555,7057,12503,NA,
4556,7057,12503,LA,
4557,7057,12503,EMEA,
4558,7057,12503,AP,
4559,7059,12505,NA,
4560,7059,12505,LA,
4561,7059,12505,EMEA,
4562,7059,12505,AP,
4563,7060,12506,EMEA,
4564,7074,12534,NA,
4565,7075,12541,EMEA,
4566,7082,12582,NA,
4567,7082,12582,LA,
4568,7082,12582,EMEA,
4569,7082,12582,AP,
4570,7085,12585,EMEA,Debica
4571,7099,12701,LA,
4572,7099,12701,EMEA,
4573,7099,12701,AP,
4574,7101,12721,NA,Gadsden
4575,7101,12721,LA,
4576,7111,12765,NA,Danville
4577,7111,12765,LA,
4578,7116,12784,LA,Peru
4579,7117,12785,LA,Venezuela
4580,7131,12847,,
4581,7134,12850,,
4582,7160,12952,EMEA,
4583,7176,12965,NA,
4584,7176,12965,LA,
4585,7176,12965,EMEA,
4586,7176,12965,AP,
4587,7179,12968,NA,
4588,7179,12968,LA,
4589,7179,12968,EMEA,
4590,7179,12968,AP,
4591,7180,12969,NA,
4592,7180,12969,LA,
4593,7180,12969,EMEA,
4594,7180,12969,AP,
4595,7191,12977,NA,
4596,7191,12977,LA,
4597,7191,12977,EMEA,
4598,7191,12977,AP,
4599,7200,12983,NA,
4600,7200,12983,LA,
4601,7200,12983,EMEA,
4602,7200,12983,AP,
4603,7201,12984,EMEA,
4604,7225,13003,LA,Venezuela
4605,7250,13024,NA,
4606,7250,13024,LA,
4607,7250,13024,EMEA,
4608,7250,13024,AP,
4609,7259,13032,NA,
4610,7259,13032,LA,
4611,7259,13032,EMEA,
4612,7259,13032,AP,
4613,7266,13038,NA,
4614,7273,13045,NA,
4615,7278,13050,NA,
4616,7278,13050,LA,
4617,7278,13050,EMEA,
4618,7278,13050,AP,
4619,6945,11841,EMEA,
4620,6946,11842,NA,
4621,6947,11843,EMEA,
4622,6951,11881,NA,
4623,6951,11881,LA,
4624,6951,11881,EMEA,
4625,6951,11881,AP,
4626,6952,11882,NA,
4627,6952,11882,LA,
4628,6952,11882,EMEA,
4629,6952,11882,AP,
4630,6956,11902,NA,
4631,6956,11902,LA,
4632,6956,11902,EMEA,
4633,6956,11902,AP,
4634,6961,11921,NA,
4635,6961,11921,LA,
4636,6961,11921,EMEA,
4637,6961,11921,AP,
4638,6969,11981,EMEA,Montlucon
4639,6988,12084,NA,
4640,6991,12121,NA,
4641,6998,12162,NA,
4642,6999,12181,,
4643,7009,12207,NA,
4644,7009,12207,LA,
4645,7009,12207,EMEA,
4646,7009,12207,AP,
4647,7017,12241,NA,
4648,7017,12241,LA,
4649,7017,12241,EMEA,
4650,7017,12241,AP,
4651,7027,12285,EMEA,
4652,7034,12342,NA,
4653,7034,12342,LA,
4654,7034,12342,EMEA,
4655,7034,12342,AP,
4656,7047,12421,AP,Ballabgarh
4657,7049,12441,,
4658,7071,12531,NA,
4659,7071,12531,LA,
4660,7071,12531,EMEA,
4661,7071,12531,AP,
4662,7076,12542,EMEA,
4663,7114,12782,,
4664,7123,12823,NA,
4665,7123,12823,LA,
4666,7123,12823,EMEA,
4667,7123,12823,AP,Dalian
4668,7133,12849,,
4669,7139,12861,NA,
4670,7139,12861,LA,
4671,7139,12861,EMEA,
4672,7139,12861,AP,
4673,7149,12943,NA,
4674,7149,12943,LA,
4675,7149,12943,EMEA,
4676,7149,12943,AP,
4677,7159,12951,EMEA,
4678,7173,12962,NA,
4679,7173,12962,LA,
4680,7173,12962,EMEA,
4681,7173,12962,AP,
4682,7174,12963,NA,
4683,7174,12963,LA,
4684,7174,12963,EMEA,
4685,7174,12963,AP,
4686,7184,12972,NA,
4687,7184,12972,LA,
4688,7184,12972,EMEA,
4689,7184,12972,AP,
4690,7189,12976,NA,
4691,7205,12986,NA,
4692,7205,12986,LA,
4693,7205,12986,EMEA,
4694,7205,12986,AP,
4695,7210,12991,NA,
4696,7210,12991,LA,
4697,7210,12991,EMEA,
4698,7210,12991,AP,
4699,7231,13007,NA,
4700,7231,13007,LA,
4701,7231,13007,EMEA,
4702,7231,13007,AP,
4703,6971,12001,,
4704,6972,12002,LA,
4705,6982,12042,NA,
4706,6982,12042,LA,
4707,6982,12042,EMEA,
4708,6982,12042,AP,
4709,6985,12081,EMEA,
4710,7003,12201,NA,
4711,7003,12201,LA,
4712,7003,12201,EMEA,
4713,7003,12201,AP,
4714,7006,12204,NA,
4715,7006,12204,LA,
4716,7006,12204,EMEA,
4717,7006,12204,AP,
4718,7014,12222,AP,Taiwan
4719,7019,12261,NA,
4720,7019,12261,LA,
4721,7019,12261,EMEA,
4722,7019,12261,AP,
4723,7023,12281,EMEA,
4724,7026,12284,EMEA,
4725,7033,12341,NA,
4726,7033,12341,LA,
4727,7033,12341,EMEA,
4728,7033,12341,AP,
4729,7035,12343,NA,
4730,7044,12402,NA,
4731,7044,12402,LA,
4732,7044,12402,EMEA,
4733,7044,12402,AP,
4734,7045,12403,NA,
4735,7045,12403,LA,
4736,7045,12403,EMEA,
4737,7045,12403,AP,
4738,7066,12526,NA,
4739,7066,12526,LA,
4740,7081,12581,NA,
4741,7081,12581,LA,
4742,7081,12581,EMEA,
4743,7081,12581,AP,
4744,7083,12583,EMEA,Debica
4745,7084,12584,EMEA,Debica
4746,7089,12621,,
4747,7094,12644,NA,
4748,7103,12723,NA,
4749,7107,12761,NA,
4750,7107,12761,LA,
4751,7107,12761,EMEA,
4752,7107,12761,AP,
4753,7119,12801,,
4754,7127,12843,,
4755,7141,12881,EMEA,
4756,7142,12882,,
4757,7143,12901,NA,
4758,7155,12948,NA,
4759,7155,12948,LA,
4760,7155,12948,EMEA,
4761,7155,12948,AP,
4762,7157,12949,NA,Danville
4763,7157,12949,LA,
4764,7157,12949,EMEA,
4765,7157,12949,AP,
4766,7161,12953,EMEA,
4767,7163,12955,EMEA,
4768,7186,12974,NA,
4769,7186,12974,LA,
4770,7186,12974,AP,
4771,7219,12998,NA,
4772,7219,12998,LA,
4773,7219,12998,EMEA,
4774,7219,12998,AP,
4775,7227,13004,AP,
4776,7232,13008,NA,
4777,6941,11801,AP,
4778,6957,11903,NA,
4779,6957,11903,LA,
4780,6957,11903,EMEA,
4781,6957,11903,AP,
4782,6959,11905,NA,
4783,6959,11905,LA,
4784,6959,11905,EMEA,
4785,6959,11905,AP,
4786,6967,11963,EMEA,
4787,6983,12061,NA,
4788,6983,12061,LA,
4789,6983,12061,EMEA,
4790,6983,12061,AP,
4791,6993,12141,NA,
4792,6993,12141,LA,
4793,6993,12141,EMEA,
4794,6993,12141,AP,
4795,6994,12142,NA,
4796,6994,12142,LA,
4797,6994,12142,EMEA,
4798,6994,12142,AP,
4799,7005,12203,NA,
4800,7005,12203,LA,
4801,7005,12203,EMEA,
4802,7005,12203,AP,
4803,7020,12262,NA,
4804,7020,12262,LA,
4805,7020,12262,EMEA,
4806,7020,12262,AP,
4807,7024,12282,EMEA,
4808,7036,12344,NA,
4809,7037,12345,NA,
4810,7037,12345,LA,
4811,7037,12345,EMEA,
4812,7037,12345,AP,
4813,7041,12381,NA,
4814,7041,12381,LA,
4815,7041,12381,EMEA,
4816,7041,12381,AP,
4817,7053,12481,NA,
4818,7054,12482,NA,
4819,7062,12522,EMEA,
4820,7067,12527,NA,
4821,7067,12527,LA,
4822,7072,12532,AP,
4823,7079,12561,NA,
4824,7079,12561,LA,
4825,7079,12561,EMEA,
4826,7079,12561,AP,
4827,7093,12643,NA,
4828,7102,12722,NA,
4829,7121,12821,NA,
4830,7121,12821,LA,
4831,7121,12821,EMEA,
4832,7121,12821,AP,
4833,7158,12950,NA,
4834,7158,12950,LA,
4835,7158,12950,EMEA,
4836,7158,12950,AP,
4837,7162,12954,NA,
4838,7162,12954,LA,
4839,7162,12954,EMEA,
4840,7162,12954,AP,
4841,7171,12960,NA,
4842,7171,12960,LA,
4843,7171,12960,EMEA,
4844,7175,12964,NA,
4845,7175,12964,LA,
4846,7175,12964,EMEA,
4847,7175,12964,AP,
4848,7177,12966,NA,
4849,7177,12966,LA,
4850,7177,12966,EMEA,
4851,7177,12966,AP,
4852,7178,12967,NA,
4853,7178,12967,LA,
4854,7178,12967,EMEA,
4855,7178,12967,AP,
4856,7185,12973,NA,
4857,7185,12973,LA,
4858,7185,12973,AP,
4859,7187,12975,NA,
4860,7187,12975,LA,
4861,7187,12975,EMEA,
4862,7187,12975,AP,
4863,7222,13001,NA,
4864,7222,13001,LA,
4865,7222,13001,EMEA,
4866,7222,13001,AP,
4867,7294,13065,NA,
4868,7294,13065,LA,
4869,7300,13070,NA,Chem Beaumont
4870,7314,13078,EMEA,South Africa
4871,7315,13079,EMEA,Wolverhampton
4872,7316,13080,EMEA,Wolverhampton
4873,7318,13082,,
4874,7331,13091,AP,
4875,7333,13092,NA,
4876,7346,13102,NA,
4877,7351,13105,,
4878,7359,13111,,
4879,7362,13113,NA,
4880,7362,13113,LA,
4881,7362,13113,EMEA,
4882,7362,13113,AP,
4883,7369,13119,NA,
4884,7369,13119,LA,
4885,7369,13119,EMEA,
4886,7369,13119,AP,
4887,7373,13121,NA,
4888,7373,13121,LA,
4889,7373,13121,EMEA,
4890,7373,13121,AP,
4891,7375,13122,NA,
4892,7375,13122,LA,
4893,7375,13122,EMEA,
4894,7375,13122,AP,
4895,7391,13133,NA,
4896,7391,13133,LA,
4897,7391,13133,EMEA,
4898,7391,13133,AP,
4899,7393,13134,EMEA,
4900,7395,13135,NA,
4901,7395,13135,LA,
4902,7395,13135,EMEA,
4903,7395,13135,AP,
4904,7397,13136,NA,
4905,7424,13155,NA,
4906,7425,13156,NA,
4907,7425,13156,LA,
4908,7432,13161,NA,
4909,7432,13161,LA,
4910,7432,13161,EMEA,
4911,7432,13161,AP,
4912,7433,13162,EMEA,
4913,7452,13174,NA,
4914,7452,13174,LA,
4915,7452,13174,AP,
4916,7456,13177,NA,
4917,7488,13203,NA,
4918,7497,13210,EMEA,
4919,7505,13217,NA,
4920,7505,13217,LA,
4921,7505,13217,EMEA,
4922,7505,13217,AP,
4923,7509,13221,LA,Venezuela
4924,7513,13224,NA,
4925,7513,13224,LA,
4926,7513,13224,EMEA,
4927,7513,13224,AP,
4928,7520,13230,EMEA,Philippsburg
4929,7521,13231,EMEA,Sava
4930,7527,13234,NA,
4931,7527,13234,LA,
4932,7527,13234,EMEA,
4933,7527,13234,AP,
4934,7285,13056,NA,
4935,7285,13056,LA,
4936,7285,13056,EMEA,
4937,7285,13056,AP,
4938,7293,13064,NA,
4939,7293,13064,LA,
4940,7293,13064,EMEA,
4941,7293,13064,AP,
4942,7295,13066,NA,
4943,7295,13066,LA,
4944,7295,13066,EMEA,
4945,7295,13066,AP,
4946,7305,13073,EMEA,
4947,7335,13094,NA,
4948,7335,13094,LA,
4949,7335,13094,EMEA,
4950,7335,13094,AP,
4951,7337,13096,NA,
4952,7337,13096,LA,
4953,7337,13096,EMEA,
4954,7337,13096,AP,
4955,7363,13114,NA,
4956,7363,13114,LA,
4957,7363,13114,EMEA,
4958,7363,13114,AP,
4959,7366,13116,NA,
4960,7366,13116,LA,
4961,7366,13116,EMEA,
4962,7366,13116,AP,
4963,7368,13118,NA,
4964,7368,13118,LA,
4965,7368,13118,EMEA,
4966,7368,13118,AP,
4967,7383,13128,NA,
4968,7383,13128,LA,
4969,7383,13128,EMEA,
4970,7383,13128,AP,
4971,7387,13131,NA,
4972,7387,13131,LA,
4973,7387,13131,EMEA,
4974,7387,13131,AP,
4975,7416,13148,NA,
4976,7416,13148,LA,
4977,7416,13148,EMEA,
4978,7416,13148,AP,
4979,7480,13197,NA,Medicine Hat
4980,7485,13200,NA,Medicine Hat
4981,7489,13204,NA,
4982,7490,13205,NA,
4983,7523,13232,NA,Topeka
4984,7533,13238,NA,
4985,7533,13238,LA,
4986,7533,13238,EMEA,
4987,7533,13238,AP,
4988,7555,13254,NA,
4989,7555,13254,LA,
4990,7555,13254,EMEA,
4991,7555,13254,AP,
4992,7563,13259,NA,
4993,7563,13259,LA,
4994,7563,13259,EMEA,
4995,7563,13259,AP,
4996,7565,13260,NA,
4997,7565,13260,LA,
4998,7565,13260,EMEA,
4999,7565,13260,AP,
5000,7567,13261,NA,
5001,7567,13261,LA,
5002,7567,13261,EMEA,
5003,7567,13261,AP,
5004,7568,13262,NA,
5005,7568,13262,LA,
5006,7568,13262,EMEA,
5007,7568,13262,AP,
5008,7325,13087,NA,
5009,7325,13087,LA,
5010,7325,13087,EMEA,
5011,7325,13087,AP,
5012,7328,13089,NA,
5013,7328,13089,LA,
5014,7328,13089,EMEA,
5015,7328,13089,AP,
5016,7384,13129,NA,Chem Houston
5017,7401,13139,NA,
5018,7401,13139,LA,
5019,7401,13139,EMEA,
5020,7401,13139,AP,
5021,7403,13140,NA,
5022,7403,13140,LA,
5023,7403,13140,EMEA,
5024,7403,13140,AP,
5025,7415,13147,NA,
5026,7427,13157,NA,
5027,7434,13163,EMEA,
5028,7437,13165,NA,
5029,7437,13165,LA,
5030,7437,13165,EMEA,
5031,7437,13165,AP,
5032,7455,13176,NA,Chem Houston
5033,7459,13180,LA,
5034,7459,13180,EMEA,
5035,7461,13181,NA,
5036,7461,13181,LA,
5037,7461,13181,AP,
5038,7462,13182,LA,Americana
5039,7463,13183,LA,
5040,7483,13199,NA,
5041,7486,13201,NA,
5042,7486,13201,LA,
5043,7486,13201,EMEA,
5044,7486,13201,AP,
5045,7506,13218,NA,
5046,7506,13218,LA,
5047,7506,13218,EMEA,
5048,7506,13218,AP,
5049,7508,13220,LA,Venezuela
5050,7518,13228,EMEA,Fuerstenwalde
5051,7540,13243,EMEA,
5052,7545,13248,EMEA,
5053,7549,13251,NA,
5054,7549,13251,LA,
5055,7549,13251,EMEA,
5056,7549,13251,AP,
5057,7557,13255,NA,
5058,7558,13256,NA,
5059,7558,13256,LA,
5060,7558,13256,EMEA,
5061,7558,13256,AP,
5062,7571,13264,AP,
5063,7573,13265,NA,
5064,7573,13265,LA,
5065,7573,13265,EMEA,
5066,7573,13265,AP,
5067,7575,13266,EMEA,
5068,7576,13267,EMEA,
5069,7577,13268,NA,Buffalo / Tonawanda
5070,7577,13268,EMEA,
5071,7577,13268,NA,
5072,7577,13268,EMEA,Montlucon
5073,7578,13269,EMEA,
5074,7579,13270,NA,
5075,7579,13270,LA,
5076,7579,13270,EMEA,
5077,7579,13270,AP,
5078,7581,13271,NA,
5079,7581,13271,LA,
5080,7581,13271,EMEA,
5081,7581,13271,AP,
5082,7583,13272,NA,
5083,7583,13272,LA,
5084,7583,13272,EMEA,
5085,7583,13272,AP,
5086,7584,13273,NA,
5087,7584,13273,LA,
5088,7584,13273,EMEA,
5089,7584,13273,AP,
5090,7585,13274,AP,
5091,7286,13057,NA,
5092,7286,13057,LA,
5093,7286,13057,EMEA,
5094,7286,13057,AP,
5095,7287,13058,NA,
5096,7287,13058,LA,
5097,7287,13058,EMEA,
5098,7287,13058,AP,
5099,7321,13085,NA,
5100,7321,13085,LA,
5101,7321,13085,EMEA,
5102,7321,13085,AP,
5103,7327,13088,NA,
5104,7327,13088,LA,
5105,7327,13088,EMEA,
5106,7327,13088,AP,
5107,7329,13090,AP,
5108,7334,13093,NA,
5109,7334,13093,LA,
5110,7334,13093,EMEA,
5111,7334,13093,AP,
5112,7336,13095,NA,
5113,7347,13103,NA,
5114,7349,13104,NA,
5115,7349,13104,LA,
5116,7349,13104,EMEA,
5117,7349,13104,AP,
5118,7358,13110,,
5119,7361,13112,NA,
5120,7361,13112,LA,
5121,7377,13123,EMEA,
5122,7379,13125,NA,
5123,7379,13125,LA,
5124,7379,13125,EMEA,
5125,7379,13125,AP,
5126,7385,13130,NA,
5127,7385,13130,LA,
5128,7385,13130,EMEA,
5129,7385,13130,AP,
5130,7417,13149,NA,
5131,7417,13149,LA,
5132,7417,13149,EMEA,
5133,7417,13149,AP,
5134,7430,13159,NA,
5135,7431,13160,NA,
5136,7439,13167,NA,
5137,7441,13168,NA,
5138,7441,13168,LA,
5139,7441,13168,EMEA,
5140,7441,13168,AP,
5141,7449,13172,NA,
5142,7449,13172,LA,
5143,7449,13172,EMEA,
5144,7449,13172,AP,
5145,7466,13185,NA,
5146,7466,13185,LA,
5147,7466,13185,EMEA,
5148,7466,13185,AP,
5149,7475,13192,NA,ICM*A
5150,7476,13193,NA,Napanee
5151,7477,13194,NA,Fayetteville
5152,7478,13195,NA,Fayetteville
5153,7479,13196,NA,Gadsden
5154,7532,13237,NA,
5155,7532,13237,LA,
5156,7532,13237,EMEA,
5157,7532,13237,AP,
5158,7536,13240,NA,
5159,7536,13240,LA,
5160,7536,13240,EMEA,
5161,7536,13240,AP,
5162,7559,13257,NA,
5163,7559,13257,LA,
5164,7559,13257,EMEA,
5165,7559,13257,AP,
5166,7569,13263,NA,
5167,7303,13072,AP,
5168,7307,13074,NA,
5169,7313,13077,EMEA,Luxembourg
5170,7317,13081,NA,
5171,7317,13081,LA,
5172,7317,13081,EMEA,
5173,7317,13081,AP,
5174,7323,13086,NA,
5175,7341,13098,NA,
5176,7341,13098,LA,
5177,7341,13098,EMEA,
5178,7341,13098,AP,
5179,7342,13099,NA,
5180,7342,13099,LA,
5181,7345,13101,NA,
5182,7367,13117,NA,
5183,7367,13117,LA,
5184,7367,13117,EMEA,
5185,7367,13117,AP,
5186,7371,13120,,
5187,7378,13124,NA,
5188,7421,13152,NA,
5189,7421,13152,LA,
5190,7421,13152,EMEA,
5191,7421,13152,AP,
5192,7423,13154,NA,
5193,7438,13166,LA,
5194,7471,13190,NA,Medicine Hat
5195,7473,13191,NA,Medicine Hat
5196,7487,13202,NA,
5197,7491,13206,NA,
5198,7491,13206,LA,
5199,7493,13207,NA,
5200,7493,13207,LA,
5201,7493,13207,EMEA,
5202,7493,13207,AP,
5203,7495,13208,NA,
5204,7495,13208,LA,
5205,7495,13208,EMEA,
5206,7495,13208,AP,
5207,7496,13209,NA,
5208,7496,13209,LA,
5209,7496,13209,EMEA,
5210,7496,13209,AP,
5211,7507,13219,NA,
5212,7507,13219,LA,
5213,7507,13219,EMEA,
5214,7507,13219,AP,
5215,7515,13225,NA,
5216,7515,13225,LA,Americana
5217,7515,13225,EMEA,
5218,7515,13225,AP,
5219,7516,13226,NA,
5220,7516,13226,LA,Americana
5221,7516,13226,EMEA,
5222,7516,13226,AP,
5223,7517,13227,EMEA,Wolverhampton
5224,7519,13229,EMEA,Fulda
5225,7525,13233,AP,
5226,7531,13236,NA,
5227,7531,13236,LA,
5228,7531,13236,EMEA,
5229,7531,13236,AP,Nippon Giant
5230,7535,13239,,
5231,7537,13241,,
5232,7548,13250,,
5233,7553,13253,EMEA,
5234,7561,13258,NA,
5235,7561,13258,LA,
5236,7561,13258,EMEA,
5237,7561,13258,AP,
5238,7284,13055,NA,
5239,7284,13055,LA,
5240,7284,13055,EMEA,
5241,7284,13055,AP,
5242,7297,13067,NA,
5243,7297,13067,LA,
5244,7297,13067,EMEA,
5245,7297,13067,AP,
5246,7309,13075,NA,
5247,7343,13100,LA,
5248,7343,13100,EMEA,
5249,7343,13100,AP,
5250,7352,13106,,
5251,7365,13115,NA,
5252,7365,13115,LA,
5253,7365,13115,EMEA,
5254,7365,13115,AP,
5255,7389,13132,,
5256,7399,13138,NA,
5257,7399,13138,LA,
5258,7399,13138,EMEA,
5259,7399,13138,AP,
5260,7405,13141,NA,
5261,7405,13141,LA,
5262,7405,13141,EMEA,
5263,7405,13141,AP,
5264,7406,13142,NA,
5265,7406,13142,LA,
5266,7406,13142,EMEA,
5267,7406,13142,AP,
5268,7407,13143,NA,
5269,7407,13143,LA,
5270,7407,13143,EMEA,
5271,7409,13144,LA,Sao Paulo
5272,7411,13145,NA,
5273,7411,13145,LA,
5274,7411,13145,EMEA,
5275,7411,13145,AP,
5276,7419,13150,NA,
5277,7419,13150,LA,
5278,7419,13150,EMEA,
5279,7419,13150,AP,
5280,7422,13153,NA,
5281,7422,13153,LA,
5282,7422,13153,EMEA,
5283,7422,13153,AP,
5284,7443,13169,LA,
5285,7445,13170,NA,
5286,7445,13170,LA,
5287,7445,13170,EMEA,
5288,7445,13170,AP,
5289,7453,13175,,
5290,7467,13186,NA,
5291,7467,13186,LA,
5292,7467,13186,EMEA,
5293,7467,13186,AP,
5294,7468,13187,NA,
5295,7468,13187,LA,
5296,7468,13187,EMEA,
5297,7468,13187,AP,
5298,7469,13188,NA,
5299,7469,13188,LA,
5300,7469,13188,EMEA,
5301,7469,13188,AP,
5302,7470,13189,NA,ICM*A
5303,7499,13211,NA,Medicine Hat
5304,7500,13212,NA,
5305,7500,13212,LA,
5306,7500,13212,EMEA,
5307,7500,13212,AP,
5308,7512,13223,,
5309,7551,13252,,
5310,10979,16332,NA,
5311,10979,16332,LA,
5312,10979,16332,EMEA,
5313,10979,16332,AP,
5314,7283,13054,NA,
5315,7283,13054,LA,
5316,7283,13054,EMEA,
5317,7283,13054,AP,
5318,7288,13059,NA,
5319,7288,13059,LA,
5320,7288,13059,EMEA,
5321,7288,13059,AP,
5322,7289,13060,NA,
5323,7289,13060,LA,
5324,7290,13061,NA,
5325,7290,13061,LA,
5326,7291,13062,NA,
5327,7291,13062,LA,
5328,7292,13063,NA,
5329,7292,13063,LA,
5330,7299,13069,,
5331,7301,13071,,
5332,7311,13076,NA,Danville
5333,7319,13083,,
5334,7320,13084,,
5335,7339,13097,NA,
5336,7339,13097,LA,
5337,7339,13097,EMEA,
5338,7339,13097,AP,
5339,7353,13107,NA,
5340,7353,13107,LA,
5341,7353,13107,EMEA,
5342,7353,13107,AP,
5343,7355,13108,NA,
5344,7355,13108,LA,
5345,7355,13108,EMEA,
5346,7355,13108,AP,
5347,7357,13109,,
5348,7380,13126,NA,
5349,7380,13126,LA,
5350,7380,13126,EMEA,
5351,7380,13126,AP,
5352,7381,13127,NA,
5353,7381,13127,LA,
5354,7381,13127,EMEA,
5355,7381,13127,AP,
5356,7398,13137,NA,
5357,7413,13146,NA,
5358,7413,13146,LA,
5359,7413,13146,EMEA,
5360,7413,13146,AP,
5361,7420,13151,NA,
5362,7420,13151,LA,
5363,7420,13151,EMEA,
5364,7420,13151,AP,
5365,7435,13164,,
5366,7447,13171,NA,
5367,7447,13171,LA,
5368,7447,13171,EMEA,
5369,7447,13171,AP,
5370,7451,13173,NA,
5371,7451,13173,LA,
5372,7451,13173,EMEA,
5373,7451,13173,AP,
5374,7465,13184,,
5375,7481,13198,NA,ICM*A
5376,7504,13216,EMEA,
5377,7511,13222,NA,
5378,7511,13222,LA,
5379,7511,13222,EMEA,
5380,7511,13222,AP,
5381,7529,13235,NA,
5382,7529,13235,LA,
5383,7529,13235,EMEA,
5384,7529,13235,AP,
5385,7539,13242,EMEA,
5386,7541,13244,EMEA,
5387,7542,13245,EMEA,
5388,7543,13246,EMEA,
5389,7544,13247,EMEA,
5390,7547,13249,NA,
5391,7547,13249,LA,
5392,7547,13249,EMEA,
5393,7547,13249,AP,
5394,7595,13281,NA,
5395,7609,13292,,
5396,7632,13311,EMEA,Sava
5397,7639,13315,NA,
5398,7639,13315,LA,
5399,7639,13315,EMEA,
5400,7639,13315,AP,
5401,7645,13320,NA,
5402,7645,13320,LA,
5403,7645,13320,EMEA,
5404,7645,13320,AP,
5405,7651,13324,NA,
5406,7651,13324,LA,
5407,7651,13324,EMEA,
5408,7651,13324,AP,
5409,7671,13340,LA,
5410,7676,13344,NA,
5411,7676,13344,LA,
5412,7676,13344,EMEA,
5413,7676,13344,AP,
5414,7691,13355,,
5415,7741,13393,NA,
5416,7741,13393,LA,
5417,7741,13393,EMEA,
5418,7741,13393,AP,
5419,7761,13412,NA,
5420,7762,13413,NA,
5421,7781,13427,NA,
5422,7781,13427,LA,
5423,7781,13427,EMEA,
5424,7781,13427,AP,
5425,7790,13434,NA,Chem Beaumont
5426,7798,13439,NA,
5427,7798,13439,LA,
5428,7798,13439,EMEA,
5429,7798,13439,AP,
5430,7807,13447,LA,
5431,7807,13447,EMEA,
5432,7807,13447,AP,
5433,7808,13448,NA,
5434,7808,13448,LA,
5435,7808,13448,EMEA,
5436,7808,13448,AP,
5437,7821,13461,NA,
5438,7821,13461,LA,
5439,7821,13461,EMEA,
5440,7821,13461,AP,
5441,7826,13466,NA,
5442,7826,13466,LA,
5443,7826,13466,EMEA,
5444,7826,13466,AP,
5445,7831,13470,EMEA,
5446,7835,13474,NA,
5447,7835,13474,LA,
5448,7835,13474,EMEA,
5449,7835,13474,AP,
5450,7843,13480,NA,
5451,7866,13497,NA,
5452,7867,13498,NA,
5453,7873,13503,NA,
5454,7873,13503,LA,
5455,7873,13503,EMEA,
5456,7873,13503,AP,
5457,7875,13504,,
5458,7881,13509,NA,
5459,7881,13509,LA,
5460,7881,13509,EMEA,
5461,7881,13509,AP,
5462,7893,13521,NA,
5463,7893,13521,LA,
5464,7893,13521,EMEA,
5465,7893,13521,AP,
5466,7895,13522,NA,Buffalo / Tonawanda
5467,7900,13525,NA,
5468,7900,13525,LA,
5469,7900,13525,EMEA,
5470,7900,13525,AP,
5471,7915,13538,NA,
5472,7915,13538,LA,
5473,7921,13543,,
5474,7929,13550,,
5475,7599,13283,NA,Chem Houston
5476,7604,13287,NA,Chem Houston
5477,7623,13304,NA,
5478,7623,13304,LA,
5479,7623,13304,EMEA,
5480,7623,13304,AP,
5481,7629,13308,EMEA,Debica
5482,7642,13318,,
5483,7647,13321,NA,
5484,7647,13321,LA,
5485,7647,13321,EMEA,
5486,7647,13321,AP,
5487,7657,13328,AP,
5488,7665,13335,NA,
5489,7665,13335,LA,
5490,7665,13335,EMEA,
5491,7665,13335,AP,
5492,7667,13337,NA,
5493,7667,13337,LA,
5494,7667,13337,EMEA,
5495,7667,13337,AP,
5496,7673,13341,AP,
5497,7681,13348,NA,
5498,7681,13348,LA,
5499,7681,13348,EMEA,
5500,7681,13348,AP,
5501,7682,13349,NA,
5502,7682,13349,LA,
5503,7682,13349,EMEA,
5504,7682,13349,AP,
5505,7708,13369,NA,
5506,7708,13369,LA,
5507,7708,13369,EMEA,
5508,7708,13369,AP,
5509,7721,13378,NA,
5510,7721,13378,LA,
5511,7721,13378,EMEA,
5512,7721,13378,AP,
5513,7736,13388,NA,
5514,7736,13388,LA,
5515,7736,13388,EMEA,
5516,7736,13388,AP,
5517,7768,13417,NA,
5518,7799,13440,NA,
5519,7799,13440,LA,
5520,7799,13440,EMEA,
5521,7799,13440,AP,
5522,7823,13463,,
5523,7833,13472,EMEA,
5524,7839,13477,NA,
5525,7855,13490,,
5526,7857,13492,,
5527,7883,13510,NA,
5528,7883,13510,LA,
5529,7883,13510,EMEA,
5530,7883,13510,AP,
5531,7891,13519,NA,
5532,7892,13520,NA,
5533,7892,13520,LA,
5534,7892,13520,EMEA,
5535,7892,13520,AP,
5536,7914,13537,NA,
5537,7914,13537,LA,
5538,7914,13537,EMEA,
5539,7914,13537,AP,
5540,7920,13542,,
5541,7932,13553,,
5542,7933,13554,,
5543,7934,13555,,
5544,7936,13557,,
5545,7938,13559,,
5546,7939,13560,,
5547,7940,13561,NA,
5548,7941,13562,NA,
5549,7941,13562,LA,
5550,7941,13562,EMEA,
5551,7941,13562,AP,
5552,7942,13563,,
5553,7591,13278,NA,
5554,7591,13278,LA,
5555,7591,13278,EMEA,
5556,7591,13278,AP,
5557,7600,13284,NA,
5558,7600,13284,LA,
5559,7600,13284,EMEA,
5560,7600,13284,AP,
5561,7612,13295,NA,
5562,7612,13295,LA,
5563,7612,13295,EMEA,
5564,7612,13295,AP,
5565,7615,13298,NA,
5566,7615,13298,LA,
5567,7615,13298,EMEA,
5568,7615,13298,AP,
5569,7653,13325,LA,
5570,7656,13327,AP,
5571,7659,13329,NA,
5572,7659,13329,LA,
5573,7659,13329,EMEA,
5574,7659,13329,AP,
5575,7669,13338,NA,
5576,7669,13338,LA,
5577,7669,13338,EMEA,
5578,7669,13338,AP,
5579,7695,13359,LA,
5580,7696,13360,NA,
5581,7697,13361,LA,
5582,7701,13364,NA,
5583,7701,13364,LA,
5584,7701,13364,EMEA,
5585,7701,13364,AP,
5586,7717,13376,LA,
5587,7729,13383,NA,
5588,7737,13389,NA,
5589,7737,13389,LA,
5590,7737,13389,EMEA,
5591,7737,13389,AP,
5592,7771,13419,NA,
5593,7771,13419,LA,
5594,7771,13419,EMEA,
5595,7771,13419,AP,
5596,7789,13433,NA,
5597,7789,13433,LA,
5598,7789,13433,EMEA,
5599,7789,13433,AP,
5600,7809,13449,NA,
5601,7809,13449,LA,
5602,7809,13449,EMEA,
5603,7809,13449,AP,
5604,7811,13451,NA,
5605,7811,13451,LA,
5606,7811,13451,EMEA,
5607,7811,13451,AP,
5608,7818,13458,NA,
5609,7818,13458,LA,
5610,7818,13458,EMEA,
5611,7818,13458,AP,
5612,7827,13467,,
5613,7880,13508,LA,Venezuela
5614,7897,13523,NA,
5615,7897,13523,LA,
5616,7897,13523,EMEA,
5617,7897,13523,AP,
5618,7901,13526,NA,
5619,7901,13526,LA,
5620,7901,13526,EMEA,
5621,7901,13526,AP,
5622,7902,13527,,
5623,7904,13529,NA,
5624,7904,13529,LA,
5625,7904,13529,EMEA,
5626,7904,13529,AP,
5627,7905,13530,NA,
5628,7905,13530,LA,
5629,7905,13530,EMEA,
5630,7905,13530,AP,
5631,7913,13536,NA,
5632,7913,13536,LA,
5633,7913,13536,EMEA,
5634,7913,13536,AP,
5635,7917,13539,,
5636,7928,13549,,
5637,7937,13558,NA,
5638,7937,13558,LA,
5639,7937,13558,EMEA,
5640,7937,13558,AP,
5641,7944,13565,,
5642,7601,13285,NA,
5643,7660,13330,NA,
5644,7660,13330,LA,
5645,7660,13330,EMEA,
5646,7660,13330,AP,
5647,7666,13336,NA,
5648,7666,13336,LA,
5649,7666,13336,EMEA,
5650,7666,13336,AP,
5651,7675,13343,NA,
5652,7675,13343,LA,
5653,7675,13343,EMEA,
5654,7675,13343,AP,
5655,7683,13350,NA,
5656,7683,13350,LA,
5657,7683,13350,EMEA,
5658,7683,13350,AP,
5659,7694,13358,LA,
5660,7725,13380,EMEA,
5661,7725,13380,AP,
5662,7731,13384,NA,
5663,7735,13387,NA,
5664,7735,13387,LA,
5665,7735,13387,EMEA,
5666,7735,13387,AP,
5667,7765,13415,LA,
5668,7773,13420,LA,
5669,7775,13421,LA,
5670,7775,13421,AP,
5671,7783,13429,NA,
5672,7783,13429,LA,
5673,7783,13429,EMEA,
5674,7783,13429,AP,
5675,7784,13430,NA,
5676,7784,13430,LA,
5677,7784,13430,EMEA,
5678,7784,13430,AP,
5679,7787,13432,NA,
5680,7787,13432,LA,
5681,7787,13432,EMEA,
5682,7787,13432,AP,
5683,7791,13435,NA,Chem Beaumont
5684,7802,13442,,
5685,7804,13444,,
5686,7813,13453,NA,
5687,7813,13453,LA,
5688,7813,13453,EMEA,
5689,7813,13453,AP,
5690,7814,13454,NA,
5691,7814,13454,LA,
5692,7814,13454,EMEA,
5693,7814,13454,AP,
5694,7816,13456,NA,
5695,7816,13456,LA,
5696,7816,13456,EMEA,
5697,7816,13456,AP,
5698,7817,13457,NA,
5699,7817,13457,LA,
5700,7817,13457,EMEA,
5701,7817,13457,AP,
5702,7819,13459,NA,
5703,7819,13459,LA,
5704,7819,13459,EMEA,
5705,7819,13459,AP,
5706,7825,13465,,
5707,7836,13475,NA,
5708,7836,13475,LA,
5709,7836,13475,EMEA,
5710,7836,13475,AP,
5711,7840,13478,NA,
5712,7844,13481,NA,
5713,7844,13481,LA,
5714,7844,13481,EMEA,
5715,7844,13481,AP,
5716,7847,13484,NA,
5717,7847,13484,LA,
5718,7847,13484,EMEA,
5719,7847,13484,AP,
5720,7856,13491,,
5721,7865,13496,NA,
5722,7870,13501,EMEA,
5723,7889,13517,NA,
5724,7889,13517,LA,
5725,7889,13517,EMEA,
5726,7889,13517,AP,
5727,7923,13544,,
5728,7930,13551,,
5729,7943,13564,NA,
5730,7943,13564,LA,
5731,7943,13564,EMEA,
5732,7943,13564,AP,
5733,7945,13566,EMEA,Philippsburg
5734,7589,13277,NA,Chem Houston
5735,7611,13294,,
5736,7616,13299,NA,
5737,7616,13299,LA,
5738,7616,13299,EMEA,
5739,7616,13299,AP,
5740,7619,13301,NA,
5741,7619,13301,LA,
5742,7619,13301,EMEA,
5743,7619,13301,AP,
5744,7627,13307,EMEA,Debica
5745,7631,13310,EMEA,Fulda
5746,7640,13316,NA,
5747,7640,13316,LA,
5748,7640,13316,EMEA,
5749,7640,13316,AP,
5750,7641,13317,,
5751,7643,13319,,
5752,7679,13346,NA,
5753,7679,13346,LA,
5754,7679,13346,EMEA,
5755,7679,13346,AP,
5756,7687,13353,LA,
5757,7689,13354,,
5758,7698,13362,LA,
5759,7703,13365,,
5760,7719,13377,,
5761,7723,13379,NA,
5762,7723,13379,LA,
5763,7723,13379,EMEA,
5764,7723,13379,AP,
5765,7727,13381,NA,
5766,7728,13382,NA,
5767,7733,13385,NA,
5768,7733,13385,LA,
5769,7733,13385,EMEA,
5770,7733,13385,AP,
5771,7742,13394,NA,
5772,7742,13394,LA,
5773,7742,13394,EMEA,
5774,7742,13394,AP,
5775,7756,13408,NA,
5776,7756,13408,LA,
5777,7756,13408,EMEA,
5778,7756,13408,AP,
5779,7758,13410,NA,
5780,7758,13410,LA,
5781,7758,13410,EMEA,
5782,7758,13410,AP,
5783,7759,13411,NA,
5784,7759,13411,LA,
5785,7759,13411,EMEA,
5786,7759,13411,AP,
5787,7763,13414,NA,
5788,7763,13414,LA,
5789,7763,13414,EMEA,
5790,7763,13414,AP,
5791,7769,13418,LA,Venezuela
5792,7779,13425,NA,
5793,7779,13425,LA,
5794,7779,13425,EMEA,
5795,7779,13425,AP,
5796,7780,13426,NA,
5797,7780,13426,LA,
5798,7780,13426,EMEA,
5799,7780,13426,AP,
5800,7797,13438,NA,
5801,7797,13438,LA,
5802,7797,13438,EMEA,
5803,7797,13438,AP,
5804,7812,13452,NA,
5805,7812,13452,LA,
5806,7812,13452,EMEA,
5807,7812,13452,AP,
5808,7815,13455,NA,
5809,7815,13455,LA,
5810,7815,13455,EMEA,
5811,7815,13455,AP,
5812,7820,13460,NA,
5813,7820,13460,LA,
5814,7820,13460,EMEA,
5815,7820,13460,AP,
5816,7822,13462,,
5817,7848,13485,NA,Lawton
5818,7848,13485,LA,
5819,7848,13485,EMEA,
5820,7848,13485,AP,
5821,7849,13486,NA,
5822,7849,13486,LA,
5823,7849,13486,EMEA,
5824,7849,13486,AP,
5825,7859,13493,NA,
5826,7879,13507,LA,Venezuela
5827,7903,13528,NA,
5828,7903,13528,LA,
5829,7903,13528,EMEA,
5830,7903,13528,AP,
5831,7586,13275,AP,
5832,7605,13288,,
5833,7614,13297,NA,
5834,7614,13297,LA,
5835,7614,13297,EMEA,
5836,7614,13297,AP,
5837,7617,13300,NA,Buffalo / Tonawanda
5838,7625,13305,NA,
5839,7625,13305,LA,
5840,7625,13305,EMEA,
5841,7625,13305,AP,
5842,7637,13314,NA,
5843,7637,13314,LA,
5844,7637,13314,EMEA,
5845,7637,13314,AP,
5846,7655,13326,AP,
5847,7674,13342,NA,
5848,7674,13342,LA,
5849,7674,13342,EMEA,
5850,7674,13342,AP,
5851,7677,13345,NA,
5852,7677,13345,LA,
5853,7677,13345,EMEA,
5854,7677,13345,AP,
5855,7680,13347,NA,
5856,7680,13347,LA,
5857,7680,13347,EMEA,
5858,7680,13347,AP,
5859,7706,13367,NA,
5860,7706,13367,LA,
5861,7706,13367,EMEA,
5862,7706,13367,AP,
5863,7707,13368,NA,
5864,7707,13368,LA,
5865,7707,13368,EMEA,
5866,7707,13368,AP,
5867,7709,13370,NA,
5868,7709,13370,LA,
5869,7709,13370,EMEA,
5870,7709,13370,AP,
5871,7712,13372,NA,
5872,7713,13373,NA,
5873,7713,13373,LA,
5874,7713,13373,EMEA,
5875,7713,13373,AP,
5876,7714,13374,NA,
5877,7714,13374,LA,
5878,7714,13374,EMEA,
5879,7714,13374,AP,
5880,7745,13397,NA,
5881,7745,13397,LA,
5882,7745,13397,EMEA,
5883,7745,13397,AP,
5884,7747,13399,NA,
5885,7747,13399,LA,
5886,7747,13399,EMEA,
5887,7747,13399,AP,
5888,7752,13404,NA,
5889,7752,13404,LA,
5890,7752,13404,EMEA,
5891,7752,13404,AP,
5892,7757,13409,NA,
5893,7757,13409,LA,
5894,7757,13409,EMEA,
5895,7757,13409,AP,
5896,7767,13416,LA,Peru
5897,7801,13441,,
5898,7803,13443,,
5899,7810,13450,LA,
5900,7810,13450,EMEA,
5901,7810,13450,AP,
5902,7824,13464,,
5903,7832,13471,EMEA,
5904,7846,13483,NA,Lawton
5905,7846,13483,LA,
5906,7846,13483,EMEA,
5907,7846,13483,AP,
5908,7861,13494,NA,
5909,7863,13495,NA,
5910,7863,13495,LA,
5911,7863,13495,EMEA,
5912,7863,13495,AP,
5913,7869,13500,NA,
5914,7884,13511,NA,
5915,7884,13511,LA,
5916,7884,13511,EMEA,
5917,7884,13511,AP,
5918,7886,13513,NA,
5919,7886,13513,LA,
5920,7886,13513,EMEA,
5921,7886,13513,AP,
5922,7890,13518,NA,
5923,7890,13518,LA,
5924,7890,13518,EMEA,
5925,7890,13518,AP,
5926,7587,13276,NA,
5927,7587,13276,LA,
5928,7587,13276,EMEA,
5929,7587,13276,AP,
5930,7594,13280,NA,
5931,7597,13282,NA,
5932,7597,13282,LA,
5933,7597,13282,EMEA,
5934,7597,13282,AP,
5935,7610,13293,,
5936,7622,13303,NA,
5937,7622,13303,LA,
5938,7622,13303,EMEA,
5939,7622,13303,AP,
5940,7626,13306,,
5941,7630,13309,EMEA,Debica
5942,7684,13351,NA,
5943,7684,13351,LA,
5944,7684,13351,EMEA,
5945,7684,13351,AP,
5946,7685,13352,NA,
5947,7685,13352,LA,
5948,7685,13352,EMEA,
5949,7685,13352,AP,
5950,7699,13363,NA,
5951,7711,13371,NA,
5952,7711,13371,LA,
5953,7711,13371,EMEA,
5954,7711,13371,AP,
5955,7715,13375,NA,
5956,7715,13375,LA,
5957,7715,13375,EMEA,
5958,7715,13375,AP,
5959,7734,13386,NA,
5960,7734,13386,LA,
5961,7734,13386,EMEA,
5962,7734,13386,AP,
5963,7739,13391,NA,
5964,7739,13391,LA,
5965,7739,13391,EMEA,
5966,7739,13391,AP,
5967,7743,13395,NA,
5968,7743,13395,LA,
5969,7743,13395,EMEA,
5970,7743,13395,AP,
5971,7746,13398,NA,
5972,7746,13398,LA,
5973,7746,13398,EMEA,
5974,7746,13398,AP,
5975,7750,13402,NA,
5976,7750,13402,LA,
5977,7750,13402,EMEA,
5978,7750,13402,AP,
5979,7751,13403,NA,
5980,7751,13403,LA,
5981,7751,13403,EMEA,
5982,7751,13403,AP,
5983,7755,13407,NA,
5984,7755,13407,LA,
5985,7755,13407,EMEA,
5986,7755,13407,AP,
5987,7777,13423,NA,
5988,7777,13423,LA,
5989,7777,13423,EMEA,
5990,7777,13423,AP,Malaysia
5991,7782,13428,NA,
5992,7782,13428,LA,
5993,7782,13428,EMEA,
5994,7782,13428,AP,
5995,7785,13431,NA,ICM*A
5996,7793,13436,,
5997,7795,13437,EMEA,
5998,7805,13445,,
5999,7806,13446,NA,
6000,7806,13446,LA,
6001,7806,13446,EMEA,
6002,7806,13446,AP,
6003,7829,13468,NA,
6004,7829,13468,LA,
6005,7829,13468,EMEA,
6006,7829,13468,AP,
6007,7837,13476,NA,
6008,7837,13476,LA,
6009,7837,13476,EMEA,
6010,7837,13476,AP,
6011,7841,13479,NA,
6012,7845,13482,NA,
6013,7845,13482,LA,
6014,7845,13482,EMEA,
6015,7845,13482,AP,
6016,7850,13487,NA,
6017,7850,13487,LA,
6018,7850,13487,EMEA,
6019,7850,13487,AP,
6020,7853,13489,NA,
6021,7853,13489,LA,
6022,7853,13489,EMEA,
6023,7853,13489,AP,
6024,7871,13502,AP,
6025,7877,13506,LA,Venezuela
6026,7885,13512,NA,
6027,7885,13512,LA,
6028,7885,13512,EMEA,
6029,7885,13512,AP,
6030,7887,13514,NA,
6031,7887,13514,LA,
6032,7887,13514,EMEA,
6033,7887,13514,AP,
6034,7603,13286,NA,
6035,7603,13286,LA,
6036,7603,13286,EMEA,
6037,7603,13286,AP,
6038,7613,13296,NA,
6039,7613,13296,LA,
6040,7613,13296,EMEA,
6041,7613,13296,AP,
6042,7621,13302,,
6043,7633,13312,EMEA,Fuerstenwalde
6044,7635,13313,LA,
6045,7649,13322,,
6046,7650,13323,NA,
6047,7650,13323,LA,
6048,7650,13323,EMEA,
6049,7650,13323,AP,
6050,7670,13339,LA,
6051,7693,13357,,
6052,7705,13366,,
6053,7738,13390,NA,
6054,7738,13390,LA,
6055,7738,13390,EMEA,
6056,7738,13390,AP,
6057,7740,13392,NA,
6058,7740,13392,LA,
6059,7740,13392,EMEA,
6060,7740,13392,AP,
6061,7744,13396,NA,
6062,7744,13396,LA,
6063,7744,13396,EMEA,
6064,7744,13396,AP,
6065,7748,13400,NA,
6066,7748,13400,LA,
6067,7748,13400,EMEA,
6068,7748,13400,AP,
6069,7749,13401,NA,
6070,7749,13401,LA,
6071,7749,13401,EMEA,
6072,7749,13401,AP,
6073,7753,13405,,
6074,7754,13406,NA,
6075,7754,13406,LA,
6076,7754,13406,EMEA,
6077,7754,13406,AP,
6078,7776,13422,,
6079,7830,13469,LA,
6080,7834,13473,EMEA,
6081,7851,13488,EMEA,
6082,7851,13488,AP,
6083,7868,13499,NA,
6084,7876,13505,,
6085,7888,13516,NA,
6086,7888,13516,LA,
6087,7888,13516,EMEA,
6088,7888,13516,AP,
6089,7899,13524,NA,
6090,7899,13524,LA,
6091,7899,13524,EMEA,
6092,7899,13524,AP,
6093,7907,13531,,
6094,7909,13532,,
6095,7910,13533,,
6096,7911,13534,NA,
6097,7911,13534,LA,
6098,7911,13534,EMEA,
6099,7911,13534,AP,
6100,7912,13535,NA,
6101,7912,13535,LA,
6102,7912,13535,EMEA,
6103,7912,13535,AP,
6104,7918,13540,,
6105,7919,13541,,
6106,7959,13577,EMEA,
6107,7960,13578,EMEA,
6108,7974,13589,NA,
6109,7997,13605,NA,
6110,8001,13608,NA,
6111,8001,13608,LA,
6112,8001,13608,EMEA,
6113,8001,13608,AP,
6114,8010,13616,NA,
6115,8010,13616,LA,
6116,8010,13616,EMEA,
6117,8010,13616,AP,
6118,8053,13648,NA,
6119,8055,13649,NA,
6120,8055,13649,LA,
6121,8055,13649,EMEA,
6122,8055,13649,AP,
6123,8058,13652,NA,
6124,8058,13652,LA,
6125,8058,13652,EMEA,
6126,8058,13652,AP,
6127,8088,13678,NA,
6128,8088,13678,LA,
6129,8088,13678,EMEA,
6130,8088,13678,AP,
6131,8091,13680,NA,
6132,8094,13683,NA,
6133,8094,13683,LA,
6134,8094,13683,EMEA,
6135,8094,13683,AP,
6136,8113,13698,NA,
6137,8113,13698,LA,
6138,8113,13698,EMEA,
6139,8113,13698,AP,
6140,8125,13706,EMEA,
6141,8140,13718,NA,
6142,8142,13720,NA,
6143,8142,13720,LA,
6144,8142,13720,EMEA,
6145,8142,13720,AP,
6146,8143,13721,,
6147,8149,13725,NA,
6148,8149,13725,LA,
6149,8149,13725,EMEA,
6150,8149,13725,AP,
6151,8165,13735,EMEA,
6152,8167,13736,NA,
6153,8172,13739,NA,
6154,8174,13741,NA,
6155,8183,13749,NA,
6156,8183,13749,LA,
6157,8183,13749,EMEA,
6158,8183,13749,AP,
6159,8187,13751,AP,
6160,8193,13755,,
6161,8194,13756,,
6162,8205,13766,,
6163,8209,13768,,
6164,8221,13779,NA,
6165,8221,13779,LA,
6166,8221,13779,EMEA,
6167,8221,13779,AP,
6168,8223,13781,NA,
6169,8223,13781,LA,
6170,8223,13781,EMEA,Montlucon
6171,8223,13781,AP,
6172,8234,13790,NA,
6173,8234,13790,LA,
6174,8234,13790,EMEA,
6175,8234,13790,AP,
6176,8237,13793,NA,
6177,8237,13793,LA,
6178,8237,13793,EMEA,
6179,8237,13793,AP,
6180,8251,13803,NA,
6181,8251,13803,LA,
6182,8251,13803,EMEA,
6183,8251,13803,AP,
6184,8252,13804,NA,
6185,8252,13804,LA,
6186,8252,13804,EMEA,
6187,8252,13804,AP,
6188,8253,13805,NA,
6189,8253,13805,LA,
6190,8253,13805,EMEA,
6191,8253,13805,AP,
6192,8261,13811,,
6193,8266,13814,NA,
6194,8267,13815,NA,
6195,8274,13821,NA,
6196,8274,13821,LA,
6197,7950,13570,NA,
6198,7950,13570,LA,
6199,7950,13570,EMEA,
6200,7950,13570,AP,
6201,7957,13575,,
6202,7966,13584,EMEA,
6203,7985,13596,NA,
6204,7985,13596,LA,
6205,7985,13596,EMEA,
6206,7985,13596,AP,
6207,7992,13601,NA,
6208,7992,13601,LA,
6209,7992,13601,EMEA,
6210,7992,13601,AP,
6211,7993,13602,NA,
6212,7993,13602,LA,
6213,7993,13602,EMEA,
6214,7993,13602,AP,
6215,7994,13603,NA,
6216,7994,13603,LA,
6217,7994,13603,EMEA,
6218,7994,13603,AP,
6219,8021,13625,NA,
6220,8021,13625,LA,
6221,8021,13625,EMEA,
6222,8021,13625,AP,
6223,8035,13633,NA,
6224,8035,13633,LA,
6225,8035,13633,EMEA,
6226,8035,13633,AP,
6227,8037,13634,NA,
6228,8037,13634,LA,
6229,8037,13634,EMEA,
6230,8037,13634,AP,
6231,8038,13635,NA,
6232,8038,13635,LA,
6233,8038,13635,EMEA,
6234,8038,13635,AP,
6235,8039,13636,NA,
6236,8039,13636,LA,
6237,8039,13636,EMEA,
6238,8039,13636,AP,
6239,8044,13640,LA,Peru
6240,8045,13641,NA,
6241,8045,13641,LA,
6242,8045,13641,EMEA,
6243,8045,13641,AP,
6244,8069,13662,,
6245,8083,13675,NA,
6246,8083,13675,LA,
6247,8083,13675,EMEA,
6248,8083,13675,AP,
6249,8097,13686,NA,
6250,8097,13686,LA,
6251,8097,13686,EMEA,
6252,8097,13686,AP,
6253,8101,13690,NA,
6254,8101,13690,LA,
6255,8101,13690,EMEA,
6256,8101,13690,AP,
6257,8111,13697,NA,
6258,8111,13697,LA,
6259,8131,13711,EMEA,
6260,8137,13715,NA,
6261,8137,13715,LA,
6262,8137,13715,EMEA,
6263,8137,13715,AP,
6264,8161,13732,,
6265,8207,13767,,
6266,8210,13769,NA,
6267,8210,13769,LA,
6268,8210,13769,EMEA,
6269,8210,13769,AP,
6270,8213,13771,NA,
6271,8214,13772,,
6272,8219,13777,NA,
6273,8220,13778,NA,
6274,8247,13801,LA,
6275,8258,13809,NA,
6276,8258,13809,LA,
6277,8258,13809,EMEA,
6278,8258,13809,AP,
6279,8265,13813,NA,
6280,8283,13828,NA,
6281,8286,13831,NA,
6282,7948,13568,NA,
6283,7948,13568,LA,
6284,7948,13568,EMEA,
6285,7948,13568,AP,
6286,7955,13573,EMEA,
6287,7965,13583,EMEA,
6288,7971,13587,,
6289,7975,13590,LA,
6290,7977,13592,,
6291,7986,13597,LA,
6292,8009,13615,LA,Americana
6293,8012,13618,NA,
6294,8012,13618,LA,
6295,8012,13618,EMEA,
6296,8012,13618,AP,
6297,8019,13624,NA,
6298,8019,13624,LA,
6299,8019,13624,EMEA,
6300,8019,13624,AP,
6301,8022,13626,NA,
6302,8022,13626,LA,
6303,8022,13626,EMEA,
6304,8022,13626,AP,
6305,8027,13629,NA,
6306,8027,13629,LA,
6307,8027,13629,EMEA,
6308,8027,13629,AP,
6309,8033,13632,NA,
6310,8033,13632,LA,
6311,8033,13632,EMEA,
6312,8033,13632,AP,
6313,8051,13647,NA,
6314,8051,13647,LA,
6315,8051,13647,EMEA,
6316,8051,13647,AP,
6317,8065,13658,EMEA,
6318,8065,13658,AP,
6319,8089,13679,AP,
6320,8095,13684,NA,
6321,8095,13684,LA,
6322,8095,13684,EMEA,
6323,8095,13684,AP,
6324,8098,13687,NA,
6325,8098,13687,LA,
6326,8098,13687,EMEA,
6327,8098,13687,AP,
6328,8106,13693,NA,
6329,8106,13693,LA,
6330,8106,13693,EMEA,
6331,8106,13693,AP,
6332,8115,13699,NA,
6333,8115,13699,LA,
6334,8115,13699,EMEA,
6335,8115,13699,AP,
6336,8120,13702,LA,
6337,8123,13704,NA,
6338,8123,13704,AP,
6339,8155,13728,NA,
6340,8156,13729,NA,
6341,8157,13730,,
6342,8159,13731,NA,
6343,8185,13750,NA,
6344,8185,13750,LA,
6345,8185,13750,EMEA,
6346,8185,13750,AP,
6347,8189,13752,NA,
6348,8189,13752,LA,
6349,8189,13752,EMEA,
6350,8189,13752,AP,
6351,8216,13774,LA,
6352,8222,13780,NA,
6353,8222,13780,LA,
6354,8222,13780,EMEA,Amiens North
6355,8222,13780,AP,
6356,8225,13783,NA,
6357,8225,13783,LA,
6358,8225,13783,EMEA,Fulda
6359,8225,13783,AP,
6360,8231,13787,NA,
6361,8231,13787,LA,
6362,8231,13787,EMEA,
6363,8231,13787,AP,
6364,8232,13788,NA,
6365,8236,13792,NA,
6366,8270,13817,NA,
6367,8270,13817,LA,
6368,8270,13817,EMEA,
6369,8270,13817,AP,
6370,8273,13820,NA,
6371,8273,13820,LA,
6372,8273,13820,EMEA,
6373,8273,13820,AP,
6374,8277,13824,NA,
6375,8281,13827,NA,
6376,7947,13567,NA,
6377,7947,13567,LA,
6378,7947,13567,EMEA,
6379,7947,13567,AP,
6380,7964,13582,EMEA,
6381,7979,13593,EMEA,Debica
6382,7981,13594,NA,
6383,7981,13594,LA,
6384,7981,13594,EMEA,
6385,7981,13594,AP,
6386,7995,13604,NA,
6387,7995,13604,LA,
6388,7995,13604,EMEA,
6389,7995,13604,AP,
6390,8023,13627,NA,
6391,8023,13627,LA,
6392,8023,13627,EMEA,
6393,8023,13627,AP,
6394,8047,13643,NA,
6395,8047,13643,LA,
6396,8047,13643,EMEA,
6397,8047,13643,AP,
6398,8078,13670,,
6399,8081,13673,NA,
6400,8081,13673,LA,
6401,8081,13673,EMEA,
6402,8081,13673,AP,
6403,8096,13685,NA,
6404,8096,13685,LA,
6405,8096,13685,EMEA,
6406,8096,13685,AP,
6407,8105,13692,NA,
6408,8105,13692,LA,
6409,8105,13692,EMEA,
6410,8105,13692,AP,
6411,8107,13694,NA,
6412,8108,13695,NA,
6413,8108,13695,LA,
6414,8108,13695,EMEA,
6415,8108,13695,AP,
6416,8109,13696,NA,
6417,8109,13696,LA,
6418,8109,13696,EMEA,
6419,8109,13696,AP,
6420,8139,13717,NA,
6421,8139,13717,LA,
6422,8139,13717,EMEA,
6423,8139,13717,AP,
6424,8162,13733,,
6425,8178,13745,NA,
6426,8191,13754,NA,
6427,8191,13754,LA,
6428,8191,13754,EMEA,
6429,8191,13754,AP,
6430,8195,13757,NA,
6431,8197,13758,NA,
6432,8197,13758,LA,
6433,8197,13758,EMEA,
6434,8197,13758,AP,
6435,8198,13759,NA,
6436,8198,13759,LA,
6437,8198,13759,EMEA,
6438,8198,13759,AP,
6439,8202,13763,,
6440,8240,13795,NA,
6441,8240,13795,LA,
6442,8240,13795,EMEA,
6443,8240,13795,AP,
6444,8254,13806,NA,
6445,8254,13806,LA,
6446,8254,13806,EMEA,
6447,8254,13806,AP,
6448,8255,13807,NA,
6449,8255,13807,LA,
6450,8255,13807,EMEA,
6451,8255,13807,AP,
6452,8269,13816,NA,
6453,8269,13816,LA,
6454,8269,13816,EMEA,
6455,8269,13816,AP,
6456,8275,13822,NA,
6457,8275,13822,LA,
6458,8276,13823,NA,
6459,8279,13825,NA,
6460,8279,13825,EMEA,
6461,8284,13829,NA,
6462,8287,13832,NA,
6463,8289,13833,NA,
6464,8289,13833,LA,
6465,8289,13833,EMEA,
6466,8289,13833,AP,
6467,8291,13835,NA,
6468,8291,13835,LA,
6469,8291,13835,EMEA,
6470,8291,13835,AP,
6471,8293,13836,NA,
6472,8293,13836,LA,
6473,8293,13836,EMEA,
6474,8293,13836,AP,
6475,8295,13837,AP,
6476,8297,13838,NA,
6477,8299,13840,NA,
6478,8300,13841,NA,
6479,8301,13842,NA,
6480,7953,13572,AP,
6481,7958,13576,,
6482,7987,13598,NA,
6483,7998,13606,NA,
6484,8017,13623,,
6485,8031,13631,NA,
6486,8031,13631,LA,
6487,8031,13631,EMEA,
6488,8031,13631,AP,
6489,8057,13651,NA,
6490,8057,13651,LA,
6491,8057,13651,EMEA,
6492,8057,13651,AP,
6493,8059,13653,EMEA,
6494,8060,13654,NA,
6495,8060,13654,LA,
6496,8060,13654,EMEA,
6497,8060,13654,AP,
6498,8061,13655,EMEA,
6499,8073,13666,,
6500,8075,13667,NA,
6501,8075,13667,LA,
6502,8075,13667,EMEA,
6503,8075,13667,AP,
6504,8076,13668,NA,
6505,8076,13668,LA,
6506,8076,13668,EMEA,
6507,8076,13668,AP,
6508,8077,13669,NA,
6509,8077,13669,LA,
6510,8077,13669,EMEA,
6511,8077,13669,AP,
6512,8079,13671,NA,
6513,8079,13671,LA,
6514,8079,13671,EMEA,
6515,8079,13671,AP,
6516,8080,13672,NA,
6517,8080,13672,LA,
6518,8080,13672,EMEA,
6519,8080,13672,AP,
6520,8085,13676,,
6521,8099,13688,NA,
6522,8099,13688,LA,
6523,8099,13688,EMEA,
6524,8099,13688,AP,
6525,8117,13700,NA,
6526,8117,13700,LA,
6527,8117,13700,EMEA,
6528,8117,13700,AP,
6529,8130,13710,,
6530,8132,13712,EMEA,
6531,8145,13722,NA,
6532,8169,13737,EMEA,Philippsburg
6533,8175,13742,NA,Gadsden
6534,8175,13742,LA,
6535,8175,13742,EMEA,
6536,8175,13742,AP,
6537,8176,13743,NA,
6538,8199,13760,,
6539,8217,13775,NA,
6540,8217,13775,LA,
6541,8217,13775,EMEA,
6542,8217,13775,AP,
6543,8218,13776,NA,
6544,8224,13782,NA,
6545,8224,13782,LA,
6546,8224,13782,EMEA,Amiens South
6547,8224,13782,AP,
6548,8235,13791,NA,
6549,8235,13791,LA,
6550,8235,13791,EMEA,
6551,8235,13791,AP,
6552,8239,13794,NA,
6553,8239,13794,LA,
6554,8239,13794,EMEA,
6555,8239,13794,AP,
6556,8271,13818,NA,
6557,8272,13819,NA,
6558,8285,13830,NA,
6559,8290,13834,,
6560,8298,13839,NA,
6561,7949,13569,NA,
6562,7949,13569,LA,
6563,7949,13569,EMEA,
6564,7949,13569,AP,
6565,7951,13571,NA,
6566,7951,13571,LA,
6567,7951,13571,EMEA,
6568,7951,13571,AP,
6569,7961,13579,EMEA,
6570,7962,13580,EMEA,
6571,7963,13581,EMEA,
6572,7973,13588,NA,
6573,7973,13588,LA,
6574,7973,13588,EMEA,
6575,7973,13588,AP,
6576,7976,13591,NA,
6577,7976,13591,LA,
6578,7976,13591,EMEA,
6579,7976,13591,AP,
6580,7983,13595,NA,
6581,7983,13595,LA,
6582,7983,13595,EMEA,
6583,7983,13595,AP,
6584,7989,13599,NA,
6585,7989,13599,LA,
6586,7989,13599,EMEA,
6587,7989,13599,AP,
6588,7991,13600,NA,
6589,7991,13600,LA,
6590,7991,13600,EMEA,
6591,7991,13600,AP,
6592,7999,13607,NA,
6593,7999,13607,LA,
6594,7999,13607,EMEA,
6595,7999,13607,AP,Dalian
6596,8029,13630,NA,
6597,8029,13630,LA,
6598,8029,13630,EMEA,
6599,8029,13630,AP,
6600,8042,13638,NA,
6601,8043,13639,NA,
6602,8043,13639,LA,
6603,8043,13639,EMEA,
6604,8043,13639,AP,
6605,8046,13642,NA,
6606,8046,13642,LA,
6607,8046,13642,EMEA,
6608,8046,13642,AP,
6609,8048,13644,NA,
6610,8048,13644,LA,
6611,8048,13644,EMEA,
6612,8048,13644,AP,
6613,8049,13645,NA,
6614,8049,13645,LA,
6615,8049,13645,EMEA,
6616,8049,13645,AP,
6617,8056,13650,NA,
6618,8056,13650,LA,
6619,8056,13650,EMEA,
6620,8056,13650,AP,
6621,8062,13656,NA,
6622,8062,13656,LA,
6623,8062,13656,EMEA,
6624,8062,13656,AP,
6625,8063,13657,NA,
6626,8063,13657,LA,
6627,8063,13657,EMEA,
6628,8063,13657,AP,
6629,8068,13661,NA,
6630,8068,13661,LA,
6631,8068,13661,EMEA,
6632,8068,13661,AP,
6633,8082,13674,NA,
6634,8082,13674,LA,
6635,8082,13674,EMEA,
6636,8082,13674,AP,
6637,8092,13681,NA,
6638,8092,13681,LA,
6639,8092,13681,EMEA,
6640,8092,13681,AP,
6641,8093,13682,NA,
6642,8093,13682,LA,
6643,8093,13682,EMEA,
6644,8093,13682,AP,
6645,8100,13689,NA,
6646,8100,13689,LA,
6647,8100,13689,AP,
6648,8103,13691,NA,
6649,8121,13703,NA,
6650,8121,13703,LA,
6651,8124,13705,NA,
6652,8124,13705,LA,
6653,8124,13705,EMEA,
6654,8124,13705,AP,
6655,8133,13713,EMEA,
6656,8135,13714,NA,
6657,8135,13714,LA,
6658,8135,13714,EMEA,
6659,8135,13714,AP,
6660,8153,13727,,
6661,8171,13738,NA,
6662,8173,13740,NA,
6663,8179,13746,NA,
6664,8179,13746,LA,
6665,8179,13746,EMEA,
6666,8179,13746,AP,
6667,8180,13747,NA,
6668,8180,13747,LA,
6669,8180,13747,EMEA,
6670,8180,13747,AP,
6671,8181,13748,NA,Chem Bayport
6672,7956,13574,NA,
6673,7956,13574,LA,
6674,7956,13574,EMEA,
6675,7956,13574,AP,
6676,7967,13585,NA,
6677,8011,13617,NA,
6678,8011,13617,LA,
6679,8011,13617,EMEA,
6680,8011,13617,AP,
6681,8025,13628,LA,
6682,8041,13637,NA,Danville
6683,8041,13637,LA,
6684,8041,13637,EMEA,
6685,8041,13637,AP,
6686,8041,13637,NA,Gadsden
6690,8041,13637,NA,Topeka
6694,8041,13637,NA,Fayetteville
6698,8041,13637,NA,Lawton
6702,8041,13637,NA,Napanee
6706,8041,13637,NA,Social Circle
6710,8041,13637,NA,ICM*A
6714,8041,13637,NA,Buffalo / Tonawanda
6718,8041,13637,NA,
6720,8041,13637,EMEA,Adapazari
6724,8041,13637,EMEA,Izmit
6728,8041,13637,EMEA,South Africa
6731,8041,13637,LA,Americana
6735,8041,13637,LA,Sao Paulo
6738,8041,13637,NA,Chile
6743,8041,13637,LA,Colombia
6747,8041,13637,LA,Peru
6751,8041,13637,LA,Venezuela
6757,8041,13637,AP,Malaysia
6761,8041,13637,AP,Thailand
6765,8041,13637,AP,Nippon Giant
6769,8041,13637,AP,Dalian
6773,8041,13637,AP,Ballabgarh
6777,8041,13637,AP,Aurangabad
6781,8041,13637,AP,Indonesia
6785,8041,13637,AP,Pulandian
6786,8050,13646,NA,
6787,8050,13646,LA,
6788,8050,13646,EMEA,
6789,8050,13646,AP,
6790,8066,13659,NA,
6791,8066,13659,LA,
6792,8066,13659,EMEA,
6793,8066,13659,AP,
6794,8067,13660,,
6795,8087,13677,NA,
6796,8087,13677,LA,
6797,8087,13677,EMEA,
6798,8087,13677,AP,
6799,8119,13701,LA,
6800,8138,13716,NA,
6801,8138,13716,LA,
6802,8138,13716,EMEA,
6803,8138,13716,AP,
6804,8141,13719,NA,
6805,8141,13719,LA,
6806,8141,13719,EMEA,
6807,8141,13719,AP,
6808,8147,13723,NA,
6809,8147,13723,LA,
6810,8147,13723,EMEA,
6811,8147,13723,AP,
6812,8148,13724,NA,
6813,8151,13726,NA,
6814,8163,13734,NA,
6815,8177,13744,NA,
6816,8190,13753,NA,
6817,8190,13753,LA,
6818,8190,13753,EMEA,
6819,8190,13753,AP,
6820,8200,13761,NA,
6821,8200,13761,LA,
6822,8200,13761,EMEA,
6823,8200,13761,AP,
6824,8203,13764,,
6825,8204,13765,,
6826,8211,13770,NA,
6827,8211,13770,LA,
6828,8211,13770,EMEA,Izmit
6829,8211,13770,AP,
6830,8215,13773,LA,
6831,8226,13784,NA,
6832,8226,13784,LA,
6833,8226,13784,EMEA,South Africa
6834,8226,13784,AP,
6835,8227,13785,NA,
6836,8227,13785,LA,
6837,8227,13785,EMEA,Sava
6838,8227,13785,AP,
6839,8229,13786,,
6840,8233,13789,NA,Danville
6841,8233,13789,NA,Gadsden
6842,8233,13789,NA,Topeka
6843,8233,13789,NA,Fayetteville
6844,8233,13789,NA,Lawton
6845,8233,13789,NA,Medicine Hat
6846,8233,13789,NA,Napanee
6847,8233,13789,NA,Valleyfield
6848,8233,13789,NA,Social Circle
6849,8233,13789,NA,ICM*A
6850,8233,13789,NA,Chem Bayport
6851,8233,13789,NA,Chem Beaumont
6852,8233,13789,NA,Chem Houston
6853,8233,13789,NA,Chem Niagara Falls
6854,8233,13789,NA,NA-LA-AP Except AIRCRAFT
6855,8241,13796,NA,
6856,8241,13796,LA,
6857,8241,13796,EMEA,
6858,8241,13796,AP,
6859,8242,13797,NA,
6860,8242,13797,LA,
6861,8242,13797,EMEA,
6862,8242,13797,AP,
6863,8243,13798,NA,
6864,8243,13798,LA,
6865,8243,13798,EMEA,
6866,8243,13798,AP,
6867,8244,13799,NA,
6868,8244,13799,LA,
6869,8244,13799,EMEA,
6870,8244,13799,AP,
6871,8249,13802,NA,
6872,8249,13802,LA,
6873,8249,13802,EMEA,
6874,8249,13802,AP,
6875,8257,13808,NA,
6876,8259,13810,NA,
6877,8263,13812,NA,
6878,8308,13849,NA,
6879,8308,13849,LA,
6880,8308,13849,EMEA,
6881,8308,13849,AP,
6882,8316,13855,NA,
6883,8318,13857,NA,
6884,8318,13857,LA,
6885,8318,13857,EMEA,
6886,8318,13857,AP,
6887,8329,13866,NA,
6888,8330,13867,NA,
6889,8347,13881,NA,
6890,8354,13885,NA,
6891,8381,13908,,
6892,8385,13910,,
6893,8387,13911,NA,
6894,8387,13911,LA,
6895,8387,13911,EMEA,
6896,8387,13911,AP,
6897,8397,13919,NA,
6898,8397,13919,LA,
6899,8397,13919,EMEA,
6900,8397,13919,AP,
6901,8402,13924,NA,
6902,8402,13924,LA,
6903,8402,13924,EMEA,
6904,8402,13924,AP,
6905,8405,13927,NA,
6906,8405,13927,LA,
6907,8405,13927,EMEA,
6908,8405,13927,AP,
6909,8412,13933,NA,
6910,8412,13933,LA,
6911,8417,13937,NA,
6912,8417,13937,LA,
6913,8418,13938,NA,
6914,8418,13938,LA,
6915,8419,13939,NA,
6916,8419,13939,LA,
6917,8420,13940,NA,
6918,8420,13940,LA,
6919,8421,13941,NA,
6920,8421,13941,LA,
6921,8434,13951,EMEA,
6922,8437,13954,LA,
6923,8437,13954,AP,
6924,8438,13955,NA,
6925,8438,13955,LA,
6926,8438,13955,EMEA,
6927,8439,13956,NA,
6928,8439,13956,LA,
6929,8446,13963,NA,
6930,8449,13966,NA,
6931,8449,13966,AP,
6932,8495,14000,NA,
6933,8507,14011,EMEA,Debica
6934,8508,14012,EMEA,Wittlich
6935,8509,14013,EMEA,Fuerstenwalde
6936,8512,14016,EMEA,Fulda
6937,8514,14018,EMEA,South Africa
6938,8521,14025,EMEA,Fulda
6939,8524,14028,EMEA,Fuerstenwalde
6940,8566,14064,NA,
6941,8566,14064,LA,
6942,8566,14064,EMEA,
6943,8566,14064,AP,
6944,8575,14076,NA,
6945,8575,14076,LA,
6946,8575,14076,EMEA,
6947,8575,14076,AP,Taiwan
6948,8615,14106,NA,
6949,8615,14106,LA,
6950,8615,14106,EMEA,
6951,8615,14106,AP,
6952,8617,14107,,
6953,8633,14119,,
6954,8635,14121,NA,
6955,8635,14121,LA,
6956,8635,14121,EMEA,
6957,8635,14121,AP,
6958,8314,13853,NA,
6959,8314,13853,LA,
6960,8314,13853,EMEA,
6961,8314,13853,AP,
6962,8333,13870,NA,
6963,8367,13896,NA,
6964,8375,13903,EMEA,
6965,8389,13912,LA,
6966,8447,13964,NA,
6967,8447,13964,LA,
6968,8447,13964,AP,
6969,8453,13968,NA,
6970,8457,13970,NA,
6971,8458,13971,NA,
6972,8484,13991,NA,
6973,8484,13991,LA,
6974,8484,13991,EMEA,
6975,8484,13991,AP,
6976,8487,13993,LA,
6977,8492,13997,NA,
6978,8492,13997,LA,
6979,8492,13997,EMEA,
6980,8492,13997,AP,
6981,8499,14003,NA,
6982,8500,14004,NA,
6983,8504,14008,NA,
6984,8513,14017,EMEA,Philippsburg
6985,8520,14024,EMEA,Adapazari
6986,8522,14026,EMEA,Luxembourg
6987,8525,14029,EMEA,Montlucon
6988,8530,14033,NA,
6989,8533,14036,AP,Thailand
6990,8542,14043,,
6991,8559,14056,NA,
6992,8559,14056,LA,
6993,8559,14056,EMEA,
6994,8559,14056,AP,
6995,8571,14071,NA,
6996,8571,14071,LA,
6997,8571,14071,EMEA,
6998,8571,14071,AP,
6999,8572,14073,NA,
7000,8572,14073,LA,
7001,8572,14073,EMEA,
7002,8572,14073,AP,
7003,8577,14077,,
7004,8585,14083,,
7005,8586,14084,,
7006,8589,14086,NA,
7007,8589,14086,LA,
7008,8590,14087,NA,
7009,8590,14087,LA,
7010,8601,14096,,
7011,8618,14108,,
7012,8631,14117,,
7013,8632,14118,,
7014,8636,14122,,
7015,8638,14124,,
7016,8642,14128,,
7017,8643,14129,,
7018,8302,13843,NA,
7019,8305,13846,NA,
7020,8307,13848,NA,
7021,8307,13848,LA,
7022,8307,13848,EMEA,
7023,8307,13848,AP,
7024,8313,13852,NA,
7025,8313,13852,LA,
7026,8313,13852,EMEA,
7027,8313,13852,AP,
7028,8315,13854,NA,
7029,8321,13859,NA,
7030,8331,13868,NA,
7031,8332,13869,NA,
7032,8335,13872,NA,
7033,8335,13872,LA,
7034,8345,13880,NA,
7035,8345,13880,LA,
7036,8345,13880,EMEA,
7037,8345,13880,AP,
7038,8355,13886,NA,
7039,8355,13886,LA,
7040,8355,13886,EMEA,
7041,8355,13886,AP,
7042,8361,13890,AP,
7043,8369,13898,NA,
7044,8406,13928,NA,
7045,8406,13928,LA,
7046,8406,13928,EMEA,
7047,8406,13928,AP,
7048,8423,13942,NA,
7049,8423,13942,LA,Colombia
7050,8423,13942,EMEA,
7051,8423,13942,AP,
7052,8432,13949,NA,
7053,8432,13949,LA,
7054,8432,13949,EMEA,
7055,8432,13949,AP,
7056,8436,13953,NA,
7057,8436,13953,LA,
7058,8441,13958,NA,
7059,8441,13958,LA,
7060,8441,13958,EMEA,
7061,8441,13958,AP,
7062,8470,13981,AP,
7063,8475,13984,NA,
7064,8475,13984,LA,
7065,8475,13984,EMEA,
7066,8475,13984,AP,
7067,8477,13985,AP,
7068,8480,13988,NA,
7069,8480,13988,LA,
7070,8480,13988,EMEA,
7071,8480,13988,AP,
7072,8493,13998,EMEA,
7073,8494,13999,NA,
7074,8494,13999,LA,
7075,8494,13999,EMEA,
7076,8494,13999,AP,
7077,8505,14009,,
7078,8506,14010,EMEA,Amiens South
7079,8510,14014,EMEA,Adapazari
7080,8511,14015,EMEA,Adapazari
7081,8515,14019,EMEA,Fulda
7082,8516,14020,EMEA,Adapazari
7083,8517,14021,EMEA,Wittlich
7084,8518,14022,EMEA,Fuerstenwalde
7085,8519,14023,EMEA,Hanau
7086,8523,14027,EMEA,Fuerstenwalde
7087,8540,14041,NA,
7088,8562,14060,NA,
7089,8562,14060,LA,
7090,8562,14060,EMEA,
7091,8562,14060,AP,
7092,8569,14067,LA,
7093,8573,14074,,
7094,8303,13844,NA,
7095,8324,13861,NA,
7096,8326,13863,NA,Medicine Hat
7097,8326,13863,LA,
7098,8326,13863,EMEA,
7099,8326,13863,AP,
7100,8340,13876,NA,
7101,8340,13876,LA,
7102,8341,13877,NA,
7103,8341,13877,LA,
7104,8349,13882,NA,
7105,8349,13882,LA,
7106,8349,13882,EMEA,
7107,8349,13882,AP,
7108,8359,13889,NA,
7109,8359,13889,LA,
7110,8359,13889,EMEA,
7111,8359,13889,AP,
7112,8362,13891,NA,
7113,8365,13894,NA,
7114,8407,13929,NA,
7115,8407,13929,LA,
7116,8407,13929,EMEA,
7117,8407,13929,AP,
7118,8425,13943,NA,
7119,8425,13943,LA,
7120,8425,13943,EMEA,
7121,8425,13943,AP,
7122,8444,13961,NA,
7123,8444,13961,LA,
7124,8444,13961,AP,
7125,8471,13982,AP,
7126,8491,13996,NA,
7127,8491,13996,LA,
7128,8491,13996,EMEA,
7129,8491,13996,AP,
7130,8545,14046,NA,
7131,8570,14068,NA,
7132,8570,14068,LA,
7133,8570,14068,EMEA,
7134,8570,14068,AP,
7135,8579,14078,,
7136,8580,14079,,
7137,8581,14080,,
7138,8583,14082,,
7139,8587,14085,NA,
7140,8587,14085,LA,
7141,8592,14089,NA,
7142,8592,14089,LA,
7143,8593,14090,NA,
7144,8593,14090,LA,
7145,8595,14092,,
7146,8596,14093,NA,
7147,8596,14093,LA,
7148,8596,14093,EMEA,
7149,8596,14093,AP,
7150,8603,14097,,
7151,8609,14102,,
7152,8619,14109,NA,
7153,8629,14116,NA,
7154,8629,14116,LA,
7155,8629,14116,EMEA,
7156,8629,14116,AP,
7157,8634,14120,,
7158,8640,14126,,
7159,8645,14132,AP,
7160,8646,14133,NA,
7161,8646,14133,LA,
7162,8646,14133,EMEA,
7163,8646,14133,AP,
7164,8647,14134,,
7165,8649,14136,LA,Americana
7166,8649,14136,EMEA,
7167,8649,14136,AP,
7168,8654,14139,NA,
7169,8654,14139,LA,
7170,8654,14139,EMEA,
7171,8654,14139,AP,
7172,8656,14141,NA,
7173,8656,14141,LA,
7174,8656,14141,EMEA,
7175,8656,14141,AP,
7176,8659,14144,NA,
7177,8659,14144,LA,
7178,8659,14144,EMEA,
7179,8659,14144,AP,
7180,8306,13847,,
7181,8319,13858,NA,
7182,8319,13858,LA,
7183,8319,13858,EMEA,
7184,8319,13858,AP,
7185,8327,13864,NA,
7186,8337,13873,NA,
7187,8337,13873,LA,
7188,8337,13873,EMEA,
7189,8337,13873,AP,
7190,8344,13879,NA,
7191,8351,13883,NA,Lawton
7192,8351,13883,LA,
7193,8351,13883,EMEA,
7194,8351,13883,AP,
7195,8371,13900,,
7196,8380,13907,LA,
7197,8392,13914,EMEA,
7198,8401,13923,EMEA,
7199,8401,13923,AP,
7200,8403,13925,NA,
7201,8403,13925,LA,
7202,8403,13925,EMEA,
7203,8403,13925,AP,
7204,8404,13926,NA,
7205,8409,13931,NA,
7206,8415,13935,NA,
7207,8415,13935,LA,
7208,8428,13945,NA,
7209,8428,13945,LA,
7210,8428,13945,EMEA,
7211,8428,13945,AP,
7212,8435,13952,NA,
7213,8435,13952,LA,
7214,8435,13952,EMEA,
7215,8435,13952,AP,
7216,8473,13983,,
7217,8478,13986,NA,
7218,8478,13986,LA,
7219,8478,13986,EMEA,
7220,8478,13986,AP,
7221,8483,13990,NA,
7222,8483,13990,LA,
7223,8483,13990,EMEA,
7224,8483,13990,AP,
7225,8485,13992,NA,
7226,8502,14006,NA,
7227,8537,14039,,
7228,8544,14045,NA,
7229,8544,14045,LA,
7230,8544,14045,EMEA,
7231,8544,14045,AP,
7232,8556,14054,NA,
7233,8556,14054,LA,
7234,8556,14054,EMEA,
7235,8556,14054,AP,
7236,8560,14057,NA,
7237,8560,14057,LA,
7238,8567,14065,NA,
7239,8567,14065,LA,
7240,8567,14065,EMEA,
7241,8567,14065,AP,
7242,8568,14066,NA,
7243,8568,14066,LA,
7244,8568,14066,EMEA,
7245,8568,14066,AP,
7246,8605,14098,,
7247,8613,14104,NA,
7248,8613,14104,LA,
7249,8613,14104,EMEA,
7250,8613,14104,AP,
7251,8614,14105,NA,
7252,8614,14105,LA,
7253,8614,14105,EMEA,
7254,8614,14105,AP,
7255,8639,14125,,
7256,8641,14127,,
7257,8655,14140,NA,
7258,8655,14140,LA,
7259,8655,14140,EMEA,
7260,8655,14140,AP,
7261,8660,14145,NA,
7262,8660,14145,LA,
7263,8660,14145,EMEA,
7264,8660,14145,AP,
7265,8661,14146,NA,
7266,8661,14146,LA,
7267,8661,14146,EMEA,
7268,8661,14146,AP,
7269,8665,14149,NA,
7270,8665,14149,LA,
7271,8665,14149,EMEA,
7272,8665,14149,AP,
7273,8304,13845,NA,
7274,8304,13845,LA,
7275,8304,13845,EMEA,
7276,8304,13845,AP,
7277,8334,13871,NA,
7278,8343,13878,NA,
7279,8370,13899,NA,
7280,8370,13899,LA,
7281,8370,13899,EMEA,
7282,8370,13899,AP,
7283,8373,13901,NA,Fayetteville
7284,8378,13905,NA,
7285,8400,13922,NA,
7286,8400,13922,LA,
7287,8400,13922,EMEA,
7288,8400,13922,AP,
7289,8411,13932,NA,
7290,8411,13932,LA,
7291,8429,13946,NA,
7292,8429,13946,LA,
7293,8429,13946,EMEA,
7294,8429,13946,AP,
7295,8469,13980,AP,
7296,8479,13987,NA,
7297,8479,13987,LA,
7298,8479,13987,EMEA,
7299,8479,13987,AP,
7300,8488,13994,LA,
7301,8497,14001,NA,
7302,8503,14007,NA,
7303,8526,14030,EMEA,Fuerstenwalde
7304,8527,14031,AP,
7305,8541,14042,NA,
7306,8548,14048,NA,
7307,8549,14049,NA,
7308,8554,14052,LA,
7309,8597,14094,,
7310,8611,14103,NA,
7311,8611,14103,LA,
7312,8611,14103,EMEA,
7313,8611,14103,AP,
7314,8623,14111,EMEA,
7315,8628,14115,,
7316,8648,14135,NA,
7317,8648,14135,LA,
7318,8648,14135,EMEA,
7319,8648,14135,AP,
7320,8651,14137,NA,
7321,8651,14137,LA,
7322,8651,14137,EMEA,
7323,8651,14137,AP,
7324,8653,14138,NA,
7325,8653,14138,LA,
7326,8653,14138,AP,
7327,8657,14142,NA,
7328,8657,14142,LA,
7329,8657,14142,EMEA,
7330,8657,14142,AP,
7331,8658,14143,NA,
7332,8658,14143,LA,
7333,8658,14143,EMEA,
7334,8658,14143,AP,
7335,8662,14147,NA,
7336,8662,14147,LA,
7337,8662,14147,EMEA,
7338,8662,14147,AP,
7339,8663,14148,LA,
7340,8663,14148,EMEA,
7341,8663,14148,AP,
7342,8667,14150,NA,
7343,8667,14150,LA,
7344,8667,14150,EMEA,
7345,8667,14150,AP,
7346,8669,14151,NA,
7347,8669,14151,LA,
7348,8669,14151,AP,
7349,8671,14152,,
7350,8672,14153,,
7351,8673,14154,,
7352,8674,14155,,
7353,8675,14156,,
7354,8323,13860,NA,
7355,8325,13862,NA,
7356,8325,13862,LA,
7357,8325,13862,EMEA,
7358,8325,13862,AP,
7359,8328,13865,NA,
7360,8338,13874,NA,
7361,8338,13874,LA,
7362,8338,13874,EMEA,
7363,8338,13874,AP,
7364,8339,13875,NA,
7365,8339,13875,LA,
7366,8339,13875,EMEA,
7367,8339,13875,AP,
7368,8353,13884,NA,
7369,8353,13884,LA,
7370,8353,13884,EMEA,
7371,8353,13884,AP,
7372,8356,13887,NA,
7373,8357,13888,NA,
7374,8366,13895,NA,
7375,8368,13897,NA,
7376,8374,13902,LA,
7377,8377,13904,,
7378,8391,13913,EMEA,
7379,8394,13916,NA,
7380,8394,13916,LA,
7381,8394,13916,EMEA,
7382,8394,13916,AP,
7383,8396,13918,NA,
7384,8396,13918,LA,
7385,8396,13918,EMEA,
7386,8396,13918,AP,
7387,8399,13921,NA,
7388,8408,13930,NA,
7389,8408,13930,AP,
7390,8431,13948,NA,
7391,8431,13948,LA,
7392,8431,13948,EMEA,
7393,8431,13948,AP,
7394,8433,13950,EMEA,
7395,8448,13965,NA,
7396,8448,13965,AP,
7397,8455,13969,EMEA,
7398,8459,13972,NA,
7399,8459,13972,LA,
7400,8459,13972,EMEA,
7401,8459,13972,AP,
7402,8462,13974,NA,
7403,8462,13974,LA,
7404,8462,13974,EMEA,
7405,8467,13978,EMEA,
7406,8468,13979,AP,
7407,8489,13995,LA,
7408,8498,14002,NA,
7409,8501,14005,NA,
7410,8532,14035,NA,
7411,8539,14040,NA,
7412,8551,14050,NA,
7413,8551,14050,LA,
7414,8551,14050,EMEA,
7415,8551,14050,AP,
7416,8553,14051,LA,
7417,8561,14059,NA,
7418,8561,14059,LA,
7419,8565,14063,NA,
7420,8565,14063,LA,
7421,8565,14063,EMEA,
7422,8565,14063,AP,
7423,8574,14075,,
7424,8591,14088,NA,
7425,8591,14088,LA,
7426,8594,14091,NA,
7427,8594,14091,LA,
7428,8599,14095,NA,
7429,8599,14095,LA,
7430,8599,14095,EMEA,
7431,8599,14095,AP,
7432,8625,14113,EMEA,
7433,8309,13850,NA,
7434,8309,13850,LA,
7435,8309,13850,EMEA,
7436,8309,13850,AP,
7437,8311,13851,AP,Malaysia
7438,8317,13856,NA,
7439,8363,13892,NA,
7440,8364,13893,NA,
7441,8364,13893,LA,
7442,8364,13893,EMEA,Adapazari
7443,8364,13893,AP,
7446,8364,13893,EMEA,Izmit
7448,8379,13906,,
7449,8383,13909,,
7450,8393,13915,NA,
7451,8393,13915,LA,
7452,8393,13915,EMEA,
7453,8393,13915,AP,
7454,8395,13917,NA,
7455,8395,13917,LA,
7456,8395,13917,EMEA,
7457,8395,13917,AP,
7458,8398,13920,NA,
7459,8398,13920,LA,
7460,8398,13920,EMEA,
7461,8398,13920,AP,
7462,8413,13934,NA,
7463,8413,13934,LA,
7464,8416,13936,NA,
7465,8416,13936,LA,
7466,8427,13944,,
7467,8430,13947,NA,
7468,8430,13947,LA,
7469,8430,13947,EMEA,
7470,8430,13947,AP,
7471,8440,13957,NA,
7472,8440,13957,LA,
7473,8440,13957,EMEA,
7474,8440,13957,AP,
7475,8442,13959,NA,
7476,8442,13959,LA,
7477,8442,13959,AP,
7478,8443,13960,NA,
7479,8443,13960,LA,
7480,8443,13960,EMEA,
7481,8443,13960,AP,
7482,8445,13962,NA,
7483,8445,13962,LA,
7484,8445,13962,AP,
7485,8451,13967,NA,
7486,8451,13967,LA,
7487,8451,13967,EMEA,
7488,8451,13967,AP,
7489,8461,13973,,
7490,8481,13989,NA,
7491,8481,13989,LA,
7492,8481,13989,EMEA,
7493,8481,13989,AP,
7494,8529,14032,NA,
7495,8531,14034,NA,
7496,8536,14038,,
7497,8543,14044,,
7498,8547,14047,,
7499,8555,14053,,
7500,8557,14055,NA,
7501,8557,14055,LA,
7502,8557,14055,EMEA,
7503,8557,14055,AP,
7504,8563,14061,NA,
7505,8563,14061,LA,
7506,8563,14061,EMEA,
7507,8563,14061,AP,
7508,8564,14062,NA,
7509,8564,14062,LA,
7510,8564,14062,EMEA,
7511,8564,14062,AP,
7512,8582,14081,,
7513,8621,14110,,
7514,8624,14112,NA,
7515,8624,14112,LA,
7516,8627,14114,,
7517,8637,14123,,
7518,8685,14161,,
7519,8687,14162,EMEA,
7520,8690,14164,NA,
7521,8690,14164,LA,
7522,8690,14164,EMEA,
7523,8690,14164,AP,
7524,8699,14171,NA,
7525,8699,14171,LA,
7526,8699,14171,EMEA,
7527,8699,14171,AP,
7528,8702,14174,NA,
7529,8702,14174,LA,
7530,8702,14174,EMEA,
7531,8702,14174,AP,
7532,8707,14178,NA,
7533,8707,14178,LA,
7534,8707,14178,EMEA,
7535,8707,14178,AP,
7536,8717,14187,,
7537,8723,14193,,
7538,8738,14206,,
7539,8739,14207,LA,
7540,8752,14218,NA,
7541,8770,14234,NA,
7542,8780,14245,,
7543,8791,14255,NA,
7544,8791,14255,LA,
7545,8791,14255,EMEA,
7546,8791,14255,AP,
7547,8801,14261,,
7548,8802,14262,,
7549,8805,14265,EMEA,
7550,8810,14269,NA,
7551,8813,14272,NA,
7552,8813,14272,LA,
7553,8813,14272,EMEA,
7554,8813,14272,AP,
7555,8815,14273,NA,
7556,8829,14284,,
7557,8840,14293,,
7558,8847,14299,NA,
7559,8852,14311,NA,
7560,8853,14312,NA,
7561,8853,14312,LA,
7562,8854,14315,NA,
7563,8854,14315,LA,
7564,8855,14316,NA,
7565,8855,14316,LA,
7566,8855,14316,EMEA,
7567,8855,14316,AP,
7568,8858,14318,NA,
7569,8868,14326,,
7570,8871,14329,,
7571,8875,14332,,
7572,8877,14334,,
7573,8878,14335,NA,
7574,8878,14335,LA,
7575,8878,14335,EMEA,
7576,8878,14335,AP,
7577,8695,14169,,
7578,8705,14177,NA,
7579,8705,14177,LA,
7580,8705,14177,EMEA,
7581,8705,14177,AP,
7582,8713,14183,,
7583,8721,14191,,
7584,8731,14201,,
7585,8749,14216,,
7586,8751,14217,,
7587,8755,14220,NA,
7588,8773,14238,EMEA,
7589,8775,14240,,
7590,8778,14243,,
7591,8781,14246,,
7592,8782,14247,,
7593,8795,14257,,
7594,8803,14263,,
7595,8824,14279,NA,
7596,8835,14289,NA,Other
7597,8838,14291,NA,
7598,8838,14291,LA,
7599,8838,14291,EMEA,
7600,8838,14291,AP,
7601,8843,14297,NA,
7602,8849,14308,NA,
7603,8869,14327,,
7604,8870,14328,,
7605,8881,14338,NA,
7606,8881,14338,LA,
7607,8881,14338,AP,
7608,8882,14339,NA,
7609,8882,14339,LA,
7610,8882,14339,AP,
7611,8883,14340,NA,
7612,8883,14340,LA,
7613,8883,14340,EMEA,
7614,8883,14340,AP,
7615,8893,14350,NA,
7616,8893,14350,LA,
7617,8893,14350,EMEA,
7618,8893,14350,AP,
7619,8897,14352,NA,
7620,8909,14362,LA,
7621,8913,14365,EMEA,Amiens North
7622,8914,14366,EMEA,Amiens South
7623,8915,14367,AP,
7624,8924,14373,EMEA,Luxembourg
7625,8925,14374,NA,
7626,8927,14375,NA,
7627,8927,14375,LA,
7628,8927,14375,EMEA,
7629,8927,14375,AP,
7630,8929,14377,NA,
7631,8689,14163,NA,
7632,8689,14163,LA,
7633,8689,14163,EMEA,
7634,8689,14163,AP,
7635,8691,14165,NA,
7636,8691,14165,LA,
7637,8691,14165,AP,
7638,8709,14179,,
7639,8716,14186,,
7640,8726,14196,,
7641,8768,14232,,
7642,8769,14233,NA,
7643,8777,14242,,
7644,8786,14250,,
7645,8789,14253,NA,
7646,8789,14253,LA,
7647,8789,14253,EMEA,
7648,8789,14253,AP,
7649,8790,14254,NA,
7650,8790,14254,LA,
7651,8790,14254,EMEA,
7652,8790,14254,AP,
7653,8804,14264,NA,
7654,8804,14264,LA,
7655,8804,14264,EMEA,
7656,8804,14264,AP,
7657,8807,14267,,
7658,8809,14268,NA,
7659,8837,14290,NA,
7660,8837,14290,LA,
7661,8837,14290,EMEA,
7662,8837,14290,AP,
7663,8851,14310,NA,
7664,8863,14321,NA,
7665,8874,14331,,
7666,8899,14354,NA,Chem Houston
7667,8903,14356,,
7668,8904,14357,,
7669,8906,14359,,
7670,8907,14360,,
7671,8912,14364,EMEA,Montlucon
7672,8918,14369,NA,
7673,8931,14378,NA,
7674,8931,14378,LA,
7675,8931,14378,EMEA,
7676,8931,14378,AP,
7677,8935,14380,NA,
7678,8935,14380,LA,
7679,8935,14380,EMEA,
7680,8935,14380,AP,
7681,8937,14381,,
7682,8943,14384,NA,
7683,8963,14403,NA,
7684,8965,14404,NA,
7685,8969,14407,,
7686,8975,14413,,
7687,8977,14415,,
7688,8978,14416,EMEA,
7689,8981,14418,NA,
7690,8981,14418,LA,
7691,8981,14418,EMEA,
7692,8981,14418,AP,
7693,8987,14422,EMEA,Sava
7694,8683,14160,NA,
7695,8683,14160,LA,
7696,8683,14160,EMEA,
7697,8683,14160,AP,
7698,8692,14166,NA,
7699,8692,14166,LA,
7700,8692,14166,EMEA,
7701,8692,14166,AP,
7702,8697,14170,NA,
7703,8703,14175,NA,
7704,8703,14175,LA,
7705,8704,14176,NA,
7706,8704,14176,LA,
7707,8737,14205,,
7708,8759,14223,NA,
7709,8760,14224,NA,
7710,8761,14225,NA,
7711,8762,14226,NA,
7712,8763,14227,NA,
7713,8764,14228,NA,
7714,8765,14229,NA,
7715,8766,14230,NA,
7716,8767,14231,NA,
7717,8799,14260,NA,
7718,8817,14275,NA,
7719,8817,14275,LA,
7720,8817,14275,EMEA,
7721,8817,14275,AP,
7722,8821,14277,AP,
7723,8845,14298,,
7724,8848,14300,NA,
7725,8861,14320,,
7726,8885,14342,NA,
7727,8886,14343,NA,
7728,8891,14348,NA,
7729,8891,14348,LA,
7730,8891,14348,AP,
7731,8895,14351,,
7732,8905,14358,,
7733,8908,14361,,
7734,8911,14363,EMEA,Montlucon
7735,8919,14370,NA,
7736,8919,14370,LA,
7737,8919,14370,EMEA,
7738,8919,14370,AP,
7739,8939,14382,NA,
7740,8945,14385,EMEA,Izmit
7741,8968,14406,,
7742,8972,14410,,
7743,8973,14411,,
7744,8983,14419,EMEA,
7745,8986,14421,,
7746,8993,14426,LA,
7747,8994,14427,EMEA,
7748,8995,14428,NA,
7749,8995,14428,LA,
7750,8995,14428,EMEA,
7751,8995,14428,AP,
7752,8677,14157,NA,
7753,8677,14157,LA,
7754,8677,14157,EMEA,
7755,8677,14157,AP,
7756,8681,14159,NA,
7757,8715,14185,,
7758,8725,14195,,
7759,8740,14208,LA,
7760,8746,14213,,
7761,8748,14215,,
7762,8772,14236,EMEA,
7763,8776,14241,,
7764,8779,14244,,
7765,8783,14248,,
7766,8785,14249,,
7767,8787,14251,NA,
7768,8787,14251,LA,
7769,8787,14251,EMEA,
7770,8787,14251,AP,
7771,8823,14278,NA,
7772,8833,14287,NA,
7773,8859,14319,NA,
7774,8859,14319,LA,
7775,8859,14319,AP,
7776,8865,14323,EMEA,Amiens North
7777,8876,14333,,
7778,8884,14341,NA,
7779,8923,14372,EMEA,Wittlich
7780,8928,14376,NA,
7781,8967,14405,NA,
7782,8967,14405,LA,
7783,8967,14405,EMEA,
7784,8967,14405,AP,
7785,8970,14408,,
7786,8971,14409,,
7787,8976,14414,NA,
7788,8976,14414,LA,
7789,8976,14414,EMEA,
7790,8976,14414,AP,
7791,8985,14420,,
7792,8991,14424,NA,
7793,8991,14424,EMEA,
7794,8992,14425,NA,
7795,8992,14425,LA,
7796,8992,14425,EMEA,
7797,8992,14425,AP,
7798,8996,14429,NA,
7799,8997,14430,NA,
7800,8999,14431,NA,
7801,8999,14431,LA,
7802,8999,14431,AP,
7803,9001,14432,NA,
7804,9001,14432,LA,
7805,9001,14432,EMEA,
7806,9001,14432,AP,Malaysia
7807,9003,14433,NA,
7808,9005,14434,,
7809,9006,14435,,
7810,9007,14436,,
7811,9008,14437,,
7812,9009,14438,NA,
7813,9009,14438,LA,
7814,9009,14438,EMEA,
7815,9009,14438,AP,
7816,8693,14167,NA,
7817,8693,14167,LA,
7818,8693,14167,EMEA,
7819,8693,14167,AP,
7820,8701,14173,NA,
7821,8701,14173,LA,
7822,8701,14173,EMEA,
7823,8701,14173,AP,
7824,8710,14180,,
7825,8711,14181,,
7826,8722,14192,,
7827,8733,14202,NA,
7828,8733,14202,LA,
7829,8733,14202,EMEA,
7830,8733,14202,AP,
7831,8734,14203,NA,
7832,8734,14203,LA,
7833,8734,14203,EMEA,
7834,8734,14203,AP,Nippon Giant
7835,8735,14204,NA,
7836,8735,14204,LA,
7837,8735,14204,EMEA,
7838,8735,14204,AP,Nippon Giant
7839,8743,14210,NA,
7840,8744,14211,,
7841,8774,14239,,
7842,8811,14270,NA,
7843,8811,14270,LA,
7844,8811,14270,EMEA,
7845,8811,14270,AP,
7846,8819,14276,NA,
7847,8819,14276,LA,
7848,8819,14276,EMEA,
7849,8819,14276,AP,
7850,8828,14283,NA,
7851,8828,14283,LA,
7852,8828,14283,EMEA,
7853,8828,14283,AP,
7854,8839,14292,,
7855,8842,14295,NA,
7856,8864,14322,,
7857,8867,14325,NA,
7858,8873,14330,NA,
7859,8879,14336,NA,
7860,8879,14336,LA,
7861,8879,14336,EMEA,
7862,8879,14336,AP,
7863,8880,14337,NA,
7864,8880,14337,LA,
7865,8880,14337,EMEA,
7866,8880,14337,AP,
7867,8887,14344,NA,
7868,8888,14345,NA,
7869,8889,14346,NA,
7870,8890,14347,NA,
7871,8892,14349,NA,
7872,8892,14349,LA,
7873,8892,14349,AP,
7874,8898,14353,NA,
7875,8901,14355,EMEA,Debica
7876,8917,14368,NA,
7877,8917,14368,LA,
7878,8917,14368,AP,
7879,8921,14371,,
7880,8933,14379,AP,
7881,8941,14383,,
7882,8974,14412,,
7883,8979,14417,NA,
7884,8979,14417,LA,
7885,8979,14417,EMEA,
7886,8979,14417,AP,
7887,8989,14423,NA,
7888,8679,14158,NA,
7889,8679,14158,LA,
7890,8679,14158,EMEA,
7891,8679,14158,AP,
7892,8694,14168,,
7893,8700,14172,NA,
7894,8700,14172,LA,
7895,8700,14172,EMEA,
7896,8700,14172,AP,
7897,8712,14182,LA,
7898,8714,14184,,
7899,8718,14188,,
7900,8719,14189,,
7901,8720,14190,,
7902,8724,14194,,
7903,8727,14197,,
7904,8728,14198,,
7905,8729,14199,,
7906,8730,14200,,
7907,8741,14209,,
7908,8747,14214,,
7909,8753,14219,,
7910,8757,14221,NA,
7911,8758,14222,NA,
7912,8788,14252,NA,
7913,8788,14252,LA,
7914,8788,14252,EMEA,
7915,8788,14252,AP,
7916,8793,14256,NA,
7917,8793,14256,LA,
7918,8793,14256,EMEA,
7919,8793,14256,AP,
7920,8797,14258,,
7921,8798,14259,,
7922,8806,14266,EMEA,
7923,8806,14266,AP,
7924,8812,14271,NA,
7925,8812,14271,LA,
7926,8812,14271,EMEA,
7927,8812,14271,AP,
7928,8816,14274,NA,
7929,8816,14274,LA,
7930,8825,14280,EMEA,Fulda
7931,8826,14281,,
7932,8827,14282,EMEA,
7933,8831,14285,,
7934,8832,14286,,
7935,8834,14288,NA,Other
7936,8841,14294,NA,
7937,8850,14309,NA,
7938,9019,14447,,
7939,9038,14462,,
7940,9051,14472,NA,
7941,9059,14477,,
7942,9085,14496,NA,
7943,9085,14496,LA,
7944,9085,14496,EMEA,
7945,9085,14496,AP,
7946,9089,14498,,
7947,9093,14501,NA,
7948,9102,14508,NA,
7949,9103,14509,NA,
7950,9108,14513,NA,
7951,9108,14513,LA,
7952,9108,14513,EMEA,
7953,9108,14513,AP,
7954,9109,14514,NA,
7955,9109,14514,LA,
7956,9109,14514,EMEA,
7957,9109,14514,AP,
7958,9115,14520,,
7959,9118,14523,,
7960,9126,14530,NA,
7961,9126,14530,LA,
7962,9126,14530,EMEA,
7963,9126,14530,AP,
7964,9137,14537,,
7965,9151,14546,EMEA,
7966,9157,14552,,
7967,9158,14553,,
7968,9159,14554,,
7969,9185,14569,EMEA,
7970,9194,14574,NA,
7971,9209,14594,NA,
7972,9209,14594,LA,
7973,9209,14594,EMEA,
7974,9209,14594,AP,
7975,9222,14606,,
7976,9226,14609,,
7977,9227,14610,,
7978,9231,14616,NA,
7979,9231,14616,LA,
7980,9232,14617,NA,
7981,9232,14617,LA,
7982,9233,14618,,
7983,9235,14619,NA,
7984,9235,14619,LA,
7985,9235,14619,EMEA,
7986,9235,14619,AP,
7987,9245,14631,NA,
7988,9255,14640,NA,
7989,9255,14640,LA,
7990,9255,14640,EMEA,
7991,9255,14640,AP,
7992,9261,14645,,
7993,9262,14646,,
7994,9269,14653,,
7995,9279,14663,NA,
7996,9279,14663,LA,
7997,9279,14663,EMEA,
7998,9279,14663,AP,
7999,9014,14443,NA,
8000,9017,14445,EMEA,Sava
8001,9020,14448,,
8002,9028,14454,NA,
8003,9039,14463,NA,
8004,9039,14463,LA,
8005,9039,14463,EMEA,
8006,9039,14463,AP,
8007,9046,14469,EMEA,
8008,9060,14478,,
8009,9061,14479,,
8010,9072,14486,NA,
8011,9072,14486,LA,
8012,9072,14486,EMEA,
8013,9072,14486,AP,
8014,9073,14487,EMEA,
8015,9087,14497,,
8016,9100,14506,,
8017,9105,14511,,
8018,9117,14522,,
8019,9119,14524,NA,
8020,9119,14524,LA,
8021,9119,14524,EMEA,
8022,9119,14524,AP,
8023,9125,14529,NA,
8024,9125,14529,LA,
8025,9125,14529,EMEA,
8026,9125,14529,AP,
8027,9165,14558,,
8028,9169,14561,EMEA,
8029,9179,14566,NA,
8030,9236,14623,NA,
8031,9236,14623,LA,
8032,9236,14623,EMEA,
8033,9236,14623,AP,
8034,9242,14628,NA,
8035,9251,14638,EMEA,
8036,9259,14643,,
8037,9264,14648,,
8038,9265,14649,,
8039,9268,14652,NA,
8040,9268,14652,LA,
8041,9268,14652,EMEA,
8042,9268,14652,AP,
8043,9271,14655,,
8044,9272,14656,,
8045,9280,14664,NA,
8046,9280,14664,LA,
8047,9280,14664,EMEA,
8048,9280,14664,AP,
8049,9301,14678,EMEA,
8050,9323,14694,NA,
8051,9323,14694,LA,
8052,9323,14694,EMEA,
8053,9323,14694,AP,
8054,9327,14697,NA,
8055,9327,14697,LA,
8056,9335,14701,,
8057,9337,14702,NA,
8058,9337,14702,LA,
8059,9337,14702,EMEA,
8060,9337,14702,AP,
8061,9010,14439,NA,
8062,9010,14439,LA,
8063,9010,14439,EMEA,
8064,9010,14439,AP,
8065,9013,14442,NA,
8066,9025,14452,,
8067,9029,14455,NA,
8068,9031,14456,,
8069,9037,14461,NA,
8070,9037,14461,LA,
8071,9037,14461,AP,
8072,9049,14471,NA,
8073,9056,14475,NA,
8074,9063,14480,LA,
8075,9063,14480,AP,
8076,9083,14494,NA,
8077,9104,14510,NA,
8078,9110,14515,NA,
8079,9110,14515,LA,
8080,9110,14515,EMEA,
8081,9110,14515,AP,
8082,9113,14518,,
8083,9114,14519,,
8084,9133,14535,NA,
8085,9143,14540,EMEA,Amiens North
8086,9195,14575,NA,
8087,9195,14575,LA,
8088,9198,14585,NA,
8089,9198,14585,LA,
8090,9198,14585,EMEA,
8091,9198,14585,AP,
8092,9210,14595,NA,
8093,9210,14595,LA,
8094,9210,14595,EMEA,
8095,9210,14595,AP,
8096,9213,14598,NA,
8097,9213,14598,LA,
8098,9213,14598,EMEA,
8099,9213,14598,AP,
8100,9219,14603,,
8101,9220,14604,,
8102,9221,14605,,
8103,9243,14629,NA,
8104,9257,14642,AP,
8105,9267,14651,NA,
8106,9267,14651,LA,
8107,9267,14651,EMEA,
8108,9267,14651,AP,
8109,9274,14659,NA,
8110,9286,14669,,
8111,9291,14672,,
8112,9295,14674,AP,
8113,9302,14679,EMEA,
8114,9310,14684,NA,Other
8115,9310,14684,LA,
8116,9310,14684,EMEA,
8117,9310,14684,AP,
8118,9312,14686,AP,
8119,9315,14688,NA,
8120,9329,14698,,
8121,9011,14440,NA,
8122,9015,14444,NA,
8123,9033,14458,,
8124,9078,14491,NA,
8125,9084,14495,NA,
8126,9095,14502,,
8127,9097,14503,NA,
8128,9097,14503,LA,
8129,9099,14505,,
8130,9121,14526,NA,
8131,9121,14526,LA,
8132,9121,14526,EMEA,
8133,9121,14526,AP,
8134,9127,14531,NA,
8135,9127,14531,LA,
8136,9127,14531,EMEA,
8137,9127,14531,AP,
8138,9149,14545,NA,
8139,9149,14545,LA,
8140,9183,14568,,
8141,9197,14582,NA,
8142,9197,14582,LA,
8143,9197,14582,EMEA,
8144,9197,14582,AP,
8145,9206,14591,NA,
8146,9206,14591,LA,
8147,9206,14591,EMEA,
8148,9206,14591,AP,
8149,9207,14592,NA,
8150,9207,14592,LA,
8151,9207,14592,EMEA,
8152,9207,14592,AP,
8153,9208,14593,NA,
8154,9208,14593,LA,
8155,9208,14593,EMEA,
8156,9208,14593,AP,
8157,9216,14600,NA,
8158,9216,14600,LA,
8159,9216,14600,EMEA,
8160,9216,14600,AP,
8161,9225,14608,,
8162,9229,14613,NA,
8163,9247,14632,NA,
8164,9247,14632,LA,
8165,9247,14632,EMEA,
8166,9247,14632,AP,
8167,9285,14668,,
8168,9287,14670,,
8169,9297,14676,AP,
8170,9303,14680,,
8171,9318,14691,NA,
8172,9318,14691,LA,
8173,9318,14691,EMEA,
8174,9318,14691,AP,
8175,9339,14703,NA,
8176,9339,14703,LA,
8177,9339,14703,EMEA,
8178,9339,14703,AP,
8179,9345,14708,,
8180,9347,14709,EMEA,
8181,9349,14710,NA,
8182,9354,14714,AP,
8183,9355,14716,NA,
8184,9355,14716,LA,
8185,9355,14716,EMEA,
8186,9355,14716,AP,
8187,9361,14720,NA,
8188,9361,14720,LA,
8189,9366,14724,NA,
8190,9366,14724,LA,
8191,9366,14724,EMEA,
8192,9366,14724,AP,
8193,9371,14729,NA,
8194,9373,14731,,
8195,9034,14459,NA,
8196,9034,14459,LA,
8197,9034,14459,EMEA,
8198,9034,14459,AP,
8199,9041,14465,NA,
8200,9041,14465,LA,
8201,9041,14465,EMEA,
8202,9041,14465,AP,
8203,9044,14467,NA,
8204,9053,14473,NA,
8205,9067,14482,NA,
8206,9067,14482,LA,
8207,9067,14482,EMEA,
8208,9067,14482,AP,
8209,9074,14488,EMEA,
8210,9075,14489,EMEA,
8211,9101,14507,NA,
8212,9111,14516,NA,
8213,9111,14516,LA,
8214,9111,14516,EMEA,
8215,9111,14516,AP,
8216,9112,14517,NA,
8217,9112,14517,LA,
8218,9112,14517,AP,
8219,9122,14527,NA,
8220,9122,14527,LA,
8221,9122,14527,EMEA,
8222,9122,14527,AP,
8223,9131,14534,,
8224,9148,14544,NA,
8225,9148,14544,LA,
8226,9148,14544,EMEA,
8227,9148,14544,AP,
8228,9161,14555,NA,
8229,9166,14559,,
8230,9187,14570,EMEA,
8231,9191,14572,NA,
8232,9191,14572,LA,
8233,9191,14572,EMEA,
8234,9191,14572,AP,
8235,9193,14573,NA,
8236,9199,14586,NA,
8237,9199,14586,LA,
8238,9199,14586,EMEA,
8239,9199,14586,AP,
8240,9200,14587,NA,
8241,9200,14587,LA,
8242,9200,14587,EMEA,
8243,9200,14587,AP,
8244,9203,14589,,
8245,9211,14596,NA,
8246,9211,14596,LA,
8247,9211,14596,EMEA,
8248,9211,14596,AP,
8249,9228,14611,LA,
8250,9230,14615,NA,
8251,9230,14615,LA,
8252,9241,14627,,
8253,9256,14641,,
8254,9277,14662,NA,
8255,9309,14683,NA,
8256,9309,14683,LA,
8257,9309,14683,EMEA,
8258,9309,14683,AP,
8259,9313,14687,NA,
8260,9333,14700,AP,
8261,9363,14721,EMEA,
8262,9368,14726,NA,
8263,9368,14726,LA,
8264,9368,14726,EMEA,
8265,9368,14726,AP,
8266,9376,14733,NA,
8267,9377,14734,NA,
8268,9012,14441,NA,
8269,9021,14449,,
8270,9024,14451,,
8271,9035,14460,,
8272,9047,14470,NA,
8273,9047,14470,LA,
8274,9047,14470,AP,
8275,9065,14481,NA,
8276,9065,14481,LA,
8277,9065,14481,EMEA,
8278,9065,14481,AP,
8279,9077,14490,EMEA,
8280,9079,14492,NA,
8281,9079,14492,LA,
8282,9079,14492,EMEA,
8283,9079,14492,AP,
8284,9107,14512,NA,
8285,9123,14528,NA,
8286,9123,14528,LA,
8287,9123,14528,EMEA,
8288,9123,14528,AP,
8289,9128,14532,,
8290,9141,14539,,
8291,9175,14564,,
8292,9177,14565,NA,
8293,9181,14567,NA,
8294,9189,14571,LA,
8295,9223,14607,,
8296,9239,14625,AP,
8297,9281,14665,NA,
8298,9281,14665,LA,
8299,9281,14665,EMEA,
8300,9281,14665,AP,
8301,9325,14695,NA,
8302,9325,14695,LA,
8303,9325,14695,EMEA,
8304,9325,14695,AP,
8305,9331,14699,EMEA,
8306,9350,14711,NA,
8307,9351,14712,LA,
8308,9351,14712,EMEA,
8309,9351,14712,AP,
8310,9353,14713,AP,
8311,9359,14719,NA,
8312,9359,14719,LA,
8313,9359,14719,EMEA,
8314,9359,14719,AP,
8315,9364,14722,NA,
8316,9364,14722,LA,
8317,9364,14722,EMEA,
8318,9364,14722,AP,
8319,9365,14723,NA,
8320,9369,14727,NA,
8321,9369,14727,LA,
8322,9369,14727,EMEA,
8323,9369,14727,AP,
8324,9370,14728,NA,
8325,9375,14732,NA,
8326,9380,14737,NA,
8327,9381,14738,NA,
8328,9384,14740,,
8329,9385,14741,,
8330,9018,14446,EMEA,Debica
8331,9069,14483,AP,
8332,9071,14485,NA,
8333,9071,14485,LA,
8334,9071,14485,EMEA,
8335,9071,14485,AP,
8336,9081,14493,,
8337,9092,14500,AP,Aurangabad
8338,9120,14525,NA,
8339,9120,14525,LA,
8340,9120,14525,EMEA,
8341,9120,14525,AP,
8342,9129,14533,NA,
8343,9146,14542,NA,
8344,9146,14542,LA,
8345,9146,14542,EMEA,
8346,9146,14542,AP,
8347,9147,14543,NA,
8348,9147,14543,LA,
8349,9147,14543,EMEA,
8350,9147,14543,AP,
8351,9171,14562,NA,
8352,9171,14562,LA,
8353,9171,14562,EMEA,
8354,9171,14562,AP,
8355,9212,14597,NA,
8356,9212,14597,LA,
8357,9212,14597,EMEA,
8358,9212,14597,AP,
8359,9215,14599,NA,
8360,9215,14599,LA,
8361,9215,14599,EMEA,
8362,9215,14599,AP,
8363,9237,14624,NA,
8364,9237,14624,LA,
8365,9237,14624,EMEA,
8366,9237,14624,AP,
8367,9240,14626,,
8368,9244,14630,NA,
8369,9249,14633,NA,
8370,9249,14633,LA,
8371,9249,14633,EMEA,
8372,9249,14633,AP,
8373,9260,14644,,
8374,9263,14647,,
8375,9270,14654,,
8376,9283,14667,NA,
8377,9283,14667,LA,
8378,9283,14667,EMEA,
8379,9283,14667,AP,
8380,9289,14671,NA,
8381,9289,14671,LA,
8382,9289,14671,EMEA,
8383,9289,14671,AP,
8384,9293,14673,,
8385,9299,14677,NA,
8386,9307,14682,NA,
8387,9307,14682,LA,
8388,9307,14682,EMEA,
8389,9307,14682,AP,
8390,9311,14685,AP,Ballabgarh
8391,9311,14685,AP,Aurangabad
8392,9316,14689,LA,
8393,9321,14693,NA,
8394,9321,14693,LA,
8395,9356,14717,,
8396,9357,14718,NA,
8397,9367,14725,NA,
8398,9367,14725,LA,
8399,9367,14725,EMEA,
8400,9367,14725,AP,
8401,9372,14730,NA,
8402,9378,14735,NA,
8403,9379,14736,NA,
8404,9383,14739,,
8405,9023,14450,,
8406,9027,14453,,
8407,9032,14457,,
8408,9040,14464,,
8409,9043,14466,,
8410,9045,14468,NA,
8411,9055,14474,,
8412,9057,14476,EMEA,
8413,9070,14484,NA,
8414,9091,14499,AP,Ballabgarh
8415,9098,14504,NA,
8416,9098,14504,LA,
8417,9098,14504,EMEA,
8418,9098,14504,AP,
8419,9116,14521,NA,
8420,9116,14521,LA,
8421,9116,14521,EMEA,
8422,9116,14521,AP,
8423,9135,14536,,
8424,9139,14538,,
8425,9145,14541,NA,
8426,9145,14541,LA,
8427,9145,14541,EMEA,
8428,9145,14541,AP,
8429,9152,14547,,
8430,9153,14548,NA,
8431,9153,14548,LA,
8432,9153,14548,EMEA,
8433,9153,14548,AP,
8434,9162,14556,NA,
8435,9163,14557,NA,
8436,9163,14557,LA,
8437,9163,14557,EMEA,
8438,9163,14557,AP,
8439,9167,14560,,
8440,9173,14563,NA,
8441,9173,14563,LA,
8442,9201,14588,NA,
8443,9201,14588,LA,
8444,9201,14588,EMEA,
8445,9201,14588,AP,
8446,9205,14590,NA,
8447,9205,14590,LA,
8448,9205,14590,EMEA,
8449,9205,14590,AP,
8450,9253,14639,NA,
8451,9253,14639,LA,
8452,9253,14639,EMEA,
8453,9253,14639,AP,
8454,9273,14657,NA,
8455,9275,14660,NA,
8456,9276,14661,NA,
8457,9282,14666,NA,
8458,9282,14666,LA,
8459,9282,14666,EMEA,
8460,9282,14666,AP,
8461,9296,14675,AP,
8462,9305,14681,NA,
8463,9305,14681,LA,
8464,9305,14681,EMEA,Hanau
8465,9305,14681,AP,
8466,9317,14690,NA,
8467,9317,14690,LA,
8468,9317,14690,EMEA,
8469,9317,14690,AP,
8470,9319,14692,NA,
8471,9319,14692,LA,
8472,9319,14692,EMEA,
8473,9319,14692,AP,
8474,9326,14696,NA,
8475,9326,14696,LA,
8476,9326,14696,EMEA,
8477,9326,14696,AP,
8478,9558,14885,EMEA,
8479,9568,14893,NA,
8480,9568,14893,LA,
8481,9568,14893,EMEA,
8482,9568,14893,AP,
8483,9613,14928,NA,
8484,9613,14928,LA,
8485,9613,14928,EMEA,
8486,9613,14928,AP,
8487,9627,14939,NA,
8488,9627,14939,LA,
8489,9978,15232,NA,
8490,9978,15232,LA,
8491,9978,15232,EMEA,
8492,9978,15232,AP,
8493,10004,15254,NA,
8494,10004,15254,LA,
8495,10004,15254,EMEA,
8496,10004,15254,AP,
8497,10063,15306,NA,Chem Bayport
8498,10158,15378,NA,
8499,10204,15420,NA,
8500,10204,15420,LA,
8501,10204,15420,EMEA,
8502,10204,15420,AP,
8503,10447,15613,NA,
8504,10535,15681,NA,
8505,10648,15775,AP,Malaysia
8506,10648,15775,AP,Thailand
8507,10648,15775,AP,Nippon Giant
8508,10648,15775,AP,Aurangabad
8509,10648,15775,AP,Indonesia
8510,10648,15775,AP,Pulandian
8511,10657,15782,NA,
8512,10657,15782,LA,
8513,10657,15782,EMEA,
8514,10657,15782,AP,
8515,10661,15785,,
8516,10795,15895,,
8517,10903,16241,EMEA,
8518,10943,16273,NA,
8519,11003,16352,NA,
8520,11003,16352,LA,
8521,11003,16352,EMEA,
8522,11003,16352,AP,
8523,11031,16389,NA,
8524,11031,16389,LA,
8525,11031,16389,AP,
8526,11127,16498,NA,
8527,11171,17219,NA,
8528,11284,17375,AP,
8529,11309,17419,NA,
8530,11309,17419,LA,
8531,11309,17419,EMEA,
8532,11309,17419,AP,
8533,11593,17873,,
8534,11627,17920,,
8535,11628,17921,,
8536,11954,18397,EMEA,
8537,11958,18401,NA,
8538,11958,18401,LA,
8539,11958,18401,EMEA,
8540,11958,18401,AP,
8541,11963,18405,NA,
8542,11963,18405,LA,
8543,11963,18405,AP,
8544,11966,18408,NA,
8545,11966,18408,LA,
8546,11966,18408,EMEA,
8547,11966,18408,AP,
8548,11971,18412,EMEA,
8549,11973,18413,LA,
8550,11987,18439,,
8551,9447,14793,NA,
8552,9447,14793,LA,
8553,9532,14855,NA,
8554,9681,14985,NA,
8555,9681,14985,LA,
8556,9681,14985,EMEA,
8557,9681,14985,AP,
8558,9683,14986,NA,
8559,9870,15136,NA,
8560,9979,15233,NA,
8561,9979,15233,LA,
8562,9979,15233,EMEA,
8563,9979,15233,AP,
8564,10125,15353,NA,
8565,10125,15353,LA,
8566,10125,15353,EMEA,
8567,10125,15353,AP,
8568,10131,15358,NA,
8569,10133,15361,NA,
8570,10337,15528,,
8571,10705,15824,,
8572,10867,15956,NA,
8573,10867,15956,LA,
8574,10867,15956,EMEA,
8575,10867,15956,AP,
8576,10883,15967,NA,
8577,10883,15967,LA,
8578,10883,15967,EMEA,
8579,10883,15967,AP,
8580,11029,16388,,
8581,11105,16473,,
8582,11107,16475,NA,
8583,11362,17470,,
8584,11367,17476,NA,Medicine Hat
8585,11367,17476,NA,Napanee
8586,11475,17710,,
8587,11613,17907,,
8588,11619,17912,,
8589,11625,17918,,
8590,11643,17942,NA,
8591,11849,18284,NA,
8592,11849,18284,LA,
8593,11849,18284,EMEA,
8594,11849,18284,AP,
8595,11866,18298,,
8596,12095,18543,,
8597,12103,18548,NA,
8598,12111,18554,EMEA,
8599,12111,18554,AP,
8600,12113,18555,,
8601,12132,18580,NA,
8602,12132,18580,LA,
8603,12132,18580,EMEA,
8604,12132,18580,AP,
8605,12136,18584,NA,
8606,12137,18585,NA,
8607,12150,18594,NA,
8608,12150,18594,LA,
8609,12150,18594,EMEA,
8610,12150,18594,AP,
8611,12161,18607,NA,
8612,12161,18607,LA,
8613,12161,18607,EMEA,
8614,12161,18607,AP,
8615,12166,18612,NA,
8616,12166,18612,LA,
8617,12166,18612,EMEA,
8618,12166,18612,AP,
8619,9492,14825,NA,
8620,9492,14825,LA,
8621,9492,14825,EMEA,
8622,9492,14825,AP,
8623,9551,14876,NA,
8624,9763,15051,LA,
8625,10166,15385,,
8626,10267,15472,NA,
8627,10267,15472,LA,
8628,10267,15472,EMEA,
8629,10267,15472,AP,
8630,10387,15568,NA,
8631,10415,15590,NA,
8632,10415,15590,LA,
8633,10415,15590,EMEA,
8634,10415,15590,AP,
8635,10441,15609,LA,
8636,10565,15704,NA,
8637,10565,15704,LA,
8638,10565,15704,EMEA,
8639,10565,15704,AP,
8640,11448,17606,NA,
8641,11454,17611,NA,
8642,11537,17788,LA,
8643,11605,17896,NA,
8644,11790,18172,NA,
8645,11790,18172,LA,
8646,11790,18172,EMEA,
8647,11790,18172,AP,
8648,11927,18362,NA,
8649,11927,18362,LA,
8650,11927,18362,EMEA,
8651,11927,18362,AP,
8652,11928,18363,NA,
8653,11928,18363,LA,
8654,11928,18363,EMEA,
8655,11928,18363,AP,
8656,11944,18387,,
8657,11947,18390,,
8658,11953,18396,,
8659,11959,18402,NA,
8660,11969,18411,,
8661,11979,18426,NA,
8662,11979,18426,LA,
8663,11979,18426,AP,
8664,11981,18429,NA,
8665,11981,18429,LA,
8666,11991,18442,NA,
8667,11993,18444,NA,
8668,11994,18445,NA,
8669,11996,18447,NA,
8670,11997,18448,NA,
8671,11999,18450,NA,
8672,12001,18451,NA,
8673,12005,18454,AP,
8674,12011,18457,NA,
8675,12011,18457,LA,
8676,12011,18457,EMEA,
8677,12011,18457,AP,
8678,12013,18458,NA,
8679,12020,18462,,
8680,12031,18475,NA,
8681,12031,18475,LA,
8682,12031,18475,AP,
8683,9461,14801,AP,
8684,9467,14805,NA,
8685,9467,14805,LA,
8686,9467,14805,EMEA,
8687,9467,14805,AP,
8688,9513,14839,,
8689,9582,14905,NA,
8690,9721,15016,NA,
8691,9721,15016,LA,
8692,9721,15016,EMEA,
8693,9721,15016,AP,
8694,9779,15064,NA,
8695,9779,15064,LA,
8696,9779,15064,EMEA,
8697,9779,15064,AP,
8698,9862,15130,,
8699,9895,15159,NA,
8700,9895,15159,LA,
8701,9895,15159,EMEA,
8702,9895,15159,AP,
8703,9897,15160,,
8704,10111,15343,NA,
8705,10129,15356,NA,
8706,10132,15360,NA,
8707,10246,15456,NA,
8708,10246,15456,LA,
8709,10246,15456,EMEA,
8710,10246,15456,AP,
8711,10266,15471,NA,
8712,10266,15471,LA,
8713,10266,15471,EMEA,
8714,10266,15471,AP,
8715,10271,15476,NA,
8716,10271,15476,LA,
8717,10271,15476,EMEA,
8718,10271,15476,AP,
8719,10283,15487,NA,
8720,10283,15487,LA,
8721,10283,15487,EMEA,
8722,10283,15487,AP,Thailand
8723,10511,15664,LA,
8724,10525,15673,,
8725,10604,15740,NA,
8726,10643,15772,,
8727,11223,17318,,
8728,11264,17353,NA,
8729,11770,18118,,
8730,11835,18256,NA,
8731,11835,18256,LA,
8732,11835,18256,EMEA,
8733,11835,18256,AP,
8734,11897,18337,,
8735,12211,18669,NA,
8736,12213,18670,NA,
8737,12223,18700,NA,
8738,12223,18700,LA,
8739,12223,18700,EMEA,
8740,12223,18700,AP,
8741,12244,18727,NA,
8742,12274,18765,,
8743,12276,18767,,
8744,12277,18768,,
8745,12278,18769,,
8746,12279,18770,NA,
8747,12285,18775,NA,
8748,12286,18776,NA,
8749,9435,14783,NA,
8750,9435,14783,LA,
8751,9435,14783,EMEA,
8752,9435,14783,AP,
8753,9459,14799,NA,
8754,9459,14799,LA,
8755,9459,14799,EMEA,
8756,9459,14799,AP,
8757,9460,14800,NA,
8758,9460,14800,LA,
8759,9460,14800,EMEA,
8760,9460,14800,AP,
8761,9505,14832,,
8762,9512,14838,,
8763,9547,14873,NA,
8764,9548,14874,NA,
8765,9775,15060,NA,
8766,9775,15060,LA,
8767,9775,15060,EMEA,
8768,9775,15060,AP,
8769,10169,15387,,
8770,10357,15544,EMEA,
8771,10503,15660,NA,
8772,10503,15660,LA,
8773,10503,15660,EMEA,
8774,10503,15660,AP,
8775,10512,15665,,
8776,10553,15696,NA,
8777,10737,15851,,
8778,10894,16000,NA,
8779,11042,16399,AP,
8780,11303,17413,AP,
8781,11424,17563,NA,
8782,11451,17609,NA,
8783,11463,17636,NA,
8784,11463,17636,LA,
8785,11463,17636,EMEA,
8786,11463,17636,AP,
8787,11587,17867,NA,
8788,11645,17944,NA,
8789,11718,18036,,
8790,11742,18060,NA,
8791,11753,18101,,
8792,11769,18117,,
8793,11935,18377,,
8794,11985,18434,NA,
8795,12027,18471,NA,
8796,12028,18472,NA,
8797,12040,18482,NA,
8798,12040,18482,LA,
8799,12040,18482,EMEA,
8800,12040,18482,AP,
8801,12045,18488,NA,
8802,12045,18488,LA,
8803,12045,18488,EMEA,
8804,12045,18488,AP,
8805,12069,18522,NA,
8806,12082,18533,NA,
8807,12083,18534,NA,
8808,12124,18573,,
8809,12127,18575,NA,
8810,12127,18575,LA,
8811,12127,18575,EMEA,
8812,12127,18575,AP,
8813,9424,14772,AP,
8814,9920,15181,NA,
8815,9987,15241,,
8816,10033,15282,NA,
8817,10035,15284,NA,
8818,10172,15391,NA,
8819,10203,15419,NA,
8820,10203,15419,LA,
8821,10203,15419,EMEA,
8822,10203,15419,AP,
8823,10229,15443,NA,
8824,10229,15443,LA,
8825,10229,15443,AP,
8826,10249,15459,,
8827,10664,15788,,
8828,10682,15804,NA,
8829,10745,15859,,
8830,10871,15959,NA,
8831,10871,15959,LA,
8832,10871,15959,EMEA,
8833,10871,15959,AP,
8834,10879,15965,NA,
8835,10879,15965,LA,
8836,10879,15965,EMEA,
8837,10879,15965,AP,
8838,10889,15997,NA,
8839,10973,16320,LA,
8840,10989,16339,,
8841,11017,16377,,
8842,11252,17343,,
8843,11488,17725,NA,
8844,11664,17966,,
8845,11666,17968,,
8846,11725,18043,EMEA,
8847,11725,18043,AP,
8848,11879,18310,EMEA,
8849,12138,18586,NA,
8850,12139,18587,NA,
8851,12171,18616,NA,
8852,12171,18616,LA,
8853,12171,18616,EMEA,
8854,12171,18616,AP,
8855,12173,18618,NA,
8856,12179,18633,EMEA,
8857,12193,18647,NA,
8858,12207,18664,NA,
8859,12207,18664,LA,
8860,12207,18664,EMEA,
8861,12207,18664,AP,
8862,12217,18694,NA,
8863,12217,18694,LA,
8864,12217,18694,EMEA,
8865,12217,18694,AP,
8866,9741,15032,NA,
8867,9741,15032,LA,
8868,9741,15032,EMEA,
8869,9741,15032,AP,
8870,9801,15080,NA,
8871,9801,15080,LA,
8872,9801,15080,EMEA,
8873,9801,15080,AP,Dalian
8877,9801,15080,AP,Pulandian
8878,9810,15087,NA,
8879,10031,15280,NA,
8880,10253,15461,,
8881,10270,15475,NA,
8882,10270,15475,LA,
8883,10270,15475,EMEA,
8884,10270,15475,AP,
8885,10280,15484,,
8886,10349,15538,,
8887,10412,15588,NA,
8888,10412,15588,LA,
8889,10412,15588,EMEA,
8890,10412,15588,AP,
8891,10416,15591,NA,
8892,10416,15591,LA,
8893,10416,15591,EMEA,
8894,10416,15591,AP,
8895,10417,15592,NA,
8896,10417,15592,LA,
8897,10417,15592,EMEA,
8898,10417,15592,AP,
8899,10466,15629,NA,
8900,10466,15629,LA,
8901,10466,15629,EMEA,
8902,10466,15629,AP,
8903,10546,15691,NA,
8904,10546,15691,LA,
8905,10546,15691,EMEA,
8906,10546,15691,AP,
8907,10658,15783,,
8908,10667,15791,,
8909,10972,16316,AP,
8910,11183,17232,NA,
8911,11305,17415,NA,
8912,11305,17415,LA,
8913,11305,17415,EMEA,
8914,11305,17415,AP,
8915,11649,17951,AP,
8916,11729,18046,,
8917,11731,18048,,
8918,11918,18355,,
8919,12037,18479,NA,
8920,12037,18479,LA,
8921,12037,18479,EMEA,
8922,12037,18479,AP,
8923,12048,18491,,
8924,12053,18506,NA,
8925,12053,18506,LA,
8926,12053,18506,EMEA,
8927,12053,18506,AP,
8928,12058,18511,LA,
8929,12059,18512,NA,
8930,12059,18512,LA,
8931,12059,18512,EMEA,Debica
8932,12059,18512,AP,
8935,12059,18512,EMEA,Philippsburg
8939,12059,18512,EMEA,Amiens North
8943,12059,18512,EMEA,Luxembourg
8947,12059,18512,EMEA,Adapazari
8951,12059,18512,EMEA,Sava
8955,12059,18512,EMEA,Izmit
8959,12059,18512,EMEA,Fulda
8963,12059,18512,EMEA,Wolverhampton
8967,12059,18512,EMEA,Amiens South
8971,12059,18512,EMEA,Montlucon
8975,12059,18512,EMEA,Hanau
8979,12059,18512,EMEA,Wittlich
8983,12059,18512,EMEA,Fuerstenwalde
8987,12059,18512,EMEA,Riesa
8991,12059,18512,EMEA,Birmingham
8993,12075,18528,EMEA,
8994,12089,18539,NA,
8995,12089,18539,LA,
8996,12089,18539,EMEA,
8997,12089,18539,AP,
8998,12101,18546,NA,
8999,12101,18546,LA,
9000,12101,18546,EMEA,
9001,12101,18546,AP,
9002,12102,18547,NA,
9003,12102,18547,LA,
9004,12102,18547,EMEA,
9005,12102,18547,AP,
9006,12104,18549,NA,
9007,12107,18551,LA,
9008,12116,18559,NA,
9009,12116,18559,LA,
9010,12116,18559,EMEA,
9011,12116,18559,AP,
9012,12133,18581,NA,
9013,9428,14776,AP,
9014,9707,15004,NA,
9015,9707,15004,LA,
9016,9707,15004,EMEA,
9017,9707,15004,AP,
9018,10079,15320,AP,
9019,10138,15364,,
9020,10181,15399,NA,
9021,10181,15399,LA,
9022,10181,15399,EMEA,
9023,10181,15399,AP,
9024,10193,15410,NA,
9025,10261,15466,NA,
9026,10261,15466,LA,
9027,10261,15466,EMEA,
9028,10261,15466,AP,
9029,10319,15515,NA,
9030,10319,15515,LA,
9031,10319,15515,AP,
9032,10364,15548,LA,
9033,10457,15620,,
9034,10459,15623,NA,
9035,10459,15623,LA,
9036,10459,15623,EMEA,
9037,10459,15623,AP,
9038,10632,15765,,
9039,10789,15891,LA,
9040,11047,16409,NA,
9041,11047,16409,LA,
9042,11047,16409,AP,
9043,11137,16507,NA,
9044,11137,16507,LA,
9045,11137,16507,EMEA,
9046,11137,16507,AP,
9047,11266,17355,NA,
9048,11409,17548,NA,
9049,11414,17553,NA,
9050,11416,17555,NA,
9051,11423,17562,NA,
9052,11429,17568,NA,
9053,11429,17568,LA,
9054,11429,17568,EMEA,
9055,11429,17568,AP,
9056,11446,17604,NA,
9057,11614,17908,,
9058,11873,18305,,
9059,12215,18676,NA,Medicine Hat
9060,12215,18676,NA,Napanee
9061,12215,18676,NA,Valleyfield
9062,12288,18780,,
9063,12289,18781,,
9064,12293,18784,,
9065,12295,18785,,
9066,12296,18786,,
9067,12297,18787,,
9068,12299,18790,NA,
9069,12301,18793,NA,
9070,12301,18793,LA,
9071,12301,18793,EMEA,
9072,12301,18793,AP,
9073,12304,18795,,
9074,12305,18796,NA,
9075,12305,18796,LA,
9076,12305,18796,EMEA,
9077,12305,18796,AP,
9078,12309,18803,NA,
9079,12309,18803,LA,
9080,12309,18803,EMEA,
9081,12309,18803,AP,
9082,12313,18877,,
9083,9439,14786,,
9084,9490,14823,NA,
9085,9724,15021,NA,
9086,9724,15021,LA,
9087,9724,15021,EMEA,
9088,9724,15021,AP,
9089,9729,15024,,
9090,9740,15031,NA,
9091,9740,15031,LA,
9092,9740,15031,EMEA,
9093,9740,15031,AP,
9094,9768,15054,NA,
9095,9768,15054,LA,
9096,9768,15054,EMEA,
9097,9768,15054,AP,
9098,9881,15147,,
9099,10100,15333,EMEA,
9100,10100,15333,AP,
9101,10201,15417,NA,
9102,10201,15417,LA,
9103,10201,15417,EMEA,
9104,10201,15417,AP,
9105,10216,15432,NA,
9106,10216,15432,LA,
9107,10216,15432,EMEA,
9108,10216,15432,AP,
9109,10218,15434,NA,
9110,10248,15458,EMEA,
9111,10248,15458,AP,
9112,10293,15495,AP,
9113,10575,15714,NA,
9114,10575,15714,LA,
9115,10575,15714,EMEA,
9116,10575,15714,AP,
9117,10606,15742,NA,
9118,10835,15932,NA,
9119,10837,15934,NA,
9120,10838,15935,NA,
9121,10839,15936,NA,
9122,10840,15937,NA,
9123,10911,16246,,
9124,11388,17513,NA,
9125,11399,17522,NA,
9126,11466,17639,NA,
9127,11466,17639,LA,
9128,11466,17639,EMEA,
9129,11466,17639,AP,
9130,11493,17730,NA,
9131,11493,17730,LA,
9132,11493,17730,AP,
9133,11679,17981,NA,
9134,11701,18014,NA,
9135,11701,18014,LA,
9136,11701,18014,AP,
9137,11728,18045,,
9138,11891,18325,,
9139,11909,18347,,
9140,12128,18576,NA,
9141,12128,18576,LA,
9142,12128,18576,EMEA,
9143,12128,18576,AP,
9144,12131,18579,NA,
9145,12131,18579,LA,
9146,12131,18579,EMEA,
9147,12131,18579,AP,
9148,12151,18595,NA,
9149,12151,18595,LA,
9150,12151,18595,EMEA,
9151,12151,18595,AP,
9152,12153,18597,NA,
9153,12153,18597,LA,
9154,12153,18597,EMEA,Adapazari
9155,12153,18597,AP,
9158,12153,18597,EMEA,Izmit
9162,12153,18597,EMEA,
9163,12153,18597,AP,Nippon Giant
9164,9440,14787,,
9165,9649,14956,,
9166,10170,15388,NA,
9167,10211,15425,NA,
9168,10211,15425,LA,
9169,10211,15425,EMEA,
9170,10211,15425,AP,
9171,10388,15569,NA,
9172,10469,15631,EMEA,
9173,10531,15678,NA,
9174,10626,15761,,
9175,10958,16304,AP,
9176,11160,16527,,
9177,11231,17326,,
9178,11385,17511,,
9179,11569,17847,NA,
9180,11569,17847,LA,
9181,11569,17847,AP,
9182,11574,17852,NA,
9183,11597,17889,,
9184,11789,18171,NA,
9185,11789,18171,LA,
9186,11789,18171,EMEA,
9187,11789,18171,AP,
9188,11800,18182,NA,
9189,11859,18294,EMEA,
9190,11899,18339,,
9191,12030,18474,,
9192,12218,18695,NA,
9193,12218,18695,LA,
9194,12218,18695,EMEA,
9195,12218,18695,AP,
9196,12221,18698,NA,
9197,12221,18698,LA,
9198,12221,18698,EMEA,
9199,12221,18698,AP,
9200,12222,18699,NA,
9201,12222,18699,LA,
9202,12222,18699,EMEA,
9203,12222,18699,AP,
9204,12225,18704,AP,
9205,12227,18710,,
9206,12228,18711,,
9207,12241,18724,,
9208,12252,18735,NA,
9209,12253,18736,NA,
9210,12280,18771,,
9211,12281,18772,NA,
9212,12282,18773,NA,
9213,12283,18774,NA,
9214,12287,18779,,
9215,12315,18878,NA,
9216,12315,18878,LA,
9217,12315,18878,EMEA,
9218,12315,18878,AP,
9219,9446,14792,NA,
9220,9825,15097,NA,
9221,9825,15097,LA,
9222,9825,15097,EMEA,
9223,9825,15097,AP,
9224,10067,15310,,
9225,10102,15335,NA,
9226,10102,15335,LA,
9227,10102,15335,EMEA,
9228,10102,15335,AP,
9229,10268,15473,NA,
9230,10268,15473,LA,
9231,10268,15473,EMEA,
9232,10268,15473,AP,
9233,10281,15485,,
9234,10331,15524,,
9235,10375,15558,,
9236,10545,15690,NA,
9237,10545,15690,LA,
9238,10545,15690,EMEA,
9239,10545,15690,AP,
9240,10637,15768,NA,
9241,10637,15768,LA,
9242,10637,15768,EMEA,
9243,10637,15768,AP,
9244,10891,15998,AP,
9245,11211,17260,NA,
9246,11259,17348,NA,
9247,11262,17351,NA,
9248,11410,17549,NA,
9249,11427,17566,NA,
9250,11437,17584,NA,
9251,11437,17584,LA,
9252,11437,17584,EMEA,
9253,11437,17584,AP,Nippon Giant
9257,11437,17584,AP,Pulandian
9258,11609,17904,,
9259,11705,18018,,
9260,11871,18303,,
9261,12047,18490,,
9262,12135,18583,NA,
9263,12141,18588,,
9264,12145,18590,NA,
9265,12147,18591,NA,
9266,12147,18591,LA,
9267,12147,18591,EMEA,
9268,12147,18591,AP,
9269,12152,18596,NA,
9270,12152,18596,LA,
9271,12152,18596,EMEA,
9272,12152,18596,AP,
9273,12154,18598,NA,
9274,12154,18598,LA,
9275,12154,18598,EMEA,
9276,12154,18598,AP,
9277,12155,18599,NA,
9278,12155,18599,LA,
9279,12155,18599,EMEA,
9280,12155,18599,AP,
9281,12158,18603,,
9282,12159,18605,NA,
9283,12164,18610,NA,
9284,12167,18613,NA,
9285,12167,18613,LA,
9286,12167,18613,EMEA,
9287,12167,18613,AP,
9288,9409,14760,,
9289,9510,14836,,
9290,9672,14978,NA,
9291,9672,14978,LA,
9292,9672,14978,EMEA,
9293,9672,14978,AP,
9294,10059,15303,NA,
9295,10059,15303,LA,
9296,10059,15303,EMEA,
9297,10059,15303,AP,
9298,10060,15304,NA,
9299,10060,15304,LA,
9300,10060,15304,EMEA,
9301,10060,15304,AP,
9302,10513,15666,NA,
9303,10859,15951,LA,Americana
9304,10859,15951,LA,Sao Paulo
9305,10859,15951,LA,
9306,10859,15951,LA,Colombia
9307,10859,15951,LA,Peru
9308,10909,16244,,
9309,11071,16436,NA,
9310,11119,16490,NA,
9311,11185,17233,LA,
9312,11460,17620,NA,
9313,11469,17642,NA,
9314,11469,17642,LA,
9315,11469,17642,EMEA,
9316,11469,17642,AP,
9317,11580,17857,NA,
9318,11930,18365,NA,
9319,11930,18365,LA,
9320,11930,18365,EMEA,
9321,11930,18365,AP,
9322,12021,18463,,
9323,12042,18484,NA,
9324,12042,18484,LA,
9325,12042,18484,EMEA,
9326,12042,18484,AP,
9327,12129,18577,NA,
9328,12129,18577,LA,
9329,12129,18577,EMEA,
9330,12129,18577,AP,
9331,12130,18578,NA,
9332,12130,18578,LA,
9333,12130,18578,EMEA,
9334,12130,18578,AP,
9335,12177,18629,NA,
9336,12311,18811,,
9337,12319,18968,AP,
9338,12321,18972,NA,
9339,12321,18972,LA,
9340,12321,18972,EMEA,
9341,12321,18972,AP,
9342,12322,18974,NA,
9343,12322,18974,LA,
9344,12322,18974,EMEA,
9345,12322,18974,AP,
9346,12327,19022,,
9347,12329,19030,EMEA,
9348,12330,19031,,
9349,12331,19036,,
9350,12332,19037,,
9351,12337,19048,NA,Other
9352,12337,19048,LA,
9353,12337,19048,EMEA,
9354,12337,19048,AP,
9355,12339,19051,NA,
9356,12342,19053,NA,
9357,12346,19059,NA,
9358,12349,19062,NA,
9359,12349,19062,LA,
9360,12349,19062,EMEA,
9361,12349,19062,AP,
9362,12351,19064,NA,
9363,12351,19064,LA,
9364,12351,19064,EMEA,
9365,12351,19064,AP,
9366,12352,19065,NA,
9367,12352,19065,LA,
9368,12352,19065,EMEA,
9369,12352,19065,AP,
9370,12353,19066,NA,
9371,12353,19066,LA,
9372,12353,19066,EMEA,
9373,12353,19066,AP,
9374,12354,19067,,
9375,9563,14888,NA,
9376,9563,14888,LA,
9377,9563,14888,EMEA,
9378,9563,14888,AP,
9379,9652,14959,EMEA,Debica
9380,10050,15296,NA,
9381,10050,15296,LA,
9382,10050,15296,AP,
9383,10255,15462,NA,
9384,10255,15462,LA,
9385,10255,15462,EMEA,
9386,10255,15462,AP,
9387,10493,15652,,
9388,10499,15658,NA,
9389,10499,15658,LA,
9390,10499,15658,EMEA,
9391,10499,15658,AP,
9392,10533,15680,NA,
9393,10695,15815,,
9394,10740,15854,,
9395,10836,15933,NA,
9396,11048,16410,NA,
9397,11048,16410,LA,
9398,11048,16410,AP,
9399,11181,17231,,
9400,11268,17357,NA,
9401,11378,17485,NA,
9402,11378,17485,LA,
9403,11378,17485,EMEA,
9404,11378,17485,AP,
9405,11473,17646,NA,
9406,11473,17646,LA,
9407,11473,17646,EMEA,
9408,11473,17646,AP,
9409,11795,18177,NA,
9410,11865,18297,,
9411,12015,18459,NA,
9412,12015,18459,LA,
9413,12015,18459,EMEA,
9414,12015,18459,AP,
9415,12115,18558,NA,
9416,12115,18558,LA,
9417,12115,18558,EMEA,
9418,12115,18558,AP,
9419,12157,18602,,
9420,12172,18617,NA,
9421,12172,18617,LA,
9422,12172,18617,EMEA,
9423,12172,18617,AP,
9424,12181,18635,NA,
9425,12191,18643,NA,
9426,12201,18658,,
9427,12203,18659,NA,
9428,12204,18660,NA,
9429,12243,18726,NA,
9430,12254,18737,NA,
9431,12255,18738,NA,
9432,12257,18743,,
9433,12290,18782,,
9434,12291,18783,,
9435,12303,18794,NA,
9436,12303,18794,LA,
9437,12303,18794,EMEA,
9438,12303,18794,AP,
9439,12306,18797,AP,
9440,12307,18800,,
9441,12308,18802,,
9442,9433,14781,,
9443,9434,14782,,
9444,9463,14802,,
9445,9471,14809,NA,
9446,9471,14809,LA,
9447,9471,14809,EMEA,
9448,9471,14809,AP,
9449,9517,14843,,
9450,9557,14884,NA,
9451,9557,14884,LA,
9452,9557,14884,EMEA,
9453,9557,14884,AP,
9454,9569,14894,LA,
9455,9576,14899,NA,
9456,9576,14899,EMEA,
9457,9635,14945,NA,
9458,9635,14945,LA,
9459,9635,14945,EMEA,
9460,9635,14945,AP,
9461,9687,14990,NA,
9462,9831,15101,LA,
9463,9889,15154,NA,
9464,9981,15235,NA,
9465,9981,15235,LA,
9466,9981,15235,EMEA,
9467,9981,15235,AP,
9468,10043,15289,NA,
9469,10043,15289,LA,Americana
9470,10043,15289,EMEA,
9471,10043,15289,AP,
9472,10099,15332,NA,
9473,10099,15332,LA,
9474,10099,15332,EMEA,
9475,10099,15332,AP,
9476,10109,15342,NA,
9477,10260,15465,NA,
9478,10260,15465,LA,
9479,10260,15465,EMEA,
9480,10260,15465,AP,
9481,10354,15542,NA,
9482,10354,15542,LA,
9483,10354,15542,EMEA,
9484,10354,15542,AP,
9485,10377,15560,,
9486,10378,15561,,
9487,10485,15646,NA,
9488,10485,15646,LA,
9489,10485,15646,AP,
9490,10905,16242,,
9491,11013,16373,NA,
9492,11013,16373,LA,
9493,11013,16373,AP,
9494,11020,16380,,
9495,11208,17258,,
9496,12134,18582,NA,
9497,12210,18668,NA,
9498,12265,18752,NA,
9499,12265,18752,LA,
9500,12265,18752,EMEA,
9501,12265,18752,AP,
9502,12317,18883,NA,
9503,12323,18976,LA,
9504,12323,18976,EMEA,
9505,12323,18976,AP,
9506,12325,19021,NA,
9507,12325,19021,LA,
9508,12325,19021,EMEA,
9509,12325,19021,AP,
9510,12333,19040,NA,
9511,12335,19045,NA,
9512,12335,19045,LA,
9513,9431,14779,,
9514,9607,14923,NA,
9515,9622,14934,NA,
9516,9622,14934,LA,
9517,9622,14934,EMEA,
9518,9622,14934,AP,
9519,9656,14963,,
9520,9701,15000,,
9521,9703,15002,,
9522,9739,15030,NA,
9523,9778,15063,NA,
9524,9857,15126,NA,
9525,9863,15131,NA,
9526,9924,15185,,
9527,10048,15294,NA,
9528,10089,15327,NA,
9529,10089,15327,LA,
9530,10089,15327,EMEA,
9531,10089,15327,AP,
9532,10126,15354,EMEA,
9533,10139,15365,,
9534,10290,15493,NA,
9535,10334,15526,NA,
9536,10334,15526,LA,
9537,10334,15526,EMEA,
9538,10334,15526,AP,
9539,10594,15730,NA,
9540,10640,15770,,
9541,10875,15962,,
9542,10969,16314,NA,
9543,10969,16314,LA,
9544,10969,16314,EMEA,
9545,10969,16314,AP,
9546,10981,16333,NA,
9547,10981,16333,LA,
9548,10996,16345,NA,
9549,10996,16345,LA,
9550,10996,16345,EMEA,
9551,10996,16345,AP,
9552,11139,16508,NA,
9553,11139,16508,LA,
9554,11238,17331,,
9555,11310,17420,,
9556,11786,18168,NA,
9557,11786,18168,LA,
9558,11786,18168,EMEA,
9559,11786,18168,AP,
9560,12081,18532,NA,
9561,12175,18627,LA,
9562,12180,18634,NA,
9563,12182,18636,NA,
9564,12183,18637,NA,
9565,12187,18640,NA,
9566,12188,18641,NA,Medicine Hat
9567,12188,18641,NA,Napanee
9568,9420,14768,NA,
9569,9444,14790,NA,
9570,9537,14864,NA,
9571,9584,14907,NA,
9572,9641,14950,NA,
9573,9641,14950,LA,
9574,9641,14950,EMEA,
9575,9641,14950,AP,
9576,9773,15058,NA,
9577,9773,15058,LA,
9578,9773,15058,EMEA,
9579,9773,15058,AP,
9580,9774,15059,NA,
9581,9774,15059,LA,
9582,9774,15059,EMEA,
9583,9774,15059,AP,
9584,9919,15180,NA,
9585,10012,15262,NA,
9586,10012,15262,LA,
9587,10012,15262,EMEA,
9588,10012,15262,AP,
9589,10015,15265,NA,
9590,10015,15265,LA,
9591,10015,15265,EMEA,
9592,10015,15265,AP,
9593,10049,15295,NA,
9594,10049,15295,LA,
9595,10049,15295,EMEA,
9596,10049,15295,AP,
9597,10077,15319,NA,
9598,10174,15394,,
9599,10269,15474,NA,
9600,10269,15474,LA,
9601,10269,15474,EMEA,
9602,10269,15474,AP,
9603,10298,15499,,
9604,10338,15529,,
9605,10391,15571,,
9606,10396,15575,NA,
9607,10429,15602,NA,
9608,10465,15628,NA,
9609,10465,15628,LA,
9610,10465,15628,EMEA,
9611,10465,15628,AP,
9612,10567,15706,NA,
9613,10567,15706,LA,
9614,10567,15706,EMEA,
9615,10567,15706,AP,
9616,10663,15787,,
9617,10841,15938,,
9618,10849,15942,,
9619,10885,15994,EMEA,
9620,11002,16351,NA,
9621,11002,16351,LA,
9622,11002,16351,EMEA,
9623,11002,16351,AP,
9624,11065,16425,,
9625,11084,16454,NA,
9626,11087,16458,NA,
9627,11130,16501,NA,
9628,11174,17222,NA,
9629,11175,17223,NA,
9630,11263,17352,NA,
9631,11402,17525,NA,
9632,11403,17526,NA,
9633,11406,17529,NA,
9634,11434,17581,NA,
9635,11434,17581,LA,
9636,11434,17581,EMEA,
9637,11434,17581,AP,
9638,9394,14748,NA,
9639,9470,14808,,
9640,9483,14819,,
9641,9497,14828,NA,
9642,9497,14828,LA,
9643,9511,14837,,
9644,9625,14937,NA,
9645,9625,14937,LA,
9646,9639,14947,NA,
9647,9639,14947,LA,
9648,9639,14947,EMEA,
9649,9639,14947,AP,
9650,9718,15014,AP,
9651,9731,15026,NA,
9652,9731,15026,LA,
9653,9951,15209,NA,ICM*A
9654,9953,15211,,
9655,10005,15255,NA,
9656,10005,15255,LA,
9657,10005,15255,EMEA,
9658,10005,15255,AP,
9659,10007,15257,NA,
9660,10007,15257,LA,
9661,10007,15257,EMEA,
9662,10007,15257,AP,
9663,10008,15258,NA,
9664,10008,15258,LA,
9665,10008,15258,EMEA,
9666,10008,15258,AP,
9667,10009,15259,NA,
9668,10009,15259,LA,
9669,10009,15259,EMEA,
9670,10009,15259,AP,
9671,10010,15260,NA,
9672,10010,15260,LA,
9673,10010,15260,EMEA,
9674,10010,15260,AP,
9675,10018,15268,NA,
9676,10018,15268,LA,
9677,10018,15268,EMEA,
9678,10018,15268,AP,
9679,10030,15279,NA,
9680,10054,15299,NA,
9681,10055,15300,NA,
9682,10345,15534,NA,
9683,10345,15534,LA,
9684,10345,15534,AP,
9685,10400,15578,,
9686,10568,15707,NA,
9687,10568,15707,LA,
9688,10568,15707,EMEA,
9689,10568,15707,AP,
9690,10581,15719,NA,
9691,10581,15719,LA,
9692,10581,15719,EMEA,
9693,10581,15719,AP,
9694,10671,15795,,
9695,10816,15918,NA,
9696,10816,15918,LA,
9697,10816,15918,EMEA,
9698,10816,15918,AP,
9699,11027,16387,NA,
9700,11072,16437,NA,
9701,11243,17334,,
9702,11323,17433,NA,
9703,11333,17443,NA,
9704,11333,17443,LA,
9705,11333,17443,EMEA,
9706,11333,17443,AP,
9707,11372,17479,NA,
9708,11372,17479,LA,
9709,11372,17479,EMEA,
9710,11372,17479,AP,
9711,11380,17505,NA,
9712,11380,17505,LA,
9713,11380,17505,EMEA,
9714,11380,17505,AP,
9715,11441,17599,NA,
9716,11615,17909,,
9717,9491,14824,NA,
9718,9491,14824,LA,
9719,9491,14824,EMEA,
9720,9491,14824,AP,
9721,9549,14875,,
9722,9631,14943,EMEA,
9723,9662,14969,,
9724,9767,15053,NA,
9725,9767,15053,LA,
9726,9767,15053,EMEA,
9727,9767,15053,AP,
9728,9892,15157,NA,
9729,9983,15237,NA,
9730,9983,15237,LA,
9731,9983,15237,EMEA,
9732,9983,15237,AP,
9733,9984,15238,NA,
9734,9984,15238,LA,
9735,9984,15238,EMEA,
9736,9984,15238,AP,
9737,9985,15239,NA,
9738,9985,15239,LA,
9739,9985,15239,EMEA,
9740,9985,15239,AP,
9741,10053,15298,NA,
9742,10242,15452,NA,
9743,10242,15452,LA,
9744,10242,15452,AP,
9745,10479,15640,NA,
9746,10479,15640,LA,
9747,10479,15640,EMEA,
9748,10479,15640,AP,
9749,10495,15653,,
9750,10599,15735,NA,
9751,10624,15759,,
9752,10739,15853,,
9753,10757,15866,,
9754,10951,16297,NA,
9755,11112,16484,,
9756,11172,17220,NA,
9757,11190,17240,,
9758,11193,17243,,
9759,11221,17317,NA,
9760,11341,17451,NA,
9761,11341,17451,LA,
9762,11341,17451,AP,
9763,11395,17518,LA,
9764,11457,17614,NA,
9765,11720,18038,,
9766,11767,18115,NA,
9767,11767,18115,LA,
9768,11767,18115,EMEA,
9769,11767,18115,AP,
9770,11780,18164,NA,
9771,11887,18321,NA,
9772,11982,18430,NA,
9773,12117,18564,,
9774,12343,19054,NA,
9775,12345,19058,NA,
9776,12347,19061,NA,
9777,12347,19061,LA,
9778,12347,19061,EMEA,
9779,12347,19061,AP,
9780,12350,19063,NA,
9781,12350,19063,LA,
9782,12350,19063,EMEA,
9783,12350,19063,AP,
9784,9430,14778,,
9785,9451,14795,NA,
9786,9451,14795,LA,
9787,9451,14795,EMEA,
9788,9451,14795,AP,
9789,9515,14841,,
9790,9526,14849,NA,
9791,9527,14850,NA,
9792,9564,14889,NA,
9793,9564,14889,LA,
9794,9564,14889,EMEA,
9795,9564,14889,AP,
9796,9565,14890,NA,
9797,9565,14890,LA,
9798,9565,14890,EMEA,
9799,9565,14890,AP,
9800,9608,14924,NA,
9801,9624,14936,NA,
9802,9624,14936,LA,
9803,9712,15009,NA,
9804,9855,15125,AP,Thailand
9805,10107,15340,NA,
9806,10107,15340,LA,
9807,10107,15340,EMEA,
9808,10107,15340,AP,
9809,10149,15371,AP,Pulandian
9810,10190,15407,NA,
9811,10215,15431,NA,
9812,10370,15555,NA,
9813,10385,15566,NA,
9814,10385,15566,LA,
9815,10385,15566,EMEA,
9816,10385,15566,AP,
9817,10515,15667,NA,
9818,10536,15682,NA,
9819,10538,15684,,
9820,10608,15744,NA,
9821,10611,15746,,
9822,10819,15920,,
9823,10907,16243,NA,
9824,10907,16243,LA,
9825,10907,16243,EMEA,
9826,10907,16243,AP,
9827,10912,16247,,
9828,11098,16466,NA,
9829,11098,16466,LA,
9830,11098,16466,AP,
9831,11120,16491,NA,
9832,11200,17250,,
9833,11204,17254,,
9834,11350,17460,NA,
9835,11377,17484,AP,
9836,11547,17803,,
9837,11942,18385,,
9838,11977,18424,NA,
9839,11977,18424,LA,
9840,11977,18424,EMEA,
9841,11977,18424,AP,
9842,12084,18535,NA,
9843,9395,14749,NA,
9844,9396,14750,NA,
9845,9397,14751,NA,
9846,9407,14759,NA,
9847,9407,14759,LA,
9848,9407,14759,EMEA,
9849,9407,14759,AP,
9850,9480,14816,NA,
9851,9567,14892,NA,
9852,9567,14892,LA,
9853,9567,14892,EMEA,
9854,9567,14892,AP,
9855,9578,14901,NA,
9856,9579,14902,NA,
9857,9587,14909,NA,
9858,9587,14909,LA,
9859,9587,14909,EMEA,
9860,9587,14909,AP,
9861,9628,14940,NA,
9862,9628,14940,LA,
9863,9657,14964,,
9864,9715,15012,NA,
9865,9715,15012,LA,
9866,9715,15012,EMEA,
9867,9715,15012,AP,
9868,9749,15040,NA,
9869,9749,15040,LA,
9870,9859,15127,LA,Venezuela
9871,9903,15165,NA,
9872,9903,15165,LA,
9873,9903,15165,EMEA,
9874,9903,15165,AP,
9875,9926,15187,,
9876,10095,15330,EMEA,
9877,10123,15352,EMEA,
9878,10171,15390,NA,
9879,10335,15527,NA,
9880,10335,15527,LA,
9881,10335,15527,EMEA,
9882,10335,15527,AP,
9883,10348,15537,LA,
9884,10352,15540,NA,
9885,10445,15611,NA,
9886,10445,15611,EMEA,
9887,10587,15724,NA,
9888,10935,16267,NA,
9889,10959,16305,,
9890,11039,16397,NA,
9891,11039,16397,LA,
9892,11039,16397,AP,
9893,11122,16493,,
9894,11219,17315,,
9895,11285,17384,NA,
9896,11285,17384,LA,
9897,11365,17474,NA,
9898,11365,17474,LA,
9899,11365,17474,EMEA,
9900,11365,17474,AP,
9901,11371,17478,NA,
9902,11371,17478,LA,
9903,11371,17478,EMEA,
9904,11371,17478,AP,
9905,11520,17755,,
9906,11543,17791,,
9907,11583,17863,NA,
9908,9609,14925,NA,
9909,9609,14925,LA,
9910,9609,14925,EMEA,
9911,9609,14925,AP,
9912,9670,14976,NA,
9913,9693,14994,NA,
9914,9753,15044,NA,
9915,9753,15044,LA,
9916,9754,15045,NA,
9917,9754,15045,LA,
9918,9836,15109,NA,
9919,9865,15132,NA,
9920,9904,15166,,
9921,9991,15244,,
9922,10074,15316,NA,Chem Beaumont
9923,10083,15323,NA,
9924,10083,15323,LA,
9925,10083,15323,EMEA,
9926,10083,15323,AP,
9927,10161,15381,,
9928,10313,15510,,
9929,10518,15669,NA,
9930,10669,15793,,
9931,10763,15870,,
9932,11011,16358,,
9933,11045,16408,NA,
9934,11067,16429,NA,
9935,11067,16429,LA,
9936,11067,16429,EMEA,
9937,11067,16429,AP,
9938,11088,16459,NA,
9939,11096,16464,NA,
9940,11328,17438,NA,
9941,11328,17438,LA,
9942,11328,17438,EMEA,
9943,11328,17438,AP,
9944,11329,17439,,
9945,11342,17452,NA,
9946,11353,17463,NA,
9947,11366,17475,NA,
9948,11366,17475,LA,
9949,11366,17475,EMEA,
9950,11366,17475,AP,
9951,11373,17480,NA,
9952,11400,17523,NA,
9953,11418,17557,NA,
9954,11515,17750,EMEA,
9955,11517,17752,EMEA,
9956,11639,17939,,
9957,11713,18031,NA,
9958,11713,18031,LA,
9959,11713,18031,EMEA,
9960,11713,18031,AP,
9961,11719,18037,,
9962,11747,18088,,
9963,9391,14746,NA,
9964,9398,14752,NA,
9965,9538,14866,NA,
9966,9577,14900,NA,
9967,9589,14911,,
9968,9619,14931,NA,
9969,9619,14931,LA,
9970,9619,14931,EMEA,
9971,9619,14931,AP,
9972,9630,14942,NA,
9973,9630,14942,LA,
9974,9737,15029,AP,
9975,9765,15052,LA,
9976,9765,15052,AP,
9977,10143,15368,NA,
9978,10157,15377,,
9979,10277,15481,AP,
9980,10284,15488,NA,
9981,10284,15488,LA,
9982,10284,15488,EMEA,
9983,10284,15488,AP,
9984,10397,15576,NA,
9985,10397,15576,LA,
9986,10397,15576,EMEA,
9987,10397,15576,AP,
9988,10399,15577,NA,Chem Niagara Falls
9989,10596,15732,NA,
9990,10596,15732,LA,
9991,10596,15732,EMEA,
9992,10596,15732,AP,
9993,10609,15745,,
9994,10665,15789,,
9995,10724,15839,,
9996,10744,15858,,
9997,10794,15894,,
9998,11253,17344,EMEA,
9999,11279,17370,NA,
10000,11279,17370,LA,
10001,11279,17370,EMEA,
10002,11279,17370,AP,
10003,11288,17389,NA,
10004,11288,17389,LA,
10005,11288,17389,EMEA,
10006,11288,17389,AP,
10007,11392,17516,LA,
10008,11417,17556,NA,
10009,11455,17612,NA,
10010,11458,17615,NA,
10011,11553,17812,NA,
10012,11553,17812,LA,
10013,11553,17812,EMEA,
10014,11553,17812,AP,
10015,11621,17913,AP,
10016,11623,17917,NA,
10017,11636,17936,,
10018,11638,17938,,
10019,11676,17978,,
10020,11708,18021,,
10021,11745,18062,,
10022,11756,18104,,
10023,11757,18105,,
10024,9449,14794,,
10025,9611,14927,,
10026,9617,14930,NA,
10027,9617,14930,LA,
10028,9617,14930,EMEA,
10029,9617,14930,AP,
10030,9794,15076,NA,
10031,9794,15076,LA,
10032,9794,15076,EMEA,
10033,9794,15076,AP,
10034,9839,15111,NA,
10035,9922,15183,NA,
10036,9945,15205,,
10037,10076,15318,NA,
10038,10101,15334,NA,
10039,10101,15334,LA,
10040,10101,15334,EMEA,
10041,10101,15334,AP,
10042,10173,15393,,
10043,11026,16386,NA,
10044,11311,17421,NA,
10045,11311,17421,LA,
10046,11311,17421,EMEA,
10047,11311,17421,AP,
10048,11364,17473,NA,
10049,11364,17473,LA,
10050,11364,17473,EMEA,
10051,11364,17473,AP,
10052,11422,17561,NA,
10053,11436,17583,NA,
10054,11436,17583,LA,
10055,11436,17583,EMEA,
10056,11436,17583,AP,Nippon Giant
10060,11436,17583,AP,Pulandian
10061,11483,17721,,
10062,11775,18159,NA,
10063,11907,18346,,
10064,11949,18392,,
10065,11951,18394,NA,
10066,11951,18394,LA,
10067,11951,18394,EMEA,
10068,11951,18394,AP,
10069,12041,18483,NA,
10070,12041,18483,LA,
10071,12041,18483,EMEA,
10072,12041,18483,AP,
10073,12051,18504,,
10074,12086,18537,,
10075,12120,18569,NA,
10076,12121,18570,,
10077,12174,18619,NA,
10078,12186,18639,NA,
10079,12205,18662,NA,
10080,12205,18662,LA,
10081,12205,18662,EMEA,
10082,12205,18662,AP,
10083,12209,18667,NA,
10084,12219,18696,NA,
10085,12219,18696,LA,
10086,12219,18696,EMEA,
10087,12219,18696,AP,
10088,12220,18697,NA,
10089,12220,18697,LA,
10090,12220,18697,EMEA,
10091,12220,18697,AP,
10092,12229,18712,,
10093,12245,18729,NA,
10094,12245,18729,LA,
10095,12245,18729,EMEA,
10096,12245,18729,AP,
10097,12247,18730,,
10098,9399,14753,NA,
10099,9412,14762,NA,
10100,9412,14762,LA,
10101,9412,14762,EMEA,
10102,9412,14762,AP,
10103,9465,14803,NA,
10104,9485,14820,NA,
10105,9485,14820,LA,
10106,9485,14820,EMEA,
10107,9485,14820,AP,
10108,9509,14835,,
10109,9531,14854,NA,
10110,9620,14932,NA,
10111,9620,14932,LA,
10112,9620,14932,EMEA,
10113,9620,14932,AP,
10114,9633,14944,EMEA,
10115,9713,15010,NA,
10116,9714,15011,NA,
10117,9847,15119,NA,
10118,9848,15120,NA,
10119,10034,15283,NA,
10120,10219,15435,NA,
10121,10537,15683,NA,
10122,10602,15738,NA,
10123,10612,15747,,
10124,10785,15888,NA,
10125,10830,15928,NA,
10126,10830,15928,LA,
10127,10830,15928,EMEA,
10128,10830,15928,AP,
10129,10886,15995,NA,
10130,10886,15995,LA,
10131,10886,15995,AP,
10132,11036,16394,,
10133,11233,17327,,
10134,11298,17397,NA,
10135,11298,17397,LA,
10136,11298,17397,AP,
10137,11319,17429,EMEA,
10138,11324,17434,NA,
10139,11332,17442,NA,
10140,11332,17442,LA,
10141,11332,17442,EMEA,
10142,11332,17442,AP,
10143,11361,17469,,
10144,11465,17638,NA,
10145,11465,17638,LA,
10146,11465,17638,EMEA,
10147,11465,17638,AP,
10148,11584,17864,NA,
10149,11595,17887,,
10150,11634,17934,,
10151,11637,17937,,
10152,11675,17977,,
10153,11692,17994,EMEA,
10154,11710,18023,,
10155,11748,18089,,
10156,11781,18165,NA,
10157,9389,14743,NA,
10158,9429,14777,,
10159,9453,14796,NA,
10160,9453,14796,LA,
10161,9453,14796,EMEA,
10162,9453,14796,AP,
10163,9603,14920,NA,
10164,9623,14935,NA,
10165,9623,14935,LA,
10166,9623,14935,EMEA,
10167,9623,14935,AP,
10168,9698,14998,NA,
10169,9698,14998,LA,
10170,9698,14998,EMEA,
10171,9698,14998,AP,
10172,9757,15047,NA,
10173,9757,15047,LA,
10174,9757,15047,EMEA,
10175,9757,15047,AP,
10176,9824,15096,,
10177,9845,15117,NA,
10178,9885,15150,,
10179,9914,15174,NA,
10180,10082,15322,NA,
10181,10082,15322,LA,
10182,10082,15322,EMEA,
10183,10082,15322,AP,
10184,10291,15494,,
10185,10343,15532,AP,
10186,10344,15533,AP,
10187,10455,15619,NA,
10188,10455,15619,LA,
10189,10455,15619,EMEA,
10190,10455,15619,AP,
10191,10482,15643,,
10192,10577,15716,NA,
10193,10577,15716,LA,
10194,10577,15716,EMEA,Adapazari
10195,10577,15716,AP,
10198,10577,15716,EMEA,Izmit
10200,10597,15733,NA,
10201,10597,15733,LA,
10202,10597,15733,EMEA,
10203,10617,15752,,
10204,10854,15947,NA,
10205,10929,16261,NA,
10206,10931,16262,NA,
10207,10931,16262,LA,
10208,10931,16262,EMEA,
10209,10931,16262,AP,
10210,11000,16349,NA,Medicine Hat
10211,11000,16349,LA,
10212,11000,16349,EMEA,
10213,11000,16349,AP,
10214,11000,16349,NA,Napanee
10218,11000,16349,NA,Valleyfield
10222,11000,16349,NA,
10225,11000,16349,AP,Pulandian
10226,11167,17215,,
10227,11191,17241,,
10228,11209,17259,,
10229,11217,17265,NA,
10230,11217,17265,LA,
10231,11217,17265,EMEA,
10232,11217,17265,AP,
10233,11287,17388,,
10234,11292,17392,NA,
10235,11292,17392,LA,
10236,11292,17392,EMEA,
10237,11292,17392,AP,
10238,11300,17400,LA,
10239,11300,17400,EMEA,
10240,11357,17465,,
10241,11358,17466,NA,
10242,11358,17466,LA,
10243,11358,17466,AP,
10244,11401,17524,NA,
10245,11438,17585,NA,
10246,11438,17585,LA,
10247,11438,17585,EMEA,
10248,11438,17585,AP,Nippon Giant
10252,11438,17585,AP,Pulandian
10253,9419,14767,NA,
10254,9419,14767,LA,
10255,9419,14767,EMEA,
10256,9419,14767,AP,
10257,9596,14916,,
10258,9708,15005,NA,
10259,9708,15005,LA,
10260,9708,15005,EMEA,
10261,9708,15005,AP,
10262,9709,15006,NA,
10263,9709,15006,LA,
10264,9709,15006,EMEA,
10265,9709,15006,AP,
10266,9809,15086,NA,
10267,10073,15315,NA,Chem Bayport
10268,10113,15344,NA,
10269,10167,15386,NA,
10270,10167,15386,LA,
10271,10167,15386,AP,
10272,10373,15557,,
10273,10615,15750,,
10274,10673,15797,,
10275,11015,16376,,
10276,11057,16417,,
10277,11111,16483,NA,
10278,11111,16483,LA,
10279,11111,16483,EMEA,
10280,11111,16483,AP,
10281,11115,16487,,
10282,11140,16509,NA,
10283,11140,16509,LA,
10284,11165,17213,NA,
10285,11165,17213,LA,
10286,11165,17213,EMEA,
10287,11165,17213,AP,
10288,11177,17225,NA,
10289,11189,17239,EMEA,
10290,11255,17345,NA,
10291,11255,17345,LA,
10292,11255,17345,EMEA,
10293,11255,17345,AP,
10294,11317,17427,EMEA,
10295,11347,17457,NA,
10296,11405,17528,NA,
10297,11478,17717,NA,
10298,11478,17717,LA,
10299,11478,17717,EMEA,
10300,11478,17717,AP,
10301,11492,17729,NA,
10302,11494,17731,NA,
10303,11494,17731,LA,
10304,11494,17731,AP,
10305,11501,17739,,
10306,11505,17743,,
10307,11531,17784,NA,
10308,11531,17784,LA,
10309,11531,17784,EMEA,
10310,11531,17784,AP,
10311,9455,14797,,
10312,9478,14814,NA,
10313,9478,14814,LA,
10314,9478,14814,EMEA,
10315,9478,14814,AP,
10316,9659,14966,EMEA,Debica
10317,9784,15068,NA,
10318,9807,15084,NA,
10319,9909,15170,NA,
10320,9909,15170,LA,
10321,9931,15191,,
10322,10072,15314,,
10323,10179,15397,NA,
10324,10179,15397,LA,
10325,10179,15397,EMEA,
10326,10179,15397,AP,
10327,10180,15398,NA,
10328,10180,15398,LA,
10329,10180,15398,EMEA,
10330,10180,15398,AP,
10331,10295,15496,,
10332,10305,15505,,
10333,10316,15512,NA,
10334,10316,15512,LA,
10335,10316,15512,EMEA,
10336,10316,15512,AP,
10337,10384,15565,NA,
10338,10384,15565,LA,
10339,10384,15565,EMEA,
10340,10384,15565,AP,
10341,10411,15587,NA,
10342,10411,15587,LA,
10343,10411,15587,EMEA,
10344,10411,15587,AP,
10345,10716,15832,,
10346,10774,15879,NA,
10347,10774,15879,LA,
10348,10774,15879,EMEA,
10349,10774,15879,AP,
10350,11241,17333,NA,
10351,11241,17333,LA,
10352,11241,17333,EMEA,
10353,11241,17333,AP,
10354,11281,17371,EMEA,
10355,11485,17722,NA,
10356,11582,17862,NA,Medicine Hat
10357,11582,17862,LA,
10358,11582,17862,AP,
10359,11582,17862,NA,Napanee
10362,11582,17862,NA,Valleyfield
10365,11582,17862,NA,
10367,11582,17862,AP,Nippon Giant
10368,11582,17862,NA,Other
10371,11591,17871,,
10372,11704,18017,,
10373,11837,18258,NA,
10374,11837,18258,LA,
10375,11837,18258,EMEA,
10376,11837,18258,AP,
10377,11890,18324,NA,
10378,11921,18357,NA,
10379,11921,18357,LA,
10380,11921,18357,EMEA,
10381,11921,18357,AP,
10382,11925,18360,NA,
10383,11925,18360,LA,
10384,11925,18360,EMEA,
10385,11925,18360,AP,
10386,12019,18461,,
10387,12248,18731,,
10388,12250,18733,NA,
10389,12251,18734,NA,
10390,12258,18744,,
10391,12261,18748,,
10392,12262,18749,,
10393,12263,18750,,
10394,12271,18762,,
10395,12272,18763,,
10396,12273,18764,,
10397,12275,18766,,
10398,9507,14833,,
10399,9590,14912,EMEA,
10400,9604,14921,NA,
10401,9604,14921,LA,
10402,9604,14921,EMEA,
10403,9604,14921,AP,
10404,9811,15088,NA,
10405,9811,15088,LA,
10406,9811,15088,EMEA,
10407,9811,15088,AP,
10408,9949,15208,NA,
10409,9972,15224,NA,
10410,9980,15234,NA,
10411,9980,15234,LA,
10412,9980,15234,EMEA,
10413,9980,15234,AP,
10414,9982,15236,NA,
10415,9982,15236,LA,
10416,9982,15236,EMEA,
10417,9982,15236,AP,
10418,9994,15247,,
10419,10022,15272,NA,
10420,10022,15272,LA,
10421,10022,15272,EMEA,
10422,10022,15272,AP,
10423,10023,15273,NA,
10424,10024,15274,NA,
10425,10024,15274,LA,
10426,10024,15274,EMEA,
10427,10024,15274,AP,
10428,10507,15662,NA,
10429,10507,15662,LA,
10430,10507,15662,EMEA,
10431,10507,15662,AP,
10432,10517,15668,NA,
10433,10519,15670,AP,
10434,10543,15688,NA,
10435,10543,15688,LA,
10436,10543,15688,EMEA,
10437,10543,15688,AP,
10438,10551,15695,NA,
10439,10551,15695,LA,
10440,10551,15695,EMEA,
10441,10551,15695,AP,
10442,10554,15697,NA,
10443,10595,15731,,
10444,10600,15736,NA,
10445,10601,15737,NA,
10446,10603,15739,NA,
10447,10614,15749,,
10448,10675,15799,,
10449,10751,15862,,
10450,10874,15961,NA,
10451,10978,16331,,
10452,10991,16341,,
10453,11091,16461,,
10454,11133,16504,,
10455,11161,17208,NA,
10456,11161,17208,LA,
10457,11161,17208,EMEA,
10458,11161,17208,AP,
10459,11202,17252,,
10460,11225,17320,NA,
10461,11225,17320,LA,
10462,11225,17320,EMEA,
10463,11225,17320,AP,
10464,11326,17436,NA,
10465,11398,17521,NA,
10466,11440,17587,NA,
10467,11440,17587,LA,
10468,11440,17587,EMEA,
10469,11440,17587,AP,
10470,11456,17613,NA,
10471,11657,17959,,
10472,9501,14830,NA,
10473,9535,14857,NA,
10474,9536,14859,NA,
10475,9593,14914,NA,
10476,9599,14918,NA,
10477,9661,14968,,
10478,9727,15023,,
10479,9861,15129,NA,
10480,9861,15129,LA,
10481,9861,15129,EMEA,
10482,9861,15129,AP,
10483,9874,15140,,
10484,9937,15196,NA,
10485,9937,15196,LA,
10486,9937,15196,EMEA,
10487,9937,15196,AP,
10488,10003,15253,NA,
10489,10003,15253,LA,
10490,10003,15253,EMEA,
10491,10003,15253,AP,
10492,10016,15266,NA,
10493,10016,15266,LA,
10494,10016,15266,EMEA,
10495,10016,15266,AP,
10496,10017,15267,NA,
10497,10017,15267,LA,
10498,10017,15267,EMEA,
10499,10017,15267,AP,
10500,10020,15270,NA,
10501,10020,15270,LA,
10502,10020,15270,EMEA,
10503,10020,15270,AP,
10504,10021,15271,NA,
10505,10021,15271,LA,
10506,10021,15271,EMEA,
10507,10021,15271,AP,
10508,10025,15275,NA,
10509,10025,15275,LA,
10510,10025,15275,EMEA,
10511,10025,15275,AP,
10512,10065,15307,NA,
10513,10065,15307,LA,
10514,10065,15307,AP,
10515,10165,15384,,
10516,10186,15403,NA,
10517,10187,15404,NA,
10518,10188,15405,NA,
10519,10202,15418,NA,
10520,10202,15418,LA,
10521,10202,15418,EMEA,
10522,10202,15418,AP,
10523,10217,15433,NA,
10524,10346,15535,,
10525,10449,15614,NA,
10526,10449,15614,LA,
10527,10449,15614,AP,
10528,10631,15764,,
10529,10873,15960,NA,
10530,10952,16298,NA,
10531,10953,16299,NA,
10532,11005,16354,NA,
10533,11050,16412,NA,
10534,11050,16412,LA,
10535,11050,16412,EMEA,
10536,11050,16412,AP,
10537,11085,16456,NA,
10538,11215,17264,NA,
10539,11215,17264,LA,
10540,11215,17264,EMEA,
10541,11215,17264,AP,
10542,11412,17551,NA,
10543,11431,17576,NA,
10544,11431,17576,LA,
10545,11431,17576,EMEA,
10546,11431,17576,AP,
10547,11439,17586,NA,
10548,11439,17586,LA,
10549,11439,17586,EMEA,
10550,11439,17586,AP,Nippon Giant
10554,11439,17586,AP,Pulandian
10555,11464,17637,NA,
10556,11464,17637,LA,
10557,11464,17637,EMEA,
10558,11464,17637,AP,
10559,11555,17813,NA,
10560,11555,17813,LA,
10561,11555,17813,EMEA,
10562,11555,17813,AP,
10563,11562,17822,AP,
10564,9472,14810,NA,
10565,9472,14810,LA,
10566,9472,14810,EMEA,
10567,9472,14810,AP,
10568,9489,14822,NA,
10569,9508,14834,,
10570,9518,14844,,
10571,9637,14946,AP,
10572,9663,14970,,
10573,9684,14987,NA,
10574,9717,15013,AP,
10575,9743,15033,NA,
10576,9789,15071,NA,Chem Houston
10577,9869,15135,NA,
10578,9876,15142,,
10579,9995,15248,,
10580,10002,15252,NA,
10581,10002,15252,LA,
10582,10002,15252,EMEA,
10583,10002,15252,AP,
10584,10029,15278,NA,
10585,10047,15293,NA,
10586,10279,15483,NA,
10587,10279,15483,LA,
10588,10279,15483,EMEA,
10589,10279,15483,AP,
10590,10323,15518,EMEA,
10591,10437,15607,AP,
10592,10462,15625,NA,
10593,10462,15625,LA,
10594,10462,15625,AP,
10595,10464,15627,NA,
10596,10464,15627,LA,
10597,10464,15627,EMEA,
10598,10464,15627,AP,
10599,10619,15754,,
10600,10689,15810,NA,
10601,10689,15810,LA,
10602,10689,15810,EMEA,
10603,10689,15810,AP,
10604,10729,15844,,
10605,10823,15923,,
10606,10824,15924,,
10607,10963,16308,NA,
10608,10990,16340,,
10609,11006,16355,,
10610,11023,16382,NA,
10611,11034,16392,NA,
10612,11034,16392,LA,
10613,11034,16392,AP,
10614,11343,17453,NA,
10615,11344,17454,NA,
10616,11476,17715,NA,
10617,11476,17715,LA,
10618,11476,17715,EMEA,
10619,11476,17715,AP,
10620,9473,14811,NA,
10621,9473,14811,LA,
10622,9473,14811,EMEA,
10623,9473,14811,AP,
10624,9495,14827,NA,
10625,9640,14948,,
10626,9645,14953,LA,
10627,9725,15022,NA,
10628,9725,15022,LA,
10629,9725,15022,EMEA,
10630,9725,15022,AP,
10631,9787,15070,NA,
10632,9829,15100,EMEA,
10633,9834,15105,NA,
10634,9835,15108,NA,
10635,9883,15149,EMEA,
10636,10032,15281,NA,
10637,10037,15285,,
10638,10192,15409,,
10639,10197,15412,NA,
10640,10197,15412,LA,
10641,10197,15412,EMEA,
10642,10197,15412,AP,
10643,10207,15423,NA,
10644,10213,15426,NA,
10645,10213,15426,LA,
10646,10213,15426,EMEA,
10647,10213,15426,AP,
10648,10371,15556,NA,
10649,10386,15567,NA,
10650,10402,15580,,
10651,10725,15840,,
10652,10731,15845,,
10653,10734,15848,,
10654,10735,15849,,
10655,10833,15931,NA,
10656,10833,15931,LA,
10657,10833,15931,EMEA,
10658,10833,15931,AP,
10659,10843,15939,,
10660,10865,15954,AP,
10661,10881,15966,,
10662,11315,17425,NA,
10663,11315,17425,LA,
10664,11315,17425,EMEA,
10665,11315,17425,AP,
10666,11321,17431,NA,
10667,11407,17531,NA,
10668,11407,17531,LA,
10669,11407,17531,EMEA,
10670,11407,17531,AP,
10671,11449,17607,NA,
10672,11479,17718,NA,
10673,11479,17718,LA,
10674,11479,17718,EMEA,
10675,11479,17718,AP,
10676,11490,17727,NA,
10677,11601,17891,,
10678,11603,17895,,
10679,11646,17945,NA,
10680,11776,18160,NA,
10681,11816,18235,,
10682,9423,14771,EMEA,
10683,9457,14798,NA,
10684,9457,14798,LA,
10685,9457,14798,EMEA,
10686,9457,14798,AP,
10687,9503,14831,,
10688,9555,14882,NA,
10689,9940,15200,NA,
10690,9940,15200,LA,
10691,9940,15200,EMEA,
10692,9940,15200,AP,
10693,9942,15202,NA,
10694,9997,15249,LA,Venezuela
10695,10544,15689,,
10696,10555,15698,NA,
10697,10559,15700,NA,
10698,10656,15781,,
10699,10733,15847,,
10700,10764,15871,NA,
10701,10853,15946,NA,
10702,11004,16353,NA,
10703,11004,16353,LA,
10704,11004,16353,AP,
10705,11079,16443,,
10706,11123,16494,NA,
10707,11126,16497,NA,
10708,11159,16526,NA,
10709,11159,16526,LA,
10710,11159,16526,EMEA,
10711,11159,16526,AP,
10712,11205,17255,,
10713,11249,17340,,
10714,11278,17369,AP,
10715,11313,17423,,
10716,11461,17622,NA,
10717,11611,17905,,
10718,11681,17983,,
10719,11723,18041,,
10720,11783,18166,NA,
10721,11799,18181,NA,
10722,11820,18239,,
10723,11914,18352,,
10724,11923,18358,NA,
10725,11923,18358,LA,
10726,11923,18358,EMEA,
10727,11923,18358,AP,
10728,11957,18400,NA,
10729,11957,18400,LA,
10730,11957,18400,EMEA,
10731,11957,18400,AP,
10732,11961,18403,NA,
10733,11961,18403,LA,
10734,11961,18403,EMEA,
10735,11961,18403,AP,
10736,11967,18409,NA,
10737,11967,18409,LA,
10738,11967,18409,AP,
10739,9387,14742,EMEA,
10740,9401,14754,AP,
10741,9402,14755,EMEA,Fulda
10742,9605,14922,NA,
10743,9748,15039,NA,
10744,9748,15039,LA,
10745,9750,15041,NA,
10746,9750,15041,LA,
10747,9751,15042,NA,
10748,9751,15042,LA,
10749,9752,15043,NA,
10750,9752,15043,LA,
10751,9792,15074,NA,
10752,9823,15095,,
10753,9925,15186,,
10754,10051,15297,NA,
10755,10051,15297,LA,
10756,10114,15345,NA,
10757,10141,15366,,
10758,10147,15370,EMEA,
10759,10147,15370,AP,
10760,10315,15511,,
10761,10420,15594,NA,
10762,10420,15594,LA,
10763,10420,15594,EMEA,
10764,10420,15594,AP,
10765,10505,15661,,
10766,10528,15675,NA,
10767,10817,15919,NA,
10768,10817,15919,LA,
10769,10817,15919,EMEA,
10770,10817,15919,AP,
10771,10821,15921,,
10772,10832,15930,NA,
10773,10832,15930,LA,
10774,10832,15930,EMEA,
10775,10832,15930,AP,
10776,10915,16249,NA,
10777,11227,17322,,
10778,11289,17390,,
10779,11295,17394,NA,
10780,11295,17394,LA,
10781,11295,17394,EMEA,
10782,11295,17394,AP,
10783,11346,17456,NA,
10784,11355,17464,NA,
10785,11363,17472,NA,
10786,11363,17472,LA,
10787,11363,17472,EMEA,
10788,11363,17472,AP,
10789,11421,17560,NA,
10790,11518,17753,,
10791,11567,17839,,
10792,11571,17849,NA,
10793,11576,17854,NA,
10794,11579,17856,NA,
10795,11581,17861,NA,
10796,11581,17861,LA,
10797,11581,17861,EMEA,
10798,11581,17861,AP,
10799,11602,17892,,
10800,11631,17924,,
10801,11633,17933,,
10802,9421,14769,NA,
10803,9438,14785,NA,
10804,9438,14785,LA,
10805,9438,14785,EMEA,
10806,9438,14785,AP,
10807,9475,14812,NA,
10808,9475,14812,LA,
10809,9475,14812,EMEA,
10810,9475,14812,AP,
10811,9481,14817,NA,
10812,9653,14960,,
10813,9702,15001,,
10814,9805,15083,NA,
10815,9805,15083,LA,
10816,9805,15083,EMEA,
10817,9805,15083,AP,
10818,9906,15168,,
10819,9913,15173,NA,
10820,9933,15192,NA,
10821,10117,15347,NA,
10822,10117,15347,LA,
10823,10117,15347,EMEA,
10824,10117,15347,AP,
10825,10127,15355,LA,Sao Paulo
10826,10159,15379,,
10827,10282,15486,NA,
10828,10282,15486,LA,
10829,10282,15486,AP,
10830,10376,15559,,
10831,10403,15581,,
10832,10407,15583,NA,Chem Niagara Falls
10833,10421,15595,NA,
10834,10421,15595,LA,
10835,10421,15595,EMEA,
10836,10421,15595,AP,
10837,10618,15753,,
10838,10719,15835,,
10839,11041,16398,,
10840,11059,16418,LA,
10841,11063,16421,NA,
10842,11103,16472,NA,
10843,11103,16472,LA,
10844,11103,16472,EMEA,
10845,11103,16472,AP,
10846,11131,16502,NA,
10847,11176,17224,NA,
10848,11199,17249,,
10849,11250,17341,,
10850,11251,17342,,
10851,11381,17507,,
10852,11413,17552,NA,
10853,11513,17749,NA,
10854,11513,17749,LA,
10855,11513,17749,EMEA,
10856,11513,17749,AP,
10857,11519,17754,,
10858,11527,17775,,
10859,11529,17783,LA,
10860,9514,14840,,
10861,9694,14995,NA,
10862,9795,15077,NA,
10863,9795,15077,LA,
10864,9795,15077,EMEA,
10865,9795,15077,AP,
10866,9867,15134,NA,
10867,9882,15148,NA,Topeka
10868,9971,15223,NA,
10869,9990,15243,NA,
10870,9990,15243,LA,
10871,10135,15362,EMEA,
10872,10155,15376,NA,
10873,10164,15383,NA,
10874,10164,15383,LA,
10875,10164,15383,EMEA,
10876,10164,15383,AP,
10877,10424,15597,NA,
10878,10424,15597,LA,
10879,10424,15597,EMEA,
10880,10424,15597,AP,
10881,10796,15896,,
10882,10827,15926,NA,
10883,10827,15926,LA,
10884,10827,15926,EMEA,
10885,10827,15926,AP,
10886,10847,15941,EMEA,Luxembourg
10887,10851,15944,NA,
10888,10852,15945,NA,
10889,10916,16250,,
10890,10944,16274,,
10891,10960,16306,,
10892,11007,16356,,
10893,11035,16393,NA,
10894,11035,16393,LA,
10895,11035,16393,AP,
10896,11044,16401,EMEA,
10897,11044,16401,AP,
10898,11083,16453,NA,
10899,11095,16463,NA,
10900,11097,16465,NA,
10901,11151,16520,,
10902,11157,16524,,
10903,11196,17246,,
10904,11197,17247,,
10905,11207,17257,,
10906,11260,17349,NA,
10907,11277,17368,AP,
10908,11306,17416,,
10909,11404,17527,NA,
10910,11486,17723,NA,
10911,11507,17744,NA,
10912,9393,14747,NA,
10913,9849,15121,NA,
10914,9893,15158,NA,
10915,9893,15158,LA,
10916,9893,15158,EMEA,
10917,9893,15158,AP,
10918,9947,15206,,
10919,9948,15207,,
10920,9954,15212,NA,
10921,9965,15218,NA,
10922,10046,15292,NA,
10923,10209,15424,NA,
10924,10301,15502,,
10925,10355,15543,AP,
10926,10787,15889,NA,
10927,10985,16335,,
10928,10987,16336,,
10929,11051,16413,NA,
10930,11051,16413,LA,
10931,11051,16413,AP,
10932,11082,16452,NA,
10933,11143,16512,NA,
10934,11143,16512,LA,
10935,11143,16512,EMEA,
10936,11143,16512,AP,
10937,11163,17210,,
10938,11237,17330,,
10939,11246,17337,,
10940,11304,17414,AP,
10941,11459,17616,NA,
10942,11470,17643,NA,
10943,11470,17643,LA,
10944,11470,17643,EMEA,
10945,11470,17643,AP,
10946,11912,18350,,
10947,11974,18414,LA,
10948,11983,18432,NA,
10949,11995,18446,NA,
10950,11998,18449,NA,
10951,12007,18455,NA,
10952,12007,18455,LA,
10953,12007,18455,EMEA,
10954,12007,18455,AP,
10955,12052,18505,,
10956,12108,18552,LA,
10957,12109,18553,NA,
10958,12109,18553,LA,
10959,12109,18553,EMEA,
10960,12109,18553,AP,
10961,12125,18574,EMEA,
10962,12341,19052,NA,
10963,9679,14984,,
10964,9783,15067,NA,
10965,9851,15122,NA,
10966,10001,15251,NA,
10967,10001,15251,LA,
10968,10001,15251,EMEA,
10969,10001,15251,AP,
10970,10351,15539,NA,
10971,10428,15601,NA,
10972,10458,15622,,
10973,10639,15769,,
10974,10893,15999,,
10975,10899,16237,NA,
10976,10899,16237,LA,
10977,10899,16237,EMEA,
10978,10899,16237,AP,
10979,10942,16272,AP,
10980,10964,16309,NA,
10981,10965,16310,NA,
10982,10966,16311,NA,
10983,10967,16312,NA,
10984,10983,16334,,
10985,11053,16415,,
10986,11129,16500,NA,
10987,11162,17209,,
10988,11192,17242,,
10989,11201,17251,,
10990,11335,17444,NA,
10991,11499,17736,,
10992,11575,17853,NA,
10993,11647,17946,NA,
10994,11661,17963,,
10995,11662,17964,,
10996,11669,17971,,
10997,11685,17987,NA,
10998,11691,17993,EMEA,
10999,11695,17996,,
11000,11697,17998,,
11001,11699,18000,AP,
11002,11741,18059,NA,
11003,11749,18099,NA,
11004,11749,18099,LA,
11005,11749,18099,EMEA,
11006,11749,18099,AP,
11007,9482,14818,NA,
11008,9499,14829,NA,
11009,9499,14829,LA,
11010,9499,14829,EMEA,
11011,9499,14829,AP,
11012,9629,14941,NA,
11013,9629,14941,LA,
11014,9772,15057,NA,
11015,9772,15057,LA,
11016,9772,15057,EMEA,
11017,9772,15057,AP,
11018,9781,15065,NA,
11019,9887,15152,,
11020,9976,15227,NA,
11021,10075,15317,NA,Chem Bayport
11022,10185,15402,NA,
11023,10200,15416,NA,
11024,10200,15416,LA,
11025,10200,15416,EMEA,
11026,10200,15416,AP,
11027,10272,15477,NA,
11028,10272,15477,LA,
11029,10272,15477,EMEA,
11030,10272,15477,AP,
11031,10303,15504,,
11032,10365,15549,NA,
11033,10369,15554,NA,
11034,10379,15562,NA,
11035,10379,15562,LA,
11036,10379,15562,EMEA,
11037,10379,15562,AP,Pulandian
11038,10419,15593,NA,
11039,10419,15593,LA,
11040,10419,15593,EMEA,
11041,10419,15593,AP,
11042,10431,15603,NA,
11043,10439,15608,EMEA,
11044,10625,15760,,
11045,10635,15767,AP,
11046,10668,15792,,
11047,10674,15798,,
11048,10677,15800,AP,
11049,10679,15802,AP,
11050,10747,15860,NA,
11051,10747,15860,LA,
11052,10747,15860,EMEA,
11053,10747,15860,AP,
11054,10957,16303,AP,
11055,10999,16348,NA,
11056,10999,16348,LA,
11057,10999,16348,EMEA,
11058,10999,16348,AP,
11059,11180,17230,,
11060,11187,17237,NA,
11061,11331,17441,NA,
11062,11331,17441,LA,
11063,11331,17441,EMEA,
11064,11331,17441,AP,
11065,11349,17459,NA,
11066,11375,17481,NA,
11067,11375,17481,LA,
11068,11375,17481,EMEA,
11069,11375,17481,AP,
11070,11379,17504,NA,
11071,11379,17504,LA,
11072,11379,17504,EMEA,
11073,11379,17504,AP,
11074,11411,17550,NA,
11075,11433,17580,NA,
11076,11433,17580,LA,
11077,11433,17580,EMEA,
11078,11433,17580,AP,
11079,11471,17644,NA,
11080,11471,17644,LA,
11081,11471,17644,EMEA,
11082,11471,17644,AP,
11083,11535,17787,,
11084,9516,14842,,
11085,9710,15007,NA,
11086,9710,15007,LA,
11087,9710,15007,EMEA,
11088,9710,15007,AP,
11089,9802,15081,AP,
11090,9860,15128,LA,Venezuela
11091,9866,15133,,
11092,10071,15313,NA,
11093,10130,15357,NA,
11094,10189,15406,NA,
11095,10222,15438,NA,
11096,10227,15442,NA,
11097,10227,15442,LA,
11098,10227,15442,EMEA,
11099,10227,15442,AP,
11100,10361,15546,,
11101,10579,15717,NA,
11102,10579,15717,LA,
11103,10622,15757,,
11104,10662,15786,,
11105,10727,15842,,
11106,10769,15876,AP,Thailand
11107,10769,15876,AP,Nippon Giant
11108,10769,15876,AP,Dalian
11109,10769,15876,AP,Ballabgarh
11110,10769,15876,AP,Aurangabad
11111,10769,15876,AP,Indonesia
11112,10769,15876,AP,Pulandian
11113,10783,15887,AP,
11114,10946,16293,NA,
11115,10955,16301,AP,
11116,11021,16381,,
11117,11068,16431,NA,
11118,11093,16462,AP,
11119,11145,16514,NA,
11120,11145,16514,LA,
11121,11145,16514,EMEA,
11122,11145,16514,AP,
11123,11235,17329,,
11124,11244,17335,,
11125,11301,17401,NA,
11126,11314,17424,NA,
11127,11314,17424,LA,
11128,11314,17424,EMEA,
11129,11314,17424,AP,
11130,11325,17435,NA,
11131,11359,17467,,
11132,11382,17508,,
11133,11533,17785,,
11134,11635,17935,,
11135,11693,17995,EMEA,
11136,11711,18029,NA,
11137,11711,18029,LA,
11138,11711,18029,EMEA,
11139,11711,18029,AP,
11140,11715,18034,NA,
11141,9541,14869,NA,
11142,9542,14870,NA,
11143,9671,14977,NA,
11144,9671,14977,LA,
11145,9671,14977,EMEA,
11146,9671,14977,AP,
11147,9685,14988,NA,
11148,9691,14993,,
11149,9722,15017,NA,
11150,9730,15025,,
11151,9777,15062,NA,
11152,9777,15062,LA,
11153,9777,15062,EMEA,
11154,9777,15062,AP,
11155,9813,15089,NA,
11156,9943,15203,NA,
11157,9943,15203,LA,
11158,9943,15203,EMEA,
11159,9943,15203,AP,
11160,9970,15222,NA,
11161,10085,15324,NA,
11162,10085,15324,LA,
11163,10085,15324,EMEA,
11164,10085,15324,AP,
11165,10086,15325,,
11166,10118,15348,NA,
11167,10118,15348,LA,
11168,10118,15348,EMEA,
11169,10118,15348,AP,
11170,10205,15421,NA,
11171,10205,15421,LA,
11172,10205,15421,EMEA,
11173,10205,15421,AP,
11174,10307,15506,NA,
11175,10307,15506,LA,
11176,10307,15506,EMEA,
11177,10307,15506,AP,
11178,10327,15521,NA,
11179,10327,15521,LA,
11180,10327,15521,EMEA,
11181,10327,15521,AP,Nippon Giant
11182,10327,15521,NA,Other
11185,10327,15521,AP,
11186,10329,15523,NA,Gadsden
11187,10329,15523,NA,Topeka
11188,10329,15523,NA,Fayetteville
11189,10329,15523,NA,Lawton
11190,10329,15523,NA,Medicine Hat
11191,10329,15523,NA,Napanee
11192,10329,15523,NA,Valleyfield
11193,10329,15523,NA,Social Circle
11194,10329,15523,NA,ICM*A
11195,10329,15523,NA,Buffalo / Tonawanda
11196,10329,15523,NA,Chem Bayport
11197,10329,15523,NA,Chem Beaumont
11198,10329,15523,NA,Chem Houston
11199,10329,15523,NA,Chem Niagara Falls
11200,10329,15523,NA,NA-LA-AP Except AIRCRAFT
11201,10329,15523,NA,Other
11202,10452,15616,NA,
11203,10452,15616,LA,
11204,10452,15616,EMEA,
11205,10452,15616,AP,
11206,10548,15693,NA,
11207,10548,15693,LA,
11208,10548,15693,EMEA,
11209,10548,15693,AP,
11210,10571,15710,NA,
11211,10613,15748,,
11212,10702,15821,,
11213,10738,15852,,
11214,10742,15856,,
11215,10771,15877,NA,
11216,10771,15877,LA,
11217,10771,15877,EMEA,
11218,10771,15877,AP,
11219,10855,15948,NA,
11220,10895,16001,NA,
11221,10902,16240,,
11222,11121,16492,,
11223,11178,17226,NA,
11224,9390,14745,NA,
11225,9539,14867,NA,
11226,9762,15050,LA,Venezuela
11227,9771,15056,NA,
11228,9771,15056,LA,
11229,9771,15056,EMEA,
11230,9771,15056,AP,
11231,9793,15075,AP,
11232,9899,15161,,
11233,9905,15167,,
11234,9941,15201,NA,
11235,10106,15339,EMEA,
11236,10198,15414,NA,
11237,10198,15414,LA,
11238,10198,15414,EMEA,
11239,10198,15414,AP,
11240,10223,15439,NA,
11241,10224,15440,NA,
11242,10259,15464,NA,
11243,10259,15464,LA,
11244,10259,15464,EMEA,
11245,10259,15464,AP,
11246,10287,15491,NA,
11247,10287,15491,LA,
11248,10383,15564,NA,
11249,10393,15572,NA,
11250,10394,15573,NA,
11251,10395,15574,NA,
11252,10427,15600,NA,
11253,10530,15677,NA,
11254,10557,15699,,
11255,10645,15773,AP,
11256,10690,15811,NA,
11257,10690,15811,LA,
11258,10690,15811,EMEA,
11259,10690,15811,AP,
11260,10707,15825,NA,
11261,10707,15825,LA,
11262,10707,15825,AP,
11263,10710,15827,,
11264,10829,15927,NA,
11265,10829,15927,LA,
11266,10829,15927,EMEA,
11267,10829,15927,AP,
11268,10845,15940,AP,
11269,10923,16256,NA,
11270,10924,16257,NA,
11271,10971,16315,EMEA,
11272,11033,16391,,
11273,11049,16411,NA,
11274,11049,16411,LA,
11275,11049,16411,EMEA,
11276,11049,16411,AP,
11277,11141,16511,,
11278,11327,17437,NA,
11279,11327,17437,LA,
11280,11327,17437,EMEA,
11281,11327,17437,AP,
11282,11369,17477,NA,
11283,11369,17477,LA,
11284,11369,17477,EMEA,
11285,11369,17477,AP,
11286,11570,17848,NA,
11287,9422,14770,NA,
11288,9487,14821,AP,Aurangabad
11289,9519,14845,,
11290,9540,14868,NA,
11291,9615,14929,NA,
11292,9615,14929,LA,
11293,9615,14929,EMEA,
11294,9615,14929,AP,
11295,9658,14965,,
11296,9669,14975,NA,
11297,9921,15182,NA,
11298,9969,15221,NA,
11299,10214,15427,NA,
11300,10426,15599,NA,
11301,10541,15687,NA,
11302,10541,15687,LA,
11303,10541,15687,EMEA,
11304,10541,15687,AP,
11305,10584,15722,NA,
11306,10585,15723,NA,
11307,10697,15816,,
11308,10711,15828,,
11309,10749,15861,,
11310,11076,16441,NA,
11311,11128,16499,NA,
11312,11173,17221,NA,
11313,11522,17771,NA,
11314,11539,17789,LA,
11315,11549,17809,NA,
11316,11557,17818,NA,
11317,11577,17855,NA,
11318,11592,17872,,
11319,11596,17888,,
11320,11644,17943,NA,
11321,11655,17958,,
11322,11665,17967,,
11323,11670,17972,,
11324,11683,17985,NA,
11325,11703,18016,,
11326,11721,18039,,
11327,11764,18111,,
11328,11773,18157,NA,
11329,11773,18157,LA,
11330,11773,18157,EMEA,
11331,11773,18157,AP,
11332,11788,18170,NA,
11333,11788,18170,LA,
11334,11788,18170,EMEA,
11335,11788,18170,AP,
11336,9443,14789,NA,
11337,9554,14879,NA,
11338,9755,15046,NA,
11339,9755,15046,LA,
11340,9785,15069,,
11341,9797,15078,,
11342,9808,15085,NA,
11343,9935,15194,NA,
11344,9935,15194,LA,
11345,9935,15194,EMEA,
11346,9935,15194,AP,
11347,9936,15195,NA,
11348,9936,15195,LA,
11349,9936,15195,EMEA,
11350,9936,15195,AP,
11351,10081,15321,NA,
11352,10081,15321,LA,
11353,10081,15321,EMEA,
11354,10081,15321,AP,
11355,10091,15328,NA,
11356,10091,15328,LA,
11357,10091,15328,EMEA,Debica
11358,10091,15328,AP,
11361,10091,15328,EMEA,Fulda
11363,10145,15369,LA,Americana
11364,10145,15369,LA,Sao Paulo
11365,10145,15369,LA,
11366,10145,15369,LA,Colombia
11367,10145,15369,LA,Peru
11368,10160,15380,NA,
11369,10160,15380,LA,
11370,10160,15380,EMEA,
11371,10160,15380,AP,
11372,10175,15395,,
11373,10264,15469,NA,
11374,10264,15469,LA,
11375,10264,15469,EMEA,
11376,10264,15469,AP,
11377,10265,15470,NA,
11378,10265,15470,LA,
11379,10265,15470,AP,
11380,10405,15582,NA,
11381,10405,15582,LA,
11382,10405,15582,EMEA,
11383,10405,15582,AP,
11384,10532,15679,NA,
11385,10580,15718,,
11386,10616,15751,,
11387,10694,15814,,
11388,10732,15846,,
11389,10741,15855,,
11390,10948,16295,NA,
11391,10949,16296,NA,
11392,10961,16307,,
11393,10993,16343,NA,
11394,10993,16343,LA,
11395,10993,16343,AP,
11396,11019,16379,,
11397,11077,16442,NA,
11398,11077,16442,LA,
11399,11077,16442,EMEA,
11400,11077,16442,AP,
11401,11134,16505,,
11402,11203,17253,,
11403,11267,17356,NA,
11404,11360,17468,,
11405,11435,17582,NA,
11406,11435,17582,LA,
11407,11435,17582,EMEA,
11408,11435,17582,AP,
11409,11489,17726,NA,
11410,9601,14919,NA,
11411,9699,14999,,
11412,9815,15090,NA,
11413,9815,15090,LA,
11414,9815,15090,EMEA,
11415,9815,15090,AP,
11416,9853,15123,AP,Thailand
11417,9873,15139,NA,
11418,9886,15151,,
11419,9900,15162,EMEA,Luxembourg
11420,10013,15263,NA,
11421,10014,15264,NA,
11422,10014,15264,LA,
11423,10014,15264,EMEA,
11424,10014,15264,AP,
11425,10041,15287,,
11426,10121,15350,NA,
11427,10121,15350,LA,
11428,10121,15350,EMEA,
11429,10121,15350,AP,
11430,10317,15513,,
11431,10389,15570,LA,
11432,10443,15610,NA,
11433,10527,15674,NA,
11434,10728,15843,,
11435,10919,16253,NA,
11436,10968,16313,NA,
11437,11009,16357,NA,
11438,11113,16485,,
11439,11186,17234,LA,
11440,11257,17346,NA,
11441,11257,17346,LA,
11442,11257,17346,EMEA,
11443,11257,17346,AP,
11444,11258,17347,NA,
11445,11261,17350,NA,
11446,11293,17393,NA,
11447,11293,17393,LA,
11448,11293,17393,EMEA,
11449,11293,17393,AP,
11450,11345,17455,NA,
11451,11521,17770,NA,
11452,11585,17865,,
11453,11599,17890,NA,
11454,11599,17890,LA,
11455,11599,17890,EMEA,
11456,11599,17890,AP,
11457,11651,17953,,
11458,11653,17954,EMEA,
11459,11680,17982,NA,
11460,11684,17986,NA,
11461,11687,17989,EMEA,
11462,11717,18035,,
11463,11740,18058,NA,
11464,9643,14951,NA,
11465,9643,14951,LA,
11466,9643,14951,EMEA,
11467,9643,14951,AP,
11468,9644,14952,NA,
11469,9644,14952,LA,
11470,9644,14952,EMEA,
11471,9644,14952,AP,
11472,9655,14962,,
11473,10183,15400,NA,
11474,10225,15441,NA,
11475,10413,15589,NA,
11476,10413,15589,LA,
11477,10413,15589,EMEA,
11478,10413,15589,AP,
11479,10435,15605,LA,
11480,10561,15702,NA,
11481,10561,15702,LA,
11482,10561,15702,EMEA,
11483,10561,15702,AP,
11484,10651,15777,,
11485,10718,15834,,
11486,10897,16235,NA,
11487,11144,16513,NA,
11488,11144,16513,LA,
11489,11144,16513,EMEA,
11490,11144,16513,AP,
11491,11179,17229,,
11492,11265,17354,NA,
11493,11273,17366,EMEA,
11494,11291,17391,NA,
11495,11291,17391,LA,
11496,11291,17391,EMEA,
11497,11291,17391,AP,
11498,11308,17418,NA,
11499,11308,17418,LA,
11500,11308,17418,EMEA,
11501,11308,17418,AP,
11502,11391,17515,LA,
11503,11472,17645,NA,
11504,11472,17645,LA,
11505,11472,17645,EMEA,
11506,11472,17645,AP,
11507,11551,17810,NA,
11508,11572,17850,NA,
11509,11573,17851,NA,
11510,11616,17910,,
11511,11629,17922,,
11512,11727,18044,,
11513,11763,18110,,
11514,11765,18112,,
11515,11779,18163,NA,
11516,11785,18167,NA,
11517,11785,18167,LA,
11518,11785,18167,EMEA,
11519,11785,18167,AP,
11520,11791,18173,NA,
11521,11818,18237,,
11522,11855,18290,NA,
11523,11855,18290,LA,
11524,11855,18290,EMEA,
11525,11855,18290,AP,
11526,11868,18300,,
11527,9479,14815,NA,
11528,9530,14853,NA,
11529,9747,15035,NA,
11530,9747,15035,LA,
11531,9821,15094,NA,
11532,9821,15094,LA,
11533,9821,15094,EMEA,
11534,9821,15094,AP,
11535,9827,15098,,
11536,9927,15188,EMEA,
11537,9966,15219,NA,
11538,10027,15276,,
11539,10061,15305,NA,Chem Beaumont
11540,10066,15309,NA,
11541,10066,15309,LA,
11542,10066,15309,AP,
11543,10069,15311,NA,Chem Houston
11544,10093,15329,,
11545,10177,15396,NA,
11546,10177,15396,LA,
11547,10177,15396,EMEA,
11548,10177,15396,AP,
11549,10220,15436,NA,
11550,10231,15444,,
11551,10257,15463,NA,
11552,10285,15489,NA,
11553,10285,15489,LA,
11554,10285,15489,EMEA,
11555,10285,15489,AP,
11556,10347,15536,,
11557,10366,15550,NA,
11558,10425,15598,NA,
11559,10509,15663,NA,
11560,10509,15663,LA,
11561,10529,15676,NA,
11562,10549,15694,NA,
11563,10549,15694,LA,
11564,10549,15694,EMEA,
11565,10549,15694,AP,
11566,10592,15728,NA,
11567,10593,15729,NA,
11568,10605,15741,NA,
11569,10678,15801,AP,
11570,10831,15929,NA,
11571,10831,15929,LA,
11572,10831,15929,EMEA,
11573,10831,15929,AP,
11574,10850,15943,NA,
11575,10940,16270,AP,
11576,11124,16495,NA,
11577,11383,17509,,
11578,11477,17716,NA,
11579,11477,17716,LA,
11580,11477,17716,EMEA,
11581,11477,17716,AP,
11582,11545,17801,,
11583,11586,17866,,
11584,11589,17869,,
11585,11590,17870,,
11586,9695,14996,NA,
11587,9803,15082,,
11588,9973,15225,NA,
11589,10028,15277,,
11590,10560,15701,NA,
11591,10620,15755,,
11592,10621,15756,EMEA,
11593,10627,15762,LA,
11594,10773,15878,NA,
11595,10773,15878,LA,
11596,10773,15878,EMEA,
11597,10773,15878,AP,
11598,10939,16269,,
11599,11043,16400,NA,
11600,11043,16400,LA,
11601,11043,16400,EMEA,
11602,11043,16400,AP,
11603,11055,16416,,
11604,11101,16471,LA,
11605,11206,17256,,
11606,11275,17367,NA,
11607,11275,17367,LA,
11608,11275,17367,EMEA,
11609,11275,17367,AP,
11610,11299,17399,NA,
11611,11299,17399,LA,
11612,11299,17399,EMEA,
11613,11299,17399,AP,
11614,11420,17559,NA,
11615,11468,17641,NA,
11616,11468,17641,LA,
11617,11468,17641,EMEA,
11618,11468,17641,AP,
11619,11491,17728,NA,
11620,11508,17745,NA,
11621,11563,17837,,
11622,11612,17906,,
11623,11641,17940,NA,
11624,11659,17961,NA,
11625,11659,17961,LA,
11626,11659,17961,EMEA,
11627,11659,17961,AP,
11628,11688,17990,EMEA,
11629,11696,17997,NA,
11630,11696,17997,LA,
11631,11696,17997,EMEA,
11632,11696,17997,AP,
11633,11722,18040,,
11634,11730,18047,,
11635,11754,18102,,
11636,11755,18103,,
11637,11766,18113,,
11638,11778,18162,NA,
11639,11796,18178,NA,
11640,11801,18183,NA,
11641,11803,18206,,
11642,11825,18244,,
11643,9529,14852,NA,
11644,9675,14981,EMEA,
11645,9840,15112,NA,
11646,9916,15176,NA,
11647,9916,15176,LA,
11648,9916,15176,EMEA,
11649,9916,15176,AP,
11650,10105,15338,EMEA,
11651,10325,15520,EMEA,
11652,10341,15531,AP,
11653,10461,15624,NA,
11654,10681,15803,AP,
11655,10933,16263,NA,
11656,11061,16420,LA,
11657,11351,17462,,
11658,11415,17554,NA,
11659,11425,17564,NA,
11660,11426,17565,NA,
11661,11445,17603,NA,
11662,11667,17969,,
11663,11743,18061,NA,
11664,11743,18061,LA,
11665,11743,18061,EMEA,
11666,11743,18061,AP,
11667,11759,18107,NA,
11668,11760,18108,NA,
11669,11761,18109,NA,
11670,11792,18174,NA,
11671,11797,18179,NA,
11672,11811,18228,NA,
11673,11811,18228,LA,
11674,11811,18228,EMEA,
11675,11811,18228,AP,
11676,11813,18232,,
11677,11814,18233,,
11678,11831,18254,NA,
11679,11831,18254,LA,
11680,11831,18254,AP,
11681,11836,18257,NA,
11682,11836,18257,LA,
11683,11836,18257,EMEA,
11684,11836,18257,AP,
11685,11841,18261,,
11686,11861,18295,,
11687,11867,18299,,
11688,11872,18304,,
11689,11875,18307,,
11690,11886,18320,NA,
11691,11886,18320,LA,
11692,11886,18320,EMEA,
11693,11886,18320,AP,
11694,11888,18322,NA,
11695,11898,18338,NA,
11696,11898,18338,LA,
11697,11898,18338,AP,
11698,9545,14872,NA,Medicine Hat
11699,9545,14872,LA,
11700,9545,14872,NA,Napanee
11702,9545,14872,NA,Chem Niagara Falls
11704,9723,15020,NA,
11705,9723,15020,LA,
11706,9723,15020,EMEA,
11707,9723,15020,AP,
11708,9841,15113,EMEA,
11709,9967,15220,NA,
11710,10011,15261,NA,
11711,10011,15261,LA,
11712,10011,15261,EMEA,
11713,10011,15261,AP,
11714,10137,15363,,
11715,10151,15372,NA,
11716,10151,15372,LA,
11717,10151,15372,EMEA,
11718,10151,15372,AP,
11719,10296,15497,,
11720,10353,15541,NA,
11721,10353,15541,LA,
11722,10353,15541,EMEA,
11723,10353,15541,AP,
11724,10446,15612,NA,
11725,10641,15771,NA,
11726,10701,15820,,
11727,10921,16254,NA,
11728,11089,16460,NA,
11729,11194,17244,,
11730,11248,17339,NA,
11731,11248,17339,LA,
11732,11248,17339,EMEA,
11733,11248,17339,AP,
11734,11393,17517,LA,
11735,11443,17601,NA,
11736,11444,17602,NA,
11737,11689,17991,EMEA,
11738,11830,18252,NA,
11739,11830,18252,LA,
11740,11830,18252,EMEA,
11741,11830,18252,AP,
11742,11869,18301,,
11743,11893,18327,NA,
11744,11895,18329,NA,
11745,11900,18340,,
11746,11903,18342,,
11747,11905,18343,NA,
11748,11905,18343,LA,
11749,11905,18343,AP,
11750,11931,18370,LA,
11751,11931,18370,EMEA,
11752,11931,18370,AP,
11753,11939,18382,,
11754,11943,18386,,
11755,11946,18389,,
11756,11948,18391,,
11757,11952,18395,NA,
11758,11952,18395,LA,
11759,11952,18395,EMEA,
11760,11952,18395,AP,
11761,9411,14761,,
11762,9759,15048,NA,
11763,9759,15048,LA,
11764,9759,15048,EMEA,
11765,9759,15048,AP,
11766,9761,15049,LA,Venezuela
11767,9769,15055,EMEA,
11768,9871,15137,NA,
11769,9880,15146,,
11770,9901,15163,,
11771,9915,15175,EMEA,Wolverhampton
11772,9959,15215,NA,
11773,9959,15215,LA,
11774,9959,15215,EMEA,
11775,9959,15215,AP,
11776,10119,15349,NA,
11777,10122,15351,NA,
11778,10122,15351,LA,
11779,10122,15351,EMEA,
11780,10122,15351,AP,
11781,10238,15449,NA,
11782,10238,15449,LA,
11783,10238,15449,EMEA,
11784,10238,15449,AP,
11785,10241,15451,NA,
11786,10302,15503,,
11787,10311,15509,,
11788,10333,15525,,
11789,10409,15584,NA,
11790,10409,15584,LA,
11791,10409,15584,EMEA,
11792,10409,15584,AP,
11793,10433,15604,NA,
11794,10433,15604,LA,
11795,10433,15604,EMEA,
11796,10433,15604,AP,
11797,10451,15615,AP,
11798,10685,15806,NA,
11799,10685,15806,LA,
11800,10685,15806,EMEA,
11801,10685,15806,AP,
11802,10753,15864,,
11803,10799,15899,,
11804,10947,16294,NA,
11805,11125,16496,NA,
11806,11245,17336,,
11807,11450,17608,NA,
11808,11462,17626,NA,
11809,11541,17790,NA,
11810,11541,17790,LA,
11811,11541,17790,AP,
11812,11739,18057,NA,
11813,11815,18234,,
11814,11817,18236,,
11815,9561,14887,,
11816,9580,14903,NA,
11817,9583,14906,NA,
11818,9621,14933,NA,
11819,9621,14933,LA,
11820,9621,14933,EMEA,
11821,9621,14933,AP,
11822,9678,14983,,
11823,9877,15143,,
11824,10262,15467,NA,
11825,10262,15467,LA,
11826,10262,15467,EMEA,
11827,10262,15467,AP,
11828,10359,15545,,
11829,10454,15618,NA,
11830,10653,15779,NA,
11831,10653,15779,LA,
11832,10653,15779,EMEA,
11833,10653,15779,AP,
11834,11073,16438,NA,
11835,11135,16506,,
11836,11153,16521,,
11837,11297,17396,,
11838,11384,17510,,
11839,11419,17558,NA,
11840,11523,17772,NA,
11841,11559,17819,,
11842,11588,17868,,
11843,11702,18015,,
11844,11845,18268,,
11845,11853,18288,,
11846,11880,18311,,
11847,11915,18353,,
11848,11940,18383,,
11849,11945,18388,,
11850,11955,18398,NA,
11851,11955,18398,LA,
11852,11955,18398,EMEA,
11853,11956,18399,NA,
11854,11956,18399,LA,
11855,11956,18399,EMEA,
11856,11956,18399,AP,
11857,11964,18406,NA,
11858,11964,18406,LA,
11859,11964,18406,AP,
11860,11975,18415,LA,
11861,11978,18425,,
11862,11984,18433,NA,
11863,12004,18453,NA,
11864,9405,14758,EMEA,
11865,9559,14886,NA,
11866,9559,14886,LA,
11867,9559,14886,EMEA,
11868,9559,14886,AP,
11869,9689,14991,,
11870,9735,15028,NA,
11871,9878,15144,,
11872,10057,15301,NA,
11873,10057,15301,LA,
11874,10057,15301,EMEA,
11875,10057,15301,AP,
11876,10070,15312,NA,Chem Bayport
11877,10324,15519,EMEA,
11878,10381,15563,EMEA,
11879,10463,15626,NA,
11880,10463,15626,LA,
11881,10463,15626,AP,
11882,10467,15630,NA,
11883,10467,15630,LA,
11884,10467,15630,EMEA,
11885,10467,15630,AP,
11886,10483,15644,,
11887,10709,15826,,
11888,10788,15890,,
11889,10861,15952,NA,
11890,10861,15952,LA,
11891,10861,15952,EMEA,
11892,10861,15952,AP,
11893,10869,15958,NA,
11894,10869,15958,LA,
11895,10869,15958,EMEA,
11896,10869,15958,AP,
11897,11086,16457,NA,
11898,11114,16486,,
11899,11155,16522,NA,
11900,11158,16525,NA,
11901,11239,17332,,
11902,11348,17458,NA,
11903,11442,17600,NA,
11904,11617,17911,,
11905,11674,17976,,
11906,11677,17979,NA,
11907,11678,17980,NA,
11908,11774,18158,NA,
11909,11774,18158,LA,
11910,11774,18158,EMEA,Adapazari
11911,11774,18158,AP,
11914,11774,18158,EMEA,Izmit
11916,11833,18255,NA,
11917,11833,18255,LA,
11918,11833,18255,EMEA,
11919,11833,18255,AP,
11920,11854,18289,NA,
11921,11854,18289,LA,
11922,11854,18289,EMEA,
11923,11854,18289,AP,
11924,11894,18328,NA,
11925,11901,18341,NA,
11926,11901,18341,LA,
11927,11901,18341,EMEA,
11928,11901,18341,AP,
11929,11933,18375,NA,
11930,11933,18375,LA,
11931,11933,18375,EMEA,
11932,11933,18375,AP,
11933,11937,18381,NA,
11934,11937,18381,LA,
11935,11937,18381,AP,
11936,11941,18384,,
11937,9441,14788,,
11938,9650,14957,,
11939,9651,14958,EMEA,Sava
11940,9673,14979,,
11941,9837,15110,,
11942,9875,15141,NA,
11943,9879,15145,,
11944,9918,15178,NA,
11945,9918,15178,LA,
11946,9918,15178,EMEA,
11947,9918,15178,AP,
11948,9938,15198,EMEA,
11949,10039,15286,NA,
11950,10582,15720,NA,
11951,10582,15720,LA,
11952,10582,15720,EMEA,
11953,10582,15720,AP,
11954,10698,15817,NA,
11955,11025,16385,NA,
11956,11052,16414,NA,
11957,11052,16414,LA,
11958,11052,16414,AP,
11959,11168,17216,,
11960,11389,17514,NA,
11961,11495,17732,NA,
11962,11495,17732,LA,
11963,11495,17732,AP,
11964,11663,17965,EMEA,
11965,11706,18019,,
11966,11724,18042,,
11967,11962,18404,NA,
11968,11962,18404,LA,
11969,11962,18404,AP,
11970,11965,18407,NA,
11971,11965,18407,LA,
11972,11965,18407,AP,
11973,11968,18410,NA,
11974,11968,18410,LA,
11975,11968,18410,AP,
11976,11988,18440,,
11977,11989,18441,,
11978,11992,18443,NA,
11979,12003,18452,NA,
11980,12009,18456,,
11981,12017,18460,EMEA,Adapazari
11982,12023,18464,NA,
11983,12026,18470,NA,
11984,12033,18476,NA,
11985,9733,15027,AP,Thailand
11986,9888,15153,,
11987,9902,15164,,
11988,9912,15172,NA,
11989,9923,15184,,
11990,10308,15507,EMEA,
11991,10453,15617,NA,
11992,10453,15617,LA,
11993,10453,15617,AP,
11994,10497,15654,NA,
11995,10497,15654,LA,
11996,10497,15654,EMEA,
11997,10497,15654,AP,
11998,10498,15655,NA,
11999,10498,15655,LA,
12000,10498,15655,EMEA,
12001,10498,15655,AP,
12002,10623,15758,AP,Malaysia
12003,10633,15766,,
12004,10937,16268,NA,
12005,10941,16271,,
12006,10956,16302,AP,
12007,10997,16346,LA,
12008,11074,16439,NA,
12009,11312,17422,NA,
12010,11312,17422,LA,
12011,11312,17422,EMEA,
12012,11312,17422,AP,
12013,11322,17432,NA,
12014,11387,17512,NA,
12015,11758,18106,,
12016,11819,18238,,
12017,11821,18240,,
12018,11823,18242,,
12019,11827,18249,NA,
12020,11827,18249,LA,
12021,11827,18249,EMEA,
12022,11827,18249,AP,
12023,11838,18259,NA,
12024,11838,18259,LA,
12025,11838,18259,EMEA,
12026,11838,18259,AP,
12027,11839,18260,NA,
12028,11839,18260,LA,
12029,11839,18260,EMEA,
12030,11839,18260,AP,
12031,11842,18266,NA,
12032,11842,18266,LA,
12033,11842,18266,EMEA,
12034,11842,18266,AP,
12035,11843,18267,,
12036,11852,18287,,
12037,9437,14784,NA,
12038,9437,14784,LA,
12039,9437,14784,EMEA,
12040,9437,14784,AP,
12041,9705,15003,,
12042,10199,15415,NA,
12043,10199,15415,LA,
12044,10199,15415,EMEA,
12045,10199,15415,AP,
12046,10233,15445,,
12047,10339,15530,,
12048,10743,15857,,
12049,10910,16245,,
12050,10918,16252,,
12051,10927,16260,,
12052,11018,16378,,
12053,11269,17358,NA,
12054,12024,18465,NA,
12055,12036,18478,NA,
12056,12036,18478,LA,
12057,12036,18478,EMEA,
12058,12036,18478,AP,
12059,12038,18480,NA,
12060,12038,18480,LA,
12061,12038,18480,EMEA,
12062,12038,18480,AP,
12063,12039,18481,NA,
12064,12039,18481,LA,
12065,12039,18481,EMEA,
12066,12039,18481,AP,
12067,12046,18489,NA,
12068,12046,18489,LA,
12069,12046,18489,EMEA,
12070,12046,18489,AP,
12071,12049,18492,,
12072,12063,18518,,
12073,12065,18519,NA,
12074,12065,18519,LA,
12075,12065,18519,EMEA,
12076,12065,18519,AP,
12077,12068,18521,NA,
12078,12072,18525,NA,
12079,12077,18529,,
12080,12093,18542,NA,
12081,12093,18542,LA,
12082,12093,18542,AP,
12083,12097,18544,EMEA,
12084,12099,18545,AP,Pulandian
12085,12105,18550,NA,
12086,12119,18566,,
12087,12122,18571,,
12088,12123,18572,,
12089,12143,18589,,
12090,12148,18592,NA,
12091,12148,18592,LA,
12092,12148,18592,EMEA,
12093,12148,18592,AP,
12094,12149,18593,NA,
12095,12149,18593,LA,
12096,12149,18593,EMEA,
12097,12149,18593,AP,
12098,12162,18608,NA,
12099,12162,18608,LA,
12100,12162,18608,EMEA,
12101,12162,18608,AP,
12102,12163,18609,NA,
12103,12165,18611,NA,
12104,12165,18611,LA,
12105,12165,18611,EMEA,
12106,12165,18611,AP,
12107,12169,18615,NA,
12108,12169,18615,LA,
12109,12169,18615,EMEA,
12110,12169,18615,AP,
12111,12185,18638,NA,
12112,12185,18638,LA,
12113,12185,18638,EMEA,
12114,12185,18638,AP,
12115,9533,14856,NA,
12116,9566,14891,NA,
12117,9566,14891,LA,
12118,9566,14891,EMEA,
12119,9566,14891,AP,
12120,9711,15008,NA,
12121,9711,15008,LA,
12122,9711,15008,EMEA,
12123,9711,15008,AP,
12124,9782,15066,NA,
12125,9790,15072,NA,
12126,9790,15072,LA,
12127,9957,15214,NA,
12128,9957,15214,LA,
12129,9957,15214,EMEA,
12130,9957,15214,AP,
12131,9989,15242,NA,
12132,9989,15242,LA,
12133,9993,15246,,
12134,10097,15331,,
12135,10104,15337,,
12136,10286,15490,NA,
12137,10547,15692,NA,
12138,10547,15692,LA,
12139,10547,15692,EMEA,
12140,10547,15692,AP,
12141,10570,15709,NA,
12142,10598,15734,NA,
12143,10607,15743,NA,
12144,10652,15778,NA,
12145,10652,15778,LA,
12146,10652,15778,EMEA,
12147,10652,15778,AP,
12148,10672,15796,,
12149,10699,15818,,
12150,10700,15819,,
12151,10703,15822,EMEA,
12152,10722,15837,,
12153,10857,15949,NA,
12154,10857,15949,LA,
12155,10857,15949,EMEA,
12156,10857,15949,AP,
12157,10866,15955,,
12158,10913,16248,NA,
12159,10995,16344,,
12160,11069,16434,NA,
12161,11081,16451,NA,
12162,11271,17365,,
12163,11525,17774,NA,
12164,11546,17802,,
12165,11561,17821,AP,
12166,11565,17838,EMEA,
12167,11626,17919,,
12168,11671,17973,,
12169,11672,17974,,
12170,11673,17975,,
12171,9404,14757,EMEA,
12172,9626,14938,NA,
12173,9626,14938,LA,
12174,9654,14961,,
12175,9917,15177,NA,
12176,9917,15177,LA,
12177,9917,15177,EMEA,
12178,9917,15177,AP,
12179,9939,15199,NA,
12180,9939,15199,LA,
12181,9939,15199,EMEA,
12182,9939,15199,AP,
12183,10087,15326,NA,
12184,10087,15326,LA,
12185,10087,15326,EMEA,Debica
12186,10087,15326,AP,
12189,10087,15326,EMEA,Fulda
12191,10206,15422,NA,
12192,10206,15422,LA,
12193,10206,15422,EMEA,
12194,10206,15422,AP,
12195,10297,15498,,
12196,10328,15522,NA,
12197,10328,15522,LA,
12198,10328,15522,EMEA,
12199,10328,15522,AP,
12200,10423,15596,LA,
12201,10566,15705,,
12202,10569,15708,NA,
12203,10583,15721,NA,
12204,10589,15725,NA,
12205,10590,15726,NA,
12206,10591,15727,NA,
12207,10649,15776,NA,
12208,10649,15776,LA,
12209,10649,15776,EMEA,
12210,10649,15776,AP,
12211,10688,15809,NA,
12212,10688,15809,LA,
12213,10688,15809,EMEA,
12214,10688,15809,AP,
12215,10693,15813,NA,
12216,10693,15813,LA,
12217,10693,15813,EMEA,
12218,10693,15813,AP,
12219,10752,15863,NA,
12220,10752,15863,LA,
12221,10752,15863,AP,
12222,10922,16255,NA,
12223,10975,16323,NA,
12224,10975,16323,LA,
12225,10975,16323,EMEA,
12226,10975,16323,AP,
12227,11432,17577,NA,
12228,11432,17577,LA,
12229,11432,17577,EMEA,
12230,11432,17577,AP,
12231,11481,17719,NA,
12232,11481,17719,LA,
12233,11481,17719,EMEA,
12234,11481,17719,AP,
12235,11668,17970,,
12236,11698,17999,,
12237,11714,18032,NA,
12238,11768,18116,NA,
12239,11768,18116,LA,
12240,11768,18116,EMEA,
12241,11768,18116,AP,
12242,11851,18286,,
12243,11857,18292,NA,
12244,11857,18292,LA,
12245,11857,18292,EMEA,
12246,11857,18292,AP,
12247,11929,18364,NA,
12248,11929,18364,LA,
12249,11929,18364,EMEA,
12250,11929,18364,AP,
12251,9493,14826,NA,
12252,9493,14826,LA,
12253,9493,14826,EMEA,
12254,9493,14826,AP,
12255,9528,14851,NA,
12256,9543,14871,NA,
12257,9581,14904,NA,
12258,9585,14908,,
12259,9588,14910,NA,
12260,9588,14910,LA,
12261,9588,14910,EMEA,
12262,9588,14910,AP,
12263,9686,14989,NA,
12264,9697,14997,,
12265,9745,15034,NA,
12266,9745,15034,LA,
12267,9745,15034,EMEA,
12268,9745,15034,AP,
12269,9791,15073,NA,
12270,9791,15073,LA,
12271,9791,15073,EMEA,
12272,9791,15073,AP,
12273,9828,15099,,
12274,9846,15118,NA,
12275,9961,15216,NA,
12276,9963,15217,NA,
12277,9975,15226,NA,
12278,9977,15229,NA,
12279,9977,15229,LA,
12280,9977,15229,EMEA,
12281,9977,15229,AP,
12282,9986,15240,NA,
12283,9986,15240,LA,
12284,9986,15240,EMEA,
12285,9986,15240,AP,
12286,10042,15288,,
12287,10058,15302,NA,
12288,10058,15302,LA,
12289,10058,15302,EMEA,
12290,10058,15302,AP,
12291,10142,15367,,
12292,10191,15408,,
12293,10251,15460,EMEA,
12294,10521,15671,NA,
12295,10666,15790,,
12296,10825,15925,,
12297,10917,16251,,
12298,10977,16329,NA,
12299,10977,16329,LA,
12300,10977,16329,EMEA,
12301,10977,16329,AP,
12302,11075,16440,NA,
12303,11195,17245,,
12304,11247,17338,NA,
12305,11247,17338,LA,
12306,11247,17338,EMEA,
12307,11247,17338,AP,
12308,11307,17417,NA,
12309,11307,17417,LA,
12310,11307,17417,EMEA,
12311,11307,17417,AP,
12312,11447,17605,NA,
12313,11453,17610,NA,
12314,11487,17724,NA,
12315,11509,17746,NA,
12316,11510,17747,NA,
12317,9417,14766,NA,
12318,9417,14766,LA,
12319,9417,14766,EMEA,
12320,9417,14766,AP,
12321,9432,14780,,
12322,9477,14813,AP,
12323,9597,14917,,
12324,9674,14980,EMEA,
12325,9843,15114,NA,
12326,9872,15138,NA,
12327,9890,15155,NA,
12328,9890,15155,LA,
12329,9890,15155,EMEA,
12330,9890,15155,AP,
12331,9907,15169,,
12332,10006,15256,NA,
12333,10006,15256,LA,
12334,10006,15256,EMEA,
12335,10006,15256,AP,
12336,10019,15269,NA,
12337,10163,15382,NA,
12338,10243,15454,NA,
12339,10309,15508,NA,
12340,10309,15508,LA,
12341,10309,15508,AP,
12342,10367,15551,NA,
12343,10368,15552,NA,
12344,10401,15579,,
12345,10563,15703,,
12346,10647,15774,NA,
12347,10647,15774,LA,
12348,10659,15784,AP,Malaysia
12349,10659,15784,AP,Thailand
12350,10659,15784,AP,Nippon Giant
12351,10659,15784,AP,Aurangabad
12352,10659,15784,AP,Indonesia
12353,10659,15784,AP,Pulandian
12354,10713,15829,NA,
12355,10713,15829,EMEA,Luxembourg
12356,10713,15829,AP,
12357,10723,15838,,
12358,10863,15953,,
12359,11109,16480,,
12360,11169,17217,NA,
12361,11169,17217,LA,
12362,11169,17217,EMEA,
12363,11169,17217,AP,
12364,11188,17238,NA,
12365,11339,17449,NA,
12366,11524,17773,NA,
12367,11607,17897,NA,
12368,11607,17897,LA,
12369,11607,17897,EMEA,
12370,11607,17897,AP,
12371,11787,18169,NA,
12372,11787,18169,LA,
12373,11787,18169,EMEA,
12374,11787,18169,AP,
12375,11793,18175,NA,
12376,11847,18276,NA,
12377,12189,18642,NA,
12378,12195,18650,NA,
12379,9466,14804,NA,
12380,9525,14848,NA,
12381,9595,14915,,
12382,9660,14967,EMEA,Debica
12383,9677,14982,,
12384,9833,15104,NA,
12385,9833,15104,LA,
12386,9833,15104,EMEA,
12387,9833,15104,AP,
12388,9844,15116,NA,
12389,9854,15124,AP,Thailand
12390,9891,15156,NA,
12391,9992,15245,,
12392,9999,15250,,
12393,10239,15450,NA,
12394,10247,15457,EMEA,
12395,10263,15468,NA,
12396,10263,15468,LA,
12397,10263,15468,EMEA,
12398,10263,15468,AP,
12399,10273,15478,,
12400,10299,15500,,
12401,10320,15516,NA,
12402,10320,15516,LA,
12403,10320,15516,EMEA,
12404,10320,15516,AP,
12405,10655,15780,,
12406,10687,15807,NA,
12407,10687,15807,LA,
12408,10687,15807,EMEA,
12409,10687,15807,AP,
12410,10887,15996,,
12411,10945,16292,NA,
12412,11070,16435,NA,
12413,11099,16468,NA,
12414,11150,16518,,
12415,11226,17321,,
12416,11283,17374,AP,
12417,11467,17640,NA,
12418,11467,17640,LA,
12419,11467,17640,EMEA,
12420,11467,17640,AP,
12421,11682,17984,NA,
12422,11690,17992,EMEA,
12423,11751,18100,NA,
12424,11751,18100,LA,
12425,11751,18100,EMEA,
12426,11751,18100,AP,
12427,11824,18243,,
12428,11913,18351,,
12429,11950,18393,,
12430,9445,14791,NA,
12431,9445,14791,LA,
12432,9445,14791,EMEA,
12433,9445,14791,AP,
12434,9521,14846,,
12435,9523,14847,NA,
12436,9523,14847,LA,
12437,9523,14847,EMEA,
12438,9523,14847,AP,
12439,9552,14877,NA,
12440,9553,14878,NA,
12441,9911,15171,NA,
12442,10115,15346,NA,
12443,10184,15401,NA,
12444,10221,15437,NA,
12445,10245,15455,NA,
12446,10245,15455,LA,
12447,10245,15455,EMEA,
12448,10245,15455,AP,
12449,10318,15514,LA,
12450,10321,15517,NA,
12451,10410,15586,NA,
12452,10410,15586,LA,
12453,10410,15586,EMEA,
12454,10410,15586,AP,
12455,10683,15805,NA,
12456,10683,15805,LA,
12457,10683,15805,EMEA,
12458,10683,15805,AP,
12459,10691,15812,EMEA,
12460,10901,16239,,
12461,11032,16390,NA,
12462,11032,16390,LA,
12463,11032,16390,AP,
12464,11037,16395,NA,
12465,11037,16395,LA,
12466,11037,16395,AP,
12467,11116,16488,,
12468,11198,17248,,
12469,11213,17262,,
12470,12025,18469,NA,
12471,12029,18473,,
12472,12035,18477,NA,
12473,12035,18477,LA,
12474,12035,18477,EMEA,
12475,12035,18477,AP,
12476,12043,18486,NA,
12477,12055,18509,NA,
12478,12057,18510,LA,
12479,12061,18517,,
12480,12067,18520,NA,
12481,12070,18523,NA,
12482,12071,18524,NA,
12483,12073,18527,NA,
12484,12073,18527,LA,
12485,12073,18527,AP,
12486,12079,18530,NA,
12487,12085,18536,,
12488,12087,18538,,
12489,9403,14756,EMEA,Luxembourg
12490,9591,14913,,
12491,9799,15079,NA,
12492,9799,15079,LA,
12493,9799,15079,EMEA,
12494,9799,15079,AP,
12495,9955,15213,,
12496,10523,15672,,
12497,10629,15763,,
12498,10670,15794,,
12499,10736,15850,,
12500,10815,15914,NA,
12501,10815,15914,LA,
12502,10815,15914,EMEA,
12503,10815,15914,AP,
12504,10900,16238,NA,
12505,10900,16238,LA,
12506,10900,16238,EMEA,
12507,10900,16238,AP,
12508,11001,16350,NA,
12509,11001,16350,LA,
12510,11001,16350,EMEA,
12511,11001,16350,AP,
12512,11117,16489,,
12513,11318,17428,EMEA,
12514,11397,17519,NA,
12515,11511,17748,NA,
12516,11630,17923,,
12517,11707,18020,,
12518,11712,18030,NA,
12519,11712,18030,LA,
12520,11712,18030,EMEA,
12521,11712,18030,AP,
12522,11771,18119,,
12523,11777,18161,NA,
12524,11794,18176,NA,
12525,11798,18180,NA,
12526,11822,18241,,
12527,11829,18251,NA,
12528,11829,18251,LA,
12529,11829,18251,EMEA,
12530,11829,18251,AP,
12531,11856,18291,NA,
12532,11856,18291,LA,
12533,11856,18291,EMEA,
12534,11856,18291,AP,
12535,11858,18293,NA,
12536,11858,18293,LA,
12537,11858,18293,EMEA,
12538,11858,18293,AP,
12539,11863,18296,NA,
12540,11863,18296,LA,
12541,11863,18296,EMEA,
12542,11863,18296,AP,
12543,11870,18302,,
12544,11877,18309,LA,
12545,11881,18315,NA,
12546,11881,18315,LA,
12547,11881,18315,EMEA,
12548,11881,18315,AP,
12549,11883,18317,NA,
12550,11883,18317,LA,
12551,11883,18317,EMEA,
12552,11883,18317,AP,
12553,11889,18323,NA,
12554,11910,18348,,
12555,11911,18349,,
12556,11917,18354,,
12557,11919,18356,,
12558,11924,18359,NA,
12559,11924,18359,LA,
12560,11924,18359,EMEA,
12561,11924,18359,AP,
12562,12563,19397,EMEA,
12563,12703,19677,NA,
12564,12703,19677,LA,
12565,12703,19677,EMEA,
12566,12703,19677,AP,
12567,12728,19705,,
12568,12842,19858,NA,
12569,12842,19858,LA,
12570,12842,19858,EMEA,
12571,12842,19858,AP,
12572,13037,20244,NA,
12573,13250,20717,,
12574,13500,21453,,
12575,13553,21589,NA,
12576,13597,21786,,
12577,13606,21795,,
12578,13611,21800,,
12579,13659,21979,,
12580,13749,22198,NA,
12581,13749,22198,LA,
12582,13749,22198,AP,
12583,13760,22224,EMEA,
12584,13815,22411,NA,
12585,13815,22411,LA,
12586,13815,22411,EMEA,
12587,13815,22411,AP,
12588,13943,22853,,
12589,13971,22952,,
12590,14286,23858,,
12591,14316,23951,,
12592,14334,23989,NA,
12593,14334,23989,LA,
12594,14334,23989,AP,
12595,14615,24669,NA,
12596,14615,24669,LA,
12597,14615,24669,EMEA,
12598,14615,24669,AP,
12599,14709,24916,,
12600,14829,25129,,
12601,14895,25296,NA,
12602,14895,25296,LA,
12603,14895,25296,EMEA,
12604,14895,25296,AP,
12605,14988,25517,,
12606,14996,25557,NA,
12607,14996,25557,LA,
12608,14996,25557,EMEA,
12609,14996,25557,AP,
12610,15150,26139,NA,
12611,15150,26139,EMEA,
12612,15275,26372,NA,
12613,15277,26376,NA,
12614,15278,26377,NA,
12615,15278,26377,LA,
12616,15278,26377,EMEA,
12617,15278,26377,AP,
12618,15280,26379,,
12619,15281,26380,,
12620,15282,26407,,
12621,15284,26408,NA,
12622,15284,26408,LA,
12623,15284,26408,EMEA,
12624,15284,26408,AP,
12625,12627,19544,,
12626,12837,19853,NA,
12627,12938,19979,NA,
12628,12938,19979,LA,
12629,12973,20022,NA,
12630,12973,20022,LA,
12631,12973,20022,EMEA,
12632,12973,20022,AP,
12633,13168,20478,,
12634,13222,20676,,
12635,13234,20697,LA,
12636,13254,20721,,
12637,13664,21984,,
12638,13740,22152,NA,
12639,13795,22337,NA,
12640,13795,22337,LA,
12641,13795,22337,AP,
12642,13831,22483,,
12643,13915,22767,NA,
12644,14224,23686,NA,
12645,14224,23686,LA,
12646,14224,23686,EMEA,
12647,14224,23686,AP,
12648,14483,24354,,
12649,14485,24356,,
12650,14682,24866,EMEA,
12651,14684,24867,NA,
12652,14684,24867,LA,
12653,14684,24867,EMEA,
12654,14684,24867,AP,
12655,14685,24869,NA,
12656,14685,24869,LA,
12657,14685,24869,EMEA,
12658,14685,24869,AP,
12659,14689,24880,NA,
12660,14689,24880,LA,
12661,14689,24880,EMEA,
12662,14689,24880,AP,
12663,14693,24887,NA,
12664,14693,24887,LA,
12665,14693,24887,EMEA,
12666,14693,24887,AP,
12667,14698,24899,,
12668,14703,24910,,
12669,14707,24914,,
12670,14718,24924,NA,
12671,14728,24943,NA,
12672,14728,24943,LA,
12673,14728,24943,EMEA,
12674,14728,24943,AP,
12675,14746,24963,NA,
12676,14750,24967,NA,
12677,14751,24968,NA,
12678,14751,24968,LA,
12679,14751,24968,EMEA,
12680,14751,24968,AP,
12681,14765,25007,,
12682,14766,25008,,
12683,14776,25036,NA,
12684,14776,25036,LA,
12685,14776,25036,EMEA,
12686,14776,25036,AP,
12687,14779,25046,NA,
12688,14793,25061,LA,Americana
12689,14795,25063,NA,
12690,14795,25063,LA,
12691,14795,25063,EMEA,
12692,14795,25063,AP,
12693,14798,25077,,
12694,14800,25083,,
12695,14836,25152,,
12696,12443,19204,NA,
12697,12443,19204,LA,
12698,12443,19204,EMEA,
12699,12443,19204,AP,
12700,12491,19267,NA,
12701,12531,19321,,
12702,12638,19566,,
12703,12818,19836,NA,
12704,13040,20247,NA,
12705,13173,20483,,
12706,13186,20553,,
12707,13232,20690,NA,
12708,13562,21647,,
12709,13736,22148,NA,
12710,13736,22148,LA,
12711,13736,22148,EMEA,
12712,13736,22148,AP,
12713,13811,22394,,
12714,13979,22980,LA,Americana
12715,14212,23667,,
12716,14341,24000,NA,
12717,14341,24000,LA,
12718,14341,24000,EMEA,
12719,14341,24000,AP,
12720,14358,24074,NA,
12721,14358,24074,LA,
12722,14358,24074,EMEA,
12723,14358,24074,AP,
12724,14497,24370,NA,
12725,14755,24975,,
12726,14824,25112,,
12727,14938,25392,NA,
12728,15027,25618,NA,
12729,15027,25618,LA,
12730,15027,25618,EMEA,
12731,15027,25618,AP,
12732,15035,25626,NA,
12733,15035,25626,LA,
12734,15035,25626,EMEA,
12735,15035,25626,AP,
12736,15041,25640,NA,
12737,15042,25641,NA,
12738,15042,25641,LA,
12739,15042,25641,EMEA,
12740,15042,25641,AP,
12741,15050,25656,,
12742,15058,25668,NA,
12743,15080,25771,NA,Valleyfield
12744,15080,25771,LA,
12745,15080,25771,EMEA,
12746,15087,25798,,
12747,15089,25800,,
12748,15090,25801,,
12749,15103,25819,NA,
12750,15103,25819,LA,
12751,15103,25819,AP,
12752,15104,25820,,
12753,15110,25847,NA,
12754,15110,25847,LA,
12755,15110,25847,EMEA,
12756,15110,25847,AP,
12757,15112,25849,NA,
12758,15112,25849,LA,
12759,15112,25849,EMEA,
12760,15112,25849,AP,
12761,12521,19303,AP,
12762,12533,19331,AP,
12763,12568,19406,NA,
12764,12568,19406,LA,
12765,12568,19406,EMEA,
12766,12568,19406,AP,
12767,12570,19408,,
12768,12595,19455,NA,
12769,12595,19455,LA,
12770,12595,19455,EMEA,
12771,12595,19455,AP,
12772,12650,19591,NA,
12773,12695,19662,,
12774,12793,19813,,
12775,12860,19876,NA,
12776,12867,19883,NA,
12777,12897,19933,,
12778,13134,20421,,
12779,13135,20422,,
12780,13138,20441,AP,
12781,13163,20473,,
12782,13203,20597,NA,
12783,13210,20604,NA,
12784,13210,20604,LA,
12785,13210,20604,EMEA,
12786,13210,20604,AP,
12787,13344,20927,,
12788,13576,21695,NA,
12789,13592,21729,,
12790,13599,21788,,
12791,13615,21804,,
12792,13618,21807,,
12793,13619,21808,,
12794,13742,22172,NA,
12795,13742,22172,LA,
12796,13904,22744,,
12797,14134,23338,NA,
12798,14260,23790,NA,
12799,14260,23790,LA,
12800,14260,23790,EMEA,
12801,14265,23805,NA,
12802,14265,23805,LA,
12803,14265,23805,AP,
12804,14266,23806,,
12805,14267,23807,,
12806,14272,23812,NA,
12807,14272,23812,LA,
12808,14326,23978,NA,
12809,14326,23978,LA,
12810,14326,23978,AP,
12811,12475,19251,,
12812,12554,19370,EMEA,
12813,12574,19415,,
12814,13131,20418,,
12815,13311,20835,,
12816,13312,20836,,
12817,13373,21027,NA,
12818,13439,21272,NA,
12819,13439,21272,LA,
12820,13439,21272,AP,
12821,13445,21286,,
12822,13459,21305,NA,
12823,13471,21354,NA,
12824,13471,21354,LA,
12825,13471,21354,EMEA,
12826,13471,21354,AP,
12827,13488,21436,,
12828,13548,21583,NA,
12829,13587,21706,,
12830,13595,21759,NA,
12831,13595,21759,LA,
12832,13595,21759,EMEA,
12833,13595,21759,AP,
12834,13672,22031,,
12835,13679,22047,,
12836,13962,22928,,
12837,13992,23004,NA,
12838,13992,23004,LA,
12839,13992,23004,EMEA,
12840,13992,23004,AP,
12841,14021,23051,NA,
12842,14105,23229,,
12843,14147,23367,,
12844,14493,24364,EMEA,
12845,14663,24831,,
12846,14820,25109,NA,
12847,14820,25109,LA,
12848,14820,25109,EMEA,
12849,14820,25109,AP,
12850,14826,25122,NA,
12851,14826,25122,LA,
12852,14826,25122,EMEA,
12853,14826,25122,AP,
12854,14933,25386,NA,
12855,14933,25386,EMEA,
12856,15115,25852,NA,
12857,15115,25852,LA,
12858,15115,25852,EMEA,
12859,15115,25852,AP,
12860,15157,26147,NA,
12861,15157,26147,EMEA,
12862,15270,26365,NA,
12863,15285,26409,NA,
12864,15285,26409,LA,
12865,15285,26409,EMEA,
12866,15285,26409,AP,
12867,15288,26436,NA,
12868,15288,26436,LA,
12869,15288,26436,EMEA,
12870,15288,26436,AP,
12871,15290,26437,LA,
12872,15292,26477,NA,
12873,12385,19125,NA,
12874,12385,19125,LA,
12875,12385,19125,EMEA,
12876,12385,19125,AP,
12877,12389,19134,,
12878,12390,19135,,
12879,12406,19149,EMEA,
12880,12481,19259,,
12881,12875,19891,,
12882,13058,20272,NA,
12883,13078,20320,NA,
12884,13078,20320,LA,
12885,13078,20320,AP,
12886,13124,20411,,
12887,13156,20466,,
12888,13229,20685,NA,
12889,13516,21475,NA,
12890,13516,21475,LA,
12891,13516,21475,EMEA,
12892,13516,21475,AP,
12893,13518,21487,NA,
12894,13518,21487,LA,
12895,13518,21487,EMEA,
12896,13518,21487,AP,
12897,13538,21558,NA,
12898,13743,22173,NA,Medicine Hat
12899,13743,22173,EMEA,
12900,13743,22173,NA,Napanee
12902,13743,22173,NA,Valleyfield
12904,13751,22200,,
12905,13752,22201,NA,
12906,13752,22201,LA,
12907,13752,22201,AP,
12908,13773,22291,NA,Valleyfield
12909,13773,22291,LA,
12910,13870,22606,NA,
12911,13870,22606,LA,
12912,13870,22606,EMEA,
12913,13870,22606,AP,
12914,13957,22887,NA,
12915,14009,23025,EMEA,
12916,14094,23213,NA,
12917,14094,23213,LA,
12918,14094,23213,EMEA,
12919,14094,23213,AP,
12920,14234,23735,NA,
12921,14234,23735,LA,
12922,14324,23973,,
12923,14394,24187,,
12924,14580,24589,NA,
12925,14674,24842,,
12926,14837,25153,,
12927,14841,25162,NA,
12928,14842,25166,NA,
12929,14842,25166,LA,
12930,14842,25166,EMEA,
12931,14842,25166,AP,
12932,14857,25188,NA,
12933,14857,25188,LA,
12934,14857,25188,EMEA,
12935,14857,25188,AP,
12936,14860,25196,,
12937,14864,25209,,
12938,14868,25229,,
12939,14869,25230,,
12940,12386,19126,NA,
12941,12386,19126,LA,
12942,12386,19126,EMEA,
12943,12386,19126,AP,
12944,12387,19127,NA,
12945,12387,19127,LA,
12946,12387,19127,EMEA,
12947,12387,19127,AP,
12948,12489,19265,NA,
12949,12489,19265,EMEA,Debica
12951,12489,19265,EMEA,Philippsburg
12953,12489,19265,EMEA,Amiens North
12955,12489,19265,EMEA,Luxembourg
12957,12489,19265,EMEA,Adapazari
12959,12489,19265,EMEA,Sava
12961,12489,19265,EMEA,Izmit
12963,12489,19265,EMEA,Fulda
12965,12489,19265,EMEA,Wolverhampton
12967,12489,19265,EMEA,Amiens South
12969,12489,19265,EMEA,Montlucon
12971,12489,19265,EMEA,Hanau
12973,12489,19265,EMEA,Wittlich
12975,12489,19265,EMEA,Fuerstenwalde
12977,12489,19265,EMEA,Riesa
12979,12489,19265,EMEA,Birmingham
12981,12489,19265,EMEA,Polymer-Technik Elbe GmbH
12982,12566,19404,NA,
12983,12566,19404,LA,
12984,12566,19404,EMEA,
12985,12566,19404,AP,
12986,12567,19405,NA,
12987,12567,19405,LA,
12988,12567,19405,AP,
12989,12722,19697,,
12990,12856,19870,,
12991,12917,19956,,
12992,13176,20492,,
12993,13239,20703,,
12994,13260,20736,NA,
12995,13504,21458,,
12996,13610,21799,,
12997,13731,22143,NA,
12998,13731,22143,LA,
12999,13731,22143,EMEA,
13000,13731,22143,AP,
13001,14197,23624,,
13002,14226,23697,NA,
13003,14269,23809,NA,
13004,14314,23937,,
13005,14368,24097,NA,
13006,14368,24097,LA,
13007,14368,24097,EMEA,
13008,14368,24097,AP,
13009,14634,24709,EMEA,
13010,14832,25140,NA,
13011,14832,25140,LA,
13012,14832,25140,AP,
13013,14937,25391,NA,
13014,14997,25558,NA,
13015,14997,25558,LA,
13016,14997,25558,EMEA,
13017,14997,25558,AP,
13018,15054,25665,NA,
13019,15054,25665,LA,
13020,15054,25665,EMEA,
13021,15054,25665,AP,
13022,15065,25692,NA,
13023,15078,25769,NA,
13024,15078,25769,LA,
13025,15078,25769,EMEA,
13026,15078,25769,AP,
13027,15117,25871,NA,
13028,15117,25871,LA,
13029,15117,25871,EMEA,
13030,15117,25871,AP,
13031,15119,25873,NA,
13032,15119,25873,LA,
13033,15119,25873,EMEA,
13034,15119,25873,AP,
13035,15122,25916,,
13036,15123,25917,,
13037,15124,25918,,
13038,15126,25920,,
13039,15130,25964,EMEA,
13040,15133,25972,NA,
13041,15134,25994,NA,
13042,15134,25994,LA,
13043,15134,25994,EMEA,
13044,15134,25994,AP,
13045,15137,26023,NA,
13046,15139,26039,,
13047,15140,26048,NA,
13048,15140,26048,LA,
13049,15140,26048,EMEA,
13050,15140,26048,AP,
13051,12355,19068,NA,
13052,12428,19178,,
13053,12541,19343,,
13054,12625,19542,,
13055,12896,19932,,
13056,12911,19950,,
13057,13022,20209,NA,
13058,13048,20254,,
13059,13077,20319,NA,
13060,13088,20333,,
13061,13274,20778,,
13062,13425,21183,NA,
13063,13491,21439,NA,
13064,13491,21439,LA,
13065,13491,21439,EMEA,
13066,13491,21439,AP,
13067,13608,21797,,
13068,13772,22290,NA,
13069,13772,22290,LA,
13070,13772,22290,EMEA,
13071,13772,22290,AP,
13072,14131,23335,NA,
13073,14179,23539,,
13074,14299,23903,NA,
13075,14299,23903,LA,
13076,14299,23903,EMEA,
13077,14440,24298,,
13078,14632,24693,NA,
13079,14632,24693,LA,
13080,14632,24693,EMEA,
13081,14632,24693,AP,
13082,14717,24923,NA,
13083,14732,24950,NA,
13084,14732,24950,LA,
13085,14732,24950,EMEA,
13086,14732,24950,AP,
13087,14812,25102,NA,Medicine Hat
13088,14812,25102,LA,
13089,14812,25102,EMEA,
13090,14812,25102,AP,
13091,14812,25102,NA,Napanee
13095,14812,25102,NA,Valleyfield
13099,14812,25102,NA,
13100,14812,25102,LA,Peru
13106,14812,25102,AP,Nippon Giant
13107,15031,25622,NA,
13108,15031,25622,LA,
13109,15031,25622,EMEA,
13110,15031,25622,AP,
13111,15118,25872,NA,
13112,15118,25872,LA,
13113,15118,25872,EMEA,
13114,15118,25872,AP,
13115,15128,25951,NA,
13116,15128,25951,LA,
13117,15128,25951,EMEA,
13118,15128,25951,AP,
13119,15136,26022,NA,
13120,15144,26133,NA,
13121,15144,26133,EMEA,
13122,15146,26135,NA,
13123,15146,26135,EMEA,
13124,15156,26145,NA,
13125,15156,26145,EMEA,
13126,15161,26151,NA,
13127,15161,26151,EMEA,
13128,15162,26152,NA,
13129,15162,26152,EMEA,
13130,15168,26169,NA,
13131,15175,26185,NA,
13132,15175,26185,LA,
13133,15175,26185,EMEA,
13134,15175,26185,AP,
13135,12405,19148,NA,
13136,12405,19148,LA,
13137,12405,19148,EMEA,
13138,12405,19148,AP,
13139,12626,19543,,
13140,12730,19707,,
13141,12839,19855,NA,
13142,12898,19934,,
13143,12922,19961,,
13144,12952,20002,AP,
13145,12990,20053,NA,
13146,12990,20053,LA,
13147,12990,20053,EMEA,
13148,12990,20053,AP,
13149,13091,20353,,
13150,13110,20397,,
13151,13183,20522,,
13152,13240,20706,,
13153,13283,20792,,
13154,13284,20793,,
13155,13286,20795,,
13156,13320,20864,NA,
13157,13320,20864,LA,
13158,13320,20864,EMEA,
13159,13320,20864,AP,
13160,13337,20917,NA,
13161,13337,20917,LA,
13162,13337,20917,EMEA,
13163,13337,20917,AP,
13164,13339,20919,NA,
13165,13339,20919,LA,
13166,13339,20919,EMEA,
13167,13339,20919,AP,
13168,13369,21003,,
13169,13400,21069,NA,
13170,13400,21069,LA,
13171,13400,21069,EMEA,
13172,13400,21069,AP,
13173,13424,21182,NA,
13174,13486,21431,NA,
13175,13486,21431,LA,
13176,13486,21431,EMEA,
13177,13486,21431,AP,
13178,13565,21655,,
13179,13695,22074,NA,
13180,13695,22074,LA,
13181,13695,22074,EMEA,
13182,13695,22074,AP,
13183,13902,22732,NA,
13184,13902,22732,LA,
13185,13902,22732,EMEA,
13186,13902,22732,AP,
13187,13989,23001,NA,
13188,13989,23001,LA,
13189,13989,23001,EMEA,
13190,14015,23045,,
13191,14018,23048,NA,
13192,14122,23297,,
13193,14143,23348,,
13194,14292,23883,NA,
13195,14330,23984,EMEA,Adapazari
13196,14330,23984,EMEA,Izmit
13197,14430,24264,,
13198,14586,24602,,
13199,14628,24685,NA,
13200,14628,24685,LA,
13201,14628,24685,EMEA,
13202,14628,24685,AP,
13203,12513,19295,NA,
13204,12611,19516,,
13205,12644,19572,,
13206,12753,19765,,
13207,13023,20210,NA,
13208,13172,20482,,
13209,13370,21025,NA,
13210,13387,21045,NA,
13211,13410,21089,,
13212,13422,21177,,
13213,13777,22304,NA,
13214,14282,23846,,
13215,14342,24001,,
13216,14344,24003,,
13217,14504,24377,EMEA,
13218,14523,24403,NA,
13219,14523,24403,LA,
13220,14523,24403,EMEA,
13221,14523,24403,AP,
13222,14540,24457,NA,
13223,14540,24457,LA,
13224,14540,24457,EMEA,
13225,14540,24457,AP,
13226,14542,24466,,
13227,14595,24652,NA,
13228,14595,24652,LA,
13229,14595,24652,EMEA,
13230,14595,24652,AP,
13231,14606,24661,NA,Chem Bayport
13232,14613,24667,,
13233,14624,24681,EMEA,
13234,14712,24918,NA,
13235,14764,25006,,
13236,14872,25233,,
13237,14877,25255,NA,
13238,14877,25255,LA,
13239,14877,25255,EMEA,
13240,14877,25255,AP,
13241,14880,25265,NA,
13242,14882,25267,NA,
13243,14883,25268,NA,
13244,14889,25284,NA,
13245,14889,25284,LA,
13246,14889,25284,EMEA,
13247,14889,25284,AP,
13248,14892,25287,NA,
13249,14892,25287,LA,
13250,14892,25287,AP,
13251,14899,25306,NA,
13252,14906,25320,NA,
13253,14908,25322,NA,
13254,14910,25324,NA,
13255,14913,25327,NA,
13256,14916,25329,NA,
13257,14917,25330,NA,
13258,14917,25330,EMEA,
13259,14922,25335,NA,
13260,14922,25335,EMEA,
13261,12583,19428,NA,
13262,12583,19428,LA,
13263,12583,19428,EMEA,
13264,12583,19428,AP,
13265,12584,19429,NA,
13266,12584,19429,LA,
13267,12584,19429,EMEA,
13268,12584,19429,AP,
13269,12585,19430,NA,
13270,12585,19430,LA,
13271,12585,19430,EMEA,
13272,12585,19430,AP,
13273,12617,19520,,
13274,12686,19652,NA,
13275,12697,19664,,
13276,12848,19864,NA,
13277,12892,19928,,
13278,13008,20127,EMEA,
13279,13098,20369,NA,
13280,13192,20562,,
13281,13402,21070,NA,
13282,13402,21070,LA,
13283,13402,21070,EMEA,
13284,13402,21070,AP,
13285,13446,21287,,
13286,13448,21290,NA,
13287,13485,21417,LA,
13288,13602,21791,,
13289,13622,21833,NA,
13290,13622,21833,LA,
13291,13622,21833,EMEA,Adapazari
13292,13622,21833,AP,
13295,13622,21833,EMEA,Izmit
13297,13622,21833,NA,Other
13299,13622,21833,EMEA,
13301,13778,22305,NA,
13302,13807,22379,,
13303,14108,23238,NA,
13304,14110,23244,NA,
13305,14110,23244,LA,
13306,14110,23244,EMEA,
13307,14110,23244,AP,
13308,14453,24320,NA,
13309,14609,24663,,
13310,14680,24857,NA,
13311,14680,24857,LA,
13312,14680,24857,EMEA,
13313,14680,24857,AP,
13314,14714,24920,NA,
13315,14782,25049,,
13316,14783,25050,,
13317,15068,25723,NA,
13318,15068,25723,LA,
13319,15068,25723,AP,
13320,15121,25915,,
13321,15142,26071,NA,
13322,15142,26071,LA,
13323,15147,26136,NA,
13324,15147,26136,EMEA,
13325,15151,26140,NA,
13326,15151,26140,EMEA,
13327,15152,26141,NA,
13328,15152,26141,EMEA,
13329,15154,26143,NA,
13330,15154,26143,EMEA,
13331,15155,26144,NA,
13332,15155,26144,EMEA,
13333,15160,26150,NA,
13334,15160,26150,EMEA,
13335,15164,26153,,
13336,15170,26171,,
13337,15176,26186,,
13338,12421,19165,,
13339,12473,19250,NA,
13340,12473,19250,LA,
13341,12473,19250,EMEA,
13342,12473,19250,AP,
13343,12515,19297,NA,
13344,12633,19552,EMEA,
13345,12741,19735,NA,
13346,12741,19735,LA,
13347,12741,19735,EMEA,
13348,12741,19735,AP,
13349,12989,20052,NA,
13350,12989,20052,LA,
13351,12989,20052,EMEA,
13352,12989,20052,AP,
13353,12991,20054,NA,
13354,12991,20054,LA,
13355,12991,20054,EMEA,
13356,12991,20054,AP,
13357,12994,20058,,
13358,13096,20363,,
13359,13119,20406,,
13360,13153,20463,,
13361,13299,20811,,
13362,13378,21035,NA,
13363,13378,21035,LA,
13364,13378,21035,EMEA,
13365,13378,21035,AP,
13366,13420,21176,NA,
13367,13556,21603,NA,Medicine Hat
13368,13556,21603,LA,
13369,13556,21603,EMEA,
13370,13556,21603,AP,
13371,13556,21603,NA,Napanee
13375,13556,21603,NA,Valleyfield
13379,13631,21882,NA,
13380,13633,21884,NA,
13381,13821,22461,,
13382,13847,22530,NA,
13383,14002,23018,EMEA,
13384,14023,23053,NA,
13385,14142,23347,,
13386,14331,23985,NA,
13387,14331,23985,LA,
13388,14331,23985,EMEA,
13389,14331,23985,AP,
13390,14654,24810,,
13391,14762,25001,,
13392,14763,25002,,
13393,14784,25051,,
13394,14863,25199,,
13395,15074,25750,NA,
13396,15074,25750,LA,
13397,15074,25750,EMEA,
13398,15074,25750,AP,
13399,15172,26182,NA,
13400,15172,26182,LA,
13401,15172,26182,EMEA,
13402,15172,26182,AP,
13403,15179,26209,NA,
13404,15179,26209,LA,
13405,15179,26209,EMEA,
13406,15179,26209,AP,
13407,15190,26256,NA,
13408,15190,26256,LA,
13409,15190,26256,EMEA,
13410,15190,26256,AP,
13411,15202,26284,AP,
13412,15203,26285,AP,
13413,12398,19141,,
13414,12459,19226,NA,
13415,12459,19226,LA,
13416,12509,19286,NA,
13417,12509,19286,LA,
13418,12509,19286,EMEA,
13419,12509,19286,AP,
13420,12514,19296,NA,
13421,12602,19491,,
13422,12647,19588,NA,
13423,12707,19679,EMEA,
13424,12933,19974,,
13425,12934,19975,,
13426,13028,20222,NA,
13427,13028,20222,LA,
13428,13038,20245,NA,
13429,13053,20258,,
13430,13142,20445,,
13431,13221,20666,,
13432,13412,21094,NA,
13433,13412,21094,LA,
13434,13520,21493,,
13435,13521,21494,,
13436,13630,21881,NA,
13437,13838,22501,AP,
13438,13892,22684,NA,
13439,14087,23174,NA,
13440,14087,23174,LA,
13441,14087,23174,AP,
13442,14114,23263,NA,
13443,14114,23263,LA,
13444,14114,23263,EMEA,
13445,14114,23263,AP,
13446,14177,23537,,
13447,14236,23740,NA,
13448,14318,23965,,
13449,14522,24401,NA,
13450,14522,24401,LA,
13451,14522,24401,EMEA,
13452,14592,24648,NA,ICM*A
13453,14636,24716,EMEA,
13454,14676,24844,,
13455,14713,24919,NA,
13456,14715,24921,NA,
13457,14727,24942,,
13458,14731,24946,,
13459,14758,24981,NA,
13460,14758,24981,LA,
13461,14780,25047,,
13462,14858,25194,NA,
13463,14858,25194,LA,
13464,14858,25194,AP,
13465,12718,19693,,
13466,12727,19704,,
13467,12737,19715,,
13468,12750,19762,,
13469,13050,20255,,
13470,13298,20810,,
13471,13374,21028,NA,
13472,13457,21303,NA,
13473,13458,21304,NA,
13474,13663,21983,,
13475,13668,22019,NA,
13476,13668,22019,LA,
13477,13770,22256,,
13478,13826,22479,NA,
13479,13826,22479,LA,
13480,13826,22479,EMEA,
13481,13826,22479,AP,
13482,13852,22545,EMEA,
13483,14044,23077,EMEA,
13484,14221,23684,,
13485,14225,23687,NA,
13486,14225,23687,LA,
13487,14225,23687,EMEA,
13488,14225,23687,AP,
13489,14366,24091,,
13490,14422,24238,,
13491,14480,24351,NA,
13492,14480,24351,LA,
13493,14480,24351,EMEA,
13494,14480,24351,AP,
13495,14843,25167,NA,
13496,14843,25167,LA,
13497,14843,25167,EMEA,
13498,14843,25167,AP,
13499,14888,25283,NA,
13500,14888,25283,LA,
13501,14888,25283,EMEA,
13502,14888,25283,AP,
13503,14926,25351,,
13504,14928,25382,NA,
13505,14928,25382,LA,
13506,14928,25382,EMEA,
13507,14928,25382,AP,
13508,14934,25388,NA,
13509,14942,25401,,
13510,14944,25403,,
13511,14948,25439,,
13512,14955,25456,,
13513,14960,25465,NA,
13514,14964,25471,,
13515,14969,25484,NA,
13516,14969,25484,LA,
13517,14969,25484,EMEA,
13518,14969,25484,AP,
13519,14972,25487,,
13520,14976,25502,,
13521,14978,25504,,
13522,14979,25505,,
13523,14980,25506,,
13524,12791,19811,,
13525,12792,19812,,
13526,12907,19944,,
13527,12915,19954,,
13528,13102,20388,NA,
13529,13273,20777,,
13530,13287,20796,,
13531,13345,20928,NA,
13532,13345,20928,LA,
13533,13345,20928,EMEA,
13534,13345,20928,AP,
13535,13492,21440,NA,
13536,13492,21440,LA,
13537,13492,21440,EMEA,
13538,13492,21440,AP,
13539,13551,21586,NA,
13540,13574,21694,NA,
13541,13574,21694,LA,
13542,13574,21694,AP,
13543,13580,21699,NA,
13544,13616,21805,,
13545,13739,22151,NA,
13546,13739,22151,LA,
13547,13739,22151,EMEA,
13548,13739,22151,AP,
13549,14019,23049,NA,
13550,14019,23049,LA,
13551,14019,23049,EMEA,
13552,14019,23049,AP,
13553,14020,23050,NA,
13554,14240,23746,NA,
13555,14270,23810,NA,
13556,14270,23810,LA,
13557,14270,23810,AP,
13558,14274,23835,,
13559,14277,23841,,
13560,14278,23842,,
13561,14566,24573,NA,
13562,14566,24573,LA,
13563,14566,24573,EMEA,
13564,14566,24573,AP,
13565,14760,24989,,
13566,14774,25034,,
13567,15166,26167,NA,
13568,15167,26168,NA,
13569,15178,26208,NA,
13570,15178,26208,LA,
13571,15178,26208,EMEA,
13572,15178,26208,AP,
13573,15182,26221,,
13574,15183,26222,NA,
13575,15183,26222,LA,
13576,15183,26222,EMEA,
13577,15183,26222,AP,
13578,15184,26224,NA,
13579,15184,26224,LA,
13580,15184,26224,EMEA,
13581,15184,26224,AP,
13582,15187,26240,NA,
13583,15188,26241,NA,
13584,15192,26261,NA,
13585,15192,26261,LA,
13586,15192,26261,EMEA,
13587,15192,26261,AP,
13588,15193,26262,NA,
13589,15193,26262,LA,
13590,15193,26262,EMEA,
13591,15193,26262,AP,
13592,15194,26277,NA,
13593,15194,26277,LA,
13594,15194,26277,EMEA,
13595,15194,26277,AP,
13596,15196,26278,AP,
13597,15197,26279,AP,
13598,15198,26280,AP,
13599,12537,19335,,
13600,12578,19421,,
13601,12619,19524,NA,
13602,12619,19524,LA,
13603,12619,19524,EMEA,
13604,12619,19524,AP,
13605,12690,19656,NA,
13606,12779,19788,NA,
13607,12789,19807,,
13608,12790,19808,,
13609,12835,19851,NA,
13610,12841,19857,NA,
13611,12905,19941,,
13612,13247,20714,NA,
13613,13247,20714,LA,
13614,13247,20714,EMEA,
13615,13247,20714,AP,
13616,13305,20819,NA,
13617,13306,20820,NA,
13618,13353,20936,NA,
13619,13353,20936,LA,
13620,13353,20936,EMEA,
13621,13353,20936,AP,
13622,13530,21503,,
13623,13558,21632,,
13624,13718,22130,NA,
13625,13718,22130,LA,
13626,13718,22130,EMEA,
13627,13718,22130,AP,
13628,13900,22719,NA,
13629,13946,22876,NA,
13630,13976,22977,NA,
13631,13976,22977,LA,
13632,13976,22977,EMEA,
13633,13976,22977,AP,
13634,14026,23056,NA,
13635,14194,23621,,
13636,14200,23627,,
13637,14283,23847,,
13638,14644,24753,NA,
13639,14644,24753,LA,
13640,14644,24753,EMEA,
13641,14644,24753,AP,
13642,14911,25325,NA,
13643,14994,25553,NA,
13644,14994,25553,LA,
13645,14994,25553,EMEA,
13646,14994,25553,AP,
13647,15014,25582,NA,
13648,15016,25595,LA,
13649,15204,26286,AP,
13650,15207,26289,AP,
13651,15208,26290,AP,
13652,15210,26292,AP,
13653,15211,26293,AP,
13654,15220,26302,AP,
13655,15222,26304,AP,
13656,15223,26305,AP,
13657,15224,26306,AP,
13658,12379,19120,NA,
13659,12391,19136,,
13660,12392,19137,,
13661,12523,19314,,
13662,12524,19315,,
13663,12685,19651,NA,
13664,12688,19654,NA,
13665,13001,20065,,
13666,13043,20249,NA,
13667,13083,20328,NA,
13668,13278,20782,,
13669,13288,20797,,
13670,13289,20798,,
13671,13290,20799,,
13672,13423,21179,NA,
13673,13423,21179,LA,
13674,13423,21179,EMEA,
13675,13423,21179,AP,
13676,13540,21560,NA,
13677,13540,21560,LA,
13678,13540,21560,EMEA,
13679,13540,21560,AP,
13680,13789,22321,,
13681,13876,22618,,
13682,13981,22982,LA,Americana
13683,14121,23293,NA,
13684,14121,23293,LA,
13685,14121,23293,EMEA,
13686,14121,23293,AP,
13687,14227,23698,NA,
13688,14241,23747,NA,
13689,14395,24188,,
13690,14436,24280,AP,
13691,14442,24300,NA,
13692,14442,24300,LA,
13693,14442,24300,EMEA,
13694,14442,24300,AP,
13695,14525,24409,NA,
13696,14667,24835,,
13697,14668,24836,,
13698,14677,24845,,
13699,14790,25059,LA,Americana
13700,12410,19156,NA,
13701,12457,19225,NA,
13702,12547,19364,NA,
13703,12547,19364,LA,
13704,12547,19364,EMEA,
13705,12547,19364,AP,
13706,12700,19672,NA,
13707,12700,19672,LA,
13708,12700,19672,EMEA,
13709,12700,19672,AP,
13710,12761,19771,NA,
13711,12761,19771,LA,
13712,12761,19771,EMEA,
13713,12761,19771,AP,
13714,12776,19785,,
13715,12782,19793,NA,
13716,12782,19793,LA,
13717,12782,19793,EMEA,
13718,12782,19793,AP,
13719,12829,19845,NA,
13720,12887,19912,,
13721,12913,19952,,
13722,13111,20398,,
13723,13118,20405,,
13724,13132,20419,,
13725,13323,20870,,
13726,13341,20921,EMEA,
13727,13455,21301,NA,
13728,13703,22104,,
13729,13712,22118,,
13730,13721,22133,NA,
13731,13721,22133,LA,
13732,13721,22133,EMEA,
13733,13721,22133,AP,
13734,13862,22583,EMEA,
13735,13862,22583,AP,
13736,13914,22766,NA,
13737,13933,22800,,
13738,13980,22981,LA,Americana
13739,14042,23076,NA,
13740,14042,23076,LA,
13741,14042,23076,EMEA,
13742,14042,23076,AP,
13743,14045,23078,EMEA,
13744,14054,23103,,
13745,14237,23743,NA,
13746,14237,23743,LA,
13747,14237,23743,EMEA,
13748,14237,23743,AP,
13749,14329,23983,NA,
13750,14329,23983,LA,
13751,14329,23983,AP,
13752,14387,24148,,
13753,14416,24228,,
13754,14496,24369,LA,
13755,14694,24888,AP,
13756,14735,24952,NA,
13757,12356,19069,NA,
13758,12591,19433,NA,
13759,12885,19909,,
13760,12928,19964,NA,
13761,12928,19964,LA,
13762,13016,20204,NA,
13763,13016,20204,LA,
13764,13016,20204,EMEA,
13765,13016,20204,AP,
13766,13108,20395,,
13767,13188,20555,,
13768,13198,20577,NA,
13769,13406,21075,NA,
13770,13406,21075,LA,
13771,13406,21075,EMEA,
13772,13406,21075,AP,
13773,13453,21298,,
13774,13467,21337,NA,
13775,13467,21337,LA,
13776,13467,21337,AP,
13777,13552,21587,NA,
13778,13552,21587,LA,
13779,13552,21587,EMEA,
13780,13552,21587,AP,
13781,13554,21590,NA,
13782,13555,21591,NA,
13783,13779,22306,NA,
13784,13798,22340,NA,
13785,13798,22340,LA,
13786,13798,22340,AP,
13787,14010,23026,EMEA,
13788,14029,23059,NA,
13789,14126,23331,NA,
13790,14126,23331,LA,
13791,14126,23331,EMEA,Adapazari
13794,14126,23331,EMEA,Izmit
13795,14222,23685,,
13796,14392,24155,NA,Chem Bayport
13797,14418,24233,NA,
13798,14418,24233,LA,
13799,14431,24266,,
13800,14611,24665,,
13801,14702,24909,,
13802,14787,25055,,
13803,15149,26138,NA,
13804,15149,26138,EMEA,
13805,15205,26287,AP,
13806,15206,26288,AP,
13807,15212,26294,AP,
13808,15213,26295,AP,
13809,15228,26311,,
13810,15229,26312,,
13811,15230,26313,,
13812,15231,26314,AP,
13813,15232,26315,AP,
13814,15233,26317,AP,
13815,15234,26318,AP,
13816,12408,19154,NA,
13817,12469,19242,NA,
13818,12469,19242,LA,
13819,12469,19242,EMEA,
13820,12469,19242,AP,
13821,12517,19299,NA,
13822,12517,19299,LA,
13823,12517,19299,EMEA,
13824,12517,19299,AP,
13825,12632,19550,,
13826,12705,19678,NA,
13827,12705,19678,LA,
13828,12705,19678,EMEA,
13829,12705,19678,AP,
13830,12732,19709,,
13831,13177,20493,,
13832,13334,20914,NA,
13833,13334,20914,LA,
13834,13334,20914,EMEA,
13835,13334,20914,AP,
13836,13614,21803,,
13837,13693,22068,NA,
13838,13693,22068,LA,
13839,13693,22068,AP,Nippon Giant
13842,13693,22068,AP,Aurangabad
13845,13693,22068,AP,Pulandian
13846,13706,22106,,
13847,13707,22107,,
13848,13768,22249,,
13849,13784,22311,NA,
13850,13784,22311,LA,
13851,13784,22311,EMEA,
13852,13784,22311,AP,
13853,13785,22312,,
13854,13787,22314,NA,
13855,13787,22314,LA,
13856,13787,22314,EMEA,
13857,13787,22314,AP,
13858,13846,22529,NA,Danville
13859,13856,22558,NA,
13860,13856,22558,LA,
13861,13856,22558,EMEA,
13862,13856,22558,AP,
13863,13878,22638,,
13864,13963,22929,,
13865,14052,23101,NA,
13866,14052,23101,LA,
13867,14052,23101,EMEA,
13868,14052,23101,AP,
13869,14060,23115,NA,
13870,14060,23115,LA,
13871,14060,23115,AP,
13872,14158,23404,NA,ICM*A
13873,14242,23748,NA,
13874,14242,23748,LA,
13875,14242,23748,EMEA,
13876,14242,23748,AP,
13877,14356,24072,EMEA,
13878,14357,24073,EMEA,
13879,14481,24352,NA,
13880,14481,24352,LA,
13881,14481,24352,EMEA,
13882,14481,24352,AP,
13883,14578,24587,NA,
13884,14855,25186,NA,
13885,14856,25187,NA,
13886,12427,19177,,
13887,12511,19290,,
13888,12543,19347,,
13889,12577,19419,,
13890,12639,19567,,
13891,12859,19875,NA,
13892,12879,19901,,
13893,12891,19917,,
13894,12926,19963,NA,
13895,12926,19963,LA,
13896,12926,19963,EMEA,
13897,12926,19963,AP,
13898,13074,20316,,
13899,13087,20332,,
13900,13329,20893,,
13901,13376,21033,,
13902,13427,21185,NA,
13903,13483,21415,NA,
13904,13483,21415,LA,
13905,13483,21415,AP,
13906,13484,21416,NA,
13907,13484,21416,LA,
13908,13484,21416,AP,
13909,13674,22035,EMEA,
13910,13683,22050,NA,
13911,13683,22050,LA,
13912,13683,22050,EMEA,
13913,13683,22050,AP,
13914,13692,22067,NA,
13915,13692,22067,LA,
13916,13692,22067,EMEA,
13917,13692,22067,AP,
13918,13716,22128,EMEA,
13919,13716,22128,AP,
13920,13806,22378,,
13921,13966,22937,,
13922,13968,22944,NA,
13923,14003,23019,EMEA,
13924,14004,23020,EMEA,
13925,14724,24938,NA,
13926,14724,24938,LA,
13927,14724,24938,AP,
13928,14792,25060,LA,Americana
13929,14794,25062,LA,Americana
13930,14803,25085,EMEA,
13931,14831,25131,,
13932,14839,25160,NA,
13933,14839,25160,LA,
13934,14839,25160,EMEA,
13935,14839,25160,AP,
13936,14866,25227,,
13937,14884,25270,,
13938,12487,19264,NA,
13939,12681,19640,NA,
13940,12778,19787,NA,
13941,12858,19874,NA,
13942,12894,19930,,
13943,12939,19980,,
13944,13507,21464,NA,
13945,13507,21464,LA,
13946,13507,21464,EMEA,
13947,13507,21464,AP,
13948,13727,22139,NA,
13949,13727,22139,LA,
13950,13727,22139,EMEA,
13951,13727,22139,AP,
13952,13984,22996,AP,
13953,14016,23046,NA,
13954,14051,23095,NA,
13955,14051,23095,LA,
13956,14051,23095,EMEA,
13957,14051,23095,AP,
13958,14124,23307,EMEA,
13959,14144,23349,,
13960,14175,23535,,
13961,14384,24130,NA,
13962,14384,24130,LA,
13963,14384,24130,AP,
13964,14467,24340,,
13965,14548,24505,NA,
13966,14548,24505,LA,
13967,14548,24505,EMEA,
13968,14548,24505,AP,
13969,14551,24508,LA,
13970,14551,24508,EMEA,Adapazari
13971,14551,24508,AP,
13973,14551,24508,EMEA,Izmit
13976,14551,24508,EMEA,
13977,14551,24508,AP,Pulandian
13978,14608,24662,,
13979,14710,24917,,
13980,14957,25458,,
13981,14984,25510,NA,
13982,14998,25565,NA,
13983,14999,25566,NA,
13984,15000,25567,NA,
13985,15001,25568,NA,
13986,15002,25569,NA,
13987,15003,25570,NA,
13988,15004,25571,NA,
13989,15005,25572,NA,
13990,15006,25573,NA,
13991,15007,25574,NA,
13992,15008,25575,NA,
13993,15020,25607,NA,
13994,15020,25607,LA,
13995,15020,25607,EMEA,
13996,15020,25607,AP,
13997,15029,25620,NA,
13998,15029,25620,LA,
13999,15029,25620,EMEA,
14000,15029,25620,AP,
14001,15033,25624,NA,
14002,15033,25624,LA,
14003,15033,25624,EMEA,
14004,15033,25624,AP,
14005,15040,25639,NA,
14006,15046,25644,NA,
14007,15046,25644,LA,
14008,15046,25644,EMEA,
14009,15046,25644,AP,
14010,12425,19175,,
14011,12525,19316,NA,
14012,12525,19316,LA,
14013,12525,19316,EMEA,
14014,12525,19316,AP,
14015,12527,19318,EMEA,
14016,12550,19366,NA,
14017,12550,19366,LA,
14018,12550,19366,AP,
14019,12557,19372,,
14020,12576,19418,,
14021,12652,19596,NA,
14022,12967,20016,,
14023,13006,20095,,
14024,13136,20426,,
14025,13244,20712,NA,
14026,13244,20712,LA,
14027,13244,20712,EMEA,
14028,13244,20712,AP,
14029,13282,20791,,
14030,13296,20805,,
14031,13546,21576,NA,
14032,13546,21576,LA,
14033,13627,21860,NA,
14034,13627,21860,LA,
14035,13627,21860,AP,
14036,13748,22197,,
14037,13800,22345,NA,
14038,13800,22345,LA,
14039,13800,22345,EMEA,
14040,13800,22345,AP,
14041,13801,22346,NA,
14042,13801,22346,LA,
14043,13801,22346,EMEA,
14044,13801,22346,AP,
14045,13834,22492,,
14046,13868,22604,NA,
14047,13868,22604,LA,
14048,13868,22604,EMEA,
14049,13868,22604,AP,
14050,13869,22605,NA,
14051,13869,22605,LA,
14052,13869,22605,EMEA,
14053,13869,22605,AP,
14054,13997,23013,,
14055,14006,23022,EMEA,
14056,14058,23113,,
14057,14633,24694,,
14058,14648,24796,NA,
14059,14648,24796,LA,
14060,14648,24796,EMEA,
14061,14648,24796,AP,
14062,14673,24841,,
14063,14778,25044,NA,
14064,14778,25044,LA,
14065,14778,25044,AP,
14066,14781,25048,,
14067,14810,25100,,
14068,14919,25332,NA,
14069,14919,25332,EMEA,
14070,14920,25333,NA,
14071,14920,25333,EMEA,
14072,14945,25404,NA,
14073,14945,25404,LA,
14074,14945,25404,EMEA,
14075,14945,25404,AP,
14076,14950,25449,,
14077,14974,25488,,
14078,15023,25614,NA,
14079,15023,25614,LA,
14080,15023,25614,EMEA,
14081,15023,25614,AP,
14082,15037,25628,NA,
14083,15037,25628,LA,
14084,15037,25628,EMEA,
14085,15037,25628,AP,
14086,15116,25870,NA,
14087,15116,25870,LA,
14088,15116,25870,EMEA,
14089,15116,25870,AP,
14090,12369,19106,EMEA,South Africa
14091,12397,19140,,
14092,12401,19143,,
14093,12409,19155,NA,
14094,12529,19319,,
14095,12651,19595,NA,
14096,12659,19605,,
14097,12777,19786,NA,
14098,12777,19786,LA,
14099,12777,19786,EMEA,
14100,12777,19786,AP,
14101,12799,19819,,
14102,12832,19848,NA,
14103,12852,19866,,
14104,12890,19916,NA,
14105,12890,19916,LA,
14106,12890,19916,EMEA,
14107,12890,19916,AP,
14108,13127,20414,,
14109,13224,20680,NA,
14110,13226,20682,NA,
14111,13238,20702,LA,
14112,13392,21051,,
14113,13418,21148,,
14114,13419,21149,,
14115,13462,21331,NA,
14116,13462,21331,LA,
14117,13462,21331,EMEA,
14118,13462,21331,AP,
14119,13666,21997,EMEA,
14120,13745,22175,NA,
14121,13745,22175,LA,
14122,13816,22412,,
14123,13959,22916,EMEA,
14124,13960,22917,EMEA,
14125,14317,23952,,
14126,14465,24338,,
14127,14596,24653,NA,
14128,14596,24653,LA,
14129,14596,24653,EMEA,
14130,14596,24653,AP,
14131,14625,24682,EMEA,
14132,14761,24990,,
14133,14968,25483,,
14134,15044,25643,NA,
14135,15044,25643,LA,
14136,15044,25643,EMEA,
14137,15044,25643,AP,
14138,15077,25768,,
14139,15100,25811,NA,
14140,12376,19111,NA,
14141,12376,19111,LA,
14142,12382,19122,NA,
14143,12382,19122,LA,
14144,12382,19122,EMEA,
14145,12382,19122,AP,
14146,12399,19142,,
14147,12483,19260,,
14148,12657,19602,NA,
14149,12662,19608,NA,
14150,12662,19608,LA,
14151,12662,19608,EMEA,
14152,12662,19608,AP,
14153,12671,19620,,
14154,12787,19805,,
14155,12830,19846,NA,
14156,12833,19849,NA,
14157,12968,20017,,
14158,12980,20030,NA,
14159,13143,20446,,
14160,13144,20447,,
14161,13145,20448,,
14162,13189,20556,NA,
14163,13257,20724,NA,
14164,13257,20724,LA,
14165,13257,20724,EMEA,
14166,13257,20724,AP,
14167,13291,20800,,
14168,13314,20852,NA,
14169,13314,20852,LA,
14170,13314,20852,EMEA,
14171,13314,20852,AP,
14172,13464,21333,NA,
14173,13464,21333,LA,
14174,13464,21333,EMEA,
14175,13464,21333,AP,
14176,13690,22066,EMEA,
14177,14216,23671,,
14178,14343,24002,,
14179,14459,24326,,
14180,14468,24341,,
14181,14601,24658,NA,
14182,14601,24658,LA,
14183,14601,24658,EMEA,
14184,14601,24658,AP,
14185,14704,24911,,
14186,14720,24929,NA,
14187,14720,24929,LA,
14188,14720,24929,AP,
14189,14769,25019,NA,
14190,14769,25019,LA,
14191,14769,25019,AP,
14192,14861,25197,,
14193,14862,25198,,
14194,14874,25239,NA,
14195,14874,25239,LA,
14196,14874,25239,EMEA,
14197,14874,25239,AP,
14198,14904,25317,LA,Americana
14199,14930,25383,NA,
14200,14930,25383,EMEA,
14201,14962,25469,,
14202,14983,25509,NA,
14203,14983,25509,LA,
14204,14983,25509,EMEA,
14205,12593,19452,NA,
14206,12593,19452,LA,
14207,12593,19452,EMEA,
14208,12593,19452,AP,
14209,12679,19633,NA,
14210,12696,19663,,
14211,12785,19803,,
14212,12899,19935,,
14213,12954,20004,NA,
14214,12960,20008,EMEA,
14215,13000,20064,,
14216,13169,20479,,
14217,13212,20620,NA,
14218,13212,20620,LA,
14219,13212,20620,EMEA,
14220,13212,20620,AP,
14221,13227,20683,NA,
14222,13476,21367,NA,
14223,13476,21367,LA,
14224,13476,21367,AP,
14225,13702,22103,,
14226,13788,22315,NA,
14227,13788,22315,LA,
14228,13788,22315,EMEA,
14229,13788,22315,AP,
14230,13986,22997,NA,
14231,13986,22997,LA,
14232,13986,22997,EMEA,
14233,13986,22997,AP,
14234,14100,23224,,
14235,14138,23343,,
14236,14198,23625,NA,
14237,14198,23625,LA,
14238,14198,23625,EMEA,Adapazari
14239,14198,23625,AP,
14242,14198,23625,EMEA,Izmit
14244,14252,23765,NA,
14245,14258,23784,NA,
14246,14284,23848,,
14247,14406,24209,NA,
14248,14407,24210,NA,
14249,14503,24376,EMEA,
14250,14786,25053,,
14251,14939,25393,NA,
14252,15048,25649,NA,
14253,15048,25649,LA,
14254,15048,25649,AP,
14255,15057,25667,NA,
14256,15066,25720,NA,
14257,15066,25720,LA,
14258,15066,25720,EMEA,
14259,15066,25720,AP,
14260,15070,25736,,
14261,15076,25767,,
14262,15082,25773,NA,
14263,15082,25773,LA,
14264,15082,25773,EMEA,
14265,15082,25773,AP,
14266,15088,25799,,
14267,12371,19107,NA,
14268,12375,19110,NA,
14269,12375,19110,LA,
14270,12461,19227,NA,
14271,12461,19227,LA,
14272,12461,19227,EMEA,
14273,12461,19227,AP,
14274,12462,19228,NA,
14275,12462,19228,LA,
14276,12462,19228,EMEA,
14277,12462,19228,AP,
14278,12518,19300,LA,
14279,12767,19778,,
14280,12775,19784,,
14281,12822,19839,NA,
14282,12822,19839,LA,
14283,12822,19839,EMEA,
14284,12822,19839,AP,
14285,12982,20032,NA,
14286,12982,20032,LA,
14287,12982,20032,EMEA,
14288,12982,20032,AP,
14289,12992,20055,NA,
14290,12992,20055,LA,
14291,12992,20055,EMEA,
14292,12992,20055,AP,
14293,13034,20241,NA,
14294,13034,20241,LA,
14295,13034,20241,EMEA,
14296,13034,20241,AP,
14297,13076,20318,NA,
14298,13170,20480,,
14299,13506,21462,AP,
14300,13578,21697,,
14301,13579,21698,NA,
14302,13735,22147,NA,
14303,13735,22147,LA,
14304,13735,22147,EMEA,
14305,13735,22147,AP,
14306,13747,22196,,
14307,13750,22199,NA,
14308,13750,22199,LA,
14309,13750,22199,AP,
14310,13830,22482,,
14311,13920,22788,NA,
14312,13920,22788,LA,
14313,13920,22788,EMEA,
14314,13920,22788,AP,
14315,13982,22983,LA,Americana
14316,14099,23223,NA,
14317,14160,23505,NA,
14318,14160,23505,LA,
14319,14160,23505,EMEA,
14320,14160,23505,AP,
14321,14294,23894,,
14322,14506,24378,EMEA,
14323,14556,24514,NA,
14324,14556,24514,LA,
14325,14556,24514,AP,
14326,14656,24813,NA,
14327,12365,19103,,
14328,12416,19160,NA,
14329,12416,19160,LA,
14330,12416,19160,EMEA,
14331,12416,19160,AP,
14332,12445,19206,NA,
14333,12445,19206,LA,
14334,12445,19206,EMEA,
14335,12445,19206,AP,
14336,12653,19597,NA,
14337,12658,19603,NA,
14338,12723,19698,,
14339,12813,19832,NA,
14340,12813,19832,LA,
14341,12813,19832,EMEA,
14342,12813,19832,AP,
14343,12814,19833,NA,
14344,12814,19833,LA,
14345,12814,19833,EMEA,
14346,12814,19833,AP,
14347,12936,19976,,
14348,13146,20449,,
14349,13609,21798,,
14350,13908,22750,EMEA,
14351,14025,23055,NA,
14352,14077,23156,NA,
14353,14077,23156,LA,
14354,14077,23156,AP,
14355,14098,23222,NA,
14356,14106,23230,,
14357,14116,23267,NA,
14358,14271,23811,NA,
14359,14320,23968,NA,
14360,14528,24413,NA,
14361,14804,25086,EMEA,
14362,15158,26148,NA,
14363,15158,26148,EMEA,
14364,15159,26149,NA,
14365,15159,26149,EMEA,
14366,15173,26183,NA,
14367,15173,26183,LA,
14368,15173,26183,EMEA,
14369,15173,26183,AP,
14370,15238,26322,AP,
14371,15239,26323,AP,
14372,15240,26324,AP,
14373,15241,26325,AP,
14374,15242,26326,AP,
14375,15243,26327,AP,
14376,15244,26328,AP,
14377,15245,26329,AP,
14378,15248,26332,AP,
14379,15249,26333,AP,
14380,15250,26334,AP,
14381,12426,19176,,
14382,12441,19203,NA,
14383,12444,19205,NA,
14384,12444,19205,LA,
14385,12444,19205,EMEA,
14386,12444,19205,AP,
14387,12451,19216,NA,
14388,12451,19216,LA,
14389,12451,19216,EMEA,
14390,12451,19216,AP,
14391,12452,19217,NA,
14392,12452,19217,LA,
14393,12452,19217,EMEA,
14394,12452,19217,AP,
14395,12455,19220,,
14396,12493,19269,NA,
14397,12493,19269,LA,
14398,12493,19269,EMEA,
14399,12493,19269,AP,
14400,12494,19270,EMEA,
14401,12494,19270,AP,
14402,12495,19271,NA,
14403,12495,19271,LA,
14404,12495,19271,EMEA,
14405,12495,19271,AP,
14406,12536,19334,AP,
14407,12599,19488,NA,
14408,12599,19488,LA,
14409,12599,19488,EMEA,
14410,12599,19488,AP,Malaysia
14414,12599,19488,AP,Thailand
14418,12599,19488,AP,Nippon Giant
14422,12599,19488,AP,Ballabgarh
14426,12599,19488,AP,Aurangabad
14430,12599,19488,AP,Indonesia
14431,12643,19571,,
14432,12743,19738,,
14433,12744,19739,,
14434,12762,19772,NA,
14435,12762,19772,LA,
14436,12762,19772,EMEA,
14437,12762,19772,AP,
14438,12862,19878,NA,
14439,12863,19879,,
14440,12869,19885,NA,
14441,12878,19900,,
14442,12904,19940,,
14443,12979,20029,NA,
14444,12987,20050,NA,
14445,12987,20050,LA,
14446,12987,20050,EMEA,
14447,12987,20050,AP,
14448,13046,20252,NA,
14449,13052,20257,,
14450,13130,20417,,
14451,13184,20525,,
14452,13277,20781,,
14453,13395,21054,LA,
14454,13426,21184,NA,
14455,13510,21470,NA,
14456,13510,21470,LA,
14457,13510,21470,EMEA,
14458,13510,21470,AP,
14459,13684,22056,NA,
14460,13684,22056,LA,
14461,13684,22056,AP,
14462,13990,23002,NA,
14463,13990,23002,LA,
14464,13990,23002,EMEA,
14465,13990,23002,AP,
14466,14074,23149,NA,
14467,14074,23149,LA,
14468,14074,23149,AP,
14469,14084,23166,NA,
14470,14084,23166,LA,
14471,14084,23166,EMEA,Adapazari
14472,14084,23166,AP,
14475,14084,23166,EMEA,Izmit
14477,14091,23192,NA,
14478,14184,23549,,
14479,12456,19221,LA,
14480,12520,19302,AP,
14481,12603,19492,,
14482,12610,19512,NA,
14483,12719,19694,,
14484,12726,19703,,
14485,12805,19826,,
14486,12828,19844,,
14487,12921,19960,NA,
14488,13197,20575,,
14489,13242,20710,NA,
14490,13242,20710,LA,
14491,13242,20710,EMEA,
14492,13242,20710,AP,
14493,13243,20711,NA,
14494,13243,20711,LA,
14495,13243,20711,EMEA,
14496,13243,20711,AP,
14497,13249,20716,,
14498,13259,20728,,
14499,13330,20910,NA,
14500,13330,20910,LA,
14501,13330,20910,EMEA,
14502,13330,20910,AP,
14503,13362,20978,NA,
14504,13362,20978,LA,
14505,13362,20978,EMEA,
14506,13362,20978,AP,
14507,13415,21099,NA,
14508,13415,21099,LA,
14509,13415,21099,EMEA,
14510,13415,21099,AP,
14511,13545,21575,,
14512,13549,21584,NA,
14513,13958,22915,EMEA,
14514,13969,22945,NA,
14515,14152,23372,,
14516,14338,23997,,
14517,14365,24090,,
14518,14412,24225,,
14519,14434,24273,NA,
14520,14434,24273,LA,
14521,14434,24273,AP,
14522,14444,24303,NA,
14523,14444,24303,LA,
14524,14444,24303,EMEA,
14525,14444,24303,AP,
14526,14462,24333,,
14527,14509,24388,NA,
14528,14509,24388,LA,
14529,14509,24388,EMEA,
14530,14509,24388,AP,
14531,14515,24394,NA,
14532,14515,24394,LA,
14533,14515,24394,EMEA,
14534,14515,24394,AP,
14535,14516,24395,NA,
14536,14516,24395,LA,
14537,14516,24395,EMEA,
14538,14516,24395,AP,
14539,14562,24532,,
14540,14590,24646,NA,
14541,14590,24646,LA,
14542,14590,24646,EMEA,
14543,14590,24646,AP,
14544,14623,24680,EMEA,
14545,14747,24964,NA,
14546,12377,19118,NA,
14547,12555,19371,EMEA,
14548,12729,19706,,
14549,12821,19838,NA,
14550,12821,19838,LA,
14551,12821,19838,EMEA,
14552,12821,19838,AP,
14553,12857,19872,,
14554,12886,19911,,
14555,12918,19957,,
14556,12932,19973,NA,
14557,12932,19973,LA,
14558,12932,19973,EMEA,
14559,12932,19973,AP,
14560,13310,20834,,
14561,13377,21034,,
14562,13474,21365,NA,
14563,13474,21365,LA,
14564,13474,21365,AP,
14565,14036,23068,NA,
14566,14059,23114,NA,
14567,14059,23114,LA,
14568,14059,23114,AP,
14569,14082,23161,,
14570,14115,23266,,
14571,14130,23334,NA,
14572,14441,24299,,
14573,14448,24317,NA,
14574,14448,24317,LA,
14575,14448,24317,EMEA,
14576,14448,24317,AP,
14577,14495,24366,NA,Medicine Hat
14578,14495,24366,LA,
14579,14495,24366,NA,Napanee
14581,14495,24366,NA,Valleyfield
14583,14538,24446,NA,
14584,14538,24446,LA,
14585,14538,24446,EMEA,
14586,14538,24446,AP,
14587,14690,24884,EMEA,
14588,14725,24939,NA,
14589,14725,24939,LA,
14590,14725,24939,AP,
14591,14748,24965,NA,
14592,14754,24974,,
14593,14756,24976,,
14594,14796,25067,NA,
14595,14796,25067,LA,
14596,14796,25067,EMEA,
14597,14796,25067,AP,
14598,14808,25098,NA,
14599,14890,25285,NA,
14600,14890,25285,LA,
14601,14890,25285,EMEA,
14602,14890,25285,AP,
14603,14909,25323,NA,
14604,14947,25434,,
14605,15102,25818,NA,
14606,15102,25818,LA,
14607,15102,25818,EMEA,
14608,15102,25818,AP,
14609,12526,19317,EMEA,
14610,12582,19427,NA,
14611,12582,19427,LA,
14612,12582,19427,EMEA,
14613,12582,19427,AP,
14614,12587,19431,,
14615,12605,19495,NA,
14616,12605,19495,LA,
14617,12605,19495,EMEA,
14618,12605,19495,AP,
14619,12691,19658,NA,
14620,12865,19881,NA,
14621,12872,19888,,
14622,12874,19890,,
14623,12920,19959,,
14624,13158,20467,,
14625,13166,20476,,
14626,13225,20681,NA,
14627,13336,20916,EMEA,
14628,13349,20932,,
14629,13352,20935,,
14630,13386,21044,NA,
14631,13495,21443,AP,
14632,13634,21885,NA,
14633,13720,22132,NA,
14634,13720,22132,LA,
14635,13720,22132,EMEA,
14636,13720,22132,AP,
14637,13724,22136,NA,
14638,13724,22136,LA,
14639,13724,22136,EMEA,
14640,13724,22136,AP,
14641,13729,22141,NA,
14642,13729,22141,LA,
14643,13729,22141,EMEA,
14644,13729,22141,AP,
14645,13797,22339,,
14646,13857,22559,NA,
14647,13857,22559,LA,
14648,14040,23075,,
14649,14149,23369,NA,
14650,14149,23369,LA,
14651,14149,23369,EMEA,
14652,14149,23369,AP,
14653,14471,24343,NA,
14654,14471,24343,LA,
14655,14471,24343,AP,
14656,14501,24374,EMEA,
14657,14638,24720,,
14658,14665,24833,,
14659,14730,24945,NA,
14660,14730,24945,LA,
14661,14730,24945,EMEA,
14662,14730,24945,AP,
14663,14958,25459,,
14664,14981,25507,,
14665,15097,25808,NA,
14666,15097,25808,LA,
14667,15097,25808,EMEA,
14668,15097,25808,AP,
14669,15114,25851,NA,
14670,15114,25851,LA,
14671,15114,25851,EMEA,
14672,15114,25851,AP,
14673,15169,26170,NA,
14674,15251,26335,AP,
14675,12423,19168,,
14676,12430,19180,,
14677,12437,19199,NA,
14678,12438,19200,NA,
14679,12715,19688,NA,
14680,12715,19688,LA,
14681,12715,19688,EMEA,
14682,12715,19688,AP,
14683,12820,19837,NA,
14684,12820,19837,LA,
14685,12820,19837,EMEA,
14686,12820,19837,AP,
14687,12908,19947,,
14688,12944,19988,NA,
14689,12944,19988,LA,
14690,12944,19988,EMEA,
14691,12944,19988,AP,
14692,12986,20049,NA,
14693,12986,20049,LA,
14694,12986,20049,EMEA,
14695,12986,20049,AP,
14696,13002,20066,,
14697,13128,20415,,
14698,13133,20420,,
14699,13171,20481,,
14700,13206,20601,NA,
14701,13218,20644,,
14702,13355,20939,NA,
14703,13355,20939,LA,
14704,13355,20939,EMEA,
14705,13355,20939,AP,
14706,13364,20998,EMEA,
14707,13383,21041,,
14708,13482,21414,,
14709,13501,21455,NA,
14710,13501,21455,LA,
14711,13501,21455,AP,
14712,13534,21532,,
14713,13620,21809,,
14714,13624,21835,NA,
14715,13625,21836,NA,
14716,13645,21929,,
14717,13646,21930,,
14718,13713,22119,NA,
14719,13836,22500,,
14720,14127,23332,NA,
14721,14127,23332,LA,
14722,14127,23332,AP,
14723,14199,23626,,
14724,14220,23683,NA,
14725,14244,23750,NA,
14726,14244,23750,LA,
14727,14244,23750,EMEA,
14728,14244,23750,AP,
14729,12368,19105,EMEA,South Africa
14730,12403,19146,NA,
14731,12403,19146,LA,
14732,12403,19146,EMEA,
14733,12403,19146,AP,
14734,12519,19301,,
14735,12534,19332,AP,
14736,12535,19333,AP,
14737,12733,19710,,
14738,12866,19882,,
14739,12868,19884,NA,
14740,12882,19906,,
14741,12900,19936,,
14742,13004,20068,NA,Danville
14743,13004,20068,NA,Gadsden
14744,13004,20068,NA,Topeka
14745,13004,20068,NA,Fayetteville
14746,13004,20068,NA,Lawton
14747,13004,20068,NA,Napanee
14748,13004,20068,NA,Valleyfield
14749,13004,20068,NA,Social Circle
14750,13004,20068,NA,ICM*A
14751,13004,20068,NA,Buffalo / Tonawanda
14752,13004,20068,NA,Chile
14753,13004,20068,NA,Chem Bayport
14754,13004,20068,NA,Chem Beaumont
14755,13004,20068,NA,Chem Houston
14756,13004,20068,NA,Chem Niagara Falls
14757,13004,20068,NA,NA-LA-AP Except AIRCRAFT
14758,13004,20068,NA,Other
14759,13021,20208,NA,
14760,13067,20292,EMEA,
14761,13109,20396,,
14762,13193,20563,,
14763,13536,21533,NA,
14764,13543,21563,NA,
14765,13601,21790,,
14766,13638,21900,NA,
14767,13641,21925,NA,
14768,13641,21925,LA,
14769,13641,21925,EMEA,
14770,13641,21925,AP,
14771,13667,21998,EMEA,
14772,13722,22134,NA,
14773,13722,22134,LA,
14774,13722,22134,EMEA,
14775,13722,22134,AP,
14776,13738,22150,NA,
14777,13738,22150,LA,
14778,13738,22150,EMEA,
14779,13738,22150,AP,
14780,13991,23003,NA,
14781,13991,23003,LA,
14782,13991,23003,EMEA,
14783,13991,23003,AP,
14784,14096,23217,,
14785,14166,23526,,
14786,14232,23708,NA,
14787,14302,23909,NA,
14788,14490,24360,,
14789,14573,24582,AP,
14790,14575,24584,NA,
14791,14630,24687,,
14792,14770,25024,NA,
14793,14789,25058,EMEA,
14794,14921,25334,NA,
14795,14921,25334,EMEA,
14796,14949,25440,,
14797,12429,19179,,
14798,12454,19219,NA,
14799,12454,19219,LA,
14800,12454,19219,EMEA,
14801,12454,19219,AP,
14802,12471,19244,EMEA,
14803,12573,19413,,
14804,12641,19569,NA,
14805,12641,19569,LA,
14806,12641,19569,EMEA,
14807,12641,19569,AP,
14808,12711,19684,NA,
14809,12711,19684,LA,
14810,12711,19684,EMEA,
14811,12725,19702,,
14812,12742,19736,NA,
14813,12742,19736,LA,
14814,12742,19736,EMEA,
14815,12742,19736,AP,
14816,12770,19780,NA,
14817,12912,19951,,
14818,12914,19953,,
14819,12919,19958,,
14820,12929,19965,NA,
14821,12929,19965,LA,
14822,12948,19999,NA,
14823,12970,20019,,
14824,12995,20059,,
14825,13032,20235,NA,
14826,13236,20701,,
14827,13267,20769,,
14828,13270,20772,NA,
14829,13270,20772,LA,
14830,13270,20772,EMEA,
14831,13270,20772,AP,
14832,13295,20804,,
14833,13322,20869,,
14834,13324,20872,,
14835,13347,20930,,
14836,13348,20931,NA,
14837,13348,20931,LA,
14838,13348,20931,EMEA,
14839,13348,20931,AP,
14840,13394,21053,NA,
14841,13394,21053,LA,
14842,13394,21053,EMEA,
14843,13394,21053,AP,
14844,13444,21285,,
14845,13588,21709,,
14846,13589,21710,,
14847,13603,21792,NA,
14848,13604,21793,,
14849,13632,21883,NA,
14850,13732,22144,NA,
14851,13732,22144,LA,
14852,13732,22144,EMEA,
14853,13732,22144,AP,
14854,12485,19261,,
14855,12562,19395,,
14856,12579,19422,NA,
14857,12579,19422,LA,
14858,12589,19432,NA,
14859,12589,19432,LA,
14860,12589,19432,EMEA,
14861,12589,19432,AP,
14862,12675,19625,NA,
14863,12675,19625,LA,
14864,12675,19625,EMEA,
14865,12675,19625,AP,
14866,12692,19659,NA,
14867,12745,19757,NA,
14868,12978,20028,NA,
14869,12978,20028,LA,
14870,12978,20028,EMEA,
14871,12978,20028,AP,
14872,13069,20302,NA,
14873,13155,20465,,
14874,13196,20574,,
14875,13207,20602,NA,
14876,13276,20780,,
14877,13475,21366,NA,
14878,13475,21366,LA,
14879,13475,21366,AP,
14880,13505,21459,,
14881,13515,21474,NA,
14882,13594,21753,NA,
14883,13594,21753,LA,
14884,13594,21753,AP,
14885,13642,21926,NA,
14886,13642,21926,LA,
14887,13642,21926,EMEA,
14888,13642,21926,AP,
14889,13648,21933,NA,
14890,13648,21933,LA,
14891,13648,21933,EMEA,
14892,13648,21933,AP,
14893,13744,22174,NA,
14894,13744,22174,LA,
14895,14095,23214,,
14896,14146,23366,,
14897,14208,23647,,
14898,14210,23661,,
14899,14360,24081,NA,
14900,14396,24189,NA,
14901,14396,24189,LA,Americana
14902,14396,24189,EMEA,
14903,14396,24189,AP,
14904,14427,24258,,
14905,14433,24269,,
14906,14649,24797,NA,
14907,14649,24797,LA,
14908,14649,24797,EMEA,
14909,14649,24797,AP,
14910,14650,24798,NA,
14911,14650,24798,LA,
14912,14650,24798,EMEA,
14913,14650,24798,AP,
14914,14692,24886,,
14915,14738,24955,NA,
14916,14740,24957,NA,
14917,14740,24957,LA,
14918,14740,24957,EMEA,
14919,14740,24957,AP,
14920,14865,25212,NA,
14921,14865,25212,LA,
14922,14865,25212,AP,
14923,14912,25326,NA,
14924,12367,19104,EMEA,
14925,12467,19237,NA,
14926,12477,19253,,
14927,12503,19281,NA,
14928,12503,19281,LA,
14929,12503,19281,EMEA,
14930,12503,19281,AP,
14931,12516,19298,NA,
14932,12620,19525,NA,
14933,12620,19525,LA,
14934,12620,19525,EMEA,
14935,12620,19525,AP,
14936,12797,19818,,
14937,12876,19894,NA,
14938,12910,19949,,
14939,13106,20393,,
14940,13151,20461,,
14941,13220,20665,,
14942,13368,21001,NA,
14943,13372,21026,NA,
14944,13442,21282,,
14945,13447,21288,,
14946,13449,21291,,
14947,13460,21311,NA,
14948,13460,21311,LA,
14949,13460,21311,EMEA,
14950,13460,21311,AP,
14951,13472,21356,,
14952,13577,21696,NA,
14953,13680,22048,,
14954,13733,22145,NA,
14955,13733,22145,LA,
14956,13733,22145,EMEA,
14957,13733,22145,AP,
14958,13832,22484,,
14959,13903,22733,NA,
14960,13903,22733,LA,
14961,13903,22733,EMEA,
14962,13903,22733,AP,
14963,14031,23061,NA,
14964,14156,23391,NA,
14965,14156,23391,LA,
14966,14156,23391,EMEA,Adapazari
14967,14156,23391,AP,
14970,14156,23391,EMEA,Izmit
14972,14195,23622,,
14973,14233,23709,NA,
14974,14275,23838,,
14975,14332,23987,NA,
14976,14332,23987,LA,
14977,14332,23987,AP,
14978,14348,24061,NA,
14979,14348,24061,LA,
14980,14348,24061,AP,
14981,14388,24149,NA,
14982,14388,24149,LA,
14983,14388,24149,EMEA,
14984,14388,24149,AP,
14985,14389,24150,,
14986,12453,19218,NA,
14987,12453,19218,LA,
14988,12453,19218,EMEA,
14989,12453,19218,AP,
14990,12561,19394,,
14991,12569,19407,,
14992,12609,19511,NA,
14993,12747,19760,NA,
14994,12786,19804,,
14995,12838,19854,NA,
14996,12950,20000,NA,
14997,12950,20000,LA,
14998,12950,20000,EMEA,
14999,12950,20000,AP,
15000,12981,20031,NA,
15001,13105,20392,,
15002,13113,20400,,
15003,13129,20416,,
15004,13154,20464,,
15005,13191,20558,,
15006,13194,20572,,
15007,13200,20591,,
15008,13326,20873,,
15009,13434,21241,NA,
15010,13436,21268,NA,
15011,13436,21268,LA,
15012,13436,21268,EMEA,Adapazari
15013,13436,21268,AP,
15016,13436,21268,EMEA,Izmit
15018,13490,21438,NA,
15019,13490,21438,LA,
15020,13490,21438,EMEA,
15021,13490,21438,AP,
15022,13498,21445,,
15023,13542,21562,NA,
15024,13647,21932,,
15025,13661,21981,,
15026,13676,22037,EMEA,
15027,13710,22117,NA,
15028,13710,22117,LA,
15029,13710,22117,EMEA,
15030,13710,22117,AP,
15031,13842,22517,,
15032,13844,22519,,
15033,14072,23132,NA,
15034,14072,23132,LA,
15035,14072,23132,AP,
15036,14078,23157,NA,
15037,14103,23227,,
15038,14173,23533,,
15039,14174,23534,,
15040,14204,23631,,
15041,12362,19099,EMEA,
15042,12431,19181,NA,
15043,12431,19181,EMEA,
15044,12432,19182,NA,
15045,12432,19182,EMEA,
15046,12449,19210,NA,
15047,12449,19210,LA,
15048,12449,19210,EMEA,
15049,12449,19210,AP,
15050,12508,19285,,
15051,12663,19613,NA,
15052,12806,19828,LA,
15053,12884,19908,,
15054,13019,20206,NA,
15055,13025,20212,NA,
15056,13042,20248,NA,
15057,13080,20324,NA,
15058,13080,20324,LA,
15059,13080,20324,EMEA,
15060,13080,20324,AP,
15061,13084,20329,,
15062,13120,20407,,
15063,13235,20698,NA,
15064,13235,20698,LA,
15065,13235,20698,EMEA,
15066,13235,20698,AP,
15067,13388,21046,NA,
15068,13414,21098,NA,
15069,13654,21947,NA,
15070,13783,22310,NA,
15071,13783,22310,LA,
15072,13783,22310,EMEA,
15073,13783,22310,AP,
15074,13866,22597,,
15075,13873,22614,NA,
15076,13873,22614,LA,
15077,13873,22614,EMEA,
15078,13873,22614,AP,
15079,13950,22880,NA,
15080,13951,22881,NA,
15081,13952,22882,NA,
15082,13953,22883,NA,
15083,13954,22884,NA,
15084,13955,22885,NA,
15085,13974,22973,,
15086,13975,22974,,
15087,13987,22999,NA,
15088,13987,22999,LA,
15089,13987,22999,EMEA,
15090,13987,22999,AP,
15091,14000,23016,EMEA,
15092,14032,23062,NA,
15093,14033,23063,NA,
15094,14033,23063,LA,
15095,14033,23063,EMEA,
15096,14033,23063,AP,
15097,14046,23079,EMEA,
15098,14067,23128,,
15099,14068,23129,,
15100,14086,23173,NA,
15101,12358,19071,NA,
15102,12361,19098,NA,
15103,12361,19098,LA,
15104,12361,19098,EMEA,
15105,12361,19098,AP,
15106,12393,19138,,
15107,12413,19158,NA,
15108,12464,19235,NA,
15109,12530,19320,,
15110,12565,19403,NA,
15111,12565,19403,LA,
15112,12565,19403,AP,
15113,12621,19526,NA,
15114,12621,19526,LA,
15115,12621,19526,EMEA,
15116,12621,19526,AP,
15117,12667,19616,NA,
15118,12667,19616,LA,
15119,12667,19616,EMEA,
15120,12667,19616,AP,
15121,12689,19655,NA,
15122,12826,19842,,
15123,12840,19856,NA,
15124,12850,19865,,
15125,13003,20067,NA,
15126,13003,20067,LA,
15127,13003,20067,AP,
15128,13280,20789,,
15129,13294,20803,,
15130,13300,20812,,
15131,13328,20892,NA,
15132,13328,20892,LA,
15133,13328,20892,EMEA,
15134,13328,20892,AP,
15135,13650,21936,,
15136,13660,21980,,
15137,13687,22060,NA,
15138,13687,22060,LA,
15139,13687,22060,EMEA,
15140,13687,22060,AP,
15141,13872,22613,EMEA,
15142,13874,22615,EMEA,
15143,14005,23021,EMEA,
15144,14050,23094,,
15145,14062,23123,NA,
15146,14064,23126,,
15147,14085,23169,,
15148,14109,23239,NA,
15149,14148,23368,NA,
15150,14148,23368,LA,
15151,14148,23368,EMEA,
15152,14148,23368,AP,
15153,14182,23541,NA,
15154,14182,23541,LA,
15155,14182,23541,EMEA,
15156,14182,23541,AP,
15157,14228,23700,NA,
15158,14228,23700,LA,
15159,14228,23700,EMEA,
15160,14228,23700,AP,Nippon Giant
15161,14268,23808,NA,
15162,14268,23808,LA,
15163,14268,23808,AP,
15164,12381,19121,NA,
15165,12381,19121,LA,
15166,12381,19121,EMEA,
15167,12381,19121,AP,
15168,12384,19124,NA,
15169,12384,19124,LA,
15170,12384,19124,EMEA,
15171,12384,19124,AP,
15172,12435,19196,,
15173,12479,19258,NA,
15174,12479,19258,LA,
15175,12479,19258,EMEA,
15176,12479,19258,AP,
15177,12594,19453,NA,
15178,12594,19453,LA,
15179,12594,19453,EMEA,
15180,12594,19453,AP,
15181,12630,19547,,
15182,12648,19589,NA,
15183,12676,19626,NA,
15184,12676,19626,LA,
15185,12676,19626,EMEA,
15186,12676,19626,AP,
15187,12714,19687,NA,
15188,12714,19687,LA,
15189,12714,19687,EMEA,
15190,12714,19687,AP,
15191,12795,19815,,
15192,12847,19863,NA,
15193,12847,19863,LA,
15194,12847,19863,AP,
15195,13082,20327,NA,
15196,13086,20331,,
15197,13178,20494,,
15198,13292,20801,,
15199,13346,20929,NA,
15200,13346,20929,LA,
15201,13346,20929,EMEA,
15202,13346,20929,AP,
15203,13350,20933,,
15204,13454,21300,NA,
15205,13694,22070,NA,
15206,13694,22070,LA,
15207,13756,22217,AP,
15208,13796,22338,NA,
15209,13796,22338,LA,
15210,13796,22338,AP,
15211,13808,22391,,
15212,13810,22393,NA,
15213,13810,22393,LA,
15214,13810,22393,EMEA,
15215,13810,22393,AP,
15216,13898,22710,NA,Medicine Hat
15217,13898,22710,LA,
15218,13898,22710,EMEA,
15219,13898,22710,AP,
15220,13898,22710,NA,Napanee
15224,13898,22710,NA,Valleyfield
15228,13898,22710,NA,
15230,13898,22710,EMEA,Adapazari
15234,13898,22710,EMEA,Izmit
15239,13898,22710,AP,Nippon Giant
15243,13898,22710,AP,Indonesia
15244,13898,22710,NA,Chem Niagara Falls
15251,13898,22710,AP,Pulandian
15252,13956,22886,NA,
15253,14071,23131,NA,
15254,14071,23131,LA,
15255,14071,23131,AP,
15256,14163,23511,NA,
15257,14163,23511,LA,
15258,14163,23511,EMEA,
15259,14163,23511,AP,
15260,14188,23589,,
15261,14255,23771,NA,
15262,14255,23771,LA,
15263,14255,23771,EMEA,
15264,14255,23771,AP,
15265,14351,24064,,
15266,14426,24257,NA,
15267,14426,24257,LA,
15268,14426,24257,AP,
15269,14446,24309,NA,
15270,14452,24319,NA,
15271,12357,19070,NA,
15272,12551,19368,NA,
15273,12551,19368,LA,
15274,12551,19368,EMEA,
15275,12551,19368,AP,
15276,12572,19410,,
15277,12637,19564,,
15278,12645,19585,NA,
15279,12734,19711,,
15280,12749,19761,,
15281,12771,19781,NA,
15282,12870,19886,NA,
15283,12941,19984,,
15284,13020,20207,NA,
15285,13026,20217,,
15286,13174,20485,,
15287,13199,20578,NA,
15288,13256,20723,NA,
15289,13256,20723,LA,
15290,13256,20723,EMEA,
15291,13256,20723,AP,
15292,13358,20952,NA,
15293,13391,21050,,
15294,13417,21146,NA,
15295,13480,21394,NA,
15296,13480,21394,LA,
15297,13480,21394,EMEA,
15298,13480,21394,AP,
15299,13481,21395,NA,
15300,13481,21395,LA,
15301,13628,21870,,
15302,13635,21886,NA,
15303,13678,22043,,
15304,13753,22202,,
15305,13780,22307,NA,
15306,13825,22478,NA,Napanee
15307,13825,22478,LA,
15308,13825,22478,EMEA,
15309,13825,22478,AP,
15310,13827,22480,LA,
15311,13827,22480,EMEA,
15312,13827,22480,AP,
15313,13947,22877,NA,
15314,13948,22878,NA,
15315,13949,22879,NA,
15316,13972,22961,NA,
15317,13988,23000,NA,
15318,13988,23000,LA,
15319,13988,23000,EMEA,
15320,13988,23000,AP,
15321,13998,23014,EMEA,
15322,12415,19159,NA,
15323,12415,19159,LA,
15324,12415,19159,EMEA,
15325,12415,19159,AP,
15326,12422,19166,,
15327,12545,19355,NA,
15328,12545,19355,LA,
15329,12545,19355,EMEA,
15330,12545,19355,AP,
15331,12677,19627,,
15332,12717,19692,,
15333,12788,19806,,
15334,12861,19877,NA,
15335,12931,19967,,
15336,12988,20051,NA,
15337,12988,20051,LA,
15338,12988,20051,EMEA,
15339,12988,20051,AP,
15340,13018,20205,NA,
15341,13167,20477,,
15342,13380,21039,NA,
15343,13396,21064,,
15344,13512,21471,,
15345,13522,21495,,
15346,13584,21703,NA,
15347,13636,21889,NA,
15348,13636,21889,LA,
15349,13636,21889,EMEA,
15350,13636,21889,AP,
15351,13704,22105,EMEA,
15352,13762,22230,NA,
15353,13894,22686,NA,
15354,13905,22745,NA,
15355,13905,22745,LA,
15356,13905,22745,AP,
15357,13993,23005,NA,
15358,13993,23005,LA,
15359,13993,23005,EMEA,
15360,13993,23005,AP,
15361,13996,23012,NA,
15362,13996,23012,LA,
15363,13996,23012,AP,
15364,14028,23058,NA,
15365,14070,23130,NA,
15366,14070,23130,LA,
15367,14070,23130,AP,
15368,14101,23225,,
15369,14150,23370,NA,
15370,14150,23370,LA,
15371,14150,23370,EMEA,
15372,14150,23370,AP,
15373,14202,23629,,
15374,14218,23672,,
15375,14251,23764,NA,
15376,14251,23764,LA,
15377,14251,23764,EMEA,
15378,14251,23764,AP,
15379,12383,19123,NA,
15380,12383,19123,LA,
15381,12383,19123,EMEA,
15382,12383,19123,AP,
15383,12447,19209,LA,Americana
15384,12592,19434,NA,
15385,12592,19434,LA,
15386,12592,19434,EMEA,
15387,12592,19434,AP,
15388,12661,19607,NA,
15389,12661,19607,LA,
15390,12661,19607,EMEA,
15391,12661,19607,AP,
15392,12731,19708,,
15393,12845,19861,NA,
15394,12845,19861,LA,
15395,12845,19861,EMEA,
15396,12845,19861,AP,
15397,12976,20027,,
15398,13075,20317,,
15399,13100,20382,,
15400,13150,20460,,
15401,13302,20813,,
15402,13363,20979,NA,
15403,13363,20979,LA,
15404,13363,20979,EMEA,
15405,13363,20979,AP,
15406,13384,21042,NA,
15407,13440,21276,EMEA,
15408,13456,21302,NA,
15409,13586,21705,NA,
15410,13682,22049,NA,
15411,13682,22049,LA,
15412,13682,22049,EMEA,
15413,13682,22049,AP,
15414,13686,22059,NA,
15415,13686,22059,LA,
15416,13686,22059,AP,
15417,13708,22108,,
15418,13758,22222,EMEA,
15419,13766,22244,,
15420,13944,22869,,
15421,14104,23228,,
15422,14118,23289,NA,
15423,14167,23527,,
15424,14172,23532,,
15425,14231,23707,NA,
15426,14393,24156,NA,Danville
15427,14393,24156,LA,
15428,14393,24156,EMEA,
15429,14393,24156,AP,
15430,14511,24390,NA,
15431,14511,24390,LA,
15432,14511,24390,EMEA,
15433,14511,24390,AP,
15434,14512,24391,NA,
15435,14512,24391,LA,
15436,14512,24391,EMEA,
15437,14512,24391,AP,
15438,14513,24392,NA,
15439,14513,24392,LA,
15440,14513,24392,EMEA,
15441,14513,24392,AP,
15442,14514,24393,NA,
15443,14514,24393,LA,
15444,14514,24393,EMEA,
15445,14514,24393,AP,
15446,14517,24396,NA,
15447,14517,24396,LA,
15448,14517,24396,EMEA,
15449,14517,24396,AP,
15450,14518,24397,NA,
15451,14518,24397,LA,
15452,14518,24397,EMEA,
15453,14518,24397,AP,
15454,14622,24679,EMEA,
15455,14661,24829,,
15456,14802,25084,EMEA,
15457,12468,19238,NA,
15458,12499,19277,,
15459,12539,19339,NA,
15460,12539,19339,LA,
15461,12539,19339,EMEA,Adapazari
15462,12539,19339,AP,
15465,12539,19339,EMEA,Izmit
15467,12581,19426,NA,
15468,12581,19426,LA,
15469,12581,19426,EMEA,
15470,12581,19426,AP,
15471,12646,19587,NA,
15472,12801,19823,AP,
15473,12812,19831,NA,
15474,12812,19831,LA,
15475,12812,19831,EMEA,
15476,12812,19831,AP,
15477,12815,19834,NA,
15478,12815,19834,LA,
15479,12815,19834,AP,
15480,12816,19835,NA,
15481,12816,19835,LA,
15482,12816,19835,EMEA,
15483,12816,19835,AP,
15484,12824,19841,NA,
15485,12824,19841,LA,
15486,12824,19841,EMEA,
15487,12824,19841,AP,
15488,12844,19860,NA,
15489,12844,19860,LA,
15490,12844,19860,EMEA,
15491,12844,19860,AP,
15492,13066,20291,EMEA,
15493,13085,20330,,
15494,13090,20352,,
15495,13094,20361,,
15496,13104,20391,,
15497,13107,20394,,
15498,13115,20402,,
15499,13272,20775,,
15500,13293,20802,,
15501,13356,20941,NA,
15502,13356,20941,LA,
15503,13360,20953,,
15504,13430,21188,NA,
15505,13430,21188,LA,Americana
15506,13568,21671,,
15507,13626,21858,NA,
15508,13640,21924,NA,
15509,13640,21924,LA,
15510,13640,21924,EMEA,
15511,13640,21924,AP,
15512,13644,21928,NA,
15513,13644,21928,LA,
15514,13644,21928,EMEA,
15515,13644,21928,AP,
15516,13685,22058,NA,
15517,13685,22058,LA,
15518,13685,22058,AP,
15519,13818,22451,NA,
15520,13818,22451,LA,
15521,13818,22451,EMEA,
15522,13818,22451,AP,
15523,13910,22760,NA,
15524,13978,22979,,
15525,12642,19570,NA,
15526,12803,19825,,
15527,12810,19830,,
15528,12953,20003,NA,
15529,13123,20410,,
15530,13161,20471,,
15531,13165,20475,,
15532,13190,20557,,
15533,13202,20596,NA,
15534,13214,20628,NA,
15535,13214,20628,LA,
15536,13214,20628,EMEA,
15537,13214,20628,AP,
15538,13285,20794,,
15539,13304,20817,NA,
15540,13452,21297,NA,
15541,13452,21297,LA,
15542,13452,21297,AP,
15543,13465,21334,NA,
15544,13465,21334,LA,
15545,13465,21334,EMEA,
15546,13465,21334,AP,
15547,13502,21456,NA,
15548,13502,21456,LA,
15549,13502,21456,AP,
15550,13730,22142,NA,
15551,13730,22142,LA,
15552,13730,22142,EMEA,
15553,13730,22142,AP,
15554,13746,22195,NA,
15555,13746,22195,LA,
15556,13746,22195,AP,
15557,13781,22308,NA,
15558,13802,22361,NA,
15559,13802,22361,LA,
15560,13803,22362,NA,
15561,13803,22362,LA,
15562,13901,22720,NA,
15563,14001,23017,EMEA,
15564,14053,23102,NA,
15565,14053,23102,LA,
15566,14053,23102,EMEA,
15567,14053,23102,AP,
15568,14102,23226,NA,
15569,14102,23226,LA,
15570,14102,23226,AP,
15571,14133,23337,NA,
15572,14196,23623,,
15573,14262,23797,,
15574,14340,23999,NA,
15575,14340,23999,LA,
15576,14340,23999,EMEA,
15577,14340,23999,AP,
15578,14423,24239,,
15579,14428,24259,,
15580,14429,24260,,
15581,14447,24311,AP,
15582,12546,19356,EMEA,
15583,12823,19840,NA,
15584,12823,19840,LA,
15585,12823,19840,EMEA,
15586,12823,19840,AP,
15587,12846,19862,NA,
15588,12846,19862,LA,
15589,12846,19862,EMEA,
15590,12846,19862,AP,
15591,12888,19913,,
15592,12957,20006,AP,
15593,12958,20007,AP,
15594,12984,20046,NA,
15595,12984,20046,LA,
15596,12984,20046,EMEA,
15597,12984,20046,AP,
15598,13179,20495,NA,
15599,13208,20603,NA,
15600,13416,21145,NA,
15601,13489,21437,NA,
15602,13489,21437,LA,
15603,13489,21437,EMEA,
15604,13489,21437,AP,
15605,13537,21534,NA,
15606,13566,21662,,
15607,13623,21834,NA,
15608,13794,22336,NA,
15609,13794,22336,LA,
15610,13794,22336,AP,
15611,13885,22652,NA,
15612,13885,22652,LA,
15613,13885,22652,EMEA,
15614,13885,22652,AP,
15615,13890,22678,NA,
15616,13890,22678,LA,
15617,13890,22678,AP,
15618,13918,22774,NA,
15619,13964,22932,NA,
15620,14092,23197,NA,
15621,14113,23260,NA,
15622,14113,23260,LA,
15623,14113,23260,EMEA,
15624,14113,23260,AP,
15625,14296,23897,,
15626,14328,23982,NA,
15627,14328,23982,LA,
15628,14328,23982,AP,
15629,14336,23995,EMEA,
15630,14337,23996,,
15631,14402,24206,NA,
15632,14404,24208,NA,
15633,14404,24208,LA,
15634,14404,24208,EMEA,
15635,14404,24208,AP,
15636,14414,24226,NA,
15637,14414,24226,LA,
15638,14414,24226,EMEA,
15639,14414,24226,AP,
15640,14421,24237,,
15641,14425,24241,,
15642,14432,24267,,
15643,14472,24344,NA,Danville
15644,14492,24362,EMEA,
15645,14508,24387,NA,
15646,14508,24387,LA,
15647,14508,24387,EMEA,
15648,14508,24387,AP,
15649,12623,19541,NA,
15650,12673,19624,,
15651,12796,19816,,
15652,13121,20408,,
15653,13248,20715,,
15654,13251,20718,,
15655,13252,20719,,
15656,13508,21465,NA,
15657,13508,21465,LA,
15658,13508,21465,EMEA,
15659,13508,21465,AP,
15660,13514,21473,,
15661,13519,21489,EMEA,
15662,13656,21963,NA,
15663,13699,22090,NA,
15664,13699,22090,LA,
15665,13820,22457,,
15666,13858,22561,AP,Pulandian
15667,13865,22585,NA,
15668,13865,22585,LA,
15669,13865,22585,EMEA,
15670,13865,22585,AP,
15671,13893,22685,NA,
15672,13994,23008,NA,
15673,13994,23008,LA,
15674,13994,23008,EMEA,
15675,13994,23008,AP,
15676,14027,23057,NA,
15677,14128,23333,NA,
15678,14128,23333,LA,
15679,14128,23333,AP,
15680,14205,23633,,
15681,14350,24063,,
15682,14594,24651,NA,
15683,14594,24651,LA,
15684,14594,24651,EMEA,
15685,14594,24651,AP,
15686,14597,24654,NA,
15687,14597,24654,LA,
15688,14597,24654,EMEA,
15689,14597,24654,AP,
15690,14599,24656,NA,
15691,14599,24656,LA,
15692,14599,24656,EMEA,
15693,14599,24656,AP,
15694,14614,24668,,
15695,14620,24677,EMEA,
15696,14675,24843,,
15697,14772,25033,NA,
15698,14772,25033,LA,
15699,14772,25033,EMEA,
15700,14772,25033,AP,
15701,14822,25110,NA,
15702,14822,25110,LA,
15703,14907,25321,NA,
15704,14931,25384,NA,
15705,14931,25384,EMEA,
15706,14940,25394,NA,
15707,14954,25455,,
15708,14956,25457,,
15709,14963,25470,,
15710,14991,25534,NA,
15711,14991,25534,LA,
15712,14991,25534,EMEA,
15713,14991,25534,AP,
15714,15011,25578,NA,
15715,12373,19109,,
15716,12687,19653,NA,
15717,13162,20472,,
15718,13195,20573,,
15719,13332,20912,NA,
15720,13332,20912,LA,
15721,13332,20912,EMEA,
15722,13332,20912,AP,
15723,13550,21585,EMEA,Adapazari
15724,13550,21585,EMEA,Izmit
15725,13550,21585,EMEA,South Africa
15726,13550,21585,EMEA,Melksham
15727,13550,21585,EMEA,Krusevac
15728,13581,21700,NA,
15729,14012,23043,NA,
15730,14012,23043,LA,
15731,14012,23043,AP,
15732,14047,23080,EMEA,
15733,14154,23388,NA,
15734,14154,23388,LA,
15735,14154,23388,EMEA,
15736,14154,23388,AP,
15737,14162,23510,NA,ICM*A
15738,14176,23536,,
15739,14203,23630,,
15740,14256,23775,NA,
15741,14256,23775,LA,
15742,14256,23775,EMEA,
15743,14256,23775,AP,
15744,14290,23881,,
15745,14322,23971,,
15746,14364,24087,,
15747,14386,24147,,
15748,14390,24153,NA,Buffalo / Tonawanda
15749,14390,24153,LA,
15750,14391,24154,NA,Buffalo / Tonawanda
15751,14391,24154,LA,
15752,14408,24211,NA,
15753,14409,24212,NA,
15754,14438,24285,AP,
15755,14456,24323,NA,
15756,14458,24325,,
15757,14460,24327,,
15758,14476,24348,NA,
15759,14476,24348,LA,
15760,14476,24348,EMEA,
15761,14476,24348,AP,
15762,14499,24372,EMEA,
15763,14520,24399,NA,
15764,14520,24399,LA,
15765,14520,24399,EMEA,
15766,14521,24400,NA,
15767,14521,24400,LA,
15768,14521,24400,EMEA,
15769,12404,19147,NA,
15770,12404,19147,LA,
15771,12404,19147,EMEA,
15772,12404,19147,AP,
15773,12597,19458,NA,
15774,12597,19458,LA,
15775,12597,19458,EMEA,
15776,12597,19458,AP,
15777,12601,19490,,
15778,12701,19675,NA,Danville
15779,12701,19675,LA,
15780,12701,19675,EMEA,
15781,12701,19675,AP,
15782,12701,19675,NA,Gadsden
15786,12701,19675,NA,Topeka
15790,12701,19675,NA,Fayetteville
15794,12701,19675,NA,Lawton
15798,12701,19675,NA,Social Circle
15802,12701,19675,NA,ICM*A
15806,12701,19675,NA,
15809,12701,19675,AP,Thailand
15813,12701,19675,AP,Nippon Giant
15814,12701,19675,NA,Chem Bayport
15818,12701,19675,NA,Chem Beaumont
15822,12701,19675,NA,Chem Houston
15826,12701,19675,NA,Chem Niagara Falls
15830,12701,19675,NA,NA-LA-AP Except AIRCRAFT
15834,12709,19683,,
15835,12883,19907,,
15836,12903,19939,,
15837,12940,19983,,
15838,12962,20011,,
15839,12974,20023,NA,
15840,12974,20023,LA,
15841,12974,20023,EMEA,
15842,12974,20023,AP,
15843,13054,20268,NA,
15844,13116,20403,,
15845,13152,20462,,
15846,13246,20713,NA,
15847,13246,20713,LA,
15848,13246,20713,EMEA,
15849,13246,20713,AP,
15850,13429,21187,NA,
15851,13473,21358,,
15852,13563,21648,,
15853,13572,21689,,
15854,13600,21789,,
15855,13607,21796,,
15856,13814,22410,,
15857,13824,22477,,
15858,13839,22502,AP,
15859,13880,22645,NA,Medicine Hat
15860,13883,22650,NA,
15861,13883,22650,LA,
15862,13883,22650,EMEA,
15863,13883,22650,AP,
15864,13888,22657,,
15865,13916,22772,,
15866,13938,22833,,
15867,14048,23081,EMEA,
15868,14089,23185,,
15869,14132,23336,NA,
15870,14140,23345,,
15871,14281,23845,,
15872,14300,23908,LA,
15873,14352,24065,,
15874,14477,24349,NA,
15875,14477,24349,LA,
15876,14477,24349,EMEA,
15877,14477,24349,AP,
15878,12433,19192,NA,
15879,12505,19282,,
15880,12506,19283,,
15881,12507,19284,,
15882,12596,19457,NA,
15883,12596,19457,LA,
15884,12596,19457,EMEA,
15885,12596,19457,AP,
15886,12607,19510,NA,
15887,12665,19614,NA,
15888,12665,19614,LA,
15889,12665,19614,EMEA,
15890,12665,19614,AP,
15891,12669,19618,NA,
15892,12669,19618,LA,
15893,12669,19618,EMEA,
15894,12669,19618,AP,
15895,12702,19676,NA,
15896,12702,19676,LA,
15897,12702,19676,EMEA,
15898,12702,19676,AP,
15899,12751,19763,,
15900,12843,19859,NA,
15901,12843,19859,LA,
15902,12843,19859,EMEA,
15903,12843,19859,AP,
15904,12873,19889,,
15905,12930,19966,,
15906,12985,20047,NA,
15907,12985,20047,LA,
15908,12985,20047,EMEA,
15909,12985,20047,AP,
15910,13010,20199,,
15911,13012,20200,,
15912,13013,20201,,
15913,13072,20311,NA,
15914,13072,20311,LA,
15915,13072,20311,EMEA,
15916,13072,20311,AP,
15917,13266,20767,,
15918,13375,21029,NA,
15919,13494,21442,NA,
15920,13494,21442,LA,
15921,13494,21442,EMEA,
15922,13494,21442,AP,
15923,13570,21672,,
15924,13728,22140,NA,
15925,13728,22140,LA,
15926,13728,22140,EMEA,
15927,13728,22140,AP,
15928,13840,22514,NA,Medicine Hat
15929,13840,22514,NA,Napanee
15930,13840,22514,NA,Valleyfield
15931,13848,22531,EMEA,
15932,13884,22651,,
15933,14090,23191,NA,
15934,14215,23670,,
15935,14532,24427,,
15936,14553,24511,,
15937,14612,24666,,
15938,14621,24678,EMEA,
15939,14652,24802,,
15940,14658,24815,NA,
15941,14659,24816,NA,
15942,12411,19157,NA,
15943,12411,19157,LA,
15944,12411,19157,AP,
15945,12512,19291,,
15946,12693,19660,NA,
15947,12699,19671,NA,
15948,12699,19671,LA,
15949,12699,19671,EMEA,
15950,12699,19671,AP,
15951,12808,19829,NA,
15952,12808,19829,LA,
15953,12808,19829,EMEA,
15954,12808,19829,AP,
15955,12855,19869,,
15956,12966,20015,,
15957,12969,20018,,
15958,13030,20227,,
15959,13036,20243,,
15960,13056,20271,,
15961,13064,20290,NA,
15962,13095,20362,,
15963,13099,20370,NA,
15964,13230,20686,NA,
15965,13233,20692,LA,
15966,13433,21240,,
15967,13509,21469,,
15968,13544,21574,NA,
15969,13544,21574,LA,
15970,13612,21801,,
15971,13714,22124,NA,
15972,13714,22124,LA,
15973,13714,22124,EMEA,
15974,13714,22124,AP,
15975,13734,22146,NA,
15976,13734,22146,LA,
15977,13734,22146,EMEA,
15978,13734,22146,AP,
15979,13854,22549,NA,
15980,13854,22549,LA,
15981,13854,22549,AP,
15982,13940,22842,NA,
15983,13945,22870,NA,
15984,13945,22870,LA,
15985,13945,22870,EMEA,
15986,13945,22870,AP,
15987,14030,23060,NA,
15988,14056,23108,NA,
15989,14056,23108,LA,
15990,14056,23108,AP,
15991,14083,23162,,
15992,14180,23540,,
15993,14206,23634,,
15994,14279,23843,,
15995,14288,23867,,
15996,14346,24033,AP,
15997,14569,24577,NA,
15998,14569,24577,LA,
15999,12575,19416,,
16000,12629,19546,,
16001,12654,19598,NA,
16002,12656,19601,NA,
16003,12683,19650,NA,
16004,12721,19696,,
16005,12736,19713,,
16006,12738,19720,EMEA,
16007,12972,20020,,
16008,13047,20253,,
16009,13068,20301,NA,
16010,13141,20443,,
16011,13204,20598,,
16012,13262,20757,AP,Thailand
16013,13333,20913,NA,
16014,13333,20913,LA,
16015,13333,20913,EMEA,
16016,13333,20913,AP,
16017,13366,20999,NA,
16018,13428,21186,NA,
16019,13496,21444,AP,
16020,13605,21794,,
16021,13670,22021,,
16022,13725,22137,NA,
16023,13725,22137,LA,
16024,13725,22137,EMEA,
16025,13725,22137,AP,
16026,13882,22649,NA,
16027,13882,22649,LA,
16028,13882,22649,EMEA,
16029,13882,22649,AP,
16030,14014,23044,,
16031,14135,23339,NA,
16032,14135,23339,LA,
16033,14135,23339,EMEA,
16034,14135,23339,AP,
16035,14238,23744,NA,
16036,14246,23751,NA,
16037,14254,23770,EMEA,
16038,14403,24207,NA,
16039,14415,24227,,
16040,14510,24389,NA,
16041,14510,24389,LA,
16042,14510,24389,EMEA,
16043,14510,24389,AP,
16044,14544,24476,,
16045,12501,19280,NA,
16046,12501,19280,LA,
16047,12501,19280,EMEA,
16048,12501,19280,AP,
16049,12670,19619,NA,
16050,12670,19619,LA,
16051,12670,19619,EMEA,
16052,12670,19619,AP,
16053,12893,19929,,
16054,12956,20005,AP,
16055,13044,20250,NA,
16056,13092,20354,,
16057,13182,20521,,
16058,13281,20790,,
16059,13309,20833,NA,Other
16060,13309,20833,LA,
16061,13309,20833,EMEA,
16062,13309,20833,AP,
16063,13737,22149,NA,
16064,13737,22149,LA,
16065,13737,22149,EMEA,
16066,13737,22149,AP,
16067,14079,23158,NA,
16068,14213,23668,,
16069,14250,23763,EMEA,
16070,14306,23929,,
16071,14466,24339,,
16072,14478,24350,NA,
16073,14478,24350,LA,
16074,14478,24350,EMEA,
16075,14478,24350,AP,
16076,14498,24371,EMEA,
16077,14502,24375,EMEA,
16078,14537,24445,,
16079,14552,24509,NA,
16080,14552,24509,LA,
16081,14552,24509,EMEA,
16082,14552,24509,AP,
16083,14554,24512,NA,
16084,14554,24512,LA,
16085,14554,24512,EMEA,
16086,14554,24512,AP,
16087,14558,24525,,
16088,14570,24579,NA,
16089,14572,24581,NA,
16090,14588,24607,EMEA,
16091,14618,24671,NA,
16092,14629,24686,NA,
16093,14629,24686,LA,
16094,14629,24686,EMEA,
16095,14629,24686,AP,
16096,14640,24724,NA,
16097,14640,24724,LA,
16098,14640,24724,EMEA,
16099,14640,24724,AP,
16100,14655,24811,NA,
16101,14655,24811,LA,
16102,14655,24811,EMEA,
16103,14655,24811,AP,
16104,14701,24908,,
16105,14705,24912,,
16106,14706,24913,,
16107,14708,24915,,
16108,14726,24941,NA,
16109,14726,24941,LA,
16110,14726,24941,EMEA,
16111,14726,24941,AP,
16112,14729,24944,NA,
16113,14729,24944,LA,
16114,14729,24944,EMEA,
16115,14729,24944,AP,
16116,14828,25128,,
16117,14830,25130,,
16118,14835,25147,AP,Malaysia
16119,14835,25147,AP,Thailand
16120,14835,25147,AP,Nippon Giant
16121,14835,25147,AP,Indonesia
16122,14835,25147,AP,Pulandian
16123,12492,19268,NA,
16124,12492,19268,LA,
16125,12492,19268,EMEA,
16126,12492,19268,AP,
16127,12909,19948,,
16128,13024,20211,NA,
16129,13070,20307,EMEA,
16130,13164,20474,,
16131,13228,20684,NA,
16132,13275,20779,,
16133,13525,21498,,
16134,13564,21654,,
16135,13696,22077,EMEA,
16136,13698,22087,,
16137,13864,22584,NA,Medicine Hat
16138,13864,22584,LA,
16139,13864,22584,EMEA,
16140,13864,22584,AP,
16141,13864,22584,NA,Napanee
16145,13864,22584,NA,
16147,13864,22584,EMEA,Adapazari
16151,13864,22584,EMEA,Izmit
16153,13895,22687,NA,
16154,14230,23704,NA,
16155,14276,23840,,
16156,14445,24304,NA,
16157,14445,24304,LA,
16158,14445,24304,EMEA,
16159,14445,24304,AP,
16160,14464,24335,,
16161,14604,24660,NA,Medicine Hat
16162,14604,24660,LA,
16163,14604,24660,EMEA,
16164,14604,24660,AP,
16165,14604,24660,NA,Napanee
16169,14604,24660,NA,Valleyfield
16173,14626,24683,,
16174,14664,24832,,
16175,14670,24838,,
16176,14678,24846,,
16177,14691,24885,EMEA,
16178,14696,24892,,
16179,14768,25018,,
16180,14788,25057,EMEA,
16181,14806,25087,,
16182,14834,25146,NA,Medicine Hat
16183,14834,25146,LA,
16184,14834,25146,AP,
16185,14834,25146,NA,Napanee
16188,14834,25146,NA,Valleyfield
16191,14838,25155,,
16192,14897,25298,,
16193,14914,25328,NA,
16194,14932,25385,NA,
16195,14932,25385,EMEA,
16196,14935,25389,NA,
16197,14951,25450,,
16198,14952,25451,,
16199,14967,25474,NA,
16200,14977,25503,,
16201,14982,25508,NA,
16202,14982,25508,LA,
16203,14982,25508,EMEA,
16204,14990,25533,,
16205,12553,19369,EMEA,
16206,12628,19545,,
16207,12649,19590,NA,
16208,12668,19617,NA,
16209,12668,19617,LA,
16210,12668,19617,EMEA,
16211,12668,19617,AP,
16212,12783,19794,EMEA,
16213,13045,20251,NA,
16214,13112,20399,,
16215,13187,20554,,
16216,13316,20855,EMEA,Luxembourg
16217,13340,20920,EMEA,
16218,13354,20938,NA,
16219,13354,20938,LA,
16220,13354,20938,EMEA,
16221,13354,20938,AP,
16222,13524,21497,,
16223,13532,21504,NA,
16224,13845,22520,,
16225,13850,22537,,
16226,13999,23015,EMEA,
16227,14168,23528,,
16228,14170,23530,,
16229,14190,23613,NA,
16230,14190,23613,LA,
16231,14190,23613,AP,
16232,14257,23780,,
16233,14470,24342,NA,
16234,14470,24342,LA,
16235,14470,24342,EMEA,
16236,14470,24342,AP,
16237,14584,24601,EMEA,
16238,14584,24601,AP,
16239,14602,24659,NA,
16240,14602,24659,LA,
16241,14602,24659,EMEA,
16242,14602,24659,AP,
16243,14651,24801,NA,
16244,14651,24801,LA,
16245,14651,24801,EMEA,
16246,14651,24801,AP,
16247,14722,24930,NA,
16248,14722,24930,LA,
16249,14722,24930,AP,
16250,14785,25052,,
16251,14814,25104,NA,
16252,14814,25104,LA,
16253,14814,25104,EMEA,
16254,14814,25104,AP,
16255,14867,25228,,
16256,14891,25286,LA,Americana
16257,14891,25286,LA,Sao Paulo
16258,14891,25286,LA,Colombia
16259,14891,25286,LA,Venezuela
16260,14894,25295,,
16261,14896,25297,,
16262,14898,25305,NA,
16263,14902,25314,NA,
16264,14902,25314,LA,
16265,14902,25314,EMEA,
16266,14902,25314,AP,
16267,14970,25485,,
16268,15012,25579,NA,
16269,15051,25657,,
16270,15052,25658,,
16271,12439,19201,NA,
16272,12440,19202,NA,
16273,12463,19234,NA,
16274,12463,19234,EMEA,
16275,12880,19904,,
16276,12881,19905,,
16277,12924,19962,,
16278,12943,19987,NA,
16279,12943,19987,LA,
16280,12943,19987,AP,
16281,13060,20273,AP,
16282,13137,20427,,
16283,13160,20470,,
16284,13335,20915,NA,
16285,13335,20915,LA,
16286,13335,20915,EMEA,
16287,13335,20915,AP,
16288,13338,20918,NA,
16289,13338,20918,LA,
16290,13338,20918,EMEA,
16291,13338,20918,AP,
16292,13397,21065,,
16293,13432,21239,NA,
16294,13432,21239,LA,
16295,13432,21239,EMEA,
16296,13432,21239,AP,
16297,13596,21785,,
16298,13764,22237,NA,
16299,13822,22463,NA,
16300,13970,22951,,
16301,14141,23346,,
16302,14151,23371,NA,
16303,14151,23371,LA,
16304,14151,23371,EMEA,
16305,14151,23371,AP,
16306,14186,23583,EMEA,
16307,14191,23614,LA,Americana
16308,14191,23614,LA,Sao Paulo
16309,14191,23614,LA,Colombia
16310,14191,23614,LA,Venezuela
16311,14192,23615,NA,
16312,14192,23615,LA,
16313,14192,23615,AP,
16314,14315,23939,,
16315,14410,24214,NA,Medicine Hat
16316,14410,24214,LA,
16317,14410,24214,EMEA,
16318,14410,24214,NA,Napanee
16321,14410,24214,NA,Valleyfield
16324,14450,24318,EMEA,
16325,14545,24477,EMEA,
16326,14550,24507,NA,
16327,14550,24507,LA,
16328,14550,24507,EMEA,
16329,14550,24507,AP,
16330,14559,24527,,
16331,14560,24528,NA,
16332,14560,24528,LA,
16333,14560,24528,EMEA,
16334,14560,24528,AP,
16335,14564,24566,NA,
16336,14564,24566,LA,
16337,14564,24566,EMEA,
16338,14564,24566,AP,
16339,14568,24576,NA,
16340,14568,24576,LA,
16341,12558,19373,,
16342,12571,19409,,
16343,12631,19549,,
16344,12655,19600,NA,
16345,12739,19728,NA,
16346,12769,19779,NA,
16347,12864,19880,NA,
16348,12916,19955,,
16349,13062,20289,EMEA,
16350,13122,20409,,
16351,13253,20720,,
16352,13269,20771,EMEA,
16353,13468,21346,,
16354,13582,21701,NA,
16355,13583,21702,NA,
16356,13658,21978,,
16357,13849,22532,EMEA,
16358,13942,22852,,
16359,14076,23155,,
16360,14145,23350,NA,
16361,14145,23350,LA,
16362,14145,23350,AP,Nippon Giant
16363,14214,23669,,
16364,14304,23925,NA,
16365,14304,23925,LA,
16366,14304,23925,AP,
16367,14333,23988,,
16368,14482,24353,,
16369,14744,24962,NA,
16370,14744,24962,LA,
16371,14744,24962,EMEA,
16372,14744,24962,AP,
16373,14845,25172,NA,
16374,14845,25172,LA,
16375,14845,25172,EMEA,
16376,14845,25172,AP,
16377,14846,25173,,
16378,14850,25181,NA,
16379,14851,25182,NA,
16380,14852,25183,NA,
16381,14853,25184,NA,
16382,14854,25185,NA,
16383,14870,25231,,
16384,14871,25232,,
16385,14878,25264,NA,
16386,14878,25264,LA,
16387,14878,25264,EMEA,
16388,14878,25264,AP,
16389,14886,25279,NA,
16390,12713,19686,,
16391,12735,19712,NA,
16392,12735,19712,LA,
16393,12735,19712,EMEA,
16394,12735,19712,AP,
16395,12906,19943,,
16396,12942,19986,NA,
16397,12942,19986,LA,
16398,12942,19986,AP,
16399,12963,20012,,
16400,12964,20013,,
16401,12965,20014,,
16402,13216,20637,NA,
16403,13216,20637,LA,
16404,13216,20637,EMEA,
16405,13216,20637,AP,
16406,13385,21043,NA,
16407,13398,21067,NA,Medicine Hat
16408,13398,21067,NA,Napanee
16409,13398,21067,NA,Valleyfield
16410,13398,21067,NA,Chile
16411,13398,21067,NA,Other
16412,13408,21087,NA,
16413,13408,21087,LA,
16414,13408,21087,EMEA,Adapazari
16415,13408,21087,AP,
16418,13408,21087,EMEA,Izmit
16420,13408,21087,NA,Other
16422,13408,21087,EMEA,
16424,13677,22040,,
16425,13754,22203,,
16426,13759,22223,EMEA,
16427,13896,22688,NA,
16428,13936,22821,NA,
16429,13936,22821,LA,
16430,13936,22821,AP,
16431,13995,23009,NA,
16432,13995,23009,LA,
16433,13995,23009,EMEA,
16434,13995,23009,AP,
16435,14007,23023,EMEA,
16436,14008,23024,EMEA,
16437,14024,23054,NA,
16438,14136,23342,NA,
16439,14345,24004,,
16440,14420,24236,,
16441,14454,24321,NA,
16442,14455,24322,NA,
16443,14576,24585,NA,
16444,14582,24594,NA,
16445,14582,24594,LA,
16446,14582,24594,EMEA,
16447,14582,24594,AP,
16448,14610,24664,,
16449,14616,24670,NA,
16450,14616,24670,LA,
16451,14616,24670,AP,
16452,14844,25171,,
16453,14893,25288,NA,
16454,14893,25288,LA,
16455,14893,25288,AP,
16456,14992,25548,NA,
16457,14992,25548,LA,
16458,15025,25616,NA,
16459,15025,25616,LA,
16460,15025,25616,EMEA,
16461,15025,25616,AP,
16462,15039,25630,NA,
16463,15039,25630,LA,
16464,15039,25630,EMEA,
16465,15039,25630,AP,
16466,12996,20060,NA,
16467,12996,20060,LA,
16468,12996,20060,EMEA,
16469,12996,20060,AP,
16470,13093,20357,,
16471,13450,21294,NA,
16472,13450,21294,LA,
16473,13450,21294,AP,Pulandian
16474,13466,21336,NA,
16475,13466,21336,LA,
16476,13466,21336,AP,
16477,13613,21802,,
16478,13662,21982,,
16479,13723,22135,NA,
16480,13723,22135,LA,
16481,13723,22135,EMEA,
16482,13723,22135,AP,
16483,13726,22138,NA,
16484,13726,22138,LA,
16485,13726,22138,EMEA,
16486,13726,22138,AP,
16487,13782,22309,NA,
16488,13792,22335,NA,
16489,13812,22401,NA,
16490,13812,22401,LA,
16491,13812,22401,AP,
16492,13828,22481,NA,
16493,13828,22481,LA,
16494,13828,22481,EMEA,
16495,13860,22582,,
16496,14080,23159,,
16497,14119,23290,,
16498,14155,23389,NA,
16499,14155,23389,LA,
16500,14155,23389,EMEA,Adapazari
16501,14155,23389,AP,
16504,14155,23389,EMEA,Izmit
16508,14155,23389,EMEA,
16509,14155,23389,AP,Nippon Giant
16510,14169,23529,,
16511,14171,23531,,
16512,14361,24082,NA,
16513,14484,24355,NA,
16514,14536,24444,,
16515,14669,24837,,
16516,14671,24839,,
16517,14848,25179,NA,
16518,14849,25180,NA,
16519,14881,25266,NA,
16520,14925,25350,,
16521,15053,25659,,
16522,15056,25666,NA,
16523,15084,25777,NA,ICM*A
16524,15099,25810,NA,
16525,15099,25810,LA,
16526,15099,25810,EMEA,
16527,15099,25810,AP,
16528,15106,25828,EMEA,
16529,15108,25830,NA,
16530,15108,25830,LA,
16531,15108,25830,EMEA,
16532,15108,25830,AP,
16533,15131,25965,EMEA,
16534,15138,26038,,
16535,12549,19365,,
16536,12720,19695,,
16537,12765,19776,,
16538,12834,19850,NA,
16539,12836,19852,NA,
16540,12901,19937,,
16541,12902,19938,,
16542,12997,20061,NA,
16543,12997,20061,LA,
16544,12997,20061,EMEA,
16545,12997,20061,AP,
16546,13051,20256,,
16547,13342,20922,EMEA,
16548,13351,20934,,
16549,13438,21271,NA,
16550,13438,21271,LA,
16551,13438,21271,AP,
16552,13585,21704,NA,
16553,13643,21927,NA,
16554,13643,21927,LA,
16555,13643,21927,EMEA,
16556,13643,21927,AP,
16557,13688,22065,NA,
16558,13688,22065,LA,
16559,13688,22065,EMEA,
16560,13688,22065,AP,
16561,13700,22094,NA,
16562,13700,22094,LA,
16563,13700,22094,EMEA,
16564,13700,22094,AP,
16565,13786,22313,NA,
16566,13786,22313,LA,
16567,13786,22313,AP,
16568,13886,22653,NA,
16569,13886,22653,LA,
16570,13886,22653,EMEA,
16571,13886,22653,AP,
16572,13934,22801,,
16573,14035,23065,NA,
16574,14035,23065,LA,
16575,14035,23065,EMEA,
16576,14035,23065,AP,
16577,14112,23259,,
16578,14248,23754,NA,
16579,14349,24062,,
16580,14486,24357,,
16581,14534,24434,NA,
16582,14598,24655,NA,
16583,14598,24655,LA,
16584,14598,24655,EMEA,
16585,14598,24655,AP,
16586,14600,24657,NA,
16587,14600,24657,LA,
16588,14600,24657,EMEA,
16589,14600,24657,AP,
16590,14637,24717,EMEA,
16591,14642,24725,,
16592,14646,24762,NA,
16593,14657,24814,NA,
16594,14660,24828,,
16595,14662,24830,,
16596,14666,24834,,
16597,14672,24840,,
16598,12470,19243,NA,
16599,12490,19266,NA,
16600,12490,19266,LA,
16601,12490,19266,AP,
16602,12763,19773,NA,
16603,12763,19773,LA,
16604,12763,19773,EMEA,
16605,12763,19773,AP,
16606,12895,19931,,
16607,12975,20024,NA,
16608,12975,20024,LA,
16609,12975,20024,EMEA,
16610,12975,20024,AP,
16611,12998,20062,NA,
16612,12998,20062,LA,
16613,12998,20062,EMEA,
16614,12998,20062,AP,
16615,13014,20202,,
16616,13114,20401,,
16617,13117,20404,,
16618,13125,20412,,
16619,13126,20413,,
16620,13255,20722,NA,
16621,13255,20722,LA,
16622,13255,20722,EMEA,
16623,13255,20722,AP,
16624,13264,20759,,
16625,13404,21073,NA,
16626,13404,21073,LA,
16627,13404,21073,EMEA,
16628,13404,21073,AP,
16629,13478,21384,,
16630,13523,21496,,
16631,13790,22323,NA,
16632,13790,22323,LA,
16633,13790,22323,EMEA,
16634,13790,22323,AP,
16635,13906,22749,NA,Medicine Hat
16636,13906,22749,LA,
16637,13906,22749,EMEA,
16638,13906,22749,AP,
16639,13906,22749,NA,Napanee
16643,13906,22749,NA,Valleyfield
16647,13906,22749,NA,
16649,13906,22749,EMEA,Izmit
16654,13906,22749,AP,Nippon Giant
16655,13912,22765,NA,
16656,13917,22773,NA,
16657,14066,23127,,
16658,14298,23902,NA,
16659,14424,24240,,
16660,14811,25101,,
16661,14918,25331,NA,
16662,14918,25331,EMEA,
16663,14924,25349,NA,
16664,14924,25349,LA,
16665,14924,25349,EMEA,
16666,14924,25349,AP,
16667,14936,25390,NA,
16668,14946,25432,,
16669,14965,25472,,
16670,14966,25473,NA,
16671,14971,25486,NA,
16672,14971,25486,LA,
16673,14971,25486,AP,
16674,14987,25516,,
16675,14989,25518,,
16676,15017,25596,LA,
16677,15018,25597,NA,
16678,15018,25597,LA,
16679,15019,25598,NA,
16680,15019,25598,LA,
16681,12407,19153,NA,
16682,12465,19236,NA,
16683,12559,19375,EMEA,
16684,12752,19764,,
16685,13140,20442,,
16686,13268,20770,NA,
16687,13268,20770,LA,
16688,13268,20770,EMEA,
16689,13268,20770,AP,
16690,13463,21332,EMEA,
16691,13598,21787,,
16692,13617,21806,,
16693,13652,21938,NA,
16694,13652,21938,LA,
16695,13652,21938,EMEA,
16696,13652,21938,AP,
16697,13653,21939,NA,
16698,13653,21939,LA,
16699,13653,21939,EMEA,
16700,13653,21939,AP,
16701,13655,21948,NA,
16702,13776,22303,NA,
16703,13843,22518,,
16704,13875,22616,NA,
16705,13875,22616,LA,
16706,13875,22616,EMEA,
16707,13875,22616,AP,
16708,14022,23052,NA,
16709,14034,23064,NA,
16710,14164,23512,NA,
16711,14164,23512,LA,
16712,14164,23512,EMEA,
16713,14164,23512,AP,
16714,14264,23804,NA,
16715,14264,23804,LA,
16716,14264,23804,AP,
16717,14273,23813,NA,
16718,14362,24084,,
16719,14463,24334,,
16720,14488,24359,NA,
16721,14488,24359,LA,
16722,14488,24359,EMEA,
16723,14488,24359,AP,
16724,14494,24365,EMEA,
16725,14530,24418,NA,
16726,14530,24418,LA,
16727,14530,24418,EMEA,
16728,14530,24418,AP,
16729,14825,25119,NA,
16730,14875,25240,NA,
16731,14875,25240,LA,
16732,14875,25240,EMEA,
16733,14875,25240,AP,
16734,15047,25645,NA,
16735,15047,25645,LA,
16736,15047,25645,EMEA,
16737,15047,25645,AP,
16738,15060,25670,NA,Medicine Hat
16739,15060,25670,LA,
16740,15060,25670,EMEA,
16741,15060,25670,AP,
16742,15060,25670,NA,Napanee
16746,15060,25670,NA,Valleyfield
16750,15062,25672,NA,
16751,15062,25672,LA,
16752,15062,25672,EMEA,Adapazari
16753,15062,25672,AP,
16756,15062,25672,EMEA,Izmit
16758,15081,25772,NA,Medicine Hat
16759,15081,25772,LA,
16760,15081,25772,EMEA,
16761,15081,25772,NA,Napanee
16764,15081,25772,NA,Valleyfield
16767,15086,25797,NA,
16768,15091,25802,,
16769,15092,25803,,
16770,15093,25804,,
16771,15096,25807,NA,
16772,15096,25807,LA,
16773,15096,25807,EMEA,
16774,15096,25807,AP,
16775,15098,25809,,
16776,12395,19139,,
16777,12497,19276,NA,
16778,12497,19276,LA,
16779,12497,19276,EMEA,
16780,12497,19276,AP,
16781,12781,19792,NA,
16782,12781,19792,LA,
16783,12781,19792,EMEA,
16784,12781,19792,AP,
16785,12831,19847,NA,
16786,13031,20229,,
16787,13560,21637,,
16788,13629,21880,NA,
16789,13774,22296,NA,
16790,13774,22296,LA,
16791,13774,22296,EMEA,
16792,13774,22296,AP,
16793,14038,23072,NA,
16794,14038,23072,LA,
16795,14038,23072,EMEA,
16796,14038,23072,AP,
16797,14178,23538,,
16798,14280,23844,,
16799,14354,24070,NA,
16800,14546,24478,,
16801,14986,25515,,
16802,15153,26142,NA,
16803,15153,26142,EMEA,
16804,15174,26184,NA,
16805,15174,26184,LA,
16806,15174,26184,EMEA,
16807,15174,26184,AP,
16808,15177,26187,,
16809,15180,26210,NA,
16810,15180,26210,LA,
16811,15180,26210,EMEA,
16812,15180,26210,AP,
16813,15186,26239,NA,
16814,15199,26281,AP,
16815,15200,26282,AP,
16816,15201,26283,AP,
16817,15221,26303,AP,
16818,15246,26330,AP,
16819,15247,26331,AP,
16820,15252,26336,AP,
16821,15253,26337,AP,
16822,15254,26350,NA,
16823,15254,26350,LA,
16824,15254,26350,EMEA,
16825,15254,26350,AP,
16826,15256,26352,NA,
16827,15256,26352,LA,
16828,15256,26352,EMEA,
16829,15256,26352,AP,
16830,15257,26353,AP,
16831,15258,26354,AP,
16832,15260,26356,NA,
16833,15260,26356,LA,
16834,15260,26356,EMEA,
16835,15260,26356,AP,
16836,15262,26357,NA,
16837,15263,26358,NA,
16838,15264,26359,NA,
16839,15265,26360,NA,
16840,15266,26361,NA,
16841,15267,26362,NA,
16842,15268,26363,NA,
16843,15269,26364,NA,
16844,15273,26370,NA,
16845,15414,27129,,
16846,15458,27927,AP,
16847,15459,27928,AP,
16848,15460,27929,AP,
16849,15461,27930,AP,
16850,15462,27931,AP,
16851,15463,27932,AP,
16852,15464,27933,AP,
16853,15604,29272,NA,
16854,15604,29272,LA,
16855,15604,29272,AP,
16856,15615,29390,,
16857,15660,29866,NA,
16858,15660,29866,LA,
16859,15660,29866,EMEA,
16860,15660,29866,AP,
16861,15748,30570,,
16862,15843,31527,NA,
16863,15843,31527,LA,
16864,15843,31527,EMEA,
16865,15843,31527,AP,
16866,16181,35777,,
16867,16284,36747,NA,
16868,16284,36747,LA,
16869,16284,36747,EMEA,
16870,16284,36747,AP,
16871,16313,36885,NA,
16872,16313,36885,LA,
16873,16313,36885,EMEA,
16874,16313,36885,AP,
16875,16630,39888,NA,
16876,16630,39888,LA,
16877,16630,39888,EMEA,
16878,16630,39888,AP,
16879,17056,42594,,
16880,17183,43106,,
16881,17299,43540,AP,
16882,17384,43834,,
16883,17600,44524,NA,
16884,17600,44524,LA,
16885,17600,44524,EMEA,
16886,17600,44524,AP,
16887,17734,44995,NA,
16888,17734,44995,LA,
16889,17734,44995,EMEA,
16890,17734,44995,AP,
16891,17735,44996,NA,
16892,17735,44996,LA,
16893,17735,44996,EMEA,
16894,17735,44996,AP,
16895,17736,44997,NA,
16896,17736,44997,LA,
16897,17736,44997,EMEA,
16898,17736,44997,AP,
16899,17737,44998,NA,
16900,17737,44998,LA,
16901,17737,44998,EMEA,
16902,17737,44998,AP,
16903,17747,45111,NA,
16904,17747,45111,LA,
16905,17747,45111,EMEA,
16906,17747,45111,AP,
16907,17757,45209,,
16908,17492,44213,NA,
16909,17501,44235,,
16910,17550,44310,LA,
16911,17552,44312,LA,
16912,17554,44314,LA,
16913,17556,44322,,
16914,17560,44326,,
16915,17602,44532,NA,
16916,17602,44532,LA,
16917,17602,44532,EMEA,
16918,17602,44532,AP,
16919,17606,44537,,
16920,17609,44541,,
16921,17610,44542,,
16922,17654,44686,,
16923,17677,44776,,
16924,17721,44872,EMEA,
16925,17722,44873,EMEA,
16926,17723,44874,EMEA,
16927,17750,45130,,
16928,15628,29448,NA,
16929,15628,29448,LA,
16930,15628,29448,EMEA,
16931,15628,29448,AP,
16932,15689,30089,,
16933,15774,30803,NA,
16934,15774,30803,LA,
16935,15774,30803,EMEA,
16936,15774,30803,AP,
16937,15902,32099,,
16938,16004,33971,,
16939,16047,34520,NA,
16940,16060,34645,NA,
16941,16060,34645,LA,
16942,16060,34645,AP,
16943,16389,37609,NA,
16944,16389,37609,LA,
16945,16389,37609,EMEA,
16946,16389,37609,AP,
16947,16400,37726,NA,
16948,16400,37726,LA,
16949,16400,37726,EMEA,
16950,16400,37726,AP,
16951,16516,38882,NA,
16952,16669,40111,EMEA,
16953,16692,40324,,
16954,16694,40326,,
16955,17098,42842,AP,
16956,17099,42843,NA,
16957,17099,42843,LA,
16958,17099,42843,AP,
16959,17164,43023,,
16960,17196,43159,,
16961,17323,43634,NA,
16962,17323,43634,LA,
16963,17323,43634,EMEA,
16964,17323,43634,AP,
16965,17340,43685,,
16966,17457,44116,,
16967,17497,44231,,
16968,17708,44828,,
16969,17709,44829,,
16970,17710,44830,,
16971,17711,44831,,
16972,17760,45245,,
16973,17834,45818,NA,
16974,17834,45818,LA,
16975,17834,45818,EMEA,
16976,17834,45818,AP,
16977,17835,45819,NA,
16978,17835,45819,LA,
16979,17835,45819,EMEA,
16980,17835,45819,AP,Nippon Giant
16984,17835,45819,AP,Pulandian
16985,18310,48882,EMEA,
16986,18388,49355,,
16987,18440,49565,NA,
16988,18440,49565,LA,
16989,18440,49565,EMEA,
16990,18440,49565,AP,
16991,18470,50004,,
16992,17322,43631,NA,
16993,17322,43631,LA,
16994,17322,43631,EMEA,
16995,17322,43631,AP,
16996,17398,43922,NA,
16997,17450,44099,,
16998,17511,44271,LA,
16999,17513,44273,LA,
17000,17515,44275,LA,
17001,17517,44277,LA,
17002,17519,44279,LA,
17003,17521,44281,LA,
17004,17523,44283,,
17005,17525,44285,,
17006,17527,44287,,
17007,17529,44289,,
17008,17531,44291,,
17009,17533,44293,,
17010,17535,44295,,
17011,17537,44297,,
17012,17539,44299,,
17013,17541,44301,,
17014,17543,44303,,
17015,17545,44305,,
17016,15356,26759,,
17017,15648,29566,,
17018,15678,30031,NA,
17019,15678,30031,LA,
17020,15678,30031,EMEA,Adapazari
17021,15678,30031,AP,
17024,15678,30031,EMEA,Izmit
17026,15685,30083,EMEA,Adapazari
17027,15685,30083,EMEA,Izmit
17028,15810,31220,,
17029,15847,31534,,
17030,15849,31536,NA,
17031,15849,31536,LA,
17032,15849,31536,EMEA,
17033,15849,31536,AP,
17034,16188,36011,NA,
17035,16226,36275,,
17036,16278,36677,,
17037,16373,37452,NA,
17038,16373,37452,LA,
17039,16373,37452,EMEA,
17040,16373,37452,AP,
17041,16470,38509,,
17042,16631,39889,NA,
17043,16631,39889,LA,
17044,16631,39889,EMEA,
17045,16631,39889,AP,
17046,16756,40776,NA,
17047,16757,40777,NA,
17048,16910,41814,LA,
17049,16967,42245,NA,
17050,16967,42245,LA,
17051,16967,42245,EMEA,
17052,16967,42245,AP,
17053,17062,42656,,
17054,17086,42756,NA,
17055,17086,42756,LA,
17056,17086,42756,EMEA,
17057,17086,42756,AP,
17058,17202,43184,NA,
17059,17202,43184,LA,
17060,17202,43184,EMEA,
17061,17202,43184,AP,
17062,17312,43582,,
17063,17386,43836,,
17064,17588,44424,,
17065,17637,44656,AP,
17066,17977,46458,AP,
17067,17800,45538,,
17068,17875,45989,EMEA,
17069,17891,46004,NA,
17070,17891,46004,LA,
17071,17891,46004,EMEA,
17072,17892,46005,NA,
17073,17892,46005,LA,
17074,17892,46005,EMEA,
17075,17893,46006,NA,
17076,17893,46006,LA,
17077,17893,46006,EMEA,
17078,17894,46007,NA,
17079,17894,46007,LA,
17080,17894,46007,EMEA,
17081,17895,46008,NA,
17082,17895,46008,LA,
17083,17895,46008,EMEA,
17084,17896,46009,NA,
17085,17896,46009,LA,
17086,17896,46009,EMEA,
17087,17897,46010,NA,
17088,17897,46010,LA,
17089,17897,46010,EMEA,
17090,17942,46320,,
17091,17972,46454,NA,
17092,17972,46454,LA,
17093,17972,46454,EMEA,
17094,17972,46454,AP,
17095,17978,46463,NA,
17096,17979,46464,NA,
17097,17989,46561,,
17098,18000,46605,NA,
17099,18000,46605,LA,
17100,18002,46607,NA,
17101,18002,46607,LA,
17102,18003,46608,NA,
17103,18003,46608,LA,
17104,18004,46612,NA,
17105,18009,46703,NA,
17106,18009,46703,LA,
17107,18009,46703,EMEA,
17108,18009,46703,AP,
17109,18010,46710,,
17110,18012,46743,NA,
17111,18018,46780,NA,
17112,18018,46780,LA,
17113,18018,46780,EMEA,
17114,18021,46850,,
17115,15388,26952,NA,
17116,15388,26952,LA,
17117,15388,26952,EMEA,
17118,15388,26952,AP,
17119,15529,28455,NA,
17120,15553,28633,NA,
17121,15553,28633,LA,
17122,15553,28633,EMEA,
17123,15553,28633,AP,
17124,15574,28760,NA,
17125,15574,28760,LA,
17126,15574,28760,EMEA,
17127,15574,28760,AP,
17128,15641,29516,,
17129,15705,30209,NA,
17130,15705,30209,LA,
17131,15705,30209,EMEA,
17132,15705,30209,AP,
17133,15916,32223,,
17134,16375,37454,AP,Malaysia
17135,16375,37454,AP,Thailand
17136,16375,37454,AP,Nippon Giant
17137,16375,37454,AP,Ballabgarh
17138,16375,37454,AP,Aurangabad
17139,16375,37454,AP,Indonesia
17140,16375,37454,AP,Prinx Chengshan
17141,16378,37534,NA,
17142,16378,37534,LA,
17143,16378,37534,AP,
17144,16399,37725,NA,
17145,16399,37725,LA,
17146,16399,37725,EMEA,
17147,16399,37725,AP,
17148,16484,38652,,
17149,16612,39783,NA,
17150,16612,39783,EMEA,
17151,16620,39791,NA,
17152,16785,41049,AP,Nippon Giant
17153,16889,41647,AP,
17154,17001,42401,,
17155,17072,42723,,
17156,17218,43231,,
17157,17360,43776,,
17158,17363,43779,,
17159,17508,44268,NA,
17160,17508,44268,LA,
17161,17508,44268,EMEA,
17162,17508,44268,AP,
17163,17759,45211,,
17164,17784,45416,NA,
17165,17784,45416,LA,
17166,17784,45416,EMEA,
17167,17784,45416,AP,
17168,17864,45918,NA,
17169,17864,45918,LA,
17170,17864,45918,EMEA,
17171,17864,45918,AP,
17172,17866,45919,NA,
17173,17866,45919,LA,
17174,17866,45919,EMEA,
17175,17866,45919,AP,
17176,17970,46424,NA,
17177,17971,46425,NA,
17178,17971,46425,LA,
17179,17971,46425,EMEA,
17180,17971,46425,AP,
17181,17995,46600,,
17182,17996,46601,,
17183,17549,44309,LA,
17184,17551,44311,LA,
17185,17553,44313,LA,
17186,17590,44443,EMEA,Adapazari
17187,17590,44443,EMEA,Izmit
17188,17590,44443,EMEA,South Africa
17189,17590,44443,EMEA,Amiens South
17190,17592,44451,,
17191,17814,45656,,
17192,17816,45658,,
17193,17905,46046,NA,
17194,17905,46046,LA,
17195,17905,46046,EMEA,
17196,17930,46219,NA,
17197,17930,46219,LA,
17198,17930,46219,EMEA,
17199,17930,46219,AP,
17200,17932,46224,NA,
17201,17932,46224,LA,
17202,17932,46224,EMEA,
17203,17932,46224,AP,
17204,17933,46225,NA,
17205,17933,46225,LA,
17206,17933,46225,EMEA,
17207,17933,46225,AP,
17208,17946,46362,,
17209,17947,46363,,
17210,17948,46364,,
17211,17949,46365,,
17212,17950,46366,,
17213,17953,46369,,
17214,17954,46370,,
17215,17955,46371,,
17216,17956,46372,,
17217,17958,46373,,
17218,17959,46374,,
17219,15420,27468,,
17220,15442,27702,AP,
17221,15508,28147,NA,
17222,15508,28147,LA,
17223,15508,28147,EMEA,
17224,15508,28147,AP,
17225,15510,28204,LA,
17226,15824,31398,NA,
17227,15824,31398,LA,
17228,15824,31398,AP,
17229,15924,32348,,
17230,15998,33966,,
17231,16070,34879,NA,
17232,16070,34879,LA,
17233,16070,34879,EMEA,
17234,16070,34879,AP,
17235,16200,36068,NA,
17236,16200,36068,LA,
17237,16200,36068,EMEA,
17238,16200,36068,AP,
17239,16440,38301,,
17240,16686,40271,NA,
17241,16686,40271,LA,
17242,16686,40271,EMEA,
17243,16686,40271,AP,
17244,16722,40638,NA,
17245,16722,40638,LA,
17246,16722,40638,AP,
17247,16866,41505,,
17248,16912,41816,NA,
17249,16912,41816,LA,
17250,16912,41816,EMEA,
17251,16912,41816,AP,Thailand
17255,16912,41816,AP,Indonesia
17256,16914,41852,NA,
17257,16914,41852,LA,
17258,16914,41852,EMEA,
17259,16914,41852,AP,
17260,16959,42232,,
17261,17116,42894,NA,
17262,17224,43252,,
17263,17380,43830,,
17264,17387,43837,NA,
17265,17387,43837,LA,
17266,17387,43837,EMEA,
17267,17387,43837,AP,
17268,17462,44133,AP,
17269,17584,44373,LA,
17270,17585,44374,NA,
17271,17585,44374,LA,
17272,17585,44374,EMEA,
17273,17585,44374,AP,
17274,17743,45037,NA,
17275,17743,45037,LA,
17276,17743,45037,EMEA,
17277,17743,45037,AP,
17278,17756,45208,NA,
17279,18022,46851,NA,
17280,18022,46851,LA,
17281,18022,46851,EMEA,
17282,18022,46851,AP,
17283,18024,46852,,
17284,18025,46853,,
17285,18026,46854,,
17286,18027,46855,,
17287,18028,46856,,
17288,18029,46857,,
17289,18030,46858,,
17290,18031,46859,,
17291,18032,46860,,
17292,18033,46861,,
17293,18034,46862,,
17294,18035,46863,,
17295,18036,46864,,
17296,18037,46865,,
17297,18038,46899,,
17298,18039,46902,,
17299,18042,46938,NA,
17300,18043,46939,NA,
17301,18044,46940,,
17302,18053,47054,,
17303,18061,47163,NA,
17304,18066,47168,LA,
17305,18080,47326,,
17306,18082,47328,NA,
17307,18082,47328,LA,
17308,18082,47328,EMEA,
17309,18082,47328,AP,
17310,18084,47360,NA,
17311,18101,47443,NA,
17312,18101,47443,LA,
17313,18101,47443,EMEA,
17314,18101,47443,AP,
17315,15413,27128,,
17316,15422,27470,,
17317,15470,27991,,
17318,15471,27992,NA,
17319,15626,29446,NA,
17320,15626,29446,LA,
17321,15626,29446,EMEA,
17322,15626,29446,AP,
17323,15725,30326,NA,
17324,15725,30326,LA,
17325,15725,30326,EMEA,
17326,15725,30326,AP,
17327,16197,36059,NA,
17328,16197,36059,LA,
17329,16197,36059,EMEA,Adapazari
17330,16197,36059,AP,
17333,16197,36059,EMEA,Izmit
17337,16197,36059,EMEA,
17338,16197,36059,AP,Nippon Giant
17342,16197,36059,AP,Pulandian
17343,16220,36210,NA,
17344,16220,36210,LA,
17345,16220,36210,EMEA,
17346,16220,36210,AP,
17347,16349,37292,NA,Medicine Hat
17348,16349,37292,LA,
17349,16349,37292,EMEA,
17350,16349,37292,AP,
17351,16349,37292,NA,Napanee
17355,16349,37292,NA,Valleyfield
17359,16349,37292,NA,
17361,16349,37292,EMEA,Adapazari
17365,16349,37292,EMEA,Izmit
17370,16349,37292,AP,Nippon Giant
17371,16486,38726,NA,
17372,16742,40710,NA,
17373,16742,40710,LA,
17374,16742,40710,EMEA,
17375,16742,40710,AP,
17376,16765,40824,NA,
17377,16922,41972,,
17378,16928,41996,NA,
17379,16928,41996,LA,
17380,16928,41996,EMEA,
17381,16928,41996,AP,
17382,17069,42714,NA,
17383,17069,42714,LA,
17384,17069,42714,EMEA,
17385,17069,42714,AP,
17386,17126,42926,,
17387,17152,43001,EMEA,
17388,17418,44015,,
17389,17570,44359,NA,
17390,17570,44359,LA,
17391,17570,44359,AP,
17392,17594,44462,NA,
17393,17594,44462,LA,
17394,17594,44462,AP,
17395,17595,44463,NA,
17396,17595,44463,LA,
17397,17595,44463,EMEA,
17398,17595,44463,AP,
17399,17640,44659,EMEA,
17400,17642,44661,EMEA,
17401,17643,44662,,
17402,17960,46375,,
17403,17961,46376,,
17404,17962,46377,,
17405,17963,46378,,
17406,17964,46379,,
17407,17965,46380,,
17408,17992,46597,NA,
17409,17992,46597,LA,
17410,17997,46602,,
17411,17998,46603,NA,
17412,17998,46603,LA,
17413,17999,46604,NA,
17414,17999,46604,LA,
17415,18001,46606,NA,
17416,18001,46606,LA,
17417,18011,46712,NA,
17418,18014,46747,,
17419,18015,46748,,
17420,18016,46779,NA,
17421,18016,46779,EMEA,
17422,18046,46944,,
17423,18052,47051,NA,
17424,18054,47091,NA,
17425,18056,47125,NA,
17426,18070,47207,NA,
17427,18073,47242,NA,
17428,18074,47280,NA,
17429,18074,47280,LA,
17430,18074,47280,EMEA,
17431,18074,47280,AP,
17432,18085,47361,NA,
17433,18085,47361,LA,
17434,18085,47361,EMEA,
17435,18085,47361,AP,
17436,18086,47362,NA,
17437,18086,47362,LA,
17438,18086,47362,EMEA,
17439,18086,47362,AP,
17440,18089,47365,AP,
17441,18092,47400,,
17442,18095,47403,,
17443,18096,47404,,
17444,15314,26589,,
17445,15342,26671,NA,
17446,15342,26671,LA,
17447,15342,26671,EMEA,
17448,15342,26671,AP,
17449,15360,26788,NA,
17450,15437,27647,NA,
17451,15527,28453,NA,
17452,15567,28753,,
17453,15633,29502,NA,
17454,15633,29502,LA,
17455,15633,29502,AP,
17456,15825,31399,EMEA,
17457,15975,33640,NA,
17458,15975,33640,LA,
17459,15975,33640,EMEA,
17460,15975,33640,AP,
17461,15976,33641,NA,
17462,15976,33641,LA,
17463,15976,33641,EMEA,
17464,15976,33641,AP,
17465,16036,34300,,
17466,16164,35605,,
17467,16174,35688,,
17468,16418,37950,EMEA,
17469,16433,38152,,
17470,16622,39828,NA,
17471,16738,40674,NA,
17472,16738,40674,LA,
17473,16738,40674,EMEA,
17474,16738,40674,AP,
17475,16842,41386,NA,
17476,16842,41386,LA,
17477,16842,41386,EMEA,
17478,16842,41386,AP,
17479,16936,42127,NA,
17480,16936,42127,LA,
17481,16936,42127,EMEA,
17482,17042,42541,NA,
17483,17042,42541,LA,
17484,17042,42541,EMEA,
17485,17042,42541,AP,
17486,17052,42576,,
17487,17147,42988,,
17488,17209,43210,,
17489,17311,43580,NA,
17490,17311,43580,LA,
17491,17311,43580,EMEA,
17492,17311,43580,AP,
17493,17390,43882,NA,
17494,17390,43882,LA,
17495,17390,43882,EMEA,
17496,17390,43882,AP,Nippon Giant
17497,17706,44827,,
17498,18106,47525,NA,
17499,18106,47525,LA,
17500,18124,47601,,
17501,18140,47720,,
17502,18143,47724,NA,Medicine Hat
17503,18143,47724,LA,
17504,18143,47724,NA,Napanee
17506,18143,47724,NA,Valleyfield
17508,18147,47755,LA,
17509,18148,47756,LA,
17510,18149,47759,,
17511,18150,47760,,
17512,18158,47816,,
17513,18159,47817,,
17514,18160,47818,NA,
17515,18160,47818,LA,
17516,18160,47818,EMEA,Adapazari
17517,18160,47818,AP,
17520,18160,47818,EMEA,Izmit
17522,18164,47871,NA,
17523,18164,47871,LA,
17524,18164,47871,EMEA,
17525,18164,47871,AP,
17526,18198,48076,NA,
17527,18212,48118,,
17528,18213,48120,,
17529,18214,48121,,
17530,18216,48122,,
17531,18218,48145,,
17532,18219,48146,,
17533,15372,26840,LA,
17534,15853,31540,,
17535,15909,32159,,
17536,15967,33507,,
17537,16080,34939,NA,
17538,16084,34985,,
17539,16129,35280,NA,
17540,16129,35280,LA,
17541,16129,35280,EMEA,
17542,16129,35280,AP,
17543,16158,35521,,
17544,16159,35522,,
17545,16280,36712,NA,
17546,16280,36712,LA,
17547,16280,36712,EMEA,
17548,16280,36712,AP,
17549,16328,37065,NA,
17550,16328,37065,LA,
17551,16328,37065,EMEA,
17552,16328,37065,AP,
17553,16390,37610,NA,
17554,16390,37610,LA,
17555,16390,37610,EMEA,
17556,16390,37610,AP,
17557,16464,38469,,
17558,16482,38646,NA,
17559,16482,38646,LA,
17560,16482,38646,EMEA,
17561,16482,38646,AP,
17562,16557,39065,NA,
17563,16557,39065,LA,
17564,16557,39065,EMEA,
17565,16557,39065,AP,
17566,16681,40202,NA,
17567,16720,40637,NA,
17568,16720,40637,LA,
17569,16720,40637,EMEA,
17570,16720,40637,AP,
17571,16938,42153,NA,
17572,16938,42153,LA,
17573,16938,42153,EMEA,
17574,16938,42153,AP,
17575,17254,43423,,
17576,17324,43638,NA,
17577,17324,43638,LA,
17578,17324,43638,EMEA,
17579,17324,43638,AP,
17580,17657,44721,EMEA,
17581,17776,45371,LA,
17582,17777,45372,LA,
17583,17778,45373,LA,
17584,17779,45374,EMEA,
17585,17782,45414,,
17586,17783,45415,NA,
17587,17783,45415,LA,
17588,17783,45415,EMEA,
17589,17783,45415,AP,
17590,18097,47405,,
17591,18098,47437,,
17592,18102,47475,,
17593,18104,47478,NA,
17594,18104,47478,LA,
17595,18104,47478,EMEA,
17596,18104,47478,AP,
17597,18108,47553,EMEA,Adapazari
17598,18108,47553,EMEA,Izmit
17599,18108,47553,EMEA,South Africa
17600,18108,47553,EMEA,DRC Kauucuk
17601,18108,47553,EMEA,Kolsan
17602,18108,47553,EMEA,Ozka Lastik ve Kaucuk Inc.
17603,18108,47553,EMEA,S and N Rubber¿
17604,18108,47553,EMEA,Vil Kaucuk San.ve Tic. Ltd Sti
17605,18109,47554,EMEA,Adapazari
17606,18109,47554,EMEA,Izmit
17607,18109,47554,EMEA,South Africa
17608,18109,47554,EMEA,DRC Kauucuk
17609,18109,47554,EMEA,Kolsan
17610,18109,47554,EMEA,Ozka Lastik ve Kaucuk Inc.
17611,18109,47554,EMEA,S and N Rubber¿
17612,18109,47554,EMEA,Vil Kaucuk San.ve Tic. Ltd Sti
17613,18110,47555,EMEA,Adapazari
17614,18110,47555,EMEA,Izmit
17615,18110,47555,EMEA,South Africa
17616,18110,47555,EMEA,DRC Kauucuk
17617,18110,47555,EMEA,Kolsan
17618,18110,47555,EMEA,Ozka Lastik ve Kaucuk Inc.
17619,18110,47555,EMEA,S and N Rubber¿
17620,18110,47555,EMEA,Vil Kaucuk San.ve Tic. Ltd Sti
17621,18111,47556,EMEA,Adapazari
17622,18111,47556,EMEA,Izmit
17623,18111,47556,EMEA,South Africa
17624,18111,47556,EMEA,DRC Kauucuk
17625,18111,47556,EMEA,Kolsan
17626,18111,47556,EMEA,Ozka Lastik ve Kaucuk Inc.
17627,18111,47556,EMEA,S and N Rubber¿
17628,18111,47556,EMEA,Vil Kaucuk San.ve Tic. Ltd Sti
17629,18112,47557,EMEA,Adapazari
17630,18112,47557,EMEA,Izmit
17631,18112,47557,EMEA,South Africa
17632,18112,47557,EMEA,DRC Kauucuk
17633,18112,47557,EMEA,Kolsan
17634,18112,47557,EMEA,Ozka Lastik ve Kaucuk Inc.
17635,18112,47557,EMEA,S and N Rubber¿
17636,18112,47557,EMEA,Vil Kaucuk San.ve Tic. Ltd Sti
17637,18113,47559,EMEA,Adapazari
17638,18113,47559,EMEA,Izmit
17639,18113,47559,EMEA,South Africa
17640,18113,47559,EMEA,DRC Kauucuk
17641,18113,47559,EMEA,Kolsan
17642,18113,47559,EMEA,Ozka Lastik ve Kaucuk Inc.
17643,18113,47559,EMEA,S and N Rubber¿
17644,18113,47559,EMEA,Vil Kaucuk San.ve Tic. Ltd Sti
17645,18114,47560,EMEA,Adapazari
17646,18114,47560,EMEA,Izmit
17647,18114,47560,EMEA,South Africa
17648,18114,47560,EMEA,DRC Kauucuk
17649,18114,47560,EMEA,Kolsan
17650,18114,47560,EMEA,Ozka Lastik ve Kaucuk Inc.
17651,18114,47560,EMEA,S and N Rubber¿
17652,18114,47560,EMEA,Vil Kaucuk San.ve Tic. Ltd Sti
17653,18115,47562,EMEA,Adapazari
17654,18115,47562,EMEA,Izmit
17655,18115,47562,EMEA,South Africa
17656,18115,47562,EMEA,DRC Kauucuk
17657,18115,47562,EMEA,Kolsan
17658,18115,47562,EMEA,Ozka Lastik ve Kaucuk Inc.
17659,18115,47562,EMEA,S and N Rubber¿
17660,18115,47562,EMEA,Vil Kaucuk San.ve Tic. Ltd Sti
17661,18116,47563,EMEA,Adapazari
17662,18116,47563,EMEA,Izmit
17663,18116,47563,EMEA,South Africa
17664,18116,47563,EMEA,DRC Kauucuk
17665,18116,47563,EMEA,Kolsan
17666,18116,47563,EMEA,Ozka Lastik ve Kaucuk Inc.
17667,18116,47563,EMEA,S and N Rubber¿
17668,18116,47563,EMEA,Vil Kaucuk San.ve Tic. Ltd Sti
17669,18117,47564,EMEA,Adapazari
17670,18117,47564,EMEA,Izmit
17671,18117,47564,EMEA,South Africa
17672,18117,47564,EMEA,DRC Kauucuk
17673,18117,47564,EMEA,Kolsan
17674,18117,47564,EMEA,Ozka Lastik ve Kaucuk Inc.
17675,18117,47564,EMEA,S and N Rubber¿
17676,18117,47564,EMEA,Vil Kaucuk San.ve Tic. Ltd Sti
17677,18118,47565,EMEA,Adapazari
17678,18118,47565,EMEA,Izmit
17679,18118,47565,EMEA,South Africa
17680,18118,47565,EMEA,DRC Kauucuk
17681,18118,47565,EMEA,Kolsan
17682,18118,47565,EMEA,Ozka Lastik ve Kaucuk Inc.
17683,18118,47565,EMEA,S and N Rubber¿
17684,18118,47565,EMEA,Vil Kaucuk San.ve Tic. Ltd Sti
17685,18120,47598,,
17686,18142,47723,NA,
17687,18142,47723,LA,
17688,18156,47791,LA,
17689,18157,47792,LA,
17690,18178,47939,NA,
17691,18178,47939,LA,
17692,18178,47939,EMEA,
17693,18178,47939,AP,
17694,18186,47977,NA,
17695,18187,47978,NA,
17696,18188,47979,NA,
17697,18189,47980,NA,
17698,15385,26939,NA,Medicine Hat
17699,15385,26939,LA,
17700,15385,26939,EMEA,
17701,15385,26939,AP,
17702,15385,26939,NA,Napanee
17706,15385,26939,NA,Valleyfield
17710,15418,27457,NA,
17711,15418,27457,LA,
17712,15418,27457,AP,
17713,15752,30631,NA,
17714,15752,30631,LA,
17715,15752,30631,EMEA,
17716,15752,30631,AP,
17717,15861,31763,NA,
17718,15861,31763,LA,
17719,15861,31763,EMEA,
17720,15861,31763,AP,
17721,15880,31953,,
17722,16152,35478,NA,
17723,16152,35478,LA,
17724,16152,35478,EMEA,Adapazari
17725,16152,35478,AP,
17728,16152,35478,EMEA,Izmit
17730,16249,36434,EMEA,
17731,16290,36782,,
17732,16434,38199,,
17733,16566,39262,EMEA,
17734,16726,40642,,
17735,16845,41397,NA,
17736,16845,41397,LA,
17737,16845,41397,EMEA,
17738,16845,41397,AP,
17739,16874,41567,,
17740,16888,41646,AP,
17741,17060,42619,,
17742,17066,42675,,
17743,17235,43346,NA,
17744,17235,43346,LA,
17745,17235,43346,EMEA,
17746,17235,43346,AP,
17747,17314,43584,NA,Medicine Hat
17748,17314,43584,LA,
17749,17314,43584,EMEA,
17750,17314,43584,AP,
17751,17314,43584,NA,Napanee
17755,17314,43584,NA,Valleyfield
17759,17464,44134,AP,
17760,17587,44414,NA,
17761,17587,44414,LA,
17762,17587,44414,EMEA,
17763,17587,44414,AP,
17764,17644,44665,,
17765,17646,44673,AP,Nippon Giant
17766,17647,44674,NA,
17767,17647,44674,LA,
17768,17647,44674,EMEA,
17769,17647,44674,AP,
17770,17667,44748,,
17771,17668,44749,,
17772,17669,44750,,
17773,18221,48149,,
17774,18222,48150,,
17775,18223,48151,AP,
17776,18225,48153,,
17777,18226,48154,,
17778,18232,48158,NA,
17779,18244,48198,NA,
17780,18264,48417,,
17781,18273,48426,NA,
17782,18273,48426,LA,
17783,18273,48426,EMEA,
17784,18273,48426,AP,
17785,18274,48427,NA,
17786,18274,48427,LA,
17787,18274,48427,EMEA,Adapazari
17788,18274,48427,AP,
17791,18274,48427,EMEA,Izmit
17795,18274,48427,EMEA,DRC Kauucuk
17799,18274,48427,EMEA,Kolsan
17803,18274,48427,EMEA,Ozka Lastik ve Kaucuk Inc.
17807,18274,48427,EMEA,Vil Kaucuk San.ve Tic. Ltd Sti
17809,18278,48434,,
17810,18282,48438,,
17811,18284,48495,NA,
17812,18284,48495,LA,
17813,18284,48495,EMEA,
17814,18284,48495,AP,
17815,18285,48496,NA,
17816,18285,48496,LA,
17817,18285,48496,EMEA,
17818,18285,48496,AP,
17819,18286,48497,NA,
17820,18286,48497,LA,
17821,18286,48497,EMEA,
17822,18286,48497,AP,
17823,18287,48498,NA,
17824,18287,48498,LA,
17825,18288,48509,NA,
17826,18289,48510,,
17827,18316,48910,,
17828,18320,48915,NA,
17829,18320,48915,LA,
17830,18320,48915,EMEA,
17831,18320,48915,AP,
17832,18322,48919,NA,
17833,18326,48923,NA,
17834,18328,48950,,
17835,18329,48951,,
17836,18330,48952,,
17837,15329,26606,,
17838,15368,26836,,
17839,15380,26899,,
17840,15383,26902,NA,
17841,15436,27646,NA,
17842,15888,32026,NA,
17843,15908,32158,,
17844,15944,32800,NA,
17845,15944,32800,LA,
17846,15944,32800,AP,
17847,16034,34298,,
17848,16229,36278,NA,
17849,16229,36278,LA,
17850,16229,36278,EMEA,
17851,16229,36278,AP,
17852,16289,36781,,
17853,16498,38765,,
17854,16530,38895,,
17855,16579,39366,,
17856,16712,40492,NA,
17857,16712,40492,LA,
17858,16712,40492,EMEA,
17859,16712,40492,AP,
17860,16763,40822,NA,
17861,16770,40850,AP,Nippon Giant
17862,17002,42402,,
17863,17010,42450,NA,
17864,17068,42713,NA,
17865,17068,42713,LA,
17866,17068,42713,EMEA,
17867,17068,42713,AP,
17868,17130,42953,NA,
17869,17561,44327,,
17870,17571,44360,NA,
17871,17571,44360,LA,
17872,17571,44360,AP,
17873,17620,44580,NA,
17874,17620,44580,LA,
17875,17620,44580,EMEA,
17876,17620,44580,AP,
17877,17621,44581,NA,
17878,17621,44581,LA,
17879,17621,44581,EMEA,
17880,17621,44581,AP,
17881,17785,45417,NA,
17882,17785,45417,LA,
17883,17785,45417,EMEA,
17884,17785,45417,AP,
17885,17868,45922,NA,
17886,17868,45922,LA,
17887,17868,45922,EMEA,
17888,17868,45922,AP,
17889,17885,45998,NA,
17890,17885,45998,LA,
17891,17885,45998,EMEA,
17892,17902,46040,EMEA,Debica
17893,17902,46040,EMEA,Philippsburg
17894,17902,46040,EMEA,Luxembourg
17895,17902,46040,EMEA,Sava
17896,17902,46040,EMEA,Fulda
17897,17902,46040,EMEA,South Africa
17898,17902,46040,EMEA,Wolverhampton
17899,17902,46040,EMEA,Amiens South
17900,17902,46040,EMEA,Montlucon
17901,17902,46040,EMEA,Hanau
17902,17902,46040,EMEA,Wittlich
17903,17902,46040,EMEA,Fuerstenwalde
17904,17902,46040,EMEA,Riesa
17905,17902,46040,EMEA,Polymer-Technik Elbe GmbH
17906,17902,46040,EMEA,ICM*L
17907,17902,46040,EMEA,RCCE
17908,17902,46040,EMEA,Conbelts Bytom-SAEU
17909,17902,46040,EMEA,DRC Kauucuk
17910,17902,46040,EMEA,Empresa Industrial de Borracha SA-EIB
17911,17902,46040,EMEA,FTT Stomil Wolbrom SA
17912,17902,46040,EMEA,Geyer and Hosaja-Zak-ADY Gumowe w Mielcu-Sp. Zo.o
17913,17902,46040,EMEA,Hexpol - Berwin
17914,17902,46040,EMEA,Kabat Tyre
17915,17902,46040,EMEA,Kolsan
17916,17902,46040,EMEA,Kraiburg Austria GmbH and Co. KG
17917,17902,46040,EMEA,Marangoni S.p.A Rovereto
17918,17902,46040,EMEA,Marangoni S.p.A Hamburg
17919,17902,46040,EMEA,Matrax s.r.o.
17920,17902,46040,EMEA,Multiblend
17921,17902,46040,EMEA,Omya Uk Limited-Masterbatches
17922,17902,46040,EMEA,Ozka Lastik ve Kaucuk Inc.
17923,17902,46040,EMEA,Peintures Robin S.A-Paints /Cements
17924,17902,46040,EMEA,Phoenix Compound Technology Hamburg
17925,17902,46040,EMEA,Phoenix Compound Technology Waltershausen
17926,17902,46040,EMEA,ProPS s.r.o.
17927,17902,46040,EMEA,S and N Rubber¿
17928,17902,46040,EMEA,Socamont-S.A.
17929,17902,46040,EMEA,Stomil Poznan
17930,17902,46040,EMEA,Tecnogum
17931,17902,46040,EMEA,Vil Kaucuk San.ve Tic. Ltd Sti
17932,17902,46040,EMEA,Zaklady Chemiczne BOCHEM Sp. z o.o
17933,18190,47981,NA,
17934,18191,47982,NA,
17935,18208,48111,NA,
17936,18208,48111,EMEA,
17937,18209,48112,NA,
17938,18209,48112,EMEA,
17939,18250,48294,,
17940,18290,48567,,
17941,18308,48853,NA,
17942,18308,48853,LA,
17943,18308,48853,EMEA,
17944,18308,48853,AP,
17945,18317,48911,,
17946,18324,48921,NA,
17947,18327,48924,NA,
17948,18342,48989,,
17949,18343,48990,,
17950,18345,49014,,
17951,18360,49084,NA,
17952,18364,49154,NA,
17953,18364,49154,EMEA,
17954,18367,49156,NA,
17955,18367,49156,EMEA,
17956,18368,49157,NA,
17957,18368,49157,EMEA,
17958,18374,49228,EMEA,
17959,18377,49230,NA,
17960,18377,49230,LA,
17961,18377,49230,EMEA,
17962,18377,49230,AP,
17963,18378,49231,NA,
17964,18378,49231,LA,
17965,18378,49231,EMEA,
17966,18378,49231,AP,
17967,18380,49257,,
17968,18384,49282,NA,
17969,18384,49282,LA,
17970,18384,49282,AP,
17971,18386,49314,,
17972,18390,49423,EMEA,Adapazari
17973,18390,49423,EMEA,Izmit
17974,18390,49423,EMEA,DRC Kauucuk
17975,18390,49423,EMEA,Kolsan
17976,18390,49423,EMEA,Ozka Lastik ve Kaucuk Inc.
17977,18390,49423,EMEA,Vil Kaucuk San.ve Tic. Ltd Sti
17978,18408,49483,NA,
17979,18408,49483,LA,
17980,18408,49483,EMEA,
17981,18408,49483,AP,
17982,18409,49484,NA,
17983,18409,49484,LA,
17984,18409,49484,EMEA,
17985,18409,49484,AP,
17986,18416,49490,,
17987,15320,26596,NA,
17988,15320,26596,LA,
17989,15320,26596,EMEA,
17990,15320,26596,AP,Nippon Giant
17991,15357,26760,,
17992,15370,26838,LA,
17993,15396,26985,NA,
17994,15396,26985,LA,Americana
17995,15396,26985,EMEA,
17996,15396,26985,AP,
17997,15773,30802,,
17998,15780,30921,NA,
17999,15865,31766,NA,
18000,16144,35382,,
18001,16196,36058,EMEA,
18002,16218,36209,,
18003,16260,36528,NA,
18004,16260,36528,LA,
18005,16260,36528,EMEA,
18006,16260,36528,AP,
18007,16274,36672,,
18008,16308,36873,,
18009,16544,38964,NA,
18010,16544,38964,LA,
18011,16544,38964,EMEA,
18012,16544,38964,AP,
18013,16574,39327,,
18014,16585,39457,,
18015,16636,39900,NA,
18016,16636,39900,LA,
18017,16636,39900,EMEA,
18018,16636,39900,AP,
18019,16644,40001,,
18020,16666,40108,EMEA,
18021,16670,40114,,
18022,16780,41024,NA,
18023,16780,41024,LA,
18024,16780,41024,EMEA,
18025,16780,41024,AP,
18026,16822,41235,,
18027,17020,42488,NA,
18028,17020,42488,LA,
18029,17040,42539,NA,
18030,17040,42539,LA,
18031,17040,42539,EMEA,
18032,17040,42539,AP,
18033,17065,42673,,
18034,17091,42766,NA,
18035,17091,42766,LA,
18036,17091,42766,EMEA,
18037,17091,42766,AP,
18038,18332,48953,,
18039,18334,48954,NA,
18040,18334,48954,LA,
18041,18334,48954,EMEA,
18042,18334,48954,AP,
18043,18335,48955,EMEA,
18044,18371,49161,,
18045,18398,49444,,
18046,18433,49533,NA,
18047,18433,49533,LA,
18048,18433,49533,EMEA,
18049,18433,49533,AP,
18050,18434,49535,NA,
18051,18434,49535,LA,
18052,18434,49535,EMEA,
18053,18434,49535,AP,
18054,18435,49538,NA,
18055,18435,49538,LA,
18056,18435,49538,EMEA,
18057,18435,49538,AP,
18058,18436,49540,NA,
18059,18436,49540,LA,
18060,18436,49540,EMEA,
18061,18436,49540,AP,
18062,18437,49541,NA,
18063,18437,49541,LA,
18064,18437,49541,EMEA,
18065,18437,49541,AP,
18066,18438,49542,NA,
18067,18438,49542,LA,
18068,18438,49542,EMEA,
18069,18438,49542,AP,
18070,18457,49739,NA,
18071,18457,49739,LA,
18072,18457,49739,EMEA,
18073,18457,49739,AP,
18074,18462,49925,,
18075,18466,49964,,
18076,18469,50003,,
18077,18789,51898,,
18078,18852,52725,NA,
18079,18852,52725,LA,
18080,18852,52725,EMEA,
18081,18852,52725,AP,
18082,18853,52726,NA,
18083,18853,52726,LA,
18084,18853,52726,EMEA,
18085,18853,52726,AP,
18086,18854,52727,NA,
18087,18854,52727,LA,
18088,18854,52727,EMEA,
18089,18854,52727,AP,
18090,19153,56174,NA,
18091,19153,56174,LA,
18092,19153,56174,EMEA,
18093,19153,56174,AP,
18094,19154,56175,NA,
18095,19154,56175,LA,
18096,19154,56175,EMEA,
18097,19154,56175,AP,
18098,19578,62494,NA,
18099,19578,62494,LA,
18100,19578,62494,EMEA,
18101,19578,62494,AP,
18102,19604,62753,AP,
18103,19608,62796,,
18104,19635,62980,,
18105,19637,62982,,
18106,19666,63104,,
18107,19710,63232,,
18108,15297,26517,,
18109,15406,27040,NA,
18110,15406,27040,LA,
18111,15406,27040,EMEA,
18112,15406,27040,AP,
18113,15438,27648,NA,
18114,15496,28132,NA,Medicine Hat
18115,15496,28132,LA,
18116,15496,28132,EMEA,
18117,15496,28132,AP,
18118,15496,28132,NA,Napanee
18122,15496,28132,NA,Valleyfield
18126,15582,28942,NA,
18127,15610,29381,EMEA,
18128,15702,30206,NA,
18129,15702,30206,LA,
18130,15702,30206,EMEA,
18131,15702,30206,AP,
18132,15899,32096,,
18133,15941,32668,,
18134,16425,38001,NA,
18135,16425,38001,LA,
18136,16425,38001,EMEA,
18137,16425,38001,AP,
18138,16451,38349,NA,
18139,16451,38349,LA,
18140,16451,38349,EMEA,
18141,16572,39323,NA,
18142,16576,39329,NA,
18143,16576,39329,LA,
18144,16576,39329,EMEA,
18145,16576,39329,AP,
18146,16641,39939,NA,
18147,16682,40203,NA,
18148,16704,40391,NA,
18149,16704,40391,LA,
18150,16704,40391,EMEA,
18151,16704,40391,AP,
18152,16790,41060,NA,
18153,16863,41474,,
18154,16880,41604,,
18155,16940,42175,NA,
18156,16940,42175,LA,
18157,16940,42175,EMEA,
18158,16940,42175,AP,
18159,17027,42499,NA,
18160,17027,42499,LA,
18161,17027,42499,EMEA,
18162,17027,42499,AP,
18163,17033,42524,,
18164,17079,42737,,
18165,17112,42876,NA,
18166,17112,42876,LA,
18167,17112,42876,EMEA,
18168,17112,42876,AP,
18169,17304,43563,NA,
18170,17304,43563,LA,
18171,17304,43563,EMEA,
18172,17304,43563,AP,
18173,17307,43566,NA,
18174,17427,44052,NA,
18175,17427,44052,LA,
18176,17427,44052,EMEA,
18177,17427,44052,AP,
18178,17431,44056,NA,
18179,17494,44228,NA,Medicine Hat
18180,17494,44228,LA,
18181,17494,44228,EMEA,
18182,17494,44228,AP,
18183,17494,44228,NA,Napanee
18187,17494,44228,NA,Valleyfield
18191,17910,46053,NA,
18192,17910,46053,LA,
18193,17910,46053,EMEA,
18194,17910,46053,AP,
18195,17913,46056,NA,
18196,17939,46318,NA,
18197,17940,46319,NA,
18198,17951,46367,,
18199,18417,49491,,
18200,18421,49519,,
18201,18446,49653,,
18202,18566,50547,,
18203,19112,55646,NA,
18204,19112,55646,LA,
18205,19112,55646,EMEA,
18206,19112,55646,AP,Thailand
18210,19112,55646,AP,Indonesia
18211,19113,55647,NA,
18212,19113,55647,LA,
18213,19113,55647,EMEA,Adapazari
18214,19113,55647,AP,
18217,19113,55647,EMEA,Izmit
18221,19113,55647,EMEA,Fulda
18224,19113,55647,LA,Peru
18225,19113,55647,EMEA,
18230,19113,55647,AP,Indonesia
18233,19113,55647,EMEA,Hanau
18237,19113,55647,EMEA,Wittlich
18241,19113,55647,EMEA,Fuerstenwalde
18245,19113,55647,EMEA,Riesa
18247,19114,55648,NA,
18248,19114,55648,LA,
18249,19114,55648,EMEA,Adapazari
18250,19114,55648,AP,
18253,19114,55648,EMEA,Izmit
18257,19114,55648,EMEA,Fulda
18260,19114,55648,LA,Peru
18261,19114,55648,EMEA,
18266,19114,55648,AP,Thailand
18270,19114,55648,AP,Indonesia
18273,19114,55648,EMEA,Hanau
18277,19114,55648,EMEA,Wittlich
18281,19114,55648,EMEA,Fuerstenwalde
18285,19114,55648,EMEA,Riesa
18287,19115,55649,NA,
18288,19115,55649,LA,
18289,19115,55649,EMEA,Adapazari
18290,19115,55649,AP,
18293,19115,55649,EMEA,Izmit
18297,19115,55649,EMEA,Fulda
18300,19115,55649,LA,Peru
18301,19115,55649,EMEA,
18306,19115,55649,AP,Thailand
18310,19115,55649,AP,Indonesia
18313,19115,55649,EMEA,Hanau
18317,19115,55649,EMEA,Wittlich
18321,19115,55649,EMEA,Fuerstenwalde
18325,19115,55649,EMEA,Riesa
18327,19132,55741,,
18328,19134,55815,,
18329,19266,58257,EMEA,
18330,19278,58408,LA,Peru
18331,19278,58408,EMEA,
18332,19278,58408,AP,
18333,19278,58408,LA,
18335,19278,58408,AP,Nippon Giant
18336,19279,58409,LA,Peru
18337,19279,58409,EMEA,
18338,19279,58409,AP,
18339,19279,58409,LA,
18341,19279,58409,AP,Nippon Giant
18342,19280,58410,LA,Peru
18343,19280,58410,EMEA,
18344,19280,58410,AP,
18345,19280,58410,LA,
18347,19280,58410,AP,Nippon Giant
18348,19281,58411,NA,
18349,19281,58411,LA,
18350,19281,58411,EMEA,
18351,19281,58411,AP,
18352,19283,58415,NA,
18353,19283,58415,LA,
18354,19283,58415,EMEA,
18355,19283,58415,AP,
18356,19355,59854,,
18357,19356,59855,NA,
18358,19356,59855,LA,
18359,19356,59855,EMEA,
18360,19356,59855,AP,
18361,19407,60589,NA,
18362,19407,60589,LA,
18363,19407,60589,EMEA,
18364,19407,60589,AP,
18365,19408,60590,NA,
18366,19408,60590,LA,
18367,19408,60590,EMEA,
18368,19408,60590,AP,
18369,19409,60591,NA,
18370,19409,60591,LA,
18371,19409,60591,EMEA,
18372,19409,60591,AP,
18373,19410,60592,NA,
18374,19410,60592,LA,
18375,19410,60592,EMEA,
18376,19410,60592,AP,
18377,19639,62988,NA,
18378,19639,62988,EMEA,
18379,19700,63222,AP,
18380,19702,63224,AP,
18381,19703,63225,AP,
18382,19705,63227,EMEA,
18383,19722,63315,,
18384,19734,63451,,
18385,19735,63452,NA,
18386,19735,63452,LA,
18387,19735,63452,AP,
18388,19736,63453,NA,
18389,19736,63453,LA,
18390,19736,63453,AP,
18391,15339,26669,,
18392,15344,26692,,
18393,15351,26718,NA,
18394,15570,28756,NA,
18395,15570,28756,LA,
18396,15570,28756,EMEA,
18397,15570,28756,AP,
18398,15621,29397,,
18399,15658,29812,NA,
18400,15658,29812,LA,
18401,15658,29812,EMEA,
18402,15658,29812,AP,
18403,15682,30034,NA,
18404,15731,30383,NA,
18405,15833,31413,LA,
18406,15991,33896,NA,
18407,16109,35167,,
18408,16141,35334,,
18409,16206,36104,,
18410,16268,36633,NA,
18411,16357,37299,NA,
18412,16357,37299,LA,
18413,16357,37299,EMEA,
18414,16357,37299,AP,
18415,16554,39035,NA,
18416,16554,39035,LA,
18417,16584,39456,,
18418,16626,39884,NA,
18419,16626,39884,LA,
18420,16626,39884,EMEA,
18421,16626,39884,AP,
18422,16628,39886,NA,
18423,16628,39886,LA,
18424,16628,39886,EMEA,
18425,16628,39886,AP,
18426,16791,41061,NA,Fayetteville
18427,16802,41186,,
18428,16826,41264,NA,
18429,16826,41264,LA,
18430,16826,41264,EMEA,
18431,16826,41264,AP,
18432,16898,41770,,
18433,17014,42472,NA,
18434,17014,42472,LA,
18435,17077,42728,,
18436,17081,42741,NA,
18437,17081,42741,LA,
18438,17081,42741,EMEA,
18439,17081,42741,AP,
18440,17156,43004,,
18441,17240,43389,,
18442,17361,43777,,
18443,17373,43809,,
18444,18476,50084,AP,
18445,18548,50431,NA,
18446,18724,51562,,
18447,18725,51563,,
18448,18746,51716,,
18449,18774,51785,AP,
18450,18784,51845,NA,
18451,18784,51845,LA,
18452,18784,51845,EMEA,
18453,18784,51845,AP,
18454,18786,51895,LA,
18455,18786,51895,EMEA,
18456,18786,51895,AP,
18457,19126,55736,NA,
18458,19126,55736,LA,
18459,19126,55736,EMEA,
18460,19150,56099,NA,
18461,19150,56099,LA,
18462,19484,61590,,
18463,19526,61929,NA,
18464,19526,61929,LA,
18465,19526,61929,EMEA,
18466,19526,61929,AP,
18467,19528,61931,,
18468,19529,61932,,
18469,19530,61933,,
18470,19531,61934,,
18471,19532,61935,,
18472,19533,61936,,
18473,19534,61937,,
18474,19555,62008,NA,
18475,19555,62008,LA,
18476,19555,62008,EMEA,
18477,19555,62008,AP,
18478,19556,62009,NA,
18479,19556,62009,LA,
18480,19556,62009,EMEA,
18481,19556,62009,AP,
18482,19606,62791,,
18483,15305,26552,NA,
18484,15305,26552,LA,
18485,15305,26552,EMEA,
18486,15305,26552,AP,
18487,15379,26850,NA,
18488,15379,26850,EMEA,
18489,15498,28137,NA,
18490,15498,28137,LA,
18491,15498,28137,EMEA,
18492,15498,28137,AP,
18493,15603,29261,NA,
18494,15603,29261,LA,
18495,15603,29261,EMEA,
18496,15603,29261,AP,
18497,15813,31223,NA,
18498,15813,31223,LA,
18499,15813,31223,EMEA,
18500,15813,31223,AP,
18501,15814,31224,NA,
18502,15814,31224,LA,
18503,15814,31224,EMEA,
18504,15814,31224,AP,
18505,15961,33440,NA,
18506,15961,33440,LA,
18507,15961,33440,EMEA,
18508,15961,33440,AP,
18509,15968,33508,NA,
18510,15968,33508,LA,
18511,15968,33508,EMEA,
18512,15968,33508,AP,
18513,16100,35096,,
18514,16296,36787,LA,
18515,16416,37914,NA,Medicine Hat
18516,16416,37914,NA,Napanee
18517,16416,37914,NA,Valleyfield
18518,16519,38885,NA,
18519,16788,41058,NA,
18520,16788,41058,EMEA,
18521,16899,41771,,
18522,16929,41998,NA,
18523,16929,41998,LA,
18524,16929,41998,EMEA,
18525,16929,41998,AP,
18526,17102,42846,LA,
18527,17102,42846,EMEA,
18528,17102,42846,AP,
18529,17255,43424,NA,
18530,17256,43425,NA,
18531,17256,43425,EMEA,
18532,17780,45375,,
18533,17804,45574,EMEA,
18534,17856,45906,NA,
18535,17856,45906,LA,
18536,17856,45906,EMEA,
18537,17856,45906,AP,
18538,17898,46011,NA,
18539,17898,46011,LA,
18540,17898,46011,EMEA,
18541,17899,46012,NA,
18542,17899,46012,LA,
18543,17899,46012,EMEA,
18544,17900,46013,NA,
18545,17900,46013,LA,
18546,17900,46013,EMEA,
18547,17952,46368,,
18548,17968,46411,NA,
18549,17968,46411,LA,
18550,17968,46411,EMEA,
18551,17968,46411,AP,
18552,17993,46598,,
18553,17994,46599,,
18554,18678,51193,NA,
18555,18678,51193,LA,
18556,18678,51193,EMEA,
18557,18678,51193,AP,
18558,18729,51614,,
18559,18730,51615,,
18560,18732,51618,NA,
18561,18732,51618,LA,
18562,18732,51618,EMEA,
18563,18732,51618,AP,
18564,18733,51619,NA,
18565,18733,51619,LA,
18566,18733,51619,EMEA,
18567,18733,51619,AP,
18568,18762,51731,NA,
18569,18764,51733,NA,
18570,18765,51734,NA,
18571,18830,52537,,
18572,18913,53301,NA,
18573,18913,53301,EMEA,
18574,18914,53302,NA,
18575,18914,53302,EMEA,
18576,18915,53303,NA,
18577,18915,53303,EMEA,
18578,18916,53304,NA,
18579,18916,53304,EMEA,
18580,18918,53308,NA,
18581,18918,53308,EMEA,
18582,19024,54458,AP,
18583,19067,54865,NA,
18584,19067,54865,LA,
18585,19067,54865,EMEA,
18586,19067,54865,AP,
18587,19068,54866,NA,
18588,19068,54866,LA,
18589,19068,54866,EMEA,
18590,19068,54866,AP,
18591,19139,55821,NA,
18592,19139,55821,LA,
18593,19139,55821,EMEA,
18594,19139,55821,AP,
18595,19140,55823,,
18596,19288,58550,,
18597,19384,60351,,
18598,19385,60352,,
18599,19454,61012,NA,
18600,19454,61012,EMEA,
18601,19455,61013,NA,
18602,19455,61013,EMEA,
18603,19560,62297,,
18604,19561,62298,,
18605,19562,62306,,
18606,19563,62307,,
18607,19564,62349,NA,
18608,19564,62349,LA,
18609,19564,62349,EMEA,
18610,19564,62349,AP,
18611,15319,26595,,
18612,15378,26849,,
18613,15452,27815,EMEA,
18614,15534,28460,NA,
18615,15554,28634,NA,ICM*A
18616,15594,29130,NA,
18617,15920,32286,,
18618,15942,32669,,
18619,15973,33574,,
18620,15986,33891,NA,
18621,15988,33893,NA,
18622,16108,35166,,
18623,16182,35778,NA,
18624,16182,35778,LA,
18625,16182,35778,EMEA,
18626,16182,35778,AP,
18627,16202,36100,NA,
18628,16202,36100,LA,
18629,16202,36100,EMEA,
18630,16202,36100,AP,
18631,16245,36430,EMEA,
18632,16523,38889,NA,
18633,16524,38890,NA,
18634,16560,39188,,
18635,17108,42869,NA,
18636,17108,42869,LA,
18637,17108,42869,EMEA,
18638,17108,42869,AP,
18639,17122,42897,NA,
18640,17200,43181,NA,
18641,17200,43181,LA,
18642,17200,43181,EMEA,
18643,17200,43181,AP,
18644,17217,43230,EMEA,Adapazari
18645,17217,43230,EMEA,Izmit
18646,17217,43230,EMEA,South Africa
18647,17217,43230,EMEA,DRC Kauucuk
18648,17217,43230,EMEA,Kolsan
18649,17217,43230,EMEA,Ozka Lastik ve Kaucuk Inc.
18650,17217,43230,EMEA,S and N Rubber¿
18651,17217,43230,EMEA,Vil Kaucuk San.ve Tic. Ltd Sti
18652,17336,43682,,
18653,17425,44050,NA,
18654,17425,44050,LA,
18655,17425,44050,EMEA,
18656,17425,44050,AP,
18657,17479,44173,,
18658,17586,44413,NA,
18659,17586,44413,LA,
18660,17586,44413,EMEA,
18661,17586,44413,AP,
18662,17614,44553,NA,
18663,17619,44573,,
18664,17661,44740,,
18665,17663,44742,,
18666,17741,45001,NA,
18667,17741,45001,LA,
18668,17741,45001,EMEA,
18669,17741,45001,AP,
18670,17748,45123,,
18671,18704,51403,NA,
18672,18704,51403,LA,
18673,18704,51403,EMEA,
18674,18704,51403,AP,
18675,18763,51732,NA,
18676,18766,51735,NA,
18677,18767,51736,NA,
18678,18769,51738,NA,
18679,18817,52354,,
18680,18952,53411,NA,
18681,18952,53411,EMEA,
18682,18966,53639,NA,
18683,18966,53639,LA,
18684,18966,53639,EMEA,
18685,18966,53639,AP,
18686,19020,54382,,
18687,19021,54383,,
18688,19290,58691,NA,
18689,19290,58691,LA,
18690,19290,58691,EMEA,
18691,19290,58691,AP,
18692,19291,58692,NA,
18693,19291,58692,LA,
18694,19291,58692,EMEA,Adapazari
18695,19291,58692,AP,
18698,19291,58692,EMEA,Izmit
18702,19291,58692,EMEA,
18703,19291,58692,AP,Nippon Giant
18704,19292,58693,NA,
18705,19292,58693,LA,
18706,19292,58693,EMEA,
18707,19292,58693,AP,
18708,19294,58694,NA,
18709,19294,58694,LA,
18710,19294,58694,EMEA,
18711,19294,58694,AP,
18712,19296,58696,NA,
18713,19296,58696,LA,
18714,19296,58696,EMEA,
18715,19296,58696,AP,
18716,19297,58697,NA,
18717,19297,58697,LA,
18718,19297,58697,EMEA,
18719,19297,58697,AP,
18720,19298,58698,EMEA,
18721,19300,58699,NA,
18722,19370,60128,,
18723,19432,60875,EMEA,
18724,19432,60875,AP,
18725,19435,60877,,
18726,19436,60936,NA,
18727,19436,60936,LA,
18728,19440,60938,,
18729,19441,60939,,
18730,19442,60940,,
18731,19443,60941,,
18732,19444,60942,,
18733,19618,62883,AP,
18734,19647,63040,NA,
18735,19831,64454,,
18736,19841,64532,NA,
18737,19842,64533,NA,
18738,19844,64534,,
18739,19868,64698,,
18740,15324,26601,,
18741,15501,28140,NA,
18742,15501,28140,LA,
18743,15501,28140,EMEA,
18744,15501,28140,AP,
18745,15666,29972,,
18746,15779,30860,,
18747,15823,31292,,
18748,15881,31954,,
18749,15948,33253,,
18750,16151,35476,NA,
18751,16563,39196,NA,
18752,16563,39196,LA,
18753,16563,39196,EMEA,
18754,16563,39196,AP,
18755,16565,39261,NA,
18756,16565,39261,LA,
18757,16565,39261,EMEA,
18758,16565,39261,AP,
18759,16744,40738,NA,
18760,16744,40738,LA,
18761,16744,40738,EMEA,
18762,16744,40738,AP,
18763,16764,40823,NA,
18764,17092,42769,,
18765,17342,43687,,
18766,17343,43688,,
18767,17505,44238,,
18768,17830,45750,,
18769,17847,45868,,
18770,17848,45869,,
18771,17849,45870,,
18772,17850,45871,,
18773,17851,45872,,
18774,17852,45873,,
18775,18740,51669,,
18776,18921,53310,NA,
18777,18921,53310,EMEA,
18778,18922,53311,NA,
18779,18922,53311,EMEA,
18780,18984,53942,NA,
18781,18984,53942,LA,
18782,18984,53942,EMEA,
18783,18984,53942,AP,
18784,19178,56710,NA,Medicine Hat
18785,19178,56710,LA,
18786,19178,56710,EMEA,
18787,19178,56710,AP,
18788,19178,56710,NA,Napanee
18792,19178,56710,NA,Valleyfield
18796,19178,56710,NA,
18798,19178,56710,EMEA,Adapazari
18802,19178,56710,EMEA,Izmit
18806,19178,56710,EMEA,Fulda
18809,19178,56710,LA,Peru
18815,19178,56710,AP,Thailand
18819,19178,56710,AP,Nippon Giant
18823,19178,56710,AP,Indonesia
18826,19178,56710,EMEA,Hanau
18830,19178,56710,EMEA,Wittlich
18834,19178,56710,EMEA,Fuerstenwalde
18838,19178,56710,EMEA,Riesa
18840,19179,56711,NA,
18841,19179,56711,LA,
18842,19179,56711,EMEA,
18843,19179,56711,AP,
18844,19236,57871,NA,
18845,19236,57871,LA,
18846,19236,57871,EMEA,
18847,19236,57871,AP,
18848,19238,57873,NA,
18849,19238,57873,LA,
18850,19238,57873,EMEA,
18851,19238,57873,AP,
18852,19428,60746,,
18853,19438,60937,,
18854,19482,61539,,
18855,19488,61593,NA,
18856,19488,61593,LA,
18857,19488,61593,EMEA,
18858,19488,61593,AP,
18859,19609,62797,,
18860,19674,63197,,
18861,19675,63198,,
18862,19676,63199,,
18863,19803,64256,,
18864,19828,64451,NA,
18865,19828,64451,LA,
18866,19828,64451,EMEA,
18867,19828,64451,AP,Nippon Giant
18868,19869,64699,,
18869,19871,64741,,
18870,19875,64809,NA,
18871,19875,64809,LA,
18872,19875,64809,EMEA,
18873,19875,64809,AP,
18874,19878,64842,NA,
18875,19878,64842,LA,
18876,19878,64842,EMEA,Adapazari
18877,19878,64842,AP,
18880,19878,64842,EMEA,Izmit
18882,19879,64843,NA,
18883,19879,64843,LA,
18884,19879,64843,EMEA,
18885,19879,64843,AP,
18886,19880,64845,NA,
18887,19880,64845,LA,
18888,19880,64845,EMEA,
18889,19880,64845,AP,
18890,19888,64944,,
18891,19889,64945,,
18892,19890,64946,,
18893,19892,64948,NA,
18894,19892,64948,LA,
18895,19892,64948,EMEA,
18896,19892,64948,AP,
18897,19893,64949,NA,
18898,19893,64949,LA,
18899,19893,64949,EMEA,
18900,19893,64949,AP,
18901,15322,26598,,
18902,15548,28529,NA,
18903,15548,28529,LA,
18904,15548,28529,EMEA,
18905,15548,28529,AP,
18906,15728,30380,NA,
18907,15831,31411,LA,
18908,15832,31412,LA,
18909,15958,33437,NA,
18910,15960,33439,NA,
18911,16376,37495,NA,
18912,16376,37495,LA,
18913,16376,37495,AP,Nippon Giant
18914,16528,38893,,
18915,16595,39563,NA,
18916,16595,39563,LA,
18917,16595,39563,EMEA,
18918,16595,39563,AP,
18919,16705,40392,NA,
18920,16705,40392,LA,
18921,16705,40392,EMEA,
18922,16705,40392,AP,
18923,16803,41187,,
18924,16913,41817,,
18925,17400,43923,,
18926,17433,44058,NA,
18927,17698,44815,,
18928,17699,44816,,
18929,17712,44852,,
18930,17713,44853,NA,
18931,17713,44853,LA,
18932,17713,44853,EMEA,
18933,17713,44853,AP,
18934,17714,44854,NA,
18935,17714,44854,LA,
18936,17714,44854,EMEA,
18937,17714,44854,AP,
18938,17715,44855,NA,
18939,17715,44855,LA,
18940,17715,44855,EMEA,
18941,17715,44855,AP,
18942,17762,45282,NA,
18943,17762,45282,LA,
18944,17762,45282,EMEA,
18945,17762,45282,AP,
18946,17788,45458,,
18947,17794,45503,,
18948,18608,50953,,
18949,18610,50955,NA,
18950,18610,50955,LA,
18951,18610,50955,EMEA,
18952,18610,50955,AP,
18953,18611,50957,NA,
18954,18611,50957,LA,
18955,18611,50957,EMEA,
18956,18611,50957,AP,
18957,18612,50958,NA,
18958,18612,50958,LA,
18959,18612,50958,EMEA,
18960,18612,50958,AP,
18961,18613,50959,NA,
18962,18613,50959,LA,
18963,18613,50959,EMEA,
18964,18613,50959,AP,
18965,18614,50960,NA,
18966,18614,50960,LA,
18967,18614,50960,EMEA,
18968,18614,50960,AP,
18969,18616,50962,NA,
18970,18616,50962,LA,
18971,18616,50962,EMEA,
18972,18616,50962,AP,
18973,18696,51323,,
18974,18911,53299,NA,
18975,18911,53299,EMEA,
18976,19105,55573,NA,
18977,19105,55573,LA,
18978,19105,55573,EMEA,
18979,19105,55573,AP,
18980,19106,55574,NA,
18981,19106,55574,LA,
18982,19106,55574,EMEA,
18983,19106,55574,AP,
18984,19107,55575,NA,
18985,19107,55575,LA,
18986,19107,55575,EMEA,
18987,19107,55575,AP,
18988,19108,55576,NA,
18989,19108,55576,LA,
18990,19108,55576,EMEA,
18991,19108,55576,AP,
18992,19192,56983,NA,
18993,19192,56983,LA,
18994,19192,56983,EMEA,
18995,19192,56983,AP,
18996,19394,60432,NA,
18997,19490,61705,AP,Thailand
18998,19600,62747,,
18999,19644,63037,,
19000,19649,63080,NA,
19001,19657,63092,NA,
19002,19657,63092,LA,
19003,19657,63092,EMEA,
19004,19657,63092,AP,
19005,19726,63355,,
19006,19740,63538,NA,
19007,19740,63538,LA,
19008,19740,63538,EMEA,
19009,19740,63538,AP,
19010,19746,63706,NA,
19011,19747,63707,NA,
19012,19748,63708,NA,
19013,19750,63709,NA,
19014,19770,64000,NA,
19015,19771,64001,NA,
19016,19772,64002,NA,
19017,19773,64003,NA,
19018,19778,64008,NA,
19019,19778,64008,EMEA,
19020,19790,64201,NA,
19021,19790,64201,LA,
19022,19790,64201,EMEA,
19023,19790,64201,AP,
19024,19810,64306,NA,
19025,19810,64306,LA,
19026,19810,64306,EMEA,
19027,19810,64306,AP,
19028,19811,64307,NA,
19029,19811,64307,LA,
19030,19811,64307,EMEA,
19031,19811,64307,AP,
19032,19812,64308,NA,
19033,19812,64308,LA,
19034,19812,64308,EMEA,
19035,19812,64308,AP,
19036,15561,28747,,
19037,15637,29512,NA,
19038,15637,29512,LA,
19039,15637,29512,EMEA,
19040,15637,29512,AP,
19041,15656,29763,NA,
19042,15656,29763,LA,
19043,15656,29763,EMEA,
19044,15656,29763,AP,
19045,15746,30568,,
19046,15864,31765,NA,
19047,15864,31765,LA,
19048,15864,31765,EMEA,
19049,15864,31765,AP,
19050,16044,34418,NA,
19051,16044,34418,LA,
19052,16044,34418,EMEA,
19053,16044,34418,AP,
19054,16175,35689,,
19055,16184,35782,NA,
19056,16184,35782,LA,
19057,16184,35782,EMEA,
19058,16184,35782,AP,
19059,16300,36821,NA,
19060,16300,36821,LA,
19061,16391,37611,NA,
19062,16391,37611,LA,
19063,16407,37760,NA,
19064,16407,37760,EMEA,
19065,16413,37829,NA,
19066,16413,37829,LA,
19067,16413,37829,EMEA,
19068,16413,37829,AP,
19069,16436,38231,NA,
19070,16436,38231,LA,
19071,16436,38231,EMEA,Adapazari
19072,16436,38231,AP,
19075,16436,38231,EMEA,Izmit
19077,16447,38311,NA,
19078,16447,38311,LA,
19079,16447,38311,EMEA,
19080,16447,38311,AP,
19081,16504,38839,NA,
19082,16504,38839,LA,
19083,16504,38839,EMEA,
19084,16504,38839,AP,
19085,16600,39646,,
19086,16632,39896,NA,
19087,16632,39896,EMEA,
19088,16672,40147,,
19089,16706,40455,NA,
19090,16706,40455,LA,
19091,16706,40455,EMEA,
19092,16723,40639,NA,
19093,16723,40639,LA,
19094,16723,40639,EMEA,
19095,16723,40639,AP,
19096,16750,40770,NA,
19097,16789,41059,NA,
19098,16789,41059,EMEA,
19099,16806,41192,NA,
19100,16806,41192,LA,
19101,16806,41192,EMEA,
19102,16806,41192,AP,
19103,16836,41295,,
19104,16946,42205,,
19105,16992,42309,,
19106,16998,42389,NA,
19107,16998,42389,LA,
19108,16998,42389,EMEA,
19109,16998,42389,AP,
19110,17327,43650,,
19111,17396,43920,NA,
19112,17853,45874,,
19113,18478,50119,,
19114,18618,50963,,
19115,18666,51145,,
19116,18686,51223,NA,
19117,18686,51223,LA,
19118,18686,51223,EMEA,
19119,18686,51223,AP,
19120,18717,51464,,
19121,18880,53002,NA,
19122,18880,53002,LA,
19123,18880,53002,EMEA,
19124,18880,53002,AP,Nippon Giant
19125,18967,53640,NA,
19126,18967,53640,LA,
19127,18967,53640,EMEA,
19128,18967,53640,AP,
19129,18968,53641,EMEA,Adapazari
19130,18968,53641,EMEA,Izmit
19131,19102,55559,NA,
19132,19102,55559,LA,
19133,19102,55559,AP,
19134,19161,56245,NA,
19135,19161,56245,EMEA,
19136,19256,58180,LA,
19137,19265,58189,NA,
19138,19265,58189,LA,
19139,19285,58484,NA,
19140,19285,58484,LA,
19141,19285,58484,EMEA,
19142,19285,58484,AP,
19143,19405,60587,NA,
19144,19405,60587,LA,
19145,19405,60587,EMEA,
19146,19405,60587,AP,
19147,19406,60588,NA,
19148,19406,60588,LA,
19149,19406,60588,EMEA,
19150,19406,60588,AP,
19151,19808,64261,NA,
19152,19808,64261,LA,
19153,19808,64261,EMEA,
19154,19808,64261,AP,
19155,19824,64364,NA,
19156,19824,64364,LA,
19157,19824,64364,EMEA,
19158,19824,64364,AP,
19159,19860,64624,NA,
19160,19860,64624,EMEA,
19161,19861,64625,NA,
19162,19861,64625,EMEA,
19163,19894,64950,NA,
19164,19894,64950,LA,
19165,19894,64950,EMEA,
19166,19894,64950,AP,
19167,19895,64951,NA,
19168,19895,64951,LA,
19169,19895,64951,EMEA,
19170,19895,64951,AP,
19171,19914,65034,NA,
19172,19915,65035,NA,
19173,19916,65036,NA,
19174,19917,65037,NA,
19175,19918,65038,NA,
19176,19923,65114,NA,
19177,19923,65114,LA,
19178,19923,65114,EMEA,
19179,19923,65114,AP,
19180,19924,65115,NA,
19181,19924,65115,LA,
19182,19924,65115,EMEA,
19183,19924,65115,AP,
19184,19925,65116,NA,
19185,19925,65116,LA,
19186,19925,65116,EMEA,
19187,19925,65116,AP,
19188,19927,65118,NA,
19189,19927,65118,LA,
19190,19927,65118,EMEA,
19191,19927,65118,AP,
19192,19928,65147,NA,
19193,19933,65185,,
19194,15326,26603,,
19195,15327,26604,,
19196,15328,26605,,
19197,15384,26938,EMEA,
19198,15472,27993,LA,
19199,15485,28068,,
19200,15486,28069,,
19201,15488,28071,,
19202,15489,28072,,
19203,15497,28133,NA,
19204,15497,28133,LA,
19205,15497,28133,EMEA,
19206,15497,28133,AP,
19207,15512,28251,,
19208,15601,29259,NA,ICM*A
19209,15616,29391,,
19210,15619,29395,,
19211,15892,32033,,
19212,16234,36283,,
19213,16339,37243,NA,
19214,16339,37243,LA,
19215,16339,37243,EMEA,
19216,16339,37243,AP,
19217,16419,37952,NA,
19218,16419,37952,LA,
19219,16419,37952,EMEA,Adapazari
19220,16419,37952,AP,
19223,16419,37952,EMEA,Izmit
19225,16438,38267,,
19226,16445,38309,NA,
19227,16445,38309,LA,
19228,16445,38309,EMEA,
19229,16445,38309,AP,
19230,16629,39887,NA,
19231,16629,39887,LA,
19232,16629,39887,EMEA,
19233,16629,39887,AP,
19234,16674,40190,NA,
19235,16674,40190,LA,
19236,16674,40190,EMEA,Adapazari
19237,16674,40190,AP,
19240,16674,40190,EMEA,Izmit
19244,16674,40190,EMEA,
19245,16674,40190,AP,Nippon Giant
19246,16713,40493,NA,
19247,16713,40493,LA,
19248,16713,40493,EMEA,
19249,16713,40493,AP,
19250,16817,41228,,
19251,16819,41232,,
19252,18471,50006,,
19253,18662,51111,,
19254,18670,51181,NA,
19255,18671,51182,NA,
19256,18751,51721,NA,
19257,18752,51722,NA,
19258,18757,51727,NA,
19259,18758,51728,NA,
19260,18759,51729,NA,
19261,18768,51737,NA,
19262,18771,51740,NA,
19263,18843,52550,,
19264,18844,52551,,
19265,18845,52552,,
19266,19100,55557,NA,
19267,19100,55557,LA,
19268,19100,55557,EMEA,
19269,19100,55557,AP,
19270,19101,55558,NA,
19271,19101,55558,LA,
19272,19101,55558,EMEA,
19273,19101,55558,AP,
19274,19208,57309,EMEA,
19275,19222,57784,,
19276,19223,57785,,
19277,19254,58178,LA,
19278,19333,59708,NA,
19279,19334,59709,NA,
19280,19335,59710,NA,
19281,19336,59711,NA,
19282,19337,59712,NA,
19283,19338,59713,NA,
19284,19499,61767,NA,
19285,19500,61768,NA,
19286,19501,61769,NA,
19287,19502,61770,NA,
19288,19582,62498,NA,
19289,19583,62499,NA,
19290,19584,62500,NA,
19291,19585,62501,NA,
19292,19658,63095,NA,
19293,19658,63095,LA,
19294,19658,63095,EMEA,
19295,19658,63095,AP,
19296,15350,26717,,
19297,15394,26983,NA,
19298,15394,26983,LA,
19299,15394,26983,EMEA,
19300,15394,26983,AP,
19301,15479,28062,NA,
19302,15479,28062,LA,
19303,15479,28062,EMEA,
19304,15479,28062,AP,
19305,15522,28449,NA,
19306,15711,30262,,
19307,15852,31539,,
19308,15922,32346,,
19309,15923,32347,,
19310,15989,33894,NA,
19311,16024,34179,NA,
19312,16024,34179,LA,
19313,16024,34179,EMEA,
19314,16024,34179,AP,
19315,16073,34881,,
19316,16170,35645,NA,
19317,16170,35645,LA,
19318,16170,35645,EMEA,
19319,16170,35645,AP,
19320,16257,36472,NA,
19321,16257,36472,LA,
19322,16257,36472,EMEA,
19323,16257,36472,AP,
19324,16276,36674,EMEA,
19325,16277,36675,EMEA,
19326,16309,36874,NA,
19327,16309,36874,LA,
19328,16309,36874,EMEA,
19329,16309,36874,AP,
19330,16410,37763,,
19331,16421,37991,NA,
19332,16421,37991,LA,
19333,16421,37991,EMEA,
19334,16421,37991,AP,
19335,16457,38461,,
19336,16540,38932,NA,
19337,16640,39936,NA,
19338,16716,40576,NA,
19339,16824,41258,NA,
19340,16824,41258,LA,
19341,16824,41258,EMEA,
19342,16824,41258,AP,
19343,16838,41296,,
19344,16921,41890,NA,
19345,16921,41890,LA,
19346,16921,41890,EMEA,
19347,16921,41890,AP,
19348,17015,42473,NA,
19349,17015,42473,LA,
19350,17015,42473,EMEA,
19351,17015,42473,AP,
19352,17257,43426,NA,
19353,17257,43426,EMEA,
19354,17295,43528,,
19355,17296,43538,,
19356,17352,43698,NA,
19357,17566,44331,NA,
19358,17636,44655,AP,
19359,17639,44658,AP,
19360,17692,44795,,
19361,18493,50308,NA,
19362,18529,50382,NA,
19363,18532,50385,NA,
19364,18660,51109,NA,
19365,18660,51109,LA,
19366,18660,51109,EMEA,
19367,18660,51109,AP,
19368,18661,51110,NA,
19369,18661,51110,LA,
19370,18661,51110,EMEA,
19371,18661,51110,AP,
19372,19148,55897,,
19373,19306,58911,,
19374,19426,60743,,
19375,19752,63788,EMEA,
19376,19794,64206,,
19377,19814,64319,,
19378,19816,64324,NA,
19379,19816,64324,LA,
19380,19816,64324,EMEA,
19381,19816,64324,AP,
19382,19859,64623,,
19383,19896,64953,,
19384,19938,65220,,
19385,19939,65221,,
19386,19940,65253,NA,
19387,19940,65253,LA,
19388,19940,65253,EMEA,
19389,19940,65253,AP,
19390,19954,65417,,
19391,15352,26741,,
19392,15374,26842,LA,
19393,15375,26843,LA,
19394,15376,26844,LA,
19395,15424,27531,NA,
19396,15424,27531,LA,
19397,15424,27531,EMEA,
19398,15424,27531,AP,
19399,15492,28075,,
19400,15514,28380,,
19401,15630,29450,,
19402,15931,32418,,
19403,15994,33899,NA,
19404,16209,36107,NA,
19405,16209,36107,LA,
19406,16209,36107,EMEA,
19407,16209,36107,AP,
19408,16210,36108,NA,
19409,16210,36108,LA,
19410,16210,36108,EMEA,
19411,16210,36108,AP,
19412,16500,38806,,
19413,16512,38878,NA,
19414,16512,38878,LA,
19415,16512,38878,EMEA,
19416,16512,38878,AP,
19417,16771,40851,AP,Nippon Giant
19418,16794,41111,EMEA,
19419,16830,41290,AP,Malaysia
19420,16830,41290,AP,Thailand
19421,16830,41290,AP,Nippon Giant
19422,16830,41290,AP,Indonesia
19423,16830,41290,AP,Pulandian
19424,16858,41470,,
19425,17034,42526,,
19426,17064,42672,,
19427,17076,42727,,
19428,17216,43229,EMEA,Adapazari
19429,17216,43229,EMEA,Izmit
19430,17216,43229,EMEA,South Africa
19431,17216,43229,EMEA,DRC Kauucuk
19432,17216,43229,EMEA,Kolsan
19433,17216,43229,EMEA,Ozka Lastik ve Kaucuk Inc.
19434,17216,43229,EMEA,S and N Rubber¿
19435,17216,43229,EMEA,Vil Kaucuk San.ve Tic. Ltd Sti
19436,17392,43885,NA,
19437,17426,44051,NA,
19438,17426,44051,LA,Peru
19439,17426,44051,EMEA,
19440,17426,44051,AP,
19442,17426,44051,LA,
19444,17426,44051,AP,Thailand
19448,17426,44051,AP,Indonesia
19449,17567,44332,NA,
19450,17630,44630,NA,
19451,17630,44630,LA,
19452,17630,44630,AP,
19453,17659,44725,EMEA,
19454,17796,45504,NA,
19455,17798,45505,EMEA,
19456,17815,45657,NA,
19457,17815,45657,AP,
19458,17870,45955,,
19459,17872,45957,AP,
19460,17877,45991,,
19461,18488,50271,NA,
19462,18488,50271,LA,
19463,18488,50271,AP,
19464,18594,50852,NA,
19465,18594,50852,LA,
19466,18594,50852,EMEA,
19467,18594,50852,AP,
19468,18595,50853,NA,
19469,18595,50853,LA,
19470,18595,50853,EMEA,
19471,18595,50853,AP,
19472,18656,51079,,
19473,18780,51836,,
19474,18802,52069,AP,
19475,18863,52795,,
19476,18864,52796,,
19477,18865,52797,,
19478,18876,52926,,
19479,18976,53656,,
19480,19008,54164,NA,
19481,19082,54970,NA,
19482,19168,56251,,
19483,19169,56252,,
19484,19180,56712,NA,Medicine Hat
19485,19180,56712,LA,
19486,19180,56712,EMEA,
19487,19180,56712,AP,
19488,19180,56712,NA,Napanee
19492,19180,56712,NA,Valleyfield
19496,19180,56712,NA,
19498,19180,56712,EMEA,Adapazari
19502,19180,56712,EMEA,Izmit
19505,19180,56712,LA,Peru
19511,19180,56712,AP,Thailand
19515,19180,56712,AP,Nippon Giant
19519,19180,56712,AP,Indonesia
19520,19342,59717,,
19521,19344,59719,,
19522,19345,59720,,
19523,19347,59782,,
19524,15392,26974,,
19525,15509,28148,NA,
19526,15509,28148,LA,
19527,15509,28148,EMEA,
19528,15509,28148,AP,
19529,15638,29513,,
19530,15662,29870,NA,Medicine Hat
19531,15662,29870,LA,
19532,15662,29870,EMEA,
19533,15662,29870,NA,Napanee
19536,15662,29870,NA,Valleyfield
19539,15686,30085,,
19540,16222,36212,NA,
19541,16356,37298,NA,
19542,16356,37298,LA,
19543,16356,37298,EMEA,
19544,16356,37298,AP,
19545,16380,37568,,
19546,16395,37646,,
19547,16476,38587,NA,
19548,16758,40778,NA,
19549,16862,41473,,
19550,16875,41568,,
19551,16924,41973,NA,
19552,17004,42404,,
19553,17046,42558,,
19554,17184,43108,NA,
19555,17184,43108,EMEA,
19556,17206,43207,,
19557,17223,43238,NA,
19558,17693,44796,,
19559,17695,44798,,
19560,17838,45821,,
19561,17854,45875,,
19562,17882,45996,LA,
19563,18482,50231,,
19564,18483,50232,NA,
19565,18525,50379,,
19566,18744,51673,,
19567,19302,58700,NA,
19568,19302,58700,EMEA,
19569,19303,58701,NA,
19570,19303,58701,EMEA,
19571,19304,58702,NA,
19572,19304,58702,EMEA,
19573,19372,60261,NA,
19574,19372,60261,LA,
19575,19372,60261,EMEA,
19576,19372,60261,AP,
19577,19382,60271,,
19578,19395,60433,NA,
19579,19396,60434,NA,
19580,19460,61141,,
19581,19506,61817,NA,
19582,19506,61817,LA,
19583,19506,61817,EMEA,Adapazari
19586,19506,61817,EMEA,Izmit
19587,19536,61938,NA,
19588,19536,61938,LA,
19589,19536,61938,EMEA,
19590,19536,61938,AP,
19591,19537,61939,NA,
19592,19537,61939,LA,
19593,19537,61939,EMEA,
19594,19537,61939,AP,
19595,19538,61940,NA,
19596,19538,61940,LA,
19597,19538,61940,EMEA,
19598,19538,61940,AP,
19599,19539,61941,NA,
19600,19539,61941,LA,
19601,19539,61941,EMEA,
19602,19539,61941,AP,
19603,19540,61942,NA,
19604,19540,61942,LA,
19605,19540,61942,EMEA,
19606,19540,61942,AP,
19607,19541,61943,NA,
19608,19541,61943,LA,
19609,19541,61943,EMEA,
19610,19541,61943,AP,
19611,19542,61944,NA,
19612,19542,61944,LA,
19613,19542,61944,EMEA,
19614,19542,61944,AP,
19615,19663,63101,NA,
19616,19663,63101,LA,
19617,19663,63101,EMEA,
19618,19663,63101,AP,
19619,19665,63103,NA,
19620,19665,63103,LA,
19621,19665,63103,EMEA,
19622,19665,63103,AP,
19623,19668,63105,,
19624,19669,63106,,
19625,19672,63191,AP,
19626,19681,63203,NA,
19627,19681,63203,LA,
19628,19681,63203,EMEA,
19629,19681,63203,AP,
19630,19683,63205,AP,
19631,19685,63207,NA,
19632,19685,63207,LA,
19633,19685,63207,AP,
19634,19687,63209,NA,
19635,19687,63209,LA,
19636,19687,63209,EMEA,
19637,19687,63209,AP,
19638,19689,63211,LA,
19639,19692,63214,NA,
19640,19692,63214,LA,
19641,19692,63214,AP,
19642,19694,63216,NA,
19643,19694,63216,LA,
19644,19694,63216,EMEA,
19645,19694,63216,AP,
19646,19696,63218,AP,
19647,19776,64006,NA,
19648,19777,64007,NA,
19649,19788,64160,,
19650,19837,64528,NA,
19651,15301,26540,NA,
19652,15301,26540,LA,
19653,15301,26540,EMEA,
19654,15301,26540,AP,
19655,15353,26742,NA,
19656,15353,26742,LA,
19657,15353,26742,AP,
19658,15546,28528,NA,
19659,15546,28528,LA,
19660,15546,28528,EMEA,
19661,15546,28528,AP,
19662,15684,30082,EMEA,Adapazari
19663,15684,30082,EMEA,Izmit
19664,15687,30087,,
19665,15695,30199,,
19666,15761,30691,NA,
19667,15761,30691,LA,
19668,15761,30691,EMEA,
19669,15761,30691,AP,
19670,15965,33446,,
19671,15992,33897,NA,
19672,16142,35335,,
19673,16156,35519,,
19674,16160,35523,,
19675,16161,35524,,
19676,16266,36631,NA,
19677,16306,36868,NA,
19678,16306,36868,LA,
19679,16306,36868,EMEA,
19680,16306,36868,AP,
19681,16743,40711,NA,
19682,16743,40711,LA,
19683,16743,40711,EMEA,
19684,16743,40711,AP,
19685,16748,40768,NA,
19686,16843,41387,NA,
19687,16843,41387,LA,
19688,16843,41387,EMEA,
19689,16843,41387,AP,
19690,16971,42272,,
19691,17085,42755,,
19692,17193,43139,,
19693,17439,44067,NA,
19694,17439,44067,LA,
19695,17439,44067,EMEA,
19696,17439,44067,AP,
19697,17485,44192,NA,
19698,17878,45992,,
19699,17879,45993,,
19700,17880,45994,,
19701,17924,46096,NA,
19702,17934,46226,NA,
19703,17934,46226,LA,
19704,17934,46226,EMEA,
19705,17934,46226,AP,
19706,18474,50083,NA,
19707,18474,50083,LA,
19708,18474,50083,EMEA,
19709,18474,50083,AP,
19710,18722,51520,,
19711,18792,51900,,
19712,18793,51901,,
19713,18978,53727,,
19714,18980,53728,,
19715,18981,53729,,
19716,18983,53801,,
19717,19078,54960,NA,
19718,19078,54960,LA,
19719,19078,54960,EMEA,
19720,19078,54960,AP,
19721,19081,54963,NA,
19722,19081,54963,LA,
19723,19081,54963,EMEA,
19724,19081,54963,AP,
19725,19124,55658,NA,
19726,19124,55658,AP,
19727,19170,56253,NA,
19728,19170,56253,LA,
19729,19170,56253,EMEA,
19730,19170,56253,AP,
19731,19196,57065,EMEA,
19732,19224,57786,,
19733,19225,57787,,
19734,19226,57788,,
19735,19228,57790,,
19736,19229,57791,,
19737,19230,57792,,
19738,19231,57793,,
19739,19232,57794,,
19740,19233,57795,,
19741,19346,59781,,
19742,19574,62491,NA,
19743,19576,62493,NA,
19744,19781,64012,,
19745,15403,27026,NA,
19746,15412,27127,,
19747,15611,29382,NA,
19748,15611,29382,LA,
19749,15611,29382,EMEA,
19750,15611,29382,AP,
19751,15768,30796,NA,
19752,15768,30796,LA,
19753,15768,30796,EMEA,
19754,15768,30796,AP,
19755,15929,32412,,
19756,15939,32666,,
19757,15946,33251,,
19758,15966,33506,,
19759,15979,33646,NA,
19760,16068,34822,NA,
19761,16068,34822,LA,
19762,16068,34822,EMEA,
19763,16068,34822,AP,Nippon Giant
19764,16111,35169,,
19765,16112,35170,,
19766,16166,35609,NA,
19767,16166,35609,LA,
19768,16166,35609,AP,
19769,16190,36052,NA,
19770,16190,36052,LA,
19771,16190,36052,EMEA,
19772,16191,36053,NA,
19773,16191,36053,LA,
19774,16191,36053,EMEA,
19775,16192,36054,NA,
19776,16192,36054,LA,
19777,16192,36054,EMEA,
19778,16193,36055,NA,
19779,16193,36055,LA,
19780,16193,36055,EMEA,
19781,16194,36056,NA,
19782,16194,36056,LA,
19783,16194,36056,EMEA,
19784,16195,36057,NA,
19785,16195,36057,LA,
19786,16195,36057,EMEA,
19787,16319,36994,NA,
19788,16319,36994,LA,
19789,16319,36994,EMEA,
19790,16319,36994,AP,
19791,16409,37762,NA,
19792,16409,37762,EMEA,
19793,16429,38118,NA,
19794,16430,38148,NA,
19795,16430,38148,LA,
19796,16430,38148,EMEA,
19797,16430,38148,AP,
19798,16431,38149,,
19799,16833,41292,,
19800,16890,41648,AP,
19801,16918,41883,NA,
19802,16918,41883,LA,
19803,16918,41883,EMEA,
19804,16918,41883,AP,
19805,16930,41999,NA,
19806,16930,41999,LA,
19807,16930,41999,EMEA,
19808,16930,41999,AP,
19809,16962,42241,,
19810,17048,42561,,
19811,17154,43003,NA,
19812,18541,50423,NA,
19813,18541,50423,LA,
19814,18541,50423,EMEA,
19815,18541,50423,AP,
19816,18543,50425,NA,
19817,18543,50425,LA,
19818,18543,50425,EMEA,
19819,18543,50425,AP,
19820,18547,50429,,
19821,18556,50470,NA,
19822,18556,50470,LA,
19823,18556,50470,EMEA,
19824,18556,50470,AP,
19825,18593,50822,,
19826,18596,50889,NA,
19827,18596,50889,LA,
19828,18596,50889,EMEA,
19829,18596,50889,AP,
19830,18598,50918,NA,
19831,18600,50920,NA,
19832,18643,51015,NA,
19833,18643,51015,LA,
19834,18643,51015,EMEA,
19835,18643,51015,AP,
19836,18645,51017,NA,
19837,18645,51017,LA,
19838,18645,51017,EMEA,
19839,18645,51017,AP,
19840,18647,51019,AP,
19841,18667,51146,,
19842,19142,55889,,
19843,19144,55890,,
19844,19145,55891,,
19845,19176,56592,NA,
19846,19176,56592,LA,
19847,19176,56592,EMEA,
19848,19176,56592,AP,
19849,19204,57234,,
19850,19350,59785,,
19851,15325,26602,,
19852,15395,26984,NA,
19853,15395,26984,LA,Americana
19854,15395,26984,EMEA,
19855,15395,26984,AP,
19856,15502,28141,NA,
19857,15502,28141,LA,
19858,15502,28141,EMEA,
19859,15502,28141,AP,
19860,15536,28462,NA,
19861,15573,28759,NA,
19862,15573,28759,LA,
19863,15573,28759,EMEA,
19864,15573,28759,AP,
19865,15578,28875,NA,
19866,15578,28875,LA,
19867,15578,28875,AP,Nippon Giant
19868,15661,29867,NA,
19869,15661,29867,LA,
19870,15661,29867,EMEA,
19871,15661,29867,AP,
19872,15713,30264,,
19873,15755,30633,NA,
19874,15766,30794,NA,
19875,15766,30794,LA,
19876,15766,30794,EMEA,
19877,15766,30794,AP,
19878,15767,30795,NA,
19879,15767,30795,LA,
19880,15767,30795,EMEA,
19881,15767,30795,AP,
19882,15769,30797,NA,
19883,15769,30797,LA,
19884,15769,30797,EMEA,
19885,15769,30797,AP,
19886,15770,30798,NA,
19887,15770,30798,LA,
19888,15770,30798,EMEA,
19889,15770,30798,AP,
19890,15815,31225,NA,
19891,15815,31225,LA,
19892,15815,31225,EMEA,
19893,15815,31225,AP,
19894,15819,31229,,
19895,15870,31944,NA,Chile
19896,15870,31944,LA,
19897,15900,32097,NA,
19898,15900,32097,LA,
19899,16145,35383,NA,
19900,16145,35383,LA,
19901,16145,35383,EMEA,
19902,16145,35383,AP,
19903,16172,35647,,
19904,16176,35690,,
19905,16287,36779,,
19906,16404,37730,NA,
19907,16465,38470,,
19908,16521,38887,NA,
19909,16707,40456,AP,
19910,16909,41784,,
19911,17024,42495,,
19912,17050,42564,AP,
19913,17145,42982,,
19914,17178,43100,NA,
19915,17178,43100,LA,
19916,17178,43100,EMEA,
19917,17178,43100,AP,
19918,18576,50685,,
19919,18710,51415,NA,
19920,18710,51415,LA,
19921,18710,51415,EMEA,
19922,18710,51415,AP,
19923,18711,51416,NA,
19924,18711,51416,LA,
19925,18711,51416,EMEA,
19926,18711,51416,AP,
19927,18805,52071,,
19928,18810,52127,,
19929,18811,52128,,
19930,18812,52129,LA,
19931,18813,52130,LA,
19932,18886,53083,,
19933,18954,53473,,
19934,18955,53474,NA,
19935,18957,53476,NA,
19936,19086,55316,NA,
19937,19086,55316,LA,
19938,19086,55316,EMEA,
19939,19086,55316,AP,Nippon Giant
19940,19088,55396,,
19941,19131,55740,,
19942,19194,56993,NA,
19943,19194,56993,LA,
19944,19194,56993,EMEA,
19945,19194,56993,AP,
19946,19308,59055,,
19947,19567,62353,,
19948,19819,64359,,
19949,19838,64529,NA,
19950,19839,64530,NA,
19951,19854,64618,,
19952,19937,65219,,
19953,19964,65525,,
19954,19982,65873,,
19955,15298,26537,NA,
19956,15298,26537,LA,
19957,15298,26537,EMEA,
19958,15298,26537,AP,
19959,15323,26599,,
19960,15430,27601,NA,
19961,15430,27601,LA,
19962,15430,27601,EMEA,
19963,15772,30801,,
19964,15799,31106,NA,
19965,15820,31230,NA,
19966,15820,31230,LA,
19967,15820,31230,EMEA,
19968,15820,31230,AP,
19969,15926,32409,EMEA,
19970,15934,32476,,
19971,15964,33443,,
19972,16214,36138,,
19973,16474,38550,,
19974,16496,38736,NA,
19975,16496,38736,LA,
19976,16496,38736,EMEA,
19977,16496,38736,AP,
19978,16506,38841,,
19979,16684,40243,,
19980,16734,40649,,
19981,16767,40826,NA,
19982,16768,40827,NA,
19983,16769,40828,NA,
19984,16808,41194,,
19985,16891,41649,AP,
19986,16948,42207,NA,
19987,17008,42437,,
19988,17044,42550,,
19989,17075,42726,,
19990,17188,43114,,
19991,17201,43182,,
19992,17241,43390,,
19993,17319,43600,NA,
19994,17319,43600,EMEA,
19995,18520,50344,NA,
19996,18520,50344,LA,
19997,18520,50344,EMEA,
19998,18520,50344,AP,
19999,18691,51250,,
20000,18692,51282,EMEA,
20001,18698,51326,,
20002,18712,51454,NA,
20003,18712,51454,LA,
20004,18964,53565,NA,
20005,19156,56241,NA,
20006,19156,56241,EMEA,
20007,19358,59857,,
20008,19359,59858,,
20009,19727,63359,,
20010,19762,63955,,
20011,19822,64362,NA,
20012,19822,64362,LA,Peru
20013,19822,64362,EMEA,
20014,19822,64362,AP,
20016,19822,64362,LA,
20018,19822,64362,AP,Nippon Giant
20019,19978,65869,AP,
20020,19983,65874,,
20021,19987,65880,NA,
20022,19987,65880,LA,
20023,19987,65880,EMEA,
20024,19987,65880,AP,
20025,19988,65881,NA,
20026,19988,65881,LA,
20027,19988,65881,EMEA,
20028,19988,65881,AP,
20029,19989,65882,NA,
20030,19989,65882,LA,
20031,19989,65882,EMEA,
20032,19989,65882,AP,
20033,19990,65883,NA,
20034,19990,65883,LA,
20035,19990,65883,EMEA,
20036,19990,65883,AP,
20037,19991,65884,NA,
20038,19991,65884,LA,
20039,19991,65884,EMEA,
20040,19991,65884,AP,
20041,19994,65918,NA,
20042,19994,65918,LA,
20043,19994,65918,EMEA,
20044,19994,65918,AP,
20045,19995,65919,NA,
20046,19995,65919,LA,
20047,19995,65919,EMEA,
20048,19995,65919,AP,
20049,19997,65921,NA,
20050,19997,65921,LA,
20051,19997,65921,EMEA,
20052,19997,65921,AP,
20053,19998,65955,NA,
20054,19998,65955,LA,
20055,19998,65955,EMEA,
20056,19998,65955,AP,
20057,20006,66155,NA,
20058,20025,66239,,
20059,20027,66241,,
20060,20028,66283,,
20061,15382,26901,NA,
20062,15440,27650,NA,
20063,15517,28432,NA,
20064,15517,28432,LA,
20065,15517,28432,EMEA,
20066,15517,28432,AP,
20067,15556,28692,,
20068,15569,28755,NA,
20069,15569,28755,LA,
20070,15569,28755,EMEA,
20071,15569,28755,AP,
20072,15575,28761,NA,
20073,15575,28761,LA,
20074,15575,28761,EMEA,
20075,15575,28761,AP,
20076,15623,29399,,
20077,15652,29709,NA,
20078,15698,30202,NA,
20079,15698,30202,LA,
20080,15698,30202,EMEA,
20081,15698,30202,AP,
20082,15740,30557,,
20083,15812,31222,NA,
20084,15812,31222,LA,
20085,15812,31222,EMEA,
20086,15812,31222,AP,
20087,15855,31542,,
20088,15978,33644,NA,
20089,15981,33706,NA,
20090,15981,33706,LA,
20091,15981,33706,EMEA,
20092,15981,33706,AP,
20093,16079,34938,NA,
20094,16079,34938,LA,
20095,16079,34938,EMEA,
20096,16079,34938,AP,
20097,16089,34994,NA,
20098,16089,34994,LA,
20099,16089,34994,EMEA,
20100,16089,34994,AP,
20101,16258,36526,NA,
20102,16258,36526,LA,
20103,16258,36526,EMEA,
20104,16258,36526,AP,
20105,16288,36780,,
20106,16443,38307,NA,Valleyfield
20107,16443,38307,LA,
20108,16443,38307,EMEA,
20109,16443,38307,AP,
20110,16468,38502,AP,Malaysia
20111,16468,38502,AP,Thailand
20112,16468,38502,AP,Nippon Giant
20113,16468,38502,AP,Indonesia
20114,16468,38502,AP,Pulandian
20115,16480,38597,,
20116,16502,38837,NA,
20117,16502,38837,LA,
20118,16502,38837,EMEA,
20119,16502,38837,AP,
20120,16643,39971,AP,Ballabgarh
20121,16708,40463,NA,
20122,16708,40463,LA,
20123,16708,40463,EMEA,Adapazari
20124,16708,40463,AP,
20127,16708,40463,EMEA,Izmit
20131,16708,40463,EMEA,
20132,16708,40463,AP,Nippon Giant
20133,16805,41189,,
20134,16809,41195,,
20135,16881,41605,,
20136,16944,42179,NA,
20137,18708,51411,NA,
20138,18708,51411,LA,
20139,18708,51411,EMEA,
20140,18708,51411,AP,
20141,18709,51412,NA,
20142,18709,51412,LA,
20143,18709,51412,EMEA,
20144,18709,51412,AP,
20145,18870,52920,,
20146,18871,52921,,
20147,18872,52922,,
20148,18873,52923,,
20149,18874,52924,,
20150,18875,52925,,
20151,18917,53307,NA,
20152,18917,53307,LA,
20153,18917,53307,EMEA,
20154,18917,53307,AP,
20155,18926,53381,LA,
20156,19368,59994,NA,
20157,19368,59994,LA,
20158,19368,59994,EMEA,
20159,19368,59994,AP,
20160,19398,60508,,
20161,19400,60510,,
20162,19402,60512,,
20163,19403,60513,,
20164,19445,60943,NA,
20165,19446,61004,,
20166,19448,61006,,
20167,19449,61007,,
20168,19450,61008,,
20169,19451,61009,,
20170,19452,61010,NA,
20171,19452,61010,EMEA,
20172,19453,61011,NA,
20173,19453,61011,EMEA,
20174,19462,61145,NA,
20175,19462,61145,LA,
20176,19467,61150,NA,
20177,19467,61150,LA,
20178,19468,61151,NA,
20179,19468,61151,LA,
20180,15321,26597,NA,
20181,15321,26597,LA,
20182,15321,26597,EMEA,
20183,15364,26823,LA,
20184,15476,28058,NA,
20185,15629,29449,NA,
20186,15629,29449,LA,
20187,15629,29449,EMEA,
20188,15629,29449,AP,
20189,15778,30859,LA,
20190,15895,32092,,
20191,15962,33441,NA,
20192,15962,33441,LA,
20193,15962,33441,EMEA,
20194,15962,33441,AP,
20195,16076,34933,NA,
20196,16076,34933,LA,
20197,16076,34933,EMEA,Adapazari
20198,16076,34933,AP,
20201,16076,34933,EMEA,Izmit
20203,16078,34937,NA,
20204,16078,34937,LA,
20205,16078,34937,EMEA,
20206,16078,34937,AP,
20207,16165,35606,NA,
20208,16165,35606,LA,
20209,16165,35606,EMEA,
20210,16165,35606,AP,
20211,16344,37249,,
20212,16460,38463,NA,
20213,16460,38463,LA,
20214,16460,38463,EMEA,
20215,16460,38463,AP,Thailand
20219,16460,38463,AP,Nippon Giant
20220,16614,39785,NA,
20221,16614,39785,EMEA,
20222,16908,41783,,
20223,16960,42235,NA,
20224,16960,42235,LA,
20225,16960,42235,EMEA,
20226,16960,42235,AP,
20227,17078,42736,,
20228,17236,43347,,
20229,17326,43649,,
20230,17328,43664,NA,
20231,17328,43664,LA,
20232,17328,43664,AP,
20233,17334,43680,,
20234,17358,43761,NA,
20235,17362,43778,,
20236,17364,43780,,
20237,17416,43972,,
20238,17480,44174,,
20239,17487,44194,NA,
20240,17738,44999,NA,
20241,17738,44999,LA,
20242,17738,44999,EMEA,
20243,17738,44999,AP,
20244,17812,45654,,
20245,17813,45655,NA,
20246,17813,45655,LA,
20247,17813,45655,EMEA,
20248,17813,45655,AP,
20249,18621,50990,EMEA,
20250,18624,50993,EMEA,
20251,18626,50995,EMEA,
20252,18628,50997,EMEA,
20253,18630,50999,EMEA,
20254,18632,51001,EMEA,
20255,18634,51003,EMEA,
20256,18636,51005,EMEA,
20257,18639,51008,EMEA,
20258,18641,51013,,
20259,18654,51053,,
20260,18839,52546,,
20261,18840,52547,,
20262,18841,52548,,
20263,18842,52549,,
20264,18850,52723,NA,
20265,18850,52723,LA,
20266,18850,52723,EMEA,
20267,19030,54568,NA,
20268,19030,54568,LA,
20269,19030,54568,EMEA,
20270,19030,54568,AP,
20271,19032,54570,NA,
20272,19032,54570,LA,
20273,19032,54570,EMEA,
20274,19032,54570,AP,
20275,19090,55398,NA,
20276,19090,55398,LA,
20277,19090,55398,EMEA,
20278,19090,55398,AP,
20279,19091,55399,NA,
20280,19091,55399,LA,
20281,19091,55399,EMEA,
20282,19091,55399,AP,
20283,19103,55560,NA,
20284,19103,55560,LA,
20285,19103,55560,EMEA,
20286,19103,55560,AP,
20287,19104,55572,NA,
20288,19104,55572,LA,
20289,19104,55572,EMEA,
20290,19104,55572,AP,
20291,19213,57459,NA,
20292,19213,57459,LA,
20293,19213,57459,EMEA,
20294,19213,57459,AP,
20295,19214,57460,NA,
20296,19214,57460,LA,
20297,19214,57460,EMEA,
20298,19214,57460,AP,
20299,19215,57461,NA,
20300,19215,57461,LA,
20301,19215,57461,EMEA,
20302,19215,57461,AP,
20303,19216,57462,NA,
20304,19216,57462,LA,
20305,19216,57462,EMEA,
20306,19216,57462,AP,
20307,19218,57557,NA,
20308,19219,57558,NA,
20309,19248,57967,NA,
20310,19248,57967,LA,
20311,19250,57969,NA,
20312,19250,57969,LA,
20313,19620,62885,NA,
20314,19620,62885,LA,
20315,19620,62885,EMEA,
20316,19620,62885,AP,
20317,19646,63039,NA,
20318,19782,64085,,
20319,15402,27025,NA,
20320,15404,27027,NA,
20321,15428,27536,NA,
20322,15591,29056,NA,
20323,15591,29056,LA,
20324,15591,29056,EMEA,
20325,15591,29056,AP,
20326,15614,29389,,
20327,15654,29711,,
20328,15683,30035,NA,
20329,15803,31213,EMEA,
20330,15836,31467,NA,
20331,15836,31467,LA,
20332,15836,31467,EMEA,
20333,15836,31467,AP,
20334,15845,31532,,
20335,15879,31952,,
20336,16122,35271,EMEA,
20337,16125,35276,EMEA,
20338,16154,35515,NA,
20339,16154,35515,LA,
20340,16154,35515,EMEA,Adapazari
20341,16154,35515,AP,
20344,16154,35515,EMEA,Izmit
20346,16261,36529,NA,
20347,16261,36529,LA,
20348,16261,36529,EMEA,
20349,16261,36529,AP,
20350,16408,37761,NA,
20351,16408,37761,EMEA,
20352,16428,38117,NA,
20353,16578,39365,,
20354,16698,40330,,
20355,16701,40333,,
20356,16754,40774,,
20357,16814,41202,NA,
20358,16859,41471,,
20359,16900,41775,NA,
20360,16900,41775,LA,
20361,16900,41775,EMEA,
20362,16900,41775,AP,
20363,17096,42806,,
20364,17128,42929,,
20365,17146,42987,,
20366,17250,43400,,
20367,17359,43762,,
20368,17368,43784,,
20369,17417,43981,,
20370,18494,50309,AP,
20371,18496,50311,AP,
20372,18507,50322,AP,
20373,18687,51224,,
20374,18779,51789,,
20375,18782,51838,,
20376,18990,54013,,
20377,19038,54583,NA,
20378,19038,54583,LA,
20379,19038,54583,EMEA,Adapazari
20380,19038,54583,AP,
20383,19038,54583,EMEA,Izmit
20385,19038,54583,NA,Other
20387,19038,54583,EMEA,
20389,19044,54590,NA,
20390,19212,57458,,
20391,19414,60673,,
20392,19575,62492,NA,
20393,19756,63868,,
20394,19757,63869,EMEA,Adapazari
20395,19757,63869,EMEA,Izmit
20396,19834,64525,NA,
20397,19835,64526,NA,
20398,19910,65029,NA,
20399,19910,65029,LA,
20400,19910,65029,EMEA,
20401,19910,65029,AP,
20402,19913,65032,NA,
20403,19913,65032,LA,
20404,19913,65032,EMEA,
20405,19913,65032,AP,
20406,19962,65480,,
20407,19984,65876,NA,
20408,19984,65876,LA,
20409,19984,65876,EMEA,
20410,19984,65876,AP,
20411,19985,65877,NA,
20412,19985,65877,LA,
20413,19985,65877,EMEA,
20414,19985,65877,AP,
20415,19986,65878,NA,
20416,19986,65878,LA,
20417,19986,65878,EMEA,
20418,19986,65878,AP,
20419,20000,65956,,
20420,20002,65959,LA,
20421,20004,66121,,
20422,20005,66122,,
20423,15310,26585,NA,
20424,15310,26585,LA,
20425,15310,26585,EMEA,
20426,15310,26585,AP,Nippon Giant
20427,15398,27021,NA,
20428,15519,28444,NA,
20429,15521,28446,NA,
20430,15552,28631,NA,
20431,15552,28631,LA,
20432,15552,28631,EMEA,
20433,15552,28631,AP,
20434,15710,30261,,
20435,15749,30571,,
20436,15756,30687,NA,
20437,15764,30740,NA,
20438,15764,30740,EMEA,
20439,16232,36281,,
20440,16315,36925,,
20441,16327,37064,NA,
20442,16327,37064,LA,
20443,16327,37064,EMEA,
20444,16327,37064,AP,
20445,16336,37173,NA,
20446,16336,37173,LA,
20447,16336,37173,EMEA,
20448,16336,37173,AP,
20449,16345,37250,,
20450,16369,37446,,
20451,16374,37453,NA,
20452,16374,37453,LA,
20453,16374,37453,EMEA,
20454,16374,37453,AP,
20455,16547,38996,NA,
20456,16547,38996,LA,
20457,16547,38996,EMEA,
20458,16571,39322,NA,
20459,16571,39322,LA,
20460,16571,39322,EMEA,
20461,16571,39322,AP,
20462,16597,39590,NA,
20463,16597,39590,LA,
20464,16597,39590,EMEA,
20465,16597,39590,AP,
20466,16733,40648,,
20467,17013,42471,,
20468,17038,42536,NA,
20469,17038,42536,LA,
20470,17038,42536,EMEA,
20471,17038,42536,AP,
20472,17089,42763,NA,
20473,17089,42763,LA,
20474,17089,42763,EMEA,
20475,17089,42763,AP,
20476,17148,42989,NA,
20477,17148,42989,LA,
20478,17197,43160,,
20479,17198,43161,NA,
20480,17309,43568,NA,
20481,17318,43599,NA,
20482,17318,43599,LA,
20483,17318,43599,EMEA,
20484,17318,43599,AP,
20485,18502,50317,AP,
20486,18523,50347,NA,
20487,18523,50347,LA,
20488,18523,50347,EMEA,
20489,18523,50347,AP,
20490,18534,50416,NA,
20491,18534,50416,LA,
20492,18534,50416,EMEA,
20493,18534,50416,AP,
20494,18536,50418,NA,
20495,18536,50418,LA,
20496,18536,50418,EMEA,
20497,18536,50418,AP,
20498,18538,50420,NA,
20499,18538,50420,LA,
20500,18538,50420,EMEA,
20501,18538,50420,AP,
20502,18540,50422,NA,
20503,18540,50422,LA,
20504,18540,50422,EMEA,
20505,18540,50422,AP,
20506,18542,50424,NA,
20507,18542,50424,LA,
20508,18542,50424,EMEA,
20509,18542,50424,AP,
20510,18568,50550,,
20511,18649,51021,AP,
20512,18651,51023,AP,
20513,18796,52012,,
20514,18797,52014,,
20515,18846,52614,,
20516,18848,52617,,
20517,18932,53387,NA,
20518,18932,53387,EMEA,
20519,18933,53388,NA,
20520,18933,53388,EMEA,
20521,18974,53648,NA,
20522,18974,53648,LA,
20523,18974,53648,EMEA,
20524,18974,53648,AP,
20525,19182,56713,NA,
20526,19182,56713,LA,
20527,19183,56714,NA,
20528,19184,56715,NA,
20529,19282,58414,,
20530,19399,60509,,
20531,19401,60511,,
20532,19469,61152,NA,
20533,19469,61152,EMEA,
20534,19498,61766,NA,
20535,19508,61819,,
20536,19592,62660,,
20537,19598,62745,,
20538,15304,26551,NA,
20539,15304,26551,LA,
20540,15304,26551,EMEA,Adapazari
20541,15304,26551,AP,
20544,15304,26551,EMEA,
20545,15304,26551,AP,Nippon Giant
20546,15367,26835,LA,
20547,15411,27126,,
20548,15639,29514,,
20549,15640,29515,,
20550,15754,30632,NA,
20551,15806,31216,NA,
20552,15806,31216,LA,
20553,15806,31216,EMEA,
20554,15806,31216,AP,
20555,15938,32665,,
20556,15983,33832,NA,
20557,16010,34117,,
20558,16065,34693,NA,
20559,16065,34693,LA,
20560,16065,34693,EMEA,
20561,16065,34693,AP,
20562,16105,35164,,
20563,16117,35177,NA,
20564,16301,36822,,
20565,16303,36824,NA,
20566,16303,36824,LA,
20567,16330,37066,,
20568,16332,37068,,
20569,16354,37297,NA,
20570,16360,37337,NA,
20571,16360,37337,LA,
20572,16360,37337,EMEA,
20573,16360,37337,AP,
20574,16362,37339,EMEA,
20575,16392,37612,,
20576,16398,37724,NA,
20577,16398,37724,LA,
20578,16424,38000,NA,
20579,16424,38000,LA,
20580,16424,38000,EMEA,
20581,16424,38000,AP,
20582,16477,38588,,
20583,16526,38892,NA,
20584,16526,38892,LA,
20585,16526,38892,EMEA,
20586,16526,38892,AP,
20587,16876,41569,,
20588,17006,42405,,
20589,17093,42770,,
20590,17131,42954,NA,
20591,17151,42992,NA,Danville
20592,17376,43812,LA,
20593,17414,43970,,
20594,17421,44031,NA,
20595,17436,44061,NA,
20596,17436,44061,LA,
20597,17436,44061,EMEA,
20598,17436,44061,AP,
20599,17445,44072,NA,
20600,17445,44072,LA,
20601,17445,44072,EMEA,
20602,17445,44072,AP,
20603,18509,50324,AP,
20604,18652,51024,NA,
20605,18652,51024,LA,
20606,18652,51024,EMEA,
20607,18652,51024,AP,
20608,18798,52015,,
20609,18814,52299,,
20610,18898,53226,,
20611,19003,54157,NA,
20612,19004,54159,EMEA,
20613,19005,54160,EMEA,
20614,19006,54161,EMEA,
20615,19012,54305,,
20616,19023,54385,,
20617,19052,54686,,
20618,19053,54687,,
20619,19054,54688,,
20620,19198,57071,,
20621,19200,57073,,
20622,19202,57074,NA,
20623,19202,57074,LA,
20624,19202,57074,EMEA,
20625,19202,57074,AP,
20626,19268,58331,NA,
20627,19270,58399,NA,Medicine Hat
20628,19270,58399,LA,
20629,19270,58399,EMEA,
20630,19270,58399,AP,
20631,19270,58399,NA,Napanee
20635,19270,58399,NA,Valleyfield
20639,19270,58399,NA,
20640,19270,58399,LA,Peru
20646,19270,58399,AP,Nippon Giant
20647,19271,58400,LA,Peru
20648,19271,58400,EMEA,
20649,19271,58400,AP,
20650,19271,58400,LA,
20652,19271,58400,AP,Nippon Giant
20653,19272,58401,NA,Medicine Hat
20654,19272,58401,LA,
20655,19272,58401,EMEA,
20656,19272,58401,AP,
20657,19272,58401,NA,Napanee
20661,19272,58401,NA,Valleyfield
20665,19272,58401,NA,
20666,19272,58401,LA,Peru
20672,19272,58401,AP,Nippon Giant
20673,19273,58402,LA,Peru
20674,19273,58402,EMEA,
20675,19273,58402,AP,
20676,19273,58402,LA,
20678,19273,58402,AP,Nippon Giant
20679,19274,58403,LA,Peru
20680,19274,58403,EMEA,
20681,19274,58403,AP,
20682,19274,58403,LA,
20684,19274,58403,AP,Nippon Giant
20685,19275,58405,NA,Medicine Hat
20686,19275,58405,LA,
20687,19275,58405,EMEA,
20688,19275,58405,AP,
20689,19275,58405,NA,Napanee
20693,19275,58405,NA,Valleyfield
20697,19275,58405,NA,
20698,19275,58405,LA,Peru
20704,19275,58405,AP,Nippon Giant
20705,19276,58406,LA,Peru
20706,19276,58406,EMEA,
20707,19276,58406,AP,
20708,19276,58406,LA,
20710,19276,58406,AP,Nippon Giant
20711,19277,58407,NA,
20712,19277,58407,LA,
20713,19277,58407,EMEA,
20714,19277,58407,AP,
20715,17914,46057,NA,
20716,17914,46057,LA,
20717,17914,46057,EMEA,
20718,17914,46057,AP,
20719,17915,46058,NA,
20720,17916,46059,NA,Chile
20721,17916,46059,NA,San Luis Potosi
20722,17917,46060,NA,
20723,17917,46060,LA,
20724,17917,46060,EMEA,
20725,17917,46060,AP,
20726,17918,46061,NA,
20727,17919,46062,NA,
20728,17919,46062,LA,
20729,17919,46062,EMEA,
20730,17919,46062,AP,
20731,17920,46063,NA,
20732,17920,46063,LA,
20733,17920,46063,EMEA,
20734,17920,46063,AP,
20735,17980,46496,,
20736,17981,46497,,
20737,17982,46498,,
20738,18006,46614,NA,
20739,18078,47291,,
20740,18079,47292,,
20741,18162,47869,,
20742,18181,47942,LA,
20743,18182,47943,LA,
20744,18192,48010,,
20745,18228,48155,,
20746,18229,48156,,
20747,18230,48157,,
20748,18233,48159,NA,
20749,18234,48160,NA,
20750,18248,48293,NA,
20751,18248,48293,LA,
20752,18248,48293,EMEA,
20753,18248,48293,AP,
20754,18260,48386,,
20755,18262,48415,NA,
20756,18263,48416,,
20757,18265,48418,,
20758,15707,30211,NA,
20759,15707,30211,LA,
20760,15707,30211,AP,
20764,15802,31212,EMEA,
20765,15844,31531,,
20766,15889,32028,NA,
20767,15890,32029,NA,
20768,15890,32029,LA,
20769,15890,32029,EMEA,
20770,15890,32029,AP,
20771,15984,33833,NA,
20772,16062,34691,NA,
20773,16062,34691,LA,
20774,16062,34691,EMEA,Adapazari
20775,16062,34691,AP,
20778,16062,34691,EMEA,Izmit
20782,16062,34691,EMEA,
20783,16062,34691,AP,Nippon Giant
20784,16115,35175,NA,
20785,16115,35175,LA,
20786,16115,35175,EMEA,
20787,16115,35175,AP,
20788,16203,36101,,
20789,16204,36102,,
20790,16217,36176,NA,
20791,16217,36176,LA,
20792,16217,36176,EMEA,
20793,16217,36176,AP,
20794,16238,36329,,
20795,16353,37296,NA,
20796,16505,38840,,
20797,16586,39458,,
20798,16594,39562,NA,
20799,16594,39562,LA,
20800,16594,39562,EMEA,
20801,16594,39562,AP,
20802,16654,40039,NA,
20803,16654,40039,LA,
20804,16654,40039,EMEA,
20805,16654,40039,AP,
20806,16762,40821,NA,
20807,16766,40825,NA,
20808,17114,42891,NA,
20809,17371,43807,NA,
20810,17412,43969,,
20811,17488,44195,NA,
20812,17563,44329,,
20813,17806,45611,,
20814,17807,45612,,
20815,17808,45613,,
20816,17809,45614,,
20817,17844,45865,,
20818,17845,45866,,
20819,17468,44144,EMEA,
20820,17476,44170,NA,Medicine Hat
20821,17476,44170,LA,
20822,17476,44170,EMEA,
20823,17476,44170,AP,
20824,17476,44170,NA,Napanee
20828,17476,44170,NA,Valleyfield
20832,17478,44172,,
20833,17564,44330,,
20834,17573,44362,LA,
20835,17575,44364,LA,
20836,17577,44366,LA,
20837,17579,44368,LA,
20838,17581,44370,LA,
20839,17583,44372,LA,
20840,17603,44533,NA,
20841,17603,44533,LA,
20842,17603,44533,EMEA,
20843,17603,44533,AP,
20844,17604,44534,NA,
20845,17604,44534,LA,
20846,17604,44534,EMEA,
20847,17604,44534,AP,
20848,17607,44538,EMEA,
20849,17608,44540,NA,
20850,17608,44540,LA,
20851,17608,44540,EMEA,
20852,17608,44540,AP,
20853,17618,44572,,
20854,17704,44825,,
20855,17705,44826,,
20856,17752,45201,,
20857,17754,45202,,
20858,17758,45210,,
20859,17764,45322,,
20860,17765,45323,,
20861,15347,26695,,
20862,15355,26757,,
20863,15532,28458,NA,
20864,15987,33892,NA,
20865,16094,35086,EMEA,
20866,16134,35284,EMEA,
20867,16326,37063,NA,
20868,16326,37063,LA,
20869,16326,37063,EMEA,
20870,16326,37063,AP,
20871,16488,38728,NA,
20872,16522,38888,NA,
20873,16573,39324,,
20874,16582,39369,NA,
20875,16582,39369,LA,
20876,16582,39369,EMEA,
20877,16582,39369,AP,
20878,16739,40675,NA,
20879,16739,40675,LA,
20880,16739,40675,EMEA,
20881,16739,40675,AP,
20882,16816,41227,,
20883,17348,43693,,
20884,17381,43831,,
20885,17656,44720,EMEA,
20886,17664,44744,,
20887,17665,44745,,
20888,17666,44746,,
20889,17867,45920,NA,
20890,17867,45920,LA,
20891,17867,45920,EMEA,
20892,17867,45920,AP,
20893,18020,46849,NA,
20894,18058,47159,NA,
20895,18058,47159,LA,
20896,18058,47159,EMEA,Adapazari
20897,18058,47159,AP,
20900,18058,47159,EMEA,Izmit
20904,18058,47159,EMEA,
20905,18058,47159,AP,Thailand
20909,18058,47159,AP,Nippon Giant
20910,18224,48152,,
20911,18394,49428,NA,
20912,18420,49518,,
20913,18422,49520,,
20914,18272,48425,,
20915,18277,48433,,
20916,18298,48738,AP,
20917,18351,49021,,
20918,18356,49056,NA,
20919,18369,49158,NA,
20920,18369,49158,EMEA,
20921,18370,49160,,
20922,18372,49198,,
20923,18373,49199,,
20924,18448,49655,,
20925,18452,49697,,
20926,18453,49698,,
20927,18454,49699,,
20928,18458,49780,,
20929,18460,49923,,
20930,18461,49924,NA,
20931,18461,49924,LA,
20932,18461,49924,EMEA,
20933,18461,49924,AP,
20934,18463,49926,,
20935,18464,49927,,
20936,18465,49928,,
20937,18484,50268,,
20938,18485,50269,,
20939,18486,50270,,
20940,18513,50337,NA,
20941,18513,50337,LA,
20942,18513,50337,EMEA,
20943,18513,50337,AP,
20944,18519,50343,NA,
20945,18519,50343,LA,
20946,18519,50343,EMEA,
20947,18519,50343,AP,
20948,18530,50383,NA,
20949,18552,50464,EMEA,
20950,18557,50471,,
20951,15316,26591,,
20952,15454,27923,NA,
20953,15454,27923,LA,
20954,15454,27923,EMEA,
20955,15454,27923,AP,
20956,15571,28757,NA,
20957,15571,28757,LA,
20958,15571,28757,EMEA,
20959,15571,28757,AP,
20960,15583,28943,NA,
20961,16140,35333,,
20962,16198,36066,,
20963,16231,36280,NA,
20964,16231,36280,LA,
20965,16231,36280,EMEA,
20966,16231,36280,AP,
20967,16259,36527,NA,
20968,16259,36527,LA,
20969,16259,36527,EMEA,
20970,16259,36527,AP,
20971,16263,36531,NA,
20972,16263,36531,LA,
20973,16263,36531,EMEA,
20974,16263,36531,AP,
20975,16281,36713,NA,
20976,16281,36713,LA,
20977,16281,36713,EMEA,
20978,16281,36713,AP,
20979,16322,37028,NA,
20980,16322,37028,LA,
20981,16322,37028,EMEA,
20982,16322,37028,AP,
20983,16368,37445,,
20984,16432,38151,,
20985,16660,40045,NA,
20986,16660,40045,LA,
20987,16660,40045,EMEA,
20988,16660,40045,AP,
20989,16702,40364,,
20990,16804,41188,,
20991,16947,42206,,
20992,17490,44197,NA,
20993,17724,44876,NA,
20994,17724,44876,LA,
20995,17724,44876,EMEA,
20996,17724,44876,AP,
20997,17846,45867,,
20998,17926,46100,,
20999,17927,46101,,
21000,17928,46102,,
21001,17975,46456,AP,
21002,17976,46457,AP,
21003,18063,47165,NA,
21004,18063,47165,LA,
21005,18063,47165,EMEA,
21006,18063,47165,AP,
21007,17766,45324,,
21008,17767,45325,,
21009,17768,45326,,
21010,17769,45327,,
21011,17770,45329,,
21012,17771,45330,,
21013,15371,26839,LA,
21014,15373,26841,LA,
21015,15518,28442,NA,
21016,15541,28524,NA,Danville
21017,15542,28525,NA,
21018,15542,28525,LA,
21019,15542,28525,EMEA,
21020,15542,28525,AP,
21021,15868,31835,,
21022,15928,32411,,
21023,15996,33962,NA,
21024,16138,35332,NA,
21025,16138,35332,EMEA,
21026,16248,36433,EMEA,
21027,16382,37602,NA,
21028,16382,37602,LA,
21029,16382,37602,EMEA,
21030,16382,37602,AP,
21031,16478,38591,NA,
21032,16588,39527,,
21033,16782,41046,AP,Nippon Giant
21034,16870,41535,EMEA,
21035,17000,42398,,
21036,17083,42751,,
21037,17115,42892,NA,
21038,17212,43213,NA,
21039,17212,43213,LA,
21040,17212,43213,AP,
21041,17222,43237,NA,
21042,17325,43639,NA,
21043,17325,43639,LA,
21044,17325,43639,EMEA,
21045,17325,43639,AP,
21046,17442,44069,,
21047,17568,44344,NA,
21048,17568,44344,LA,
21049,17568,44344,EMEA,
21050,17568,44344,AP,
21051,18430,49529,LA,
21052,18480,50225,NA,
21053,18480,50225,LA,
21054,18480,50225,EMEA,
21055,18480,50225,AP,
21056,18362,49113,NA,Medicine Hat
21057,18362,49113,LA,
21058,18362,49113,EMEA,
21059,18362,49113,AP,
21060,18362,49113,NA,Napanee
21064,18362,49113,NA,Valleyfield
21068,18362,49113,NA,
21071,18362,49113,AP,Nippon Giant
21072,18558,50472,NA,
21073,18558,50472,LA,
21074,18558,50472,EMEA,
21075,18558,50472,AP,
21076,18559,50473,NA,
21077,18559,50473,LA,
21078,18559,50473,EMEA,
21079,18559,50473,AP,
21080,18560,50474,EMEA,Debica
21081,18560,50474,EMEA,Philippsburg
21082,18560,50474,EMEA,Luxembourg
21083,18560,50474,EMEA,Adapazari
21084,18560,50474,EMEA,Sava
21085,18560,50474,EMEA,Fulda
21086,18560,50474,EMEA,South Africa
21087,18560,50474,EMEA,Amiens South
21088,18560,50474,EMEA,Montlucon
21089,18560,50474,EMEA,Hanau
21090,18560,50474,EMEA,Wittlich
21091,18560,50474,EMEA,Fuerstenwalde
21092,18560,50474,EMEA,Riesa
21093,18560,50474,EMEA,Polymer-Technik Elbe GmbH
21094,18560,50474,EMEA,ICM*L
21095,18560,50474,EMEA,RCCE
21096,18560,50474,EMEA,Conbelts Bytom-SAEU
21097,18560,50474,EMEA,DRC Kauucuk
21098,18560,50474,EMEA,Empresa Industrial de Borracha SA-EIB
21099,18560,50474,EMEA,FTT Stomil Wolbrom SA
21100,18560,50474,EMEA,Geyer and Hosaja-Zak-ADY Gumowe w Mielcu-Sp. Zo.o
21101,18560,50474,EMEA,Hexpol - Berwin
21102,18560,50474,EMEA,Kabat Tyre
21103,18560,50474,EMEA,Kolsan
21104,18560,50474,EMEA,Kraiburg Austria GmbH and Co. KG
21105,18560,50474,EMEA,Marangoni S.p.A Rovereto
21106,18560,50474,EMEA,Marangoni S.p.A Hamburg
21107,18560,50474,EMEA,Matrax s.r.o.
21108,18560,50474,EMEA,Multiblend
21109,18560,50474,EMEA,Omya Uk Limited-Masterbatches
21110,18560,50474,EMEA,Ozka Lastik ve Kaucuk Inc.
21111,18560,50474,EMEA,Peintures Robin S.A-Paints /Cements
21112,18560,50474,EMEA,Phoenix Compound Technology Hamburg
21113,18560,50474,EMEA,Phoenix Compound Technology Waltershausen
21114,18560,50474,EMEA,ProPS s.r.o.
21115,18560,50474,EMEA,S and N Rubber¿
21116,18560,50474,EMEA,Socamont-S.A.
21117,18560,50474,EMEA,Stomil Poznan
21118,18560,50474,EMEA,Tecnogum
21119,18560,50474,EMEA,Vil Kaucuk San.ve Tic. Ltd Sti
21120,18560,50474,EMEA,Zaklady Chemiczne BOCHEM Sp. z o.o
21121,18560,50474,EMEA,Dudelange
21122,18564,50544,,
21123,18572,50635,,
21124,18574,50649,,
21125,18578,50804,,
21126,18580,50808,EMEA,
21127,18582,50811,AP,
21128,18583,50812,AP,
21129,18584,50813,,
21130,18590,50819,NA,
21131,18590,50819,LA,
21132,18591,50820,NA,
21133,18591,50820,LA,
21134,18592,50821,,
21135,18597,50890,NA,
21136,18597,50890,LA,
21137,18597,50890,EMEA,
21138,18597,50890,AP,
21139,18601,50921,NA,ICM*A
21140,18604,50951,NA,
21141,18604,50951,LA,
21142,18604,50951,EMEA,
21143,18604,50951,AP,Nippon Giant
21144,18609,50954,,
21145,18657,51080,,
21146,18658,51081,,
21147,18668,51147,,
21148,18672,51185,NA,
21149,18672,51185,LA,
21150,18672,51185,EMEA,
21151,18672,51185,AP,
21152,18690,51249,,
21153,15576,28807,,
21154,15590,29055,NA,
21155,15590,29055,LA,
21156,15590,29055,EMEA,
21157,15590,29055,AP,
21158,15632,29501,NA,
21159,15632,29501,LA,
21160,15632,29501,AP,
21161,15708,30212,NA,
21162,15708,30212,LA,
21163,15708,30212,EMEA,
21164,15708,30212,AP,
21165,15846,31533,,
21166,15848,31535,,
21167,15851,31538,,
21168,15858,31545,,
21169,15914,32221,,
21170,16102,35161,,
21171,16275,36673,NA,
21172,16275,36673,LA,
21173,16275,36673,EMEA,
21174,16275,36673,AP,
21175,16298,36789,NA,
21176,16298,36789,LA,
21177,16298,36789,EMEA,
21178,16298,36789,AP,
21179,16487,38727,NA,
21180,16490,38730,NA,
21181,16598,39617,,
21182,16661,40046,NA,
21183,16690,40299,NA,
21184,16728,40644,,
21185,16869,41534,NA,Medicine Hat
21186,16869,41534,LA,
21187,16869,41534,EMEA,
21188,16869,41534,AP,
21189,16869,41534,NA,Napanee
21193,16869,41534,NA,Valleyfield
21197,16869,41534,NA,
21199,16869,41534,EMEA,Debica
21203,16869,41534,EMEA,Philippsburg
21207,16869,41534,EMEA,Luxembourg
21211,16869,41534,EMEA,Adapazari
21215,16869,41534,EMEA,Sava
21219,16869,41534,EMEA,Izmit
21223,16869,41534,EMEA,Fulda
21227,16869,41534,EMEA,Wolverhampton
21231,16869,41534,EMEA,Amiens South
21235,16869,41534,EMEA,Montlucon
21239,16869,41534,EMEA,Hanau
21243,16869,41534,EMEA,Wittlich
21247,16869,41534,EMEA,Fuerstenwalde
21251,16869,41534,EMEA,Riesa
21255,16869,41534,EMEA,ICM*L
21259,16869,41534,EMEA,RCCE
21261,16882,41606,NA,
21262,16882,41606,LA,
21263,16882,41606,EMEA,
21264,16882,41606,AP,
21265,16907,41782,,
21266,17028,42519,NA,
21267,17028,42519,LA,
21268,17028,42519,EMEA,
21269,17028,42519,AP,
21270,17248,43397,,
21271,17337,43683,,
21272,17382,43832,,
21273,17452,44110,NA,
21274,17495,44229,NA,Medicine Hat
21275,17495,44229,AP,
21276,17495,44229,NA,Napanee
21278,17495,44229,NA,Valleyfield
21280,17495,44229,NA,
21281,17495,44229,AP,Thailand
21283,17495,44229,AP,Nippon Giant
21284,17510,44270,LA,
21285,17512,44272,LA,
21286,17514,44274,LA,
21287,17516,44276,LA,
21288,17772,45331,,
21289,17773,45332,,
21290,17774,45334,LA,
21291,17789,45459,,
21292,17790,45460,,
21293,17791,45464,EMEA,
21294,17792,45465,EMEA,
21295,17810,45616,,
21296,17824,45697,,
21297,17825,45698,,
21298,17826,45699,,
21299,15455,27924,AP,
21300,15456,27925,AP,
21301,15457,27926,AP,
21302,15592,29059,NA,
21303,15592,29059,LA,
21304,15592,29059,EMEA,
21305,15592,29059,AP,
21306,15706,30210,NA,
21307,15706,30210,LA,
21308,15706,30210,EMEA,
21309,15706,30210,AP,
21310,16169,35611,NA,
21311,16169,35611,LA,
21312,16304,36829,NA,
21313,16304,36829,LA,
21314,16304,36829,EMEA,
21315,16304,36829,AP,
21316,16331,37067,,
21317,16489,38729,NA,
21318,17863,45916,,
21319,17986,46557,NA,
21320,17986,46557,LA,
21321,17986,46557,EMEA,
21322,17986,46557,AP,
21323,17987,46558,EMEA,
21324,17988,46559,NA,
21325,17988,46559,LA,
21326,17988,46559,EMEA,
21327,17988,46559,AP,
21328,17990,46562,NA,
21329,17990,46562,LA,
21330,17990,46562,EMEA,
21331,17990,46562,AP,
21332,17991,46563,NA,
21333,17991,46563,LA,
21334,17991,46563,EMEA,
21335,17991,46563,AP,
21336,18133,47650,AP,
21337,18134,47651,AP,
21338,18254,48379,,
21339,18255,48380,,
21340,18256,48381,,
21341,18258,48384,,
21342,18259,48385,,
21343,18276,48431,,
21344,18700,51366,,
21345,18702,51370,,
21346,18718,51514,AP,
21347,18719,51515,AP,
21348,18734,51620,NA,
21349,18734,51620,LA,
21350,18734,51620,EMEA,
21351,18734,51620,AP,
21352,18747,51717,,
21353,18748,51718,,
21354,18749,51719,,
21355,18750,51720,NA,
21356,18772,51741,,
21357,18776,51786,,
21358,18777,51787,,
21359,18778,51788,,
21360,18822,52421,NA,
21361,18824,52424,AP,
21362,18826,52479,,
21363,18831,52538,,
21364,18832,52539,,
21365,18833,52540,,
21366,18834,52541,,
21367,18836,52544,NA,
21368,18836,52544,LA,
21369,18836,52544,AP,
21370,18838,52545,,
21371,18856,52730,,
21372,18857,52731,,
21373,18858,52732,,
21374,18859,52733,,
21375,15387,26941,EMEA,
21376,15477,28060,EMEA,
21377,15528,28454,NA,
21378,15557,28693,NA,
21379,15557,28693,LA,
21380,15597,29133,NA,
21381,15597,29133,LA,
21382,15597,29133,EMEA,
21383,15597,29133,AP,
21384,15602,29260,NA,
21385,15602,29260,LA,
21386,15602,29260,EMEA,
21387,15602,29260,AP,
21388,15838,31468,NA,
21389,15974,33639,NA,
21390,15974,33639,LA,
21391,15974,33639,EMEA,
21392,15974,33639,AP,
21393,16227,36276,,
21394,16310,36878,NA,
21395,16310,36878,LA,
21396,16310,36878,EMEA,Adapazari
21397,16310,36878,AP,
21400,16310,36878,EMEA,Izmit
21404,16310,36878,EMEA,
21405,16310,36878,AP,Nippon Giant
21406,16463,38468,,
21407,16538,38931,NA,
21408,16538,38931,LA,
21409,16538,38931,EMEA,
21410,16538,38931,AP,
21411,16552,39033,NA,
21412,16552,39033,LA,
21413,16592,39560,NA,
21414,16593,39561,NA,
21415,16675,40195,EMEA,
21416,16832,41291,,
21417,16846,41398,NA,
21418,16846,41398,LA,
21419,16846,41398,EMEA,
21420,16846,41398,AP,
21421,17160,43017,AP,
21422,17335,43681,,
21423,17518,44278,LA,
21424,17520,44280,LA,
21425,17522,44282,LA,
21426,17827,45700,,
21427,17832,45788,NA,
21428,17832,45788,LA,
21429,17832,45788,EMEA,
21430,17832,45788,AP,
21431,17836,45820,NA,Topeka
21432,17840,45861,,
21433,17841,45862,,
21434,17842,45863,,
21435,17843,45864,,
21436,17871,45956,,
21437,17904,46045,AP,
21438,17922,46095,NA,
21439,17922,46095,LA,
21440,17922,46095,EMEA,
21441,17922,46095,AP,
21442,17929,46103,,
21443,17936,46292,,
21444,15423,27471,,
21445,15449,27808,EMEA,
21446,15505,28144,NA,
21447,15505,28144,LA,
21448,15505,28144,EMEA,
21449,15505,28144,AP,
21450,15530,28456,NA,
21451,15531,28457,NA,
21452,15588,29053,NA,
21453,15588,29053,LA,
21454,15588,29053,EMEA,
21455,15588,29053,AP,
21456,15589,29054,NA,
21457,15589,29054,LA,
21458,15589,29054,EMEA,
21459,15589,29054,AP,
21460,15606,29274,NA,
21461,15606,29274,LA,
21462,15606,29274,EMEA,
21463,15606,29274,AP,
21464,15699,30203,NA,
21465,15699,30203,LA,
21466,15699,30203,EMEA,
21467,15699,30203,AP,
21468,15700,30204,NA,
21469,15700,30204,LA,
21470,15700,30204,EMEA,
21471,15700,30204,AP,
21472,15801,31108,NA,
21473,15887,32025,NA,
21474,15887,32025,LA,
21475,15887,32025,EMEA,
21476,15887,32025,AP,
21477,16064,34692,,
21478,16110,35168,,
21479,16458,38462,,
21480,16534,38927,NA,
21481,16534,38927,LA,
21482,16534,38927,EMEA,
21483,16534,38927,AP,
21484,16536,38929,NA,
21485,16536,38929,LA,
21486,16536,38929,EMEA,
21487,16536,38929,AP,
21488,16605,39678,NA,
21489,16605,39678,LA,
21490,16605,39678,EMEA,
21491,16605,39678,AP,
21492,16616,39787,NA,
21493,16719,40609,NA,
21494,16719,40609,EMEA,
21495,16760,40816,NA,
21496,16761,40817,NA,
21497,16792,41088,NA,
21498,16797,41114,NA,
21499,16797,41114,LA,
21500,16797,41114,EMEA,Adapazari
21501,16797,41114,AP,
21504,16797,41114,EMEA,Izmit
21506,16812,41200,NA,
21507,16932,42098,NA,
21508,16932,42098,LA,
21509,16932,42098,EMEA,
21510,16932,42098,AP,
21511,16999,42390,,
21512,17080,42739,NA,
21513,17080,42739,LA,
21514,17080,42739,EMEA,
21515,17080,42739,AP,
21516,17320,43624,,
21517,17438,44066,LA,
21518,17456,44114,,
21519,17482,44185,NA,
21520,17482,44185,LA,
21521,17482,44185,EMEA,
21522,17482,44185,AP,
21523,17821,45694,NA,
21524,17821,45694,LA,
21525,17821,45694,EMEA,
21526,17821,45694,AP,
21527,18860,52789,,
21528,18920,53309,NA,
21529,18920,53309,LA,
21530,18920,53309,AP,Nippon Giant
21531,18935,53390,NA,
21532,18935,53390,EMEA,
21533,18941,53396,NA,
21534,18941,53396,EMEA,
21535,18942,53397,NA,
21536,18942,53397,EMEA,
21537,18943,53398,NA,
21538,18943,53398,EMEA,
21539,18944,53399,NA,
21540,18944,53399,EMEA,
21541,18945,53400,NA,
21542,18945,53400,EMEA,
21543,18948,53407,NA,
21544,18948,53407,EMEA,
21545,18950,53409,NA,
21546,18950,53409,EMEA,
21547,18958,53477,,
21548,18986,54009,NA,
21549,18986,54009,LA,
21550,18986,54009,EMEA,
21551,18986,54009,AP,
21552,18994,54016,NA,
21553,18994,54016,LA,
21554,18994,54016,EMEA,
21555,18994,54016,AP,
21556,18996,54084,NA,
21557,18996,54084,LA,
21558,18996,54084,EMEA,
21559,18996,54084,AP,
21560,19262,58186,NA,
21561,19262,58186,LA,
21562,19262,58186,EMEA,
21563,19262,58186,AP,
21564,19319,59286,NA,
21565,19319,59286,EMEA,
21566,19320,59287,NA,
21567,19320,59287,EMEA,
21568,19321,59288,NA,
21569,19321,59288,EMEA,
21570,19548,61999,,
21571,19549,62000,,
21572,19615,62838,,
21573,19640,62991,NA,
21574,19640,62991,EMEA,
21575,19641,62992,NA,
21576,19641,62992,EMEA,
21577,19645,63038,,
21578,19664,63102,NA,
21579,19664,63102,LA,
21580,19664,63102,EMEA,
21581,19664,63102,AP,
21582,19690,63212,AP,
21583,19708,63230,LA,
21584,19721,63280,NA,
21585,19721,63280,LA,
21586,19721,63280,EMEA,
21587,19721,63280,AP,
21588,19724,63320,NA,Medicine Hat
21589,19724,63320,LA,
21590,19724,63320,AP,
21591,19724,63320,NA,Napanee
21594,19724,63320,NA,Valleyfield
21597,19724,63320,NA,Social Circle
21600,19724,63320,NA,Chem Niagara Falls
21603,19724,63320,NA,Other
21606,15354,26756,,
21607,15516,28431,NA,
21608,15516,28431,LA,
21609,15516,28431,EMEA,
21610,15516,28431,AP,
21611,15558,28744,NA,
21612,15558,28744,LA,
21613,15558,28744,EMEA,
21614,15558,28744,AP,
21615,15572,28758,NA,
21616,15572,28758,LA,
21617,15572,28758,EMEA,
21618,15572,28758,AP,
21619,16093,35042,NA,
21620,16093,35042,LA,
21621,16093,35042,EMEA,
21622,16093,35042,AP,
21623,16106,35165,,
21624,16347,37252,NA,
21625,16347,37252,LA,
21626,16347,37252,EMEA,
21627,16347,37252,AP,
21628,16350,37293,NA,
21629,16350,37293,LA,
21630,16350,37293,EMEA,
21631,16350,37293,AP,
21632,16455,38427,,
21633,16514,38880,NA,
21634,16533,38926,NA,
21635,16533,38926,LA,
21636,16533,38926,EMEA,
21637,16533,38926,AP,
21638,16688,40273,,
21639,16736,40651,,
21640,16800,41142,NA,
21641,16860,41472,,
21642,16886,41634,NA,
21643,16886,41634,LA,
21644,16886,41634,EMEA,
21645,16886,41634,AP,Nippon Giant
21646,17166,43033,,
21647,17219,43232,NA,
21648,17219,43232,LA,
21649,17219,43232,EMEA,
21650,17219,43232,AP,
21651,17316,43597,EMEA,
21652,17473,44151,,
21653,17502,44236,,
21654,17504,44237,NA,
21655,17524,44284,,
21656,17526,44286,,
21657,17966,46381,,
21658,17967,46382,,
21659,17974,46455,,
21660,17984,46530,NA,
21661,17984,46530,LA,
21662,17984,46530,EMEA,
21663,17984,46530,AP,
21664,18040,46937,NA,
21665,18040,46937,LA,
21666,18040,46937,EMEA,
21667,18040,46937,AP,
21668,18047,46945,NA,
21669,18048,47015,NA,
21670,18048,47015,LA,
21671,18048,47015,EMEA,
21672,18048,47015,AP,
21673,18049,47016,,
21674,18050,47017,,
21675,18065,47167,NA,
21676,18065,47167,LA,
21677,18065,47167,EMEA,
21678,18065,47167,AP,
21679,18076,47282,NA,
21680,18076,47282,LA,
21681,18076,47282,EMEA,
21682,18076,47282,AP,
21683,18100,47438,,
21684,18121,47599,,
21685,18122,47600,,
21686,18126,47643,NA,
21687,18126,47643,EMEA,
21688,18127,47644,NA,
21689,18127,47644,EMEA,
21690,18128,47645,AP,
21691,18129,47646,LA,
21692,18130,47647,AP,
21693,18131,47648,NA,
21694,18131,47648,LA,
21695,18132,47649,AP,
21696,18136,47685,NA,
21697,18136,47685,LA,
21698,18136,47685,EMEA,
21699,18136,47685,AP,
21700,18144,47752,LA,
21701,18145,47753,LA,
21702,18146,47754,LA,
21703,18155,47790,NA,
21704,18155,47790,LA,
21705,18155,47790,EMEA,
21706,18155,47790,AP,
21707,18163,47870,NA,
21708,18163,47870,LA,
21709,18163,47870,EMEA,Adapazari
21710,18163,47870,AP,
21713,18163,47870,EMEA,Izmit
21715,18166,47873,NA,
21716,18166,47873,LA,
21717,18166,47873,EMEA,
21718,18166,47873,AP,
21719,18167,47874,NA,
21720,18167,47874,LA,
21721,18167,47874,EMEA,
21722,18167,47874,AP,
21723,18168,47875,NA,
21724,18168,47875,LA,
21725,18168,47875,EMEA,
21726,18168,47875,AP,
21727,18169,47876,NA,
21728,18169,47876,LA,
21729,18169,47876,EMEA,
21730,18169,47876,AP,
21731,18180,47941,LA,
21732,18184,47949,NA,Medicine Hat
21733,18184,47949,NA,Napanee
21734,18184,47949,NA,Valleyfield
21735,18185,47950,NA,
21736,15349,26716,NA,
21737,15349,26716,LA,
21738,15349,26716,AP,
21739,15409,27123,NA,
21740,15409,27123,LA,
21741,15409,27123,EMEA,
21742,15409,27123,AP,Nippon Giant
21743,15533,28459,NA,
21744,15559,28745,,
21745,15560,28746,,
21746,15600,29258,NA,
21747,15600,29258,LA,
21748,15600,29258,EMEA,
21749,15600,29258,AP,
21750,15634,29503,,
21751,16097,35092,NA,
21752,16130,35281,EMEA,
21753,16240,36360,NA,
21754,16240,36360,LA,
21755,16240,36360,EMEA,
21756,16240,36360,AP,
21757,16282,36714,NA,
21758,16282,36714,LA,
21759,16282,36714,EMEA,
21760,16282,36714,AP,
21761,16312,36881,,
21762,16358,37300,NA,
21763,16358,37300,LA,
21764,16358,37300,EMEA,
21765,16358,37300,AP,
21766,16370,37447,,
21767,16662,40056,NA,
21768,16662,40056,LA,
21769,16662,40056,EMEA,
21770,16737,40652,,
21771,16740,40676,,
21772,16868,41533,NA,
21773,16868,41533,LA,
21774,16868,41533,EMEA,Debica
21775,16868,41533,AP,
21778,16868,41533,EMEA,Philippsburg
21782,16868,41533,EMEA,Luxembourg
21786,16868,41533,EMEA,Adapazari
21790,16868,41533,EMEA,Sava
21794,16868,41533,EMEA,Izmit
21798,16868,41533,EMEA,Fulda
21802,16868,41533,EMEA,Wolverhampton
21806,16868,41533,EMEA,
21807,16868,41533,AP,Nippon Giant
21810,16868,41533,EMEA,Amiens South
21814,16868,41533,EMEA,Montlucon
21818,16868,41533,EMEA,Hanau
21822,16868,41533,EMEA,Wittlich
21826,16868,41533,EMEA,Fuerstenwalde
21830,16868,41533,EMEA,Riesa
21834,16868,41533,EMEA,ICM*L
21838,16868,41533,EMEA,RCCE
21840,16989,42306,,
21841,17097,42809,NA,
21842,17097,42809,LA,
21843,17097,42809,EMEA,
21844,17097,42809,AP,
21845,17105,42849,NA,
21846,17105,42849,LA,
21847,17105,42849,EMEA,
21848,17105,42849,AP,
21849,17215,43216,,
21850,17305,43564,NA,
21851,17378,43828,,
21852,17388,43850,NA,
21853,17388,43850,LA,
21854,17388,43850,EMEA,
21855,17388,43850,AP,
21856,17907,46048,NA,
21857,17907,46048,LA,
21858,17907,46048,EMEA,
21859,17908,46049,NA,
21860,17908,46049,LA,
21861,17908,46049,EMEA,
21862,17938,46317,NA,
21863,18909,53297,,
21864,19013,54306,,
21865,19014,54307,,
21866,19015,54308,,
21867,19016,54309,,
21868,19058,54691,NA,
21869,19058,54691,EMEA,
21870,19062,54780,NA,
21871,19064,54782,NA,
21872,19096,55482,NA,
21873,19255,58179,NA,
21874,19255,58179,LA,
21875,19255,58179,EMEA,
21876,19255,58179,AP,
21877,19257,58181,NA,
21878,19257,58181,LA,
21879,19257,58181,EMEA,
21880,19257,58181,AP,
21881,19258,58182,NA,
21882,19258,58182,LA,
21883,19258,58182,AP,
21884,19259,58183,NA,
21885,19259,58183,LA,
21886,19259,58183,EMEA,
21887,19259,58183,AP,
21888,19260,58184,NA,
21889,19260,58184,LA,
21890,19260,58184,EMEA,
21891,19260,58184,AP,
21892,19261,58185,NA,
21893,19261,58185,LA,
21894,19261,58185,EMEA,
21895,19261,58185,AP,
21896,19263,58187,NA,
21897,19263,58187,LA,
21898,19263,58187,EMEA,
21899,19263,58187,AP,
21900,19264,58188,NA,
21901,19264,58188,LA,
21902,19264,58188,EMEA,
21903,19264,58188,AP,
21904,19380,60269,,
21905,19386,60355,NA,
21906,19386,60355,EMEA,
21907,19477,61353,,
21908,19594,62703,NA,
21909,19594,62703,LA,
21910,19594,62703,EMEA,
21911,19642,63029,NA,
21912,19642,63029,LA,
21913,19642,63029,EMEA,
21914,19642,63029,AP,
21915,19671,63190,NA,
21916,19671,63190,LA,
21917,19754,63866,NA,
21918,19754,63866,LA,
21919,19754,63866,EMEA,
21920,19754,63866,AP,
21921,19755,63867,NA,
21922,19755,63867,LA,
21923,19755,63867,EMEA,
21924,19755,63867,AP,
21925,19795,64210,,
21926,15391,26973,,
21927,15444,27710,NA,
21928,15936,32540,NA,
21929,16058,34643,NA,
21930,16058,34643,LA,
21931,16058,34643,EMEA,
21932,16058,34643,AP,
21933,16083,34984,NA,
21934,16083,34984,LA,
21935,16083,34984,EMEA,Adapazari
21936,16083,34984,AP,
21939,16083,34984,EMEA,Izmit
21943,16083,34984,EMEA,
21944,16083,34984,AP,Nippon Giant
21945,16157,35520,,
21946,16221,36211,NA,
21947,16221,36211,LA,
21948,16221,36211,EMEA,
21949,16221,36211,AP,
21950,16224,36243,NA,
21951,16224,36243,LA,
21952,16224,36243,EMEA,
21953,16224,36243,AP,
21954,16271,36663,NA,
21955,16271,36663,LA,
21956,16271,36663,EMEA,
21957,16271,36663,AP,
21958,16417,37915,,
21959,16456,38458,,
21960,16974,42279,NA,
21961,16975,42280,NA,
21962,16976,42281,NA,
21963,16977,42282,NA,
21964,16978,42283,NA,
21965,16979,42284,NA,
21966,16980,42285,NA,
21967,16981,42286,NA,
21968,16982,42287,NA,
21969,16983,42288,NA,
21970,16984,42289,NA,
21971,16985,42290,NA,
21972,16986,42291,NA,
21973,17205,43188,NA,
21974,17208,43209,,
21975,17281,43465,NA,
21976,17528,44288,,
21977,17530,44290,,
21978,17532,44292,,
21979,17534,44294,,
21980,18196,48075,NA,
21981,18196,48075,LA,
21982,18196,48075,EMEA,
21983,18196,48075,AP,
21984,18200,48103,NA,
21985,18200,48103,EMEA,
21986,18202,48105,NA,
21987,18202,48105,EMEA,
21988,18203,48106,NA,
21989,18203,48106,EMEA,
21990,18205,48108,NA,
21991,18205,48108,EMEA,
21992,18206,48109,NA,
21993,18206,48109,EMEA,
21994,18207,48110,NA,
21995,18207,48110,EMEA,
21996,18220,48147,,
21997,18236,48190,NA,
21998,18236,48190,LA,
21999,18236,48190,EMEA,
22000,18236,48190,AP,
22001,18237,48191,NA,
22002,18237,48191,LA,
22003,18237,48191,EMEA,
22004,18237,48191,AP,
22005,18239,48193,NA,
22006,18239,48193,LA,
22007,18239,48193,EMEA,
22008,18239,48193,AP,
22009,18240,48194,NA,
22010,18240,48194,LA,
22011,18240,48194,EMEA,
22012,18240,48194,AP,
22013,18241,48195,NA,
22014,18241,48195,LA,
22015,18241,48195,EMEA,
22016,18241,48195,AP,
22017,18242,48196,NA,
22018,18242,48196,LA,
22019,18242,48196,EMEA,
22020,18242,48196,AP,
22021,18243,48197,NA,
22022,18243,48197,LA,
22023,18243,48197,EMEA,
22024,18243,48197,AP,
22025,18294,48707,NA,
22026,18294,48707,LA,
22027,18294,48707,EMEA,
22028,18294,48707,AP,
22029,18299,48739,,
22030,18300,48741,NA,
22031,18302,48787,,
22032,18303,48788,,
22033,18306,48819,,
22034,18311,48883,EMEA,
22035,18313,48885,EMEA,
22036,18314,48886,EMEA,
22037,18336,48956,,
22038,18340,48986,,
22039,18344,49013,,
22040,18366,49155,NA,
22041,18366,49155,EMEA,
22042,18391,49424,EMEA,Adapazari
22043,18391,49424,EMEA,Izmit
22044,18391,49424,EMEA,DRC Kauucuk
22045,18391,49424,EMEA,Kolsan
22046,18391,49424,EMEA,Ozka Lastik ve Kaucuk Inc.
22047,18391,49424,EMEA,Vil Kaucuk San.ve Tic. Ltd Sti
22048,18392,49425,EMEA,Adapazari
22049,18392,49425,EMEA,Izmit
22050,18392,49425,EMEA,DRC Kauucuk
22051,18392,49425,EMEA,Kolsan
22052,18392,49425,EMEA,Ozka Lastik ve Kaucuk Inc.
22053,18392,49425,EMEA,Vil Kaucuk San.ve Tic. Ltd Sti
22054,15296,26516,,
22055,15499,28138,NA,
22056,15499,28138,LA,
22057,15499,28138,EMEA,
22058,15499,28138,AP,
22059,15500,28139,NA,
22060,15500,28139,LA,
22061,15500,28139,EMEA,
22062,15500,28139,AP,
22063,15650,29611,,
22064,15651,29612,NA,
22065,15681,30033,,
22066,15739,30441,,
22067,15930,32416,,
22068,16001,33969,,
22069,16235,36284,,
22070,16372,37451,NA,
22071,16372,37451,LA,
22072,16372,37451,EMEA,
22073,16372,37451,AP,
22074,16427,38037,NA,
22075,16454,38426,,
22076,16556,39064,NA,
22077,16556,39064,LA,
22078,16556,39064,EMEA,
22079,16556,39064,AP,
22080,16796,41113,,
22081,16798,41116,NA,
22082,16798,41116,LA,
22083,16798,41116,EMEA,Adapazari
22084,16798,41116,AP,
22087,16798,41116,EMEA,Izmit
22089,16844,41396,NA,
22090,16844,41396,LA,
22091,16844,41396,EMEA,
22092,16844,41396,AP,
22093,17239,43368,NA,
22094,17239,43368,LA,
22095,17239,43368,EMEA,
22096,17239,43368,AP,
22097,17294,43527,NA,
22098,17294,43527,LA,
22099,17294,43527,EMEA,
22100,17294,43527,AP,
22101,17367,43783,,
22102,17749,45124,,
22103,17881,45995,NA,
22104,17881,45995,LA,
22105,17881,45995,AP,
22106,18008,46702,LA,
22107,18341,48987,,
22108,18890,53088,,
22109,18949,53408,NA,
22110,18949,53408,EMEA,
22111,18951,53410,NA,
22112,18951,53410,EMEA,
22113,19152,56173,NA,
22114,19152,56173,LA,
22115,19152,56173,EMEA,
22116,19152,56173,AP,
22117,19220,57640,,
22118,19221,57641,,
22119,19253,58106,NA,
22120,19253,58106,LA,
22121,19253,58106,EMEA,
22122,19253,58106,AP,
22123,19590,62620,,
22124,20044,66429,,
22125,20046,66469,NA,
22126,20047,66470,NA,
22127,20054,66477,NA,
22128,20055,66478,NA,
22129,20056,66479,NA,
22130,20058,66480,NA,
22131,20059,66481,NA,
22132,20062,66486,NA,
22133,20062,66486,LA,
22134,20062,66486,EMEA,
22135,20062,66486,AP,
22136,20063,66487,NA,
22137,20063,66487,LA,
22138,20063,66487,EMEA,
22139,20063,66487,AP,
22140,20065,66525,,
22141,20066,66526,,
22142,20068,66530,,
22143,20069,66531,NA,
22144,20071,66533,NA,
22145,20071,66533,LA,
22146,20071,66533,EMEA,
22147,20071,66533,AP,
22148,20072,66565,EMEA,
22149,20074,66566,EMEA,
22150,20076,66569,,
22151,15408,27122,NA,
22152,15408,27122,LA,
22153,15408,27122,EMEA,
22154,15408,27122,AP,
22155,15482,28065,,
22156,15487,28070,,
22157,15758,30688,NA,
22158,15758,30688,LA,
22159,15758,30688,EMEA,
22160,15758,30688,AP,
22161,15882,32020,,
22162,15927,32410,,
22163,15932,32419,,
22164,16256,36471,NA,
22165,16256,36471,LA,
22166,16256,36471,EMEA,
22167,16256,36471,AP,
22168,16364,37340,NA,
22169,16515,38881,NA,
22170,16518,38884,NA,
22171,16520,38886,NA,
22172,16829,41267,NA,
22173,16829,41267,LA,
22174,16829,41267,EMEA,
22175,16829,41267,AP,
22176,16973,42274,,
22177,17019,42478,LA,
22178,17041,42540,,
22179,17185,43110,NA,
22180,17185,43110,EMEA,
22181,17194,43141,,
22182,17536,44296,,
22183,17538,44298,,
22184,17540,44300,,
22185,17542,44302,,
22186,17544,44304,,
22187,17557,44323,,
22188,17558,44324,,
22189,17559,44325,,
22190,17562,44328,,
22191,17718,44858,NA,
22192,17718,44858,LA,
22193,17718,44858,EMEA,
22194,17718,44858,AP,
22195,18389,49356,,
22196,18400,49475,NA,
22197,18400,49475,LA,
22198,18400,49475,EMEA,
22199,18400,49475,AP,
22200,18401,49476,NA,
22201,18401,49476,LA,
22202,18401,49476,EMEA,
22203,18401,49476,AP,
22204,18403,49478,NA,
22205,18403,49478,LA,
22206,18403,49478,EMEA,
22207,18403,49478,AP,
22208,18404,49479,NA,
22209,18404,49479,LA,
22210,18404,49479,EMEA,
22211,18404,49479,AP,
22212,18405,49480,NA,
22213,18405,49480,LA,
22214,18405,49480,EMEA,
22215,18405,49480,AP,
22216,18406,49481,NA,
22217,18406,49481,LA,
22218,18406,49481,EMEA,
22219,18406,49481,AP,
22220,18407,49482,NA,
22221,18407,49482,LA,
22222,18407,49482,EMEA,
22223,18407,49482,AP,
22224,18423,49521,,
22225,18424,49522,NA,
22226,18424,49522,LA,
22227,18424,49522,EMEA,
22228,18424,49522,AP,
22229,18426,49524,NA,
22230,18426,49524,LA,
22231,18426,49524,EMEA,
22232,18426,49524,AP,
22233,18428,49527,NA,
22234,18428,49527,LA,
22235,18428,49527,EMEA,
22236,18428,49527,AP,
22237,18429,49528,NA,
22238,18429,49528,LA,
22239,18429,49528,EMEA,
22240,18429,49528,AP,
22241,18431,49530,LA,
22242,18432,49532,NA,
22243,18432,49532,LA,
22244,18432,49532,EMEA,
22245,18432,49532,AP,
22246,18442,49570,EMEA,
22247,18444,49577,,
22248,18450,49694,NA,
22249,18450,49694,LA,
22250,18450,49694,EMEA,
22251,18450,49694,AP,
22252,18468,50000,,
22253,18473,50038,NA,
22254,18473,50038,LA,
22255,18473,50038,EMEA,
22256,18473,50038,AP,
22257,18490,50306,NA,
22258,18490,50306,LA,
22259,18490,50306,EMEA,
22260,18490,50306,AP,
22261,18495,50310,AP,
22262,18501,50316,AP,
22263,18503,50318,AP,
22264,18508,50323,AP,
22265,18514,50338,NA,
22266,18514,50338,LA,
22267,18514,50338,EMEA,
22268,18514,50338,AP,
22269,18524,50378,,
22270,18526,50380,,
22271,18528,50381,,
22272,18535,50417,NA,
22273,18535,50417,LA,
22274,18535,50417,EMEA,
22275,18535,50417,AP,
22276,15313,26588,,
22277,15625,29401,,
22278,15747,30569,,
22279,15857,31544,,
22280,16199,36067,,
22281,16247,36432,EMEA,
22282,16254,36468,NA,
22283,16262,36530,NA,
22284,16262,36530,LA,
22285,16262,36530,EMEA,
22286,16262,36530,AP,
22287,16273,36665,NA,
22288,16273,36665,LA,
22289,16273,36665,EMEA,
22290,16273,36665,AP,
22291,16542,38961,NA,
22292,16542,38961,LA,
22293,16542,38961,EMEA,Adapazari
22294,16542,38961,AP,
22297,16542,38961,EMEA,Izmit
22299,16580,39367,,
22300,16581,39368,,
22301,16813,41201,NA,
22302,16827,41265,NA,
22303,16827,41265,LA,
22304,16827,41265,EMEA,
22305,16827,41265,AP,
22306,17011,42451,,
22307,17018,42476,,
22308,17026,42497,NA,
22309,17026,42497,LA,
22310,17094,42771,,
22311,17186,43111,NA,
22312,17186,43111,EMEA,
22313,17207,43208,,
22314,17345,43690,,
22315,17415,43971,,
22316,17496,44230,NA,
22317,17496,44230,LA,
22318,17496,44230,AP,
22319,17634,44653,AP,
22320,17876,45990,EMEA,
22321,18072,47241,NA,
22322,18087,47363,NA,
22323,18087,47363,LA,
22324,18087,47363,EMEA,
22325,18087,47363,AP,
22326,18090,47366,,
22327,18091,47367,,
22328,18152,47788,,
22329,18904,53231,,
22330,18906,53294,EMEA,
22331,18907,53295,EMEA,
22332,18934,53389,NA,
22333,18934,53389,EMEA,
22334,18936,53391,NA,
22335,18936,53391,EMEA,
22336,18938,53393,NA,
22337,18938,53393,EMEA,
22338,18939,53394,NA,
22339,18939,53394,EMEA,
22340,18940,53395,NA,
22341,18940,53395,EMEA,
22342,18970,53643,NA,
22343,18970,53643,LA,
22344,18970,53643,EMEA,
22345,18970,53643,AP,
22346,18972,53646,NA,
22347,18972,53646,LA,
22348,18972,53646,EMEA,
22349,18972,53646,AP,
22350,19046,54595,NA,
22351,19046,54595,EMEA,
22352,19049,54598,NA,
22353,19049,54598,LA,
22354,19049,54598,EMEA,
22355,19049,54598,AP,
22356,19098,55490,,
22357,19128,55738,,
22358,19186,56782,,
22359,19188,56841,,
22360,19209,57310,EMEA,
22361,19210,57382,NA,
22362,19210,57382,LA,
22363,19210,57382,EMEA,Philippsburg
22364,19210,57382,AP,
22367,19210,57382,EMEA,Adapazari
22371,19210,57382,EMEA,Izmit
22375,19210,57382,EMEA,Fulda
22378,19210,57382,LA,Peru
22379,19210,57382,EMEA,
22384,19210,57382,AP,Thailand
22388,19210,57382,AP,Indonesia
22391,19210,57382,EMEA,Hanau
22395,19210,57382,EMEA,Wittlich
22399,19210,57382,EMEA,Fuerstenwalde
22403,19210,57382,EMEA,Riesa
22405,19316,59215,LA,
22406,19318,59285,NA,
22407,19412,60598,,
22408,19447,61005,,
22409,19504,61771,NA,
22410,19504,61771,LA,
22411,19504,61771,EMEA,
22412,19504,61771,AP,
22413,19588,62566,NA,
22414,19588,62566,LA,
22415,19588,62566,AP,
22416,19624,62970,,
22417,19728,63397,EMEA,
22418,19732,63450,NA,
22419,19732,63450,LA,
22420,19732,63450,EMEA,
22421,19732,63450,AP,
22422,19738,63459,,
22423,15366,26834,,
22424,15400,27023,NA,
22425,15562,28748,,
22426,15563,28749,,
22427,15564,28750,,
22428,15565,28751,,
22429,15566,28752,,
22430,15617,29392,,
22431,15618,29393,,
22432,15622,29398,,
22433,15701,30205,NA,
22434,15701,30205,LA,
22435,15701,30205,EMEA,
22436,15701,30205,AP,
22437,15712,30263,,
22438,15776,30855,NA,
22439,15776,30855,LA,
22440,15776,30855,EMEA,
22441,15776,30855,AP,
22442,15950,33310,NA,
22443,15950,33310,LA,
22444,15950,33310,AP,
22445,15999,33967,,
22446,16103,35162,,
22447,16104,35163,,
22448,16348,37291,NA,
22449,16348,37291,LA,
22450,16348,37291,EMEA,
22451,16348,37291,AP,
22452,16529,38894,,
22453,16546,38995,NA,
22454,16546,38995,LA,
22455,16604,39677,NA,
22456,16639,39903,NA,
22457,16639,39903,LA,
22458,16639,39903,EMEA,
22459,16639,39903,AP,
22460,16650,40035,NA,
22461,16650,40035,LA,
22462,16650,40035,EMEA,
22463,16650,40035,AP,
22464,17035,42527,NA,
22465,17035,42527,LA,
22466,17035,42527,EMEA,Adapazari
22467,17035,42527,AP,
22470,17035,42527,EMEA,Izmit
22472,17082,42750,,
22473,17179,43101,LA,
22474,17238,43367,NA,
22475,17238,43367,LA,
22476,17238,43367,EMEA,
22477,17238,43367,AP,
22478,17258,43427,NA,
22479,17258,43427,EMEA,
22480,17338,43684,,
22481,17341,43686,,
22482,17379,43829,,
22483,17498,44232,,
22484,17593,44461,NA,
22485,17593,44461,LA,
22486,17593,44461,EMEA,
22487,17593,44461,AP,
22488,18537,50419,NA,
22489,18537,50419,LA,
22490,18537,50419,EMEA,
22491,18537,50419,AP,
22492,18539,50421,NA,
22493,18539,50421,LA,
22494,18539,50421,EMEA,
22495,18539,50421,AP,
22496,18544,50426,NA,
22497,18544,50426,LA,
22498,18544,50426,EMEA,
22499,18544,50426,AP,
22500,18550,50433,NA,
22501,18550,50433,LA,
22502,18550,50433,EMEA,
22503,18550,50433,AP,
22504,18554,50468,,
22505,18562,50509,NA,
22506,18562,50509,LA,
22507,18562,50509,AP,
22508,18567,50548,NA,
22509,18567,50548,LA,
22510,18567,50548,EMEA,
22511,18567,50548,AP,
22512,18570,50624,LA,
22513,18570,50624,EMEA,
22514,18570,50624,AP,
22515,18586,50815,EMEA,
22516,18587,50816,EMEA,
22517,18588,50817,,
22518,18602,50922,,
22519,18606,50952,NA,
22520,18606,50952,LA,
22521,18606,50952,EMEA,
22522,18606,50952,AP,
22523,18620,50989,EMEA,
22524,18622,50991,EMEA,
22525,18623,50992,EMEA,
22526,18625,50994,EMEA,
22527,18627,50996,EMEA,
22528,18629,50998,EMEA,
22529,18631,51000,EMEA,
22530,18633,51002,EMEA,
22531,18635,51004,EMEA,
22532,18637,51006,EMEA,
22533,18640,51012,NA,
22534,18640,51012,LA,
22535,18674,51187,NA,
22536,18675,51188,NA,
22537,18676,51189,NA,
22538,18684,51222,,
22539,18688,51225,,
22540,15524,28451,NA,
22541,15579,28886,,
22542,15808,31218,EMEA,
22543,15811,31221,NA,
22544,15811,31221,LA,
22545,15811,31221,EMEA,
22546,15811,31221,AP,
22547,15834,31414,LA,
22548,15856,31543,,
22549,16006,33974,NA,
22550,16059,34644,NA,
22551,16059,34644,LA,
22552,16059,34644,EMEA,
22553,16059,34644,AP,
22554,16230,36279,NA,
22555,16230,36279,LA,
22556,16230,36279,EMEA,
22557,16230,36279,AP,
22558,16252,36467,NA,
22559,16366,37415,NA,
22560,16366,37415,LA,
22561,16366,37415,EMEA,
22562,16366,37415,AP,
22563,16402,37728,NA,
22564,16402,37728,LA,
22565,16402,37728,EMEA,
22566,16402,37728,AP,
22567,16667,40109,EMEA,
22568,16668,40110,NA,
22569,16668,40110,LA,
22570,16668,40110,EMEA,
22571,16668,40110,AP,
22572,16820,41233,,
22573,16958,42231,NA,
22574,16958,42231,LA,
22575,16958,42231,EMEA,
22576,16958,42231,AP,
22577,17012,42469,NA,
22578,17012,42469,LA,
22579,17047,42560,,
22580,17070,42715,NA,
22581,17070,42715,LA,
22582,17070,42715,EMEA,
22583,17070,42715,AP,
22584,17167,43037,AP,
22585,17173,43074,,
22586,17700,44817,,
22587,17858,45910,NA,
22588,17858,45910,LA,
22589,17858,45910,EMEA,
22590,17858,45910,AP,
22591,17861,45913,NA,
22592,17861,45913,LA,
22593,17861,45913,EMEA,
22594,17861,45913,AP,
22595,18348,49018,,
22596,18977,53658,,
22597,19010,54236,EMEA,Adapazari
22598,19010,54236,EMEA,Izmit
22599,19011,54237,NA,Napanee
22600,19011,54237,EMEA,
22601,19011,54237,NA,Valleyfield
22603,19034,54572,NA,
22604,19034,54572,LA,
22605,19034,54572,EMEA,
22606,19034,54572,AP,
22607,19050,54599,NA,
22608,19050,54599,EMEA,
22609,19051,54600,NA,
22610,19051,54600,EMEA,
22611,19056,54689,NA,
22612,19056,54689,EMEA,
22613,19057,54690,NA,
22614,19057,54690,EMEA,
22615,19175,56526,NA,
22616,19175,56526,LA,
22617,19175,56526,EMEA,
22618,19175,56526,AP,
22619,19234,57799,NA,
22620,19310,59058,NA,
22621,19310,59058,LA,
22622,19310,59058,EMEA,
22623,19322,59559,NA,
22624,19322,59559,LA,
22625,19322,59559,EMEA,
22626,19322,59559,AP,
22627,19349,59784,NA,
22628,19349,59784,EMEA,
22629,19366,59992,,
22630,19479,61536,NA,
22631,19480,61537,NA,
22632,19512,61872,EMEA,
22633,19514,61873,NA,
22634,19514,61873,LA,
22635,19514,61873,EMEA,Adapazari
22638,19514,61873,EMEA,Izmit
22639,19516,61875,EMEA,
22640,19544,61993,EMEA,Adapazari
22641,19544,61993,AP,
22642,19544,61993,EMEA,Izmit
22644,19545,61994,AP,
22645,19581,62497,,
22646,19742,63580,EMEA,
22647,19775,64005,NA,
22648,19775,64005,EMEA,
22649,19779,64009,NA,
22650,19779,64009,EMEA,
22651,19820,64360,,
22652,19836,64527,NA,
22653,19870,64737,,
22654,19872,64807,NA,
22655,19872,64807,LA,
22656,19872,64807,EMEA,
22657,19872,64807,AP,
22658,19876,64810,NA,
22659,19876,64810,LA,
22660,19876,64810,EMEA,
22661,19876,64810,AP,
22662,19877,64811,NA,
22663,19877,64811,LA,
22664,19877,64811,EMEA,
22665,19877,64811,AP,
22666,19882,64910,,
22667,15317,26592,,
22668,15318,26593,,
22669,15544,28527,NA,
22670,15544,28527,LA,
22671,15544,28527,EMEA,
22672,15544,28527,AP,
22673,15680,30032,,
22674,15688,30088,,
22675,15792,31096,NA,
22676,15792,31096,LA,
22677,15792,31096,EMEA,
22678,15792,31096,AP,
22679,15830,31410,LA,
22680,15860,31762,NA,
22681,15860,31762,LA,
22682,15860,31762,EMEA,
22683,15860,31762,AP,
22684,15911,32161,,
22685,15940,32667,,
22686,15943,32670,NA,
22687,15943,32670,LA,
22688,15943,32670,EMEA,
22689,15943,32670,AP,
22690,16341,37245,NA,
22691,16341,37245,LA,
22692,16341,37245,EMEA,
22693,16341,37245,AP,
22694,16615,39786,NA,
22695,16615,39786,EMEA,
22696,16618,39789,NA,
22697,16677,40198,NA,
22698,16677,40198,EMEA,
22699,16710,40490,NA,
22700,16710,40490,LA,
22701,16710,40490,EMEA,
22702,16710,40490,AP,
22703,16730,40645,,
22704,16731,40646,,
22705,16825,41263,NA,
22706,16825,41263,LA,
22707,16825,41263,EMEA,
22708,16825,41263,AP,
22709,16828,41266,NA,
22710,16828,41266,LA,
22711,16828,41266,EMEA,
22712,16828,41266,AP,
22713,16835,41294,,
22714,17132,42956,NA,
22715,17165,43024,NA,
22716,17165,43024,LA,
22717,17165,43024,EMEA,
22718,17165,43024,AP,
22719,17232,43335,NA,
22720,17232,43335,LA,
22721,17232,43335,EMEA,
22722,17232,43335,AP,
22723,17385,43835,,
22724,17451,44100,,
22725,17500,44234,,
22726,17574,44363,LA,
22727,18694,51285,NA,
22728,18694,51285,LA,
22729,18694,51285,EMEA,
22730,18694,51285,AP,
22731,18697,51324,,
22732,18705,51404,,
22733,18706,51405,NA,
22734,18706,51405,LA,
22735,18706,51405,EMEA,
22736,18706,51405,AP,
22737,18714,51460,,
22738,18715,51461,,
22739,18716,51463,,
22740,18720,51516,AP,
22741,18726,51611,NA,
22742,18726,51611,LA,
22743,18726,51611,EMEA,
22744,18726,51611,AP,
22745,18728,51613,,
22746,18735,51621,NA,
22747,18735,51621,LA,
22748,18735,51621,EMEA,
22749,18735,51621,AP,
22750,18736,51622,,
22751,18738,51668,,
22752,18741,51670,,
22753,18742,51671,,
22754,18743,51672,,
22755,18745,51674,,
22756,15295,26515,NA,
22757,15295,26515,LA,
22758,15295,26515,EMEA,
22759,15295,26515,AP,
22760,15336,26650,NA,
22761,15507,28146,NA,
22762,15507,28146,LA,
22763,15507,28146,EMEA,
22764,15507,28146,AP,
22765,15694,30198,NA,
22766,15694,30198,LA,
22767,15694,30198,EMEA,
22768,15694,30198,AP,
22769,15704,30208,NA,
22770,15704,30208,LA,
22771,15704,30208,EMEA,
22772,15704,30208,AP,
22773,16048,34523,NA,
22774,16048,34523,LA,
22775,16048,34523,EMEA,
22776,16053,34528,NA,
22777,16053,34528,LA,
22778,16053,34528,EMEA,
22779,16056,34592,EMEA,
22780,16090,35040,NA,
22781,16090,35040,LA,
22782,16090,35040,EMEA,
22783,16090,35040,AP,
22784,16099,35095,,
22785,16118,35222,,
22786,16127,35278,,
22787,16396,37687,NA,
22788,16406,37759,NA,
22789,16406,37759,EMEA,
22790,16483,38648,NA,
22791,16483,38648,LA,
22792,16483,38648,EMEA,
22793,16483,38648,AP,
22794,16510,38877,NA,
22795,16606,39703,,
22796,16652,40037,,
22797,16904,41779,NA,
22798,16904,41779,LA,
22799,16904,41779,EMEA,
22800,16904,41779,AP,
22801,17030,42520,,
22802,17067,42676,,
22803,17074,42725,,
22804,17133,42960,NA,
22805,17180,43104,NA,
22806,17180,43104,LA,
22807,17180,43104,EMEA,
22808,17180,43104,AP,
22809,17671,44770,,
22810,18346,49015,NA,
22811,18346,49015,LA,
22812,18346,49015,EMEA,
22813,18346,49015,AP,
22814,18349,49019,,
22815,18350,49020,,
22816,18352,49022,,
22817,18353,49023,,
22818,18358,49083,,
22819,18947,53402,,
22820,18962,53484,,
22821,19071,54868,NA,
22822,19071,54868,LA,
22823,19071,54868,EMEA,
22824,19071,54868,AP,
22825,19072,54873,NA,
22826,19072,54873,LA,
22827,19072,54873,EMEA,
22828,19072,54873,AP,
22829,19237,57872,NA,
22830,19237,57872,LA,
22831,19239,57874,NA,
22832,19239,57874,LA,
22833,19240,57875,NA,
22834,19240,57875,LA,
22835,19242,57877,NA,
22836,19242,57877,LA,
22837,19249,57968,NA,
22838,19249,57968,LA,
22839,19251,57970,NA,
22840,19251,57970,LA,
22841,19362,59988,NA,
22842,19364,59990,NA,
22843,19404,60586,NA,
22844,19404,60586,LA,
22845,19404,60586,EMEA,
22846,19404,60586,AP,
22847,19420,60738,NA,
22848,19420,60738,LA,
22849,19420,60738,EMEA,
22850,19421,60739,NA,
22851,19421,60739,LA,
22852,19421,60739,EMEA,
22853,19421,60739,AP,
22854,19422,60740,,
22855,19423,60741,,
22856,19424,60742,,
22857,19497,61765,NA,
22858,19550,62003,NA,
22859,19550,62003,LA,
22860,19550,62003,EMEA,
22861,19550,62003,AP,
22862,19551,62004,NA,
22863,19551,62004,LA,
22864,19551,62004,EMEA,
22865,19551,62004,AP,
22866,19552,62005,NA,
22867,19552,62005,LA,
22868,19552,62005,EMEA,
22869,19552,62005,AP,
22870,19553,62006,NA,
22871,19553,62006,LA,
22872,19553,62006,EMEA,
22873,19553,62006,AP,
22874,19554,62007,NA,
22875,19554,62007,LA,
22876,19554,62007,EMEA,
22877,19554,62007,AP,
22878,19804,64257,,
22879,19805,64258,,
22880,19806,64259,,
22881,19832,64488,NA,
22882,19832,64488,LA,
22883,19832,64488,EMEA,
22884,19832,64488,AP,
22885,19930,65182,,
22886,19931,65183,,
22887,15481,28064,,
22888,15483,28066,,
22889,15506,28145,NA,
22890,15506,28145,LA,
22891,15506,28145,EMEA,
22892,15506,28145,AP,
22893,15535,28461,NA,
22894,15550,28584,NA,
22895,15584,28954,NA,
22896,15585,28955,,
22897,15598,29134,LA,Venezuela
22898,15642,29517,,
22899,15649,29567,,
22900,15771,30800,,
22901,15850,31537,,
22902,15854,31541,,
22903,16028,34189,NA,
22904,16314,36924,,
22905,16466,38471,NA,
22906,16466,38471,LA,
22907,16466,38471,AP,Nippon Giant
22908,16469,38503,NA,
22909,16469,38503,LA,
22910,16469,38503,AP,
22911,16599,39618,,
22912,16601,39648,,
22913,16699,40331,,
22914,16774,40906,,
22915,16778,40959,NA,
22916,16778,40959,LA,
22917,16778,40959,EMEA,Adapazari
22918,16778,40959,AP,
22921,16778,40959,EMEA,Izmit
22924,16778,40959,LA,Peru
22925,16778,40959,EMEA,
22930,16778,40959,AP,Thailand
22934,16778,40959,AP,Indonesia
22935,16901,41776,,
22936,17084,42752,,
22937,17106,42865,,
22938,17228,43313,NA,
22939,17228,43313,LA,
22940,17228,43313,EMEA,
22941,17228,43313,AP,
22942,17576,44365,LA,
22943,17578,44367,LA,
22944,17580,44369,LA,
22945,18787,51896,EMEA,
22946,18788,51897,NA,
22947,18788,51897,LA,
22948,18788,51897,EMEA,
22949,18788,51897,AP,
22950,18790,51899,NA,
22951,18790,51899,LA,
22952,18790,51899,EMEA,
22953,18790,51899,AP,
22954,18794,51953,,
22955,18800,52018,,
22956,18804,52070,,
22957,18806,52072,NA,
22958,18808,52073,,
22959,18818,52355,NA,
22960,18820,52420,AP,
22961,18827,52483,,
22962,18828,52484,,
22963,18998,54085,EMEA,
22964,19000,54086,AP,
22965,19312,59061,AP,
22966,19558,62010,NA,
22967,19558,62010,LA,
22968,19558,62010,EMEA,
22969,19558,62010,AP,
22970,19570,62396,,
22971,19633,62978,,
22972,19751,63710,NA,
22973,19751,63710,LA,
22974,19751,63710,AP,
22975,19774,64004,NA,
22976,19848,64573,NA,
22977,19848,64573,LA,
22978,19848,64573,EMEA,
22979,19848,64573,AP,
22980,19849,64574,NA,
22981,19849,64574,LA,
22982,19849,64574,EMEA,
22983,19849,64574,AP,
22984,19850,64575,NA,
22985,19850,64575,LA,
22986,19850,64575,EMEA,
22987,19850,64575,AP,
22988,19851,64576,NA,
22989,19851,64576,LA,
22990,19851,64576,EMEA,
22991,19851,64576,AP,
22992,19852,64577,NA,
22993,19852,64577,LA,
22994,19852,64577,EMEA,
22995,19852,64577,AP,
22996,19864,64693,NA,
22997,19864,64693,LA,
22998,19864,64693,EMEA,
22999,19864,64693,AP,
23000,19865,64694,NA,
23001,19865,64694,LA,
23002,19865,64694,EMEA,
23003,19865,64694,AP,
23004,19866,64695,NA,
23005,19866,64695,LA,
23006,19866,64695,EMEA,
23007,19866,64695,AP,
23008,19883,64911,EMEA,
23009,15306,26553,NA,
23010,15306,26553,LA,
23011,15306,26553,EMEA,
23012,15306,26553,AP,
23013,15315,26590,,
23014,15345,26693,,
23015,15426,27534,NA,
23016,15434,27645,NA,
23017,15434,27645,LA,
23018,15434,27645,EMEA,
23019,15434,27645,AP,Nippon Giant
23020,15896,32093,,
23021,15898,32095,,
23022,15912,32162,,
23023,15971,33572,NA,
23024,15971,33572,LA,
23025,15971,33572,EMEA,
23026,15971,33572,AP,
23027,16015,34170,NA,
23028,16015,34170,LA,
23029,16015,34170,EMEA,
23030,16015,34170,AP,
23031,16016,34171,NA,
23032,16016,34171,LA,
23033,16016,34171,EMEA,
23034,16016,34171,AP,
23035,16017,34172,NA,
23036,16017,34172,LA,
23037,16017,34172,EMEA,
23038,16017,34172,AP,
23039,16018,34173,NA,
23040,16018,34173,LA,
23041,16018,34173,EMEA,
23042,16018,34173,AP,
23043,16150,35475,NA,
23044,16177,35692,NA,
23045,16177,35692,LA,
23046,16177,35692,EMEA,Adapazari
23047,16177,35692,AP,
23050,16177,35692,EMEA,Izmit
23052,16414,37879,EMEA,
23053,16596,39589,NA,
23054,16596,39589,LA,
23055,16596,39589,EMEA,
23056,16596,39589,AP,
23057,16610,39781,,
23058,16715,40495,NA,
23059,16715,40495,LA,
23060,16715,40495,EMEA,
23061,16715,40495,AP,
23062,16752,40772,,
23063,16753,40773,,
23064,16840,41323,AP,Malaysia
23065,16840,41323,AP,Thailand
23066,16840,41323,AP,Nippon Giant
23067,16840,41323,AP,Indonesia
23068,16840,41323,AP,Pulandian
23069,16906,41781,NA,
23070,16906,41781,LA,
23071,16906,41781,EMEA,
23072,16906,41781,AP,
23073,17088,42762,NA,
23074,17088,42762,LA,
23075,17088,42762,EMEA,
23076,17088,42762,AP,
23077,17113,42877,,
23078,17124,42905,NA,
23079,17124,42905,LA,
23080,17124,42905,EMEA,
23081,17124,42905,AP,
23082,17192,43138,,
23083,17310,43579,NA,
23084,17310,43579,LA,
23085,17310,43579,EMEA,
23086,17310,43579,AP,
23087,17332,43668,EMEA,
23088,17332,43668,AP,
23089,18312,48884,EMEA,
23090,18924,53321,NA,
23091,18924,53321,LA,
23092,18924,53321,EMEA,
23093,18924,53321,AP,
23094,18960,53482,,
23095,18961,53483,,
23096,19031,54569,NA,
23097,19031,54569,LA,
23098,19031,54569,EMEA,
23099,19031,54569,AP,
23100,19040,54586,NA,
23101,19041,54587,NA,
23102,19043,54589,NA,
23103,19047,54596,NA,
23104,19047,54596,LA,
23105,19047,54596,EMEA,
23106,19047,54596,AP,
23107,19048,54597,NA,
23108,19048,54597,LA,
23109,19048,54597,EMEA,
23110,19048,54597,AP,
23111,19084,55052,,
23112,19110,55578,,
23113,19116,55650,NA,
23114,19116,55650,LA,
23115,19116,55650,EMEA,Adapazari
23116,19116,55650,AP,
23119,19116,55650,EMEA,Izmit
23123,19116,55650,EMEA,Fulda
23126,19116,55650,LA,Peru
23127,19116,55650,EMEA,
23132,19116,55650,AP,Thailand
23136,19116,55650,AP,Indonesia
23139,19116,55650,EMEA,Hanau
23143,19116,55650,EMEA,Wittlich
23147,19116,55650,EMEA,Fuerstenwalde
23151,19116,55650,EMEA,Riesa
23153,19117,55651,NA,
23154,19117,55651,LA,
23155,19117,55651,EMEA,Adapazari
23156,19117,55651,AP,
23159,19117,55651,EMEA,Izmit
23163,19117,55651,EMEA,Fulda
23166,19117,55651,LA,Peru
23167,19117,55651,EMEA,
23172,19117,55651,AP,Thailand
23176,19117,55651,AP,Indonesia
23179,19117,55651,EMEA,Hanau
23183,19117,55651,EMEA,Wittlich
23187,19117,55651,EMEA,Fuerstenwalde
23191,19117,55651,EMEA,Riesa
23193,19118,55652,NA,
23194,19118,55652,LA,
23195,19118,55652,EMEA,Adapazari
23196,19118,55652,AP,
23199,19118,55652,EMEA,Izmit
23203,19118,55652,EMEA,Fulda
23206,19118,55652,LA,Peru
23207,19118,55652,EMEA,
23212,19118,55652,AP,Thailand
23216,19118,55652,AP,Indonesia
23219,19118,55652,EMEA,Hanau
23223,19118,55652,EMEA,Wittlich
23227,19118,55652,EMEA,Fuerstenwalde
23231,19118,55652,EMEA,Riesa
23233,19121,55655,NA,
23234,19121,55655,LA,
23235,19121,55655,EMEA,
23236,19121,55655,AP,
23237,19123,55657,NA,
23238,19123,55657,LA,
23239,19123,55657,EMEA,
23240,19123,55657,AP,Thailand
23244,19123,55657,AP,Indonesia
23245,19149,55898,,
23246,19166,56250,NA,
23247,19166,56250,EMEA,
23248,19206,57307,EMEA,
23249,19241,57876,NA,
23250,19241,57876,LA,
23251,19243,57878,NA,
23252,19243,57878,LA,
23253,19461,61142,,
23254,19496,61764,,
23255,15348,26715,NA,
23256,15431,27602,NA,
23257,15431,27602,LA,
23258,15431,27602,EMEA,
23259,15431,27602,AP,Nippon Giant
23260,15443,27704,AP,
23261,15448,27807,NA,
23262,15448,27807,LA,
23263,15448,27807,EMEA,
23264,15448,27807,AP,
23265,15596,29132,AP,Indonesia
23266,15884,32021,,
23267,16013,34168,NA,
23268,16013,34168,LA,
23269,16013,34168,EMEA,
23270,16013,34168,AP,
23271,16014,34169,NA,
23272,16014,34169,LA,
23273,16014,34169,EMEA,
23274,16014,34169,AP,
23275,16045,34419,,
23276,16072,34880,,
23277,16324,37030,NA,
23278,16324,37030,LA,
23279,16324,37030,EMEA,
23280,16324,37030,AP,
23281,16590,39534,NA,
23282,16591,39535,NA,
23283,16725,40641,,
23284,16727,40643,,
23285,16735,40650,,
23286,16749,40769,NA,
23287,16772,40854,NA,
23288,16772,40854,LA,
23289,16772,40854,EMEA,
23290,16772,40854,AP,
23291,16807,41193,,
23292,16811,41199,NA,
23293,17404,43935,NA,
23294,17477,44171,,
23295,17499,44233,,
23296,17506,44241,,
23297,17582,44371,LA,
23298,17596,44464,NA,
23299,17596,44464,LA,
23300,17596,44464,EMEA,
23301,17596,44464,AP,
23302,17612,44543,NA,
23303,17624,44607,NA,
23304,17624,44607,LA,
23305,17624,44607,EMEA,
23306,17624,44607,AP,
23307,17628,44623,,
23308,18888,53085,,
23309,19028,54561,NA,
23310,19028,54561,EMEA,
23311,19036,54582,NA,
23312,19036,54582,LA,
23313,19036,54582,EMEA,
23314,19036,54582,AP,
23315,19060,54774,,
23316,19061,54775,,
23317,19568,62354,LA,
23318,19568,62354,EMEA,
23319,19568,62354,AP,Thailand
23320,19698,63220,LA,
23321,19730,63400,,
23322,19932,65184,,
23323,19944,65291,,
23324,19977,65868,NA,
23325,19977,65868,LA,
23326,19977,65868,EMEA,
23327,19977,65868,AP,
23328,20007,66156,NA,
23329,20008,66157,NA,
23330,20024,66238,,
23331,20026,66240,,
23332,20031,66319,,
23333,20037,66391,EMEA,Adapazari
23334,20037,66391,EMEA,Izmit
23335,20049,66472,NA,
23336,20049,66472,LA,
23337,20049,66472,EMEA,
23338,20049,66472,AP,
23339,20050,66473,NA,
23340,20050,66473,LA,
23341,20050,66473,EMEA,
23342,20050,66473,AP,
23343,20051,66474,NA,
23344,20051,66474,LA,
23345,20051,66474,EMEA,
23346,20051,66474,AP,
23347,20052,66475,NA,
23348,20052,66475,LA,
23349,20052,66475,EMEA,
23350,20052,66475,AP,
23351,20053,66476,NA,
23352,20078,66608,EMEA,
23353,20082,66610,,
23354,20083,66611,,
23355,15381,26900,NA,
23356,15818,31228,NA,
23357,15818,31228,LA,
23358,15818,31228,EMEA,
23359,15818,31228,AP,
23360,15826,31400,NA,
23361,15826,31400,LA,
23362,15826,31400,EMEA,
23363,15826,31400,AP,
23364,15952,33312,,
23365,15982,33831,NA,
23366,15990,33895,NA,
23367,16032,34292,NA,
23368,16032,34292,LA,
23369,16032,34292,EMEA,
23370,16032,34292,AP,
23371,16074,34882,NA,
23372,16120,35228,NA,
23373,16120,35228,LA,
23374,16120,35228,EMEA,
23375,16120,35228,AP,
23376,16186,35949,NA,
23377,16186,35949,LA,
23378,16186,35949,EMEA,
23379,16186,35949,AP,
23380,16236,36311,NA,
23381,16236,36311,LA,
23382,16236,36311,EMEA,Adapazari
23383,16236,36311,AP,
23386,16236,36311,EMEA,Izmit
23390,16236,36311,EMEA,
23391,16236,36311,AP,Nippon Giant
23392,16317,36992,NA,
23393,16317,36992,LA,
23394,16317,36992,EMEA,
23395,16317,36992,AP,
23396,16383,37603,NA,
23397,16383,37603,LA,
23398,16383,37603,EMEA,
23399,16383,37603,AP,
23400,16401,37727,NA,
23401,16401,37727,LA,
23402,16401,37727,EMEA,
23403,16401,37727,AP,
23404,16473,38549,NA,
23405,16473,38549,LA,
23406,16473,38549,EMEA,
23407,16473,38549,AP,
23408,16481,38598,,
23409,17053,42578,,
23410,17055,42593,NA,
23411,17058,42605,,
23412,17120,42896,NA,
23413,17214,43215,,
23414,17355,43726,NA,
23415,17355,43726,EMEA,
23416,17440,44068,LA,
23417,17474,44169,EMEA,
23418,17626,44614,NA,
23419,17676,44775,,
23420,18896,53159,NA,
23421,18896,53159,LA,
23422,18929,53384,,
23423,19135,55816,,
23424,19136,55817,,
23425,19138,55820,NA,
23426,19138,55820,LA,
23427,19138,55820,EMEA,
23428,19138,55820,AP,
23429,19314,59143,NA,
23430,19314,59143,LA,
23431,19314,59143,EMEA,
23432,19314,59143,AP,
23433,19387,60356,NA,
23434,19387,60356,EMEA,
23435,19478,61535,NA,
23436,19481,61538,NA,
23437,19494,61762,NA,
23438,19494,61762,LA,
23439,19494,61762,EMEA,
23440,19494,61762,AP,
23441,19619,62884,,
23442,19709,63231,,
23443,19744,63624,,
23444,19780,64011,NA,
23445,19780,64011,LA,
23446,19780,64011,AP,
23450,19891,64947,NA,
23451,19891,64947,LA,
23452,19891,64947,EMEA,
23453,19891,64947,AP,
23454,19898,64954,,
23455,19899,64955,,
23456,19900,64989,,
23457,19904,64995,LA,
23458,19906,64996,,
23459,15410,27125,,
23460,15608,29330,,
23461,15612,29383,,
23462,15624,29400,,
23463,15783,31087,NA,Medicine Hat
23464,15783,31087,LA,
23465,15783,31087,EMEA,
23466,15783,31087,AP,
23467,15783,31087,NA,Napanee
23471,15783,31087,NA,Valleyfield
23475,15797,31104,NA,
23476,15816,31226,NA,
23477,15816,31226,LA,
23478,15816,31226,EMEA,
23479,15816,31226,AP,
23480,15817,31227,NA,
23481,15817,31227,LA,
23482,15817,31227,EMEA,
23483,15817,31227,AP,
23484,15901,32098,NA,
23485,15901,32098,LA,
23486,15901,32098,EMEA,
23487,15901,32098,AP,
23488,16092,35041,NA,
23489,16092,35041,LA,
23490,16092,35041,EMEA,
23491,16092,35041,AP,
23492,16137,35331,NA,
23493,16137,35331,EMEA,
23494,16264,36600,,
23495,16270,36662,NA,
23496,16462,38466,,
23497,16485,38653,NA,
23498,16485,38653,LA,
23499,16485,38653,EMEA,
23500,16485,38653,AP,
23501,16550,39031,NA,
23502,16550,39031,LA,
23503,16550,39031,EMEA,
23504,16550,39031,AP,
23505,17003,42403,,
23506,17176,43099,NA,
23507,17176,43099,LA,
23508,17176,43099,EMEA,
23509,17176,43099,AP,
23510,17226,43290,NA,
23511,17226,43290,LA,
23512,17226,43290,EMEA,
23513,17226,43290,AP,
23514,17234,43344,NA,
23515,17292,43491,LA,
23516,17300,43542,AP,
23517,17658,44724,EMEA,
23518,17720,44871,NA,
23519,17720,44871,LA,
23520,17720,44871,EMEA,
23521,17720,44871,AP,
23522,17733,44962,NA,
23523,17733,44962,LA,
23524,17733,44962,EMEA,
23525,17733,44962,AP,
23526,17744,45106,NA,
23527,17744,45106,LA,
23528,17746,45110,NA,
23529,17746,45110,LA,
23530,17746,45110,EMEA,
23531,17746,45110,AP,
23532,18318,48912,,
23533,18862,52794,,
23534,18866,52798,,
23535,18867,52799,,
23536,18878,52928,,
23537,18928,53383,,
23538,19158,56243,NA,
23539,19158,56243,EMEA,
23540,19190,56843,NA,
23541,19190,56843,LA,
23542,19190,56843,EMEA,
23543,19190,56843,AP,
23544,19332,59707,NA,
23545,19456,61014,NA,
23546,19456,61014,EMEA,
23547,19457,61015,NA,
23548,19457,61015,EMEA,
23549,19458,61076,NA,
23550,19458,61076,LA,
23551,19458,61076,EMEA,
23552,19458,61076,AP,
23553,19463,61146,NA,
23554,19463,61146,LA,
23555,19586,62502,NA,
23556,19610,62798,EMEA,
23557,19612,62835,NA,
23558,19612,62835,LA,
23559,19612,62835,AP,
23560,19614,62837,,
23561,19622,62926,,
23562,19638,62985,NA,
23563,19638,62985,EMEA,
23564,15390,26972,NA,
23565,15390,26972,LA,
23566,15390,26972,EMEA,Adapazari
23567,15390,26972,AP,
23570,15390,26972,EMEA,Izmit
23574,15390,26972,EMEA,
23575,15390,26972,AP,Nippon Giant
23579,15390,26972,AP,Pulandian
23580,15526,28452,NA,
23581,15878,31951,NA,
23582,15878,31951,LA,
23583,15878,31951,EMEA,
23584,15878,31951,AP,
23585,15907,32157,,
23586,16113,35171,,
23587,16394,37645,,
23588,16568,39293,NA,
23589,16568,39293,LA,
23590,16568,39293,AP,
23591,16607,39704,,
23592,16611,39782,,
23593,16649,40034,NA,
23594,16649,40034,LA,
23595,16649,40034,EMEA,
23596,16649,40034,AP,
23597,16653,40038,NA,
23598,16658,40043,NA,
23599,16658,40043,LA,
23600,16658,40043,EMEA,
23601,16658,40043,AP,
23602,16679,40200,NA,
23603,16680,40201,NA,
23604,16711,40491,NA,
23605,16711,40491,LA,
23606,16711,40491,EMEA,
23607,16711,40491,AP,
23608,16934,42120,NA,
23609,16935,42121,NA,
23610,16964,42242,NA,
23611,16964,42242,LA,
23612,16964,42242,EMEA,
23613,16964,42242,AP,
23614,17211,43212,,
23615,17374,43811,,
23616,17406,43954,NA,
23617,17406,43954,LA,
23618,17406,43954,EMEA,
23619,17406,43954,AP,
23620,17435,44060,NA,
23621,17458,44119,,
23622,17459,44122,,
23623,17616,44556,NA,
23624,17650,44677,NA,
23625,17650,44677,LA,
23626,18418,49516,,
23627,18419,49517,,
23628,19137,55819,,
23629,19352,59787,NA,
23630,19352,59787,EMEA,
23631,19353,59788,NA,
23632,19353,59788,EMEA,
23633,19760,63953,,
23634,19761,63954,NA,
23635,19763,63956,,
23636,19792,64203,NA,
23637,19792,64203,LA,
23638,19792,64203,EMEA,
23639,19792,64203,AP,
23640,19793,64204,NA,
23641,19793,64204,LA,
23642,19793,64204,EMEA,Adapazari
23643,19793,64204,AP,
23646,19793,64204,EMEA,Izmit
23650,19793,64204,EMEA,Fulda
23653,19793,64204,LA,Peru
23654,19793,64204,EMEA,
23658,19793,64204,EMEA,Hanau
23662,19793,64204,EMEA,Wittlich
23666,19793,64204,EMEA,Fuerstenwalde
23670,19793,64204,EMEA,Riesa
23672,19862,64660,,
23673,19902,64993,NA,
23674,19902,64993,LA,
23675,19902,64993,EMEA,
23676,19902,64993,AP,
23677,19946,65353,,
23678,20085,66613,,
23679,20086,66614,,
23680,20087,66615,,
23681,20088,66722,NA,
23682,20090,66723,,
23683,15330,26607,,
23684,15334,26641,NA,
23685,15334,26641,LA,
23686,15334,26641,EMEA,
23687,15334,26641,AP,
23688,15346,26694,,
23689,15405,27028,NA,
23690,15432,27604,,
23691,15478,28061,EMEA,
23692,15538,28521,NA,Danville
23693,15539,28522,NA,
23694,15539,28522,LA,
23695,15539,28522,EMEA,
23696,15539,28522,AP,
23697,15697,30201,NA,
23698,15697,30201,LA,
23699,15697,30201,EMEA,
23700,15697,30201,AP,
23701,15703,30207,NA,
23702,15703,30207,LA,
23703,15703,30207,EMEA,
23704,15703,30207,AP,
23705,15730,30382,NA,
23706,15828,31408,LA,
23707,15829,31409,LA,
23708,15904,32154,,
23709,15905,32155,,
23710,15906,32156,,
23711,15918,32228,NA,
23712,15918,32228,LA,
23713,15918,32228,EMEA,
23714,15918,32228,AP,
23715,16002,33970,NA,
23716,16002,33970,LA,
23717,16046,34519,NA,
23718,16168,35610,NA,
23719,16168,35610,LA,
23720,16168,35610,EMEA,
23721,16168,35610,AP,
23722,16213,36137,,
23723,16559,39160,NA,
23724,16559,39160,LA,
23725,16559,39160,EMEA,
23726,16559,39160,AP,
23727,16646,40031,NA,
23728,16646,40031,LA,
23729,16646,40031,EMEA,
23730,16646,40031,AP,
23731,16648,40033,NA,
23732,16648,40033,LA,
23733,16648,40033,EMEA,
23734,16648,40033,AP,
23735,16892,41650,AP,
23736,16893,41651,AP,
23737,16894,41652,AP,
23738,16942,42177,NA,
23739,16943,42178,NA,
23740,17016,42474,NA,
23741,17016,42474,LA,
23742,17016,42474,EMEA,
23743,17016,42474,AP,
23744,17022,42490,NA,
23745,17022,42490,LA,
23746,17031,42522,,
23747,18395,49433,NA,
23748,18396,49435,NA,
23749,18877,52927,,
23750,18884,53007,,
23751,19026,54559,NA,
23752,19026,54559,EMEA,
23753,19714,63273,NA,
23754,19714,63273,LA,
23755,19714,63273,EMEA,
23756,19714,63273,AP,
23757,19739,63462,,
23758,19907,64997,NA,
23759,19909,64999,NA,
23760,19920,65082,,
23761,19934,65217,,
23762,19942,65290,NA,
23763,19942,65290,EMEA,
23764,19948,65354,NA,
23765,19948,65354,LA,
23766,19948,65354,EMEA,Adapazari
23767,19948,65354,AP,
23770,19948,65354,EMEA,Izmit
23772,19950,65384,NA,
23773,19950,65384,LA,
23774,19950,65384,EMEA,
23775,19950,65384,AP,
23776,19951,65385,NA,
23777,19951,65385,LA,
23778,19951,65385,EMEA,
23779,19951,65385,AP,
23780,19952,65387,,
23781,19956,65447,NA,
23782,19956,65447,LA,
23783,19956,65447,EMEA,
23784,19956,65447,AP,
23785,19957,65448,NA,
23786,19957,65448,LA,
23787,19957,65448,EMEA,
23788,19957,65448,AP,
23789,19958,65449,NA,
23790,19958,65449,LA,
23791,19958,65449,EMEA,
23792,19958,65449,AP,
23793,19959,65450,NA,
23794,19959,65450,LA,
23795,19959,65450,EMEA,
23796,19959,65450,AP,
23797,19960,65451,NA,
23798,19960,65451,LA,
23799,19960,65451,EMEA,
23800,19960,65451,AP,
23801,19966,65526,,
23802,19968,65558,NA,
23803,15302,26541,NA,
23804,15302,26541,LA,
23805,15302,26541,EMEA,
23806,15302,26541,AP,
23807,15580,28939,EMEA,
23808,15631,29451,,
23809,15897,32094,,
23810,15910,32160,,
23811,16030,34197,NA,
23812,16030,34197,LA,
23813,16030,34197,EMEA,
23814,16030,34197,AP,
23815,16035,34299,,
23816,16146,35384,NA,
23817,16146,35384,LA,
23818,16146,35384,EMEA,
23819,16146,35384,AP,
23820,16228,36277,NA,
23821,16228,36277,LA,
23822,16228,36277,EMEA,
23823,16228,36277,AP,
23824,16295,36786,NA,
23825,16687,40272,,
23826,16786,41056,NA,
23827,16786,41056,EMEA,
23828,16864,41500,NA,
23829,16864,41500,LA,
23830,16864,41500,EMEA,
23831,16864,41500,AP,
23832,16996,42365,NA,
23833,16996,42365,LA,
23834,16996,42365,EMEA,
23835,16996,42365,AP,
23836,17278,43462,LA,
23837,17279,43463,LA,
23838,17366,43782,,
23839,17424,44049,NA,
23840,17424,44049,LA,
23841,17424,44049,EMEA,
23842,17424,44049,AP,
23843,17443,44070,,
23844,17448,44093,EMEA,
23845,17448,44093,AP,
23846,17471,44149,,
23847,17648,44675,,
23848,17651,44678,NA,
23849,17652,44679,NA,
23850,17678,44777,,
23851,17680,44779,,
23852,18005,46613,NA,
23853,18069,47203,NA,
23854,18069,47203,LA,
23855,18069,47203,EMEA,
23856,18069,47203,AP,
23857,18138,47689,AP,
23858,18170,47901,NA,
23859,18170,47901,LA,
23860,18170,47901,EMEA,
23861,18170,47901,AP,
23862,18194,48044,,
23863,18201,48104,NA,
23864,18201,48104,EMEA,
23865,18210,48113,NA,
23866,18210,48113,LA,
23867,18210,48113,EMEA,
23868,18210,48113,AP,
23869,18211,48114,NA,
23870,18211,48114,LA,
23871,18211,48114,EMEA,
23872,18211,48114,AP,
23873,18246,48221,EMEA,
23874,18252,48322,,
23875,18296,48708,NA,
23876,18296,48708,LA,
23877,18296,48708,EMEA,
23878,18296,48708,AP,
23879,18892,53147,NA,
23880,18892,53147,LA,
23881,18892,53147,EMEA,
23882,18892,53147,AP,
23883,18893,53148,,
23884,18894,53149,,
23885,19027,54560,NA,
23886,19027,54560,EMEA,
23887,19712,63233,,
23888,19715,63274,NA,
23889,19715,63274,LA,
23890,19715,63274,EMEA,
23891,19715,63274,AP,
23892,19758,63904,NA,
23893,19758,63904,LA,
23894,19758,63904,EMEA,
23895,19758,63904,AP,Nippon Giant
23896,19765,63958,NA,
23897,19766,63993,NA,
23898,19766,63993,LA,
23899,19766,63993,EMEA,
23900,19766,63993,AP,
23901,19767,63994,NA,
23902,19767,63994,LA,
23903,19767,63994,EMEA,
23904,19767,63994,AP,
23905,19768,63995,NA,
23906,19768,63995,LA,
23907,19768,63995,EMEA,
23908,19768,63995,AP,
23909,19784,64120,NA,
23910,19784,64120,LA,
23911,19784,64120,EMEA,
23912,19784,64120,AP,
23913,19786,64121,,
23914,19796,64213,,
23915,19798,64250,NA,
23916,19798,64250,LA,
23917,19798,64250,EMEA,
23918,19798,64250,AP,
23919,15446,27761,NA,
23920,15446,27761,LA,
23921,15446,27761,EMEA,
23922,15446,27761,AP,
23923,15494,28128,NA,
23924,15494,28128,LA,
23925,15494,28128,EMEA,
23926,15494,28128,AP,
23927,15549,28530,NA,
23928,15549,28530,LA,
23929,15549,28530,EMEA,
23930,15549,28530,AP,
23931,15607,29275,,
23932,15636,29511,,
23933,15726,30378,NA,
23934,15726,30378,LA,
23935,15726,30378,EMEA,
23936,15726,30378,AP,
23937,15954,33433,EMEA,
23938,16054,34590,EMEA,
23939,16098,35094,,
23940,16128,35279,,
23941,16136,35330,NA,
23942,16136,35330,EMEA,
23943,16178,35774,,
23944,16183,35779,NA,
23945,16183,35779,LA,
23946,16183,35779,EMEA,
23947,16183,35779,AP,
23948,16286,36778,,
23949,16297,36788,NA,
23950,16297,36788,LA,
23951,16297,36788,EMEA,
23952,16297,36788,AP,
23953,16343,37247,NA,
23954,16343,37247,LA,
23955,16343,37247,EMEA,
23956,16343,37247,AP,
23957,16346,37251,,
23958,16450,38348,NA,
23959,16450,38348,EMEA,
23960,16492,38732,,
23961,16624,39830,NA,
23962,16732,40647,,
23963,16746,40740,NA,
23964,16746,40740,LA,
23965,16746,40740,EMEA,
23966,16746,40740,AP,
23967,16818,41229,,
23968,16823,41236,,
23969,16911,41815,,
23970,16968,42269,,
23971,18882,53005,,
23972,18883,53006,,
23973,18927,53382,LA,
23974,18930,53385,NA,
23975,18930,53385,EMEA,
23976,19018,54380,,
23977,19019,54381,,
23978,19022,54384,,
23979,19146,55892,NA,
23980,19146,55892,LA,
23981,19146,55892,EMEA,
23982,19340,59715,,
23983,19343,59718,NA,
23984,19343,59718,EMEA,
23985,19390,60428,NA,
23986,19391,60429,NA,
23987,19392,60430,NA,
23988,19393,60431,NA,
23989,19430,60815,NA,
23990,19430,60815,LA,
23991,19430,60815,EMEA,
23992,19430,60815,AP,
23993,19470,61158,,
23994,19474,61350,,
23995,19475,61351,,
23996,19486,61591,NA,
23997,19486,61591,LA,
23998,19486,61591,EMEA,
23999,19486,61591,AP,
24000,19491,61706,AP,Pulandian
24001,19648,63079,NA,
24002,19650,63081,NA,
24003,19653,63087,NA,
24004,19653,63087,LA,
24005,19653,63087,EMEA,
24006,19653,63087,AP,
24007,19654,63088,NA,
24008,19654,63088,LA,
24009,19654,63088,EMEA,
24010,19654,63088,AP,
24011,19656,63090,NA,
24012,19656,63090,LA,
24013,19656,63090,EMEA,
24014,19656,63090,AP,
24015,19660,63097,NA,
24016,19660,63097,LA,
24017,19660,63097,EMEA,
24018,19660,63097,AP,
24019,19661,63099,NA,
24020,19661,63099,LA,
24021,19661,63099,EMEA,
24022,19661,63099,AP,
24023,19662,63100,NA,
24024,19662,63100,LA,
24025,19662,63100,EMEA,
24026,19662,63100,AP,
24027,15338,26668,,
24028,15540,28523,NA,
24029,15540,28523,LA,
24030,15540,28523,EMEA,
24031,15540,28523,AP,
24032,15862,31764,NA,
24033,15862,31764,LA,
24034,15862,31764,EMEA,
24035,15862,31764,AP,
24036,15894,32091,,
24037,16049,34524,NA,
24038,16049,34524,LA,
24039,16049,34524,EMEA,
24040,16124,35275,,
24041,16212,36134,NA,
24042,16212,36134,LA,
24043,16212,36134,EMEA,
24044,16212,36134,AP,
24045,16311,36879,NA,
24046,16311,36879,LA,
24047,16311,36879,EMEA,
24048,16311,36879,AP,
24049,16422,37993,NA,
24050,16422,37993,LA,
24051,16448,38344,LA,
24052,16551,39032,NA,
24053,16551,39032,LA,
24054,16551,39032,EMEA,
24055,16551,39032,AP,
24056,16553,39034,NA,
24057,16553,39034,LA,
24058,16553,39034,EMEA,
24059,16553,39034,AP,
24060,16678,40199,NA,
24061,16902,41777,,
24062,16916,41879,,
24063,17057,42596,,
24064,17182,43105,NA,
24065,17182,43105,EMEA,
24066,17402,43934,,
24067,17408,43966,NA,
24068,17408,43966,LA,
24069,17408,43966,EMEA,
24070,17408,43966,AP,
24071,17690,44789,,
24072,15294,26514,NA,
24073,18897,53160,,
24074,18925,53322,NA,
24075,18925,53322,LA,
24076,18925,53322,AP,Nippon Giant
24077,18988,54011,NA,
24078,18988,54011,LA,
24079,18988,54011,EMEA,
24080,18988,54011,AP,
24081,19039,54585,NA,
24082,19172,56520,NA,
24083,19172,56520,LA,
24084,19172,56520,EMEA,
24085,19172,56520,AP,
24086,19227,57789,,
24087,19324,59634,NA,
24088,19324,59634,LA,
24089,19324,59634,EMEA,
24090,19324,59634,AP,
24091,19325,59635,NA,
24092,19325,59635,LA,
24093,19325,59635,EMEA,
24094,19325,59635,AP,
24095,19326,59636,NA,
24096,19326,59636,LA,
24097,19326,59636,EMEA,
24098,19326,59636,AP,
24099,19327,59637,NA,
24100,19327,59637,LA,
24101,19327,59637,EMEA,
24102,19327,59637,AP,
24103,19328,59638,NA,
24104,19328,59638,LA,
24105,19328,59638,EMEA,
24106,19328,59638,AP,
24107,19329,59639,NA,
24108,19329,59639,LA,
24109,19329,59639,EMEA,
24110,19329,59639,AP,
24111,19331,59706,NA,
24112,19388,60357,EMEA,
24113,19476,61352,,
24114,19572,62489,NA,
24115,19573,62490,NA,
24116,19830,64453,,
24117,19886,64914,NA,
24118,19926,65117,NA,
24119,19926,65117,LA,
24120,19926,65117,EMEA,
24121,19926,65117,AP,
24122,19936,65218,NA,
24123,19936,65218,LA,
24124,19936,65218,AP,
24125,19970,65826,EMEA,
24126,19972,65827,,
24127,19973,65830,NA,
24128,19973,65830,EMEA,
24129,19974,65831,NA,
24130,19974,65831,EMEA,
24131,19980,65871,NA,
24132,19980,65871,LA,
24133,19980,65871,EMEA,
24134,19980,65871,AP,
24135,19992,65916,NA,
24136,19992,65916,LA,
24137,19992,65916,EMEA,
24138,19992,65916,AP,
24139,20001,65957,NA,
24140,20001,65957,LA,
24141,20001,65957,EMEA,Adapazari
24142,20001,65957,AP,
24145,20001,65957,EMEA,Izmit
24147,20030,66318,,
24148,20032,66353,NA,
24149,20032,66353,LA,
24150,20032,66353,AP,
24151,15365,26824,LA,
24152,15473,27994,LA,
24153,15474,27995,LA,
24154,15480,28063,,
24155,15653,29710,,
24156,15696,30200,,
24157,15915,32222,,
24158,16000,33968,,
24159,16007,33975,NA,
24160,16179,35775,,
24161,16180,35776,NA,
24162,16180,35776,AP,
24163,16452,38382,,
24164,16634,39898,EMEA,
24165,16637,39901,NA,
24166,16637,39901,EMEA,
24167,16810,41198,NA,
24168,16994,42311,,
24169,17101,42845,NA,
24170,17101,42845,LA,
24171,17101,42845,AP,
24172,17118,42895,NA,
24173,17162,43019,AP,
24174,17190,43115,,
24175,17210,43211,,
24176,17220,43235,NA,
24177,17220,43235,LA,
24178,17220,43235,EMEA,
24179,17220,43235,AP,
24180,17225,43253,,
24181,17230,43316,NA,
24182,17230,43316,LA,
24183,17230,43316,EMEA,
24184,17230,43316,AP,
24185,17246,43394,,
24186,17253,43419,AP,
24187,17302,43558,EMEA,
24188,17344,43689,,
24189,17346,43691,,
24190,17347,43692,,
24191,17351,43697,NA,
24192,17356,43730,NA,
24193,17370,43806,NA,
24194,17370,43806,LA,
24195,17370,43806,EMEA,
24196,17370,43806,AP,
24197,17377,43813,LA,
24198,17429,44054,NA,
24199,18382,49264,,
24200,18910,53298,,
24201,19599,62746,,
24202,19677,63200,,
24203,19678,63201,,
24204,19799,64251,NA,
24205,19799,64251,LA,
24206,19799,64251,EMEA,
24207,19799,64251,AP,
24208,19800,64252,NA,
24209,19800,64252,LA,
24210,19800,64252,EMEA,
24211,19800,64252,AP,
24212,19801,64253,NA,
24213,19801,64253,LA,
24214,19801,64253,EMEA,
24215,19801,64253,AP,
24216,19802,64255,NA,
24217,19802,64255,LA,
24218,19802,64255,EMEA,
24219,19802,64255,AP,
24220,19807,64260,,
24221,19826,64367,,
24222,19829,64452,,
24223,19846,64570,EMEA,Adapazari
24224,19846,64570,EMEA,Izmit
24225,19855,64619,,
24226,19856,64620,,
24227,19857,64621,,
24228,19858,64622,,
24229,15311,26586,,
24230,15340,26670,,
24231,15468,27990,NA,
24232,15468,27990,EMEA,
24233,15543,28526,NA,
24234,15543,28526,LA,
24235,15543,28526,EMEA,
24236,15543,28526,AP,
24237,15586,28956,,
24238,15690,30140,NA,
24239,15690,30140,LA,
24240,15690,30140,AP,
24241,15729,30381,NA,
24242,15762,30738,NA,
24243,15762,30738,EMEA,
24244,16052,34527,NA,
24245,16052,34527,LA,
24246,16052,34527,EMEA,
24247,16162,35525,,
24248,16233,36282,NA,
24249,16233,36282,LA,
24250,16233,36282,EMEA,
24251,16233,36282,AP,
24252,16403,37729,NA,
24253,16403,37729,LA,
24254,16493,38733,NA,
24255,16493,38733,LA,
24256,16493,38733,EMEA,
24257,16493,38733,AP,
24258,16548,38998,,
24259,16549,38999,,
24260,16608,39741,AP,
24261,16613,39784,,
24262,16718,40608,NA,
24263,16718,40608,EMEA,
24264,16787,41057,NA,
24265,16787,41057,EMEA,
24266,17247,43396,,
24267,17350,43694,NA,
24268,17444,44071,NA,
24269,17444,44071,LA,
24270,17444,44071,EMEA,
24271,17444,44071,AP,
24272,17632,44643,NA,
24273,17696,44799,,
24274,17697,44800,,
24275,18338,48982,,
24276,18354,49054,,
24277,18410,49485,NA,
24278,18410,49485,LA,
24279,18410,49485,EMEA,
24280,18410,49485,AP,
24281,18411,49486,NA,
24282,18411,49486,LA,
24283,18411,49486,EMEA,
24284,18411,49486,AP,
24285,18412,49487,NA,
24286,18412,49487,LA,
24287,18412,49487,EMEA,
24288,18412,49487,AP,
24289,18414,49489,NA,
24290,18414,49489,LA,
24291,18414,49489,EMEA,
24292,18414,49489,AP,
24293,18982,53800,,
24294,19042,54588,NA,
24295,19245,57957,NA,
24296,19245,57957,LA,
24297,19246,57960,NA,
24298,19246,57960,LA,
24299,19286,58485,,
24300,19360,59921,AP,
24301,19434,60876,AP,Pulandian
24302,19472,61219,,
24303,19473,61222,,
24304,19492,61713,,
24305,19510,61867,,
24306,19511,61868,,
24307,19546,61997,,
24308,19547,61998,,
24309,15312,26587,,
24310,15332,26620,NA,
24311,15332,26620,LA,
24312,15332,26620,EMEA,
24313,15332,26620,AP,
24314,15503,28142,NA,
24315,15503,28142,LA,
24316,15503,28142,EMEA,
24317,15503,28142,AP,
24318,15504,28143,NA,
24319,15504,28143,LA,
24320,15504,28143,EMEA,
24321,15504,28143,AP,
24322,15692,30194,NA,
24323,15750,30572,,
24324,15807,31217,EMEA,
24325,15822,31291,NA,
24326,15822,31291,LA,
24327,15822,31291,EMEA,Adapazari
24328,15822,31291,AP,
24331,15822,31291,EMEA,Izmit
24333,15957,33436,EMEA,
24334,15963,33442,NA,
24335,15963,33442,LA,
24336,15963,33442,EMEA,
24337,15963,33442,AP,
24338,16132,35283,NA,
24339,16132,35283,LA,
24340,16132,35283,EMEA,Adapazari
24341,16132,35283,AP,
24344,16132,35283,EMEA,Izmit
24346,16148,35429,,
24347,16242,36397,NA,
24348,16242,36397,LA,
24349,16242,36397,EMEA,
24350,16242,36397,AP,
24351,16351,37294,NA,
24352,16351,37294,LA,
24353,16351,37294,EMEA,
24354,16351,37294,AP,
24355,16664,40081,AP,
24356,16676,40197,NA,
24357,16676,40197,EMEA,
24358,16776,40928,NA,
24359,16872,41565,EMEA,Adapazari
24360,16872,41565,AP,
24361,16872,41565,EMEA,Izmit
24363,16872,41565,EMEA,South Africa
24365,16872,41565,EMEA,
24366,16872,41565,AP,Thailand
24368,16872,41565,AP,Indonesia
24369,16878,41601,,
24370,17054,42591,NA,
24371,17090,42765,,
24372,17242,43391,,
24373,17383,43833,,
24374,17394,43902,,
24375,17454,44111,NA,
24376,17466,44136,,
24377,18292,48621,NA,
24378,18292,48621,LA,
24379,18292,48621,EMEA,
24380,18292,48621,AP,
24381,18971,53644,,
24382,19017,54310,,
24383,19076,54879,,
24384,19092,55476,NA,
24385,19092,55476,EMEA,
24386,19094,55478,NA,
24387,19094,55478,EMEA,
24388,19162,56246,NA,
24389,19162,56246,EMEA,
24390,19163,56247,NA,
24391,19163,56247,EMEA,
24392,19164,56248,NA,
24393,19164,56248,EMEA,
24394,19417,60736,NA,
24395,19417,60736,LA,
24396,19417,60736,EMEA,
24397,19417,60736,AP,
24398,19464,61147,NA,
24399,19464,61147,LA,
24400,19465,61148,NA,
24401,19465,61148,LA,
24402,19518,61879,NA,
24403,19518,61879,LA,
24404,19518,61879,EMEA,
24405,19518,61879,AP,
24406,19519,61880,NA,
24407,19519,61880,LA,
24408,19519,61880,EMEA,
24409,19519,61880,AP,
24410,19520,61881,NA,
24411,19520,61881,LA,
24412,19520,61881,EMEA,
24413,19520,61881,AP,
24414,19521,61882,NA,
24415,19521,61882,LA,
24416,19521,61882,EMEA,
24417,19521,61882,AP,
24418,19523,61884,NA,
24419,19523,61884,LA,
24420,19523,61884,EMEA,
24421,19523,61884,AP,
24422,19524,61885,NA,
24423,19524,61885,LA,
24424,19524,61885,EMEA,
24425,19524,61885,AP,
24426,19580,62495,,
24427,19596,62705,,
24428,19922,65113,,
24429,20012,66226,NA,
24430,20012,66226,EMEA,
24431,20013,66227,NA,
24432,20013,66227,EMEA,
24433,20033,66354,,
24434,20034,66358,NA,
24435,20036,66390,EMEA,
24436,20038,66392,EMEA,Adapazari
24437,20038,66392,EMEA,Izmit
24438,20040,66393,EMEA,
24439,20041,66394,EMEA,
24440,20042,66395,EMEA,Adapazari
24441,20042,66395,EMEA,Izmit
24442,20043,66396,EMEA,Adapazari
24443,20043,66396,EMEA,Izmit
24444,15307,26554,NA,
24445,15307,26554,LA,
24446,15307,26554,EMEA,
24447,15307,26554,AP,
24448,15308,26555,NA,
24449,15308,26555,LA,
24450,15308,26555,EMEA,
24451,15308,26555,AP,
24452,15362,26822,NA,
24453,15362,26822,LA,
24454,15362,26822,EMEA,
24455,15362,26822,AP,
24456,15620,29396,,
24457,15644,29562,,
24458,15664,29915,NA,
24459,15664,29915,LA,
24460,15664,29915,EMEA,
24461,15664,29915,AP,
24462,15840,31471,,
24463,15841,31472,,
24464,16026,34180,NA,
24465,16026,34180,LA,
24466,16026,34180,EMEA,
24467,16026,34180,AP,
24468,16051,34526,NA,
24469,16051,34526,LA,
24470,16051,34526,EMEA,
24471,16461,38465,,
24472,16834,41293,,
24473,16970,42271,,
24474,16972,42273,,
24475,17245,43393,,
24476,17252,43418,NA,
24477,17252,43418,LA,
24478,17252,43418,AP,
24479,17365,43781,,
24480,17599,44499,NA,
24481,17599,44499,LA,
24482,17599,44499,EMEA,
24483,17599,44499,AP,
24484,17716,44856,NA,
24485,17716,44856,LA,
24486,17716,44856,EMEA,
24487,17716,44856,AP,
24488,17726,44915,NA,
24489,17726,44915,LA,
24490,17726,44915,EMEA,
24491,17726,44915,AP,
24492,17731,44920,,
24493,17781,45376,,
24494,17802,45571,,
24495,17803,45572,,
24496,17862,45915,,
24497,20252,68767,,
24498,20253,68768,EMEA,
24499,20554,73599,,
24500,20555,73600,,
24501,20556,73601,,
24502,20652,75532,NA,
24503,20653,75533,NA,
24504,20655,75535,NA,
24505,20656,75536,NA,
24506,20658,75538,,
24507,20659,75539,,
24508,20732,76760,NA,
24509,20732,76760,LA,
24510,20732,76760,EMEA,
24511,20760,77180,NA,
24512,21074,81848,NA,
24513,21075,81849,NA,
24514,21236,84138,LA,
24515,21239,84141,NA,
24516,21241,84143,NA,
24517,21242,84249,EMEA,
24518,21578,96040,NA,
24519,21578,96040,LA,
24520,21578,96040,EMEA,Debica
24521,21578,96040,AP,
24524,21578,96040,EMEA,Luxembourg
24528,21578,96040,EMEA,Adapazari
24532,21578,96040,EMEA,Sava
24536,21578,96040,EMEA,Izmit
24540,21578,96040,EMEA,Fulda
24544,21578,96040,EMEA,
24545,21578,96040,AP,Nippon Giant
24548,21578,96040,EMEA,Amiens South
24552,21578,96040,EMEA,Montlucon
24556,21578,96040,EMEA,Hanau
24560,21578,96040,EMEA,Wittlich
24564,21578,96040,EMEA,Fuerstenwalde
24568,21578,96040,EMEA,Riesa
24572,21578,96040,EMEA,ICM*L
24574,21931,105127,,
24575,21982,106555,NA,
24576,22478,115644,NA,
24577,22760,119808,NA,
24578,22760,119808,LA,
24579,22760,119808,EMEA,
24580,22760,119808,AP,
24581,22941,122858,NA,
24582,23148,125691,,
24583,23272,127867,,
24584,21772,102275,NA,
24585,21937,105312,,
24586,21938,105313,,
24587,21976,106375,NA,
24588,21992,106743,NA,Medicine Hat
24589,21992,106743,LA,
24590,21992,106743,AP,
24591,21992,106743,NA,Napanee
24594,21992,106743,NA,Valleyfield
24597,21992,106743,NA,Chem Niagara Falls
24600,21993,106744,,
24601,22074,109306,NA,
24602,22138,110585,,
24603,22211,111399,,
24604,22212,111400,,
24605,22214,111477,,
24606,22218,111579,,
24607,22236,111940,NA,
24608,22236,111940,LA,
24609,22237,111942,NA,
24610,22237,111942,LA,
24611,22300,112750,,
24612,22301,112751,,
24613,22306,112908,,
24614,22331,113192,,
24615,22336,113286,NA,
24616,22337,113287,NA,
24617,22340,113290,NA,
24618,22345,113296,,
24619,22372,114064,NA,
24620,22380,114234,,
24621,22382,114321,NA,
24622,22382,114321,LA,
24623,22382,114321,EMEA,
24624,22382,114321,AP,
24625,22430,114915,NA,
24626,22430,114915,LA,
24627,22432,114918,NA,
24628,22432,114918,LA,
24629,22433,114920,NA,
24630,22433,114920,LA,
24631,22434,114921,NA,
24632,22434,114921,LA,
24633,22446,114948,,
24634,20102,66985,EMEA,
24635,20103,66986,EMEA,
24636,20184,68020,NA,
24637,20184,68020,LA,
24638,20184,68020,EMEA,
24639,20184,68020,AP,
24640,20421,71216,NA,
24641,20421,71216,LA,
24642,20421,71216,EMEA,
24643,20421,71216,AP,
24644,20540,73397,EMEA,
24645,20596,74314,NA,
24646,20598,74316,NA,
24647,20638,75064,,
24648,20869,78470,,
24649,20871,78472,,
24650,21198,83230,,
24651,21325,86416,,
24652,21610,97175,NA,
24653,21610,97175,LA,
24654,21610,97175,EMEA,
24655,21610,97175,AP,
24656,21929,105034,NA,
24657,22066,109298,,
24658,22068,109299,,
24659,22071,109302,,
24660,22358,113720,,
24661,22359,113721,NA,
24662,22641,118045,NA,
24663,22641,118045,LA,
24664,22641,118045,EMEA,Adapazari
24665,22641,118045,AP,
24668,22641,118045,EMEA,Izmit
24670,22704,119037,,
24671,22937,122767,,
24672,23079,125049,,
24673,22168,111192,NA,
24674,22168,111192,EMEA,
24675,22169,111193,NA,
24676,22169,111193,EMEA,
24677,22179,111203,NA,
24678,22180,111204,NA,
24679,22225,111744,,
24680,22226,111745,NA,
24681,22240,112021,NA,
24682,22241,112022,NA,
24683,22242,112023,NA,
24684,22246,112027,NA,
24685,22247,112028,NA,
24686,22252,112190,,
24687,22254,112192,,
24688,22256,112194,,
24689,22260,112283,,
24690,22261,112284,,
24691,22262,112286,,
24692,22263,112287,,
24693,22275,112471,,
24694,22277,112473,,
24695,22279,112475,,
24696,22280,112477,,
24697,22282,112482,,
24698,22286,112572,,
24699,22288,112651,,
24700,22308,112913,NA,
24701,22320,112925,NA,
24702,22320,112925,LA,
24703,22320,112925,EMEA,
24704,22320,112925,AP,
24705,22323,113016,,
24706,22328,113189,,
24707,22330,113191,,
24708,22334,113199,,
24709,22335,113200,,
24710,20153,67694,NA,
24711,20158,67707,NA,
24712,20158,67707,LA,
24713,20158,67707,EMEA,
24714,20158,67707,AP,
24715,20216,68357,,
24716,20254,68769,NA,
24717,20254,68769,LA,
24718,20626,74995,,
24719,20692,76021,NA,
24720,20692,76021,LA,
24721,20692,76021,AP,
24722,20693,76024,NA,
24723,20693,76024,LA,
24724,20693,76024,AP,
24725,21116,82158,NA,
24726,21116,82158,LA,
24727,21116,82158,EMEA,
24728,21136,82561,AP,
24729,21196,83228,,
24730,21212,83680,NA,
24731,21214,83682,NA,
24732,21294,84997,,
24733,21583,96243,LA,
24734,21583,96243,AP,Thailand
24736,21583,96243,AP,Nippon Giant
24738,21583,96243,AP,Pulandian
24739,21754,101898,NA,
24740,21754,101898,LA,
24741,21754,101898,EMEA,
24742,21754,101898,AP,
24743,22040,108840,NA,
24744,22102,109985,,
24745,22297,112743,,
24746,22304,112833,,
24747,22392,114559,,
24748,22469,115470,NA,
24749,22469,115470,LA,
24750,22469,115470,EMEA,
24751,22469,115470,AP,
24752,22476,115478,,
24753,22508,116206,,
24754,22518,116308,NA,
24755,22520,116310,NA,
24756,22552,116572,NA,
24757,22552,116572,LA,
24758,22552,116572,AP,Thailand
24761,22552,116572,AP,Nippon Giant
24764,22552,116572,AP,Indonesia
24765,22558,116804,,
24766,22584,117318,AP,Malaysia
24767,22584,117318,AP,Thailand
24768,22584,117318,AP,Ballabgarh
24769,22584,117318,AP,Aurangabad
24770,22584,117318,AP,Indonesia
24771,22584,117318,AP,Pulandian
24772,22607,117606,,
24773,22608,117608,NA,
24774,22608,117608,LA,
24775,22624,117826,NA,
24776,22626,117828,NA,
24777,22626,117828,LA,
24778,22626,117828,EMEA,
24779,22626,117828,AP,
24780,22670,118488,,
24781,22676,118545,,
24782,22680,118548,,
24783,22719,119209,,
24784,22720,119210,,
24785,22726,119368,NA,
24786,22728,119370,NA,
24787,22730,119371,,
24788,22735,119375,,
24789,22737,119428,,
24790,22746,119537,,
24791,22752,119663,NA,
24792,22752,119663,LA,
24793,22752,119663,EMEA,
24794,22752,119663,AP,
24795,22755,119670,,
24796,22758,119806,NA,
24797,22758,119806,LA,
24798,22758,119806,EMEA,
24799,22758,119806,AP,
24800,22768,119879,AP,
24801,22769,119880,,
24802,20350,70153,NA,
24803,20350,70153,LA,
24804,20350,70153,EMEA,
24805,20350,70153,AP,
24806,20373,70509,NA,Medicine Hat
24807,20373,70509,LA,
24808,20373,70509,EMEA,
24809,20373,70509,AP,
24810,20373,70509,NA,Napanee
24814,20373,70509,NA,Valleyfield
24818,20373,70509,NA,
24820,20373,70509,EMEA,Debica
24824,20373,70509,EMEA,Philippsburg
24828,20373,70509,EMEA,Luxembourg
24832,20373,70509,EMEA,Adapazari
24836,20373,70509,EMEA,Sava
24840,20373,70509,EMEA,Izmit
24844,20373,70509,EMEA,Fulda
24848,20373,70509,EMEA,Wolverhampton
24851,20373,70509,LA,Peru
24857,20373,70509,AP,Nippon Giant
24861,20373,70509,AP,Indonesia
24864,20373,70509,EMEA,Amiens South
24868,20373,70509,EMEA,Montlucon
24872,20373,70509,EMEA,Hanau
24876,20373,70509,EMEA,Wittlich
24880,20373,70509,EMEA,Fuerstenwalde
24884,20373,70509,EMEA,Riesa
24888,20373,70509,EMEA,Polymer-Technik Elbe GmbH
24892,20373,70509,EMEA,ICM*L
24896,20373,70509,EMEA,RCCE
24900,20373,70509,EMEA,Conbelts Bytom-SAEU
24904,20373,70509,EMEA,DRC Kauucuk
24908,20373,70509,EMEA,Empresa Industrial de Borracha SA-EIB
24912,20373,70509,EMEA,FTT Stomil Wolbrom SA
24916,20373,70509,EMEA,Geyer and Hosaja-Zak-ADY Gumowe w Mielcu-Sp. Zo.o
24920,20373,70509,EMEA,Hexpol - Berwin
24924,20373,70509,EMEA,Kabat Tyre
24928,20373,70509,EMEA,Kolsan
24932,20373,70509,EMEA,Kraiburg Austria GmbH and Co. KG
24936,20373,70509,EMEA,Marangoni S.p.A Rovereto
24940,20373,70509,EMEA,Marangoni S.p.A Hamburg
24944,20373,70509,EMEA,Matrax s.r.o.
24948,20373,70509,EMEA,Multiblend
24952,20373,70509,EMEA,Omya Uk Limited-Masterbatches
24956,20373,70509,EMEA,Ozka Lastik ve Kaucuk Inc.
24960,20373,70509,EMEA,Peintures Robin S.A-Paints /Cements
24964,20373,70509,EMEA,Phoenix Compound Technology Hamburg
24968,20373,70509,EMEA,Phoenix Compound Technology Waltershausen
24972,20373,70509,EMEA,ProPS s.r.o.
24976,20373,70509,EMEA,S and N Rubber¿
24980,20373,70509,EMEA,Socamont-S.A.
24984,20373,70509,EMEA,Stomil Poznan
24988,20373,70509,EMEA,Tecnogum
24992,20373,70509,EMEA,Vil Kaucuk San.ve Tic. Ltd Sti
24996,20373,70509,EMEA,Zaklady Chemiczne BOCHEM Sp. z o.o
24998,20532,73278,AP,
24999,20668,75748,NA,
25000,20777,77471,,
25001,20946,79651,,
25002,21201,83314,NA,
25003,21382,90226,,
25004,21384,90343,,
25005,21460,93429,NA,
25006,21460,93429,LA,
25007,21460,93429,EMEA,
25008,21460,93429,AP,
25009,21461,93430,NA,
25010,21461,93430,LA,
25011,21461,93430,EMEA,
25012,21461,93430,AP,
25013,21476,93793,NA,
25014,21476,93793,LA,
25015,21476,93793,EMEA,
25016,21476,93793,AP,
25017,21477,93794,,
25018,21478,93795,,
25019,21530,94827,NA,
25020,21530,94827,LA,
25021,21530,94827,EMEA,
25022,21536,95077,NA,
25023,21536,95077,LA,
25024,21536,95077,EMEA,
25025,21536,95077,AP,
25026,21537,95078,NA,
25027,21537,95078,LA,
25028,21537,95078,EMEA,
25029,21537,95078,AP,
25030,21538,95079,NA,
25031,21538,95079,LA,
25032,21538,95079,EMEA,
25033,21538,95079,AP,
25034,21539,95080,NA,
25035,21539,95080,LA,
25036,21539,95080,EMEA,
25037,21539,95080,AP,
25038,21540,95083,,
25039,21541,95084,,
25040,21542,95085,,
25041,21543,95086,,
25042,21872,104218,,
25043,22344,113294,,
25044,22352,113382,NA,
25045,22352,113382,EMEA,
25046,22353,113383,NA,
25047,22353,113383,EMEA,
25048,22362,113723,,
25049,22366,113727,,
25050,22369,113813,LA,
25051,22386,114481,NA,
25052,22387,114482,NA,
25053,22388,114483,NA,
25054,22389,114484,NA,
25055,22397,114637,NA,
25056,22436,114926,NA,
25057,22436,114926,LA,
25058,22439,114928,LA,
25059,22444,114946,NA,
25060,22452,115035,NA,
25061,22452,115035,LA,
25062,22457,115123,NA,
25063,22457,115123,LA,
25064,22457,115123,EMEA,
25065,22457,115123,AP,
25066,22458,115209,NA,
25067,22458,115209,LA,
25068,22458,115209,EMEA,
25069,22458,115209,AP,
25070,22466,115389,NA,
25071,22466,115389,LA,
25072,22468,115468,,
25073,22484,115652,NA,
25074,22484,115652,LA,
25075,22484,115652,EMEA,Adapazari
25076,22484,115652,AP,
25079,22484,115652,EMEA,Izmit
25081,22485,115653,,
25082,22486,115739,NA,
25083,22494,115841,NA,
25084,22512,116302,NA,
25085,22515,116305,NA,
25086,20104,66987,EMEA,
25087,20106,66992,,
25088,20137,67283,NA,
25089,20137,67283,LA,
25090,20137,67283,EMEA,Adapazari
25091,20137,67283,AP,
25094,20137,67283,EMEA,Izmit
25096,20311,69437,NA,
25097,20311,69437,LA,
25098,20362,70360,NA,
25099,20362,70360,LA,
25100,20362,70360,EMEA,
25101,20362,70360,AP,
25102,20533,73279,AP,
25103,20534,73280,NA,
25104,20534,73280,LA,
25105,20534,73280,AP,
25106,20535,73281,AP,
25107,20536,73282,AP,
25108,20726,76686,NA,Medicine Hat
25109,20726,76686,NA,Napanee
25110,20726,76686,NA,Valleyfield
25111,20726,76686,NA,Chem Niagara Falls
25112,20726,76686,NA,San Luis Potosi
25113,20730,76759,EMEA,
25114,20781,77537,,
25115,20788,77544,NA,
25116,20788,77544,LA,
25117,20788,77544,EMEA,Adapazari
25118,20788,77544,AP,
25121,20788,77544,EMEA,Izmit
25125,20788,77544,EMEA,
25126,20788,77544,AP,Nippon Giant
25127,21106,82001,NA,
25128,21114,82143,NA,
25129,21114,82143,LA,
25130,21114,82143,EMEA,
25131,21114,82143,AP,
25132,21186,83081,NA,
25133,21186,83081,LA,
25134,21186,83081,EMEA,
25135,21186,83081,AP,
25136,21187,83082,NA,
25137,21187,83082,LA,
25138,21187,83082,EMEA,
25139,21187,83082,AP,
25140,21188,83083,NA,
25141,21188,83083,LA,
25142,21188,83083,EMEA,
25143,21188,83083,AP,
25144,21189,83086,NA,
25145,21189,83086,LA,
25146,21189,83086,EMEA,
25147,21189,83086,AP,
25148,21190,83087,NA,
25149,21190,83087,LA,
25150,21190,83087,EMEA,
25151,21190,83087,AP,
25152,21346,88678,NA,
25153,21346,88678,EMEA,
25154,21403,91166,NA,
25155,21403,91166,LA,
25156,21403,91166,EMEA,
25157,21403,91166,AP,
25158,21770,102273,NA,
25159,21771,102274,NA,
25160,21802,102857,,
25161,21807,102861,NA,
25162,22041,108841,NA,
25163,22782,120082,,
25164,22790,120313,NA,
25165,22790,120313,LA,
25166,22790,120313,EMEA,
25167,22790,120313,AP,
25168,22792,120315,NA,
25169,22792,120315,LA,
25170,22792,120315,EMEA,
25171,22792,120315,AP,
25172,22802,120688,NA,
25173,22818,121187,NA,
25174,22822,121253,,
25175,22824,121255,,
25176,22840,121651,,
25177,22841,121652,,
25178,22842,121653,,
25179,22877,122168,NA,
25180,22878,122173,NA,
25181,22881,122176,NA,
25182,22882,122177,NA,
25183,22883,122178,NA,
25184,22884,122179,NA,
25185,22885,122180,NA,
25186,22886,122181,,
25187,22891,122257,NA,
25188,22906,122492,AP,
25189,22914,122576,,
25190,22917,122579,,
25191,22938,122768,NA,
25192,22938,122768,LA,
25193,22938,122768,EMEA,
25194,22938,122768,AP,Thailand
25198,22938,122768,AP,Nippon Giant
25202,22938,122768,AP,Indonesia
25203,22946,122937,NA,
25204,22946,122937,LA,
25205,22946,122937,AP,Thailand
25208,22946,122937,AP,Indonesia
25209,22957,123031,,
25210,22979,123678,,
25211,22980,123683,,
25212,22982,123759,NA,
25213,22982,123759,LA,
25214,22982,123759,EMEA,
25215,22982,123759,AP,
25216,22983,123760,NA,
25217,22983,123760,LA,
25218,22983,123760,EMEA,
25219,22983,123760,AP,
25220,22988,123906,,
25221,22990,123990,EMEA,
25222,23008,124095,NA,
25223,23009,124096,NA,
25224,23010,124097,NA,
25225,23011,124098,NA,
25226,23014,124173,,
25227,20196,68148,,
25228,20268,68926,,
25229,20271,68961,EMEA,
25230,20275,68965,NA,
25231,20275,68965,LA,
25232,20275,68965,EMEA,
25233,20275,68965,AP,
25234,20368,70368,NA,
25235,20368,70368,LA,
25236,20370,70439,EMEA,
25237,20648,75466,,
25238,20708,76311,NA,
25239,20878,78746,,
25240,20880,78812,EMEA,
25241,20888,79051,,
25242,20903,79237,,
25243,21032,81238,NA,
25244,21227,83907,NA,
25245,21229,83909,NA,
25246,21230,83910,NA,
25247,21301,85305,NA,
25248,21301,85305,LA,
25249,21301,85305,AP,
25250,21426,92215,NA,
25251,21426,92215,LA,
25252,21426,92215,EMEA,
25253,21426,92215,AP,
25254,21652,98499,NA,
25255,21880,104539,,
25256,21881,104540,,
25257,21940,105410,NA,
25258,21940,105410,LA,
25259,21940,105410,EMEA,
25260,21940,105410,AP,
25261,21946,105506,,
25262,22076,109405,NA,
25263,22076,109405,EMEA,
25264,22087,109693,NA,
25265,22524,116391,EMEA,
25266,22525,116392,NA,
25267,22525,116392,LA,
25268,22525,116392,EMEA,
25269,22525,116392,AP,
25270,22546,116563,,
25271,22547,116565,,
25272,22550,116568,,
25273,22565,116811,,
25274,22573,117038,,
25275,22588,117325,,
25276,22597,117534,NA,
25277,22598,117535,NA,
25278,22636,117961,AP,
25279,22662,118372,,
25280,22664,118373,,
25281,22667,118433,,
25282,22668,118434,,
25283,22678,118546,NA,
25284,22678,118546,LA,
25285,22678,118546,EMEA,
25286,22678,118546,AP,
25287,22688,118716,,
25288,22690,118717,,
25289,22714,119150,,
25290,22716,119204,NA,
25291,22716,119204,LA,
25292,22717,119205,NA,Danville
25293,22717,119205,NA,Topeka
25294,22717,119205,NA,Fayetteville
25295,22717,119205,NA,Lawton
25296,22717,119205,NA,Medicine Hat
25297,22717,119205,NA,Valleyfield
25298,22717,119205,NA,Social Circle
25299,22717,119205,NA,ICM*A
25300,22717,119205,NA,Chile
25301,22717,119205,NA,Chem Bayport
25302,22717,119205,NA,Chem Beaumont
25303,22717,119205,NA,Chem Houston
25304,22717,119205,NA,Chem Niagara Falls
25305,22717,119205,NA,NA-LA-AP Except AIRCRAFT
25306,22717,119205,NA,Other
25307,22717,119205,NA,San Luis Potosi
25308,22717,119205,NA,Kingman
25309,22717,119205,NA,Stockbridge
25310,22718,119207,NA,
25311,22718,119207,LA,
25312,22721,119211,,
25313,22722,119309,NA,
25314,22722,119309,LA,
25315,22722,119309,EMEA,
25316,22722,119309,AP,
25317,22724,119311,,
25318,20140,67406,NA,
25319,20140,67406,LA,
25320,20181,67977,,
25321,20182,67978,,
25322,20214,68354,,
25323,20217,68360,NA,
25324,20217,68360,LA,
25325,20217,68360,EMEA,
25326,20217,68360,AP,
25327,20334,69662,EMEA,
25328,20342,69812,,
25329,20412,71138,NA,
25330,20414,71139,NA,
25331,20415,71140,NA,
25332,20660,75540,,
25333,20770,77394,,
25334,20771,77395,,
25335,20772,77396,,
25336,20776,77470,,
25337,21002,80640,,
25338,21218,83756,NA,
25339,21218,83756,LA,
25340,21218,83756,EMEA,
25341,21218,83756,AP,
25342,21386,90454,AP,
25343,21494,94546,NA,Medicine Hat
25344,21494,94546,LA,
25345,21494,94546,EMEA,
25346,21494,94546,AP,
25347,21494,94546,NA,Napanee
25351,21494,94546,NA,Valleyfield
25355,21494,94546,NA,
25358,21494,94546,AP,Nippon Giant
25359,21496,94672,EMEA,
25360,21517,94813,NA,
25361,21517,94813,LA,
25362,21517,94813,EMEA,
25363,21517,94813,AP,Nippon Giant
25364,21576,96039,,
25365,21814,103059,,
25366,22013,107125,,
25367,22014,107126,,
25368,22016,107128,,
25369,23042,124538,,
25370,23048,124734,NA,
25371,23048,124734,LA,
25372,23048,124734,EMEA,
25373,23048,124734,AP,
25374,23060,124749,NA,
25375,23060,124749,LA,
25376,23060,124749,EMEA,
25377,23060,124749,AP,
25378,23065,124754,NA,
25379,23065,124754,LA,
25380,23065,124754,EMEA,
25381,23065,124754,AP,
25382,23068,124757,NA,
25383,23068,124757,LA,
25384,23068,124757,EMEA,
25385,23068,124757,AP,
25386,23076,124976,AP,
25387,23106,125329,,
25388,23108,125330,,
25389,23111,125333,NA,
25390,23111,125333,LA,
25391,23111,125333,EMEA,
25392,23111,125333,AP,
25393,23112,125394,,
25394,23113,125395,NA,
25395,23113,125395,LA,
25396,23113,125395,EMEA,
25397,23113,125395,AP,
25398,23121,125464,,
25399,23122,125471,,
25400,23123,125472,,
25401,23146,125689,NA,
25402,23146,125689,LA,
25403,23146,125689,EMEA,
25404,23146,125689,AP,
25405,23147,125690,NA,
25406,23147,125690,LA,
25407,23147,125690,EMEA,
25408,23147,125690,AP,
25409,23154,126032,,
25410,23155,126033,,
25411,23160,126102,NA,
25412,23160,126102,LA,
25413,23160,126102,EMEA,
25414,23160,126102,AP,
25415,23162,126103,NA,
25416,23162,126103,EMEA,
25417,23163,126104,NA,
25418,23163,126104,EMEA,
25419,23164,126105,NA,
25420,23165,126106,NA,
25421,23166,126107,NA,
25422,23166,126107,EMEA,
25423,23167,126108,NA,
25424,23167,126108,EMEA,
25425,23168,126109,NA,
25426,23168,126109,EMEA,
25427,23169,126110,NA,
25428,23169,126110,EMEA,
25429,23170,126174,,
25430,20290,69171,NA,
25431,20290,69171,LA,
25432,20290,69171,EMEA,
25433,20290,69171,AP,
25434,20291,69172,NA,
25435,20291,69172,LA,
25436,20291,69172,EMEA,
25437,20291,69172,AP,
25438,20508,72962,NA,
25439,20508,72962,LA,
25440,20508,72962,EMEA,
25441,20508,72962,AP,
25442,20761,77181,,
25443,20906,79240,,
25444,21039,81366,,
25445,21167,82789,NA,
25446,21167,82789,LA,
25447,21169,82791,NA,
25448,21169,82791,LA,
25449,21170,82792,NA,
25450,21170,82792,LA,
25451,21171,82793,NA,
25452,21171,82793,LA,
25453,21213,83681,NA,
25454,21267,84766,NA,
25455,21269,84768,NA,
25456,21269,84768,LA,
25457,21269,84768,EMEA,
25458,21269,84768,AP,
25459,21270,84769,NA,
25460,21270,84769,LA,
25461,21270,84769,EMEA,
25462,21270,84769,AP,
25463,21482,94158,,
25464,21521,94817,NA,
25465,21521,94817,LA,
25466,21521,94817,EMEA,
25467,21521,94817,AP,Nippon Giant
25468,21566,95489,,
25469,21684,100138,NA,
25470,21684,100138,LA,
25471,21684,100138,EMEA,
25472,21684,100138,AP,
25473,21685,100139,NA,
25474,21685,100139,LA,
25475,21685,100139,EMEA,
25476,21685,100139,AP,
25477,21686,100140,NA,
25478,21686,100140,LA,
25479,21686,100140,EMEA,
25480,21686,100140,AP,
25481,22125,110335,NA,
25482,22125,110335,LA,
25483,22127,110337,NA,
25484,22127,110337,LA,
25485,22129,110339,NA,
25486,22129,110339,LA,
25487,22131,110341,NA,
25488,22131,110341,LA,
25489,22183,111208,,
25490,22224,111743,,
25491,22251,112189,,
25492,22258,112196,,
25493,22309,112914,NA,
25494,22732,119372,,
25495,22733,119373,,
25496,22734,119374,NA,
25497,22734,119374,LA,
25498,22734,119374,EMEA,
25499,22734,119374,AP,
25500,22743,119535,,
25501,22764,119874,,
25502,22770,119886,,
25503,22772,119890,,
25504,22784,120137,EMEA,Adapazari
25505,22784,120137,AP,
25506,22784,120137,EMEA,Izmit
25508,22794,120371,NA,
25509,22798,120435,NA,
25510,22798,120435,LA,
25511,22798,120435,EMEA,
25512,22798,120435,AP,
25513,22799,120436,NA,
25514,22799,120436,LA,
25515,22799,120436,EMEA,
25516,22799,120436,AP,
25517,22800,120557,,
25518,22806,120856,EMEA,
25519,22806,120856,AP,
25520,22807,120857,EMEA,
25521,22807,120857,AP,
25522,22808,120911,NA,
25523,22808,120911,LA,
25524,22808,120911,EMEA,
25525,22808,120911,AP,
25526,22819,121189,,
25527,22825,121256,,
25528,22831,121329,NA,
25529,22833,121331,NA,
25530,22834,121332,NA,
25531,22845,121656,NA,
25532,22854,121932,,
25533,22855,121933,NA,
25534,22855,121933,LA,
25535,22855,121933,EMEA,
25536,22855,121933,AP,
25537,20152,67693,NA,
25538,20154,67695,NA,
25539,20155,67696,NA,
25540,20156,67698,NA,
25541,20390,70719,EMEA,
25542,20446,71592,NA,
25543,20446,71592,LA,
25544,20446,71592,EMEA,
25545,20446,71592,AP,
25546,20807,78040,NA,
25547,20807,78040,LA,
25548,20807,78040,EMEA,
25549,20807,78040,AP,
25550,20811,78170,NA,
25551,20811,78170,EMEA,
25552,21059,81721,NA,
25553,21059,81721,LA,
25554,21059,81721,EMEA,
25555,21059,81721,AP,
25556,21060,81722,NA,
25557,21060,81722,LA,
25558,21060,81722,EMEA,
25559,21060,81722,AP,
25560,21180,82939,,
25561,21372,89891,,
25562,21376,90115,,
25563,21377,90116,,
25564,21378,90117,,
25565,21380,90118,,
25566,21449,93285,NA,
25567,21706,100788,NA,
25568,21706,100788,LA,
25569,21706,100788,AP,
25570,21707,100789,,
25571,21714,101291,,
25572,21715,101292,,
25573,21716,101293,,
25574,21717,101294,,
25575,21727,101308,NA,
25576,21727,101308,LA,
25577,21727,101308,EMEA,
25578,21727,101308,AP,
25579,22017,107129,,
25580,22042,108842,NA,
25581,22043,108844,NA,
25582,22044,108845,NA,
25583,22104,110065,NA,
25584,22158,110860,,
25585,22268,112457,NA,
25586,22268,112457,LA,
25587,22268,112457,EMEA,
25588,22268,112457,AP,
25589,22284,112568,EMEA,
25590,23181,126255,NA,
25591,23181,126255,LA,
25592,23181,126255,EMEA,
25593,23181,126255,AP,
25594,23188,126326,NA,
25595,23190,126380,NA,
25596,23190,126380,LA,
25597,23190,126380,EMEA,
25598,23190,126380,AP,
25599,23192,126381,,
25600,23193,126382,NA,
25601,23193,126382,LA,
25602,23193,126382,AP,
25603,23201,126446,NA,
25604,23202,126447,NA,
25605,23218,126462,,
25606,23219,126463,,
25607,23220,126464,,
25608,23230,126596,,
25609,23232,126652,,
25610,23240,126775,,
25611,23241,126776,,
25612,23242,126777,,
25613,23243,126778,,
25614,23244,126779,,
25615,23254,126973,,
25616,23255,126974,,
25617,23266,127802,,
25618,23275,127871,,
25619,20101,66916,NA,
25620,20480,72572,NA,
25621,20480,72572,LA,
25622,20480,72572,EMEA,
25623,20480,72572,AP,
25624,20566,73939,NA,
25625,20566,73939,LA,
25626,20566,73939,EMEA,
25627,20566,73939,AP,
25628,20567,73940,NA,
25629,20567,73940,LA,
25630,20567,73940,EMEA,
25631,20567,73940,AP,
25632,20569,73954,NA,
25633,20570,73955,NA,
25634,20571,73956,NA,
25635,20572,73957,NA,
25636,20573,73958,NA,
25637,20574,73959,NA,
25638,20644,75134,,
25639,20676,75871,,
25640,20677,75872,,
25641,20678,75873,,
25642,20914,79363,,
25643,21090,81930,NA,
25644,21092,81933,NA,
25645,21093,81934,NA,
25646,21096,81937,NA,
25647,21097,81938,NA,
25648,21098,81939,NA,
25649,21099,81940,NA,
25650,21101,81943,NA,
25651,21216,83683,,
25652,21222,83839,NA,
25653,21222,83839,LA,
25654,21222,83839,AP,
25655,21223,83840,,
25656,21654,98500,NA,
25657,21654,98500,LA,
25658,21654,98500,EMEA,
25659,21654,98500,AP,
25660,21655,98501,NA,
25661,21655,98501,LA,
25662,21655,98501,EMEA,
25663,21655,98501,AP,
25664,21656,98502,NA,
25665,21656,98502,LA,
25666,21656,98502,EMEA,
25667,21656,98502,AP,
25668,21657,98503,NA,
25669,21657,98503,LA,
25670,21657,98503,EMEA,
25671,21657,98503,AP,
25672,21658,98504,NA,
25673,21658,98504,LA,
25674,21658,98504,EMEA,
25675,21658,98504,AP,
25676,21660,98505,NA,
25677,21660,98505,LA,
25678,21660,98505,EMEA,
25679,21660,98505,AP,
25680,21688,100300,,
25681,22856,121934,NA,
25682,22856,121934,LA,
25683,22856,121934,EMEA,
25684,22856,121934,AP,
25685,22858,121936,NA,
25686,22858,121936,LA,
25687,22858,121936,EMEA,
25688,22858,121936,AP,
25689,22860,121941,AP,
25690,22861,121942,NA,
25691,22866,121947,NA,
25692,22872,122093,NA,
25693,22874,122095,NA,
25694,22890,122256,NA,
25695,22894,122335,,
25696,22896,122412,NA,
25697,22896,122412,LA,
25698,22896,122412,EMEA,
25699,22896,122412,AP,Thailand
25703,22896,122412,AP,Nippon Giant
25707,22896,122412,AP,Indonesia
25708,22902,122419,,
25709,22919,122677,NA,
25710,22921,122679,NA,
25711,22922,122680,NA,
25712,22924,122682,NA,
25713,22925,122683,NA,
25714,22928,122686,NA,
25715,22930,122688,NA,
25716,22932,122690,NA,
25717,22934,122692,NA,
25718,22950,123025,,
25719,22967,123188,,
25720,22974,123431,,
25721,22978,123677,,
25722,23034,124327,,
25723,23040,124472,LA,
25724,23044,124541,NA,
25725,23044,124541,EMEA,
25726,23072,124827,LA,
25727,23072,124827,AP,
25728,23074,124829,NA,
25729,23088,125189,NA,
25730,23088,125189,LA,
25731,23088,125189,EMEA,
25732,23088,125189,AP,
25733,23089,125190,NA,
25734,23089,125190,EMEA,
25735,23094,125196,,
25736,23095,125197,NA,
25737,23095,125197,LA,
25738,23095,125197,EMEA,Adapazari
25739,23095,125197,AP,
25742,23095,125197,EMEA,Izmit
25744,20191,68134,NA,
25745,20193,68136,NA,
25746,20194,68137,NA,
25747,20515,73026,,
25748,20768,77324,,
25749,21034,81290,NA,
25750,21034,81290,LA,
25751,21034,81290,EMEA,
25752,21034,81290,AP,
25753,21035,81291,NA,
25754,21035,81291,LA,
25755,21035,81291,EMEA,
25756,21035,81291,AP,
25757,21036,81292,NA,
25758,21036,81292,LA,
25759,21036,81292,EMEA,
25760,21036,81292,AP,
25761,21037,81293,NA,
25762,21037,81293,LA,
25763,21037,81293,EMEA,
25764,21037,81293,AP,
25765,21311,85710,,
25766,21666,99450,,
25767,21669,99614,NA,
25768,21930,105126,,
25769,22053,109029,NA,
25770,22053,109029,LA,
25771,22053,109029,EMEA,
25772,22053,109029,AP,
25773,22054,109122,NA,
25774,22054,109122,EMEA,
25775,22055,109123,NA,
25776,22055,109123,EMEA,
25777,22142,110677,,
25778,22144,110681,,
25779,22314,112919,,
25780,22348,113378,NA,
25781,22470,115471,NA,
25782,22470,115471,LA,
25783,22470,115471,EMEA,
25784,22470,115471,AP,
25785,22475,115477,,
25786,22502,116119,,
25787,22539,116407,NA,
25788,22557,116803,NA,Medicine Hat
25789,22557,116803,NA,Napanee
25790,22557,116803,NA,Valleyfield
25791,22557,116803,NA,Chem Niagara Falls
25792,22562,116808,,
25793,22692,118814,EMEA,Adapazari
25794,22692,118814,EMEA,Izmit
25795,22692,118814,EMEA,South Africa
25796,22705,119038,NA,
25797,23276,127872,,
25798,23277,127873,,
25799,23292,127998,,
25800,23294,128056,NA,
25801,23294,128056,LA,
25802,23294,128056,EMEA,
25803,23294,128056,AP,
25804,23297,128060,NA,
25805,23300,128064,NA,
25806,23300,128064,LA,
25807,23300,128064,EMEA,Adapazari
25808,23300,128064,AP,
25811,23300,128064,EMEA,Izmit
25815,23300,128064,EMEA,
25816,23300,128064,AP,Nippon Giant
25817,23304,128197,,
25818,23317,128375,,
25819,23322,128380,NA,
25820,23322,128380,LA,
25821,23322,128380,EMEA,
25822,23322,128380,AP,
25823,23327,128388,NA,
25824,23327,128388,LA,
25825,23327,128388,EMEA,
25826,23327,128388,AP,
25827,23332,128399,,
25828,23335,128402,,
25829,23340,128460,NA,
25830,23340,128460,LA,
25831,23340,128460,EMEA,Adapazari
25832,23340,128460,AP,
25835,23340,128460,EMEA,Izmit
25837,23351,128519,,
25838,23366,128690,AP,
25839,23436,129413,,
25840,23658,130927,,
25841,23780,132428,NA,
25842,23781,132429,NA,
25843,20128,67160,NA,
25844,20128,67160,LA,
25845,20128,67160,EMEA,
25846,20128,67160,AP,
25847,20130,67161,NA,
25848,20130,67161,LA,
25849,20130,67161,EMEA,
25850,20130,67161,AP,
25851,20234,68563,NA,
25852,20234,68563,LA,
25853,20234,68563,AP,
25854,20235,68564,NA,Medicine Hat
25855,20235,68564,LA,
25856,20235,68564,EMEA,
25857,20235,68564,AP,
25858,20235,68564,NA,Napanee
25862,20235,68564,NA,Valleyfield
25866,20235,68564,NA,
25869,20235,68564,AP,Nippon Giant
25870,20235,68564,NA,Chem Niagara Falls
25874,20236,68566,NA,
25875,20236,68566,LA,
25876,20236,68566,EMEA,Adapazari
25877,20236,68566,AP,
25880,20236,68566,EMEA,Izmit
25882,20332,69586,NA,
25883,20332,69586,LA,
25884,20332,69586,EMEA,
25885,20332,69586,AP,
25886,20333,69587,NA,
25887,20333,69587,LA,
25888,20333,69587,EMEA,
25889,20333,69587,AP,
25890,20651,75469,NA,
25891,20670,75752,NA,
25892,20670,75752,LA,
25893,20670,75752,EMEA,
25894,20670,75752,AP,
25895,20671,75753,NA,
25896,20671,75753,LA,
25897,20671,75753,EMEA,
25898,20671,75753,AP,
25899,20672,75810,NA,
25900,20707,76306,AP,
25901,20722,76682,NA,Medicine Hat
25902,20722,76682,LA,
25903,20722,76682,EMEA,
25904,20722,76682,AP,
25905,20722,76682,NA,Napanee
25909,20722,76682,NA,
25911,20722,76682,EMEA,Adapazari
25915,20722,76682,EMEA,Izmit
25920,20722,76682,AP,Thailand
25924,20722,76682,AP,Nippon Giant
25928,20722,76682,AP,Indonesia
25931,20722,76682,EMEA,Marangoni S.p.A Rovereto
25935,20722,76682,EMEA,Marangoni S.p.A Hamburg
25939,20722,76682,EMEA,Omya Uk Limited-Masterbatches
25943,20722,76682,EMEA,Melksham
25947,20722,76682,EMEA,Krusevac
25949,20723,76683,NA,Medicine Hat
25950,20723,76683,LA,
25951,20723,76683,EMEA,
25952,20723,76683,AP,
25953,20723,76683,NA,Napanee
25957,20723,76683,NA,Valleyfield
25961,20723,76683,NA,
25964,20723,76683,AP,Nippon Giant
25968,20723,76683,AP,Indonesia
25969,20723,76683,NA,Chem Niagara Falls
25973,20724,76684,NA,Medicine Hat
25974,20724,76684,LA,
25975,20724,76684,EMEA,
25976,20724,76684,AP,
25977,20724,76684,NA,Napanee
25981,20724,76684,NA,Valleyfield
25985,20724,76684,NA,
25987,20724,76684,EMEA,Adapazari
25991,20724,76684,EMEA,Izmit
25996,20724,76684,AP,Nippon Giant
26000,20724,76684,AP,Indonesia
26001,20724,76684,NA,Chem Niagara Falls
26005,20725,76685,NA,Medicine Hat
26006,20725,76685,LA,
26007,20725,76685,EMEA,
26008,20725,76685,AP,
26009,20725,76685,NA,Napanee
26013,20725,76685,NA,Valleyfield
26017,20725,76685,NA,
26020,20725,76685,AP,Nippon Giant
26024,20725,76685,AP,Indonesia
26025,20725,76685,NA,Chem Niagara Falls
26029,20745,76951,,
26030,20814,78176,,
26031,20816,78178,,
26032,20819,78181,,
26033,20823,78185,,
26034,20824,78186,,
26035,20826,78189,NA,
26036,20910,79296,,
26037,20911,79297,,
26038,23104,125321,NA,
26039,23104,125321,LA,
26040,23104,125321,EMEA,
26041,23104,125321,AP,Thailand
26045,23104,125321,AP,Nippon Giant
26049,23104,125321,AP,Indonesia
26050,23116,125398,,
26051,23124,125534,NA,
26052,23124,125534,LA,
26053,23124,125534,EMEA,
26054,23124,125534,AP,
26055,23126,125540,,
26056,23127,125541,,
26057,23135,125611,NA,
26058,23142,125624,,
26059,23152,126030,,
26060,23158,126100,,
26061,23175,126249,NA,
26062,23176,126250,NA,
26063,23177,126251,NA,
26064,23178,126252,NA,
26065,23179,126253,NA,
26066,23180,126254,NA,
26067,23182,126256,,
26068,23198,126388,,
26069,23200,126445,,
26070,23208,126453,NA,
26071,23209,126454,NA,
26072,23210,126455,NA,
26073,23212,126457,NA,
26074,23213,126458,NA,
26075,23214,126459,NA,
26076,23215,126460,NA,
26077,23216,126461,NA,
26078,23222,126528,,
26079,23223,126529,,
26080,23224,126530,,
26081,23233,126653,,
26082,23234,126710,NA,
26083,20164,67800,NA,
26084,20231,68549,NA,
26085,20277,68998,NA,
26086,20277,68998,LA,
26087,20277,68998,EMEA,
26088,20277,68998,AP,
26089,20278,68999,NA,
26090,20278,68999,LA,
26091,20278,68999,EMEA,
26092,20278,68999,AP,
26093,20279,69000,,
26094,20476,72364,LA,
26095,20558,73665,EMEA,
26096,20558,73665,AP,
26097,20584,74102,,
26098,20586,74103,NA,
26099,20586,74103,LA,
26100,20586,74103,EMEA,Adapazari
26101,20586,74103,AP,
26104,20586,74103,EMEA,Izmit
26108,20586,74103,EMEA,
26109,20586,74103,AP,Thailand
26113,20586,74103,AP,Indonesia
26114,20588,74168,NA,
26115,20588,74168,LA,
26116,20588,74168,EMEA,
26117,20588,74168,AP,
26118,20589,74169,NA,
26119,20589,74169,LA,
26120,20589,74169,EMEA,
26121,20589,74169,AP,
26122,20590,74170,NA,
26123,20590,74170,LA,
26124,20590,74170,EMEA,
26125,20590,74170,AP,
26126,20591,74171,NA,
26127,20591,74171,LA,
26128,20591,74171,EMEA,
26129,20591,74171,AP,
26130,20744,76949,,
26131,20894,79118,,
26132,20948,79849,,
26133,20950,79852,,
26134,20984,80264,NA,
26135,20984,80264,LA,
26136,20984,80264,EMEA,
26137,20984,80264,AP,
26138,21109,82065,EMEA,
26139,21306,85606,,
26140,21307,85607,,
26141,21580,96177,,
26142,21840,103591,NA,
26143,21988,106649,LA,Sao Paulo
26144,21988,106649,LA,Colombia
26145,21988,106649,LA,Peru
26146,21989,106650,LA,
26147,21991,106652,LA,Sao Paulo
26148,21991,106652,LA,Colombia
26149,21991,106652,LA,Peru
26150,22078,109495,NA,
26151,23367,128691,NA,
26152,23367,128691,LA,
26153,23367,128691,EMEA,
26154,23367,128691,AP,
26155,23396,128870,NA,
26156,23396,128870,LA,
26157,23396,128870,EMEA,
26158,23396,128870,AP,
26159,23398,128923,NA,
26160,23398,128923,LA,
26161,23398,128923,EMEA,
26162,23398,128923,AP,
26163,23423,129348,NA,
26164,23423,129348,LA,
26165,23423,129348,AP,
26166,23424,129349,NA,Medicine Hat
26167,23424,129349,LA,
26168,23424,129349,AP,
26169,23424,129349,NA,Napanee
26172,23424,129349,NA,Valleyfield
26175,23508,130067,,
26176,23602,130505,NA,
26177,23602,130505,LA,
26178,23602,130505,EMEA,Melksham
26179,23602,130505,AP,
26180,23641,130788,,
26181,23642,130790,NA,
26182,23642,130790,LA,
26183,23642,130790,AP,
26184,23644,130834,NA,
26185,23644,130834,LA,
26186,23644,130834,EMEA,
26187,23644,130834,AP,
26188,23692,131292,,
26189,23754,132094,NA,
26190,23755,132095,NA,
26191,23756,132096,NA,
26192,23871,133363,,
26193,20203,68264,,
26194,20204,68273,LA,
26195,20441,71584,NA,
26196,20441,71584,LA,
26197,20441,71584,EMEA,
26198,20441,71584,AP,
26199,20458,72001,NA,
26200,20458,72001,LA,
26201,20458,72001,EMEA,Adapazari
26202,20458,72001,AP,
26205,20458,72001,EMEA,Izmit
26207,20711,76443,NA,
26208,20711,76443,LA,
26209,20711,76443,EMEA,
26210,20711,76443,AP,
26211,20912,79299,,
26212,20938,79594,,
26213,21174,82866,NA,
26214,21248,84449,,
26215,21258,84757,EMEA,
26216,21259,84758,EMEA,
26217,21273,84771,,
26218,21302,85307,,
26219,21473,93672,NA,
26220,21730,101500,NA,
26221,21730,101500,LA,
26222,21730,101500,EMEA,
26223,21730,101500,AP,
26224,21731,101501,NA,
26225,21731,101501,LA,
26226,21731,101501,EMEA,
26227,21731,101501,AP,
26228,21732,101502,NA,
26229,21732,101502,LA,
26230,21732,101502,EMEA,
26231,21732,101502,AP,
26232,21734,101504,NA,
26233,21734,101504,LA,
26234,21734,101504,EMEA,
26235,21734,101504,AP,
26236,21735,101505,NA,
26237,21735,101505,LA,
26238,21735,101505,EMEA,
26239,21735,101505,AP,
26240,21737,101507,,
26241,21774,102280,,
26242,21816,103147,AP,
26243,21843,103673,,
26244,21844,103674,,
26245,21845,103675,NA,
26246,21845,103675,LA,
26247,21862,103946,NA,
26248,21862,103946,LA,
26249,21862,103946,EMEA,
26250,21862,103946,AP,
26251,23236,126712,NA,
26252,23236,126712,EMEA,
26253,23246,126839,,
26254,23278,127874,,
26255,23279,127875,,
26256,23280,127876,,
26257,23281,127877,,
26258,23282,127878,,
26259,23283,127879,,
26260,23286,127936,,
26261,23287,127937,,
26262,23288,127938,,
26263,23295,128057,NA,
26264,23295,128057,LA,
26265,23295,128057,EMEA,
26266,23295,128057,AP,
26267,23302,128122,EMEA,
26268,23306,128254,NA,
26269,23306,128254,LA,
26270,23306,128254,EMEA,
26271,23306,128254,AP,
26272,23309,128260,,
26273,23310,128261,,
26274,23316,128373,NA,
26275,23324,128385,NA,
26276,23324,128385,EMEA,
26277,23326,128387,EMEA,Debica
26278,23326,128387,EMEA,Philippsburg
26279,23326,128387,EMEA,Adapazari
26280,23326,128387,EMEA,Sava
26281,23326,128387,EMEA,Izmit
26282,23326,128387,EMEA,Fulda
26283,23326,128387,EMEA,South Africa
26284,23326,128387,EMEA,Amiens South
26285,23326,128387,EMEA,Montlucon
26286,23326,128387,EMEA,Hanau
26287,23326,128387,EMEA,Wittlich
26288,23326,128387,EMEA,Riesa
26289,23326,128387,EMEA,Polymer-Technik Elbe GmbH
26290,23326,128387,EMEA,ICM*L
26291,23326,128387,EMEA,RCCE
26292,23326,128387,EMEA,Conbelts Bytom-SAEU
26293,23326,128387,EMEA,DRC Kauucuk
26294,23326,128387,EMEA,Empresa Industrial de Borracha SA-EIB
26295,23326,128387,EMEA,FTT Stomil Wolbrom SA
26296,23326,128387,EMEA,Geyer and Hosaja-Zak-ADY Gumowe w Mielcu-Sp. Zo.o
26297,23326,128387,EMEA,Hexpol - Berwin
26298,23326,128387,EMEA,Kabat Tyre
26299,23326,128387,EMEA,Kolsan
26300,23326,128387,EMEA,Kraiburg Austria GmbH and Co. KG
26301,23326,128387,EMEA,Marangoni S.p.A Rovereto
26302,23326,128387,EMEA,Marangoni S.p.A Hamburg
26303,23326,128387,EMEA,Matrax s.r.o.
26304,23326,128387,EMEA,Multiblend
26305,23326,128387,EMEA,Omya Uk Limited-Masterbatches
26306,23326,128387,EMEA,Ozka Lastik ve Kaucuk Inc.
26307,23326,128387,EMEA,Peintures Robin S.A-Paints /Cements
26308,23326,128387,EMEA,Phoenix Compound Technology Hamburg
26309,23326,128387,EMEA,Phoenix Compound Technology Waltershausen
26310,23326,128387,EMEA,ProPS s.r.o.
26311,23326,128387,EMEA,S and N Rubber¿
26312,23326,128387,EMEA,Socamont-S.A.
26313,23326,128387,EMEA,Stomil Poznan
26314,23326,128387,EMEA,Tecnogum
26315,23326,128387,EMEA,Vil Kaucuk San.ve Tic. Ltd Sti
26316,23326,128387,EMEA,Zaklady Chemiczne BOCHEM Sp. z o.o
26317,23326,128387,EMEA,Dudelange
26318,23326,128387,EMEA,Melksham
26319,23326,128387,EMEA,Krusevac
26320,23328,128390,,
26321,23331,128398,,
26322,23338,128455,NA,
26323,23338,128455,LA,
26324,23338,128455,EMEA,
26325,23338,128455,AP,
26326,23356,128577,,
26327,23364,128689,NA,
26328,23364,128689,LA,
26329,23364,128689,AP,
26333,23466,129850,NA,
26334,23469,129854,NA,
26335,23470,129855,NA,
26336,20138,67284,NA,
26337,20138,67284,LA,
26338,20138,67284,EMEA,Adapazari
26339,20138,67284,AP,
26342,20138,67284,EMEA,Izmit
26344,20400,70924,,
26345,20530,73163,,
26346,20632,75058,NA,
26347,20883,78825,NA,
26348,21054,81541,,
26349,21081,81855,NA,
26350,21084,81858,NA,
26351,21084,81858,LA,
26352,21084,81858,EMEA,
26353,21084,81858,AP,
26354,21085,81859,NA,
26355,21085,81859,LA,
26356,21085,81859,EMEA,
26357,21085,81859,AP,
26358,21086,81861,NA,
26359,21086,81861,LA,
26360,21086,81861,EMEA,
26361,21086,81861,AP,
26362,21087,81862,NA,
26363,21087,81862,LA,
26364,21087,81862,EMEA,
26365,21087,81862,AP,
26366,21340,88275,,
26367,21432,92799,EMEA,
26368,21628,97591,,
26369,21744,101798,,
26370,21745,101799,NA,
26371,21745,101799,LA,
26372,21745,101799,EMEA,
26373,21745,101799,AP,
26374,21746,101800,NA,
26375,21746,101800,LA,
26376,21746,101800,EMEA,
26377,21746,101800,AP,
26378,21747,101801,,
26379,21749,101803,,
26380,21960,106175,,
26381,21962,106179,,
26382,21963,106182,,
26383,21964,106184,,
26384,22064,109214,,
26385,22094,109805,NA,
26386,22154,110856,,
26387,23387,128812,NA,
26388,23388,128813,NA,
26389,23392,128817,AP,
26390,23594,130378,,
26391,23626,130675,NA,
26392,23626,130675,LA,
26393,23626,130675,EMEA,
26394,23626,130675,AP,
26395,23627,130676,NA,
26396,23627,130676,LA,
26397,23627,130676,EMEA,
26398,23627,130676,AP,
26399,23633,130682,,
26400,23634,130683,,
26401,20232,68550,NA,
26402,20233,68551,NA,
26403,20546,73404,AP,
26404,20614,74463,NA,
26405,20614,74463,LA,
26406,20614,74463,EMEA,
26407,20614,74463,AP,
26408,20615,74464,NA,
26409,20615,74464,LA,
26410,20615,74464,EMEA,
26411,20615,74464,AP,
26412,20616,74465,NA,
26413,20616,74465,LA,
26414,20616,74465,EMEA,
26415,20616,74465,AP,
26416,20622,74991,NA,
26417,20622,74991,LA,
26418,20622,74991,EMEA,
26419,20622,74991,AP,
26420,20624,74993,,
26421,20627,74996,,
26422,20628,74997,NA,
26423,20628,74997,LA,
26424,20628,74997,EMEA,
26425,20628,74997,AP,
26426,20629,74998,NA,
26427,20629,74998,LA,
26428,20629,74998,EMEA,
26429,20629,74998,AP,
26430,20680,75874,EMEA,
26431,20740,76871,,
26432,20746,77028,,
26433,20810,78169,NA,
26434,20812,78171,NA,
26435,20812,78171,EMEA,
26436,20818,78180,,
26437,21164,82787,NA,
26438,21164,82787,LA,
26439,21370,89685,NA,
26440,21370,89685,LA,
26441,21370,89685,EMEA,Adapazari
26442,21370,89685,AP,
26445,21370,89685,EMEA,Izmit
26447,21374,90003,,
26448,21623,97454,NA,
26449,21623,97454,LA,
26450,21623,97454,EMEA,
26451,21623,97454,AP,
26452,21624,97455,NA,
26453,21624,97455,LA,
26454,21624,97455,EMEA,
26455,21624,97455,AP,
26456,21742,101792,NA,
26457,21742,101792,LA,
26458,21742,101792,EMEA,
26459,21742,101792,AP,
26460,21863,103947,AP,Malaysia
26461,21863,103947,AP,Thailand
26462,21863,103947,AP,Nippon Giant
26463,21863,103947,AP,Indonesia
26464,21863,103947,AP,Pulandian
26465,23430,129360,,
26466,23590,130339,NA,
26467,23590,130339,EMEA,
26468,23590,130339,AP,
26469,23592,130342,,
26470,23595,130379,,
26471,23734,131794,,
26472,23736,131906,EMEA,
26473,23804,132821,NA,
26474,23804,132821,LA,
26475,23804,132821,EMEA,
26476,23804,132821,AP,
26477,20113,67036,,
26478,20263,68852,,
26479,20714,76582,NA,Medicine Hat
26480,20714,76582,LA,
26481,20714,76582,EMEA,
26482,20714,76582,AP,
26483,20714,76582,NA,Napanee
26487,20714,76582,NA,Valleyfield
26491,20714,76582,NA,
26493,20714,76582,EMEA,Adapazari
26497,20714,76582,EMEA,Izmit
26500,20714,76582,LA,Peru
26506,20714,76582,AP,Nippon Giant
26510,20714,76582,AP,Indonesia
26511,20714,76582,NA,Chem Niagara Falls
26515,20717,76584,NA,Medicine Hat
26516,20717,76584,LA,
26517,20717,76584,EMEA,
26518,20717,76584,AP,
26519,20717,76584,NA,Napanee
26523,20717,76584,NA,Valleyfield
26527,20717,76584,NA,
26529,20717,76584,EMEA,Adapazari
26533,20717,76584,EMEA,Izmit
26536,20717,76584,LA,Peru
26542,20717,76584,AP,Nippon Giant
26546,20717,76584,AP,Indonesia
26547,20717,76584,NA,Chem Niagara Falls
26553,20717,76584,EMEA,Vil Kaucuk San.ve Tic. Ltd Sti
26555,20718,76585,NA,Medicine Hat
26556,20718,76585,LA,
26557,20718,76585,EMEA,
26558,20718,76585,AP,
26559,20718,76585,NA,Napanee
26563,20718,76585,NA,Valleyfield
26567,20718,76585,NA,
26569,20718,76585,EMEA,Adapazari
26573,20718,76585,EMEA,Izmit
26576,20718,76585,LA,Peru
26582,20718,76585,AP,Nippon Giant
26586,20718,76585,AP,Indonesia
26587,20718,76585,NA,Chem Niagara Falls
26593,20718,76585,EMEA,Vil Kaucuk San.ve Tic. Ltd Sti
26595,20719,76586,NA,Medicine Hat
26596,20719,76586,LA,
26597,20719,76586,EMEA,
26598,20719,76586,AP,
26599,20719,76586,NA,Napanee
26603,20719,76586,NA,Valleyfield
26607,20719,76586,NA,
26609,20719,76586,EMEA,Adapazari
26613,20719,76586,EMEA,Izmit
26616,20719,76586,LA,Peru
26622,20719,76586,AP,Nippon Giant
26626,20719,76586,AP,Indonesia
26627,20719,76586,NA,Chem Niagara Falls
26633,20719,76586,EMEA,Vil Kaucuk San.ve Tic. Ltd Sti
26635,20720,76587,NA,Medicine Hat
26636,20720,76587,LA,
26637,20720,76587,EMEA,
26638,20720,76587,AP,
26639,20720,76587,NA,Napanee
26643,20720,76587,NA,Valleyfield
26647,20720,76587,NA,
26649,20720,76587,EMEA,Adapazari
26653,20720,76587,EMEA,Izmit
26656,20720,76587,LA,Peru
26662,20720,76587,AP,Nippon Giant
26666,20720,76587,AP,Indonesia
26667,20720,76587,NA,Chem Niagara Falls
26673,20720,76587,EMEA,Vil Kaucuk San.ve Tic. Ltd Sti
26675,20721,76588,NA,
26676,20721,76588,LA,
26677,20721,76588,EMEA,
26678,20721,76588,AP,
26679,20858,78282,NA,Napanee
26680,20858,78282,NA,Valleyfield
26681,20858,78282,NA,Chem Niagara Falls
26682,21119,82219,,
26683,21392,90918,NA,
26684,21392,90918,LA,
26685,21392,90918,AP,
26686,21668,99613,NA,
26687,22080,109496,NA,
26688,22110,110239,,
26689,22155,110857,,
26690,22360,113722,NA,
26691,22448,114954,,
26692,22498,115939,,
26693,22510,116213,NA,
26694,22510,116213,LA,
26695,22510,116213,EMEA,
26696,22510,116213,AP,
26697,22543,116487,,
26698,22545,116489,,
26699,22582,117241,,
26700,22583,117242,,
26701,23472,129858,,
26702,23478,129933,NA,
26703,23478,129933,LA,
26704,23478,129933,EMEA,
26705,23478,129933,AP,
26706,23624,130634,,
26707,23628,130677,EMEA,
26708,23630,130678,EMEA,
26709,23640,130786,,
26710,23690,131290,,
26711,23696,131403,NA,
26712,23697,131404,NA,
26713,23698,131405,NA,
26714,23699,131406,NA,
26715,23718,131663,,
26716,23741,132021,NA,
26717,23741,132021,LA,
26718,23741,132021,EMEA,
26719,23741,132021,AP,Thailand
26723,23741,132021,AP,Indonesia
26726,23741,132021,EMEA,Krusevac
26727,23741,132021,AP,
26728,23782,132430,NA,
26729,23861,133291,,
26730,23878,133430,LA,
26731,23897,133624,NA,
26732,23898,133625,NA,
26733,20094,66795,,
26734,20200,68196,NA,
26735,20200,68196,LA,
26736,20200,68196,EMEA,
26737,20200,68196,AP,
26738,20456,71870,,
26739,20698,76155,,
26740,20886,78882,,
26741,21104,82000,,
26742,21320,86015,,
26743,21321,86016,NA,
26744,21321,86016,LA,
26745,21321,86016,EMEA,
26746,21321,86016,AP,
26747,21433,92915,NA,
26748,21433,92915,LA,
26749,21433,92915,EMEA,
26750,21433,92915,AP,
26751,21434,92916,NA,
26752,21434,92916,LA,
26753,21434,92916,EMEA,
26754,21434,92916,AP,
26755,21435,92917,NA,
26756,21435,92917,LA,
26757,21435,92917,EMEA,
26758,21435,92917,AP,
26759,21436,92918,NA,
26760,21436,92918,LA,
26761,21436,92918,EMEA,
26762,21436,92918,AP,
26763,21437,92919,NA,
26764,21437,92919,LA,
26765,21437,92919,EMEA,
26766,21437,92919,AP,
26767,21438,92920,NA,
26768,21438,92920,LA,
26769,21438,92920,EMEA,
26770,21438,92920,AP,
26771,21574,95774,,
26772,21710,100951,EMEA,
26773,21884,104629,,
26774,22105,110066,,
26775,22106,110067,,
26776,22136,110426,,
26777,22137,110427,,
26778,22160,110936,NA,
26779,22163,110939,NA,
26780,22170,111194,NA,
26781,22170,111194,EMEA,
26782,22171,111195,NA,
26783,22171,111195,EMEA,
26784,22172,111196,NA,
26785,22172,111196,EMEA,
26786,22173,111197,NA,
26787,22173,111197,EMEA,
26788,23390,128815,NA,
26789,23482,129939,,
26790,23762,132216,NA,
26791,23762,132216,LA,
26792,23762,132216,EMEA,
26793,23762,132216,AP,
26794,23793,132657,,
26795,20114,67039,LA,
26796,20114,67039,EMEA,Adapazari
26797,20114,67039,AP,
26799,20114,67039,EMEA,Izmit
26802,20114,67039,EMEA,
26803,20114,67039,AP,Thailand
26806,20114,67039,AP,Indonesia
26807,20281,69007,,
26808,20312,69510,NA,
26809,20312,69510,LA,
26810,20312,69510,EMEA,
26811,20312,69510,AP,
26812,20314,69512,NA,
26813,20314,69512,LA,
26814,20314,69512,EMEA,
26815,20314,69512,AP,
26816,20316,69514,NA,
26817,20316,69514,LA,
26818,20316,69514,EMEA,
26819,20316,69514,AP,
26820,20317,69515,NA,
26821,20317,69515,LA,
26822,20317,69515,EMEA,
26823,20317,69515,AP,
26824,20326,69521,,
26825,20340,69805,,
26826,20422,71217,NA,
26827,20422,71217,LA,
26828,20422,71217,EMEA,
26829,20422,71217,AP,
26830,21123,82224,,
26831,21448,93284,NA,
26832,21448,93284,LA,
26833,21448,93284,EMEA,
26834,21448,93284,AP,
26835,21455,93292,NA,
26836,21455,93292,LA,
26837,21455,93292,EMEA,
26838,21455,93292,AP,
26839,21456,93293,NA,
26840,21456,93293,LA,
26841,21456,93293,EMEA,
26842,21456,93293,AP,
26843,21472,93671,NA,
26844,21472,93671,LA,
26845,21472,93671,EMEA,
26846,21472,93671,AP,
26847,21712,101111,NA,Medicine Hat
26848,21712,101111,LA,
26849,21712,101111,EMEA,
26850,21712,101111,AP,
26851,21712,101111,NA,Napanee
26855,21712,101111,NA,Valleyfield
26859,21712,101111,NA,
26862,21712,101111,AP,Nippon Giant
26863,21778,102370,,
26864,21860,103773,,
26865,22045,108847,NA,
26866,22046,108848,NA,
26867,22140,110588,,
26868,22196,111377,NA,
26869,22298,112749,NA,
26870,22298,112749,LA,
26871,22298,112749,EMEA,
26872,22298,112749,AP,
26873,22461,115215,NA,
26874,22461,115215,LA,
26875,22461,115215,EMEA,
26876,22461,115215,AP,
26877,22592,117390,,
26878,22620,117822,NA,
26879,22621,117823,NA,
26880,22622,117824,NA,
26881,22623,117825,NA,
26882,23485,129942,,
26883,23610,130518,,
26884,23611,130519,,
26885,23673,131096,,
26886,23684,131157,,
26887,23686,131214,EMEA,Adapazari
26888,23686,131214,EMEA,Izmit
26889,23686,131214,EMEA,Melksham
26890,23760,132214,,
26891,23763,132217,NA,
26892,23763,132217,LA,
26893,23763,132217,EMEA,
26894,23763,132217,AP,
26895,23870,133362,,
26896,20134,67279,LA,
26897,20148,67620,,
26898,20161,67753,,
26899,20774,77469,NA,
26900,20796,77916,,
26901,21020,81068,NA,
26902,21020,81068,LA,
26903,21020,81068,EMEA,
26904,21020,81068,AP,
26905,21048,81429,NA,
26906,21048,81429,LA,
26907,21048,81429,EMEA,
26908,21048,81429,AP,
26909,21066,81726,NA,
26910,21066,81726,LA,
26911,21066,81726,EMEA,
26912,21066,81726,AP,
26913,21067,81727,NA,
26914,21067,81727,LA,
26915,21067,81727,EMEA,
26916,21067,81727,AP,
26917,21068,81728,NA,
26918,21068,81728,LA,
26919,21068,81728,EMEA,
26920,21068,81728,AP,
26921,21226,83906,NA,
26922,21228,83908,NA,
26923,21557,95355,NA,
26924,21557,95355,LA,
26925,21557,95355,EMEA,
26926,21557,95355,AP,
26927,21621,97452,NA,
26928,21621,97452,LA,
26929,21621,97452,EMEA,
26930,21621,97452,AP,
26931,21812,103057,NA,
26932,21812,103057,LA,
26933,21812,103057,EMEA,
26934,21812,103057,AP,
26935,21832,103412,,
26936,21912,104845,,
26937,22118,110321,NA,
26938,22119,110322,NA,
26939,22120,110323,NA,
26940,22121,110324,NA,
26941,22122,110325,NA,
26942,22123,110326,NA,
26943,22174,111198,NA,
26944,22174,111198,EMEA,
26945,22175,111199,NA,
26946,22175,111199,EMEA,
26947,22176,111200,NA,
26948,22176,111200,EMEA,
26949,22177,111201,NA,
26950,22178,111202,NA,
26951,22187,111217,,
26952,22188,111218,,
26953,22189,111219,,
26954,22190,111220,,
26955,22192,111298,,
26956,22194,111299,NA,
26957,23404,129107,,
26958,23414,129256,,
26959,23476,129898,,
26960,23625,130635,,
26961,23738,131962,NA,
26962,23738,131962,LA,
26963,23738,131962,AP,
26964,20142,67446,NA,
26965,20786,77543,,
26966,20793,77839,,
26967,20809,78045,,
26968,21026,81074,NA,
26969,21026,81074,LA,
26970,21026,81074,EMEA,
26971,21026,81074,AP,
26972,21028,81076,NA,
26973,21028,81076,LA,
26974,21028,81076,EMEA,
26975,21028,81076,AP,
26976,21040,81369,NA,Danville
26977,21040,81369,LA,
26978,21040,81369,EMEA,
26979,21040,81369,AP,
26980,21040,81369,NA,Gadsden
26984,21040,81369,NA,Topeka
26988,21040,81369,NA,Fayetteville
26992,21040,81369,NA,Lawton
26996,21040,81369,NA,Medicine Hat
27000,21040,81369,NA,Napanee
27004,21040,81369,NA,Valleyfield
27008,21040,81369,NA,Social Circle
27012,21040,81369,NA,ICM*A
27016,21040,81369,NA,
27019,21040,81369,AP,Nippon Giant
27020,21040,81369,NA,Chem Bayport
27024,21040,81369,NA,Chem Beaumont
27028,21040,81369,NA,Chem Houston
27032,21040,81369,NA,Chem Niagara Falls
27036,21040,81369,NA,Kingman
27040,21040,81369,NA,Stockbridge
27044,21113,82075,,
27045,21250,84450,,
27046,21556,95353,,
27047,21562,95485,NA,
27048,21562,95485,LA,
27049,21562,95485,EMEA,
27050,21562,95485,AP,
27051,21563,95486,NA,
27052,21563,95486,LA,
27053,21563,95486,EMEA,
27054,21563,95486,AP,
27055,21564,95487,NA,
27056,21564,95487,LA,
27057,21564,95487,EMEA,
27058,21564,95487,AP,
27059,21567,95490,,
27060,21568,95492,,
27061,21760,102092,,
27062,21762,102094,,
27063,21842,103672,,
27064,22227,111746,NA,
27065,22230,111749,NA,
27066,22232,111752,NA,
27067,22248,112106,NA,
27068,23402,128927,NA,
27069,23402,128927,LA,
27070,23402,128927,EMEA,
27071,23402,128927,AP,
27072,23438,129420,LA,
27073,23438,129420,AP,Nippon Giant
27074,23559,130309,,
27075,23664,131035,NA,
27076,23664,131035,LA,
27077,23664,131035,EMEA,
27078,23664,131035,AP,
27079,23666,131036,,
27080,23667,131037,NA,
27081,23667,131037,LA,
27082,23667,131037,EMEA,
27083,23667,131037,AP,
27084,23668,131040,,
27085,23670,131092,,
27086,23671,131093,,
27087,23672,131095,,
27088,23674,131097,,
27089,23676,131099,,
27090,23677,131100,,
27091,23678,131101,,
27092,23679,131102,,
27093,23758,132212,NA,
27094,23758,132212,LA,
27095,23758,132212,EMEA,
27096,23758,132212,AP,
27097,23806,132823,,
27098,23807,132824,,
27099,23810,132827,,
27100,23812,132830,,
27101,20108,67030,EMEA,
27102,20124,67120,,
27103,20125,67121,,
27104,20126,67122,,
27105,20143,67447,,
27106,20144,67529,NA,
27107,20364,70361,,
27108,20630,74999,NA,
27109,20630,74999,LA,
27110,20630,74999,EMEA,
27111,20630,74999,AP,
27112,20733,76761,,
27113,20756,77178,,
27114,20820,78182,,
27115,21202,83381,NA,
27116,21202,83381,LA,
27117,21202,83381,EMEA,
27118,21202,83381,AP,
27119,21235,84060,,
27120,21519,94815,NA,
27121,21519,94815,LA,
27122,21519,94815,EMEA,
27123,21519,94815,AP,
27124,21584,96244,NA,
27125,21584,96244,LA,
27126,21584,96244,EMEA,
27127,21584,96244,AP,
27128,21674,99620,EMEA,
27129,21821,103238,NA,
27130,21822,103239,NA,
27131,22010,107121,,
27132,22086,109692,NA,
27133,22089,109695,NA,
27134,22090,109696,NA,
27135,22206,111386,NA,
27136,22207,111387,NA,
27137,22217,111576,NA,
27138,22217,111576,LA,
27139,22217,111576,EMEA,
27140,22217,111576,AP,
27141,23427,129351,NA,
27142,23427,129351,LA,
27143,23427,129351,AP,
27144,23489,130013,NA,
27145,23491,130015,NA,
27146,23566,130314,NA,
27147,23566,130314,LA,
27148,23566,130314,EMEA,
27149,23566,130314,AP,
27150,23620,130615,NA,
27151,23620,130615,LA,
27152,23620,130615,EMEA,
27153,23620,130615,AP,
27154,23688,131287,,
27155,23713,131658,NA,
27156,23714,131659,NA,
27157,23714,131659,LA,
27158,23714,131659,EMEA,
27159,23714,131659,AP,
27160,23715,131660,NA,
27161,23715,131660,LA,
27162,23715,131660,EMEA,
27163,23715,131660,AP,
27164,23752,132091,NA,
27165,23799,132766,,
27166,23890,133560,,
27167,20170,67848,NA,
27168,20178,67968,,
27169,20198,68194,,
27170,20199,68195,,
27171,20345,69994,NA,
27172,20345,69994,LA,
27173,20345,69994,EMEA,
27174,20345,69994,AP,
27175,20478,72431,EMEA,Adapazari
27176,20478,72431,EMEA,Izmit
27177,20560,73731,NA,
27178,20896,79179,NA,
27179,20896,79179,LA,
27180,20896,79179,EMEA,
27181,20896,79179,AP,
27182,20988,80377,NA,
27183,20988,80377,LA,
27184,20988,80377,EMEA,
27185,20988,80377,AP,
27186,21282,84877,NA,
27187,21282,84877,LA,
27188,21282,84877,EMEA,
27189,21282,84877,AP,
27190,21520,94816,NA,
27191,21520,94816,LA,
27192,21520,94816,EMEA,
27193,21520,94816,AP,Nippon Giant
27194,21582,96240,NA,Medicine Hat
27195,21582,96240,LA,
27196,21582,96240,EMEA,
27197,21582,96240,AP,
27198,21582,96240,NA,Napanee
27202,21582,96240,NA,Valleyfield
27206,21582,96240,NA,
27209,21582,96240,AP,Nippon Giant
27210,21585,96245,NA,
27211,21585,96245,LA,
27212,21585,96245,EMEA,
27213,21585,96245,AP,Nippon Giant
27214,21586,96246,NA,
27215,21586,96246,LA,
27216,21586,96246,EMEA,
27217,21586,96246,AP,
27218,21758,101995,,
27219,21799,102579,NA,
27220,21800,102580,NA,
27221,21934,105218,NA,
27222,21934,105218,LA,
27223,21934,105218,EMEA,
27224,21934,105218,AP,
27225,22151,110687,,
27226,22302,112829,,
27227,23386,128811,NA,
27228,23776,132353,AP,
27229,23840,133007,,
27230,23844,133015,,
27231,23847,133018,,
27232,23884,133493,,
27233,23896,133623,NA,
27234,20226,68515,NA,
27235,20228,68546,NA,
27236,20229,68547,NA,
27237,20230,68548,NA,
27238,20237,68567,,
27239,20256,68802,,
27240,20367,70366,,
27241,20853,78272,NA,
27242,20853,78272,LA,
27243,20853,78272,EMEA,
27244,20853,78272,AP,
27245,20874,78475,,
27246,20891,79054,NA,
27247,20891,79054,LA,
27248,20892,79055,NA,
27249,20892,79055,LA,
27250,20895,79119,,
27251,20904,79238,,
27252,20905,79239,,
27253,21072,81793,,
27254,21073,81794,,
27255,21076,81850,NA,
27256,21078,81852,NA,
27257,21079,81853,NA,
27258,21080,81854,NA,
27259,21108,82064,EMEA,
27260,21206,83385,NA,
27261,21206,83385,LA,
27262,21206,83385,EMEA,
27263,21206,83385,AP,
27264,21224,83841,,
27265,23426,129350,NA,
27266,23426,129350,LA,
27267,23426,129350,AP,
27268,23512,130072,,
27269,23513,130073,NA,
27270,23680,131103,,
27271,23682,131156,,
27272,23800,132767,,
27273,23874,133426,LA,
27274,20110,67034,NA,
27275,20110,67034,LA,
27276,20110,67034,EMEA,
27277,20110,67034,AP,
27278,20222,68430,,
27279,20300,69425,NA,
27280,20300,69425,LA,
27281,20300,69425,EMEA,
27282,20300,69425,AP,
27283,20306,69432,NA,
27284,20306,69432,LA,
27285,20306,69432,EMEA,
27286,20306,69432,AP,
27287,20307,69433,NA,
27288,20307,69433,LA,
27289,20307,69433,EMEA,
27290,20307,69433,AP,
27291,20308,69434,NA,
27292,20308,69434,LA,
27293,20308,69434,EMEA,
27294,20308,69434,AP,
27295,20348,70077,NA,
27296,20348,70077,LA,
27297,20348,70077,EMEA,
27298,20348,70077,AP,
27299,20349,70078,NA,
27300,20349,70078,LA,
27301,20349,70078,EMEA,
27302,20349,70078,AP,
27303,20372,70508,NA,
27304,20372,70508,LA,
27305,20372,70508,EMEA,
27306,20372,70508,AP,
27307,20497,72952,NA,
27308,20500,72955,NA,
27309,20592,74178,,
27310,20752,77103,,
27311,20753,77104,,
27312,20754,77105,,
27313,20758,77179,,
27314,20963,79984,NA,
27315,20964,79985,NA,
27316,20967,79988,NA,
27317,21132,82487,NA,
27318,21133,82488,NA,
27319,21134,82491,,
27320,21138,82563,AP,
27321,21140,82565,AP,
27322,23400,128925,NA,
27323,23400,128925,LA,
27324,23400,128925,EMEA,
27325,23400,128925,AP,
27326,23401,128926,NA,
27327,23401,128926,LA,
27328,23401,128926,EMEA,
27329,23401,128926,AP,
27330,23458,129718,NA,Danville
27331,23458,129718,NA,Topeka
27332,23458,129718,NA,Fayetteville
27333,23458,129718,NA,Lawton
27334,23458,129718,NA,Medicine Hat
27335,23458,129718,NA,Napanee
27336,23458,129718,NA,Valleyfield
27337,23458,129718,NA,Social Circle
27338,23458,129718,NA,ICM*A
27339,23458,129718,NA,Chem Bayport
27340,23458,129718,NA,Chem Beaumont
27341,23458,129718,NA,Chem Houston
27342,23458,129718,NA,Chem Niagara Falls
27343,23458,129718,NA,NA-LA-AP Except AIRCRAFT
27344,23458,129718,NA,Other
27345,23458,129718,NA,San Luis Potosi
27346,23458,129718,NA,Kingman
27347,23458,129718,NA,Stockbridge
27348,23458,129718,NA,Clarksdale
27349,23458,129718,NA,Findlay
27350,23458,129718,NA,Texarkana
27351,23458,129718,NA,Tupelo
27352,23458,129718,NA,Tall Timbers
27353,23524,130205,NA,
27354,23524,130205,EMEA,
27355,23525,130206,NA,
27356,23525,130206,EMEA,
27357,23526,130207,NA,
27358,23526,130207,EMEA,
27359,23527,130208,NA,
27360,23527,130208,EMEA,
27361,23528,130209,NA,
27362,23528,130209,EMEA,
27363,23529,130210,NA,
27364,23529,130210,EMEA,
27365,23540,130253,NA,
27366,23540,130253,LA,
27367,23540,130253,EMEA,
27368,23540,130253,AP,
27369,23621,130616,,
27370,23623,130618,NA,
27371,23663,130984,NA,
27372,23663,130984,LA,
27373,23663,130984,EMEA,Melksham
27374,23663,130984,AP,
27375,23767,132222,NA,
27376,23769,132224,NA,
27377,23770,132225,NA,
27378,23770,132225,LA,
27379,23771,132226,NA,
27380,20207,68309,,
27381,20210,68311,,
27382,20238,68603,NA,
27383,20238,68603,LA,
27384,20238,68603,EMEA,
27385,20238,68603,AP,
27386,20562,73869,,
27387,20922,79428,,
27388,20968,79991,NA,
27389,21016,81020,NA,
27390,21016,81020,LA,
27391,21016,81020,EMEA,
27392,21016,81020,AP,
27393,21181,82940,NA,
27394,21244,84347,NA,
27395,21244,84347,LA,
27396,21244,84347,EMEA,
27397,21244,84347,AP,
27398,21245,84348,NA,
27399,21245,84348,LA,
27400,21245,84348,EMEA,
27401,21245,84348,AP,
27402,21260,84759,NA,
27403,21261,84760,NA,
27404,21262,84761,NA,
27405,21263,84762,NA,
27406,21264,84763,NA,
27407,21264,84763,LA,
27408,21264,84763,EMEA,
27409,21264,84763,AP,
27410,21265,84764,NA,
27411,21266,84765,NA,
27412,21361,89249,NA,
27413,21361,89249,LA,
27414,21361,89249,EMEA,
27415,21361,89249,AP,
27416,21390,90802,,
27417,21393,90919,NA,
27418,21393,90919,LA,
27419,21393,90919,EMEA,Adapazari
27420,21393,90919,AP,
27423,21393,90919,EMEA,Izmit
27425,21394,90920,NA,
27426,21394,90920,LA,
27427,21394,90920,EMEA,Adapazari
27428,21394,90920,AP,
27431,21394,90920,EMEA,Izmit
27433,21410,91285,,
27434,21606,97047,,
27435,21612,97311,NA,
27436,21612,97311,LA,
27437,21612,97311,EMEA,Adapazari
27438,21612,97311,AP,
27441,21612,97311,EMEA,Izmit
27443,21637,98191,,
27444,21638,98192,NA,
27445,21638,98192,LA,
27446,21638,98192,EMEA,
27447,21638,98192,AP,
27448,21639,98193,NA,
27449,21639,98193,LA,
27450,21639,98193,EMEA,
27451,21639,98193,AP,
27452,21876,104440,NA,
27453,21876,104440,LA,
27454,21876,104440,EMEA,
27455,21914,104931,,
27456,23702,131459,,
27457,23704,131464,,
27458,23830,132945,,
27459,23848,133072,,
27460,20261,68808,NA,
27461,20261,68808,LA,
27462,20276,68997,NA,
27463,20310,69436,NA,
27464,20310,69436,LA,
27465,20310,69436,EMEA,
27466,20310,69436,AP,
27467,20424,71353,,
27468,20525,73156,,
27469,20526,73160,,
27470,20527,73161,,
27471,20528,73162,,
27472,21050,81485,,
27473,21142,82567,AP,
27474,21332,88176,,
27475,21402,91165,NA,
27476,21404,91167,NA,
27477,21405,91168,NA,
27478,21406,91169,NA,
27479,21406,91169,LA,
27480,21406,91169,EMEA,
27481,21406,91169,AP,
27482,21430,92798,,
27483,21440,92923,EMEA,
27484,21487,94293,NA,
27485,21488,94294,NA,
27486,21508,94684,NA,
27487,21511,94687,NA,
27488,21512,94688,NA,
27489,21513,94689,NA,
27490,21532,94952,,
27491,23381,128754,NA,
27492,23384,128759,NA,
27493,23384,128759,LA,
27494,23384,128759,EMEA,
27495,23384,128759,AP,
27496,23450,129615,,
27497,23460,129805,,
27498,23828,132944,NA,Medicine Hat
27499,23828,132944,LA,
27500,23828,132944,EMEA,
27501,23828,132944,AP,
27502,23828,132944,NA,Napanee
27506,23828,132944,NA,Valleyfield
27510,23828,132944,NA,
27512,23828,132944,EMEA,Adapazari
27516,23828,132944,EMEA,Izmit
27521,23828,132944,AP,Nippon Giant
27524,23828,132944,EMEA,Melksham
27528,23828,132944,EMEA,Krusevac
27530,23869,133361,,
27531,20096,66911,NA,
27532,20097,66912,NA,
27533,20098,66913,NA,
27534,20112,67035,EMEA,
27535,20160,67752,,
27536,20177,67967,,
27537,20224,68481,,
27538,20346,70076,,
27539,20353,70221,,
27540,20403,71059,NA,
27541,20488,72639,NA,
27542,20702,76301,AP,
27543,20706,76305,NA,
27544,20706,76305,LA,
27545,20706,76305,EMEA,
27546,20706,76305,AP,
27547,20866,78411,NA,
27548,20866,78411,LA,
27549,20866,78411,EMEA,
27550,20866,78411,AP,
27551,20890,79053,NA,
27552,20890,79053,LA,
27553,20970,79993,NA,
27554,20980,80105,,
27555,21145,82571,,
27556,21296,85098,NA,Napanee
27557,21296,85098,EMEA,
27558,21296,85098,NA,Valleyfield
27560,21296,85098,NA,Chem Niagara Falls
27562,21298,85203,,
27563,21463,93547,,
27564,21464,93549,NA,
27565,21464,93549,LA,
27566,21464,93549,EMEA,
27567,21464,93549,AP,
27568,21466,93551,NA,
27569,21466,93551,LA,
27570,21466,93551,EMEA,
27571,21466,93551,AP,
27572,21468,93552,,
27573,21776,102281,,
27574,21916,104933,NA,
27575,21917,104934,NA,
27576,21919,104936,NA,
27577,21920,104937,NA,
27578,21921,104938,NA,
27579,21974,106368,,
27580,21975,106369,,
27581,22018,107313,NA,
27582,22030,108379,,
27583,22031,108381,,
27584,23541,130254,NA,
27585,23541,130254,LA,
27586,23541,130254,EMEA,
27587,23541,130254,AP,
27588,23542,130255,NA,
27589,23542,130255,LA,
27590,23542,130255,EMEA,
27591,23542,130255,AP,
27592,23543,130256,NA,
27593,23543,130256,LA,
27594,23543,130256,EMEA,
27595,23543,130256,AP,
27596,23560,130310,,
27597,23578,130324,,
27598,23600,130420,,
27599,23601,130421,,
27600,23740,132019,,
27601,23772,132281,NA,
27602,23772,132281,LA,
27603,23772,132281,EMEA,Adapazari
27604,23772,132281,AP,
27607,23772,132281,EMEA,Izmit
27611,23772,132281,EMEA,Melksham
27613,23858,133289,,
27614,23876,133428,NA,
27615,23876,133428,LA,
27616,23876,133428,EMEA,
27617,23876,133428,AP,
27618,23877,133429,NA,
27619,23877,133429,LA,
27620,23877,133429,EMEA,
27621,23877,133429,AP,
27622,20402,71058,NA,
27623,20404,71060,NA,
27624,20405,71061,NA,
27625,20406,71062,NA,
27626,20484,72635,NA,
27627,20485,72636,NA,
27628,20486,72637,NA,
27629,20487,72638,NA,
27630,20633,75059,NA,
27631,20634,75060,NA,
27632,20635,75061,NA,
27633,20636,75062,NA,
27634,20637,75063,NA,
27635,20929,79436,NA,
27636,20929,79436,LA,
27637,20929,79436,EMEA,
27638,20929,79436,AP,
27639,20931,79438,NA,
27640,20931,79438,LA,
27641,20931,79438,EMEA,
27642,20931,79438,AP,
27643,20932,79439,NA,
27644,20932,79439,LA,
27645,20932,79439,EMEA,
27646,20932,79439,AP,
27647,20982,80203,NA,
27648,20998,80485,NA,
27649,20998,80485,LA,
27650,20998,80485,EMEA,
27651,20998,80485,AP,
27652,20999,80486,NA,
27653,20999,80486,LA,
27654,20999,80486,EMEA,
27655,20999,80486,AP,
27656,21000,80487,NA,
27657,21000,80487,LA,
27658,21000,80487,EMEA,
27659,21000,80487,AP,
27660,21001,80488,NA,
27661,21001,80488,LA,
27662,21001,80488,EMEA,
27663,21001,80488,AP,
27664,21348,89011,NA,
27665,21348,89011,LA,
27666,21348,89011,EMEA,
27667,21348,89011,AP,
27668,21349,89012,NA,
27669,21349,89012,LA,
27670,21349,89012,EMEA,
27671,21349,89012,AP,
27672,21459,93427,,
27673,21615,97446,NA,
27674,21618,97449,NA,
27675,21619,97450,NA,
27676,21620,97451,NA,
27677,21622,97453,NA,
27678,21870,104214,LA,
27679,21870,104214,AP,
27680,21878,104536,NA,
27681,21879,104537,NA,
27682,21923,105029,NA,Napanee
27683,21923,105029,LA,
27684,21923,105029,NA,Valleyfield
27686,21923,105029,NA,Chem Niagara Falls
27688,21926,105032,NA,
27689,21926,105032,LA,
27690,21926,105032,EMEA,
27691,21926,105032,AP,
27692,21928,105033,NA,
27693,21932,105130,NA,
27694,21932,105130,LA,
27695,21932,105130,EMEA,
27696,21932,105130,AP,Nippon Giant
27697,21933,105131,NA,
27698,21933,105131,LA,
27699,21933,105131,EMEA,
27700,21933,105131,AP,Nippon Giant
27701,21935,105219,,
27702,21936,105311,,
27703,23444,129510,NA,
27704,23831,132947,NA,
27705,23831,132947,LA,
27706,23831,132947,AP,
27707,23872,133424,LA,
27708,20329,69524,NA,
27709,20329,69524,LA,
27710,20329,69524,EMEA,
27711,20329,69524,AP,
27712,20396,70855,NA,
27713,20398,70919,NA,
27714,20398,70919,LA,
27715,20398,70919,EMEA,
27716,20398,70919,AP,
27717,20854,78273,NA,
27718,20854,78273,LA,
27719,20854,78273,EMEA,
27720,20854,78273,AP,
27721,20855,78274,NA,
27722,20855,78274,LA,
27723,20855,78274,EMEA,Adapazari
27724,20855,78274,AP,
27727,20855,78274,EMEA,Izmit
27731,20855,78274,EMEA,
27732,20855,78274,AP,Thailand
27736,20855,78274,AP,Nippon Giant
27737,20856,78275,NA,
27738,20856,78275,LA,
27739,20856,78275,EMEA,
27740,20856,78275,AP,Nippon Giant
27741,20978,80052,,
27742,21305,85605,,
27743,21458,93426,,
27744,21678,99788,NA,
27745,21679,99789,NA,
27746,21690,100615,NA,
27747,21691,100616,NA,
27748,21692,100617,NA,
27749,21761,102093,NA,
27750,21761,102093,LA,
27751,21761,102093,EMEA,
27752,21761,102093,AP,
27753,21764,102183,NA,
27754,21765,102184,NA,
27755,21765,102184,LA,
27756,21765,102184,EMEA,
27757,21765,102184,AP,
27758,21766,102185,,
27759,21864,104032,,
27760,21866,104034,,
27761,22032,108383,,
27762,22093,109699,NA,
27763,22150,110686,,
27764,22152,110693,,
27765,23520,130167,,
27766,23522,130203,NA,
27767,23522,130203,EMEA,
27768,23523,130204,NA,
27769,23523,130204,EMEA,
27770,23588,130334,NA,
27771,23716,131662,,
27772,23777,132359,,
27773,23805,132822,NA,
27774,20195,68138,NA,
27775,20496,72951,NA,
27776,20498,72953,NA,
27777,20499,72954,NA,
27778,20501,72956,NA,
27779,20502,72957,NA,
27780,20503,72958,NA,
27781,20504,72959,NA,
27782,20505,72960,NA,
27783,20597,74315,AP,Malaysia
27784,20597,74315,AP,Nippon Giant
27785,20597,74315,AP,Pulandian
27786,20606,74324,NA,
27787,20640,75128,,
27788,20734,76762,,
27789,20828,78191,NA,
27790,20832,78195,NA,
27791,21058,81720,NA,
27792,21058,81720,LA,
27793,21058,81720,EMEA,
27794,21058,81720,AP,
27795,21498,94673,,
27796,21499,94674,,
27797,21500,94675,,
27798,21501,94676,,
27799,21502,94677,,
27800,21503,94678,,
27801,21504,94680,,
27802,21506,94681,NA,
27803,21506,94681,LA,
27804,21506,94681,EMEA,Adapazari
27805,21506,94681,AP,
27808,21506,94681,EMEA,Izmit
27810,21507,94682,NA,
27811,21507,94682,LA,
27812,21507,94682,EMEA,Adapazari
27813,21507,94682,AP,
27816,21507,94682,EMEA,Izmit
27818,23420,129304,NA,
27819,23504,130063,,
27820,23505,130064,,
27821,23506,130065,,
27822,23507,130066,,
27823,23618,130610,NA,
27824,23618,130610,LA,
27825,23618,130610,EMEA,
27826,23618,130610,AP,
27827,23662,130983,NA,
27828,23662,130983,LA,
27829,23662,130983,EMEA,
27830,23662,130983,AP,
27831,23784,132487,,
27832,22482,115649,,
27833,22483,115650,,
27834,22504,116127,,
27835,22506,116129,,
27836,22528,116396,NA,
27837,22530,116398,NA,
27838,22532,116400,NA,
27839,22534,116402,NA,
27840,22535,116403,NA,
27841,22537,116405,NA,
27842,22538,116406,NA,
27843,22540,116408,NA,
27844,22541,116410,NA,
27845,22554,116725,NA,
27846,22554,116725,LA,
27847,22554,116725,EMEA,
27848,22554,116725,AP,
27849,22556,116802,NA,
27850,22556,116802,LA,
27851,22556,116802,AP,
27852,22559,116805,,
27853,22560,116806,NA,
27854,22560,116806,LA,
27855,22560,116806,EMEA,
27856,22560,116806,AP,
27857,22561,116807,,
27858,22564,116810,,
27859,22580,117240,,
27860,22594,117470,,
27861,22615,117685,,
27862,22618,117751,EMEA,
27863,22656,118237,NA,
27864,22660,118299,,
27865,22666,118432,,
27866,22672,118489,,
27867,20418,71143,NA,
27868,20439,71582,NA,
27869,21111,82069,NA,
27870,21184,82943,NA,
27871,21185,82948,NA,
27872,21268,84767,NA,
27873,21268,84767,EMEA,
27874,21552,95344,NA,
27875,21552,95344,LA,
27876,21552,95344,EMEA,
27877,21552,95344,AP,
27878,21634,97889,NA,
27879,21782,102375,,
27880,21830,103325,,
27881,21891,104823,NA,
27882,21891,104823,EMEA,
27883,21892,104824,NA,
27884,21892,104824,EMEA,
27885,21893,104825,NA,
27886,21893,104825,EMEA,
27887,21894,104826,NA,
27888,21894,104826,EMEA,
27889,21895,104827,NA,
27890,21895,104827,EMEA,
27891,21896,104828,NA,
27892,21896,104828,EMEA,
27893,21897,104829,NA,
27894,21897,104829,EMEA,
27895,21994,106930,NA,
27896,21994,106930,LA,
27897,21994,106930,EMEA,
27898,21994,106930,AP,
27899,22050,108934,,
27900,22216,111575,NA,
27901,22216,111575,LA,
27902,22216,111575,EMEA,
27903,22216,111575,AP,
27904,22418,114827,NA,
27905,22418,114827,LA,
27906,22418,114827,EMEA,
27907,22418,114827,AP,
27908,22420,114829,,
27909,22421,114832,,
27910,22422,114833,,
27911,22600,117536,EMEA,
27912,22601,117537,EMEA,
27913,22602,117542,NA,
27914,22602,117542,LA,
27915,22602,117542,EMEA,
27916,22602,117542,AP,
27917,22750,119539,NA,
27918,22750,119539,LA,
27919,22750,119539,EMEA,
27920,22750,119539,AP,
27921,22442,114944,,
27922,22443,114945,,
27923,22445,114947,NA,
27924,22463,115302,NA,
27925,22463,115302,LA,
27926,22463,115302,EMEA,
27927,22463,115302,AP,
27928,22464,115303,NA,
27929,22464,115303,LA,
27930,22464,115303,EMEA,
27931,22464,115303,AP,
27932,22487,115740,NA,
27933,22488,115741,NA,
27934,22489,115742,NA,
27935,22496,115937,NA,
27936,22496,115937,LA,
27937,22496,115937,EMEA,
27938,22496,115937,AP,Nippon Giant
27939,22500,116117,NA,
27940,22500,116117,LA,
27941,22501,116118,NA,
27942,22501,116118,LA,
27943,22505,116128,,
27944,22566,116885,AP,
27945,22567,116886,AP,
27946,22568,116887,AP,
27947,22572,117036,,
27948,22574,117235,,
27949,22576,117236,,
27950,22577,117237,,
27951,22578,117238,,
27952,22579,117239,,
27953,22586,117320,EMEA,
27954,22590,117327,NA,
27955,20180,67976,NA,Chile
27956,20180,67976,NA,San Luis Potosi
27957,20344,69989,NA,
27958,20344,69989,LA,
27959,20344,69989,EMEA,
27960,20344,69989,AP,
27961,20392,70789,NA,
27962,20392,70789,LA,
27963,20392,70789,EMEA,
27964,20392,70789,AP,
27965,20394,70790,NA,
27966,20394,70790,LA,
27967,20394,70790,EMEA,
27968,20394,70790,AP,
27969,20420,71215,NA,
27970,20420,71215,LA,
27971,20420,71215,EMEA,
27972,20420,71215,AP,
27973,20664,75686,,
27974,20666,75687,NA,
27975,20666,75687,LA,
27976,20666,75687,EMEA,
27977,20666,75687,AP,
27978,20667,75688,NA,
27979,20667,75688,LA,
27980,20667,75688,EMEA,
27981,20667,75688,AP,
27982,21203,83382,NA,
27983,21203,83382,LA,
27984,21203,83382,EMEA,
27985,21203,83382,AP,
27986,21322,86117,NA,
27987,21323,86118,,
27988,21546,95215,NA,
27989,21546,95215,LA,
27990,21546,95215,EMEA,
27991,21546,95215,AP,
27992,21547,95216,NA,
27993,21547,95216,LA,
27994,21547,95216,EMEA,
27995,21547,95216,AP,
27996,21549,95221,,
27997,21590,96375,NA,
27998,21590,96375,LA,
27999,21590,96375,EMEA,
28000,21590,96375,AP,
28001,21593,96505,,
28002,22011,107122,,
28003,22092,109698,NA,
28004,22406,114647,NA,
28005,22408,114649,NA,
28006,22409,114650,NA,
28007,22410,114651,NA,
28008,22411,114652,NA,
28009,22412,114653,,
28010,22416,114824,,
28011,22684,118666,NA,
28012,22684,118666,LA,
28013,22684,118666,AP,
28014,22696,118981,,
28015,22697,118982,,
28016,22738,119429,,
28017,22756,119745,,
28018,22761,119809,NA,
28019,22761,119809,LA,
28020,22761,119809,EMEA,
28021,22761,119809,AP,
28022,22762,119813,,
28023,22786,120139,,
28024,22796,120378,NA,
28025,22810,120914,NA,
28026,22830,121328,NA,
28027,22832,121330,NA,
28028,22836,121394,NA,Medicine Hat
28029,22836,121394,LA,
28030,22836,121394,EMEA,
28031,22836,121394,AP,
28032,22836,121394,NA,Napanee
28036,22836,121394,NA,Valleyfield
28040,22836,121394,NA,
28042,22836,121394,EMEA,Debica
28046,22836,121394,EMEA,Philippsburg
28050,22836,121394,EMEA,Luxembourg
28054,22836,121394,EMEA,Sava
28058,22836,121394,EMEA,Fulda
28063,22836,121394,AP,Nippon Giant
28066,22836,121394,EMEA,Montlucon
28070,22836,121394,EMEA,Hanau
28074,22836,121394,EMEA,Wittlich
28078,22836,121394,EMEA,Fuerstenwalde
28082,22836,121394,EMEA,Riesa
28086,22836,121394,EMEA,ICM*L
28088,22837,121395,NA,Medicine Hat
28089,22837,121395,LA,
28090,22837,121395,EMEA,
28091,22837,121395,AP,
28092,22837,121395,NA,Napanee
28096,22837,121395,NA,Valleyfield
28100,22838,121396,NA,
28101,22838,121396,LA,
28102,22838,121396,EMEA,
28103,22838,121396,AP,
28104,22846,121786,,
28105,22848,121791,,
28106,22850,121793,,
28107,22852,121795,,
28108,22857,121935,NA,
28109,22857,121935,LA,
28110,22857,121935,EMEA,
28111,22857,121935,AP,
28112,22859,121937,NA,
28113,22859,121937,LA,
28114,22859,121937,EMEA,
28115,22859,121937,AP,
28116,22868,122020,NA,
28117,22868,122020,LA,
28118,22868,122020,EMEA,
28119,22868,122020,AP,
28120,22880,122175,NA,
28121,22900,122414,,
28122,22904,122421,,
28123,22905,122422,,
28124,22908,122493,NA,
28125,22912,122572,NA,
28126,20132,67164,NA,
28127,20132,67164,LA,
28128,20132,67164,EMEA,
28129,20132,67164,AP,
28130,20544,73401,,
28131,20798,77977,EMEA,
28132,20909,79295,NA,
28133,20913,79300,,
28134,21018,81066,EMEA,
28135,21022,81070,NA,
28136,21022,81070,LA,
28137,21022,81070,EMEA,
28138,21022,81070,AP,
28139,21024,81072,NA,
28140,21024,81072,LA,
28141,21024,81072,EMEA,
28142,21024,81072,AP,
28143,21030,81078,NA,
28144,21030,81078,LA,
28145,21030,81078,EMEA,
28146,21030,81078,AP,
28147,21082,81856,NA,
28148,21333,88177,,
28149,21334,88178,,
28150,21518,94814,NA,
28151,21518,94814,LA,
28152,21518,94814,EMEA,
28153,21518,94814,AP,
28154,21748,101802,,
28155,21773,102276,NA,
28156,21868,104112,NA,
28157,22184,111214,NA,
28158,22185,111215,,
28159,22186,111216,,
28160,22322,113015,,
28161,22628,117832,,
28162,22632,117894,,
28163,22655,118235,NA,
28164,22915,122577,,
28165,22916,122578,,
28166,22972,123352,,
28167,23269,127808,NA,Danville
28168,23269,127808,EMEA,
28169,23269,127808,NA,Topeka
28171,23269,127808,NA,Fayetteville
28173,23269,127808,NA,Lawton
28175,23269,127808,NA,Medicine Hat
28177,23269,127808,NA,Napanee
28179,23269,127808,NA,Valleyfield
28181,23269,127808,NA,Social Circle
28183,23269,127808,NA,ICM*A
28185,23269,127808,NA,
28186,23269,127808,EMEA,Debica
28188,23269,127808,EMEA,Philippsburg
28190,23269,127808,EMEA,Luxembourg
28192,23269,127808,EMEA,Adapazari
28194,23269,127808,EMEA,Sava
28196,23269,127808,EMEA,Izmit
28198,23269,127808,EMEA,Fulda
28200,23269,127808,EMEA,South Africa
28201,23269,127808,NA,Chile
28204,23269,127808,EMEA,Amiens South
28206,23269,127808,EMEA,Montlucon
28208,23269,127808,EMEA,Hanau
28210,23269,127808,EMEA,Wittlich
28212,23269,127808,EMEA,Fuerstenwalde
28214,23269,127808,EMEA,Riesa
28215,23269,127808,NA,Chem Bayport
28217,23269,127808,NA,Chem Beaumont
28219,23269,127808,NA,Chem Houston
28221,23269,127808,NA,Chem Niagara Falls
28223,23269,127808,NA,NA-LA-AP Except AIRCRAFT
28226,23269,127808,EMEA,Polymer-Technik Elbe GmbH
28228,23269,127808,EMEA,ICM*L
28230,23269,127808,EMEA,RCCE
28231,23269,127808,NA,San Luis Potosi
28234,23269,127808,EMEA,Conbelts Bytom-SAEU
28236,23269,127808,EMEA,DRC Kauucuk
28238,23269,127808,EMEA,Empresa Industrial de Borracha SA-EIB
28240,23269,127808,EMEA,FTT Stomil Wolbrom SA
28242,23269,127808,EMEA,Geyer and Hosaja-Zak-ADY Gumowe w Mielcu-Sp. Zo.o
28244,23269,127808,EMEA,Hexpol - Berwin
28246,23269,127808,EMEA,Kabat Tyre
28248,23269,127808,EMEA,Kolsan
28250,23269,127808,EMEA,Kraiburg Austria GmbH and Co. KG
28252,23269,127808,EMEA,Marangoni S.p.A Rovereto
28254,23269,127808,EMEA,Marangoni S.p.A Hamburg
28256,23269,127808,EMEA,Matrax s.r.o.
28258,23269,127808,EMEA,Multiblend
28260,23269,127808,EMEA,Omya Uk Limited-Masterbatches
28262,23269,127808,EMEA,Ozka Lastik ve Kaucuk Inc.
28264,23269,127808,EMEA,Peintures Robin S.A-Paints /Cements
28266,23269,127808,EMEA,Phoenix Compound Technology Hamburg
28268,23269,127808,EMEA,Phoenix Compound Technology Waltershausen
28270,23269,127808,EMEA,ProPS s.r.o.
28272,23269,127808,EMEA,S and N Rubber¿
28274,23269,127808,EMEA,Socamont-S.A.
28276,23269,127808,EMEA,Stomil Poznan
28278,23269,127808,EMEA,Tecnogum
28280,23269,127808,EMEA,Vil Kaucuk San.ve Tic. Ltd Sti
28282,23269,127808,EMEA,Zaklady Chemiczne BOCHEM Sp. z o.o
28283,23269,127808,NA,Kingman
28285,23269,127808,NA,Stockbridge
28287,23269,127808,NA,Clarksdale
28289,23269,127808,NA,Findlay
28291,23269,127808,NA,Texarkana
28293,23269,127808,NA,Tupelo
28295,23269,127808,NA,Tall Timbers
28298,23269,127808,EMEA,Melksham
28300,23269,127808,EMEA,Krusevac
28301,23440,129461,EMEA,
28302,23442,129463,EMEA,
28303,23619,130611,NA,
28304,23619,130611,LA,
28305,23619,130611,EMEA,
28306,23619,130611,AP,
28307,22596,117533,NA,
28308,22604,117544,,
28309,22606,117605,,
28310,22611,117610,NA,
28311,22611,117610,LA,
28312,22611,117610,EMEA,
28313,22611,117610,AP,
28314,22614,117684,,
28315,22625,117827,NA,
28316,22630,117892,,
28317,22631,117893,,
28318,22638,118039,,
28319,22640,118044,,
28320,22642,118167,,
28321,22674,118490,,
28322,22682,118604,,
28323,22686,118667,,
28324,22694,118862,,
28325,22702,118987,NA,
28326,22702,118987,LA,
28327,22702,118987,EMEA,
28328,22702,118987,AP,
28329,22736,119427,NA,
28330,22742,119534,,
28331,22801,120558,NA,
28332,22801,120558,LA,Americana
28333,22801,120558,EMEA,
28334,22801,120558,AP,
28335,22804,120747,,
28336,20266,68923,EMEA,
28337,20460,72002,,
28338,20538,73339,,
28339,20618,74562,NA,
28340,20618,74562,LA,
28341,20618,74562,AP,
28342,20641,75129,,
28343,20642,75130,,
28344,20643,75131,,
28345,20645,75135,,
28346,20808,78041,,
28347,20972,80047,NA,
28348,20972,80047,LA,
28349,20972,80047,EMEA,Adapazari
28350,20972,80047,AP,
28353,20972,80047,EMEA,Izmit
28355,20973,80048,NA,
28356,20973,80048,LA,
28357,20973,80048,EMEA,
28358,20973,80048,AP,
28359,21130,82410,NA,
28360,21130,82410,LA,
28361,21130,82410,EMEA,Adapazari
28362,21130,82410,AP,
28365,21130,82410,EMEA,Izmit
28367,21603,96910,,
28368,21790,102570,NA,
28369,21833,103413,,
28370,21838,103589,NA,
28371,21890,104822,NA,
28372,21890,104822,EMEA,
28373,22774,120072,,
28374,22775,120073,,
28375,22776,120074,,
28376,22780,120078,,
28377,22913,122574,,
28378,22942,122860,,
28379,22958,123111,,
28380,22964,123186,NA,
28381,22964,123186,LA,
28382,22964,123186,EMEA,Adapazari
28383,22964,123186,AP,
28386,22964,123186,EMEA,Izmit
28388,23036,124329,NA,
28389,23036,124329,AP,
28390,23038,124466,NA,
28391,23038,124466,AP,
28392,23073,124828,NA,
28393,23078,125048,,
28394,23082,125127,NA,
28395,23082,125127,LA,
28396,23082,125127,EMEA,
28397,23082,125127,AP,
28398,23084,125186,,
28399,23085,125187,,
28400,23086,125188,,
28401,23097,125257,,
28402,23120,125463,,
28403,23156,126034,,
28404,23194,126383,,
28405,23195,126384,,
28406,23196,126385,,
28407,23226,126532,NA,
28408,23252,126969,,
28409,23253,126972,,
28410,23257,126976,NA,
28411,23259,126978,NA,
28412,20174,67935,NA,
28413,20174,67935,LA,
28414,20174,67935,EMEA,Adapazari
28415,20174,67935,AP,
28418,20174,67935,EMEA,Izmit
28420,20212,68350,AP,
28421,20240,68611,NA,
28422,20240,68611,LA,
28423,20240,68611,EMEA,
28424,20240,68611,AP,
28425,20315,69513,NA,
28426,20315,69513,LA,
28427,20315,69513,EMEA,
28428,20315,69513,AP,
28429,20318,69516,NA,
28430,20318,69516,LA,
28431,20318,69516,EMEA,
28432,20318,69516,AP,
28433,20320,69517,NA,
28434,20320,69517,LA,
28435,20320,69517,EMEA,
28436,20320,69517,AP,
28437,20321,69518,NA,
28438,20321,69518,LA,
28439,20321,69518,EMEA,
28440,20321,69518,AP,
28441,20322,69519,NA,
28442,20322,69519,LA,
28443,20322,69519,EMEA,
28444,20322,69519,AP,
28445,20324,69520,NA,
28446,20324,69520,LA,
28447,20324,69520,EMEA,
28448,20324,69520,AP,
28449,20416,71141,NA,
28450,20417,71142,NA,
28451,20462,72004,NA,
28452,20462,72004,LA,
28453,20462,72004,EMEA,
28454,20462,72004,AP,
28455,20736,76867,NA,
28456,20778,77534,NA,
28457,20780,77536,NA,
28458,20782,77538,NA,
28459,20783,77539,NA,
28460,20783,77539,LA,
28461,20783,77539,EMEA,
28462,20783,77539,AP,Nippon Giant
28463,21046,81426,NA,
28464,21046,81426,LA,
28465,21046,81426,EMEA,
28466,21046,81426,AP,
28467,21342,88361,NA,Danville
28468,21343,88362,NA,Topeka
28469,21480,94035,,
28470,21528,94826,,
28471,21534,94955,NA,
28472,21534,94955,LA,
28473,21534,94955,EMEA,
28474,21534,94955,AP,
28475,21592,96504,NA,
28476,21592,96504,LA,
28477,21592,96504,EMEA,
28478,21592,96504,AP,
28479,21676,99786,NA,
28480,21677,99787,NA,
28481,21874,104431,NA,
28482,21874,104431,LA,
28483,21874,104431,EMEA,
28484,21874,104431,AP,
28485,21980,106554,NA,
28486,21980,106554,LA,
28487,21980,106554,AP,
28488,21984,106557,NA,
28489,21985,106558,NA,
28490,21986,106559,NA,
28491,21986,106559,LA,
28492,21996,106935,NA,
28493,22082,109507,,
28494,22820,121190,,
28495,22821,121191,NA,
28496,22821,121191,LA,
28497,22821,121191,EMEA,
28498,22821,121191,AP,
28499,22844,121655,NA,
28500,22888,122183,,
28501,22898,122413,NA,
28502,22898,122413,LA,
28503,22898,122413,EMEA,
28504,22898,122413,AP,
28505,22926,122684,NA,
28506,22935,122693,,
28507,22936,122766,,
28508,22940,122857,,
28509,22944,122933,NA,
28510,22944,122933,LA,
28511,22944,122933,EMEA,Adapazari
28512,22944,122933,AP,
28515,22944,122933,EMEA,Izmit
28519,22944,122933,EMEA,
28520,22944,122933,AP,Thailand
28524,22944,122933,AP,Nippon Giant
28528,22944,122933,AP,Indonesia
28529,22966,123187,,
28530,22970,123272,NA,
28531,22970,123272,EMEA,
28532,22985,123831,NA,
28533,22985,123831,LA,
28534,22985,123831,AP,
28535,22986,123905,NA,Medicine Hat
28536,22986,123905,LA,
28537,22986,123905,EMEA,
28538,22986,123905,AP,
28539,22986,123905,NA,Napanee
28543,22986,123905,NA,Valleyfield
28547,22986,123905,NA,
28549,22986,123905,EMEA,Adapazari
28553,22986,123905,EMEA,Izmit
28555,22997,124084,NA,
28556,22998,124085,NA,
28557,22999,124086,NA,
28558,23000,124087,NA,
28559,23001,124088,NA,
28560,23002,124089,NA,
28561,23003,124090,NA,
28562,23004,124091,NA,
28563,23005,124092,NA,
28564,23006,124093,NA,
28565,23007,124094,NA,
28566,23012,124171,,
28567,23013,124172,,
28568,20120,67083,,
28569,20482,72633,NA,
28570,20482,72633,LA,
28571,20482,72633,EMEA,Adapazari
28572,20482,72633,AP,
28575,20482,72633,EMEA,Izmit
28579,20482,72633,EMEA,Melksham
28583,20482,72633,EMEA,Krusevac
28585,21007,81009,NA,
28586,21007,81009,LA,
28587,21007,81009,EMEA,
28588,21007,81009,AP,
28589,21008,81010,NA,
28590,21008,81010,LA,
28591,21008,81010,EMEA,
28592,21008,81010,AP,
28593,21009,81011,NA,
28594,21009,81011,LA,
28595,21009,81011,EMEA,
28596,21009,81011,AP,
28597,21010,81012,NA,
28598,21010,81012,LA,
28599,21010,81012,EMEA,
28600,21010,81012,AP,
28601,21011,81013,NA,
28602,21011,81013,LA,
28603,21011,81013,EMEA,
28604,21011,81013,AP,
28605,21234,84059,,
28606,21570,95744,,
28607,21680,99958,,
28608,21682,99974,,
28609,21885,104631,,
28610,21966,106186,,
28611,21967,106187,,
28612,22084,109597,,
28613,22096,109893,NA,
28614,22096,109893,LA,
28615,22097,109894,NA,
28616,22097,109894,LA,
28617,22098,109895,NA,
28618,22098,109895,LA,
28619,22099,109896,NA,
28620,22099,109896,LA,
28621,22100,109897,NA,
28622,22100,109897,LA,
28623,22273,112469,,
28624,22274,112470,,
28625,22276,112472,,
28626,22278,112474,,
28627,22290,112655,NA,
28628,22378,114223,NA,
28629,22378,114223,LA,
28630,22378,114223,EMEA,
28631,22378,114223,AP,
28632,22424,114907,NA,
28633,22424,114907,LA,
28634,22424,114907,EMEA,
28635,22424,114907,AP,
28636,22426,114909,,
28637,22427,114910,,
28638,22992,123992,EMEA,Debica
28639,22992,123992,EMEA,Philippsburg
28640,22992,123992,EMEA,Adapazari
28641,22992,123992,EMEA,Sava
28642,22992,123992,EMEA,Izmit
28643,22992,123992,EMEA,Fulda
28644,22992,123992,EMEA,South Africa
28645,22992,123992,EMEA,Amiens South
28646,22992,123992,EMEA,Montlucon
28647,22992,123992,EMEA,Hanau
28648,22992,123992,EMEA,Wittlich
28649,22992,123992,EMEA,Fuerstenwalde
28650,22992,123992,EMEA,Riesa
28651,22992,123992,EMEA,Polymer-Technik Elbe GmbH
28652,22992,123992,EMEA,RCCE
28653,22992,123992,EMEA,Conbelts Bytom-SAEU
28654,22992,123992,EMEA,DRC Kauucuk
28655,22992,123992,EMEA,Empresa Industrial de Borracha SA-EIB
28656,22992,123992,EMEA,FTT Stomil Wolbrom SA
28657,22992,123992,EMEA,Geyer and Hosaja-Zak-ADY Gumowe w Mielcu-Sp. Zo.o
28658,22992,123992,EMEA,Hexpol - Berwin
28659,22992,123992,EMEA,Kabat Tyre
28660,22992,123992,EMEA,Kolsan
28661,22992,123992,EMEA,Kraiburg Austria GmbH and Co. KG
28662,22992,123992,EMEA,Marangoni S.p.A Rovereto
28663,22992,123992,EMEA,Marangoni S.p.A Hamburg
28664,22992,123992,EMEA,Matrax s.r.o.
28665,22992,123992,EMEA,Multiblend
28666,22992,123992,EMEA,Omya Uk Limited-Masterbatches
28667,22992,123992,EMEA,Ozka Lastik ve Kaucuk Inc.
28668,22992,123992,EMEA,Phoenix Compound Technology Hamburg
28669,22992,123992,EMEA,Phoenix Compound Technology Waltershausen
28670,22992,123992,EMEA,ProPS s.r.o.
28671,22992,123992,EMEA,S and N Rubber¿
28672,22992,123992,EMEA,Socamont-S.A.
28673,22992,123992,EMEA,Stomil Poznan
28674,22992,123992,EMEA,Tecnogum
28675,22992,123992,EMEA,Vil Kaucuk San.ve Tic. Ltd Sti
28676,22992,123992,EMEA,Zaklady Chemiczne BOCHEM Sp. z o.o
28677,22992,123992,EMEA,Dudelange
28678,22992,123992,EMEA,Melksham
28679,22992,123992,EMEA,Krusevac
28680,23172,126175,NA,
28681,23173,126177,NA,
28682,23268,127804,NA,
28683,23268,127804,LA,
28684,23268,127804,EMEA,
28685,23268,127804,AP,
28686,23270,127866,EMEA,
28687,23274,127870,,
28688,23284,127935,NA,
28689,23284,127935,LA,
28690,23284,127935,EMEA,
28691,23284,127935,AP,
28692,23290,127997,,
28693,23312,128317,,
28694,23314,128319,,
28695,23333,128400,,
28696,23334,128401,,
28697,23336,128403,,
28698,23337,128404,,
28699,23350,128518,NA,
28700,23350,128518,LA,
28701,23350,128518,EMEA,
28702,23352,128521,,
28703,23358,128634,NA,
28704,23358,128634,LA,
28705,23358,128634,EMEA,
28706,23358,128634,AP,
28707,23359,128635,NA,
28708,23359,128635,LA,
28709,23359,128635,EMEA,
28710,23359,128635,AP,
28711,23374,128748,NA,Medicine Hat
28712,23374,128748,EMEA,
28713,23374,128748,NA,Napanee
28715,23374,128748,NA,Valleyfield
28717,23374,128748,NA,
28718,23374,128748,EMEA,Adapazari
28720,23374,128748,EMEA,Izmit
28721,23376,128749,NA,
28722,23377,128750,NA,
28723,23379,128752,NA,
28724,23380,128753,NA,
28725,23382,128755,NA,
28726,23394,128866,EMEA,
28727,23394,128866,AP,
28728,23399,128924,NA,
28729,23399,128924,LA,
28730,23399,128924,EMEA,
28731,23399,128924,AP,
28732,23406,129108,,
28733,23407,129109,,
28734,23408,129110,,
28735,20116,67079,NA,
28736,20116,67079,LA,
28737,20116,67079,EMEA,
28738,20116,67079,AP,
28739,20576,73960,,
28740,20703,76302,NA,
28741,20703,76302,LA,
28742,20703,76302,EMEA,
28743,20703,76302,AP,
28744,20728,76687,,
28745,21148,82713,NA,
28746,21148,82713,LA,
28747,21148,82713,AP,
28748,21462,93546,NA,
28749,21462,93546,LA,
28750,21462,93546,EMEA,
28751,21462,93546,AP,
28752,21644,98491,NA,
28753,21644,98491,LA,
28754,21644,98491,EMEA,
28755,21644,98491,AP,
28756,21645,98492,NA,
28757,21645,98492,LA,
28758,21645,98492,EMEA,
28759,21645,98492,AP,
28760,21646,98493,NA,
28761,21646,98493,LA,
28762,21646,98493,EMEA,
28763,21646,98493,AP,
28764,21647,98494,NA,
28765,21647,98494,LA,
28766,21647,98494,EMEA,
28767,21647,98494,AP,
28768,21648,98495,NA,
28769,21648,98495,LA,
28770,21648,98495,EMEA,
28771,21648,98495,AP,
28772,21649,98496,NA,
28773,21649,98496,LA,
28774,21649,98496,EMEA,
28775,21649,98496,AP,
28776,21650,98497,NA,
28777,22202,111383,NA,
28778,22354,113478,,
28779,22384,114409,,
28780,22385,114410,NA,
28781,22385,114410,LA,
28782,22385,114410,EMEA,
28783,22385,114410,AP,
28784,22450,115029,,
28785,22514,116304,NA,
28786,22517,116307,NA,
28787,22610,117609,,
28788,22892,122258,,
28789,22910,122571,,
28790,23418,129302,,
28791,23419,129303,,
28792,23046,124667,NA,
28793,23054,124743,NA,
28794,23054,124743,LA,
28795,23054,124743,EMEA,
28796,23054,124743,AP,
28797,23058,124747,,
28798,23061,124750,,
28799,23062,124751,,
28800,23063,124752,,
28801,23070,124759,NA,
28802,23070,124759,LA,
28803,23070,124759,EMEA,
28804,23070,124759,AP,
28805,23092,125193,NA,
28806,23092,125193,LA,
28807,23092,125193,EMEA,
28808,23092,125193,AP,
28809,23109,125331,,
28810,23110,125332,NA,
28811,23110,125332,LA,
28812,23110,125332,EMEA,
28813,23110,125332,AP,
28814,23115,125397,NA,
28815,23115,125397,LA,
28816,23115,125397,EMEA,Adapazari
28817,23115,125397,AP,
28820,23115,125397,EMEA,Izmit
28824,23115,125397,EMEA,
28825,23115,125397,AP,Thailand
28826,23144,125626,,
28827,23186,126262,NA,
28828,23186,126262,LA,
28829,23186,126262,EMEA,
28830,23186,126262,AP,
28831,23211,126456,NA,
28832,23296,128059,NA,
28833,23296,128059,LA,
28834,23296,128059,EMEA,
28835,23296,128059,AP,
28836,23299,128063,NA,
28837,23299,128063,LA,
28838,23299,128063,AP,Nippon Giant
28839,23308,128259,,
28840,23318,128376,,
28841,23319,128378,NA,
28842,23319,128378,LA,
28843,23319,128378,EMEA,
28844,23319,128378,AP,
28845,23320,128379,NA,
28846,23320,128379,LA,
28847,23320,128379,EMEA,
28848,23320,128379,AP,
28849,23346,128515,,
28850,23354,128575,,
28851,20186,68054,,
28852,20472,72224,NA,
28853,20472,72224,LA,
28854,20472,72224,EMEA,
28855,20472,72224,AP,
28856,20474,72227,NA,
28857,20474,72227,LA,Peru
28858,20474,72227,EMEA,
28859,20474,72227,AP,
28861,20474,72227,LA,
28863,20474,72227,AP,Thailand
28864,20475,72228,NA,
28865,20475,72228,LA,
28866,20475,72228,EMEA,
28867,20475,72228,AP,
28868,20568,73953,NA,
28869,20764,77251,,
28870,20900,79234,NA,
28871,20900,79234,LA,
28872,20900,79234,EMEA,
28873,20900,79234,AP,
28874,21014,81018,NA,
28875,21014,81018,LA,
28876,21014,81018,EMEA,
28877,21014,81018,AP,
28878,21428,92448,,
28879,21429,92449,,
28880,21509,94685,NA,
28881,21510,94686,NA,
28882,21514,94690,NA,
28883,21632,97888,,
28884,21672,99618,,
28885,21681,99959,NA,
28886,21681,99959,LA,
28887,21681,99959,EMEA,
28888,21681,99959,AP,
28889,21708,100790,NA,
28890,21818,103153,,
28891,21819,103154,,
28892,21852,103684,NA,
28893,21853,103685,NA,
28894,21854,103686,NA,
28895,21855,103687,NA,
28896,21856,103688,NA,
28897,22994,124081,NA,
28898,22995,124082,NA,
28899,22996,124083,NA,
28900,23150,125696,,
28901,23409,129111,,
28902,23412,129254,,
28903,23413,129255,,
28904,23428,129352,NA,
28905,23428,129352,LA,
28906,23428,129352,AP,
28907,23448,129613,,
28908,23456,129714,AP,
28909,23457,129715,AP,
28910,23480,129938,NA,
28911,23480,129938,LA,
28912,23480,129938,AP,
28916,23483,129940,,
28917,23484,129941,,
28918,23500,130026,,
28919,23502,130061,,
28920,23511,130071,,
28921,23558,130308,,
28922,23604,130508,,
28923,23605,130509,NA,
28924,23605,130509,LA,
28925,23605,130509,EMEA,Melksham
28926,23605,130509,AP,
28929,23605,130509,EMEA,Krusevac
28931,23606,130511,,
28932,23607,130512,NA,
28933,23607,130512,LA,
28934,23607,130512,EMEA,Debica
28935,23607,130512,AP,
28938,23607,130512,EMEA,Luxembourg
28942,23607,130512,EMEA,Adapazari
28946,23607,130512,EMEA,Sava
28950,23607,130512,EMEA,Izmit
28954,23607,130512,EMEA,Fulda
28958,23607,130512,EMEA,Montlucon
28962,23607,130512,EMEA,Hanau
28966,23607,130512,EMEA,Wittlich
28970,23607,130512,EMEA,ICM*L
28974,23607,130512,EMEA,Melksham
28976,23608,130513,,
28977,23612,130520,NA,
28978,23612,130520,LA,
28979,23612,130520,EMEA,Adapazari
28980,23612,130520,AP,
28983,23612,130520,EMEA,Izmit
28987,23612,130520,EMEA,Melksham
28989,20506,72961,NA,
28990,20506,72961,LA,
28991,20506,72961,AP,
28992,20510,73021,NA,
28993,20511,73022,NA,
28994,20512,73023,NA,
28995,20513,73024,NA,
28996,20514,73025,NA,
28997,20516,73027,NA,
28998,20516,73027,LA,
28999,20516,73027,EMEA,Adapazari
29000,20516,73027,AP,
29003,20516,73027,EMEA,Izmit
29005,20599,74317,NA,
29006,20600,74318,NA,
29007,20601,74319,NA,
29008,20623,74992,,
29009,20742,76943,,
29010,20825,78188,NA,
29011,20825,78188,LA,
29012,20825,78188,EMEA,
29013,20825,78188,AP,
29014,20836,78251,NA,
29015,20836,78251,LA,
29016,20836,78251,EMEA,
29017,20836,78251,AP,
29018,20837,78252,NA,
29019,20837,78252,LA,
29020,20837,78252,EMEA,
29021,20837,78252,AP,
29022,20838,78253,NA,
29023,20838,78253,LA,
29024,20838,78253,EMEA,
29025,20838,78253,AP,
29026,20839,78254,NA,
29027,20839,78254,LA,
29028,20839,78254,EMEA,
29029,20839,78254,AP,
29030,20923,79429,,
29031,21042,81371,NA,
29032,21043,81372,NA,
29033,21044,81425,NA,
29034,21044,81425,LA,
29035,21044,81425,EMEA,
29036,21044,81425,AP,
29037,21069,81729,NA,
29038,21069,81729,LA,
29039,21069,81729,EMEA,
29040,21069,81729,AP,
29041,21070,81730,NA,
29042,21070,81730,LA,
29043,21070,81730,EMEA,
29044,21070,81730,AP,
29045,21237,84139,NA,
29046,21238,84140,NA,
29047,21240,84142,NA,
29048,21544,95087,,
29049,21545,95088,,
29050,23114,125396,NA,
29051,23114,125396,LA,
29052,23114,125396,EMEA,
29053,23114,125396,AP,
29054,23118,125399,,
29055,23298,128062,NA,
29056,23298,128062,LA,
29057,23298,128062,EMEA,Adapazari
29058,23298,128062,AP,
29061,23298,128062,EMEA,Izmit
29063,23368,128692,NA,
29064,23368,128692,LA,
29065,23368,128692,EMEA,
29066,23368,128692,AP,
29067,23370,128697,NA,
29068,23371,128698,NA,
29069,23372,128699,NA,
29070,23373,128700,NA,
29071,23373,128700,LA,
29072,23373,128700,EMEA,
29073,23373,128700,AP,
29074,23433,129363,,
29075,23445,129511,,
29076,23474,129897,NA,
29077,23474,129897,LA,
29078,23474,129897,EMEA,
29079,23474,129897,AP,
29080,23486,129976,,
29081,23518,130162,,
29082,23519,130163,,
29083,23564,130313,,
29084,23582,130327,NA,
29085,23585,130331,NA,
29086,23586,130332,NA,
29087,23587,130333,NA,
29088,20260,68807,,
29089,20356,70292,,
29090,20360,70295,,
29091,20492,72771,NA,
29092,20682,75934,NA,
29093,20687,75939,NA,
29094,20688,75940,NA,
29095,20800,77978,EMEA,Adapazari
29096,20800,77978,EMEA,Izmit
29097,20800,77978,EMEA,Melksham
29098,20936,79494,,
29099,20994,80430,NA,
29100,21118,82218,,
29101,21146,82577,AP,
29102,21220,83832,NA,Medicine Hat
29103,21220,83832,LA,
29104,21220,83832,EMEA,
29105,21220,83832,NA,Napanee
29108,21220,83832,NA,Valleyfield
29111,21414,91401,,
29112,21465,93550,NA,
29113,21465,93550,LA,
29114,21465,93550,EMEA,
29115,21465,93550,AP,
29116,21718,101298,NA,
29117,21718,101298,LA,
29118,21718,101298,EMEA,
29119,21718,101298,AP,
29120,21804,102858,NA,
29121,21805,102859,NA,
29122,21808,102862,,
29123,21834,103503,NA,
29124,21834,103503,LA,
29125,21834,103503,EMEA,Debica
29126,21834,103503,AP,
29129,21834,103503,EMEA,Luxembourg
29133,21834,103503,EMEA,Adapazari
29137,21834,103503,EMEA,Sava
29141,21834,103503,EMEA,Izmit
29145,21834,103503,EMEA,Fulda
29149,21834,103503,EMEA,
29150,21834,103503,AP,Nippon Giant
29153,21834,103503,EMEA,Amiens South
29157,21834,103503,EMEA,Montlucon
29161,21834,103503,EMEA,Hanau
29165,21834,103503,EMEA,Wittlich
29169,21834,103503,EMEA,Fuerstenwalde
29173,21834,103503,EMEA,Riesa
29177,21834,103503,EMEA,ICM*L
29181,21834,103503,EMEA,Kraiburg Austria GmbH and Co. KG
29183,21835,103504,NA,
29184,21835,103504,LA,
29185,21835,103504,EMEA,
29186,21835,103504,AP,
29187,21857,103689,NA,
29188,21858,103690,NA,
29189,21859,103691,NA,
29190,22072,109305,NA,
29191,22250,112188,,
29192,22266,112376,,
29193,22356,113642,,
29194,22428,114912,,
29195,22460,115212,NA,
29196,22460,115212,LA,
29197,22460,115212,EMEA,
29198,22460,115212,AP,
29199,22473,115475,,
29200,22766,119877,AP,
29201,22783,120083,,
29202,23260,127532,,
29203,23446,129570,,
29204,23552,130267,,
29205,23614,130559,NA,
29206,20218,68393,,
29207,20620,74654,,
29208,20621,74655,,
29209,20716,76583,NA,Medicine Hat
29210,20716,76583,LA,
29211,20716,76583,EMEA,
29212,20716,76583,AP,
29213,20716,76583,NA,Napanee
29217,20716,76583,NA,
29219,20716,76583,EMEA,Adapazari
29223,20716,76583,EMEA,Izmit
29228,20716,76583,AP,Nippon Giant
29232,20716,76583,AP,Indonesia
29233,20716,76583,NA,Chem Niagara Falls
29239,20716,76583,EMEA,Vil Kaucuk San.ve Tic. Ltd Sti
29241,20792,77837,,
29242,20898,79181,NA,
29243,20898,79181,LA,
29244,20898,79181,EMEA,
29245,20898,79181,AP,
29246,21012,81014,,
29247,21523,94819,NA,
29248,21523,94819,LA,
29249,21523,94819,EMEA,
29250,21524,94820,NA,
29251,21524,94820,LA,
29252,21524,94820,EMEA,
29253,21525,94821,NA,
29254,21525,94821,LA,
29255,21525,94821,EMEA,
29256,21526,94822,NA,
29257,21526,94822,LA,
29258,21526,94822,EMEA,
29259,21614,97445,NA,
29260,21616,97447,NA,
29261,21617,97448,NA,
29262,21626,97457,NA,
29263,21626,97457,LA,
29264,21626,97457,EMEA,
29265,21626,97457,AP,
29266,21670,99617,,
29267,21700,100625,NA,
29268,21702,100628,,
29269,21720,101301,NA,
29270,21721,101302,NA,
29271,21722,101303,NA,
29272,21723,101304,NA,
29273,21724,101305,NA,
29274,21725,101306,NA,
29275,23521,130168,,
29276,23554,130269,,
29277,23761,132215,,
29278,23809,132826,NA,Medicine Hat
29279,23809,132826,LA,
29280,23809,132826,EMEA,
29281,23809,132826,AP,
29282,23809,132826,NA,Napanee
29286,23809,132826,NA,Valleyfield
29290,23809,132826,NA,
29292,23809,132826,EMEA,Adapazari
29296,23809,132826,EMEA,Izmit
29300,23809,132826,EMEA,Melksham
29302,20162,67794,EMEA,
29303,20206,68308,,
29304,20208,68310,,
29305,20258,68803,NA,
29306,20436,71516,NA,
29307,20436,71516,LA,
29308,20436,71516,EMEA,
29309,20436,71516,AP,
29310,21336,88270,NA,
29311,21337,88271,NA,
29312,21338,88272,EMEA,
29313,21572,95771,,
29314,21636,98190,,
29315,21673,99619,,
29316,21693,100618,NA,
29317,21694,100619,NA,
29318,21695,100620,NA,
29319,21696,100621,NA,
29320,21697,100622,NA,
29321,21698,100623,NA,
29322,21704,100630,NA,Danville
29323,21784,102379,NA,
29324,21784,102379,LA,
29325,21785,102380,NA,
29326,21785,102380,LA,
29327,21899,104831,NA,
29328,21899,104831,EMEA,
29329,21901,104833,NA,
29330,21901,104833,EMEA,
29331,21902,104834,NA,
29332,21902,104834,EMEA,
29333,21903,104835,NA,
29334,21903,104835,EMEA,
29335,21904,104836,NA,
29336,21904,104836,EMEA,
29337,22020,108206,,
29338,22146,110682,,
29339,22472,115474,,
29340,22474,115476,,
29341,22480,115646,,
29342,22490,115745,NA,
29343,23096,125256,NA,
29344,23096,125256,LA,
29345,23096,125256,EMEA,
29346,23096,125256,AP,
29347,23462,129807,EMEA,
29348,23462,129807,AP,
29349,23562,130311,NA,
29350,23562,130311,LA,
29351,23571,130318,,
29352,23574,130321,,
29353,23703,131461,NA,
29354,23790,132652,NA,
29355,23790,132652,LA,
29356,23790,132652,EMEA,
29357,23790,132652,AP,
29358,23888,133558,NA,
29359,23888,133558,LA,
29360,23888,133558,EMEA,
29361,23888,133558,AP,
29362,23903,133805,NA,
29363,23903,133805,LA,
29364,23903,133805,EMEA,
29365,23903,133805,AP,
29366,20136,67280,,
29367,20355,70291,NA,
29368,20355,70291,LA,
29369,20355,70291,EMEA,Adapazari
29370,20355,70291,AP,
29373,20355,70291,EMEA,Izmit
29377,20355,70291,EMEA,
29378,20355,70291,AP,Nippon Giant
29379,20358,70294,EMEA,
29380,20366,70365,,
29381,20564,73937,NA,
29382,20564,73937,LA,
29383,20564,73937,EMEA,
29384,20564,73937,AP,
29385,20580,74097,NA,
29386,20580,74097,LA,
29387,20580,74097,EMEA,
29388,20580,74097,AP,
29389,20581,74098,NA,
29390,20581,74098,LA,
29391,20581,74098,EMEA,
29392,20581,74098,AP,
29393,20582,74099,NA,
29394,20582,74099,LA,
29395,20582,74099,EMEA,
29396,20582,74099,AP,
29397,20694,76083,NA,
29398,20694,76083,LA,
29399,20694,76083,EMEA,
29400,20694,76083,AP,Nippon Giant
29401,20696,76084,NA,
29402,20696,76084,LA,
29403,20696,76084,EMEA,
29404,20696,76084,AP,Nippon Giant
29405,20737,76868,NA,
29406,20738,76869,NA,
29407,20739,76870,NA,
29408,20815,78177,,
29409,20817,78179,,
29410,20882,78824,NA,
29411,20884,78826,NA,
29412,20884,78826,LA,
29413,20884,78826,EMEA,
29414,20884,78826,AP,
29415,21064,81725,NA,
29416,21064,81725,LA,
29417,21064,81725,EMEA,
29418,21064,81725,AP,
29419,21144,82570,,
29420,21247,84351,EMEA,
29421,21300,85304,NA,
29422,21300,85304,LA,
29423,21300,85304,AP,
29424,21447,93162,AP,
29425,21558,95356,NA,
29426,21558,95356,LA,
29427,21558,95356,EMEA,
29428,21558,95356,AP,
29429,21559,95357,NA,
29430,21559,95357,LA,
29431,21559,95357,EMEA,
29432,21559,95357,AP,
29433,21560,95358,NA,
29434,21560,95358,LA,
29435,21560,95358,EMEA,
29436,21560,95358,AP,
29437,21598,96900,NA,
29438,21598,96900,LA,
29439,21598,96900,EMEA,
29440,21598,96900,AP,
29441,21599,96901,NA,
29442,21599,96901,LA,
29443,21599,96901,EMEA,
29444,21599,96901,AP,
29445,21600,96903,NA,
29446,21600,96903,LA,
29447,21600,96903,EMEA,
29448,21600,96903,AP,
29449,21726,101307,NA,
29450,21729,101497,AP,
29451,21752,101895,EMEA,
29452,21756,101994,NA,
29453,21756,101994,LA,
29454,21756,101994,EMEA,
29455,21756,101994,AP,
29456,21793,102573,NA,
29457,21794,102574,NA,
29458,21795,102575,NA,
29459,22828,121327,NA,
29460,22828,121327,LA,
29461,22828,121327,AP,Nippon Giant
29462,22870,122022,,
29463,23199,126390,,
29464,23315,128320,NA,
29465,23315,128320,LA,
29466,23315,128320,EMEA,
29467,23315,128320,AP,
29468,23453,129672,,
29469,23723,131721,,
29470,23891,133562,,
29471,23892,133563,,
29472,20099,66914,NA,
29473,20100,66915,NA,
29474,20288,69130,NA,
29475,20288,69130,LA,
29476,20288,69130,EMEA,
29477,20288,69130,AP,
29478,20426,71355,NA,
29479,20426,71355,LA,
29480,20426,71355,EMEA,
29481,20426,71355,AP,
29482,20518,73028,,
29483,20542,73398,NA,
29484,20542,73398,AP,
29485,20748,77030,NA,
29486,20748,77030,LA,
29487,20748,77030,EMEA,
29488,20748,77030,AP,
29489,20795,77911,,
29490,20804,78037,EMEA,
29491,21147,82579,,
29492,21178,82937,NA,
29493,21178,82937,LA,
29494,21178,82937,EMEA,
29495,21178,82937,AP,
29496,21179,82938,NA,
29497,21179,82938,LA,
29498,21179,82938,EMEA,
29499,21179,82938,AP,
29500,21197,83229,,
29501,21328,86815,NA,
29502,21328,86815,LA,
29503,21328,86815,EMEA,
29504,21328,86815,AP,
29505,21331,87011,NA,
29506,21355,89243,NA,
29507,21356,89244,NA,
29508,21470,93554,,
29509,21588,96374,NA,Medicine Hat
29510,21588,96374,LA,
29511,21588,96374,EMEA,
29512,21588,96374,AP,
29513,21588,96374,NA,Napanee
29517,21588,96374,NA,Valleyfield
29521,21588,96374,NA,
29523,21588,96374,EMEA,Debica
29527,21588,96374,EMEA,Luxembourg
29531,21588,96374,EMEA,Adapazari
29535,21588,96374,EMEA,Sava
29539,21588,96374,EMEA,Izmit
29543,21588,96374,EMEA,Fulda
29548,21588,96374,AP,Nippon Giant
29551,21588,96374,EMEA,Amiens South
29555,21588,96374,EMEA,Montlucon
29559,21588,96374,EMEA,Hanau
29563,21588,96374,EMEA,Wittlich
29567,21588,96374,EMEA,Fuerstenwalde
29571,21588,96374,EMEA,Riesa
29573,21948,106075,,
29574,22312,112917,NA,
29575,22390,114485,NA,
29576,22491,115746,NA,
29577,22492,115747,NA,
29578,22513,116303,NA,
29579,22516,116306,NA,
29580,22519,116309,NA,
29581,22521,116311,NA,
29582,22522,116312,EMEA,
29583,22706,119089,,
29584,23360,128686,NA,
29585,23360,128686,LA,
29586,23360,128686,EMEA,
29587,23360,128686,AP,
29588,23361,128687,NA,
29589,23361,128687,LA,
29590,23361,128687,EMEA,
29591,23361,128687,AP,
29592,23362,128688,NA,
29593,23362,128688,LA,
29594,23362,128688,EMEA,
29595,23362,128688,AP,
29596,23452,129671,,
29597,23530,130244,NA,
29598,23530,130244,LA,
29599,23530,130244,EMEA,
29600,23530,130244,AP,
29601,23778,132414,NA,
29602,23778,132414,LA,
29603,23778,132414,EMEA,
29604,23778,132414,AP,
29605,20442,71585,NA,
29606,20442,71585,LA,
29607,20442,71585,EMEA,
29608,20442,71585,AP,
29609,20443,71586,NA,
29610,20443,71586,LA,
29611,20443,71586,EMEA,
29612,20443,71586,AP,
29613,20444,71587,NA,
29614,20444,71587,LA,
29615,20444,71587,EMEA,
29616,20444,71587,AP,
29617,20445,71588,NA,
29618,20445,71588,LA,
29619,20445,71588,EMEA,
29620,20445,71588,AP,
29621,20595,74245,,
29622,20604,74322,NA,
29623,20605,74323,NA,
29624,20822,78184,,
29625,21006,81008,NA,
29626,21006,81008,LA,
29627,21006,81008,EMEA,
29628,21006,81008,AP,
29629,21110,82068,NA,
29630,21128,82345,,
29631,21176,82867,NA,
29632,21284,84885,NA,
29633,21284,84885,LA,
29634,21284,84885,EMEA,
29635,21284,84885,AP,
29636,21285,84887,NA,
29637,21285,84887,LA,
29638,21285,84887,EMEA,
29639,21285,84887,AP,
29640,21286,84889,NA,
29641,21286,84889,LA,
29642,21286,84889,EMEA,
29643,21286,84889,AP,
29644,21350,89013,NA,
29645,21594,96769,,
29646,21611,97180,NA,
29647,21611,97180,LA,
29648,21611,97180,EMEA,
29649,21611,97180,AP,
29650,21796,102576,NA,
29651,21846,103678,,
29652,21847,103679,,
29653,21848,103680,,
29654,21849,103681,,
29655,21850,103682,,
29656,21851,103683,,
29657,22708,119090,NA,
29658,22708,119090,LA,
29659,22708,119090,EMEA,
29660,22708,119090,AP,
29661,22709,119091,,
29662,22710,119092,,
29663,22984,123830,NA,
29664,22984,123830,LA,
29665,22984,123830,AP,
29666,23261,127533,,
29667,23262,127537,,
29668,23532,130245,NA,
29669,23532,130245,LA,
29670,23532,130245,EMEA,
29671,23532,130245,AP,
29672,23533,130246,NA,
29673,23533,130246,LA,
29674,23533,130246,EMEA,
29675,23533,130246,AP,
29676,23534,130247,NA,
29677,23534,130247,LA,
29678,23534,130247,EMEA,
29679,23534,130247,AP,
29680,23535,130248,NA,
29681,23535,130248,LA,
29682,23535,130248,EMEA,
29683,23535,130248,AP,
29684,23536,130249,NA,
29685,23536,130249,LA,
29686,23536,130249,EMEA,
29687,23536,130249,AP,
29688,23539,130252,NA,
29689,23539,130252,LA,
29690,23539,130252,EMEA,
29691,23539,130252,AP,
29692,23792,132656,,
29693,23850,133124,,
29694,20117,67080,NA,
29695,20117,67080,LA,
29696,20117,67080,EMEA,
29697,20117,67080,AP,
29698,20118,67081,NA,
29699,20118,67081,LA,
29700,20118,67081,EMEA,
29701,20118,67081,AP,
29702,20119,67082,NA,
29703,20119,67082,LA,
29704,20119,67082,EMEA,
29705,20119,67082,AP,
29706,20166,67845,EMEA,
29707,20750,77100,NA,
29708,20750,77100,LA,
29709,20750,77100,EMEA,
29710,20750,77100,AP,
29711,20751,77101,NA,
29712,20751,77101,LA,
29713,20751,77101,EMEA,
29714,20751,77101,AP,
29715,20974,80049,NA,
29716,20974,80049,LA,
29717,20974,80049,EMEA,
29718,20974,80049,AP,
29719,20975,80050,NA,
29720,20975,80050,LA,
29721,20975,80050,EMEA,
29722,20975,80050,AP,
29723,20976,80051,,
29724,21163,82786,NA,
29725,21163,82786,LA,
29726,21871,104217,EMEA,
29727,22156,110858,NA,
29728,22292,112656,,
29729,22294,112733,,
29730,22295,112734,,
29731,22296,112742,,
29732,22370,113983,,
29733,22371,113987,,
29734,22440,114929,,
29735,22523,116313,EMEA,
29736,22529,116397,NA,
29737,22531,116399,NA,
29738,22533,116401,NA,
29739,22536,116404,NA,
29740,20092,66758,,
29741,20683,75935,NA,
29742,20684,75936,NA,
29743,20685,75937,NA,
29744,20790,77757,,
29745,20791,77758,,
29746,20939,79595,,
29747,20940,79596,,
29748,20943,79600,NA,
29749,20943,79600,LA,
29750,20943,79600,EMEA,
29751,20943,79600,AP,
29752,20944,79601,NA,
29753,20944,79601,LA,
29754,20944,79601,EMEA,
29755,20944,79601,AP,
29756,21596,96898,NA,
29757,21596,96898,LA,
29758,21596,96898,EMEA,
29759,21596,96898,AP,
29760,21597,96899,NA,
29761,21597,96899,LA,
29762,21597,96899,EMEA,
29763,21597,96899,AP,
29764,21740,101687,,
29765,21944,105415,NA,
29766,21968,106280,,
29767,22015,107127,,
29768,22037,108561,NA,
29769,22037,108561,LA,
29770,22037,108561,AP,
29771,22052,109028,,
29772,22114,110244,NA,
29773,22116,110245,NA,
29774,22116,110245,LA,
29775,22116,110245,AP,
29776,22133,110343,NA,
29777,22133,110343,LA,
29778,23128,125544,,
29779,23131,125607,NA,
29780,23133,125609,NA,
29781,23137,125613,NA,
29782,23139,125616,NA,
29783,23141,125618,NA,
29784,23183,126257,,
29785,23184,126258,,
29786,23421,129305,NA,
29787,23431,129361,LA,
29788,23432,129362,NA,
29789,23432,129362,LA,
29790,23434,129364,,
29791,20242,68652,AP,
29792,20244,68653,NA,
29793,20244,68653,LA,
29794,20244,68653,AP,
29795,20286,69050,NA,
29796,20286,69050,LA,
29797,20286,69050,EMEA,
29798,20286,69050,AP,
29799,20298,69401,NA,
29800,20298,69401,LA,
29801,20298,69401,EMEA,
29802,20298,69401,AP,
29803,20299,69402,NA,
29804,20299,69402,LA,
29805,20299,69402,EMEA,
29806,20299,69402,AP,
29807,20330,69585,EMEA,
29808,20434,71373,NA,
29809,20435,71374,NA,
29810,20646,75338,,
29811,20674,75870,AP,
29812,20794,77908,,
29813,20859,78283,NA,
29814,20862,78399,EMEA,
29815,21150,82715,,
29816,21152,82716,NA,
29817,21152,82716,LA,
29818,21152,82716,EMEA,
29819,21152,82716,AP,
29820,21153,82717,NA,
29821,21153,82717,LA,
29822,21153,82717,EMEA,
29823,21153,82717,AP,
29824,21154,82718,NA,
29825,21154,82718,LA,
29826,21154,82718,EMEA,
29827,21154,82718,AP,
29828,21155,82719,NA,
29829,21155,82719,LA,
29830,21155,82719,EMEA,
29831,21155,82719,AP,
29832,21156,82720,NA,
29833,21156,82720,LA,
29834,21156,82720,EMEA,
29835,21156,82720,AP,
29836,21157,82721,NA,
29837,21157,82721,LA,
29838,21157,82721,EMEA,
29839,21157,82721,AP,
29840,21158,82722,NA,
29841,21158,82722,LA,
29842,21158,82722,EMEA,
29843,21158,82722,AP,
29844,21159,82723,NA,
29845,21159,82723,LA,
29846,21159,82723,EMEA,
29847,21159,82723,AP,
29848,21160,82724,NA,
29849,21160,82724,LA,
29850,21160,82724,EMEA,
29851,21160,82724,AP,
29852,21412,91288,NA,
29853,21412,91288,LA,
29854,21412,91288,AP,
29855,22000,107023,NA,
29856,22002,107025,NA,
29857,22003,107026,NA,
29858,22004,107027,NA,
29859,22005,107028,NA,
29860,22006,107029,NA,
29861,22007,107030,NA,
29862,22008,107031,NA,
29863,22009,107032,NA,
29864,22713,119149,NA,
29865,22713,119149,LA,
29866,22713,119149,AP,
29867,23080,125053,NA,
29868,23514,130114,,
29869,23708,131654,EMEA,
29870,23753,132093,NA,
29871,23788,132551,,
29872,23808,132825,,
29873,23811,132828,,
29874,23815,132884,NA,
29875,23816,132885,NA,
29876,23818,132887,NA,
29877,23820,132889,NA,
29878,23822,132891,NA,
29879,23824,132893,NA,
29880,23826,132895,NA,
29881,20250,68762,EMEA,
29882,20779,77535,NA,
29883,20785,77541,NA,
29884,20868,78469,NA,
29885,20870,78471,NA,
29886,20916,79368,NA,
29887,20916,79368,LA,
29888,20916,79368,EMEA,
29889,20916,79368,AP,
29890,20918,79369,NA,
29891,20919,79370,NA,
29892,20934,79444,NA,
29893,20934,79444,LA,
29894,20934,79444,EMEA,
29895,20934,79444,AP,
29896,20935,79445,NA,
29897,20935,79445,LA,
29898,20935,79445,EMEA,
29899,20935,79445,AP,
29900,21254,84557,NA,
29901,21254,84557,LA,
29902,21254,84557,EMEA,
29903,21254,84557,AP,Nippon Giant
29904,21256,84656,,
29905,21272,84770,,
29906,21344,88461,,
29907,21662,98815,NA,
29908,21664,98817,,
29909,21786,102472,NA,
29910,21786,102472,LA,
29911,21786,102472,EMEA,
29912,21786,102472,AP,
29913,21788,102564,,
29914,21922,105028,,
29915,22012,107124,,
29916,22108,110147,NA,
29917,22109,110148,,
29918,22143,110680,NA,
29919,22143,110680,LA,
29920,22143,110680,EMEA,
29921,22143,110680,AP,Thailand
29925,22143,110680,AP,Indonesia
29926,22197,111378,NA,
29927,22198,111379,NA,
29928,22199,111380,NA,
29929,22210,111398,,
29930,22244,112025,NA,
29931,22245,112026,NA,
29932,22269,112459,,
29933,22271,112463,,
29934,22698,118983,,
29935,22699,118984,NA,
29936,22700,118985,NA,
29937,22701,118986,NA,
29938,22788,120312,,
29939,22823,121254,,
29940,23410,129209,LA,
29941,23416,129299,NA,
29942,23416,129299,LA,
29943,23416,129299,EMEA,
29944,23416,129299,AP,
29945,23493,130019,NA,
29946,23495,130021,NA,
29947,23497,130023,NA,
29948,23499,130025,NA,
29949,23556,130305,NA,
29950,23556,130305,LA,
29951,23556,130305,EMEA,
29952,23556,130305,AP,
29953,23596,130382,,
29954,23747,132029,EMEA,
29955,23833,132949,,
29956,20220,68394,NA,
29957,20220,68394,LA,
29958,20220,68394,EMEA,
29959,20220,68394,AP,
29960,20221,68395,NA,
29961,20221,68395,LA,
29962,20221,68395,EMEA,
29963,20221,68395,AP,
29964,20336,69664,EMEA,
29965,20690,76004,,
29966,20691,76005,NA,
29967,20691,76005,LA,
29968,20691,76005,EMEA,
29969,20691,76005,AP,
29970,20762,77246,NA,
29971,20954,79974,NA,
29972,20992,80429,EMEA,
29973,20995,80431,NA,
29974,20996,80432,NA,
29975,20997,80433,NA,
29976,21004,80643,NA,
29977,21004,80643,LA,
29978,21004,80643,EMEA,
29979,21004,80643,AP,
29980,21398,91046,NA,
29981,22234,111842,NA,
29982,22234,111842,LA,
29983,22234,111842,EMEA,
29984,22234,111842,AP,
29985,22376,114139,NA,
29986,22377,114140,NA,
29987,22503,116122,,
29988,22542,116486,,
29989,22544,116488,,
29990,22570,116964,,
29991,22612,117613,,
29992,22616,117687,NA,
29993,22616,117687,LA,
29994,22616,117687,EMEA,
29995,22616,117687,AP,
29996,22633,117895,NA,
29997,22633,117895,LA,
29998,22633,117895,EMEA,
29999,22633,117895,AP,
30000,22634,117899,,
30001,22644,118224,NA,
30002,22645,118225,NA,
30003,22646,118226,NA,
30004,22647,118227,NA,
30005,22648,118228,NA,
30006,22649,118229,NA,
30007,22650,118230,NA,
30008,22651,118231,NA,
30009,22652,118232,NA,
30010,22653,118233,NA,
30011,22654,118234,NA,
30012,22658,118239,,
30013,22952,123026,,
30014,22953,123027,,
30015,22954,123028,,
30016,22955,123029,,
30017,22956,123030,,
30018,23098,125258,NA,
30019,23098,125258,LA,
30020,23098,125258,EMEA,
30021,23098,125258,AP,
30022,23099,125259,NA,
30023,23099,125259,LA,
30024,23099,125259,EMEA,
30025,23099,125259,AP,
30026,23100,125260,NA,
30027,23100,125260,LA,
30028,23100,125260,EMEA,
30029,23100,125260,AP,
30030,23101,125261,NA,
30031,23102,125262,NA,
30032,23102,125262,LA,
30033,23102,125262,EMEA,
30034,23102,125262,AP,
30035,23638,130733,NA,
30036,23638,130733,LA,
30037,23638,130733,EMEA,
30038,23638,130733,AP,Thailand
30042,23638,130733,AP,Indonesia
30045,23638,130733,EMEA,Melksham
30046,23638,130733,AP,
30049,23638,130733,EMEA,Krusevac
30051,23712,131657,NA,
30052,23712,131657,LA,
30053,23712,131657,EMEA,
30054,23712,131657,AP,
30055,23841,133008,,
30056,23842,133010,,
30057,23843,133014,,
30058,20176,67966,,
30059,20448,71796,LA,
30060,20448,71796,EMEA,
30061,20448,71796,AP,
30062,20449,71797,NA,
30063,20450,71798,NA,
30064,20451,71799,NA,
30065,20452,71800,NA,
30066,20453,71801,NA,
30067,20454,71802,NA,
30068,20494,72888,,
30069,20920,79371,,
30070,20926,79433,,
30071,21112,82072,,
30072,21288,84989,,
30073,21304,85604,,
30074,21308,85608,NA,
30075,21308,85608,LA,
30076,21308,85608,EMEA,
30077,21308,85608,AP,
30078,21360,89248,NA,
30079,21360,89248,LA,
30080,21360,89248,EMEA,
30081,21360,89248,AP,
30082,21738,101508,NA,
30083,21738,101508,LA,
30084,21738,101508,EMEA,
30085,21738,101508,AP,
30086,21827,103245,NA,
30087,21828,103246,NA,
30088,21836,103505,,
30089,22024,108286,,
30090,22026,108287,NA,
30091,22026,108287,EMEA,Adapazari
30093,22026,108287,EMEA,Izmit
30094,22070,109301,NA,
30095,22070,109301,LA,
30096,22070,109301,EMEA,
30097,22070,109301,AP,
30098,22754,119669,,
30099,22812,120982,NA,
30100,22812,120982,LA,
30101,22812,120982,AP,
30102,23732,131792,,
30103,23789,132552,,
30104,23802,132817,NA,
30105,23802,132817,LA,
30106,23802,132817,EMEA,
30107,23802,132817,AP,Nippon Giant
30110,23802,132817,EMEA,Melksham
30111,23802,132817,AP,
30112,20168,67847,NA,
30113,20168,67847,LA,
30114,20168,67847,EMEA,
30115,20168,67847,AP,
30116,20264,68888,NA,
30117,20264,68888,LA,
30118,20264,68888,EMEA,
30119,20264,68888,AP,
30120,20270,68960,NA,
30121,20270,68960,LA,
30122,20270,68960,EMEA,
30123,20270,68960,AP,
30124,20432,71371,NA,
30125,20433,71372,NA,
30126,20602,74320,NA,
30127,20603,74321,NA,
30128,20830,78193,NA,
30129,20908,79294,NA,
30130,20908,79294,LA,
30131,20908,79294,EMEA,
30132,20908,79294,AP,
30133,20941,79597,,
30134,20942,79598,EMEA,
30135,20942,79598,AP,Nippon Giant
30137,20942,79598,AP,Pulandian
30138,21088,81927,NA,
30139,21089,81928,NA,
30140,21091,81932,NA,
30141,21094,81935,NA,
30142,21095,81936,NA,
30143,21172,82863,,
30144,21182,82941,NA,
30145,21183,82942,NA,
30146,21210,83463,,
30147,21219,83758,NA,
30148,21219,83758,LA,
30149,21219,83758,EMEA,Adapazari
30150,21219,83758,AP,
30153,21219,83758,EMEA,Izmit
30155,21419,91639,NA,
30156,21419,91639,LA,
30157,21419,91639,EMEA,
30158,21419,91639,AP,
30159,21420,91640,NA,
30160,21420,91640,LA,
30161,21420,91640,EMEA,
30162,21420,91640,AP,
30163,21421,91641,NA,
30164,21421,91641,LA,
30165,21421,91641,EMEA,
30166,21421,91641,AP,
30167,21422,91642,NA,
30168,21422,91642,LA,
30169,21422,91642,EMEA,
30170,21422,91642,AP,
30171,21423,91643,NA,
30172,21423,91643,LA,
30173,21423,91643,EMEA,
30174,21423,91643,AP,
30175,21424,91644,NA,
30176,21424,91644,LA,
30177,21424,91644,EMEA,
30178,21424,91644,AP,
30179,21425,91645,NA,
30180,21425,91645,LA,
30181,21425,91645,EMEA,
30182,21425,91645,AP,
30183,21442,93042,AP,
30184,21554,95348,NA,
30185,22712,119148,NA,
30186,22712,119148,LA,
30187,22712,119148,EMEA,
30188,22712,119148,AP,
30189,23203,126448,NA,
30190,23204,126449,NA,
30191,23205,126450,NA,
30192,23206,126451,NA,
30193,23207,126452,NA,
30194,23221,126465,,
30195,23238,126714,NA,
30196,23238,126714,AP,
30197,23572,130319,,
30198,23576,130322,NA,
30199,23576,130322,LA,
30200,23576,130322,EMEA,
30201,23576,130322,AP,Thailand
30205,23576,130322,AP,Nippon Giant
30209,23576,130322,AP,Indonesia
30212,23576,130322,EMEA,Melksham
30213,23576,130322,AP,
30214,23577,130323,NA,Medicine Hat
30215,23577,130323,LA,
30216,23577,130323,EMEA,
30217,23577,130323,AP,
30218,23577,130323,NA,Napanee
30222,23577,130323,NA,Valleyfield
30226,23577,130323,NA,
30229,23577,130323,AP,Nippon Giant
30232,23577,130323,EMEA,Melksham
30234,23579,130325,NA,
30235,23579,130325,LA,
30236,23579,130325,AP,
30237,23580,130326,NA,
30238,23580,130326,LA,
30239,23580,130326,AP,
30240,23598,130384,,
30241,23632,130681,,
30242,23646,130836,NA,
30243,23646,130836,LA,
30244,23646,130836,EMEA,
30245,23646,130836,AP,
30246,20122,67119,NA,
30247,20122,67119,LA,
30248,20122,67119,EMEA,
30249,20122,67119,AP,
30250,20374,70510,,
30251,20428,71359,NA,
30252,20428,71359,LA,
30253,20428,71359,EMEA,
30254,20428,71359,AP,
30255,20550,73470,NA,
30256,20550,73470,LA,
30257,20550,73470,EMEA,
30258,20550,73470,AP,
30259,20700,76224,,
30260,20766,77322,,
30261,20767,77323,,
30262,20840,78255,NA,
30263,20864,78408,,
30264,20872,78473,,
30265,21310,85708,NA,
30266,21310,85708,LA,
30267,21310,85708,EMEA,
30268,21310,85708,AP,
30269,21312,85711,,
30270,21313,85712,,
30271,21314,85713,,
30272,21315,85714,,
30273,21316,85715,,
30274,21317,85716,,
30275,21318,85717,,
30276,21319,85718,,
30277,21484,94287,,
30278,21602,96909,,
30279,21630,97742,,
30280,23248,126903,,
30281,23250,126905,,
30282,23516,130161,NA,
30283,23516,130161,LA,
30284,23516,130161,EMEA,
30285,23516,130161,AP,
30286,23568,130316,NA,
30287,23568,130316,LA,
30288,23568,130316,EMEA,
30289,23568,130316,AP,
30290,23757,132097,NA,
30291,23864,133354,NA,
30292,23867,133358,,
30293,23868,133359,,
30294,23880,133486,NA,
30295,23880,133486,LA,
30296,23880,133486,EMEA,Adapazari
30297,23880,133486,AP,
30300,23880,133486,EMEA,Izmit
30304,23880,133486,EMEA,Melksham
30306,23882,133490,EMEA,
30307,23900,133747,NA,
30308,23900,133747,LA,
30309,23900,133747,EMEA,
30310,23900,133747,AP,
30311,20188,68094,,
30312,20712,76514,,
30313,20713,76515,,
30314,21126,82284,NA,
30315,21126,82284,AP,
30316,21232,83981,,
30317,21373,89892,NA,
30318,21373,89892,LA,
30319,21373,89892,EMEA,
30320,21373,89892,AP,
30321,21416,91637,NA,
30322,21416,91637,LA,
30323,21416,91637,EMEA,
30324,21416,91637,AP,
30325,21418,91638,,
30326,21492,94418,NA,
30327,21492,94418,LA,
30328,21492,94418,EMEA,
30329,21492,94418,AP,
30330,21493,94420,NA,
30331,21493,94420,LA,
30332,21493,94420,EMEA,
30333,21493,94420,AP,
30334,21604,97046,,
30335,21608,97048,NA,
30336,21608,97048,LA,
30337,21608,97048,EMEA,
30338,21608,97048,AP,
30339,21733,101503,NA,
30340,21733,101503,LA,
30341,21733,101503,EMEA,
30342,21733,101503,AP,
30343,21779,102371,,
30344,21780,102374,,
30345,21949,106076,,
30346,21950,106078,,
30347,21951,106079,,
30348,21952,106080,,
30349,22814,121117,NA,
30350,22814,121117,LA,
30351,22814,121117,EMEA,
30352,22814,121117,AP,Nippon Giant
30353,22815,121118,,
30354,22816,121121,,
30355,23228,126588,NA,
30356,23228,126588,LA,
30357,23228,126588,EMEA,
30358,23228,126588,AP,
30359,23722,131719,,
30360,23724,131722,,
30361,23725,131723,,
30362,23726,131724,,
30363,23727,131725,,
30364,23728,131726,,
30365,23729,131727,,
30366,23730,131728,,
30367,23748,132030,EMEA,
30368,23845,133016,,
30369,23886,133495,NA,
30370,20520,73082,NA,
30371,20520,73082,LA,
30372,20520,73082,EMEA,Adapazari
30373,20520,73082,AP,
30376,20520,73082,EMEA,Izmit
30378,20522,73086,,
30379,20608,74393,NA,
30380,20608,74393,LA,
30381,20608,74393,EMEA,
30382,20608,74393,AP,
30383,20924,79432,,
30384,21208,83462,NA,
30385,21208,83462,LA,
30386,21490,94415,,
30387,21535,94956,NA,
30388,21535,94956,LA,
30389,21535,94956,EMEA,
30390,21535,94956,AP,
30391,21741,101689,NA,
30392,21750,101894,NA,
30393,21750,101894,AP,
30394,21820,103237,NA,
30395,21823,103240,NA,
30396,21824,103241,NA,
30397,21825,103243,NA,
30398,21839,103590,NA,
30399,21965,106185,,
30400,21970,106284,,
30401,21971,106285,,
30402,21972,106287,,
30403,22034,108469,NA,
30404,22034,108469,LA,
30405,22036,108560,NA,Medicine Hat
30406,22036,108560,LA,
30407,22036,108560,EMEA,
30408,22036,108560,AP,
30409,22036,108560,NA,Napanee
30413,22036,108560,NA,Valleyfield
30417,22036,108560,NA,Chem Niagara Falls
30421,22038,108757,,
30422,22058,109126,NA,
30423,22058,109126,EMEA,
30424,22059,109127,NA,
30425,22059,109127,EMEA,
30426,22060,109128,NA,
30427,22060,109128,EMEA,
30428,22061,109129,NA,
30429,22061,109129,EMEA,
30430,22062,109130,NA,
30431,22062,109130,EMEA,
30432,22164,111019,,
30433,22166,111025,NA,
30434,22166,111025,LA,
30435,22687,118668,,
30436,22993,123993,EMEA,Debica
30437,22993,123993,EMEA,Philippsburg
30438,22993,123993,EMEA,Adapazari
30439,22993,123993,EMEA,Sava
30440,22993,123993,EMEA,Izmit
30441,22993,123993,EMEA,Fulda
30442,22993,123993,EMEA,South Africa
30443,22993,123993,EMEA,Amiens South
30444,22993,123993,EMEA,Montlucon
30445,22993,123993,EMEA,Hanau
30446,22993,123993,EMEA,Wittlich
30447,22993,123993,EMEA,Fuerstenwalde
30448,22993,123993,EMEA,Riesa
30449,22993,123993,EMEA,Polymer-Technik Elbe GmbH
30450,22993,123993,EMEA,RCCE
30451,22993,123993,EMEA,Conbelts Bytom-SAEU
30452,22993,123993,EMEA,DRC Kauucuk
30453,22993,123993,EMEA,Empresa Industrial de Borracha SA-EIB
30454,22993,123993,EMEA,FTT Stomil Wolbrom SA
30455,22993,123993,EMEA,Geyer and Hosaja-Zak-ADY Gumowe w Mielcu-Sp. Zo.o
30456,22993,123993,EMEA,Hexpol - Berwin
30457,22993,123993,EMEA,Kabat Tyre
30458,22993,123993,EMEA,Kolsan
30459,22993,123993,EMEA,Kraiburg Austria GmbH and Co. KG
30460,22993,123993,EMEA,Marangoni S.p.A Rovereto
30461,22993,123993,EMEA,Marangoni S.p.A Hamburg
30462,22993,123993,EMEA,Matrax s.r.o.
30463,22993,123993,EMEA,Multiblend
30464,22993,123993,EMEA,Omya Uk Limited-Masterbatches
30465,22993,123993,EMEA,Ozka Lastik ve Kaucuk Inc.
30466,22993,123993,EMEA,Phoenix Compound Technology Hamburg
30467,22993,123993,EMEA,Phoenix Compound Technology Waltershausen
30468,22993,123993,EMEA,ProPS s.r.o.
30469,22993,123993,EMEA,S and N Rubber¿
30470,22993,123993,EMEA,Socamont-S.A.
30471,22993,123993,EMEA,Stomil Poznan
30472,22993,123993,EMEA,Tecnogum
30473,22993,123993,EMEA,Vil Kaucuk San.ve Tic. Ltd Sti
30474,22993,123993,EMEA,Zaklady Chemiczne BOCHEM Sp. z o.o
30475,22993,123993,EMEA,Dudelange
30476,22993,123993,EMEA,Melksham
30477,22993,123993,EMEA,Krusevac
30478,23510,130070,,
30479,23743,132023,EMEA,
30480,23744,132025,EMEA,
30481,23745,132026,EMEA,
30482,23746,132028,EMEA,
30483,23750,132086,NA,
30484,23750,132086,LA,
30485,23750,132086,AP,Nippon Giant
30486,23766,132220,NA,
30487,23766,132220,LA,
30488,23766,132220,EMEA,
30489,23766,132220,AP,
30490,23846,133017,,
30491,23899,133626,NA,
30492,20247,68722,AP,
30493,20464,72005,NA,
30494,20464,72005,LA,
30495,20464,72005,EMEA,
30496,20464,72005,AP,
30497,20470,72152,NA,
30498,20470,72152,LA,
30499,20470,72152,EMEA,
30500,20470,72152,AP,
30501,20524,73152,,
30502,20548,73464,AP,
30503,20549,73465,NA,
30504,20549,73465,LA,
30505,20549,73465,EMEA,
30506,20549,73465,AP,
30507,20841,78257,NA,
30508,20842,78258,NA,
30509,20845,78262,NA,
30510,20846,78264,NA,
30511,20848,78266,NA,
30512,20849,78267,NA,
30513,20850,78268,NA,
30514,20851,78269,NA,
30515,20852,78270,NA,
30516,21061,81723,NA,
30517,21061,81723,LA,
30518,21061,81723,EMEA,
30519,21061,81723,AP,
30520,21062,81724,NA,
30521,21062,81724,LA,
30522,21062,81724,EMEA,
30523,21062,81724,AP,
30524,21192,83159,AP,
30525,21194,83163,,
30526,21411,91286,,
30527,21413,91289,NA,
30528,21413,91289,LA,
30529,21413,91289,AP,
30530,21474,93676,,
30531,21810,103054,,
30532,21953,106081,,
30533,21954,106082,,
30534,21955,106083,,
30535,21997,106936,NA,
30536,21998,106937,,
30537,22022,108284,,
30538,22948,123018,,
30539,23330,128396,NA,
30540,23330,128396,LA,
30541,23330,128396,EMEA,
30542,23330,128396,AP,
30543,23342,128463,,
30544,23344,128513,NA,
30545,23344,128513,LA,
30546,23344,128513,EMEA,Adapazari
30547,23344,128513,AP,
30550,23344,128513,EMEA,Izmit
30552,23345,128514,,
30553,23348,128516,,
30554,23349,128517,,
30555,23650,130882,NA,
30556,23651,130883,NA,
30557,23652,130884,NA,
30558,23656,130888,NA,
30559,23742,132022,,
30560,23786,132550,NA,
30561,23786,132550,LA,
30562,23786,132550,EMEA,
30563,23786,132550,AP,
30564,23832,132948,NA,
30565,23832,132948,LA,
30566,23832,132948,EMEA,
30567,23832,132948,AP,
30568,23852,133172,,
30569,20190,68133,NA,
30570,20192,68135,NA,
30571,20280,69006,NA,
30572,20280,69006,LA,
30573,20280,69006,AP,
30574,20282,69043,NA,
30575,20282,69043,LA,
30576,20282,69043,EMEA,
30577,20282,69043,AP,
30578,20283,69044,NA,
30579,20283,69044,LA,
30580,20283,69044,EMEA,
30581,20283,69044,AP,
30582,20284,69045,NA,
30583,20284,69045,LA,
30584,20284,69045,EMEA,
30585,20284,69045,AP,
30586,20338,69666,NA,
30587,20338,69666,LA,
30588,20338,69666,EMEA,
30589,20338,69666,AP,
30590,20466,72006,,
30591,20468,72077,NA,
30592,20490,72700,NA,
30593,20490,72700,LA,
30594,20490,72700,EMEA,
30595,20490,72700,AP,
30596,20662,75685,,
30597,20860,78341,NA,
30598,20860,78341,AP,
30599,20877,78595,NA,
30600,20877,78595,EMEA,
30601,21166,82788,NA,
30602,21166,82788,LA,
30603,21168,82790,NA,
30604,21326,86619,NA,
30605,21326,86619,LA,
30606,21326,86619,EMEA,
30607,21326,86619,AP,
30608,21357,89245,NA,
30609,21358,89246,NA,
30610,21359,89247,NA,
30611,21362,89250,NA,
30612,21362,89250,LA,
30613,21362,89250,EMEA,
30614,21362,89250,AP,
30615,21364,89366,,
30616,21366,89368,,
30617,22157,110859,NA,Medicine Hat
30618,22157,110859,EMEA,
30619,22157,110859,NA,Napanee
30621,22157,110859,NA,Valleyfield
30623,22157,110859,NA,
30624,22157,110859,EMEA,Adapazari
30626,22157,110859,EMEA,Izmit
30627,22182,111207,NA,
30628,22182,111207,LA,
30629,22182,111207,EMEA,
30630,22182,111207,AP,
30631,22208,111390,,
30632,22222,111667,,
30633,23464,129848,,
30634,23465,129849,NA,
30635,23467,129852,NA,
30636,23468,129853,NA,
30637,23648,130843,,
30638,23794,132709,,
30639,20202,68263,,
30640,20246,68721,AP,
30641,20248,68723,AP,
30642,20294,69344,NA,
30643,20552,73535,NA,
30644,20610,74394,NA,
30645,20610,74394,LA,
30646,20610,74394,EMEA,
30647,20610,74394,AP,
30648,20611,74395,NA,
30649,20611,74395,LA,
30650,20611,74395,EMEA,
30651,20611,74395,AP,
30652,20986,80321,,
30653,21057,81607,,
30654,21162,82785,NA,
30655,21162,82785,LA,
30656,21200,83313,,
30657,21450,93286,NA,
30658,21451,93287,NA,
30659,21452,93288,NA,
30660,21453,93290,NA,
30661,21453,93290,LA,
30662,21453,93290,EMEA,
30663,21453,93290,AP,
30664,21886,104723,NA,
30665,21886,104723,LA,
30666,21886,104723,EMEA,
30667,21886,104723,AP,Nippon Giant
30668,21888,104725,NA,
30669,21889,104726,NA,
30670,21978,106470,NA,
30671,22028,108373,NA,Medicine Hat
30672,22028,108373,LA,
30673,22028,108373,EMEA,
30674,22028,108373,AP,
30675,22028,108373,NA,Napanee
30679,22028,108373,NA,Valleyfield
30683,22028,108373,NA,
30686,22028,108373,AP,Thailand
30690,22028,108373,AP,Indonesia
30691,22028,108373,NA,Chem Niagara Falls
30695,22069,109300,,
30696,22134,110348,,
30697,22135,110349,,
30698,22147,110683,,
30699,22148,110684,,
30700,22200,111381,,
30701,22201,111382,NA,
30702,22203,111384,NA,
30703,22204,111385,NA,
30704,22220,111663,,
30705,22270,112462,NA,Medicine Hat
30706,22270,112462,NA,Napanee
30707,22270,112462,NA,Valleyfield
30708,22347,113377,NA,
30709,23503,130062,,
30710,23660,130980,,
30711,23661,130981,,
30712,23731,131729,,
30713,23765,132219,,
30714,23860,133290,,
30715,23862,133292,,
30716,23894,133565,,
30717,20146,67616,EMEA,
30718,20172,67902,NA,
30719,20172,67902,LA,
30720,20172,67902,EMEA,
30721,20172,67902,AP,
30722,20407,71063,NA,
30723,20408,71064,,
30724,21052,81539,,
30725,21252,84551,,
30726,21290,84992,NA,
30727,21290,84992,LA,
30728,21290,84992,EMEA,
30729,21290,84992,AP,
30730,21548,95218,,
30731,21550,95222,,
30732,21768,102186,,
30733,21791,102571,NA,
30734,21792,102572,NA,
30735,21798,102578,NA,
30736,21813,103058,,
30737,21913,104846,,
30738,21941,105411,NA,
30739,21941,105411,LA,
30740,21941,105411,EMEA,Adapazari
30741,21941,105411,AP,
30744,21941,105411,EMEA,Izmit
30746,21942,105412,NA,
30747,21942,105412,LA,
30748,21942,105412,EMEA,
30749,21942,105412,AP,
30750,21943,105413,NA,
30751,21943,105413,LA,
30752,21943,105413,EMEA,
30753,21943,105413,AP,
30754,21956,106169,,
30755,21957,106170,,
30756,21958,106172,,
30757,22238,111945,,
30758,22316,112920,EMEA,Adapazari
30759,22316,112920,EMEA,Izmit
30760,22316,112920,EMEA,South Africa
30761,22318,112923,,
30762,22321,112926,NA,
30763,22321,112926,LA,
30764,22321,112926,EMEA,
30765,22321,112926,AP,
30766,22324,113099,,
30767,22744,119536,,
30768,23090,125191,NA,
30769,23090,125191,LA,
30770,23090,125191,AP,
30771,23091,125192,NA,
30772,23091,125192,LA,
30773,23091,125192,EMEA,
30774,23091,125192,AP,
30775,23454,129673,,
30776,23616,130571,,
30777,23636,130730,,
30778,23700,131407,,
30779,23866,133355,,
30780,23901,133748,NA,
30781,23901,133748,LA,
30782,23901,133748,EMEA,
30783,23901,133748,AP,
30784,20292,69209,NA,
30785,20292,69209,LA,
30786,20292,69209,EMEA,
30787,20292,69209,AP,
30788,20376,70577,NA,Medicine Hat
30789,20376,70577,LA,
30790,20376,70577,EMEA,
30791,20376,70577,AP,
30792,20376,70577,NA,Napanee
30796,20376,70577,NA,Valleyfield
30800,20376,70577,NA,
30802,20376,70577,EMEA,Debica
30806,20376,70577,EMEA,Philippsburg
30810,20376,70577,EMEA,Luxembourg
30814,20376,70577,EMEA,Adapazari
30818,20376,70577,EMEA,Sava
30822,20376,70577,EMEA,Izmit
30826,20376,70577,EMEA,Fulda
30830,20376,70577,EMEA,Wolverhampton
30833,20376,70577,LA,Peru
30839,20376,70577,AP,Nippon Giant
30843,20376,70577,AP,Indonesia
30846,20376,70577,EMEA,Amiens South
30850,20376,70577,EMEA,Montlucon
30854,20376,70577,EMEA,Hanau
30858,20376,70577,EMEA,Wittlich
30862,20376,70577,EMEA,Fuerstenwalde
30866,20376,70577,EMEA,Riesa
30870,20376,70577,EMEA,Polymer-Technik Elbe GmbH
30874,20376,70577,EMEA,ICM*L
30878,20376,70577,EMEA,RCCE
30882,20376,70577,EMEA,Conbelts Bytom-SAEU
30886,20376,70577,EMEA,DRC Kauucuk
30890,20376,70577,EMEA,Empresa Industrial de Borracha SA-EIB
30894,20376,70577,EMEA,FTT Stomil Wolbrom SA
30898,20376,70577,EMEA,Geyer and Hosaja-Zak-ADY Gumowe w Mielcu-Sp. Zo.o
30902,20376,70577,EMEA,Hexpol - Berwin
30906,20376,70577,EMEA,Kabat Tyre
30910,20376,70577,EMEA,Kolsan
30914,20376,70577,EMEA,Kraiburg Austria GmbH and Co. KG
30918,20376,70577,EMEA,Marangoni S.p.A Rovereto
30922,20376,70577,EMEA,Marangoni S.p.A Hamburg
30926,20376,70577,EMEA,Matrax s.r.o.
30930,20376,70577,EMEA,Multiblend
30934,20376,70577,EMEA,Omya Uk Limited-Masterbatches
30938,20376,70577,EMEA,Ozka Lastik ve Kaucuk Inc.
30942,20376,70577,EMEA,Peintures Robin S.A-Paints /Cements
30946,20376,70577,EMEA,Phoenix Compound Technology Hamburg
30950,20376,70577,EMEA,Phoenix Compound Technology Waltershausen
30954,20376,70577,EMEA,ProPS s.r.o.
30958,20376,70577,EMEA,S and N Rubber¿
30962,20376,70577,EMEA,Socamont-S.A.
30966,20376,70577,EMEA,Stomil Poznan
30970,20376,70577,EMEA,Tecnogum
30974,20376,70577,EMEA,Vil Kaucuk San.ve Tic. Ltd Sti
30978,20376,70577,EMEA,Zaklady Chemiczne BOCHEM Sp. z o.o
30980,20377,70578,NA,Medicine Hat
30981,20377,70578,LA,
30982,20377,70578,EMEA,
30983,20377,70578,AP,
30984,20377,70578,NA,Napanee
30988,20377,70578,NA,Valleyfield
30992,20377,70578,NA,
30994,20377,70578,EMEA,Debica
30998,20377,70578,EMEA,Philippsburg
31002,20377,70578,EMEA,Luxembourg
31006,20377,70578,EMEA,Adapazari
31010,20377,70578,EMEA,Sava
31014,20377,70578,EMEA,Izmit
31018,20377,70578,EMEA,Fulda
31022,20377,70578,EMEA,Wolverhampton
31025,20377,70578,LA,Peru
31031,20377,70578,AP,Nippon Giant
31035,20377,70578,AP,Indonesia
31038,20377,70578,EMEA,Amiens South
31042,20377,70578,EMEA,Montlucon
31046,20377,70578,EMEA,Hanau
31050,20377,70578,EMEA,Wittlich
31054,20377,70578,EMEA,Fuerstenwalde
31058,20377,70578,EMEA,Riesa
31062,20377,70578,EMEA,Polymer-Technik Elbe GmbH
31066,20377,70578,EMEA,ICM*L
31070,20377,70578,EMEA,RCCE
31074,20377,70578,EMEA,Conbelts Bytom-SAEU
31078,20377,70578,EMEA,DRC Kauucuk
31082,20377,70578,EMEA,Empresa Industrial de Borracha SA-EIB
31086,20377,70578,EMEA,FTT Stomil Wolbrom SA
31090,20377,70578,EMEA,Geyer and Hosaja-Zak-ADY Gumowe w Mielcu-Sp. Zo.o
31094,20377,70578,EMEA,Hexpol - Berwin
31098,20377,70578,EMEA,Kabat Tyre
31102,20377,70578,EMEA,Kolsan
31106,20377,70578,EMEA,Kraiburg Austria GmbH and Co. KG
31110,20377,70578,EMEA,Marangoni S.p.A Rovereto
31114,20377,70578,EMEA,Marangoni S.p.A Hamburg
31118,20377,70578,EMEA,Matrax s.r.o.
31122,20377,70578,EMEA,Multiblend
31126,20377,70578,EMEA,Omya Uk Limited-Masterbatches
31130,20377,70578,EMEA,Ozka Lastik ve Kaucuk Inc.
31134,20377,70578,EMEA,Peintures Robin S.A-Paints /Cements
31138,20377,70578,EMEA,Phoenix Compound Technology Hamburg
31142,20377,70578,EMEA,Phoenix Compound Technology Waltershausen
31146,20377,70578,EMEA,ProPS s.r.o.
31150,20377,70578,EMEA,S and N Rubber¿
31154,20377,70578,EMEA,Socamont-S.A.
31158,20377,70578,EMEA,Stomil Poznan
31162,20377,70578,EMEA,Tecnogum
31166,20377,70578,EMEA,Vil Kaucuk San.ve Tic. Ltd Sti
31170,20377,70578,EMEA,Zaklady Chemiczne BOCHEM Sp. z o.o
31172,20378,70579,NA,Medicine Hat
31173,20378,70579,LA,
31174,20378,70579,EMEA,
31175,20378,70579,AP,
31176,20378,70579,NA,Napanee
31180,20378,70579,NA,Valleyfield
31184,20378,70579,NA,
31186,20378,70579,EMEA,Debica
31190,20378,70579,EMEA,Philippsburg
31194,20378,70579,EMEA,Luxembourg
31198,20378,70579,EMEA,Adapazari
31202,20378,70579,EMEA,Sava
31206,20378,70579,EMEA,Izmit
31210,20378,70579,EMEA,Fulda
31214,20378,70579,EMEA,Wolverhampton
31217,20378,70579,LA,Peru
31223,20378,70579,AP,Nippon Giant
31227,20378,70579,AP,Indonesia
31230,20378,70579,EMEA,Amiens South
31234,20378,70579,EMEA,Montlucon
31238,20378,70579,EMEA,Hanau
31242,20378,70579,EMEA,Wittlich
31246,20378,70579,EMEA,Fuerstenwalde
31250,20378,70579,EMEA,Riesa
31254,20378,70579,EMEA,Polymer-Technik Elbe GmbH
31258,20378,70579,EMEA,ICM*L
31262,20378,70579,EMEA,RCCE
31266,20378,70579,EMEA,Conbelts Bytom-SAEU
31270,20378,70579,EMEA,DRC Kauucuk
31274,20378,70579,EMEA,Empresa Industrial de Borracha SA-EIB
31278,20378,70579,EMEA,FTT Stomil Wolbrom SA
31282,20378,70579,EMEA,Geyer and Hosaja-Zak-ADY Gumowe w Mielcu-Sp. Zo.o
31286,20378,70579,EMEA,Hexpol - Berwin
31290,20378,70579,EMEA,Kabat Tyre
31294,20378,70579,EMEA,Kolsan
31298,20378,70579,EMEA,Kraiburg Austria GmbH and Co. KG
31302,20378,70579,EMEA,Marangoni S.p.A Rovereto
31306,20378,70579,EMEA,Marangoni S.p.A Hamburg
31310,20378,70579,EMEA,Matrax s.r.o.
31314,20378,70579,EMEA,Multiblend
31318,20378,70579,EMEA,Omya Uk Limited-Masterbatches
31322,20378,70579,EMEA,Ozka Lastik ve Kaucuk Inc.
31326,20378,70579,EMEA,Peintures Robin S.A-Paints /Cements
31330,20378,70579,EMEA,Phoenix Compound Technology Hamburg
31334,20378,70579,EMEA,Phoenix Compound Technology Waltershausen
31338,20378,70579,EMEA,ProPS s.r.o.
31342,20378,70579,EMEA,S and N Rubber¿
31346,20378,70579,EMEA,Socamont-S.A.
31350,20378,70579,EMEA,Stomil Poznan
31354,20378,70579,EMEA,Tecnogum
31358,20378,70579,EMEA,Vil Kaucuk San.ve Tic. Ltd Sti
31362,20378,70579,EMEA,Zaklady Chemiczne BOCHEM Sp. z o.o
31364,20379,70580,NA,Medicine Hat
31365,20379,70580,LA,
31366,20379,70580,EMEA,
31367,20379,70580,AP,
31368,20379,70580,NA,Napanee
31372,20379,70580,NA,Valleyfield
31376,20379,70580,NA,
31378,20379,70580,EMEA,Debica
31382,20379,70580,EMEA,Philippsburg
31386,20379,70580,EMEA,Luxembourg
31390,20379,70580,EMEA,Adapazari
31394,20379,70580,EMEA,Sava
31398,20379,70580,EMEA,Izmit
31402,20379,70580,EMEA,Fulda
31406,20379,70580,EMEA,Wolverhampton
31409,20379,70580,LA,Peru
31415,20379,70580,AP,Nippon Giant
31419,20379,70580,AP,Indonesia
31422,20379,70580,EMEA,Amiens South
31426,20379,70580,EMEA,Montlucon
31430,20379,70580,EMEA,Hanau
31434,20379,70580,EMEA,Wittlich
31438,20379,70580,EMEA,Fuerstenwalde
31442,20379,70580,EMEA,Riesa
31446,20379,70580,EMEA,Polymer-Technik Elbe GmbH
31450,20379,70580,EMEA,ICM*L
31454,20379,70580,EMEA,RCCE
31458,20379,70580,EMEA,Conbelts Bytom-SAEU
31462,20379,70580,EMEA,DRC Kauucuk
31466,20379,70580,EMEA,Empresa Industrial de Borracha SA-EIB
31470,20379,70580,EMEA,FTT Stomil Wolbrom SA
31474,20379,70580,EMEA,Geyer and Hosaja-Zak-ADY Gumowe w Mielcu-Sp. Zo.o
31478,20379,70580,EMEA,Hexpol - Berwin
31482,20379,70580,EMEA,Kabat Tyre
31486,20379,70580,EMEA,Kolsan
31490,20379,70580,EMEA,Kraiburg Austria GmbH and Co. KG
31494,20379,70580,EMEA,Marangoni S.p.A Rovereto
31498,20379,70580,EMEA,Marangoni S.p.A Hamburg
31502,20379,70580,EMEA,Matrax s.r.o.
31506,20379,70580,EMEA,Multiblend
31510,20379,70580,EMEA,Omya Uk Limited-Masterbatches
31514,20379,70580,EMEA,Ozka Lastik ve Kaucuk Inc.
31518,20379,70580,EMEA,Peintures Robin S.A-Paints /Cements
31522,20379,70580,EMEA,Phoenix Compound Technology Hamburg
31526,20379,70580,EMEA,Phoenix Compound Technology Waltershausen
31530,20379,70580,EMEA,ProPS s.r.o.
31534,20379,70580,EMEA,S and N Rubber¿
31538,20379,70580,EMEA,Socamont-S.A.
31542,20379,70580,EMEA,Stomil Poznan
31546,20379,70580,EMEA,Tecnogum
31550,20379,70580,EMEA,Vil Kaucuk San.ve Tic. Ltd Sti
31554,20379,70580,EMEA,Zaklady Chemiczne BOCHEM Sp. z o.o
31556,20380,70581,NA,Medicine Hat
31557,20380,70581,LA,
31558,20380,70581,EMEA,
31559,20380,70581,AP,
31560,20380,70581,NA,Napanee
31564,20380,70581,NA,Valleyfield
31568,20380,70581,NA,
31570,20380,70581,EMEA,Debica
31574,20380,70581,EMEA,Philippsburg
31578,20380,70581,EMEA,Luxembourg
31582,20380,70581,EMEA,Adapazari
31586,20380,70581,EMEA,Sava
31590,20380,70581,EMEA,Izmit
31594,20380,70581,EMEA,Fulda
31598,20380,70581,EMEA,Wolverhampton
31601,20380,70581,LA,Peru
31607,20380,70581,AP,Nippon Giant
31611,20380,70581,AP,Indonesia
31614,20380,70581,EMEA,Amiens South
31618,20380,70581,EMEA,Montlucon
31622,20380,70581,EMEA,Hanau
31626,20380,70581,EMEA,Wittlich
31630,20380,70581,EMEA,Fuerstenwalde
31634,20380,70581,EMEA,Riesa
31638,20380,70581,EMEA,Polymer-Technik Elbe GmbH
31642,20380,70581,EMEA,ICM*L
31646,20380,70581,EMEA,RCCE
31650,20380,70581,EMEA,Conbelts Bytom-SAEU
31654,20380,70581,EMEA,DRC Kauucuk
31658,20380,70581,EMEA,Empresa Industrial de Borracha SA-EIB
31662,20380,70581,EMEA,FTT Stomil Wolbrom SA
31666,20380,70581,EMEA,Geyer and Hosaja-Zak-ADY Gumowe w Mielcu-Sp. Zo.o
31670,20380,70581,EMEA,Hexpol - Berwin
31674,20380,70581,EMEA,Kabat Tyre
31678,20380,70581,EMEA,Kolsan
31682,20380,70581,EMEA,Kraiburg Austria GmbH and Co. KG
31686,20380,70581,EMEA,Marangoni S.p.A Rovereto
31690,20380,70581,EMEA,Marangoni S.p.A Hamburg
31694,20380,70581,EMEA,Matrax s.r.o.
31698,20380,70581,EMEA,Multiblend
31702,20380,70581,EMEA,Omya Uk Limited-Masterbatches
31706,20380,70581,EMEA,Ozka Lastik ve Kaucuk Inc.
31710,20380,70581,EMEA,Peintures Robin S.A-Paints /Cements
31714,20380,70581,EMEA,Phoenix Compound Technology Hamburg
31718,20380,70581,EMEA,Phoenix Compound Technology Waltershausen
31722,20380,70581,EMEA,ProPS s.r.o.
31726,20380,70581,EMEA,S and N Rubber¿
31730,20380,70581,EMEA,Socamont-S.A.
31734,20380,70581,EMEA,Stomil Poznan
31738,20380,70581,EMEA,Tecnogum
31742,20380,70581,EMEA,Vil Kaucuk San.ve Tic. Ltd Sti
31746,20380,70581,EMEA,Zaklady Chemiczne BOCHEM Sp. z o.o
31748,20381,70582,NA,Medicine Hat
31749,20381,70582,LA,
31750,20381,70582,EMEA,
31751,20381,70582,AP,
31752,20381,70582,NA,Napanee
31756,20381,70582,NA,Valleyfield
31760,20381,70582,NA,
31762,20381,70582,EMEA,Debica
31766,20381,70582,EMEA,Philippsburg
31770,20381,70582,EMEA,Luxembourg
31774,20381,70582,EMEA,Adapazari
31778,20381,70582,EMEA,Sava
31782,20381,70582,EMEA,Izmit
31786,20381,70582,EMEA,Fulda
31790,20381,70582,EMEA,Wolverhampton
31793,20381,70582,LA,Peru
31799,20381,70582,AP,Nippon Giant
31803,20381,70582,AP,Indonesia
31806,20381,70582,EMEA,Amiens South
31810,20381,70582,EMEA,Montlucon
31814,20381,70582,EMEA,Hanau
31818,20381,70582,EMEA,Wittlich
31822,20381,70582,EMEA,Fuerstenwalde
31826,20381,70582,EMEA,Riesa
31830,20381,70582,EMEA,Polymer-Technik Elbe GmbH
31834,20381,70582,EMEA,ICM*L
31838,20381,70582,EMEA,RCCE
31842,20381,70582,EMEA,Conbelts Bytom-SAEU
31846,20381,70582,EMEA,DRC Kauucuk
31850,20381,70582,EMEA,Empresa Industrial de Borracha SA-EIB
31854,20381,70582,EMEA,FTT Stomil Wolbrom SA
31858,20381,70582,EMEA,Geyer and Hosaja-Zak-ADY Gumowe w Mielcu-Sp. Zo.o
31862,20381,70582,EMEA,Hexpol - Berwin
31866,20381,70582,EMEA,Kabat Tyre
31870,20381,70582,EMEA,Kolsan
31874,20381,70582,EMEA,Kraiburg Austria GmbH and Co. KG
31878,20381,70582,EMEA,Marangoni S.p.A Rovereto
31882,20381,70582,EMEA,Marangoni S.p.A Hamburg
31886,20381,70582,EMEA,Matrax s.r.o.
31890,20381,70582,EMEA,Multiblend
31894,20381,70582,EMEA,Omya Uk Limited-Masterbatches
31898,20381,70582,EMEA,Ozka Lastik ve Kaucuk Inc.
31902,20381,70582,EMEA,Peintures Robin S.A-Paints /Cements
31906,20381,70582,EMEA,Phoenix Compound Technology Hamburg
31910,20381,70582,EMEA,Phoenix Compound Technology Waltershausen
31914,20381,70582,EMEA,ProPS s.r.o.
31918,20381,70582,EMEA,S and N Rubber¿
31922,20381,70582,EMEA,Socamont-S.A.
31926,20381,70582,EMEA,Stomil Poznan
31930,20381,70582,EMEA,Tecnogum
31934,20381,70582,EMEA,Vil Kaucuk San.ve Tic. Ltd Sti
31938,20381,70582,EMEA,Zaklady Chemiczne BOCHEM Sp. z o.o
31940,20382,70583,NA,Medicine Hat
31941,20382,70583,LA,
31942,20382,70583,EMEA,
31943,20382,70583,AP,
31944,20382,70583,NA,Napanee
31948,20382,70583,NA,Valleyfield
31952,20382,70583,NA,
31954,20382,70583,EMEA,Debica
31958,20382,70583,EMEA,Philippsburg
31962,20382,70583,EMEA,Luxembourg
31966,20382,70583,EMEA,Adapazari
31970,20382,70583,EMEA,Sava
31974,20382,70583,EMEA,Izmit
31978,20382,70583,EMEA,Fulda
31982,20382,70583,EMEA,Wolverhampton
31985,20382,70583,LA,Peru
31991,20382,70583,AP,Nippon Giant
31995,20382,70583,AP,Indonesia
31998,20382,70583,EMEA,Amiens South
32002,20382,70583,EMEA,Montlucon
32006,20382,70583,EMEA,Hanau
32010,20382,70583,EMEA,Wittlich
32014,20382,70583,EMEA,Fuerstenwalde
32018,20382,70583,EMEA,Riesa
32022,20382,70583,EMEA,Polymer-Technik Elbe GmbH
32026,20382,70583,EMEA,ICM*L
32030,20382,70583,EMEA,RCCE
32034,20382,70583,EMEA,Conbelts Bytom-SAEU
32038,20382,70583,EMEA,DRC Kauucuk
32042,20382,70583,EMEA,Empresa Industrial de Borracha SA-EIB
32046,20382,70583,EMEA,FTT Stomil Wolbrom SA
32050,20382,70583,EMEA,Geyer and Hosaja-Zak-ADY Gumowe w Mielcu-Sp. Zo.o
32054,20382,70583,EMEA,Hexpol - Berwin
32058,20382,70583,EMEA,Kabat Tyre
32062,20382,70583,EMEA,Kolsan
32066,20382,70583,EMEA,Kraiburg Austria GmbH and Co. KG
32070,20382,70583,EMEA,Marangoni S.p.A Rovereto
32074,20382,70583,EMEA,Marangoni S.p.A Hamburg
32078,20382,70583,EMEA,Matrax s.r.o.
32082,20382,70583,EMEA,Multiblend
32086,20382,70583,EMEA,Omya Uk Limited-Masterbatches
32090,20382,70583,EMEA,Ozka Lastik ve Kaucuk Inc.
32094,20382,70583,EMEA,Peintures Robin S.A-Paints /Cements
32098,20382,70583,EMEA,Phoenix Compound Technology Hamburg
32102,20382,70583,EMEA,Phoenix Compound Technology Waltershausen
32106,20382,70583,EMEA,ProPS s.r.o.
32110,20382,70583,EMEA,S and N Rubber¿
32114,20382,70583,EMEA,Socamont-S.A.
32118,20382,70583,EMEA,Stomil Poznan
32122,20382,70583,EMEA,Tecnogum
32126,20382,70583,EMEA,Vil Kaucuk San.ve Tic. Ltd Sti
32130,20382,70583,EMEA,Zaklady Chemiczne BOCHEM Sp. z o.o
32132,20383,70584,NA,Medicine Hat
32133,20383,70584,LA,
32134,20383,70584,EMEA,
32135,20383,70584,AP,
32136,20383,70584,NA,Napanee
32140,20383,70584,NA,Valleyfield
32144,20383,70584,NA,
32146,20383,70584,EMEA,Debica
32150,20383,70584,EMEA,Philippsburg
32154,20383,70584,EMEA,Luxembourg
32158,20383,70584,EMEA,Adapazari
32162,20383,70584,EMEA,Sava
32166,20383,70584,EMEA,Izmit
32170,20383,70584,EMEA,Fulda
32174,20383,70584,EMEA,Wolverhampton
32177,20383,70584,LA,Peru
32183,20383,70584,AP,Nippon Giant
32187,20383,70584,AP,Indonesia
32190,20383,70584,EMEA,Amiens South
32194,20383,70584,EMEA,Montlucon
32198,20383,70584,EMEA,Hanau
32202,20383,70584,EMEA,Wittlich
32206,20383,70584,EMEA,Fuerstenwalde
32210,20383,70584,EMEA,Riesa
32214,20383,70584,EMEA,Polymer-Technik Elbe GmbH
32218,20383,70584,EMEA,ICM*L
32222,20383,70584,EMEA,RCCE
32226,20383,70584,EMEA,Conbelts Bytom-SAEU
32230,20383,70584,EMEA,DRC Kauucuk
32234,20383,70584,EMEA,Empresa Industrial de Borracha SA-EIB
32238,20383,70584,EMEA,FTT Stomil Wolbrom SA
32242,20383,70584,EMEA,Geyer and Hosaja-Zak-ADY Gumowe w Mielcu-Sp. Zo.o
32246,20383,70584,EMEA,Hexpol - Berwin
32250,20383,70584,EMEA,Kabat Tyre
32254,20383,70584,EMEA,Kolsan
32258,20383,70584,EMEA,Kraiburg Austria GmbH and Co. KG
32262,20383,70584,EMEA,Marangoni S.p.A Rovereto
32266,20383,70584,EMEA,Marangoni S.p.A Hamburg
32270,20383,70584,EMEA,Matrax s.r.o.
32274,20383,70584,EMEA,Multiblend
32278,20383,70584,EMEA,Omya Uk Limited-Masterbatches
32282,20383,70584,EMEA,Ozka Lastik ve Kaucuk Inc.
32286,20383,70584,EMEA,Peintures Robin S.A-Paints /Cements
32290,20383,70584,EMEA,Phoenix Compound Technology Hamburg
32294,20383,70584,EMEA,Phoenix Compound Technology Waltershausen
32298,20383,70584,EMEA,ProPS s.r.o.
32302,20383,70584,EMEA,S and N Rubber¿
32306,20383,70584,EMEA,Socamont-S.A.
32310,20383,70584,EMEA,Stomil Poznan
32314,20383,70584,EMEA,Tecnogum
32318,20383,70584,EMEA,Vil Kaucuk San.ve Tic. Ltd Sti
32322,20383,70584,EMEA,Zaklady Chemiczne BOCHEM Sp. z o.o
32324,20384,70585,NA,Medicine Hat
32325,20384,70585,LA,
32326,20384,70585,EMEA,
32327,20384,70585,AP,
32328,20384,70585,NA,Napanee
32332,20384,70585,NA,Valleyfield
32336,20384,70585,NA,
32338,20384,70585,EMEA,Debica
32342,20384,70585,EMEA,Philippsburg
32346,20384,70585,EMEA,Luxembourg
32350,20384,70585,EMEA,Adapazari
32354,20384,70585,EMEA,Sava
32358,20384,70585,EMEA,Izmit
32362,20384,70585,EMEA,Fulda
32366,20384,70585,EMEA,Wolverhampton
32369,20384,70585,LA,Peru
32375,20384,70585,AP,Nippon Giant
32379,20384,70585,AP,Indonesia
32382,20384,70585,EMEA,Amiens South
32386,20384,70585,EMEA,Montlucon
32390,20384,70585,EMEA,Hanau
32394,20384,70585,EMEA,Wittlich
32398,20384,70585,EMEA,Fuerstenwalde
32402,20384,70585,EMEA,Riesa
32406,20384,70585,EMEA,Polymer-Technik Elbe GmbH
32410,20384,70585,EMEA,ICM*L
32414,20384,70585,EMEA,RCCE
32418,20384,70585,EMEA,Conbelts Bytom-SAEU
32422,20384,70585,EMEA,DRC Kauucuk
32426,20384,70585,EMEA,Empresa Industrial de Borracha SA-EIB
32430,20384,70585,EMEA,FTT Stomil Wolbrom SA
32434,20384,70585,EMEA,Geyer and Hosaja-Zak-ADY Gumowe w Mielcu-Sp. Zo.o
32438,20384,70585,EMEA,Hexpol - Berwin
32442,20384,70585,EMEA,Kabat Tyre
32446,20384,70585,EMEA,Kolsan
32450,20384,70585,EMEA,Kraiburg Austria GmbH and Co. KG
32454,20384,70585,EMEA,Marangoni S.p.A Rovereto
32458,20384,70585,EMEA,Marangoni S.p.A Hamburg
32462,20384,70585,EMEA,Matrax s.r.o.
32466,20384,70585,EMEA,Multiblend
32470,20384,70585,EMEA,Omya Uk Limited-Masterbatches
32474,20384,70585,EMEA,Ozka Lastik ve Kaucuk Inc.
32478,20384,70585,EMEA,Peintures Robin S.A-Paints /Cements
32482,20384,70585,EMEA,Phoenix Compound Technology Hamburg
32486,20384,70585,EMEA,Phoenix Compound Technology Waltershausen
32490,20384,70585,EMEA,ProPS s.r.o.
32494,20384,70585,EMEA,S and N Rubber¿
32498,20384,70585,EMEA,Socamont-S.A.
32502,20384,70585,EMEA,Stomil Poznan
32506,20384,70585,EMEA,Tecnogum
32510,20384,70585,EMEA,Vil Kaucuk San.ve Tic. Ltd Sti
32514,20384,70585,EMEA,Zaklady Chemiczne BOCHEM Sp. z o.o
32516,20385,70586,NA,Medicine Hat
32517,20385,70586,LA,
32518,20385,70586,EMEA,
32519,20385,70586,AP,
32520,20385,70586,NA,Napanee
32524,20385,70586,NA,Valleyfield
32528,20385,70586,NA,
32530,20385,70586,EMEA,Adapazari
32534,20385,70586,EMEA,Izmit
32539,20385,70586,AP,Thailand
32543,20385,70586,AP,Nippon Giant
32544,20385,70586,NA,Chem Niagara Falls
32548,20386,70587,NA,Medicine Hat
32549,20386,70587,LA,
32550,20386,70587,EMEA,
32551,20386,70587,NA,Napanee
32554,20386,70587,NA,Social Circle
32557,20386,70587,NA,
32559,20386,70587,EMEA,Adapazari
32562,20386,70587,EMEA,Izmit
32563,20387,70588,NA,Medicine Hat
32564,20387,70588,LA,
32565,20387,70588,EMEA,
32566,20387,70588,AP,
32567,20387,70588,NA,Napanee
32571,20387,70588,NA,Valleyfield
32575,20387,70588,NA,
32577,20387,70588,EMEA,Adapazari
32581,20387,70588,EMEA,Izmit
32586,20387,70588,AP,Nippon Giant
32587,20388,70589,NA,
32588,20388,70589,LA,
32589,20388,70589,EMEA,
32590,20388,70589,AP,
32591,20410,71136,NA,
32592,20594,74243,NA,
32593,20594,74243,LA,
32594,20594,74243,EMEA,
32595,20594,74243,AP,
32596,20612,74396,NA,
32597,20612,74396,LA,
32598,20612,74396,EMEA,
32599,20612,74396,AP,
32600,20802,77979,,
32601,20831,78194,NA,
32602,20847,78265,NA,
32603,21056,81606,,
32604,21124,82283,,
32605,21408,91283,NA,Medicine Hat
32606,21408,91283,LA,
32607,21408,91283,EMEA,
32608,21408,91283,AP,
32609,21408,91283,NA,Napanee
32613,21408,91283,NA,Valleyfield
32617,21408,91283,NA,
32620,21408,91283,AP,Nippon Giant
32624,21408,91283,AP,Pulandian
32625,21595,96770,EMEA,
32626,21882,104628,EMEA,
32627,22112,110242,NA,
32628,22112,110242,LA,
32629,22112,110242,AP,
32630,22113,110243,NA,
32631,22113,110243,LA,
32632,22113,110243,EMEA,Debica
32633,22113,110243,AP,
32636,22113,110243,EMEA,Philippsburg
32640,22113,110243,EMEA,Luxembourg
32644,22113,110243,EMEA,Sava
32648,22113,110243,EMEA,Fulda
32652,22113,110243,EMEA,Amiens South
32656,22113,110243,EMEA,Montlucon
32660,22113,110243,EMEA,Hanau
32664,22113,110243,EMEA,Wittlich
32668,22113,110243,EMEA,Fuerstenwalde
32672,22113,110243,EMEA,Riesa
32676,22113,110243,EMEA,Polymer-Technik Elbe GmbH
32680,22113,110243,EMEA,ICM*L
32684,22113,110243,EMEA,RCCE
32688,22113,110243,EMEA,Conbelts Bytom-SAEU
32692,22113,110243,EMEA,DRC Kauucuk
32696,22113,110243,EMEA,Empresa Industrial de Borracha SA-EIB
32700,22113,110243,EMEA,FTT Stomil Wolbrom SA
32704,22113,110243,EMEA,Geyer and Hosaja-Zak-ADY Gumowe w Mielcu-Sp. Zo.o
32708,22113,110243,EMEA,Hexpol - Berwin
32712,22113,110243,EMEA,Kabat Tyre
32716,22113,110243,EMEA,Kolsan
32720,22113,110243,EMEA,Kraiburg Austria GmbH and Co. KG
32724,22113,110243,EMEA,Marangoni S.p.A Rovereto
32728,22113,110243,EMEA,Marangoni S.p.A Hamburg
32732,22113,110243,EMEA,Matrax s.r.o.
32736,22113,110243,EMEA,Multiblend
32740,22113,110243,EMEA,Omya Uk Limited-Masterbatches
32744,22113,110243,EMEA,Ozka Lastik ve Kaucuk Inc.
32748,22113,110243,EMEA,Peintures Robin S.A-Paints /Cements
32752,22113,110243,EMEA,Phoenix Compound Technology Hamburg
32756,22113,110243,EMEA,Phoenix Compound Technology Waltershausen
32760,22113,110243,EMEA,ProPS s.r.o.
32764,22113,110243,EMEA,S and N Rubber¿
32768,22113,110243,EMEA,Socamont-S.A.
32772,22113,110243,EMEA,Stomil Poznan
32776,22113,110243,EMEA,Tecnogum
32780,22113,110243,EMEA,Vil Kaucuk San.ve Tic. Ltd Sti
32784,22113,110243,EMEA,Zaklady Chemiczne BOCHEM Sp. z o.o
32788,22113,110243,EMEA,Dudelange
32790,22826,121257,,
32791,22976,123438,NA,
32792,23017,124242,NA,
32793,23019,124244,NA,
32794,23021,124246,NA,
32795,23023,124248,NA,
32796,23025,124250,NA,
32797,23027,124252,NA,
32798,23029,124254,NA,
32799,23031,124256,NA,
32800,23032,124257,NA,
32801,23174,126248,NA,
32802,23706,131598,,
32803,23764,132218,NA,
32804,23764,132218,LA,
32805,23764,132218,EMEA,
32806,23764,132218,AP,
32807,23774,132283,NA,
32808,23774,132283,LA,
32809,23774,132283,AP,
32810,20215,68355,,
32811,20354,70290,NA,
32812,20354,70290,LA,
32813,20354,70290,AP,
32814,20952,79924,,
32815,20990,80378,,
32816,21100,81941,NA,
32817,21102,81944,NA,
32818,21120,82222,,
32819,21122,82223,,
32820,21231,83911,NA,
32821,21368,89473,NA,
32822,21573,95773,,
32823,22048,108932,,
32824,22049,108933,,
32825,22326,113109,,
32826,22342,113292,NA,
32827,22342,113292,LA,
32828,22342,113292,EMEA,
32829,22342,113292,AP,
32830,22346,113376,NA,
32831,22346,113376,LA,
32832,22346,113376,EMEA,
32833,22346,113376,AP,
32834,22349,113379,NA,
32835,22350,113380,NA,
32836,22351,113381,NA,
32837,22357,113643,,
32838,22363,113724,,
32839,22364,113725,,
32840,22365,113726,,
32841,22374,114065,LA,
32842,22394,114564,NA,
32843,22394,114564,LA,
32844,22394,114564,AP,
32845,22400,114640,NA,
32846,22402,114643,NA,
32847,22404,114645,NA,
32848,22405,114646,NA,
32849,22407,114648,NA,
32850,22438,114927,,
32851,22740,119430,,
32852,23264,127747,,
32853,23654,130886,NA,
32854,23710,131655,,
32855,23711,131656,,
32856,23720,131718,NA,
32857,23720,131718,LA,
32858,23720,131718,EMEA,
32859,23720,131718,AP,
32860,23751,132087,,
32861,23838,133002,,
32862,20262,68851,,
32863,20430,71360,,
32864,20578,74027,NA,
32865,20578,74027,LA,
32866,20578,74027,EMEA,
32867,20578,74027,AP,Nippon Giant
32868,20625,74994,,
32869,20902,79236,,
32870,20959,79979,NA,
32871,20961,79982,NA,
32872,21274,84773,NA,
32873,21274,84773,LA,
32874,21274,84773,EMEA,
32875,21274,84773,AP,
32876,21275,84774,NA,
32877,21275,84774,LA,
32878,21275,84774,EMEA,
32879,21275,84774,AP,
32880,21276,84775,NA,
32881,21276,84775,LA,
32882,21276,84775,EMEA,
32883,21276,84775,AP,
32884,21292,84994,NA,
32885,21292,84994,LA,
32886,21292,84994,EMEA,
32887,21292,84994,AP,
32888,21486,94292,NA,
32889,21486,94292,LA,
32890,21486,94292,EMEA,
32891,21486,94292,AP,
32892,21640,98489,,
32893,21642,98490,,
32894,22243,112024,,
32895,22255,112193,,
32896,22257,112195,,
32897,22259,112197,,
32898,22264,112299,,
32899,22311,112916,NA,
32900,22333,113194,,
32901,22396,114636,NA,
32902,22398,114638,NA,
32903,22399,114639,NA,
32904,22401,114642,NA,
32905,22454,115119,NA,
32906,22454,115119,EMEA,Adapazari
32908,22454,115119,EMEA,Izmit
32909,22462,115301,NA,
32910,22462,115301,LA,
32911,22462,115301,EMEA,
32912,22462,115301,AP,
32913,22479,115645,EMEA,
32914,23905,133924,,
32915,23906,133925,,
32916,23911,134042,,
32917,23912,134043,,
32918,23913,134044,,
32919,23914,134045,,
32920,23915,134046,,
32921,23917,134048,NA,
32922,23919,134102,NA,
32923,23921,134166,,
32924,23923,134172,,
32925,23924,134173,,
32926,23927,134176,,
32927,23928,134177,,
32928,23929,134230,NA,
32929,23929,134230,LA,
32930,23929,134230,EMEA,
32931,23929,134230,AP,
32932,23931,134231,,
32933,23932,134232,,
32934,23933,134285,,
32935,23934,134286,,
32936,23935,134287,,
32937,23937,134289,NA,
32938,23937,134289,LA,
32939,23937,134289,AP,
32940,23943,134351,NA,
32941,23944,134352,NA,
32942,23945,134405,,
32943,23907,133978,,
32944,23908,133979,,
32945,23941,134350,NA,
32946,23941,134350,LA,
32947,23941,134350,EMEA,
32948,23941,134350,AP,
32949,23961,134656,NA,
32950,23961,134656,LA,
32951,23961,134656,EMEA,
32952,23961,134656,AP,
32953,23963,134714,,
32954,23979,134936,EMEA,Hanau
32955,23997,135306,NA,
32956,23997,135306,LA,
32957,23997,135306,EMEA,Adapazari
32958,23997,135306,AP,
32961,23997,135306,EMEA,Izmit
32965,23997,135306,EMEA,Melksham
32967,24031,135573,,
32968,24041,135675,NA,
32969,24041,135675,LA,
32970,24041,135675,EMEA,
32971,24041,135675,AP,
32972,24042,135676,NA,
32973,24042,135676,LA,
32974,24042,135676,EMEA,
32975,24042,135676,AP,
32976,24043,135677,NA,
32977,24043,135677,LA,
32978,24043,135677,EMEA,
32979,24043,135677,AP,
32980,24061,136167,NA,
32981,24061,136167,LA,
32982,24061,136167,EMEA,
32983,24061,136167,AP,
32984,24091,136724,,
32985,24096,136776,,
32986,24097,136777,,
32987,24098,136778,,
32988,24099,136779,,
32989,24103,136826,,
32990,24107,136910,NA,
32991,24107,136910,LA,
32992,24107,136910,EMEA,
32993,24107,136910,AP,
32994,24108,136911,NA,
32995,24109,136912,NA,
32996,24113,137127,NA,
32997,24113,137127,LA,
32998,24113,137127,EMEA,
32999,24113,137127,AP,
33000,24114,137128,NA,
33001,24114,137128,LA,
33002,24114,137128,EMEA,
33003,24114,137128,AP,
33004,24117,137136,NA,
33005,24119,137177,NA,
33006,24119,137177,EMEA,
33007,24120,137178,NA,
33008,24121,137179,NA,
33009,24122,137180,NA,
33010,24123,137181,NA,
33011,23949,134519,NA,
33012,23950,134520,NA,
33013,23952,134585,NA,
33014,23954,134588,NA,
33015,23956,134590,NA,
33016,23957,134591,NA,
33017,23958,134592,NA,
33018,23959,134593,NA,
33019,23960,134594,NA,
33020,23987,135095,,
33021,23988,135096,,
33022,23989,135149,NA,
33023,23989,135149,LA,
33024,23989,135149,EMEA,
33025,23989,135149,AP,
33026,23990,135151,EMEA,
33027,23991,135152,NA,
33028,23991,135152,LA,
33029,23991,135152,EMEA,
33030,23991,135152,AP,
33031,23992,135153,NA,
33032,23992,135153,LA,
33033,23992,135153,EMEA,
33034,23992,135153,AP,
33035,24034,135576,,
33036,24035,135577,,
33037,24053,136019,,
33038,24057,136023,NA,
33039,24057,136023,LA,
33040,24057,136023,EMEA,
33041,24057,136023,AP,
33042,24059,136121,NA,
33043,24062,136169,,
33044,24065,136309,,
33045,24067,136440,AP,
33046,24068,136441,NA,
33047,24071,136530,,
33048,24074,136624,EMEA,
33049,24077,136627,,
33050,24078,136628,,
33051,23904,133811,,
33052,23939,134347,EMEA,
33053,23940,134348,LA,
33054,23947,134458,,
33055,23967,134832,NA,
33056,23967,134832,LA,
33057,23967,134832,EMEA,
33058,23967,134832,AP,
33059,23969,134833,NA,Danville
33060,23969,134833,EMEA,
33061,23969,134833,NA,Topeka
33063,23969,134833,NA,Fayetteville
33065,23969,134833,NA,Lawton
33067,23969,134833,NA,Medicine Hat
33069,23969,134833,NA,Napanee
33071,23969,134833,NA,Valleyfield
33073,23969,134833,NA,Social Circle
33075,23969,134833,NA,ICM*A
33077,23969,134833,NA,
33078,23969,134833,EMEA,Philippsburg
33080,23969,134833,EMEA,Luxembourg
33082,23969,134833,EMEA,Adapazari
33084,23969,134833,EMEA,Sava
33086,23969,134833,EMEA,Izmit
33088,23969,134833,EMEA,Fulda
33090,23969,134833,EMEA,South Africa
33091,23969,134833,NA,Chile
33094,23969,134833,EMEA,Amiens South
33096,23969,134833,EMEA,Montlucon
33098,23969,134833,EMEA,Wittlich
33100,23969,134833,EMEA,Fuerstenwalde
33102,23969,134833,EMEA,Riesa
33103,23969,134833,NA,Chem Bayport
33105,23969,134833,NA,Chem Beaumont
33107,23969,134833,NA,Chem Houston
33109,23969,134833,NA,Chem Niagara Falls
33111,23969,134833,NA,NA-LA-AP Except AIRCRAFT
33114,23969,134833,EMEA,Polymer-Technik Elbe GmbH
33116,23969,134833,EMEA,ICM*L
33118,23969,134833,EMEA,RCCE
33119,23969,134833,NA,San Luis Potosi
33122,23969,134833,EMEA,Conbelts Bytom-SAEU
33124,23969,134833,EMEA,DRC Kauucuk
33126,23969,134833,EMEA,Empresa Industrial de Borracha SA-EIB
33128,23969,134833,EMEA,FTT Stomil Wolbrom SA
33130,23969,134833,EMEA,Geyer and Hosaja-Zak-ADY Gumowe w Mielcu-Sp. Zo.o
33132,23969,134833,EMEA,Hexpol - Berwin
33134,23969,134833,EMEA,Kabat Tyre
33136,23969,134833,EMEA,Kolsan
33138,23969,134833,EMEA,Kraiburg Austria GmbH and Co. KG
33140,23969,134833,EMEA,Marangoni S.p.A Rovereto
33142,23969,134833,EMEA,Marangoni S.p.A Hamburg
33144,23969,134833,EMEA,Matrax s.r.o.
33146,23969,134833,EMEA,Multiblend
33148,23969,134833,EMEA,Omya Uk Limited-Masterbatches
33150,23969,134833,EMEA,Ozka Lastik ve Kaucuk Inc.
33152,23969,134833,EMEA,Peintures Robin S.A-Paints /Cements
33154,23969,134833,EMEA,Phoenix Compound Technology Hamburg
33156,23969,134833,EMEA,Phoenix Compound Technology Waltershausen
33158,23969,134833,EMEA,ProPS s.r.o.
33160,23969,134833,EMEA,S and N Rubber¿
33162,23969,134833,EMEA,Socamont-S.A.
33164,23969,134833,EMEA,Stomil Poznan
33166,23969,134833,EMEA,Tecnogum
33168,23969,134833,EMEA,Vil Kaucuk San.ve Tic. Ltd Sti
33170,23969,134833,EMEA,Zaklady Chemiczne BOCHEM Sp. z o.o
33171,23969,134833,NA,Kingman
33173,23969,134833,NA,Stockbridge
33175,23969,134833,NA,Tall Timbers
33178,23969,134833,EMEA,Melksham
33180,23969,134833,EMEA,Krusevac
33181,23970,134834,NA,Danville
33182,23970,134834,EMEA,
33183,23970,134834,NA,Topeka
33185,23970,134834,NA,Fayetteville
33187,23970,134834,NA,Lawton
33189,23970,134834,NA,Medicine Hat
33191,23970,134834,NA,Napanee
33193,23970,134834,NA,Valleyfield
33195,23970,134834,NA,Social Circle
33197,23970,134834,NA,ICM*A
33199,23970,134834,NA,
33200,23970,134834,EMEA,Philippsburg
33202,23970,134834,EMEA,Luxembourg
33204,23970,134834,EMEA,Adapazari
33206,23970,134834,EMEA,Sava
33208,23970,134834,EMEA,Izmit
33210,23970,134834,EMEA,Fulda
33212,23970,134834,EMEA,South Africa
33213,23970,134834,NA,Chile
33216,23970,134834,EMEA,Amiens South
33218,23970,134834,EMEA,Montlucon
33220,23970,134834,EMEA,Wittlich
33222,23970,134834,EMEA,Fuerstenwalde
33224,23970,134834,EMEA,Riesa
33225,23970,134834,NA,Chem Bayport
33227,23970,134834,NA,Chem Beaumont
33229,23970,134834,NA,Chem Houston
33231,23970,134834,NA,Chem Niagara Falls
33233,23970,134834,NA,NA-LA-AP Except AIRCRAFT
33236,23970,134834,EMEA,Polymer-Technik Elbe GmbH
33238,23970,134834,EMEA,ICM*L
33240,23970,134834,EMEA,RCCE
33241,23970,134834,NA,San Luis Potosi
33244,23970,134834,EMEA,Conbelts Bytom-SAEU
33246,23970,134834,EMEA,DRC Kauucuk
33248,23970,134834,EMEA,Empresa Industrial de Borracha SA-EIB
33250,23970,134834,EMEA,FTT Stomil Wolbrom SA
33252,23970,134834,EMEA,Geyer and Hosaja-Zak-ADY Gumowe w Mielcu-Sp. Zo.o
33254,23970,134834,EMEA,Hexpol - Berwin
33256,23970,134834,EMEA,Kabat Tyre
33258,23970,134834,EMEA,Kolsan
33260,23970,134834,EMEA,Kraiburg Austria GmbH and Co. KG
33262,23970,134834,EMEA,Marangoni S.p.A Rovereto
33264,23970,134834,EMEA,Marangoni S.p.A Hamburg
33266,23970,134834,EMEA,Matrax s.r.o.
33268,23970,134834,EMEA,Multiblend
33270,23970,134834,EMEA,Omya Uk Limited-Masterbatches
33272,23970,134834,EMEA,Ozka Lastik ve Kaucuk Inc.
33274,23970,134834,EMEA,Peintures Robin S.A-Paints /Cements
33276,23970,134834,EMEA,Phoenix Compound Technology Hamburg
33278,23970,134834,EMEA,Phoenix Compound Technology Waltershausen
33280,23970,134834,EMEA,ProPS s.r.o.
33282,23970,134834,EMEA,S and N Rubber¿
33284,23970,134834,EMEA,Socamont-S.A.
33286,23970,134834,EMEA,Stomil Poznan
33288,23970,134834,EMEA,Tecnogum
33290,23970,134834,EMEA,Vil Kaucuk San.ve Tic. Ltd Sti
33292,23970,134834,EMEA,Zaklady Chemiczne BOCHEM Sp. z o.o
33293,23970,134834,NA,Kingman
33295,23970,134834,NA,Stockbridge
33297,23970,134834,NA,Findlay
33299,23970,134834,NA,Tall Timbers
33302,23970,134834,EMEA,Melksham
33304,23970,134834,EMEA,Krusevac
33305,23971,134835,NA,Danville
33306,23971,134835,EMEA,
33307,23971,134835,NA,Topeka
33309,23971,134835,NA,Fayetteville
33311,23971,134835,NA,Lawton
33313,23971,134835,NA,Medicine Hat
33315,23971,134835,NA,Napanee
33317,23971,134835,NA,Valleyfield
33319,23971,134835,NA,Social Circle
33321,23971,134835,NA,ICM*A
33323,23971,134835,NA,
33324,23971,134835,EMEA,Philippsburg
33326,23971,134835,EMEA,Luxembourg
33328,23971,134835,EMEA,Adapazari
33330,23971,134835,EMEA,Sava
33332,23971,134835,EMEA,Izmit
33334,23971,134835,EMEA,Fulda
33336,23971,134835,EMEA,South Africa
33337,23971,134835,NA,Chile
33340,23971,134835,EMEA,Amiens South
33342,23971,134835,EMEA,Montlucon
33344,23971,134835,EMEA,Wittlich
33346,23971,134835,EMEA,Fuerstenwalde
33348,23971,134835,EMEA,Riesa
33349,23971,134835,NA,Chem Bayport
33351,23971,134835,NA,Chem Beaumont
33353,23971,134835,NA,Chem Houston
33355,23971,134835,NA,Chem Niagara Falls
33357,23971,134835,NA,NA-LA-AP Except AIRCRAFT
33360,23971,134835,EMEA,Polymer-Technik Elbe GmbH
33362,23971,134835,EMEA,ICM*L
33364,23971,134835,EMEA,RCCE
33365,23971,134835,NA,San Luis Potosi
33368,23971,134835,EMEA,Conbelts Bytom-SAEU
33370,23971,134835,EMEA,DRC Kauucuk
33372,23971,134835,EMEA,Empresa Industrial de Borracha SA-EIB
33374,23971,134835,EMEA,FTT Stomil Wolbrom SA
33376,23971,134835,EMEA,Geyer and Hosaja-Zak-ADY Gumowe w Mielcu-Sp. Zo.o
33378,23971,134835,EMEA,Hexpol - Berwin
33380,23971,134835,EMEA,Kabat Tyre
33382,23971,134835,EMEA,Kolsan
33384,23971,134835,EMEA,Kraiburg Austria GmbH and Co. KG
33386,23971,134835,EMEA,Marangoni S.p.A Rovereto
33388,23971,134835,EMEA,Marangoni S.p.A Hamburg
33390,23971,134835,EMEA,Matrax s.r.o.
33392,23971,134835,EMEA,Multiblend
33394,23971,134835,EMEA,Omya Uk Limited-Masterbatches
33396,23971,134835,EMEA,Ozka Lastik ve Kaucuk Inc.
33398,23971,134835,EMEA,Peintures Robin S.A-Paints /Cements
33400,23971,134835,EMEA,Phoenix Compound Technology Hamburg
33402,23971,134835,EMEA,Phoenix Compound Technology Waltershausen
33404,23971,134835,EMEA,ProPS s.r.o.
33406,23971,134835,EMEA,S and N Rubber¿
33408,23971,134835,EMEA,Socamont-S.A.
33410,23971,134835,EMEA,Stomil Poznan
33412,23971,134835,EMEA,Tecnogum
33414,23971,134835,EMEA,Vil Kaucuk San.ve Tic. Ltd Sti
33416,23971,134835,EMEA,Zaklady Chemiczne BOCHEM Sp. z o.o
33417,23971,134835,NA,Kingman
33419,23971,134835,NA,Stockbridge
33421,23971,134835,NA,Tall Timbers
33424,23971,134835,EMEA,Melksham
33426,23971,134835,EMEA,Krusevac
33427,23973,134837,,
33428,23974,134838,,
33429,23983,134986,NA,
33430,23983,134986,LA,
33431,23983,134986,EMEA,
33432,23983,134986,AP,
33433,23984,134987,NA,
33434,23984,134987,LA,
33435,23984,134987,EMEA,
33436,23984,134987,AP,
33437,23985,135044,NA,
33438,23995,135168,NA,
33439,23995,135168,LA,
33440,23995,135168,EMEA,
33441,23995,135168,AP,
33442,24027,135478,EMEA,
33443,24028,135479,EMEA,
33444,24029,135524,NA,
33445,24029,135524,LA,
33446,24029,135524,EMEA,Melksham
33447,24029,135524,AP,
33448,24033,135575,,
33449,24051,135870,NA,
33450,24051,135870,LA,
33451,24051,135870,EMEA,
33452,24051,135870,AP,
33453,24055,136022,NA,
33454,24055,136022,LA,
33455,24055,136022,EMEA,
33456,24055,136022,AP,
33457,24063,136266,NA,
33458,24063,136266,LA,
33459,24063,136266,EMEA,
33460,24063,136266,AP,
33461,24069,136526,EMEA,
33462,24076,136626,EMEA,
33463,24082,136675,NA,Medicine Hat
33464,24082,136675,LA,
33465,24082,136675,EMEA,
33466,24082,136675,AP,
33467,24082,136675,NA,Napanee
33471,24082,136675,NA,Valleyfield
33475,24082,136675,NA,
33477,24082,136675,EMEA,Krusevac
33479,24085,136677,,
33480,24086,136678,,
33481,24087,136679,,
33482,24088,136680,,
33483,24089,136681,,
33484,24100,136822,,
33485,23975,134888,EMEA,Adapazari
33486,23975,134888,AP,
33487,23975,134888,EMEA,Izmit
33489,23975,134888,EMEA,
33490,23975,134888,AP,Thailand
33492,23975,134888,AP,Nippon Giant
33494,23975,134888,AP,Indonesia
33495,23975,134888,EMEA,Krusevac
33497,23993,135166,NA,
33498,23993,135166,LA,
33499,23993,135166,EMEA,
33500,23993,135166,AP,
33501,24005,135370,EMEA,Debica
33502,24005,135370,EMEA,Philippsburg
33503,24005,135370,EMEA,Adapazari
33504,24005,135370,EMEA,Sava
33505,24005,135370,EMEA,Izmit
33506,24005,135370,EMEA,Fulda
33507,24005,135370,EMEA,South Africa
33508,24005,135370,EMEA,Amiens South
33509,24005,135370,EMEA,Montlucon
33510,24005,135370,EMEA,Hanau
33511,24005,135370,EMEA,Wittlich
33512,24005,135370,EMEA,Fuerstenwalde
33513,24005,135370,EMEA,Riesa
33514,24005,135370,EMEA,Polymer-Technik Elbe GmbH
33515,24005,135370,EMEA,RCCE
33516,24005,135370,EMEA,Conbelts Bytom-SAEU
33517,24005,135370,EMEA,DRC Kauucuk
33518,24005,135370,EMEA,Empresa Industrial de Borracha SA-EIB
33519,24005,135370,EMEA,FTT Stomil Wolbrom SA
33520,24005,135370,EMEA,Geyer and Hosaja-Zak-ADY Gumowe w Mielcu-Sp. Zo.o
33521,24005,135370,EMEA,Hexpol - Berwin
33522,24005,135370,EMEA,Kabat Tyre
33523,24005,135370,EMEA,Kolsan
33524,24005,135370,EMEA,Kraiburg Austria GmbH and Co. KG
33525,24005,135370,EMEA,Marangoni S.p.A Rovereto
33526,24005,135370,EMEA,Marangoni S.p.A Hamburg
33527,24005,135370,EMEA,Matrax s.r.o.
33528,24005,135370,EMEA,Multiblend
33529,24005,135370,EMEA,Omya Uk Limited-Masterbatches
33530,24005,135370,EMEA,Ozka Lastik ve Kaucuk Inc.
33531,24005,135370,EMEA,Phoenix Compound Technology Hamburg
33532,24005,135370,EMEA,Phoenix Compound Technology Waltershausen
33533,24005,135370,EMEA,ProPS s.r.o.
33534,24005,135370,EMEA,S and N Rubber¿
33535,24005,135370,EMEA,Socamont-S.A.
33536,24005,135370,EMEA,Stomil Poznan
33537,24005,135370,EMEA,Tecnogum
33538,24005,135370,EMEA,Vil Kaucuk San.ve Tic. Ltd Sti
33539,24005,135370,EMEA,Zaklady Chemiczne BOCHEM Sp. z o.o
33540,24005,135370,EMEA,Dudelange
33541,24005,135370,EMEA,Melksham
33542,24005,135370,EMEA,Krusevac
33543,24037,135624,EMEA,
33544,24039,135631,,
33545,24045,135779,,
33546,24046,135780,,
33547,24047,135781,,
33548,24049,135826,NA,
33549,24049,135826,LA,
33550,24049,135826,EMEA,
33551,24049,135826,AP,
33552,24054,136021,NA,
33553,24073,136623,NA,
33554,24073,136623,LA,
33555,24073,136623,EMEA,
33556,24073,136623,AP,
33557,24106,136868,AP,
33558,24111,137030,NA,
33559,24111,137030,LA,
33560,24111,137030,EMEA,
33561,24111,137030,AP,
33562,24115,137135,,
33563,24124,137182,NA,
33564,24125,137183,NA,
33565,24126,137184,NA,
33566,24127,137185,NA,
33567,24128,137186,NA,
33568,24129,137187,NA,
33569,24130,137188,NA,
33570,24131,137189,NA,
33571,24132,137190,NA,
33572,24133,137191,NA,
33573,24135,137234,,
33574,24136,137235,,
33575,24137,137276,,
33576,24138,137277,,
33577,24139,137400,NA,
33578,24139,137400,LA,
33579,24139,137400,EMEA,Adapazari
33580,24139,137400,AP,
33583,24139,137400,EMEA,Izmit
33587,24139,137400,EMEA,Krusevac
33589,23909,134040,,
33590,23910,134041,,
33591,23925,134174,,
33592,23926,134175,,
33593,23965,134777,NA,Danville
33594,23965,134777,EMEA,
33595,23965,134777,NA,Topeka
33597,23965,134777,NA,Fayetteville
33599,23965,134777,NA,Lawton
33601,23965,134777,NA,Medicine Hat
33603,23965,134777,NA,Napanee
33605,23965,134777,NA,Valleyfield
33607,23965,134777,NA,Social Circle
33609,23965,134777,NA,ICM*A
33611,23965,134777,NA,
33612,23965,134777,EMEA,Philippsburg
33614,23965,134777,EMEA,Luxembourg
33616,23965,134777,EMEA,Adapazari
33618,23965,134777,EMEA,Sava
33620,23965,134777,EMEA,Izmit
33622,23965,134777,EMEA,Fulda
33624,23965,134777,EMEA,South Africa
33625,23965,134777,NA,Chile
33628,23965,134777,EMEA,Amiens South
33630,23965,134777,EMEA,Montlucon
33632,23965,134777,EMEA,Wittlich
33634,23965,134777,EMEA,Fuerstenwalde
33636,23965,134777,EMEA,Riesa
33637,23965,134777,NA,Chem Bayport
33639,23965,134777,NA,Chem Beaumont
33641,23965,134777,NA,Chem Houston
33643,23965,134777,NA,Chem Niagara Falls
33645,23965,134777,NA,NA-LA-AP Except AIRCRAFT
33648,23965,134777,EMEA,Polymer-Technik Elbe GmbH
33650,23965,134777,EMEA,ICM*L
33652,23965,134777,EMEA,RCCE
33653,23965,134777,NA,San Luis Potosi
33656,23965,134777,EMEA,Conbelts Bytom-SAEU
33658,23965,134777,EMEA,DRC Kauucuk
33660,23965,134777,EMEA,Empresa Industrial de Borracha SA-EIB
33662,23965,134777,EMEA,FTT Stomil Wolbrom SA
33664,23965,134777,EMEA,Geyer and Hosaja-Zak-ADY Gumowe w Mielcu-Sp. Zo.o
33666,23965,134777,EMEA,Hexpol - Berwin
33668,23965,134777,EMEA,Kabat Tyre
33670,23965,134777,EMEA,Kolsan
33672,23965,134777,EMEA,Kraiburg Austria GmbH and Co. KG
33674,23965,134777,EMEA,Marangoni S.p.A Rovereto
33676,23965,134777,EMEA,Marangoni S.p.A Hamburg
33678,23965,134777,EMEA,Matrax s.r.o.
33680,23965,134777,EMEA,Multiblend
33682,23965,134777,EMEA,Omya Uk Limited-Masterbatches
33684,23965,134777,EMEA,Ozka Lastik ve Kaucuk Inc.
33686,23965,134777,EMEA,Peintures Robin S.A-Paints /Cements
33688,23965,134777,EMEA,Phoenix Compound Technology Hamburg
33690,23965,134777,EMEA,Phoenix Compound Technology Waltershausen
33692,23965,134777,EMEA,ProPS s.r.o.
33694,23965,134777,EMEA,S and N Rubber¿
33696,23965,134777,EMEA,Socamont-S.A.
33698,23965,134777,EMEA,Stomil Poznan
33700,23965,134777,EMEA,Tecnogum
33702,23965,134777,EMEA,Vil Kaucuk San.ve Tic. Ltd Sti
33704,23965,134777,EMEA,Zaklady Chemiczne BOCHEM Sp. z o.o
33705,23965,134777,NA,Stockbridge
33707,23965,134777,NA,Tall Timbers
33710,23965,134777,EMEA,Melksham
33712,23965,134777,EMEA,Krusevac
33713,23977,134933,NA,Medicine Hat
33714,23977,134933,LA,
33715,23977,134933,EMEA,
33716,23977,134933,AP,
33717,23977,134933,NA,Napanee
33721,23977,134933,NA,Valleyfield
33725,23977,134933,NA,
33727,23977,134933,EMEA,Krusevac
33729,24004,135318,,
33730,24009,135417,NA,
33731,24009,135417,LA,
33732,24009,135417,EMEA,
33733,24009,135417,AP,
33734,24011,135418,NA,
33735,24011,135418,LA,
33736,24011,135418,EMEA,
33737,24011,135418,AP,
33738,24012,135419,NA,
33739,24012,135419,LA,
33740,24012,135419,EMEA,
33741,24012,135419,AP,
33742,24013,135420,NA,
33743,24013,135420,LA,
33744,24013,135420,EMEA,
33745,24013,135420,AP,
33746,24014,135421,NA,
33747,24014,135421,LA,
33748,24014,135421,EMEA,Adapazari
33749,24014,135421,AP,
33752,24014,135421,EMEA,Izmit
33756,24014,135421,EMEA,South Africa
33760,24014,135421,EMEA,
33761,24014,135421,AP,Indonesia
33764,24014,135421,EMEA,Melksham
33766,24015,135422,NA,
33767,24015,135422,LA,
33768,24015,135422,EMEA,
33769,24015,135422,AP,
33770,24016,135423,NA,
33771,24016,135423,LA,
33772,24016,135423,EMEA,
33773,24016,135423,AP,
33774,24017,135424,NA,
33775,24017,135424,LA,
33776,24017,135424,EMEA,
33777,24017,135424,AP,
33778,24018,135425,NA,
33779,24018,135425,LA,
33780,24018,135425,EMEA,
33781,24018,135425,AP,
33782,24019,135426,NA,
33783,24019,135426,LA,
33784,24019,135426,EMEA,
33785,24019,135426,AP,
33786,24020,135427,NA,
33787,24020,135427,LA,
33788,24020,135427,EMEA,
33789,24020,135427,AP,
33790,24021,135428,NA,
33791,24021,135428,LA,
33792,24021,135428,EMEA,
33793,24021,135428,AP,
33794,24022,135429,NA,
33795,24022,135429,LA,
33796,24022,135429,EMEA,
33797,24022,135429,AP,
33798,24023,135430,NA,
33799,24023,135430,LA,
33800,24023,135430,EMEA,
33801,24023,135430,AP,
33802,24024,135431,NA,
33803,24024,135431,LA,
33804,24024,135431,EMEA,
33805,24024,135431,AP,
33806,24025,135432,NA,
33807,24025,135432,LA,
33808,24025,135432,EMEA,
33809,24025,135432,AP,
33810,24050,135827,NA,
33811,24050,135827,LA,
33812,24050,135827,EMEA,
33813,24050,135827,AP,
33814,24079,136629,,
33815,24080,136630,,
33816,24081,136674,EMEA,
33817,24083,136676,EMEA,
33818,24092,136725,,
33819,24093,136727,NA,
33820,24093,136727,LA,
33821,24093,136727,EMEA,
33822,24093,136727,AP,
33823,24095,136775,,
33824,24101,136825,,
33825,24555,140961,NA,
33826,24597,141193,NA,
33827,24598,141194,NA,
33828,25008,142684,EMEA,
33829,25157,143112,,
33830,25289,143420,,
33831,25290,143421,,
33832,25305,143459,NA,
33833,25305,143459,LA,
33834,25305,143459,EMEA,
33835,25305,143459,AP,
33836,25727,144753,EMEA,
33837,25811,144944,NA,Medicine Hat
33838,25811,144944,LA,
33839,25811,144944,EMEA,
33840,25811,144944,AP,
33841,25811,144944,NA,Napanee
33845,25811,144944,NA,
33847,25811,144944,EMEA,Adapazari
33851,25811,144944,EMEA,Izmit
33855,25811,144944,EMEA,Melksham
33857,25812,144945,,
33858,25813,144946,,
33859,25814,144947,,
33860,25815,144949,,
33861,25816,144950,,
33862,25817,144958,NA,
33863,25817,144958,LA,
33864,25817,144958,EMEA,Adapazari
33865,25817,144958,AP,
33868,25817,144958,EMEA,Izmit
33872,25817,144958,EMEA,Melksham
33874,25818,144959,,
33875,25819,144960,,
33876,25820,144961,,
33877,25821,144962,,
33878,25827,144976,NA,
33879,25827,144976,LA,
33880,25827,144976,EMEA,
33881,25827,144976,AP,
33882,25828,144977,,
33883,25848,145028,,
33884,26421,146214,NA,
33885,26421,146214,LA,
33886,26422,146215,NA,
33887,26422,146215,LA,
33888,26402,146190,LA,
33889,26403,146191,LA,
33890,26407,146194,,
33891,26408,146195,,
33892,26409,146196,,
33893,26410,146197,,
33894,26411,146198,,
33895,26412,146199,,
33896,26413,146201,,
33897,26415,146203,,
33898,26417,146209,,
33899,26418,146210,,
33900,26449,146244,,
33901,26450,146245,,
33902,26451,146246,,
33903,26452,146247,,
33904,26453,146248,,
33905,26454,146249,,
33906,26455,146250,NA,
33907,26455,146250,LA,
33908,26455,146250,EMEA,Adapazari
33909,26455,146250,AP,
33912,26455,146250,EMEA,Izmit
33914,26481,146300,,
33915,26488,146310,EMEA,
33916,26529,146355,,
33917,24371,139538,,
33918,24465,140393,NA,
33919,24551,140957,NA,
33920,24591,141147,NA,
33921,24591,141147,LA,
33922,24591,141147,EMEA,
33923,24591,141147,AP,
33924,24592,141148,NA,
33925,24592,141148,LA,
33926,24592,141148,EMEA,
33927,24592,141148,AP,
33928,24593,141149,NA,
33929,24593,141149,LA,
33930,24593,141149,EMEA,
33931,24593,141149,AP,
33932,24594,141150,NA,
33933,24594,141150,LA,
33934,24594,141150,EMEA,
33935,24594,141150,AP,
33936,24740,141667,AP,Malaysia
33937,24740,141667,AP,Thailand
33938,24740,141667,AP,Nippon Giant
33939,24740,141667,AP,Ballabgarh
33940,24740,141667,AP,Aurangabad
33941,24740,141667,AP,Indonesia
33942,24766,141743,EMEA,Adapazari
33943,24766,141743,EMEA,Izmit
33944,24766,141743,EMEA,South Africa
33945,24766,141743,EMEA,Melksham
33946,24766,141743,EMEA,Krusevac
33947,24781,141800,NA,
33948,24783,141802,NA,
33949,24784,141803,NA,
33950,24785,141804,NA,
33951,25081,142909,EMEA,
33952,25125,143045,AP,
33953,25128,143052,NA,
33954,25128,143052,AP,
33955,25147,143089,EMEA,
33956,25247,143342,NA,
33957,25247,143342,LA,
33958,25559,144246,,
33959,25560,144247,,
33960,25807,144935,NA,
33961,25807,144935,LA,
33962,25807,144935,EMEA,
33963,25807,144935,AP,
33964,25897,145164,NA,Danville
33965,25897,145164,LA,
33966,25897,145164,EMEA,
33967,25897,145164,AP,
33968,25897,145164,NA,Topeka
33972,25897,145164,NA,Fayetteville
33976,25897,145164,NA,Lawton
33980,25897,145164,NA,Valleyfield
33984,25897,145164,NA,Social Circle
33988,25897,145164,NA,ICM*A
33992,25897,145164,NA,
33994,25897,145164,EMEA,Debica
33998,25897,145164,EMEA,Philippsburg
34002,25897,145164,EMEA,Luxembourg
34006,25897,145164,EMEA,Adapazari
34010,25897,145164,EMEA,Sava
34014,25897,145164,EMEA,Izmit
34018,25897,145164,EMEA,Fulda
34022,25897,145164,EMEA,South Africa
34027,25897,145164,AP,Malaysia
34031,25897,145164,AP,Nippon Giant
34034,25897,145164,EMEA,Amiens South
34038,25897,145164,EMEA,Montlucon
34042,25897,145164,EMEA,Hanau
34046,25897,145164,EMEA,Wittlich
34050,25897,145164,EMEA,Fuerstenwalde
34054,25897,145164,EMEA,Riesa
34056,25897,145164,NA,NA-LA-AP Except AIRCRAFT
34060,25897,145164,NA,Other
34066,25897,145164,EMEA,Polymer-Technik Elbe GmbH
34070,25897,145164,EMEA,ICM*L
34074,25897,145164,EMEA,RCCE
34078,25897,145164,EMEA,Conbelts Bytom-SAEU
34082,25897,145164,EMEA,DRC Kauucuk
34086,25897,145164,EMEA,Empresa Industrial de Borracha SA-EIB
34090,25897,145164,EMEA,FTT Stomil Wolbrom SA
34094,25897,145164,EMEA,Geyer and Hosaja-Zak-ADY Gumowe w Mielcu-Sp. Zo.o
34098,25897,145164,EMEA,Hexpol - Berwin
34102,25897,145164,EMEA,Kabat Tyre
34106,25897,145164,EMEA,Kolsan
34110,25897,145164,EMEA,Kraiburg Austria GmbH and Co. KG
34114,25897,145164,EMEA,Marangoni S.p.A Rovereto
34118,25897,145164,EMEA,Marangoni S.p.A Hamburg
34122,25897,145164,EMEA,Matrax s.r.o.
34126,25897,145164,EMEA,Multiblend
34130,25897,145164,EMEA,Omya Uk Limited-Masterbatches
34134,25897,145164,EMEA,Ozka Lastik ve Kaucuk Inc.
34138,25897,145164,EMEA,Peintures Robin S.A-Paints /Cements
34142,25897,145164,EMEA,Phoenix Compound Technology Hamburg
34146,25897,145164,EMEA,Phoenix Compound Technology Waltershausen
34150,25897,145164,EMEA,ProPS s.r.o.
34154,25897,145164,EMEA,S and N Rubber¿
34158,25897,145164,EMEA,Socamont-S.A.
34162,25897,145164,EMEA,Stomil Poznan
34166,25897,145164,EMEA,Tecnogum
34170,25897,145164,EMEA,Vil Kaucuk San.ve Tic. Ltd Sti
34174,25897,145164,EMEA,Zaklady Chemiczne BOCHEM Sp. z o.o
34176,25897,145164,NA,Kingman
34180,25897,145164,NA,Stockbridge
34186,25897,145164,EMEA,Dudelange
34188,25897,145164,NA,Clarksdale
34192,25897,145164,NA,Findlay
34196,25897,145164,NA,Texarkana
34200,25897,145164,NA,Tupelo
34204,25897,145164,NA,Tall Timbers
34210,25897,145164,EMEA,Melksham
34214,25897,145164,EMEA,Krusevac
34216,25899,145165,,
34217,26009,145450,NA,
34218,26010,145451,NA,
34219,26011,145452,NA,
34220,26012,145453,NA,
34221,26013,145454,NA,
34222,26207,145866,NA,
34223,26335,146096,,
34224,26339,146104,,
34225,26633,146491,NA,
34226,26633,146491,LA,
34227,26633,146491,EMEA,Adapazari
34228,26633,146491,AP,
34231,26633,146491,EMEA,Izmit
34235,26633,146491,EMEA,
34236,26633,146491,AP,Nippon Giant
34237,26094,145636,,
34238,26095,145637,,
34239,26096,145638,,
34240,26127,145698,,
34241,26128,145699,,
34242,26135,145706,NA,
34243,26136,145707,NA,
34244,26137,145708,NA,
34245,26237,145926,NA,
34246,26238,145927,NA,
34247,26239,145928,NA,
34248,26240,145929,NA,
34249,26241,145930,NA,
34250,26242,145931,NA,
34251,26243,145935,EMEA,
34252,26265,145963,,
34253,26266,145964,,
34254,26267,145965,,
34255,26268,145966,,
34256,26285,146017,NA,
34257,26285,146017,LA,
34258,26311,146058,,
34259,26312,146059,,
34260,26314,146064,NA,
34261,26314,146064,LA,
34262,26314,146064,EMEA,Adapazari
34263,26314,146064,AP,
34266,26314,146064,EMEA,Izmit
34270,26314,146064,EMEA,
34271,26314,146064,AP,Nippon Giant
34272,26315,146065,,
34273,26316,146066,,
34274,26317,146069,EMEA,
34275,24145,137571,NA,
34276,24146,137572,NA,
34277,24153,137656,,
34278,24637,141422,NA,
34279,24637,141422,EMEA,
34280,25633,144534,NA,
34281,25633,144534,LA,
34282,25633,144534,EMEA,
34283,25633,144534,AP,
34284,25639,144561,,
34285,25993,145409,,
34286,25994,145410,,
34287,25995,145411,,
34288,25996,145412,,
34289,26423,146216,NA,
34290,26423,146216,LA,
34291,26424,146217,NA,
34292,26424,146217,LA,
34293,26425,146218,NA,
34294,26425,146218,LA,
34295,26559,146397,,
34296,26560,146398,,
34297,26561,146399,,
34298,26562,146400,,
34299,26563,146401,,
34300,26581,146417,NA,
34301,26581,146417,LA,
34302,26581,146417,EMEA,
34303,26581,146417,AP,
34304,26582,146418,NA,
34305,26582,146418,LA,
34306,26582,146418,EMEA,
34307,26582,146418,AP,
34308,26583,146419,NA,
34309,26583,146419,LA,
34310,26583,146419,AP,
34311,26531,146361,LA,
34312,26532,146362,LA,
34313,26533,146363,LA,
34314,26534,146364,LA,
34315,26535,146365,LA,
34316,26536,146366,LA,
34317,26549,146381,NA,
34318,26550,146382,NA,
34319,26551,146383,NA,
34320,26552,146384,NA,
34321,26555,146386,,
34322,26556,146389,NA,
34323,26556,146389,LA,
34324,26556,146389,AP,Nippon Giant
34325,26617,146475,,
34326,26623,146482,NA,
34327,26624,146483,NA,
34328,26626,146485,NA,
34329,26627,146486,NA,
34330,26627,146486,LA,
34331,26627,146486,EMEA,
34332,26627,146486,AP,
34333,26629,146487,,
34334,24958,142514,NA,
34335,24959,142515,NA,
34336,25215,143266,,
34337,25229,143308,,
34338,25230,143309,,
34339,25231,143315,,
34340,25239,143329,,
34341,25240,143332,,
34342,25241,143335,,
34343,25711,144723,,
34344,25712,144724,,
34345,26227,145901,NA,
34346,26257,145952,NA,
34347,26257,145952,LA,
34348,26257,145952,EMEA,
34349,26257,145952,AP,
34350,26319,146072,NA,
34351,26319,146072,LA,
34352,26319,146072,EMEA,Adapazari
34353,26319,146072,AP,
34356,26319,146072,EMEA,Izmit
34360,26319,146072,EMEA,South Africa
34364,26319,146072,EMEA,Melksham
34368,26319,146072,EMEA,Krusevac
34370,26323,146078,NA,
34371,26357,146128,EMEA,
34372,26358,146129,EMEA,
34373,26489,146313,AP,
34374,26565,146403,NA,
34375,26565,146403,LA,
34376,26565,146403,EMEA,
34377,26565,146403,AP,
34378,26593,146440,,
34379,26594,146441,EMEA,
34380,26611,146470,,
34381,26612,146471,,
34382,26622,146480,NA,
34383,26643,146502,,
34384,26646,146505,,
34385,26648,146507,,
34386,24175,137982,NA,
34387,24175,137982,LA,
34388,24175,137982,EMEA,
34389,24175,137982,AP,
34390,24353,139430,NA,
34391,24353,139430,LA,
34392,24353,139430,EMEA,
34393,24353,139430,AP,Thailand
34397,24353,139430,AP,Indonesia
34398,24638,141423,NA,
34399,24638,141423,EMEA,
34400,24640,141426,,
34401,24733,141652,AP,
34402,24786,141805,NA,
34403,24787,141806,NA,
34404,24948,142422,AP,
34405,25007,142679,NA,
34406,25091,142943,,
34407,25092,142944,,
34408,25093,142945,,
34409,25743,144785,NA,
34410,25745,144791,NA,
34411,25745,144791,LA,
34412,25745,144791,EMEA,
34413,25745,144791,AP,
34414,26113,145674,LA,
34415,26114,145675,EMEA,
34416,26115,145678,,
34417,26116,145679,,
34418,26131,145703,NA,Medicine Hat
34419,26131,145703,LA,
34420,26131,145703,EMEA,
34421,26131,145703,AP,
34422,26131,145703,NA,Napanee
34426,26131,145703,NA,Valleyfield
34430,26131,145703,NA,
34432,26131,145703,EMEA,Adapazari
34436,26131,145703,EMEA,Izmit
34441,26131,145703,AP,Nippon Giant
34444,26131,145703,EMEA,Melksham
34446,26273,145989,NA,Medicine Hat
34447,26273,145989,LA,
34448,26273,145989,EMEA,
34449,26273,145989,AP,
34450,26273,145989,NA,Napanee
34454,26273,145989,NA,Valleyfield
34458,26273,145989,NA,
34460,26273,145989,EMEA,Adapazari
34464,26273,145989,EMEA,Izmit
34469,26273,145989,AP,Nippon Giant
34472,26273,145989,EMEA,Melksham
34474,26584,146420,,
34475,26585,146421,,
34476,26586,146426,,
34477,24186,138058,NA,
34478,24257,138751,,
34479,24258,138752,,
34480,24403,139882,NA,
34481,24440,140135,AP,
34482,24491,140716,NA,
34483,24491,140716,LA,
34484,24491,140716,EMEA,
34485,24491,140716,AP,
34486,24492,140717,NA,
34487,24492,140717,LA,
34488,24492,140717,EMEA,
34489,24492,140717,AP,
34490,24493,140718,NA,
34491,24493,140718,LA,
34492,24493,140718,EMEA,
34493,24493,140718,AP,
34494,24494,140719,NA,
34495,24494,140719,LA,
34496,24494,140719,EMEA,
34497,24494,140719,AP,
34498,24495,140720,NA,
34499,24495,140720,LA,
34500,24495,140720,EMEA,
34501,24495,140720,AP,
34502,24496,140721,NA,
34503,24496,140721,LA,
34504,24496,140721,EMEA,
34505,24496,140721,AP,
34506,24497,140722,NA,
34507,24497,140722,LA,
34508,24497,140722,EMEA,
34509,24497,140722,AP,
34510,24498,140723,NA,
34511,24498,140723,LA,
34512,24498,140723,EMEA,
34513,24498,140723,AP,
34514,24499,140724,NA,
34515,24500,140725,NA,
34516,24501,140726,NA,
34517,24502,140727,NA,
34518,24503,140728,NA,
34519,24504,140729,NA,
34520,24505,140730,NA,
34521,24506,140731,NA,
34522,24507,140732,NA,
34523,24508,140733,NA,
34524,24509,140734,NA,
34525,24510,140735,NA,
34526,24727,141627,NA,
34527,24748,141695,NA,
34528,24749,141696,NA,
34529,24750,141697,NA,
34530,24751,141698,NA,
34531,24752,141699,NA,
34532,24753,141700,NA,
34533,24754,141701,NA,
34534,24768,141748,NA,
34535,24793,141868,EMEA,Adapazari
34536,24793,141868,EMEA,Izmit
34537,24793,141868,EMEA,Melksham
34538,24793,141868,EMEA,Krusevac
34539,24820,141934,NA,
34540,24820,141934,LA,
34541,24820,141934,EMEA,
34542,24820,141934,AP,
34543,24241,138620,NA,
34544,24241,138620,LA,
34545,24241,138620,EMEA,
34546,24241,138620,AP,
34547,24242,138621,NA,
34548,24242,138621,LA,
34549,24242,138621,EMEA,
34550,24242,138621,AP,
34551,24312,139105,NA,
34552,24312,139105,LA,
34553,24312,139105,EMEA,
34554,24312,139105,AP,
34555,24317,139132,,
34556,24366,139491,,
34557,24531,140835,EMEA,
34558,24795,141869,,
34559,24839,141999,NA,
34560,24841,142001,NA,
34561,24842,142002,NA,
34562,24843,142003,NA,
34563,24861,142095,NA,
34564,24861,142095,AP,
34565,25209,143260,EMEA,Philippsburg
34566,25209,143260,EMEA,Luxembourg
34567,25209,143260,EMEA,Adapazari
34568,25209,143260,EMEA,Sava
34569,25209,143260,EMEA,Izmit
34570,25209,143260,EMEA,Fulda
34571,25209,143260,EMEA,South Africa
34572,25209,143260,EMEA,Amiens South
34573,25209,143260,EMEA,Montlucon
34574,25209,143260,EMEA,Hanau
34575,25209,143260,EMEA,Wittlich
34576,25209,143260,EMEA,Fuerstenwalde
34577,25209,143260,EMEA,Riesa
34578,25209,143260,EMEA,Polymer-Technik Elbe GmbH
34579,25209,143260,EMEA,ICM*L
34580,25209,143260,EMEA,RCCE
34581,25209,143260,EMEA,Conbelts Bytom-SAEU
34582,25209,143260,EMEA,DRC Kauucuk
34583,25209,143260,EMEA,Empresa Industrial de Borracha SA-EIB
34584,25209,143260,EMEA,FTT Stomil Wolbrom SA
34585,25209,143260,EMEA,Geyer and Hosaja-Zak-ADY Gumowe w Mielcu-Sp. Zo.o
34586,25209,143260,EMEA,Hexpol - Berwin
34587,25209,143260,EMEA,Kabat Tyre
34588,25209,143260,EMEA,Kolsan
34589,25209,143260,EMEA,Kraiburg Austria GmbH and Co. KG
34590,25209,143260,EMEA,Marangoni S.p.A Rovereto
34591,25209,143260,EMEA,Marangoni S.p.A Hamburg
34592,25209,143260,EMEA,Matrax s.r.o.
34593,25209,143260,EMEA,Multiblend
34594,25209,143260,EMEA,Omya Uk Limited-Masterbatches
34595,25209,143260,EMEA,Ozka Lastik ve Kaucuk Inc.
34596,25209,143260,EMEA,Peintures Robin S.A-Paints /Cements
34597,25209,143260,EMEA,Phoenix Compound Technology Hamburg
34598,25209,143260,EMEA,Phoenix Compound Technology Waltershausen
34599,25209,143260,EMEA,ProPS s.r.o.
34600,25209,143260,EMEA,S and N Rubber¿
34601,25209,143260,EMEA,Socamont-S.A.
34602,25209,143260,EMEA,Stomil Poznan
34603,25209,143260,EMEA,Tecnogum
34604,25209,143260,EMEA,Vil Kaucuk San.ve Tic. Ltd Sti
34605,25209,143260,EMEA,Zaklady Chemiczne BOCHEM Sp. z o.o
34606,25209,143260,EMEA,Dudelange
34607,25209,143260,EMEA,Melksham
34608,25209,143260,EMEA,Krusevac
34609,25361,143610,NA,
34610,25361,143610,LA,
34611,25361,143610,EMEA,
34612,25361,143610,AP,
34613,25363,143613,NA,
34614,25364,143615,NA,
34615,25558,144239,NA,
34616,25845,145025,,
34617,25846,145026,,
34618,25847,145027,,
34619,25860,145052,,
34620,26005,145439,AP,
34621,26007,145448,AP,Nippon Giant
34622,26039,145541,,
34623,26040,145542,,
34624,24198,138137,EMEA,
34625,24199,138139,EMEA,
34626,24289,138972,NA,
34627,24405,139905,EMEA,
34628,24406,139907,EMEA,
34629,24417,139965,EMEA,
34630,24536,140889,NA,
34631,24536,140889,LA,
34632,24536,140889,EMEA,
34633,24536,140889,AP,
34634,24761,141722,,
34635,24791,141835,,
34636,24821,141935,NA,
34637,24821,141935,LA,
34638,24821,141935,EMEA,
34639,24821,141935,AP,
34640,24822,141936,NA,
34641,24822,141936,LA,
34642,24822,141936,EMEA,
34643,24822,141936,AP,
34644,24909,142298,NA,
34645,24909,142298,LA,
34646,24909,142298,EMEA,
34647,24909,142298,AP,
34648,24988,142616,NA,
34649,24988,142616,LA,
34650,24988,142616,EMEA,Adapazari
34651,24988,142616,AP,
34654,24988,142616,EMEA,Izmit
34658,24988,142616,EMEA,Melksham
34660,25016,142714,NA,
34661,25016,142714,LA,
34662,25053,142814,NA,
34663,25054,142815,NA,
34664,25055,142816,NA,
34665,25056,142817,NA,
34666,25057,142818,NA,
34667,25058,142819,NA,
34668,25312,143472,NA,
34669,24260,138783,NA,
34670,24260,138783,LA,
34671,24260,138783,EMEA,
34672,24260,138783,AP,
34673,24261,138784,NA,
34674,24261,138784,LA,
34675,24261,138784,EMEA,
34676,24261,138784,AP,
34677,24262,138785,NA,
34678,24262,138785,LA,
34679,24262,138785,EMEA,
34680,24262,138785,AP,
34681,24263,138786,,
34682,24265,138815,EMEA,
34683,24267,138817,EMEA,
34684,24268,138818,EMEA,
34685,24611,141244,NA,
34686,24797,141876,EMEA,
34687,24885,142205,NA,
34688,24885,142205,LA,
34689,24885,142205,EMEA,Adapazari
34690,24885,142205,AP,
34693,24885,142205,EMEA,Izmit
34697,24885,142205,EMEA,Melksham
34699,24905,142272,NA,Danville
34700,24905,142272,AP,
34701,24905,142272,NA,Topeka
34703,24905,142272,NA,Fayetteville
34705,24905,142272,NA,Lawton
34707,24905,142272,NA,Medicine Hat
34709,24905,142272,NA,Napanee
34711,24905,142272,NA,Valleyfield
34713,24905,142272,NA,Social Circle
34715,24905,142272,NA,ICM*A
34717,24905,142272,NA,Chile
34719,24905,142272,NA,
34720,24905,142272,AP,Malaysia
34722,24905,142272,AP,Thailand
34724,24905,142272,AP,Nippon Giant
34726,24905,142272,AP,Ballabgarh
34728,24905,142272,AP,Aurangabad
34730,24905,142272,AP,Indonesia
34731,24905,142272,NA,Chem Bayport
34733,24905,142272,NA,Chem Beaumont
34735,24905,142272,NA,Chem Houston
34737,24905,142272,NA,Chem Niagara Falls
34740,24905,142272,AP,Pulandian
34741,24905,142272,NA,NA-LA-AP Except AIRCRAFT
34743,24905,142272,NA,Other
34745,24905,142272,NA,San Luis Potosi
34747,24905,142272,NA,Kingman
34749,24905,142272,NA,Stockbridge
34751,24905,142272,NA,Clarksdale
34753,24905,142272,NA,Findlay
34755,24905,142272,NA,Tall Timbers
34758,24905,142272,AP,Qingdao
34760,24905,142272,AP,Prinx Chengshan
34761,24906,142273,NA,Danville
34762,24906,142273,AP,
34763,24906,142273,NA,Topeka
34765,24906,142273,NA,Fayetteville
34767,24906,142273,NA,Lawton
34769,24906,142273,NA,Medicine Hat
34771,24906,142273,NA,Napanee
34773,24906,142273,NA,Valleyfield
34775,24906,142273,NA,Social Circle
34777,24906,142273,NA,ICM*A
34779,24906,142273,NA,Chile
34781,24906,142273,NA,
34782,24906,142273,AP,Malaysia
34784,24906,142273,AP,Thailand
34786,24906,142273,AP,Nippon Giant
34788,24906,142273,AP,Ballabgarh
34790,24906,142273,AP,Aurangabad
34792,24906,142273,AP,Indonesia
34793,24906,142273,NA,Chem Bayport
34795,24906,142273,NA,Chem Beaumont
34797,24906,142273,NA,Chem Houston
34799,24906,142273,NA,Chem Niagara Falls
34802,24906,142273,AP,Pulandian
34803,24906,142273,NA,NA-LA-AP Except AIRCRAFT
34805,24906,142273,NA,Other
34807,24906,142273,NA,San Luis Potosi
34809,24906,142273,NA,Kingman
34811,24906,142273,NA,Stockbridge
34813,24906,142273,NA,Clarksdale
34815,24906,142273,NA,Findlay
34817,24906,142273,NA,Tall Timbers
34820,24906,142273,AP,Qingdao
34822,24906,142273,AP,Prinx Chengshan
34823,24907,142281,NA,
34824,24907,142281,LA,
34825,24907,142281,AP,
34826,24983,142607,,
34827,25101,142970,,
34828,25267,143379,,
34829,25281,143399,,
34830,25469,143959,NA,
34831,25577,144308,NA,
34832,25577,144308,EMEA,
34833,25577,144308,AP,
34834,25949,145322,,
34835,26041,145543,NA,
34836,26041,145543,LA,
34837,26041,145543,EMEA,Adapazari
34838,26041,145543,AP,
34839,26041,145543,Cooper Americas,
34840,26041,145543,Cooper Europe,
34841,26041,145543,Cooper Asia,
34844,26041,145543,EMEA,Izmit
34851,26041,145543,EMEA,Melksham
34856,26043,145547,,
34857,26044,145548,,
34858,26078,145608,,
34859,26133,145704,NA,
34860,26138,145709,NA,
34861,26139,145711,NA,
34862,26140,145712,NA,
34863,26141,145713,NA,
34864,26142,145714,NA,
34865,26189,145836,NA,
34866,26189,145836,LA,
34867,26189,145836,EMEA,
34868,26189,145836,AP,
34869,26457,146253,,
34870,26458,146257,,
34871,26459,146258,,
34872,24209,138296,,
34873,24210,138298,NA,
34874,24563,140996,NA,
34875,24563,140996,LA,
34876,24563,140996,EMEA,Melksham
34877,24563,140996,AP,
34880,24563,140996,EMEA,Krusevac
34882,24679,141533,NA,
34883,24680,141534,NA,
34884,24681,141535,NA,
34885,24682,141536,NA,
34886,24806,141898,,
34887,24807,141899,,
34888,25044,142799,NA,
34889,25044,142799,LA,
34890,25044,142799,EMEA,
34891,25044,142799,AP,
34892,25044,142799,Cooper Americas,
34893,25044,142799,Cooper Europe,
34894,25044,142799,Cooper Asia,
34895,25397,143739,AP,
34896,25398,143740,,
34897,25439,143884,EMEA,
34898,25440,143885,EMEA,
34899,25441,143886,EMEA,
34900,25453,143909,,
34901,25455,143925,,
34902,25456,143926,,
34903,25457,143927,,
34904,25458,143928,NA,
34905,25459,143929,,
34906,25460,143930,,
34907,25779,144856,NA,
34908,25779,144856,LA,
34909,25779,144856,EMEA,Adapazari
34910,25779,144856,AP,
34913,25779,144856,EMEA,Izmit
34917,25779,144856,EMEA,Melksham
34919,25835,145001,NA,
34920,25835,145001,LA,Americana
34922,25835,145001,LA,Sao Paulo
34923,25835,145001,NA,Chile
34924,25835,145001,LA,
34926,25835,145001,LA,Colombia
34928,25835,145001,LA,Peru
34929,25836,145002,,
34930,25853,145035,,
34931,25863,145074,NA,
34932,26512,146336,NA,
34933,26512,146336,LA,
34934,26512,146336,EMEA,
34935,26513,146337,,
34936,26514,146338,,
34937,24299,139035,,
34938,24300,139036,,
34939,24301,139037,,
34940,24302,139038,,
34941,24303,139039,,
34942,24304,139040,,
34943,24469,140518,NA,
34944,24470,140519,NA,
34945,24471,140520,NA,
34946,24472,140521,NA,
34947,24473,140522,NA,
34948,24565,141001,NA,
34949,24565,141001,LA,
34950,24565,141001,EMEA,Adapazari
34951,24565,141001,AP,
34954,24565,141001,EMEA,Izmit
34958,24565,141001,EMEA,Melksham
34960,24782,141801,,
34961,24801,141880,EMEA,
34962,25155,143104,,
34963,25437,143870,NA,
34964,25625,144470,NA,
34965,25625,144470,LA,
34966,25656,144596,NA,
34967,25773,144837,,
34968,25849,145029,,
34969,25850,145030,,
34970,25851,145031,,
34971,25852,145032,,
34972,26057,145572,,
34973,26058,145573,,
34974,26469,146284,,
34975,26470,146285,,
34976,26471,146286,NA,
34977,26471,146286,LA,
34978,26471,146286,EMEA,
34979,26471,146286,AP,
34980,24327,139269,NA,
34981,24329,139271,NA,
34982,24331,139292,NA,
34983,24331,139292,LA,
34984,24331,139292,EMEA,
34985,24331,139292,AP,
34986,24475,140542,AP,
34987,24877,142187,NA,
34988,24877,142187,LA,
34989,24877,142187,EMEA,
34990,24877,142187,AP,
34991,24878,142188,NA,
34992,24878,142188,LA,
34993,24878,142188,EMEA,
34994,24878,142188,AP,
34995,25040,142778,,
34996,25067,142838,EMEA,South Africa
34997,25067,142838,EMEA,Melksham
34998,25067,142838,EMEA,Krusevac
34999,25186,143180,NA,
35000,25187,143181,NA,
35001,25250,143345,NA,
35002,25250,143345,LA,
35003,25463,143943,NA,
35004,25465,143949,,
35005,25466,143950,,
35006,25467,143951,,
35007,25551,144232,NA,
35008,25552,144233,NA,
35009,25553,144234,NA,
35010,25554,144235,NA,
35011,25555,144236,NA,
35012,25556,144237,NA,
35013,25617,144425,NA,
35014,25617,144425,LA,
35015,25617,144425,EMEA,
35016,25617,144425,AP,
35017,25724,144742,NA,
35018,25725,144743,NA,
35019,25726,144744,NA,
35020,25797,144910,AP,
35021,25798,144911,AP,
35022,25799,144912,NA,
35023,25799,144912,LA,
35024,25799,144912,EMEA,
35025,25799,144912,AP,Nippon Giant
35026,25801,144920,,
35027,25803,144922,,
35028,25808,144936,NA,
35029,25808,144936,LA,
35030,25808,144936,AP,
35031,25809,144937,NA,
35032,25809,144937,LA,
35033,25809,144937,AP,
35034,24305,139042,,
35035,24393,139630,NA,
35036,24393,139630,LA,
35037,24393,139630,EMEA,
35038,24393,139630,AP,
35039,24533,140866,,
35040,24663,141489,NA,
35041,24664,141490,NA,
35042,24743,141683,EMEA,
35043,24985,142609,,
35044,25447,143896,EMEA,
35045,25448,143897,EMEA,
35046,25449,143898,EMEA,
35047,25571,144298,,
35048,25573,144300,,
35049,25579,144317,,
35050,25580,144318,,
35051,25777,144847,EMEA,
35052,25800,144913,NA,
35053,25800,144913,LA,
35054,26059,145574,,
35055,26060,145575,,
35056,26061,145576,,
35057,26062,145577,,
35058,26063,145578,,
35059,26443,146236,NA,
35060,26445,146238,NA,
35061,26446,146239,NA,
35062,26447,146240,NA,
35063,24485,140628,NA,
35064,24485,140628,LA,
35065,24485,140628,EMEA,
35066,24485,140628,AP,
35067,24511,140750,NA,
35068,24512,140751,NA,
35069,24537,140920,AP,
35070,24547,140930,,
35071,24581,141105,,
35072,24582,141106,,
35073,24583,141107,,
35074,24584,141108,NA,
35075,24584,141108,LA,
35076,24584,141108,EMEA,
35077,24584,141108,AP,
35078,24951,142453,,
35079,24952,142459,NA,
35080,24952,142459,LA,
35081,24952,142459,EMEA,Adapazari
35082,24952,142459,AP,
35085,24952,142459,EMEA,Izmit
35089,24952,142459,EMEA,Melksham
35091,25233,143316,EMEA,
35092,25235,143321,,
35093,25236,143322,,
35094,25237,143323,,
35095,25810,144938,NA,
35096,25905,145191,,
35097,25925,145249,NA,
35098,25925,145249,EMEA,
35099,25937,145290,NA,
35100,25937,145290,LA,
35101,25937,145290,EMEA,
35102,25937,145290,AP,
35103,25947,145317,,
35104,25948,145318,,
35105,25957,145339,NA,
35106,25997,145416,,
35107,24736,141662,AP,Malaysia
35108,24736,141662,AP,Thailand
35109,24736,141662,AP,Nippon Giant
35110,24736,141662,AP,Ballabgarh
35111,24736,141662,AP,Aurangabad
35112,24736,141662,AP,Indonesia
35113,24737,141664,AP,Malaysia
35114,24737,141664,AP,Thailand
35115,24737,141664,AP,Nippon Giant
35116,24737,141664,AP,Ballabgarh
35117,24737,141664,AP,Aurangabad
35118,24737,141664,AP,Indonesia
35119,24739,141666,AP,Malaysia
35120,24739,141666,AP,Thailand
35121,24739,141666,AP,Nippon Giant
35122,24739,141666,AP,Ballabgarh
35123,24739,141666,AP,Aurangabad
35124,24739,141666,AP,Indonesia
35125,24814,141921,NA,
35126,24891,142220,NA,
35127,24925,142332,NA,
35128,24991,142653,,
35129,24992,142654,,
35130,24993,142655,,
35131,24994,142656,,
35132,25069,142865,NA,
35133,25082,142910,EMEA,
35134,25083,142911,EMEA,
35135,25084,142912,EMEA,
35136,25085,142913,EMEA,
35137,25366,143623,,
35138,25367,143624,,
35139,25369,143636,,
35140,25608,144413,EMEA,
35141,25609,144414,EMEA,
35142,25610,144415,EMEA,
35143,25611,144416,EMEA,
35144,25927,145251,,
35145,26017,145469,,
35146,26018,145470,NA,
35147,26018,145470,LA,
35148,26018,145470,EMEA,
35149,26018,145470,AP,
35150,26064,145579,,
35151,26065,145580,,
35152,26066,145581,,
35153,24569,141027,NA,
35154,24863,142116,NA,
35155,24863,142116,LA,
35156,24863,142116,EMEA,
35157,24863,142116,AP,
35158,24903,142270,NA,
35159,24903,142270,LA,
35160,24903,142270,AP,
35161,25256,143357,,
35162,25257,143358,,
35163,25315,143511,,
35164,25372,143657,NA,
35165,25373,143658,NA,
35166,25374,143659,NA,
35167,25375,143660,NA,
35168,25376,143661,NA,
35169,25861,145072,,
35170,25991,145402,,
35171,25998,145417,,
35172,26221,145890,,
35173,26222,145892,,
35174,26379,146162,LA,
35175,26381,146163,NA,
35176,26381,146163,LA,
35177,26381,146163,AP,Nippon Giant
35178,26547,146377,EMEA,
35179,26587,146431,EMEA,
35180,26603,146458,NA,
35181,26603,146458,LA,
35182,26603,146458,EMEA,
35183,26603,146458,AP,
35184,26428,146220,NA,
35185,26428,146220,LA,
35186,26428,146220,EMEA,
35187,26428,146220,AP,
35188,26429,146221,,
35189,26430,146222,,
35190,24307,139063,NA,Danville
35191,24307,139063,LA,
35192,24307,139063,AP,
35193,24307,139063,NA,Topeka
35196,24307,139063,NA,Fayetteville
35199,24307,139063,NA,Lawton
35202,24307,139063,NA,Social Circle
35205,24307,139063,NA,ICM*A
35208,24307,139063,NA,
35210,24307,139063,AP,Nippon Giant
35211,24307,139063,NA,Chem Bayport
35214,24307,139063,NA,Chem Beaumont
35217,24307,139063,NA,Chem Houston
35220,24307,139063,NA,Chem Niagara Falls
35223,24307,139063,NA,Kingman
35226,24307,139063,NA,Stockbridge
35229,24307,139063,NA,Clarksdale
35232,24307,139063,NA,Findlay
35235,24307,139063,NA,Texarkana
35238,24307,139063,NA,Tupelo
35241,24307,139063,NA,Tall Timbers
35244,24308,139064,NA,
35245,24308,139064,EMEA,Adapazari
35247,24308,139064,EMEA,Izmit
35249,24308,139064,EMEA,Krusevac
35250,24310,139070,,
35251,24432,140071,NA,
35252,24432,140071,LA,
35253,24432,140071,EMEA,
35254,24432,140071,AP,
35255,24433,140072,NA,
35256,24433,140072,LA,
35257,24433,140072,EMEA,
35258,24433,140072,AP,
35259,24606,141213,NA,
35260,24607,141214,NA,
35261,24608,141215,NA,
35262,24609,141216,NA,
35263,24732,141645,AP,Malaysia
35264,24732,141645,AP,Thailand
35265,24732,141645,AP,Nippon Giant
35266,24732,141645,AP,Ballabgarh
35267,24732,141645,AP,Aurangabad
35268,24732,141645,AP,Indonesia
35269,24847,142024,EMEA,Adapazari
35270,24847,142024,EMEA,Izmit
35271,24847,142024,EMEA,Melksham
35272,24949,142428,EMEA,Adapazari
35273,24949,142428,EMEA,Izmit
35274,24949,142428,EMEA,South Africa
35275,24949,142428,EMEA,Melksham
35276,24949,142428,EMEA,Krusevac
35277,25562,144249,,
35278,25581,144337,,
35279,25582,144338,,
35280,25583,144339,,
35281,25584,144340,,
35282,25645,144580,,
35283,26083,145617,NA,
35284,26084,145618,NA,
35285,26085,145619,NA,
35286,26097,145641,AP,
35287,26117,145680,NA,
35288,26117,145680,LA,
35289,26117,145680,EMEA,Adapazari
35290,26117,145680,AP,
35293,26117,145680,EMEA,Izmit
35297,26117,145680,EMEA,
35298,26117,145680,AP,Nippon Giant
35301,26117,145680,EMEA,Melksham
35303,26205,145859,NA,
35304,26205,145859,LA,
35305,26206,145860,NA,
35306,26206,145860,LA,
35307,26208,145867,NA,
35308,26209,145868,AP,
35309,26215,145875,,
35310,26244,145936,AP,
35311,24239,138589,EMEA,Adapazari
35312,24239,138589,EMEA,Izmit
35313,24240,138590,EMEA,
35314,24240,138590,AP,Nippon Giant
35316,24240,138590,AP,Pulandian
35317,24240,138590,EMEA,Krusevac
35318,24240,138590,AP,
35319,24660,141465,NA,
35320,24660,141465,LA,
35321,24660,141465,EMEA,Adapazari
35322,24660,141465,AP,
35325,24660,141465,EMEA,Izmit
35329,24660,141465,EMEA,Melksham
35331,24661,141466,,
35332,25030,142745,NA,Medicine Hat
35333,25030,142745,LA,
35334,25030,142745,EMEA,
35335,25030,142745,AP,
35336,25030,142745,NA,Napanee
35340,25030,142745,NA,Valleyfield
35344,25030,142745,NA,
35346,25030,142745,EMEA,Adapazari
35350,25030,142745,EMEA,Izmit
35355,25030,142745,AP,Nippon Giant
35358,25030,142745,EMEA,Melksham
35360,25074,142885,,
35361,25201,143207,NA,Medicine Hat
35362,25201,143207,AP,
35363,25201,143207,NA,Napanee
35365,25201,143207,NA,Valleyfield
35367,25201,143207,NA,Chile
35369,25201,143207,NA,
35370,25201,143207,AP,Malaysia
35372,25201,143207,AP,Thailand
35374,25201,143207,AP,Ballabgarh
35376,25201,143207,AP,Aurangabad
35378,25201,143207,AP,Indonesia
35379,25201,143207,NA,San Luis Potosi
35381,25202,143208,NA,
35382,25202,143208,AP,
35383,25287,143417,NA,
35384,25287,143417,LA,
35385,25287,143417,EMEA,
35386,25287,143417,AP,
35387,25291,143422,NA,
35388,25485,144009,NA,
35389,25495,144036,EMEA,
35390,25765,144810,NA,
35391,25766,144815,NA,
35392,25766,144815,LA,
35393,25766,144815,EMEA,Melksham
35394,25766,144815,AP,
35395,25892,145144,LA,
35396,25913,145203,,
35397,25914,145204,,
35398,25919,145220,NA,
35399,25919,145220,LA,
35400,25919,145220,EMEA,
35401,25919,145220,AP,
35402,25921,145225,,
35403,25922,145226,,
35404,25923,145227,NA,
35405,26001,145430,NA,
35406,26001,145430,LA,
35407,26001,145430,AP,
35408,26002,145431,,
35409,26427,146219,,
35410,24585,141120,EMEA,
35411,24585,141120,AP,
35412,24698,141559,,
35413,24699,141560,,
35414,24777,141781,NA,
35415,24777,141781,LA,
35416,24777,141781,AP,Nippon Giant
35417,24837,141997,NA,
35418,24838,141998,NA,
35419,24957,142513,,
35420,24980,142600,,
35421,25009,142685,,
35422,25010,142688,,
35423,25159,143122,NA,
35424,25160,143123,NA,
35425,25161,143124,NA,
35426,25162,143125,NA,
35427,25227,143306,,
35428,25310,143468,NA,
35429,25310,143468,LA,
35430,25310,143468,EMEA,
35431,25310,143468,AP,
35432,26169,145796,,
35433,26277,145998,EMEA,
35434,26278,145999,NA,
35435,26278,145999,LA,
35436,26278,145999,EMEA,
35437,26278,145999,AP,
35438,26299,146038,,
35439,26305,146053,NA,
35440,26327,146088,NA,
35441,26328,146089,NA,
35442,26329,146090,NA,
35443,26330,146091,NA,
35444,26331,146092,NA,
35445,26332,146093,NA,
35446,26333,146094,NA,
35447,26384,146166,,
35448,26385,146167,,
35449,26386,146170,NA,
35450,26386,146170,LA,
35451,26386,146170,EMEA,
35452,26386,146170,AP,
35453,26387,146171,,
35454,24407,139908,,
35455,24408,139909,,
35456,24409,139910,,
35457,24410,139911,,
35458,24411,139912,NA,
35459,24411,139912,LA,
35460,24411,139912,AP,
35461,24413,139934,EMEA,
35462,24559,140977,NA,
35463,24559,140977,LA,
35464,24559,140977,EMEA,Melksham
35465,24559,140977,AP,
35466,24561,140979,NA,
35467,24561,140979,LA,
35468,24561,140979,EMEA,
35469,24561,140979,AP,
35470,24617,141295,NA,
35471,24617,141295,LA,
35472,24617,141295,EMEA,
35473,24617,141295,AP,
35474,24723,141614,AP,
35475,24724,141615,NA,
35476,24724,141615,LA,
35477,24724,141615,EMEA,
35478,24724,141615,AP,
35479,24808,141900,,
35480,24883,142203,EMEA,
35481,24884,142204,EMEA,
35482,24887,142217,,
35483,24888,142218,NA,
35484,24888,142218,LA,
35485,24888,142218,EMEA,
35486,24888,142218,AP,
35487,24889,142219,,
35488,24892,142221,NA,Danville
35489,24892,142221,NA,Topeka
35490,24892,142221,NA,Fayetteville
35491,24892,142221,NA,Lawton
35492,24892,142221,NA,Medicine Hat
35493,24892,142221,NA,Napanee
35494,24892,142221,NA,Valleyfield
35495,24892,142221,NA,Social Circle
35496,24892,142221,NA,ICM*A
35497,24892,142221,NA,Chile
35498,24892,142221,NA,Chem Bayport
35499,24892,142221,NA,Chem Beaumont
35500,24892,142221,NA,Chem Houston
35501,24892,142221,NA,Chem Niagara Falls
35502,24892,142221,NA,NA-LA-AP Except AIRCRAFT
35503,24892,142221,NA,San Luis Potosi
35504,24892,142221,NA,Kingman
35505,24892,142221,NA,Stockbridge
35506,24892,142221,NA,Clarksdale
35507,24892,142221,NA,Findlay
35508,24892,142221,NA,Texarkana
35509,24892,142221,NA,Tupelo
35510,24892,142221,NA,Tall Timbers
35511,24984,142608,EMEA,Adapazari
35512,24984,142608,EMEA,Izmit
35513,24984,142608,EMEA,Melksham
35514,24984,142608,EMEA,Krusevac
35515,24986,142610,,
35516,25034,142768,,
35517,25035,142770,,
35518,25036,142771,,
35519,25037,142772,,
35520,25309,143467,NA,
35521,25309,143467,LA,
35522,25309,143467,EMEA,
35523,25309,143467,AP,Nippon Giant
35527,25309,143467,AP,Indonesia
35530,25309,143467,EMEA,Melksham
35531,25309,143467,AP,
35534,25309,143467,EMEA,Krusevac
35536,25941,145298,NA,
35537,25942,145299,,
35538,24309,139065,NA,
35539,24463,140329,NA,
35540,24463,140329,LA,
35541,24463,140329,EMEA,
35542,24671,141509,NA,
35543,24870,142162,NA,
35544,24870,142162,EMEA,
35545,24870,142162,AP,
35546,24875,142185,,
35547,24893,142229,,
35548,24933,142359,,
35549,24934,142360,,
35550,25070,142866,NA,
35551,25527,144179,EMEA,Melksham
35552,25528,144180,EMEA,
35553,25529,144181,EMEA,
35554,25530,144182,EMEA,
35555,25771,144835,,
35556,26223,145895,NA,
35557,26279,146002,,
35558,26280,146003,,
35559,26388,146172,NA,
35560,26388,146172,LA,
35561,26388,146172,EMEA,
35562,26388,146172,AP,
35563,26389,146173,,
35564,26391,146177,,
35565,26392,146178,,
35566,24552,140958,NA,
35567,24613,141275,AP,
35568,24614,141276,,
35569,24615,141278,EMEA,South Africa
35570,24615,141278,EMEA,Melksham
35571,24615,141278,EMEA,Krusevac
35572,24689,141550,NA,
35573,24692,141553,,
35574,24871,142169,,
35575,25270,143381,,
35576,25271,143382,,
35577,25487,144024,,
35578,25488,144025,,
35579,25489,144026,,
35580,25490,144027,,
35581,25491,144028,EMEA,South Africa
35582,25491,144028,EMEA,Melksham
35583,25491,144028,EMEA,Krusevac
35584,25492,144029,NA,
35585,25492,144029,LA,
35586,25492,144029,EMEA,Melksham
35587,25492,144029,AP,
35588,25493,144030,NA,
35589,25493,144030,LA,
35590,25493,144030,EMEA,Melksham
35591,25493,144030,AP,
35592,25496,144037,,
35593,25909,145195,AP,
35594,25944,145311,NA,
35595,25944,145311,LA,
35596,25944,145311,EMEA,
35597,25944,145311,AP,
35598,25944,145311,Cooper Americas,
35599,25944,145311,Cooper Europe,
35600,25944,145311,Cooper Asia,
35601,25945,145312,,
35602,25973,145366,NA,
35603,25975,145368,NA,
35604,25978,145375,NA,
35605,25980,145377,NA,
35606,25982,145379,NA,
35607,26003,145432,NA,
35608,26003,145432,LA,
35609,26003,145432,EMEA,Adapazari
35610,26003,145432,AP,
35613,26003,145432,EMEA,Izmit
35617,26003,145432,EMEA,Melksham
35619,26004,145433,,
35620,24202,138177,,
35621,24355,139456,,
35622,24356,139457,,
35623,24357,139458,,
35624,24358,139459,NA,
35625,24358,139459,LA,
35626,24358,139459,EMEA,
35627,24358,139459,AP,
35628,24359,139480,,
35629,24360,139481,,
35630,24361,139482,,
35631,24362,139483,,
35632,24363,139488,,
35633,24364,139489,,
35634,24365,139490,,
35635,24367,139512,EMEA,
35636,24369,139516,EMEA,
35637,24423,139996,NA,
35638,24423,139996,LA,
35639,24423,139996,EMEA,
35640,24423,139996,AP,
35641,24635,141399,NA,
35642,24635,141399,LA,
35643,24635,141399,AP,
35644,24636,141403,NA,
35645,24636,141403,LA,
35646,24636,141403,EMEA,Adapazari
35647,24636,141403,AP,
35650,24636,141403,EMEA,Izmit
35654,24636,141403,EMEA,
35655,24636,141403,AP,Nippon Giant
35658,24636,141403,EMEA,Melksham
35660,24729,141629,,
35661,24971,142578,EMEA,Adapazari
35662,24971,142578,EMEA,Izmit
35663,24971,142578,EMEA,South Africa
35664,24971,142578,EMEA,Melksham
35665,24971,142578,EMEA,Krusevac
35666,25045,142806,NA,
35667,25046,142807,NA,
35668,25047,142808,NA,
35669,25048,142809,NA,
35670,25049,142810,NA,
35671,25050,142811,NA,
35672,25051,142812,NA,
35673,25052,142813,NA,
35674,25061,142830,AP,
35675,25075,142887,NA,
35676,25075,142887,LA,
35677,25076,142889,,
35678,25077,142890,,
35679,24157,137785,NA,
35680,24158,137786,,
35681,24339,139374,,
35682,24340,139375,,
35683,24341,139377,,
35684,24457,140282,NA,
35685,24489,140699,NA,
35686,24489,140699,LA,
35687,24489,140699,EMEA,
35688,24489,140699,AP,
35689,24490,140700,NA,
35690,24490,140700,LA,
35691,24490,140700,EMEA,
35692,24490,140700,AP,
35693,24848,142025,NA,
35694,24849,142026,NA,
35695,24912,142307,NA,
35696,24913,142308,NA,
35697,24914,142309,NA,
35698,24915,142310,NA,
35699,24916,142311,NA,
35700,24917,142312,NA,
35701,24918,142313,NA,
35702,24919,142314,NA,
35703,24920,142315,NA,
35704,24921,142316,NA,
35705,25017,142715,NA,
35706,25017,142715,LA,
35707,25019,142722,,
35708,25041,142783,NA,
35709,25041,142783,LA,
35710,25041,142783,EMEA,Melksham
35711,25041,142783,AP,
35712,25041,142783,Cooper Americas,
35713,25041,142783,Cooper Europe,
35714,25041,142783,Cooper Asia,
35715,25042,142784,NA,
35716,25042,142784,LA,
35717,25042,142784,EMEA,Melksham
35718,25042,142784,AP,
35719,25168,143142,NA,
35720,25169,143143,NA,
35721,25170,143144,NA,
35722,25181,143168,NA,
35723,25181,143168,EMEA,
35724,25182,143169,NA,
35725,25182,143169,EMEA,
35726,26463,146263,,
35727,26465,146269,,
35728,26466,146270,,
35729,24383,139593,EMEA,
35730,24439,140134,AP,
35731,24458,140283,EMEA,
35732,24666,141499,,
35733,24667,141500,,
35734,24762,141724,,
35735,24763,141725,,
35736,24764,141726,,
35737,24829,141968,NA,
35738,24830,141969,NA,
35739,24831,141970,NA,
35740,24979,142599,NA,
35741,25078,142892,NA,
35742,25078,142892,LA,
35743,25078,142892,EMEA,
35744,25078,142892,AP,
35745,25297,143445,EMEA,
35746,25298,143446,EMEA,
35747,25299,143447,EMEA,
35748,25300,143448,EMEA,
35749,25301,143449,EMEA,
35750,25302,143450,EMEA,
35751,25303,143451,EMEA,
35752,25477,143979,Cooper Americas,
35753,25479,143986,AP,
35754,25499,144097,EMEA,
35755,25565,144280,,
35756,25767,144823,,
35757,25837,145009,,
35758,25838,145010,,
35759,25839,145011,,
35760,25840,145012,,
35761,26049,145560,NA,
35762,26050,145561,NA,
35763,26077,145607,AP,Nippon Giant
35764,24351,139408,NA,
35765,24352,139409,NA,
35766,24770,141751,EMEA,
35767,24771,141752,EMEA,
35768,24772,141753,EMEA,
35769,24773,141754,EMEA,
35770,24774,141755,EMEA,
35771,24895,142244,EMEA,
35772,25066,142837,NA,
35773,25088,142923,,
35774,25183,143170,,
35775,25184,143172,,
35776,25353,143584,,
35777,25561,144248,NA,
35778,25603,144397,NA,
35779,25603,144397,LA,
35780,25603,144397,EMEA,
35781,25603,144397,AP,
35782,25605,144398,,
35783,25634,144535,EMEA,
35784,26032,145519,,
35785,26053,145567,NA,
35786,26053,145567,LA,
35787,26053,145567,EMEA,
35788,26053,145567,AP,
35789,26129,145700,,
35790,26143,145725,EMEA,
35791,26179,145819,,
35792,26187,145832,NA,
35793,26187,145832,LA,
35794,26187,145832,EMEA,
35795,26187,145832,AP,
35796,26235,145923,,
35797,26236,145925,AP,
35798,26251,145943,NA,
35799,26252,145944,NA,
35800,26341,146106,,
35801,26383,146165,NA,
35802,26383,146165,LA,
35803,26383,146165,EMEA,Adapazari
35804,26383,146165,AP,
35807,26383,146165,EMEA,Izmit
35811,26383,146165,EMEA,
35812,26383,146165,AP,Nippon Giant
35815,26383,146165,EMEA,Melksham
35817,26467,146277,Cooper Asia,
35818,26517,146343,NA,Medicine Hat
35819,26517,146343,NA,Napanee
35820,26517,146343,NA,Valleyfield
35821,26519,146345,NA,
35822,26519,146345,LA,
35823,26519,146345,AP,
35824,26557,146396,,
35825,24571,141043,,
35826,24579,141071,,
35827,24580,141086,,
35828,24969,142576,NA,
35829,24969,142576,LA,
35830,24969,142576,EMEA,Adapazari
35831,24969,142576,AP,
35834,24969,142576,EMEA,Izmit
35838,24969,142576,EMEA,Melksham
35840,25569,144291,,
35841,25939,145295,,
35842,25940,145296,,
35843,26079,145614,,
35844,26081,145615,NA,
35845,26081,145615,LA,
35846,26081,145615,EMEA,
35847,26081,145615,AP,
35848,26082,145616,,
35849,26101,145649,,
35850,26153,145757,NA,
35851,26153,145757,LA,
35852,26153,145757,EMEA,
35853,26153,145757,AP,
35854,26301,146044,NA,
35855,26301,146044,LA,
35856,26301,146044,AP,
35857,26303,146051,,
35858,26393,146179,,
35859,26394,146180,,
35860,26395,146181,,
35861,24179,138018,NA,Danville
35862,24179,138018,LA,
35863,24179,138018,AP,
35864,24179,138018,NA,Topeka
35867,24179,138018,NA,Fayetteville
35870,24179,138018,NA,Lawton
35873,24179,138018,NA,Social Circle
35876,24179,138018,NA,ICM*A
35879,24179,138018,NA,Chem Bayport
35882,24179,138018,NA,Chem Beaumont
35885,24179,138018,NA,Chem Houston
35888,24179,138018,NA,Chem Niagara Falls
35891,24179,138018,NA,Kingman
35894,24179,138018,NA,Findlay
35897,24179,138018,NA,Texarkana
35900,24179,138018,NA,Tall Timbers
35903,24180,138019,AP,Nippon Giant
35904,24181,138021,NA,
35905,24187,138059,,
35906,24188,138060,,
35907,24290,138973,,
35908,24431,140068,NA,
35909,24431,140068,LA,
35910,24513,140752,NA,
35911,24513,140752,LA,
35912,24513,140752,EMEA,
35913,24513,140752,AP,
35914,24514,140753,NA,
35915,24514,140753,LA,
35916,24514,140753,EMEA,
35917,24514,140753,AP,
35918,24622,141320,NA,
35919,24622,141320,LA,
35920,24622,141320,EMEA,
35921,24622,141320,AP,
35922,24707,141568,,
35923,24725,141616,NA,
35924,24725,141616,LA,
35925,24725,141616,EMEA,
35926,24725,141616,AP,
35927,24726,141617,NA,
35928,24726,141617,LA,
35929,24726,141617,EMEA,
35930,24726,141617,AP,
35931,24759,141721,,
35932,25033,142767,NA,
35933,25033,142767,LA,
35934,25033,142767,EMEA,Melksham
35935,25033,142767,AP,
35936,25509,144132,NA,Medicine Hat
35937,25509,144132,LA,
35938,25509,144132,EMEA,
35939,25509,144132,NA,Napanee
35942,25509,144132,NA,Valleyfield
35945,25509,144132,NA,
35947,25509,144132,EMEA,Adapazari
35950,25509,144132,EMEA,Izmit
35953,25509,144132,EMEA,Melksham
35954,25539,144200,LA,
35955,25540,144201,LA,
35956,26087,145626,LA,
35957,26089,145629,LA,
35958,26090,145630,LA,
35959,26091,145631,LA,
35960,26092,145632,LA,
35961,26093,145635,NA,
35962,26093,145635,LA,
35963,26093,145635,EMEA,Melksham
35964,26093,145635,AP,
35965,24481,140587,NA,
35966,24549,140945,,
35967,24560,140978,NA,
35968,24717,141589,,
35969,24857,142086,,
35970,24943,142417,AP,
35971,24944,142418,AP,
35972,24945,142419,AP,
35973,24947,142421,AP,
35974,25413,143775,,
35975,25713,144726,EMEA,
35976,25714,144727,NA,
35977,25714,144727,LA,
35978,25714,144727,EMEA,
35979,25714,144727,AP,
35980,25715,144728,NA,
35981,25716,144729,NA,
35982,25717,144730,NA,
35983,25718,144731,NA,
35984,25719,144732,NA,
35985,25720,144733,NA,
35986,25721,144734,NA,
35987,25964,145354,NA,
35988,25965,145356,NA,
35989,25966,145358,NA,
35990,25967,145359,NA,
35991,25968,145360,NA,
35992,25969,145361,NA,
35993,25970,145362,NA,
35994,25971,145363,,
35995,25972,145364,,
35996,26396,146182,,
35997,26397,146186,EMEA,
35998,26399,146187,NA,
35999,26399,146187,LA,
36000,26399,146187,EMEA,Melksham
36001,24170,137875,,
36002,24219,138386,,
36003,24220,138387,,
36004,24221,138388,,
36005,24222,138389,,
36006,24223,138390,,
36007,24238,138532,,
36008,24318,139135,,
36009,24334,139328,NA,
36010,24335,139349,NA,Medicine Hat
36011,24335,139349,LA,
36012,24335,139349,AP,
36013,24335,139349,NA,Napanee
36016,24335,139349,NA,Valleyfield
36019,24335,139349,NA,
36021,24335,139349,AP,Malaysia
36024,24335,139349,AP,Thailand
36027,24335,139349,AP,Nippon Giant
36030,24335,139349,AP,Ballabgarh
36033,24335,139349,AP,Aurangabad
36036,24335,139349,AP,Indonesia
36037,24381,139570,,
36038,24603,141210,NA,
36039,24604,141211,AP,
36040,24605,141212,NA,
36041,25411,143768,,
36042,25511,144143,EMEA,Melksham
36043,25613,144417,,
36044,25723,144741,NA,
36045,26025,145502,,
36046,26026,145503,,
36047,26027,145507,,
36048,26029,145511,,
36049,26045,145553,NA,
36050,26045,145553,LA,
36051,26045,145553,EMEA,
36052,26045,145553,AP,
36053,26045,145553,Cooper Americas,
36054,26045,145553,Cooper Europe,
36055,26045,145553,Cooper Asia,
36056,26046,145554,NA,
36057,26046,145554,LA,
36058,26046,145554,EMEA,
36059,26046,145554,AP,
36060,26046,145554,Cooper Americas,
36061,26046,145554,Cooper Europe,
36062,26046,145554,Cooper Asia,
36063,26052,145566,NA,
36064,26052,145566,LA,
36065,24391,139628,NA,
36066,24391,139628,LA,
36067,24391,139628,EMEA,
36068,24391,139628,AP,
36069,24392,139629,NA,
36070,24392,139629,LA,
36071,24392,139629,EMEA,
36072,24392,139629,AP,
36073,24418,139966,,
36074,24434,140073,,
36075,24435,140074,,
36076,24453,140261,,
36077,24454,140262,,
36078,24455,140263,,
36079,24818,141930,,
36080,24845,142012,NA,
36081,24989,142637,NA,
36082,25089,142926,NA,
36083,25318,143518,,
36084,25319,143519,,
36085,25320,143520,,
36086,25321,143521,,
36087,25323,143526,,
36088,25324,143527,,
36089,25325,143528,,
36090,25326,143529,,
36091,25327,143532,,
36092,25328,143533,,
36093,25381,143685,NA,
36094,25619,144429,NA,
36095,25619,144429,EMEA,
36096,26055,145568,,
36097,26111,145669,,
36098,26112,145670,,
36099,26118,145681,,
36100,26145,145730,AP,
36101,26401,146189,LA,
36102,26249,145942,,
36103,26263,145958,NA,
36104,26270,145971,,
36105,26287,146021,,
36106,26288,146022,,
36107,26289,146023,,
36108,26290,146024,,
36109,26291,146025,,
36110,26292,146026,,
36111,26307,146055,NA,
36112,26307,146055,LA,
36113,26308,146056,NA,
36114,26308,146056,LA,
36115,26309,146057,NA,
36116,26309,146057,LA,
36117,26313,146063,EMEA,South Africa
36118,26325,146086,NA,
36119,24211,138305,,
36120,24212,138306,,
36121,24213,138307,,
36122,24214,138308,,
36123,24215,138309,,
36124,24227,138426,,
36125,24228,138427,,
36126,24237,138528,EMEA,
36127,24321,139243,,
36128,24451,140212,AP,
36129,24557,140975,NA,
36130,24558,140976,NA,
36131,24833,141977,,
36132,25151,143095,NA,
36133,25151,143095,LA,
36134,25151,143095,EMEA,Adapazari
36135,25151,143095,AP,
36138,25151,143095,EMEA,Izmit
36142,25151,143095,EMEA,Melksham
36144,25152,143096,NA,
36145,25152,143096,LA,
36146,25152,143096,EMEA,Adapazari
36147,25152,143096,AP,
36150,25152,143096,EMEA,Izmit
36154,25152,143096,EMEA,Melksham
36156,25153,143097,NA,
36157,25167,143139,,
36158,25351,143582,NA,
36159,25351,143582,LA,
36160,25357,143592,,
36161,25585,144357,,
36162,25586,144358,,
36163,25587,144362,NA,
36164,25587,144362,LA,
36165,25587,144362,AP,
36166,26523,146350,,
36167,26524,146351,,
36168,26525,146352,,
36169,26526,146353,,
36170,26527,146354,,
36171,26537,146367,EMEA,
36172,26538,146368,EMEA,
36173,26539,146369,EMEA,
36174,26540,146370,EMEA,
36175,26541,146371,EMEA,
36176,26542,146372,EMEA,
36177,26543,146373,EMEA,
36178,26544,146374,EMEA,
36179,26545,146375,EMEA,
36180,26546,146376,EMEA,
36181,26553,146385,NA,Medicine Hat
36182,26553,146385,NA,Napanee
36183,26553,146385,NA,Valleyfield
36184,26589,146432,AP,
36185,26591,146435,,
36186,26601,146455,,
36187,26605,146465,NA,
36188,26605,146465,LA,
36189,26605,146465,EMEA,
36190,26605,146465,AP,
36191,26607,146466,NA,
36192,26609,146468,NA,
36193,26619,146477,NA,
36194,26621,146479,NA,
36195,26625,146484,NA,
36196,26635,146494,,
36197,24143,137439,AP,
36198,24144,137440,EMEA,
36199,24190,138062,NA,
36200,24192,138064,NA,
36201,24193,138065,NA,
36202,24193,138065,LA,
36203,24193,138065,AP,
36204,24194,138066,NA,
36205,24194,138066,LA,
36206,24194,138066,AP,
36207,24195,138100,NA,
36208,24196,138101,NA,
36209,24197,138135,EMEA,
36210,24337,139371,EMEA,
36211,24447,140181,,
36212,24719,141592,NA,
36213,24855,142047,NA,
36214,24879,142193,,
36215,24880,142194,NA,
36216,24880,142194,LA,
36217,24880,142194,EMEA,
36218,24880,142194,AP,
36219,24935,142374,NA,
36220,24973,142586,,
36221,24974,142587,,
36222,24975,142588,,
36223,24976,142589,,
36224,25027,142735,,
36225,25192,143188,NA,
36226,25192,143188,EMEA,
36227,25192,143188,AP,
36228,25193,143189,NA,
36229,25193,143189,EMEA,
36230,25193,143189,AP,
36231,25194,143190,NA,
36232,25194,143190,EMEA,
36233,25194,143190,AP,
36234,25195,143191,NA,
36235,25195,143191,EMEA,
36236,25195,143191,AP,
36237,25199,143200,EMEA,
36238,25355,143590,EMEA,
36239,25833,144992,,
36240,26306,146054,NA,
36241,26567,146405,NA,
36242,26567,146405,LA,
36243,26567,146405,EMEA,Luxembourg
36244,26567,146405,AP,
36245,26568,146406,NA,
36246,26568,146406,LA,
36247,26568,146406,EMEA,Izmit
36248,26568,146406,AP,
36249,26569,146407,NA,
36250,26569,146407,LA,
36251,26569,146407,EMEA,Debica
36252,26569,146407,AP,
36253,26570,146408,NA,
36254,26570,146408,LA,
36255,26570,146408,EMEA,Debica
36256,26570,146408,AP,
36257,26337,146097,,
36258,26349,146114,LA,
36259,26350,146115,,
36260,26351,146116,NA,
36261,26351,146116,LA,
36262,26351,146116,AP,
36263,26366,146137,NA,
36264,26366,146137,LA,
36265,26366,146137,EMEA,
36266,26366,146137,AP,
36267,26419,146213,NA,
36268,26439,146232,,
36269,26440,146234,,
36270,26441,146235,,
36271,26461,146259,,
36272,26462,146262,,
36273,26483,146301,,
36274,26485,146305,AP,
36275,26486,146306,AP,
36276,26487,146308,NA,
36277,26491,146314,EMEA,
36278,26493,146316,NA,
36279,26495,146318,NA,
36280,26499,146323,LA,
36281,26500,146324,LA,
36282,26501,146325,LA,
36283,26502,146326,LA,
36284,26503,146327,LA,
36285,26504,146328,LA,
36286,26505,146329,LA,
36287,26506,146330,LA,
36288,26507,146331,LA,
36289,26508,146332,,
36290,26509,146333,LA,
36291,26515,146340,LA,
36292,26595,146442,,
36293,24173,137945,,
36294,24245,138651,NA,
36295,24246,138652,NA,
36296,24280,138888,EMEA,Adapazari
36297,24280,138888,EMEA,Izmit
36298,24280,138888,EMEA,South Africa
36299,24280,138888,EMEA,Melksham
36300,24280,138888,EMEA,Krusevac
36301,24285,138946,EMEA,
36302,24291,138998,NA,
36303,24292,138999,NA,
36304,24295,139027,NA,
36305,24295,139027,LA,
36306,24295,139027,EMEA,
36307,24295,139027,AP,
36308,24296,139028,NA,
36309,24296,139028,LA,
36310,24296,139028,EMEA,
36311,24296,139028,AP,
36312,24377,139563,,
36313,24378,139564,EMEA,
36314,24379,139566,NA,
36315,24379,139566,LA,
36316,24379,139566,EMEA,
36317,24379,139566,AP,
36318,24380,139568,NA,
36319,24380,139568,LA,
36320,24380,139568,EMEA,
36321,24380,139568,AP,
36322,24382,139571,,
36323,24467,140472,NA,
36324,24467,140472,LA,
36325,24467,140472,EMEA,Melksham
36326,24467,140472,AP,
36327,24468,140473,,
36328,24673,141520,,
36329,24674,141521,,
36330,24911,142306,EMEA,
36331,24926,142333,NA,San Luis Potosi
36332,24927,142334,,
36333,25071,142874,NA,
36334,25104,142985,NA,
36335,25106,142987,NA,
36336,25108,142989,NA,
36337,25110,142991,NA,
36338,25112,142993,NA,
36339,25191,143187,,
36340,25207,143243,NA,
36341,25208,143244,NA,
36342,25383,143697,NA,
36343,25384,143698,NA,
36344,25497,144075,,
36345,25563,144251,,
36346,26637,146497,,
36347,26638,146498,,
36348,26639,146499,,
36349,26640,146500,,
36350,26641,146501,,
36351,24372,139539,,
36352,24373,139540,,
36353,24374,139541,,
36354,24375,139542,,
36355,24414,139937,,
36356,24429,140045,,
36357,24477,140583,NA,
36358,24480,140586,NA,
36359,24482,140588,NA,
36360,24483,140605,,
36361,24486,140648,NA,
36362,24486,140648,LA,
36363,24486,140648,EMEA,
36364,24486,140648,AP,
36365,24487,140696,,
36366,24488,140697,,
36367,24567,141014,,
36368,24731,141642,,
36369,25011,142689,NA,
36370,25011,142689,LA,
36371,25011,142689,EMEA,
36372,25011,142689,AP,
36373,25175,143153,,
36374,25176,143154,NA,
36375,25176,143154,LA,
36376,25176,143154,EMEA,
36377,25176,143154,AP,
36378,25179,143166,NA,
36379,25179,143166,LA,
36380,25179,143166,EMEA,
36381,25179,143166,AP,
36382,25179,143166,Cooper Americas,
36383,25179,143166,Cooper Europe,
36384,25179,143166,Cooper Asia,
36385,25185,143179,NA,
36386,25185,143179,LA,
36387,25197,143197,NA,
36388,25197,143197,LA,
36389,25197,143197,EMEA,
36390,25197,143197,AP,
36391,25198,143198,,
36392,25782,144876,NA,
36393,25782,144876,LA,
36394,25782,144876,EMEA,
36395,25782,144876,AP,
36396,25783,144877,,
36397,25784,144879,NA,
36398,25785,144880,NA,
36399,25786,144881,NA,
36400,25787,144882,NA,
36401,25912,145202,,
36402,26147,145734,,
36403,26149,145742,NA,
36404,26150,145743,NA,
36405,26437,146229,NA,
36406,26596,146443,,
36407,26597,146445,NA,
36408,26597,146445,LA,
36409,26597,146445,EMEA,
36410,26597,146445,AP,
36411,26599,146450,,
36412,26631,146489,,
36413,24649,141448,NA,
36414,24649,141448,LA,
36415,24649,141448,EMEA,
36416,24649,141448,AP,
36417,24650,141449,NA,
36418,24650,141449,LA,
36419,24650,141449,EMEA,
36420,24650,141449,AP,
36421,24651,141450,NA,
36422,24651,141450,LA,
36423,24651,141450,EMEA,
36424,24651,141450,AP,
36425,24652,141451,NA,
36426,24652,141451,LA,
36427,24652,141451,EMEA,
36428,24652,141451,AP,
36429,24654,141453,AP,
36430,24745,141692,NA,
36431,24745,141692,LA,
36432,24745,141692,EMEA,
36433,24745,141692,AP,
36434,24823,141945,NA,
36435,24824,141946,NA,
36436,24825,141947,NA,
36437,24826,141948,,
36438,25476,143978,NA,
36439,25476,143978,LA,
36440,25476,143978,EMEA,Melksham
36441,25476,143978,AP,
36442,25589,144369,,
36443,25591,144383,EMEA,Debica
36444,25591,144383,EMEA,Philippsburg
36445,25591,144383,EMEA,Luxembourg
36446,25591,144383,EMEA,Adapazari
36447,25591,144383,EMEA,Sava
36448,25591,144383,EMEA,Izmit
36449,25591,144383,EMEA,Fulda
36450,25591,144383,EMEA,South Africa
36451,25591,144383,EMEA,Amiens South
36452,25591,144383,EMEA,Montlucon
36453,25591,144383,EMEA,Wittlich
36454,25591,144383,EMEA,Fuerstenwalde
36455,25591,144383,EMEA,Riesa
36456,25591,144383,EMEA,Polymer-Technik Elbe GmbH
36457,25591,144383,EMEA,ICM*L
36458,25591,144383,EMEA,RCCE
36459,25591,144383,EMEA,Conbelts Bytom-SAEU
36460,25591,144383,EMEA,DRC Kauucuk
36461,25591,144383,EMEA,Empresa Industrial de Borracha SA-EIB
36462,25591,144383,EMEA,FTT Stomil Wolbrom SA
36463,25591,144383,EMEA,Geyer and Hosaja-Zak-ADY Gumowe w Mielcu-Sp. Zo.o
36464,25591,144383,EMEA,Hexpol - Berwin
36465,25591,144383,EMEA,Kabat Tyre
36466,25591,144383,EMEA,Kolsan
36467,25591,144383,EMEA,Kraiburg Austria GmbH and Co. KG
36468,25591,144383,EMEA,Marangoni S.p.A Rovereto
36469,25591,144383,EMEA,Marangoni S.p.A Hamburg
36470,25591,144383,EMEA,Matrax s.r.o.
36471,25591,144383,EMEA,Multiblend
36472,25591,144383,EMEA,Omya Uk Limited-Masterbatches
36473,25591,144383,EMEA,Ozka Lastik ve Kaucuk Inc.
36474,25591,144383,EMEA,Peintures Robin S.A-Paints /Cements
36475,25591,144383,EMEA,Phoenix Compound Technology Hamburg
36476,25591,144383,EMEA,Phoenix Compound Technology Waltershausen
36477,25591,144383,EMEA,ProPS s.r.o.
36478,25591,144383,EMEA,S and N Rubber¿
36479,25591,144383,EMEA,Socamont-S.A.
36480,25591,144383,EMEA,Stomil Poznan
36481,25591,144383,EMEA,Tecnogum
36482,25591,144383,EMEA,Vil Kaucuk San.ve Tic. Ltd Sti
36483,25591,144383,EMEA,Zaklady Chemiczne BOCHEM Sp. z o.o
36484,25591,144383,EMEA,Dudelange
36485,25591,144383,EMEA,Melksham
36486,25591,144383,EMEA,Krusevac
36487,25592,144384,EMEA,Debica
36488,25592,144384,EMEA,Philippsburg
36489,25592,144384,EMEA,Luxembourg
36490,25592,144384,EMEA,Adapazari
36491,25592,144384,EMEA,Sava
36492,25592,144384,EMEA,Izmit
36493,25592,144384,EMEA,Fulda
36494,25592,144384,EMEA,South Africa
36495,25592,144384,EMEA,Amiens South
36496,25592,144384,EMEA,Montlucon
36497,25592,144384,EMEA,Wittlich
36498,25592,144384,EMEA,Fuerstenwalde
36499,25592,144384,EMEA,Riesa
36500,25592,144384,EMEA,Polymer-Technik Elbe GmbH
36501,25592,144384,EMEA,ICM*L
36502,25592,144384,EMEA,RCCE
36503,25592,144384,EMEA,Conbelts Bytom-SAEU
36504,25592,144384,EMEA,DRC Kauucuk
36505,25592,144384,EMEA,Empresa Industrial de Borracha SA-EIB
36506,25592,144384,EMEA,FTT Stomil Wolbrom SA
36507,25592,144384,EMEA,Geyer and Hosaja-Zak-ADY Gumowe w Mielcu-Sp. Zo.o
36508,25592,144384,EMEA,Hexpol - Berwin
36509,25592,144384,EMEA,Kabat Tyre
36510,25592,144384,EMEA,Kolsan
36511,25592,144384,EMEA,Kraiburg Austria GmbH and Co. KG
36512,25592,144384,EMEA,Marangoni S.p.A Rovereto
36513,25592,144384,EMEA,Marangoni S.p.A Hamburg
36514,25592,144384,EMEA,Matrax s.r.o.
36515,25592,144384,EMEA,Multiblend
36516,25592,144384,EMEA,Omya Uk Limited-Masterbatches
36517,25592,144384,EMEA,Ozka Lastik ve Kaucuk Inc.
36518,25592,144384,EMEA,Peintures Robin S.A-Paints /Cements
36519,25592,144384,EMEA,Phoenix Compound Technology Hamburg
36520,25592,144384,EMEA,Phoenix Compound Technology Waltershausen
36521,25592,144384,EMEA,ProPS s.r.o.
36522,25592,144384,EMEA,S and N Rubber¿
36523,25592,144384,EMEA,Socamont-S.A.
36524,25592,144384,EMEA,Stomil Poznan
36525,25592,144384,EMEA,Tecnogum
36526,25592,144384,EMEA,Vil Kaucuk San.ve Tic. Ltd Sti
36527,25592,144384,EMEA,Zaklady Chemiczne BOCHEM Sp. z o.o
36528,25592,144384,EMEA,Dudelange
36529,25592,144384,EMEA,Melksham
36530,25592,144384,EMEA,Krusevac
36531,25593,144386,NA,
36532,25594,144387,NA,
36533,25595,144388,NA,
36534,25596,144389,NA,
36535,25597,144390,NA,
36536,25598,144391,NA,
36537,25599,144392,NA,
36538,25600,144393,NA,
36539,25601,144394,NA,
36540,25602,144395,NA,
36541,25607,144407,,
36542,25615,144418,,
36543,25621,144440,,
36544,25795,144903,,
36545,25796,144904,,
36546,25805,144929,NA,
36547,25805,144929,LA,
36548,25805,144929,EMEA,
36549,25805,144929,AP,
36550,25999,145419,,
36551,26015,145455,,
36552,26047,145555,EMEA,
36553,26103,145653,NA,Medicine Hat
36554,26103,145653,LA,
36555,26103,145653,NA,Napanee
36557,26103,145653,NA,Valleyfield
36559,26105,145654,AP,
36560,24319,139197,EMEA,
36561,24343,139398,NA,
36562,24343,139398,LA,
36563,24343,139398,EMEA,
36564,24343,139398,AP,
36565,24419,139967,,
36566,24437,140095,,
36567,24789,141814,,
36568,24790,141815,NA,
36569,24790,141815,LA,
36570,24790,141815,EMEA,Melksham
36571,24790,141815,AP,
36572,25060,142823,,
36573,25096,142958,,
36574,25123,143041,AP,
36575,25295,143435,,
36576,25409,143766,,
36577,25410,143767,,
36578,25419,143791,NA,
36579,25900,145169,NA,
36580,25900,145169,LA,
36581,25900,145169,EMEA,Adapazari
36582,25900,145169,AP,
36585,25900,145169,EMEA,Izmit
36589,25900,145169,EMEA,
36590,25900,145169,AP,Nippon Giant
36593,25900,145169,EMEA,Melksham
36595,25901,145170,NA,
36596,25901,145170,LA,
36597,25901,145170,EMEA,Adapazari
36598,25901,145170,AP,
36601,25901,145170,EMEA,Izmit
36605,25901,145170,EMEA,Melksham
36607,25935,145281,NA,
36608,25935,145281,LA,
36609,25935,145281,EMEA,
36610,25935,145281,AP,
36611,25935,145281,Cooper Americas,
36612,25935,145281,Cooper Europe,
36613,25935,145281,Cooper Asia,
36614,26201,145847,,
36615,26297,146033,,
36616,26298,146035,NA,
36617,26298,146035,LA,
36618,26298,146035,EMEA,
36619,26298,146035,AP,
36620,26571,146409,NA,
36621,26571,146409,LA,
36622,26571,146409,EMEA,Luxembourg
36623,26571,146409,AP,
36624,26579,146416,NA,
36625,26579,146416,Cooper Americas,
36626,24217,138343,NA,
36627,24298,139032,,
36628,24446,140180,,
36629,24449,140202,NA,
36630,24449,140202,LA,
36631,24449,140202,EMEA,Melksham
36632,24449,140202,AP,
36633,24450,140203,NA,
36634,24450,140203,LA,
36635,24450,140203,EMEA,Melksham
36636,24450,140203,AP,
36637,24653,141452,AP,
36638,24930,142342,NA,
36639,24930,142342,LA,
36640,24930,142342,EMEA,Adapazari
36641,24930,142342,AP,
36644,24930,142342,EMEA,Izmit
36648,24930,142342,EMEA,Melksham
36650,24931,142343,,
36651,24932,142344,NA,
36652,24932,142344,LA,
36653,24932,142344,EMEA,Adapazari
36654,24932,142344,AP,
36657,24932,142344,EMEA,Izmit
36661,24932,142344,EMEA,Melksham
36663,24981,142605,,
36664,24982,142606,,
36665,25345,143571,,
36666,25346,143572,NA,
36667,25346,143572,LA,
36668,25346,143572,EMEA,
36669,25346,143572,AP,
36670,25347,143573,NA,
36671,25347,143573,LA,
36672,25347,143573,EMEA,
36673,25347,143573,AP,
36674,25349,143577,NA,
36675,25349,143577,LA,
36676,25349,143577,EMEA,
36677,25349,143577,AP,
36678,25541,144216,EMEA,
36679,25543,144217,EMEA,Philippsburg
36680,25543,144217,EMEA,Luxembourg
36681,25543,144217,EMEA,Adapazari
36682,25543,144217,EMEA,Sava
36683,25543,144217,EMEA,Izmit
36684,25543,144217,EMEA,Fulda
36685,25543,144217,EMEA,South Africa
36686,25543,144217,EMEA,Amiens South
36687,25543,144217,EMEA,Montlucon
36688,25543,144217,EMEA,Hanau
36689,25543,144217,EMEA,Wittlich
36690,25543,144217,EMEA,Fuerstenwalde
36691,25543,144217,EMEA,Riesa
36692,25543,144217,EMEA,Polymer-Technik Elbe GmbH
36693,25543,144217,EMEA,ICM*L
36694,25543,144217,EMEA,RCCE
36695,25543,144217,EMEA,Conbelts Bytom-SAEU
36696,25543,144217,EMEA,DRC Kauucuk
36697,25543,144217,EMEA,Empresa Industrial de Borracha SA-EIB
36698,25543,144217,EMEA,FTT Stomil Wolbrom SA
36699,25543,144217,EMEA,Geyer and Hosaja-Zak-ADY Gumowe w Mielcu-Sp. Zo.o
36700,25543,144217,EMEA,Hexpol - Berwin
36701,25543,144217,EMEA,Kabat Tyre
36702,25543,144217,EMEA,Kolsan
36703,25543,144217,EMEA,Kraiburg Austria GmbH and Co. KG
36704,25543,144217,EMEA,Marangoni S.p.A Rovereto
36705,25543,144217,EMEA,Marangoni S.p.A Hamburg
36706,25543,144217,EMEA,Matrax s.r.o.
36707,25543,144217,EMEA,Multiblend
36708,25543,144217,EMEA,Omya Uk Limited-Masterbatches
36709,25543,144217,EMEA,Ozka Lastik ve Kaucuk Inc.
36710,25543,144217,EMEA,Peintures Robin S.A-Paints /Cements
36711,25543,144217,EMEA,Phoenix Compound Technology Hamburg
36712,25543,144217,EMEA,Phoenix Compound Technology Waltershausen
36713,25543,144217,EMEA,ProPS s.r.o.
36714,25543,144217,EMEA,S and N Rubber¿
36715,25543,144217,EMEA,Socamont-S.A.
36716,25543,144217,EMEA,Stomil Poznan
36717,25543,144217,EMEA,Tecnogum
36718,25543,144217,EMEA,Vil Kaucuk San.ve Tic. Ltd Sti
36719,25543,144217,EMEA,Zaklady Chemiczne BOCHEM Sp. z o.o
36720,25543,144217,EMEA,Dudelange
36721,25543,144217,EMEA,Melksham
36722,25543,144217,EMEA,Krusevac
36723,25544,144219,EMEA,Philippsburg
36724,25544,144219,EMEA,Luxembourg
36725,25544,144219,EMEA,Adapazari
36726,25544,144219,EMEA,Sava
36727,25544,144219,EMEA,Izmit
36728,25544,144219,EMEA,Fulda
36729,25544,144219,EMEA,South Africa
36730,25544,144219,EMEA,Amiens South
36731,25544,144219,EMEA,Montlucon
36732,25544,144219,EMEA,Hanau
36733,25544,144219,EMEA,Fuerstenwalde
36734,25544,144219,EMEA,Riesa
36735,25544,144219,EMEA,Polymer-Technik Elbe GmbH
36736,25544,144219,EMEA,ICM*L
36737,25544,144219,EMEA,RCCE
36738,25544,144219,EMEA,Conbelts Bytom-SAEU
36739,25544,144219,EMEA,DRC Kauucuk
36740,25544,144219,EMEA,Empresa Industrial de Borracha SA-EIB
36741,25544,144219,EMEA,FTT Stomil Wolbrom SA
36742,25544,144219,EMEA,Geyer and Hosaja-Zak-ADY Gumowe w Mielcu-Sp. Zo.o
36743,25544,144219,EMEA,Hexpol - Berwin
36744,25544,144219,EMEA,Kabat Tyre
36745,25544,144219,EMEA,Kolsan
36746,25544,144219,EMEA,Kraiburg Austria GmbH and Co. KG
36747,25544,144219,EMEA,Marangoni S.p.A Rovereto
36748,25544,144219,EMEA,Marangoni S.p.A Hamburg
36749,25544,144219,EMEA,Matrax s.r.o.
36750,25544,144219,EMEA,Multiblend
36751,25544,144219,EMEA,Omya Uk Limited-Masterbatches
36752,25544,144219,EMEA,Ozka Lastik ve Kaucuk Inc.
36753,25544,144219,EMEA,Peintures Robin S.A-Paints /Cements
36754,25544,144219,EMEA,Phoenix Compound Technology Hamburg
36755,25544,144219,EMEA,Phoenix Compound Technology Waltershausen
36756,25544,144219,EMEA,ProPS s.r.o.
36757,25544,144219,EMEA,S and N Rubber¿
36758,25544,144219,EMEA,Socamont-S.A.
36759,25544,144219,EMEA,Stomil Poznan
36760,25544,144219,EMEA,Tecnogum
36761,25544,144219,EMEA,Vil Kaucuk San.ve Tic. Ltd Sti
36762,25544,144219,EMEA,Dudelange
36763,25544,144219,EMEA,Melksham
36764,25544,144219,EMEA,Krusevac
36765,25629,144515,NA,
36766,25630,144516,NA,
36767,25630,144516,LA,
36768,25630,144516,EMEA,
36769,25630,144516,AP,
36770,25631,144521,NA,
36771,25665,144630,NA,
36772,24247,138653,,
36773,24283,138914,NA,
36774,24283,138914,LA,
36775,24283,138914,EMEA,
36776,24283,138914,AP,
36777,24284,138915,,
36778,24287,138947,,
36779,24345,139402,NA,
36780,24346,139403,NA,
36781,24347,139404,NA,
36782,24348,139405,NA,
36783,24349,139406,NA,
36784,24350,139407,NA,
36785,24445,140179,NA,ICM*A
36786,24639,141425,,
36787,24641,141427,NA,
36788,24643,141434,EMEA,
36789,24644,141435,EMEA,
36790,24645,141436,EMEA,
36791,24646,141437,EMEA,
36792,24647,141438,EMEA,
36793,24648,141439,EMEA,
36794,24769,141750,AP,
36795,24802,141883,,
36796,24803,141884,,
36797,24995,142663,NA,
36798,24996,142664,NA,
36799,24997,142666,NA,
36800,24998,142667,NA,
36801,24999,142668,NA,
36802,25000,142669,NA,
36803,25001,142670,NA,
36804,25002,142671,NA,
36805,25003,142672,NA,
36806,25004,142673,NA,
36807,25005,142674,NA,
36808,25006,142675,NA,
36809,25113,143002,,
36810,25127,143051,NA,
36811,25127,143051,LA,
36812,25127,143051,EMEA,
36813,25127,143051,AP,
36814,25130,143055,NA,
36815,25132,143057,NA,
36816,25133,143058,NA,
36817,24538,140921,,
36818,24539,140922,,
36819,24544,140927,,
36820,24545,140928,NA,ICM*A
36821,24713,141579,,
36822,24714,141580,,
36823,24929,142341,,
36824,24977,142590,,
36825,25317,143512,,
36826,25473,143963,NA,
36827,25649,144584,,
36828,25651,144586,,
36829,25661,144627,,
36830,25663,144629,,
36831,25666,144631,NA,
36832,26099,145644,,
36833,26107,145657,NA,
36834,26107,145657,LA,
36835,26107,145657,EMEA,
36836,26107,145657,AP,
36837,26109,145658,NA,
36838,26109,145658,LA,
36839,26109,145658,EMEA,
36840,26109,145658,AP,
36841,26119,145684,AP,
36842,26159,145769,NA,
36843,26159,145769,LA,
36844,26159,145769,EMEA,
36845,26159,145769,AP,
36846,26160,145772,,
36847,26163,145776,,
36848,26165,145780,,
36849,26217,145879,NA,
36850,26218,145880,NA,
36851,26247,145939,,
36852,26295,146031,,
36853,24250,138688,NA,
36854,24250,138688,LA,
36855,24250,138688,EMEA,
36856,24250,138688,AP,
36857,24328,139270,,
36858,24397,139656,,
36859,24399,139875,NA,
36860,24399,139875,LA,
36861,24399,139875,EMEA,
36862,24399,139875,AP,
36863,24400,139878,NA,
36864,24400,139878,LA,
36865,24400,139878,EMEA,
36866,24400,139878,AP,
36867,24757,141712,,
36868,24835,141984,,
36869,24904,142271,NA,Danville
36870,24904,142271,AP,
36871,24904,142271,NA,Topeka
36873,24904,142271,NA,Fayetteville
36875,24904,142271,NA,Lawton
36877,24904,142271,NA,Medicine Hat
36879,24904,142271,NA,Napanee
36881,24904,142271,NA,Valleyfield
36883,24904,142271,NA,Social Circle
36885,24904,142271,NA,ICM*A
36887,24904,142271,NA,Chile
36889,24904,142271,NA,
36890,24904,142271,AP,Malaysia
36892,24904,142271,AP,Thailand
36894,24904,142271,AP,Nippon Giant
36896,24904,142271,AP,Ballabgarh
36898,24904,142271,AP,Aurangabad
36900,24904,142271,AP,Indonesia
36901,24904,142271,NA,Chem Bayport
36903,24904,142271,NA,Chem Beaumont
36905,24904,142271,NA,Chem Houston
36907,24904,142271,NA,Chem Niagara Falls
36910,24904,142271,AP,Pulandian
36911,24904,142271,NA,NA-LA-AP Except AIRCRAFT
36913,24904,142271,NA,Other
36915,24904,142271,NA,San Luis Potosi
36917,24904,142271,NA,Kingman
36919,24904,142271,NA,Stockbridge
36921,24904,142271,NA,Clarksdale
36923,24904,142271,NA,Findlay
36925,24904,142271,NA,Tall Timbers
36928,24904,142271,AP,Qingdao
36930,24904,142271,AP,Prinx Chengshan
36931,25031,142755,,
36932,25158,143113,,
36933,25163,143126,,
36934,25164,143127,,
36935,25165,143128,,
36936,25203,143209,NA,
36937,25203,143209,LA,
36938,25203,143209,EMEA,
36939,25203,143209,AP,
36940,25204,143210,NA,
36941,25204,143210,LA,
36942,25204,143210,EMEA,
36943,25204,143210,AP,
36944,25205,143212,,
36945,25222,143293,EMEA,
36946,25223,143294,EMEA,
36947,25225,143302,,
36948,25329,143534,,
36949,25330,143535,,
36950,25331,143536,,
36951,25332,143537,,
36952,25365,143622,EMEA,
36953,25421,143811,AP,
36954,25422,143812,NA,
36955,25422,143812,LA,
36956,25423,143813,NA,
36957,25423,143813,LA,
36958,25424,143814,NA,
36959,25425,143815,NA,
36960,25426,143816,NA,
36961,25427,143817,NA,
36962,25428,143818,NA,
36963,25452,143900,,
36964,24169,137874,NA,
36965,24171,137877,NA,
36966,24172,137878,NA,
36967,24251,138690,,
36968,24252,138691,,
36969,24253,138692,,
36970,24254,138693,,
36971,24255,138694,,
36972,24529,140820,NA,
36973,24529,140820,EMEA,Adapazari
36974,24529,140820,AP,
36976,24529,140820,EMEA,Izmit
36979,24529,140820,EMEA,
36980,24529,140820,AP,Malaysia
36983,24529,140820,AP,Thailand
36986,24529,140820,AP,Nippon Giant
36989,24529,140820,AP,Ballabgarh
36992,24529,140820,AP,Aurangabad
36995,24529,140820,AP,Indonesia
36996,24621,141318,AP,
36997,24970,142577,EMEA,Adapazari
36998,24970,142577,EMEA,Izmit
36999,24970,142577,EMEA,South Africa
37000,24970,142577,EMEA,Melksham
37001,24970,142577,EMEA,Krusevac
37002,25079,142900,EMEA,
37003,25080,142901,EMEA,
37004,25399,143741,,
37005,25406,143764,,
37006,25429,143819,,
37007,25430,143820,,
37008,25431,143821,,
37009,25432,143822,,
37010,25433,143823,,
37011,25434,143824,,
37012,25435,143837,NA,
37013,25435,143837,LA,
37014,25435,143837,EMEA,
37015,25435,143837,AP,
37016,25435,143837,Cooper Americas,
37017,25435,143837,Cooper Europe,
37018,25435,143837,Cooper Asia,
37019,25436,143838,NA,
37020,25436,143838,LA,
37021,25436,143838,EMEA,
37022,25436,143838,AP,Nippon Giant
37023,25531,144190,NA,
37024,25531,144190,LA,
37025,25531,144190,EMEA,Melksham
37026,25531,144190,AP,
37027,25532,144191,,
37028,25533,144192,,
37029,25534,144193,,
37030,25535,144194,,
37031,25536,144195,,
37032,24655,141460,NA,
37033,24656,141461,NA,
37034,24657,141462,NA,
37035,24658,141463,NA,
37036,24659,141464,NA,
37037,24722,141612,EMEA,
37038,24873,142175,,
37039,25087,142922,NA,
37040,25087,142922,LA,
37041,25087,142922,EMEA,
37042,25087,142922,AP,
37043,25475,143977,NA,
37044,25475,143977,LA,
37045,25475,143977,EMEA,Melksham
37046,25475,143977,AP,
37047,25575,144306,,
37048,25638,144547,NA,
37049,25739,144782,NA,
37050,25739,144782,LA,
37051,25739,144782,EMEA,
37052,25739,144782,AP,
37053,25740,144783,NA,
37054,25740,144783,LA,
37055,25740,144783,EMEA,
37056,25740,144783,AP,
37057,25741,144784,NA,
37058,25741,144784,LA,
37059,25741,144784,EMEA,
37060,25741,144784,AP,
37061,25750,144796,NA,
37062,25750,144796,LA,
37063,25750,144796,EMEA,
37064,25750,144796,AP,
37065,25752,144798,NA,
37066,25752,144798,LA,
37067,25752,144798,EMEA,
37068,25752,144798,AP,
37069,25754,144800,NA,
37070,25754,144800,LA,
37071,25754,144800,EMEA,
37072,25754,144800,AP,
37073,25755,144801,NA,
37074,25755,144801,LA,
37075,25755,144801,EMEA,
37076,25755,144801,AP,
37077,25756,144802,NA,
37078,25756,144802,LA,
37079,25756,144802,EMEA,
37080,25757,144803,NA,
37081,25757,144803,LA,
37082,25757,144803,EMEA,
37083,25757,144803,AP,
37084,25758,144804,NA,
37085,25758,144804,LA,
37086,25758,144804,EMEA,
37087,25759,144805,NA,
37088,25759,144805,LA,
37089,25759,144805,EMEA,
37090,25759,144805,AP,
37091,25887,145136,NA,
37092,25887,145136,EMEA,
37093,25887,145136,AP,
37094,25895,145146,AP,
37095,25915,145205,,
37096,25916,145206,,
37097,25917,145207,,
37098,26069,145590,,
37099,26071,145595,,
37100,26072,145596,,
37101,26073,145597,EMEA,Adapazari
37102,26073,145597,EMEA,Izmit
37103,26073,145597,EMEA,Melksham
37104,24271,138848,,
37105,24273,138850,,
37106,24274,138851,,
37107,24311,139104,,
37108,24313,139106,,
37109,24415,139938,AP,Nippon Giant
37110,24415,139938,AP,Pulandian
37111,24415,139938,AP,Kunshan
37112,24415,139938,AP,Qingdao
37113,24965,142533,,
37114,24966,142534,EMEA,Debica
37115,24966,142534,EMEA,Philippsburg
37116,24966,142534,EMEA,Luxembourg
37117,24966,142534,EMEA,Adapazari
37118,24966,142534,EMEA,Sava
37119,24966,142534,EMEA,Izmit
37120,24966,142534,EMEA,Fulda
37121,24966,142534,EMEA,Amiens South
37122,24966,142534,EMEA,Montlucon
37123,24966,142534,EMEA,Hanau
37124,24966,142534,EMEA,Wittlich
37125,24966,142534,EMEA,Fuerstenwalde
37126,24966,142534,EMEA,Riesa
37127,24966,142534,EMEA,Polymer-Technik Elbe GmbH
37128,24966,142534,EMEA,ICM*L
37129,24966,142534,EMEA,RCCE
37130,24966,142534,EMEA,Conbelts Bytom-SAEU
37131,24966,142534,EMEA,DRC Kauucuk
37132,24966,142534,EMEA,Empresa Industrial de Borracha SA-EIB
37133,24966,142534,EMEA,FTT Stomil Wolbrom SA
37134,24966,142534,EMEA,Geyer and Hosaja-Zak-ADY Gumowe w Mielcu-Sp. Zo.o
37135,24966,142534,EMEA,Hexpol - Berwin
37136,24966,142534,EMEA,Kabat Tyre
37137,24966,142534,EMEA,Kolsan
37138,24966,142534,EMEA,Kraiburg Austria GmbH and Co. KG
37139,24966,142534,EMEA,Marangoni S.p.A Rovereto
37140,24966,142534,EMEA,Marangoni S.p.A Hamburg
37141,24966,142534,EMEA,Matrax s.r.o.
37142,24966,142534,EMEA,Multiblend
37143,24966,142534,EMEA,Omya Uk Limited-Masterbatches
37144,24966,142534,EMEA,Ozka Lastik ve Kaucuk Inc.
37145,24966,142534,EMEA,Peintures Robin S.A-Paints /Cements
37146,24966,142534,EMEA,Phoenix Compound Technology Hamburg
37147,24966,142534,EMEA,Phoenix Compound Technology Waltershausen
37148,24966,142534,EMEA,ProPS s.r.o.
37149,24966,142534,EMEA,S and N Rubber¿
37150,24966,142534,EMEA,Socamont-S.A.
37151,24966,142534,EMEA,Stomil Poznan
37152,24966,142534,EMEA,Tecnogum
37153,24966,142534,EMEA,Vil Kaucuk San.ve Tic. Ltd Sti
37154,24966,142534,EMEA,Zaklady Chemiczne BOCHEM Sp. z o.o
37155,24966,142534,EMEA,Dudelange
37156,24966,142534,EMEA,Melksham
37157,24966,142534,EMEA,Krusevac
37158,25667,144632,NA,
37159,25668,144633,NA,
37160,25669,144634,NA,
37161,25670,144635,NA,
37162,25693,144687,NA,
37163,25693,144687,LA,
37164,25693,144687,EMEA,
37165,25693,144687,AP,
37166,25789,144892,,
37167,25834,144993,,
37168,25869,145090,NA,
37169,25869,145090,LA,
37170,25869,145090,EMEA,
37171,25869,145090,AP,
37172,25871,145091,,
37173,25872,145092,,
37174,25873,145093,,
37175,25874,145100,NA,
37176,25874,145100,LA,
37177,25874,145100,EMEA,
37178,25874,145100,AP,
37179,25875,145101,NA,
37180,25875,145101,LA,
37181,25875,145101,EMEA,
37182,25875,145101,AP,
37183,25876,145102,NA,
37184,25876,145102,LA,
37185,25876,145102,EMEA,
37186,25876,145102,AP,
37187,25877,145103,,
37188,24140,137401,NA,
37189,24141,137402,NA,
37190,24421,139969,,
37191,24459,140285,,
37192,24460,140286,,
37193,24461,140326,,
37194,24462,140327,,
37195,24851,142035,,
37196,24853,142036,NA,
37197,24853,142036,LA,
37198,24853,142036,EMEA,Adapazari
37199,24853,142036,AP,
37202,24853,142036,EMEA,Izmit
37206,24853,142036,EMEA,Melksham
37208,25099,142965,,
37209,25261,143367,NA,
37210,25262,143368,NA,
37211,25263,143369,NA,
37212,25264,143370,NA,
37213,25265,143371,NA,
37214,25266,143372,NA,
37215,25333,143540,,
37216,25335,143545,,
37217,25337,143546,,
37218,25338,143547,,
37219,25339,143549,,
37220,25443,143888,,
37221,25483,143995,,
37222,25505,144128,EMEA,Adapazari
37223,25505,144128,EMEA,Izmit
37224,25505,144128,EMEA,Melksham
37225,25506,144129,,
37226,25507,144130,EMEA,Adapazari
37227,25507,144130,EMEA,Izmit
37228,25507,144130,EMEA,Melksham
37229,25515,144151,NA,
37230,25515,144151,LA,
37231,25515,144151,EMEA,
37232,25515,144151,AP,
37233,25515,144151,Cooper Americas,
37234,25515,144151,Cooper Europe,
37235,25515,144151,Cooper Asia,
37236,25517,144155,NA,
37237,25517,144155,LA,
37238,25517,144155,EMEA,
37239,25517,144155,AP,
37240,25517,144155,Cooper Americas,
37241,25517,144155,Cooper Europe,
37242,25517,144155,Cooper Asia,
37243,25518,144156,NA,
37244,25518,144156,LA,
37245,25518,144156,EMEA,
37246,25518,144156,AP,
37247,25518,144156,Cooper Americas,
37248,25518,144156,Cooper Europe,
37249,25518,144156,Cooper Asia,
37250,25519,144159,,
37251,25520,144160,,
37252,24293,139000,EMEA,
37253,24562,140980,NA,
37254,24881,142201,EMEA,
37255,24882,142202,LA,
37256,24938,142390,AP,Malaysia
37257,24938,142390,AP,Thailand
37258,24938,142390,AP,Nippon Giant
37259,24938,142390,AP,Ballabgarh
37260,24938,142390,AP,Aurangabad
37261,24938,142390,AP,Indonesia
37262,24938,142390,AP,Prinx Chengshan
37263,25359,143601,NA,
37264,25359,143601,LA,
37265,25359,143601,EMEA,
37266,25359,143601,AP,
37267,25653,144588,NA,
37268,25653,144588,LA,
37269,25653,144588,EMEA,
37270,25653,144588,AP,
37271,25689,144678,NA,
37272,25690,144679,NA,
37273,25691,144680,NA,
37274,25831,144985,EMEA,
37275,25832,144986,LA,
37276,25879,145106,EMEA,
37277,25880,145107,EMEA,
37278,25881,145108,EMEA,
37279,25882,145109,EMEA,
37280,25883,145119,NA,
37281,25883,145119,LA,
37282,25883,145119,EMEA,
37283,25883,145119,AP,
37284,25884,145120,NA,
37285,25884,145120,LA,
37286,25884,145120,EMEA,
37287,25884,145120,AP,
37288,25885,145126,,
37289,25886,145127,,
37290,25928,145252,EMEA,
37291,26067,145585,NA,
37292,26067,145585,LA,
37293,26067,145585,EMEA,Melksham
37294,26067,145585,AP,
37295,26203,145852,,
37296,26219,145883,EMEA,
37297,26275,145991,NA,
37298,26275,145991,LA,
37299,26281,146010,,
37300,26283,146013,,
37301,26284,146016,,
37302,24315,139110,,
37303,24425,140020,NA,
37304,24441,140153,AP,
37305,24573,141047,NA,
37306,24573,141047,EMEA,
37307,24574,141048,NA,
37308,24574,141048,EMEA,
37309,24575,141049,NA,
37310,24575,141049,EMEA,
37311,24576,141050,NA,
37312,24576,141050,EMEA,
37313,24577,141051,NA,
37314,24577,141051,EMEA,
37315,24587,141141,NA,
37316,24588,141142,NA,
37317,24589,141143,NA,
37318,24590,141144,NA,
37319,24633,141369,EMEA,Debica
37320,24633,141369,AP,
37321,24633,141369,EMEA,Philippsburg
37323,24633,141369,EMEA,Luxembourg
37325,24633,141369,EMEA,Adapazari
37327,24633,141369,EMEA,Sava
37329,24633,141369,EMEA,Izmit
37331,24633,141369,EMEA,Fulda
37333,24633,141369,EMEA,South Africa
37335,24633,141369,EMEA,Amiens South
37337,24633,141369,EMEA,Montlucon
37339,24633,141369,EMEA,Hanau
37341,24633,141369,EMEA,Wittlich
37343,24633,141369,EMEA,Fuerstenwalde
37345,24633,141369,EMEA,Riesa
37347,24633,141369,EMEA,Polymer-Technik Elbe GmbH
37349,24633,141369,EMEA,ICM*L
37351,24633,141369,EMEA,RCCE
37353,24633,141369,EMEA,Conbelts Bytom-SAEU
37355,24633,141369,EMEA,DRC Kauucuk
37357,24633,141369,EMEA,Empresa Industrial de Borracha SA-EIB
37359,24633,141369,EMEA,FTT Stomil Wolbrom SA
37361,24633,141369,EMEA,Geyer and Hosaja-Zak-ADY Gumowe w Mielcu-Sp. Zo.o
37363,24633,141369,EMEA,Hexpol - Berwin
37365,24633,141369,EMEA,Kabat Tyre
37367,24633,141369,EMEA,Kolsan
37369,24633,141369,EMEA,Kraiburg Austria GmbH and Co. KG
37371,24633,141369,EMEA,Marangoni S.p.A Rovereto
37373,24633,141369,EMEA,Marangoni S.p.A Hamburg
37375,24633,141369,EMEA,Matrax s.r.o.
37377,24633,141369,EMEA,Multiblend
37379,24633,141369,EMEA,Omya Uk Limited-Masterbatches
37381,24633,141369,EMEA,Ozka Lastik ve Kaucuk Inc.
37383,24633,141369,EMEA,Peintures Robin S.A-Paints /Cements
37385,24633,141369,EMEA,Phoenix Compound Technology Hamburg
37387,24633,141369,EMEA,Phoenix Compound Technology Waltershausen
37389,24633,141369,EMEA,ProPS s.r.o.
37391,24633,141369,EMEA,S and N Rubber¿
37393,24633,141369,EMEA,Socamont-S.A.
37395,24633,141369,EMEA,Stomil Poznan
37397,24633,141369,EMEA,Tecnogum
37399,24633,141369,EMEA,Vil Kaucuk San.ve Tic. Ltd Sti
37401,24633,141369,EMEA,Zaklady Chemiczne BOCHEM Sp. z o.o
37403,24633,141369,EMEA,Dudelange
37405,24633,141369,EMEA,Melksham
37407,24633,141369,EMEA,Krusevac
37409,24668,141506,NA,
37410,24669,141507,NA,
37411,24670,141508,NA,
37412,24675,141522,,
37413,24676,141523,,
37414,24677,141524,,
37415,24775,141765,LA,Americana
37416,24775,141765,LA,Sao Paulo
37417,24775,141765,LA,Colombia
37418,24775,141765,LA,Guadalajara
37419,24775,141765,LA,El Salto
37420,24809,141907,,
37421,24865,142136,NA,
37422,24866,142137,NA,
37423,24867,142138,NA,
37424,24868,142139,NA,
37425,24869,142158,NA,
37426,24869,142158,LA,
37427,24869,142158,AP,
37428,25013,142707,NA,
37429,25013,142707,LA,
37430,25097,142961,,
37431,25389,143722,NA,
37432,25393,143734,NA,
37433,25393,143734,LA,
37434,25393,143734,EMEA,
37435,25393,143734,AP,
37436,25395,143736,NA,
37437,25395,143736,LA,
37438,25395,143736,EMEA,Adapazari
37439,25395,143736,AP,
37442,25395,143736,EMEA,Izmit
37446,25395,143736,EMEA,Melksham
37448,25396,143737,NA,
37449,25396,143737,LA,
37450,25396,143737,EMEA,
37451,25396,143737,AP,Nippon Giant
37454,25396,143737,EMEA,Matrax s.r.o.
37455,25396,143737,AP,
37456,25521,144161,,
37457,25522,144162,,
37458,25523,144173,,
37459,24174,137946,,
37460,24176,137983,,
37461,24177,137984,,
37462,24323,139264,,
37463,24690,141551,NA,
37464,24691,141552,NA,
37465,24767,141744,NA,
37466,24819,141933,NA,
37467,24819,141933,LA,
37468,24819,141933,EMEA,
37469,24819,141933,AP,
37470,24967,142553,EMEA,Adapazari
37471,24967,142553,EMEA,Izmit
37472,24967,142553,EMEA,South Africa
37473,24967,142553,EMEA,Melksham
37474,24967,142553,EMEA,Krusevac
37475,24987,142613,,
37476,25062,142831,,
37477,25139,143077,NA,
37478,25140,143078,NA,
37479,25141,143079,NA,
37480,25142,143080,NA,
37481,25143,143081,,
37482,25144,143082,,
37483,25145,143083,,
37484,25407,143765,,
37485,25761,144807,NA,
37486,25762,144808,NA,
37487,25763,144809,NA,
37488,25769,144834,,
37489,25854,145036,NA,
37490,25854,145036,LA,
37491,25854,145036,AP,
37492,25855,145037,NA,
37493,25855,145037,LA,
37494,25855,145037,AP,
37495,25856,145038,NA,
37496,25856,145038,LA,
37497,25856,145038,EMEA,
37498,25856,145038,AP,
37499,26253,145948,,
37500,24401,139879,NA,
37501,24401,139879,LA,
37502,24401,139879,AP,Nippon Giant
37503,24402,139881,,
37504,24779,141798,EMEA,
37505,25217,143288,EMEA,
37506,25218,143289,EMEA,
37507,25221,143292,EMEA,
37508,25248,143343,NA,
37509,25248,143343,LA,
37510,25249,143344,NA,
37511,25249,143344,LA,
37512,25524,144174,,
37513,25525,144175,,
37514,25526,144176,,
37515,25568,144285,,
37516,25570,144292,NA,
37517,25570,144292,LA,
37518,25570,144292,EMEA,
37519,25623,144462,Cooper Asia,
37520,25641,144572,NA,
37521,25641,144572,LA,
37522,25641,144572,EMEA,
37523,25641,144572,AP,
37524,25642,144573,NA,
37525,25642,144573,LA,
37526,25642,144573,EMEA,
37527,25642,144573,AP,
37528,25643,144574,,
37529,25655,144595,NA,
37530,25681,144664,,
37531,25682,144665,,
37532,25683,144666,,
37533,25684,144667,,
37534,25685,144668,,
37535,25686,144669,,
37536,25687,144670,,
37537,25688,144671,,
37538,24183,138055,AP,
37539,24201,138176,,
37540,24204,138180,,
37541,24205,138214,NA,ICM*A
37542,24207,138218,NA,
37543,24953,142468,NA,
37544,24953,142468,LA,
37545,24953,142468,EMEA,
37546,24953,142468,AP,
37547,24954,142469,EMEA,
37548,25171,143145,NA,
37549,25172,143146,NA,
37550,25173,143152,NA,
37551,25313,143485,,
37552,25442,143887,EMEA,
37553,25461,143941,NA,
37554,25480,143987,AP,
37555,25481,143994,,
37556,25893,145145,,
37557,25983,145381,,
37558,25984,145382,,
37559,25985,145384,,
37560,25986,145385,,
37561,25987,145386,,
37562,24623,141338,AP,
37563,24683,141537,NA,
37564,24684,141538,NA,
37565,24685,141539,NA,
37566,24735,141661,AP,Malaysia
37567,24735,141661,AP,Thailand
37568,24735,141661,AP,Nippon Giant
37569,24735,141661,AP,Ballabgarh
37570,24735,141661,AP,Aurangabad
37571,24735,141661,AP,Indonesia
37572,24827,141967,NA,
37573,24827,141967,LA,
37574,24827,141967,EMEA,
37575,24827,141967,AP,
37576,24960,142517,NA,
37577,24961,142518,NA,
37578,24963,142520,NA,
37579,24964,142521,NA,
37580,25025,142733,NA,
37581,25025,142733,LA,
37582,25025,142733,EMEA,Melksham
37583,25025,142733,AP,
37584,25026,142734,NA,
37585,25026,142734,LA,
37586,25026,142734,EMEA,Melksham
37587,25026,142734,AP,
37588,25026,142734,Cooper Americas,
37589,25026,142734,Cooper Europe,
37590,25026,142734,Cooper Asia,
37591,25029,142742,NA,
37592,25029,142742,LA,
37593,25029,142742,AP,Nippon Giant
37594,25039,142777,EMEA,
37595,25242,143336,,
37596,25243,143337,,
37597,25415,143787,NA,
37598,25416,143788,NA,
37599,25417,143789,NA,
37600,25418,143790,NA,
37601,25470,143960,NA,
37602,25471,143961,NA,
37603,25472,143962,NA,
37604,25472,143962,LA,
37605,25472,143962,EMEA,
37606,25472,143962,AP,
37607,25512,144144,NA,
37608,25512,144144,LA,
37609,25512,144144,EMEA,
37610,25512,144144,AP,
37611,25513,144145,,
37612,25695,144695,,
37613,24427,140041,,
37614,24428,140042,NA,
37615,24595,141178,,
37616,24813,141920,,
37617,24815,141922,NA,
37618,24817,141929,EMEA,
37619,24859,142094,NA,
37620,24859,142094,AP,
37621,25148,143090,EMEA,
37622,25149,143091,EMEA,
37623,25150,143092,EMEA,
37624,25703,144705,NA,
37625,25703,144705,EMEA,
37626,25772,144836,,
37627,26151,145754,NA,
37628,26151,145754,EMEA,
37629,26191,145838,NA,
37630,26192,145839,NA,
37631,26193,145840,NA,
37632,26194,145841,NA,
37633,26195,145842,NA,
37634,26196,145843,NA,
37635,26197,145844,NA,
37636,26198,145845,NA,
37637,26199,145846,NA,
37638,26254,145949,,
37639,26255,145951,,
37640,26259,145953,EMEA,
37641,26261,145954,NA,
37642,26261,145954,LA,
37643,26293,146030,NA,
37644,26293,146030,LA,
37645,26321,146074,,
37646,26343,146107,LA,
37647,26344,146108,LA,
37648,24203,138178,NA,
37649,24206,138216,,
37650,24225,138419,NA,
37651,24226,138420,EMEA,
37652,24229,138461,,
37653,24230,138462,,
37654,24231,138463,,
37655,24233,138492,,
37656,24235,138495,,
37657,24259,138781,NA,
37658,24259,138781,LA,
37659,24259,138781,EMEA,
37660,24259,138781,AP,
37661,24266,138816,AP,
37662,24269,138819,NA,
37663,24269,138819,LA,
37664,24269,138819,EMEA,
37665,24269,138819,AP,
37666,24443,140155,EMEA,
37667,24553,140959,NA,
37668,25115,143024,NA,
37669,25115,143024,LA,
37670,25115,143024,EMEA,
37671,25115,143024,AP,
37672,25117,143029,EMEA,
37673,25118,143030,EMEA,
37674,25119,143031,EMEA,
37675,25120,143032,LA,
37676,25121,143033,,
37677,25122,143035,NA,
37678,25251,143352,NA,
37679,25251,143352,LA,
37680,25251,143352,EMEA,
37681,25251,143352,AP,
37682,25253,143354,NA,
37683,25254,143355,,
37684,25255,143356,,
37685,25371,143656,NA,
37686,25371,143656,EMEA,
37687,25697,144699,,
37688,25698,144700,NA,
37689,25698,144700,LA,
37690,25698,144700,EMEA,
37691,25698,144700,AP,
37692,24154,137659,AP,
37693,24155,137660,NA,
37694,24387,139598,NA,
37695,24387,139598,LA,
37696,24387,139598,EMEA,Adapazari
37699,24387,139598,EMEA,Izmit
37702,24387,139598,EMEA,South Africa
37705,24387,139598,EMEA,Krusevac
37706,24515,140770,NA,
37707,24515,140770,LA,
37708,24515,140770,EMEA,
37709,24515,140770,AP,
37710,24516,140771,NA,
37711,24516,140771,LA,
37712,24516,140771,EMEA,
37713,24516,140771,AP,
37714,24517,140772,,
37715,24518,140773,,
37716,24519,140774,,
37717,24687,141548,NA,
37718,24688,141549,NA,
37719,24755,141710,AP,
37720,24955,142500,NA,
37721,24956,142502,NA,
37722,25103,142982,NA,
37723,25211,143261,NA,
37724,25211,143261,EMEA,
37725,25274,143385,,
37726,25276,143387,,
37727,25277,143388,,
37728,25279,143391,,
37729,25280,143392,,
37730,25282,143400,,
37731,25284,143402,,
37732,25286,143404,,
37733,25292,143423,NA,
37734,25293,143424,,
37735,25294,143425,,
37736,25307,143460,,
37737,25401,143753,,
37738,26021,145489,NA,
37739,26023,145493,EMEA,
37740,26171,145799,,
37741,26269,145970,,
37742,26271,145972,,
37743,24521,140775,NA,
37744,24522,140776,NA,
37745,24523,140777,NA,
37746,24524,140778,NA,
37747,24525,140779,NA,
37748,24526,140780,NA,
37749,24527,140781,NA,
37750,24528,140782,NA,
37751,24619,141298,,
37752,24665,141498,NA,
37753,24665,141498,LA,
37754,24665,141498,EMEA,
37755,24665,141498,AP,
37756,25572,144299,,
37757,25659,144614,LA,
37758,25699,144701,,
37759,25700,144702,NA,
37760,25700,144702,LA,
37761,25700,144702,EMEA,
37762,25700,144702,AP,
37763,25701,144703,NA,
37764,25701,144703,LA,
37765,25701,144703,EMEA,
37766,25701,144703,AP,
37767,25701,144703,Cooper Americas,
37768,25701,144703,Cooper Europe,
37769,25701,144703,Cooper Asia,
37770,25702,144704,,
37771,25709,144720,,
37772,25710,144721,,
37773,25729,144763,Cooper Americas,
37774,25731,144770,,
37775,25732,144771,,
37776,25733,144772,NA,
37777,25733,144772,LA,
37778,25733,144772,EMEA,
37779,25733,144772,AP,
37780,25734,144773,NA,
37781,25734,144773,LA,
37782,25734,144773,EMEA,
37783,25734,144773,AP,
37784,24535,140887,,
37785,24624,141340,NA,
37786,24625,141341,NA,
37787,24626,141342,NA,
37788,24627,141343,NA,
37789,24628,141344,NA,
37790,24629,141345,NA,
37791,24630,141346,NA,
37792,24631,141347,NA,
37793,24632,141348,NA,
37794,24776,141766,,
37795,25014,142708,NA,
37796,25014,142708,LA,
37797,25021,142729,EMEA,
37798,25022,142730,,
37799,25023,142731,,
37800,25024,142732,NA,
37801,25024,142732,LA,
37802,25024,142732,EMEA,Melksham
37803,25024,142732,AP,
37804,25095,142957,,
37805,25311,143470,NA,
37806,25311,143470,LA,
37807,25402,143754,EMEA,
37808,25403,143755,EMEA,
37809,25405,143756,NA,
37810,25405,143756,LA,
37811,25405,143756,EMEA,
37812,25405,143756,AP,
37813,25627,144502,LA,
37814,25781,144875,,
37815,25794,144901,,
37816,25825,144974,,
37817,25826,144975,NA,
37818,25826,144975,LA,
37819,25826,144975,AP,Nippon Giant
37820,25929,145262,,
37821,25930,145263,,
37822,25032,142759,,
37823,25059,142821,NA,
37824,25059,142821,LA,
37825,25059,142821,EMEA,
37826,25059,142821,AP,
37827,25735,144774,NA,
37828,25735,144774,LA,
37829,25735,144774,EMEA,
37830,25735,144774,AP,
37831,25736,144775,NA,
37832,25736,144775,LA,
37833,25737,144776,,
37834,25749,144795,NA,
37835,25749,144795,LA,
37836,25749,144795,EMEA,
37837,25749,144795,AP,
37838,25791,144896,,
37839,25841,145014,,
37840,25842,145015,,
37841,25843,145016,,
37842,25857,145039,NA,
37843,25857,145039,LA,
37844,25857,145039,EMEA,
37845,25857,145039,AP,
37846,25858,145040,NA,
37847,25858,145040,LA,
37848,25858,145040,EMEA,
37849,25858,145040,AP,
37850,25859,145041,,
37851,25889,145139,NA,
37852,25890,145140,NA,
37853,25891,145141,NA,
37854,25926,145250,EMEA,Melksham
37855,25938,145291,EMEA,
37856,26075,145603,AP,
37857,26076,145604,AP,
37858,26120,145687,,
37859,26121,145688,,
37860,26123,145691,,
37861,26125,145695,,
37862,24159,137787,NA,
37863,24160,137788,NA,
37864,24161,137789,,
37865,24162,137790,,
37866,24163,137791,,
37867,24164,137792,,
37868,24165,137793,,
37869,24166,137794,,
37870,24279,138887,,
37871,24715,141581,,
37872,24897,142245,NA,
37873,24901,142250,,
37874,24941,142413,NA,
37875,24941,142413,LA,
37876,24941,142413,EMEA,Adapazari
37877,24941,142413,AP,
37880,24941,142413,EMEA,Izmit
37884,24941,142413,EMEA,Melksham
37886,24942,142414,NA,
37887,24942,142414,LA,
37888,24942,142414,EMEA,Adapazari
37889,24942,142414,AP,
37892,24942,142414,EMEA,Izmit
37896,24942,142414,EMEA,Melksham
37898,25245,143341,,
37899,25259,143365,NA,
37900,25259,143365,LA,
37901,25259,143365,EMEA,
37902,25259,143365,AP,
37903,25676,144645,,
37904,25677,144646,,
37905,25907,145192,,
37906,25931,145265,,
37907,25951,145323,,
37908,25952,145324,,
37909,25953,145328,NA,
37910,25953,145328,LA,
37911,25953,145328,AP,
37912,25958,145340,NA,
37913,25959,145341,NA,
37914,25960,145342,NA,
37915,25961,145343,NA,
37916,25963,145353,NA,
37917,26019,145480,,
37918,26020,145481,,
37919,24282,138912,NA,
37920,24282,138912,LA,
37921,24282,138912,EMEA,
37922,24282,138912,AP,
37923,24599,141195,NA,
37924,24599,141195,LA,
37925,24599,141195,EMEA,
37926,24599,141195,AP,
37927,24600,141196,,
37928,24601,141197,NA,
37929,24601,141197,LA,
37930,25385,143711,NA,
37931,25635,144545,NA,
37932,25635,144545,LA,
37933,25635,144545,EMEA,
37934,25635,144545,AP,
37935,25637,144546,EMEA,Debica
37936,25637,144546,EMEA,Philippsburg
37937,25637,144546,EMEA,Adapazari
37938,25637,144546,EMEA,Sava
37939,25637,144546,EMEA,Izmit
37940,25637,144546,EMEA,Fulda
37941,25637,144546,EMEA,South Africa
37942,25637,144546,EMEA,Amiens South
37943,25637,144546,EMEA,Montlucon
37944,25637,144546,EMEA,Hanau
37945,25637,144546,EMEA,Wittlich
37946,25637,144546,EMEA,Fuerstenwalde
37947,25637,144546,EMEA,Riesa
37948,25637,144546,EMEA,Polymer-Technik Elbe GmbH
37949,25637,144546,EMEA,ICM*L
37950,25637,144546,EMEA,RCCE
37951,25637,144546,EMEA,Conbelts Bytom-SAEU
37952,25637,144546,EMEA,DRC Kauucuk
37953,25637,144546,EMEA,Empresa Industrial de Borracha SA-EIB
37954,25637,144546,EMEA,FTT Stomil Wolbrom SA
37955,25637,144546,EMEA,Geyer and Hosaja-Zak-ADY Gumowe w Mielcu-Sp. Zo.o
37956,25637,144546,EMEA,Hexpol - Berwin
37957,25637,144546,EMEA,Kabat Tyre
37958,25637,144546,EMEA,Kolsan
37959,25637,144546,EMEA,Kraiburg Austria GmbH and Co. KG
37960,25637,144546,EMEA,Marangoni S.p.A Rovereto
37961,25637,144546,EMEA,Marangoni S.p.A Hamburg
37962,25637,144546,EMEA,Matrax s.r.o.
37963,25637,144546,EMEA,Multiblend
37964,25637,144546,EMEA,Omya Uk Limited-Masterbatches
37965,25637,144546,EMEA,Ozka Lastik ve Kaucuk Inc.
37966,25637,144546,EMEA,Peintures Robin S.A-Paints /Cements
37967,25637,144546,EMEA,Phoenix Compound Technology Hamburg
37968,25637,144546,EMEA,Phoenix Compound Technology Waltershausen
37969,25637,144546,EMEA,ProPS s.r.o.
37970,25637,144546,EMEA,S and N Rubber¿
37971,25637,144546,EMEA,Socamont-S.A.
37972,25637,144546,EMEA,Stomil Poznan
37973,25637,144546,EMEA,Tecnogum
37974,25637,144546,EMEA,Vil Kaucuk San.ve Tic. Ltd Sti
37975,25637,144546,EMEA,Zaklady Chemiczne BOCHEM Sp. z o.o
37976,25637,144546,EMEA,Dudelange
37977,25637,144546,EMEA,Melksham
37978,25637,144546,EMEA,Krusevac
37979,25774,144838,,
37980,25775,144839,,
37981,25776,144841,,
37982,25829,144978,,
37983,25911,145201,,
37984,26157,145760,NA,
37985,26157,145760,LA,
37986,26157,145760,EMEA,
37987,26157,145760,AP,
37988,26157,145760,Cooper Americas,
37989,26157,145760,Cooper Europe,
37990,26157,145760,Cooper Asia,
37991,26167,145786,,
37992,26173,145803,,
37993,26174,145804,,
37994,26175,145807,AP,
37995,26177,145810,NA,
37996,26177,145810,LA,
37997,26177,145810,EMEA,Melksham
37998,26177,145810,AP,
37999,26181,145823,,
38000,26182,145827,NA,
38001,26182,145827,LA,
38002,26182,145827,EMEA,
38003,26182,145827,AP,
38004,26183,145829,EMEA,
38005,24324,139266,,
38006,24325,139267,,
38007,24326,139268,,
38008,24385,139594,NA,
38009,24385,139594,LA,
38010,24385,139594,EMEA,
38011,24385,139594,AP,
38012,24386,139596,NA,
38013,24386,139596,LA,
38014,24386,139596,EMEA,
38015,24386,139596,AP,
38016,24389,139621,EMEA,
38017,24390,139622,EMEA,
38018,25063,142834,EMEA,
38019,25657,144610,NA,
38020,25657,144610,LA,
38021,25657,144610,EMEA,
38022,25657,144610,AP,
38023,25671,144636,,
38024,25954,145329,NA,
38025,25954,145329,LA,
38026,25954,145329,EMEA,
38027,25954,145329,AP,
38028,25955,145330,NA,
38029,25955,145330,LA,
38030,25955,145330,AP,
38031,26155,145758,,
38032,26272,145975,,
38033,26353,146123,AP,Thailand
38034,26353,146123,AP,Nippon Giant
38035,26353,146123,AP,Indonesia
38036,26355,146125,NA,
38037,26355,146125,LA,
38038,26355,146125,EMEA,
38039,26355,146125,AP,
38040,26356,146126,NA,
38041,26356,146126,LA,
38042,26356,146126,EMEA,
38043,26356,146126,AP,
38044,26359,146130,,
38045,26361,146132,,
38046,26363,146133,,
38047,26365,146136,NA,
38048,26365,146136,LA,
38049,26365,146136,EMEA,
38050,26365,146136,AP,
38051,26367,146151,NA,
38052,26368,146152,NA,
38053,26369,146153,NA,
38054,26370,146154,NA,
38055,26371,146155,NA,
38056,26372,146156,NA,
38057,26373,146157,NA,
38058,26374,146158,NA,
38059,26375,146159,NA,
38060,24147,137607,AP,
38061,24148,137608,AP,
38062,24149,137609,AP,
38063,24150,137610,AP,
38064,24151,137611,AP,
38065,24709,141570,,
38066,24711,141572,,
38067,24923,142329,EMEA,Adapazari
38068,24923,142329,EMEA,Izmit
38069,24923,142329,EMEA,South Africa
38070,24923,142329,EMEA,Melksham
38071,24923,142329,EMEA,Krusevac
38072,25136,143068,NA,
38073,25137,143069,NA,
38074,25137,143069,LA,
38075,25377,143680,NA,
38076,25377,143680,LA,
38077,25377,143680,AP,
38078,25378,143681,,
38079,25379,143682,,
38080,25391,143724,,
38081,25394,143735,,
38082,25705,144709,NA,Medicine Hat
38083,25705,144709,NA,Napanee
38084,25705,144709,NA,Valleyfield
38085,25705,144709,NA,Chile
38086,25705,144709,NA,San Luis Potosi
38087,25707,144718,,
38088,25708,144719,,
38089,25864,145075,,
38090,25865,145076,,
38091,25867,145084,NA,Chile
38092,25989,145395,NA,
38093,25989,145395,LA,
38094,25989,145395,EMEA,
38095,25989,145395,AP,
38096,25990,145396,NA,
38097,25990,145396,LA,
38098,25990,145396,EMEA,
38099,25990,145396,AP,
38100,26033,145525,,
38101,26034,145526,,
38102,24270,138820,,
38103,24272,138849,NA,
38104,24275,138852,NA,
38105,24276,138853,NA,
38106,24277,138854,EMEA,
38107,24278,138855,EMEA,
38108,24395,139652,,
38109,24396,139653,NA,
38110,24741,141681,EMEA,
38111,24742,141682,EMEA,
38112,24746,141693,NA,
38113,24747,141694,NA,
38114,25064,142835,NA,
38115,25065,142836,NA,
38116,25342,143557,NA,
38117,25344,143559,NA,
38118,25387,143720,EMEA,
38119,25388,143721,EMEA,
38120,25823,144968,,
38121,26405,146192,EMEA,
38122,26406,146193,EMEA,
38123,26431,146223,NA,
38124,26432,146224,NA,
38125,26433,146225,NA,
38126,26434,146226,NA,
38127,26435,146227,NA,
38128,26473,146290,AP,
38129,26474,146291,NA,
38130,26474,146291,LA,
38131,26474,146291,EMEA,
38132,26474,146291,AP,
38133,26477,146296,NA,
38134,26497,146320,NA,
38135,26497,146320,LA,
38136,26497,146320,AP,
38137,26521,146348,,
38138,26522,146349,,
38139,24281,138911,EMEA,
38140,24297,139030,,
38141,24811,141917,,
38142,25073,142882,,
38143,25189,143186,,
38144,25269,143380,,
38145,25444,143889,,
38146,25445,143890,,
38147,25746,144792,NA,
38148,25746,144792,LA,
38149,25746,144792,EMEA,
38150,25746,144792,AP,
38151,25747,144793,NA,
38152,25747,144793,LA,
38153,25747,144793,EMEA,
38154,25747,144793,AP,
38155,25748,144794,NA,
38156,25748,144794,LA,
38157,25748,144794,EMEA,
38158,25748,144794,AP,
38159,25751,144797,NA,
38160,25751,144797,LA,
38161,25751,144797,EMEA,
38162,25751,144797,AP,
38163,25753,144799,NA,
38164,25753,144799,LA,
38165,25753,144799,EMEA,
38166,25753,144799,AP,
38167,25933,145280,NA,
38168,25933,145280,LA,
38169,25933,145280,EMEA,
38170,25933,145280,AP,
38171,26035,145527,,
38172,26037,145533,,
38173,26185,145831,,
38174,26225,145898,NA,
38175,26225,145898,LA,
38176,26225,145898,AP,
38177,26229,145904,,
38178,26230,145911,,
38179,26231,145912,NA,Medicine Hat
38180,26231,145912,LA,
38181,26231,145912,EMEA,
38182,26231,145912,AP,
38183,26231,145912,NA,Napanee
38187,26231,145912,NA,Valleyfield
38191,26231,145912,NA,
38193,26231,145912,EMEA,Melksham
38195,26232,145913,AP,Nippon Giant
38196,26233,145914,,
38197,26245,145938,,
