MATERIAL_GROUP,REVISION_NO,MATERIAL_CODE,MATERIAL_DESC,IS_ACTIVE,SUPPLIER_NAME,PLANT_NAME,CITY,STATE,COUNTRY_NAME,TRADENAME,A_NAME,A_PLANT_NAME,A_CITY,A_STATE,A_COUNTRY_NAME,AGENT_BUILD_BREAK,EXP_CODE,APPROVAL_PROCESS_NAME,CONSOLIDATED_EX_CODE,PGM_ID,PGM_REASON,REQUESTED_BY,ASSIGNED_TO,SUP_STATUS,AGENT_STATUS,SOS_APPROVAL_REGION,APPROVAL_PLANTS,AGENT_APPROVAL_REGION,AGENT_APPROVAL_PLANTS,RESTRICTED_PLANTS,sis_Supplier,sis_Plant,City MIS_x,sis_SIS_Plant_code,Supplier Opcenter_x,Plant Opcenter_x,Plant city_x,Plant state_x,Plant country_x,Active_x,sis_Agent,sis_A_Plant,City MIS_y,sis_Agent_Plant_code,Supplier Opcenter_y,Plant Opcenter_y,Plant city_y,Plant state_y,Plant country_y,Active_y
REINFORCEMENT,1,RFS04T,"1100 DECITEX (990 DENIER) HMLS POLYESTER
	",Y,HYOSUNG CORPORATION,DONG NAI,Dong Nai,Others,Vietnam,HSP-40,,,,,,,Y00025,NEW SOURCE,,31.0,Cost Savings,Gary Platz,Michael Putinski,Y,,"AP, LA, NA",,,,,HYOSUNG CORPORATION,"Dong Nai, Vietnam",Dong Nai,JPK,HYOSUNG CORPORATION,DONG NAI,DONG NAI,OTHERS,VIETNAM,Yes,,,,,,,,,,
REINFORCEMENT,1,RFS01Q,1100 DECITEX AA HMLS POLYESTER,Y,HYOSUNG CORPORATION,DONG NAI,Dong Nai,Others,Vietnam,HSP-40,,,,,,,Y00028,NEW SOURCE,,605.0,Cost Savings,Gary Platz,Michael Putinski,Y,,"AP, EMEA, LA, NA",,,,,HYOSUNG CORPORATION,"Dong Nai, Vietnam",Dong Nai,JPK,HYOSUNG CORPORATION,DONG NAI,DONG NAI,OTHERS,VIETNAM,Yes,,,,,,,,,,
REINFORCEMENT,1,RFEP,7X(3+9+15X.245)+1 HT,N,KAM - STEEL CORD,CHANGWON,Changwon,Others,South Korea,F501EP,,,,,,,S00002,NEW SOURCE,,643.0,"Flexibility, Cost",Rob Wyszynski,Rob Wyszynski,N,,"AP, NA","Nippon Giant, Topeka",,,"Nippon Giant, Topeka",KAM - Steel Cord,"Changwon, South Korea (S)",Changwon,,KAM - STEEL CORD,CHANGWON,CHANGWON,OTHERS,SOUTH KOREA,No,,,,,,,,,,
REINFORCEMENT,1,RFS04TH28HA,1100 DECITEX HMLS POLYESTER,N,HYOSUNG CORPORATION,DONG NAI,Dong Nai,Others,Vietnam,HSP-40,,,,,,,Y00026,NEW SOURCE,,32.0,Cost Savings,Gary Platz,Michael Putinski,N,,NA,,,,,HYOSUNG CORPORATION,"Dong Nai, Vietnam",Dong Nai,JPK,HYOSUNG CORPORATION,DONG NAI,DONG NAI,OTHERS,VIETNAM,Yes,,,,,,,,,,
REINFORCEMENT,1,RFS06T,2200 DECITEX HMLS POLYESTER,Y,HYOSUNG CORPORATION,DONG NAI,Dong Nai,Others,Vietnam,HSP-40,,,,,,,Y00027,NEW SOURCE,,33.0,Cost Savings,Maureen DeSanzo,Michael Putinski,Y,,NA,,,,,HYOSUNG CORPORATION,"Dong Nai, Vietnam",Dong Nai,JPK,HYOSUNG CORPORATION,DONG NAI,DONG NAI,OTHERS,VIETNAM,Yes,,,,,,,,,,
REINFORCEMENT,1,RFKARENTEST1,test spec,N,HYOSUNG CORPORATION,DECATUR,Decatur,AL,USA,KARENTEST,,,,,,,Q00001,NEW MATERIAL,,531.0,to write help screens,Karen Manbeck,Karen Manbeck,N,,NA,,,,,HYOSUNG CORPORATION,"Decatur, AL, USA",Decatur,AIT,HYOSUNG CORPORATION,DECATUR,DECATUR,AL,USA,Yes,,,,,,,,,,
REINFORCEMENT,1,RFRY28SL,Rayon 1840/1/2 10.4/10.4 TPI 28 EPI SL,Y,SHRIRAM RAYON,KOTA,KOTA,Others,India,I06RY28SL,,,,,,,GTC1192SL,NEW SOURCE,,544.0,Cost Savings & Regional Source,Julia Tahon,Julie Vanderhaeghen,Y,,"AP, EMEA",,,,,SHRIRAM RAYON,"KOTA, RAJASTHAN, INDIA",KOTA,BVS,SHRIRAM RAYON,KOTA,KOTA,OTHERS,INDIA,Yes,,,,,,,,,,
REINFORCEMENT,1,RFS02T,1670 DECITEX HMLS POLYESTER,Y,HYOSUNG CORPORATION,DONG NAI,Dong Nai,Others,Vietnam,HSP-40,,,,,,,Y00024,NEW SOURCE,,21.0,Cost Savings,Gary Platz,Michael Putinski,Y,,NA,,,,,HYOSUNG CORPORATION,"Dong Nai, Vietnam",Dong Nai,JPK,HYOSUNG CORPORATION,DONG NAI,DONG NAI,OTHERS,VIETNAM,Yes,,,,,,,,,,
REINFORCEMENT,1,RFS04Q,1670 DECITEX AA-HMLS POLYESTER,N,HYOSUNG CORPORATION,DONG NAI,Dong Nai,Others,Vietnam,D793,,,,,,,Y00029,NEW SOURCE,,606.0,Cost Savings - Hysoung Vietnam Approval,Maureen DeSanzo,Michael Putinski,N,,NA,,,,,HYOSUNG CORPORATION,"Dong Nai, Vietnam",Dong Nai,JPK,HYOSUNG CORPORATION,DONG NAI,DONG NAI,OTHERS,VIETNAM,Yes,,,,,,,,,,
REINFORCEMENT,1,RFI16L,1400 DECITEX NYLON 6,Y,SRF,MANALI,MANALI,Others,India,C 781 S1,,,,,,,Y00038,NEW SOURCE,,1581.0,Supply Flexibility, ,Ken Kot,Y,,AP,,,,,SRF,"MANALI, CHENNAI, INDIA",MANALI,JDD,SRF,MANALI,MANALI,OTHERS,INDIA,Yes,,,,,,,,,,
REINFORCEMENT,1,RFTU32HF,"HMLS POLYESTER 1440/1/2, 9x9TPI, 32EPI HF",N,HYOSUNG CORPORATION,DONG NAI,Dong Nai,Others,Vietnam,TU32HF,,,,,,,GTC3592HF,NEW SOURCE,,1204.0,Cost Savings, ,Julie Vanderhaeghen,N,,"AP, EMEA, LA, NA",,,,,HYOSUNG CORPORATION,"Dong Nai, Vietnam",Dong Nai,JPK,HYOSUNG CORPORATION,DONG NAI,DONG NAI,OTHERS,VIETNAM,Yes,,,,,,,,,,
REINFORCEMENT,1,RFS01QC28PF,AA HMLS POLYESTER 1100/1/2 12X12 TPI 28EPI PF,N,HYOSUNG CORPORATION,DONG NAI,Dong Nai,Others,Vietnam,S01QC28PF,,,,,,,GTC3560PF,NEW SOURCE,,1202.0,Cost Savings,Michael Putinski,Julie Vanderhaeghen,N,,EMEA,,,,,HYOSUNG CORPORATION,"Dong Nai, Vietnam",Dong Nai,JPK,HYOSUNG CORPORATION,DONG NAI,DONG NAI,OTHERS,VIETNAM,Yes,,,,,,,,,,
REINFORCEMENT,1,RFEE,5/8/14X.265+1ST,N,PIRELLI,SUMARE,Sumare,Others,Brazil,P401EE,,,,,,,S00005,NEW SOURCE,,1243.0,Second Source, ,Jim Kish,N,,"AP, EMEA, LA, NA",,,,,PIRELLI,"Sumare, SP, Brazil",Sumare,,PIRELLI,SUMARE,SUMARE,OTHERS,BRAZIL,No,,,,,,,,,,
REINFORCEMENT,1,RFRY28SB,"1840/2, 10.4 x 10.4 TPI, 28 EPI, SB",N,INDORAMA VENTURES MOBILITY,PIZZIGHETTONE,Pizzighettone,Others,Italy,RY28SB,,,,,,,GTC1196SB,NEW SOURCE,,2276.0,Security of Supply,Maureen DeSanzo,Yves Donckels,N,,EMEA,,,,,INDORAMA VENTURES MOBILITY CREMONA (Sicrem),Pizzighettone,Pizzighettone,BVQ,INDORAMA VENTURES MOBILITY,PIZZIGHETTONE,PIZZIGHETTONE,OTHERS,ITALY,Yes,,,,,,,,,,
REINFORCEMENT,1,RFK32T,1440 Decitex (1300 Denier) HMLS PET Yarn - HSP-40 from Hyosung Ulsan,Y,HYOSUNG CORPORATION,ULSAN,Ulsan,Others,South Korea,HSP-40,,,,,,,Y00005,NEW MATERIAL,,3103.0,"Second Source of 1440 Polyester Yarn from Hyosung Korea for security of supply.  AA is already approved, this is non-AA",Doug Till,Doug Till,Y,,NA,,,,,HYOSUNG CORPORATION,"Ulsan, South Korea",Ulsan,JAJ,HYOSUNG CORPORATION,ULSAN,ULSAN,OTHERS,SOUTH KOREA,Yes,,,,,,,,,,
REINFORCEMENT,1,RFE09A,ARAMID 1670 dtex,Y,DUPONT,MAYDOWN,Maydown,Others,Ireland,950,,,,,,,GYD3348,NEW MATERIAL,,3421.0,New yarn approval, ,Marie Chaidron,Y,,"AP, EMEA",,,,,DUPONT,Maydown,Maydown,,DUPONT,MAYDOWN,MAYDOWN,OTHERS,IRELAND,Yes,,,,,,,,,,
REINFORCEMENT,1,RFQ09R,Rayon 1220 dtex,Y,INDORAMA VENTURES MOBILITY,LOVOSICE,Lovosice,Others,Czech Republic,Rayon 1220 dtex super II,,,,,,,GYD3401,NEW MATERIAL,,3464.0,Alternate sourcing, ,Marie Chaidron,Y,,"AP, EMEA",,,,,INDORAMA VENTURES MOBILITY (Glanzstoff),Lovosice,Lovosice,EDS,INDORAMA VENTURES MOBILITY,LOVOSICE,LOVOSICE,OTHERS,CZECH REPUBLIC,Yes,,,,,,,,,,
REINFORCEMENT,1,RFEM,4x2x.34 HE,N,PIRELLI,SUMARE,Sumare,Others,Brazil,P401EM,,,,,,,S00010,NEW SOURCE,,3841.0,FLEXIBILITY,Amin Abdul-Rahaman,Rob Wyszynski,N,,LA,,,,,PIRELLI,"Sumare, SP, Brazil",Sumare,,PIRELLI,SUMARE,SUMARE,OTHERS,BRAZIL,No,,,,,,,,,,
REINFORCEMENT,1,RFUW,2+2x.295 HT,N,JIANGSU XINGDA,XING HUA,Xing Hua,Others,China,UW,,,,,,,GL3028,NEW SOURCE,,3883.0,FLEXIBILITY,Gary Platz,Anthony Hardy,N,,"AP, EMEA",,,,,JIANGSU XINGDA,Xing Hua,Xing Hua,,JIANGSU XINGDA,XING HUA,XING HUA,OTHERS,CHINA,No,,,,,,,,,,
REINFORCEMENT,1,RFWP,2+2x.25 NT,N,JIANGSU XINGDA,XING HUA,Xing Hua,Others,China,Z101WP,,,,,,,GL3037,NEW SOURCE,,3885.0,FLEXIBILITY,Gary Platz,Anthony Hardy,N,,"AP, EMEA",,,,,JIANGSU XINGDA,Xing Hua,Xing Hua,,JIANGSU XINGDA,XING HUA,XING HUA,OTHERS,CHINA,No,,,,,,,,,,
REINFORCEMENT,1,RFUW,2+2x.295 HT,N,BEKAERT,PUNE INDIA,Pune India,Others,India,BF02UW,,,,,,,GL3030,NEW SOURCE,,3886.0,flexibility,Amin Abdul-Rahaman,Yann Duval,N,,"AP, EMEA",,,,,BEKAERT,Pune India,Pune India,,BEKAERT,PUNE INDIA,PUNE INDIA,OTHERS,INDIA,Yes,,,,,,,,,,
REINFORCEMENT,1,RFWL,2x.295 HT,N,BEKAERT,PUNE INDIA,Pune India,Others,India,BF02WL,,,,,,,GL3032,NEW SOURCE,,3887.0,Flexibility, ,Anthony Hardy,N,,"AP, EMEA",,,,,BEKAERT,Pune India,Pune India,,BEKAERT,PUNE INDIA,PUNE INDIA,OTHERS,INDIA,Yes,,,,,,,,,,
REINFORCEMENT,1,RFWP,2+2x.25 NT,N,KAM - STEEL CORD,SVENTGOTTHARD,SVENTGOTTHARD,Others,Hungary,FA01WP,,,,,,,GL3019,NEW SOURCE,,3888.0,Flexibility,Amin Abdul-Rahaman,Yann Duval,N,,EMEA,,,,,KAM - Steel Cord,"SVENTGOTTHARD, HUNGARY",SVENTGOTTHARD,,KAM - STEEL CORD,SVENTGOTTHARD,SVENTGOTTHARD,OTHERS,HUNGARY,No,,,,,,,,,,
REINFORCEMENT,1,RFJH,0.89MM BEAD WIRE - HIGH TENSILE,Y,KISWIRE,QINGDAO,Qingdao,Others,China,246JH,,,,,,,GL2061,NEW SOURCE,,3890.0,Flexibility, ,Anthony Hardy,Y,,AP,,,,,KISWIRE,Qingdao,Qingdao,JMA,KISWIRE,QINGDAO,QINGDAO,OTHERS,CHINA,No,,,,,,,,,,
REINFORCEMENT,1,RFWT,2+1X.28 NT,N,KAM - STEEL CORD,SVENTGOTTHARD,SVENTGOTTHARD,Others,Hungary,FA01WT,,,,,,,GL3020,NEW SOURCE,,3889.0,Flexibility, ,Anthony Hardy,N,,EMEA,,,,,KAM - Steel Cord,"SVENTGOTTHARD, HUNGARY",SVENTGOTTHARD,,KAM - STEEL CORD,SVENTGOTTHARD,SVENTGOTTHARD,OTHERS,HUNGARY,No,,,,,,,,,,
REINFORCEMENT,1,RFJH,0.89MM BEAD WIRE - HIGH TENSILE,N,TIANMAO,TIANMAO STEEL WIRE SELLING CO LTD,Shanghai,Others,China,371JH,,,,,,,GL2056,NEW SOURCE,,3891.0,Flexibility, ,Anthony Hardy,N,,"AP, EMEA, LA, NA",,,,,TIANMAO,TIANMAO STEEL WIRE SELLING CO LTD,Shanghai,,TIANMAO,TIANMAO STEEL WIRE SELLING CO LTD,SHANGHAI,OTHERS,CHINA,Yes,,,,,,,,,,
REINFORCEMENT,1,RFJH,0.89MM BEAD WIRE - HIGH TENSILE,Y,AARTI STEELS,LUDHIYANA,LUDHIYANA,Others,India,331JH,,,,,,,GL2075,NEW SOURCE,,3892.0,FLEXIBILITY,Amin Abdul-Rahaman,Yann Duval,Y,,"AP, EMEA",,,,,AARTI STEELS,"LUDHIYANA, INDIA",LUDHIYANA,JHJ,AARTI STEELS,LUDHIYANA,LUDHIYANA,OTHERS,INDIA,Yes,,,,,,,,,,
REINFORCEMENT,1,RFBH,"1.295MM BEAD WIRE - HIGH TENSILE 
(Cooper 9021/9906/9001)",Y,TATA,TARAPUR,TARAPUR,Others,India,192BH,,,,,,,GL2073,NEW SOURCE,,3893.0,Flexibility,Gary Platz,Anthony Hardy,Y,,AP,,,,,TATA,"TARAPUR, INDIA",TARAPUR,JGQ,TATA,TARAPUR,TARAPUR,OTHERS,INDIA,Yes,,,,,,,,,,
REINFORCEMENT,1,RFU09TM26HF/B,HMLS POLYESTER 2200/1/2 8.5X8.5 TPI 26EPI HF,N,DURAFIBER,KAIPING,Kaiping,Others,China,TM26HF,DURAFIBER,KAIPING,,Others,China,,GTC3552HF,NEW SOURCE,,2622.0,second source,Julia Tahon,Julie Vanderhaeghen,N,N,AP,,AP,,,Durafiber,"Kaiping, China",Kaiping,,DURAFIBER,KAIPING,KAIPING,OTHERS,CHINA,Yes,Durafiber,Kaiping,,,DURAFIBER,KAIPING,,OTHERS,CHINA,Yes
REINFORCEMENT,1,RFL17A,"ARAMID 1100 dtex, type 1025 (super endurance)",N,TEIJIN ARAMID,EERSTE BOKSLOOTWEG,Emmen,Others,Netherlands,1025,,,,,,,GYD3337,NEW MATERIAL,,3081.0,Alternate sourcing,Yves Donckels,Yves Donckels,N,,EMEA,,,,,Teijin Aramid,"Eerste Bokslootweg, Emmen, Netherlands",Emmen,,TEIJIN ARAMID,EERSTE BOKSLOOTWEG,EMMEN,OTHERS,NETHERLANDS,Yes,,,,,,,,,,
REINFORCEMENT,1,RFL01ANY3YA,"ARAMID, 1670/2, 8.9x8.9 TPI, 20.3 EPI, YA",N,HYOSUNG CORPORATION,LISA,LISA,Others,Luxembourg,E09ANY3YA,,,,,,,GTC4672YA/A,NEW SOURCE,,2401.0,Urgent need of second source (reference Textilcord dip unit issues in April),Maureen DeSanzo,Marie Chaidron,N,,EMEA,,,,,HYOSUNG CORPORATION,"LISA, LUXEMBOURG",LISA,AIG,HYOSUNG CORPORATION,LISA,LISA,OTHERS,LUXEMBOURG,Yes,,,,,,,,,,
REINFORCEMENT,1,RFQ10RY28SH/A,"1840/2, 10.4 x 10.4 TPI, 28 EPI, SH",N,INDORAMA VENTURES MOBILITY,LUXEMBOURG,Steinfort,Others,Luxembourg,Q10RY28SH,,,,,,,GTC1195SH,NEW SOURCE,,2561.0,Security of Supply,Maureen DeSanzo,Yves Donckels,N,,EMEA,,,,,INDORAMA VENTURES MOBILITY LUXEMBOURG (Textilcord),Luxembourg,Steinfort,EGN,INDORAMA VENTURES MOBILITY,LUXEMBOURG,STEINFORT,OTHERS,LUXEMBOURG,Yes,,,,,,,,,,
REINFORCEMENT,1,RFU02N_2,"1400 DECITEX NYLON 6,6",N,SHENMA INDUSTRIAL,PINGDINGSHAN - HENAN,Pingdingshan,Others,China,"NYLON 6,6",,,,,,,Y00006,REVISIONS,U02N_2,3344.0,new revision,Gary Platz,Karen Manbeck,N,,"AP, EMEA, LA",,,,,Shenma Industrial,"Pingdingshan, Henan, China",Pingdingshan,JFC,SHENMA INDUSTRIAL,PINGDINGSHAN - HENAN,HENAN,OTHERS,CHINA,Yes,,,,,,,,,,
REINFORCEMENT,1,RFJH,0.89MM BEAD WIRE - HIGH TENSILE,N,NATIONAL STANDARD,STILLWATER,,OK,USA,142JH,,,,,,,W00001,NEW SOURCE,,4404.0,Flexibility,Amin Abdul-Rahaman,Rob Wyszynski,N,,NA,,,,,NATIONAL STANDARD,Stillwater OK,,AKH,NATIONAL STANDARD,STILLWATER,STILLWATER,OK,USA,Yes,,,,,,,,,,
REINFORCEMENT,1,RFJH,0.89MM BEAD WIRE - HIGH TENSILE,N,BEKAERT,ROME,Rome,GA,USA,022JH,,,,,,,W00003,NEW SOURCE,,4405.0,Fexibility,Amin Abdul-Rahaman,Rob Wyszynski,N,,NA,,,,,BEKAERT,"Rome, GA, USA",Rome,AJJ,BEKAERT,ROME,ROME,GA,USA,Yes,,,,,,,,,,
REINFORCEMENT,1,RFRY28SC,RY28,N,CORDENKA,OBERNBURG,OBERNBURG,Others,Germany,RY28SC,,,,,,,GTC1205SC_A,NEW MATERIAL,,4186.0,Secure sourcing, ,Prawin Pandian,N,,"AP, EMEA, LA, NA",,,,,CORDENKA,"OBERNBURG, GERMANY",OBERNBURG,EHY,CORDENKA,OBERNBURG,OBERNBURG,OTHERS,GERMANY,Yes,,,,,,,,,,
REINFORCEMENT,1,RFFN,4+3x.35 UT,N,HYOSUNG CORPORATION,ASHEBORO,Asheboro,NC,USA,C201FN,,,,,,,S00022,NEW SOURCE,,5422.0,FLEXIBILITY, ,Rob Wyszynski,N,,NA,,,,,HYOSUNG CORPORATION,"Asheboro, NC, USA",Asheboro,,HYOSUNG CORPORATION,ASHEBORO,ASHEBORO,NC,USA,Yes,,,,,,,,,,
REINFORCEMENT,1,RFFN,4+3x.35 UT,Y,BMZ,PLUSCORD,Zhlobin,Others,Belarus,D201FN,,,,,,,GL3016,NEW SOURCE,,5343.0,FLEXIBILITY, ,Anthony Hardy,Y,,EMEA,,,,,BMZ,"PLUSCORD, Zhlobin, Belarus",Zhlobin,EGK,BMZ,PLUSCORD,ZHLOBIN,OTHERS,BELARUS,Yes,,,,,,,,,,
REINFORCEMENT,1,RFP101FN,4+3x.35 UT,N,PIRELLI,FIGLINE,FIGLINE,Others,Italy,P101FN,,,,,,,S00028,NEW SOURCE,,5423.0,FLEXIBILITY, ,Rob Wyszynski,N,,"EMEA, LA, NA",N501 - Danville,,,Danville,PIRELLI,"FIGLINE, ITALY",FIGLINE,,PIRELLI,FIGLINE,FIGLINE,OTHERS,ITALY,No,,,,,,,,,,
REINFORCEMENT,1,RFF06Q,1100 DECITEX AA-HMLS POLYESTER,Y,INDORAMA VENTURES MOBILITY,LONGLAVILLE,LONGLAVILLE,Others,France,N200/N141,,,,,,,GYD3394,NEW MATERIAL,,4041.0,Complete approval of N200/N141 (technical approval was granted some years ago but never completed due to finish deposit issues), ,Yves Donckels,Y,,EMEA,,,,,INDORAMA VENTURES MOBILITY (Performance Fibers),"LONGLAVILLE,  FRANCE",LONGLAVILLE,BSI,INDORAMA VENTURES MOBILITY,LONGLAVILLE,LONGLAVILLE,OTHERS,FRANCE,Yes,,,,,,,,,,
REINFORCEMENT,1,RFRN25SB,"RAYON, 1840/1/3, 9.1x9.1 TPI, 25 EPI SB",Y,INDORAMA VENTURES MOBILITY,PIZZIGHETTONE,Pizzighettone,Others,Italy,Q10RN25SB,,,,,,,GTC1204SB,NEW MATERIAL,,4681.0,Secure of supply, ,Yves Donckels,Y,,EMEA,,,,,INDORAMA VENTURES MOBILITY CREMONA (Sicrem),Pizzighettone,Pizzighettone,BVQ,INDORAMA VENTURES MOBILITY,PIZZIGHETTONE,PIZZIGHETTONE,OTHERS,ITALY,Yes,,,,,,,,,,
REINFORCEMENT,1,RFFP,1x.21/18x.185 UT,Y,KISWIRE,CHANGWON,Changwon,Others,South Korea,F501FP,,,,,,,S00030,NEW SOURCE,,5222.0,FLEXIBILITY, ,Jim Kish,Y,,NA,,,,,KISWIRE,"Changwon, South Korea",Changwon,ALB,KISWIRE,CHANGWON,CHANGWON,OTHERS,SOUTH KOREA,Yes,,,,,,,,,,
REINFORCEMENT,1,RFFN,4+3x.35 UT,Y,BEKAERT,IZMIT,"IZMIT, TURKEY",Others,Turkey,BA01FN,,,,,,,GL3025,NEW SOURCE,,5341.0,FLEXIBILITY, ,Anthony Hardy,Y,,"EMEA, LA, NA",,,,,BEKAERT,"IZMIT, TURKEY","IZMIT, TURKEY",APK,BEKAERT,IZMIT,"IZMIT, TURKEY",OTHERS,TURKEY,Yes,,,,,,,,,,
REINFORCEMENT,1,RFEM,4x2x.34 HE,N,BEKAERT,VESPASIANO,Vespasiano,MG,Brazil,B701EM,,,,,,,S00035,NEW SOURCE,,5421.0,FLEXIBILITY, ,Rob Wyszynski,N,,LA,,,,,BEKAERT,"Vespasiano, MG, Brazil",Vespasiano,AKY,BEKAERT,VESPASIANO,VESPASIANO,MG,BRAZIL,Yes,,,,,,,,,,
REINFORCEMENT,1,RF245JH,0.89MM BEAD WIRE - HIGH TENSILE,N,KISWIRE,BERHAD,Berhad,Others,Malaysia,241JH,,,,,,,W00002,NEW SOURCE,,4403.0,Flexibility,Amin Abdul-Rahaman,Rob Wyszynski,N,,NA,N505 - Fayetteville,,,Fayetteville,KISWIRE,BERHAD,Berhad,,KISWIRE,BERHAD,BERHAD,OTHERS,MALAYSIA,No,,,,,,,,,,
REINFORCEMENT,1,RFUW,2+2x.295 HT,N,PIRELLI,SUMARE,Sumare,Others,Brazil,P401UW,,,,,,,S00013,NEW SOURCE,,4408.0,Flexibility,Amin Abdul-Rahaman,Rob Wyszynski,N,,LA,,,,,PIRELLI,"Sumare, SP, Brazil",Sumare,,PIRELLI,SUMARE,SUMARE,OTHERS,BRAZIL,No,,,,,,,,,,
REINFORCEMENT,1,RFNC01KA,"NC SED, QA LASE spec",N,HYOSUNG CORPORATION,UTICA,Utica,NY,USA,NC SED,,,,,,,NS0001,NEW MATERIAL,,5122.0,source of SED NC code,Michael Putinski,Michael Putinski,N,,NA,,,,,HYOSUNG CORPORATION,"Utica, NY, USA",Utica,FHZ,HYOSUNG CORPORATION,UTICA,UTICA,NY,USA,Yes,,,,,,,,,,
REINFORCEMENT,1,RFWT,2+1X.28 NT,N,JIANGSU XINGDA,XING HUA,Xing Hua,Others,China,Z102WT,,,,,,,GL3036,NEW SOURCE,,4042.0,FLEXIBILITY, ,Anthony Hardy,N,,"AP, EMEA, LA, NA",,,,,JIANGSU XINGDA,Xing Hua,Xing Hua,,JIANGSU XINGDA,XING HUA,XING HUA,OTHERS,CHINA,No,,,,,,,,,,
REINFORCEMENT,1,RFUS,3+2x.35 ST,Y,KISWIRE,PASIR GUDANG,Pasir Gudang,Others,Malaysia,FC01US,,,,,,,GL3044,NEW SOURCE,,4381.0,FLEXIBILITY,Yann Duval,Anthony Hardy,Y,,AP,,,,,KISWIRE,"Pasir Gudang, JOH, Malaysia",Pasir Gudang,JAM,KISWIRE,PASIR GUDANG,PASIR GUDANG,OTHERS,MALAYSIA,Yes,,,,,,,,,,
REINFORCEMENT,1,RFJH,0.89MM BEAD WIRE - HIGH TENSILE,N,RAJRATAN GLOBAL WIRE,RAJRATAN THAIWIRE,Ratchaburi,Others,Thailand,382JH,,,,,,,GL2076,NEW SOURCE,,4382.0,Laboratory Approved doc 2009GIS008SGFO42831, ,Anthony Hardy,N,,AP,Malaysia,,,Malaysia,RAJRATAN GLOBAL WIRE,Rajratan ThaiwIRE,Ratchaburi,,RAJRATAN GLOBAL WIRE,RAJRATAN THAIWIRE,RATCHABURI,OTHERS,THAILAND,Yes,,,,,,,,,,
REINFORCEMENT,1,RFV05T,1440 DECITEX (1300 DENIER) NAA-HMLS POLYESTER,N,SHINKONG TAIWAN,TOULIU TAIWAN,Touliu,Others,Taiwan,VRA300,,,,,,,GYD3006,NEW MATERIAL,,4701.0,2nd source approval (local source) of TU32HF for Taiwan,Julia Tahon,Julie Vanderhaeghen,N,,"AP, EMEA",,,,,Shinkong Taiwan,Touliu Taiwan,Touliu,,SHINKONG TAIWAN,TOULIU TAIWAN,TOULIU,OTHERS,TAIWAN,Yes,,,,,,,,,,
REINFORCEMENT,1,RFFN,4+3x.35 UT,N,BEKAERT,FIGLINE,FIGLINE,Others,Italy,P101FN,,,,,,,GL3026,NEW SOURCE,,5342.0,FLEXIBILITY, ,Anthony Hardy,N,,"AP, EMEA, LA, NA",,,,,BEKAERT,"FIGLINE, ITALY",FIGLINE,EDR,BEKAERT,FIGLINE,FIGLINE,OTHERS,ITALY,Yes,,,,,,,,,,
REINFORCEMENT,1,RFF301FN,4+3x.35 UT,N,KAM - STEEL CORD,YANGSAN,Yangsan,Others,South Korea,F301FN,,,,,,,S00019,NEW SOURCE,,5424.0,Ultra Tensile, ,Rob Wyszynski,N,,"AP, EMEA, LA, NA",,,,,KAM - Steel Cord,"Yangsan, South Korea",Yangsan,,KAM - STEEL CORD,YANGSAN,YANGSAN,OTHERS,SOUTH KOREA,No,,,,,,,,,,
REINFORCEMENT,1,RFUM,3X.22/9X.20+1 HT,N,PIRELLI,SUMARE,Sumare,Others,Brazil,P401UM,,,,,,,S00011,NEW SOURCE,,4410.0,Flexibility,Rob Wyszynski,Rob Wyszynski,N,,LA,,,,,PIRELLI,"Sumare, SP, Brazil",Sumare,,PIRELLI,SUMARE,SUMARE,OTHERS,BRAZIL,No,,,,,,,,,,
REINFORCEMENT,1,RFCE01WA,1000d aramid/1260d nylon merged cord (code CE),N,DURAFIBER,KAIPING,,Others,China,CE01WA,,,,,,,HS0001,NEW MATERIAL,,5788.0,source of SED CE (1000d aramid/ 1260d nylon) cord,Michael Putinski,Michael Putinski,N,,NA,,,,,Durafiber,Kaiping,,,DURAFIBER,KAIPING,,OTHERS,CHINA,Yes,,,,,,,,,,
REINFORCEMENT,1,RFNC01QA,NCxxQA SED cord,N,DURAFIBER,KAIPING,,Others,China,NC01QA,,,,,,,NS0003,NEW MATERIAL,,5961.0,source of SED NC cord,Michael Putinski,Michael Putinski,N,,NA,,,,,Durafiber,Kaiping,,,DURAFIBER,KAIPING,,OTHERS,CHINA,Yes,,,,,,,,,,
REINFORCEMENT,1,RFWA,7X7X.25+1 HT,Y,BEKAERT,SHENYANG BSAP,Shenyang,Others,China,BL01WA,,,,,,,S00012,NEW SOURCE,,7021.0,Flexibility, ,Jim Kish,Y,,NA,,,,,BEKAERT,"Shenyang BSAP, China",Shenyang,JOH,BEKAERT,SHENYANG BSAP,SHENYANG,OTHERS,CHINA,Yes,,,,,,,,,,
REINFORCEMENT,1,RF091JH,0.89MM BEAD WIRE - HIGH TENSILE,Y,BEKAERT,BRAZIL,,Others,Brazil,091JH,,,,,,,GL2083,NEW SOURCE,,7901.0,Flexibility, ,Anthony Hardy,Y,,"AP, EMEA, LA, NA",,,,,Bekaert Brazil ¿ BBA,Brazil,,DAO,BEKAERT,BRAZIL,,OTHERS,BRAZIL,Yes,,,,,,,,,,
REINFORCEMENT,1,RFUZ,3+9X.25+1 HT,Y,JIAXING EASTERN,ZHEJIANG,Zhejiang,Others,China,Y101UZ,,,,,,,S00017,NEW SOURCE,,7904.0,Flexibility, ,Rob Wyszynski,Y,,"AP, EMEA, NA",,,,,JIAXING EASTERN,"Zhejiang, China",Zhejiang,JWJ,JIAXING EASTERN,ZHEJIANG,ZHEJIANG,OTHERS,CHINA,Yes,,,,,,,,,,
REINFORCEMENT,1,RFTQ20HA,"V00026: 1440/1/3 Non-AA HMLS PET, 8.5x8.5 tpi, 20 epi, HA - 4300C Adhesive Syste",Y,HYOSUNG CORPORATION,DONG NAI,Dong Nai,Others,Vietnam,S07TQ20HA,,,,,,,V00026,NEW MATERIAL,,7233.0,"Hyosung Vietnam Dip Unit Approval 1440/1/3 Non-AA HMLS PET, 8.5x8.5 tpi,20 epi,  HA - 4300C Adhesive",Doug Till,Doug Till,Y,,"EMEA, NA",,,,,HYOSUNG CORPORATION,"Dong Nai, Vietnam",Dong Nai,JPK,HYOSUNG CORPORATION,DONG NAI,DONG NAI,OTHERS,VIETNAM,Yes,,,,,,,,,,
REINFORCEMENT,1,RFTC22HA,"V00023:
1100/1/2 Non-AA HMLS PET, 12x12 tpi, 22, epi, HA - 4300C Adhesive Syste",N,HYOSUNG CORPORATION,DONG NAI,Dong Nai,Others,Vietnam,TC22HA,,,,,,,V00023,NEW MATERIAL,,7225.0,"Hyosung Vietnam Dip Unit Approval for 1100/1/2 Non-AA PET 12x12 tpi, HA - 4300C Adhesive",Doug Till,Doug Till,N,,"EMEA, NA",,,,,HYOSUNG CORPORATION,"Dong Nai, Vietnam",Dong Nai,JPK,HYOSUNG CORPORATION,DONG NAI,DONG NAI,OTHERS,VIETNAM,Yes,,,,,,,,,,
REINFORCEMENT,1,RFTH28HA,HMLS POLYESTER  1100/1/2 10 X 10 TPI 28EPI HA,N,HYOSUNG CORPORATION,DONG NAI,Dong Nai,Others,Vietnam,TH28HA,,,,,,,V00021,NEW SOURCE,,7227.0,"Hyosung Vietnam Dip Unit Approval 1100/1/2 Non-AA HMLS PET, 10x10 tpi, HA - 4300C Adhesive", ,Doug Till,N,,NA,,,,,HYOSUNG CORPORATION,"Dong Nai, Vietnam",Dong Nai,JPK,HYOSUNG CORPORATION,DONG NAI,DONG NAI,OTHERS,VIETNAM,Yes,,,,,,,,,,
REINFORCEMENT,1,RFU06L,1880dtex nylon6,Y,JUNMA,ZHANGJIAGANG,Zhangjiagang,Others,China,ID,,,,,,,Y00016,NEW MATERIAL,,7222.0,approve 1880 dtex nylon 6 from Junma,Derek Shuttleworth,Ken Kot,Y,,AP,,,,,Junma,Zhangjiagang,Zhangjiagang,JNC,JUNMA,ZHANGJIAGANG,ZHANGJIAGANG,OTHERS,CHINA,No,,,,,,,,,,
REINFORCEMENT,1,RFUW,2+2x.295 HT,N,JIANGSU XINGDA,XING HUA,Xing Hua,Others,China,Z102UW,,,,,,,S00008,NEW SOURCE,,7381.0,Low Cost, ,Rob Wyszynski,N,,"AP, EMEA, LA, NA",,,,,JIANGSU XINGDA,Xing Hua,Xing Hua,,JIANGSU XINGDA,XING HUA,XING HUA,OTHERS,CHINA,No,,,,,,,,,,
REINFORCEMENT,1,RFTM27HB,HMLS POLYESTER 2200/1/2  8.5X8.5 TPI 27EPI HB,N,HYOSUNG CORPORATION,DONG NAI,Dong Nai,Others,Vietnam,TM27,,,,,,,V00020,NEW SOURCE,,7228.0,"Hyosung Vietnam Dip Unit Approval 2200/1/2 Non-AA HMLS PET, 8x8 tpi, HB - 4300C Adhesive", ,Doug Till,N,,NA,,,,,HYOSUNG CORPORATION,"Dong Nai, Vietnam",Dong Nai,JPK,HYOSUNG CORPORATION,DONG NAI,DONG NAI,OTHERS,VIETNAM,Yes,,,,,,,,,,
REINFORCEMENT,1,RFFN,4+3x.35 UT,N,BEKAERT,PNEUS SA - BRAZIL (STEEL CORD),Sumare,Others,Brazil,BP01FN,,,,,,,S00014,NEW SOURCE,,7402.0,Flexibility, ,Rob Wyszynski,N,,LA,,,,,BEKAERT,BEKAERT PNEUS SA - BRAZIL (STEEL CORD PLANT),Sumare,DAS,BEKAERT,PNEUS SA - BRAZIL (STEEL CORD),SUMARE,OTHERS,BRAZIL,Yes,,,,,,,,,,
REINFORCEMENT,1,RFU08L,940dtex nylon6 yarn (see SIS for complete spec),Y,JUNMA,ZHANGJIAGANG,Zhangjiagang,Others,China,U08L,,,,,,,Y00015,NEW MATERIAL,,7221.0,approve Junma 940dtex nylon6,Derek Shuttleworth,Ken Kot,Y,,AP,,,,,Junma,Zhangjiagang,Zhangjiagang,JNC,JUNMA,ZHANGJIAGANG,ZHANGJIAGANG,OTHERS,CHINA,No,,,,,,,,,,
REINFORCEMENT,1,RFTY26HF,"V00024: 1670/1/2 Non-AA HMLS PET, 10x10 tpi, 26 epi, HF - 4300C Adhesive System",N,HYOSUNG CORPORATION,DONG NAI,Dong Nai,Others,Vietnam,TY26HF,,,,,,,V00024,NEW MATERIAL,,7230.0,"Hyosung Vietnam Dip Unit Approval 1670/1/2 Non-AA HMLS PET, 10x10 tpi, 26 epi, HF - 4300C Adhesive",Doug Till,Doug Till,N,,NA,,,,,HYOSUNG CORPORATION,"Dong Nai, Vietnam",Dong Nai,JPK,HYOSUNG CORPORATION,DONG NAI,DONG NAI,OTHERS,VIETNAM,Yes,,,,,,,,,,
REINFORCEMENT,1,RFP101FP,1x.21/18x.185 UT,N,PIRELLI,FIGLINE,FIGLINE,Others,Italy,P101FP,,,,,,,S00009,NEW SOURCE,,7401.0,Flexibility, ,Rob Wyszynski,N,,NA,N503 - Topeka,,,Topeka,PIRELLI,"FIGLINE, ITALY",FIGLINE,,PIRELLI,FIGLINE,FIGLINE,OTHERS,ITALY,No,,,,,,,,,,
REINFORCEMENT,1,RFU05L,2100dtex nylon6 yarn (see SIS for complete spec),Y,JUNMA,ZHANGJIAGANG,Zhangjiagang,Others,China,LP,,,,,,,Y00017,NEW MATERIAL,,7223.0,approve Junma 2100dtex nylon 6 yarn,Derek Shuttleworth,Ken Kot,Y,,AP,,,,,Junma,Zhangjiagang,Zhangjiagang,JNC,JUNMA,ZHANGJIAGANG,ZHANGJIAGANG,OTHERS,CHINA,No,,,,,,,,,,
REINFORCEMENT,1,RFFN,4+3x.35 UT,Y,BEKAERT,KARTEPE,Kartepe,Others,Turkey,BN01FN,,,,,,,GL3038,NEW SOURCE,,7641.0,Flexibility, ,Anthony Hardy,Y,,EMEA,,,,,BEKAERT,"KARTEPE, TURKEY",Kartepe,APP,BEKAERT,KARTEPE,KARTEPE,OTHERS,TURKEY,Yes,,,,,,,,,,
REINFORCEMENT,1,RFUN,3+9+15x.22+1x.15 HT,N,JIAXING EASTERN,ZHEJIANG,Zhejiang,Others,China,Y101UN,,,,,,,S00016,NEW SOURCE,,7903.0,Flexibility, ,Rob Wyszynski,N,,AP,,,,,JIAXING EASTERN,"Zhejiang, China",Zhejiang,JWJ,JIAXING EASTERN,ZHEJIANG,ZHEJIANG,OTHERS,CHINA,Yes,,,,,,,,,,
REINFORCEMENT,1,RFFN,4+3x.35 UT,N,BEKAERT,SLADKOVICOVO,SLADKOVICOVO,Others,Slovak Republic,BH01FN,,,,,,,GL3043,NEW SOURCE,,9322.0,Second Source, ,Anthony Hardy,N,,EMEA,,,,,BEKAERT,"SLADKOVICOVO, SLOVAK REPUBLIC",SLADKOVICOVO,EHK,BEKAERT,SLADKOVICOVO,SLADKOVICOVO,OTHERS,SLOVAK REPUBLIC,Yes,,,,,,,,,,
REINFORCEMENT,1,RFLP23JA,NYLON 6 2100/1/2 8x8 TPI 23 EPI JA,N,INDORAMA VENTURES MOBILITY,QUERETARO,QUERETARO,Others,Mexico,LP23JA,,,,,,,L00008,NEW SOURCE,,9741.0,Cost Savings, ,Ken Kot,N,,LA,,,,,INDORAMA VENTURES MOBILITY (Performance Fibers),"QUERETARO, MEXICO",QUERETARO,BBJ,INDORAMA VENTURES MOBILITY,QUERETARO,QUERETARO,OTHERS,MEXICO,Yes,,,,,,,,,,
REINFORCEMENT,1,RFTC28HF,HMLS POLYESTER  1100/1/2 12x12 TPI 28EPI HF,N,INDORAMA VENTURES MOBILITY,QUERETARO,QUERETARO,Others,Mexico,U02TC28HF,,,,,,,V00035,NEW SOURCE,,9744.0,Second Source, ,Ken Kot,N,,LA,,,,,INDORAMA VENTURES MOBILITY (Performance Fibers),"QUERETARO, MEXICO",QUERETARO,BBJ,INDORAMA VENTURES MOBILITY,QUERETARO,QUERETARO,OTHERS,MEXICO,Yes,,,,,,,,,,
REINFORCEMENT,1,RFFQ,3+2x.35 UT,Y,BEKAERT,IZMIT,"IZMIT, TURKEY",Others,Turkey,BA01FQ,,,,,,,GL3041,NEW SOURCE,,9442.0,cost savings, ,Anthony Hardy,Y,,EMEA,,,,,BEKAERT,"IZMIT, TURKEY","IZMIT, TURKEY",APK,BEKAERT,IZMIT,"IZMIT, TURKEY",OTHERS,TURKEY,Yes,,,,,,,,,,
REINFORCEMENT,1,RFAE20LR,"ARAMID, 1670/3, 6.9x6.9 SED fabric 20epi",Y,HYOSUNG CORPORATION,DECATUR,Decatur,AL,USA,L01AE20LR,HYOSUNG CORPORATION,DECATUR,Decatur,AL,USA,,AS0002,NEW MATERIAL,,9662.0,new SED code for AE01 with new aramid subcoat,Michael Putinski,Michael Putinski,Y,Y,NA,,NA,,,HYOSUNG CORPORATION,"Decatur, AL, USA",Decatur,AIT,HYOSUNG CORPORATION,DECATUR,DECATUR,AL,USA,Yes,HYOSUNG CORPORATION,"Decatur, AL, USA",Decatur,AIT,HYOSUNG CORPORATION,DECATUR,DECATUR,AL,USA,Yes
REINFORCEMENT,1,RFFN,4+3x.35 UT,Y,BEKAERT,ITAUNA - MG BRAZIL (STEEL CORD),Itauna,Others,Brazil,BC01FN,,,,,,,S00024,NEW SOURCE,,9310.0,Cost Savings, ,Rob Wyszynski,Y,,"LA, NA",,,,,BEKAERT,"Itauna, MG, Brazil (Steel Cord)",Itauna,DAG,BEKAERT,ITAUNA - MG BRAZIL (STEEL CORD),ITAUNA,OTHERS,BRAZIL,Yes,,,,,,,,,,
REINFORCEMENT,1,RFFQ,3+2x.35 UT,N,PIRELLI,CELIKORD,CELIKORD,Others,Turkey,P201FQ,,,,,,,GL3042,NEW SOURCE,,9443.0,Change US to FQ Steelcord in Breaker 1 & 4 of RMT tires, ,Anthony Hardy,N,,EMEA,,,,,PIRELLI,"CELIKORD, TURKEY",CELIKORD,,PIRELLI,CELIKORD,CELIKORD,OTHERS,TURKEY,No,,,,,,,,,,
REINFORCEMENT,1,RFS01N,"940 DECITEX NYLON 6,6",Y,HYOSUNG CORPORATION,DONG NAI,Dong Nai,Others,Vietnam,HND-20,,,,,,,Y00032,NEW SOURCE,,11522.0,alternate source of 840/2 nylon 66, ,Michael Putinski,Y,,"LA, NA",,,,,HYOSUNG CORPORATION,"Dong Nai, Vietnam",Dong Nai,JPK,HYOSUNG CORPORATION,DONG NAI,DONG NAI,OTHERS,VIETNAM,Yes,,,,,,,,,,
REINFORCEMENT,1,RFLP26JA,NYLON 6 2100/2 8x8 TPI 26 EPI JA,N,INDORAMA VENTURES MOBILITY,QUERETARO,QUERETARO,Others,Mexico,LP26JA,,,,,,,L00009,NEW SOURCE,,10422.0,Cost savings, ,Ken Kot,N,,LA,,,,,INDORAMA VENTURES MOBILITY (Performance Fibers),"QUERETARO, MEXICO",QUERETARO,BBJ,INDORAMA VENTURES MOBILITY,QUERETARO,QUERETARO,OTHERS,MEXICO,Yes,,,,,,,,,,
REINFORCEMENT,1,RFFP,1x.21/18x.185 UT,N,BEKAERT,ROGERS,Rogers,AR,USA,BB01FP,,,,,,,S00018,NEW SOURCE,,10785.0,Cost Savings, ,Rob Wyszynski,N,,NA,,,,,BEKAERT,"Rogers, AR, USA",Rogers,AMX,BEKAERT,ROGERS,ROGERS,AR,USA,Yes,,,,,,,,,,
REINFORCEMENT,1,RFFQ,3+2x.35 UT,N,HYOSUNG CORPORATION,LISA,LISA,Others,Luxembourg,C301FQ,,,,,,,GL3009,NEW SOURCE,,10243.0,cost savings, ,Anthony Hardy,N,,EMEA,,,,,HYOSUNG CORPORATION,"LISA, LUXEMBOURG",LISA,AIG,HYOSUNG CORPORATION,LISA,LISA,OTHERS,LUXEMBOURG,Yes,,,,,,,,,,
REINFORCEMENT,1,RFID20SD,"NYLON 6, 1880/2, 8.5x8.5 TPI, 20 EPI, SD",Y,JUNMA,ZHANGJIAGANG,Zhangjiagang,Others,China,U06ID20SD,,,,,,,L00010,NEW SOURCE,,10421.0,Cost Savings, ,Ken Kot,Y,,AP,,,,,Junma,Zhangjiagang,Zhangjiagang,JNC,JUNMA,ZHANGJIAGANG,ZHANGJIAGANG,OTHERS,CHINA,No,,,,,,,,,,
REINFORCEMENT,1,RFZ04TC28HF,HMLS POLYESTER  1100/1/2 12 X 12 TPI 28EPI HF,N,THAI INDO KORDSA,AYUTTHAYA,"AYUTTHAYA, THAILAND",Others,Thailand,TC28HF,,,,,,,GTC3595HF,NEW SOURCE,,10621.0,Second Source, ,Julie Vanderhaeghen,N,,AP,,,,,THAI INDO KORDSA,"AYUTTHAYA, THAILAND","AYUTTHAYA, THAILAND",JAE,THAI INDO KORDSA,AYUTTHAYA,"AYUTTHAYA, THAILAND",OTHERS,THAILAND,Yes,,,,,,,,,,
REINFORCEMENT,1,RFU07LF26SD,"NYLON 6, 1400/2, 10x10 TPI, 26 EPI, SD",N,JUNMA,ZHANGJIAGANG,Zhangjiagang,Others,China,LF26SA,,,,,,,L00011,NEW SOURCE,,10961.0,Expand Junma approval to a new dtex, ,Ken Kot,N,,AP,,,,,Junma,Zhangjiagang,Zhangjiagang,JNC,JUNMA,ZHANGJIAGANG,ZHANGJIAGANG,OTHERS,CHINA,No,,,,,,,,,,
REINFORCEMENT,1,RFB44LB,nylon6 monofilament chafer,N,TEXTIL ASSUF MALUF,SUMARE,Sumare,SP,Brazil,B44LB,,,,,,,LC0002,NEW MATERIAL,,10466.0,new chafer material for Brazil,Michael Putinski,Michael Putinski,N,,LA,,,,,Textil Assuf Maluf,"Sumare, SP, Brazil",Sumare,,TEXTIL ASSUF MALUF,SUMARE,SUMARE,SP,BRAZIL,Yes,,,,,,,,,,
REINFORCEMENT,1,RFUS,3+2x.35 ST,Y,JIAXING EASTERN,ZHEJIANG,Zhejiang,Others,China,Y101US,,,,,,,S00033,NEW SOURCE,,12970.0,Second Source, ,Jim Kish,Y,,"AP, EMEA, LA, NA",,,,,JIAXING EASTERN,"Zhejiang, China",Zhejiang,JWJ,JIAXING EASTERN,ZHEJIANG,ZHEJIANG,OTHERS,CHINA,Yes,,,,,,,,,,
REINFORCEMENT,1,RFAE01FA,"1670/3 Aramid SED Cord, 6.9/6.9 twist,",N,INDORAMA VENTURES MOBILITY,KAIPING,Kaiping,Others,China,AEYH,,,,,,,AS0004,NEW MATERIAL,,12422.0,New 1670/3 Aramid SED Cord for Motorcyle Tires,Ken Kot,Ken Kot,N,,NA,,,,,INDORAMA VENTURES MOBILITY (Performance Fibers),"Kaiping, China",Kaiping,JMX,INDORAMA VENTURES MOBILITY,KAIPING,KAIPING,OTHERS,CHINA,Yes,,,,,,,,,,
REINFORCEMENT,1,RFFP,1x.21/18x.185 UT,Y,BEKAERT,SHENYANG BSAP,Shenyang,Others,China,BL01FP,,,,,,,S00027,NEW SOURCE,,13021.0,cost savings, ,Srinivas Iyer,Y,,"AP, EMEA, LA, NA",,,,,BEKAERT,"Shenyang BSAP, China",Shenyang,JOH,BEKAERT,SHENYANG BSAP,SHENYANG,OTHERS,CHINA,Yes,,,,,,,,,,
REINFORCEMENT,1,RF246CH,1.83MM BEAD WIRE - HIGH TENSILE,N,KISWIRE,QINGDAO,Qingdao,Others,China,246CH,,,,,,,GL2080,NEW SOURCE,,13026.0,cost savings, ,Anthony Hardy,N,,"AP, EMEA, LA, NA",,,,,KISWIRE,Qingdao,Qingdao,JMA,KISWIRE,QINGDAO,QINGDAO,OTHERS,CHINA,No,,,,,,,,,,
REINFORCEMENT,1,RFWD,1+5X.185UT,Y,BEKAERT,IZMIT,"IZMIT, TURKEY",Others,Turkey,BA01WD,,,,,,,GL3053,NEW SOURCE,,13030.0,cost savings, ,Anthony Hardy,Y,,"AP, EMEA, LA, NA",,,,,BEKAERT,"IZMIT, TURKEY","IZMIT, TURKEY",APK,BEKAERT,IZMIT,"IZMIT, TURKEY",OTHERS,TURKEY,Yes,,,,,,,,,,
REINFORCEMENT,1,RFNN,"1100/1 DECITEX NYLON 6,6 WOVEN 14X14",Y,TEXTILES OMNES,COLOMBIA,,Others,Colombia,H50NN,,,,,,,NC0009,NEW SOURCE,,13046.0,Textiles Omnes offers savings over local supplier TexFabric, ,Michael Putinski,Y,,"LA, NA",,,,,TEXTILES OMNES,COLOMBIA,,,TEXTILES OMNES,COLOMBIA,,OTHERS,COLOMBIA,Yes,,,,,,,,,,
REINFORCEMENT,1,RFS03N,"2100 DECITEX NYLON 6,6",Y,HYOSUNG CORPORATION,DONG NAI,Dong Nai,Others,Vietnam,HND-20,,,,,,,Y00041,NEW SOURCE,,13006.0,low cost N66 yarn source, ,Michael Putinski,Y,,NA,,,,,HYOSUNG CORPORATION,"Dong Nai, Vietnam",Dong Nai,JPK,HYOSUNG CORPORATION,DONG NAI,DONG NAI,OTHERS,VIETNAM,Yes,,,,,,,,,,
REINFORCEMENT,1,RFFN,4+3x.35 UT,Y,BEKAERT,SHENYANG BSAP,Shenyang,Others,China,BL01FN,,,,,,,GL3054,NEW SOURCE,,13025.0,cost savings, ,Anthony Hardy,Y,,"AP, EMEA, LA, NA",,,,,BEKAERT,"Shenyang BSAP, China",Shenyang,JOH,BEKAERT,SHENYANG BSAP,SHENYANG,OTHERS,CHINA,Yes,,,,,,,,,,
REINFORCEMENT,1,RFNH,"1400/1/2 DECITEX NYLON 6,6 WOVEN",N,UNI,BONGYANG,Bongyang,Others,South Korea,K49NH,AKRO POLYCHEM,AKRON,Akron,OH,USA,,NC0004,NEW SOURCE,,12024.0,Second Source/Security of Supply, ,Michael Putinski,Y,N,NA,,NA,,,UNI,"Bongyang, South Korea",Bongyang,,UNI,BONGYANG,BONGYANG,OTHERS,SOUTH KOREA,Yes,Akro Polychem,Akron,Akron,,AKRO POLYCHEM,AKRON,AKRON,OH,USA,Yes
REINFORCEMENT,1,RFCH,"1.83MM BEAD WIRE - HIGH TENSILE
(Cooper Code 9024)",Y,JIANGSU XINGDA,PLANT 2 - XING HUA,XIng Hua,Others,China,401CH,,,,,,,W00005,NEW SOURCE,,12968.0,Flexibility, ,Anthony Hardy,Y,,"AP, EMEA, LA, NA",,,,,JIANGSU XINGDA,Plant 2 - Xing Hua,XIng Hua,JXB,JIANGSU XINGDA,PLANT 2 - XING HUA,XING HUA,OTHERS,CHINA,Yes,,,,,,,,,,
REINFORCEMENT,1,RFFS,3x3x.170 NT HLLE,Y,SUMITOMO ELECTRIC INDUSTRIES,TOCHIGI,TOCHIGI,Others,Japan,Q101FS,,,,,,,gl3047,NEW MATERIAL,,12984.0,Improve MC tire performances,John Woods,Robert Lionetti,Y,,EMEA,,,,,SUMITOMO ELECTRIC INDUSTRIES,"TOCHIGI, JAPAN",TOCHIGI,LAG,SUMITOMO ELECTRIC INDUSTRIES,TOCHIGI,TOCHIGI,OTHERS,JAPAN,Yes,,,,,,,,,,
REINFORCEMENT,1,RFUU,1X.22/18X.20 ST WIRE,Y,BEKAERT,SHENYANG BSAP,Shenyang,Others,China,BL01UU,,,,,,,gl3062,NEW SOURCE,,13024.0,cost savings, ,Anthony Hardy,Y,,"AP, EMEA, LA, NA",,,,,BEKAERT,"Shenyang BSAP, China",Shenyang,JOH,BEKAERT,SHENYANG BSAP,SHENYANG,OTHERS,CHINA,Yes,,,,,,,,,,
REINFORCEMENT,1,RFI47LN,1100/1 DECITEX NYLON 6 WOVEN 14X14,N,MS MECORDS INDIA,MUMBAI,MUMBAI,Others,India,I47LN,,,,,,,LC0003,NEW SOURCE,,12421.0,new source, ,Michael Putinski,N,,AP,A510 - Ballabgarh India,,,Ballabgarh,MS MECORDS INDIA,"MUMBAI, INDIA",MUMBAI,,MS MECORDS INDIA,MUMBAI,MUMBAI,OTHERS,INDIA,Yes,,,,,,,,,,
REINFORCEMENT,1,RFU07LF23SD,"NYLON 6, 1400/2, 10x10 TPI, 23 EPI, SD",N,JUNMA,ZHANGJIAGANG,Zhangjiagang,Others,China,U07LF23SD,,,,,,,L00012,NEW SOURCE,,12998.0,Second Source, ,Ken Kot,N,,"AP, EMEA, LA, NA",,,,,Junma,Zhangjiagang,Zhangjiagang,JNC,JUNMA,ZHANGJIAGANG,ZHANGJIAGANG,OTHERS,CHINA,No,,,,,,,,,,
REINFORCEMENT,1,RFAD24YR,AD24YR Rev: 0 Aramid 1670/2 8.4x8.4 TPI 24 EPI YR,Y,HYOSUNG CORPORATION,DECATUR,Decatur,AL,USA,107AD24YR,,,,,,,A00008,NEW MATERIAL,,13008.0,AD24 evaluation,Michael Putinski,Michael Putinski,Y,,NA,,,,,HYOSUNG CORPORATION,"Decatur, AL, USA",Decatur,AIT,HYOSUNG CORPORATION,DECATUR,DECATUR,AL,USA,Yes,,,,,,,,,,
REINFORCEMENT,1,RFWL,2x.295 HT,N,KAM - STEEL CORD,SVENTGOTTHARD,SVENTGOTTHARD,Others,Hungary,FA01WL,,,,,,,GL3050,NEW SOURCE,,12561.0,Cost Savings, ,Anthony Hardy,N,,"AP, EMEA, LA, NA",,,,,KAM - Steel Cord,"SVENTGOTTHARD, HUNGARY",SVENTGOTTHARD,,KAM - STEEL CORD,SVENTGOTTHARD,SVENTGOTTHARD,OTHERS,HUNGARY,No,,,,,,,,,,
REINFORCEMENT,1,RFU07LF29SD,"NYLON 6, 1400/2, 10x10 TPI, 29 EPI, SD",N,JUNMA,ZHANGJIAGANG,Zhangjiagang,Others,China,LF29,,,,,,,L00013,NEW SOURCE,,13001.0,Second Source, ,Ken Kot,N,,"AP, EMEA, LA, NA",,,,,Junma,Zhangjiagang,Zhangjiagang,JNC,JUNMA,ZHANGJIAGANG,ZHANGJIAGANG,OTHERS,CHINA,No,,,,,,,,,,
REINFORCEMENT,1,RFTV28HF,"HMLS POLYESTER 1670/1/2 8.5x8.5TPI, 28EPI HF",N,HYOSUNG CORPORATION,DONG NAI,Dong Nai,Others,Vietnam,TV28HF,,,,,,,V00039,NEW SOURCE,,13119.0,Joint savings program - Hyosung Dip Unit approval program, ,Doug Till,N,,"AP, EMEA, LA, NA",,,,,HYOSUNG CORPORATION,"Dong Nai, Vietnam",Dong Nai,JPK,HYOSUNG CORPORATION,DONG NAI,DONG NAI,OTHERS,VIETNAM,Yes,,,,,,,,,,
REINFORCEMENT,1,RFTC28HA,HMLS POLYESTER  1100/1/2 12 X 12 TPI 28EPI HA,N,HYOSUNG CORPORATION,DONG NAI,Dong Nai,Others,Vietnam,TC28HA,,,,,,,V00040,NEW SOURCE,,13116.0,Joint savings - Hyosung Vietnam Dip Unit approval program, ,Doug Till,N,,"AP, EMEA, LA, NA",,,,,HYOSUNG CORPORATION,"Dong Nai, Vietnam",Dong Nai,JPK,HYOSUNG CORPORATION,DONG NAI,DONG NAI,OTHERS,VIETNAM,Yes,,,,,,,,,,
REINFORCEMENT,1,RFTC28HF,HMLS POLYESTER  1100/1/2 12x12 TPI 28EPI HF,N,HYOSUNG CORPORATION,DONG NAI,Dong Nai,Others,Vietnam,TC28HF,,,,,,,V00038,NEW SOURCE,,13118.0,Joint Savings - Hyosung Dip Unit approval program, ,Julie Vanderhaeghen,N,,"AP, EMEA, LA, NA",,,,,HYOSUNG CORPORATION,"Dong Nai, Vietnam",Dong Nai,JPK,HYOSUNG CORPORATION,DONG NAI,DONG NAI,OTHERS,VIETNAM,Yes,,,,,,,,,,
REINFORCEMENT,1,RFTM27HB,HMLS POLYESTER 2200/1/2  8.5X8.5 TPI 27EPI HB,N,HYOSUNG CORPORATION,DONG NAI,Dong Nai,Others,Vietnam,TM27HB,,,,,,,V00041,NEW SOURCE,,13148.0,Approval of Hyosung Dip Unit #2, ,Ken Kot,N,,"AP, EMEA, LA, NA",,,,,HYOSUNG CORPORATION,"Dong Nai, Vietnam",Dong Nai,JPK,HYOSUNG CORPORATION,DONG NAI,DONG NAI,OTHERS,VIETNAM,Yes,,,,,,,,,,
REINFORCEMENT,1,RFCE16WA,"MERGED CORD 1100 DTEX ARAMID/1400 DTEX NYLON 6,6 16EPIWA",Y,KORDSA,IZMIT,Izmit,Others,Turkey,AB2CE16WA,,,,,,,H32061,NEW SOURCE,,13147.0,Approval of hybrid cord from Kordsa Turkey per dip license agreement, ,Ken Kot,Y,,"AP, EMEA, LA, NA",,,,,KORDSA,"Izmit, Turkey",Izmit,BXD,KORDSA,IZMIT,IZMIT,OTHERS,TURKEY,Yes,,,,,,,,,,
REINFORCEMENT,1,RFTU32HF,"HMLS POLYESTER 1440/1/2, 9x9TPI, 32EPI HF",N,HYOSUNG CORPORATION,DONG NAI DIP UNIT #2,Dong Nai,Others,Vietnam,TU32HF,,,,,,,GTC3602HF,NEW SOURCE,,13264.0,Vietnam Dip Unit 2 approval, ,Julie Vanderhaeghen,N,,AP,,,,,HYOSUNG CORPORATION,Dong Nai - DipUnit2,Dong Nai,JPK,HYOSUNG CORPORATION,DONG NAI DIP UNIT #2,DONG NAI,OTHERS,VIETNAM,Yes,,,,,,,,,,
REINFORCEMENT,1,RFFR,3x.21/9x.185 UT,N,BEKAERT,IZMIT,"IZMIT, TURKEY",Others,Turkey,BA01FR,,,,,,,GL3056,NEW SOURCE,,13265.0,flexibility in supply, ,Anthony Hardy,N,,"AP, EMEA, LA, NA",,,,,BEKAERT,"IZMIT, TURKEY","IZMIT, TURKEY",APK,BEKAERT,IZMIT,"IZMIT, TURKEY",OTHERS,TURKEY,Yes,,,,,,,,,,
REINFORCEMENT,1,RFTV28HP,HMLS POLYESTER  1670/1/2 8.5 X 8.5 TPI 28EPI HP,N,HYOSUNG CORPORATION,DONG NAI,Dong Nai,Others,Vietnam,TV28HP,,,,,,,V00037,NEW SOURCE,,13117.0,Joint Savings - Hyosung Vietnam Dip Unit approval, ,Doug Till,N,,"AP, EMEA, LA, NA",,,,,HYOSUNG CORPORATION,"Dong Nai, Vietnam",Dong Nai,JPK,HYOSUNG CORPORATION,DONG NAI,DONG NAI,OTHERS,VIETNAM,Yes,,,,,,,,,,
REINFORCEMENT,1,RFWM,7X19X20+1X15HT,N,BEKAERT,SHENYANG BSSC,Shenyang,Others,China,BL01WM,,,,,,,S00034,NEW SOURCE,,13219.0,supply security, ,Jim Kish,N,,"AP, EMEA, LA, NA",,,,,BEKAERT,"Shenyang BSSC, China",Shenyang,JJA,BEKAERT,SHENYANG BSSC,SHENYANG,OTHERS,CHINA,Yes,,,,,,,,,,
REINFORCEMENT,1,RFFN,4+3x.35 UT,Y,JIAXING EASTERN,ZHEJIANG,Zhejiang,Others,China,Y101FN,,,,,,,S00031,NEW SOURCE,,13225.0,savings, ,Jim Kish,Y,,"AP, EMEA, LA, NA",,,,,JIAXING EASTERN,"Zhejiang, China",Zhejiang,JWJ,JIAXING EASTERN,ZHEJIANG,ZHEJIANG,OTHERS,CHINA,Yes,,,,,,,,,,
REINFORCEMENT,1,RFUF,3x7x.175 HE,N,BEKAERT,SLADKOVICOVO,SLADKOVICOVO,Others,Slovak Republic,BH01UF,,,,,,,GL3060,NEW SOURCE,,13470.0,supply security, ,Anthony Hardy,N,,EMEA,,,,,BEKAERT,"SLADKOVICOVO, SLOVAK REPUBLIC",SLADKOVICOVO,EHK,BEKAERT,SLADKOVICOVO,SLADKOVICOVO,OTHERS,SLOVAK REPUBLIC,Yes,,,,,,,,,,
REINFORCEMENT,1,RFUH,3X.265/9X.245+1 HT,N,JIAXING EASTERN,ZHEJIANG,Zhejiang,Others,China,Y101UH,,,,,,,S00038,NEW SOURCE,,13421.0,cost savings, ,Jim Kish,N,,"AP, LA",,,,,JIAXING EASTERN,"Zhejiang, China",Zhejiang,JWJ,JIAXING EASTERN,ZHEJIANG,ZHEJIANG,OTHERS,CHINA,Yes,,,,,,,,,,
REINFORCEMENT,1,RFZ11TU32HF,"HMLS POLYESTER 1440/1/2, 9X9TPI, 32EPI HF",N,THAI INDO KORDSA,AYUTTHAYA,"AYUTTHAYA, THAILAND",Others,Thailand,TU32HF,,,,,,,GTC3596HF,NEW SOURCE,,13316.0,second source, ,Julie Vanderhaeghen,N,,"AP, EMEA, LA, NA",,,,,THAI INDO KORDSA,"AYUTTHAYA, THAILAND","AYUTTHAYA, THAILAND",JAE,THAI INDO KORDSA,AYUTTHAYA,"AYUTTHAYA, THAILAND",OTHERS,THAILAND,Yes,,,,,,,,,,
REINFORCEMENT,1,RFTK27HB,HMLS POLYESTER  1440/1/3 8 X 8 TPI 27EPI HB,N,HYOSUNG CORPORATION,DONG NAI,Dong Nai,Others,Vietnam,S07TK27HB,,,,,,,V00043,NEW SOURCE,,13385.0,Vietnam Dip Unit #1 program, ,Doug Till,N,,"AP, EMEA, LA, NA",,,,,HYOSUNG CORPORATION,"Dong Nai, Vietnam",Dong Nai,JPK,HYOSUNG CORPORATION,DONG NAI,DONG NAI,OTHERS,VIETNAM,Yes,,,,,,,,,,
REINFORCEMENT,1,RF145JH,0.89MM BEAD WIRE - HIGH TENSILE,N,NATSTAN,SOUTH AFRICA,,Others,South Africa,145JH,,,,,,,GL2082,NEW SOURCE,,13584.0,cost savings, ,Anthony Hardy,N,,EMEA,,,,,NATSTAN,SOUTH AFRICA,,ECN,NATSTAN,SOUTH AFRICA,,OTHERS,SOUTH AFRICA,Yes,,,,,,,,,,
REINFORCEMENT,1,RFUS,3+2x.35 ST,Y,BEKAERT,JIANGYIN,Jiangyin,Others,China,BD01US,,,,,,,S00043,NEW SOURCE,,13679.0,supply security, ,Jim Kish,Y,,"LA, NA",,,,,BEKAERT,"Jiangyin, China",Jiangyin,JTM,BEKAERT,JIANGYIN,JIANGYIN,OTHERS,CHINA,Yes,,,,,,,,,,
REINFORCEMENT,1,RF715G,3300 Decitex Fiberglass,N,AGY,AIKEN SC,Aiken,SC,USA,ECH15,,,,,,,Y00050,NEW SOURCE,,13825.0,second source, ,Doug Till,N,,"EMEA, NA",,,,,AGY,Aiken SC,Aiken,,AGY,AIKEN SC,AIKEN,SC,USA,Yes,,,,,,,,,,
REINFORCEMENT,1,RFFS,3x3x.170 NT HLLE,Y,BEKAERT,SLADKOVICOVO,SLADKOVICOVO,Others,Slovak Republic,BH01FS,,,,,,,GL3063,NEW SOURCE,,13669.0,supply security, ,Robert Lionetti,Y,,"EMEA, NA",,,,,BEKAERT,"SLADKOVICOVO, SLOVAK REPUBLIC",SLADKOVICOVO,EHK,BEKAERT,SLADKOVICOVO,SLADKOVICOVO,OTHERS,SLOVAK REPUBLIC,Yes,,,,,,,,,,
REINFORCEMENT,1,RFFQ,3+2x.35 UT,N,SODETAL,TRONVILLE,TRONVILLE,Others,France,S101FQ,,,,,,,GL3065,NEW SOURCE,,13747.0,security of supply, ,Anthony Hardy,N,,"AP, EMEA, LA, NA",,,,,SODETAL,"TRONVILLE, FRANCE",TRONVILLE,,SODETAL,TRONVILLE,TRONVILLE,OTHERS,FRANCE,No,,,,,,,,,,
REINFORCEMENT,1,RFUG,1X.20/18X.175 ST,Y,BEKAERT,SLADKOVICOVO,SLADKOVICOVO,Others,Slovak Republic,BH01UG,,,,,,,GL3064,NEW SOURCE,,13677.0,supply security, ,Anthony Hardy,Y,,"AP, EMEA, LA, NA",,,,,BEKAERT,"SLADKOVICOVO, SLOVAK REPUBLIC",SLADKOVICOVO,EHK,BEKAERT,SLADKOVICOVO,SLADKOVICOVO,OTHERS,SLOVAK REPUBLIC,Yes,,,,,,,,,,
REINFORCEMENT,1,RFUG,1X.20/18X.175 ST,Y,BEKAERT,SHENYANG BSAP,Shenyang,Others,China,BL01UG,,,,,,,S00044,NEW SOURCE,,13719.0,supply security and savings, ,Jim Kish,Y,,"AP, EMEA, LA, NA",,,,,BEKAERT,"Shenyang BSAP, China",Shenyang,JOH,BEKAERT,SHENYANG BSAP,SHENYANG,OTHERS,CHINA,Yes,,,,,,,,,,
REINFORCEMENT,1,RFUW,2+2x.295 HT,Y,HYOSUNG CORPORATION,DONG NAI - STEELCORD,Dong Nai,Others,Vietnam,C401UW,,,,,,,GL3082,NEW SOURCE,,13924.0,wilma, ,Etienne Schauer,Y,,"AP, EMEA, LA, NA",,,,,HYOSUNG CORPORATION,Dong Nai - Steelcord,Dong Nai,JTR,HYOSUNG CORPORATION,DONG NAI - STEELCORD,DONG NAI,OTHERS,VIETNAM,Yes,,,,,,,,,,
REINFORCEMENT,1,RFEM,4x2x.34 HE,N,HYOSUNG CORPORATION,EONYANG,Eonyang,Others,South Korea,C101EM,,,,,,,S00060,NEW SOURCE,,13954.0,WILMA, ,Srinivas Iyer,N,,"AP, LA",,,,,HYOSUNG CORPORATION,"Eonyang, South Korea",Eonyang,,HYOSUNG CORPORATION,EONYANG,EONYANG,OTHERS,SOUTH KOREA,No,,,,,,,,,,
REINFORCEMENT,1,RFEE,5/8/14X.265+1ST,N,HYOSUNG CORPORATION,EONYANG,Eonyang,Others,South Korea,C101EE,,,,,,,GL3090,NEW SOURCE,,13955.0,WILMA, ,Etienne Schauer,N,,"AP, EMEA, LA, NA",,,,,HYOSUNG CORPORATION,"Eonyang, South Korea",Eonyang,,HYOSUNG CORPORATION,EONYANG,EONYANG,OTHERS,SOUTH KOREA,No,,,,,,,,,,
REINFORCEMENT,1,RFUJ,27X.175+1X.15 HT,N,HYOSUNG CORPORATION,EONYANG,Eonyang,Others,South Korea,C101UJ,,,,,,,S00062,NEW SOURCE,,13956.0,WILMA, ,Srinivas Iyer,N,,"LA, NA",,,,,HYOSUNG CORPORATION,"Eonyang, South Korea",Eonyang,,HYOSUNG CORPORATION,EONYANG,EONYANG,OTHERS,SOUTH KOREA,No,,,,,,,,,,
REINFORCEMENT,1,RFUX,3x.20/9x.175+1 HT,N,HYOSUNG CORPORATION,DONG NAI - STEELCORD,Dong Nai,Others,Vietnam,C401UX,,,,,,,S00069,NEW SOURCE,,13963.0,WILMA, ,Rob Wyszynski,N,,NA,,,,,HYOSUNG CORPORATION,Dong Nai - Steelcord,Dong Nai,JTR,HYOSUNG CORPORATION,DONG NAI - STEELCORD,DONG NAI,OTHERS,VIETNAM,Yes,,,,,,,,,,
REINFORCEMENT,1,RFUH,3X.265/9X.245+1 HT,Y,HYOSUNG CORPORATION,DONG NAI - STEELCORD,Dong Nai,Others,Vietnam,C401UH,,,,,,,S00070,NEW SOURCE,,13964.0,WILMA, ,Srinivas Iyer,Y,,"AP, LA, NA",,,,,HYOSUNG CORPORATION,Dong Nai - Steelcord,Dong Nai,JTR,HYOSUNG CORPORATION,DONG NAI - STEELCORD,DONG NAI,OTHERS,VIETNAM,Yes,,,,,,,,,,
REINFORCEMENT,1,RFWA,7X7X.25+1 HT,N,HYOSUNG CORPORATION,DONG NAI - STEELCORD,Dong Nai,Others,Vietnam,C401WA,,,,,,,S00054,NEW SOURCE,,13928.0,wilma, ,Rob Wyszynski,N,,"AP, EMEA, LA, NA",,,,,HYOSUNG CORPORATION,Dong Nai - Steelcord,Dong Nai,JTR,HYOSUNG CORPORATION,DONG NAI - STEELCORD,DONG NAI,OTHERS,VIETNAM,Yes,,,,,,,,,,
REINFORCEMENT,1,RFC101UY,3X.365/9X.34 HT,N,HYOSUNG CORPORATION,EONYANG,Eonyang,Others,South Korea,C101UY,,,,,,,S00059,NEW SOURCE,,13953.0,WILMA, ,Srinivas Iyer,N,,"LA, NA",,,,,HYOSUNG CORPORATION,"Eonyang, South Korea",Eonyang,,HYOSUNG CORPORATION,EONYANG,EONYANG,OTHERS,SOUTH KOREA,No,,,,,,,,,,
REINFORCEMENT,1,RFFQ,3+2x.35 UT,Y,HYOSUNG CORPORATION,DONG NAI - STEELCORD,Dong Nai,Others,Vietnam,C401FQ,,,,,,,GL3091,NEW SOURCE,,13958.0,WILMA, ,Etienne Schauer,Y,,"AP, EMEA, LA, NA",,,,,HYOSUNG CORPORATION,Dong Nai - Steelcord,Dong Nai,JTR,HYOSUNG CORPORATION,DONG NAI - STEELCORD,DONG NAI,OTHERS,VIETNAM,Yes,,,,,,,,,,
REINFORCEMENT,1,RFUM,3X.22/9X.20+1 HT,Y,HYOSUNG CORPORATION,DONG NAI - STEELCORD,Dong Nai,Others,Vietnam,C401UM,,,,,,,S00055,NEW SOURCE,,13929.0,wilma, ,Rob Wyszynski,Y,,"AP, EMEA, LA, NA",,,,,HYOSUNG CORPORATION,Dong Nai - Steelcord,Dong Nai,JTR,HYOSUNG CORPORATION,DONG NAI - STEELCORD,DONG NAI,OTHERS,VIETNAM,Yes,,,,,,,,,,
REINFORCEMENT,1,RFFP,1x.21/18x.185 UT,N,HYOSUNG CORPORATION,EONYANG,Eonyang,Others,South Korea,C101FP,,,,,,,S00067,NEW SOURCE,,13961.0,WILMA, ,Rob Wyszynski,N,,"AP, EMEA, LA, NA",,,,,HYOSUNG CORPORATION,"Eonyang, South Korea",Eonyang,,HYOSUNG CORPORATION,EONYANG,EONYANG,OTHERS,SOUTH KOREA,No,,,,,,,,,,
REINFORCEMENT,1,RFGA16SA,FIBERGLASS 3300/0/1 0X1.5 TPI 16EPI SA,Y,HYOSUNG CORPORATION,DECATUR,Decatur,AL,USA,M19GA16SA,,,,,,,F00004,NEW SOURCE,,14144.0,Utica Fabric Transfers, ,Doug Till,Y,,"AP, EMEA, LA, NA",,,,,HYOSUNG CORPORATION,"Decatur, AL, USA",Decatur,AIT,HYOSUNG CORPORATION,DECATUR,DECATUR,AL,USA,Yes,,,,,,,,,,
REINFORCEMENT,1,RFWP,2+2x.25 NT,Y,HYOSUNG CORPORATION,DONG NAI - STEELCORD,Dong Nai,Others,Vietnam,C401WP,,,,,,,GL3081,NEW SOURCE,,13923.0,wilma, ,Etienne Schauer,Y,,"AP, EMEA",,,,,HYOSUNG CORPORATION,Dong Nai - Steelcord,Dong Nai,JTR,HYOSUNG CORPORATION,DONG NAI - STEELCORD,DONG NAI,OTHERS,VIETNAM,Yes,,,,,,,,,,
REINFORCEMENT,1,RFFN,4+3x.35 UT,N,HYOSUNG CORPORATION,EONYANG,Eonyang,Others,South Korea,C101FN,,,,,,,S00052,NEW SOURCE,,13925.0,Wilma, ,Rob Wyszynski,N,,"AP, EMEA, LA, NA",,,,,HYOSUNG CORPORATION,"Eonyang, South Korea",Eonyang,,HYOSUNG CORPORATION,EONYANG,EONYANG,OTHERS,SOUTH KOREA,No,,,,,,,,,,
REINFORCEMENT,1,RFUD,3+3x.35 ST,Y,HYOSUNG CORPORATION,DONG NAI - STEELCORD,Dong Nai,Others,Vietnam,C401UD,,,,,,,S00053,NEW SOURCE,,13926.0,wilma, ,Rob Wyszynski,Y,,NA,,,,,HYOSUNG CORPORATION,Dong Nai - Steelcord,Dong Nai,JTR,HYOSUNG CORPORATION,DONG NAI - STEELCORD,DONG NAI,OTHERS,VIETNAM,Yes,,,,,,,,,,
REINFORCEMENT,1,RFEJ,19X.22 +6X 1X.22/18X.20 +1 HT,N,HYOSUNG CORPORATION,EONYANG,Eonyang,Others,South Korea,C101EJ,,,,,,,S00057,NEW SOURCE,,13931.0,wilma, ,Rob Wyszynski,N,,NA,,,,,HYOSUNG CORPORATION,"Eonyang, South Korea",Eonyang,,HYOSUNG CORPORATION,EONYANG,EONYANG,OTHERS,SOUTH KOREA,No,,,,,,,,,,
REINFORCEMENT,1,RFC101UN,3+9+15X.22+1X.15 NT,N,HYOSUNG CORPORATION,EONYANG,Eonyang,Others,South Korea,C101UN,,,,,,,GL3088,NEW SOURCE,,13952.0,wilma, ,Etienne Schauer,N,,"AP, EMEA, LA, NA",,,,,HYOSUNG CORPORATION,"Eonyang, South Korea",Eonyang,,HYOSUNG CORPORATION,EONYANG,EONYANG,OTHERS,SOUTH KOREA,No,,,,,,,,,,
REINFORCEMENT,1,RFGB20SA,FIBERGLASS 3300/0/2 0X1.5 TPI 20EPI SA,Y,HYOSUNG CORPORATION,DECATUR,Decatur,AL,USA,M19GB20SA,,,,,,,F00005,NEW SOURCE,,14145.0,Utica Fabric Transfers, ,Doug Till,Y,,"AP, EMEA, LA, NA",,,,,HYOSUNG CORPORATION,"Decatur, AL, USA",Decatur,AIT,HYOSUNG CORPORATION,DECATUR,DECATUR,AL,USA,Yes,,,,,,,,,,
REINFORCEMENT,1,RFGD18SA,FIBERGLASS  3300/0/3 0X1.5 TPI 18EPI SA,N,HYOSUNG CORPORATION,DECATUR,Decatur,AL,USA,GD18SA,,,,,,,F00006,NEW SOURCE,,14146.0,Utica Fabric Transfers, ,Doug Till,N,,"AP, EMEA, LA, NA",,,,,HYOSUNG CORPORATION,"Decatur, AL, USA",Decatur,AIT,HYOSUNG CORPORATION,DECATUR,DECATUR,AL,USA,Yes,,,,,,,,,,
REINFORCEMENT,1,RFFR,3x.21/9x.185 UT,N,HYOSUNG CORPORATION,EONYANG,Eonyang,Others,South Korea,C101FR,,,,,,,S00051,NEW SOURCE,,13922.0,Wilma, ,Rob Wyszynski,N,,"AP, EMEA, LA, NA",,,,,HYOSUNG CORPORATION,"Eonyang, South Korea",Eonyang,,HYOSUNG CORPORATION,EONYANG,EONYANG,OTHERS,SOUTH KOREA,No,,,,,,,,,,
REINFORCEMENT,1,RFFQ,3+2x.35 UT,Y,BMZ,PLUSCORD,Zhlobin,Others,Belarus,D201FQ,,,,,,,GL3067,NEW SOURCE,,14111.0,new source, ,Anthony Hardy,Y,,EMEA,,,,,BMZ,"PLUSCORD, Zhlobin, Belarus",Zhlobin,EGK,BMZ,PLUSCORD,ZHLOBIN,OTHERS,BELARUS,Yes,,,,,,,,,,
REINFORCEMENT,1,RFRD26ZA,RAYON 1840/1/2 12X12 TPI 26EPI ZA,N,HYOSUNG CORPORATION,LISA,LISA,Others,Luxembourg,RD26ZA,,,,,,,R00002,NEW SOURCE,,14138.0,Utica Fabric Transfers, ,Doug Till,N,,"AP, LA, NA",,,,,HYOSUNG CORPORATION,"LISA, LUXEMBOURG",LISA,AIG,HYOSUNG CORPORATION,LISA,LISA,OTHERS,LUXEMBOURG,Yes,,,,,,,,,,
REINFORCEMENT,1,RFZB14SA,Carbon Fiber 8000/1 0x1.5 TPI 14 EPI SA,N,HYOSUNG CORPORATION,DECATUR,Decatur,AL,USA,ZB14SA,,,,,,,Q00002,NEW SOURCE,,14147.0,Utica Fabric Transfers, ,Doug Till,N,,"AP, EMEA, LA, NA",,,,,HYOSUNG CORPORATION,"Decatur, AL, USA",Decatur,AIT,HYOSUNG CORPORATION,DECATUR,DECATUR,AL,USA,Yes,,,,,,,,,,
REINFORCEMENT,1,RFUG,1X.20/18X.175 ST,Y,HYOSUNG CORPORATION,DONG NAI - STEELCORD,Dong Nai,Others,Vietnam,C401UG,,,,,,,GL3084,NEW SOURCE,,13916.0,wilma, ,Etienne Schauer,Y,,"AP, EMEA, LA, NA",,,,,HYOSUNG CORPORATION,Dong Nai - Steelcord,Dong Nai,JTR,HYOSUNG CORPORATION,DONG NAI - STEELCORD,DONG NAI,OTHERS,VIETNAM,Yes,,,,,,,,,,
REINFORCEMENT,1,RFUK,2+2x.35 ST,Y,HYOSUNG CORPORATION,DONG NAI - STEELCORD,Dong Nai,Others,Vietnam,C401UK,,,,,,,S00050,NEW SOURCE,,13921.0,Wilma, ,Rob Wyszynski,Y,,"AP, EMEA, NA",,,,,HYOSUNG CORPORATION,Dong Nai - Steelcord,Dong Nai,JTR,HYOSUNG CORPORATION,DONG NAI - STEELCORD,DONG NAI,OTHERS,VIETNAM,Yes,,,,,,,,,,
REINFORCEMENT,1,RFES,(0.40+6X.365)+6X(.365+6X.35) ST,Y,HYOSUNG CORPORATION,DONG NAI - STEELCORD,Dong Nai,Others,Vietnam,C401ES,,,,,,,S00056,NEW SOURCE,,13930.0,Wilma, ,Rob Wyszynski,Y,,"AP, NA",,,,,HYOSUNG CORPORATION,Dong Nai - Steelcord,Dong Nai,JTR,HYOSUNG CORPORATION,DONG NAI - STEELCORD,DONG NAI,OTHERS,VIETNAM,Yes,,,,,,,,,,
REINFORCEMENT,1,RFEP,7X(3+9+15X.245)+1 HT,N,HYOSUNG CORPORATION,DONG NAI - STEELCORD,Dong Nai,Others,Vietnam,C401EP,,,,,,,S00071,NEW SOURCE,,13965.0,WILMA, ,Rob Wyszynski,N,,"AP, NA",,,,,HYOSUNG CORPORATION,Dong Nai - Steelcord,Dong Nai,JTR,HYOSUNG CORPORATION,DONG NAI - STEELCORD,DONG NAI,OTHERS,VIETNAM,Yes,,,,,,,,,,
REINFORCEMENT,1,RFUS,3+2x.35 ST,Y,HYOSUNG CORPORATION,DONG NAI - STEELCORD,Dong Nai,Others,Vietnam,C401US,,,,,,,S00058,NEW SOURCE,,13915.0,wilma, ,Rob Wyszynski,Y,,"AP, EMEA, LA, NA",,,,,HYOSUNG CORPORATION,Dong Nai - Steelcord,Dong Nai,JTR,HYOSUNG CORPORATION,DONG NAI - STEELCORD,DONG NAI,OTHERS,VIETNAM,Yes,,,,,,,,,,
REINFORCEMENT,1,RFFQ,3+2x.35 UT,N,HYOSUNG CORPORATION,EONYANG,Eonyang,Others,South Korea,C101FQ,,,,,,,GL3089,NEW SOURCE,,13957.0,WILMA, ,Etienne Schauer,N,,"AP, EMEA, LA, NA",,,,,HYOSUNG CORPORATION,"Eonyang, South Korea",Eonyang,,HYOSUNG CORPORATION,EONYANG,EONYANG,OTHERS,SOUTH KOREA,No,,,,,,,,,,
REINFORCEMENT,1,RFFN,4+3x.35 UT,Y,HYOSUNG CORPORATION,DONG NAI - STEELCORD,Dong Nai,Others,Vietnam,C401FN,,,,,,,S00065,NEW SOURCE,,13959.0,WILMA, ,Rob Wyszynski,Y,,"AP, EMEA, LA, NA",,,,,HYOSUNG CORPORATION,Dong Nai - Steelcord,Dong Nai,JTR,HYOSUNG CORPORATION,DONG NAI - STEELCORD,DONG NAI,OTHERS,VIETNAM,Yes,,,,,,,,,,
REINFORCEMENT,1,RFFR,3x.21/9x.185 UT,Y,HYOSUNG CORPORATION,DONG NAI - STEELCORD,Dong Nai,Others,Vietnam,C401FR,,,,,,,S00066,NEW SOURCE,,13960.0,WILMA, ,Rob Wyszynski,Y,,"AP, EMEA, LA, NA",,,,,HYOSUNG CORPORATION,Dong Nai - Steelcord,Dong Nai,JTR,HYOSUNG CORPORATION,DONG NAI - STEELCORD,DONG NAI,OTHERS,VIETNAM,Yes,,,,,,,,,,
REINFORCEMENT,1,RFFP,1x.21/18x.185 UT,Y,HYOSUNG CORPORATION,DONG NAI - STEELCORD,Dong Nai,Others,Vietnam,C401FP,,,,,,,S00068,NEW SOURCE,,13962.0,WILMA, ,Rob Wyszynski,Y,,"AP, EMEA, LA, NA",,,,,HYOSUNG CORPORATION,Dong Nai - Steelcord,Dong Nai,JTR,HYOSUNG CORPORATION,DONG NAI - STEELCORD,DONG NAI,OTHERS,VIETNAM,Yes,,,,,,,,,,
REINFORCEMENT,1,RFWT,2+1X.28 NT,N,JIANGSU XINGDA,XING HUA,Xing Hua,Others,China,Z103WT,,,,,,,GL3069/N,NEW SOURCE,,14265.0,Supply Security, ,Anthony Hardy,N,,EMEA,,,,,JIANGSU XINGDA,Xing Hua,Xing Hua,,JIANGSU XINGDA,XING HUA,XING HUA,OTHERS,CHINA,No,,,,,,,,,,
REINFORCEMENT,1,RFNF30MR,"NYLON 6,6  1400/1/2 10 X 10 TPI 30EPI MR",Y,HYOSUNG CORPORATION,DECATUR,Decatur,AL,USA,139NF30MR,,,,,,,N00021,NEW SOURCE,,14335.0,Utica Fabric Transfers - Decatur priority, ,Doug Till,Y,,"AP, EMEA, LA, NA",,,,,HYOSUNG CORPORATION,"Decatur, AL, USA",Decatur,AIT,HYOSUNG CORPORATION,DECATUR,DECATUR,AL,USA,Yes,,,,,,,,,,
REINFORCEMENT,1,RFRQ24SE,Rayon 2440/1/2 9.9x9.9 24EPI SE,Y,KORDARNA,VELKA NAD VELICKOU,Velka nad Velickou,Others,Czech Republic,I14RQ24SE,,,,,,,GTC1218SE/J,NEW MATERIAL,,14238.0,Cost savings, ,Marie Chaidron,Y,,EMEA,,,,,Kordarna,Velka nad Velickou,Velka nad Velickou,LTH,KORDARNA,VELKA NAD VELICKOU,VELKA NAD VELICKOU,OTHERS,CZECH REPUBLIC,Yes,,,,,,,,,,
REINFORCEMENT,1,RFNC32KR,"NYLON 6,6  940/1/2 12 X 12 TPI 32EPI KR",N,HYOSUNG CORPORATION,DECATUR,Decatur,AL,USA,NC32KR,,,,,,,N00024,NEW SOURCE,,14338.0,Utica Fabric Transfers - Decatur priority, ,Doug Till,N,,"AP, LA, NA",,,,,HYOSUNG CORPORATION,"Decatur, AL, USA",Decatur,AIT,HYOSUNG CORPORATION,DECATUR,DECATUR,AL,USA,Yes,,,,,,,,,,
REINFORCEMENT,1,RFNF26KR,"NYLON 6,6  1400/1/2 10 X 10 TPI 26EPI KR",Y,HYOSUNG CORPORATION,DECATUR,Decatur,AL,USA,139NF26KR,,,,,,,N00025,NEW SOURCE,,14339.0,Utica Fabric Transfers - Decatur priority, ,Doug Till,Y,,"AP, LA, NA",,,,,HYOSUNG CORPORATION,"Decatur, AL, USA",Decatur,AIT,HYOSUNG CORPORATION,DECATUR,DECATUR,AL,USA,Yes,,,,,,,,,,
REINFORCEMENT,1,RFNF30MA,"NYLON 6,6  1400/1/2 10 X 10 TPI 30EPI MA",N,HYOSUNG CORPORATION,DECATUR,Decatur,AL,USA,NF30MA,,,,,,,N00026,NEW SOURCE,,14340.0,Utica Fabric Transfers - Decatur priority, ,Doug Till,N,,"AP, EMEA, LA, NA",,,,,HYOSUNG CORPORATION,"Decatur, AL, USA",Decatur,AIT,HYOSUNG CORPORATION,DECATUR,DECATUR,AL,USA,Yes,,,,,,,,,,
REINFORCEMENT,1,RFNF20MS,"NYLON 6,6 1400/1/2 10X10 TPI 20EPI MS",N,HYOSUNG CORPORATION,DECATUR,Decatur,AL,USA,NF20MS,,,,,,,N00029,NEW SOURCE,,14350.0,Utica Fabric Transfers - Decatur priority, ,Doug Till,N,,"AP, EMEA, LA, NA",,,,,HYOSUNG CORPORATION,"Decatur, AL, USA",Decatur,AIT,HYOSUNG CORPORATION,DECATUR,DECATUR,AL,USA,Yes,,,,,,,,,,
REINFORCEMENT,1,RFTC24HF,HMLS POLYESTER 1100/1/2 11.5X11.5 TPI 24EPI VF,Y,HYOSUNG CORPORATION,DONG NAI,Dong Nai,Others,Vietnam,S04TC24HF,,,,,,,V00044,NEW SOURCE,,14374.0,Second Source program, ,Doug Till,Y,,"EMEA, NA",,,,,HYOSUNG CORPORATION,"Dong Nai, Vietnam",Dong Nai,JPK,HYOSUNG CORPORATION,DONG NAI,DONG NAI,OTHERS,VIETNAM,Yes,,,,,,,,,,
REINFORCEMENT,1,RFAB18YF,ARAMID 1670/1/2 12X12 TPI 18EPI NA (ARAMID UTICA PROCESS),N,HYOSUNG CORPORATION,DECATUR,Decatur,AL,USA,AB18YF,,,,,,,A00015,NEW SOURCE,,14165.0,Utica Fabric Transfers, ,Doug Till,N,,"AP, LA, NA",,,,,HYOSUNG CORPORATION,"Decatur, AL, USA",Decatur,AIT,HYOSUNG CORPORATION,DECATUR,DECATUR,AL,USA,Yes,,,,,,,,,,
REINFORCEMENT,1,RFWP,2+2x.25 NT,Y,JIAXING EASTERN,TENGZHOU EASTERN STEEL CORD CO. LTD,Tengzhou,Others,China,Y201WP,,,,,,,GL3075,NEW SOURCE,,14416.0,Supply Security, ,Anthony Hardy,Y,,EMEA,,,,,JIAXING EASTERN,Tengzhou Eastern Steel Cord Co. LTD,Tengzhou,JTK,JIAXING EASTERN,TENGZHOU EASTERN STEEL CORD CO. LTD,TENGZHOU,OTHERS,CHINA,Yes,,,,,,,,,,
REINFORCEMENT,1,RFWL,2x.295 HT,Y,JIAXING EASTERN,TENGZHOU EASTERN STEEL CORD CO. LTD,Tengzhou,Others,China,Y201WL,,,,,,,GL3074,NEW SOURCE,,14418.0,Supply Security, ,Anthony Hardy,Y,,"AP, EMEA, LA, NA",,,,,JIAXING EASTERN,Tengzhou Eastern Steel Cord Co. LTD,Tengzhou,JTK,JIAXING EASTERN,TENGZHOU EASTERN STEEL CORD CO. LTD,TENGZHOU,OTHERS,CHINA,Yes,,,,,,,,,,
REINFORCEMENT,1,RFNC28MA,"NYLON 6,6  940/1/2 12 X 12 TPI 28EPI MA",N,HYOSUNG CORPORATION,DECATUR,Decatur,AL,USA,NC28MA,,,,,,,N00027,NEW SOURCE,,14348.0,Utica Fabric Transfers - Decatur priority, ,Doug Till,N,,"AP, LA, NA",,,,,HYOSUNG CORPORATION,"Decatur, AL, USA",Decatur,AIT,HYOSUNG CORPORATION,DECATUR,DECATUR,AL,USA,Yes,,,,,,,,,,
REINFORCEMENT,1,RFES,(0.40+6X.365)+6X(.365+6X.35) ST,Y,BEKAERT,SHENYANG BSAP,Shenyang,Others,China,BL01ES,,,,,,,S00073,NEW SOURCE,,14428.0,Secord Source (Emergency), ,Jim Kish,Y,,"AP, EMEA, LA, NA",,,,,BEKAERT,"Shenyang BSAP, China",Shenyang,JOH,BEKAERT,SHENYANG BSAP,SHENYANG,OTHERS,CHINA,Yes,,,,,,,,,,
REINFORCEMENT,1,RFBH17MS,"NYLON 6,6 1400/1/3 8.4X8.4 TPI 17EPI MS",Y,HYOSUNG CORPORATION,DECATUR,Decatur,AL,USA,139BH17MS,,,,,,,N00022,NEW SOURCE,,14336.0,Utica Fabric Transfers - Decatur priority, ,Doug Till,Y,,"AP, EMEA, LA, NA",,,,,HYOSUNG CORPORATION,"Decatur, AL, USA",Decatur,AIT,HYOSUNG CORPORATION,DECATUR,DECATUR,AL,USA,Yes,,,,,,,,,,
REINFORCEMENT,1,RFBH20MS,"NYLON 6,6 1400/1/3 8.4X8.4 TPI 20EPI MS",Y,HYOSUNG CORPORATION,DECATUR,Decatur,AL,USA,139BH20MS,,,,,,,N00023,NEW SOURCE,,14337.0,Utica Fabric Transfers - Decatur priority, ,Doug Till,Y,,"AP, EMEA, LA, NA",,,,,HYOSUNG CORPORATION,"Decatur, AL, USA",Decatur,AIT,HYOSUNG CORPORATION,DECATUR,DECATUR,AL,USA,Yes,,,,,,,,,,
REINFORCEMENT,1,RFNF26MS,"NYLON 6,6 1400/1/2 10X10 TPI 26EPI MS",N,HYOSUNG CORPORATION,DECATUR,Decatur,AL,USA,NF26MS,,,,,,,N00028,NEW SOURCE,,14349.0,Utica Fabric Transfers - Decatur priority, ,Doug Till,N,,"AP, LA, NA",,,,,HYOSUNG CORPORATION,"Decatur, AL, USA",Decatur,AIT,HYOSUNG CORPORATION,DECATUR,DECATUR,AL,USA,Yes,,,,,,,,,,
REINFORCEMENT,1,RFUW,2+2x.295 HT,Y,JIAXING EASTERN,TENGZHOU EASTERN STEEL CORD CO. LTD,Tengzhou,Others,China,Y201UW,,,,,,,GL3076,NEW SOURCE,,14417.0,Supply Security, ,Anthony Hardy,Y,,"AP, EMEA, LA, NA",,,,,JIAXING EASTERN,Tengzhou Eastern Steel Cord Co. LTD,Tengzhou,JTK,JIAXING EASTERN,TENGZHOU EASTERN STEEL CORD CO. LTD,TENGZHOU,OTHERS,CHINA,Yes,,,,,,,,,,
REINFORCEMENT,1,RFZ102WP,2+2X.25 NT,N,JIANGSU XINGDA,XING HUA,Xing Hua,Others,China,Z102WP,,,,,,,GL3070,NEW SOURCE,,14266.0,Supply Security, ,Anthony Hardy,N,,"AP, EMEA",,,,,JIANGSU XINGDA,Xing Hua,Xing Hua,,JIANGSU XINGDA,XING HUA,XING HUA,OTHERS,CHINA,No,,,,,,,,,,
REINFORCEMENT,1,RFDFGFDG,Dipped fabric,N,CENTURY RAYON,SHAHAD-KALYAW,SHAHAD-KALYAW,Others,India,CENCORD SUPER 2,,,,,,,GTC00000,NEW MATERIAL,,14561.0,test, ,Ralph Olbrich,N,,EMEA,,,,,CENTURY RAYON,"SHAHAD-KALYAW, INDIA",SHAHAD-KALYAW,JVR,CENTURY RAYON,SHAHAD-KALYAW,SHAHAD-KALYAW,OTHERS,INDIA,Yes,,,,,,,,,,
REINFORCEMENT,1,RFK36T,1440 DECITEX (1296 DENIER) HMLS PET,N,KOLON,NANJING,Nanjing,Others,China,TU32HF,,,,,,,GYD3516,NEW SOURCE,,14694.0,supply security, ,Julien Plattier,N,,"AP, EMEA, LA, NA",,,,,KOLON,Nanjing,Nanjing,JPJ,KOLON,NANJING,NANJING,OTHERS,CHINA,Yes,,,,,,,,,,
REINFORCEMENT,1,RFLF25MF,"1400/2  Nylon 6 cord woven at 25 epi with extensible fill cord, dipped per MF pr",Y,SRF,MANALI,MANALI,Others,India,I16LF25MA,SRF,MANALI,MANALI,Others,India,,L00018,NEW MATERIAL,,14625.0,Approve fabric code LF25MF for Bias Farm,Ken Kot,Ken Kot,Y,Y,AP,,AP,,,SRF,"MANALI, CHENNAI, INDIA",MANALI,JDD,SRF,MANALI,MANALI,OTHERS,INDIA,Yes,SRF,"MANALI, CHENNAI, INDIA",MANALI,JDD,SRF,MANALI,MANALI,OTHERS,INDIA,Yes
REINFORCEMENT,1,RFCH,"1.83MM BEAD WIRE - HIGH TENSILE
(Cooper Code 9024)",Y,BEKAERT,JIANGYIN,Jiangyin,Others,China,028CH,,,,,,,GL2084/N,NEW SOURCE,,14624.0,Security of Supply, ,Anthony Hardy,Y,,"AP, EMEA, LA, NA",,,,,BEKAERT,"Jiangyin, China",Jiangyin,JTM,BEKAERT,JIANGYIN,JIANGYIN,OTHERS,CHINA,Yes,,,,,,,,,,
REINFORCEMENT,1,RFU14T,1100 DECITEX HMLS POLYESTER,Y,KOLON,NANJING,Nanjing,Others,China,TC28HF,,,,,,,GYD3515,NEW SOURCE,,14541.0,Kolon Nanjing Yarn approval - Kolon will consolidate yarn and black dipping in Nanjing, ,Julien Plattier,Y,,"AP, EMEA, LA, NA",,,,,KOLON,Nanjing,Nanjing,JPJ,KOLON,NANJING,NANJING,OTHERS,CHINA,Yes,,,,,,,,,,
REINFORCEMENT,1,RFC101WL REV01,2X.295 HT,N,HYOSUNG CORPORATION,EONYANG,Eonyang,Others,South Korea,C101WL,HYOSUNG CORPORATION,EONYANG,Eonyang,Others,South Korea,,GL3093,NEW SOURCE,,14885.0,WILMA Contract, ,Anthony Hardy,N,N,EMEA,,EMEA,,,HYOSUNG CORPORATION,"Eonyang, South Korea",Eonyang,,HYOSUNG CORPORATION,EONYANG,EONYANG,OTHERS,SOUTH KOREA,No,HYOSUNG CORPORATION,"Eonyang, South Korea",Eonyang,,HYOSUNG CORPORATION,EONYANG,EONYANG,OTHERS,SOUTH KOREA,No
REINFORCEMENT,1,RFTM27CN,"HMLS PET 2200/1/2, 28 epi, new pink adhesive",N,HYOSUNG CORPORATION,DONG NAI,Dong Nai,Others,Vietnam,TM27CN,,,,,,,V00065,NEW MATERIAL,,18612.0,Pink dip adhesive for TM27HB,Doug Till,Doug Till,N,,"AP, EMEA, LA, NA",,,,,HYOSUNG CORPORATION,"Dong Nai, Vietnam",Dong Nai,JPK,HYOSUNG CORPORATION,DONG NAI,DONG NAI,OTHERS,VIETNAM,Yes,,,,,,,,,,
REINFORCEMENT,1,RFWD,1+5X.185UT,Y,BEKAERT,FIGLINE,FIGLINE,Others,Italy,BM01WD,,,,,,,GL3094,NEW SOURCE,,14805.0,2nd source approval, ,Anthony Hardy,Y,,"AP, EMEA, LA, NA",,,,,BEKAERT,"FIGLINE, ITALY",FIGLINE,EDR,BEKAERT,FIGLINE,FIGLINE,OTHERS,ITALY,Yes,,,,,,,,,,
REINFORCEMENT,1,RFS02N,"1400 DECITEX NYLON 6,6",Y,HYOSUNG CORPORATION,DONG NAI,Dong Nai,Others,Vietnam,HND-20,,,,,,,Y00054,NEW SOURCE,,15159.0,low cost source of N66 yarn, ,Doug Till,Y,,"AP, EMEA, LA, NA",,,,,HYOSUNG CORPORATION,"Dong Nai, Vietnam",Dong Nai,JPK,HYOSUNG CORPORATION,DONG NAI,DONG NAI,OTHERS,VIETNAM,Yes,,,,,,,,,,
REINFORCEMENT,1,RFBN32JA,"NYLON 6,6  1400/1 0X4.6 TPI 32EPI JA",Y,SHENMA INDUSTRIAL,SHANGAI,,Others,China,U02BN32JA,,,,,,,GTC2717JA,NEW SOURCE,,15691.0,Cost Savings, ,Julie Vanderhaeghen,Y,,"AP, EMEA, LA, NA",,,,,Shenma Industrial,Shangai,,JUA,SHENMA INDUSTRIAL,SHANGAI,,OTHERS,CHINA,Yes,,,,,,,,,,
REINFORCEMENT,1,RFWL,2x.295 HT,Y,HYOSUNG CORPORATION,DONG NAI - STEELCORD,Dong Nai,Others,Vietnam,C401WL,,,,,,,GL3109,NEW SOURCE,,18506.0,Wilma program, ,Etienne Schauer,Y,,"AP, EMEA, LA, NA",,,,,HYOSUNG CORPORATION,Dong Nai - Steelcord,Dong Nai,JTR,HYOSUNG CORPORATION,DONG NAI - STEELCORD,DONG NAI,OTHERS,VIETNAM,Yes,,,,,,,,,,
REINFORCEMENT,1,RFUW,2+2x.295 HT,Y,JIANGSU XINGDA,PLANT 9 - XING HUA,Xing Hua,Others,China,Z201UW,,,,,,,GL3101,NEW SOURCE,,16409.0,Approval of Plant 9, ,Anthony Hardy,Y,,"AP, LA, NA",,,,,JIANGSU XINGDA,Plant 9 - Xing Hua,Xing Hua,JVW,JIANGSU XINGDA,PLANT 9 - XING HUA,XING HUA,OTHERS,CHINA,Yes,,,,,,,,,,
REINFORCEMENT,1,RFTV28HF,"HMLS POLYESTER 1670/1/2 8.5x8.5TPI, 28EPI HF",N,INDORAMA VENTURES MOBILITY,KAIPING DIP UNIT #1,Kaiping,Others,China,TV28HF,,,,,,,V00061,NEW SOURCE,,18014.0,cost savings, ,Ceyhan Celik,N,,LA,,,,,INDORAMA VENTURES MOBILITY (Performance Fibers),Kaiping Dip Unit #1,Kaiping,JMX,INDORAMA VENTURES MOBILITY,KAIPING DIP UNIT #1,KAIPING,OTHERS,CHINA,Yes,,,,,,,,,,
REINFORCEMENT,1,RFBN24MA,"NYLON 6,6  1400/1 0X4.5 TPI 24EPI MA",N,HYOSUNG CORPORATION,DECATUR,Decatur,AL,USA,BN24MA,,,,,,,N00036,NEW SOURCE,,15335.0,second source BN24MA for utica transition, ,Doug Till,N,,"AP, EMEA, LA, NA",,,,,HYOSUNG CORPORATION,"Decatur, AL, USA",Decatur,AIT,HYOSUNG CORPORATION,DECATUR,DECATUR,AL,USA,Yes,,,,,,,,,,
REINFORCEMENT,1,RFQU32PF,AA HMLS POLYESTER 1440/1/2 9x9 TPI 32EPI PF,N,HYOSUNG CORPORATION,ULSAN,Ulsan,Others,South Korea,S02QU32PF,,,,,,,GTC3590,NEW SOURCE,,14978.0,security of supply, ,Romain Mersch,N,,"AP, EMEA, LA, NA",,,,,HYOSUNG CORPORATION,"Ulsan, South Korea",Ulsan,JAJ,HYOSUNG CORPORATION,ULSAN,ULSAN,OTHERS,SOUTH KOREA,Yes,,,,,,,,,,
REINFORCEMENT,1,RFFQ,3+2x.35 UT,N,HYOSUNG CORPORATION,QINGDAO,Qingdao,Others,China,C501FQ,,,,,,,GL3097,NEW SOURCE,,15303.0,Pulandian, ,Anthony Hardy,N,,"AP, EMEA, LA, NA",,,,,HYOSUNG CORPORATION,Qingdao,Qingdao,,HYOSUNG CORPORATION,QINGDAO,QINGDAO,OTHERS,CHINA,Yes,,,,,,,,,,
REINFORCEMENT,1,RFFB,3X.20+7X.23 NT,N,KAM - STEEL CORD,PINE BLUFF,Pine Bluff,AR,USA,F401FB,,,,,,,S00077,NEW SOURCE,,15296.0,Security of Supply, ,Srinivas Iyer,N,,"AP, LA, NA",,,,,KAM - Steel Cord,"Pine Bluff, AR, USA",Pine Bluff,,KAM - STEEL CORD,PINE BLUFF,PINE BLUFF,AR,USA,No,,,,,,,,,,
REINFORCEMENT,1,RFWL,2x.295 HT,Y,JIANGSU XINGDA,PLANT 9 - XING HUA,Xing Hua,Others,China,Z201WL,,,,,,,GL3100,NEW SOURCE,,16410.0,Plant 9 Approval, ,Anthony Hardy,Y,,"AP, EMEA, LA, NA",,,,,JIANGSU XINGDA,Plant 9 - Xing Hua,Xing Hua,JVW,JIANGSU XINGDA,PLANT 9 - XING HUA,XING HUA,OTHERS,CHINA,Yes,,,,,,,,,,
REINFORCEMENT,1,RFNF26TR,"NF26TR Rev: 0 Nylon 6,6 1400/2 10x10 TPI 26 EPI TR",N,HYOSUNG CORPORATION,DECATUR,Decatur,AL,USA,NF26TR,,,,,,,N00030,NEW MATERIAL,,14990.0,approve -21 process code for NF26,Michael Putinski,Michael Putinski,N,,NA,,,,,HYOSUNG CORPORATION,"Decatur, AL, USA",Decatur,AIT,HYOSUNG CORPORATION,DECATUR,DECATUR,AL,USA,Yes,,,,,,,,,,
REINFORCEMENT,1,RFM19G,Fiberglass 3300 Decitex,Y,SAINT-GOBAIN VETROTEX,TETLA TLAZCALA,,Others,Mexico,Vetrotex,,,,,,,Y00056,NEW SOURCE,,16373.0,use vetrotex ipo owens corning fiberglass going to NGF Canada for cost savings and supply security, ,Ceyhan Celik,Y,,"AP, LA, NA",,,,,Saint-Gobain Vetrotex,Tetla Tlazcala,,,SAINT-GOBAIN VETROTEX,TETLA TLAZCALA,,OTHERS,MEXICO,Yes,,,,,,,,,,
REINFORCEMENT,1,RFUM,3X.22/9X.20+1 HT,Y,BEKAERT,SHENYANG BSSC,Shenyang,Others,China,BG01UM,,,,,,,GL3106,NEW SOURCE,,15327.0,Pulandian, ,Anthony Hardy,Y,,"AP, EMEA, LA, NA",,,,,BEKAERT,"Shenyang BSSC, China",Shenyang,JJA,BEKAERT,SHENYANG BSSC,SHENYANG,OTHERS,CHINA,Yes,,,,,,,,,,
REINFORCEMENT,1,RFBI30GF,"NYLON 6,6 940/1 0X4.6S TPI 30EPI GF",N,KORDSA,IZMIT,Izmit,Others,Turkey,BI30GF,,,,,,,GTC2721GF,NEW SOURCE,,15719.0,cost savings, ,Julie Vanderhaeghen,N,,"AP, EMEA, LA, NA",,,,,KORDSA,"Izmit, Turkey",Izmit,BXD,KORDSA,IZMIT,IZMIT,OTHERS,TURKEY,Yes,,,,,,,,,,
REINFORCEMENT,1,RFWQ,1X5X.38 HT 2CF,N,KAM - STEEL CORD,PINE BLUFF,Pine Bluff,AR,USA,F401WQ,,,,,,,S00074,NEW SOURCE,,15009.0,supply constraints from existing manufacturer (SEI), ,Srinivas Iyer,N,,NA,,,,,KAM - Steel Cord,"Pine Bluff, AR, USA",Pine Bluff,,KAM - STEEL CORD,PINE BLUFF,PINE BLUFF,AR,USA,No,,,,,,,,,,
REINFORCEMENT,1,RFNF30ME,"NYLON 6,6 1400/1/2 10 X 10 TPI 30EPI ME",N,HYOSUNG CORPORATION,DECATUR,Decatur,AL,USA,NF30ME,,,,,,,N00034,NEW SOURCE,,15340.0,Second source of NF30ME for Utica Transition, ,Doug Till,N,,"AP, EMEA, LA, NA",,,,,HYOSUNG CORPORATION,"Decatur, AL, USA",Decatur,AIT,HYOSUNG CORPORATION,DECATUR,DECATUR,AL,USA,Yes,,,,,,,,,,
REINFORCEMENT,1,RFFR,3x.21/9x.185 UT,N,BEKAERT,FIGLINE,FIGLINE,Others,Italy,BM01FR,,,,,,,GL3092,NEW SOURCE,,14909.0,Security of Supply, ,Anthony Hardy,N,,"AP, EMEA, LA, NA",,,,,BEKAERT,"FIGLINE, ITALY",FIGLINE,EDR,BEKAERT,FIGLINE,FIGLINE,OTHERS,ITALY,Yes,,,,,,,,,,
REINFORCEMENT,1,RFTQ26HF,AA-HMLS POLYESTER 1440/1/3 8.5X8.5 TPI 26EPI VF,N,HYOSUNG CORPORATION,DECATUR,Decatur,AL,USA,TQ26HF,,,,,,,V00051,NEW SOURCE,,15334.0,second source of YK26VF for Utica transition, ,Doug Till,N,,"AP, EMEA, LA, NA",,,,,HYOSUNG CORPORATION,"Decatur, AL, USA",Decatur,AIT,HYOSUNG CORPORATION,DECATUR,DECATUR,AL,USA,Yes,,,,,,,,,,
REINFORCEMENT,1,RFAE01FH,SED AE,Y,KORDSA,IZMIT,Izmit,Others,Turkey,107AE01FH,,,,,,,AS0011,NEW MATERIAL,,15619.0,approve SED AE,Rob Boehlefeld,Ceyhan Celik,Y,,"AP, EMEA, LA, NA",,,,,KORDSA,"Izmit, Turkey",Izmit,BXD,KORDSA,IZMIT,IZMIT,OTHERS,TURKEY,Yes,,,,,,,,,,
REINFORCEMENT,1,RFTV27HP,"1670/1/2 HMLS PET, 8.5x8.5 tpi, 27 epi, HP",N,HYOSUNG CORPORATION,DECATUR,Decatur,AL,USA,TV27HP,,,,,,,V00058,NEW MATERIAL,,17392.0,Reduced End Count for TV28,Doug Till,Doug Till,N,,"AP, EMEA, LA, NA",,,,,HYOSUNG CORPORATION,"Decatur, AL, USA",Decatur,AIT,HYOSUNG CORPORATION,DECATUR,DECATUR,AL,USA,Yes,,,,,,,,,,
REINFORCEMENT,1,RFEJ,19X.22 +6X 1X.22/18X.20 +1 HT,Y,BEKAERT,SHENYANG BSAP,Shenyang,Others,China,BL01EJ,,,,,,,S00080,NEW SOURCE,,17466.0,Cost Savings, ,Srinivas Iyer,Y,,"AP, EMEA, LA, NA",,,,,BEKAERT,"Shenyang BSAP, China",Shenyang,JOH,BEKAERT,SHENYANG BSAP,SHENYANG,OTHERS,CHINA,Yes,,,,,,,,,,
REINFORCEMENT,1,RFBH01FQ,3+2x.35 UT,N,BEKAERT,SLADKOVICOVO,SLADKOVICOVO,Others,Slovak Republic,BH01FQ,,,,,,,GL3105,NEW SOURCE,,16483.0,Security of Supply, ,Anthony Hardy,N,,"AP, EMEA, LA, NA",,,,,BEKAERT,"SLADKOVICOVO, SLOVAK REPUBLIC",SLADKOVICOVO,EHK,BEKAERT,SLADKOVICOVO,SLADKOVICOVO,OTHERS,SLOVAK REPUBLIC,Yes,,,,,,,,,,
REINFORCEMENT,1,RFWT,2+1X.28 NT,Y,JIANGSU XINGDA,PLANT 9 - XING HUA,Xing Hua,Others,China,Z201WT,,,,,,,GL3103,NEW SOURCE,,16412.0,Plant 9 Approval, ,Anthony Hardy,Y,,"AP, EMEA, LA, NA",,,,,JIANGSU XINGDA,Plant 9 - Xing Hua,Xing Hua,JVW,JIANGSU XINGDA,PLANT 9 - XING HUA,XING HUA,OTHERS,CHINA,Yes,,,,,,,,,,
REINFORCEMENT,1,RFUG,1X.20/18X.175 ST,Y,JIANGSU XINGDA,PLANT 8 - XING HUA,Xing Hua,Others,China,Z101UG,,,,,,,GL3104,NEW SOURCE,,15627.0,Cost Savings, ,Anthony Hardy,Y,,"AP, EMEA, LA, NA",,,,,JIANGSU XINGDA,Plant 8 - Xing Hua,Xing Hua,JLA,JIANGSU XINGDA,PLANT 8 - XING HUA,XING HUA,OTHERS,CHINA,Yes,,,,,,,,,,
REINFORCEMENT,1,RFNF26MA,"NYLON 6,6  1400/1/2 10 X 10 TPI 26EPI MA",N,HYOSUNG CORPORATION,DECATUR,Decatur,AL,USA,NF26MA,,,,,,,N00035,NEW SOURCE,,15426.0,Second Source of NF26MA for Utica Replacement, ,Doug Till,N,,"AP, EMEA, LA, NA",,,,,HYOSUNG CORPORATION,"Decatur, AL, USA",Decatur,AIT,HYOSUNG CORPORATION,DECATUR,DECATUR,AL,USA,Yes,,,,,,,,,,
REINFORCEMENT,1,RFWP,2+2x.25 NT,N,BEKAERT,SHENYANG BSSC,Shenyang,Others,China,BG01WP,,,,,,,GL3108,NEW SOURCE,,18403.0,Pulandian program, ,Etienne Schauer,N,,"AP, EMEA, LA, NA",,,,,BEKAERT,"Shenyang BSSC, China",Shenyang,JJA,BEKAERT,SHENYANG BSSC,SHENYANG,OTHERS,CHINA,Yes,,,,,,,,,,
REINFORCEMENT,1,RFWQ,1X5X.38 HT 2CF,N,SUMITOMO ELECTRIC INDUSTRIES,THAILAND,Anmata,Others,Thailand,Q201WQ,,,,,,,S00085,NEW SOURCE,,16413.0,SEI Thailand plant approval. Cost Savings, ,Srinivas Iyer,N,,"AP, LA, NA",,,,,SUMITOMO ELECTRIC INDUSTRIES,Thailand,Anmata,,SUMITOMO ELECTRIC INDUSTRIES,THAILAND,ANMATA,OTHERS,THAILAND,No,,,,,,,,,,
REINFORCEMENT,1,RFAR,0.965MM BEAD WIRE - REGULAR TENSILE,Y,KISWIRE,YANGSAN,Yangsan,Others,South Korea,241AR,,,,,,,GL2089,NEW SOURCE,,18455.0,New plant needs to be approved for Kiswire, ,Etienne Schauer,Y,,"AP, EMEA, LA, NA",,,,,Kiswire - Bead Wire,"Yangsan, South Korea",Yangsan,JDR,KISWIRE,YANGSAN,YANGSAN,OTHERS,SOUTH KOREA,Yes,,,,,,,,,,
REINFORCEMENT,1,RFCG01FH,equivalent to code HS0002,Y,KORDSA,IZMIT,Izmit,Others,Turkey,DY2CG01FH,,,,,,,HS0004,NEW MATERIAL,,14829.0,new code for HS0002 due to GBS fabric characteristics issues,Joanne Shaw,Ceyhan Celik,Y,,"AP, EMEA, LA, NA",,,,,KORDSA,"Izmit, Turkey",Izmit,BXD,KORDSA,IZMIT,IZMIT,OTHERS,TURKEY,Yes,,,,,,,,,,
REINFORCEMENT,1,RFWP,2+2x.25 NT,Y,JIANGSU XINGDA,PLANT 9 - XING HUA,Xing Hua,Others,China,Z201WP,,,,,,,GL3102,NEW SOURCE,,16411.0,Plant 9 Approval, ,Anthony Hardy,Y,,"AP, EMEA, LA, NA",,,,,JIANGSU XINGDA,Plant 9 - Xing Hua,Xing Hua,JVW,JIANGSU XINGDA,PLANT 9 - XING HUA,XING HUA,OTHERS,CHINA,Yes,,,,,,,,,,
REINFORCEMENT,1,RFNC30JA,"NYLON 6,6  940/1/2 12 X 12 TPI 30EPI JA",N,SHENMA INDUSTRIAL,SHANGAI,,Others,China,NC30JA,,,,,,,GTC2719JA,NEW SOURCE,,15694.0,Cost Savings, ,Julie Vanderhaeghen,N,,AP,,,,,Shenma Industrial,Shangai,,JUA,SHENMA INDUSTRIAL,SHANGAI,,OTHERS,CHINA,Yes,,,,,,,,,,
REINFORCEMENT,1,RFTH27HA,"1100/1/2 HMLS PET, 10x10 tpi, 27 epi, HA",N,HYOSUNG CORPORATION,DECATUR,Decatur,AL,USA,TH27HA,,,,,,,V00060,NEW MATERIAL,,17399.0,EPI reduction on TH28HA,Doug Till,Doug Till,N,,"AP, EMEA, LA, NA",,,,,HYOSUNG CORPORATION,"Decatur, AL, USA",Decatur,AIT,HYOSUNG CORPORATION,DECATUR,DECATUR,AL,USA,Yes,,,,,,,,,,
REINFORCEMENT,1,RFES,(0.40+6X.365)+6X(.365+6X.35) ST,Y,JIAXING EASTERN,ZHEJIANG,Zhejiang,Others,China,Y101ES,,,,,,,S00083,NEW SOURCE,,18254.0,Cost Savings, ,Srinivas Iyer,Y,,"AP, LA, NA",,,,,JIAXING EASTERN,"Zhejiang, China",Zhejiang,JWJ,JIAXING EASTERN,ZHEJIANG,ZHEJIANG,OTHERS,CHINA,Yes,,,,,,,,,,
REINFORCEMENT,1,RFUK,2+2x.35 ST,Y,JIANGSU XINGDA,PLANT 9 - XING HUA,Xing Hua,Others,China,Z201UK,,,,,,,S00078,NEW SOURCE,,15626.0,Cost Savings and Security of Supply, ,Srinivas Iyer,Y,,"AP, EMEA, LA, NA",,,,,JIANGSU XINGDA,Plant 9 - Xing Hua,Xing Hua,JVW,JIANGSU XINGDA,PLANT 9 - XING HUA,XING HUA,OTHERS,CHINA,Yes,,,,,,,,,,
REINFORCEMENT,1,RFFQ,3+2x.35 UT,Y,JIAXING EASTERN,ZHEJIANG,Zhejiang,Others,China,Y101FQ,,,,,,,GL3098,NEW SOURCE,,15630.0,Cost Savings, ,Anthony Hardy,Y,,"AP, EMEA, LA, NA",,,,,JIAXING EASTERN,"Zhejiang, China",Zhejiang,JWJ,JIAXING EASTERN,ZHEJIANG,ZHEJIANG,OTHERS,CHINA,Yes,,,,,,,,,,
REINFORCEMENT,1,RFNG30GA,"NYLON 6,6  1400/1/2  6X6TPI  30EPI  GA",Y,KORDSA,IZMIT,Izmit,Others,Turkey,Z01NG30GA,,,,,,,GTC2722GA,NEW SOURCE,,15720.0,cost savings, ,Julie Vanderhaeghen,Y,,"AP, EMEA, LA, NA",,,,,KORDSA,"Izmit, Turkey",Izmit,BXD,KORDSA,IZMIT,IZMIT,OTHERS,TURKEY,Yes,,,,,,,,,,
REINFORCEMENT,1,RFQ201FB,3X.20+7X.23 NT,N,SUMITOMO ELECTRIC INDUSTRIES,THAILAND,Anmata,Others,Thailand,Q101FB,,,,,,,S00084,NEW SOURCE,,16414.0,Approval of Thailand plant. Cost Savings, ,Srinivas Iyer,N,,"AP, LA, NA",,,,,SUMITOMO ELECTRIC INDUSTRIES,Thailand,Anmata,,SUMITOMO ELECTRIC INDUSTRIES,THAILAND,ANMATA,OTHERS,THAILAND,No,,,,,,,,,,
REINFORCEMENT,1,RFFR,3x.21/9x.185 UT,Y,BEKAERT,SHENYANG BSSC,Shenyang,Others,China,BG01FR,,,,,,,S00082,NEW SOURCE,,15490.0,Security of Supply with FR Transition, ,Srinivas Iyer,Y,,"AP, EMEA, LA, NA",,,,,BEKAERT,"Shenyang BSSC, China",Shenyang,JJA,BEKAERT,SHENYANG BSSC,SHENYANG,OTHERS,CHINA,Yes,,,,,,,,,,
REINFORCEMENT,1,RFCH16WA,"Low Denier Hybrid:  670/1 Kevlar AP + 470/1 Nylon 66, 18.3Z + 10.3Z x 18.3S",Y,KORDSA,IZMIT,Izmit,Others,Turkey,EF2CH16WA,KORDSA,IZMIT,Izmit,Others,Turkey,,H32064,NEW MATERIAL,,15177.0,Lone Star Overlay,Doug Till,Doug Till,Y,Y,"AP, EMEA, LA, NA",,"AP, EMEA, LA, NA",,,KORDSA,"Izmit, Turkey",Izmit,BXD,KORDSA,IZMIT,IZMIT,OTHERS,TURKEY,Yes,KORDSA,"Izmit, Turkey",Izmit,BXD,KORDSA,IZMIT,IZMIT,OTHERS,TURKEY,Yes
REINFORCEMENT,1,RFEE,5/8/14X.265+1ST,Y,BEKAERT,KARTEPE,Kartepe,Others,Turkey,BN01EE,,,,,,,GL3107,NEW SOURCE,,17719.0,Samples coming from Turkey instead of Italy, ,Etienne Schauer,Y,,"AP, EMEA, LA, NA",,,,,BEKAERT,"KARTEPE, TURKEY",Kartepe,APP,BEKAERT,KARTEPE,KARTEPE,OTHERS,TURKEY,Yes,,,,,,,,,,
REINFORCEMENT,1,RFFN,4+3x.35 UT,N,HYOSUNG CORPORATION,QINGDAO,Qingdao,Others,China,C501FN,,,,,,,S00076,NEW SOURCE,,15302.0,Pulandian, ,Srinivas Iyer,N,,"AP, EMEA, LA, NA",,,,,HYOSUNG CORPORATION,Qingdao,Qingdao,,HYOSUNG CORPORATION,QINGDAO,QINGDAO,OTHERS,CHINA,Yes,,,,,,,,,,
REINFORCEMENT,1,RFLF25MA,LF25MA with std. weft,Y,SRF,MANALI,MANALI,Others,India,I16LF25MA,,,,,,,L00021,NEW MATERIAL,,14847.0,Reduce EPI in tire,Ken Kot,Ken Kot,Y,,"AP, EMEA, LA, NA",,,,,SRF,"MANALI, CHENNAI, INDIA",MANALI,JDD,SRF,MANALI,MANALI,OTHERS,INDIA,Yes,,,,,,,,,,
REINFORCEMENT,1,RFBD01UK,2+2x.35 ST,N,BEKAERT,JIANGYIN,Jiangyin,Others,China,BD01UK,,,,,,,S00096,NEW SOURCE,,25296.0,2015 Productivity, ,Richard Porter,N,,"AP, EMEA, LA, NA",,,,,BEKAERT,"Jiangyin, China",Jiangyin,JTM,BEKAERT,JIANGYIN,JIANGYIN,OTHERS,CHINA,Yes,,,,,,,,,,
REINFORCEMENT,1,RFTV27HF,"1670/1/2 HMLS PET 8.5x8.5 tpi, 27 epi, HF",N,INDORAMA VENTURES MOBILITY,QUERETARO,QUERETARO,Others,Mexico,TV27HF,,,,,,,V00086,NEW SOURCE,,24000.0,"This approval program is related to our 2015+ Polyester Negotiation and Agreements. Since we have a Market Price Mechanism starting with Hyosung for all Polyester supplied by them starting in 2016 (with a 36 MT PET commitment), we need to lock in competitive pricing with other Polyester suppliers in 2015, 2016, and 2017 so the Goodyear portion of the market price mechanism is as low as possible.", ,Taylor Niehaus,N,,"AP, EMEA, LA, NA",,,,,INDORAMA VENTURES MOBILITY (Performance Fibers),"QUERETARO, MEXICO",QUERETARO,BBJ,INDORAMA VENTURES MOBILITY,QUERETARO,QUERETARO,OTHERS,MEXICO,Yes,,,,,,,,,,
REINFORCEMENT,1,RFCA28YF,"MERGED CORD  1100 DTEX ARAMID / 940 DTEX NYLON 6,6 28 EPI YF",N,KORDSA,IZMIT,Izmit,Others,Turkey,CA28YF,KORDSA,IZMIT,Izmit,Others,Turkey,,GTC4721YF,NEW SOURCE,,19406.0,Security of Suppl / Hyosung Lux tolling, ,Julien Plattier,N,N,"AP, EMEA, LA, NA",,"AP, EMEA, LA, NA",,,KORDSA,"Izmit, Turkey",Izmit,BXD,KORDSA,IZMIT,IZMIT,OTHERS,TURKEY,Yes,KORDSA,Izmit,Izmit,BXD,KORDSA,IZMIT,IZMIT,OTHERS,TURKEY,No
REINFORCEMENT,1,RFNP22GF,"NYLON 66, 2100/2 dtex, 8x8 TPI, 22 EPI, GF",N,KORDSA,IZMIT,Izmit,Others,Turkey,NP22GF,,,,,,,GTC2749GF,NEW MATERIAL,,21759.0,Part of the Hyosung tolling program,Vito Sinopoli,Julien Plattier,N,,"AP, EMEA, LA, NA",,,,,KORDSA,Izmit,Izmit,BXD,KORDSA,IZMIT,IZMIT,OTHERS,TURKEY,No,,,,,,,,,,
REINFORCEMENT,1,RFRW31SH,"RAYON, 1220/1/2 Dtex, 12.3/12.3 TPI, 31 EPI, SH",Y,INDORAMA VENTURES MOBILITY,LUXEMBOURG,Steinfort,Others,Luxembourg,Q09RW31SH,INDORAMA VENTURES MOBILITY,LUXEMBOURG,Steinfort,Others,Luxembourg,,GTC1240SH,NEW MATERIAL,,21475.0,"Textilcord agrees to pay for  cost of approval. Total Financial Benefit is 220,800.",Prawin Pandian,Prawin Pandian,Y,Y,"AP, EMEA, LA, NA",,"AP, EMEA, LA, NA",,,INDORAMA VENTURES MOBILITY LUXEMBOURG (Textilcord),Luxembourg,Steinfort,EGN,INDORAMA VENTURES MOBILITY,LUXEMBOURG,STEINFORT,OTHERS,LUXEMBOURG,Yes,INDORAMA VENTURES MOBILITY LUXEMBOURG (Textilcord),Luxembourg,Steinfort,EGN,INDORAMA VENTURES MOBILITY,LUXEMBOURG,STEINFORT,OTHERS,LUXEMBOURG,Yes
REINFORCEMENT,1,RFBC01EM,4x2x.34 HE,N,BEKAERT,ITAUNA - MG BRAZIL (STEEL CORD),Itauna,Others,Brazil,BC01EM,,,,,,,S00094,NEW SOURCE,,25188.0,2015 Productivity, ,Richard Porter,N,,"AP, EMEA, LA, NA",,,,,BEKAERT,"Itauna, MG, Brazil (Steel Cord)",Itauna,DAG,BEKAERT,ITAUNA - MG BRAZIL (STEEL CORD),ITAUNA,OTHERS,BRAZIL,Yes,,,,,,,,,,
REINFORCEMENT,1,RFTC27HF,"HMLS POLYESTER, 1100/2, 12x12 TPI, 27 EPI, HF",N,THAI INDO KORDSA,AYUTTHAYA,"AYUTTHAYA, THAILAND",Others,Thailand,TC27HF,,,,,,,GTC3661HF,NEW SOURCE,,26048.0,Contractual Obligation, ,Prawin Pandian,N,,"AP, EMEA, LA, NA",,,,,THAI INDO KORDSA,"AYUTTHAYA, THAILAND","AYUTTHAYA, THAILAND",JAE,THAI INDO KORDSA,AYUTTHAYA,"AYUTTHAYA, THAILAND",OTHERS,THAILAND,Yes,,,,,,,,,,
REINFORCEMENT,1,RFTC32HF,HMLS POLYESTER 1100/1/2 12X12 TPI 32EPI HF,N,KORDSA,KORDSA INDONESIA,,Others,Indonesia,TC32HF,,,,,,,GTC3656HF,NEW SOURCE,,24403.0,2015 Productivity, ,Prawin Pandian,N,,"AP, EMEA, LA, NA",,,,,KORDSA,Kordsa Indonesia,,,KORDSA,KORDSA INDONESIA,,OTHERS,INDONESIA,Yes,,,,,,,,,,
REINFORCEMENT,1,RFJN01DH,JN01DH,Y,KORDSA,IZMIT,Izmit,Others,Turkey,Z13JN01DH,,,,,,,NS0009,NEW MATERIAL,,25255.0,approve SED JN cord,Joanne Shaw,Ceyhan Celik,Y,,"AP, EMEA, LA, NA",,,,,KORDSA,"Izmit, Turkey",Izmit,BXD,KORDSA,IZMIT,IZMIT,OTHERS,TURKEY,Yes,,,,,,,,,,
REINFORCEMENT,1,RFAT30YF,ARAMID  1100/1/2 16 X 16 TPI 30EPI YF,N,TEIJIN ARAMID,EERSTE BOKSLOOTWEG,Emmen,Others,Netherlands,TWARON 1000,,,,,,,GTC4726YF,NEW SOURCE,,21035.0,"GRT team has concluded that AT30YF material from Hyosung Lux produced with DuPont yarn is falling very close to being out of spec on adhesion levels. Therefore, for a technical reason they need to use Teijin yarn (which has history of better adhesion) in place of DuPont yarn for this code.", ,Prawin Pandian,N,,"AP, EMEA, LA, NA",,,,,Teijin Aramid,"Eerste Bokslootweg, Emmen, Netherlands",Emmen,,TEIJIN ARAMID,EERSTE BOKSLOOTWEG,EMMEN,OTHERS,NETHERLANDS,Yes,,,,,,,,,,
REINFORCEMENT,1,RFFP,1x.21/18x.185 UT,N,JIAXING EASTERN,TENGZHOU EASTERN STEEL CORD CO. LTD,Tengzhou,Others,China,Y201FP,,,,,,,S00095,NEW SOURCE,,25194.0,2016 Productivity, ,Richard Porter,N,,"AP, LA, NA",,,,,JIAXING EASTERN,Tengzhou Eastern Steel Cord Co. LTD,Tengzhou,JTK,JIAXING EASTERN,TENGZHOU EASTERN STEEL CORD CO. LTD,TENGZHOU,OTHERS,CHINA,Yes,,,,,,,,,,
REINFORCEMENT,1,RFNW35JR,"NYLON 6,6  470/1/2 14 X 14 TPI 35EPI JR",N,HYOSUNG CORPORATION,DONG NAI,Dong Nai,Others,Vietnam,Z12NW35JR,,,,,,,N00075,NEW SOURCE,,21694.0,Part of the Hyosung Tolling Program, ,Allison Sanders,N,,"AP, LA, NA",,,,,HYOSUNG CORPORATION,"Dong Nai, Vietnam",Dong Nai,JPK,HYOSUNG CORPORATION,DONG NAI,DONG NAI,OTHERS,VIETNAM,Yes,,,,,,,,,,
REINFORCEMENT,1,RFTC27HF,"HMLS POLYESTER, 1100/2, 12x12 TPI, 27 EPI, HF",N,HYOSUNG CORPORATION,DONG NAI,Dong Nai,Others,Vietnam,TC27HF,,,,,,,V00087,NEW SOURCE,,24300.0,"This approval program is related to our 2015+ Polyester Negotiation and Agreements. Since we have a Market Price Mechanism starting with Hyosung for all Polyester supplied by them starting in 2016 (with a 36 MT PET commitment), we need to lock in competitive pricing with other Polyester suppliers in 2015, 2016, and 2017 so the Goodyear portion of the market price mechanism is as low as possible.", ,Doug Till,N,,"AP, EMEA, LA, NA",,,,,HYOSUNG CORPORATION,"Dong Nai, Vietnam",Dong Nai,JPK,HYOSUNG CORPORATION,DONG NAI,DONG NAI,OTHERS,VIETNAM,Yes,,,,,,,,,,
REINFORCEMENT,1,RFNF26JA,"NYLON 6,6  1400/1/2 10 X 10 TPI 26EPI JA",Y,KORDSA,BA,,BA,Brazil,139NF26JA,,,,,,,N00097,NEW SOURCE,,23076.0,"Why are we making the change, i.e. this year's productivity?   Contractual Obligation; As a part of the new Hyosung Fabric Contract, Hyosung Brazil Dip Unit is only obligated to stay open through 2015. However, now that Titan has their own calendar and will be purchasing dipped fabric from alternative suppliers, they will no longer be running their volume through the Hyosung dip unit.", ,Taylor Niehaus,Y,,"AP, EMEA, LA, NA",,,,,KORDSA,"BA, Brazil",,DBV,KORDSA,BA,,BA,BRAZIL,Yes,,,,,,,,,,
REINFORCEMENT,1,RFTC35HF,"NAA-HMLS PET, 1100/2, 12X12 TPI, 35 EPI, HF",N,HYOSUNG CORPORATION,DONG NAI,Dong Nai,Others,Vietnam,TC35HF,,,,,,,GTC3638HF,NEW MATERIAL,,20204.0,Security of Supply -Hyosung Lux Tolling,Vito Sinopoli,Julien Plattier,N,,"AP, EMEA, LA, NA",,,,,HYOSUNG CORPORATION,"Dong Nai, Vietnam",Dong Nai,JPK,HYOSUNG CORPORATION,DONG NAI,DONG NAI,OTHERS,VIETNAM,Yes,,,,,,,,,,
REINFORCEMENT,1,RFTC27HF,"HMLS POLYESTER, 1100/2, 12x12 TPI, 27 EPI, HF",N,INDORAMA VENTURES MOBILITY,KAIPING DIP UNIT #1,Kaiping,Others,China,TC27HF,,,,,,,V00068,NEW MATERIAL,,21075.0,MDPO program to change from 28 epi to 27 epi, ,Doug Till,N,,"AP, EMEA, LA, NA",,,,,INDORAMA VENTURES MOBILITY (Performance Fibers),Kaiping Dip Unit #1,Kaiping,JMX,INDORAMA VENTURES MOBILITY,KAIPING DIP UNIT #1,KAIPING,OTHERS,CHINA,Yes,,,,,,,,,,
REINFORCEMENT,1,RFAD28YR,ARAMID  1670/1/2 8.4 X 8.4 TPI 28EPI YR,N,KORDSA,IZMIT,Izmit,Others,Turkey,AD28YR,,,,,,,A00026,NEW SOURCE,,21337.0,Part of the Hyosung tolling program, ,Ceyhan Celik,N,,"AP, LA, NA",,,,,KORDSA,Izmit,Izmit,BXD,KORDSA,IZMIT,IZMIT,OTHERS,TURKEY,No,,,,,,,,,,
REINFORCEMENT,1,RFF501FR,3x.21/9x.185 UT,N,KAM - STEEL CORD,CHANGWON,Changwon,Others,South Korea,F501FR,,,,,,,S00089,NEW SOURCE,,21415.0,Security of Supply, ,Richard Porter,N,,"AP, LA, NA",,,,,KAM - Steel Cord,"Changwon, South Korea (S)",Changwon,,KAM - STEEL CORD,CHANGWON,CHANGWON,OTHERS,SOUTH KOREA,No,,,,,,,,,,
REINFORCEMENT,1,RFFQ,3+2x.35 UT,Y,JIANGSU XINGDA,PLANT 9 - XING HUA,Xing Hua,Others,China,Z201FQ,,,,,,,GL3111,NEW SOURCE,,21416.0,Security of Supply, ,Etienne Schauer,Y,,"AP, LA, NA",,,,,JIANGSU XINGDA,Plant 9 - Xing Hua,Xing Hua,JVW,JIANGSU XINGDA,PLANT 9 - XING HUA,XING HUA,OTHERS,CHINA,Yes,,,,,,,,,,
REINFORCEMENT,1,RFJH,0.89MM BEAD WIRE - HIGH TENSILE,Y,BEKAERT,SLADKOVICOVO,SLADKOVICOVO,Others,Slovak Republic,027JH,,,,,,,GL2092,NEW SOURCE,,21331.0,"Contract obligation: this is part of Bekaert factoring deal with $ 30 MM working capital improvement, which is entered as acccout payable benefit; this is also in line with the strategy with Bekaert to gradually move the volume from HCC to LCC location.", ,Etienne Schauer,Y,,"AP, EMEA, LA, NA",,,,,BEKAERT,"SLADKOVICOVO, SLOVAK REPUBLIC",SLADKOVICOVO,EHK,BEKAERT,SLADKOVICOVO,SLADKOVICOVO,OTHERS,SLOVAK REPUBLIC,Yes,,,,,,,,,,
REINFORCEMENT,1,RFCB20YF,"MERGED CORD 1100DTEX ARAMID/940 DTEX NYLON 6,6 20 EPI YF",N,INDORAMA VENTURES MOBILITY,LUXEMBOURG,Steinfort,Others,Luxembourg,AN1CB20YF,,,,,,,GTC4711YF,NEW SOURCE,,20852.0,Approve Textilcord to produce CB20YF as part of the Huosung Tolling Program. Re. LISA, ,Prawin Pandian,N,,"AP, EMEA",,,,,INDORAMA VENTURES MOBILITY LUXEMBOURG (Textilcord),Luxembourg,Steinfort,EGN,INDORAMA VENTURES MOBILITY,LUXEMBOURG,STEINFORT,OTHERS,LUXEMBOURG,Yes,,,,,,,,,,
REINFORCEMENT,1,RFCH,"1.83MM BEAD WIRE - HIGH TENSILE
(Cooper Code 9024)",Y,BEKAERT,SLADKOVICOVO,SLADKOVICOVO,Others,Slovak Republic,027CH,,,,,,,GL2090,NEW SOURCE,,21333.0,"Contract obligation: this is part of Bekaert factoring deal with $ 30 MM working capital improvement, which is entered as acccout payable benefit; this is also in line with the strategy with Bekaert to gradually move the volume from HCC to LCC location.", ,Etienne Schauer,Y,,"AP, EMEA, LA, NA",,,,,BEKAERT,"SLADKOVICOVO, SLOVAK REPUBLIC",SLADKOVICOVO,EHK,BEKAERT,SLADKOVICOVO,SLADKOVICOVO,OTHERS,SLOVAK REPUBLIC,Yes,,,,,,,,,,
REINFORCEMENT,1,RFQU30PF,AA HMLS POLYESTER 1440/1/2 9 X 9 TPI 30EPI PF,Y,HYOSUNG CORPORATION,LISA,LISA,Others,Luxembourg,S02QU30PF,,,,,,,S02QU30PF,NEW SOURCE,,20032.0,Code currently used in production at Hyosung Lux but no clear approval granted., ,Julien Plattier,Y,,"AP, EMEA, LA, NA",,,,,HYOSUNG CORPORATION,"LISA, LUXEMBOURG",LISA,AIG,HYOSUNG CORPORATION,LISA,LISA,OTHERS,LUXEMBOURG,Yes,,,,,,,,,,
REINFORCEMENT,1,RFRN26SC,"RAYON, 1840/3, 9.1x9.1 TPI, 26 EPI, SC",N,CORDENKA,OBERNBURG,OBERNBURG,Others,Germany,RN26SC,,,,,,,GTC1235SC,NEW MATERIAL,,20055.0,FTP - Fabric Tolling Project,Vito Sinopoli,Julien Plattier,N,,"AP, EMEA, LA, NA",,,,,CORDENKA,"OBERNBURG, GERMANY",OBERNBURG,EHY,CORDENKA,OBERNBURG,OBERNBURG,OTHERS,GERMANY,Yes,,,,,,,,,,
REINFORCEMENT,1,RF152AX24YR,1100/1/3 dtex K29AP aramid,N,KORDSA,IZMIT,Izmit,Others,Turkey,1100/1/3 dtex AP aramid,,,,,,,A00023,NEW MATERIAL,,20241.0,"Common cord development for race - 1100/1/3 dtex, 8.4 x 8.4 SED woven fabric",Ceyhan Celik,Ceyhan Celik,N,,"AP, EMEA, LA, NA",,,,,KORDSA,"Izmit, Turkey",Izmit,BXD,KORDSA,IZMIT,IZMIT,OTHERS,TURKEY,Yes,,,,,,,,,,
REINFORCEMENT,1,RFUG,1X.20/18X.175 ST,Y,JIAXING EASTERN,TENGZHOU EASTERN STEEL CORD CO. LTD,Tengzhou,Others,China,Y201UG,,,,,,,GL3112,NEW SOURCE,,22788.0,2015 Productivity, ,Arun Manogaran,Y,,"AP, EMEA, LA, NA",,,,,JIAXING EASTERN,Tengzhou Eastern Steel Cord Co. LTD,Tengzhou,JTK,JIAXING EASTERN,TENGZHOU EASTERN STEEL CORD CO. LTD,TENGZHOU,OTHERS,CHINA,Yes,,,,,,,,,,
REINFORCEMENT,1,RFRE25SC,RAYON  1840/1/3 12 X 10 TPI 25EPI SC,N,CORDENKA,OBERNBURG,OBERNBURG,Others,Germany,RE25SC,,,,,,,GTC1237SC,NEW MATERIAL,,20050.0,FTP - Fabric Tolling Project,Vito Sinopoli,Prawin Pandian,N,,"AP, EMEA, LA, NA",,,,,CORDENKA,"OBERNBURG, GERMANY",OBERNBURG,EHY,CORDENKA,OBERNBURG,OBERNBURG,OTHERS,GERMANY,Yes,,,,,,,,,,
REINFORCEMENT,1,RFJF26DR,"NYLON 6,6  1400/1/2 10 X 10 TPI 26EPI DR",Y,KORDSA,IZMIT,Izmit,Others,Turkey,Z09JF26DR,,,,,,,N00079,NEW SOURCE,,22056.0,Part of the Hyosung Tolling Reduction Program, ,Allison Sanders,Y,,"AP, LA, NA",,,,,KORDSA,Izmit,Izmit,BXD,KORDSA,IZMIT,IZMIT,OTHERS,TURKEY,No,,,,,,,,,,
REINFORCEMENT,1,RFLC33JA,NYLON 6 940/1/2 12 X 12 TPI 33EPI JA,N,FORMOSA TAFFETA,TOULIU,TOULIU,Others,Taiwan,LC33JA,,,,,,,L00030,NEW SOURCE,,23149.0,Contractual Obligation, ,Taylor Niehaus,N,,"AP, LA, NA",,,,,FORMOSA TAFFETA (FCFC),"TOULIU, TAIWAN",TOULIU,JFM,FORMOSA TAFFETA,TOULIU,TOULIU,OTHERS,TAIWAN,No,,,,,,,,,,
REINFORCEMENT,1,RFBH20MS,"NYLON 6,6 1400/1/3 8.4X8.4 TPI 20EPI MS",Y,KORDSA,LAUREL HILL,Laurel Hill,SC,USA,139BH20MS,,,,,,,N00117,NEW SOURCE,,24273.0,Part of the Hyosung Tolling Reduction program, ,Matthew Goldberg,Y,,"AP, LA, NA",,,,,KORDSA,"Laurel Hill, SC, USA",Laurel Hill,CNP,KORDSA,LAUREL HILL,LAUREL HILL,SC,USA,Yes,,,,,,,,,,
REINFORCEMENT,1,RFF401UD,3+3x.35 ST,N,KISWIRE,Pine Bluff,Pine Bluff,AR,USA,F401UD,,,,,,,S00093,NEW SOURCE,,24646.0,Security of Supply, ,Srinivas Iyer,N,,"AP, EMEA, LA, NA",,,,,,,,,,,,,,,,,,,,,,,,
REINFORCEMENT,1,RFBH,"1.295MM BEAD WIRE - HIGH TENSILE 
(Cooper 9021/9906/9001)",Y,KISWIRE,QINGDAO,Qingdao,Others,China,246BH,,,,,,,GL2097,NEW SOURCE,,24446.0,Security of Supply, ,Etienne Schauer,Y,,"AP, EMEA, LA, NA",,,,,KISWIRE,Qingdao,Qingdao,JMA,KISWIRE,QINGDAO,QINGDAO,OTHERS,CHINA,No,,,,,,,,,,
REINFORCEMENT,1,RFBH,"1.295MM BEAD WIRE - HIGH TENSILE 
(Cooper 9021/9906/9001)",Y,KISWIRE,PASIR GUDANG,Pasir Gudang,Others,Malaysia,245BH,,,,,,,GL2096,NEW SOURCE,,24343.0,Security of Supply, ,Etienne Schauer,Y,,"AP, LA, NA",,,,,KISWIRE,"Pasir Gudang, JOH, Malaysia",Pasir Gudang,JAM,KISWIRE,PASIR GUDANG,PASIR GUDANG,OTHERS,MALAYSIA,Yes,,,,,,,,,,
REINFORCEMENT,1,RFNP23JR,To include NP23JR in SOS,Y,HYOSUNG CORPORATION,DECATUR,Decatur,AL,USA,149NP23JR,,,,,,,N00062,NEW MATERIAL,,19988.0,Code exists in SIS but is not in source of supply. Program is created to include in source of supply.,Ceyhan Celik,Ceyhan Celik,Y,,"AP, EMEA, LA, NA",,,,,HYOSUNG CORPORATION,"Decatur, AL, USA",Decatur,AIT,HYOSUNG CORPORATION,DECATUR,DECATUR,AL,USA,Yes,,,,,,,,,,
REINFORCEMENT,1,RFRD30SC,This NM approval is for code RD30SC from Cordenka that will replace RD30AF from ,N,CORDENKA,OBERNBURG,OBERNBURG,Others,Germany,RD30SC,,,,,,,GTC1236SC,NEW MATERIAL,,20049.0,FTP - Fabric Tolling Project,Vito Sinopoli,Prawin Pandian,N,,"AP, EMEA, LA, NA",,,,,CORDENKA,"OBERNBURG, GERMANY",OBERNBURG,EHY,CORDENKA,OBERNBURG,OBERNBURG,OTHERS,GERMANY,Yes,,,,,,,,,,
REINFORCEMENT,1,RFNT30QA,"Nylon 66, 950/1 dtex, 0 TPI, 30 EPI, QA",Y,INDORAMA VENTURES MOBILITY,LUXEMBOURG,Steinfort,Others,Luxembourg,E05NT30QA,,,,,,,GTC2746QA,NEW MATERIAL,,20772.0,Hyosung tolling reduction project, ,Julien Plattier,Y,,"AP, EMEA, LA, NA",,,,,INDORAMA VENTURES MOBILITY LUXEMBOURG (Textilcord),Luxembourg,Steinfort,EGN,INDORAMA VENTURES MOBILITY,LUXEMBOURG,STEINFORT,OTHERS,LUXEMBOURG,Yes,,,,,,,,,,
REINFORCEMENT,1,RFNC28MA,"NYLON 6,6  940/1/2 12 X 12 TPI 28EPI MA",N,KORDSA,LAUREL HILL,Laurel Hill,SC,USA,NC28MA,,,,,,,N00076,NEW SOURCE,,21753.0,Part of the Hyosung tolling program, ,Doug Till,N,,"AP, LA, NA",,,,,KORDSA,"Laurel Hill, SC, USA",Laurel Hill,CNP,KORDSA,LAUREL HILL,LAUREL HILL,SC,USA,Yes,,,,,,,,,,
REINFORCEMENT,1,RFAP30YR,"ARAMID, 1100/2, 9x9 TPI, 30 EPI, YR",N,KORDSA,IZMIT,Izmit,Others,Turkey,AP30YR,,,,,,,A00032,NEW SOURCE,,24061.0,Part of the Hyosung Tolling Reduction Program, ,Heather Finklestein,N,,"AP, LA, NA",,,,,KORDSA,Izmit,Izmit,BXD,KORDSA,IZMIT,IZMIT,OTHERS,TURKEY,No,,,,,,,,,,
REINFORCEMENT,1,RFTC27HA,HMLS POLYESTER  1100/1/2 12 X 12 TPI 27EPI HA,N,PT INDO KORDSA,CITEUREUP,CITEUREUP,Others,Indonesia,TC27HA,KORDSA,LAUREL HILL,Laurel Hill,SC,USA,,GTC3655HA,NEW SOURCE,,24149.0,"This approval program is related to our 2015+ Polyester Negotiation and Agreements. Since we have a Market Price Mechanism starting with Hyosung for all Polyester supplied by them starting in 2016 (with a 36 MT PET commitment), we need to lock in competitive pricing with other Polyester suppliers in 2015, 2016, and 2017 so the Goodyear portion of the market price mechanism is as low as possible.", ,Prawin Pandian,N,N,"AP, EMEA, LA, NA",,"AP, EMEA, LA, NA",,,PT INDO KORDSA,"CITEUREUP, INDONESIA",CITEUREUP,BGQ,PT INDO KORDSA,CITEUREUP,CITEUREUP,OTHERS,INDONESIA,Yes,KORDSA,"Laurel Hill, SC, USA",Laurel Hill,CNP,KORDSA,LAUREL HILL,LAUREL HILL,SC,USA,Yes
REINFORCEMENT,1,RFLF26JA,NYLON 6  1400/1/2 10 X 10 TPI 26EPI JA,Y,FORMOSA TAFFETA,TOULIU,TOULIU,Others,Taiwan,V02LF26JA,,,,,,,L00029,NEW SOURCE,,23132.0,Contractual Obligation, ,Rebecca Dando,Y,,"AP, LA, NA",,,,,FORMOSA TAFFETA (FCFC),"TOULIU, TAIWAN",TOULIU,JFM,FORMOSA TAFFETA,TOULIU,TOULIU,OTHERS,TAIWAN,No,,,,,,,,,,
REINFORCEMENT,1,RFNC21QA,"NYLON 6,6  940/1/2 12 X 12 TPI 21EPI QA",N,HYOSUNG CORPORATION,DONG NAI,Dong Nai,Others,Vietnam,119NC21QA,,,,,,,N00069,NEW SOURCE,,20067.0,This program is part of LTA agreement with Hyosung that provides annual savings of $1.9M for N66., ,Doug Till,N,,"AP, LA, NA",,,,,HYOSUNG CORPORATION,"Dong Nai, Vietnam",Dong Nai,JPK,HYOSUNG CORPORATION,DONG NAI,DONG NAI,OTHERS,VIETNAM,Yes,,,,,,,,,,
REINFORCEMENT,1,RFJH23QR,"NYLON 6,6  1400/1/3 8 X 8 TPI 23EPI QR",Y,KORDSA,IZMIT,Izmit,Others,Turkey,Z09JH23QR,,,,,,,N00081,NEW SOURCE,,22060.0,Part of the Hyosung tolling reduction program, ,Allison Sanders,Y,,"AP, EMEA, LA, NA",,,,,KORDSA,Izmit,Izmit,BXD,KORDSA,IZMIT,IZMIT,OTHERS,TURKEY,No,,,,,,,,,,
REINFORCEMENT,1,RFLF23JA,NYLON 6  1400/1/2 10 X 10 TPI 23EPI JA,Y,FORMOSA TAFFETA,TOULIU,TOULIU,Others,Taiwan,V02LF23JA,,,,,,,L00028,NEW SOURCE,,23131.0,Contractual Obligation, ,Rebecca Dando,Y,,"AP, LA, NA",,,,,FORMOSA TAFFETA (FCFC),"TOULIU, TAIWAN",TOULIU,JFM,FORMOSA TAFFETA,TOULIU,TOULIU,OTHERS,TAIWAN,No,,,,,,,,,,
REINFORCEMENT,1,RFRE18SC,RE18SC ipo RE18BG for HTE. RE18SC is from Cordenka,N,CORDENKA,OBERNBURG,OBERNBURG,Others,Germany,RE18SC,,,,,,,R00004,NEW MATERIAL,,20051.0,FTP - Fabric Tolling Program,Vito Sinopoli,Ceyhan Celik,N,,"AP, EMEA, LA, NA",,,,,CORDENKA,"OBERNBURG, GERMANY",OBERNBURG,EHY,CORDENKA,OBERNBURG,OBERNBURG,OTHERS,GERMANY,Yes,,,,,,,,,,
REINFORCEMENT,1,RFLC16QA,NYLON 6  940/1/2 12 X 12 TPI 16EPI QA,N,FORMOSA TAFFETA,TOULIU,TOULIU,Others,Taiwan,LC16QA,,,,,,,L00027,NEW SOURCE,,23130.0,Contractual Obligation, ,Rebecca Dando,N,,"AP, LA, NA",,,,,FORMOSA TAFFETA (FCFC),"TOULIU, TAIWAN",TOULIU,JFM,FORMOSA TAFFETA,TOULIU,TOULIU,OTHERS,TAIWAN,No,,,,,,,,,,
REINFORCEMENT,1,RFTC27HF,"HMLS POLYESTER, 1100/2, 12x12 TPI, 27 EPI, HF",N,INDORAMA VENTURES MOBILITY,QUERETARO,QUERETARO,Others,Mexico,TC27HF,,,,,,,V00085,NEW SOURCE,,23764.0,"This approval program is related to our 2015+ Polyester Negotiation and Agreements. Since we have a Market Price Mechanism starting with Hyosung for all Polyester supplied by them starting in 2016 (with a 36 MT PET commitment), we need to lock in competitive pricing with other Polyester suppliers in 2015, 2016, and 2017 so the Goodyear portion of the market price mechanism is as low as possible.", ,Doug Till,N,,"AP, EMEA, LA, NA",,,,,INDORAMA VENTURES MOBILITY (Performance Fibers),QUERETARO,QUERETARO,BBJ,INDORAMA VENTURES MOBILITY,QUERETARO,QUERETARO,OTHERS,MEXICO,Yes,,,,,,,,,,
REINFORCEMENT,1,RFCH16WA,"Low Denier Hybrid:  670/1 Kevlar AP + 470/1 Nylon 66, 18.3Z + 10.3Z x 18.3S",N,HYOSUNG CORPORATION,DECATUR,Decatur,AL,USA,CH16WA,,,,,,,H32067,NEW SOURCE,,21297.0,Security of Supply, ,Taylor Niehaus,N,,"AP, LA, NA",,,,,HYOSUNG CORPORATION,"Decatur, AL, USA",Decatur,AIT,HYOSUNG CORPORATION,DECATUR,DECATUR,AL,USA,Yes,,,,,,,,,,
REINFORCEMENT,1,RFBH,"1.295MM BEAD WIRE - HIGH TENSILE 
(Cooper 9021/9906/9001)",Y,BEKAERT,SLADKOVICOVO,SLADKOVICOVO,Others,Slovak Republic,027BH,,,,,,,GL2091,NEW SOURCE,,21334.0,"Contract obligation: this is part of Bekaert factoring deal with $ 30 MM working capital improvement, which is entered as acccout payable benefit; this is also in line with the strategy with Bekaert to gradually move the volume from HCC to LCC location.", ,Etienne Schauer,Y,,"AP, EMEA, LA, NA",,,,,BEKAERT,"SLADKOVICOVO, SLOVAK REPUBLIC",SLADKOVICOVO,EHK,BEKAERT,SLADKOVICOVO,SLADKOVICOVO,OTHERS,SLOVAK REPUBLIC,Yes,,,,,,,,,,
REINFORCEMENT,1,RFAT30YR,"ARAMID, 1100/2, 16x16 TPI, EPI, YR",N,KORDSA,IZMIT,Izmit,Others,Turkey,AT30YF,,,,,,,A00027,NEW SOURCE,,21456.0,Hyosung Tolling, ,Ceyhan Celik,N,,"AP, LA, NA",,,,,KORDSA,Izmit,Izmit,BXD,KORDSA,IZMIT,IZMIT,OTHERS,TURKEY,No,,,,,,,,,,
REINFORCEMENT,1,RFQC32PF,"AA-HMLS POLYESTER, 1100/2, 12x12 TPI, 32 EPI, PF",Y,KORDSA,IZMIT,Izmit,Others,Turkey,Z05QC32PF,,,,,,,GTC3653PF,NEW SOURCE,,23999.0,"This approval program is related to our 2015+ Polyester Negotiation and Agreements. Since we have a Market Price Mechanism starting with Hyosung for all Polyester supplied by them starting in 2016 (with a 36 MT PET commitment), we need to lock in competitive pricing with other Polyester suppliers in 2015, 2016, and 2017 so the Goodyear portion of the market price mechanism is as low as possible.", ,Gabriel Bonnet,Y,,"AP, EMEA, LA, NA",,,,,KORDSA,Izmit,Izmit,BXD,KORDSA,IZMIT,IZMIT,OTHERS,TURKEY,No,,,,,,,,,,
REINFORCEMENT,1,RFAT30YF,ARAMID  1100/1/2 16 X 16 TPI 30EPI YF,N,KORDSA,IZMIT,Izmit,Others,Turkey,AT30YF,,,,,,,GTC4723YF,NEW SOURCE,,20023.0,Security of supply - Hyosung Lux tolling, ,Prawin Pandian,N,,"AP, EMEA, LA, NA",,,,,KORDSA,"Izmit, Turkey",Izmit,BXD,KORDSA,IZMIT,IZMIT,OTHERS,TURKEY,Yes,,,,,,,,,,
REINFORCEMENT,1,RFM14LP19JA,NYLON 6 2100/1/2 8 X 8 TPI 19EPI JA,N,DURAFIBER,QUERETARO,QUERETARO,Others,Mexico,LP19JA,,,,,,,L00031,NEW SOURCE,,23339.0,"As a part of the new Hyosung Fabric Contract, Hyosung Brazil Dip Unit is only obligated to stay open through 2015. However, now that Titan has their own calendar and will be purchasing dipped fabric from alternative suppliers, they will no longer be running their volume through the Hyosung dip unit. So Goodyear has agreed to help Hyosung shut down the Americana dip unit before the end of 2015¿they are targeting to close it down the end of 2014, but we are still discussing timing that Goodyear can commit to with them. We must approve alternative suppliers for fully dipped fabric to Americana plant as quickly as possible.  Program Value: Contractual Obligation; Security of Supply", ,Taylor Niehaus,N,,"AP, EMEA, LA, NA",,,,,Durafiber,"QUERETARO, MEXICO",QUERETARO,BBJ,DURAFIBER,QUERETARO,QUERETARO,OTHERS,MEXICO,No,,,,,,,,,,
REINFORCEMENT,1,RFZ02JC21QH,"NYLON 66, 940/2, 12x12 TPI, 21 EPI, QH T802 Yarn",N,KORDSA,IZMIT,Izmit,Others,Turkey,JC21QH,,,,,,,N00109,NEW MATERIAL,,24944.0,To approve fabric with equivalent properties of NC21QH with yarn T802 from Izmit,Srinivas Iyer,Matthew Goldberg,N,,"AP, EMEA, LA, NA",,,,,KORDSA,Izmit,Izmit,BXD,KORDSA,IZMIT,IZMIT,OTHERS,TURKEY,No,,,,,,,,,,
REINFORCEMENT,1,RFTV27HP,"1670/1/2 HMLS PET, 8.5x8.5 tpi, 27 epi, HP",N,HYOSUNG CORPORATION,DONG NAI,Dong Nai,Others,Vietnam,TV27HP,,,,,,,V00071,NEW SOURCE,,19987.0,moving from 28 EPI polyester to 27 EPI polyester in North America, ,Doug Till,N,,"AP, LA, NA",,,,,HYOSUNG CORPORATION,"Dong Nai, Vietnam",Dong Nai,JPK,HYOSUNG CORPORATION,DONG NAI,DONG NAI,OTHERS,VIETNAM,Yes,,,,,,,,,,
REINFORCEMENT,1,RFTC27HA,HMLS POLYESTER  1100/1/2 12 X 12 TPI 27EPI HA,N,HYOSUNG CORPORATION,DONG NAI,Dong Nai,Others,Vietnam,TC27HA,,,,,,,V00070,NEW SOURCE,,19986.0,moving from 28 EPI fabric to 27 EPI fabric in North America for MDPO program, ,Doug Till,N,,"AP, LA, NA",,,,,HYOSUNG CORPORATION,"Dong Nai, Vietnam",Dong Nai,JPK,HYOSUNG CORPORATION,DONG NAI,DONG NAI,OTHERS,VIETNAM,Yes,,,,,,,,,,
REINFORCEMENT,1,RFTB30HF,HMLS  POLYESTER 1100/1/3 8.5 X 8.5 TPI 30EPI HF,N,HYOSUNG CORPORATION,DONG NAI,Dong Nai,Others,Vietnam,TB30HF,,,,,,,V00090,NEW SOURCE,,24670.0,Contractual Obligation, ,Prawin Pandian,N,,"AP, LA, NA",,,,,HYOSUNG CORPORATION,"Dong Nai, Vietnam",Dong Nai,JPK,HYOSUNG CORPORATION,DONG NAI,DONG NAI,OTHERS,VIETNAM,Yes,,,,,,,,,,
REINFORCEMENT,1,RFAD24YR,AD24YR Rev: 0 Aramid 1670/2 8.4x8.4 TPI 24 EPI YR,N,KORDSA,IZMIT,Izmit,Others,Turkey,AD24YR,,,,,,,A00025,NEW SOURCE,,21336.0,Hyosung Tolling, ,Ceyhan Celik,N,,"AP, LA, NA",,,,,KORDSA,Izmit,Izmit,BXD,KORDSA,IZMIT,IZMIT,OTHERS,TURKEY,No,,,,,,,,,,
REINFORCEMENT,1,RF028BH,1.295MM BEAD WIRE - HIGH TENSILE,N,BEKAERT,JIANGYIN,Jiangyin,Others,China,025BH,,,,,,,W00011,NEW SOURCE,,22313.0,"1> This is part of Bekaert factoring deal, which has $30 MM working capital improvement  2> This also supports the supplier strategy with Bekaert, to gradually move volume from high cost manufacturing locations to lower cost locations.", ,Srinivas Iyer,N,,"AP, LA, NA",,,,,BEKAERT,"Jiangyin, China",Jiangyin,JTM,BEKAERT,JIANGYIN,JIANGYIN,OTHERS,CHINA,Yes,,,,,,,,,,
REINFORCEMENT,1,RFNC27GF,"NYLON 6,6, 940/2, 12/12 TPI, 27 EPI, GF",N,KORDSA,IZMIT,Izmit,Others,Turkey,NC27GF,,,,,,,GTC2737GF,NEW MATERIAL,,20062.0,FTP - Fabric Tolling Program,Vito Sinopoli,Julien Plattier,N,,"AP, EMEA, LA, NA",,,,,KORDSA,"Izmit, Turkey",Izmit,BXD,KORDSA,IZMIT,IZMIT,OTHERS,TURKEY,Yes,,,,,,,,,,
REINFORCEMENT,1,RFTH27HA,"1100/1/2 HMLS PET, 10x10 tpi, 27 epi, HA",N,HYOSUNG CORPORATION,DONG NAI,Dong Nai,Others,Vietnam,TH27HA,,,,,,,V00072,NEW SOURCE,,21073.0,Move to 27 epi for Hyosung Vietnam, ,Doug Till,N,,"AP, EMEA, LA, NA",,,,,HYOSUNG CORPORATION,"Dong Nai, Vietnam",Dong Nai,JPK,HYOSUNG CORPORATION,DONG NAI,DONG NAI,OTHERS,VIETNAM,Yes,,,,,,,,,,
REINFORCEMENT,1,RFNC22QA,940/2 Nylon,N,INDORAMA VENTURES MOBILITY,LUXEMBOURG,Steinfort,Others,Luxembourg,NC22QA,,,,,,,GTC2741QA,NEW MATERIAL,,20770.0,Hyosung tolling reduction program, ,Etienne Schauer,N,,"AP, EMEA, LA, NA",,,,,INDORAMA VENTURES MOBILITY LUXEMBOURG (Textilcord),Luxembourg,Steinfort,EGN,INDORAMA VENTURES MOBILITY,LUXEMBOURG,STEINFORT,OTHERS,LUXEMBOURG,Yes,,,,,,,,,,
REINFORCEMENT,1,RFBA01WY,2+2x.22 UT,N,BEKAERT,IZMIT,"IZMIT, TURKEY",Others,Turkey,GL3099,BEKAERT,IZMIT,"IZMIT, TURKEY",Others,Turkey,,GL3099,NEW MATERIAL,,22616.0,ERD-112217 TCP,Robert Lionetti,Robert Lionetti,N,N,"AP, EMEA, LA, NA",,"AP, EMEA, LA, NA",,,BEKAERT,"IZMIT, TURKEY","IZMIT, TURKEY",APK,BEKAERT,IZMIT,"IZMIT, TURKEY",OTHERS,TURKEY,Yes,BEKAERT,"IZMIT, TURKEY","IZMIT, TURKEY",APK,BEKAERT,IZMIT,"IZMIT, TURKEY",OTHERS,TURKEY,Yes
REINFORCEMENT,1,RFTV27HF,"1670/1/2 HMLS PET 8.5x8.5 tpi, 27 epi, HF",N,INDORAMA VENTURES MOBILITY,KAIPING DIP UNIT #1,Kaiping,Others,China,TV27HF,,,,,,,V00082,NEW MATERIAL,,23512.0,One less epi than TV27HF.  See also TV27HP program.,Doug Till,Doug Till,N,,"AP, EMEA, LA, NA",,,,,INDORAMA VENTURES MOBILITY (Performance Fibers),Kaiping Dip Unit #1,Kaiping,JMX,INDORAMA VENTURES MOBILITY,KAIPING DIP UNIT #1,KAIPING,OTHERS,CHINA,Yes,,,,,,,,,,
REINFORCEMENT,1,RFTC27HA,HMLS POLYESTER  1100/1/2 12 X 12 TPI 27EPI HA,N,DURAFIBER,QUERETARO,QUERETARO,Others,Mexico,TC27HA,,,,,,,V00088,NEW SOURCE,,24418.0,Contractual Obligation, ,Heather Finklestein,N,,"AP, EMEA, LA, NA",,,,,Durafiber,"QUERETARO, MEXICO",QUERETARO,BBJ,DURAFIBER,QUERETARO,QUERETARO,OTHERS,MEXICO,No,,,,,,,,,,
REINFORCEMENT,1,RFTC27HA,HMLS POLYESTER  1100/1/2 12 X 12 TPI 27EPI HA,N,INDORAMA VENTURES MOBILITY,KAIPING,Kaiping,Others,China,TC27HA,INDORAMA VENTURES MOBILITY,SCOTTSBORO,SCOTTSBORO,AL,USA,,V00093,NEW SOURCE,,26356.0,Contractual Obligation, ,Heather Finklestein,N,N,"AP, EMEA, LA, NA",,"AP, EMEA, LA, NA",,,INDORAMA VENTURES MOBILITY (Performance Fibers),"Kaiping, China",Kaiping,JMX,INDORAMA VENTURES MOBILITY,KAIPING,KAIPING,OTHERS,CHINA,Yes,INDORAMA VENTURES MOBILITY (PHP),SCOTTSBORO,SCOTTSBORO,,INDORAMA VENTURES MOBILITY,SCOTTSBORO,SCOTTSBORO,AL,USA,Yes
REINFORCEMENT,1,RFNF28JA,"NYLON 6,6  1400/1/2 10 X 10 TPI 28EPI JA",Y,HYOSUNG CORPORATION,DONG NAI,Dong Nai,Others,Vietnam,S02NF28JA,,,,,,,N00163,NEW SOURCE,,44524.0,"Savings (Estimated savings amount: $24K)  Kordsa supplies both NF30JAA and NF28JAA to MH. Need to move both to Hyosung Vietnam.   NF28JAA has not been approved in the past, but NF30JAA has. NF28JAA will be a new source project, but NF30JAA will be a source change project.", ,Christopher Self,Y,,"AP, EMEA, LA, NA",,,,,HYOSUNG CORPORATION,"Dong Nai, Vietnam",Dong Nai,JPK,HYOSUNG CORPORATION,DONG NAI,DONG NAI,OTHERS,VIETNAM,Yes,,,,,,,,,,
REINFORCEMENT,1,RFBC01UK,2+2x.35 ST,N,BEKAERT,ITAUNA - MG BRAZIL (STEEL CORD),Itauna,Others,Brazil,BC01UK,,,,,,,S00102,NEW SOURCE,,34645.0,2017 Productivity, ,Richard Porter,N,,"AP, LA, NA",,,,,BEKAERT,"Itauna, MG, Brazil (Steel Cord)",Itauna,DAG,BEKAERT,ITAUNA - MG BRAZIL (STEEL CORD),ITAUNA,OTHERS,BRAZIL,Yes,,,,,,,,,,
REINFORCEMENT,1,RFY201UX,3x.20/9x.175+1 HT,N,JIAXING EASTERN,TENGZHOU EASTERN STEEL CORD CO. LTD,Tengzhou,Others,China,Y201UX,,,,,,,S00100,NEW SOURCE,,31536.0,Approval of Tengzhou Eastern will provide a LCC option to set Hyosung Market Pricing per our current LTA with Hyosung., ,Srinivas Iyer,N,,"AP, EMEA, LA, NA",,,,,JIAXING EASTERN,Tengzhou Eastern Steel Cord Co. LTD,Tengzhou,JTK,JIAXING EASTERN,TENGZHOU EASTERN STEEL CORD CO. LTD,TENGZHOU,OTHERS,CHINA,Yes,,,,,,,,,,
REINFORCEMENT,1,RFCH,"1.83MM BEAD WIRE - HIGH TENSILE
(Cooper Code 9024)",Y,KISWIRE,CZECH REPUBLIC,Czech Republic,Others,Czech Republic,248CH,,,,,,,GL2105,NEW SOURCE,,46224.0,"SECURITY OF SUPPLY + PRODUCTIVITY (for the 3 codes package). This project aims to approve a new source for CH to Wittlich from a new plant built in a low-cost country in Europe (Czech Republic). Currently, this specific lane CH to Wittlich shows a headwind of 36,844¿ but the 3 codes package shows a total productivity of 32,419¿ (FUBH is a headwind of 16,962¿ and DFJH is a saving of 86,225¿). Kiswire shall be able to optimize its pricing for the future as Kiswire will switch its wire rod sourcing to local European sources (current wire rod sourcing is ex-Korea). In addition, Beakaert contract is terminating by end of 2017 and Goodyear needs to develop its supplier pool to leverage Bekaert and it is Goodyear strategy to develop suppliers in Low Cost Countries to improve Goodyear cost-structure. Kiswire Steel Cord line should be ready for trial purpose in 2018 which also represents a great opportunity for Goodyear to leverage its European suppliers pool.", ,Etienne Schauer,Y,,"AP, EMEA, LA, NA",,,,,Kiswire - Bead Wire,Czech Republic,Czech Republic,LXJ,KISWIRE,CZECH REPUBLIC,CZECH REPUBLIC,OTHERS,CZECH REPUBLIC,Yes,,,,,,,,,,
REINFORCEMENT,1,RFBH,"1.295MM BEAD WIRE - HIGH TENSILE 
(Cooper 9021/9906/9001)",Y,KISWIRE,CZECH REPUBLIC,Czech Republic,Others,Czech Republic,248BH,,,,,,,GL2106,NEW SOURCE,,46225.0,"Security of Supply + Productivity: This project aims to approve a new source for BH to Fulda from a new plant built in a low-cost country in Europe (Czech Republic). Currently, this specific lane BH to Fulda shows a headwind of 16,962¿ but the 3 codes package shows a total productivity of 32,419¿ (DWCH is a headwind of 36,844¿ and DFJH is a saving of 86,225¿). Kiswire shall be able to optimize its pricing for the future as Kiswire will switch its wire rod sourcing to local European sources (current wire rod sourcing is ex-Korea). In addition, Beakaert contract is terminating by end of 2017 and Goodyear needs to develop its supplier pool to leverage Bekaert and it is Goodyear strategy to develop suppliers in Low Cost Countries to improve Goodyear cost-structure. Kiswire Steel Cord line should be ready for trial purpose in 2018 which also represents a great opportunity for Goodyear to leverage its European suppliers pool.", ,Etienne Schauer,Y,,"AP, EMEA, LA, NA",,,,,Kiswire - Bead Wire,Czech Republic,Czech Republic,LXJ,KISWIRE,CZECH REPUBLIC,CZECH REPUBLIC,OTHERS,CZECH REPUBLIC,Yes,,,,,,,,,,
REINFORCEMENT,1,RF247DR,2.03 MM BEAD WIRE - REGULAR TENSILE,N,KISWIRE,Pine Bluff,Pine Bluff,AR,USA,247DR,,,,,,,W00018,NEW SOURCE,,31398.0,"Approval of Kiswire's Pine Bluff, AR plant will provide productivity savings through the introduction of competition from a local supplier, as well as providing security of supply benefit. Kiswire recently completed construction of new bead wire line in Pine Bluff, AR. The new line was modeled after Kiswire's Newberry, SC bead wire line.", ,Srinivas Iyer,N,,"AP, LA, NA",,,,,,,,,,,,,,,,,,,,,,,,
REINFORCEMENT,1,RFF08TC27HA,HMLS POLYESTER  1100/1/2 12 X 12 TPI 27EPI HA,N,INDORAMA VENTURES MOBILITY,QUERETARO,QUERETARO,Others,Mexico,TC27HA,,,,,,,V00105,NEW SOURCE,,36068.0,This approval of Longlaville Yarn is in support of a contractual obligation with DuraFiber as well as offers a productivity benefit., ,Md Bhuiyan,N,,"AP, EMEA, LA, NA",,,,,INDORAMA VENTURES MOBILITY (Performance Fibers),"QUERETARO, MEXICO",QUERETARO,BBJ,INDORAMA VENTURES MOBILITY,QUERETARO,QUERETARO,OTHERS,MEXICO,Yes,,,,,,,,,,
REINFORCEMENT,1,RFCH,"1.83MM BEAD WIRE - HIGH TENSILE
(Cooper Code 9024)",Y,HYOSUNG CORPORATION,DONG NAI - STEELCORD,Dong Nai,Others,Vietnam,262CH,,,,,,,W00028,NEW SOURCE,,41996.0,"Hyosung New Beadwire Proposal: Reinforcement would like to initiate this New Source project for material code CH to Danville from Hyosung. The primary purpose of this project is to drive cost savings opportunities for 2018 productivity. Hyosung's quote is about 0.11 cents cheaper than our current incumbent supplier, Kiswire. Based on the Annual Volume for CH in Danville, there would be an estimated costs saving of about $612,778.", ,Zachary Driscoll,Y,,"AP, EMEA, LA, NA",,,,,HYOSUNG CORPORATION,Dong Nai - Steelcord,Dong Nai,JTR,HYOSUNG CORPORATION,DONG NAI - STEELCORD,DONG NAI,OTHERS,VIETNAM,Yes,,,,,,,,,,
REINFORCEMENT,1,RFUS,3+2x.35 ST,N,SHANDONG SNTON,SHANDONG,Shandong,Others,China,AA101US,,,,,,,S00113,NEW SOURCE,,44462.0,"There is a $393,537 savings opportunity in moving the allocation of US/Danville from Bekaert to Snton in 2018. This is apart of a larger initiative with Snton to qualify them on BW and SC codes and increase competitiveness for 2018 negotiations.", ,Ann Myers,N,,"AP, LA, NA",,,,,Shandong SNTON,Shandong,Shandong,LAQ,SHANDONG SNTON,SHANDONG,SHANDONG,OTHERS,CHINA,Yes,,,,,,,,,,
REINFORCEMENT,1,RFS03NPA6SX,WSED19 from Hyosung Vietnam  for NGT,Y,HYOSUNG CORPORATION,DONG NAI DIP UNIT #2,Dong Nai,Others,Vietnam,WSED19,HYOSUNG CORPORATION,DONG NAI DIP UNIT #2,Dong Nai,Others,Vietnam,,N00166,NEW MATERIAL,,47361.0,To approve Asahi's WSED19 code for NGT,Ceyhan Celik,Ceyhan Celik,Y,Y,"AP, EMEA, LA, NA",,"AP, EMEA, LA, NA",,,HYOSUNG CORPORATION,Dong Nai - DipUnit2,Dong Nai,JPK,HYOSUNG CORPORATION,DONG NAI DIP UNIT #2,DONG NAI,OTHERS,VIETNAM,Yes,HYOSUNG CORPORATION,Dong Nai - DipUnit2,Dong Nai,JPK,HYOSUNG CORPORATION,DONG NAI DIP UNIT #2,DONG NAI,OTHERS,VIETNAM,Yes
REINFORCEMENT,1,RFS03NPE9SX,WSED23 from Hyosung Vietnam,Y,HYOSUNG CORPORATION,DONG NAI DIP UNIT #2,Dong Nai,Others,Vietnam,WSED23,,,,,,,N00167,NEW MATERIAL,,47362.0,WSED23 Asahi code approval,Ceyhan Celik,Ceyhan Celik,Y,,"AP, EMEA, LA, NA",,,,,HYOSUNG CORPORATION,Dong Nai - DipUnit2,Dong Nai,JPK,HYOSUNG CORPORATION,DONG NAI DIP UNIT #2,DONG NAI,OTHERS,VIETNAM,Yes,,,,,,,,,,
REINFORCEMENT,1,RFI42LN,1100/1 DECITEX NYLON 6 WOVEN 14X14,N,SHRIRAM RAYON,SHRIRAM RAYON,KOTA,Others,India,I42LN,,,,,,,M341,NEW SOURCE,,36712.0,This NS approval is to enable the SC approval to be completed on this material based on supply of this material for several years from Shriram Rayon.  SC Description: This approval is in support of transitioning supply after Q1 2016 from Mecords to Shriram Rayons for a financial benefit of $32.5K savings for 2016., ,Gabriel Bonnet,N,,"AP, EMEA, LA, NA",,,,,SHRIRAM RAYON,Shriram Rayon,KOTA,,SHRIRAM RAYON,SHRIRAM RAYON,KOTA,OTHERS,INDIA,No,,,,,,,,,,
REINFORCEMENT,1,RF131BH,1.295MM BEAD WIRE - HIGH TENSILE,N,WIRECO CAMESA SA,MEXICO CITY,MEXICO CITY,Others,Mexico,131BH,,,,,,,W00021,NEW SOURCE,,37065.0,2017 productivity   Latin America bead wire is dominated by BBA and Kiswire. We are re-approving WireCo-Camesa in order to create competitive dynamics in Latin America and to create a local supply option for San Luis Potosi, ,Richard Porter,N,,"AP, EMEA, LA, NA",,,,,WIRECO CAMESA SA,"MEXICO CITY, MEXICO",MEXICO CITY,BGE,WIRECO CAMESA SA,MEXICO CITY,MEXICO CITY,OTHERS,MEXICO,Yes,,,,,,,,,,
REINFORCEMENT,1,RFWY,2+2x.22UT,Y,BEKAERT,SLATINA,Slatina,Others,Romania,BQ01WY,,,,,,,GL3180,NEW SOURCE,,43346.0,"Bekaert is having trouble supplying the low volumes for WY from Izmit, a plant which relies on economy of scale. They would like to move the supply from Izmit to Slatina to ensure they can continue to support Goodyear's requirements because Slatina has more flexibility. Bekaert provided a $40/mt reduction to move this codes supplying location. Security of supply business case. In this security of supply roject it has a Sole Source Rating of Single Supplier, Multiple Plants and a risk of supply disruption of Low.", ,Arun Manogaran,Y,,"AP, EMEA, LA, NA",,,,,BEKAERT,Slatina,Slatina,EOM,BEKAERT,SLATINA,SLATINA,OTHERS,ROMANIA,Yes,,,,,,,,,,
REINFORCEMENT,1,RFTV27HF,"1670/1/2 HMLS PET 8.5x8.5 tpi, 27 epi, HF",N,KOLON,GUMI,Gumi,Others,South Korea,TV27HF,OTT SCARPONI AND ASSOCIATES,AKRON,Akron,OH,USA,,V00103,NEW SOURCE,,32800.0,28 to 27 EPI change for Americana with supplier Kolon, ,Taylor Niehaus,N,N,"AP, LA, NA",,"AP, LA, NA",,,KOLON,"Gumi, South Korea",Gumi,BJZ,KOLON,GUMI,GUMI,OTHERS,SOUTH KOREA,Yes,OTT SCARPONI AND ASSOCIATES,"Akron, OH, USA",Akron,,OTT SCARPONI AND ASSOCIATES,AKRON,AKRON,OH,USA,Yes
REINFORCEMENT,1,RFJH,0.89MM BEAD WIRE - HIGH TENSILE,N,BMZ,MICORD,"Micord, Bielorussia",Others,Russia,312JH,,,,,,,GL2104,NEW SOURCE,,41024.0,In 2016 negotiations with BMZ was from 5 cents to 10 cents cheaper than all lowest cost suppliers who were awarded business.\", ,Etienne Schauer,N,,"AP, EMEA, LA, NA",,,,,BMZ,"Micord, Bielorussia","Micord, Bielorussia",ECH,BMZ,MICORD,"MICORD, BIELORUSSIA",OTHERS,RUSSIA,Yes,,,,,,,,,,
REINFORCEMENT,1,RFEE,5/8/14X.265+1ST,Y,HYOSUNG CORPORATION,DONG NAI - STEELCORD,Dong Nai,Others,Vietnam,C401EE,,,,,,,GL3165,NEW SOURCE,,39329.0,"Recently Hyosung informed Goodyear that after a careful review of their steel cord manufacturing footprint they have decided to close their Korean steel cord plant (CONFIDENTIAL) by June 2, 2017.   Hyosung Korea currently supplies Goodyear in Europe, North America and Latin America with approximately 7,200MT of steel cord for Passenger, Commercial, OTR and Military products.", ,Etienne Schauer,Y,,"AP, EMEA, LA, NA",,,,,HYOSUNG CORPORATION,Dong Nai - Steelcord,Dong Nai,JTR,HYOSUNG CORPORATION,DONG NAI - STEELCORD,DONG NAI,OTHERS,VIETNAM,Yes,,,,,,,,,,
REINFORCEMENT,1,RFUY,3X.365/9X.34 HT,Y,HYOSUNG CORPORATION,DONG NAI - STEELCORD,Dong Nai,Others,Vietnam,C401UY,,,,,,,S00107,NEW SOURCE,,39035.0,"Recently Hyosung informed Goodyear that after a careful review of their steel cord manufacturing footprint they have decided to close their Korean steel cord plant (CONFIDENTIAL) by June 2, 2017.   Hyosung Korea currently supplies Goodyear in Europe, North America and Latin America with approximately 7,200MT of steel cord for Passenger, Commercial, OTR and Military products.   Hyosung has requested that Goodyear provide support to move the supply of the remaining codes Korea produces to their Vietnam production facility. When Hyosung closed Asheboro & Lux Wire, Goodyear was reimbursed all cost associated with the approvals under a Qualification Assistance Agreement. Hyosung has agreed to reimburse Goodyear¿s Global Reinforcements Technology team up to $100k of approval cost utilizing the same approach.", ,Zachary Driscoll,Y,,"LA, NA",,,,,HYOSUNG CORPORATION,Dong Nai - Steelcord,Dong Nai,JTR,HYOSUNG CORPORATION,DONG NAI - STEELCORD,DONG NAI,OTHERS,VIETNAM,Yes,,,,,,,,,,
REINFORCEMENT,1,RFBH,"1.295MM BEAD WIRE - HIGH TENSILE 
(Cooper 9021/9906/9001)",N,HYOSUNG CORPORATION,DONG NAI - STEELCORD,Dong Nai,Others,Vietnam,262BH,,,,,,,W00029,NEW SOURCE,,41998.0,"Hyosung New Beadwire Proposal: Reinforcement would like to initiate this New Source project for material code BH to Fayetteville from Hyosung. The primary purpose of this project is to drive cost savings opportunities for 2018 productivity. Hyosung's quote is about 0.24 cents cheaper than our current incumbent supplier, Bekaert. Based on the Annual Volume for BH in Fayetteville, there would be an estimated costs saving of about $1,003,227.", ,Zachary Driscoll,N,,"AP, EMEA, LA, NA",,,,,HYOSUNG CORPORATION,Dong Nai - Steelcord,Dong Nai,JTR,HYOSUNG CORPORATION,DONG NAI - STEELCORD,DONG NAI,OTHERS,VIETNAM,Yes,,,,,,,,,,
REINFORCEMENT,1,RFTM26CN,"2200/1/2 HMLS Polyester, 8.5x8.5 tpi, 26 epi, CN",Y,HYOSUNG CORPORATION,DONG NAI,Dong Nai,Others,Vietnam,S06TM26CN,,,,,,,V00113,NEW MATERIAL,,51618.0,Pink Dip Version of TM26HB,Doug Till,Doug Till,Y,,"AP, EMEA, LA, NA",,,,,HYOSUNG CORPORATION,"Dong Nai, Vietnam",Dong Nai,JPK,HYOSUNG CORPORATION,DONG NAI,DONG NAI,OTHERS,VIETNAM,Yes,,,,,,,,,,
REINFORCEMENT,1,RFCH,"1.83MM BEAD WIRE - HIGH TENSILE
(Cooper Code 9024)",Y,SHANDONG SNTON,SHANDONG,Shandong,Others,China,421CH,,,,,,,GL2102,NEW SOURCE,,53002.0,We would like to transition from a supplier development project to supplier qualification with Snton on CH. The primary purpose of this initiative is to develop a LCC supplier of BW to compete with Daye and create a competitive environment for BW in AP and Globally.  The quote price from Snton is about 0.241 cents cheaper than our current incumbent supplier. Estimate costs savings of about 566184., ,Arun Manogaran,Y,,"AP, EMEA, LA, NA",Nippon Giant,,,Nippon Giant,Shandong SNTON,Shandong,Shandong,LAQ,SHANDONG SNTON,SHANDONG,SHANDONG,OTHERS,CHINA,Yes,,,,,,,,,,
REINFORCEMENT,1,RFTC35HF,"NAA-HMLS PET, 1100/2, 12X12 TPI, 35 EPI, HF",Y,PT INDO KORDSA,CITEUREUP,CITEUREUP,Others,Indonesia,TC35HF,,,,,,,GTC3663HF,NEW SOURCE,,26983.0,2015 Productivity - Polyester Negotiation and Agreements, ,Prawin Pandian,Y,,"AP, EMEA, LA, NA",,,,,PT INDO KORDSA,"CITEUREUP, INDONESIA",CITEUREUP,BGQ,PT INDO KORDSA,CITEUREUP,CITEUREUP,OTHERS,INDONESIA,Yes,,,,,,,,,,
REINFORCEMENT,1,RFJH,0.89MM BEAD WIRE - HIGH TENSILE,Y,KISWIRE,CZECH REPUBLIC,Czech Republic,Others,Czech Republic,248JH,,,,,,,GL2107,NEW SOURCE,,46226.0,"SECURITY OF SUPPLY + PRODUCTIVITY (for the 3 codes package). This project aims to approve a new source for JH to Fuerstenwalde from a new plant built in a low-cost country in Europe (Czech Republic). Currently, this specific lane JH to Fuerstenwalde shows a saving of 86,225¿ but the 3 codes package shows a total productivity of 32,419¿ (FUBH is a headwind of 16,962¿ and DWCH shows a headwind of 36,844¿). Kiswire shall be able to optimize its pricing for the future as Kiswire will switch its wire rod sourcing to local European sources (current wire rod sourcing is ex-Korea). In addition, Beakaert contract is terminating by end of 2017 and Goodyear needs to develop its supplier pool to leverage Bekaert and it is Goodyear strategy to develop suppliers in Low Cost Countries to improve Goodyear cost-structure. Kiswire Steel Cord line should be ready for trial purpose in 2018 which also represents a great opportunity for Goodyear to leverage its European suppliers pool.", ,Etienne Schauer,Y,,"AP, EMEA, LA, NA",,,,,Kiswire - Bead Wire,Czech Republic,Czech Republic,LXJ,KISWIRE,CZECH REPUBLIC,CZECH REPUBLIC,OTHERS,CZECH REPUBLIC,Yes,,,,,,,,,,
REINFORCEMENT,1,RFJH,0.89MM BEAD WIRE - HIGH TENSILE,Y,SHANDONG DAYE CO. LTD,SHANDONG XINXING INDUSTRIAL PARK,Shandong Province,Others,China,411JH,,,,,,,GL2098,NEW SOURCE,,29382.0,We are developing Daye as a bead wire supplier that will help increase competition in our AP region., ,Arun Manogaran,Y,,"AP, EMEA, LA, NA",,,,,Shandong Daye Co. Ltd,Shandong XinXing Industrial Park,Shandong Province,JVD,SHANDONG DAYE CO. LTD,SHANDONG XINXING INDUSTRIAL PARK,SHANDONG PROVINCE,OTHERS,CHINA,Yes,,,,,,,,,,
REINFORCEMENT,1,RFTC27CX,"1100/1/2 HMLS PET, 12x12 tpi, 27 epi, CF",N,HYOSUNG CORPORATION,DECATUR,Decatur,AL,USA,S04TC27CX,,,,,,,V00108,NEW MATERIAL,,43100.0,Pink Dip TC27HF,Doug Till,Doug Till,N,,"AP, EMEA, LA, NA",,,,,HYOSUNG CORPORATION,"Decatur, AL, USA",Decatur,AIT,HYOSUNG CORPORATION,DECATUR,DECATUR,AL,USA,Yes,,,,,,,,,,
REINFORCEMENT,1,RFPC,14's/1 PET Staple Fiber,N,EASTBANK TEXTILES,MACON,Macon,GA,USA,U46PC,,,,,,,ET0003,NEW MATERIAL,,38837.0,Smaller gauge/denier bleeder cord than 12's/1 PET,Doug Till,Doug Till,N,,"AP, EMEA, LA, NA",,,,,EASTBANK TEXTILES,Macon,Macon,,EASTBANK TEXTILES,MACON,MACON,GA,USA,Yes,,,,,,,,,,
REINFORCEMENT,1,RFWY,2+2x.22UT,Y,JIAXING EASTERN,TENGZHOU EASTERN STEEL CORD CO. LTD,Tengzhou,Others,China,Y201WY,,,,,,,GL3159,NEW SOURCE,,34937.0,2017 Productivity, ,Arun Manogaran,Y,,"AP, EMEA, LA, NA",,,,,JIAXING EASTERN,Tengzhou Eastern Steel Cord Co. LTD,Tengzhou,JTK,JIAXING EASTERN,TENGZHOU EASTERN STEEL CORD CO. LTD,TENGZHOU,OTHERS,CHINA,Yes,,,,,,,,,,
REINFORCEMENT,1,RFFN,4+3x.35 UT,Y,JIANGSU XINGDA,PLANT 9 - XING HUA,Xing Hua,Others,China,Z201FN,,,,,,,GL3163,NEW SOURCE,,37064.0,Approval of FN from Xingda supports strategy to expand our LCC portfolio of ultra-tensile codes which will provide leverage with our incumbant suppliers. This approval will also support upcoming contract negotiations with Hyosung and Bekaert., ,Arun Manogaran,Y,,"AP, EMEA, LA, NA",,,,,JIANGSU XINGDA,Plant 9 - Xing Hua,Xing Hua,JVW,JIANGSU XINGDA,PLANT 9 - XING HUA,XING HUA,OTHERS,CHINA,Yes,,,,,,,,,,
REINFORCEMENT,1,RFJH,0.89MM BEAD WIRE - HIGH TENSILE,Y,SHANDONG SNTON,SHANDONG,Shandong,Others,China,421JH,,,,,,,GL2103,NEW SOURCE,,43599.0,We would like to begin a supplier development project with Snton on JH and CH. Ultimately this is intended to be a NS approval of both codes at Pulandian plant from Shandong SNTON. The primary purpose of this initiative is to develop a LCC supplier of BW to compete with Daye and create a competitive environment for BW in AP and Globally., ,Arun Manogaran,Y,,"AP, EMEA, LA, NA",,,,,Shandong SNTON,Shandong,Shandong,LAQ,SHANDONG SNTON,SHANDONG,SHANDONG,OTHERS,CHINA,Yes,,,,,,,,,,
REINFORCEMENT,1,RFNC21ZM,"940/1/2 Nylon 66, 12x12 tpi, 21 epi, ZM",Y,HYOSUNG CORPORATION,DECATUR,Decatur,AL,USA,S01NC21ZM,,,,,,,N00169,NEW MATERIAL,,50347.0,Pink Dip Version of NC21QA,Doug Till,Doug Till,Y,,"AP, EMEA, LA, NA",,,,,HYOSUNG CORPORATION,"Decatur, AL, USA",Decatur,AIT,HYOSUNG CORPORATION,DECATUR,DECATUR,AL,USA,Yes,,,,,,,,,,
REINFORCEMENT,1,RFRN25SH,"Trial code from Hyosung (same yarn as in RN25SH - Q10R Glanzstoff Bohemia, Super",N,INDORAMA VENTURES MOBILITY,LUXEMBOURG,Steinfort,Others,Luxembourg,RN25SH,,,,,,,GTC1238AF,NEW MATERIAL,,31216.0,Approve at the same time RN25 from Textilcord (flexibility of supply); Please refer to old program NM_004682,Dirk Eck,Dirk Eck,N,,"AP, EMEA, LA, NA",,,,,INDORAMA VENTURES MOBILITY LUXEMBOURG (Textilcord),Luxembourg,Steinfort,EGN,INDORAMA VENTURES MOBILITY,LUXEMBOURG,STEINFORT,OTHERS,LUXEMBOURG,Yes,,,,,,,,,,
REINFORCEMENT,1,RFFR,3x.21/9x.185 UT,Y,JIANGSU XINGDA,PLANT 8 - XING HUA,Xing Hua,Others,China,Z101FR,,,,,,,S00104,NEW SOURCE,,37063.0,Approval of FR from Xingda supports strategy to expand our LCC portfolio of ultra-tensile codes which will provide leverage with our incumbant suppliers. This approval will also support upcoming contract negotiations with Hyosung and Bekaert., ,Zachary Driscoll,Y,,"AP, EMEA, LA, NA",,,,,JIANGSU XINGDA,Plant 8 - Xing Hua,Xing Hua,JLA,JIANGSU XINGDA,PLANT 8 - XING HUA,XING HUA,OTHERS,CHINA,Yes,,,,,,,,,,
REINFORCEMENT,1,RFTC27CN,"1100/1/2 PET, 12x12 tpi, 27 epi, CN",Y,HYOSUNG CORPORATION,DONG NAI,Dong Nai,Others,Vietnam,S04TC27CN,,,,,,,V00112,NEW MATERIAL,,50343.0,Pink Dip version of TC27HA,Doug Till,Doug Till,Y,,"AP, EMEA, LA, NA",,,,,HYOSUNG CORPORATION,"Dong Nai, Vietnam",Dong Nai,JPK,HYOSUNG CORPORATION,DONG NAI,DONG NAI,OTHERS,VIETNAM,Yes,,,,,,,,,,
REINFORCEMENT,1,RFXR,3.0mm regular tensile,Y,KISWIRE,NEWBERRY,Newberry,SC,USA,243XR,,,,,,,W00023,NEW MATERIAL,,36713.0,build tires,Jim Kish,Zachary Driscoll,Y,,"AP, EMEA, LA, NA",,,,,Kiswire - Bead Wire,"Newberry, SC, USA",Newberry,CFR,KISWIRE,NEWBERRY,NEWBERRY,SC,USA,Yes,,,,,,,,,,
REINFORCEMENT,1,RFAE01FH,SED AE,N,INDORAMA VENTURES MOBILITY,KAIPING,Kaiping,Others,China,AE01FH,,,,,,,AS0027,NEW SOURCE,,43213.0,"SIS currently shows approved suppliers for AE01FH as both Kordsa and Performance Fibers. AE01FA was approved in Buffalo, which was supplied by Performance Fibers. The only difference between AE01FA and AE01FH is the dip suffix indicating FH is used for Aircraft tires.  AE01FH is approved from Kordsa Izmit for Danville. The plant has had unexpected high demands for this code and Kordsa has indicated they are unable to meet the new demand requirements. Due to the risk of a shortage, the plant has used AE01FH material from Performance Fibers in the past. However, a source change project is required to technically approve this change for Danville.  Allocation will stay with Kordsa, however if the demand cannot be met, it will be covered by Performance Fibers.", ,Ceyhan Celik,N,,"AP, LA, NA",,,,,INDORAMA VENTURES MOBILITY (Performance Fibers),"Kaiping, China",Kaiping,JMX,INDORAMA VENTURES MOBILITY,KAIPING,KAIPING,OTHERS,CHINA,Yes,,,,,,,,,,
REINFORCEMENT,1,RFTV28HF,"HMLS POLYESTER 1670/1/2 8.5x8.5TPI, 28EPI HF",N,PT INDO KORDSA,BOGOR,BOGOR,Others,Indonesia,TV28HF,,,,,,,V00096,NEW SOURCE,,30212.0,This approval is to support contractual obligations we have agreed upon with Kordsa for 2016 volume in LA region. It is also in support of the Hyosung PET Mechanism which will be implemented in 2016., ,Taylor Niehaus,N,,"AP, EMEA, LA, NA",,,,,PT INDO KORDSA,"BOGOR, INDONESIA",BOGOR,BGQ,PT INDO KORDSA,BOGOR,BOGOR,OTHERS,INDONESIA,Yes,,,,,,,,,,
REINFORCEMENT,1,RFCH,"1.83MM BEAD WIRE - HIGH TENSILE
(Cooper Code 9024)",Y,SHANDONG DAYE CO. LTD,SHANDONG XINXING INDUSTRIAL PARK,Shandong Province,Others,China,411CH,,,,,,,GL2099,NEW SOURCE,,29059.0,We are developing Daye as a bead wire supplier that will help increase competition in our AP region., ,Arun Manogaran,Y,,"AP, EMEA, LA, NA",,,,,Shandong Daye Co. Ltd,Shandong XinXing Industrial Park,Shandong Province,JVD,SHANDONG DAYE CO. LTD,SHANDONG XINXING INDUSTRIAL PARK,SHANDONG PROVINCE,OTHERS,CHINA,Yes,,,,,,,,,,
REINFORCEMENT,1,RFEJ,19X.22 +6X 1X.22/18X.20 +1 HT,N,HYOSUNG CORPORATION,DONG NAI,Dong Nai,Others,Vietnam,C401EJ,,,,,,,S00106,NEW SOURCE,,39033.0,"Recently Hyosung informed Goodyear that after a careful review of their steel cord manufacturing footprint they have decided to close their Korean steel cord plant (CONFIDENTIAL) by June 2, 2017.   Hyosung Korea currently supplies Goodyear in Europe, North America and Latin America with approximately 7,200MT of steel cord for Passenger, Commercial, OTR and Military products.   Hyosung has requested that Goodyear provide support to move the supply of the remaining codes Korea produces to their Vietnam production facility. When Hyosung closed Asheboro & Lux Wire, Goodyear was reimbursed all cost associated with the approvals under a Qualification Assistance Agreement. Hyosung has agreed to reimburse Goodyear¿s Global Reinforcements Technology team up to $100k of approval cost utilizing the same approach.", ,Zachary Driscoll,N,,"LA, NA",,,,,HYOSUNG CORPORATION,"Dong Nai, Vietnam",Dong Nai,JPK,HYOSUNG CORPORATION,DONG NAI,DONG NAI,OTHERS,VIETNAM,Yes,,,,,,,,,,
REINFORCEMENT,1,RFBH,"1.295MM BEAD WIRE - HIGH TENSILE 
(Cooper 9021/9906/9001)",Y,KERN,TRINEC - KONSKA,Trinec - Konska,Others,Czech Republic,391BH,,,,,,,GL2108,NEW SOURCE,,46095.0,"PRODUCTIVITY. Kern pricing for BH to Hanau is 0.115¿/kg lower than incumbent Gustav Wolf which represents a potential productivity of 123k¿ (1,075t x 0.115¿/kg). The goal is to approve supplier asap to (i) capture saving for Q4-2017 thanks to an allocation of 20% and (ii) leverage incumbent (GW) for 2018 and (iii) continue to further implement Kern who is a low-cost EMEA supplier in Goodyear EMEA plants for bead-wire.", ,Arun Manogaran,Y,,"AP, EMEA, LA, NA",,,,,Kern,Trinec - Konska,Trinec - Konska,EOZ,KERN,TRINEC - KONSKA,TRINEC - KONSKA,OTHERS,CZECH REPUBLIC,Yes,,,,,,,,,,
REINFORCEMENT,1,RFNC01QH,NC01QH from Mehler VA,Y,MEHLER INDUSTRIES,MARTINSVILLE,Martinsville,VA,USA,119NC01QH,,,,,,,NS0020,NEW MATERIAL,,54016.0,To approve NC01QH ipo F02NX,Ceyhan Celik,Christopher Self,Y,,"AP, EMEA, LA, NA",,,,,MEHLER INDUSTRIES,Martinsville VA,Martinsville,,MEHLER INDUSTRIES,MARTINSVILLE,MARTINSVILLE,VA,USA,Yes,,,,,,,,,,
REINFORCEMENT,1,RF131JH,0.89MM BEAD WIRE - HIGH TENSILE,N,WIRECO CAMESA SA,MEXICO CITY,MEXICO CITY,Others,Mexico,131JH,,,,,,,W00022,NEW SOURCE,,37252.0,Latin America bead wire is dominated by BBA and Kiswire. We are re-approving WireCo-Camesa in order to create competitive dynamics in Latin America and to create a local supply option for San Luis Potosi, ,Richard Porter,N,,"AP, EMEA, LA, NA",,,,,WIRECO CAMESA SA,"MEXICO CITY, MEXICO",MEXICO CITY,BGE,WIRECO CAMESA SA,MEXICO CITY,MEXICO CITY,OTHERS,MEXICO,Yes,,,,,,,,,,
REINFORCEMENT,1,RFAE20LR,"ARAMID, 1670/3, 6.9x6.9 SED fabric 20epi",N,HYOSUNG CORPORATION,DECATUR,Decatur,AL,USA,AE20LR with Teijin aramid L01,,,,,,,AS0023,NEW SOURCE,,43850.0,"GY has an agreement with Dupont to use Kevlar in GY NA products. One exception is if Kevlar yarn made cords do not meet GY¿s material specs, GY can use aramid from another supplier.", ,Ceyhan Celik,N,,"AP, EMEA, LA, NA",,,,,HYOSUNG CORPORATION,"Decatur, AL, USA",Decatur,AIT,HYOSUNG CORPORATION,DECATUR,DECATUR,AL,USA,Yes,,,,,,,,,,
REINFORCEMENT,1,RFEE,5/8/14X.265+1ST,Y,JIANGSU XINGDA,PLANT 8 - XING HUA,Xing Hua,Others,China,Z101EE,,,,,,,GL3208,NEW SOURCE,,63029.0,"2018.07.10 - 2019 productivity program. Goodyear and Xingda agreed to enter in a 3 year agreement (2019 to 2021) to develop relationship. In order to increase volume during the agreement, Goodyear is willing to approve Xingda for EE at Luxembourg: Xingda business case estimated at  $516,000 productivity versus Bekaert/Hyosung", ,Arun Manogaran,Y,,"AP, EMEA, LA, NA",,,,,JIANGSU XINGDA,Plant 8 - Xing Hua,Xing Hua,JLA,JIANGSU XINGDA,PLANT 8 - XING HUA,XING HUA,OTHERS,CHINA,Yes,,,,,,,,,,
REINFORCEMENT,1,RFBH,"1.295MM BEAD WIRE - HIGH TENSILE 
(Cooper 9021/9906/9001)",Y,SHANDONG DAYE CO. LTD,SHANDONG XINXING INDUSTRIAL PARK,Shandong Province,Others,China,411BH,,,,,,,GL2101,NEW SOURCE,,34643.0,2017 Productivity, ,Arun Manogaran,Y,,"AP, EMEA, LA, NA",,,,,Shandong Daye Co. Ltd,Shandong XinXing Industrial Park,Shandong Province,JVD,SHANDONG DAYE CO. LTD,SHANDONG XINXING INDUSTRIAL PARK,SHANDONG PROVINCE,OTHERS,CHINA,Yes,,,,,,,,,,
REINFORCEMENT,1,RFUF,3x7x.175 HE,Y,BEKAERT,SLATINA,Slatina,Others,Romania,BQ01UF,,,,,,,GL3188,NEW SOURCE,,48075.0,"SECURITY OF SUPPLY. 2016 supplier (Sodetal) went on bankruptcy on December 2016 and 2017 supplier (BMZ) remains only Goodyear approved supplier for this code. BMZ informed Goodyear on July 18th 2017 that they will not be able to supply UF volumes required by Goodyear for H2 2017 . In addition, BMZ did not quote the UF material in 2018 tender which means that BMZ may not will to supply UF to Goodyear anymore in 2018. As a result a second source of supply must be approved asap to avoid any run-out risk for Luxembourg plant.  Security of Supply Benefit:  $¿4,534.15", ,Arun Manogaran,Y,,"AP, EMEA, LA, NA",,,,,BEKAERT,Slatina,Slatina,EOM,BEKAERT,SLATINA,SLATINA,OTHERS,ROMANIA,Yes,,,,,,,,,,
REINFORCEMENT,1,RFNC32ZO,"940/2 dtex 12x12TPI, Pink dip adhesive, Stretch/stretch processing",Y,HYOSUNG CORPORATION,DECATUR,Decatur,AL,USA,119NC32ZO,,,,,,,N00177,NEW MATERIAL,,58106.0,Contingency option for BN32ZO. NC32ZO will be pink dip NC32JA to be used ipo BN32ZO should it not pass lab.,Taylor Niehaus,Doug Till,Y,,"AP, EMEA, LA, NA",,,,,HYOSUNG CORPORATION,"Decatur, AL, USA",Decatur,AIT,HYOSUNG CORPORATION,DECATUR,DECATUR,AL,USA,Yes,,,,,,,,,,
REINFORCEMENT,1,RFNA28DR,1400/2 Nylon 66 at 12.2x12.2 TPI,Y,HYOSUNG CORPORATION,DECATUR,Decatur,AL,USA,139NA28DR,,,,,,,N00195,NEW MATERIAL,,66533.0,12.2x12.2 TPI 1400/2 Nylon 66,Ceyhan Celik,Ceyhan Celik,Y,,"AP, EMEA, LA, NA",,,,,HYOSUNG CORPORATION,"Decatur, AL, USA",Decatur,AIT,HYOSUNG CORPORATION,DECATUR,DECATUR,AL,USA,Yes,,,,,,,,,,
REINFORCEMENT,1,RFTM26HF,HMLS POLYESTER 2200/1/2 8.5X8.5 TPI 26EPI HF,N,KOLON,NANJING,Nanjing,Others,China,TM26HF,,,,,,,GTC3664HF,NEW SOURCE,,27122.0,"This code is currently sole sourced from Kolon Korea, so this program is a Contractual Obligation and Security of Supply program to approve a second production location. (This approval will be yarn from Kolon Korea, and conversion in Kolon Nanjing.)", ,Gabriel Bonnet,N,,AP,,,,,KOLON,Nanjing,Nanjing,JPJ,KOLON,NANJING,NANJING,OTHERS,CHINA,Yes,,,,,,,,,,
REINFORCEMENT,1,RFTV27CN,"1670/1/2 PET, 8.5x8.5 tpi, 27 epi, CN",Y,HYOSUNG CORPORATION,DONG NAI,Dong Nai,Others,Vietnam,S02TV27CN,,,,,,,V00110,NEW MATERIAL,,50338.0,Pink Dip Version of TV27HP from Vietnam,Doug Till,Doug Till,Y,,"AP, EMEA, LA, NA",,,,,HYOSUNG CORPORATION,"Dong Nai, Vietnam",Dong Nai,JPK,HYOSUNG CORPORATION,DONG NAI,DONG NAI,OTHERS,VIETNAM,Yes,,,,,,,,,,
REINFORCEMENT,1,RFS03BPA6MN,XSED from Vietnam  for NGT,N,HYOSUNG CORPORATION,DONG NAI DIP UNIT #2,Dong Nai,Others,Vietnam,XSED19,,,,,,,N00168,NEW MATERIAL,,47363.0,XSED19 Asahi Code approval,Ceyhan Celik,Ceyhan Celik,N,,"AP, EMEA, LA, NA",,,,,HYOSUNG CORPORATION,Dong Nai - DipUnit2,Dong Nai,JPK,HYOSUNG CORPORATION,DONG NAI DIP UNIT #2,DONG NAI,OTHERS,VIETNAM,Yes,,,,,,,,,,
REINFORCEMENT,1,RFWY,2+2x.22UT,Y,JIANGSU XINGDA,PLANT 9 - XING HUA,Xing Hua,Others,China,Z201WY,,,,,,,GL3207,NEW SOURCE,,61771.0,"2019 productivity program. Goodyear and Xingda agreed to enter in a 3 year agreement (2019 to 2021) to develop relationship. In order to increase volume during the agreement, Goodyear is willing to approve Xingda for WY at Pulandian", ,Arun Manogaran,Y,,"AP, EMEA, LA, NA",,,,,JIANGSU XINGDA,Plant 9 - Xing Hua,Xing Hua,JVW,JIANGSU XINGDA,PLANT 9 - XING HUA,XING HUA,OTHERS,CHINA,Yes,,,,,,,,,,
REINFORCEMENT,1,RF247BH,1.295MM BEAD WIRE - HIGH TENSILE,N,KISWIRE,Pine Bluff,Pine Bluff,AR,USA,247BH,,,,,,,W00020,NEW SOURCE,,33310.0,"Kiswire recently completed construction of new bead wire line in Pine Bluff, AR. The new line was modeled after Kiswire's Newberry, SC bead wire line, where GY is currently supplied bead wire codes CH and BH.", ,Srinivas Iyer,N,,"AP, LA, NA",,,,,,,,,,,,,,,,,,,,,,,,
REINFORCEMENT,1,RFTU32HF,"HMLS POLYESTER 1440/1/2, 9x9TPI, 32EPI HF",N,INDORAMA VENTURES MOBILITY,KAIPING DIP UNIT #3,Kaiping,Others,China,U03TU32HF,,,,,,,GTC3694HF,NEW SOURCE,,44461.0,"There may be future productivity opportunities based on this approval, but the current business case is based off of PFI's full current usage of their Dip Unit 1, which is the only DU approved for them to supply dipped material to Goodyear. Negotiations are ongoing, but currently, pricing will remain flat, but this approval would enable them to supply more volume to Goodyear, based on allocation.   Dip Unit #3 will increase capacity by 3600 metric tons/year. There is a max potential savings of approximately $0.15/kg from the most costly suppliers. The actual estimated savings can be generated after the RFQ process is completed in 2017.", ,Bartosz Zielinski,N,,"AP, EMEA, LA, NA",,,,,INDORAMA VENTURES MOBILITY (Performance Fibers),Kaiping Dip Unit #3,Kaiping,LCJ,INDORAMA VENTURES MOBILITY,KAIPING DIP UNIT #3,KAIPING,OTHERS,CHINA,Yes,,,,,,,,,,
REINFORCEMENT,1,RFJPA6DR,"Like N00168: 2100/2, 10x10TPI with 4100C",Y,HYOSUNG CORPORATION,DECATUR,Decatur,AL,USA,Z08JPA6DR,,,,,,,N00170,NEW MATERIAL,,50433.0,An enhanced durability nylon ply material,Ceyhan Celik,Ceyhan Celik,Y,,"AP, EMEA, LA, NA",,,,,HYOSUNG CORPORATION,"Decatur, AL, USA",Decatur,AIT,HYOSUNG CORPORATION,DECATUR,DECATUR,AL,USA,Yes,,,,,,,,,,
REINFORCEMENT,1,RFJH,0.89MM BEAD WIRE - HIGH TENSILE,Y,BEKAERT,JIANGYIN,Jiangyin,Others,China,028JH,,,,,,,W00032,NEW SOURCE,,50509.0,"This project is for Productivity purposes. JH in Gadsden is currently supplied by Bekaert's facility in Rome, Georgia. Bekaert has informed us that this line will be going away, therefore procurement would like to approve Bekaert's Jiangyin facility in order to secure supply to Gadsden.", ,Zachary Driscoll,Y,,"AP, EMEA, LA, NA",,,,,BEKAERT,"Jiangyin, China",Jiangyin,JTM,BEKAERT,JIANGYIN,JIANGYIN,OTHERS,CHINA,Yes,,,,,,,,,,
REINFORCEMENT,1,RFNC21QA,"NYLON 6,6  940/1/2 12 X 12 TPI 21EPI QA",Y,KORDSA,LAUREL HILL,Laurel Hill,SC,USA,119NC21QA,,,,,,,N00150,NEW SOURCE,,34644.0,Leverage, ,Md Bhuiyan,Y,,"AP, EMEA, LA, NA",,,,,KORDSA,"Laurel Hill, SC, USA",Laurel Hill,CNP,KORDSA,LAUREL HILL,LAUREL HILL,SC,USA,Yes,,,,,,,,,,
REINFORCEMENT,1,RFTU32CX,"NAA HMLS PET, 1440/2dtex, 9x9TPI, 32EPI, CX",Y,HYOSUNG CORPORATION,DONG NAI,Dong Nai,Others,Vietnam,S07TU32CX,,,,,,,GTC3649CX,NEW MATERIAL,,56526.0,Conversion of Hyosung Vietnam to pink dip,Julie Vanderhaeghen,Julie Vanderhaeghen,Y,,"AP, EMEA, LA, NA",,,,,HYOSUNG CORPORATION,"Dong Nai, Vietnam",Dong Nai,JPK,HYOSUNG CORPORATION,DONG NAI,DONG NAI,OTHERS,VIETNAM,Yes,,,,,,,,,,
REINFORCEMENT,1,RFUK,2+2x.35 ST,N,SHANDONG SNTON,SHANDONG,Shandong,Others,China,AA101UK,,,,,,,S00112,NEW SOURCE,,44464.0,"There is a $82,656 savings opportunity in moving the allocation of UK/Fayetteville from Xingda to Snton in 2018. This is apart of a larger initiative with Snton to qualify them on BW and SC codes and increase competitiveness for 2018 negotiations.", ,Ann Myers,N,,"AP, EMEA, LA, NA",,,,,Shandong SNTON,Shandong,Shandong,LAQ,SHANDONG SNTON,SHANDONG,SHANDONG,OTHERS,CHINA,Yes,,,,,,,,,,
REINFORCEMENT,1,RFWL,2x.295 HT,N,SHANDONG SNTON,SHANDONG,Shandong,Others,China,AA101WL,,,,,,,S00109,NEW SOURCE,,44607.0,"There is a $408,835 savings opportunity in moving the allocation of WL/Fayetteville from Xingda to Snton in 2018. This is apart of a larger initiative with Snton to qualify them on BW and SC codes and increase competitiveness for 2018 negotiations.", ,Ann Myers,N,,"AP, EMEA, LA, NA",,,,,Shandong SNTON,Shandong,Shandong,LAQ,SHANDONG SNTON,SHANDONG,SHANDONG,OTHERS,CHINA,Yes,,,,,,,,,,
REINFORCEMENT,1,RFN01BN32ZO,1400/1 dtex pink dip,N,THAI INDO KORDSA,AYUTTHAYA,"AYUTTHAYA, THAILAND",Others,Thailand,N01BN32ZO,THAI INDO KORDSA,AYUTTHAYA,"AYUTTHAYA, THAILAND",Others,Thailand,,GTC2782ZO,NEW MATERIAL,,65868.0,Move to Pink dip technology,Rebecca Dando,Romain Mersch,N,N,"AP, EMEA, LA, NA",,"AP, EMEA, LA, NA",,,THAI INDO KORDSA,"AYUTTHAYA, THAILAND","AYUTTHAYA, THAILAND",JAE,THAI INDO KORDSA,AYUTTHAYA,"AYUTTHAYA, THAILAND",OTHERS,THAILAND,Yes,THAI INDO KORDSA,"AYUTTHAYA, THAILAND","AYUTTHAYA, THAILAND",JAE,THAI INDO KORDSA,AYUTTHAYA,"AYUTTHAYA, THAILAND",OTHERS,THAILAND,Yes
REINFORCEMENT,1,RFWY,2+2x.22UT,Y,HYOSUNG CORPORATION,DONG NAI - STEELCORD,Dong Nai,Others,Vietnam,C401WY,,,,,,,GL3155,NEW SOURCE,,31400.0,Currently only Bekaert's Izmit plant is approved to supply WY. This program will bring security of supply by approving another supplier for WY., ,Etienne Schauer,Y,,"AP, EMEA, LA, NA",,,,,HYOSUNG CORPORATION,Dong Nai - Steelcord,Dong Nai,JTR,HYOSUNG CORPORATION,DONG NAI - STEELCORD,DONG NAI,OTHERS,VIETNAM,Yes,,,,,,,,,,
REINFORCEMENT,1,RFFR,3x.21/9x.185 UT,N,JIAXING EASTERN,TENGZHOU EASTERN STEEL CORD CO. LTD,Tengzhou,Others,China,Y201FR,,,,,,,S00103,NEW SOURCE,,35228.0,2017 productivity, ,Srinivas Iyer,N,,"AP, EMEA, LA, NA",,,,,JIAXING EASTERN,Tengzhou Eastern Steel Cord Co. LTD,Tengzhou,JTK,JIAXING EASTERN,TENGZHOU EASTERN STEEL CORD CO. LTD,TENGZHOU,OTHERS,CHINA,Yes,,,,,,,,,,
REINFORCEMENT,1,RFNC27JA,"NYLON 6,6  940/1/2 12x12 TPI 27EPI JA",Y,HYOSUNG CORPORATION,DONG NAI,Dong Nai,Others,Vietnam,S01NC27JA,,,,,,,N00179,NEW SOURCE,,56843.0,NC27JA to Americana is currently supplied by Kordsa Brazil.  There is an estimated savings of $0.589/kg by switching to Hyosung Vietnam.  The savings is calculated with the 16% import duty for Hyosung Vietnam material as compared to 0% duty from Kordsa Brazil. NC32JA from Hyosung Vietnam is currently approved and supplied to NA plants., ,Doug Till,Y,,"AP, EMEA, LA, NA",,,,,HYOSUNG CORPORATION,"Dong Nai, Vietnam",Dong Nai,JPK,HYOSUNG CORPORATION,DONG NAI,DONG NAI,OTHERS,VIETNAM,Yes,,,,,,,,,,
REINFORCEMENT,1,RFUY,3X.365/9X.34 HT,N,HYOSUNG CORPORATION,GYEONGIU-SI,Gyeongiu-si,Others,South Korea,C601UY,,,,,,,S00117,NEW SOURCE,,62835.0,"C401UY from Hyosung Vietnam is not meeting minimum adhesion spec and due to the closure of C101UY from Hyosung Korea, we are evaluating the option to have UY produced at Hyosung Gyeongju, Korea, using half product (rough drawn and plated), at Hyosung Vietnam then shipped to Korea Gyeongju for fine drawing and bunching", ,Zachary Driscoll,N,,"AP, LA, NA",,,,,HYOSUNG CORPORATION,Gyeongiu-si,Gyeongiu-si,,HYOSUNG CORPORATION,GYEONGIU-SI,GYEONGIU-SI,OTHERS,SOUTH KOREA,No,,,,,,,,,,
REINFORCEMENT,1,RF247CH,1.83MM BEAD WIRE - HIGH TENSILE,N,KISWIRE,Pine Bluff,Pine Bluff,AR,USA,247CH,,,,,,,W00019,NEW SOURCE,,31951.0,"Kiswire recently completed construction of new bead wire line in Pine Bluff, AR.", ,Srinivas Iyer,N,,"AP, EMEA, LA, NA",,,,,,,,,,,,,,,,,,,,,,,,
REINFORCEMENT,1,RFTV27HF,"1670/1/2 HMLS PET 8.5x8.5 tpi, 27 epi, HF",N,PT INDO KORDSA,BOGOR,BOGOR,Others,Indonesia,TV27HF,,,,,,,V00107,NEW SOURCE,,39293.0,"This approval is an end count approval on TV27HF fabric. PT INDO KORDSA's TV28HF_AM approval will be completed prior to commencement of this approval.  Why are we making the change, i.e. this year's productivity?  This approval is to support contractual obligations we have agreed upon with Kordsa for 2016 volume in LA region. It is also in support of the Hyosung PET Mechanism which will be implemented in 2016.", ,Taylor Niehaus,N,,"AP, LA, NA",,,,,PT INDO KORDSA,"BOGOR, INDONESIA",BOGOR,BGQ,PT INDO KORDSA,BOGOR,BOGOR,OTHERS,INDONESIA,Yes,,,,,,,,,,
REINFORCEMENT,1,RFBN32ZO,"1400/1 Nylon 66 4.5 tpi, 32 epi ZO",Y,HYOSUNG CORPORATION,LISA,LISA,Others,Luxembourg,S02BN32ZO,,,,,,,N00178,NEW MATERIAL,,55892.0,Pink Dip Version of BN32GA,Heather Finklestein,Doug Till,Y,,"EMEA, LA, NA",,,,,HYOSUNG CORPORATION,"LISA, LUXEMBOURG",LISA,AIG,HYOSUNG CORPORATION,LISA,LISA,OTHERS,LUXEMBOURG,Yes,,,,,,,,,,
REINFORCEMENT,1,RFWY,2+2x.22UT,Y,BEKAERT,SHENYANG BSSC,Shenyang,Others,China,BG01WY,,,,,,,GL3162,NEW SOURCE,,36879.0,"WY is a new UT steel cord code used in consumer belts. Currently only EMEA plant Fulda is using code WY, however there is growing demand in all regions projected for 2016.  Currently only Bekaert's Izmit plant is approved to supply WY. This program will bring security of supply by approving another supplier for WY.", ,Etienne Schauer,Y,,"AP, EMEA, LA, NA",,,,,BEKAERT,"Shenyang BSSC, China",Shenyang,JJA,BEKAERT,SHENYANG BSSC,SHENYANG,OTHERS,CHINA,Yes,,,,,,,,,,
REINFORCEMENT,1,RFUJ,27X.175+1X.15 HT,Y,HYOSUNG CORPORATION,DONG NAI - STEELCORD,Dong Nai,Others,Vietnam,C401UJ,,,,,,,S00108,NEW SOURCE,,39034.0,"Recently Hyosung informed Goodyear that after a careful review of their steel cord manufacturing footprint they have decided to close their Korean steel cord plant (CONFIDENTIAL) by June 2, 2017.   Hyosung Korea currently supplies Goodyear in Europe, North America and Latin America with approximately 7,200MT of steel cord for Passenger, Commercial, OTR and Military products.   Hyosung has requested that Goodyear provide support to move the supply of the remaining codes Korea produces to their Vietnam production facility. When Hyosung closed Asheboro & Lux Wire, Goodyear was reimbursed all cost associated with the approvals under a Qualification Assistance Agreement. Hyosung has agreed to reimburse Goodyear¿s Global Reinforcements Technology team up to $100k of approval cost utilizing the same approach.", ,Zachary Driscoll,Y,,"AP, EMEA, LA, NA",,,,,HYOSUNG CORPORATION,Dong Nai - Steelcord,Dong Nai,JTR,HYOSUNG CORPORATION,DONG NAI - STEELCORD,DONG NAI,OTHERS,VIETNAM,Yes,,,,,,,,,,
REINFORCEMENT,1,RFTC28CX,"PET HMLS NAA, 1100/1/2 Dtex, 12x12 TPI, 28 EPI, CX",Y,HYOSUNG CORPORATION,DONG NAI,Dong Nai,Others,Vietnam,S04TC28CX,,,,,,,GTC3648CX,NEW MATERIAL,,56520.0,Conversion of Hyosung Vietnam to pink dip,Julie Vanderhaeghen,Julie Vanderhaeghen,Y,,"AP, EMEA, LA, NA",,,,,HYOSUNG CORPORATION,"Dong Nai, Vietnam",Dong Nai,JPK,HYOSUNG CORPORATION,DONG NAI,DONG NAI,OTHERS,VIETNAM,Yes,,,,,,,,,,
REINFORCEMENT,1,RFTC27CN,"1100/1/2 PET, 12x12 tpi, 27 epi, CN",Y,PT INDO KORDSA,BOGOR,BOGOR,Others,Indonesia,N06TC27CN,,,,,,,V00126,NEW SOURCE,,65218.0,Converting to Pink TC27CN, ,Christopher Self,Y,,"AP, LA, NA",,,,,PT INDO KORDSA,"BOGOR, INDONESIA",BOGOR,BGQ,PT INDO KORDSA,BOGOR,BOGOR,OTHERS,INDONESIA,Yes,,,,,,,,,,
REINFORCEMENT,1,RFNC30ZO,"NYLON 66, 940/2, 12x12 TPI, 30 EPI, ZO",Y,THAI INDO KORDSA,AYUTTHAYA,"AYUTTHAYA, THAILAND",Others,Thailand,N02NC30ZO,THAI INDO KORDSA,AYUTTHAYA,"AYUTTHAYA, THAILAND",Others,Thailand,,GTC2781ZO,NEW MATERIAL,,65871.0,Move to Pink dip technology,Rebecca Dando,Thiago Martins Amaral,Y,Y,"AP, EMEA, LA, NA",,"AP, EMEA, LA, NA",,,THAI INDO KORDSA,"AYUTTHAYA, THAILAND","AYUTTHAYA, THAILAND",JAE,THAI INDO KORDSA,AYUTTHAYA,"AYUTTHAYA, THAILAND",OTHERS,THAILAND,Yes,THAI INDO KORDSA,"AYUTTHAYA, THAILAND","AYUTTHAYA, THAILAND",JAE,THAI INDO KORDSA,AYUTTHAYA,"AYUTTHAYA, THAILAND",OTHERS,THAILAND,Yes
REINFORCEMENT,1,RFNC16ZM,"N66, 940/2 DTEX, 12/12 TPI, 16 EPI, ZM",Y,THAI INDO KORDSA,AYUTTHAYA,"AYUTTHAYA, THAILAND",Others,Thailand,N02NC16ZM,,,,,,,GTC2779ZM,NEW MATERIAL,,65916.0,Pink Dip switch,Heather Finklestein,Gabriel Bonnet,Y,,"AP, EMEA, LA, NA",,,,,THAI INDO KORDSA,"AYUTTHAYA, THAILAND","AYUTTHAYA, THAILAND",JAE,THAI INDO KORDSA,AYUTTHAYA,"AYUTTHAYA, THAILAND",OTHERS,THAILAND,Yes,,,,,,,,,,
REINFORCEMENT,1,RF448G44,1x5.0+(10+16+22+28)x2.0,Y,OTTO KUHLMANN,HEMER GERMANY,Hemer,Others,Germany,RF448G44,,,,,,,C00073,NEW MATERIAL,,43316.0,B777x nose tire,Jim Kish,Diego Navarro,Y,,"AP, EMEA, LA, NA",,,,,OTTO KUHLMANN,Hemer Germany,Hemer,BFJ,OTTO KUHLMANN,HEMER GERMANY,HEMER,OTHERS,GERMANY,Yes,,,,,,,,,,
REINFORCEMENT,1,RFS02TV27HF,"1670/1/2 HMLS PET 8.5x8.5 tpi, 27 epi, HF",N,HYOSUNG CORPORATION,DONG NAI,Dong Nai,Others,Vietnam,TV27HF,,,,,,,V00099,NEW SOURCE,,30140.0,2016 Productivity, ,Taylor Niehaus,N,,"AP, LA, NA",,,,,HYOSUNG CORPORATION,"Dong Nai, Vietnam",Dong Nai,JPK,HYOSUNG CORPORATION,DONG NAI,DONG NAI,OTHERS,VIETNAM,Yes,,,,,,,,,,
REINFORCEMENT,1,RFWY,2+2x.22UT,N,BEKAERT,ITAUNA - MG BRAZIL (STEEL CORD),Itauna,Others,Brazil,BC01WY,,,,,,,S00101,NEW SOURCE,,33442.0,Currently only Bekaert's Izmit plant is approved to supply WY. This program will bring security of supply by approving another supplier for WY., ,Zachary Driscoll,N,,"AP, EMEA, LA, NA",,,,,BEKAERT,"Itauna, MG, Brazil (Steel Cord)",Itauna,DAG,BEKAERT,ITAUNA - MG BRAZIL (STEEL CORD),ITAUNA,OTHERS,BRAZIL,Yes,,,,,,,,,,
REINFORCEMENT,1,RFZ01NG30ZO,"NYLON 6,6, 1400/2, 6x6 TPI, 30 EPI, ZO",N,KORDSA,IZMIT,Izmit,Others,Turkey,Z01NG30ZO,,,,,,,GTC2805,NEW MATERIAL,,119808.0,"NG30ZO will be the pink dip version of NG30GA. Currently it is shipped to Adapazari and Sava, where is it employed on passenger and light truck tires.  Savings of 0.09 USd/kg - Oct2020 SS volume estimate for 2021 is 91,371.23kg/yr",Thiago Martins Amaral,Thiago Martins Amaral,N,,"AP, EMEA, LA, NA",,,,,KORDSA,Izmit,Izmit,BXD,KORDSA,IZMIT,IZMIT,OTHERS,TURKEY,No,,,,,,,,,,
REINFORCEMENT,1,RFTM26CN,"2200/1/2 HMLS Polyester, 8.5x8.5 tpi, 26 epi, CN",Y,HYOSUNG CORPORATION,DECATUR,Decatur,AL,USA,S06TM26CN,HYOSUNG CORPORATION,DECATUR,Decatur,AL,USA,,V00148,NEW SOURCE,,114321.0,Security of SUpply - HYO VN moving TM production to HYO Decatur to support Decaturs long term business viability, ,Lucas Isenhart,Y,Y,"AP, EMEA, LA, NA",,"AP, EMEA, LA, NA",,,HYOSUNG CORPORATION,"Decatur, AL, USA",Decatur,AIT,HYOSUNG CORPORATION,DECATUR,DECATUR,AL,USA,Yes,HYOSUNG CORPORATION,"Decatur, AL, USA",Decatur,AIT,HYOSUNG CORPORATION,DECATUR,DECATUR,AL,USA,Yes
REINFORCEMENT,1,RFI19LC27MA,NYLON 6  940/1/2 12 X 12 TPI 27EPI MA,N,CENTURY ENKA,INDIA,,Others,India,I19LC27MA,,,,,,,L00039,NEW SOURCE,,76021.0,New Supplier - Century Enka - also a 940 dtex yarn approval, ,Ken Kot,N,,"AP, LA, NA",,,,,CENTURY ENKA,INDIA,,LBN,CENTURY ENKA,INDIA,,OTHERS,INDIA,Yes,,,,,,,,,,
REINFORCEMENT,1,RFI20LF25MA/C,LF25MA with std. weft,N,CENTURY ENKA,INDIA,,Others,India,I20LF25MA,,,,,,,L00040,NEW SOURCE,,76024.0,New Source - Century Enka - Also a 1400 dtex yarn approval, ,Ken Kot,N,,"AP, LA, NA",,,,,CENTURY ENKA,INDIA,,LBN,CENTURY ENKA,INDIA,,OTHERS,INDIA,Yes,,,,,,,,,,
REINFORCEMENT,1,RFNC33ZO,"NYLON 6,6, 940/2, 12x12 TPI, 33 EPI, ZO",Y,KORDSA,IZMIT,Izmit,Others,Turkey,Z02NC33ZO,,,,,,,GTC2804,NEW MATERIAL,,119806.0,"Code NC33ZO will be the pink dip version of NC33GA.  Currently the code is shipped only to South Africa where it is used in Passenger, Light Truck and bias OTR, on the ply.  Savings are expected to be 0.09 usd/kg with total impact of 9995.67 usd.",Thiago Martins Amaral,Thiago Martins Amaral,Y,,"AP, EMEA, LA, NA",,,,,KORDSA,"Izmit, Turkey",Izmit,BXD,KORDSA,IZMIT,IZMIT,OTHERS,TURKEY,Yes,,,,,,,,,,
REINFORCEMENT,1,RFTU32CX,"NAA HMLS PET, 1440/2dtex, 9x9TPI, 32EPI, CX",Y,PT INDO KORDSA,BOGOR,BOGOR,Others,Indonesia,N08TU32CX,PT INDO KORDSA,BOGOR,BOGOR,Others,Indonesia,,GTC3777,NEW SOURCE,,92215.0,pink dip implementation, ,Bartosz Zielinski,Y,Y,"AP, EMEA, LA, NA",,"AP, EMEA, LA, NA",,,PT INDO KORDSA,"BOGOR, INDONESIA",BOGOR,BGQ,PT INDO KORDSA,BOGOR,BOGOR,OTHERS,INDONESIA,Yes,PT INDO KORDSA,"BOGOR, INDONESIA",BOGOR,BGQ,PT INDO KORDSA,BOGOR,BOGOR,OTHERS,INDONESIA,Yes
REINFORCEMENT,1,RFNC32JA,"NYLON 6,6  940/1/2 12x12 TPI 32EPI JA",Y,KORDSA,LAUREL HILL,Laurel Hill,SC,USA,119NC32JA,,,,,,,N00228,NEW SOURCE,,119309.0,​Procurement would like to introduce NC32JA from Kordsa Laurel Hill to GY Lawton in order to close a gap from the incumbent supplier.  The incumbent supplier is Hyosung Vietnam which is facing some challenges with logistics delays and FM from their raw material suppliers, ,Diego Navarro,Y,,"AP, EMEA, LA, NA",,,,,KORDSA,"Laurel Hill, SC, USA",Laurel Hill,CNP,KORDSA,LAUREL HILL,LAUREL HILL,SC,USA,Yes,,,,,,,,,,
REINFORCEMENT,1,RFCJ24YA,"Hybrid Aramid+Nylon 66, 1100/1 (A)+1400/1 (N66), (4.7z/5.5S)/4.7S TPI, 24 EPI, Y",Y,HYOSUNG CORPORATION,LISA,LISA,Others,Luxembourg,CJ24YA,,,,,,,GTC4771YA,NEW MATERIAL,,124734.0,"To comply with our Strategic supply agreement with Teijin and Hyosung Lux tolling Agreement, and ​In view of future replacement of CF20 and CA28, we need to approved CJ24 converted at Hyosung Lux with Teijin yarn 1100dtex.",Thiago Martins Amaral,Thiago Martins Amaral,Y,,"AP, EMEA, LA, NA",,,,,HYOSUNG CORPORATION,"LISA, LUXEMBOURG",LISA,AIG,HYOSUNG CORPORATION,LISA,LISA,OTHERS,LUXEMBOURG,Yes,,,,,,,,,,
REINFORCEMENT,1,RFTU01CU,PET 1440/2 single end dipped cord pink dip,Y,INDORAMA VENTURES MOBILITY,PIZZIGHETTONE,Pizzighettone,Others,Italy,U03TU01CU,,,,,,,GTC3740,NEW MATERIAL,,84768.0,CHROME ply approval,Romain Mersch,Romain Mersch,Y,,"AP, EMEA, LA, NA",,,,,INDORAMA VENTURES MOBILITY CREMONA (Sicrem),Pizzighettone,Pizzighettone,BVQ,INDORAMA VENTURES MOBILITY,PIZZIGHETTONE,PIZZIGHETTONE,OTHERS,ITALY,Yes,,,,,,,,,,
REINFORCEMENT,1,RFTM01CU,PET 2200/2 single end dipped cord pink dip,Y,INDORAMA VENTURES MOBILITY,PIZZIGHETTONE,Pizzighettone,Others,Italy,U09TM01CU,,,,,,,GTC3741,NEW MATERIAL,,84769.0,CHROME ply approval,Romain Mersch,Romain Mersch,Y,,"AP, EMEA, LA, NA",,,,,INDORAMA VENTURES MOBILITY CREMONA (Sicrem),Pizzighettone,Pizzighettone,BVQ,INDORAMA VENTURES MOBILITY,PIZZIGHETTONE,PIZZIGHETTONE,OTHERS,ITALY,Yes,,,,,,,,,,
REINFORCEMENT,1,RFZ301UK,2+2x.35 ST,N,XINGDA STEEL CORD (THAILAND),XINGDA STEEL CORD,Ban Bueng,Others,Thailand,Steel Cord,,,,,,,S00144,NEW SOURCE,,100788.0,Procurement would like to introduce Xingda Thailand (Plant not created in SIS yet) for UK at Fayetteville with 18% allocation as soon as possible.  Incumbent supplier is Hyosung Vietnam with 82% allocation and Xingda (Xing Hua-Xing Hua-Others-China - Plant 9) with 18% allocation and only Xingda Xing Hua will be replaced by Xingda Thailand. Xingda Thailand is a brand new plant and has therefore never supplied UK at any Goodyear plant., ,Ceyhan Celik,N,,"AP, LA, NA",,,,,XINGDA STEEL CORD (THAILAND),Xingda Steel Cord (Thailand),Ban Bueng,XST,XINGDA STEEL CORD (THAILAND),XINGDA STEEL CORD,BAN BUENG,OTHERS,THAILAND,Yes,,,,,,,,,,
REINFORCEMENT,1,RFFQ,3+2x.35 UT,Y,BEKAERT,SHENYANG BSAP,Shenyang,Others,China,BL01FQ,,,,,,,GL3251,NEW SOURCE,,109029.0,approval of FQ from BSAP is considered of low risk while providing additional WY capacity ex Shenyang BSSC. Adds 40mt/month, ,Etienne Schauer,Y,,"AP, EMEA, LA, NA",,,,,BEKAERT,"Shenyang BSAP, China",Shenyang,JOH,BEKAERT,SHENYANG BSAP,SHENYANG,OTHERS,CHINA,Yes,,,,,,,,,,
REINFORCEMENT,1,RFZ01NG30GA,"1400 DECITEX NYLON 6,6",N,HYOSUNG CORPORATION,LISA,LISA,Others,Luxembourg,G09NG30GA,,,,,,,GTC2814GA,NEW SOURCE,,128691.0,"Introducing Kordsa Izmit Z01N (1400dtex) Yarn Source Change approval at Hyosung Lux for security of supply as PHP G09N yarn deliveries to EU (Hyosung Lux and Glanzstoff) are not secured in Q1 at minimum.  Z01N yarn from Kordsa Izmit is known yarn used in BN32 from Hyosung Lux RCCE, PL, SV, SLP  Move from PHP to Kordsa will creates a savings of 5.32 - 5.22 EUR/kg = 0,10 EUR/kg  Volume to Hanau = 250mt/year  Generating 25k USD/yr head wind mitigation", ,Thiago Martins Amaral,N,,"AP, EMEA, LA, NA",,,,,HYOSUNG CORPORATION,"LISA, LUXEMBOURG",LISA,AIG,HYOSUNG CORPORATION,LISA,LISA,OTHERS,LUXEMBOURG,Yes,,,,,,,,,,
REINFORCEMENT,1,RFS01BI30GF,"940 DECITEX NYLON 6,6",N,HYOSUNG CORPORATION,LISA,LISA,Others,Luxembourg,S01BI30GF,,,,,,,GTC2813GF,NEW SOURCE,,128870.0,"​Introducing Hyosung S01N (940dtex) Yarn Source Change approval at Hyosung Lux for security of supply as Shenma U01N yarn deliveries to EU (Hyosung Lux and Glanzstoff) are not secured in Q1.  S01N yarn from Hyosung VN is known yarn used in NC21 going to AM, LA, SLP  move from Shenma to Hyosung creates a savings of 5.89 - 5.02 EUR/kg = 0,87 EUR/kg  volume to Hanau = 120mr/year  generating 122k USD/yr head wind mitigation", ,Thiago Martins Amaral,N,,"AP, EMEA, LA, NA",,,,,HYOSUNG CORPORATION,"LISA, LUXEMBOURG",LISA,AIG,HYOSUNG CORPORATION,LISA,LISA,OTHERS,LUXEMBOURG,Yes,,,,,,,,,,
REINFORCEMENT,1,RFH50NN REV. 03,"1100/1 DECITEX NYLON 6,6 WOVEN 14X14",N,TEXTILES OMNES,COLOMBIA,,Others,Colombia,H50NN,,,,,,,NC0017,NEW SOURCE,,103946.0,Procurement would like to re-approval NN from Textiles Omnes with new Nylon 66 Texturizing Machine Omnes has aquired to support volume grow with Goodyear.   New Texturizing Machine brings a better manufacturing cost for Omnes. Omnes rollover prices from 2019 into 2020 based on the approval of the new machine., ,Diego Navarro,N,,"AP, EMEA, LA, NA",,,,,TEXTILES OMNES,COLOMBIA,,,TEXTILES OMNES,COLOMBIA,,OTHERS,COLOMBIA,Yes,,,,,,,,,,
REINFORCEMENT,1,RFBK30ZO,"NYLON 6,6, 2100/1, 3 TPI, 30 EPI, ZO",Y,KORDSA,IZMIT,Izmit,Others,Turkey,Z03BK30ZO,,,,,,,GTC2811ZO,NEW MATERIAL,,128057.0,"Pink dip switch from Kordsa BK30GA to BK30ZO.  0.09 USD/kg savings with Kordsa for switch to PD.  Volume is 165793 kg, Savings est 16,570 usd",Thiago Martins Amaral,Thiago Martins Amaral,Y,,"AP, EMEA, LA, NA",,,,,KORDSA,"Izmit, Turkey",Izmit,BXD,KORDSA,IZMIT,IZMIT,OTHERS,TURKEY,Yes,,,,,,,,,,
REINFORCEMENT,1,RF394D33,1x2.5+(7+13+19)x1.8,Y,OTTO KUHLMANN,POLAND,,Others,Poland,RF394D33,,,,,,,C00111,NEW SOURCE,,101800.0,Approve Otto Kuhlmann sub-contractor Midabo in Katowice (Poland) as 2nd assembly site for for cable beads RF394D33 and RF536H45 for security of supply.  Update Sep 1st 2020: too early to determine the financial benefit to expect, ,Diego Navarro,Y,,"AP, EMEA, LA, NA",,,,,OTTO KUHLMANN,Poland,,OKM,OTTO KUHLMANN,POLAND,,OTHERS,POLAND,Yes,,,,,,,,,,
REINFORCEMENT,1,RFTC28CX,"PET HMLS NAA, 1100/1/2 Dtex, 12x12 TPI, 28 EPI, CX",Y,KORDSA,IZMIT,Izmit,Others,Turkey,Z16TC28CX,,,,,,,GTC3776,NEW SOURCE,,86016.0,"Incumbent:QC28PF is currently black dip- need to transition to pink dip.   QC28PF volume to TU estimated at 516000kg for 2020 (JAN2020SS)  Savings to pink dip is 0.09 usd/kg -   Value estimate for whole year 2020 volume = 46,400 usd  Pink dip in Kordsa Izmit will allow for more opportunities with transitioning pink dip volumes to this location.  2020.03.11  based on 2020 1+11 volume 459494kg * 0.09$/kg = $41,354", ,Diego Navarro,Y,,"AP, EMEA, LA, NA",,,,,KORDSA,Izmit,Izmit,BXD,KORDSA,IZMIT,IZMIT,OTHERS,TURKEY,No,,,,,,,,,,
REINFORCEMENT,1,RFUU,1X.22/18X.20 ST WIRE,Y,JIANGSU XINGDA,PLANT 8 - XING HUA,Xing Hua,Others,China,Z101UU,,,,,,,GL3249,NEW SOURCE,,103057.0,Procurement would like to introduce Xingda (Xing Hua-Xing Hua-Others-China - Plant 8) for UU at Goodyear Luxembourg with 50% allocation for 2021. Incumbent supplier is Bekaert Kartepe who will be partly replaced by Xingda who is not supplying UU at Goodyear plants., ,Arun Manogaran,Y,,"AP, EMEA, LA, NA",,,,,JIANGSU XINGDA,Plant 8 - Xing Hua,Xing Hua,JLA,JIANGSU XINGDA,PLANT 8 - XING HUA,XING HUA,OTHERS,CHINA,Yes,,,,,,,,,,
REINFORCEMENT,1,RF029JH,0.89MM BEAD WIRE - HIGH TENSILE,N,BEKAERT,ITAUNA - BRAZIL (BEAD WIRE),Itauna,Others,Brazil,029JH,,,,,,,W00039,NEW SOURCE,,96244.0,"Procurement would like to introduce BBA ¿ Belgo Bekaert Arames new plant at Itauna, MG ¿ Brazil for bead wire code JH at Goodyear Americana with 50% allocation for 2020.  Incumbent supplier is BBA ¿ Belgo Bekaert Arames in Osasco, SP - Brazil who will be replaced by the new BBA Ita¿na Plant.  This project is part of the BBA new investment in Brazil transferring production from Osasco to Ita¿na.", ,Ann Myers,N,,"AP, EMEA, LA, NA",,,,,BEKAERT,"Itauna, Brazil (Bead Wire)",Itauna,BEI,BEKAERT,ITAUNA - BRAZIL (BEAD WIRE),ITAUNA,OTHERS,BRAZIL,Yes,,,,,,,,,,
REINFORCEMENT,1,RFFA01WY,2+2x.22UT,N,KISWIRE,SZENTGOTTHARD,Szentgotth¿rd,Others,Hungary,FA01WY,,,,,,,GL3256,NEW SOURCE,,111576.0,"add WY capacity from our supply base as goodyear demand and growth exceeds installed capacity.  adding Kiswire to our pool of approved supplier will help secure supply.  Additionnally, intent is to allocate min 50% of the lane and estimated productivity is 240k$ for approx 920mt.", ,Julie Vanderhaeghen,N,,"AP, EMEA, LA, NA",,,,,KISWIRE,Szentgotth¿rd,Szentgotth¿rd,EGA,KISWIRE,SZENTGOTTHARD,SZENTGOTTHARD,OTHERS,HUNGARY,Yes,,,,,,,,,,
REINFORCEMENT,1,RFTU30CX,"HMLS PET, 1440/1/2, 9x9 TPI,30 EPI, CX",Y,HYOSUNG CORPORATION,LISA,LISA,Others,Luxembourg,S07TU30CX,,,,,,,GTC3747,NEW MATERIAL,,69994.0,Pink Dip approval,Etienne Schauer,Etienne Schauer,Y,,"AP, EMEA, LA, NA",,,,,HYOSUNG CORPORATION,"LISA, LUXEMBOURG",LISA,AIG,HYOSUNG CORPORATION,LISA,LISA,OTHERS,LUXEMBOURG,Yes,,,,,,,,,,
REINFORCEMENT,1,RFC402EJ,19X.22 +6X 1X.22/18X.20 +1 HT,N,HYOSUNG CORPORATION,DONG NAI - STEELCORD,Dong Nai,Others,Vietnam,C402EJ,,,,,,,S00129,NEW SOURCE,,84877.0,Procurement would like to re-approval Hyosung Vietnam (Dong Nai - Steelcord-Dong Nai-Others-Vietnam) for EJ at Goodyear Topeka with 50% allocation for 2020., ,Matthew Hecht,N,,"AP, EMEA, LA, NA",,,,,HYOSUNG CORPORATION,Dong Nai - Steelcord,Dong Nai,JTR,HYOSUNG CORPORATION,DONG NAI - STEELCORD,DONG NAI,OTHERS,VIETNAM,Yes,,,,,,,,,,
REINFORCEMENT,1,RF029BH,1.295MM BEAD WIRE - HIGH TENSILE,N,BEKAERT,ITAUNA - BRAZIL (BEAD WIRE),Itauna,Others,Brazil,029BH,,,,,,,W00038,NEW SOURCE,,96246.0,"Procurement would like to introduce BBA ¿ Belgo Bekaert Arames new plant at Itauna, MG ¿ Brazil for bead wire code BH at Goodyear Americana with 100% allocation for 2020.  Incumbent supplier is BBA ¿ Belgo Bekaert Arames in Osasco, SP - Brazil who will be replaced by the new BBA Ita¿na Plant.  This project is part of the BBA new investment in Brazil transferring production from Osasco to Ita¿na.​", ,Ann Myers,N,,"AP, EMEA, LA, NA",,,,,BEKAERT,"Itauna, Brazil (Bead Wire)",Itauna,BEI,BEKAERT,ITAUNA - BRAZIL (BEAD WIRE),ITAUNA,OTHERS,BRAZIL,Yes,,,,,,,,,,
REINFORCEMENT,1,RFBN01WL,2x.295 HT,N,BEKAERT,KARTEPE,Kartepe,Others,Turkey,BN01WL,,,,,,,GL3250,NEW SOURCE,,105218.0,"Due to capacity constraints with Beakert Izmit, and Goodyear Izmit being single sourced to Bekaert Izmit, we need to a second aource of aupply from Bekaert and approve Kartepe.", ,Julie Vanderhaeghen,N,,"AP, EMEA, LA, NA",,,,,BEKAERT,"KARTEPE, TURKEY",Kartepe,APP,BEKAERT,KARTEPE,KARTEPE,OTHERS,TURKEY,Yes,,,,,,,,,,
REINFORCEMENT,1,RFAH01SB,"Single end Aramid, 1100 / 2, 14.0 x 14.0",Y,INDORAMA VENTURES MOBILITY,PIZZIGHETTONE,Pizzighettone,Others,Italy,L16AH01SB,,,,,,,GTC4762SB,NEW MATERIAL,,67034.0,Source change approval,Rebecca Dando,Dirk Eck,Y,,"AP, EMEA, LA, NA",,,,,INDORAMA VENTURES MOBILITY CREMONA (Sicrem),Pizzighettone,Pizzighettone,BVQ,INDORAMA VENTURES MOBILITY,PIZZIGHETTONE,PIZZIGHETTONE,OTHERS,ITALY,Yes,,,,,,,,,,
REINFORCEMENT,1,RFCB01WU,"Hybrid 1100/2+940/1, CB SED cord",Y,KORDSA,IZMIT,Izmit,Others,Turkey,AN1CB01WU,,,,,,,GTC4751WU,NEW MATERIAL,,84347.0,GfA overlay maker SED cord development,Romain Mersch,Romain Mersch,Y,,"AP, EMEA, LA, NA",,,,,KORDSA,"Izmit, Turkey",Izmit,BXD,KORDSA,IZMIT,IZMIT,OTHERS,TURKEY,Yes,,,,,,,,,,
REINFORCEMENT,1,RFBK01ZV,"Nylon 6.6 2100/1 dtex, SED cord",Y,KORDSA,IZMIT,Izmit,Others,Turkey,Z03BK01ZV,,,,,,,GTC2778ZV,NEW MATERIAL,,84348.0,GfA overlay maker SED cord development,Romain Mersch,Romain Mersch,Y,,"AP, EMEA, LA, NA",,,,,KORDSA,Izmit,Izmit,BXD,KORDSA,IZMIT,IZMIT,OTHERS,TURKEY,No,,,,,,,,,,
REINFORCEMENT,1,RFNPA8SF,Ayaha greige fabric approval. Ayaha currently dips this fabric which is supplied,Y,AYAHA,AYAHA OSOKA,Osoka,Others,Japan,J36NPA8SF,,,,,,,N00205,NEW MATERIAL,,76305.0,Ayaha greige fabric approval for supply security,Ceyhan Celik,Ceyhan Celik,Y,,"AP, EMEA, LA, NA",,,,,Ayaha,Ayaha Osoka,Osoka,AYA,AYAHA,AYAHA OSOKA,OSOKA,OTHERS,JAPAN,Yes,,,,,,,,,,
REINFORCEMENT,1,RFNG30ZO,N66 1400/2 dtex pink dip,Y,HYOSUNG CORPORATION,LISA,LISA,Others,Luxembourg,G09NG30ZO,HYOSUNG CORPORATION,LISA,LISA,Others,Luxembourg,,GTC2787ZO,NEW MATERIAL,,69524.0,Pink dip approval of NG30 Hyosung Lux,Heather Finklestein,Romain Mersch,Y,Y,"AP, EMEA, LA, NA",,"AP, EMEA, LA, NA",,,HYOSUNG CORPORATION,"LISA, LUXEMBOURG",LISA,AIG,HYOSUNG CORPORATION,LISA,LISA,OTHERS,LUXEMBOURG,Yes,HYOSUNG CORPORATION,"LISA, LUXEMBOURG",LISA,AIG,HYOSUNG CORPORATION,LISA,LISA,OTHERS,LUXEMBOURG,Yes
REINFORCEMENT,1,RFTC28CX,"PET HMLS NAA, 1100/1/2 Dtex, 12x12 TPI, 28 EPI, CX",Y,HYOSUNG CORPORATION,LISA,LISA,Others,Luxembourg,S04TC28CX,,,,,,,GTC3746CX,NEW SOURCE,,70919.0,Pink Dip switch at Hyosung Luxembourg (QC28PF -> TC28CX), ,Gabriel Bonnet,Y,,"AP, EMEA, LA, NA",,,,,HYOSUNG CORPORATION,"LISA, LUXEMBOURG",LISA,AIG,HYOSUNG CORPORATION,LISA,LISA,OTHERS,LUXEMBOURG,Yes,,,,,,,,,,
REINFORCEMENT,1,RFNC21QH,"NYLON 6,6  940/1/2 12 X 12 TPI 21EPI QH",Y,THAI INDO KORDSA,AYUTTHAYA,"AYUTTHAYA, THAILAND",Others,Thailand,N02NC21QH,THAI INDO KORDSA,AYUTTHAYA,"AYUTTHAYA, THAILAND",Others,Thailand,,N00226,NEW SOURCE,,116725.0,"Security of Supply- Quality Issues- High scrap rate with Incumbent Need alt supplier approved to support Race/Aircraft codes that can only be produced at HYO Decatur.  From the plant:Business case:   1) Quality Improvement (reduced scrap), 2) Productivity savings of $100K (see  email from Rewadee), 3) Simple qualification without tire testing since Thai Indo Kordsa already supplies NC21DH.", ,Ken Kot,Y,Y,"AP, EMEA, LA, NA",,"AP, EMEA, LA, NA",,,THAI INDO KORDSA,"AYUTTHAYA, THAILAND","AYUTTHAYA, THAILAND",JAE,THAI INDO KORDSA,AYUTTHAYA,"AYUTTHAYA, THAILAND",OTHERS,THAILAND,Yes,THAI INDO KORDSA,"AYUTTHAYA, THAILAND","AYUTTHAYA, THAILAND",JAE,THAI INDO KORDSA,AYUTTHAYA,"AYUTTHAYA, THAILAND",OTHERS,THAILAND,Yes
REINFORCEMENT,1,RF242JH,0.89MM BEAD WIRE - HIGH TENSILE,N,KISWIRE,HONG DUK,Hong Duk,Others,South Korea,242JH,,,,,,,W00041,NEW SOURCE,,116806.0,Procurement would like to introduce JH from Kiswire Hongduk Korea to GY Lawton in replacement of JH from Kiswire Yang San Korea.  Kiswire decided to close their Yang San plant by the end of 2021., ,Diego Navarro,N,,"AP, EMEA, LA, NA",,,,,KISWIRE,"Hong Duk, South Korea",Hong Duk,JBU,KISWIRE,HONG DUK,HONG DUK,OTHERS,SOUTH KOREA,No,,,,,,,,,,
REINFORCEMENT,1,RFNF30DH,"NYLON 6,6  1400/1/2 10 X 10 TPI 30EPI DH",N,THAI INDO KORDSA,AYUTTHAYA,"AYUTTHAYA, THAILAND",Others,Thailand,NF30DH with Robin 2029C,,,,,,,N00222,NEW SOURCE,,114827.0,"Dow chemical Force Majeure (effects OLISTIC) for Decatur mfg of 2029C Black dip chemicals.   Thai Indo Kordsa 2029C Decatur black dip is used in Aircraft fabrics.  However- Kordsa Izmit uses ROBIN2029C for AC supply.  ACTTM proposes to fully approve ROBIN 2029C in Thai Indo Kordsa for GY Thailand biased Aircraft tire fabrics based on lab approval of NF30DH and NC21DH.  Testing to be done in GIC-A,GIC-L and GY Thailand.", ,Ceyhan Celik,N,,"AP, EMEA, LA, NA",,,,,THAI INDO KORDSA,"AYUTTHAYA, THAILAND","AYUTTHAYA, THAILAND",JAE,THAI INDO KORDSA,AYUTTHAYA,"AYUTTHAYA, THAILAND",OTHERS,THAILAND,Yes,,,,,,,,,,
REINFORCEMENT,1,RFNC27ZO,940/1/2 N66; 12x12 tpi; 27 epi; ZO,Y,HYOSUNG CORPORATION,DONG NAI,Dong Nai,Others,Vietnam,S01NC27ZO,,,,,,,N00201,NEW MATERIAL,,70789.0,Pink Dip NC27JA,Doug Till,Doug Till,Y,,"AP, EMEA, LA, NA",,,,,HYOSUNG CORPORATION,"Dong Nai, Vietnam",Dong Nai,JPK,HYOSUNG CORPORATION,DONG NAI,DONG NAI,OTHERS,VIETNAM,Yes,,,,,,,,,,
REINFORCEMENT,1,RF029CH,1.83MM BEAD WIRE - HIGH TENSILE,N,BEKAERT,ITAUNA - BRAZIL (BEAD WIRE),Itauna,Others,Brazil,029CH,,,,,,,W00037,NEW SOURCE,,96375.0,"​Procurement would like to introduce BBA ¿ Belgo Bekaert Arames new plant at Itauna, MG ¿ Brazil for bead wire code CH at Goodyear Americana with 100% allocation for 2020.", ,Ann Myers,N,,"AP, EMEA, LA, NA",,,,,BEKAERT,"Itauna, Brazil (Bead Wire)",Itauna,BEI,BEKAERT,ITAUNA - BRAZIL (BEAD WIRE),ITAUNA,OTHERS,BRAZIL,Yes,,,,,,,,,,
REINFORCEMENT,1,RF242BH,1.295MM BEAD WIRE - HIGH TENSILE,N,KISWIRE,HONG DUK,Hong Duk,Others,South Korea,242BH,,,,,,,W00040,NEW SOURCE,,117610.0,Procurement would like to introduce BH from Kiswire Hongduk Korea to GY Chile in replacement of BH from Kiswire Yang San Korea.  Kiswire decided to close their Yang San plant by the end of 2021., ,Matthew Hecht,N,,"AP, EMEA, LA, NA",,,,,Kiswire - Bead Wire,"Hong Duk, South Korea",Hong Duk,JBU,KISWIRE,HONG DUK,HONG DUK,OTHERS,SOUTH KOREA,Yes,,,,,,,,,,
REINFORCEMENT,1,RFBP01UG,1X.20/18X.175 ST,N,BEKAERT,PNEUS SA - BRAZIL (STEEL CORD),Sumare,Others,Brazil,BP01UG,,,,,,,S00157,NEW SOURCE,,128634.0,"​Procurement would like to introduce UG (w half product of Itauna) from BMB Sumar¿ to GY Americana.  Due to the high demand of the Market, BMB will be able to increase their capacity of UG approving their plant in Sumar¿ for producing UG.  Sumar¿ plant is just 1h from GY Americana plant and can add logistics benefits to GY.", ,Diego Navarro,N,,"AP, EMEA, LA, NA",,,,,BEKAERT,BEKAERT PNEUS SA - BRAZIL (STEEL CORD PLANT),Sumare,DAS,BEKAERT,PNEUS SA - BRAZIL (STEEL CORD),SUMARE,OTHERS,BRAZIL,Yes,,,,,,,,,,
REINFORCEMENT,1,RFBP01UM/N,3X.22/9X.20+1 HT,N,BEKAERT,PNEUS SA - BRAZIL (STEEL CORD),Sumare,Others,Brazil,BP01UM,,,,,,,S00158,NEW SOURCE,,128635.0,"​Procurement would like to introduce UM (with half product from Ita¿na) from BMB Sumar¿ to GY Americana.  Due to the high demand of the Market, BMB will be able to increase their capacity of UM approving their plant in Sumar¿ for producing UM.  Sumar¿ plant is just 1h from GY Americana plant and can add logistics benefits to GY.", ,Diego Navarro,N,,"AP, EMEA, LA, NA",,,,,BEKAERT,BEKAERT PNEUS SA - BRAZIL (STEEL CORD PLANT),Sumare,DAS,BEKAERT,PNEUS SA - BRAZIL (STEEL CORD),SUMARE,OTHERS,BRAZIL,Yes,,,,,,,,,,
REINFORCEMENT,1,RFBPB2SF,XSED19 greige fabric approval in Ayaha. Ayaha currently dips this greige fabric ,Y,AYAHA,AYAHA OSOKA,Osoka,Others,Japan,J36BPB2SF,,,,,,,N00204,NEW MATERIAL,,76302.0,Ayaha greige fabric approval for supply security,Lucas Isenhart,Lucas Isenhart,Y,,"AP, EMEA, LA, NA",,,,,Ayaha,Ayaha Osoka,Osoka,AYA,AYAHA,AYAHA OSOKA,OSOKA,OTHERS,JAPAN,Yes,,,,,,,,,,
REINFORCEMENT,1,RFY201UK,2+2x.35 ST,Y,JIAXING EASTERN,TENGZHOU EASTERN STEEL CORD CO. LTD,Tengzhou,Others,China,Y201UK,,,,,,,S00156,NEW SOURCE,,126262.0,"Procurement would like to introduce Jiaxing Eastern (TENGZHOU EASTERN STEEL CORD CO., LTD - CHINA) for UK at Goodyear AMERICANA with 30% allocation for 2022. Incumbent supplier is BMB (Bekaert) that will be partly replaced by Eastern who is supplying UK at Goodyear plants.      ​Procurement would like to introduce Jiaxing Eastern (TENGZHOU EASTERN STEEL CORD CO., LTD - CHINA) for UK at Goodyear AMERICANA with 30% allocation for 2022. Incumbent supplier is BMB (Bekaert) that will be partly replaced by Eastern who is supplying UK at Goodyear plants.", ,Diego Navarro,Y,,"AP, EMEA, LA, NA",,,,,JIAXING EASTERN,Tengzhou Eastern Steel Cord Co. LTD,Tengzhou,JTK,JIAXING EASTERN,TENGZHOU EASTERN STEEL CORD CO. LTD,TENGZHOU,OTHERS,CHINA,Yes,,,,,,,,,,
REINFORCEMENT,1,RFNC21ZO,"Nylon 6,6 940/1/2 12x12 TPI 21 EPI ZO",Y,KORDSA,BA,,BA,Brazil,A07NC21ZO,,,,,,,N00203,NEW MATERIAL,,72224.0,Copied from parent program - Converting Black Dip NF26JA to Pink Dip NF26ZO,Rebecca Dando,Christopher Self,Y,,"AP, EMEA, LA, NA",,,,,KORDSA,"BA, Brazil",,DBV,KORDSA,BA,,BA,BRAZIL,Yes,,,,,,,,,,
REINFORCEMENT,1,RFWL,2x.295 HT,N,XINGDA STEEL CORD (THAILAND),XINGDA STEEL CORD,Ban Bueng,Others,Thailand,Z301WL,,,,,,,S00143,NEW SOURCE,,99959.0,Procurement would like to introduce Xingda Thailand (Plant not created in SIS yet) for WL at Fayetteville with 100% allocation as soon as possible.  Incumbent supplier is Xingda (Xing Hua-Xing Hua-Others-China - Plant 9) and Xingda Xing Hua will be replaced by Xingda Thailand. Xingda Thailand is a brand new plant and has therefore never supplied WL at any Goodyear plant., ,Doug Till,N,,"AP, EMEA, LA, NA",,,,,XINGDA STEEL CORD (THAILAND),Xingda Steel Cord (Thailand),Ban Bueng,XST,XINGDA STEEL CORD (THAILAND),XINGDA STEEL CORD,BAN BUENG,OTHERS,THAILAND,Yes,,,,,,,,,,
REINFORCEMENT,1,RFBN01ZV,"Nylon 66 1400/1 dtex, 4.6 tpi pink dip",Y,KORDSA,IZMIT,Izmit,Others,Turkey,Z01BN01ZV,,,,,,,GTC2786ZV,NEW MATERIAL,,81425.0,Development of BN SED cord for GfA overlay maker,Romain Mersch,Romain Mersch,Y,,"AP, EMEA, LA, NA",,,,,KORDSA,"Izmit, Turkey",Izmit,BXD,KORDSA,IZMIT,IZMIT,OTHERS,TURKEY,Yes,,,,,,,,,,
REINFORCEMENT,1,RFM18TV27CN REV. 01,"1670/1/2 PET, 8.5x8.5 tpi, 27 epi, CN",N,INDORAMA VENTURES MOBILITY,QUERETARO,QUERETARO,Others,Mexico,M18TV27CN,,,,,,,V00149,NEW SOURCE,,119090.0,​Procurement would like to introduce TV27 from Indorama Mexico to GY SLP produced on Dip Unit#1  The approval of Dip Unit#1 will give flexibility with dipping to Indorama   This flexibility will increase Indorama volume output. The incremental volume output will allow GY to change the current allocation of another supplier called Hyosung that is facing some challenges of secure the sourcing of TV27 to GY plants due to their capacity limitation and overseas global logistics crises., ,Diego Navarro,N,,"AP, EMEA, LA, NA",,,,,INDORAMA VENTURES MOBILITY (Performance Fibers),QUERETARO,QUERETARO,BBJ,INDORAMA VENTURES MOBILITY,QUERETARO,QUERETARO,OTHERS,MEXICO,Yes,,,,,,,,,,
REINFORCEMENT,1,RFC402UZ,3+9X.25+1 HT,N,HYOSUNG CORPORATION,DONG NAI - STEELCORD,Dong Nai,Others,Vietnam,C401UZ,,,,,,,S00122,NEW SOURCE,,80049.0,"Procurement would like to introduce Hyosung Vietnam (Dong Nai - Steelcord-Dong Nai-Others-Vietnam) for UZ at Goodyear Danville with 50% allocation for 2020.  Incumbent supplier is Eastern Steel that will be partly replaced by Hyosung who is not supplying UZ at Goodyear plants.   Eastern creates a supply risk for Goodyear Danville as Goodyear is single sourced to Eastern Steel for UZ. Hyosung is the best identified supplier to fix the supply risk because Hyosung has technical capabilities and generate saving for 2020   This approval is part of the single-source project aiming to reduce single sourcing at Goodyear. Completing this approval will reduce the number of single sourced situation for steel category.  Hyosung being based in Vietnam, Hyosung is not subject to current Section 301 tariff of 30% while Eastern is.​", ,Matthew Hecht,N,,"AP, EMEA, LA, NA",,,,,HYOSUNG CORPORATION,Dong Nai - Steelcord,Dong Nai,JTR,HYOSUNG CORPORATION,DONG NAI - STEELCORD,DONG NAI,OTHERS,VIETNAM,Yes,,,,,,,,,,
REINFORCEMENT,1,RFQ101EB,4X6X.265HE-HT,N,SUMITOMO ELECTRIC INDUSTRIES,TOCHIGI,TOCHIGI,Others,Japan,Q101EB,,,,,,,S00123,NEW SOURCE,,80050.0,"Procurement would like to introduce SEI (Tochigi, Japan-Tochigi-Others-Japan) for EB at Goodyear Topeka with 50% allocation for 2021.  Incumbent supplier is Eastern Steel who will be partly replaced by SEI who is not supplying EB at Goodyear plants.       Eastern creates a supply risk for Goodyear Topeka as Goodyear is single sourced to Eastern Steel for EB. SEI is the best identified supplier to fix the supply risk because SEI has proven technical capabilities: SEI is already supplying high elongation construction (FS) to Montlu¿on.        This approval is part of the single-source project aiming to reduce single sourcing at Goodyear. Completing this approval will reduce the number of single sourced situation for steel category.  SEI being based in Japan, SEI is not subject to current Section 301 tariff of 30% while Eastern is.​", ,Diego Navarro,N,,"AP, EMEA, LA, NA",,,,,SUMITOMO ELECTRIC INDUSTRIES,"TOCHIGI, JAPAN",TOCHIGI,LAG,SUMITOMO ELECTRIC INDUSTRIES,TOCHIGI,TOCHIGI,OTHERS,JAPAN,Yes,,,,,,,,,,
REINFORCEMENT,1,RFEJ,19X.22 +6X 1X.22/18X.20 +1 HT,Y,TOKYO ROPE,KITAKAMI,KITAKAMI,Others,Japan,J101EJ,,,,,,,S00121,NEW SOURCE,,68653.0,Procurement would like to introduce Tokyo Rope Kita Japan for EJ at Topeka with 50% allocation for 2019. Incumbent supplier are 50% HYOSUNG VIETNAM STEEL CORD PLANT & 50% BEKAERT - CHINA (SHENYANG BSAP)). Hyosung Vietnam cannot secure supply (due to quality issues) and creates a supply risk for Goodyear Topeka. Tokyo Rope Kita - Japan is the best identified supplier to fix the supply risk., ,Jim Kish,Y,,"AP, EMEA, LA, NA",,,,,TOKYO ROPE,"KITAKAMI, JAPAN",KITAKAMI,ALC,TOKYO ROPE,KITAKAMI,KITAKAMI,OTHERS,JAPAN,Yes,,,,,,,,,,
REINFORCEMENT,1,RFE11A,670 DTEX ARAMID,Y,DUPONT,MAYDOWN,Maydown,Others,Ireland,Kevlar K-29 AP,,,,,,,Y00082,NEW SOURCE,,76005.0,Approving DuPont Maydown Aramid as a new source used in CH16WA, ,Lucas Isenhart,Y,,"AP, EMEA, LA, NA",,,,,DUPONT,Maydown,Maydown,,DUPONT,MAYDOWN,MAYDOWN,OTHERS,IRELAND,Yes,,,,,,,,,,
REINFORCEMENT,1,RFU05TC28CX,"PET HMLS NAA, 1100/1/2 Dtex, 12x12 TPI, 28 EPI, CX",N,HYOSUNG CORPORATION,"Jiaxing, China",Jiaxing,Others,China,S04TC28CX,,,,,,,V00156,NEW SOURCE,,130325.0,"These will be pink dip, inclumbent is TC28HF black dip  Business Case: ¿Security of supply:  Need a back up plant for Hyosung Vietnam ¿Productivity Savings:  Hyosung is offering $0.20/kg savings for AP volumes when Hyosung China plant is approved  2019 volume est is 585,542 kgs   0.20 * 585542 = 117108.40 usd", ,Ken Kot,N,,"AP, LA, NA",,,,,,,,,,,,,,,,,,,,,,,,
REINFORCEMENT,1,RFEA,7x(3+9x0.36)+1,Y,JIANGSU XINGDA,XING HUA,Xing Hua,Others,China,Z301EA,,,,,,,S00126,NEW MATERIAL,,82284.0,R57 tire belts,Jim Kish,Jim Kish,Y,,"AP, NA",,,,,JIANGSU XINGDA,Xing Hua,Xing Hua,,JIANGSU XINGDA,XING HUA,XING HUA,OTHERS,CHINA,No,,,,,,,,,,
REINFORCEMENT,1,RFUW,2+2x.295 HT,Y,BMZ,MICORD,Zhlobin,Others,Belarus,D101UW,,,,,,,GL3239,NEW SOURCE,,89892.0,"Procurement would like to introduce BMZ (MICORD, Zhlobin, Belarus-Zhlobin-Others-Belarus) for UW at Fulda with 50% allocation as soon as possible. Incumbent supplier is Hyosung Vietnam that will be replaced by BMZ who is not supplying UW at Goodyear.  BMZ is more competitive than Hyosung Vietnam which generate a 2020 productivity (allocation is intended).  Also, contract with Hyosung has been renewed for the period 2020 to 2025 and new contract reduces Hyosung's allocation for WL & UW and cancels allocation of WP. Hyosung will no longer support a 100% UW allocation for Fulda as of 2021.  update 2020.05.11  volume 1,164,127 kg --> Financial benefit = USD 92,839.13", ,Arun Manogaran,Y,,"AP, EMEA, LA, NA",,,,,BMZ,"MICORD, Zhlobin, Belarus",Zhlobin,ECH,BMZ,MICORD,ZHLOBIN,OTHERS,BELARUS,Yes,,,,,,,,,,
REINFORCEMENT,1,RFBL01WL,2x.295 HT,N,BEKAERT,SHENYANG BSAP,Shenyang,Others,China,BL01WL,,,,,,,GL3276,NEW SOURCE,,126588.0,"The purpose to evaluate Bekaert SA plant of WL, is to maximazie the WY capacity in SY plant, and move the UW/WL volume to SA plant, the two plants distance only 5km, the cost structure the same for two plants.", ,Julie Vanderhaeghen,N,,"AP, EMEA, LA, NA",,,,,BEKAERT,"Shenyang BSAP, China",Shenyang,JOH,BEKAERT,SHENYANG BSAP,SHENYANG,OTHERS,CHINA,Yes,,,,,,,,,,
REINFORCEMENT,1,RFNF26ZO,Pink Dip version of NF26JA,Y,KORDSA,BA,,BA,Brazil,139NF26ZO,,,,,,,N00202,NEW MATERIAL,,72152.0,Converting Black Dip NC21JA to Pink Dip NF26ZO,Rebecca Dando,Christopher Self,Y,,"AP, EMEA, LA, NA",,,,,KORDSA,"BA, Brazil",,DBV,KORDSA,BA,,BA,BRAZIL,Yes,,,,,,,,,,
REINFORCEMENT,1,RFPM26CX,"PET HMULS NAA, 2200/1/2, 8.5x8.5 TPI, 26 EPI, CX",Y,KOLON,GUMI,Gumi,Others,South Korea,K34PM26CX,,,,,,,GTC3752CX,NEW MATERIAL,,73465.0,Pink Dip  approval  PM26CX,Raphael Beck,Gabriel Bonnet,Y,,"AP, EMEA, LA, NA",,,,,KOLON,"Gumi, South Korea",Gumi,BJZ,KOLON,GUMI,GUMI,OTHERS,SOUTH KOREA,Yes,,,,,,,,,,
REINFORCEMENT,1,RFS04N,"NYLON 6,6, 2100 dtex yarn",Y,HYOSUNG CORPORATION,DONG NAI,Dong Nai,Others,Vietnam,HM-HND20,,,,,,,GYD3696/N,NEW MATERIAL,,132948.0,The yarn used in the cord of the program NM_095344 shall be approved separately.,Philipp Buchold,Philipp Buchold,Y,,"AP, EMEA, LA, NA",,,,,HYOSUNG CORPORATION,"Dong Nai, Vietnam",Dong Nai,JPK,HYOSUNG CORPORATION,DONG NAI,DONG NAI,OTHERS,VIETNAM,Yes,,,,,,,,,,
REINFORCEMENT,1,RFBI30ZY,BI30ZY N66 940/1 dtex pink dip,Y,HYOSUNG CORPORATION,LISA,LISA,Others,Luxembourg,S01BI30ZY,HYOSUNG CORPORATION,LISA,LISA,Others,Luxembourg,,GTC2790ZY,NEW MATERIAL,,69666.0,Pink dip BI30ZY,Heather Finklestein,Romain Mersch,Y,Y,"AP, EMEA, LA, NA",,"AP, EMEA, LA, NA",,,HYOSUNG CORPORATION,"LISA, LUXEMBOURG",LISA,AIG,HYOSUNG CORPORATION,LISA,LISA,OTHERS,LUXEMBOURG,Yes,HYOSUNG CORPORATION,"LISA, LUXEMBOURG",LISA,AIG,HYOSUNG CORPORATION,LISA,LISA,OTHERS,LUXEMBOURG,Yes
REINFORCEMENT,1,RFTV27CX,"1670/1/2 HMLS PET 8.5x8.5 tpi, 27 epi, CX",Y,INDORAMA VENTURES MOBILITY,QUERETARO,QUERETARO,Others,Mexico,M18TV27CX,,,,,,,V00132,NEW SOURCE,,89250.0,New Source of TV27CX from PF Mexico, ,Doug Till,Y,,"AP, EMEA, LA, NA",,,,,INDORAMA VENTURES MOBILITY (Performance Fibers),"QUERETARO, MEXICO",QUERETARO,BBJ,INDORAMA VENTURES MOBILITY,QUERETARO,QUERETARO,OTHERS,MEXICO,Yes,,,,,,,,,,
REINFORCEMENT,1,RFTC27CX,"1100/1/2 HMLS PET, 12x12 tpi, 27 epi, CF",Y,HYOSUNG CORPORATION,DONG NAI,Dong Nai,Others,Vietnam,S04TC27CX,,,,,,,V00127,NEW SOURCE,,70290.0,Second Source TC27CX from Hyosung Vietnam, ,Doug Till,Y,,"AP, LA, NA",,,,,HYOSUNG CORPORATION,"Dong Nai, Vietnam",Dong Nai,JPK,HYOSUNG CORPORATION,DONG NAI,DONG NAI,OTHERS,VIETNAM,Yes,,,,,,,,,,
REINFORCEMENT,1,RFFC01FR,3x.21/9x.185 UT,N,KISWIRE,MALAYSIA,Jahor,Others,Malaysia,FC01FR,,,,,,,S00147,NEW SOURCE,,113292.0,"Procurement would like to introduce KISWIRE Malaysia for FR at Goodyear Danville with 30% allocation for 2021. Nowadays, KIswire is already sourcing 30% of FR to GY Danville but the FR (F510FR) is manufactured at KISWIRE plant in Korea (ALB - Kiswire - CHang Won Korea).", ,Matthew Hecht,N,,"AP, EMEA, LA, NA",,,,,Kiswire - Bead Wire,MALAYSIA,Jahor,JAM,KISWIRE,MALAYSIA,JAHOR,OTHERS,MALAYSIA,Yes,,,,,,,,,,
REINFORCEMENT,1,RFBN01ZV,"Nylon 66 1400/1 dtex, 4.6 tpi pink dip",Y,INDORAMA VENTURES MOBILITY,PIZZIGHETTONE,Pizzighettone,Others,Italy,G11BN01ZV,,,,,,,GTC2820ZV,NEW SOURCE,,134350.0,Overlay SEDC requiremetns are currently single sourced to Kordsa Izmit. Demand is expected to grow in the coming years.   For Security of Supply we introduce the approval of Sicrem Italy single end cord line.  after approval aoolocation would be in the range of 25%  BN01 yealry volume = 100mt  BK01 approval would follow  2022.05.19 Update  10.41 EUR/kg Price from Sicrem 1.89 EUR more than Kordsa to be challenged later in the process can consider 30% allocation @ x-rate of 1.05 = ~60kUSD, ,Romain Mersch,Y,,"AP, EMEA, LA, NA",,,,,INDORAMA VENTURES MOBILITY CREMONA (Sicrem),Pizzighettone,Pizzighettone,BVQ,INDORAMA VENTURES MOBILITY,PIZZIGHETTONE,PIZZIGHETTONE,OTHERS,ITALY,Yes,,,,,,,,,,
REINFORCEMENT,1,RFTU32CX,"NAA HMLS PET, 1440/2dtex, 9x9TPI, 32EPI, CX",Y,KORDSA,IZMIT,Izmit,Others,Turkey,Z15TU32CX,,,,,,,GTC3817CX/A,NEW SOURCE,,134986.0,​Our Long Term Agreement with Kordsa asks for PET volume increases of 2-4 kt/year starting 2023.  Plan is to approve Kordsa to for 50% allocation  estimate productivity gain: 0.85 EUR/KG comparing PFK with other PET grades supplied by Kordsa = 630MT*0.85=535k EUR or 589k USD, ,Arun Manogaran,Y,,"AP, EMEA, LA, NA",,,,,KORDSA,Izmit,Izmit,BXD,KORDSA,IZMIT,IZMIT,OTHERS,TURKEY,No,,,,,,,,,,
REINFORCEMENT,1,RFTM26CX,HMLS POLYESTER 2200/1/2  8.5X8.5 TPI 26 EPI CX,Y,KOLON,GUMI,Gumi,Others,South Korea,K29TM26CX,,,,,,,GTC3816CX,NEW SOURCE,,134987.0,"Kolon Nanjing plant plan to close at the end of 2022, to avoid TM26CX shut down have to move volume to Kolon korea", ,Cyriel De Chausey,Y,,"AP, EMEA, LA, NA",,,,,KOLON,"Gumi, South Korea",Gumi,BJZ,KOLON,GUMI,GUMI,OTHERS,SOUTH KOREA,Yes,,,,,,,,,,
REINFORCEMENT,1,RFFR,3x.21/9x.185 UT,Y,HYOSUNG CORPORATION,DONG NAI - STEELCORD,Dong Nai,Others,Vietnam,C403FR,,,,,,,S00162,NEW SOURCE,,137982.0,Procurement would like to introduce FR with 1082C Rod Grade from Hyosung Vietnam to GY Topeka for productivity savings., ,Lucas Isenhart,Y,,"AP, EMEA, LA, NA",,,,,HYOSUNG CORPORATION,Dong Nai - Steelcord,Dong Nai,JTR,HYOSUNG CORPORATION,DONG NAI - STEELCORD,DONG NAI,OTHERS,VIETNAM,Yes,,,,,,,,,,
REINFORCEMENT,1,RFTV27CX,"1670/1/2 HMLS PET 8.5x8.5 tpi, 27 epi, CX",Y,KORDSA,BA,,BA,Brazil,N10TV27CX,,,,,,,V00164,NEW SOURCE,,144029.0,Lane approval part of contract renegotiation with Kordsa.   Allocation switch would generate over 750$k savings, ,Lucas Isenhart,Y,,"AP, EMEA, LA, NA",Melksham,,,Melksham,KORDSA,"BA, Brazil",,DBV,KORDSA,BA,,BA,BRAZIL,Yes,,,,,,,,,,
REINFORCEMENT,1,RFCL01WU,"Hybrid 1670/2+940/1, CK SED cord",Y,KORDSA,IZMIT,Izmit,Others,Turkey,CK01WU,,,,,,,GTC4752FH,NEW MATERIAL,,145757.0,Development of stiff hyrbid overlay cord for UUHP and Race applications,Romain Mersch,Romain Mersch,Y,,"AP, EMEA, LA, NA",,,,,KORDSA,Izmit,Izmit,BXD,KORDSA,IZMIT,IZMIT,OTHERS,TURKEY,No,,,,,,,,,,
REINFORCEMENT,1,RFAA201UW,2+2x.295 HT,Y,SHANDONG DAYE CO. LTD,SHANDONG XINXING INDUSTRIAL PARK,Shandong Province,Others,China,AA201UW,,,,,,,GL3320,NEW SOURCE,,141616.0,"Daye supply bead wire currently, they do have automation steel cord production as well, as UW/WL is low profit passgers construction , Bekaert do not want to produce more, develop Daye as alternative supplier will bring saving $0.22/kg", ,Cyriel De Chausey,Y,,"AP, EMEA, LA, NA",,,,,Shandong Daye Co. Ltd,Shandong XinXing Industrial Park,Shandong Province,JVD,SHANDONG DAYE CO. LTD,SHANDONG XINXING INDUSTRIAL PARK,SHANDONG PROVINCE,OTHERS,CHINA,Yes,,,,,,,,,,
REINFORCEMENT,1,RFFP,1x.21/18x.185 UT,Y,HYOSUNG CORPORATION,DONG NAI,Dong Nai,Others,Vietnam,C403FP,,,,,,,S00163,NEW SOURCE,,138065.0,"Procurement would like to introduce FP with Rod Grade Change from Hyosung Vietnam to GY Danville.  The new Rod Grade will reduce the price in USD 20 per Ton (USD 0,02 /kg)   2023 Volume : 1,319,514  kg", ,Lucas Isenhart,Y,,"AP, LA, NA",,,,,HYOSUNG CORPORATION,"Dong Nai, Vietnam",Dong Nai,JPK,HYOSUNG CORPORATION,DONG NAI,DONG NAI,OTHERS,VIETNAM,Yes,,,,,,,,,,
REINFORCEMENT,1,RFFN,4+3x.35 UT,Y,HYOSUNG CORPORATION,DONG NAI - STEELCORD,Dong Nai,Others,Vietnam,C403FN,,,,,,,S00164,NEW SOURCE,,138066.0,"Procurement would like to introduce FN with Rod Grade Change from Hyosung Vietnam to GY Topeka.  The new Rod Grade will reduce the price in USD 20 per Ton (USD 0,02 /kg)    2023 Volume : 2,454,655 kg", ,Lucas Isenhart,Y,,"AP, EMEA, LA, NA",,,,,HYOSUNG CORPORATION,Dong Nai - Steelcord,Dong Nai,JTR,HYOSUNG CORPORATION,DONG NAI - STEELCORD,DONG NAI,OTHERS,VIETNAM,Yes,,,,,,,,,,
REINFORCEMENT,1,RFWY,2+2x.22UT,Y,BEKAERT,KARAWANG,KARAWANG,Others,Indonesia,BE01WY,,,,,,,GL3310,NEW SOURCE,,138914.0,"approve Bekaert Karawang as a new source for WY, even to export to other parts of the world, like North America.  Currently, Bekaert is supplying WY to North America from China and Turkey.  If Karawang was approved, it would 1) give more flexibility, and 2) introduce additional approved supply for increased volume, to meet future demand increases", ,Julie Vanderhaeghen,Y,,"AP, EMEA, LA, NA",,,,,BEKAERT,"KARAWANG, INDONESIA",KARAWANG,JBP,BEKAERT,KARAWANG,KARAWANG,OTHERS,INDONESIA,Yes,,,,,,,,,,
REINFORCEMENT,1,RFBR01XC,"2X.30 ST
(Cooper 9400/9401)",N,BEKAERT,VIETNAM,,Others,Vietnam,BR01XC,,,,,,,S00166,NEW SOURCE,,143209.0,Bekaert Rogers is currently supplying Code XC to Texerkana. This NS approval will create a flex lane and security of supply at Texarkana with Bekaert Rogers and Bekaert Vietnam. Total savings opportunity will be $290 USD/MT (or $0.29 USD/KG), ,Matthew Hecht,N,,"AP, EMEA, LA, NA",,,,,BEKAERT,BEKAERT VIETNAM,,,BEKAERT,VIETNAM,,OTHERS,VIETNAM,Yes,,,,,,,,,,
REINFORCEMENT,1,RFZ14TM01CU,PET 2200/2 single end dipped cord pink dip,N,KORDSA,IZMIT,Izmit,Others,Turkey,Z14TM01CU,,,,,,,GTC3799CU,NEW SOURCE,,142201.0,2nd source of TM PET 2200/2 SED cord for security of supply, ,Romain Mersch,N,,EMEA,,,,,KORDSA,Izmit,Izmit,BXD,KORDSA,IZMIT,IZMIT,OTHERS,TURKEY,No,,,,,,,,,,
REINFORCEMENT,1,RFTU01CU,PET 1440/2 single end dipped cord pink dip,Y,KORDSA,IZMIT,Izmit,Others,Turkey,Z15TU01CU,,,,,,,GTC3801CU,NEW SOURCE,,142202.0,2nd source approval for PET 1440/2 TU SED Cord from Kordsa Izmit, ,Romain Mersch,Y,,LA,,,,,KORDSA,Izmit,Izmit,BXD,KORDSA,IZMIT,IZMIT,OTHERS,TURKEY,No,,,,,,,,,,
REINFORCEMENT,1,RFS08T,yarn source change. yarn from the sustainable PET feedstock.,Y,HYOSUNG CORPORATION,DONG NAI,Dong Nai,Others,Vietnam,S08T,,,,,,,GYD3701,NEW MATERIAL,,144588.0,Yarn source change project. Yarn from chemically recycled PET feedstock., ,Bartosz Zielinski,Y,,"AP, EMEA, LA, NA",,,,,HYOSUNG CORPORATION,"Dong Nai, Vietnam",Dong Nai,JPK,HYOSUNG CORPORATION,DONG NAI,DONG NAI,OTHERS,VIETNAM,Yes,,,,,,,,,,
REINFORCEMENT,1,RFTC27CX,"1100/1/2 HMLS PET, 12x12 tpi, 27 epi, CF",Y,KORDSA,BA,,BA,Brazil,N06TC27CX,,,,,,,V00162,NEW SOURCE,,142707.0,Procurement would like to introduce TC27CX with greige fabric from Kordsa IK to GY Brazil from Kordsa Brazil., ,Lucas Isenhart,Y,,"LA, NA",,,,,KORDSA,"BA, Brazil",,DBV,KORDSA,BA,,BA,BRAZIL,Yes,,,,,,,,,,
REINFORCEMENT,1,RFZ202XP,"2+2x.25 HT
(Cooper 9347)",N,JIANGSU XINGDA,PLANT 9 - XING HUA,Xing Hua,Others,China,Z202XP,,,,,,,GL3317,NEW SOURCE,,144462.0,Re-approval of Xingda after non usage for last 4 years Copy of NM_140648, ,Tom Lv,N,,Cooper Asia,,,,,JIANGSU XINGDA,Plant 9 - Xing Hua,Xing Hua,JVW,JIANGSU XINGDA,PLANT 9 - XING HUA,XING HUA,OTHERS,CHINA,Yes,,,,,,,,,,
REINFORCEMENT,1,RFA07NC27ZO,940/1/2 N66; 12x12 tpi; 27 epi; ZO,N,KORDSA,BA,,BA,Brazil,A07NC27ZO,,,,,,,N00243,NEW SOURCE,,138781.0,"Procurement would like to introduce NC27ZO from Kordsa Brazil at GY Americana as part of Pink Dip project. Nowadays, Kordsa Barzil is the incumbent supplier of NC27JA (black dip). Pink dip with Kordsa is 0.09 usd/kg reduced price  Volume : 381.083 kg (12 months)", ,Ceyhan Celik,N,,"AP, EMEA, LA, NA",,,,,KORDSA,"BA, Brazil",,DBV,KORDSA,BA,,BA,BRAZIL,Yes,,,,,,,,,,
REINFORCEMENT,1,RFNC32ZO,"940/2 dtex 12x12TPI, Pink dip adhesive, Stretch/stretch processing",Y,KORDSA,LAUREL HILL,Laurel Hill,SC,USA,119NC32ZO,,,,,,,N00256,NEW SOURCE,,142708.0,"Hyosung Vietnam to stop production of all black-dip material by the end of 2023. NC32 at Lawton is a split allocation lane with Hyosung Viet. and Kordsa LH. Switching both suppliers over to the pink dip (ZO).  Pink-dip switch introduces a 0.08 usd/kg savings. Assuming annual volume of 350,000 kg * 0.08 = $28,000 usd savings.", ,Lucas Isenhart,Y,,"LA, NA",,,,,KORDSA,"Laurel Hill, SC, USA",Laurel Hill,CNP,KORDSA,LAUREL HILL,LAUREL HILL,SC,USA,Yes,,,,,,,,,,
REINFORCEMENT,1,RFTQ20HA,"V00026: 1440/1/3 Non-AA HMLS PET, 8.5x8.5 tpi, 20 epi, HA - 4300C Adhesive Syste",Y,HYOSUNG CORPORATION,DONG NAI DIP UNIT #2,Dong Nai,Others,Vietnam,S07TQ20HA,,,,,,,GTC3825HA,NEW SOURCE,,141195.0,Hanau plant is having to approve TQ20HA with 2029C from Robin as Decatur is no longer supplying 2029C.  Emergency approval is required as TQ20HA produced on Decatur 2029C will be consumed in by end April.  This will require tire testing. Next opportunity is Wk19, ,Dirk Eck,Y,,"AP, EMEA, LA, NA",,,,,HYOSUNG CORPORATION,Dong Nai - DipUnit2,Dong Nai,JPK,HYOSUNG CORPORATION,DONG NAI DIP UNIT #2,DONG NAI,OTHERS,VIETNAM,Yes,,,,,,,,,,
REINFORCEMENT,1,RF8Y,Dummy base code for WY to allow order and segregation for GT3LM project,Y,BEKAERT,IZMIT,"IZMIT, TURKEY",Others,Turkey,GL3325,,,,,,,,,8Y,,, , ,Y,,EMEA,,,,,BEKAERT,"IZMIT, TURKEY","IZMIT, TURKEY",APK,BEKAERT,IZMIT,"IZMIT, TURKEY",OTHERS,TURKEY,Yes,,,,,,,,,,
REINFORCEMENT,1,RF8X,Dummy base code for GL2128 - High recycled content BH 1.295MM BEAD WIRE - HIGH T,N,KISWIRE,CZECH REPUBLIC,Czech Republic,Others,Czech Republic,GL2128,,,,,,,,,8X,,, , ,N,,EMEA,,,,,Kiswire - Bead Wire,Czech Republic,Czech Republic,LXJ,KISWIRE,CZECH REPUBLIC,CZECH REPUBLIC,OTHERS,CZECH REPUBLIC,Yes,,,,,,,,,,
REINFORCEMENT,1,RFU10T,,Y,INDORAMA VENTURES MOBILITY,KAIPING,Kaiping,Others,China,1X50,,,,,,,,,U10T,,, , ,Y,,"AP, EMEA, LA, NA",,,,,INDORAMA VENTURES MOBILITY (Performance Fibers),"Kaiping, China",Kaiping,JMX,INDORAMA VENTURES MOBILITY,KAIPING,KAIPING,OTHERS,CHINA,Yes,,,,,,,,,,
REINFORCEMENT,1,RFTM26CX,HMLS POLYESTER 2200/1/2  8.5X8.5 TPI 26 EPI CX,Y,HYOSUNG CORPORATION,LISA,LISA,Others,Luxembourg,S06TM26CX,,,,,,,,,TM26CX,,, , ,Y,,"AP, EMEA, LA, NA",,,,,HYOSUNG CORPORATION,"LISA, LUXEMBOURG",LISA,AIG,HYOSUNG CORPORATION,LISA,LISA,OTHERS,LUXEMBOURG,Yes,,,,,,,,,,
REINFORCEMENT,1,RFLF30MA,NYLON 6 1400/1/2 10X10 TPI 30EPI MA,Y,SRF,MANALI,MANALI,Others,India,I11LF30MA,,,,,,,,,LF30MA,,, , ,Y,,AP,,,,,SRF,"MANALI, CHENNAI, INDIA",MANALI,JDD,SRF,MANALI,MANALI,OTHERS,INDIA,Yes,,,,,,,,,,
REINFORCEMENT,1,RFLF25MA,LF25MA with std. weft,Y,SRF,MANALI,MANALI,Others,India,I11LF25MA,,,,,,,,,LF25MA,,, , ,Y,,"AP, EMEA, LA, NA",,,,,SRF,"MANALI, CHENNAI, INDIA",MANALI,JDD,SRF,MANALI,MANALI,OTHERS,INDIA,Yes,,,,,,,,,,
REINFORCEMENT,1,RFLF23MA,NYLON 6 1400/1/2 10X10 TPI 23EPI MA,Y,SRF,MANALI,MANALI,Others,India,I11LF23MA,,,,,,,,,LF23MA,,, , ,Y,,AP,,,,,SRF,"MANALI, CHENNAI, INDIA",MANALI,JDD,SRF,MANALI,MANALI,OTHERS,INDIA,Yes,,,,,,,,,,
REINFORCEMENT,1,RFANY3SH,ARAMID K952/080 - 1670x2dtex - 80epd - 350/350tpm ex Du Pont/Textilcord,Y,INDORAMA VENTURES MOBILITY,LUXEMBOURG,Steinfort,Others,Luxembourg,L01ANY3SH,,,,,,,,,ANY3SH,,, , ,Y,,EMEA,,,,,INDORAMA VENTURES MOBILITY LUXEMBOURG (Textilcord),Luxembourg,Steinfort,EGN,INDORAMA VENTURES MOBILITY,LUXEMBOURG,STEINFORT,OTHERS,LUXEMBOURG,Yes,,,,,,,,,,
REINFORCEMENT,1,RFANY3SH,ARAMID K952/080 - 1670x2dtex - 80epd - 350/350tpm ex Du Pont/Textilcord,Y,INDORAMA VENTURES MOBILITY,LUXEMBOURG,Steinfort,Others,Luxembourg,K33ANY3SH,,,,,,,,,ANY3SH,,, , ,Y,,EMEA,,,,,INDORAMA VENTURES MOBILITY LUXEMBOURG (Textilcord),Luxembourg,Steinfort,EGN,INDORAMA VENTURES MOBILITY,LUXEMBOURG,STEINFORT,OTHERS,LUXEMBOURG,Yes,,,,,,,,,,
REINFORCEMENT,1,RFWL,2x.295 HT,Y,XINGDA STEEL CORD (THAILAND),XINGDA STEEL CORD,Ban Bueng,Others,Thailand,Z302WL,,,,,,,,,WL,,, , ,Y,,"AP, EMEA, LA, NA",,,,,XINGDA STEEL CORD (THAILAND),Xingda Steel Cord (Thailand),Ban Bueng,XST,XINGDA STEEL CORD (THAILAND),XINGDA STEEL CORD,BAN BUENG,OTHERS,THAILAND,Yes,,,,,,,,,,
REINFORCEMENT,1,RFTD28SS,"HMLS PET, 1670/2, 9.5x9.5 TPI, 28EPI, SS - Cooper 5107
",Y,KORDSA,IZMIT,Izmit,Others,Turkey,Z13TD28SS,,,,,,,,,TD28SS,,, , ,Y,,Cooper Europe,,,,,KORDSA,"Izmit, Turkey",Izmit,BXD,KORDSA,IZMIT,IZMIT,OTHERS,TURKEY,Yes,,,,,,,,,,
REINFORCEMENT,1,RFTI28ST,"HMLS PET, 1440/2, 10.5x10.5 TPI, 28 EPI, ST - Cooper 5105",Y,FORMOSA TAFFETA,TOULIU,TOULIOU,Others,Taiwan,V05TI28ST,,,,,,,,,TI28ST,,, , ,Y,,Cooper Europe,,,,,FORMOSA TAFFETA,"TOULIOU, TAIWAN",TOULIOU,JFM,FORMOSA TAFFETA,TOULIU,TOULIU,OTHERS,TAIWAN,Yes,,,,,,,,,,
REINFORCEMENT,1,RFWL,2x.295 HT,Y,BEKAERT,SHENYANG BSAP,Shenyang,Others,China,BL01WL,,,,,,,,,WL,,, , ,Y,,"AP, LA, NA",,,,,BEKAERT,"Shenyang BSAP, China",Shenyang,JOH,BEKAERT,SHENYANG BSAP,SHENYANG,OTHERS,CHINA,Yes,,,,,,,,,,
REINFORCEMENT,1,RFFR,3x.21/9x.185 UT,Y,KISWIRE,MALAYSIA,Jahor,Others,Malaysia,FC01FR,,,,,,,,,FR,,, , ,Y,,"AP, EMEA, LA, NA",,,,,KISWIRE,MALAYSIA,Jahor,JVN,KISWIRE,MALAYSIA,JAHOR,OTHERS,MALAYSIA,No,,,,,,,,,,
REINFORCEMENT,1,RFNCR2SV,"NYLON 66, 940/1/2, 12x12 TPI, 15.2 EPI, SV - Cooper 4245
",Y,SHENMA INDUSTRIAL,PINGDINGSHAN - HENAN,Henan,Others,China,U01NCR2SV,,,,,,,,,NCR2SV,,, , ,Y,,Cooper Asia,,,,,Shenma Industrial,"Henan, China",Henan,JFC,SHENMA INDUSTRIAL,PINGDINGSHAN - HENAN,HENAN,OTHERS,CHINA,No,,,,,,,,,,
REINFORCEMENT,1,RFNCG5SS,"NYLON 66, 940/2, 12x12 TPI, 28.5 EPI, SS - Cooper 4156
",Y,FORMOSA TAFFETA,TOULIU,TOULIOU,Others,Taiwan,U01NCG5SS,,,,,,,,,NCG5SS,,, , ,Y,,Cooper Europe,,,,,FORMOSA TAFFETA,"TOULIOU, TAIWAN",TOULIOU,JFM,FORMOSA TAFFETA,TOULIU,TOULIU,OTHERS,TAIWAN,Yes,,,,,,,,,,
REINFORCEMENT,1,RFBFG5ST,"NYLON 66, 1400/2, 9.5x9.5 TPI, 28.5 EPI, ST - Cooper 4154
",Y,FORMOSA TAFFETA,TOULIU,TOULIOU,Others,Taiwan,U02BFG5ST,,,,,,,,,BFG5ST,,, , ,Y,,Cooper Europe,,,,,FORMOSA TAFFETA,"TOULIOU, TAIWAN",TOULIOU,JFM,FORMOSA TAFFETA,TOULIU,TOULIU,OTHERS,TAIWAN,Yes,,,,,,,,,,
REINFORCEMENT,1,RFAQ28ST,"ARAMID 1100/2, 10.8x10.8 TPI, 28 EPI, ST - Cooper 4152
",Y,INDORAMA VENTURES MOBILITY,LUXEMBOURG,Steinfort,Others,Luxembourg,L19AQ28ST,,,,,,,,,AQ28ST,,, , ,Y,,Cooper Europe,,,,,INDORAMA VENTURES MOBILITY LUXEMBOURG (Textilcord),Luxembourg,Steinfort,EGN,INDORAMA VENTURES MOBILITY,LUXEMBOURG,STEINFORT,OTHERS,LUXEMBOURG,Yes,,,,,,,,,,
REINFORCEMENT,1,RFBFD5SS,"NYLON 66, 1400/2, 9.5x9.5 TPI, 24.5 EPI, SS - Cooper 4142
",Y,FORMOSA TAFFETA,TOULIU,TOULIOU,Others,Taiwan,U02BFD5SS,,,,,,,,,BFD5SS,,, , ,Y,,Cooper Europe,,,,,FORMOSA TAFFETA,"TOULIOU, TAIWAN",TOULIOU,JFM,FORMOSA TAFFETA,TOULIU,TOULIU,OTHERS,TAIWAN,Yes,,,,,,,,,,
REINFORCEMENT,1,RFANT8ST,"ARAMID 1670/2, 8.9x8.9 TPI, 17.8 EPI, ST - Cooper 4139
",Y,INDORAMA VENTURES MOBILITY,LUXEMBOURG,Steinfort,Others,Luxembourg,L20ANT8ST,,,,,,,,,ANT8ST,,, , ,Y,,Cooper Europe,,,,,INDORAMA VENTURES MOBILITY LUXEMBOURG (Textilcord),Luxembourg,Steinfort,EGN,INDORAMA VENTURES MOBILITY,LUXEMBOURG,STEINFORT,OTHERS,LUXEMBOURG,Yes,,,,,,,,,,
REINFORCEMENT,1,RFAND4ST,"ARAMID 1670/2, 8.9x8.9 TPI, 24.4 EPI, ST - Cooper 4137
",Y,INDORAMA VENTURES MOBILITY,LUXEMBOURG,Steinfort,Others,Luxembourg,L20AND4ST,,,,,,,,,AND4ST,,, , ,Y,,"Cooper Americas, Cooper Asia, Cooper Europe",,,,,INDORAMA VENTURES MOBILITY LUXEMBOURG (Textilcord),Luxembourg,Steinfort,EGN,INDORAMA VENTURES MOBILITY,LUXEMBOURG,STEINFORT,OTHERS,LUXEMBOURG,Yes,,,,,,,,,,
REINFORCEMENT,1,RFAND4ST,"ARAMID 1670/2, 8.9x8.9 TPI, 24.4 EPI, ST - Cooper 4137
",Y,KOLON,GUMI,Gumi,Others,South Korea,K33AND4ST,,,,,,,,,AND4ST,,, , ,Y,,"Cooper Americas, Cooper Asia, Cooper Europe",,,,,KOLON,"Gumi, South Korea",Gumi,BJZ,KOLON,GUMI,GUMI,OTHERS,SOUTH KOREA,Yes,,,,,,,,,,
REINFORCEMENT,1,RFYD27ST,"HMLS PET, 1670/2, 9.5x9.5 TPI, 27 EPI, ST - Cooper 4040
",Y,KOLON,GUMI,Gumi,Others,South Korea,K39YD27ST,,,,,,,,,YD27ST,,, , ,Y,,Cooper Americas,,,,,KOLON,"Gumi, South Korea",Gumi,BJZ,KOLON,GUMI,GUMI,OTHERS,SOUTH KOREA,Yes,,,,,,,,,,
REINFORCEMENT,1,RFYD27ST,"HMLS PET, 1670/2, 9.5x9.5 TPI, 27 EPI, ST - Cooper 4040
",Y,HYOSUNG CORPORATION,ULSAN,Ulsan,Others,South Korea,K40YD27ST,,,,,,,,,YD27ST,,, , ,Y,,Cooper Americas,,,,,HYOSUNG CORPORATION,"Ulsan, South Korea",Ulsan,JAJ,HYOSUNG CORPORATION,ULSAN,ULSAN,OTHERS,SOUTH KOREA,Yes,,,,,,,,,,
REINFORCEMENT,1,RFTJ26ST,"HMLS PET, 1100/2, 11.5x11.5 TPI, 26 epi, ST - Cooper 4026",Y,KOLON,GUMI,Gumi,Others,South Korea,K38TJ26ST,,,,,,,,,TJ26ST,,, , ,Y,,Cooper Americas,,,,,KOLON,"Gumi, South Korea",Gumi,BJZ,KOLON,GUMI,GUMI,OTHERS,SOUTH KOREA,Yes,,,,,,,,,,
REINFORCEMENT,1,RFTJ26ST,"HMLS PET, 1100/2, 11.5x11.5 TPI, 26 epi, ST - Cooper 4026",Y,HYOSUNG CORPORATION,ULSAN,Ulsan,Others,South Korea,K30TJ26ST,,,,,,,,,TJ26ST,,, , ,Y,,Cooper Americas,,,,,HYOSUNG CORPORATION,"Ulsan, South Korea",Ulsan,JAJ,HYOSUNG CORPORATION,ULSAN,ULSAN,OTHERS,SOUTH KOREA,Yes,,,,,,,,,,
REINFORCEMENT,1,RFWH,3X.30 HT OPEN,Y,JIAXING EASTERN,TENGZHOU EASTERN STEEL CORD CO. LTD,Tengzhou,Others,China,Y201WH,,,,,,,,,WH,,, , ,Y,,Cooper Asia,,,,,JIAXING EASTERN,Tengzhou Eastern Steel Cord Co. LTD,Tengzhou,JTK,JIAXING EASTERN,TENGZHOU EASTERN STEEL CORD CO. LTD,TENGZHOU,OTHERS,CHINA,Yes,,,,,,,,,,
REINFORCEMENT,1,RFNG30ZO,N66 1400/2 dtex pink dip,Y,HYOSUNG CORPORATION,LISA,LISA,Others,Luxembourg,S02NG30ZO,,,,,,,,,NG30ZO,,, , ,Y,,"AP, EMEA, LA, NA",,,,,HYOSUNG CORPORATION,"LISA, LUXEMBOURG",LISA,AIG,HYOSUNG CORPORATION,LISA,LISA,OTHERS,LUXEMBOURG,Yes,,,,,,,,,,
REINFORCEMENT,1,RFNG30GA,"NYLON 6,6  1400/1/2  6X6TPI  30EPI  GA",Y,HYOSUNG CORPORATION,LISA,LISA,Others,Luxembourg,Z01NG30GA,,,,,,,,,NG30GA,,, , ,Y,,"AP, EMEA, LA, NA",,,,,HYOSUNG CORPORATION,"LISA, LUXEMBOURG",LISA,AIG,HYOSUNG CORPORATION,LISA,LISA,OTHERS,LUXEMBOURG,Yes,,,,,,,,,,
REINFORCEMENT,1,RFNG30GA,"NYLON 6,6  1400/1/2  6X6TPI  30EPI  GA",Y,HYOSUNG CORPORATION,LISA,LISA,Others,Luxembourg,U02NG30GA,,,,,,,,,NG30GA,,, , ,Y,,"AP, EMEA, LA, NA",,,,,HYOSUNG CORPORATION,"LISA, LUXEMBOURG",LISA,AIG,HYOSUNG CORPORATION,LISA,LISA,OTHERS,LUXEMBOURG,Yes,,,,,,,,,,
REINFORCEMENT,1,RFNG30GA,"NYLON 6,6  1400/1/2  6X6TPI  30EPI  GA",Y,HYOSUNG CORPORATION,LISA,LISA,Others,Luxembourg,S02NG30GA,,,,,,,,,NG30GA,,, , ,Y,,"AP, EMEA, LA, NA",,,,,HYOSUNG CORPORATION,"LISA, LUXEMBOURG",LISA,AIG,HYOSUNG CORPORATION,LISA,LISA,OTHERS,LUXEMBOURG,Yes,,,,,,,,,,
REINFORCEMENT,1,RFNC32JA,"NYLON 6,6  940/1/2 12x12 TPI 32EPI JA",Y,HYOSUNG CORPORATION,DECATUR,Decatur,AL,USA,119NC32JA,,,,,,,,,NC32JA,,, , ,Y,,"LA, NA",,,,,HYOSUNG CORPORATION,"Decatur, AL, USA",Decatur,AIT,HYOSUNG CORPORATION,DECATUR,DECATUR,AL,USA,Yes,,,,,,,,,,
REINFORCEMENT,1,RFWY,2+2x.22UT,Y,JIANGSU XINGDA,PLANT 9 - XING HUA,Xing Hua,Others,China,Z202WY,,,,,,,,,WY,,, , ,Y,,"AP, EMEA, LA, NA",,,,,JIANGSU XINGDA,Plant 9 - Xing Hua,Xing Hua,JVW,JIANGSU XINGDA,PLANT 9 - XING HUA,XING HUA,OTHERS,CHINA,Yes,,,,,,,,,,
REINFORCEMENT,1,RFWP,2+2x.25 NT,Y,JIANGSU XINGDA,PLANT 9 - XING HUA,Xing Hua,Others,China,Z202WP,,,,,,,,,WP,,, , ,Y,,"AP, EMEA, LA, NA",,,,,JIANGSU XINGDA,Plant 9 - Xing Hua,Xing Hua,JVW,JIANGSU XINGDA,PLANT 9 - XING HUA,XING HUA,OTHERS,CHINA,Yes,,,,,,,,,,
REINFORCEMENT,1,RFF12T,"1670 dtex HMLS PET yarn from Indorama Longlaville, France",Y,INDORAMA VENTURES MOBILITY (Performance Fibers),"LONGLAVILLE,   FRANCE ",LONGLAVILLE,Others,France,1X50,,,,,,,,,F12T,,, , ,Y,,"AP, Cooper Americas, Cooper Asia, Cooper Europe, EMEA, LA, NA",,,,,,,,,,,,,,,,,,,,,,,,
REINFORCEMENT,1,RFRLB9ST,"Rayon 1840/3 7.5x7.5 TPI, 22.9 EPI, ST - Cooper 3183
",Y,INDORAMA VENTURES MOBILITY,LUXEMBOURG,Steinfort,Others,Luxembourg,I21RLB9ST,,,,,,,,,RLB9ST,,, , ,Y,,Cooper Europe,,,,,INDORAMA VENTURES MOBILITY LUXEMBOURG (Textilcord),Luxembourg,Steinfort,EGN,INDORAMA VENTURES MOBILITY,LUXEMBOURG,STEINFORT,OTHERS,LUXEMBOURG,Yes,,,,,,,,,,
REINFORCEMENT,1,RFRLB9ST,"Rayon 1840/3 7.5x7.5 TPI, 22.9 EPI, ST - Cooper 3183
",Y,KORDARNA,VELKA NAD VELICKOU,Velka nad Velickou,Others,Czech Republic,I07RLB9ST,,,,,,,,,RLB9ST,,, , ,Y,,Cooper Europe,,,,,Kordarna,Velka nad Velickou,Velka nad Velickou,LTH,KORDARNA,VELKA NAD VELICKOU,VELKA NAD VELICKOU,OTHERS,CZECH REPUBLIC,Yes,,,,,,,,,,
REINFORCEMENT,1,RFWH,3X.30 HT OPEN,Y,JIANGSU XINGDA,PLANT 9 - XING HUA,Xing Hua,Others,China,Z201WH,,,,,,,,,WH,,, , ,Y,,Cooper Asia,,,,,JIANGSU XINGDA,Plant 9 - Xing Hua,Xing Hua,JVW,JIANGSU XINGDA,PLANT 9 - XING HUA,XING HUA,OTHERS,CHINA,Yes,,,,,,,,,,
REINFORCEMENT,1,RFWH,3X.30 HT OPEN,Y,BEKAERT,SLATINA,Slatina,Others,Romania,BQ01WH,,,,,,,,,WH,,, , ,Y,,Cooper Europe,,,,,BEKAERT,Slatina,Slatina,EOM,BEKAERT,SLATINA,SLATINA,OTHERS,ROMANIA,Yes,,,,,,,,,,
REINFORCEMENT,1,RFWH,3X.30 HT OPEN,Y,BEKAERT,IZMIT,"IZMIT, TURKEY",Others,Turkey,BA01WH,,,,,,,,,WH,,, , ,Y,,Cooper Europe,,,,,BEKAERT,"IZMIT, TURKEY","IZMIT, TURKEY",APK,BEKAERT,IZMIT,"IZMIT, TURKEY",OTHERS,TURKEY,Yes,,,,,,,,,,
REINFORCEMENT,1,RFWH,3X.30 HT OPEN,Y,BEKAERT,BURGOS,BURGOS,Others,Spain,B301WH,,,,,,,,,WH,,, , ,Y,,"Cooper Asia, Cooper Europe",,,,,BEKAERT,"BURGOS, SPAIN",BURGOS,AJF,BEKAERT,BURGOS,BURGOS,OTHERS,SPAIN,Yes,,,,,,,,,,
REINFORCEMENT,1,RFNC21QA,"NYLON 6,6  940/1/2 12 X 12 TPI 21EPI QA",Y,HYOSUNG CORPORATION,DECATUR,Decatur,AL,USA,S01NC21QA,,,,,,,,,NC21QA,,, , ,Y,,"AP, LA, NA",,,,,HYOSUNG CORPORATION,"Decatur, AL, USA",Decatur,AIT,HYOSUNG CORPORATION,DECATUR,DECATUR,AL,USA,Yes,,,,,,,,,,
REINFORCEMENT,1,RFCB28YF,"MERGED CORD 1100/2 DTEX ARAMID + 940/1 DTEX NYLON 6,6 28 EPI YF",Y,HYOSUNG CORPORATION,LISA,LISA,Others,Luxembourg,AN2CB28YF,,,,,,,,,CB28YF,,, , ,Y,,EMEA,,,,,HYOSUNG CORPORATION,"LISA, LUXEMBOURG",LISA,AIG,HYOSUNG CORPORATION,LISA,LISA,OTHERS,LUXEMBOURG,Yes,,,,,,,,,,
REINFORCEMENT,1,RFCB20YF,"MERGED CORD 1100DTEX ARAMID/940 DTEX NYLON 6,6 20 EPI YF",Y,HYOSUNG CORPORATION,LISA,LISA,Others,Luxembourg,AN2CB20YF,,,,,,,,,CB20YF,,, , ,Y,,"AP, EMEA",,,,,HYOSUNG CORPORATION,"LISA, LUXEMBOURG",LISA,AIG,HYOSUNG CORPORATION,LISA,LISA,OTHERS,LUXEMBOURG,Yes,,,,,,,,,,
REINFORCEMENT,1,RFBN32ZO,"1400/1 Nylon 66 4.5 tpi, 32 epi ZO",Y,HYOSUNG CORPORATION,LISA,LISA,Others,Luxembourg,Z01BN32ZO,,,,,,,,,BN32ZO,,, , ,Y,,"EMEA, LA, NA",,,,,HYOSUNG CORPORATION,"LISA, LUXEMBOURG",LISA,AIG,HYOSUNG CORPORATION,LISA,LISA,OTHERS,LUXEMBOURG,Yes,,,,,,,,,,
REINFORCEMENT,1,RFBN32ZO,"1400/1 Nylon 66 4.5 tpi, 32 epi ZO",Y,HYOSUNG CORPORATION,LISA,LISA,Others,Luxembourg,U02BN32ZO,,,,,,,,,BN32ZO,,, , ,Y,,"EMEA, LA, NA",,,,,HYOSUNG CORPORATION,"LISA, LUXEMBOURG",LISA,AIG,HYOSUNG CORPORATION,LISA,LISA,OTHERS,LUXEMBOURG,Yes,,,,,,,,,,
REINFORCEMENT,1,RFBN32GA,"NYLON 6,6 1400/1 0X4.6 TPI  32EPI  GA",Y,HYOSUNG CORPORATION,LISA,LISA,Others,Luxembourg,Z01BN32GA,,,,,,,,,BN32GA,,, , ,Y,,"AP, EMEA",,,,,HYOSUNG CORPORATION,"LISA, LUXEMBOURG",LISA,AIG,HYOSUNG CORPORATION,LISA,LISA,OTHERS,LUXEMBOURG,Yes,,,,,,,,,,
REINFORCEMENT,1,RFBI30GF,"NYLON 6,6 940/1 0X4.6S TPI 30EPI GF",Y,HYOSUNG CORPORATION,LISA,LISA,Others,Luxembourg,U01BI30GF,,,,,,,,,BI30GF,,, , ,Y,,"AP, EMEA",,,,,HYOSUNG CORPORATION,"LISA, LUXEMBOURG",LISA,AIG,HYOSUNG CORPORATION,LISA,LISA,OTHERS,LUXEMBOURG,Yes,,,,,,,,,,
REINFORCEMENT,1,RFBI30ZY,BI30ZY N66 940/1 dtex pink dip,Y,HYOSUNG CORPORATION,LISA,LISA,Others,Luxembourg,U01BI30ZY,,,,,,,,,BI30ZY,,, , ,Y,,"AP, EMEA, LA, NA",,,,,HYOSUNG CORPORATION,"LISA, LUXEMBOURG",LISA,AIG,HYOSUNG CORPORATION,LISA,LISA,OTHERS,LUXEMBOURG,Yes,,,,,,,,,,
REINFORCEMENT,1,RFANY3YA,"ARAMID, 1670/2, 8.9x8.9 TPI, 20.3 EPI, YA",Y,HYOSUNG CORPORATION,LISA,LISA,Others,Luxembourg,L01ANY3YA,,,,,,,,,ANY3YA,,, , ,Y,,"AP, EMEA",,,,,HYOSUNG CORPORATION,"LISA, LUXEMBOURG",LISA,AIG,HYOSUNG CORPORATION,LISA,LISA,OTHERS,LUXEMBOURG,Yes,,,,,,,,,,
REINFORCEMENT,1,RFUW,2+2x.295 HT,Y,JIANGSU XINGDA,PLANT 9 - XING HUA,Xing Hua,Others,China,Z202UW,,,,,,,,,UW,,, , ,Y,,"AP, EMEA, LA, NA",,,,,JIANGSU XINGDA,Plant 9 - Xing Hua,Xing Hua,JVW,JIANGSU XINGDA,PLANT 9 - XING HUA,XING HUA,OTHERS,CHINA,Yes,,,,,,,,,,
REINFORCEMENT,1,RFRYE4ST,"Rayon 1840/2 10.4x10.4 TPI, 25.4 EPI, ST - Cooper 3198
",Y,CORDENKA,OBERNBURG,OBERNBURG,Others,Germany,G52RYE4ST,,,,,,,,,RYE4ST,,, , ,Y,,Cooper Europe,,,,,CORDENKA,"OBERNBURG, GERMANY",OBERNBURG,EHY,CORDENKA,OBERNBURG,OBERNBURG,OTHERS,GERMANY,Yes,,,,,,,,,,
REINFORCEMENT,1,RFRYE4ST,"Rayon 1840/2 10.4x10.4 TPI, 25.4 EPI, ST - Cooper 3198
",Y,INDORAMA VENTURES MOBILITY,LUXEMBOURG,Steinfort,Others,Luxembourg,I21RYE4ST,,,,,,,,,RYE4ST,,, , ,Y,,Cooper Europe,,,,,INDORAMA VENTURES MOBILITY LUXEMBOURG (Textilcord),Luxembourg,Steinfort,EGN,INDORAMA VENTURES MOBILITY,LUXEMBOURG,STEINFORT,OTHERS,LUXEMBOURG,Yes,,,,,,,,,,
REINFORCEMENT,1,RFRYE4ST,"Rayon 1840/2 10.4x10.4 TPI, 25.4 EPI, ST - Cooper 3198
",Y,KORDARNA,VELKA NAD VELICKOU,Velka nad Velickou,Others,Czech Republic,I07RYE4ST,,,,,,,,,RYE4ST,,, , ,Y,,Cooper Europe,,,,,Kordarna,Velka nad Velickou,Velka nad Velickou,LTH,KORDARNA,VELKA NAD VELICKOU,VELKA NAD VELICKOU,OTHERS,CZECH REPUBLIC,Yes,,,,,,,,,,
REINFORCEMENT,1,RFWY,2+2x.22UT,Y,BEKAERT,IZMIT,"IZMIT, TURKEY",Others,Turkey,BA02WY,,,,,,,,,WY,,, , ,Y,,"AP, EMEA, LA, NA",,,,,BEKAERT,"IZMIT, TURKEY","IZMIT, TURKEY",APK,BEKAERT,IZMIT,"IZMIT, TURKEY",OTHERS,TURKEY,Yes,,,,,,,,,,
REINFORCEMENT,1,RF288K3A,1X1.2+(5+12+18)X1.3,Y,OTTO KUHLMANN,GERMANY,Germany,Others,Germany,RF288K3A,,,,,,,,,RF288K3A,,, , ,Y,,"AP, EMEA, LA, NA",,,,,OTTO KUHLMANN,Germany,Germany,BFJ,OTTO KUHLMANN,GERMANY,GERMANY,OTHERS,GERMANY,No,,,,,,,,,,
REINFORCEMENT,1,RFTU32CX,"NAA HMLS PET, 1440/2dtex, 9x9TPI, 32EPI, CX",Y,INDORAMA VENTURES MOBILITY,KAIPING DIP UNIT #3,Kaiping,Others,China,U03TU32CX,,,,,,,,,TU32CX,,, , ,Y,,"AP, EMEA, LA, NA",,,,,INDORAMA VENTURES MOBILITY (Performance Fibers),Kaiping Dip Unit #3,Kaiping,LCJ,INDORAMA VENTURES MOBILITY,KAIPING DIP UNIT #3,KAIPING,OTHERS,CHINA,Yes,,,,,,,,,,
REINFORCEMENT,1,RFTC28CX,"PET HMLS NAA, 1100/1/2 Dtex, 12x12 TPI, 28 EPI, CX",Y,INDORAMA VENTURES MOBILITY,KAIPING DIP UNIT #3,Kaiping,Others,China,U02TC28CX,,,,,,,,,TC28CX,,, , ,Y,,"AP, EMEA, LA, NA",,,,,INDORAMA VENTURES MOBILITY (Performance Fibers),Kaiping Dip Unit #3,Kaiping,LCJ,INDORAMA VENTURES MOBILITY,KAIPING DIP UNIT #3,KAIPING,OTHERS,CHINA,Yes,,,,,,,,,,
REINFORCEMENT,1,RFYAE4ST,"HMLS PET, 2200/2, 6.9x6.9 TPI, 25.4 EPI, ST - Cooper 5109
",Y,FORMOSA TAFFETA,TOULIU,TOULIOU,Others,Taiwan,V08YAE4ST,,,,,,,,,YAE4ST,,, , ,Y,,Cooper Europe,,,,,FORMOSA TAFFETA,"TOULIOU, TAIWAN",TOULIOU,JFM,FORMOSA TAFFETA,TOULIU,TOULIU,OTHERS,TAIWAN,Yes,,,,,,,,,,
REINFORCEMENT,1,RFTD28SS,"HMLS PET, 1670/2, 9.5x9.5 TPI, 28EPI, SS - Cooper 5107
",Y,FORMOSA TAFFETA,TOULIU,TOULIOU,Others,Taiwan,V07TD28SS,,,,,,,,,TD28SS,,, , ,Y,,Cooper Europe,,,,,FORMOSA TAFFETA,"TOULIOU, TAIWAN",TOULIOU,JFM,FORMOSA TAFFETA,TOULIU,TOULIU,OTHERS,TAIWAN,Yes,,,,,,,,,,
REINFORCEMENT,1,RFXC,"2X.30 ST
(Cooper 9400/9401)",Y,BEKAERT,ROGERS,Rogers,AR,USA,BB01XC,,,,,,,,,XC,,, , ,Y,,Cooper Americas,,,,,BEKAERT,"Rogers, AR, USA",Rogers,AMX,BEKAERT,ROGERS,ROGERS,AR,USA,Yes,,,,,,,,,,
REINFORCEMENT,1,RFLC27MA,NYLON 6  940/1/2 12 X 12 TPI 27EPI MA,Y,CENTURY ENKA,INDIA,,Others,India,I19LC27MA,,,,,,,,,LC27MA,,, , ,Y,,AP,,,,,CENTURY ENKA,INDIA,,LBN,CENTURY ENKA,INDIA,,OTHERS,INDIA,Yes,,,,,,,,,,
REINFORCEMENT,1,RFYD27ST,"HMLS PET, 1670/2, 9.5x9.5 TPI, 27 EPI, ST - Cooper 4040
",Y,ZHEJIANG HAILIDE NEW MATERIAL CO.,"Haining, China",Haining,Others,China,U20YD27ST,,,,,,,,,YD27ST,,, , ,Y,,Cooper Americas,,,,,,,,,,,,,,,,,,,,,,,,
REINFORCEMENT,1,RFYAE4ST,"HMLS PET, 2200/2, 6.9x6.9 TPI, 25.4 EPI, ST - Cooper 5109
",Y,ZHEJIANG HAILIDE NEW MATERIAL CO.,"Haining, China",Haining,Others,China,U30YAE4ST,,,,,,,,,YAE4ST,,, , ,Y,,Cooper Europe,,,,,,,,,,,,,,,,,,,,,,,,
REINFORCEMENT,1,RFJR,0.89mm NT (Cooper 9004),Y,BEKAERT,SLADKOVICOVO,SLADKOVICOVO,Others,Slovak Republic,092JR,,,,,,,,,JR,,, , ,Y,,Cooper Europe,,,,,BEKAERT,"SLADKOVICOVO, SLOVAK REPUBLIC",SLADKOVICOVO,EHK,BEKAERT,SLADKOVICOVO,SLADKOVICOVO,OTHERS,SLOVAK REPUBLIC,Yes,,,,,,,,,,
REINFORCEMENT,1,RFUK,2+2x.35 ST,Y,XINGDA STEEL CORD (THAILAND),XINGDA STEEL CORD,Ban Bueng,Others,Thailand,Z302UK,,,,,,,,,UK,,, , ,Y,,"AP, EMEA, LA, NA",,,,,XINGDA STEEL CORD (THAILAND),Xingda Steel Cord (Thailand),Ban Bueng,XST,XINGDA STEEL CORD (THAILAND),XINGDA STEEL CORD,BAN BUENG,OTHERS,THAILAND,Yes,,,,,,,,,,
REINFORCEMENT,1,RFXK,"3x.24/9x.225 CC HT 
(Cooper Code 9344)",Y,JIAXING EASTERN,TENGZHOU EASTERN STEEL CORD CO. LTD,Tengzhou,Others,China,Y201XK,,,,,,,,,XK,,, , ,Y,,Cooper Asia,,,,,JIAXING EASTERN,Tengzhou Eastern Steel Cord Co. LTD,Tengzhou,JTK,JIAXING EASTERN,TENGZHOU EASTERN STEEL CORD CO. LTD,TENGZHOU,OTHERS,CHINA,Yes,,,,,,,,,,
REINFORCEMENT,1,RFLF25MA,LF25MA with std. weft,Y,CENTURY ENKA,INDIA,,Others,India,I20LF25MA,,,,,,,,,LF25MA,,, , ,Y,,AP,,,,,CENTURY ENKA,INDIA,,LBN,CENTURY ENKA,INDIA,,OTHERS,INDIA,Yes,,,,,,,,,,
REINFORCEMENT,1,RFBH,"1.295MM BEAD WIRE - HIGH TENSILE 
(Cooper 9021/9906/9001)",Y,KISWIRE,HONG DUK,Hong Duk,Others,South Korea,242BH,,,,,,,,,BH,,, , ,Y,,"AP, EMEA, LA, NA",,,,,KISWIRE,"Hong Duk, South Korea",Hong Duk,JBU,KISWIRE,HONG DUK,HONG DUK,OTHERS,SOUTH KOREA,No,,,,,,,,,,
REINFORCEMENT,1,RFXP,"2+2x.25 HT
(Cooper 9347)",Y,JIANGSU XINGDA,PLANT 9 - XING HUA,Xing Hua,Others,China,Z202XP,,,,,,,,,XP,,, , ,Y,,Cooper Asia,,,,,JIANGSU XINGDA,Plant 9 - Xing Hua,Xing Hua,JVW,JIANGSU XINGDA,PLANT 9 - XING HUA,XING HUA,OTHERS,CHINA,Yes,,,,,,,,,,
REINFORCEMENT,1,RFUM,3X.22/9X.20+1 HT,Y,BEKAERT,PNEUS SA - BRAZIL (STEEL CORD),Sumare,Others,Brazil,BP01UM,,,,,,,,,UM,,, , ,Y,,"AP, EMEA, LA, NA",,,,,BEKAERT,BEKAERT PNEUS SA - BRAZIL (STEEL CORD PLANT),Sumare,DAS,BEKAERT,PNEUS SA - BRAZIL (STEEL CORD),SUMARE,OTHERS,BRAZIL,Yes,,,,,,,,,,
REINFORCEMENT,1,RFWL,2x.295 HT,Y,BEKAERT,KARTEPE,Kartepe,Others,Turkey,BN01WL,,,,,,,,,WL,,, , ,Y,,"AP, EMEA, LA, NA",,,,,BEKAERT,"KARTEPE, TURKEY",Kartepe,APP,BEKAERT,KARTEPE,KARTEPE,OTHERS,TURKEY,Yes,,,,,,,,,,
REINFORCEMENT,1,RFWL,2x.295 HT,Y,JIANGSU XINGDA,PLANT 9 - XING HUA,Xing Hua,Others,China,Z202WL,,,,,,,,,WL,,, , ,Y,,"AP, EMEA, LA, NA",,,,,JIANGSU XINGDA,Plant 9 - Xing Hua,Xing Hua,JVW,JIANGSU XINGDA,PLANT 9 - XING HUA,XING HUA,OTHERS,CHINA,Yes,,,,,,,,,,
REINFORCEMENT,1,RFJF30DR,Z09JF30DR,Y,HYOSUNG CORPORATION,DECATUR,Decatur,AL,USA,Z09JF30DR,,,,,,,,,JF30DR,,, , ,Y,,NA,ICM*A,,,ICM*A,HYOSUNG CORPORATION,"Decatur, AL, USA",Decatur,AIT,HYOSUNG CORPORATION,DECATUR,DECATUR,AL,USA,Yes,,,,,,,,,,
REINFORCEMENT,1,RFLR,1.55 mm NT (Cooper 9015),Y,SHANDONG DAYE CO. LTD,SHANDONG XINXING INDUSTRIAL PARK,Shandong Province,Others,China,411LR,,,,,,,,,LR,,, , ,Y,,Cooper Asia,,,,,Shandong Daye Co. Ltd,Shandong XinXing Industrial Park,Shandong Province,JVD,SHANDONG DAYE CO. LTD,SHANDONG XINXING INDUSTRIAL PARK,SHANDONG PROVINCE,OTHERS,CHINA,Yes,,,,,,,,,,
REINFORCEMENT,1,RF152A,1100 dtex K29AP aramid yarn from DuPont (Richmond),Y,DUPONT,RICHMOND,Richmond,VA,USA,Kevlar K-29 AP,,,,,,,,,152A,,, , ,Y,,NA,,,,,DUPONT,Richmond,Richmond,DOESN'T EXIST IN SIS,DUPONT,RICHMOND,RICHMOND,VA,USA,Yes,,,,,,,,,,
REINFORCEMENT,1,RFNG30ZO,N66 1400/2 dtex pink dip,Y,KORDSA,IZMIT,Izmit,Others,Turkey,Z01NG30ZO,,,,,,,,,NG30ZO,,, , ,Y,,"AP, EMEA, LA, NA",,,,,KORDSA,"Izmit, Turkey",Izmit,BXD,KORDSA,IZMIT,IZMIT,OTHERS,TURKEY,Yes,,,,,,,,,,
REINFORCEMENT,1,RFGH,"1.58MM HT
(Cooper 9025)",Y,NATIONAL STANDARD,STILLWATER,Stillwater,OK,USA,142GH,,,,,,,,,GH,,, , ,Y,,Cooper Americas,,,,,NAT STANDARD,"Stillwater, OK, USA",Stillwater,AKH,NATIONAL STANDARD,STILLWATER,STILLWATER,OK,USA,Yes,,,,,,,,,,
REINFORCEMENT,1,RFTI28ST,"HMLS PET, 1440/2, 10.5x10.5 TPI, 28 EPI, ST - Cooper 5105",Y,KORDSA,IZMIT,Izmit,Others,Turkey,Z11TI28ST,,,,,,,,,TI28ST,,, , ,Y,,Cooper Europe,,,,,KORDSA,"Izmit, Turkey",Izmit,BXD,KORDSA,IZMIT,IZMIT,OTHERS,TURKEY,Yes,,,,,,,,,,
REINFORCEMENT,1,RFBFW8SV,"NYLON 66, 1400/1/2, 9.5x9.5 TPI, 18.8 EPI, SV - Cooper 5007
",N,FORMOSA TAFFETA,TOULIU,TOULIOU,Others,Taiwan,U02BFW8SV,,,,,,,,,BFW8SV,,, , ,N,,Cooper Asia,,,,,FORMOSA TAFFETA,"TOULIOU, TAIWAN",TOULIOU,JFM,FORMOSA TAFFETA,TOULIU,TOULIU,OTHERS,TAIWAN,Yes,,,,,,,,,,
REINFORCEMENT,1,RFNPA6SX,NGT fabric,Y,HYOSUNG CORPORATION,DONG NAI,Dong Nai,Others,Vietnam,S03NPA6SX,,,,,,,,,NPA6SX,,, , ,Y,,AP,Nippon Giant,,,Nippon Giant,HYOSUNG CORPORATION,"Dong Nai, Vietnam",Dong Nai,JPK,HYOSUNG CORPORATION,DONG NAI,DONG NAI,OTHERS,VIETNAM,Yes,,,,,,,,,,
REINFORCEMENT,1,RFNPE9SX,Fabric for NGT,Y,HYOSUNG CORPORATION,DONG NAI,Dong Nai,Others,Vietnam,S03NPE9SX,,,,,,,,,NPE9SX,,, , ,Y,,AP,Nippon Giant,,,Nippon Giant,HYOSUNG CORPORATION,"Dong Nai, Vietnam",Dong Nai,JPK,HYOSUNG CORPORATION,DONG NAI,DONG NAI,OTHERS,VIETNAM,Yes,,,,,,,,,,
REINFORCEMENT,1,RFRN26AF,RAYON 1840/1/3  9.1X9.1TPI  26EPI  AF,Y,HYOSUNG CORPORATION,LISA,LISA,Others,Luxembourg,I06RN26AF,,,,,,,,,RN26AF,,, , ,Y,,"AP, EMEA, LA, NA",,,,,HYOSUNG CORPORATION,"LISA, LUXEMBOURG",LISA,AIG,HYOSUNG CORPORATION,LISA,LISA,OTHERS,LUXEMBOURG,Yes,,,,,,,,,,
REINFORCEMENT,1,RFRN25AF,RAYON 1840/1/3  9.1X9.1TPI  25EPI  AF,Y,HYOSUNG CORPORATION,LISA,LISA,Others,Luxembourg,I06RN25AF,,,,,,,,,RN25AF,,, , ,Y,,"AP, EMEA, LA, NA",,,,,HYOSUNG CORPORATION,"LISA, LUXEMBOURG",LISA,AIG,HYOSUNG CORPORATION,LISA,LISA,OTHERS,LUXEMBOURG,Yes,,,,,,,,,,
REINFORCEMENT,1,RFRD30AF,RAYON  1840/1/2 12 X 12 TPI 30EPI AF,Y,HYOSUNG CORPORATION,LISA,LISA,Others,Luxembourg,I06RD30AF,,,,,,,,,RD30AF,,, , ,Y,,"AP, EMEA, LA, NA",,,,,HYOSUNG CORPORATION,"LISA, LUXEMBOURG",LISA,AIG,HYOSUNG CORPORATION,LISA,LISA,OTHERS,LUXEMBOURG,Yes,,,,,,,,,,
REINFORCEMENT,1,RFNV19GA,"NYLON 6,6 2100/1/2  6X8TPI  19EPI  GA",Y,HYOSUNG CORPORATION,LISA,LISA,Others,Luxembourg,Z03NV19GA,,,,,,,,,NV19GA,,, , ,Y,,EMEA,,,,,HYOSUNG CORPORATION,"LISA, LUXEMBOURG",LISA,AIG,HYOSUNG CORPORATION,LISA,LISA,OTHERS,LUXEMBOURG,Yes,,,,,,,,,,
REINFORCEMENT,1,RFBH,"1.295MM BEAD WIRE - HIGH TENSILE 
(Cooper 9021/9906/9001)",Y,"JIANGSU SHENGDA TECHNOLOGY CO., LTD.",JIANGSU SHENGDA TECHNOLOGY (BEAD WIRE),Jiangyin City,Others,China,441BH,,,,,,,,,BH,,, , ,Y,,AP,,,,,"Jiangsu Shengda Technology Co., Ltd.",Jiangsu Shengda Technology (Bead Wire),Jiangyin City,ACC,"JIANGSU SHENGDA TECHNOLOGY CO., LTD.",JIANGSU SHENGDA TECHNOLOGY (BEAD WIRE),JIANGYIN CITY,OTHERS,CHINA,Yes,,,,,,,,,,
REINFORCEMENT,1,RFUM,3X.22/9X.20+1 HT,Y,JIANGSU XINGDA,PLANT 8 - XING HUA,Xing Hua,Others,China,Z102UM,,,,,,,,,UM,,, , ,Y,,"AP, EMEA, LA, NA",,,,,JIANGSU XINGDA,Plant 8 - Xing Hua,Xing Hua,JLA,JIANGSU XINGDA,PLANT 8 - XING HUA,XING HUA,OTHERS,CHINA,Yes,,,,,,,,,,
REINFORCEMENT,1,RFTJ26ST,"HMLS PET, 1100/2, 11.5x11.5 TPI, 26 epi, ST - Cooper 4026",Y,ZHEJIANG HAILIDE NEW MATERIAL CO.,"Haining, China",Haining,Others,China,U18TJ26ST,,,,,,,,,TJ26ST,,, , ,Y,,Cooper Americas,,,,,,,,,,,,,,,,,,,,,,,,
REINFORCEMENT,1,RFTD27ST,"HMLS PET, 1670/2, 9.5x9.5 TPI, 27 EPI, ST - Cooper 4023
",Y,ZHEJIANG HAILIDE NEW MATERIAL CO.,"Haining, China",Haining,Others,China,U19TD27ST,,,,,,,,,TD27ST,,, , ,Y,,Cooper Americas,,,,,,,,,,,,,,,,,,,,,,,,
REINFORCEMENT,1,RFTD25ST,"HMLS PET, 1670/2, 9.5x9.5 TPI, 25 EPI, ST - Cooper 4021
",Y,ZHEJIANG HAILIDE NEW MATERIAL CO.,"Haining, China",Haining,Others,China,U19TD25ST,,,,,,,,,TD25ST,,, , ,Y,,Cooper Americas,,,,,,,,,,,,,,,,,,,,,,,,
REINFORCEMENT,1,RFSDE4ST,"HMLS PET, 1670/2, 9.5x9.5 TPI, 25.4 EPI, ST - Cooper 4010
",Y,ZHEJIANG HAILIDE NEW MATERIAL CO.,"Haining, China",Haining,Others,China,U29SDE4ST,,,,,,,,,SDE4ST,,, , ,Y,,Cooper Asia,,,,,,,,,,,,,,,,,,,,,,,,
REINFORCEMENT,1,RFSCE4ST,"HMLS PET, 1100/2, 12x12 TPI, 25.4 EPI, ST - Cooper 4014
",Y,ZHEJIANG HAILIDE NEW MATERIAL CO.,"Haining, China",Haining,Others,China,U28SCE4ST,,,,,,,,,SCE4ST,,, , ,Y,,Cooper Asia,,,,,,,,,,,,,,,,,,,,,,,,
REINFORCEMENT,1,RFSDE4ST,"HMLS PET, 1670/2, 9.5x9.5 TPI, 25.4 EPI, ST - Cooper 4010
",Y,Jangsu Taiji Industry New Materials Co,"Yangzhou, China",Yangzhou,Others,China,U27SDE4ST,,,,,,,,,SDE4ST,,, , ,Y,,Cooper Asia,,,,,,,,,,,,,,,,,,,,,,,,
REINFORCEMENT,1,RFTD25ST,"HMLS PET, 1670/2, 9.5x9.5 TPI, 25 EPI, ST - Cooper 4021
",Y,KOLON,GUMI,Gumi,Others,South Korea,K27TD25ST,,,,,,,,,TD25ST,,, , ,Y,,Cooper Americas,,,,,KOLON,"Gumi, South Korea",Gumi,BJZ,KOLON,GUMI,GUMI,OTHERS,SOUTH KOREA,Yes,,,,,,,,,,
REINFORCEMENT,1,RFNF28SV,"NYLON 66, 1400/1/2, 10x10 TPI, 28 EPI, SV - Cooper 4056
",Y,HANGZHOU DIKAI,XIAOSHAN,Hangzhou,Others,China,U22NF28SV,,,,,,,,,NF28SV,,, , ,Y,,"Cooper Americas, Cooper Asia",,,,,Hangzhou Dikai,"Xiaoshan, Hangzhou, 311243 Zhejiang, China",Hangzhou,,HANGZHOU DIKAI,XIAOSHAN,HANGZHOU,OTHERS,CHINA,Yes,,,,,,,,,,
REINFORCEMENT,1,RFNC30SV,"NYLON 66, 940/1/2, 12x12 TPI, 30 EPI, SV - Cooper 4052",Y,HANGZHOU DIKAI,XIAOSHAN,Hangzhou,Others,China,U21NC30SV,,,,,,,,,NC30SV,,, , ,Y,,"Cooper Americas, Cooper Asia",,,,,Hangzhou Dikai,"Xiaoshan, Hangzhou, 311243 Zhejiang, China",Hangzhou,,HANGZHOU DIKAI,XIAOSHAN,HANGZHOU,OTHERS,CHINA,Yes,,,,,,,,,,
REINFORCEMENT,1,RFBFW8SV,"NYLON 66, 1400/1/2, 9.5x9.5 TPI, 18.8 EPI, SV - Cooper 5007
",Y,SHENMA INDUSTRIAL,SHANGAI,,Others,China,U02BFW8SV,,,,,,,,,BFW8SV,,, , ,Y,,Cooper Asia,,,,,Shenma Industrial,Shangai,,JUA,SHENMA INDUSTRIAL,SHANGAI,,OTHERS,CHINA,Yes,,,,,,,,,,
REINFORCEMENT,1,RFJC21QH,"NYLON 66, 940/2, 12x12 TPI, 21 EPI, QH",Y,KORDSA,IZMIT,Izmit,Others,Turkey,Z02JC21QH,,,,,,,,,JC21QH,,, , ,Y,,"AP, EMEA, LA, NA",,,,,KORDSA,"Izmit, Turkey",Izmit,BXD,KORDSA,IZMIT,IZMIT,OTHERS,TURKEY,Yes,,,,,,,,,,
REINFORCEMENT,1,RFTC28CX,"PET HMLS NAA, 1100/1/2 Dtex, 12x12 TPI, 28 EPI, CX",Y,HYOSUNG CORPORATION,"Jiaxing, China",Jiaxing,Others,China,S04TC28CX,,,,,,,,,TC28CX,,, , ,Y,,"AP, Cooper Americas, Cooper Asia, Cooper Europe, EMEA, LA, NA",,,,,,,,,,,,,,,,,,,,,,,,
REINFORCEMENT,1,RFBN32ZO,"1400/1 Nylon 66 4.5 tpi, 32 epi ZO",Y,THAI INDO KORDSA,AYUTTHAYA,"AYUTTHAYA, THAILAND",Others,Thailand,N01BN32ZO,,,,,,,,,BN32ZO,,, , ,Y,,"AP, Cooper Americas, Cooper Asia, Cooper Europe, EMEA, LA, NA",,,,,THAI INDO KORDSA,"AYUTTHAYA, THAILAND","AYUTTHAYA, THAILAND",JAE,THAI INDO KORDSA,AYUTTHAYA,"AYUTTHAYA, THAILAND",OTHERS,THAILAND,Yes,,,,,,,,,,
REINFORCEMENT,1,RFNC27ZO,940/1/2 N66; 12x12 tpi; 27 epi; ZO,Y,KORDSA,BA,,BA,Brazil,A07NC27ZO,,,,,,,,,NC27ZO,,, , ,Y,,"AP, Cooper Americas, Cooper Asia, Cooper Europe, EMEA, LA, NA",,,,,KORDSA,"BA, Brazil",,DBV,KORDSA,BA,,BA,BRAZIL,Yes,,,,,,,,,,
REINFORCEMENT,1,RFSDE4ST,"HMLS PET, 1670/2, 9.5x9.5 TPI, 25.4 EPI, ST - Cooper 4010
",Y,HYOSUNG CORPORATION,"Jiaxing, China",Jiaxing,Others,China,U24SDE4ST,,,,,,,,,SDE4ST,,, , ,Y,,Cooper Asia,,,,,,,,,,,,,,,,,,,,,,,,
REINFORCEMENT,1,RFCH,"1.83MM BEAD WIRE - HIGH TENSILE
(Cooper Code 9024)",Y,SHANDONG DAYE CO. LTD,SHANDONG XINXING INDUSTRIAL PARK,Shandong Province,Others,China,431CH,,,,,,,,,CH,,, , ,Y,,AP,,,,,Shandong Daye Co. Ltd,Shandong XinXing Industrial Park,Shandong Province,JVD,SHANDONG DAYE CO. LTD,SHANDONG XINXING INDUSTRIAL PARK,SHANDONG PROVINCE,OTHERS,CHINA,Yes,,,,,,,,,,
REINFORCEMENT,1,RFCH,"1.83MM BEAD WIRE - HIGH TENSILE
(Cooper Code 9024)",Y,KISWIRE,RONGCHENG CITY,Rongcheng City,Others,China,252CH,,,,,,,,,CH,,, , ,Y,,AP,,,,,Kiswire - Bead Wire,Rongcheng City,Rongcheng City,ALJ,KISWIRE,RONGCHENG CITY,RONGCHENG CITY,OTHERS,CHINA,Yes,,,,,,,,,,
REINFORCEMENT,1,RFBH,"1.295MM BEAD WIRE - HIGH TENSILE 
(Cooper 9021/9906/9001)",Y,BEKAERT,BURGOS,BURGOS,Others,Spain,093BH,,,,,,,,,BH,,, , ,Y,,EMEA,,,,,BEKAERT,"BURGOS, SPAIN",BURGOS,AJF,BEKAERT,BURGOS,BURGOS,OTHERS,SPAIN,Yes,,,,,,,,,,
REINFORCEMENT,1,RFBH,"1.295MM BEAD WIRE - HIGH TENSILE 
(Cooper 9021/9906/9001)",Y,BEKAERT,SLADKOVICOVO,SLADKOVICOVO,Others,Slovak Republic,092BH,,,,,,,,,BH,,, , ,Y,,EMEA,,,,,BEKAERT,"SLADKOVICOVO, SLOVAK REPUBLIC",SLADKOVICOVO,EHK,BEKAERT,SLADKOVICOVO,SLADKOVICOVO,OTHERS,SLOVAK REPUBLIC,Yes,,,,,,,,,,
REINFORCEMENT,1,RFBH,"1.295MM BEAD WIRE - HIGH TENSILE 
(Cooper 9021/9906/9001)",Y,SHANDONG DAYE CO. LTD,SHANDONG XINXING INDUSTRIAL PARK,Shandong Province,Others,China,431BH,,,,,,,,,BH,,, , ,Y,,AP,,,,,Shandong Daye Co. Ltd,Shandong XinXing Industrial Park,Shandong Province,JVD,SHANDONG DAYE CO. LTD,SHANDONG XINXING INDUSTRIAL PARK,SHANDONG PROVINCE,OTHERS,CHINA,Yes,,,,,,,,,,
REINFORCEMENT,1,RFBH,"1.295MM BEAD WIRE - HIGH TENSILE 
(Cooper 9021/9906/9001)",Y,KISWIRE,RONGCHENG CITY,Rongcheng City,Others,China,252BH,,,,,,,,,BH,,, , ,Y,,AP,,,,,Kiswire - Bead Wire,Rongcheng City,Rongcheng City,ALJ,KISWIRE,RONGCHENG CITY,RONGCHENG CITY,OTHERS,CHINA,Yes,,,,,,,,,,
REINFORCEMENT,1,RFGH,"1.58MM HT
(Cooper 9025)",Y,KISWIRE,NEWBERRY,Newberry,SC,USA,243GH,,,,,,,,,GH,,, , ,Y,,Cooper Americas,,,,,Kiswire - Bead Wire,"Newberry, SC, USA",Newberry,CFR,KISWIRE,NEWBERRY,NEWBERRY,SC,USA,Yes,,,,,,,,,,
REINFORCEMENT,1,RFGH,"1.58MM HT
(Cooper 9025)",Y,HYOSUNG CORPORATION,DONG NAI - STEELCORD,Dong Nai,Others,Vietnam,262GH,,,,,,,,,GH,,, , ,Y,,Cooper Americas,,,,,HYOSUNG CORPORATION,Dong Nai - Steelcord,Dong Nai,JTR,HYOSUNG CORPORATION,DONG NAI - STEELCORD,DONG NAI,OTHERS,VIETNAM,Yes,,,,,,,,,,
REINFORCEMENT,1,RFGBW6ST,"FIBERGLASS 3300/2, 1.5 TPI, 18.6 EPI, SA - Cooper 2121",Y,FIRESTONE TEXTILES CO.,"KINGS MOUNTAIN, NORTH CAROLINA, USA",Kings Mountain North Carolina,NC,USA,M19GBW6ST,,,,,,,,,GBW6ST,,, , ,Y,,EMEA,,,,,,,,,,,,,,,,,,,,,,,,
REINFORCEMENT,1,RFBV28SV,"NYLON 66, 1400/1, 5 TPI, 28 EPI, SV - Cooper 4062
",Y,FORMOSA TAFFETA,TOULIU,TOULIOU,Others,Taiwan,U02BV28SV,,,,,,,,,BV28SV,,, , ,Y,,Cooper Americas,,,,,FORMOSA TAFFETA,"TOULIOU, TAIWAN",TOULIOU,JFM,FORMOSA TAFFETA,TOULIU,TOULIU,OTHERS,TAIWAN,Yes,,,,,,,,,,
REINFORCEMENT,1,RFYD27ST,"HMLS PET, 1670/2, 9.5x9.5 TPI, 27 EPI, ST - Cooper 4040
",Y,HYOSUNG CORPORATION,"Quang Nam, Vietnam",Quang Nam,Others,Vietnam,S10YD27ST,,,,,,,,,YD27ST,,, , ,Y,,Cooper Americas,,,,,,,,,,,,,,,,,,,,,,,,
REINFORCEMENT,1,RFYD27ST,"HMLS PET, 1670/2, 9.5x9.5 TPI, 27 EPI, ST - Cooper 4040
",Y,KOLON,BINH DUONG,,Others,Vietnam,S08YD27ST,,,,,,,,,YD27ST,,, , ,Y,,Cooper Americas,,,,,KOLON,BINH DUONG,,KOV,KOLON,BINH DUONG,BINH DUONG,OTHERS,VIETNAM,Yes,,,,,,,,,,
REINFORCEMENT,1,RFAH,"0.965MM BEAD WIRE - HIGH TENSILE
(Cooper Code 9011)",Y,KISWIRE,HONG DUK,Hong Duk,Others,South Korea,249AH,,,,,,,,,AH,,, , ,Y,,"EMEA, LA, NA",,,,,Kiswire - Bead Wire,"Hong Duk, South Korea",Hong Duk,JBU,KISWIRE,HONG DUK,HONG DUK,OTHERS,SOUTH KOREA,Yes,,,,,,,,,,
REINFORCEMENT,1,RFAH,"0.965MM BEAD WIRE - HIGH TENSILE
(Cooper Code 9011)",Y,KISWIRE,MALAYSIA,Jahor,Others,Malaysia,244AH,,,,,,,,,AH,,, , ,Y,,"EMEA, LA, NA",,,,,Kiswire - Bead Wire,MALAYSIA,Jahor,JAM,KISWIRE,MALAYSIA,JAHOR,OTHERS,MALAYSIA,Yes,,,,,,,,,,
REINFORCEMENT,1,RFAH,"0.965MM BEAD WIRE - HIGH TENSILE
(Cooper Code 9011)",Y,SHANDONG DAYE CO. LTD,SHANDONG XINXING INDUSTRIAL PARK,Shandong Province,Others,China,431AH,,,,,,,,,AH,,, , ,Y,,"EMEA, LA, NA",,,,,Shandong Daye Co. Ltd,Shandong XinXing Industrial Park,Shandong Province,JVD,SHANDONG DAYE CO. LTD,SHANDONG XINXING INDUSTRIAL PARK,SHANDONG PROVINCE,OTHERS,CHINA,Yes,,,,,,,,,,
REINFORCEMENT,1,RFFQ,3+2x.35 UT,Y,JIANGSU XINGDA,PLANT 9 - XING HUA,Xing Hua,Others,China,Z202FQ,,,,,,,,,FQ,,, , ,Y,,"AP, LA, NA",,,,,JIANGSU XINGDA,Plant 9 - Xing Hua,Xing Hua,JVW,JIANGSU XINGDA,PLANT 9 - XING HUA,XING HUA,OTHERS,CHINA,Yes,,,,,,,,,,
REINFORCEMENT,1,RFXD,3x.27 ST,Y,JIANGSU XINGDA,PLANT 9 - XING HUA,Xing Hua,Others,China,Z201XD,,,,,,,,,XD,,, , ,Y,,Cooper Americas,,,,,JIANGSU XINGDA,Plant 9 - Xing Hua,Xing Hua,JVW,JIANGSU XINGDA,PLANT 9 - XING HUA,XING HUA,OTHERS,CHINA,Yes,,,,,,,,,,
REINFORCEMENT,1,RFXD,3x.27 ST,N,BEKAERT,SHENYANG BSAP,Shenyang,Others,China,BG01XD,,,,,,,,,XD,,, , ,N,,Cooper Americas,,,,,BEKAERT,"Shenyang BSAP, China",Shenyang,JOH,BEKAERT,SHENYANG BSAP,SHENYANG,OTHERS,CHINA,Yes,,,,,,,,,,
REINFORCEMENT,1,RFXD,3x.27 ST,N,HYOSUNG CORPORATION,DONG NAI,Dong Nai,Others,Vietnam,C402XD,,,,,,,,,XD,,, , ,N,,Cooper Americas,,,,,HYOSUNG CORPORATION,"Dong Nai, Vietnam",Dong Nai,JPK,HYOSUNG CORPORATION,DONG NAI,DONG NAI,OTHERS,VIETNAM,Yes,,,,,,,,,,
REINFORCEMENT,1,RFXD,3x.27 ST,N,HYOSUNG CORPORATION,DONG NAI,Dong Nai,Others,Vietnam,C401XD,,,,,,,,,XD,,, , ,N,,Cooper Americas,,,,,HYOSUNG CORPORATION,"Dong Nai, Vietnam",Dong Nai,JPK,HYOSUNG CORPORATION,DONG NAI,DONG NAI,OTHERS,VIETNAM,Yes,,,,,,,,,,
REINFORCEMENT,1,RFXC,"2X.30 ST
(Cooper 9400/9401)",Y,BEKAERT,JIANGYIN,Jiangyin,Others,China,BD01XC,,,,,,,,,XC,,, , ,Y,,Cooper Asia,,,,,BEKAERT,"Jiangyin, China",Jiangyin,JTM,BEKAERT,JIANGYIN,JIANGYIN,OTHERS,CHINA,Yes,,,,,,,,,,
REINFORCEMENT,1,RFXC,"2X.30 ST
(Cooper 9400/9401)",Y,BEKAERT,IZMIT,"IZMIT, TURKEY",Others,Turkey,BA01XC,,,,,,,,,XC,,, , ,Y,,Cooper Europe,,,,,BEKAERT,"IZMIT, TURKEY","IZMIT, TURKEY",APK,BEKAERT,IZMIT,"IZMIT, TURKEY",OTHERS,TURKEY,Yes,,,,,,,,,,
REINFORCEMENT,1,RFXC,"2X.30 ST
(Cooper 9400/9401)",Y,BEKAERT,SHENYANG BSAP,Shenyang,Others,China,BG01XC,,,,,,,,,XC,,, , ,Y,,"Cooper Americas, Cooper Asia",,,,,BEKAERT,"Shenyang BSAP, China",Shenyang,JOH,BEKAERT,SHENYANG BSAP,SHENYANG,OTHERS,CHINA,Yes,,,,,,,,,,
REINFORCEMENT,1,RFXC,"2X.30 ST
(Cooper 9400/9401)",Y,JIANGSU XINGDA,PLANT 9 - XING HUA,Xing Hua,Others,China,Z201XC,,,,,,,,,XC,,, , ,Y,,Cooper Americas,,,,,JIANGSU XINGDA,Plant 9 - Xing Hua,Xing Hua,JVW,JIANGSU XINGDA,PLANT 9 - XING HUA,XING HUA,OTHERS,CHINA,Yes,,,,,,,,,,
REINFORCEMENT,1,RFXC,"2X.30 ST
(Cooper 9400/9401)",Y,HYOSUNG CORPORATION,DONG NAI - STEELCORD,Dong Nai,Others,Vietnam,C402XC,,,,,,,,,XC,,, , ,Y,,Cooper Americas,,,,,HYOSUNG CORPORATION,Dong Nai - Steelcord,Dong Nai,JTR,HYOSUNG CORPORATION,DONG NAI - STEELCORD,DONG NAI,OTHERS,VIETNAM,Yes,,,,,,,,,,
REINFORCEMENT,1,RFXC,"2X.30 ST
(Cooper 9400/9401)",Y,HYOSUNG CORPORATION,DONG NAI - STEELCORD,Dong Nai,Others,Vietnam,C401XC,,,,,,,,,XC,,, , ,Y,,Cooper Americas,,,,,HYOSUNG CORPORATION,Dong Nai - Steelcord,Dong Nai,JTR,HYOSUNG CORPORATION,DONG NAI - STEELCORD,DONG NAI,OTHERS,VIETNAM,Yes,,,,,,,,,,
REINFORCEMENT,1,RFTV27CX,"1670/1/2 HMLS PET 8.5x8.5 tpi, 27 epi, CX",Y,INDORAMA VENTURES MOBILITY,QUERETARO,QUERETARO,Others,Mexico,F12TV27CX,,,,,,,,,TV27CX,,, , ,Y,,"AP, EMEA, LA, NA",,,,,INDORAMA VENTURES MOBILITY (Performance Fibers),"QUERETARO, MEXICO",QUERETARO,BBJ,INDORAMA VENTURES MOBILITY,QUERETARO,QUERETARO,OTHERS,MEXICO,Yes,,,,,,,,,,
REINFORCEMENT,1,RFTV27CX,"1670/1/2 HMLS PET 8.5x8.5 tpi, 27 epi, CX",Y,INDORAMA VENTURES MOBILITY,QUERETARO,QUERETARO,Others,Mexico,U10TV27CX,,,,,,,,,TV27CX,,, , ,Y,,"AP, EMEA, LA, NA",,,,,INDORAMA VENTURES MOBILITY (Performance Fibers),"QUERETARO, MEXICO",QUERETARO,BBJ,INDORAMA VENTURES MOBILITY,QUERETARO,QUERETARO,OTHERS,MEXICO,Yes,,,,,,,,,,
REINFORCEMENT,1,RFTV27CN,"1670/1/2 PET, 8.5x8.5 tpi, 27 epi, CN",Y,INDORAMA VENTURES MOBILITY,QUERETARO,QUERETARO,Others,Mexico,F12TV27CN,,,,,,,,,TV27CN,,, , ,Y,,"AP, EMEA, LA, NA",,,,,INDORAMA VENTURES MOBILITY (Performance Fibers),"QUERETARO, MEXICO",QUERETARO,BBJ,INDORAMA VENTURES MOBILITY,QUERETARO,QUERETARO,OTHERS,MEXICO,Yes,,,,,,,,,,
REINFORCEMENT,1,RFTV27CN,"1670/1/2 PET, 8.5x8.5 tpi, 27 epi, CN",Y,INDORAMA VENTURES MOBILITY,QUERETARO,QUERETARO,Others,Mexico,U10TV27CN,,,,,,,,,TV27CN,,, , ,Y,,"AP, EMEA, LA, NA",,,,,INDORAMA VENTURES MOBILITY (Performance Fibers),"QUERETARO, MEXICO",QUERETARO,BBJ,INDORAMA VENTURES MOBILITY,QUERETARO,QUERETARO,OTHERS,MEXICO,Yes,,,,,,,,,,
REINFORCEMENT,1,RFTC27CN,"1100/1/2 PET, 12x12 tpi, 27 epi, CN",Y,INDORAMA VENTURES MOBILITY,QUERETARO,QUERETARO,Others,Mexico,F08TC27CN,,,,,,,,,TC27CN,,, , ,Y,,"AP, EMEA, LA, NA",,,,,INDORAMA VENTURES MOBILITY (Performance Fibers),"QUERETARO, MEXICO",QUERETARO,BBJ,INDORAMA VENTURES MOBILITY,QUERETARO,QUERETARO,OTHERS,MEXICO,Yes,,,,,,,,,,
REINFORCEMENT,1,RFRY28ST,"Rayon 1840/2 10.4x10.4 TPI, 28 EPI, ST - Cooper 3136
",Y,INDORAMA VENTURES MOBILITY,LUXEMBOURG,Steinfort,Others,Luxembourg,I21RY28ST,,,,,,,,,RY28ST,,, , ,Y,,"Cooper Asia, Cooper Europe",,,,,INDORAMA VENTURES MOBILITY LUXEMBOURG (Textilcord),Luxembourg,Steinfort,EGN,INDORAMA VENTURES MOBILITY,LUXEMBOURG,STEINFORT,OTHERS,LUXEMBOURG,Yes,,,,,,,,,,
REINFORCEMENT,1,RFXK,"3x.24/9x.225 CC HT 
(Cooper Code 9344)",Y,JIANGSU XINGDA,PLANT 8 - XING HUA,Xing Hua,Others,China,Z101XK,,,,,,,,,XK,,, , ,Y,,Cooper Asia,,,,,JIANGSU XINGDA,Plant 8 - Xing Hua,Xing Hua,JLA,JIANGSU XINGDA,PLANT 8 - XING HUA,XING HUA,OTHERS,CHINA,Yes,,,,,,,,,,
REINFORCEMENT,1,RFCL,1500/2 COTTON SINGLE END BLEEDER CORD,Y,TEXTIL ASSUF MALUF,SUMARE,Sumare,SP,Brazil,B44CL,,,,,,,,,CL,,, , ,Y,,"AP, EMEA, LA, NA",,,,,Textil Assuf Maluf,"Sumare, SP, Brazil",Sumare,,TEXTIL ASSUF MALUF,SUMARE,SUMARE,SP,BRAZIL,Yes,,,,,,,,,,
REINFORCEMENT,1,RFU46PCB,14s/1 Spun Polyester Bleeder - Blue,Y,SHUFORD YARNS,DUDLEY SHOALS,Granite Falls,NC,USA,U46PC/B,EASTBANK TEXTILES,MACON,Macon,GA,USA,,,,U46PCB,,, , ,Y,Y,"AP, EMEA, LA, NA",,"AP, EMEA, LA, NA",,,Shuford Yarns,Dudley Shoals,Granite Falls,FBH,SHUFORD YARNS,DUDLEY SHOALS,GRANITE FALLS,NC,USA,Yes,EASTBANK TEXTILES,Macon,Macon,,EASTBANK TEXTILES,MACON,MACON,GA,USA,Yes
REINFORCEMENT,1,RFU46PC,14s/1 Spun Polyester Bleeder,N,SHUFORD YARNS,DUDLEY SHOALS,Granite Falls,NC,USA,U46PC/B,,,,,,,,,U46PC,,, , ,N,,"AP, EMEA, LA, NA",,,,,Shuford Yarns,Dudley Shoals,Granite Falls,FBH,SHUFORD YARNS,DUDLEY SHOALS,GRANITE FALLS,NC,USA,Yes,,,,,,,,,,
REINFORCEMENT,1,RFU46PC,14s/1 Spun Polyester Bleeder,Y,SHUFORD YARNS,DUDLEY SHOALS,Granite Falls,NC,USA,U46PC,EASTBANK TEXTILES,MACON,Macon,GA,USA,,,,U46PC,,, , ,Y,Y,"AP, EMEA, LA, NA",,"AP, EMEA, LA, NA",,,Shuford Yarns,Dudley Shoals,Granite Falls,FBH,SHUFORD YARNS,DUDLEY SHOALS,GRANITE FALLS,NC,USA,Yes,EASTBANK TEXTILES,Macon,Macon,,EASTBANK TEXTILES,MACON,MACON,GA,USA,Yes
REINFORCEMENT,1,RFU46PB,12/2 POLYESTER BLEEDER CORD,Y,SHUFORD YARNS,DUDLEY SHOALS,Granite Falls,NC,USA,U46PB,,,,,,,,,U46PB,,, , ,Y,,"AP, EMEA, LA, NA",,,,,Shuford Yarns,Dudley Shoals,Granite Falls,FBH,SHUFORD YARNS,DUDLEY SHOALS,GRANITE FALLS,NC,USA,Yes,,,,,,,,,,
REINFORCEMENT,1,RFTM26CX,HMLS POLYESTER 2200/1/2  8.5X8.5 TPI 26 EPI CX,Y,HYOSUNG CORPORATION,DONG NAI,Dong Nai,Others,Vietnam,S06TM26CX,,,,,,,,,TM26CX,,, , ,Y,,"AP, EMEA, LA, NA",,,,,HYOSUNG CORPORATION,"Dong Nai, Vietnam",Dong Nai,JPK,HYOSUNG CORPORATION,DONG NAI,DONG NAI,OTHERS,VIETNAM,Yes,,,,,,,,,,
REINFORCEMENT,1,RFXJ,"3x.20+6x.35 HT
(Cooper 9331)",Y,JIAXING EASTERN,TENGZHOU EASTERN STEEL CORD CO. LTD,Tengzhou,Others,China,Y201XJ,,,,,,,,,XJ,,, , ,Y,,Cooper Asia,,,,,JIAXING EASTERN,Tengzhou Eastern Steel Cord Co. LTD,Tengzhou,JTK,JIAXING EASTERN,TENGZHOU EASTERN STEEL CORD CO. LTD,TENGZHOU,OTHERS,CHINA,Yes,,,,,,,,,,
REINFORCEMENT,1,RFXJ,"3x.20+6x.35 HT
(Cooper 9331)",Y,KISWIRE,RONGCHENG CITY,Rongcheng City,Others,China,F902XJ,,,,,,,,,XJ,,, , ,Y,,Cooper Asia,,,,,Kiswire - Bead Wire,Rongcheng City,Rongcheng City,ALJ,KISWIRE,RONGCHENG CITY,RONGCHENG CITY,OTHERS,CHINA,Yes,,,,,,,,,,
REINFORCEMENT,1,RFXJ,"3x.20+6x.35 HT
(Cooper 9331)",Y,KISWIRE,RONGCHENG CITY,Rongcheng City,Others,China,F901XJ,,,,,,,,,XJ,,, , ,Y,,Cooper Asia,,,,,Kiswire - Bead Wire,Rongcheng City,Rongcheng City,ALJ,KISWIRE,RONGCHENG CITY,RONGCHENG CITY,OTHERS,CHINA,Yes,,,,,,,,,,
REINFORCEMENT,1,RFXJ,"3x.20+6x.35 HT
(Cooper 9331)",Y,JIANGSU XINGDA,PLANT 9 - XING HUA,Xing Hua,Others,China,Z201XJ,,,,,,,,,XJ,,, , ,Y,,Cooper Asia,,,,,JIANGSU XINGDA,Plant 9 - Xing Hua,Xing Hua,JVW,JIANGSU XINGDA,PLANT 9 - XING HUA,XING HUA,OTHERS,CHINA,Yes,,,,,,,,,,
REINFORCEMENT,1,RFXH,"3X.22 HT
Cooper 9322",Y,BEKAERT,SLATINA,Slatina,Others,Romania,BQ01XH,,,,,,,,,XH,,, , ,Y,,Cooper Europe,,,,,BEKAERT,Slatina,Slatina,EOM,BEKAERT,SLATINA,SLATINA,OTHERS,ROMANIA,Yes,,,,,,,,,,
REINFORCEMENT,1,RFXG,"3X3X.20 HE HT
(Cooper 9341)",Y,BEKAERT,SLADKOVICOVO,SLADKOVICOVO,Others,Slovak Republic,BH01XG,,,,,,,,,XG,,, , ,Y,,Cooper Europe,,,,,BEKAERT,"SLADKOVICOVO, SLOVAK REPUBLIC",SLADKOVICOVO,EHK,BEKAERT,SLADKOVICOVO,SLADKOVICOVO,OTHERS,SLOVAK REPUBLIC,Yes,,,,,,,,,,
REINFORCEMENT,1,RFXP,"2+2x.25 HT
(Cooper 9347)",Y,KISWIRE,RONGCHENG CITY,Rongcheng City,Others,China,F901XP,,,,,,,,,XP,,, , ,Y,,Cooper Asia,,,,,KISWIRE,Rongcheng City,Rongcheng City,JRX,KISWIRE,RONGCHENG CITY,RONGCHENG CITY,OTHERS,CHINA,Yes,,,,,,,,,,
REINFORCEMENT,1,RFXP,"2+2x.25 HT
(Cooper 9347)",Y,HYOSUNG CORPORATION,SHANDONG,Shandong China,Others,China,C501XP,,,,,,,,,XP,,, , ,Y,,Cooper Asia,,,,,HYOSUNG CORPORATION,"Shandong, China",Shandong China,,HYOSUNG CORPORATION,SHANDONG,SHANDONG CHINA,OTHERS,CHINA,Yes,,,,,,,,,,
REINFORCEMENT,1,RFXE,".365+6x.35 HT OC
(Cooper 9326)",Y,BEKAERT,IZMIT,"IZMIT, TURKEY",Others,Turkey,BA01XE,,,,,,,,,XE,,, , ,Y,,Cooper Europe,,,,,BEKAERT,"IZMIT, TURKEY","IZMIT, TURKEY",APK,BEKAERT,IZMIT,"IZMIT, TURKEY",OTHERS,TURKEY,Yes,,,,,,,,,,
REINFORCEMENT,1,RFXD,3x.27 ST,Y,HYOSUNG CORPORATION,DONG NAI - STEELCORD,Dong Nai,Others,Vietnam,C402XD,,,,,,,,,XD,,, , ,Y,,Cooper Americas,"Americana, Chem Bayport, Chem Beaumont, Chem Houston, Chem Niagara Falls, Chile, Clarksdale, Colombia, Danville, Fayetteville, Guadalajara, ICM*A, Kingman, Lawton, Medicine Hat, NA-LA-AP Except AIRCRAFT, Napanee, Other, Peru, San Luis Potosi, Sao Paulo, Social Circle, Stockbridge, Tall Timbers, Topeka, Valleyfield",,,"Americana, Chem Bayport, Chem Beaumont, Chem Houston, Chem Niagara Falls, Chile, Clarksdale, Colombia, Danville, Fayetteville, Guadalajara, ICM*A, Kingman, Lawton, Medicine Hat, NA-LA-AP Except AIRCRAFT, Napanee, Other, Peru, San Luis Potosi, Sao Paulo, Social Circle, Stockbridge, Tall Timbers, Topeka, Valleyfield",HYOSUNG CORPORATION,Dong Nai - Steelcord,Dong Nai,JTR,HYOSUNG CORPORATION,DONG NAI - STEELCORD,DONG NAI,OTHERS,VIETNAM,Yes,,,,,,,,,,
REINFORCEMENT,1,RFNCG5ST,"NYLON 66, 940/2, 12x12 TPI, 28.5 EPI, ST - Cooper 4135
",Y,FORMOSA TAFFETA,TOULIU,TOULIOU,Others,Taiwan,U01NCG5ST,,,,,,,,,NCG5ST,,, , ,Y,,Cooper Europe,,,,,FORMOSA TAFFETA,"TOULIOU, TAIWAN",TOULIOU,JFM,FORMOSA TAFFETA,TOULIU,TOULIU,OTHERS,TAIWAN,Yes,,,,,,,,,,
REINFORCEMENT,1,RFNCG5ST,"NYLON 66, 940/2, 12x12 TPI, 28.5 EPI, ST - Cooper 4135
",Y,INDORAMA VENTURES MOBILITY,LUXEMBOURG,Steinfort,Others,Luxembourg,G08NCG5ST,,,,,,,,,NCG5ST,,, , ,Y,,Cooper Europe,,,,,INDORAMA VENTURES MOBILITY LUXEMBOURG (Textilcord),Luxembourg,Steinfort,EGN,INDORAMA VENTURES MOBILITY,LUXEMBOURG,STEINFORT,OTHERS,LUXEMBOURG,Yes,,,,,,,,,,
REINFORCEMENT,1,RFNCG5SU,"NYLON 66, 940/2, 12x12 TPI, 28.5 EPI, SU - Cooper 4131
",Y,FORMOSA TAFFETA,TOULIU,TOULIOU,Others,Taiwan,U01NCG5SU,,,,,,,,,NCG5SU,,, , ,Y,,Cooper Europe,,,,,FORMOSA TAFFETA,"TOULIOU, TAIWAN",TOULIOU,JFM,FORMOSA TAFFETA,TOULIU,TOULIU,OTHERS,TAIWAN,Yes,,,,,,,,,,
REINFORCEMENT,1,RFNCG5SU,"NYLON 66, 940/2, 12x12 TPI, 28.5 EPI, SU - Cooper 4131
",Y,INDORAMA VENTURES MOBILITY,LUXEMBOURG,Steinfort,Others,Luxembourg,G08NCG5SU,,,,,,,,,NCG5SU,,, , ,Y,,Cooper Europe,,,,,INDORAMA VENTURES MOBILITY LUXEMBOURG (Textilcord),Luxembourg,Steinfort,EGN,INDORAMA VENTURES MOBILITY,LUXEMBOURG,STEINFORT,OTHERS,LUXEMBOURG,Yes,,,,,,,,,,
REINFORCEMENT,1,RFNCG5SU,"NYLON 66, 940/2, 12x12 TPI, 28.5 EPI, SU - Cooper 4131
",Y,KORDSA,IZMIT,Izmit,Others,Turkey,Z02NCG5SU,,,,,,,,,NCG5SU,,, , ,Y,,Cooper Europe,,,,,KORDSA,"Izmit, Turkey",Izmit,BXD,KORDSA,IZMIT,IZMIT,OTHERS,TURKEY,Yes,,,,,,,,,,
REINFORCEMENT,1,RFNCD4SU,"NYLON 66, 940/2, 12x12 TPI, 24.4 EPI, SU - Cooper 4118
",Y,FORMOSA TAFFETA,TOULIU,TOULIOU,Others,Taiwan,U01NCD4SU,,,,,,,,,NCD4SU,,, , ,Y,,Cooper Europe,,,,,FORMOSA TAFFETA,"TOULIOU, TAIWAN",TOULIOU,JFM,FORMOSA TAFFETA,TOULIU,TOULIU,OTHERS,TAIWAN,Yes,,,,,,,,,,
REINFORCEMENT,1,RFTJ26ST,"HMLS PET, 1100/2, 11.5x11.5 TPI, 26 epi, ST - Cooper 4026",Y,HYOSUNG CORPORATION,DONG NAI,Dong Nai,Others,Vietnam,S04TJ26ST,,,,,,,,,TJ26ST,,, , ,Y,,Cooper Americas,,,,,HYOSUNG CORPORATION,"Dong Nai, Vietnam",Dong Nai,JPK,HYOSUNG CORPORATION,DONG NAI,DONG NAI,OTHERS,VIETNAM,Yes,,,,,,,,,,
REINFORCEMENT,1,RFTD27ST,"HMLS PET, 1670/2, 9.5x9.5 TPI, 27 EPI, ST - Cooper 4023
",Y,INDORAMA VENTURES MOBILITY,QUERETARO,QUERETARO,Others,Mexico,M18TD27ST,,,,,,,,,TD27ST,,, , ,Y,,Cooper Americas,,,,,INDORAMA VENTURES MOBILITY (Performance Fibers),"QUERETARO, MEXICO",QUERETARO,BBJ,INDORAMA VENTURES MOBILITY,QUERETARO,QUERETARO,OTHERS,MEXICO,Yes,,,,,,,,,,
REINFORCEMENT,1,RFTD27ST,"HMLS PET, 1670/2, 9.5x9.5 TPI, 27 EPI, ST - Cooper 4023
",Y,HYOSUNG CORPORATION,DONG NAI,Dong Nai,Others,Vietnam,S02TD27ST,,,,,,,,,TD27ST,,, , ,Y,,Cooper Americas,,,,,HYOSUNG CORPORATION,"Dong Nai, Vietnam",Dong Nai,JPK,HYOSUNG CORPORATION,DONG NAI,DONG NAI,OTHERS,VIETNAM,Yes,,,,,,,,,,
REINFORCEMENT,1,RFTD27ST,"HMLS PET, 1670/2, 9.5x9.5 TPI, 27 EPI, ST - Cooper 4023
",Y,KOLON,GUMI,Gumi,Others,South Korea,K27TD27ST,,,,,,,,,TD27ST,,, , ,Y,,Cooper Americas,,,,,KOLON,"Gumi, South Korea",Gumi,BJZ,KOLON,GUMI,GUMI,OTHERS,SOUTH KOREA,Yes,,,,,,,,,,
REINFORCEMENT,1,RFUG,1X.20/18X.175 ST,Y,JIANGSU XINGDA,PLANT 8 - XING HUA,Xing Hua,Others,China,Z102UG,,,,,,,,,UG,,, , ,Y,,"AP, EMEA, LA, NA",,,,,JIANGSU XINGDA,Plant 8 - Xing Hua,Xing Hua,JLA,JIANGSU XINGDA,PLANT 8 - XING HUA,XING HUA,OTHERS,CHINA,Yes,,,,,,,,,,
REINFORCEMENT,1,RFWL,2x.295 HT,Y,BEKAERT,KARAWANG,KARAWANG,Others,Indonesia,BE02WL,,,,,,,,,WL,,, , ,Y,,"AP, EMEA, LA, NA",,,,,BEKAERT,"KARAWANG, INDONESIA",KARAWANG,JBP,BEKAERT,KARAWANG,KARAWANG,OTHERS,INDONESIA,Yes,,,,,,,,,,
REINFORCEMENT,1,RFXC,"2X.30 ST
(Cooper 9400/9401)",Y,BEKAERT,VIETNAM,,Others,Vietnam,BR01XC,,,,,,,,,XC,,, , ,Y,,"Cooper Americas, Cooper Asia, Cooper Europe",,,,,BEKAERT,BEKAERT VIETNAM,,,BEKAERT,VIETNAM,,OTHERS,VIETNAM,Yes,,,,,,,,,,
REINFORCEMENT,1,RFBH,"1.295MM BEAD WIRE - HIGH TENSILE 
(Cooper 9021/9906/9001)",Y,JIANGSU XINGDA,PLANT 2 - XING HUA,XIng Hua,Others,China,401BH,,,,,,,,,BH,,, , ,Y,,AP,,,,,JIANGSU XINGDA,Plant 2 - Xing Hua,XIng Hua,JXB,JIANGSU XINGDA,PLANT 2 - XING HUA,XING HUA,OTHERS,CHINA,Yes,,,,,,,,,,
REINFORCEMENT,1,RFGH,"1.58MM HT
(Cooper 9025)",Y,KISWIRE,PINE BLUFF,Pine Bluff,AR,USA,247GH,,,,,,,,,GH,,, , ,Y,,Cooper Americas,,,,,Kiswire - Bead Wire,Pine Bluff,Pine Bluff,APM,KISWIRE,PINE BLUFF,PINE BLUFF,AR,USA,No,,,,,,,,,,
REINFORCEMENT,1,RFEJ,19X.22 +6X 1X.22/18X.20 +1 HT,Y,HYOSUNG CORPORATION,DONG NAI - STEELCORD,Dong Nai,Others,Vietnam,C402EJ,,,,,,,,,EJ,,, , ,Y,,"AP, EMEA, LA, NA",,,,,HYOSUNG CORPORATION,Dong Nai - Steelcord,Dong Nai,JTR,HYOSUNG CORPORATION,DONG NAI - STEELCORD,DONG NAI,OTHERS,VIETNAM,Yes,,,,,,,,,,
REINFORCEMENT,1,RFEB,4X6X.265HE-HT,N,SUMITOMO ELECTRIC INDUSTRIES,TOCHIGI,TOCHIGI,Others,Japan,Q101EB,,,,,,,,,EB,,, , ,N,,NA,,,,,SUMITOMO ELECTRIC INDUSTRIES,"TOCHIGI, JAPAN",TOCHIGI,LAG,SUMITOMO ELECTRIC INDUSTRIES,TOCHIGI,TOCHIGI,OTHERS,JAPAN,Yes,,,,,,,,,,
REINFORCEMENT,1,RFRY28ST,"Rayon 1840/2 10.4x10.4 TPI, 28 EPI, ST - Cooper 3136
",Y,CORDENKA,OBERNBURG,OBERNBURG,Others,Germany,G52RY28ST,,,,,,,,,RY28ST,,, , ,Y,,Cooper Europe,,,,,CORDENKA,"OBERNBURG, GERMANY",OBERNBURG,EHY,CORDENKA,OBERNBURG,OBERNBURG,OTHERS,GERMANY,Yes,,,,,,,,,,
REINFORCEMENT,1,RFRY28ST,"Rayon 1840/2 10.4x10.4 TPI, 28 EPI, ST - Cooper 3136
",Y,KORDARNA,VELKA NAD VELICKOU,Velka nad Velickou,Others,Czech Republic,I07RY28ST,,,,,,,,,RY28ST,,, , ,Y,,Cooper Europe,,,,,Kordarna,Velka nad Velickou,Velka nad Velickou,LTH,KORDARNA,VELKA NAD VELICKOU,VELKA NAD VELICKOU,OTHERS,CZECH REPUBLIC,Yes,,,,,,,,,,
REINFORCEMENT,1,RFRY28ST,"Rayon 1840/2 10.4x10.4 TPI, 28 EPI, ST - Cooper 3136
",Y,INDORAMA VENTURES MOBILITY,LUXEMBOURG,Steinfort,Others,Luxembourg,Q10RY28ST,,,,,,,,,RY28ST,,, , ,Y,,"Cooper Asia, Cooper Europe",,,,,INDORAMA VENTURES MOBILITY LUXEMBOURG (Textilcord),Luxembourg,Steinfort,EGN,INDORAMA VENTURES MOBILITY,LUXEMBOURG,STEINFORT,OTHERS,LUXEMBOURG,Yes,,,,,,,,,,
REINFORCEMENT,1,RFBV28SV,"NYLON 66, 1400/1, 5 TPI, 28 EPI, SV - Cooper 4062
",Y,HYOSUNG CORPORATION,DONG NAI,Dong Nai,Others,Vietnam,S02BV28SV,,,,,,,,,BV28SV,,, , ,Y,,Cooper Americas,,,,,HYOSUNG CORPORATION,"Dong Nai, Vietnam",Dong Nai,JPK,HYOSUNG CORPORATION,DONG NAI,DONG NAI,OTHERS,VIETNAM,Yes,,,,,,,,,,
REINFORCEMENT,1,RFTD25ST,"HMLS PET, 1670/2, 9.5x9.5 TPI, 25 EPI, ST - Cooper 4021
",Y,HYOSUNG CORPORATION,ULSAN,Ulsan,Others,South Korea,K26TD25ST,,,,,,,,,TD25ST,,, , ,Y,,Cooper Americas,,,,,HYOSUNG CORPORATION,"Ulsan, South Korea",Ulsan,JAJ,HYOSUNG CORPORATION,ULSAN,ULSAN,OTHERS,SOUTH KOREA,Yes,,,,,,,,,,
REINFORCEMENT,1,RFTD25ST,"HMLS PET, 1670/2, 9.5x9.5 TPI, 25 EPI, ST - Cooper 4021
",Y,HYOSUNG CORPORATION,DONG NAI,Dong Nai,Others,Vietnam,S02TD25ST,,,,,,,,,TD25ST,,, , ,Y,,Cooper Americas,,,,,HYOSUNG CORPORATION,"Dong Nai, Vietnam",Dong Nai,JPK,HYOSUNG CORPORATION,DONG NAI,DONG NAI,OTHERS,VIETNAM,Yes,,,,,,,,,,
REINFORCEMENT,1,RFSCE4ST,"HMLS PET, 1100/2, 12x12 TPI, 25.4 EPI, ST - Cooper 4014
",Y,HYOSUNG CORPORATION,"Jiaxing, China",Jiaxing,Others,China,U23SCE4ST,,,,,,,,,SCE4ST,,, , ,Y,,Cooper Asia,,,,,,,,,,,,,,,,,,,,,,,,
REINFORCEMENT,1,RFRQ24ST,"Rayon 2440/2 9.9x9.9 TPI, 24 EPI, ST - Cooper 3140",Y,KORDARNA,VELKA NAD VELICKOU,Velka nad Velickou,Others,Czech Republic,I14RQ24ST,,,,,,,,,RQ24ST,,, , ,Y,,Cooper Europe,,,,,Kordarna,Velka nad Velickou,Velka nad Velickou,LTH,KORDARNA,VELKA NAD VELICKOU,VELKA NAD VELICKOU,OTHERS,CZECH REPUBLIC,Yes,,,,,,,,,,
REINFORCEMENT,1,RFXQ,"3+8x.38 ST
(Cooper 9210)",Y,BEKAERT,SHANDONG,Weihai City,Others,China,BR01XQ,,,,,,,,,XQ,,, , ,Y,,Cooper Asia,,,,,BEKAERT,"Shandong, China",Weihai City,AJK,BEKAERT,SHANDONG,WEIHAI CITY,OTHERS,CHINA,Yes,,,,,,,,,,
REINFORCEMENT,1,RFXN,"1x.25+(6+12x.225) HT
(Cooper 9329)",Y,JIANGSU XINGDA,PLANT 5 - JIANGSU,Xinghua City,Others,China,Z401XN,,,,,,,,,XN,,, , ,Y,,Cooper Asia,,,,,JIANGSU XINGDA,Plant 5 - Jiangsu,Xinghua City,XP5,JIANGSU XINGDA,PLANT 5 - JIANGSU,XINGHUA CITY,OTHERS,CHINA,Yes,,,,,,,,,,
REINFORCEMENT,1,RFXM,"5x.35 HI
(Cooper 9351)",Y,JIANGSU XINGDA,PLANT 5 - JIANGSU,Xinghua City,Others,China,Z401XM,,,,,,,,,XM,,, , ,Y,,Cooper Asia,,,,,JIANGSU XINGDA,Plant 5 - Jiangsu,Xinghua City,XP5,JIANGSU XINGDA,PLANT 5 - JIANGSU,XINGHUA CITY,OTHERS,CHINA,Yes,,,,,,,,,,
REINFORCEMENT,1,RFXL,"3x7x.20 HE 
(Cooper 9349)",Y,JIANGSU XINGDA,PLANT 5 - JIANGSU,Xinghua City,Others,China,Z401XL,,,,,,,,,XL,,, , ,Y,,Cooper Asia,,,,,JIANGSU XINGDA,Plant 5 - Jiangsu,Xinghua City,XP5,JIANGSU XINGDA,PLANT 5 - JIANGSU,XINGHUA CITY,OTHERS,CHINA,Yes,,,,,,,,,,
REINFORCEMENT,1,RFXP,"2+2x.25 HT
(Cooper 9347)",Y,KISWIRE,RONGCHENG CITY,Rongcheng City,Others,China,F902XP,,,,,,,,,XP,,, , ,Y,,Cooper Asia,,,,,KISWIRE,Rongcheng City,Rongcheng City,JRX,KISWIRE,RONGCHENG CITY,RONGCHENG CITY,OTHERS,CHINA,Yes,,,,,,,,,,
REINFORCEMENT,1,RFUK,2+2x.35 ST,Y,KISWIRE,NEWBERRY,Newberry,SC,USA,F401UK,,,,,,,,,UK,,, , ,Y,,"LA, NA",,,,,KISWIRE,"Newberry, SC, USA",Newberry,ALD,KISWIRE,NEWBERRY,NEWBERRY,SC,USA,No,,,,,,,,,,
REINFORCEMENT,1,RFSCE4ST,"HMLS PET, 1100/2, 12x12 TPI, 25.4 EPI, ST - Cooper 4014
",Y,Jangsu Taiji Industry New Materials Co,"Yangzhou, China",Yangzhou,Others,China,U26SCE4ST,,,,,,,,,SCE4ST,,, , ,Y,,Cooper Asia,,,,,,,,,,,,,,,,,,,,,,,,
REINFORCEMENT,1,RFNCG5ST,"NYLON 66, 940/2, 12x12 TPI, 28.5 EPI, ST - Cooper 4135
",Y,KORDSA,IZMIT,Izmit,Others,Turkey,Z02NCG5ST,,,,,,,,,NCG5ST,,, , ,Y,,Cooper Europe,,,,,KORDSA,"Izmit, Turkey",Izmit,BXD,KORDSA,IZMIT,IZMIT,OTHERS,TURKEY,Yes,,,,,,,,,,
REINFORCEMENT,1,RFXC,"2X.30 ST
(Cooper 9400/9401)",Y,JIAXING EASTERN,TENGZHOU EASTERN STEEL CORD CO. LTD,Tengzhou,Others,China,Y201XC,,,,,,,,,XC,,, , ,Y,,Cooper Asia,,,,,JIAXING EASTERN,Tengzhou Eastern Steel Cord Co. LTD,Tengzhou,JTK,JIAXING EASTERN,TENGZHOU EASTERN STEEL CORD CO. LTD,TENGZHOU,OTHERS,CHINA,Yes,,,,,,,,,,
REINFORCEMENT,1,RFUG,1X.20/18X.175 ST,Y,BEKAERT,IZMIT,"IZMIT, TURKEY",Others,Turkey,BA02UG,,,,,,,,,UG,,, , ,Y,,"AP, EMEA, LA",,,,,BEKAERT,"IZMIT, TURKEY","IZMIT, TURKEY",APK,BEKAERT,IZMIT,"IZMIT, TURKEY",OTHERS,TURKEY,Yes,,,,,,,,,,
REINFORCEMENT,1,RFXD,3x.27 ST,Y,BEKAERT,SHENYANG BSSC,Shenyang,Others,China,BG01XD,,,,,,,,,XD,,, , ,Y,,Cooper Americas,"Chem Bayport, Chem Beaumont, Chem Houston, Chem Niagara Falls, Chile, Clarksdale, Danville, Fayetteville, Findlay, ICM*A, Kingman, Lawton, Medicine Hat, NA-LA-AP Except AIRCRAFT, Napanee, Other, San Luis Potosi, Social Circle, Stockbridge, Tall Timbers, Topeka, Valleyfield",,,"Chem Bayport, Chem Beaumont, Chem Houston, Chem Niagara Falls, Chile, Clarksdale, Danville, Fayetteville, Findlay, ICM*A, Kingman, Lawton, Medicine Hat, NA-LA-AP Except AIRCRAFT, Napanee, Other, San Luis Potosi, Social Circle, Stockbridge, Tall Timbers, Topeka, Valleyfield",BEKAERT,"Shenyang BSSC, China",Shenyang,JJA,BEKAERT,SHENYANG BSSC,SHENYANG,OTHERS,CHINA,Yes,,,,,,,,,,
REINFORCEMENT,1,RFXD,3x.27 ST,Y,HYOSUNG CORPORATION,DONG NAI - STEELCORD,Dong Nai,Others,Vietnam,C401XD,,,,,,,,,XD,,, , ,Y,,Cooper Americas,"Chem Bayport, Chem Beaumont, Chem Houston, Chem Niagara Falls, Chile, Clarksdale, Danville, Fayetteville, Findlay, ICM*A, Kingman, Lawton, Medicine Hat, NA-LA-AP Except AIRCRAFT, Napanee, Other, San Luis Potosi, Social Circle, Stockbridge, Tall Timbers, Topeka, Valleyfield",,,"Chem Bayport, Chem Beaumont, Chem Houston, Chem Niagara Falls, Chile, Clarksdale, Danville, Fayetteville, Findlay, ICM*A, Kingman, Lawton, Medicine Hat, NA-LA-AP Except AIRCRAFT, Napanee, Other, San Luis Potosi, Social Circle, Stockbridge, Tall Timbers, Topeka, Valleyfield",HYOSUNG CORPORATION,Dong Nai - Steelcord,Dong Nai,JTR,HYOSUNG CORPORATION,DONG NAI - STEELCORD,DONG NAI,OTHERS,VIETNAM,Yes,,,,,,,,,,
REINFORCEMENT,1,RFL22A,3300 dtex aramid Twaron 2300,Y,TEIJIN ARAMID,EERSTE BOKSLOOTWEG,Emmen,Others,Netherlands,Twaron 2300,,,,,,,,,L22A,,, , ,Y,,"AP, EMEA, LA, NA",,,,,Teijin Aramid,"Eerste Bokslootweg, Emmen, Netherlands",Emmen,,TEIJIN ARAMID,EERSTE BOKSLOOTWEG,EMMEN,OTHERS,NETHERLANDS,Yes,,,,,,,,,,
REINFORCEMENT,1,RFJH,0.89MM BEAD WIRE - HIGH TENSILE,Y,KISWIRE,HONG DUK,Hong Duk,Others,South Korea,242JH,,,,,,,,,JH,,, , ,Y,,"AP, EMEA, LA, NA",,,,,KISWIRE,"Hong Duk, South Korea",Hong Duk,JBU,KISWIRE,HONG DUK,HONG DUK,OTHERS,SOUTH KOREA,No,,,,,,,,,,
REINFORCEMENT,1,RFYD27ST,"HMLS PET, 1670/2, 9.5x9.5 TPI, 27 EPI, ST - Cooper 4040
",N,HYOSUNG CORPORATION,DONG NAI,Dong Nai,Others,Vietnam,S09YD27ST,,,,,,,,,YD27ST,,, , ,N,,Cooper Americas,,,,,HYOSUNG CORPORATION,"Dong Nai, Vietnam",Dong Nai,JPK,HYOSUNG CORPORATION,DONG NAI,DONG NAI,OTHERS,VIETNAM,Yes,,,,,,,,,,
REINFORCEMENT,1,RFAX24YR,Aramid fabric for NA RAce,Y,KORDSA,IZMIT,Izmit,Others,Turkey,152AX24YR,,,,,,,,,AX24YR,,, , ,Y,,NA,,,,,KORDSA,"Izmit, Turkey",Izmit,BXD,KORDSA,IZMIT,IZMIT,OTHERS,TURKEY,Yes,,,,,,,,,,
REINFORCEMENT,1,RFUK,2+2x.35 ST,Y,JIANGSU XINGDA,PLANT 9 - XING HUA,Xing Hua,Others,China,Z202UK,,,,,,,,,UK,,, , ,Y,,"AP, EMEA, LA, NA",,,,,JIANGSU XINGDA,Plant 9 - Xing Hua,Xing Hua,JVW,JIANGSU XINGDA,PLANT 9 - XING HUA,XING HUA,OTHERS,CHINA,Yes,,,,,,,,,,
REINFORCEMENT,1,RFFN,4+3x.35 UT,Y,JIANGSU XINGDA,PLANT 9 - XING HUA,Xing Hua,Others,China,Z202FN,,,,,,,,,FN,,, , ,Y,,"AP, EMEA, LA, NA",,,,,JIANGSU XINGDA,Plant 9 - Xing Hua,Xing Hua,JVW,JIANGSU XINGDA,PLANT 9 - XING HUA,XING HUA,OTHERS,CHINA,Yes,,,,,,,,,,
REINFORCEMENT,1,RFNC21JA,"NYLON 6,6  940/1/2 12x12 TPI 21EPI JA",Y,HYOSUNG CORPORATION,DECATUR,Decatur,AL,USA,S01NC21JA,,,,,,,,,NC21JA,,, , ,Y,,"LA, NA",,,,,HYOSUNG CORPORATION,"Decatur, AL, USA",Decatur,AIT,HYOSUNG CORPORATION,DECATUR,DECATUR,AL,USA,Yes,,,,,,,,,,
REINFORCEMENT,1,RFNF28SV,"NYLON 66, 1400/1/2, 10x10 TPI, 28 EPI, SV - Cooper 4056
",Y,SHENMA INDUSTRIAL,PINGDINGSHAN - HENAN,Henan,Others,China,U02NF28SV,,,,,,,,,NF28SV,,, , ,Y,,Cooper Americas,,,,,Shenma Industrial,"Henan, China",Henan,JFC,SHENMA INDUSTRIAL,PINGDINGSHAN - HENAN,HENAN,OTHERS,CHINA,No,,,,,,,,,,
REINFORCEMENT,1,RFNF28SV,"NYLON 66, 1400/1/2, 10x10 TPI, 28 EPI, SV - Cooper 4056
",Y,HYOSUNG CORPORATION,DONG NAI,Dong Nai,Others,Vietnam,S02NF28SV,,,,,,,,,NF28SV,,, , ,Y,,"Cooper Americas, Cooper Asia",,,,,HYOSUNG CORPORATION,"Dong Nai, Vietnam",Dong Nai,JPK,HYOSUNG CORPORATION,DONG NAI,DONG NAI,OTHERS,VIETNAM,Yes,,,,,,,,,,
REINFORCEMENT,1,RFNC30SV,"NYLON 66, 940/1/2, 12x12 TPI, 30 EPI, SV - Cooper 4052",Y,SHENMA INDUSTRIAL,PINGDINGSHAN - HENAN,Henan,Others,China,U01NC30SV,,,,,,,,,NC30SV,,, , ,Y,,"Cooper Americas, Cooper Asia",,,,,Shenma Industrial,"Henan, China",Henan,JFC,SHENMA INDUSTRIAL,PINGDINGSHAN - HENAN,HENAN,OTHERS,CHINA,No,,,,,,,,,,
REINFORCEMENT,1,RFNC30SV,"NYLON 66, 940/1/2, 12x12 TPI, 30 EPI, SV - Cooper 4052",Y,HYOSUNG CORPORATION,DONG NAI,Dong Nai,Others,Vietnam,S01NC30SV,,,,,,,,,NC30SV,,, , ,Y,,"Cooper Americas, Cooper Asia",,,,,HYOSUNG CORPORATION,"Dong Nai, Vietnam",Dong Nai,JPK,HYOSUNG CORPORATION,DONG NAI,DONG NAI,OTHERS,VIETNAM,Yes,,,,,,,,,,
REINFORCEMENT,1,RFCB20YF,"MERGED CORD 1100DTEX ARAMID/940 DTEX NYLON 6,6 20 EPI YF",Y,KORDSA,IZMIT,Izmit,Others,Turkey,AN2CB20YF,,,,,,,,,CB20YF,,, , ,Y,,EMEA,,,,,KORDSA,"Izmit, Turkey",Izmit,BXD,KORDSA,IZMIT,IZMIT,OTHERS,TURKEY,Yes,,,,,,,,,,
REINFORCEMENT,1,RFUU,1X.22/18X.20 ST WIRE,Y,JIANGSU XINGDA,PLANT 8 - XING HUA,Xing Hua,Others,China,Z102UU,,,,,,,,,UU,,, , ,Y,,"AP, EMEA, LA, NA",,,,,JIANGSU XINGDA,Plant 8 - Xing Hua,Xing Hua,JLA,JIANGSU XINGDA,PLANT 8 - XING HUA,XING HUA,OTHERS,CHINA,Yes,,,,,,,,,,
REINFORCEMENT,1,RFWY,2+2x.22UT,Y,KISWIRE,SZENTGOTTHARD,Szentgotth¿rd,Others,Hungary,FA01WY,,,,,,,,,WY,,, , ,Y,,"AP, EMEA, LA, NA",,,,,KISWIRE,Szentgotth¿rd,Szentgotth¿rd,EGA,KISWIRE,SZENTGOTTHARD,SZENTGOTTHARD,OTHERS,HUNGARY,Yes,,,,,,,,,,
REINFORCEMENT,1,RFUG,1X.20/18X.175 ST,Y,HYOSUNG CORPORATION,DONG NAI - STEELCORD,Dong Nai,Others,Vietnam,C402UG,,,,,,,,,UG,,, , ,Y,,"AP, EMEA, LA, NA",,,,,HYOSUNG CORPORATION,Dong Nai - Steelcord,Dong Nai,JTR,HYOSUNG CORPORATION,DONG NAI - STEELCORD,DONG NAI,OTHERS,VIETNAM,Yes,,,,,,,,,,
REINFORCEMENT,1,RFFQ,3+2x.35 UT,Y,HYOSUNG CORPORATION,DONG NAI - STEELCORD,Dong Nai,Others,Vietnam,C402FQ,,,,,,,,,FQ,,, , ,Y,,"AP, EMEA, LA, NA",,,,,HYOSUNG CORPORATION,Dong Nai - Steelcord,Dong Nai,JTR,HYOSUNG CORPORATION,DONG NAI - STEELCORD,DONG NAI,OTHERS,VIETNAM,Yes,,,,,,,,,,
REINFORCEMENT,1,RFBE01US,3+2X.35 ST,N,BEKAERT,KARAWANG,KARAWANG,Others,Indonesia,BE01US,,,,,,,,,BE01US,,, , ,N,,"AP, EMEA, NA",,,,,BEKAERT,"KARAWANG, INDONESIA",KARAWANG,JBP,BEKAERT,KARAWANG,KARAWANG,OTHERS,INDONESIA,Yes,,,,,,,,,,
REINFORCEMENT,1,RFGH,"1.58MM HT
(Cooper 9025)",Y,BEKAERT,ROME,Rome,GA,USA,022GH,,,,,,,,,GH,,, , ,Y,,Cooper Americas,,,,,BEKAERT,"Rome, GA, USA",Rome,AJJ,BEKAERT,ROME,ROME,GA,USA,Yes,,,,,,,,,,
REINFORCEMENT,1,RFGH,"1.58MM HT
(Cooper 9025)",N,NATIONAL STANDARD,STILLWATER,,OK,USA,142GH,,,,,,,,,GH,,, , ,N,,Cooper Americas,,,,,NATIONAL STANDARD,Stillwater OK,,AKH,NATIONAL STANDARD,STILLWATER,STILLWATER,OK,USA,Yes,,,,,,,,,,
REINFORCEMENT,2,RFCG01VI,Production code of HS0004,Y,KORDSA,IZMIT,Izmit,Others,Turkey,DY2CG01VI,,,,,,,,,CG01VI,,, , ,Y,,"AP, NA",,,,,KORDSA,"Izmit, Turkey",Izmit,BXD,KORDSA,IZMIT,IZMIT,OTHERS,TURKEY,Yes,,,,,,,,,,
REINFORCEMENT,1,RFLR,1.55 mm NT (Cooper 9015),Y,KISWIRE,RONGCHENG CITY,Rongcheng City,Others,China,252LR,,,,,,,,,LR,,, , ,Y,,Cooper Asia,CKT - Kunshan,,,CKT - Kunshan,Kiswire - Bead Wire,Rongcheng City,Rongcheng City,ALJ,KISWIRE,RONGCHENG CITY,RONGCHENG CITY,OTHERS,CHINA,Yes,,,,,,,,,,
REINFORCEMENT,1,RFGH,"1.58MM HT
(Cooper 9025)",Y,SHANDONG DAYE CO. LTD,SHANDONG XINXING INDUSTRIAL PARK,Shandong Province,Others,China,431GH,,,,,,,,,GH,,, , ,Y,,Cooper Americas,,,,,Shandong Daye Co. Ltd,Shandong XinXing Industrial Park,Shandong Province,JVD,SHANDONG DAYE CO. LTD,SHANDONG XINXING INDUSTRIAL PARK,SHANDONG PROVINCE,OTHERS,CHINA,Yes,,,,,,,,,,
REINFORCEMENT,1,RFEE,5/8/14X.265+1ST,Y,HYOSUNG CORPORATION,DONG NAI - STEELCORD,Dong Nai,Others,Vietnam,C402EE,,,,,,,,,EE,,, , ,Y,,"AP, EMEA, LA, NA",,,,,HYOSUNG CORPORATION,Dong Nai - Steelcord,Dong Nai,JTR,HYOSUNG CORPORATION,DONG NAI - STEELCORD,DONG NAI,OTHERS,VIETNAM,Yes,,,,,,,,,,
REINFORCEMENT,1,RFFN,4+3x.35 UT,Y,HYOSUNG CORPORATION,DONG NAI - STEELCORD,Dong Nai,Others,Vietnam,C402FN,,,,,,,,,FN,,, , ,Y,,"AP, EMEA, LA, NA",,,,,HYOSUNG CORPORATION,Dong Nai - Steelcord,Dong Nai,JTR,HYOSUNG CORPORATION,DONG NAI - STEELCORD,DONG NAI,OTHERS,VIETNAM,Yes,,,,,,,,,,
REINFORCEMENT,1,RFWY,2+2x.22UT,Y,HYOSUNG CORPORATION,DONG NAI - STEELCORD,Dong Nai,Others,Vietnam,C402WY,,,,,,,,,WY,,, , ,Y,,"AP, EMEA, LA, NA",,,,,HYOSUNG CORPORATION,Dong Nai - Steelcord,Dong Nai,JTR,HYOSUNG CORPORATION,DONG NAI - STEELCORD,DONG NAI,OTHERS,VIETNAM,Yes,,,,,,,,,,
REINFORCEMENT,1,RFUM,3X.22/9X.20+1 HT,Y,HYOSUNG CORPORATION,DONG NAI - STEELCORD,Dong Nai,Others,Vietnam,C402UM,,,,,,,,,UM,,, , ,Y,,"AP, EMEA, LA, NA",,,,,HYOSUNG CORPORATION,Dong Nai - Steelcord,Dong Nai,JTR,HYOSUNG CORPORATION,DONG NAI - STEELCORD,DONG NAI,OTHERS,VIETNAM,Yes,,,,,,,,,,
REINFORCEMENT,1,RFTV27CN,"1670/1/2 PET, 8.5x8.5 tpi, 27 epi, CN",Y,INDORAMA VENTURES MOBILITY,QUERETARO,QUERETARO,Others,Mexico,M18TV27CN,,,,,,,,,TV27CN,,, , ,Y,,"AP, EMEA, LA, NA",,,,,INDORAMA VENTURES MOBILITY (Performance Fibers),"QUERETARO, MEXICO",QUERETARO,BBJ,INDORAMA VENTURES MOBILITY,QUERETARO,QUERETARO,OTHERS,MEXICO,Yes,,,,,,,,,,
REINFORCEMENT,1,RFTC28CX,"PET HMLS NAA, 1100/1/2 Dtex, 12x12 TPI, 28 EPI, CX",Y,PT INDO KORDSA,CITEUREUP,CITEUREUP,Others,Indonesia,N06TC28CX,,,,,,,,,TC28CX,,, , ,Y,,"AP, EMEA, LA, NA",,,,,PT INDO KORDSA,"CITEUREUP, INDONESIA",CITEUREUP,BGQ,PT INDO KORDSA,CITEUREUP,CITEUREUP,OTHERS,INDONESIA,Yes,,,,,,,,,,
REINFORCEMENT,1,RFNG30ZO,N66 1400/2 dtex pink dip,Y,THAI INDO KORDSA,AYUTTHAYA,"AYUTTHAYA, THAILAND",Others,Thailand,N01NG30ZO,,,,,,,,,NG30ZO,,, , ,Y,,"AP, EMEA, LA, NA",,,,,THAI INDO KORDSA,"AYUTTHAYA, THAILAND","AYUTTHAYA, THAILAND",JAE,THAI INDO KORDSA,AYUTTHAYA,"AYUTTHAYA, THAILAND",OTHERS,THAILAND,Yes,,,,,,,,,,
REINFORCEMENT,1,RFES,(0.40+6X.365)+6X(.365+6X.35) ST,Y,HYOSUNG CORPORATION,DONG NAI - STEELCORD,Dong Nai,Others,Vietnam,C402ES,,,,,,,,,ES,,, , ,Y,,"AP, NA",,,,,HYOSUNG CORPORATION,Dong Nai - Steelcord,Dong Nai,JTR,HYOSUNG CORPORATION,DONG NAI - STEELCORD,DONG NAI,OTHERS,VIETNAM,Yes,,,,,,,,,,
REINFORCEMENT,1,RFTU32CX,"NAA HMLS PET, 1440/2dtex, 9x9TPI, 32EPI, CX",Y,HYOSUNG CORPORATION,LISA,LISA,Others,Luxembourg,S07TU32CX,,,,,,,,,TU32CX,,, , ,Y,,"AP, EMEA, LA, NA",,,,,HYOSUNG CORPORATION,"LISA, LUXEMBOURG",LISA,AIG,HYOSUNG CORPORATION,LISA,LISA,OTHERS,LUXEMBOURG,Yes,,,,,,,,,,
REINFORCEMENT,1,RFFP,1x.21/18x.185 UT,Y,HYOSUNG CORPORATION,DONG NAI - STEELCORD,Dong Nai,Others,Vietnam,C402FP,,,,,,,,,FP,,, , ,Y,,"AP, EMEA, LA, NA",,,,,HYOSUNG CORPORATION,Dong Nai - Steelcord,Dong Nai,JTR,HYOSUNG CORPORATION,DONG NAI - STEELCORD,DONG NAI,OTHERS,VIETNAM,Yes,,,,,,,,,,
REINFORCEMENT,1,RFFR,3x.21/9x.185 UT,Y,HYOSUNG CORPORATION,DONG NAI - STEELCORD,Dong Nai,Others,Vietnam,C402FR,,,,,,,,,FR,,, , ,Y,,"AP, EMEA, LA, NA",,,,,HYOSUNG CORPORATION,Dong Nai - Steelcord,Dong Nai,JTR,HYOSUNG CORPORATION,DONG NAI - STEELCORD,DONG NAI,OTHERS,VIETNAM,Yes,,,,,,,,,,
REINFORCEMENT,1,RFUK,2+2x.35 ST,Y,HYOSUNG CORPORATION,DONG NAI - STEELCORD,Dong Nai,Others,Vietnam,C402UK,,,,,,,,,UK,,, , ,Y,,"AP, EMEA, LA, NA",,,,,HYOSUNG CORPORATION,Dong Nai - Steelcord,Dong Nai,JTR,HYOSUNG CORPORATION,DONG NAI - STEELCORD,DONG NAI,OTHERS,VIETNAM,Yes,,,,,,,,,,
REINFORCEMENT,1,RFUZ,3+9X.25+1 HT,Y,HYOSUNG CORPORATION,DONG NAI - STEELCORD,Dong Nai,Others,Vietnam,C402UZ,,,,,,,,,UZ,,, , ,Y,,NA,,,,,HYOSUNG CORPORATION,Dong Nai - Steelcord,Dong Nai,JTR,HYOSUNG CORPORATION,DONG NAI - STEELCORD,DONG NAI,OTHERS,VIETNAM,Yes,,,,,,,,,,
REINFORCEMENT,1,RFBPA6MN,Fabric code to replace XSED19 from Asahi,Y,HYOSUNG CORPORATION,DONG NAI,Dong Nai,Others,Vietnam,S03BPA6MN,,,,,,,,,BPA6MN,,, , ,Y,,"AP, EMEA, LA, NA",,,,,HYOSUNG CORPORATION,"Dong Nai, Vietnam",Dong Nai,JPK,HYOSUNG CORPORATION,DONG NAI,DONG NAI,OTHERS,VIETNAM,Yes,,,,,,,,,,
REINFORCEMENT,1,RFUZ,3+9X.25+1 HT,Y,HYOSUNG CORPORATION,DONG NAI - STEELCORD,Dong Nai,Others,Vietnam,C401UZ,,,,,,,,,UZ,,, , ,Y,,NA,,,,,HYOSUNG CORPORATION,Dong Nai - Steelcord,Dong Nai,JTR,HYOSUNG CORPORATION,DONG NAI - STEELCORD,DONG NAI,OTHERS,VIETNAM,Yes,,,,,,,,,,
REINFORCEMENT,1,RFJH,0.89MM BEAD WIRE - HIGH TENSILE,Y,BEKAERT,ITAUNA - BRAZIL (BEAD WIRE),Itauna,Others,Brazil,029JH,,,,,,,,,JH,,, , ,Y,,"AP, EMEA, LA, NA",,,,,BEKAERT,"Itauna, Brazil (Bead Wire)",Itauna,BEI,BEKAERT,ITAUNA - BRAZIL (BEAD WIRE),ITAUNA,OTHERS,BRAZIL,Yes,,,,,,,,,,
REINFORCEMENT,1,RFUS,3+2x.35 ST,Y,HYOSUNG CORPORATION,DONG NAI - STEELCORD,Dong Nai,Others,Vietnam,C402US,,,,,,,,,US,,, , ,Y,,"AP, EMEA, LA, NA",,,,,HYOSUNG CORPORATION,Dong Nai - Steelcord,Dong Nai,JTR,HYOSUNG CORPORATION,DONG NAI - STEELCORD,DONG NAI,OTHERS,VIETNAM,Yes,,,,,,,,,,
REINFORCEMENT,1,RFBH,"1.295MM BEAD WIRE - HIGH TENSILE 
(Cooper 9021/9906/9001)",Y,BEKAERT,ITAUNA - BRAZIL (BEAD WIRE),Itauna,Others,Brazil,029BH,,,,,,,,,BH,,, , ,Y,,"AP, EMEA, LA, NA",,,,,BEKAERT,"Itauna, Brazil (Bead Wire)",Itauna,BEI,BEKAERT,ITAUNA - BRAZIL (BEAD WIRE),ITAUNA,OTHERS,BRAZIL,Yes,,,,,,,,,,
REINFORCEMENT,1,RFAR01SN,"Aramid, 1270x3dtex, 7x7 TPI, Single End Cord",N,PMG ARDECHE,SAINT JULIEN EN SAINT ALBAN,Saint Julien en Saint Alban,Others,France,L21AR01SNZ,,,,,,,,,AR01SN,,, , ,N,,EMEA,,,,,PMG Ardeche,Saint Julien en Saint Alban,Saint Julien en Saint Alban,BRV,PMG ARDECHE,SAINT JULIEN EN SAINT ALBAN,SAINT JULIEN EN SAINT ALBAN,OTHERS,FRANCE,Yes,,,,,,,,,,
REINFORCEMENT,1,RFAR01SN,"Aramid, 1270x3dtex, 7x7 TPI, Single End Cord",N,PMG ARDECHE,SAINT JULIEN EN SAINT ALBAN,Saint Julien en Saint Alban,Others,France,L21AR01SNS,,,,,,,,,AR01SN,,, , ,N,,EMEA,,,,,PMG Ardeche,Saint Julien en Saint Alban,Saint Julien en Saint Alban,BRV,PMG ARDECHE,SAINT JULIEN EN SAINT ALBAN,SAINT JULIEN EN SAINT ALBAN,OTHERS,FRANCE,Yes,,,,,,,,,,
REINFORCEMENT,1,RFAR01SNZ,"Aramid, 1270x3dtex, 7x7 TPI (Cable Z ipo S, Ply S ipo Z), Single End Cord",Y,PMG ARDECHE,SAINT JULIEN EN SAINT ALBAN,Saint Julien en Saint Alban,Others,France,L21AR01SNZ,,,,,,,,,AR01SNZ,,, , ,Y,,EMEA,,,,,PMG Ardeche,Saint Julien en Saint Alban,Saint Julien en Saint Alban,BRV,PMG ARDECHE,SAINT JULIEN EN SAINT ALBAN,SAINT JULIEN EN SAINT ALBAN,OTHERS,FRANCE,Yes,,,,,,,,,,
REINFORCEMENT,1,RFUK,2+2x.35 ST,Y,XINGDA STEEL CORD (THAILAND),XINGDA STEEL CORD,Ban Bueng,Others,Thailand,Z301UK,,,,,,,,,UK,,, , ,Y,,"AP, EMEA, LA, NA",,,,,XINGDA STEEL CORD (THAILAND),Xingda Steel Cord (Thailand),Ban Bueng,XST,XINGDA STEEL CORD (THAILAND),XINGDA STEEL CORD,BAN BUENG,OTHERS,THAILAND,Yes,,,,,,,,,,
REINFORCEMENT,1,RFUY,3X.365/9X.34 HT,Y,HYOSUNG CORPORATION,DONG NAI - STEELCORD,Dong Nai,Others,Vietnam,C402UY,,,,,,,,,UY,,, , ,Y,,"LA, NA",,,,,HYOSUNG CORPORATION,Dong Nai - Steelcord,Dong Nai,JTR,HYOSUNG CORPORATION,DONG NAI - STEELCORD,DONG NAI,OTHERS,VIETNAM,Yes,,,,,,,,,,
REINFORCEMENT,1,RFAR01SNS,"Aramid, 1270x3dtex, 7x7 TPI, Single End Cord",N,PMG ARDECHE,SAINT JULIEN EN SAINT ALBAN,Saint Julien en Saint Alban,Others,France,L21AR01SNZ,,,,,,,,,AR01SNS,,, , ,N,,EMEA,,,,,PMG Ardeche,Saint Julien en Saint Alban,Saint Julien en Saint Alban,BRV,PMG ARDECHE,SAINT JULIEN EN SAINT ALBAN,SAINT JULIEN EN SAINT ALBAN,OTHERS,FRANCE,Yes,,,,,,,,,,
REINFORCEMENT,1,RFAR01SNS,"Aramid, 1270x3dtex, 7x7 TPI, Single End Cord",Y,PMG ARDECHE,SAINT JULIEN EN SAINT ALBAN,Saint Julien en Saint Alban,Others,France,L21AR01SNS,,,,,,,,,AR01SNS,,, , ,Y,,EMEA,,,,,PMG Ardeche,Saint Julien en Saint Alban,Saint Julien en Saint Alban,BRV,PMG ARDECHE,SAINT JULIEN EN SAINT ALBAN,SAINT JULIEN EN SAINT ALBAN,OTHERS,FRANCE,Yes,,,,,,,,,,
REINFORCEMENT,1,RFUH,3X.265/9X.245+1 HT,Y,HYOSUNG CORPORATION,DONG NAI - STEELCORD,Dong Nai,Others,Vietnam,C402UH,,,,,,,,,UH,,, , ,Y,,"AP, LA, NA",,,,,HYOSUNG CORPORATION,Dong Nai - Steelcord,Dong Nai,JTR,HYOSUNG CORPORATION,DONG NAI - STEELCORD,DONG NAI,OTHERS,VIETNAM,Yes,,,,,,,,,,
REINFORCEMENT,1,RFNPI3SF,"NYLON 66, 2100/2, 8x8 TPI, 26.3 EPI SF",Y,AYAHA,AYAHA OSOKA,Osoka,Others,Japan,J36NPI3SF,,,,,,,,,NPI3SF,,, , ,Y,,AP,,,,,Ayaha,Ayaha Osoka,Osoka,AYA,AYAHA,AYAHA OSOKA,OSOKA,OTHERS,JAPAN,Yes,,,,,,,,,,
REINFORCEMENT,1,RFUW,2+2x.295 HT,Y,HYOSUNG CORPORATION,DONG NAI - STEELCORD,Dong Nai,Others,Vietnam,C402UW,,,,,,,,,UW,,, , ,Y,,"AP, EMEA, LA, NA",,,,,HYOSUNG CORPORATION,Dong Nai - Steelcord,Dong Nai,JTR,HYOSUNG CORPORATION,DONG NAI - STEELCORD,DONG NAI,OTHERS,VIETNAM,Yes,,,,,,,,,,
REINFORCEMENT,1,RFCH,"1.83MM BEAD WIRE - HIGH TENSILE
(Cooper Code 9024)",Y,BEKAERT,ITAUNA - BRAZIL (BEAD WIRE),Itauna,Others,Brazil,029CH,,,,,,,,,CH,,, , ,Y,,"AP, EMEA, LA, NA",,,,,BEKAERT,"Itauna, Brazil (Bead Wire)",Itauna,BEI,BEKAERT,ITAUNA - BRAZIL (BEAD WIRE),ITAUNA,OTHERS,BRAZIL,Yes,,,,,,,,,,
REINFORCEMENT,1,RFUD,3+3x.35 ST,Y,HYOSUNG CORPORATION,DONG NAI - STEELCORD,Dong Nai,Others,Vietnam,C402UD,,,,,,,,,UD,,, , ,Y,,"AP, EMEA, LA, NA",,,,,HYOSUNG CORPORATION,Dong Nai - Steelcord,Dong Nai,JTR,HYOSUNG CORPORATION,DONG NAI - STEELCORD,DONG NAI,OTHERS,VIETNAM,Yes,,,,,,,,,,
REINFORCEMENT,1,RFTC28CX,"PET HMLS NAA, 1100/1/2 Dtex, 12x12 TPI, 28 EPI, CX",Y,INDORAMA VENTURES MOBILITY,KAIPING DIP UNIT #1,Kaiping,Others,China,U02TC28CX,,,,,,,,,TC28CX,,, , ,Y,,"AP, EMEA, LA, NA",,,,,INDORAMA VENTURES MOBILITY (Performance Fibers),Kaiping Dip Unit #1,Kaiping,JMX,INDORAMA VENTURES MOBILITY,KAIPING DIP UNIT #1,KAIPING,OTHERS,CHINA,Yes,,,,,,,,,,
REINFORCEMENT,1,RFTU32CX,"NAA HMLS PET, 1440/2dtex, 9x9TPI, 32EPI, CX",Y,INDORAMA VENTURES MOBILITY,KAIPING DIP UNIT #1,Kaiping,Others,China,U03TU32CX,,,,,,,,,TU32CX,,, , ,Y,,"AP, EMEA, LA, NA",,,,,INDORAMA VENTURES MOBILITY (Performance Fibers),Kaiping Dip Unit #1,Kaiping,JMX,INDORAMA VENTURES MOBILITY,KAIPING DIP UNIT #1,KAIPING,OTHERS,CHINA,Yes,,,,,,,,,,
REINFORCEMENT,1,RFDR,2.03 MM BEAD WIRE - REGULAR TENSILE,Y,KISWIRE,Pine Bluff,Pine Bluff,AR,USA,247DR,,,,,,,,,DR,,, , ,Y,,"AP, LA, NA",,,,,,,,,,,,,,,,,,,,,,,,
REINFORCEMENT,1,RFCH,"1.83MM BEAD WIRE - HIGH TENSILE
(Cooper Code 9024)",Y,KISWIRE,Pine Bluff,Pine Bluff,AR,USA,247CH,,,,,,,,,CH,,, , ,Y,,"AP, EMEA, LA, NA",,,,,,,,,,,,,,,,,,,,,,,,
REINFORCEMENT,1,RFBH,"1.295MM BEAD WIRE - HIGH TENSILE 
(Cooper 9021/9906/9001)",Y,KISWIRE,Pine Bluff,Pine Bluff,AR,USA,247BH,,,,,,,,,BH,,, , ,Y,,"AP, LA, NA",,,,,,,,,,,,,,,,,,,,,,,,
REINFORCEMENT,1,RFUX,3x.20/9x.175+1 HT,Y,JIAXING EASTERN,TENGZHOU EASTERN STEEL CORD CO. LTD,Tengzhou,Others,China,Y201UX,,,,,,,,,UX,,, , ,Y,,"AP, EMEA, LA, NA",,,,,JIAXING EASTERN,Tengzhou Eastern Steel Cord Co. LTD,Tengzhou,JTK,JIAXING EASTERN,TENGZHOU EASTERN STEEL CORD CO. LTD,TENGZHOU,OTHERS,CHINA,Yes,,,,,,,,,,
REINFORCEMENT,1,RFUD,3+3x.35 ST,N,KISWIRE,Pine Bluff,Pine Bluff,AR,USA,F401UD,,,,,,,,,UD,,, , ,N,,"AP, EMEA, LA, NA",,,,,,,,,,,,,,,,,,,,,,,,
REINFORCEMENT,1,RFUY,3X.365/9X.34 HT,N,HYOSUNG CORPORATION,EONYANG,Eonyang,Others,South Korea,C101UY,,,,,,,,,UY,,, , ,N,,"LA, NA",,,,,HYOSUNG CORPORATION,"Eonyang, South Korea",Eonyang,,HYOSUNG CORPORATION,EONYANG,EONYANG,OTHERS,SOUTH KOREA,No,,,,,,,,,,
REINFORCEMENT,1,RFEM,4x2x.34 HE,Y,BEKAERT,ITAUNA - MG BRAZIL (STEEL CORD),Itauna,Others,Brazil,BC01EM,,,,,,,,,EM,,, , ,Y,,"AP, EMEA, LA, NA",,,,,BEKAERT,"Itauna, MG, Brazil (Steel Cord)",Itauna,DAG,BEKAERT,ITAUNA - MG BRAZIL (STEEL CORD),ITAUNA,OTHERS,BRAZIL,Yes,,,,,,,,,,
REINFORCEMENT,1,RFTV27CN,"1670/1/2 PET, 8.5x8.5 tpi, 27 epi, CN",Y,HYOSUNG CORPORATION,DECATUR,Decatur,AL,USA,S02TV27CN,,,,,,,,,TV27CN,,, , ,Y,,"AP, EMEA, LA, NA",,,,,HYOSUNG CORPORATION,"Decatur, AL, USA",Decatur,AIT,HYOSUNG CORPORATION,DECATUR,DECATUR,AL,USA,Yes,,,,,,,,,,
REINFORCEMENT,1,RFTV27CX,"1670/1/2 HMLS PET 8.5x8.5 tpi, 27 epi, CX",Y,HYOSUNG CORPORATION,DONG NAI,Dong Nai,Others,Vietnam,S02TV27CX,,,,,,,,,TV27CX,,, , ,Y,,"AP, EMEA, LA, NA",,,,,HYOSUNG CORPORATION,"Dong Nai, Vietnam",Dong Nai,JPK,HYOSUNG CORPORATION,DONG NAI,DONG NAI,OTHERS,VIETNAM,Yes,,,,,,,,,,
REINFORCEMENT,1,RFFENDIC_FDC_41A,"Vinyl Pyridene Latex, 41% solids",N,SYNTHOMER-OMNOVA SOLUTIONS,LE HAVRE,LE HAVRE,Others,France,PLIOCORD LATEXVP 106,,,,,,,,,FENDIC_FDC_41A,,, , ,N,,"AP, EMEA, LA, NA",,,,,Synthomer-OMNOVA SOLUTIONS,"LE HAVRE, FRANCE",LE HAVRE,,SYNTHOMER-OMNOVA SOLUTIONS,LE HAVRE,LE HAVRE,OTHERS,FRANCE,Yes,,,,,,,,,,
REINFORCEMENT,1,RFAP30YR,"ARAMID, 1100/2, 9x9 TPI, 30 EPI, YR",N,KORDSA,IZMIT,Izmit,Others,Turkey,AT30YR,,,,,,,,,AP30YR,,, , ,N,,NA,,,,,KORDSA,"Izmit, Turkey",Izmit,BXD,KORDSA,IZMIT,IZMIT,OTHERS,TURKEY,Yes,,,,,,,,,,
REINFORCEMENT,1,RFTC27CN,"1100/1/2 PET, 12x12 tpi, 27 epi, CN",Y,HYOSUNG CORPORATION,DECATUR,Decatur,AL,USA,S04TC27CN,,,,,,,,,TC27CN,,, , ,Y,,"AP, EMEA, LA, NA",,,,,HYOSUNG CORPORATION,"Decatur, AL, USA",Decatur,AIT,HYOSUNG CORPORATION,DECATUR,DECATUR,AL,USA,Yes,,,,,,,,,,
REINFORCEMENT,1,RFNF30DR,Like NF30DH. Created for Race.,Y,HYOSUNG CORPORATION,DECATUR,Decatur,AL,USA,139NF30DR,,,,,,,,,NF30DR,,, , ,Y,,NA,,,,,HYOSUNG CORPORATION,"Decatur, AL, USA",Decatur,AIT,HYOSUNG CORPORATION,DECATUR,DECATUR,AL,USA,Yes,,,,,,,,,,
REINFORCEMENT,1,RF576G54,1x5.0+(10+16+22+28+35)x2.0,Y,OTTO KUHLMANN,HEMER GERMANY,Hemer,Others,Germany,RF576G54,,,,,,,,,RF576G54,,, , ,Y,,NA,,,,,OTTO KUHLMANN,Hemer Germany,Hemer,BFJ,OTTO KUHLMANN,HEMER GERMANY,HEMER,OTHERS,GERMANY,Yes,,,,,,,,,,
REINFORCEMENT,1,RF213D2A,1x2.5+(9+15)x1.3,N,OTTO KUHLMANN,HEMER GERMANY,Hemer,Others,Germany,RF213D2A,,,,,,,,,RF213D2A,,, , ,N,,NA,,,,,OTTO KUHLMANN,Hemer Germany,Hemer,BFJ,OTTO KUHLMANN,HEMER GERMANY,HEMER,OTHERS,GERMANY,Yes,,,,,,,,,,
REINFORCEMENT,1,RFTM26CX,HMLS POLYESTER 2200/1/2  8.5X8.5 TPI 26 EPI CX,N,KOLON,NANJING,Nanjing,Others,China,K29TM26CX,,,,,,,,,TM26CX,,, , ,N,,"AP, EMEA, LA, NA",,,,,KOLON,Nanjing,Nanjing,JPJ,KOLON,NANJING,NANJING,OTHERS,CHINA,Yes,,,,,,,,,,
REINFORCEMENT,1,RFTC27HF,"HMLS POLYESTER, 1100/2, 12x12 TPI, 27 EPI, HF",Y,PT INDO KORDSA,BOGOR,BOGOR,Others,Indonesia,N06TC27HF,,,,,,,,,TC27HF,,, , ,Y,,"AP, EMEA, LA, NA",,,,,PT INDO KORDSA,"BOGOR, INDONESIA",BOGOR,BGQ,PT INDO KORDSA,BOGOR,BOGOR,OTHERS,INDONESIA,Yes,,,,,,,,,,
REINFORCEMENT,1,RF9514,"Ne18/1 (Nm30,4) Combed Cotton",N,SRI MARUTHEE FABRICS,VALLIES MILLS PVT LTD,Madurai,Others,India,NE18,,,,,,,,,9514,,, , ,N,,"AP, EMEA, LA, NA",,,,,SRI Maruthee Fabrics,Vallies Mills PVT LTD,Madurai,,SRI MARUTHEE FABRICS,VALLIES MILLS PVT LTD,MADURAI,OTHERS,INDIA,Yes,,,,,,,,,,
REINFORCEMENT,1,RF9513,Ne24/1 (Nm40.6) Combed Cotton,N,SRI MARUTHEE FABRICS,VALLIES MILLS PVT LTD,Madurai,Others,India,NE24,,,,,,,,,9513,,, , ,N,,"AP, EMEA, LA, NA",,,,,SRI Maruthee Fabrics,Vallies Mills PVT LTD,Madurai,,SRI MARUTHEE FABRICS,VALLIES MILLS PVT LTD,MADURAI,OTHERS,INDIA,Yes,,,,,,,,,,
REINFORCEMENT,1,RF9512,"Ne18/1 (Nm30,4) Combed Cotton",N,MELIKE,GAZIANTEP,Gaziantep,Others,Turkey,NE18,,,,,,,,,9512,,, , ,N,,"AP, EMEA, LA, NA",,,,,Melike,"Gaziantep, Turkey",Gaziantep,,MELIKE,GAZIANTEP,GAZIANTEP,OTHERS,TURKEY,Yes,,,,,,,,,,
REINFORCEMENT,1,RF9511,Ne24/1 (Nm40.6) Combed Cotton,N,MELIKE,GAZIANTEP,Gaziantep,Others,Turkey,NE24,,,,,,,,,9511,,, , ,N,,"AP, EMEA, LA, NA",,,,,Melike,"Gaziantep, Turkey",Gaziantep,,MELIKE,GAZIANTEP,GAZIANTEP,OTHERS,TURKEY,Yes,,,,,,,,,,
REINFORCEMENT,1,RF9509,Ne26.6 (Nm45) HIGH ELONGATION WEFT YARN,N,TEXHONG,NHON TRACH,,Others,Vietnam,9509,,,,,,,,,9509,,, , ,N,,"AP, EMEA, LA, NA",,,,,Texhong,Nhon Trach,,,TEXHONG,NHON TRACH,,OTHERS,VIETNAM,Yes,,,,,,,,,,
REINFORCEMENT,1,RF9510,Ne12/1 (Nm20) Combed Polyester,N,COATS TURKEY IPLIK SANAYIL A.S.,BURSA,BURSA,Others,Turkey,LINER FILL,,,,,,,,,9510,,, , ,N,,"AP, EMEA, LA, NA",,,,,COATS TURKEY IPLIK SANAYIL A.S.,"BURSA, TURKEY",BURSA,,COATS TURKEY IPLIK SANAYIL A.S.,BURSA,BURSA,OTHERS,TURKEY,Yes,,,,,,,,,,
REINFORCEMENT,1,RF500P34,1x6.0AL+(11+17+23)x2.0,Y,OTTO KUHLMANN,HEMER GERMANY,Hemer,Others,Germany,RF500P34,,,,,,,,,RF500P34,,, , ,Y,,NA,,,,,OTTO KUHLMANN,Hemer Germany,Hemer,BFJ,OTTO KUHLMANN,HEMER GERMANY,HEMER,OTHERS,GERMANY,Yes,,,,,,,,,,
REINFORCEMENT,1,RF408K2A,1x1.2+(6)x.96+(10)x1.30,Y,OTTO KUHLMANN,HEMER GERMANY,Hemer,Others,Germany,RF408K2A,,,,,,,,,RF408K2A,,, , ,Y,,NA,,,,,OTTO KUHLMANN,Hemer Germany,Hemer,BFJ,OTTO KUHLMANN,HEMER GERMANY,HEMER,OTHERS,GERMANY,Yes,,,,,,,,,,
REINFORCEMENT,1,RFTC27HA,HMLS POLYESTER  1100/1/2 12 X 12 TPI 27EPI HA,N,INDORAMA VENTURES MOBILITY,QUERETARO,QUERETARO,Others,Mexico,TC27HA,,,,,,,,,TC27HA,,, , ,N,,"AP, EMEA, LA, NA",,,,,INDORAMA VENTURES MOBILITY (Performance Fibers),"QUERETARO, MEXICO",QUERETARO,BBJ,INDORAMA VENTURES MOBILITY,QUERETARO,QUERETARO,OTHERS,MEXICO,Yes,,,,,,,,,,
REINFORCEMENT,1,RF394D33,1x2.5+(7+13+19)x1.8,N,KISWIRE,POHANG,,Others,South Korea,RF394D33,,,,,,,,,RF394D33,,, , ,N,,NA,Danville,,,Danville,Kiswire - Bead Wire,Pohang,,,KISWIRE,POHANG,,OTHERS,SOUTH KOREA,Yes,,,,,,,,,,
REINFORCEMENT,1,RFNG30SG,"NYLON 6,6 1400/1/2 6x6 TPI 30EPI SG",Y,KORDSA,IZMIT,Izmit,Others,Turkey,Z01NG30SG,,,,,,,,,NG30SG,,, , ,Y,,EMEA,South Africa,,,South Africa,KORDSA,"Izmit, Turkey",Izmit,BXD,KORDSA,IZMIT,IZMIT,OTHERS,TURKEY,Yes,,,,,,,,,,
REINFORCEMENT,1,RF382E33,1x3.0+(8+14+20)x1.8,Y,OTTO KUHLMANN,HEMER GERMANY,Hemer,Others,Germany,RF382E33,,,,,,,,,RF382E33,,, , ,Y,,NA,,,,,OTTO KUHLMANN,Hemer Germany,Hemer,BFJ,OTTO KUHLMANN,HEMER GERMANY,HEMER,OTHERS,GERMANY,Yes,,,,,,,,,,
REINFORCEMENT,1,RF366P2A,1+6.0AL+(17+22)x1.3,Y,OTTO KUHLMANN,HEMER GERMANY,Hemer,Others,Germany,RF366P2A,,,,,,,,,RF366P2A,,, , ,Y,,NA,,,,,OTTO KUHLMANN,Hemer Germany,Hemer,BFJ,OTTO KUHLMANN,HEMER GERMANY,HEMER,OTHERS,GERMANY,Yes,,,,,,,,,,
REINFORCEMENT,1,RFUM,3X.22/9X.20+1 HT,Y,JIANGSU XINGDA,PLANT 8 - XING HUA,Xing Hua,Others,China,Z101UM,,,,,,,,,UM,,, , ,Y,,"AP, EMEA, LA, NA",,,,,JIANGSU XINGDA,Plant 8 - Xing Hua,Xing Hua,JLA,JIANGSU XINGDA,PLANT 8 - XING HUA,XING HUA,OTHERS,CHINA,Yes,,,,,,,,,,
REINFORCEMENT,1,RFU16T,2200 DECITEX NAA HMLS PET,Y,KOLON,NANJING,Nanjing,Others,China,KP44M,,,,,,,,,U16T,,, , ,Y,,"AP, EMEA, LA, NA",Pulandian,,,Pulandian,KOLON,Nanjing,Nanjing,JPJ,KOLON,NANJING,NANJING,OTHERS,CHINA,Yes,,,,,,,,,,
REINFORCEMENT,14,RFROSNIC_FDC,RESORCINOL,N,SUMITOMO CHEMICAL,ICHIHARA - CHIBA,ICHIHARA - CHIBA,Others,Japan,RESORCINOL,,,,,,,,,ROSNIC_FDC,,, , ,N,,"AP, EMEA, LA, NA",,,,,SUMITOMO CHEMICAL,ICHIHARA - CHIBA,ICHIHARA - CHIBA,JMC,SUMITOMO CHEMICAL,ICHIHARA - CHIBA,ICHIHARA - CHIBA,OTHERS,JAPAN,Yes,,,,,,,,,,
REINFORCEMENT,1,RFAD28YR,ARAMID  1670/1/2 8.4 X 8.4 TPI 28EPI YR,N,KORDSA,IZMIT,Izmit,Others,Turkey,AP30YR,,,,,,,,,AD28YR,,, , ,N,,NA,,,,,KORDSA,"Izmit, Turkey",Izmit,BXD,KORDSA,IZMIT,IZMIT,OTHERS,TURKEY,Yes,,,,,,,,,,
REINFORCEMENT,1,RFAT30YR,"ARAMID, 1100/2, 16x16 TPI, EPI, YR",N,KORDSA,IZMIT,Izmit,Others,Turkey,AT30YR,,,,,,,,,AT30YR,,, , ,N,,NA,,,,,KORDSA,"Izmit, Turkey",Izmit,BXD,KORDSA,IZMIT,IZMIT,OTHERS,TURKEY,Yes,,,,,,,,,,
REINFORCEMENT,1,RFJH,0.89MM BEAD WIRE - HIGH TENSILE,Y,WIRECO CAMESA SA,MEXICO CITY,MEXICO CITY,Others,Mexico,131JH,,,,,,,,,JH,,, , ,Y,,"AP, EMEA, LA, NA",,,,,WIRECO CAMESA SA,"MEXICO CITY, MEXICO",MEXICO CITY,BGE,WIRECO CAMESA SA,MEXICO CITY,MEXICO CITY,OTHERS,MEXICO,Yes,,,,,,,,,,
REINFORCEMENT,1,RFNC21ZM,"940/1/2 Nylon 66, 12x12 tpi, 21 epi, ZM",Y,KORDSA,LAUREL HILL,Laurel Hill,SC,USA,119NC21ZM,,,,,,,,,NC21ZM,,, , ,Y,,"AP, EMEA, LA, NA",,,,,KORDSA,"Laurel Hill, SC, USA",Laurel Hill,CNP,KORDSA,LAUREL HILL,LAUREL HILL,SC,USA,Yes,,,,,,,,,,
REINFORCEMENT,1,RF448M53,1x5.0AL+(11+17+23+29+35)x1.8,Y,OTTO KUHLMANN,HEMER GERMANY,Hemer,Others,Germany,RF448M53,,,,,,,,,RF448M53,,, , ,Y,,"AP, NA",,,,,OTTO KUHLMANN,Hemer Germany,Hemer,BFJ,OTTO KUHLMANN,HEMER GERMANY,HEMER,OTHERS,GERMANY,Yes,,,,,,,,,,
REINFORCEMENT,1,RFLBRF040,RFID in rubber,Y,TECH INTERNATIONAL,JOHNSTOWN,Johnstown,OH,USA,LBRF040,,,,,,,,,LBRF040,,, , ,Y,,"AP, EMEA, LA, NA",,,,,TECH INTERNATIONAL,"Johnstown , OH, USA",Johnstown,BTH,TECH INTERNATIONAL,JOHNSTOWN,JOHNSTOWN,OH,USA,Yes,,,,,,,,,,
REINFORCEMENT,1,RFQC28PF,AA HMLS POLYESTER 1100/1/2 12x12 TPI 28EPI PF,Y,HYOSUNG CORPORATION,LISA,LISA,Others,Luxembourg,S01QC28PF,,,,,,,,,QC28PF,,, , ,Y,,EMEA,,,,,HYOSUNG CORPORATION,"LISA, LUXEMBOURG",LISA,AIG,HYOSUNG CORPORATION,LISA,LISA,OTHERS,LUXEMBOURG,Yes,,,,,,,,,,
REINFORCEMENT,1,RF472E5A,1x3.0+(10+16+22+28+34)x1.3,Y,OTTO KUHLMANN,HEMER GERMANY,Hemer,Others,Germany,RF472E5A,,,,,,,,,RF472E5A,,, , ,Y,,NA,,,,,OTTO KUHLMANN,Hemer Germany,Hemer,BFJ,OTTO KUHLMANN,HEMER GERMANY,HEMER,OTHERS,GERMANY,Yes,,,,,,,,,,
REINFORCEMENT,1,RF364F3A,1x4.0+(12+18+24)x1.3,Y,OTTO KUHLMANN,HEMER GERMANY,Hemer,Others,Germany,RF364F3A,,,,,,,,,RF364F3A,,, , ,Y,,NA,Danville,,,Danville,OTTO KUHLMANN,Hemer Germany,Hemer,BFJ,OTTO KUHLMANN,HEMER GERMANY,HEMER,OTHERS,GERMANY,Yes,,,,,,,,,,
REINFORCEMENT,1,RFBH,"1.295MM BEAD WIRE - HIGH TENSILE 
(Cooper 9021/9906/9001)",Y,WIRECO CAMESA SA,MEXICO CITY,MEXICO CITY,Others,Mexico,131BH,,,,,,,,,BH,,, , ,Y,,"AP, EMEA, LA, NA",,,,,WIRECO CAMESA SA,"MEXICO CITY, MEXICO",MEXICO CITY,BGE,WIRECO CAMESA SA,MEXICO CITY,MEXICO CITY,OTHERS,MEXICO,Yes,,,,,,,,,,
REINFORCEMENT,1,RFTU32CX,"NAA HMLS PET, 1440/2dtex, 9x9TPI, 32EPI, CX",N,KOLON,NANJING,Nanjing,Others,China,TU32CX,,,,,,,,,TU32CX,,, , ,N,,"AP, EMEA, LA, NA",,,,,KOLON,Nanjing,Nanjing,JPJ,KOLON,NANJING,NANJING,OTHERS,CHINA,Yes,,,,,,,,,,
REINFORCEMENT,1,RFTC28CX,"PET HMLS NAA, 1100/1/2 Dtex, 12x12 TPI, 28 EPI, CX",N,KOLON,NANJING,Nanjing,Others,China,U14TC28CX,,,,,,,,,TC28CX,,, , ,N,,"AP, EMEA, LA, NA",,,,,KOLON,Nanjing,Nanjing,JPJ,KOLON,NANJING,NANJING,OTHERS,CHINA,Yes,,,,,,,,,,
REINFORCEMENT,1,RFU15T,U15T - 1440 DECITEX HMLS PET,Y,KOLON,NANJING,Nanjing,Others,China,KP44M,,,,,,,,,U15T,,, , ,Y,,"AP, EMEA, LA, NA",,,,,KOLON,Nanjing,Nanjing,JPJ,KOLON,NANJING,NANJING,OTHERS,CHINA,Yes,,,,,,,,,,
REINFORCEMENT,1,RFS03Q,,Y,HYOSUNG CORPORATION,DONG NAI,Dong Nai,Others,Vietnam,HSP-40,,,,,,,,,S03Q,,, , ,Y,,"AP, EMEA, LA",,,,,HYOSUNG CORPORATION,"Dong Nai, Vietnam",Dong Nai,JPK,HYOSUNG CORPORATION,DONG NAI,DONG NAI,OTHERS,VIETNAM,Yes,,,,,,,,,,
REINFORCEMENT,1,RFI07R,I07R - 1840 DECITEX RAYON,Y,CENTURY RAYON,SHAHAD-KALYAW,SHAHAD-KALYAW,Others,India,CENCORD SUPER 2,,,,,,,,,I07R,,, , ,Y,,"AP, EMEA, LA, NA",,,,,CENTURY RAYON,"SHAHAD-KALYAW, INDIA",SHAHAD-KALYAW,JVR,CENTURY RAYON,SHAHAD-KALYAW,SHAHAD-KALYAW,OTHERS,INDIA,Yes,,,,,,,,,,
REINFORCEMENT,1,RFF02NG,,N,MILLIKEN,MILLIKEN FRANCE,Saint-Julien-en-Saint-Alban,Others,France,F02NG,,,,,,,,,F02NG,,, , ,N,,"AP, EMEA, LA, NA",,,,,MILLIKEN,Milliken France,Saint-Julien-en-Saint-Alban,,MILLIKEN,MILLIKEN FRANCE,SAINT-JULIEN-EN-SAINT-ALBAN,OTHERS,FRANCE,Yes,,,,,,,,,,
REINFORCEMENT,1,RFQ08R,Q08R - 2440 DECITEX RAYON,Y,INDORAMA VENTURES MOBILITY,LOVOSICE,Lovosice,Others,Czech Republic,SUPER II,,,,,,,,,Q08R,,, , ,Y,,"AP, EMEA, LA, NA",,,,,INDORAMA VENTURES MOBILITY (Glanzstoff),Lovosice,Lovosice,EDS,INDORAMA VENTURES MOBILITY,LOVOSICE,LOVOSICE,OTHERS,CZECH REPUBLIC,Yes,,,,,,,,,,
REINFORCEMENT,1,RFQ08T,Q08T -  2440 Rayon,N,INDORAMA VENTURES MOBILITY,LOVOSICE,Lovosice,Others,Czech Republic,SUPER II,,,,,,,,,Q08T,,, , ,N,,"AP, EMEA, LA, NA",,,,,INDORAMA VENTURES MOBILITY (Glanzstoff),Lovosice,Lovosice,EDS,INDORAMA VENTURES MOBILITY,LOVOSICE,LOVOSICE,OTHERS,CZECH REPUBLIC,Yes,,,,,,,,,,
REINFORCEMENT,1,RFFR,3x.21/9x.185 UT,Y,KISWIRE,CHANGWON,Changwon,Others,South Korea,F501FR,,,,,,,,,FR,,, , ,Y,,"AP, LA, NA",,,,,KISWIRE,"Changwon, South Korea",Changwon,ALB,KISWIRE,CHANGWON,CHANGWON,OTHERS,SOUTH KOREA,Yes,,,,,,,,,,
REINFORCEMENT,1,RF549L34,1x10.4AL+(17)x2.2+(25+31)x2.0,Y,OTTO KUHLMANN,HEMER GERMANY,Hemer,Others,Germany,RF549L34,,,,,,,,,RF549L34,,, , ,Y,,"AP, NA",,,,,OTTO KUHLMANN,Hemer Germany,Hemer,BFJ,OTTO KUHLMANN,HEMER GERMANY,HEMER,OTHERS,GERMANY,Yes,,,,,,,,,,
REINFORCEMENT,1,RF57HN43,1x9.4AL+(16+22+28)x2.0+(38)x1.8,Y,OTTO KUHLMANN,HEMER GERMANY,Hemer,Others,Germany,RF57HN43,,,,,,,,,RF57HN43,,, , ,Y,,"AP, NA",,,,,OTTO KUHLMANN,Hemer Germany,Hemer,BFJ,OTTO KUHLMANN,HEMER GERMANY,HEMER,OTHERS,GERMANY,Yes,,,,,,,,,,
REINFORCEMENT,1,RF60ET44,1x13.8AL+(23+29+35+40)x2.0,Y,OTTO KUHLMANN,HEMER GERMANY,Hemer,Others,Germany,RF60ET44,,,,,,,,,RF60ET44,,, , ,Y,,"AP, NA",,,,,OTTO KUHLMANN,Hemer Germany,Hemer,BFJ,OTTO KUHLMANN,HEMER GERMANY,HEMER,OTHERS,GERMANY,Yes,,,,,,,,,,
REINFORCEMENT,1,RF547L34,1x10.4AL+(18+25+30)x2.0,Y,OTTO KUHLMANN,HEMER GERMANY,Hemer,Others,Germany,RF547L34,,,,,,,,,RF547L34,,, , ,Y,,"AP, NA",,,,,OTTO KUHLMANN,Hemer Germany,Hemer,BFJ,OTTO KUHLMANN,HEMER GERMANY,HEMER,OTHERS,GERMANY,Yes,,,,,,,,,,
REINFORCEMENT,1,RF52DL34,1x10.4AL+(18+25+30)x2.0,Y,OTTO KUHLMANN,HEMER GERMANY,Hemer,Others,Germany,RF52DL34,,,,,,,,,RF52DL34,,, , ,Y,,"AP, NA",,,,,OTTO KUHLMANN,Hemer Germany,Hemer,BFJ,OTTO KUHLMANN,HEMER GERMANY,HEMER,OTHERS,GERMANY,Yes,,,,,,,,,,
REINFORCEMENT,1,RF581N45,1x9.4AL+(16+22+28+33)x2.2,Y,OTTO KUHLMANN,HEMER GERMANY,Hemer,Others,Germany,RF581N45,,,,,,,,,RF581N45,,, , ,Y,,"AP, NA",,,,,OTTO KUHLMANN,Hemer Germany,Hemer,BFJ,OTTO KUHLMANN,HEMER GERMANY,HEMER,OTHERS,GERMANY,Yes,,,,,,,,,,
REINFORCEMENT,1,RF574T35,1x13.8AL+(22+28+33)x2.2,Y,OTTO KUHLMANN,HEMER GERMANY,Hemer,Others,Germany,RF574T35,,,,,,,,,RF574T35,,, , ,Y,,"AP, NA",,,,,OTTO KUHLMANN,Hemer Germany,Hemer,BFJ,OTTO KUHLMANN,HEMER GERMANY,HEMER,OTHERS,GERMANY,Yes,,,,,,,,,,
REINFORCEMENT,1,RFZ13J,T802 after segregating - Includes top 70% top quality yarn,Y,KORDSA,IZMIT,Izmit,Others,Turkey,T802,,,,,,,,,Z13J,,, , ,Y,,"AP, NA","Danville, Thailand",,,"Danville, Thailand",KORDSA,"Izmit, Turkey",Izmit,BXD,KORDSA,IZMIT,IZMIT,OTHERS,TURKEY,Yes,,,,,,,,,,
REINFORCEMENT,1,RF9481B,12'S/1 Blue Dyed,Y,SHUFORD YARNS,DUDLEY SHOALS,Granite Falls,NC,USA,9481B,EASTBANK TEXTILES,MACON,Macon,GA,USA,,,,9481B,,, , ,Y,Y,"AP, EMEA, LA, NA",,"AP, EMEA, LA, NA",,,Shuford Yarns,Dudley Shoals,Granite Falls,FBH,SHUFORD YARNS,DUDLEY SHOALS,GRANITE FALLS,NC,USA,Yes,EASTBANK TEXTILES,Macon,Macon,,EASTBANK TEXTILES,MACON,MACON,GA,USA,Yes
REINFORCEMENT,1,RF9481,12'S/1,Y,SHUFORD YARNS,DUDLEY SHOALS,Granite Falls,NC,USA,9481,EASTBANK TEXTILES,MACON,Macon,GA,USA,,,,9481,,, , ,Y,Y,"AP, EMEA, LA, NA",,"AP, EMEA, LA, NA",,,Shuford Yarns,Dudley Shoals,Granite Falls,FBH,SHUFORD YARNS,DUDLEY SHOALS,GRANITE FALLS,NC,USA,Yes,EASTBANK TEXTILES,Macon,Macon,,EASTBANK TEXTILES,MACON,MACON,GA,USA,Yes
REINFORCEMENT,1,RF265K3A,1x1.2+(5+12+18)x1.3,Y,OTTO KUHLMANN,HEMER GERMANY,Hemer,Others,Germany,RF265K3A,,,,,,,,,RF265K3A,,, , ,Y,,NA,,,,,OTTO KUHLMANN,Hemer Germany,Hemer,BFJ,OTTO KUHLMANN,HEMER GERMANY,HEMER,OTHERS,GERMANY,Yes,,,,,,,,,,
REINFORCEMENT,1,RF366G3A,1x5.0+(14+20+26)x1.3,Y,OTTO KUHLMANN,HEMER GERMANY,Hemer,Others,Germany,RF366G3A,,,,,,,,,RF366G3A,,, , ,Y,,NA,,,,,OTTO KUHLMANN,Hemer Germany,Hemer,BFJ,OTTO KUHLMANN,HEMER GERMANY,HEMER,OTHERS,GERMANY,Yes,,,,,,,,,,
REINFORCEMENT,1,RF263E2A,1x3.0+(10+16)x1.3,Y,OTTO KUHLMANN,HEMER GERMANY,Hemer,Others,Germany,RF263E2A,,,,,,,,,RF263E2A,,, , ,Y,,NA,,,,,OTTO KUHLMANN,Hemer Germany,Hemer,BFJ,OTTO KUHLMANN,HEMER GERMANY,HEMER,OTHERS,GERMANY,Yes,,,,,,,,,,
REINFORCEMENT,1,RF470R4A,1x4.0AL+(12+18+24+30)x1.3,Y,OTTO KUHLMANN,HEMER GERMANY,Hemer,Others,Germany,RF470R4A,,,,,,,,,RF470R4A,,, , ,Y,,NA,,,,,OTTO KUHLMANN,Hemer Germany,Hemer,BFJ,OTTO KUHLMANN,HEMER GERMANY,HEMER,OTHERS,GERMANY,Yes,,,,,,,,,,
REINFORCEMENT,1,RF418G33,1x5.0+(11+17+23)x1.8,Y,OTTO KUHLMANN,HEMER GERMANY,Hemer,Others,Germany,RF418G33,,,,,,,,,RF418G33,,, , ,Y,,NA,,,,,OTTO KUHLMANN,Hemer Germany,Hemer,BFJ,OTTO KUHLMANN,HEMER GERMANY,HEMER,OTHERS,GERMANY,Yes,,,,,,,,,,
REINFORCEMENT,1,RFTEST1,Bhaskar test,N,GOODYEAR TIRE AND RUBBER,AKRON,Akron,OH,USA,UNSPECIFIED,,,,,,,,,TEST1,,, , ,N,,EMEA,,,,,GOODYEAR TIRE AND RUBBER,Akron,Akron,,GOODYEAR TIRE AND RUBBER,AKRON,AKRON,OH,USA,Yes,,,,,,,,,,
REINFORCEMENT,1,RFWY,2+2x.22UT,Y,BEKAERT,SHENYANG BSSC,Shenyang,Others,China,BG02WY,,,,,,,,,WY,,, , ,Y,,"AP, EMEA, LA, NA",,,,,BEKAERT,"Shenyang BSSC, China",Shenyang,JJA,BEKAERT,SHENYANG BSSC,SHENYANG,OTHERS,CHINA,Yes,,,,,,,,,,
REINFORCEMENT,1,RFTC27CN,"1100/1/2 PET, 12x12 tpi, 27 epi, CN",Y,INDORAMA VENTURES MOBILITY,QUERETARO,QUERETARO,Others,Mexico,M17TC27CN,,,,,,,,,TC27CN,,, , ,Y,,"AP, EMEA, LA, NA",,,,,INDORAMA VENTURES MOBILITY (Performance Fibers),"QUERETARO, MEXICO",QUERETARO,BBJ,INDORAMA VENTURES MOBILITY,QUERETARO,QUERETARO,OTHERS,MEXICO,Yes,,,,,,,,,,
REINFORCEMENT,1,RFPC,14's/1 PET Staple Fiber,N,SHUFORD YARNS,DUDLEY SHOALS,Granite Falls,NC,USA,U46PC/B,EASTBANK TEXTILES,MACON,Macon,GA,USA,,,,PC,,, , ,N,N,"AP, EMEA, LA, NA",,"AP, EMEA, LA, NA",,,Shuford Yarns,Dudley Shoals,Granite Falls,FBH,SHUFORD YARNS,DUDLEY SHOALS,GRANITE FALLS,NC,USA,Yes,EASTBANK TEXTILES,Macon,Macon,,EASTBANK TEXTILES,MACON,MACON,GA,USA,Yes
REINFORCEMENT,1,RFPC,14's/1 PET Staple Fiber,N,SHUFORD YARNS,DUDLEY SHOALS,Granite Falls,NC,USA,U46PC,EASTBANK TEXTILES,MACON,Macon,GA,USA,,,,PC,,, , ,N,N,"AP, EMEA, LA, NA",,"AP, EMEA, LA, NA",,,Shuford Yarns,Dudley Shoals,Granite Falls,FBH,SHUFORD YARNS,DUDLEY SHOALS,GRANITE FALLS,NC,USA,Yes,EASTBANK TEXTILES,Macon,Macon,,EASTBANK TEXTILES,MACON,MACON,GA,USA,Yes
REINFORCEMENT,1,RFPB,12/2 Polyester Bleeder Cord,N,SHUFORD YARNS,DUDLEY SHOALS,Granite Falls,NC,USA,U46PB,EASTBANK TEXTILES,MACON,Macon,GA,USA,,,,PB,,, , ,N,N,"AP, EMEA, LA, NA",,"AP, EMEA, LA, NA",,,Shuford Yarns,Dudley Shoals,Granite Falls,FBH,SHUFORD YARNS,DUDLEY SHOALS,GRANITE FALLS,NC,USA,Yes,EASTBANK TEXTILES,Macon,Macon,,EASTBANK TEXTILES,MACON,MACON,GA,USA,Yes
REINFORCEMENT,1,RFAE16YH,ARAMID  1670/1/3 6.9 X 6.9 TPI 16EPI YH,N,KORDSA,IZMIT,Izmit,Others,Turkey,AE16YH,,,,,,,,,AE16YH,,, , ,N,,NA,,,,,KORDSA,"Izmit, Turkey",Izmit,BXD,KORDSA,IZMIT,IZMIT,OTHERS,TURKEY,Yes,,,,,,,,,,
REINFORCEMENT,1,RF383K2A,1x1.2+(6)x.96+(10)x1.30,Y,OTTO KUHLMANN,HEMER GERMANY,Hemer,Others,Germany,RF383K2A,,,,,,,,,RF383K2A,,, , ,Y,,NA,,,,,OTTO KUHLMANN,Hemer Germany,Hemer,BFJ,OTTO KUHLMANN,HEMER GERMANY,HEMER,OTHERS,GERMANY,Yes,,,,,,,,,,
REINFORCEMENT,1,RFSF,1100/9 Polyester stiff cord,N,CORDTECH,SAINT JULIEN EN SAINT ALBAN,Saint Julien en Saint Alban,Others,France,SF01EU,,,,,,,,,SF,,, , ,N,,"EMEA, NA",,,,,Cordtech,Saint Julien en Saint Alban,Saint Julien en Saint Alban,,CORDTECH,SAINT JULIEN EN SAINT ALBAN,SAINT JULIEN EN SAINT ALBAN,OTHERS,FRANCE,Yes,,,,,,,,,,
REINFORCEMENT,1,RFSF01EU,1100/9 Polyester stiff cord,Y,PMG ARDECHE,SAINT JULIEN EN SAINT ALBAN,Saint Julien en Saint Alban,Others,France,SF01EU,,,,,,,,,SF01EU,,, , ,Y,,"EMEA, NA",,,,,PMG Ardeche,Saint Julien en Saint Alban,Saint Julien en Saint Alban,BRV,PMG ARDECHE,SAINT JULIEN EN SAINT ALBAN,SAINT JULIEN EN SAINT ALBAN,OTHERS,FRANCE,Yes,,,,,,,,,,
REINFORCEMENT,1,RF151A,670 DTEX ARAMID,Y,DUPONT,RICHMOND,Richmond,VA,USA,Kevlar K-29 AP,,,,,,,,,151A,,, , ,Y,,"AP, EMEA, LA, NA",,,,,DUPONT,Richmond,Richmond,DOESN'T EXIST IN SIS,DUPONT,RICHMOND,RICHMOND,VA,USA,Yes,,,,,,,,,,
REINFORCEMENT,1,RFUK,2+2x.35 ST,Y,BEKAERT,JIANGYIN,Jiangyin,Others,China,BD01UK,,,,,,,,,UK,,, , ,Y,,"AP, EMEA, LA, NA",,,,,BEKAERT,"Jiangyin, China",Jiangyin,JTM,BEKAERT,JIANGYIN,JIANGYIN,OTHERS,CHINA,Yes,,,,,,,,,,
REINFORCEMENT,1,RFOLISTIC_FDC,"Polyisocyanate, 100%",N,LANXESS,NEW MARTINSVILLE,New Martinsville,WV,USA,COHEDUR D331,,,,,,,,,OLISTIC_FDC,,, , ,N,,"AP, EMEA, LA, NA",,,,,LANXESS,"New Martinsville, WV, USA",New Martinsville,,LANXESS,NEW MARTINSVILLE,NEW MARTINSVILLE,WV,USA,Yes,,,,,,,,,,
REINFORCEMENT,1,RFFLAGIC_FDC,Liquid caustic soda (29.5%),N,INOVYN,BELGIUM,Tessenderlo,Others,Belgium,SODIUM HYDROXIDE 35/36 BE LTQ,,,,,,,,,FLAGIC_FDC,,, , ,N,,"AP, EMEA, LA, NA",,,,,Inovyn,Belgium,Tessenderlo,,INOVYN,BELGIUM,TESSENDERLO,OTHERS,BELGIUM,Yes,,,,,,,,,,
REINFORCEMENT,1,RFFINERIC_FDC,Finely ground technical grade Resorcinol,N,FARBWERKE HOECHST,GERMANY,,Others,Germany,GROUND RESORCINOL- TECH,,,,,,,,,FINERIC_FDC,,, , ,N,,"AP, EMEA, LA, NA",,,,,FARBWERKE HOECHST,GERMANY,,,FARBWERKE HOECHST,GERMANY,,OTHERS,GERMANY,Yes,,,,,,,,,,
REINFORCEMENT,1,RFFINERIC_FDC,Finely ground technical grade Resorcinol,N,ALCAJEN,TORONTO,Toronto,ON,Canada,UNSPECIFIED,,,,,,,,,FINERIC_FDC,,, , ,N,,"AP, EMEA, LA, NA",,,,,ALCAJEN,"Toronto, ON, Canada",Toronto,,ALCAJEN,TORONTO,TORONTO,ON,CANADA,Yes,,,,,,,,,,
REINFORCEMENT,1,RF2007C_FDC,Dispersed Carbon black in Water,N,HYOSUNG CORPORATION,DECATUR,Decatur,AL,USA,2007C,GOODYEAR TIRE AND RUBBER,AKRON,Akron,OH,USA,,,,2007C_FDC,,, , ,N,N,"AP, EMEA, LA, NA",,"AP, EMEA, LA, NA",,,HYOSUNG CORPORATION,"Decatur, AL, USA",Decatur,AIT,HYOSUNG CORPORATION,DECATUR,DECATUR,AL,USA,Yes,GOODYEAR TIRE AND RUBBER,"Akron, OH, USA",Akron,,GOODYEAR TIRE AND RUBBER,AKRON,AKRON,OH,USA,Yes
REINFORCEMENT,7,RFJOAX_FDC,FLAKE CAUSTIC SODA,N,PPG INDUSTRIES,TOLL-ORIENTAL SILICA,Taichung,Others,Taiwan,UNSPECIFIED,,,,,,,,,JOAX_FDC,,, , ,N,,"AP, EMEA, LA, NA",,,,,PPG INDUSTRIES,TOLL-Oriental Silica,Taichung,JAO,PPG INDUSTRIES,TOLL-ORIENTAL SILICA,TAICHUNG,OTHERS,TAIWAN,Yes,,,,,,,,,,
REINFORCEMENT,7,RFJOAX_FDC,FLAKE CAUSTIC SODA,N,INDUSTRIA QUIMICA ELECTRO CLORO,BRAZIL,,Others,Brazil,FLAKED CAUSTIC SODA,IND QUIMICAS BORDA CAMPO,UNSPECIFIED,,Others,Others,,,,JOAX_FDC,,, , ,N,N,"AP, EMEA, LA, NA",,"AP, EMEA, LA, NA",,,INDUSTRIA QUIMICA ELECTRO CLORO,Brazil,,DOESN'T EXIST IN SIS,INDUSTRIA QUIMICA ELECTRO CLORO,BRAZIL,,OTHERS,BRAZIL,Yes,IND QUIMICAS BORDA CAMPO,UNSPECIFIED,,,IND QUIMICAS BORDA CAMPO,UNSPECIFIED,,OTHERS,OTHERS,Yes
REINFORCEMENT,7,RFJOAX_FDC,FLAKE CAUSTIC SODA,N,INDUSTRIA QUIMICA ELECTRO CLORO,BRAZIL,,Others,Brazil,FLAKED CAUSTIC SODA,COSMOQUIMICA,UNSPECIFIED,,Others,Others,,,,JOAX_FDC,,, , ,N,N,"AP, EMEA, LA, NA",,"AP, EMEA, LA, NA",,,INDUSTRIA QUIMICA ELECTRO CLORO,Brazil,,DOESN'T EXIST IN SIS,INDUSTRIA QUIMICA ELECTRO CLORO,BRAZIL,,OTHERS,BRAZIL,Yes,COSMOQUIMICA,UNSPECIFIED,,,COSMOQUIMICA,UNSPECIFIED,,OTHERS,OTHERS,Yes
REINFORCEMENT,7,RFJOAX_FDC,FLAKE CAUSTIC SODA,N,INDUSTRIA QUIMICA ELECTRO CLORO,BRAZIL,,Others,Brazil,FLAKED CAUSTIC SODA,HERZOG,UNSPECIFIED,,Others,Others,,,,JOAX_FDC,,, , ,N,N,"AP, EMEA, LA, NA",,"AP, EMEA, LA, NA",,,INDUSTRIA QUIMICA ELECTRO CLORO,Brazil,,DOESN'T EXIST IN SIS,INDUSTRIA QUIMICA ELECTRO CLORO,BRAZIL,,OTHERS,BRAZIL,Yes,HERZOG,UNSPECIFIED,,,HERZOG,UNSPECIFIED,,OTHERS,OTHERS,Yes
REINFORCEMENT,7,RFJOAX_FDC,FLAKE CAUSTIC SODA,N,DIAMOND SHAMROCK CHEMICAL,UNSPECIFIED,,Others,Others,UNSPECIFIED,,,,,,,,,JOAX_FDC,,, , ,N,,"AP, EMEA, LA, NA",,,,,DIAMOND SHAMROCK CHEMICAL,UNSPECIFIED,,DOESN'T EXIST IN SIS,DIAMOND SHAMROCK CHEMICAL,UNSPECIFIED,,OTHERS,OTHERS,Yes,,,,,,,,,,
REINFORCEMENT,12,RFCAUSINE-A_FDC,"LIQUID CAUSTIC SODA, 50%",N,OCCIDENTAL CHEMICAL,NIAGARA FALLS,Niagara Falls,NY,USA,50 PCT. LIQUID CAUSTIC SODA,,,,,,,,,CAUSINE-A_FDC,,, , ,N,,"AP, EMEA, LA, NA",,,,,OCCIDENTAL CHEMICAL,"Niagara Falls, NY, USA",Niagara Falls,BHB,OCCIDENTAL CHEMICAL,NIAGARA FALLS,NIAGARA FALLS,NY,USA,Yes,,,,,,,,,,
REINFORCEMENT,12,RFCAUSINE-A_FDC,"LIQUID CAUSTIC SODA, 50%",N,DUPERIAL,ARGENTINA,,Others,Argentina,UNSPECIFIED,,,,,,,,,CAUSINE-A_FDC,,, , ,N,,"AP, EMEA, LA, NA",,,,,DUPERIAL,Argentina,,,DUPERIAL,ARGENTINA,,OTHERS,ARGENTINA,Yes,,,,,,,,,,
REINFORCEMENT,14,RFROSNIC_FDC,RESORCINOL,N,ZHEJIANG HONGSHENG CHEMICAL,SHANGYU,Shangyu,Others,China,Resorcinol,PRECISION MEASUREMENT INTERNATIONAL,WESTLAND,Westland,MI,USA,,,,ROSNIC_FDC,,, , ,N,N,"AP, EMEA, LA, NA",,"AP, EMEA, LA, NA",,,Zhejiang Hongsheng Chemical,Shangyu,Shangyu,JRY,ZHEJIANG HONGSHENG CHEMICAL,SHANGYU,SHANGYU,OTHERS,CHINA,Yes,Precision Measurement International,"Westland, MI",Westland,CWZ,PRECISION MEASUREMENT INTERNATIONAL,WESTLAND,WESTLAND,MI,USA,Yes
REINFORCEMENT,14,RFROSNIC_FDC,RESORCINOL,N,WUJIANG HUIFENG CHEMICALS FACTORY,ZHENGZE,Zhengze,Others,China,RESORCINOL,,,,,,,,,ROSNIC_FDC,,, , ,N,,"AP, EMEA, LA, NA",,,,,WUJIANG HUIFENG CHEMICALS FACTORY,"Zhengze, WUJIANG, China",Zhengze,,WUJIANG HUIFENG CHEMICALS FACTORY,ZHENGZE,ZHENGZE,OTHERS,CHINA,Yes,,,,,,,,,,
REINFORCEMENT,14,RFROSNIC_FDC,RESORCINOL,N,INDSPEC CHEMICAL,PETROLIA,Petrolia,PA,USA,RESORCINOL TECH GR-THICK FLAKE,,,,,,,,,ROSNIC_FDC,,, , ,N,,"AP, EMEA, LA, NA",,,,,INDSPEC CHEMICAL,"Petrolia, PA, USA",Petrolia,,INDSPEC CHEMICAL,PETROLIA,PETROLIA,PA,USA,Yes,,,,,,,,,,
REINFORCEMENT,14,RFROSNIC_FDC,RESORCINOL,N,DHARAMSI,MORARJI,MORARJI,Others,India,RESORCINOL,,,,,,,,,ROSNIC_FDC,,, , ,N,,"AP, EMEA, LA, NA",,,,,DHARAMSI,"MORARJI, INDIA",MORARJI,,DHARAMSI,MORARJI,MORARJI,OTHERS,INDIA,Yes,,,,,,,,,,
REINFORCEMENT,8,RFFENDIC_FDC,"Vinyl Pyridene Latex, 41% solids",N,JUBILANT ORGANOSYS,GUJARAT,Gujarat,Others,India,VP Latex,,,,,,,,,FENDIC_FDC,,, , ,N,,EMEA,,,,,Jubilant Organosys,Gujarat,Gujarat,,JUBILANT ORGANOSYS,GUJARAT,GUJARAT,OTHERS,INDIA,Yes,,,,,,,,,,
REINFORCEMENT,1,RF9503,SINGLE END BLEEDR CORD 250/1 DTEX COTTON (white),N,"OTEX, CHRANENA DILNA S.R.O.",OTEX,chr¿n¿n¿ d¿lna,Others,Czech Republic,BLEEDER,,,,,,,,,9503,,, , ,N,,"AP, EMEA, LA, NA",,,,,"OTEX, chr¿n¿n¿ d¿lna s.r.o.","OTEX, chr¿n¿n¿ d¿lna s.r.o.",chr¿n¿n¿ d¿lna,,"OTEX, CHRANENA DILNA S.R.O.",OTEX,CHRANENA DILNA,OTHERS,CZECH REPUBLIC,Yes,,,,,,,,,,
REINFORCEMENT,1,RF9504,SINGLE END BLEEDR CORD 250/1 DTEX COTTON (yellow),N,"OTEX, CHRANENA DILNA S.R.O.",OTEX,chr¿n¿n¿ d¿lna,Others,Czech Republic,BLEEDER,,,,,,,,,9504,,, , ,N,,"AP, EMEA, LA, NA",,,,,"OTEX, chr¿n¿n¿ d¿lna s.r.o.","OTEX, chr¿n¿n¿ d¿lna s.r.o.",chr¿n¿n¿ d¿lna,,"OTEX, CHRANENA DILNA S.R.O.",OTEX,CHRANENA DILNA,OTHERS,CZECH REPUBLIC,Yes,,,,,,,,,,
REINFORCEMENT,1,RFAQ28SH,"ARAMID, 1100/2, 10.8x10.8 TPI, 28 EPI, SH",Y,INDORAMA VENTURES MOBILITY,LUXEMBOURG,Steinfort,Others,Luxembourg,112AQ28SH,,,,,,,,,AQ28SH,,, , ,Y,,EMEA,,,,,INDORAMA VENTURES MOBILITY LUXEMBOURG (Textilcord),Luxembourg,Steinfort,EGN,INDORAMA VENTURES MOBILITY,LUXEMBOURG,STEINFORT,OTHERS,LUXEMBOURG,Yes,,,,,,,,,,
REINFORCEMENT,1,RFLF23SD,"NYLON 6, 1400/2, 10x10 TPI, 23 EPI, SD",Y,JUNMA,ZHANGJIAGANG,Zhangjiagang,Others,China,U07LF23SD,,,,,,,,,LF23SD,,, , ,Y,,"AP, EMEA, LA, NA",,,,,Junma,Zhangjiagang,Zhangjiagang,JNC,JUNMA,ZHANGJIAGANG,ZHANGJIAGANG,OTHERS,CHINA,No,,,,,,,,,,
REINFORCEMENT,1,RFQC28,AA HMLS POLYESTER 1100/1/2 12x12 TPI 28EPI,N,HYOSUNG CORPORATION,DONG NAI,Dong Nai,Others,Vietnam,QC28,,,,,,,,,QC28,,, , ,N,,AP,,,,,HYOSUNG CORPORATION,"Dong Nai, Vietnam",Dong Nai,JPK,HYOSUNG CORPORATION,DONG NAI,DONG NAI,OTHERS,VIETNAM,Yes,,,,,,,,,,
REINFORCEMENT,1,RFLP26JA,NYLON 6 2100/2 8x8 TPI 26 EPI JA,N,HYOSUNG CORPORATION,AMERICANA,Americana,Others,Brazil,LP26JA,,,,,,,,,LP26JA,,, , ,N,,LA,,,,,HYOSUNG CORPORATION,"Americana, SP, Brazil",Americana,,HYOSUNG CORPORATION,AMERICANA,AMERICANA,OTHERS,BRAZIL,No,,,,,,,,,,
REINFORCEMENT,1,RFQC28PF,AA HMLS POLYESTER 1100/1/2 12x12 TPI 28EPI PF,N,HYOSUNG CORPORATION,AMERICANA,Americana,Others,Brazil,S01QC28PF,,,,,,,,,QC28PF,,, , ,N,,LA,,,,,HYOSUNG CORPORATION,"Americana, SP, Brazil",Americana,,HYOSUNG CORPORATION,AMERICANA,AMERICANA,OTHERS,BRAZIL,No,,,,,,,,,,
REINFORCEMENT,1,RFRJ18SL,"RAYON, 2440/3, 6.5x6.5 TPI, 18 EPI, SL",N,SHRIRAM RAYON,KOTA,KOTA,Others,India,RJ18SL,,,,,,,,,RJ18SL,,, , ,N,,EMEA,,,,,SHRIRAM RAYON,"KOTA, RAJASTHAN, INDIA",KOTA,BVS,SHRIRAM RAYON,KOTA,KOTA,OTHERS,INDIA,Yes,,,,,,,,,,
REINFORCEMENT,1,RFAB155H,"Aramid 1670/2, 8.6x8.6 TPI, 15 EPI, SH",N,INDORAMA VENTURES MOBILITY,LUXEMBOURG,Steinfort,Others,Luxembourg,L01AB15SH,,,,,,,,,AB155H,,, , ,N,,EMEA,,,,,INDORAMA VENTURES MOBILITY LUXEMBOURG (Textilcord),Luxembourg,Steinfort,EGN,INDORAMA VENTURES MOBILITY,LUXEMBOURG,STEINFORT,OTHERS,LUXEMBOURG,Yes,,,,,,,,,,
REINFORCEMENT,1,RFPAJORIC_FDC,"Mixture of micronized inorganic solid, fatty esters, paraffinic oil, and silicon",N,VERSA CHEMICAL,DECATUR,Decatur,AL,USA,TACFOAM VCPAC,,,,,,,,,PAJORIC_FDC,,, , ,N,,"AP, EMEA, LA, NA",,,,,VERSA CHEMICAL,"Decatur, AL, USA",Decatur,,VERSA CHEMICAL,DECATUR,DECATUR,AL,USA,Yes,,,,,,,,,,
REINFORCEMENT,1,RFFINERIC_FDC,Finely ground technical grade Resorcinol,N,SAHYADRI DYESTUFF,INDIA,,Others,India,FLACKED TECH. RESORCINOL,,,,,,,,,FINERIC_FDC,,, , ,N,,"AP, EMEA, LA, NA",,,,,SAHYADRI DYESTUFF,INDIA,,,SAHYADRI DYESTUFF,INDIA,,OTHERS,INDIA,Yes,,,,,,,,,,
REINFORCEMENT,7,RFJOAX_FDC,FLAKE CAUSTIC SODA,N,AFRICAN EXPLOSIVES AND CHEMICAL,SOUTH AFRICA,,Others,South Africa,CAUSTIC SODA FLAKES,SCHAUDER AND SONS,UNSPECIFIED,,Others,Others,,,,JOAX_FDC,,, , ,N,N,"AP, EMEA, LA, NA",,"AP, EMEA, LA, NA",,,AFRICAN EXPLOSIVES AND CHEMICAL,SOUTH AFRICA,,DOESN'T EXIST IN SIS,AFRICAN EXPLOSIVES AND CHEMICAL,SOUTH AFRICA,,OTHERS,SOUTH AFRICA,Yes,SCHAUDER AND SONS,UNSPECIFIED,,,SCHAUDER AND SONS,UNSPECIFIED,,OTHERS,OTHERS,Yes
REINFORCEMENT,1,RFLP19JA,NYLON 6 2100/1/2 8 X 8 TPI 19EPI JA,N,INDORAMA VENTURES MOBILITY,QUERETARO,QUERETARO,Others,Mexico,LP19JA,,,,,,,,,LP19JA,,, , ,N,,"AP, EMEA, LA, NA",,,,,INDORAMA VENTURES MOBILITY (Performance Fibers),"QUERETARO, MEXICO",QUERETARO,BBJ,INDORAMA VENTURES MOBILITY,QUERETARO,QUERETARO,OTHERS,MEXICO,Yes,,,,,,,,,,
REINFORCEMENT,1,RFE09N,"470 DECITEX NYLON 6,6",Y,INVISTA,GLOUCESTER,Gloucester,Others,UK,T743,,,,,,,,,E09N,,, , ,Y,,"AP, EMEA, LA, NA",,,,,INVISTA,"Gloucester, UK",Gloucester,,INVISTA,GLOUCESTER,GLOUCESTER,OTHERS,UK,Yes,,,,,,,,,,
REINFORCEMENT,1,RF150A,670 DTEX ARAMID,N,DUPONT,COOPER RIVER,Cooper River,SC,USA,Kevlar K-29 AP,,,,,,,,,150A,,, , ,N,,"AP, EMEA, LA, NA",,,,,DUPONT,Cooper River,Cooper River,,DUPONT,COOPER RIVER,COOPER RIVER,SC,USA,Yes,,,,,,,,,,
REINFORCEMENT,1,RFWY,2+2x.22UT,Y,BEKAERT,IZMIT,"IZMIT, TURKEY",Others,Turkey,BA01WY,,,,,,,,,WY,,, , ,Y,,"AP, EMEA, LA, NA",,,,,BEKAERT,"IZMIT, TURKEY","IZMIT, TURKEY",APK,BEKAERT,IZMIT,"IZMIT, TURKEY",OTHERS,TURKEY,Yes,,,,,,,,,,
REINFORCEMENT,1,RFUF,3x7x.175 HE,N,BMZ,PLUSCORD,Zhlobin,Others,Belarus,D201UF,,,,,,,,,UF,,, , ,N,,"AP, EMEA",,,,,BMZ,"PLUSCORD, Zhlobin, Belarus",Zhlobin,EGK,BMZ,PLUSCORD,ZHLOBIN,OTHERS,BELARUS,Yes,,,,,,,,,,
REINFORCEMENT,1,RFCJ24WA,"HYBRID, 1400/1 + 1100/1, (5.5S/4.7Z)/4.7S, 24EPI, WA",Y,KORDSA,IZMIT,Izmit,Others,Turkey,AB2CJ24WA,,,,,,,,,CJ24WA,,, , ,Y,,EMEA,,,,,KORDSA,"Izmit, Turkey",Izmit,BXD,KORDSA,IZMIT,IZMIT,OTHERS,TURKEY,Yes,,,,,,,,,,
REINFORCEMENT,1,RFLF26JA,NYLON 6  1400/1/2 10 X 10 TPI 26EPI JA,N,HYOSUNG CORPORATION,AMERICANA,Americana,Others,Brazil,LF26JA,,,,,,,,,LF26JA,,, , ,N,,LA,Americana,,,Americana,HYOSUNG CORPORATION,"Americana, SP, Brazil",Americana,,HYOSUNG CORPORATION,AMERICANA,AMERICANA,OTHERS,BRAZIL,No,,,,,,,,,,
REINFORCEMENT,1,RFID25SD,"NYLON 6, 1880/2, 8.5x8.5 TPI, 25 EPI, SD",Y,JUNMA,ZHANGJIAGANG,Zhangjiagang,Others,China,U06ID25SD,,,,,,,,,ID25SD,,, , ,Y,,AP,,,,,Junma,Zhangjiagang,Zhangjiagang,JNC,JUNMA,ZHANGJIAGANG,ZHANGJIAGANG,OTHERS,CHINA,No,,,,,,,,,,
REINFORCEMENT,1,RFLP26SD,"NYLON 6, 2100/2, 8x8 TPI, 26 EPI, SD",Y,JUNMA,ZHANGJIAGANG,Zhangjiagang,Others,China,U05LP26SD,,,,,,,,,LP26SD,,, , ,Y,,AP,,,,,Junma,Zhangjiagang,Zhangjiagang,JNC,JUNMA,ZHANGJIAGANG,ZHANGJIAGANG,OTHERS,CHINA,No,,,,,,,,,,
REINFORCEMENT,1,RFNF26JF,"NYLON 6,6  1400/1/2 10 X 10 TPI 26EPI JF",N,KORDSA,CAMACARI,Camacari,BA,Brazil,NF26JF,,,,,,,,,NF26JF,,, , ,N,,LA,,,,,KORDSA,"Camacari, Brazil",Camacari,DBV,KORDSA,CAMACARI,CAMACARI,BA,BRAZIL,Yes,,,,,,,,,,
REINFORCEMENT,1,RFJH,0.89MM BEAD WIRE - HIGH TENSILE,Y,BEKAERT,IZMIT,"IZMIT, TURKEY",Others,Turkey,023JH,,,,,,,,,JH,,, , ,Y,,"AP, EMEA",,,,,BEKAERT,"IZMIT, TURKEY","IZMIT, TURKEY",APK,BEKAERT,IZMIT,"IZMIT, TURKEY",OTHERS,TURKEY,Yes,,,,,,,,,,
REINFORCEMENT,1,RFI18R,1220 Decitex  Rayon,N,SHRIRAM RAYON,KOTA,KOTA,Others,India,I18R,,,,,,,,,I18R,,, , ,N,,EMEA,,,,,SHRIRAM RAYON,"KOTA, RAJASTHAN, INDIA",KOTA,BVS,SHRIRAM RAYON,KOTA,KOTA,OTHERS,INDIA,Yes,,,,,,,,,,
REINFORCEMENT,1,RFI17R,2440 Decitex (2200)denier Rayon,N,SHRIRAM RAYON,KOTA,KOTA,Others,India,SAPCO TF-27,,,,,,,,,I17R,,, , ,N,,EMEA,,,,,SHRIRAM RAYON,"KOTA, RAJASTHAN, INDIA",KOTA,BVS,SHRIRAM RAYON,KOTA,KOTA,OTHERS,INDIA,Yes,,,,,,,,,,
REINFORCEMENT,7,RFJOAX_FDC,FLAKE CAUSTIC SODA,N,CANADIAN INDUSTRIES,CANADA,,Others,Canada,UNSPECIFIED,CANADA COLORS,TORONTO,Toronto,ON,Canada,,,,JOAX_FDC,,, , ,N,N,"AP, EMEA, LA, NA",,NA,,,CANADIAN INDUSTRIES,Canada,,DOESN'T EXIST IN SIS,CANADIAN INDUSTRIES,CANADA,,OTHERS,CANADA,Yes,CANADA COLORS,"Toronto, ON, Canada",Toronto,BKQ,CANADA COLORS,TORONTO,TORONTO,ON,CANADA,Yes
REINFORCEMENT,7,RFJOAX_FDC,FLAKE CAUSTIC SODA,N,CANADIAN INDUSTRIES,CANADA,,Others,Canada,UNSPECIFIED,NICHOLS CHEMICAL,CANADA,,Others,Canada,,,,JOAX_FDC,,, , ,N,N,"AP, EMEA, LA, NA",,NA,,,CANADIAN INDUSTRIES,Canada,,DOESN'T EXIST IN SIS,CANADIAN INDUSTRIES,CANADA,,OTHERS,CANADA,Yes,NICHOLS CHEMICAL,Canada,,,NICHOLS CHEMICAL,CANADA,,OTHERS,CANADA,Yes
REINFORCEMENT,7,RFJOAX_FDC,FLAKE CAUSTIC SODA,N,"ALLIED CHEMICAL, SOLVAY",BRUSSELS,Brussels,Others,Belgium,UNSPECIFIED,,,,,,,,,JOAX_FDC,,, , ,N,,"AP, EMEA, LA, NA",,,,,"ALLIED CHEMICAL, SOLVAY","Brussels, Belgium",Brussels,DOESN'T EXIST IN SIS,"ALLIED CHEMICAL, SOLVAY",BRUSSELS,BRUSSELS,OTHERS,BELGIUM,Yes,,,,,,,,,,
REINFORCEMENT,12,RFCAUSINE-A_FDC,"LIQUID CAUSTIC SODA, 50%",N,VULCAN MATERIALS,UNSPECIFIED,,Others,Others,"50 PCT. CAUSTIC SODA, REGULAR",,,,,,,,,CAUSINE-A_FDC,,, , ,N,,NA,,,,,VULCAN MATERIALS,UNSPECIFIED,,,VULCAN MATERIALS,UNSPECIFIED,,OTHERS,OTHERS,Yes,,,,,,,,,,
REINFORCEMENT,12,RFCAUSINE-A_FDC,"LIQUID CAUSTIC SODA, 50%",N,OLIN MATHIESON CHEMICAL,UNSPECIFIED,,Others,Others,50 PCT. LIQUID CAUSTIC SODA,,,,,,,,,CAUSINE-A_FDC,,, , ,N,,"AP, EMEA, LA, NA",,,,,OLIN MATHIESON CHEMICAL,UNSPECIFIED,,,OLIN MATHIESON CHEMICAL,UNSPECIFIED,,OTHERS,OTHERS,Yes,,,,,,,,,,
REINFORCEMENT,14,RFROSNIC_FDC,RESORCINOL,N,SUMITOMO CHEMICAL,TOKYO,Tokyo,Others,Japan,RESORCINOL,,,,,,,,,ROSNIC_FDC,,, , ,N,,"AP, EMEA, LA, NA",,,,,SUMITOMO CHEMICAL,Tokyo,Tokyo,,SUMITOMO CHEMICAL,TOKYO,TOKYO,OTHERS,JAPAN,Yes,,,,,,,,,,
REINFORCEMENT,7,RFFORMINE_FDC,FORMALDEHYDE METHANOL SOLUTION,N,HOECHST CELANESE CHEM GROUP,BISHOP,Bishop,TX,USA,FORMALDEHYDE METHANOL 37 PCT. SOL,HARWICK CHEMICAL,ITASCA,Itasca,IL,USA,,,,FORMINE_FDC,,, , ,N,N,"AP, EMEA, LA, NA",,"AP, EMEA, LA, NA",,,HOECHST CELANESE CHEM GROUP,"Bishop, TX, USA",Bishop,,HOECHST CELANESE CHEM GROUP,BISHOP,BISHOP,TX,USA,Yes,HARWICK CHEMICAL,Itasca,Itasca,,HARWICK CHEMICAL,ITASCA,ITASCA,IL,USA,Yes
REINFORCEMENT,7,RFFORMINE_FDC,FORMALDEHYDE METHANOL SOLUTION,N,HOECHST CELANESE CHEM GROUP,BISHOP,Bishop,TX,USA,FORMALDEHYDE METHANOL 37 PCT. SOL,UNIVAR,USA,,Others,USA,,,,FORMINE_FDC,,, , ,N,N,"AP, EMEA, LA, NA",,"AP, EMEA, LA, NA",,,HOECHST CELANESE CHEM GROUP,"Bishop, TX, USA",Bishop,,HOECHST CELANESE CHEM GROUP,BISHOP,BISHOP,TX,USA,Yes,UNIVAR,USA,,,UNIVAR,USA,,OTHERS,USA,Yes
REINFORCEMENT,7,RFFORMINE_FDC,FORMALDEHYDE METHANOL SOLUTION,N,DUPONT,UNSPECIFIED,,Others,Others,USP 37 PCT.,UNIVAR,USA,,Others,USA,,,,FORMINE_FDC,,, , ,N,N,"AP, EMEA, LA, NA",,"AP, EMEA, LA, NA",,,DUPONT,UNSPECIFIED,,,DUPONT,UNSPECIFIED,,OTHERS,OTHERS,Yes,UNIVAR,USA,,,UNIVAR,USA,,OTHERS,USA,Yes
REINFORCEMENT,7,RFFORMINE_FDC,FORMALDEHYDE METHANOL SOLUTION,N,CALDIC,NETHERLANDS,,Others,Netherlands,FORMALDEHYDE 37/13,,,,,,,,,FORMINE_FDC,,, , ,N,,"AP, EMEA, LA, NA",,,,,CALDIC,NETHERLANDS,,,CALDIC,NETHERLANDS,,OTHERS,NETHERLANDS,Yes,,,,,,,,,,
REINFORCEMENT,1,RFNX,"940/2 DECITEX NYLON 6,6 SED 12X12",Y,PMG ARDECHE,SAINT JULIEN EN SAINT ALBAN,Saint Julien en Saint Alban,Others,France,F02NX,,,,,,,,,NX,,, , ,Y,,"AP, EMEA, LA, NA",,,,,PMG Ardeche,Saint Julien en Saint Alban,Saint Julien en Saint Alban,BRV,PMG ARDECHE,SAINT JULIEN EN SAINT ALBAN,SAINT JULIEN EN SAINT ALBAN,OTHERS,FRANCE,Yes,,,,,,,,,,
REINFORCEMENT,8,RFFENDIC_FDC,"Vinyl Pyridene Latex, 41% solids",N,LG CHEMICAL,DAESAN LINES #A/B/C,Lines A/B/C Approved - Daesan,Others,South Korea,VL-1060,,,,,,,,,FENDIC_FDC,,, , ,N,,"AP, EMEA, LA, NA",,,,,LG CHEMICAL,Lines A/B/C Approved - Daesan,Lines A/B/C Approved - Daesan,JAG,LG CHEMICAL,DAESAN LINES #A/B/C,DAESAN,OTHERS,SOUTH KOREA,Yes,,,,,,,,,,
REINFORCEMENT,1,RFLF26SD,"NYLON 6, 1400/2, 10x10 TPI, 26 EPI, SD",Y,JUNMA,ZHANGJIAGANG,Zhangjiagang,Others,China,U07LF26SD,,,,,,,,,LF26SD,,, , ,Y,,"AP, EMEA, LA, NA",,,,,Junma,Zhangjiagang,Zhangjiagang,JNC,JUNMA,ZHANGJIAGANG,ZHANGJIAGANG,OTHERS,CHINA,No,,,,,,,,,,
REINFORCEMENT,1,RFNV_1,Knitted High Tack Water Based Beadwrap 78/2 dtex N66 (55x43 ends/dm),Y,MILLIKEN,GHENT,Ghent,Others,Belgium,L02NV-1,,,,,,,,,NV_1,,, , ,Y,,EMEA,,,,,MILLIKEN,"Ghent, Belgium",Ghent,AJE,MILLIKEN,GHENT,GHENT,OTHERS,BELGIUM,Yes,,,,,,,,,,
REINFORCEMENT,1,RFWL,2x.295 HT,Y,BEKAERT,ROGERS,Rogers,AR,USA,BB02WL,,,,,,,,,WL,,, , ,Y,,"AP, EMEA, LA, NA",,,,,BEKAERT,"Rogers, AR, USA",Rogers,AMX,BEKAERT,ROGERS,ROGERS,AR,USA,Yes,,,,,,,,,,
REINFORCEMENT,1,RFCH,"1.83MM BEAD WIRE - HIGH TENSILE
(Cooper Code 9024)",Y,KERN,TRINEC - KONSKA,Trinec - Konska,Others,Czech Republic,391CH,,,,,,,,,CH,,, , ,Y,,"AP, EMEA, LA, NA",,,,,Kern,Trinec - Konska,Trinec - Konska,EOZ,KERN,TRINEC - KONSKA,TRINEC - KONSKA,OTHERS,CZECH REPUBLIC,Yes,,,,,,,,,,
REINFORCEMENT,1,RFPM26HF,"NON-AA HMULS PET, 2200/1/2, 8.5x8.5 TPI, 26 EPI, HF",Y,KOLON,GUMI,Gumi,Others,South Korea,K34PM26HF,,,,,,,,,PM26HF,,, , ,Y,,"AP, EMEA",,,,,KOLON,"Gumi, South Korea",Gumi,BJZ,KOLON,GUMI,GUMI,OTHERS,SOUTH KOREA,Yes,,,,,,,,,,
REINFORCEMENT,1,RFNG27SH,"Nylon 66 1400/2, 6x6 TPI, 27 EPI, SH",Y,INDORAMA VENTURES MOBILITY,LUXEMBOURG,Steinfort,Others,Luxembourg,Z01NG27SH,,,,,,,,,NG27SH,,, , ,Y,,EMEA,,,,,INDORAMA VENTURES MOBILITY LUXEMBOURG (Textilcord),Luxembourg,Steinfort,EGN,INDORAMA VENTURES MOBILITY,LUXEMBOURG,STEINFORT,OTHERS,LUXEMBOURG,Yes,,,,,,,,,,
REINFORCEMENT,1,RFAB15SH,"Aramid 1670/2, 8.6x8.6 TPI, 15 EPI, SH",Y,INDORAMA VENTURES MOBILITY,LUXEMBOURG,Steinfort,Others,Luxembourg,L01AB15SH,,,,,,,,,AB15SH,,, , ,Y,,EMEA,,,,,INDORAMA VENTURES MOBILITY LUXEMBOURG (Textilcord),Luxembourg,Steinfort,EGN,INDORAMA VENTURES MOBILITY,LUXEMBOURG,STEINFORT,OTHERS,LUXEMBOURG,Yes,,,,,,,,,,
REINFORCEMENT,1,RFLN,1100/1 DECITEX NYLON 6 WOVEN 14X14,Y,SHRIRAM RAYON,SHRIRAM RAYON,KOTA,Others,India,I42LN,,,,,,,,,LN,,, , ,Y,,"AP, EMEA, LA, NA",,,,,SHRIRAM RAYON,Shriram Rayon,KOTA,,SHRIRAM RAYON,SHRIRAM RAYON,KOTA,OTHERS,INDIA,No,,,,,,,,,,
REINFORCEMENT,1,RFCB20YF,"MERGED CORD 1100DTEX ARAMID/940 DTEX NYLON 6,6 20 EPI YF",Y,KORDSA,IZMIT,Izmit,Others,Turkey,AN1CB20YF,,,,,,,,,CB20YF,,, , ,Y,,EMEA,,,,,KORDSA,"Izmit, Turkey",Izmit,BXD,KORDSA,IZMIT,IZMIT,OTHERS,TURKEY,Yes,,,,,,,,,,
REINFORCEMENT,1,RFREUTIC_FDC,Aqueous of dispersion of resorcinol/formaldehyde resin and carbon black - 27% so,N,ROBIN,USELDANGE,USELDANGE,Others,Luxembourg,AEROTECH 1430,,,,,,,,,REUTIC_FDC,,, , ,N,,"AP, EMEA, LA, NA",,,,,ROBIN,USELDANGE,USELDANGE,,ROBIN,USELDANGE,USELDANGE,OTHERS,LUXEMBOURG,Yes,,,,,,,,,,
REINFORCEMENT,1,RFMAJEFIC_FDC,"Sodium hydroxide, 23% by weight in aqueous solution",N,HARCROSS PIGMENTS (GEOGIA PACIFIC),MUSCLE SCHOALS,Muscle Schoals,AL,USA,23 PCT. NAOH AQ SOL'N,,,,,,,,,MAJEFIC_FDC,,, , ,N,,"AP, EMEA, LA, NA",,,,,HARCROSS PIGMENTS (GEOGIA PACIFIC),"Muscle Schoals, AL, USA",Muscle Schoals,,HARCROSS PIGMENTS (GEOGIA PACIFIC),MUSCLE SCHOALS,MUSCLE SCHOALS,AL,USA,Yes,,,,,,,,,,
REINFORCEMENT,1,RFBUJIC_FDC,"An aqueous dispersion of a fine particle polyepoxide derived from an ortho
-cre",N,HUNTSMAN,BREWSTER,Brewster,NY,USA,ECN-1400,,,,,,,,,BUJIC_FDC,,, , ,N,,"AP, EMEA, LA, NA",,,,,HUNTSMAN,Brewster,Brewster,,HUNTSMAN,BREWSTER,BREWSTER,NY,USA,Yes,,,,,,,,,,
REINFORCEMENT,12,RFCAUSINE-A_FDC,"LIQUID CAUSTIC SODA, 50%",N,GEORGIA GULF,PLAQUEMINE,Plaquemine,LA,USA,"LIQUID CAUSTIC SODA, 50 PCT.",,,,,,,,,CAUSINE-A_FDC,,, , ,N,,NA,,,,,GEORGIA GULF,"Plaquemine, LA, USA",Plaquemine,,GEORGIA GULF,PLAQUEMINE,PLAQUEMINE,LA,USA,Yes,,,,,,,,,,
REINFORCEMENT,12,RFCAUSINE-A_FDC,"LIQUID CAUSTIC SODA, 50%",N,CANADIAN INDUSTRIES,CANADA,,Others,Canada,"CAUSTIC SODA, 50 PCT.",,,,,,,,,CAUSINE-A_FDC,,, , ,N,,NA,,,,,CANADIAN INDUSTRIES,Canada,,DOESN'T EXIST IN SIS,CANADIAN INDUSTRIES,CANADA,,OTHERS,CANADA,Yes,,,,,,,,,,
REINFORCEMENT,11,RFKINSIC_FDC,COPOLYMER LATEX OF BUTADIENE & STYRENE,N,NIPPON ZEON,TOKOYUMA,TOKOYUMA,Others,Japan,LX110,MITSUBISHI,UNSPECIFIED,,Others,Others,,,,KINSIC_FDC,,, , ,N,N,"AP, EMEA, LA, NA",,"AP, EMEA, LA, NA",,,NIPPON ZEON,"TOKOYUMA, JAPAN",TOKOYUMA,,NIPPON ZEON,TOKOYUMA,TOKOYUMA,OTHERS,JAPAN,Yes,MITSUBISHI,UNSPECIFIED,,,MITSUBISHI,UNSPECIFIED,,OTHERS,OTHERS,Yes
REINFORCEMENT,1,RF9506,Ne24 (Nm40.6) Cotton combed yarn,N,VARVARESSOS S.A.,VARVARESSOS S.A.,Naousa,Others,Greece,9506,,,,,,,,,9506,,, , ,N,,"AP, EMEA, LA, NA",,,,,Varvaressos S.A.,Varvaressos S.A.,Naousa,,VARVARESSOS S.A.,VARVARESSOS S.A.,NAOUSA,OTHERS,GREECE,Yes,,,,,,,,,,
REINFORCEMENT,1,RFLC16SD,"NYLON 6, 940/2, 12x12 TPI, 16 EPI, SD",Y,JUNMA,ZHANGJIAGANG,Zhangjiagang,Others,China,U08LC16SD,,,,,,,,,LC16SD,,, , ,Y,,AP,,,,,Junma,Zhangjiagang,Zhangjiagang,JNC,JUNMA,ZHANGJIAGANG,ZHANGJIAGANG,OTHERS,CHINA,No,,,,,,,,,,
REINFORCEMENT,1,RFTC28HF,HMLS POLYESTER  1100/1/2 12x12 TPI 28EPI HF,N,KOLON,NANJING,Nanjing,Others,China,TC28HF,,,,,,,,,TC28HF,,, , ,N,,"AP, EMEA",,,,,KOLON,Nanjing,Nanjing,JPJ,KOLON,NANJING,NANJING,OTHERS,CHINA,Yes,,,,,,,,,,
REINFORCEMENT,1,RFUK,2+2x.35 ST,N,BEKAERT,ROGERS,Rogers,AR,USA,BB02UK,,,,,,,,,UK,,, , ,N,,NA,,,,,BEKAERT,"Rogers, AR, USA",Rogers,AMX,BEKAERT,ROGERS,ROGERS,AR,USA,Yes,,,,,,,,,,
REINFORCEMENT,1,RFRW31SL,"RAYON, 1220/1/2, 12.3x12.3 TPI, 31 EPI, SL",N,SHRIRAM RAYON,SHRIRAM RAYON,KOTA,Others,India,RW31SL,,,,,,,,,RW31SL,,, , ,N,,EMEA,,,,,SHRIRAM RAYON,Shriram Rayon,KOTA,,SHRIRAM RAYON,SHRIRAM RAYON,KOTA,OTHERS,INDIA,No,,,,,,,,,,
REINFORCEMENT,1,RFNF30JA,"NYLON 6,6  1400/1/2 10 X 10 TPI 30EPI JA",Y,HYOSUNG CORPORATION,DONG NAI,Dong Nai,Others,Vietnam,S02NF30JA,,,,,,,,,NF30JA,,, , ,Y,,"AP, EMEA, LA, NA",,,,,HYOSUNG CORPORATION,"Dong Nai, Vietnam",Dong Nai,JPK,HYOSUNG CORPORATION,DONG NAI,DONG NAI,OTHERS,VIETNAM,Yes,,,,,,,,,,
REINFORCEMENT,1,RFMADRIC_FDC,Aqueous dispersion of a fine particle polyepoxide derived from an ortho-cresol f,N,MOMENTIVE PERFORMANCE MATERIALS,BEDFORD PARK (ARGO),,IL,USA,EPI-REZ 3530-W-68,,,,,,,,,MADRIC_FDC,,, , ,N,,"AP, EMEA, LA, NA",,,,,MOMENTIVE PERFORMANCE MATERIALS,"BEDFORD PARK (ARGO), IL, USA",,,MOMENTIVE PERFORMANCE MATERIALS,BEDFORD PARK (ARGO),,IL,USA,Yes,,,,,,,,,,
REINFORCEMENT,1,RFLISIC_FDC,"Viscous liquid polyisocyanate, 100%",N,LANXESS,UERDINGEN,UERDINGEN,Others,Germany,MODIFIED COHEDUR E 230,,,,,,,,,LISIC_FDC,,, , ,N,,"AP, EMEA, LA, NA",,,,,LANXESS,"UERDINGEN, GERMANY",UERDINGEN,,LANXESS,UERDINGEN,UERDINGEN,OTHERS,GERMANY,Yes,,,,,,,,,,
REINFORCEMENT,7,RFJOAX_FDC,FLAKE CAUSTIC SODA,N,BILLARPUR,INDIA,,Others,India,UNSPECIFIED,,,,,,,,,JOAX_FDC,,, , ,N,,"AP, EMEA, LA, NA",,,,,BILLARPUR,INDIA,,,BILLARPUR,INDIA,,OTHERS,INDIA,Yes,,,,,,,,,,
REINFORCEMENT,12,RFCAUSINE-A_FDC,"LIQUID CAUSTIC SODA, 50%",N,PPG INDUSTRIES,TOLL-ORIENTAL SILICA,Taichung,Others,Taiwan,E-50 CAUSTIC LIQUID 50 PCT.,KA STEEL CHEMICALS,UNSPECIFIED,,Others,Others,,,,CAUSINE-A_FDC,,, , ,N,N,"AP, EMEA, LA, NA",,"AP, EMEA, LA, NA",,,PPG INDUSTRIES,TOLL-Oriental Silica,Taichung,JAO,PPG INDUSTRIES,TOLL-ORIENTAL SILICA,TAICHUNG,OTHERS,TAIWAN,Yes,KA STEEL CHEMICALS,UNSPECIFIED,,,KA STEEL CHEMICALS,UNSPECIFIED,,OTHERS,OTHERS,Yes
REINFORCEMENT,12,RFCAUSINE-A_FDC,"LIQUID CAUSTIC SODA, 50%",N,OCCIDENTAL CHEMICAL,DEER PARK,Deer Park,TX,USA,50 PCT. DIAPHRAGM CAUSTIC SODA,,,,,,,,,CAUSINE-A_FDC,,, , ,N,,NA,,,,,OCCIDENTAL CHEMICAL,"Deer Park, TX, USA",Deer Park,BHB,OCCIDENTAL CHEMICAL,DEER PARK,DEER PARK,TX,USA,Yes,,,,,,,,,,
REINFORCEMENT,14,RFROSNIC_FDC,RESORCINOL,N,MITSUI PETROCHEM INDUSTRIES,JAPAN,,Others,Japan,RESORCINOL,,,,,,,,,ROSNIC_FDC,,, , ,N,,"AP, EMEA, LA, NA",,,,,MITSUI PETROCHEM INDUSTRIES,JAPAN,,,MITSUI PETROCHEM INDUSTRIES,JAPAN,,OTHERS,JAPAN,Yes,,,,,,,,,,
REINFORCEMENT,14,RFROSNIC_FDC,RESORCINOL,N,INDSPEC CHEMICAL,PETROLIA,Petrolia,PA,USA,RESORCINOL - TECH,,,,,,,,,ROSNIC_FDC,,, , ,N,,"AP, EMEA, LA, NA",,,,,INDSPEC CHEMICAL,"Petrolia, PA, USA",Petrolia,,INDSPEC CHEMICAL,PETROLIA,PETROLIA,PA,USA,Yes,,,,,,,,,,
REINFORCEMENT,1,RFTV27HF,"1670/1/2 HMLS PET 8.5x8.5 tpi, 27 epi, HF",N,HYOSUNG CORPORATION,DONG NAI,Dong Nai,Others,Vietnam,TV27HF,,,,,,,,,TV27HF,,, , ,N,,"AP, LA, NA",,,,,HYOSUNG CORPORATION,"Dong Nai, Vietnam",Dong Nai,JPK,HYOSUNG CORPORATION,DONG NAI,DONG NAI,OTHERS,VIETNAM,Yes,,,,,,,,,,
REINFORCEMENT,8,RFFENDIC_FDC,"Vinyl Pyridene Latex, 41% solids",N,SYNTHOMER-OMNOVA SOLUTIONS,LE HAVRE,LE HAVRE,Others,France,PLIOCORD LATEXVP 106,,,,,,,,,FENDIC_FDC,,, , ,N,,"AP, EMEA, LA, NA",,,,,Synthomer-OMNOVA SOLUTIONS,"LE HAVRE, FRANCE",LE HAVRE,,SYNTHOMER-OMNOVA SOLUTIONS,LE HAVRE,LE HAVRE,OTHERS,FRANCE,Yes,,,,,,,,,,
REINFORCEMENT,8,RFFENDIC_FDC,"Vinyl Pyridene Latex, 41% solids",N,SYNTHOMER-OMNOVA SOLUTIONS,CALHOUN,Calhoun,GA,USA,GENTAC 106,,,,,,,,,FENDIC_FDC,,, , ,N,,"AP, EMEA, LA, NA",,,,,Synthomer-OMNOVA SOLUTIONS,"Calhoun, GA, USA",Calhoun,,SYNTHOMER-OMNOVA SOLUTIONS,CALHOUN,CALHOUN,GA,USA,Yes,,,,,,,,,,
REINFORCEMENT,8,RFFENDIC_FDC,"Vinyl Pyridene Latex, 41% solids",N,SYNTHOMER-OMNOVA SOLUTIONS,MOGADORE,Mogadore,OH,USA,GENTAC 118,,,,,,,,,FENDIC_FDC,,, , ,N,,"AP, EMEA, LA, NA",,,,,Synthomer-OMNOVA SOLUTIONS,"Mogadore, OH, USA",Mogadore,,SYNTHOMER-OMNOVA SOLUTIONS,MOGADORE,MOGADORE,OH,USA,Yes,,,,,,,,,,
REINFORCEMENT,8,RFFENDIC_FDC,"Vinyl Pyridene Latex, 41% solids",N,NITRIFLEX,BRAZIL,,Others,Brazil,NITRIFLEX VP 106,,,,,,,,,FENDIC_FDC,,, , ,N,,"AP, EMEA, LA, NA",,,,,NITRIFLEX,Brazil,,,NITRIFLEX,BRAZIL,,OTHERS,BRAZIL,Yes,,,,,,,,,,
REINFORCEMENT,8,RFFENDIC_FDC,"Vinyl Pyridene Latex, 41% solids",N,SYNTHOMER-OMNOVA SOLUTIONS,CALHOUN,Calhoun,GA,USA,GENTAC 1180,,,,,,,,,FENDIC_FDC,,, , ,N,,"AP, EMEA, LA, NA",,,,,Synthomer-OMNOVA SOLUTIONS,"Calhoun, GA, USA",Calhoun,,SYNTHOMER-OMNOVA SOLUTIONS,CALHOUN,CALHOUN,GA,USA,Yes,,,,,,,,,,
REINFORCEMENT,1,RFU07L,1400 Decitex NYLON 6,Y,JUNMA,ZHANGJIAGANG,Zhangjiagang,Others,China,U07L,,,,,,,,,U07L,,, , ,Y,,AP,,,,,Junma,Zhangjiagang,Zhangjiagang,JNC,JUNMA,ZHANGJIAGANG,ZHANGJIAGANG,OTHERS,CHINA,No,,,,,,,,,,
REINFORCEMENT,1,RFUS,3+2x.35 ST,N,BEKAERT,ROGERS,Rogers,AR,USA,BB02US,,,,,,,,,US,,, , ,N,,"AP, NA",,,,,BEKAERT,"Rogers, AR, USA",Rogers,AMX,BEKAERT,ROGERS,ROGERS,AR,USA,Yes,,,,,,,,,,
REINFORCEMENT,1,RFBS22SG,"NYLON 6,6 1400/2, 9.3x9.1 TPI, 22 EPI, SG",Y,KORDSA,IZMIT,Izmit,Others,Turkey,Z01BS22SG,,,,,,,,,BS22SG,,, , ,Y,,EMEA,,,,,KORDSA,"Izmit, Turkey",Izmit,BXD,KORDSA,IZMIT,IZMIT,OTHERS,TURKEY,Yes,,,,,,,,,,
REINFORCEMENT,1,RFNZ26SH,"NYLON 66, 940/1/2, 12.2x12.2 TPI, 26 EPI, SH",Y,INDORAMA VENTURES MOBILITY,LUXEMBOURG,Steinfort,Others,Luxembourg,G08NZ26SH,,,,,,,,,NZ26SH,,, , ,Y,,EMEA,,,,,INDORAMA VENTURES MOBILITY LUXEMBOURG (Textilcord),Luxembourg,Steinfort,EGN,INDORAMA VENTURES MOBILITY,LUXEMBOURG,STEINFORT,OTHERS,LUXEMBOURG,Yes,,,,,,,,,,
REINFORCEMENT,1,RFNF23JA,"NYLON 6,6  1400/1/2 10x10 TPI 23EPI JA",N,INDORAMA VENTURES MOBILITY,LUXEMBOURG,Steinfort,Others,Luxembourg,NF23JA,,,,,,,,,NF23JA,,, , ,N,,EMEA,,,,,INDORAMA VENTURES MOBILITY LUXEMBOURG (Textilcord),Luxembourg,Steinfort,EGN,INDORAMA VENTURES MOBILITY,LUXEMBOURG,STEINFORT,OTHERS,LUXEMBOURG,Yes,,,,,,,,,,
REINFORCEMENT,1,RFUK,2+2x.35 ST,Y,BEKAERT,ITAUNA - MG BRAZIL (STEEL CORD),Itauna,Others,Brazil,BC01UK,,,,,,,,,UK,,, , ,Y,,"AP, LA, NA",,,,,BEKAERT,"Itauna, MG, Brazil (Steel Cord)",Itauna,DAG,BEKAERT,ITAUNA - MG BRAZIL (STEEL CORD),ITAUNA,OTHERS,BRAZIL,Yes,,,,,,,,,,
REINFORCEMENT,1,RFSTUMITE_FDC,Cold fatty acid styrene-butadiene copolymer latex containing 40.5% solids and 23,N,GOODYEAR TIRE AND RUBBER,HOUSTON,Houston,TX,USA,SB2108,,,,,,,,,STUMITE_FDC,,, , ,N,,"AP, EMEA, LA, NA",,,,,GOODYEAR TIRE AND RUBBER,Houston,Houston,AID,GOODYEAR TIRE AND RUBBER,HOUSTON,HOUSTON,TX,USA,Yes,,,,,,,,,,
REINFORCEMENT,1,RFALGIC_FDC,Caprolactam blocked methylene-bis-(4phenylisocyanate) - Grilbond IL-6,N,EMS-GRILTECH,REICHENAUERSTRASSE,Reichenauerstrasse,Others,Switzerland,Grillbond IL-6 50,,,,,,,,,ALGIC_FDC,,, , ,N,,"AP, EMEA, LA, NA",,,,,EMS-Griltech,Reichenauerstrasse,Reichenauerstrasse,,EMS-GRILTECH,REICHENAUERSTRASSE,REICHENAUERSTRASSE,OTHERS,SWITZERLAND,Yes,,,,,,,,,,
REINFORCEMENT,1,RF2029C_FDC,Resorcinol/Formaldehyde resin,N,HYOSUNG CORPORATION,DECATUR,Decatur,AL,USA,2029C,GOODYEAR TIRE AND RUBBER,AKRON,Akron,OH,USA,,,,2029C_FDC,,, , ,N,N,"AP, EMEA, LA, NA",,"AP, EMEA, LA, NA",,,HYOSUNG CORPORATION,"Decatur, AL, USA",Decatur,AIT,HYOSUNG CORPORATION,DECATUR,DECATUR,AL,USA,Yes,GOODYEAR TIRE AND RUBBER,"Akron, OH, USA",Akron,,GOODYEAR TIRE AND RUBBER,AKRON,AKRON,OH,USA,Yes
REINFORCEMENT,7,RFJOAX_FDC,FLAKE CAUSTIC SODA,N,INDUSTRIAS QUIMICAS DEL ISTMO,MEXICO,,Others,Mexico,SOSA CAUSTICA EN ECOMAS,ESPECIALIDADES,MEXICO,,Others,Mexico,,,,JOAX_FDC,,, , ,N,N,"AP, EMEA, LA, NA",,"AP, EMEA, LA, NA",,,INDUSTRIAS QUIMICAS DEL ISTMO,MEXICO,,DOESN'T EXIST IN SIS,INDUSTRIAS QUIMICAS DEL ISTMO,MEXICO,,OTHERS,MEXICO,Yes,ESPECIALIDADES,MEXICO,,,ESPECIALIDADES,MEXICO,,OTHERS,MEXICO,Yes
REINFORCEMENT,12,RFCAUSINE-A_FDC,"LIQUID CAUSTIC SODA, 50%",N,DOW CHEMICAL,CANADA,,Others,Canada,"CAUSTIC SODA, 50 PCT.",,,,,,,,,CAUSINE-A_FDC,,, , ,N,,"AP, EMEA, LA, NA",,,,,DOW CHEMICAL,Canada,,ALW,DOW CHEMICAL,CANADA,,OTHERS,CANADA,Yes,,,,,,,,,,
REINFORCEMENT,12,RFCAUSINE-A_FDC,"LIQUID CAUSTIC SODA, 50%",N,"ALLIED CHEMICAL, SOLVAY",BRUSSELS,Brussels,Others,Belgium,50 PCT. LIQUID CAUSTIC SODA,,,,,,,,,CAUSINE-A_FDC,,, , ,N,,"AP, EMEA, LA, NA",,,,,"ALLIED CHEMICAL, SOLVAY","Brussels, Belgium",Brussels,DOESN'T EXIST IN SIS,"ALLIED CHEMICAL, SOLVAY",BRUSSELS,BRUSSELS,OTHERS,BELGIUM,Yes,,,,,,,,,,
REINFORCEMENT,12,RFCAUSINE-A_FDC,"LIQUID CAUSTIC SODA, 50%",N,"ALLIED CHEMICAL, SOLVAY",BRUSSELS,Brussels,Others,Belgium,"LESSIVE CAUST TITR, 32 PCT./20 PCT. NAOH",,,,,,,,,CAUSINE-A_FDC,,, , ,N,,"AP, EMEA, LA, NA",,,,,"ALLIED CHEMICAL, SOLVAY","Brussels, Belgium",Brussels,DOESN'T EXIST IN SIS,"ALLIED CHEMICAL, SOLVAY",BRUSSELS,BRUSSELS,OTHERS,BELGIUM,Yes,,,,,,,,,,
REINFORCEMENT,14,RFROSNIC_FDC,RESORCINOL,N,SUMITOMO CHEMICAL,OSAKA,OSAKA,Others,Japan,RESORCINOL,,,,,,,,,ROSNIC_FDC,,, , ,N,,"AP, EMEA, LA, NA",,,,,SUMITOMO CHEMICAL,"OSAKA, JAPAN",OSAKA,,SUMITOMO CHEMICAL,OSAKA,OSAKA,OTHERS,JAPAN,Yes,,,,,,,,,,
REINFORCEMENT,14,RFROSNIC_FDC,RESORCINOL,N,CHANGZHOU CHANG-HONG CHEMICAL,JIANGSU,Jiangsu,Others,China,00117C,,,,,,,,,ROSNIC_FDC,,, , ,N,,"AP, EMEA, LA, NA",,,,,CHANGZHOU CHANG-HONG CHEMICAL,"Jiangsu, China",Jiangsu,,CHANGZHOU CHANG-HONG CHEMICAL,JIANGSU,JIANGSU,OTHERS,CHINA,Yes,,,,,,,,,,
REINFORCEMENT,14,RFROSNIC_FDC,RESORCINOL,N,ATUL,GUJARAT,GUJARAT,Others,India,RESORCINOL - TECHNICAL GRADE,,,,,,,,,ROSNIC_FDC,,, , ,N,,"AP, EMEA, LA, NA",,,,,ATUL,"GUJARAT, INDIA",GUJARAT,JMP,ATUL,GUJARAT,GUJARAT,OTHERS,INDIA,Yes,,,,,,,,,,
REINFORCEMENT,1,RF9505,SINGLE END BLEEDR CORD 250/1 DTEX COTTON (red),N,"OTEX, CHRANENA DILNA S.R.O.",OTEX,chr¿n¿n¿ d¿lna,Others,Czech Republic,BLEEDER,,,,,,,,,9505,,, , ,N,,"AP, EMEA, LA, NA",,,,,"OTEX, chr¿n¿n¿ d¿lna s.r.o.","OTEX, chr¿n¿n¿ d¿lna s.r.o.",chr¿n¿n¿ d¿lna,,"OTEX, CHRANENA DILNA S.R.O.",OTEX,CHRANENA DILNA,OTHERS,CZECH REPUBLIC,Yes,,,,,,,,,,
REINFORCEMENT,1,RFCB28YF,"MERGED CORD 1100/2 DTEX ARAMID + 940/1 DTEX NYLON 6,6 28 EPI YF",Y,HYOSUNG CORPORATION,LISA,LISA,Others,Luxembourg,AN1CB28YF,,,,,,,,,CB28YF,,, , ,Y,,EMEA,,,,,HYOSUNG CORPORATION,"LISA, LUXEMBOURG",LISA,AIG,HYOSUNG CORPORATION,LISA,LISA,OTHERS,LUXEMBOURG,Yes,,,,,,,,,,
REINFORCEMENT,1,RFBK30GA,"NYLON 6,6 2100/1 0X3S TPI 30EPI GA",Y,KORDSA,IZMIT,Izmit,Others,Turkey,Z03BK30GA,,,,,,,,,BK30GA,,, , ,Y,,"AP, EMEA, LA, NA",,,,,KORDSA,"Izmit, Turkey",Izmit,BXD,KORDSA,IZMIT,IZMIT,OTHERS,TURKEY,Yes,,,,,,,,,,
REINFORCEMENT,1,RFQC32PF,"AA-HMLS POLYESTER, 1100/2, 12x12 TPI, 32 EPI, PF",N,HYOSUNG CORPORATION,LISA,LISA,Others,Luxembourg,QC32PF,,,,,,,,,QC32PF,,, , ,N,,"AP, EMEA, LA, NA",,,,,HYOSUNG CORPORATION,"LISA, LUXEMBOURG",LISA,AIG,HYOSUNG CORPORATION,LISA,LISA,OTHERS,LUXEMBOURG,Yes,,,,,,,,,,
REINFORCEMENT,1,RFRN26SH,"	RAYON, 1840/3, 9.1x9.1 TPI, 26 EPI, SH",Y,INDORAMA VENTURES MOBILITY,LUXEMBOURG,Steinfort,Others,Luxembourg,Q10RN26SH,,,,,,,,,RN26SH,,, , ,Y,,EMEA,,,,,INDORAMA VENTURES MOBILITY LUXEMBOURG (Textilcord),Luxembourg,Steinfort,EGN,INDORAMA VENTURES MOBILITY,LUXEMBOURG,STEINFORT,OTHERS,LUXEMBOURG,Yes,,,,,,,,,,
REINFORCEMENT,1,RFFN,4+3x.35 UT,N,BEKAERT,ROGERS,Rogers,AR,USA,BB02FN,,,,,,,,,FN,,, , ,N,,"LA, NA",,,,,BEKAERT,"Rogers, AR, USA",Rogers,AMX,BEKAERT,ROGERS,ROGERS,AR,USA,Yes,,,,,,,,,,
REINFORCEMENT,7,RFFORMINE_FDC,FORMALDEHYDE METHANOL SOLUTION,N,LAMBIOTTE,MARBEHAN,Marbehan,Others,Belgium,FORMALDEHYDE,DEQUACHIM,MONS,Mons,Others,Belgium,,,,FORMINE_FDC,,, , ,N,N,"AP, EMEA, LA, NA",,"AP, EMEA, LA, NA",,,LAMBIOTTE,"Marbehan, Belgium",Marbehan,,LAMBIOTTE,MARBEHAN,MARBEHAN,OTHERS,BELGIUM,Yes,DEQUACHIM,"Mons, Belgium",Mons,,DEQUACHIM,MONS,MONS,OTHERS,BELGIUM,Yes
REINFORCEMENT,7,RFFORMINE_FDC,FORMALDEHYDE METHANOL SOLUTION,N,HEYDEN (TENNECO CHEM),UNSPECIFIED,,Others,Others,FORMALDEHYDE NF SOL,,,,,,,,,FORMINE_FDC,,, , ,N,,"AP, EMEA, LA, NA",,,,,HEYDEN (TENNECO CHEM),UNSPECIFIED,,DOESN'T EXIST IN SIS,HEYDEN (TENNECO CHEM),UNSPECIFIED,,OTHERS,OTHERS,Yes,,,,,,,,,,
REINFORCEMENT,7,RFFORMINE_FDC,FORMALDEHYDE METHANOL SOLUTION,N,GEORGIA PACIFIC,VIENNA,Vienna,GA,USA,"FORMALDEHYDE, 37 PCT. USP",UNIVAR,USA,,Others,USA,,,,FORMINE_FDC,,, , ,N,N,"AP, EMEA, LA, NA",,"AP, EMEA, LA, NA",,,GEORGIA PACIFIC,"Vienna, GA, USA",Vienna,,GEORGIA PACIFIC,VIENNA,VIENNA,GA,USA,Yes,UNIVAR,USA,,,UNIVAR,USA,,OTHERS,USA,Yes
REINFORCEMENT,11,RFKINSIC_FDC,COPOLYMER LATEX OF BUTADIENE & STYRENE,N,NITRIFLEX,RIO DE JANEIRO,Rio de Janeiro,RJ,Brazil,L-2108,,,,,,,,,KINSIC_FDC,,, , ,N,,"AP, EMEA, LA, NA",,,,,NITRIFLEX,"Rio de Janeiro, RJ, Brazil",Rio de Janeiro,,NITRIFLEX,RIO DE JANEIRO,RIO DE JANEIRO,RJ,BRAZIL,Yes,,,,,,,,,,
REINFORCEMENT,11,RFKINSIC_FDC,COPOLYMER LATEX OF BUTADIENE & STYRENE,N,ENEOS,YOKKAICHI CITY,YOKKAICHI CITY,Others,Japan,JSR 2108,MITSUI,JAPAN,,Others,Japan,,,,KINSIC_FDC,,, , ,N,N,"AP, EMEA, LA, NA",,"AP, EMEA, LA, NA",,,ENEOS Materials Corporation,YOKKAICHI CITY,YOKKAICHI CITY,AAW,ENEOS,YOKKAICHI CITY,YOKKAICHI CITY,OTHERS,JAPAN,Yes,MITSUI,JAPAN,,,MITSUI,JAPAN,,OTHERS,JAPAN,Yes
REINFORCEMENT,11,RFKINSIC_FDC,COPOLYMER LATEX OF BUTADIENE & STYRENE,N,GOODYEAR TIRE AND RUBBER,HOUSTON,Houston,TX,USA,KINSIC,,,,,,,,,KINSIC_FDC,,, , ,N,,"AP, EMEA, LA, NA",,,,,GOODYEAR TIRE AND RUBBER,Houston,Houston,AID,GOODYEAR TIRE AND RUBBER,HOUSTON,HOUSTON,TX,USA,Yes,,,,,,,,,,
REINFORCEMENT,1,RF9507,Ne18 (Nm30.4) Cotton combed yarn,N,VARVARESSOS S.A.,VARVARESSOS S.A.,Naousa,Others,Greece,9507,,,,,,,,,9507,,, , ,N,,"AP, EMEA, LA, NA",,,,,Varvaressos S.A.,Varvaressos S.A.,Naousa,,VARVARESSOS S.A.,VARVARESSOS S.A.,NAOUSA,OTHERS,GREECE,Yes,,,,,,,,,,
REINFORCEMENT,8,RFFENDIC_FDC,"Vinyl Pyridene Latex, 41% solids",N,NIPPON ZEON,TOKOYUMA,TOKOYUMA,Others,Japan,NIPOL 2518 FS,MITSUBISHI SHOJI KAISHA,TOKYO,TOKYO,Others,Japan,,,,FENDIC_FDC,,, , ,N,N,"AP, EMEA, LA, NA",,"AP, EMEA, LA, NA",,,NIPPON ZEON,"TOKOYUMA, JAPAN",TOKOYUMA,,NIPPON ZEON,TOKOYUMA,TOKOYUMA,OTHERS,JAPAN,Yes,MITSUBISHI SHOJI KAISHA,"TOKYO, JAPAN",TOKYO,,MITSUBISHI SHOJI KAISHA,TOKYO,TOKYO,OTHERS,JAPAN,Yes
REINFORCEMENT,8,RFFENDIC_FDC,"Vinyl Pyridene Latex, 41% solids",N,CROSLENE CHEMICAL,TAIPEI,TAIPEI,Others,Taiwan,VPL-0653,FORMOSA TAFFETA,TOULIU,TOULIOU,Others,Taiwan,,,,FENDIC_FDC,,, , ,N,N,"AP, EMEA, LA, NA",,"AP, EMEA, LA, NA",,,CROSLENE CHEMICAL,"TAIPEI, TAIWAN",TAIPEI,,CROSLENE CHEMICAL,TAIPEI,TAIPEI,OTHERS,TAIWAN,Yes,FORMOSA TAFFETA,"TOULIOU, TAIWAN",TOULIOU,JFM,FORMOSA TAFFETA,TOULIU,TOULIU,OTHERS,TAIWAN,Yes
REINFORCEMENT,1,RFE10A,3300 DTEX ARAMID,N,DUPONT,MAYDOWN,Maydown,Others,Ireland,Kevlar K129,,,,,,,,,E10A,,, , ,N,,"AP, EMEA, LA, NA",,,,,DUPONT,Maydown,Maydown,,DUPONT,MAYDOWN,MAYDOWN,OTHERS,IRELAND,Yes,,,,,,,,,,
REINFORCEMENT,1,RFLF29SD,"NYLON 6, 1400/2, 10x10 TPI, 29 EPI, SD",Y,JUNMA,ZHANGJIAGANG,Zhangjiagang,Others,China,U07LF29SD,,,,,,,,,LF29SD,,, , ,Y,,"AP, EMEA, LA, NA",,,,,Junma,Zhangjiagang,Zhangjiagang,JNC,JUNMA,ZHANGJIAGANG,ZHANGJIAGANG,OTHERS,CHINA,No,,,,,,,,,,
REINFORCEMENT,1,RFLF23JA,NYLON 6  1400/1/2 10 X 10 TPI 23EPI JA,N,HYOSUNG CORPORATION,AMERICANA,Americana,Others,Brazil,LF23JA,,,,,,,,,LF23JA,,, , ,N,,LA,,,,,HYOSUNG CORPORATION,"Americana, SP, Brazil",Americana,,HYOSUNG CORPORATION,AMERICANA,AMERICANA,OTHERS,BRAZIL,No,,,,,,,,,,
REINFORCEMENT,1,RFLF20JA,"NYLON 6, 1400/2, 10x10 TPI, EPI, JA",N,HYOSUNG CORPORATION,AMERICANA,Americana,Others,Brazil,LF20JA,,,,,,,,,LF20JA,,, , ,N,,LA,,,,,HYOSUNG CORPORATION,"Americana, SP, Brazil",Americana,,HYOSUNG CORPORATION,AMERICANA,AMERICANA,OTHERS,BRAZIL,No,,,,,,,,,,
REINFORCEMENT,1,RFZ01B,1400 Decitex (1260 denier) Nylon 66,Y,KORDSA,IZMIT,Izmit,Others,Turkey,Z01B,,,,,,,,,Z01B,,, , ,Y,,EMEA,,,,,KORDSA,"Izmit, Turkey",Izmit,BXD,KORDSA,IZMIT,IZMIT,OTHERS,TURKEY,Yes,,,,,,,,,,
REINFORCEMENT,1,RFRU23SC,"RAYON 2440/1/2, 11x11 TPI, 23 EPI, SC",N,CORDENKA,OBERNBURG,OBERNBURG,Others,Germany,RU23SC,,,,,,,,,RU23SC,,, , ,N,,EMEA,,,,,CORDENKA,"OBERNBURG, GERMANY",OBERNBURG,EHY,CORDENKA,OBERNBURG,OBERNBURG,OTHERS,GERMANY,Yes,,,,,,,,,,
REINFORCEMENT,1,RFK34P,2200dtex non-AA HMULS Polyester,Y,KOLON,GUMI,Gumi,Others,South Korea,KMP-3323,,,,,,,,,K34P,,, , ,Y,,EMEA,,,,,KOLON,"Gumi, South Korea",Gumi,BJZ,KOLON,GUMI,GUMI,OTHERS,SOUTH KOREA,Yes,,,,,,,,,,
REINFORCEMENT,2,RFLBRF007,STRC W/ECID009,N,TECH INTERNATIONAL,JOHNSTOWN,Johnstown,OH,USA,RFID7,,,,,,,,,LBRF007,,, , ,N,,"AP, EMEA, LA, NA",,,,,TECH INTERNATIONAL,"Johnstown , OH, USA",Johnstown,BTH,TECH INTERNATIONAL,JOHNSTOWN,JOHNSTOWN,OH,USA,Yes,,,,,,,,,,
REINFORCEMENT,1,RFRW31SB,"Rayon, 1220/1/2, 12.3x12.3 TPI, 31 EPI, SB",N,INDORAMA VENTURES MOBILITY,PIZZIGHETTONE,Pizzighettone,Others,Italy,RW31SB,,,,,,,,,RW31SB,,, , ,N,,EMEA,,,,,INDORAMA VENTURES MOBILITY CREMONA (Sicrem),Pizzighettone,Pizzighettone,BVQ,INDORAMA VENTURES MOBILITY,PIZZIGHETTONE,PIZZIGHETTONE,OTHERS,ITALY,Yes,,,,,,,,,,
REINFORCEMENT,1,RFUD,3+3x.35 ST,N,KAM - STEEL CORD,YANGSAN,Yangsan,Others,South Korea,F301UD,,,,,,,,,UD,,, , ,N,,NA,,,,,KAM - Steel Cord,"Yangsan, South Korea",Yangsan,,KAM - STEEL CORD,YANGSAN,YANGSAN,OTHERS,SOUTH KOREA,No,,,,,,,,,,
REINFORCEMENT,1,RFNF26DR,"NYLON 6,6 1400/1/2 10x10 TPI 26 EPI DR",N,HYOSUNG CORPORATION,DECATUR,Decatur,AL,USA,NF26DR,,,,,,,,,NF26DR,,, , ,N,,NA,ICM*A,,,ICM*A,HYOSUNG CORPORATION,"Decatur, AL, USA",Decatur,AIT,HYOSUNG CORPORATION,DECATUR,DECATUR,AL,USA,Yes,,,,,,,,,,
REINFORCEMENT,1,RFAH01SO,ARAMID SED CORD - 1100x2dtex - 550/550tpm ex Teijin Aramid/Teijin Aramid,N,TEIJIN ARAMID,EERSTE BOKSLOOTWEG,Emmen,Others,Netherlands,TWARON 1000,,,,,,,,,AH01SO,,, , ,N,,EMEA,,,,,Teijin Aramid,"Eerste Bokslootweg, Emmen, Netherlands",Emmen,,TEIJIN ARAMID,EERSTE BOKSLOOTWEG,EMMEN,OTHERS,NETHERLANDS,Yes,,,,,,,,,,
REINFORCEMENT,1,RFNC16JA,"NYLON 6,6 940/1/2, 12x12 TPI, 16 EPI, JA",N,THAI INDO KORDSA,AYUTTHAYA,"AYUTTHAYA, THAILAND",Others,Thailand,NC16JA,,,,,,,,,NC16JA,,, , ,N,,LA,Chile,,,Chile,THAI INDO KORDSA,"AYUTTHAYA, THAILAND","AYUTTHAYA, THAILAND",JAE,THAI INDO KORDSA,AYUTTHAYA,"AYUTTHAYA, THAILAND",OTHERS,THAILAND,Yes,,,,,,,,,,
REINFORCEMENT,1,RFNC16JA,"NYLON 6,6 940/1/2, 12x12 TPI, 16 EPI, JA",N,HYOSUNG CORPORATION,DECATUR,Decatur,AL,USA,NC16JA,,,,,,,,,NC16JA,,, , ,N,,"LA, NA",,,,,HYOSUNG CORPORATION,"Decatur, AL, USA",Decatur,AIT,HYOSUNG CORPORATION,DECATUR,DECATUR,AL,USA,Yes,,,,,,,,,,
REINFORCEMENT,1,RFQZ20YF,"HMLS POLYESTER, 1440/1/3, 4.5/4.5 TPI, 20 EPI, YF",Y,HYOSUNG CORPORATION,LISA,LISA,Others,Luxembourg,S02QZ20YF,,,,,,,,,QZ20YF,,, , ,Y,,"AP, EMEA, LA, NA",,,,,HYOSUNG CORPORATION,"LISA, LUXEMBOURG",LISA,AIG,HYOSUNG CORPORATION,LISA,LISA,OTHERS,LUXEMBOURG,Yes,,,,,,,,,,
REINFORCEMENT,1,RFFP,1x.21/18x.185 UT,N,PIRELLI,FIGLINE,FIGLINE,Others,Italy,P101FP,,,,,,,,,FP,,, , ,N,,NA,,,,,PIRELLI,"FIGLINE, ITALY",FIGLINE,,PIRELLI,FIGLINE,FIGLINE,OTHERS,ITALY,No,,,,,,,,,,
REINFORCEMENT,1,RFUK,2+2x.35 ST,N,KAM - STEEL CORD,YANGSAN,Yangsan,Others,South Korea,F301UK,,,,,,,,,UK,,, , ,N,,NA,,,,,KAM - Steel Cord,"Yangsan, South Korea",Yangsan,,KAM - STEEL CORD,YANGSAN,YANGSAN,OTHERS,SOUTH KOREA,No,,,,,,,,,,
REINFORCEMENT,1,RFQ11N,	1400 Decitex (1260 denier) Nylon 66,N,NEXIS FIBERS,HUMENNE,HUMENNE,Others,Slovak Republic,T650,,,,,,,,,Q11N,,, , ,N,,AP,,,,,NEXIS FIBERS,"HUMENNE, SLOVAK REPUBLIC",HUMENNE,,NEXIS FIBERS,HUMENNE,HUMENNE,OTHERS,SLOVAK REPUBLIC,Yes,,,,,,,,,,
REINFORCEMENT,1,RFWL,2x.295 HT,N,SUMITOMO ELECTRIC INDUSTRIES,TOCHIGI,TOCHIGI,Others,Japan,Q101WL,,,,,,,,,WL,,, , ,N,,"AP, EMEA, LA, NA",,,,,SUMITOMO ELECTRIC INDUSTRIES,"TOCHIGI, JAPAN",TOCHIGI,LAG,SUMITOMO ELECTRIC INDUSTRIES,TOCHIGI,TOCHIGI,OTHERS,JAPAN,Yes,,,,,,,,,,
REINFORCEMENT,1,RFNP23JA,"NYLON 6,6  2100/1/2 8x8 TPI 23EPI JA",Y,HYOSUNG CORPORATION,DONG NAI,Dong Nai,Others,Vietnam,S03NP23JA,,,,,,,,,NP23JA,,, , ,Y,,"LA, NA",,,,,HYOSUNG CORPORATION,"Dong Nai, Vietnam",Dong Nai,JPK,HYOSUNG CORPORATION,DONG NAI,DONG NAI,OTHERS,VIETNAM,Yes,,,,,,,,,,
REINFORCEMENT,1,RFAS,0.965MM BEAD WIRE - HIGH TENSILE,N,KISWIRE,MALAYSIA,Jahor,Others,Malaysia,245AS,,,,,,,,,AS,,, , ,N,,"AP, EMEA",,,,,Kiswire - Bead Wire,MALAYSIA,Jahor,JAM,KISWIRE,MALAYSIA,JAHOR,OTHERS,MALAYSIA,Yes,,,,,,,,,,
REINFORCEMENT,1,RFL24,1x10.4+(18+25) x 2.0,N,OTTO KUHLMANN,HEMER GERMANY,Hemer,Others,Germany,RF500L24,,,,,,,,,L24,,, , ,N,,NA,,,,,OTTO KUHLMANN,Hemer Germany,Hemer,BFJ,OTTO KUHLMANN,HEMER GERMANY,HEMER,OTHERS,GERMANY,Yes,,,,,,,,,,
REINFORCEMENT,1,RFG52R,1840 Decitex (1650 denier) Rayon,Y,CORDENKA,OBERNBURG,OBERNBURG,Others,Germany,610F,,,,,,,,,G52R,,, , ,Y,,"AP, EMEA, LA, NA",,,,,CORDENKA,"OBERNBURG, GERMANY",OBERNBURG,EHY,CORDENKA,OBERNBURG,OBERNBURG,OTHERS,GERMANY,Yes,,,,,,,,,,
REINFORCEMENT,1,RFBA19SG,NYLON66 NK202 - 1880x2dtex - 75epd - 320/320tpm ex Kordsa/Kordsa,N,KORDSA,IZMIT,Izmit,Others,Turkey,BA19SG,,,,,,,,,BA19SG,,, , ,N,,EMEA,Dunlop Montlucon,,,Montlucon,KORDSA,"Izmit, Turkey",Izmit,BXD,KORDSA,IZMIT,IZMIT,OTHERS,TURKEY,Yes,,,,,,,,,,
REINFORCEMENT,1,RFJH,0.89MM BEAD WIRE - HIGH TENSILE,Y,BEKAERT,BRAZIL,,Others,Brazil,091JH,,,,,,,,,JH,,, , ,Y,,LA,,,,,Bekaert Brazil ¿ BBA,Brazil,,DAO,BEKAERT,BRAZIL,,OTHERS,BRAZIL,Yes,,,,,,,,,,
REINFORCEMENT,1,RFK33A,1670 Decitex Aramid,Y,KOLON,GUMI,Gumi,Others,South Korea,Heracron HF220,,,,,,,,,K33A,,, , ,Y,,"AP, EMEA, LA, NA",,,,,KOLON,"Gumi, South Korea",Gumi,BJZ,KOLON,GUMI,GUMI,OTHERS,SOUTH KOREA,Yes,,,,,,,,,,
REINFORCEMENT,1,RFUN,3+9+15x.22+1x.15 HT,N,HYOSUNG CORPORATION,EONYANG,Eonyang,Others,South Korea,C101UN,,,,,,,,,UN,,, , ,N,,"AP, EMEA, LA, NA",,,,,HYOSUNG CORPORATION,"Eonyang, South Korea",Eonyang,,HYOSUNG CORPORATION,EONYANG,EONYANG,OTHERS,SOUTH KOREA,No,,,,,,,,,,
REINFORCEMENT,1,RFBAX1SG,NYLON66 NK202 - 1880x2dtex - 75epd - 320/320tpm ex Kordsa/Kordsa,N,KORDSA,IZMIT,Izmit,Others,Turkey,BAX1SG,,,,,,,,,BAX1SG,,, , ,N,,EMEA,Montlucon,,,Montlucon,KORDSA,"Izmit, Turkey",Izmit,BXD,KORDSA,IZMIT,IZMIT,OTHERS,TURKEY,Yes,,,,,,,,,,
REINFORCEMENT,1,RF500L24,1x10.4AL+(18+25)x2.0,Y,OTTO KUHLMANN,HEMER GERMANY,Hemer,Others,Germany,RF500L24,,,,,,,,,RF500L24,,, , ,Y,,NA,,,,,OTTO KUHLMANN,Hemer Germany,Hemer,BFJ,OTTO KUHLMANN,HEMER GERMANY,HEMER,OTHERS,GERMANY,Yes,,,,,,,,,,
REINFORCEMENT,1,RFJH,0.89MM BEAD WIRE - HIGH TENSILE,Y,NATSTAN,SOUTH AFRICA,,Others,South Africa,145JH,,,,,,,,,JH,,, , ,Y,,EMEA,,,,,NATSTAN,SOUTH AFRICA,,ECN,NATSTAN,SOUTH AFRICA,,OTHERS,SOUTH AFRICA,Yes,,,,,,,,,,
REINFORCEMENT,1,RFCH,"1.83MM BEAD WIRE - HIGH TENSILE
(Cooper Code 9024)",Y,KISWIRE,QINGDAO,Qingdao,Others,China,246CH,,,,,,,,,CH,,, , ,Y,,"AP, EMEA, LA, NA",,,,,Kiswire - Bead Wire,"Qingdao, China",Qingdao,JMA,KISWIRE,QINGDAO,QINGDAO,OTHERS,CHINA,Yes,,,,,,,,,,
REINFORCEMENT,1,RFUW,2+2x.295 HT,N,JIANGSU XINGDA,XING HUA,Xing Hua,Others,China,Z103UW,,,,,,,,,UW,,, , ,N,,"AP, EMEA, LA, NA",,,,,JIANGSU XINGDA,Xing Hua,Xing Hua,,JIANGSU XINGDA,XING HUA,XING HUA,OTHERS,CHINA,No,,,,,,,,,,
REINFORCEMENT,1,RFZ06Q,1440 DECITEX AA-HMLS POLYESTER,N,KORDSA,IZMIT,Izmit,Others,Turkey,D793,,,,,,,,,Z06Q,,, , ,N,,EMEA,,,,,KORDSA,Izmit,Izmit,BXD,KORDSA,IZMIT,IZMIT,OTHERS,TURKEY,No,,,,,,,,,,
REINFORCEMENT,1,RFQM26PF,"HMLS PET, 2200/1/2, 8.5x8.5 TPI, 26 EPI, PF",Y,HYOSUNG CORPORATION,LISA,LISA,Others,Luxembourg,S03QM26PF,,,,,,,,,QM26PF,,, , ,Y,,"AP, EMEA, LA",,,,,HYOSUNG CORPORATION,"LISA, LUXEMBOURG",LISA,AIG,HYOSUNG CORPORATION,LISA,LISA,OTHERS,LUXEMBOURG,Yes,,,,,,,,,,
REINFORCEMENT,1,RFLP26,NYLON 6 2100/2 8x8 TPI 26 EPI,N,ENKA DE COLOMBIA,GIRARDOTA,GIRARDOTA,Others,Colombia,LP26,,,,,,,,,LP26,,, , ,N,,LA,,,,,ENKA DE COLOMBIA,"GIRARDOTA, COLOMBIA",GIRARDOTA,DHJ,ENKA DE COLOMBIA,GIRARDOTA,GIRARDOTA,OTHERS,COLOMBIA,Yes,,,,,,,,,,
REINFORCEMENT,1,RFZ10N,"1880 DECITEX (1692 denier) NYLON 6,6.  DUNLOP ONLY",N,KORDSA,IZMIT,Izmit,Others,Turkey,T728,,,,,,,,,Z10N,,, , ,N,,EMEA,,,,,KORDSA,"Izmit, Turkey",Izmit,BXD,KORDSA,IZMIT,IZMIT,OTHERS,TURKEY,Yes,,,,,,,,,,
REINFORCEMENT,2,RFLBRF006,TRC W/ECID006,N,TECH INTERNATIONAL,JOHNSTOWN,Johnstown,OH,USA,RFID6 IN RUBBER,,,,,,,,,LBRF006,,, , ,N,,"AP, EMEA, LA, NA",,,,,TECH INTERNATIONAL,"Johnstown , OH, USA",Johnstown,BTH,TECH INTERNATIONAL,JOHNSTOWN,JOHNSTOWN,OH,USA,Yes,,,,,,,,,,
REINFORCEMENT,1,RFRW31SC,"RAYON 1220/1/2, 12.3x12.3 TPI, 31 EPI, SC",Y,CORDENKA,OBERNBURG,OBERNBURG,Others,Germany,G47RW31SC,,,,,,,,,RW31SC,,, , ,Y,,EMEA,,,,,CORDENKA,"OBERNBURG, GERMANY",OBERNBURG,EHY,CORDENKA,OBERNBURG,OBERNBURG,OTHERS,GERMANY,Yes,,,,,,,,,,
REINFORCEMENT,1,RFQU26PF,"HMLS POLYESTER, 1440/1/2, 9x9 TPI, 26 EPI, PF",N,HYOSUNG CORPORATION,LISA,LISA,Others,Luxembourg,QU26PF,,,,,,,,,QU26PF,,, , ,N,,"AP, EMEA, LA",,,,,HYOSUNG CORPORATION,"LISA, LUXEMBOURG",LISA,AIG,HYOSUNG CORPORATION,LISA,LISA,OTHERS,LUXEMBOURG,Yes,,,,,,,,,,
REINFORCEMENT,1,RFNC32JA,"NYLON 6,6  940/1/2 12x12 TPI 32EPI JA",Y,HYOSUNG CORPORATION,DONG NAI,Dong Nai,Others,Vietnam,S01NC32JA,,,,,,,,,NC32JA,,, , ,Y,,"LA, NA",,,,,HYOSUNG CORPORATION,"Dong Nai, Vietnam",Dong Nai,JPK,HYOSUNG CORPORATION,DONG NAI,DONG NAI,OTHERS,VIETNAM,Yes,,,,,,,,,,
REINFORCEMENT,1,RFFQ,3+2x.35 UT,N,BEKAERT,SLADKOVICOVO,SLADKOVICOVO,Others,Slovak Republic,BH01FQ,,,,,,,,,FQ,,, , ,N,,"AP, EMEA, LA, NA",,,,,BEKAERT,"SLADKOVICOVO, SLOVAK REPUBLIC",SLADKOVICOVO,EHK,BEKAERT,SLADKOVICOVO,SLADKOVICOVO,OTHERS,SLOVAK REPUBLIC,Yes,,,,,,,,,,
REINFORCEMENT,1,RFQC35PF,AA HMLS POLYESTER 1100/1/2 12x12 TPI 35EPI PF,Y,HYOSUNG CORPORATION,LISA,LISA,Others,Luxembourg,S01QC35PF,,,,,,,,,QC35PF,,, , ,Y,,"AP, EMEA, LA",,,,,HYOSUNG CORPORATION,"LISA, LUXEMBOURG",LISA,AIG,HYOSUNG CORPORATION,LISA,LISA,OTHERS,LUXEMBOURG,Yes,,,,,,,,,,
REINFORCEMENT,1,RFWP,2+2x.25 NT,N,JIANGSU XINGDA,XING HUA,Xing Hua,Others,China,Z102WP,,,,,,,,,WP,,, , ,N,,"AP, EMEA",,,,,JIANGSU XINGDA,Xing Hua,Xing Hua,,JIANGSU XINGDA,XING HUA,XING HUA,OTHERS,CHINA,No,,,,,,,,,,
REINFORCEMENT,1,RFFQ,3+2x.35 UT,Y,BEKAERT,SHENYANG BSSC,Shenyang,Others,China,BG01FQ,,,,,,,,,FQ,,, , ,Y,,"AP, EMEA",,,,,BEKAERT,"Shenyang BSSC, China",Shenyang,JJA,BEKAERT,SHENYANG BSSC,SHENYANG,OTHERS,CHINA,Yes,,,,,,,,,,
REINFORCEMENT,1,RFPM26HB,"NON-AA HMULS PET, 2200/2, 8.5x8.5 TPI, 26 EPI, HB",N,KOLON,GUMI,Gumi,Others,South Korea,K34PM26HB,,,,,,,,,PM26HB,,, , ,N,,EMEA,,,,,KOLON,"Gumi, South Korea",Gumi,BJZ,KOLON,GUMI,GUMI,OTHERS,SOUTH KOREA,Yes,,,,,,,,,,
REINFORCEMENT,1,RFANY3YA,"ARAMID, 1670/2, 8.9x8.9 TPI, 20.3 EPI, YA",Y,KOLON,GUMI,Gumi,Others,South Korea,K33ANY3YA,,,,,,,,,ANY3YA,,, , ,Y,,"AP, EMEA",,,,,KOLON,"Gumi, South Korea",Gumi,BJZ,KOLON,GUMI,GUMI,OTHERS,SOUTH KOREA,Yes,,,,,,,,,,
REINFORCEMENT,1,RF472H45,1x6.0+(11+17+23+29)x2.2,Y,OTTO KUHLMANN,HEMER GERMANY,Hemer,Others,Germany,RF472H45,,,,,,,,,RF472H45,,, , ,Y,,NA,,,,,OTTO KUHLMANN,Hemer Germany,Hemer,BFJ,OTTO KUHLMANN,HEMER GERMANY,HEMER,OTHERS,GERMANY,Yes,,,,,,,,,,
REINFORCEMENT,1,RFCH,"1.83MM BEAD WIRE - HIGH TENSILE
(Cooper Code 9024)",Y,NATIONAL STANDARD,STILLWATER,Stillwater,OK,USA,142CH,,,,,,,,,CH,,, , ,Y,,"AP, EMEA, LA, NA",,,,,NAT STANDARD,"Stillwater, OK, USA",Stillwater,AKH,NATIONAL STANDARD,STILLWATER,STILLWATER,OK,USA,Yes,,,,,,,,,,
REINFORCEMENT,1,RF576G55,1x5.0+(10+16+22+28+33)x2.2,Y,OTTO KUHLMANN,HEMER GERMANY,Hemer,Others,Germany,RF576G55,,,,,,,,,RF576G55,,, , ,Y,,"AP, NA",,,,,OTTO KUHLMANN,Hemer Germany,Hemer,BFJ,OTTO KUHLMANN,HEMER GERMANY,HEMER,OTHERS,GERMANY,Yes,,,,,,,,,,
REINFORCEMENT,1,RF476G43,1x5.0+(11+17+23+29)x1.8,Y,OTTO KUHLMANN,HEMER GERMANY,Hemer,Others,Germany,RF476G43,,,,,,,,,RF476G43,,, , ,Y,,NA,,,,,OTTO KUHLMANN,Hemer Germany,Hemer,BFJ,OTTO KUHLMANN,HEMER GERMANY,HEMER,OTHERS,GERMANY,Yes,,,,,,,,,,
REINFORCEMENT,1,RF384G33,1x5.0+(11+17+23)x1.8,Y,OTTO KUHLMANN,HEMER GERMANY,Hemer,Others,Germany,RF384G33,,,,,,,,,RF384G33,,, , ,Y,,NA,,,,,OTTO KUHLMANN,Hemer Germany,Hemer,BFJ,OTTO KUHLMANN,HEMER GERMANY,HEMER,OTHERS,GERMANY,Yes,,,,,,,,,,
REINFORCEMENT,1,RF418E25,1x3.0+(7+13)x2.2,Y,OTTO KUHLMANN,HEMER GERMANY,Hemer,Others,Germany,RF418E25,,,,,,,,,RF418E25,,, , ,Y,,NA,,,,,OTTO KUHLMANN,Hemer Germany,Hemer,BFJ,OTTO KUHLMANN,HEMER GERMANY,HEMER,OTHERS,GERMANY,Yes,,,,,,,,,,
REINFORCEMENT,1,RF370E25,1x3.0+(7+13)x2.2m,Y,OTTO KUHLMANN,HEMER GERMANY,Hemer,Others,Germany,RF370E25,,,,,,,,,RF370E25,,, , ,Y,,NA,,,,,OTTO KUHLMANN,Hemer Germany,Hemer,BFJ,OTTO KUHLMANN,HEMER GERMANY,HEMER,OTHERS,GERMANY,Yes,,,,,,,,,,
REINFORCEMENT,1,RF366E25,1x3.0+(7+13)x2.2,Y,OTTO KUHLMANN,HEMER GERMANY,Hemer,Others,Germany,RF366E25,,,,,,,,,RF366E25,,, , ,Y,,NA,,,,,OTTO KUHLMANN,Hemer Germany,Hemer,BFJ,OTTO KUHLMANN,HEMER GERMANY,HEMER,OTHERS,GERMANY,Yes,,,,,,,,,,
REINFORCEMENT,1,RFID20MC,NYLON 6 1880/1/2 8.5x8.5 TPI 20 EPI MC,N,SRF,MANALI,MANALI,Others,India,ID20MC,,,,,,,,,ID20MC,,, , ,N,,AP,,,,,SRF,"MANALI, CHENNAI, INDIA",MANALI,JDD,SRF,MANALI,MANALI,OTHERS,INDIA,Yes,,,,,,,,,,
REINFORCEMENT,1,RF416E24,1x3.0+(7+14)x2.0,Y,OTTO KUHLMANN,HEMER GERMANY,Hemer,Others,Germany,RF416E24,,,,,,,,,RF416E24,,, , ,Y,,NA,,,,,OTTO KUHLMANN,Hemer Germany,Hemer,BFJ,OTTO KUHLMANN,HEMER GERMANY,HEMER,OTHERS,GERMANY,Yes,,,,,,,,,,
REINFORCEMENT,1,RF315E24,1x3.0+(7+14)x2.0,Y,OTTO KUHLMANN,HEMER GERMANY,Hemer,Others,Germany,RF315E24,,,,,,,,,RF315E24,,, , ,Y,,NA,,,,,OTTO KUHLMANN,Hemer Germany,Hemer,BFJ,OTTO KUHLMANN,HEMER GERMANY,HEMER,OTHERS,GERMANY,Yes,,,,,,,,,,
REINFORCEMENT,1,RF396D33,1x2.5+(7+13+19)x1.8,Y,OTTO KUHLMANN,HEMER GERMANY,Hemer,Others,Germany,RF396D33,,,,,,,,,RF396D33,,, , ,Y,,NA,,,,,OTTO KUHLMANN,Hemer Germany,Hemer,BFJ,OTTO KUHLMANN,HEMER GERMANY,HEMER,OTHERS,GERMANY,Yes,,,,,,,,,,
REINFORCEMENT,1,RF394D33,1x2.5+(7+13+19)x1.8,Y,OTTO KUHLMANN,HEMER GERMANY,Hemer,Others,Germany,RF394D33,,,,,,,,,RF394D33,,, , ,Y,,NA,,,,,OTTO KUHLMANN,Hemer Germany,Hemer,BFJ,OTTO KUHLMANN,HEMER GERMANY,HEMER,OTHERS,GERMANY,Yes,,,,,,,,,,
REINFORCEMENT,1,RF339D23,1x2.5+(7+13)x1.8,Y,OTTO KUHLMANN,HEMER GERMANY,Hemer,Others,Germany,RF339D23,,,,,,,,,RF339D23,,, , ,Y,,NA,"Danville, Luxembourg",,,"Danville, Luxembourg",OTTO KUHLMANN,Hemer Germany,Hemer,BFJ,OTTO KUHLMANN,HEMER GERMANY,HEMER,OTHERS,GERMANY,Yes,,,,,,,,,,
REINFORCEMENT,1,RFUJ,27X.175+1X.15 HT,Y,HYOSUNG CORPORATION,DONG NAI - STEELCORD,Dong Nai,Others,Vietnam,C402UJ,,,,,,,,,UJ,,, , ,Y,,"AP, EMEA, LA, NA",,,,,HYOSUNG CORPORATION,Dong Nai - Steelcord,Dong Nai,JTR,HYOSUNG CORPORATION,DONG NAI - STEELCORD,DONG NAI,OTHERS,VIETNAM,Yes,,,,,,,,,,
REINFORCEMENT,1,RFWL,2x.295 HT,N,JIANGSU XINGDA,XING HUA,Xing Hua,Others,China,Z103WL,,,,,,,,,WL,,, , ,N,,"AP, EMEA, LA, NA",,,,,JIANGSU XINGDA,Xing Hua,Xing Hua,,JIANGSU XINGDA,XING HUA,XING HUA,OTHERS,CHINA,No,,,,,,,,,,
REINFORCEMENT,1,RF9495,NYLON 6 LYCRA SQUARE WOVEN,N,OPEN MARKET,UNSPECIFIED,,Others,Others,FILL,,,,,,,,,9495,,, , ,N,,NA,,,,,OPEN MARKET,UNSPECIFIED,,DOESN'T EXIST IN SIS,OPEN MARKET,UNSPECIFIED,,OTHERS,OTHERS,Yes,,,,,,,,,,
REINFORCEMENT,1,RF9489,Fiberglass/Cotton Wrap,N,COATS NORTH AMERICA,MARION,Marion,NC,USA,Tabby,,,,,,,,,9489,,, , ,N,,NA,,,,,COATS NORTH AMERICA,Marion,Marion,DOESN'T EXIST IN SIS,COATS NORTH AMERICA,MARION,MARION,NC,USA,Yes,,,,,,,,,,
REINFORCEMENT,1,RFH09L,2100 Decitex Nylon 6,Y,ENKA DE COLOMBIA,GIRARDOTA,GIRARDOTA,Others,Colombia,TC-72,,,,,,,,,H09L,,, , ,Y,,LA,,,,,ENKA DE COLOMBIA,"GIRARDOTA, COLOMBIA",GIRARDOTA,DHJ,ENKA DE COLOMBIA,GIRARDOTA,GIRARDOTA,OTHERS,COLOMBIA,Yes,,,,,,,,,,
REINFORCEMENT,1,RF9480,"12's/1 High wet modulus Rayon, Unwaxed",N,OPEN MARKET,UNSPECIFIED,,Others,Others,FILL,,,,,,,,,9480,,, , ,N,,"AP, EMEA, LA, NA",,,,,OPEN MARKET,UNSPECIFIED,,DOESN'T EXIST IN SIS,OPEN MARKET,UNSPECIFIED,,OTHERS,OTHERS,Yes,,,,,,,,,,
REINFORCEMENT,1,RF9473,"20's/1 High wet modulus Rayon, Waxed",N,OPEN MARKET,UNSPECIFIED,,Others,Others,FILL,,,,,,,,,9473,,, , ,N,,"AP, EMEA, LA, NA",,,,,OPEN MARKET,UNSPECIFIED,,DOESN'T EXIST IN SIS,OPEN MARKET,UNSPECIFIED,,OTHERS,OTHERS,Yes,,,,,,,,,,
REINFORCEMENT,1,RF9471,"22's/1 Thermax(polyester), Lightly Waxed",N,OPEN MARKET,UNSPECIFIED,,Others,Others,FILL,,,,,,,,,9471,,, , ,N,,"AP, EMEA, LA, NA",,,,,OPEN MARKET,UNSPECIFIED,,DOESN'T EXIST IN SIS,OPEN MARKET,UNSPECIFIED,,OTHERS,OTHERS,Yes,,,,,,,,,,
REINFORCEMENT,1,RFTEST,this is a test,N,GOODYEAR TIRE AND RUBBER,AKRON,Akron,OH,USA,N-657,,,,,,,,,TEST,,, , ,N,,NA,,,,,GOODYEAR TIRE AND RUBBER,"Akron, OH, USA",Akron,,GOODYEAR TIRE AND RUBBER,AKRON,AKRON,OH,USA,Yes,,,,,,,,,,
REINFORCEMENT,1,RFTM26HF,HMLS POLYESTER 2200/1/2 8.5X8.5 TPI 26EPI HF,N,INDORAMA VENTURES MOBILITY,KAIPING,Kaiping,Others,China,TM26HF,,,,,,,,,TM26HF,,, , ,N,,"AP, EMEA",,,,,INDORAMA VENTURES MOBILITY (Performance Fibers),"Kaiping, China",Kaiping,JMX,INDORAMA VENTURES MOBILITY,KAIPING,KAIPING,OTHERS,CHINA,Yes,,,,,,,,,,
REINFORCEMENT,1,RFQC28PF,AA HMLS POLYESTER 1100/1/2 12x12 TPI 28EPI PF,N,HYOSUNG CORPORATION,DONG NAI,Dong Nai,Others,Vietnam,S01QC28PF,,,,,,,,,QC28PF,,, , ,N,,EMEA,,,,,HYOSUNG CORPORATION,"Dong Nai, Vietnam",Dong Nai,JPK,HYOSUNG CORPORATION,DONG NAI,DONG NAI,OTHERS,VIETNAM,Yes,,,,,,,,,,
REINFORCEMENT,1,RFFP,1x.21/18x.185 UT,N,BEKAERT,ROGERS,Rogers,AR,USA,BB01FP,,,,,,,,,FP,,, , ,N,,NA,,,,,BEKAERT,"Rogers, AR, USA",Rogers,AMX,BEKAERT,ROGERS,ROGERS,AR,USA,Yes,,,,,,,,,,
REINFORCEMENT,1,RFRRH5SB,"Rayon 1550/1/2, 10.7x10.7 TPI, 30.5 EPI, SB",N,INDORAMA VENTURES MOBILITY,PIZZIGHETTONE,Pizzighettone,Others,Italy,G51RRH5SB,,,,,,,,,RRH5SB,,, , ,N,,EMEA,,,,,INDORAMA VENTURES MOBILITY CREMONA (Sicrem),Pizzighettone,Pizzighettone,BVQ,INDORAMA VENTURES MOBILITY,PIZZIGHETTONE,PIZZIGHETTONE,OTHERS,ITALY,Yes,,,,,,,,,,
REINFORCEMENT,1,RFBLD9SG,"NYLON 6,6 1400x2 dtex  9.7x9.7tpi  24.9 epi SG
",Y,KORDSA,IZMIT,Izmit,Others,Turkey,Z01BLD9SG,,,,,,,,,BLD9SG,,, , ,Y,,EMEA,,,,,KORDSA,"Izmit, Turkey",Izmit,BXD,KORDSA,IZMIT,IZMIT,OTHERS,TURKEY,Yes,,,,,,,,,,
REINFORCEMENT,1,RFBBI7SH,"NYLON66, 940/2, 11.2x10.7 TPI, 26.7 EPI, SH",Y,INDORAMA VENTURES MOBILITY,LUXEMBOURG,Steinfort,Others,Luxembourg,G08BBI7SH,,,,,,,,,BBI7SH,,, , ,Y,,EMEA,,,,,INDORAMA VENTURES MOBILITY LUXEMBOURG (Textilcord),Luxembourg,Steinfort,EGN,INDORAMA VENTURES MOBILITY,LUXEMBOURG,STEINFORT,OTHERS,LUXEMBOURG,Yes,,,,,,,,,,
REINFORCEMENT,1,RFE24,1x3.0+(7+14)x2.0,N,OTTO KUHLMANN,HEMER GERMANY,Hemer,Others,Germany,RF315E24,,,,,,,,,E24,,, , ,N,,"EMEA, NA",,,,,OTTO KUHLMANN,Hemer Germany,Hemer,BFJ,OTTO KUHLMANN,HEMER GERMANY,HEMER,OTHERS,GERMANY,Yes,,,,,,,,,,
REINFORCEMENT,1,RFWA,7X7X.25+1 HT,N,JIAXING EASTERN,ZHEJIANG,Zhejiang,Others,China,Y101WA,,,,,,,,,WA,,, , ,N,,"AP, NA",,,,,JIAXING EASTERN,"Zhejiang, China",Zhejiang,JWJ,JIAXING EASTERN,ZHEJIANG,ZHEJIANG,OTHERS,CHINA,Yes,,,,,,,,,,
REINFORCEMENT,1,RFC17GBZ,Fiberglass 3300/2 1.5 TPI Z SA,N,NGF,GUELPH - ON,Guelph - ON,Others,Canada,C17GBZ,,,,,,,,,C17GBZ,,, , ,N,,NA,,,,,NGF,Guelph - ON,Guelph - ON,CDK,NGF,GUELPH - ON,GUELPH - ON,OTHERS,CANADA,Yes,,,,,,,,,,
REINFORCEMENT,1,RFC17GBS,Fiberglass 3300/2 1.5 TPI S SA,N,NGF,GUELPH - ON,Guelph - ON,Others,Canada,C17GBS,,,,,,,,,C17GBS,,, , ,N,,NA,,,,,NGF,Guelph - ON,Guelph - ON,CDK,NGF,GUELPH - ON,GUELPH - ON,OTHERS,CANADA,Yes,,,,,,,,,,
REINFORCEMENT,1,RFC17GAS,Fiberglass 3300/1 1.5 TPI S SA,N,NGF,GUELPH - ON,Guelph - ON,Others,Canada,C17GAS,,,,,,,,,C17GAS,,, , ,N,,"EMEA, NA",,,,,NGF,Guelph - ON,Guelph - ON,CDK,NGF,GUELPH - ON,GUELPH - ON,OTHERS,CANADA,Yes,,,,,,,,,,
REINFORCEMENT,1,RFZ11T,1440 Decitex (1300 denier) NAA-HMLS PET,N,KORDSA,IZMIT,Izmit,Others,Turkey,Code 208,,,,,,,,,Z11T,,, , ,N,,AP,,,,,KORDSA,"Izmit, Turkey",Izmit,BXD,KORDSA,IZMIT,IZMIT,OTHERS,TURKEY,Yes,,,,,,,,,,
REINFORCEMENT,1,RFNF23JA,"NYLON 6,6  1400/1/2 10x10 TPI 23EPI JA",N,KORDSA,CAMACARI,Camacari,BA,Brazil,NF23JA,,,,,,,,,NF23JA,,, , ,N,,LA,,,,,KORDSA,"Camacari, Brazil",Camacari,DBV,KORDSA,CAMACARI,CAMACARI,BA,BRAZIL,Yes,,,,,,,,,,
REINFORCEMENT,1,RFLC16MA,NYLON 6 940/1/2 12X12 TPI 16EPI MA,N,SRF,MANALI,MANALI,Others,India,LC16MA,,,,,,,,,LC16MA,,, , ,N,,AP,,,,,SRF,"MANALI, CHENNAI, INDIA",MANALI,JDD,SRF,MANALI,MANALI,OTHERS,INDIA,Yes,,,,,,,,,,
REINFORCEMENT,1,RFUK,2+2x.35 ST,Y,BEKAERT,ROGERS,Rogers,AR,USA,BB01UK,,,,,,,,,UK,,, , ,Y,,NA,,,,,BEKAERT,"Rogers, AR, USA",Rogers,AMX,BEKAERT,ROGERS,ROGERS,AR,USA,Yes,,,,,,,,,,
REINFORCEMENT,1,RFZB14SA,Carbon Fiber 8000/1 0x1.5 TPI 14 EPI SA,N,HYOSUNG CORPORATION,UTICA,Utica,NY,USA,ZB14SA,,,,,,,,,ZB14SA,,, , ,N,,NA,,,,,HYOSUNG CORPORATION,"Utica, NY, USA",Utica,FHZ,HYOSUNG CORPORATION,UTICA,UTICA,NY,USA,Yes,,,,,,,,,,
REINFORCEMENT,1,RFRY28SL,Rayon 1840/1/2 10.4/10.4 TPI 28 EPI SL,N,IN APPROVAL PROCESS,IN APPROVAL PROCESS,Kaabal,Others,Afghanistan,test 1,,,,,,,,,RY28SL,,, , ,N,,AP,,,,,in approval process,in approval process,Kaabal,,IN APPROVAL PROCESS,IN APPROVAL PROCESS,KAABAL,OTHERS,AFGHANISTAN,No,,,,,,,,,,
REINFORCEMENT,1,RFNP26,"NYLON 6,6 2100/1/2 8x8 TPI 26EPI",N,RHODIA (FAIRWAY FILAMENTOS),SAO PAULO,Sao Paulo,SP,Brazil,X-550,,,,,,,,,NP26,,, , ,N,,LA,,,,,RHODIA (FAIRWAY FILAMENTOS),"Sao Paulo, SP, Brazil",Sao Paulo,,RHODIA (FAIRWAY FILAMENTOS),SAO PAULO,SAO PAULO,SP,BRAZIL,Yes,,,,,,,,,,
REINFORCEMENT,1,RFNP23,"NYLON 6,6 2100/1/2 8x8 TPI 23EPI",N,RHODIA (FAIRWAY FILAMENTOS),SAO PAULO,Sao Paulo,SP,Brazil,X-550,,,,,,,,,NP23,,, , ,N,,LA,,,,,RHODIA (FAIRWAY FILAMENTOS),"Sao Paulo, SP, Brazil",Sao Paulo,,RHODIA (FAIRWAY FILAMENTOS),SAO PAULO,SAO PAULO,SP,BRAZIL,Yes,,,,,,,,,,
REINFORCEMENT,1,RFNP19,"NYLON 6,6 2100/1/2 8x8 TPI 19EPI",N,RHODIA (FAIRWAY FILAMENTOS),SAO PAULO,Sao Paulo,SP,Brazil,X-550,,,,,,,,,NP19,,, , ,N,,LA,,,,,RHODIA (FAIRWAY FILAMENTOS),"Sao Paulo, SP, Brazil",Sao Paulo,,RHODIA (FAIRWAY FILAMENTOS),SAO PAULO,SAO PAULO,SP,BRAZIL,Yes,,,,,,,,,,
REINFORCEMENT,1,RFNC27,"NYLON 6,6 940/1/2 12x12 TPI 27EPI",N,RHODIA (FAIRWAY FILAMENTOS),SAO PAULO,Sao Paulo,SP,Brazil,X-550,,,,,,,,,NC27,,, , ,N,,LA,,,,,RHODIA (FAIRWAY FILAMENTOS),"Sao Paulo, SP, Brazil",Sao Paulo,,RHODIA (FAIRWAY FILAMENTOS),SAO PAULO,SAO PAULO,SP,BRAZIL,Yes,,,,,,,,,,
REINFORCEMENT,1,RFNP26JA,"NYLON 6,6  2100/1/2 8x8 TPI 26EPI JA",N,KORDSA,CAMACARI,Camacari,BA,Brazil,NP26JA,,,,,,,,,NP26JA,,, , ,N,,LA,,,,,KORDSA,"Camacari, Brazil",Camacari,DBV,KORDSA,CAMACARI,CAMACARI,BA,BRAZIL,Yes,,,,,,,,,,
REINFORCEMENT,1,RFRY28SH,"Rayon 1840/1/2 10.4/10.4tpi, 28 EPI, SH",N,INDORAMA VENTURES MOBILITY,LUXEMBOURG,Steinfort,Others,Luxembourg,Q10RY28SH,,,,,,,,,RY28SH,,, , ,N,,EMEA,,,,,INDORAMA VENTURES MOBILITY LUXEMBOURG (Textilcord),Luxembourg,Steinfort,EGN,INDORAMA VENTURES MOBILITY,LUXEMBOURG,STEINFORT,OTHERS,LUXEMBOURG,Yes,,,,,,,,,,
REINFORCEMENT,1,RFRYG5SC,"Rayon 1840/1/2 10.4/10.4TPI, 28.5 EPI, SC",N,CORDENKA,OBERNBURG,OBERNBURG,Others,Germany,RYG5SC,,,,,,,,,RYG5SC,,, , ,N,,EMEA,,,,,CORDENKA,"OBERNBURG, GERMANY",OBERNBURG,EHY,CORDENKA,OBERNBURG,OBERNBURG,OTHERS,GERMANY,Yes,,,,,,,,,,
REINFORCEMENT,1,RFRWH7SC,"RAYON 1220/1/2, 12.3x12.3 TPI, 30.7 EPI, SC",N,CORDENKA,OBERNBURG,OBERNBURG,Others,Germany,RWH7SC,,,,,,,,,RWH7SC,,, , ,N,,EMEA,,,,,CORDENKA,"OBERNBURG, GERMANY",OBERNBURG,EHY,CORDENKA,OBERNBURG,OBERNBURG,OTHERS,GERMANY,Yes,,,,,,,,,,
REINFORCEMENT,1,RFRUC6SC,"RAYON 2440/1/2, 11x11 TPI, 23.6 EPI, SC",N,CORDENKA,OBERNBURG,OBERNBURG,Others,Germany,RUC6SC,,,,,,,,,RUC6SC,,, , ,N,,EMEA,,,,,CORDENKA,"OBERNBURG, GERMANY",OBERNBURG,EHY,CORDENKA,OBERNBURG,OBERNBURG,OTHERS,GERMANY,Yes,,,,,,,,,,
REINFORCEMENT,1,RFRQD4SC,"Rayon, 2440/1/2, 9.9 x 9.9 TPI, 24.4 EPI, SC",Y,CORDENKA,OBERNBURG,OBERNBURG,Others,Germany,G49RQD4SC,,,,,,,,,RQD4SC,,, , ,Y,,EMEA,,,,,CORDENKA,"OBERNBURG, GERMANY",OBERNBURG,EHY,CORDENKA,OBERNBURG,OBERNBURG,OTHERS,GERMANY,Yes,,,,,,,,,,
REINFORCEMENT,1,RFRQ28SB,"RAYON - 2440/2 9.9x9.9 TPI, 28 EPI SB",Y,INDORAMA VENTURES MOBILITY,PIZZIGHETTONE,Pizzighettone,Others,Italy,Q08RQ28SB,,,,,,,,,RQ28SB,,, , ,Y,,EMEA,,,,,INDORAMA VENTURES MOBILITY CREMONA (Sicrem),Pizzighettone,Pizzighettone,BVQ,INDORAMA VENTURES MOBILITY,PIZZIGHETTONE,PIZZIGHETTONE,OTHERS,ITALY,Yes,,,,,,,,,,
REINFORCEMENT,1,RFAVT8ST,DSU852 1680x2dtex 70epd 550/550tpm,N,TEIJIN,MIHARA,MIHARA CITY,Others,Japan,AVT8ST,,,,,,,,,AVT8ST,,, , ,N,,EMEA,E515 - Dunlop Montlucon,,,Montlucon,TEIJIN,MIHARA,MIHARA CITY,,TEIJIN,MIHARA,MIHARA CITY,OTHERS,JAPAN,Yes,,,,,,,,,,
REINFORCEMENT,1,RFBNQ8SG,"Nylon 6,6 1400/1, 4.6 TPI, 31.8 EPI, SG",Y,KORDSA,IZMIT,Izmit,Others,Turkey,Z01BNQ8SG,,,,,,,,,BNQ8SG,,, , ,Y,,EMEA,,,,,KORDSA,"Izmit, Turkey",Izmit,BXD,KORDSA,IZMIT,IZMIT,OTHERS,TURKEY,Yes,,,,,,,,,,
REINFORCEMENT,1,RFBS26SG,"NYLON 6,6 1400/2 - 9.3x9.1 TPI, 26 EPI, SG",Y,KORDSA,IZMIT,Izmit,Others,Turkey,Z01BS26SG,,,,,,,,,BS26SG,,, , ,Y,,EMEA,,,,,KORDSA,"Izmit, Turkey",Izmit,BXD,KORDSA,IZMIT,IZMIT,OTHERS,TURKEY,Yes,,,,,,,,,,
REINFORCEMENT,1,RFBSB1SG,"NYLON 6,6 1400/2, 9.3x9.1 TPI, 22.1 EPI, SG",N,KORDSA,IZMIT,Izmit,Others,Turkey,BSB1SG,,,,,,,,,BSB1SG,,, , ,N,,EMEA,,,,,KORDSA,"Izmit, Turkey",Izmit,BXD,KORDSA,IZMIT,IZMIT,OTHERS,TURKEY,Yes,,,,,,,,,,
REINFORCEMENT,1,RFRQF7SG,RM121/109 - 2440x2dtex - 109epd - 390/390tpm,N,KORDSA,IZMIT,Izmit,Others,Turkey,RQF7SG,,,,,,,,,RQF7SG,,, , ,N,,EMEA,Hanau,,,Hanau,KORDSA,"Izmit, Turkey",Izmit,BXD,KORDSA,IZMIT,IZMIT,OTHERS,TURKEY,Yes,,,,,,,,,,
REINFORCEMENT,1,RFNZI1SH,"NYLON 6,6 940/2 12.2x12.2 TPI  26.1 EPI SH",N,INDORAMA VENTURES MOBILITY,LUXEMBOURG,Steinfort,Others,Luxembourg,NZI1SH,,,,,,,,,NZI1SH,,, , ,N,,EMEA,,,,,INDORAMA VENTURES MOBILITY LUXEMBOURG (Textilcord),Luxembourg,Steinfort,EGN,INDORAMA VENTURES MOBILITY,LUXEMBOURG,STEINFORT,OTHERS,LUXEMBOURG,Yes,,,,,,,,,,
REINFORCEMENT,1,RFABR2SH,Aramid 1680x2dtex-60epd-340/340 tpm,N,INDORAMA VENTURES MOBILITY,LUXEMBOURG,Steinfort,Others,Luxembourg,ABR2SH,,,,,,,,,ABR2SH,,, , ,N,,EMEA,,,,,INDORAMA VENTURES MOBILITY LUXEMBOURG (Textilcord),Luxembourg,Steinfort,EGN,INDORAMA VENTURES MOBILITY,LUXEMBOURG,STEINFORT,OTHERS,LUXEMBOURG,Yes,,,,,,,,,,
REINFORCEMENT,1,RFAW01SO,1680x3dtex - 240/240tpm ex Teijin Aramid/Teijin Aramid,N,TEIJIN ARAMID,EERSTE BOKSLOOTWEG,Emmen,Others,Netherlands,Twaron 1000XL,,,,,,,,,AW01SO,,, , ,N,,EMEA,,,,,Teijin Aramid,"Eerste Bokslootweg, Emmen, Netherlands",Emmen,,TEIJIN ARAMID,EERSTE BOKSLOOTWEG,EMMEN,OTHERS,NETHERLANDS,Yes,,,,,,,,,,
REINFORCEMENT,1,RFAH01SL,1100x2dtex - 550/550tpm ex Teijin Aramid/Teijin Aramid,N,TEIJIN ARAMID,EERSTE BOKSLOOTWEG,Emmen,Others,Netherlands,TWARON 1000,,,,,,,,,AH01SL,,, , ,N,,EMEA,Birmingham,,,Birmingham,Teijin Aramid,"Eerste Bokslootweg, Emmen, Netherlands",Emmen,,TEIJIN ARAMID,EERSTE BOKSLOOTWEG,EMMEN,OTHERS,NETHERLANDS,Yes,,,,,,,,,,
REINFORCEMENT,1,RF9498,Ne24's (NM40.6) High Elongation Weft Yarn,N,KOLON,GUMI,Gumi,Others,South Korea,FILL,,,,,,,,,9498,,, , ,N,,"AP, EMEA, LA",,,,,KOLON,"Gumi, South Korea",Gumi,BJZ,KOLON,GUMI,GUMI,OTHERS,SOUTH KOREA,Yes,,,,,,,,,,
REINFORCEMENT,1,RF9484,Nm20/3 Cotton,N,SCHOELLER LITVINOV K.S.,LITVINOV,Litvinov,Others,Czech Republic,BLEEDER,,,,,,,,,9484,,, , ,N,,"AP, EMEA, LA",,,,,Schoeller Litvinov k.s.,Litvinov,Litvinov,EMR,SCHOELLER LITVINOV K.S.,LITVINOV,LITVINOV,OTHERS,CZECH REPUBLIC,Yes,,,,,,,,,,
REINFORCEMENT,1,RFBH,"1.295MM BEAD WIRE - HIGH TENSILE 
(Cooper 9021/9906/9001)",N,NATIONAL STANDARD,STILLWATER,Stillwater,OK,USA,142BH,,,,,,,,,BH,,, , ,N,,NA,,,,,NAT STANDARD,"Stillwater, OK, USA",Stillwater,AKH,NATIONAL STANDARD,STILLWATER,STILLWATER,OK,USA,Yes,,,,,,,,,,
REINFORCEMENT,1,RF9497,Ne26.6's (NM45) High Elongation Weft Yarn,N,HYOSUNG CORPORATION,ULSAN,Ulsan,Others,South Korea,FILL,,,,,,,,,9497,,, , ,N,,"AP, EMEA, LA, NA",,,,,HYOSUNG CORPORATION,"Ulsan, South Korea",Ulsan,JAJ,HYOSUNG CORPORATION,ULSAN,ULSAN,OTHERS,SOUTH KOREA,Yes,,,,,,,,,,
REINFORCEMENT,1,RF9486,Ne24's (NM40.6) Cotton,N,SCHOELLER LITVINOV K.S.,LITVINOV,Litvinov,Others,Czech Republic,FILL,,,,,,,,,9486,,, , ,N,,"AP, EMEA, LA",,,,,Schoeller Litvinov k.s.,Litvinov,Litvinov,EMR,SCHOELLER LITVINOV K.S.,LITVINOV,LITVINOV,OTHERS,CZECH REPUBLIC,Yes,,,,,,,,,,
REINFORCEMENT,1,RFH45,"1x6.0+(11+17+23+29)x2.2
",N,OTTO KUHLMANN,HEMER GERMANY,Hemer,Others,Germany,RF472H45,,,,,,,,,H45,,, , ,N,,"EMEA, NA",,,,,OTTO KUHLMANN,Hemer Germany,Hemer,BFJ,OTTO KUHLMANN,HEMER GERMANY,HEMER,OTHERS,GERMANY,Yes,,,,,,,,,,
REINFORCEMENT,1,RFK2B,"1x1.2+(6)x0.96+(11)x1.2
",N,OTTO KUHLMANN,HEMER GERMANY,Hemer,Others,Germany,RF38CK2B,,,,,,,,,K2B,,, , ,N,,"EMEA, NA",,,,,OTTO KUHLMANN,Hemer Germany,Hemer,BFJ,OTTO KUHLMANN,HEMER GERMANY,HEMER,OTHERS,GERMANY,Yes,,,,,,,,,,
REINFORCEMENT,1,RFAW01SL,"Aramid,1680/1/3",N,TEIJIN ARAMID,EERSTE BOKSLOOTWEG,Emmen,Others,Netherlands,1025,,,,,,,,,AW01SL,,, , ,N,,EMEA,"Birmingham, Montlucon",,,"Birmingham, Montlucon",Teijin Aramid,"Eerste Bokslootweg, Emmen, Netherlands",Emmen,,TEIJIN ARAMID,EERSTE BOKSLOOTWEG,EMMEN,OTHERS,NETHERLANDS,Yes,,,,,,,,,,
REINFORCEMENT,1,RFPA,12/1 Staple Polyester Bleeder Cord,N,EASTBANK TEXTILES,MACON,Macon,GA,USA,U46PC,,,,,,,,,PA,,, , ,N,,"AP, EMEA, LA, NA",,,,,EASTBANK TEXTILES,Macon,Macon,,EASTBANK TEXTILES,MACON,MACON,GA,USA,Yes,,,,,,,,,,
REINFORCEMENT,1,RFLP26JA,NYLON 6 2100/2 8x8 TPI 26 EPI JA,N,PRIMA SENTRA MEGAH,TANGERANG,TANGERANG,Others,Indonesia,LP26JA,,,,,,,,,LP26JA,,, , ,N,,AP,,,,,PRIMA SENTRA MEGAH,"TANGERANG, INDONESIA",TANGERANG,,PRIMA SENTRA MEGAH,TANGERANG,TANGERANG,OTHERS,INDONESIA,Yes,,,,,,,,,,
REINFORCEMENT,1,RFI06RY28SL/A,1840/2 10.4/10.4 TPI 28 EPI SL,N,SHRIRAM RAYON,KOTA,KOTA,Others,India,I06RY28SL,,,,,,,,,I06RY28SL/A,,, , ,N,,AP,Dalian,,,Dalian,SHRIRAM RAYON,"KOTA, RAJASTHAN, INDIA",KOTA,BVS,SHRIRAM RAYON,KOTA,KOTA,OTHERS,INDIA,Yes,,,,,,,,,,
REINFORCEMENT,1,RFNC21JA,"NYLON 6,6  940/1/2 12x12 TPI 21EPI JA",Y,KORDSA,CAMACARI,Camacari,BA,Brazil,A07NC21JA,,,,,,,,,NC21JA,,, , ,Y,,"LA, NA",,,,,KORDSA,"Camacari, Brazil",Camacari,DBV,KORDSA,CAMACARI,CAMACARI,BA,BRAZIL,Yes,,,,,,,,,,
REINFORCEMENT,1,RFNC35,"NYLON 6,6 940/2 12X12 TPI, 35 EPI",N,KORDSA,BERAZATEGUI,Berazategui,Buenos Aires,Argentina,nc35,,,,,,,,,NC35,,, , ,N,,AP,,,,,KORDSA,"Berazategui, Buenos Aires, Argentina",Berazategui,BJA,KORDSA,BERAZATEGUI,BERAZATEGUI,BUENOS AIRES,ARGENTINA,Yes,,,,,,,,,,
REINFORCEMENT,1,RFQV28,AA HMLS POLYESTER 1670/1/2 8.5x8.5 TPI 28EPI,N,HYOSUNG CORPORATION,DONG NAI,Dong Nai,Others,Vietnam,QV28,,,,,,,,,QV28,,, , ,N,,LA,,,,,HYOSUNG CORPORATION,"Dong Nai, Vietnam",Dong Nai,JPK,HYOSUNG CORPORATION,DONG NAI,DONG NAI,OTHERS,VIETNAM,Yes,,,,,,,,,,
REINFORCEMENT,1,RFB11Q,1670 DECITEX (1503 denier) AA HMLS POLYESTER,N,KORDSA,BA,,BA,Brazil,DIOLIN 1225,,,,,,,,,B11Q,,, , ,N,,LA,,,,,KORDSA,"BA, Brazil",,DBV,KORDSA,BA,,BA,BRAZIL,Yes,,,,,,,,,,
REINFORCEMENT,1,RFS02Q,1440 DECITEX (1300 DENIER) AA HMLS POLYESTER,Y,HYOSUNG CORPORATION,DONG NAI,Dong Nai,Others,Vietnam,TNX-021,,,,,,,,,S02Q,,, , ,Y,,"AP, EMEA, LA, NA",,,,,HYOSUNG CORPORATION,"Dong Nai, Vietnam",Dong Nai,JPK,HYOSUNG CORPORATION,DONG NAI,DONG NAI,OTHERS,VIETNAM,Yes,,,,,,,,,,
REINFORCEMENT,1,RFWM,7X19X20+1X15HT,N,TOKYO ROPE,KITAKAMI,KITAKAMI,Others,Japan,J101WM,,,,,,,,,WM,,, , ,N,,AP,,,,,TOKYO ROPE,"KITAKAMI, JAPAN",KITAKAMI,ALC,TOKYO ROPE,KITAKAMI,KITAKAMI,OTHERS,JAPAN,Yes,,,,,,,,,,
REINFORCEMENT,1,RFK25Q,1100 DECITEX AA HMLS POLYESTER,N,HYOSUNG CORPORATION,DECATUR,Decatur,AL,USA,HSP-40,,,,,,,,,K25Q,,, , ,N,,NA,,,,,HYOSUNG CORPORATION,"Decatur, AL, USA",Decatur,AIT,HYOSUNG CORPORATION,DECATUR,DECATUR,AL,USA,Yes,,,,,,,,,,
REINFORCEMENT,1,RFCH,"1.83MM BEAD WIRE - HIGH TENSILE
(Cooper Code 9024)",Y,KISWIRE,NEWBERRY,Newberry,SC,USA,243CH,,,,,,,,,CH,,, , ,Y,,NA,,,,,Kiswire - Bead Wire,"Newberry, SC, USA",Newberry,CFR,KISWIRE,NEWBERRY,NEWBERRY,SC,USA,Yes,,,,,,,,,,
REINFORCEMENT,1,RFAR,0.965MM BEAD WIRE - REGULAR TENSILE,N,KISWIRE,NEWBERRY,Newberry,SC,USA,243AR,,,,,,,,,AR,,, , ,N,,NA,,,,,Kiswire - Bead Wire,"Newberry, SC, USA",Newberry,CFR,KISWIRE,NEWBERRY,NEWBERRY,SC,USA,Yes,,,,,,,,,,
REINFORCEMENT,1,RFHR,1.60MM BEAD WIRE - REGULAR TENSILE,N,BMZ,MICORD,Zhlobin,Others,Belarus,312HR,,,,,,,,,HR,,, , ,N,,"AP, EMEA",,,,,BMZ,"MICORD, Zhlobin, Belarus",Zhlobin,ECH,BMZ,MICORD,ZHLOBIN,OTHERS,BELARUS,Yes,,,,,,,,,,
REINFORCEMENT,1,RFAR,0.965MM BEAD WIRE - REGULAR TENSILE,N,NATIONAL STANDARD,STILLWATER,Stillwater,OK,USA,142AR,,,,,,,,,AR,,, , ,N,,NA,,,,,NAT STANDARD,"Stillwater, OK, USA",Stillwater,AKH,NATIONAL STANDARD,STILLWATER,STILLWATER,OK,USA,Yes,,,,,,,,,,
REINFORCEMENT,1,RFZ09L,"1400 Decitex Nylon 6,6",N,KORDSA,IZMIT,Izmit,Others,Turkey,T802,,,,,,,,,Z09L,,, , ,N,,NA,,,,,KORDSA,"Izmit, Turkey",Izmit,BXD,KORDSA,IZMIT,IZMIT,OTHERS,TURKEY,Yes,,,,,,,,,,
REINFORCEMENT,1,RF524H45,1x6.0+(11+17+23+29)x2.2,Y,OTTO KUHLMANN,HEMER GERMANY,Hemer,Others,Germany,RF524H45,,,,,,,,,RF524H45,,, , ,Y,,NA,,,,,OTTO KUHLMANN,Hemer Germany,Hemer,BFJ,OTTO KUHLMANN,HEMER GERMANY,HEMER,OTHERS,GERMANY,Yes,,,,,,,,,,
REINFORCEMENT,1,RF380G33,1x5.0+(11+17+23)x1.8,Y,OTTO KUHLMANN,HEMER GERMANY,Hemer,Others,Germany,RF380G33,,,,,,,,,RF380G33,,, , ,Y,,NA,,,,,OTTO KUHLMANN,Hemer Germany,Hemer,BFJ,OTTO KUHLMANN,HEMER GERMANY,HEMER,OTHERS,GERMANY,Yes,,,,,,,,,,
REINFORCEMENT,1,RF38CK2B,1x1.2+(6)x0.96+(11)x1.2,N,OTTO KUHLMANN,HEMER GERMANY,Hemer,Others,Germany,RF38CK2B,,,,,,,,,RF38CK2B,,, , ,N,,NA,,,,,OTTO KUHLMANN,Hemer Germany,Hemer,BFJ,OTTO KUHLMANN,HEMER GERMANY,HEMER,OTHERS,GERMANY,Yes,,,,,,,,,,
REINFORCEMENT,1,RF536H45,1x6.0+(11+17+23+29)x2.2,Y,OTTO KUHLMANN,HEMER GERMANY,Hemer,Others,Germany,RF536H45,,,,,,,,,RF536H45,,, , ,Y,,NA,,,,,OTTO KUHLMANN,Hemer Germany,Hemer,BFJ,OTTO KUHLMANN,HEMER GERMANY,HEMER,OTHERS,GERMANY,Yes,,,,,,,,,,
REINFORCEMENT,1,RFUX,3x.20/9x.175+1 HT,Y,BEKAERT,SHENYANG BSSC,Shenyang,Others,China,BG01UX,,,,,,,,,UX,,, , ,Y,,NA,,,,,BEKAERT,"Shenyang BSSC, China",Shenyang,JJA,BEKAERT,SHENYANG BSSC,SHENYANG,OTHERS,CHINA,Yes,,,,,,,,,,
REINFORCEMENT,1,RFCH,"1.83MM BEAD WIRE - HIGH TENSILE
(Cooper Code 9024)",N,NAT STAN,UITENHAGE,UITENHAGE,Others,South Africa,145CH,,,,,,,,,CH,,, , ,N,,"AP, EMEA",,,,,NAT STAN,UITENHAGE,UITENHAGE,,NAT STAN,UITENHAGE,UITENHAGE,OTHERS,SOUTH AFRICA,Yes,,,,,,,,,,
REINFORCEMENT,1,RFFN,4+3x.35 UT,Y,KISWIRE,YANGSAN,Yangsan,Others,South Korea,F301FN,,,,,,,,,FN,,, , ,Y,,"AP, EMEA, LA, NA",,,,,KISWIRE,"Yangsan, South Korea",Yangsan,ALA,KISWIRE,YANGSAN,YANGSAN,OTHERS,SOUTH KOREA,No,,,,,,,,,,
REINFORCEMENT,1,RFUK,2+2x.35 ST,N,KAM - STEEL CORD,PINE BLUFF,Pine Bluff,AR,USA,F401UK,,,,,,,,,UK,,, , ,N,,NA,,,,,KAM - Steel Cord,"Pine Bluff, AR, USA",Pine Bluff,,KAM - STEEL CORD,PINE BLUFF,PINE BLUFF,AR,USA,No,,,,,,,,,,
REINFORCEMENT,1,RFU02NA,"470/1 DECITEX NYLON 6,6 WOVEN 24X24",N,MILLIKEN,LAGRANGE,Lagrange,GA,USA,U02NA,,,,,,,,,U02NA,,, , ,N,,NA,,,,,MILLIKEN,"Lagrange, GA, USA",Lagrange,ALO,MILLIKEN,LAGRANGE,LAGRANGE,GA,USA,Yes,,,,,,,,,,
REINFORCEMENT,1,RFNT26SK,"NYLON 6,6 950/0/1 MONOFILAMENT 26EPI SK",N,HYOSUNG CORPORATION,DECATUR,Decatur,AL,USA,NT26SK,,,,,,,,,NT26SK,,, , ,N,,"LA, NA",,,,,HYOSUNG CORPORATION,"Decatur, AL, USA",Decatur,AIT,HYOSUNG CORPORATION,DECATUR,DECATUR,AL,USA,Yes,,,,,,,,,,
REINFORCEMENT,1,RFWR,3X3X.175 HT,N,BEKAERT,AALTER,Aalter,Others,Belgium,B101WR,,,,,,,,,WR,,, , ,N,,EMEA,,,,,BEKAERT,"Aalter, Belgium",Aalter,,BEKAERT,AALTER,AALTER,OTHERS,BELGIUM,No,,,,,,,,,,
REINFORCEMENT,1,RFQV28,AA HMLS POLYESTER 1670/1/2 8.5x8.5 TPI 28EPI,N,KORDSA,CAMACARI,Camacari,BA,Brazil,QV28,,,,,,,,,QV28,,, , ,N,,LA,,,,,KORDSA,"Camacari, BA, Brazil",Camacari,,KORDSA,CAMACARI,CAMACARI,BA,BRAZIL,Yes,,,,,,,,,,
REINFORCEMENT,1,RFFN,4+3x.35 UT,N,HYOSUNG CORPORATION,LISA,LISA,Others,Luxembourg,C301FN,,,,,,,,,FN,,, , ,N,,"EMEA, LA, NA",,,,,HYOSUNG CORPORATION,"LISA, LUXEMBOURG",LISA,AIG,HYOSUNG CORPORATION,LISA,LISA,OTHERS,LUXEMBOURG,Yes,,,,,,,,,,
REINFORCEMENT,1,RFG55,"1x5.0+(10+16+22+28+33)x2.2
",N,OTTO KUHLMANN,HEMER GERMANY,Hemer,Others,Germany,RF582G55,,,,,,,,,G55,,, , ,N,,"EMEA, NA",,,,,OTTO KUHLMANN,Hemer Germany,Hemer,BFJ,OTTO KUHLMANN,HEMER GERMANY,HEMER,OTHERS,GERMANY,Yes,,,,,,,,,,
REINFORCEMENT,1,RFC17GAZ,Fiberglass 3300/1 1.5 TPI Z SA,N,NGF,GUELPH - ON,Guelph - ON,Others,Canada,C17GAZ,,,,,,,,,C17GAZ,,, , ,N,,"EMEA, NA",,,,,NGF,Guelph - ON,Guelph - ON,CDK,NGF,GUELPH - ON,GUELPH - ON,OTHERS,CANADA,Yes,,,,,,,,,,
REINFORCEMENT,1,RFQB30,AA HMLS POLYESTER 1100/1/3 8.5x8.5 TPI 30EPI,N,INDORAMA VENTURES MOBILITY,QUERETARO,QUERETARO,Others,Mexico,QB30,,,,,,,,,QB30,,, , ,N,,"EMEA, LA",,,,,INDORAMA VENTURES MOBILITY (Performance Fibers),"QUERETARO, MEXICO",QUERETARO,BBJ,INDORAMA VENTURES MOBILITY,QUERETARO,QUERETARO,OTHERS,MEXICO,Yes,,,,,,,,,,
REINFORCEMENT,1,RFU09T,2200 DECITEX (2000 DENIER) NAA HMLS PET,N,INDORAMA VENTURES MOBILITY,KAIPING,Kaiping,Others,China,1X50,,,,,,,,,U09T,,, , ,N,,"AP, EMEA, LA, NA",,,,,INDORAMA VENTURES MOBILITY (Performance Fibers),"Kaiping, China",Kaiping,JMX,INDORAMA VENTURES MOBILITY,KAIPING,KAIPING,OTHERS,CHINA,Yes,,,,,,,,,,
REINFORCEMENT,1,RFF08Q,2200 DECITEX AA-HMLS POLYESTER,Y,INDORAMA VENTURES MOBILITY,LONGLAVILLE,LONGLAVILLE,Others,France,1x53,,,,,,,,,F08Q,,, , ,Y,,EMEA,,,,,INDORAMA VENTURES MOBILITY (Performance Fibers),"LONGLAVILLE, FRANCE",LONGLAVILLE,BSI,INDORAMA VENTURES MOBILITY,LONGLAVILLE,LONGLAVILLE,OTHERS,FRANCE,Yes,,,,,,,,,,
REINFORCEMENT,1,RFQJ28RA,AA HMLS POLYESTER 1100/1/2 11.5 X 11.5 TPI 28EPI RA,N,HYOSUNG CORPORATION,UTICA,Utica,NY,USA,QJ28RA,,,,,,,,,QJ28RA,,, , ,N,,NA,,,,,HYOSUNG CORPORATION,"Utica, NY, USA",Utica,FHZ,HYOSUNG CORPORATION,UTICA,UTICA,NY,USA,Yes,,,,,,,,,,
REINFORCEMENT,1,RFZ09J,"1400 Decitex (1260 denier) Nylon 6,6",Y,KORDSA,IZMIT,Izmit,Others,Turkey,T802,,,,,,,,,Z09J,,, , ,Y,,NA,,,,,KORDSA,"Izmit, Turkey",Izmit,BXD,KORDSA,IZMIT,IZMIT,OTHERS,TURKEY,Yes,,,,,,,,,,
REINFORCEMENT,1,RFFA01WL,2X.295 HT,N,KAM - STEEL CORD,SVENTGOTTHARD,SVENTGOTTHARD,Others,Hungary,FA01WL,,,,,,,,,FA01WL,,, , ,N,,"AP, EMEA, LA, NA",,,,,KAM - Steel Cord,"SVENTGOTTHARD, HUNGARY",SVENTGOTTHARD,,KAM - STEEL CORD,SVENTGOTTHARD,SVENTGOTTHARD,OTHERS,HUNGARY,No,,,,,,,,,,
REINFORCEMENT,1,RFANY3SH,ARAMID K952/080 - 1670x2dtex - 80epd - 350/350tpm ex Du Pont/Textilcord,Y,INDORAMA VENTURES MOBILITY,LUXEMBOURG,Steinfort,Others,Luxembourg,E09ANY3SH,,,,,,,,,ANY3SH,,, , ,Y,,EMEA,,,,,INDORAMA VENTURES MOBILITY LUXEMBOURG (Textilcord),Luxembourg,Steinfort,EGN,INDORAMA VENTURES MOBILITY,LUXEMBOURG,STEINFORT,OTHERS,LUXEMBOURG,Yes,,,,,,,,,,
REINFORCEMENT,1,RFWM,7X19X20+1X15HT,N,TOKYO ROPE,KOKURA,Kokura,Others,Japan,J201WM,,,,,,,,,WM,,, , ,N,,AP,,,,,TOKYO ROPE,Kokura  Japan,Kokura,,TOKYO ROPE,KOKURA,KOKURA,OTHERS,JAPAN,No,,,,,,,,,,
REINFORCEMENT,1,RFNC32MA,"NYLON 6,6  940/1/2 12x12 TPI 32EPI MA",N,HYOSUNG CORPORATION,DECATUR,Decatur,AL,USA,NC32MA,,,,,,,,,NC32MA,,, , ,N,,NA,,,,,HYOSUNG CORPORATION,"Decatur, AL, USA",Decatur,AIT,HYOSUNG CORPORATION,DECATUR,DECATUR,AL,USA,Yes,,,,,,,,,,
REINFORCEMENT,1,RFNC27QA,"NYLON 6,6 940/1/2 12 X 12 TPI 27EPI QA",N,HYOSUNG CORPORATION,AMERICANA,Americana,Others,Brazil,NC27QA,,,,,,,,,NC27QA,,, , ,N,,LA,,,,,HYOSUNG CORPORATION,"Americana, SP, Brazil",Americana,,HYOSUNG CORPORATION,AMERICANA,AMERICANA,OTHERS,BRAZIL,No,,,,,,,,,,
REINFORCEMENT,1,RFTV28HA,"HMLS POLYESTER 1670/1/2 8.5X8.5TPI, 28EPI HA",N,DURAFIBER,KAIPING,Kaiping,Others,China,TV28HA,,,,,,,,,TV28HA,,, , ,N,,LA,,,,,Durafiber,"Kaiping, China",Kaiping,,DURAFIBER,KAIPING,KAIPING,OTHERS,CHINA,Yes,,,,,,,,,,
REINFORCEMENT,1,RFRXF7SG,"Rayon 1840/2, 10.7x10.7 TPI, 27.7 EPI, SG",Y,KORDSA,IZMIT,Izmit,Others,Turkey,I07RXF7SG,,,,,,,,,RXF7SG,,, , ,Y,,EMEA,,,,,KORDSA,"Izmit, Turkey",Izmit,BXD,KORDSA,IZMIT,IZMIT,OTHERS,TURKEY,Yes,,,,,,,,,,
REINFORCEMENT,1,RFNGI7SH,"Nylon 66 1400/1/2, 6x6 TPI, 26.7, SH",N,INDORAMA VENTURES MOBILITY,LUXEMBOURG,Steinfort,Others,Luxembourg,NGI7SH,,,,,,,,,NGI7SH,,, , ,N,,EMEA,,,,,INDORAMA VENTURES MOBILITY LUXEMBOURG (Textilcord),Luxembourg,Steinfort,EGN,INDORAMA VENTURES MOBILITY,LUXEMBOURG,STEINFORT,OTHERS,LUXEMBOURG,Yes,,,,,,,,,,
REINFORCEMENT,1,RFBCD4SH,NYLON66 NT220 - 2100x2dtex - 98epd - 300/300tpm ex Nexis Fibers/Textilcord,N,INDORAMA VENTURES MOBILITY,LUXEMBOURG,Steinfort,Others,Luxembourg,BCD4SH,,,,,,,,,BCD4SH,,, , ,N,,EMEA,,,,,INDORAMA VENTURES MOBILITY LUXEMBOURG (Textilcord),Luxembourg,Steinfort,EGN,INDORAMA VENTURES MOBILITY,LUXEMBOURG,STEINFORT,OTHERS,LUXEMBOURG,Yes,,,,,,,,,,
REINFORCEMENT,1,RFG55,"1x5.0+(10+16+22+28+33)x2.2
",N,OTTO KUHLMANN,HEMER GERMANY,Hemer,Others,Germany,RF576G55,,,,,,,,,G55,,, , ,N,,"EMEA, NA",,,,,OTTO KUHLMANN,Hemer Germany,Hemer,BFJ,OTTO KUHLMANN,HEMER GERMANY,HEMER,OTHERS,GERMANY,Yes,,,,,,,,,,
REINFORCEMENT,1,RFID25MC,NYLON 6 1880/1/2 8.5x8.5 TPI 25 EPI MC,N,SRF,MANALI,MANALI,Others,India,ID25MC,,,,,,,,,ID25MC,,, , ,N,,AP,,,,,SRF,"MANALI, CHENNAI, INDIA",MANALI,JDD,SRF,MANALI,MANALI,OTHERS,INDIA,Yes,,,,,,,,,,
REINFORCEMENT,1,RFAQF9SH,KM16/110 - 1100x2dtex - 110epd - 425/425tpm,N,INDORAMA VENTURES MOBILITY,LUXEMBOURG,Steinfort,Others,Luxembourg,AQF9SH,,,,,,,,,AQF9SH,,, , ,N,,EMEA,,,,,INDORAMA VENTURES MOBILITY LUXEMBOURG (Textilcord),Luxembourg,Steinfort,EGN,INDORAMA VENTURES MOBILITY,LUXEMBOURG,STEINFORT,OTHERS,LUXEMBOURG,Yes,,,,,,,,,,
REINFORCEMENT,1,RFBCX1SH,NYLON66 NT219 - 2100x2dtex -77.5 epd- 300/300tpm ex Nexis Fibers/Textilcord,N,INDORAMA VENTURES MOBILITY,LUXEMBOURG,Steinfort,Others,Luxembourg,BCX1SH,,,,,,,,,BCX1SH,,, , ,N,,EMEA,Montlucon,,,Montlucon,INDORAMA VENTURES MOBILITY LUXEMBOURG (Textilcord),Luxembourg,Steinfort,EGN,INDORAMA VENTURES MOBILITY,LUXEMBOURG,STEINFORT,OTHERS,LUXEMBOURG,Yes,,,,,,,,,,
REINFORCEMENT,1,RFAW01SN,"Aramid, 1680x3dtex, 6.1x6.1 TPI, Single End Cord",Y,PMG ARDECHE,SAINT JULIEN EN SAINT ALBAN,Saint Julien en Saint Alban,Others,France,L01AW01SN,,,,,,,,,AW01SN,,, , ,Y,,EMEA,,,,,PMG Ardeche,Saint Julien en Saint Alban,Saint Julien en Saint Alban,BRV,PMG ARDECHE,SAINT JULIEN EN SAINT ALBAN,SAINT JULIEN EN SAINT ALBAN,OTHERS,FRANCE,Yes,,,,,,,,,,
REINFORCEMENT,1,RFAP30YR,"ARAMID, 1100/2, 9x9 TPI, 30 EPI, YR",Y,HYOSUNG CORPORATION,DECATUR,Decatur,AL,USA,112AP30YR,,,,,,,,,AP30YR,,, , ,Y,,NA,,,,,HYOSUNG CORPORATION,"Decatur, AL, USA",Decatur,AIT,HYOSUNG CORPORATION,DECATUR,DECATUR,AL,USA,Yes,,,,,,,,,,
REINFORCEMENT,1,RF9470,"6's/1 Spun Polyester, Lightly Waxed",N,OPEN MARKET,UNSPECIFIED,,Others,Others,FILL,,,,,,,,,9470,,, , ,N,,"AP, EMEA, LA, NA",,,,,OPEN MARKET,UNSPECIFIED,,DOESN'T EXIST IN SIS,OPEN MARKET,UNSPECIFIED,,OTHERS,OTHERS,Yes,,,,,,,,,,
REINFORCEMENT,1,RFC17GAZ PILOT,Fiberglass 3300/1 1.5 TPI Z SA Pilot,N,NGF,GUELPH - ON,Guelph - ON,Others,Canada,C17GAZ Pilot,,,,,,,,,C17GAZ PILOT,,, , ,N,,"EMEA, NA",,,,,NGF,Guelph - ON,Guelph - ON,CDK,NGF,GUELPH - ON,GUELPH - ON,OTHERS,CANADA,Yes,,,,,,,,,,
REINFORCEMENT,1,RFC17G,Fiberglass 3300 Decitex,N,OWENS CORNING,GUELPH,Guelph,Others,Canada,R5075 Fiberglass Type E,,,,,,,,,C17G,,, , ,N,,"EMEA, NA",,,,,Owens Corning,Guelph ON Canada,Guelph,,OWENS CORNING,GUELPH,GUELPH,ON,CANADA,Yes,,,,,,,,,,
REINFORCEMENT,1,RFEP,7X(3+9+15X.245)+1 HT,Y,JIAXING EASTERN,ZHEJIANG,Zhejiang,Others,China,Y101EP,,,,,,,,,EP,,, , ,Y,,"AP, NA",,,,,JIAXING EASTERN,"Zhejiang, China",Zhejiang,JWJ,JIAXING EASTERN,ZHEJIANG,ZHEJIANG,OTHERS,CHINA,Yes,,,,,,,,,,
REINFORCEMENT,1,RFAT30YR,"ARAMID, 1100/2, 16x16 TPI, EPI, YR",Y,HYOSUNG CORPORATION,DECATUR,Decatur,AL,USA,L16AT30YR,,,,,,,,,AT30YR,,, , ,Y,,NA,,,,,HYOSUNG CORPORATION,"Decatur, AL, USA",Decatur,AIT,HYOSUNG CORPORATION,DECATUR,DECATUR,AL,USA,Yes,,,,,,,,,,
REINFORCEMENT,1,RFV04L,2100 DECITEX (1890 denier)NYLON 6,N,FCFC,HSYN-KANG,HSYN-KANG,Others,Taiwan,NYLON 6,,,,,,,,,V04L,,, , ,N,,"AP, EMEA, LA, NA",,,,,FCFC,"HSYN-KANG, CHIAYI, TAIWAN",HSYN-KANG,,FCFC,HSYN-KANG,HSYN-KANG,OTHERS,TAIWAN,Yes,,,,,,,,,,
REINFORCEMENT,1,RF9485,Ne26.6's (NM45) cotton,N,SCHOELLER LITVINOV K.S.,LITVINOV,Litvinov,Others,Czech Republic,FILL,,,,,,,,,9485,,, , ,N,,"AP, EMEA, LA",,,,,Schoeller Litvinov k.s.,Litvinov,Litvinov,EMR,SCHOELLER LITVINOV K.S.,LITVINOV,LITVINOV,OTHERS,CZECH REPUBLIC,Yes,,,,,,,,,,
REINFORCEMENT,1,RF9482,Ne18's Cotton,N,SCHOELLER LITVINOV K.S.,LITVINOV,Litvinov,Others,Czech Republic,FILL,,,,,,,,,9482,,, , ,N,,EMEA,,,,,Schoeller Litvinov k.s.,Litvinov,Litvinov,EMR,SCHOELLER LITVINOV K.S.,LITVINOV,LITVINOV,OTHERS,CZECH REPUBLIC,Yes,,,,,,,,,,
REINFORCEMENT,1,RFLH23JA,NYLON 6  1400/1/3 8 X 8 TPI 23EPI JA,N,PRIMA SENTRA MEGAH,TANGERANG,TANGERANG,Others,Indonesia,LH23JA,,,,,,,,,LH23JA,,, , ,N,,AP,,,,,PRIMA SENTRA MEGAH,"TANGERANG, INDONESIA",TANGERANG,,PRIMA SENTRA MEGAH,TANGERANG,TANGERANG,OTHERS,INDONESIA,Yes,,,,,,,,,,
REINFORCEMENT,1,RFTU32HF,"HMLS POLYESTER 1440/1/2, 9x9TPI, 32EPI HF",N,KOLON,NANJING,Nanjing,Others,China,TU32HF,,,,,,,,,TU32HF,,, , ,N,,"AP, EMEA",,,,,KOLON,Nanjing,Nanjing,JPJ,KOLON,NANJING,NANJING,OTHERS,CHINA,Yes,,,,,,,,,,
REINFORCEMENT,1,RFL18A,1880 DTEX ARAMID,N,TEIJIN ARAMID,EERSTE BOKSLOOTWEG,Emmen,Others,Netherlands,Twaron 1000XL,,,,,,,,,L18A,,, , ,N,,EMEA,,,,,Teijin Aramid,"Eerste Bokslootweg, Emmen, Netherlands",Emmen,,TEIJIN ARAMID,EERSTE BOKSLOOTWEG,EMMEN,OTHERS,NETHERLANDS,Yes,,,,,,,,,,
REINFORCEMENT,1,RFNC16UA,"NYLON 6,6 940/1/2 12x12 TPI 16 EPI UA",Y,KORDSA,IZMIT,Izmit,Others,Turkey,Z02NC16UA,,,,,,,,,NC16UA,,, , ,Y,,"AP, EMEA",,,,,KORDSA,"Izmit, Turkey",Izmit,BXD,KORDSA,IZMIT,IZMIT,OTHERS,TURKEY,Yes,,,,,,,,,,
REINFORCEMENT,1,RFLP26JA,NYLON 6 2100/2 8x8 TPI 26 EPI JA,Y,ENKA DE COLOMBIA,GIRARDOTA,GIRARDOTA,Others,Colombia,H09LP26JA,,,,,,,,,LP26JA,,, , ,Y,,LA,,,,,ENKA DE COLOMBIA,"GIRARDOTA, COLOMBIA",GIRARDOTA,DHJ,ENKA DE COLOMBIA,GIRARDOTA,GIRARDOTA,OTHERS,COLOMBIA,Yes,,,,,,,,,,
REINFORCEMENT,1,RFS07T,1440 DECITEX (1300 DENIER) Non-AA HMLS POLYESTER,Y,HYOSUNG CORPORATION,DONG NAI,Dong Nai,Others,Vietnam,HSP-40,,,,,,,,,S07T,,, , ,Y,,NA,,,,,HYOSUNG CORPORATION,"Dong Nai, Vietnam",Dong Nai,JPK,HYOSUNG CORPORATION,DONG NAI,DONG NAI,OTHERS,VIETNAM,Yes,,,,,,,,,,
REINFORCEMENT,1,RFUS,3+2x.35 ST,N,KAM - STEEL CORD,PINE BLUFF,Pine Bluff,AR,USA,F401US,,,,,,,,,US,,, , ,N,,NA,,,,,KAM - Steel Cord,"Pine Bluff, AR, USA",Pine Bluff,,KAM - STEEL CORD,PINE BLUFF,PINE BLUFF,AR,USA,No,,,,,,,,,,
REINFORCEMENT,1,RFPB,12/2 Polyester Bleeder Cord,N,SHUFORD YARNS,HICKORY,Hickory,NC,USA,U46PB,,,,,,,,,PB,,, , ,N,,"AP, EMEA, LA, NA",,,,,Shuford Yarns,"Hickory, NC, USA",Hickory,CFQ,SHUFORD YARNS,HICKORY,HICKORY,NC,USA,Yes,,,,,,,,,,
REINFORCEMENT,1,RF714ZS,8000/1 Carbon Fiber 60 TPM Z-Twist SED,N,TORAY,DECATUR,Decatur,AL,USA,T700SC,,,,,,,,,714ZS,,, , ,N,,"AP, EMEA, LA, NA",,,,,TORAY,"Decatur, AL, USA",Decatur,DOESN'T EXIST IN SIS,TORAY,DECATUR,DECATUR,AL,USA,Yes,,,,,,,,,,
REINFORCEMENT,1,RFLB,"980 dTex, Nylon 6, Square Woven",Y,TEXTIL ASSUF MALUF,SUMARE,Sumare,SP,Brazil,B44LB,,,,,,,,,LB,,, , ,Y,,LA,,,,,Textil Assuf Maluf,"Sumare, SP, Brazil",Sumare,,TEXTIL ASSUF MALUF,SUMARE,SUMARE,SP,BRAZIL,Yes,,,,,,,,,,
REINFORCEMENT,1,RFTV28HF,"HMLS POLYESTER 1670/1/2 8.5x8.5TPI, 28EPI HF",N,HYOSUNG CORPORATION,DECATUR,Decatur,AL,USA,TV28HF,,,,,,,,,TV28HF,,, , ,N,,LA,,,,,HYOSUNG CORPORATION,"Decatur, AL, USA",Decatur,AIT,HYOSUNG CORPORATION,DECATUR,DECATUR,AL,USA,Yes,,,,,,,,,,
REINFORCEMENT,1,RFK26T,1670 DECITEX HMLS POLYESTER,Y,HYOSUNG CORPORATION,ULSAN,Ulsan,Others,South Korea,HSP-40,,,,,,,,,K26T,,, , ,Y,,"LA, NA",,,,,HYOSUNG CORPORATION,"Ulsan, South Korea",Ulsan,JAJ,HYOSUNG CORPORATION,ULSAN,ULSAN,OTHERS,SOUTH KOREA,Yes,,,,,,,,,,
REINFORCEMENT,1,RFH45,"1x6.0+(11+17+23+29)x2.2
",N,OTTO KUHLMANN,HEMER GERMANY,Hemer,Others,Germany,RF524H45,,,,,,,,,H45,,, , ,N,,"EMEA, NA",,,,,OTTO KUHLMANN,Hemer Germany,Hemer,BFJ,OTTO KUHLMANN,HEMER GERMANY,HEMER,OTHERS,GERMANY,Yes,,,,,,,,,,
REINFORCEMENT,1,RFE25,"1x3.0+(7+13)x2.20mm
",N,OTTO KUHLMANN,HEMER GERMANY,Hemer,Others,Germany,RF370E25,,,,,,,,,E25,,, , ,N,,"EMEA, NA",,,,,OTTO KUHLMANN,Hemer Germany,Hemer,BFJ,OTTO KUHLMANN,HEMER GERMANY,HEMER,OTHERS,GERMANY,Yes,,,,,,,,,,
REINFORCEMENT,1,RFC17GDZ PILOT,Fiberglass 3300/3 1.5 TPI Z SA Pilot,N,NGF,GUELPH - ON,Guelph - ON,Others,Canada,C17GDZ Pilot,,,,,,,,,C17GDZ PILOT,,, , ,N,,NA,,,,,NGF,Guelph - ON,Guelph - ON,CDK,NGF,GUELPH - ON,GUELPH - ON,OTHERS,CANADA,Yes,,,,,,,,,,
REINFORCEMENT,1,RFC17GDZ,Fiberglass 3300/3 1.5 TPI Z SA,N,NGF,GUELPH - ON,Guelph - ON,Others,Canada,C17GDZ,,,,,,,,,C17GDZ,,, , ,N,,NA,,,,,NGF,Guelph - ON,Guelph - ON,CDK,NGF,GUELPH - ON,GUELPH - ON,OTHERS,CANADA,Yes,,,,,,,,,,
REINFORCEMENT,1,RFQ10R,1840 Decitex Rayon (0 pretwist),Y,INDORAMA VENTURES MOBILITY,LOVOSICE,Lovosice,Others,Czech Republic,SUPER II,,,,,,,,,Q10R,,, , ,Y,,EMEA,,,,,INDORAMA VENTURES MOBILITY (Glanzstoff),Lovosice,Lovosice,EDS,INDORAMA VENTURES MOBILITY,LOVOSICE,LOVOSICE,OTHERS,CZECH REPUBLIC,Yes,,,,,,,,,,
REINFORCEMENT,1,RFC17GDS,Fiberglass 3300/3 1.5 TPI S SA,N,NGF,GUELPH - ON,Guelph - ON,Others,Canada,C17GDS,,,,,,,,,C17GDS,,, , ,N,,NA,,,,,NGF,Guelph - ON,Guelph - ON,CDK,NGF,GUELPH - ON,GUELPH - ON,OTHERS,CANADA,Yes,,,,,,,,,,
REINFORCEMENT,1,RFC17GBZ PILOT,Fiberglass 3300/2 1.5 TPI Z SA Pilot,N,NGF,GUELPH - ON,Guelph - ON,Others,Canada,C17GBZ Pilot,,,,,,,,,C17GBZ PILOT,,, , ,N,,NA,,,,,NGF,Guelph - ON,Guelph - ON,CDK,NGF,GUELPH - ON,GUELPH - ON,OTHERS,CANADA,Yes,,,,,,,,,,
REINFORCEMENT,1,RF714ZZ,8000/1 Carbon Fiber 60 TPM S- Twist SED,N,TORAY,DECATUR,Decatur,AL,USA,T700SC,,,,,,,,,714ZZ,,, , ,N,,"AP, EMEA, LA, NA",,,,,TORAY,"Decatur, AL, USA",Decatur,DOESN'T EXIST IN SIS,TORAY,DECATUR,DECATUR,AL,USA,Yes,,,,,,,,,,
REINFORCEMENT,1,RFNP23JA,"NYLON 6,6  2100/1/2 8x8 TPI 23EPI JA",N,KORDSA,CAMACARI,Camacari,BA,Brazil,NP23JA,,,,,,,,,NP23JA,,, , ,N,,LA,,,,,KORDSA,"Camacari, Brazil",Camacari,DBV,KORDSA,CAMACARI,CAMACARI,BA,BRAZIL,Yes,,,,,,,,,,
REINFORCEMENT,1,RFNC27JA,"NYLON 6,6  940/1/2 12x12 TPI 27EPI JA",Y,KORDSA,CAMACARI,Camacari,BA,Brazil,A07NC27JA,,,,,,,,,NC27JA,,, , ,Y,,LA,,,,,KORDSA,"Camacari, Brazil",Camacari,DBV,KORDSA,CAMACARI,CAMACARI,BA,BRAZIL,Yes,,,,,,,,,,
REINFORCEMENT,1,RFFF,3x3x.170 NT,N,SUMITOMO ELECTRIC INDUSTRIES,TOCHIGI,TOCHIGI,Others,Japan,Q101FF,,,,,,,,,FF,,, , ,N,,"EMEA, NA","Buffalo / Tonawanda, Montlucon",,,"Buffalo / Tonawanda, Montlucon",SUMITOMO ELECTRIC INDUSTRIES,"TOCHIGI, JAPAN",TOCHIGI,LAG,SUMITOMO ELECTRIC INDUSTRIES,TOCHIGI,TOCHIGI,OTHERS,JAPAN,Yes,,,,,,,,,,
REINFORCEMENT,1,RFANY3YA,"ARAMID, 1670/2, 8.9x8.9 TPI, 20.3 EPI, YA",Y,HYOSUNG CORPORATION,LISA,LISA,Others,Luxembourg,E09ANY3YA,,,,,,,,,ANY3YA,,, , ,Y,,"AP, EMEA",,,,,HYOSUNG CORPORATION,"LISA, LUXEMBOURG",LISA,AIG,HYOSUNG CORPORATION,LISA,LISA,OTHERS,LUXEMBOURG,Yes,,,,,,,,,,
REINFORCEMENT,1,RFEP,7X(3+9+15X.245)+1 HT,N,KAM - STEEL CORD,CHANGWON,Changwon,Others,South Korea,F501EP,,,,,,,,,EP,,, , ,N,,"AP, NA",,,,,KAM - Steel Cord,"Changwon, South Korea",Changwon,,KAM - STEEL CORD,CHANGWON,CHANGWON,OTHERS,SOUTH KOREA,No,,,,,,,,,,
REINFORCEMENT,1,RFLN,1100/1 DECITEX NYLON 6 WOVEN 14X14,Y,MS MECORDS INDIA,MUMBAI,MUMBAI,Others,India,I47LN,,,,,,,,,LN,,, , ,Y,,AP,,,,,MS MECORDS INDIA,"MUMBAI, INDIA",MUMBAI,,MS MECORDS INDIA,MUMBAI,MUMBAI,OTHERS,INDIA,Yes,,,,,,,,,,
REINFORCEMENT,1,RFWZ,2+7X.22+1 NT,N,BEKAERT,AALTER,Aalter,Others,Belgium,B101WZ,,,,,,,,,WZ,,, , ,N,,EMEA,"Dunlop Hanau, Dunlop Wittlich, Pneumant Fuerstenwalde, Pneumant Riesa",,,"Fuerstenwalde, Hanau, Riesa, Wittlich",BEKAERT,"Aalter, Belgium",Aalter,,BEKAERT,AALTER,AALTER,OTHERS,BELGIUM,No,,,,,,,,,,
REINFORCEMENT,1,RFN4,"Nominal 235/470 dtex  Nylon 6,6 bead tape",N,MILLIKEN,GHENT,Ghent,Others,Belgium,L02N4,,,,,,,,,N4,,, , ,N,,"AP, EMEA, LA",,,,,MILLIKEN,"Ghent, Belgium",Ghent,AJE,MILLIKEN,GHENT,GHENT,OTHERS,BELGIUM,Yes,,,,,,,,,,
REINFORCEMENT,1,RFLC33,NYLON 6 940/1/2 12x12 TPI 33 EPI,N,FORMOSA TAFFETA,TOULIU,TOULIOU,Others,Taiwan,LC33,,,,,,,,,LC33,,, , ,N,,LA,,,,,FORMOSA TAFFETA,"TOULIOU, TAIWAN",TOULIOU,JFM,FORMOSA TAFFETA,TOULIU,TOULIU,OTHERS,TAIWAN,Yes,,,,,,,,,,
REINFORCEMENT,1,RFAP30LA,ARAMID  1100/1/2 9 X 9 TPI 30EPI LA,N,HYOSUNG CORPORATION,DECATUR,Decatur,AL,USA,AP30LA,,,,,,,,,AP30LA,,, , ,N,,NA,,,,,HYOSUNG CORPORATION,"Decatur, AL, USA",Decatur,AIT,HYOSUNG CORPORATION,DECATUR,DECATUR,AL,USA,Yes,,,,,,,,,,
REINFORCEMENT,1,RFAS,0.965MM BEAD WIRE - HIGH TENSILE,N,BEKAERT,AALTER,Aalter,Others,Belgium,021AS,,,,,,,,,AS,,, , ,N,,"AP, EMEA, LA, NA",,,,,BEKAERT,"Aalter, Belgium",Aalter,,BEKAERT,AALTER,AALTER,OTHERS,BELGIUM,No,,,,,,,,,,
REINFORCEMENT,1,RFAS,0.965MM BEAD WIRE - HIGH TENSILE,N,NATIONAL STANDARD,STILLWATER,Stillwater,OK,USA,142AS,,,,,,,,,AS,,, , ,N,,"AP, EMEA, LA",,,,,NAT STANDARD,"Stillwater, OK, USA",Stillwater,AKH,NATIONAL STANDARD,STILLWATER,STILLWATER,OK,USA,Yes,,,,,,,,,,
REINFORCEMENT,1,RFAS,0.965MM BEAD WIRE - HIGH TENSILE,N,KISWIRE,HONG DUK,Hong Duk,Others,South Korea,242AS,,,,,,,,,AS,,, , ,N,,AP,,,,,Kiswire - Bead Wire,"Hong Duk, South Korea",Hong Duk,JBU,KISWIRE,HONG DUK,HONG DUK,OTHERS,SOUTH KOREA,Yes,,,,,,,,,,
REINFORCEMENT,1,RFAT17YF,ARAMID 1100/1/2  16X16 TPI  17EPI YF,N,HYOSUNG CORPORATION,LISA,LISA,Others,Luxembourg,AT17YF,,,,,,,,,AT17YF,,, , ,N,,EMEA,,,,,HYOSUNG CORPORATION,"LISA, LUXEMBOURG",LISA,AIG,HYOSUNG CORPORATION,LISA,LISA,OTHERS,LUXEMBOURG,Yes,,,,,,,,,,
REINFORCEMENT,1,RFAT30YF,ARAMID  1100/1/2 16 X 16 TPI 30EPI YF,Y,HYOSUNG CORPORATION,DECATUR,Decatur,AL,USA,112AT30YF,,,,,,,,,AT30YF,,, , ,Y,,"EMEA, LA, NA",,,,,HYOSUNG CORPORATION,"Decatur, AL, USA",Decatur,AIT,HYOSUNG CORPORATION,DECATUR,DECATUR,AL,USA,Yes,,,,,,,,,,
REINFORCEMENT,1,RFAT30YF,ARAMID  1100/1/2 16 X 16 TPI 30EPI YF,Y,HYOSUNG CORPORATION,LISA,LISA,Others,Luxembourg,E08AT30YF,,,,,,,,,AT30YF,,, , ,Y,,EMEA,,,,,HYOSUNG CORPORATION,"LISA, LUXEMBOURG",LISA,AIG,HYOSUNG CORPORATION,LISA,LISA,OTHERS,LUXEMBOURG,Yes,,,,,,,,,,
REINFORCEMENT,1,RF714Z,8000 Decitex (7200 denier) Carbon Fiber,Y,TORAY,DECATUR,Decatur,AL,USA,T700SC,,,,,,,,,714Z,,, , ,Y,,"AP, EMEA, LA, NA",,,,,TORAY,"Decatur, AL, USA",Decatur,DOESN'T EXIST IN SIS,TORAY,DECATUR,DECATUR,AL,USA,Yes,,,,,,,,,,
REINFORCEMENT,1,RF713Z,8000 Decitex Carbon Fiber,N,TORAY,DECATUR,Decatur,AL,USA,T700GC,,,,,,,,,713Z,,, , ,N,,"AP, EMEA, LA, NA",,,,,TORAY,"Decatur, AL, USA",Decatur,DOESN'T EXIST IN SIS,TORAY,DECATUR,DECATUR,AL,USA,Yes,,,,,,,,,,
REINFORCEMENT,1,RFBD20JA,"NYLON 6,6  1880/1/2 8.5 X 8.5 TPI 20EPI JA",N,THAI INDO KORDSA,AYUTTHAYA,"AYUTTHAYA, THAILAND",Others,Thailand,BD20JA,,,,,,,,,BD20JA,,, , ,N,,AP,,,,,THAI INDO KORDSA,"AYUTTHAYA, THAILAND","AYUTTHAYA, THAILAND",JAE,THAI INDO KORDSA,AYUTTHAYA,"AYUTTHAYA, THAILAND",OTHERS,THAILAND,Yes,,,,,,,,,,
REINFORCEMENT,1,RFBD20JA,"NYLON 6,6  1880/1/2 8.5 X 8.5 TPI 20EPI JA",N,PT INDO KORDSA,CITEUREUP,CITEUREUP,Others,Indonesia,BD20JA,,,,,,,,,BD20JA,,, , ,N,,AP,,,,,PT INDO KORDSA,"CITEUREUP, INDONESIA",CITEUREUP,BGQ,PT INDO KORDSA,CITEUREUP,CITEUREUP,OTHERS,INDONESIA,Yes,,,,,,,,,,
REINFORCEMENT,1,RFBD25JA,"NYLON 6,6  1880/1/2 8.5 X 8.5 TPI 25EPI JA",N,THAI INDO KORDSA,AYUTTHAYA,"AYUTTHAYA, THAILAND",Others,Thailand,BD25JA,,,,,,,,,BD25JA,,, , ,N,,AP,,,,,THAI INDO KORDSA,"AYUTTHAYA, THAILAND","AYUTTHAYA, THAILAND",JAE,THAI INDO KORDSA,AYUTTHAYA,"AYUTTHAYA, THAILAND",OTHERS,THAILAND,Yes,,,,,,,,,,
REINFORCEMENT,1,RFBD25JA,"NYLON 6,6  1880/1/2 8.5 X 8.5 TPI 25EPI JA",N,PT INDO KORDSA,CITEUREUP,CITEUREUP,Others,Indonesia,BD25JA,,,,,,,,,BD25JA,,, , ,N,,AP,,,,,PT INDO KORDSA,"CITEUREUP, INDONESIA",CITEUREUP,BGQ,PT INDO KORDSA,CITEUREUP,CITEUREUP,OTHERS,INDONESIA,Yes,,,,,,,,,,
REINFORCEMENT,1,RFBH17MS,"NYLON 6,6 1400/1/3 8.4X8.4 TPI 17EPI MS",N,HYOSUNG CORPORATION,UTICA,Utica,NY,USA,139BH17MS,,,,,,,,,BH17MS,,, , ,N,,"EMEA, NA",,,,,HYOSUNG CORPORATION,"Utica, NY, USA",Utica,FHZ,HYOSUNG CORPORATION,UTICA,UTICA,NY,USA,Yes,,,,,,,,,,
REINFORCEMENT,1,RFBS1,1.10\"X.060X.035 STAPLE,N,ACME STAPLE,FRANKLIN,Franklin,NH,USA,351BS1,,,,,,,,,BS1,,, , ,N,,"AP, EMEA, LA, NA",,,,,ACME STAPLE,"Franklin, NH, USA",Franklin,,ACME STAPLE,FRANKLIN,FRANKLIN,NH,USA,Yes,,,,,,,,,,
REINFORCEMENT,1,RFQ01R,1840 Decitex (1656 denier) Rayon,Y,INDORAMA VENTURES MOBILITY,LOVOSICE,Lovosice,Others,Czech Republic,SUPER II,,,,,,,,,Q01R,,, , ,Y,,"AP, EMEA, LA, NA",,,,,INDORAMA VENTURES MOBILITY (Glanzstoff),Lovosice,Lovosice,EDS,INDORAMA VENTURES MOBILITY,LOVOSICE,LOVOSICE,OTHERS,CZECH REPUBLIC,Yes,,,,,,,,,,
REINFORCEMENT,1,RFCE28WA,"Merge Cord, 1100/1 + 1400/1 10.7Z/6.2Z9.7S TPI, 28EPI WA",Y,HYOSUNG CORPORATION,DECATUR,Decatur,AL,USA,AB2CE28WA,,,,,,,,,CE28WA,,, , ,Y,,NA,,,,,HYOSUNG CORPORATION,"Decatur, AL, USA",Decatur,AIT,HYOSUNG CORPORATION,DECATUR,DECATUR,AL,USA,Yes,,,,,,,,,,
REINFORCEMENT,1,RFNF30,"Nylon 6,6 1400/1/2 10x10 TPI 30EPI",N,KORDSA,CAMACARI,Camacari,BA,Brazil,NF30,,,,,,,,,NF30,,, , ,N,,LA,,,,,KORDSA,"Camacari, Brazil",Camacari,DBV,KORDSA,CAMACARI,CAMACARI,BA,BRAZIL,Yes,,,,,,,,,,
REINFORCEMENT,1,RFWM,7X19X20+1X15HT,N,TOKYO ROPE,IWATA,Iwata,Others,Japan,J401WM,,,,,,,,,WM,,, , ,N,,AP,,,,,TOKYO ROPE,Iwata Japan,Iwata,,TOKYO ROPE,IWATA,IWATA,OTHERS,JAPAN,No,,,,,,,,,,
REINFORCEMENT,1,RFUX,3x.20/9x.175+1 HT,N,HYOSUNG CORPORATION,ASHEBORO,Asheboro,NC,USA,C201UX,,,,,,,,,UX,,, , ,N,,NA,,,,,HYOSUNG CORPORATION,"Asheboro, NC, USA",Asheboro,,HYOSUNG CORPORATION,ASHEBORO,ASHEBORO,NC,USA,Yes,,,,,,,,,,
REINFORCEMENT,1,RF119N,"940 DECITEX NYLON 6,6",Y,KORDSA,CHATTANOOGA,Chattanooga,TN,USA,T728,,,,,,,,,119N,,, , ,Y,,"AP, EMEA, LA, NA",,,,,KORDSA,"Chattanooga, TN, USA",Chattanooga,AJI,KORDSA,CHATTANOOGA,CHATTANOOGA,TN,USA,Yes,,,,,,,,,,
REINFORCEMENT,1,RF149N,"2100 DECITEX NYLON 6,6",Y,KORDSA,CHATTANOOGA,Chattanooga,TN,USA,T728,,,,,,,,,149N,,, , ,Y,,"AP, EMEA, LA, NA",,,,,KORDSA,"Chattanooga, TN, USA",Chattanooga,AJI,KORDSA,CHATTANOOGA,CHATTANOOGA,TN,USA,Yes,,,,,,,,,,
REINFORCEMENT,1,RF539Q,1100 DECITEX AA-HMLS POLYESTER,N,INDORAMA VENTURES MOBILITY,SALISBURY,Salisbury,NC,USA,D793,,,,,,,,,539Q,,, , ,N,,NA,,,,,INDORAMA VENTURES MOBILITY (Performance Fibers),"Salisbury, NC, USA",Salisbury,AHY,INDORAMA VENTURES MOBILITY,SALISBURY,SALISBURY,NC,USA,Yes,,,,,,,,,,
REINFORCEMENT,1,RF9445,20'S/1 NYL/COT,N,OLBOPLAST,UNSPECIFIED,,Others,Others,EXTENSIBLE FILL,,,,,,,,,9445,,, , ,N,,"AP, EMEA, LA, NA",,,,,OLBOPLAST,UNSPECIFIED,,DOESN'T EXIST IN SIS,OLBOPLAST,UNSPECIFIED,,OTHERS,OTHERS,Yes,,,,,,,,,,
REINFORCEMENT,1,RF9446,6'S/3  POLYESTER,N,OPEN MARKET,UNSPECIFIED,,Others,Others,LINER FILL,,,,,,,,,9446,,, , ,N,,"AP, EMEA, LA, NA",,,,,OPEN MARKET,UNSPECIFIED,,DOESN'T EXIST IN SIS,OPEN MARKET,UNSPECIFIED,,OTHERS,OTHERS,Yes,,,,,,,,,,
REINFORCEMENT,1,RF9466,22'S/1 NYLON/COT,N,COATS NORTH AMERICA,UNSPECIFIED,,Others,Others,EXTENSIBLE FILL,,,,,,,,,9466,,, , ,N,,"AP, EMEA, LA, NA",,,,,COATS NORTH AMERICA,UNSPECIFIED,,DOESN'T EXIST IN SIS,COATS NORTH AMERICA,UNSPECIFIED,,OTHERS,OTHERS,Yes,,,,,,,,,,
REINFORCEMENT,1,RF9467,20'S/3 COTTON,N,OPEN MARKET,UNSPECIFIED,,Others,Others,BLEEDER,,,,,,,,,9467,,, , ,N,,"AP, EMEA, LA, NA",,,,,OPEN MARKET,UNSPECIFIED,,DOESN'T EXIST IN SIS,OPEN MARKET,UNSPECIFIED,,OTHERS,OTHERS,Yes,,,,,,,,,,
REINFORCEMENT,1,RF9469,30'S/1 HWM RAYON,N,OPEN MARKET,UNSPECIFIED,,Others,Others,FILL,,,,,,,,,9469,,, , ,N,,"AP, EMEA, LA, NA",,,,,OPEN MARKET,UNSPECIFIED,,DOESN'T EXIST IN SIS,OPEN MARKET,UNSPECIFIED,,OTHERS,OTHERS,Yes,,,,,,,,,,
REINFORCEMENT,1,RF9474,20'S/1 HWM RAYON,N,LENZING,UNSPECIFIED,,Others,Others,LINER FILL,,,,,,,,,9474,,, , ,N,,"AP, EMEA, LA, NA",,,,,LENZING,UNSPECIFIED,,DOESN'T EXIST IN SIS,LENZING,UNSPECIFIED,,OTHERS,OTHERS,Yes,,,,,,,,,,
REINFORCEMENT,1,RF9475,12'S/3 COTTON,N,SHUFORD YARNS,HICKORY,Hickory,NC,USA,BLEEDER,,,,,,,,,9475,,, , ,N,,"AP, EMEA, LA, NA",,,,,Shuford Yarns,"Hickory, NC, USA",Hickory,CFQ,SHUFORD YARNS,HICKORY,HICKORY,NC,USA,Yes,,,,,,,,,,
REINFORCEMENT,1,RF9478,12'S/2 COTTON,N,SHUFORD YARNS,HICKORY,Hickory,NC,USA,BLEEDER,,,,,,,,,9478,,, , ,N,,"AP, EMEA, LA, NA",,,,,Shuford Yarns,"Hickory, NC, USA",Hickory,CFQ,SHUFORD YARNS,HICKORY,HICKORY,NC,USA,Yes,,,,,,,,,,
REINFORCEMENT,1,RF9479,20'S/1 HWM RAYON,N,SANSUNG,UNSPECIFIED,,Others,Others,FILL,,,,,,,,,9479,,, , ,N,,"AP, EMEA, LA, NA",,,,,SANSUNG,UNSPECIFIED,,DOESN'T EXIST IN SIS,SANSUNG,UNSPECIFIED,,OTHERS,OTHERS,Yes,,,,,,,,,,
REINFORCEMENT,1,RFAB18NA,ARAMID 1670/1/2 12X12 TPI 18EPI NA (ARAMID UTICA PROCESS),N,HYOSUNG CORPORATION,UTICA,Utica,NY,USA,AB18NA,,,,,,,,,AB18NA,,, , ,N,,NA,,,,,HYOSUNG CORPORATION,"Utica, NY, USA",Utica,FHZ,HYOSUNG CORPORATION,UTICA,UTICA,NY,USA,Yes,,,,,,,,,,
REINFORCEMENT,1,RFAD28WR,ARAMID  1670/1/2 8.4 X 8.4 TPI 28EPI WR,N,HYOSUNG CORPORATION,DECATUR,Decatur,AL,USA,AD28WR,,,,,,,,,AD28WR,,, , ,N,,NA,,,,,HYOSUNG CORPORATION,"Decatur, AL, USA",Decatur,AIT,HYOSUNG CORPORATION,DECATUR,DECATUR,AL,USA,Yes,,,,,,,,,,
REINFORCEMENT,1,RFAE16YA,ARAMID  1670/1/3 6.9 X 6.9 TPI 16EPI YA,N,HYOSUNG CORPORATION,DECATUR,Decatur,AL,USA,AE16YA,,,,,,,,,AE16YA,,, , ,N,,"EMEA, LA, NA",,,,,HYOSUNG CORPORATION,"Decatur, AL, USA",Decatur,AIT,HYOSUNG CORPORATION,DECATUR,DECATUR,AL,USA,Yes,,,,,,,,,,
REINFORCEMENT,1,RFAE16YA,ARAMID  1670/1/3 6.9 X 6.9 TPI 16EPI YA,N,HYOSUNG CORPORATION,LISA,LISA,Others,Luxembourg,AE16YA,,,,,,,,,AE16YA,,, , ,N,,EMEA,,,,,HYOSUNG CORPORATION,"LISA, LUXEMBOURG",LISA,AIG,HYOSUNG CORPORATION,LISA,LISA,OTHERS,LUXEMBOURG,Yes,,,,,,,,,,
REINFORCEMENT,1,RFAE16YH,ARAMID  1670/1/3 6.9 X 6.9 TPI 16EPI YH,Y,HYOSUNG CORPORATION,DECATUR,Decatur,AL,USA,107AE16YH,,,,,,,,,AE16YH,,, , ,Y,,"LA, NA",,,,,HYOSUNG CORPORATION,"Decatur, AL, USA",Decatur,AIT,HYOSUNG CORPORATION,DECATUR,DECATUR,AL,USA,Yes,,,,,,,,,,
REINFORCEMENT,1,RFAE20YA,ARAMID 1670/1/3 6.9X6.9TPI 20EPI  YA,N,HYOSUNG CORPORATION,DECATUR,Decatur,AL,USA,AE20YA,,,,,,,,,AE20YA,,, , ,N,,"EMEA, NA",,,,,HYOSUNG CORPORATION,"Decatur, AL, USA",Decatur,AIT,HYOSUNG CORPORATION,DECATUR,DECATUR,AL,USA,Yes,,,,,,,,,,
REINFORCEMENT,1,RFAE20YA,ARAMID 1670/1/3 6.9X6.9TPI 20EPI  YA,N,HYOSUNG CORPORATION,LISA,LISA,Others,Luxembourg,AE20YA,,,,,,,,,AE20YA,,, , ,N,,EMEA,,,,,HYOSUNG CORPORATION,"LISA, LUXEMBOURG",LISA,AIG,HYOSUNG CORPORATION,LISA,LISA,OTHERS,LUXEMBOURG,Yes,,,,,,,,,,
REINFORCEMENT,1,RFAE20YH,ARAMID  1670/1/3 6.9 X 6.9 TPI 20EPI YH,Y,HYOSUNG CORPORATION,DECATUR,Decatur,AL,USA,107AE20YH,,,,,,,,,AE20YH,,, , ,Y,,NA,,,,,HYOSUNG CORPORATION,"Decatur, AL, USA",Decatur,AIT,HYOSUNG CORPORATION,DECATUR,DECATUR,AL,USA,Yes,,,,,,,,,,
REINFORCEMENT,1,RFAK22YF,ARAMID 1670/1/3  12X10TPI 22EPI YF,N,HYOSUNG CORPORATION,LISA,LISA,Others,Luxembourg,AK22YF,,,,,,,,,AK22YF,,, , ,N,,EMEA,,,,,HYOSUNG CORPORATION,"LISA, LUXEMBOURG",LISA,AIG,HYOSUNG CORPORATION,LISA,LISA,OTHERS,LUXEMBOURG,Yes,,,,,,,,,,
REINFORCEMENT,1,RFBS3,1.3\"X.060X.035 STAPLE,N,ACME STAPLE,FRANKLIN,Franklin,NH,USA,351BS3,,,,,,,,,BS3,,, , ,N,,"AP, EMEA, LA, NA",,,,,ACME STAPLE,"Franklin, NH, USA",Franklin,,ACME STAPLE,FRANKLIN,FRANKLIN,NH,USA,Yes,,,,,,,,,,
REINFORCEMENT,1,RFBS4,1.4\"X.060X.035 STAPLE,N,ACME STAPLE,FRANKLIN,Franklin,NH,USA,351BS4,,,,,,,,,BS4,,, , ,N,,"AP, EMEA, LA, NA",,,,,ACME STAPLE,"Franklin, NH, USA",Franklin,,ACME STAPLE,FRANKLIN,FRANKLIN,NH,USA,Yes,,,,,,,,,,
REINFORCEMENT,1,RFBS5,1.05\"X.060X.035 STAPLE,N,ACME STAPLE,FRANKLIN,Franklin,NH,USA,351BS5,,,,,,,,,BS5,,, , ,N,,"AP, EMEA, LA, NA",,,,,ACME STAPLE,"Franklin, NH, USA",Franklin,,ACME STAPLE,FRANKLIN,FRANKLIN,NH,USA,Yes,,,,,,,,,,
REINFORCEMENT,1,RFCA28YF,"MERGED CORD  1100 DTEX ARAMID / 940 DTEX NYLON 6,6 28 EPI YF",Y,HYOSUNG CORPORATION,LISA,LISA,Others,Luxembourg,AN1CA28YF,,,,,,,,,CA28YF,,, , ,Y,,"AP, EMEA",,,,,HYOSUNG CORPORATION,"LISA, LUXEMBOURG",LISA,AIG,HYOSUNG CORPORATION,LISA,LISA,OTHERS,LUXEMBOURG,Yes,,,,,,,,,,
REINFORCEMENT,1,RFCH,"1.83MM BEAD WIRE - HIGH TENSILE
(Cooper Code 9024)",Y,BMZ,MICORD,"Micord, Bielorussia",Others,Russia,312CH,,,,,,,,,CH,,, , ,Y,,"AP, EMEA",,,,,BMZ,"Micord, Bielorussia","Micord, Bielorussia",ECH,BMZ,MICORD,"MICORD, BIELORUSSIA",OTHERS,RUSSIA,Yes,,,,,,,,,,
REINFORCEMENT,1,RFD23,CABLE BEAD WIRE,N,OTTO KUHLMANN,HEMER GERMANY,Hemer,Others,Germany,RF340D23,,,,,,,,,D23,,, , ,N,,"EMEA, NA","Danville, Luxembourg",,,"Danville, Luxembourg",OTTO KUHLMANN,Hemer Germany,Hemer,BFJ,OTTO KUHLMANN,HEMER GERMANY,HEMER,OTHERS,GERMANY,Yes,,,,,,,,,,
REINFORCEMENT,1,RFD23,CABLE BEAD WIRE,N,OTTO KUHLMANN,HEMER GERMANY,Hemer,Others,Germany,RF339D23,,,,,,,,,D23,,, , ,N,,"EMEA, NA","Danville, Luxembourg",,,"Danville, Luxembourg",OTTO KUHLMANN,Hemer Germany,Hemer,BFJ,OTTO KUHLMANN,HEMER GERMANY,HEMER,OTHERS,GERMANY,Yes,,,,,,,,,,
REINFORCEMENT,1,RFD23,CABLE BEAD WIRE,N,OTTO KUHLMANN,HEMER GERMANY,Hemer,Others,Germany,RF338D23,,,,,,,,,D23,,, , ,N,,"EMEA, NA","Danville, Luxembourg",,,"Danville, Luxembourg",OTTO KUHLMANN,Hemer Germany,Hemer,BFJ,OTTO KUHLMANN,HEMER GERMANY,HEMER,OTHERS,GERMANY,Yes,,,,,,,,,,
REINFORCEMENT,1,RFD23,CABLE BEAD WIRE,N,OTTO KUHLMANN,HEMER GERMANY,Hemer,Others,Germany,RF336D23,,,,,,,,,D23,,, , ,N,,"EMEA, NA","Danville, Luxembourg",,,"Danville, Luxembourg",OTTO KUHLMANN,Hemer Germany,Hemer,BFJ,OTTO KUHLMANN,HEMER GERMANY,HEMER,OTHERS,GERMANY,Yes,,,,,,,,,,
REINFORCEMENT,1,RFD33,"1x2.5+(7+13+19)x1.8
",N,OTTO KUHLMANN,HEMER GERMANY,Hemer,Others,Germany,RF418D33,,,,,,,,,D33,,, , ,N,,"EMEA, NA","Danville, Luxembourg",,,"Danville, Luxembourg",OTTO KUHLMANN,Hemer Germany,Hemer,BFJ,OTTO KUHLMANN,HEMER GERMANY,HEMER,OTHERS,GERMANY,Yes,,,,,,,,,,
REINFORCEMENT,1,RFD33,"1x2.5+(7+13+19)x1.8
",N,OTTO KUHLMANN,HEMER GERMANY,Hemer,Others,Germany,RF396D33,,,,,,,,,D33,,, , ,N,,"EMEA, NA",,,,,OTTO KUHLMANN,Hemer Germany,Hemer,BFJ,OTTO KUHLMANN,HEMER GERMANY,HEMER,OTHERS,GERMANY,Yes,,,,,,,,,,
REINFORCEMENT,1,RFD33,"1x2.5+(7+13+19)x1.8
",N,OTTO KUHLMANN,HEMER GERMANY,Hemer,Others,Germany,RF394D33,,,,,,,,,D33,,, , ,N,,"EMEA, NA",,,,,OTTO KUHLMANN,Hemer Germany,Hemer,BFJ,OTTO KUHLMANN,HEMER GERMANY,HEMER,OTHERS,GERMANY,Yes,,,,,,,,,,
REINFORCEMENT,1,RFCK,20/3 COTTON COUNT BLEEDER CORD,Y,MEHLER INDUSTRIES,FULDA,FULDA,Others,Germany,G11CK,,,,,,,,,CK,,, , ,Y,,"AP, EMEA, LA",,,,,MEHLER INDUSTRIES,"FULDA, GERMANY",FULDA,BVX,MEHLER INDUSTRIES,FULDA,FULDA,OTHERS,GERMANY,Yes,,,,,,,,,,
REINFORCEMENT,1,RFCK,20/3 COTTON COUNT BLEEDER CORD,N,FILATURE DUFOUR,ARMENTIERES,ARMENTIERES,Others,France,F12CK,,,,,,,,,CK,,, , ,N,,"AP, EMEA, LA",,,,,FILATURE DUFOUR,"ARMENTIERES, FRANCE",ARMENTIERES,,FILATURE DUFOUR,ARMENTIERES,ARMENTIERES,OTHERS,FRANCE,Yes,,,,,,,,,,
REINFORCEMENT,1,RFE24,1x3.0+(7+14)x2.0,N,OTTO KUHLMANN,HEMER GERMANY,Hemer,Others,Germany,RF416E24,,,,,,,,,E24,,, , ,N,,"EMEA, NA",,,,,OTTO KUHLMANN,Hemer Germany,Hemer,BFJ,OTTO KUHLMANN,HEMER GERMANY,HEMER,OTHERS,GERMANY,Yes,,,,,,,,,,
REINFORCEMENT,1,RFE25,"1x3.0+(7+13)x2.20mm
",N,OTTO KUHLMANN,HEMER GERMANY,Hemer,Others,Germany,RF418E25,,,,,,,,,E25,,, , ,N,,"EMEA, NA",,,,,OTTO KUHLMANN,Hemer Germany,Hemer,BFJ,OTTO KUHLMANN,HEMER GERMANY,HEMER,OTHERS,GERMANY,Yes,,,,,,,,,,
REINFORCEMENT,1,RFE25,"1x3.0+(7+13)x2.20mm
",N,OTTO KUHLMANN,HEMER GERMANY,Hemer,Others,Germany,RF372E25,,,,,,,,,E25,,, , ,N,,"EMEA, NA","Danville, Luxembourg",,,"Danville, Luxembourg",OTTO KUHLMANN,Hemer Germany,Hemer,BFJ,OTTO KUHLMANN,HEMER GERMANY,HEMER,OTHERS,GERMANY,Yes,,,,,,,,,,
REINFORCEMENT,1,RFE25,"1x3.0+(7+13)x2.20mm
",N,OTTO KUHLMANN,HEMER GERMANY,Hemer,Others,Germany,RF365E25,,,,,,,,,E25,,, , ,N,,"EMEA, NA","Danville, Luxembourg",,,"Danville, Luxembourg",OTTO KUHLMANN,Hemer Germany,Hemer,BFJ,OTTO KUHLMANN,HEMER GERMANY,HEMER,OTHERS,GERMANY,Yes,,,,,,,,,,
REINFORCEMENT,1,RFE25,"1x3.0+(7+13)x2.20mm
",N,OTTO KUHLMANN,HEMER GERMANY,Hemer,Others,Germany,RF364E25,,,,,,,,,E25,,, , ,N,,"EMEA, NA","Danville, Luxembourg",,,"Danville, Luxembourg",OTTO KUHLMANN,Hemer Germany,Hemer,BFJ,OTTO KUHLMANN,HEMER GERMANY,HEMER,OTHERS,GERMANY,Yes,,,,,,,,,,
REINFORCEMENT,1,RFE25,"1x3.0+(7+13)x2.20mm
",N,OTTO KUHLMANN,HEMER GERMANY,Hemer,Others,Germany,RF366E25,,,,,,,,,E25,,, , ,N,,"AP, EMEA, LA, NA",,,,,OTTO KUHLMANN,Hemer Germany,Hemer,BFJ,OTTO KUHLMANN,HEMER GERMANY,HEMER,OTHERS,GERMANY,Yes,,,,,,,,,,
REINFORCEMENT,1,RFE33,CABLE BEAD WIRE,N,OTTO KUHLMANN,HEMER GERMANY,Hemer,Others,Germany,RF396E33,,,,,,,,,E33,,, , ,N,,"EMEA, NA","E507 - Luxembourg, N501 - Danville",,,"Danville, Luxembourg",OTTO KUHLMANN,Hemer Germany,Hemer,BFJ,OTTO KUHLMANN,HEMER GERMANY,HEMER,OTHERS,GERMANY,Yes,,,,,,,,,,
REINFORCEMENT,1,RFE33,CABLE BEAD WIRE,N,OTTO KUHLMANN,HEMER GERMANY,Hemer,Others,Germany,RF392E33,,,,,,,,,E33,,, , ,N,,"EMEA, NA","E507 - Luxembourg, N501 - Danville",,,"Danville, Luxembourg",OTTO KUHLMANN,Hemer Germany,Hemer,BFJ,OTTO KUHLMANN,HEMER GERMANY,HEMER,OTHERS,GERMANY,Yes,,,,,,,,,,
REINFORCEMENT,1,RFEB,4X6X.265HE-HT,Y,JIAXING EASTERN,ZHEJIANG,Zhejiang,Others,China,Y101EB,,,,,,,,,EB,,, , ,Y,,NA,,,,,JIAXING EASTERN,"Zhejiang, China",Zhejiang,JWJ,JIAXING EASTERN,ZHEJIANG,ZHEJIANG,OTHERS,CHINA,Yes,,,,,,,,,,
REINFORCEMENT,1,RFEB,4X6X.265HE-HT,N,BEKAERT,AALTER,Aalter,Others,Belgium,B101EB,,,,,,,,,EB,,, , ,N,,NA,,,,,BEKAERT,"Aalter, Belgium",Aalter,,BEKAERT,AALTER,AALTER,OTHERS,BELGIUM,No,,,,,,,,,,
REINFORCEMENT,1,RFEE,5/8/14X.265+1ST,N,HYOSUNG CORPORATION,ASHEBORO,Asheboro,NC,USA,C201EE,,,,,,,,,EE,,, , ,N,,"EMEA, LA, NA",,,,,HYOSUNG CORPORATION,"Asheboro, NC, USA",Asheboro,,HYOSUNG CORPORATION,ASHEBORO,ASHEBORO,NC,USA,Yes,,,,,,,,,,
REINFORCEMENT,1,RFEE,5/8/14X.265+1ST,N,SODETAL,TRONVILLE,TRONVILLE,Others,France,S101EE,,,,,,,,,EE,,, , ,N,,EMEA,,,,,SODETAL,"TRONVILLE, FRANCE",TRONVILLE,,SODETAL,TRONVILLE,TRONVILLE,OTHERS,FRANCE,No,,,,,,,,,,
REINFORCEMENT,1,RFEJ,19X.22 +6X 1X.22/18X.20 +1 HT,N,HYOSUNG CORPORATION,ASHEBORO,Asheboro,NC,USA,C201EJ,,,,,,,,,EJ,,, , ,N,,NA,,,,,HYOSUNG CORPORATION,"Asheboro, NC, USA",Asheboro,,HYOSUNG CORPORATION,ASHEBORO,ASHEBORO,NC,USA,Yes,,,,,,,,,,
REINFORCEMENT,1,RFEM,4x2x.34 HE,N,TOKYO ROPE,KITAKAMI,KITAKAMI,Others,Japan,J101EM,,,,,,,,,EM,,, , ,N,,"AP, LA",,,,,TOKYO ROPE,"KITAKAMI, JAPAN",KITAKAMI,ALC,TOKYO ROPE,KITAKAMI,KITAKAMI,OTHERS,JAPAN,Yes,,,,,,,,,,
REINFORCEMENT,1,RFEP,7X(3+9+15X.245)+1 HT,N,KAM - STEEL CORD,FEURSTENFELD,Feurstenfeld,Others,Austria,FB01EP,,,,,,,,,EP,,, , ,N,,NA,,,,,KAM - Steel Cord,"Feurstenfeld, Austria",Feurstenfeld,,KAM - STEEL CORD,FEURSTENFELD,FEURSTENFELD,OTHERS,AUSTRIA,No,,,,,,,,,,
REINFORCEMENT,1,RFEP,7X(3+9+15X.245)+1 HT,N,TOKUSEN,ONO,ONO,Others,Japan,T101EP,,,,,,,,,EP,,, , ,N,,"AP, NA","Nippon Giant, Topeka",,,"Nippon Giant, Topeka",TOKUSEN,"ONO, JAPAN",ONO,,TOKUSEN,ONO,ONO,OTHERS,JAPAN,Yes,,,,,,,,,,
REINFORCEMENT,1,RFEP,7X(3+9+15X.245)+1 HT,Y,TOKYO ROPE,KITAKAMI,KITAKAMI,Others,Japan,J101EP,,,,,,,,,EP,,, , ,Y,,"AP, NA",,,,,TOKYO ROPE,"KITAKAMI, JAPAN",KITAKAMI,ALC,TOKYO ROPE,KITAKAMI,KITAKAMI,OTHERS,JAPAN,Yes,,,,,,,,,,
REINFORCEMENT,1,RFEP,7X(3+9+15X.245)+1 HT,N,SODETAL,TRONVILLE,TRONVILLE,Others,France,S101EP,,,,,,,,,EP,,, , ,N,,"AP, NA",,,,,SODETAL,"TRONVILLE, FRANCE",TRONVILLE,,SODETAL,TRONVILLE,TRONVILLE,OTHERS,FRANCE,No,,,,,,,,,,
REINFORCEMENT,1,RFEYMN337,"940  DECITEX NYLON 6,6",N,SOLVAY,SANTO ANDRE,Santo Andre,SP,Brazil,X-250,,,,,,,,,EYMN337,,, , ,N,,LA,,,,,SOLVAY,"Santo Andre, SP, Brazil",Santo Andre,,SOLVAY,SANTO ANDRE,SANTO ANDRE,SP,BRAZIL,Yes,,,,,,,,,,
REINFORCEMENT,1,RFFB,3X.20+7X.23 NT,N,SUMITOMO ELECTRIC INDUSTRIES,TOCHIGI,TOCHIGI,Others,Japan,Q101FB,,,,,,,,,FB,,, , ,N,,NA,,,,,SUMITOMO ELECTRIC INDUSTRIES,"TOCHIGI, JAPAN",TOCHIGI,LAG,SUMITOMO ELECTRIC INDUSTRIES,TOCHIGI,TOCHIGI,OTHERS,JAPAN,Yes,,,,,,,,,,
REINFORCEMENT,1,RFFB,3X.20+7X.23 NT,N,SODETAL,TRONVILLE,TRONVILLE,Others,France,S101FB,,,,,,,,,FB,,, , ,N,,NA,Buffalo / Tonawanda,,,Buffalo / Tonawanda,SODETAL,"TRONVILLE, FRANCE",TRONVILLE,,SODETAL,TRONVILLE,TRONVILLE,OTHERS,FRANCE,No,,,,,,,,,,
REINFORCEMENT,1,RFFC,4+3X.41 ST,N,PIRELLI,CELIKORD,CELIKORD,Others,Turkey,P201FC,,,,,,,,,FC,,, , ,N,,EMEA,,,,,PIRELLI,"CELIKORD, TURKEY",CELIKORD,,PIRELLI,CELIKORD,CELIKORD,OTHERS,TURKEY,No,,,,,,,,,,
REINFORCEMENT,1,RFFC,4+3X.41 ST,N,PIRELLI,FIGLINE,FIGLINE,Others,Italy,P101FC,,,,,,,,,FC,,, , ,N,,EMEA,,,,,PIRELLI,"FIGLINE, ITALY",FIGLINE,,PIRELLI,FIGLINE,FIGLINE,OTHERS,ITALY,No,,,,,,,,,,
REINFORCEMENT,1,RFFC,4+3X.41 ST,N,GOODYEAR TIRE AND RUBBER,LUXWIRE,Lux,Others,Luxembourg,L101FC,,,,,,,,,FC,,, , ,N,,EMEA,,,,,GOODYEAR TIRE AND RUBBER,LUXWIRE,Lux,,GOODYEAR TIRE AND RUBBER,LUXWIRE,LUX,OTHERS,LUXEMBOURG,No,,,,,,,,,,
REINFORCEMENT,1,RFFC,4+3X.41 ST,N,BEKAERT,SLADKOVICOVO,SLADKOVICOVO,Others,Slovak Republic,BH20FC,,,,,,,,,FC,,, , ,N,,EMEA,,,,,BEKAERT,"SLADKOVICOVO, SLOVAK REPUBLIC",SLADKOVICOVO,EHK,BEKAERT,SLADKOVICOVO,SLADKOVICOVO,OTHERS,SLOVAK REPUBLIC,Yes,,,,,,,,,,
REINFORCEMENT,1,RFFC,4+3X.41 ST,N,BEKAERT,SLADKOVICOVO,SLADKOVICOVO,Others,Slovak Republic,BH01FC,,,,,,,,,FC,,, , ,N,,EMEA,,,,,BEKAERT,"SLADKOVICOVO, SLOVAK REPUBLIC",SLADKOVICOVO,EHK,BEKAERT,SLADKOVICOVO,SLADKOVICOVO,OTHERS,SLOVAK REPUBLIC,Yes,,,,,,,,,,
REINFORCEMENT,1,RFFC,4+3X.41 ST,N,BEKAERT,IZMIT,"IZMIT, TURKEY",Others,Turkey,BA01FC,,,,,,,,,FC,,, , ,N,,EMEA,,,,,BEKAERT,"IZMIT, TURKEY","IZMIT, TURKEY",APK,BEKAERT,IZMIT,"IZMIT, TURKEY",OTHERS,TURKEY,Yes,,,,,,,,,,
REINFORCEMENT,1,RFFC,4+3X.41 ST,N,BEKAERT,AALTER,Aalter,Others,Belgium,B101FC,,,,,,,,,FC,,, , ,N,,EMEA,,,,,BEKAERT,"Aalter, Belgium",Aalter,,BEKAERT,AALTER,AALTER,OTHERS,BELGIUM,No,,,,,,,,,,
REINFORCEMENT,1,RFG51R,1550 DECITEX RAYON,Y,CORDENKA,OBERNBURG,OBERNBURG,Others,Germany,610F,,,,,,,,,G51R,,, , ,Y,,EMEA,,,,,CORDENKA,"OBERNBURG, GERMANY",OBERNBURG,EHY,CORDENKA,OBERNBURG,OBERNBURG,OTHERS,GERMANY,Yes,,,,,,,,,,
REINFORCEMENT,1,RFG33,"1x5.0+(11+17+23)x1.8
",N,OTTO KUHLMANN,HEMER GERMANY,Hemer,Others,Germany,RF385G33,,,,,,,,,G33,,, , ,N,,"EMEA, NA","Danville, Luxembourg",,,"Danville, Luxembourg",OTTO KUHLMANN,Hemer Germany,Hemer,BFJ,OTTO KUHLMANN,HEMER GERMANY,HEMER,OTHERS,GERMANY,Yes,,,,,,,,,,
REINFORCEMENT,1,RFG33,"1x5.0+(11+17+23)x1.8
",N,OTTO KUHLMANN,HEMER GERMANY,Hemer,Others,Germany,RF384G33,,,,,,,,,G33,,, , ,N,,"EMEA, NA",,,,,OTTO KUHLMANN,Hemer Germany,Hemer,BFJ,OTTO KUHLMANN,HEMER GERMANY,HEMER,OTHERS,GERMANY,Yes,,,,,,,,,,
REINFORCEMENT,1,RFG33,"1x5.0+(11+17+23)x1.8
",N,OTTO KUHLMANN,HEMER GERMANY,Hemer,Others,Germany,RF380G33,,,,,,,,,G33,,, , ,N,,"EMEA, NA",,,,,OTTO KUHLMANN,Hemer Germany,Hemer,BFJ,OTTO KUHLMANN,HEMER GERMANY,HEMER,OTHERS,GERMANY,Yes,,,,,,,,,,
REINFORCEMENT,1,RFG43,"1x5.0+(11+17+23+29)x1.8
",N,OTTO KUHLMANN,HEMER GERMANY,Hemer,Others,Germany,RF476G43,,,,,,,,,G43,,, , ,N,,"EMEA, NA",,,,,OTTO KUHLMANN,Hemer Germany,Hemer,BFJ,OTTO KUHLMANN,HEMER GERMANY,HEMER,OTHERS,GERMANY,Yes,,,,,,,,,,
REINFORCEMENT,1,RFG43,"1x5.0+(11+17+23+29)x1.8
",N,OTTO KUHLMANN,HEMER GERMANY,Hemer,Others,Germany,RF474G43,,,,,,,,,G43,,, , ,N,,"EMEA, NA","Danville, Luxembourg",,,"Danville, Luxembourg",OTTO KUHLMANN,Hemer Germany,Hemer,BFJ,OTTO KUHLMANN,HEMER GERMANY,HEMER,OTHERS,GERMANY,Yes,,,,,,,,,,
REINFORCEMENT,1,RFG44,"1x5.0+(10+16+22+28)x2.0
",N,OTTO KUHLMANN,HEMER GERMANY,Hemer,Others,Germany,RF431G44,,,,,,,,,G44,,, , ,N,,"EMEA, NA",,,,,OTTO KUHLMANN,Hemer Germany,Hemer,BFJ,OTTO KUHLMANN,HEMER GERMANY,HEMER,OTHERS,GERMANY,Yes,,,,,,,,,,
REINFORCEMENT,1,RFG55,"1x5.0+(10+16+22+28+33)x2.2
",N,OTTO KUHLMANN,HEMER GERMANY,Hemer,Others,Germany,RF584G55,,,,,,,,,G55,,, , ,N,,"AP, EMEA, LA, NA",,,,,OTTO KUHLMANN,Hemer Germany,Hemer,BFJ,OTTO KUHLMANN,HEMER GERMANY,HEMER,OTHERS,GERMANY,Yes,,,,,,,,,,
REINFORCEMENT,1,RFG55,"1x5.0+(10+16+22+28+33)x2.2
",N,OTTO KUHLMANN,HEMER GERMANY,Hemer,Others,Germany,RF536G55,,,,,,,,,G55,,, , ,N,,"AP, EMEA, LA, NA",,,,,OTTO KUHLMANN,Hemer Germany,Hemer,BFJ,OTTO KUHLMANN,HEMER GERMANY,HEMER,OTHERS,GERMANY,Yes,,,,,,,,,,
REINFORCEMENT,1,RFB10N,"2100 DECITEX, NYLON 6,6",N,SOLVAY,SANTO ANDRE,Santo Andre,SP,Brazil,T650,,,,,,,,,B10N,,, , ,N,,LA,,,,,SOLVAY,"Santo Andre, SP, Brazil",Santo Andre,,SOLVAY,SANTO ANDRE,SANTO ANDRE,SP,BRAZIL,Yes,,,,,,,,,,
REINFORCEMENT,1,RFUK,2+2x.35 ST,N,HYOSUNG CORPORATION,EONYANG,Eonyang,Others,South Korea,C101UK,,,,,,,,,UK,,, , ,N,,NA,,,,,HYOSUNG CORPORATION,"Eonyang, South Korea",Eonyang,,HYOSUNG CORPORATION,EONYANG,EONYANG,OTHERS,SOUTH KOREA,No,,,,,,,,,,
REINFORCEMENT,1,RFFP,1x.21/18x.185 UT,N,BEKAERT,AALTER,Aalter,Others,Belgium,B101FP,,,,,,,,,FP,,, , ,N,,"AP, EMEA, LA, NA",,,,,BEKAERT,"Aalter, Belgium",Aalter,,BEKAERT,AALTER,AALTER,OTHERS,BELGIUM,No,,,,,,,,,,
REINFORCEMENT,1,RFQV28,AA HMLS POLYESTER 1670/1/2 8.5x8.5 TPI 28EPI,N,HYOSUNG CORPORATION,ULSAN,Ulsan,Others,South Korea,QV28,,,,,,,,,QV28,,, , ,N,,LA,,,,,HYOSUNG CORPORATION,"Ulsan, South Korea",Ulsan,JAJ,HYOSUNG CORPORATION,ULSAN,ULSAN,OTHERS,SOUTH KOREA,Yes,,,,,,,,,,
REINFORCEMENT,1,RFZ08L,"2100 Decitex Nylon 6,6",N,KORDSA,IZMIT,Izmit,Others,Turkey,T802,,,,,,,,,Z08L,,, , ,N,,"AP, EMEA, LA, NA",,,,,KORDSA,"Izmit, Turkey",Izmit,BXD,KORDSA,IZMIT,IZMIT,OTHERS,TURKEY,Yes,,,,,,,,,,
REINFORCEMENT,1,RFUK,2+2x.35 ST,N,BEKAERT,AALTER,Aalter,Others,Belgium,B101UK,,,,,,,,,UK,,, , ,N,,NA,,,,,BEKAERT,"Aalter, Belgium",Aalter,,BEKAERT,AALTER,AALTER,OTHERS,BELGIUM,No,,,,,,,,,,
REINFORCEMENT,1,RFP03L,940 DECITEX NYLON 6,N,GRODNO KHIMVOLOKNO,GRODNO,Grodno,Others,Belarus,Polyamide light & heat stabilized yarn,,,,,,,,,P03L,,, , ,N,,EMEA,,,,,GRODNO KHIMVOLOKNO,"Grodno, Belarus",Grodno,,GRODNO KHIMVOLOKNO,GRODNO,GRODNO,OTHERS,BELARUS,Yes,,,,,,,,,,
REINFORCEMENT,1,RFCR,1.83MM BEAD WIRE - REGULAR TENSILE,N,KISWIRE,HONG DUK,Hong Duk,Others,South Korea,242CR,,,,,,,,,CR,,, , ,N,,AP,Nippon Giant,,,Nippon Giant,Kiswire - Bead Wire,"Hong Duk, South Korea",Hong Duk,JBU,KISWIRE,HONG DUK,HONG DUK,OTHERS,SOUTH KOREA,Yes,,,,,,,,,,
REINFORCEMENT,1,RFCR,1.83MM BEAD WIRE - REGULAR TENSILE,N,NATIONAL STANDARD,STILLWATER,Stillwater,OK,USA,142CR,,,,,,,,,CR,,, , ,N,,NA,,,,,NAT STANDARD,"Stillwater, OK, USA",Stillwater,AKH,NATIONAL STANDARD,STILLWATER,STILLWATER,OK,USA,Yes,,,,,,,,,,
REINFORCEMENT,1,RFCR,1.83MM BEAD WIRE - REGULAR TENSILE,N,BEKAERT,CLARKSDALE,Clarksdale,MS,USA,041CR,,,,,,,,,CR,,, , ,N,,NA,,,,,BEKAERT,Clarksdale,Clarksdale,,BEKAERT,CLARKSDALE,CLARKSDALE,MS,USA,No,,,,,,,,,,
REINFORCEMENT,1,RFCR,1.83MM BEAD WIRE - REGULAR TENSILE,N,TRAFILERIE MERIDIONALI,CHIETI SCALO,CHIETI SCALO,Others,Italy,201CR,,,,,,,,,CR,,, , ,N,,EMEA,,,,,TRAFILERIE MERIDIONALI,"CHIETI SCALO, ITALY",CHIETI SCALO,ALL,TRAFILERIE MERIDIONALI,CHIETI SCALO,CHIETI SCALO,OTHERS,ITALY,No,,,,,,,,,,
REINFORCEMENT,1,RFCR,1.83MM BEAD WIRE - REGULAR TENSILE,N,GUSTAV WOLF,GUTERSLOH,GUTERSLOH,Others,Germany,071CR,,,,,,,,,CR,,, , ,N,,"AP, EMEA, LA",,,,,GUSTAV WOLF,"GUTERSLOH, GERMANY",GUTERSLOH,,GUSTAV WOLF,GUTERSLOH,GUTERSLOH,OTHERS,GERMANY,Yes,,,,,,,,,,
REINFORCEMENT,1,RFUN,3+9+15x.22+1x.15 HT,N,TOKYO ROPE,KITAKAMI,KITAKAMI,Others,Japan,J101UN,,,,,,,,,UN,,, , ,N,,AP,,,,,TOKYO ROPE,"KITAKAMI, JAPAN",KITAKAMI,ALC,TOKYO ROPE,KITAKAMI,KITAKAMI,OTHERS,JAPAN,Yes,,,,,,,,,,
REINFORCEMENT,1,RFQC28,AA HMLS POLYESTER 1100/1/2 12x12 TPI 28EPI,N,INDORAMA VENTURES MOBILITY,QUERETARO,QUERETARO,Others,Mexico,QC28,,,,,,,,,QC28,,, , ,N,,LA,,,,,INDORAMA VENTURES MOBILITY (Performance Fibers),"QUERETARO, MEXICO",QUERETARO,BBJ,INDORAMA VENTURES MOBILITY,QUERETARO,QUERETARO,OTHERS,MEXICO,Yes,,,,,,,,,,
REINFORCEMENT,1,RFNC35DH,"NYLON 6,6  940/1/2 12 X 12 TPI 35EPI DH",N,HYOSUNG CORPORATION,AMERICANA,Americana,Others,Brazil,119NC35DH,,,,,,,,,NC35DH,,, , ,N,,AP,,,,,HYOSUNG CORPORATION,"Americana, SP, Brazil",Americana,,HYOSUNG CORPORATION,AMERICANA,AMERICANA,OTHERS,BRAZIL,No,,,,,,,,,,
REINFORCEMENT,1,RFBH,"1.295MM BEAD WIRE - HIGH TENSILE 
(Cooper 9021/9906/9001)",N,GUSTAV WOLF,STAHL  FRANCE,Stahl,Others,France,072BH,,,,,,,,,BH,,, , ,N,,"AP, EMEA",,,,,GUSTAV WOLF,Stahl  France,Stahl,,GUSTAV WOLF,STAHL  FRANCE,STAHL,OTHERS,FRANCE,Yes,,,,,,,,,,
REINFORCEMENT,1,RF446G34,1x5.0+(10+16+22)x2.0,Y,OTTO KUHLMANN,HEMER GERMANY,Hemer,Others,Germany,RF446G34,,,,,,,,,RF446G34,,, , ,Y,,NA,,,,,OTTO KUHLMANN,Hemer Germany,Hemer,BFJ,OTTO KUHLMANN,HEMER GERMANY,HEMER,OTHERS,GERMANY,Yes,,,,,,,,,,
REINFORCEMENT,1,RF424G44,1x5.0+(10+16+22+28)x2.0,Y,OTTO KUHLMANN,HEMER GERMANY,Hemer,Others,Germany,RF424G44,,,,,,,,,RF424G44,,, , ,Y,,NA,,,,,OTTO KUHLMANN,Hemer Germany,Hemer,BFJ,OTTO KUHLMANN,HEMER GERMANY,HEMER,OTHERS,GERMANY,Yes,,,,,,,,,,
REINFORCEMENT,1,RF40HK2B,1x1.2+(6)x0.96+(11)x1.2,N,OTTO KUHLMANN,HEMER GERMANY,Hemer,Others,Germany,RF40HK2B,,,,,,,,,RF40HK2B,,, , ,N,,NA,,,,,OTTO KUHLMANN,Hemer Germany,Hemer,BFJ,OTTO KUHLMANN,HEMER GERMANY,HEMER,OTHERS,GERMANY,Yes,,,,,,,,,,
REINFORCEMENT,1,RFDC21DH,"NYLON 6,6  940/1/2 12 X 12 TPI 21EPI DH",Y,HYOSUNG CORPORATION,DECATUR,Decatur,AL,USA,119DC21DH,,,,,,,,,DC21DH,,, , ,Y,,"AP, EMEA, LA, NA",,,,,HYOSUNG CORPORATION,"Decatur, AL, USA",Decatur,AIT,HYOSUNG CORPORATION,DECATUR,DECATUR,AL,USA,Yes,,,,,,,,,,
REINFORCEMENT,1,RFTU32HF,"HMLS POLYESTER 1440/1/2, 9x9TPI, 32EPI HF",N,THAI INDO KORDSA,AYUTTHAYA,"AYUTTHAYA, THAILAND",Others,Thailand,TU32HF,,,,,,,,,TU32HF,,, , ,N,,AP,,,,,THAI INDO KORDSA,"AYUTTHAYA, THAILAND","AYUTTHAYA, THAILAND",JAE,THAI INDO KORDSA,AYUTTHAYA,"AYUTTHAYA, THAILAND",OTHERS,THAILAND,Yes,,,,,,,,,,
REINFORCEMENT,1,RFDR,2.03 MM BEAD WIRE - REGULAR TENSILE,Y,NATIONAL STANDARD,STILLWATER,Stillwater,OK,USA,142DR,,,,,,,,,DR,,, , ,Y,,NA,,,,,NAT STANDARD,"Stillwater, OK, USA",Stillwater,AKH,NATIONAL STANDARD,STILLWATER,STILLWATER,OK,USA,Yes,,,,,,,,,,
REINFORCEMENT,1,RFDR,2.03 MM BEAD WIRE - REGULAR TENSILE,N,BEKAERT,CLARKSDALE,Clarksdale,MS,USA,041DR,,,,,,,,,DR,,, , ,N,,NA,N503 - Topeka,,,Topeka,BEKAERT,Clarksdale,Clarksdale,,BEKAERT,CLARKSDALE,CLARKSDALE,MS,USA,No,,,,,,,,,,
REINFORCEMENT,1,RFNC30,"Nylon 6,6 1400/1/2 10x10 TPI 30EPI",N,KORDSA,CAMACARI,Camacari,BA,Brazil,NF30,,,,,,,,,NC30,,, , ,N,,LA,,,,,KORDSA,"Camacari, Brazil",Camacari,DBV,KORDSA,CAMACARI,CAMACARI,BA,BRAZIL,Yes,,,,,,,,,,
REINFORCEMENT,1,RFH35,CABLE BEAD WIRE,N,OTTO KUHLMANN,HEMER GERMANY,Hemer,Others,Germany,RF435H35,,,,,,,,,H35,,, , ,N,,"EMEA, NA","Danville, Luxembourg",,,"Danville, Luxembourg",OTTO KUHLMANN,Hemer Germany,Hemer,BFJ,OTTO KUHLMANN,HEMER GERMANY,HEMER,OTHERS,GERMANY,Yes,,,,,,,,,,
REINFORCEMENT,1,RFH45,"1x6.0+(11+17+23+29)x2.2
",N,OTTO KUHLMANN,HEMER GERMANY,Hemer,Others,Germany,RF536H45,,,,,,,,,H45,,, , ,N,,"EMEA, NA",,,,,OTTO KUHLMANN,Hemer Germany,Hemer,BFJ,OTTO KUHLMANN,HEMER GERMANY,HEMER,OTHERS,GERMANY,Yes,,,,,,,,,,
REINFORCEMENT,1,RFH45,"1x6.0+(11+17+23+29)x2.2
",N,OTTO KUHLMANN,HEMER GERMANY,Hemer,Others,Germany,RF532H45,,,,,,,,,H45,,, , ,N,,"EMEA, NA","Danville, Luxembourg",,,"Danville, Luxembourg",OTTO KUHLMANN,Hemer Germany,Hemer,BFJ,OTTO KUHLMANN,HEMER GERMANY,HEMER,OTHERS,GERMANY,Yes,,,,,,,,,,
REINFORCEMENT,1,RFH54,CABLE BEAD WIRE,N,OTTO KUHLMANN,HEMER GERMANY,Hemer,Others,Germany,RF584H54,,,,,,,,,H54,,, , ,N,,"EMEA, NA","E507 - Luxembourg, N501 - Danville",,,"Danville, Luxembourg",OTTO KUHLMANN,Hemer Germany,Hemer,BFJ,OTTO KUHLMANN,HEMER GERMANY,HEMER,OTHERS,GERMANY,Yes,,,,,,,,,,
REINFORCEMENT,1,RFH55,CABLE BEAD WIRE,N,OTTO KUHLMANN,HEMER GERMANY,Hemer,Others,Germany,RF609H55,,,,,,,,,H55,,, , ,N,,"AP, EMEA, LA, NA",,,,,OTTO KUHLMANN,Hemer Germany,Hemer,BFJ,OTTO KUHLMANN,HEMER GERMANY,HEMER,OTHERS,GERMANY,Yes,,,,,,,,,,
REINFORCEMENT,1,RFH64,CABLE BEAD WIRE,N,OTTO KUHLMANN,HEMER GERMANY,Hemer,Others,Germany,RF609H64,,,,,,,,,H64,,, , ,N,,"EMEA, NA","E507 - Luxembourg, N501 - Danville",,,"Danville, Luxembourg",OTTO KUHLMANN,Hemer Germany,Hemer,BFJ,OTTO KUHLMANN,HEMER GERMANY,HEMER,OTHERS,GERMANY,Yes,,,,,,,,,,
REINFORCEMENT,1,RFH65,CABLE BEAD WIRE,N,OTTO KUHLMANN,HEMER GERMANY,Hemer,Others,Germany,RF609H65,,,,,,,,,H65,,, , ,N,,"EMEA, NA","Danville, Luxembourg",,,"Danville, Luxembourg",OTTO KUHLMANN,Hemer Germany,Hemer,BFJ,OTTO KUHLMANN,HEMER GERMANY,HEMER,OTHERS,GERMANY,Yes,,,,,,,,,,
REINFORCEMENT,1,RFH65,CABLE BEAD WIRE,N,OTTO KUHLMANN,HEMER GERMANY,Hemer,Others,Germany,RF604H65,,,,,,,,,H65,,, , ,N,,"EMEA, NA","Danville, Luxembourg",,,"Danville, Luxembourg",OTTO KUHLMANN,Hemer Germany,Hemer,BFJ,OTTO KUHLMANN,HEMER GERMANY,HEMER,OTHERS,GERMANY,Yes,,,,,,,,,,
REINFORCEMENT,1,RFH65,CABLE BEAD WIRE,N,OTTO KUHLMANN,HEMER GERMANY,Hemer,Others,Germany,RF614H65,,,,,,,,,H65,,, , ,N,,"AP, EMEA, LA, NA",,,,,OTTO KUHLMANN,Hemer Germany,Hemer,BFJ,OTTO KUHLMANN,HEMER GERMANY,HEMER,OTHERS,GERMANY,Yes,,,,,,,,,,
REINFORCEMENT,1,RFWL,2x.295 HT,N,HYOSUNG CORPORATION,EONYANG,Eonyang,Others,South Korea,C101WL,,,,,,,,,WL,,, , ,N,,"AP, EMEA, LA, NA",,,,,HYOSUNG CORPORATION,"Eonyang, South Korea",Eonyang,,HYOSUNG CORPORATION,EONYANG,EONYANG,OTHERS,SOUTH KOREA,No,,,,,,,,,,
REINFORCEMENT,1,RFTV28HF,"HMLS POLYESTER 1670/1/2 8.5x8.5TPI, 28EPI HF",N,THAI INDO KORDSA,AYUTTHAYA,"AYUTTHAYA, THAILAND",Others,Thailand,TV28HF,,,,,,,,,TV28HF,,, , ,N,,LA,,,,,THAI INDO KORDSA,"AYUTTHAYA, THAILAND","AYUTTHAYA, THAILAND",JAE,THAI INDO KORDSA,AYUTTHAYA,"AYUTTHAYA, THAILAND",OTHERS,THAILAND,Yes,,,,,,,,,,
REINFORCEMENT,1,RFJM16DH,"NYLON 6,6  2100/1/3 6 X 6 TPI 16EPI DH",Y,HYOSUNG CORPORATION,DECATUR,Decatur,AL,USA,Z08JM16DH,,,,,,,,,JM16DH,,, , ,Y,,"AP, EMEA, LA, NA",,,,,HYOSUNG CORPORATION,"Decatur, AL, USA",Decatur,AIT,HYOSUNG CORPORATION,DECATUR,DECATUR,AL,USA,Yes,,,,,,,,,,
REINFORCEMENT,1,RFJM20DH,"NYLON 6,6  2100/1/3 6 X 6 TPI 20EPI DH",Y,HYOSUNG CORPORATION,DECATUR,Decatur,AL,USA,Z08JM20DH,,,,,,,,,JM20DH,,, , ,Y,,"AP, EMEA, LA, NA",,,,,HYOSUNG CORPORATION,"Decatur, AL, USA",Decatur,AIT,HYOSUNG CORPORATION,DECATUR,DECATUR,AL,USA,Yes,,,,,,,,,,
REINFORCEMENT,1,RFJN18DH,"NYLON 6,6  2100/2/2 4 X 4 TPI 18EPI DH",Y,HYOSUNG CORPORATION,DECATUR,Decatur,AL,USA,Z08JN18DH,,,,,,,,,JN18DH,,, , ,Y,,NA,,,,,HYOSUNG CORPORATION,"Decatur, AL, USA",Decatur,AIT,HYOSUNG CORPORATION,DECATUR,DECATUR,AL,USA,Yes,,,,,,,,,,
REINFORCEMENT,1,RFJR18DH,"NYLON 6,6  2100/2/2 5 X 6 TPI 18EPI DH",Y,HYOSUNG CORPORATION,DECATUR,Decatur,AL,USA,Z08JR18DH,,,,,,,,,JR18DH,,, , ,Y,,"AP, EMEA, LA, NA",,,,,HYOSUNG CORPORATION,"Decatur, AL, USA",Decatur,AIT,HYOSUNG CORPORATION,DECATUR,DECATUR,AL,USA,Yes,,,,,,,,,,
REINFORCEMENT,1,RFNB23GA,"NYLON 6,6  1400/2/1  0X3TPI  23EPI  GA",N,KORDSA,IZMIT,Izmit,Others,Turkey,NB23GA,,,,,,,,,NB23GA,,, , ,N,,EMEA,,,,,KORDSA,"Izmit, Turkey",Izmit,BXD,KORDSA,IZMIT,IZMIT,OTHERS,TURKEY,Yes,,,,,,,,,,
REINFORCEMENT,1,RFLH26JA,NYLON 6  1400/1/3 8 X 8 TPI 26EPI JA,N,SRF,MANALI,MANALI,Others,India,LH26JA,,,,,,,,,LH26JA,,, , ,N,,AP,,,,,SRF,"MANALI, CHENNAI, INDIA",MANALI,JDD,SRF,MANALI,MANALI,OTHERS,INDIA,Yes,,,,,,,,,,
REINFORCEMENT,1,RFLC16QA,NYLON 6  940/1/2 12 X 12 TPI 16EPI QA,N,HYOSUNG CORPORATION,AMERICANA,Americana,Others,Brazil,LC16QA,,,,,,,,,LC16QA,,, , ,N,,LA,,,,,HYOSUNG CORPORATION,"Americana, SP, Brazil",Americana,,HYOSUNG CORPORATION,AMERICANA,AMERICANA,OTHERS,BRAZIL,No,,,,,,,,,,
REINFORCEMENT,1,RFLC16QA,NYLON 6  940/1/2 12 X 12 TPI 16EPI QA,N,SRF,MANALI,MANALI,Others,India,LC16QA,,,,,,,,,LC16QA,,, , ,N,,AP,,,,,SRF,"MANALI, CHENNAI, INDIA",MANALI,JDD,SRF,MANALI,MANALI,OTHERS,INDIA,Yes,,,,,,,,,,
REINFORCEMENT,1,RFLC16QA,NYLON 6  940/1/2 12 X 12 TPI 16EPI QA,N,PRIMA SENTRA MEGAH,TANGERANG,TANGERANG,Others,Indonesia,LC16QA,,,,,,,,,LC16QA,,, , ,N,,"AP, LA",,,,,PRIMA SENTRA MEGAH,"TANGERANG, INDONESIA",TANGERANG,,PRIMA SENTRA MEGAH,TANGERANG,TANGERANG,OTHERS,INDONESIA,Yes,,,,,,,,,,
REINFORCEMENT,1,RFLC16QA,NYLON 6  940/1/2 12 X 12 TPI 16EPI QA,N,FORMOSA TAFFETA,TOULIU,TOULIOU,Others,Taiwan,LC16QA,,,,,,,,,LC16QA,,, , ,N,,AP,,,,,FORMOSA TAFFETA,"TOULIOU, TAIWAN",TOULIOU,JFM,FORMOSA TAFFETA,TOULIU,TOULIU,OTHERS,TAIWAN,Yes,,,,,,,,,,
REINFORCEMENT,1,RFLC27MA,NYLON 6  940/1/2 12 X 12 TPI 27EPI MA,Y,SRF,MANALI,MANALI,Others,India,I15LC27MA,,,,,,,,,LC27MA,,, , ,Y,,AP,,,,,SRF,"MANALI, CHENNAI, INDIA",MANALI,JDD,SRF,MANALI,MANALI,OTHERS,INDIA,Yes,,,,,,,,,,
REINFORCEMENT,1,RFLC30JA,NYLON 6  940/1/2 12 X 12 TPI 30EPI JA,N,SRF,MANALI,MANALI,Others,India,LC30JA,,,,,,,,,LC30JA,,, , ,N,,AP,,,,,SRF,"MANALI, CHENNAI, INDIA",MANALI,JDD,SRF,MANALI,MANALI,OTHERS,INDIA,Yes,,,,,,,,,,
REINFORCEMENT,1,RFLC30JA,NYLON 6  940/1/2 12 X 12 TPI 30EPI JA,N,PRIMA SENTRA MEGAH,TANGERANG,TANGERANG,Others,Indonesia,LC30JA,,,,,,,,,LC30JA,,, , ,N,,AP,,,,,PRIMA SENTRA MEGAH,"TANGERANG, INDONESIA",TANGERANG,,PRIMA SENTRA MEGAH,TANGERANG,TANGERANG,OTHERS,INDONESIA,Yes,,,,,,,,,,
REINFORCEMENT,1,RFLC30JA,NYLON 6  940/1/2 12 X 12 TPI 30EPI JA,N,FORMOSA TAFFETA,XINGANG,Xingang,Others,Taiwan,LC30JA,,,,,,,,,LC30JA,,, , ,N,,AP,,,,,FORMOSA TAFFETA (FCFC),"Xingang, Taiwan",Xingang,,FORMOSA TAFFETA,XINGANG,XINGANG,OTHERS,TAIWAN,No,,,,,,,,,,
REINFORCEMENT,1,RFLC30QA,NYLON 6  940/1/2 12 X 12 TPI 30EPI QA,N,PRIMA SENTRA MEGAH,TANGERANG,TANGERANG,Others,Indonesia,LC30QA,,,,,,,,,LC30QA,,, , ,N,,AP,,,,,PRIMA SENTRA MEGAH,"TANGERANG, INDONESIA",TANGERANG,,PRIMA SENTRA MEGAH,TANGERANG,TANGERANG,OTHERS,INDONESIA,Yes,,,,,,,,,,
REINFORCEMENT,1,RFLC30QA,NYLON 6  940/1/2 12 X 12 TPI 30EPI QA,N,FORMOSA TAFFETA,TOULIU,TOULIOU,Others,Taiwan,LC30QA,,,,,,,,,LC30QA,,, , ,N,,"AP, EMEA",,,,,FORMOSA TAFFETA,"TOULIOU, TAIWAN",TOULIOU,JFM,FORMOSA TAFFETA,TOULIU,TOULIU,OTHERS,TAIWAN,Yes,,,,,,,,,,
REINFORCEMENT,1,RFLC33JA,NYLON 6 940/1/2 12 X 12 TPI 33EPI JA,N,HYOSUNG CORPORATION,AMERICANA,Americana,Others,Brazil,LC33JA,,,,,,,,,LC33JA,,, , ,N,,LA,,,,,HYOSUNG CORPORATION,"Americana, SP, Brazil",Americana,,HYOSUNG CORPORATION,AMERICANA,AMERICANA,OTHERS,BRAZIL,No,,,,,,,,,,
REINFORCEMENT,1,RFJF30DH,"NYLON 6,6  1400/1/2 10 X 10 TPI 30EPI DH",N,HYOSUNG CORPORATION,DECATUR,Decatur,AL,USA,JF30DH,,,,,,,,,JF30DH,,, , ,N,,"AP, EMEA, LA, NA",,,,,HYOSUNG CORPORATION,"Decatur, AL, USA",Decatur,AIT,HYOSUNG CORPORATION,DECATUR,DECATUR,AL,USA,Yes,,,,,,,,,,
REINFORCEMENT,1,RFJF30JA,"NYLON 6,6  1400/1/2 10 X 10 TPI 30EPI JA",N,HYOSUNG CORPORATION,DECATUR,Decatur,AL,USA,JF30JA,,,,,,,,,JF30JA,,, , ,N,,"AP, EMEA, LA, NA",,,,,HYOSUNG CORPORATION,"Decatur, AL, USA",Decatur,AIT,HYOSUNG CORPORATION,DECATUR,DECATUR,AL,USA,Yes,,,,,,,,,,
REINFORCEMENT,1,RFJH19DR,"NYLON 6,6  1400/1/3 8 X 8 TPI 19EPI DR",Y,HYOSUNG CORPORATION,DECATUR,Decatur,AL,USA,Z09JH19DR,,,,,,,,,JH19DR,,, , ,Y,,"AP, EMEA, LA, NA",,,,,HYOSUNG CORPORATION,"Decatur, AL, USA",Decatur,AIT,HYOSUNG CORPORATION,DECATUR,DECATUR,AL,USA,Yes,,,,,,,,,,
REINFORCEMENT,1,RFNJ16QF,"NYLON 6,6  940/1/2 10 X 12 TPI 16EPI QF",N,HYOSUNG CORPORATION,AMERICANA,Americana,Others,Brazil,NJ16QF,,,,,,,,,NJ16QF,,, , ,N,,LA,,,,,HYOSUNG CORPORATION,"Americana, SP, Brazil",Americana,,HYOSUNG CORPORATION,AMERICANA,AMERICANA,OTHERS,BRAZIL,No,,,,,,,,,,
REINFORCEMENT,1,RFNJ16UA,"NYLON 6,6 940/1/2  10X12TPI  16EPI  UA",Y,HYOSUNG CORPORATION,LISA,LISA,Others,Luxembourg,U01NJ16UA,,,,,,,,,NJ16UA,,, , ,Y,,EMEA,,,,,HYOSUNG CORPORATION,"LISA, LUXEMBOURG",LISA,AIG,HYOSUNG CORPORATION,LISA,LISA,OTHERS,LUXEMBOURG,Yes,,,,,,,,,,
REINFORCEMENT,1,RFNJ20UA,"NYLON 6,6 940/1/2  10X12TPI  20EPI  UA",Y,HYOSUNG CORPORATION,LISA,LISA,Others,Luxembourg,U01NJ20UA,,,,,,,,,NJ20UA,,, , ,Y,,EMEA,,,,,HYOSUNG CORPORATION,"LISA, LUXEMBOURG",LISA,AIG,HYOSUNG CORPORATION,LISA,LISA,OTHERS,LUXEMBOURG,Yes,,,,,,,,,,
REINFORCEMENT,1,RFNJ21JA,"NYLON 6,6  940/1/2 10 X 12 TPI 21EPI JA",N,HYOSUNG CORPORATION,AMERICANA,Americana,Others,Brazil,NJ21JA,,,,,,,,,NJ21JA,,, , ,N,,LA,,,,,HYOSUNG CORPORATION,"Americana, SP, Brazil",Americana,,HYOSUNG CORPORATION,AMERICANA,AMERICANA,OTHERS,BRAZIL,No,,,,,,,,,,
REINFORCEMENT,1,RFNJ21JF,"NYLON 6,6  940/1/2 10 X 12 TPI 21EPI JF",N,HYOSUNG CORPORATION,AMERICANA,Americana,Others,Brazil,NJ21JF,,,,,,,,,NJ21JF,,, , ,N,,LA,,,,,HYOSUNG CORPORATION,"Americana, SP, Brazil",Americana,,HYOSUNG CORPORATION,AMERICANA,AMERICANA,OTHERS,BRAZIL,No,,,,,,,,,,
REINFORCEMENT,1,RFNJ22UA,"NYLON 6,6 940/1/2  10X12TPI  22EPI  UA",Y,HYOSUNG CORPORATION,LISA,LISA,Others,Luxembourg,U01NJ22UA,,,,,,,,,NJ22UA,,, , ,Y,,EMEA,,,,,HYOSUNG CORPORATION,"LISA, LUXEMBOURG",LISA,AIG,HYOSUNG CORPORATION,LISA,LISA,OTHERS,LUXEMBOURG,Yes,,,,,,,,,,
REINFORCEMENT,1,RFNJ25GA,"NYLON 6,6 940/1/2  10X12TPI  25EPI  GA",N,HYOSUNG CORPORATION,LISA,LISA,Others,Luxembourg,NJ25GA,,,,,,,,,NJ25GA,,, , ,N,,EMEA,,,,,HYOSUNG CORPORATION,"LISA, LUXEMBOURG",LISA,AIG,HYOSUNG CORPORATION,LISA,LISA,OTHERS,LUXEMBOURG,Yes,,,,,,,,,,
REINFORCEMENT,1,RFNJ27GA,"NYLON 6,6 940/1/2  10X12TPI  27EPI  GA",N,HYOSUNG CORPORATION,LISA,LISA,Others,Luxembourg,NJ27GA,,,,,,,,,NJ27GA,,, , ,N,,EMEA,,,,,HYOSUNG CORPORATION,"LISA, LUXEMBOURG",LISA,AIG,HYOSUNG CORPORATION,LISA,LISA,OTHERS,LUXEMBOURG,Yes,,,,,,,,,,
REINFORCEMENT,1,RFNJ27GF,"NYLON 6,6 940/1/2  10X12TPI  27EPI GF",N,HYOSUNG CORPORATION,LISA,LISA,Others,Luxembourg,NJ27GF,,,,,,,,,NJ27GF,,, , ,N,,EMEA,,,,,HYOSUNG CORPORATION,"LISA, LUXEMBOURG",LISA,AIG,HYOSUNG CORPORATION,LISA,LISA,OTHERS,LUXEMBOURG,Yes,,,,,,,,,,
REINFORCEMENT,1,RFNJ27JA,"NYLON 6,6  940/1/2 10 X 12 TPI 27EPI JA",N,HYOSUNG CORPORATION,AMERICANA,Americana,Others,Brazil,NJ27JA,,,,,,,,,NJ27JA,,, , ,N,,LA,,,,,HYOSUNG CORPORATION,"Americana, SP, Brazil",Americana,,HYOSUNG CORPORATION,AMERICANA,AMERICANA,OTHERS,BRAZIL,No,,,,,,,,,,
REINFORCEMENT,1,RFNJ27JF,"NYLON 6,6  940/1/2 10 X 12 TPI 27EPI JF",N,HYOSUNG CORPORATION,AMERICANA,Americana,Others,Brazil,NJ27JF,,,,,,,,,NJ27JF,,, , ,N,,LA,,,,,HYOSUNG CORPORATION,"Americana, SP, Brazil",Americana,,HYOSUNG CORPORATION,AMERICANA,AMERICANA,OTHERS,BRAZIL,No,,,,,,,,,,
REINFORCEMENT,1,RFNJ30GA,"NYLON 6,6 940/1/2  10X12TPI  30EPI  GA",N,HYOSUNG CORPORATION,LISA,LISA,Others,Luxembourg,NJ30GA,,,,,,,,,NJ30GA,,, , ,N,,EMEA,,,,,HYOSUNG CORPORATION,"LISA, LUXEMBOURG",LISA,AIG,HYOSUNG CORPORATION,LISA,LISA,OTHERS,LUXEMBOURG,Yes,,,,,,,,,,
REINFORCEMENT,1,RFNJ30UA,"NYLON 6,6 940/1/2  10X12TPI  30EPI  UA",N,HYOSUNG CORPORATION,LISA,LISA,Others,Luxembourg,NJ30UA,,,,,,,,,NJ30UA,,, , ,N,,EMEA,,,,,HYOSUNG CORPORATION,"LISA, LUXEMBOURG",LISA,AIG,HYOSUNG CORPORATION,LISA,LISA,OTHERS,LUXEMBOURG,Yes,,,,,,,,,,
REINFORCEMENT,1,RFNJ33GA,"NYLON 6,6 940/1/2  10X12TPI  33EPI  GA",N,HYOSUNG CORPORATION,LISA,LISA,Others,Luxembourg,NJ33GA,,,,,,,,,NJ33GA,,, , ,N,,EMEA,,,,,HYOSUNG CORPORATION,"LISA, LUXEMBOURG",LISA,AIG,HYOSUNG CORPORATION,LISA,LISA,OTHERS,LUXEMBOURG,Yes,,,,,,,,,,
REINFORCEMENT,1,RFNJ33JA,"NYLON 6,6  940/1/2 10x12 TPI 33EPI JA",N,HYOSUNG CORPORATION,AMERICANA,Americana,Others,Brazil,NJ33JA,,,,,,,,,NJ33JA,,, , ,N,,LA,,,,,HYOSUNG CORPORATION,"Americana, SP, Brazil",Americana,,HYOSUNG CORPORATION,AMERICANA,AMERICANA,OTHERS,BRAZIL,No,,,,,,,,,,
REINFORCEMENT,1,RFNJ33JF,"NYLON 6,6  940/1/2 10 X 12 TPI 33EPI JF",N,HYOSUNG CORPORATION,AMERICANA,Americana,Others,Brazil,NJ33JF,,,,,,,,,NJ33JF,,, , ,N,,LA,,,,,HYOSUNG CORPORATION,"Americana, SP, Brazil",Americana,,HYOSUNG CORPORATION,AMERICANA,AMERICANA,OTHERS,BRAZIL,No,,,,,,,,,,
REINFORCEMENT,1,RFNL23GA,"NYLON 6,6 1400/1/2  8X10TPI  23EPI  GA",Y,HYOSUNG CORPORATION,LISA,LISA,Others,Luxembourg,Z01NL23GA,,,,,,,,,NL23GA,,, , ,Y,,EMEA,,,,,HYOSUNG CORPORATION,"LISA, LUXEMBOURG",LISA,AIG,HYOSUNG CORPORATION,LISA,LISA,OTHERS,LUXEMBOURG,Yes,,,,,,,,,,
REINFORCEMENT,1,RFNL23GF,"NYLON 6,6 1400/1/2  8X10TPI  23EPI  GF",N,HYOSUNG CORPORATION,LISA,LISA,Others,Luxembourg,NL23GF,,,,,,,,,NL23GF,,, , ,N,,EMEA,,,,,HYOSUNG CORPORATION,"LISA, LUXEMBOURG",LISA,AIG,HYOSUNG CORPORATION,LISA,LISA,OTHERS,LUXEMBOURG,Yes,,,,,,,,,,
REINFORCEMENT,1,RFNL23JA,"NYLON 6,6  1400/1/2 8 X 10 TPI 23EPI JA",N,HYOSUNG CORPORATION,AMERICANA,Americana,Others,Brazil,NL23JA,,,,,,,,,NL23JA,,, , ,N,,LA,,,,,HYOSUNG CORPORATION,"Americana, SP, Brazil",Americana,,HYOSUNG CORPORATION,AMERICANA,AMERICANA,OTHERS,BRAZIL,No,,,,,,,,,,
REINFORCEMENT,1,RFNL23JF,"NYLON 6,6  1400/1/2 8 X 10 TPI 23EPI JF",N,HYOSUNG CORPORATION,AMERICANA,Americana,Others,Brazil,NL23JF,,,,,,,,,NL23JF,,, , ,N,,LA,,,,,HYOSUNG CORPORATION,"Americana, SP, Brazil",Americana,,HYOSUNG CORPORATION,AMERICANA,AMERICANA,OTHERS,BRAZIL,No,,,,,,,,,,
REINFORCEMENT,1,RFNL26GF,"NYLON 6,6 1400/1/2  8X10TPI  26EPI  GF",N,HYOSUNG CORPORATION,LISA,LISA,Others,Luxembourg,NL26GF,,,,,,,,,NL26GF,,, , ,N,,EMEA,,,,,HYOSUNG CORPORATION,"LISA, LUXEMBOURG",LISA,AIG,HYOSUNG CORPORATION,LISA,LISA,OTHERS,LUXEMBOURG,Yes,,,,,,,,,,
REINFORCEMENT,1,RFNL26JA,"NYLON 6,6  1400/1/2 8 X 10 TPI 26EPI JA",N,HYOSUNG CORPORATION,AMERICANA,Americana,Others,Brazil,NL26JA,,,,,,,,,NL26JA,,, , ,N,,LA,,,,,HYOSUNG CORPORATION,"Americana, SP, Brazil",Americana,,HYOSUNG CORPORATION,AMERICANA,AMERICANA,OTHERS,BRAZIL,No,,,,,,,,,,
REINFORCEMENT,1,RFNL26JF,"NYLON 6,6  1400/1/2 8 X 10 TPI 26EPI JF",N,HYOSUNG CORPORATION,AMERICANA,Americana,Others,Brazil,NL26JF,,,,,,,,,NL26JF,,, , ,N,,LA,,,,,HYOSUNG CORPORATION,"Americana, SP, Brazil",Americana,,HYOSUNG CORPORATION,AMERICANA,AMERICANA,OTHERS,BRAZIL,No,,,,,,,,,,
REINFORCEMENT,1,RFNL28JA,"NYLON 6,6  1400/1/2 8 X 10 TPI 28EPI JA",N,HYOSUNG CORPORATION,AMERICANA,Americana,Others,Brazil,NL28JA,,,,,,,,,NL28JA,,, , ,N,,LA,,,,,HYOSUNG CORPORATION,"Americana, SP, Brazil",Americana,,HYOSUNG CORPORATION,AMERICANA,AMERICANA,OTHERS,BRAZIL,No,,,,,,,,,,
REINFORCEMENT,1,RFNL28JF,"NYLON 6,6  1400/1/2 8 X 10 TPI 28EPI JF",N,HYOSUNG CORPORATION,AMERICANA,Americana,Others,Brazil,NL28JF,,,,,,,,,NL28JF,,, , ,N,,LA,,,,,HYOSUNG CORPORATION,"Americana, SP, Brazil",Americana,,HYOSUNG CORPORATION,AMERICANA,AMERICANA,OTHERS,BRAZIL,No,,,,,,,,,,
REINFORCEMENT,1,RFNL30GA,"NYLON 6,6 1400/1/2  8X10TPI  30EPI  GA",N,HYOSUNG CORPORATION,LISA,LISA,Others,Luxembourg,NL30GA,,,,,,,,,NL30GA,,, , ,N,,EMEA,,,,,HYOSUNG CORPORATION,"LISA, LUXEMBOURG",LISA,AIG,HYOSUNG CORPORATION,LISA,LISA,OTHERS,LUXEMBOURG,Yes,,,,,,,,,,
REINFORCEMENT,1,RFNN16QA,"NYLON 6,6  940/1/2 12 X 12 TPI 16EPI QA",N,HYOSUNG CORPORATION,DECATUR,Decatur,AL,USA,NN16QA,,,,,,,,,NN16QA,,, , ,N,,NA,,,,,HYOSUNG CORPORATION,"Decatur, AL, USA",Decatur,AIT,HYOSUNG CORPORATION,DECATUR,DECATUR,AL,USA,Yes,,,,,,,,,,
REINFORCEMENT,1,RFLJ27GA,NYLON 6 940/2 10X12TPI 27EPI GA,N,HYOSUNG CORPORATION,LISA,LISA,Others,Luxembourg,LJ27GA,,,,,,,,,LJ27GA,,, , ,N,,"AP, EMEA, LA, NA",,,,,HYOSUNG CORPORATION,"LISA, LUXEMBOURG",LISA,AIG,HYOSUNG CORPORATION,LISA,LISA,OTHERS,LUXEMBOURG,Yes,,,,,,,,,,
REINFORCEMENT,1,RFNL26GA,"NYLON 6,6 1400/1/2  8x10TPI  26EPI  GA",N,HYOSUNG CORPORATION,LISA,LISA,Others,Luxembourg,NL26GA,,,,,,,,,NL26GA,,, , ,N,,EMEA,,,,,HYOSUNG CORPORATION,"LISA, LUXEMBOURG",LISA,AIG,HYOSUNG CORPORATION,LISA,LISA,OTHERS,LUXEMBOURG,Yes,,,,,,,,,,
REINFORCEMENT,1,RFTM26HF,HMLS POLYESTER 2200/1/2 8.5X8.5 TPI 26EPI HF,N,KOLON,GUMI,Gumi,Others,South Korea,TM26HF,,,,,,,,,TM26HF,,, , ,N,,"AP, LA",,,,,KOLON,"Gumi, South Korea",Gumi,BJZ,KOLON,GUMI,GUMI,OTHERS,SOUTH KOREA,Yes,,,,,,,,,,
REINFORCEMENT,1,RFNP19JA,"NYLON 6,6  2100/1/2 8 X 8 TPI 19EPI JA",Y,HYOSUNG CORPORATION,DECATUR,Decatur,AL,USA,149NP19JA,,,,,,,,,NP19JA,,, , ,Y,,"LA, NA",,,,,HYOSUNG CORPORATION,"Decatur, AL, USA",Decatur,AIT,HYOSUNG CORPORATION,DECATUR,DECATUR,AL,USA,Yes,,,,,,,,,,
REINFORCEMENT,1,RFNP19JA,"NYLON 6,6  2100/1/2 8 X 8 TPI 19EPI JA",N,HYOSUNG CORPORATION,AMERICANA,Americana,Others,Brazil,149NP19JA,,,,,,,,,NP19JA,,, , ,N,,LA,,,,,HYOSUNG CORPORATION,"Americana, SP, Brazil",Americana,,HYOSUNG CORPORATION,AMERICANA,AMERICANA,OTHERS,BRAZIL,No,,,,,,,,,,
REINFORCEMENT,1,RFNP19JA,"NYLON 6,6  2100/1/2 8 X 8 TPI 19EPI JA",N,THAI INDO KORDSA,AYUTTHAYA,"AYUTTHAYA, THAILAND",Others,Thailand,NP19JA,,,,,,,,,NP19JA,,, , ,N,,"AP, EMEA, LA",,,,,THAI INDO KORDSA,"AYUTTHAYA, THAILAND","AYUTTHAYA, THAILAND",JAE,THAI INDO KORDSA,AYUTTHAYA,"AYUTTHAYA, THAILAND",OTHERS,THAILAND,Yes,,,,,,,,,,
REINFORCEMENT,1,RFNP19JA,"NYLON 6,6  2100/1/2 8 X 8 TPI 19EPI JA",N,PT INDO KORDSA,CITEUREUP,CITEUREUP,Others,Indonesia,NP19JA,,,,,,,,,NP19JA,,, , ,N,,"AP, EMEA, LA",,,,,PT INDO KORDSA,"CITEUREUP, INDONESIA",CITEUREUP,BGQ,PT INDO KORDSA,CITEUREUP,CITEUREUP,OTHERS,INDONESIA,Yes,,,,,,,,,,
REINFORCEMENT,1,RFNP19JF,"NYLON 6,6  2100/1/2 8 X 8 TPI 19EPI JF",N,HYOSUNG CORPORATION,AMERICANA,Americana,Others,Brazil,NP19JF,,,,,,,,,NP19JF,,, , ,N,,LA,,,,,HYOSUNG CORPORATION,"Americana, SP, Brazil",Americana,,HYOSUNG CORPORATION,AMERICANA,AMERICANA,OTHERS,BRAZIL,No,,,,,,,,,,
REINFORCEMENT,1,RFNP23JA,"NYLON 6,6  2100/1/2 8x8 TPI 23EPI JA",N,HYOSUNG CORPORATION,DECATUR,Decatur,AL,USA,S03NP23JA,,,,,,,,,NP23JA,,, , ,N,,"LA, NA",,,,,HYOSUNG CORPORATION,"Decatur, AL, USA",Decatur,AIT,HYOSUNG CORPORATION,DECATUR,DECATUR,AL,USA,Yes,,,,,,,,,,
REINFORCEMENT,1,RFNP23JA,"NYLON 6,6  2100/1/2 8x8 TPI 23EPI JA",N,HYOSUNG CORPORATION,AMERICANA,Americana,Others,Brazil,S03NP23JA,,,,,,,,,NP23JA,,, , ,N,,LA,,,,,HYOSUNG CORPORATION,"Americana, SP, Brazil",Americana,,HYOSUNG CORPORATION,AMERICANA,AMERICANA,OTHERS,BRAZIL,No,,,,,,,,,,
REINFORCEMENT,1,RFNP23JA,"NYLON 6,6  2100/1/2 8x8 TPI 23EPI JA",N,THAI INDO KORDSA,AYUTTHAYA,"AYUTTHAYA, THAILAND",Others,Thailand,NP23JA,,,,,,,,,NP23JA,,, , ,N,,"AP, EMEA, LA",,,,,THAI INDO KORDSA,"AYUTTHAYA, THAILAND","AYUTTHAYA, THAILAND",JAE,THAI INDO KORDSA,AYUTTHAYA,"AYUTTHAYA, THAILAND",OTHERS,THAILAND,Yes,,,,,,,,,,
REINFORCEMENT,1,RFNP23JA,"NYLON 6,6  2100/1/2 8x8 TPI 23EPI JA",N,PT INDO KORDSA,CITEUREUP,CITEUREUP,Others,Indonesia,NP23JA,,,,,,,,,NP23JA,,, , ,N,,"AP, EMEA, LA",,,,,PT INDO KORDSA,"CITEUREUP, INDONESIA",CITEUREUP,BGQ,PT INDO KORDSA,CITEUREUP,CITEUREUP,OTHERS,INDONESIA,Yes,,,,,,,,,,
REINFORCEMENT,1,RFNP23JF,"NYLON 6,6  2100/1/2 8 X 8 TPI 23EPI JF",N,HYOSUNG CORPORATION,AMERICANA,Americana,Others,Brazil,NP23JF,,,,,,,,,NP23JF,,, , ,N,,LA,,,,,HYOSUNG CORPORATION,"Americana, SP, Brazil",Americana,,HYOSUNG CORPORATION,AMERICANA,AMERICANA,OTHERS,BRAZIL,No,,,,,,,,,,
REINFORCEMENT,1,RFNP26JA,"NYLON 6,6  2100/1/2 8x8 TPI 26EPI JA",N,HYOSUNG CORPORATION,AMERICANA,Americana,Others,Brazil,NP26JA,,,,,,,,,NP26JA,,, , ,N,,LA,,,,,HYOSUNG CORPORATION,"Americana, SP, Brazil",Americana,,HYOSUNG CORPORATION,AMERICANA,AMERICANA,OTHERS,BRAZIL,No,,,,,,,,,,
REINFORCEMENT,1,RFNP26JA,"NYLON 6,6  2100/1/2 8x8 TPI 26EPI JA",N,THAI INDO KORDSA,AYUTTHAYA,"AYUTTHAYA, THAILAND",Others,Thailand,NP26JA,,,,,,,,,NP26JA,,, , ,N,,AP,,,,,THAI INDO KORDSA,"AYUTTHAYA, THAILAND","AYUTTHAYA, THAILAND",JAE,THAI INDO KORDSA,AYUTTHAYA,"AYUTTHAYA, THAILAND",OTHERS,THAILAND,Yes,,,,,,,,,,
REINFORCEMENT,1,RFNP26JF,"NYLON 6,6  2100/1/2 8 X 8 TPI 26EPI JF",N,HYOSUNG CORPORATION,AMERICANA,Americana,Others,Brazil,NP26JF,,,,,,,,,NP26JF,,, , ,N,,LA,,,,,HYOSUNG CORPORATION,"Americana, SP, Brazil",Americana,,HYOSUNG CORPORATION,AMERICANA,AMERICANA,OTHERS,BRAZIL,No,,,,,,,,,,
REINFORCEMENT,1,RFNQ30JR,"NYLON 6,6  1400/1/2 5 X 10 TPI 30EPI JR",N,HYOSUNG CORPORATION,DECATUR,Decatur,AL,USA,NQ30JR,,,,,,,,,NQ30JR,,, , ,N,,NA,,,,,HYOSUNG CORPORATION,"Decatur, AL, USA",Decatur,AIT,HYOSUNG CORPORATION,DECATUR,DECATUR,AL,USA,Yes,,,,,,,,,,
REINFORCEMENT,1,RFNT30UA,"NYLON 6,6   950/0/1 MONOFILAMENT 30EPI  UA",N,HYOSUNG CORPORATION,LISA,LISA,Others,Luxembourg,NT30UA,,,,,,,,,NT30UA,,, , ,N,,EMEA,,,,,HYOSUNG CORPORATION,"LISA, LUXEMBOURG",LISA,AIG,HYOSUNG CORPORATION,LISA,LISA,OTHERS,LUXEMBOURG,Yes,,,,,,,,,,
REINFORCEMENT,1,RFNU33QA,"NYLON 6,6  470/1/2 6 X 6 TPI 33EPI QA",N,HYOSUNG CORPORATION,DECATUR,Decatur,AL,USA,NU33QA,,,,,,,,,NU33QA,,, , ,N,,NA,,,,,HYOSUNG CORPORATION,"Decatur, AL, USA",Decatur,AIT,HYOSUNG CORPORATION,DECATUR,DECATUR,AL,USA,Yes,,,,,,,,,,
REINFORCEMENT,1,RFNV19GA,"NYLON 6,6 2100/1/2  6X8TPI  19EPI  GA",Y,HYOSUNG CORPORATION,LISA,LISA,Others,Luxembourg,G10NV19GA,,,,,,,,,NV19GA,,, , ,Y,,EMEA,,,,,HYOSUNG CORPORATION,"LISA, LUXEMBOURG",LISA,AIG,HYOSUNG CORPORATION,LISA,LISA,OTHERS,LUXEMBOURG,Yes,,,,,,,,,,
REINFORCEMENT,1,RFNV22GA,"NYLON 6,6 2100/1/2  6X8TPI  22EPI  GA",N,HYOSUNG CORPORATION,LISA,LISA,Others,Luxembourg,NV22GA,,,,,,,,,NV22GA,,, , ,N,,EMEA,,,,,HYOSUNG CORPORATION,"LISA, LUXEMBOURG",LISA,AIG,HYOSUNG CORPORATION,LISA,LISA,OTHERS,LUXEMBOURG,Yes,,,,,,,,,,
REINFORCEMENT,1,RFNV23GF,"NYLON 6,6 2100/1/2  6X8TPI  23EPI  GF",N,HYOSUNG CORPORATION,LISA,LISA,Others,Luxembourg,NV23GF,,,,,,,,,NV23GF,,, , ,N,,EMEA,,,,,HYOSUNG CORPORATION,"LISA, LUXEMBOURG",LISA,AIG,HYOSUNG CORPORATION,LISA,LISA,OTHERS,LUXEMBOURG,Yes,,,,,,,,,,
REINFORCEMENT,1,RFNV26GA,"NYLON 6,6 2100/1/2  6X8TPI  26EPI  GA",N,HYOSUNG CORPORATION,LISA,LISA,Others,Luxembourg,NV26GA,,,,,,,,,NV26GA,,, , ,N,,EMEA,,,,,HYOSUNG CORPORATION,"LISA, LUXEMBOURG",LISA,AIG,HYOSUNG CORPORATION,LISA,LISA,OTHERS,LUXEMBOURG,Yes,,,,,,,,,,
REINFORCEMENT,1,RFNW35JR,"NYLON 6,6  470/1/2 14 X 14 TPI 35EPI JR",Y,HYOSUNG CORPORATION,DECATUR,Decatur,AL,USA,Z12NW35JR,,,,,,,,,NW35JR,,, , ,Y,,NA,,,,,HYOSUNG CORPORATION,"Decatur, AL, USA",Decatur,AIT,HYOSUNG CORPORATION,DECATUR,DECATUR,AL,USA,Yes,,,,,,,,,,
REINFORCEMENT,1,RFNY19JA,"NYLON 6,6  1400/1/3 10 X 10 TPI 19EPI JA",Y,HYOSUNG CORPORATION,DECATUR,Decatur,AL,USA,139NY19JA,,,,,,,,,NY19JA,,, , ,Y,,NA,,,,,HYOSUNG CORPORATION,"Decatur, AL, USA",Decatur,AIT,HYOSUNG CORPORATION,DECATUR,DECATUR,AL,USA,Yes,,,,,,,,,,
REINFORCEMENT,1,RFNC27,"NYLON 6,6 940/1/2 12x12 TPI 27EPI",N,SHENMA INDUSTRIAL,PINGDINGSHAN - HENAN,Pingdingshan,Others,China,NC27,,,,,,,,,NC27,,, , ,N,,LA,,,,,Shenma Industrial,"Pingdingshan, Henan, China",Pingdingshan,JFC,SHENMA INDUSTRIAL,PINGDINGSHAN - HENAN,HENAN,OTHERS,CHINA,Yes,,,,,,,,,,
REINFORCEMENT,1,RFQC28,AA HMLS POLYESTER 1100/1/2 12x12 TPI 28EPI,N,HYOSUNG CORPORATION,ULSAN,Ulsan,Others,South Korea,QC28,,,,,,,,,QC28,,, , ,N,,LA,,,,,HYOSUNG CORPORATION,"Ulsan, South Korea",Ulsan,JAJ,HYOSUNG CORPORATION,ULSAN,ULSAN,OTHERS,SOUTH KOREA,Yes,,,,,,,,,,
REINFORCEMENT,1,RFNC16,"NYLON 6,6 940/1/2 12x12 TPI 16EPI",N,SHENMA INDUSTRIAL,PINGDINGSHAN - HENAN,Pingdingshan,Others,China,NC16,,,,,,,,,NC16,,, , ,N,,LA,,,,,Shenma Industrial,"Pingdingshan, Henan, China",Pingdingshan,JFC,SHENMA INDUSTRIAL,PINGDINGSHAN - HENAN,HENAN,OTHERS,CHINA,Yes,,,,,,,,,,
REINFORCEMENT,1,RFLC33JA,NYLON 6 940/1/2 12 X 12 TPI 33EPI JA,N,FORMOSA TAFFETA,TOULIU,TOULIOU,Others,Taiwan,LC33JA,,,,,,,,,LC33JA,,, , ,N,,AP,,,,,FORMOSA TAFFETA,"TOULIOU, TAIWAN",TOULIOU,JFM,FORMOSA TAFFETA,TOULIU,TOULIU,OTHERS,TAIWAN,Yes,,,,,,,,,,
REINFORCEMENT,1,RFLC33JF,NYLON 6 940/1/2 12 X 12 TPI 33EPI JF,N,HYOSUNG CORPORATION,AMERICANA,Americana,Others,Brazil,LC33JF,,,,,,,,,LC33JF,,, , ,N,,LA,,,,,HYOSUNG CORPORATION,"Americana, SP, Brazil",Americana,,HYOSUNG CORPORATION,AMERICANA,AMERICANA,OTHERS,BRAZIL,No,,,,,,,,,,
REINFORCEMENT,1,RFLC33JF,NYLON 6 940/1/2 12 X 12 TPI 33EPI JF,N,FORMOSA TAFFETA,TOULIU,TOULIU,Others,Taiwan,LC33JF,,,,,,,,,LC33JF,,, , ,N,,AP,,,,,FORMOSA TAFFETA (FCFC),"TOULIU, TAIWAN",TOULIU,JFM,FORMOSA TAFFETA,TOULIU,TOULIU,OTHERS,TAIWAN,No,,,,,,,,,,
REINFORCEMENT,1,RFLF23JA,NYLON 6  1400/1/2 10 X 10 TPI 23EPI JA,N,SRF,MANALI,MANALI,Others,India,LF23JA,,,,,,,,,LF23JA,,, , ,N,,AP,,,,,SRF,"MANALI, CHENNAI, INDIA",MANALI,JDD,SRF,MANALI,MANALI,OTHERS,INDIA,Yes,,,,,,,,,,
REINFORCEMENT,1,RFLF23JA,NYLON 6  1400/1/2 10 X 10 TPI 23EPI JA,N,PRIMA SENTRA MEGAH,TANGERANG,TANGERANG,Others,Indonesia,LF23JA,,,,,,,,,LF23JA,,, , ,N,,"AP, LA",,,,,PRIMA SENTRA MEGAH,"TANGERANG, INDONESIA",TANGERANG,,PRIMA SENTRA MEGAH,TANGERANG,TANGERANG,OTHERS,INDONESIA,Yes,,,,,,,,,,
REINFORCEMENT,1,RFLF23JA,NYLON 6  1400/1/2 10 X 10 TPI 23EPI JA,N,FORMOSA TAFFETA,TOULIU,TOULIOU,Others,Taiwan,V02LF23JA,,,,,,,,,LF23JA,,, , ,N,,AP,,,,,FORMOSA TAFFETA,"TOULIOU, TAIWAN",TOULIOU,JFM,FORMOSA TAFFETA,TOULIU,TOULIU,OTHERS,TAIWAN,Yes,,,,,,,,,,
REINFORCEMENT,1,RFLF26JA,NYLON 6  1400/1/2 10 X 10 TPI 26EPI JA,N,SRF,MANALI,MANALI,Others,India,LF26JA,,,,,,,,,LF26JA,,, , ,N,,AP,,,,,SRF,"MANALI, CHENNAI, INDIA",MANALI,JDD,SRF,MANALI,MANALI,OTHERS,INDIA,Yes,,,,,,,,,,
REINFORCEMENT,1,RFLF26JA,NYLON 6  1400/1/2 10 X 10 TPI 26EPI JA,N,PRIMA SENTRA MEGAH,TANGERANG,TANGERANG,Others,Indonesia,LF26JA,,,,,,,,,LF26JA,,, , ,N,,"AP, LA",,,,,PRIMA SENTRA MEGAH,"TANGERANG, INDONESIA",TANGERANG,,PRIMA SENTRA MEGAH,TANGERANG,TANGERANG,OTHERS,INDONESIA,Yes,,,,,,,,,,
REINFORCEMENT,1,RFLF26JA,NYLON 6  1400/1/2 10 X 10 TPI 26EPI JA,N,KOLON,GUMI,Gumi,Others,South Korea,LF26JA,,,,,,,,,LF26JA,,, , ,N,,"AP, EMEA, LA",,,,,KOLON,"Gumi, South Korea",Gumi,BJZ,KOLON,GUMI,GUMI,OTHERS,SOUTH KOREA,Yes,,,,,,,,,,
REINFORCEMENT,1,RFLF26JA,NYLON 6  1400/1/2 10 X 10 TPI 26EPI JA,Y,FORMOSA TAFFETA,TOULIU,TOULIOU,Others,Taiwan,V02LF26JA,,,,,,,,,LF26JA,,, , ,Y,,AP,,,,,FORMOSA TAFFETA,"TOULIOU, TAIWAN",TOULIOU,JFM,FORMOSA TAFFETA,TOULIU,TOULIU,OTHERS,TAIWAN,Yes,,,,,,,,,,
REINFORCEMENT,1,RFLF29JA,NYLON 6  1400/1/2 10 X 10 TPI 29EPI JA,N,SRF,MANALI,MANALI,Others,India,LF29JA,,,,,,,,,LF29JA,,, , ,N,,AP,,,,,SRF,"MANALI, CHENNAI, INDIA",MANALI,JDD,SRF,MANALI,MANALI,OTHERS,INDIA,Yes,,,,,,,,,,
REINFORCEMENT,1,RFLF29JA,NYLON 6  1400/1/2 10 X 10 TPI 29EPI JA,N,PRIMA SENTRA MEGAH,TANGERANG,TANGERANG,Others,Indonesia,LF29JA,,,,,,,,,LF29JA,,, , ,N,,AP,,,,,PRIMA SENTRA MEGAH,"TANGERANG, INDONESIA",TANGERANG,,PRIMA SENTRA MEGAH,TANGERANG,TANGERANG,OTHERS,INDONESIA,Yes,,,,,,,,,,
REINFORCEMENT,1,RFLF29JA,NYLON 6  1400/1/2 10 X 10 TPI 29EPI JA,N,FORMOSA TAFFETA,TOULIU,TOULIOU,Others,Taiwan,LF29JA,,,,,,,,,LF29JA,,, , ,N,,AP,,,,,FORMOSA TAFFETA,"TOULIOU, TAIWAN",TOULIOU,JFM,FORMOSA TAFFETA,TOULIU,TOULIU,OTHERS,TAIWAN,Yes,,,,,,,,,,
REINFORCEMENT,1,RFLF30JA,NYLON 6  1400/1/2 10 X 10 TPI 30EPI JA,N,SRF,MANALI,MANALI,Others,India,LF30JA,,,,,,,,,LF30JA,,, , ,N,,AP,,,,,SRF,"MANALI, CHENNAI, INDIA",MANALI,JDD,SRF,MANALI,MANALI,OTHERS,INDIA,Yes,,,,,,,,,,
REINFORCEMENT,1,RFLF30JA,NYLON 6  1400/1/2 10 X 10 TPI 30EPI JA,N,PRIMA SENTRA MEGAH,TANGERANG,TANGERANG,Others,Indonesia,LF30JA,,,,,,,,,LF30JA,,, , ,N,,AP,,,,,PRIMA SENTRA MEGAH,"TANGERANG, INDONESIA",TANGERANG,,PRIMA SENTRA MEGAH,TANGERANG,TANGERANG,OTHERS,INDONESIA,Yes,,,,,,,,,,
REINFORCEMENT,1,RFLF30JA,NYLON 6  1400/1/2 10 X 10 TPI 30EPI JA,N,FORMOSA TAFFETA,TOULIU,TOULIOU,Others,Taiwan,LF30JA,,,,,,,,,LF30JA,,, , ,N,,AP,,,,,FORMOSA TAFFETA,"TOULIOU, TAIWAN",TOULIOU,JFM,FORMOSA TAFFETA,TOULIU,TOULIU,OTHERS,TAIWAN,Yes,,,,,,,,,,
REINFORCEMENT,1,RFLH19JA,NYLON 6  1400/1/3 8 X 8 TPI 19EPI JA,N,SRF,MANALI,MANALI,Others,India,LH19JA,,,,,,,,,LH19JA,,, , ,N,,AP,,,,,SRF,"MANALI, CHENNAI, INDIA",MANALI,JDD,SRF,MANALI,MANALI,OTHERS,INDIA,Yes,,,,,,,,,,
REINFORCEMENT,1,RFLH19JA,NYLON 6  1400/1/3 8 X 8 TPI 19EPI JA,N,FORMOSA TAFFETA,TOULIU,TOULIOU,Others,Taiwan,LH19JA,,,,,,,,,LH19JA,,, , ,N,,AP,,,,,FORMOSA TAFFETA,"TOULIOU, TAIWAN",TOULIOU,JFM,FORMOSA TAFFETA,TOULIU,TOULIU,OTHERS,TAIWAN,Yes,,,,,,,,,,
REINFORCEMENT,1,RFLH23JA,NYLON 6  1400/1/3 8 X 8 TPI 23EPI JA,N,SRF,MANALI,MANALI,Others,India,LH23JA,,,,,,,,,LH23JA,,, , ,N,,"AP, EMEA",,,,,SRF,"MANALI, CHENNAI, INDIA",MANALI,JDD,SRF,MANALI,MANALI,OTHERS,INDIA,Yes,,,,,,,,,,
REINFORCEMENT,1,RFLH23JA,NYLON 6  1400/1/3 8 X 8 TPI 23EPI JA,N,FORMOSA TAFFETA,TOULIU,TOULIOU,Others,Taiwan,LH23JA,,,,,,,,,LH23JA,,, , ,N,,AP,,,,,FORMOSA TAFFETA,"TOULIOU, TAIWAN",TOULIOU,JFM,FORMOSA TAFFETA,TOULIU,TOULIU,OTHERS,TAIWAN,Yes,,,,,,,,,,
REINFORCEMENT,1,RFNC27JA,"NYLON 6,6  940/1/2 12x12 TPI 27EPI JA",Y,HYOSUNG CORPORATION,DECATUR,Decatur,AL,USA,S01NC27JA,,,,,,,,,NC27JA,,, , ,Y,,"LA, NA",,,,,HYOSUNG CORPORATION,"Decatur, AL, USA",Decatur,AIT,HYOSUNG CORPORATION,DECATUR,DECATUR,AL,USA,Yes,,,,,,,,,,
REINFORCEMENT,1,RFNC27JA,"NYLON 6,6  940/1/2 12x12 TPI 27EPI JA",N,HYOSUNG CORPORATION,AMERICANA,Americana,Others,Brazil,S01NC27JA,,,,,,,,,NC27JA,,, , ,N,,LA,,,,,HYOSUNG CORPORATION,"Americana, SP, Brazil",Americana,,HYOSUNG CORPORATION,AMERICANA,AMERICANA,OTHERS,BRAZIL,No,,,,,,,,,,
REINFORCEMENT,1,RFNC27JA,"NYLON 6,6  940/1/2 12x12 TPI 27EPI JA",N,THAI INDO KORDSA,AYUTTHAYA,"AYUTTHAYA, THAILAND",Others,Thailand,NC27JA,,,,,,,,,NC27JA,,, , ,N,,"AP, EMEA, LA",,,,,THAI INDO KORDSA,"AYUTTHAYA, THAILAND","AYUTTHAYA, THAILAND",JAE,THAI INDO KORDSA,AYUTTHAYA,"AYUTTHAYA, THAILAND",OTHERS,THAILAND,Yes,,,,,,,,,,
REINFORCEMENT,1,RFNC27JF,"NYLON 6,6  940/1/2 12 X 12 TPI 27EPI JF",N,HYOSUNG CORPORATION,AMERICANA,Americana,Others,Brazil,NC27JF,,,,,,,,,NC27JF,,, , ,N,,LA,,,,,HYOSUNG CORPORATION,"Americana, SP, Brazil",Americana,,HYOSUNG CORPORATION,AMERICANA,AMERICANA,OTHERS,BRAZIL,No,,,,,,,,,,
REINFORCEMENT,1,RFNC27JR,"NYLON 6,6  940/1/2 12 X 12 TPI 27EPI JR",Y,HYOSUNG CORPORATION,DECATUR,Decatur,AL,USA,119NC27JR,,,,,,,,,NC27JR,,, , ,Y,,NA,,,,,HYOSUNG CORPORATION,"Decatur, AL, USA",Decatur,AIT,HYOSUNG CORPORATION,DECATUR,DECATUR,AL,USA,Yes,,,,,,,,,,
REINFORCEMENT,1,RFNC28MA,"NYLON 6,6  940/1/2 12 X 12 TPI 28EPI MA",N,HYOSUNG CORPORATION,UTICA,Utica,NY,USA,NC28MA,,,,,,,,,NC28MA,,, , ,N,,NA,,,,,HYOSUNG CORPORATION,"Utica, NY, USA",Utica,FHZ,HYOSUNG CORPORATION,UTICA,UTICA,NY,USA,Yes,,,,,,,,,,
REINFORCEMENT,1,RFNC28ME,"NYLON 6,6 940/1/2 12X12 TPI 28EPI ME",N,HYOSUNG CORPORATION,UTICA,Utica,NY,USA,NC28ME,,,,,,,,,NC28ME,,, , ,N,,NA,,,,,HYOSUNG CORPORATION,"Utica, NY, USA",Utica,FHZ,HYOSUNG CORPORATION,UTICA,UTICA,NY,USA,Yes,,,,,,,,,,
REINFORCEMENT,1,RFNC30JA,"NYLON 6,6  940/1/2 12 X 12 TPI 30EPI JA",N,PRIMA SENTRA MEGAH,TANGERANG,TANGERANG,Others,Indonesia,NC30JA,,,,,,,,,NC30JA,,, , ,N,,AP,,,,,PRIMA SENTRA MEGAH,"TANGERANG, INDONESIA",TANGERANG,,PRIMA SENTRA MEGAH,TANGERANG,TANGERANG,OTHERS,INDONESIA,Yes,,,,,,,,,,
REINFORCEMENT,1,RFNC30JA,"NYLON 6,6  940/1/2 12 X 12 TPI 30EPI JA",Y,THAI INDO KORDSA,AYUTTHAYA,"AYUTTHAYA, THAILAND",Others,Thailand,N02NC30JA,,,,,,,,,NC30JA,,, , ,Y,,"AP, EMEA, LA",,,,,THAI INDO KORDSA,"AYUTTHAYA, THAILAND","AYUTTHAYA, THAILAND",JAE,THAI INDO KORDSA,AYUTTHAYA,"AYUTTHAYA, THAILAND",OTHERS,THAILAND,Yes,,,,,,,,,,
REINFORCEMENT,1,RFNC30JA,"NYLON 6,6  940/1/2 12 X 12 TPI 30EPI JA",N,PT INDO KORDSA,CITEUREUP,CITEUREUP,Others,Indonesia,NC30JA,,,,,,,,,NC30JA,,, , ,N,,"AP, EMEA",,,,,PT INDO KORDSA,"CITEUREUP, INDONESIA",CITEUREUP,BGQ,PT INDO KORDSA,CITEUREUP,CITEUREUP,OTHERS,INDONESIA,Yes,,,,,,,,,,
REINFORCEMENT,1,RFNC30JA,"NYLON 6,6  940/1/2 12 X 12 TPI 30EPI JA",N,FORMOSA TAFFETA,TOULIU,TOULIOU,Others,Taiwan,NC30JA,,,,,,,,,NC30JA,,, , ,N,,"AP, EMEA",,,,,FORMOSA TAFFETA,"TOULIOU, TAIWAN",TOULIOU,JFM,FORMOSA TAFFETA,TOULIU,TOULIU,OTHERS,TAIWAN,Yes,,,,,,,,,,
REINFORCEMENT,1,RFNC32JA,"NYLON 6,6  940/1/2 12x12 TPI 32EPI JA",N,PRIMA SENTRA MEGAH,TANGERANG,TANGERANG,Others,Indonesia,NC32JA,,,,,,,,,NC32JA,,, , ,N,,NA,,,,,PRIMA SENTRA MEGAH,"TANGERANG, INDONESIA",TANGERANG,,PRIMA SENTRA MEGAH,TANGERANG,TANGERANG,OTHERS,INDONESIA,Yes,,,,,,,,,,
REINFORCEMENT,1,RFNC32JA,"NYLON 6,6  940/1/2 12x12 TPI 32EPI JA",Y,HYOSUNG CORPORATION,DECATUR,Decatur,AL,USA,S01NC32JA,,,,,,,,,NC32JA,,, , ,Y,,NA,,,,,HYOSUNG CORPORATION,"Decatur, AL, USA",Decatur,AIT,HYOSUNG CORPORATION,DECATUR,DECATUR,AL,USA,Yes,,,,,,,,,,
REINFORCEMENT,1,RFNC32JA,"NYLON 6,6  940/1/2 12x12 TPI 32EPI JA",N,THAI INDO KORDSA,AYUTTHAYA,"AYUTTHAYA, THAILAND",Others,Thailand,NC32JA,,,,,,,,,NC32JA,,, , ,N,,"AP, EMEA",,,,,THAI INDO KORDSA,"AYUTTHAYA, THAILAND","AYUTTHAYA, THAILAND",JAE,THAI INDO KORDSA,AYUTTHAYA,"AYUTTHAYA, THAILAND",OTHERS,THAILAND,Yes,,,,,,,,,,
REINFORCEMENT,1,RFNC32JR,"NYLON 6,6  940/1/2 12 X 12 TPI 32EPI JR",Y,HYOSUNG CORPORATION,DECATUR,Decatur,AL,USA,119NC32JR,,,,,,,,,NC32JR,,, , ,Y,,NA,,,,,HYOSUNG CORPORATION,"Decatur, AL, USA",Decatur,AIT,HYOSUNG CORPORATION,DECATUR,DECATUR,AL,USA,Yes,,,,,,,,,,
REINFORCEMENT,1,RFNC32KR,"NYLON 6,6  940/1/2 12 X 12 TPI 32EPI KR",N,HYOSUNG CORPORATION,UTICA,Utica,NY,USA,NC32KR,,,,,,,,,NC32KR,,, , ,N,,NA,,,,,HYOSUNG CORPORATION,"Utica, NY, USA",Utica,FHZ,HYOSUNG CORPORATION,UTICA,UTICA,NY,USA,Yes,,,,,,,,,,
REINFORCEMENT,1,RFNC32QA,"NYLON 6,6  940/1/2 12 X 12 TPI 32EPI QA",N,HYOSUNG CORPORATION,DECATUR,Decatur,AL,USA,NC32QA,,,,,,,,,NC32QA,,, , ,N,,NA,,,,,HYOSUNG CORPORATION,"Decatur, AL, USA",Decatur,AIT,HYOSUNG CORPORATION,DECATUR,DECATUR,AL,USA,Yes,,,,,,,,,,
REINFORCEMENT,1,RFNC32QR,"NYLON 6,6  940/1/2 12 X 12 TPI 32EPI QR",N,HYOSUNG CORPORATION,DECATUR,Decatur,AL,USA,NC32QR,,,,,,,,,NC32QR,,, , ,N,,NA,,,,,HYOSUNG CORPORATION,"Decatur, AL, USA",Decatur,AIT,HYOSUNG CORPORATION,DECATUR,DECATUR,AL,USA,Yes,,,,,,,,,,
REINFORCEMENT,1,RFNC33JA,"NYLON 6,6  940/1/2 12 X 12 TPI 33EPI JA",N,THAI INDO KORDSA,AYUTTHAYA,"AYUTTHAYA, THAILAND",Others,Thailand,NC33JA,,,,,,,,,NC33JA,,, , ,N,,LA,,,,,THAI INDO KORDSA,"AYUTTHAYA, THAILAND","AYUTTHAYA, THAILAND",JAE,THAI INDO KORDSA,AYUTTHAYA,"AYUTTHAYA, THAILAND",OTHERS,THAILAND,Yes,,,,,,,,,,
REINFORCEMENT,1,RFNC33JA,"NYLON 6,6  940/1/2 12 X 12 TPI 33EPI JA",N,HYOSUNG CORPORATION,AMERICANA,Americana,Others,Brazil,NC33JA,,,,,,,,,NC33JA,,, , ,N,,LA,,,,,HYOSUNG CORPORATION,"Americana, SP, Brazil",Americana,,HYOSUNG CORPORATION,AMERICANA,AMERICANA,OTHERS,BRAZIL,No,,,,,,,,,,
REINFORCEMENT,1,RFNC33JF,"NYLON 6,6  940/1/2 12 X 12 TPI 33EPI JF",N,HYOSUNG CORPORATION,AMERICANA,Americana,Others,Brazil,NC33JF,,,,,,,,,NC33JF,,, , ,N,,LA,,,,,HYOSUNG CORPORATION,"Americana, SP, Brazil",Americana,,HYOSUNG CORPORATION,AMERICANA,AMERICANA,OTHERS,BRAZIL,No,,,,,,,,,,
REINFORCEMENT,1,RFLV19JA,NYLON 6 2100/1/2 6 X 8 TPI 19EPI JA,N,HYOSUNG CORPORATION,AMERICANA,Americana,Others,Brazil,LV19JA,,,,,,,,,LV19JA,,, , ,N,,LA,,,,,HYOSUNG CORPORATION,"Americana, SP, Brazil",Americana,,HYOSUNG CORPORATION,AMERICANA,AMERICANA,OTHERS,BRAZIL,No,,,,,,,,,,
REINFORCEMENT,1,RFLV19JF,NYLON 6 2100/1/2 6 X 8 TPI 19EPI JF,N,HYOSUNG CORPORATION,AMERICANA,Americana,Others,Brazil,LV19JF,,,,,,,,,LV19JF,,, , ,N,,LA,,,,,HYOSUNG CORPORATION,"Americana, SP, Brazil",Americana,,HYOSUNG CORPORATION,AMERICANA,AMERICANA,OTHERS,BRAZIL,No,,,,,,,,,,
REINFORCEMENT,1,RFLV23JA,NYLON 6 2100/1/2 6 X 8 TPI 23EPI JA,N,HYOSUNG CORPORATION,AMERICANA,Americana,Others,Brazil,LV23JA,,,,,,,,,LV23JA,,, , ,N,,LA,,,,,HYOSUNG CORPORATION,"Americana, SP, Brazil",Americana,,HYOSUNG CORPORATION,AMERICANA,AMERICANA,OTHERS,BRAZIL,No,,,,,,,,,,
REINFORCEMENT,1,RFLV23JF,NYLON 6 2100/1/2 6 X 8 TPI 23EPI JF,N,HYOSUNG CORPORATION,AMERICANA,Americana,Others,Brazil,LV23JF,,,,,,,,,LV23JF,,, , ,N,,LA,,,,,HYOSUNG CORPORATION,"Americana, SP, Brazil",Americana,,HYOSUNG CORPORATION,AMERICANA,AMERICANA,OTHERS,BRAZIL,No,,,,,,,,,,
REINFORCEMENT,1,RFHH,1.60 MM BEAD WIRE - HIGH TENSILE,N,BEKAERT,ROME,Rome,GA,USA,022HH,,,,,,,,,HH,,, , ,N,,NA,,,,,BEKAERT,"Rome, GA, USA",Rome,AJJ,BEKAERT,ROME,ROME,GA,USA,Yes,,,,,,,,,,
REINFORCEMENT,1,RFID20JA,NYLON 6  1880/1/2 8.5 X 8.5 TPI 20EPI JA,N,FORMOSA TAFFETA,TOULIU,TOULIOU,Others,Taiwan,ID20JA,,,,,,,,,ID20JA,,, , ,N,,"AP, LA",,,,,FORMOSA TAFFETA,"TOULIOU, TAIWAN",TOULIOU,JFM,FORMOSA TAFFETA,TOULIU,TOULIU,OTHERS,TAIWAN,Yes,,,,,,,,,,
REINFORCEMENT,1,RFID20JA,NYLON 6  1880/1/2 8.5 X 8.5 TPI 20EPI JA,N,SRF,MANALI,MANALI,Others,India,ID20JA,,,,,,,,,ID20JA,,, , ,N,,AP,,,,,SRF,"MANALI, CHENNAI, INDIA",MANALI,JDD,SRF,MANALI,MANALI,OTHERS,INDIA,Yes,,,,,,,,,,
REINFORCEMENT,1,RFID20JA,NYLON 6  1880/1/2 8.5 X 8.5 TPI 20EPI JA,N,PRIMA SENTRA MEGAH,TANGERANG,TANGERANG,Others,Indonesia,ID20JA,,,,,,,,,ID20JA,,, , ,N,,AP,,,,,PRIMA SENTRA MEGAH,"TANGERANG, INDONESIA,   TANGERANG, Indonesia",TANGERANG,,PRIMA SENTRA MEGAH,TANGERANG,TANGERANG,OTHERS,INDONESIA,Yes,,,,,,,,,,
REINFORCEMENT,1,RFID25JA,NYLON 6  1880/1/2 8.5 X 8.5 TPI 25EPI JA,N,FORMOSA TAFFETA,TOULIU,TOULIOU,Others,Taiwan,ID25JA,,,,,,,,,ID25JA,,, , ,N,,"AP, LA",,,,,FORMOSA TAFFETA,"TOULIOU, TAIWAN",TOULIOU,JFM,FORMOSA TAFFETA,TOULIU,TOULIU,OTHERS,TAIWAN,Yes,,,,,,,,,,
REINFORCEMENT,1,RFID25JA,NYLON 6  1880/1/2 8.5 X 8.5 TPI 25EPI JA,N,SRF,MANALI,MANALI,Others,India,ID25JA,,,,,,,,,ID25JA,,, , ,N,,AP,,,,,SRF,"MANALI, CHENNAI, INDIA",MANALI,JDD,SRF,MANALI,MANALI,OTHERS,INDIA,Yes,,,,,,,,,,
REINFORCEMENT,1,RFID25JA,NYLON 6  1880/1/2 8.5 X 8.5 TPI 25EPI JA,N,PRIMA SENTRA MEGAH,TANGERANG,TANGERANG,Others,Indonesia,ID25JA,,,,,,,,,ID25JA,,, , ,N,,AP,,,,,PRIMA SENTRA MEGAH,"TANGERANG, INDONESIA",TANGERANG,,PRIMA SENTRA MEGAH,TANGERANG,TANGERANG,OTHERS,INDONESIA,Yes,,,,,,,,,,
REINFORCEMENT,1,RFJ35N,"1400 DECITEX NYLON 6,6",N,ASAHI CHEMICAL,NOBEOKA,NOBEOKA,Others,Japan,T-5,,,,,,,,,J35N,,, , ,N,,"AP, EMEA, LA, NA",,,,,ASAHI CHEMICAL,"NOBEOKA, JAPAN",NOBEOKA,,ASAHI CHEMICAL,NOBEOKA,NOBEOKA,OTHERS,JAPAN,Yes,,,,,,,,,,
REINFORCEMENT,1,RFJ36N,"2100 DECITEX NYLON 6,6",N,ASAHI CHEMICAL,NOBEOKA,NOBEOKA,Others,Japan,T-5,,,,,,,,,J36N,,, , ,N,,"AP, EMEA, LA, NA",,,,,ASAHI CHEMICAL,"NOBEOKA, JAPAN",NOBEOKA,,ASAHI CHEMICAL,NOBEOKA,NOBEOKA,OTHERS,JAPAN,Yes,,,,,,,,,,
REINFORCEMENT,1,RFJ37N,"940 DECITEX NYLON 6,6",N,ASAHI CHEMICAL,NOBEOKA,NOBEOKA,Others,Japan,T-5,,,,,,,,,J37N,,, , ,N,,"AP, EMEA, LA, NA",,,,,ASAHI CHEMICAL,"NOBEOKA, JAPAN",NOBEOKA,,ASAHI CHEMICAL,NOBEOKA,NOBEOKA,OTHERS,JAPAN,Yes,,,,,,,,,,
REINFORCEMENT,1,RFJF18DH,"NYLON 6,6  1400/1/2 10 X 10 TPI 18EPI DH",N,HYOSUNG CORPORATION,DECATUR,Decatur,AL,USA,JF18DH,,,,,,,,,JF18DH,,, , ,N,,"AP, EMEA, LA, NA",,,,,HYOSUNG CORPORATION,"Decatur, AL, USA",Decatur,AIT,HYOSUNG CORPORATION,DECATUR,DECATUR,AL,USA,Yes,,,,,,,,,,
REINFORCEMENT,1,RFJF18JA,"NYLON 6,6  1400/1/2 10 X 10 TPI 18EPI JA",N,HYOSUNG CORPORATION,DECATUR,Decatur,AL,USA,JF18JA,,,,,,,,,JF18JA,,, , ,N,,"AP, EMEA, LA, NA",,,,,HYOSUNG CORPORATION,"Decatur, AL, USA",Decatur,AIT,HYOSUNG CORPORATION,DECATUR,DECATUR,AL,USA,Yes,,,,,,,,,,
REINFORCEMENT,1,RFJF23JA,"NYLON 6,6  1400/1/2 10 X 10 TPI 23EPI JA",N,HYOSUNG CORPORATION,DECATUR,Decatur,AL,USA,JF23JA,,,,,,,,,JF23JA,,, , ,N,,"AP, EMEA, LA, NA",,,,,HYOSUNG CORPORATION,"Decatur, AL, USA",Decatur,AIT,HYOSUNG CORPORATION,DECATUR,DECATUR,AL,USA,Yes,,,,,,,,,,
REINFORCEMENT,1,RFJF26DR,"NYLON 6,6  1400/1/2 10 X 10 TPI 26EPI DR",Y,HYOSUNG CORPORATION,DECATUR,Decatur,AL,USA,Z09JF26DR,,,,,,,,,JF26DR,,, , ,Y,,"AP, EMEA, LA, NA",,,,,HYOSUNG CORPORATION,"Decatur, AL, USA",Decatur,AIT,HYOSUNG CORPORATION,DECATUR,DECATUR,AL,USA,Yes,,,,,,,,,,
REINFORCEMENT,1,RFNF26JR,"NYLON 6,6  1400/1/2 10 X 10 TPI 26EPI JR",Y,HYOSUNG CORPORATION,DECATUR,Decatur,AL,USA,139NF26JR,,,,,,,,,NF26JR,,, , ,Y,,NA,,,,,HYOSUNG CORPORATION,"Decatur, AL, USA",Decatur,AIT,HYOSUNG CORPORATION,DECATUR,DECATUR,AL,USA,Yes,,,,,,,,,,
REINFORCEMENT,1,RFNF26KR,"NYLON 6,6  1400/1/2 10 X 10 TPI 26EPI KR",N,HYOSUNG CORPORATION,UTICA,Utica,NY,USA,139NF26KR,,,,,,,,,NF26KR,,, , ,N,,NA,,,,,HYOSUNG CORPORATION,"Utica, NY, USA",Utica,FHZ,HYOSUNG CORPORATION,UTICA,UTICA,NY,USA,Yes,,,,,,,,,,
REINFORCEMENT,1,RFNF26MA,"NYLON 6,6  1400/1/2 10 X 10 TPI 26EPI MA",N,HYOSUNG CORPORATION,UTICA,Utica,NY,USA,NF26MA,,,,,,,,,NF26MA,,, , ,N,,"AP, EMEA, LA, NA",,,,,HYOSUNG CORPORATION,"Utica, NY, USA",Utica,FHZ,HYOSUNG CORPORATION,UTICA,UTICA,NY,USA,Yes,,,,,,,,,,
REINFORCEMENT,1,RFNF26MS,"NYLON 6,6 1400/1/2 10X10 TPI 26EPI MS",N,HYOSUNG CORPORATION,UTICA,Utica,NY,USA,NF26MS,,,,,,,,,NF26MS,,, , ,N,,NA,,,,,HYOSUNG CORPORATION,"Utica, NY, USA",Utica,FHZ,HYOSUNG CORPORATION,UTICA,UTICA,NY,USA,Yes,,,,,,,,,,
REINFORCEMENT,1,RFNF26QR,"NYLON 6,6  1400/1/2 10 X 10 TPI 26EPI QR",N,HYOSUNG CORPORATION,DECATUR,Decatur,AL,USA,NF26QR,,,,,,,,,NF26QR,,, , ,N,,NA,,,,,HYOSUNG CORPORATION,"Decatur, AL, USA",Decatur,AIT,HYOSUNG CORPORATION,DECATUR,DECATUR,AL,USA,Yes,,,,,,,,,,
REINFORCEMENT,1,RFNF28JA,"NYLON 6,6  1400/1/2 10 X 10 TPI 28EPI JA",Y,HYOSUNG CORPORATION,DECATUR,Decatur,AL,USA,S02NF28JA,,,,,,,,,NF28JA,,, , ,Y,,"LA, NA",,,,,HYOSUNG CORPORATION,"Decatur, AL, USA",Decatur,AIT,HYOSUNG CORPORATION,DECATUR,DECATUR,AL,USA,Yes,,,,,,,,,,
REINFORCEMENT,1,RFNF28JA,"NYLON 6,6  1400/1/2 10 X 10 TPI 28EPI JA",N,HYOSUNG CORPORATION,AMERICANA,Americana,Others,Brazil,S02NF28JA,,,,,,,,,NF28JA,,, , ,N,,LA,,,,,HYOSUNG CORPORATION,"Americana, SP, Brazil",Americana,,HYOSUNG CORPORATION,AMERICANA,AMERICANA,OTHERS,BRAZIL,No,,,,,,,,,,
REINFORCEMENT,1,RFNF28JA,"NYLON 6,6  1400/1/2 10 X 10 TPI 28EPI JA",N,THAI INDO KORDSA,AYUTTHAYA,"AYUTTHAYA, THAILAND",Others,Thailand,NF28JA,,,,,,,,,NF28JA,,, , ,N,,"AP, LA, NA",,,,,THAI INDO KORDSA,"AYUTTHAYA, THAILAND","AYUTTHAYA, THAILAND",JAE,THAI INDO KORDSA,AYUTTHAYA,"AYUTTHAYA, THAILAND",OTHERS,THAILAND,Yes,,,,,,,,,,
REINFORCEMENT,1,RFNF28JF,"NYLON 6,6  1400/1/2 10 X 10 TPI 28EPI JF",N,HYOSUNG CORPORATION,AMERICANA,Americana,Others,Brazil,NF28JF,,,,,,,,,NF28JF,,, , ,N,,LA,,,,,HYOSUNG CORPORATION,"Americana, SP, Brazil",Americana,,HYOSUNG CORPORATION,AMERICANA,AMERICANA,OTHERS,BRAZIL,No,,,,,,,,,,
REINFORCEMENT,1,RFNF28MA,"NYLON 6,6  1400/1/2 10 X 10 TPI 28EPI MA",N,HYOSUNG CORPORATION,UTICA,Utica,NY,USA,NF28MA,,,,,,,,,NF28MA,,, , ,N,,"AP, EMEA, LA, NA",,,,,HYOSUNG CORPORATION,"Utica, NY, USA",Utica,FHZ,HYOSUNG CORPORATION,UTICA,UTICA,NY,USA,Yes,,,,,,,,,,
REINFORCEMENT,1,RFNF29JA,"NYLON 6,6  1400/1/2 10 X 10 TPI 29EPI JA",N,KORDSA,IZMIT,Izmit,Others,Turkey,NF29JA,,,,,,,,,NF29JA,,, , ,N,,AP,,,,,KORDSA,"Izmit, Turkey",Izmit,BXD,KORDSA,IZMIT,IZMIT,OTHERS,TURKEY,Yes,,,,,,,,,,
REINFORCEMENT,1,RFNF29JA,"NYLON 6,6  1400/1/2 10 X 10 TPI 29EPI JA",N,KOLON,GUMI,Gumi,Others,South Korea,NF29JA,,,,,,,,,NF29JA,,, , ,N,,"AP, EMEA, LA",,,,,KOLON,"Gumi, South Korea",Gumi,BJZ,KOLON,GUMI,GUMI,OTHERS,SOUTH KOREA,Yes,,,,,,,,,,
REINFORCEMENT,1,RFNF29JA,"NYLON 6,6  1400/1/2 10 X 10 TPI 29EPI JA",N,THAI INDO KORDSA,AYUTTHAYA,"AYUTTHAYA, THAILAND",Others,Thailand,NF29JA,,,,,,,,,NF29JA,,, , ,N,,"AP, EMEA, LA",,,,,THAI INDO KORDSA,"AYUTTHAYA, THAILAND","AYUTTHAYA, THAILAND",JAE,THAI INDO KORDSA,AYUTTHAYA,"AYUTTHAYA, THAILAND",OTHERS,THAILAND,Yes,,,,,,,,,,
REINFORCEMENT,1,RFNF29JA,"NYLON 6,6  1400/1/2 10 X 10 TPI 29EPI JA",N,PT INDO KORDSA,CITEUREUP,CITEUREUP,Others,Indonesia,NF29JA,,,,,,,,,NF29JA,,, , ,N,,"AP, EMEA, LA",,,,,PT INDO KORDSA,"CITEUREUP, INDONESIA",CITEUREUP,BGQ,PT INDO KORDSA,CITEUREUP,CITEUREUP,OTHERS,INDONESIA,Yes,,,,,,,,,,
REINFORCEMENT,1,RFNF3047,"NYLON 6,6  1400/1/2 10 X 10 TPI 30EPI MR",N,HYOSUNG CORPORATION,UTICA,Utica,NY,USA,NF3047,,,,,,,,,NF3047,,, , ,N,,NA,,,,,HYOSUNG CORPORATION,"Utica, NY, USA",Utica,FHZ,HYOSUNG CORPORATION,UTICA,UTICA,NY,USA,Yes,,,,,,,,,,
REINFORCEMENT,1,RFNF30DH,"NYLON 6,6  1400/1/2 10 X 10 TPI 30EPI DH",Y,HYOSUNG CORPORATION,DECATUR,Decatur,AL,USA,139NF30DH,,,,,,,,,NF30DH,,, , ,Y,,"LA, NA",,,,,HYOSUNG CORPORATION,"Decatur, AL, USA",Decatur,AIT,HYOSUNG CORPORATION,DECATUR,DECATUR,AL,USA,Yes,,,,,,,,,,
REINFORCEMENT,1,RFNF30DH,"NYLON 6,6  1400/1/2 10 X 10 TPI 30EPI DH",N,HYOSUNG CORPORATION,AMERICANA,Americana,Others,Brazil,139NF30DH,,,,,,,,,NF30DH,,, , ,N,,LA,,,,,HYOSUNG CORPORATION,"Americana, SP, Brazil",Americana,,HYOSUNG CORPORATION,AMERICANA,AMERICANA,OTHERS,BRAZIL,No,,,,,,,,,,
REINFORCEMENT,1,RFNF30DH,"NYLON 6,6  1400/1/2 10 X 10 TPI 30EPI DH",Y,THAI INDO KORDSA,AYUTTHAYA,"AYUTTHAYA, THAILAND",Others,Thailand,139NF30DH,,,,,,,,,NF30DH,,, , ,Y,,AP,,,,,THAI INDO KORDSA,"AYUTTHAYA, THAILAND","AYUTTHAYA, THAILAND",JAE,THAI INDO KORDSA,AYUTTHAYA,"AYUTTHAYA, THAILAND",OTHERS,THAILAND,Yes,,,,,,,,,,
REINFORCEMENT,1,RFNF30JA,"NYLON 6,6  1400/1/2 10 X 10 TPI 30EPI JA",Y,HYOSUNG CORPORATION,DECATUR,Decatur,AL,USA,S02NF30JA,,,,,,,,,NF30JA,,, , ,Y,,NA,,,,,HYOSUNG CORPORATION,"Decatur, AL, USA",Decatur,AIT,HYOSUNG CORPORATION,DECATUR,DECATUR,AL,USA,Yes,,,,,,,,,,
REINFORCEMENT,1,RFNF30JA,"NYLON 6,6  1400/1/2 10 X 10 TPI 30EPI JA",N,KOLON,GUMI,Gumi,Others,South Korea,NF30JA,,,,,,,,,NF30JA,,, , ,N,,"AP, EMEA, LA",,,,,KOLON,"Gumi, South Korea",Gumi,BJZ,KOLON,GUMI,GUMI,OTHERS,SOUTH KOREA,Yes,,,,,,,,,,
REINFORCEMENT,1,RFNF30JA,"NYLON 6,6  1400/1/2 10 X 10 TPI 30EPI JA",N,THAI INDO KORDSA,AYUTTHAYA,"AYUTTHAYA, THAILAND",Others,Thailand,NF30JA,,,,,,,,,NF30JA,,, , ,N,,"AP, EMEA, LA, NA",,,,,THAI INDO KORDSA,"AYUTTHAYA, THAILAND","AYUTTHAYA, THAILAND",JAE,THAI INDO KORDSA,AYUTTHAYA,"AYUTTHAYA, THAILAND",OTHERS,THAILAND,Yes,,,,,,,,,,
REINFORCEMENT,1,RFNF30JA,"NYLON 6,6  1400/1/2 10 X 10 TPI 30EPI JA",N,PT INDO KORDSA,CITEUREUP,CITEUREUP,Others,Indonesia,NF30JA,,,,,,,,,NF30JA,,, , ,N,,"AP, EMEA, LA",,,,,PT INDO KORDSA,"CITEUREUP, INDONESIA",CITEUREUP,BGQ,PT INDO KORDSA,CITEUREUP,CITEUREUP,OTHERS,INDONESIA,Yes,,,,,,,,,,
REINFORCEMENT,1,RFNF30JR,"NYLON 6,6  1400/1/2 10 X 10 TPI 30EPI JR",Y,HYOSUNG CORPORATION,DECATUR,Decatur,AL,USA,139NF30JR,,,,,,,,,NF30JR,,, , ,Y,,NA,,,,,HYOSUNG CORPORATION,"Decatur, AL, USA",Decatur,AIT,HYOSUNG CORPORATION,DECATUR,DECATUR,AL,USA,Yes,,,,,,,,,,
REINFORCEMENT,1,RFNF30MA,"NYLON 6,6  1400/1/2 10 X 10 TPI 30EPI MA",N,HYOSUNG CORPORATION,UTICA,Utica,NY,USA,NF30MA,,,,,,,,,NF30MA,,, , ,N,,"AP, EMEA, LA, NA",,,,,HYOSUNG CORPORATION,"Utica, NY, USA",Utica,FHZ,HYOSUNG CORPORATION,UTICA,UTICA,NY,USA,Yes,,,,,,,,,,
REINFORCEMENT,1,RFNF30MR,"NYLON 6,6  1400/1/2 10 X 10 TPI 30EPI MR",N,HYOSUNG CORPORATION,UTICA,Utica,NY,USA,139NF30MR,,,,,,,,,NF30MR,,, , ,N,,NA,,,,,HYOSUNG CORPORATION,"Utica, NY, USA",Utica,FHZ,HYOSUNG CORPORATION,UTICA,UTICA,NY,USA,Yes,,,,,,,,,,
REINFORCEMENT,1,RFNG30GA,"NYLON 6,6  1400/1/2  6X6TPI  30EPI  GA",Y,HYOSUNG CORPORATION,LISA,LISA,Others,Luxembourg,G09NG30GA,,,,,,,,,NG30GA,,, , ,Y,,"AP, EMEA, LA, NA",,,,,HYOSUNG CORPORATION,"LISA, LUXEMBOURG",LISA,AIG,HYOSUNG CORPORATION,LISA,LISA,OTHERS,LUXEMBOURG,Yes,,,,,,,,,,
REINFORCEMENT,1,RFNG30JR,"NYLON 6,6  1400/1/2 6 X 6 TPI 30EPI JR",Y,HYOSUNG CORPORATION,DECATUR,Decatur,AL,USA,139NG30JR,,,,,,,,,NG30JR,,, , ,Y,,NA,,,,,HYOSUNG CORPORATION,"Decatur, AL, USA",Decatur,AIT,HYOSUNG CORPORATION,DECATUR,DECATUR,AL,USA,Yes,,,,,,,,,,
REINFORCEMENT,1,RFNH19JA,"NYLON 6,6  1400/1/3 8 X 8 TPI 19EPI JA",N,HYOSUNG CORPORATION,DECATUR,Decatur,AL,USA,NH19JA,,,,,,,,,NH19JA,,, , ,N,,NA,,,,,HYOSUNG CORPORATION,"Decatur, AL, USA",Decatur,AIT,HYOSUNG CORPORATION,DECATUR,DECATUR,AL,USA,Yes,,,,,,,,,,
REINFORCEMENT,1,RFNH19JA,"NYLON 6,6  1400/1/3 8 X 8 TPI 19EPI JA",N,THAI INDO KORDSA,AYUTTHAYA,"AYUTTHAYA, THAILAND",Others,Thailand,NH19JA,,,,,,,,,NH19JA,,, , ,N,,"AP, EMEA, LA",,,,,THAI INDO KORDSA,"AYUTTHAYA, THAILAND","AYUTTHAYA, THAILAND",JAE,THAI INDO KORDSA,AYUTTHAYA,"AYUTTHAYA, THAILAND",OTHERS,THAILAND,Yes,,,,,,,,,,
REINFORCEMENT,1,RFNH19JA,"NYLON 6,6  1400/1/3 8 X 8 TPI 19EPI JA",N,PT INDO KORDSA,CITEUREUP,CITEUREUP,Others,Indonesia,NH19JA,,,,,,,,,NH19JA,,, , ,N,,"AP, EMEA, LA",,,,,PT INDO KORDSA,"CITEUREUP, INDONESIA",CITEUREUP,BGQ,PT INDO KORDSA,CITEUREUP,CITEUREUP,OTHERS,INDONESIA,Yes,,,,,,,,,,
REINFORCEMENT,1,RFNH23DH,"NYLON 6,6  1400/1/3 8 X 8 TPI 23EPI DH",Y,HYOSUNG CORPORATION,DECATUR,Decatur,AL,USA,139NH23DH,,,,,,,,,NH23DH,,, , ,Y,,NA,,,,,HYOSUNG CORPORATION,"Decatur, AL, USA",Decatur,AIT,HYOSUNG CORPORATION,DECATUR,DECATUR,AL,USA,Yes,,,,,,,,,,
REINFORCEMENT,1,RFNH23JA,"NYLON 6,6  1400/1/3 8 X 8 TPI 23EPI JA",N,HYOSUNG CORPORATION,DECATUR,Decatur,AL,USA,NH23JA,,,,,,,,,NH23JA,,, , ,N,,NA,,,,,HYOSUNG CORPORATION,"Decatur, AL, USA",Decatur,AIT,HYOSUNG CORPORATION,DECATUR,DECATUR,AL,USA,Yes,,,,,,,,,,
REINFORCEMENT,1,RFNH23JA,"NYLON 6,6  1400/1/3 8 X 8 TPI 23EPI JA",N,THAI INDO KORDSA,AYUTTHAYA,"AYUTTHAYA, THAILAND",Others,Thailand,NH23JA,,,,,,,,,NH23JA,,, , ,N,,"AP, EMEA, LA",,,,,THAI INDO KORDSA,"AYUTTHAYA, THAILAND","AYUTTHAYA, THAILAND",JAE,THAI INDO KORDSA,AYUTTHAYA,"AYUTTHAYA, THAILAND",OTHERS,THAILAND,Yes,,,,,,,,,,
REINFORCEMENT,1,RFNH23JA,"NYLON 6,6  1400/1/3 8 X 8 TPI 23EPI JA",N,PT INDO KORDSA,CITEUREUP,CITEUREUP,Others,Indonesia,NH23JA,,,,,,,,,NH23JA,,, , ,N,,"AP, EMEA, LA",,,,,PT INDO KORDSA,"CITEUREUP, INDONESIA",CITEUREUP,BGQ,PT INDO KORDSA,CITEUREUP,CITEUREUP,OTHERS,INDONESIA,Yes,,,,,,,,,,
REINFORCEMENT,1,RFNH23JR,"NYLON 6,6  1400/1/3 8 X 8 TPI 23EPI JR",N,HYOSUNG CORPORATION,DECATUR,Decatur,AL,USA,NH23JR,,,,,,,,,NH23JR,,, , ,N,,NA,,,,,HYOSUNG CORPORATION,"Decatur, AL, USA",Decatur,AIT,HYOSUNG CORPORATION,DECATUR,DECATUR,AL,USA,Yes,,,,,,,,,,
REINFORCEMENT,1,RFNH23QR,"NYLON 6,6  1400/1/3 8 X 8 TPI 23EPI QR",N,HYOSUNG CORPORATION,DECATUR,Decatur,AL,USA,NH23QR,,,,,,,,,NH23QR,,, , ,N,,NA,,,,,HYOSUNG CORPORATION,"Decatur, AL, USA",Decatur,AIT,HYOSUNG CORPORATION,DECATUR,DECATUR,AL,USA,Yes,,,,,,,,,,
REINFORCEMENT,1,RFFN,4+3x.35 UT,N,BEKAERT,VESPASIANO,Vespasiano,MG,Brazil,B701FN,,,,,,,,,FN,,, , ,N,,"LA, NA",,,,,BEKAERT,"Vespasiano, MG, Brazil",Vespasiano,AKY,BEKAERT,VESPASIANO,VESPASIANO,MG,BRAZIL,Yes,,,,,,,,,,
REINFORCEMENT,1,RFFN,4+3x.35 UT,N,BEKAERT,ROGERS,Rogers,AR,USA,BB01FN,,,,,,,,,FN,,, , ,N,,"LA, NA",,,,,BEKAERT,"Rogers, AR, USA",Rogers,AMX,BEKAERT,ROGERS,ROGERS,AR,USA,Yes,,,,,,,,,,
REINFORCEMENT,1,RFRQ24BD,RAYON 2440/1/2 9.9X9.9TPI  24EPI  BD,N,HYOSUNG CORPORATION,LISA,LISA,Others,Luxembourg,RQ24BD,,,,,,,,,RQ24BD,,, , ,N,,"AP, EMEA, LA, NA",,,,,HYOSUNG CORPORATION,"LISA, LUXEMBOURG",LISA,AIG,HYOSUNG CORPORATION,LISA,LISA,OTHERS,LUXEMBOURG,Yes,,,,,,,,,,
REINFORCEMENT,1,RFRQ24BF,RAYON 2440/1/2 9.9X9.9TPI  24EPI  BF,Y,HYOSUNG CORPORATION,LISA,LISA,Others,Luxembourg,G49RQ24BF,,,,,,,,,RQ24BF,,, , ,Y,,"AP, EMEA, LA, NA",,,,,HYOSUNG CORPORATION,"LISA, LUXEMBOURG",LISA,AIG,HYOSUNG CORPORATION,LISA,LISA,OTHERS,LUXEMBOURG,Yes,,,,,,,,,,
REINFORCEMENT,1,RFRW31AF,RAYON 1220/1/2  12.3X12.3TPI  31EPI AF,N,HYOSUNG CORPORATION,LISA,LISA,Others,Luxembourg,RW31AF,,,,,,,,,RW31AF,,, , ,N,,"AP, EMEA, LA, NA",,,,,HYOSUNG CORPORATION,"LISA, LUXEMBOURG",LISA,AIG,HYOSUNG CORPORATION,LISA,LISA,OTHERS,LUXEMBOURG,Yes,,,,,,,,,,
REINFORCEMENT,1,RFRY28AF,RAYON 1840/1/2  10.4X10.4TPI  28EPI AF,Y,HYOSUNG CORPORATION,LISA,LISA,Others,Luxembourg,G52RY28AF,,,,,,,,,RY28AF,,, , ,Y,,"AP, EMEA, LA, NA",,,,,HYOSUNG CORPORATION,"LISA, LUXEMBOURG",LISA,AIG,HYOSUNG CORPORATION,LISA,LISA,OTHERS,LUXEMBOURG,Yes,,,,,,,,,,
REINFORCEMENT,1,RFQB28PA,AA HMLS 1100/1/3  8.5X8.5TPI 28EPI PA,N,HYOSUNG CORPORATION,LISA,LISA,Others,Luxembourg,QB28PA,,,,,,,,,QB28PA,,, , ,N,,EMEA,,,,,HYOSUNG CORPORATION,"LISA, LUXEMBOURG",LISA,AIG,HYOSUNG CORPORATION,LISA,LISA,OTHERS,LUXEMBOURG,Yes,,,,,,,,,,
REINFORCEMENT,1,RFQB28PF,AA HMLS POLYESTER 1100/1/3 8.5 X 8.5 TPI 28EPI PF,N,KORDSA,IZMIT,Izmit,Others,Turkey,QB28PF,,,,,,,,,QB28PF,,, , ,N,,EMEA,,,,,KORDSA,"Izmit, Turkey",Izmit,BXD,KORDSA,IZMIT,IZMIT,OTHERS,TURKEY,Yes,,,,,,,,,,
REINFORCEMENT,1,RFQB30PF,AA HMLS POLYESTER 1100/1/3 8.5 X 8.5 TPI 30EPI PF,N,HYOSUNG CORPORATION,AMERICANA,Americana,Others,Brazil,QB30PF,,,,,,,,,QB30PF,,, , ,N,,LA,,,,,HYOSUNG CORPORATION,"Americana, SP, Brazil",Americana,,HYOSUNG CORPORATION,AMERICANA,AMERICANA,OTHERS,BRAZIL,No,,,,,,,,,,
REINFORCEMENT,1,RFQC29PF,AA HMLS POLYESTER 1100/1/2 12 X 12 TPI 29EPI PF,N,INDORAMA VENTURES MOBILITY,QUERETARO,QUERETARO,Others,Mexico,QC29PF,,,,,,,,,QC29PF,,, , ,N,,LA,,,,,INDORAMA VENTURES MOBILITY (Performance Fibers),"QUERETARO, MEXICO",QUERETARO,BBJ,INDORAMA VENTURES MOBILITY,QUERETARO,QUERETARO,OTHERS,MEXICO,Yes,,,,,,,,,,
REINFORCEMENT,1,RFQC29PF,AA HMLS POLYESTER 1100/1/2 12 X 12 TPI 29EPI PF,N,HYOSUNG CORPORATION,AMERICANA,Americana,Others,Brazil,QC29PF,,,,,,,,,QC29PF,,, , ,N,,LA,,,,,HYOSUNG CORPORATION,"Americana, SP, Brazil",Americana,,HYOSUNG CORPORATION,AMERICANA,AMERICANA,OTHERS,BRAZIL,No,,,,,,,,,,
REINFORCEMENT,1,RFQC29PF,AA HMLS POLYESTER 1100/1/2 12 X 12 TPI 29EPI PF,N,KORDSA,IZMIT,Izmit,Others,Turkey,QC29PF,,,,,,,,,QC29PF,,, , ,N,,EMEA,,,,,KORDSA,"Izmit, Turkey",Izmit,BXD,KORDSA,IZMIT,IZMIT,OTHERS,TURKEY,Yes,,,,,,,,,,
REINFORCEMENT,1,RFQC35PF,AA HMLS POLYESTER 1100/1/2 12x12 TPI 35EPI PF,Y,KORDSA,IZMIT,Izmit,Others,Turkey,Z05QC35PF,,,,,,,,,QC35PF,,, , ,Y,,EMEA,,,,,KORDSA,"Izmit, Turkey",Izmit,BXD,KORDSA,IZMIT,IZMIT,OTHERS,TURKEY,Yes,,,,,,,,,,
REINFORCEMENT,1,RFQJ22VA,AA-HMLS POLYESTER 1100/1/2 11.5X11.5 TPI 22EPI VA,N,HYOSUNG CORPORATION,UTICA,Utica,NY,USA,QJ22VA,,,,,,,,,QJ22VA,,, , ,N,,"EMEA, NA",,,,,HYOSUNG CORPORATION,"Utica, NY, USA",Utica,FHZ,HYOSUNG CORPORATION,UTICA,UTICA,NY,USA,Yes,,,,,,,,,,
REINFORCEMENT,1,RFQN26PF,AA HMLS 1440/1/2  7X9TPI  26EPI PF,N,HYOSUNG CORPORATION,LISA,LISA,Others,Luxembourg,QN26PF,,,,,,,,,QN26PF,,, , ,N,,EMEA,,,,,HYOSUNG CORPORATION,"LISA, LUXEMBOURG",LISA,AIG,HYOSUNG CORPORATION,LISA,LISA,OTHERS,LUXEMBOURG,Yes,,,,,,,,,,
REINFORCEMENT,1,RFQU30PF,AA HMLS POLYESTER 1440/1/2 9 X 9 TPI 30EPI PF,N,KORDSA,IZMIT,Izmit,Others,Turkey,QU30PF,,,,,,,,,QU30PF,,, , ,N,,EMEA,,,,,KORDSA,"Izmit, Turkey",Izmit,BXD,KORDSA,IZMIT,IZMIT,OTHERS,TURKEY,Yes,,,,,,,,,,
REINFORCEMENT,1,RFQU32PF,AA HMLS POLYESTER 1440/1/2 9x9 TPI 32EPI PF,N,KORDSA,IZMIT,Izmit,Others,Turkey,QU32PF,,,,,,,,,QU32PF,,, , ,N,,EMEA,,,,,KORDSA,"Izmit, Turkey",Izmit,BXD,KORDSA,IZMIT,IZMIT,OTHERS,TURKEY,Yes,,,,,,,,,,
REINFORCEMENT,1,RFQY26VF,AA-HMLS POLYESTER 1670/1/2 10X10 TPI 26EPI VF,N,HYOSUNG CORPORATION,UTICA,Utica,NY,USA,QY26VF,,,,,,,,,QY26VF,,, , ,N,,NA,,,,,HYOSUNG CORPORATION,"Utica, NY, USA",Utica,FHZ,HYOSUNG CORPORATION,UTICA,UTICA,NY,USA,Yes,,,,,,,,,,
REINFORCEMENT,1,RFQY28VA,AA HMLS POLYESTER 1670/1/2 10 X 10 TPI 28EPI VA,N,HYOSUNG CORPORATION,UTICA,Utica,NY,USA,QY28VA,,,,,,,,,QY28VA,,, , ,N,,NA,,,,,HYOSUNG CORPORATION,"Utica, NY, USA",Utica,FHZ,HYOSUNG CORPORATION,UTICA,UTICA,NY,USA,Yes,,,,,,,,,,
REINFORCEMENT,1,RFQZ20PF,AA HMLS 1440/1/3  4.5X4.5TPI  20EPI PF,N,HYOSUNG CORPORATION,LISA,LISA,Others,Luxembourg,QZ20PF,,,,,,,,,QZ20PF,,, , ,N,,EMEA,,,,,HYOSUNG CORPORATION,"LISA, LUXEMBOURG",LISA,AIG,HYOSUNG CORPORATION,LISA,LISA,OTHERS,LUXEMBOURG,Yes,,,,,,,,,,
REINFORCEMENT,1,RFRA32AF,RAYON 1220/1/2  13X13TPI  32EPI AF,N,HYOSUNG CORPORATION,LISA,LISA,Others,Luxembourg,RA32AF,,,,,,,,,RA32AF,,, , ,N,,"AP, EMEA, LA, NA",,,,,HYOSUNG CORPORATION,"LISA, LUXEMBOURG",LISA,AIG,HYOSUNG CORPORATION,LISA,LISA,OTHERS,LUXEMBOURG,Yes,,,,,,,,,,
REINFORCEMENT,1,RFRD30AF,RAYON  1840/1/2 12 X 12 TPI 30EPI AF,Y,HYOSUNG CORPORATION,LISA,LISA,Others,Luxembourg,G48RD30AF,,,,,,,,,RD30AF,,, , ,Y,,"AP, EMEA, LA, NA",,,,,HYOSUNG CORPORATION,"LISA, LUXEMBOURG",LISA,AIG,HYOSUNG CORPORATION,LISA,LISA,OTHERS,LUXEMBOURG,Yes,,,,,,,,,,
REINFORCEMENT,1,RFRE18BG,RAYON 1840/1/3  12X10TPI  18EPI  BG,Y,HYOSUNG CORPORATION,LISA,LISA,Others,Luxembourg,I06RE18BG,,,,,,,,,RE18BG,,, , ,Y,,"AP, EMEA, LA, NA",,,,,HYOSUNG CORPORATION,"LISA, LUXEMBOURG",LISA,AIG,HYOSUNG CORPORATION,LISA,LISA,OTHERS,LUXEMBOURG,Yes,,,,,,,,,,
REINFORCEMENT,1,RFRE25AF,RAYON  1840/1/3 12 X 10 TPI 25EPI AF,N,HYOSUNG CORPORATION,LISA,LISA,Others,Luxembourg,RE25AF,,,,,,,,,RE25AF,,, , ,N,,"AP, EMEA, LA, NA",,,,,HYOSUNG CORPORATION,"LISA, LUXEMBOURG",LISA,AIG,HYOSUNG CORPORATION,LISA,LISA,OTHERS,LUXEMBOURG,Yes,,,,,,,,,,
REINFORCEMENT,1,RFN10T,1670 DECITEX HMLS POLYESTER,Y,PT INDO KORDSA,CITEUREUP,CITEUREUP,Others,Indonesia,HL20-P952NL-TPA based,,,,,,,,,N10T,,, , ,Y,,LA,,,,,PT INDO KORDSA,"CITEUREUP, INDONESIA",CITEUREUP,BGQ,PT INDO KORDSA,CITEUREUP,CITEUREUP,OTHERS,INDONESIA,Yes,,,,,,,,,,
REINFORCEMENT,1,RFNC21DH,"NYLON 6,6  940/1/2 12x12 TPI 21EPI DH",N,HYOSUNG CORPORATION,AMERICANA,Americana,Others,Brazil,119NC21DH,,,,,,,,,NC21DH,,, , ,N,,NA,,,,,HYOSUNG CORPORATION,"Americana, SP, Brazil",Americana,,HYOSUNG CORPORATION,AMERICANA,AMERICANA,OTHERS,BRAZIL,No,,,,,,,,,,
REINFORCEMENT,1,RFRJ18BL,RAYON 2440/1/3  6.5X6.5TPI  18EPI  BL,N,HYOSUNG CORPORATION,LISA,LISA,Others,Luxembourg,RJ18BL,,,,,,,,,RJ18BL,,, , ,N,,"AP, EMEA, LA, NA",,,,,HYOSUNG CORPORATION,"LISA, LUXEMBOURG",LISA,AIG,HYOSUNG CORPORATION,LISA,LISA,OTHERS,LUXEMBOURG,Yes,,,,,,,,,,
REINFORCEMENT,1,RFRM23BF,RAYON 1840/1/2  9X9TPI  23EPI  BF,N,HYOSUNG CORPORATION,LISA,LISA,Others,Luxembourg,RM23BF,,,,,,,,,RM23BF,,, , ,N,,"AP, EMEA, LA, NA",,,,,HYOSUNG CORPORATION,"LISA, LUXEMBOURG",LISA,AIG,HYOSUNG CORPORATION,LISA,LISA,OTHERS,LUXEMBOURG,Yes,,,,,,,,,,
REINFORCEMENT,1,RFRN25AF,RAYON 1840/1/3  9.1X9.1TPI  25EPI  AF,Y,HYOSUNG CORPORATION,LISA,LISA,Others,Luxembourg,G52RN25AF,,,,,,,,,RN25AF,,, , ,Y,,"AP, EMEA, LA, NA",,,,,HYOSUNG CORPORATION,"LISA, LUXEMBOURG",LISA,AIG,HYOSUNG CORPORATION,LISA,LISA,OTHERS,LUXEMBOURG,Yes,,,,,,,,,,
REINFORCEMENT,1,RFRN26AD,RAYON 1840/1/3  9.1X9.1TPI  26EPI  AD,N,HYOSUNG CORPORATION,LISA,LISA,Others,Luxembourg,RN26AD,,,,,,,,,RN26AD,,, , ,N,,"AP, EMEA, LA, NA",,,,,HYOSUNG CORPORATION,"LISA, LUXEMBOURG",LISA,AIG,HYOSUNG CORPORATION,LISA,LISA,OTHERS,LUXEMBOURG,Yes,,,,,,,,,,
REINFORCEMENT,1,RFRN26AF,RAYON 1840/1/3  9.1X9.1TPI  26EPI  AF,Y,HYOSUNG CORPORATION,LISA,LISA,Others,Luxembourg,G52RN26AF,,,,,,,,,RN26AF,,, , ,Y,,"AP, EMEA, LA, NA",,,,,HYOSUNG CORPORATION,"LISA, LUXEMBOURG",LISA,AIG,HYOSUNG CORPORATION,LISA,LISA,OTHERS,LUXEMBOURG,Yes,,,,,,,,,,
REINFORCEMENT,1,RFVX30HA,"HMLS POLYESTER / NYLON 6,6  1100/1 0 X 5 TPI 30EPI HA",N,HYOSUNG CORPORATION,DECATUR,Decatur,AL,USA,VX30HA,,,,,,,,,VX30HA,,, , ,N,,NA,,,,,HYOSUNG CORPORATION,"Decatur, AL, USA",Decatur,AIT,HYOSUNG CORPORATION,DECATUR,DECATUR,AL,USA,Yes,,,,,,,,,,
REINFORCEMENT,1,RFWA,7X7X.25+1 HT,N,SODETAL,TRONVILLE,TRONVILLE,Others,France,S101WA,,,,,,,,,WA,,, , ,N,,NA,,,,,SODETAL,"TRONVILLE, FRANCE",TRONVILLE,,SODETAL,TRONVILLE,TRONVILLE,OTHERS,FRANCE,No,,,,,,,,,,
REINFORCEMENT,1,RFWA,7X7X.25+1 HT,N,BEKAERT,AALTER,Aalter,Others,Belgium,B101WA,,,,,,,,,WA,,, , ,N,,NA,,,,,BEKAERT,"Aalter, Belgium",Aalter,,BEKAERT,AALTER,AALTER,OTHERS,BELGIUM,No,,,,,,,,,,
REINFORCEMENT,1,RFWA,7X7X.25+1 HT,N,BEKAERT,SHENYANG BSSC,Shenyang,Others,China,BG01WA,,,,,,,,,WA,,, , ,N,,"AP, NA",,,,,BEKAERT,"Shenyang BSSC, China",Shenyang,JJA,BEKAERT,SHENYANG BSSC,SHENYANG,OTHERS,CHINA,Yes,,,,,,,,,,
REINFORCEMENT,1,RFWA,7X7X.25+1 HT,Y,TOKYO ROPE,KITAKAMI,KITAKAMI,Others,Japan,J101WA,,,,,,,,,WA,,, , ,Y,,"AP, EMEA, LA, NA",,,,,TOKYO ROPE,"KITAKAMI, JAPAN",KITAKAMI,ALC,TOKYO ROPE,KITAKAMI,KITAKAMI,OTHERS,JAPAN,Yes,,,,,,,,,,
REINFORCEMENT,1,RFWA,7X7X.25+1 HT,N,TOKUSEN,ONO,ONO,Others,Japan,T101WA,,,,,,,,,WA,,, , ,N,,AP,,,,,TOKUSEN,"ONO, JAPAN",ONO,,TOKUSEN,ONO,ONO,OTHERS,JAPAN,Yes,,,,,,,,,,
REINFORCEMENT,1,RFN04N,"1880 DECITEX NYLON 6,6",N,PT INDO KORDSA,BOGOR,BOGOR,Others,Indonesia,T-728,,,,,,,,,N04N,,, , ,N,,"AP, LA",,,,,PT INDO KORDSA,"BOGOR, INDONESIA",BOGOR,BGQ,PT INDO KORDSA,BOGOR,BOGOR,OTHERS,INDONESIA,Yes,,,,,,,,,,
REINFORCEMENT,1,RFN07L,1880 DECITEX NYLON 6,N,FILAMENDO SAKTI,TANGERANG,TANGERANG,Others,Indonesia,TC-601,,,,,,,,,N07L,,, , ,N,,"AP, LA",,,,,FILAMENDO SAKTI,"TANGERANG, INDONESIA",TANGERANG,,FILAMENDO SAKTI,TANGERANG,TANGERANG,OTHERS,INDONESIA,Yes,,,,,,,,,,
REINFORCEMENT,1,RFNB20GA,"NYLON 6,6  1400/2/1  0X3TPI  20EPI  GA",N,HYOSUNG CORPORATION,LISA,LISA,Others,Luxembourg,NB20GA,,,,,,,,,NB20GA,,, , ,N,,EMEA,,,,,HYOSUNG CORPORATION,"LISA, LUXEMBOURG",LISA,AIG,HYOSUNG CORPORATION,LISA,LISA,OTHERS,LUXEMBOURG,Yes,,,,,,,,,,
REINFORCEMENT,1,RFNB20GA,"NYLON 6,6  1400/2/1  0X3TPI  20EPI  GA",N,KORDSA,IZMIT,Izmit,Others,Turkey,NB20GA,,,,,,,,,NB20GA,,, , ,N,,AP,,,,,KORDSA,"Izmit, Turkey",Izmit,BXD,KORDSA,IZMIT,IZMIT,OTHERS,TURKEY,Yes,,,,,,,,,,
REINFORCEMENT,1,RFNB30GA,"NYLON 6,6  1400/2/1  0X3TPI  30EPI  GA",N,HYOSUNG CORPORATION,LISA,LISA,Others,Luxembourg,NB30GA,,,,,,,,,NB30GA,,, , ,N,,EMEA,,,,,HYOSUNG CORPORATION,"LISA, LUXEMBOURG",LISA,AIG,HYOSUNG CORPORATION,LISA,LISA,OTHERS,LUXEMBOURG,Yes,,,,,,,,,,
REINFORCEMENT,1,RFNB30GA,"NYLON 6,6  1400/2/1  0X3TPI  30EPI  GA",N,KORDSA,IZMIT,Izmit,Others,Turkey,NB30GA,,,,,,,,,NB30GA,,, , ,N,,"AP, EMEA",,,,,KORDSA,"Izmit, Turkey",Izmit,BXD,KORDSA,IZMIT,IZMIT,OTHERS,TURKEY,Yes,,,,,,,,,,
REINFORCEMENT,1,RFNC16KR,"NYLON 6,6 940/1/2 12X12 TPI 16EPI KR",N,HYOSUNG CORPORATION,UTICA,Utica,NY,USA,NC16KR,,,,,,,,,NC16KR,,, , ,N,,NA,,,,,HYOSUNG CORPORATION,"Utica, NY, USA",Utica,FHZ,HYOSUNG CORPORATION,UTICA,UTICA,NY,USA,Yes,,,,,,,,,,
REINFORCEMENT,1,RFNC16QA,"NYLON 6,6  940/1/2 12 X 12 TPI 16EPI QA",N,PRIMA SENTRA MEGAH,TANGERANG,TANGERANG,Others,Indonesia,NC16QA,,,,,,,,,NC16QA,,, , ,N,,"AP, EMEA, LA",,,,,PRIMA SENTRA MEGAH,"TANGERANG, INDONESIA",TANGERANG,,PRIMA SENTRA MEGAH,TANGERANG,TANGERANG,OTHERS,INDONESIA,Yes,,,,,,,,,,
REINFORCEMENT,1,RFNC16QA,"NYLON 6,6  940/1/2 12 X 12 TPI 16EPI QA",N,KOLON,GUMI,Gumi,Others,South Korea,NC16QA,,,,,,,,,NC16QA,,, , ,N,,"AP, EMEA, LA",,,,,KOLON,"Gumi, South Korea",Gumi,BJZ,KOLON,GUMI,GUMI,OTHERS,SOUTH KOREA,Yes,,,,,,,,,,
REINFORCEMENT,1,RFNC16QA,"NYLON 6,6  940/1/2 12 X 12 TPI 16EPI QA",Y,THAI INDO KORDSA,AYUTTHAYA,"AYUTTHAYA, THAILAND",Others,Thailand,N02NC16QA,,,,,,,,,NC16QA,,, , ,Y,,"AP, EMEA, LA",,,,,THAI INDO KORDSA,"AYUTTHAYA, THAILAND","AYUTTHAYA, THAILAND",JAE,THAI INDO KORDSA,AYUTTHAYA,"AYUTTHAYA, THAILAND",OTHERS,THAILAND,Yes,,,,,,,,,,
REINFORCEMENT,1,RFNC16QA,"NYLON 6,6  940/1/2 12 X 12 TPI 16EPI QA",N,PT INDO KORDSA,CITEUREUP,CITEUREUP,Others,Indonesia,NC16QA,,,,,,,,,NC16QA,,, , ,N,,"AP, EMEA, LA",,,,,PT INDO KORDSA,"CITEUREUP, INDONESIA",CITEUREUP,BGQ,PT INDO KORDSA,CITEUREUP,CITEUREUP,OTHERS,INDONESIA,Yes,,,,,,,,,,
REINFORCEMENT,1,RFNC16QA,"NYLON 6,6  940/1/2 12 X 12 TPI 16EPI QA",Y,HYOSUNG CORPORATION,DECATUR,Decatur,AL,USA,119NC16QA,,,,,,,,,NC16QA,,, , ,Y,,"AP, EMEA, LA, NA",,,,,HYOSUNG CORPORATION,"Decatur, AL, USA",Decatur,AIT,HYOSUNG CORPORATION,DECATUR,DECATUR,AL,USA,Yes,,,,,,,,,,
REINFORCEMENT,1,RFNC16QA,"NYLON 6,6  940/1/2 12 X 12 TPI 16EPI QA",N,HYOSUNG CORPORATION,AMERICANA,Americana,Others,Brazil,119NC16QA,,,,,,,,,NC16QA,,, , ,N,,"AP, LA",,,,,HYOSUNG CORPORATION,"Americana, SP, Brazil",Americana,,HYOSUNG CORPORATION,AMERICANA,AMERICANA,OTHERS,BRAZIL,No,,,,,,,,,,
REINFORCEMENT,1,RFNC16QA,"NYLON 6,6  940/1/2 12 X 12 TPI 16EPI QA",N,FORMOSA TAFFETA,TOULIU,TOULIOU,Others,Taiwan,NC16QA,,,,,,,,,NC16QA,,, , ,N,,"AP, EMEA, LA",,,,,FORMOSA TAFFETA,"TOULIOU, TAIWAN",TOULIOU,JFM,FORMOSA TAFFETA,TOULIU,TOULIU,OTHERS,TAIWAN,Yes,,,,,,,,,,
REINFORCEMENT,1,RFNC16QF,"NYLON 6,6  940/1/2 12 X 12 TPI 16EPI QF",N,HYOSUNG CORPORATION,AMERICANA,Americana,Others,Brazil,NC16QF,,,,,,,,,NC16QF,,, , ,N,,LA,,,,,HYOSUNG CORPORATION,"Americana, SP, Brazil",Americana,,HYOSUNG CORPORATION,AMERICANA,AMERICANA,OTHERS,BRAZIL,No,,,,,,,,,,
REINFORCEMENT,1,RFNC16QH,"NYLON 6,6  940/1/2 12 X 12 TPI 16EPI QH",Y,HYOSUNG CORPORATION,DECATUR,Decatur,AL,USA,119NC16QH,,,,,,,,,NC16QH,,, , ,Y,,NA,,,,,HYOSUNG CORPORATION,"Decatur, AL, USA",Decatur,AIT,HYOSUNG CORPORATION,DECATUR,DECATUR,AL,USA,Yes,,,,,,,,,,
REINFORCEMENT,1,RFNC20QA,"NYLON 6,6  940/1/2 12 X 12 TPI 20EPI QA",N,PT INDO KORDSA,CITEUREUP,CITEUREUP,Others,Indonesia,NC20QA,,,,,,,,,NC20QA,,, , ,N,,LA,,,,,PT INDO KORDSA,"CITEUREUP, INDONESIA",CITEUREUP,BGQ,PT INDO KORDSA,CITEUREUP,CITEUREUP,OTHERS,INDONESIA,Yes,,,,,,,,,,
REINFORCEMENT,1,RFNC21DH,"NYLON 6,6  940/1/2 12x12 TPI 21EPI DH",Y,HYOSUNG CORPORATION,DECATUR,Decatur,AL,USA,119NC21DH,,,,,,,,,NC21DH,,, , ,Y,,NA,,,,,HYOSUNG CORPORATION,"Decatur, AL, USA",Decatur,AIT,HYOSUNG CORPORATION,DECATUR,DECATUR,AL,USA,Yes,,,,,,,,,,
REINFORCEMENT,1,RFNC21DH,"NYLON 6,6  940/1/2 12x12 TPI 21EPI DH",Y,THAI INDO KORDSA,AYUTTHAYA,"AYUTTHAYA, THAILAND",Others,Thailand,N02NC21DH,,,,,,,,,NC21DH,,, , ,Y,,AP,,,,,THAI INDO KORDSA,"AYUTTHAYA, THAILAND","AYUTTHAYA, THAILAND",JAE,THAI INDO KORDSA,AYUTTHAYA,"AYUTTHAYA, THAILAND",OTHERS,THAILAND,Yes,,,,,,,,,,
REINFORCEMENT,1,RFNC21JA,"NYLON 6,6  940/1/2 12x12 TPI 21EPI JA",Y,HYOSUNG CORPORATION,DECATUR,Decatur,AL,USA,119NC21JA,,,,,,,,,NC21JA,,, , ,Y,,"LA, NA",,,,,HYOSUNG CORPORATION,"Decatur, AL, USA",Decatur,AIT,HYOSUNG CORPORATION,DECATUR,DECATUR,AL,USA,Yes,,,,,,,,,,
REINFORCEMENT,1,RFNC21JA,"NYLON 6,6  940/1/2 12x12 TPI 21EPI JA",N,HYOSUNG CORPORATION,AMERICANA,Americana,Others,Brazil,119NC21JA,,,,,,,,,NC21JA,,, , ,N,,LA,,,,,HYOSUNG CORPORATION,"Americana, SP, Brazil",Americana,,HYOSUNG CORPORATION,AMERICANA,AMERICANA,OTHERS,BRAZIL,No,,,,,,,,,,
REINFORCEMENT,1,RFNC21JA,"NYLON 6,6  940/1/2 12x12 TPI 21EPI JA",N,KOLON,GUMI,Gumi,Others,South Korea,NC21JA,,,,,,,,,NC21JA,,, , ,N,,"AP, EMEA, LA",,,,,KOLON,"Gumi, South Korea",Gumi,BJZ,KOLON,GUMI,GUMI,OTHERS,SOUTH KOREA,Yes,,,,,,,,,,
REINFORCEMENT,1,RFNC21JA,"NYLON 6,6  940/1/2 12x12 TPI 21EPI JA",N,THAI INDO KORDSA,AYUTTHAYA,"AYUTTHAYA, THAILAND",Others,Thailand,NC21JA,,,,,,,,,NC21JA,,, , ,N,,"AP, EMEA, LA",,,,,THAI INDO KORDSA,"AYUTTHAYA, THAILAND","AYUTTHAYA, THAILAND",JAE,THAI INDO KORDSA,AYUTTHAYA,"AYUTTHAYA, THAILAND",OTHERS,THAILAND,Yes,,,,,,,,,,
REINFORCEMENT,1,RFNC21JA,"NYLON 6,6  940/1/2 12x12 TPI 21EPI JA",N,PT INDO KORDSA,CITEUREUP,CITEUREUP,Others,Indonesia,NC21JA,,,,,,,,,NC21JA,,, , ,N,,"AP, EMEA, LA",,,,,PT INDO KORDSA,"CITEUREUP, INDONESIA",CITEUREUP,BGQ,PT INDO KORDSA,CITEUREUP,CITEUREUP,OTHERS,INDONESIA,Yes,,,,,,,,,,
REINFORCEMENT,1,RFNC21JF,"NYLON 6,6  940/1/2 12 X 12 TPI 21EPI JF",N,HYOSUNG CORPORATION,AMERICANA,Americana,Others,Brazil,NC21JF,,,,,,,,,NC21JF,,, , ,N,,LA,,,,,HYOSUNG CORPORATION,"Americana, SP, Brazil",Americana,,HYOSUNG CORPORATION,AMERICANA,AMERICANA,OTHERS,BRAZIL,No,,,,,,,,,,
REINFORCEMENT,1,RFNC21JR,"NYLON 6,6  940/1/2 12 X 12 TPI 21EPI JR",Y,HYOSUNG CORPORATION,DECATUR,Decatur,AL,USA,119NC21JR,,,,,,,,,NC21JR,,, , ,Y,,NA,,,,,HYOSUNG CORPORATION,"Decatur, AL, USA",Decatur,AIT,HYOSUNG CORPORATION,DECATUR,DECATUR,AL,USA,Yes,,,,,,,,,,
REINFORCEMENT,1,RFNC21QA,"NYLON 6,6  940/1/2 12 X 12 TPI 21EPI QA",N,PRIMA SENTRA MEGAH,TANGERANG,TANGERANG,Others,Indonesia,NC21QA,,,,,,,,,NC21QA,,, , ,N,,NA,,,,,PRIMA SENTRA MEGAH,"TANGERANG, INDONESIA",TANGERANG,,PRIMA SENTRA MEGAH,TANGERANG,TANGERANG,OTHERS,INDONESIA,Yes,,,,,,,,,,
REINFORCEMENT,1,RFNC21QA,"NYLON 6,6  940/1/2 12 X 12 TPI 21EPI QA",Y,HYOSUNG CORPORATION,DECATUR,Decatur,AL,USA,119NC21QA,,,,,,,,,NC21QA,,, , ,Y,,"AP, LA, NA",,,,,HYOSUNG CORPORATION,"Decatur, AL, USA",Decatur,AIT,HYOSUNG CORPORATION,DECATUR,DECATUR,AL,USA,Yes,,,,,,,,,,
REINFORCEMENT,1,RFNC21QH,"NYLON 6,6  940/1/2 12 X 12 TPI 21EPI QH",Y,HYOSUNG CORPORATION,DECATUR,Decatur,AL,USA,119NC21QH,,,,,,,,,NC21QH,,, , ,Y,,"EMEA, NA",,,,,HYOSUNG CORPORATION,"Decatur, AL, USA",Decatur,AIT,HYOSUNG CORPORATION,DECATUR,DECATUR,AL,USA,Yes,,,,,,,,,,
REINFORCEMENT,1,RFNC35DH,"NYLON 6,6  940/1/2 12 X 12 TPI 35EPI DH",Y,HYOSUNG CORPORATION,DECATUR,Decatur,AL,USA,119NC35DH,,,,,,,,,NC35DH,,, , ,Y,,NA,,,,,HYOSUNG CORPORATION,"Decatur, AL, USA",Decatur,AIT,HYOSUNG CORPORATION,DECATUR,DECATUR,AL,USA,Yes,,,,,,,,,,
REINFORCEMENT,1,RFNC35DH,"NYLON 6,6  940/1/2 12 X 12 TPI 35EPI DH",Y,THAI INDO KORDSA,AYUTTHAYA,"AYUTTHAYA, THAILAND",Others,Thailand,N02NC35DH,,,,,,,,,NC35DH,,, , ,Y,,"AP, EMEA",,,,,THAI INDO KORDSA,"AYUTTHAYA, THAILAND","AYUTTHAYA, THAILAND",JAE,THAI INDO KORDSA,AYUTTHAYA,"AYUTTHAYA, THAILAND",OTHERS,THAILAND,Yes,,,,,,,,,,
REINFORCEMENT,1,RFNC35JA,"NYLON 6,6  940/1/2 12 X 12 TPI 35EPI JA",N,HYOSUNG CORPORATION,DECATUR,Decatur,AL,USA,NC35JA,,,,,,,,,NC35JA,,, , ,N,,NA,,,,,HYOSUNG CORPORATION,"Decatur, AL, USA",Decatur,AIT,HYOSUNG CORPORATION,DECATUR,DECATUR,AL,USA,Yes,,,,,,,,,,
REINFORCEMENT,1,RFNF18DH,"NYLON 6,6  1400/1/2 10 X 10 TPI 18EPI DH",N,HYOSUNG CORPORATION,AMERICANA,Americana,Others,Brazil,139NF18DH,,,,,,,,,NF18DH,,, , ,N,,"AP, LA, NA",,,,,HYOSUNG CORPORATION,"Americana, SP, Brazil",Americana,,HYOSUNG CORPORATION,AMERICANA,AMERICANA,OTHERS,BRAZIL,No,,,,,,,,,,
REINFORCEMENT,1,RFNF18DH,"NYLON 6,6  1400/1/2 10 X 10 TPI 18EPI DH",Y,THAI INDO KORDSA,AYUTTHAYA,"AYUTTHAYA, THAILAND",Others,Thailand,139NF18DH,,,,,,,,,NF18DH,,, , ,Y,,AP,,,,,THAI INDO KORDSA,"AYUTTHAYA, THAILAND","AYUTTHAYA, THAILAND",JAE,THAI INDO KORDSA,AYUTTHAYA,"AYUTTHAYA, THAILAND",OTHERS,THAILAND,Yes,,,,,,,,,,
REINFORCEMENT,1,RFNF18DH,"NYLON 6,6  1400/1/2 10 X 10 TPI 18EPI DH",Y,HYOSUNG CORPORATION,DECATUR,Decatur,AL,USA,139NF18DH,,,,,,,,,NF18DH,,, , ,Y,,"AP, EMEA, NA",,,,,HYOSUNG CORPORATION,"Decatur, AL, USA",Decatur,AIT,HYOSUNG CORPORATION,DECATUR,DECATUR,AL,USA,Yes,,,,,,,,,,
REINFORCEMENT,1,RFNF18QA,"NYLON 6,6  1400/1/2 10 X 10 TPI 18EPI QA",Y,HYOSUNG CORPORATION,DECATUR,Decatur,AL,USA,139NF18QA,,,,,,,,,NF18QA,,, , ,Y,,NA,,,,,HYOSUNG CORPORATION,"Decatur, AL, USA",Decatur,AIT,HYOSUNG CORPORATION,DECATUR,DECATUR,AL,USA,Yes,,,,,,,,,,
REINFORCEMENT,1,RFNF18QA,"NYLON 6,6  1400/1/2 10 X 10 TPI 18EPI QA",N,THAI INDO KORDSA,AYUTTHAYA,"AYUTTHAYA, THAILAND",Others,Thailand,NF18QA,,,,,,,,,NF18QA,,, , ,N,,AP,,,,,THAI INDO KORDSA,"AYUTTHAYA, THAILAND","AYUTTHAYA, THAILAND",JAE,THAI INDO KORDSA,AYUTTHAYA,"AYUTTHAYA, THAILAND",OTHERS,THAILAND,Yes,,,,,,,,,,
REINFORCEMENT,1,RFNF20MS,"NYLON 6,6 1400/1/2 10X10 TPI 20EPI MS",N,HYOSUNG CORPORATION,UTICA,Utica,NY,USA,NF20MS,,,,,,,,,NF20MS,,, , ,N,,NA,,,,,HYOSUNG CORPORATION,"Utica, NY, USA",Utica,FHZ,HYOSUNG CORPORATION,UTICA,UTICA,NY,USA,Yes,,,,,,,,,,
REINFORCEMENT,1,RFNF23DH,"NYLON 6,6  1400/1/2 10 X 10 TPI 23EPI DH",Y,HYOSUNG CORPORATION,DECATUR,Decatur,AL,USA,139NF23DH,,,,,,,,,NF23DH,,, , ,Y,,"LA, NA",,,,,HYOSUNG CORPORATION,"Decatur, AL, USA",Decatur,AIT,HYOSUNG CORPORATION,DECATUR,DECATUR,AL,USA,Yes,,,,,,,,,,
REINFORCEMENT,1,RFNF23DH,"NYLON 6,6  1400/1/2 10 X 10 TPI 23EPI DH",N,HYOSUNG CORPORATION,AMERICANA,Americana,Others,Brazil,139NF23DH,,,,,,,,,NF23DH,,, , ,N,,LA,,,,,HYOSUNG CORPORATION,"Americana, SP, Brazil",Americana,,HYOSUNG CORPORATION,AMERICANA,AMERICANA,OTHERS,BRAZIL,No,,,,,,,,,,
REINFORCEMENT,1,RFNF23DH,"NYLON 6,6  1400/1/2 10 X 10 TPI 23EPI DH",Y,THAI INDO KORDSA,AYUTTHAYA,"AYUTTHAYA, THAILAND",Others,Thailand,139NF23DH,,,,,,,,,NF23DH,,, , ,Y,,AP,,,,,THAI INDO KORDSA,"AYUTTHAYA, THAILAND","AYUTTHAYA, THAILAND",JAE,THAI INDO KORDSA,AYUTTHAYA,"AYUTTHAYA, THAILAND",OTHERS,THAILAND,Yes,,,,,,,,,,
REINFORCEMENT,1,RFNF23JA,"NYLON 6,6  1400/1/2 10x10 TPI 23EPI JA",N,HYOSUNG CORPORATION,DECATUR,Decatur,AL,USA,NF23JA,,,,,,,,,NF23JA,,, , ,N,,"LA, NA",,,,,HYOSUNG CORPORATION,"Decatur, AL, USA",Decatur,AIT,HYOSUNG CORPORATION,DECATUR,DECATUR,AL,USA,Yes,,,,,,,,,,
REINFORCEMENT,1,RFNF23JA,"NYLON 6,6  1400/1/2 10x10 TPI 23EPI JA",N,HYOSUNG CORPORATION,AMERICANA,Americana,Others,Brazil,NF23JA,,,,,,,,,NF23JA,,, , ,N,,LA,,,,,HYOSUNG CORPORATION,"Americana, SP, Brazil",Americana,,HYOSUNG CORPORATION,AMERICANA,AMERICANA,OTHERS,BRAZIL,No,,,,,,,,,,
REINFORCEMENT,1,RFNF23JA,"NYLON 6,6  1400/1/2 10x10 TPI 23EPI JA",N,KOLON,GUMI,Gumi,Others,South Korea,NF23JA,,,,,,,,,NF23JA,,, , ,N,,"AP, EMEA, LA",,,,,KOLON,"Gumi, South Korea",Gumi,BJZ,KOLON,GUMI,GUMI,OTHERS,SOUTH KOREA,Yes,,,,,,,,,,
REINFORCEMENT,1,RFNF23JA,"NYLON 6,6  1400/1/2 10x10 TPI 23EPI JA",N,THAI INDO KORDSA,AYUTTHAYA,"AYUTTHAYA, THAILAND",Others,Thailand,NF23JA,,,,,,,,,NF23JA,,, , ,N,,"AP, EMEA, LA",,,,,THAI INDO KORDSA,"AYUTTHAYA, THAILAND","AYUTTHAYA, THAILAND",JAE,THAI INDO KORDSA,AYUTTHAYA,"AYUTTHAYA, THAILAND",OTHERS,THAILAND,Yes,,,,,,,,,,
REINFORCEMENT,1,RFNF23JA,"NYLON 6,6  1400/1/2 10x10 TPI 23EPI JA",N,PT INDO KORDSA,CITEUREUP,CITEUREUP,Others,Indonesia,NF23JA,,,,,,,,,NF23JA,,, , ,N,,"AP, EMEA, LA",,,,,PT INDO KORDSA,"CITEUREUP, INDONESIA",CITEUREUP,BGQ,PT INDO KORDSA,CITEUREUP,CITEUREUP,OTHERS,INDONESIA,Yes,,,,,,,,,,
REINFORCEMENT,1,RFNF23JF,"NYLON 6,6  1400/1/2 10 X 10 TPI 23EPI JF",N,HYOSUNG CORPORATION,AMERICANA,Americana,Others,Brazil,NF23JF,,,,,,,,,NF23JF,,, , ,N,,LA,,,,,HYOSUNG CORPORATION,"Americana, SP, Brazil",Americana,,HYOSUNG CORPORATION,AMERICANA,AMERICANA,OTHERS,BRAZIL,No,,,,,,,,,,
REINFORCEMENT,1,RFNF23MA,"NYLON 6,6  1400/1/2 10 X 10 TPI 23EPI MA",N,HYOSUNG CORPORATION,UTICA,Utica,NY,USA,NF23MA,,,,,,,,,NF23MA,,, , ,N,,"AP, EMEA, LA, NA",,,,,HYOSUNG CORPORATION,"Utica, NY, USA",Utica,FHZ,HYOSUNG CORPORATION,UTICA,UTICA,NY,USA,Yes,,,,,,,,,,
REINFORCEMENT,1,RFNF26JA,"NYLON 6,6  1400/1/2 10 X 10 TPI 26EPI JA",Y,HYOSUNG CORPORATION,DECATUR,Decatur,AL,USA,139NF26JA,,,,,,,,,NF26JA,,, , ,Y,,"LA, NA",,,,,HYOSUNG CORPORATION,"Decatur, AL, USA",Decatur,AIT,HYOSUNG CORPORATION,DECATUR,DECATUR,AL,USA,Yes,,,,,,,,,,
REINFORCEMENT,1,RFNF26JA,"NYLON 6,6  1400/1/2 10 X 10 TPI 26EPI JA",N,HYOSUNG CORPORATION,AMERICANA,Americana,Others,Brazil,139NF26JA,,,,,,,,,NF26JA,,, , ,N,,LA,,,,,HYOSUNG CORPORATION,"Americana, SP, Brazil",Americana,,HYOSUNG CORPORATION,AMERICANA,AMERICANA,OTHERS,BRAZIL,No,,,,,,,,,,
REINFORCEMENT,1,RFNF26JA,"NYLON 6,6  1400/1/2 10 X 10 TPI 26EPI JA",N,KOLON,GUMI,Gumi,Others,South Korea,NF26JA,,,,,,,,,NF26JA,,, , ,N,,"AP, EMEA, LA",,,,,KOLON,"Gumi, South Korea",Gumi,BJZ,KOLON,GUMI,GUMI,OTHERS,SOUTH KOREA,Yes,,,,,,,,,,
REINFORCEMENT,1,RFNF26JA,"NYLON 6,6  1400/1/2 10 X 10 TPI 26EPI JA",N,THAI INDO KORDSA,AYUTTHAYA,"AYUTTHAYA, THAILAND",Others,Thailand,NF26JA,,,,,,,,,NF26JA,,, , ,N,,"AP, EMEA, LA",,,,,THAI INDO KORDSA,"AYUTTHAYA, THAILAND","AYUTTHAYA, THAILAND",JAE,THAI INDO KORDSA,AYUTTHAYA,"AYUTTHAYA, THAILAND",OTHERS,THAILAND,Yes,,,,,,,,,,
REINFORCEMENT,1,RFNF26JA,"NYLON 6,6  1400/1/2 10 X 10 TPI 26EPI JA",N,PT INDO KORDSA,CITEUREUP,CITEUREUP,Others,Indonesia,NF26JA,,,,,,,,,NF26JA,,, , ,N,,"AP, EMEA, LA",,,,,PT INDO KORDSA,"CITEUREUP, INDONESIA",CITEUREUP,BGQ,PT INDO KORDSA,CITEUREUP,CITEUREUP,OTHERS,INDONESIA,Yes,,,,,,,,,,
REINFORCEMENT,1,RFNF26JF,"NYLON 6,6  1400/1/2 10 X 10 TPI 26EPI JF",N,HYOSUNG CORPORATION,AMERICANA,Americana,Others,Brazil,NF26JF,,,,,,,,,NF26JF,,, , ,N,,LA,,,,,HYOSUNG CORPORATION,"Americana, SP, Brazil",Americana,,HYOSUNG CORPORATION,AMERICANA,AMERICANA,OTHERS,BRAZIL,No,,,,,,,,,,
REINFORCEMENT,1,RFNF26JF,"NYLON 6,6  1400/1/2 10 X 10 TPI 26EPI JF",N,THAI INDO KORDSA,AYUTTHAYA,"AYUTTHAYA, THAILAND",Others,Thailand,NF26JF,,,,,,,,,NF26JF,,, , ,N,,"AP, LA",,,,,THAI INDO KORDSA,"AYUTTHAYA, THAILAND","AYUTTHAYA, THAILAND",JAE,THAI INDO KORDSA,AYUTTHAYA,"AYUTTHAYA, THAILAND",OTHERS,THAILAND,Yes,,,,,,,,,,
REINFORCEMENT,1,RFJH,0.89MM BEAD WIRE - HIGH TENSILE,N,GUSTAV WOLF,STAHL  FRANCE,Stahl,Others,France,072JH,,,,,,,,,JH,,, , ,N,,"AP, EMEA",,,,,GUSTAV WOLF,Stahl  France,Stahl,,GUSTAV WOLF,STAHL  FRANCE,STAHL,OTHERS,FRANCE,Yes,,,,,,,,,,
REINFORCEMENT,1,RFTK27HB,HMLS POLYESTER  1440/1/3 8 X 8 TPI 27EPI HB,Y,HYOSUNG CORPORATION,DECATUR,Decatur,AL,USA,S07TK27HB,,,,,,,,,TK27HB,,, , ,Y,,NA,,,,,HYOSUNG CORPORATION,"Decatur, AL, USA",Decatur,AIT,HYOSUNG CORPORATION,DECATUR,DECATUR,AL,USA,Yes,,,,,,,,,,
REINFORCEMENT,1,RFTR18HB,HMLS POLYESTER  1440/2/2 5 X 6 TPI 18EPI HB,N,HYOSUNG CORPORATION,DECATUR,Decatur,AL,USA,TR18HB,,,,,,,,,TR18HB,,, , ,N,,NA,,,,,HYOSUNG CORPORATION,"Decatur, AL, USA",Decatur,AIT,HYOSUNG CORPORATION,DECATUR,DECATUR,AL,USA,Yes,,,,,,,,,,
REINFORCEMENT,1,RFTV28HP,HMLS POLYESTER  1670/1/2 8.5 X 8.5 TPI 28EPI HP,N,HYOSUNG CORPORATION,DECATUR,Decatur,AL,USA,TV28HP,,,,,,,,,TV28HP,,, , ,N,,NA,,,,,HYOSUNG CORPORATION,"Decatur, AL, USA",Decatur,AIT,HYOSUNG CORPORATION,DECATUR,DECATUR,AL,USA,Yes,,,,,,,,,,
REINFORCEMENT,1,RFTV28HP,HMLS POLYESTER  1670/1/2 8.5 X 8.5 TPI 28EPI HP,N,KOLON,GUMI,Gumi,Others,South Korea,TV28HP,,,,,,,,,TV28HP,,, , ,N,,"LA, NA",,,,,KOLON,"Gumi, South Korea",Gumi,BJZ,KOLON,GUMI,GUMI,OTHERS,SOUTH KOREA,Yes,,,,,,,,,,
REINFORCEMENT,1,RFUD,3+3x.35 ST,N,HYOSUNG CORPORATION,ASHEBORO,Asheboro,NC,USA,C201UD,,,,,,,,,UD,,, , ,N,,NA,,,,,HYOSUNG CORPORATION,"Asheboro, NC, USA",Asheboro,,HYOSUNG CORPORATION,ASHEBORO,ASHEBORO,NC,USA,Yes,,,,,,,,,,
REINFORCEMENT,1,RFUD,3+3x.35 ST,N,BEKAERT,ROGERS,Rogers,AR,USA,BB01UD,,,,,,,,,UD,,, , ,N,,NA,,,,,BEKAERT,"Rogers, AR, USA",Rogers,AMX,BEKAERT,ROGERS,ROGERS,AR,USA,Yes,,,,,,,,,,
REINFORCEMENT,1,RFUF,3x7x.175 HE,N,BEKAERT,AALTER,Aalter,Others,Belgium,B101UF,,,,,,,,,UF,,, , ,N,,"AP, EMEA, LA",,,,,BEKAERT,"Aalter, Belgium",Aalter,,BEKAERT,AALTER,AALTER,OTHERS,BELGIUM,No,,,,,,,,,,
REINFORCEMENT,1,RFUG,1X.20/18X.175 ST,Y,BEKAERT,PNEUS SA - BRAZIL (STEEL CORD),Sumare,Others,Brazil,BP01UG,,,,,,,,,UG,,, , ,Y,,LA,,,,,BEKAERT,BEKAERT PNEUS SA - BRAZIL (STEEL CORD PLANT),Sumare,DAS,BEKAERT,PNEUS SA - BRAZIL (STEEL CORD),SUMARE,OTHERS,BRAZIL,Yes,,,,,,,,,,
REINFORCEMENT,1,RFUG,1X.20/18X.175 ST,N,SODETAL,TRONVILLE,TRONVILLE,Others,France,S101UG,,,,,,,,,UG,,, , ,N,,EMEA,,,,,SODETAL,"TRONVILLE, FRANCE",TRONVILLE,,SODETAL,TRONVILLE,TRONVILLE,OTHERS,FRANCE,No,,,,,,,,,,
REINFORCEMENT,1,RFUG,1X.20/18X.175 ST,Y,BEKAERT,KARTEPE,Kartepe,Others,Turkey,BN01UG,,,,,,,,,UG,,, , ,Y,,EMEA,,,,,BEKAERT,"KARTEPE, TURKEY",Kartepe,APP,BEKAERT,KARTEPE,KARTEPE,OTHERS,TURKEY,Yes,,,,,,,,,,
REINFORCEMENT,1,RFUG,1X.20/18X.175 ST,N,BEKAERT,FIGLINE,FIGLINE,Others,Italy,BM01UG,,,,,,,,,UG,,, , ,N,,EMEA,,,,,BEKAERT,"FIGLINE, ITALY",FIGLINE,EDR,BEKAERT,FIGLINE,FIGLINE,OTHERS,ITALY,Yes,,,,,,,,,,
REINFORCEMENT,1,RFUG,1X.20/18X.175 ST,Y,BEKAERT,VESPASIANO,Vespasiano,MG,Brazil,B701UG,,,,,,,,,UG,,, , ,Y,,"AP, EMEA, LA",,,,,BEKAERT,"Vespasiano, MG, Brazil",Vespasiano,AKY,BEKAERT,VESPASIANO,VESPASIANO,MG,BRAZIL,Yes,,,,,,,,,,
REINFORCEMENT,1,RFUG,1X.20/18X.175 ST,Y,BMZ,PLUSCORD,Zhlobin,Others,Belarus,D201UG,,,,,,,,,UG,,, , ,Y,,"AP, EMEA",,,,,BMZ,"PLUSCORD, Zhlobin, Belarus",Zhlobin,EGK,BMZ,PLUSCORD,ZHLOBIN,OTHERS,BELARUS,Yes,,,,,,,,,,
REINFORCEMENT,1,RFUG,1X.20/18X.175 ST,Y,BEKAERT,IZMIT,"IZMIT, TURKEY",Others,Turkey,BA01UG,,,,,,,,,UG,,, , ,Y,,"AP, EMEA, LA",,,,,BEKAERT,"IZMIT, TURKEY","IZMIT, TURKEY",APK,BEKAERT,IZMIT,"IZMIT, TURKEY",OTHERS,TURKEY,Yes,,,,,,,,,,
REINFORCEMENT,1,RFUG,1X.20/18X.175 ST,N,BEKAERT,LANKLAAR,Lanklaar,Others,Belgium,B401UG,,,,,,,,,UG,,, , ,N,,"AP, EMEA",,,,,BEKAERT,"Lanklaar, Belgium",Lanklaar,,BEKAERT,LANKLAAR,LANKLAAR,OTHERS,BELGIUM,No,,,,,,,,,,
REINFORCEMENT,1,RFUG,1X.20/18X.175 ST,Y,BEKAERT,BURGOS,BURGOS,Others,Spain,B301UG,,,,,,,,,UG,,, , ,Y,,"EMEA, LA",,,,,BEKAERT,"BURGOS, SPAIN",BURGOS,AJF,BEKAERT,BURGOS,BURGOS,OTHERS,SPAIN,Yes,,,,,,,,,,
REINFORCEMENT,1,RFUG,1X.20/18X.175 ST,N,BEKAERT,AALTER,Aalter,Others,Belgium,B101UG,,,,,,,,,UG,,, , ,N,,"AP, EMEA",,,,,BEKAERT,"Aalter, Belgium",Aalter,,BEKAERT,AALTER,AALTER,OTHERS,BELGIUM,No,,,,,,,,,,
REINFORCEMENT,1,RFUH,3X.265/9X.245+1 HT,N,HYOSUNG CORPORATION,ASHEBORO,Asheboro,NC,USA,C201UH,,,,,,,,,UH,,, , ,N,,NA,,,,,HYOSUNG CORPORATION,"Asheboro, NC, USA",Asheboro,,HYOSUNG CORPORATION,ASHEBORO,ASHEBORO,NC,USA,Yes,,,,,,,,,,
REINFORCEMENT,1,RFUH,3X.265/9X.245+1 HT,N,BEKAERT,VESPASIANO,Vespasiano,MG,Brazil,B702UH,,,,,,,,,UH,,, , ,N,,"AP, EMEA, LA, NA",,,,,BEKAERT,"Vespasiano, MG, Brazil",Vespasiano,AKY,BEKAERT,VESPASIANO,VESPASIANO,MG,BRAZIL,Yes,,,,,,,,,,
REINFORCEMENT,1,RFUH,3X.265/9X.245+1 HT,N,TOKYO ROPE,KITAKAMI,KITAKAMI,Others,Japan,J120UH,,,,,,,,,UH,,, , ,N,,"AP, EMEA, LA",,,,,TOKYO ROPE,"KITAKAMI, JAPAN",KITAKAMI,ALC,TOKYO ROPE,KITAKAMI,KITAKAMI,OTHERS,JAPAN,Yes,,,,,,,,,,
REINFORCEMENT,1,RFBH,"1.295MM BEAD WIRE - HIGH TENSILE 
(Cooper 9021/9906/9001)",Y,BMZ,MICORD,"Micord, Bielorussia",Others,Russia,312BH,,,,,,,,,BH,,, , ,Y,,"AP, EMEA",,,,,BMZ,"Micord, Bielorussia","Micord, Bielorussia",ECH,BMZ,MICORD,"MICORD, BIELORUSSIA",OTHERS,RUSSIA,Yes,,,,,,,,,,
REINFORCEMENT,1,RFZ08J,"2100 DECITEX (1890 denier)NYLON 6,6
",Y,KORDSA,IZMIT,Izmit,Others,Turkey,T802,,,,,,,,,Z08J,,, , ,Y,,"AP, EMEA, LA, NA",,,,,KORDSA,"Izmit, Turkey",Izmit,BXD,KORDSA,IZMIT,IZMIT,OTHERS,TURKEY,Yes,,,,,,,,,,
REINFORCEMENT,1,RFTF279,20'S/1 NYLON/COTTON,N,PEGASO,UNSPECIFIED,,Others,Others,EXT FILL,,,,,,,,,TF279,,, , ,N,,"AP, EMEA, LA, NA",,,,,PEGASO,UNSPECIFIED,,,PEGASO,UNSPECIFIED,,OTHERS,OTHERS,Yes,,,,,,,,,,
REINFORCEMENT,1,RFTF279,20'S/1 NYLON/COTTON,N,GIORGI,UNSPECIFIED,,Others,Others,EXT FILL,,,,,,,,,TF279,,, , ,N,,"AP, EMEA, LA, NA",,,,,GIORGI,UNSPECIFIED,,,GIORGI,UNSPECIFIED,,OTHERS,OTHERS,Yes,,,,,,,,,,
REINFORCEMENT,1,RFUM,3X.22/9X.20+1 HT,Y,BEKAERT,IZMIT,"IZMIT, TURKEY",Others,Turkey,BA01UM,,,,,,,,,UM,,, , ,Y,,EMEA,,,,,BEKAERT,"IZMIT, TURKEY","IZMIT, TURKEY",APK,BEKAERT,IZMIT,"IZMIT, TURKEY",OTHERS,TURKEY,Yes,,,,,,,,,,
REINFORCEMENT,1,RFUM,3X.22/9X.20+1 HT,N,SODETAL,TRONVILLE,TRONVILLE,Others,France,S120UM,,,,,,,,,UM,,, , ,N,,"AP, EMEA, LA, NA",,,,,SODETAL,"TRONVILLE, FRANCE",TRONVILLE,,SODETAL,TRONVILLE,TRONVILLE,OTHERS,FRANCE,No,,,,,,,,,,
REINFORCEMENT,1,RFUM,3X.22/9X.20+1 HT,N,KAM - STEEL CORD,CHANGWON,Changwon,Others,South Korea,F501FP,,,,,,,,,UM,,, , ,N,,NA,,,,,KAM - Steel Cord,"Changwon, South Korea (S)",Changwon,,KAM - STEEL CORD,CHANGWON,CHANGWON,OTHERS,SOUTH KOREA,No,,,,,,,,,,
REINFORCEMENT,1,RFUM,3X.22/9X.20+1 HT,N,HYOSUNG CORPORATION,ASHEBORO,Asheboro,NC,USA,C201UM,,,,,,,,,UM,,, , ,N,,"AP, EMEA, LA, NA",,,,,HYOSUNG CORPORATION,"Asheboro, NC, USA",Asheboro,,HYOSUNG CORPORATION,ASHEBORO,ASHEBORO,NC,USA,Yes,,,,,,,,,,
REINFORCEMENT,1,RFUM,3X.22/9X.20+1 HT,N,BEKAERT,VESPASIANO,Vespasiano,MG,Brazil,B702UM,,,,,,,,,UM,,, , ,N,,"AP, EMEA, LA, NA",,,,,BEKAERT,"Vespasiano, MG, Brazil",Vespasiano,AKY,BEKAERT,VESPASIANO,VESPASIANO,MG,BRAZIL,Yes,,,,,,,,,,
REINFORCEMENT,1,RFUM,3X.22/9X.20+1 HT,Y,BEKAERT,VESPASIANO,Vespasiano,MG,Brazil,B701UM,,,,,,,,,UM,,, , ,Y,,"AP, EMEA, LA, NA",,,,,BEKAERT,"Vespasiano, MG, Brazil",Vespasiano,AKY,BEKAERT,VESPASIANO,VESPASIANO,MG,BRAZIL,Yes,,,,,,,,,,
REINFORCEMENT,1,RFUM,3X.22/9X.20+1 HT,N,BEKAERT,LANKLAAR,Lanklaar,Others,Belgium,B402UM,,,,,,,,,UM,,, , ,N,,"AP, EMEA, LA, NA",,,,,BEKAERT,"Lanklaar, Belgium",Lanklaar,,BEKAERT,LANKLAAR,LANKLAAR,OTHERS,BELGIUM,No,,,,,,,,,,
REINFORCEMENT,1,RFUM,3X.22/9X.20+1 HT,N,BEKAERT,AALTER,Aalter,Others,Belgium,B121UM,,,,,,,,,UM,,, , ,N,,"AP, EMEA, LA, NA",,,,,BEKAERT,"Aalter, Belgium",Aalter,,BEKAERT,AALTER,AALTER,OTHERS,BELGIUM,No,,,,,,,,,,
REINFORCEMENT,1,RFUM,3X.22/9X.20+1 HT,N,BEKAERT,AALTER,Aalter,Others,Belgium,B120UM,,,,,,,,,UM,,, , ,N,,"AP, EMEA, LA, NA",,,,,BEKAERT,"Aalter, Belgium",Aalter,,BEKAERT,AALTER,AALTER,OTHERS,BELGIUM,No,,,,,,,,,,
REINFORCEMENT,1,RFUM,3X.22/9X.20+1 HT,N,BEKAERT,AALTER,Aalter,Others,Belgium,B102UM,,,,,,,,,UM,,, , ,N,,"AP, EMEA, LA, NA",,,,,BEKAERT,"Aalter, Belgium",Aalter,,BEKAERT,AALTER,AALTER,OTHERS,BELGIUM,No,,,,,,,,,,
REINFORCEMENT,1,RFUM,3X.22/9X.20+1 HT,N,BEKAERT,AALTER,Aalter,Others,Belgium,B101UM,,,,,,,,,UM,,, , ,N,,"AP, EMEA, LA, NA",,,,,BEKAERT,"Aalter, Belgium",Aalter,,BEKAERT,AALTER,AALTER,OTHERS,BELGIUM,No,,,,,,,,,,
REINFORCEMENT,1,RFUM,3X.22/9X.20+1 HT,N,KAM - STEEL CORD,BETTEMBOURG,BETTEMBOURG,Others,Luxembourg,F120UM,,,,,,,,,UM,,, , ,N,,"AP, EMEA, LA, NA",,,,,KAM - Steel Cord,"BETTEMBOURG, LUXEMBOURG",BETTEMBOURG,,KAM - STEEL CORD,BETTEMBOURG,BETTEMBOURG,OTHERS,LUXEMBOURG,No,,,,,,,,,,
REINFORCEMENT,1,RFUM,3X.22/9X.20+1 HT,N,KAM - STEEL CORD,BETTEMBOURG,BETTEMBOURG,Others,Luxembourg,F101UM,,,,,,,,,UM,,, , ,N,,"AP, EMEA, LA, NA",,,,,KAM - Steel Cord,"BETTEMBOURG, LUXEMBOURG",BETTEMBOURG,,KAM - STEEL CORD,BETTEMBOURG,BETTEMBOURG,OTHERS,LUXEMBOURG,No,,,,,,,,,,
REINFORCEMENT,1,RFUM,3X.22/9X.20+1 HT,N,BEKAERT,IZMIT,"IZMIT, TURKEY",Others,Turkey,BA20UM,,,,,,,,,UM,,, , ,N,,"AP, EMEA, LA",,,,,BEKAERT,"IZMIT, TURKEY","IZMIT, TURKEY",APK,BEKAERT,IZMIT,"IZMIT, TURKEY",OTHERS,TURKEY,Yes,,,,,,,,,,
REINFORCEMENT,1,RFUM,3X.22/9X.20+1 HT,N,BEKAERT,IZMIT,"IZMIT, TURKEY",Others,Turkey,BA02UM,,,,,,,,,UM,,, , ,N,,"AP, EMEA, LA",,,,,BEKAERT,"IZMIT, TURKEY","IZMIT, TURKEY",APK,BEKAERT,IZMIT,"IZMIT, TURKEY",OTHERS,TURKEY,Yes,,,,,,,,,,
REINFORCEMENT,1,RFUM,3X.22/9X.20+1 HT,N,BEKAERT,BURGOS,BURGOS,Others,Spain,B301UM,,,,,,,,,UM,,, , ,N,,"AP, EMEA, LA",,,,,BEKAERT,"BURGOS, SPAIN",BURGOS,AJF,BEKAERT,BURGOS,BURGOS,OTHERS,SPAIN,Yes,,,,,,,,,,
REINFORCEMENT,1,RFUM,3X.22/9X.20+1 HT,N,BEKAERT,AALTER,Aalter,Others,Belgium,B104UM,,,,,,,,,UM,,, , ,N,,"AP, EMEA, LA",,,,,BEKAERT,"Aalter, Belgium",Aalter,,BEKAERT,AALTER,AALTER,OTHERS,BELGIUM,No,,,,,,,,,,
REINFORCEMENT,1,RFUN,3+9+15x.22+1x.15 HT,N,BEKAERT,LANKLAAR,Lanklaar,Others,Belgium,B403UN,,,,,,,,,UN,,, , ,N,,"AP, EMEA, LA, NA",,,,,BEKAERT,"Lanklaar, Belgium",Lanklaar,,BEKAERT,LANKLAAR,LANKLAAR,OTHERS,BELGIUM,No,,,,,,,,,,
REINFORCEMENT,1,RFUN,3+9+15x.22+1x.15 HT,N,BEKAERT,BURGOS,BURGOS,Others,Spain,B302UN,,,,,,,,,UN,,, , ,N,,"AP, EMEA, LA, NA",,,,,BEKAERT,"BURGOS, SPAIN",BURGOS,AJF,BEKAERT,BURGOS,BURGOS,OTHERS,SPAIN,Yes,,,,,,,,,,
REINFORCEMENT,1,RFUN,3+9+15x.22+1x.15 HT,N,BMZ,MICORD,Zhlobin,Others,Belarus,D202UN,,,,,,,,,UN,,, , ,N,,"AP, EMEA, LA",,,,,BMZ,"MICORD, Zhlobin, Belarus",Zhlobin,ECH,BMZ,MICORD,ZHLOBIN,OTHERS,BELARUS,Yes,,,,,,,,,,
REINFORCEMENT,1,RFUN,3+9+15x.22+1x.15 HT,N,BEKAERT,BURGOS,BURGOS,Others,Spain,B320UN,,,,,,,,,UN,,, , ,N,,"AP, EMEA, LA",,,,,BEKAERT,"BURGOS, SPAIN",BURGOS,AJF,BEKAERT,BURGOS,BURGOS,OTHERS,SPAIN,Yes,,,,,,,,,,
REINFORCEMENT,1,RFUN,3+9+15x.22+1x.15 HT,N,BEKAERT,AALTER,Aalter,Others,Belgium,B101UN,,,,,,,,,UN,,, , ,N,,"AP, EMEA, LA",,,,,BEKAERT,"Aalter, Belgium",Aalter,,BEKAERT,AALTER,AALTER,OTHERS,BELGIUM,No,,,,,,,,,,
REINFORCEMENT,1,RFUN,3+9+15x.22+1x.15 HT,Y,KISWIRE,CHANGWON,Changwon,Others,South Korea,F501UN,,,,,,,,,UN,,, , ,Y,,"Cooper Asia, Cooper Europe",,,,,KISWIRE,"Changwon, South Korea",Changwon,ALB,KISWIRE,CHANGWON,CHANGWON,OTHERS,SOUTH KOREA,Yes,,,,,,,,,,
REINFORCEMENT,1,RFUN,3+9+15x.22+1x.15 HT,N,KAM - STEEL CORD,BETTEMBOURG,BETTEMBOURG,Others,Luxembourg,F101UN,,,,,,,,,UN,,, , ,N,,"AP, EMEA",,,,,KAM - Steel Cord,"BETTEMBOURG, LUXEMBOURG",BETTEMBOURG,,KAM - STEEL CORD,BETTEMBOURG,BETTEMBOURG,OTHERS,LUXEMBOURG,No,,,,,,,,,,
REINFORCEMENT,1,RFUN,3+9+15x.22+1x.15 HT,N,FUXING SCIENCE,HUBEI,Hubei,Others,China,V101UN,,,,,,,,,UN,,, , ,N,,AP,,,,,FUXING SCIENCE,"Hubei, China",Hubei,,FUXING SCIENCE,HUBEI,HUBEI,OTHERS,CHINA,Yes,,,,,,,,,,
REINFORCEMENT,1,RFUN,3+9+15x.22+1x.15 HT,N,BEKAERT,LANKLAAR,Lanklaar,Others,Belgium,B422UN,,,,,,,,,UN,,, , ,N,,"AP, EMEA",,,,,BEKAERT,"Lanklaar, Belgium",Lanklaar,,BEKAERT,LANKLAAR,LANKLAAR,OTHERS,BELGIUM,No,,,,,,,,,,
REINFORCEMENT,1,RFUT,3+9+15X.175+1X.15 NT,N,BEKAERT,AALTER,Aalter,Others,Belgium,B101UT,,,,,,,,,UT,,, , ,N,,EMEA,,,,,BEKAERT,"Aalter, Belgium",Aalter,,BEKAERT,AALTER,AALTER,OTHERS,BELGIUM,No,,,,,,,,,,
REINFORCEMENT,1,RFUT,3+9+15X.175+1X.15 NT,N,BEKAERT,AALTER,Aalter,Others,Belgium,B102UT,,,,,,,,,UT,,, , ,N,,"AP, EMEA",,,,,BEKAERT,"Aalter, Belgium",Aalter,,BEKAERT,AALTER,AALTER,OTHERS,BELGIUM,No,,,,,,,,,,
REINFORCEMENT,1,RFUU,1X.22/18X.20 ST WIRE,Y,BEKAERT,KARTEPE,Kartepe,Others,Turkey,BN01UU,,,,,,,,,UU,,, , ,Y,,EMEA,,,,,BEKAERT,"KARTEPE, TURKEY",Kartepe,APP,BEKAERT,KARTEPE,KARTEPE,OTHERS,TURKEY,Yes,,,,,,,,,,
REINFORCEMENT,1,RFUU,1X.22/18X.20 ST WIRE,Y,BEKAERT,IZMIT,"IZMIT, TURKEY",Others,Turkey,BA01UU,,,,,,,,,UU,,, , ,Y,,"AP, EMEA",,,,,BEKAERT,"IZMIT, TURKEY","IZMIT, TURKEY",APK,BEKAERT,IZMIT,"IZMIT, TURKEY",OTHERS,TURKEY,Yes,,,,,,,,,,
REINFORCEMENT,1,RFUU,1X.22/18X.20 ST WIRE,N,BEKAERT,AALTER,Aalter,Others,Belgium,B101UU,,,,,,,,,UU,,, , ,N,,EMEA,,,,,BEKAERT,"Aalter, Belgium",Aalter,,BEKAERT,AALTER,AALTER,OTHERS,BELGIUM,No,,,,,,,,,,
REINFORCEMENT,1,RFUW,2+2x.295 HT,N,TOKUSEN,CONWAY,Conway,AR,USA,T201UW,,,,,,,,,UW,,, , ,N,,NA,,,,,TOKUSEN,"Conway, AR, USA",Conway,,TOKUSEN,CONWAY,CONWAY,AR,USA,No,,,,,,,,,,
REINFORCEMENT,1,RFUW,2+2x.295 HT,N,HYOSUNG CORPORATION,EONYANG,Eonyang,Others,South Korea,C101UW,,,,,,,,,UW,,, , ,N,,NA,,,,,HYOSUNG CORPORATION,"Eonyang, South Korea",Eonyang,,HYOSUNG CORPORATION,EONYANG,EONYANG,OTHERS,SOUTH KOREA,No,,,,,,,,,,
REINFORCEMENT,1,RFUW,2+2x.295 HT,N,KAM - STEEL CORD,PINE BLUFF,Pine Bluff,AR,USA,F401UW,,,,,,,,,UW,,, , ,N,,NA,,,,,KAM - Steel Cord,"Pine Bluff, AR, USA",Pine Bluff,,KAM - STEEL CORD,PINE BLUFF,PINE BLUFF,AR,USA,No,,,,,,,,,,
REINFORCEMENT,1,RFUW,2+2x.295 HT,Y,BEKAERT,ITAUNA - MG BRAZIL (STEEL CORD),Itauna,Others,Brazil,BC01UW,,,,,,,,,UW,,, , ,Y,,LA,,,,,BEKAERT,"Itauna, MG, Brazil (Steel Cord)",Itauna,DAG,BEKAERT,ITAUNA - MG BRAZIL (STEEL CORD),ITAUNA,OTHERS,BRAZIL,Yes,,,,,,,,,,
REINFORCEMENT,1,RFUW,2+2x.295 HT,N,KAM - STEEL CORD,YANGSAN,Yangsan,Others,South Korea,F301UW,,,,,,,,,UW,,, , ,N,,"AP, NA",,,,,KAM - Steel Cord,"Yangsan, South Korea",Yangsan,,KAM - STEEL CORD,YANGSAN,YANGSAN,OTHERS,SOUTH KOREA,No,,,,,,,,,,
REINFORCEMENT,1,RFUW,2+2x.295 HT,Y,BEKAERT,KARAWANG,KARAWANG,Others,Indonesia,BE01UW,,,,,,,,,UW,,, , ,Y,,"AP, EMEA, NA",,,,,BEKAERT,"KARAWANG, INDONESIA",KARAWANG,JBP,BEKAERT,KARAWANG,KARAWANG,OTHERS,INDONESIA,Yes,,,,,,,,,,
REINFORCEMENT,1,RFUW,2+2x.295 HT,N,HYOSUNG CORPORATION,LISA,LISA,Others,Luxembourg,C301UW,,,,,,,,,UW,,, , ,N,,"AP, EMEA, LA, NA",,,,,HYOSUNG CORPORATION,"LISA, LUXEMBOURG",LISA,AIG,HYOSUNG CORPORATION,LISA,LISA,OTHERS,LUXEMBOURG,Yes,,,,,,,,,,
REINFORCEMENT,1,RFUW,2+2x.295 HT,Y,BEKAERT,ROGERS,Rogers,AR,USA,BB02UW,,,,,,,,,UW,,, , ,Y,,"AP, EMEA, LA, NA",,,,,BEKAERT,"Rogers, AR, USA",Rogers,AMX,BEKAERT,ROGERS,ROGERS,AR,USA,Yes,,,,,,,,,,
REINFORCEMENT,1,RFUW,2+2x.295 HT,N,PIRELLI,CELIKORD,CELIKORD,Others,Turkey,P201UW,,,,,,,,,UW,,, , ,N,,"AP, EMEA, LA",,,,,PIRELLI,"CELIKORD, TURKEY",CELIKORD,,PIRELLI,CELIKORD,CELIKORD,OTHERS,TURKEY,No,,,,,,,,,,
REINFORCEMENT,1,RFUW,2+2x.295 HT,Y,BEKAERT,IZMIT,"IZMIT, TURKEY",Others,Turkey,BA01UW,,,,,,,,,UW,,, , ,Y,,"AP, EMEA, LA",,,,,BEKAERT,"IZMIT, TURKEY","IZMIT, TURKEY",APK,BEKAERT,IZMIT,"IZMIT, TURKEY",OTHERS,TURKEY,Yes,,,,,,,,,,
REINFORCEMENT,1,RFUW,2+2x.295 HT,N,BEKAERT,VESPASIANO,Vespasiano,MG,Brazil,B701UW,,,,,,,,,UW,,, , ,N,,"AP, EMEA, LA",,,,,BEKAERT,"Vespasiano, MG, Brazil",Vespasiano,AKY,BEKAERT,VESPASIANO,VESPASIANO,MG,BRAZIL,Yes,,,,,,,,,,
REINFORCEMENT,1,RFUW,2+2x.295 HT,N,BEKAERT,AALTER,Aalter,Others,Belgium,B101UW,,,,,,,,,UW,,, , ,N,,"AP, EMEA, LA",,,,,BEKAERT,"Aalter, Belgium",Aalter,,BEKAERT,AALTER,AALTER,OTHERS,BELGIUM,No,,,,,,,,,,
REINFORCEMENT,1,RFUW,2+2x.295 HT,Y,KISWIRE,PASIR GUDANG,Pasir Gudang,Others,Malaysia,FC01UW,,,,,,,,,UW,,, , ,Y,,"AP, EMEA",,,,,KISWIRE,"Pasir Gudang, JOH, Malaysia",Pasir Gudang,JAM,KISWIRE,PASIR GUDANG,PASIR GUDANG,OTHERS,MALAYSIA,Yes,,,,,,,,,,
REINFORCEMENT,1,RFUW,2+2x.295 HT,N,FUXING SCIENCE,HUBEI,Hubei,Others,China,V101UW,,,,,,,,,UW,,, , ,N,,"AP, EMEA",,,,,FUXING SCIENCE,"Hubei, China",Hubei,,FUXING SCIENCE,HUBEI,HUBEI,OTHERS,CHINA,Yes,,,,,,,,,,
REINFORCEMENT,1,RFUW,2+2x.295 HT,Y,BEKAERT,SHENYANG BSSC,Shenyang,Others,China,BG01UW,,,,,,,,,UW,,, , ,Y,,"AP, EMEA",,,,,BEKAERT,"Shenyang BSSC, China",Shenyang,JJA,BEKAERT,SHENYANG BSSC,SHENYANG,OTHERS,CHINA,Yes,,,,,,,,,,
REINFORCEMENT,1,RFUX,3x.20/9x.175+1 HT,N,TOKYO ROPE,KITAKAMI,KITAKAMI,Others,Japan,J101UX,,,,,,,,,UX,,, , ,N,,NA,,,,,TOKYO ROPE,"KITAKAMI, JAPAN",KITAKAMI,ALC,TOKYO ROPE,KITAKAMI,KITAKAMI,OTHERS,JAPAN,Yes,,,,,,,,,,
REINFORCEMENT,1,RFUX,3x.20/9x.175+1 HT,N,SODETAL,TRONVILLE,TRONVILLE,Others,France,S101UX,,,,,,,,,UX,,, , ,N,,NA,,,,,SODETAL,"TRONVILLE, FRANCE",TRONVILLE,,SODETAL,TRONVILLE,TRONVILLE,OTHERS,FRANCE,No,,,,,,,,,,
REINFORCEMENT,1,RFUX,3x.20/9x.175+1 HT,N,JIAXING EASTERN,ZHEJIANG,Zhejiang,Others,China,Y101UX,,,,,,,,,UX,,, , ,N,,NA,,,,,JIAXING EASTERN,"Zhejiang, China",Zhejiang,JWJ,JIAXING EASTERN,ZHEJIANG,ZHEJIANG,OTHERS,CHINA,Yes,,,,,,,,,,
REINFORCEMENT,1,RFUX,3x.20/9x.175+1 HT,N,BEKAERT,AALTER,Aalter,Others,Belgium,B101UX,,,,,,,,,UX,,, , ,N,,NA,,,,,BEKAERT,"Aalter, Belgium",Aalter,,BEKAERT,AALTER,AALTER,OTHERS,BELGIUM,No,,,,,,,,,,
REINFORCEMENT,1,RFUY,3X.365/9X.34 HT,N,HYOSUNG CORPORATION,ASHEBORO,Asheboro,NC,USA,C201UY,,,,,,,,,UY,,, , ,N,,NA,,,,,HYOSUNG CORPORATION,"Asheboro, NC, USA",Asheboro,,HYOSUNG CORPORATION,ASHEBORO,ASHEBORO,NC,USA,Yes,,,,,,,,,,
REINFORCEMENT,1,RFUY,3X.365/9X.34 HT,N,PIRELLI,SUMARE,Sumare,Others,Brazil,P401UY,,,,,,,,,UY,,, , ,N,,LA,,,,,PIRELLI,"Sumare, SP, Brazil",Sumare,,PIRELLI,SUMARE,SUMARE,OTHERS,BRAZIL,No,,,,,,,,,,
REINFORCEMENT,1,RFUY,3X.365/9X.34 HT,N,BEKAERT,BURGOS,BURGOS,Others,Spain,B301UY,,,,,,,,,UY,,, , ,N,,"EMEA, NA",,,,,BEKAERT,"BURGOS, SPAIN",BURGOS,AJF,BEKAERT,BURGOS,BURGOS,OTHERS,SPAIN,Yes,,,,,,,,,,
REINFORCEMENT,1,RFUY,3X.365/9X.34 HT,N,PIRELLI,CELIKORD,CELIKORD,Others,Turkey,P201UY,,,,,,,,,UY,,, , ,N,,EMEA,,,,,PIRELLI,"CELIKORD, TURKEY",CELIKORD,,PIRELLI,CELIKORD,CELIKORD,OTHERS,TURKEY,No,,,,,,,,,,
REINFORCEMENT,1,RFUY,3X.365/9X.34 HT,N,BEKAERT,IZMIT,"IZMIT, TURKEY",Others,Turkey,BA01UY,,,,,,,,,UY,,, , ,N,,EMEA,,,,,BEKAERT,"IZMIT, TURKEY","IZMIT, TURKEY",APK,BEKAERT,IZMIT,"IZMIT, TURKEY",OTHERS,TURKEY,Yes,,,,,,,,,,
REINFORCEMENT,1,RFUY,3X.365/9X.34 HT,N,BEKAERT,AALTER,Aalter,Others,Belgium,B101UY,,,,,,,,,UY,,, , ,N,,EMEA,,,,,BEKAERT,"Aalter, Belgium",Aalter,,BEKAERT,AALTER,AALTER,OTHERS,BELGIUM,No,,,,,,,,,,
REINFORCEMENT,1,RFUY,3X.365/9X.34 HT,N,BEKAERT,BURGOS,BURGOS,Others,Spain,B320UY,,,,,,,,,UY,,, , ,N,,"AP, EMEA, LA, NA",,,,,BEKAERT,"BURGOS, SPAIN",BURGOS,AJF,BEKAERT,BURGOS,BURGOS,OTHERS,SPAIN,Yes,,,,,,,,,,
REINFORCEMENT,1,RFUY,3X.365/9X.34 HT,Y,BEKAERT,VESPASIANO,Vespasiano,MG,Brazil,B701UY,,,,,,,,,UY,,, , ,Y,,"AP, LA",,,,,BEKAERT,"Vespasiano, MG, Brazil",Vespasiano,AKY,BEKAERT,VESPASIANO,VESPASIANO,MG,BRAZIL,Yes,,,,,,,,,,
REINFORCEMENT,1,RFUY,3X.365/9X.34 HT,N,PIRELLI,FIGLINE,FIGLINE,Others,Italy,P101UY,,,,,,,,,UY,,, , ,N,,"AP, EMEA",,,,,PIRELLI,"FIGLINE, ITALY",FIGLINE,,PIRELLI,FIGLINE,FIGLINE,OTHERS,ITALY,No,,,,,,,,,,
REINFORCEMENT,1,RFUY,3X.365/9X.34 HT,N,BMZ,PLUSCORD,Zhlobin,Others,Belarus,D201UY,,,,,,,,,UY,,, , ,N,,"AP, EMEA",,,,,BMZ,"PLUSCORD, Zhlobin, Belarus",Zhlobin,EGK,BMZ,PLUSCORD,ZHLOBIN,OTHERS,BELARUS,Yes,,,,,,,,,,
REINFORCEMENT,1,RFUY,3X.365/9X.34 HT,N,KAM - STEEL CORD,FEURSTENFELD,Feurstenfeld,Others,Austria,E101UY,,,,,,,,,UY,,, , ,N,,"AP, EMEA",,,,,KAM - Steel Cord,"Feurstenfeld, Austria",Feurstenfeld,,KAM - STEEL CORD,FEURSTENFELD,FEURSTENFELD,OTHERS,AUSTRIA,No,,,,,,,,,,
REINFORCEMENT,1,RFUY,3X.365/9X.34 HT,N,GOODYEAR TIRE AND RUBBER,LUXWIRE,Lux,Others,Luxembourg,L101UY,,,,,,,,,UY,,, , ,N,,"AP, EMEA",,,,,GOODYEAR TIRE AND RUBBER,LUXWIRE,Lux,,GOODYEAR TIRE AND RUBBER,LUXWIRE,LUX,OTHERS,LUXEMBOURG,No,,,,,,,,,,
REINFORCEMENT,1,RFUZ,3+9X.25+1 HT,N,KAM - STEEL CORD,PINE BLUFF,Pine Bluff,AR,USA,F401UZ,,,,,,,,,UZ,,, , ,N,,NA,,,,,KAM - Steel Cord,"Pine Bluff, AR, USA",Pine Bluff,,KAM - STEEL CORD,PINE BLUFF,PINE BLUFF,AR,USA,No,,,,,,,,,,
REINFORCEMENT,1,RFUZ,3+9X.25+1 HT,N,BMZ,PLUSCORD,Zhlobin,Others,Belarus,D201UZ,,,,,,,,,UZ,,, , ,N,,"AP, EMEA",,,,,BMZ,"PLUSCORD, Zhlobin, Belarus",Zhlobin,EGK,BMZ,PLUSCORD,ZHLOBIN,OTHERS,BELARUS,Yes,,,,,,,,,,
REINFORCEMENT,1,RFUZ,3+9X.25+1 HT,N,BEKAERT,BURGOS,BURGOS,Others,Spain,B301UZ,,,,,,,,,UZ,,, , ,N,,"AP, EMEA",,,,,BEKAERT,"BURGOS, SPAIN",BURGOS,AJF,BEKAERT,BURGOS,BURGOS,OTHERS,SPAIN,Yes,,,,,,,,,,
REINFORCEMENT,1,RFV03L,1880 DECITEX NYLON 6,N,FCFC,HSYN-KANG,HSYN-KANG,Others,Taiwan,H784,,,,,,,,,V03L,,, , ,N,,"AP, LA",,,,,FCFC,"HSYN-KANG, CHIAYI, TAIWAN",HSYN-KANG,,FCFC,HSYN-KANG,HSYN-KANG,OTHERS,TAIWAN,Yes,,,,,,,,,,
REINFORCEMENT,1,RF118N,"470 DECITEX NYLON 6,6",Y,INVISTA (DUSA),KINGSTON,Kingston,ON,Canada,743/NI35,,,,,,,,,118N,,, , ,Y,,NA,,,,,INVISTA (DUSA),"Kingston, ON, Canada",Kingston,,INVISTA (DUSA),KINGSTON,KINGSTON,ON,CANADA,Yes,,,,,,,,,,
REINFORCEMENT,1,RF137J,"1400 DECITEX NYLON 6,6",N,KORDSA,CHTT,Chattanooga,TN,USA,T802,,,,,,,,,137J,,, , ,N,,"AP, EMEA, LA, NA",,,,,KORDSA,"CHTT, TN, USA",Chattanooga,,KORDSA,CHTT,CHATTANOOGA,TN,USA,Yes,,,,,,,,,,
REINFORCEMENT,1,RF138J,"2100 DECITEX NYLON 6,6",N,KORDSA,CHATTANOOGA,Chattanooga,TN,USA,T802,,,,,,,,,138J,,, , ,N,,NA,,,,,KORDSA,"Chattanooga, TN, USA",Chattanooga,AJI,KORDSA,CHATTANOOGA,CHATTANOOGA,TN,USA,Yes,,,,,,,,,,
REINFORCEMENT,1,RF139N,"1400 DECITEX NYLON 6,6",Y,KORDSA,CHATTANOOGA,Chattanooga,TN,USA,T728,,,,,,,,,139N,,, , ,Y,,"AP, EMEA, LA, NA",,,,,KORDSA,"Chattanooga, TN, USA",Chattanooga,AJI,KORDSA,CHATTANOOGA,CHATTANOOGA,TN,USA,Yes,,,,,,,,,,
REINFORCEMENT,1,RF2969,1440 DECITEX POLYESTER HMLS-AA,N,NEXIS FIBERS (RHODIA),EMMEN,EMMEN,Others,Netherlands,1242,,,,,,,,,2969,,, , ,N,,EMEA,,,,,NEXIS FIBERS (RHODIA),"EMMEN, NETHERLANDS",EMMEN,,NEXIS FIBERS (RHODIA),EMMEN,EMMEN,OTHERS,NETHERLANDS,Yes,,,,,,,,,,
REINFORCEMENT,1,RF303Q,1100 DECITEX AA-HMLS POLYESTER,N,INDORAMA VENTURES MOBILITY,MONCURE,Moncure,NC,USA,1X33,,,,,,,,,303Q,,, , ,N,,NA,,,,,INDORAMA VENTURES MOBILITY (Performance Fibers),"Moncure,  NC, USA",Moncure,DOESN'T EXIST IN SIS,INDORAMA VENTURES MOBILITY,MONCURE,MONCURE,NC,USA,Yes,,,,,,,,,,
REINFORCEMENT,1,RF317T,1440 DECITEX HMLS POLYESTER,N,INDORAMA VENTURES MOBILITY,MONCURE,Moncure,NC,USA,1X30,,,,,,,,,317T,,, , ,N,,NA,,,,,INDORAMA VENTURES MOBILITY (Performance Fibers),"Moncure,  NC, USA",Moncure,DOESN'T EXIST IN SIS,INDORAMA VENTURES MOBILITY,MONCURE,MONCURE,NC,USA,Yes,,,,,,,,,,
REINFORCEMENT,1,RF318T,1100 DECITEX HMLS POLYESTER,Y,INDORAMA VENTURES MOBILITY,MONCURE,Moncure,NC,USA,1X50,,,,,,,,,318T,,, , ,Y,,"LA, NA",,,,,INDORAMA VENTURES MOBILITY (Performance Fibers),"Moncure,  NC, USA",Moncure,DOESN'T EXIST IN SIS,INDORAMA VENTURES MOBILITY,MONCURE,MONCURE,NC,USA,Yes,,,,,,,,,,
REINFORCEMENT,1,RF319T,1670 DECITEX HMLS POLYESTER,Y,INDORAMA VENTURES MOBILITY,MONCURE,Moncure,NC,USA,1X50,,,,,,,,,319T,,, , ,Y,,"LA, NA",,,,,INDORAMA VENTURES MOBILITY (Performance Fibers),"Moncure,  NC, USA",Moncure,DOESN'T EXIST IN SIS,INDORAMA VENTURES MOBILITY,MONCURE,MONCURE,NC,USA,Yes,,,,,,,,,,
REINFORCEMENT,1,RF323V,1110 DTEX BELTEC (NYLON/HMLS CO-POLYMER),Y,INDORAMA VENTURES MOBILITY,MONCURE,Moncure,NC,USA,BELTEC,,,,,,,,,323V,,, , ,Y,,NA,,,,,INDORAMA VENTURES MOBILITY (Performance Fibers),"Moncure, NC, USA",Moncure,DOESN'T EXIST IN SIS,INDORAMA VENTURES MOBILITY,MONCURE,MONCURE,NC,USA,Yes,,,,,,,,,,
REINFORCEMENT,1,RF324T,2200 DECITEX HMLS POLYESTER,N,INDORAMA VENTURES MOBILITY,MONCURE,Moncure,NC,USA,1X30,,,,,,,,,324T,,, , ,N,,NA,,,,,INDORAMA VENTURES MOBILITY (Performance Fibers),"Moncure, NC, USA",Moncure,DOESN'T EXIST IN SIS,INDORAMA VENTURES MOBILITY,MONCURE,MONCURE,NC,USA,Yes,,,,,,,,,,
REINFORCEMENT,1,RF536T,1100 DECITEX HMLS POLYESTER,Y,INDORAMA VENTURES MOBILITY,SALISBURY,Salisbury,NC,USA,D792,,,,,,,,,536T,,, , ,Y,,"LA, NA",,,,,INDORAMA VENTURES MOBILITY (Performance Fibers),"Salisbury, NC, USA",Salisbury,AHY,INDORAMA VENTURES MOBILITY,SALISBURY,SALISBURY,NC,USA,Yes,,,,,,,,,,
REINFORCEMENT,1,RF537T,1670 DECITEX HMLS POLYESTER,Y,INDORAMA VENTURES MOBILITY,SALISBURY,Salisbury,NC,USA,D792,,,,,,,,,537T,,, , ,Y,,"LA, NA",,,,,INDORAMA VENTURES MOBILITY (Performance Fibers),"Salisbury, NC, USA",Salisbury,AHY,INDORAMA VENTURES MOBILITY,SALISBURY,SALISBURY,NC,USA,Yes,,,,,,,,,,
REINFORCEMENT,1,RF538Q,1670 DECITEX AA-HMLS POLYESTER,N,INDORAMA VENTURES MOBILITY,SALISBURY,Salisbury,NC,USA,D793,,,,,,,,,538Q,,, , ,N,,NA,,,,,INDORAMA VENTURES MOBILITY (Performance Fibers),"Salisbury, NC, USA",Salisbury,AHY,INDORAMA VENTURES MOBILITY,SALISBURY,SALISBURY,NC,USA,Yes,,,,,,,,,,
REINFORCEMENT,1,RF540Q,1440 DECITEX AA-HMLS POLYESTER,N,INDORAMA VENTURES MOBILITY,SALISBURY,Salisbury,NC,USA,D793,,,,,,,,,540Q,,, , ,N,,NA,,,,,INDORAMA VENTURES MOBILITY (Performance Fibers),"Salisbury, NC, USA",Salisbury,AHY,INDORAMA VENTURES MOBILITY,SALISBURY,SALISBURY,NC,USA,Yes,,,,,,,,,,
REINFORCEMENT,1,RF712K,"4400 DECITEX NYLON 6,6 (MONOFIL)",Y,SHAKESPEARE,COLUMBIA,Columbia,SC,USA,712K,,,,,,,,,712K,,, , ,Y,,NA,,,,,SHAKESPEARE,"Columbia, SC, USA",Columbia,CDI,SHAKESPEARE,COLUMBIA,COLUMBIA,SC,USA,Yes,,,,,,,,,,
REINFORCEMENT,1,RF9476,12'S/1 COTTON,Y,SHUFORD YARNS,HICKORY,Hickory,NC,USA,9476,EASTBANK TEXTILES,MACON,Macon,GA,USA,,,,9476,,, , ,Y,Y,"AP, EMEA, LA, NA",,"AP, EMEA, LA, NA",,,Shuford Yarns,"Hickory, NC, USA",Hickory,CFQ,SHUFORD YARNS,HICKORY,HICKORY,NC,USA,Yes,EASTBANK TEXTILES,Macon,Macon,,EASTBANK TEXTILES,MACON,MACON,GA,USA,Yes
REINFORCEMENT,1,RF9481,12'S/1,N,EASTBANK TEXTILES,MACON,Macon,GA,USA,BLEEDER,,,,,,,,,9481,,, , ,N,,"AP, EMEA, LA, NA",,,,,EASTBANK TEXTILES,Macon,Macon,,EASTBANK TEXTILES,MACON,MACON,GA,USA,Yes,,,,,,,,,,
REINFORCEMENT,1,RFNF18,"Nylon 6,6 1400/1/2 10x10 TPI 18EPI",N,KORDSA,CAMACARI,Camacari,BA,Brazil,NF18,,,,,,,,,NF18,,, , ,N,,LA,,,,,KORDSA,"Camacari, Brazil",Camacari,DBV,KORDSA,CAMACARI,CAMACARI,BA,BRAZIL,Yes,,,,,,,,,,
REINFORCEMENT,1,RF9483,20'S/1 POLY COTTON,N,OPEN MARKET,UNSPECIFIED,,Others,Others,LINER FILL,,,,,,,,,9483,,, , ,N,,NA,,,,,OPEN MARKET,UNSPECIFIED,,DOESN'T EXIST IN SIS,OPEN MARKET,UNSPECIFIED,,OTHERS,OTHERS,Yes,,,,,,,,,,
REINFORCEMENT,1,RF9487,NE26.6'S (NM45) COTTON,N,COATS TURKEY IPLIK SANAYIL A.S.,BURSA,BURSA,Others,Turkey,LINER FILL,,,,,,,,,9487,,, , ,N,,EMEA,,,,,COATS TURKEY IPLIK SANAYIL A.S.,"BURSA, TURKEY",BURSA,,COATS TURKEY IPLIK SANAYIL A.S.,BURSA,BURSA,OTHERS,TURKEY,Yes,,,,,,,,,,
REINFORCEMENT,1,RF9488,NE26.6'S (NM45) HIGH ELONGATION WEFT YARN,N,COATS TURKEY IPLIK SANAYIL A.S.,BURSA,BURSA,Others,Turkey,LINER FILL,,,,,,,,,9488,,, , ,N,,"AP, EMEA, LA",,,,,COATS TURKEY IPLIK SANAYIL A.S.,"BURSA, TURKEY",BURSA,,COATS TURKEY IPLIK SANAYIL A.S.,BURSA,BURSA,OTHERS,TURKEY,Yes,,,,,,,,,,
REINFORCEMENT,1,RF9490,NE18'S (NM30.4) COTTON,N,LINTZ TEXTIL GMBH/SPINNERIE MATREL,MATREI AM BRENNER,Matrei am Brenner,Others,Austria,WEFT YARD,,,,,,,,,9490,,, , ,N,,"AP, EMEA, LA, NA",,,,,LINTZ TEXTIL GMBH/SPINNERIE MATREL,"Matrei am Brenner, Austria",Matrei am Brenner,DOESN'T EXIST IN SIS,LINTZ TEXTIL GMBH/SPINNERIE MATREL,MATREI AM BRENNER,MATREI AM BRENNER,OTHERS,AUSTRIA,Yes,,,,,,,,,,
REINFORCEMENT,1,RF9492,NE20'S (NM34) POLYCOTTON,N,SRI KARPAGAPRIYA TEXTILES PVT LTD,RAJAPALAYAM,Rajapalayam,Tamil Nadu,India,WEFT YARN,,,,,,,,,9492,,, , ,N,,"AP, EMEA, LA",,,,,SRI KARPAGAPRIYA TEXTILES PVT LTD,"Rajapalayam, Tamil Nadu, India",Rajapalayam,,SRI KARPAGAPRIYA TEXTILES PVT LTD,RAJAPALAYAM,RAJAPALAYAM,TAMIL NADU,INDIA,Yes,,,,,,,,,,
REINFORCEMENT,1,RF9493,NE18'S (NM30.4) COTTON,N,LINTZ TEXTIL GMBH/SPINNERIE MATREL,MATREI AM BRENNER,Matrei am Brenner,Others,Austria,WEFT YARN,,,,,,,,,9493,,, , ,N,,"AP, EMEA, LA",,,,,LINTZ TEXTIL GMBH/SPINNERIE MATREL,"Matrei am Brenner, Austria",Matrei am Brenner,DOESN'T EXIST IN SIS,LINTZ TEXTIL GMBH/SPINNERIE MATREL,MATREI AM BRENNER,MATREI AM BRENNER,OTHERS,AUSTRIA,Yes,,,,,,,,,,
REINFORCEMENT,1,RF9494,NE24'S (NM40.6) COTTON,N,LINTZ TEXTIL GMBH/SPINNERIE MATREL,MATREI AM BRENNER,Matrei am Brenner,Others,Austria,WEFT YARN,,,,,,,,,9494,,, , ,N,,"AP, EMEA, LA, NA",,,,,LINTZ TEXTIL GMBH/SPINNERIE MATREL,"Matrei am Brenner, Austria",Matrei am Brenner,DOESN'T EXIST IN SIS,LINTZ TEXTIL GMBH/SPINNERIE MATREL,MATREI AM BRENNER,MATREI AM BRENNER,OTHERS,AUSTRIA,Yes,,,,,,,,,,
REINFORCEMENT,1,RF9496,18/1 POLY COTTON,N,FRONTIER SPINNING MILLS,SANDFORD,Sandford,NC,USA,FILL,,,,,,,,,9496,,, , ,N,,NA,,,,,FRONTIER SPINNING MILLS,"Sandford, NC, USA",Sandford,DOESN'T EXIST IN SIS,FRONTIER SPINNING MILLS,SANDFORD,SANDFORD,NC,USA,Yes,,,,,,,,,,
REINFORCEMENT,1,RF107A,1670 DECITEX ARAMID,Y,DU PONT,RICHMOND,Richmond,VA,USA,950,,,,,,,,,107A,,, , ,Y,,"AP, EMEA, LA, NA",,,,,DU PONT,"Richmond, VA, USA",Richmond,AJO,DU PONT,RICHMOND,RICHMOND,VA,USA,Yes,,,,,,,,,,
REINFORCEMENT,1,RF112A,1100 DECITEX ARAMID,Y,DU PONT,RICHMOND,Richmond,VA,USA,950,,,,,,,,,112A,,, , ,Y,,"AP, EMEA, LA, NA",,,,,DU PONT,"Richmond, VA, USA",Richmond,AJO,DU PONT,RICHMOND,RICHMOND,VA,USA,Yes,,,,,,,,,,
REINFORCEMENT,1,RF711K,"10,000 DECITEX NYLON 6,6 (MONOFILAMENT)",Y,SHAKESPEARE,COLUMBIA,Columbia,SC,USA,WN-125,,,,,,,,,711K,,, , ,Y,,"LA, NA",,,,,SHAKESPEARE,"Columbia, SC, USA",Columbia,CDI,SHAKESPEARE,COLUMBIA,COLUMBIA,SC,USA,Yes,,,,,,,,,,
REINFORCEMENT,1,RF720N,"950 DECITEX NYLON 6,6 (MONOFILAMENT)",Y,SHAKESPEARE,COLUMBIA,Columbia,SC,USA,WN-101,,,,,,,,,720N,,, , ,Y,,NA,,,,,SHAKESPEARE,"Columbia, SC, USA",Columbia,CDI,SHAKESPEARE,COLUMBIA,COLUMBIA,SC,USA,Yes,,,,,,,,,,
REINFORCEMENT,1,RFA05N,"1400 DECITEX NYLON 6,6",Y,KORDSA,BERAZATEGUI,Berazategui,Buenos Aires,Argentina,T728,,,,,,,,,A05N,,, , ,Y,,"AP, EMEA, LA",,,,,KORDSA,"Berazategui, Buenos Aires, Argentina",Berazategui,BJA,KORDSA,BERAZATEGUI,BERAZATEGUI,BUENOS AIRES,ARGENTINA,Yes,,,,,,,,,,
REINFORCEMENT,1,RFA06N,"2100 DECITEX NYLON 6,6",N,KORDSA,BERAZATEGUI,Berazategui,Buenos Aires,Argentina,T728,,,,,,,,,A06N,,, , ,N,,"AP, EMEA, LA",,,,,KORDSA,"Berazategui, Buenos Aires, Argentina",Berazategui,BJA,KORDSA,BERAZATEGUI,BERAZATEGUI,BUENOS AIRES,ARGENTINA,Yes,,,,,,,,,,
REINFORCEMENT,1,RFA07N,"940 DECITEX NYLON 6,6",N,KORDSA,CHATTANOOGA,Chattanooga,TN,USA,T728,,,,,,,,,A07N,,, , ,N,,EMEA,,,,,KORDSA,"Chattanooga, TN, USA",Chattanooga,AJI,KORDSA,CHATTANOOGA,CHATTANOOGA,TN,USA,Yes,,,,,,,,,,
REINFORCEMENT,1,RFA07N,"940 DECITEX NYLON 6,6",Y,KORDSA,BERAZATEGUI,Berazategui,Buenos Aires,Argentina,T728,,,,,,,,,A07N,,, , ,Y,,"AP, EMEA, LA",,,,,KORDSA,"Berazategui, Buenos Aires, Argentina",Berazategui,BJA,KORDSA,BERAZATEGUI,BERAZATEGUI,BUENOS AIRES,ARGENTINA,Yes,,,,,,,,,,
REINFORCEMENT,1,RFAC21SA,ARAMID 1670/1/2 7.6 X 7.6 TPI 21EPI SA,N,ITOCHU CORPORATION,TOKYO,Tokyo,Others,Japan,AC21SA,,,,,,,,,AC21SA,,, , ,N,,NA,,,,,ITOCHU Corporation,"Tokyo, Japan",Tokyo,,ITOCHU CORPORATION,TOKYO,TOKYO,OTHERS,JAPAN,Yes,,,,,,,,,,
REINFORCEMENT,1,RFAD28YR,ARAMID  1670/1/2 8.4 X 8.4 TPI 28EPI YR,Y,HYOSUNG CORPORATION,DECATUR,Decatur,AL,USA,107AD28YR,,,,,,,,,AD28YR,,, , ,Y,,NA,,,,,HYOSUNG CORPORATION,"Decatur, AL, USA",Decatur,AIT,HYOSUNG CORPORATION,DECATUR,DECATUR,AL,USA,Yes,,,,,,,,,,
REINFORCEMENT,1,RFAH,"0.965MM BEAD WIRE - HIGH TENSILE
(Cooper Code 9011)",N,BEKAERT,CLARKSDALE,Clarksdale,MS,USA,041AH,,,,,,,,,AH,,, , ,N,,NA,,,,,BEKAERT,Clarksdale,Clarksdale,,BEKAERT,CLARKSDALE,CLARKSDALE,MS,USA,No,,,,,,,,,,
REINFORCEMENT,1,RFAH,"0.965MM BEAD WIRE - HIGH TENSILE
(Cooper Code 9011)",N,BEKAERT,ROME,Rome,GA,USA,022AH,,,,,,,,,AH,,, , ,N,,NA,,,,,BEKAERT,"Rome, GA, USA",Rome,AJJ,BEKAERT,ROME,ROME,GA,USA,Yes,,,,,,,,,,
REINFORCEMENT,1,RFAH,"0.965MM BEAD WIRE - HIGH TENSILE
(Cooper Code 9011)",N,EMCOCABLES,BOGOTA,BOGOTA,Others,Colombia,051AH,,,,,,,,,AH,,, , ,N,,LA,,,,,EMCOCABLES,"BOGOTA, COLOMBIA",BOGOTA,,EMCOCABLES,BOGOTA,BOGOTA,OTHERS,COLOMBIA,Yes,,,,,,,,,,
REINFORCEMENT,1,RFAH,"0.965MM BEAD WIRE - HIGH TENSILE
(Cooper Code 9011)",N,NATIONAL STANDARD,STILLWATER,Stillwater,OK,USA,142AH,,,,,,,,,AH,,, , ,N,,"AP, EMEA, LA, NA",,,,,NAT STANDARD,"Stillwater, OK, USA",Stillwater,AKH,NATIONAL STANDARD,STILLWATER,STILLWATER,OK,USA,Yes,,,,,,,,,,
REINFORCEMENT,1,RFAH,"0.965MM BEAD WIRE - HIGH TENSILE
(Cooper Code 9011)",Y,KISWIRE,HONG DUK,Hong Duk,Others,South Korea,242AH,,,,,,,,,AH,,, , ,Y,,"AP, EMEA, LA, NA",,,,,Kiswire - Bead Wire,"Hong Duk, South Korea",Hong Duk,JBU,KISWIRE,HONG DUK,HONG DUK,OTHERS,SOUTH KOREA,Yes,,,,,,,,,,
REINFORCEMENT,1,RFAH,"0.965MM BEAD WIRE - HIGH TENSILE
(Cooper Code 9011)",N,BEKAERT,AALTER,Aalter,Others,Belgium,021AH,,,,,,,,,AH,,, , ,N,,"AP, EMEA, LA, NA",,,,,BEKAERT,"Aalter, Belgium",Aalter,,BEKAERT,AALTER,AALTER,OTHERS,BELGIUM,No,,,,,,,,,,
REINFORCEMENT,1,RFAH,"0.965MM BEAD WIRE - HIGH TENSILE
(Cooper Code 9011)",N,WIRECO CAMESA SA,MEXICO CITY,MEXICO CITY,Others,Mexico,131AH,,,,,,,,,AH,,, , ,N,,"AP, EMEA, LA, NA",,,,,WIRECO CAMESA SA,"MEXICO CITY, MEXICO",MEXICO CITY,BGE,WIRECO CAMESA SA,MEXICO CITY,MEXICO CITY,OTHERS,MEXICO,Yes,,,,,,,,,,
REINFORCEMENT,1,RFAH,"0.965MM BEAD WIRE - HIGH TENSILE
(Cooper Code 9011)",N,TOKUSEN,ONO,ONO,Others,Japan,171AHX,,,,,,,,,AH,,, , ,N,,"AP, EMEA, LA",,,,,TOKUSEN,"ONO, JAPAN",ONO,,TOKUSEN,ONO,ONO,OTHERS,JAPAN,Yes,,,,,,,,,,
REINFORCEMENT,1,RFAH,"0.965MM BEAD WIRE - HIGH TENSILE
(Cooper Code 9011)",Y,KISWIRE,YANGSAN,Yangsan,Others,South Korea,241AH,,,,,,,,,AH,,, , ,Y,,"AP, EMEA, LA, NA",,,,,Kiswire - Bead Wire,"Yangsan, South Korea",Yangsan,JDR,KISWIRE,YANGSAN,YANGSAN,OTHERS,SOUTH KOREA,Yes,,,,,,,,,,
REINFORCEMENT,1,RFAH,"0.965MM BEAD WIRE - HIGH TENSILE
(Cooper Code 9011)",N,GUSTAV WOLF,GUTERSLOH,GUTERSLOH,Others,Germany,071AH,,,,,,,,,AH,,, , ,N,,"AP, EMEA, LA",,,,,GUSTAV WOLF,"GUTERSLOH, GERMANY",GUTERSLOH,,GUSTAV WOLF,GUTERSLOH,GUTERSLOH,OTHERS,GERMANY,Yes,,,,,,,,,,
REINFORCEMENT,1,RFAH,"0.965MM BEAD WIRE - HIGH TENSILE
(Cooper Code 9011)",N,CELIK HALAT,IZMIT,IZMIT,Others,Turkey,031AH,,,,,,,,,AH,,, , ,N,,"AP, EMEA, LA",,,,,CELIK HALAT,"IZMIT, TURKEY",IZMIT,,CELIK HALAT,IZMIT,IZMIT,OTHERS,TURKEY,Yes,,,,,,,,,,
REINFORCEMENT,1,RFAH,"0.965MM BEAD WIRE - HIGH TENSILE
(Cooper Code 9011)",N,BEKAERT,VALENCIA,VALENCIA,Others,Venezuela,221AH,,,,,,,,,AH,,, , ,N,,"AP, EMEA, LA",,,,,BEKAERT VICSON,"VALENCIA, VENEZUELA",VALENCIA,,BEKAERT,VALENCIA,VALENCIA,OTHERS,VENEZUELA,Yes,,,,,,,,,,
REINFORCEMENT,1,RFAH,"0.965MM BEAD WIRE - HIGH TENSILE
(Cooper Code 9011)",N,BEKAERT,BRAZIL,,Others,Brazil,091AH,,,,,,,,,AH,,, , ,N,,"AP, EMEA, LA",,,,,Bekaert Brazil ¿ BBA,Brazil,,DAO,BEKAERT,BRAZIL,,OTHERS,BRAZIL,Yes,,,,,,,,,,
REINFORCEMENT,1,RFAH,"0.965MM BEAD WIRE - HIGH TENSILE
(Cooper Code 9011)",Y,KISWIRE,PASIR GUDANG,Pasir Gudang,Others,Malaysia,245AH,,,,,,,,,AH,,, , ,Y,,"AP, EMEA",,,,,KISWIRE,"Pasir Gudang, JOH, Malaysia",Pasir Gudang,JAM,KISWIRE,PASIR GUDANG,PASIR GUDANG,OTHERS,MALAYSIA,Yes,,,,,,,,,,
REINFORCEMENT,1,RFC05N,"470 DECITEX NYLON 6,6",N,INVISTA,KINGSTON,Kingston,ON,Canada,T728,,,,,,,,,C05N,,, , ,N,,"AP, EMEA, LA, NA",,,,,INVISTA,"Kingston, ON, Canada",Kingston,,INVISTA,KINGSTON,KINGSTON,ON,CANADA,Yes,,,,,,,,,,
REINFORCEMENT,1,RFC17GS,3300/0/1 FIBERGLASS 60 TPM S-TWIST SED,N,NGF,GUELPH - ON,Guelph - ON,Others,Canada,EC-10,,,,,,,,,C17GS,,, , ,N,,NA,,,,,NGF,Guelph - ON,Guelph - ON,CDK,NGF,GUELPH - ON,GUELPH - ON,OTHERS,CANADA,Yes,,,,,,,,,,
REINFORCEMENT,1,RFC17GZ,3300/0/1 FIBERGLASS 60 TPM Z-TWIST SED,N,NGF,GUELPH - ON,Guelph - ON,Others,Canada,EC-10,,,,,,,,,C17GZ,,, , ,N,,NA,,,,,NGF,Guelph - ON,Guelph - ON,CDK,NGF,GUELPH - ON,GUELPH - ON,OTHERS,CANADA,Yes,,,,,,,,,,
REINFORCEMENT,1,RFC18GZ,3300/0/1 FIBERGLASS 60 TPM Z-TWIST SED PILOT CORD,N,NGF,GUELPH - ON,Guelph - ON,Others,Canada,EC-10,,,,,,,,,C18GZ,,, , ,N,,NA,,,,,NGF,Guelph - ON,Guelph - ON,CDK,NGF,GUELPH - ON,GUELPH - ON,OTHERS,CANADA,Yes,,,,,,,,,,
REINFORCEMENT,1,RFC19GS,3300/0/3 FIBERGLASS 60 TPM S-TWIST SED,N,NGF,GUELPH - ON,Guelph - ON,Others,Canada,EC-10,,,,,,,,,C19GS,,, , ,N,,NA,,,,,NGF,Guelph - ON,Guelph - ON,CDK,NGF,GUELPH - ON,GUELPH - ON,OTHERS,CANADA,Yes,,,,,,,,,,
REINFORCEMENT,1,RFC19GZ,3300/0/3 FIBERGLASS 60 TPM Z-TWIST SED,N,NGF,GUELPH - ON,Guelph - ON,Others,Canada,EC-10,,,,,,,,,C19GZ,,, , ,N,,NA,,,,,NGF,Guelph - ON,Guelph - ON,CDK,NGF,GUELPH - ON,GUELPH - ON,OTHERS,CANADA,Yes,,,,,,,,,,
REINFORCEMENT,1,RFC20GZ,3300/0/3 FIBERGLASS 60 TPM Z-TWIST SED PILOT CORD,N,NGF,GUELPH - ON,Guelph - ON,Others,Canada,EC-10,,,,,,,,,C20GZ,,, , ,N,,NA,,,,,NGF,Guelph - ON,Guelph - ON,CDK,NGF,GUELPH - ON,GUELPH - ON,OTHERS,CANADA,Yes,,,,,,,,,,
REINFORCEMENT,1,RFC21GS,3300/0/2 FIBERGLASS 60 TPM S-TWIST SED,N,NGF,GUELPH - ON,Guelph - ON,Others,Canada,EC-10,,,,,,,,,C21GS,,, , ,N,,NA,,,,,NGF,Guelph - ON,Guelph - ON,CDK,NGF,GUELPH - ON,GUELPH - ON,OTHERS,CANADA,Yes,,,,,,,,,,
REINFORCEMENT,1,RFC21GZ,3300/0/2 FIBERGLASS 60 TPM Z-TWIST SED,N,NGF,GUELPH - ON,Guelph - ON,Others,Canada,EC-10,,,,,,,,,C21GZ,,, , ,N,,NA,,,,,NGF,Guelph - ON,Guelph - ON,CDK,NGF,GUELPH - ON,GUELPH - ON,OTHERS,CANADA,Yes,,,,,,,,,,
REINFORCEMENT,1,RFC22GZ,3300/0/2 FIBERGLASS 60 TPM Z-TWIST SED PILOT CORD,N,NGF,GUELPH - ON,Guelph - ON,Others,Canada,EC-10,,,,,,,,,C22GZ,,, , ,N,,NA,,,,,NGF,Guelph - ON,Guelph - ON,CDK,NGF,GUELPH - ON,GUELPH - ON,OTHERS,CANADA,Yes,,,,,,,,,,
REINFORCEMENT,1,RFCB20YF,"MERGED CORD 1100DTEX ARAMID/940 DTEX NYLON 6,6 20 EPI YF",Y,HYOSUNG CORPORATION,LISA,LISA,Others,Luxembourg,AN1CB20YF,,,,,,,,,CB20YF,,, , ,Y,,"AP, EMEA",,,,,HYOSUNG CORPORATION,"LISA, LUXEMBOURG",LISA,AIG,HYOSUNG CORPORATION,LISA,LISA,OTHERS,LUXEMBOURG,Yes,,,,,,,,,,
REINFORCEMENT,1,RFCE16WA,"MERGED CORD 1100 DTEX ARAMID/1400 DTEX NYLON 6,6 16EPIWA",Y,HYOSUNG CORPORATION,DECATUR,Decatur,AL,USA,AB2CE16WA,,,,,,,,,CE16WA,,, , ,Y,,"AP, EMEA, LA, NA",,,,,HYOSUNG CORPORATION,"Decatur, AL, USA",Decatur,AIT,HYOSUNG CORPORATION,DECATUR,DECATUR,AL,USA,Yes,,,,,,,,,,
REINFORCEMENT,1,RFUH,3X.265/9X.245+1 HT,N,BEKAERT,VESPASIANO,Vespasiano,MG,Brazil,B701UH,,,,,,,,,UH,,, , ,N,,"AP, EMEA, LA",,,,,BEKAERT,"Vespasiano, MG, Brazil",Vespasiano,AKY,BEKAERT,VESPASIANO,VESPASIANO,MG,BRAZIL,Yes,,,,,,,,,,
REINFORCEMENT,1,RFUH,3X.265/9X.245+1 HT,N,FUXING SCIENCE,HUBEI,Hubei,Others,China,V101UH,,,,,,,,,UH,,, , ,N,,AP,,,,,FUXING SCIENCE,"Hubei, China",Hubei,,FUXING SCIENCE,HUBEI,HUBEI,OTHERS,CHINA,Yes,,,,,,,,,,
REINFORCEMENT,1,RFUJ,27X.175+1X.15 HT,N,RHEIN CHEMIE,CHARDON,Chardon,OH,USA,Rhenocure MBTS-75/PB,,,,,,,,,UJ,,, , ,N,,"AP, EMEA, LA, NA",,,,,RHEIN CHEMIE,Chardon,Chardon,BMA,RHEIN CHEMIE,CHARDON,CHARDON,OH,USA,Yes,,,,,,,,,,
REINFORCEMENT,1,RFUJ,27X.175+1X.15 HT,N,SODETAL,TRONVILLE,TRONVILLE,Others,France,S102UJ,,,,,,,,,UJ,,, , ,N,,"AP, LA, NA",,,,,SODETAL,"TRONVILLE, FRANCE",TRONVILLE,,SODETAL,TRONVILLE,TRONVILLE,OTHERS,FRANCE,No,,,,,,,,,,
REINFORCEMENT,1,RFWH,3X.30 HT OPEN,N,KAM - STEEL CORD,YANGSAN,Yangsan,Others,South Korea,F301WH,,,,,,,,,WH,,, , ,N,,NA,Buffalo/Tonawanda,,,Buffalo / Tonawanda,KAM - Steel Cord,"Yangsan, South Korea",Yangsan,,KAM - STEEL CORD,YANGSAN,YANGSAN,OTHERS,SOUTH KOREA,No,,,,,,,,,,
REINFORCEMENT,1,RFWH,3X.30 HT OPEN,N,SUMITOMO ELECTRIC INDUSTRIES,TOCHIGI,TOCHIGI,Others,Japan,Q101WH,,,,,,,,,WH,,, , ,N,,NA,Buffalo / Tonawanda,,,Buffalo / Tonawanda,SUMITOMO ELECTRIC INDUSTRIES,"TOCHIGI, JAPAN",TOCHIGI,LAG,SUMITOMO ELECTRIC INDUSTRIES,TOCHIGI,TOCHIGI,OTHERS,JAPAN,Yes,,,,,,,,,,
REINFORCEMENT,1,RFWH,3X.30 HT OPEN,Y,BEKAERT,JIANGYIN,Jiangyin,Others,China,BD01WH,,,,,,,,,WH,,, , ,Y,,Cooper Asia,Buffalo / Tonawanda,,,Buffalo / Tonawanda,BEKAERT,"Jiangyin, China",Jiangyin,JTM,BEKAERT,JIANGYIN,JIANGYIN,OTHERS,CHINA,Yes,,,,,,,,,,
REINFORCEMENT,1,RFWH,3X.30 HT OPEN,N,BEKAERT,ROGERS,Rogers,AR,USA,BB01WH,,,,,,,,,WH,,, , ,N,,NA,N526 - Buffalo/Tonawanda,,,Buffalo / Tonawanda,BEKAERT,"Rogers, AR, USA",Rogers,AMX,BEKAERT,ROGERS,ROGERS,AR,USA,Yes,,,,,,,,,,
REINFORCEMENT,1,RFWN,2+1X.30 NT,N,SODETAL,TRONVILLE,TRONVILLE,Others,France,S101WN,,,,,,,,,WN,,, , ,N,,EMEA,,,,,SODETAL,"TRONVILLE, FRANCE",TRONVILLE,,SODETAL,TRONVILLE,TRONVILLE,OTHERS,FRANCE,No,,,,,,,,,,
REINFORCEMENT,1,RFWN,2+1X.30 NT,N,PIRELLI,FIGLINE,FIGLINE,Others,Italy,P101WN,,,,,,,,,WN,,, , ,N,,EMEA,,,,,PIRELLI,"FIGLINE, ITALY",FIGLINE,,PIRELLI,FIGLINE,FIGLINE,OTHERS,ITALY,No,,,,,,,,,,
REINFORCEMENT,1,RFWN,2+1X.30 NT,N,GOODYEAR TIRE AND RUBBER,LUXWIRE,Lux,Others,Luxembourg,L102WN,,,,,,,,,WN,,, , ,N,,EMEA,,,,,GOODYEAR TIRE AND RUBBER,LUXWIRE,Lux,,GOODYEAR TIRE AND RUBBER,LUXWIRE,LUX,OTHERS,LUXEMBOURG,No,,,,,,,,,,
REINFORCEMENT,1,RFWN,2+1X.30 NT,N,BEKAERT,AALTER,Aalter,Others,Belgium,B101WN,,,,,,,,,WN,,, , ,N,,EMEA,,,,,BEKAERT,"Aalter, Belgium",Aalter,,BEKAERT,AALTER,AALTER,OTHERS,BELGIUM,No,,,,,,,,,,
REINFORCEMENT,1,RFWN,2+1X.30 NT,N,KAM - STEEL CORD,BETTEMBOURG,BETTEMBOURG,Others,Luxembourg,F101WN,,,,,,,,,WN,,, , ,N,,EMEA,,,,,KAM - Steel Cord,"BETTEMBOURG, LUXEMBOURG",BETTEMBOURG,,KAM - STEEL CORD,BETTEMBOURG,BETTEMBOURG,OTHERS,LUXEMBOURG,No,,,,,,,,,,
REINFORCEMENT,1,RFWN,2+1X.30 NT,N,KAM - STEEL CORD,SVENTGOTTHARD,SVENTGOTTHARD,Others,Hungary,E201WN,,,,,,,,,WN,,, , ,N,,EMEA,,,,,KAM - Steel Cord,"SVENTGOTTHARD, HUNGARY",SVENTGOTTHARD,,KAM - STEEL CORD,SVENTGOTTHARD,SVENTGOTTHARD,OTHERS,HUNGARY,No,,,,,,,,,,
REINFORCEMENT,1,RFWN,2+1X.30 NT,N,KAM - STEEL CORD,FEURSTENFELD,Feurstenfeld,Others,Austria,E101WN,,,,,,,,,WN,,, , ,N,,EMEA,,,,,KAM - Steel Cord,"Feurstenfeld, Austria",Feurstenfeld,,KAM - STEEL CORD,FEURSTENFELD,FEURSTENFELD,OTHERS,AUSTRIA,No,,,,,,,,,,
REINFORCEMENT,1,RFWT,2+1X.28 NT,N,SODETAL,TRONVILLE,TRONVILLE,Others,France,S101WT,,,,,,,,,WT,,, , ,N,,EMEA,,,,,SODETAL,"TRONVILLE, FRANCE",TRONVILLE,,SODETAL,TRONVILLE,TRONVILLE,OTHERS,FRANCE,No,,,,,,,,,,
REINFORCEMENT,1,RFWT,2+1X.28 NT,N,BEKAERT,SLADKOVICOVO,SLADKOVICOVO,Others,Slovak Republic,BH01WT,,,,,,,,,WT,,, , ,N,,EMEA,,,,,BEKAERT,"SLADKOVICOVO, SLOVAK REPUBLIC",SLADKOVICOVO,EHK,BEKAERT,SLADKOVICOVO,SLADKOVICOVO,OTHERS,SLOVAK REPUBLIC,Yes,,,,,,,,,,
REINFORCEMENT,1,RFWT,2+1X.28 NT,N,BEKAERT,AALTER,Aalter,Others,Belgium,B101WT,,,,,,,,,WT,,, , ,N,,EMEA,,,,,BEKAERT,"Aalter, Belgium",Aalter,,BEKAERT,AALTER,AALTER,OTHERS,BELGIUM,No,,,,,,,,,,
REINFORCEMENT,1,RFWT,2+1X.28 NT,N,KAM - STEEL CORD,BETTEMBOURG,BETTEMBOURG,Others,Luxembourg,F101WT,,,,,,,,,WT,,, , ,N,,EMEA,,,,,KAM - Steel Cord,"BETTEMBOURG, LUXEMBOURG",BETTEMBOURG,,KAM - STEEL CORD,BETTEMBOURG,BETTEMBOURG,OTHERS,LUXEMBOURG,No,,,,,,,,,,
REINFORCEMENT,1,RFWT,2+1X.28 NT,N,KAM - STEEL CORD,SVENTGOTTHARD,SVENTGOTTHARD,Others,Hungary,E201WT,,,,,,,,,WT,,, , ,N,,EMEA,,,,,KAM - Steel Cord,"SVENTGOTTHARD, HUNGARY",SVENTGOTTHARD,,KAM - STEEL CORD,SVENTGOTTHARD,SVENTGOTTHARD,OTHERS,HUNGARY,No,,,,,,,,,,
REINFORCEMENT,1,RFX08R,2440 DECITEX RAYON,N,INDORAMA VENTURES MOBILITY,ST POLTEN,St Polten,Others,Austria,SUPER II,,,,,,,,,X08R,,, , ,N,,EMEA,,,,,INDORAMA VENTURES MOBILITY (Glanzstoff),"St Polten, Austria",St Polten,,INDORAMA VENTURES MOBILITY,ST POLTEN,ST POLTEN,OTHERS,AUSTRIA,Yes,,,,,,,,,,
REINFORCEMENT,1,RFXB,4.1MM CABLE,N,GOODYEAR TIRE AND RUBBER,"Asheboro, NC, USA",Asheboro,NC,USA,G101XB,,,,,,,,,XB,,, , ,N,,NA,,,,,,,,,,,,,,,,,,,,,,,,
REINFORCEMENT,1,RFTV28HF,"HMLS POLYESTER 1670/1/2 8.5x8.5TPI, 28EPI HF",N,PT INDO KORDSA,CITEUREUP,CITEUREUP,Others,Indonesia,TV28HF,,,,,,,,,TV28HF,,, , ,N,,LA,,,,,PT INDO KORDSA,"CITEUREUP, INDONESIA",CITEUREUP,BGQ,PT INDO KORDSA,CITEUREUP,CITEUREUP,OTHERS,INDONESIA,Yes,,,,,,,,,,
REINFORCEMENT,1,RFYK20VA,AA-HMLS POLYESTER 1440/1/3 8.5X8.5 TPI 20EPI VA,N,HYOSUNG CORPORATION,UTICA,Utica,NY,USA,YK20VA,,,,,,,,,YK20VA,,, , ,N,,"EMEA, NA",,,,,HYOSUNG CORPORATION,"Utica, NY, USA",Utica,FHZ,HYOSUNG CORPORATION,UTICA,UTICA,NY,USA,Yes,,,,,,,,,,
REINFORCEMENT,1,RFYK26VF,AA-HMLS POLYESTER 1440/1/3 8.5X8.5 TPI 26EPI VF,N,HYOSUNG CORPORATION,UTICA,Utica,NY,USA,YK26VF,,,,,,,,,YK26VF,,, , ,N,,NA,,,,,HYOSUNG CORPORATION,"Utica, NY, USA",Utica,FHZ,HYOSUNG CORPORATION,UTICA,UTICA,NY,USA,Yes,,,,,,,,,,
REINFORCEMENT,1,RFZA23SA,"CARBON FIBER  4000/0/1, 0 X 1.5 TPI 23 EPI SA",N,HYOSUNG CORPORATION,UTICA,Utica,NY,USA,ZA23SA,,,,,,,,,ZA23SA,,, , ,N,,"AP, EMEA, LA, NA",,,,,HYOSUNG CORPORATION,"Utica, NY, USA",Utica,FHZ,HYOSUNG CORPORATION,UTICA,UTICA,NY,USA,Yes,,,,,,,,,,
REINFORCEMENT,1,RFFP,1x.21/18x.185 UT,N,HYOSUNG CORPORATION,ASHEBORO,Asheboro,NC,USA,C201FP,,,,,,,,,FP,,, , ,N,,NA,,,,,HYOSUNG CORPORATION,"Asheboro, NC, USA",Asheboro,,HYOSUNG CORPORATION,ASHEBORO,ASHEBORO,NC,USA,Yes,,,,,,,,,,
REINFORCEMENT,1,RFTB30HF,HMLS  POLYESTER 1100/1/3 8.5 X 8.5 TPI 30EPI HF,N,PRIMA SENTRA MEGAH,TANGERANG,TANGERANG,Others,Indonesia,TB30HF,,,,,,,,,TB30HF,,, , ,N,,AP,,,,,PRIMA SENTRA MEGAH,"TANGERANG, INDONESIA",TANGERANG,,PRIMA SENTRA MEGAH,TANGERANG,TANGERANG,OTHERS,INDONESIA,Yes,,,,,,,,,,
REINFORCEMENT,1,RFTB30HF,HMLS  POLYESTER 1100/1/3 8.5 X 8.5 TPI 30EPI HF,N,KOLON,GUMI,Gumi,Others,South Korea,TB30HF,,,,,,,,,TB30HF,,, , ,N,,"AP, EMEA, LA",,,,,KOLON,"Gumi, South Korea",Gumi,BJZ,KOLON,GUMI,GUMI,OTHERS,SOUTH KOREA,Yes,,,,,,,,,,
REINFORCEMENT,1,RFTB30HF,HMLS  POLYESTER 1100/1/3 8.5 X 8.5 TPI 30EPI HF,N,THAI INDO KORDSA,AYUTTHAYA,"AYUTTHAYA, THAILAND",Others,Thailand,TB30HF,,,,,,,,,TB30HF,,, , ,N,,"AP, EMEA, LA",,,,,THAI INDO KORDSA,"AYUTTHAYA, THAILAND","AYUTTHAYA, THAILAND",JAE,THAI INDO KORDSA,AYUTTHAYA,"AYUTTHAYA, THAILAND",OTHERS,THAILAND,Yes,,,,,,,,,,
REINFORCEMENT,1,RFTB30HF,HMLS  POLYESTER 1100/1/3 8.5 X 8.5 TPI 30EPI HF,N,PT INDO KORDSA,CITEUREUP,CITEUREUP,Others,Indonesia,TB30HF,,,,,,,,,TB30HF,,, , ,N,,AP,,,,,PT INDO KORDSA,"CITEUREUP, INDONESIA",CITEUREUP,BGQ,PT INDO KORDSA,CITEUREUP,CITEUREUP,OTHERS,INDONESIA,Yes,,,,,,,,,,
REINFORCEMENT,1,RFTB30HF,HMLS  POLYESTER 1100/1/3 8.5 X 8.5 TPI 30EPI HF,N,FORMOSA TAFFETA,TOULIU,TOULIOU,Others,Taiwan,TB30HF,,,,,,,,,TB30HF,,, , ,N,,AP,,,,,FORMOSA TAFFETA,"TOULIOU, TAIWAN",TOULIOU,JFM,FORMOSA TAFFETA,TOULIU,TOULIU,OTHERS,TAIWAN,Yes,,,,,,,,,,
REINFORCEMENT,1,RFTC24HA,HMLS POLYESTER  1100/1/2 12 X 12 TPI 24EPI HA,N,HYOSUNG CORPORATION,DECATUR,Decatur,AL,USA,TC24HA,,,,,,,,,TC24HA,,, , ,N,,NA,,,,,HYOSUNG CORPORATION,"Decatur, AL, USA",Decatur,AIT,HYOSUNG CORPORATION,DECATUR,DECATUR,AL,USA,Yes,,,,,,,,,,
REINFORCEMENT,1,RFTC27HA,HMLS POLYESTER  1100/1/2 12 X 12 TPI 27EPI HA,N,HYOSUNG CORPORATION,DECATUR,Decatur,AL,USA,TC27HA,,,,,,,,,TC27HA,,, , ,N,,NA,,,,,HYOSUNG CORPORATION,"Decatur, AL, USA",Decatur,AIT,HYOSUNG CORPORATION,DECATUR,DECATUR,AL,USA,Yes,,,,,,,,,,
REINFORCEMENT,1,RFTC29HF,HMLS  POLYESTER 1100/1/2 12 X 12 TPI 29EPI HF,N,PRIMA SENTRA MEGAH,TANGERANG,TANGERANG,Others,Indonesia,TC29HF,,,,,,,,,TC29HF,,, , ,N,,AP,,,,,PRIMA SENTRA MEGAH,"TANGERANG, INDONESIA",TANGERANG,,PRIMA SENTRA MEGAH,TANGERANG,TANGERANG,OTHERS,INDONESIA,Yes,,,,,,,,,,
REINFORCEMENT,1,RFTC29HF,HMLS  POLYESTER 1100/1/2 12 X 12 TPI 29EPI HF,N,KOLON,GUMI,Gumi,Others,South Korea,TC29HF,,,,,,,,,TC29HF,,, , ,N,,"AP, EMEA, LA",,,,,KOLON,"Gumi, South Korea",Gumi,BJZ,KOLON,GUMI,GUMI,OTHERS,SOUTH KOREA,Yes,,,,,,,,,,
REINFORCEMENT,1,RFTC29HF,HMLS  POLYESTER 1100/1/2 12 X 12 TPI 29EPI HF,N,THAI INDO KORDSA,AYUTTHAYA,"AYUTTHAYA, THAILAND",Others,Thailand,TC29HF,,,,,,,,,TC29HF,,, , ,N,,"AP, EMEA, LA",,,,,THAI INDO KORDSA,"AYUTTHAYA, THAILAND","AYUTTHAYA, THAILAND",JAE,THAI INDO KORDSA,AYUTTHAYA,"AYUTTHAYA, THAILAND",OTHERS,THAILAND,Yes,,,,,,,,,,
REINFORCEMENT,1,RFTC29HF,HMLS  POLYESTER 1100/1/2 12 X 12 TPI 29EPI HF,N,PT INDO KORDSA,CITEUREUP,CITEUREUP,Others,Indonesia,TC29HF,,,,,,,,,TC29HF,,, , ,N,,AP,,,,,PT INDO KORDSA,"CITEUREUP, INDONESIA",CITEUREUP,BGQ,PT INDO KORDSA,CITEUREUP,CITEUREUP,OTHERS,INDONESIA,Yes,,,,,,,,,,
REINFORCEMENT,1,RFTC29HF,HMLS  POLYESTER 1100/1/2 12 X 12 TPI 29EPI HF,N,FORMOSA TAFFETA,TOULIU,TOULIOU,Others,Taiwan,TC29HF,,,,,,,,,TC29HF,,, , ,N,,AP,,,,,FORMOSA TAFFETA,"TOULIOU, TAIWAN",TOULIOU,JFM,FORMOSA TAFFETA,TOULIU,TOULIU,OTHERS,TAIWAN,Yes,,,,,,,,,,
REINFORCEMENT,1,RFFN,4+3x.35 UT,N,BEKAERT,AALTER,Aalter,Others,Belgium,B101FN,,,,,,,,,FN,,, , ,N,,"AP, EMEA, LA, NA",,,,,BEKAERT,"Aalter, Belgium",Aalter,,BEKAERT,AALTER,AALTER,OTHERS,BELGIUM,No,,,,,,,,,,
REINFORCEMENT,1,RFAR,0.965MM BEAD WIRE - REGULAR TENSILE,N,NATSTAN,SOUTH AFRICA,,Others,South Africa,145AR,,,,,,,,,AR,,, , ,N,,EMEA,South Africa,,,South Africa,NATSTAN,SOUTH AFRICA,,ECN,NATSTAN,SOUTH AFRICA,,OTHERS,SOUTH AFRICA,Yes,,,,,,,,,,
REINFORCEMENT,1,RFAR,0.965MM BEAD WIRE - REGULAR TENSILE,N,BEKAERT,CLARKSDALE,Clarksdale,MS,USA,041AR,,,,,,,,,AR,,, , ,N,,NA,,,,,BEKAERT,Clarksdale,Clarksdale,,BEKAERT,CLARKSDALE,CLARKSDALE,MS,USA,No,,,,,,,,,,
REINFORCEMENT,1,RFAR,0.965MM BEAD WIRE - REGULAR TENSILE,N,BEKAERT,ROME,Rome,GA,USA,022AR,,,,,,,,,AR,,, , ,N,,NA,,,,,BEKAERT,"Rome, GA, USA",Rome,AJJ,BEKAERT,ROME,ROME,GA,USA,Yes,,,,,,,,,,
REINFORCEMENT,1,RFAR,0.965MM BEAD WIRE - REGULAR TENSILE,N,SOUTHERN WIRE,SEL,,SEL,Malaysia,111AR,,,,,,,,,AR,,, , ,N,,AP,,,,,SOUTHERN WIRE,"SEL, MALAYSIA",,,SOUTHERN WIRE,SEL,,SEL,MALAYSIA,Yes,,,,,,,,,,
REINFORCEMENT,1,RFAR,0.965MM BEAD WIRE - REGULAR TENSILE,N,TATA,TARAPUR,TARAPUR,Others,India,192AR,,,,,,,,,AR,,, , ,N,,AP,"Aurangabad India, Ballabgarh India",,,"Aurangabad, Ballabgarh",TATA,"TARAPUR, INDIA",TARAPUR,JGQ,TATA,TARAPUR,TARAPUR,OTHERS,INDIA,Yes,,,,,,,,,,
REINFORCEMENT,1,RFAR,0.965MM BEAD WIRE - REGULAR TENSILE,N,TRAFILERIE MERIDIONALI,CHIETI SCALO,CHIETI SCALO,Others,Italy,201AR,,,,,,,,,AR,,, , ,N,,EMEA,,,,,TRAFILERIE MERIDIONALI,"CHIETI SCALO, ITALY",CHIETI SCALO,ALL,TRAFILERIE MERIDIONALI,CHIETI SCALO,CHIETI SCALO,OTHERS,ITALY,No,,,,,,,,,,
REINFORCEMENT,1,RFAR,0.965MM BEAD WIRE - REGULAR TENSILE,N,CELIK HALAT,IZMIT,IZMIT,Others,Turkey,031AR,,,,,,,,,AR,,, , ,N,,EMEA,,,,,CELIK HALAT,"IZMIT, TURKEY",IZMIT,,CELIK HALAT,IZMIT,IZMIT,OTHERS,TURKEY,Yes,,,,,,,,,,
REINFORCEMENT,1,RFAR,0.965MM BEAD WIRE - REGULAR TENSILE,N,KISWIRE,HONG DUK,Hong Duk,Others,South Korea,242AR,,,,,,,,,AR,,, , ,N,,"AP, EMEA, LA, NA",,,,,Kiswire - Bead Wire,"Hong Duk, South Korea",Hong Duk,JBU,KISWIRE,HONG DUK,HONG DUK,OTHERS,SOUTH KOREA,Yes,,,,,,,,,,
REINFORCEMENT,1,RFAR,0.965MM BEAD WIRE - REGULAR TENSILE,N,BEKAERT,AALTER,Aalter,Others,Belgium,021AR,,,,,,,,,AR,,, , ,N,,"AP, EMEA, LA, NA",,,,,BEKAERT,"Aalter, Belgium",Aalter,,BEKAERT,AALTER,AALTER,OTHERS,BELGIUM,No,,,,,,,,,,
REINFORCEMENT,1,RFAR,0.965MM BEAD WIRE - REGULAR TENSILE,N,SUMIDEN SERASE,JAKARTA,JAKARTA,Others,Indonesia,301AR,,,,,,,,,AR,,, , ,N,,"AP, EMEA, LA",,,,,SUMIDEN SERASE,"JAKARTA, INDONESIA",JAKARTA,,SUMIDEN SERASE,JAKARTA,JAKARTA,OTHERS,INDONESIA,Yes,,,,,,,,,,
REINFORCEMENT,1,RFAR,0.965MM BEAD WIRE - REGULAR TENSILE,N,GUSTAV WOLF,GUTERSLOH,GUTERSLOH,Others,Germany,071AR,,,,,,,,,AR,,, , ,N,,"AP, EMEA, LA",,,,,GUSTAV WOLF,"GUTERSLOH, GERMANY",GUTERSLOH,,GUSTAV WOLF,GUTERSLOH,GUTERSLOH,OTHERS,GERMANY,Yes,,,,,,,,,,
REINFORCEMENT,1,RFAR,0.965MM BEAD WIRE - REGULAR TENSILE,N,BEKAERT,IZMIT,"IZMIT, TURKEY",Others,Turkey,023AR,,,,,,,,,AR,,, , ,N,,"AP, EMEA, LA",,,,,BEKAERT,"IZMIT, TURKEY","IZMIT, TURKEY",APK,BEKAERT,IZMIT,"IZMIT, TURKEY",OTHERS,TURKEY,Yes,,,,,,,,,,
REINFORCEMENT,1,RFAR,0.965MM BEAD WIRE - REGULAR TENSILE,N,AARTI STEELS,LUDHIYANA,LUDHIYANA,Others,India,331AR,,,,,,,,,AR,,, , ,N,,"AP, EMEA, LA",,,,,AARTI STEELS,"LUDHIYANA, INDIA",LUDHIYANA,JHJ,AARTI STEELS,LUDHIYANA,LUDHIYANA,OTHERS,INDIA,Yes,,,,,,,,,,
REINFORCEMENT,1,RFAR,0.965MM BEAD WIRE - REGULAR TENSILE,N,TIANMAO,MUDANJIAN,Mudanjian,Others,China,372AR,,,,,,,,,AR,,, , ,N,,"AP, EMEA",,,,,TIANMAO,"Mudanjian, China",Mudanjian,,TIANMAO,MUDANJIAN,MUDANJIAN,OTHERS,CHINA,Yes,,,,,,,,,,
REINFORCEMENT,1,RFAR,0.965MM BEAD WIRE - REGULAR TENSILE,N,SCAW METALS,JOHANNESBURG,JOHANNESBURG,Others,South Africa,271AR,,,,,,,,,AR,,, , ,N,,"AP, EMEA",,,,,SCAW METALS,"JOHANNESBURG, SOUTH AFRICA",JOHANNESBURG,,SCAW METALS,JOHANNESBURG,JOHANNESBURG,OTHERS,SOUTH AFRICA,Yes,,,,,,,,,,
REINFORCEMENT,1,RFAR,0.965MM BEAD WIRE - REGULAR TENSILE,N,RAJRATAN GLOBAL WIRE,INDORE,INDORE,Others,India,381AR,,,,,,,,,AR,,, , ,N,,"AP, EMEA",,,,,RAJRATAN GLOBAL WIRE,"INDORE, INDIA",INDORE,JJC,RAJRATAN GLOBAL WIRE,INDORE,INDORE,OTHERS,INDIA,Yes,,,,,,,,,,
REINFORCEMENT,1,RFAR,0.965MM BEAD WIRE - REGULAR TENSILE,N,KISWIRE,PASIR GUDANG,Pasir Gudang,Others,Malaysia,245BH,,,,,,,,,AR,,, , ,N,,"AP, EMEA",,,,,KISWIRE,"Pasir Gudang, JOH, Malaysia",Pasir Gudang,JAM,KISWIRE,PASIR GUDANG,PASIR GUDANG,OTHERS,MALAYSIA,Yes,,,,,,,,,,
REINFORCEMENT,1,RFAR,0.965MM BEAD WIRE - REGULAR TENSILE,N,BEKAERT,JIANGYIN,Jiangyin,Others,China,025AR,,,,,,,,,AR,,, , ,N,,"AP, EMEA",,,,,BEKAERT,"Jiangyin, China",Jiangyin,JTM,BEKAERT,JIANGYIN,JIANGYIN,OTHERS,CHINA,Yes,,,,,,,,,,
REINFORCEMENT,1,RFB01L,1400 DECITEX NYLON 6,N,KORDSA,BA,,BA,Brazil,400-5,,,,,,,,,B01L,,, , ,N,,"AP, EMEA, LA",,,,,KORDSA,"BA, Brazil",,DBV,KORDSA,BA,,BA,BRAZIL,Yes,,,,,,,,,,
REINFORCEMENT,1,RFB01N,"940 DECITEX (846 denier) NYLON 6,6",N,RHODIA (FAIRWAY FILAMENTOS),SAO PAULO,Sao Paulo,SP,Brazil,N-220,,,,,,,,,B01N,,, , ,N,,"AP, EMEA, LA",,,,,RHODIA (FAIRWAY FILAMENTOS),"Sao Paulo, SP, Brazil",Sao Paulo,,RHODIA (FAIRWAY FILAMENTOS),SAO PAULO,SAO PAULO,SP,BRAZIL,Yes,,,,,,,,,,
REINFORCEMENT,1,RFB03L,940 DECITEX NYLON 6,N,KORDSA,BA,,BA,Brazil,400-5,,,,,,,,,B03L,,, , ,N,,"AP, EMEA, LA",,,,,KORDSA,"BA, Brazil",,DBV,KORDSA,BA,,BA,BRAZIL,Yes,,,,,,,,,,
REINFORCEMENT,1,RFB03Q,1100 DECITEX AA-HMLS POLYESTER,N,KORDSA,BA,,BA,Brazil,1125T,,,,,,,,,B03Q,,, , ,N,,"AP, EMEA, LA",,,,,KORDSA,"BA, Brazil",,DBV,KORDSA,BA,,BA,BRAZIL,Yes,,,,,,,,,,
REINFORCEMENT,1,RFB05L,2100 DECITEX NYLON 6,N,KORDSA,BA,,BA,Brazil,400-5,,,,,,,,,B05L,,, , ,N,,"AP, EMEA, LA",,,,,KORDSA,"BA, Brazil",,DBV,KORDSA,BA,,BA,BRAZIL,Yes,,,,,,,,,,
REINFORCEMENT,1,RFB06L,1880 DECITEX NYLON 6,N,KORDSA,CAMACARI,Camacari,BA,Brazil,NYLON 6,,,,,,,,,B06L,,, , ,N,,LA,,,,,KORDSA,"Camacari, Brazil",Camacari,DBV,KORDSA,CAMACARI,CAMACARI,BA,BRAZIL,Yes,,,,,,,,,,
REINFORCEMENT,1,RFB07N,"2100 DECITEX NYLON 6,6",N,RHODIA (FAIRWAY FILAMENTOS),SAO PAULO,Sao Paulo,SP,Brazil,X-550,,,,,,,,,B07N,,, , ,N,,LA,,,,,RHODIA (FAIRWAY FILAMENTOS),"Sao Paulo, SP, Brazil",Sao Paulo,,RHODIA (FAIRWAY FILAMENTOS),SAO PAULO,SAO PAULO,SP,BRAZIL,Yes,,,,,,,,,,
REINFORCEMENT,1,RFB08N,"940 DECITEX  NYLON 6,6",N,SOLVAY,HUMENNE,HUMENNE,Others,Slovak Republic,T650,,,,,,,,,B08N,,, , ,N,,"AP, EMEA, LA",,,,,SOLVAY,"HUMENNE, SLOVAK REPUBLIC",HUMENNE,,SOLVAY,HUMENNE,HUMENNE,OTHERS,SLOVAK REPUBLIC,Yes,,,,,,,,,,
REINFORCEMENT,1,RFB08T,1670 DECITEX HMLS POLYESTER,N,KORDSA,BA,,BA,Brazil,2650,,,,,,,,,B08T,,, , ,N,,NA,,,,,KORDSA,"BA, Brazil",,DBV,KORDSA,BA,,BA,BRAZIL,Yes,,,,,,,,,,
REINFORCEMENT,1,RFB09Q,1100 DECITEX AA-HMLS POLYESTER,N,KORDSA,BA,,BA,Brazil,DIOLIN 1225,,,,,,,,,B09Q,,, , ,N,,"AP, EMEA, LA",,,,,KORDSA,"BA, Brazil",,DBV,KORDSA,BA,,BA,BRAZIL,Yes,,,,,,,,,,
REINFORCEMENT,1,RFBH,"1.295MM BEAD WIRE - HIGH TENSILE 
(Cooper 9021/9906/9001)",Y,KISWIRE,NEWBERRY,Newberry,SC,USA,243BH,,,,,,,,,BH,,, , ,Y,,NA,,,,,Kiswire - Bead Wire,"Newberry, SC, USA",Newberry,CFR,KISWIRE,NEWBERRY,NEWBERRY,SC,USA,Yes,,,,,,,,,,
REINFORCEMENT,1,RFBH,"1.295MM BEAD WIRE - HIGH TENSILE 
(Cooper 9021/9906/9001)",N,KISWIRE,HONG DUK,Hong Duk,Others,South Korea,242BHnoSOS,,,,,,,,,BH,,, , ,N,,NA,,,,,Kiswire - Bead Wire,"Hong Duk, South Korea",Hong Duk,JBU,KISWIRE,HONG DUK,HONG DUK,OTHERS,SOUTH KOREA,Yes,,,,,,,,,,
REINFORCEMENT,1,RFBH,"1.295MM BEAD WIRE - HIGH TENSILE 
(Cooper 9021/9906/9001)",N,BEKAERT,CLARKSDALE,Clarksdale,MS,USA,041BH,,,,,,,,,BH,,, , ,N,,NA,,,,,BEKAERT,Clarksdale,Clarksdale,,BEKAERT,CLARKSDALE,CLARKSDALE,MS,USA,No,,,,,,,,,,
REINFORCEMENT,1,RFBH,"1.295MM BEAD WIRE - HIGH TENSILE 
(Cooper 9021/9906/9001)",Y,BEKAERT,ROME,Rome,GA,USA,022BH,,,,,,,,,BH,,, , ,Y,,NA,,,,,BEKAERT,"Rome, GA, USA",Rome,AJJ,BEKAERT,ROME,ROME,GA,USA,Yes,,,,,,,,,,
REINFORCEMENT,1,RFBH,"1.295MM BEAD WIRE - HIGH TENSILE 
(Cooper 9021/9906/9001)",N,EMCOCABLES,BOGOTA,BOGOTA,Others,Colombia,051BH,,,,,,,,,BH,,, , ,N,,LA,,,,,EMCOCABLES,"BOGOTA, COLOMBIA",BOGOTA,,EMCOCABLES,BOGOTA,BOGOTA,OTHERS,COLOMBIA,Yes,,,,,,,,,,
REINFORCEMENT,1,RFBH,"1.295MM BEAD WIRE - HIGH TENSILE 
(Cooper 9021/9906/9001)",N,ACIDAR,BUENOS AIRES,Buenos Aires,Others,Argentina,061BH,,,,,,,,,BH,,, , ,N,,LA,L501 - Argentina,,,Argentina,ACIDAR,"Buenos Aires, Argentina",Buenos Aires,,ACIDAR,BUENOS AIRES,BUENOS AIRES,BUENOS AIRES,ARGENTINA,Yes,,,,,,,,,,
REINFORCEMENT,1,RFBH,"1.295MM BEAD WIRE - HIGH TENSILE 
(Cooper 9021/9906/9001)",N,BEKAERT,AALTER,Aalter,Others,Belgium,021BH,,,,,,,,,BH,,, , ,N,,"AP, EMEA, LA, NA",,,,,BEKAERT,"Aalter, Belgium",Aalter,,BEKAERT,AALTER,AALTER,OTHERS,BELGIUM,No,,,,,,,,,,
REINFORCEMENT,1,RFBH,"1.295MM BEAD WIRE - HIGH TENSILE 
(Cooper 9021/9906/9001)",N,SOUTHERN WIRE,SEL,,SEL,Malaysia,111BH,,,,,,,,,BH,,, , ,N,,"AP, EMEA, LA",,,,,SOUTHERN WIRE,"SEL, MALAYSIA",,,SOUTHERN WIRE,SEL,,SEL,MALAYSIA,Yes,,,,,,,,,,
REINFORCEMENT,1,RFBH,"1.295MM BEAD WIRE - HIGH TENSILE 
(Cooper 9021/9906/9001)",Y,KISWIRE,YANGSAN,Yangsan,Others,South Korea,241BH,,,,,,,,,BH,,, , ,Y,,"AP, EMEA, LA, NA",,,,,Kiswire - Bead Wire,"Yangsan, South Korea",Yangsan,JDR,KISWIRE,YANGSAN,YANGSAN,OTHERS,SOUTH KOREA,Yes,,,,,,,,,,
REINFORCEMENT,1,RFBH,"1.295MM BEAD WIRE - HIGH TENSILE 
(Cooper 9021/9906/9001)",N,GUSTAV WOLF,GUTERSLOH,GUTERSLOH,Others,Germany,071BH,,,,,,,,,BH,,, , ,N,,"AP, EMEA, LA",,,,,GUSTAV WOLF,"GUTERSLOH, GERMANY",GUTERSLOH,,GUSTAV WOLF,GUTERSLOH,GUTERSLOH,OTHERS,GERMANY,Yes,,,,,,,,,,
REINFORCEMENT,1,RFBH,"1.295MM BEAD WIRE - HIGH TENSILE 
(Cooper 9021/9906/9001)",N,BEKAERT,VALENCIA,VALENCIA,Others,Venezuela,221BH,,,,,,,,,BH,,, , ,N,,"AP, EMEA, LA",,,,,BEKAERT VICSON,"VALENCIA, VENEZUELA",VALENCIA,,BEKAERT,VALENCIA,VALENCIA,OTHERS,VENEZUELA,Yes,,,,,,,,,,
REINFORCEMENT,1,RFBH,"1.295MM BEAD WIRE - HIGH TENSILE 
(Cooper 9021/9906/9001)",Y,BEKAERT,IZMIT,"IZMIT, TURKEY",Others,Turkey,023BH,,,,,,,,,BH,,, , ,Y,,"AP, EMEA, LA",,,,,BEKAERT,"IZMIT, TURKEY","IZMIT, TURKEY",APK,BEKAERT,IZMIT,"IZMIT, TURKEY",OTHERS,TURKEY,Yes,,,,,,,,,,
REINFORCEMENT,1,RFBH,"1.295MM BEAD WIRE - HIGH TENSILE 
(Cooper 9021/9906/9001)",Y,BEKAERT,BRAZIL,,Others,Brazil,091BH,,,,,,,,,BH,,, , ,Y,,"AP, EMEA, LA",,,,,Bekaert Brazil ¿ BBA,Brazil,,DAO,BEKAERT,BRAZIL,,OTHERS,BRAZIL,Yes,,,,,,,,,,
REINFORCEMENT,1,RFBH,"1.295MM BEAD WIRE - HIGH TENSILE 
(Cooper 9021/9906/9001)",N,TRAFILERIE MERIDIONALI,CHIETI SCALO,CHIETI SCALO,Others,Italy,201BH,,,,,,,,,BH,,, , ,N,,"AP, EMEA",,,,,TRAFILERIE MERIDIONALI,"CHIETI SCALO, ITALY",CHIETI SCALO,ALL,TRAFILERIE MERIDIONALI,CHIETI SCALO,CHIETI SCALO,OTHERS,ITALY,No,,,,,,,,,,
REINFORCEMENT,1,RFBH,"1.295MM BEAD WIRE - HIGH TENSILE 
(Cooper 9021/9906/9001)",N,RAJRATAN GLOBAL WIRE,INDORE,INDORE,Others,India,381BH,,,,,,,,,BH,,, , ,N,,"AP, EMEA",,,,,RAJRATAN GLOBAL WIRE,"INDORE, INDIA",INDORE,JJC,RAJRATAN GLOBAL WIRE,INDORE,INDORE,OTHERS,INDIA,Yes,,,,,,,,,,
REINFORCEMENT,1,RFBH,"1.295MM BEAD WIRE - HIGH TENSILE 
(Cooper 9021/9906/9001)",Y,NATSTAN,SOUTH AFRICA,,Others,South Africa,145BH,,,,,,,,,BH,,, , ,Y,,"AP, EMEA",,,,,NATSTAN,SOUTH AFRICA,,ECN,NATSTAN,SOUTH AFRICA,,OTHERS,SOUTH AFRICA,Yes,,,,,,,,,,
REINFORCEMENT,1,RFBH,"1.295MM BEAD WIRE - HIGH TENSILE 
(Cooper 9021/9906/9001)",N,CELIK HALAT,IZMIT,IZMIT,Others,Turkey,031BH,,,,,,,,,BH,,, , ,N,,"AP, EMEA",,,,,CELIK HALAT,"IZMIT, TURKEY",IZMIT,,CELIK HALAT,IZMIT,IZMIT,OTHERS,TURKEY,Yes,,,,,,,,,,
REINFORCEMENT,1,RFBH20MS,"NYLON 6,6 1400/1/3 8.4X8.4 TPI 20EPI MS",N,HYOSUNG CORPORATION,UTICA,Utica,NY,USA,139BH20MS,,,,,,,,,BH20MS,,, , ,N,,"EMEA, NA",,,,,HYOSUNG CORPORATION,"Utica, NY, USA",Utica,FHZ,HYOSUNG CORPORATION,UTICA,UTICA,NY,USA,Yes,,,,,,,,,,
REINFORCEMENT,1,RFBI30GF,"NYLON 6,6 940/1 0X4.6S TPI 30EPI GF",Y,HYOSUNG CORPORATION,LISA,LISA,Others,Luxembourg,S01BI30GF,,,,,,,,,BI30GF,,, , ,Y,,"AP, EMEA",,,,,HYOSUNG CORPORATION,"LISA, LUXEMBOURG",LISA,AIG,HYOSUNG CORPORATION,LISA,LISA,OTHERS,LUXEMBOURG,Yes,,,,,,,,,,
REINFORCEMENT,1,RFBN24MA,"NYLON 6,6  1400/1 0X4.5 TPI 24EPI MA",N,HYOSUNG CORPORATION,UTICA,Utica,NY,USA,BN24MA,,,,,,,,,BN24MA,,, , ,N,,NA,,,,,HYOSUNG CORPORATION,"Utica, NY, USA",Utica,FHZ,HYOSUNG CORPORATION,UTICA,UTICA,NY,USA,Yes,,,,,,,,,,
REINFORCEMENT,1,RFBN32GA,"NYLON 6,6 1400/1 0X4.6 TPI  32EPI  GA",Y,HYOSUNG CORPORATION,LISA,LISA,Others,Luxembourg,U02BN32GA,,,,,,,,,BN32GA,,, , ,Y,,"AP, EMEA",,,,,HYOSUNG CORPORATION,"LISA, LUXEMBOURG",LISA,AIG,HYOSUNG CORPORATION,LISA,LISA,OTHERS,LUXEMBOURG,Yes,,,,,,,,,,
REINFORCEMENT,1,RFBN32JA,"NYLON 6,6  1400/1 0X4.6 TPI 32EPI JA",Y,THAI INDO KORDSA,AYUTTHAYA,"AYUTTHAYA, THAILAND",Others,Thailand,N01BN32JA,,,,,,,,,BN32JA,,, , ,Y,,AP,,,,,THAI INDO KORDSA,"AYUTTHAYA, THAILAND","AYUTTHAYA, THAILAND",JAE,THAI INDO KORDSA,AYUTTHAYA,"AYUTTHAYA, THAILAND",OTHERS,THAILAND,Yes,,,,,,,,,,
REINFORCEMENT,1,RFBN32JA,"NYLON 6,6  1400/1 0X4.6 TPI 32EPI JA",N,PT INDO KORDSA,CITEUREUP,CITEUREUP,Others,Indonesia,BN32JA,,,,,,,,,BN32JA,,, , ,N,,AP,,,,,PT INDO KORDSA,"CITEUREUP, INDONESIA",CITEUREUP,BGQ,PT INDO KORDSA,CITEUREUP,CITEUREUP,OTHERS,INDONESIA,Yes,,,,,,,,,,
REINFORCEMENT,1,RFBN32JA,"NYLON 6,6  1400/1 0X4.6 TPI 32EPI JA",N,FORMOSA TAFFETA,TOULIU,TOULIOU,Others,Taiwan,BN32JA,,,,,,,,,BN32JA,,, , ,N,,"AP, EMEA",,,,,FORMOSA TAFFETA,"TOULIOU, TAIWAN",TOULIOU,JFM,FORMOSA TAFFETA,TOULIU,TOULIU,OTHERS,TAIWAN,Yes,,,,,,,,,,
REINFORCEMENT,1,RFBN32SG,"NYLON 6,6 1400/1 0X4.6 OR 0X4.5 TPI 32EPI SG",N,KORDSA,IZMIT,Izmit,Others,Turkey,BN32SG,,,,,,,,,BN32SG,,, , ,N,,AP,,,,,KORDSA,"Izmit, Turkey",Izmit,BXD,KORDSA,IZMIT,IZMIT,OTHERS,TURKEY,Yes,,,,,,,,,,
REINFORCEMENT,1,RFWL,2x.295 HT,N,JIANGSU XINGDA,XING HUA,Xing Hua,Others,China,Z102WL,,,,,,,,,WL,,, , ,N,,"AP, EMEA, LA, NA",,,,,JIANGSU XINGDA,Xing Hua,Xing Hua,,JIANGSU XINGDA,XING HUA,XING HUA,OTHERS,CHINA,No,,,,,,,,,,
REINFORCEMENT,1,RFNF26JF,"NYLON 6,6  1400/1/2 10 X 10 TPI 26EPI JF",N,HYOSUNG CORPORATION,DECATUR,Decatur,AL,USA,NF26JF,,,,,,,,,NF26JF,,, , ,N,,LA,,,,,HYOSUNG CORPORATION,"Decatur, AL, USA",Decatur,AIT,HYOSUNG CORPORATION,DECATUR,DECATUR,AL,USA,Yes,,,,,,,,,,
REINFORCEMENT,1,RFEM,4x2x.34 HE,Y,JIAXING EASTERN,ZHEJIANG,Zhejiang,Others,China,Y101EM,,,,,,,,,EM,,, , ,Y,,AP,,,,,JIAXING EASTERN,"Zhejiang, China",Zhejiang,JWJ,JIAXING EASTERN,ZHEJIANG,ZHEJIANG,OTHERS,CHINA,Yes,,,,,,,,,,
REINFORCEMENT,1,RFTC28HF,HMLS POLYESTER  1100/1/2 12x12 TPI 28EPI HF,N,HYOSUNG CORPORATION,DECATUR,Decatur,AL,USA,TC28HF,,,,,,,,,TC28HF,,, , ,N,,LA,,,,,HYOSUNG CORPORATION,"Decatur, AL, USA",Decatur,AIT,HYOSUNG CORPORATION,DECATUR,DECATUR,AL,USA,Yes,,,,,,,,,,
REINFORCEMENT,1,RFQV28PF,AA HMLS POLYESTER 1670/1/2 8.5x8.5 TPI 28EPI PF,N,HYOSUNG CORPORATION,AMERICANA,Americana,Others,Brazil,QV28PF,,,,,,,,,QV28PF,,, , ,N,,LA,,,,,HYOSUNG CORPORATION,"Americana, SP, Brazil",Americana,,HYOSUNG CORPORATION,AMERICANA,AMERICANA,OTHERS,BRAZIL,No,,,,,,,,,,
REINFORCEMENT,1,RFKC18DH,"NYLON 6,6 MONO  4400/1 0 X 0 TPI 18EPI DH",Y,HYOSUNG CORPORATION,DECATUR,Decatur,AL,USA,712KC18DH,,,,,,,,,KC18DH,,, , ,Y,,NA,,,,,HYOSUNG CORPORATION,"Decatur, AL, USA",Decatur,AIT,HYOSUNG CORPORATION,DECATUR,DECATUR,AL,USA,Yes,,,,,,,,,,
REINFORCEMENT,1,RFKD12QA,"NYLON 6,6 MONO  10000/1 0 X 0 TPI 12EPI QA",Y,HYOSUNG CORPORATION,DECATUR,Decatur,AL,USA,711KD12QA,,,,,,,,,KD12QA,,, , ,Y,,"EMEA, LA, NA",,,,,HYOSUNG CORPORATION,"Decatur, AL, USA",Decatur,AIT,HYOSUNG CORPORATION,DECATUR,DECATUR,AL,USA,Yes,,,,,,,,,,
REINFORCEMENT,1,RFKD12QA,"NYLON 6,6 MONO  10000/1 0 X 0 TPI 12EPI QA",N,HYOSUNG CORPORATION,LISA,LISA,Others,Luxembourg,711KD12QA,,,,,,,,,KD12QA,,, , ,N,,EMEA,,,,,HYOSUNG CORPORATION,"LISA, LUXEMBOURG",LISA,AIG,HYOSUNG CORPORATION,LISA,LISA,OTHERS,LUXEMBOURG,Yes,,,,,,,,,,
REINFORCEMENT,1,RFKD14GF,"NYLON 6,6  10000/0/1 MONOFILAMENT 14EPI  GF",N,HYOSUNG CORPORATION,LISA,LISA,Others,Luxembourg,KD14GF,,,,,,,,,KD14GF,,, , ,N,,EMEA,,,,,HYOSUNG CORPORATION,"LISA, LUXEMBOURG",LISA,AIG,HYOSUNG CORPORATION,LISA,LISA,OTHERS,LUXEMBOURG,Yes,,,,,,,,,,
REINFORCEMENT,1,RFKD18JA,"NYLON 6,6 10000/0/1 MONOFILAMENT 18EPI JA",N,HYOSUNG CORPORATION,LISA,LISA,Others,Luxembourg,KD18JA,,,,,,,,,KD18JA,,, , ,N,,EMEA,,,,,HYOSUNG CORPORATION,"LISA, LUXEMBOURG",LISA,AIG,HYOSUNG CORPORATION,LISA,LISA,OTHERS,LUXEMBOURG,Yes,,,,,,,,,,
REINFORCEMENT,1,RFKH,1.20MM BEAD WIRE - HIGH TENSILE,N,GUSTAV WOLF,GUTERSLOH,GUTERSLOH,Others,Germany,071KH,,,,,,,,,KH,,, , ,N,,EMEA,,,,,GUSTAV WOLF,"GUTERSLOH, GERMANY",GUTERSLOH,,GUSTAV WOLF,GUTERSLOH,GUTERSLOH,OTHERS,GERMANY,Yes,,,,,,,,,,
REINFORCEMENT,1,RFL01A,1670 DECITEX ARAMID,Y,TEIJIN (AKZO NOBEL),EMMEN,EMMEN,Others,Netherlands,TWARON1000,,,,,,,,,L01A,,, , ,Y,,"AP, EMEA, LA, NA",,,,,TEIJIN (AKZO NOBEL),"EMMEN, NETHERLANDS",EMMEN,EKS,TEIJIN (AKZO NOBEL),EMMEN,EMMEN,OTHERS,NETHERLANDS,Yes,,,,,,,,,,
REINFORCEMENT,1,RFL15Q,1440 DECITEX AA-HMLS POLYESTER,N,DIOLEN (AKZO NOBEL),EMMEN,EMMEN,Others,Netherlands,D1127T,,,,,,,,,L15Q,,, , ,N,,"AP, EMEA, LA",,,,,DIOLEN (AKZO NOBEL),"EMMEN, NETHERLANDS",EMMEN,,DIOLEN (AKZO NOBEL),EMMEN,EMMEN,OTHERS,NETHERLANDS,Yes,,,,,,,,,,
REINFORCEMENT,1,RFL16A,1100 DTEX ARAMID (NO AT17 EU&EEMEA),Y,TEIJIN (AKZO NOBEL),EMMEN,EMMEN,Others,Netherlands,TWARON1000,,,,,,,,,L16A,,, , ,Y,,"AP, EMEA, LA, NA",,,,,TEIJIN (AKZO NOBEL),"EMMEN, NETHERLANDS",EMMEN,EKS,TEIJIN (AKZO NOBEL),EMMEN,EMMEN,OTHERS,NETHERLANDS,Yes,,,,,,,,,,
REINFORCEMENT,1,RFLA,470/1 DECITEX NYLON 6 WOVEN 24X24,N,MEHLER INDUSTRIES,FULDA,FULDA,Others,Germany,G11LA,,,,,,,,,LA,,, , ,N,,"AP, EMEA, LA",,,,,MEHLER INDUSTRIES,"FULDA, GERMANY",FULDA,BVX,MEHLER INDUSTRIES,FULDA,FULDA,OTHERS,GERMANY,Yes,,,,,,,,,,
REINFORCEMENT,1,RFLC16,NYLON 6 940/1/2 12x12 TPI 16 EPI,N,KORDSA,CAMACARI,Camacari,BA,Brazil,LC16,,,,,,,,,LC16,,, , ,N,,"AP, LA",,,,,KORDSA,"Camacari, Brazil",Camacari,DBV,KORDSA,CAMACARI,CAMACARI,BA,BRAZIL,Yes,,,,,,,,,,
REINFORCEMENT,1,RFLC16KA,NYLON 6 940/1/2 12X12 TPI 16EPI KA,Y,SRF,MANALI,MANALI,Others,India,I15LC16KA,,,,,,,,,LC16KA,,, , ,Y,,AP,,,,,SRF,"MANALI, CHENNAI, INDIA",MANALI,JDD,SRF,MANALI,MANALI,OTHERS,INDIA,Yes,,,,,,,,,,
REINFORCEMENT,1,RFLC16SL,NYLON 6 940/1/2 12X12 TPI 16EPI SL,N,SRF,MANALI,MANALI,Others,India,LC16SL,,,,,,,,,LC16SL,,, , ,N,,AP,,,,,SRF,"MANALI, CHENNAI, INDIA",MANALI,JDD,SRF,MANALI,MANALI,OTHERS,INDIA,Yes,,,,,,,,,,
REINFORCEMENT,1,RFLC20QA,NYLON 6 940/1/2 12X12 TPI 20EPI QA,N,PRIMA SENTRA MEGAH,TANGERANG,TANGERANG,Others,Indonesia,LC20QA,,,,,,,,,LC20QA,,, , ,N,,"AP, EMEA",,,,,PRIMA SENTRA MEGAH,"TANGERANG, INDONESIA",TANGERANG,,PRIMA SENTRA MEGAH,TANGERANG,TANGERANG,OTHERS,INDONESIA,Yes,,,,,,,,,,
REINFORCEMENT,1,RFLC27JA,NYLON 6 940/1/2 12X12 TPI 27EPI JA,N,FORMOSA TAFFETA,TOULIU,TOULIOU,Others,Taiwan,LC27JA,,,,,,,,,LC27JA,,, , ,N,,"AP, EMEA",,,,,FORMOSA TAFFETA,"TOULIOU, TAIWAN",TOULIOU,JFM,FORMOSA TAFFETA,TOULIU,TOULIU,OTHERS,TAIWAN,Yes,,,,,,,,,,
REINFORCEMENT,1,RFLC33,NYLON 6 940/1/2 12x12 TPI 33 EPI,N,KORDSA,CAMACARI,Camacari,BA,Brazil,LC33,,,,,,,,,LC33,,, , ,N,,"AP, LA",,,,,KORDSA,"Camacari, Brazil",Camacari,DBV,KORDSA,CAMACARI,CAMACARI,BA,BRAZIL,Yes,,,,,,,,,,
REINFORCEMENT,1,RFLF23MA,NYLON 6 1400/1/2 10X10 TPI 23EPI MA,Y,SRF,MANALI,MANALI,Others,India,I16LF23MA,,,,,,,,,LF23MA,,, , ,Y,,AP,,,,,SRF,"MANALI, CHENNAI, INDIA",MANALI,JDD,SRF,MANALI,MANALI,OTHERS,INDIA,Yes,,,,,,,,,,
REINFORCEMENT,1,RFLF26MA,NYLON 6 1400/1/2 10X10 TPI 26EPI MA,N,SRF,MANALI,MANALI,Others,India,LF26MA,,,,,,,,,LF26MA,,, , ,N,,AP,,,,,SRF,"MANALI, CHENNAI, INDIA",MANALI,JDD,SRF,MANALI,MANALI,OTHERS,INDIA,Yes,,,,,,,,,,
REINFORCEMENT,1,RFLF30MA,NYLON 6 1400/1/2 10X10 TPI 30EPI MA,Y,SRF,MANALI,MANALI,Others,India,I16LF30MA,,,,,,,,,LF30MA,,, , ,Y,,AP,,,,,SRF,"MANALI, CHENNAI, INDIA",MANALI,JDD,SRF,MANALI,MANALI,OTHERS,INDIA,Yes,,,,,,,,,,
REINFORCEMENT,1,RFLH23MA,NYLON 6 1400/1/3 8X8 TPI 23EPI MA,N,SRF,MANALI,MANALI,Others,India,LH23MA,,,,,,,,,LH23MA,,, , ,N,,AP,,,,,SRF,"MANALI, CHENNAI, INDIA",MANALI,JDD,SRF,MANALI,MANALI,OTHERS,INDIA,Yes,,,,,,,,,,
REINFORCEMENT,1,RFLH26MA,NYLON 6 1400/1/3 8X8 TPI 26EPI MA,Y,SRF,MANALI,MANALI,Others,India,I11LH26MA,,,,,,,,,LH26MA,,, , ,Y,,AP,,,,,SRF,"MANALI, CHENNAI, INDIA",MANALI,JDD,SRF,MANALI,MANALI,OTHERS,INDIA,Yes,,,,,,,,,,
REINFORCEMENT,1,RFLL23GA,"NYLON 6, 1400/1/2 8X10 TPI 23 EPI GA",N,HYOSUNG CORPORATION,LISA,LISA,Others,Luxembourg,LL23GA,,,,,,,,,LL23GA,,, , ,N,,EMEA,,,,,HYOSUNG CORPORATION,"LISA, LUXEMBOURG",LISA,AIG,HYOSUNG CORPORATION,LISA,LISA,OTHERS,LUXEMBOURG,Yes,,,,,,,,,,
REINFORCEMENT,1,RFLL23GF,"NYLON 6, 1400/1/2 8X10 TPI 23 EPI GF",N,HYOSUNG CORPORATION,LISA,LISA,Others,Luxembourg,LL23GF,,,,,,,,,LL23GF,,, , ,N,,EMEA,,,,,HYOSUNG CORPORATION,"LISA, LUXEMBOURG",LISA,AIG,HYOSUNG CORPORATION,LISA,LISA,OTHERS,LUXEMBOURG,Yes,,,,,,,,,,
REINFORCEMENT,1,RFLL26GA,"NYLON 6, 1400/1/2 8X10 TPI 26 EPI GA",N,HYOSUNG CORPORATION,LISA,LISA,Others,Luxembourg,LL26GA,,,,,,,,,LL26GA,,, , ,N,,EMEA,,,,,HYOSUNG CORPORATION,"LISA, LUXEMBOURG",LISA,AIG,HYOSUNG CORPORATION,LISA,LISA,OTHERS,LUXEMBOURG,Yes,,,,,,,,,,
REINFORCEMENT,1,RFLL26GF,"NYLON 6, 1400/1/2 8X10 TPI 26 EPI GF",N,HYOSUNG CORPORATION,LISA,LISA,Others,Luxembourg,LL26GF,,,,,,,,,LL26GF,,, , ,N,,EMEA,,,,,HYOSUNG CORPORATION,"LISA, LUXEMBOURG",LISA,AIG,HYOSUNG CORPORATION,LISA,LISA,OTHERS,LUXEMBOURG,Yes,,,,,,,,,,
REINFORCEMENT,1,RFLN,1100/1 DECITEX NYLON 6 WOVEN 14X14,Y,TEXTILES OMNES,COLOMBIA,,Others,Colombia,H01LN,,,,,,,,,LN,,, , ,Y,,"AP, EMEA, LA",,,,,TEXTILES OMNES,COLOMBIA,,,TEXTILES OMNES,COLOMBIA,,OTHERS,COLOMBIA,Yes,,,,,,,,,,
REINFORCEMENT,1,RFLP19,NYLON 6 2100/1/2 8 X 8 TPI 19EPI,N,KORDSA,CAMACARI,Camacari,BA,Brazil,LP19,,,,,,,,,LP19,,, , ,N,,"AP, LA",,,,,KORDSA,"Camacari, Brazil",Camacari,DBV,KORDSA,CAMACARI,CAMACARI,BA,BRAZIL,Yes,,,,,,,,,,
REINFORCEMENT,1,RFLP19JA,NYLON 6 2100/1/2 8 X 8 TPI 19EPI JA,N,HYOSUNG CORPORATION,AMERICANA,Americana,Others,Brazil,LP19JA,,,,,,,,,LP19JA,,, , ,N,,LA,,,,,HYOSUNG CORPORATION,"Americana, SP, Brazil",Americana,,HYOSUNG CORPORATION,AMERICANA,AMERICANA,OTHERS,BRAZIL,No,,,,,,,,,,
REINFORCEMENT,1,RFLP19JA,NYLON 6 2100/1/2 8 X 8 TPI 19EPI JA,Y,ENKA DE COLOMBIA,GIRARDOTA,GIRARDOTA,Others,Colombia,H09LP19JA,,,,,,,,,LP19JA,,, , ,Y,,LA,,,,,ENKA DE COLOMBIA,"GIRARDOTA, COLOMBIA",GIRARDOTA,DHJ,ENKA DE COLOMBIA,GIRARDOTA,GIRARDOTA,OTHERS,COLOMBIA,Yes,,,,,,,,,,
REINFORCEMENT,1,RFLP19JA,NYLON 6 2100/1/2 8 X 8 TPI 19EPI JA,N,PRIMA SENTRA MEGAH,TANGERANG,TANGERANG,Others,Indonesia,LP19JA,,,,,,,,,LP19JA,,, , ,N,,"AP, EMEA, LA",,,,,PRIMA SENTRA MEGAH,"TANGERANG, INDONESIA",TANGERANG,,PRIMA SENTRA MEGAH,TANGERANG,TANGERANG,OTHERS,INDONESIA,Yes,,,,,,,,,,
REINFORCEMENT,1,RFLP19JA,NYLON 6 2100/1/2 8 X 8 TPI 19EPI JA,N,KOLON,GUMI,Gumi,Others,South Korea,LP19JA,,,,,,,,,LP19JA,,, , ,N,,"AP, EMEA, LA",,,,,KOLON,"Gumi, South Korea",Gumi,BJZ,KOLON,GUMI,GUMI,OTHERS,SOUTH KOREA,Yes,,,,,,,,,,
REINFORCEMENT,1,RFLP19JA,NYLON 6 2100/1/2 8 X 8 TPI 19EPI JA,N,FORMOSA TAFFETA,TOULIU,TOULIOU,Others,Taiwan,LP19JA,,,,,,,,,LP19JA,,, , ,N,,AP,,,,,FORMOSA TAFFETA,"TOULIOU, TAIWAN",TOULIOU,JFM,FORMOSA TAFFETA,TOULIU,TOULIU,OTHERS,TAIWAN,Yes,,,,,,,,,,
REINFORCEMENT,1,RFLP19JF,NYLON 6 2100/1/2 8 X 8 TPI 19EPI JF,N,HYOSUNG CORPORATION,AMERICANA,Americana,Others,Brazil,LP19JF,,,,,,,,,LP19JF,,, , ,N,,LA,,,,,HYOSUNG CORPORATION,"Americana, SP, Brazil",Americana,,HYOSUNG CORPORATION,AMERICANA,AMERICANA,OTHERS,BRAZIL,No,,,,,,,,,,
REINFORCEMENT,1,RFLP23,NYLON 6 2100/1/2 8 X 8 TPI 23EPI,N,KORDSA,CAMACARI,Camacari,BA,Brazil,LP23,,,,,,,,,LP23,,, , ,N,,"AP, LA",,,,,KORDSA,"Camacari, Brazil",Camacari,DBV,KORDSA,CAMACARI,CAMACARI,BA,BRAZIL,Yes,,,,,,,,,,
REINFORCEMENT,1,RFLP23JA,NYLON 6 2100/1/2 8x8 TPI 23 EPI JA,N,HYOSUNG CORPORATION,AMERICANA,Americana,Others,Brazil,LP23JA,,,,,,,,,LP23JA,,, , ,N,,LA,,,,,HYOSUNG CORPORATION,"Americana, SP, Brazil",Americana,,HYOSUNG CORPORATION,AMERICANA,AMERICANA,OTHERS,BRAZIL,No,,,,,,,,,,
REINFORCEMENT,1,RFLP23JA,NYLON 6 2100/1/2 8x8 TPI 23 EPI JA,Y,ENKA DE COLOMBIA,GIRARDOTA,GIRARDOTA,Others,Colombia,H09LP23JA,,,,,,,,,LP23JA,,, , ,Y,,LA,,,,,ENKA DE COLOMBIA,"GIRARDOTA, COLOMBIA",GIRARDOTA,DHJ,ENKA DE COLOMBIA,GIRARDOTA,GIRARDOTA,OTHERS,COLOMBIA,Yes,,,,,,,,,,
REINFORCEMENT,1,RFLP23JA,NYLON 6 2100/1/2 8x8 TPI 23 EPI JA,N,PRIMA SENTRA MEGAH,TANGERANG,TANGERANG,Others,Indonesia,LP23JA,,,,,,,,,LP23JA,,, , ,N,,"AP, EMEA, LA",,,,,PRIMA SENTRA MEGAH,"TANGERANG, INDONESIA",TANGERANG,,PRIMA SENTRA MEGAH,TANGERANG,TANGERANG,OTHERS,INDONESIA,Yes,,,,,,,,,,
REINFORCEMENT,1,RFLP23JA,NYLON 6 2100/1/2 8x8 TPI 23 EPI JA,N,KOLON,GUMI,Gumi,Others,South Korea,LP23JA,,,,,,,,,LP23JA,,, , ,N,,"AP, EMEA, LA",,,,,KOLON,"Gumi, South Korea",Gumi,BJZ,KOLON,GUMI,GUMI,OTHERS,SOUTH KOREA,Yes,,,,,,,,,,
REINFORCEMENT,1,RFLP23JA,NYLON 6 2100/1/2 8x8 TPI 23 EPI JA,N,FORMOSA TAFFETA,TOULIU,TOULIOU,Others,Taiwan,LP23JA,,,,,,,,,LP23JA,,, , ,N,,AP,,,,,FORMOSA TAFFETA,"TOULIOU, TAIWAN",TOULIOU,JFM,FORMOSA TAFFETA,TOULIU,TOULIU,OTHERS,TAIWAN,Yes,,,,,,,,,,
REINFORCEMENT,1,RFNC30GA,"NYLON 6,6 940/1/2 12 X 12 TPI 30EPI GA",N,KORDSA,IZMIT,Izmit,Others,Turkey,NC30GA,,,,,,,,,NC30GA,,, , ,N,,"AP, EMEA, NA",,,,,KORDSA,"Izmit, Turkey",Izmit,BXD,KORDSA,IZMIT,IZMIT,OTHERS,TURKEY,Yes,,,,,,,,,,
REINFORCEMENT,1,RFNC30MC,"NYLON 6,6 940/1/2 12X12 TPI 30EPI MC",N,THAI INDO KORDSA,AYUTTHAYA,"AYUTTHAYA, THAILAND",Others,Thailand,NC30MC,,,,,,,,,NC30MC,,, , ,N,,"AP, EMEA",,,,,THAI INDO KORDSA,"AYUTTHAYA, THAILAND","AYUTTHAYA, THAILAND",JAE,THAI INDO KORDSA,AYUTTHAYA,"AYUTTHAYA, THAILAND",OTHERS,THAILAND,Yes,,,,,,,,,,
REINFORCEMENT,1,RFNC30QA,"NYLON 6,6 940/1/2 12X12 TPI 30EPI QA",N,THAI INDO KORDSA,AYUTTHAYA,"AYUTTHAYA, THAILAND",Others,Thailand,NC30QA,,,,,,,,,NC30QA,,, , ,N,,"AP, EMEA",,,,,THAI INDO KORDSA,"AYUTTHAYA, THAILAND","AYUTTHAYA, THAILAND",JAE,THAI INDO KORDSA,AYUTTHAYA,"AYUTTHAYA, THAILAND",OTHERS,THAILAND,Yes,,,,,,,,,,
REINFORCEMENT,1,RFNC30QA,"NYLON 6,6 940/1/2 12X12 TPI 30EPI QA",Y,FORMOSA TAFFETA,TOULIU,TOULIOU,Others,Taiwan,Z02NC30QA,,,,,,,,,NC30QA,,, , ,Y,,"AP, EMEA",,,,,FORMOSA TAFFETA,"TOULIOU, TAIWAN",TOULIOU,JFM,FORMOSA TAFFETA,TOULIU,TOULIU,OTHERS,TAIWAN,Yes,,,,,,,,,,
REINFORCEMENT,1,RFNC30SJ,"NYLON 6,6 940/1/2 12X12 TPI 30EPI SJ",Y,SHENMA INDUSTRIAL,PINGDINGSHAN - HENAN,Pingdingshan,Others,China,U01NC30SJ,,,,,,,,,NC30SJ,,, , ,Y,,AP,,,,,Shenma Industrial,"Pingdingshan, Henan, China",Pingdingshan,JFC,SHENMA INDUSTRIAL,PINGDINGSHAN - HENAN,HENAN,OTHERS,CHINA,Yes,,,,,,,,,,
REINFORCEMENT,1,RFNC32,"NYLON 6,6  940/1/2 12 X 12 TPI 32EPI",N,SHENMA INDUSTRIAL,PINGDINGSHAN - HENAN,Pingdingshan,Others,China,NC32,,,,,,,,,NC32,,, , ,N,,"AP, LA, NA",,,,,Shenma Industrial,"Pingdingshan, Henan, China",Pingdingshan,JFC,SHENMA INDUSTRIAL,PINGDINGSHAN - HENAN,HENAN,OTHERS,CHINA,Yes,,,,,,,,,,
REINFORCEMENT,1,RFNC32,"NYLON 6,6  940/1/2 12 X 12 TPI 32EPI",N,KORDSA,LAUREL HILL,Laurel Hill,SC,USA,NC32,,,,,,,,,NC32,,, , ,N,,"AP, EMEA, LA, NA",,,,,KORDSA,"Laurel Hill, SC, USA",Laurel Hill,CNP,KORDSA,LAUREL HILL,LAUREL HILL,SC,USA,Yes,,,,,,,,,,
REINFORCEMENT,1,RFNC33GA,"NYLON 6,6 940/1/2 12X12 TPI 33EPI GA",Y,KORDSA,IZMIT,Izmit,Others,Turkey,Z02NC33GA,,,,,,,,,NC33GA,,, , ,Y,,"AP, EMEA",,,,,KORDSA,"Izmit, Turkey",Izmit,BXD,KORDSA,IZMIT,IZMIT,OTHERS,TURKEY,Yes,,,,,,,,,,
REINFORCEMENT,1,RFLP23JF,NYLON 6 2100/1/2 8 X 8 TPI 23EPI JF,N,HYOSUNG CORPORATION,AMERICANA,Americana,Others,Brazil,LP23JF,,,,,,,,,LP23JF,,, , ,N,,LA,,,,,HYOSUNG CORPORATION,"Americana, SP, Brazil",Americana,,HYOSUNG CORPORATION,AMERICANA,AMERICANA,OTHERS,BRAZIL,No,,,,,,,,,,
REINFORCEMENT,1,RFLP26JA,NYLON 6 2100/2 8x8 TPI 26 EPI JA,N,FORMOSA TAFFETA,TOULIU,TOULIOU,Others,Taiwan,LP26JA,,,,,,,,,LP26JA,,, , ,N,,AP,,,,,FORMOSA TAFFETA,"TOULIOU, TAIWAN",TOULIOU,JFM,FORMOSA TAFFETA,TOULIU,TOULIU,OTHERS,TAIWAN,Yes,,,,,,,,,,
REINFORCEMENT,1,RFLQ,1400/2 DECITEX NYLON 6 WOVEN 15X15,N,TEXTILES OMNES,COLOMBIA,,Others,Colombia,H01LQ,,,,,,,,,LQ,,, , ,N,,"AP, EMEA, LA",,,,,TEXTILES OMNES,COLOMBIA,,,TEXTILES OMNES,COLOMBIA,,OTHERS,COLOMBIA,Yes,,,,,,,,,,
REINFORCEMENT,1,RFLV23GF,NYLON 6 2100/1/2 6X8 TPI 23EPI GF,N,HYOSUNG CORPORATION,LISA,LISA,Others,Luxembourg,LV23GF,,,,,,,,,LV23GF,,, , ,N,,EMEA,,,,,HYOSUNG CORPORATION,"LISA, LUXEMBOURG",LISA,AIG,HYOSUNG CORPORATION,LISA,LISA,OTHERS,LUXEMBOURG,Yes,,,,,,,,,,
REINFORCEMENT,1,RFLZ,NYLON 6 940/1 DECITEX NYLON 6 WOVEN 67X67 E/DM,Y,SHRIRAM RAYON,KOTA,KOTA,Others,India,I42LZ,,,,,,,,,LZ,,, , ,Y,,AP,,,,,SHRIRAM RAYON,"KOTA, RAJASTHAN, INDIA",KOTA,BVS,SHRIRAM RAYON,KOTA,KOTA,OTHERS,INDIA,Yes,,,,,,,,,,
REINFORCEMENT,1,RFLZ,NYLON 6 940/1 DECITEX NYLON 6 WOVEN 67X67 E/DM,N,MS MECORDS INDIA,MUMBAI,MUMBAI,Others,India,I47LZ,,,,,,,,,LZ,,, , ,N,,"AP, EMEA",,,,,MS MECORDS INDIA,"MUMBAI, INDIA",MUMBAI,,MS MECORDS INDIA,MUMBAI,MUMBAI,OTHERS,INDIA,Yes,,,,,,,,,,
REINFORCEMENT,1,RFM09L,940 DECITEX NYLON 6,N,INDORAMA VENTURES MOBILITY,QUERETARO,QUERETARO,Others,Mexico,NYLON 6,,,,,,,,,M09L,,, , ,N,,"AP, EMEA, LA",,,,,INDORAMA VENTURES MOBILITY (Performance Fibers),"QUERETARO, MEXICO",QUERETARO,BBJ,INDORAMA VENTURES MOBILITY,QUERETARO,QUERETARO,OTHERS,MEXICO,Yes,,,,,,,,,,
REINFORCEMENT,1,RFM10L,1400 DECITEX NYLON 6,N,INDORAMA VENTURES MOBILITY,QUERETARO,QUERETARO,Others,Mexico,NYLON 6,,,,,,,,,M10L,,, , ,N,,"AP, EMEA, LA",,,,,INDORAMA VENTURES MOBILITY (Performance Fibers),"QUERETARO, MEXICO",QUERETARO,BBJ,INDORAMA VENTURES MOBILITY,QUERETARO,QUERETARO,OTHERS,MEXICO,Yes,,,,,,,,,,
REINFORCEMENT,1,RFM14L,2100 DECITEX NYLON 6,Y,INDORAMA VENTURES MOBILITY,QUERETARO,QUERETARO,Others,Mexico,NYLON 6,,,,,,,,,M14L,,, , ,Y,,"AP, EMEA, LA",,,,,INDORAMA VENTURES MOBILITY (Performance Fibers),"QUERETARO, MEXICO",QUERETARO,BBJ,INDORAMA VENTURES MOBILITY,QUERETARO,QUERETARO,OTHERS,MEXICO,Yes,,,,,,,,,,
REINFORCEMENT,1,RFM16Q,1100 DECITEX AA-HMLS POLYESTER,N,INDORAMA VENTURES MOBILITY,QUERETARO,QUERETARO,Others,Mexico,D793,,,,,,,,,M16Q,,, , ,N,,"AP, EMEA, LA",,,,,INDORAMA VENTURES MOBILITY (Performance Fibers),"QUERETARO, MEXICO",QUERETARO,BBJ,INDORAMA VENTURES MOBILITY,QUERETARO,QUERETARO,OTHERS,MEXICO,Yes,,,,,,,,,,
REINFORCEMENT,1,RFM17T,1100 DECITEX HMLS POLYESTER,Y,INDORAMA VENTURES MOBILITY,QUERETARO,QUERETARO,Others,Mexico,D792,,,,,,,,,M17T,,, , ,Y,,"LA, NA",,,,,INDORAMA VENTURES MOBILITY (Performance Fibers),"QUERETARO, MEXICO",QUERETARO,BBJ,INDORAMA VENTURES MOBILITY,QUERETARO,QUERETARO,OTHERS,MEXICO,Yes,,,,,,,,,,
REINFORCEMENT,1,RFHR,1.60MM BEAD WIRE - REGULAR TENSILE,N,TRAFILERIE MERIDIONALI,CHIETI SCALO,CHIETI SCALO,Others,Italy,201HR,,,,,,,,,HR,,, , ,N,,EMEA,,,,,TRAFILERIE MERIDIONALI,"CHIETI SCALO, ITALY",CHIETI SCALO,ALL,TRAFILERIE MERIDIONALI,CHIETI SCALO,CHIETI SCALO,OTHERS,ITALY,No,,,,,,,,,,
REINFORCEMENT,1,RFHR,1.60MM BEAD WIRE - REGULAR TENSILE,N,GUSTAV WOLF,GUTERSLOH,GUTERSLOH,Others,Germany,071HR,,,,,,,,,HR,,, , ,N,,EMEA,,,,,GUSTAV WOLF,"GUTERSLOH, GERMANY",GUTERSLOH,,GUSTAV WOLF,GUTERSLOH,GUTERSLOH,OTHERS,GERMANY,Yes,,,,,,,,,,
REINFORCEMENT,1,RFHR,1.60MM BEAD WIRE - REGULAR TENSILE,N,BMZ,MICORD,Zhlobin,Others,Belarus,311HR,,,,,,,,,HR,,, , ,N,,EMEA,,,,,BMZ,"MICORD, Zhlobin, Belarus",Zhlobin,ECH,BMZ,MICORD,ZHLOBIN,OTHERS,BELARUS,Yes,,,,,,,,,,
REINFORCEMENT,1,RFHR,1.60MM BEAD WIRE - REGULAR TENSILE,N,BEKAERT,IZMIT,"IZMIT, TURKEY",Others,Turkey,023HR,,,,,,,,,HR,,, , ,N,,"AP, EMEA",,,,,BEKAERT,"IZMIT, TURKEY","IZMIT, TURKEY",APK,BEKAERT,IZMIT,"IZMIT, TURKEY",OTHERS,TURKEY,Yes,,,,,,,,,,
REINFORCEMENT,1,RFI02L,1400 DECITEX NYLON 6,N,NIRLON NYLON,INDIA,,Others,India,NIRCORD,,,,,,,,,I02L,,, , ,N,,AP,,,,,NIRLON NYLON,INDIA,,,NIRLON NYLON,INDIA,,OTHERS,INDIA,Yes,,,,,,,,,,
REINFORCEMENT,1,RFI03L,940 DECITEX NYLON 6,N,JK SYNTHETICS,KOTA,KOTA,Others,India,SUPER 100,,,,,,,,,I03L,,, , ,N,,AP,,,,,JK SYNTHETICS,"KOTA, INDIA",KOTA,,JK SYNTHETICS,KOTA,KOTA,OTHERS,INDIA,Yes,,,,,,,,,,
REINFORCEMENT,1,RFI06L,1400 DECITEX NYLON 6,N,SRF,MANALI,MANALI,Others,India,5430,,,,,,,,,I06L,,, , ,N,,AP,,,,,SRF,"MANALI, CHENNAI, INDIA",MANALI,JDD,SRF,MANALI,MANALI,OTHERS,INDIA,Yes,,,,,,,,,,
REINFORCEMENT,1,RFI06R,1840 DECITEX RAYON,Y,SHRIRAM RAYON,KOTA,KOTA,Others,India,SN1000,,,,,,,,,I06R,,, , ,Y,,"AP, EMEA, LA, NA",,,,,SHRIRAM RAYON,"KOTA, RAJASTHAN, INDIA",KOTA,BVS,SHRIRAM RAYON,KOTA,KOTA,OTHERS,INDIA,Yes,,,,,,,,,,
REINFORCEMENT,1,RFI07L,1400 DECITEX NYLON 6,N,NATIONAL RAYONS,INDIA,,Others,India,5420,,,,,,,,,I07L,,, , ,N,,AP,,,,,NATIONAL RAYONS,INDIA,,,NATIONAL RAYONS,INDIA,,OTHERS,INDIA,Yes,,,,,,,,,,
REINFORCEMENT,1,RFI08L,1400 DECITEX NYLON 6,N,JK SYNTHETICS,KOTA,KOTA,Others,India,SUPER 100,,,,,,,,,I08L,,, , ,N,,AP,,,,,JK SYNTHETICS,"KOTA, INDIA",KOTA,,JK SYNTHETICS,KOTA,KOTA,OTHERS,INDIA,Yes,,,,,,,,,,
REINFORCEMENT,1,RFI09L,1400 DECITEX NYLON 6,N,CENTURY ENKA,INDIA,,Others,India,400-6,,,,,,,,,I09L,,, , ,N,,AP,,,,,CENTURY ENKA,INDIA,,LBN,CENTURY ENKA,INDIA,,OTHERS,INDIA,Yes,,,,,,,,,,
REINFORCEMENT,1,RFI10L,940 DECITEX NYLON 6,N,NATIONAL RAYONS,INDIA,,Others,India,NYLON 6 SDW,,,,,,,,,I10L,,, , ,N,,AP,,,,,NATIONAL RAYONS,INDIA,,,NATIONAL RAYONS,INDIA,,OTHERS,INDIA,Yes,,,,,,,,,,
REINFORCEMENT,1,RFI11L,1400 DECITEX NYLON 6,Y,SRF,GWALIOR,GWALIOR,Others,India,C 781 S1,,,,,,,,,I11L,,, , ,Y,,AP,,,,,SRF,"GWALIOR, INDIA",GWALIOR,,SRF,GWALIOR,GWALIOR,OTHERS,INDIA,Yes,,,,,,,,,,
REINFORCEMENT,1,RFI14L,1880 DECITEX NYLON 6,Y,SRF,GWALIOR,GWALIOR,Others,India,SPINDRAW,,,,,,,,,I14L,,, , ,Y,,AP,,,,,SRF,"GWALIOR, INDIA",GWALIOR,,SRF,GWALIOR,GWALIOR,OTHERS,INDIA,Yes,,,,,,,,,,
REINFORCEMENT,1,RFI14R,2440 DECITEX RAYON,Y,CENTURY RAYON,SHAHAD-KALYAW,SHAHAD-KALYAW,Others,India,CENCORD SUPER 2,,,,,,,,,I14R,,, , ,Y,,AP,,,,,CENTURY RAYON,"SHAHAD-KALYAW, INDIA",SHAHAD-KALYAW,JVR,CENTURY RAYON,SHAHAD-KALYAW,SHAHAD-KALYAW,OTHERS,INDIA,Yes,,,,,,,,,,
REINFORCEMENT,1,RFI15L,940 DECITEX NYLON 6,Y,SRF,GWALIOR,GWALIOR,Others,India,SPINDRAW,,,,,,,,,I15L,,, , ,Y,,AP,,,,,SRF,"GWALIOR, INDIA",GWALIOR,,SRF,GWALIOR,GWALIOR,OTHERS,INDIA,Yes,,,,,,,,,,
REINFORCEMENT,1,RFI35CC,5'S/1 SQUARE WOVEN (34X24 EPI),Y,ROYAL TEXTILE INDUSTRIES,FARIDABAD,FARIDABAD,Others,India,I35CC,,,,,,,,,I35CC,,, , ,Y,,"AP, EMEA",,,,,ROYAL TEXTILE INDUSTRIES,"FARIDABAD, INDIA",FARIDABAD,,ROYAL TEXTILE INDUSTRIES,FARIDABAD,FARIDABAD,OTHERS,INDIA,Yes,,,,,,,,,,
REINFORCEMENT,1,RFI35CD,5'S/1 SQUARE WOVEN (34X32 EPI),N,ROYAL TEXTILE INDUSTRIES,FARIDABAD,FARIDABAD,Others,India,I35CD,,,,,,,,,I35CD,,, , ,N,,"AP, EMEA",,,,,ROYAL TEXTILE INDUSTRIES,"FARIDABAD, INDIA",FARIDABAD,,ROYAL TEXTILE INDUSTRIES,FARIDABAD,FARIDABAD,OTHERS,INDIA,Yes,,,,,,,,,,
REINFORCEMENT,1,RFID20MA,NYLON 6 1880/1/2 8.5X8.5 TPI 20EPI MA,Y,SRF,MANALI,MANALI,Others,India,I14ID20MA,,,,,,,,,ID20MA,,, , ,Y,,AP,,,,,SRF,"MANALI, CHENNAI, INDIA",MANALI,JDD,SRF,MANALI,MANALI,OTHERS,INDIA,Yes,,,,,,,,,,
REINFORCEMENT,1,RFID20MA,NYLON 6 1880/1/2 8.5X8.5 TPI 20EPI MA,N,FORMOSA TAFFETA,TOULIU,TOULIOU,Others,Taiwan,ID20MA,,,,,,,,,ID20MA,,, , ,N,,AP,,,,,FORMOSA TAFFETA,"TOULIOU, TAIWAN",TOULIOU,JFM,FORMOSA TAFFETA,TOULIU,TOULIU,OTHERS,TAIWAN,Yes,,,,,,,,,,
REINFORCEMENT,1,RFID20MC,NYLON 6 1880/1/2 8.5x8.5 TPI 20 EPI MC,N,FORMOSA TAFFETA,TOULIU,TOULIOU,Others,Taiwan,ID20MC,,,,,,,,,ID20MC,,, , ,N,,"AP, LA",,,,,FORMOSA TAFFETA,"TOULIOU, TAIWAN",TOULIOU,JFM,FORMOSA TAFFETA,TOULIU,TOULIU,OTHERS,TAIWAN,Yes,,,,,,,,,,
REINFORCEMENT,1,RFID25MA,NYLON 6 1880/1/2 8.5X8.5 TPI 25EPI MA,Y,SRF,MANALI,MANALI,Others,India,I14ID25MA,,,,,,,,,ID25MA,,, , ,Y,,AP,,,,,SRF,"MANALI, CHENNAI, INDIA",MANALI,JDD,SRF,MANALI,MANALI,OTHERS,INDIA,Yes,,,,,,,,,,
REINFORCEMENT,1,RFID25MA,NYLON 6 1880/1/2 8.5X8.5 TPI 25EPI MA,N,FORMOSA TAFFETA,HSYN-KANG,"HSYN-KANG,CHIAYI",Others,Taiwan,ID25MA,,,,,,,,,ID25MA,,, , ,N,,AP,,,,,FORMOSA TAFFETA,"HSYN-KANG,CHIAYI","HSYN-KANG,CHIAYI",,FORMOSA TAFFETA,HSYN-KANG,"HSYN-KANG,CHIAYI",OTHERS,TAIWAN,Yes,,,,,,,,,,
REINFORCEMENT,1,RFID25MC,NYLON 6 1880/1/2 8.5x8.5 TPI 25 EPI MC,N,FORMOSA TAFFETA,TOULIU,TOULIOU,Others,Taiwan,ID25MC,,,,,,,,,ID25MC,,, , ,N,,"AP, LA",,,,,FORMOSA TAFFETA,"TOULIOU, TAIWAN",TOULIOU,JFM,FORMOSA TAFFETA,TOULIU,TOULIU,OTHERS,TAIWAN,Yes,,,,,,,,,,
REINFORCEMENT,1,RFJ01T,1100 DECITEX HMLS POLYESTER,N,TEIJIN,IWAKUNI,IWAKUNI,Others,Japan,P952N(HL20),,,,,,,,,J01T,,, , ,N,,"AP, EMEA, LA, NA",,,,,TEIJIN,"IWAKUNI, JAPAN",IWAKUNI,,TEIJIN,IWAKUNI,IWAKUNI,OTHERS,JAPAN,Yes,,,,,,,,,,
REINFORCEMENT,1,RFJ03N,"1400 DECITEX NYLON 6,6",N,TORAY,JAPAN,,Others,Japan,1781,,,,,,,,,J03N,,, , ,N,,"AP, EMEA, LA, NA",,,,,TORAY,JAPAN,,,TORAY,JAPAN,,OTHERS,JAPAN,Yes,,,,,,,,,,
REINFORCEMENT,1,RFJ18L,1400 DECITEX NYLON 6,N,TORAY,OKAZAKI,OKAZAKI,Others,Japan,781S,,,,,,,,,J18L,,, , ,N,,"AP, EMEA, LA",,,,,TORAY,"OKAZAKI, JAPAN",OKAZAKI,,TORAY,OKAZAKI,OKAZAKI,OTHERS,JAPAN,Yes,,,,,,,,,,
REINFORCEMENT,1,RFJ35Z,4000 DECITEX CARBON FIBER,N,TOHO,MISHIMA/SHIZUOKA,MISHIMA/SHIZUOKA,Others,Japan,G30-500,,,,,,,,,J35Z,,, , ,N,,"AP, EMEA, LA, NA",,,,,TOHO,"MISHIMA/SHIZUOKA, JAPAN",MISHIMA/SHIZUOKA,,TOHO,MISHIMA/SHIZUOKA,MISHIMA/SHIZUOKA,OTHERS,JAPAN,Yes,,,,,,,,,,
REINFORCEMENT,1,RFJ35ZS,4000/0/1 CARBON FIBER 60 TPM S-TWIST SED,N,NGF,GUELPH - ON,Guelph - ON,Others,Canada,G30-500,,,,,,,,,J35ZS,,, , ,N,,NA,,,,,NGF,Guelph - ON,Guelph - ON,CDK,NGF,GUELPH - ON,GUELPH - ON,OTHERS,CANADA,Yes,,,,,,,,,,
REINFORCEMENT,1,RFJ35ZZ,4000/0/1 CARBON FIBER 60 TPM Z-TWIST SED,N,NGF,GUELPH - ON,Guelph - ON,Others,Canada,G30-500,,,,,,,,,J35ZZ,,, , ,N,,NA,,,,,NGF,Guelph - ON,Guelph - ON,CDK,NGF,GUELPH - ON,GUELPH - ON,OTHERS,CANADA,Yes,,,,,,,,,,
REINFORCEMENT,1,RFJ36Z,4000 DECITEX CARBON FIBER,N,TORAY,IYO-GUM,EHIME,Others,Japan,T400HB,,,,,,,,,J36Z,,, , ,N,,"AP, EMEA, LA, NA",,,,,TORAY,IYO-GUM,EHIME,,TORAY,IYO-GUM,EHIME,OTHERS,JAPAN,Yes,,,,,,,,,,
REINFORCEMENT,1,RFJ36ZS,4000/0/1 CARBON FIBER 60 TPM S-TWIST SED,N,NGF,GUELPH - ON,Guelph - ON,Others,Canada,T400HB,,,,,,,,,J36ZS,,, , ,N,,NA,,,,,NGF,Guelph - ON,Guelph - ON,CDK,NGF,GUELPH - ON,GUELPH - ON,OTHERS,CANADA,Yes,,,,,,,,,,
REINFORCEMENT,1,RFJ36ZZ,4000/0/1 CARBON FIBER 60 TPM Z-TWIST SED,N,NGF,GUELPH - ON,Guelph - ON,Others,Canada,T400HB,,,,,,,,,J36ZZ,,, , ,N,,NA,,,,,NGF,Guelph - ON,Guelph - ON,CDK,NGF,GUELPH - ON,GUELPH - ON,OTHERS,CANADA,Yes,,,,,,,,,,
REINFORCEMENT,1,RFJF18,"NYLON 6,6  1400/1/2 10 X 10 TPI 18EPI",N,KORDSA,CAMACARI,Camacari,BA,Brazil,JF18,,,,,,,,,JF18,,, , ,N,,"AP, EMEA, LA, NA",,,,,KORDSA,"Camacari, Brazil",Camacari,DBV,KORDSA,CAMACARI,CAMACARI,BA,BRAZIL,Yes,,,,,,,,,,
REINFORCEMENT,1,RFJF23DH,"NYLON 6,6  1400/1/2 10 X 10 TPI 23EPI DH",N,HYOSUNG CORPORATION,DECATUR,Decatur,AL,USA,JF23DH,,,,,,,,,JF23DH,,, , ,N,,"AP, EMEA, LA, NA",,,,,HYOSUNG CORPORATION,"Decatur, AL, USA",Decatur,AIT,HYOSUNG CORPORATION,DECATUR,DECATUR,AL,USA,Yes,,,,,,,,,,
REINFORCEMENT,1,RFJH,0.89MM BEAD WIRE - HIGH TENSILE,Y,TRAFILERIE MERIDIONALI,CHIETI SCALO,CHIETI SCALO,Others,Italy,201JH,,,,,,,,,JH,,, , ,Y,,EMEA,,,,,TRAFILERIE MERIDIONALI,"CHIETI SCALO, ITALY",CHIETI SCALO,ALL,TRAFILERIE MERIDIONALI,CHIETI SCALO,CHIETI SCALO,OTHERS,ITALY,No,,,,,,,,,,
REINFORCEMENT,1,RFJH,0.89MM BEAD WIRE - HIGH TENSILE,N,BEKAERT,AALTER,Aalter,Others,Belgium,021JH,,,,,,,,,JH,,, , ,N,,EMEA,,,,,BEKAERT,"Aalter, Belgium",Aalter,,BEKAERT,AALTER,AALTER,OTHERS,BELGIUM,No,,,,,,,,,,
REINFORCEMENT,1,RFJH,0.89MM BEAD WIRE - HIGH TENSILE,Y,TATA,TARAPUR,TARAPUR,Others,India,192JH,,,,,,,,,JH,,, , ,Y,,"AP, EMEA",,,,,TATA,"TARAPUR, INDIA",TARAPUR,JGQ,TATA,TARAPUR,TARAPUR,OTHERS,INDIA,Yes,,,,,,,,,,
REINFORCEMENT,1,RFJH,0.89MM BEAD WIRE - HIGH TENSILE,N,SOUTHERN WIRE,SEL,,SEL,Malaysia,111JH,,,,,,,,,JH,,, , ,N,,"AP, EMEA",,,,,SOUTHERN WIRE,"SEL, MALAYSIA",,,SOUTHERN WIRE,SEL,,SEL,MALAYSIA,Yes,,,,,,,,,,
REINFORCEMENT,1,RFJH,0.89MM BEAD WIRE - HIGH TENSILE,Y,RAJRATAN GLOBAL WIRE,INDORE,INDORE,Others,India,381JH,,,,,,,,,JH,,, , ,Y,,"AP, EMEA",,,,,RAJRATAN GLOBAL WIRE,"INDORE, INDIA",INDORE,JJC,RAJRATAN GLOBAL WIRE,INDORE,INDORE,OTHERS,INDIA,Yes,,,,,,,,,,
REINFORCEMENT,1,RFJH,0.89MM BEAD WIRE - HIGH TENSILE,Y,KISWIRE,PASIR GUDANG,Pasir Gudang,Others,Malaysia,245JH,,,,,,,,,JH,,, , ,Y,,"AP, EMEA, NA",,,,,KISWIRE,"Pasir Gudang, JOH, Malaysia",Pasir Gudang,JAM,KISWIRE,PASIR GUDANG,PASIR GUDANG,OTHERS,MALAYSIA,Yes,,,,,,,,,,
REINFORCEMENT,1,RFJH,0.89MM BEAD WIRE - HIGH TENSILE,Y,KISWIRE,YANGSAN,Yangsan,Others,South Korea,241JH,,,,,,,,,JH,,, , ,Y,,"AP, EMEA, LA, NA",,,,,Kiswire - Bead Wire,"Yangsan, South Korea",Yangsan,JDR,KISWIRE,YANGSAN,YANGSAN,OTHERS,SOUTH KOREA,Yes,,,,,,,,,,
REINFORCEMENT,1,RFJH,0.89MM BEAD WIRE - HIGH TENSILE,N,CELIK HALAT,IZMIT,IZMIT,Others,Turkey,031JH,,,,,,,,,JH,,, , ,N,,"AP, EMEA",,,,,CELIK HALAT,"IZMIT, TURKEY",IZMIT,,CELIK HALAT,IZMIT,IZMIT,OTHERS,TURKEY,Yes,,,,,,,,,,
REINFORCEMENT,1,RFJH,0.89MM BEAD WIRE - HIGH TENSILE,Y,BEKAERT,HLOHOVEC,HLOHOVEC,Others,Slovak Republic,026JH,,,,,,,,,JH,,, , ,Y,,"AP, EMEA",,,,,BEKAERT,"HLOHOVEC, SLOVAK REPUBLIC",HLOHOVEC,EOL,BEKAERT,HLOHOVEC,HLOHOVEC,OTHERS,SLOVAK REPUBLIC,Yes,,,,,,,,,,
REINFORCEMENT,1,RFJH23DH,"NYLON 6,6 1400/1/3 8X8 TPI23EPI DH",N,HYOSUNG CORPORATION,DECATUR,Decatur,AL,USA,JH23DH,,,,,,,,,JH23DH,,, , ,N,,"AP, EMEA, LA, NA",,,,,HYOSUNG CORPORATION,"Decatur, AL, USA",Decatur,AIT,HYOSUNG CORPORATION,DECATUR,DECATUR,AL,USA,Yes,,,,,,,,,,
REINFORCEMENT,1,RFJH23DR,"NYLON 6,6  1400/1/3 8 X 8 TPI 23EPI DR",Y,HYOSUNG CORPORATION,DECATUR,Decatur,AL,USA,Z09JH23DR,,,,,,,,,JH23DR,,, , ,Y,,"AP, EMEA, LA, NA",,,,,HYOSUNG CORPORATION,"Decatur, AL, USA",Decatur,AIT,HYOSUNG CORPORATION,DECATUR,DECATUR,AL,USA,Yes,,,,,,,,,,
REINFORCEMENT,1,RFNJ30GF,"NYLON 6,6 940/1/2 10X12TPI 30EPI GF",N,HYOSUNG CORPORATION,LISA,LISA,Others,Luxembourg,NJ30GF,,,,,,,,,NJ30GF,,, , ,N,,LA,,,,,HYOSUNG CORPORATION,"LISA, LUXEMBOURG",LISA,AIG,HYOSUNG CORPORATION,LISA,LISA,OTHERS,LUXEMBOURG,Yes,,,,,,,,,,
REINFORCEMENT,1,RFNK,"235/1 DECITEX NYLON 6,6 142X70 E/DM",Y,TEX-TECH COATINGS,KERNERSVILLE,Kernersville,NC,USA,U01NK,,,,,,,,,NK,,, , ,Y,,"AP, NA",,,,,Tex-Tech Coatings,"Kernersville, NC, USA",Kernersville,,TEX-TECH COATINGS,KERNERSVILLE,KERNERSVILLE,NC,USA,Yes,,,,,,,,,,
REINFORCEMENT,1,RFNL22GF,"NYLON 6,6 1400/1/2 8X10TPI 22EPI GF",N,HYOSUNG CORPORATION,LISA,LISA,Others,Luxembourg,NL22GF,,,,,,,,,NL22GF,,, , ,N,,EMEA,,,,,HYOSUNG CORPORATION,"LISA, LUXEMBOURG",LISA,AIG,HYOSUNG CORPORATION,LISA,LISA,OTHERS,LUXEMBOURG,Yes,,,,,,,,,,
REINFORCEMENT,1,RFNL25GF,"NYLON 6,6 1400/1/2 8X10TPI 25EPI GF",N,HYOSUNG CORPORATION,LISA,LISA,Others,Luxembourg,NL25GF,,,,,,,,,NL25GF,,, , ,N,,EMEA,,,,,HYOSUNG CORPORATION,"LISA, LUXEMBOURG",LISA,AIG,HYOSUNG CORPORATION,LISA,LISA,OTHERS,LUXEMBOURG,Yes,,,,,,,,,,
REINFORCEMENT,1,RFNN,"1100/1 DECITEX NYLON 6,6 WOVEN 14X14",N,MILLIKEN,LAGRANGE,Lagrange,GA,USA,U02NN,,,,,,,,,NN,,, , ,N,,NA,,,,,MILLIKEN,"Lagrange, GA, USA",Lagrange,ALO,MILLIKEN,LAGRANGE,LAGRANGE,GA,USA,Yes,,,,,,,,,,
REINFORCEMENT,1,RFNN,"1100/1 DECITEX NYLON 6,6 WOVEN 14X14",N,TEX FABRIC (TEXTIL LICADO/RIDA),BUENOS AIRES,Buenos Aires,Others,Argentina,A33NN,,,,,,,,,NN,,, , ,N,,"AP, EMEA, LA",,,,,TEX FABRIC (TEXTIL LICADO/RIDA),"Buenos Aires, Argentina",Buenos Aires,,TEX FABRIC (TEXTIL LICADO/RIDA),BUENOS AIRES,BUENOS AIRES,BUENOS AIRES,ARGENTINA,Yes,,,,,,,,,,
REINFORCEMENT,1,RFNN,"1100/1 DECITEX NYLON 6,6 WOVEN 14X14",N,MILLIKEN,GHENT,Ghent,Others,Belgium,L02NN,,,,,,,,,NN,,, , ,N,,"AP, EMEA, LA",,,,,MILLIKEN,"Ghent, Belgium",Ghent,AJE,MILLIKEN,GHENT,GHENT,OTHERS,BELGIUM,Yes,,,,,,,,,,
REINFORCEMENT,1,RFNN,"1100/1 DECITEX NYLON 6,6 WOVEN 14X14",N,MILLIKEN,BURY,BURY,Others,UK,E02NN,,,,,,,,,NN,,, , ,N,,"AP, EMEA, LA",,,,,MILLIKEN,"BURY, UK",BURY,,MILLIKEN,BURY,BURY,OTHERS,UK,Yes,,,,,,,,,,
REINFORCEMENT,1,RFNN,"1100/1 DECITEX NYLON 6,6 WOVEN 14X14",N,MEHLER INDUSTRIES,FULDA,FULDA,Others,Germany,G11NN,,,,,,,,,NN,,, , ,N,,"AP, EMEA, LA",,,,,MEHLER INDUSTRIES,"FULDA, GERMANY",FULDA,BVX,MEHLER INDUSTRIES,FULDA,FULDA,OTHERS,GERMANY,Yes,,,,,,,,,,
REINFORCEMENT,1,RFNN,"1100/1 DECITEX NYLON 6,6 WOVEN 14X14",N,KORDSA,IZMIT,Izmit,Others,Turkey,Z01NN,,,,,,,,,NN,,, , ,N,,"AP, EMEA, LA",,,,,KORDSA,"Izmit, Turkey",Izmit,BXD,KORDSA,IZMIT,IZMIT,OTHERS,TURKEY,Yes,,,,,,,,,,
REINFORCEMENT,1,RFNN,"1100/1 DECITEX NYLON 6,6 WOVEN 14X14",Y,TEX-TECH COATINGS,KERNERSVILLE,Kernersville,NC,USA,U01NN,,,,,,,,,NN,,, , ,Y,,"AP, EMEA, LA, NA",,,,,Tex-Tech Coatings,"Kernersville, NC, USA",Kernersville,,TEX-TECH COATINGS,KERNERSVILLE,KERNERSVILLE,NC,USA,Yes,,,,,,,,,,
REINFORCEMENT,1,RFNN,"1100/1 DECITEX NYLON 6,6 WOVEN 14X14",N,HEXCEL-GENIN,LES AVENIERES,LES AVENIERES,Others,France,F01NN,,,,,,,,,NN,,, , ,N,,"AP, EMEA, LA",,,,,HEXCEL-GENIN,"LES AVENIERES, FRANCE",LES AVENIERES,,HEXCEL-GENIN,LES AVENIERES,LES AVENIERES,OTHERS,FRANCE,Yes,,,,,,,,,,
REINFORCEMENT,1,RFNP19,"NYLON 6,6 2100/1/2 8x8 TPI 19EPI",N,KORDSA,CAMACARI,Camacari,BA,Brazil,NP19,,,,,,,,,NP19,,, , ,N,,LA,,,,,KORDSA,"Camacari, Brazil",Camacari,DBV,KORDSA,CAMACARI,CAMACARI,BA,BRAZIL,Yes,,,,,,,,,,
REINFORCEMENT,1,RFNP19GA,"NYLON 6,6 2100/1/2 8X8 TPI 19EPI GA",Y,KORDSA,IZMIT,Izmit,Others,Turkey,Z03NP19GA,,,,,,,,,NP19GA,,, , ,Y,,"AP, EMEA",,,,,KORDSA,"Izmit, Turkey",Izmit,BXD,KORDSA,IZMIT,IZMIT,OTHERS,TURKEY,Yes,,,,,,,,,,
REINFORCEMENT,1,RFNP22GA,"NYLON 6,6 2100/1/2 8X8 TPI 22EPI GA",N,KORDSA,IZMIT,Izmit,Others,Turkey,NP22GA,,,,,,,,,NP22GA,,, , ,N,,"AP, EMEA",,,,,KORDSA,"Izmit, Turkey",Izmit,BXD,KORDSA,IZMIT,IZMIT,OTHERS,TURKEY,Yes,,,,,,,,,,
REINFORCEMENT,1,RFNP23,"NYLON 6,6 2100/1/2 8x8 TPI 23EPI",N,KORDSA,CAMACARI,Camacari,BA,Brazil,NP23,,,,,,,,,NP23,,, , ,N,,"AP, LA",,,,,KORDSA,"Camacari, Brazil",Camacari,DBV,KORDSA,CAMACARI,CAMACARI,BA,BRAZIL,Yes,,,,,,,,,,
REINFORCEMENT,1,RFNP23GA,"NYLON 6,6 2100/1/2 8X8 TPI 23EPI GA",Y,KORDSA,IZMIT,Izmit,Others,Turkey,Z03NP23GA,,,,,,,,,NP23GA,,, , ,Y,,"AP, EMEA",,,,,KORDSA,"Izmit, Turkey",Izmit,BXD,KORDSA,IZMIT,IZMIT,OTHERS,TURKEY,Yes,,,,,,,,,,
REINFORCEMENT,1,RFNP26,"NYLON 6,6 2100/1/2 8x8 TPI 26EPI",N,KORDSA,CAMACARI,Camacari,BA,Brazil,NP26,,,,,,,,,NP26,,, , ,N,,"AP, LA",,,,,KORDSA,"Camacari, Brazil",Camacari,DBV,KORDSA,CAMACARI,CAMACARI,BA,BRAZIL,Yes,,,,,,,,,,
REINFORCEMENT,1,RFNP26GA,"NYLON 6,6 2100/1/2 8X8 TPI 26EPI GA",N,KORDSA,IZMIT,Izmit,Others,Turkey,NP26GA,,,,,,,,,NP26GA,,, , ,N,,AP,,,,,KORDSA,"Izmit, Turkey",Izmit,BXD,KORDSA,IZMIT,IZMIT,OTHERS,TURKEY,Yes,,,,,,,,,,
REINFORCEMENT,1,RFNQ,"1400/1 DECITEX NYLON 6,6 WOVEN 15X15",N,MILLIKEN,LAGRANGE,Lagrange,GA,USA,U02NQ,,,,,,,,,NQ,,, , ,N,,NA,,,,,MILLIKEN,"Lagrange, GA, USA",Lagrange,ALO,MILLIKEN,LAGRANGE,LAGRANGE,GA,USA,Yes,,,,,,,,,,
REINFORCEMENT,1,RFNQ,"1400/1 DECITEX NYLON 6,6 WOVEN 15X15",Y,TEX-TECH COATINGS,KERNERSVILLE,Kernersville,NC,USA,U01NQ,,,,,,,,,NQ,,, , ,Y,,NA,,,,,Tex-Tech Coatings,"Kernersville, NC, USA",Kernersville,,TEX-TECH COATINGS,KERNERSVILLE,KERNERSVILLE,NC,USA,Yes,,,,,,,,,,
REINFORCEMENT,1,RFNQ,"1400/1 DECITEX NYLON 6,6 WOVEN 15X15",N,TEX FABRIC (TEXTIL LICADO/RIDA),BUENOS AIRES,Buenos Aires,Others,Argentina,A33NQ,,,,,,,,,NQ,,, , ,N,,"AP, EMEA, LA",,,,,TEX FABRIC (TEXTIL LICADO/RIDA),"Buenos Aires, Argentina",Buenos Aires,,TEX FABRIC (TEXTIL LICADO/RIDA),BUENOS AIRES,BUENOS AIRES,BUENOS AIRES,ARGENTINA,Yes,,,,,,,,,,
REINFORCEMENT,1,RFNQ,"1400/1 DECITEX NYLON 6,6 WOVEN 15X15",N,MILLIKEN,GHENT,Ghent,Others,Belgium,L02NQ,,,,,,,,,NQ,,, , ,N,,"AP, EMEA, LA",,,,,MILLIKEN,"Ghent, Belgium",Ghent,AJE,MILLIKEN,GHENT,GHENT,OTHERS,BELGIUM,Yes,,,,,,,,,,
REINFORCEMENT,1,RFNR,"940/2 DECITEX NYLON 6,6 SED 12X12",N,MILLIKEN,MILLIKEN FRANCE,Saint-Julien-en-Saint-Alban,Others,France,F02NR,,,,,,,,,NR,,, , ,N,,"AP, EMEA, LA",,,,,MILLIKEN,Milliken France,Saint-Julien-en-Saint-Alban,,MILLIKEN,MILLIKEN FRANCE,SAINT-JULIEN-EN-SAINT-ALBAN,OTHERS,FRANCE,Yes,,,,,,,,,,
REINFORCEMENT,1,RFNR,"940/2 DECITEX NYLON 6,6 SED 12X12",N,MEHLER INDUSTRIES,FULDA,FULDA,Others,Germany,G11NR,,,,,,,,,NR,,, , ,N,,"AP, EMEA, LA",,,,,MEHLER INDUSTRIES,"FULDA, GERMANY",FULDA,BVX,MEHLER INDUSTRIES,FULDA,FULDA,OTHERS,GERMANY,Yes,,,,,,,,,,
REINFORCEMENT,1,RFNR,"940/2 DECITEX NYLON 6,6 SED 12X12",N,SPECIALITY YARN AND CONVERTING,PORTERDALE,Porterdale,GA,USA,U07NR,,,,,,,,,NR,,, , ,N,,"AP, EMEA, LA, NA",,,,,Speciality Yarn and Converting,"Porterdale, GA, USA",Porterdale,,SPECIALITY YARN AND CONVERTING,PORTERDALE,PORTERDALE,GA,USA,Yes,,,,,,,,,,
REINFORCEMENT,1,RFNS,"2000/1 DECITEX NYLON 6,6 WOVEN 10X10",N,MEHLER INDUSTRIES,FULDA,FULDA,Others,Germany,G11NS,,,,,,,,,NS,,, , ,N,,"AP, EMEA, LA",,,,,MEHLER INDUSTRIES,"FULDA, GERMANY",FULDA,BVX,MEHLER INDUSTRIES,FULDA,FULDA,OTHERS,GERMANY,Yes,,,,,,,,,,
REINFORCEMENT,1,RFNSX,"2000/1 DECITEX NYLON 6,6 WOVEN 10X10",Y,MILLIKEN,GHENT,Ghent,Others,Belgium,L02NSX,,,,,,,,,NSX,,, , ,Y,,"AP, EMEA, LA",,,,,MILLIKEN,"Ghent, Belgium",Ghent,AJE,MILLIKEN,GHENT,GHENT,OTHERS,BELGIUM,Yes,,,,,,,,,,
REINFORCEMENT,1,RFNSX,"2000/1 DECITEX NYLON 6,6 WOVEN 10X10",N,MILLIKEN,BURY,BURY,Others,UK,E02NSX,,,,,,,,,NSX,,, , ,N,,"AP, EMEA, LA",,,,,MILLIKEN,"BURY, UK",BURY,,MILLIKEN,BURY,BURY,OTHERS,UK,Yes,,,,,,,,,,
REINFORCEMENT,1,RFNSX,"2000/1 DECITEX NYLON 6,6 WOVEN 10X10",Y,KORDSA,IZMIT,Izmit,Others,Turkey,Z01NSX,,,,,,,,,NSX,,, , ,Y,,"AP, EMEA, LA",,,,,KORDSA,"Izmit, Turkey",Izmit,BXD,KORDSA,IZMIT,IZMIT,OTHERS,TURKEY,Yes,,,,,,,,,,
REINFORCEMENT,1,RFNT,"945/1 DECITEX NYLON 6,6 WOVEN 28X1.5 - LOWER GAUGE",Y,MILLIKEN,GHENT,Ghent,Others,Belgium,L02NT,,,,,,,,,NT,,, , ,Y,,"AP, EMEA, LA",,,,,MILLIKEN,"Ghent, Belgium",Ghent,AJE,MILLIKEN,GHENT,GHENT,OTHERS,BELGIUM,Yes,,,,,,,,,,
REINFORCEMENT,1,RFNT26,"NYLON 6,6 950/0/1 MONOFILAMENT 26EPI",N,KORDSA,LAUREL HILL,Laurel Hill,SC,USA,NT26,,,,,,,,,NT26,,, , ,N,,NA,,,,,KORDSA,"Laurel Hill, SC, USA",Laurel Hill,CNP,KORDSA,LAUREL HILL,LAUREL HILL,SC,USA,Yes,,,,,,,,,,
REINFORCEMENT,1,RFNT26QA,"NYLON 6,6 950/0/1 MONOFILAMENT 26EPI QA",Y,HYOSUNG CORPORATION,DECATUR,Decatur,AL,USA,720NT26QA,,,,,,,,,NT26QA,,, , ,Y,,"LA, NA",,,,,HYOSUNG CORPORATION,"Decatur, AL, USA",Decatur,AIT,HYOSUNG CORPORATION,DECATUR,DECATUR,AL,USA,Yes,,,,,,,,,,
REINFORCEMENT,1,RFNT26SK,"NYLON 6,6 950/0/1 MONOFILAMENT 26EPI SK",N,KORDSA,LAUREL HILL,Laurel Hill,SC,USA,NT26SK,,,,,,,,,NT26SK,,, , ,N,,NA,,,,,KORDSA,"Laurel Hill, SC, USA",Laurel Hill,CNP,KORDSA,LAUREL HILL,LAUREL HILL,SC,USA,Yes,,,,,,,,,,
REINFORCEMENT,1,RFNT28QA,"NYLON 6,6  950/0/1 MONOFILAMENT 28EPI QA",N,HYOSUNG CORPORATION,DECATUR,Decatur,AL,USA,NT28QA,,,,,,,,,NT28QA,,, , ,N,,NA,,,,,HYOSUNG CORPORATION,"Decatur, AL, USA",Decatur,AIT,HYOSUNG CORPORATION,DECATUR,DECATUR,AL,USA,Yes,,,,,,,,,,
REINFORCEMENT,1,RFNV,"78/2 DECITEX NYLON 6,6 KNITTED TACKY 55X43 E/DM",N,MILLIKEN,LAGRANGE,Lagrange,GA,USA,U02NV,,,,,,,,,NV,,, , ,N,,"AP, EMEA, LA",,,,,MILLIKEN,"Lagrange, GA, USA",Lagrange,ALO,MILLIKEN,LAGRANGE,LAGRANGE,GA,USA,Yes,,,,,,,,,,
REINFORCEMENT,1,RFNV,"78/2 DECITEX NYLON 6,6 KNITTED TACKY 55X43 E/DM",Y,MILLIKEN,GHENT,Ghent,Others,Belgium,L02NV,,,,,,,,,NV,,, , ,Y,,"AP, EMEA, LA",,,,,MILLIKEN,"Ghent, Belgium",Ghent,AJE,MILLIKEN,GHENT,GHENT,OTHERS,BELGIUM,Yes,,,,,,,,,,
REINFORCEMENT,1,RFNV19JA,"NYLON 6,6  2100/1/2 6 X 8 TPI 19EPI JA",N,HYOSUNG CORPORATION,AMERICANA,Americana,Others,Brazil,NV19JA,,,,,,,,,NV19JA,,, , ,N,,LA,,,,,HYOSUNG CORPORATION,"Americana, SP, Brazil",Americana,,HYOSUNG CORPORATION,AMERICANA,AMERICANA,OTHERS,BRAZIL,No,,,,,,,,,,
REINFORCEMENT,1,RFNV19JF,"NYLON 6,6  2100/1/2 6 X 8 TPI 19EPI JF",N,HYOSUNG CORPORATION,AMERICANA,Americana,Others,Brazil,NV19JF,,,,,,,,,NV19JF,,, , ,N,,LA,,,,,HYOSUNG CORPORATION,"Americana, SP, Brazil",Americana,,HYOSUNG CORPORATION,AMERICANA,AMERICANA,OTHERS,BRAZIL,No,,,,,,,,,,
REINFORCEMENT,1,RFNV22GF,"NYLON 6,6 2100/1/2 6X8 TPI 22EPI GF",N,HYOSUNG CORPORATION,LISA,LISA,Others,Luxembourg,NV22GF,,,,,,,,,NV22GF,,, , ,N,,EMEA,,,,,HYOSUNG CORPORATION,"LISA, LUXEMBOURG",LISA,AIG,HYOSUNG CORPORATION,LISA,LISA,OTHERS,LUXEMBOURG,Yes,,,,,,,,,,
REINFORCEMENT,1,RFNV23JA,"NYLON 6,6  2100/1/2 6 X 8 TPI 23EPI JA",N,HYOSUNG CORPORATION,AMERICANA,Americana,Others,Brazil,NV23JA,,,,,,,,,NV23JA,,, , ,N,,LA,,,,,HYOSUNG CORPORATION,"Americana, SP, Brazil",Americana,,HYOSUNG CORPORATION,AMERICANA,AMERICANA,OTHERS,BRAZIL,No,,,,,,,,,,
REINFORCEMENT,1,RFNV23JF,"NYLON 6,6  2100/1/2 6 X 8 TPI 23EPI JF",N,HYOSUNG CORPORATION,AMERICANA,Americana,Others,Brazil,NV23JF,,,,,,,,,NV23JF,,, , ,N,,LA,,,,,HYOSUNG CORPORATION,"Americana, SP, Brazil",Americana,,HYOSUNG CORPORATION,AMERICANA,AMERICANA,OTHERS,BRAZIL,No,,,,,,,,,,
REINFORCEMENT,1,RFNV26JA,"NYLON 6,6  2100/1/2 6 X 8 TPI 26EPI JA",N,HYOSUNG CORPORATION,AMERICANA,Americana,Others,Brazil,NV26JA,,,,,,,,,NV26JA,,, , ,N,,LA,,,,,HYOSUNG CORPORATION,"Americana, SP, Brazil",Americana,,HYOSUNG CORPORATION,AMERICANA,AMERICANA,OTHERS,BRAZIL,No,,,,,,,,,,
REINFORCEMENT,1,RFNV26JF,"NYLON 6,6  2100/1/2 6 X 8 TPI 26EPI JF",N,HYOSUNG CORPORATION,AMERICANA,Americana,Others,Brazil,NV26JF,,,,,,,,,NV26JF,,, , ,N,,LA,,,,,HYOSUNG CORPORATION,"Americana, SP, Brazil",Americana,,HYOSUNG CORPORATION,AMERICANA,AMERICANA,OTHERS,BRAZIL,No,,,,,,,,,,
REINFORCEMENT,1,RFNX,"940/2 DECITEX NYLON 6,6 SED 12X12",N,MILLIKEN,MILLIKEN FRANCE,Saint-Julien-en-Saint-Alban,Others,France,F02NX,,,,,,,,,NX,,, , ,N,,"AP, EMEA, LA, NA",,,,,MILLIKEN,Milliken France,Saint-Julien-en-Saint-Alban,,MILLIKEN,MILLIKEN FRANCE,SAINT-JULIEN-EN-SAINT-ALBAN,OTHERS,FRANCE,Yes,,,,,,,,,,
REINFORCEMENT,1,RFNY,LUTRABOND 3020 (NON-WOVEN),N,MILLIKEN,GHENT,Ghent,Others,Belgium,L02NY,,,,,,,,,NY,,, , ,N,,"AP, EMEA, LA",,,,,MILLIKEN,"Ghent, Belgium",Ghent,AJE,MILLIKEN,GHENT,GHENT,OTHERS,BELGIUM,Yes,,,,,,,,,,
REINFORCEMENT,1,RFP01L,2100 DECITEX  NYLON 6,N,GRODNO KHIMVOLOKNO,GRODNO,Grodno,Others,Belarus,POLYAMIDE STABILIZED,,,,,,,,,P01L,,, , ,N,,EMEA,,,,,GRODNO KHIMVOLOKNO,"Grodno, Belarus",Grodno,,GRODNO KHIMVOLOKNO,GRODNO,GRODNO,OTHERS,BELARUS,Yes,,,,,,,,,,
REINFORCEMENT,1,RFP02L,1400 DECITEX NYLON 6,N,GRODNO KHIMVOLOKNO,GRODNO,Grodno,Others,Belarus,LIMANOL-35 F,,,,,,,,,P02L,,, , ,N,,EMEA,,,,,GRODNO KHIMVOLOKNO,"Grodno, Belarus",Grodno,,GRODNO KHIMVOLOKNO,GRODNO,GRODNO,OTHERS,BELARUS,Yes,,,,,,,,,,
REINFORCEMENT,1,RFLH19JA,NYLON 6  1400/1/3 8 X 8 TPI 19EPI JA,N,PRIMA SENTRA MEGAH,TANGERANG,TANGERANG,Others,Indonesia,LH19JA,,,,,,,,,LH19JA,,, , ,N,,AP,,,,,PRIMA SENTRA MEGAH,"TANGERANG, INDONESIA",TANGERANG,,PRIMA SENTRA MEGAH,TANGERANG,TANGERANG,OTHERS,INDONESIA,Yes,,,,,,,,,,
REINFORCEMENT,1,RFCF20YF,MERGED CORD 1670/1 ARAMID + 940/1 NYLON 66 20 EPI YF,Y,HYOSUNG CORPORATION,LISA,LISA,Others,Luxembourg,MN3CF20YF,,,,,,,,,CF20YF,,, , ,Y,,"AP, EMEA, LA, NA",,,,,HYOSUNG CORPORATION,"LISA, LUXEMBOURG",LISA,AIG,HYOSUNG CORPORATION,LISA,LISA,OTHERS,LUXEMBOURG,Yes,,,,,,,,,,
REINFORCEMENT,1,RFCH,"1.83MM BEAD WIRE - HIGH TENSILE
(Cooper Code 9024)",N,BEKAERT,CLARKSDALE,Clarksdale,MS,USA,041CH,,,,,,,,,CH,,, , ,N,,NA,,,,,BEKAERT,Clarksdale,Clarksdale,,BEKAERT,CLARKSDALE,CLARKSDALE,MS,USA,No,,,,,,,,,,
REINFORCEMENT,1,RFCH,"1.83MM BEAD WIRE - HIGH TENSILE
(Cooper Code 9024)",Y,BEKAERT,ROME,Rome,GA,USA,022CH,,,,,,,,,CH,,, , ,Y,,"AP, EMEA, LA, NA",,,,,BEKAERT,"Rome, GA, USA",Rome,AJJ,BEKAERT,ROME,ROME,GA,USA,Yes,,,,,,,,,,
REINFORCEMENT,1,RFCH,"1.83MM BEAD WIRE - HIGH TENSILE
(Cooper Code 9024)",Y,TRAFILERIE MERIDIONALI,CHIETI SCALO,CHIETI SCALO,Others,Italy,201CH,,,,,,,,,CH,,, , ,Y,,EMEA,,,,,TRAFILERIE MERIDIONALI,"CHIETI SCALO, ITALY",CHIETI SCALO,ALL,TRAFILERIE MERIDIONALI,CHIETI SCALO,CHIETI SCALO,OTHERS,ITALY,No,,,,,,,,,,
REINFORCEMENT,1,RFCH,"1.83MM BEAD WIRE - HIGH TENSILE
(Cooper Code 9024)",N,BMZ,MICORD,"Micord, Bielorussia",Others,Russia,311CH,,,,,,,,,CH,,, , ,N,,EMEA,,,,,BMZ,"Micord, Bielorussia","Micord, Bielorussia",ECH,BMZ,MICORD,"MICORD, BIELORUSSIA",OTHERS,RUSSIA,Yes,,,,,,,,,,
REINFORCEMENT,1,RFCH,"1.83MM BEAD WIRE - HIGH TENSILE
(Cooper Code 9024)",N,EMCOCABLES,BOGOTA,BOGOTA,Others,Colombia,051CH,,,,,,,,,CH,,, , ,N,,LA,,,,,EMCOCABLES,"BOGOTA, COLOMBIA",BOGOTA,,EMCOCABLES,BOGOTA,BOGOTA,OTHERS,COLOMBIA,Yes,,,,,,,,,,
REINFORCEMENT,1,RFCH,"1.83MM BEAD WIRE - HIGH TENSILE
(Cooper Code 9024)",Y,KISWIRE,HONG DUK,Hong Duk,Others,South Korea,242CH,,,,,,,,,CH,,, , ,Y,,"AP, EMEA, LA, NA",,,,,Kiswire - Bead Wire,"Hong Duk, South Korea",Hong Duk,JBU,KISWIRE,HONG DUK,HONG DUK,OTHERS,SOUTH KOREA,Yes,,,,,,,,,,
REINFORCEMENT,1,RFCH,"1.83MM BEAD WIRE - HIGH TENSILE
(Cooper Code 9024)",N,GUSTAV WOLF,GUTERSLOH,GUTERSLOH,Others,Germany,071CH,,,,,,,,,CH,,, , ,N,,"AP, EMEA, LA",,,,,GUSTAV WOLF,"GUTERSLOH, GERMANY",GUTERSLOH,,GUSTAV WOLF,GUTERSLOH,GUTERSLOH,OTHERS,GERMANY,Yes,,,,,,,,,,
REINFORCEMENT,1,RFCH,"1.83MM BEAD WIRE - HIGH TENSILE
(Cooper Code 9024)",Y,BEKAERT,IZMIT,"IZMIT, TURKEY",Others,Turkey,023CH,,,,,,,,,CH,,, , ,Y,,"AP, EMEA, LA",,,,,BEKAERT,"IZMIT, TURKEY","IZMIT, TURKEY",APK,BEKAERT,IZMIT,"IZMIT, TURKEY",OTHERS,TURKEY,Yes,,,,,,,,,,
REINFORCEMENT,1,RFCH,"1.83MM BEAD WIRE - HIGH TENSILE
(Cooper Code 9024)",N,BEKAERT,AALTER,Aalter,Others,Belgium,021CH,,,,,,,,,CH,,, , ,N,,"AP, EMEA, LA",,,,,BEKAERT,"Aalter, Belgium",Aalter,,BEKAERT,AALTER,AALTER,OTHERS,BELGIUM,No,,,,,,,,,,
REINFORCEMENT,1,RFCH,"1.83MM BEAD WIRE - HIGH TENSILE
(Cooper Code 9024)",Y,BEKAERT,BRAZIL,,Others,Brazil,091CH,,,,,,,,,CH,,, , ,Y,,"AP, EMEA, LA",,,,,Bekaert Brazil ¿ BBA,Brazil,,DAO,BEKAERT,BRAZIL,,OTHERS,BRAZIL,Yes,,,,,,,,,,
REINFORCEMENT,1,RFCH,"1.83MM BEAD WIRE - HIGH TENSILE
(Cooper Code 9024)",N,SCAW METALS,JOHANNESBURG,JOHANNESBURG,Others,South Africa,271CH,,,,,,,,,CH,,, , ,N,,"AP, EMEA",,,,,SCAW METALS,"JOHANNESBURG, SOUTH AFRICA",JOHANNESBURG,,SCAW METALS,JOHANNESBURG,JOHANNESBURG,OTHERS,SOUTH AFRICA,Yes,,,,,,,,,,
REINFORCEMENT,1,RFCH,"1.83MM BEAD WIRE - HIGH TENSILE
(Cooper Code 9024)",N,CELIK HALAT,IZMIT,IZMIT,Others,Turkey,031CH,,,,,,,,,CH,,, , ,N,,"AP, EMEA",,,,,CELIK HALAT,"IZMIT, TURKEY",IZMIT,,CELIK HALAT,IZMIT,IZMIT,OTHERS,TURKEY,Yes,,,,,,,,,,
REINFORCEMENT,1,RFE07K,"10,000 DECITEX NYLON 6,6 (MONOFILAMENT)",N,SHAKESPEARE,FLEETWOOD,FLEETWOOD,Others,UK,WN-125,,,,,,,,,E07K,,, , ,N,,EMEA,,,,,SHAKESPEARE,"FLEETWOOD, UK",FLEETWOOD,AEV,SHAKESPEARE,FLEETWOOD,FLEETWOOD,OTHERS,UK,Yes,,,,,,,,,,
REINFORCEMENT,1,RFE05N,"945 DECITEX NYLON 6,6 (MONOFILAMENT)",Y,SHAKESPEARE,FLEETWOOD,FLEETWOOD,Others,UK,"NYLON 6,6",,,,,,,,,E05N,,, , ,Y,,"AP, EMEA, LA",,,,,SHAKESPEARE,"FLEETWOOD, UK",FLEETWOOD,AEV,SHAKESPEARE,FLEETWOOD,FLEETWOOD,OTHERS,UK,Yes,,,,,,,,,,
REINFORCEMENT,1,RFE08A,1100 DTEX ARAMID,Y,DU PONT,MAYDOWN,MAYDOWN,Others,Ireland,950,,,,,,,,,E08A,,, , ,Y,,"AP, EMEA",,,,,DU PONT,"MAYDOWN, IRELAND",MAYDOWN,,DU PONT,MAYDOWN,MAYDOWN,OTHERS,IRELAND,Yes,,,,,,,,,,
REINFORCEMENT,1,RFES,(0.40+6X.365)+6X(.365+6X.35) ST,N,HYOSUNG CORPORATION,ASHEBORO,Asheboro,NC,USA,C201ES,,,,,,,,,ES,,, , ,N,,NA,,,,,HYOSUNG CORPORATION,"Asheboro, NC, USA",Asheboro,,HYOSUNG CORPORATION,ASHEBORO,ASHEBORO,NC,USA,Yes,,,,,,,,,,
REINFORCEMENT,1,RFES,(0.40+6X.365)+6X(.365+6X.35) ST,N,TOKYO ROPE,KITAKAMI,KITAKAMI,Others,Japan,J101ES,,,,,,,,,ES,,, , ,N,,AP,,,,,TOKYO ROPE,"KITAKAMI, JAPAN",KITAKAMI,ALC,TOKYO ROPE,KITAKAMI,KITAKAMI,OTHERS,JAPAN,Yes,,,,,,,,,,
REINFORCEMENT,1,RFES,(0.40+6X.365)+6X(.365+6X.35) ST,Y,TOKUSEN,ONO,ONO,Others,Japan,T101ES,,,,,,,,,ES,,, , ,Y,,AP,,,,,TOKUSEN,"ONO, JAPAN",ONO,,TOKUSEN,ONO,ONO,OTHERS,JAPAN,Yes,,,,,,,,,,
REINFORCEMENT,4,RFF06Q,1100 DECITEX AA-HMLS POLYESTER,N,INDORAMA VENTURES MOBILITY (Performance Fibers),"LONGLAVILLE,   FRANCE ",LONGLAVILLE,Others,France,1x53,,,,,,,,,F06Q,,, , ,N,,EMEA,,,,,,,,,,,,,,,,,,,,,,,,
REINFORCEMENT,1,RFF07Q,1440 DECITEX AA-HMLS POLYESTER,Y,INDORAMA VENTURES MOBILITY (Performance Fibers),"LONGLAVILLE,   FRANCE ",LONGLAVILLE,Others,France,1x53,,,,,,,,,F07Q,,, , ,Y,,EMEA,,,,,,,,,,,,,,,,,,,,,,,,
REINFORCEMENT,1,RFF08T,1100 DECITEX HMLS POLYESTER,Y,INDORAMA VENTURES MOBILITY,LONGLAVILLE,LONGLAVILLE,Others,France,1X50,,,,,,,,,F08T,,, , ,Y,,AP,,,,,INDORAMA VENTURES MOBILITY (Performance Fibers),"LONGLAVILLE,  FRANCE",LONGLAVILLE,BSI,INDORAMA VENTURES MOBILITY,LONGLAVILLE,LONGLAVILLE,OTHERS,FRANCE,Yes,,,,,,,,,,
REINFORCEMENT,1,RFF09T,1440 DECITEX HMLS POLYESTER,Y,INDORAMA VENTURES MOBILITY,LONGLAVILLE,LONGLAVILLE,Others,France,1X50,,,,,,,,,F09T,,, , ,Y,,AP,,,,,INDORAMA VENTURES MOBILITY (Performance Fibers),"LONGLAVILLE, FRANCE",LONGLAVILLE,BSI,INDORAMA VENTURES MOBILITY,LONGLAVILLE,LONGLAVILLE,OTHERS,FRANCE,Yes,,,,,,,,,,
REINFORCEMENT,1,RFG08N,"940 DECITEX NYLON 6,6",Y,POLYAMIDE HP (AKZO NOBEL),OBERNBURG,OBERNBURG,Others,Germany,140HRT,,,,,,,,,G08N,,, , ,Y,,"AP, EMEA, NA",,,,,POLYAMIDE HP (AKZO NOBEL),"OBERNBURG, GERMANY",OBERNBURG,,POLYAMIDE HP (AKZO NOBEL),OBERNBURG,OBERNBURG,OTHERS,GERMANY,Yes,,,,,,,,,,
REINFORCEMENT,1,RFG09N,"1400 DECITEX NYLON 6,6",Y,POLYAMIDE HP (AKZO NOBEL),OBERNBURG,OBERNBURG,Others,Germany,140HRT,,,,,,,,,G09N,,, , ,Y,,"AP, EMEA, LA",,,,,POLYAMIDE HP (AKZO NOBEL),"OBERNBURG, GERMANY",OBERNBURG,,POLYAMIDE HP (AKZO NOBEL),OBERNBURG,OBERNBURG,OTHERS,GERMANY,Yes,,,,,,,,,,
REINFORCEMENT,1,RFG10N,"2100 DECITEX NYLON 6,6",Y,POLYAMIDE HP (AKZO NOBEL),OBERNBURG,OBERNBURG,Others,Germany,140HRT,,,,,,,,,G10N,,, , ,Y,,"AP, EMEA, LA",,,,,POLYAMIDE HP (AKZO NOBEL),"OBERNBURG, GERMANY",OBERNBURG,,POLYAMIDE HP (AKZO NOBEL),OBERNBURG,OBERNBURG,OTHERS,GERMANY,Yes,,,,,,,,,,
REINFORCEMENT,1,RFG45R,1840 DECITEX RAYON,N,CORDENKA,OBERNBURG,OBERNBURG,Others,Germany,700,,,,,,,,,G45R,,, , ,N,,"AP, EMEA, LA, NA",,,,,CORDENKA,"OBERNBURG, GERMANY",OBERNBURG,EHY,CORDENKA,OBERNBURG,OBERNBURG,OTHERS,GERMANY,Yes,,,,,,,,,,
REINFORCEMENT,1,RFG46R,2440 DECITEX RAYON,N,CORDENKA,OBERNBURG,OBERNBURG,Others,Germany,700,,,,,,,,,G46R,,, , ,N,,"AP, EMEA, LA, NA",,,,,CORDENKA,"OBERNBURG, GERMANY",OBERNBURG,EHY,CORDENKA,OBERNBURG,OBERNBURG,OTHERS,GERMANY,Yes,,,,,,,,,,
REINFORCEMENT,1,RFG47R,1220 DECITEX RAYON,Y,CORDENKA,OBERNBURG,OBERNBURG,Others,Germany,CORDENKA 610F,,,,,,,,,G47R,,, , ,Y,,"AP, EMEA, LA, NA",,,,,CORDENKA,"OBERNBURG, GERMANY",OBERNBURG,EHY,CORDENKA,OBERNBURG,OBERNBURG,OTHERS,GERMANY,Yes,,,,,,,,,,
REINFORCEMENT,1,RFG48R,1860 DECITEX RAYON,Y,CORDENKA,OBERNBURG,OBERNBURG,Others,Germany,CORDENKA 610F,,,,,,,,,G48R,,, , ,Y,,"AP, EMEA, LA, NA",,,,,CORDENKA,"OBERNBURG, GERMANY",OBERNBURG,EHY,CORDENKA,OBERNBURG,OBERNBURG,OTHERS,GERMANY,Yes,,,,,,,,,,
REINFORCEMENT,1,RFG49R,2440 DECITEX RAYON,Y,CORDENKA,OBERNBURG,OBERNBURG,Others,Germany,CORDENKA 610F,,,,,,,,,G49R,,, , ,Y,,"AP, EMEA, LA, NA",,,,,CORDENKA,"OBERNBURG, GERMANY",OBERNBURG,EHY,CORDENKA,OBERNBURG,OBERNBURG,OTHERS,GERMANY,Yes,,,,,,,,,,
REINFORCEMENT,1,RFG51K,"10,000 DECITEX NYLON 6,6 (MONOFILAMENT)",N,POLYAMIDE HP (AKZO NOBEL),HENNEFLISIEG,HENNEFLISIEG,Others,Germany,N66/N6,,,,,,,,,G51K,,, , ,N,,EMEA,,,,,POLYAMIDE HP (AKZO NOBEL),"HENNEFLISIEG, GERMANY",HENNEFLISIEG,,POLYAMIDE HP (AKZO NOBEL),HENNEFLISIEG,HENNEFLISIEG,OTHERS,GERMANY,Yes,,,,,,,,,,
REINFORCEMENT,1,RFGA16SA,FIBERGLASS 3300/0/1 0X1.5 TPI 16EPI SA,N,HYOSUNG CORPORATION,UTICA,Utica,NY,USA,M19GA16SA,,,,,,,,,GA16SA,,, , ,N,,"EMEA, NA",,,,,HYOSUNG CORPORATION,"Utica, NY, USA",Utica,FHZ,HYOSUNG CORPORATION,UTICA,UTICA,NY,USA,Yes,,,,,,,,,,
REINFORCEMENT,1,RFGA18SA,FIBERGLASS  3300/0/1 0X1.5 TPI 18EPI SA,N,HYOSUNG CORPORATION,UTICA,Utica,NY,USA,GA18SA,,,,,,,,,GA18SA,,, , ,N,,NA,,,,,HYOSUNG CORPORATION,"Utica, NY, USA",Utica,FHZ,HYOSUNG CORPORATION,UTICA,UTICA,NY,USA,Yes,,,,,,,,,,
REINFORCEMENT,1,RFGA22SA,FIBERGLASS  3300/0/1 0X1.5 TPI 22EPI SA,N,HYOSUNG CORPORATION,UTICA,Utica,NY,USA,GA22SA,,,,,,,,,GA22SA,,, , ,N,,NA,,,,,HYOSUNG CORPORATION,"Utica, NY, USA",Utica,FHZ,HYOSUNG CORPORATION,UTICA,UTICA,NY,USA,Yes,,,,,,,,,,
REINFORCEMENT,1,RFGB16SA,FIBERGLASS  3300/0/2 0X1.5 TPI 16EPI SA,N,HYOSUNG CORPORATION,UTICA,Utica,NY,USA,GB16SA,,,,,,,,,GB16SA,,, , ,N,,NA,,,,,HYOSUNG CORPORATION,"Utica, NY, USA",Utica,FHZ,HYOSUNG CORPORATION,UTICA,UTICA,NY,USA,Yes,,,,,,,,,,
REINFORCEMENT,1,RFGB16SB,FIBERGLASS  3300/0/2 0X1.5 TPI 16EPI SB,N,HYOSUNG CORPORATION,UTICA,Utica,NY,USA,GB16SB,,,,,,,,,GB16SB,,, , ,N,,NA,,,,,HYOSUNG CORPORATION,"Utica, NY, USA",Utica,FHZ,HYOSUNG CORPORATION,UTICA,UTICA,NY,USA,Yes,,,,,,,,,,
REINFORCEMENT,1,RFGB20SA,FIBERGLASS 3300/0/2 0X1.5 TPI 20EPI SA,N,HYOSUNG CORPORATION,UTICA,Utica,NY,USA,M19GB20SA,,,,,,,,,GB20SA,,, , ,N,,NA,,,,,HYOSUNG CORPORATION,"Utica, NY, USA",Utica,FHZ,HYOSUNG CORPORATION,UTICA,UTICA,NY,USA,Yes,,,,,,,,,,
REINFORCEMENT,1,RFGD18SA,FIBERGLASS  3300/0/3 0X1.5 TPI 18EPI SA,N,HYOSUNG CORPORATION,UTICA,Utica,NY,USA,GD18SA,,,,,,,,,GD18SA,,, , ,N,,NA,,,,,HYOSUNG CORPORATION,"Utica, NY, USA",Utica,FHZ,HYOSUNG CORPORATION,UTICA,UTICA,NY,USA,Yes,,,,,,,,,,
REINFORCEMENT,1,RFGD20SA,FIBERGLASS  3300/0/3 0X1.5 TPI 20EPI SA,N,HYOSUNG CORPORATION,UTICA,Utica,NY,USA,GD20SA,,,,,,,,,GD20SA,,, , ,N,,NA,,,,,HYOSUNG CORPORATION,"Utica, NY, USA",Utica,FHZ,HYOSUNG CORPORATION,UTICA,UTICA,NY,USA,Yes,,,,,,,,,,
REINFORCEMENT,1,RFH07L,2100 DECITEX NYLON 6,N,ENKA DE COLOMBIA,GIRARDOTA,GIRARDOTA,Others,Colombia,T400,,,,,,,,,H07L,,, , ,N,,LA,,,,,ENKA DE COLOMBIA,"GIRARDOTA, COLOMBIA",GIRARDOTA,DHJ,ENKA DE COLOMBIA,GIRARDOTA,GIRARDOTA,OTHERS,COLOMBIA,Yes,,,,,,,,,,
REINFORCEMENT,1,RFJH23QR,"NYLON 6,6  1400/1/3 8 X 8 TPI 23EPI QR",Y,HYOSUNG CORPORATION,DECATUR,Decatur,AL,USA,Z09JH23QR,,,,,,,,,JH23QR,,, , ,Y,,"AP, EMEA, LA, NA",,,,,HYOSUNG CORPORATION,"Decatur, AL, USA",Decatur,AIT,HYOSUNG CORPORATION,DECATUR,DECATUR,AL,USA,Yes,,,,,,,,,,
REINFORCEMENT,1,RFJM22DH,"NYLON 6,6  2100/1/3 6 X 6 TPI 22EPI DH",Y,HYOSUNG CORPORATION,DECATUR,Decatur,AL,USA,Z08JM22DH,,,,,,,,,JM22DH,,, , ,Y,,"AP, EMEA, LA, NA",,,,,HYOSUNG CORPORATION,"Decatur, AL, USA",Decatur,AIT,HYOSUNG CORPORATION,DECATUR,DECATUR,AL,USA,Yes,,,,,,,,,,
REINFORCEMENT,1,RFK23T,1100 DECITEX HMLS POLYESTER,N,KOLON,GUMI,Gumi,Others,South Korea,KP42M,,,,,,,,,K23T,,, , ,N,,"AP, EMEA, LA, NA",,,,,KOLON,"Gumi, South Korea",Gumi,BJZ,KOLON,GUMI,GUMI,OTHERS,SOUTH KOREA,Yes,,,,,,,,,,
REINFORCEMENT,1,RFK24T,1440 DECITEX HMLS POLYESTER,N,KOLON,GUMI,Gumi,Others,South Korea,KP44M,,,,,,,,,K24T,,, , ,N,,"AP, EMEA",,,,,KOLON,"Gumi, South Korea",Gumi,BJZ,KOLON,GUMI,GUMI,OTHERS,SOUTH KOREA,Yes,,,,,,,,,,
REINFORCEMENT,1,RFK25Q,1100 DECITEX AA HMLS POLYESTER,Y,HYOSUNG CORPORATION,ULSAN,Ulsan,Others,South Korea,HSP-40,,,,,,,,,K25Q,,, , ,Y,,"EMEA, LA, NA",,,,,HYOSUNG CORPORATION,"Ulsan, South Korea",Ulsan,JAJ,HYOSUNG CORPORATION,ULSAN,ULSAN,OTHERS,SOUTH KOREA,Yes,,,,,,,,,,
REINFORCEMENT,1,RFK27T,1670 DECITEX HMLS POLYESTER,Y,KOLON,GUMI,Gumi,Others,South Korea,KP44M,,,,,,,,,K27T,,, , ,Y,,"LA, NA",,,,,KOLON,"Gumi, South Korea",Gumi,BJZ,KOLON,GUMI,GUMI,OTHERS,SOUTH KOREA,Yes,,,,,,,,,,
REINFORCEMENT,1,RFK28Q,1440 DECITEX AA HMLS POLYESTER,Y,HYOSUNG CORPORATION,ULSAN,Ulsan,Others,South Korea,HSP-40,,,,,,,,,K28Q,,, , ,Y,,"EMEA, NA",,,,,HYOSUNG CORPORATION,"Ulsan, South Korea",Ulsan,JAJ,HYOSUNG CORPORATION,ULSAN,ULSAN,OTHERS,SOUTH KOREA,Yes,,,,,,,,,,
REINFORCEMENT,1,RFK29T,2200 DECITEX HMLS POLYESTER,Y,KOLON,GUMI,Gumi,Others,South Korea,KP44M,,,,,,,,,K29T,,, , ,Y,,"LA, NA",,,,,KOLON,"Gumi, South Korea",Gumi,BJZ,KOLON,GUMI,GUMI,OTHERS,SOUTH KOREA,Yes,,,,,,,,,,
REINFORCEMENT,1,RFK30T,1100 DECITEX HMLS POLYESTER,Y,HYOSUNG CORPORATION,ULSAN,Ulsan,Others,South Korea,HSP-40,,,,,,,,,K30T,,, , ,Y,,"LA, NA",,,,,HYOSUNG CORPORATION,"Ulsan, South Korea",Ulsan,JAJ,HYOSUNG CORPORATION,ULSAN,ULSAN,OTHERS,SOUTH KOREA,Yes,,,,,,,,,,
REINFORCEMENT,1,RFKB15JR,"NYLON 6,6 MONOFILAMENT 3300/1 0 X 0 TPI 15EPI JR",N,HYOSUNG CORPORATION,DECATUR,Decatur,AL,USA,KB15JR,,,,,,,,,KB15JR,,, , ,N,,NA,,,,,HYOSUNG CORPORATION,"Decatur, AL, USA",Decatur,AIT,HYOSUNG CORPORATION,DECATUR,DECATUR,AL,USA,Yes,,,,,,,,,,
REINFORCEMENT,1,RFKC14DH,"NYLON 6,6 MONOFILAMENT 4400/1 0X0 14EPI DH",Y,HYOSUNG CORPORATION,DECATUR,Decatur,AL,USA,712KC14DH,,,,,,,,,KC14DH,,, , ,Y,,NA,,,,,HYOSUNG CORPORATION,"Decatur, AL, USA",Decatur,AIT,HYOSUNG CORPORATION,DECATUR,DECATUR,AL,USA,Yes,,,,,,,,,,
REINFORCEMENT,1,RFKC15JR,"NYLON 6,6 4400/0/1 MONOFILAMENT 15EPI JR",N,HYOSUNG CORPORATION,DECATUR,Decatur,AL,USA,KC15JR,,,,,,,,,KC15JR,,, , ,N,,NA,,,,,HYOSUNG CORPORATION,"Decatur, AL, USA",Decatur,AIT,HYOSUNG CORPORATION,DECATUR,DECATUR,AL,USA,Yes,,,,,,,,,,
REINFORCEMENT,1,RFUK,2+2x.35 ST,N,TOKUSEN,CONWAY,Conway,AR,USA,T201UK,,,,,,,,,UK,,, , ,N,,NA,,,,,TOKUSEN,"Conway, AR, USA",Conway,,TOKUSEN,CONWAY,CONWAY,AR,USA,No,,,,,,,,,,
REINFORCEMENT,1,RFLC16,NYLON 6 940/1/2 12x12 TPI 16 EPI,N,FORMOSA TAFFETA,TOULIU,TOULIOU,Others,Taiwan,LC16,,,,,,,,,LC16,,, , ,N,,LA,,,,,FORMOSA TAFFETA,"TOULIOU, TAIWAN",TOULIOU,JFM,FORMOSA TAFFETA,TOULIU,TOULIU,OTHERS,TAIWAN,Yes,,,,,,,,,,
REINFORCEMENT,1,RFWL,2x.295 HT,N,KAM - STEEL CORD,POHANG,Pohang,Others,South Korea,F601WL,,,,,,,,,WL,,, , ,N,,"AP, EMEA, LA, NA",,,,,KAM - Steel Cord,"Pohang, South Korea",Pohang,,KAM - STEEL CORD,POHANG,POHANG,OTHERS,SOUTH KOREA,No,,,,,,,,,,
REINFORCEMENT,1,RFWL,2x.295 HT,N,KAM - STEEL CORD,PINE BLUFF,Pine Bluff,AR,USA,F401WL,,,,,,,,,WL,,, , ,N,,"AP, EMEA, LA, NA",,,,,KAM - Steel Cord,"Pine Bluff, AR, USA",Pine Bluff,,KAM - STEEL CORD,PINE BLUFF,PINE BLUFF,AR,USA,No,,,,,,,,,,
REINFORCEMENT,1,RFWL,2x.295 HT,N,KAM - STEEL CORD,BETTEMBOURG,BETTEMBOURG,Others,Luxembourg,F101WL,,,,,,,,,WL,,, , ,N,,"AP, EMEA, LA, NA",,,,,KAM - Steel Cord,"BETTEMBOURG, LUXEMBOURG",BETTEMBOURG,,KAM - STEEL CORD,BETTEMBOURG,BETTEMBOURG,OTHERS,LUXEMBOURG,No,,,,,,,,,,
REINFORCEMENT,1,RFWL,2x.295 HT,N,BEKAERT,GEELONG,Geelong,Others,Australia,B901WL,,,,,,,,,WL,,, , ,N,,"AP, EMEA, LA",,,,,BEKAERT,"Geelong, VIC, Australia",Geelong,,BEKAERT,GEELONG,GEELONG,OTHERS,AUSTRALIA,No,,,,,,,,,,
REINFORCEMENT,1,RFWL,2x.295 HT,N,PIRELLI,SLATINA,SLATINA,Others,Romania,P501WL,,,,,,,,,WL,,, , ,N,,"AP, EMEA",,,,,PIRELLI,"SLATINA, ROMANIA",SLATINA,,PIRELLI,SLATINA,SLATINA,OTHERS,ROMANIA,No,,,,,,,,,,
REINFORCEMENT,1,RFWL,2x.295 HT,Y,KISWIRE,PASIR GUDANG,Pasir Gudang,Others,Malaysia,FC01WL,,,,,,,,,WL,,, , ,Y,,"AP, EMEA",,,,,KISWIRE,"Pasir Gudang, JOH, Malaysia",Pasir Gudang,JAM,KISWIRE,PASIR GUDANG,PASIR GUDANG,OTHERS,MALAYSIA,Yes,,,,,,,,,,
REINFORCEMENT,1,RFWL,2x.295 HT,N,FUXING SCIENCE,HUBEI,Hubei,Others,China,V101WL,,,,,,,,,WL,,, , ,N,,"AP, EMEA",,,,,FUXING SCIENCE,"Hubei, China",Hubei,,FUXING SCIENCE,HUBEI,HUBEI,OTHERS,CHINA,Yes,,,,,,,,,,
REINFORCEMENT,1,RFWL,2x.295 HT,N,BEKAERT,SLADKOVICOVO,SLADKOVICOVO,Others,Slovak Republic,BH01WL,,,,,,,,,WL,,, , ,N,,"AP, EMEA",,,,,BEKAERT,"SLADKOVICOVO, SLOVAK REPUBLIC",SLADKOVICOVO,EHK,BEKAERT,SLADKOVICOVO,SLADKOVICOVO,OTHERS,SLOVAK REPUBLIC,Yes,,,,,,,,,,
REINFORCEMENT,1,RFWP,2+2x.25 NT,N,PIRELLI,CELIKORD,CELIKORD,Others,Turkey,P201WP,,,,,,,,,WP,,, , ,N,,EMEA,,,,,PIRELLI,"CELIKORD, TURKEY",CELIKORD,,PIRELLI,CELIKORD,CELIKORD,OTHERS,TURKEY,No,,,,,,,,,,
REINFORCEMENT,1,RFWP,2+2x.25 NT,N,PIRELLI,FIGLINE,FIGLINE,Others,Italy,P101WP,,,,,,,,,WP,,, , ,N,,EMEA,,,,,PIRELLI,"FIGLINE, ITALY",FIGLINE,,PIRELLI,FIGLINE,FIGLINE,OTHERS,ITALY,No,,,,,,,,,,
REINFORCEMENT,1,RFWP,2+2x.25 NT,N,KAM - STEEL CORD,SVENTGOTTHARD,SVENTGOTTHARD,Others,Hungary,E201WP,,,,,,,,,WP,,, , ,N,,EMEA,,,,,KAM - Steel Cord,"SVENTGOTTHARD, HUNGARY",SVENTGOTTHARD,,KAM - STEEL CORD,SVENTGOTTHARD,SVENTGOTTHARD,OTHERS,HUNGARY,No,,,,,,,,,,
REINFORCEMENT,1,RFWP,2+2x.25 NT,N,KAM - STEEL CORD,FEURSTENFELD,Feurstenfeld,Others,Austria,E101WP,,,,,,,,,WP,,, , ,N,,EMEA,,,,,KAM - Steel Cord,"Feurstenfeld, Austria",Feurstenfeld,,KAM - STEEL CORD,FEURSTENFELD,FEURSTENFELD,OTHERS,AUSTRIA,No,,,,,,,,,,
REINFORCEMENT,1,RFWP,2+2x.25 NT,N,SODETAL,TRONVILLE,TRONVILLE,Others,France,S101WP,,,,,,,,,WP,,, , ,N,,"AP, EMEA, LA, NA",,,,,SODETAL,"TRONVILLE, FRANCE",TRONVILLE,,SODETAL,TRONVILLE,TRONVILLE,OTHERS,FRANCE,No,,,,,,,,,,
REINFORCEMENT,1,RFWP,2+2x.25 NT,N,HYOSUNG CORPORATION,LISA,LISA,Others,Luxembourg,C301WP,,,,,,,,,WP,,, , ,N,,"AP, EMEA, LA, NA",,,,,HYOSUNG CORPORATION,"LISA, LUXEMBOURG",LISA,AIG,HYOSUNG CORPORATION,LISA,LISA,OTHERS,LUXEMBOURG,Yes,,,,,,,,,,
REINFORCEMENT,1,RFWP,2+2x.25 NT,N,BEKAERT,BURGOS,BURGOS,Others,Spain,B303WP,,,,,,,,,WP,,, , ,N,,"AP, EMEA, LA, NA",,,,,BEKAERT,"BURGOS, SPAIN",BURGOS,AJF,BEKAERT,BURGOS,BURGOS,OTHERS,SPAIN,Yes,,,,,,,,,,
REINFORCEMENT,1,RFWP,2+2x.25 NT,N,BEKAERT,AALTER,Aalter,Others,Belgium,B108WP,,,,,,,,,WP,,, , ,N,,"AP, EMEA, LA, NA",,,,,BEKAERT,"Aalter, Belgium",Aalter,,BEKAERT,AALTER,AALTER,OTHERS,BELGIUM,No,,,,,,,,,,
REINFORCEMENT,1,RFWP,2+2x.25 NT,N,KAM - STEEL CORD,YANGSAN,Yangsan,Others,South Korea,F301WP,,,,,,,,,WP,,, , ,N,,"AP, EMEA, LA",,,,,KAM - Steel Cord,"Yangsan, South Korea",Yangsan,,KAM - STEEL CORD,YANGSAN,YANGSAN,OTHERS,SOUTH KOREA,No,,,,,,,,,,
REINFORCEMENT,1,RFWP,2+2x.25 NT,N,BEKAERT,JIANGYIN,Jiangyin,Others,China,BD01WP,,,,,,,,,WP,,, , ,N,,"AP, EMEA, LA",,,,,BEKAERT,"Jiangyin, China",Jiangyin,JTM,BEKAERT,JIANGYIN,JIANGYIN,OTHERS,CHINA,Yes,,,,,,,,,,
REINFORCEMENT,1,RFWP,2+2x.25 NT,Y,BEKAERT,IZMIT,"IZMIT, TURKEY",Others,Turkey,BA02WP,,,,,,,,,WP,,, , ,Y,,"AP, EMEA, LA",,,,,BEKAERT,"IZMIT, TURKEY","IZMIT, TURKEY",APK,BEKAERT,IZMIT,"IZMIT, TURKEY",OTHERS,TURKEY,Yes,,,,,,,,,,
REINFORCEMENT,1,RFWP,2+2x.25 NT,N,BEKAERT,GEELONG,Geelong,Others,Australia,B901WP,,,,,,,,,WP,,, , ,N,,"AP, EMEA, LA",,,,,BEKAERT,"Geelong, VIC, Australia",Geelong,,BEKAERT,GEELONG,GEELONG,OTHERS,AUSTRALIA,No,,,,,,,,,,
REINFORCEMENT,1,RFWP,2+2x.25 NT,N,KAM - STEEL CORD,BETTEMBOURG,BETTEMBOURG,Others,Luxembourg,F101WP,,,,,,,,,WP,,, , ,N,,"AP, EMEA, LA",,,,,KAM - Steel Cord,"BETTEMBOURG, LUXEMBOURG",BETTEMBOURG,,KAM - STEEL CORD,BETTEMBOURG,BETTEMBOURG,OTHERS,LUXEMBOURG,No,,,,,,,,,,
REINFORCEMENT,1,RFWP,2+2x.25 NT,N,BMZ,PLUSCORD,Zhlobin,Others,Belarus,D201WP,,,,,,,,,WP,,, , ,N,,"AP, EMEA",,,,,BMZ,"PLUSCORD, Zhlobin, Belarus",Zhlobin,EGK,BMZ,PLUSCORD,ZHLOBIN,OTHERS,BELARUS,Yes,,,,,,,,,,
REINFORCEMENT,1,RFWP,2+2x.25 NT,Y,BMZ,MICORD,Zhlobin,Others,Belarus,D101WP,,,,,,,,,WP,,, , ,Y,,"AP, EMEA",,,,,BMZ,"MICORD, Zhlobin, Belarus",Zhlobin,ECH,BMZ,MICORD,ZHLOBIN,OTHERS,BELARUS,Yes,,,,,,,,,,
REINFORCEMENT,1,RFWP,2+2x.25 NT,N,BEKAERT,SLADKOVICOVO,SLADKOVICOVO,Others,Slovak Republic,BH01WP,,,,,,,,,WP,,, , ,N,,"AP, EMEA",,,,,BEKAERT,"SLADKOVICOVO, SLOVAK REPUBLIC",SLADKOVICOVO,EHK,BEKAERT,SLADKOVICOVO,SLADKOVICOVO,OTHERS,SLOVAK REPUBLIC,Yes,,,,,,,,,,
REINFORCEMENT,1,RFWQ,1X5X.38 HT 2CF,N,SUMITOMO ELECTRIC INDUSTRIES,TOCHIGI,TOCHIGI,Others,Japan,Q101WQ,,,,,,,,,WQ,,, , ,N,,NA,,,,,SUMITOMO ELECTRIC INDUSTRIES,"TOCHIGI, JAPAN",TOCHIGI,LAG,SUMITOMO ELECTRIC INDUSTRIES,TOCHIGI,TOCHIGI,OTHERS,JAPAN,Yes,,,,,,,,,,
REINFORCEMENT,1,RFWQ,1X5X.38 HT 2CF,N,HYOSUNG CORPORATION,SCOTTSBURG,Scottsburg,IN,USA,C201WQ,,,,,,,,,WQ,,, , ,N,,NA,N526 - Buffalo/Tonawanda,,,Buffalo / Tonawanda,HYOSUNG CORPORATION,"Scottsburg, IN,USA",Scottsburg,,HYOSUNG CORPORATION,SCOTTSBURG,SCOTTSBURG,IN,USA,Yes,,,,,,,,,,
REINFORCEMENT,1,RFWQ,1X5X.38 HT 2CF,N,GOODYEAR TIRE AND RUBBER,"Asheboro, NC, USA",Asheboro,NC,USA,G101WQ,,,,,,,,,WQ,,, , ,N,,NA,N526 - Buffalo/Tonawanda,,,Buffalo / Tonawanda,,,,,,,,,,,,,,,,,,,,
REINFORCEMENT,1,RFWU,3X7X.22HE,N,BEKAERT,AALTER,Aalter,Others,Belgium,B103WU,,,,,,,,,WU,,, , ,N,,"AP, EMEA, LA, NA",,,,,BEKAERT,"Aalter, Belgium",Aalter,,BEKAERT,AALTER,AALTER,OTHERS,BELGIUM,No,,,,,,,,,,
REINFORCEMENT,1,RFX06R,1220 DECITEX RAYON,N,INDORAMA VENTURES MOBILITY,ST POLTEN,St Polten,Others,Austria,VISCORD,,,,,,,,,X06R,,, , ,N,,"AP, EMEA, LA, NA",,,,,INDORAMA VENTURES MOBILITY (Glanzstoff),"St Polten, Austria",St Polten,,INDORAMA VENTURES MOBILITY,ST POLTEN,ST POLTEN,OTHERS,AUSTRIA,Yes,,,,,,,,,,
REINFORCEMENT,1,RFX07R,2440 DECITEX RAYON,N,INDORAMA VENTURES MOBILITY,ST POLTEN,St Polten,Others,Austria,SUPER II,,,,,,,,,X07R,,, , ,N,,"AP, EMEA, LA, NA",,,,,INDORAMA VENTURES MOBILITY (Glanzstoff),"St Polten, Austria",St Polten,,INDORAMA VENTURES MOBILITY,ST POLTEN,ST POLTEN,OTHERS,AUSTRIA,Yes,,,,,,,,,,
REINFORCEMENT,1,RFZ01N,"1400 DECITEX NYLON 6,6",Y,KORDSA,IZMIT,Izmit,Others,Turkey,T728,,,,,,,,,Z01N,,, , ,Y,,"AP, EMEA, LA, NA",,,,,KORDSA,"Izmit, Turkey",Izmit,BXD,KORDSA,IZMIT,IZMIT,OTHERS,TURKEY,Yes,,,,,,,,,,
REINFORCEMENT,1,RFZ02N,"940 DECITEX NYLON 6,6",Y,KORDSA,IZMIT,Izmit,Others,Turkey,T728,,,,,,,,,Z02N,,, , ,Y,,"AP, EMEA, LA, NA",,,,,KORDSA,"Izmit, Turkey",Izmit,BXD,KORDSA,IZMIT,IZMIT,OTHERS,TURKEY,Yes,,,,,,,,,,
REINFORCEMENT,1,RFZ03N,"2100 DECITEX NYLON 6,6",Y,KORDSA,IZMIT,Izmit,Others,Turkey,T728,,,,,,,,,Z03N,,, , ,Y,,"AP, EMEA, LA",,,,,KORDSA,"Izmit, Turkey",Izmit,BXD,KORDSA,IZMIT,IZMIT,OTHERS,TURKEY,Yes,,,,,,,,,,
REINFORCEMENT,1,RFZ04T,1100 DECITEX HMLS POLYESTER,N,KORDSA,IZMIT,Izmit,Others,Turkey,D792,,,,,,,,,Z04T,,, , ,N,,"AP, NA",,,,,KORDSA,"Izmit, Turkey",Izmit,BXD,KORDSA,IZMIT,IZMIT,OTHERS,TURKEY,Yes,,,,,,,,,,
REINFORCEMENT,1,RFZ05Q,1100 DECITEX AA_HMLS POLYESTER,Y,KORDSA,IZMIT,Izmit,Others,Turkey,D793,,,,,,,,,Z05Q,,, , ,Y,,EMEA,,,,,KORDSA,"Izmit, Turkey",Izmit,BXD,KORDSA,IZMIT,IZMIT,OTHERS,TURKEY,Yes,,,,,,,,,,
REINFORCEMENT,1,RFZ06Q,1440 DECITEX AA-HMLS POLYESTER,Y,KORDSA,IZMIT,Izmit,Others,Turkey,D793,,,,,,,,,Z06Q,,, , ,Y,,EMEA,,,,,KORDSA,"Izmit, Turkey",Izmit,BXD,KORDSA,IZMIT,IZMIT,OTHERS,TURKEY,Yes,,,,,,,,,,
REINFORCEMENT,1,RFZ07N,"940 DECITEX NYLON 6,6",N,KORDSA,IZMIT,Izmit,Others,Turkey,T728,,,,,,,,,Z07N,,, , ,N,,"AP, EMEA, LA, NA",,,,,KORDSA,"Izmit, Turkey",Izmit,BXD,KORDSA,IZMIT,IZMIT,OTHERS,TURKEY,Yes,,,,,,,,,,
REINFORCEMENT,1,RFZ09J,"1400 Decitex (1260 denier) Nylon 6,6",N,KORDSA,IZMIT,IZMIT,Others,Turkey,T802,,,,,,,,,Z09J,,, , ,N,,NA,,,,,KORDSA,I TURKEY,IZMIT,BXD,KORDSA,IZMIT,IZMIT,OTHERS,TURKEY,No,,,,,,,,,,
REINFORCEMENT,1,RFNG30SG,"NYLON 6,6 1400/1/2 6x6 TPI 30EPI SG",N,THAI INDO KORDSA,AYUTTHAYA,"AYUTTHAYA, THAILAND",Others,Thailand,NG30SG,,,,,,,,,NG30SG,,, , ,N,,"AP, EMEA",,,,,THAI INDO KORDSA,"AYUTTHAYA, THAILAND","AYUTTHAYA, THAILAND",JAE,THAI INDO KORDSA,AYUTTHAYA,"AYUTTHAYA, THAILAND",OTHERS,THAILAND,Yes,,,,,,,,,,
REINFORCEMENT,1,RFNJ33JA,"NYLON 6,6  940/1/2 10x12 TPI 33EPI JA",N,THAI INDO KORDSA,AYUTTHAYA,"AYUTTHAYA, THAILAND",Others,Thailand,NJ33JA,,,,,,,,,NJ33JA,,, , ,N,,LA,,,,,THAI INDO KORDSA,"AYUTTHAYA, THAILAND","AYUTTHAYA, THAILAND",JAE,THAI INDO KORDSA,AYUTTHAYA,"AYUTTHAYA, THAILAND",OTHERS,THAILAND,Yes,,,,,,,,,,
REINFORCEMENT,1,RFUD,3+3x.35 ST,Y,BEKAERT,JIANGYIN,Jiangyin,Others,China,BD01UD,,,,,,,,,UD,,, , ,Y,,"AP, EMEA, LA, NA",,,,,BEKAERT,"Jiangyin, China",Jiangyin,JTM,BEKAERT,JIANGYIN,JIANGYIN,OTHERS,CHINA,Yes,,,,,,,,,,
REINFORCEMENT,1,RFTB28HF,HMLS POLYESTER 1100/1/3 8.5 X 8.5 TPI 28EPI HF,N,THAI INDO KORDSA,AYUTTHAYA,"AYUTTHAYA, THAILAND",Others,Thailand,TB28HF,,,,,,,,,TB28HF,,, , ,N,,AP,,,,,THAI INDO KORDSA,"AYUTTHAYA, THAILAND","AYUTTHAYA, THAILAND",JAE,THAI INDO KORDSA,AYUTTHAYA,"AYUTTHAYA, THAILAND",OTHERS,THAILAND,Yes,,,,,,,,,,
REINFORCEMENT,1,RFTC28HA,HMLS POLYESTER  1100/1/2 12 X 12 TPI 28EPI HA,N,INDORAMA VENTURES MOBILITY,QUERETARO,QUERETARO,Others,Mexico,TC28HA,,,,,,,,,TC28HA,,, , ,N,,NA,,,,,INDORAMA VENTURES MOBILITY (Performance Fibers),"QUERETARO, MEXICO",QUERETARO,BBJ,INDORAMA VENTURES MOBILITY,QUERETARO,QUERETARO,OTHERS,MEXICO,Yes,,,,,,,,,,
REINFORCEMENT,1,RFTC28HA,HMLS POLYESTER  1100/1/2 12 X 12 TPI 28EPI HA,N,KOLON,GUMI,Gumi,Others,South Korea,TC28HA,,,,,,,,,TC28HA,,, , ,N,,NA,,,,,KOLON,"Gumi, South Korea",Gumi,BJZ,KOLON,GUMI,GUMI,OTHERS,SOUTH KOREA,Yes,,,,,,,,,,
REINFORCEMENT,1,RFTC28HA,HMLS POLYESTER  1100/1/2 12 X 12 TPI 28EPI HA,N,HYOSUNG CORPORATION,DECATUR,Decatur,AL,USA,TC28HA,,,,,,,,,TC28HA,,, , ,N,,NA,,,,,HYOSUNG CORPORATION,"Decatur, AL, USA",Decatur,AIT,HYOSUNG CORPORATION,DECATUR,DECATUR,AL,USA,Yes,,,,,,,,,,
REINFORCEMENT,1,RFTC28HF,HMLS POLYESTER  1100/1/2 12x12 TPI 28EPI HF,N,KORDSA,IZMIT,Izmit,Others,Turkey,TC28HF,,,,,,,,,TC28HF,,, , ,N,,EMEA,,,,,KORDSA,"Izmit, Turkey",Izmit,BXD,KORDSA,IZMIT,IZMIT,OTHERS,TURKEY,Yes,,,,,,,,,,
REINFORCEMENT,1,RFTC28HF,HMLS POLYESTER  1100/1/2 12x12 TPI 28EPI HF,N,PRIMA SENTRA MEGAH,TANGERANG,TANGERANG,Others,Indonesia,TC28HF,,,,,,,,,TC28HF,,, , ,N,,AP,,,,,PRIMA SENTRA MEGAH,"TANGERANG, INDONESIA",TANGERANG,,PRIMA SENTRA MEGAH,TANGERANG,TANGERANG,OTHERS,INDONESIA,Yes,,,,,,,,,,
REINFORCEMENT,1,RFTC28HF,HMLS POLYESTER  1100/1/2 12x12 TPI 28EPI HF,Y,INDORAMA VENTURES MOBILITY,KAIPING DIP UNIT #1,Kaiping,Others,China,U02TC28HF,,,,,,,,,TC28HF,,, , ,Y,,"AP, EMEA, LA",,,,,INDORAMA VENTURES MOBILITY (Performance Fibers),Kaiping Dip Unit #1,Kaiping,JMX,INDORAMA VENTURES MOBILITY,KAIPING DIP UNIT #1,KAIPING,OTHERS,CHINA,Yes,,,,,,,,,,
REINFORCEMENT,1,RFTC28HF,HMLS POLYESTER  1100/1/2 12x12 TPI 28EPI HF,N,KOLON,GUMI,Gumi,Others,South Korea,TC28HF,,,,,,,,,TC28HF,,, , ,N,,"AP, EMEA, LA",,,,,KOLON,"Gumi, South Korea",Gumi,BJZ,KOLON,GUMI,GUMI,OTHERS,SOUTH KOREA,Yes,,,,,,,,,,
REINFORCEMENT,1,RFTC28HF,HMLS POLYESTER  1100/1/2 12x12 TPI 28EPI HF,N,THAI INDO KORDSA,AYUTTHAYA,"AYUTTHAYA, THAILAND",Others,Thailand,TC28HF,,,,,,,,,TC28HF,,, , ,N,,"AP, EMEA, LA",,,,,THAI INDO KORDSA,"AYUTTHAYA, THAILAND","AYUTTHAYA, THAILAND",JAE,THAI INDO KORDSA,AYUTTHAYA,"AYUTTHAYA, THAILAND",OTHERS,THAILAND,Yes,,,,,,,,,,
REINFORCEMENT,1,RFTC28HF,HMLS POLYESTER  1100/1/2 12x12 TPI 28EPI HF,N,PT INDO KORDSA,CITEUREUP,CITEUREUP,Others,Indonesia,TC28HF,,,,,,,,,TC28HF,,, , ,N,,"AP, EMEA, LA",,,,,PT INDO KORDSA,"CITEUREUP, INDONESIA",CITEUREUP,BGQ,PT INDO KORDSA,CITEUREUP,CITEUREUP,OTHERS,INDONESIA,Yes,,,,,,,,,,
REINFORCEMENT,1,RFTC28HF,HMLS POLYESTER  1100/1/2 12x12 TPI 28EPI HF,N,FORMOSA TAFFETA,TOULIU,TOULIOU,Others,Taiwan,TC28HF,,,,,,,,,TC28HF,,, , ,N,,AP,,,,,FORMOSA TAFFETA,"TOULIOU, TAIWAN",TOULIOU,JFM,FORMOSA TAFFETA,TOULIU,TOULIU,OTHERS,TAIWAN,Yes,,,,,,,,,,
REINFORCEMENT,1,RFTC32HF,HMLS POLYESTER 1100/1/2 12X12 TPI 32EPI HF,N,KOLON,GUMI,Gumi,Others,South Korea,TC32HF,,,,,,,,,TC32HF,,, , ,N,,EMEA,,,,,KOLON,"Gumi, South Korea",Gumi,BJZ,KOLON,GUMI,GUMI,OTHERS,SOUTH KOREA,Yes,,,,,,,,,,
REINFORCEMENT,1,RFTC35HA,HMLS POLYESTER 1100/1/2 12 X 12 TPI 35EPI HA,N,HYOSUNG CORPORATION,DECATUR,Decatur,AL,USA,TC35HA,,,,,,,,,TC35HA,,, , ,N,,NA,,,,,HYOSUNG CORPORATION,"Decatur, AL, USA",Decatur,AIT,HYOSUNG CORPORATION,DECATUR,DECATUR,AL,USA,Yes,,,,,,,,,,
REINFORCEMENT,1,RFTC35HA,HMLS POLYESTER 1100/1/2 12 X 12 TPI 35EPI HA,N,KOLON,GUMI,Gumi,Others,South Korea,TC35HA,,,,,,,,,TC35HA,,, , ,N,,"AP, EMEA, NA",,,,,KOLON,"Gumi, South Korea",Gumi,BJZ,KOLON,GUMI,GUMI,OTHERS,SOUTH KOREA,Yes,,,,,,,,,,
REINFORCEMENT,1,RFTH28HA,HMLS POLYESTER  1100/1/2 10 X 10 TPI 28EPI HA,N,HYOSUNG CORPORATION,DECATUR,Decatur,AL,USA,TH28HA,,,,,,,,,TH28HA,,, , ,N,,NA,,,,,HYOSUNG CORPORATION,"Decatur, AL, USA",Decatur,AIT,HYOSUNG CORPORATION,DECATUR,DECATUR,AL,USA,Yes,,,,,,,,,,
REINFORCEMENT,1,RFUS,3+2x.35 ST,N,HYOSUNG CORPORATION,ASHEBORO,Asheboro,NC,USA,C201US,,,,,,,,,US,,, , ,N,,NA,,,,,HYOSUNG CORPORATION,"Asheboro, NC, USA",Asheboro,,HYOSUNG CORPORATION,ASHEBORO,ASHEBORO,NC,USA,Yes,,,,,,,,,,
REINFORCEMENT,1,RFUS,3+2x.35 ST,N,BEKAERT,PNEUS SA - BRAZIL (STEEL CORD),Sumare,Others,Brazil,BP01US,,,,,,,,,US,,, , ,N,,LA,,,,,BEKAERT,BEKAERT PNEUS SA - BRAZIL (STEEL CORD PLANT),Sumare,DAS,BEKAERT,PNEUS SA - BRAZIL (STEEL CORD),SUMARE,OTHERS,BRAZIL,Yes,,,,,,,,,,
REINFORCEMENT,1,RFUS,3+2x.35 ST,Y,BEKAERT,ITAUNA - MG BRAZIL (STEEL CORD),Itauna,Others,Brazil,BC01US,,,,,,,,,US,,, , ,Y,,LA,,,,,BEKAERT,"Itauna, MG, Brazil (Steel Cord)",Itauna,DAG,BEKAERT,ITAUNA - MG BRAZIL (STEEL CORD),ITAUNA,OTHERS,BRAZIL,Yes,,,,,,,,,,
REINFORCEMENT,1,RFUS,3+2x.35 ST,N,BEKAERT,VESPASIANO,Vespasiano,MG,Brazil,B701US,,,,,,,,,US,,, , ,N,,LA,,,,,BEKAERT,"Vespasiano, MG, Brazil",Vespasiano,AKY,BEKAERT,VESPASIANO,VESPASIANO,MG,BRAZIL,Yes,,,,,,,,,,
REINFORCEMENT,1,RFUS,3+2x.35 ST,Y,BEKAERT,ROGERS,Rogers,AR,USA,BB01US,,,,,,,,,US,,, , ,Y,,"AP, NA",,,,,BEKAERT,"Rogers, AR, USA",Rogers,AMX,BEKAERT,ROGERS,ROGERS,AR,USA,Yes,,,,,,,,,,
REINFORCEMENT,1,RFUS,3+2x.35 ST,N,KAM - STEEL CORD,YANGSAN,Yangsan,Others,South Korea,F301US,,,,,,,,,US,,, , ,N,,"AP, EMEA, NA",,,,,KAM - Steel Cord,"Yangsan, South Korea",Yangsan,,KAM - STEEL CORD,YANGSAN,YANGSAN,OTHERS,SOUTH KOREA,No,,,,,,,,,,
REINFORCEMENT,1,RFUS,3+2x.35 ST,N,PIRELLI,CELIKORD,CELIKORD,Others,Turkey,P102US,,,,,,,,,US,,, , ,N,,"AP, EMEA",,,,,PIRELLI,"CELIKORD, TURKEY",CELIKORD,,PIRELLI,CELIKORD,CELIKORD,OTHERS,TURKEY,No,,,,,,,,,,
REINFORCEMENT,1,RFUS,3+2x.35 ST,N,KISWIRE,MALAYSIA,Jahor,Others,Malaysia,H101US,,,,,,,,,US,,, , ,N,,"AP, EMEA",,,,,Kiswire - Bead Wire,MALAYSIA,Jahor,JAM,KISWIRE,MALAYSIA,JAHOR,OTHERS,MALAYSIA,Yes,,,,,,,,,,
REINFORCEMENT,1,RFUS,3+2x.35 ST,N,HYOSUNG CORPORATION,LISA,LISA,Others,Luxembourg,C301US,,,,,,,,,US,,, , ,N,,"AP, EMEA",,,,,HYOSUNG CORPORATION,"LISA, LUXEMBOURG",LISA,AIG,HYOSUNG CORPORATION,LISA,LISA,OTHERS,LUXEMBOURG,Yes,,,,,,,,,,
REINFORCEMENT,1,RFUS,3+2x.35 ST,N,BMZ,PLUSCORD,Zhlobin,Others,Belarus,D201US,,,,,,,,,US,,, , ,N,,"AP, EMEA",,,,,BMZ,"PLUSCORD, Zhlobin, Belarus",Zhlobin,EGK,BMZ,PLUSCORD,ZHLOBIN,OTHERS,BELARUS,Yes,,,,,,,,,,
REINFORCEMENT,1,RFUS,3+2x.35 ST,Y,BEKAERT,KARAWANG,KARAWANG,Others,Indonesia,BE01US,,,,,,,,,US,,, , ,Y,,"AP, EMEA, NA",,,,,BEKAERT,"KARAWANG, INDONESIA",KARAWANG,JBP,BEKAERT,KARAWANG,KARAWANG,OTHERS,INDONESIA,Yes,,,,,,,,,,
REINFORCEMENT,1,RFUS,3+2x.35 ST,N,BEKAERT,IZMIT,"IZMIT, TURKEY",Others,Turkey,BA01US,,,,,,,,,US,,, , ,N,,"AP, EMEA",,,,,BEKAERT,"IZMIT, TURKEY","IZMIT, TURKEY",APK,BEKAERT,IZMIT,"IZMIT, TURKEY",OTHERS,TURKEY,Yes,,,,,,,,,,
REINFORCEMENT,1,RFUS,3+2x.35 ST,N,KAM - STEEL CORD,BETTEMBOURG,BETTEMBOURG,Others,Luxembourg,F101US,,,,,,,,,US,,, , ,N,,"AP, EMEA",,,,,KAM - Steel Cord,"BETTEMBOURG, LUXEMBOURG",BETTEMBOURG,,KAM - STEEL CORD,BETTEMBOURG,BETTEMBOURG,OTHERS,LUXEMBOURG,No,,,,,,,,,,
REINFORCEMENT,1,RFV01L,940 DECITEX NYLON 6,Y,FCFC,TOULIOU,TOULIOU,Others,Taiwan,NYLON 6,,,,,,,,,V01L,,, , ,Y,,"AP, EMEA, LA",,,,,FCFC,"TOULIOU, TAIWAN",TOULIOU,,FCFC,TOULIOU,TOULIOU,OTHERS,TAIWAN,Yes,,,,,,,,,,
REINFORCEMENT,1,RFV02L,1400 DECITEX NYLON 6,Y,FCFC,TOULIOU,TOULIOU,Others,Taiwan,NYLON 6,,,,,,,,,V02L,,, , ,Y,,"AP, EMEA, LA",,,,,FCFC,"TOULIOU, TAIWAN",TOULIOU,,FCFC,TOULIOU,TOULIOU,OTHERS,TAIWAN,Yes,,,,,,,,,,
REINFORCEMENT,1,RFVC28HA,"HMLS POLYESTER / NYLON 6,6 1100/1/2 12X12 28EPI HA",N,HYOSUNG CORPORATION,DECATUR,Decatur,AL,USA,VC28HA,,,,,,,,,VC28HA,,, , ,N,,NA,,,,,HYOSUNG CORPORATION,"Decatur, AL, USA",Decatur,AIT,HYOSUNG CORPORATION,DECATUR,DECATUR,AL,USA,Yes,,,,,,,,,,
REINFORCEMENT,1,RF730N,"940 DECITEX NYLON 6,6 (MONOFILAMENT)",N,GLASSMASTER,LEXINGTON,Lexington,SC,USA,"NYLON 6,6",,,,,,,,,730N,,, , ,N,,NA,,,,,GLASSMASTER,"Lexington, SC, USA",Lexington,,GLASSMASTER,LEXINGTON,LEXINGTON,SC,USA,Yes,,,,,,,,,,
REINFORCEMENT,1,RFUW,2+2x.295 HT,N,KAM - STEEL CORD,POHANG,Pohang,Others,South Korea,F601UW,,,,,,,,,UW,,, , ,N,,"AP, EMEA, LA, NA",,,,,KAM - Steel Cord,"Pohang, South Korea (S)",Pohang,,KAM - STEEL CORD,POHANG,POHANG,OTHERS,SOUTH KOREA,No,,,,,,,,,,
REINFORCEMENT,1,RFQ04L,940 DECITEX NYLON 6,N,SOLVAY,HUMENNE,HUMENNE,Others,Slovak Republic,T851,,,,,,,,,Q04L,,, , ,N,,EMEA,,,,,SOLVAY,"HUMENNE, SLOVAK REPUBLIC",HUMENNE,,SOLVAY,HUMENNE,HUMENNE,OTHERS,SLOVAK REPUBLIC,Yes,,,,,,,,,,
REINFORCEMENT,1,RFQ05L,1400 DECITEX NYLON 6,N,SOLVAY,HUMENNE,HUMENNE,Others,Slovak Republic,PA 6,,,,,,,,,Q05L,,, , ,N,,EMEA,,,,,SOLVAY,"HUMENNE, SLOVAK REPUBLIC",HUMENNE,,SOLVAY,HUMENNE,HUMENNE,OTHERS,SLOVAK REPUBLIC,Yes,,,,,,,,,,
REINFORCEMENT,1,RFQ06L,2100 DECITEX NYLON 6,N,SOLVAY,HUMENNE,HUMENNE,Others,Slovak Republic,PA 6,,,,,,,,,Q06L,,, , ,N,,EMEA,,,,,SOLVAY,"HUMENNE, SLOVAK REPUBLIC",HUMENNE,,SOLVAY,HUMENNE,HUMENNE,OTHERS,SLOVAK REPUBLIC,Yes,,,,,,,,,,
REINFORCEMENT,1,RFQ07N,"1400 DECITEX NYLON 6,6",N,NEXIS FIBERS,HUMENNE,HUMENNE,Others,Slovak Republic,T650,,,,,,,,,Q07N,,, , ,N,,"AP, EMEA",,,,,NEXIS FIBERS,"HUMENNE, SLOVAK REPUBLIC",HUMENNE,,NEXIS FIBERS,HUMENNE,HUMENNE,OTHERS,SLOVAK REPUBLIC,Yes,,,,,,,,,,
REINFORCEMENT,1,RFQB30,AA HMLS POLYESTER 1100/1/3 8.5x8.5 TPI 30EPI,N,KORDSA,CAMACARI,Camacari,BA,Brazil,QB30,,,,,,,,,QB30,,, , ,N,,"EMEA, LA",,,,,KORDSA,"Camacari, Brazil",Camacari,DBV,KORDSA,CAMACARI,CAMACARI,BA,BRAZIL,Yes,,,,,,,,,,
REINFORCEMENT,1,RFQC28,AA HMLS POLYESTER 1100/1/2 12x12 TPI 28EPI,N,KORDSA,CAMACARI,Camacari,BA,Brazil,QC28,,,,,,,,,QC28,,, , ,N,,LA,,,,,KORDSA,"Camacari, Brazil",Camacari,DBV,KORDSA,CAMACARI,CAMACARI,BA,BRAZIL,Yes,,,,,,,,,,
REINFORCEMENT,1,RFQC28PF,AA HMLS POLYESTER 1100/1/2 12x12 TPI 28EPI PF,Y,KORDSA,IZMIT,Izmit,Others,Turkey,Z05QC28PF,,,,,,,,,QC28PF,,, , ,Y,,EMEA,,,,,KORDSA,"Izmit, Turkey",Izmit,BXD,KORDSA,IZMIT,IZMIT,OTHERS,TURKEY,Yes,,,,,,,,,,
REINFORCEMENT,1,RFQJ24VF,AA-HMLS POLYESTER 1100/1/2 11.5X11.5 TPI 24EPI VF,N,HYOSUNG CORPORATION,UTICA,Utica,NY,USA,QJ24VF,,,,,,,,,QJ24VF,,, , ,N,,NA,,,,,HYOSUNG CORPORATION,"Utica, NY, USA",Utica,FHZ,HYOSUNG CORPORATION,UTICA,UTICA,NY,USA,Yes,,,,,,,,,,
REINFORCEMENT,1,RFQJ28VA,AA HMLS POLYESTER 1100/1/2 11.5 X 11.5 TPI 28EPI VA,N,HYOSUNG CORPORATION,UTICA,Utica,NY,USA,QJ28VA,,,,,,,,,QJ28VA,,, , ,N,,NA,,,,,HYOSUNG CORPORATION,"Utica, NY, USA",Utica,FHZ,HYOSUNG CORPORATION,UTICA,UTICA,NY,USA,Yes,,,,,,,,,,
REINFORCEMENT,1,RFQJ28VF,AA-HMLS POLYESTER 1100/1/2 11.5X11.5 TP1 28EPI VF,N,HYOSUNG CORPORATION,UTICA,Utica,NY,USA,QJ28VF,,,,,,,,,QJ28VF,,, , ,N,,NA,,,,,HYOSUNG CORPORATION,"Utica, NY, USA",Utica,FHZ,HYOSUNG CORPORATION,UTICA,UTICA,NY,USA,Yes,,,,,,,,,,
REINFORCEMENT,1,RFQJ35VA,AA HMLS POLYESTER 1100/1/2 11.5 X 11.5 TPI 35EPI VA,N,HYOSUNG CORPORATION,UTICA,Utica,NY,USA,QJ35VA,,,,,,,,,QJ35VA,,, , ,N,,NA,,,,,HYOSUNG CORPORATION,"Utica, NY, USA",Utica,FHZ,HYOSUNG CORPORATION,UTICA,UTICA,NY,USA,Yes,,,,,,,,,,
REINFORCEMENT,1,RFQN28PF,AA HMLS 1440/1/2  7X9TPI  28EPI PF,N,HYOSUNG CORPORATION,LISA,LISA,Others,Luxembourg,QN28PF,,,,,,,,,QN28PF,,, , ,N,,EMEA,,,,,HYOSUNG CORPORATION,"LISA, LUXEMBOURG",LISA,AIG,HYOSUNG CORPORATION,LISA,LISA,OTHERS,LUXEMBOURG,Yes,,,,,,,,,,
REINFORCEMENT,1,RFQN30PF,AA HMLS 1440/1/2  7X9TPI  30EPI PF,N,HYOSUNG CORPORATION,LISA,LISA,Others,Luxembourg,QN30PF,,,,,,,,,QN30PF,,, , ,N,,EMEA,,,,,HYOSUNG CORPORATION,"LISA, LUXEMBOURG",LISA,AIG,HYOSUNG CORPORATION,LISA,LISA,OTHERS,LUXEMBOURG,Yes,,,,,,,,,,
REINFORCEMENT,1,RFQN32PF,AA HMLS 1440/1/2  7X9TPI  32EPI PF,N,HYOSUNG CORPORATION,LISA,LISA,Others,Luxembourg,QN32PF,,,,,,,,,QN32PF,,, , ,N,,EMEA,,,,,HYOSUNG CORPORATION,"LISA, LUXEMBOURG",LISA,AIG,HYOSUNG CORPORATION,LISA,LISA,OTHERS,LUXEMBOURG,Yes,,,,,,,,,,
REINFORCEMENT,1,RFQP28PF,AA HMLS POLYESTER 1100/1/2 10X12 TPI 28EPI PF,N,HYOSUNG CORPORATION,LISA,LISA,Others,Luxembourg,QP28PF,,,,,,,,,QP28PF,,, , ,N,,EMEA,,,,,HYOSUNG CORPORATION,"LISA, LUXEMBOURG",LISA,AIG,HYOSUNG CORPORATION,LISA,LISA,OTHERS,LUXEMBOURG,Yes,,,,,,,,,,
REINFORCEMENT,1,RFQP29PF,AA HMLS POLYESTER 1100/1/2 10 X 12 TPI 29EPI PF,N,HYOSUNG CORPORATION,AMERICANA,Americana,Others,Brazil,QP29PF,,,,,,,,,QP29PF,,, , ,N,,EMEA,,,,,HYOSUNG CORPORATION,"Americana, SP, Brazil",Americana,,HYOSUNG CORPORATION,AMERICANA,AMERICANA,OTHERS,BRAZIL,No,,,,,,,,,,
REINFORCEMENT,1,RFQP29PF,AA HMLS POLYESTER 1100/1/2 10 X 12 TPI 29EPI PF,N,HYOSUNG CORPORATION,LISA,LISA,Others,Luxembourg,QP29PF,,,,,,,,,QP29PF,,, , ,N,,EMEA,,,,,HYOSUNG CORPORATION,"LISA, LUXEMBOURG",LISA,AIG,HYOSUNG CORPORATION,LISA,LISA,OTHERS,LUXEMBOURG,Yes,,,,,,,,,,
REINFORCEMENT,1,RFQP32PF,AA HMLS 1100/1/2  10X12TPI 32EPI PF,N,HYOSUNG CORPORATION,LISA,LISA,Others,Luxembourg,QP32PF,,,,,,,,,QP32PF,,, , ,N,,EMEA,,,,,HYOSUNG CORPORATION,"LISA, LUXEMBOURG",LISA,AIG,HYOSUNG CORPORATION,LISA,LISA,OTHERS,LUXEMBOURG,Yes,,,,,,,,,,
REINFORCEMENT,1,RFQP35PF,AA HMLS 1100/1/2  10X12TPI 35EPI PF,N,HYOSUNG CORPORATION,LISA,LISA,Others,Luxembourg,QP35PF,,,,,,,,,QP35PF,,, , ,N,,EMEA,,,,,HYOSUNG CORPORATION,"LISA, LUXEMBOURG",LISA,AIG,HYOSUNG CORPORATION,LISA,LISA,OTHERS,LUXEMBOURG,Yes,,,,,,,,,,
REINFORCEMENT,1,RFQT25PF,AA HMLS 1100/1/2  6.5X6.5TPI 25EPI PF,N,HYOSUNG CORPORATION,LISA,LISA,Others,Luxembourg,QT25PF,,,,,,,,,QT25PF,,, , ,N,,EMEA,,,,,HYOSUNG CORPORATION,"LISA, LUXEMBOURG",LISA,AIG,HYOSUNG CORPORATION,LISA,LISA,OTHERS,LUXEMBOURG,Yes,,,,,,,,,,
REINFORCEMENT,1,RFR07N,"940 DECITEX NYLON 6,6",N,RHODIA (RHONE POULENC FILTEC),EMMENBRUCKE,EMMENBRUCKE,Others,Switzerland,T650,,,,,,,,,R07N,,, , ,N,,"AP, LA",,,,,RHODIA (RHONE POULENC FILTEC),"EMMENBRUCKE, SWITZERLAND",EMMENBRUCKE,,RHODIA (RHONE POULENC FILTEC),EMMENBRUCKE,EMMENBRUCKE,OTHERS,SWITZERLAND,Yes,,,,,,,,,,
REINFORCEMENT,1,RFR08N,"1400 DECITEX NYLON 6,6",N,NEXIS FIBERS (RHODIA),EMMENBRUCKE,EMMENBRUCKE,Others,Switzerland,T650,,,,,,,,,R08N,,, , ,N,,EMEA,,,,,NEXIS FIBERS (RHODIA),"EMMENBRUCKE, SWITZERLAND",EMMENBRUCKE,,NEXIS FIBERS (RHODIA),EMMENBRUCKE,EMMENBRUCKE,OTHERS,SWITZERLAND,Yes,,,,,,,,,,
REINFORCEMENT,1,RFR08N,"1400 DECITEX NYLON 6,6",N,RHODIA (RHONE POULENC FILTEC),EMMENBRUCKE,EMMENBRUCKE,Others,Switzerland,T650,,,,,,,,,R08N,,, , ,N,,"AP, EMEA, LA",,,,,RHODIA (RHONE POULENC FILTEC),"EMMENBRUCKE, SWITZERLAND",EMMENBRUCKE,,RHODIA (RHONE POULENC FILTEC),EMMENBRUCKE,EMMENBRUCKE,OTHERS,SWITZERLAND,Yes,,,,,,,,,,
REINFORCEMENT,1,RFR09N,"2100 DECITEX NYLON 6,6",N,NEXIS FIBERS (RHODIA),EMMEN,EMMEN,Others,Netherlands,T650,,,,,,,,,R09N,,, , ,N,,EMEA,,,,,NEXIS FIBERS (RHODIA),"EMMEN, NETHERLANDS",EMMEN,,NEXIS FIBERS (RHODIA),EMMEN,EMMEN,OTHERS,NETHERLANDS,Yes,,,,,,,,,,
REINFORCEMENT,1,RFR09N,"2100 DECITEX NYLON 6,6",N,RHODIA (RHONE POULENC FILTEC),EMMENBRUCKE,EMMENBRUCKE,Others,Switzerland,T650,,,,,,,,,R09N,,, , ,N,,"AP, EMEA, LA",,,,,RHODIA (RHONE POULENC FILTEC),"EMMENBRUCKE, SWITZERLAND",EMMENBRUCKE,,RHODIA (RHONE POULENC FILTEC),EMMENBRUCKE,EMMENBRUCKE,OTHERS,SWITZERLAND,Yes,,,,,,,,,,
REINFORCEMENT,1,RFRD26,RAYON 1840/1/2 12X12 TPI 26EPI,N,KORDSA,CAMACARI,Camacari,BA,Brazil,RD26,,,,,,,,,RD26,,, , ,N,,NA,,,,,KORDSA,"Camacari, Brazil",Camacari,DBV,KORDSA,CAMACARI,CAMACARI,BA,BRAZIL,Yes,,,,,,,,,,
REINFORCEMENT,1,RFRD26ZA,RAYON 1840/1/2 12X12 TPI 26EPI ZA,N,HYOSUNG CORPORATION,UTICA,Utica,NY,USA,RD26ZA,,,,,,,,,RD26ZA,,, , ,N,,NA,,,,,HYOSUNG CORPORATION,"Utica, NY, USA",Utica,FHZ,HYOSUNG CORPORATION,UTICA,UTICA,NY,USA,Yes,,,,,,,,,,
REINFORCEMENT,1,RFRD30SG,RAYON 1840/1/2 12X12 TPI 30EPI SG,N,KORDSA,IZMIT,Izmit,Others,Turkey,RD30SG,,,,,,,,,RD30SG,,, , ,N,,AP,,,,,KORDSA,"Izmit, Turkey",Izmit,BXD,KORDSA,IZMIT,IZMIT,OTHERS,TURKEY,Yes,,,,,,,,,,
REINFORCEMENT,1,RFRM23BL,RAYON 1840/1/2  9X9TPI  23EPI  BL,N,HYOSUNG CORPORATION,LISA,LISA,Others,Luxembourg,RM23BL,,,,,,,,,RM23BL,,, , ,N,,"AP, EMEA, LA, NA",,,,,HYOSUNG CORPORATION,"LISA, LUXEMBOURG",LISA,AIG,HYOSUNG CORPORATION,LISA,LISA,OTHERS,LUXEMBOURG,Yes,,,,,,,,,,
REINFORCEMENT,1,RFRM23SG,RAYON 1840/1/2 9X9TPI 23EPI SG,N,KORDSA,IZMIT,Izmit,Others,Turkey,RM23SG,,,,,,,,,RM23SG,,, , ,N,,AP,,,,,KORDSA,"Izmit, Turkey",Izmit,BXD,KORDSA,IZMIT,IZMIT,OTHERS,TURKEY,Yes,,,,,,,,,,
REINFORCEMENT,1,RFRN,1840/3 DECITEX RAYON WOVEN 71X71 E/DM,N,MILLIKEN,GHENT,Ghent,Others,Belgium,L02RN,,,,,,,,,RN,,, , ,N,,"AP, EMEA, LA",,,,,MILLIKEN,"Ghent, Belgium",Ghent,AJE,MILLIKEN,GHENT,GHENT,OTHERS,BELGIUM,Yes,,,,,,,,,,
REINFORCEMENT,1,RFRN,1840/3 DECITEX RAYON WOVEN 71X71 E/DM,N,MEHLER INDUSTRIES,FULDA,FULDA,Others,Germany,G11RN,,,,,,,,,RN,,, , ,N,,"AP, EMEA, LA",,,,,MEHLER INDUSTRIES,"FULDA, GERMANY",FULDA,BVX,MEHLER INDUSTRIES,FULDA,FULDA,OTHERS,GERMANY,Yes,,,,,,,,,,
REINFORCEMENT,1,RFRN25SG,RAYON 1840/1/3 9.1X9.1 TPI 25EPI SG,N,KORDSA,IZMIT,Izmit,Others,Turkey,RN25SG,,,,,,,,,RN25SG,,, , ,N,,AP,,,,,KORDSA,"Izmit, Turkey",Izmit,BXD,KORDSA,IZMIT,IZMIT,OTHERS,TURKEY,Yes,,,,,,,,,,
REINFORCEMENT,1,RFW03N,"1400 DECITEX NYLON 6,6",N,SANS,BELLEVILLE,BELLEVILLE,Others,South Africa,T1937,,,,,,,,,W03N,,, , ,N,,"AP, EMEA",,,,,SANS,"BELLEVILLE, SOUTH AFRICA",BELLEVILLE,,SANS,BELLEVILLE,BELLEVILLE,OTHERS,SOUTH AFRICA,Yes,,,,,,,,,,
REINFORCEMENT,1,RFK32Q,1670 DECITEX AA HMLS POLYESTER,N,HYOSUNG CORPORATION,ULSAN,Ulsan,Others,South Korea,HSP-40,,,,,,,,,K32Q,,, , ,N,,LA,,,,,HYOSUNG CORPORATION,"Ulsan, South Korea",Ulsan,JAJ,HYOSUNG CORPORATION,ULSAN,ULSAN,OTHERS,SOUTH KOREA,Yes,,,,,,,,,,
REINFORCEMENT,1,RFK31T,2200 Decitex HMLS Polyester,N,HYOSUNG CORPORATION,ULSAN,Ulsan,Others,South Korea,HSP-40,,,,,,,,,K31T,,, , ,N,,NA,,,,,HYOSUNG CORPORATION,"Ulsan, South Korea",Ulsan,JAJ,HYOSUNG CORPORATION,ULSAN,ULSAN,OTHERS,SOUTH KOREA,Yes,,,,,,,,,,
REINFORCEMENT,1,RFW04N,"940 DECITEX NYLON 6,6",N,SANS,BELLEVILLE,BELLEVILLE,Others,South Africa,T1937,,,,,,,,,W04N,,, , ,N,,"AP, EMEA, LA",,,,,SANS,"BELLEVILLE, SOUTH AFRICA",BELLEVILLE,,SANS,BELLEVILLE,BELLEVILLE,OTHERS,SOUTH AFRICA,Yes,,,,,,,,,,
REINFORCEMENT,1,RFN01N,"1400 DECITEX NYLON 6,6",Y,PT INDO KORDSA,BOGOR,BOGOR,Others,Indonesia,T728,,,,,,,,,N01N,,, , ,Y,,"AP, EMEA, LA, NA",,,,,PT INDO KORDSA,"BOGOR, INDONESIA",BOGOR,BGQ,PT INDO KORDSA,BOGOR,BOGOR,OTHERS,INDONESIA,Yes,,,,,,,,,,
REINFORCEMENT,1,RFN02N,"940 DECITEX NYLON 6,6",Y,PT INDO KORDSA,BOGOR,BOGOR,Others,Indonesia,T728,,,,,,,,,N02N,,, , ,Y,,"AP, EMEA, LA, NA",,,,,PT INDO KORDSA,"BOGOR, INDONESIA",BOGOR,BGQ,PT INDO KORDSA,BOGOR,BOGOR,OTHERS,INDONESIA,Yes,,,,,,,,,,
REINFORCEMENT,1,RFN03N,"2100 DECITEX NYLON 6,6",N,PT INDO KORDSA,BOGOR,BOGOR,Others,Indonesia,T728,,,,,,,,,N03N,,, , ,N,,"AP, EMEA, LA",,,,,PT INDO KORDSA,"BOGOR, INDONESIA",BOGOR,BGQ,PT INDO KORDSA,BOGOR,BOGOR,OTHERS,INDONESIA,Yes,,,,,,,,,,
REINFORCEMENT,1,RFN04L,1400 DECITEX NYLON 6,N,FILAMENDO SAKTI,TANGERANG,TANGERANG,Others,Indonesia,NYLON 6,,,,,,,,,N04L,,, , ,N,,"AP, LA",,,,,FILAMENDO SAKTI,"TANGERANG, INDONESIA",TANGERANG,,FILAMENDO SAKTI,TANGERANG,TANGERANG,OTHERS,INDONESIA,Yes,,,,,,,,,,
REINFORCEMENT,1,RFN05L,940 DECITEX NYLON 6,N,FILAMENDO SAKTI,TANGERANG,TANGERANG,Others,Indonesia,NYLON 6,,,,,,,,,N05L,,, , ,N,,"AP, LA",,,,,FILAMENDO SAKTI,"TANGERANG, INDONESIA",TANGERANG,,FILAMENDO SAKTI,TANGERANG,TANGERANG,OTHERS,INDONESIA,Yes,,,,,,,,,,
REINFORCEMENT,1,RFN06T,1100 DECITEX HMLS POLYESTER,Y,PT INDO KORDSA,BOGOR,BOGOR,Others,Indonesia,P952N(HL20),,,,,,,,,N06T,,, , ,Y,,"AP, EMEA, LA",,,,,PT INDO KORDSA,"BOGOR, INDONESIA",BOGOR,BGQ,PT INDO KORDSA,BOGOR,BOGOR,OTHERS,INDONESIA,Yes,,,,,,,,,,
REINFORCEMENT,1,RFN08T,1440 DECITEX HMLS POLYESTER,Y,PT INDO KORDSA,CITEUREUP,CITEUREUP,Others,Indonesia,P952NL (HL20),,,,,,,,,N08T,,, , ,Y,,AP,,,,,PT INDO KORDSA,"CITEUREUP, INDONESIA",CITEUREUP,BGQ,PT INDO KORDSA,CITEUREUP,CITEUREUP,OTHERS,INDONESIA,Yes,,,,,,,,,,
REINFORCEMENT,1,RFN1,"1010 DECITEX NYLON 6,6 WOVEN 50X50 E/DM",N,MILLIKEN,GHENT,Ghent,Others,Belgium,L02N1,,,,,,,,,N1,,, , ,N,,"AP, EMEA, LA",,,,,MILLIKEN,"Ghent, Belgium",Ghent,AJE,MILLIKEN,GHENT,GHENT,OTHERS,BELGIUM,Yes,,,,,,,,,,
REINFORCEMENT,1,RFN3,"LUTRABOND 3020, NYLON 6,6",Y,MILLIKEN,GHENT,Ghent,Others,Belgium,L02N3,,,,,,,,,N3,,, , ,Y,,"AP, EMEA, LA",,,,,MILLIKEN,"Ghent, Belgium",Ghent,AJE,MILLIKEN,GHENT,GHENT,OTHERS,BELGIUM,Yes,,,,,,,,,,
REINFORCEMENT,1,RFNA,"470/1 DECITEX NYLON 6,6 WOVEN 24X24",Y,MILLIKEN,LAGRANGE,Lagrange,GA,USA,U02NA,,,,,,,,,NA,,, , ,Y,,"AP, NA",,,,,MILLIKEN,"Lagrange, GA, USA",Lagrange,ALO,MILLIKEN,LAGRANGE,LAGRANGE,GA,USA,Yes,,,,,,,,,,
REINFORCEMENT,1,RFNA,"470/1 DECITEX NYLON 6,6 WOVEN 24X24",N,MILLIKEN,LAGRANGE,Lagrange,GA,USA,M305SA,,,,,,,,,NA,,, , ,N,,NA,,,,,MILLIKEN,"Lagrange, GA, USA",Lagrange,ALO,MILLIKEN,LAGRANGE,LAGRANGE,GA,USA,Yes,,,,,,,,,,
REINFORCEMENT,1,RFNA,"470/1 DECITEX NYLON 6,6 WOVEN 24X24",N,TEX FABRIC (TEXTIL LICADO/RIDA),BUENOS AIRES,Buenos Aires,Others,Argentina,A33NA,,,,,,,,,NA,,, , ,N,,"AP, EMEA, LA",,,,,TEX FABRIC (TEXTIL LICADO/RIDA),"Buenos Aires, Argentina",Buenos Aires,,TEX FABRIC (TEXTIL LICADO/RIDA),BUENOS AIRES,BUENOS AIRES,BUENOS AIRES,ARGENTINA,Yes,,,,,,,,,,
REINFORCEMENT,1,RFNA,"470/1 DECITEX NYLON 6,6 WOVEN 24X24",Y,MILLIKEN,GHENT,Ghent,Others,Belgium,L02NA,,,,,,,,,NA,,, , ,Y,,"AP, EMEA, LA",,,,,MILLIKEN,"Ghent, Belgium",Ghent,AJE,MILLIKEN,GHENT,GHENT,OTHERS,BELGIUM,Yes,,,,,,,,,,
REINFORCEMENT,1,RFNA,"470/1 DECITEX NYLON 6,6 WOVEN 24X24",N,MILLIKEN,BURY,BURY,Others,UK,E02NA,,,,,,,,,NA,,, , ,N,,"AP, EMEA, LA",,,,,MILLIKEN,"BURY, UK",BURY,,MILLIKEN,BURY,BURY,OTHERS,UK,Yes,,,,,,,,,,
REINFORCEMENT,1,RFNA,"470/1 DECITEX NYLON 6,6 WOVEN 24X24",N,MEHLER INDUSTRIES,FULDA,FULDA,Others,Germany,G11NA,,,,,,,,,NA,,, , ,N,,"AP, EMEA, LA",,,,,MEHLER INDUSTRIES,"FULDA, GERMANY",FULDA,BVX,MEHLER INDUSTRIES,FULDA,FULDA,OTHERS,GERMANY,Yes,,,,,,,,,,
REINFORCEMENT,1,RFNB30JA,"NYLON 6,6  1400/2/1 0X3 TPI 30EPI JA",N,THAI INDO KORDSA,AYUTTHAYA,"AYUTTHAYA, THAILAND",Others,Thailand,NB30JA,,,,,,,,,NB30JA,,, , ,N,,AP,,,,,THAI INDO KORDSA,"AYUTTHAYA, THAILAND","AYUTTHAYA, THAILAND",JAE,THAI INDO KORDSA,AYUTTHAYA,"AYUTTHAYA, THAILAND",OTHERS,THAILAND,Yes,,,,,,,,,,
REINFORCEMENT,1,RFNB30JA,"NYLON 6,6  1400/2/1 0X3 TPI 30EPI JA",N,PT INDO KORDSA,CITEUREUP,CITEUREUP,Others,Indonesia,NB30JA,,,,,,,,,NB30JA,,, , ,N,,AP,,,,,PT INDO KORDSA,"CITEUREUP, INDONESIA",CITEUREUP,BGQ,PT INDO KORDSA,CITEUREUP,CITEUREUP,OTHERS,INDONESIA,Yes,,,,,,,,,,
REINFORCEMENT,1,RFNC16,"NYLON 6,6 940/1/2 12x12 TPI 16EPI",N,KORDSA,CAMACARI,Camacari,BA,Brazil,NC16,,,,,,,,,NC16,,, , ,N,,"AP, EMEA, LA, NA",,,,,KORDSA,"Camacari, Brazil",Camacari,DBV,KORDSA,CAMACARI,CAMACARI,BA,BRAZIL,Yes,,,,,,,,,,
REINFORCEMENT,1,RFNC16,"NYLON 6,6 940/1/2 12x12 TPI 16EPI",N,KORDSA,LAUREL HILL,Laurel Hill,SC,USA,NC16,,,,,,,,,NC16,,, , ,N,,"AP, EMEA, LA, NA",,,,,KORDSA,"Laurel Hill, SC, USA",Laurel Hill,CNP,KORDSA,LAUREL HILL,LAUREL HILL,SC,USA,Yes,,,,,,,,,,
REINFORCEMENT,1,RFNC16JR,"NYLON 6,6 940/1/2 12X12 TPI 16EPI JR",N,HYOSUNG CORPORATION,DECATUR,Decatur,AL,USA,NC16JR,,,,,,,,,NC16JR,,, , ,N,,NA,,,,,HYOSUNG CORPORATION,"Decatur, AL, USA",Decatur,AIT,HYOSUNG CORPORATION,DECATUR,DECATUR,AL,USA,Yes,,,,,,,,,,
REINFORCEMENT,1,RFNC16SJ,"NYLON 6,6 940/1/2 12X12 TPI 16EPI SJ",Y,SHENMA INDUSTRIAL,PINGDINGSHAN - HENAN,Pingdingshan,Others,China,U01NC16SJ,,,,,,,,,NC16SJ,,, , ,Y,,AP,,,,,Shenma Industrial,"Pingdingshan, Henan, China",Pingdingshan,JFC,SHENMA INDUSTRIAL,PINGDINGSHAN - HENAN,HENAN,OTHERS,CHINA,Yes,,,,,,,,,,
REINFORCEMENT,1,RFNC20UA,"NYLON 6,6 940/1/2 12X12 TPI 20EPI UA",Y,KORDSA,IZMIT,Izmit,Others,Turkey,Z02NC20UA,,,,,,,,,NC20UA,,, , ,Y,,"AP, EMEA",,,,,KORDSA,"Izmit, Turkey",Izmit,BXD,KORDSA,IZMIT,IZMIT,OTHERS,TURKEY,Yes,,,,,,,,,,
REINFORCEMENT,1,RFNC21,"NYLON 6,6  940/1/2 12 X 12 TPI 21EPI",N,KORDSA,LAUREL HILL,Laurel Hill,SC,USA,NC21,,,,,,,,,NC21,,, , ,N,,"AP, EMEA, LA, NA",,,,,KORDSA,"Laurel Hill, SC, USA",Laurel Hill,CNP,KORDSA,LAUREL HILL,LAUREL HILL,SC,USA,Yes,,,,,,,,,,
REINFORCEMENT,1,RFNC22JA,"NYLON 6,6 940/1/2 12X12 TPI 22EPI JA",N,THAI INDO KORDSA,AYUTTHAYA,"AYUTTHAYA, THAILAND",Others,Thailand,NC22JA,,,,,,,,,NC22JA,,, , ,N,,"AP, EMEA",,,,,THAI INDO KORDSA,"AYUTTHAYA, THAILAND","AYUTTHAYA, THAILAND",JAE,THAI INDO KORDSA,AYUTTHAYA,"AYUTTHAYA, THAILAND",OTHERS,THAILAND,Yes,,,,,,,,,,
REINFORCEMENT,1,RFNC26JA,"NYLON 6,6 940/1/2 12X12 TPI 26EPI JA",N,THAI INDO KORDSA,AYUTTHAYA,"AYUTTHAYA, THAILAND",Others,Thailand,NC26JA,,,,,,,,,NC26JA,,, , ,N,,"AP, EMEA",,,,,THAI INDO KORDSA,"AYUTTHAYA, THAILAND","AYUTTHAYA, THAILAND",JAE,THAI INDO KORDSA,AYUTTHAYA,"AYUTTHAYA, THAILAND",OTHERS,THAILAND,Yes,,,,,,,,,,
REINFORCEMENT,1,RFNC26UA,"NYLON 6,6 940/1/2 12X12 TPI 26EPI UA",N,KORDSA,IZMIT,Izmit,Others,Turkey,NC26UA,,,,,,,,,NC26UA,,, , ,N,,AP,,,,,KORDSA,"Izmit, Turkey",Izmit,BXD,KORDSA,IZMIT,IZMIT,OTHERS,TURKEY,Yes,,,,,,,,,,
REINFORCEMENT,1,RFNC27,"NYLON 6,6 940/1/2 12x12 TPI 27EPI",N,KORDSA,CAMACARI,Camacari,BA,Brazil,NC27,,,,,,,,,NC27,,, , ,N,,"AP, EMEA, LA, NA",,,,,KORDSA,"Camacari, Brazil",Camacari,DBV,KORDSA,CAMACARI,CAMACARI,BA,BRAZIL,Yes,,,,,,,,,,
REINFORCEMENT,1,RFNC27,"NYLON 6,6 940/1/2 12x12 TPI 27EPI",N,KORDSA,LAUREL HILL,Laurel Hill,SC,USA,NC27,,,,,,,,,NC27,,, , ,N,,"AP, EMEA, LA, NA",,,,,KORDSA,"Laurel Hill, SC, USA",Laurel Hill,CNP,KORDSA,LAUREL HILL,LAUREL HILL,SC,USA,Yes,,,,,,,,,,
REINFORCEMENT,1,RFNC27GA,"NYLON 6,6 940/1/2 12X12 TPI 27EPI GA",Y,KORDSA,IZMIT,Izmit,Others,Turkey,Z02NC27GA,,,,,,,,,NC27GA,,, , ,Y,,"AP, EMEA",,,,,KORDSA,"Izmit, Turkey",Izmit,BXD,KORDSA,IZMIT,IZMIT,OTHERS,TURKEY,Yes,,,,,,,,,,
REINFORCEMENT,1,RFND,"940/1 DECITEX NYLON 6,6 WOVEN 75X75 E/DM",N,TEX-TECH COATINGS,KERNERSVILLE,Kernersville,NC,USA,U01ND,,,,,,,,,ND,,, , ,N,,NA,,,,,Tex-Tech Coatings,"Kernersville, NC, USA",Kernersville,,TEX-TECH COATINGS,KERNERSVILLE,KERNERSVILLE,NC,USA,Yes,,,,,,,,,,
REINFORCEMENT,1,RFNDX,"940/1 DECITEX NYLON 6,6 WOVEN 75X75 E/DM",N,MILLIKEN,GHENT,Ghent,Others,Belgium,L02NDX,,,,,,,,,NDX,,, , ,N,,"AP, EMEA, LA",,,,,MILLIKEN,"Ghent, Belgium",Ghent,AJE,MILLIKEN,GHENT,GHENT,OTHERS,BELGIUM,Yes,,,,,,,,,,
REINFORCEMENT,1,RFNF18JA,"NYLON 6,6  1400/1/2 10 X 10 TPI 18EPI JA",N,HYOSUNG CORPORATION,DECATUR,Decatur,AL,USA,NF18JA,,,,,,,,,NF18JA,,, , ,N,,NA,,,,,HYOSUNG CORPORATION,"Decatur, AL, USA",Decatur,AIT,HYOSUNG CORPORATION,DECATUR,DECATUR,AL,USA,Yes,,,,,,,,,,
REINFORCEMENT,1,RFNF23,"NYLON 6,6  1400/1/2 10 X 10 TPI 23EPI",N,KORDSA,CAMACARI,Camacari,BA,Brazil,NF23,,,,,,,,,NF23,,, , ,N,,"AP, EMEA, LA, NA",,,,,KORDSA,"Camacari, Brazil",Camacari,DBV,KORDSA,CAMACARI,CAMACARI,BA,BRAZIL,Yes,,,,,,,,,,
REINFORCEMENT,1,RFNF23GA,"NYLON 6,6 1400/1/2 10X10 TPI 23EPI GA",Y,KORDSA,IZMIT,Izmit,Others,Turkey,Z01NF23GA,,,,,,,,,NF23GA,,, , ,Y,,"AP, EMEA",,,,,KORDSA,"Izmit, Turkey",Izmit,BXD,KORDSA,IZMIT,IZMIT,OTHERS,TURKEY,Yes,,,,,,,,,,
REINFORCEMENT,1,RFNF26,"NYLON 6,6 1400/1/2 10X10 TPI 26EPI",N,KORDSA,CAMACARI,Camacari,BA,Brazil,NF26,,,,,,,,,NF26,,, , ,N,,"AP, EMEA, LA, NA",,,,,KORDSA,"Camacari, Brazil",Camacari,DBV,KORDSA,CAMACARI,CAMACARI,BA,BRAZIL,Yes,,,,,,,,,,
REINFORCEMENT,1,RFNF26GA,"NYLON 6,6 1400/1/2 10X10 TPI 26EPI GA",Y,KORDSA,IZMIT,Izmit,Others,Turkey,Z01NF26GA,,,,,,,,,NF26GA,,, , ,Y,,"AP, EMEA",,,,,KORDSA,"Izmit, Turkey",Izmit,BXD,KORDSA,IZMIT,IZMIT,OTHERS,TURKEY,Yes,,,,,,,,,,
REINFORCEMENT,1,RFNF26GF,"NYLON 6,6 1400/1/2 10X10 TPI 26EPI GF",Y,KORDSA,IZMIT,Izmit,Others,Turkey,Z01NF26GF,,,,,,,,,NF26GF,,, , ,Y,,"AP, EMEA",,,,,KORDSA,"Izmit, Turkey",Izmit,BXD,KORDSA,IZMIT,IZMIT,OTHERS,TURKEY,Yes,,,,,,,,,,
REINFORCEMENT,1,RFNF29GA,"NYLON 6,6 1400/1/2 10X10 TPI 29EPI GA",N,KORDSA,IZMIT,Izmit,Others,Turkey,NF29GA,,,,,,,,,NF29GA,,, , ,N,,AP,,,,,KORDSA,"Izmit, Turkey",Izmit,BXD,KORDSA,IZMIT,IZMIT,OTHERS,TURKEY,Yes,,,,,,,,,,
REINFORCEMENT,1,RFNF30ME,"NYLON 6,6 1400/1/2 10 X 10 TPI 30EPI ME",N,HYOSUNG CORPORATION,UTICA,Utica,NY,USA,NF30ME,,,,,,,,,NF30ME,,, , ,N,,NA,,,,,HYOSUNG CORPORATION,"Utica, NY, USA",Utica,FHZ,HYOSUNG CORPORATION,UTICA,UTICA,NY,USA,Yes,,,,,,,,,,
REINFORCEMENT,1,RFNG,"1400/2 DECITEX NYLON 6,6 WOVEN",Y,PMG ARDECHE,SAINT JULIEN EN SAINT ALBAN,Saint Julien en Saint Alban,Others,France,F02NG,,,,,,,,,NG,,, , ,Y,,"AP, EMEA, LA",,,,,PMG Ardeche,Saint Julien en Saint Alban,Saint Julien en Saint Alban,BRV,PMG ARDECHE,SAINT JULIEN EN SAINT ALBAN,SAINT JULIEN EN SAINT ALBAN,OTHERS,FRANCE,Yes,,,,,,,,,,
REINFORCEMENT,1,RFNG,"1400/2 DECITEX NYLON 6,6 WOVEN",N,MEHLER INDUSTRIES,FULDA,FULDA,Others,Germany,G11NG,,,,,,,,,NG,,, , ,N,,"AP, EMEA, LA, NA",,,,,MEHLER INDUSTRIES,"FULDA, GERMANY",FULDA,BVX,MEHLER INDUSTRIES,FULDA,FULDA,OTHERS,GERMANY,Yes,,,,,,,,,,
REINFORCEMENT,1,RFNG,"1400/2 DECITEX NYLON 6,6 WOVEN",N,SPECIALITY YARN AND CONVERTING,PORTERDALE,Porterdale,GA,USA,U07NG,,,,,,,,,NG,,, , ,N,,"AP, EMEA, LA, NA",,,,,Speciality Yarn and Converting,"Porterdale, GA, USA",Porterdale,,SPECIALITY YARN AND CONVERTING,PORTERDALE,PORTERDALE,GA,USA,Yes,,,,,,,,,,
REINFORCEMENT,1,RFNG30JA,"NYLON 6,6 1400/1/2 6X6 TPI 30EPI JA",Y,THAI INDO KORDSA,AYUTTHAYA,"AYUTTHAYA, THAILAND",Others,Thailand,N01NG30JA,,,,,,,,,NG30JA,,, , ,Y,,"AP, EMEA, LA",,,,,THAI INDO KORDSA,"AYUTTHAYA, THAILAND","AYUTTHAYA, THAILAND",JAE,THAI INDO KORDSA,AYUTTHAYA,"AYUTTHAYA, THAILAND",OTHERS,THAILAND,Yes,,,,,,,,,,
REINFORCEMENT,1,RFNG30SG,"NYLON 6,6 1400/1/2 6x6 TPI 30EPI SG",N,SHENMA INDUSTRIAL,PINGDINGSHAN - HENAN,Pingdingshan,Others,China,NG30SG,,,,,,,,,NG30SG,,, , ,N,,AP,Dalian,,,Dalian,Shenma Industrial,"Pingdingshan, Henan, China",Pingdingshan,JFC,SHENMA INDUSTRIAL,PINGDINGSHAN - HENAN,HENAN,OTHERS,CHINA,Yes,,,,,,,,,,
REINFORCEMENT,1,RFNG30SJ,"NYLON 6,6 1400/1/2 6X6 TPI 30EPI SJ",N,SHENMA INDUSTRIAL,PINGDINGSHAN - HENAN,Henan,Others,China,U02NG30SJ,,,,,,,,,NG30SJ,,, , ,N,,AP,Dalian,,,Dalian,Shenma Industrial,"Henan, China",Henan,JFC,SHENMA INDUSTRIAL,PINGDINGSHAN - HENAN,HENAN,OTHERS,CHINA,No,,,,,,,,,,
REINFORCEMENT,1,RFNG30SJ,"NYLON 6,6 1400/1/2 6X6 TPI 30EPI SJ",Y,SHENMA INDUSTRIAL,PINGDINGSHAN - HENAN,Pingdingshan,Others,China,U02NG30SJ,,,,,,,,,NG30SJ,,, , ,Y,,AP,,,,,Shenma Industrial,"Pingdingshan, Henan, China",Pingdingshan,JFC,SHENMA INDUSTRIAL,PINGDINGSHAN - HENAN,HENAN,OTHERS,CHINA,Yes,,,,,,,,,,
REINFORCEMENT,1,RFNG30SJ,"NYLON 6,6 1400/1/2 6X6 TPI 30EPI SJ",N,THAI INDO KORDSA,AYUTTHAYA,"AYUTTHAYA, THAILAND",Others,Thailand,NG30SJ,,,,,,,,,NG30SJ,,, , ,N,,"AP, EMEA",,,,,THAI INDO KORDSA,"AYUTTHAYA, THAILAND","AYUTTHAYA, THAILAND",JAE,THAI INDO KORDSA,AYUTTHAYA,"AYUTTHAYA, THAILAND",OTHERS,THAILAND,Yes,,,,,,,,,,
REINFORCEMENT,1,RFNH,"1400/1/2 DECITEX NYLON 6,6 WOVEN",N,SPECIALITY YARN AND CONVERTING,PORTERDALE,Porterdale,GA,USA,U07NH,,,,,,,,,NH,,, , ,N,,"AP, EMEA, LA, NA",,,,,Speciality Yarn and Converting,"Porterdale, GA, USA",Porterdale,,SPECIALITY YARN AND CONVERTING,PORTERDALE,PORTERDALE,GA,USA,Yes,,,,,,,,,,
REINFORCEMENT,1,RFNH19GA,"NYLON 6,6 1400/1/3 8X8 TPI 19EPI GA",N,KORDSA,IZMIT,Izmit,Others,Turkey,NH19GA,,,,,,,,,NH19GA,,, , ,N,,AP,,,,,KORDSA,"Izmit, Turkey",Izmit,BXD,KORDSA,IZMIT,IZMIT,OTHERS,TURKEY,Yes,,,,,,,,,,
REINFORCEMENT,1,RFNH23GA,"NYLON 6,6 1400/1/3 8X8 TPI 23EPI GA",N,KORDSA,IZMIT,Izmit,Others,Turkey,NH23GA,,,,,,,,,NH23GA,,, , ,N,,AP,,,,,KORDSA,"Izmit, Turkey",Izmit,BXD,KORDSA,IZMIT,IZMIT,OTHERS,TURKEY,Yes,,,,,,,,,,
REINFORCEMENT,1,RFNT20UA,"NYLON 6,6   950/0/1 MONOFILAMENT 20EPI  UA",N,HYOSUNG CORPORATION,DECATUR,Decatur,AL,USA,NT20UA,,,,,,,,,NT20UA,,, , ,N,,"LA, NA",,,,,HYOSUNG CORPORATION,"Decatur, AL, USA",Decatur,AIT,HYOSUNG CORPORATION,DECATUR,DECATUR,AL,USA,Yes,,,,,,,,,,
REINFORCEMENT,1,RFNG30JA,"NYLON 6,6 1400/1/2 6X6 TPI 30EPI JA",N,FORMOSA TAFFETA,TOULIU,TOULIOU,Others,Taiwan,NG30JA,,,,,,,,,NG30JA,,, , ,N,,AP,,,,,FORMOSA TAFFETA,"TOULIOU, TAIWAN",TOULIOU,JFM,FORMOSA TAFFETA,TOULIU,TOULIU,OTHERS,TAIWAN,Yes,,,,,,,,,,
REINFORCEMENT,1,RFQU32PF,AA HMLS POLYESTER 1440/1/2 9x9 TPI 32EPI PF,Y,HYOSUNG CORPORATION,LISA,LISA,Others,Luxembourg,S02QU32PF,,,,,,,,,QU32PF,,, , ,Y,,EMEA,,,,,HYOSUNG CORPORATION,"LISA, LUXEMBOURG",LISA,AIG,HYOSUNG CORPORATION,LISA,LISA,OTHERS,LUXEMBOURG,Yes,,,,,,,,,,
REINFORCEMENT,1,RFLV23GA,NYLON 6 2100/1/2 6X8 TPI 23EPI GA,N,HYOSUNG CORPORATION,LISA,LISA,Others,Luxembourg,LV23GA,,,,,,,,,LV23GA,,, , ,N,,EMEA,,,,,HYOSUNG CORPORATION,"LISA, LUXEMBOURG",LISA,AIG,HYOSUNG CORPORATION,LISA,LISA,OTHERS,LUXEMBOURG,Yes,,,,,,,,,,
REINFORCEMENT,1,RFRR30BD,RAYON 1550/1/2  10.7X10.7TPI  30EPI BD,N,HYOSUNG CORPORATION,LISA,LISA,Others,Luxembourg,RR30BD,,,,,,,,,RR30BD,,, , ,N,,"AP, EMEA, LA, NA",,,,,HYOSUNG CORPORATION,"LISA, LUXEMBOURG",LISA,AIG,HYOSUNG CORPORATION,LISA,LISA,OTHERS,LUXEMBOURG,Yes,,,,,,,,,,
REINFORCEMENT,1,RFWD,1+5X.185UT,N,BEKAERT,AALTER,Aalter,Others,Belgium,B101WD,,,,,,,,,WD,,, , ,N,,EMEA,,,,,BEKAERT,"Aalter, Belgium",Aalter,,BEKAERT,AALTER,AALTER,OTHERS,BELGIUM,No,,,,,,,,,,
REINFORCEMENT,1,RFTM27HB,HMLS POLYESTER 2200/1/2  8.5X8.5 TPI 27EPI HB,N,KOLON,GUMI,Gumi,Others,South Korea,TM27HB,,,,,,,,,TM27HB,,, , ,N,,NA,,,,,KOLON,"Gumi, South Korea",Gumi,BJZ,KOLON,GUMI,GUMI,OTHERS,SOUTH KOREA,Yes,,,,,,,,,,
REINFORCEMENT,1,RFTM27HB,HMLS POLYESTER 2200/1/2  8.5X8.5 TPI 27EPI HB,N,HYOSUNG CORPORATION,DECATUR,Decatur,AL,USA,TM27HB,,,,,,,,,TM27HB,,, , ,N,,"LA, NA",,,,,HYOSUNG CORPORATION,"Decatur, AL, USA",Decatur,AIT,HYOSUNG CORPORATION,DECATUR,DECATUR,AL,USA,Yes,,,,,,,,,,
REINFORCEMENT,1,RFTU30HF,HMLS POLYESTER 1440/1/2 9X9 TPI 30EPI HF,N,KOLON,GUMI,Gumi,Others,South Korea,TU30HF,,,,,,,,,TU30HF,,, , ,N,,NA,,,,,KOLON,"Gumi, South Korea",Gumi,BJZ,KOLON,GUMI,GUMI,OTHERS,SOUTH KOREA,Yes,,,,,,,,,,
REINFORCEMENT,1,RFTU32HF,"HMLS POLYESTER 1440/1/2, 9x9TPI, 32EPI HF",N,PRIMA SENTRA MEGAH,TANGERANG,TANGERANG,Others,Indonesia,TU32HF,,,,,,,,,TU32HF,,, , ,N,,AP,,,,,PRIMA SENTRA MEGAH,"TANGERANG, INDONESIA",TANGERANG,,PRIMA SENTRA MEGAH,TANGERANG,TANGERANG,OTHERS,INDONESIA,Yes,,,,,,,,,,
REINFORCEMENT,1,RFTU32HF,"HMLS POLYESTER 1440/1/2, 9x9TPI, 32EPI HF",Y,INDORAMA VENTURES MOBILITY,KAIPING DIP UNIT #1,Kaiping,Others,China,U03TU32HF,,,,,,,,,TU32HF,,, , ,Y,,"AP, EMEA",,,,,INDORAMA VENTURES MOBILITY (Performance Fibers),Kaiping Dip Unit #1,Kaiping,JMX,INDORAMA VENTURES MOBILITY,KAIPING DIP UNIT #1,KAIPING,OTHERS,CHINA,Yes,,,,,,,,,,
REINFORCEMENT,1,RFTU32HF,"HMLS POLYESTER 1440/1/2, 9x9TPI, 32EPI HF",N,KOLON,GUMI,Gumi,Others,South Korea,TU32HF,,,,,,,,,TU32HF,,, , ,N,,"AP, EMEA",,,,,KOLON,"Gumi, South Korea",Gumi,BJZ,KOLON,GUMI,GUMI,OTHERS,SOUTH KOREA,Yes,,,,,,,,,,
REINFORCEMENT,1,RFTU32HF,"HMLS POLYESTER 1440/1/2, 9x9TPI, 32EPI HF",N,PT INDO KORDSA,BOGOR,BOGOR,Others,Indonesia,TU32HF,,,,,,,,,TU32HF,,, , ,N,,AP,,,,,PT INDO KORDSA,"BOGOR, INDONESIA",BOGOR,BGQ,PT INDO KORDSA,BOGOR,BOGOR,OTHERS,INDONESIA,Yes,,,,,,,,,,
REINFORCEMENT,1,RFTU32HF,"HMLS POLYESTER 1440/1/2, 9x9TPI, 32EPI HF",N,FORMOSA TAFFETA,TOULIU,TOULIOU,Others,Taiwan,TU32HF,,,,,,,,,TU32HF,,, , ,N,,AP,,,,,FORMOSA TAFFETA,"TOULIOU, TAIWAN",TOULIOU,JFM,FORMOSA TAFFETA,TOULIU,TOULIU,OTHERS,TAIWAN,Yes,,,,,,,,,,
REINFORCEMENT,1,RFTV28HF,"HMLS POLYESTER 1670/1/2 8.5x8.5TPI, 28EPI HF",N,KOLON,GUMI,Gumi,Others,South Korea,TV28HF,,,,,,,,,TV28HF,,, , ,N,,"LA, NA",,,,,KOLON,"Gumi, South Korea",Gumi,BJZ,KOLON,GUMI,GUMI,OTHERS,SOUTH KOREA,Yes,,,,,,,,,,
REINFORCEMENT,1,RFU01N,"940 DECITEX NYLON 6,6",Y,SHENMA INDUSTRIAL,PINGDINGSHAN - HENAN,Pingdingshan,Others,China,"NYLON 6,6",,,,,,,,,U01N,,, , ,Y,,"AP, EMEA, LA, NA",,,,,Shenma Industrial,"Pingdingshan, Henan, China",Pingdingshan,JFC,SHENMA INDUSTRIAL,PINGDINGSHAN - HENAN,HENAN,OTHERS,CHINA,Yes,,,,,,,,,,
REINFORCEMENT,1,RFU02N,"1400 DECITEX NYLON 6,6",Y,SHENMA INDUSTRIAL,PINGDINGSHAN - HENAN,Pingdingshan,Others,China,"NYLON 6,6",,,,,,,,,U02N,,, , ,Y,,"AP, EMEA, LA, NA",,,,,Shenma Industrial,"Pingdingshan, Henan, China",Pingdingshan,JFC,SHENMA INDUSTRIAL,PINGDINGSHAN - HENAN,HENAN,OTHERS,CHINA,Yes,,,,,,,,,,
REINFORCEMENT,1,RFU02T,1100 DECITEX HMLS POLYESTER,Y,INDORAMA VENTURES MOBILITY,KAIPING,Kaiping,Others,China,1X50,,,,,,,,,U02T,,, , ,Y,,"AP, EMEA, LA, NA",,,,,INDORAMA VENTURES MOBILITY (Performance Fibers),"Kaiping, China",Kaiping,JMX,INDORAMA VENTURES MOBILITY,KAIPING,KAIPING,OTHERS,CHINA,Yes,,,,,,,,,,
REINFORCEMENT,1,RFU03T,1440 DECITEX HMLS POLYESTER,Y,INDORAMA VENTURES MOBILITY,KAIPING,Kaiping,Others,China,1X50,,,,,,,,,U03T,,, , ,Y,,"AP, EMEA",,,,,INDORAMA VENTURES MOBILITY (Performance Fibers),"Kaiping, China",Kaiping,JMX,INDORAMA VENTURES MOBILITY,KAIPING,KAIPING,OTHERS,CHINA,Yes,,,,,,,,,,
REINFORCEMENT,1,RFU04T,1670 DECITEX HMLS POLYESTER,N,HYOSUNG CORPORATION,"Jiaxing, China",Jiaxing,Others,China,HSP-40,,,,,,,,,U04T,,, , ,N,,"LA, NA",,,,,,,,,,,,,,,,,,,,,,,,
REINFORCEMENT,1,RFM18T,1670 DECITEX HMLS POLYESTER,Y,INDORAMA VENTURES MOBILITY,QUERETARO,QUERETARO,Others,Mexico,D792,,,,,,,,,M18T,,, , ,Y,,NA,,,,,INDORAMA VENTURES MOBILITY (Performance Fibers),"QUERETARO, MEXICO",QUERETARO,BBJ,INDORAMA VENTURES MOBILITY,QUERETARO,QUERETARO,OTHERS,MEXICO,Yes,,,,,,,,,,
REINFORCEMENT,1,RFWL,2x.295 HT,N,TOKUSEN,CONWAY,Conway,AR,USA,T202WL,,,,,,,,,WL,,, , ,N,,NA,,,,,TOKUSEN,"Conway, AR, USA",Conway,,TOKUSEN,CONWAY,CONWAY,AR,USA,No,,,,,,,,,,
REINFORCEMENT,1,RFWL,2x.295 HT,N,TOKUSEN,CONWAY,Conway,AR,USA,T201WL,,,,,,,,,WL,,, , ,N,,NA,,,,,TOKUSEN,"Conway, AR, USA",Conway,,TOKUSEN,CONWAY,CONWAY,AR,USA,No,,,,,,,,,,
REINFORCEMENT,1,RFWL,2x.295 HT,N,KAM - STEEL CORD,QINGDAO,Qingdao,Others,China,F701WL,,,,,,,,,WL,,, , ,N,,"AP, EMEA, LA, NA",,,,,KAM - Steel Cord,"Qingdao, China",Qingdao,,KAM - STEEL CORD,QINGDAO,QINGDAO,OTHERS,CHINA,No,,,,,,,,,,
REINFORCEMENT,1,RFWL,2x.295 HT,N,PIRELLI,SUMARE,Sumare,Others,Brazil,P401WL,,,,,,,,,WL,,, , ,N,,LA,,,,,PIRELLI,"Sumare, SP, Brazil",Sumare,,PIRELLI,SUMARE,SUMARE,OTHERS,BRAZIL,No,,,,,,,,,,
REINFORCEMENT,1,RFWL,2x.295 HT,N,PIRELLI,FIGLINE,FIGLINE,Others,Italy,P101WL,,,,,,,,,WL,,, , ,N,,EMEA,,,,,PIRELLI,"FIGLINE, ITALY",FIGLINE,,PIRELLI,FIGLINE,FIGLINE,OTHERS,ITALY,No,,,,,,,,,,
REINFORCEMENT,1,RFWL,2x.295 HT,N,KAM - STEEL CORD,YANGSAN,Yangsan,Others,South Korea,F302WL,,,,,,,,,WL,,, , ,N,,"AP, EMEA, LA, NA",,,,,KAM - Steel Cord,"Yangsan, South Korea",Yangsan,,KAM - STEEL CORD,YANGSAN,YANGSAN,OTHERS,SOUTH KOREA,No,,,,,,,,,,
REINFORCEMENT,1,RFWL,2x.295 HT,N,KAM - STEEL CORD,YANGSAN,Yangsan,Others,South Korea,F301WL,,,,,,,,,WL,,, , ,N,,"AP, EMEA, LA, NA",,,,,KAM - Steel Cord,"Yangsan, South Korea",Yangsan,,KAM - STEEL CORD,YANGSAN,YANGSAN,OTHERS,SOUTH KOREA,No,,,,,,,,,,
REINFORCEMENT,1,RFWL,2x.295 HT,N,TOKYO ROPE,KITAKAMI,KITAKAMI,Others,Japan,J101WL,,,,,,,,,WL,,, , ,N,,"AP, EMEA, LA, NA",,,,,TOKYO ROPE,"KITAKAMI, JAPAN",KITAKAMI,ALC,TOKYO ROPE,KITAKAMI,KITAKAMI,OTHERS,JAPAN,Yes,,,,,,,,,,
REINFORCEMENT,1,RFWL,2x.295 HT,N,SODETAL,TRONVILLE,TRONVILLE,Others,France,S101WL,,,,,,,,,WL,,, , ,N,,"AP, EMEA, LA, NA",,,,,SODETAL,"TRONVILLE, FRANCE",TRONVILLE,,SODETAL,TRONVILLE,TRONVILLE,OTHERS,FRANCE,No,,,,,,,,,,
REINFORCEMENT,1,RFWL,2x.295 HT,N,PIRELLI,CELIKORD,CELIKORD,Others,Turkey,P201WL,,,,,,,,,WL,,, , ,N,,"AP, EMEA, LA, NA",,,,,PIRELLI,"CELIKORD, TURKEY",CELIKORD,,PIRELLI,CELIKORD,CELIKORD,OTHERS,TURKEY,No,,,,,,,,,,
REINFORCEMENT,1,RFWL,2x.295 HT,N,HYOSUNG CORPORATION,LISA,LISA,Others,Luxembourg,C301WL,,,,,,,,,WL,,, , ,N,,"AP, EMEA, LA, NA",,,,,HYOSUNG CORPORATION,"LISA, LUXEMBOURG",LISA,AIG,HYOSUNG CORPORATION,LISA,LISA,OTHERS,LUXEMBOURG,Yes,,,,,,,,,,
REINFORCEMENT,1,RFWL,2x.295 HT,N,BMZ,PLUSCORD,Zhlobin,Others,Belarus,D201WL,,,,,,,,,WL,,, , ,N,,"AP, EMEA, LA, NA",,,,,BMZ,"PLUSCORD, Zhlobin, Belarus",Zhlobin,EGK,BMZ,PLUSCORD,ZHLOBIN,OTHERS,BELARUS,Yes,,,,,,,,,,
REINFORCEMENT,1,RFWL,2x.295 HT,N,BMZ,MICORD,Zhlobin,Others,Belarus,D101WL,,,,,,,,,WL,,, , ,N,,"AP, EMEA, LA, NA",,,,,BMZ,"MICORD, Zhlobin, Belarus",Zhlobin,ECH,BMZ,MICORD,ZHLOBIN,OTHERS,BELARUS,Yes,,,,,,,,,,
REINFORCEMENT,1,RFWL,2x.295 HT,Y,BEKAERT,SHENYANG BSSC,Shenyang,Others,China,BG01WL,,,,,,,,,WL,,, , ,Y,,"AP, EMEA, LA, NA",,,,,BEKAERT,"Shenyang BSSC, China",Shenyang,JJA,BEKAERT,SHENYANG BSSC,SHENYANG,OTHERS,CHINA,Yes,,,,,,,,,,
REINFORCEMENT,1,RFWL,2x.295 HT,Y,BEKAERT,KARAWANG,KARAWANG,Others,Indonesia,BE01WL,,,,,,,,,WL,,, , ,Y,,"AP, EMEA, LA, NA",,,,,BEKAERT,"KARAWANG, INDONESIA",KARAWANG,JBP,BEKAERT,KARAWANG,KARAWANG,OTHERS,INDONESIA,Yes,,,,,,,,,,
REINFORCEMENT,1,RFWL,2x.295 HT,N,BEKAERT,JIANGYIN,Jiangyin,Others,China,BD01WL,,,,,,,,,WL,,, , ,N,,"AP, EMEA, LA, NA",,,,,BEKAERT,"Jiangyin, China",Jiangyin,JTM,BEKAERT,JIANGYIN,JIANGYIN,OTHERS,CHINA,Yes,,,,,,,,,,
REINFORCEMENT,1,RFWL,2x.295 HT,Y,BEKAERT,ITAUNA - MG BRAZIL (STEEL CORD),Itauna,Others,Brazil,BC01WL,,,,,,,,,WL,,, , ,Y,,"AP, EMEA, LA, NA",,,,,BEKAERT,"Itauna, MG, Brazil (Steel Cord)",Itauna,DAG,BEKAERT,ITAUNA - MG BRAZIL (STEEL CORD),ITAUNA,OTHERS,BRAZIL,Yes,,,,,,,,,,
REINFORCEMENT,1,RFWL,2x.295 HT,N,BEKAERT,ROGERS,Rogers,AR,USA,BB01WL,,,,,,,,,WL,,, , ,N,,"AP, EMEA, LA, NA",,,,,BEKAERT,"Rogers, AR, USA",Rogers,AMX,BEKAERT,ROGERS,ROGERS,AR,USA,Yes,,,,,,,,,,
REINFORCEMENT,1,RFWL,2x.295 HT,Y,BEKAERT,IZMIT,"IZMIT, TURKEY",Others,Turkey,BA02WL,,,,,,,,,WL,,, , ,Y,,"AP, EMEA, LA, NA",,,,,BEKAERT,"IZMIT, TURKEY","IZMIT, TURKEY",APK,BEKAERT,IZMIT,"IZMIT, TURKEY",OTHERS,TURKEY,Yes,,,,,,,,,,
REINFORCEMENT,1,RFWL,2x.295 HT,N,BEKAERT,VESPASIANO,Vespasiano,MG,Brazil,B702WL,,,,,,,,,WL,,, , ,N,,"AP, EMEA, LA, NA",,,,,BEKAERT,"Vespasiano, MG, Brazil",Vespasiano,AKY,BEKAERT,VESPASIANO,VESPASIANO,MG,BRAZIL,Yes,,,,,,,,,,
REINFORCEMENT,1,RFWL,2x.295 HT,N,BEKAERT,VESPASIANO,Vespasiano,MG,Brazil,B701WL,,,,,,,,,WL,,, , ,N,,"AP, EMEA, LA, NA",,,,,BEKAERT,"Vespasiano, MG, Brazil",Vespasiano,AKY,BEKAERT,VESPASIANO,VESPASIANO,MG,BRAZIL,Yes,,,,,,,,,,
REINFORCEMENT,1,RFWL,2x.295 HT,N,BEKAERT,LANKLAAR,Lanklaar,Others,Belgium,B401WL,,,,,,,,,WL,,, , ,N,,"AP, EMEA, LA, NA",,,,,BEKAERT,"Lanklaar, Belgium",Lanklaar,,BEKAERT,LANKLAAR,LANKLAAR,OTHERS,BELGIUM,No,,,,,,,,,,
REINFORCEMENT,1,RFWL,2x.295 HT,N,BEKAERT,BURGOS,BURGOS,Others,Spain,B301WL,,,,,,,,,WL,,, , ,N,,"AP, EMEA, LA, NA",,,,,BEKAERT,"BURGOS, SPAIN",BURGOS,AJF,BEKAERT,BURGOS,BURGOS,OTHERS,SPAIN,Yes,,,,,,,,,,
REINFORCEMENT,1,RFWL,2x.295 HT,N,BEKAERT,AALTER,Aalter,Others,Belgium,B104WL,,,,,,,,,WL,,, , ,N,,"AP, EMEA, LA, NA",,,,,BEKAERT,"Aalter, Belgium",Aalter,,BEKAERT,AALTER,AALTER,OTHERS,BELGIUM,No,,,,,,,,,,
REINFORCEMENT,1,RFWL,2x.295 HT,N,BEKAERT,AALTER,Aalter,Others,Belgium,B103WL,,,,,,,,,WL,,, , ,N,,"AP, EMEA, LA, NA",,,,,BEKAERT,"Aalter, Belgium",Aalter,,BEKAERT,AALTER,AALTER,OTHERS,BELGIUM,No,,,,,,,,,,
