Material,Yarn Denier,Material description,Material type,Fabric Construction Code,Fabric Processing Code,Cord Density Code,Fill Cord,Linear Fill Cord Weight,Picks per Meter,Woven Fabric Width,Calculated Ends per Inch,Linear Fill Cord Weight DEN,Fabric Squarewoven Construction Code,Wire Construction Code,Cable Construction Code,Source,Cable Bead Coating,Gauge,Bead Inside Diameter,Component Weight,Fabric Processing Code.1
RF213D2A,,1X2.5+(9+15)X1.3,,,,,,,,,,,,,,Cable Beads,BRONZE,7.7,213.0,0.2,
RF263E27,,1X3.0+(10+16)X1.30,,,,,,,,,,,,,,Cable Beads,BRASS,8.2,263.0,0.28,
RF263E2A,,1X3.0+(10+16)X1.3,,,,,,,,,,,,,,Cable Beads,BRONZE,8.2,263.0,0.28,
RF265A,,1X1.20 MM+(5+12+18)X1.30 MM BRASS PLATED,,,,,,,,,,,,,,Cable Beads,BRASS,9.0,265.0,0.321,
RF265K37,,1X1.20+(5+12+18)X1.30,,,,,,,,,,,,,,Cable Beads,BRASS,9.0,265.0,0.32,
RF265K3A,,1X1.2+(5+12+18)X1.3,,,,,,,,,,,,,,Cable Beads,BRONZE,9.0,265.0,0.32,
RF288K3A,,1X1.2+(5+12+18)X1.3,,,,,,,,,,,,,,Cable Beads,BRONZE,9.0,288.0,0.35,
RF315E24,,CABD 315 1X3.0 + (7+14)X2.0,,,,,,,,,,,,,,Cable Beads,BRASS,11.0,315.0,0.59,
RF336D23,,CABD 336 1X2.5 + (7+13)X1.8,,,,,,,,,,,,,,Cable Beads,BRASS,9.7,336.0,0.628,
RF338D23,,CABD 338 1X2.5 + (7+13)X1.8,,,,,,,,,,,,,,Cable Beads,BRASS,9.7,338.0,0.631,
RF339D23,,CABD 339 1X2.5 + (7+13)X1.8,,,,,,,,,,,,,,Cable Beads,BRASS,9.7,339.0,0.48,
RF340D23,,CABD 340 1X2.5 + (7+13)X1.8,,,,,,,,,,,,,,Cable Beads,BRASS,9.7,340.0,0.635,
RF362E25,,CABD 362 1X3.0 + (7+13)X2.2,,,,,,,,,,,,,,Cable Beads,BRASS,11.8,362.0,0.768,
RF364E25,,CABD 364 1X3.0 + (7+13)X2.2,,,,,,,,,,,,,,Cable Beads,BRASS,11.8,364.0,0.77,
RF364F37,,1X4.0+(12+18+24)X1.3,,,,,,,,,,,,,,Cable Beads,BRASS,11.8,364.0,0.78,
RF364F3A,,1X4.0+(12+18+24)X1.3,,,,,,,,,,,,,,Cable Beads,BRONZE,11.8,364.0,0.8,
RF365E25,,CABD 365 1X3.0 + (7+13)X2.2,,,,,,,,,,,,,,Cable Beads,BRASS,11.8,365.0,0.772,
RF366E25,,CABD 366 1X3.0 + (7+13)X2.2,,,,,,,,,,,,,,Cable Beads,BRASS,11.8,366.0,0.774,
RF366G3A,,1X5.0+(14+20+26)X1.3,,,,,,,,,,,,,,Cable Beads,BRONZE,12.8,366.0,0.95,
RF366P2A,,1X6.0AL+(17+22)X1.3,,,,,,,,,,,,,,Cable Beads,BRONZE,11.2,366.0,0.57,
RF370E25,,CABD 370 1X3.0 + (7+13)X2.2,,,,,,,,,,,,,,Cable Beads,BRASS,11.8,370.0,0.784,
RF372E25,,CABD 372 1X3.0 + (7+13)X2.2,,,,,,,,,,,,,,Cable Beads,BRASS,11.8,372.0,0.791,
RF380G33,,CABD 380 1X5.0 + (11+17+23)X1.8,,,,,,,,,,,,,,Cable Beads,BRASS,15.8,380.0,1.458,
RF382E33,,1X3.0+(8+14+20)X1.8,,,,,,,,,,,,,,Cable Beads,BRASS,13.8,382.0,1.12,
RF382G33,,CABD 382 1X5.0 + (11+17+23)X1.8,,,,,,,,,,,,,,Cable Beads,BRASS,15.8,382.0,1.47,
RF383K2A,,1X1.2+(6)X0.96+(10)X1.3,,,,,,,,,,,,,,Cable Beads,BRONZE,5.7,383.0,0.18,
RF383K2B,,CABD 383 1X1.2 + (6)X0.96 + (11)X1.20MM,,,,,,,,,,,,,,Cable Beads,BRONZE,5.52,383.0,0.172,
RF384G33,,CABD 384 1X5.0(11+17+23)X1.8,,,,,,,,,,,,,,Cable Beads,BRASS,15.8,384.0,1.473,
RF385G33,,CABD 385 1X5.0 + (11+17+23)X1.8,,,,,,,,,,,,,,Cable Beads,BRASS,15.8,385.0,1.477,
RF38CK2B,,CABD 38C 1X1.2 + (6)X0.96+(11)X1.20,,,,,,,,,,,,,,Cable Beads,BRONZE,5.52,382.5,0.172,
RF38DE12,,CABD 38D 1X3.0 + (9)X1.55,,,,,,,,,,,,,,Cable Beads,BRONZE,6.1,383.5,0.232,
RF38DE17,,CABD 38D 1X3.0 + (10)X1.3,,,,,,,,,,,,,,Cable Beads,BRONZE,5.6,383.5,0.196,
RF38DK2B,,CABD 38D 1X1.2 + (6)X0.96+(11)X1.20,,,,,,,,,,,,,,Cable Beads,BRONZE,5.52,383.5,0.171,
RF392E33,,CABD 392 1X3.0 + (11+17+23)X1.8,,,,,,,,,,,,,,Cable Beads,BRASS,13.8,392.0,1.16,
RF394D33,,CABD 394 1X2.5 + (7+13+19)X1.8,,,,,,,,,,,,,,Cable Beads,BRASS,13.3,394.0,1.046,
RF396D33,,CABD 396 1X2.5 + (7+13+19)X1.8,,,,,,,,,,,,,,Cable Beads,BRASS,13.3,396.0,1.06,
RF408K2A,,1X1.2+(6)X0.96+(10)X1.3,,,,,,,,,,,,,,Cable Beads,BRONZE,5.7,408.0,0.19,
RF40HK2B,,1X1.2+(6)X0.96+(11)X1.2MM,,,,,,,,,,,,,,Cable Beads,BRONZE,5.52,407.5,0.18,
RF416E24,,CABD 416 1X3.0 + (7+14)X2.0,,,,,,,,,,,,,,Cable Beads,BRASS,11.0,416.0,0.769,
RF418D33,,CABD 418 1X2.5 + (7+13+19)X1.8,,,,,,,,,,,,,,Cable Beads,BRASS,13.3,418.0,1.108,
RF418E25,,CABD 418 1X3.0 + (7+13)X2.2,,,,,,,,,,,,,,Cable Beads,BRASS,11.8,418.0,0.881,
RF418G33,,CABD 418 1X5.0 + (11+17+23)X1.8,,,,,,,,,,,,,,Cable Beads,BRASS,15.8,418.0,1.603,
RF424G44,,CABD 424 1X5.0 + (10+16+22+28)X2.0,,,,,,,,,,,,,,Cable Beads,BRASS,21.0,424.0,2.843,
RF431G44,,CABD 431 1X5.0 + (10+16+22+28)X2.0,,,,,,,,,,,,,,Cable Beads,BRASS,21.0,431.0,2.89,
RF435H35,,CABD 435 1X6.0 + (11+17+23)X2.2,,,,,,,,,,,,,,Cable Beads,BRASS,19.2,435.0,2.488,
RF442G33,,CABD 442 1X5.0 + (11+17+23)X1.8,,,,,,,,,,,,,,Cable Beads,BRASS,15.8,442.0,2.214,
RF444G33,,CABD 444 1X5.0 + (11+17+23)X1.8,,,,,,,,,,,,,,Cable Beads,BRASS,15.8,444.0,2.214,
RF446G33,,CABD 446 1X5.0 + (11+17+23)X1.8,,,,,,,,,,,,,,Cable Beads,BRASS,15.8,446.0,1.697,
RF446G34,,1X5.0+(10+16+22)X2.0MM,,,,,,,,,,,,,,Cable Beads,BRASS,17.0,446.0,1.94,
RF448G33,,CABD 448 1X5.0 + (11+17+23)X1.8,,,,,,,,,,,,,,Cable Beads,BRASS,15.8,448.0,2.24,
RF448G44,,1X5.0+(10+16+22+28)X2.0,,,,,,,,,,,,,,Cable Beads,BRASS,21.0,448.0,3.0,
RF448M53,,1X5.0AL+(11+17+23+29+35)X1.8,,,,,,,,,,,,,,Cable Beads,BRASS,23.0,448.0,3.53,
RF450G33,,CABD 450 1X5.0 + (11+17+23)X1.8,,,,,,,,,,,,,,Cable Beads,BRASS,15.8,450.0,2.25,
RF456G55,,CABD 456 1X5.0 + (10+16+22+28+33)X2.2,,,,,,,,,,,,,,Cable Beads,BRASS,27.0,456.0,6.83,
RF456H54,,CABD 456 1X6.0 + (11+17+23+29+35)X2.0,,,,,,,,,,,,,,Cable Beads,BRASS,26.0,456.0,4.631,
RF460H54,,CABD 460 1X6.0 + (11+17+23+29+35)X2.0,,,,,,,,,,,,,,Cable Beads,BRASS,26.0,460.0,4.68,
RF460H65,,CABD 460 1X6.0 +(11+17+23+29+35+41)X2.2,,,,,,,,,,,,,,Cable Beads,BRASS,32.4,460.0,7.517,
RF468H45,,CABD 468 1X6.0 + (11+17+23+29)X2.2,,,,,,,,,,,,,,Cable Beads,BRASS,23.6,468.0,4.04,
RF470A,,1X4.0MM AL+(12+18+24+30)X1.30MM,,,,,,,,,,,,,,Cable Beads,BRASS,14.4,470.0,1.38,
RF470H45,,CABD 470 1X6.0 + (11+17+23+29)X2.2,,,,,,,,,,,,,,Cable Beads,BRASS,23.6,470.0,4.06,
RF470R4A,,1X4.0AL+(12+18+24+30)X1.3,,,,,,,,,,,,,,Cable Beads,BRONZE,14.4,470.0,1.4,
RF472E5A,,1X3.0+(10+16+22+28+34)X1.3,,,,,,,,,,,,,,Cable Beads,BRONZE,16.0,472.0,1.85,
RF472H45,,CABD 472 1X6.0 + (11+17+23+29)X2.2,,,,,,,,,,,,,,Cable Beads,BRASS,23.6,472.0,4.07,
RF474G43,,CABD 474 1X5.0 + (11+17+23+29)X1.8,,,,,,,,,,,,,,Cable Beads,BRASS,19.4,474.0,2.716,
RF476G43,,CABD 476 1X5.0 + (11+17+23+29)X1.8,,,,,,,,,,,,,,Cable Beads,BRASS,19.4,476.0,2.727,
RF476G44,,CABD 476 1X5.0 + (10+16+22+28)X2.0,,,,,,,,,,,,,,Cable Beads,BRASS,21.0,476.0,3.167,
RF476H45,,CABD 476 1X6.0 + (11+17+23+29)X2.2,,,,,,,,,,,,,,Cable Beads,BRASS,23.6,476.0,4.11,
RF500A,,1X6.0MMALUM+(11+17+23)X2.0MM,,,,,,,,,,,,,,Cable Beads,BRASS,18.0,500.0,2.166,
RF500L24,,CABD 500 1X10.4MM AL+(18+25)X2.0MM STEEL,,,,,,,,,,,,,,Cable Beads,BRASS,18.4,500.0,2.105,
RF500P34,,1X6.0AL+(11+17+23)X2.0,,,,,,,,,,,,,,Cable Beads,BRASS,18.0,500.0,2.17,
RF50BL24,,CABD 1X10.4MM AL+(18+25) X 2.0MM BRASS,,,,,,,,,,,,,,Cable Beads,BRASS,18.4,501.5,2.11,
RF524H45,,CABD 524 1X6.0 + (11+17+23+29)X2.2,,,,,,,,,,,,,,Cable Beads,BRASS,23.6,524.0,4.5,
RF528H45,,CABD 528 1X6.0 + (11+17+23+29)X2.2,,,,,,,,,,,,,,Cable Beads,BRASS,23.6,528.0,4.533,
RF52DL34,,1X10.4AL+(18+25+30)X2.0,,,,,,,,,,,,,,Cable Beads,BRASS,22.4,523.5,3.51,
RF530H45,,CABD 530 1X6.0 + (11+17+23+29)X2.2,,,,,,,,,,,,,,Cable Beads,BRASS,23.6,530.0,4.526,
RF532H45,,CABD 532 1X6.0 + (11+17+23+29)X2.2,,,,,,,,,,,,,,Cable Beads,BRASS,23.6,532.0,4.65,
RF536G55,,CABD 536 1X5.0 + (10+16+22+28+33)X2.2,,,,,,,,,,,,,,Cable Beads,BRASS,27.0,536.0,6.2,
RF536H45,,CABD 536 1X6.0 + (11+17+23+29)X2.2,,,,,,,,,,,,,,Cable Beads,BRASS,23.6,536.0,4.607,
RF536H54,,CABD 536 1X6.0 + (11+17+23+29+35)X2.0,,,,,,,,,,,,,,Cable Beads,BRASS,26.0,536.0,5.413,
RF547L34,,1X10.4AL+(18+25+30)X2.0,,,,,,,,,,,,,,Cable Beads,BRASS,22.4,547.0,3.67,
RF549L34,,1X10.4AL+(17)X2.2+(25+31)X2.0,,,,,,,,,,,,,,Cable Beads,BRASS,22.8,549.0,3.82,
RF574G55,,CABD 574 1X5.0 + (10+16+22+28+33)X2.2,,,,,,,,,,,,,,Cable Beads,BRASS,27.0,574.0,6.45,
RF574T35,,1X13.8AL+(22+28+33)X2.2,,,,,,,,,,,,,,Cable Beads,BRASS,27.0,574.0,5.45,
RF576G54,,1X5.0+(10+16+22+28+35)X2.0,,,,,,,,,,,,,,Cable Beads,BRASS,25.0,576.0,5.5,
RF576G55,,CABD 576 1X5.0 + (10+16+22+28+33)X2.2,,,,,,,,,,,,,,Cable Beads,BRASS,27.0,576.0,6.47,
RF579G55,,CABD 579 1X5.0 + (10+16+22+28+33)X2.2,,,,,,,,,,,,,,Cable Beads,BRASS,27.0,579.0,6.5,
RF57HN43,,1X9.4AL+(16+22+28)X2.0+(38)X1.8,,,,,,,,,,,,,,Cable Beads,BRASS,25.0,577.5,4.95,
RF581A,,1X9.4MM AL+(16+22+28+33)X2.2MM BRASS PLA,,,,,,,,,,,,,,Cable Beads,BRASS,27.0,581.0,6.1,
RF581N45,,1X9.4AL+(16+22+28+33)X2.2,,,,,,,,,,,,,,Cable Beads,BRASS,27.0,581.0,6.1,
RF582G55,,CABD 582 1X5.0 + (10+16+22+28+33)X2.2,,,,,,,,,,,,,,Cable Beads,BRASS,27.0,582.0,6.534,
RF584G55,,CABD 584 1X5.0 + (10+16+22+28+33)X2.2,,,,,,,,,,,,,,Cable Beads,BRASS,27.0,584.0,6.539,
RF584H54,,CABD 584 1X6.0 + (11+17+23+29+35)X2.0,,,,,,,,,,,,,,Cable Beads,BRASS,26.0,584.0,5.88,
RF587G55,,CABD 587 1X5.0 + (10+16+22+28+33)X2.2,,,,,,,,,,,,,,Cable Beads,BRASS,27.0,587.0,6.588,
RF604H65,,CABD 604 1X6.0 +(11+17+23+29+35+40)X2.2,,,,,,,,,,,,,,Cable Beads,BRASS,32.4,604.0,9.691,
RF609H55,,CABD 609 1X6.0 + (11+18+24+30+36)X2.2,,,,,,,,,,,,,,Cable Beads,BRASS,32.4,609.0,7.312,
RF609H64,,CABD 609 1X6.0 +(11+17+23+29+35+41)X2.0,,,,,,,,,,,,,,Cable Beads,BRASS,30.0,609.0,8.1,
RF609H65,,CABD 609 1X6.0 +(11+17+23+29+35+40)X2.2,,,,,,,,,,,,,,Cable Beads,BRASS,32.4,609.0,9.767,
RF60ET44,,1X13.8AL+(23+29+35+40)X2.0,,,,,,,,,,,,,,Cable Beads,BRASS,29.8,604.5,7.13,
RF614H65,,CABD 614 1X6.0 +(11+17+23+29+35+40)X2.2,,,,,,,,,,,,,,Cable Beads,BRASS,32.4,614.0,9.843,
RFC00002,,1X4.0+(12+18+24)X1.3,,,,,,,,,,,,,,Cable Beads,BRONZE,11.8,364.0,0.78,
RFC00003,,1X9.4ALUM+(16+22+28+33)X2.2,,,,,,,,,,,,,,Cable Beads,BRASS,27.0,581.0,6.1,
RFC00004,,1X6.0ALUM+(11+17+23+30)X2.0,,,,,,,,,,,,,,Cable Beads,BRASS,22.0,451.0,3.126,
RFC00005,,CABD 394 1X2.5+(7+13+19)X1.8MM,,,,,,,,,,,,,,Cable Beads,BRASS,13.3,394.0,1.046,
RFC00006,,CABD 536 1X6.0+(11+17+23+29)X2.2MM,,,,,,,,,,,,,,Cable Beads,BRASS,23.6,536.0,4.575,
RFC00007,,1X2.2+(6+11)X1.8MM,,,,,,,,,,,,,,Cable Beads,BRASS,9.4,383.5,0.51,
RFC00008,,1X2.5+(6+11)X2.0MM,,,,,,,,,,,,,,Cable Beads,BRASS,10.5,383.5,0.63,
RFC00009,,1X1.2+(6)X.96+(11)X1.2MM,,,,,,,,,,,,,,Cable Beads,BRONZE,5.52,402.5,0.17,
RFC000093,,1X10.4AL+(18+24+30)X2.0,,,,,,,,,,,,,,Cable Beads,BRASS,22.4,448.0,3.0,
RFC00010,,1X6.0ALUM+(11+17+23+30) X 2.0 MM,,,,,,,,,,,,,,Cable Beads,BRASS,22.0,449.0,3.061,
RFC00011,,1X6.0 MM STEEL+(11+17+23+29)X2.2 MM,,,,,,,,,,,,,,Cable Beads,BRASS,23.6,527.0,4.536,
RFC00012,,1X10.4 MM ALUMINUM +(17+23+29)X2.2 MM,,,,,,,,,,,,,,Cable Beads,BRASS,23.6,527.0,4.058,
RFC00013,,1X13.8 MM ALUMINUM +(26+32+36)X1.8 MM,,,,,,,,,,,,,,Cable Beads,BRASS,24.6,527.0,4.1,
RFC00014,,1X10.4 MM ALUMINUM +(18+25+31)X2.0 MM,,,,,,,,,,,,,,Cable Beads,BRASS,22.4,527.0,3.585,
RFC00015,,1X5.0 MM AL +(11+17+23+29+35) X1.8 MM,,,,,,,,,,,,,,Cable Beads,BRASS,23.0,448.0,3.533,
RFC00016,,1X1.2+(6)X.96+(11)X1.2MM,,,,,,,,,,,,,,Cable Beads,BRONZE,5.52,405.0,0.181,
RFC00017,,1X1.2+(6)X.96+(11)X1.2MM,,,,,,,,,,,,,,Cable Beads,BRONZE,5.52,407.6,0.183,
RFC00019,,1X1.2+(6)X.96+(11)X1.2MM,,,,,,,,,,,,,,Cable Beads,BRONZE,5.52,410.1,0.184,
RFC00020,,1X2.5+(6+11)X2.0MM,,,,,,,,,,,,,,Cable Beads,BRASS,10.5,385.5,0.629,
RFC00021,,1X2.5+(6+11)X2.0MM,,,,,,,,,,,,,,Cable Beads,BRASS,10.5,386.5,0.631,
RFC00022,,1X4.0AL+(12+18+24+30)X1.30,,,,,,,,,,,,,,Cable Beads,BRONZE,14.4,470.0,1.38,
RFC00023,,1X3.0+(10+16)X1.30,,,,,,,,,,,,,,Cable Beads,BRONZE,8.2,263.0,0.277,
RFC00024,,1X3.0MM + (10+16)X1.30MM BRONZE,,,,,,,,,,,,,,Cable Beads,BRONZE,8.2,265.0,0.279,
RFC00025,,1X1.20 MM+(5+12+18)X1.30 MM BRASS PLATED,,,,,,,,,,,,,,Cable Beads,BRASS,9.0,265.0,0.321,
RFC00026,,1X3.0 MM + (10+16)X1.30 MM BRASS PLATED,,,,,,,,,,,,,,Cable Beads,BRASS,8.2,263.0,0.277,
RFC00027,,1X6.0MM AL CORE+(11+17+23)X2.0MM BRASS,,,,,,,,,,,,,,Cable Beads,BRASS,18.0,500.0,2.166,
RFC00028,,1X4.0MM AL+(12+18+24+30)X1.30MM BRASS,,,,,,,,,,,,,,Cable Beads,BRASS,14.4,470.0,1.38,
RFC00029,,CABD 536 1X6.0+(11+17+23+29)X2.2MM BRASS,,,,,,,,,,,,,,Cable Beads,BRASS,23.6,536.0,4.607,
RFC00030,,1X10.4AL+(18+25+30)X2.0,,,,,,,,,,,,,,Cable Beads,BRASS,22.4,523.5,3.51,
RFC00031,,1X10.4AL + (18+25+31)X2.0,,,,,,,,,,,,,,Cable Beads,BRASS,22.4,550.0,3.7,
RFC00032,,1X4.0+(12+18+24)X1.3 MM,,,,,,,,,,,,,,Cable Beads,BRASS,11.8,364.0,0.77,
RFC00034,,1X3.0+(10+16+22+28+34)X1.3MM,,,,,,,,,,,,,,Cable Beads,BRASS,16.0,472.0,1.84,
RFC00035,,1X5.0AL+(14+20+26+32)X1.3MM,,,,,,,,,,,,,,Cable Beads,BRASS,15.4,472.0,1.55,
RFC00036,,1X10.4AL+(18+25+31)X2.0MM,,,,,,,,,,,,,,Cable Beads,BRASS,22.4,548.5,3.68,
RFC00037,,1X3.0+(8+14+20)X1.8MM,,,,,,,,,,,,,,Cable Beads,BRASS,13.8,382.0,1.12,
RFC00038,,1X10.4AL+(18+25+30)X2.0,,,,,,,,,,,,,,Cable Beads,BRASS,22.4,547.0,3.67,
RFC00039,,1X8.0 ALUMINUM + (21+27)X1.3MM,,,,,,,,,,,,,,Cable Beads,BRASS,13.2,366.0,0.76,
RFC00040,,1X5.0+(10+16+22+28+35)X2.0,,,,,,,,,,,,,,Cable Beads,BRASS,25.0,574.0,5.43,
RFC00041,,1X13.8 ALUMINUM + (23+29+35+40)X2.0MM,,,,,,,,,,,,,,Cable Beads,BRASS,29.8,603.0,7.11,
RFC00042,,1X6.0+(11+17+23+29)X2.2,,,,,,,,,,,,,,Cable Beads,BRASS,23.6,529.0,4.52,
RFC00043,,1X13.8 ALUMINUM +(23+29+35)X2.0MM,,,,,,,,,,,,,,Cable Beads,BRASS,25.8,547.0,4.58,
RFC00044,,1X13.8 ALUMINUM + (23+29+35+40)X2.0MM,,,,,,,,,,,,,,Cable Beads,BRASS,29.8,606.0,7.15,
RFC00045,,1X5.0+(14+20+26)X1.3MM,,,,,,,,,,,,,,Cable Beads,BRASS,12.8,366.0,0.94,
RFC00046,,1X13.8AL+(23+29+35+40)X2.0,,,,,,,,,,,,,,Cable Beads,BRASS,29.8,604.5,7.13,
RFC00047,,1X2.5+(9+15+21)X1.3,,,,,,,,,,,,,,Cable Beads,BRASS,10.3,265.0,0.45,
RFC00048,,1X10.4 ALUMINUM + (27+32+38)X1.3,,,,,,,,,,,,,,Cable Beads,BRASS,18.2,470.0,1.91,
RFC00049,,1X3.0+(8+14+20)X1.8MM,,,,,,,,,,,,,,Cable Beads,BRASS,13.8,379.0,1.1,
RFC00050,,1X13.8AL+(22+28+33)X2.2,,,,,,,,,,,,,,Cable Beads,BRASS,27.0,577.5,5.51,
RFC00051,,1X5.0+(10+16+22+28+35)X2.0,,,,,,,,,,,,,,Cable Beads,BRASS,25.0,576.0,5.5,
RFC00052,,1X10.4AL+(18+24+31)X2.0MM,,,,,,,,,,,,,,Cable Beads,BRASS,22.4,548.0,3.67,
RFC00053,,1X10.4AL+(18+24+31)X2.0MM,,,,,,,,,,,,,,Cable Beads,BRASS,22.4,549.0,3.67,
RFC00055,,1X5.0AL+(9X2.2)+(16+22+28X2.0)+(38X1.8),,,,,,,,,,,,,,Cable Beads,BRASS,25.0,577.5,5.2,
RFC00056,,1X5.0AL+(8X2.2)+(15+21+27X2.0)+(38X1.8),,,,,,,,,,,,,,Cable Beads,BRASS,25.0,577.5,5.0,
RFC00057,,1X2.5+(9+15)X1.3,,,,,,,,,,,,,,Cable Beads,BRASS,7.7,213.0,0.2,
RFC00058,,1X9.4AL+(16+22+28)X2.0+(38)X1.8,,,,,,,,,,,,,,Cable Beads,BRASS,25.0,577.5,4.95,
RFC00059,,1X9.4AL+(25+30+36+42+47)X1.3,,,,,,,,,,,,,,Cable Beads,BRASS,22.4,549.0,3.7,
RFC00061,,1X6.0AL+(10+16+23+29+35)X2.2,,,,,,,,,,,,,,Cable Beads,BRASS,28.0,604.5,6.95,
RFC00062,,1X9.4AL+(16+22+28+33)X2.2,,,,,,,,,,,,,,Cable Beads,BRASS,27.0,604.5,6.3,
RFC00063,,1X9.4AL+(25+30+36+42+47)X1.3,,,,,,,,,,,,,,Cable Beads,BRASS,22.4,547.0,3.7,
RFC00064,,1X10.4AL+(18+25+31)X2.0,,,,,,,,,,,,,,Cable Beads,BRASS,22.4,448.0,3.04,
RFC00065,,1X9.4AL+(16+22+28)X2.0+(38)X1.8,,,,,,,,,,,,,,Cable Beads,BRASS,25.0,576.0,4.95,
RFC00066,,1X13.8AL+(23+29+35)X2.0,,,,,,,,,,,,,,Cable Beads,BRASS,25.8,577.0,4.82,
RFC00067,,1X9.4AL+(17+23+29)X2.0+(38)X1.8,,,,,,,,,,,,,,Cable Beads,BRASS,25.0,575.0,4.98,
RFC00068,,1X6.0AL+(17+22)X1.3,,,,,,,,,,,,,,Cable Beads,BRASS,11.2,364.0,0.57,
RFC00069,,1X6.0AL+(11+17+23)X2.2,,,,,,,,,,,,,,Cable Beads,BRASS,19.2,422.0,2.21,
RFC00070,,1X9.4AL+(18+24+30)X1.8+(48+54+58)X1.3,,,,,,,,,,,,,,Cable Beads,BRASS,28.0,605.0,6.55,
RFC00071,,1X9.4AL+(16+22+28)X2.0+(38)X1.8,,,,,,,,,,,,,,Cable Beads,BRASS,25.0,579.0,4.98,
RFC00072,,1X9.4AL+(18+24+30)X1.8+(48+54+58)X1.3,,,,,,,,,,,,,,Cable Beads,BRASS,28.0,605.0,6.55,
RFC00073,,1X5.0+(10+16+22+28)X2.0,,,,,,,,,,,,,,Cable Beads,BRASS,21.0,448.0,3.0,
RFC00074,,1X5.0+(10+16+22+28)X2.0,,,,,,,,,,,,,,Cable Beads,BRASS,21.0,547.0,3.61,
RFC00075,,1X5.0+(10+16+22+28)X2.0,,,,,,,,,,,,,,Cable Beads,BRASS,21.0,550.0,3.63,
RFC00076,,1X5.0+(10+16+22+28)X2.0,,,,,,,,,,,,,,Cable Beads,BRASS,21.0,549.0,3.67,
RFC00077,,1X6.0AL+(17+22)X1.3,,,,,,,,,,,,,,Cable Beads,BRASS,11.2,366.0,0.57,
RFC00078,,1X10.4AL+(17)X2.2+(25+31)X2.0,,,,,,,,,,,,,,Cable Beads,BRASS,22.8,549.0,3.82,
RFC00079,,1X10.4AL+(17)X2.2+(25+31+36)X2.0,,,,,,,,,,,,,,Cable Beads,BRASS,26.8,549.0,5.44,
RFC00080,,1X10.4AL+(17)X2.2+(25+31+36)X2.0,,,,,,,,,,,,,,Cable Beads,BRASS,26.8,548.0,5.43,
RFC00081,,1X5.0+(10+16+22+28+33)X2.2,,,,,,,,,,,,,,Cable Beads,BRASS,27.0,549.0,6.18,
RFC00082,,1X5.0+(11+17+23+29+35)X1.8,,,,,,,,,,,,,,Cable Beads,BRASS,23.0,549.0,4.39,
RFC00083,,1X2.5+(9+15)X1.3,,,,,,,,,,,,,,Cable Beads,BRONZE,7.7,213.0,0.2,
RFC00084,,1X5.0+(14+20+26)X1.3,,,,,,,,,,,,,,Cable Beads,BRONZE,12.8,366.0,0.94,
RFC00085,,1X1.2+(5+12+18)X1.3,,,,,,,,,,,,,,Cable Beads,BRONZE,9.0,265.0,0.32,
RFC00086,,1X3.0+(10+16+22+28+34)X1.3,,,,,,,,,,,,,,Cable Beads,BRONZE,16.0,472.0,1.84,
RFC00087,,1X10.4AL+(17)X2.2+(25+31)X2.0,,,,,,,,,,,,,,Cable Beads,BRASS,22.8,527.0,3.67,
RFC00088,,1X6.0AL+(17+22)X1.3,,,,,,,,,,,,,,Cable Beads,BRONZE,11.2,366.0,0.57,
RFC00089,,1X10.4AL+(17)X2.2+(25+31+36)X2.0,,,,,,,,,,,,,,Cable Beads,BRASS,26.8,554.0,5.49,
RFC00090,,1X5.0+(10+16+22+28+33)X2.2,,,,,,,,,,,,,,Cable Beads,BRASS,27.0,554.0,6.24,
RFC00091,,1X5.0+(11+17+23+29+35)X1.8,,,,,,,,,,,,,,Cable Beads,BRASS,23.0,554.0,4.43,
RFC00092,,1X10.4AL+(17)X2.2+(25+31)X2.0,,,,,,,,,,,,,,Cable Beads,BRASS,22.8,554.0,3.85,
RFC00093,,1X10.4AL+(18+24+30)X2.0,,,,,,,,,,,,,,Cable Beads,BRASS,22.4,448.0,3.0,
RFC00094,,1X1.2+(6)X.96+(10)X1.3,,,,,,,,,,,,,,Cable Beads,BRASS,5.7,383.0,0.18,
RFC00095,,1X1.2+(6)X.96+(10)X1.3,,,,,,,,,,,,,,Cable Beads,BRONZE,5.72,408.0,0.19,
RFC00096,,1X10.4CM+(17)X2.2+(25+31)X2.0,,,,,,,,,,,,,,Cable Beads,BRASS,22.8,549.0,3.6,
RFC00097,,1X10.4AL+(18)X2.0+(27)X1.8,,,,,,,,,,,,,,Cable Beads,BRASS,18.0,470.0,1.86,
RFC00098,,1X2.5+(9+15+21)X1.3,,,,,,,,,,,,,,Cable Beads,BRONZE,10.3,265.0,0.44,
RFC00099,,1X13.8AL+(23+29+35+40)X2.0,,,,,,,,,,,,,,Cable Beads,BRASS,29.8,607.0,7.21,
RFC00100,,1X5.0+(10+16+22+28)X2.0,,,,,,,,,,,,,,Cable Beads,BRASS,21.0,551.0,3.64,
RFC00101,,1X10.4AL+(18)X2.0+(36+42+47)X1.3,,,,,,,,,,,,,,Cable Beads,BRASS,22.2,551.0,3.61,
RFC00102,,1X5.0+(11+17+23)X1.8+(39+44)X1.3,,,,,,,,,,,,,,Cable Beads,BRASS,21.0,551.0,3.71,
RFC00103,,1X1.2+(5+12+18)X1.3,,,,,,,,,,,,,,Cable Beads,BRONZE,9.0,288.0,0.35,
RFC00104,,1X13.8AL+(26+32+37+43)X1.8,,,,,,,,,,,,,,Cable Beads,BRASS,28.2,607.0,6.43,
RFC00105,,1X6.0AL+(17+22)X1.3,,,,,,,,,,,,,,Cable Beads,BRONZE,11.2,318.0,0.51,
RFC00106,,1X10.4AL+(18+25+30)X2.0,,,,,,,,,,,,,,Cable Beads,BRASS,22.4,551.0,3.65,
RFC00107,,1X10.4AL+(27+32+38+44)X1.3,,,,,,,,,,,,,,Cable Beads,BRONZE,20.8,551.0,3.04,
RFC00108,,CABD 394 1X2.5 + (7+13+19)X1.8,,,,,,,,,,,,,,Cable Beads,BRASS,13.3,394.0,1.046,
RFC00109,,1X13.8AL+(26+32+37+43)X1.8,,,,,,,,,,,,,,Cable Beads,BRASS,28.2,605.0,6.4,
RFC00110,,CABD 394 1X2.5 + (7+13+19)X1.8,,,,,,,,,,,,,,Cable Beads,BRASS,13.3,394.0,1.046,
RFC00111,,1X2.5+(7+13+19)X1.8,,,,,,,,,,,,,,Cable Beads,BRASS,13.3,394.0,1.046,
RFC00112,,1X3.0+(10+16+22)X1.3,,,,,,,,,,,,,,Cable Beads,BRONZE,10.8,266.0,0.48,
RFC00113,,1X10.4AL+(27+32+38+44)X1.3,,,,,,,,,,,,,,Cable Beads,BRONZE,20.8,549.0,3.04,
RFC00114,,1X2.5+(9+15+21)X1.3,,,,,,,,,,,,,,Cable Beads,BRONZE,10.3,215.0,0.36,
RFC00115,,1X5.0+(11+17+23)X1.8,,,,,,,,,,,,,,Cable Beads,BRASS,15.8,451.0,1.72,
RFC00117,,1X4.0+(12+18+24)X1.3,,,,,,,,,,,,,,Cable Beads,BRONZE,11.8,318.0,0.683,
RFC00118,,1X5.0+(11+17+23)X1.8,,,,,,,,,,,,,,Cable Beads,BRASS,15.8,446.0,1.7,
RFC00119,,1X3.0+(10+16+22)X1.3,,,,,,,,,,,,,,Cable Beads,BRONZE,10.8,268.0,0.485,
RFC00122,,1X4.0+(12+18+24)X1.3,,,,,,,,,,,,,,Cable Beads,BRONZE,11.8,267.0,0.58,
RFECB004,,CABD 1X1.50+(6+12)X1.30 @ 464.10 ID,,,,,,,,,,,,,,Cable Beads,BRONZE,6.7,464.1,0.299,
RFECB005,,CABD 1X1.50+(6+12)X1.30 @ 481.28 ID,,,,,,,,,,,,,,Cable Beads,BRONZE,6.7,481.28,0.31,
RFECB006,,CABD 1X1.55+(6+12)X1.32 @ 464.10 ID,,,,,,,,,,,,,,Cable Beads,ZINC,6.83,464.1,0.309,
RFECB007,,CABD 1X1.55+(6+12)X1.32 @ 481.28 ID,,,,,,,,,,,,,,Cable Beads,ZINC,6.83,481.28,0.32,
RFECB108,,CABD 1X1.55 + (6+12)X1.32 ; ID= 423.35,,,,,,,,,,,,,,Cable Beads,ZINC,6.83,423.35,0.282,
RFECB109,,CABD 1X1.55 + (6+12)X1.32 ; ID= 443.41,,,,,,,,,,,,,,Cable Beads,ZINC,6.83,443.41,0.295,
RFECB110,,CABD 1X1.55 + (6+12)X1.32 ; ID= 463.14,,,,,,,,,,,,,,Cable Beads,ZINC,6.83,463.14,0.308,
RFECB111,,CABD 1X1.55 + (6+12)X1.32 ; ID= 483.51,,,,,,,,,,,,,,Cable Beads,ZINC,6.83,483.51,0.321,
RFECB112,,CABD 1X1.55 + (6+12)X1.32 ; ID= 503.57,,,,,,,,,,,,,,Cable Beads,ZINC,6.83,503.57,0.334,
RFECB113,,CABD 1X1.55 + (6+12)X1.32 ; ID= 523.30,,,,,,,,,,,,,,Cable Beads,ZINC,6.83,523.3,0.347,
RFECB114,,CABD 1X1.55 + (6+12)X1.32 ; ID= 543.35,,,,,,,,,,,,,,Cable Beads,ZINC,6.83,543.35,0.36,
RFECB115,,CABD 1X1.55 + (6+12)X1.32 ; ID= 563.41,,,,,,,,,,,,,,Cable Beads,ZINC,6.83,563.41,0.373,
RFECB116,,CABD 1X2.15+(8X1.32)+(12X1.55);ID=483.51,,,,,,,,,,,,,,Cable Beads,ZINC,7.89,483.51,0.452,
RFECB117,,CABD 1X2.15+(8X1.32)+(12X1.55);ID=503.57,,,,,,,,,,,,,,Cable Beads,ZINC,7.89,503.57,0.47,
RFECB118,,CABD 1X2.15+(8X1.32)+(12X1.55);ID=523.30,,,,,,,,,,,,,,Cable Beads,ZINC,7.89,523.3,0.488,
RFECB119,,CABD 1X2.15+(8X1.32)+(12X1.55);ID=543.35,,,,,,,,,,,,,,Cable Beads,ZINC,7.89,543.35,0.507,
RFECB120,,CABD 1X2.15+(8X1.32)+(12X1.55);ID=563.41,,,,,,,,,,,,,,Cable Beads,ZINC,7.89,563.41,0.525,
RFECB121,,SEE ADDITIONAL TEXT FIELD,,,,,,,,,,,,,,Cable Beads,BRONZE,74.0,1473.2,0.121,
RFECB122,,CABD 1X1.55 + (6+12)X1.32 ; ID= 583.14,,,,,,,,,,,,,,Cable Beads,ZINC,6.83,583.14,0.386,
RFECB123,,CABD 1X2.15+(8X1.32)+(12X1.55);ID=583.46,,,,,,,,,,,,,,Cable Beads,ZINC,7.89,583.46,0.544,
RFECB124,,1X1.50 MM + (6+12)X1.30 MM CABLBD,,,,,,,,,,,,,,Cable Beads,BRONZE,6.7,382.52,0.246,
RFECB125,,1X5.0+(11+17+23+29+35+40)X1.8MM CABLBD,,,,,,,,,,,,,,Cable Beads,BRASS,26.6,460.0,4.982,
RFECB126,,1X3.0 + (8)X1.8 MM  CABD,,,,,,,,,,,,,,Cable Beads,BRASS,6.6,408.4,0.282,
RFECB127,,"""SPIRAL HEX"" BEAD,(2X3X2)X1.27+12X1.27",,,,,,,,,,,,,,Cable Beads,BRONZE,6.81,463.14,0.3,
RFECB128,,"""SPIRAL HEX"" BEAD,(2X3X2)X1.27+12X1.27",,,,,,,,,,,,,,Cable Beads,BRONZE,6.81,483.51,0.319,
RFECB129,,CABD 1X10.4 MM AL + (17+23+29)X2.20 MM,,,,,,,,,,,,,,Cable Beads,BRASS,23.6,536.0,4.005,
RFECB132,,1X13.8MM AL+(22+28+33)X2.2MM STEEL CABD,,,,,,,,,,,,,,Cable Beads,BRASS,27.0,574.0,5.451,
RFECB133,,1X9.4MM AL+(16+22+28+33)X2.2 MM STEEL,,,,,,,,,,,,,,Cable Beads,BRASS,27.0,574.0,5.946,
RFECB134,,1X13 8MM AL+(22+28+33)X2.2MM STEEL CABD,,,,,,,,,,,,,,Cable Beads,BRASS,27.0,572.0,5.433,
RFECB135,,CABD HEX(2X3X2)X1.3CPD+SPIRAL(12X1.3ZN),,,,,,,,,,,,,,Cable Beads,ZINC,6.97,463.1,0.3,
RFECB136,,CABD HEX(2X3X2)X1.3CPD+SPIRAL(12X1.3ZN),,,,,,,,,,,,,,Cable Beads,ZINC,6.97,483.5,0.315,
RFECB137,,CABD 1X.2.15 MM + 8X1.32 MM + 12X1.55 M,,,,,,,,,,,,,,Cable Beads,ZINC,7.89,463.1,0.434,
RFECB138,,CABD ECB,,,,,,,,,,,,,,Cable Beads,BRASS,23.6,536.0,4.558,
RFECB139,,CABD ECB 1X5.0+(11+17+23)X1.8 MM,,,,,,,,,,,,,,Cable Beads,BRASS,15.8,384.0,1.477,
RFECB140,,CABD ECB 1X6.0+(11+17+23+29)X2.2 MM,,,,,,,,,,,,,,Cable Beads,BRASS,23.6,536.0,4.599,
RFECB141,,CABD ECB 1X6.0 MM + (11+17+23) X 2.2 MM,,,,,,,,,,,,,,Cable Beads,BRASS,19.2,500.0,2.852,
RFECB142,,CABD ECB 1X10.4 MM AL CORE+(17+23)X2.2MM,,,,,,,,,,,,,,Cable Beads,BRASS,19.2,500.0,2.326,
RFECB143,,CABD ECB 1X10.4 MM AL CORE+(18+25)X2.0MM,,,,,,,,,,,,,,Cable Beads,BRASS,18.4,500.0,2.105,
RFECB147,,CABD ECB 380 1X5.0+(11+17+23)X1.8MM,,,,,,,,,,,,,,Cable Beads,BRASS,15.8,380.0,1.458,
RFECB148,,CABD ECB 1X1.2+(6)X0.96+(11)X1.20 MM,,,,,,,,,,,,,,Cable Beads,BRONZE,5.52,439.0,0.196,
RFECB149,,CABD ECB 1X5.0+(10+16+22)X2.0MM,,,,,,,,,,,,,,Cable Beads,BRASS,17.0,446.0,1.941,
RFECB150,,CABD ECB 1X5.0+(10+16+22)X2.0MM,,,,,,,,,,,,,,Cable Beads,BRASS,17.0,441.0,1.941,
RFECB151,,CABD ECB 1X5.0+(10+16+22+28+33)X2.2MM,,,,,,,,,,,,,,Cable Beads,BRASS,27.0,578.0,6.49,
RFECB152,,CABD ECB 1X5.0+(10+16+22+28+33)X2.2MM,,,,,,,,,,,,,,Cable Beads,BRASS,27.0,583.0,6.61,
RFECB153,,CABD ECB 1X9.4ALUM+(16+22+28+33)X2.2MM,,,,,,,,,,,,,,Cable Beads,BRASS,27.0,583.0,6.1,
RFECB154,,CABD ECB 1X6.0ALUM+(11+17+23+30)X2.0MM,,,,,,,,,,,,,,Cable Beads,BRASS,22.0,453.0,3.14,
RFECB998,,CABD,,,,,,,,,,,,,,Cable Beads,BRONZE,11.0,11.0,1.0,
RFECB999,,CABD,,,,,,,,,,,,,,Cable Beads,BRONZE,1.0,1.0,1.0,
RF213D2A,,1X2.5+(9+15)X1.3,,,,,,,,,,,,,,Cable Beads,BRONZE,7.7,213.0,0.2,
RF263E27,,1X3.0+(10+16)X1.30,,,,,,,,,,,,,,Cable Beads,BRASS,8.2,263.0,0.28,
RF263E2A,,1X3.0+(10+16)X1.3,,,,,,,,,,,,,,Cable Beads,BRONZE,8.2,263.0,0.28,
RF265A,,1X1.20 MM+(5+12+18)X1.30 MM BRASS PLATED,,,,,,,,,,,,,,Cable Beads,BRASS,9.0,265.0,0.321,
RF265K37,,1X1.20+(5+12+18)X1.30,,,,,,,,,,,,,,Cable Beads,BRASS,9.0,265.0,0.32,
RF265K3A,,1X1.2+(5+12+18)X1.3,,,,,,,,,,,,,,Cable Beads,BRONZE,9.0,265.0,0.32,
RF288K3A,,1X1.2+(5+12+18)X1.3,,,,,,,,,,,,,,Cable Beads,BRONZE,9.0,288.0,0.35,
RF315E24,,CABD 315 1X3.0 + (7+14)X2.0,,,,,,,,,,,,,,Cable Beads,BRASS,11.0,315.0,0.59,
RF336D23,,CABD 336 1X2.5 + (7+13)X1.8,,,,,,,,,,,,,,Cable Beads,BRASS,9.7,336.0,0.628,
RF338D23,,CABD 338 1X2.5 + (7+13)X1.8,,,,,,,,,,,,,,Cable Beads,BRASS,9.7,338.0,0.631,
RF339D23,,CABD 339 1X2.5 + (7+13)X1.8,,,,,,,,,,,,,,Cable Beads,BRASS,9.7,339.0,0.48,
RF340D23,,CABD 340 1X2.5 + (7+13)X1.8,,,,,,,,,,,,,,Cable Beads,BRASS,9.7,340.0,0.635,
RF362E25,,CABD 362 1X3.0 + (7+13)X2.2,,,,,,,,,,,,,,Cable Beads,BRASS,11.8,362.0,0.768,
RF364E25,,CABD 364 1X3.0 + (7+13)X2.2,,,,,,,,,,,,,,Cable Beads,BRASS,11.8,364.0,0.77,
RF364F37,,1X4.0+(12+18+24)X1.3,,,,,,,,,,,,,,Cable Beads,BRASS,11.8,364.0,0.78,
RF364F3A,,1X4.0+(12+18+24)X1.3,,,,,,,,,,,,,,Cable Beads,BRONZE,11.8,364.0,0.8,
RF365E25,,CABD 365 1X3.0 + (7+13)X2.2,,,,,,,,,,,,,,Cable Beads,BRASS,11.8,365.0,0.772,
RF366E25,,CABD 366 1X3.0 + (7+13)X2.2,,,,,,,,,,,,,,Cable Beads,BRASS,11.8,366.0,0.774,
RF366G3A,,1X5.0+(14+20+26)X1.3,,,,,,,,,,,,,,Cable Beads,BRONZE,12.8,366.0,0.95,
RF366P2A,,1X6.0AL+(17+22)X1.3,,,,,,,,,,,,,,Cable Beads,BRONZE,11.2,366.0,0.57,
RF370E25,,CABD 370 1X3.0 + (7+13)X2.2,,,,,,,,,,,,,,Cable Beads,BRASS,11.8,370.0,0.784,
RF372E25,,CABD 372 1X3.0 + (7+13)X2.2,,,,,,,,,,,,,,Cable Beads,BRASS,11.8,372.0,0.791,
RF380G33,,CABD 380 1X5.0 + (11+17+23)X1.8,,,,,,,,,,,,,,Cable Beads,BRASS,15.8,380.0,1.458,
RF382E33,,1X3.0+(8+14+20)X1.8,,,,,,,,,,,,,,Cable Beads,BRASS,13.8,382.0,1.12,
RF382G33,,CABD 382 1X5.0 + (11+17+23)X1.8,,,,,,,,,,,,,,Cable Beads,BRASS,15.8,382.0,1.47,
RF383K2A,,1X1.2+(6)X0.96+(10)X1.3,,,,,,,,,,,,,,Cable Beads,BRONZE,5.7,383.0,0.18,
RF383K2B,,CABD 383 1X1.2 + (6)X0.96 + (11)X1.20MM,,,,,,,,,,,,,,Cable Beads,BRONZE,5.52,383.0,0.172,
RF384G33,,CABD 384 1X5.0(11+17+23)X1.8,,,,,,,,,,,,,,Cable Beads,BRASS,15.8,384.0,1.473,
RF385G33,,CABD 385 1X5.0 + (11+17+23)X1.8,,,,,,,,,,,,,,Cable Beads,BRASS,15.8,385.0,1.477,
RF38CK2B,,CABD 38C 1X1.2 + (6)X0.96+(11)X1.20,,,,,,,,,,,,,,Cable Beads,BRONZE,5.52,382.5,0.172,
RF38DE12,,CABD 38D 1X3.0 + (9)X1.55,,,,,,,,,,,,,,Cable Beads,BRONZE,6.1,383.5,0.232,
RF38DE17,,CABD 38D 1X3.0 + (10)X1.3,,,,,,,,,,,,,,Cable Beads,BRONZE,5.6,383.5,0.196,
RF38DK2B,,CABD 38D 1X1.2 + (6)X0.96+(11)X1.20,,,,,,,,,,,,,,Cable Beads,BRONZE,5.52,383.5,0.171,
RF392E33,,CABD 392 1X3.0 + (11+17+23)X1.8,,,,,,,,,,,,,,Cable Beads,BRASS,13.8,392.0,1.16,
RF394D33,,CABD 394 1X2.5 + (7+13+19)X1.8,,,,,,,,,,,,,,Cable Beads,BRASS,13.3,394.0,1.046,
RF396D33,,CABD 396 1X2.5 + (7+13+19)X1.8,,,,,,,,,,,,,,Cable Beads,BRASS,13.3,396.0,1.06,
RF408K2A,,1X1.2+(6)X0.96+(10)X1.3,,,,,,,,,,,,,,Cable Beads,BRONZE,5.7,408.0,0.19,
RF40HK2B,,1X1.2+(6)X0.96+(11)X1.2MM,,,,,,,,,,,,,,Cable Beads,BRONZE,5.52,407.5,0.18,
RF416E24,,CABD 416 1X3.0 + (7+14)X2.0,,,,,,,,,,,,,,Cable Beads,BRASS,11.0,416.0,0.769,
RF418D33,,CABD 418 1X2.5 + (7+13+19)X1.8,,,,,,,,,,,,,,Cable Beads,BRASS,13.3,418.0,1.108,
RF418E25,,CABD 418 1X3.0 + (7+13)X2.2,,,,,,,,,,,,,,Cable Beads,BRASS,11.8,418.0,0.881,
RF418G33,,CABD 418 1X5.0 + (11+17+23)X1.8,,,,,,,,,,,,,,Cable Beads,BRASS,15.8,418.0,1.603,
RF424G44,,CABD 424 1X5.0 + (10+16+22+28)X2.0,,,,,,,,,,,,,,Cable Beads,BRASS,21.0,424.0,2.843,
RF431G44,,CABD 431 1X5.0 + (10+16+22+28)X2.0,,,,,,,,,,,,,,Cable Beads,BRASS,21.0,431.0,2.89,
RF435H35,,CABD 435 1X6.0 + (11+17+23)X2.2,,,,,,,,,,,,,,Cable Beads,BRASS,19.2,435.0,2.488,
RF442G33,,CABD 442 1X5.0 + (11+17+23)X1.8,,,,,,,,,,,,,,Cable Beads,BRASS,15.8,442.0,2.214,
RF444G33,,CABD 444 1X5.0 + (11+17+23)X1.8,,,,,,,,,,,,,,Cable Beads,BRASS,15.8,444.0,2.214,
RF446G33,,CABD 446 1X5.0 + (11+17+23)X1.8,,,,,,,,,,,,,,Cable Beads,BRASS,15.8,446.0,1.697,
RF446G34,,1X5.0+(10+16+22)X2.0MM,,,,,,,,,,,,,,Cable Beads,BRASS,17.0,446.0,1.94,
RF448G33,,CABD 448 1X5.0 + (11+17+23)X1.8,,,,,,,,,,,,,,Cable Beads,BRASS,15.8,448.0,2.24,
RF448G44,,1X5.0+(10+16+22+28)X2.0,,,,,,,,,,,,,,Cable Beads,BRASS,21.0,448.0,3.0,
RF448M53,,1X5.0AL+(11+17+23+29+35)X1.8,,,,,,,,,,,,,,Cable Beads,BRASS,23.0,448.0,3.53,
RF450G33,,CABD 450 1X5.0 + (11+17+23)X1.8,,,,,,,,,,,,,,Cable Beads,BRASS,15.8,450.0,2.25,
RF456G55,,CABD 456 1X5.0 + (10+16+22+28+33)X2.2,,,,,,,,,,,,,,Cable Beads,BRASS,27.0,456.0,6.83,
RF456H54,,CABD 456 1X6.0 + (11+17+23+29+35)X2.0,,,,,,,,,,,,,,Cable Beads,BRASS,26.0,456.0,4.631,
RF460H54,,CABD 460 1X6.0 + (11+17+23+29+35)X2.0,,,,,,,,,,,,,,Cable Beads,BRASS,26.0,460.0,4.68,
RF460H65,,CABD 460 1X6.0 +(11+17+23+29+35+41)X2.2,,,,,,,,,,,,,,Cable Beads,BRASS,32.4,460.0,7.517,
RF468H45,,CABD 468 1X6.0 + (11+17+23+29)X2.2,,,,,,,,,,,,,,Cable Beads,BRASS,23.6,468.0,4.04,
RF470A,,1X4.0MM AL+(12+18+24+30)X1.30MM,,,,,,,,,,,,,,Cable Beads,BRASS,14.4,470.0,1.38,
RF470H45,,CABD 470 1X6.0 + (11+17+23+29)X2.2,,,,,,,,,,,,,,Cable Beads,BRASS,23.6,470.0,4.06,
RF470R4A,,1X4.0AL+(12+18+24+30)X1.3,,,,,,,,,,,,,,Cable Beads,BRONZE,14.4,470.0,1.4,
RF472E5A,, 1X3.0+(10+16+22+28+34)X1.3,,,,,,,,,,,,,,Cable Beads,BRONZE,16.0,472.0,1.85,
RF472H45,,CABD 472 1X6.0 + (11+17+23+29)X2.2,,,,,,,,,,,,,,Cable Beads,BRASS,23.6,472.0,4.07,
RF474G43,,CABD 474 1X5.0 + (11+17+23+29)X1.8,,,,,,,,,,,,,,Cable Beads,BRASS,19.4,474.0,2.716,
RF476G43,,CABD 476 1X5.0 + (11+17+23+29)X1.8,,,,,,,,,,,,,,Cable Beads,BRASS,19.4,476.0,2.727,
RF476G44,,CABD 476 1X5.0 + (10+16+22+28)X2.0,,,,,,,,,,,,,,Cable Beads,BRASS,21.0,476.0,3.167,
RF476H45,,CABD 476 1X6.0 + (11+17+23+29)X2.2,,,,,,,,,,,,,,Cable Beads,BRASS,23.6,476.0,4.11,
RF500A,,1X6.0MMALUM+(11+17+23)X2.0MM,,,,,,,,,,,,,,Cable Beads,BRASS,18.0,500.0,2.166,
RF500L24,,CABD 500 1X10.4MM AL+(18+25)X2.0MM STEEL,,,,,,,,,,,,,,Cable Beads,BRASS,18.4,500.0,2.105,
RF500P34,,1X6.0AL+(11+17+23)X2.0,,,,,,,,,,,,,,Cable Beads,BRASS,18.0,500.0,2.17,
RF50BL24,,CABD 1X10.4MM AL+(18+25) X 2.0MM BRASS,,,,,,,,,,,,,,Cable Beads,BRASS,18.4,501.5,2.11,
RF524H45,,CABD 524 1X6.0 + (11+17+23+29)X2.2,,,,,,,,,,,,,,Cable Beads,BRASS,23.6,524.0,4.5,
RF528H45,,CABD 528 1X6.0 + (11+17+23+29)X2.2,,,,,,,,,,,,,,Cable Beads,BRASS,23.6,528.0,4.533,
RF52DL34,,1X10.4AL+(18+25+30)X2.0,,,,,,,,,,,,,,Cable Beads,BRASS,22.4,523.5,3.51,
RF530H45,,CABD 530 1X6.0 + (11+17+23+29)X2.2,,,,,,,,,,,,,,Cable Beads,BRASS,23.6,530.0,4.526,
RF532H45,,CABD 532 1X6.0 + (11+17+23+29)X2.2,,,,,,,,,,,,,,Cable Beads,BRASS,23.6,532.0,4.65,
RF536G55,,CABD 536 1X5.0 + (10+16+22+28+33)X2.2,,,,,,,,,,,,,,Cable Beads,BRASS,27.0,536.0,6.2,
RF536H45,,CABD 536 1X6.0 + (11+17+23+29)X2.2,,,,,,,,,,,,,,Cable Beads,BRASS,23.6,536.0,4.607,
RF536H54,,CABD 536 1X6.0 + (11+17+23+29+35)X2.0,,,,,,,,,,,,,,Cable Beads,BRASS,26.0,536.0,5.413,
RF547L34,,1X10.4AL+(18+25+30)X2.0,,,,,,,,,,,,,,Cable Beads,BRASS,22.4,547.0,3.67,
RF549L34,,1X10.4AL+(17)X2.2+(25+31)X2.0,,,,,,,,,,,,,,Cable Beads,BRASS,22.8,549.0,3.82,
RF574G55,,CABD 574 1X5.0 + (10+16+22+28+33)X2.2,,,,,,,,,,,,,,Cable Beads,BRASS,27.0,574.0,6.45,
RF574T35,,1X13.8AL+(22+28+33)X2.2,,,,,,,,,,,,,,Cable Beads,BRASS,27.0,574.0,5.45,
RF576G54,,1X5.0+(10+16+22+28+35)X2.0,,,,,,,,,,,,,,Cable Beads,BRASS,25.0,576.0,5.5,
RF576G55,,CABD 576 1X5.0 + (10+16+22+28+33)X2.2,,,,,,,,,,,,,,Cable Beads,BRASS,27.0,576.0,6.47,
RF579G55,,CABD 579 1X5.0 + (10+16+22+28+33)X2.2,,,,,,,,,,,,,,Cable Beads,BRASS,27.0,579.0,6.5,
RF57HN43,,1X9.4AL+(16+22+28)X2.0+(38)X1.8,,,,,,,,,,,,,,Cable Beads,BRASS,25.0,577.5,4.95,
RF581A,,1X9.4MM AL+(16+22+28+33)X2.2MM BRASS PLA,,,,,,,,,,,,,,Cable Beads,BRASS,27.0,581.0,6.1,
RF581N45,,1X9.4AL+(16+22+28+33)X2.2,,,,,,,,,,,,,,Cable Beads,BRASS,27.0,581.0,6.1,
RF582G55,,CABD 582 1X5.0 + (10+16+22+28+33)X2.2,,,,,,,,,,,,,,Cable Beads,BRASS,27.0,582.0,6.534,
RF584G55,,CABD 584 1X5.0 + (10+16+22+28+33)X2.2,,,,,,,,,,,,,,Cable Beads,BRASS,27.0,584.0,6.539,
RF584H54,,CABD 584 1X6.0 + (11+17+23+29+35)X2.0,,,,,,,,,,,,,,Cable Beads,BRASS,26.0,584.0,5.88,
RF587G55,,CABD 587 1X5.0 + (10+16+22+28+33)X2.2,,,,,,,,,,,,,,Cable Beads,BRASS,27.0,587.0,6.588,
RF604H65,,CABD 604 1X6.0 +(11+17+23+29+35+40)X2.2,,,,,,,,,,,,,,Cable Beads,BRASS,32.4,604.0,9.691,
RF609H55,,CABD 609 1X6.0 + (11+18+24+30+36)X2.2,,,,,,,,,,,,,,Cable Beads,BRASS,32.4,609.0,7.312,
RF609H64,,CABD 609 1X6.0 +(11+17+23+29+35+41)X2.0,,,,,,,,,,,,,,Cable Beads,BRASS,30.0,609.0,8.1,
RF609H65,,CABD 609 1X6.0 +(11+17+23+29+35+40)X2.2,,,,,,,,,,,,,,Cable Beads,BRASS,32.4,609.0,9.767,
RF60ET44,,1X13.8AL+(23+29+35+40)X2.0,,,,,,,,,,,,,,Cable Beads,BRASS,29.8,604.5,7.13,
RF614H65,,CABD 614 1X6.0 +(11+17+23+29+35+40)X2.2,,,,,,,,,,,,,,Cable Beads,BRASS,32.4,614.0,9.843,
RFC00002,,1X4.0+(12+18+24)X1.3,,,,,,,,,,,,,,Cable Beads,BRONZE,11.8,364.0,0.78,
RFC00003,,1X9.4ALUM+(16+22+28+33)X2.2,,,,,,,,,,,,,,Cable Beads,BRASS,27.0,581.0,6.1,
RFC00004,,1X6.0ALUM+(11+17+23+30)X2.0,,,,,,,,,,,,,,Cable Beads,BRASS,22.0,451.0,3.126,
RFC00005,,CABD 394 1X2.5+(7+13+19)X1.8MM,,,,,,,,,,,,,,Cable Beads,BRASS,13.3,394.0,1.046,
RFC00006,,CABD 536 1X6.0+(11+17+23+29)X2.2MM,,,,,,,,,,,,,,Cable Beads,BRASS,23.6,536.0,4.575,
RFC00007,,1X2.2+(6+11)X1.8MM,,,,,,,,,,,,,,Cable Beads,BRASS,9.4,383.5,0.51,
RFC00008,,1X2.5+(6+11)X2.0MM,,,,,,,,,,,,,,Cable Beads,BRASS,10.5,383.5,0.63,
RFC00009,,1X1.2+(6)X.96+(11)X1.2MM,,,,,,,,,,,,,,Cable Beads,BRONZE,5.52,402.5,0.17,
RFC000093,,1X10.4AL+(18+24+30)X2.0,,,,,,,,,,,,,,Cable Beads,BRASS,22.4,448.0,3.0,
RFC00010,,1X6.0ALUM+(11+17+23+30) X 2.0 MM,,,,,,,,,,,,,,Cable Beads,BRASS,22.0,449.0,3.061,
RFC00011,,1X6.0 MM STEEL+(11+17+23+29)X2.2 MM,,,,,,,,,,,,,,Cable Beads,BRASS,23.6,527.0,4.536,
RFC00012,,1X10.4 MM ALUMINUM +(17+23+29)X2.2 MM,,,,,,,,,,,,,,Cable Beads,BRASS,23.6,527.0,4.058,
RFC00013,,1X13.8 MM ALUMINUM +(26+32+36)X1.8 MM,,,,,,,,,,,,,,Cable Beads,BRASS,24.6,527.0,4.1,
RFC00014,,1X10.4 MM ALUMINUM +(18+25+31)X2.0 MM,,,,,,,,,,,,,,Cable Beads,BRASS,22.4,527.0,3.585,
RFC00015,,1X5.0 MM AL +(11+17+23+29+35) X1.8 MM,,,,,,,,,,,,,,Cable Beads,BRASS,23.0,448.0,3.533,
RFC00016,,1X1.2+(6)X.96+(11)X1.2MM,,,,,,,,,,,,,,Cable Beads,BRONZE,5.52,405.0,0.181,
RFC00017,,1X1.2+(6)X.96+(11)X1.2MM,,,,,,,,,,,,,,Cable Beads,BRONZE,5.52,407.6,0.183,
RFC00019,,1X1.2+(6)X.96+(11)X1.2MM,,,,,,,,,,,,,,Cable Beads,BRONZE,5.52,410.1,0.184,
RFC00020,,1X2.5+(6+11)X2.0MM,,,,,,,,,,,,,,Cable Beads,BRASS,10.5,385.5,0.629,
RFC00021,,1X2.5+(6+11)X2.0MM,,,,,,,,,,,,,,Cable Beads,BRASS,10.5,386.5,0.631,
RFC00022,,1X4.0AL+(12+18+24+30)X1.30,,,,,,,,,,,,,,Cable Beads,BRONZE,14.4,470.0,1.38,
RFC00023,,1X3.0+(10+16)X1.30,,,,,,,,,,,,,,Cable Beads,BRONZE,8.2,263.0,0.277,
RFC00024,,1X3.0MM + (10+16)X1.30MM BRONZE,,,,,,,,,,,,,,Cable Beads,BRONZE,8.2,265.0,0.279,
RFC00025,,1X1.20 MM+(5+12+18)X1.30 MM BRASS PLATED,,,,,,,,,,,,,,Cable Beads,BRASS,9.0,265.0,0.321,
RFC00026,,1X3.0 MM + (10+16)X1.30 MM BRASS PLATED,,,,,,,,,,,,,,Cable Beads,BRASS,8.2,263.0,0.277,
RFC00027,,1X6.0MM AL CORE+(11+17+23)X2.0MM BRASS,,,,,,,,,,,,,,Cable Beads,BRASS,18.0,500.0,2.166,
RFC00028,,1X4.0MM AL+(12+18+24+30)X1.30MM BRASS,,,,,,,,,,,,,,Cable Beads,BRASS,14.4,470.0,1.38,
RFC00029,,CABD 536 1X6.0+(11+17+23+29)X2.2MM BRASS,,,,,,,,,,,,,,Cable Beads,BRASS,23.6,536.0,4.607,
RFC00030,,1X10.4AL+(18+25+30)X2.0,,,,,,,,,,,,,,Cable Beads,BRASS,22.4,523.5,3.51,
RFC00031,,1X10.4AL + (18+25+31)X2.0,,,,,,,,,,,,,,Cable Beads,BRASS,22.4,550.0,3.7,
RFC00032,,1X4.0+(12+18+24)X1.3 MM,,,,,,,,,,,,,,Cable Beads,BRASS,11.8,364.0,0.77,
RFC00034,,1X3.0+(10+16+22+28+34)X1.3MM,,,,,,,,,,,,,,Cable Beads,BRASS,16.0,472.0,1.84,
RFC00035,,1X5.0AL+(14+20+26+32)X1.3MM,,,,,,,,,,,,,,Cable Beads,BRASS,15.4,472.0,1.55,
RFC00036,,1X10.4AL+(18+25+31)X2.0MM,,,,,,,,,,,,,,Cable Beads,BRASS,22.4,548.5,3.68,
RFC00037,,1X3.0+(8+14+20)X1.8MM,,,,,,,,,,,,,,Cable Beads,BRASS,13.8,382.0,1.12,
RFC00038,,1X10.4AL+(18+25+30)X2.0,,,,,,,,,,,,,,Cable Beads,BRASS,22.4,547.0,3.67,
RFC00039,,1X8.0 ALUMINUM + (21+27)X1.3MM,,,,,,,,,,,,,,Cable Beads,BRASS,13.2,366.0,0.76,
RFC00040,,1X5.0+(10+16+22+28+35)X2.0,,,,,,,,,,,,,,Cable Beads,BRASS,25.0,574.0,5.43,
RFC00041,,1X13.8 ALUMINUM + (23+29+35+40)X2.0MM,,,,,,,,,,,,,,Cable Beads,BRASS,29.8,603.0,7.11,
RFC00042,,1X6.0+(11+17+23+29)X2.2,,,,,,,,,,,,,,Cable Beads,BRASS,23.6,529.0,4.52,
RFC00043,,1X13.8 ALUMINUM +(23+29+35)X2.0MM,,,,,,,,,,,,,,Cable Beads,BRASS,25.8,547.0,4.58,
RFC00044,,1X13.8 ALUMINUM + (23+29+35+40)X2.0MM,,,,,,,,,,,,,,Cable Beads,BRASS,29.8,606.0,7.15,
RFC00045,,1X5.0+(14+20+26)X1.3MM,,,,,,,,,,,,,,Cable Beads,BRASS,12.8,366.0,0.94,
RFC00046,,1X13.8AL+(23+29+35+40)X2.0,,,,,,,,,,,,,,Cable Beads,BRASS,29.8,604.5,7.13,
RFC00047,,1X2.5+(9+15+21)X1.3,,,,,,,,,,,,,,Cable Beads,BRASS,10.3,265.0,0.45,
RFC00048,,1X10.4 ALUMINUM + (27+32+38)X1.3,,,,,,,,,,,,,,Cable Beads,BRASS,18.2,470.0,1.91,
RFC00049,,1X3.0+(8+14+20)X1.8MM,,,,,,,,,,,,,,Cable Beads,BRASS,13.8,379.0,1.1,
RFC00050,,1X13.8AL+(22+28+33)X2.2,,,,,,,,,,,,,,Cable Beads,BRASS,27.0,577.5,5.51,
RFC00051,,1X5.0+(10+16+22+28+35)X2.0,,,,,,,,,,,,,,Cable Beads,BRASS,25.0,576.0,5.5,
RFC00052,,1X10.4AL+(18+24+31)X2.0MM,,,,,,,,,,,,,,Cable Beads,BRASS,22.4,548.0,3.67,
RFC00053,,1X10.4AL+(18+24+31)X2.0MM,,,,,,,,,,,,,,Cable Beads,BRASS,22.4,549.0,3.67,
RFC00055,,1X5.0AL+(9X2.2)+(16+22+28X2.0)+(38X1.8),,,,,,,,,,,,,,Cable Beads,BRASS,25.0,577.5,5.2,
RFC00056,,1X5.0AL+(8X2.2)+(15+21+27X2.0)+(38X1.8),,,,,,,,,,,,,,Cable Beads,BRASS,25.0,577.5,5.0,
RFC00057,,1X2.5+(9+15)X1.3,,,,,,,,,,,,,,Cable Beads,BRASS,7.7,213.0,0.2,
RFC00058,,1X9.4AL+(16+22+28)X2.0+(38)X1.8,,,,,,,,,,,,,,Cable Beads,BRASS,25.0,577.5,4.95,
RFC00059,,1X9.4AL+(25+30+36+42+47)X1.3,,,,,,,,,,,,,,Cable Beads,BRASS,22.4,549.0,3.7,
RFC00061,,1X6.0AL+(10+16+23+29+35)X2.2,,,,,,,,,,,,,,Cable Beads,BRASS,28.0,604.5,6.95,
RFC00062,,1X9.4AL+(16+22+28+33)X2.2,,,,,,,,,,,,,,Cable Beads,BRASS,27.0,604.5,6.3,
RFC00063,,1X9.4AL+(25+30+36+42+47)X1.3,,,,,,,,,,,,,,Cable Beads,BRASS,22.4,547.0,3.7,
RFC00064,,1X10.4AL+(18+25+31)X2.0,,,,,,,,,,,,,,Cable Beads,BRASS,22.4,448.0,3.04,
RFC00065,,1X9.4AL+(16+22+28)X2.0+(38)X1.8,,,,,,,,,,,,,,Cable Beads,BRASS,25.0,576.0,4.95,
RFC00066,,1X13.8AL+(23+29+35)X2.0,,,,,,,,,,,,,,Cable Beads,BRASS,25.8,577.0,4.82,
RFC00067,,1X9.4AL+(17+23+29)X2.0+(38)X1.8,,,,,,,,,,,,,,Cable Beads,BRASS,25.0,575.0,4.98,
RFC00068,,1X6.0AL+(17+22)X1.3,,,,,,,,,,,,,,Cable Beads,BRASS,11.2,364.0,0.57,
RFC00069,,1X6.0AL+(11+17+23)X2.2,,,,,,,,,,,,,,Cable Beads,BRASS,19.2,422.0,2.21,
RFC00070,,1X9.4AL+(18+24+30)X1.8+(48+54+58)X1.3,,,,,,,,,,,,,,Cable Beads,BRASS,28.0,605.0,6.55,
RFC00071,,1X9.4AL+(16+22+28)X2.0+(38)X1.8,,,,,,,,,,,,,,Cable Beads,BRASS,25.0,579.0,4.98,
RFC00072,,1X9.4AL+(18+24+30)X1.8+(48+54+58)X1.3,,,,,,,,,,,,,,Cable Beads,BRASS,28.0,605.0,6.55,
RFC00073,,1X5.0+(10+16+22+28)X2.0,,,,,,,,,,,,,,Cable Beads,BRASS,21.0,448.0,3.0,
RFC00074,,1X5.0+(10+16+22+28)X2.0,,,,,,,,,,,,,,Cable Beads,BRASS,21.0,547.0,3.61,
RFC00075,,1X5.0+(10+16+22+28)X2.0,,,,,,,,,,,,,,Cable Beads,BRASS,21.0,550.0,3.63,
RFC00076,,1X5.0+(10+16+22+28)X2.0,,,,,,,,,,,,,,Cable Beads,BRASS,21.0,549.0,3.67,
RFC00077,,1X6.0AL+(17+22)X1.3,,,,,,,,,,,,,,Cable Beads,BRASS,11.2,366.0,0.57,
RFC00078,,1X10.4AL+(17)X2.2+(25+31)X2.0,,,,,,,,,,,,,,Cable Beads,BRASS,22.8,549.0,3.82,
RFC00079,,1X10.4AL+(17)X2.2+(25+31+36)X2.0,,,,,,,,,,,,,,Cable Beads,BRASS,26.8,549.0,5.44,
RFC00080,,1X10.4AL+(17)X2.2+(25+31+36)X2.0,,,,,,,,,,,,,,Cable Beads,BRASS,26.8,548.0,5.43,
RFC00081,,1X5.0+(10+16+22+28+33)X2.2,,,,,,,,,,,,,,Cable Beads,BRASS,27.0,549.0,6.18,
RFC00082,,1X5.0+(11+17+23+29+35)X1.8,,,,,,,,,,,,,,Cable Beads,BRASS,23.0,549.0,4.39,
RFC00083,,1X2.5+(9+15)X1.3,,,,,,,,,,,,,,Cable Beads,BRONZE,7.7,213.0,0.2,
RFC00084,,1X5.0+(14+20+26)X1.3,,,,,,,,,,,,,,Cable Beads,BRONZE,12.8,366.0,0.94,
RFC00085,,1X1.2+(5+12+18)X1.3,,,,,,,,,,,,,,Cable Beads,BRONZE,9.0,265.0,0.32,
RFC00086,,1X3.0+(10+16+22+28+34)X1.3,,,,,,,,,,,,,,Cable Beads,BRONZE,16.0,472.0,1.84,
RFC00087,,1X10.4AL+(17)X2.2+(25+31)X2.0,,,,,,,,,,,,,,Cable Beads,BRASS,22.8,527.0,3.67,
RFC00088,,1X6.0AL+(17+22)X1.3,,,,,,,,,,,,,,Cable Beads,BRONZE,11.2,366.0,0.57,
RFC00089,,1X10.4AL+(17)X2.2+(25+31+36)X2.0,,,,,,,,,,,,,,Cable Beads,BRASS,26.8,554.0,5.49,
RFC00090,,1X5.0+(10+16+22+28+33)X2.2,,,,,,,,,,,,,,Cable Beads,BRASS,27.0,554.0,6.24,
RFC00091,,1X5.0+(11+17+23+29+35)X1.8,,,,,,,,,,,,,,Cable Beads,BRASS,23.0,554.0,4.43,
RFC00092,,1X10.4AL+(17)X2.2+(25+31)X2.0,,,,,,,,,,,,,,Cable Beads,BRASS,22.8,554.0,3.85,
RFC00093,,1X10.4AL+(18+24+30)X2.0,,,,,,,,,,,,,,Cable Beads,BRASS,22.4,448.0,3.0,
RFC00094,,1X1.2+(6)X.96+(10)X1.3,,,,,,,,,,,,,,Cable Beads,BRASS,5.7,383.0,0.18,
RFC00095,,1X1.2+(6)X.96+(10)X1.3,,,,,,,,,,,,,,Cable Beads,BRONZE,5.72,408.0,0.19,
RFC00096,,1X10.4CM+(17)X2.2+(25+31)X2.0,,,,,,,,,,,,,,Cable Beads,BRASS,22.8,549.0,3.6,
RFC00097,,1X10.4AL+(18)X2.0+(27)X1.8,,,,,,,,,,,,,,Cable Beads,BRASS,18.0,470.0,1.86,
RFC00098,,1X2.5+(9+15+21)X1.3,,,,,,,,,,,,,,Cable Beads,BRONZE,10.3,265.0,0.44,
RFC00099,,1X13.8AL+(23+29+35+40)X2.0,,,,,,,,,,,,,,Cable Beads,BRASS,29.8,607.0,7.21,
RFC00100,,1X5.0+(10+16+22+28)X2.0,,,,,,,,,,,,,,Cable Beads,BRASS,21.0,551.0,3.64,
RFC00101,,1X10.4AL+(18)X2.0+(36+42+47)X1.3,,,,,,,,,,,,,,Cable Beads,BRASS,22.2,551.0,3.61,
RFC00102,,1X5.0+(11+17+23)X1.8+(39+44)X1.3,,,,,,,,,,,,,,Cable Beads,BRASS,21.0,551.0,3.71,
RFC00103,,1X1.2+(5+12+18)X1.3,,,,,,,,,,,,,,Cable Beads,BRONZE,9.0,288.0,0.35,
RFC00104,,1X13.8AL+(26+32+37+43)X1.8,,,,,,,,,,,,,,Cable Beads,BRASS,28.2,607.0,6.43,
RFC00105,,1X6.0AL+(17+22)X1.3,,,,,,,,,,,,,,Cable Beads,BRONZE,11.2,318.0,0.51,
RFC00106,,1X10.4AL+(18+25+30)X2.0,,,,,,,,,,,,,,Cable Beads,BRASS,22.4,551.0,3.65,
RFC00107,,1X10.4AL+(27+32+38+44)X1.3,,,,,,,,,,,,,,Cable Beads,BRONZE,20.8,551.0,3.04,
RFC00108,,CABD 394 1X2.5 + (7+13+19)X1.8,,,,,,,,,,,,,,Cable Beads,BRASS,13.3,394.0,1.046,
RFC00109,,1X13.8AL+(26+32+37+43)X1.8,,,,,,,,,,,,,,Cable Beads,BRASS,28.2,605.0,6.4,
RFC00110,,CABD 394 1X2.5 + (7+13+19)X1.8,,,,,,,,,,,,,,Cable Beads,BRASS,13.3,394.0,1.046,
RFC00111,,1X2.5+(7+13+19)X1.8,,,,,,,,,,,,,,Cable Beads,BRASS,13.3,394.0,1.046,
RFC00112,,1X3.0+(10+16+22)X1.3,,,,,,,,,,,,,,Cable Beads,BRONZE,10.8,266.0,0.48,
RFC00113,,1X10.4AL+(27+32+38+44)X1.3,,,,,,,,,,,,,,Cable Beads,BRONZE,20.8,549.0,3.04,
RFC00114,,1X2.5+(9+15+21)X1.3,,,,,,,,,,,,,,Cable Beads,BRONZE,10.3,215.0,0.36,
RFC00115,,1X5.0+(11+17+23)X1.8,,,,,,,,,,,,,,Cable Beads,BRASS,15.8,451.0,1.72,
RFC00117,,1X4.0+(12+18+24)X1.3,,,,,,,,,,,,,,Cable Beads,BRONZE,11.8,318.0,0.683,
RFC00118,,1X5.0+(11+17+23)X1.8,,,,,,,,,,,,,,Cable Beads,BRASS,15.8,446.0,1.7,
RFC00119,,1X3.0+(10+16+22)X1.3,,,,,,,,,,,,,,Cable Beads,BRONZE,10.8,268.0,0.485,
RFC00122,,1X4.0+(12+18+24)X1.3,,,,,,,,,,,,,,Cable Beads,BRONZE,11.8,267.0,0.58,
RFECB004,,CABD 1X1.50+(6+12)X1.30 @ 464.10 ID,,,,,,,,,,,,,,Cable Beads,BRONZE,6.7,464.1,0.299,
RFECB005,,CABD 1X1.50+(6+12)X1.30 @ 481.28 ID,,,,,,,,,,,,,,Cable Beads,BRONZE,6.7,481.28,0.31,
RFECB006,,CABD 1X1.55+(6+12)X1.32 @ 464.10 ID,,,,,,,,,,,,,,Cable Beads,ZINC,6.83,464.1,0.309,
RFECB007,,CABD 1X1.55+(6+12)X1.32 @ 481.28 ID,,,,,,,,,,,,,,Cable Beads,ZINC,6.83,481.28,0.32,
RFECB108,,CABD 1X1.55 + (6+12)X1.32 ; ID= 423.35,,,,,,,,,,,,,,Cable Beads,ZINC,6.83,423.35,0.282,
RFECB109,,CABD 1X1.55 + (6+12)X1.32 ; ID= 443.41,,,,,,,,,,,,,,Cable Beads,ZINC,6.83,443.41,0.295,
RFECB110,,CABD 1X1.55 + (6+12)X1.32 ; ID= 463.14,,,,,,,,,,,,,,Cable Beads,ZINC,6.83,463.14,0.308,
RFECB111,,CABD 1X1.55 + (6+12)X1.32 ; ID= 483.51,,,,,,,,,,,,,,Cable Beads,ZINC,6.83,483.51,0.321,
RFECB112,,CABD 1X1.55 + (6+12)X1.32 ; ID= 503.57,,,,,,,,,,,,,,Cable Beads,ZINC,6.83,503.57,0.334,
RFECB113,,CABD 1X1.55 + (6+12)X1.32 ; ID= 523.30,,,,,,,,,,,,,,Cable Beads,ZINC,6.83,523.3,0.347,
RFECB114,,CABD 1X1.55 + (6+12)X1.32 ; ID= 543.35,,,,,,,,,,,,,,Cable Beads,ZINC,6.83,543.35,0.36,
RFECB115,,CABD 1X1.55 + (6+12)X1.32 ; ID= 563.41,,,,,,,,,,,,,,Cable Beads,ZINC,6.83,563.41,0.373,
RFECB116,,CABD 1X2.15+(8X1.32)+(12X1.55);ID=483.51,,,,,,,,,,,,,,Cable Beads,ZINC,7.89,483.51,0.452,
RFECB117,,CABD 1X2.15+(8X1.32)+(12X1.55);ID=503.57,,,,,,,,,,,,,,Cable Beads,ZINC,7.89,503.57,0.47,
RFECB118,,CABD 1X2.15+(8X1.32)+(12X1.55);ID=523.30,,,,,,,,,,,,,,Cable Beads,ZINC,7.89,523.3,0.488,
RFECB119,,CABD 1X2.15+(8X1.32)+(12X1.55);ID=543.35,,,,,,,,,,,,,,Cable Beads,ZINC,7.89,543.35,0.507,
RFECB120,,CABD 1X2.15+(8X1.32)+(12X1.55);ID=563.41,,,,,,,,,,,,,,Cable Beads,ZINC,7.89,563.41,0.525,
RFECB121,,SEE ADDITIONAL TEXT FIELD,,,,,,,,,,,,,,Cable Beads,BRONZE,74.0,1473.2,0.121,
RFECB122,,CABD 1X1.55 + (6+12)X1.32 ; ID= 583.14,,,,,,,,,,,,,,Cable Beads,ZINC,6.83,583.14,0.386,
RFECB123,,CABD 1X2.15+(8X1.32)+(12X1.55);ID=583.46,,,,,,,,,,,,,,Cable Beads,ZINC,7.89,583.46,0.544,
RFECB124,,1X1.50 MM + (6+12)X1.30 MM CABLBD,,,,,,,,,,,,,,Cable Beads,BRONZE,6.7,382.52,0.246,
RFECB125,,1X5.0+(11+17+23+29+35+40)X1.8MM CABLBD,,,,,,,,,,,,,,Cable Beads,BRASS,26.6,460.0,4.982,
RFECB126,,1X3.0 + (8)X1.8 MM  CABD,,,,,,,,,,,,,,Cable Beads,BRASS,6.6,408.4,0.282,
RFECB127,,"""SPIRAL HEX"" BEAD,(2X3X2)X1.27+12X1.27",,,,,,,,,,,,,,Cable Beads,BRONZE,6.81,463.14,0.3,
RFECB128,,"""SPIRAL HEX"" BEAD,(2X3X2)X1.27+12X1.27",,,,,,,,,,,,,,Cable Beads,BRONZE,6.81,483.51,0.319,
RFECB129,,CABD 1X10.4 MM AL + (17+23+29)X2.20 MM,,,,,,,,,,,,,,Cable Beads,BRASS,23.6,536.0,4.005,
RFECB132,,1X13.8MM AL+(22+28+33)X2.2MM STEEL CABD,,,,,,,,,,,,,,Cable Beads,BRASS,27.0,574.0,5.451,
RFECB133,,1X9.4MM AL+(16+22+28+33)X2.2 MM STEEL,,,,,,,,,,,,,,Cable Beads,BRASS,27.0,574.0,5.946,
RFECB134,,1X13 8MM AL+(22+28+33)X2.2MM STEEL CABD,,,,,,,,,,,,,,Cable Beads,BRASS,27.0,572.0,5.433,
RFECB135,,CABD HEX(2X3X2)X1.3CPD+SPIRAL(12X1.3ZN),,,,,,,,,,,,,,Cable Beads,ZINC,6.97,463.1,0.3,
RFECB136,,CABD HEX(2X3X2)X1.3CPD+SPIRAL(12X1.3ZN),,,,,,,,,,,,,,Cable Beads,ZINC,6.97,483.5,0.315,
RFECB137,,CABD 1X.2.15 MM + 8X1.32 MM + 12X1.55 M,,,,,,,,,,,,,,Cable Beads,ZINC,7.89,463.1,0.434,
RFECB138,,CABD ECB,,,,,,,,,,,,,,Cable Beads,BRASS,23.6,536.0,4.558,
RFECB139,,CABD ECB 1X5.0+(11+17+23)X1.8 MM,,,,,,,,,,,,,,Cable Beads,BRASS,15.8,384.0,1.477,
RFECB140,,CABD ECB 1X6.0+(11+17+23+29)X2.2 MM,,,,,,,,,,,,,,Cable Beads,BRASS,23.6,536.0,4.599,
RFECB141,,CABD ECB 1X6.0 MM + (11+17+23) X 2.2 MM,,,,,,,,,,,,,,Cable Beads,BRASS,19.2,500.0,2.852,
RFECB142,,CABD ECB 1X10.4 MM AL CORE+(17+23)X2.2MM,,,,,,,,,,,,,,Cable Beads,BRASS,19.2,500.0,2.326,
RFECB143,,CABD ECB 1X10.4 MM AL CORE+(18+25)X2.0MM,,,,,,,,,,,,,,Cable Beads,BRASS,18.4,500.0,2.105,
RFECB147,,CABD ECB 380 1X5.0+(11+17+23)X1.8MM,,,,,,,,,,,,,,Cable Beads,BRASS,15.8,380.0,1.458,
RFECB148,,CABD ECB 1X1.2+(6)X0.96+(11)X1.20 MM,,,,,,,,,,,,,,Cable Beads,BRONZE,5.52,439.0,0.196,
RFECB149,,CABD ECB 1X5.0+(10+16+22)X2.0MM,,,,,,,,,,,,,,Cable Beads,BRASS,17.0,446.0,1.941,
RFECB150,,CABD ECB 1X5.0+(10+16+22)X2.0MM,,,,,,,,,,,,,,Cable Beads,BRASS,17.0,441.0,1.941,
RFECB151,,CABD ECB 1X5.0+(10+16+22+28+33)X2.2MM,,,,,,,,,,,,,,Cable Beads,BRASS,27.0,578.0,6.49,
RFECB152,,CABD ECB 1X5.0+(10+16+22+28+33)X2.2MM,,,,,,,,,,,,,,Cable Beads,BRASS,27.0,583.0,6.61,
RFECB153,,CABD ECB 1X9.4ALUM+(16+22+28+33)X2.2MM,,,,,,,,,,,,,,Cable Beads,BRASS,27.0,583.0,6.1,
RFECB154,,CABD ECB 1X6.0ALUM+(11+17+23+30)X2.0MM,,,,,,,,,,,,,,Cable Beads,BRASS,22.0,453.0,3.14,
RFECB998,,CABD,,,,,,,,,,,,,,Cable Beads,BRONZE,11.0,11.0,1.0,
RFECB999,,CABD,,,,,,,,,,,,,,Cable Beads,BRONZE,1.0,1.0,1.0,
RF13335N,840,840/2 0.022 27 EPI NYLON 66 FABRIC,FABR,,,,,0,0,56.0,28.5,0,,,,Fabrics all Fields,,,,,
RF13336Q,1260,1260/2 0.026 28 EPI NYLON 66 FABRIC,FABR,,,,,0,0,62.0,28.0,0,,,,Fabrics all Fields,,,,,
RF13436Q,1260,1260/3 0.031 23 EPI NYLON 66 FABRIC,FABR,,,,,0,0,62.0,23.0,0,,,,Fabrics all Fields,,,,,
RF9032,1500,"1500/2,  25.3 EPI , 57 INCHES WIDE , POL",FABR,,,,,0,0,62.0,25.3,0,,,,Fabrics all Fields,,,,,
RF9071,1260,"1260/2,  20 EPI , 57 INCHES WIDE , NYLON",FABR,,,,,0,0,62.0,19.9,0,,,,Fabrics all Fields,,,,,
RF9904,1260,"1260/2, 25.2 EPI, 57 INCHES WIDE , NYLON",FABR,,,,,0,0,57.09,25.2,0,,,,Fabrics all Fields,,,,,
RFA00001,600," ARAMID 670/2, 19X19 TPI, 16EPI, YF",FABR,,,,,0,0,62.0,16.0,0,,,,Fabrics all Fields,,,,,
RFA00002,1500,1500/2 .027 20 EPI ARAMID FABRIC,FABR,,,,,0,0,61.0,20.0,0,,,,Fabrics all Fields,,,,,
RFA00003,1000,1000/2 0.022 17EPI ARAMID FABRIC,FABR,,,,,0,0,62.0,17.0,0,,,,Fabrics all Fields,,,,,
RFA00004,1000,1000/2 0.022 30 EPI ARAMID FABRIC,FABR,,,,,0,0,62.0,30.0,0,,,,Fabrics all Fields,,,,,
RFA00005,1000,1000/2 0.022 30 EPI ARAMID FABRIC,FABR,,,,,0,0,62.0,30.0,0,,,,Fabrics all Fields,,,,,
RFA00006,1000,1000/2 0.022 30 EPI ARAMID FABRIC,FABR,,,,,0,0,62.0,30.0,0,,,,Fabrics all Fields,,,,,
RFA00008,167,1500/1/2 ARAMID 24EPI DOUBLE DIP,FABR,,,,,0,0,61.0,24.0,0,,,,Fabrics all Fields,,,,,
RFA00010,1000,1000/2 0.022 30 EPI ARAMID FABRIC,FABR,,,,,0,0,62.0,30.0,0,,,,Fabrics all Fields,,,,,
RFA00012,167,1500/1/2 ARAMID 28EPI DOUBLE DIP,FABR,,,,,0,0,61.0,28.0,0,,,,Fabrics all Fields,,,,,
RFA00013,660,600/2 0.022 40 EPI ARAMID FABRIC,FABR,,,,,0,0,48.0,40.0,0,,,,Fabrics all Fields,,,,,
RFA00014,167,1500/1/2 ARAMID 24EPI SED FABRIC,FABR,,,,,0,0,61.0,24.0,0,,,,Fabrics all Fields,,,,,
RFA00015,1500,1500/2 12X12 18EPI ARAMID,FABR,,,,,0,0,62.0,18.0,0,,,,Fabrics all Fields,,,,,
RFA00016,750,750/2 0.019 36 EPI ARAMID FABRIC,FABR,,,,,0,0,62.0,36.0,0,,,,Fabrics all Fields,,,,,
RFA00017,532,532/2 0.012 30 EPI SPUN ARAMID FABRIC,FABR,,,,,0,0,62.0,30.0,0,,,,Fabrics all Fields,,,,,
RFA00018,532,532/5 0.016 30 EPI SPUN ARAMID FABRIC,FABR,,,,,0,0,62.0,30.0,0,,,,Fabrics all Fields,,,,,
RFA00019,532,532/2 0.014 30 EPI SPUN ARAMID FABRIC,FABR,,,,,0,0,62.0,30.0,0,,,,Fabrics all Fields,,,,,
RFA00020,167,1500/1/2 ARAMID 24EPI SED FABRIC,FABR,,,,,0,0,61.0,24.0,0,,,,Fabrics all Fields,,,,,
RFA00021,1500,1500/1/2 ARAMID 30EPI SED FABRIC,FABR,,,,,0,0,61.0,30.0,0,,,,Fabrics all Fields,,,,,
RFA00022,600,670/2/3 ARAMID 22EPI SED FABRIC,FABR,,,,,0,0,57.0,22.0,0,,,,Fabrics all Fields,,,,,
RFA00023,600,1100/1/3 ARAMID 24EPI SED FABRIC,FABR,,,,,0,0,57.0,24.0,0,,,,Fabrics all Fields,,,,,
RFA0002301,1000,1100/1/3 ARAMID 24EPI SED FABRIC,FABR,,,,,0,0,57.0,24.0,0,,,,Fabrics all Fields,,,,,
RFA0002302,1000,1100/1/3 ARAMID 24EPI FABRIC -NO SED-,FABR,,,,,0,0,57.0,24.0,0,,,,Fabrics all Fields,,,,,
RFA0002303,1000,"ARAMID, NAA, 1100/1/3, 8,4/8,4, 24,00 EP",FABR,1C,LR,24,NON,221,59,0.0,24.0,221,,,,Fabrics all Fields,,,,,
RFA00024,1000,MERGE CORD 1100/1 ARAMID + 1400/1 NYLON,FABR,,,,,0,0,46.0,30.0,0,,,,Fabrics all Fields,,,,,
RFA00025,167,1500/1/2 ARAMID 24EPI DOUBLE DIP,FABR,,,,,0,0,61.0,24.0,0,,,,Fabrics all Fields,,,,,
RFA00026,167,1500/1/2 ARAMID 28EPI DOUBLE DIP,FABR,,,,,0,0,61.0,28.0,0,,,,Fabrics all Fields,,,,,
RFA00027,1000,1000/2 0.022 30 EPI ARAMID FABRIC,FABR,,,,,0,0,62.0,30.0,0,,,,Fabrics all Fields,,,,,
RFA00028,167,1500/1/2 ARAMID 28EPI DOUBLE DIP S/Z TWI,FABR,,,,,0,0,61.0,28.0,0,,,,Fabrics all Fields,,,,,
RFA00029,1500,"ARAMID, NAA, 1670/1/3, 6.9/6.9, 16.00 EP",FABR,AE,YH,16,NON,221,79,61.0,16.0,221,,,,Fabrics all Fields,,,,,
RFA00030,1500,1500/3 0.031 20EPI ARAMID FABRIC,FABR,,,,,0,0,61.0,20.0,0,,,,Fabrics all Fields,,,,,
RFA00032,1000,1000/2 0.021 30 EPI ARAMID FABRIC,FABR,,,,,0,0,61.0,30.0,0,,,,Fabrics all Fields,,,,,
RFA00033,1500,1500/2 ARAMID 11.3X11.3 27 EPI,FABR,,,,,0,0,64.0,27.0,0,,,,Fabrics all Fields,,,,,
RFA00034,1200,1200/2 ARAMID 12.7X12.7 27 EPI,FABR,,,,,0,0,64.0,27.0,0,,,,Fabrics all Fields,,,,,
RFA00035,1100,1100/2 ARAMID 13.9X13.9 27 EPI,FABR,,,,,0,0,64.0,27.0,0,,,,Fabrics all Fields,,,,,
RFA00036,167,1500/1/2 ARAMID 24EPI DOUBLE DIP,FABR,,,,,0,0,61.0,24.0,0,,,,Fabrics all Fields,,,,,
RFA00037,167,1500/1/2 ARAMID 28EPI DOUBLE DIP,FABR,,,,,0,0,61.0,28.0,0,,,,Fabrics all Fields,,,,,
RFA00038,1000,1000/2 0.021 30 EPI ARAMID FABRIC,FABR,,,,,0,0,61.0,30.0,0,,,,Fabrics all Fields,,,,,
RFA00039,1000,1000/2 0.022 30 EPI ARAMID FABRIC,FABR,,,,,0,0,62.0,30.0,0,,,,Fabrics all Fields,,,,,
RFA00040,1500,1500/3 0.031 16 EPI ARAMID FABRIC,FABR,,,,,0,0,61.0,16.0,0,,,,Fabrics all Fields,,,,,
RFA00041,1500,1500/3 0.031 20EPI ARAMID FABRIC,FABR,,,,,0,0,61.0,20.0,0,,,,Fabrics all Fields,,,,,
RFA00043,1000,1000/2 0.022 30 EPI ARAMID FABRIC HEXION,FABR,,,,,0,0,62.0,30.0,0,,,,Fabrics all Fields,,,,,
RFA00044,167,1500/1/2 ARAMID 24EPI DOUBLE DIP HEXION,FABR,,,,,0,0,61.0,24.0,0,,,,Fabrics all Fields,,,,,
RFA00045,1000,1000/2 0.021 30 EPI ARAMID FABRIC HEXION,FABR,,,,,0,0,61.0,30.0,0,,,,Fabrics all Fields,,,,,
RFA00046,167,1500/1/2 ARAMID 28EPI DOUBLE DIP HEXION,FABR,,,,,0,0,61.0,28.0,0,,,,Fabrics all Fields,,,,,
RFA00047,167,1500/1/2 ARAMID 28EPI DOUBLE DIP,FABR,,,,,0,0,61.0,28.0,0,,,,Fabrics all Fields,,,,,
RFA00048,1000,1000/2 0.022 30 EPI ARAMID FABRIC,FABR,,,,,0,0,62.0,30.0,0,,,,Fabrics all Fields,,,,,
RFA00049,167,1500/1/2 ARAMID 24EPI DOUBLE DIP,FABR,,,,,0,0,61.0,24.0,0,,,,Fabrics all Fields,,,,,
RFA00050,1000,1000/2 0.022 30 EPI ARAMID FABRIC,FABR,,,,,0,0,62.0,30.0,0,,,,Fabrics all Fields,,,,,
RFA00051,1500,1500/3 0.031 20EPI ARAMID FABRIC,FABR,,,,,0,0,61.0,20.0,0,,,,Fabrics all Fields,,,,,
RFA00052,1000,"ARAMID, NAA, 1100/1/2, 16,0/16,0, 30,00",FABR,AT,YR,30,NON,295,79,0.0,30.0,295,,,,Fabrics all Fields,,,,,
RFA00053,1000,"ARAMID, NAA, 1100/1/3, 8,4/8,4, 24,00 EP",FABR,1C,LR,24,NON,221,59,0.0,24.0,221,,,,Fabrics all Fields,,,,,
RFA00054,1000,"ARAMID, NAA, 1100/1/3, 8,4/8,4, 24,00 EP",FABR,1C,LR,24,NON,221,59,0.0,24.0,221,,,,Fabrics all Fields,,,,,
RFA00055,1000,"ARAMID, NAA, 1100/1/3, 8,4/8,4, 24,00 EP",FABR,1C,LR,24,NON,221,59,0.0,24.0,221,,,,Fabrics all Fields,,,,,
RFA00056,1500,"ARAMID, NAA, 1670/1/2, 8,4/8,4, 24,00 EP",FABR,AD,YR,24,NON,221,79,0.0,24.0,221,,,,Fabrics all Fields,,,,,
RFA00057,1000,"ARAMID, NAA, 1100/1/2, 16,0/16,0, 30,00",FABR,AT,YR,30,EXT,221,79,0.0,30.0,221,,,,Fabrics all Fields,,,,,
RFA00058,1000,"ARAMID, NAA, 1100/1/2, 9.0/9.0, 30.00 EP",FABR,AP,YR,30,NON,221,59,0.0,30.0,221,,,,Fabrics all Fields,,,,,
RFA00060,1500,"ARAMID, NAA, 1670/1/2, 8.4/8.4, 24.00 EP",FABR,AD,YR,24,NON,220,0,0.0,24.0,220,,,,Fabrics all Fields,,,,,
RFA00061,1000,"ARAMID, NAA, 1100/1/2, 16,0/16,0, 30,00",FABR,AT,YR,30,NON,221,79,0.0,30.0,221,,,,Fabrics all Fields,,,,,
RFA00062,1500,"ARAMID, NAA, 1670/1/2, 8,4/8,4, 28,00 EP",FABR,AD,YR,28,NON,221,79,0.0,28.0,221,,,,Fabrics all Fields,,,,,
RFA00063,1500,"ARAMID, NAA, 1670/1/2, 8.4/8.4, 24.00 EP",FABR,AD,YR,24,NON,221,59,0.0,24.0,221,,,,Fabrics all Fields,,,,,
RFA00064,1000,"ARAMID, NAA, 1100/1/2, 16.0/16.0, 30.00",FABR,AT,YR,30,EXT,221,79,0.0,30.0,221,,,,Fabrics all Fields,,,,,
RFA05NF23JA,1260,1260/2 0.026 23 EPI NYLON 66 FABRIC,FABR,,,,,0,0,62.0,23.0,0,,,,Fabrics all Fields,,,,,
RFA05NF26JA,1260,1260/2 0.026 26 EPI NYLON 66 FABRIC,FABR,,,,,0,0,62.0,26.0,0,,,,Fabrics all Fields,,,,,
RFA06NP19,1890,1890/2 0.031 19 EPI NYLON 66 FABRIC,FABR,,,,,0,0,62.0,0.0,0,,,,Fabrics all Fields,,,,,
RFA06NP19JA,1890,1890/2 0.031 19 EPI NYLON 66 FABRIC,FABR,,,,,0,0,62.0,19.0,0,,,,Fabrics all Fields,,,,,
RFA06NP23JA,1890,1890/2 0.031 23 EPI NYLON 66 59IN WIDE,FABR,,,,,0,0,64.0,23.0,0,,,,Fabrics all Fields,,,,,
RFA06NP26JA,1890,1890/3 0.031 26 EPI NYLON 66 FABRIC,FABR,,,,,0,0,62.0,26.0,0,,,,Fabrics all Fields,,,,,
RFA07NC16QA,840,840/2 0.022 16 EPI NYLON 66 FABRIC,FABR,,,,,0,0,62.0,16.0,0,,,,Fabrics all Fields,,,,,
RFA07NC27JA,840,840/2 0.022 27 EPI NYLON 66 FABRIC,FABR,,,,,0,0,62.0,27.0,0,,,,Fabrics all Fields,,,,,
RFAB15SH,1500,"ARAMID, NAA, 1670/1/2, 8,6/8,6, 15,00 EP",FABR,AB,SH,15,EXT,221,120,59.0,15.0,221,,,,Fabrics all Fields,,,,,
RFAB18NA,1500,UTICA 1500/2 12X12 18EPI ARAMID IPD/T45,FABR,,,,,0,0,62.0,18.0,0,,,,Fabrics all Fields,,,,,
RFAB18YF,1500,"ARAMID, NAA, 1670/1/2, 8,6/8,6, 18,00 EP",FABR,AB,YF,18,EXT,221,79,62.0,18.0,221,,,,Fabrics all Fields,,,,,
RFABR2H,1500,"ARAMID, NAA, 1670/1/2, 8,6/8,6, 15,20 EP",FABR,AB,SH,R2,EXT,220,120,0.0,15.2,220,,,,Fabrics all Fields,,,,,
RFAC21SA,1500,BUFFALO 1500/2 7.6X7.6 ARAMID EXT STRIP,FABR,,,,,0,0,0.28,21.4,0,,,,Fabrics all Fields,,,,,
RFACB28YF,990,"940/1+1100/2, 10Z/3S/5S TPI, 28 EPI, YF",FABR,,,,,0,0,59.0,28.0,0,,,,Fabrics all Fields,,,,,
RFAD16NG,167,167/2 0.027 16 EPI ARAMID FABRIC,FABR,,,,,0,0,61.0,16.0,0,,,,Fabrics all Fields,,,,,
RFAD20NA,1500,1500/2 .027 20 EPI ARAMID FABRIC,FABR,,,,,0,0,61.0,20.7,0,,,,Fabrics all Fields,,,,,
RFAD24YR,1500,"ARAMID, NAA, 1670/1/2, 8,4/8,4, 24,00 EP",FABR,AD,YR,24,NON,221,79,61.0,24.0,221,,,,Fabrics all Fields,,,,,
RFAD28EG,167,167/2 0.027 28 EPI ARAMID FABRIC,FABR,,,,,0,0,61.0,28.0,0,,,,Fabrics all Fields,,,,,
RFAD28FA,167,167/2 0.027 28 EPI ARAMID FABRIC,FABR,,,,,0,0,61.0,28.0,0,,,,Fabrics all Fields,,,,,
RFAD28WR,167,167/2 0.027 28 EPI ARAMID FABRIC,FABR,,,,,0,0,61.0,28.0,0,,,,Fabrics all Fields,,,,,
RFAD28YR,1500,"ARAMID, NAA, 1670/1/2, 8,4/8,4, 28,00 EP",FABR,AD,YR,28,NON,221,79,61.0,28.0,221,,,,Fabrics all Fields,,,,,
RFAE16EA,167,167/3 0.031 16 EPI ARAMID FABRIC,FABR,,,,,0,0,61.0,16.0,0,,,,Fabrics all Fields,,,,,
RFAE16EH,167,167/3 0.031 16 EPI ARAMID FABRIC,FABR,,,,,0,0,61.0,16.0,0,,,,Fabrics all Fields,,,,,
RFAE16NA,167,167/3 0.031 16 EPI ARAMID FABRIC,FABR,,,,,0,0,61.0,16.0,0,,,,Fabrics all Fields,,,,,
RFAE16NH,1500,1500/3 0.031 16 EPI ARAMID FABRIC,FABR,,,,,0,0,61.0,16.0,0,,,,Fabrics all Fields,,,,,
RFAE16NJ,1500,1500/3 0.031 16 EPI ARAMID FABRIC,FABR,,,,,0,0,61.0,16.0,0,,,,Fabrics all Fields,,,,,
RFAE16YA,1500,1500/3 0.031 16 EPI ARAMID FABRIC,FABR,,,,,0,0,61.0,16.0,0,,,,Fabrics all Fields,,,,,
RFAE16YH,1500,"ARAMID, NAA, 1670/1/3, 6,9/6,9, 16,00 EP",FABR,AE,YH,16,NON,221,79,61.0,16.0,221,,,,Fabrics all Fields,,,,,
RFAE17NA,1500,1500/3 0.031 17 EPI ARAMID FABRIC,FABR,,,,,0,0,61.0,17.6,0,,,,Fabrics all Fields,,,,,
RFAE20EH,167,167/3 0.031 20 EPI ARAMID FABRIC,FABR,,,,,0,0,61.0,20.0,0,,,,Fabrics all Fields,,,,,
RFAE20LR,1500,"ARAMID, NAA, 1670/1/3, 6.9/6.9, 20.00 EP",FABR,AE,LR,20,NON,221,79,61.0,20.0,221,,,,Fabrics all Fields,,,,,
RFAE20NA,167,167/3 0.031 20 EPI ARAMID FABRIC,FABR,,,,,0,0,61.0,20.0,0,,,,Fabrics all Fields,,,,,
RFAE20NH,1500,1500/3 0.031 20EPI ARAMID FABRIC,FABR,,,,,0,0,61.0,20.0,0,,,,Fabrics all Fields,,,,,
RFAE20YA,167,167/3 0.031 20 EPI ARAMID FABRIC,FABR,,,,,0,0,61.0,20.0,0,,,,Fabrics all Fields,,,,,
RFAE20YH,1500,"ARAMID, NAA, 1670/1/3, 6,9/6,9, 20,00 EP",FABR,AE,YH,20,NON,221,79,61.0,20.0,221,,,,Fabrics all Fields,,,,,
RFAE23NA,1500,1500/3 0.031 23 EPI ARAMID FABRIC,FABR,,,,,0,0,61.0,23.8,0,,,,Fabrics all Fields,,,,,
RFAJ20NJ,3000,3000/2 0.039 20 EPI ARAMID FABRIC,FABR,,,,,0,0,61.0,20.0,0,,,,Fabrics all Fields,,,,,
RFAN16NH,1500,1500/3 0.031 16 EPI ARAMID FABRIC,FABR,,,,,0,0,61.0,16.0,0,,,,Fabrics all Fields,,,,,
RFAN20YA,1500,1500/2 0.028 20 EPI ARAMID FABRIC,FABR,,,,,0,0,62.0,20.0,0,,,,Fabrics all Fields,,,,,
RFAND4ST,1500,"ARAMID, NAA, 1670/1/2, 8.9/8.9, 24.40 EP",FABR,AN,ST,D4,EXT,221,59,0.0,24.4,221,,,,Fabrics all Fields,,,,,
RFANT8ST,1500,"ARAMID, NAA, 1670/1/2, 8,9/8,9, 17,80 EP",FABR,AN,ST,T8,EXT,221,59,0.0,17.8,221,,,,Fabrics all Fields,,,,,
RFANY3SH,1500,"ARAMID, NAA, 1670/1/2, 8,9/8,9, 20,30 EP",FABR,AN,SH,Y3,NON,221,80,60.0,20.3,221,,,,Fabrics all Fields,,,,,
RFANY3YA,1500,"ARAMID, NAA, 1670/1/2, 8,9/8,9, 20,30 EP",FABR,AN,YA,Y3,NON,221,60,62.0,20.3,221,,,,Fabrics all Fields,,,,,
RFAP30LA,1000,1000/2 0.021 30 EPI ARAMID FABRIC,FABR,,,,,0,0,61.0,30.0,0,,,,Fabrics all Fields,,,,,
RFAP30YR,1000,"ARAMID, NAA, 1100/1/2, 9,0/9,0, 30,00 EP",FABR,AP,YR,30,NON,220,79,61.0,30.0,220,,,,Fabrics all Fields,,,,,
RFAP31NR,1000,1000/2 0.021 31 EPI ARAMID FABRIC,FABR,,,,,0,0,61.0,31.0,0,,,,Fabrics all Fields,,,,,
RFAP31YR,1000,1000/2 0.021 31 EPI ARAMID FABRIC,FABR,,,,,0,0,61.0,31.0,0,,,,Fabrics all Fields,,,,,
RFAQ28SH,1000,"ARAMID, NAA, 1100/1/2, 10,8/10,8, 28,00",FABR,AQ,SH,28,NON,221,70,0.0,28.0,221,,,,Fabrics all Fields,,,,,
RFAQ28ST,1000,"ARAMID, NAA, 1100/1/2, 10.8/10.8, 28.00",FABR,AQ,ST,28,EXT,221,59,0.0,28.0,221,,,,Fabrics all Fields,,,,,
RFAQF9SH,1000,"ARAMID, NAA, 1100/1/2, 10,8/10,8, 27,90",FABR,AQ,SH,F9,NON,220,70,0.0,27.9,220,,,,Fabrics all Fields,,,,,
RFAS00010,1500,1500/3 0.033 20 EPI SED ARAMID FABRIC,FABR,,,,,0,0,61.0,20.0,0,,,,Fabrics all Fields,,,,,
RFAS0002,1500,1500/3 0.033 20 EPI ARAMID FABRIC,FABR,,,,,0,0,61.0,20.0,0,,,,Fabrics all Fields,,,,,
RFAS0003,1500,1500/3 0.031 20 EPI ARAMID FABRIC,FABR,,,,,0,0,61.0,20.0,0,,,,Fabrics all Fields,,,,,
RFAS0010,1500,1500/3 0.033 20 EPI SED ARAMID FABRIC,FABR,,,,,0,0,61.0,20.0,0,,,,Fabrics all Fields,,,,,
RFAS0014,1500,1500/3 0.033 20 EPI ARAMID FABRIC,FABR,,,,,0,0,61.0,20.0,0,,,,Fabrics all Fields,,,,,
RFAS0015,1500,1500/3 0.033 20 EPI ARAMID FABRIC,FABR,,,,,0,0,61.0,20.0,0,,,,Fabrics all Fields,,,,,
RFAS0016,1500,1500/3 0.033 20 EPI ARAMID FABRIC,FABR,,,,,0,0,61.0,20.0,0,,,,Fabrics all Fields,,,,,
RFAS0018,1500,1500/3 0.033 20 EPI ARAMID FABRIC,FABR,,,,,0,0,61.0,20.0,0,,,,Fabrics all Fields,,,,,
RFAS0019,1500,1500/3 0.033 20 EPI ARAMID FABRIC,FABR,,,,,0,0,61.0,20.0,0,,,,Fabrics all Fields,,,,,
RFAS0020,1500,1500/3 0.033 20 EPI ARAMID FABRIC -3110C,FABR,,,,,0,0,61.0,20.0,0,,,,Fabrics all Fields,,,,,
RFAS0021,1500,1500/3 0.033 20 EPI ARAMID FABRIC,FABR,,,,,0,0,61.0,20.0,0,,,,Fabrics all Fields,,,,,
RFAS0023,1500,1500/3 0.033 20 EPI TEIJIN ARAMID FABRIC,FABR,,,,,0,0,61.0,20.0,0,,,,Fabrics all Fields,,,,,
RFAS002301,1500,LEHAVRE 1500/3 0.033 20 EPI TEIJIN ARAMI,FABR,,,,,0,0,61.0,20.0,0,,,,Fabrics all Fields,,,,,
RFAS0024,1500,K129 1500/3 0.033 20 EPI ARAMID FABRIC,FABR,,,,,0,0,61.0,20.0,0,,,,Fabrics all Fields,,,,,
RFAS0026,1500,1500/3 0.033 20 EPI ARAMID FABRIC,FABR,,,,,0,0,61.0,20.0,0,,,,Fabrics all Fields,,,,,
RFAS0028,1500,1500/3 0.033 20 EPI ARAMID USA SOS SOAPS,FABR,,,,,0,0,61.0,20.0,0,,,,Fabrics all Fields,,,,,
RFAS0029,1500,LEHAVRE 1500/3 0.033 20 EPI TEIJIN ARAMI,FABR,,,,,0,0,61.0,20.0,0,,,,Fabrics all Fields,,,,,
RFAS0030,1500,LEHAVRE 1500/3 0.033 20 EPI TEIJIN ARAMI,FABR,,,,,0,0,61.0,20.0,0,,,,Fabrics all Fields,,,,,
RFAS0031,1500,LEHAVRE 1500/3 0.033 16 EPI TEIJIN ARAMI,FABR,,,,,0,0,61.0,16.0,0,,,,Fabrics all Fields,,,,,
RFAS0032,1500,"ARAMID, NAA, 1670/1/3, 6.9/6.9, 20.00 EP",FABR,AE,LR,20,NON,221,79,0.0,20.0,221,,,,Fabrics all Fields,,,,,
RFAS0033,1100,"ARAMID, NAA, 1220/1/3, 5,1/5,1, 22,00 EP",FABR,1B,LR,22,NON,211,59,0.0,22.0,211,,,,Fabrics all Fields,,,,,
RFAS003301,1100,"ARAMID, NAA, 1220/1/3, 5,1/5,1, 22,00 EP",FABR,1B,LR,22,NON,211,59,0.0,22.0,211,,,,Fabrics all Fields,,,,,
RFAS0034,1500,"ARAMID, NAA, 1670/1/3, 6,9/6,9, 20,00 EP",FABR,AE,LR,20,NON,221,79,0.0,20.0,221,,,,Fabrics all Fields,,,,,
RFAS0035,1500,"ARAMID, NAA, 1670/1/3, 6,9/6,9, 20,00 EP",FABR,AE,LR,20,NON,221,79,0.0,20.0,221,,,,Fabrics all Fields,,,,,
RFAS0036,1500,"ARAMID, NAA, 1670/1/3, 6.9/6.9, 20.00 EP",FABR,AE,LR,20,NON,221,79,0.0,20.0,221,,,,Fabrics all Fields,,,,,
RFAT17YF,1000,     1000/2 ARAMID AT 17EPI,FABR,,,,,0,0,62.0,17.0,0,,,,Fabrics all Fields,,,,,
RFAT30FA,1000,1000/2 0.022 30 EPI ARAMID FABRIC,FABR,,,,,0,0,62.0,30.0,0,,,,Fabrics all Fields,,,,,
RFAT30NF,1000,1000/2 0.022 30 EPI ARAMID FABRIC,FABR,,,,,0,0,62.0,30.0,0,,,,Fabrics all Fields,,,,,
RFAT30YF,1000,"ARAMID, NAA, 1100/1/2, 16,0/16,0, 30,00",FABR,AT,YF,30,EXT,221,79,62.0,30.0,221,,,,Fabrics all Fields,,,,,
RFAT30YR,1000,"ARAMID, NAA, 1100/1/2, 16,0/16,0, 30,00",FABR,AT,YR,30,EXT,221,79,62.0,30.0,221,,,,Fabrics all Fields,,,,,
RFAX24YR,1000,"ARAMID, NAA, 1100/1/3, 8,4/8,4, 24,00 EP",FABR,AX,YR,24,,0,0,0.0,24.0,0,,,,Fabrics all Fields,,,,,
RFB03QB30PF,1000,1000/1/3 0.026 28EPI 57WIDE AA PET HMLS,FABR,,,,,0,0,62.0,30.0,0,,,,Fabrics all Fields,,,,,
RFB05LP23JA,1890,1890/2 0.031 23 EPI NYLON 6 FABRIC,FABR,,,,,0,0,62.0,23.0,0,,,,Fabrics all Fields,,,,,
RFB07NP19JA,1890,1890/2 0.031 19 EPI NYLON 66 FABRIC,FABR,,,,,0,0,62.0,19.0,0,,,,Fabrics all Fields,,,,,
RFB07NP23JA,1890,1890/2 0.031 23 EPI NYLON 66 59IN WIDE,FABR,,,,,0,0,64.0,23.0,0,,,,Fabrics all Fields,,,,,
RFB07NP26JA,1890,1890/3 0.031 26 EPI NYLON 66 FABRIC,FABR,,,,,0,0,62.0,26.0,0,,,,Fabrics all Fields,,,,,
RFB10NP19JA,1890,1890/2 0.031 19 EPI NYLON 66 FABRIC,FABR,,,,,0,0,62.0,19.0,0,,,,Fabrics all Fields,,,,,
RFB10NP23JA,1890,1890/2 0.031 23 EPI NYLON 66 59IN WIDE,FABR,,,,,0,0,64.0,23.0,0,,,,Fabrics all Fields,,,,,
RFB10NP26JA,1890,1890/3 0.031 26 EPI NYLON 66 FABRIC,FABR,,,,,0,0,62.0,26.0,0,,,,Fabrics all Fields,,,,,
RFB12995,1000,1000/2 0.022 33 EPI ARAMID FABRIC,FABR,,,,,0,0,61.0,33.0,0,,,,Fabrics all Fields,,,,,
RFB146EG,167,167/2 0.027 23 EPI TWARON CORD FABRIC,FABR,,,,,0,0,61.0,23.0,0,,,,Fabrics all Fields,,,,,
RFB19498,167,167/3 0.033 12 EPI TWARON CORD FABRIC,FABR,,,,,0,0,62.5,12.0,0,,,,Fabrics all Fields,,,,,
RFB21413,167,167/3 0.035 22 EPI TWARON CORD FABRIC,FABR,,,,,0,0,61.0,22.0,0,,,,Fabrics all Fields,,,,,
RFB22412,167,167/3 0.031 20 EPI TWARON CORD FABRIC,FABR,,,,,0,0,61.0,20.0,0,,,,Fabrics all Fields,,,,,
RFB254LA,3000,3000/2 0.039 16 EPI ARAMID FABRIC,FABR,,,,,0,0,61.0,16.0,0,,,,Fabrics all Fields,,,,,
RFB254LF,3000,3000/2 0.039 16 EPI ARAMID FABRIC,FABR,,,,,0,0,61.0,16.0,0,,,,Fabrics all Fields,,,,,
RFB279SA,1500,1500/2 0.028 22 EPI ARAMID FABRIC,FABR,,,,,0,0,24.9,22.0,0,,,,Fabrics all Fields,,,,,
RFB281WJ,1500,1500/3 0.035 20 EPI ARAMID FABRIC,FABR,,,,,0,0,61.0,20.0,0,,,,Fabrics all Fields,,,,,
RFB290NR,1000,1000/2 0.022 33 EPI ARAMID FABRIC,FABR,,,,,0,0,61.0,33.0,0,,,,Fabrics all Fields,,,,,
RFB295SA,1000,1000/2 0.022 31 EPI ARAMID FABRIC,FABR,,,,,0,0,61.0,31.0,0,,,,Fabrics all Fields,,,,,
RFB30429,1500,1500/2 0.028 22 EPI ARAMID FABRIC,FABR,,,,,0,0,61.0,22.0,0,,,,Fabrics all Fields,,,,,
RFB308NR,1000,1000/2 0.021 31 EPI ARAMID FABRIC,FABR,,,,,0,0,61.0,31.0,0,,,,Fabrics all Fields,,,,,
RFB309NR,1000,1000/2 0.021 31 EPI ARAMID FABRIC,FABR,,,,,0,0,61.0,31.0,0,,,,Fabrics all Fields,,,,,
RFB325LF,3000,3000/2 0.039 16 EPI ARAMID FABRIC,FABR,,,,,0,0,50.0,16.0,0,,,,Fabrics all Fields,,,,,
RFB329NH,1500,1500/2 0.027 23 EPI ARAMID FABRIC,FABR,,,,,0,0,61.0,23.2,0,,,,Fabrics all Fields,,,,,
RFB330NH,1500,1500/2 0.027 18 EPI ARAMID FABRIC,FABR,,,,,0,0,61.0,18.0,0,,,,Fabrics all Fields,,,,,
RFB340NA,1500,UTICA 1500/2 12X12 15EPI ARAMID IPD/T45,FABR,,,,,0,0,62.0,15.0,0,,,,Fabrics all Fields,,,,,
RFB343NF,3000,3000/3 0.047 14.5 EPI ARAMID FABRIC,FABR,,,,,0,0,61.0,14.5,0,,,,Fabrics all Fields,,,,,
RFB346NA,1000,1000/2 0.021 18 EPI ARAMID FABRIC,FABR,,,,,0,0,61.0,18.0,0,,,,Fabrics all Fields,,,,,
RFB348NA,3000,3000/3 0.047 19.2 EPI ARAMID FABRIC,FABR,,,,,0,0,61.0,19.2,0,,,,Fabrics all Fields,,,,,
RFB354SA,167,167/2 0.027 28 EPI TWARON CORD FABRIC,FABR,,,,,0,0,61.0,28.0,0,,,,Fabrics all Fields,,,,,
RFB356SA,1000,1000/2 0.021 31 EPI ARAMID FABRIC,FABR,,,,,0,0,37.4,31.0,0,,,,Fabrics all Fields,,,,,
RFB361SB,167,167/02 0.027 23 EPI ARAMID FABRIC,FABR,,,,,0,0,61.0,23.0,0,,,,Fabrics all Fields,,,,,
RFB378SA,600,600/2 0.018 35 EPI ARAMID FABRIC,FABR,,,,,0,0,61.0,35.0,0,,,,Fabrics all Fields,,,,,
RFB379SA,1000,1000/2 0.021 30 EPI ARAMID FABRIC,FABR,,,,,0,0,61.0,30.0,0,,,,Fabrics all Fields,,,,,
RFB385EG,167,167/02 0.027 28 EPI ARAMID FABRIC,FABR,,,,,0,0,61.0,28.0,0,,,,Fabrics all Fields,,,,,
RFB388SA,1000,1000/2 0.021 30 EPI ARAMID FABRIC,FABR,,,,,0,0,61.0,30.0,0,,,,Fabrics all Fields,,,,,
RFB391NF,1000,1000/2 0.022 16 EPI ARAMID FABRIC,FABR,,,,,0,0,62.0,16.0,0,,,,Fabrics all Fields,,,,,
RFB39348,1000,1000/2 0.021 31 EPI ARAMID FABRIC,FABR,,,,,0,0,61.0,30.0,0,,,,Fabrics all Fields,,,,,
RFB40051,1500,1500/3 0.031 16 EPI ARAMID FABRIC SED,FABR,,,,,0,0,61.0,16.0,0,,,,Fabrics all Fields,,,,,
RFB40152,1500,1500/3  SED  ARAMID,FABR,,,,,0,0,61.0,20.0,0,,,,Fabrics all Fields,,,,,
RFB40655,1000,1000/2 0.021 26PI ARAMID FABRIC,FABR,,,,,0,0,61.0,26.0,0,,,,Fabrics all Fields,,,,,
RFB40756,720,720/2 0.019 26EPI ARAMID FABRIC,FABR,,,,,0,0,61.0,26.0,0,,,,Fabrics all Fields,,,,,
RFB40857,1670,1670/2 0.027 23 EPI ARAMID FABRIC,FABR,,,,,0,0,61.0,23.0,0,,,,Fabrics all Fields,,,,,
RFB41261,1500,1500/3 ARAMID SED EXTRUSION STRIP,FABR,,,,,0,0,61.0,24.0,0,,,,Fabrics all Fields,,,,,
RFB41461,1500,1500/1/2 ARAMID SED 20 EPI EXT STRIP,FABR,,,,,0,0,0.3,20.0,0,,,,Fabrics all Fields,,,,,
RFB41561,2250,2250/1/3 ARAMID SED FOR EXTRUDED STRIP,FABR,,,,,0,0,0.444,18.0,0,,,,Fabrics all Fields,,,,,
RFB41564,2250,2250/1/3 ARAMID SED FOR EXTRUDED STRIP,FABR,,,,,0,0,0.444,18.0,0,,,,Fabrics all Fields,,,,,
RFB416YF,1000,1000/2 0.022 30 EPI AR,FABR,,,,,0,0,62.0,30.0,0,,,,Fabrics all Fields,,,,,
RFB41865,2250,2250/1/4 KEVLAR 119,FABR,,,,,0,0,0.444,18.0,0,,,,Fabrics all Fields,,,,,
RFB41966,1500,1500/1/3 ARAMID SED 22 EPI EXT STRIP,FABR,,,,,0,0,0.5,22.0,0,,,,Fabrics all Fields,,,,,
RFB42171,1500,BUFFALO 1500/2 7.6X7.6 ARAMID EXT STRIP,FABR,,,,,0,0,0.28,21.4,0,,,,Fabrics all Fields,,,,,
RFB422YF,1000,1000/2 0.022 30 EPI ARAMID RAYON FILL,FABR,,,,,0,0,62.0,30.0,0,,,,Fabrics all Fields,,,,,
RFB42475,1500,"1500/1/3 ARAMID SED JBL EXTRUDED 0.30""",FABR,,,,,0,0,0.3,20.0,0,,,,Fabrics all Fields,,,,,
RFB425YF,1000,1000/2 0.022 23 EPI ARAMID FABRIC 9X9,FABR,,,,,0,0,62.0,23.0,0,,,,Fabrics all Fields,,,,,
RFB42676,1500,"1500/3 ARAMID SED JBL EXTRUDED 0.30""",FABR,,,,,0,0,0.3,20.0,0,,,,Fabrics all Fields,,,,,
RFB42678,1500,"1500/3 ARAMID SED JBL EXT 0.255"" 4 CORDS",FABR,,,,,0,0,0.255,15.7,0,,,,Fabrics all Fields,,,,,
RFB42777,1000,1000/2 0.022 ARAMID SED 30 EPI,FABR,,,,,0,0,1.0,30.0,0,,,,Fabrics all Fields,,,,,
RFB428YF,1000,1000/2 0.022 30 EPI ARAMID KY-7 FINISH,FABR,,,,,0,0,62.0,30.0,0,,,,Fabrics all Fields,,,,,
RFB42981,1500,1500/3 0.031 20 EPI ARAMID FABRIC,FABR,,,,,0,0,61.0,20.0,0,,,,Fabrics all Fields,,,,,
RFB430NA,1500,UTICA 1500/2 12X12 15 EPI ARAMID IPD/T45,FABR,,,,,0,0,62.0,15.0,0,,,,Fabrics all Fields,,,,,
RFBBI7SH,840,"NYLON, N6.6, 940/1/2, 11.2/10.7, 26.70 E",FABR,BB,SH,I7,EXT,221,80,60.0,26.7,221,,,,Fabrics all Fields,,,,,
RFBD20JA,1680,1680/2 0.029 20EPI NYLON 66 FABRIC,FABR,,,,,0,0,62.0,20.0,0,,,,Fabrics all Fields,,,,,
RFBD25JA,1680,1680/2 0.029 25EPI NYLON 66 FABRIC,FABR,,,,,0,0,62.0,25.0,0,,,,Fabrics all Fields,,,,,
RFBFD5SS,1260,"NYLON, N6.6, 1400/1/2, 9.5/9.5, 24.50 EP",FABR,BF,SS,D5,NON,221,59,0.0,24.5,221,,,,Fabrics all Fields,,,,,
RFBFG5ST,1260,"NYLON, N6.6, 1400/1/2, 9.5/9.5, 28.50 EP",FABR,BF,ST,G5,EXT,221,59,0.0,28.5,221,,,,Fabrics all Fields,,,,,
RFBFW8SV,1260,"NYLON, N6.6, 1400/1/2, 9.5/9.5, 18.80 EP",FABR,BF,SV,W8,NON,221,59,0.0,18.8,221,,,,Fabrics all Fields,,,,,
RFBH17MS,1260,"NYLON, N6.6, 1400/1/3, 8,4/8,4, 17,00 EP",FABR,BH,MS,17,NON,221,118,64.0,17.0,221,,,,Fabrics all Fields,,,,,
RFBH20MF,1260,"NYLON, N6.6, 1400/1/3, 8,4/8,4, 20,00 EP",FABR,BH,MF,20,EXT,221,79,0.0,20.0,221,,,,Fabrics all Fields,,,,,
RFBH20MS,1260,"NYLON, N6.6, 1400/1/3, 8,4/8,4, 20,00 EP",FABR,BH,MS,20,NON,221,79,62.5,20.0,221,,,,Fabrics all Fields,,,,,
RFBI30GF,840,"NYLON, N6.6, 940/1, /4,6, 30,00 EPI, GF",FABR,BI,GF,30,EXT,220,60,59.0,30.0,198,,,,Fabrics all Fields,,,,,
RFBI30GFB,846,"NYLON 6.6, 940/1, 4.6 TPI, 30 EPI, GF",FABR,,,,,0,0,57.0,30.0,0,,,,Fabrics all Fields,,,,,
RFBI30ZY,840,"NYLON, N6.6, 940/1, /4,6, 30,00 EPI, ZY",FABR,BI,ZY,30,NON,222,60,0.0,30.0,200,,,,Fabrics all Fields,,,,,
RFBK26ZO,1890,"NYLON, N6.6, 2100/1, /3,0, 26,00 EPI, ZO",FABR,BK,ZO,26,NON,0,59,0.0,26.0,0,,,,Fabrics all Fields,,,,,
RFBK30GA,1890,"NYLON, N6.6, 2100/1, /3,0, 30,00 EPI, GA",FABR,BK,GA,30,NON,221,80,1448.0,30.0,221,,,,Fabrics all Fields,,,,,
RFBK30JA,1890,"NYLON, N6.6, 2100/1, /3,0, 30,00 EPI, JA",FABR,BK,JA,30,NON,295,80,0.0,30.0,266,,,,Fabrics all Fields,,,,,
RFBK30ZO,1890,"NYLON, N6.6, 2100/1, /3,0, 30,00 EPI, ZO",FABR,BK,ZO,30,NON,0,59,0.0,30.0,0,,,,Fabrics all Fields,,,,,
RFBLD9SG,1260,"NYLON, N6.6, 1400/1/2, 9,7/9,7, 24,90 EP",FABR,BL,SG,D9,EXT,221,90,62.0,24.9,221,,,,Fabrics all Fields,,,,,
RFBN24MA,1260,"NYLON, N6.6, 1400/1, /4,6, 24,00 EPI, MA",FABR,BN,MA,24,NON,221,65,62.0,24.0,221,,,,Fabrics all Fields,,,,,
RFBN32GA,1260,"NYLON, N6.6, 1400/1, /4.6, 32.00 EPI, GA",FABR,BN,GA,32,NON,221,50,62.0,32.0,221,,,,Fabrics all Fields,,,,,
RFBN32JA,1260,"NYLON, N6.6, 1400/1, /4,6, 32,00 EPI, JA",FABR,BN,JA,32,NON,221,50,1448.0,32.0,221,,,,Fabrics all Fields,,,,,
RFBN32SA,1260,1260/1 0.46 32 EPI NYLON 66,FABR,,,,,0,0,1498.0,0.0,0,,,,Fabrics all Fields,,,,,
RFBN32SG,1260,"NYLON, N6.6, 1400/1, /4.6, 32.00 EPI, SG",FABR,BN,SG,32,NON,221,59,0.0,32.0,221,,,,Fabrics all Fields,,,,,
RFBN32ZO,1260,"NYLON, N6.6, 1400/1, /4.6, 32.00 EPI, ZO",FABR,BN,ZO,32,NON,221,59,0.0,32.0,221,,,,Fabrics all Fields,,,,,
RFBNQ8SG,1260,"NYLON, N6.6, 1400/1, /4,6, 31,80 EPI, SG",FABR,BN,SG,Q8,NON,221,90,59.0,31.8,221,,,,Fabrics all Fields,,,,,
RFBNQ8SGB,1260,"NYLON 66, 1400/1, 4.7 TPI, 31.8 EPI, SG",FABR,,,,,0,0,57.0,31.8,0,,,,Fabrics all Fields,,,,,
RFBNQ8SGF,1260,"NYLON 66, 1400/1, 4.7 TPI, 31.8 EPI, SG",FABR,,,,,0,0,62.0,31.8,0,,,,Fabrics all Fields,,,,,
RFBPA6MN,1890,"NYLON, N6.6, 2100/1/2, 10,0/10,0, 21,60",FABR,BP,MN,A6,NON,221,59,0.0,21.6,221,,,,Fabrics all Fields,,,,,
RFBPB2SF,1890,"NYLON, N6.6, 2100/1/2, 10.0/10.0, 22.20",FABR,BP,SF,B2,NON,221,59,0.0,22.2,221,,,,Fabrics all Fields,,,,,
RFBS22SG,1260,"NYLON, N6.6, 1400/1/2, 9.3/9.1, 22.00 EP",FABR,BS,SG,22,NON,221,70,59.0,22.0,221,,,,Fabrics all Fields,,,,,
RFBS26SG,1260,"NYLON, N6.6, 1400/1/2, 9.3/9.1, 26.00 EP",FABR,BS,SG,26,NON,221,70,59.0,26.0,221,,,,Fabrics all Fields,,,,,
RFBS26SGJ,1260,"NYLON66 1400/2 - 9.3X9.1 TPI, 26 EPI, SG",FABR,,,,,0,0,60.0,26.0,0,,,,Fabrics all Fields,,,,,
RFBV28SV,1260,"NYLON, N6.6, 1400/1, /5.0, 28.00 EPI, SV",FABR,BV,SV,28,NON,221,59,0.0,28.0,221,,,,Fabrics all Fields,,,,,
RFCA28YF,1000,"HYBRID, ARAMID/NYLON 6.6, (1100/1+1100/1",FABR,CA,YF,28,NON,221,59,61.0,28.0,221,,,,Fabrics all Fields,,,,,
RFCB20AA,9000,"9000, 1, BLANK, 1060, 1499, 826, NYLON 6",FABR,,,,,0,0,1499.0,0.0,0,,,,Fabrics all Fields,,,,,
RFCB20YF,1000,"HYBRID, ARAMID/NYLON 6.6, (1100/1+1100/1",FABR,CB,YF,20,NON,221,75,64.5,20.0,221,,,,Fabrics all Fields,,,,,
RFCB28YF,1000,"HYBRID, ARAMID/NYLON 6.6, (1100/1+1100/1",FABR,CB,YF,28,NON,221,75,59.0,28.0,221,,,,Fabrics all Fields,,,,,
RFCE16WA,1000,"HYBRID, ARAMID/NYLON 6.6, (1100/1+1400/1",FABR,CE,WA,16,NON,221,59,62.0,16.0,221,,,,Fabrics all Fields,,,,,
RFCE2854,1000,MERGE CORD 1000 ARAMID / 1260 NYLON,FABR,,,,,0,0,62.0,28.0,0,,,,Fabrics all Fields,,,,,
RFCE28WA,1000,"HYBRID, ARAMID/NYLON 6.6, (1100/1+1400/1",FABR,CE,WA,28,NON,221,59,62.0,28.0,221,,,,Fabrics all Fields,,,,,
RFCF20YF,1500,"HYBRID, ARAMID/NYLON 6.6, (1670/1+940/1)",FABR,CF,YF,20,EXT,221,75,62.0,20.0,221,,,,Fabrics all Fields,,,,,
RFCH16WA,600,"HYBRID, ARAMID/NYLON 6.6, (670/1+470/1)/",FABR,CH,WA,16,NON,221,59,62.0,16.0,221,,,,Fabrics all Fields,,,,,
RFCH16WAC,600,MERGE CORD 670/1 ARAMID / 467/1 NYLON,FABR,,,,,0,0,60.0,16.0,0,,,,Fabrics all Fields,,,,,
RFCJ24WA,1000,"HYBRID, ARAMID/NYLON 6.6, (1100/1+1400/1",FABR,CJ,WA,24,NON,221,59,62.0,24.0,221,,,,Fabrics all Fields,,,,,
RFDC20JH,840,840/2 0.022 20 EPI RED NYLON FOR LUX,FABR,,,,,0,0,62.0,20.0,0,,,,Fabrics all Fields,,,,,
RFDC21DH,840,"NYLON, N6.6 RED, 940/1/2, 12.0/12.0, 21.",FABR,DC,DH,21,NON,221,59,62.0,21.0,221,,,,Fabrics all Fields,,,,,
RFDC21JH,840,840/2 0.022 21 EPI RED NYLON FOR LUX,FABR,,,,,0,0,62.0,21.0,0,,,,Fabrics all Fields,,,,,
RFF00002,990,990/1 0.040 18 EPI FIBERGLASS FABRIC,FABR,,,,,0,0,59.0,18.0,0,,,,Fabrics all Fields,,,,,
RFF00003,3000,UTICA 3300/1 1.5TPI 12EPI FIBERGLASS,FABR,,,,,0,0,60.0,12.0,0,,,,Fabrics all Fields,,,,,
RFF00004,3000,3000/1 1.5TPI 16EPI FIBERGLASS,FABR,,,,,0,0,60.0,16.0,0,,,,Fabrics all Fields,,,,,
RFF00005,6000,3000/2 0.031 20 EPI FIBERGLASS FABRIC,FABR,,,,,0,0,59.0,20.0,0,,,,Fabrics all Fields,,,,,
RFF00006,9000,3000/3 0.040 18 EPI FIBERGLASS FABRIC,FABR,,,,,0,0,59.0,18.0,0,,,,Fabrics all Fields,,,,,
RFF00008,3000,3000/2 0.031 20 EPI FIBERGLASS FABRIC,FABR,,,,,0,0,59.0,20.0,0,,,,Fabrics all Fields,,,,,
RFF00010,660,660/1 0.031 20 EPI FIBERGLASS FABRIC,FABR,,,,,0,0,59.0,20.0,0,,,,Fabrics all Fields,,,,,
RFF00011,3000,3300/2  1.5 TPI 20 EPI FIBERGLASS FABRIC,FABR,,,,,0,0,59.0,20.0,0,,,,Fabrics all Fields,,,,,
RFF00012,3000,3300/1 1.5TPI 16EPI FIBERGLASS,FABR,,,,,0,0,59.0,16.0,0,,,,Fabrics all Fields,,,,,
RFF00013,3000,3300/2  1.5 TPI 20 EPI FIBERGLASS FABRIC,FABR,,,,,0,0,59.0,20.0,0,,,,Fabrics all Fields,,,,,
RFF00014,3300,3300/2 0.031 20 EPI FIBERGLASS FABRIC,FABR,,,,,0,0,59.0,20.0,0,,,,Fabrics all Fields,,,,,
RFF00015,3000,3000/2 0.031 20 EPI FIBERGLASS FABRIC,FABR,,,,,0,0,59.0,20.0,0,,,,Fabrics all Fields,,,,,
RFF113SA,660,660/1 0.031 20 EPI FIBERGLASS FABRIC,FABR,,,,,0,0,59.0,20.0,0,,,,Fabrics all Fields,,,,,
RFF118SA,660,660/1 0.031 20 EPI FIBERGLASS FABRIC,FABR,,,,,0,0,59.0,20.0,0,,,,Fabrics all Fields,,,,,
RFF121SA,990,990/1 0.040 16 EPI FIBERGLASS FABRIC,FABR,,,,,0,0,59.0,16.0,0,,,,Fabrics all Fields,,,,,
RFF122SA,330,330/1 0.022 24 EPI FIBERGLASS FABRIC,FABR,,,,,0,0,59.0,24.0,0,,,,Fabrics all Fields,,,,,
RFF123SA,990,990/1 0.040 18 EPI FIBERGLASS FABRIC,FABR,,,,,0,0,59.0,18.0,0,,,,Fabrics all Fields,,,,,
RFF124SA,660,660/1 0.031 20 EPI FIBERGLASS FABRIC,FABR,,,,,0,0,59.0,20.0,0,,,,Fabrics all Fields,,,,,
RFF127SA,660,660/1 0.031 20 EPI FIBERGLASS FABRIC,FABR,,,,,0,0,59.0,20.0,0,,,,Fabrics all Fields,,,,,
RFF156SA,600,600/5 0.22 24EPI FIBERGLASS FABRIC,FABR,,,,,0,0,56.5,24.7,0,,,,Fabrics all Fields,,,,,
RFF157SA,330,     330'S FIBERGLASS 28EPI,FABR,,,,,0,0,41.4,28.0,0,,,,Fabrics all Fields,,,,,
RFF158SA,660,     20 EPI 660'S FIBERGLASS,FABR,,,,,0,0,59.0,20.0,0,,,,Fabrics all Fields,,,,,
RFF159SA,3300,3300/3 FIBERGLASS,FABR,,,,,0,0,59.0,16.0,0,,,,Fabrics all Fields,,,,,
RFF160SA,990,9900/1 FIBERGLASS 18EPI UTICA WEAVE,FABR,,,,,0,0,59.0,18.0,0,,,,Fabrics all Fields,,,,,
RFF161SA,660,6600/1 FIBERGLASS 20 EPI UTICA WEAVE,FABR,,,,,0,0,59.0,20.0,0,,,,Fabrics all Fields,,,,,
RFF162SA,990,9900/1 0.040 18 EPI FG AGY UTICA FABRIC,FABR,,,,,0,0,59.0,18.0,0,,,,Fabrics all Fields,,,,,
RFF163A,990,9900/1 0.040 18 EPI FG OCF UTICA FABRIC,FABR,,,,,0,0,59.0,18.0,0,,,,Fabrics all Fields,,,,,
RFF163SA,990,9900/1 0.040 18 EPI FG OCF UTICA FABRIC,FABR,,,,,0,0,59.0,18.0,0,,,,Fabrics all Fields,,,,,
RFF164SA,3000,3300/1 1.5TPI 16EPI OCF BELGIUM UTICA,FABR,,,,,0,0,60.0,16.0,0,,,,Fabrics all Fields,,,,,
RFF165SA,3000,3300/1 1.5TPI 0.022 16EPI FG AGY UTICA,FABR,,,,,0,0,60.0,16.0,0,,,,Fabrics all Fields,,,,,
RFF166SA,3000,UTICA 3300/1 1.5TPI FG OCF CANADA YARN,FABR,,,,,0,0,60.0,16.0,0,,,,Fabrics all Fields,,,,,
RFF167SA,990,UTICA 9900/1 0.040 17.4EPI OCF FG YARN,FABR,,,,,0,0,59.0,18.0,0,,,,Fabrics all Fields,,,,,
RFF168SA,990,990/1 0.040 12 EPI FIBERGLASS FABRIC,FABR,,,,,0,0,57.0,12.0,0,,,,Fabrics all Fields,,,,,
RFF169SA,990,990/1 0.040 18 EPI FIBERGLASS FABRIC,FABR,,,,,0,0,59.0,18.0,0,,,,Fabrics all Fields,,,,,
RFF170SA,990,990/1 0.040 18 EPI FIBERGLASS FABRIC,FABR,,,,,0,0,59.0,18.0,0,,,,Fabrics all Fields,,,,,
RFG00003,1890,1890/2 0.031 23 EPI NYLON 66 59IN WIDE,FABR,,,,,0,0,64.0,23.0,0,,,,Fabrics all Fields,,,,,
RFG00009,3000,3300/1 1.5TPI 16EPI FIBERGLASS,FABR,,,,,0,0,60.0,16.0,0,,,,Fabrics all Fields,,,,,
RFGA16SA,3000,"FIBERGLASS, 3300/1, /1.5, 16.00 EPI, SA",FABR,GA,SA,16,NON,221,79,60.0,16.0,221,,,,Fabrics all Fields,,,,,
RFGA16SF,2970,"2970, 1, 1.55, 0.56, 1450, 913, FIBERGLA",FABR,,,,,0,0,1450.0,0.0,0,,,,Fabrics all Fields,,,,,
RFGB20SA,3000,"FIBERGLASS, 3300/2, /1.5, 20.00 EPI, SA",FABR,GB,SA,20,NON,221,79,59.0,20.0,221,,,,Fabrics all Fields,,,,,
RFGBW6ST,3000,"FIBERGLASS, 3300/2, /1.5, 18.60 EPI, ST",FABR,GB,ST,W6,NON,221,59,0.0,18.6,221,,,,Fabrics all Fields,,,,,
RFGD16SA,990,990/1 0.040 16 EPI FIBERGLASS FABRIC,FABR,,,,,0,0,59.0,16.0,0,,,,Fabrics all Fields,,,,,
RFGD18SA,990,990/1 0.040 18 EPI FIBERGLASS FABRIC,FABR,,,,,0,0,59.0,18.0,0,,,,Fabrics all Fields,,,,,
RFGF16SA,3000,UTICA 3300/1 1.5 TPI 16 EPI 2.0 PPI FG,FABR,,,,,0,0,60.0,16.0,0,,,,Fabrics all Fields,,,,,
RFGTC1236SC,1650,1650/2 0.026 30 EPI RAYON FABRIC,FABR,,,,,0,0,64.0,30.0,0,,,,Fabrics all Fields,,,,,
RFGTC2747JA,1260,1260/2 0.026 23 EPI NYLON 66 FABRIC,FABR,,,,,0,0,62.0,23.0,0,,,,Fabrics all Fields,,,,,
RFGTC2751ZA,1260,1260/1 4.5TPI 32EPI NYLON 66 PINK DIP,FABR,,,,,0,0,62.0,32.0,0,,,,Fabrics all Fields,,,,,
RFGTC2751ZO,1260,1260/1 4.5TPI 32EPI NYLON 66 PINK DIP,FABR,,,,,0,0,62.0,32.0,0,,,,Fabrics all Fields,,,,,
RFGTC2818,840,"NYLON, N4.10, 940/1/2, 12.0/12.0, 32.00",FABR,1E,ZO,32,NON,221,59,0.0,32.0,221,,,,Fabrics all Fields,,,,,
RFGTC2819,1260,"NYLON, N6.6, 1400/1/1, /4.6, 32.00 EPI,",FABR,1J,ZO,32,NON,221,59,0.0,32.0,221,,,,Fabrics all Fields,,,,,
RFGTC3651CF,1000,1000/1/2 0.022 28 EPI PINK DIP PET,FABR,,,,,0,0,62.0,28.0,0,,,,Fabrics all Fields,,,,,
RFGTC3652CF,1300,1300/2 0.026 32EPI PINK DIP POLYESTER,FABR,,,,,0,0,62.0,32.0,0,,,,Fabrics all Fields,,,,,
RFGTC3655HA,1000,1000/2 0.022 27EPI LSHM POLYESTER FABRIC,FABR,,,,,0,0,64.0,27.0,0,,,,Fabrics all Fields,,,,,
RFGTC3661HF,1000,1000/1/2 0.022 27 EPI 57 WIDE HMLS PET,FABR,,,,,0,0,62.0,27.0,0,,,,Fabrics all Fields,,,,,
RFGTC3748CX,1000,"PET, HMLS NAA, 1100/1/2, 12.0/12.0, 28.0",FABR,TC,CX,28,EXT,221,59,0.0,28.0,221,,,,Fabrics all Fields,,,,,
RFGTC3749CX,1300,"PET, HMLS NAA, 1440/1/2, 9.0/9.0, 32.00",FABR,TU,CX,32,EXT,221,59,0.0,32.0,221,,,,Fabrics all Fields,,,,,
RFGTC3810,1300,"PET, HMLS NAA, 1440/1/2, 9.0/9.0, 32.00",FABR,TU,CX,32,EXT,221,59,0.0,32.0,221,,,,Fabrics all Fields,,,,,
RFGTC3811,1500,"PET, HMLS NAA, 1670/1/2, 8.5/8.5, 27.00",FABR,TV,CN,27,NON,221,59,0.0,27.0,221,,,,Fabrics all Fields,,,,,
RFH00001,3000,3000/2 ARAMID/1680/1 NYLON MERGE CORD,FABR,,,,,0,0,62.0,16.0,0,,,,Fabrics all Fields,,,,,
RFH00002,1000,"HYBRID CORD AR 950/3, N66 467/1",FABR,,,,,0,0,64.0,20.0,0,,,,Fabrics all Fields,,,,,
RFH00003,600,MERGE CORD 670/1 ARAMID / 467/1 NYLON,FABR,,,,,0,0,62.0,16.0,0,,,,Fabrics all Fields,,,,,
RFH00004,850,"MERGE CORD AR950/1, N661100/1, PET1100/1",FABR,,,,,0,0,62.0,20.0,0,,,,Fabrics all Fields,,,,,
RFH09LP19JA,1890,1890/3 0.031 19 EPI NYLON 6 FABRIC,FABR,,,,,0,0,62.0,19.0,0,,,,Fabrics all Fields,,,,,
RFH09LP23JA,1890,1890/2 0.031 23 EPI NYLON 6 FABRIC,FABR,,,,,0,0,62.0,23.0,0,,,,Fabrics all Fields,,,,,
RFH32057,1305,HYBRID CORD ARAMID(1)-1500/NYLON(1)-840,FABR,,,,,0,0,62.0,20.0,0,,,,Fabrics all Fields,,,,,
RFH32058,1500,MERGE CORD 1500 ARAMID / 1260 NYLON,FABR,,,,,0,0,62.0,28.0,0,,,,Fabrics all Fields,,,,,
RFH32061,1000,MERGE CORD 1000 ARAMID / 1260 NYLON,FABR,,,,,0,0,62.0,16.0,0,,,,Fabrics all Fields,,,,,
RFH32063,600,MERGE CORD 670/1 ARAMID / 467/1 NYLON,FABR,,,,,0,0,62.0,16.0,0,,,,Fabrics all Fields,,,,,
RFH32064,600,MERGE CORD 670/1 ARAMID / 467/1 NYLON,FABR,,,,,0,0,62.0,16.0,0,,,,Fabrics all Fields,,,,,
RFH32065,1000,MERGE CORD 1000 ARAMID / 1260 NYLON,FABR,,,,,0,0,62.0,16.0,0,,,,Fabrics all Fields,,,,,
RFH32066,600,MERGE CORD 670/1 ARAMID / 467/1 NYLON,FABR,,,,,0,0,62.0,16.0,0,,,,Fabrics all Fields,,,,,
RFH32067,600,MERGE CORD 670/1 ARAMID / 467/1 NYLON,FABR,,,,,0,0,62.0,16.0,0,,,,Fabrics all Fields,,,,,
RFH32068,600,MERGE CORD 670/1 ARAMID / 467/1 NYLON,FABR,,,,,0,0,62.0,16.0,0,,,,Fabrics all Fields,,,,,
RFH32069,600,MERGE CORD 670/1 ARAMID / 467/1 NYLON,FABR,,,,,0,0,62.0,16.0,0,,,,Fabrics all Fields,,,,,
RFH32071,1000,1000 ARAMID + 1000 PET 13.9X13.9 27 EPI,FABR,,,,,0,0,64.0,27.0,0,,,,Fabrics all Fields,,,,,
RFH32072,875,750 ARAMID + 1000 PET 14.8X14.8 27 EPI,FABR,,,,,0,0,64.0,27.0,0,,,,Fabrics all Fields,,,,,
RFH32073,1250,1200 ARAMID + 1300 PET 12.4X12.4 27 EPI,FABR,,,,,0,0,64.0,27.0,0,,,,Fabrics all Fields,,,,,
RFH32074,1000,600 ARAMID + 2000 PET 12.2X12.2 27 EPI,FABR,,,,,0,0,64.0,27.0,0,,,,Fabrics all Fields,,,,,
RFH32075,1250,2000 ARAMID + 500 PET 12.4X12.4 27 EPI,FABR,,,,,0,0,64.0,27.0,0,,,,Fabrics all Fields,,,,,
RFH32076,600,MERGE CORD 670/1 ARAMID / 467/1 NYLON HT,FABR,,,,,0,0,62.0,16.0,0,,,,Fabrics all Fields,,,,,
RFH32077,600,MERGE CORD 670/1 ARAMID / 467/1 NYLON 17,FABR,,,,,0,0,62.0,16.0,0,,,,Fabrics all Fields,,,,,
RFH32078,1000,MERGE CORD 1000 ARAMID / 1260 NYLON,FABR,,,,,0,0,62.0,16.0,0,,,,Fabrics all Fields,,,,,
RFH32079,1250,1200 AR + 1300 PET 12.4+16X12.4 27 EPI,FABR,,,,,0,0,64.0,27.0,0,,,,Fabrics all Fields,,,,,
RFH32080,1250,1200 AR + 1300 PET 12.4+16X12.4 20 EPI,FABR,,,,,0,0,64.0,20.0,0,,,,Fabrics all Fields,,,,,
RFH32081,600,MERGE CORD 670/1 ARAMID / 467/1 NYLON,FABR,,,,,0,0,62.0,16.0,0,,,,Fabrics all Fields,,,,,
RFH32082,600,MERGE CORD 670/1 ARAMID / 467/1 NYLON,FABR,,,,,0,0,62.0,16.0,0,,,,Fabrics all Fields,,,,,
RFH32083,600,MERGE CORD 670/1 ARAMID / 467/1 NYLON,FABR,,,,,0,0,62.0,16.0,0,,,,Fabrics all Fields,,,,,
RFH32084,600,"HYBRID, ARAMID/NYLON 6.6, (670/1+470/1)/",FABR,CH,WA,16,NON,221,118,0.0,16.0,221,,,,Fabrics all Fields,,,,,
RFH32085,1000,"HYBRID, ARAMID/NYLON 6.6, (1100/1+1100/1",FABR,1K,DH,11,NON,221,59,0.0,11.0,221,,,,Fabrics all Fields,,,,,
RFHS0002,3000,3000/2 ARAMID/1680/1 NYLON MERGE CORD,FABR,,,,,0,0,0.512,17.6,0,,,,Fabrics all Fields,,,,,
RFID20JA,1680,1680/2 0.029 20EPI NYLON 6 FABRIC,FABR,,,,,0,0,62.0,20.0,0,,,,Fabrics all Fields,,,,,
RFID20MA,1680,"NYLON, N6, 1880/1/2, 8,5/8,5, 20,00 EPI,",FABR,ID,MA,20,NON,221,59,1400.0,20.0,221,,,,Fabrics all Fields,,,,,
RFID20MC,1680,1680/2 0.75 20 EPI NYLON 6,FABR,,,,,0,0,1448.0,0.0,0,,,,Fabrics all Fields,,,,,
RFID20SA,1680,1680/2 0.75 20 EPI NYLON 6,FABR,,,,,0,0,1448.0,0.0,0,,,,Fabrics all Fields,,,,,
RFID20SD,1680,"NYLON, N6, 1880/1/2, 8,5/8,5, 20,00 EPI,",FABR,ID,SD,20,NON,221,59,1448.0,20.0,221,,,,Fabrics all Fields,,,,,
RFID25JA,1680,1680/2 0.029 25EPI NYLON 6 FABRIC,FABR,,,,,0,0,62.0,25.0,0,,,,Fabrics all Fields,,,,,
RFID25MA,1680,"NYLON, N6, 1880/1/2, 8,5/8,5, 25,00 EPI,",FABR,ID,MA,25,NON,221,59,1400.0,25.0,221,,,,Fabrics all Fields,,,,,
RFID25MC,1680,1680/2 0.75 25 EPI NYLON 6,FABR,,,,,0,0,1448.0,0.0,0,,,,Fabrics all Fields,,,,,
RFID25MF,1680,1680/2 0.75 25 EPI NYLON 6,FABR,,,,,0,0,1400.0,0.0,0,,,,Fabrics all Fields,,,,,
RFID25SA,1680,1680/2 0.75 25 EPI NYLON 6,FABR,,,,,0,0,1448.0,0.0,0,,,,Fabrics all Fields,,,,,
RFID25SD,1680,"NYLON, N6, 1880/1/2, 8,5/8,5, 25,00 EPI,",FABR,ID,SD,25,NON,221,59,1448.0,25.0,221,,,,Fabrics all Fields,,,,,
RFJC21QH,840,"NYLON, N6.6 HT, 940/1/2, 12,0/12,0, 21,0",FABR,JC,QH,21,NON,221,59,0.0,21.0,221,,,,Fabrics all Fields,,,,,
RFJF1845,1260,1260/2 0.026 18 EPI T802 NYLON FABRIC,FABR,,,,,0,0,62.0,18.0,0,,,,Fabrics all Fields,,,,,
RFJF1898,1260,1260/2 0.026 18EPI T802 NYLON FABRIC,FABR,,,,,0,0,62.0,18.0,0,,,,Fabrics all Fields,,,,,
RFJF18DH,1260,1260/2 0.026 18 EPI T802 NYLON FABRIC,FABR,,,,,0,0,62.0,18.0,0,,,,Fabrics all Fields,,,,,
RFJF2372,1260,     1260/2 T802 NYLON FABRIC,FABR,,,,,0,0,62.0,23.0,0,,,,Fabrics all Fields,,,,,
RFJF23DH,1260,"NYLON, N6.6 HT, 1400/1/2, 10,0/10,0, 23,",FABR,JF,DH,23,,0,0,62.0,23.0,0,,,,Fabrics all Fields,,,,,
RFJF2661,1260,1260/1/2 NYLON 66 T802 FABRIC 26EPI,FABR,,,,,0,0,62.0,26.0,0,,,,Fabrics all Fields,,,,,
RFJF26DR,1260,"NYLON, N6.6 HT, 1400/1/2, 10,0/10,0, 26,",FABR,JF,DR,26,NON,221,59,62.0,26.0,221,,,,Fabrics all Fields,,,,,
RFJF3022,1260,1260/1/2 NYLON66 30EPI,FABR,,,,,0,0,62.0,30.0,0,,,,Fabrics all Fields,,,,,
RFJF3092,1260,1260/2 0.026 30EPI T802 NYLON FABRIC,FABR,,,,,0,0,62.0,30.0,0,,,,Fabrics all Fields,,,,,
RFJF30DH,1260,1260/2 0.026 30 EPI T802 NYLON FABRIC,FABR,,,,,0,0,62.0,30.0,0,,,,Fabrics all Fields,,,,,
RFJF30DR,1260,"NYLON, N6.6 HT, 1400/1/2, 10,0/10,0, 30,",FABR,JF,DR,30,NON,221,59,0.0,30.0,221,,,,Fabrics all Fields,,,,,
RFJH1960,1260,1260/1/3 NYLON 66 T802 19 EPI FABRIC,FABR,,,,,0,0,62.0,19.0,0,,,,Fabrics all Fields,,,,,
RFJH19DR,1260,"NYLON, N6.6 HT, 1400/1/3, 8,0/8,0, 19,00",FABR,JH,DR,19,NON,328,59,62.0,19.0,295,,,,Fabrics all Fields,,,,,
RFJH23DH,1260,"NYLON, N6.6 HT, 1400/1/3, 8,0/8,0, 23,00",FABR,JH,DH,23,,0,0,62.0,23.0,0,,,,Fabrics all Fields,,,,,
RFJH23DR,1260,"NYLON, N6.6 HT, 1400/1/3, 8,0/8,0, 23,00",FABR,JH,DR,23,NON,328,59,62.0,23.0,295,,,,Fabrics all Fields,,,,,
RFJH23QH,1260,"1260/3 T802 TYPE NYLON 6,6 FABRIC",FABR,,,,,0,0,62.0,23.0,0,,,,Fabrics all Fields,,,,,
RFJH23QR,1260,"NYLON, N6.6 HT, 1400/1/3, 8,0/8,0, 23,00",FABR,JH,QR,23,NON,221,59,64.0,23.0,221,,,,Fabrics all Fields,,,,,
RFJH26DH,1260,1260/3 0.031 26 EPI NYLON 66 FABRIC,FABR,,,,,0,0,62.0,26.0,0,,,,Fabrics all Fields,,,,,
RFJM16DH,1890,"NYLON, N6.6 HT, 2100/1/3, 6,0/6,0, 16,00",FABR,JM,DH,16,NON,245,59,62.0,16.0,221,,,,Fabrics all Fields,,,,,
RFJM20DH,1890,"NYLON, N6.6 HT, 2100/1/3, 6,0/6,0, 20,00",FABR,JM,DH,20,NON,245,59,62.0,20.0,221,,,,Fabrics all Fields,,,,,
RFJM20DHK,1890,"1890/3 0.040 20 EPI T802 NY FABRIC 46""W",FABR,,,,,0,0,50.0,20.0,0,,,,Fabrics all Fields,,,,,
RFJM2258,1890,1890/3 0.040 22 EPI TYPE802 NYLON FABRI,FABR,,,,,0,0,62.0,21.4,0,,,,Fabrics all Fields,,,,,
RFJM2293,1890,1890/3 0.040 22EPI T802 NYLON FABRIC,FABR,,,,,0,0,62.0,21.4,0,,,,Fabrics all Fields,,,,,
RFJM22DH,1890,"NYLON, N6.6 HT, 2100/1/3, 6,0/6,0, 22,00",FABR,JM,DH,22,NON,245,59,62.0,22.0,221,,,,Fabrics all Fields,,,,,
RFJN18DH,1890,"NYLON, N6.6 HT, 2100/2/2, 4,0/4,0, 18,00",FABR,JN,DH,18,NON,221,59,62.0,18.0,221,,,,Fabrics all Fields,,,,,
RFJPA6DR,1890,"NYLON, N6.6 HT, 2100/1/2, 10,0/10,0, 21,",FABR,JP,DR,A6,NON,221,59,0.0,21.6,221,,,,Fabrics all Fields,,,,,
RFJR18DH,1890,"NYLON, N6.6 HT, 2100/2/2, 5,0/6,0, 18,00",FABR,JR,DH,18,NON,221,59,62.0,18.0,221,,,,Fabrics all Fields,,,,,
RFK00001,9000,9000/1 0.042 12 EPI HYTEN FABRIC,FABR,,,,,0,0,61.0,12.0,0,,,,Fabrics all Fields,,,,,
RFK00002,9000,9000/1 0.042 12 EPI HYTEN FABRIC,FABR,,,,,0,0,59.0,12.0,0,,,,Fabrics all Fields,,,,,
RFK00003,4100,4100 DENIER NYLON66 MONOFIL 4100C 14EPI,FABR,,,,,0,0,62.0,14.0,0,,,,Fabrics all Fields,,,,,
RFK00004,4000,4000D NYLON MONOFILAMENT AT 18EPI,FABR,,,,,0,0,62.0,18.0,0,,,,Fabrics all Fields,,,,,
RFK00005,9000,9000/1 0.042 12 EPI HYTEN FABRIC,FABR,,,,,0,0,61.0,12.0,0,,,,Fabrics all Fields,,,,,
RFK00006,850,850/1 0.013 26EPI N66 MONOFIL TOEGUARD,FABR,,,,,0,0,62.0,26.0,0,,,,Fabrics all Fields,,,,,
RFK00007,850,850/1 0.013 26EPI N66 MONOFIL TOEGUARD,FABR,,,,,0,0,62.0,26.0,0,,,,Fabrics all Fields,,,,,
RFK00008,4100,4100 DENIER NYLON66 MONOFIL 4100C 14EPI,FABR,,,,,0,0,62.0,14.0,0,,,,Fabrics all Fields,,,,,
RFK00009,9000,9000/1 0.042 12 EPI HYTEN FABRIC,FABR,,,,,0,0,61.0,12.0,0,,,,Fabrics all Fields,,,,,
RFK00010,4000,4000D NYLON MONOFILAMENT AT 18EPI,FABR,,,,,0,0,62.0,18.0,0,,,,Fabrics all Fields,,,,,
RFK00011,9000,9000/1 0.042 12 EPI HYTEN FABRIC,FABR,,,,,0,0,59.0,12.0,0,,,,Fabrics all Fields,,,,,
RFK00012,730,"730/3 NYLON 6,6 TWISTED MONOFIL 21 EPI",FABR,,,,,0,0,62.0,21.0,0,,,,Fabrics all Fields,,,,,
RFKB15JR,3000,3000/1 0.042 15 EPI HYTEN FABRIC,FABR,,,,,0,0,62.0,15.0,0,,,,Fabrics all Fields,,,,,
RFKB15WF,3000,3000/1 0.025 15 EPI HYTEN NYLON FABRIC,FABR,,,,,0,0,62.0,15.0,0,,,,Fabrics all Fields,,,,,
RFKC14DH,4000,"NYLON, N6.6 MONOFILAMENT, 4400/1, 14,00",FABR,KC,DH,14,NON,221,59,62.0,14.0,221,,,,Fabrics all Fields,,,,,
RFKC1829,4000,4000/1 0.028 18 EPI HYTEN NYLON FABRIC,FABR,,,,,0,0,62.0,18.0,0,,,,Fabrics all Fields,,,,,
RFKC18DH,4000,"NYLON, N6.6 MONOFILAMENT, 4400/1, 18,00",FABR,KC,DH,18,NON,221,59,62.0,18.0,221,,,,Fabrics all Fields,,,,,
RFKC18DHK,4000,"4000D NYLON MONOFILAMENT AT 18EPI 46""",FABR,,,,,0,0,50.0,18.0,0,,,,Fabrics all Fields,,,,,
RFKC18JR,4000,4000/1 0.028 18 EPI HYTEN NYLON FABRIC,FABR,,,,,0,0,62.0,18.0,0,,,,Fabrics all Fields,,,,,
RFKC18WJ,4000,4000/1 0.015 18 EPI HYTEN NYLON FABRIC,FABR,,,,,0,0,62.0,18.0,0,,,,Fabrics all Fields,,,,,
RFKD12,9000,9000/1 0.042 12 EPI HYTEN FABRIC,FABR,,,,,0,0,61.0,0.0,0,,,,Fabrics all Fields,,,,,
RFKD1243,9000,NYLON 66 MONOFILAMENT 9000 DEN 12 EPI,FABR,,,,,0,0,61.0,12.0,0,,,,Fabrics all Fields,,,,,
RFKD12QA,9000,"NYLON, N6.6 MONOFILAMENT, 10000/1, 12,00",FABR,KD,QA,12,NON,221,569,61.0,12.0,221,,,,Fabrics all Fields,,,,,
RFKD12QAO,9000,9000/1 0.042 12 EPI HYTEN FABRIC,FABR,,,,,0,0,59.0,12.0,0,,,,Fabrics all Fields,,,,,
RFKD14GF,9000,"9000, 1, BLANK, 1060, 1499, 826, NYLON 6",FABR,,,,,0,0,1499.0,0.0,0,,,,Fabrics all Fields,,,,,
RFKD15QA,9000,9000/1 0.042 15 EPI HYTEN FABRIC,FABR,,,,,0,0,56.0,15.0,0,,,,Fabrics all Fields,,,,,
RFKG15JR,3800,"3800/1/1 NYLON 6,6 MONOFILAMENT",FABR,,,,,0,0,62.0,15.0,0,,,,Fabrics all Fields,,,,,
RFL00007,1260,"1260/2 0.026 30 EPI NYLON UTICA 46""WIDE",FABR,,,,,0,0,48.0,30.0,0,,,,Fabrics all Fields,,,,,
RFL00027,840,840/2 0.022 16 EPI NYLON 6 FABRIC,FABR,,,,,0,0,62.0,16.0,0,,,,Fabrics all Fields,,,,,
RFL00028,1260,1260/2 0.026 23 EPI NYLON 6 FABRIC,FABR,,,,,0,0,62.0,23.0,0,,,,Fabrics all Fields,,,,,
RFL00029,1260,1260/2 0.026 26 EPI NYLON 6 FABRIC,FABR,,,,,0,0,62.0,26.0,0,,,,Fabrics all Fields,,,,,
RFL00030,840,840/2 0.022 33 EPI NYLON 6 FABRIC,FABR,,,,,0,0,62.0,33.0,0,,,,Fabrics all Fields,,,,,
RFL00031,1890,1890/2 0.031 19 EPI NYLON 6 FABRIC,FABR,,,,,0,0,62.0,19.0,0,,,,Fabrics all Fields,,,,,
RFL00034,1890,1890/2 0.031 19 EPI NYLON 6 FABRIC,FABR,,,,,0,0,62.0,19.0,0,,,,Fabrics all Fields,,,,,
RFL00035,1890,1890/2 0.031 23 EPI NYLON 6 FABRIC,FABR,,,,,0,0,62.0,23.0,0,,,,Fabrics all Fields,,,,,
RFL00038,1890,1890/2 0.031 23 EPI NYLON 6 FABRIC,FABR,,,,,0,0,62.0,23.0,0,,,,Fabrics all Fields,,,,,
RFL00039,840,"NYLON, N6, 940/1/2, 12.0/12.0, 27.00 EPI",FABR,LC,MA,27,NON,221,59,0.0,27.0,221,,,,Fabrics all Fields,,,,,
RFL00040,1260,"NYLON, N6, 1400/1/2, 10.0/10.0, 25.00 EP",FABR,LF,MA,25,NON,221,79,0.0,25.0,221,,,,Fabrics all Fields,,,,,
RFL00043,1260,"NYLON, N6, 1400/1/2, 10,0/10,0, 26,00 EP",FABR,LF,JA,26,NON,221,59,0.0,26.0,221,,,,Fabrics all Fields,,,,,
RFLC16,840,840/2 0.022 16 EPI NYLON 6 FABRIC,FABR,,,,,0,0,62.0,0.0,0,,,,Fabrics all Fields,,,,,
RFLC16KA,840,"NYLON, N6, 940/1/2, 12,0/12,0, 16,00 EPI",FABR,LC,KA,16,NON,265,78,62.0,16.0,265,,,,Fabrics all Fields,,,,,
RFLC16MA,840,840/2 0.55 16 EPI NYLON 6,FABR,,,,,0,0,1400.0,0.0,0,,,,Fabrics all Fields,,,,,
RFLC16QA,840,"NYLON, N6, 940/1/2, 12.0/12.0, 16.00 EPI",FABR,LC,QA,16,NON,221,59,62.0,16.0,221,,,,Fabrics all Fields,,,,,
RFLC16SA,840,840/2 0.56 16 EPI NYLON 6,FABR,,,,,0,0,1448.0,0.0,0,,,,Fabrics all Fields,,,,,
RFLC16SD,840,"NYLON, N6, 940/1/2, 12,0/12,0, 16,00 EPI",FABR,LC,SD,16,NON,221,79,57.0,16.0,221,,,,Fabrics all Fields,,,,,
RFLC16UA,840,840/2 0.022 16 EPI NYLON 6 FABRIC,FABR,,,,,0,0,62.0,16.0,0,,,,Fabrics all Fields,,,,,
RFLC16UG,840,840/2 0.022 16 EPI NYLON 6 FABRIC,FABR,,,,,0,0,62.0,16.0,0,,,,Fabrics all Fields,,,,,
RFLC20UA,840,840/2 0.56 20 EPI NYLON 6,FABR,,,,,0,0,1448.0,0.0,0,,,,Fabrics all Fields,,,,,
RFLC22PA,840,840/2 0.022 16 EPI NYLON 6 FABRIC,FABR,,,,,0,0,62.0,22.0,0,,,,Fabrics all Fields,,,,,
RFLC27MA,840,"NYLON, N6, 940/1/2, 12,0/12,0, 27,00 EPI",FABR,LC,MA,27,NON,221,59,1400.0,27.0,221,,,,Fabrics all Fields,,,,,
RFLC30GA,840,840/2 0.56 30 EPI NYLON 6,FABR,,,,,0,0,1448.0,0.0,0,,,,Fabrics all Fields,,,,,
RFLC30QA,840,840/2 0.55 30 EPI NYLON 6,FABR,,,,,0,0,1400.0,0.0,0,,,,Fabrics all Fields,,,,,
RFLC33JA,840,840/2 0.022 33 EPI NYLON 6 FABRIC,FABR,,,,,0,0,62.0,33.0,0,,,,Fabrics all Fields,,,,,
RFLC33PA,840,840/2 0.022 16 EPI NYLON 6 FABRIC,FABR,,,,,0,0,62.0,33.0,0,,,,Fabrics all Fields,,,,,
RFLF18JA,1260,1260/2 0.026 18 EPI NYLON 6 FABRIC,FABR,,,,,0,0,62.0,18.0,0,,,,Fabrics all Fields,,,,,
RFLF18QA,1260,1260/2 0.026 18 EPI NYLON 6 FABRIC,FABR,,,,,0,0,62.0,18.0,0,,,,Fabrics all Fields,,,,,
RFLF23CA,1260,1260/2 0.026 23 EPI NYLON 6 FABRIC,FABR,,,,,0,0,62.0,23.0,0,,,,Fabrics all Fields,,,,,
RFLF23GA,1260,1260/2 0.026 23 EPI NYLON 6 FABRIC,FABR,,,,,0,0,62.0,23.0,0,,,,Fabrics all Fields,,,,,
RFLF23JA,1260,"NYLON, N6, 1400/1/2, 10,0/10,0, 23,00 EP",FABR,LF,JA,23,NON,221,59,62.0,23.0,221,,,,Fabrics all Fields,,,,,
RFLF23MA,1260,"NYLON, N6, 1400/1/2, 10,0/10,0, 23,00 EP",FABR,LF,MA,23,NON,221,59,62.0,23.0,221,,,,Fabrics all Fields,,,,,
RFLF23MF,1260,1260/2 0.66 23 EPI NYLON 6,FABR,,,,,0,0,1400.0,0.0,0,,,,Fabrics all Fields,,,,,
RFLF23PA,1260,1260/2 0.026 23 EPI NYLON 6 FABRIC,FABR,,,,,0,0,62.0,23.0,0,,,,Fabrics all Fields,,,,,
RFLF23SD,1260,"NYLON, N6, 1400/1/2, 10,0/10,0, 23,00 EP",FABR,LF,SD,23,NON,221,59,1448.0,23.0,221,,,,Fabrics all Fields,,,,,
RFLF23TS,1260,1260/2 0.026 23 EPI NYLON 6 FABRIC,FABR,,,,,0,0,62.0,23.0,0,,,,Fabrics all Fields,,,,,
RFLF25MA,1260,"NYLON, N6, 1400/1/2, 10,0/10,0, 25,00 EP",FABR,LF,MA,25,NON,221,79,0.0,25.0,221,,,,Fabrics all Fields,,,,,
RFLF25MF,1260,1260/2 0.66 25 EPI NYLON 6,FABR,,,,,0,0,1400.0,0.0,0,,,,Fabrics all Fields,,,,,
RFLF25TS,1260,1260/2 0.026 25 EPI NYLON 6 FABRIC,FABR,,,,,0,0,62.0,25.0,0,,,,Fabrics all Fields,,,,,
RFLF26GA,1260,1260/2 0.026 26 EPI NYLON 6 FABRIC,FABR,,,,,0,0,62.0,26.0,0,,,,Fabrics all Fields,,,,,
RFLF26JA,1260,"NYLON, N6, 1400/1/2, 10,0/10,0, 26,00 EP",FABR,LF,JA,26,NON,221,59,62.0,26.0,221,,,,Fabrics all Fields,,,,,
RFLF26MA,1260,1260/2 0.66 26 EPI NYLON 6,FABR,,,,,0,0,1400.0,0.0,0,,,,Fabrics all Fields,,,,,
RFLF26PA,1260,1260/2 0.026 26 EPI NYLON 6 FABRIC,FABR,,,,,0,0,62.0,26.0,0,,,,Fabrics all Fields,,,,,
RFLF26SD,1260,"NYLON, N6, 1400/1/2, 10,0/10,0, 26,00 EP",FABR,LF,SD,26,NON,221,59,1448.0,26.0,221,,,,Fabrics all Fields,,,,,
RFLF28JA,1260,1260/2 0.026 28 EPI NYLON 6 FABRIC,FABR,,,,,0,0,61.0,28.0,0,,,,Fabrics all Fields,,,,,
RFLF28TS,1260,1260/2 0.026 28 EPI NYLON 6 FABRIC,FABR,,,,,0,0,61.0,28.0,0,,,,Fabrics all Fields,,,,,
RFLF29JA,1260,1260/2 0.66 29 EPI NYLON 6,FABR,,,,,0,0,1448.0,0.0,0,,,,Fabrics all Fields,,,,,
RFLF29PA,1260,1260/2 0.026 29 EPI NYLON 6 FABRIC,FABR,,,,,0,0,62.0,29.0,0,,,,Fabrics all Fields,,,,,
RFLF29SD,1260,"NYLON, N6, 1400/1/2, 10.0/10.0, 29.00 EP",FABR,LF,SD,29,NON,221,59,57.0,29.0,221,,,,Fabrics all Fields,,,,,
RFLF30MA,1260,"NYLON, N6, 1400/1/2, 10.0/10.0, 30.00 EP",FABR,LF,MA,30,NON,221,59,1654.0,30.0,221,,,,Fabrics all Fields,,,,,
RFLF30PA,1260,1260/2 0.026 30 EPI NYLON 6 FABRIC,FABR,,,,,0,0,62.0,30.0,0,,,,Fabrics all Fields,,,,,
RFLH19GA,1260,1260/3 0.031 19 EPI NYLON 6 FABRIC,FABR,,,,,0,0,62.0,19.0,0,,,,Fabrics all Fields,,,,,
RFLH19JA,1260,"NYLON, N6, 1400/1/3, 8,0/8,0, 19,00 EPI,",FABR,LH,JA,19,NON,221,59,62.0,19.0,221,,,,Fabrics all Fields,,,,,
RFLH19PG,1260,1260/3 0.031 19 EPI NYLON 6 FABRIC,FABR,,,,,0,0,62.0,19.0,0,,,,Fabrics all Fields,,,,,
RFLH19TS,1260,1260/3 0.031 19 EPI NYLON 6 FABRIC,FABR,,,,,0,0,62.0,19.0,0,,,,Fabrics all Fields,,,,,
RFLH20TS,1260,1260/3 0.031 20 EPI NYLON 6 FABRIC,FABR,,,,,0,0,62.0,20.0,0,,,,Fabrics all Fields,,,,,
RFLH23CA,1260,1260/3 0.031 23 EPI NYLON 6 FABRIC,FABR,,,,,0,0,62.0,23.0,0,,,,Fabrics all Fields,,,,,
RFLH23GA,1260,1260/3 0.031 23 EPI NYLON 6 FABRIC,FABR,,,,,0,0,62.0,23.0,0,,,,Fabrics all Fields,,,,,
RFLH23JA,1260,"NYLON, N6, 1400/1/3, 8,0/8,0, 23,00 EPI,",FABR,LH,JA,23,NON,221,59,1400.0,23.0,221,,,,Fabrics all Fields,,,,,
RFLH23MA,1260,"NYLON, N6, 1400/1/3, 8,0/8,0, 23,00 EPI,",FABR,LH,MA,23,NON,221,59,1400.0,23.0,221,,,,Fabrics all Fields,,,,,
RFLH23PA,1260,1260/3 0.031 23 EPI NYLON 6 FABRIC,FABR,,,,,0,0,62.0,23.0,0,,,,Fabrics all Fields,,,,,
RFLH24TS,1260,1260/3 0.031 24 EPI NYLON 6 FABRIC,FABR,,,,,0,0,62.0,24.0,0,,,,Fabrics all Fields,,,,,
RFLH26JA,1260,1260/3 0.031 26 EPI NYLON 6 FABRIC,FABR,,,,,0,0,62.0,26.0,0,,,,Fabrics all Fields,,,,,
RFLH26MA,1260,"NYLON, N6, 1400/1/3, 8,0/8,0, 26,00 EPI,",FABR,LH,MA,26,NON,221,59,1400.0,26.0,221,,,,Fabrics all Fields,,,,,
RFLL23GA,1260,1260/2 0.66 23 EPI NYLON 6,FABR,,,,,0,0,1448.0,0.0,0,,,,Fabrics all Fields,,,,,
RFLL23JA,1260,1260/2 0.026 23 EPI NYLON 6 FABRIC,FABR,,,,,0,0,62.0,23.0,0,,,,Fabrics all Fields,,,,,
RFLL26GA,1260,1260/2 0.66 26 EPI NYLON 6,FABR,,,,,0,0,1498.0,0.0,0,,,,Fabrics all Fields,,,,,
RFLM20JA,1890,1890/3 0.040 20 EPI NYLON 6 FABRIC,FABR,,,,,0,0,62.0,20.0,0,,,,Fabrics all Fields,,,,,
RFLP18KD,1890,1890/3 0.031 18 EPI NYLON 6 FABRIC,FABR,,,,,0,0,62.2,20.5,0,,,,Fabrics all Fields,,,,,
RFLP19JA,1890,"NYLON, N6, 2100/1/2, 8.0/8.0, 19.00 EPI,",FABR,LP,JA,19,NON,245,59,62.0,19.0,221,,,,Fabrics all Fields,,,,,
RFLP23JA,1890,"NYLON, N6, 2100/1/2, 8,0/8,0, 23,00 EPI,",FABR,LP,JA,23,NON,245,59,62.0,23.0,221,,,,Fabrics all Fields,,,,,
RFLP23JAA,1890,1890/3 0.031 23 EPI NYLON 6 FABRIC,FABR,,,,,0,0,64.0,23.0,0,,,,Fabrics all Fields,,,,,
RFLP23SD,1890,1890/2 0.79 23 EPI NYLON 6,FABR,,,,,0,0,1448.0,0.0,0,,,,Fabrics all Fields,,,,,
RFLP26JA,1890,"NYLON, N6, 2100/1/2, 8,0/8,0, 26,00 EPI,",FABR,LP,JA,26,NON,245,59,62.0,26.0,221,,,,Fabrics all Fields,,,,,
RFLP26SA,1890,1890/2 0.79 26 EPI NYLON 6,FABR,,,,,0,0,1448.0,0.0,0,,,,Fabrics all Fields,,,,,
RFLP26SD,1890,"NYLON, N6, 2100/1/2, 8,0/8,0, 26,00 EPI,",FABR,LP,SD,26,NON,245,59,1448.0,26.0,221,,,,Fabrics all Fields,,,,,
RFLV23GA,1890,1890/2 0.79 23 EPI NYLON 6,FABR,,,,,0,0,1498.0,0.0,0,,,,Fabrics all Fields,,,,,
RFLV23JA,1890,1890/2 0.031 23 EPI NYLON 6 FABRIC,FABR,,,,,0,0,62.0,23.0,0,,,,Fabrics all Fields,,,,,
RFLV26JA,1890,1890/2 0.031 26 EPI NYLON 6 FABRIC,FABR,,,,,0,0,62.0,26.0,0,,,,Fabrics all Fields,,,,,
RFM14LP23JA,1890,1890/2 0.031 23 EPI NYLON 6 FABRIC,FABR,,,,,0,0,62.0,23.0,0,,,,Fabrics all Fields,,,,,
RFM295SA,3600,3600/1 0.031 23 EPI CARBON FIBER FABRIC,FABR,,,,,0,0,55.0,23.0,0,,,,Fabrics all Fields,,,,,
RFM297SA,4600,4600/1 0.031 20 EPI CARBON FIBER FABRIC,FABR,,,,,0,0,55.0,20.0,0,,,,Fabrics all Fields,,,,,
RFM30930,1000,1000/1/2 PET BELTECH 12X12TPI 30EPI,FABR,,,,,0,0,64.0,30.0,0,,,,Fabrics all Fields,,,,,
RFM31031,1000,1000/1 PET BELTECH 5 TPI  30 EPI,FABR,,,,,0,0,64.0,30.0,0,,,,Fabrics all Fields,,,,,
RFM31132,1000,1000/1/2 PET BELTECH 5X5 TPI 30 EPI,FABR,,,,,0,0,64.0,30.0,0,,,,Fabrics all Fields,,,,,
RFM31334,1000,1000/1/2 PEN HMLS PET 12X12 TPI 30 EPI,FABR,,,,,0,0,64.0,30.0,0,,,,Fabrics all Fields,,,,,
RFM31536,1000,MERGE CORD 1000 ARAMID/1260 NYLON,FABR,,,,,0,0,61.0,21.0,0,,,,Fabrics all Fields,,,,,
RFM31636,1000,MERGE CORD 1000 ARAMID / 1260 NYLON,FABR,,,,,0,0,62.0,16.0,0,,,,Fabrics all Fields,,,,,
RFM31739,1000,1000/1/2 PET BELTEC 12X12 TPI 28EPI,FABR,,,,,0,0,64.0,28.0,0,,,,Fabrics all Fields,,,,,
RFM31840,1500,1500/2 0.028 10X10 28EPI PEN PET,FABR,,,,,0,0,64.0,28.0,0,,,,Fabrics all Fields,,,,,
RFM32045,3000,3000/2 ARAMID/1680/1 NYLON MERGE CORD,FABR,,,,,0,0,0.512,15.6,0,,,,Fabrics all Fields,,,,,
RFM32056,3000,3000/2 ARAMID/1680/1 NYLON MERGE CORD,FABR,,,,,0,0,62.0,16.0,0,,,,Fabrics all Fields,,,,,
RFM32147,1000,1000/1 NES PET 5 TPI 24 EPI,FABR,,,,,0,0,64.0,24.0,0,,,,Fabrics all Fields,,,,,
RFM322SA,7200,7200/1 0.040 14EPI CARBON FIBER FABRIC,FABR,,,,,0,0,55.0,14.0,0,,,,Fabrics all Fields,,,,,
RFM323SA,7200,7200/1 0.043 14EPI CARBON FBR TORAY 12K,FABR,,,,,0,0,55.0,14.0,0,,,,Fabrics all Fields,,,,,
RFM324SA,9000,9000/1 .048 14EPI CARBON MITSUBISHI 15K,FABR,,,,,0,0,55.0,14.0,0,,,,Fabrics all Fields,,,,,
RFM325SA,7200,7200/1 0.043 14EPI CARBON FORMOSA 12K,FABR,,,,,0,0,55.0,14.0,0,,,,Fabrics all Fields,,,,,
RFM32648,1000,1000/1 NES PET 5TPI 23EPI,FABR,,,,,0,0,64.0,23.0,0,,,,Fabrics all Fields,,,,,
RFM327SA,3600,3600/2 0.0043 14EPI CF TORAY 2 PLIES 6K,FABR,,,,,0,0,55.0,14.0,0,,,,Fabrics all Fields,,,,,
RFM32849,1500,MERGE CORD 1500 ARAMID / 1260 NYLON,FABR,,,,,0,0,62.0,23.0,0,,,,Fabrics all Fields,,,,,
RFM32950,1500,MERGE CORD 1500 ARAMID / 1260 NYLON,FABR,,,,,0,0,62.0,28.0,0,,,,Fabrics all Fields,,,,,
RFM330SA,7200,7200/1 0.043 14EPI CARBON FBR TORAY 12K,FABR,,,,,0,0,55.0,14.0,0,,,,Fabrics all Fields,,,,,
RFM331SA,4014,"4014/2 0,0048 14EPI CF HEXCEL 2 PLIES",FABR,,,,,0,0,55.0,14.0,0,,,,Fabrics all Fields,,,,,
RFM332SA,7200,7200/1 0.040 14EPI CARBON FIBER FABRIC,FABR,,,,,0,0,55.0,14.0,0,,,,Fabrics all Fields,,,,,
RFM33351,2000,2000/2 0.033 27EPI 59WIDE PEN 2000D,FABR,,,,,0,0,64.0,27.0,0,,,,Fabrics all Fields,,,,,
RFM34255,1000,MERGE CORD 1000 ARAMID/1260 NYLON SED,FABR,,,,,0,0,1.0,16.0,0,,,,Fabrics all Fields,,,,,
RFM34357,3000,3000/2 ARAMID/1680/1 NYLON MERGE CORD,FABR,,,,,0,0,62.0,16.0,0,,,,Fabrics all Fields,,,,,
RFM34459,1500,MERGE CORD 1500 ARAMID / 1260 NYLON,FABR,,,,,0,0,62.0,28.0,0,,,,Fabrics all Fields,,,,,
RFM34559,1500,MERGE CORD 1500 ARAMID / 1260 NYLON,FABR,,,,,0,0,62.0,28.0,0,,,,Fabrics all Fields,,,,,
RFM346SA,7200,7200/1 0.043 18EPI CARBON FBR TORAY 12K,FABR,,,,,0,0,58.0,18.0,0,,,,Fabrics all Fields,,,,,
RFMC27HW,1000,1000/2 0.022 27 EPI POLYESTER FABRIC,FABR,,,,,0,0,62.0,27.0,0,,,,Fabrics all Fields,,,,,
RFMJ28HV,1000,1000/3 0.026 28 EPI POLYESTER FABRIC,FABR,,,,,0,0,62.0,28.0,0,,,,Fabrics all Fields,,,,,
RFN00004,840,RTU NYLON OVERLAY STRIP 840/2 16 EPI,FABR,,,,,0,0,0.5,16.0,0,,,,Fabrics all Fields,,,,,
RFN00006,840,840/2 0.022 27 EPI NYLON 66 FABRIC,FABR,,,,,0,0,62.0,27.0,0,,,,Fabrics all Fields,,,,,
RFN00007,840,840/2 0.022 32 EPI NYLON 66 FABRIC,FABR,,,,,0,0,62.0,32.0,0,,,,Fabrics all Fields,,,,,
RFN00010,840,840/2 0.022 28 EPI NYLON 66 L.H. D5A,FABR,,,,,0,0,62.0,28.0,0,,,,Fabrics all Fields,,,,,
RFN00011,1260,1260/2 10X10 20EPI NYLON 66 PINK DIP,FABR,,,,,0,0,62.0,20.0,0,,,,Fabrics all Fields,,,,,
RFN00012,1260,1260/2 10X10 26EPI NYLON 66 PINK DIP,FABR,,,,,0,0,59.5,26.0,0,,,,Fabrics all Fields,,,,,
RFN00014,1260,1260/2 0.026 26 EPI NYLON 66 FABRIC,FABR,,,,,0,0,62.0,26.0,0,,,,Fabrics all Fields,,,,,
RFN00015,1890,1890/2 0.031 23 EPI NYLON 66 59IN WIDE,FABR,,,,,0,0,64.0,23.0,0,,,,Fabrics all Fields,,,,,
RFN00019,1260,1260/1 4.5TPI 24EPI NYLON 66,FABR,,,,,0,0,62.0,24.0,0,,,,Fabrics all Fields,,,,,
RFN00021,1260,"1260/2 0.026 30 EPI NYLON 46""WIDE",FABR,,,,,0,0,48.0,30.0,0,,,,Fabrics all Fields,,,,,
RFN00022,1260,1260/3 8.4X8.4 17EPI NYLON 66 PINK DIP,FABR,,,,,0,0,64.0,17.0,0,,,,Fabrics all Fields,,,,,
RFN00023,1260,1260/3 8.4X8.4 20EPI NYLON 66 PINK DIP,FABR,,,,,0,0,62.5,20.0,0,,,,Fabrics all Fields,,,,,
RFN00024,840,"840/1/2 NYLON 6,6 26 EPI PINK DIP",FABR,,,,,0,0,62.0,32.0,0,,,,Fabrics all Fields,,,,,
RFN00025,1260,"1260/1/2 NYLON 6,6 26EPI UTICA D5A",FABR,,,,,0,0,64.0,26.0,0,,,,Fabrics all Fields,,,,,
RFN00026,1260,1260/2 0.026 30 EPI NYLON 66 FABRIC,FABR,,,,,0,0,64.0,30.0,0,,,,Fabrics all Fields,,,,,
RFN00027,840,840/2 0.022 28 EPI NYLON 66 PINK DIP,FABR,,,,,0,0,62.0,28.0,0,,,,Fabrics all Fields,,,,,
RFN00028,1260,1260/2 10X10 26EPI NYLON 66 PINK DIP,FABR,,,,,0,0,59.5,26.0,0,,,,Fabrics all Fields,,,,,
RFN00029,1260,1260/2 10X10 20EPI NYLON 66 PINK DIP,FABR,,,,,0,0,62.0,20.0,0,,,,Fabrics all Fields,,,,,
RFN00032,840,840/2 0.022 16 EPI NYLON 66 FABRIC,FABR,,,,,0,0,62.0,16.0,0,,,,Fabrics all Fields,,,,,
RFN00033,1260,1260/2 0.026 30 EPI NYLON 66 FABRIC,FABR,,,,,0,0,62.0,30.0,0,,,,Fabrics all Fields,,,,,
RFN00034,1260,1260/2 0.026 30EPI N66 PINK S/D 59WIDE,FABR,,,,,0,0,62.0,30.0,0,,,,Fabrics all Fields,,,,,
RFN00035,1260,1260/2 0.026 26 EPI NYLON 66 FABRIC,FABR,,,,,0,0,64.0,26.0,0,,,,Fabrics all Fields,,,,,
RFN00035B,1260,1260/2 0.026 26 EPI NYLON 66 FABRIC,FABR,,,,,0,0,62.0,26.0,0,,,,Fabrics all Fields,,,,,
RFN00036,1260,1260/1 4.5TPI 24EPI NYLON 66 PINK DIP,FABR,,,,,0,0,62.0,24.0,0,,,,Fabrics all Fields,,,,,
RFN00046,840,840/2 0.022 28 EPI NYLON 66 UTICA D5A,FABR,,,,,0,0,62.0,28.0,0,,,,Fabrics all Fields,,,,,
RFN00047,840,840/2 0.022 28 EPI NYLON 66 UTICA D5A,FABR,,,,,0,0,62.0,28.0,0,,,,Fabrics all Fields,,,,,
RFN00048,840,840/2 0.022 28 EPI NYLON 66 UTICA D5A,FABR,,,,,0,0,62.0,28.0,0,,,,Fabrics all Fields,,,,,
RFN00054,1260,1260/2 0.026 30 EPI NYLON 66 FABRIC,FABR,,,,,0,0,64.0,30.0,0,,,,Fabrics all Fields,,,,,
RFN00055,1890,1890/2 0.031 23 EPI NYLON 66 59IN WIDE,FABR,,,,,0,0,64.0,23.0,0,,,,Fabrics all Fields,,,,,
RFN00056,840,840/2 0.022 32 EPI NYLON 66 PINK DIP,FABR,,,,,0,0,62.0,32.0,0,,,,Fabrics all Fields,,,,,
RFN00059,1260,1260/2 0.026 26 EPI NYLON 66 FABRIC,FABR,,,,,0,0,62.0,26.0,0,,,,Fabrics all Fields,,,,,
RFN00060,1890,1890/3 0.040 22 EPI 7X7TPI T802 NY FABRI,FABR,,,,,0,0,62.0,21.4,0,,,,Fabrics all Fields,,,,,
RFN00067,1260,1260/2 0.026 28 EPI NYLON 66 59IN WIDE,FABR,,,,,0,0,62.0,28.0,0,,,,Fabrics all Fields,,,,,
RFN00068,1890,1890/2 0.031 23 EPI NYLON 66 59IN WIDE,FABR,,,,,0,0,64.0,23.0,0,,,,Fabrics all Fields,,,,,
RFN00069,840,840/2 0.022 21 EPI NYLON 66 FABRIC,FABR,,,,,0,0,62.0,21.0,0,,,,Fabrics all Fields,,,,,
RFN00070,1260,1260/2 0.026 30EPI N66 UTICA S/D 59WIDE,FABR,,,,,0,0,62.0,30.0,0,,,,Fabrics all Fields,,,,,
RFN00071,1260,"1260/2 0.026 30 EPI NYLON UTICA 46""WIDE",FABR,,,,,0,0,48.0,29.4,0,,,,Fabrics all Fields,,,,,
RFN00072,1260,1260/2 0.026 18 EPI NYLON 66 FABRIC,FABR,,,,,0,0,62.0,18.0,0,,,,Fabrics all Fields,,,,,
RFN00073,1260,1260/2 0.026 23 EPI NYLON 66 FABRIC,FABR,,,,,0,0,62.0,23.0,0,,,,Fabrics all Fields,,,,,
RFN00074,1260,1260/2 0.026 30 EPI NYLON 66 FABRIC,FABR,,,,,0,0,62.0,30.0,0,,,,Fabrics all Fields,,,,,
RFN00075,420,420/2 0.012 35 EPI NYLON 66 FABRIC,FABR,,,,,0,0,62.0,35.0,0,,,,Fabrics all Fields,,,,,
RFN00075R,420,420/2 0.012 35 EPI NYLON 66 FABRIC,FABR,,,,,0,0,54.0,35.0,0,,,,Fabrics all Fields,,,,,
RFN00076,840,840/2 0.022 28 EPI NYLON 66 D5A - A,FABR,,,,,0,0,62.0,28.0,0,,,,Fabrics all Fields,,,,,
RFN00077,840,840/2 0.022 28 EPI NYLON 66 D5A - B,FABR,,,,,0,0,62.0,28.0,0,,,,Fabrics all Fields,,,,,
RFN00078,840,840/2 0.022 28 EPI NYLON 66 D5A - C,FABR,,,,,0,0,62.0,28.0,0,,,,Fabrics all Fields,,,,,
RFN00079,1260,"1260/2 TYPE 802 NYLON 6,6 FABRIC",FABR,,,,,0,0,62.0,26.0,0,,,,Fabrics all Fields,,,,,
RFN00080,1260,"1260/3 TYPE 802 NYLON 6,6 FABRIC",FABR,,,,,0,0,62.0,19.0,0,,,,Fabrics all Fields,,,,,
RFN00081,1260,"1260/1/3 NYLON 6,6 23 EPI RACE 59 WIDE",FABR,,,,,0,0,64.0,23.0,0,,,,Fabrics all Fields,,,,,
RFN00082,1260,"1260/3 0.033 23EPI NYLON 6,6",FABR,,,,,0,0,62.0,23.0,0,,,,Fabrics all Fields,,,,,
RFN00083,1890,"NYLON, N6.6 HT, 2100/1/3, 6,0/6,0, 22,00",FABR,JM,DH,22,NON,245,59,62.0,22.0,221,,,,Fabrics all Fields,,,,,
RFN00084,1890,1890/3 0.040 20 EPI TYPE802 NYLON FABRIC,FABR,,,,,0,0,62.0,20.0,0,,,,Fabrics all Fields,,,,,
RFN00085,1890,1890 /3 0.040 16 EPI NYLON 66 FABRIC,FABR,,,,,0,0,62.0,16.0,0,,,,Fabrics all Fields,,,,,
RFN00086,1260,1260/2 10X10 20EPI NYLON 66 D5A,FABR,,,,,0,0,62.0,20.0,0,,,,Fabrics all Fields,,,,,
RFN00087,1260,1260/2 10X10 20EPI NYLON 66 D5A,FABR,,,,,0,0,62.0,20.0,0,,,,Fabrics all Fields,,,,,
RFN00088,1260,1260/2 10X10 26EPI NYLON 66 D5A,FABR,,,,,0,0,59.5,26.0,0,,,,Fabrics all Fields,,,,,
RFN00089,1260,1260/2 10X10 26EPI NYLON 66 D5A,FABR,,,,,0,0,59.5,26.0,0,,,,Fabrics all Fields,,,,,
RFN00090,1260,1260/2 0.026 26 EPI NYLON 66 FABRIC,FABR,,,,,0,0,62.0,26.0,0,,,,Fabrics all Fields,,,,,
RFN00091,1890,1890/2 0.031 23 EPI NYLON66 NI29 HILASE,FABR,,,,,0,0,62.0,23.0,0,,,,Fabrics all Fields,,,,,
RFN00092,840,840/2 0.022 21 EPI NYLON 66 FABRIC,FABR,,,,,0,0,62.0,21.0,0,,,,Fabrics all Fields,,,,,
RFN00093,840,840/2 0.022 27 EPI NYLON 66 FABRIC,FABR,,,,,0,0,62.0,27.0,0,,,,Fabrics all Fields,,,,,
RFN00095,840,840/2 0.024 32 EPI NYLON 66 FABRIC,FABR,,,,,0,0,62.0,32.0,0,,,,Fabrics all Fields,,,,,
RFN00096,1260,1260/2 0.026 30 EPI NYLON 66 FABRIC,FABR,,,,,0,0,62.0,30.0,0,,,,Fabrics all Fields,,,,,
RFN00097,1260,1260/2 0.026 26 EPI NYLON 66 FABRIC,FABR,,,,,0,0,62.0,26.0,0,,,,Fabrics all Fields,,,,,
RFN00098A,1260,"1260/1/2 NYLON 6,6 26EPI UTICA D5A",FABR,,,,,0,0,64.0,26.0,0,,,,Fabrics all Fields,,,,,
RFN00099,840,"840/1/2 NYLON 6,6 32 EPI UTICA D5A",FABR,,,,,0,0,62.0,32.0,0,,,,Fabrics all Fields,,,,,
RFN00101,840,840/2 0.022 21 EPI NYLON 66 FABRIC,FABR,,,,,0,0,62.0,21.0,0,,,,Fabrics all Fields,,,,,
RFN00102,840,840/2 0.022 35 EPI NYLON 66 FABRIC,FABR,,,,,0,0,62.0,35.0,0,,,,Fabrics all Fields,,,,,
RFN00103,840,840/2 0.022 16 EPI NYLON 66 FABRIC,FABR,,,,,0,0,62.0,16.0,0,,,,Fabrics all Fields,,,,,
RFN00104,840,840/2 0.022 21 EPI NYLON 66 FABRIC,FABR,,,,,0,0,62.0,21.0,0,,,,Fabrics all Fields,,,,,
RFN00106,1260,1260/3 8.4X8.4 20EPI NYLON 66 D5A EXTENS,FABR,,,,,0,0,62.5,20.0,0,,,,Fabrics all Fields,,,,,
RFN00107,840,840/2 0.022 16 EPI NYLON 66 FABRIC T802,FABR,,,,,0,0,62.0,16.0,0,,,,Fabrics all Fields,,,,,
RFN00108,840,840/2 0.022 35 EPI NYLON 66 FABRIC T802,FABR,,,,,0,0,62.0,35.0,0,,,,Fabrics all Fields,,,,,
RFN00109,840,840/2 0.022 21 EPI NYLON 66 FABRIC T802,FABR,,,,,0,0,62.0,21.0,0,,,,Fabrics all Fields,,,,,
RFN00110,840,840/2 0.022 21 EPI NYLON 66 FABRIC T802,FABR,,,,,0,0,62.0,21.0,0,,,,Fabrics all Fields,,,,,
RFN00111,1260,1260/2 0.026 18 EPI T802 NYLON FABRIC,FABR,,,,,0,0,62.0,18.0,0,,,,Fabrics all Fields,,,,,
RFN00112,1260,1260/2 0.026 23 EPI T802 NYLON FABRIC,FABR,,,,,0,0,62.0,23.0,0,,,,Fabrics all Fields,,,,,
RFN00113,1260,1260/2 0.026 30 EPI T802 NYLON FABRIC,FABR,,,,,0,0,62.0,30.0,0,,,,Fabrics all Fields,,,,,
RFN00114,420,420/2 0.012 35 EPI NYLON 66 FABRIC,FABR,,,,,0,0,54.0,35.0,0,,,,Fabrics all Fields,,,,,
RFN00115,1260,"1260/2 0.026 30 EPI NYLON UTICA 46""WIDE",FABR,,,,,0,0,48.0,29.4,0,,,,Fabrics all Fields,,,,,
RFN00116,840, 840/2 0.022 21 EPI RED NYLON FABRIC,FABR,,,,,0,0,62.0,21.0,0,,,,Fabrics all Fields,,,,,
RFN00117,1260,UTICA 1260/3 8.4X8.4 20EPI NYLON 66 D5A,FABR,,,,,0,0,62.5,20.0,0,,,,Fabrics all Fields,,,,,
RFN00118,1260,"1260/2 TYPE 802 NYLON 6,6 FABRIC",FABR,,,,,0,0,62.0,26.0,0,,,,Fabrics all Fields,,,,,
RFN00119,1260,"1260/3 TYPE 802 NYLON 6,6 FABRIC",FABR,,,,,0,0,62.0,19.0,0,,,,Fabrics all Fields,,,,,
RFN00120,1260,"1260/3 0.033 23EPI NYLON 6,6",FABR,,,,,0,0,62.0,23.0,0,,,,Fabrics all Fields,,,,,
RFN00121,1260,"1260/1/3 NYLON 6,6 23 EPI RACE 59 WIDE",FABR,,,,,0,0,64.0,23.0,0,,,,Fabrics all Fields,,,,,
RFN00122,840,840/2 0.022 21 EPI NYLON 66 FABRIC,FABR,,,,,0,0,62.0,21.0,0,,,,Fabrics all Fields,,,,,
RFN00123,840,840/2 0.022 27 EPI NYLON 66 FABRIC,FABR,,,,,0,0,62.0,27.0,0,,,,Fabrics all Fields,,,,,
RFN00124,840,840/2 0.024 32 EPI NYLON 66 FABRIC,FABR,,,,,0,0,62.0,32.0,0,,,,Fabrics all Fields,,,,,
RFN00125,840,"840/1/2 NYLON 6,6 26 EPI UTICA D5A",FABR,,,,,0,0,62.0,32.0,0,,,,Fabrics all Fields,,,,,
RFN00126,1260,1260/2 0.026 26 EPI NYLON 66 FABRIC,FABR,,,,,0,0,62.0,26.0,0,,,,Fabrics all Fields,,,,,
RFN00127,1260,"1260/1/2 NYLON 6,6 26EPI UTICA D5A",FABR,,,,,0,0,64.0,26.0,0,,,,Fabrics all Fields,,,,,
RFN00128,1260,1260/1/2 NYLON 66 26EPI,FABR,,,,,0,0,62.0,26.0,0,,,,Fabrics all Fields,,,,,
RFN00129,1260,1260/2 0.026 30 EPI NYLON 66 FABRIC,FABR,,,,,0,0,62.0,30.0,0,,,,Fabrics all Fields,,,,,
RFN00130,1260,1260/2 0.026 30EPI N66 UTICA S/D 59WIDE,FABR,,,,,0,0,62.0,30.0,0,,,,Fabrics all Fields,,,,,
RFN00131,1260,"1260/2 0.026 30 EPI NYLON UTICA 46""WIDE",FABR,,,,,0,0,48.0,29.4,0,,,,Fabrics all Fields,,,,,
RFN00132,1260,1260/2 0.026 30 EPI NYLON 66 FABRIC,FABR,,,,,0,0,62.0,30.0,0,,,,Fabrics all Fields,,,,,
RFN00133,1890,1890/2 0.031 23 EPI NYLON66 NI29 HILASE,FABR,,,,,0,0,62.0,23.0,0,,,,Fabrics all Fields,,,,,
RFN00133K,1890,"1890/2 0.031 23 EPI NYLON66 - 46"" WIDTH",FABR,,,,,0,0,50.0,22.5,0,,,,Fabrics all Fields,,,,,
RFN00134,420,420/2 0.012 35 EPI NYLON 66 FABRIC,FABR,,,,,0,0,62.0,35.0,0,,,,Fabrics all Fields,,,,,
RFN00134R,420,420/2 0.012 35 EPI NYLON 66 FABRIC,FABR,,,,,0,0,54.0,35.0,0,,,,Fabrics all Fields,,,,,
RFN00135,840, 840/2 0.022 21 EPI RED NYLON FABRIC,FABR,,,,,0,0,62.0,21.0,0,,,,Fabrics all Fields,,,,,
RFN00136,1890,1890 /3 0.040 16 EPI NYLON 66 FABRIC,FABR,,,,,0,0,62.0,16.0,0,,,,Fabrics all Fields,,,,,
RFN00137,1890,1890/3 0.040 20 EPI TYPE802 NYLON FABRIC,FABR,,,,,0,0,62.0,20.0,0,,,,Fabrics all Fields,,,,,
RFN00138,1890,1890/3 0.040 22 EPI TYPE802 NYLON FABRIC,FABR,,,,,0,0,62.0,21.4,0,,,,Fabrics all Fields,,,,,
RFN00139,1890,1890/2/2 0.047 4X4 18EPI NYLON66 FABRIC,FABR,,,,,0,0,62.0,18.0,0,,,,Fabrics all Fields,,,,,
RFN00140,1890,1890 4 0.0480 18 EPI NYLON 66 FABRIC,FABR,,,,,0,0,62.0,18.0,0,,,,Fabrics all Fields,,,,,
RFN00141,840,840/2 0.022 16 EPI NYLON 66 FABRIC,FABR,,,,,0,0,62.0,16.0,0,,,,Fabrics all Fields,,,,,
RFN00142,840,840/2 0.022 21 EPI NYLON 66 FABRIC,FABR,,,,,0,0,62.0,21.0,0,,,,Fabrics all Fields,,,,,
RFN00143,840,840/2 0.022 21 EPI NYLON 66 FABRIC,FABR,,,,,0,0,62.0,21.0,0,,,,Fabrics all Fields,,,,,
RFN00144,840,840/2 0.022 35 EPI NYLON 66 FABRIC,FABR,,,,,0,0,62.0,35.0,0,,,,Fabrics all Fields,,,,,
RFN00145,1260,1260/2 0.026 18 EPI NYLON 66 FABRIC,FABR,,,,,0,0,62.0,18.0,0,,,,Fabrics all Fields,,,,,
RFN00146,1260,1260/2 0.026 23 EPI NYLON 66 FABRIC,FABR,,,,,0,0,62.0,23.0,0,,,,Fabrics all Fields,,,,,
RFN00147,1260,1260/2 0.026 30 EPI NYLON 66 FABRIC,FABR,,,,,0,0,62.0,30.0,0,,,,Fabrics all Fields,,,,,
RFN00148,1260,1260/3 0.031 23 EPI NYLON 66 FABRIC,FABR,,,,,0,0,64.0,23.0,0,,,,Fabrics all Fields,,,,,
RFN00149,1260,"1260/2 0.026 30 EPI NYLON 4100C 46""WIDE",FABR,,,,,0,0,48.0,29.4,0,,,,Fabrics all Fields,,,,,
RFN00150,840,840/2 0.022 21 EPI NYLON 66 FABRIC,FABR,,,,,0,0,62.0,21.0,0,,,,Fabrics all Fields,,,,,
RFN00151,1260,1260/2 0.026 26 EPI FABRIC EXT FILL,FABR,,,,,0,0,62.0,26.0,0,,,,Fabrics all Fields,,,,,
RFN00152,840,840/2 0.022 21 EPI NYLON 66 FABRIC,FABR,,,,,0,0,62.0,21.0,0,,,,Fabrics all Fields,,,,,
RFN00153,1260,"1260/2 0.026 30 EPI NYLON UTICA 46""WIDE",FABR,,,,,0,0,48.0,29.4,0,,,,Fabrics all Fields,,,,,
RFN00154K,1890,"1890/2 0.031 23 EPI NYLON66 - 46"" WIDTH",FABR,,,,,0,0,50.0,22.5,0,,,,Fabrics all Fields,,,,,
RFN00155,1890,"1890/2 0.031 23 EPI NYLON66 - 46"" WIDTH",FABR,,,,,0,0,50.0,22.5,0,,,,Fabrics all Fields,,,,,
RFN00156,1890,1890/2 0.031 21.6 EPI NYLON 66 FABRIC,FABR,,,,,0,0,62.0,21.6,0,,,,Fabrics all Fields,,,,,
RFN00157,1260,KLH 1260/3 8.4X8.4 20EPI N66 D5A NEW#1,FABR,,,,,0,0,62.5,20.0,0,,,,Fabrics all Fields,,,,,
RFN00158,1260,KLH 1260/3 8.4X8.4 20EPI N66 D5A NEW#2,FABR,,,,,0,0,62.5,20.0,0,,,,Fabrics all Fields,,,,,
RFN00159,1260,KLH 1260/3 8.4X8.4 20EPI N66 D5A NEW#3,FABR,,,,,0,0,62.5,20.0,0,,,,Fabrics all Fields,,,,,
RFN00160,1890,1890/2 0.031 23 EPI NYLON66 NI29 HILASE,FABR,,,,,0,0,62.0,23.0,0,,,,Fabrics all Fields,,,,,
RFN00160K,1890,"1890/2 0.031 23 EPI NYLON66 - 46"" WIDTH",FABR,,,,,0,0,50.0,22.5,0,,,,Fabrics all Fields,,,,,
RFN00161,1260,"1260/1/3 NYLON 6,6 23 EPI RACE 59 WIDE",FABR,,,,,0,0,64.0,23.0,0,,,,Fabrics all Fields,,,,,
RFN00162,1260,"1260/3 TYPE 802 NYLON 6,6 FABRIC",FABR,,,,,0,0,62.0,19.0,0,,,,Fabrics all Fields,,,,,
RFN00163,1260,1260/2 0.026 28 EPI NYLON 66 FABRIC,FABR,,,,,0,0,64.0,28.0,0,,,,Fabrics all Fields,,,,,
RFN00164,1890,1890/3 0.040 20 EPI TYPE802 NYLON FABRIC,FABR,,,,,0,0,62.0,20.0,0,,,,Fabrics all Fields,,,,,
RFN00165,1260,1260/2 0.026 30 EPI NYLON 66 FABRIC,FABR,,,,,0,0,62.0,30.0,0,,,,Fabrics all Fields,,,,,
RFN00166,1890,1890/2 0.031 21.6 EPI NYLON 66 FABRIC,FABR,,,,,0,0,62.0,21.6,0,,,,Fabrics all Fields,,,,,
RFN00167,1890,1890/2 0.031 25.9 EPI NYLON 66 FABRIC,FABR,,,,,0,0,62.0,26.0,0,,,,Fabrics all Fields,,,,,
RFN00168,1890,XSED19 1890/2 0.031 21.6 EPI NY66 HIGH T,FABR,,,,,0,0,62.0,21.6,0,,,,Fabrics all Fields,,,,,
RFN00169,840,840/2 0.022 21 EPI NYLON 66 - PINK DIP,FABR,,,,,0,0,62.0,21.0,0,,,,Fabrics all Fields,,,,,
RFN00170,1890,1890/2 10X10 21.6 EPI NY66 WITH 4100C,FABR,,,,,0,0,62.0,21.6,0,,,,Fabrics all Fields,,,,,
RFN00170B,1890,"NYLON, N6.6, 2100/1/2, 10.0/10.0, 21.60",FABR,BP,DR,A6,NON,221,59,0.0,21.6,221,,,,Fabrics all Fields,,,,,
RFN00170K,1890,1890/2 10X10 21.6 EPI NY66 4100C 46 INCH,FABR,,,,,0,0,50.0,21.6,0,,,,Fabrics all Fields,,,,,
RFN00171,1890,1890/2 0.031 21.6 EPI NYLON 66 FABRIC,FABR,,,,,0,0,62.0,21.6,0,,,,Fabrics all Fields,,,,,
RFN00172,1890,1890/2 0.031 25.9 EPI NYLON 66 FABRIC,FABR,,,,,0,0,62.0,26.0,0,,,,Fabrics all Fields,,,,,
RFN00173,1890,XSED19 1890/2 0.031 21.6 EPI NY66 HIGH T,FABR,,,,,0,0,62.0,21.6,0,,,,Fabrics all Fields,,,,,
RFN00176,1260,1260/2 0.025 30 EPI NYLON 66 FABRIC PINK,FABR,,,,,0,0,57.0,30.0,0,,,,Fabrics all Fields,,,,,
RFN00177,840,840/2 0.022 32 EPI NYLON 66 PINK DIP,FABR,,,,,0,0,62.0,32.0,0,,,,Fabrics all Fields,,,,,
RFN00178,1260,"NYLON, N6.6, 1400/1, /4.6, 32.00 EPI, ZO",FABR,BN,ZO,32,NON,221,50,62.0,32.0,221,,,,Fabrics all Fields,,,,,
RFN00179,840,840/2 0.022 27 EPI NYLON 66 FABRIC,FABR,,,,,0,0,62.0,27.0,0,,,,Fabrics all Fields,,,,,
RFN00181,1890,"NYLON, N6.6 HT, 2100/1/3, 6,0/6,0, 16,00",FABR,JM,DH,16,NON,221,59,62.0,16.0,221,,,,Fabrics all Fields,,,,,
RFN00182,1890,"NYLON, N6.6 HT, 2100/1/3, 6,0/6,0, 20,00",FABR,JM,DH,20,NON,221,59,62.0,20.0,221,,,,Fabrics all Fields,,,,,
RFN00183,1890,"NYLON, N6.6 HT, 2100/1/3, 6,0/6,0, 22,00",FABR,JM,DH,22,NON,221,59,62.0,22.0,221,,,,Fabrics all Fields,,,,,
RFN00184,1260,1260/2 0.026 30 EPI NYLON 66 FABRIC,FABR,,,,,0,0,62.0,30.0,0,,,,Fabrics all Fields,,,,,
RFN00185,840,840/2 0.022 27 EPI NYLON 66 FABRIC,FABR,,,,,0,0,62.0,27.0,0,,,,Fabrics all Fields,,,,,
RFN00186,1260,1260/2 0.026 26 EPI NYLON 66 FABRIC,FABR,,,,,0,0,62.0,26.0,0,,,,Fabrics all Fields,,,,,
RFN00187,1260,1260/1 4.5TPI 32EPI NYLON 66 LISA DIP,FABR,,,,,0,0,62.0,32.0,0,,,,Fabrics all Fields,,,,,
RFN00189,840,840/2 0.022 21 EPI NYLON 66 - PINK DIP,FABR,NC,ZM,21,NON,221,59,62.0,21.0,0,,,,Fabrics all Fields,,,,,
RFN00191,1260,1260/2 0.026 26 EPI N66 FABRIC PINK DIP,FABR,,,,,0,0,62.0,26.0,0,,,,Fabrics all Fields,,,,,
RFN00192,420,"NYLON, N6.6, 470/1/2, 14,0/14,0, 35,00 E",FABR,NW,JR,35,NON,295,59,0.0,35.0,295,,,,Fabrics all Fields,,,,,
RFN00193,1890,"NYLON, N6.6, 2100/1/2, 8,0/8,0, 23,00 EP",FABR,NP,JA,23,NON,221,9,0.0,23.0,221,,,,Fabrics all Fields,,,,,
RFN00194,1260,"NYLON, N6.6, 1400/1/2, 10.0/10.0, 30.00",FABR,NF,DH,30,NON,221,59,0.0,30.0,221,,,,Fabrics all Fields,,,,,
RFN00195,1260,"NYLON, N6.6, 1400/1/2, 12.2/12.2, 28.00",FABR,9Z,DR,28,NON,221,59,0.0,28.0,221,,,,Fabrics all Fields,,,,,
RFN00196,1890,"NYLON, N6.6, 2100/1/2, 8,0/8,0, 23,00 EP",FABR,NP,ZO,23,NON,221,59,0.0,23.0,221,,,,Fabrics all Fields,,,,,
RFN00197,1260,"NYLON, N6.6, 1400/1, /4.6, 32.00 EPI, ZO",FABR,BN,ZO,32,NON,221,59,0.0,32.0,221,,,,Fabrics all Fields,,,,,
RFN00200,840,"NYLON, N6.6, 940/1/2, 12.0/12.0, 21.00 E",FABR,NC,ZO,21,NON,221,59,0.0,21.0,221,,,,Fabrics all Fields,,,,,
RFN00201,840,"NYLON, N6.6, 940/1/2, 12.0/12.0, 27.00 E",FABR,NC,ZO,27,NON,221,59,0.0,27.0,221,,,,Fabrics all Fields,,,,,
RFN00202,1260,"NYLON, N6.6, 1400/1/2, 10,0/10,0, 26,00",FABR,NF,ZO,26,NON,221,59,0.0,26.0,221,,,,Fabrics all Fields,,,,,
RFN00203,840,"NYLON, N6.6, 940/1/2, 12,0/12,0, 21,00 E",FABR,NC,ZO,21,NON,221,59,0.0,21.0,221,,,,Fabrics all Fields,,,,,
RFN00204,1890,"NYLON, N6.6, 2100/1/2, 10.0/10.0, 21.60",FABR,BP,MN,A6,NON,221,59,0.0,21.6,221,,,,Fabrics all Fields,,,,,
RFN00205,1890,"NYLON, N6.6, 2100/1/2, 8.0/8.0, 21.60 EP",FABR,NP,MN,A6,NON,221,59,0.0,21.6,221,,,,Fabrics all Fields,,,,,
RFN00206,1890,"NYLON, N6.6, 2100/1/2, 8,0/8,0, 25,90 EP",FABR,1A,MT,E9,NON,221,59,0.0,25.9,221,,,,Fabrics all Fields,,,,,
RFN00207,1260,"NYLON, N6.6 HT, 1400/1/3, 8,0/8,0, 23,00",FABR,JH,QR,23,NON,221,59,0.0,23.0,221,,,,Fabrics all Fields,,,,,
RFN00208,1890,"NYLON, N6.6 HT, 2100/1/2, 10,0/10,0, 21,",FABR,JP,DR,A6,NON,221,59,0.0,21.6,221,,,,Fabrics all Fields,,,,,
RFN00209,1260,"NYLON, N6.6 HT, 1400/1/3, 8,0/8,0, 19,00",FABR,JH,DR,19,NON,328,59,0.0,19.0,295,,,,Fabrics all Fields,,,,,
RFN00210,840,"NYLON, N6.6, 940/1/2, 12.0/12.0, 21.00 E",FABR,NC,ZM,21,NON,221,59,0.0,21.0,221,,,,Fabrics all Fields,,,,,
RFN00211,420,"NYLON, N6.6, 470/1/2, 14.0/14.0, 35.00 E",FABR,NW,JR,35,NON,221,59,0.0,35.0,221,,,,Fabrics all Fields,,,,,
RFN00212,1890,"NYLON, N6.6 HT, 2100/1/3, 6,0/6,0, 16,00",FABR,JM,DH,16,NON,245,59,0.0,16.0,245,,,,Fabrics all Fields,,,,,
RFN00213,1890,"NYLON, N6.6 HT, 2100/1/3, 6,0/6,0, 20,00",FABR,JM,DH,20,NON,245,59,0.0,20.0,245,,,,Fabrics all Fields,,,,,
RFN00214,1890,"NYLON, N6.6 HT, 2100/1/3, 6,0/6,0, 22,00",FABR,JM,DH,22,NON,245,59,0.0,22.0,245,,,,Fabrics all Fields,,,,,
RFN00215,840,"NYLON, N6.6, 940/1/2, 12.0/12.0, 21.00 E",FABR,NC,ZM,21,NON,221,59,0.0,21.0,221,,,,Fabrics all Fields,,,,,
RFN00216,840,"NYLON, N6.6, 940/1/2, 12.0/12.0, 21.00 E",FABR,NC,ZM,21,NON,221,59,0.0,21.0,221,,,,Fabrics all Fields,,,,,
RFN00217,840,"NYLON, N6.6, 940/1/2, 12.0/12.0, 21.00 E",FABR,NC,ZM,21,NON,221,59,0.0,21.0,221,,,,Fabrics all Fields,,,,,
RFN00220,840,"NYLON, N6.6, 940/1/2, 12,0/12,0, 21,00 E",FABR,NC,ZM,21,NON,221,59,0.0,21.0,221,,,,Fabrics all Fields,,,,,
RFN00221,840,"NYLON, N6.6, 940/1/2, 12,0/12,0, 21,00 E",FABR,NC,ZM,21,NON,221,59,0.0,21.0,221,,,,Fabrics all Fields,,,,,
RFN00222,1260,"NYLON, N6.6, 1400/1/2, 10,0/10,0, 30,00",FABR,NF,DH,30,NON,221,59,0.0,30.0,221,,,,Fabrics all Fields,,,,,
RFN00223,840,"NYLON, N6.6, 940/1/2, 12,0/12,0, 21,00 E",FABR,NC,DH,21,NON,221,59,0.0,21.0,221,,,,Fabrics all Fields,,,,,
RFN00224,1890,"NYLON, N6.6 HT, 2100/1/3, 6,0/6,0, 22,00",FABR,JM,DH,22,NON,245,59,0.0,22.0,221,,,,Fabrics all Fields,,,,,
RFN00225,840,"NYLON, N6.6, 940/1/2, 12,0/12,0, 21,00 E",FABR,NC,QA,21,NON,221,59,0.0,21.0,221,,,,Fabrics all Fields,,,,,
RFN00226,840,"NYLON, N6.6, 940/1/2, 12.0/12.0, 21.00 E",FABR,NC,QH,21,NON,221,59,0.0,21.0,221,,,,Fabrics all Fields,,,,,
RFN00227,840,"NYLON, N4.10, 940/1/2, 12.0/12.0, 32.00",FABR,1E,JA,32,NON,221,59,0.0,0.0,221,,,,Fabrics all Fields,,,,,
RFN00228,840,"NYLON, N6.6, 940/1/2, 12,0/12,0, 32,00 E",FABR,NC,JA,32,NON,221,59,0.0,32.0,221,,,,Fabrics all Fields,,,,,
RFN00229,1890,"NYLON, N6.6, 2100/1, /3,0, 30,00 EPI, A2",FABR,BK,A2,30,NON,221,80,0.0,30.0,221,,,,Fabrics all Fields,,,,,
RFN00230,1890,"NYLON, N6.6, 2100/1, /3,0, 30,00 EPI, A2",FABR,BK,A2,30,NON,221,80,0.0,30.0,221,,,,Fabrics all Fields,,,,,
RFN00231,1260,"NYLON, N6.6, 1400/1/2, 10,0/10,0, 30,00",FABR,NF,DH,30,NON,221,59,0.0,30.0,221,,,,Fabrics all Fields,,,,,
RFN00232,840,"NYLON, N6.6, 940/1/2, 12,0/12,0, 21,00 E",FABR,NC,DH,21,NON,221,59,0.0,21.0,221,,,,Fabrics all Fields,,,,,
RFN00233,1260,"NYLON, N6.6, 1400/1/2, 12,2/12,2, 28,00",FABR,,DR,28,NON,221,59,0.0,28.0,221,,,,Fabrics all Fields,,,,,
RFN00234,1890,"NYLON, N6.6 HT, 2100/1/2, 10,0/10,0, 21,",FABR,JP,DR,A6,NON,221,59,0.0,21.6,221,,,,Fabrics all Fields,,,,,
RFN00235,1260,"NYLON, N6.6 HT, 1400/1/3, 8.0/8.0, 23.00",FABR,JH,QR,23,NON,221,59,0.0,23.0,221,,,,Fabrics all Fields,,,,,
RFN00236,1260,"NYLON, N6.6 HT, 1400/1/3, 8.0/8.0, 19.00",FABR,JH,DR,19,NON,221,0,0.0,19.0,221,,,,Fabrics all Fields,,,,,
RFN00237,1260,"NYLON, N6.6, 1400/1/2, 6,0/6,0, 30,00 EP",FABR,NG,JR,30,NON,221,59,0.0,30.0,221,,,,Fabrics all Fields,,,,,
RFN00240,1260,"NYLON, N6.6 HT, 1400/1/2, 10,0/10,0, 30,",FABR,JF,DR,30,NON,221,59,0.0,30.0,221,,,,Fabrics all Fields,,,,,
RFN00241,840,"NYLON, N6.6, 940/1/2, 12,0/12,0, 27,00 E",FABR,NC,ZQ,27,NON,221,59,0.0,27.0,221,,,,Fabrics all Fields,,,,,
RFN00243,840,"NYLON, N6.6, 940/1/2, 12,0/12,0, 27,00 E",FABR,NC,ZO,27,NON,221,59,0.0,27.0,221,,,,Fabrics all Fields,,,,,
RFN00245,1890,"NYLON, N6.6, 2100/1/2, 8,0/8,0, 21,80 EP",FABR,NP,MN,A8,NON,221,0,0.0,21.8,221,,,,Fabrics all Fields,,,,,
RFN00246,1890,"NYLON, N6.6, 2100/1/2, 8,0/8,0, 26,30 EP",FABR,NP,MN,I3,NON,221,0,0.0,26.3,221,,,,Fabrics all Fields,,,,,
RFN00247,1890,"NYLON, N6.6, 2100/1/2, 10,0/10,0, 22,20",FABR,BP,MN,B2,NON,221,0,0.0,22.2,221,,,,Fabrics all Fields,,,,,
RFN00248,1260,"NYLON, N6.6, 1400/1/2, 10,0/10,0, 26,00",FABR,NF,JR,26,NON,295,59,0.0,26.0,295,,,,Fabrics all Fields,,,,,
RFN00249,1260,"NYLON, N6.6, 1400/1/2, 10,0/10,0, 30,00",FABR,NF,DH,30,NON,221,59,0.0,30.0,221,,,,Fabrics all Fields,,,,,
RFN00250,1890,"NYLON, N6.6 HT, 2100/1/3, 6,0/6,0, 20,00",FABR,JM,DH,20,NON,245,59,0.0,20.0,245,,,,Fabrics all Fields,,,,,
RFN00251,1890,"NYLON, N6.6 HT, 2100/1/3, 6,0/6,0, 16,00",FABR,JM,DH,16,NON,245,59,0.0,16.0,245,,,,Fabrics all Fields,,,,,
RFN00252,1890,"NYLON, N6.6 HT, 2100/2/2, 5,0/6,0, 18,00",FABR,JR,DH,18,NON,221,59,0.0,18.0,221,,,,Fabrics all Fields,,,,,
RFN00253,1260,"NYLON, N6.6, 1400/1/2, 10,0/10,0, 28,00",FABR,NF,ZO,28,NON,221,59,0.0,28.0,221,,,,Fabrics all Fields,,,,,
RFN00254,1260,"NYLON, N6.6, 1400/1/2, 10,0/10,0, 30,00",FABR,NF,ZO,30,NON,221,59,0.0,30.0,221,,,,Fabrics all Fields,,,,,
RFN00255,1890,"NYLON, N6.6, 2100/1/2, 8.0/8.0, 23.00 EP",FABR,NP,ZO,23,NON,221,59,0.0,23.0,221,,,,Fabrics all Fields,,,,,
RFN00256,840,"NYLON, N6.6, 940/1/2, 12.0/12.0, 32.00 E",FABR,NC,ZO,32,NON,221,59,0.0,32.0,221,,,,Fabrics all Fields,,,,,
RFN00257,840,"NYLON, N6.6, 940/1/2, 12.0/12.0, 32.00 E",FABR,NC,ZO,32,NON,221,59,0.0,32.0,221,,,,Fabrics all Fields,,,,,
RFN00258,1260,"NYLON, N6.6, 1400/1/2, 6,0/6,0, 30,00 EP",FABR,NG,ZO,30,EXT,0,59,0.0,30.0,0,,,,Fabrics all Fields,,,,,
RFN00259,840,"NYLON, N6.6, 940/1/2, 12,0/12,0, 16,00 E",FABR,NC,QH,16,NON,221,59,0.0,16.0,221,,,,Fabrics all Fields,,,,,
RFN00260,1260,"NYLON, N6.6, 1400/1/2, 10.0/10.0, 26.00",FABR,NF,JR,26,NON,295,59,0.0,26.0,295,,,,Fabrics all Fields,,,,,
RFN002600,1260,"NYLON, N6.6, 1400/1/2, 10.0/10.0, 26.00",FABR,NF,JR,26,NON,295,59,0.0,26.0,295,,,,Fabrics all Fields,,,,,
RFN002602,1260,"NYLON, N6.6, 1400/1/2, 10.0/10.0, 26.00",FABR,NF,JR,26,NON,295,59,0.0,26.0,295,,,,Fabrics all Fields,,,,,
RFN00261,1260,"NYLON, N6.6 HT, 1400/1/3, 8.0/8.0, 23.00",FABR,JH,QR,23,NON,221,59,0.0,23.0,221,,,,Fabrics all Fields,,,,,
RFN00262,1260,"NYLON, N6.6 HT, 1400/1/3, 8.0/8.0, 19.00",FABR,JH,DR,19,NON,328,59,0.0,19.0,328,,,,Fabrics all Fields,,,,,
RFN00263,1260,"NYLON, N6.6, 1400/1/2, 6.0/6.0, 30.00 EP",FABR,NG,JR,30,NON,221,59,0.0,30.0,221,,,,Fabrics all Fields,,,,,
RFN00264,1260,"NYLON, N6.6, 1400/1/2, 10.0/10.0, 30.00",FABR,NF,DH,30,NON,221,59,0.0,30.0,221,,,,Fabrics all Fields,,,,,
RFN00265,1260,"NYLON, N6.6 HT, 1400/1/2, 10.0/10.0, 30.",FABR,JF,DR,30,NON,221,59,0.0,30.0,221,,,,Fabrics all Fields,,,,,
RFN00267,1260,"NYLON, N6.6 HT, 1400/1/2, 10,0/10,0, 30,",FABR,JF,DR,30,NON,221,59,0.0,30.0,221,,,,Fabrics all Fields,,,,,
RFN00268,1260,"NYLON, N6.6, 1400/1/2, 10,0/10,0, 30,00",FABR,NF,DH,30,NON,221,59,0.0,30.0,221,,,,Fabrics all Fields,,,,,
RFN26169,840,840/3 0.027 32 EPI NYLON 66 FABRIC,FABR,,,,,0,0,63.5,32.0,0,,,,Fabrics all Fields,,,,,
RFN32123,4000,4000/1 0.028 17 EPI NYLON 66 FABRIC,FABR,,,,,0,0,62.0,17.0,0,,,,Fabrics all Fields,,,,,
RFN32198,4000,4000/1 0.028 17 EPI NYLON 66 FABRIC,FABR,,,,,0,0,62.0,17.0,0,,,,Fabrics all Fields,,,,,
RFN33505,840,840/2 0.022 33 EPI NYLON 66 FABRIC,FABR,,,,,0,0,62.0,33.0,0,,,,Fabrics all Fields,,,,,
RFN34701,2000,2000/1 0.020 23 EPI NYLON 66 FABRIC,FABR,,,,,0,0,62.0,23.0,0,,,,Fabrics all Fields,,,,,
RFN34818,420,420/2 0.012 35 EPI NYLON 66 FABRIC,FABR,,,,,0,0,62.0,35.0,0,,,,Fabrics all Fields,,,,,
RFN36323,6280,6280/1 0.033 13.5 EPI NYLON 66 FABRIC,FABR,,,,,0,0,62.0,13.5,0,,,,Fabrics all Fields,,,,,
RFN39632,3000,3000/1 0.025 21 EPI NYLON 66 FABRIC,FABR,,,,,0,0,62.0,21.0,0,,,,Fabrics all Fields,,,,,
RFN404JH,1260,1260/2 0.026 18 EPI NYLON 66 FABRIC,FABR,,,,,0,0,62.0,18.0,0,,,,Fabrics all Fields,,,,,
RFN405JH,1260,1260/2 0.026 26 EPI NYLON 66 FABRIC,FABR,,,,,0,0,62.0,26.0,0,,,,Fabrics all Fields,,,,,
RFN406JH,1260,1260/2 0.026 30 EPI NYLON 66 FABRIC,FABR,,,,,0,0,62.0,30.0,0,,,,Fabrics all Fields,,,,,
RFN413QA,840,840/2 0.022 21 EPI NYLON 66 FABRIC,FABR,,,,,0,0,62.0,21.0,0,,,,Fabrics all Fields,,,,,
RFN424QA,840,840/2 0.022 27 EPI NYLON 66 FABRIC,FABR,,,,,0,0,62.0,27.0,0,,,,Fabrics all Fields,,,,,
RFN425JR,1260,1260/2 0.026 30 EPI NYLON 66 FABRIC,FABR,,,,,0,0,62.0,30.0,0,,,,Fabrics all Fields,,,,,
RFN463JH,1260,1260/2 0.026 30 EPI NYLON 66 FABRIC,FABR,,,,,0,0,62.0,30.0,0,,,,Fabrics all Fields,,,,,
RFN512JH,1260,1260/2 0.026 18 EPI NYLON 66 FABRIC,FABR,,,,,0,0,62.0,18.0,0,,,,Fabrics all Fields,,,,,
RFN513JH,1260,1260/2 0.026 23 EPI NYLON 66 FABRIC,FABR,,,,,0,0,62.0,23.0,0,,,,Fabrics all Fields,,,,,
RFN514JH,1260,1260/2 0.026 30 EPI NYLON 66 FABRIC,FABR,,,,,0,0,62.0,30.0,0,,,,Fabrics all Fields,,,,,
RFN521JR,1260,1260/2 0.026 30 EPI NYLON 66 FABRIC,FABR,,,,,0,0,62.0,30.0,0,,,,Fabrics all Fields,,,,,
RFN528QA,1260,1260/2 0.026 26 EPI NYLON 66 FABRIC,FABR,,,,,0,0,62.0,26.0,0,,,,Fabrics all Fields,,,,,
RFN529QA,1260,1260/3 0.031 23 EPI NYLON 66 FABRIC,FABR,,,,,0,0,62.0,23.0,0,,,,Fabrics all Fields,,,,,
RFN542JH,840,840/2 0.022 21 EPI NYLON 66 FABRIC,FABR,,,,,0,0,62.0,21.0,0,,,,Fabrics all Fields,,,,,
RFN544JH,840,840/2 0.022 35 EPI NYLON 66 FABRIC,FABR,,,,,0,0,62.0,35.0,0,,,,Fabrics all Fields,,,,,
RFN549JH,1890,1890/3 0.040 21 EPI NYLON 66 FABRIC,FABR,,,,,0,0,62.0,21.0,0,,,,Fabrics all Fields,,,,,
RFN55541,4000,4000/1 0.028 18 EPI HYTEN NYLON FABRIC,FABR,,,,,0,0,62.0,18.0,0,,,,Fabrics all Fields,,,,,
RFN55641,3000,3000/1 0.025 20 EPI HYTEN NYLON FABRIC,FABR,,,,,0,0,62.0,20.0,0,,,,Fabrics all Fields,,,,,
RFN565PR,210,210/2 0.010 60 EPI NYLON 66 FABRIC,FABR,,,,,0,0,62.0,60.0,0,,,,Fabrics all Fields,,,,,
RFN566JA,1260,1260/2 0.026 28 EPI NYLON 66 FABRIC,FABR,,,,,0,0,62.0,28.0,0,,,,Fabrics all Fields,,,,,
RFN573JA,1890,1890/3 0.040 12 EPI T728 NYLON FABRIC,FABR,,,,,0,0,62.0,12.0,0,,,,Fabrics all Fields,,,,,
RFN57435,1260,1260/2 0.026 18 EPI T-5 NYLON 66 FABRIC,FABR,,,,,0,0,62.0,18.0,0,,,,Fabrics all Fields,,,,,
RFN57535,1260,1260/2 0.026 23 EPI T-5 NYLON 66 FABRIC,FABR,,,,,0,0,62.0,23.0,0,,,,Fabrics all Fields,,,,,
RFN57635,1260,1260/2 0.026 30 EPI T-5 NYLON 66 FABRIC,FABR,,,,,0,0,62.0,30.0,0,,,,Fabrics all Fields,,,,,
RFN616DH,1890,1890/2 0.031 23 EPI NYLON 66 FABRIC,FABR,,,,,0,0,62.0,23.0,0,,,,Fabrics all Fields,,,,,
RFN61789,1890,1890 4 0.0480 18 EPI NYLON 66 FABRIC,FABR,,,,,0,0,62.0,18.0,0,,,,Fabrics all Fields,,,,,
RFN654JR,3000,3000/1 0.042 15 EPI HYTEN FABRIC,FABR,,,,,0,0,62.0,15.0,0,,,,Fabrics all Fields,,,,,
RFN65816,1890,"1890/3 0.040 21 EPI NYLON6,6 FABRIC",FABR,,,,,0,0,62.0,21.0,0,,,,Fabrics all Fields,,,,,
RFN667QA,9000,9000/1 0.042 12EPI N66 MONO SHUTTLE,FABR,,,,,0,0,61.0,12.0,0,,,,Fabrics all Fields,,,,,
RFN66893,4000,4000/1 0.028 18 EPI HYTEN NYLON FABRIC,FABR,,,,,0,0,62.0,18.0,0,,,,Fabrics all Fields,,,,,
RFN67023,1890,1890/3 0.040 16 EPI NYLON 66 FABRIC,FABR,,,,,0,0,62.0,16.0,0,,,,Fabrics all Fields,,,,,
RFN674SA,1260,"1260/1 0.018 24EPI NYLON6,6 FABRIC",FABR,,,,,0,0,62.3,24.0,0,,,,Fabrics all Fields,,,,,
RFN67530,1260,1260/2 0.026 30 EPI NYLON 66 FABRIC,FABR,,,,,0,0,62.0,30.0,0,,,,Fabrics all Fields,,,,,
RFN68133,1260,1260/2 0.026 18 EPI T802 NYLON FABRIC,FABR,,,,,0,0,62.0,18.0,0,,,,Fabrics all Fields,,,,,
RFN68235,1260,1260/2 0.026 28 EPI NYLON 66 FABRIC,FABR,,,,,0,0,62.0,28.0,0,,,,Fabrics all Fields,,,,,
RFN684QA,9000,9000/1 0.042 12 EPI NYLON FABRIC,FABR,,,,,0,0,56.0,12.0,0,,,,Fabrics all Fields,,,,,
RFN68893,4000,4000/1 0.028 18 EPI MONOFILAMENT NYLON,FABR,,,,,0,0,62.0,18.0,0,,,,Fabrics all Fields,,,,,
RFN68951,1260,1260/2 0.026 28 EPI NYLON 66 FABRIC,FABR,,,,,0,0,62.0,28.0,0,,,,Fabrics all Fields,,,,,
RFN69452,840,840/2 0.022 28PI NYLON 66 FABRIC,FABR,,,,,0,0,64.0,28.0,0,,,,Fabrics all Fields,,,,,
RFN695SA,1260,"1260/1 0.018 23EPI NYLON6,6 FABRIC",FABR,,,,,0,0,62.3,23.0,0,,,,Fabrics all Fields,,,,,
RFN69853,1260,1260 /3 0.031 23 EPI NYLON FABRIC,FABR,,,,,0,0,62.0,23.0,0,,,,Fabrics all Fields,,,,,
RFN69954,1260,1260 /2 0.026 26 EPI NYLON 66 FABRIC,FABR,,,,,0,0,62.0,26.0,0,,,,Fabrics all Fields,,,,,
RFN70055,1260,1260 /3 0.031 19 EPI NYLON 66 FABRIC,FABR,,,,,0,0,62.0,19.0,0,,,,Fabrics all Fields,,,,,
RFN70663,1890,"     1890/3 NYLON, 21.4 EPI",FABR,,,,,0,0,62.0,21.4,0,,,,Fabrics all Fields,,,,,
RFN70764,1890,"     1890/3 NYLON, 16 EPI",FABR,,,,,0,0,62.0,16.0,0,,,,Fabrics all Fields,,,,,
RFN70863,1890,     ASAHI 1890/3 NYLON 21.4 EPI,FABR,,,,,0,0,62.0,21.4,0,,,,Fabrics all Fields,,,,,
RFN70881,1890,     ASAHI 1890/3 NYLON FABRIC 21.4 EPI,FABR,,,,,0,0,62.0,21.4,0,,,,Fabrics all Fields,,,,,
RFN70964,1890,     ASAHI 1890/3 NYLON 16EPI,FABR,,,,,0,0,62.0,16.0,0,,,,Fabrics all Fields,,,,,
RFN70982,1890,     ASAHI 1890/3 NYLON FABRIC 16 EPI,FABR,,,,,0,0,62.0,16.0,0,,,,Fabrics all Fields,,,,,
RFN71273,1890,     1890/4 NYLON 18 EPI,FABR,,,,,0,0,62.0,18.0,0,,,,Fabrics all Fields,,,,,
RFN713DH,4000,     4000/1 HYTEN AT 18EPI,FABR,,,,,0,0,51.0,15.2,0,,,,Fabrics all Fields,,,,,
RFN71591,1890,     1890/4 NYLON FABRIC AT 18EPI,FABR,,,,,0,0,62.0,18.0,0,,,,Fabrics all Fields,,,,,
RFN716DH,1890,"1890/2/2 NYLON 6,6 18 EPI EXT FILL CORD",FABR,,,,,0,0,62.0,18.0,0,,,,Fabrics all Fields,,,,,
RFN717DH,1890,     1890/3 NYLON FABRIC AT 22EPI,FABR,,,,,0,0,62.0,22.0,0,,,,Fabrics all Fields,,,,,
RFN71996,1890,"1890/2/2 NYLON6,6 CORD",FABR,,,,,0,0,62.0,18.0,0,,,,Fabrics all Fields,,,,,
RFN72230,1260,"1260/2 P1072 NYLON 6,6 FABRIC",FABR,,,,,0,0,62.0,30.0,0,,,,Fabrics all Fields,,,,,
RFN72317,4000,4000D NYLON MONOFILAMENT,FABR,,,,,0,0,62.0,18.0,0,,,,Fabrics all Fields,,,,,
RFN724JR,420,"420/2 NYLON 6,6 FABRIC AT 35EPI",FABR,,,,,0,0,62.0,35.0,0,,,,Fabrics all Fields,,,,,
RFN725QA,420,"420/2 NYLON6,6 FABRIC AT 33 EPI",FABR,,,,,0,0,62.0,33.0,0,,,,Fabrics all Fields,,,,,
RFN72608,1260,"1260/1 NYLON 6,6 FABRIC AT 24EPI",FABR,,,,,0,0,62.3,24.0,0,,,,Fabrics all Fields,,,,,
RFN74018,3000,3000D HYTEN,FABR,,,,,0,0,62.0,15.0,0,,,,Fabrics all Fields,,,,,
RFN74326,9000,"9000 DENIER NYLON6,6 MONOFILAMENT 12EPI",FABR,,,,,0,0,53.0,11.6,0,,,,Fabrics all Fields,,,,,
RFN743QA,9000,"9000 DENIER NYLON6,6 MONOFILAMENT 12EPI",FABR,,,,,0,0,53.0,11.6,0,,,,Fabrics all Fields,,,,,
RFN744DH,1890,1890/3 NYLON 20EPI  EXTENSIBLE FILL,FABR,,,,,0,0,62.0,20.0,0,,,,Fabrics all Fields,,,,,
RFN745JR,1260,"1260/1/2 NYLON 6,6 30 EPI TYPE 802",FABR,,,,,0,0,62.0,30.0,0,,,,Fabrics all Fields,,,,,
RFN74623,1260,"1260/1/2 NYLON 6,6 30 EPI TYPE 802 8X8",FABR,,,,,0,0,62.0,30.0,0,,,,Fabrics all Fields,,,,,
RFN74725,1260,"1260/1/2 NYLON 6,6 30 EPI 5X10 TPI",FABR,,,,,0,0,62.0,30.0,0,,,,Fabrics all Fields,,,,,
RFN749DH,1890,"1890/1/3 NYLON 6,6 16 EPI EXTENSIBLE",FABR,,,,,0,0,62.0,16.0,0,,,,Fabrics all Fields,,,,,
RFN751QA,9000,NYLON 66 MONOFILAMENT 9000 DENIER 4000C,FABR,,,,,0,0,61.0,12.0,0,,,,Fabrics all Fields,,,,,
RFN75227,1260,"1260/1/2 NYLON 6,6 30 EPI DUSA P1072",FABR,,,,,0,0,62.0,30.0,0,,,,Fabrics all Fields,,,,,
RFN75428,1890,1890/2/2 NYLON66 18EPI 55IN WIDE,FABR,,,,,0,0,60.0,18.0,0,,,,Fabrics all Fields,,,,,
RFN755QA,9000,NYLON 66 MONOFILAMENT 9000 DENIER 4000C,FABR,,,,,0,0,61.0,12.0,0,,,,Fabrics all Fields,,,,,
RFN75630,9000,NYLON 66 MONOFIL 9000 DENIER 2050/2060C,FABR,,,,,0,0,61.0,12.0,0,,,,Fabrics all Fields,,,,,
RFN756QA,9000,NYLON 66 MONOFILAMENT 9000 DENIER 4000C,FABR,,,,,0,0,61.0,12.0,0,,,,Fabrics all Fields,,,,,
RFN75730,9000,NYLON 66 MONOFIL 9000 DENIER 2050/2060C,FABR,,,,,0,0,61.0,12.0,0,,,,Fabrics all Fields,,,,,
RFN75830,9000,NYLON 66 MONOFIL 9000 DENIER 2050/2060C,FABR,,,,,0,0,61.0,12.0,0,,,,Fabrics all Fields,,,,,
RFN75937,1260,"1260/1/2 NYLON 6,6 26EPI UTICA PINK DIP",FABR,,,,,0,0,60.0,26.0,0,,,,Fabrics all Fields,,,,,
RFN76036,840,"840/1/2 NYLON 6,6 32EPI UTICA PINK DIP",FABR,,,,,0,0,62.0,32.0,0,,,,Fabrics all Fields,,,,,
RFN76134,1260,1260/1/2 0.026 30 EPI NYLON 66 139 YARN,FABR,,,,,0,0,62.0,30.0,0,,,,Fabrics all Fields,,,,,
RFN76235,840,"840/1/2 NYLON 6,6 28EPI UTICA D5A PINK",FABR,,,,,0,0,62.0,28.0,0,,,,Fabrics all Fields,,,,,
RFN77642,1260,1260/2 0.026 30 EPI NY FROM UTICA,FABR,,,,,0,0,64.0,30.0,0,,,,Fabrics all Fields,,,,,
RFN77942,1260,"1260/1/2 NYLON 6,6 30EPI UTICA DIP",FABR,,,,,0,0,64.0,30.0,0,,,,Fabrics all Fields,,,,,
RFN77944,4000,NYLON 66 MONOFILAMENT 4100C EPI 18,FABR,,,,,0,0,61.0,18.0,0,,,,Fabrics all Fields,,,,,
RFN78045,1890,"1890/2/2 NYLON 6,6 4X4 TPI 18EPI",FABR,,,,,0,0,60.0,18.0,0,,,,Fabrics all Fields,,,,,
RFN79196,1890,1890/2/ N66 4X4TPI 18EPI 1IN EXT STRIPS,FABR,,,,,0,0,1.0,18.0,0,,,,Fabrics all Fields,,,,,
RFN792JA,1890,1890/1/2 NYLON 66 23 EPI FINISH NI29,FABR,,,,,0,0,62.0,23.0,0,,,,Fabrics all Fields,,,,,
RFN79457,1260,1260/1/2 NYLON66 30EPI UTICA 47IN WIDE,FABR,,,,,0,0,52.0,30.0,0,,,,Fabrics all Fields,,,,,
RFN79696,1890,1890/2/2 NYLON66 SED FOR EXTRUDED STRIP,FABR,,,,,0,0,0.444,18.0,0,,,,Fabrics all Fields,,,,,
RFN79768,1260,1260/1/3 23 EPI NYLON 66 FABRIC T802,FABR,,,,,0,0,62.0,23.0,0,,,,Fabrics all Fields,,,,,
RFN80472,1260,1260/1/2 NYLON66.026 26EPI UTICA 47WIDE,FABR,,,,,0,0,50.0,26.0,0,,,,Fabrics all Fields,,,,,
RFN80573,4100,4100 DENIER NYLON66 MONOFIL 4100C 14EPI,FABR,,,,,0,0,62.0,14.0,0,,,,Fabrics all Fields,,,,,
RFN80977,1890,NYLON 66 T-802 1890/2,FABR,,,,,0,0,64.0,23.0,0,,,,Fabrics all Fields,,,,,
RFN81096,1890,"1890/2/2 NYLON 66 SED EXTRUDED STRIP 1""",FABR,,,,,0,0,1.0,18.0,0,,,,Fabrics all Fields,,,,,
RFN81184,850,850/1 0.013 28EPI NYLON 66 MONOFILAMENT,FABR,,,,,0,0,62.0,28.0,0,,,,Fabrics all Fields,,,,,
RFN813DH,1260,1260/2 0.026 18EPI N66 T728 DH PROCESS,FABR,,,,,0,0,62.0,18.0,0,,,,Fabrics all Fields,,,,,
RFN814DH,1260,1260/2 0.026 23EPI N66 T728 DH PROCESS,FABR,,,,,0,0,62.0,23.0,0,,,,Fabrics all Fields,,,,,
RFN814H,1260,1260/2 0.026 23EPI N66 T728 DH PROCESS,FABR,,,,,0,0,62.0,23.0,0,,,,Fabrics all Fields,,,,,
RFN815DH,1260,1260/2 0.026 30EPI N66 T728 DH PROCESS,FABR,,,,,0,0,62.0,30.0,0,,,,Fabrics all Fields,,,,,
RFN81884,850,850/1 0.013 26EPI NYLON 66 TOEGUARD FAB,FABR,,,,,0,0,62.0,26.0,0,,,,Fabrics all Fields,,,,,
RFN819DH,1260,1260/3 0.031 23EPI 59IN WIDTH NYLON66,FABR,,,,,0,0,64.0,23.0,0,,,,Fabrics all Fields,,,,,
RFN819QR,1260,1260/3 0.031 23EPI N66 59WIDE,FABR,,,,,0,0,64.0,23.0,0,,,,Fabrics all Fields,,,,,
RFN820DH,1890,1890/3 T-802 NYLON FABRIC,FABR,,,,,0,0,62.0,21.4,0,,,,Fabrics all Fields,,,,,
RFN821DH,1890,1890/3 T-802 NYLON FABRIC,FABR,,,,,0,0,62.0,20.0,0,,,,Fabrics all Fields,,,,,
RFN82291,1890,"1890/2/2 SED EXTRUDED STRIP 1/2"" IZMIT",FABR,,,,,0,0,0.444,18.0,0,,,,Fabrics all Fields,,,,,
RFN823JA,1890,1890/2 0.031 23 EPI NYLON 66 59 IN WIDE,FABR,,,,,0,0,64.0,23.0,0,,,,Fabrics all Fields,,,,,
RFN828KR,840,840/1/2 NYLON 66 19EPI UTICA D5A,FABR,,,,,0,0,62.0,19.0,0,,,,Fabrics all Fields,,,,,
RFN833QA,9000,9000/1 0.042 12EPI N66 QUANTUM WEAVE,FABR,,,,,0,0,61.0,12.0,0,,,,Fabrics all Fields,,,,,
RFN834MA,840,840/2 0.022 28EPI NYLON 66 UTICA D5A,FABR,,,,,0,0,62.0,28.0,0,,,,Fabrics all Fields,,,,,
RFN84425,1260,"1260/2 0.026 30EPI NYLON UTICA 59""WIDE",FABR,,,,,0,0,62.0,30.0,0,,,,Fabrics all Fields,,,,,
RFN845MA,1260,1260/2 0.026 28EPI N66 SHENMA UTICA D5A,FABR,,,,,0,0,64.0,28.0,0,,,,Fabrics all Fields,,,,,
RFN856MA,1260,1260/2 0.026 30EPI N66 SHENMA UTICA D5A,FABR,,,,,0,0,64.0,30.0,0,,,,Fabrics all Fields,,,,,
RFN861DR,1260,1260/3 NYLON 66 19EPI 0.031GAUGE 57WIDE,FABR,,,,,0,0,62.0,19.0,0,,,,Fabrics all Fields,,,,,
RFN862QR,1260,1260/3 NYLON 66 23PI 0.031GAUGE 57WIDE,FABR,,,,,0,0,64.0,23.0,0,,,,Fabrics all Fields,,,,,
RFN87063,840,840/2 0.022 NYLON SED 32EPI,FABR,,,,,0,0,1.0,32.0,0,,,,Fabrics all Fields,,,,,
RFN872JA,1890,1890/2 0.031 19 EPI NYLON 66 59IN WIDTH,FABR,,,,,0,0,64.0,19.0,0,,,,Fabrics all Fields,,,,,
RFN873QA,9000,9000/1 0.042 12EPI MONOFIL FABRC 51 WIDE,FABR,,,,,0,0,59.0,12.0,0,,,,Fabrics all Fields,,,,,
RFN874JA,1890,1890/2 0.031 26 EPI NYLON 66 FABRIC,FABR,,,,,0,0,62.0,26.0,0,,,,Fabrics all Fields,,,,,
RFN878MA,840,840/2 0.022 32 EPI NYLON 66 FABRIC MA,FABR,,,,,0,0,62.0,32.0,0,,,,Fabrics all Fields,,,,,
RFN879MA,1260,1260/2 0.026 28 EPI NYLON 66 FABRIC,FABR,,,,,0,0,64.0,28.0,0,,,,Fabrics all Fields,,,,,
RFN880QA,9000,9000/1 0.042 12EPI MONOFIL FABRC 51 WIDE,FABR,,,,,0,0,59.0,12.0,0,,,,Fabrics all Fields,,,,,
RFN882JA,840,840/2 0.022 32 EPI NYLON 66 FABRIC,FABR,,,,,0,0,62.0,32.0,0,,,,Fabrics all Fields,,,,,
RFNA28DR,1260,"NYLON, N6.6, 1400/1/2, 12,2/12,2, 28,00",FABR,,DR,28,NON,221,59,0.0,28.0,221,,,,Fabrics all Fields,,,,,
RFNA36QJ,840,840/2 0.015 36 EPI NYLON 66 FABRIC,FABR,,,,,0,0,62.0,36.0,0,,,,Fabrics all Fields,,,,,
RFNB18JH,2520,840/2 0.026 18 EPI NYLON 66 FABRIC,FABR,,,,,0,0,62.0,18.0,0,,,,Fabrics all Fields,,,,,
RFNB30GA,1260,"NYLON, N6.6, 1400/2, /3.0, 30.00 EPI, GA",FABR,NB,GA,30,NON,221,50,62.0,30.0,221,,,,Fabrics all Fields,,,,,
RFNB30JA,1260,"NYLON, N6.6, 1400/2, /3,0, 30,00 EPI, JA",FABR,NB,JA,30,NON,221,50,1425.0,30.0,221,,,,Fabrics all Fields,,,,,
RFNC16,840,840/2 0.022 16 EPI NYLON 66 FABRIC,FABR,,,,,0,0,62.0,0.0,0,,,,Fabrics all Fields,,,,,
RFNC16JA,840,840/2 0.022 16 EPI NYLON 66 FABRIC,FABR,,,,,0,0,62.0,16.0,0,,,,Fabrics all Fields,,,,,
RFNC16JR,840,840/2 0.022 16 EPI NYLON 66 FABRIC,FABR,,,,,0,0,62.0,16.0,0,,,,Fabrics all Fields,,,,,
RFNC16KA,840,840/2 0.022 16 EPI NYLON 66 FABRIC,FABR,,,,,0,0,62.0,16.0,0,,,,Fabrics all Fields,,,,,
RFNC16KR,840,UTICA 840/2 12X12 16EPI NYLON66 D5A,FABR,,,,,0,0,61.0,16.0,0,,,,Fabrics all Fields,,,,,
RFNC16QA,840,"NYLON, N6.6, 940/1/2, 12.0/12.0, 16.00 E",FABR,NC,QA,16,NON,221,59,62.0,16.0,221,,,,Fabrics all Fields,,,,,
RFNC16QAN,840,840/2 0.022 16 EPI NYLON 66 FABRIC,FABR,,,,,0,0,53.0,16.0,0,,,,Fabrics all Fields,,,,,
RFNC16QH,840,"NYLON, N6.6, 940/1/2, 12,0/12,0, 16,00 E",FABR,NC,QH,16,NON,221,59,62.0,16.0,221,,,,Fabrics all Fields,,,,,
RFNC16SJ,840,"NYLON, N6.6, 940/1/2, 12,0/12,0, 16,00 E",FABR,NC,SJ,16,NON,221,100,0.0,16.0,221,,,,Fabrics all Fields,,,,,
RFNC16UA,840,"NYLON, N6.6, 940/1/2, 12,0/12,0, 16,00 E",FABR,NC,UA,16,NON,221,59,62.0,16.0,221,,,,Fabrics all Fields,,,,,
RFNC16ZM,840,"NYLON, N6.6, 940/1/2, 12,0/12,0, 16,00 E",FABR,NC,ZM,16,NON,0,59,0.0,16.0,0,,,,Fabrics all Fields,,,,,
RFNC18KA,840,840/2 0.022 18 EPI NYLON 66 FABRIC,FABR,,,,,0,0,62.0,18.0,0,,,,Fabrics all Fields,,,,,
RFNC20UA,840,"NYLON, N6.6, 940/1/2, 12.0/12.0, 20.00 E",FABR,NC,UA,20,NON,221,59,1400.0,20.0,221,,,,Fabrics all Fields,,,,,
RFNC21,840,840/2 0.022 21 EPI NYLON 66 FABRIC,FABR,,,,,0,0,62.0,0.0,0,,,,Fabrics all Fields,,,,,
RFNC2147,840,840/2 0.022 21EPI N66 SINGLE DIP,FABR,,,,,0,0,62.0,21.0,0,,,,Fabrics all Fields,,,,,
RFNC21DH,840,"NYLON, N6.6, 940/1/2, 12,0/12,0, 21,00 E",FABR,NC,DH,21,NON,221,59,62.0,21.0,221,,,,Fabrics all Fields,,,,,
RFNC21JA,840,"NYLON, N6.6, 940/1/2, 12.0/12.0, 21.00 E",FABR,NC,JA,21,NON,221,59,62.0,21.0,221,,,,Fabrics all Fields,,,,,
RFNC21JH,840,840/2 0.022 21 EPI NYLON 66 FABRIC,FABR,,,,,0,0,62.0,21.0,0,,,,Fabrics all Fields,,,,,
RFNC21JR,840,"NYLON, N6.6, 940/1/2, 12,0/12,0, 21,00 E",FABR,NC,JR,21,NON,221,59,62.0,21.0,221,,,,Fabrics all Fields,,,,,
RFNC21KA,840,840/2 0.022 21 EPI NYLON 66 FABRIC D5A,FABR,,,,,0,0,61.0,21.0,0,,,,Fabrics all Fields,,,,,
RFNC21QA,840,"NYLON, N6.6, 940/1/2, 12,0/12,0, 21,00 E",FABR,NC,QA,21,NON,221,59,62.0,21.0,221,,,,Fabrics all Fields,,,,,
RFNC21QAC,840,840/2 0.022 21 EPI NYLON 66 FABRIC -55IN,FABR,,,,,0,0,60.0,21.0,0,,,,Fabrics all Fields,,,,,
RFNC21QH,840,"NYLON, N6.6, 940/1/2, 12.0/12.0, 21.00 E",FABR,NC,QH,21,NON,221,59,62.0,21.0,221,,,,Fabrics all Fields,,,,,
RFNC21UA,840,840/2 0.022 21 EPI NYLON 66 FABRIC,FABR,,,,,0,0,62.0,21.0,0,,,,Fabrics all Fields,,,,,
RFNC21ZM,840,"NYLON, N6.6, 940/1/2, 12.0/12.0, 21.00 E",FABR,NC,ZM,21,NON,221,59,0.0,21.0,221,,,,Fabrics all Fields,,,,,
RFNC21ZO,840,"NYLON, N6.6, 940/1/2, 12,0/12,0, 21,00 E",FABR,NC,ZO,21,NON,221,59,0.0,21.0,221,,,,Fabrics all Fields,,,,,
RFNC22JA,840,840/2 0.022 22 EPI NYLON 66 FABRIC,FABR,,,,,0,0,62.0,22.0,0,,,,Fabrics all Fields,,,,,
RFNC22JR,840,840/2 0.022 22 EPI NYLON 66 FABRIC,FABR,,,,,0,0,62.0,22.0,0,,,,Fabrics all Fields,,,,,
RFNC22QA,840,"NYLON, N6.6, 940/1/2, 12,0/12,0, 22,00 E",FABR,NC,QA,22,NON,221,59,62.0,22.0,221,,,,Fabrics all Fields,,,,,
RFNC22TS,840,840/2 0.022 22 EPI NYLON 66 FABRIC,FABR,,,,,0,0,62.0,22.0,0,,,,Fabrics all Fields,,,,,
RFNC22UA,840,840/2 0.022 22 EPI NYLON 66 FABRIC,FABR,,,,,0,0,62.0,22.0,0,,,,Fabrics all Fields,,,,,
RFNC24FA,840,840/2 0.022 24 EPI NYLON 66 FABRIC,FABR,,,,,0,0,62.0,24.0,0,,,,Fabrics all Fields,,,,,
RFNC24JH,840,840/2 0.022 24 EPI NYLON 66 FABRIC,FABR,,,,,0,0,62.0,24.0,0,,,,Fabrics all Fields,,,,,
RFNC27,840,840/2 0.022 27 EPI NYLON 66 FABRIC,FABR,,,,,0,0,62.0,0.0,0,,,,Fabrics all Fields,,,,,
RFNC27GA,840,"NYLON, N6.6, 940/1/2, 12.0/12.0, 27.00 E",FABR,NC,GA,27,NON,221,59,1490.0,27.0,221,,,,Fabrics all Fields,,,,,
RFNC27JA,840,"NYLON, N6.6, 940/1/2, 12.0/12.0, 27.00 E",FABR,NC,JA,27,NON,221,59,62.0,27.0,221,,,,Fabrics all Fields,,,,,
RFNC27JR,840,"NYLON, N6.6, 940/1/2, 12,0/12,0, 27,00 E",FABR,NC,JR,27,NON,221,59,62.0,27.0,221,,,,Fabrics all Fields,,,,,
RFNC27QA,840,840/2 0.022 27 EPI NYLON 66 FABRIC,FABR,,,,,0,0,62.0,27.0,0,,,,Fabrics all Fields,,,,,
RFNC27ZO,840,"NYLON, N6.6, 940/1/2, 12,0/12,0, 27,00 E",FABR,NC,ZO,27,NON,221,59,0.0,27.0,221,,,,Fabrics all Fields,,,,,
RFNC28MA,840,"NYLON, N6.6, 940/1/2, 12.0/12.0, 28.00 E",FABR,NC,MA,28,NON,221,65,62.0,28.0,221,,,,Fabrics all Fields,,,,,
RFNC28ME,840,UTICA 840/2 12X12 28EPI NYLON66 D5A,FABR,,,,,0,0,61.5,28.0,0,,,,Fabrics all Fields,,,,,
RFNC30GA,840,"NYLON, N6.6, 940/1/2, 12.0/12.0, 30.00 E",FABR,NC,GA,30,NON,221,59,1448.0,30.0,221,,,,Fabrics all Fields,,,,,
RFNC30JA,840,"NYLON, N6.6, 940/1/2, 12,0/12,0, 30,00 E",FABR,NC,JA,30,NON,221,59,1422.0,30.0,221,,,,Fabrics all Fields,,,,,
RFNC30QA,840,"NYLON, N6.6, 940/1/2, 12,0/12,0, 30,00 E",FABR,NC,QA,30,NON,221,59,1400.0,30.0,221,,,,Fabrics all Fields,,,,,
RFNC30SJ,840,"NYLON, N6.6, 940/1/2, 12.0/12.0, 30.00 E",FABR,NC,SJ,30,NON,221,100,0.0,30.0,221,,,,Fabrics all Fields,,,,,
RFNC30SV,840,"NYLON, N6.6, 940/1/2, 12.0/12.0, 30.00 E",FABR,NC,SV,30,NON,221,59,0.0,30.0,221,,,,Fabrics all Fields,,,,,
RFNC30ZM,840,"NYLON, N6.6, 940/1/2, 12,0/12,0, 30,00 E",FABR,NC,ZM,30,NON,0,0,0.0,30.0,0,,,,Fabrics all Fields,,,,,
RFNC30ZO,840,"NYLON, N6.6, 940/1/2, 12,0/12,0, 30,00 E",FABR,NC,ZO,30,NON,0,59,0.0,30.0,0,,,,Fabrics all Fields,,,,,
RFNC3220,840,840/1/2 NYLON 66 32EPI,FABR,,,,,0,0,62.0,32.0,0,,,,Fabrics all Fields,,,,,
RFNC3230,840,840/2 0.022 32EPI N66 57INCH FABRIC,FABR,,,,,0,0,62.0,32.0,0,,,,Fabrics all Fields,,,,,
RFNC3249,840,840/2 0.022 32 EPI NYLON 66 FABRIC,FABR,,,,,0,0,62.0,32.0,0,,,,Fabrics all Fields,,,,,
RFNC3252,840,840/2 0.022 32 EPI NYLON 66 FABRIC,FABR,,,,,0,0,62.0,32.0,0,,,,Fabrics all Fields,,,,,
RFNC3253,840,840/2 0.022 32 EPI NYLON 66 FABRIC,FABR,,,,,0,0,62.0,32.0,0,,,,Fabrics all Fields,,,,,
RFNC3287,840,840/2 0.022 32EPI N66 SINGLE DIP,FABR,,,,,0,0,62.0,32.0,0,,,,Fabrics all Fields,,,,,
RFNC32JA,840,"NYLON, N6.6, 940/1/2, 12.0/12.0, 32.00 E",FABR,NC,JA,32,NON,221,59,62.0,32.0,221,,,,Fabrics all Fields,,,,,
RFNC32JAG,840,840/2 0.022 32 EPI NYLON 66 FABRIC,FABR,,,,,0,0,58.0,32.0,0,,,,Fabrics all Fields,,,,,
RFNC32JR,840,"NYLON, N6.6, 940/1/2, 12,0/12,0, 32,00 E",FABR,NC,JR,32,NON,221,59,62.0,32.0,221,,,,Fabrics all Fields,,,,,
RFNC32KR,840,"840/1/2 NYLON 6,6 26 EPI UTICA D5A",FABR,,,,,0,0,62.0,32.0,0,,,,Fabrics all Fields,,,,,
RFNC32PA,840,840/2 0.022 32 EPI NYLON 66 FABRIC,FABR,,,,,0,0,62.0,32.0,0,,,,Fabrics all Fields,,,,,
RFNC32QA,840,840/2 0.022 32 EPI NYLON 66 FABRIC,FABR,,,,,0,0,62.0,32.0,0,,,,Fabrics all Fields,,,,,
RFNC32QR,840,840/2 0.022 32 EPI NYLON 66 FABRIC,FABR,,,,,0,0,62.0,32.0,0,,,,Fabrics all Fields,,,,,
RFNC32ZO,840,"NYLON, N6.6, 940/1/2, 12.0/12.0, 32.00 E",FABR,NC,ZO,32,NON,221,59,0.0,32.0,221,,,,Fabrics all Fields,,,,,
RFNC33GA,840,"NYLON, N6.6, 940/1/2, 12.0/12.0, 33.00 E",FABR,NC,GA,33,NON,221,59,0.0,33.0,221,,,,Fabrics all Fields,,,,,
RFNC33JA,840,840/2 0.022 33 EPI NYLON 66 FABRIC,FABR,,,,,0,0,62.0,33.0,0,,,,Fabrics all Fields,,,,,
RFNC33JR,840,840/2 0.022 33 EPI NYLON 66 FABRIC,FABR,,,,,0,0,62.0,33.0,0,,,,Fabrics all Fields,,,,,
RFNC33PA,840,840/2 0.022 33 EPI NYLON 66 FABRIC,FABR,,,,,0,0,62.0,33.0,0,,,,Fabrics all Fields,,,,,
RFNC33UA,840,840/2 0.022 33 EPI NYLON 66 FABRIC,FABR,,,,,0,0,62.0,33.0,0,,,,Fabrics all Fields,,,,,
RFNC33ZO,840,"NYLON, N6.6, 940/1/2, 12,0/12,0, 33,00 E",FABR,NC,ZO,33,NON,0,59,0.0,33.0,0,,,,Fabrics all Fields,,,,,
RFNC3541,840,"840/1/2 NYLON 6,6 35 EPI 18% 4100C",FABR,,,,,0,0,62.0,35.0,0,,,,Fabrics all Fields,,,,,
RFNC35DH,840,"NYLON, N6.6, 940/1/2, 12.0/12.0, 35.00 E",FABR,NC,DH,35,NON,221,59,62.0,35.0,221,,,,Fabrics all Fields,,,,,
RFNC35JH,840,840/2 0.022 35 EPI NYLON 66 FABRIC,FABR,,,,,0,0,62.0,35.0,0,,,,Fabrics all Fields,,,,,
RFNCD4SU,840,"NYLON, N6.6, 940/1/2, 12.0/12.0, 24.40 E",FABR,NC,SU,D4,NON,221,59,0.0,24.4,221,,,,Fabrics all Fields,,,,,
RFNCG5SS,840,"NYLON, N6.6, 940/1/2, 12.0/12.0, 28.50 E",FABR,NC,SS,G5,EXT,221,59,0.0,28.5,221,,,,Fabrics all Fields,,,,,
RFNCG5ST,840,"NYLON, N6.6, 940/1/2, 12.0/12.0, 28.50 E",FABR,NC,ST,G5,EXT,221,59,0.0,28.5,221,,,,Fabrics all Fields,,,,,
RFNCG5SU,840,"NYLON, N6.6, 940/1/2, 12.0/12.0, 28.50 E",FABR,NC,SU,G5,NON,221,59,0.0,28.5,221,,,,Fabrics all Fields,,,,,
RFNCG5SV,840,"NYLON, N6.6, 940/1/2, 12.0/12.0, 28.50 E",FABR,NC,SV,G5,EXT,221,59,0.0,28.5,221,,,,Fabrics all Fields,,,,,
RFNCP5SJ,840,840/2 0.022 14.5 EPI NYLON 66 FABRIC,FABR,,,,,0,0,62.0,14.6,0,,,,Fabrics all Fields,,,,,
RFNCR2SV,840,"NYLON, N6.6, 940/1/2, 12,0/12,0, 15,20 E",FABR,NC,SV,R2,NON,221,59,0.0,15.2,221,,,,Fabrics all Fields,,,,,
RFND22JH,840,840/2 0.022 22 EPI NYLON 66 FABRIC,FABR,,,,,0,0,62.0,22.0,0,,,,Fabrics all Fields,,,,,
RFND22QH,840,840/2 0.022 22 EPI NYLON 66 FABRIC,FABR,,,,,0,0,62.0,22.0,0,,,,Fabrics all Fields,,,,,
RFND24JH,840,840/2 0.022 24 EPI NYLON 66 FABRIC,FABR,,,,,0,0,62.0,24.0,0,,,,Fabrics all Fields,,,,,
RFND24QH,840,840/2 0.022 24 EPI NYLON 66 FABRIC,FABR,,,,,0,0,62.0,24.0,0,,,,Fabrics all Fields,,,,,
RFND35DH,840,840/3 0.022 35 EPI NYLON 66 FABRIC,FABR,,,,,0,0,62.0,35.0,0,,,,Fabrics all Fields,,,,,
RFND35JH,840,840/2 0.022 35 EPI NYLON 66 FABRIC,FABR,,,,,0,0,62.0,35.0,0,,,,Fabrics all Fields,,,,,
RFNF18DH,1260,"NYLON, N6.6, 1400/1/2, 10,0/10,0, 18,00",FABR,NF,DH,18,NON,221,59,62.0,18.0,221,,,,Fabrics all Fields,,,,,
RFNF18GA,1260,1260/2 0.026 18 EPI NYLON 66 FABRIC,FABR,,,,,0,0,62.0,18.0,0,,,,Fabrics all Fields,,,,,
RFNF18JA,1260,1260/2 0.026 18 EPI NYLON 66 FABRIC,FABR,,,,,0,0,62.0,18.0,0,,,,Fabrics all Fields,,,,,
RFNF18JH,1260,1260/2 0.026 18 EPI NYLON 66 FABRIC,FABR,,,,,0,0,62.0,18.0,0,,,,Fabrics all Fields,,,,,
RFNF18KA,1260,1260/2 0.026 18 EPI NYLON 66 FABRIC,FABR,,,,,0,0,62.0,18.0,0,,,,Fabrics all Fields,,,,,
RFNF18QA,1260,"NYLON, N6.6, 1400/1/2, 10,0/10,0, 18,00",FABR,NF,QA,18,NON,221,59,62.0,18.0,221,,,,Fabrics all Fields,,,,,
RFNF18UA,1260,1260/2 0.026 18 EPI NYLON 66 FABRIC,FABR,,,,,0,0,62.0,18.0,0,,,,Fabrics all Fields,,,,,
RFNF20MS,1260,"NYLON, N6.6, 1400/1/2, 10,0/10,0, 20,00",FABR,NF,MS,20,NON,221,79,62.0,20.0,221,,,,Fabrics all Fields,,,,,
RFNF21SJ,1260,1260/2 0.026 23 EPI NYLON 66 FABRIC,FABR,,,,,0,0,62.0,22.9,0,,,,Fabrics all Fields,,,,,
RFNF23,1260,1260/2 0.026 23 EPI NYLON 66 FABRIC,FABR,,,,,0,0,62.0,0.0,0,,,,Fabrics all Fields,,,,,
RFNF2329,1260,1260/2 0.026 23EPI N66 59INCH FABRIC,FABR,,,,,0,0,64.0,23.0,0,,,,Fabrics all Fields,,,,,
RFNF2333,1260,1260/2 0.026 23 EPI N66 D5A STR/DIP,FABR,,,,,0,0,64.0,23.0,0,,,,Fabrics all Fields,,,,,
RFNF2335,1260,1260/2 0.026 23EPI N66 D5A STR/DIP,FABR,,,,,0,0,64.0,23.0,0,,,,Fabrics all Fields,,,,,
RFNF23DH,1260,"NYLON, N6.6, 1400/1/2, 10,0/10,0, 23,00",FABR,NF,DH,23,NON,221,59,62.0,23.0,221,,,,Fabrics all Fields,,,,,
RFNF23GA,1260,"NYLON, N6.6, 1400/1/2, 10,0/10,0, 23,00",FABR,NF,GA,23,NON,221,59,62.0,23.0,221,,,,Fabrics all Fields,,,,,
RFNF23JA,1260,"NYLON, N6.6, 1400/1/2, 10,0/10,0, 23,00",FABR,NF,JA,23,NON,221,59,62.0,23.0,221,,,,Fabrics all Fields,,,,,
RFNF23JH,1260,1260/2 0.026 23 EPI NYLON 66 FABRIC,FABR,,,,,0,0,62.0,23.0,0,,,,Fabrics all Fields,,,,,
RFNF23MA,1260,1260/2 0.026 23 EPI NYLON 66 FABRIC,FABR,,,,,0,0,64.0,23.0,0,,,,Fabrics all Fields,,,,,
RFNF23QA,1260,1260/2 0.026 23 EPI NYLON 66 FABRIC,FABR,,,,,0,0,62.0,23.0,0,,,,Fabrics all Fields,,,,,
RFNF23TS,1260,1260/2 0.66 23 EPI NYLON 66,FABR,,,,,0,0,1499.0,0.0,0,,,,Fabrics all Fields,,,,,
RFNF24TA,1260,1260/2 0.026 24 EPI NYLON 66 FABRIC,FABR,,,,,0,0,62.0,24.0,0,,,,Fabrics all Fields,,,,,
RFNF25FA,1260,1260/2 0.026 25 EPI NYLON 66 FABRIC,FABR,,,,,0,0,62.0,25.5,0,,,,Fabrics all Fields,,,,,
RFNF26,1260,1260/2 0.026 26 EPI NYLON 66 FABRIC,FABR,,,,,0,0,62.0,0.0,0,,,,Fabrics all Fields,,,,,
RFNF2621,1260,1260/1/2 NYLON 66 26EPI,FABR,,,,,0,0,62.0,26.0,0,,,,Fabrics all Fields,,,,,
RFNF26DR,1260,1260/1/2 NYLON 66 26EPI,FABR,,,,,0,0,62.0,26.0,0,,,,Fabrics all Fields,,,,,
RFNF26GA,1260,"NYLON, N6.6, 1400/1/2, 10,0/10,0, 26,00",FABR,NF,GA,26,NON,221,59,62.0,26.0,221,,,,Fabrics all Fields,,,,,
RFNF26GF,1260,4260/2 0.66 26 EPI NYLON 66,FABR,NF,GF,26,NON,221,59,1450.0,0.0,0,,,,Fabrics all Fields,,,,,
RFNF26JA,1260,1260/2 0.026 26 EPI NYLON 66 FABRIC,FABR,NF,JA,26,NON,221,59,62.0,26.0,0,,,,Fabrics all Fields,,,,,
RFNF26JF,1260,"NYLON, N6.6, 1400/1/2, 10,0/10,0, 26,00",FABR,NF,JF,26,EXT,221,59,62.0,26.0,221,,,,Fabrics all Fields,,,,,
RFNF26JR,1260,"NYLON, N6.6, 1400/1/2, 10.0/10.0, 26.00",FABR,NF,JR,26,NON,295,59,62.0,26.0,295,,,,Fabrics all Fields,,,,,
RFNF26KR,1260,"NYLON, N6.6, 1400/1/2, 10.0/10.0, 26.00",FABR,NF,KR,26,NON,221,79,64.0,26.0,221,,,,Fabrics all Fields,,,,,
RFNF26MA,1260,1260/2 0.026 26 EPI NYLON 66 FABRIC,FABR,,,,,0,0,64.0,26.0,0,,,,Fabrics all Fields,,,,,
RFNF26MS,1260,"NYLON, N6.6, 1400/1/2, 10.0/10.0, 26.00",FABR,NF,MS,26,NON,221,79,59.5,26.0,221,,,,Fabrics all Fields,,,,,
RFNF26MSC,1260,UTICA 1260/2 10X10 26EPI NYLON 66 D5A,FABR,,,,,0,0,60.0,26.0,0,,,,Fabrics all Fields,,,,,
RFNF26QA,1260,1260/2 0.026 26 EPI NYLON 66 FABRIC,FABR,,,,,0,0,62.0,26.0,0,,,,Fabrics all Fields,,,,,
RFNF26QR,1260,"NYLON, N6.6, 1400/1/2, 10.0/10.0, 26.00",FABR,NF,QR,26,NON,221,59,62.0,26.0,221,,,,Fabrics all Fields,,,,,
RFNF26TR,1260,"NYLON, N6.6, 1400/1/2, 10.0/10.0, 26.00",FABR,NF,TR,26,NON,221,59,62.0,26.0,221,,,,Fabrics all Fields,,,,,
RFNF26ZO,1260,"NYLON, N6.6, 1400/1/2, 10,0/10,0, 26,00",FABR,NF,ZO,26,NON,221,59,0.0,26.0,221,,,,Fabrics all Fields,,,,,
RFNF27TA,1260,1260/2 0.026 27 EPI NYLON 66 FABRIC,FABR,,,,,0,0,62.0,27.0,0,,,,Fabrics all Fields,,,,,
RFNF28FA,1260,1260/2 0.026 28 EPI NYLON 66 FABRIC,FABR,,,,,0,0,62.0,28.0,0,,,,Fabrics all Fields,,,,,
RFNF28JA,1260,"NYLON, N6.6, 1400/1/2, 10.0/10.0, 28.00",FABR,NF,JA,28,NON,221,59,62.0,28.0,221,,,,Fabrics all Fields,,,,,
RFNF28JAA,1260,1260/2 0.026 28 EPI NYLON 66 FABRIC,FABR,,,,,0,0,64.0,28.0,0,,,,Fabrics all Fields,,,,,
RFNF28JR,1260,1260/2 0.026 28 EPI NYLON 66 FABRIC,FABR,,,,,0,0,62.0,28.0,0,,,,Fabrics all Fields,,,,,
RFNF28MA,1260,1260/2 0.026 28 EPI NYLON 66 FABRIC,FABR,,,,,0,0,64.0,28.0,0,,,,Fabrics all Fields,,,,,
RFNF28SV,1260,"NYLON, N6.6, 1400/1/2, 10.0/10.0, 28.00",FABR,NF,SV,28,NON,221,59,0.0,28.0,221,,,,Fabrics all Fields,,,,,
RFNF3047,1260,"1260/2 0.026 30 EPI NYLON UTICA 47""WIDE",FABR,,,,,0,0,50.0,30.0,0,,,,Fabrics all Fields,,,,,
RFNF30DH,1260,"NYLON, N6.6, 1400/1/2, 10.0/10.0, 30.00",FABR,NF,DH,30,NON,221,59,62.0,30.0,221,,,,Fabrics all Fields,,,,,
RFNF30DR,1260,"NYLON, N6.6, 1400/1/2, 10.0/10.0, 30.00",FABR,NF,DR,30,NON,221,59,48.0,30.0,221,,,,Fabrics all Fields,,,,,
RFNF30DRS,1260,"NYLON, N6.6, 1400/1/2, 10.0/10.0, 30.00",FABR,NF,DR,30,NON,221,59,46.0,30.0,221,,,,Fabrics all Fields,,,,,
RFNF30JA,1260,"NYLON, N6.6, 1400/1/2, 10.0/10.0, 30.00",FABR,NF,JA,30,NON,221,59,62.0,30.0,221,,,,Fabrics all Fields,,,,,
RFNF30JAA,1260,1260/2 0.026 30 EPI NYLON 66 FABRIC,FABR,,,,,0,0,64.0,30.0,0,,,,Fabrics all Fields,,,,,
RFNF30JH,1260,1260/2 0.026 30 EPI NYLON 66 FABRIC,FABR,,,,,0,0,62.0,30.0,0,,,,Fabrics all Fields,,,,,
RFNF30JR,1260,"NYLON, N6.6, 1400/1/2, 10.0/10.0, 30.00",FABR,NF,JR,30,NON,221,59,62.0,30.0,221,,,,Fabrics all Fields,,,,,
RFNF30MA,1260,"NYLON, N6.6, 1400/1/2, 10.0/10.0, 30.00",FABR,NF,MA,30,NON,221,59,64.0,30.0,221,,,,Fabrics all Fields,,,,,
RFNF30ME,1260,"NYLON, N6.6, 1400/1/2, 10.0/10.0, 30.00",FABR,NF,ME,30,NON,221,59,62.0,30.0,221,,,,Fabrics all Fields,,,,,
RFNF30MR,1260,"NYLON, N6.6, 1400/1/2, 10.0/10.0, 30.00",FABR,NF,MR,30,NON,221,59,48.0,30.0,221,,,,Fabrics all Fields,,,,,
RFNF30MRS,1260,"1260/2 0.026 30 EPI NYLON UTICA 44"" WIDE",FABR,,,,,0,0,46.0,30.0,0,,,,Fabrics all Fields,,,,,
RFNG17SH,1260,"NYLON, N6.6, 1400/1/2, 6,0/6,0, 17,00 EP",FABR,NG,SH,17,EXT,221,70,0.0,17.0,221,,,,Fabrics all Fields,,,,,
RFNG27SH,1260,"NYLON, N6.6, 1400/1/2, 6,0/6,0, 27,00 EP",FABR,NG,SH,27,EXT,221,70,59.0,27.0,221,,,,Fabrics all Fields,,,,,
RFNG30GA,1260,"NYLON, N6.6, 1400/1/2, 6,0/6,0, 30,00 EP",FABR,NG,GA,30,NON,221,50,64.0,30.0,221,,,,Fabrics all Fields,,,,,
RFNG30GAB,1260,1260/2 0.0276 30 EPI NYLON 66 FABRIC,FABR,,,,,0,0,57.0,30.0,0,,,,Fabrics all Fields,,,,,
RFNG30GABC,1260,1260/2 0.0276 30 EPI NYLON 66 FABRIC,FABR,,,,,0,0,55.0,30.0,0,,,,Fabrics all Fields,,,,,
RFNG30JA,1260,"NYLON, N6.6, 1400/1/2, 6,0/6,0, 30,00 EP",FABR,NG,JA,30,EXT,221,59,57.0,30.0,221,,,,Fabrics all Fields,,,,,
RFNG30JR,1260,"NYLON, N6.6, 1400/1/2, 6,0/6,0, 30,00 EP",FABR,NG,JR,30,NON,221,59,62.0,30.0,221,,,,Fabrics all Fields,,,,,
RFNG30SG,1260,"NYLON, N6.6, 1400/1/2, 6,0/6,0, 30,00 EP",FABR,NG,SG,30,NON,328,50,0.0,30.0,295,,,,Fabrics all Fields,,,,,
RFNG30SJ,1260,"NYLON, N6.6, 1400/1/2, 6,0/6,0, 30,00 EP",FABR,NG,SJ,30,NON,221,60,0.0,30.0,221,,,,Fabrics all Fields,,,,,
RFNG30ZO,1260,"NYLON, N6.6, 1400/1/2, 6.0/6.0, 30.00 EP",FABR,NG,ZO,30,NON,221,59,0.0,30.0,221,,,,Fabrics all Fields,,,,,
RFNH19GA,1260,1260/3 0.031 19 EPI NYLON 66 FABRIC,FABR,,,,,0,0,62.0,19.0,0,,,,Fabrics all Fields,,,,,
RFNH19JA,1260,1260/3 0.031 19 EPI NYLON 66 FABRIC,FABR,,,,,0,0,62.0,19.0,0,,,,Fabrics all Fields,,,,,
RFNH19JR,1260,1260/3 0.031 19 EPI NYLON 66 FABRIC,FABR,,,,,0,0,62.0,19.0,0,,,,Fabrics all Fields,,,,,
RFNH20TA,1260,1260/3 0.031 20 EPI NYLON 66 FABRIC,FABR,,,,,0,0,62.0,20.0,0,,,,Fabrics all Fields,,,,,
RFNH23DH,1260,"NYLON, N6.6, 1400/1/3, 8,0/8,0, 23,00 EP",FABR,NH,DH,23,NON,221,59,64.0,23.0,221,,,,Fabrics all Fields,,,,,
RFNH23GA,1260,1260/3 0.031 23 EPI NYLON 66 FABRIC,FABR,,,,,0,0,62.0,23.0,0,,,,Fabrics all Fields,,,,,
RFNH23JA,1260,1260/3 0.031 23 EPI NYLON 66 FABRIC,FABR,,,,,0,0,62.0,23.0,0,,,,Fabrics all Fields,,,,,
RFNH23JH,1260,1260/3 0.031 23 EPI NYLON 66 FABRIC,FABR,,,,,0,0,62.0,23.0,0,,,,Fabrics all Fields,,,,,
RFNH23JR,1260,1260/3 0.031 23 EPI NYLON 66 FABRIC,FABR,,,,,0,0,62.0,23.0,0,,,,Fabrics all Fields,,,,,
RFNH23QA,1260,1260/3 0.031 23 EPI NYLON 66 FABRIC,FABR,,,,,0,0,62.0,23.0,0,,,,Fabrics all Fields,,,,,
RFNH23QR,1260,1260/3 0.031 23 EPI NYLON 66 FABRIC,FABR,,,,,0,0,62.0,23.0,0,,,,Fabrics all Fields,,,,,
RFNH24JH,1260,1260/3 0.031 24 EPI NYLON 66 FABRIC,FABR,,,,,0,0,62.0,24.0,0,,,,Fabrics all Fields,,,,,
RFNH24TA,1260,1260/3 0.031 24 EPI NYLON 66 FABRIC,FABR,,,,,0,0,62.0,24.0,0,,,,Fabrics all Fields,,,,,
RFNH26DH,1260,1260/3 0.031 26 EPI NYLON 66 FABRIC,FABR,,,,,0,0,62.0,26.0,0,,,,Fabrics all Fields,,,,,
RFNH26JA,1260,1260/3 0.031 26 EPI NYLON 66 FABRIC,FABR,,,,,0,0,62.0,26.0,0,,,,Fabrics all Fields,,,,,
RFNJ16QA,840,840/2 0.022 16 EPI NYLON 66 FABRIC,FABR,,,,,0,0,62.0,16.0,0,,,,Fabrics all Fields,,,,,
RFNJ16UA,840,"NYLON, N6.6, 940/1/2, 10.0/12.0, 16.00 E",FABR,NJ,UA,16,NON,221,75,1448.0,16.0,221,,,,Fabrics all Fields,,,,,
RFNJ20UA,840,"NYLON, N6.6, 940/1/2, 10.0/12.0, 20.00 E",FABR,NJ,UA,20,NON,328,50,1499.0,20.0,295,,,,Fabrics all Fields,,,,,
RFNJ21JA,840,840/2 0.022 21 EPI NYLON 66 FABRIC,FABR,,,,,0,0,62.0,21.0,0,,,,Fabrics all Fields,,,,,
RFNJ22UA,840,"NYLON, N6.6, 940/1/2, 10.0/12.0, 22.00 E",FABR,NJ,UA,22,NON,221,50,1498.0,22.0,221,,,,Fabrics all Fields,,,,,
RFNJ25GA,840,840/2 0.56 25 EPI NYLON 66,FABR,,,,,0,0,1448.0,0.0,0,,,,Fabrics all Fields,,,,,
RFNJ27GA,840,840/2 0.56 27 EPI NYLON 66,FABR,,,,,0,0,1450.0,0.0,0,,,,Fabrics all Fields,,,,,
RFNJ27GF,840,"840/2, 27EPI, NYLON",FABR,,,,,0,0,62.0,27.0,0,,,,Fabrics all Fields,,,,,
RFNJ27JA,840,840/2 0.022 27 EPI NYLON 66 FABRIC,FABR,,,,,0,0,62.0,27.0,0,,,,Fabrics all Fields,,,,,
RFNJ30GA,840,"NYLON, N6.6, 940/1/2, 10,0/12,0, 30,00 E",FABR,NJ,GA,30,NON,221,50,1499.0,30.0,221,,,,Fabrics all Fields,,,,,
RFNJ30UA,840,"NYLON, N6.6, 940/1/2, 10,0/12,0, 30,00 E",FABR,NJ,UA,30,NON,221,50,1499.0,30.0,221,,,,Fabrics all Fields,,,,,
RFNK2335,1260,1260/2 0.026 23 EPI NYLON 66 FABRIC,FABR,,,,,0,0,62.0,23.0,0,,,,Fabrics all Fields,,,,,
RFNK23JH,1260,1260/2 0.026 23 EPI NYLON 66 FABRIC,FABR,,,,,0,0,62.0,23.0,0,,,,Fabrics all Fields,,,,,
RFNK26JH,1260,1260/2 0.026 26 EPI NYLON 66 FABRIC,FABR,,,,,0,0,62.0,26.0,0,,,,Fabrics all Fields,,,,,
RFNK30JA,1260,1260/2 0.026 30 EPI NYLON 66 FABRIC,FABR,,,,,0,0,62.0,30.0,0,,,,Fabrics all Fields,,,,,
RFNK30JH,1260,1260/2 0.026 30 EPI NYLON 66 FABRIC,FABR,,,,,0,0,62.0,30.0,0,,,,Fabrics all Fields,,,,,
RFNL18JA,1260,1260/2 0.026 18 EPI NYLON 66 FABRIC,FABR,,,,,0,0,62.0,18.0,0,,,,Fabrics all Fields,,,,,
RFNL19GA,1260,1260/2 0.026 19 EPI NYLON 66 FABRIC,FABR,,,,,0,0,64.0,19.0,0,,,,Fabrics all Fields,,,,,
RFNL22GF,1260,1260/2 0.66 22 EPI NYLON 66,FABR,,,,,0,0,1499.0,0.0,0,,,,Fabrics all Fields,,,,,
RFNL23GA,1260,"NYLON, N6.6, 1400/1/2, 8,0/10,0, 23,00 E",FABR,NL,GA,23,NON,221,59,64.0,23.0,221,,,,Fabrics all Fields,,,,,
RFNL23JA,1260,1260/2 0.026 23 EPI NYLON 66 FABRIC,FABR,,,,,0,0,62.0,23.0,0,,,,Fabrics all Fields,,,,,
RFNL23QA,1260,1260/2 0.026 23 EPI NYLON 66 FABRIC,FABR,,,,,0,0,62.0,23.0,0,,,,Fabrics all Fields,,,,,
RFNL25GF,1260,"NYLON, N6.6, 1400/1/2, 8,0/10,0, 25,00 E",FABR,NL,GF,25,EXT,221,50,1499.0,25.0,221,,,,Fabrics all Fields,,,,,
RFNL26GA,1260,1260/2 0.66 26 EPI NYLON 66,FABR,,,,,0,0,1498.0,0.0,0,,,,Fabrics all Fields,,,,,
RFNL26GF,1260,"NYLON, N6.6, 1400/1/2, 8.0/10.0, 26.00 E",FABR,NL,GF,26,EXT,221,50,64.0,26.0,221,,,,Fabrics all Fields,,,,,
RFNL26JA,1260,1260/2 0.026 26 EPI NYLON 66 FABRIC,FABR,,,,,0,0,62.0,26.0,0,,,,Fabrics all Fields,,,,,
RFNL28JA,1260,1260/2 0.026 28 EPI NYLON 66 FABRIC,FABR,,,,,0,0,62.0,28.0,0,,,,Fabrics all Fields,,,,,
RFNM2046,1890,1890/3 0.040 20 EPI NYLON 66 FABRIC,FABR,,,,,0,0,62.0,20.0,0,,,,Fabrics all Fields,,,,,
RFNM20DH,1890,1890/3 0.040 20 EPI NYLON 66 FABRIC,FABR,,,,,0,0,62.0,20.0,0,,,,Fabrics all Fields,,,,,
RFNM20JA,1890,1890/3 0.040 20 EPI NYLON 66 FABRIC,FABR,,,,,0,0,62.0,20.0,0,,,,Fabrics all Fields,,,,,
RFNM20JH,1890,1890/3 0.040 20 EPI NYLON 66 FABRIC,FABR,,,,,0,0,62.0,20.0,0,,,,Fabrics all Fields,,,,,
RFNM20JJ,1890,1890/3 0.040 20 EPI NYLON 66 FABRIC,FABR,,,,,0,0,62.0,20.0,0,,,,Fabrics all Fields,,,,,
RFNM22DH,1890,1890/3 0.040 22 EPI NYLON 66 FABRIC,FABR,,,,,0,0,62.0,22.0,0,,,,Fabrics all Fields,,,,,
RFNM22JH,1890,1890/3 0.040 22 EPI NYLON 66 FABRIC,FABR,,,,,0,0,62.0,22.0,0,,,,Fabrics all Fields,,,,,
RFNN16QA,840,840/2 0.022 16 EPI NYLON 66 FABRIC,FABR,,,,,0,0,62.0,16.0,0,,,,Fabrics all Fields,,,,,
RFNN16QG,840,840/2 0.022 16 EPI NYLON 66 FABRIC,FABR,,,,,0,0,62.0,16.0,0,,,,Fabrics all Fields,,,,,
RFNN16UG,840,840/2 0.022 16 EPI NYLON 66 FABRIC,FABR,,,,,0,0,62.0,16.0,0,,,,Fabrics all Fields,,,,,
RFNP19,1890,1890/2 0.031 19 EPI NYLON 66 FABRIC,FABR,,,,,0,0,62.0,0.0,0,,,,Fabrics all Fields,,,,,
RFNP19GA,1890,"NYLON, N6.6, 2100/1/2, 8,0/8,0, 19,00 EP",FABR,NP,GA,19,NON,245,55,62.0,19.0,221,,,,Fabrics all Fields,,,,,
RFNP19HT,1890,1890/2 0.031 19 EPI NYLON 66 FABRIC,FABR,,,,,0,0,62.0,23.5,0,,,,Fabrics all Fields,,,,,
RFNP19JA,1890,"NYLON, N6.6, 2100/1/2, 8.0/8.0, 19.00 EP",FABR,NP,JA,19,NON,245,55,62.0,19.0,221,,,,Fabrics all Fields,,,,,
RFNP20TA,1890,1890/3 0.031 20 EPI NYLON 66 FABRIC,FABR,,,,,0,0,62.0,20.0,0,,,,Fabrics all Fields,,,,,
RFNP22GF,1890,"NYLON, N6.6, 2100/1/2, 8,0/8,0, 22,00 EP",FABR,NP,GF,22,EXT,245,59,0.0,22.0,221,,,,Fabrics all Fields,,,,,
RFNP23,1890,1890/2 0.031 23 EPI NYLON 66 59IN WIDE,FABR,,,,,0,0,64.0,0.0,0,,,,Fabrics all Fields,,,,,
RFNP2376,1890,1890/2 0.031 23 EPI NYLON66 NI29 HILASE,FABR,,,,,0,0,62.0,23.0,0,,,,Fabrics all Fields,,,,,
RFNP23GA,1890,"NYLON, N6.6, 2100/1/2, 8,0/8,0, 23,00 EP",FABR,NP,GA,23,NON,245,55,62.0,23.0,221,,,,Fabrics all Fields,,,,,
RFNP23GF,1890,1890/2 0.79 23 EPI NYLON 66,FABR,,,,,0,0,1480.0,0.0,0,,,,Fabrics all Fields,,,,,
RFNP23JA,1890,"NYLON, N6.6, 2100/1/2, 8.0/8.0, 23.00 EP",FABR,NP,JA,23,NON,245,59,64.0,23.0,221,,,,Fabrics all Fields,,,,,
RFNP23JR,1890,"NYLON, N6.6, 2100/1/2, 8,0/8,0, 23,00 EP",FABR,NP,JR,23,NON,245,59,62.0,23.0,221,,,,Fabrics all Fields,,,,,
RFNP23JRB,1890,1890/2 0.031 23 EPI NYLON66 NI29 HILASE,FABR,,,,,0,0,62.0,23.0,0,,,,Fabrics all Fields,,,,,
RFNP23JRK,1890,"1890/2 0.031 23 EPI NYLON66 - 46"" WIDTH",FABR,,,,,0,0,50.0,23.0,0,,,,Fabrics all Fields,,,,,
RFNP24TA,1890,1890/3 0.031 24 EPI NYLON 66 FABRIC,FABR,,,,,0,0,62.0,24.0,0,,,,Fabrics all Fields,,,,,
RFNP26JA,1890,1890/3 0.031 26 EPI NYLON 66 FABRIC,FABR,,,,,0,0,62.0,26.0,0,,,,Fabrics all Fields,,,,,
RFNPA5SJ,1890,1890/2 0.031 21.5 EPI NYLON 66 57IN WIDE,FABR,,,,,0,0,62.0,21.6,0,,,,Fabrics all Fields,,,,,
RFNPA8SF,1890,"NYLON, N6.6, 2100/1/2, 8,0/8,0, 21,80 EP",FABR,NP,SF,A8,NON,221,59,0.0,21.8,221,,,,Fabrics all Fields,,,,,
RFNPE5SJ,1890,1890/2 0.031 25.5 EPI NYLON 66 57IN WIDE,FABR,,,,,0,0,62.0,26.0,0,,,,Fabrics all Fields,,,,,
RFNPI3SF,1890,"NYLON, N6.6, 2100/1/2, 8,0/8,0, 26,30 EP",FABR,NP,SF,I3,NON,221,0,0.0,26.3,221,,,,Fabrics all Fields,,,,,
RFNQ30JR,1260,1260/2 0.026 30 EPI NYLON 66 FABRIC,FABR,,,,,0,0,62.0,30.0,0,,,,Fabrics all Fields,,,,,
RFNT26,850,850/1 0.013 26EPI N66 MONOFIL TOEGUARD,FABR,,,,,0,0,62.0,0.0,0,,,,Fabrics all Fields,,,,,
RFNT26QA,850,"NYLON, N6.6 MONOFILAMENT, 950/1, 26,00 E",FABR,NT,QA,26,NON,221,59,62.0,26.0,221,,,,Fabrics all Fields,,,,,
RFNT26SK,850,"NYLON, N6.6 MONOFILAMENT, 950/1, 26,00 E",FABR,NT,SK,26,NON,221,59,62.0,26.0,221,,,,Fabrics all Fields,,,,,
RFNT28QA,850,850/1 0.013 28 EPI NYLON 66 FABRIC,FABR,,,,,0,0,62.0,28.0,0,,,,Fabrics all Fields,,,,,
RFNT28SK,850,850/1 0.013 28EPI N66 MONOFIL TOEGUARD,FABR,,,,,0,0,62.0,28.0,0,,,,Fabrics all Fields,,,,,
RFNT30QA,850,"NYLON, N6.6 MONOFILAMENT, 950/1, 30,00 E",FABR,NT,QA,30,NON,221,59,62.0,30.0,221,,,,Fabrics all Fields,,,,,
RFNT30UA,850,"NYLON, N6.6 MONOFILAMENT, 950/1, 30,00 E",FABR,NT,UA,30,NON,221,59,1499.0,30.0,221,,,,Fabrics all Fields,,,,,
RFNU33GA,420,420/2 0.012 33 EPI NYLON 66 FABRIC,FABR,,,,,0,0,62.0,33.0,0,,,,Fabrics all Fields,,,,,
RFNU33QA,420,420/2 0.012 33 EPI NYLON 66 FABRIC,FABR,,,,,0,0,62.0,33.0,0,,,,Fabrics all Fields,,,,,
RFNV19GA,1890,"NYLON, N6.6, 2100/1/2, 6,0/8,0, 19,00 EP",FABR,NV,GA,19,NON,325,50,62.0,19.0,293,,,,Fabrics all Fields,,,,,
RFNV19JA,1890,1890/2 0.031 19 EPI NYLON 66 FABRIC,FABR,,,,,0,0,62.0,19.0,0,,,,Fabrics all Fields,,,,,
RFNV22GF,1890,"NYLON, N6.6, 2100/1/2, 6,0/8,0, 22,00 EP",FABR,NV,GF,22,EXT,325,50,1499.0,22.0,293,,,,Fabrics all Fields,,,,,
RFNV23GA,1890,1890/2 0.79 23 EPI NYLON 66,FABR,,,,,0,0,1450.0,0.0,0,,,,Fabrics all Fields,,,,,
RFNV23GF,1890,"NYLON, N6.6, 2100/1/2, 6,0/8,0, 23,00 EP",FABR,NV,GF,23,EXT,245,50,64.0,23.0,221,,,,Fabrics all Fields,,,,,
RFNV23JA,1890,1890/2 0.031 23 EPI NYLON 66 FABRIC,FABR,,,,,0,0,62.0,23.0,0,,,,Fabrics all Fields,,,,,
RFNVA5SJ,1890,1890/2 0.031 21.5 EPI NYLON 66 57IN WIDE,FABR,,,,,0,0,62.0,21.6,0,,,,Fabrics all Fields,,,,,
RFNW35JR,420,"NYLON, N6.6, 470/1/2, 14,0/14,0, 35,00 E",FABR,NW,JR,35,NON,221,59,62.0,35.0,221,,,,Fabrics all Fields,,,,,
RFNW35JRR,420,420/2 0.012 35 EPI NYLON 66 FABRIC,FABR,,,,,0,0,54.0,35.0,0,,,,Fabrics all Fields,,,,,
RFNX19JA,1260,1260/3 0.031 19 EPI NYLON 66 FABRIC,FABR,,,,,0,0,62.0,19.0,0,,,,Fabrics all Fields,,,,,
RFNY19JA,1260,"NYLON, N6.6, 1400/1/3, 10,0/10,0, 19,00",FABR,NY,JA,19,NON,221,59,62.0,19.0,221,,,,Fabrics all Fields,,,,,
RFNZ26SH,846,"NYLON 66, 940/2, 12.2X12.2 TPI, 26 EPI,",FABR,,,,,0,0,59.0,26.0,0,,,,Fabrics all Fields,,,,,
RFNZI1SH,840,"NYLON, N6.6, 940/1/2, 12,2/12,2, 26,10 E",FABR,NZ,SH,I1,EXT,200,70,0.0,26.1,200,,,,Fabrics all Fields,,,,,
RFPB30HB,1300,1300/2 0.025 30 EPI POLYESTER FABRIC,FABR,,,,,0,0,62.0,30.0,0,,,,Fabrics all Fields,,,,,
RFPB30PB,1300,1300/2 0.025 30 EPI POLYESTER FABRIC,FABR,,,,,0,0,62.0,30.0,0,,,,Fabrics all Fields,,,,,
RFPC25PA,1000,1000/2 0.022 25 EPI POLYESTER FABRIC,FABR,,,,,0,0,62.0,25.0,0,,,,Fabrics all Fields,,,,,
RFPC27PA,1000,1000/2 0.022 27 EPI POLYESTER FABRIC,FABR,,,,,0,0,62.0,27.0,0,,,,Fabrics all Fields,,,,,
RFPE30PA,1000,1000/3 0.026 30 EPI POLYESTER FABRIC,FABR,,,,,0,0,62.0,30.0,0,,,,Fabrics all Fields,,,,,
RFPG22CX,2000,"PET, HMLS NAA, 2200/1/3, 6,0/6,0, 22,00",FABR,PG,CX,22,EXT,0,60,0.0,22.0,0,,,,Fabrics all Fields,,,,,
RFPG30HW,1000,1000/2 0.022 30 EPI POLYESTER FABRIC,FABR,,,,,0,0,62.0,30.0,0,,,,Fabrics all Fields,,,,,
RFPG30PW,1000,1000/2 0.022 30 EPI POLYESTER FABRIC,FABR,,,,,0,0,62.0,30.0,0,,,,Fabrics all Fields,,,,,
RFPJ25PA,1000,1000/3 0.026 25 EPI POLYESTER FABRIC,FABR,,,,,0,0,62.0,25.0,0,,,,Fabrics all Fields,,,,,
RFPK27PA,1360,1360/3 0.030 27 EPI POLYESTER FABRIC,FABR,,,,,0,0,62.0,26.5,0,,,,Fabrics all Fields,,,,,
RFPL25PA,1300,1300/2 0.025 25 EPI POLYESTER FABRIC,FABR,,,,,0,0,62.0,25.0,0,,,,Fabrics all Fields,,,,,
RFPL27PA,1300,1300/2 0.027 27 EPI POLYESTER FABRIC,FABR,,,,,0,0,62.0,30.0,0,,,,Fabrics all Fields,,,,,
RFPM26CX,2000,"PET, HMULS NAA, 2200/1/2, 8,5/8,5, 26,00",FABR,PM,CX,26,EXT,275,50,0.0,26.0,248,,,,Fabrics all Fields,,,,,
RFPM26HB,2000,"PET, HMULS NAA, 2200/1/2, 8,5/8,5, 26,00",FABR,PM,HB,26,NON,221,59,1499.0,26.0,221,,,,Fabrics all Fields,,,,,
RFPM26HF,2000,"PET, HMULS NAA, 2200/1/2, 8,5/8,5, 26,00",FABR,PM,HF,26,EXT,221,50,59.0,26.0,221,,,,Fabrics all Fields,,,,,
RFPM26HFB,1980,"NON-AA HMULS PET, 2200/2, 8.5X8.5",FABR,,,,,0,0,57.0,26.0,0,,,,Fabrics all Fields,,,,,
RFPM27PB,1360,1360/3 0.030 27 EPI POLYESTER FABRIC,FABR,,,,,0,0,62.0,26.5,0,,,,Fabrics all Fields,,,,,
RFPQ25PA,1000,1000/3 0.026 25 EPI POLYESTER FABRIC,FABR,,,,,0,0,62.0,25.0,0,,,,Fabrics all Fields,,,,,
RFPT33HA,1300,1300/1 0.016 33 EPI POLYESTER FABRIC,FABR,,,,,0,0,62.0,33.0,0,,,,Fabrics all Fields,,,,,
RFPV23PF,1500,1500/2 0.025 23 EPI POLYESTER FABRIC,FABR,,,,,0,0,62.0,23.0,0,,,,Fabrics all Fields,,,,,
RFPV25PF,1500,1500/2 0.025 25 EPI POLYESTER FABRIC,FABR,,,,,0,0,62.0,25.0,0,,,,Fabrics all Fields,,,,,
RFPV27PF,1500,1500/2 0.025 27 EPI POLYESTER FABRIC,FABR,,,,,0,0,62.0,27.0,0,,,,Fabrics all Fields,,,,,
RFPV28PF,1500,1500/2 0.025 28 EPI POLYESTER FABRIC,FABR,,,,,0,0,62.0,28.0,0,,,,Fabrics all Fields,,,,,
RFQB30,1000,1000/1/3 0.026 28EPI 57WIDE AA PET HMLS,FABR,,,,,0,0,62.0,0.0,0,,,,Fabrics all Fields,,,,,
RFQB30PF,1000,"PET, HMLS AA, 1100/1/3, 8,5/8,5, 30,00 E",FABR,QB,PF,30,EXT,221,59,62.0,30.0,221,,,,Fabrics all Fields,,,,,
RFQC27,1000,"1000/2 0.022"" 27EPI AA-HMLS PET 59WIDE",FABR,,,,,0,0,64.0,0.0,0,,,,Fabrics all Fields,,,,,
RFQC27PF,1000,"1000/2 0.022"" 27EPI AA-HMLS PET 59WIDE",FABR,,,,,0,0,64.0,27.0,0,,,,Fabrics all Fields,,,,,
RFQC28,1000,"1000/2 0.022"" 28EPI AA-HMLS PET 59WIDE",FABR,,,,,0,0,64.0,0.0,0,,,,Fabrics all Fields,,,,,
RFQC28PF,1000,"PET, HMLS AA, 1100/1/2, 12.0/12.0, 28.00",FABR,QC,PF,28,EXT,221,59,64.0,28.0,221,,,,Fabrics all Fields,,,,,
RFQC28PFB,1000,"1000/2 0.022"" 28EPI AA-HMLS PET 57 WIDE",FABR,,,,,0,0,62.0,28.0,0,,,,Fabrics all Fields,,,,,
RFQC29PF,1000,"1000/2 0.022"" 29EPI AA-HMLS PET",FABR,,,,,0,0,64.0,29.0,0,,,,Fabrics all Fields,,,,,
RFQC32PF,1000,"PET, HMLS AA, 1100/1/2, 12.0/12.0, 32.00",FABR,QC,PF,32,EXT,221,50,59.0,32.0,221,,,,Fabrics all Fields,,,,,
RFQC35PF,1000,"PET, HMLS AA, 1100/1/2, 12,0/12,0, 35,00",FABR,QC,PF,35,EXT,221,50,1499.0,35.0,221,,,,Fabrics all Fields,,,,,
RFQF28PB,1000,1000/3 0.026 28 EPI POLYESTER FABRIC,FABR,,,,,0,0,62.0,28.0,0,,,,Fabrics all Fields,,,,,
RFQH30PF,1000,1000/2 0.021 30 EPI POLYESTER FABRIC,FABR,,,,,0,0,62.0,30.0,0,,,,Fabrics all Fields,,,,,
RFQJ22VA,1000,UTICA 1000/2 11.5X11.5 22EPI AA-PET RAY,FABR,,,,,0,0,62.0,22.0,0,,,,Fabrics all Fields,,,,,
RFQJ24VF,1000,UTICA 1000/2 11.5X11.5 24EPI AA-PET EXT,FABR,,,,,0,0,61.0,24.0,0,,,,Fabrics all Fields,,,,,
RFQJ2854,1000,1000/1/2 11.5X11.5 AA-PET 28EPI UTICA,FABR,,,,,0,0,64.0,28.0,0,,,,Fabrics all Fields,,,,,
RFQJ28RA,1000,1000/1/2 11.5X11.5 AA-PET 28EPI UTICA,FABR,,,,,0,0,64.0,28.0,0,,,,Fabrics all Fields,,,,,
RFQJ28VA,1000,1000/1/2 11.5X11.5 AA-PET 28EPI UTICA,FABR,,,,,0,0,64.0,28.0,0,,,,Fabrics all Fields,,,,,
RFQJ28VF,1000,UTICA 1000/2 11.5X11.5 28EPI AA-PET EXT,FABR,,,,,0,0,61.0,28.0,0,,,,Fabrics all Fields,,,,,
RFQJ3015,1000,1000/1/2 AA-PET 4200C 30EPI,FABR,,,,,0,0,64.0,30.0,0,,,,Fabrics all Fields,,,,,
RFQJ3023,1000,1000/1/2 UTICA 30EPI FLEX HMLS AA-PET,FABR,,,,,0,0,64.0,30.0,0,,,,Fabrics all Fields,,,,,
RFQJ30VA,1000,1000/1/2 11.5X11.5 AA PET 30 EPI UTICA,FABR,,,,,0,0,64.0,30.0,0,,,,Fabrics all Fields,,,,,
RFQJ35VA,1000,1000/1/2 11.5X11.5 AA PET 35EPI UTICA,FABR,,,,,0,0,64.0,35.0,0,,,,Fabrics all Fields,,,,,
RFQM26PF,2000,"PET, HMLS AA, 2200/1/2, 8.5/8.5, 26.00 E",FABR,QM,PF,26,EXT,221,50,59.0,26.0,221,,,,Fabrics all Fields,,,,,
RFQN26PF,1300,1300/2 0.66 32 EPI POLYESTER-LO SHRINK/H,FABR,,,,,0,0,1498.0,0.0,0,,,,Fabrics all Fields,,,,,
RFQN30PF,1300,1300/2 0.66 32 EPI POLYESTER-LO SHRINK/H,FABR,,,,,0,0,1498.0,0.0,0,,,,Fabrics all Fields,,,,,
RFQN32PF,1500,1300/2 0.026 32EPI HMLS POLYESTER FABRIC,FABR,,,,,0,0,62.0,32.0,0,,,,Fabrics all Fields,,,,,
RFQU26PF,1300,"PET, HMLS AA, 1440/1/2, 9,0/9,0, 26,00 E",FABR,QU,PF,26,EXT,221,50,1498.0,26.0,221,,,,Fabrics all Fields,,,,,
RFQU28PF,1300,1300/2 0.025 28EPI HMLS POLYESTER FABRIC,FABR,,,,,0,0,59.0,28.0,0,,,,Fabrics all Fields,,,,,
RFQU30PF,1300,"PET, HMLS AA, 1440/1/2, 9.0/9.0, 30.00 E",FABR,QU,PF,30,EXT,221,50,1324.0,30.0,221,,,,Fabrics all Fields,,,,,
RFQU32PF,1300,"PET, HMLS AA, 1440/1/2, 9,0/9,0, 32,00 E",FABR,QU,PF,32,EXT,221,50,1499.0,32.0,221,,,,Fabrics all Fields,,,,,
RFQV27,1500,1500/2 0.026 27EPI 57 AA HMLS PET EXT,FABR,,,,,0,0,63.0,0.0,0,,,,Fabrics all Fields,,,,,
RFQV27PF,1500,"1500/2 0.026 27EPI 57""WIDE AA HMLS PET",FABR,,,,,0,0,63.0,27.0,0,,,,Fabrics all Fields,,,,,
RFQV28HF,1500,"1500/2 0.026 28EPI 57""WIDE AA HMLS PET",FABR,,,,,0,0,63.0,28.0,0,,,,Fabrics all Fields,,,,,
RFQV28PF,1500,"PET, HMLS AA, 1670/1/2, 8,5/8,5, 28,00 E",FABR,QV,PF,28,EXT,221,59,63.0,28.0,221,,,,Fabrics all Fields,,,,,
RFQY26VF,1500,UTICA 1500/2 10X10 26EPI HMLS PET T45RA,FABR,,,,,0,0,60.0,26.0,0,,,,Fabrics all Fields,,,,,
RFQY28VA,1500,UTICA 1500/2 10X10 TWIST T45EB ADHESIVE,FABR,,,,,0,0,65.0,28.0,0,,,,Fabrics all Fields,,,,,
RFQY28VF,1500,UTICA 1500/2 10X10 26EPI HMLS PET T45RA,FABR,,,,,0,0,60.0,26.0,0,,,,Fabrics all Fields,,,,,
RFQZ20YF,1300,"PET, HMLS AA, 1440/1/3, 4,5/4,5, 20,00 E",FABR,QZ,YF,20,EXT,221,50,0.0,20.0,221,,,,Fabrics all Fields,,,,,
RFR00002,1650,1650/2 12X12 26EPI RAYON,FABR,,,,,0,0,64.0,26.0,0,,,,Fabrics all Fields,,,,,
RFR00003,1650,1650/2 0.026 30 EPI RAYON FABRIC,FABR,,,,,0,0,62.0,30.0,0,,,,Fabrics all Fields,,,,,
RFR00004,1650,1650/3 0.033 18EPI RAYON FABRIC,FABR,,,,,0,0,62.0,18.0,0,,,,Fabrics all Fields,,,,,
RFR00005,1650,1650/2 12X12 26EPI RAYON SUPPLIER DIP,FABR,,,,,0,0,64.0,26.0,0,,,,Fabrics all Fields,,,,,
RFR00006,1650,1650/2 0.026 30 EPI RAYON FABRIC,FABR,,,,,0,0,64.0,30.0,0,,,,Fabrics all Fields,,,,,
RFRA32AA,1100,1100/2 0.021 32 EPI RAYON FABRIC,FABR,,,,,0,0,62.0,32.0,0,,,,Fabrics all Fields,,,,,
RFRA32AF,1100,1100/2 0.021 32 EPI RAYON FABRIC,FABR,,,,,0,0,62.0,32.0,0,,,,Fabrics all Fields,,,,,
RFRD15AA,1650,1650/2 0.026 15 EPI RAYON FABRIC,FABR,,,,,0,0,62.0,15.0,0,,,,Fabrics all Fields,,,,,
RFRD25AA,1650,1650/2 0.026 25 EPI RAYON FABRIC,FABR,,,,,0,0,62.0,25.0,0,,,,Fabrics all Fields,,,,,
RFRD26ZA,1650,UTICA 1650/2 12X12 26EPI RAYON D5A COT,FABR,,,,,0,0,64.0,26.0,0,,,,Fabrics all Fields,,,,,
RFRD27AF,1650,     1650/2 RAYON AT 27 EPI,FABR,,,,,0,0,62.0,27.0,0,,,,Fabrics all Fields,,,,,
RFRD30AF,1650,"RAYON, HWM, 1840/1/2, 12.0/12.0, 30.00 E",FABR,RD,AF,30,EXT,221,50,64.0,30.0,221,,,,Fabrics all Fields,,,,,
RFRD30JF,1650,"1650, 2, 12, 0.66, 1400, 1654, RAYON,",FABR,,,,,0,0,1400.0,0.0,0,,,,Fabrics all Fields,,,,,
RFRD30SC,1650,"RAYON, HWM, 1840/1/2, 12.0/12.0, 30.00 E",FABR,RD,SC,30,EXT,221,50,0.0,30.0,221,,,,Fabrics all Fields,,,,,
RFRE18BG,1650,"RAYON, HWM, 1840/1/3, 12.0/10.0, 18.00 E",FABR,RE,BG,18,NON,221,59,62.0,18.0,221,,,,Fabrics all Fields,,,,,
RFRE18SC,1650,"RAYON, HWM, 1840/1/3, 12.0/10.0, 18.00 E",FABR,RE,SC,18,NON,221,59,62.0,18.0,221,,,,Fabrics all Fields,,,,,
RFRE25AF,1650,"RAYON, HWM, 1840/1/3, 12.0/10.0, 25.00 E",FABR,RE,AF,25,EXT,221,59,62.0,25.0,221,,,,Fabrics all Fields,,,,,
RFRE25SC,1650,"RAYON, HWM, 1840/1/3, 12.0/10.0, 25.00 E",FABR,RE,SC,25,EXT,221,59,0.0,25.0,221,,,,Fabrics all Fields,,,,,
RFRJ18BL,2200,2200/3 0.036 18 EPI RAYON FABRIC,FABR,,,,,0,0,60.0,18.0,0,,,,Fabrics all Fields,,,,,
RFRLB9ST,1650,"RAYON, HWM, 1840/1/2, 7.5/7.5, 22.90 EPI",FABR,RL,ST,B9,EXT,221,59,0.0,22.9,221,,,,Fabrics all Fields,,,,,
RFRM23BF,1650,1650/2 0.025 23 EPI RAYON FABRIC,FABR,,,,,0,0,62.0,23.0,0,,,,Fabrics all Fields,,,,,
RFRM23BFB,1650,1650/2 0.025 23 EPI RAYON FABRIC,FABR,,,,,0,0,60.0,23.0,0,,,,Fabrics all Fields,,,,,
RFRM23BL,1650,1650/2 0.025 23 EPI RAYON FABRIC,FABR,,,,,0,0,62.0,23.0,0,,,,Fabrics all Fields,,,,,
RFRN25AF,1650,"RAYON, HWM, 1840/1/3, 9.1/9.1, 25.00 EPI",FABR,RN,AF,25,EXT,221,59,62.0,25.0,221,,,,Fabrics all Fields,,,,,
RFRN25SB,1650,"RAYON, HWM, 1840/1/3, 9.1/9.1, 25.00 EPI",FABR,RN,SB,25,EXT,221,59,59.0,25.0,221,,,,Fabrics all Fields,,,,,
RFRN25SH,1650,"RAYON, HWM, 1840/1/3, 9.1/9.1, 25.00 EPI",FABR,RN,SH,25,EXT,221,70,0.0,25.0,221,,,,Fabrics all Fields,,,,,
RFRN26AD,1650,"1650, 2, 12, 0.66, 1400, 1654, RAYON,",FABR,,,,,0,0,1524.0,0.0,0,,,,Fabrics all Fields,,,,,
RFRN26AF,1650,"RAYON, HWM, 1840/1/3, 9.1/9.1, 26.00 EPI",FABR,RN,AF,26,EXT,221,70,0.0,26.0,221,,,,Fabrics all Fields,,,,,
RFRN26SC,1650,"RAYON, HWM, 1840/1/3, 9.1/9.1, 26.00 EPI",FABR,RN,SC,26,EXT,221,70,0.0,26.0,221,,,,Fabrics all Fields,,,,,
RFRN26SH,1650,"RAYON, HWM, 1840/1/3, 9.1/9.1, 26.00 EPI",FABR,RN,SH,26,EXT,221,70,0.0,26.0,221,,,,Fabrics all Fields,,,,,
RFRQ24BD,2200,"2200, 2, 9.9, 0.75, 1524, 1440, RAYON,",FABR,,,,,0,0,1524.0,0.0,0,,,,Fabrics all Fields,,,,,
RFRQ24BF,2200,"RAYON, HWM, 2440/1/2, 9,9/9,9, 24,00 EPI",FABR,RQ,BF,24,EXT,221,59,62.0,24.0,221,,,,Fabrics all Fields,,,,,
RFRQ24SE,2200,"RAYON, HWM, 2440/1/2, 9,9/9,9, 24,00 EPI",FABR,RQ,SE,24,EXT,221,70,0.0,24.0,221,,,,Fabrics all Fields,,,,,
RFRQ24ST,2200,"RAYON, HWM, 2440/1/2, 9.9/9.9, 24.00 EPI",FABR,RQ,ST,24,EXT,221,59,0.0,24.0,221,,,,Fabrics all Fields,,,,,
RFRQ28SB,2200,"RAYON, HWM, 2440/1/2, 9,9/9,9, 28,00 EPI",FABR,RQ,SB,28,EXT,221,59,0.0,28.0,221,,,,Fabrics all Fields,,,,,
RFRQD4SC,2200,"RAYON, HWM, 2440/1/2, 9,9/9,9, 24,40 EPI",FABR,RQ,SC,D4,EXT,220,70,60.0,24.4,198,,,,Fabrics all Fields,,,,,
RFRQF7SG,2200,"RAYON 2440/2, 9.9X9.9 TPI, 27.7 EPI, SG",FABR,,,,,0,0,60.0,27.7,0,,,,Fabrics all Fields,,,,,
RFRRH5SB,1400,"RAYON, HWM, 1550/1/2, 10,7/10,7, 30,50 E",FABR,RR,SB,H5,EXT,221,70,60.0,30.5,221,,,,Fabrics all Fields,,,,,
RFRU23SC,2200,"RAYON, HWM, 2440/1/2, 11.0/11.0, 23.00 E",FABR,RU,SC,23,EXT,221,80,0.0,23.0,221,,,,Fabrics all Fields,,,,,
RFRW31AF,1220,1220D EUROPE RAYON 12.3/12.3 TPI,FABR,RW,AF,31,EXT,245,59,62.0,31.0,0,,,,Fabrics all Fields,,,,,
RFRW31SA,1100,"1100, 2, 12.3, 0.57, 1530, 1867, RAYON,",FABR,,,,,0,0,1530.0,0.0,0,,,,Fabrics all Fields,,,,,
RFRW31SB,1220,"RAYON, 1220/2, 12.3X12.3 TPI, 31 EPI, SB",FABR,,,,,0,0,62.0,31.0,0,,,,Fabrics all Fields,,,,,
RFRW31SC,1100,"RAYON, HWM, 1220/1/2, 12,3/12,3, 31,00 E",FABR,RW,SC,31,EXT,245,70,0.0,31.0,221,,,,Fabrics all Fields,,,,,
RFRW31SF,1100,1100D EUROPE RAYON 12.3/12.3 TPI,FABR,,,,,0,0,62.0,31.0,0,,,,Fabrics all Fields,,,,,
RFRW31SH,1100,"RAYON, HWM, 1220/1/2, 12,3/12,3, 31,00 E",FABR,RW,SH,31,EXT,245,70,0.0,31.0,221,,,,Fabrics all Fields,,,,,
RFRW31SL,1100,"RAYON, HWM, 1220/1/2, 12.3/12.3, 31.00 E",FABR,RW,SL,31,EXT,221,59,0.0,31.0,221,,,,Fabrics all Fields,,,,,
RFRWH7SC,1100,"RAYON 1220/2, 12.3X12.3 TPI, 30.7EPI, SC",FABR,,,,,0,0,60.0,30.7,0,,,,Fabrics all Fields,,,,,
RFRXF7SG,1650,"RAYON, HWM, 1840/1/2, 10.7/10.7, 27.70 E",FABR,RX,SG,F7,EXT,221,70,60.0,27.7,221,,,,Fabrics all Fields,,,,,
RFRY28AF,1650,"RAYON, HWM, 1840/1/2, 10.4/10.4, 28.00 E",FABR,RY,AF,28,EXT,221,59,62.0,28.0,221,,,,Fabrics all Fields,,,,,
RFRY28SH,1650,"RAYON, HWM, 1840/1/2, 10.4/10.4, 28.00 E",FABR,RY,SH,28,EXT,221,59,0.0,28.0,221,,,,Fabrics all Fields,,,,,
RFRY28SL,1650,"RAYON, HWM, 1840/1/2, 10.4/10.4, 28.00 E",FABR,RY,SL,28,EXT,221,59,59.0,28.0,221,,,,Fabrics all Fields,,,,,
RFRY28SLB,1660,"RAYON, 1840/2, 10.4X10.4 TPI, 28 EPI, SL",FABR,,,,,0,0,57.0,28.0,0,,,,Fabrics all Fields,,,,,
RFRY28ST,1650,"RAYON, HWM, 1840/1/2, 10.4/10.4, 28.00 E",FABR,RY,ST,28,EXT,221,59,0.0,28.0,221,,,,Fabrics all Fields,,,,,
RFRYE4ST,1650,"RAYON, HWM, 1840/1/2, 10.4/10.4, 25.40 E",FABR,RY,ST,E4,EXT,221,59,0.0,25.4,221,,,,Fabrics all Fields,,,,,
RFRYG5SC,1650,"RAYON, HWM, 1840/1/2, 10.4/10.4, 28.50 E",FABR,RY,SC,G5,EXT,221,70,0.0,28.5,221,,,,Fabrics all Fields,,,,,
RFSCE4ST,1000,"PET, HMLS HT NAA, 1100/1/2, 12.0/12.0, 2",FABR,SC,ST,E4,EXT,221,59,0.0,25.4,221,,,,Fabrics all Fields,,,,,
RFSDE4ST,1500,"PET, HMLS HT NAA, 1670/1/2, 9.8/9.8, 25.",FABR,SD,ST,E4,EXT,221,59,0.0,25.4,221,,,,Fabrics all Fields,,,,,
RFSJ28PA,1000,1000/3 0.026 28 EPI POLYESTER FABRIC,FABR,,,,,0,0,62.0,28.0,0,,,,Fabrics all Fields,,,,,
RFSRING26JA,1260,1260/2 0.026 26 EPI NYLON 66 FABRIC,FABR,,,,,0,0,62.0,26.0,0,,,,Fabrics all Fields,,,,,
RFTA30HB,1300,1300/2 0.025 30 EPI HMLS POLYST'R FABRIC,FABR,,,,,0,0,64.0,30.0,0,,,,Fabrics all Fields,,,,,
RFTB28HB,1000,1000/3 0.026 28 EPI HM POLYESTER FABRIC,FABR,,,,,0,0,64.75,28.0,0,,,,Fabrics all Fields,,,,,
RFTB28HT,1000,1000/3 0.026 28 EPI HM POLYESTER FABRIC,FABR,,,,,0,0,64.75,28.0,0,,,,Fabrics all Fields,,,,,
RFTB30HB,1000,1000/3 0.026 30 EPI HM POLYESTER FABRIC,FABR,,,,,0,0,64.75,30.0,0,,,,Fabrics all Fields,,,,,
RFTB30HF,1000,"PET, HMLS NAA, 1100/1/3, 8.5/8.5, 30.00",FABR,TB,HF,30,EXT,221,59,64.75,30.0,221,,,,Fabrics all Fields,,,,,
RFTC22HA,1000,1000/1/2 0.022 22EPI HMLS PET,FABR,,,,,0,0,62.0,22.0,0,,,,Fabrics all Fields,,,,,
RFTC24HA,1000,1000/2 0.022 24EPI LSHM POLYESTER FABRI,FABR,,,,,0,0,62.0,24.0,0,,,,Fabrics all Fields,,,,,
RFTC24HF,1000,"PET, HMLS NAA, 1100/1/2, 12.0/12.0, 24.0",FABR,TC,HF,24,EXT,221,59,62.0,24.0,221,,,,Fabrics all Fields,,,,,
RFTC27CN,1000,"PET, HMLS NAA, 1100/1/2, 12.0/12.0, 27.0",FABR,TC,CN,27,NON,221,59,0.0,27.0,221,,,,Fabrics all Fields,,,,,
RFTC27CX,1000,"PET, HMLS NAA, 1100/1/2, 12.0/12.0, 27.0",FABR,TC,CX,27,EXT,221,59,0.0,27.0,221,,,,Fabrics all Fields,,,,,
RFTC27CXB,1000,1000/1/2 0.022 27 EPI HMLS PET PINK DIP,FABR,,,,,0,0,62.0,27.0,0,,,,Fabrics all Fields,,,,,
RFTC27HA,1000,"PET, HMLS NAA, 1100/1/2, 12.0/12.0, 27.0",FABR,TC,HA,27,NON,221,59,64.0,27.0,221,,,,Fabrics all Fields,,,,,
RFTC27HF,1000,"PET, HMLS NAA, 1100/1/2, 12.0/12.0, 27.0",FABR,TC,HF,27,EXT,221,59,62.0,27.0,221,,,,Fabrics all Fields,,,,,
RFTC2825,1000,1000/1/2 0.022 28EPI 12X12 PET TAPS-A3,FABR,,,,,0,0,64.0,28.0,0,,,,Fabrics all Fields,,,,,
RFTC2828,1000,1000/2 0.022 28EPI HMLS PET K23T TAPSA4,FABR,,,,,0,0,64.0,28.0,0,,,,Fabrics all Fields,,,,,
RFTC2839,1000,1000/2 0.022 28EPI 59W HMLS PET NEW ADH,FABR,,,,,0,0,64.0,28.0,0,,,,Fabrics all Fields,,,,,
RFTC2840,1000,1000/2 0.022 28EPI 59W HMLS PET NEW ADH,FABR,,,,,0,0,64.0,28.0,0,,,,Fabrics all Fields,,,,,
RFTC28CX,1000,"PET, HMLS NAA, 1100/1/2, 12,0/12,0, 28,0",FABR,TC,CX,28,EXT,255,59,0.0,28.0,230,,,,Fabrics all Fields,,,,,
RFTC28HA,1000,1000/1/2 0.022 28EPI 59 WIDE HMLS PET,FABR,,,,,0,0,64.0,28.0,0,,,,Fabrics all Fields,,,,,
RFTC28HF,1000,"PET, HMLS NAA, 1100/1/2, 12.0/12.0, 28.0",FABR,TC,HF,28,EXT,221,59,62.0,28.0,221,,,,Fabrics all Fields,,,,,
RFTC29HF,1000,1000/2 0.56 29 EPI POLYESTER-LO SHRINK/H,FABR,,,,,0,0,1448.0,0.0,0,,,,Fabrics all Fields,,,,,
RFTC30HA,1000,1000/2 0.022 30 EPI HM POLYESTER FABRIC,FABR,,,,,0,0,64.0,30.0,0,,,,Fabrics all Fields,,,,,
RFTC32HF,1000,"PET, HMLS NAA, 1100/1/2, 12.0/12.0, 32.0",FABR,TC,HF,32,EXT,221,50,0.0,32.0,221,,,,Fabrics all Fields,,,,,
RFTC35HA,1000,"PET, HMLS NAA, 1100/1/2, 12.0/12.0, 35.0",FABR,TC,HA,35,NON,221,59,64.0,35.0,221,,,,Fabrics all Fields,,,,,
RFTC828,1000,1000/1/2 0.022 28EPI HMLSPET K23T 4300C,FABR,,,,,0,0,64.0,28.0,0,,,,Fabrics all Fields,,,,,
RFTD25ST,1500,"PET, HMLS NAA, 1670/1/2, 9.5/9.5, 25.00",FABR,TD,ST,25,EXT,221,59,0.0,25.0,221,,,,Fabrics all Fields,,,,,
RFTD27ST,1500,"PET, HMLS NAA, 1670/1/2, 9.5/9.5, 27.00",FABR,TD,ST,27,EXT,221,59,0.0,27.0,221,,,,Fabrics all Fields,,,,,
RFTD28SS,1000,"PET, HMLS NAA, 1100/1/2, 9,5/9,5, 28,00",FABR,TD,SS,28,EXT,221,59,0.0,28.0,221,,,,Fabrics all Fields,,,,,
RFTD30HA,1000,1000/2 POLY 10X10 TWIST NO GA CORD,FABR,,,,,0,0,64.0,30.0,0,,,,Fabrics all Fields,,,,,
RFTF2834,1000,1000/3 0.025 28 EPI HM POLYESTER FABRIC,FABR,,,,,0,0,62.0,28.0,0,,,,Fabrics all Fields,,,,,
RFTF2852,1000,1000/3 0.025 28 EPI HM POLYESTER FABRIC,FABR,,,,,0,0,62.0,28.0,0,,,,Fabrics all Fields,,,,,
RFTF28HB,1000,1000/3 0.026 28 EPI HM POLYESTER FABRIC,FABR,,,,,0,0,64.75,28.0,0,,,,Fabrics all Fields,,,,,
RFTF28HC,1000,1000/3 0.026 28 EPI HM POLYESTER FABRIC,FABR,,,,,0,0,62.0,28.0,0,,,,Fabrics all Fields,,,,,
RFTF28HF,1000,1000/3 0.026 28 EPI HM POLYESTER FABRIC,FABR,,,,,0,0,62.0,28.0,0,,,,Fabrics all Fields,,,,,
RFTF28HT,1000,1000/3 0.026 28 EPI HM POLYESTER FABRIC,FABR,,,,,0,0,64.75,28.0,0,,,,Fabrics all Fields,,,,,
RFTF30HB,1000,1000/3 0.026 30 EPI HM POLYESTER FABRIC,FABR,,,,,0,0,64.75,30.0,0,,,,Fabrics all Fields,,,,,
RFTG24HA,1000,1000/2 0.022 24EPI LSHM POLYESTER FABRIC,FABR,,,,,0,0,62.0,23.2,0,,,,Fabrics all Fields,,,,,
RFTG27HA,1000,1000/2 0.022 27EPI LSHM POLYESTER FABRIC,FABR,,,,,0,0,64.0,26.1,0,,,,Fabrics all Fields,,,,,
RFTG3013,1000,1000/2 0.022 30 EPI HMLS POLYST'R FABRIC,FABR,,,,,0,0,64.0,30.0,0,,,,Fabrics all Fields,,,,,
RFTG30HA,1000,1000/2 0.022 30 EPI HM POLYESTER FABRIC,FABR,,,,,0,0,64.0,30.0,0,,,,Fabrics all Fields,,,,,
RFTG30HF,1000,1000/2 0.022 30 EPI HM POLYESTER FABRIC,FABR,,,,,0,0,64.0,30.0,0,,,,Fabrics all Fields,,,,,
RFTH27CN,1000,"PET, HMLS NAA, 1100/1/2, 10.0/10.0, 27.0",FABR,TH,CN,27,NON,221,59,0.0,27.0,221,,,,Fabrics all Fields,,,,,
RFTH27HA,1000,"PET, HMLS NAA, 1100/1/2, 10.0/10.0, 27.0",FABR,TH,HA,27,NON,245,59,64.0,27.0,221,,,,Fabrics all Fields,,,,,
RFTH2826,1000,1000/1/2 0.022 28EPI 10X10 PET TAPS-A3,FABR,,,,,0,0,64.0,28.0,0,,,,Fabrics all Fields,,,,,
RFTH28HA,1000,1000/2 0.021 28EPI 59WIDE 10X10 HMLSPET,FABR,,,,,0,0,64.0,28.0,0,,,,Fabrics all Fields,,,,,
RFTH30HA,1000,1000/2 0.021 30 EPI HM POLYESTER FABRIC,FABR,,,,,0,0,64.0,30.0,0,,,,Fabrics all Fields,,,,,
RFTI28ST,1300,"PET, HMLS NAA, 1440/1/2, 10.5/10.5, 28.0",FABR,TI,ST,28,EXT,221,59,0.0,28.0,221,,,,Fabrics all Fields,,,,,
RFTJ26ST,1000,"PET, HMLS NAA, 1100/1/2, 11.5/11.5, 26.0",FABR,TJ,ST,26,EXT,221,59,0.0,26.0,221,,,,Fabrics all Fields,,,,,
RFTJ30HA,1000,1000/2 0.022 30 EPI HMLS POLYST'R FABRIC,FABR,,,,,0,0,62.0,30.0,0,,,,Fabrics all Fields,,,,,
RFTK2714,1300,1300/3 0.030 27 EPI HMLS PET MOD ADH,FABR,,,,,0,0,64.0,26.5,0,,,,Fabrics all Fields,,,,,
RFTK27HB,1300,"PET, HMLS NAA, 1440/1/3, 8.0/8.0, 27.00",FABR,TK,HB,27,NON,221,59,64.0,27.0,221,,,,Fabrics all Fields,,,,,
RFTM26CN,2000,"PET, HMLS NAA, 2200/1/2, 8.5/8.5, 26.00",FABR,TM,CN,26,NON,221,59,0.0,26.0,221,,,,Fabrics all Fields,,,,,
RFTM26CX,2000,"PET, HMLS NAA, 2200/1/2, 8,5/8,5, 26,00",FABR,TM,CX,26,EXT,255,59,0.0,26.0,230,,,,Fabrics all Fields,,,,,
RFTM26HB,2000,"PET, HMLS NAA, 2200/1/2, 8.5/8.5, 26.00",FABR,TM,HB,26,NON,221,59,64.0,26.0,221,,,,Fabrics all Fields,,,,,
RFTM26HF,2000,"PET, HMLS NAA, 2200/1/2, 8,5/8,5, 26,00",FABR,TM,HF,26,EXT,221,59,62.0,26.0,221,,,,Fabrics all Fields,,,,,
RFTM2759,2000,2000/2 0.031 27EPI 59WIDE HMLS PET,FABR,,,,,0,0,64.0,27.0,0,,,,Fabrics all Fields,,,,,
RFTM2760,2000,2000/2 0.031 27EPI 59WIDE HMLS PET,FABR,,,,,0,0,64.0,27.0,0,,,,Fabrics all Fields,,,,,
RFTM2761,2000,2000/2 0.031 27EPI 59WIDE HMLS PET,FABR,,,,,0,0,64.0,27.0,0,,,,Fabrics all Fields,,,,,
RFTM2762,2000,2000/2 0.031 27EPI 59WIDE HMLS PET,FABR,,,,,0,0,64.0,27.0,0,,,,Fabrics all Fields,,,,,
RFTM27CN,2000,"PET, HMLS NAA, 2200/1/2, 8.5/8.5, 27.00",FABR,TM,CN,27,NON,221,59,0.0,27.0,221,,,,Fabrics all Fields,,,,,
RFTM27HB,2000,"PET, HMLS NAA, 2200/1/2, 8,5/8,5, 27,00",FABR,TM,HB,27,NON,221,59,64.0,27.0,221,,,,Fabrics all Fields,,,,,
RFTQ20HA,1300,"PET, HMLS NAA, 1440/1/3, 8.5/8.5, 20.00",FABR,TQ,HA,20,NON,221,59,62.5,20.0,221,,,,Fabrics all Fields,,,,,
RFTQ26HF,1300,"PET, HMLS NAA, 1440/1/3, 8,5/8,5, 26,00",FABR,TQ,HF,26,EXT,221,59,60.0,26.0,221,,,,Fabrics all Fields,,,,,
RFTR18HB,1300,1300/2/2 0.036 18EPI HMLS PET 59 WIDE  C,FABR,,,,,0,0,64.0,18.0,0,,,,Fabrics all Fields,,,,,
RFTS25HA,1500,1500/2 0.026 25EPI LSHM POLYESTER FABRIC,FABR,,,,,0,0,59.0,25.0,0,,,,Fabrics all Fields,,,,,
RFTU30CX,1300,"PET, HMLS NAA, 1440/1/2, 9,0/9,0, 30,00",FABR,TU,CX,30,EXT,270,50,0.0,30.0,243,,,,Fabrics all Fields,,,,,
RFTU32CX,1300,"PET, HMLS NAA, 1440/1/2, 9,0/9,0, 32,00",FABR,TU,CX,32,EXT,255,59,57.0,32.0,230,,,,Fabrics all Fields,,,,,
RFTU32HA,1300,1300/2 0.026 32EPI HMLS POLYESTER FABRIC,FABR,,,,,0,0,62.0,32.0,0,,,,Fabrics all Fields,,,,,
RFTU32HAA,1300,1300/2 0.026 32EPI HMLS POLYESTER FABRIC,FABR,,,,,0,0,64.0,32.0,0,,,,Fabrics all Fields,,,,,
RFTU32HF,1300,"PET, HMLS NAA, 1440/1/2, 9,0/9,0, 32,00",FABR,TU,HF,32,EXT,221,59,62.0,32.0,221,,,,Fabrics all Fields,,,,,
RFTV27CN,1500,"PET, HMLS NAA, 1670/1/2, 8.5/8.5, 27.00",FABR,TV,CN,27,NON,221,59,65.0,27.0,221,,,,Fabrics all Fields,,,,,
RFTV27CX,1500,"PET, HMLS NAA, 1670/1/2, 8,5/8,5, 27,00",FABR,TV,CX,27,EXT,221,59,0.0,27.0,221,,,,Fabrics all Fields,,,,,
RFTV27CXB,1500,1500/2 0.026 27EPI HMLS PET EXT FILL 57,FABR,,,,,0,0,63.0,27.0,0,,,,Fabrics all Fields,,,,,
RFTV27HF,1500,"PET, HMLS NAA, 1670/1/2, 8,5/8,5, 27,00",FABR,TV,HF,27,EXT,221,59,63.0,27.0,221,,,,Fabrics all Fields,,,,,
RFTV27HP,1500,"PET, HMLS NAA, 1670/1/2, 8.5/8.5, 27.00",FABR,TV,HP,27,NON,221,59,65.0,27.0,221,,,,Fabrics all Fields,,,,,
RFTV28,1500,1500/2 0.026 28EPI 57 WIDE HMLS PET EXT,FABR,,,,,0,0,63.0,0.0,0,,,,Fabrics all Fields,,,,,
RFTV2808,1500,1500/2 0.026 28EPI HMLS PET MOD ADH,FABR,,,,,0,0,65.0,28.0,0,,,,Fabrics all Fields,,,,,
RFTV2827,1500,1500/1/2 HMLS PET 0.0026 1652EPI,FABR,,,,,0,0,65.0,28.0,0,,,,Fabrics all Fields,,,,,
RFTV2849,1500,1500/2 0.026 28EPI HMLS POLYESTER FABRI,FABR,,,,,0,0,65.0,28.0,0,,,,Fabrics all Fields,,,,,
RFTV2853,1500,1500/2 0.026 28EPI HMLS POLYESTER FABRI,FABR,,,,,0,0,65.0,28.0,0,,,,Fabrics all Fields,,,,,
RFTV28HF,1500,"PET, HMLS NAA, 1670/1/2, 8,5/8,5, 28,00",FABR,TV,HF,28,EXT,221,59,63.0,28.0,221,,,,Fabrics all Fields,,,,,
RFTV28HP,1500,1500/2 0.026 28EPI HMLS POLYESTER FABRI,FABR,,,,,0,0,65.0,28.0,0,,,,Fabrics all Fields,,,,,
RFTV30HP,1500,1500/2 0.026 30EPI HMLS POLYESTER FABRIC,FABR,,,,,0,0,65.0,30.0,0,,,,Fabrics all Fields,,,,,
RFTW25HA,1500,1500/2 0.026 25EPI LSHM POLYESTER FABRI,FABR,,,,,0,0,59.0,25.0,0,,,,Fabrics all Fields,,,,,
RFTW25HP,1500,"1500/2, 25EPI, POLYESTER",FABR,,,,,0,0,59.0,25.0,0,,,,Fabrics all Fields,,,,,
RFTW28HP,1500,1500/2 0.026 28 EPI HM POLYESTER FABRIC,FABR,,,,,0,0,65.0,28.0,0,,,,Fabrics all Fields,,,,,
RFTW30HF,1500,1500/2 0.026 30 EPI HM POLYESTER FABRIC,FABR,,,,,0,0,65.0,30.0,0,,,,Fabrics all Fields,,,,,
RFTW30HP,1500,1500/2 0.026 30 EPI HM POLYESTER FABRIC,FABR,,,,,0,0,65.0,30.0,0,,,,Fabrics all Fields,,,,,
RFTX30HA,1000,1000/2 0.022 30 EPI HMLS POLYST'R FABRIC,FABR,,,,,0,0,62.0,30.0,0,,,,Fabrics all Fields,,,,,
RFTY26HF,1500,"PET, HMLS NAA, 1670/1/2, 10,0/10,0, 26,0",FABR,TY,HF,26,EXT,221,59,60.0,26.0,221,,,,Fabrics all Fields,,,,,
RFTY30HC,1000,1000/3 0.026 30 EPI HMLS POLYST'R FABRIC,FABR,,,,,0,0,62.0,30.0,0,,,,Fabrics all Fields,,,,,
RFU01NC27JA,840,840/2 0.022 27 EPI NYLON 66 FABRIC,FABR,,,,,0,0,62.0,27.0,0,,,,Fabrics all Fields,,,,,
RFV00001,1000,1000/1/2 11.5X11.5 AA-PET 28EPI UTICA,FABR,,,,,0,0,64.0,28.0,0,,,,Fabrics all Fields,,,,,
RFV00002,1000,1000/1/2 0.022 28EPI 59 WIDE HMLS PET,FABR,,,,,0,0,64.0,28.0,0,,,,Fabrics all Fields,,,,,
RFV00003,2000,2000/2 0.031  27EPI 59WIDE HMLS PET,FABR,,,,,0,0,64.0,27.0,0,,,,Fabrics all Fields,,,,,
RFV00004,1000,1000/2 0.021 28EPI 59WIDE 10X10 HMLSPET,FABR,,,,,0,0,64.0,28.0,0,,,,Fabrics all Fields,,,,,
RFV00005,1300,1300/3 0.030 27 EPI HMLS POLYST'R FABRIC,FABR,,,,,0,0,64.0,26.5,0,,,,Fabrics all Fields,,,,,
RFV00006,1300,UTICA 1300/3 8.5X8.5 20EPI AA-PET RYN,FABR,,,,,0,0,62.5,20.0,0,,,,Fabrics all Fields,,,,,
RFV00007,1500,UTICA 1500/2 10X10 26EPI HMLS PET T45RA,FABR,,,,,0,0,60.0,26.0,0,,,,Fabrics all Fields,,,,,
RFV00008,1000,1000/1/2 0.022 28EPI 59 WIDE HMLS PET,FABR,,,,,0,0,64.0,28.0,0,,,,Fabrics all Fields,,,,,
RFV00009,1500,1500/2 0.026 28EPI HMLS POLYESTER FABRI,FABR,,,,,0,0,65.0,28.0,0,,,,Fabrics all Fields,,,,,
RFV00010,1000,UTICA 1000/2 11.5X11.5 22EPI AA-PET RAY,FABR,,,,,0,0,62.0,22.0,0,,,,Fabrics all Fields,,,,,
RFV00011,1500,UTICA 1500/2 10X10 26EPI HMLS PET T45RA,FABR,,,,,0,0,60.0,26.0,0,,,,Fabrics all Fields,,,,,
RFV00014,1000,"1000/2 0.022"" 28EPI AA-HMLS PET 59WIDE",FABR,,,,,0,0,64.0,28.0,0,,,,Fabrics all Fields,,,,,
RFV00015,1000,1000/1/2 11.5X11.5 AA-PET 28EPI UTICA,FABR,,,,,0,0,64.0,28.0,0,,,,Fabrics all Fields,,,,,
RFV00017,1500,"1500/2 0.026 28EPI 57""WIDE AA HMLS PET",FABR,,,,,0,0,63.0,28.0,0,,,,Fabrics all Fields,,,,,
RFV00018,2000,2000/2 0.031  27EPI 59WIDE HMLS PET,FABR,,,,,0,0,64.0,27.0,0,,,,Fabrics all Fields,,,,,
RFV00019,1000,UTICA 1000/2 11.5X11.5 22EPI AA-PET RAY,FABR,,,,,0,0,62.0,22.0,0,,,,Fabrics all Fields,,,,,
RFV00020,2000,2000/2 0.031  27EPI 59WIDE HMLS PET,FABR,,,,,0,0,64.0,27.0,0,,,,Fabrics all Fields,,,,,
RFV00021,1000,1000/2 0.021 28EPI 59WIDE 10X10 HMLSPET,FABR,,,,,0,0,64.0,28.0,0,,,,Fabrics all Fields,,,,,
RFV00022,1000,1000/2 12X2 22EPI AA-PET,FABR,,,,,0,0,62.0,22.0,0,,,,Fabrics all Fields,,,,,
RFV00023,1000,1000/1/2 0.022 22EPI 57 WIDE HMLS PET,FABR,,,,,0,0,62.0,22.0,0,,,,Fabrics all Fields,,,,,
RFV00024,1500,1500/2 10X10 26EPI HMLS PET 4200C,FABR,,,,,0,0,60.0,26.0,0,,,,Fabrics all Fields,,,,,
RFV00025,1500,1500/2 8.5X8.5 26EPI HMLS PET 4200C,FABR,,,,,0,0,60.0,26.0,0,,,,Fabrics all Fields,,,,,
RFV00026,1300,UTICA 1300/3 8.5X8.5 20EPI NON-AA UNISAM,FABR,,,,,0,0,62.5,20.0,0,,,,Fabrics all Fields,,,,,
RFV00027,3000,3300/1/2 0.036 24EPI 1H75 PET,FABR,,,,,0,0,64.0,24.0,0,,,,Fabrics all Fields,,,,,
RFV00028,3000,3300/1/2 0.036 24EPI 1H75 PET,FABR,,,,,0,0,64.0,24.0,0,,,,Fabrics all Fields,,,,,
RFV00029,3000,3300/1/2 0.036 24EPI 1H75 PET,FABR,,,,,0,0,64.0,24.0,0,,,,Fabrics all Fields,,,,,
RFV00031,1500,1500/2 10X10 26EPI HMLS PET T45RA,FABR,,,,,0,0,60.0,26.0,0,,,,Fabrics all Fields,,,,,
RFV00032,1500,1500/2 10X10 26EPI HMLS PET INVISTA YRN,FABR,,,,,0,0,60.0,26.0,0,,,,Fabrics all Fields,,,,,
RFV00035,1000,1000/1/2 0.022 28 EPI 57 WIDE HMLS PET,FABR,,,,,0,0,62.0,28.0,0,,,,Fabrics all Fields,,,,,
RFV00036,1500,UTICA 1500/2 10X10 26EPI HMLS PET T45RA,FABR,,,,,0,0,60.0,26.0,0,,,,Fabrics all Fields,,,,,
RFV00037,1500,1500/2 0.026 28EPI HMLS POLYESTER FABRI,FABR,,,,,0,0,65.0,28.0,0,,,,Fabrics all Fields,,,,,
RFV00038,1000,1000/1/2 0.022 28 EPI 57 WIDE HMLS PET,FABR,,,,,0,0,62.0,28.0,0,,,,Fabrics all Fields,,,,,
RFV00039,1500,1500/2 0.026 28EPI 57 WIDE HMLS PET EXT,FABR,,,,,0,0,63.0,28.0,0,,,,Fabrics all Fields,,,,,
RFV00040,1000,1000/1/2 0.022 28EPI 59 WIDE HMLS PET,FABR,,,,,0,0,64.0,28.0,0,,,,Fabrics all Fields,,,,,
RFV00041,2000,2000/2 0.031  27EPI 59WIDE HMLS PET,FABR,,,,,0,0,64.0,27.0,0,,,,Fabrics all Fields,,,,,
RFV00042,1300,UTICA 1300/3 8.5X8.5 17EPI AA-PET RYN,FABR,,,,,0,0,62.5,17.0,0,,,,Fabrics all Fields,,,,,
RFV00043,1300,1300/3 0.030 27 EPI HMLS POLYST'R FABRIC,FABR,,,,,0,0,64.0,26.5,0,,,,Fabrics all Fields,,,,,
RFV00044,1000,1000/2 0.022 24EPI HMLS POLYESTER FABRI,FABR,,,,,0,0,62.0,24.0,0,,,,Fabrics all Fields,,,,,
RFV00045,1300,1300/3 0.030 26 EPI HMLS POLYESTER,FABR,,,,,0,0,62.0,26.0,0,,,,Fabrics all Fields,,,,,
RFV00047,1500,1500/2 10X10 TPI 0.026 26EPI HMLS PET,FABR,,,,,0,0,60.0,26.0,0,,,,Fabrics all Fields,,,,,
RFV00049,3000,3300/1/2 0.036 22EPI 1H75 PET,FABR,,,,,0,0,64.0,22.0,0,,,,Fabrics all Fields,,,,,
RFV00050,2000,2000/2 0.031  26EPI 1H75 PET,FABR,,,,,0,0,64.0,26.0,0,,,,Fabrics all Fields,,,,,
RFV00051,1300,1300/3 8.5X8.5 26EPI PET EXT KOR YARN,FABR,,,,,0,0,60.0,26.0,0,,,,Fabrics all Fields,,,,,
RFV00052,1300,1300/3 8.5X8.5 26EPI PET EXT VTM YARN,FABR,,,,,0,0,60.0,26.0,0,,,,Fabrics all Fields,,,,,
RFV00053,1300,1300/3 8.5X8.5 26EPI PET EXT VTM YARN,FABR,,,,,0,0,60.0,26.0,0,,,,Fabrics all Fields,,,,,
RFV00055,1500,1500/2 0.026 28EPI HMLS POLYESTER FABRI,FABR,,,,,0,0,65.0,28.0,0,,,,Fabrics all Fields,,,,,
RFV00056,1500,1500/2 0.026 28EPI HMULS POLYESTER FABRI,FABR,,,,,0,0,65.0,28.0,0,,,,Fabrics all Fields,,,,,
RFV00057,1500,1500/2 10X10 28EPI PEN SUPPLIER DIP,FABR,,,,,0,0,64.0,28.0,0,,,,Fabrics all Fields,,,,,
RFV00062,1000,1000/1/2 0.022 27EPI HMLS PET PINK DIP,FABR,,,,,0,0,64.0,27.0,0,,,,Fabrics all Fields,,,,,
RFV00062B,1000,1000/1/2 0.022 27EPI HMLS PET PINK DIP,FABR,,,,,0,0,62.0,27.0,0,,,,Fabrics all Fields,,,,,
RFV00063,1500,"PET, HMLS NAA, 1670/1/2, 8.5/8.5, 27.00",FABR,TV,CN,27,NON,221,59,65.0,27.0,221,,,,Fabrics all Fields,,,,,
RFV00065,2000,2000/2 0.031  27EPI HMLS PET PINK DIP,FABR,,,,,0,0,64.0,27.0,0,,,,Fabrics all Fields,,,,,
RFV00067,2000,2000/2 0.031  27EPI 59WIDE PEN,FABR,,,,,0,0,64.0,27.0,0,,,,Fabrics all Fields,,,,,
RFV00073,1500,1500/2 0.026 28EPI HMLS POLYESTER FABRI,FABR,,,,,0,0,65.0,28.0,0,,,,Fabrics all Fields,,,,,
RFV00076,1500,1500/2 0.026 28EPI 57 WIDE HMLS PET EXT,FABR,,,,,0,0,63.0,28.0,0,,,,Fabrics all Fields,,,,,
RFV00078,1500,1500/2 0.026 27EPI 57 WIDE HMLS PET PINK,FABR,,,,,0,0,63.0,27.0,0,,,,Fabrics all Fields,,,,,
RFV00080,2000,2000/2 0.031  27EPI 59WIDE HMLS PEN,FABR,,,,,0,0,64.0,27.0,0,,,,Fabrics all Fields,,,,,
RFV00081,1500,1500/2 0.026 28EPI 57 WIDE HMLS PET EXT,FABR,,,,,0,0,63.0,28.0,0,,,,Fabrics all Fields,,,,,
RFV00083,1500,1500/2 0.026 27EPI HMLS POLYESTER FABRI,FABR,,,,,0,0,65.0,27.0,0,,,,Fabrics all Fields,,,,,
RFV00084,2000,2000/2 0.031  27EPI 59WIDE HMLS PEN,FABR,,,,,0,0,64.0,27.0,0,,,,Fabrics all Fields,,,,,
RFV00086,1500,1500/2 0.026 27EPI 57 WIDE HMLS PET EXT,FABR,,,,,0,0,63.0,27.0,0,,,,Fabrics all Fields,,,,,
RFV00087,1000,1000/1/2 0.022 28 EPI 57 WIDE HMLS PET,FABR,,,,,0,0,62.0,27.0,0,,,,Fabrics all Fields,,,,,
RFV00088,1000,1000/2 0.022 27EPI LSHM POLYESTER FABRIC,FABR,,,,,0,0,64.0,27.0,0,,,,Fabrics all Fields,,,,,
RFV00089,1500,"1500/2 0.026 28EPI 57""WIDE AA HMLS PET",FABR,,,,,0,0,63.0,28.0,0,,,,Fabrics all Fields,,,,,
RFV00090,1000,1000/3 HMLS PET 0.026 30EPI 59 WIDTH,FABR,,,,,0,0,62.0,30.0,0,,,,Fabrics all Fields,,,,,
RFV00091,1300,"HMLS PET, 1440/2, 9X9 TPI, 32 EPI, HA",FABR,,,,,0,0,64.0,32.0,0,,,,Fabrics all Fields,,,,,
RFV00092,2000,2000/2 0.031  27EPI 57WIDE HMLS PET,FABR,,,,,0,0,62.0,27.0,0,,,,Fabrics all Fields,,,,,
RFV00093,1000,1000/2 0.022 27EPI LSHM POLYESTER FABRIC,FABR,,,,,0,0,64.0,27.0,0,,,,Fabrics all Fields,,,,,
RFV00094,1500,"1500/2 0.026 24EPI 57""WIDE AA HMLS PET",FABR,,,,,0,0,63.0,24.0,0,,,,Fabrics all Fields,,,,,
RFV00095,1500,1500/2 0.026 27EPI HMLS POLYESTER FABRI,FABR,,,,,0,0,65.0,27.0,0,,,,Fabrics all Fields,,,,,
RFV00096,1500,1500/2 0.026 28EPI 57 WIDE HMLS PET EXT,FABR,,,,,0,0,63.0,28.0,0,,,,Fabrics all Fields,,,,,
RFV00097,1500,1500/2 0.026 28EPI 57 WIDE HMLS PET EXT,FABR,,,,,0,0,63.0,28.0,0,,,,Fabrics all Fields,,,,,
RFV00098,1500,1500/2 0.026 28EPI 57 WIDE HMLS PET EXT,FABR,,,,,0,0,63.0,28.0,0,,,,Fabrics all Fields,,,,,
RFV00099,1500,1500/2 0.026 27EPI 57 WIDE HMLS PET EXT,FABR,,,,,0,0,63.0,27.0,0,,,,Fabrics all Fields,,,,,
RFV00100,1000,"1000/1/2 HSP70 PET 34EPI 59WIDE 0,022",FABR,,,,,0,0,64.0,34.0,0,,,,Fabrics all Fields,,,,,
RFV00101,1500,1500/2 0.026 27EPI HMLS POLYESTER FABRI,FABR,,,,,0,0,65.0,27.0,0,,,,Fabrics all Fields,,,,,
RFV00102,1000,1000/2 0.022 27EPI LSHM POLYESTER FABRIC,FABR,,,,,0,0,64.0,27.0,0,,,,Fabrics all Fields,,,,,
RFV00103,1500,1500/2 0.026 27EPI 57 WIDE HMLS PET EXT,FABR,,,,,0,0,63.0,27.0,0,,,,Fabrics all Fields,,,,,
RFV00104,1000,1000/2 0.022 27EPI LSHM POLYESTER FABRIC,FABR,,,,,0,0,64.0,27.0,0,,,,Fabrics all Fields,,,,,
RFV00105,1000,1000/2 0.022 27EPI LSHM POLYESTER FABRIC,FABR,,,,,0,0,64.0,27.0,0,,,,Fabrics all Fields,,,,,
RFV00106,1500,1500/2 0.026 27EPI HMLS PET HIGH LASE,FABR,,,,,0,0,65.0,27.0,0,,,,Fabrics all Fields,,,,,
RFV00107,1500,1500/2 0.026 27EPI 57 WIDE HMLS PET EXT,FABR,,,,,0,0,63.0,27.0,0,,,,Fabrics all Fields,,,,,
RFV00108,1000,"1000/1/2 0.022 27 EPI 57"" HMLS PET PINK",FABR,,,,,0,0,62.0,27.0,0,,,,Fabrics all Fields,,,,,
RFV00109,1000,1000/2 0.022 27EPI LSHM POLYESTER FABRIC,FABR,,,,,0,0,64.0,27.0,0,,,,Fabrics all Fields,,,,,
RFV00110,1500,1500/2 0.026 27EPI HMLS PET - PINK DIP,FABR,,,,,0,0,65.0,27.0,0,,,,Fabrics all Fields,,,,,
RFV00112,1000,1000/1/2 0.022 27EPI HMLS PET PINK DIP,FABR,,,,,0,0,64.0,27.0,0,,,,Fabrics all Fields,,,,,
RFV00113,2000,2000/2 0.031  26EPI 59WIDE HMLS PET PINK,FABR,,,,,0,0,64.0,26.0,0,,,,Fabrics all Fields,,,,,
RFV00114,1000,1000/1/2 0.022 27EPI HMLS PET PINK DIP,FABR,,,,,0,0,64.0,27.0,0,,,,Fabrics all Fields,,,,,
RFV00115,1500,"PET, HMLS NAA, 1670/1/2, 8,5/8,5, 27,00",FABR,TV,HP,27,NON,221,59,65.0,27.0,221,,,,Fabrics all Fields,,,,,
RFV00116,2200,2200/2 0.79 26 EPI POLYESTER-LO SHRINK/H,FABR,,,,,0,0,1499.0,26.0,0,,,,Fabrics all Fields,,,,,
RFV00117,1500,1500/2 0.026 27EPI 57 WIDE HMLS PET EXT,FABR,,,,,0,0,63.0,27.0,0,,,,Fabrics all Fields,,,,,
RFV00119,1500,1500/2 0.026 27EPI HMLS POLYESTER FABRI,FABR,,,,,0,0,65.0,27.0,0,,,,Fabrics all Fields,,,,,
RFV00120,1500,1500/2 0.026 27EPI 57 WIDE HMLS PET EXT,FABR,,,,,0,0,63.0,27.0,0,,,,Fabrics all Fields,,,,,
RFV00121,2000,2000/2 0.031  26EPI 57WIDE HMLS PET,FABR,,,,,0,0,62.0,26.0,0,,,,Fabrics all Fields,,,,,
RFV00122,1500,1500/2 0.026 27EPI HMLS POLYESTER FABRI,FABR,,,,,0,0,65.0,27.0,0,,,,Fabrics all Fields,,,,,
RFV00124,1000,1000/1/2 0.021 27EPI 10X10 HMLSPET PINK,FABR,,,,,0,0,64.0,27.0,0,,,,Fabrics all Fields,,,,,
RFV00125,1000,"PET, HMLS NAA, 1100/1/2, 12,0/12,0, 27,0",FABR,TC,CN,27,NON,221,59,64.0,27.0,221,,,,Fabrics all Fields,,,,,
RFV00126,1000,"PET, HMLS NAA, 1100/1/2, 12,0/12,0, 27,0",FABR,TC,CN,27,NON,221,59,0.0,27.0,221,,,,Fabrics all Fields,,,,,
RFV00127,1000,"PET, HMLS NAA, 1100/1/2, 12.0/12.0, 27.0",FABR,TC,CX,27,EXT,221,59,0.0,27.0,221,,,,Fabrics all Fields,,,,,
RFV00129,1000,"PET, HMLS NAA, 1100/1/2, 12.0/12.0, 27.0",FABR,TC,CN,27,NON,221,59,0.0,27.0,221,,,,Fabrics all Fields,,,,,
RFV00131,1000,"PET, HMLS NAA, 1100/1/2, 12,0/12,0, 28,0",FABR,TC,CX,28,EXT,221,59,0.0,28.0,221,,,,Fabrics all Fields,,,,,
RFV00132,1500,"PET, HMLS NAA, 1670/1/2, 8.5/8.5, 27.00",FABR,TV,CX,27,EXT,221,59,0.0,27.0,221,,,,Fabrics all Fields,,,,,
RFV00133,1000,"PET, HMLS NAA, 1100/1/2, 12.0/12.0, 27.0",FABR,TC,CX,27,EXT,0,0,0.0,27.0,0,,,,Fabrics all Fields,,,,,
RFV00135,2000,"PET, HMLS NAA, 2200/1/2, 8.5/8.5, 26.00",FABR,TM,CN,26,NON,221,59,0.0,26.0,221,,,,Fabrics all Fields,,,,,
RFV00136,1000,"PET, HMLS NAA, 1100/1/2, 12.0/12.0, 27.0",FABR,TC,CN,27,NON,221,59,0.0,27.0,221,,,,Fabrics all Fields,,,,,
RFV00137,1000,"PET, HMLS NAA, 1100/1/2, 12.0/12.0, 27.0",FABR,TC,CN,27,NON,221,59,0.0,27.0,221,,,,Fabrics all Fields,,,,,
RFV00138,1000,"PET, HMLS NAA, 1100/1/2, 12.0/12.0, 27.0",FABR,TC,CN,27,NON,221,59,0.0,27.0,221,,,,Fabrics all Fields,,,,,
RFV00139,2000,"PET, HMLS NAA, 2200/1/2, 8.5/8.5, 26.00",FABR,TM,CX,26,EXT,221,59,0.0,26.0,221,,,,Fabrics all Fields,,,,,
RFV00141,1500,"PET, HMLS NAA, 1670/1/2, 8,5/8,5, 27,00",FABR,TV,CN,27,NON,221,59,0.0,27.0,221,,,,Fabrics all Fields,,,,,
RFV00142,1300,"PET, HMLS NAA, 1440/1/3, 8.0/8.0, 27.00",FABR,TK,HB,27,NON,221,59,0.0,27.0,221,,,,Fabrics all Fields,,,,,
RFV00143,1000,"PET, HMLS NAA, 1100/1/2, 12.0/12.0, 27.0",FABR,TC,CN,27,NON,221,59,0.0,27.0,221,,,,Fabrics all Fields,,,,,
RFV00144,1500,"PET, HMLS NAA, 1670/1/2, 8.5/8.5, 27.00",FABR,TV,CN,27,NON,221,59,0.0,27.0,221,,,,Fabrics all Fields,,,,,
RFV00146,2000,"PET, HMLS NAA, 2200/1/2, 8,5/8,5, 26,00",FABR,TM,CX,26,EXT,221,59,0.0,26.0,221,,,,Fabrics all Fields,,,,,
RFV00147,2000,"PET, HMLS NAA, 2200/1/2, 8,5/8,5, 26,00",FABR,TM,CX,26,EXT,221,59,0.0,26.0,221,,,,Fabrics all Fields,,,,,
RFV00148,2000,"PET, HMLS NAA, 2200/1/2, 8,5/8,5, 26,00",FABR,TM,CN,26,NON,221,59,0.0,26.0,221,,,,Fabrics all Fields,,,,,
RFV00149,1500,"PET, HMLS NAA, 1670/1/2, 8,5/8,5, 27,00",FABR,TV,CN,27,NON,221,59,0.0,27.0,221,,,,Fabrics all Fields,,,,,
RFV00150,2000,"PET, HMLS NAA, 2200/1/2, 8.5/8.5, 26.00",FABR,TM,HF,26,EXT,221,59,0.0,26.0,221,,,,Fabrics all Fields,,,,,
RFV00151,1000,"PET, HMLS NAA, 1100/1/2, 12,0/12,0, 27,0",FABR,TC,CN,27,NON,221,59,0.0,27.0,221,,,,Fabrics all Fields,,,,,
RFV00152,1300,"PET, HMLS NAA, 1440/1/2, 9,0/9,0, 32,00",FABR,TU,A1,32,EXT,221,59,0.0,32.0,221,,,,Fabrics all Fields,,,,,
RFV00153,1300,"PET, HMLS NAA, 1440/1/2, 9,0/9,0, 32,00",FABR,TU,A1,32,EXT,221,59,0.0,32.0,221,,,,Fabrics all Fields,,,,,
RFV00154,1500,"PET, HMLS NAA, 1670/1/2, 8.5/8.5, 27.00",FABR,TV,CX,27,EXT,221,59,0.0,27.0,221,,,,Fabrics all Fields,,,,,
RFV00156,1000,"PET, HMLS NAA, 1100/1/2, 12.0/12.0, 27.0",FABR,TC,CX,27,EXT,221,59,0.0,27.0,221,,,,Fabrics all Fields,,,,,
RFV00157,1300,"PET, HMLS NAA, 1440/1/2, 9.0/9.0, 32.00",FABR,TU,CX,32,EXT,221,59,0.0,32.0,221,,,,Fabrics all Fields,,,,,
RFV00158,1500,"PET, HMLS NAA, 1670/1/2, 8.5/8.5, 27.00",FABR,TV,CN,27,NON,221,59,0.0,27.0,221,,,,Fabrics all Fields,,,,,
RFV00159,1500,"PET, HMLS NAA, 1670/1/2, 8,5/8,5, 27,00",FABR,TV,CN,27,NON,221,59,0.0,27.0,221,,,,Fabrics all Fields,,,,,
RFV00160,1500,"PET, HMLS NAA, 1670/1/2, 8.5/8.5, 27.00",FABR,TV,CN,27,NON,221,59,0.0,27.0,221,,,,Fabrics all Fields,,,,,
RFV00162,1000,"PET, HMLS NAA, 1100/1/2, 12.0/12.0, 27.0",FABR,TC,CX,27,EXT,221,59,0.0,27.0,221,,,,Fabrics all Fields,,,,,
RFV00163,1500,"PET, HMLS NAA, 1670/1/2, 8.5/8.5, 27.00",FABR,TV,CN,27,NON,221,59,0.0,27.0,221,,,,Fabrics all Fields,,,,,
RFV00164,1500,"PET, HMLS NAA, 1670/1/2, 8.5/8.5, 27.00",FABR,TV,CX,27,EXT,221,59,0.0,27.0,221,,,,Fabrics all Fields,,,,,
RFV00165,2000,"PET, HMLS NAA, 2200/1/2, 8,5/8,5, 26,00",FABR,TM,CN,26,NON,221,59,0.0,26.0,221,,,,Fabrics all Fields,,,,,
RFV00166,1500,"PET, HMLS NAA, 1670/1/2, 8,5/8,5, 27,00",FABR,TV,CN,27,NON,221,59,0.0,27.0,221,,,,Fabrics all Fields,,,,,
RFV001HB,1300,1300/3 0.030 27 EPI HMLS POLYST'R FABRIC,FABR,,,,,0,0,64.0,26.5,0,,,,Fabrics all Fields,,,,,
RFV005HA,1000,1000/2 0.022 30 EPI HM POLYESTER FABRIC,FABR,,,,,0,0,64.0,30.0,0,,,,Fabrics all Fields,,,,,
RFV011HP,1500,1500/2 0.026 30 EPI HM POLYESTER FABRIC,FABR,,,,,0,0,65.0,30.0,0,,,,Fabrics all Fields,,,,,
RFV012HP,1500,1500/2 0.026 30 EPI HM POLYESTER FABRIC,FABR,,,,,0,0,65.0,30.0,0,,,,Fabrics all Fields,,,,,
RFV014HP,1500,1500/2 0.026 30EPI HMLS POLYESTER FABRIC,FABR,,,,,0,0,65.0,30.0,0,,,,Fabrics all Fields,,,,,
RFV01LC16QA,840,840/2 0.022 16 EPI NYLON 6 FABRIC,FABR,,,,,0,0,62.0,16.0,0,,,,Fabrics all Fields,,,,,
RFV01LC33JA,840,840/2 0.022 33 EPI NYLON 6 FABRIC,FABR,,,,,0,0,62.0,33.0,0,,,,Fabrics all Fields,,,,,
RFV022HA,1000,1000/2 0.022 30 EPI HM POLYESTER FABRIC,FABR,,,,,0,0,64.0,30.0,0,,,,Fabrics all Fields,,,,,
RFV024HB,1500,1500/2 0.026 28 EPI HM POLYESTER FABRIC,FABR,,,,,0,0,65.0,28.0,0,,,,Fabrics all Fields,,,,,
RFV026HB,1000,1000/3 0.026 28 EPI HM POLYESTER FABRIC,FABR,,,,,0,0,64.75,28.0,0,,,,Fabrics all Fields,,,,,
RFV027HP,1500,1500/2 0.026 30 EPI HM POLYESTER FABRIC,FABR,,,,,0,0,65.0,30.0,0,,,,Fabrics all Fields,,,,,
RFV028SA,1500,1500/2 0.026 28 EPI HM POLYESTER FABRIC,FABR,,,,,0,0,61.5,28.0,0,,,,Fabrics all Fields,,,,,
RFV036HP,1500,1500/2 0.026 28 EPI HM POLYESTER FABRIC,FABR,,,,,0,0,65.0,28.0,0,,,,Fabrics all Fields,,,,,
RFV043HP,1500,1500/2 0.026 30 EPI HM POLYESTER FABRIC,FABR,,,,,0,0,65.0,30.0,0,,,,Fabrics all Fields,,,,,
RFV045HA,1000,1000/2 0.022 30 EPI HM POLYESTER FABRIC,FABR,,,,,0,0,64.0,30.0,0,,,,Fabrics all Fields,,,,,
RFV047HA,1000,1000/2 0.022 30 EPI HM POLYESTER FABRIC,FABR,,,,,0,0,64.0,30.0,0,,,,Fabrics all Fields,,,,,
RFV048SA,1500,FABR 1500/2 28EPI 10X10 TWIST AA PET,FABR,,,,,0,0,65.0,28.0,0,,,,Fabrics all Fields,,,,,
RFV05140,1000,1000/2 0.022 30EPI HMLS PET NEW ADH,FABR,,,,,0,0,64.0,30.0,0,,,,Fabrics all Fields,,,,,
RFV051HA,1000,1000/2 0.022 30 EPI HM POLYESTER FABRIC,FABR,,,,,0,0,64.0,30.0,0,,,,Fabrics all Fields,,,,,
RFV052HP,1500,1500/2 0.026 28 EPI HM POLYESTER FABRIC,FABR,,,,,0,0,65.0,28.0,0,,,,Fabrics all Fields,,,,,
RFV053P,1500,1500/2 0.026 28 EPI HM POLYESTER FABRIC,FABR,,,,,0,0,65.0,28.0,0,,,,Fabrics all Fields,,,,,
RFV05466,1500,1500/2 0.026 28 EPI HM POLYESTER FABRIC,FABR,,,,,0,0,63.0,28.0,0,,,,Fabrics all Fields,,,,,
RFV055HP,1500,1500/2 0.026 30 EPI HM POLYESTER FABRIC,FABR,,,,,0,0,65.0,30.0,0,,,,Fabrics all Fields,,,,,
RFV056HP,1500,1500/2 0.026 30 EPI HM POLYESTER FABRIC,FABR,,,,,0,0,65.0,30.0,0,,,,Fabrics all Fields,,,,,
RFV057HP,1500,1500/2 0.026 30 EPI HM POLYESTER FABRIC,FABR,,,,,0,0,65.0,30.0,0,,,,Fabrics all Fields,,,,,
RFV060HA,1000,1000/2 0.022 30 EPI HM POLYESTER FABRIC,FABR,,,,,0,0,64.0,30.0,0,,,,Fabrics all Fields,,,,,
RFV061HT,1000,1000/3 0.026 28 EPI HM POLYESTER FABRIC,FABR,,,,,0,0,64.75,28.0,0,,,,Fabrics all Fields,,,,,
RFV062HA,1000,PET  1000/2 30EPI POLYESTER FABRIC,FABR,,,,,0,0,64.0,30.0,0,,,,Fabrics all Fields,,,,,
RFV063HB,1000,     1000/3 POLYESTER FABRIC AT 28EPI,FABR,,,,,0,0,64.75,28.0,0,,,,Fabrics all Fields,,,,,
RFV081SA,1000,1000/1/2 11.5X11.5 HMLS PET 30EPI,FABR,,,,,0,0,64.0,30.0,0,,,,Fabrics all Fields,,,,,
RFV085HB,1300,1300/2/2 5X6 TPI 0.036 18EPI HMLS PET,FABR,,,,,0,0,62.0,18.0,0,,,,Fabrics all Fields,,,,,
RFV086HB,1300,1300/1/3 HMLS PET 27EPI RAYON FILL CORD,FABR,,,,,0,0,64.0,27.0,0,,,,Fabrics all Fields,,,,,
RFV09010,1000,1000/1/2 HMLS PET 33 EPI 57IN WIDTH,FABR,,,,,0,0,62.0,33.0,0,,,,Fabrics all Fields,,,,,
RFV09509,1000,1000/2 12X12 28EPI HMLS 0.022 GAUGE,FABR,,,,,0,0,64.0,28.0,0,,,,Fabrics all Fields,,,,,
RFV095HA,1000,1000/2 0.022 28 EPI HMLS,FABR,,,,,0,0,64.0,28.0,0,,,,Fabrics all Fields,,,,,
RFV09610,1950,1950/2 0.031 27 EPI HMLS POLYESTER,FABR,,,,,0,0,64.0,27.0,0,,,,Fabrics all Fields,,,,,
RFV097HA,1000,1000/2 0.021 28EPI HMLS PET 1652 ENDS,FABR,,,,,0,0,64.0,28.0,0,,,,Fabrics all Fields,,,,,
RFV0C5HA,1000,1000/2 0.022 30 EPI HM POLYESTER FABRIC,FABR,,,,,0,0,64.0,30.0,0,,,,Fabrics all Fields,,,,,
RFV10213,1000,1000/1/2 HMLS PET 36EPI 55.5 WIDTH,FABR,,,,,0,0,60.5,36.0,0,,,,Fabrics all Fields,,,,,
RFV104HF,1500,1500/2 0.026 28EPI HMLS PET EXT FILL,FABR,,,,,0,0,62.0,28.0,0,,,,Fabrics all Fields,,,,,
RFV105HA,1000,1000/1/2 0.022 GA 30EPI HMLS FILL CORD,FABR,,,,,0,0,64.0,30.0,0,,,,Fabrics all Fields,,,,,
RFV106VA,1000,1000/1/2 11.5X11.5 LOW AA-PET 30EPI UTI,FABR,,,,,0,0,64.0,30.0,0,,,,Fabrics all Fields,,,,,
RFV107HP,1500,1500/2 0.026 HMLS PET POLYCOTTON FILL,FABR,,,,,0,0,64.0,28.0,0,,,,Fabrics all Fields,,,,,
RFV11008,1500,1500/2 0.026 28 EPI HMLS PET 1.25 PPI,FABR,,,,,0,0,65.0,28.0,0,,,,Fabrics all Fields,,,,,
RFV11122,1000,UTICA 1000/2 11.5X11.5 28EPI AA-PET,FABR,,,,,0,0,62.0,28.0,0,,,,Fabrics all Fields,,,,,
RFV11224,1000,1000/1/2 HMLS PET 35EPI 57WIDE,FABR,,,,,0,0,62.0,35.0,0,,,,Fabrics all Fields,,,,,
RFV113HP,1500,1500/2 0.026 28EPI HMLS PET HYOSUNG,FABR,,,,,0,0,65.0,28.0,0,,,,Fabrics all Fields,,,,,
RFV115VF,1000,UTICA 1000/2 11.5X11.5 AA-PET EXT FILL,FABR,,,,,0,0,61.0,28.0,0,,,,Fabrics all Fields,,,,,
RFV117HA,1000,1000/2 0.022  28EPI 59 WIDE EXT FILL,FABR,,,,,0,0,64.0,28.0,0,,,,Fabrics all Fields,,,,,
RFV118HP,1500,1500/2 0.026 28EPI HMLS PET FABRIC,FABR,,,,,0,0,65.0,28.0,0,,,,Fabrics all Fields,,,,,
RFV119HP,1500,1500/2 0.026 28EPI HMLS PET EXTENSIBLE,FABR,,,,,0,0,65.0,28.0,0,,,,Fabrics all Fields,,,,,
RFV120HA,1000,1000/1/2 0.022 28EPI HMLS PET 59 WIDE,FABR,,,,,0,0,64.0,28.0,0,,,,Fabrics all Fields,,,,,
RFV12131,1300,1300/2/2 0.036 18EPI HMLS PET 59 WIDE,FABR,,,,,0,0,64.0,18.0,0,,,,Fabrics all Fields,,,,,
RFV12435,1000,UTICA 1000/2 28EPI AA PET IN-LINE DIP,FABR,,,,,0,0,61.0,28.0,0,,,,Fabrics all Fields,,,,,
RFV126SA,1000,1000/2 0.022 28EPI HMLS OVERLAY ARTEVIA,FABR,,,,,0,0,64.0,28.0,0,,,,Fabrics all Fields,,,,,
RFV12737,2000,2000/2 0.031 20EPI 57WIDE HMLS PET,FABR,,,,,0,0,62.0,20.0,0,,,,Fabrics all Fields,,,,,
RFV12838,2000,2000/2 0.031 26EPI 57WIDE HMLS PET,FABR,,,,,0,0,62.0,26.0,0,,,,Fabrics all Fields,,,,,
RFV129VA,1000,1000/1/2 11.5X11.5 AA-PET UTICA PC FILL,FABR,,,,,0,0,64.0,28.0,0,,,,Fabrics all Fields,,,,,
RFV13241,1000,1000/1/2 11.5X11.5 AA PET 35EPI UTICA,FABR,,,,,0,0,64.0,35.0,0,,,,Fabrics all Fields,,,,,
RFV133PF,1500,1500/1/2 0.026 28EPI 57WIDE AA-PET HMLS,FABR,,,,,0,0,63.0,28.0,0,,,,Fabrics all Fields,,,,,
RFV13443,1300,UTICA 1300/3 8.5X8.5 24 EPI AA-PET EXT,FABR,,,,,0,0,60.0,24.0,0,,,,Fabrics all Fields,,,,,
RFV13544,1000,1000/1/2 HMLS PET 35EPI 59IN WIDE,FABR,,,,,0,0,64.0,35.0,0,,,,Fabrics all Fields,,,,,
RFV137HB,2000,2000/2 0.031 27EPI 59WIDE HMLS PET,FABR,,,,,0,0,64.0,27.0,0,,,,Fabrics all Fields,,,,,
RFV138VA,1000,1000/1/2 11.5X11.5 AA-PET 28EPI UTICA,FABR,,,,,0,0,64.0,28.0,0,,,,Fabrics all Fields,,,,,
RFV139VA,1000,1000/1/2 11.5X11.5 AA-PET 28EPI UTICA,FABR,,,,,0,0,64.0,28.0,0,,,,Fabrics all Fields,,,,,
RFV140HP,1500,1500/2 0.026 28EPI HMLSPET HYOSUNG YARN,FABR,,,,,0,0,65.0,28.0,0,,,,Fabrics all Fields,,,,,
RFV141HP,1500,1500/2 0.026 28EPI HMLSPET HYOSUNG YARN,FABR,,,,,0,0,65.0,28.0,0,,,,Fabrics all Fields,,,,,
RFV142HA,1000,1000/1/2 0.022 28EPI 59 WIDE HMLS PET,FABR,,,,,0,0,64.0,28.0,0,,,,Fabrics all Fields,,,,,
RFV143HA,1000,1000/2 0.021 28EPI 59WIDE 10X10 HMLSPET,FABR,,,,,0,0,64.0,28.0,0,,,,Fabrics all Fields,,,,,
RFV144PF,1000,1000/1/2 0.022 28EPI 59 WIDE AA HMLS PET,FABR,,,,,0,0,64.0,28.0,0,,,,Fabrics all Fields,,,,,
RFV145PF,1500,1500/2 0.026 28EPI AA HMLS PET FABRIC,FABR,,,,,0,0,64.0,28.0,0,,,,Fabrics all Fields,,,,,
RFV146HB,2000,2000/2 0.031  27EPI 59WIDE HMLS PET,FABR,,,,,0,0,64.0,27.0,0,,,,Fabrics all Fields,,,,,
RFV147HP,1500,1500/2 0.026 28EPI HMLSPET HYOSUNG WOVEN,FABR,,,,,0,0,65.0,28.0,0,,,,Fabrics all Fields,,,,,
RFV148HP,1500,1500/2 0.026 28EPI HMLSPET HYOSUNG YARN,FABR,,,,,0,0,65.0,28.0,0,,,,Fabrics all Fields,,,,,
RFV15150,1000,1000/1/2 0.022 28EPI 59 WIDE HMLS PET,FABR,,,,,0,0,64.0,28.0,0,,,,Fabrics all Fields,,,,,
RFV15251,1500,1500/2 0.026 28EPI HMLS POLYESTER FABRI,FABR,,,,,0,0,65.0,28.0,0,,,,Fabrics all Fields,,,,,
RFV153PF,1500,"1500/2 0.026 28EPI 57"" AA HMLS PET EXT",FABR,,,,,0,0,63.0,28.0,0,,,,Fabrics all Fields,,,,,
RFV155VA,1000,1000/1/2 11.5X11.5 AA-PET 28EPI UTICA,FABR,,,,,0,0,64.0,28.0,0,,,,Fabrics all Fields,,,,,
RFV157HF,1000,1000/1/2 0.022 28 EPI 57 WIDE HMLS PET,FABR,,,,,0,0,62.0,28.0,0,,,,Fabrics all Fields,,,,,
RFV158HF,1500,1500/2 0.026 28EPI 57 WIDE HMLS PET EXT,FABR,,,,,0,0,63.0,28.0,0,,,,Fabrics all Fields,,,,,
RFV159HA,1000,1000/1/2 0.022 28EPI 59 WIDE HMLS PET,FABR,,,,,0,0,64.0,28.0,0,,,,Fabrics all Fields,,,,,
RFV160VA,1000,1000/1/2 11.5X11.5 AA PET 35EPI UTICA,FABR,,,,,0,0,64.0,35.0,0,,,,Fabrics all Fields,,,,,
RFV162HP,1500,1500/2 0.026 28EPI HMLS POLYESTER FABRI,FABR,,,,,0,0,65.0,28.0,0,,,,Fabrics all Fields,,,,,
RFV16357,1500,1500/2 0.026 28EPI AA HMLS POLYESTER FAB,FABR,,,,,0,0,64.0,28.0,0,,,,Fabrics all Fields,,,,,
RFV16458,1300,1300/2/2 0.036 18EPI HMLS PET 1 WIDE,FABR,,,,,0,0,1.0,18.0,0,,,,Fabrics all Fields,,,,,
RFV165HA,1000,1000/1/2 0.022 28EPI 59 WIDE HMLS PET,FABR,,,,,0,0,64.0,28.0,0,,,,Fabrics all Fields,,,,,
RFV166HB,2000,2000/2 0.031  27EPI 59WIDE HMLS PET,FABR,,,,,0,0,64.0,27.0,0,,,,Fabrics all Fields,,,,,
RFV168PF,1500,"1500/2 0.026 28EPI 57"" AA HMLS PET EXT",FABR,,,,,0,0,63.0,28.0,0,,,,Fabrics all Fields,,,,,
RFV169PF,1000,1000/1/3 0.026 28EPI 57WIDE AA PET HMLS,FABR,,,,,0,0,62.0,30.0,0,,,,Fabrics all Fields,,,,,
RFV510HB,1000,1000/3 0.025 28 EPI POLYESTER FABRIC,FABR,,,,,0,0,62.0,28.0,0,,,,Fabrics all Fields,,,,,
RFV58676,1000,1000/3 0.025 28 EPI POLYESTER FABRIC,FABR,,,,,0,0,62.0,28.0,0,,,,Fabrics all Fields,,,,,
RFV621HB,1000,1000/3 0.025 28 EPI POLYESTER FABRIC,FABR,,,,,0,0,62.0,28.0,0,,,,Fabrics all Fields,,,,,
RFV645HV,1300,1300/3 0.030 26 EPI POLYESTER FABRIC,FABR,,,,,0,0,62.0,26.5,0,,,,Fabrics all Fields,,,,,
RFV646HV,1500,1500/3 0.032 25 EPI POLYESTER FABRIC,FABR,,,,,0,0,62.0,25.0,0,,,,Fabrics all Fields,,,,,
RFV647HB,1300,1300/2 0.025 32 EPI POLYESTER FABRIC,FABR,,,,,0,0,62.0,32.0,0,,,,Fabrics all Fields,,,,,
RFV648HV,1300,1300/3 0.030 26 EPI POLYESTER FABRIC,FABR,,,,,0,0,62.0,26.5,0,,,,Fabrics all Fields,,,,,
RFV64994,1300,1300/3 0.030 26 EPI POLYESTER FABRIC,FABR,,,,,0,0,62.0,26.5,0,,,,Fabrics all Fields,,,,,
RFV665HB,1000,1000/3 0.025 28EPI HMLS POLYST'R FABRIC,FABR,,,,,0,0,62.0,28.0,0,,,,Fabrics all Fields,,,,,
RFV712HC,1300,1300/3 0.030 26EPI HMLS POLYST'R FABRIC,FABR,,,,,0,0,62.0,26.5,0,,,,Fabrics all Fields,,,,,
RFV787HA,4000,4000/3 0.056 13 EPI POLYESTER FABRIC,FABR,,,,,0,0,62.0,13.0,0,,,,Fabrics all Fields,,,,,
RFV789HA,2000,2000/2 0.031 23 EPI POLYESTER FABRIC,FABR,,,,,0,0,62.0,23.0,0,,,,Fabrics all Fields,,,,,
RFV792HB,1000,1300/3 0.026 26 EPI HMLS POLYST'R FABRIC,FABR,,,,,0,0,62.0,28.0,0,,,,Fabrics all Fields,,,,,
RFV793HA,1000,1000/2 0.022 30 EPI HMLS POLYST'R FABRIC,FABR,,,,,0,0,62.0,30.0,0,,,,Fabrics all Fields,,,,,
RFV818HA,2000,2000/3 0.070 12 EPI HMLS POLYST'R FABRIC,FABR,,,,,0,0,62.0,12.0,0,,,,Fabrics all Fields,,,,,
RFV834HA,2000,2000/2 0.031 23 EPI POLYESTER FABRIC,FABR,,,,,0,0,62.0,23.0,0,,,,Fabrics all Fields,,,,,
RFV837HB,1000,1000/3 0.026 28 EPI POLYESTER FABRIC,FABR,,,,,0,0,62.0,28.0,0,,,,Fabrics all Fields,,,,,
RFV838HB,1000,1000/3 0.026 28 EPI POLYESTER FABRIC,FABR,,,,,0,0,62.0,28.0,0,,,,Fabrics all Fields,,,,,
RFV840HB,2000,2000/2 0.031 23 EPI POLYESTER FABRIC,FABR,,,,,0,0,62.0,23.0,0,,,,Fabrics all Fields,,,,,
RFV849HB,2000,2000/2 0.031 21 EPI HMLS POLYST'R FABRIC,FABR,,,,,0,0,62.0,21.0,0,,,,Fabrics all Fields,,,,,
RFV855HB,1300,1300/4 0.036 23 EPI POLYESTER FABRIC,FABR,,,,,0,0,62.0,23.0,0,,,,Fabrics all Fields,,,,,
RFV857HB,1300,1300/4 0.036 18 EPI HMLS POLYST'R FABRIC,FABR,,,,,0,0,62.0,18.0,0,,,,Fabrics all Fields,,,,,
RFV866HA,1000,1000/2 0.022 30 EPI POLYESTER FABRIC,FABR,,,,,0,0,62.0,30.0,0,,,,Fabrics all Fields,,,,,
RFV867HB,1000,1300/3 0.026 28 EPI HMLS POLYST'R FABRIC,FABR,,,,,0,0,62.0,28.0,0,,,,Fabrics all Fields,,,,,
RFV868HB,1300,1300/2 0.025 32 EPI HMLS POLYST'R FABRIC,FABR,,,,,0,0,62.0,32.0,0,,,,Fabrics all Fields,,,,,
RFV870HT,1000,1000/3 0.026 28 EPI POLYESTER FABRIC,FABR,,,,,0,0,62.0,28.0,0,,,,Fabrics all Fields,,,,,
RFV871HT,1300,1300/2 0.025 32 EPI POLYESTER FABRIC,FABR,,,,,0,0,62.0,32.0,0,,,,Fabrics all Fields,,,,,
RFV873HT,1500,1500/2 0.026 28 EPI HMLS POLYST'R FABRIC,FABR,,,,,0,0,62.0,28.0,0,,,,Fabrics all Fields,,,,,
RFV874HB,1000,1000/3 0.026 28 EPI HMLS POLYST'R FABRIC,FABR,,,,,0,0,62.0,28.0,0,,,,Fabrics all Fields,,,,,
RFVC28HA,1000,"1000/1/2 PET FLEXX1 0.022"" 12X12TPI 28E",FABR,,,,,0,0,64.0,28.0,0,,,,Fabrics all Fields,,,,,
RFVC28HAB,1000,"1000/1/2 PET FLEXX1 0.022"" 12X12TPI 28E",FABR,,,,,0,0,62.0,28.0,0,,,,Fabrics all Fields,,,,,
RFVJ28HA,1000,1000/3 0.026 28 EPI POLYESTER FABRIC,FABR,,,,,0,0,62.0,28.0,0,,,,Fabrics all Fields,,,,,
RFVK27HV,1300,1300/3 0.030 27 EPI POLYESTER FABRIC,FABR,,,,,0,0,62.0,26.5,0,,,,Fabrics all Fields,,,,,
RFVX30HA,1000,1000/1 PET BELTECH 5 TPI  30 EPI,FABR,,,,,0,0,64.0,30.0,0,,,,Fabrics all Fields,,,,,
RFXMR440,1260,"1260/2 0.026 30 EPI NYLON UTICA 44"" WIDE",FABR,,,,,0,0,46.0,30.0,0,,,,Fabrics all Fields,,,,,
RFXMR455,1260,"1260/2 0.026 30 EPI NYLON UTICA 45.5"" WI",FABR,,,,,0,0,47.5,30.0,0,,,,Fabrics all Fields,,,,,
RFYAE4ST,2000,"PET, HMLS HT NAA, 2200/1/2, 6,9/6,9, 25,",FABR,YA,ST,E4,EXT,221,59,0.0,25.4,221,,,,Fabrics all Fields,,,,,
RFYD27ST,1500,"PET, HMLS HT NAA, 1670/1/2, 6.9/6.9, 27.",FABR,YD,ST,27,EXT,221,59,0.0,27.0,221,,,,Fabrics all Fields,,,,,
RFYK20VA,1300,UTICA 1300/3 8.5X8.5 20EPI AA-PET RYN,FABR,,,,,0,0,62.5,20.0,0,,,,Fabrics all Fields,,,,,
RFYK26VF,1300,UTICA 1300/3 8.5X8.5 26EPI AA-PET EXT,FABR,,,,,0,0,60.0,26.0,0,,,,Fabrics all Fields,,,,,
RFZA23SA,4600,4600/1 0.031 23 EPI CARBON FIBER FABRIC,FABR,,,,,0,0,55.0,23.0,0,,,,Fabrics all Fields,,,,,
RFZB14SA,7200,"CARBON FIBER, 8000/1, /1,5, 14,00 EPI, S",FABR,ZB,SA,14,NON,295,79,55.0,14.0,295,,,,Fabrics all Fields,,,,,
L505R30007,,"PRECURED COTTON 7"" XX300-7",PMAT,,,0,,0.15,,,0.0,,,,,Fabrics Squarewoven all Fields,,,,,
L505R30008,,"PRECURED COTTON 8"" XX300-8",PMAT,,,0,,0.15,,,0.0,,,,,Fabrics Squarewoven all Fields,,,,,
L505R30009,,"PRECURED COTTON 9"" XX300-9",PMAT,,,0,,0.15,,,0.0,,,,,Fabrics Squarewoven all Fields,,,,,
L505R30010,,"PRECURED COTTON 10"" XX300-10",PMAT,,,0,,0.15,,,0.0,,,,,Fabrics Squarewoven all Fields,,,,,
L505R30011,,"PRECURED COTTON 11"" XX300-11",PMAT,,,0,,0.15,,,0.0,,,,,Fabrics Squarewoven all Fields,,,,,
L508RFABRSQW,,EMPALME DE CARCASA PRUEBA,PMAT,,,0,,0.0,,,0.0,,,,,Fabrics Squarewoven all Fields,,,,,
RF1Y19SE,,BEAD TAPE,FABR,,,0,,0.0,,,0.0,,,,,Fabrics Squarewoven all Fields,,,,,
RF714Z,,SINGLE END DIPPED CORD NGF CARBON FIBER,FABR,,,0,,0.213,,,0.0,,,,,Fabrics Squarewoven all Fields,,,,,
RF94,,12/3 COTTON CORD FROM ROCKY MT. MILL,FABR,,,0,,0.0,,,0.0,,,,,Fabrics Squarewoven all Fields,,,,,
RF9475,,12/3 COTTON CORD FROM ROCKY MT. MILL,FABR,,,0,,0.001,,,0.0,,,,,Fabrics Squarewoven all Fields,,,,,
RF9476,,12/1 COTTON BLEEDER CORD FROM SHUFORD,FABR,,,0,,0.001,,,0.0,,,,,Fabrics Squarewoven all Fields,,,,,
RF9481,,BLEEDER CORD SPUN POLYESTER,FABR,,,0,,0.001,,,0.0,,,,,Fabrics Squarewoven all Fields,,,,,
RF9481B,,BLEEDER CORD SPUN POLYESTER - BLUE DYED,FABR,,,0,,0.001,,,0.0,,,,,Fabrics Squarewoven all Fields,,,,,
RF9841,,BLEEDER CORD SPUN POLYESTER,FABR,,,0,,0.001,,,0.0,,,,,Fabrics Squarewoven all Fields,,,,,
RFAA,,NYLON CHAFER,FABR,,,0,,0.0,,,0.0,,,,,Fabrics Squarewoven all Fields,,,,,
RFB44LB,,"NYLON 6 MONOFILAMENT, 980/1, 67X79",FABR,,,67,,0.0,,,17.0,,LB,,,Fabrics Squarewoven all Fields,,,,,
RFCC,,"COTTON, 1200/1, 134X95, TEXTURED",FABR,,,134,,0.0,,,34.0,,CC,,,Fabrics Squarewoven all Fields,,,,,
RFCK,,1500/3 COTTON SINGLE END BLEEDER CORD,FABR,,,0,,0.336,,,0.0,,,,,Fabrics Squarewoven all Fields,,,,,
RFCL,,1500/2 COTTON SINGLE END BLEEDER CORD,FABR,,,0,,0.03,,,0.0,,,,,Fabrics Squarewoven all Fields,,,,,
RFET0001,,20'S/1 COTTON SINGLE END BLEEDER CORD,FABR,,,0,,0.006,,,0.0,,,,,Fabrics Squarewoven all Fields,,,,,
RFGTC2753,,NYLON CHAFER,FABR,,,0,,0.0,,,14.0,,,,,Fabrics Squarewoven all Fields,,,,,
RFH50NN,,"NYLON 6.6, 940/1, 55X55, TEXTURED",FABR,,,55,,0.0,,,14.0,,NN,,,Fabrics Squarewoven all Fields,,,,,
RFI35CC,,"COTTON, 1200/1, 134X95, TEXTURED",FABR,,,134,,0.0,,,34.0,,CC,,,Fabrics Squarewoven all Fields,,,,,
RFI42LN,,"NYLON 6, 940/1, 55X55",FABR,,,55,,0.0,,,14.0,,LN,,,Fabrics Squarewoven all Fields,,,,,
RFI42LZ,,"NYLON 6, 940/1, 67X67",FABR,,,67,,0.0,,,17.0,,LZ,,,Fabrics Squarewoven all Fields,,,,,
RFI47LN,,"NYLON 6, 940/1, 55X55",FABR,,,55,,0.0,,,14.0,,LN,,,Fabrics Squarewoven all Fields,,,,,
RFI47LZ,,"NYLON 6, 940/1, 67X67",FABR,,,67,,0.0,,,17.0,,LZ,,,Fabrics Squarewoven all Fields,,,,,
RFJ35Z,,SINGLE END DIPPED CORD NGF CARBON FIBER,FABR,,,0,,0.11,,,0.0,,,,,Fabrics Squarewoven all Fields,,,,,
RFJ36Z,,SINGLE END DIPPED CORD NGF CARBON FIBER,FABR,,,0,,0.11,,,0.0,,,,,Fabrics Squarewoven all Fields,,,,,
RFL02N3,,"NYLON 6.6, LUTRABOND 3020",FABR,,,0,,0.0,,,0.0,,N3,,,Fabrics Squarewoven all Fields,,,,,
RFL02NA,,"NYLON 6.6 MONOFILAMENT, 470/1, 96X96",FABR,,,96,,0.0,,,24.4,,NAX,,,Fabrics Squarewoven all Fields,,,,,
RFL02NSX,,"NYLON 6.6, 940/2, 39X39, TEXTURED",FABR,,,39,,0.0,,,9.9,,NSX,,,Fabrics Squarewoven all Fields,,,,,
RFL02NT,,"NYLON 6.6, 78/2, 51X72",FABR,,,51,,0.0,,,13.0,,NT,,,Fabrics Squarewoven all Fields,,,,,
RFL02NV,,"NYLON 6.6, 78/2, 55X43",FABR,,,55,,0.0,,,14.0,,NV,,,Fabrics Squarewoven all Fields,,,,,
RFL02NV1,,"NYLON 6.6, 78/2, 55X43",FABR,,,55,,0.0,,,14.0,,NV,,,Fabrics Squarewoven all Fields,,,,,
RFLA,,NYLON CHAFER - 9 MIL,FABR,,,0,,0.0,,,0.0,,,,,Fabrics Squarewoven all Fields,,,,,
RFLB,,"NYLON 6 MONOFILAMENT, 980/1, 67X79",FABR,,,67,,0.0,,,17.0,,LB,,,Fabrics Squarewoven all Fields,,,,,
RFLK,,BEAD TAPE,FABR,,,0,,0.0,,,0.0,,,,,Fabrics Squarewoven all Fields,,,,,
RFLN,,"NYLON 6, 940/1, 55X55",FABR,,,55,,0.0,,,14.0,,LN,,,Fabrics Squarewoven all Fields,,,,,
RFLN17SE,,NGT NYLON CHAFER,FABR,,,0,,0.0,,,0.0,,,,,Fabrics Squarewoven all Fields,,,,,
RFLZ,,"NYLON 6, 940/1, 67X67",FABR,,,67,,0.0,,,17.0,,LZ,,,Fabrics Squarewoven all Fields,,,,,
RFM305SA,,NYLON CHAFER - 9 MIL,FABR,,,0,,0.0,,,0.0,,,,,Fabrics Squarewoven all Fields,,,,,
RFM337,,SQUARE WOVEN CE (MERGED CORD) 14X14,FABR,,,0,,0.0,,,0.0,,,,,Fabrics Squarewoven all Fields,,,,,
RFM338,,"""TIGHT"" KNIT KES FOR GALAHAD",FABR,,,0,,0.0,,,0.0,,,,,Fabrics Squarewoven all Fields,,,,,
RFM339,,"""LOOSE"" KNIT KES FOR GALAHAD",FABR,,,0,,0.0,,,0.0,,,,,Fabrics Squarewoven all Fields,,,,,
RFN2,,NYLON 66 SQUARE WOVEN BEAD TAPE,FABR,,,0,,0.0,,,0.0,,,,,Fabrics Squarewoven all Fields,,,,,
RFNA,,"NYLON 6.6 MONOFILAMENT, 470/1, 87X87",FABR,,,87,,0.0,,,22.1,,,,,Fabrics Squarewoven all Fields,,,,,
RFNC0002,,LENO-WEAVE READY-TO-USE OVERLAY TAPE,FABR,,,0,,0.0,,,0.0,,,,,Fabrics Squarewoven all Fields,,,,,
RFNC0003,,LENO-WEAVE READY-TO-USE OVERLAY STRIP,FABR,,,0,,0.0,,,0.0,,,,,Fabrics Squarewoven all Fields,,,,,
RFNC0004,,SINGLE END DIPPED CORD ON TUBES,FABR,,,0,,0.06,,,0.0,,,,,Fabrics Squarewoven all Fields,,,,,
RFNC0006,,BEAD TAPE 235/470DTEX NYLON 66 LENO,FABR,,,0,,0.0,,,0.0,,,,,Fabrics Squarewoven all Fields,,,,,
RFNC0007,,KNIT READY-TO-USE OVERLAY STRIP 12X12,FABR,,,0,,0.0,,,0.0,,,,,Fabrics Squarewoven all Fields,,,,,
RFNC0008,,BEAD TAPE 840/1 19X19 EPI TACKY,FABR,,,0,,0.0,,,0.0,,,,,Fabrics Squarewoven all Fields,,,,,
RFNC0009,,NYLON CHAFER,FABR,,,0,,0.0,,,0.0,,,,,Fabrics Squarewoven all Fields,,,,,
RFNC0010,,KNIT READY-TO-USE OVERLAY STRIP 12X12,FABR,,,0,,0.0,,,0.0,,,,,Fabrics Squarewoven all Fields,,,,,
RFNC0011,,KNIT READY-TO-USE OVERLAY STRIP 12X12,FABR,,,0,,0.0,,,0.0,,,,,Fabrics Squarewoven all Fields,,,,,
RFNC0013,,NYLON CHAFER - CALHOUN LATEX,FABR,,,0,,0.0,,,14.0,,,,,Fabrics Squarewoven all Fields,,,,,
RFNC0014,,NYLON CHAFER,FABR,,,0,,0.0,,,14.0,,,,,Fabrics Squarewoven all Fields,,,,,
RFNC0015,,NYLON CHAFER - 9 MIL,FABR,,,0,,0.0,,,24.0,,,,,Fabrics Squarewoven all Fields,,,,,
RFNC0016,,NYLON CHAFER - 9 MIL,FABR,,,0,,0.0,,,24.0,,,,,Fabrics Squarewoven all Fields,,,,,
RFNC0017,,"NYLON 6.6, 940/1, 55X55, TEXTURED",FABR,,,55,,0.0,,,14.0,,NN,,,Fabrics Squarewoven all Fields,,,,,
RFNC0018,,"NYLON 6.6 MONOFILAMENT, 470/1, 87X87",FABR,,,87,,0.0,,,22.1,,,,,Fabrics Squarewoven all Fields,,,,,
RFNC0020,,"NYLON 6.6 MONOFILAMENT, 470/1, 87X87",FABR,,,87,,0.0,,,22.1,,,,,Fabrics Squarewoven all Fields,,,,,
RFNC0021,,"NYLON 6.6 MONOFILAMENT, 470/1, 87X87",FABR,,,87,,0.0,,,22.1,,,,,Fabrics Squarewoven all Fields,,,,,
RFND,,BEAD TAPE,FABR,,,0,,0.0,,,0.0,,,,,Fabrics Squarewoven all Fields,,,,,
RFND160,,BEAD TAPE,FABR,,,0,,0.0,,,19.0,,,,,Fabrics Squarewoven all Fields,,,,,
RFNF,,NYLON CHAFER,FABR,,,0,,0.0,,,0.0,,,,,Fabrics Squarewoven all Fields,,,,,
RFNG,,SINGLE CORD (ON CONES OR TUBES),FABR,,,0,,0.06,,,0.0,,,,,Fabrics Squarewoven all Fields,,,,,
RFNH,,SINGLE END DIPPED CORD ON TUBES,FABR,,,0,,0.06,,,0.0,,,,,Fabrics Squarewoven all Fields,,,,,
RFNK,,"NYLON 6.6, 235/2, 142X70",FABR,,,142,,0.0,,,36.1,,NK,,,Fabrics Squarewoven all Fields,,,,,
RFNK160,,BEAD TAPE,FABR,,,0,,0.0,,,34.0,,,,,Fabrics Squarewoven all Fields,,,,,
RFNN,,"NYLON 6.6, 940/1, 55X55, TEXTURED",FABR,,,55,,0.0,,,14.0,,NN,,,Fabrics Squarewoven all Fields,,,,,
RFNN10,,NYLON CHAFER 10 EPI VERSION OF NN,FABR,,,0,,0.0,,,0.0,,,,,Fabrics Squarewoven all Fields,,,,,
RFNQ,,NYLON CHAFER,FABR,,,0,,0.0,,,0.0,,,,,Fabrics Squarewoven all Fields,,,,,
RFNR,,SINGLE CORD FOR BEAD WRAP,FABR,,,0,,0.038,,,0.0,,,,,Fabrics Squarewoven all Fields,,,,,
RFNR43,,SINGLE CORD FOR AIRTREADS SPIRAL WRAP,FABR,,,0,,0.04,,,0.0,,,,,Fabrics Squarewoven all Fields,,,,,
RFNS,,NYLON CHAFER,FABR,,,0,,0.0,,,0.0,,,,,Fabrics Squarewoven all Fields,,,,,
RFNSX,,"NYLON 6.6, 940/2, 39X39, TEXTURED",FABR,,,39,,0.0,,,9.9,,NSX,,,Fabrics Squarewoven all Fields,,,,,
RFNT,,"NYLON 6.6, 78/2, 51X72",FABR,,,51,,0.0,,,13.0,,NT,,,Fabrics Squarewoven all Fields,,,,,
RFNV,,"NYLON 6.6, 78/2, 55X43",FABR,,,55,,0.0,,,14.0,,NV,,,Fabrics Squarewoven all Fields,,,,,
RFNW,,BEAD TAPE,FABR,,,0,,0.0,,,0.0,,,,,Fabrics Squarewoven all Fields,,,,,
RFNX,,SINGLE CORD FOR AIRTREADS,FABR,,,0,,0.04,,,0.0,,,,,Fabrics Squarewoven all Fields,,,,,
RFNY,,LINER SPLICE BARRIER TAPE NON WOVEN,FABR,,,0,,0.0,,,0.0,,,,,Fabrics Squarewoven all Fields,,,,,
RFU01N2,,NYLON 66 SQUARE WOVEN BEAD TAPE,FABR,,,0,,0.0,,,0.0,,,,,Fabrics Squarewoven all Fields,,,,,
RFU01NK,,"NYLON 6.6, 235/2, 142X70",FABR,,,142,,0.0,,,36.1,,NK,,,Fabrics Squarewoven all Fields,,,,,
RFU01NN,,"NYLON 6.6, 940/1, 55X55, TEXTURED",FABR,,,55,,0.0,,,14.0,,NN,,,Fabrics Squarewoven all Fields,,,,,
RFU02NA,,"NYLON 6.6 MONOFILAMENT, 470/1, 87X87",FABR,,,87,,0.0,,,22.1,,,,,Fabrics Squarewoven all Fields,,,,,
RFU02NV,,"NYLON 6.6, 78/2, 55X43",FABR,,,55,,0.0,,,14.0,,NV,,,Fabrics Squarewoven all Fields,,,,,
RFU46PB,,12/2 POLYESTER BLEEDER CORD - SHUFORD,FABR,,,0,,0.001,,,0.0,,,,,Fabrics Squarewoven all Fields,,,,,
RFU46PC,,14/1 POLYESTER BLEEDER CORD,FABR,,,0,,0.008,,,0.0,,,,,Fabrics Squarewoven all Fields,,,,,
RFU46PCB,,14/1 POLYESTER BLEEDER CORD - BLUE,FABR,,,0,,0.008,,,0.0,,,,,Fabrics Squarewoven all Fields,,,,,
RFZ01NSX,,"NYLON 6.6, 940/2, 39X39, TEXTURED",FABR,,,39,,0.0,,,9.9,,NSX,,,Fabrics Squarewoven all Fields,,,,,
RF1D01WU,,"HYBRID, ARAMID/NYLON 6.6, (1670/1+1670/1",FABR,1D,,,,,,,0,,,,,Single Cord Fabrics all Fields,,,,,
RF1G01CU,,"PET, HMULS NAA, 2200/1/3, 6,0/6,0,  CU",FABR,1G,,,,,,,0,,,,,Single Cord Fabrics all Fields,,,,,
RFAE01FA,,"ARAMID, NAA, 1670/1/3, 6,9/6,9,  FA",FABR,AE,,,,,,,0,,,,,Single Cord Fabrics all Fields,,,,,
RFAE01FH,,"ARAMID, NAA, 1670/1/3, 6,9/6,9,  FH",FABR,AE,,,,,,,0,,,,,Single Cord Fabrics all Fields,,,,,
RFAE01LR,,"ARAMID, NAA, 1670/1/3, 6,9/6,9,  LR",FABR,AE,,,,,,,0,,,,,Single Cord Fabrics all Fields,,,,,
RFAH01SX,,"ARAMID, NAA, 1100/1/2, 14,0/14,0,  SX",FABR,AH,,,,,,,0,,,,,Single Cord Fabrics all Fields,,,,,
RFAR01SNS,,"ARAMID, NAA, 1270/1/3, 7,0/7,0,  SN",FABR,AR,,,,,,,0,,,,,Single Cord Fabrics all Fields,,,,,
RFAR01SNZ,,"ARAMID, NAA, 1270/1/3, 7,0/7,0,  SN",FABR,AR,,,,,,,0,,,,,Single Cord Fabrics all Fields,,,,,
RFAS0001,,1000/2 0.022 30 EPI ARAMID SINGLE END,FABR,,,,,,,,0,,,,,Single Cord Fabrics all Fields,,,,,
RFAS0004,,1500/3 0.031 ARAMID SINGLE-END,FABR,,,,,,,,0,,,,,Single Cord Fabrics all Fields,,,,,
RFAS0005,,1500/3 0.031 ARAMID SINGLE-END,FABR,,,,,,,,0,,,,,Single Cord Fabrics all Fields,,,,,
RFAS0006,,1000/2 ARAMID SED,FABR,,,,,,,,0,,,,,Single Cord Fabrics all Fields,,,,,
RFAS0008,,1500/3 0.033 ARAMID 66 SED CORD,FABR,,,,,,,,0,,,,,Single Cord Fabrics all Fields,,,,,
RFAS0009,,1000/2 ARAMID SED,FABR,,,,,,,,0,,,,,Single Cord Fabrics all Fields,,,,,
RFAS0011,,1500/3 ARAMID SED,FABR,,,,,,,,0,,,,,Single Cord Fabrics all Fields,,,,,
RFAS0013,,1000/2 TEIJIN ARAMID SED,FABR,,,,,,,,0,,,,,Single Cord Fabrics all Fields,,,,,
RFAS0017,,3000/1/3 SED,FABR,,,,,,,,0,,,,,Single Cord Fabrics all Fields,,,,,
RFAT01YF,,1000/2 0.022 30 EPI ARAMID SINGLE END,FABR,,,,,,,,0,,,,,Single Cord Fabrics all Fields,,,,,
RFATXXYF,,1000/2 0.022 SED ARAMID CORD,FABR,,,,,,,,0,,,,,Single Cord Fabrics all Fields,,,,,
RFAW01SN,,"ARAMID, NAA, 1670/1/3, 6,1/6,1,  SN",FABR,AW,,,,,,,0,,,,,Single Cord Fabrics all Fields,,,,,
RFBK01ZV,,"NYLON, N6.6, 2100/1, /3,0,  ZV",FABR,BK,,,,,,,0,,,,,Single Cord Fabrics all Fields,,,,,
RFBN01ZV,,"NYLON, N6.6, 1400/1, /4,6,  ZV",FABR,BN,,,,,,,0,,,,,Single Cord Fabrics all Fields,,,,,
RFBT01ST,,"NYLON, N6.6, 1400/1, /3,8,  ST",FABR,BT,,,,,,,0,,,,,Single Cord Fabrics all Fields,,,,,
RFCB01WU,,"HYBRID, ARAMID/NYLON 6.6, (1100/1+1100/1",FABR,CB,,,,,,,0,,,,,Single Cord Fabrics all Fields,,,,,
RFCE01WA,,MERGE CORD 1000 ARAMID / 1260 NYLON SED,FABR,,,,,,,,0,,,,,Single Cord Fabrics all Fields,,,,,
RFCG01FH,,"HYBRID, ARAMID/NYLON 6.6, (3300/1+3300/1",FABR,CG,,,,,,,0,,,,,Single Cord Fabrics all Fields,,,,,
RFCG01VI,,"HYBRID, ARAMID/NYLON 6.6, (3300/1+3300/1",FABR,CG,,,,,,,0,,,,,Single Cord Fabrics all Fields,,,,,
RFCL01WU,,"HYBRID, ARAMID/NYLON 6.6, (1670/1+1670/1",FABR,CL,,,,,,,0,,,,,Single Cord Fabrics all Fields,,,,,
RFFS0002,,"FIBERGLASS, 10000/1,  SF",FABR,1F,,,,,,,0,,,,,Single Cord Fabrics all Fields,,,,,
RFGTC3605,,"1000/9 0.047 ""STIFF CORD"" PET SED",FABR,,,,,,,,0,,,,,Single Cord Fabrics all Fields,,,,,
RFGTC3698,,1300/2 0.635 POLYESTER HMLS SED,FABR,,,,,,,,0,,,,,Single Cord Fabrics all Fields,,,,,
RFGTC3699,,2000/2 0.787 POLYESTER HMLS SED,FABR,,,,,,,,0,,,,,Single Cord Fabrics all Fields,,,,,
RFGTC3700,,1300/2 0.635 POLYESTER HMLS SED S/Z TWST,FABR,,,,,,,,0,,,,,Single Cord Fabrics all Fields,,,,,
RFGTC3701,,2000/2 0.787 POLYESTER HMLS SED S/Z TWST,FABR,,,,,,,,0,,,,,Single Cord Fabrics all Fields,,,,,
RFHS0001,,MERGE CORD 1000 ARAMID / 1260 NYLON SED,FABR,,,,,,,,0,,,,,Single Cord Fabrics all Fields,,,,,
RFHS0004,,"HYBRID, ARAMID/NYLON 6.6, (3300/1+3300/1",FABR,CG,,,,,,,0,,,,,Single Cord Fabrics all Fields,,,,,
RFHS0005,, 3000/2 ARAMID / 1680/1 NYLON SED,FABR,,,,,,,,0,,,,,Single Cord Fabrics all Fields,,,,,
RFHS0006,, 3000/2 ARAMID / 1680/1 NYLON SED,FABR,,,,,,,,0,,,,,Single Cord Fabrics all Fields,,,,,
RFHS0007,, 3000/2 ARAMID / 1680/1 NYLON SED,FABR,,,,,,,,0,,,,,Single Cord Fabrics all Fields,,,,,
RFHS0008,,1100/2 ARAMID / 940/1 NYLON SED,FABR,,,,,,,,0,,,,,Single Cord Fabrics all Fields,,,,,
RFHS0009,,3000/2 ARAMID / 1680/1 NYLON SED - RICHM,FABR,,,,,,,,0,,,,,Single Cord Fabrics all Fields,,,,,
RFHS0011,,"HYBRID, ARAMID/NYLON 6.6, (3300/1+3300/1",FABR,CG,,,,,,,0,,,,,Single Cord Fabrics all Fields,,,,,
RFHS0012,,"HYBRID, ARAMID/NYLON 6.6, (3300/1+3300/1",FABR,CG,,,,,,,0,,,,,Single Cord Fabrics all Fields,,,,,
RFJM01DH,,"NYLON, N6.6 HT, 2100/1/3, 6,0/6,0,  DH",FABR,JM,,,,,,,0,,,,,Single Cord Fabrics all Fields,,,,,
RFJN01DH,,"NYLON, N6.6 HT, 2100/2/2, 4,0/4,0,  DH",FABR,JN,,,,,,,0,,,,,Single Cord Fabrics all Fields,,,,,
RFNC01DH,,"NYLON, N6.6, 940/1/2, 12,0/12,0,  DH",FABR,NC,,,,,,,0,,,,,Single Cord Fabrics all Fields,,,,,
RFNC01KA,,840/2 0.022 NYLON 66 SED CORD,FABR,,,,,,,,0,,,,,Single Cord Fabrics all Fields,,,,,
RFNC01QA,,840/2 0.022 NYLON 66 SED CORD,FABR,,,,,,,,0,,,,,Single Cord Fabrics all Fields,,,,,
RFNC01QH,,"NYLON, N6.6, 940/1/2, 12,0/12,0,  QH",FABR,NC,,,,,,,0,,,,,Single Cord Fabrics all Fields,,,,,
RFNG01ZV,,"NYLON, N6.6, 1400/1/2, 6,0/6,0,  ZV",FABR,NG,,,,,,,0,,,,,Single Cord Fabrics all Fields,,,,,
RFNS0001,,840/2 0.022 NYLON 66 SED CORD,FABR,,,,,,,,0,,,,,Single Cord Fabrics all Fields,,,,,
RFNS0003,,840/2 0.022 NYLON 66 SED CORD,FABR,,,,,,,,0,,,,,Single Cord Fabrics all Fields,,,,,
RFNS0005,,1890/3 0.040 NYLON 66 SED CORD,FABR,,,,,,,,0,,,,,Single Cord Fabrics all Fields,,,,,
RFNS0006,,840/2 0.022 NYLON 66 SED CORD,FABR,,,,,,,,0,,,,,Single Cord Fabrics all Fields,,,,,
RFNS0008,,1890/3 0.040 NYLON 66 SED CORD,FABR,,,,,,,,0,,,,,Single Cord Fabrics all Fields,,,,,
RFNS0009,,1890/4 0.047 NYLON 66 SED CORD,FABR,,,,,,,,0,,,,,Single Cord Fabrics all Fields,,,,,
RFNS0010,,1890/4 0.047 NYLON 66 SED CORD,FABR,,,,,,,,0,,,,,Single Cord Fabrics all Fields,,,,,
RFNS0011,,1890/4 0.047 NYLON 66 SED CORD,FABR,,,,,,,,0,,,,,Single Cord Fabrics all Fields,,,,,
RFNS0012,,1890/4 0.047 NYLON 66 SED CORD,FABR,,,,,,,,0,,,,,Single Cord Fabrics all Fields,,,,,
RFNS0013,,1890/1/3 0.047 NYLON 66 SED CORD,FABR,,,,,,,,0,,,,,Single Cord Fabrics all Fields,,,,,
RFNS0014,,1890/1/3 0.040 NYLON 66 SED CORD,FABR,,,,,,,,0,,,,,Single Cord Fabrics all Fields,,,,,
RFNS0016,,840/2 0.022 NYLON 66 SED CORD,FABR,,,,,,,,0,,,,,Single Cord Fabrics all Fields,,,,,
RFNS0017,,840/2 0.022 NYLON 66 (T802) SED CORD,FABR,,,,,,,,0,,,,,Single Cord Fabrics all Fields,,,,,
RFNS0018,,2100/1 0.020 NYLON 66 SED CORD,FABR,,,,,,,,0,,,,,Single Cord Fabrics all Fields,,,,,
RFNS0019,,730/3 N66 TWISTED MONOFILAMENT SED,FABR,,,,,,,,0,,,,,Single Cord Fabrics all Fields,,,,,
RFNS0020,,840/2 0.022 NYLON 66 SED CORD,FABR,,,,,,,,0,,,,,Single Cord Fabrics all Fields,,,,,
RFNS0021,,"NYLON, N6.6 HT, 2100/2/2, 4,0/4,0,  DH",FABR,JN,,,,,,,0,,,,,Single Cord Fabrics all Fields,,,,,
RFNS0023,,"NYLON, N6.6, 940/1/2, 12,0/12,0,  QH",FABR,NC,,,,,,,0,,,,,Single Cord Fabrics all Fields,,,,,
RFSF01EU,,"POLYESTER, REGULAR AA, 1100/9, /2,0,  EU",FABR,SF,,,,,,,0,,,,,Single Cord Fabrics all Fields,,,,,
RFTM01CU,,"PET, HMLS NAA, 2200/1/2, 8.5/8.5,  CU",FABR,TM,,,,,,,0,,,,,Single Cord Fabrics all Fields,,,,,
RFTU01CU,,"PET, HMLS NAA, 1440/1/2, 9.0/9.0,  CU",FABR,TU,,,,,,,0,,,,,Single Cord Fabrics all Fields,,,,,
RFVS0002,,1500/2 0.026 POLYESTER HMLS SED,FABR,,,,,,,,0,,,,,Single Cord Fabrics all Fields,,,,,
RFVS0003,,1500/2 0.026 POLYESTER HMLS SED 4300C,FABR,,,,,,,,0,,,,,Single Cord Fabrics all Fields,,,,,
RFVS0004,,1500/2 0.026 POLYESTER HMLS SED,FABR,,,,,,,,0,,,,,Single Cord Fabrics all Fields,,,,,
RFVS0006,,2000/2 0.031 POLYESTER HMLS SED,FABR,,,,,,,,0,,,,,Single Cord Fabrics all Fields,,,,,
RFVS0007,,1300/2 0.025 POLYESTER HMLS SED,FABR,,,,,,,,0,,,,,Single Cord Fabrics all Fields,,,,,
RF9341,,J40 (1X4/0.27HT),,,,,,,,,,,,J40 (1X4/0.27HT),,Wires all Fields,,,,,
RF9351,,3+8X0.21HT,,,,,,,,,,,,3+8X0.21HT,,Wires all Fields,,,,,
RF9393,,3+8X0.21HT+W,,,,,,,,,,,,3+8X0.21HT+W,,Wires all Fields,,,,,
RF9412,,2/7 X 0.37,,,,,,,,,,,,2/7 X 0.37,,Wires all Fields,,,,,
RFAE,,1500/3 ARAMID FOR BEADS (RACE),,,,,,,,,,,,3 X .01,,Wires all Fields,,,,,
RFAH,,0.038 HT BEADWIRE BRONZE PLATED 0.965 MM,,,,,,,,,,,,SOLID,,Wires all Fields,,,,,
RFAR,,0.038 BEADWIRE BRONZE PLATED 0.965 MM,,,,,,,,,,,,SOLID,,Wires all Fields,,,,,
RFAS,,0.038 ST BEADWIRE BRONZE PLATED 0.965 MM,,,,,,,,,,,,SOLID,,Wires all Fields,,,,,
RFBH,,0.051 HT BEADWIRE BRONZE PLATED 1.295 MM,,,,,,,,,,,,SOLID,,Wires all Fields,,,,,
RFBR,,0.051 BEADWIRE BRONZE PLATED 1.295 MM,,,,,,,,,,,,SOLID,,Wires all Fields,,,,,
RFBS01,,BEAD STAPLE ACME PART NUMBER 652281,,,,,,,,,,,,STAPLE,,Wires all Fields,,,,,
RFBS02,,BEAD STAPLE ACME PART NUMBER 652287,,,,,,,,,,,,STAPLE,,Wires all Fields,,,,,
RFBS03,,BEAD STAPLE ACME PART NUMBER 652284,,,,,,,,,,,,STAPLE,,Wires all Fields,,,,,
RFBS04,,BEAD STAPLE ACME PART NUMBER 652285,,,,,,,,,,,,STAPLE,,Wires all Fields,,,,,
RFBS05,,BEAD STAPLE ACME PART NUMBER 652278,,,,,,,,,,,,STAPLE,,Wires all Fields,,,,,
RFBS06,,BEAD STAPLE ACME PART NUMBER 652288,,,,,,,,,,,,STAPLE,,Wires all Fields,,,,,
RFCH,,0.072 HT BEADWIRE BRONZE PLATED 1.83 MM,,,,,,,,,,,,SOLID,,Wires all Fields,,,,,
RFCR,,0.072 BEADWIRE BRONZE PLATED 1.83 MM,,,,,,,,,,,,SOLID,,Wires all Fields,,,,,
RFCRMP,,CRIMP,,,,,,,,,,,,,,Wires all Fields,,,,,
RFDR,,0.080 BEADWIRE BRONZE PLATED 2.03 MM,,,,,,,,,,,,SOLID,,Wires all Fields,,,,,
RFEA,,7X(3+9X.36)+1X.20 HT,,,,,,,,,,,,7X(3+9X.36)+1X.20 HT,EA,Wires all Fields,,,,,
RFEB,,4X6X.265 HE HT,,,,,,,,,,,,4X6X.265 HE HT,EB,Wires all Fields,,,,,
RFEBW032,,0.051 ST BEADWIRE BRONZE PLATED 1.295 MM,,,,,,,,,,,,SOLID,,Wires all Fields,,,,,
RFEBW033,,0.038 ST BEADWIRE BRONZE PLATED 0.965 MM,,,,,,,,,,,,SOLID,,Wires all Fields,,,,,
RFEBWB33,,0.035 HT BEADWIRE BRONZE PLATED 0.890 MM,,,,,,,,,,,,SOLID,,Wires all Fields,,,,,
RFEBWB40,,0.038 ST BEADWIRE BRONZE PLATED 0.965 MM,,,,,,,,,,,,SOLID,,Wires all Fields,,,,,
RFEBWV01,,0.051 BEADWIRE TITANIUM UNPLATED 1.295MM,,,,,,,,,,,,SOLID,,Wires all Fields,,,,,
RFEC,,3X5X.38 HE-SF ST FOR OTR TOP BELT(S),,,,,,,,,,,,3X5X.38 HE-SF-ST,,Wires all Fields,,,,,
RFEE,,5/8/14X.265+1 ST,,,,,,,,,,,,5/8/14X.265+1 ST,EE,Wires all Fields,,,,,
RFEG,,7X(1X.22/18X.20)+1X.15 HT (BUNCHED WM),,,,,,,,,,,,7X<1X.22/18X.20>+1X.15 HT,,Wires all Fields,,,,,
RFEJ,,(19X.22)+6X(1X.22/18X.20)+1 HT,,,,,,,,,,,,(19X.22)+6X(1X.22/18X.20)+1 HT,EJ,Wires all Fields,,,,,
RFEM,,4X2X.34 HE,,,,,,,,,,,,4X2X.34 HE,EM,Wires all Fields,,,,,
RFEP,,7X(3+9+15X.245)+1X.245 HT,,,,,,,,,,,,7X(3+9+15X.245)+1X.245 HT,EP,Wires all Fields,,,,,
RFEQ,,7X(3+9X.245)+1X.20 HIGH TENSILE CABLE WI,,,,,,,,,,,,7X<3+9X.245>+1X.20 HT,,Wires all Fields,,,,,
RFER,,7X(3+9+15X.175)+1X.20 HIGH TENSILE CABLE,,,,,,,,,,,,7X<3+9+15X.175>+1X.20 HT,,Wires all Fields,,,,,
RFES,,(.40+6X.365)+6X(.365+6X.35) ST,,,,,,,,,,,,(.40+6X.365)+6X(.365+6X.35) ST,ES,Wires all Fields,,,,,
RFET,,3X.35+6X.63+6X(.63+6X.57) BELT WIRE,,,,,,,,,,,,3X.35+6X.63+6(.63+6X.57),,Wires all Fields,,,,,
RFEWB220,,1X.20+6X.18 UT LIGHT TRUCK PLY WIRE,,,,,,,,,,,,1X.20+6X.18 UT,,Wires all Fields,,,,,
RFEWB242,,3+9X25+1X.15 HIGH TENSILE WIRE,,,,,,,,,,,,3+9X.25+1X.15 HT,,Wires all Fields,,,,,
RFEWB261,,1X.35 ULTRA TENSILE WIRE,,,,,,,,,,,,1X.25 UT,,Wires all Fields,,,,,
RFEWB274,,4+3X.35 UT RMT BELT WIRE,,,,,,,,,,,,4+3X.35 UT,,Wires all Fields,,,,,
RFEWB310,,     3X.35+6X.63+6(.63+6X.57) BELT WIRE,,,,,,,,,,,,3X.35+6X.63+6(.63+6X.57),,Wires all Fields,,,,,
RFEWB335,,3X.26+6X.48+6X(.48+6X.44) TRACK CORD,,,,,,,,,,,,3X.26+6X.48+6X(.48+6X.44),,Wires all Fields,,,,,
RFEWB354,,3+8X.35 NT,,,,,,,,,,,,3+8X.35 NT,,Wires all Fields,,,,,
RFEWB376,,4+3X.41 ST BELT WIRE,,,,,,,,,,,,4+3X.41 ST,,Wires all Fields,,,,,
RFEWB399,,"""21+6X19 / 7.6 MM"" STEEL CORD",,,,,,,,,,,,21+6X19 / 7.6MM³SEE ADDL TEXTÜ,,Wires all Fields,,,,,
RFEWB413,,3X.365/9X.34 HT HIGH TENSILE BELT WIRE,,,,,,,,,,,,3X.365/9X.34 HT,,Wires all Fields,,,,,
RFEWB451,,1X.21/18X.185 UT RMT PLY WIRE,,,,,,,,,,,,1X.21/18X.185 UT,,Wires all Fields,,,,,
RFEWB461,,1X.55 UT RMT BELT WIRE,,,,,,,,,,,,EWB461,,Wires all Fields,,,,,
RFEWB493,,3+9+15X.275+1 ST,,,,,,,,,,,,3+9+15X.175+1 ST,,Wires all Fields,,,,,
RFEWB562,,4X(.50+6X.44) E HT FOR OTR,,,,,,,,,,,,4X(.50+6X.44) E HT,,Wires all Fields,,,,,
RFEWB615,,.37+6X.33 NT TRACK BELT WIRE,,,,,,,,,,,,.37+6X.33 NT,,Wires all Fields,,,,,
RFEWB623,,4+3X.35 UT RMT BELT WIRE,,,,,,,,,,,,4+3X.35 UT,,Wires all Fields,,,,,
RFEWB625,,4+3X.35 UT RMT BELT WIRE,,,,,,,,,,,,4+3X.35 UT,,Wires all Fields,,,,,
RFEWB635,,3+3X.35 SUPER TENSILE CABLE WIRE,,,,,,,,,,,,3+3X.35 ST,,Wires all Fields,,,,,
RFEWB646,,1X.21/18X.185 UT RMT PLY WIRE,,,,,,,,,,,,1X.21/18X.185 UT,,Wires all Fields,,,,,
RFEWB652,,7X(3+9+15X.20)+1X.20 HIGH TENSILE CABL,,,,,,,,,,,,7X<3+9+15X.20>+1X.20 HT,,Wires all Fields,,,,,
RFEWC498,,3+2X.35 SUPER TENSILE BELT WIRE,,,,,,,,,,,,3+2X.35 SUPER TENSILE,,Wires all Fields,,,,,
RFEWC583,,3+3X.35 SUPER TENSILE BELT WIRE,,,,,,,,,,,,3+3X.35 ST,,Wires all Fields,,,,,
RFEWC601,,3X.30 OPEN HIGH TENSILE CORD,,,,,,,,,,,,3X.30 OPEN HIGH TENSILE,,Wires all Fields,,,,,
RFEWC602,,5X.38 HT 2CF HIGH TENSILE CRIMPED FIL,,,,,,,,,,,,5X.38 HT 2CF,,Wires all Fields,,,,,
RFEWF246,,2+2X0.35 SUPER TENSILE BELT WIRE,,,,,,,,,,,,2+2X.35 SUPER TENSILE,,Wires all Fields,,,,,
RFEWF339,,7X(3+9+15X.245)+1X.245 HIGH TENSILE CABL,,,,,,,,,,,,7X<3+9+15X.245>+1X.245 HT,,Wires all Fields,,,,,
RFEWF414,,2+2X.30 HT CABLE WIRE,,,,,,,,,,,,2+2X.30 HT,,Wires all Fields,,,,,
RFEWF432,,3+2X.35 SUPER TENSILE BELT WIRE,,,,,,,,,,,,3+2X.35 ST,,Wires all Fields,,,,,
RFEWF458,,3+2X.35 ST BELT WIRE,,,,,,,,,,,,3+2X.35 ST,,Wires all Fields,,,,,
RFEWF551,,3X.20+7X.23 NT,,,,,,,,,,,,3X.20+7X.23 NT,,Wires all Fields,,,,,
RFEWF574,,2+2X.35 ST CABLE WIRE,,,,,,,,,,,,2+2X.35 ST,,Wires all Fields,,,,,
RFEWF583,,3+3X.35 SUPER TENSILE BELT WIRE,,,,,,,,,,,,3+3X.35 ST,,Wires all Fields,,,,,
RFEWF624,,7X(3+9+15X.245)+1 HT,,,,,,,,,,,,7X(3+9+15X.245)+1 HT,,Wires all Fields,,,,,
RFEWF653,,4+3X.35 UT RMT BELT WIRE,,,,,,,,,,,,4+3X.35 UT,,Wires all Fields,,,,,
RFEWG366,,(.40+6X.365)+6X(.365+6X.35) ST BELTS,,,,,,,,,,,,(.40+6X.365)+6X(.365+6X.35) ST,,Wires all Fields,,,,,
RFEWG380,,3X.26+6X.48+6X(.48+6X.44) TRACK CORD,,,,,,,,,,,,3X.26+6X.48+6X(.48+6X.44),,Wires all Fields,,,,,
RFEWG391,,3X.265/9X.245 HT BELT WIRE,,,,,,,,,,,,3X.265/9X.245 HT,,Wires all Fields,,,,,
RFEWG393,,3X.20/9X.175+1 HT,,,,,,,,,,,,3X.20/9X175+1 HIGH TENSILE,,Wires all Fields,,,,,
RFEWG395,,3X.20/9X.175+1 UT PLY WIRE,,,,,,,,,,,,3X.20/9X.175+1X.15,,Wires all Fields,,,,,
RFEWG396,,3+2X.35 ST BELT WIRE,,,,,,,,,,,,3+2X.35 ST,,Wires all Fields,,,,,
RFEWG409,,4+3X.35 UT BELT WIRE,,,,,,,,,,,,4+3X.35 UT,,Wires all Fields,,,,,
RFEWG412,,3X.365/9X.34 HT HIGH TENSILE BELT WIRE,,,,,,,,,,,,3X.365/9X.34 HT,,Wires all Fields,,,,,
RFEWG454,,1X.21/18X.185 UT RMT PLY WIRE,,,,,,,,,,,,1X.21/18X.185 UT,,Wires all Fields,,,,,
RFEWG506,,3X.22/9X.20+1X.15 SUPER TENSILE PLYWIRE,,,,,,,,,,,,3X.22/9X.20+1X.15 SUPER TENSIL,,Wires all Fields,,,,,
RFEWJ318,,3X5X.38 HE-SF-ST SPIRAL FIL ST TOP BELT,,,,,,,,,,,,3X5X.38 HE-SF-ST,,Wires all Fields,,,,,
RFEWJ398,,5X.38HT WITH 2 CRIMPED FILAMENTS,,,,,,,,,,,,5X.38 2CF,,Wires all Fields,,,,,
RFEWJ631,,4X2X.34 HI ELONG CABLE WIRE,,,,,,,,,,,,4X2X.34 HE,,Wires all Fields,,,,,
RFEWP648,,4X2X.34 HI ELONG CABLE WIRE,,,,,,,,,,,,4X2X.34 HE,,Wires all Fields,,,,,
RFEWP654,,4+3X.35 UT RMT BELT WIRE,,,,,,,,,,,,4+3X.35 UT,,Wires all Fields,,,,,
RFEWP661,,4+3X.35 UT RMT BELT WIRE,,,,,,,,,,,,4+3X.35 UT,,Wires all Fields,,,,,
RFEWQ473,,2X.295 HT BELT WIRE,,,,,,,,,,,,2X.30 HT,,Wires all Fields,,,,,
RFEWQ483,,2X.30 HIGH TENSILE BELT WIRE,,,,,,,,,,,,2X.30 HIGH TENSILE,,Wires all Fields,,,,,
RFEWQ584,,3X3X.170 NT,,,,,,,,,,,,3X3X.170 NT,,Wires all Fields,,,,,
RFEWQ642,,2X.30 HT CABLE WIRE,,,,,,,,,,,,2X.30 HT,,Wires all Fields,,,,,
RFEWS472,,1X.21/18X.185 UT RMT PLY WIRE,,,,,,,,,,,,1X.21/18X.185 UT,,Wires all Fields,,,,,
RFEWS629,,2X.27 ULTRA TENSILE BELT WIRE,,,,,,,,,,,,2X.27 UT,,Wires all Fields,,,,,
RFEWT405,,4+3X.35 UT WORKING BELT WIRE,,,,,,,,,,,,4+3X.35 UT,,Wires all Fields,,,,,
RFEWX434,,2X.35 WIRE,,,,,,,,,,,,2X.35 MM,,Wires all Fields,,,,,
RFEWX598,,ZEBRA 2+2X.295 HT & 8000/1 CARBON,,,,,,,,,,,,2+2X.295 HT & 8000/1 CARBON 17,,Wires all Fields,,,,,
RFEWY512,,2+2X.35 ST,,,,,,,,,,,,2+2X.35 SUPER TENSILE,,Wires all Fields,,,,,
RFEWY643,,7X(3+9+15X.245)+1 HT,,,,,,,,,,,,7X(3+9+15X.245)+1 HT,,Wires all Fields,,,,,
RFEWZ486,,2X0.30 HT CABLE WIRE,,,,,,,,,,,,2X0.30 HT,,Wires all Fields,,,,,
RFEWZ513,,2+2X.30 HT BELT WIRE,,,,,,,,,,,,2+2X.30 HT,,Wires all Fields,,,,,
RFEWZ651,,2X.30 HT CABLE WIRE,,,,,,,,,,,,2X.30 HT,,Wires all Fields,,,,,
RFEWZ657,,2X.30 HT CABLE WIRE,,,,,,,,,,,,2X.30 HT,,Wires all Fields,,,,,
RFFA,,3X.17+7X.20+1X.15 NORMAL TENSILE,,,,,,,,,,,,3X.17+7X.20+1X.15 NORMAL TEN.,,Wires all Fields,,,,,
RFFB,,3X.20+7X.23 NT,,,,,,,,,,,,3X.20+7X.23 NT,FB,Wires all Fields,,,,,
RFFC,,4+3X.41 ST SUPER TENSILE,,,,,,,,,,,,4+3X.41 ST,,Wires all Fields,,,,,
RFFF,,3X3X.170 NT,,,,,,,,,,,,3X3X.170 NT,FF,Wires all Fields,,,,,
RFFM,,3X.22/9X.20+1X.15 SUPER TENSILE PLY WIR,,,,,,,,,,,,3X.22/9X.20+1X.15 SUPER TENSIL,,Wires all Fields,,,,,
RFFN,,4+3X.35 UT,,,,,,,,,,,,4+3X.35 UT,FN,Wires all Fields,,,,,
RFFP,,1X.21/18X.185 UT,,,,,,,,,,,,1X.21/18X.185 UT,FP,Wires all Fields,,,,,
RFFQ,,3+2X.35 UT,,,,,,,,,,,,3+2X.35 UT,FQ,Wires all Fields,,,,,
RFFR,,3X.21/9X.185 UT,,,,,,,,,,,,3X.21/9X.185 UT,FR,Wires all Fields,,,,,
RFFS,,3X3X.170 NT,,,,,,,,,,,,3X3X.170 NT,FS,Wires all Fields,,,,,
RFG101US,,ASHEBORO RFG101US LOT#7834,,,,,,,,,,,,3+2X.35 ST,,Wires all Fields,,,,,
RFGH,,1.58MM HT,,,,,,,,,,,,1.58MM HT,GH,Wires all Fields,,,,,
RFGL2081,,0.072 HT BEADWIRE BRONZE PLATED 1.83 MM,,,,,,,,,,,,SOLID,,Wires all Fields,,,,,
RFGL3004,,4+3X.35 UT RMT BELT WIRE,,,,,,,,,,,,4+3X.35 UT,,Wires all Fields,,,,,
RFGL3031,,3X.21/9X.185 ULTRA TENSILE CABLE WIRE,,,,,,,,,,,,3X.21/9X.185 UT,,Wires all Fields,,,,,
RFGL3033,,1+5X.10 ULTRA TENSILE CABLE WIRE,,,,,,,,,,,,1+5X.10 UT,,Wires all Fields,,,,,
RFGL3039,,2X.27 ULTRA TENSILE WIRE,,,,,,,,,,,,2X.27 UT,,Wires all Fields,,,,,
RFGL3040,,2+2X.27 ULTRA TENSILE,,,,,,,,,,,,2+2X.27 UT,,Wires all Fields,,,,,
RFGL3047,,3X3X.170 NT,,,,,,,,,,,,3X3X.170 NT,,Wires all Fields,,,,,
RFGL3060,,3X7X.175 HE CABLE WIRE,,,,,,,,,,,,3X7X.175 HE,,Wires all Fields,,,,,
RFGL3207,,2+2X.22 UT,,,,,,,,,,,,2+2X.22 UT,WY,Wires all Fields,,,,,
RFGL3257,,3+2X0.27 MT,,,,,,,,,,,,3+2X0.27 MT,8L,Wires all Fields,,,,,
RFGL3264,,3+2X.35 U.T.,,,,,,,,,,,,3+2X.35 U.T.,8P,Wires all Fields,,,,,
RFGL3265,,1X.20+18X.175 S.T.,,,,,,,,,,,,1X.20+18X.175 S.T.,8O,Wires all Fields,,,,,
RFGL3266,,4+3X.35 U.T.,,,,,,,,,,,,4+3X.35 U.T.,8N,Wires all Fields,,,,,
RFGL3267,,3X.22/9X.20+1 HT,,,,,,,,,,,,3X.22/9X.20+1 HT,8M,Wires all Fields,,,,,
RFGL3271,,4+3X.41 ST,,,,,,,,,,,,4+3X.41 ST,FC,Wires all Fields,,,,,
RFGL3310,,2+2X.22 UT,,,,,,,,,,,,2+2X.22 UT,WY,Wires all Fields,,,,,
RFHA,,3X3X.175 HE HT BELT WIRE,,,,,,,,,,,,3X3X.175 HE HT,,Wires all Fields,,,,,
RFHH,,0.063 HT BEADWIRE BRONZE PLATED 1.60 MM,,,,,,,,,,,,SOLID,,Wires all Fields,,,,,
RFHR,,1.60MM RT,,,,,,,,,,,,1.60MM RT,HR,Wires all Fields,,,,,
RFJH,,0.035 HT BEADWIRE BRONZE PLATED 0.890 MM,,,,,,,,,,,,SOLID,,Wires all Fields,,,,,
RFJR,,0.89MM NT,,,,,,,,,,,,0.89MM NT,JR,Wires all Fields,,,,,
RFLR,,1.55MM NT,,,,,,,,,,,,1.55MM NT,LR,Wires all Fields,,,,,
RFS00001,,3+2X.35 ULTRA TENSILE WIRE CABLE WIRE,,,,,,,,,,,,3+2X.35 UT,,Wires all Fields,,,,,
RFS00015,,3X.21/9X.185 ULTRA TENSILE CABLE WIRE,,,,,,,,,,,,3X.21/9X.185 UT,,Wires all Fields,,,,,
RFS00018,,1X.21/18X.185 UT RMT PLY WIRE,,,,,,,,,,,,1X.21/18X.185 UT,,Wires all Fields,,,,,
RFS00020,,2+2X.35 UT CABLE WIRE,,,,,,,,,,,,2+2X.35 UT,,Wires all Fields,,,,,
RFS00021,,2+2X.35 ST CABLE WIRE,,,,,,,,,,,,2+2X.35 ST,,Wires all Fields,,,,,
RFS00024,,4+3X.35 UT RMT BELT WIRE,,,,,,,,,,,,4+3X.35 UT,,Wires all Fields,,,,,
RFS00025,,2+2X.35 ST CABLE WIRE,,,,,,,,,,,,2+2X.35 ST,,Wires all Fields,,,,,
RFS00027,,1X.21/18X.185 UT RMT PLY WIRE,,,,,,,,,,,,1X.21/18X.185 UT,,Wires all Fields,,,,,
RFS00029,,3+2X.35 SUPER TENSILE WIRE CABLE WIRE,,,,,,,,,,,,3+2X.35 ST,,Wires all Fields,,,,,
RFS00030,,1X.21/18X.185 UT RMT PLY WIRE,,,,,,,,,,,,1X.21/18X.185 UT,,Wires all Fields,,,,,
RFS00031,,4+3X.35 UT RMT BELT WIRE,,,,,,,,,,,,4+3X.35 UT,,Wires all Fields,,,,,
RFS00033,,3+2X.35 SUPER TENSILE WIRE CABLE WIRE,,,,,,,,,,,,3+2X.35 ST,,Wires all Fields,,,,,
RFS00036,,3+2X.35 ULTRA TENSILE WIRE CABLE WIRE,,,,,,,,,,,,3+2X.35 UT,,Wires all Fields,,,,,
RFS00037,,3X.21/9X.185 ULTRA TENSILE CABLE WIRE,,,,,,,,,,,,3X.21/9X.185 UT,,Wires all Fields,,,,,
RFS00039,,3X.21/9X.185 ULTRA TENSILE CABLE WIRE,,,,,,,,,,,,3X.21/9X.185 UT,,Wires all Fields,,,,,
RFS00040,,2+2X.35 UT CABLE WIRE,,,,,,,,,,,,2+2X.35 UT,,Wires all Fields,,,,,
RFS00041,,1+5X.21 ULTRA TENSILE CABLE WIRE,,,,,,,,,,,,1+5X.21 UT,,Wires all Fields,,,,,
RFS00042,,3X.185/9X.17 ULTRA TENSILE CABLE WIRE,,,,,,,,,,,,3X.185/9X.17 UT,,Wires all Fields,,,,,
RFS00043,,3+2X.35 SUPER TENSILE WIRE CABLE WIRE,,,,,,,,,,,,3+2X.35 ST,,Wires all Fields,,,,,
RFS00044,,1X.20/18X.175 SUPER TENSILE CABLE WIRE,,,,,,,,,,,,1X.20/18X.175 ST,,Wires all Fields,,,,,
RFS00045,,1+5X.21 ULTRA TENSILE CABLE WIRE,,,,,,,,,,,,1+5X.21 UT,,Wires all Fields,,,,,
RFS00046,,3X.185/9X.17 ULTRA TENSILE CABLE WIRE,,,,,,,,,,,,3X.185/9X.17 UT,,Wires all Fields,,,,,
RFS00050,,2+2X.35 ST CABLE WIRE,,,,,,,,,,,,2+2X.35 ST,,Wires all Fields,,,,,
RFS00051,,3X.21/9X.185 ULTRA TENSILE CABLE WIRE,,,,,,,,,,,,3X.21/9X.185 UT,,Wires all Fields,,,,,
RFS00052,,4+3X.35 UT RMT BELT WIRE,,,,,,,,,,,,4+3X.35 UT,,Wires all Fields,,,,,
RFS00053,,3+3X.35 SUPER TENSILE CABLE WIRE,,,,,,,,,,,,3+3X.35 ST,,Wires all Fields,,,,,
RFS00055,,3X.22/9X.20+1X.15 HIGH TENSILE CABLE WIR,,,,,,,,,,,,3X.22/9X.20+1X.15 HT,,Wires all Fields,,,,,
RFS00057,,1X19X.22+6X(1X.22/18X.20)+1X.15 HIGH TEN,,,,,,,,,,,,1X19X.22+6X<1X.22/18X.20>+1 HT,,Wires all Fields,,,,,
RFS00058,,3+2X.35 SUPER TENSILE WIRE CABLE WIRE,,,,,,,,,,,,3+2X.35 ST,,Wires all Fields,,,,,
RFS00059,,3X.365/9X.34 HT,,,,,,,,,,,,3X.365/9X.34 HT,,Wires all Fields,,,,,
RFS00062,,27X.175+1X.15 HIGH TENSILE CABLE WIRE,,,,,,,,,,,,27X.175+1X.15 HT,,Wires all Fields,,,,,
RFS00065,,4+3X.35 UT RMT BELT WIRE,,,,,,,,,,,,4+3X.35 UT,,Wires all Fields,,,,,
RFS00066,,3X.21/9X.185 ULTRA TENSILE CABLE WIRE,,,,,,,,,,,,3X.21/9X.185 UT,,Wires all Fields,,,,,
RFS00067,,1X.21/18X.185 UT RMT PLY WIRE,,,,,,,,,,,,1X.21/18X.185 UT,,Wires all Fields,,,,,
RFS00068,,1X.21/18X.185 UT RMT PLY WIRE,,,,,,,,,,,,1X.21/18X.185 UT,,Wires all Fields,,,,,
RFS00069,,3X.20/9X.175+1X.15 CABLE WIRE,,,,,,,,,,,,3X.20/9X.175+1X.15,,Wires all Fields,,,,,
RFS00070,,3X.265/9X.245+1X.15 HIGH TENSILE CABLE W,,,,,,,,,,,,3X.265/9X.245+1X.15 HT,,Wires all Fields,,,,,
RFS00071,,7X(3+9+15X.245)+1X.245 HIGH TENSILE CABL,,,,,,,,,,,,7X<3+9+15X.245>+1X.245 HT,,Wires all Fields,,,,,
RFS00073,,(.40+6X.365)+6X(.365+6X.35)ST OTR BELTS,,,,,,,,,,,,(.40+6X.365)+6X(.365+6X.35) ST,,Wires all Fields,,,,,
RFS00074,,5X.38 HT 2CF HIGH TENSILE CRIMPED FIL.,,,,,,,,,,,,5X.38 2CF,,Wires all Fields,,,,,
RFS00076,,4+3X.35 UT RMT BELT WIRE,,,,,,,,,,,,4+3X.35 UT,,Wires all Fields,,,,,
RFS00077,,3X.20+7X.23 NORMAL TENSILE PLY,,,,,,,,,,,,3X.20+7X.23 NT,,Wires all Fields,,,,,
RFS00078,,2+2X.35 ST CABLE WIRE,,,,,,,,,,,,2+2X.35 ST,,Wires all Fields,,,,,
RFS00079,,7X(3+9+15X.20)+1X.20 HIGH TENSILE CABL,,,,,,,,,,,,7X(3+9+15X.20)+1X.20 HT,,Wires all Fields,,,,,
RFS00080,,1X19X.22+6X(1X.22/18X.20)+1X.15 HIGH TEN,,,,,,,,,,,,1X19X.22+6X<1X.22/18X.20>+1 HT,,Wires all Fields,,,,,
RFS00083,,(.40+6X.365)+6X(.365+6X.35)ST OTR BELTS,,,,,,,,,,,,(.40+6X.365)+6X(.365+6X.35) ST,,Wires all Fields,,,,,
RFS00084,,3X.20+7X.23 NORMAL TENSILE PLY,,,,,,,,,,,,3X.20+7X.23 NT,,Wires all Fields,,,,,
RFS00085,,5X.38 HT 2CF HIGH TENSILE CRIMPED FIL.,,,,,,,,,,,,5X.38 2CF,,Wires all Fields,,,,,
RFS00089,,3X.21/9X.185 ULTRA TENSILE CABLE WIRE,,,,,,,,,,,,3X.21/9X.185 UT,,Wires all Fields,,,,,
RFS00092,,3+9+15X.22+1X.15 CABLE WIRE,,,,,,,,,,,,3+9+15X.22+1X.15,,Wires all Fields,,,,,
RFS00093,,3+3X.35 SUPER TENSILE CABLE WIRE,,,,,,,,,,,,3+3X.35 ST,,Wires all Fields,,,,,
RFS00094,,4X2X.34 HI ELONG CABLE WIRE,,,,,,,,,,,,4X2X.34 HE,,Wires all Fields,,,,,
RFS00095,,1X.21/18X.185 UT RMT PLY WIRE,,,,,,,,,,,,1X.21/18X.185 UT,,Wires all Fields,,,,,
RFS00096,,2+2X.35 ST CABLE WIRE,,,,,,,,,,,,2+2X.35 ST,,Wires all Fields,,,,,
RFS00097,,3+2X0.35 ST BELT WIRE,,,,,,,,,,,,3+2X0.35 ST,,Wires all Fields,,,,,
RFS00100,,3X.20/9X.175+1X.15 HT,,,,,,,,,,,,3X.20/9X.175+1X.15,,Wires all Fields,,,,,
RFS00101,,2+2X.22 UT,,,,,,,,,,,,2+2X.22 UT,,Wires all Fields,,,,,
RFS00102,,2+2X.35 ST CABLE WIRE,,,,,,,,,,,,2+2X.35 ST,,Wires all Fields,,,,,
RFS00103,,3X.21/9X.185 ULTRA TENSILE CABLE WIRE,,,,,,,,,,,,3X.21/9X.185 UT,,Wires all Fields,,,,,
RFS00104,,3X.21/9X.185 ULTRA TENSILE CABLE WIRE,,,,,,,,,,,,3X.21/9X.185 UT,,Wires all Fields,,,,,
RFS00106,,1X19X.22+6X(1X.22/18X.20)+1X.15 HIGH TEN,,,,,,,,,,,,1X19X.22+6X<1X.22/18X.20>+1 HT,,Wires all Fields,,,,,
RFS00107,,3X.365/9X.34 HT,,,,,,,,,,,,3X.365/9X.34 HT,,Wires all Fields,,,,,
RFS00108,,27X.175+1X.15 HIGH TENSILE CABLE WIRE,,,,,,,,,,,,27X.175+1X.15 HT,,Wires all Fields,,,,,
RFS00109,,2X.30 HT CABLE WIRE,,,,,,,,,,,,2X.30 HT,,Wires all Fields,,,,,
RFS00110,,7X(3+9+15X.245)+1X.245 HIGH TENSILE CABL,,,,,,,,,,,,7X<3+9+15X.245>+1X.245 HT,,Wires all Fields,,,,,
RFS00111,,2+2X.295 HT CABLE WIRE,,,,,,,,,,,,2+2X.295 HT,,Wires all Fields,,,,,
RFS00112,,2+2X.35 ST CABLE WIRE,,,,,,,,,,,,2+2X.35 ST,,Wires all Fields,,,,,
RFS00113,,3+2X.35 SUPER TENSILE WIRE CABLE WIRE,,,,,,,,,,,,3+2X.35 ST,,Wires all Fields,,,,,
RFS00116,,Wire Bead & Creel,,,,,,,,,,,,,UM,Wires all Fields,,,,,
RFS00117,,3X.365/9X.34 HT,,,,,,,,,,,,3X.365/9X.34 HT,,Wires all Fields,,,,,
RFS00118,,2X.30 HT CABLE WIRE,,,,,,,,,,,,2X.30 HT,,Wires all Fields,,,,,
RFS00119,,2+2X.295 HT,,,,,,,,,,,,2+2X.295 HT,UW,Wires all Fields,,,,,
RFS00121,,1X(19X.22)+6X(1X.22/18X.20)+1X.15 HT,,,,,,,,,,,,1X(19X.22)+6X(1X.22/18X.20)+1X,EJ,Wires all Fields,,,,,
RFS00122,,3+9X.25+1X.15 HT,,,,,,,,,,,,3+9X.25+1X.15 HT,UZ,Wires all Fields,,,,,
RFS00123,,4X6X.265 HE HT,,,,,,,,,,,,4X6X.265 HE HT,EB,Wires all Fields,,,,,
RFS00126,,7X(3+9X0.36)+1 HT,,,,,,,,,,,,EA,,Wires all Fields,,,,,
RFS00127,,1X.21/18X.185 UT,,,,,,,,,,,,1X.21/18X.185 UT,FP,Wires all Fields,,,,,
RFS00128,,3X.21/9X.185 UT,,,,,,,,,,,,3X.21/9X.185 UT,FR,Wires all Fields,,,,,
RFS00129,,1X(19X.22)+6X(1X.22/18X.20)+1X.15 HT,,,,,,,,,,,,1X(19X.22)+6X(1X.22/18X.20)+1X,EJ,Wires all Fields,,,,,
RFS00130,,3X.265/9X.245+1X.15 HT,,,,,,,,,,,,3X.265/9X.245+1X.15 HT,UH,Wires all Fields,,,,,
RFS00131,,27X.175+1X.15 HT,,,,,,,,,,,,27X.175+1X.15 HT,UJ,Wires all Fields,,,,,
RFS00132,,3X.365/9X.34 HT,,,,,,,,,,,,3X.365/9X.34 HT,UY,Wires all Fields,,,,,
RFS00133,,(.40+6X.365)+6X(.365+6X.35) ST,,,,,,,,,,,,(.40+6X.365)+6X(.365+6X.35) ST,ES,Wires all Fields,,,,,
RFS00136,,3X.21/9X.185 UT,,,,,,,,,,,,3X.21/9X.185 UT,FR,Wires all Fields,,,,,
RFS00137,,2+2X.35 ST,,,,,,,,,,,,2+2X.35 ST,UK,Wires all Fields,,,,,
RFS00138,,3X.365/9X.34 HT,,,,,,,,,,,,3X.365/9X.34 HT,UY,Wires all Fields,,,,,
RFS00139,,3+2X.35 ST,,,,,,,,,,,,3+2X.35 ST,US,Wires all Fields,,,,,
RFS00140,,1X.21/18X.185 UT,,,,,,,,,,,,1X.21/18X.185 UT,FP,Wires all Fields,,,,,
RFS00141,,3+3X.35 ST,,,,,,,,,,,,3+3X.35 ST,UD,Wires all Fields,,,,,
RFS00142,,4+3X.35 UT,,,,,,,,,,,,4+3X.35 UT,FN,Wires all Fields,,,,,
RFS00143,,2X.295 HT,,,,,,,,,,,,2X.295 HT,WL,Wires all Fields,,,,,
RFS00144,,2+2X.35 ST,,,,,,,,,,,,2+2X.35 ST,UK,Wires all Fields,,,,,
RFS00145,,4+3X.35 UT,,,,,,,,,,,,4+3X.35 UT,FN,Wires all Fields,,,,,
RFS00147,,3X.21/9X.185 UT,,,,,,,,,,,,3X.21/9X.185 UT,FR,Wires all Fields,,,,,
RFS00148,,2X.295 HT,,,,,,,,,,,,2X.295 HT,WL,Wires all Fields,,,,,
RFS00149,,2+2X.295 HT,,,,,,,,,,,,2+2X.295 HT,UW,Wires all Fields,,,,,
RFS00150,,2+2X.35 ST,,,,,,,,,,,,2+2X.35 ST,UK,Wires all Fields,,,,,
RFS00151,,3+2X.35 ST,,,,,,,,,,,,3+2X.35 ST,US,Wires all Fields,,,,,
RFS00152,,4X2X.34 HE,,,,,,,,,,,,4X2X.34 HE,EM,Wires all Fields,,,,,
RFS00153,,1X.21/18X.185 UT,,,,,,,,,,,,1X.21/18X.185 UT,FP,Wires all Fields,,,,,
RFS00154,,4+3X.35 UT,,,,,,,,,,,,4+3X.35 UT,FN,Wires all Fields,,,,,
RFS00155,,3+2X0.27 MT,,,,,,,,,,,,3+2X0.27 MT,8L,Wires all Fields,,,,,
RFS00156,,2+2X.35 ST,,,,,,,,,,,,2+2X.35 ST,UK,Wires all Fields,,,,,
RFS00157,,1X.20/18X.175 ST,,,,,,,,,,,,1X.20/18X.175 ST,UG,Wires all Fields,,,,,
RFS00158,,3X.22/9X.20+1X.15 HT,,,,,,,,,,,,3X.22/9X.20+1X.15 HT,UM,Wires all Fields,,,,,
RFS00159,,2+2X.35 ST,,,,,,,,,,,,2+2X.35 ST,UK,Wires all Fields,,,,,
RFS00160,,2+2X.35 ST,,,,,,,,,,,,2+2X.35 ST,UK,Wires all Fields,,,,,
RFS00161,,2X.295 HT,,,,,,,,,,,,2X.295 HT,WL,Wires all Fields,,,,,
RFS00162,,3X.21/9X.185 UT,,,,,,,,,,,,3X.21/9X.185 UT,FR,Wires all Fields,,,,,
RFS00163,,1X.21/18X.185 UT,,,,,,,,,,,,1X.21/18X.185 UT,FP,Wires all Fields,,,,,
RFS00164,,4+3X.35 UT,,,,,,,,,,,,4+3X.35 UT,FN,Wires all Fields,,,,,
RFS00165,,3X.22/9X.20+1X.15 HT,,,,,,,,,,,,3X.22/9X.20+1X.15 HT,UM,Wires all Fields,,,,,
RFS00166,,2X.30 ST,,,,,,,,,,,,2X.30 ST,XC,Wires all Fields,,,,,
RFS00167,,2+2X.35 ST,,,,,,,,,,,,2+2X.35 ST,UK,Wires all Fields,,,,,
RFS00168,,7X7X.25+1X.15 HT,,,,,,,,,,,,7X7X.25+1X.15 HT,WA,Wires all Fields,,,,,
RFS00169,,2X.295 HT,,,,,,,,,,,,2X.295 HT,WL,Wires all Fields,,,,,
RFS00170,,4+3X.35 UT,,,,,,,,,,,,4+3X.35 UT,FN,Wires all Fields,,,,,
RFUB,,5/8/14X.22+1X.15 CABLE WIRE,,,,,,,,,,,,5/8/14X.22+1X.15,,Wires all Fields,,,,,
RFUC,,3X.365+9X.34+1X.15 HT,,,,,,,,,,,,3X.365+9X.34+1X.15 HT,UC,Wires all Fields,,,,,
RFUD,,3+3X.35 ST,,,,,,,,,,,,3+3X.35 ST,UD,Wires all Fields,,,,,
RFUF,,3X7X.175 HE CABLE WIRE,,,,,,,,,,,,3X7X.175 HE,,Wires all Fields,,,,,
RFUG,,1X.20/18X.175 ST,,,,,,,,,,,,1X.20/18X.175 ST,UG,Wires all Fields,,,,,
RFUH,,3X.265/9X.245+1X.15 HT,,,,,,,,,,,,3X.265/9X.245+1X.15 HT,UH,Wires all Fields,,,,,
RFUJ,,27X.175+1X.15 HT,,,,,,,,,,,,27X.175+1X.15 HT,UJ,Wires all Fields,,,,,
RFUK,,2+2X.35 ST,,,,,,,,,,,,2+2X.35 ST,UK,Wires all Fields,,,,,
RFUM,,3X.22/9X.20+1X.15 HT,,,,,,,,,,,,3X.22/9X.20+1X.15 HT,UM,Wires all Fields,,,,,
RFUN,,3+9+15X.22+1X.15 NT,,,,,,,,,,,,3+9+15X.22+1X.15 NT,UN,Wires all Fields,,,,,
RFUQ,,3X.265/9X.245 HT CABLE WIRE,,,,,,,,,,,,3X.265/9X.245 HT,,Wires all Fields,,,,,
RFUS,,3+2X.35 ST,,,,,,,,,,,,3+2X.35 ST,US,Wires all Fields,,,,,
RFUT,,3+9+15X.175+1X.15 CABLE WIRE,,,,,,,,,,,,3+9+15X.175+1X.15,,Wires all Fields,,,,,
RFUU,,1X.22/18X.20 ST,,,,,,,,,,,,1X.22/18X.20 ST,UU,Wires all Fields,,,,,
RFUV,,27X.22+1X.15 CABLE WIRE,,,,,,,,,,,,27X.22+1X.15,,Wires all Fields,,,,,
RFUW,,2+2X.295 HT,,,,,,,,,,,,2+2X.295 HT,UW,Wires all Fields,,,,,
RFUX,,3X.20/9X.175+1X.15 HT,,,,,,,,,,,,3X.20/9X.175+1X.15 HT,UX,Wires all Fields,,,,,
RFUY,,3X.365/9X.34 HT,,,,,,,,,,,,3X.365/9X.34 HT,UY,Wires all Fields,,,,,
RFUZ,,3+9X.25+1X.15 HT,,,,,,,,,,,,3+9X.25+1X.15 HT,UZ,Wires all Fields,,,,,
RFW00004,,0.063 HT BEADWIRE BRONZE PLATED 1.60 MM,,,,,,,,,,,,SOLID,,Wires all Fields,,,,,
RFW00006,,0.051 BEADWIRE BRONZE PLATED 1.295 MM,,,,,,,,,,,,SOLID,,Wires all Fields,,,,,
RFW00007,,0.072 BEADWIRE BRONZE PLATED 1.83 MM,,,,,,,,,,,,SOLID,,Wires all Fields,,,,,
RFW00008,,0.038 BEADWIRE BRONZE PLATED 0.965 MM,,,,,,,,,,,,SOLID,,Wires all Fields,,,,,
RFW00011,,0.051 HT BEADWIRE BRONZE PLATED 1.295 MM,,,,,,,,,,,,SOLID,,Wires all Fields,,,,,
RFW00012,,0.051 HT BEADWIRE BRONZE PLATED 1.295 MM,,,,,,,,,,,,SOLID,,Wires all Fields,,,,,
RFW00013,,0.051 HT BEADWIRE BRONZE PLATED 1.295 MM,,,,,,,,,,,,SOLID,,Wires all Fields,,,,,
RFW00018,,0.080 BEADWIRE BRONZE PLATED 2.03 MM,,,,,,,,,,,,SOLID,,Wires all Fields,,,,,
RFW00019,,0.072 HT BEADWIRE BRONZE PLATED 1.83 MM,,,,,,,,,,,,SOLID,,Wires all Fields,,,,,
RFW00020,,0.051 HT BEADWIRE BRONZE PLATED 1.295 MM,,,,,,,,,,,,SOLID,,Wires all Fields,,,,,
RFW00021,,0.051 HT BEADWIRE BRONZE PLATED 1.295 MM,,,,,,,,,,,,SOLID,,Wires all Fields,,,,,
RFW00022,,0.035 HT BEADWIRE BRONZE PLATED 0.890 MM,,,,,,,,,,,,SOLID,,Wires all Fields,,,,,
RFW00023,,3.00MM RT BEADWIRE,,,,,,,,,,,,SOLID,,Wires all Fields,,,,,
RFW00024,,0.038 HT BEADWIRE BRONZE PLATED 0.965 MM,,,,,,,,,,,,SOLID,,Wires all Fields,,,,,
RFW00027,,0.035 HT BEADWIRE BRONZE PLATED 0.890 MM,,,,,,,,,,,,SOLID,,Wires all Fields,,,,,
RFW00028,,0.072 HT BEADWIRE BRONZE PLATED 1.83 MM,,,,,,,,,,,,SOLID,,Wires all Fields,,,,,
RFW00029,,0.051 HT BEADWIRE BRONZE PLATED 1.295 MM,,,,,,,,,,,,SOLID,,Wires all Fields,,,,,
RFW00031,,0.051 HT BEADWIRE BRONZE PLATED 1.295 MM,,,,,,,,,,,,SOLID,,Wires all Fields,,,,,
RFW00032,,0.035 HT BEADWIRE BRONZE PLATED 0.890 MM,,,,,,,,,,,,SOLID,,Wires all Fields,,,,,
RFW00033,,1.83MM HT,,,,,,,,,,,,1.83MM HT,CH,Wires all Fields,,,,,
RFW00034,,3.00MM RT,,,,,,,,,,,,3.00MM RT,XR,Wires all Fields,,,,,
RFW00037,,1.83MM HT,,,,,,,,,,,,1.83MM HT,CH,Wires all Fields,,,,,
RFW00038,,1.295MM HT,,,,,,,,,,,,1.295MM HT,BH,Wires all Fields,,,,,
RFW00039,,0.89MM HT,,,,,,,,,,,,0.89MM HT,JH,Wires all Fields,,,,,
RFW00040,,1.295MM HT,,,,,,,,,,,,1.295MM HT,BH,Wires all Fields,,,,,
RFW00041,,0.89MM HT,,,,,,,,,,,,0.89MM HT,JH,Wires all Fields,,,,,
RFW00042,,0.965MM HT,,,,,,,,,,,,0.965MM HT,AH,Wires all Fields,,,,,
RFW00043,,0.965MM HT,,,,,,,,,,,,0.965MM HT,AH,Wires all Fields,,,,,
RFW00044,,1.83MM HT,,,,,,,,,,,,1.83MM HT,CH,Wires all Fields,,,,,
RFWA,,7X7X.25+1 HT,,,,,,,,,,,,7X7X.25+1 HT,WA,Wires all Fields,,,,,
RFWD,,1+5X.185 UT,,,,,,,,,,,,1+5X.185 UT,WD,Wires all Fields,,,,,
RFWH,,3X0.30 HT OC,,,,,,,,,,,,3X0.30 HT OC,WH,Wires all Fields,,,,,
RFWK,,7X7X.22+1X.15 CABLE WIRE,,,,,,,,,,,,7X7X.22+1X.15,,Wires all Fields,,,,,
RFWL,,2X.295 HT,,,,,,,,,,,,2X.295 HT,WL,Wires all Fields,,,,,
RFWM,,7X19X.20+1X.15 CABLE WIRE,,,,,,,,,,,,7X19X.20+1X.15,,Wires all Fields,,,,,
RFWP,,2+2X.25 NT,,,,,,,,,,,,2+2X.25 NT,WP,Wires all Fields,,,,,
RFWQ,,5X.38 HT 2CF,,,,,,,,,,,,5X.38 HT 2CF,WQ,Wires all Fields,,,,,
RFWT,,2+1X.28 NT,,,,,,,,,,,,2+1X.28 NT,WT,Wires all Fields,,,,,
RFWU,,3X7X.22 HE CABLE WIRE,,,,,,,,,,,,3X7X.22 HE,,Wires all Fields,,,,,
RFWY,,2+2X.22 UT,,,,,,,,,,,,2+2X.22 UT,WY,Wires all Fields,,,,,
RFXB,,3X.26+6X.48+6X(.48+6X.44) TRACK CORD,,,,,,,,,,,,3X.26+6X.48+6X(.48+6X.44),,Wires all Fields,,,,,
RFXC,,2X.30 ST,,,,,,,,,,,,2X.30 ST,XC,Wires all Fields,,,,,
RFXD,,3X.27 ST,,,,,,,,,,,,3X.27 ST,XD,Wires all Fields,,,,,
RFXE,,.365+6X.35 HT OC,,,,,,,,,,,,.365+6X.35 HT OC,XE,Wires all Fields,,,,,
RFXF,,3X.35+6X.63+6X(.63+6X.57) ZINC COATED,,,,,,,,,,,,3X.35+6X.63+6(.63+6X.57),,Wires all Fields,,,,,
RFXG,,3X3X.20 HE HT,,,,,,,,,,,,3X3X.20 HE HT,XG,Wires all Fields,,,,,
RFXH,,3X.22 HT,,,,,,,,,,,,3X.22 HT,XH,Wires all Fields,,,,,
RFXJ,,3X.20+6X.35 HT,,,,,,,,,,,,3X.20+6X.35 HT,XJ,Wires all Fields,,,,,
RFXK,,3×.24/9×.225 CC HT,,,,,,,,,,,,3×.24/9×.225 CC HT,XK,Wires all Fields,,,,,
RFXL,,3×7×.20 HE,,,,,,,,,,,,3×7×.20 HE,XL,Wires all Fields,,,,,
RFXM,,5×.35 HI,,,,,,,,,,,,5×.35 HI,XM,Wires all Fields,,,,,
RFXN,,1X.25+(6+12×.225) HT,,,,,,,,,,,,1X.25+(6+12×.225) HT,XN,Wires all Fields,,,,,
RFXP,,2+2X.25 HT,,,,,,,,,,,,2+2X.25 HT,XP,Wires all Fields,,,,,
RFXQ,,3+8X.38 ST,,,,,,,,,,,,3+8X.38 ST,XQ,Wires all Fields,,,,,
RFXR,,3.00MM RT,,,,,,,,,,,,3.00MM RT,XR,Wires all Fields,,,,,
RFXT,,3X.24/9X.225+1X.15 HT,,,,,,,,,,,,3X.24/9X.225+1X.15 HT,XT,Wires all Fields,,,,,
RFXU,,3+8X.33 HT,,,,,,,,,,,,3+8X.33 HT,XU,Wires all Fields,,,,,
RFXV,,1X.25+6X.22+12X.20 HT,,,,,,,,,,,,1X.25+6X.22+12X.20 HT,XV,Wires all Fields,,,,,
RFZ414,,19X.22+6X19X.20+1X.15 HT CABLE WIRE,,,,,,,,,,,,19X.22+6X19X.20+1X.15 HT,,Wires all Fields,,,,,
RFZ418,,4X6X.265 HE CABLE WIRE,,,,,,,,,,,,4X6X.265 HE,,Wires all Fields,,,,,
RFZ430,,1+5X.18 UT CABLE WIRE,,,,,,,,,,,,1+5X.18 UT,,Wires all Fields,,,,,
RFZ490,,1X.18+6X.16 UT WIRE,,,,,,,,,,,,1X.18+6X.16 UT,,Wires all Fields,,,,,
RFZ504,,2+7X.15 UT WIRE,,,,,,,,,,,,2+7X.15 UT,,Wires all Fields,,,,,
RFZ512SQ,,1X.24+6X.22 UT RMT EXP WIRE/TOPEKA,,,,,,,,,,,,1X.24+6X.22 UT,,Wires all Fields,,,,,
RFZ515SQ,,1X.20+(6+12X.175) UT EXP WIRE/TOPEKA,,,,,,,,,,,,1X.20+(6+12X.175) UT,,Wires all Fields,,,,,
RFZB,,8000/1 CARBON FIBER THROUGH STEELASTIC,,,,,,,,,,,,8000/1 CARBON FIBER 1.5 TPI,,Wires all Fields,,,,,
