SP_VALUE,SP_VERSION,CONTEXT,SP_KEY1,SP_KEY2,SP_KEY3,SP_KEY4,SP_KEY5,IC_CAPTION,IC_ORDER,II_CAPTION,IE_SHORT_DESC,IE_VERSION,II_ORDER,IIVALUE
RFP01L,1,,,,,,,Reinforcement General Information,,Material Class,ieMaterialClass,,,YARN
RFP01L,1,,,,,,,Reinforcement General Information,,Material Subclass,ieMaterialSubclass,,,NYLON 6
RFP01L,1,,,,,,,Reinforcement General Information,,Material Code,cbMaterialCode,,,RFP01L
RFP01L,1,,,,,,,Reinforcement General Information,,SAP Material Type,cbGBSMatType,,,
RFP01L,1,,,,,,,Reinforcement General Information,,SAP Secondary Material Type,cbGBSMatSecType,,,
RFP01L,1,,,,,,,Reinforcement General Information,,SAP Type of Component,cbGBSTypeComp,,,
RFP01L,1,,,,,,,Reinforcement General Information,,Initial Exp Spec Code (hidden),ieInitialExpSpCode,,,
RFP01L,1,,,,,,,Reinforcement General Information,,,ieSAPStatusCode,,,Y1
RFP01L,1,,,,,,,Reinforcement General Information,,SAP Status,ddlSAPStatusDesc,,,Active (Non Development line-up)
RFP01L,1,,,,,,,Reinforcement - Basic,2,Construction Code - Fabric,cbConCodeFabric,,,
RFP01L,1,,,,,,,Reinforcement - Basic,2,Construction Code - Square Woven,cbConCodeSqWov,,,
RFP01L,1,,,,,,,Reinforcement - Basic,2,Construction Code - Wire/Cable,cbConCodeWirCab,,,
RFP01L,1,,,,,,,Reinforcement - Basic,2,Processing Code,cbFabricProcCode,,,
RFP01L,1,,,,,,,Reinforcement - Basic,2,Cord Density Code,cbCordDensCode,,,
RFP01L,1,,,,,,,Reinforcement - Basic,2,EPI,cbEPI,,,
RFP01L,1,,,,,,,Reinforcement - Basic,2,Fill Cord (Type),ddlFillCord,,,
RFP01L,1,,,,,,,Reinforcement - Basic,2,Linear Fill Cord Weight (DEN),efLinCorWt,,,
RFP01L,1,,,,,,,Reinforcement - Basic,2,Picks per Meter,efPicksPerMeter,,,
RFP01L,1,,,,,,,Reinforcement - Basic,2,SAP/SOS Description,efSAPSOSDesc,,,2100 DECITEX  NYLON 6
RFP01L,1,,,,,,,Reinforcement - Basic,2,Update Spec Description (hidden),ieSAPSpecDesc,,,
RFP01L,1,,,,,,,Reinforcement - Basic,2,Cable Bead Inside Diameter (mm),efCBInsideDia,,,
RFP01L,1,,,,,,,Reinforcement - Basic,2,Cable Bead Comp. Weight (kg),efCBCompWeight,,,
RFP01L,1,,,,,,,Reinforcement - Basic,2,Cable Bead Gauge (mm),efCBGauge,,,
RFP01L,1,,,,,,,Reinforcement - Basic,2,Cable Bead Coating,ddlCBCoating,,,
RFP01L,1,Supplier,GRODNO KHIMVOLOKNO,GRODNO,,,POLYAMIDE STABILIZED,Supplier/Agent Info,,Initial Exp Spec Code (hidden),ieInitialExpSpCode,,,
RFP01L,1,Supplier,GRODNO KHIMVOLOKNO,GRODNO,,,POLYAMIDE STABILIZED,Supplier/Agent Info,,Material Code,cbMaterialCode,,,RFP01L
RFP01L,1,Supplier,GRODNO KHIMVOLOKNO,GRODNO,,,POLYAMIDE STABILIZED,Supplier/Agent Info,,Material Description,ieMatDescSupplier,,,2100 DECITEX  NYLON 6
RFP01L,1,Supplier,GRODNO KHIMVOLOKNO,GRODNO,,,POLYAMIDE STABILIZED,Supplier/Agent Info,,Supplier,ieSupplier,,,GRODNO KHIMVOLOKNO
RFP01L,1,Supplier,GRODNO KHIMVOLOKNO,GRODNO,,,POLYAMIDE STABILIZED,Supplier/Agent Info,,Agent,ieAgent,,,
RFP01L,1,Supplier,GRODNO KHIMVOLOKNO,GRODNO,,,POLYAMIDE STABILIZED,Supplier/Agent Info,,Supplier Plant,ieSupplierPlant,,,GRODNO
RFP01L,1,Supplier,GRODNO KHIMVOLOKNO,GRODNO,,,POLYAMIDE STABILIZED,Supplier/Agent Info,,Agent Plant,ieAgentPlant,,,
RFP01L,1,Supplier,GRODNO KHIMVOLOKNO,GRODNO,,,POLYAMIDE STABILIZED,Supplier/Agent Info,,Supplier Plant - City,ieSupplierPlantLocationCity,,,Grodno
RFP01L,1,Supplier,GRODNO KHIMVOLOKNO,GRODNO,,,POLYAMIDE STABILIZED,Supplier/Agent Info,,Agent Plant - City,ieAgentPlantLocationCity,,,
RFP01L,1,Supplier,GRODNO KHIMVOLOKNO,GRODNO,,,POLYAMIDE STABILIZED,Supplier/Agent Info,,Supplier Plant - State,ieSupplierPlantLocationState,,,Others
RFP01L,1,Supplier,GRODNO KHIMVOLOKNO,GRODNO,,,POLYAMIDE STABILIZED,Supplier/Agent Info,,Agent Plant - State,ieAgentPlantLocationState,,,
RFP01L,1,Supplier,GRODNO KHIMVOLOKNO,GRODNO,,,POLYAMIDE STABILIZED,Supplier/Agent Info,,Agent Plant - Country,ieAgentPlantLocationCountry,,,
RFP01L,1,Supplier,GRODNO KHIMVOLOKNO,GRODNO,,,POLYAMIDE STABILIZED,Supplier/Agent Info,,Supplier Plant - Country,ieSupplierPlantLocationCountry,,,Belarus
RFP01L,1,Supplier,GRODNO KHIMVOLOKNO,GRODNO,,,POLYAMIDE STABILIZED,Supplier/Agent Info,,Plant Code,ieSISPlantCode,,,
RFP01L,1,Supplier,GRODNO KHIMVOLOKNO,GRODNO,,,POLYAMIDE STABILIZED,Supplier/Agent Info,,Plant Code,ieAgentPlantCode,,,
RFP01L,1,Supplier,GRODNO KHIMVOLOKNO,GRODNO,,,POLYAMIDE STABILIZED,Supplier/Agent Info,,Supplier Trade Name,ieSupplierTradeName,,,POLYAMIDE STABILIZED
RFP01L,1,Supplier,GRODNO KHIMVOLOKNO,GRODNO,,,POLYAMIDE STABILIZED,Supplier/Agent Info,,Agent to Break Bulk?,cbBreakBulk,,,0
RFP01L,1,Supplier,GRODNO KHIMVOLOKNO,GRODNO,,,POLYAMIDE STABILIZED,Supplier/Agent Info,,Supplier Contact Name,ieSupplierContactName,,,
RFP01L,1,Supplier,GRODNO KHIMVOLOKNO,GRODNO,,,POLYAMIDE STABILIZED,Supplier/Agent Info,,Agent Contact Name,ieAgentContactName,,,
RFP01L,1,Supplier,GRODNO KHIMVOLOKNO,GRODNO,,,POLYAMIDE STABILIZED,Supplier/Agent Info,,Supplier Contact Type,ddlSupType,,,
RFP01L,1,Supplier,GRODNO KHIMVOLOKNO,GRODNO,,,POLYAMIDE STABILIZED,Supplier/Agent Info,,Agent Contact Type,ddlAgentType,,,
RFP01L,1,Supplier,GRODNO KHIMVOLOKNO,GRODNO,,,POLYAMIDE STABILIZED,Supplier/Agent Info,,Supplier email,ieSupplierEmail,,,
RFP01L,1,Supplier,GRODNO KHIMVOLOKNO,GRODNO,,,POLYAMIDE STABILIZED,Supplier/Agent Info,,Agent email,ieAgentEmail,,,
RFP01L,1,Supplier,GRODNO KHIMVOLOKNO,GRODNO,,,POLYAMIDE STABILIZED,Supplier/Agent Info,,Supplier Phone,ieSupplierPhone,,,
RFP01L,1,Supplier,GRODNO KHIMVOLOKNO,GRODNO,,,POLYAMIDE STABILIZED,Supplier/Agent Info,,Agent Phone,ieAgentPhone,,,
RFNT26QA,1,,,,,,,Reinforcement General Information,,Material Class,ieMaterialClass,,,FABRIC
RFNT26QA,1,,,,,,,Reinforcement General Information,,Material Subclass,ieMaterialSubclass,,,"NYLON 6,6 MONOFILAMENT"
RFNT26QA,1,,,,,,,Reinforcement General Information,,Material Code,cbMaterialCode,,,RFNT26QA
RFNT26QA,1,,,,,,,Reinforcement General Information,,SAP Material Type,cbGBSMatType,,,FABR
RFNT26QA,1,,,,,,,Reinforcement General Information,,SAP Secondary Material Type,cbGBSMatSecType,,,FABR
RFNT26QA,1,,,,,,,Reinforcement General Information,,SAP Type of Component,cbGBSTypeComp,,,"NYLON 6,6"
RFNT26QA,1,,,,,,,Reinforcement General Information,,Initial Exp Spec Code (hidden),ieInitialExpSpCode,,,
RFNT26QA,1,,,,,,,Reinforcement General Information,,,ieSAPStatusCode,,,Y1
RFNT26QA,1,,,,,,,Reinforcement General Information,,SAP Status,ddlSAPStatusDesc,,,Active (Non Development line-up)
RFNT26QA,1,,,,,,,Reinforcement - Basic,2,Construction Code - Fabric,cbConCodeFabric,,,NT
RFNT26QA,1,,,,,,,Reinforcement - Basic,2,Construction Code - Square Woven,cbConCodeSqWov,,,
RFNT26QA,1,,,,,,,Reinforcement - Basic,2,Construction Code - Wire/Cable,cbConCodeWirCab,,,
RFNT26QA,1,,,,,,,Reinforcement - Basic,2,Processing Code,cbFabricProcCode,,,QA
RFNT26QA,1,,,,,,,Reinforcement - Basic,2,Cord Density Code,cbCordDensCode,,,26
RFNT26QA,1,,,,,,,Reinforcement - Basic,2,EPI,cbEPI,,,26.0
RFNT26QA,1,,,,,,,Reinforcement - Basic,2,Fill Cord (Type),ddlFillCord,,,Non Extensible
RFNT26QA,1,,,,,,,Reinforcement - Basic,2,Linear Fill Cord Weight (DEN),efLinCorWt,,,221
RFNT26QA,1,,,,,,,Reinforcement - Basic,2,Picks per Meter,efPicksPerMeter,,,59
RFNT26QA,1,,,,,,,Reinforcement - Basic,2,SAP/SOS Description,efSAPSOSDesc,,,"NYLON, N6.6 MONOFILAMENT, 950/1, 26.00 EPI, QA"
RFNT26QA,1,,,,,,,Reinforcement - Basic,2,Update Spec Description (hidden),ieSAPSpecDesc,,,
RFNT26QA,1,,,,,,,Reinforcement - Basic,2,Cable Bead Inside Diameter (mm),efCBInsideDia,,,
RFNT26QA,1,,,,,,,Reinforcement - Basic,2,Cable Bead Comp. Weight (kg),efCBCompWeight,,,
RFNT26QA,1,,,,,,,Reinforcement - Basic,2,Cable Bead Gauge (mm),efCBGauge,,,
RFNT26QA,1,,,,,,,Reinforcement - Basic,2,Cable Bead Coating,ddlCBCoating,,,
RFNT26QA,1,Supplier,HYOSUNG CORPORATION,DECATUR,,,720NT26QA,Supplier/Agent Info,,Initial Exp Spec Code (hidden),ieInitialExpSpCode,,,
RFNT26QA,1,Supplier,HYOSUNG CORPORATION,DECATUR,,,720NT26QA,Supplier/Agent Info,,Material Code,cbMaterialCode,,,RFNT26QA
RFNT26QA,1,Supplier,HYOSUNG CORPORATION,DECATUR,,,720NT26QA,Supplier/Agent Info,,Material Description,ieMatDescSupplier,,,"NYLON, N6.6 MONOFILAMENT, 950/1, 26.00 EPI, QA"
RFNT26QA,1,Supplier,HYOSUNG CORPORATION,DECATUR,,,720NT26QA,Supplier/Agent Info,,Supplier,ieSupplier,,,HYOSUNG CORPORATION
RFNT26QA,1,Supplier,HYOSUNG CORPORATION,DECATUR,,,720NT26QA,Supplier/Agent Info,,Agent,ieAgent,,,
RFNT26QA,1,Supplier,HYOSUNG CORPORATION,DECATUR,,,720NT26QA,Supplier/Agent Info,,Supplier Plant,ieSupplierPlant,,,DECATUR
RFNT26QA,1,Supplier,HYOSUNG CORPORATION,DECATUR,,,720NT26QA,Supplier/Agent Info,,Agent Plant,ieAgentPlant,,,
RFNT26QA,1,Supplier,HYOSUNG CORPORATION,DECATUR,,,720NT26QA,Supplier/Agent Info,,Supplier Plant - City,ieSupplierPlantLocationCity,,,Decatur
RFNT26QA,1,Supplier,HYOSUNG CORPORATION,DECATUR,,,720NT26QA,Supplier/Agent Info,,Agent Plant - City,ieAgentPlantLocationCity,,,
RFNT26QA,1,Supplier,HYOSUNG CORPORATION,DECATUR,,,720NT26QA,Supplier/Agent Info,,Supplier Plant - State,ieSupplierPlantLocationState,,,AL
RFNT26QA,1,Supplier,HYOSUNG CORPORATION,DECATUR,,,720NT26QA,Supplier/Agent Info,,Agent Plant - State,ieAgentPlantLocationState,,,
RFNT26QA,1,Supplier,HYOSUNG CORPORATION,DECATUR,,,720NT26QA,Supplier/Agent Info,,Agent Plant - Country,ieAgentPlantLocationCountry,,,
RFNT26QA,1,Supplier,HYOSUNG CORPORATION,DECATUR,,,720NT26QA,Supplier/Agent Info,,Supplier Plant - Country,ieSupplierPlantLocationCountry,,,USA
RFNT26QA,1,Supplier,HYOSUNG CORPORATION,DECATUR,,,720NT26QA,Supplier/Agent Info,,Plant Code,ieSISPlantCode,,,AIT
RFNT26QA,1,Supplier,HYOSUNG CORPORATION,DECATUR,,,720NT26QA,Supplier/Agent Info,,Plant Code,ieAgentPlantCode,,,
RFNT26QA,1,Supplier,HYOSUNG CORPORATION,DECATUR,,,720NT26QA,Supplier/Agent Info,,Supplier Trade Name,ieSupplierTradeName,,,720NT26QA
RFNT26QA,1,Supplier,HYOSUNG CORPORATION,DECATUR,,,720NT26QA,Supplier/Agent Info,,Agent to Break Bulk?,cbBreakBulk,,,0
RFNT26QA,1,Supplier,HYOSUNG CORPORATION,DECATUR,,,720NT26QA,Supplier/Agent Info,,Supplier Contact Name,ieSupplierContactName,,,
RFNT26QA,1,Supplier,HYOSUNG CORPORATION,DECATUR,,,720NT26QA,Supplier/Agent Info,,Agent Contact Name,ieAgentContactName,,,
RFNT26QA,1,Supplier,HYOSUNG CORPORATION,DECATUR,,,720NT26QA,Supplier/Agent Info,,Supplier Contact Type,ddlSupType,,,
RFNT26QA,1,Supplier,HYOSUNG CORPORATION,DECATUR,,,720NT26QA,Supplier/Agent Info,,Agent Contact Type,ddlAgentType,,,
RFNT26QA,1,Supplier,HYOSUNG CORPORATION,DECATUR,,,720NT26QA,Supplier/Agent Info,,Supplier email,ieSupplierEmail,,,
RFNT26QA,1,Supplier,HYOSUNG CORPORATION,DECATUR,,,720NT26QA,Supplier/Agent Info,,Agent email,ieAgentEmail,,,
RFNT26QA,1,Supplier,HYOSUNG CORPORATION,DECATUR,,,720NT26QA,Supplier/Agent Info,,Supplier Phone,ieSupplierPhone,,,
RFNT26QA,1,Supplier,HYOSUNG CORPORATION,DECATUR,,,720NT26QA,Supplier/Agent Info,,Agent Phone,ieAgentPhone,,,
RFJ35ZS,1,,,,,,,Reinforcement General Information,,Material Class,ieMaterialClass,,,Single End Dipped Cord
RFJ35ZS,1,,,,,,,Reinforcement General Information,,Material Subclass,ieMaterialSubclass,,,CARBON FIBER
RFJ35ZS,1,,,,,,,Reinforcement General Information,,Material Code,cbMaterialCode,,,RFJ35ZS
RFJ35ZS,1,,,,,,,Reinforcement General Information,,SAP Material Type,cbGBSMatType,,,FABR
RFJ35ZS,1,,,,,,,Reinforcement General Information,,SAP Secondary Material Type,cbGBSMatSecType,,,FABR
RFJ35ZS,1,,,,,,,Reinforcement General Information,,SAP Type of Component,cbGBSTypeComp,,,SINGLE END CORD
RFJ35ZS,1,,,,,,,Reinforcement General Information,,Initial Exp Spec Code (hidden),ieInitialExpSpCode,,,
RFJ35ZS,1,,,,,,,Reinforcement General Information,,,ieSAPStatusCode,,,Y1
RFJ35ZS,1,,,,,,,Reinforcement General Information,,SAP Status,ddlSAPStatusDesc,,,Active (Non Development line-up)
RFJ35ZS,1,,,,,,,Reinforcement - Basic,2,Construction Code - Fabric,cbConCodeFabric,,,
RFJ35ZS,1,,,,,,,Reinforcement - Basic,2,Construction Code - Square Woven,cbConCodeSqWov,,,
RFJ35ZS,1,,,,,,,Reinforcement - Basic,2,Construction Code - Wire/Cable,cbConCodeWirCab,,,
RFJ35ZS,1,,,,,,,Reinforcement - Basic,2,Processing Code,cbFabricProcCode,,,
RFJ35ZS,1,,,,,,,Reinforcement - Basic,2,Cord Density Code,cbCordDensCode,,,
RFJ35ZS,1,,,,,,,Reinforcement - Basic,2,EPI,cbEPI,,,
RFJ35ZS,1,,,,,,,Reinforcement - Basic,2,Fill Cord (Type),ddlFillCord,,,
RFJ35ZS,1,,,,,,,Reinforcement - Basic,2,Linear Fill Cord Weight (DEN),efLinCorWt,,,
RFJ35ZS,1,,,,,,,Reinforcement - Basic,2,Picks per Meter,efPicksPerMeter,,,
RFJ35ZS,1,,,,,,,Reinforcement - Basic,2,SAP/SOS Description,efSAPSOSDesc,,,4000/0/1 CARBON FIBER 60 TPM S-TWIST SED
RFJ35ZS,1,,,,,,,Reinforcement - Basic,2,Update Spec Description (hidden),ieSAPSpecDesc,,,
RFJ35ZS,1,,,,,,,Reinforcement - Basic,2,Cable Bead Inside Diameter (mm),efCBInsideDia,,,
RFJ35ZS,1,,,,,,,Reinforcement - Basic,2,Cable Bead Comp. Weight (kg),efCBCompWeight,,,
RFJ35ZS,1,,,,,,,Reinforcement - Basic,2,Cable Bead Gauge (mm),efCBGauge,,,
RFJ35ZS,1,,,,,,,Reinforcement - Basic,2,Cable Bead Coating,ddlCBCoating,,,
RFJ35ZS,1,Supplier,NGF,GUELPH - ON,,,G30-500,Supplier/Agent Info,,Initial Exp Spec Code (hidden),ieInitialExpSpCode,,,
RFJ35ZS,1,Supplier,NGF,GUELPH - ON,,,G30-500,Supplier/Agent Info,,Material Code,cbMaterialCode,,,RFJ35ZS
RFJ35ZS,1,Supplier,NGF,GUELPH - ON,,,G30-500,Supplier/Agent Info,,Material Description,ieMatDescSupplier,,,4000/0/1 CARBON FIBER 60 TPM S-TWIST SED
RFJ35ZS,1,Supplier,NGF,GUELPH - ON,,,G30-500,Supplier/Agent Info,,Supplier,ieSupplier,,,NGF
RFJ35ZS,1,Supplier,NGF,GUELPH - ON,,,G30-500,Supplier/Agent Info,,Agent,ieAgent,,,
RFJ35ZS,1,Supplier,NGF,GUELPH - ON,,,G30-500,Supplier/Agent Info,,Supplier Plant,ieSupplierPlant,,,GUELPH - ON
RFJ35ZS,1,Supplier,NGF,GUELPH - ON,,,G30-500,Supplier/Agent Info,,Agent Plant,ieAgentPlant,,,
RFJ35ZS,1,Supplier,NGF,GUELPH - ON,,,G30-500,Supplier/Agent Info,,Supplier Plant - City,ieSupplierPlantLocationCity,,,Guelph - ON
RFJ35ZS,1,Supplier,NGF,GUELPH - ON,,,G30-500,Supplier/Agent Info,,Agent Plant - City,ieAgentPlantLocationCity,,,
RFJ35ZS,1,Supplier,NGF,GUELPH - ON,,,G30-500,Supplier/Agent Info,,Supplier Plant - State,ieSupplierPlantLocationState,,,Others
RFJ35ZS,1,Supplier,NGF,GUELPH - ON,,,G30-500,Supplier/Agent Info,,Agent Plant - State,ieAgentPlantLocationState,,,
RFJ35ZS,1,Supplier,NGF,GUELPH - ON,,,G30-500,Supplier/Agent Info,,Agent Plant - Country,ieAgentPlantLocationCountry,,,
RFJ35ZS,1,Supplier,NGF,GUELPH - ON,,,G30-500,Supplier/Agent Info,,Supplier Plant - Country,ieSupplierPlantLocationCountry,,,Canada
RFJ35ZS,1,Supplier,NGF,GUELPH - ON,,,G30-500,Supplier/Agent Info,,Plant Code,ieSISPlantCode,,,CDK
RFJ35ZS,1,Supplier,NGF,GUELPH - ON,,,G30-500,Supplier/Agent Info,,Plant Code,ieAgentPlantCode,,,
RFJ35ZS,1,Supplier,NGF,GUELPH - ON,,,G30-500,Supplier/Agent Info,,Supplier Trade Name,ieSupplierTradeName,,,G30-500
RFJ35ZS,1,Supplier,NGF,GUELPH - ON,,,G30-500,Supplier/Agent Info,,Agent to Break Bulk?,cbBreakBulk,,,0
RFJ35ZS,1,Supplier,NGF,GUELPH - ON,,,G30-500,Supplier/Agent Info,,Supplier Contact Name,ieSupplierContactName,,,
RFJ35ZS,1,Supplier,NGF,GUELPH - ON,,,G30-500,Supplier/Agent Info,,Agent Contact Name,ieAgentContactName,,,
RFJ35ZS,1,Supplier,NGF,GUELPH - ON,,,G30-500,Supplier/Agent Info,,Supplier Contact Type,ddlSupType,,,
RFJ35ZS,1,Supplier,NGF,GUELPH - ON,,,G30-500,Supplier/Agent Info,,Agent Contact Type,ddlAgentType,,,
RFJ35ZS,1,Supplier,NGF,GUELPH - ON,,,G30-500,Supplier/Agent Info,,Supplier email,ieSupplierEmail,,,
RFJ35ZS,1,Supplier,NGF,GUELPH - ON,,,G30-500,Supplier/Agent Info,,Agent email,ieAgentEmail,,,
RFJ35ZS,1,Supplier,NGF,GUELPH - ON,,,G30-500,Supplier/Agent Info,,Supplier Phone,ieSupplierPhone,,,
RFJ35ZS,1,Supplier,NGF,GUELPH - ON,,,G30-500,Supplier/Agent Info,,Agent Phone,ieAgentPhone,,,
RFB05L,1,,,,,,,Reinforcement General Information,,Material Class,ieMaterialClass,,,YARN
RFB05L,1,,,,,,,Reinforcement General Information,,Material Subclass,ieMaterialSubclass,,,NYLON 6
RFB05L,1,,,,,,,Reinforcement General Information,,Material Code,cbMaterialCode,,,RFB05L
RFB05L,1,,,,,,,Reinforcement General Information,,SAP Material Type,cbGBSMatType,,,
RFB05L,1,,,,,,,Reinforcement General Information,,SAP Secondary Material Type,cbGBSMatSecType,,,
RFB05L,1,,,,,,,Reinforcement General Information,,SAP Type of Component,cbGBSTypeComp,,,
RFB05L,1,,,,,,,Reinforcement General Information,,Initial Exp Spec Code (hidden),ieInitialExpSpCode,,,
RFB05L,1,,,,,,,Reinforcement General Information,,,ieSAPStatusCode,,,Y1
RFB05L,1,,,,,,,Reinforcement General Information,,SAP Status,ddlSAPStatusDesc,,,Active (Non Development line-up)
RFB05L,1,,,,,,,Reinforcement - Basic,2,Construction Code - Fabric,cbConCodeFabric,,,
RFB05L,1,,,,,,,Reinforcement - Basic,2,Construction Code - Square Woven,cbConCodeSqWov,,,
RFB05L,1,,,,,,,Reinforcement - Basic,2,Construction Code - Wire/Cable,cbConCodeWirCab,,,
RFB05L,1,,,,,,,Reinforcement - Basic,2,Processing Code,cbFabricProcCode,,,
RFB05L,1,,,,,,,Reinforcement - Basic,2,Cord Density Code,cbCordDensCode,,,
RFB05L,1,,,,,,,Reinforcement - Basic,2,EPI,cbEPI,,,
RFB05L,1,,,,,,,Reinforcement - Basic,2,Fill Cord (Type),ddlFillCord,,,
RFB05L,1,,,,,,,Reinforcement - Basic,2,Linear Fill Cord Weight (DEN),efLinCorWt,,,
RFB05L,1,,,,,,,Reinforcement - Basic,2,Picks per Meter,efPicksPerMeter,,,
RFB05L,1,,,,,,,Reinforcement - Basic,2,SAP/SOS Description,efSAPSOSDesc,,,2100 DECITEX NYLON 6
RFB05L,1,,,,,,,Reinforcement - Basic,2,Update Spec Description (hidden),ieSAPSpecDesc,,,
RFB05L,1,,,,,,,Reinforcement - Basic,2,Cable Bead Inside Diameter (mm),efCBInsideDia,,,
RFB05L,1,,,,,,,Reinforcement - Basic,2,Cable Bead Comp. Weight (kg),efCBCompWeight,,,
RFB05L,1,,,,,,,Reinforcement - Basic,2,Cable Bead Gauge (mm),efCBGauge,,,
RFB05L,1,,,,,,,Reinforcement - Basic,2,Cable Bead Coating,ddlCBCoating,,,
RFB05L,1,Supplier,KORDSA,BA,,,400-5,Supplier/Agent Info,,Initial Exp Spec Code (hidden),ieInitialExpSpCode,,,
RFB05L,1,Supplier,KORDSA,BA,,,400-5,Supplier/Agent Info,,Material Code,cbMaterialCode,,,RFB05L
RFB05L,1,Supplier,KORDSA,BA,,,400-5,Supplier/Agent Info,,Material Description,ieMatDescSupplier,,,2100 DECITEX NYLON 6
RFB05L,1,Supplier,KORDSA,BA,,,400-5,Supplier/Agent Info,,Supplier,ieSupplier,,,KORDSA
RFB05L,1,Supplier,KORDSA,BA,,,400-5,Supplier/Agent Info,,Agent,ieAgent,,,
RFB05L,1,Supplier,KORDSA,BA,,,400-5,Supplier/Agent Info,,Supplier Plant,ieSupplierPlant,,,BA
RFB05L,1,Supplier,KORDSA,BA,,,400-5,Supplier/Agent Info,,Agent Plant,ieAgentPlant,,,
RFB05L,1,Supplier,KORDSA,BA,,,400-5,Supplier/Agent Info,,Supplier Plant - City,ieSupplierPlantLocationCity,,,
RFB05L,1,Supplier,KORDSA,BA,,,400-5,Supplier/Agent Info,,Agent Plant - City,ieAgentPlantLocationCity,,,
RFB05L,1,Supplier,KORDSA,BA,,,400-5,Supplier/Agent Info,,Supplier Plant - State,ieSupplierPlantLocationState,,,BA
RFB05L,1,Supplier,KORDSA,BA,,,400-5,Supplier/Agent Info,,Agent Plant - State,ieAgentPlantLocationState,,,
RFB05L,1,Supplier,KORDSA,BA,,,400-5,Supplier/Agent Info,,Agent Plant - Country,ieAgentPlantLocationCountry,,,
RFB05L,1,Supplier,KORDSA,BA,,,400-5,Supplier/Agent Info,,Supplier Plant - Country,ieSupplierPlantLocationCountry,,,Brazil
RFB05L,1,Supplier,KORDSA,BA,,,400-5,Supplier/Agent Info,,Plant Code,ieSISPlantCode,,,DBV
RFB05L,1,Supplier,KORDSA,BA,,,400-5,Supplier/Agent Info,,Plant Code,ieAgentPlantCode,,,
RFB05L,1,Supplier,KORDSA,BA,,,400-5,Supplier/Agent Info,,Supplier Trade Name,ieSupplierTradeName,,,400-5
RFB05L,1,Supplier,KORDSA,BA,,,400-5,Supplier/Agent Info,,Agent to Break Bulk?,cbBreakBulk,,,0
RFB05L,1,Supplier,KORDSA,BA,,,400-5,Supplier/Agent Info,,Supplier Contact Name,ieSupplierContactName,,,
RFB05L,1,Supplier,KORDSA,BA,,,400-5,Supplier/Agent Info,,Agent Contact Name,ieAgentContactName,,,
RFB05L,1,Supplier,KORDSA,BA,,,400-5,Supplier/Agent Info,,Supplier Contact Type,ddlSupType,,,
RFB05L,1,Supplier,KORDSA,BA,,,400-5,Supplier/Agent Info,,Agent Contact Type,ddlAgentType,,,
RFB05L,1,Supplier,KORDSA,BA,,,400-5,Supplier/Agent Info,,Supplier email,ieSupplierEmail,,,
RFB05L,1,Supplier,KORDSA,BA,,,400-5,Supplier/Agent Info,,Agent email,ieAgentEmail,,,
RFB05L,1,Supplier,KORDSA,BA,,,400-5,Supplier/Agent Info,,Supplier Phone,ieSupplierPhone,,,
RFB05L,1,Supplier,KORDSA,BA,,,400-5,Supplier/Agent Info,,Agent Phone,ieAgentPhone,,,
RF9496,1,,,,,,,Reinforcement General Information,,Material Class,ieMaterialClass,,,Miscellaneous
RF9496,1,,,,,,,Reinforcement General Information,,Material Subclass,ieMaterialSubclass,,,FILL
RF9496,1,,,,,,,Reinforcement General Information,,Material Code,cbMaterialCode,,,RF9496
RF9496,1,,,,,,,Reinforcement General Information,,SAP Material Type,cbGBSMatType,,,FABR
RF9496,1,,,,,,,Reinforcement General Information,,SAP Secondary Material Type,cbGBSMatSecType,,,FABRSQW
RF9496,1,,,,,,,Reinforcement General Information,,SAP Type of Component,cbGBSTypeComp,,,MISC
RF9496,1,,,,,,,Reinforcement General Information,,Initial Exp Spec Code (hidden),ieInitialExpSpCode,,,
RF9496,1,,,,,,,Reinforcement General Information,,,ieSAPStatusCode,,,Y1
RF9496,1,,,,,,,Reinforcement General Information,,SAP Status,ddlSAPStatusDesc,,,Active (Non Development line-up)
RF9496,1,,,,,,,Reinforcement - Basic,2,Construction Code - Fabric,cbConCodeFabric,,,
RF9496,1,,,,,,,Reinforcement - Basic,2,Construction Code - Square Woven,cbConCodeSqWov,,,
RF9496,1,,,,,,,Reinforcement - Basic,2,Construction Code - Wire/Cable,cbConCodeWirCab,,,
RF9496,1,,,,,,,Reinforcement - Basic,2,Processing Code,cbFabricProcCode,,,
RF9496,1,,,,,,,Reinforcement - Basic,2,Cord Density Code,cbCordDensCode,,,
RF9496,1,,,,,,,Reinforcement - Basic,2,EPI,cbEPI,,,
RF9496,1,,,,,,,Reinforcement - Basic,2,Fill Cord (Type),ddlFillCord,,,
RF9496,1,,,,,,,Reinforcement - Basic,2,Linear Fill Cord Weight (DEN),efLinCorWt,,,
RF9496,1,,,,,,,Reinforcement - Basic,2,Picks per Meter,efPicksPerMeter,,,
RF9496,1,,,,,,,Reinforcement - Basic,2,SAP/SOS Description,efSAPSOSDesc,,,18/1 POLY COTTON
RF9496,1,,,,,,,Reinforcement - Basic,2,Update Spec Description (hidden),ieSAPSpecDesc,,,
RF9496,1,,,,,,,Reinforcement - Basic,2,Cable Bead Inside Diameter (mm),efCBInsideDia,,,
RF9496,1,,,,,,,Reinforcement - Basic,2,Cable Bead Comp. Weight (kg),efCBCompWeight,,,
RF9496,1,,,,,,,Reinforcement - Basic,2,Cable Bead Gauge (mm),efCBGauge,,,
RF9496,1,,,,,,,Reinforcement - Basic,2,Cable Bead Coating,ddlCBCoating,,,
RF9496,1,Supplier,FRONTIER SPINNING MILLS,SANDFORD,,,FILL,Supplier/Agent Info,,Initial Exp Spec Code (hidden),ieInitialExpSpCode,,,
RF9496,1,Supplier,FRONTIER SPINNING MILLS,SANDFORD,,,FILL,Supplier/Agent Info,,Material Code,cbMaterialCode,,,RF9496
RF9496,1,Supplier,FRONTIER SPINNING MILLS,SANDFORD,,,FILL,Supplier/Agent Info,,Material Description,ieMatDescSupplier,,,18/1 POLY COTTON
RF9496,1,Supplier,FRONTIER SPINNING MILLS,SANDFORD,,,FILL,Supplier/Agent Info,,Supplier,ieSupplier,,,FRONTIER SPINNING MILLS
RF9496,1,Supplier,FRONTIER SPINNING MILLS,SANDFORD,,,FILL,Supplier/Agent Info,,Agent,ieAgent,,,
RF9496,1,Supplier,FRONTIER SPINNING MILLS,SANDFORD,,,FILL,Supplier/Agent Info,,Supplier Plant,ieSupplierPlant,,,SANDFORD
RF9496,1,Supplier,FRONTIER SPINNING MILLS,SANDFORD,,,FILL,Supplier/Agent Info,,Agent Plant,ieAgentPlant,,,
RF9496,1,Supplier,FRONTIER SPINNING MILLS,SANDFORD,,,FILL,Supplier/Agent Info,,Supplier Plant - City,ieSupplierPlantLocationCity,,,Sandford
RF9496,1,Supplier,FRONTIER SPINNING MILLS,SANDFORD,,,FILL,Supplier/Agent Info,,Agent Plant - City,ieAgentPlantLocationCity,,,
RF9496,1,Supplier,FRONTIER SPINNING MILLS,SANDFORD,,,FILL,Supplier/Agent Info,,Supplier Plant - State,ieSupplierPlantLocationState,,,NC
RF9496,1,Supplier,FRONTIER SPINNING MILLS,SANDFORD,,,FILL,Supplier/Agent Info,,Agent Plant - State,ieAgentPlantLocationState,,,
RF9496,1,Supplier,FRONTIER SPINNING MILLS,SANDFORD,,,FILL,Supplier/Agent Info,,Agent Plant - Country,ieAgentPlantLocationCountry,,,
RF9496,1,Supplier,FRONTIER SPINNING MILLS,SANDFORD,,,FILL,Supplier/Agent Info,,Supplier Plant - Country,ieSupplierPlantLocationCountry,,,USA
RF9496,1,Supplier,FRONTIER SPINNING MILLS,SANDFORD,,,FILL,Supplier/Agent Info,,Plant Code,ieSISPlantCode,,,DOESN'T EXIST IN SIS
RF9496,1,Supplier,FRONTIER SPINNING MILLS,SANDFORD,,,FILL,Supplier/Agent Info,,Plant Code,ieAgentPlantCode,,,
RF9496,1,Supplier,FRONTIER SPINNING MILLS,SANDFORD,,,FILL,Supplier/Agent Info,,Supplier Trade Name,ieSupplierTradeName,,,FILL
RF9496,1,Supplier,FRONTIER SPINNING MILLS,SANDFORD,,,FILL,Supplier/Agent Info,,Agent to Break Bulk?,cbBreakBulk,,,0
RF9496,1,Supplier,FRONTIER SPINNING MILLS,SANDFORD,,,FILL,Supplier/Agent Info,,Supplier Contact Name,ieSupplierContactName,,,
RF9496,1,Supplier,FRONTIER SPINNING MILLS,SANDFORD,,,FILL,Supplier/Agent Info,,Agent Contact Name,ieAgentContactName,,,
RF9496,1,Supplier,FRONTIER SPINNING MILLS,SANDFORD,,,FILL,Supplier/Agent Info,,Supplier Contact Type,ddlSupType,,,
RF9496,1,Supplier,FRONTIER SPINNING MILLS,SANDFORD,,,FILL,Supplier/Agent Info,,Agent Contact Type,ddlAgentType,,,
RF9496,1,Supplier,FRONTIER SPINNING MILLS,SANDFORD,,,FILL,Supplier/Agent Info,,Supplier email,ieSupplierEmail,,,
RF9496,1,Supplier,FRONTIER SPINNING MILLS,SANDFORD,,,FILL,Supplier/Agent Info,,Agent email,ieAgentEmail,,,
RF9496,1,Supplier,FRONTIER SPINNING MILLS,SANDFORD,,,FILL,Supplier/Agent Info,,Supplier Phone,ieSupplierPhone,,,
RF9496,1,Supplier,FRONTIER SPINNING MILLS,SANDFORD,,,FILL,Supplier/Agent Info,,Agent Phone,ieAgentPhone,,,
RFLH23MA,1,,,,,,,Reinforcement General Information,,Material Class,ieMaterialClass,,,FABRIC
RFLH23MA,1,,,,,,,Reinforcement General Information,,Material Subclass,ieMaterialSubclass,,,NYLON 6
RFLH23MA,1,,,,,,,Reinforcement General Information,,Material Code,cbMaterialCode,,,RFLH23MA
RFLH23MA,1,,,,,,,Reinforcement General Information,,SAP Material Type,cbGBSMatType,,,FABR
RFLH23MA,1,,,,,,,Reinforcement General Information,,SAP Secondary Material Type,cbGBSMatSecType,,,FABR
RFLH23MA,1,,,,,,,Reinforcement General Information,,SAP Type of Component,cbGBSTypeComp,,,FABR
RFLH23MA,1,,,,,,,Reinforcement General Information,,Initial Exp Spec Code (hidden),ieInitialExpSpCode,,,
RFLH23MA,1,,,,,,,Reinforcement General Information,,,ieSAPStatusCode,,,Y1
RFLH23MA,1,,,,,,,Reinforcement General Information,,SAP Status,ddlSAPStatusDesc,,,Active (Non Development line-up)
RFLH23MA,1,,,,,,,Reinforcement - Basic,2,Construction Code - Fabric,cbConCodeFabric,,,LH
RFLH23MA,1,,,,,,,Reinforcement - Basic,2,Construction Code - Square Woven,cbConCodeSqWov,,,
RFLH23MA,1,,,,,,,Reinforcement - Basic,2,Construction Code - Wire/Cable,cbConCodeWirCab,,,
RFLH23MA,1,,,,,,,Reinforcement - Basic,2,Processing Code,cbFabricProcCode,,,MA
RFLH23MA,1,,,,,,,Reinforcement - Basic,2,Cord Density Code,cbCordDensCode,,,23
RFLH23MA,1,,,,,,,Reinforcement - Basic,2,EPI,cbEPI,,,23.0
RFLH23MA,1,,,,,,,Reinforcement - Basic,2,Fill Cord (Type),ddlFillCord,,,Non Extensible
RFLH23MA,1,,,,,,,Reinforcement - Basic,2,Linear Fill Cord Weight (DEN),efLinCorWt,,,221
RFLH23MA,1,,,,,,,Reinforcement - Basic,2,Picks per Meter,efPicksPerMeter,,,59
RFLH23MA,1,,,,,,,Reinforcement - Basic,2,SAP/SOS Description,efSAPSOSDesc,,,"NYLON, N6, 1400/1/3, 8.0/8.0, 23.00 EPI, MA"
RFLH23MA,1,,,,,,,Reinforcement - Basic,2,Update Spec Description (hidden),ieSAPSpecDesc,,,
RFLH23MA,1,,,,,,,Reinforcement - Basic,2,Cable Bead Inside Diameter (mm),efCBInsideDia,,,
RFLH23MA,1,,,,,,,Reinforcement - Basic,2,Cable Bead Comp. Weight (kg),efCBCompWeight,,,
RFLH23MA,1,,,,,,,Reinforcement - Basic,2,Cable Bead Gauge (mm),efCBGauge,,,
RFLH23MA,1,,,,,,,Reinforcement - Basic,2,Cable Bead Coating,ddlCBCoating,,,
RFLH23MA,1,Supplier,SRF,MANALI,,,LH23MA,Supplier/Agent Info,,Initial Exp Spec Code (hidden),ieInitialExpSpCode,,,
RFLH23MA,1,Supplier,SRF,MANALI,,,LH23MA,Supplier/Agent Info,,Material Code,cbMaterialCode,,,RFLH23MA
RFLH23MA,1,Supplier,SRF,MANALI,,,LH23MA,Supplier/Agent Info,,Material Description,ieMatDescSupplier,,,"NYLON, N6, 1400/1/3, 8.0/8.0, 23.00 EPI, MA"
RFLH23MA,1,Supplier,SRF,MANALI,,,LH23MA,Supplier/Agent Info,,Supplier,ieSupplier,,,SRF
RFLH23MA,1,Supplier,SRF,MANALI,,,LH23MA,Supplier/Agent Info,,Agent,ieAgent,,,
RFLH23MA,1,Supplier,SRF,MANALI,,,LH23MA,Supplier/Agent Info,,Supplier Plant,ieSupplierPlant,,,MANALI
RFLH23MA,1,Supplier,SRF,MANALI,,,LH23MA,Supplier/Agent Info,,Agent Plant,ieAgentPlant,,,
RFLH23MA,1,Supplier,SRF,MANALI,,,LH23MA,Supplier/Agent Info,,Supplier Plant - City,ieSupplierPlantLocationCity,,,MANALI
RFLH23MA,1,Supplier,SRF,MANALI,,,LH23MA,Supplier/Agent Info,,Agent Plant - City,ieAgentPlantLocationCity,,,
RFLH23MA,1,Supplier,SRF,MANALI,,,LH23MA,Supplier/Agent Info,,Supplier Plant - State,ieSupplierPlantLocationState,,,Others
RFLH23MA,1,Supplier,SRF,MANALI,,,LH23MA,Supplier/Agent Info,,Agent Plant - State,ieAgentPlantLocationState,,,
RFLH23MA,1,Supplier,SRF,MANALI,,,LH23MA,Supplier/Agent Info,,Agent Plant - Country,ieAgentPlantLocationCountry,,,
RFLH23MA,1,Supplier,SRF,MANALI,,,LH23MA,Supplier/Agent Info,,Supplier Plant - Country,ieSupplierPlantLocationCountry,,,India
RFLH23MA,1,Supplier,SRF,MANALI,,,LH23MA,Supplier/Agent Info,,Plant Code,ieSISPlantCode,,,JDD
RFLH23MA,1,Supplier,SRF,MANALI,,,LH23MA,Supplier/Agent Info,,Plant Code,ieAgentPlantCode,,,
RFLH23MA,1,Supplier,SRF,MANALI,,,LH23MA,Supplier/Agent Info,,Supplier Trade Name,ieSupplierTradeName,,,LH23MA
RFLH23MA,1,Supplier,SRF,MANALI,,,LH23MA,Supplier/Agent Info,,Agent to Break Bulk?,cbBreakBulk,,,0
RFLH23MA,1,Supplier,SRF,MANALI,,,LH23MA,Supplier/Agent Info,,Supplier Contact Name,ieSupplierContactName,,,
RFLH23MA,1,Supplier,SRF,MANALI,,,LH23MA,Supplier/Agent Info,,Agent Contact Name,ieAgentContactName,,,
RFLH23MA,1,Supplier,SRF,MANALI,,,LH23MA,Supplier/Agent Info,,Supplier Contact Type,ddlSupType,,,
RFLH23MA,1,Supplier,SRF,MANALI,,,LH23MA,Supplier/Agent Info,,Agent Contact Type,ddlAgentType,,,
RFLH23MA,1,Supplier,SRF,MANALI,,,LH23MA,Supplier/Agent Info,,Supplier email,ieSupplierEmail,,,
RFLH23MA,1,Supplier,SRF,MANALI,,,LH23MA,Supplier/Agent Info,,Agent email,ieAgentEmail,,,
RFLH23MA,1,Supplier,SRF,MANALI,,,LH23MA,Supplier/Agent Info,,Supplier Phone,ieSupplierPhone,,,
RFLH23MA,1,Supplier,SRF,MANALI,,,LH23MA,Supplier/Agent Info,,Agent Phone,ieAgentPhone,,,
RFKC15JR,1,,,,,,,Reinforcement General Information,,Material Class,ieMaterialClass,,,FABRIC
RFKC15JR,1,,,,,,,Reinforcement General Information,,Material Subclass,ieMaterialSubclass,,,"NYLON 6,6 MONOFILAMENT"
RFKC15JR,1,,,,,,,Reinforcement General Information,,Material Code,cbMaterialCode,,,RFKC15JR
RFKC15JR,1,,,,,,,Reinforcement General Information,,SAP Material Type,cbGBSMatType,,,FABR
RFKC15JR,1,,,,,,,Reinforcement General Information,,SAP Secondary Material Type,cbGBSMatSecType,,,FABR
RFKC15JR,1,,,,,,,Reinforcement General Information,,SAP Type of Component,cbGBSTypeComp,,,
RFKC15JR,1,,,,,,,Reinforcement General Information,,Initial Exp Spec Code (hidden),ieInitialExpSpCode,,,
RFKC15JR,1,,,,,,,Reinforcement General Information,,,ieSAPStatusCode,,,Y1
RFKC15JR,1,,,,,,,Reinforcement General Information,,SAP Status,ddlSAPStatusDesc,,,Active (Non Development line-up)
RFKC15JR,1,,,,,,,Reinforcement - Basic,2,Construction Code - Fabric,cbConCodeFabric,,,
RFKC15JR,1,,,,,,,Reinforcement - Basic,2,Construction Code - Square Woven,cbConCodeSqWov,,,
RFKC15JR,1,,,,,,,Reinforcement - Basic,2,Construction Code - Wire/Cable,cbConCodeWirCab,,,
RFKC15JR,1,,,,,,,Reinforcement - Basic,2,Processing Code,cbFabricProcCode,,,
RFKC15JR,1,,,,,,,Reinforcement - Basic,2,Cord Density Code,cbCordDensCode,,,
RFKC15JR,1,,,,,,,Reinforcement - Basic,2,EPI,cbEPI,,,
RFKC15JR,1,,,,,,,Reinforcement - Basic,2,Fill Cord (Type),ddlFillCord,,,
RFKC15JR,1,,,,,,,Reinforcement - Basic,2,Linear Fill Cord Weight (DEN),efLinCorWt,,,
RFKC15JR,1,,,,,,,Reinforcement - Basic,2,Picks per Meter,efPicksPerMeter,,,
RFKC15JR,1,,,,,,,Reinforcement - Basic,2,SAP/SOS Description,efSAPSOSDesc,,,"NYLON 6,6 4400/0/1 MONOFILAMENT 15EPI JR"
RFKC15JR,1,,,,,,,Reinforcement - Basic,2,Update Spec Description (hidden),ieSAPSpecDesc,,,
RFKC15JR,1,,,,,,,Reinforcement - Basic,2,Cable Bead Inside Diameter (mm),efCBInsideDia,,,
RFKC15JR,1,,,,,,,Reinforcement - Basic,2,Cable Bead Comp. Weight (kg),efCBCompWeight,,,
RFKC15JR,1,,,,,,,Reinforcement - Basic,2,Cable Bead Gauge (mm),efCBGauge,,,
RFKC15JR,1,,,,,,,Reinforcement - Basic,2,Cable Bead Coating,ddlCBCoating,,,
RFKC15JR,1,Supplier,HYOSUNG CORPORATION,DECATUR,,,KC15JR,Supplier/Agent Info,,Initial Exp Spec Code (hidden),ieInitialExpSpCode,,,
RFKC15JR,1,Supplier,HYOSUNG CORPORATION,DECATUR,,,KC15JR,Supplier/Agent Info,,Material Code,cbMaterialCode,,,RFKC15JR
RFKC15JR,1,Supplier,HYOSUNG CORPORATION,DECATUR,,,KC15JR,Supplier/Agent Info,,Material Description,ieMatDescSupplier,,,"NYLON 6,6 4400/0/1 MONOFILAMENT 15EPI JR"
RFKC15JR,1,Supplier,HYOSUNG CORPORATION,DECATUR,,,KC15JR,Supplier/Agent Info,,Supplier,ieSupplier,,,HYOSUNG CORPORATION
RFKC15JR,1,Supplier,HYOSUNG CORPORATION,DECATUR,,,KC15JR,Supplier/Agent Info,,Agent,ieAgent,,,
RFKC15JR,1,Supplier,HYOSUNG CORPORATION,DECATUR,,,KC15JR,Supplier/Agent Info,,Supplier Plant,ieSupplierPlant,,,DECATUR
RFKC15JR,1,Supplier,HYOSUNG CORPORATION,DECATUR,,,KC15JR,Supplier/Agent Info,,Agent Plant,ieAgentPlant,,,
RFKC15JR,1,Supplier,HYOSUNG CORPORATION,DECATUR,,,KC15JR,Supplier/Agent Info,,Supplier Plant - City,ieSupplierPlantLocationCity,,,Decatur
RFKC15JR,1,Supplier,HYOSUNG CORPORATION,DECATUR,,,KC15JR,Supplier/Agent Info,,Agent Plant - City,ieAgentPlantLocationCity,,,
RFKC15JR,1,Supplier,HYOSUNG CORPORATION,DECATUR,,,KC15JR,Supplier/Agent Info,,Supplier Plant - State,ieSupplierPlantLocationState,,,AL
RFKC15JR,1,Supplier,HYOSUNG CORPORATION,DECATUR,,,KC15JR,Supplier/Agent Info,,Agent Plant - State,ieAgentPlantLocationState,,,
RFKC15JR,1,Supplier,HYOSUNG CORPORATION,DECATUR,,,KC15JR,Supplier/Agent Info,,Agent Plant - Country,ieAgentPlantLocationCountry,,,
RFKC15JR,1,Supplier,HYOSUNG CORPORATION,DECATUR,,,KC15JR,Supplier/Agent Info,,Supplier Plant - Country,ieSupplierPlantLocationCountry,,,USA
RFKC15JR,1,Supplier,HYOSUNG CORPORATION,DECATUR,,,KC15JR,Supplier/Agent Info,,Plant Code,ieSISPlantCode,,,AIT
RFKC15JR,1,Supplier,HYOSUNG CORPORATION,DECATUR,,,KC15JR,Supplier/Agent Info,,Plant Code,ieAgentPlantCode,,,
RFKC15JR,1,Supplier,HYOSUNG CORPORATION,DECATUR,,,KC15JR,Supplier/Agent Info,,Supplier Trade Name,ieSupplierTradeName,,,KC15JR
RFKC15JR,1,Supplier,HYOSUNG CORPORATION,DECATUR,,,KC15JR,Supplier/Agent Info,,Agent to Break Bulk?,cbBreakBulk,,,0
RFKC15JR,1,Supplier,HYOSUNG CORPORATION,DECATUR,,,KC15JR,Supplier/Agent Info,,Supplier Contact Name,ieSupplierContactName,,,
RFKC15JR,1,Supplier,HYOSUNG CORPORATION,DECATUR,,,KC15JR,Supplier/Agent Info,,Agent Contact Name,ieAgentContactName,,,
RFKC15JR,1,Supplier,HYOSUNG CORPORATION,DECATUR,,,KC15JR,Supplier/Agent Info,,Supplier Contact Type,ddlSupType,,,
RFKC15JR,1,Supplier,HYOSUNG CORPORATION,DECATUR,,,KC15JR,Supplier/Agent Info,,Agent Contact Type,ddlAgentType,,,
RFKC15JR,1,Supplier,HYOSUNG CORPORATION,DECATUR,,,KC15JR,Supplier/Agent Info,,Supplier email,ieSupplierEmail,,,
RFKC15JR,1,Supplier,HYOSUNG CORPORATION,DECATUR,,,KC15JR,Supplier/Agent Info,,Agent email,ieAgentEmail,,,
RFKC15JR,1,Supplier,HYOSUNG CORPORATION,DECATUR,,,KC15JR,Supplier/Agent Info,,Supplier Phone,ieSupplierPhone,,,
RFKC15JR,1,Supplier,HYOSUNG CORPORATION,DECATUR,,,KC15JR,Supplier/Agent Info,,Agent Phone,ieAgentPhone,,,
RFF07Q,1,,,,,,,Reinforcement General Information,,Material Class,ieMaterialClass,,,YARN
RFF07Q,1,,,,,,,Reinforcement General Information,,Material Subclass,ieMaterialSubclass,,,POLYESTER - HMLS AA
RFF07Q,1,,,,,,,Reinforcement General Information,,Material Code,cbMaterialCode,,,RFF07Q
RFF07Q,1,,,,,,,Reinforcement General Information,,SAP Material Type,cbGBSMatType,,,
RFF07Q,1,,,,,,,Reinforcement General Information,,SAP Secondary Material Type,cbGBSMatSecType,,,
RFF07Q,1,,,,,,,Reinforcement General Information,,SAP Type of Component,cbGBSTypeComp,,,
RFF07Q,1,,,,,,,Reinforcement General Information,,Initial Exp Spec Code (hidden),ieInitialExpSpCode,,,
RFF07Q,1,,,,,,,Reinforcement General Information,,,ieSAPStatusCode,,,Y1
RFF07Q,1,,,,,,,Reinforcement General Information,,SAP Status,ddlSAPStatusDesc,,,Active (Non Development line-up)
RFF07Q,1,,,,,,,Reinforcement - Basic,2,Construction Code - Fabric,cbConCodeFabric,,,
RFF07Q,1,,,,,,,Reinforcement - Basic,2,Construction Code - Square Woven,cbConCodeSqWov,,,
RFF07Q,1,,,,,,,Reinforcement - Basic,2,Construction Code - Wire/Cable,cbConCodeWirCab,,,
RFF07Q,1,,,,,,,Reinforcement - Basic,2,Processing Code,cbFabricProcCode,,,
RFF07Q,1,,,,,,,Reinforcement - Basic,2,Cord Density Code,cbCordDensCode,,,
RFF07Q,1,,,,,,,Reinforcement - Basic,2,EPI,cbEPI,,,
RFF07Q,1,,,,,,,Reinforcement - Basic,2,Fill Cord (Type),ddlFillCord,,,
RFF07Q,1,,,,,,,Reinforcement - Basic,2,Linear Fill Cord Weight (DEN),efLinCorWt,,,
RFF07Q,1,,,,,,,Reinforcement - Basic,2,Picks per Meter,efPicksPerMeter,,,
RFF07Q,1,,,,,,,Reinforcement - Basic,2,SAP/SOS Description,efSAPSOSDesc,,,1440 DECITEX AA-HMLS POLYESTER
RFF07Q,1,,,,,,,Reinforcement - Basic,2,Update Spec Description (hidden),ieSAPSpecDesc,,,
RFF07Q,1,,,,,,,Reinforcement - Basic,2,Cable Bead Inside Diameter (mm),efCBInsideDia,,,
RFF07Q,1,,,,,,,Reinforcement - Basic,2,Cable Bead Comp. Weight (kg),efCBCompWeight,,,
RFF07Q,1,,,,,,,Reinforcement - Basic,2,Cable Bead Gauge (mm),efCBGauge,,,
RFF07Q,1,,,,,,,Reinforcement - Basic,2,Cable Bead Coating,ddlCBCoating,,,
RFF07Q,1,Supplier,INDORAMA VENTURES MOBILITY (Performance ,"LONGLAVILLE,   FRANCE ",,,1x53,Supplier/Agent Info,,Initial Exp Spec Code (hidden),ieInitialExpSpCode,,,
RFF07Q,1,Supplier,INDORAMA VENTURES MOBILITY (Performance ,"LONGLAVILLE,   FRANCE ",,,1x53,Supplier/Agent Info,,Material Code,cbMaterialCode,,,RFF07Q
RFF07Q,1,Supplier,INDORAMA VENTURES MOBILITY (Performance ,"LONGLAVILLE,   FRANCE ",,,1x53,Supplier/Agent Info,,Material Description,ieMatDescSupplier,,,1440 DECITEX AA-HMLS POLYESTER
RFF07Q,1,Supplier,INDORAMA VENTURES MOBILITY (Performance ,"LONGLAVILLE,   FRANCE ",,,1x53,Supplier/Agent Info,,Supplier,ieSupplier,,,INDORAMA VENTURES MOBILITY (Performance Fibers)
RFF07Q,1,Supplier,INDORAMA VENTURES MOBILITY (Performance ,"LONGLAVILLE,   FRANCE ",,,1x53,Supplier/Agent Info,,Agent,ieAgent,,,
RFF07Q,1,Supplier,INDORAMA VENTURES MOBILITY (Performance ,"LONGLAVILLE,   FRANCE ",,,1x53,Supplier/Agent Info,,Supplier Plant,ieSupplierPlant,,,"LONGLAVILLE,   FRANCE "
RFF07Q,1,Supplier,INDORAMA VENTURES MOBILITY (Performance ,"LONGLAVILLE,   FRANCE ",,,1x53,Supplier/Agent Info,,Agent Plant,ieAgentPlant,,,
RFF07Q,1,Supplier,INDORAMA VENTURES MOBILITY (Performance ,"LONGLAVILLE,   FRANCE ",,,1x53,Supplier/Agent Info,,Supplier Plant - City,ieSupplierPlantLocationCity,,,LONGLAVILLE
RFF07Q,1,Supplier,INDORAMA VENTURES MOBILITY (Performance ,"LONGLAVILLE,   FRANCE ",,,1x53,Supplier/Agent Info,,Agent Plant - City,ieAgentPlantLocationCity,,,
RFF07Q,1,Supplier,INDORAMA VENTURES MOBILITY (Performance ,"LONGLAVILLE,   FRANCE ",,,1x53,Supplier/Agent Info,,Supplier Plant - State,ieSupplierPlantLocationState,,,Others
RFF07Q,1,Supplier,INDORAMA VENTURES MOBILITY (Performance ,"LONGLAVILLE,   FRANCE ",,,1x53,Supplier/Agent Info,,Agent Plant - State,ieAgentPlantLocationState,,,
RFF07Q,1,Supplier,INDORAMA VENTURES MOBILITY (Performance ,"LONGLAVILLE,   FRANCE ",,,1x53,Supplier/Agent Info,,Agent Plant - Country,ieAgentPlantLocationCountry,,,
RFF07Q,1,Supplier,INDORAMA VENTURES MOBILITY (Performance ,"LONGLAVILLE,   FRANCE ",,,1x53,Supplier/Agent Info,,Supplier Plant - Country,ieSupplierPlantLocationCountry,,,France
RFF07Q,1,Supplier,INDORAMA VENTURES MOBILITY (Performance ,"LONGLAVILLE,   FRANCE ",,,1x53,Supplier/Agent Info,,Plant Code,ieSISPlantCode,,,
RFF07Q,1,Supplier,INDORAMA VENTURES MOBILITY (Performance ,"LONGLAVILLE,   FRANCE ",,,1x53,Supplier/Agent Info,,Plant Code,ieAgentPlantCode,,,
RFF07Q,1,Supplier,INDORAMA VENTURES MOBILITY (Performance ,"LONGLAVILLE,   FRANCE ",,,1x53,Supplier/Agent Info,,Supplier Trade Name,ieSupplierTradeName,,,1x53
RFF07Q,1,Supplier,INDORAMA VENTURES MOBILITY (Performance ,"LONGLAVILLE,   FRANCE ",,,1x53,Supplier/Agent Info,,Agent to Break Bulk?,cbBreakBulk,,,0
RFF07Q,1,Supplier,INDORAMA VENTURES MOBILITY (Performance ,"LONGLAVILLE,   FRANCE ",,,1x53,Supplier/Agent Info,,Supplier Contact Name,ieSupplierContactName,,,
RFF07Q,1,Supplier,INDORAMA VENTURES MOBILITY (Performance ,"LONGLAVILLE,   FRANCE ",,,1x53,Supplier/Agent Info,,Agent Contact Name,ieAgentContactName,,,
RFF07Q,1,Supplier,INDORAMA VENTURES MOBILITY (Performance ,"LONGLAVILLE,   FRANCE ",,,1x53,Supplier/Agent Info,,Supplier Contact Type,ddlSupType,,,
RFF07Q,1,Supplier,INDORAMA VENTURES MOBILITY (Performance ,"LONGLAVILLE,   FRANCE ",,,1x53,Supplier/Agent Info,,Agent Contact Type,ddlAgentType,,,
RFF07Q,1,Supplier,INDORAMA VENTURES MOBILITY (Performance ,"LONGLAVILLE,   FRANCE ",,,1x53,Supplier/Agent Info,,Supplier email,ieSupplierEmail,,,
RFF07Q,1,Supplier,INDORAMA VENTURES MOBILITY (Performance ,"LONGLAVILLE,   FRANCE ",,,1x53,Supplier/Agent Info,,Agent email,ieAgentEmail,,,
RFF07Q,1,Supplier,INDORAMA VENTURES MOBILITY (Performance ,"LONGLAVILLE,   FRANCE ",,,1x53,Supplier/Agent Info,,Supplier Phone,ieSupplierPhone,,,
RFF07Q,1,Supplier,INDORAMA VENTURES MOBILITY (Performance ,"LONGLAVILLE,   FRANCE ",,,1x53,Supplier/Agent Info,,Agent Phone,ieAgentPhone,,,
RFCH,1,,,,,,,Reinforcement General Information,,Material Class,ieMaterialClass,,,WIRE
RFCH,1,,,,,,,Reinforcement General Information,,Material Subclass,ieMaterialSubclass,,,BEAD WIRE
RFCH,1,,,,,,,Reinforcement General Information,,Material Code,cbMaterialCode,,,RFCH
RFCH,1,,,,,,,Reinforcement General Information,,SAP Material Type,cbGBSMatType,,,WIRE
RFCH,1,,,,,,,Reinforcement General Information,,SAP Secondary Material Type,cbGBSMatSecType,,,WIRE
RFCH,1,,,,,,,Reinforcement General Information,,SAP Type of Component,cbGBSTypeComp,,,BEAD
RFCH,1,,,,,,,Reinforcement General Information,,Initial Exp Spec Code (hidden),ieInitialExpSpCode,,,
RFCH,1,,,,,,,Reinforcement General Information,,,ieSAPStatusCode,,,Y1
RFCH,1,,,,,,,Reinforcement General Information,,SAP Status,ddlSAPStatusDesc,,,Active (Non Development line-up)
RFCH,1,,,,,,,Reinforcement - Basic,2,Construction Code - Fabric,cbConCodeFabric,,,
RFCH,1,,,,,,,Reinforcement - Basic,2,Construction Code - Square Woven,cbConCodeSqWov,,,
RFCH,1,,,,,,,Reinforcement - Basic,2,Construction Code - Wire/Cable,cbConCodeWirCab,,,
RFCH,1,,,,,,,Reinforcement - Basic,2,Processing Code,cbFabricProcCode,,,
RFCH,1,,,,,,,Reinforcement - Basic,2,Cord Density Code,cbCordDensCode,,,
RFCH,1,,,,,,,Reinforcement - Basic,2,EPI,cbEPI,,,
RFCH,1,,,,,,,Reinforcement - Basic,2,Fill Cord (Type),ddlFillCord,,,
RFCH,1,,,,,,,Reinforcement - Basic,2,Linear Fill Cord Weight (DEN),efLinCorWt,,,
RFCH,1,,,,,,,Reinforcement - Basic,2,Picks per Meter,efPicksPerMeter,,,
RFCH,1,,,,,,,Reinforcement - Basic,2,SAP/SOS Description,efSAPSOSDesc,,,0.072 HT BEADWIRE BRONZE PLATED 1.83 MM
RFCH,1,,,,,,,Reinforcement - Basic,2,Update Spec Description (hidden),ieSAPSpecDesc,,,
RFCH,1,,,,,,,Reinforcement - Basic,2,Cable Bead Inside Diameter (mm),efCBInsideDia,,,
RFCH,1,,,,,,,Reinforcement - Basic,2,Cable Bead Comp. Weight (kg),efCBCompWeight,,,
RFCH,1,,,,,,,Reinforcement - Basic,2,Cable Bead Gauge (mm),efCBGauge,,,
RFCH,1,,,,,,,Reinforcement - Basic,2,Cable Bead Coating,ddlCBCoating,,,
RFCH,1,Supplier,JIANGSU XINGDA,PLANT 2 - XING HUA,,,401CH,Supplier/Agent Info,,Initial Exp Spec Code (hidden),ieInitialExpSpCode,,,W00005
RFCH,1,Supplier,JIANGSU XINGDA,PLANT 2 - XING HUA,,,401CH,Supplier/Agent Info,,Material Code,cbMaterialCode,,,RFCH
RFCH,1,Supplier,JIANGSU XINGDA,PLANT 2 - XING HUA,,,401CH,Supplier/Agent Info,,Material Description,ieMatDescSupplier,,,0.072 HT BEADWIRE BRONZE PLATED 1.83 MM
RFCH,1,Supplier,JIANGSU XINGDA,PLANT 2 - XING HUA,,,401CH,Supplier/Agent Info,,Supplier,ieSupplier,,,JIANGSU XINGDA
RFCH,1,Supplier,JIANGSU XINGDA,PLANT 2 - XING HUA,,,401CH,Supplier/Agent Info,,Agent,ieAgent,,,
RFCH,1,Supplier,JIANGSU XINGDA,PLANT 2 - XING HUA,,,401CH,Supplier/Agent Info,,Supplier Plant,ieSupplierPlant,,,PLANT 2 - XING HUA
RFCH,1,Supplier,JIANGSU XINGDA,PLANT 2 - XING HUA,,,401CH,Supplier/Agent Info,,Agent Plant,ieAgentPlant,,,
RFCH,1,Supplier,JIANGSU XINGDA,PLANT 2 - XING HUA,,,401CH,Supplier/Agent Info,,Supplier Plant - City,ieSupplierPlantLocationCity,,,XIng Hua
RFCH,1,Supplier,JIANGSU XINGDA,PLANT 2 - XING HUA,,,401CH,Supplier/Agent Info,,Agent Plant - City,ieAgentPlantLocationCity,,,
RFCH,1,Supplier,JIANGSU XINGDA,PLANT 2 - XING HUA,,,401CH,Supplier/Agent Info,,Supplier Plant - State,ieSupplierPlantLocationState,,,Others
RFCH,1,Supplier,JIANGSU XINGDA,PLANT 2 - XING HUA,,,401CH,Supplier/Agent Info,,Agent Plant - State,ieAgentPlantLocationState,,,
RFCH,1,Supplier,JIANGSU XINGDA,PLANT 2 - XING HUA,,,401CH,Supplier/Agent Info,,Agent Plant - Country,ieAgentPlantLocationCountry,,,
RFCH,1,Supplier,JIANGSU XINGDA,PLANT 2 - XING HUA,,,401CH,Supplier/Agent Info,,Supplier Plant - Country,ieSupplierPlantLocationCountry,,,China
RFCH,1,Supplier,JIANGSU XINGDA,PLANT 2 - XING HUA,,,401CH,Supplier/Agent Info,,Plant Code,ieSISPlantCode,,,JXB
RFCH,1,Supplier,JIANGSU XINGDA,PLANT 2 - XING HUA,,,401CH,Supplier/Agent Info,,Plant Code,ieAgentPlantCode,,,
RFCH,1,Supplier,JIANGSU XINGDA,PLANT 2 - XING HUA,,,401CH,Supplier/Agent Info,,Supplier Trade Name,ieSupplierTradeName,,,401CH
RFCH,1,Supplier,JIANGSU XINGDA,PLANT 2 - XING HUA,,,401CH,Supplier/Agent Info,,Agent to Break Bulk?,cbBreakBulk,,,0
RFCH,1,Supplier,JIANGSU XINGDA,PLANT 2 - XING HUA,,,401CH,Supplier/Agent Info,,Supplier Contact Name,ieSupplierContactName,,,
RFCH,1,Supplier,JIANGSU XINGDA,PLANT 2 - XING HUA,,,401CH,Supplier/Agent Info,,Agent Contact Name,ieAgentContactName,,,
RFCH,1,Supplier,JIANGSU XINGDA,PLANT 2 - XING HUA,,,401CH,Supplier/Agent Info,,Supplier Contact Type,ddlSupType,,,
RFCH,1,Supplier,JIANGSU XINGDA,PLANT 2 - XING HUA,,,401CH,Supplier/Agent Info,,Agent Contact Type,ddlAgentType,,,
RFCH,1,Supplier,JIANGSU XINGDA,PLANT 2 - XING HUA,,,401CH,Supplier/Agent Info,,Supplier email,ieSupplierEmail,,,
RFCH,1,Supplier,JIANGSU XINGDA,PLANT 2 - XING HUA,,,401CH,Supplier/Agent Info,,Agent email,ieAgentEmail,,,
RFCH,1,Supplier,JIANGSU XINGDA,PLANT 2 - XING HUA,,,401CH,Supplier/Agent Info,,Supplier Phone,ieSupplierPhone,,,
RFCH,1,Supplier,JIANGSU XINGDA,PLANT 2 - XING HUA,,,401CH,Supplier/Agent Info,,Agent Phone,ieAgentPhone,,,
RFCH,1,Supplier,BEKAERT,JIANGYIN,,,028CH,Supplier/Agent Info,,Initial Exp Spec Code (hidden),ieInitialExpSpCode,,,GL2084/N
RFCH,1,Supplier,BEKAERT,JIANGYIN,,,028CH,Supplier/Agent Info,,Material Code,cbMaterialCode,,,RFCH
RFCH,1,Supplier,BEKAERT,JIANGYIN,,,028CH,Supplier/Agent Info,,Material Description,ieMatDescSupplier,,,0.072 HT BEADWIRE BRONZE PLATED 1.83 MM
RFCH,1,Supplier,BEKAERT,JIANGYIN,,,028CH,Supplier/Agent Info,,Supplier,ieSupplier,,,BEKAERT
RFCH,1,Supplier,BEKAERT,JIANGYIN,,,028CH,Supplier/Agent Info,,Agent,ieAgent,,,
RFCH,1,Supplier,BEKAERT,JIANGYIN,,,028CH,Supplier/Agent Info,,Supplier Plant,ieSupplierPlant,,,JIANGYIN
RFCH,1,Supplier,BEKAERT,JIANGYIN,,,028CH,Supplier/Agent Info,,Agent Plant,ieAgentPlant,,,
RFCH,1,Supplier,BEKAERT,JIANGYIN,,,028CH,Supplier/Agent Info,,Supplier Plant - City,ieSupplierPlantLocationCity,,,Jiangyin
RFCH,1,Supplier,BEKAERT,JIANGYIN,,,028CH,Supplier/Agent Info,,Agent Plant - City,ieAgentPlantLocationCity,,,
RFCH,1,Supplier,BEKAERT,JIANGYIN,,,028CH,Supplier/Agent Info,,Supplier Plant - State,ieSupplierPlantLocationState,,,Others
RFCH,1,Supplier,BEKAERT,JIANGYIN,,,028CH,Supplier/Agent Info,,Agent Plant - State,ieAgentPlantLocationState,,,
RFCH,1,Supplier,BEKAERT,JIANGYIN,,,028CH,Supplier/Agent Info,,Agent Plant - Country,ieAgentPlantLocationCountry,,,
RFCH,1,Supplier,BEKAERT,JIANGYIN,,,028CH,Supplier/Agent Info,,Supplier Plant - Country,ieSupplierPlantLocationCountry,,,China
RFCH,1,Supplier,BEKAERT,JIANGYIN,,,028CH,Supplier/Agent Info,,Plant Code,ieSISPlantCode,,,JTM
RFCH,1,Supplier,BEKAERT,JIANGYIN,,,028CH,Supplier/Agent Info,,Plant Code,ieAgentPlantCode,,,
RFCH,1,Supplier,BEKAERT,JIANGYIN,,,028CH,Supplier/Agent Info,,Supplier Trade Name,ieSupplierTradeName,,,028CH
RFCH,1,Supplier,BEKAERT,JIANGYIN,,,028CH,Supplier/Agent Info,,Agent to Break Bulk?,cbBreakBulk,,,0
RFCH,1,Supplier,BEKAERT,JIANGYIN,,,028CH,Supplier/Agent Info,,Supplier Contact Name,ieSupplierContactName,,,
RFCH,1,Supplier,BEKAERT,JIANGYIN,,,028CH,Supplier/Agent Info,,Agent Contact Name,ieAgentContactName,,,
RFCH,1,Supplier,BEKAERT,JIANGYIN,,,028CH,Supplier/Agent Info,,Supplier Contact Type,ddlSupType,,,
RFCH,1,Supplier,BEKAERT,JIANGYIN,,,028CH,Supplier/Agent Info,,Agent Contact Type,ddlAgentType,,,
RFCH,1,Supplier,BEKAERT,JIANGYIN,,,028CH,Supplier/Agent Info,,Supplier email,ieSupplierEmail,,,
RFCH,1,Supplier,BEKAERT,JIANGYIN,,,028CH,Supplier/Agent Info,,Agent email,ieAgentEmail,,,
RFCH,1,Supplier,BEKAERT,JIANGYIN,,,028CH,Supplier/Agent Info,,Supplier Phone,ieSupplierPhone,,,
RFCH,1,Supplier,BEKAERT,JIANGYIN,,,028CH,Supplier/Agent Info,,Agent Phone,ieAgentPhone,,,
RFCH,1,Supplier,BEKAERT,SLADKOVICOVO,,,027CH,Supplier/Agent Info,,Initial Exp Spec Code (hidden),ieInitialExpSpCode,,,GL2090
RFCH,1,Supplier,BEKAERT,SLADKOVICOVO,,,027CH,Supplier/Agent Info,,Material Code,cbMaterialCode,,,RFCH
RFCH,1,Supplier,BEKAERT,SLADKOVICOVO,,,027CH,Supplier/Agent Info,,Material Description,ieMatDescSupplier,,,0.072 HT BEADWIRE BRONZE PLATED 1.83 MM
RFCH,1,Supplier,BEKAERT,SLADKOVICOVO,,,027CH,Supplier/Agent Info,,Supplier,ieSupplier,,,BEKAERT
RFCH,1,Supplier,BEKAERT,SLADKOVICOVO,,,027CH,Supplier/Agent Info,,Agent,ieAgent,,,
RFCH,1,Supplier,BEKAERT,SLADKOVICOVO,,,027CH,Supplier/Agent Info,,Supplier Plant,ieSupplierPlant,,,SLADKOVICOVO
RFCH,1,Supplier,BEKAERT,SLADKOVICOVO,,,027CH,Supplier/Agent Info,,Agent Plant,ieAgentPlant,,,
RFCH,1,Supplier,BEKAERT,SLADKOVICOVO,,,027CH,Supplier/Agent Info,,Supplier Plant - City,ieSupplierPlantLocationCity,,,SLADKOVICOVO
RFCH,1,Supplier,BEKAERT,SLADKOVICOVO,,,027CH,Supplier/Agent Info,,Agent Plant - City,ieAgentPlantLocationCity,,,
RFCH,1,Supplier,BEKAERT,SLADKOVICOVO,,,027CH,Supplier/Agent Info,,Supplier Plant - State,ieSupplierPlantLocationState,,,Others
RFCH,1,Supplier,BEKAERT,SLADKOVICOVO,,,027CH,Supplier/Agent Info,,Agent Plant - State,ieAgentPlantLocationState,,,
RFCH,1,Supplier,BEKAERT,SLADKOVICOVO,,,027CH,Supplier/Agent Info,,Agent Plant - Country,ieAgentPlantLocationCountry,,,
RFCH,1,Supplier,BEKAERT,SLADKOVICOVO,,,027CH,Supplier/Agent Info,,Supplier Plant - Country,ieSupplierPlantLocationCountry,,,Slovak Republic
RFCH,1,Supplier,BEKAERT,SLADKOVICOVO,,,027CH,Supplier/Agent Info,,Plant Code,ieSISPlantCode,,,EHK
RFCH,1,Supplier,BEKAERT,SLADKOVICOVO,,,027CH,Supplier/Agent Info,,Plant Code,ieAgentPlantCode,,,
RFCH,1,Supplier,BEKAERT,SLADKOVICOVO,,,027CH,Supplier/Agent Info,,Supplier Trade Name,ieSupplierTradeName,,,027CH
RFCH,1,Supplier,BEKAERT,SLADKOVICOVO,,,027CH,Supplier/Agent Info,,Agent to Break Bulk?,cbBreakBulk,,,0
RFCH,1,Supplier,BEKAERT,SLADKOVICOVO,,,027CH,Supplier/Agent Info,,Supplier Contact Name,ieSupplierContactName,,,
RFCH,1,Supplier,BEKAERT,SLADKOVICOVO,,,027CH,Supplier/Agent Info,,Agent Contact Name,ieAgentContactName,,,
RFCH,1,Supplier,BEKAERT,SLADKOVICOVO,,,027CH,Supplier/Agent Info,,Supplier Contact Type,ddlSupType,,,
RFCH,1,Supplier,BEKAERT,SLADKOVICOVO,,,027CH,Supplier/Agent Info,,Agent Contact Type,ddlAgentType,,,
RFCH,1,Supplier,BEKAERT,SLADKOVICOVO,,,027CH,Supplier/Agent Info,,Supplier email,ieSupplierEmail,,,
RFCH,1,Supplier,BEKAERT,SLADKOVICOVO,,,027CH,Supplier/Agent Info,,Agent email,ieAgentEmail,,,
RFCH,1,Supplier,BEKAERT,SLADKOVICOVO,,,027CH,Supplier/Agent Info,,Supplier Phone,ieSupplierPhone,,,
RFCH,1,Supplier,BEKAERT,SLADKOVICOVO,,,027CH,Supplier/Agent Info,,Agent Phone,ieAgentPhone,,,
RFCH,1,Supplier,KISWIRE,CZECH REPUBLIC,,,248CH,Supplier/Agent Info,,Initial Exp Spec Code (hidden),ieInitialExpSpCode,,,GL2105
RFCH,1,Supplier,KISWIRE,CZECH REPUBLIC,,,248CH,Supplier/Agent Info,,Material Code,cbMaterialCode,,,RFCH
RFCH,1,Supplier,KISWIRE,CZECH REPUBLIC,,,248CH,Supplier/Agent Info,,Material Description,ieMatDescSupplier,,,0.072 HT BEADWIRE BRONZE PLATED 1.83 MM
RFCH,1,Supplier,KISWIRE,CZECH REPUBLIC,,,248CH,Supplier/Agent Info,,Supplier,ieSupplier,,,KISWIRE
RFCH,1,Supplier,KISWIRE,CZECH REPUBLIC,,,248CH,Supplier/Agent Info,,Agent,ieAgent,,,
RFCH,1,Supplier,KISWIRE,CZECH REPUBLIC,,,248CH,Supplier/Agent Info,,Supplier Plant,ieSupplierPlant,,,CZECH REPUBLIC
RFCH,1,Supplier,KISWIRE,CZECH REPUBLIC,,,248CH,Supplier/Agent Info,,Agent Plant,ieAgentPlant,,,
RFCH,1,Supplier,KISWIRE,CZECH REPUBLIC,,,248CH,Supplier/Agent Info,,Supplier Plant - City,ieSupplierPlantLocationCity,,,Czech Republic
RFCH,1,Supplier,KISWIRE,CZECH REPUBLIC,,,248CH,Supplier/Agent Info,,Agent Plant - City,ieAgentPlantLocationCity,,,
RFCH,1,Supplier,KISWIRE,CZECH REPUBLIC,,,248CH,Supplier/Agent Info,,Supplier Plant - State,ieSupplierPlantLocationState,,,Others
RFCH,1,Supplier,KISWIRE,CZECH REPUBLIC,,,248CH,Supplier/Agent Info,,Agent Plant - State,ieAgentPlantLocationState,,,
RFCH,1,Supplier,KISWIRE,CZECH REPUBLIC,,,248CH,Supplier/Agent Info,,Agent Plant - Country,ieAgentPlantLocationCountry,,,
RFCH,1,Supplier,KISWIRE,CZECH REPUBLIC,,,248CH,Supplier/Agent Info,,Supplier Plant - Country,ieSupplierPlantLocationCountry,,,Czech Republic
RFCH,1,Supplier,KISWIRE,CZECH REPUBLIC,,,248CH,Supplier/Agent Info,,Plant Code,ieSISPlantCode,,,LXJ
RFCH,1,Supplier,KISWIRE,CZECH REPUBLIC,,,248CH,Supplier/Agent Info,,Plant Code,ieAgentPlantCode,,,
RFCH,1,Supplier,KISWIRE,CZECH REPUBLIC,,,248CH,Supplier/Agent Info,,Supplier Trade Name,ieSupplierTradeName,,,248CH
RFCH,1,Supplier,KISWIRE,CZECH REPUBLIC,,,248CH,Supplier/Agent Info,,Agent to Break Bulk?,cbBreakBulk,,,0
RFCH,1,Supplier,KISWIRE,CZECH REPUBLIC,,,248CH,Supplier/Agent Info,,Supplier Contact Name,ieSupplierContactName,,,
RFCH,1,Supplier,KISWIRE,CZECH REPUBLIC,,,248CH,Supplier/Agent Info,,Agent Contact Name,ieAgentContactName,,,
RFCH,1,Supplier,KISWIRE,CZECH REPUBLIC,,,248CH,Supplier/Agent Info,,Supplier Contact Type,ddlSupType,,,
RFCH,1,Supplier,KISWIRE,CZECH REPUBLIC,,,248CH,Supplier/Agent Info,,Agent Contact Type,ddlAgentType,,,
RFCH,1,Supplier,KISWIRE,CZECH REPUBLIC,,,248CH,Supplier/Agent Info,,Supplier email,ieSupplierEmail,,,
RFCH,1,Supplier,KISWIRE,CZECH REPUBLIC,,,248CH,Supplier/Agent Info,,Agent email,ieAgentEmail,,,
RFCH,1,Supplier,KISWIRE,CZECH REPUBLIC,,,248CH,Supplier/Agent Info,,Supplier Phone,ieSupplierPhone,,,
RFCH,1,Supplier,KISWIRE,CZECH REPUBLIC,,,248CH,Supplier/Agent Info,,Agent Phone,ieAgentPhone,,,
RFCH,1,Supplier,HYOSUNG CORPORATION,DONG NAI - STEELCORD,,,262CH,Supplier/Agent Info,,Initial Exp Spec Code (hidden),ieInitialExpSpCode,,,W00028
RFCH,1,Supplier,HYOSUNG CORPORATION,DONG NAI - STEELCORD,,,262CH,Supplier/Agent Info,,Material Code,cbMaterialCode,,,RFCH
RFCH,1,Supplier,HYOSUNG CORPORATION,DONG NAI - STEELCORD,,,262CH,Supplier/Agent Info,,Material Description,ieMatDescSupplier,,,0.072 HT BEADWIRE BRONZE PLATED 1.83 MM
RFCH,1,Supplier,HYOSUNG CORPORATION,DONG NAI - STEELCORD,,,262CH,Supplier/Agent Info,,Supplier,ieSupplier,,,HYOSUNG CORPORATION
RFCH,1,Supplier,HYOSUNG CORPORATION,DONG NAI - STEELCORD,,,262CH,Supplier/Agent Info,,Agent,ieAgent,,,
RFCH,1,Supplier,HYOSUNG CORPORATION,DONG NAI - STEELCORD,,,262CH,Supplier/Agent Info,,Supplier Plant,ieSupplierPlant,,,DONG NAI - STEELCORD
RFCH,1,Supplier,HYOSUNG CORPORATION,DONG NAI - STEELCORD,,,262CH,Supplier/Agent Info,,Agent Plant,ieAgentPlant,,,
RFCH,1,Supplier,HYOSUNG CORPORATION,DONG NAI - STEELCORD,,,262CH,Supplier/Agent Info,,Supplier Plant - City,ieSupplierPlantLocationCity,,,Dong Nai
RFCH,1,Supplier,HYOSUNG CORPORATION,DONG NAI - STEELCORD,,,262CH,Supplier/Agent Info,,Agent Plant - City,ieAgentPlantLocationCity,,,
RFCH,1,Supplier,HYOSUNG CORPORATION,DONG NAI - STEELCORD,,,262CH,Supplier/Agent Info,,Supplier Plant - State,ieSupplierPlantLocationState,,,Others
RFCH,1,Supplier,HYOSUNG CORPORATION,DONG NAI - STEELCORD,,,262CH,Supplier/Agent Info,,Agent Plant - State,ieAgentPlantLocationState,,,
RFCH,1,Supplier,HYOSUNG CORPORATION,DONG NAI - STEELCORD,,,262CH,Supplier/Agent Info,,Agent Plant - Country,ieAgentPlantLocationCountry,,,
RFCH,1,Supplier,HYOSUNG CORPORATION,DONG NAI - STEELCORD,,,262CH,Supplier/Agent Info,,Supplier Plant - Country,ieSupplierPlantLocationCountry,,,Vietnam
RFCH,1,Supplier,HYOSUNG CORPORATION,DONG NAI - STEELCORD,,,262CH,Supplier/Agent Info,,Plant Code,ieSISPlantCode,,,JTR
RFCH,1,Supplier,HYOSUNG CORPORATION,DONG NAI - STEELCORD,,,262CH,Supplier/Agent Info,,Plant Code,ieAgentPlantCode,,,
RFCH,1,Supplier,HYOSUNG CORPORATION,DONG NAI - STEELCORD,,,262CH,Supplier/Agent Info,,Supplier Trade Name,ieSupplierTradeName,,,262CH
RFCH,1,Supplier,HYOSUNG CORPORATION,DONG NAI - STEELCORD,,,262CH,Supplier/Agent Info,,Agent to Break Bulk?,cbBreakBulk,,,0
RFCH,1,Supplier,HYOSUNG CORPORATION,DONG NAI - STEELCORD,,,262CH,Supplier/Agent Info,,Supplier Contact Name,ieSupplierContactName,,,
RFCH,1,Supplier,HYOSUNG CORPORATION,DONG NAI - STEELCORD,,,262CH,Supplier/Agent Info,,Agent Contact Name,ieAgentContactName,,,
RFCH,1,Supplier,HYOSUNG CORPORATION,DONG NAI - STEELCORD,,,262CH,Supplier/Agent Info,,Supplier Contact Type,ddlSupType,,,
RFCH,1,Supplier,HYOSUNG CORPORATION,DONG NAI - STEELCORD,,,262CH,Supplier/Agent Info,,Agent Contact Type,ddlAgentType,,,
RFCH,1,Supplier,HYOSUNG CORPORATION,DONG NAI - STEELCORD,,,262CH,Supplier/Agent Info,,Supplier email,ieSupplierEmail,,,
RFCH,1,Supplier,HYOSUNG CORPORATION,DONG NAI - STEELCORD,,,262CH,Supplier/Agent Info,,Agent email,ieAgentEmail,,,
RFCH,1,Supplier,HYOSUNG CORPORATION,DONG NAI - STEELCORD,,,262CH,Supplier/Agent Info,,Supplier Phone,ieSupplierPhone,,,
RFCH,1,Supplier,HYOSUNG CORPORATION,DONG NAI - STEELCORD,,,262CH,Supplier/Agent Info,,Agent Phone,ieAgentPhone,,,
RFCH,1,Supplier,SHANDONG SNTON,SHANDONG,,,421CH,Supplier/Agent Info,,Initial Exp Spec Code (hidden),ieInitialExpSpCode,,,GL2102
RFCH,1,Supplier,SHANDONG SNTON,SHANDONG,,,421CH,Supplier/Agent Info,,Material Code,cbMaterialCode,,,RFCH
RFCH,1,Supplier,SHANDONG SNTON,SHANDONG,,,421CH,Supplier/Agent Info,,Material Description,ieMatDescSupplier,,,0.072 HT BEADWIRE BRONZE PLATED 1.83 MM
RFCH,1,Supplier,SHANDONG SNTON,SHANDONG,,,421CH,Supplier/Agent Info,,Supplier,ieSupplier,,,SHANDONG SNTON
RFCH,1,Supplier,SHANDONG SNTON,SHANDONG,,,421CH,Supplier/Agent Info,,Agent,ieAgent,,,
RFCH,1,Supplier,SHANDONG SNTON,SHANDONG,,,421CH,Supplier/Agent Info,,Supplier Plant,ieSupplierPlant,,,SHANDONG
RFCH,1,Supplier,SHANDONG SNTON,SHANDONG,,,421CH,Supplier/Agent Info,,Agent Plant,ieAgentPlant,,,
RFCH,1,Supplier,SHANDONG SNTON,SHANDONG,,,421CH,Supplier/Agent Info,,Supplier Plant - City,ieSupplierPlantLocationCity,,,Shandong
RFCH,1,Supplier,SHANDONG SNTON,SHANDONG,,,421CH,Supplier/Agent Info,,Agent Plant - City,ieAgentPlantLocationCity,,,
RFCH,1,Supplier,SHANDONG SNTON,SHANDONG,,,421CH,Supplier/Agent Info,,Supplier Plant - State,ieSupplierPlantLocationState,,,Others
RFCH,1,Supplier,SHANDONG SNTON,SHANDONG,,,421CH,Supplier/Agent Info,,Agent Plant - State,ieAgentPlantLocationState,,,
RFCH,1,Supplier,SHANDONG SNTON,SHANDONG,,,421CH,Supplier/Agent Info,,Agent Plant - Country,ieAgentPlantLocationCountry,,,
RFCH,1,Supplier,SHANDONG SNTON,SHANDONG,,,421CH,Supplier/Agent Info,,Supplier Plant - Country,ieSupplierPlantLocationCountry,,,China
RFCH,1,Supplier,SHANDONG SNTON,SHANDONG,,,421CH,Supplier/Agent Info,,Plant Code,ieSISPlantCode,,,LAQ
RFCH,1,Supplier,SHANDONG SNTON,SHANDONG,,,421CH,Supplier/Agent Info,,Plant Code,ieAgentPlantCode,,,
RFCH,1,Supplier,SHANDONG SNTON,SHANDONG,,,421CH,Supplier/Agent Info,,Supplier Trade Name,ieSupplierTradeName,,,421CH
RFCH,1,Supplier,SHANDONG SNTON,SHANDONG,,,421CH,Supplier/Agent Info,,Agent to Break Bulk?,cbBreakBulk,,,0
RFCH,1,Supplier,SHANDONG SNTON,SHANDONG,,,421CH,Supplier/Agent Info,,Supplier Contact Name,ieSupplierContactName,,,
RFCH,1,Supplier,SHANDONG SNTON,SHANDONG,,,421CH,Supplier/Agent Info,,Agent Contact Name,ieAgentContactName,,,
RFCH,1,Supplier,SHANDONG SNTON,SHANDONG,,,421CH,Supplier/Agent Info,,Supplier Contact Type,ddlSupType,,,
RFCH,1,Supplier,SHANDONG SNTON,SHANDONG,,,421CH,Supplier/Agent Info,,Agent Contact Type,ddlAgentType,,,
RFCH,1,Supplier,SHANDONG SNTON,SHANDONG,,,421CH,Supplier/Agent Info,,Supplier email,ieSupplierEmail,,,
RFCH,1,Supplier,SHANDONG SNTON,SHANDONG,,,421CH,Supplier/Agent Info,,Agent email,ieAgentEmail,,,
RFCH,1,Supplier,SHANDONG SNTON,SHANDONG,,,421CH,Supplier/Agent Info,,Supplier Phone,ieSupplierPhone,,,
RFCH,1,Supplier,SHANDONG SNTON,SHANDONG,,,421CH,Supplier/Agent Info,,Agent Phone,ieAgentPhone,,,
RFCH,1,Supplier,SHANDONG DAYE CO. LTD,SHANDONG XINXING INDUSTRIAL PARK,,,411CH,Supplier/Agent Info,,Initial Exp Spec Code (hidden),ieInitialExpSpCode,,,GL2099
RFCH,1,Supplier,SHANDONG DAYE CO. LTD,SHANDONG XINXING INDUSTRIAL PARK,,,411CH,Supplier/Agent Info,,Material Code,cbMaterialCode,,,RFCH
RFCH,1,Supplier,SHANDONG DAYE CO. LTD,SHANDONG XINXING INDUSTRIAL PARK,,,411CH,Supplier/Agent Info,,Material Description,ieMatDescSupplier,,,0.072 HT BEADWIRE BRONZE PLATED 1.83 MM
RFCH,1,Supplier,SHANDONG DAYE CO. LTD,SHANDONG XINXING INDUSTRIAL PARK,,,411CH,Supplier/Agent Info,,Supplier,ieSupplier,,,SHANDONG DAYE CO. LTD
RFCH,1,Supplier,SHANDONG DAYE CO. LTD,SHANDONG XINXING INDUSTRIAL PARK,,,411CH,Supplier/Agent Info,,Agent,ieAgent,,,
RFCH,1,Supplier,SHANDONG DAYE CO. LTD,SHANDONG XINXING INDUSTRIAL PARK,,,411CH,Supplier/Agent Info,,Supplier Plant,ieSupplierPlant,,,SHANDONG XINXING INDUSTRIAL PARK
RFCH,1,Supplier,SHANDONG DAYE CO. LTD,SHANDONG XINXING INDUSTRIAL PARK,,,411CH,Supplier/Agent Info,,Agent Plant,ieAgentPlant,,,
RFCH,1,Supplier,SHANDONG DAYE CO. LTD,SHANDONG XINXING INDUSTRIAL PARK,,,411CH,Supplier/Agent Info,,Supplier Plant - City,ieSupplierPlantLocationCity,,,Shandong Province
RFCH,1,Supplier,SHANDONG DAYE CO. LTD,SHANDONG XINXING INDUSTRIAL PARK,,,411CH,Supplier/Agent Info,,Agent Plant - City,ieAgentPlantLocationCity,,,
RFCH,1,Supplier,SHANDONG DAYE CO. LTD,SHANDONG XINXING INDUSTRIAL PARK,,,411CH,Supplier/Agent Info,,Supplier Plant - State,ieSupplierPlantLocationState,,,Others
RFCH,1,Supplier,SHANDONG DAYE CO. LTD,SHANDONG XINXING INDUSTRIAL PARK,,,411CH,Supplier/Agent Info,,Agent Plant - State,ieAgentPlantLocationState,,,
RFCH,1,Supplier,SHANDONG DAYE CO. LTD,SHANDONG XINXING INDUSTRIAL PARK,,,411CH,Supplier/Agent Info,,Agent Plant - Country,ieAgentPlantLocationCountry,,,
RFCH,1,Supplier,SHANDONG DAYE CO. LTD,SHANDONG XINXING INDUSTRIAL PARK,,,411CH,Supplier/Agent Info,,Supplier Plant - Country,ieSupplierPlantLocationCountry,,,China
RFCH,1,Supplier,SHANDONG DAYE CO. LTD,SHANDONG XINXING INDUSTRIAL PARK,,,411CH,Supplier/Agent Info,,Plant Code,ieSISPlantCode,,,JVD
RFCH,1,Supplier,SHANDONG DAYE CO. LTD,SHANDONG XINXING INDUSTRIAL PARK,,,411CH,Supplier/Agent Info,,Plant Code,ieAgentPlantCode,,,
RFCH,1,Supplier,SHANDONG DAYE CO. LTD,SHANDONG XINXING INDUSTRIAL PARK,,,411CH,Supplier/Agent Info,,Supplier Trade Name,ieSupplierTradeName,,,411CH
RFCH,1,Supplier,SHANDONG DAYE CO. LTD,SHANDONG XINXING INDUSTRIAL PARK,,,411CH,Supplier/Agent Info,,Agent to Break Bulk?,cbBreakBulk,,,0
RFCH,1,Supplier,SHANDONG DAYE CO. LTD,SHANDONG XINXING INDUSTRIAL PARK,,,411CH,Supplier/Agent Info,,Supplier Contact Name,ieSupplierContactName,,,
RFCH,1,Supplier,SHANDONG DAYE CO. LTD,SHANDONG XINXING INDUSTRIAL PARK,,,411CH,Supplier/Agent Info,,Agent Contact Name,ieAgentContactName,,,
RFCH,1,Supplier,SHANDONG DAYE CO. LTD,SHANDONG XINXING INDUSTRIAL PARK,,,411CH,Supplier/Agent Info,,Supplier Contact Type,ddlSupType,,,
RFCH,1,Supplier,SHANDONG DAYE CO. LTD,SHANDONG XINXING INDUSTRIAL PARK,,,411CH,Supplier/Agent Info,,Agent Contact Type,ddlAgentType,,,
RFCH,1,Supplier,SHANDONG DAYE CO. LTD,SHANDONG XINXING INDUSTRIAL PARK,,,411CH,Supplier/Agent Info,,Supplier email,ieSupplierEmail,,,
RFCH,1,Supplier,SHANDONG DAYE CO. LTD,SHANDONG XINXING INDUSTRIAL PARK,,,411CH,Supplier/Agent Info,,Agent email,ieAgentEmail,,,
RFCH,1,Supplier,SHANDONG DAYE CO. LTD,SHANDONG XINXING INDUSTRIAL PARK,,,411CH,Supplier/Agent Info,,Supplier Phone,ieSupplierPhone,,,
RFCH,1,Supplier,SHANDONG DAYE CO. LTD,SHANDONG XINXING INDUSTRIAL PARK,,,411CH,Supplier/Agent Info,,Agent Phone,ieAgentPhone,,,
RFCH,1,Supplier,SHANDONG DAYE CO. LTD,SHANDONG XINXING INDUSTRIAL PARK,,,431CH,Supplier/Agent Info,,Initial Exp Spec Code (hidden),ieInitialExpSpCode,,,
RFCH,1,Supplier,SHANDONG DAYE CO. LTD,SHANDONG XINXING INDUSTRIAL PARK,,,431CH,Supplier/Agent Info,,Material Code,cbMaterialCode,,,RFCH
RFCH,1,Supplier,SHANDONG DAYE CO. LTD,SHANDONG XINXING INDUSTRIAL PARK,,,431CH,Supplier/Agent Info,,Material Description,ieMatDescSupplier,,,0.072 HT BEADWIRE BRONZE PLATED 1.83 MM
RFCH,1,Supplier,SHANDONG DAYE CO. LTD,SHANDONG XINXING INDUSTRIAL PARK,,,431CH,Supplier/Agent Info,,Supplier,ieSupplier,,,SHANDONG DAYE CO. LTD
RFCH,1,Supplier,SHANDONG DAYE CO. LTD,SHANDONG XINXING INDUSTRIAL PARK,,,431CH,Supplier/Agent Info,,Agent,ieAgent,,,
RFCH,1,Supplier,SHANDONG DAYE CO. LTD,SHANDONG XINXING INDUSTRIAL PARK,,,431CH,Supplier/Agent Info,,Supplier Plant,ieSupplierPlant,,,SHANDONG XINXING INDUSTRIAL PARK
RFCH,1,Supplier,SHANDONG DAYE CO. LTD,SHANDONG XINXING INDUSTRIAL PARK,,,431CH,Supplier/Agent Info,,Agent Plant,ieAgentPlant,,,
RFCH,1,Supplier,SHANDONG DAYE CO. LTD,SHANDONG XINXING INDUSTRIAL PARK,,,431CH,Supplier/Agent Info,,Supplier Plant - City,ieSupplierPlantLocationCity,,,Shandong Province
RFCH,1,Supplier,SHANDONG DAYE CO. LTD,SHANDONG XINXING INDUSTRIAL PARK,,,431CH,Supplier/Agent Info,,Agent Plant - City,ieAgentPlantLocationCity,,,
RFCH,1,Supplier,SHANDONG DAYE CO. LTD,SHANDONG XINXING INDUSTRIAL PARK,,,431CH,Supplier/Agent Info,,Supplier Plant - State,ieSupplierPlantLocationState,,,Others
RFCH,1,Supplier,SHANDONG DAYE CO. LTD,SHANDONG XINXING INDUSTRIAL PARK,,,431CH,Supplier/Agent Info,,Agent Plant - State,ieAgentPlantLocationState,,,
RFCH,1,Supplier,SHANDONG DAYE CO. LTD,SHANDONG XINXING INDUSTRIAL PARK,,,431CH,Supplier/Agent Info,,Agent Plant - Country,ieAgentPlantLocationCountry,,,
RFCH,1,Supplier,SHANDONG DAYE CO. LTD,SHANDONG XINXING INDUSTRIAL PARK,,,431CH,Supplier/Agent Info,,Supplier Plant - Country,ieSupplierPlantLocationCountry,,,China
RFCH,1,Supplier,SHANDONG DAYE CO. LTD,SHANDONG XINXING INDUSTRIAL PARK,,,431CH,Supplier/Agent Info,,Plant Code,ieSISPlantCode,,,JVD
RFCH,1,Supplier,SHANDONG DAYE CO. LTD,SHANDONG XINXING INDUSTRIAL PARK,,,431CH,Supplier/Agent Info,,Plant Code,ieAgentPlantCode,,,
RFCH,1,Supplier,SHANDONG DAYE CO. LTD,SHANDONG XINXING INDUSTRIAL PARK,,,431CH,Supplier/Agent Info,,Supplier Trade Name,ieSupplierTradeName,,,431CH
RFCH,1,Supplier,SHANDONG DAYE CO. LTD,SHANDONG XINXING INDUSTRIAL PARK,,,431CH,Supplier/Agent Info,,Agent to Break Bulk?,cbBreakBulk,,,0
RFCH,1,Supplier,SHANDONG DAYE CO. LTD,SHANDONG XINXING INDUSTRIAL PARK,,,431CH,Supplier/Agent Info,,Supplier Contact Name,ieSupplierContactName,,,
RFCH,1,Supplier,SHANDONG DAYE CO. LTD,SHANDONG XINXING INDUSTRIAL PARK,,,431CH,Supplier/Agent Info,,Agent Contact Name,ieAgentContactName,,,
RFCH,1,Supplier,SHANDONG DAYE CO. LTD,SHANDONG XINXING INDUSTRIAL PARK,,,431CH,Supplier/Agent Info,,Supplier Contact Type,ddlSupType,,,
RFCH,1,Supplier,SHANDONG DAYE CO. LTD,SHANDONG XINXING INDUSTRIAL PARK,,,431CH,Supplier/Agent Info,,Agent Contact Type,ddlAgentType,,,
RFCH,1,Supplier,SHANDONG DAYE CO. LTD,SHANDONG XINXING INDUSTRIAL PARK,,,431CH,Supplier/Agent Info,,Supplier email,ieSupplierEmail,,,
RFCH,1,Supplier,SHANDONG DAYE CO. LTD,SHANDONG XINXING INDUSTRIAL PARK,,,431CH,Supplier/Agent Info,,Agent email,ieAgentEmail,,,
RFCH,1,Supplier,SHANDONG DAYE CO. LTD,SHANDONG XINXING INDUSTRIAL PARK,,,431CH,Supplier/Agent Info,,Supplier Phone,ieSupplierPhone,,,
RFCH,1,Supplier,SHANDONG DAYE CO. LTD,SHANDONG XINXING INDUSTRIAL PARK,,,431CH,Supplier/Agent Info,,Agent Phone,ieAgentPhone,,,
RFCH,1,Supplier,KISWIRE,RONGCHENG CITY,,,252CH,Supplier/Agent Info,,Initial Exp Spec Code (hidden),ieInitialExpSpCode,,,
RFCH,1,Supplier,KISWIRE,RONGCHENG CITY,,,252CH,Supplier/Agent Info,,Material Code,cbMaterialCode,,,RFCH
RFCH,1,Supplier,KISWIRE,RONGCHENG CITY,,,252CH,Supplier/Agent Info,,Material Description,ieMatDescSupplier,,,0.072 HT BEADWIRE BRONZE PLATED 1.83 MM
RFCH,1,Supplier,KISWIRE,RONGCHENG CITY,,,252CH,Supplier/Agent Info,,Supplier,ieSupplier,,,KISWIRE
RFCH,1,Supplier,KISWIRE,RONGCHENG CITY,,,252CH,Supplier/Agent Info,,Agent,ieAgent,,,
RFCH,1,Supplier,KISWIRE,RONGCHENG CITY,,,252CH,Supplier/Agent Info,,Supplier Plant,ieSupplierPlant,,,RONGCHENG CITY
RFCH,1,Supplier,KISWIRE,RONGCHENG CITY,,,252CH,Supplier/Agent Info,,Agent Plant,ieAgentPlant,,,
RFCH,1,Supplier,KISWIRE,RONGCHENG CITY,,,252CH,Supplier/Agent Info,,Supplier Plant - City,ieSupplierPlantLocationCity,,,Rongcheng City
RFCH,1,Supplier,KISWIRE,RONGCHENG CITY,,,252CH,Supplier/Agent Info,,Agent Plant - City,ieAgentPlantLocationCity,,,
RFCH,1,Supplier,KISWIRE,RONGCHENG CITY,,,252CH,Supplier/Agent Info,,Supplier Plant - State,ieSupplierPlantLocationState,,,Others
RFCH,1,Supplier,KISWIRE,RONGCHENG CITY,,,252CH,Supplier/Agent Info,,Agent Plant - State,ieAgentPlantLocationState,,,
RFCH,1,Supplier,KISWIRE,RONGCHENG CITY,,,252CH,Supplier/Agent Info,,Agent Plant - Country,ieAgentPlantLocationCountry,,,
RFCH,1,Supplier,KISWIRE,RONGCHENG CITY,,,252CH,Supplier/Agent Info,,Supplier Plant - Country,ieSupplierPlantLocationCountry,,,China
RFCH,1,Supplier,KISWIRE,RONGCHENG CITY,,,252CH,Supplier/Agent Info,,Plant Code,ieSISPlantCode,,,ALJ
RFCH,1,Supplier,KISWIRE,RONGCHENG CITY,,,252CH,Supplier/Agent Info,,Plant Code,ieAgentPlantCode,,,
RFCH,1,Supplier,KISWIRE,RONGCHENG CITY,,,252CH,Supplier/Agent Info,,Supplier Trade Name,ieSupplierTradeName,,,252CH
RFCH,1,Supplier,KISWIRE,RONGCHENG CITY,,,252CH,Supplier/Agent Info,,Agent to Break Bulk?,cbBreakBulk,,,0
RFCH,1,Supplier,KISWIRE,RONGCHENG CITY,,,252CH,Supplier/Agent Info,,Supplier Contact Name,ieSupplierContactName,,,
RFCH,1,Supplier,KISWIRE,RONGCHENG CITY,,,252CH,Supplier/Agent Info,,Agent Contact Name,ieAgentContactName,,,
RFCH,1,Supplier,KISWIRE,RONGCHENG CITY,,,252CH,Supplier/Agent Info,,Supplier Contact Type,ddlSupType,,,
RFCH,1,Supplier,KISWIRE,RONGCHENG CITY,,,252CH,Supplier/Agent Info,,Agent Contact Type,ddlAgentType,,,
RFCH,1,Supplier,KISWIRE,RONGCHENG CITY,,,252CH,Supplier/Agent Info,,Supplier email,ieSupplierEmail,,,
RFCH,1,Supplier,KISWIRE,RONGCHENG CITY,,,252CH,Supplier/Agent Info,,Agent email,ieAgentEmail,,,
RFCH,1,Supplier,KISWIRE,RONGCHENG CITY,,,252CH,Supplier/Agent Info,,Supplier Phone,ieSupplierPhone,,,
RFCH,1,Supplier,KISWIRE,RONGCHENG CITY,,,252CH,Supplier/Agent Info,,Agent Phone,ieAgentPhone,,,
RFCH,1,Supplier,BEKAERT,ITAUNA - BRAZIL (BEAD WIRE),,,029CH,Supplier/Agent Info,,Initial Exp Spec Code (hidden),ieInitialExpSpCode,,,
RFCH,1,Supplier,BEKAERT,ITAUNA - BRAZIL (BEAD WIRE),,,029CH,Supplier/Agent Info,,Material Code,cbMaterialCode,,,RFCH
RFCH,1,Supplier,BEKAERT,ITAUNA - BRAZIL (BEAD WIRE),,,029CH,Supplier/Agent Info,,Material Description,ieMatDescSupplier,,,0.072 HT BEADWIRE BRONZE PLATED 1.83 MM
RFCH,1,Supplier,BEKAERT,ITAUNA - BRAZIL (BEAD WIRE),,,029CH,Supplier/Agent Info,,Supplier,ieSupplier,,,BEKAERT
RFCH,1,Supplier,BEKAERT,ITAUNA - BRAZIL (BEAD WIRE),,,029CH,Supplier/Agent Info,,Agent,ieAgent,,,
RFCH,1,Supplier,BEKAERT,ITAUNA - BRAZIL (BEAD WIRE),,,029CH,Supplier/Agent Info,,Supplier Plant,ieSupplierPlant,,,ITAUNA - BRAZIL (BEAD WIRE)
RFCH,1,Supplier,BEKAERT,ITAUNA - BRAZIL (BEAD WIRE),,,029CH,Supplier/Agent Info,,Agent Plant,ieAgentPlant,,,
RFCH,1,Supplier,BEKAERT,ITAUNA - BRAZIL (BEAD WIRE),,,029CH,Supplier/Agent Info,,Supplier Plant - City,ieSupplierPlantLocationCity,,,Itauna
RFCH,1,Supplier,BEKAERT,ITAUNA - BRAZIL (BEAD WIRE),,,029CH,Supplier/Agent Info,,Agent Plant - City,ieAgentPlantLocationCity,,,
RFCH,1,Supplier,BEKAERT,ITAUNA - BRAZIL (BEAD WIRE),,,029CH,Supplier/Agent Info,,Supplier Plant - State,ieSupplierPlantLocationState,,,Others
RFCH,1,Supplier,BEKAERT,ITAUNA - BRAZIL (BEAD WIRE),,,029CH,Supplier/Agent Info,,Agent Plant - State,ieAgentPlantLocationState,,,
RFCH,1,Supplier,BEKAERT,ITAUNA - BRAZIL (BEAD WIRE),,,029CH,Supplier/Agent Info,,Agent Plant - Country,ieAgentPlantLocationCountry,,,
RFCH,1,Supplier,BEKAERT,ITAUNA - BRAZIL (BEAD WIRE),,,029CH,Supplier/Agent Info,,Supplier Plant - Country,ieSupplierPlantLocationCountry,,,Brazil
RFCH,1,Supplier,BEKAERT,ITAUNA - BRAZIL (BEAD WIRE),,,029CH,Supplier/Agent Info,,Plant Code,ieSISPlantCode,,,BEI
RFCH,1,Supplier,BEKAERT,ITAUNA - BRAZIL (BEAD WIRE),,,029CH,Supplier/Agent Info,,Plant Code,ieAgentPlantCode,,,
RFCH,1,Supplier,BEKAERT,ITAUNA - BRAZIL (BEAD WIRE),,,029CH,Supplier/Agent Info,,Supplier Trade Name,ieSupplierTradeName,,,029CH
RFCH,1,Supplier,BEKAERT,ITAUNA - BRAZIL (BEAD WIRE),,,029CH,Supplier/Agent Info,,Agent to Break Bulk?,cbBreakBulk,,,0
RFCH,1,Supplier,BEKAERT,ITAUNA - BRAZIL (BEAD WIRE),,,029CH,Supplier/Agent Info,,Supplier Contact Name,ieSupplierContactName,,,
RFCH,1,Supplier,BEKAERT,ITAUNA - BRAZIL (BEAD WIRE),,,029CH,Supplier/Agent Info,,Agent Contact Name,ieAgentContactName,,,
RFCH,1,Supplier,BEKAERT,ITAUNA - BRAZIL (BEAD WIRE),,,029CH,Supplier/Agent Info,,Supplier Contact Type,ddlSupType,,,
RFCH,1,Supplier,BEKAERT,ITAUNA - BRAZIL (BEAD WIRE),,,029CH,Supplier/Agent Info,,Agent Contact Type,ddlAgentType,,,
RFCH,1,Supplier,BEKAERT,ITAUNA - BRAZIL (BEAD WIRE),,,029CH,Supplier/Agent Info,,Supplier email,ieSupplierEmail,,,
RFCH,1,Supplier,BEKAERT,ITAUNA - BRAZIL (BEAD WIRE),,,029CH,Supplier/Agent Info,,Agent email,ieAgentEmail,,,
RFCH,1,Supplier,BEKAERT,ITAUNA - BRAZIL (BEAD WIRE),,,029CH,Supplier/Agent Info,,Supplier Phone,ieSupplierPhone,,,
RFCH,1,Supplier,BEKAERT,ITAUNA - BRAZIL (BEAD WIRE),,,029CH,Supplier/Agent Info,,Agent Phone,ieAgentPhone,,,
RFCH,1,Supplier,KISWIRE,Pine Bluff,,,247CH,Supplier/Agent Info,,Initial Exp Spec Code (hidden),ieInitialExpSpCode,,,
RFCH,1,Supplier,KISWIRE,Pine Bluff,,,247CH,Supplier/Agent Info,,Material Code,cbMaterialCode,,,RFCH
RFCH,1,Supplier,KISWIRE,Pine Bluff,,,247CH,Supplier/Agent Info,,Material Description,ieMatDescSupplier,,,0.072 HT BEADWIRE BRONZE PLATED 1.83 MM
RFCH,1,Supplier,KISWIRE,Pine Bluff,,,247CH,Supplier/Agent Info,,Supplier,ieSupplier,,,KISWIRE
RFCH,1,Supplier,KISWIRE,Pine Bluff,,,247CH,Supplier/Agent Info,,Agent,ieAgent,,,
RFCH,1,Supplier,KISWIRE,Pine Bluff,,,247CH,Supplier/Agent Info,,Supplier Plant,ieSupplierPlant,,,Pine Bluff
RFCH,1,Supplier,KISWIRE,Pine Bluff,,,247CH,Supplier/Agent Info,,Agent Plant,ieAgentPlant,,,
RFCH,1,Supplier,KISWIRE,Pine Bluff,,,247CH,Supplier/Agent Info,,Supplier Plant - City,ieSupplierPlantLocationCity,,,Pine Bluff
RFCH,1,Supplier,KISWIRE,Pine Bluff,,,247CH,Supplier/Agent Info,,Agent Plant - City,ieAgentPlantLocationCity,,,
RFCH,1,Supplier,KISWIRE,Pine Bluff,,,247CH,Supplier/Agent Info,,Supplier Plant - State,ieSupplierPlantLocationState,,,AR
RFCH,1,Supplier,KISWIRE,Pine Bluff,,,247CH,Supplier/Agent Info,,Agent Plant - State,ieAgentPlantLocationState,,,
RFCH,1,Supplier,KISWIRE,Pine Bluff,,,247CH,Supplier/Agent Info,,Agent Plant - Country,ieAgentPlantLocationCountry,,,
RFCH,1,Supplier,KISWIRE,Pine Bluff,,,247CH,Supplier/Agent Info,,Supplier Plant - Country,ieSupplierPlantLocationCountry,,,USA
RFCH,1,Supplier,KISWIRE,Pine Bluff,,,247CH,Supplier/Agent Info,,Plant Code,ieSISPlantCode,,,
RFCH,1,Supplier,KISWIRE,Pine Bluff,,,247CH,Supplier/Agent Info,,Plant Code,ieAgentPlantCode,,,
RFCH,1,Supplier,KISWIRE,Pine Bluff,,,247CH,Supplier/Agent Info,,Supplier Trade Name,ieSupplierTradeName,,,247CH
RFCH,1,Supplier,KISWIRE,Pine Bluff,,,247CH,Supplier/Agent Info,,Agent to Break Bulk?,cbBreakBulk,,,0
RFCH,1,Supplier,KISWIRE,Pine Bluff,,,247CH,Supplier/Agent Info,,Supplier Contact Name,ieSupplierContactName,,,
RFCH,1,Supplier,KISWIRE,Pine Bluff,,,247CH,Supplier/Agent Info,,Agent Contact Name,ieAgentContactName,,,
RFCH,1,Supplier,KISWIRE,Pine Bluff,,,247CH,Supplier/Agent Info,,Supplier Contact Type,ddlSupType,,,
RFCH,1,Supplier,KISWIRE,Pine Bluff,,,247CH,Supplier/Agent Info,,Agent Contact Type,ddlAgentType,,,
RFCH,1,Supplier,KISWIRE,Pine Bluff,,,247CH,Supplier/Agent Info,,Supplier email,ieSupplierEmail,,,
RFCH,1,Supplier,KISWIRE,Pine Bluff,,,247CH,Supplier/Agent Info,,Agent email,ieAgentEmail,,,
RFCH,1,Supplier,KISWIRE,Pine Bluff,,,247CH,Supplier/Agent Info,,Supplier Phone,ieSupplierPhone,,,
RFCH,1,Supplier,KISWIRE,Pine Bluff,,,247CH,Supplier/Agent Info,,Agent Phone,ieAgentPhone,,,
RFCH,1,Supplier,KERN,TRINEC - KONSKA,,,391CH,Supplier/Agent Info,,Initial Exp Spec Code (hidden),ieInitialExpSpCode,,,
RFCH,1,Supplier,KERN,TRINEC - KONSKA,,,391CH,Supplier/Agent Info,,Material Code,cbMaterialCode,,,RFCH
RFCH,1,Supplier,KERN,TRINEC - KONSKA,,,391CH,Supplier/Agent Info,,Material Description,ieMatDescSupplier,,,0.072 HT BEADWIRE BRONZE PLATED 1.83 MM
RFCH,1,Supplier,KERN,TRINEC - KONSKA,,,391CH,Supplier/Agent Info,,Supplier,ieSupplier,,,KERN
RFCH,1,Supplier,KERN,TRINEC - KONSKA,,,391CH,Supplier/Agent Info,,Agent,ieAgent,,,
RFCH,1,Supplier,KERN,TRINEC - KONSKA,,,391CH,Supplier/Agent Info,,Supplier Plant,ieSupplierPlant,,,TRINEC - KONSKA
RFCH,1,Supplier,KERN,TRINEC - KONSKA,,,391CH,Supplier/Agent Info,,Agent Plant,ieAgentPlant,,,
RFCH,1,Supplier,KERN,TRINEC - KONSKA,,,391CH,Supplier/Agent Info,,Supplier Plant - City,ieSupplierPlantLocationCity,,,Trinec - Konska
RFCH,1,Supplier,KERN,TRINEC - KONSKA,,,391CH,Supplier/Agent Info,,Agent Plant - City,ieAgentPlantLocationCity,,,
RFCH,1,Supplier,KERN,TRINEC - KONSKA,,,391CH,Supplier/Agent Info,,Supplier Plant - State,ieSupplierPlantLocationState,,,Others
RFCH,1,Supplier,KERN,TRINEC - KONSKA,,,391CH,Supplier/Agent Info,,Agent Plant - State,ieAgentPlantLocationState,,,
RFCH,1,Supplier,KERN,TRINEC - KONSKA,,,391CH,Supplier/Agent Info,,Agent Plant - Country,ieAgentPlantLocationCountry,,,
RFCH,1,Supplier,KERN,TRINEC - KONSKA,,,391CH,Supplier/Agent Info,,Supplier Plant - Country,ieSupplierPlantLocationCountry,,,Czech Republic
RFCH,1,Supplier,KERN,TRINEC - KONSKA,,,391CH,Supplier/Agent Info,,Plant Code,ieSISPlantCode,,,EOZ
RFCH,1,Supplier,KERN,TRINEC - KONSKA,,,391CH,Supplier/Agent Info,,Plant Code,ieAgentPlantCode,,,
RFCH,1,Supplier,KERN,TRINEC - KONSKA,,,391CH,Supplier/Agent Info,,Supplier Trade Name,ieSupplierTradeName,,,391CH
RFCH,1,Supplier,KERN,TRINEC - KONSKA,,,391CH,Supplier/Agent Info,,Agent to Break Bulk?,cbBreakBulk,,,0
RFCH,1,Supplier,KERN,TRINEC - KONSKA,,,391CH,Supplier/Agent Info,,Supplier Contact Name,ieSupplierContactName,,,
RFCH,1,Supplier,KERN,TRINEC - KONSKA,,,391CH,Supplier/Agent Info,,Agent Contact Name,ieAgentContactName,,,
RFCH,1,Supplier,KERN,TRINEC - KONSKA,,,391CH,Supplier/Agent Info,,Supplier Contact Type,ddlSupType,,,
RFCH,1,Supplier,KERN,TRINEC - KONSKA,,,391CH,Supplier/Agent Info,,Agent Contact Type,ddlAgentType,,,
RFCH,1,Supplier,KERN,TRINEC - KONSKA,,,391CH,Supplier/Agent Info,,Supplier email,ieSupplierEmail,,,
RFCH,1,Supplier,KERN,TRINEC - KONSKA,,,391CH,Supplier/Agent Info,,Agent email,ieAgentEmail,,,
RFCH,1,Supplier,KERN,TRINEC - KONSKA,,,391CH,Supplier/Agent Info,,Supplier Phone,ieSupplierPhone,,,
RFCH,1,Supplier,KERN,TRINEC - KONSKA,,,391CH,Supplier/Agent Info,,Agent Phone,ieAgentPhone,,,
RFCH,1,Supplier,KISWIRE,QINGDAO,,,246CH,Supplier/Agent Info,,Initial Exp Spec Code (hidden),ieInitialExpSpCode,,,
RFCH,1,Supplier,KISWIRE,QINGDAO,,,246CH,Supplier/Agent Info,,Material Code,cbMaterialCode,,,RFCH
RFCH,1,Supplier,KISWIRE,QINGDAO,,,246CH,Supplier/Agent Info,,Material Description,ieMatDescSupplier,,,0.072 HT BEADWIRE BRONZE PLATED 1.83 MM
RFCH,1,Supplier,KISWIRE,QINGDAO,,,246CH,Supplier/Agent Info,,Supplier,ieSupplier,,,KISWIRE
RFCH,1,Supplier,KISWIRE,QINGDAO,,,246CH,Supplier/Agent Info,,Agent,ieAgent,,,
RFCH,1,Supplier,KISWIRE,QINGDAO,,,246CH,Supplier/Agent Info,,Supplier Plant,ieSupplierPlant,,,QINGDAO
RFCH,1,Supplier,KISWIRE,QINGDAO,,,246CH,Supplier/Agent Info,,Agent Plant,ieAgentPlant,,,
RFCH,1,Supplier,KISWIRE,QINGDAO,,,246CH,Supplier/Agent Info,,Supplier Plant - City,ieSupplierPlantLocationCity,,,Qingdao
RFCH,1,Supplier,KISWIRE,QINGDAO,,,246CH,Supplier/Agent Info,,Agent Plant - City,ieAgentPlantLocationCity,,,
RFCH,1,Supplier,KISWIRE,QINGDAO,,,246CH,Supplier/Agent Info,,Supplier Plant - State,ieSupplierPlantLocationState,,,Others
RFCH,1,Supplier,KISWIRE,QINGDAO,,,246CH,Supplier/Agent Info,,Agent Plant - State,ieAgentPlantLocationState,,,
RFCH,1,Supplier,KISWIRE,QINGDAO,,,246CH,Supplier/Agent Info,,Agent Plant - Country,ieAgentPlantLocationCountry,,,
RFCH,1,Supplier,KISWIRE,QINGDAO,,,246CH,Supplier/Agent Info,,Supplier Plant - Country,ieSupplierPlantLocationCountry,,,China
RFCH,1,Supplier,KISWIRE,QINGDAO,,,246CH,Supplier/Agent Info,,Plant Code,ieSISPlantCode,,,JMA
RFCH,1,Supplier,KISWIRE,QINGDAO,,,246CH,Supplier/Agent Info,,Plant Code,ieAgentPlantCode,,,
RFCH,1,Supplier,KISWIRE,QINGDAO,,,246CH,Supplier/Agent Info,,Supplier Trade Name,ieSupplierTradeName,,,246CH
RFCH,1,Supplier,KISWIRE,QINGDAO,,,246CH,Supplier/Agent Info,,Agent to Break Bulk?,cbBreakBulk,,,0
RFCH,1,Supplier,KISWIRE,QINGDAO,,,246CH,Supplier/Agent Info,,Supplier Contact Name,ieSupplierContactName,,,
RFCH,1,Supplier,KISWIRE,QINGDAO,,,246CH,Supplier/Agent Info,,Agent Contact Name,ieAgentContactName,,,
RFCH,1,Supplier,KISWIRE,QINGDAO,,,246CH,Supplier/Agent Info,,Supplier Contact Type,ddlSupType,,,
RFCH,1,Supplier,KISWIRE,QINGDAO,,,246CH,Supplier/Agent Info,,Agent Contact Type,ddlAgentType,,,
RFCH,1,Supplier,KISWIRE,QINGDAO,,,246CH,Supplier/Agent Info,,Supplier email,ieSupplierEmail,,,
RFCH,1,Supplier,KISWIRE,QINGDAO,,,246CH,Supplier/Agent Info,,Agent email,ieAgentEmail,,,
RFCH,1,Supplier,KISWIRE,QINGDAO,,,246CH,Supplier/Agent Info,,Supplier Phone,ieSupplierPhone,,,
RFCH,1,Supplier,KISWIRE,QINGDAO,,,246CH,Supplier/Agent Info,,Agent Phone,ieAgentPhone,,,
RFCH,1,Supplier,NATIONAL STANDARD,STILLWATER,,,142CH,Supplier/Agent Info,,Initial Exp Spec Code (hidden),ieInitialExpSpCode,,,
RFCH,1,Supplier,NATIONAL STANDARD,STILLWATER,,,142CH,Supplier/Agent Info,,Material Code,cbMaterialCode,,,RFCH
RFCH,1,Supplier,NATIONAL STANDARD,STILLWATER,,,142CH,Supplier/Agent Info,,Material Description,ieMatDescSupplier,,,0.072 HT BEADWIRE BRONZE PLATED 1.83 MM
RFCH,1,Supplier,NATIONAL STANDARD,STILLWATER,,,142CH,Supplier/Agent Info,,Supplier,ieSupplier,,,NATIONAL STANDARD
RFCH,1,Supplier,NATIONAL STANDARD,STILLWATER,,,142CH,Supplier/Agent Info,,Agent,ieAgent,,,
RFCH,1,Supplier,NATIONAL STANDARD,STILLWATER,,,142CH,Supplier/Agent Info,,Supplier Plant,ieSupplierPlant,,,STILLWATER
RFCH,1,Supplier,NATIONAL STANDARD,STILLWATER,,,142CH,Supplier/Agent Info,,Agent Plant,ieAgentPlant,,,
RFCH,1,Supplier,NATIONAL STANDARD,STILLWATER,,,142CH,Supplier/Agent Info,,Supplier Plant - City,ieSupplierPlantLocationCity,,,Stillwater
RFCH,1,Supplier,NATIONAL STANDARD,STILLWATER,,,142CH,Supplier/Agent Info,,Agent Plant - City,ieAgentPlantLocationCity,,,
RFCH,1,Supplier,NATIONAL STANDARD,STILLWATER,,,142CH,Supplier/Agent Info,,Supplier Plant - State,ieSupplierPlantLocationState,,,OK
RFCH,1,Supplier,NATIONAL STANDARD,STILLWATER,,,142CH,Supplier/Agent Info,,Agent Plant - State,ieAgentPlantLocationState,,,
RFCH,1,Supplier,NATIONAL STANDARD,STILLWATER,,,142CH,Supplier/Agent Info,,Agent Plant - Country,ieAgentPlantLocationCountry,,,
RFCH,1,Supplier,NATIONAL STANDARD,STILLWATER,,,142CH,Supplier/Agent Info,,Supplier Plant - Country,ieSupplierPlantLocationCountry,,,USA
RFCH,1,Supplier,NATIONAL STANDARD,STILLWATER,,,142CH,Supplier/Agent Info,,Plant Code,ieSISPlantCode,,,AKH
RFCH,1,Supplier,NATIONAL STANDARD,STILLWATER,,,142CH,Supplier/Agent Info,,Plant Code,ieAgentPlantCode,,,
RFCH,1,Supplier,NATIONAL STANDARD,STILLWATER,,,142CH,Supplier/Agent Info,,Supplier Trade Name,ieSupplierTradeName,,,142CH
RFCH,1,Supplier,NATIONAL STANDARD,STILLWATER,,,142CH,Supplier/Agent Info,,Agent to Break Bulk?,cbBreakBulk,,,0
RFCH,1,Supplier,NATIONAL STANDARD,STILLWATER,,,142CH,Supplier/Agent Info,,Supplier Contact Name,ieSupplierContactName,,,
RFCH,1,Supplier,NATIONAL STANDARD,STILLWATER,,,142CH,Supplier/Agent Info,,Agent Contact Name,ieAgentContactName,,,
RFCH,1,Supplier,NATIONAL STANDARD,STILLWATER,,,142CH,Supplier/Agent Info,,Supplier Contact Type,ddlSupType,,,
RFCH,1,Supplier,NATIONAL STANDARD,STILLWATER,,,142CH,Supplier/Agent Info,,Agent Contact Type,ddlAgentType,,,
RFCH,1,Supplier,NATIONAL STANDARD,STILLWATER,,,142CH,Supplier/Agent Info,,Supplier email,ieSupplierEmail,,,
RFCH,1,Supplier,NATIONAL STANDARD,STILLWATER,,,142CH,Supplier/Agent Info,,Agent email,ieAgentEmail,,,
RFCH,1,Supplier,NATIONAL STANDARD,STILLWATER,,,142CH,Supplier/Agent Info,,Supplier Phone,ieSupplierPhone,,,
RFCH,1,Supplier,NATIONAL STANDARD,STILLWATER,,,142CH,Supplier/Agent Info,,Agent Phone,ieAgentPhone,,,
RFCH,1,Supplier,KISWIRE,NEWBERRY,,,243CH,Supplier/Agent Info,,Initial Exp Spec Code (hidden),ieInitialExpSpCode,,,
RFCH,1,Supplier,KISWIRE,NEWBERRY,,,243CH,Supplier/Agent Info,,Material Code,cbMaterialCode,,,RFCH
RFCH,1,Supplier,KISWIRE,NEWBERRY,,,243CH,Supplier/Agent Info,,Material Description,ieMatDescSupplier,,,0.072 HT BEADWIRE BRONZE PLATED 1.83 MM
RFCH,1,Supplier,KISWIRE,NEWBERRY,,,243CH,Supplier/Agent Info,,Supplier,ieSupplier,,,KISWIRE
RFCH,1,Supplier,KISWIRE,NEWBERRY,,,243CH,Supplier/Agent Info,,Agent,ieAgent,,,
RFCH,1,Supplier,KISWIRE,NEWBERRY,,,243CH,Supplier/Agent Info,,Supplier Plant,ieSupplierPlant,,,NEWBERRY
RFCH,1,Supplier,KISWIRE,NEWBERRY,,,243CH,Supplier/Agent Info,,Agent Plant,ieAgentPlant,,,
RFCH,1,Supplier,KISWIRE,NEWBERRY,,,243CH,Supplier/Agent Info,,Supplier Plant - City,ieSupplierPlantLocationCity,,,Newberry
RFCH,1,Supplier,KISWIRE,NEWBERRY,,,243CH,Supplier/Agent Info,,Agent Plant - City,ieAgentPlantLocationCity,,,
RFCH,1,Supplier,KISWIRE,NEWBERRY,,,243CH,Supplier/Agent Info,,Supplier Plant - State,ieSupplierPlantLocationState,,,SC
RFCH,1,Supplier,KISWIRE,NEWBERRY,,,243CH,Supplier/Agent Info,,Agent Plant - State,ieAgentPlantLocationState,,,
RFCH,1,Supplier,KISWIRE,NEWBERRY,,,243CH,Supplier/Agent Info,,Agent Plant - Country,ieAgentPlantLocationCountry,,,
RFCH,1,Supplier,KISWIRE,NEWBERRY,,,243CH,Supplier/Agent Info,,Supplier Plant - Country,ieSupplierPlantLocationCountry,,,USA
RFCH,1,Supplier,KISWIRE,NEWBERRY,,,243CH,Supplier/Agent Info,,Plant Code,ieSISPlantCode,,,CFR
RFCH,1,Supplier,KISWIRE,NEWBERRY,,,243CH,Supplier/Agent Info,,Plant Code,ieAgentPlantCode,,,
RFCH,1,Supplier,KISWIRE,NEWBERRY,,,243CH,Supplier/Agent Info,,Supplier Trade Name,ieSupplierTradeName,,,243CH
RFCH,1,Supplier,KISWIRE,NEWBERRY,,,243CH,Supplier/Agent Info,,Agent to Break Bulk?,cbBreakBulk,,,0
RFCH,1,Supplier,KISWIRE,NEWBERRY,,,243CH,Supplier/Agent Info,,Supplier Contact Name,ieSupplierContactName,,,
RFCH,1,Supplier,KISWIRE,NEWBERRY,,,243CH,Supplier/Agent Info,,Agent Contact Name,ieAgentContactName,,,
RFCH,1,Supplier,KISWIRE,NEWBERRY,,,243CH,Supplier/Agent Info,,Supplier Contact Type,ddlSupType,,,
RFCH,1,Supplier,KISWIRE,NEWBERRY,,,243CH,Supplier/Agent Info,,Agent Contact Type,ddlAgentType,,,
RFCH,1,Supplier,KISWIRE,NEWBERRY,,,243CH,Supplier/Agent Info,,Supplier email,ieSupplierEmail,,,
RFCH,1,Supplier,KISWIRE,NEWBERRY,,,243CH,Supplier/Agent Info,,Agent email,ieAgentEmail,,,
RFCH,1,Supplier,KISWIRE,NEWBERRY,,,243CH,Supplier/Agent Info,,Supplier Phone,ieSupplierPhone,,,
RFCH,1,Supplier,KISWIRE,NEWBERRY,,,243CH,Supplier/Agent Info,,Agent Phone,ieAgentPhone,,,
RFCH,1,Supplier,NAT STAN,UITENHAGE,,,145CH,Supplier/Agent Info,,Initial Exp Spec Code (hidden),ieInitialExpSpCode,,,
RFCH,1,Supplier,NAT STAN,UITENHAGE,,,145CH,Supplier/Agent Info,,Material Code,cbMaterialCode,,,RFCH
RFCH,1,Supplier,NAT STAN,UITENHAGE,,,145CH,Supplier/Agent Info,,Material Description,ieMatDescSupplier,,,0.072 HT BEADWIRE BRONZE PLATED 1.83 MM
RFCH,1,Supplier,NAT STAN,UITENHAGE,,,145CH,Supplier/Agent Info,,Supplier,ieSupplier,,,NAT STAN
RFCH,1,Supplier,NAT STAN,UITENHAGE,,,145CH,Supplier/Agent Info,,Agent,ieAgent,,,
RFCH,1,Supplier,NAT STAN,UITENHAGE,,,145CH,Supplier/Agent Info,,Supplier Plant,ieSupplierPlant,,,UITENHAGE
RFCH,1,Supplier,NAT STAN,UITENHAGE,,,145CH,Supplier/Agent Info,,Agent Plant,ieAgentPlant,,,
RFCH,1,Supplier,NAT STAN,UITENHAGE,,,145CH,Supplier/Agent Info,,Supplier Plant - City,ieSupplierPlantLocationCity,,,UITENHAGE
RFCH,1,Supplier,NAT STAN,UITENHAGE,,,145CH,Supplier/Agent Info,,Agent Plant - City,ieAgentPlantLocationCity,,,
RFCH,1,Supplier,NAT STAN,UITENHAGE,,,145CH,Supplier/Agent Info,,Supplier Plant - State,ieSupplierPlantLocationState,,,Others
RFCH,1,Supplier,NAT STAN,UITENHAGE,,,145CH,Supplier/Agent Info,,Agent Plant - State,ieAgentPlantLocationState,,,
RFCH,1,Supplier,NAT STAN,UITENHAGE,,,145CH,Supplier/Agent Info,,Agent Plant - Country,ieAgentPlantLocationCountry,,,
RFCH,1,Supplier,NAT STAN,UITENHAGE,,,145CH,Supplier/Agent Info,,Supplier Plant - Country,ieSupplierPlantLocationCountry,,,South Africa
RFCH,1,Supplier,NAT STAN,UITENHAGE,,,145CH,Supplier/Agent Info,,Plant Code,ieSISPlantCode,,,
RFCH,1,Supplier,NAT STAN,UITENHAGE,,,145CH,Supplier/Agent Info,,Plant Code,ieAgentPlantCode,,,
RFCH,1,Supplier,NAT STAN,UITENHAGE,,,145CH,Supplier/Agent Info,,Supplier Trade Name,ieSupplierTradeName,,,145CH
RFCH,1,Supplier,NAT STAN,UITENHAGE,,,145CH,Supplier/Agent Info,,Agent to Break Bulk?,cbBreakBulk,,,0
RFCH,1,Supplier,NAT STAN,UITENHAGE,,,145CH,Supplier/Agent Info,,Supplier Contact Name,ieSupplierContactName,,,
RFCH,1,Supplier,NAT STAN,UITENHAGE,,,145CH,Supplier/Agent Info,,Agent Contact Name,ieAgentContactName,,,
RFCH,1,Supplier,NAT STAN,UITENHAGE,,,145CH,Supplier/Agent Info,,Supplier Contact Type,ddlSupType,,,
RFCH,1,Supplier,NAT STAN,UITENHAGE,,,145CH,Supplier/Agent Info,,Agent Contact Type,ddlAgentType,,,
RFCH,1,Supplier,NAT STAN,UITENHAGE,,,145CH,Supplier/Agent Info,,Supplier email,ieSupplierEmail,,,
RFCH,1,Supplier,NAT STAN,UITENHAGE,,,145CH,Supplier/Agent Info,,Agent email,ieAgentEmail,,,
RFCH,1,Supplier,NAT STAN,UITENHAGE,,,145CH,Supplier/Agent Info,,Supplier Phone,ieSupplierPhone,,,
RFCH,1,Supplier,NAT STAN,UITENHAGE,,,145CH,Supplier/Agent Info,,Agent Phone,ieAgentPhone,,,
RFCH,1,Supplier,BMZ,MICORD,,,312CH,Supplier/Agent Info,,Initial Exp Spec Code (hidden),ieInitialExpSpCode,,,
RFCH,1,Supplier,BMZ,MICORD,,,312CH,Supplier/Agent Info,,Material Code,cbMaterialCode,,,RFCH
RFCH,1,Supplier,BMZ,MICORD,,,312CH,Supplier/Agent Info,,Material Description,ieMatDescSupplier,,,0.072 HT BEADWIRE BRONZE PLATED 1.83 MM
RFCH,1,Supplier,BMZ,MICORD,,,312CH,Supplier/Agent Info,,Supplier,ieSupplier,,,BMZ
RFCH,1,Supplier,BMZ,MICORD,,,312CH,Supplier/Agent Info,,Agent,ieAgent,,,
RFCH,1,Supplier,BMZ,MICORD,,,312CH,Supplier/Agent Info,,Supplier Plant,ieSupplierPlant,,,MICORD
RFCH,1,Supplier,BMZ,MICORD,,,312CH,Supplier/Agent Info,,Agent Plant,ieAgentPlant,,,
RFCH,1,Supplier,BMZ,MICORD,,,312CH,Supplier/Agent Info,,Supplier Plant - City,ieSupplierPlantLocationCity,,,"Micord, Bielorussia"
RFCH,1,Supplier,BMZ,MICORD,,,312CH,Supplier/Agent Info,,Agent Plant - City,ieAgentPlantLocationCity,,,
RFCH,1,Supplier,BMZ,MICORD,,,312CH,Supplier/Agent Info,,Supplier Plant - State,ieSupplierPlantLocationState,,,Others
RFCH,1,Supplier,BMZ,MICORD,,,312CH,Supplier/Agent Info,,Agent Plant - State,ieAgentPlantLocationState,,,
RFCH,1,Supplier,BMZ,MICORD,,,312CH,Supplier/Agent Info,,Agent Plant - Country,ieAgentPlantLocationCountry,,,
RFCH,1,Supplier,BMZ,MICORD,,,312CH,Supplier/Agent Info,,Supplier Plant - Country,ieSupplierPlantLocationCountry,,,Russia
RFCH,1,Supplier,BMZ,MICORD,,,312CH,Supplier/Agent Info,,Plant Code,ieSISPlantCode,,,ECH
RFCH,1,Supplier,BMZ,MICORD,,,312CH,Supplier/Agent Info,,Plant Code,ieAgentPlantCode,,,
RFCH,1,Supplier,BMZ,MICORD,,,312CH,Supplier/Agent Info,,Supplier Trade Name,ieSupplierTradeName,,,312CH
RFCH,1,Supplier,BMZ,MICORD,,,312CH,Supplier/Agent Info,,Agent to Break Bulk?,cbBreakBulk,,,0
RFCH,1,Supplier,BMZ,MICORD,,,312CH,Supplier/Agent Info,,Supplier Contact Name,ieSupplierContactName,,,
RFCH,1,Supplier,BMZ,MICORD,,,312CH,Supplier/Agent Info,,Agent Contact Name,ieAgentContactName,,,
RFCH,1,Supplier,BMZ,MICORD,,,312CH,Supplier/Agent Info,,Supplier Contact Type,ddlSupType,,,
RFCH,1,Supplier,BMZ,MICORD,,,312CH,Supplier/Agent Info,,Agent Contact Type,ddlAgentType,,,
RFCH,1,Supplier,BMZ,MICORD,,,312CH,Supplier/Agent Info,,Supplier email,ieSupplierEmail,,,
RFCH,1,Supplier,BMZ,MICORD,,,312CH,Supplier/Agent Info,,Agent email,ieAgentEmail,,,
RFCH,1,Supplier,BMZ,MICORD,,,312CH,Supplier/Agent Info,,Supplier Phone,ieSupplierPhone,,,
RFCH,1,Supplier,BMZ,MICORD,,,312CH,Supplier/Agent Info,,Agent Phone,ieAgentPhone,,,
RFCH,1,Supplier,BEKAERT,CLARKSDALE,,,041CH,Supplier/Agent Info,,Initial Exp Spec Code (hidden),ieInitialExpSpCode,,,
RFCH,1,Supplier,BEKAERT,CLARKSDALE,,,041CH,Supplier/Agent Info,,Material Code,cbMaterialCode,,,RFCH
RFCH,1,Supplier,BEKAERT,CLARKSDALE,,,041CH,Supplier/Agent Info,,Material Description,ieMatDescSupplier,,,0.072 HT BEADWIRE BRONZE PLATED 1.83 MM
RFCH,1,Supplier,BEKAERT,CLARKSDALE,,,041CH,Supplier/Agent Info,,Supplier,ieSupplier,,,BEKAERT
RFCH,1,Supplier,BEKAERT,CLARKSDALE,,,041CH,Supplier/Agent Info,,Agent,ieAgent,,,
RFCH,1,Supplier,BEKAERT,CLARKSDALE,,,041CH,Supplier/Agent Info,,Supplier Plant,ieSupplierPlant,,,CLARKSDALE
RFCH,1,Supplier,BEKAERT,CLARKSDALE,,,041CH,Supplier/Agent Info,,Agent Plant,ieAgentPlant,,,
RFCH,1,Supplier,BEKAERT,CLARKSDALE,,,041CH,Supplier/Agent Info,,Supplier Plant - City,ieSupplierPlantLocationCity,,,Clarksdale
RFCH,1,Supplier,BEKAERT,CLARKSDALE,,,041CH,Supplier/Agent Info,,Agent Plant - City,ieAgentPlantLocationCity,,,
RFCH,1,Supplier,BEKAERT,CLARKSDALE,,,041CH,Supplier/Agent Info,,Supplier Plant - State,ieSupplierPlantLocationState,,,MS
RFCH,1,Supplier,BEKAERT,CLARKSDALE,,,041CH,Supplier/Agent Info,,Agent Plant - State,ieAgentPlantLocationState,,,
RFCH,1,Supplier,BEKAERT,CLARKSDALE,,,041CH,Supplier/Agent Info,,Agent Plant - Country,ieAgentPlantLocationCountry,,,
RFCH,1,Supplier,BEKAERT,CLARKSDALE,,,041CH,Supplier/Agent Info,,Supplier Plant - Country,ieSupplierPlantLocationCountry,,,USA
RFCH,1,Supplier,BEKAERT,CLARKSDALE,,,041CH,Supplier/Agent Info,,Plant Code,ieSISPlantCode,,,
RFCH,1,Supplier,BEKAERT,CLARKSDALE,,,041CH,Supplier/Agent Info,,Plant Code,ieAgentPlantCode,,,
RFCH,1,Supplier,BEKAERT,CLARKSDALE,,,041CH,Supplier/Agent Info,,Supplier Trade Name,ieSupplierTradeName,,,041CH
RFCH,1,Supplier,BEKAERT,CLARKSDALE,,,041CH,Supplier/Agent Info,,Agent to Break Bulk?,cbBreakBulk,,,0
RFCH,1,Supplier,BEKAERT,CLARKSDALE,,,041CH,Supplier/Agent Info,,Supplier Contact Name,ieSupplierContactName,,,
RFCH,1,Supplier,BEKAERT,CLARKSDALE,,,041CH,Supplier/Agent Info,,Agent Contact Name,ieAgentContactName,,,
RFCH,1,Supplier,BEKAERT,CLARKSDALE,,,041CH,Supplier/Agent Info,,Supplier Contact Type,ddlSupType,,,
RFCH,1,Supplier,BEKAERT,CLARKSDALE,,,041CH,Supplier/Agent Info,,Agent Contact Type,ddlAgentType,,,
RFCH,1,Supplier,BEKAERT,CLARKSDALE,,,041CH,Supplier/Agent Info,,Supplier email,ieSupplierEmail,,,
RFCH,1,Supplier,BEKAERT,CLARKSDALE,,,041CH,Supplier/Agent Info,,Agent email,ieAgentEmail,,,
RFCH,1,Supplier,BEKAERT,CLARKSDALE,,,041CH,Supplier/Agent Info,,Supplier Phone,ieSupplierPhone,,,
RFCH,1,Supplier,BEKAERT,CLARKSDALE,,,041CH,Supplier/Agent Info,,Agent Phone,ieAgentPhone,,,
RFCH,1,Supplier,BEKAERT,ROME,,,022CH,Supplier/Agent Info,,Initial Exp Spec Code (hidden),ieInitialExpSpCode,,,
RFCH,1,Supplier,BEKAERT,ROME,,,022CH,Supplier/Agent Info,,Material Code,cbMaterialCode,,,RFCH
RFCH,1,Supplier,BEKAERT,ROME,,,022CH,Supplier/Agent Info,,Material Description,ieMatDescSupplier,,,0.072 HT BEADWIRE BRONZE PLATED 1.83 MM
RFCH,1,Supplier,BEKAERT,ROME,,,022CH,Supplier/Agent Info,,Supplier,ieSupplier,,,BEKAERT
RFCH,1,Supplier,BEKAERT,ROME,,,022CH,Supplier/Agent Info,,Agent,ieAgent,,,
RFCH,1,Supplier,BEKAERT,ROME,,,022CH,Supplier/Agent Info,,Supplier Plant,ieSupplierPlant,,,ROME
RFCH,1,Supplier,BEKAERT,ROME,,,022CH,Supplier/Agent Info,,Agent Plant,ieAgentPlant,,,
RFCH,1,Supplier,BEKAERT,ROME,,,022CH,Supplier/Agent Info,,Supplier Plant - City,ieSupplierPlantLocationCity,,,Rome
RFCH,1,Supplier,BEKAERT,ROME,,,022CH,Supplier/Agent Info,,Agent Plant - City,ieAgentPlantLocationCity,,,
RFCH,1,Supplier,BEKAERT,ROME,,,022CH,Supplier/Agent Info,,Supplier Plant - State,ieSupplierPlantLocationState,,,GA
RFCH,1,Supplier,BEKAERT,ROME,,,022CH,Supplier/Agent Info,,Agent Plant - State,ieAgentPlantLocationState,,,
RFCH,1,Supplier,BEKAERT,ROME,,,022CH,Supplier/Agent Info,,Agent Plant - Country,ieAgentPlantLocationCountry,,,
RFCH,1,Supplier,BEKAERT,ROME,,,022CH,Supplier/Agent Info,,Supplier Plant - Country,ieSupplierPlantLocationCountry,,,USA
RFCH,1,Supplier,BEKAERT,ROME,,,022CH,Supplier/Agent Info,,Plant Code,ieSISPlantCode,,,AJJ
RFCH,1,Supplier,BEKAERT,ROME,,,022CH,Supplier/Agent Info,,Plant Code,ieAgentPlantCode,,,
RFCH,1,Supplier,BEKAERT,ROME,,,022CH,Supplier/Agent Info,,Supplier Trade Name,ieSupplierTradeName,,,022CH
RFCH,1,Supplier,BEKAERT,ROME,,,022CH,Supplier/Agent Info,,Agent to Break Bulk?,cbBreakBulk,,,0
RFCH,1,Supplier,BEKAERT,ROME,,,022CH,Supplier/Agent Info,,Supplier Contact Name,ieSupplierContactName,,,
RFCH,1,Supplier,BEKAERT,ROME,,,022CH,Supplier/Agent Info,,Agent Contact Name,ieAgentContactName,,,
RFCH,1,Supplier,BEKAERT,ROME,,,022CH,Supplier/Agent Info,,Supplier Contact Type,ddlSupType,,,
RFCH,1,Supplier,BEKAERT,ROME,,,022CH,Supplier/Agent Info,,Agent Contact Type,ddlAgentType,,,
RFCH,1,Supplier,BEKAERT,ROME,,,022CH,Supplier/Agent Info,,Supplier email,ieSupplierEmail,,,
RFCH,1,Supplier,BEKAERT,ROME,,,022CH,Supplier/Agent Info,,Agent email,ieAgentEmail,,,
RFCH,1,Supplier,BEKAERT,ROME,,,022CH,Supplier/Agent Info,,Supplier Phone,ieSupplierPhone,,,
RFCH,1,Supplier,BEKAERT,ROME,,,022CH,Supplier/Agent Info,,Agent Phone,ieAgentPhone,,,
RFCH,1,Supplier,TRAFILERIE MERIDIONALI,CHIETI SCALO,,,201CH,Supplier/Agent Info,,Initial Exp Spec Code (hidden),ieInitialExpSpCode,,,
RFCH,1,Supplier,TRAFILERIE MERIDIONALI,CHIETI SCALO,,,201CH,Supplier/Agent Info,,Material Code,cbMaterialCode,,,RFCH
RFCH,1,Supplier,TRAFILERIE MERIDIONALI,CHIETI SCALO,,,201CH,Supplier/Agent Info,,Material Description,ieMatDescSupplier,,,0.072 HT BEADWIRE BRONZE PLATED 1.83 MM
RFCH,1,Supplier,TRAFILERIE MERIDIONALI,CHIETI SCALO,,,201CH,Supplier/Agent Info,,Supplier,ieSupplier,,,TRAFILERIE MERIDIONALI
RFCH,1,Supplier,TRAFILERIE MERIDIONALI,CHIETI SCALO,,,201CH,Supplier/Agent Info,,Agent,ieAgent,,,
RFCH,1,Supplier,TRAFILERIE MERIDIONALI,CHIETI SCALO,,,201CH,Supplier/Agent Info,,Supplier Plant,ieSupplierPlant,,,CHIETI SCALO
RFCH,1,Supplier,TRAFILERIE MERIDIONALI,CHIETI SCALO,,,201CH,Supplier/Agent Info,,Agent Plant,ieAgentPlant,,,
RFCH,1,Supplier,TRAFILERIE MERIDIONALI,CHIETI SCALO,,,201CH,Supplier/Agent Info,,Supplier Plant - City,ieSupplierPlantLocationCity,,,CHIETI SCALO
RFCH,1,Supplier,TRAFILERIE MERIDIONALI,CHIETI SCALO,,,201CH,Supplier/Agent Info,,Agent Plant - City,ieAgentPlantLocationCity,,,
RFCH,1,Supplier,TRAFILERIE MERIDIONALI,CHIETI SCALO,,,201CH,Supplier/Agent Info,,Supplier Plant - State,ieSupplierPlantLocationState,,,Others
RFCH,1,Supplier,TRAFILERIE MERIDIONALI,CHIETI SCALO,,,201CH,Supplier/Agent Info,,Agent Plant - State,ieAgentPlantLocationState,,,
RFCH,1,Supplier,TRAFILERIE MERIDIONALI,CHIETI SCALO,,,201CH,Supplier/Agent Info,,Agent Plant - Country,ieAgentPlantLocationCountry,,,
RFCH,1,Supplier,TRAFILERIE MERIDIONALI,CHIETI SCALO,,,201CH,Supplier/Agent Info,,Supplier Plant - Country,ieSupplierPlantLocationCountry,,,Italy
RFCH,1,Supplier,TRAFILERIE MERIDIONALI,CHIETI SCALO,,,201CH,Supplier/Agent Info,,Plant Code,ieSISPlantCode,,,ALL
RFCH,1,Supplier,TRAFILERIE MERIDIONALI,CHIETI SCALO,,,201CH,Supplier/Agent Info,,Plant Code,ieAgentPlantCode,,,
RFCH,1,Supplier,TRAFILERIE MERIDIONALI,CHIETI SCALO,,,201CH,Supplier/Agent Info,,Supplier Trade Name,ieSupplierTradeName,,,201CH
RFCH,1,Supplier,TRAFILERIE MERIDIONALI,CHIETI SCALO,,,201CH,Supplier/Agent Info,,Agent to Break Bulk?,cbBreakBulk,,,0
RFCH,1,Supplier,TRAFILERIE MERIDIONALI,CHIETI SCALO,,,201CH,Supplier/Agent Info,,Supplier Contact Name,ieSupplierContactName,,,
RFCH,1,Supplier,TRAFILERIE MERIDIONALI,CHIETI SCALO,,,201CH,Supplier/Agent Info,,Agent Contact Name,ieAgentContactName,,,
RFCH,1,Supplier,TRAFILERIE MERIDIONALI,CHIETI SCALO,,,201CH,Supplier/Agent Info,,Supplier Contact Type,ddlSupType,,,
RFCH,1,Supplier,TRAFILERIE MERIDIONALI,CHIETI SCALO,,,201CH,Supplier/Agent Info,,Agent Contact Type,ddlAgentType,,,
RFCH,1,Supplier,TRAFILERIE MERIDIONALI,CHIETI SCALO,,,201CH,Supplier/Agent Info,,Supplier email,ieSupplierEmail,,,
RFCH,1,Supplier,TRAFILERIE MERIDIONALI,CHIETI SCALO,,,201CH,Supplier/Agent Info,,Agent email,ieAgentEmail,,,
RFCH,1,Supplier,TRAFILERIE MERIDIONALI,CHIETI SCALO,,,201CH,Supplier/Agent Info,,Supplier Phone,ieSupplierPhone,,,
RFCH,1,Supplier,TRAFILERIE MERIDIONALI,CHIETI SCALO,,,201CH,Supplier/Agent Info,,Agent Phone,ieAgentPhone,,,
RFCH,1,Supplier,BMZ,MICORD,,,311CH,Supplier/Agent Info,,Initial Exp Spec Code (hidden),ieInitialExpSpCode,,,
RFCH,1,Supplier,BMZ,MICORD,,,311CH,Supplier/Agent Info,,Material Code,cbMaterialCode,,,RFCH
RFCH,1,Supplier,BMZ,MICORD,,,311CH,Supplier/Agent Info,,Material Description,ieMatDescSupplier,,,0.072 HT BEADWIRE BRONZE PLATED 1.83 MM
RFCH,1,Supplier,BMZ,MICORD,,,311CH,Supplier/Agent Info,,Supplier,ieSupplier,,,BMZ
RFCH,1,Supplier,BMZ,MICORD,,,311CH,Supplier/Agent Info,,Agent,ieAgent,,,
RFCH,1,Supplier,BMZ,MICORD,,,311CH,Supplier/Agent Info,,Supplier Plant,ieSupplierPlant,,,MICORD
RFCH,1,Supplier,BMZ,MICORD,,,311CH,Supplier/Agent Info,,Agent Plant,ieAgentPlant,,,
RFCH,1,Supplier,BMZ,MICORD,,,311CH,Supplier/Agent Info,,Supplier Plant - City,ieSupplierPlantLocationCity,,,"Micord, Bielorussia"
RFCH,1,Supplier,BMZ,MICORD,,,311CH,Supplier/Agent Info,,Agent Plant - City,ieAgentPlantLocationCity,,,
RFCH,1,Supplier,BMZ,MICORD,,,311CH,Supplier/Agent Info,,Supplier Plant - State,ieSupplierPlantLocationState,,,Others
RFCH,1,Supplier,BMZ,MICORD,,,311CH,Supplier/Agent Info,,Agent Plant - State,ieAgentPlantLocationState,,,
RFCH,1,Supplier,BMZ,MICORD,,,311CH,Supplier/Agent Info,,Agent Plant - Country,ieAgentPlantLocationCountry,,,
RFCH,1,Supplier,BMZ,MICORD,,,311CH,Supplier/Agent Info,,Supplier Plant - Country,ieSupplierPlantLocationCountry,,,Russia
RFCH,1,Supplier,BMZ,MICORD,,,311CH,Supplier/Agent Info,,Plant Code,ieSISPlantCode,,,ECH
RFCH,1,Supplier,BMZ,MICORD,,,311CH,Supplier/Agent Info,,Plant Code,ieAgentPlantCode,,,
RFCH,1,Supplier,BMZ,MICORD,,,311CH,Supplier/Agent Info,,Supplier Trade Name,ieSupplierTradeName,,,311CH
RFCH,1,Supplier,BMZ,MICORD,,,311CH,Supplier/Agent Info,,Agent to Break Bulk?,cbBreakBulk,,,0
RFCH,1,Supplier,BMZ,MICORD,,,311CH,Supplier/Agent Info,,Supplier Contact Name,ieSupplierContactName,,,
RFCH,1,Supplier,BMZ,MICORD,,,311CH,Supplier/Agent Info,,Agent Contact Name,ieAgentContactName,,,
RFCH,1,Supplier,BMZ,MICORD,,,311CH,Supplier/Agent Info,,Supplier Contact Type,ddlSupType,,,
RFCH,1,Supplier,BMZ,MICORD,,,311CH,Supplier/Agent Info,,Agent Contact Type,ddlAgentType,,,
RFCH,1,Supplier,BMZ,MICORD,,,311CH,Supplier/Agent Info,,Supplier email,ieSupplierEmail,,,
RFCH,1,Supplier,BMZ,MICORD,,,311CH,Supplier/Agent Info,,Agent email,ieAgentEmail,,,
RFCH,1,Supplier,BMZ,MICORD,,,311CH,Supplier/Agent Info,,Supplier Phone,ieSupplierPhone,,,
RFCH,1,Supplier,BMZ,MICORD,,,311CH,Supplier/Agent Info,,Agent Phone,ieAgentPhone,,,
RFCH,1,Supplier,EMCOCABLES,BOGOTA,,,051CH,Supplier/Agent Info,,Initial Exp Spec Code (hidden),ieInitialExpSpCode,,,
RFCH,1,Supplier,EMCOCABLES,BOGOTA,,,051CH,Supplier/Agent Info,,Material Code,cbMaterialCode,,,RFCH
RFCH,1,Supplier,EMCOCABLES,BOGOTA,,,051CH,Supplier/Agent Info,,Material Description,ieMatDescSupplier,,,0.072 HT BEADWIRE BRONZE PLATED 1.83 MM
RFCH,1,Supplier,EMCOCABLES,BOGOTA,,,051CH,Supplier/Agent Info,,Supplier,ieSupplier,,,EMCOCABLES
RFCH,1,Supplier,EMCOCABLES,BOGOTA,,,051CH,Supplier/Agent Info,,Agent,ieAgent,,,
RFCH,1,Supplier,EMCOCABLES,BOGOTA,,,051CH,Supplier/Agent Info,,Supplier Plant,ieSupplierPlant,,,BOGOTA
RFCH,1,Supplier,EMCOCABLES,BOGOTA,,,051CH,Supplier/Agent Info,,Agent Plant,ieAgentPlant,,,
RFCH,1,Supplier,EMCOCABLES,BOGOTA,,,051CH,Supplier/Agent Info,,Supplier Plant - City,ieSupplierPlantLocationCity,,,BOGOTA
RFCH,1,Supplier,EMCOCABLES,BOGOTA,,,051CH,Supplier/Agent Info,,Agent Plant - City,ieAgentPlantLocationCity,,,
RFCH,1,Supplier,EMCOCABLES,BOGOTA,,,051CH,Supplier/Agent Info,,Supplier Plant - State,ieSupplierPlantLocationState,,,Others
RFCH,1,Supplier,EMCOCABLES,BOGOTA,,,051CH,Supplier/Agent Info,,Agent Plant - State,ieAgentPlantLocationState,,,
RFCH,1,Supplier,EMCOCABLES,BOGOTA,,,051CH,Supplier/Agent Info,,Agent Plant - Country,ieAgentPlantLocationCountry,,,
RFCH,1,Supplier,EMCOCABLES,BOGOTA,,,051CH,Supplier/Agent Info,,Supplier Plant - Country,ieSupplierPlantLocationCountry,,,Colombia
RFCH,1,Supplier,EMCOCABLES,BOGOTA,,,051CH,Supplier/Agent Info,,Plant Code,ieSISPlantCode,,,
RFCH,1,Supplier,EMCOCABLES,BOGOTA,,,051CH,Supplier/Agent Info,,Plant Code,ieAgentPlantCode,,,
RFCH,1,Supplier,EMCOCABLES,BOGOTA,,,051CH,Supplier/Agent Info,,Supplier Trade Name,ieSupplierTradeName,,,051CH
RFCH,1,Supplier,EMCOCABLES,BOGOTA,,,051CH,Supplier/Agent Info,,Agent to Break Bulk?,cbBreakBulk,,,0
RFCH,1,Supplier,EMCOCABLES,BOGOTA,,,051CH,Supplier/Agent Info,,Supplier Contact Name,ieSupplierContactName,,,
RFCH,1,Supplier,EMCOCABLES,BOGOTA,,,051CH,Supplier/Agent Info,,Agent Contact Name,ieAgentContactName,,,
RFCH,1,Supplier,EMCOCABLES,BOGOTA,,,051CH,Supplier/Agent Info,,Supplier Contact Type,ddlSupType,,,
RFCH,1,Supplier,EMCOCABLES,BOGOTA,,,051CH,Supplier/Agent Info,,Agent Contact Type,ddlAgentType,,,
RFCH,1,Supplier,EMCOCABLES,BOGOTA,,,051CH,Supplier/Agent Info,,Supplier email,ieSupplierEmail,,,
RFCH,1,Supplier,EMCOCABLES,BOGOTA,,,051CH,Supplier/Agent Info,,Agent email,ieAgentEmail,,,
RFCH,1,Supplier,EMCOCABLES,BOGOTA,,,051CH,Supplier/Agent Info,,Supplier Phone,ieSupplierPhone,,,
RFCH,1,Supplier,EMCOCABLES,BOGOTA,,,051CH,Supplier/Agent Info,,Agent Phone,ieAgentPhone,,,
RFCH,1,Supplier,KISWIRE,HONG DUK,,,242CH,Supplier/Agent Info,,Initial Exp Spec Code (hidden),ieInitialExpSpCode,,,
RFCH,1,Supplier,KISWIRE,HONG DUK,,,242CH,Supplier/Agent Info,,Material Code,cbMaterialCode,,,RFCH
RFCH,1,Supplier,KISWIRE,HONG DUK,,,242CH,Supplier/Agent Info,,Material Description,ieMatDescSupplier,,,0.072 HT BEADWIRE BRONZE PLATED 1.83 MM
RFCH,1,Supplier,KISWIRE,HONG DUK,,,242CH,Supplier/Agent Info,,Supplier,ieSupplier,,,KISWIRE
RFCH,1,Supplier,KISWIRE,HONG DUK,,,242CH,Supplier/Agent Info,,Agent,ieAgent,,,
RFCH,1,Supplier,KISWIRE,HONG DUK,,,242CH,Supplier/Agent Info,,Supplier Plant,ieSupplierPlant,,,HONG DUK
RFCH,1,Supplier,KISWIRE,HONG DUK,,,242CH,Supplier/Agent Info,,Agent Plant,ieAgentPlant,,,
RFCH,1,Supplier,KISWIRE,HONG DUK,,,242CH,Supplier/Agent Info,,Supplier Plant - City,ieSupplierPlantLocationCity,,,Hong Duk
RFCH,1,Supplier,KISWIRE,HONG DUK,,,242CH,Supplier/Agent Info,,Agent Plant - City,ieAgentPlantLocationCity,,,
RFCH,1,Supplier,KISWIRE,HONG DUK,,,242CH,Supplier/Agent Info,,Supplier Plant - State,ieSupplierPlantLocationState,,,Others
RFCH,1,Supplier,KISWIRE,HONG DUK,,,242CH,Supplier/Agent Info,,Agent Plant - State,ieAgentPlantLocationState,,,
RFCH,1,Supplier,KISWIRE,HONG DUK,,,242CH,Supplier/Agent Info,,Agent Plant - Country,ieAgentPlantLocationCountry,,,
RFCH,1,Supplier,KISWIRE,HONG DUK,,,242CH,Supplier/Agent Info,,Supplier Plant - Country,ieSupplierPlantLocationCountry,,,South Korea
RFCH,1,Supplier,KISWIRE,HONG DUK,,,242CH,Supplier/Agent Info,,Plant Code,ieSISPlantCode,,,JBU
RFCH,1,Supplier,KISWIRE,HONG DUK,,,242CH,Supplier/Agent Info,,Plant Code,ieAgentPlantCode,,,
RFCH,1,Supplier,KISWIRE,HONG DUK,,,242CH,Supplier/Agent Info,,Supplier Trade Name,ieSupplierTradeName,,,242CH
RFCH,1,Supplier,KISWIRE,HONG DUK,,,242CH,Supplier/Agent Info,,Agent to Break Bulk?,cbBreakBulk,,,0
RFCH,1,Supplier,KISWIRE,HONG DUK,,,242CH,Supplier/Agent Info,,Supplier Contact Name,ieSupplierContactName,,,
RFCH,1,Supplier,KISWIRE,HONG DUK,,,242CH,Supplier/Agent Info,,Agent Contact Name,ieAgentContactName,,,
RFCH,1,Supplier,KISWIRE,HONG DUK,,,242CH,Supplier/Agent Info,,Supplier Contact Type,ddlSupType,,,
RFCH,1,Supplier,KISWIRE,HONG DUK,,,242CH,Supplier/Agent Info,,Agent Contact Type,ddlAgentType,,,
RFCH,1,Supplier,KISWIRE,HONG DUK,,,242CH,Supplier/Agent Info,,Supplier email,ieSupplierEmail,,,
RFCH,1,Supplier,KISWIRE,HONG DUK,,,242CH,Supplier/Agent Info,,Agent email,ieAgentEmail,,,
RFCH,1,Supplier,KISWIRE,HONG DUK,,,242CH,Supplier/Agent Info,,Supplier Phone,ieSupplierPhone,,,
RFCH,1,Supplier,KISWIRE,HONG DUK,,,242CH,Supplier/Agent Info,,Agent Phone,ieAgentPhone,,,
RFCH,1,Supplier,GUSTAV WOLF,GUTERSLOH,,,071CH,Supplier/Agent Info,,Initial Exp Spec Code (hidden),ieInitialExpSpCode,,,
RFCH,1,Supplier,GUSTAV WOLF,GUTERSLOH,,,071CH,Supplier/Agent Info,,Material Code,cbMaterialCode,,,RFCH
RFCH,1,Supplier,GUSTAV WOLF,GUTERSLOH,,,071CH,Supplier/Agent Info,,Material Description,ieMatDescSupplier,,,0.072 HT BEADWIRE BRONZE PLATED 1.83 MM
RFCH,1,Supplier,GUSTAV WOLF,GUTERSLOH,,,071CH,Supplier/Agent Info,,Supplier,ieSupplier,,,GUSTAV WOLF
RFCH,1,Supplier,GUSTAV WOLF,GUTERSLOH,,,071CH,Supplier/Agent Info,,Agent,ieAgent,,,
RFCH,1,Supplier,GUSTAV WOLF,GUTERSLOH,,,071CH,Supplier/Agent Info,,Supplier Plant,ieSupplierPlant,,,GUTERSLOH
RFCH,1,Supplier,GUSTAV WOLF,GUTERSLOH,,,071CH,Supplier/Agent Info,,Agent Plant,ieAgentPlant,,,
RFCH,1,Supplier,GUSTAV WOLF,GUTERSLOH,,,071CH,Supplier/Agent Info,,Supplier Plant - City,ieSupplierPlantLocationCity,,,GUTERSLOH
RFCH,1,Supplier,GUSTAV WOLF,GUTERSLOH,,,071CH,Supplier/Agent Info,,Agent Plant - City,ieAgentPlantLocationCity,,,
RFCH,1,Supplier,GUSTAV WOLF,GUTERSLOH,,,071CH,Supplier/Agent Info,,Supplier Plant - State,ieSupplierPlantLocationState,,,Others
RFCH,1,Supplier,GUSTAV WOLF,GUTERSLOH,,,071CH,Supplier/Agent Info,,Agent Plant - State,ieAgentPlantLocationState,,,
RFCH,1,Supplier,GUSTAV WOLF,GUTERSLOH,,,071CH,Supplier/Agent Info,,Agent Plant - Country,ieAgentPlantLocationCountry,,,
RFCH,1,Supplier,GUSTAV WOLF,GUTERSLOH,,,071CH,Supplier/Agent Info,,Supplier Plant - Country,ieSupplierPlantLocationCountry,,,Germany
RFCH,1,Supplier,GUSTAV WOLF,GUTERSLOH,,,071CH,Supplier/Agent Info,,Plant Code,ieSISPlantCode,,,
RFCH,1,Supplier,GUSTAV WOLF,GUTERSLOH,,,071CH,Supplier/Agent Info,,Plant Code,ieAgentPlantCode,,,
RFCH,1,Supplier,GUSTAV WOLF,GUTERSLOH,,,071CH,Supplier/Agent Info,,Supplier Trade Name,ieSupplierTradeName,,,071CH
RFCH,1,Supplier,GUSTAV WOLF,GUTERSLOH,,,071CH,Supplier/Agent Info,,Agent to Break Bulk?,cbBreakBulk,,,0
RFCH,1,Supplier,GUSTAV WOLF,GUTERSLOH,,,071CH,Supplier/Agent Info,,Supplier Contact Name,ieSupplierContactName,,,
RFCH,1,Supplier,GUSTAV WOLF,GUTERSLOH,,,071CH,Supplier/Agent Info,,Agent Contact Name,ieAgentContactName,,,
RFCH,1,Supplier,GUSTAV WOLF,GUTERSLOH,,,071CH,Supplier/Agent Info,,Supplier Contact Type,ddlSupType,,,
RFCH,1,Supplier,GUSTAV WOLF,GUTERSLOH,,,071CH,Supplier/Agent Info,,Agent Contact Type,ddlAgentType,,,
RFCH,1,Supplier,GUSTAV WOLF,GUTERSLOH,,,071CH,Supplier/Agent Info,,Supplier email,ieSupplierEmail,,,
RFCH,1,Supplier,GUSTAV WOLF,GUTERSLOH,,,071CH,Supplier/Agent Info,,Agent email,ieAgentEmail,,,
RFCH,1,Supplier,GUSTAV WOLF,GUTERSLOH,,,071CH,Supplier/Agent Info,,Supplier Phone,ieSupplierPhone,,,
RFCH,1,Supplier,GUSTAV WOLF,GUTERSLOH,,,071CH,Supplier/Agent Info,,Agent Phone,ieAgentPhone,,,
RFCH,1,Supplier,BEKAERT,IZMIT,,,023CH,Supplier/Agent Info,,Initial Exp Spec Code (hidden),ieInitialExpSpCode,,,
RFCH,1,Supplier,BEKAERT,IZMIT,,,023CH,Supplier/Agent Info,,Material Code,cbMaterialCode,,,RFCH
RFCH,1,Supplier,BEKAERT,IZMIT,,,023CH,Supplier/Agent Info,,Material Description,ieMatDescSupplier,,,0.072 HT BEADWIRE BRONZE PLATED 1.83 MM
RFCH,1,Supplier,BEKAERT,IZMIT,,,023CH,Supplier/Agent Info,,Supplier,ieSupplier,,,BEKAERT
RFCH,1,Supplier,BEKAERT,IZMIT,,,023CH,Supplier/Agent Info,,Agent,ieAgent,,,
RFCH,1,Supplier,BEKAERT,IZMIT,,,023CH,Supplier/Agent Info,,Supplier Plant,ieSupplierPlant,,,IZMIT
RFCH,1,Supplier,BEKAERT,IZMIT,,,023CH,Supplier/Agent Info,,Agent Plant,ieAgentPlant,,,
RFCH,1,Supplier,BEKAERT,IZMIT,,,023CH,Supplier/Agent Info,,Supplier Plant - City,ieSupplierPlantLocationCity,,,"IZMIT, TURKEY"
RFCH,1,Supplier,BEKAERT,IZMIT,,,023CH,Supplier/Agent Info,,Agent Plant - City,ieAgentPlantLocationCity,,,
RFCH,1,Supplier,BEKAERT,IZMIT,,,023CH,Supplier/Agent Info,,Supplier Plant - State,ieSupplierPlantLocationState,,,Others
RFCH,1,Supplier,BEKAERT,IZMIT,,,023CH,Supplier/Agent Info,,Agent Plant - State,ieAgentPlantLocationState,,,
RFCH,1,Supplier,BEKAERT,IZMIT,,,023CH,Supplier/Agent Info,,Agent Plant - Country,ieAgentPlantLocationCountry,,,
RFCH,1,Supplier,BEKAERT,IZMIT,,,023CH,Supplier/Agent Info,,Supplier Plant - Country,ieSupplierPlantLocationCountry,,,Turkey
RFCH,1,Supplier,BEKAERT,IZMIT,,,023CH,Supplier/Agent Info,,Plant Code,ieSISPlantCode,,,APK
RFCH,1,Supplier,BEKAERT,IZMIT,,,023CH,Supplier/Agent Info,,Plant Code,ieAgentPlantCode,,,
RFCH,1,Supplier,BEKAERT,IZMIT,,,023CH,Supplier/Agent Info,,Supplier Trade Name,ieSupplierTradeName,,,023CH
RFCH,1,Supplier,BEKAERT,IZMIT,,,023CH,Supplier/Agent Info,,Agent to Break Bulk?,cbBreakBulk,,,0
RFCH,1,Supplier,BEKAERT,IZMIT,,,023CH,Supplier/Agent Info,,Supplier Contact Name,ieSupplierContactName,,,
RFCH,1,Supplier,BEKAERT,IZMIT,,,023CH,Supplier/Agent Info,,Agent Contact Name,ieAgentContactName,,,
RFCH,1,Supplier,BEKAERT,IZMIT,,,023CH,Supplier/Agent Info,,Supplier Contact Type,ddlSupType,,,
RFCH,1,Supplier,BEKAERT,IZMIT,,,023CH,Supplier/Agent Info,,Agent Contact Type,ddlAgentType,,,
RFCH,1,Supplier,BEKAERT,IZMIT,,,023CH,Supplier/Agent Info,,Supplier email,ieSupplierEmail,,,
RFCH,1,Supplier,BEKAERT,IZMIT,,,023CH,Supplier/Agent Info,,Agent email,ieAgentEmail,,,
RFCH,1,Supplier,BEKAERT,IZMIT,,,023CH,Supplier/Agent Info,,Supplier Phone,ieSupplierPhone,,,
RFCH,1,Supplier,BEKAERT,IZMIT,,,023CH,Supplier/Agent Info,,Agent Phone,ieAgentPhone,,,
RFCH,1,Supplier,BEKAERT,AALTER,,,021CH,Supplier/Agent Info,,Initial Exp Spec Code (hidden),ieInitialExpSpCode,,,
RFCH,1,Supplier,BEKAERT,AALTER,,,021CH,Supplier/Agent Info,,Material Code,cbMaterialCode,,,RFCH
RFCH,1,Supplier,BEKAERT,AALTER,,,021CH,Supplier/Agent Info,,Material Description,ieMatDescSupplier,,,0.072 HT BEADWIRE BRONZE PLATED 1.83 MM
RFCH,1,Supplier,BEKAERT,AALTER,,,021CH,Supplier/Agent Info,,Supplier,ieSupplier,,,BEKAERT
RFCH,1,Supplier,BEKAERT,AALTER,,,021CH,Supplier/Agent Info,,Agent,ieAgent,,,
RFCH,1,Supplier,BEKAERT,AALTER,,,021CH,Supplier/Agent Info,,Supplier Plant,ieSupplierPlant,,,AALTER
RFCH,1,Supplier,BEKAERT,AALTER,,,021CH,Supplier/Agent Info,,Agent Plant,ieAgentPlant,,,
RFCH,1,Supplier,BEKAERT,AALTER,,,021CH,Supplier/Agent Info,,Supplier Plant - City,ieSupplierPlantLocationCity,,,Aalter
RFCH,1,Supplier,BEKAERT,AALTER,,,021CH,Supplier/Agent Info,,Agent Plant - City,ieAgentPlantLocationCity,,,
RFCH,1,Supplier,BEKAERT,AALTER,,,021CH,Supplier/Agent Info,,Supplier Plant - State,ieSupplierPlantLocationState,,,Others
RFCH,1,Supplier,BEKAERT,AALTER,,,021CH,Supplier/Agent Info,,Agent Plant - State,ieAgentPlantLocationState,,,
RFCH,1,Supplier,BEKAERT,AALTER,,,021CH,Supplier/Agent Info,,Agent Plant - Country,ieAgentPlantLocationCountry,,,
RFCH,1,Supplier,BEKAERT,AALTER,,,021CH,Supplier/Agent Info,,Supplier Plant - Country,ieSupplierPlantLocationCountry,,,Belgium
RFCH,1,Supplier,BEKAERT,AALTER,,,021CH,Supplier/Agent Info,,Plant Code,ieSISPlantCode,,,
RFCH,1,Supplier,BEKAERT,AALTER,,,021CH,Supplier/Agent Info,,Plant Code,ieAgentPlantCode,,,
RFCH,1,Supplier,BEKAERT,AALTER,,,021CH,Supplier/Agent Info,,Supplier Trade Name,ieSupplierTradeName,,,021CH
RFCH,1,Supplier,BEKAERT,AALTER,,,021CH,Supplier/Agent Info,,Agent to Break Bulk?,cbBreakBulk,,,0
RFCH,1,Supplier,BEKAERT,AALTER,,,021CH,Supplier/Agent Info,,Supplier Contact Name,ieSupplierContactName,,,
RFCH,1,Supplier,BEKAERT,AALTER,,,021CH,Supplier/Agent Info,,Agent Contact Name,ieAgentContactName,,,
RFCH,1,Supplier,BEKAERT,AALTER,,,021CH,Supplier/Agent Info,,Supplier Contact Type,ddlSupType,,,
RFCH,1,Supplier,BEKAERT,AALTER,,,021CH,Supplier/Agent Info,,Agent Contact Type,ddlAgentType,,,
RFCH,1,Supplier,BEKAERT,AALTER,,,021CH,Supplier/Agent Info,,Supplier email,ieSupplierEmail,,,
RFCH,1,Supplier,BEKAERT,AALTER,,,021CH,Supplier/Agent Info,,Agent email,ieAgentEmail,,,
RFCH,1,Supplier,BEKAERT,AALTER,,,021CH,Supplier/Agent Info,,Supplier Phone,ieSupplierPhone,,,
RFCH,1,Supplier,BEKAERT,AALTER,,,021CH,Supplier/Agent Info,,Agent Phone,ieAgentPhone,,,
RFCH,1,Supplier,BEKAERT,BRAZIL,,,091CH,Supplier/Agent Info,,Initial Exp Spec Code (hidden),ieInitialExpSpCode,,,
RFCH,1,Supplier,BEKAERT,BRAZIL,,,091CH,Supplier/Agent Info,,Material Code,cbMaterialCode,,,RFCH
RFCH,1,Supplier,BEKAERT,BRAZIL,,,091CH,Supplier/Agent Info,,Material Description,ieMatDescSupplier,,,0.072 HT BEADWIRE BRONZE PLATED 1.83 MM
RFCH,1,Supplier,BEKAERT,BRAZIL,,,091CH,Supplier/Agent Info,,Supplier,ieSupplier,,,BEKAERT
RFCH,1,Supplier,BEKAERT,BRAZIL,,,091CH,Supplier/Agent Info,,Agent,ieAgent,,,
RFCH,1,Supplier,BEKAERT,BRAZIL,,,091CH,Supplier/Agent Info,,Supplier Plant,ieSupplierPlant,,,BRAZIL
RFCH,1,Supplier,BEKAERT,BRAZIL,,,091CH,Supplier/Agent Info,,Agent Plant,ieAgentPlant,,,
RFCH,1,Supplier,BEKAERT,BRAZIL,,,091CH,Supplier/Agent Info,,Supplier Plant - City,ieSupplierPlantLocationCity,,,
RFCH,1,Supplier,BEKAERT,BRAZIL,,,091CH,Supplier/Agent Info,,Agent Plant - City,ieAgentPlantLocationCity,,,
RFCH,1,Supplier,BEKAERT,BRAZIL,,,091CH,Supplier/Agent Info,,Supplier Plant - State,ieSupplierPlantLocationState,,,Others
RFCH,1,Supplier,BEKAERT,BRAZIL,,,091CH,Supplier/Agent Info,,Agent Plant - State,ieAgentPlantLocationState,,,
RFCH,1,Supplier,BEKAERT,BRAZIL,,,091CH,Supplier/Agent Info,,Agent Plant - Country,ieAgentPlantLocationCountry,,,
RFCH,1,Supplier,BEKAERT,BRAZIL,,,091CH,Supplier/Agent Info,,Supplier Plant - Country,ieSupplierPlantLocationCountry,,,Brazil
RFCH,1,Supplier,BEKAERT,BRAZIL,,,091CH,Supplier/Agent Info,,Plant Code,ieSISPlantCode,,,DAO
RFCH,1,Supplier,BEKAERT,BRAZIL,,,091CH,Supplier/Agent Info,,Plant Code,ieAgentPlantCode,,,
RFCH,1,Supplier,BEKAERT,BRAZIL,,,091CH,Supplier/Agent Info,,Supplier Trade Name,ieSupplierTradeName,,,091CH
RFCH,1,Supplier,BEKAERT,BRAZIL,,,091CH,Supplier/Agent Info,,Agent to Break Bulk?,cbBreakBulk,,,0
RFCH,1,Supplier,BEKAERT,BRAZIL,,,091CH,Supplier/Agent Info,,Supplier Contact Name,ieSupplierContactName,,,
RFCH,1,Supplier,BEKAERT,BRAZIL,,,091CH,Supplier/Agent Info,,Agent Contact Name,ieAgentContactName,,,
RFCH,1,Supplier,BEKAERT,BRAZIL,,,091CH,Supplier/Agent Info,,Supplier Contact Type,ddlSupType,,,
RFCH,1,Supplier,BEKAERT,BRAZIL,,,091CH,Supplier/Agent Info,,Agent Contact Type,ddlAgentType,,,
RFCH,1,Supplier,BEKAERT,BRAZIL,,,091CH,Supplier/Agent Info,,Supplier email,ieSupplierEmail,,,
RFCH,1,Supplier,BEKAERT,BRAZIL,,,091CH,Supplier/Agent Info,,Agent email,ieAgentEmail,,,
RFCH,1,Supplier,BEKAERT,BRAZIL,,,091CH,Supplier/Agent Info,,Supplier Phone,ieSupplierPhone,,,
RFCH,1,Supplier,BEKAERT,BRAZIL,,,091CH,Supplier/Agent Info,,Agent Phone,ieAgentPhone,,,
RFCH,1,Supplier,SCAW METALS,JOHANNESBURG,,,271CH,Supplier/Agent Info,,Initial Exp Spec Code (hidden),ieInitialExpSpCode,,,
RFCH,1,Supplier,SCAW METALS,JOHANNESBURG,,,271CH,Supplier/Agent Info,,Material Code,cbMaterialCode,,,RFCH
RFCH,1,Supplier,SCAW METALS,JOHANNESBURG,,,271CH,Supplier/Agent Info,,Material Description,ieMatDescSupplier,,,0.072 HT BEADWIRE BRONZE PLATED 1.83 MM
RFCH,1,Supplier,SCAW METALS,JOHANNESBURG,,,271CH,Supplier/Agent Info,,Supplier,ieSupplier,,,SCAW METALS
RFCH,1,Supplier,SCAW METALS,JOHANNESBURG,,,271CH,Supplier/Agent Info,,Agent,ieAgent,,,
RFCH,1,Supplier,SCAW METALS,JOHANNESBURG,,,271CH,Supplier/Agent Info,,Supplier Plant,ieSupplierPlant,,,JOHANNESBURG
RFCH,1,Supplier,SCAW METALS,JOHANNESBURG,,,271CH,Supplier/Agent Info,,Agent Plant,ieAgentPlant,,,
RFCH,1,Supplier,SCAW METALS,JOHANNESBURG,,,271CH,Supplier/Agent Info,,Supplier Plant - City,ieSupplierPlantLocationCity,,,JOHANNESBURG
RFCH,1,Supplier,SCAW METALS,JOHANNESBURG,,,271CH,Supplier/Agent Info,,Agent Plant - City,ieAgentPlantLocationCity,,,
RFCH,1,Supplier,SCAW METALS,JOHANNESBURG,,,271CH,Supplier/Agent Info,,Supplier Plant - State,ieSupplierPlantLocationState,,,Others
RFCH,1,Supplier,SCAW METALS,JOHANNESBURG,,,271CH,Supplier/Agent Info,,Agent Plant - State,ieAgentPlantLocationState,,,
RFCH,1,Supplier,SCAW METALS,JOHANNESBURG,,,271CH,Supplier/Agent Info,,Agent Plant - Country,ieAgentPlantLocationCountry,,,
RFCH,1,Supplier,SCAW METALS,JOHANNESBURG,,,271CH,Supplier/Agent Info,,Supplier Plant - Country,ieSupplierPlantLocationCountry,,,South Africa
RFCH,1,Supplier,SCAW METALS,JOHANNESBURG,,,271CH,Supplier/Agent Info,,Plant Code,ieSISPlantCode,,,
RFCH,1,Supplier,SCAW METALS,JOHANNESBURG,,,271CH,Supplier/Agent Info,,Plant Code,ieAgentPlantCode,,,
RFCH,1,Supplier,SCAW METALS,JOHANNESBURG,,,271CH,Supplier/Agent Info,,Supplier Trade Name,ieSupplierTradeName,,,271CH
RFCH,1,Supplier,SCAW METALS,JOHANNESBURG,,,271CH,Supplier/Agent Info,,Agent to Break Bulk?,cbBreakBulk,,,0
RFCH,1,Supplier,SCAW METALS,JOHANNESBURG,,,271CH,Supplier/Agent Info,,Supplier Contact Name,ieSupplierContactName,,,
RFCH,1,Supplier,SCAW METALS,JOHANNESBURG,,,271CH,Supplier/Agent Info,,Agent Contact Name,ieAgentContactName,,,
RFCH,1,Supplier,SCAW METALS,JOHANNESBURG,,,271CH,Supplier/Agent Info,,Supplier Contact Type,ddlSupType,,,
RFCH,1,Supplier,SCAW METALS,JOHANNESBURG,,,271CH,Supplier/Agent Info,,Agent Contact Type,ddlAgentType,,,
RFCH,1,Supplier,SCAW METALS,JOHANNESBURG,,,271CH,Supplier/Agent Info,,Supplier email,ieSupplierEmail,,,
RFCH,1,Supplier,SCAW METALS,JOHANNESBURG,,,271CH,Supplier/Agent Info,,Agent email,ieAgentEmail,,,
RFCH,1,Supplier,SCAW METALS,JOHANNESBURG,,,271CH,Supplier/Agent Info,,Supplier Phone,ieSupplierPhone,,,
RFCH,1,Supplier,SCAW METALS,JOHANNESBURG,,,271CH,Supplier/Agent Info,,Agent Phone,ieAgentPhone,,,
RFCH,1,Supplier,CELIK HALAT,IZMIT,,,031CH,Supplier/Agent Info,,Initial Exp Spec Code (hidden),ieInitialExpSpCode,,,
RFCH,1,Supplier,CELIK HALAT,IZMIT,,,031CH,Supplier/Agent Info,,Material Code,cbMaterialCode,,,RFCH
RFCH,1,Supplier,CELIK HALAT,IZMIT,,,031CH,Supplier/Agent Info,,Material Description,ieMatDescSupplier,,,0.072 HT BEADWIRE BRONZE PLATED 1.83 MM
RFCH,1,Supplier,CELIK HALAT,IZMIT,,,031CH,Supplier/Agent Info,,Supplier,ieSupplier,,,CELIK HALAT
RFCH,1,Supplier,CELIK HALAT,IZMIT,,,031CH,Supplier/Agent Info,,Agent,ieAgent,,,
RFCH,1,Supplier,CELIK HALAT,IZMIT,,,031CH,Supplier/Agent Info,,Supplier Plant,ieSupplierPlant,,,IZMIT
RFCH,1,Supplier,CELIK HALAT,IZMIT,,,031CH,Supplier/Agent Info,,Agent Plant,ieAgentPlant,,,
RFCH,1,Supplier,CELIK HALAT,IZMIT,,,031CH,Supplier/Agent Info,,Supplier Plant - City,ieSupplierPlantLocationCity,,,IZMIT
RFCH,1,Supplier,CELIK HALAT,IZMIT,,,031CH,Supplier/Agent Info,,Agent Plant - City,ieAgentPlantLocationCity,,,
RFCH,1,Supplier,CELIK HALAT,IZMIT,,,031CH,Supplier/Agent Info,,Supplier Plant - State,ieSupplierPlantLocationState,,,Others
RFCH,1,Supplier,CELIK HALAT,IZMIT,,,031CH,Supplier/Agent Info,,Agent Plant - State,ieAgentPlantLocationState,,,
RFCH,1,Supplier,CELIK HALAT,IZMIT,,,031CH,Supplier/Agent Info,,Agent Plant - Country,ieAgentPlantLocationCountry,,,
RFCH,1,Supplier,CELIK HALAT,IZMIT,,,031CH,Supplier/Agent Info,,Supplier Plant - Country,ieSupplierPlantLocationCountry,,,Turkey
RFCH,1,Supplier,CELIK HALAT,IZMIT,,,031CH,Supplier/Agent Info,,Plant Code,ieSISPlantCode,,,
RFCH,1,Supplier,CELIK HALAT,IZMIT,,,031CH,Supplier/Agent Info,,Plant Code,ieAgentPlantCode,,,
RFCH,1,Supplier,CELIK HALAT,IZMIT,,,031CH,Supplier/Agent Info,,Supplier Trade Name,ieSupplierTradeName,,,031CH
RFCH,1,Supplier,CELIK HALAT,IZMIT,,,031CH,Supplier/Agent Info,,Agent to Break Bulk?,cbBreakBulk,,,0
RFCH,1,Supplier,CELIK HALAT,IZMIT,,,031CH,Supplier/Agent Info,,Supplier Contact Name,ieSupplierContactName,,,
RFCH,1,Supplier,CELIK HALAT,IZMIT,,,031CH,Supplier/Agent Info,,Agent Contact Name,ieAgentContactName,,,
RFCH,1,Supplier,CELIK HALAT,IZMIT,,,031CH,Supplier/Agent Info,,Supplier Contact Type,ddlSupType,,,
RFCH,1,Supplier,CELIK HALAT,IZMIT,,,031CH,Supplier/Agent Info,,Agent Contact Type,ddlAgentType,,,
RFCH,1,Supplier,CELIK HALAT,IZMIT,,,031CH,Supplier/Agent Info,,Supplier email,ieSupplierEmail,,,
RFCH,1,Supplier,CELIK HALAT,IZMIT,,,031CH,Supplier/Agent Info,,Agent email,ieAgentEmail,,,
RFCH,1,Supplier,CELIK HALAT,IZMIT,,,031CH,Supplier/Agent Info,,Supplier Phone,ieSupplierPhone,,,
RFCH,1,Supplier,CELIK HALAT,IZMIT,,,031CH,Supplier/Agent Info,,Agent Phone,ieAgentPhone,,,
RFNC16KR,1,,,,,,,Reinforcement General Information,,Material Class,ieMaterialClass,,,FABRIC
RFNC16KR,1,,,,,,,Reinforcement General Information,,Material Subclass,ieMaterialSubclass,,,"NYLON 6,6"
RFNC16KR,1,,,,,,,Reinforcement General Information,,Material Code,cbMaterialCode,,,RFNC16KR
RFNC16KR,1,,,,,,,Reinforcement General Information,,SAP Material Type,cbGBSMatType,,,FABR
RFNC16KR,1,,,,,,,Reinforcement General Information,,SAP Secondary Material Type,cbGBSMatSecType,,,FABR
RFNC16KR,1,,,,,,,Reinforcement General Information,,SAP Type of Component,cbGBSTypeComp,,,FABR
RFNC16KR,1,,,,,,,Reinforcement General Information,,Initial Exp Spec Code (hidden),ieInitialExpSpCode,,,
RFNC16KR,1,,,,,,,Reinforcement General Information,,,ieSAPStatusCode,,,Y1
RFNC16KR,1,,,,,,,Reinforcement General Information,,SAP Status,ddlSAPStatusDesc,,,Active (Non Development line-up)
RFNC16KR,1,,,,,,,Reinforcement - Basic,2,Construction Code - Fabric,cbConCodeFabric,,,
RFNC16KR,1,,,,,,,Reinforcement - Basic,2,Construction Code - Square Woven,cbConCodeSqWov,,,
RFNC16KR,1,,,,,,,Reinforcement - Basic,2,Construction Code - Wire/Cable,cbConCodeWirCab,,,
RFNC16KR,1,,,,,,,Reinforcement - Basic,2,Processing Code,cbFabricProcCode,,,
RFNC16KR,1,,,,,,,Reinforcement - Basic,2,Cord Density Code,cbCordDensCode,,,
RFNC16KR,1,,,,,,,Reinforcement - Basic,2,EPI,cbEPI,,,16.0
RFNC16KR,1,,,,,,,Reinforcement - Basic,2,Fill Cord (Type),ddlFillCord,,,
RFNC16KR,1,,,,,,,Reinforcement - Basic,2,Linear Fill Cord Weight (DEN),efLinCorWt,,,0
RFNC16KR,1,,,,,,,Reinforcement - Basic,2,Picks per Meter,efPicksPerMeter,,,0
RFNC16KR,1,,,,,,,Reinforcement - Basic,2,SAP/SOS Description,efSAPSOSDesc,,,UTICA 840/2 12X12 16EPI NYLON66 D5A
RFNC16KR,1,,,,,,,Reinforcement - Basic,2,Update Spec Description (hidden),ieSAPSpecDesc,,,
RFNC16KR,1,,,,,,,Reinforcement - Basic,2,Cable Bead Inside Diameter (mm),efCBInsideDia,,,
RFNC16KR,1,,,,,,,Reinforcement - Basic,2,Cable Bead Comp. Weight (kg),efCBCompWeight,,,
RFNC16KR,1,,,,,,,Reinforcement - Basic,2,Cable Bead Gauge (mm),efCBGauge,,,
RFNC16KR,1,,,,,,,Reinforcement - Basic,2,Cable Bead Coating,ddlCBCoating,,,
RFNC16KR,1,Supplier,HYOSUNG CORPORATION,UTICA,,,NC16KR,Supplier/Agent Info,,Initial Exp Spec Code (hidden),ieInitialExpSpCode,,,
RFNC16KR,1,Supplier,HYOSUNG CORPORATION,UTICA,,,NC16KR,Supplier/Agent Info,,Material Code,cbMaterialCode,,,RFNC16KR
RFNC16KR,1,Supplier,HYOSUNG CORPORATION,UTICA,,,NC16KR,Supplier/Agent Info,,Material Description,ieMatDescSupplier,,,UTICA 840/2 12X12 16EPI NYLON66 D5A
RFNC16KR,1,Supplier,HYOSUNG CORPORATION,UTICA,,,NC16KR,Supplier/Agent Info,,Supplier,ieSupplier,,,HYOSUNG CORPORATION
RFNC16KR,1,Supplier,HYOSUNG CORPORATION,UTICA,,,NC16KR,Supplier/Agent Info,,Agent,ieAgent,,,
RFNC16KR,1,Supplier,HYOSUNG CORPORATION,UTICA,,,NC16KR,Supplier/Agent Info,,Supplier Plant,ieSupplierPlant,,,UTICA
RFNC16KR,1,Supplier,HYOSUNG CORPORATION,UTICA,,,NC16KR,Supplier/Agent Info,,Agent Plant,ieAgentPlant,,,
RFNC16KR,1,Supplier,HYOSUNG CORPORATION,UTICA,,,NC16KR,Supplier/Agent Info,,Supplier Plant - City,ieSupplierPlantLocationCity,,,Utica
RFNC16KR,1,Supplier,HYOSUNG CORPORATION,UTICA,,,NC16KR,Supplier/Agent Info,,Agent Plant - City,ieAgentPlantLocationCity,,,
RFNC16KR,1,Supplier,HYOSUNG CORPORATION,UTICA,,,NC16KR,Supplier/Agent Info,,Supplier Plant - State,ieSupplierPlantLocationState,,,NY
RFNC16KR,1,Supplier,HYOSUNG CORPORATION,UTICA,,,NC16KR,Supplier/Agent Info,,Agent Plant - State,ieAgentPlantLocationState,,,
RFNC16KR,1,Supplier,HYOSUNG CORPORATION,UTICA,,,NC16KR,Supplier/Agent Info,,Agent Plant - Country,ieAgentPlantLocationCountry,,,
RFNC16KR,1,Supplier,HYOSUNG CORPORATION,UTICA,,,NC16KR,Supplier/Agent Info,,Supplier Plant - Country,ieSupplierPlantLocationCountry,,,USA
RFNC16KR,1,Supplier,HYOSUNG CORPORATION,UTICA,,,NC16KR,Supplier/Agent Info,,Plant Code,ieSISPlantCode,,,FHZ
RFNC16KR,1,Supplier,HYOSUNG CORPORATION,UTICA,,,NC16KR,Supplier/Agent Info,,Plant Code,ieAgentPlantCode,,,
RFNC16KR,1,Supplier,HYOSUNG CORPORATION,UTICA,,,NC16KR,Supplier/Agent Info,,Supplier Trade Name,ieSupplierTradeName,,,NC16KR
RFNC16KR,1,Supplier,HYOSUNG CORPORATION,UTICA,,,NC16KR,Supplier/Agent Info,,Agent to Break Bulk?,cbBreakBulk,,,0
RFNC16KR,1,Supplier,HYOSUNG CORPORATION,UTICA,,,NC16KR,Supplier/Agent Info,,Supplier Contact Name,ieSupplierContactName,,,
RFNC16KR,1,Supplier,HYOSUNG CORPORATION,UTICA,,,NC16KR,Supplier/Agent Info,,Agent Contact Name,ieAgentContactName,,,
RFNC16KR,1,Supplier,HYOSUNG CORPORATION,UTICA,,,NC16KR,Supplier/Agent Info,,Supplier Contact Type,ddlSupType,,,
RFNC16KR,1,Supplier,HYOSUNG CORPORATION,UTICA,,,NC16KR,Supplier/Agent Info,,Agent Contact Type,ddlAgentType,,,
RFNC16KR,1,Supplier,HYOSUNG CORPORATION,UTICA,,,NC16KR,Supplier/Agent Info,,Supplier email,ieSupplierEmail,,,
RFNC16KR,1,Supplier,HYOSUNG CORPORATION,UTICA,,,NC16KR,Supplier/Agent Info,,Agent email,ieAgentEmail,,,
RFNC16KR,1,Supplier,HYOSUNG CORPORATION,UTICA,,,NC16KR,Supplier/Agent Info,,Supplier Phone,ieSupplierPhone,,,
RFNC16KR,1,Supplier,HYOSUNG CORPORATION,UTICA,,,NC16KR,Supplier/Agent Info,,Agent Phone,ieAgentPhone,,,
RFNT30UA,1,,,,,,,Reinforcement General Information,,Material Class,ieMaterialClass,,,FABRIC
RFNT30UA,1,,,,,,,Reinforcement General Information,,Material Subclass,ieMaterialSubclass,,,"NYLON 6,6 MONOFILAMENT"
RFNT30UA,1,,,,,,,Reinforcement General Information,,Material Code,cbMaterialCode,,,RFNT30UA
RFNT30UA,1,,,,,,,Reinforcement General Information,,SAP Material Type,cbGBSMatType,,,FABR
RFNT30UA,1,,,,,,,Reinforcement General Information,,SAP Secondary Material Type,cbGBSMatSecType,,,FABR
RFNT30UA,1,,,,,,,Reinforcement General Information,,SAP Type of Component,cbGBSTypeComp,,,FABR
RFNT30UA,1,,,,,,,Reinforcement General Information,,Initial Exp Spec Code (hidden),ieInitialExpSpCode,,,
RFNT30UA,1,,,,,,,Reinforcement General Information,,,ieSAPStatusCode,,,Y1
RFNT30UA,1,,,,,,,Reinforcement General Information,,SAP Status,ddlSAPStatusDesc,,,Active (Non Development line-up)
RFNT30UA,1,,,,,,,Reinforcement - Basic,2,Construction Code - Fabric,cbConCodeFabric,,,NT
RFNT30UA,1,,,,,,,Reinforcement - Basic,2,Construction Code - Square Woven,cbConCodeSqWov,,,
RFNT30UA,1,,,,,,,Reinforcement - Basic,2,Construction Code - Wire/Cable,cbConCodeWirCab,,,
RFNT30UA,1,,,,,,,Reinforcement - Basic,2,Processing Code,cbFabricProcCode,,,UA
RFNT30UA,1,,,,,,,Reinforcement - Basic,2,Cord Density Code,cbCordDensCode,,,30
RFNT30UA,1,,,,,,,Reinforcement - Basic,2,EPI,cbEPI,,,30.0
RFNT30UA,1,,,,,,,Reinforcement - Basic,2,Fill Cord (Type),ddlFillCord,,,Non Extensible
RFNT30UA,1,,,,,,,Reinforcement - Basic,2,Linear Fill Cord Weight (DEN),efLinCorWt,,,221
RFNT30UA,1,,,,,,,Reinforcement - Basic,2,Picks per Meter,efPicksPerMeter,,,59
RFNT30UA,1,,,,,,,Reinforcement - Basic,2,SAP/SOS Description,efSAPSOSDesc,,,"NYLON, N6.6 MONOFILAMENT, 950/1, 30.00 EPI, UA"
RFNT30UA,1,,,,,,,Reinforcement - Basic,2,Update Spec Description (hidden),ieSAPSpecDesc,,,
RFNT30UA,1,,,,,,,Reinforcement - Basic,2,Cable Bead Inside Diameter (mm),efCBInsideDia,,,
RFNT30UA,1,,,,,,,Reinforcement - Basic,2,Cable Bead Comp. Weight (kg),efCBCompWeight,,,
RFNT30UA,1,,,,,,,Reinforcement - Basic,2,Cable Bead Gauge (mm),efCBGauge,,,
RFNT30UA,1,,,,,,,Reinforcement - Basic,2,Cable Bead Coating,ddlCBCoating,,,
RFNT30UA,1,Supplier,HYOSUNG CORPORATION,LISA,,,NT30UA,Supplier/Agent Info,,Initial Exp Spec Code (hidden),ieInitialExpSpCode,,,
RFNT30UA,1,Supplier,HYOSUNG CORPORATION,LISA,,,NT30UA,Supplier/Agent Info,,Material Code,cbMaterialCode,,,RFNT30UA
RFNT30UA,1,Supplier,HYOSUNG CORPORATION,LISA,,,NT30UA,Supplier/Agent Info,,Material Description,ieMatDescSupplier,,,"NYLON, N6.6 MONOFILAMENT, 950/1, 30.00 EPI, UA"
RFNT30UA,1,Supplier,HYOSUNG CORPORATION,LISA,,,NT30UA,Supplier/Agent Info,,Supplier,ieSupplier,,,HYOSUNG CORPORATION
RFNT30UA,1,Supplier,HYOSUNG CORPORATION,LISA,,,NT30UA,Supplier/Agent Info,,Agent,ieAgent,,,
RFNT30UA,1,Supplier,HYOSUNG CORPORATION,LISA,,,NT30UA,Supplier/Agent Info,,Supplier Plant,ieSupplierPlant,,,LISA
RFNT30UA,1,Supplier,HYOSUNG CORPORATION,LISA,,,NT30UA,Supplier/Agent Info,,Agent Plant,ieAgentPlant,,,
RFNT30UA,1,Supplier,HYOSUNG CORPORATION,LISA,,,NT30UA,Supplier/Agent Info,,Supplier Plant - City,ieSupplierPlantLocationCity,,,LISA
RFNT30UA,1,Supplier,HYOSUNG CORPORATION,LISA,,,NT30UA,Supplier/Agent Info,,Agent Plant - City,ieAgentPlantLocationCity,,,
RFNT30UA,1,Supplier,HYOSUNG CORPORATION,LISA,,,NT30UA,Supplier/Agent Info,,Supplier Plant - State,ieSupplierPlantLocationState,,,Others
RFNT30UA,1,Supplier,HYOSUNG CORPORATION,LISA,,,NT30UA,Supplier/Agent Info,,Agent Plant - State,ieAgentPlantLocationState,,,
RFNT30UA,1,Supplier,HYOSUNG CORPORATION,LISA,,,NT30UA,Supplier/Agent Info,,Agent Plant - Country,ieAgentPlantLocationCountry,,,
RFNT30UA,1,Supplier,HYOSUNG CORPORATION,LISA,,,NT30UA,Supplier/Agent Info,,Supplier Plant - Country,ieSupplierPlantLocationCountry,,,Luxembourg
RFNT30UA,1,Supplier,HYOSUNG CORPORATION,LISA,,,NT30UA,Supplier/Agent Info,,Plant Code,ieSISPlantCode,,,AIG
RFNT30UA,1,Supplier,HYOSUNG CORPORATION,LISA,,,NT30UA,Supplier/Agent Info,,Plant Code,ieAgentPlantCode,,,
RFNT30UA,1,Supplier,HYOSUNG CORPORATION,LISA,,,NT30UA,Supplier/Agent Info,,Supplier Trade Name,ieSupplierTradeName,,,NT30UA
RFNT30UA,1,Supplier,HYOSUNG CORPORATION,LISA,,,NT30UA,Supplier/Agent Info,,Agent to Break Bulk?,cbBreakBulk,,,0
RFNT30UA,1,Supplier,HYOSUNG CORPORATION,LISA,,,NT30UA,Supplier/Agent Info,,Supplier Contact Name,ieSupplierContactName,,,
RFNT30UA,1,Supplier,HYOSUNG CORPORATION,LISA,,,NT30UA,Supplier/Agent Info,,Agent Contact Name,ieAgentContactName,,,
RFNT30UA,1,Supplier,HYOSUNG CORPORATION,LISA,,,NT30UA,Supplier/Agent Info,,Supplier Contact Type,ddlSupType,,,
RFNT30UA,1,Supplier,HYOSUNG CORPORATION,LISA,,,NT30UA,Supplier/Agent Info,,Agent Contact Type,ddlAgentType,,,
RFNT30UA,1,Supplier,HYOSUNG CORPORATION,LISA,,,NT30UA,Supplier/Agent Info,,Supplier email,ieSupplierEmail,,,
RFNT30UA,1,Supplier,HYOSUNG CORPORATION,LISA,,,NT30UA,Supplier/Agent Info,,Agent email,ieAgentEmail,,,
RFNT30UA,1,Supplier,HYOSUNG CORPORATION,LISA,,,NT30UA,Supplier/Agent Info,,Supplier Phone,ieSupplierPhone,,,
RFNT30UA,1,Supplier,HYOSUNG CORPORATION,LISA,,,NT30UA,Supplier/Agent Info,,Agent Phone,ieAgentPhone,,,
RFNJ27JF,1,,,,,,,Reinforcement General Information,,Material Class,ieMaterialClass,,,FABRIC
RFNJ27JF,1,,,,,,,Reinforcement General Information,,Material Subclass,ieMaterialSubclass,,,"NYLON 6,6"
RFNJ27JF,1,,,,,,,Reinforcement General Information,,Material Code,cbMaterialCode,,,RFNJ27JF
RFNJ27JF,1,,,,,,,Reinforcement General Information,,SAP Material Type,cbGBSMatType,,,FABR
RFNJ27JF,1,,,,,,,Reinforcement General Information,,SAP Secondary Material Type,cbGBSMatSecType,,,FABR
RFNJ27JF,1,,,,,,,Reinforcement General Information,,SAP Type of Component,cbGBSTypeComp,,,
RFNJ27JF,1,,,,,,,Reinforcement General Information,,Initial Exp Spec Code (hidden),ieInitialExpSpCode,,,
RFNJ27JF,1,,,,,,,Reinforcement General Information,,,ieSAPStatusCode,,,Y1
RFNJ27JF,1,,,,,,,Reinforcement General Information,,SAP Status,ddlSAPStatusDesc,,,Active (Non Development line-up)
RFNJ27JF,1,,,,,,,Reinforcement - Basic,2,Construction Code - Fabric,cbConCodeFabric,,,
RFNJ27JF,1,,,,,,,Reinforcement - Basic,2,Construction Code - Square Woven,cbConCodeSqWov,,,
RFNJ27JF,1,,,,,,,Reinforcement - Basic,2,Construction Code - Wire/Cable,cbConCodeWirCab,,,
RFNJ27JF,1,,,,,,,Reinforcement - Basic,2,Processing Code,cbFabricProcCode,,,
RFNJ27JF,1,,,,,,,Reinforcement - Basic,2,Cord Density Code,cbCordDensCode,,,
RFNJ27JF,1,,,,,,,Reinforcement - Basic,2,EPI,cbEPI,,,
RFNJ27JF,1,,,,,,,Reinforcement - Basic,2,Fill Cord (Type),ddlFillCord,,,
RFNJ27JF,1,,,,,,,Reinforcement - Basic,2,Linear Fill Cord Weight (DEN),efLinCorWt,,,
RFNJ27JF,1,,,,,,,Reinforcement - Basic,2,Picks per Meter,efPicksPerMeter,,,
RFNJ27JF,1,,,,,,,Reinforcement - Basic,2,SAP/SOS Description,efSAPSOSDesc,,,"NYLON 6,6  940/1/2 10 X 12 TPI 27EPI JF"
RFNJ27JF,1,,,,,,,Reinforcement - Basic,2,Update Spec Description (hidden),ieSAPSpecDesc,,,
RFNJ27JF,1,,,,,,,Reinforcement - Basic,2,Cable Bead Inside Diameter (mm),efCBInsideDia,,,
RFNJ27JF,1,,,,,,,Reinforcement - Basic,2,Cable Bead Comp. Weight (kg),efCBCompWeight,,,
RFNJ27JF,1,,,,,,,Reinforcement - Basic,2,Cable Bead Gauge (mm),efCBGauge,,,
RFNJ27JF,1,,,,,,,Reinforcement - Basic,2,Cable Bead Coating,ddlCBCoating,,,
RFNJ27JF,1,Supplier,HYOSUNG CORPORATION,AMERICANA,,,NJ27JF,Supplier/Agent Info,,Initial Exp Spec Code (hidden),ieInitialExpSpCode,,,
RFNJ27JF,1,Supplier,HYOSUNG CORPORATION,AMERICANA,,,NJ27JF,Supplier/Agent Info,,Material Code,cbMaterialCode,,,RFNJ27JF
RFNJ27JF,1,Supplier,HYOSUNG CORPORATION,AMERICANA,,,NJ27JF,Supplier/Agent Info,,Material Description,ieMatDescSupplier,,,"NYLON 6,6  940/1/2 10 X 12 TPI 27EPI JF"
RFNJ27JF,1,Supplier,HYOSUNG CORPORATION,AMERICANA,,,NJ27JF,Supplier/Agent Info,,Supplier,ieSupplier,,,HYOSUNG CORPORATION
RFNJ27JF,1,Supplier,HYOSUNG CORPORATION,AMERICANA,,,NJ27JF,Supplier/Agent Info,,Agent,ieAgent,,,
RFNJ27JF,1,Supplier,HYOSUNG CORPORATION,AMERICANA,,,NJ27JF,Supplier/Agent Info,,Supplier Plant,ieSupplierPlant,,,AMERICANA
RFNJ27JF,1,Supplier,HYOSUNG CORPORATION,AMERICANA,,,NJ27JF,Supplier/Agent Info,,Agent Plant,ieAgentPlant,,,
RFNJ27JF,1,Supplier,HYOSUNG CORPORATION,AMERICANA,,,NJ27JF,Supplier/Agent Info,,Supplier Plant - City,ieSupplierPlantLocationCity,,,Americana
RFNJ27JF,1,Supplier,HYOSUNG CORPORATION,AMERICANA,,,NJ27JF,Supplier/Agent Info,,Agent Plant - City,ieAgentPlantLocationCity,,,
RFNJ27JF,1,Supplier,HYOSUNG CORPORATION,AMERICANA,,,NJ27JF,Supplier/Agent Info,,Supplier Plant - State,ieSupplierPlantLocationState,,,Others
RFNJ27JF,1,Supplier,HYOSUNG CORPORATION,AMERICANA,,,NJ27JF,Supplier/Agent Info,,Agent Plant - State,ieAgentPlantLocationState,,,
RFNJ27JF,1,Supplier,HYOSUNG CORPORATION,AMERICANA,,,NJ27JF,Supplier/Agent Info,,Agent Plant - Country,ieAgentPlantLocationCountry,,,
RFNJ27JF,1,Supplier,HYOSUNG CORPORATION,AMERICANA,,,NJ27JF,Supplier/Agent Info,,Supplier Plant - Country,ieSupplierPlantLocationCountry,,,Brazil
RFNJ27JF,1,Supplier,HYOSUNG CORPORATION,AMERICANA,,,NJ27JF,Supplier/Agent Info,,Plant Code,ieSISPlantCode,,,
RFNJ27JF,1,Supplier,HYOSUNG CORPORATION,AMERICANA,,,NJ27JF,Supplier/Agent Info,,Plant Code,ieAgentPlantCode,,,
RFNJ27JF,1,Supplier,HYOSUNG CORPORATION,AMERICANA,,,NJ27JF,Supplier/Agent Info,,Supplier Trade Name,ieSupplierTradeName,,,NJ27JF
RFNJ27JF,1,Supplier,HYOSUNG CORPORATION,AMERICANA,,,NJ27JF,Supplier/Agent Info,,Agent to Break Bulk?,cbBreakBulk,,,0
RFNJ27JF,1,Supplier,HYOSUNG CORPORATION,AMERICANA,,,NJ27JF,Supplier/Agent Info,,Supplier Contact Name,ieSupplierContactName,,,
RFNJ27JF,1,Supplier,HYOSUNG CORPORATION,AMERICANA,,,NJ27JF,Supplier/Agent Info,,Agent Contact Name,ieAgentContactName,,,
RFNJ27JF,1,Supplier,HYOSUNG CORPORATION,AMERICANA,,,NJ27JF,Supplier/Agent Info,,Supplier Contact Type,ddlSupType,,,
RFNJ27JF,1,Supplier,HYOSUNG CORPORATION,AMERICANA,,,NJ27JF,Supplier/Agent Info,,Agent Contact Type,ddlAgentType,,,
RFNJ27JF,1,Supplier,HYOSUNG CORPORATION,AMERICANA,,,NJ27JF,Supplier/Agent Info,,Supplier email,ieSupplierEmail,,,
RFNJ27JF,1,Supplier,HYOSUNG CORPORATION,AMERICANA,,,NJ27JF,Supplier/Agent Info,,Agent email,ieAgentEmail,,,
RFNJ27JF,1,Supplier,HYOSUNG CORPORATION,AMERICANA,,,NJ27JF,Supplier/Agent Info,,Supplier Phone,ieSupplierPhone,,,
RFNJ27JF,1,Supplier,HYOSUNG CORPORATION,AMERICANA,,,NJ27JF,Supplier/Agent Info,,Agent Phone,ieAgentPhone,,,
RFLV19JA,1,,,,,,,Reinforcement General Information,,Material Class,ieMaterialClass,,,FABRIC
RFLV19JA,1,,,,,,,Reinforcement General Information,,Material Subclass,ieMaterialSubclass,,,NYLON 6
RFLV19JA,1,,,,,,,Reinforcement General Information,,Material Code,cbMaterialCode,,,RFLV19JA
RFLV19JA,1,,,,,,,Reinforcement General Information,,SAP Material Type,cbGBSMatType,,,FABR
RFLV19JA,1,,,,,,,Reinforcement General Information,,SAP Secondary Material Type,cbGBSMatSecType,,,FABR
RFLV19JA,1,,,,,,,Reinforcement General Information,,SAP Type of Component,cbGBSTypeComp,,,NYLON 6
RFLV19JA,1,,,,,,,Reinforcement General Information,,Initial Exp Spec Code (hidden),ieInitialExpSpCode,,,
RFLV19JA,1,,,,,,,Reinforcement General Information,,,ieSAPStatusCode,,,Y1
RFLV19JA,1,,,,,,,Reinforcement General Information,,SAP Status,ddlSAPStatusDesc,,,Active (Non Development line-up)
RFLV19JA,1,,,,,,,Reinforcement - Basic,2,Construction Code - Fabric,cbConCodeFabric,,,
RFLV19JA,1,,,,,,,Reinforcement - Basic,2,Construction Code - Square Woven,cbConCodeSqWov,,,
RFLV19JA,1,,,,,,,Reinforcement - Basic,2,Construction Code - Wire/Cable,cbConCodeWirCab,,,
RFLV19JA,1,,,,,,,Reinforcement - Basic,2,Processing Code,cbFabricProcCode,,,
RFLV19JA,1,,,,,,,Reinforcement - Basic,2,Cord Density Code,cbCordDensCode,,,
RFLV19JA,1,,,,,,,Reinforcement - Basic,2,EPI,cbEPI,,,
RFLV19JA,1,,,,,,,Reinforcement - Basic,2,Fill Cord (Type),ddlFillCord,,,
RFLV19JA,1,,,,,,,Reinforcement - Basic,2,Linear Fill Cord Weight (DEN),efLinCorWt,,,
RFLV19JA,1,,,,,,,Reinforcement - Basic,2,Picks per Meter,efPicksPerMeter,,,
RFLV19JA,1,,,,,,,Reinforcement - Basic,2,SAP/SOS Description,efSAPSOSDesc,,,NYLON 6 2100/1/2 6 X 8 TPI 19EPI JA
RFLV19JA,1,,,,,,,Reinforcement - Basic,2,Update Spec Description (hidden),ieSAPSpecDesc,,,
RFLV19JA,1,,,,,,,Reinforcement - Basic,2,Cable Bead Inside Diameter (mm),efCBInsideDia,,,
RFLV19JA,1,,,,,,,Reinforcement - Basic,2,Cable Bead Comp. Weight (kg),efCBCompWeight,,,
RFLV19JA,1,,,,,,,Reinforcement - Basic,2,Cable Bead Gauge (mm),efCBGauge,,,
RFLV19JA,1,,,,,,,Reinforcement - Basic,2,Cable Bead Coating,ddlCBCoating,,,
RFLV19JA,1,Supplier,HYOSUNG CORPORATION,AMERICANA,,,LV19JA,Supplier/Agent Info,,Initial Exp Spec Code (hidden),ieInitialExpSpCode,,,
RFLV19JA,1,Supplier,HYOSUNG CORPORATION,AMERICANA,,,LV19JA,Supplier/Agent Info,,Material Code,cbMaterialCode,,,RFLV19JA
RFLV19JA,1,Supplier,HYOSUNG CORPORATION,AMERICANA,,,LV19JA,Supplier/Agent Info,,Material Description,ieMatDescSupplier,,,NYLON 6 2100/1/2 6 X 8 TPI 19EPI JA
RFLV19JA,1,Supplier,HYOSUNG CORPORATION,AMERICANA,,,LV19JA,Supplier/Agent Info,,Supplier,ieSupplier,,,HYOSUNG CORPORATION
RFLV19JA,1,Supplier,HYOSUNG CORPORATION,AMERICANA,,,LV19JA,Supplier/Agent Info,,Agent,ieAgent,,,
RFLV19JA,1,Supplier,HYOSUNG CORPORATION,AMERICANA,,,LV19JA,Supplier/Agent Info,,Supplier Plant,ieSupplierPlant,,,AMERICANA
RFLV19JA,1,Supplier,HYOSUNG CORPORATION,AMERICANA,,,LV19JA,Supplier/Agent Info,,Agent Plant,ieAgentPlant,,,
RFLV19JA,1,Supplier,HYOSUNG CORPORATION,AMERICANA,,,LV19JA,Supplier/Agent Info,,Supplier Plant - City,ieSupplierPlantLocationCity,,,Americana
RFLV19JA,1,Supplier,HYOSUNG CORPORATION,AMERICANA,,,LV19JA,Supplier/Agent Info,,Agent Plant - City,ieAgentPlantLocationCity,,,
RFLV19JA,1,Supplier,HYOSUNG CORPORATION,AMERICANA,,,LV19JA,Supplier/Agent Info,,Supplier Plant - State,ieSupplierPlantLocationState,,,Others
RFLV19JA,1,Supplier,HYOSUNG CORPORATION,AMERICANA,,,LV19JA,Supplier/Agent Info,,Agent Plant - State,ieAgentPlantLocationState,,,
RFLV19JA,1,Supplier,HYOSUNG CORPORATION,AMERICANA,,,LV19JA,Supplier/Agent Info,,Agent Plant - Country,ieAgentPlantLocationCountry,,,
RFLV19JA,1,Supplier,HYOSUNG CORPORATION,AMERICANA,,,LV19JA,Supplier/Agent Info,,Supplier Plant - Country,ieSupplierPlantLocationCountry,,,Brazil
RFLV19JA,1,Supplier,HYOSUNG CORPORATION,AMERICANA,,,LV19JA,Supplier/Agent Info,,Plant Code,ieSISPlantCode,,,
RFLV19JA,1,Supplier,HYOSUNG CORPORATION,AMERICANA,,,LV19JA,Supplier/Agent Info,,Plant Code,ieAgentPlantCode,,,
RFLV19JA,1,Supplier,HYOSUNG CORPORATION,AMERICANA,,,LV19JA,Supplier/Agent Info,,Supplier Trade Name,ieSupplierTradeName,,,LV19JA
RFLV19JA,1,Supplier,HYOSUNG CORPORATION,AMERICANA,,,LV19JA,Supplier/Agent Info,,Agent to Break Bulk?,cbBreakBulk,,,0
RFLV19JA,1,Supplier,HYOSUNG CORPORATION,AMERICANA,,,LV19JA,Supplier/Agent Info,,Supplier Contact Name,ieSupplierContactName,,,
RFLV19JA,1,Supplier,HYOSUNG CORPORATION,AMERICANA,,,LV19JA,Supplier/Agent Info,,Agent Contact Name,ieAgentContactName,,,
RFLV19JA,1,Supplier,HYOSUNG CORPORATION,AMERICANA,,,LV19JA,Supplier/Agent Info,,Supplier Contact Type,ddlSupType,,,
RFLV19JA,1,Supplier,HYOSUNG CORPORATION,AMERICANA,,,LV19JA,Supplier/Agent Info,,Agent Contact Type,ddlAgentType,,,
RFLV19JA,1,Supplier,HYOSUNG CORPORATION,AMERICANA,,,LV19JA,Supplier/Agent Info,,Supplier email,ieSupplierEmail,,,
RFLV19JA,1,Supplier,HYOSUNG CORPORATION,AMERICANA,,,LV19JA,Supplier/Agent Info,,Agent email,ieAgentEmail,,,
RFLV19JA,1,Supplier,HYOSUNG CORPORATION,AMERICANA,,,LV19JA,Supplier/Agent Info,,Supplier Phone,ieSupplierPhone,,,
RFLV19JA,1,Supplier,HYOSUNG CORPORATION,AMERICANA,,,LV19JA,Supplier/Agent Info,,Agent Phone,ieAgentPhone,,,
RFFP,1,,,,,,,Reinforcement General Information,,Material Class,ieMaterialClass,,,WIRE
RFFP,1,,,,,,,Reinforcement General Information,,Material Subclass,ieMaterialSubclass,,,STEEL CORD
RFFP,1,,,,,,,Reinforcement General Information,,Material Code,cbMaterialCode,,,RFFP
RFFP,1,,,,,,,Reinforcement General Information,,SAP Material Type,cbGBSMatType,,,WIRE
RFFP,1,,,,,,,Reinforcement General Information,,SAP Secondary Material Type,cbGBSMatSecType,,,WIRE
RFFP,1,,,,,,,Reinforcement General Information,,SAP Type of Component,cbGBSTypeComp,,,PLY
RFFP,1,,,,,,,Reinforcement General Information,,Initial Exp Spec Code (hidden),ieInitialExpSpCode,,,
RFFP,1,,,,,,,Reinforcement General Information,,,ieSAPStatusCode,,,Y1
RFFP,1,,,,,,,Reinforcement General Information,,SAP Status,ddlSAPStatusDesc,,,Active (Non Development line-up)
RFFP,1,,,,,,,Reinforcement - Basic,2,Construction Code - Fabric,cbConCodeFabric,,,
RFFP,1,,,,,,,Reinforcement - Basic,2,Construction Code - Square Woven,cbConCodeSqWov,,,
RFFP,1,,,,,,,Reinforcement - Basic,2,Construction Code - Wire/Cable,cbConCodeWirCab,,,FP
RFFP,1,,,,,,,Reinforcement - Basic,2,Processing Code,cbFabricProcCode,,,
RFFP,1,,,,,,,Reinforcement - Basic,2,Cord Density Code,cbCordDensCode,,,
RFFP,1,,,,,,,Reinforcement - Basic,2,EPI,cbEPI,,,
RFFP,1,,,,,,,Reinforcement - Basic,2,Fill Cord (Type),ddlFillCord,,,
RFFP,1,,,,,,,Reinforcement - Basic,2,Linear Fill Cord Weight (DEN),efLinCorWt,,,
RFFP,1,,,,,,,Reinforcement - Basic,2,Picks per Meter,efPicksPerMeter,,,
RFFP,1,,,,,,,Reinforcement - Basic,2,SAP/SOS Description,efSAPSOSDesc,,,1X.21/18X.185 UT
RFFP,1,,,,,,,Reinforcement - Basic,2,Update Spec Description (hidden),ieSAPSpecDesc,,,
RFFP,1,,,,,,,Reinforcement - Basic,2,Cable Bead Inside Diameter (mm),efCBInsideDia,,,
RFFP,1,,,,,,,Reinforcement - Basic,2,Cable Bead Comp. Weight (kg),efCBCompWeight,,,
RFFP,1,,,,,,,Reinforcement - Basic,2,Cable Bead Gauge (mm),efCBGauge,,,
RFFP,1,,,,,,,Reinforcement - Basic,2,Cable Bead Coating,ddlCBCoating,,,
RFFP,1,Supplier,KISWIRE,CHANGWON,,,F501FP,Supplier/Agent Info,,Initial Exp Spec Code (hidden),ieInitialExpSpCode,,,S00030
RFFP,1,Supplier,KISWIRE,CHANGWON,,,F501FP,Supplier/Agent Info,,Material Code,cbMaterialCode,,,RFFP
RFFP,1,Supplier,KISWIRE,CHANGWON,,,F501FP,Supplier/Agent Info,,Material Description,ieMatDescSupplier,,,1X.21/18X.185 UT
RFFP,1,Supplier,KISWIRE,CHANGWON,,,F501FP,Supplier/Agent Info,,Supplier,ieSupplier,,,KISWIRE
RFFP,1,Supplier,KISWIRE,CHANGWON,,,F501FP,Supplier/Agent Info,,Agent,ieAgent,,,
RFFP,1,Supplier,KISWIRE,CHANGWON,,,F501FP,Supplier/Agent Info,,Supplier Plant,ieSupplierPlant,,,CHANGWON
RFFP,1,Supplier,KISWIRE,CHANGWON,,,F501FP,Supplier/Agent Info,,Agent Plant,ieAgentPlant,,,
RFFP,1,Supplier,KISWIRE,CHANGWON,,,F501FP,Supplier/Agent Info,,Supplier Plant - City,ieSupplierPlantLocationCity,,,Changwon
RFFP,1,Supplier,KISWIRE,CHANGWON,,,F501FP,Supplier/Agent Info,,Agent Plant - City,ieAgentPlantLocationCity,,,
RFFP,1,Supplier,KISWIRE,CHANGWON,,,F501FP,Supplier/Agent Info,,Supplier Plant - State,ieSupplierPlantLocationState,,,Others
RFFP,1,Supplier,KISWIRE,CHANGWON,,,F501FP,Supplier/Agent Info,,Agent Plant - State,ieAgentPlantLocationState,,,
RFFP,1,Supplier,KISWIRE,CHANGWON,,,F501FP,Supplier/Agent Info,,Agent Plant - Country,ieAgentPlantLocationCountry,,,
RFFP,1,Supplier,KISWIRE,CHANGWON,,,F501FP,Supplier/Agent Info,,Supplier Plant - Country,ieSupplierPlantLocationCountry,,,South Korea
RFFP,1,Supplier,KISWIRE,CHANGWON,,,F501FP,Supplier/Agent Info,,Plant Code,ieSISPlantCode,,,ALB
RFFP,1,Supplier,KISWIRE,CHANGWON,,,F501FP,Supplier/Agent Info,,Plant Code,ieAgentPlantCode,,,
RFFP,1,Supplier,KISWIRE,CHANGWON,,,F501FP,Supplier/Agent Info,,Supplier Trade Name,ieSupplierTradeName,,,F501FP
RFFP,1,Supplier,KISWIRE,CHANGWON,,,F501FP,Supplier/Agent Info,,Agent to Break Bulk?,cbBreakBulk,,,0
RFFP,1,Supplier,KISWIRE,CHANGWON,,,F501FP,Supplier/Agent Info,,Supplier Contact Name,ieSupplierContactName,,,
RFFP,1,Supplier,KISWIRE,CHANGWON,,,F501FP,Supplier/Agent Info,,Agent Contact Name,ieAgentContactName,,,
RFFP,1,Supplier,KISWIRE,CHANGWON,,,F501FP,Supplier/Agent Info,,Supplier Contact Type,ddlSupType,,,
RFFP,1,Supplier,KISWIRE,CHANGWON,,,F501FP,Supplier/Agent Info,,Agent Contact Type,ddlAgentType,,,
RFFP,1,Supplier,KISWIRE,CHANGWON,,,F501FP,Supplier/Agent Info,,Supplier email,ieSupplierEmail,,,
RFFP,1,Supplier,KISWIRE,CHANGWON,,,F501FP,Supplier/Agent Info,,Agent email,ieAgentEmail,,,
RFFP,1,Supplier,KISWIRE,CHANGWON,,,F501FP,Supplier/Agent Info,,Supplier Phone,ieSupplierPhone,,,
RFFP,1,Supplier,KISWIRE,CHANGWON,,,F501FP,Supplier/Agent Info,,Agent Phone,ieAgentPhone,,,
RFFP,1,Supplier,BEKAERT,ROGERS,,,BB01FP,Supplier/Agent Info,,Initial Exp Spec Code (hidden),ieInitialExpSpCode,,,S00018
RFFP,1,Supplier,BEKAERT,ROGERS,,,BB01FP,Supplier/Agent Info,,Material Code,cbMaterialCode,,,RFFP
RFFP,1,Supplier,BEKAERT,ROGERS,,,BB01FP,Supplier/Agent Info,,Material Description,ieMatDescSupplier,,,1X.21/18X.185 UT
RFFP,1,Supplier,BEKAERT,ROGERS,,,BB01FP,Supplier/Agent Info,,Supplier,ieSupplier,,,BEKAERT
RFFP,1,Supplier,BEKAERT,ROGERS,,,BB01FP,Supplier/Agent Info,,Agent,ieAgent,,,
RFFP,1,Supplier,BEKAERT,ROGERS,,,BB01FP,Supplier/Agent Info,,Supplier Plant,ieSupplierPlant,,,ROGERS
RFFP,1,Supplier,BEKAERT,ROGERS,,,BB01FP,Supplier/Agent Info,,Agent Plant,ieAgentPlant,,,
RFFP,1,Supplier,BEKAERT,ROGERS,,,BB01FP,Supplier/Agent Info,,Supplier Plant - City,ieSupplierPlantLocationCity,,,Rogers
RFFP,1,Supplier,BEKAERT,ROGERS,,,BB01FP,Supplier/Agent Info,,Agent Plant - City,ieAgentPlantLocationCity,,,
RFFP,1,Supplier,BEKAERT,ROGERS,,,BB01FP,Supplier/Agent Info,,Supplier Plant - State,ieSupplierPlantLocationState,,,AR
RFFP,1,Supplier,BEKAERT,ROGERS,,,BB01FP,Supplier/Agent Info,,Agent Plant - State,ieAgentPlantLocationState,,,
RFFP,1,Supplier,BEKAERT,ROGERS,,,BB01FP,Supplier/Agent Info,,Agent Plant - Country,ieAgentPlantLocationCountry,,,
RFFP,1,Supplier,BEKAERT,ROGERS,,,BB01FP,Supplier/Agent Info,,Supplier Plant - Country,ieSupplierPlantLocationCountry,,,USA
RFFP,1,Supplier,BEKAERT,ROGERS,,,BB01FP,Supplier/Agent Info,,Plant Code,ieSISPlantCode,,,AMX
RFFP,1,Supplier,BEKAERT,ROGERS,,,BB01FP,Supplier/Agent Info,,Plant Code,ieAgentPlantCode,,,
RFFP,1,Supplier,BEKAERT,ROGERS,,,BB01FP,Supplier/Agent Info,,Supplier Trade Name,ieSupplierTradeName,,,BB01FP
RFFP,1,Supplier,BEKAERT,ROGERS,,,BB01FP,Supplier/Agent Info,,Agent to Break Bulk?,cbBreakBulk,,,0
RFFP,1,Supplier,BEKAERT,ROGERS,,,BB01FP,Supplier/Agent Info,,Supplier Contact Name,ieSupplierContactName,,,
RFFP,1,Supplier,BEKAERT,ROGERS,,,BB01FP,Supplier/Agent Info,,Agent Contact Name,ieAgentContactName,,,
RFFP,1,Supplier,BEKAERT,ROGERS,,,BB01FP,Supplier/Agent Info,,Supplier Contact Type,ddlSupType,,,
RFFP,1,Supplier,BEKAERT,ROGERS,,,BB01FP,Supplier/Agent Info,,Agent Contact Type,ddlAgentType,,,
RFFP,1,Supplier,BEKAERT,ROGERS,,,BB01FP,Supplier/Agent Info,,Supplier email,ieSupplierEmail,,,
RFFP,1,Supplier,BEKAERT,ROGERS,,,BB01FP,Supplier/Agent Info,,Agent email,ieAgentEmail,,,
RFFP,1,Supplier,BEKAERT,ROGERS,,,BB01FP,Supplier/Agent Info,,Supplier Phone,ieSupplierPhone,,,
RFFP,1,Supplier,BEKAERT,ROGERS,,,BB01FP,Supplier/Agent Info,,Agent Phone,ieAgentPhone,,,
RFFP,1,Supplier,BEKAERT,SHENYANG BSAP,,,BL01FP,Supplier/Agent Info,,Initial Exp Spec Code (hidden),ieInitialExpSpCode,,,S00027
RFFP,1,Supplier,BEKAERT,SHENYANG BSAP,,,BL01FP,Supplier/Agent Info,,Material Code,cbMaterialCode,,,RFFP
RFFP,1,Supplier,BEKAERT,SHENYANG BSAP,,,BL01FP,Supplier/Agent Info,,Material Description,ieMatDescSupplier,,,1X.21/18X.185 UT
RFFP,1,Supplier,BEKAERT,SHENYANG BSAP,,,BL01FP,Supplier/Agent Info,,Supplier,ieSupplier,,,BEKAERT
RFFP,1,Supplier,BEKAERT,SHENYANG BSAP,,,BL01FP,Supplier/Agent Info,,Agent,ieAgent,,,
RFFP,1,Supplier,BEKAERT,SHENYANG BSAP,,,BL01FP,Supplier/Agent Info,,Supplier Plant,ieSupplierPlant,,,SHENYANG BSAP
RFFP,1,Supplier,BEKAERT,SHENYANG BSAP,,,BL01FP,Supplier/Agent Info,,Agent Plant,ieAgentPlant,,,
RFFP,1,Supplier,BEKAERT,SHENYANG BSAP,,,BL01FP,Supplier/Agent Info,,Supplier Plant - City,ieSupplierPlantLocationCity,,,Shenyang
RFFP,1,Supplier,BEKAERT,SHENYANG BSAP,,,BL01FP,Supplier/Agent Info,,Agent Plant - City,ieAgentPlantLocationCity,,,
RFFP,1,Supplier,BEKAERT,SHENYANG BSAP,,,BL01FP,Supplier/Agent Info,,Supplier Plant - State,ieSupplierPlantLocationState,,,Others
RFFP,1,Supplier,BEKAERT,SHENYANG BSAP,,,BL01FP,Supplier/Agent Info,,Agent Plant - State,ieAgentPlantLocationState,,,
RFFP,1,Supplier,BEKAERT,SHENYANG BSAP,,,BL01FP,Supplier/Agent Info,,Agent Plant - Country,ieAgentPlantLocationCountry,,,
RFFP,1,Supplier,BEKAERT,SHENYANG BSAP,,,BL01FP,Supplier/Agent Info,,Supplier Plant - Country,ieSupplierPlantLocationCountry,,,China
RFFP,1,Supplier,BEKAERT,SHENYANG BSAP,,,BL01FP,Supplier/Agent Info,,Plant Code,ieSISPlantCode,,,JOH
RFFP,1,Supplier,BEKAERT,SHENYANG BSAP,,,BL01FP,Supplier/Agent Info,,Plant Code,ieAgentPlantCode,,,
RFFP,1,Supplier,BEKAERT,SHENYANG BSAP,,,BL01FP,Supplier/Agent Info,,Supplier Trade Name,ieSupplierTradeName,,,BL01FP
RFFP,1,Supplier,BEKAERT,SHENYANG BSAP,,,BL01FP,Supplier/Agent Info,,Agent to Break Bulk?,cbBreakBulk,,,0
RFFP,1,Supplier,BEKAERT,SHENYANG BSAP,,,BL01FP,Supplier/Agent Info,,Supplier Contact Name,ieSupplierContactName,,,
RFFP,1,Supplier,BEKAERT,SHENYANG BSAP,,,BL01FP,Supplier/Agent Info,,Agent Contact Name,ieAgentContactName,,,
RFFP,1,Supplier,BEKAERT,SHENYANG BSAP,,,BL01FP,Supplier/Agent Info,,Supplier Contact Type,ddlSupType,,,
RFFP,1,Supplier,BEKAERT,SHENYANG BSAP,,,BL01FP,Supplier/Agent Info,,Agent Contact Type,ddlAgentType,,,
RFFP,1,Supplier,BEKAERT,SHENYANG BSAP,,,BL01FP,Supplier/Agent Info,,Supplier email,ieSupplierEmail,,,
RFFP,1,Supplier,BEKAERT,SHENYANG BSAP,,,BL01FP,Supplier/Agent Info,,Agent email,ieAgentEmail,,,
RFFP,1,Supplier,BEKAERT,SHENYANG BSAP,,,BL01FP,Supplier/Agent Info,,Supplier Phone,ieSupplierPhone,,,
RFFP,1,Supplier,BEKAERT,SHENYANG BSAP,,,BL01FP,Supplier/Agent Info,,Agent Phone,ieAgentPhone,,,
RFFP,1,Supplier,HYOSUNG CORPORATION,EONYANG,,,C101FP,Supplier/Agent Info,,Initial Exp Spec Code (hidden),ieInitialExpSpCode,,,S00067
RFFP,1,Supplier,HYOSUNG CORPORATION,EONYANG,,,C101FP,Supplier/Agent Info,,Material Code,cbMaterialCode,,,RFFP
RFFP,1,Supplier,HYOSUNG CORPORATION,EONYANG,,,C101FP,Supplier/Agent Info,,Material Description,ieMatDescSupplier,,,1X.21/18X.185 UT
RFFP,1,Supplier,HYOSUNG CORPORATION,EONYANG,,,C101FP,Supplier/Agent Info,,Supplier,ieSupplier,,,HYOSUNG CORPORATION
RFFP,1,Supplier,HYOSUNG CORPORATION,EONYANG,,,C101FP,Supplier/Agent Info,,Agent,ieAgent,,,
RFFP,1,Supplier,HYOSUNG CORPORATION,EONYANG,,,C101FP,Supplier/Agent Info,,Supplier Plant,ieSupplierPlant,,,EONYANG
RFFP,1,Supplier,HYOSUNG CORPORATION,EONYANG,,,C101FP,Supplier/Agent Info,,Agent Plant,ieAgentPlant,,,
RFFP,1,Supplier,HYOSUNG CORPORATION,EONYANG,,,C101FP,Supplier/Agent Info,,Supplier Plant - City,ieSupplierPlantLocationCity,,,Eonyang
RFFP,1,Supplier,HYOSUNG CORPORATION,EONYANG,,,C101FP,Supplier/Agent Info,,Agent Plant - City,ieAgentPlantLocationCity,,,
RFFP,1,Supplier,HYOSUNG CORPORATION,EONYANG,,,C101FP,Supplier/Agent Info,,Supplier Plant - State,ieSupplierPlantLocationState,,,Others
RFFP,1,Supplier,HYOSUNG CORPORATION,EONYANG,,,C101FP,Supplier/Agent Info,,Agent Plant - State,ieAgentPlantLocationState,,,
RFFP,1,Supplier,HYOSUNG CORPORATION,EONYANG,,,C101FP,Supplier/Agent Info,,Agent Plant - Country,ieAgentPlantLocationCountry,,,
RFFP,1,Supplier,HYOSUNG CORPORATION,EONYANG,,,C101FP,Supplier/Agent Info,,Supplier Plant - Country,ieSupplierPlantLocationCountry,,,South Korea
RFFP,1,Supplier,HYOSUNG CORPORATION,EONYANG,,,C101FP,Supplier/Agent Info,,Plant Code,ieSISPlantCode,,,
RFFP,1,Supplier,HYOSUNG CORPORATION,EONYANG,,,C101FP,Supplier/Agent Info,,Plant Code,ieAgentPlantCode,,,
RFFP,1,Supplier,HYOSUNG CORPORATION,EONYANG,,,C101FP,Supplier/Agent Info,,Supplier Trade Name,ieSupplierTradeName,,,C101FP
RFFP,1,Supplier,HYOSUNG CORPORATION,EONYANG,,,C101FP,Supplier/Agent Info,,Agent to Break Bulk?,cbBreakBulk,,,0
RFFP,1,Supplier,HYOSUNG CORPORATION,EONYANG,,,C101FP,Supplier/Agent Info,,Supplier Contact Name,ieSupplierContactName,,,
RFFP,1,Supplier,HYOSUNG CORPORATION,EONYANG,,,C101FP,Supplier/Agent Info,,Agent Contact Name,ieAgentContactName,,,
RFFP,1,Supplier,HYOSUNG CORPORATION,EONYANG,,,C101FP,Supplier/Agent Info,,Supplier Contact Type,ddlSupType,,,
RFFP,1,Supplier,HYOSUNG CORPORATION,EONYANG,,,C101FP,Supplier/Agent Info,,Agent Contact Type,ddlAgentType,,,
RFFP,1,Supplier,HYOSUNG CORPORATION,EONYANG,,,C101FP,Supplier/Agent Info,,Supplier email,ieSupplierEmail,,,
RFFP,1,Supplier,HYOSUNG CORPORATION,EONYANG,,,C101FP,Supplier/Agent Info,,Agent email,ieAgentEmail,,,
RFFP,1,Supplier,HYOSUNG CORPORATION,EONYANG,,,C101FP,Supplier/Agent Info,,Supplier Phone,ieSupplierPhone,,,
RFFP,1,Supplier,HYOSUNG CORPORATION,EONYANG,,,C101FP,Supplier/Agent Info,,Agent Phone,ieAgentPhone,,,
RFFP,1,Supplier,HYOSUNG CORPORATION,DONG NAI - STEELCORD,,,C401FP,Supplier/Agent Info,,Initial Exp Spec Code (hidden),ieInitialExpSpCode,,,S00068
RFFP,1,Supplier,HYOSUNG CORPORATION,DONG NAI - STEELCORD,,,C401FP,Supplier/Agent Info,,Material Code,cbMaterialCode,,,RFFP
RFFP,1,Supplier,HYOSUNG CORPORATION,DONG NAI - STEELCORD,,,C401FP,Supplier/Agent Info,,Material Description,ieMatDescSupplier,,,1X.21/18X.185 UT
RFFP,1,Supplier,HYOSUNG CORPORATION,DONG NAI - STEELCORD,,,C401FP,Supplier/Agent Info,,Supplier,ieSupplier,,,HYOSUNG CORPORATION
RFFP,1,Supplier,HYOSUNG CORPORATION,DONG NAI - STEELCORD,,,C401FP,Supplier/Agent Info,,Agent,ieAgent,,,
RFFP,1,Supplier,HYOSUNG CORPORATION,DONG NAI - STEELCORD,,,C401FP,Supplier/Agent Info,,Supplier Plant,ieSupplierPlant,,,DONG NAI - STEELCORD
RFFP,1,Supplier,HYOSUNG CORPORATION,DONG NAI - STEELCORD,,,C401FP,Supplier/Agent Info,,Agent Plant,ieAgentPlant,,,
RFFP,1,Supplier,HYOSUNG CORPORATION,DONG NAI - STEELCORD,,,C401FP,Supplier/Agent Info,,Supplier Plant - City,ieSupplierPlantLocationCity,,,Dong Nai
RFFP,1,Supplier,HYOSUNG CORPORATION,DONG NAI - STEELCORD,,,C401FP,Supplier/Agent Info,,Agent Plant - City,ieAgentPlantLocationCity,,,
RFFP,1,Supplier,HYOSUNG CORPORATION,DONG NAI - STEELCORD,,,C401FP,Supplier/Agent Info,,Supplier Plant - State,ieSupplierPlantLocationState,,,Others
RFFP,1,Supplier,HYOSUNG CORPORATION,DONG NAI - STEELCORD,,,C401FP,Supplier/Agent Info,,Agent Plant - State,ieAgentPlantLocationState,,,
RFFP,1,Supplier,HYOSUNG CORPORATION,DONG NAI - STEELCORD,,,C401FP,Supplier/Agent Info,,Agent Plant - Country,ieAgentPlantLocationCountry,,,
RFFP,1,Supplier,HYOSUNG CORPORATION,DONG NAI - STEELCORD,,,C401FP,Supplier/Agent Info,,Supplier Plant - Country,ieSupplierPlantLocationCountry,,,Vietnam
RFFP,1,Supplier,HYOSUNG CORPORATION,DONG NAI - STEELCORD,,,C401FP,Supplier/Agent Info,,Plant Code,ieSISPlantCode,,,JTR
RFFP,1,Supplier,HYOSUNG CORPORATION,DONG NAI - STEELCORD,,,C401FP,Supplier/Agent Info,,Plant Code,ieAgentPlantCode,,,
RFFP,1,Supplier,HYOSUNG CORPORATION,DONG NAI - STEELCORD,,,C401FP,Supplier/Agent Info,,Supplier Trade Name,ieSupplierTradeName,,,C401FP
RFFP,1,Supplier,HYOSUNG CORPORATION,DONG NAI - STEELCORD,,,C401FP,Supplier/Agent Info,,Agent to Break Bulk?,cbBreakBulk,,,0
RFFP,1,Supplier,HYOSUNG CORPORATION,DONG NAI - STEELCORD,,,C401FP,Supplier/Agent Info,,Supplier Contact Name,ieSupplierContactName,,,
RFFP,1,Supplier,HYOSUNG CORPORATION,DONG NAI - STEELCORD,,,C401FP,Supplier/Agent Info,,Agent Contact Name,ieAgentContactName,,,
RFFP,1,Supplier,HYOSUNG CORPORATION,DONG NAI - STEELCORD,,,C401FP,Supplier/Agent Info,,Supplier Contact Type,ddlSupType,,,
RFFP,1,Supplier,HYOSUNG CORPORATION,DONG NAI - STEELCORD,,,C401FP,Supplier/Agent Info,,Agent Contact Type,ddlAgentType,,,
RFFP,1,Supplier,HYOSUNG CORPORATION,DONG NAI - STEELCORD,,,C401FP,Supplier/Agent Info,,Supplier email,ieSupplierEmail,,,
RFFP,1,Supplier,HYOSUNG CORPORATION,DONG NAI - STEELCORD,,,C401FP,Supplier/Agent Info,,Agent email,ieAgentEmail,,,
RFFP,1,Supplier,HYOSUNG CORPORATION,DONG NAI - STEELCORD,,,C401FP,Supplier/Agent Info,,Supplier Phone,ieSupplierPhone,,,
RFFP,1,Supplier,HYOSUNG CORPORATION,DONG NAI - STEELCORD,,,C401FP,Supplier/Agent Info,,Agent Phone,ieAgentPhone,,,
RFFP,1,Supplier,JIAXING EASTERN,TENGZHOU EASTERN STEEL CORD CO. LTD,,,Y201FP,Supplier/Agent Info,,Initial Exp Spec Code (hidden),ieInitialExpSpCode,,,S00095
RFFP,1,Supplier,JIAXING EASTERN,TENGZHOU EASTERN STEEL CORD CO. LTD,,,Y201FP,Supplier/Agent Info,,Material Code,cbMaterialCode,,,RFFP
RFFP,1,Supplier,JIAXING EASTERN,TENGZHOU EASTERN STEEL CORD CO. LTD,,,Y201FP,Supplier/Agent Info,,Material Description,ieMatDescSupplier,,,1X.21/18X.185 UT
RFFP,1,Supplier,JIAXING EASTERN,TENGZHOU EASTERN STEEL CORD CO. LTD,,,Y201FP,Supplier/Agent Info,,Supplier,ieSupplier,,,JIAXING EASTERN
RFFP,1,Supplier,JIAXING EASTERN,TENGZHOU EASTERN STEEL CORD CO. LTD,,,Y201FP,Supplier/Agent Info,,Agent,ieAgent,,,
RFFP,1,Supplier,JIAXING EASTERN,TENGZHOU EASTERN STEEL CORD CO. LTD,,,Y201FP,Supplier/Agent Info,,Supplier Plant,ieSupplierPlant,,,TENGZHOU EASTERN STEEL CORD CO. LTD
RFFP,1,Supplier,JIAXING EASTERN,TENGZHOU EASTERN STEEL CORD CO. LTD,,,Y201FP,Supplier/Agent Info,,Agent Plant,ieAgentPlant,,,
RFFP,1,Supplier,JIAXING EASTERN,TENGZHOU EASTERN STEEL CORD CO. LTD,,,Y201FP,Supplier/Agent Info,,Supplier Plant - City,ieSupplierPlantLocationCity,,,Tengzhou
RFFP,1,Supplier,JIAXING EASTERN,TENGZHOU EASTERN STEEL CORD CO. LTD,,,Y201FP,Supplier/Agent Info,,Agent Plant - City,ieAgentPlantLocationCity,,,
RFFP,1,Supplier,JIAXING EASTERN,TENGZHOU EASTERN STEEL CORD CO. LTD,,,Y201FP,Supplier/Agent Info,,Supplier Plant - State,ieSupplierPlantLocationState,,,Others
RFFP,1,Supplier,JIAXING EASTERN,TENGZHOU EASTERN STEEL CORD CO. LTD,,,Y201FP,Supplier/Agent Info,,Agent Plant - State,ieAgentPlantLocationState,,,
RFFP,1,Supplier,JIAXING EASTERN,TENGZHOU EASTERN STEEL CORD CO. LTD,,,Y201FP,Supplier/Agent Info,,Agent Plant - Country,ieAgentPlantLocationCountry,,,
RFFP,1,Supplier,JIAXING EASTERN,TENGZHOU EASTERN STEEL CORD CO. LTD,,,Y201FP,Supplier/Agent Info,,Supplier Plant - Country,ieSupplierPlantLocationCountry,,,China
RFFP,1,Supplier,JIAXING EASTERN,TENGZHOU EASTERN STEEL CORD CO. LTD,,,Y201FP,Supplier/Agent Info,,Plant Code,ieSISPlantCode,,,JTK
RFFP,1,Supplier,JIAXING EASTERN,TENGZHOU EASTERN STEEL CORD CO. LTD,,,Y201FP,Supplier/Agent Info,,Plant Code,ieAgentPlantCode,,,
RFFP,1,Supplier,JIAXING EASTERN,TENGZHOU EASTERN STEEL CORD CO. LTD,,,Y201FP,Supplier/Agent Info,,Supplier Trade Name,ieSupplierTradeName,,,Y201FP
RFFP,1,Supplier,JIAXING EASTERN,TENGZHOU EASTERN STEEL CORD CO. LTD,,,Y201FP,Supplier/Agent Info,,Agent to Break Bulk?,cbBreakBulk,,,0
RFFP,1,Supplier,JIAXING EASTERN,TENGZHOU EASTERN STEEL CORD CO. LTD,,,Y201FP,Supplier/Agent Info,,Supplier Contact Name,ieSupplierContactName,,,
RFFP,1,Supplier,JIAXING EASTERN,TENGZHOU EASTERN STEEL CORD CO. LTD,,,Y201FP,Supplier/Agent Info,,Agent Contact Name,ieAgentContactName,,,
RFFP,1,Supplier,JIAXING EASTERN,TENGZHOU EASTERN STEEL CORD CO. LTD,,,Y201FP,Supplier/Agent Info,,Supplier Contact Type,ddlSupType,,,
RFFP,1,Supplier,JIAXING EASTERN,TENGZHOU EASTERN STEEL CORD CO. LTD,,,Y201FP,Supplier/Agent Info,,Agent Contact Type,ddlAgentType,,,
RFFP,1,Supplier,JIAXING EASTERN,TENGZHOU EASTERN STEEL CORD CO. LTD,,,Y201FP,Supplier/Agent Info,,Supplier email,ieSupplierEmail,,,
RFFP,1,Supplier,JIAXING EASTERN,TENGZHOU EASTERN STEEL CORD CO. LTD,,,Y201FP,Supplier/Agent Info,,Agent email,ieAgentEmail,,,
RFFP,1,Supplier,JIAXING EASTERN,TENGZHOU EASTERN STEEL CORD CO. LTD,,,Y201FP,Supplier/Agent Info,,Supplier Phone,ieSupplierPhone,,,
RFFP,1,Supplier,JIAXING EASTERN,TENGZHOU EASTERN STEEL CORD CO. LTD,,,Y201FP,Supplier/Agent Info,,Agent Phone,ieAgentPhone,,,
RFFP,1,Supplier,HYOSUNG CORPORATION,DONG NAI,,,C403FP,Supplier/Agent Info,,Initial Exp Spec Code (hidden),ieInitialExpSpCode,,,S00163
RFFP,1,Supplier,HYOSUNG CORPORATION,DONG NAI,,,C403FP,Supplier/Agent Info,,Material Code,cbMaterialCode,,,RFFP
RFFP,1,Supplier,HYOSUNG CORPORATION,DONG NAI,,,C403FP,Supplier/Agent Info,,Material Description,ieMatDescSupplier,,,1X.21/18X.185 UT
RFFP,1,Supplier,HYOSUNG CORPORATION,DONG NAI,,,C403FP,Supplier/Agent Info,,Supplier,ieSupplier,,,HYOSUNG CORPORATION
RFFP,1,Supplier,HYOSUNG CORPORATION,DONG NAI,,,C403FP,Supplier/Agent Info,,Agent,ieAgent,,,
RFFP,1,Supplier,HYOSUNG CORPORATION,DONG NAI,,,C403FP,Supplier/Agent Info,,Supplier Plant,ieSupplierPlant,,,DONG NAI
RFFP,1,Supplier,HYOSUNG CORPORATION,DONG NAI,,,C403FP,Supplier/Agent Info,,Agent Plant,ieAgentPlant,,,
RFFP,1,Supplier,HYOSUNG CORPORATION,DONG NAI,,,C403FP,Supplier/Agent Info,,Supplier Plant - City,ieSupplierPlantLocationCity,,,Dong Nai
RFFP,1,Supplier,HYOSUNG CORPORATION,DONG NAI,,,C403FP,Supplier/Agent Info,,Agent Plant - City,ieAgentPlantLocationCity,,,
RFFP,1,Supplier,HYOSUNG CORPORATION,DONG NAI,,,C403FP,Supplier/Agent Info,,Supplier Plant - State,ieSupplierPlantLocationState,,,Others
RFFP,1,Supplier,HYOSUNG CORPORATION,DONG NAI,,,C403FP,Supplier/Agent Info,,Agent Plant - State,ieAgentPlantLocationState,,,
RFFP,1,Supplier,HYOSUNG CORPORATION,DONG NAI,,,C403FP,Supplier/Agent Info,,Agent Plant - Country,ieAgentPlantLocationCountry,,,
RFFP,1,Supplier,HYOSUNG CORPORATION,DONG NAI,,,C403FP,Supplier/Agent Info,,Supplier Plant - Country,ieSupplierPlantLocationCountry,,,Vietnam
RFFP,1,Supplier,HYOSUNG CORPORATION,DONG NAI,,,C403FP,Supplier/Agent Info,,Plant Code,ieSISPlantCode,,,JPK
RFFP,1,Supplier,HYOSUNG CORPORATION,DONG NAI,,,C403FP,Supplier/Agent Info,,Plant Code,ieAgentPlantCode,,,
RFFP,1,Supplier,HYOSUNG CORPORATION,DONG NAI,,,C403FP,Supplier/Agent Info,,Supplier Trade Name,ieSupplierTradeName,,,C403FP
RFFP,1,Supplier,HYOSUNG CORPORATION,DONG NAI,,,C403FP,Supplier/Agent Info,,Agent to Break Bulk?,cbBreakBulk,,,0
RFFP,1,Supplier,HYOSUNG CORPORATION,DONG NAI,,,C403FP,Supplier/Agent Info,,Supplier Contact Name,ieSupplierContactName,,,
RFFP,1,Supplier,HYOSUNG CORPORATION,DONG NAI,,,C403FP,Supplier/Agent Info,,Agent Contact Name,ieAgentContactName,,,
RFFP,1,Supplier,HYOSUNG CORPORATION,DONG NAI,,,C403FP,Supplier/Agent Info,,Supplier Contact Type,ddlSupType,,,
RFFP,1,Supplier,HYOSUNG CORPORATION,DONG NAI,,,C403FP,Supplier/Agent Info,,Agent Contact Type,ddlAgentType,,,
RFFP,1,Supplier,HYOSUNG CORPORATION,DONG NAI,,,C403FP,Supplier/Agent Info,,Supplier email,ieSupplierEmail,,,
RFFP,1,Supplier,HYOSUNG CORPORATION,DONG NAI,,,C403FP,Supplier/Agent Info,,Agent email,ieAgentEmail,,,
RFFP,1,Supplier,HYOSUNG CORPORATION,DONG NAI,,,C403FP,Supplier/Agent Info,,Supplier Phone,ieSupplierPhone,,,
RFFP,1,Supplier,HYOSUNG CORPORATION,DONG NAI,,,C403FP,Supplier/Agent Info,,Agent Phone,ieAgentPhone,,,
RFFP,1,Supplier,HYOSUNG CORPORATION,DONG NAI - STEELCORD,,,C402FP,Supplier/Agent Info,,Initial Exp Spec Code (hidden),ieInitialExpSpCode,,,
RFFP,1,Supplier,HYOSUNG CORPORATION,DONG NAI - STEELCORD,,,C402FP,Supplier/Agent Info,,Material Code,cbMaterialCode,,,RFFP
RFFP,1,Supplier,HYOSUNG CORPORATION,DONG NAI - STEELCORD,,,C402FP,Supplier/Agent Info,,Material Description,ieMatDescSupplier,,,1X.21/18X.185 UT
RFFP,1,Supplier,HYOSUNG CORPORATION,DONG NAI - STEELCORD,,,C402FP,Supplier/Agent Info,,Supplier,ieSupplier,,,HYOSUNG CORPORATION
RFFP,1,Supplier,HYOSUNG CORPORATION,DONG NAI - STEELCORD,,,C402FP,Supplier/Agent Info,,Agent,ieAgent,,,
RFFP,1,Supplier,HYOSUNG CORPORATION,DONG NAI - STEELCORD,,,C402FP,Supplier/Agent Info,,Supplier Plant,ieSupplierPlant,,,DONG NAI - STEELCORD
RFFP,1,Supplier,HYOSUNG CORPORATION,DONG NAI - STEELCORD,,,C402FP,Supplier/Agent Info,,Agent Plant,ieAgentPlant,,,
RFFP,1,Supplier,HYOSUNG CORPORATION,DONG NAI - STEELCORD,,,C402FP,Supplier/Agent Info,,Supplier Plant - City,ieSupplierPlantLocationCity,,,Dong Nai
RFFP,1,Supplier,HYOSUNG CORPORATION,DONG NAI - STEELCORD,,,C402FP,Supplier/Agent Info,,Agent Plant - City,ieAgentPlantLocationCity,,,
RFFP,1,Supplier,HYOSUNG CORPORATION,DONG NAI - STEELCORD,,,C402FP,Supplier/Agent Info,,Supplier Plant - State,ieSupplierPlantLocationState,,,Others
RFFP,1,Supplier,HYOSUNG CORPORATION,DONG NAI - STEELCORD,,,C402FP,Supplier/Agent Info,,Agent Plant - State,ieAgentPlantLocationState,,,
RFFP,1,Supplier,HYOSUNG CORPORATION,DONG NAI - STEELCORD,,,C402FP,Supplier/Agent Info,,Agent Plant - Country,ieAgentPlantLocationCountry,,,
RFFP,1,Supplier,HYOSUNG CORPORATION,DONG NAI - STEELCORD,,,C402FP,Supplier/Agent Info,,Supplier Plant - Country,ieSupplierPlantLocationCountry,,,Vietnam
RFFP,1,Supplier,HYOSUNG CORPORATION,DONG NAI - STEELCORD,,,C402FP,Supplier/Agent Info,,Plant Code,ieSISPlantCode,,,JTR
RFFP,1,Supplier,HYOSUNG CORPORATION,DONG NAI - STEELCORD,,,C402FP,Supplier/Agent Info,,Plant Code,ieAgentPlantCode,,,
RFFP,1,Supplier,HYOSUNG CORPORATION,DONG NAI - STEELCORD,,,C402FP,Supplier/Agent Info,,Supplier Trade Name,ieSupplierTradeName,,,C402FP
RFFP,1,Supplier,HYOSUNG CORPORATION,DONG NAI - STEELCORD,,,C402FP,Supplier/Agent Info,,Agent to Break Bulk?,cbBreakBulk,,,0
RFFP,1,Supplier,HYOSUNG CORPORATION,DONG NAI - STEELCORD,,,C402FP,Supplier/Agent Info,,Supplier Contact Name,ieSupplierContactName,,,
RFFP,1,Supplier,HYOSUNG CORPORATION,DONG NAI - STEELCORD,,,C402FP,Supplier/Agent Info,,Agent Contact Name,ieAgentContactName,,,
RFFP,1,Supplier,HYOSUNG CORPORATION,DONG NAI - STEELCORD,,,C402FP,Supplier/Agent Info,,Supplier Contact Type,ddlSupType,,,
RFFP,1,Supplier,HYOSUNG CORPORATION,DONG NAI - STEELCORD,,,C402FP,Supplier/Agent Info,,Agent Contact Type,ddlAgentType,,,
RFFP,1,Supplier,HYOSUNG CORPORATION,DONG NAI - STEELCORD,,,C402FP,Supplier/Agent Info,,Supplier email,ieSupplierEmail,,,
RFFP,1,Supplier,HYOSUNG CORPORATION,DONG NAI - STEELCORD,,,C402FP,Supplier/Agent Info,,Agent email,ieAgentEmail,,,
RFFP,1,Supplier,HYOSUNG CORPORATION,DONG NAI - STEELCORD,,,C402FP,Supplier/Agent Info,,Supplier Phone,ieSupplierPhone,,,
RFFP,1,Supplier,HYOSUNG CORPORATION,DONG NAI - STEELCORD,,,C402FP,Supplier/Agent Info,,Agent Phone,ieAgentPhone,,,
RFFP,1,Supplier,PIRELLI,FIGLINE,,,P101FP,Supplier/Agent Info,,Initial Exp Spec Code (hidden),ieInitialExpSpCode,,,
RFFP,1,Supplier,PIRELLI,FIGLINE,,,P101FP,Supplier/Agent Info,,Material Code,cbMaterialCode,,,RFFP
RFFP,1,Supplier,PIRELLI,FIGLINE,,,P101FP,Supplier/Agent Info,,Material Description,ieMatDescSupplier,,,1X.21/18X.185 UT
RFFP,1,Supplier,PIRELLI,FIGLINE,,,P101FP,Supplier/Agent Info,,Supplier,ieSupplier,,,PIRELLI
RFFP,1,Supplier,PIRELLI,FIGLINE,,,P101FP,Supplier/Agent Info,,Agent,ieAgent,,,
RFFP,1,Supplier,PIRELLI,FIGLINE,,,P101FP,Supplier/Agent Info,,Supplier Plant,ieSupplierPlant,,,FIGLINE
RFFP,1,Supplier,PIRELLI,FIGLINE,,,P101FP,Supplier/Agent Info,,Agent Plant,ieAgentPlant,,,
RFFP,1,Supplier,PIRELLI,FIGLINE,,,P101FP,Supplier/Agent Info,,Supplier Plant - City,ieSupplierPlantLocationCity,,,FIGLINE
RFFP,1,Supplier,PIRELLI,FIGLINE,,,P101FP,Supplier/Agent Info,,Agent Plant - City,ieAgentPlantLocationCity,,,
RFFP,1,Supplier,PIRELLI,FIGLINE,,,P101FP,Supplier/Agent Info,,Supplier Plant - State,ieSupplierPlantLocationState,,,Others
RFFP,1,Supplier,PIRELLI,FIGLINE,,,P101FP,Supplier/Agent Info,,Agent Plant - State,ieAgentPlantLocationState,,,
RFFP,1,Supplier,PIRELLI,FIGLINE,,,P101FP,Supplier/Agent Info,,Agent Plant - Country,ieAgentPlantLocationCountry,,,
RFFP,1,Supplier,PIRELLI,FIGLINE,,,P101FP,Supplier/Agent Info,,Supplier Plant - Country,ieSupplierPlantLocationCountry,,,Italy
RFFP,1,Supplier,PIRELLI,FIGLINE,,,P101FP,Supplier/Agent Info,,Plant Code,ieSISPlantCode,,,
RFFP,1,Supplier,PIRELLI,FIGLINE,,,P101FP,Supplier/Agent Info,,Plant Code,ieAgentPlantCode,,,
RFFP,1,Supplier,PIRELLI,FIGLINE,,,P101FP,Supplier/Agent Info,,Supplier Trade Name,ieSupplierTradeName,,,P101FP
RFFP,1,Supplier,PIRELLI,FIGLINE,,,P101FP,Supplier/Agent Info,,Agent to Break Bulk?,cbBreakBulk,,,0
RFFP,1,Supplier,PIRELLI,FIGLINE,,,P101FP,Supplier/Agent Info,,Supplier Contact Name,ieSupplierContactName,,,
RFFP,1,Supplier,PIRELLI,FIGLINE,,,P101FP,Supplier/Agent Info,,Agent Contact Name,ieAgentContactName,,,
RFFP,1,Supplier,PIRELLI,FIGLINE,,,P101FP,Supplier/Agent Info,,Supplier Contact Type,ddlSupType,,,
RFFP,1,Supplier,PIRELLI,FIGLINE,,,P101FP,Supplier/Agent Info,,Agent Contact Type,ddlAgentType,,,
RFFP,1,Supplier,PIRELLI,FIGLINE,,,P101FP,Supplier/Agent Info,,Supplier email,ieSupplierEmail,,,
RFFP,1,Supplier,PIRELLI,FIGLINE,,,P101FP,Supplier/Agent Info,,Agent email,ieAgentEmail,,,
RFFP,1,Supplier,PIRELLI,FIGLINE,,,P101FP,Supplier/Agent Info,,Supplier Phone,ieSupplierPhone,,,
RFFP,1,Supplier,PIRELLI,FIGLINE,,,P101FP,Supplier/Agent Info,,Agent Phone,ieAgentPhone,,,
RFFP,1,Supplier,BEKAERT,ROGERS,,,BB01FP,Supplier/Agent Info,,Initial Exp Spec Code (hidden),ieInitialExpSpCode,,,
RFFP,1,Supplier,BEKAERT,AALTER,,,B101FP,Supplier/Agent Info,,Initial Exp Spec Code (hidden),ieInitialExpSpCode,,,
RFFP,1,Supplier,BEKAERT,AALTER,,,B101FP,Supplier/Agent Info,,Material Code,cbMaterialCode,,,RFFP
RFFP,1,Supplier,BEKAERT,AALTER,,,B101FP,Supplier/Agent Info,,Material Description,ieMatDescSupplier,,,1X.21/18X.185 UT
RFFP,1,Supplier,BEKAERT,AALTER,,,B101FP,Supplier/Agent Info,,Supplier,ieSupplier,,,BEKAERT
RFFP,1,Supplier,BEKAERT,AALTER,,,B101FP,Supplier/Agent Info,,Agent,ieAgent,,,
RFFP,1,Supplier,BEKAERT,AALTER,,,B101FP,Supplier/Agent Info,,Supplier Plant,ieSupplierPlant,,,AALTER
RFFP,1,Supplier,BEKAERT,AALTER,,,B101FP,Supplier/Agent Info,,Agent Plant,ieAgentPlant,,,
RFFP,1,Supplier,BEKAERT,AALTER,,,B101FP,Supplier/Agent Info,,Supplier Plant - City,ieSupplierPlantLocationCity,,,Aalter
RFFP,1,Supplier,BEKAERT,AALTER,,,B101FP,Supplier/Agent Info,,Agent Plant - City,ieAgentPlantLocationCity,,,
RFFP,1,Supplier,BEKAERT,AALTER,,,B101FP,Supplier/Agent Info,,Supplier Plant - State,ieSupplierPlantLocationState,,,Others
RFFP,1,Supplier,BEKAERT,AALTER,,,B101FP,Supplier/Agent Info,,Agent Plant - State,ieAgentPlantLocationState,,,
RFFP,1,Supplier,BEKAERT,AALTER,,,B101FP,Supplier/Agent Info,,Agent Plant - Country,ieAgentPlantLocationCountry,,,
RFFP,1,Supplier,BEKAERT,AALTER,,,B101FP,Supplier/Agent Info,,Supplier Plant - Country,ieSupplierPlantLocationCountry,,,Belgium
RFFP,1,Supplier,BEKAERT,AALTER,,,B101FP,Supplier/Agent Info,,Plant Code,ieSISPlantCode,,,
RFFP,1,Supplier,BEKAERT,AALTER,,,B101FP,Supplier/Agent Info,,Plant Code,ieAgentPlantCode,,,
RFFP,1,Supplier,BEKAERT,AALTER,,,B101FP,Supplier/Agent Info,,Supplier Trade Name,ieSupplierTradeName,,,B101FP
RFFP,1,Supplier,BEKAERT,AALTER,,,B101FP,Supplier/Agent Info,,Agent to Break Bulk?,cbBreakBulk,,,0
RFFP,1,Supplier,BEKAERT,AALTER,,,B101FP,Supplier/Agent Info,,Supplier Contact Name,ieSupplierContactName,,,
RFFP,1,Supplier,BEKAERT,AALTER,,,B101FP,Supplier/Agent Info,,Agent Contact Name,ieAgentContactName,,,
RFFP,1,Supplier,BEKAERT,AALTER,,,B101FP,Supplier/Agent Info,,Supplier Contact Type,ddlSupType,,,
RFFP,1,Supplier,BEKAERT,AALTER,,,B101FP,Supplier/Agent Info,,Agent Contact Type,ddlAgentType,,,
RFFP,1,Supplier,BEKAERT,AALTER,,,B101FP,Supplier/Agent Info,,Supplier email,ieSupplierEmail,,,
RFFP,1,Supplier,BEKAERT,AALTER,,,B101FP,Supplier/Agent Info,,Agent email,ieAgentEmail,,,
RFFP,1,Supplier,BEKAERT,AALTER,,,B101FP,Supplier/Agent Info,,Supplier Phone,ieSupplierPhone,,,
RFFP,1,Supplier,BEKAERT,AALTER,,,B101FP,Supplier/Agent Info,,Agent Phone,ieAgentPhone,,,
RFFP,1,Supplier,HYOSUNG CORPORATION,ASHEBORO,,,C201FP,Supplier/Agent Info,,Initial Exp Spec Code (hidden),ieInitialExpSpCode,,,
RFFP,1,Supplier,HYOSUNG CORPORATION,ASHEBORO,,,C201FP,Supplier/Agent Info,,Material Code,cbMaterialCode,,,RFFP
RFFP,1,Supplier,HYOSUNG CORPORATION,ASHEBORO,,,C201FP,Supplier/Agent Info,,Material Description,ieMatDescSupplier,,,1X.21/18X.185 UT
RFFP,1,Supplier,HYOSUNG CORPORATION,ASHEBORO,,,C201FP,Supplier/Agent Info,,Supplier,ieSupplier,,,HYOSUNG CORPORATION
RFFP,1,Supplier,HYOSUNG CORPORATION,ASHEBORO,,,C201FP,Supplier/Agent Info,,Agent,ieAgent,,,
RFFP,1,Supplier,HYOSUNG CORPORATION,ASHEBORO,,,C201FP,Supplier/Agent Info,,Supplier Plant,ieSupplierPlant,,,ASHEBORO
RFFP,1,Supplier,HYOSUNG CORPORATION,ASHEBORO,,,C201FP,Supplier/Agent Info,,Agent Plant,ieAgentPlant,,,
RFFP,1,Supplier,HYOSUNG CORPORATION,ASHEBORO,,,C201FP,Supplier/Agent Info,,Supplier Plant - City,ieSupplierPlantLocationCity,,,Asheboro
RFFP,1,Supplier,HYOSUNG CORPORATION,ASHEBORO,,,C201FP,Supplier/Agent Info,,Agent Plant - City,ieAgentPlantLocationCity,,,
RFFP,1,Supplier,HYOSUNG CORPORATION,ASHEBORO,,,C201FP,Supplier/Agent Info,,Supplier Plant - State,ieSupplierPlantLocationState,,,NC
RFFP,1,Supplier,HYOSUNG CORPORATION,ASHEBORO,,,C201FP,Supplier/Agent Info,,Agent Plant - State,ieAgentPlantLocationState,,,
RFFP,1,Supplier,HYOSUNG CORPORATION,ASHEBORO,,,C201FP,Supplier/Agent Info,,Agent Plant - Country,ieAgentPlantLocationCountry,,,
RFFP,1,Supplier,HYOSUNG CORPORATION,ASHEBORO,,,C201FP,Supplier/Agent Info,,Supplier Plant - Country,ieSupplierPlantLocationCountry,,,USA
RFFP,1,Supplier,HYOSUNG CORPORATION,ASHEBORO,,,C201FP,Supplier/Agent Info,,Plant Code,ieSISPlantCode,,,
RFFP,1,Supplier,HYOSUNG CORPORATION,ASHEBORO,,,C201FP,Supplier/Agent Info,,Plant Code,ieAgentPlantCode,,,
RFFP,1,Supplier,HYOSUNG CORPORATION,ASHEBORO,,,C201FP,Supplier/Agent Info,,Supplier Trade Name,ieSupplierTradeName,,,C201FP
RFFP,1,Supplier,HYOSUNG CORPORATION,ASHEBORO,,,C201FP,Supplier/Agent Info,,Agent to Break Bulk?,cbBreakBulk,,,0
RFFP,1,Supplier,HYOSUNG CORPORATION,ASHEBORO,,,C201FP,Supplier/Agent Info,,Supplier Contact Name,ieSupplierContactName,,,
RFFP,1,Supplier,HYOSUNG CORPORATION,ASHEBORO,,,C201FP,Supplier/Agent Info,,Agent Contact Name,ieAgentContactName,,,
RFFP,1,Supplier,HYOSUNG CORPORATION,ASHEBORO,,,C201FP,Supplier/Agent Info,,Supplier Contact Type,ddlSupType,,,
RFFP,1,Supplier,HYOSUNG CORPORATION,ASHEBORO,,,C201FP,Supplier/Agent Info,,Agent Contact Type,ddlAgentType,,,
RFFP,1,Supplier,HYOSUNG CORPORATION,ASHEBORO,,,C201FP,Supplier/Agent Info,,Supplier email,ieSupplierEmail,,,
RFFP,1,Supplier,HYOSUNG CORPORATION,ASHEBORO,,,C201FP,Supplier/Agent Info,,Agent email,ieAgentEmail,,,
RFFP,1,Supplier,HYOSUNG CORPORATION,ASHEBORO,,,C201FP,Supplier/Agent Info,,Supplier Phone,ieSupplierPhone,,,
RFFP,1,Supplier,HYOSUNG CORPORATION,ASHEBORO,,,C201FP,Supplier/Agent Info,,Agent Phone,ieAgentPhone,,,
RFQV28,1,,,,,,,Reinforcement General Information,,Material Class,ieMaterialClass,,,GREIGE
RFQV28,1,,,,,,,Reinforcement General Information,,Material Subclass,ieMaterialSubclass,,,POLYESTER - HMLS AA
RFQV28,1,,,,,,,Reinforcement General Information,,Material Code,cbMaterialCode,,,RFQV28
RFQV28,1,,,,,,,Reinforcement General Information,,SAP Material Type,cbGBSMatType,,,FABR
RFQV28,1,,,,,,,Reinforcement General Information,,SAP Secondary Material Type,cbGBSMatSecType,,,FABR
RFQV28,1,,,,,,,Reinforcement General Information,,SAP Type of Component,cbGBSTypeComp,,,FABR
RFQV28,1,,,,,,,Reinforcement General Information,,Initial Exp Spec Code (hidden),ieInitialExpSpCode,,,
RFQV28,1,,,,,,,Reinforcement General Information,,,ieSAPStatusCode,,,Y1
RFQV28,1,,,,,,,Reinforcement General Information,,SAP Status,ddlSAPStatusDesc,,,Active (Non Development line-up)
RFQV28,1,,,,,,,Reinforcement - Basic,2,Construction Code - Fabric,cbConCodeFabric,,,
RFQV28,1,,,,,,,Reinforcement - Basic,2,Construction Code - Square Woven,cbConCodeSqWov,,,
RFQV28,1,,,,,,,Reinforcement - Basic,2,Construction Code - Wire/Cable,cbConCodeWirCab,,,
RFQV28,1,,,,,,,Reinforcement - Basic,2,Processing Code,cbFabricProcCode,,,
RFQV28,1,,,,,,,Reinforcement - Basic,2,Cord Density Code,cbCordDensCode,,,
RFQV28,1,,,,,,,Reinforcement - Basic,2,EPI,cbEPI,,,
RFQV28,1,,,,,,,Reinforcement - Basic,2,Fill Cord (Type),ddlFillCord,,,
RFQV28,1,,,,,,,Reinforcement - Basic,2,Linear Fill Cord Weight (DEN),efLinCorWt,,,
RFQV28,1,,,,,,,Reinforcement - Basic,2,Picks per Meter,efPicksPerMeter,,,
RFQV28,1,,,,,,,Reinforcement - Basic,2,SAP/SOS Description,efSAPSOSDesc,,,AA HMLS POLYESTER 1670/1/2 8.5x8.5 TPI 28EPI
RFQV28,1,,,,,,,Reinforcement - Basic,2,Update Spec Description (hidden),ieSAPSpecDesc,,,
RFQV28,1,,,,,,,Reinforcement - Basic,2,Cable Bead Inside Diameter (mm),efCBInsideDia,,,
RFQV28,1,,,,,,,Reinforcement - Basic,2,Cable Bead Comp. Weight (kg),efCBCompWeight,,,
RFQV28,1,,,,,,,Reinforcement - Basic,2,Cable Bead Gauge (mm),efCBGauge,,,
RFQV28,1,,,,,,,Reinforcement - Basic,2,Cable Bead Coating,ddlCBCoating,,,
RFQV28,1,Supplier,HYOSUNG CORPORATION,DONG NAI,,,QV28,Supplier/Agent Info,,Initial Exp Spec Code (hidden),ieInitialExpSpCode,,,
RFQV28,1,Supplier,HYOSUNG CORPORATION,DONG NAI,,,QV28,Supplier/Agent Info,,Material Code,cbMaterialCode,,,RFQV28
RFQV28,1,Supplier,HYOSUNG CORPORATION,DONG NAI,,,QV28,Supplier/Agent Info,,Material Description,ieMatDescSupplier,,,AA HMLS POLYESTER 1670/1/2 8.5x8.5 TPI 28EPI
RFQV28,1,Supplier,HYOSUNG CORPORATION,DONG NAI,,,QV28,Supplier/Agent Info,,Supplier,ieSupplier,,,HYOSUNG CORPORATION
RFQV28,1,Supplier,HYOSUNG CORPORATION,DONG NAI,,,QV28,Supplier/Agent Info,,Agent,ieAgent,,,
RFQV28,1,Supplier,HYOSUNG CORPORATION,DONG NAI,,,QV28,Supplier/Agent Info,,Supplier Plant,ieSupplierPlant,,,DONG NAI
RFQV28,1,Supplier,HYOSUNG CORPORATION,DONG NAI,,,QV28,Supplier/Agent Info,,Agent Plant,ieAgentPlant,,,
RFQV28,1,Supplier,HYOSUNG CORPORATION,DONG NAI,,,QV28,Supplier/Agent Info,,Supplier Plant - City,ieSupplierPlantLocationCity,,,Dong Nai
RFQV28,1,Supplier,HYOSUNG CORPORATION,DONG NAI,,,QV28,Supplier/Agent Info,,Agent Plant - City,ieAgentPlantLocationCity,,,
RFQV28,1,Supplier,HYOSUNG CORPORATION,DONG NAI,,,QV28,Supplier/Agent Info,,Supplier Plant - State,ieSupplierPlantLocationState,,,Others
RFQV28,1,Supplier,HYOSUNG CORPORATION,DONG NAI,,,QV28,Supplier/Agent Info,,Agent Plant - State,ieAgentPlantLocationState,,,
RFQV28,1,Supplier,HYOSUNG CORPORATION,DONG NAI,,,QV28,Supplier/Agent Info,,Agent Plant - Country,ieAgentPlantLocationCountry,,,
RFQV28,1,Supplier,HYOSUNG CORPORATION,DONG NAI,,,QV28,Supplier/Agent Info,,Supplier Plant - Country,ieSupplierPlantLocationCountry,,,Vietnam
RFQV28,1,Supplier,HYOSUNG CORPORATION,DONG NAI,,,QV28,Supplier/Agent Info,,Plant Code,ieSISPlantCode,,,JPK
RFQV28,1,Supplier,HYOSUNG CORPORATION,DONG NAI,,,QV28,Supplier/Agent Info,,Plant Code,ieAgentPlantCode,,,
RFQV28,1,Supplier,HYOSUNG CORPORATION,DONG NAI,,,QV28,Supplier/Agent Info,,Supplier Trade Name,ieSupplierTradeName,,,QV28
RFQV28,1,Supplier,HYOSUNG CORPORATION,DONG NAI,,,QV28,Supplier/Agent Info,,Agent to Break Bulk?,cbBreakBulk,,,0
RFQV28,1,Supplier,HYOSUNG CORPORATION,DONG NAI,,,QV28,Supplier/Agent Info,,Supplier Contact Name,ieSupplierContactName,,,
RFQV28,1,Supplier,HYOSUNG CORPORATION,DONG NAI,,,QV28,Supplier/Agent Info,,Agent Contact Name,ieAgentContactName,,,
RFQV28,1,Supplier,HYOSUNG CORPORATION,DONG NAI,,,QV28,Supplier/Agent Info,,Supplier Contact Type,ddlSupType,,,
RFQV28,1,Supplier,HYOSUNG CORPORATION,DONG NAI,,,QV28,Supplier/Agent Info,,Agent Contact Type,ddlAgentType,,,
RFQV28,1,Supplier,HYOSUNG CORPORATION,DONG NAI,,,QV28,Supplier/Agent Info,,Supplier email,ieSupplierEmail,,,
RFQV28,1,Supplier,HYOSUNG CORPORATION,DONG NAI,,,QV28,Supplier/Agent Info,,Agent email,ieAgentEmail,,,
RFQV28,1,Supplier,HYOSUNG CORPORATION,DONG NAI,,,QV28,Supplier/Agent Info,,Supplier Phone,ieSupplierPhone,,,
RFQV28,1,Supplier,HYOSUNG CORPORATION,DONG NAI,,,QV28,Supplier/Agent Info,,Agent Phone,ieAgentPhone,,,
RFQV28,1,Supplier,KORDSA,CAMACARI,,,QV28,Supplier/Agent Info,,Initial Exp Spec Code (hidden),ieInitialExpSpCode,,,
RFQV28,1,Supplier,KORDSA,CAMACARI,,,QV28,Supplier/Agent Info,,Material Code,cbMaterialCode,,,RFQV28
RFQV28,1,Supplier,KORDSA,CAMACARI,,,QV28,Supplier/Agent Info,,Material Description,ieMatDescSupplier,,,AA HMLS POLYESTER 1670/1/2 8.5x8.5 TPI 28EPI
RFQV28,1,Supplier,KORDSA,CAMACARI,,,QV28,Supplier/Agent Info,,Supplier,ieSupplier,,,KORDSA
RFQV28,1,Supplier,KORDSA,CAMACARI,,,QV28,Supplier/Agent Info,,Agent,ieAgent,,,
RFQV28,1,Supplier,KORDSA,CAMACARI,,,QV28,Supplier/Agent Info,,Supplier Plant,ieSupplierPlant,,,CAMACARI
RFQV28,1,Supplier,KORDSA,CAMACARI,,,QV28,Supplier/Agent Info,,Agent Plant,ieAgentPlant,,,
RFQV28,1,Supplier,KORDSA,CAMACARI,,,QV28,Supplier/Agent Info,,Supplier Plant - City,ieSupplierPlantLocationCity,,,Camacari
RFQV28,1,Supplier,KORDSA,CAMACARI,,,QV28,Supplier/Agent Info,,Agent Plant - City,ieAgentPlantLocationCity,,,
RFQV28,1,Supplier,KORDSA,CAMACARI,,,QV28,Supplier/Agent Info,,Supplier Plant - State,ieSupplierPlantLocationState,,,BA
RFQV28,1,Supplier,KORDSA,CAMACARI,,,QV28,Supplier/Agent Info,,Agent Plant - State,ieAgentPlantLocationState,,,
RFQV28,1,Supplier,KORDSA,CAMACARI,,,QV28,Supplier/Agent Info,,Agent Plant - Country,ieAgentPlantLocationCountry,,,
RFQV28,1,Supplier,KORDSA,CAMACARI,,,QV28,Supplier/Agent Info,,Supplier Plant - Country,ieSupplierPlantLocationCountry,,,Brazil
RFQV28,1,Supplier,KORDSA,CAMACARI,,,QV28,Supplier/Agent Info,,Plant Code,ieSISPlantCode,,,
RFQV28,1,Supplier,KORDSA,CAMACARI,,,QV28,Supplier/Agent Info,,Plant Code,ieAgentPlantCode,,,
RFQV28,1,Supplier,KORDSA,CAMACARI,,,QV28,Supplier/Agent Info,,Supplier Trade Name,ieSupplierTradeName,,,QV28
RFQV28,1,Supplier,KORDSA,CAMACARI,,,QV28,Supplier/Agent Info,,Agent to Break Bulk?,cbBreakBulk,,,0
RFQV28,1,Supplier,KORDSA,CAMACARI,,,QV28,Supplier/Agent Info,,Supplier Contact Name,ieSupplierContactName,,,
RFQV28,1,Supplier,KORDSA,CAMACARI,,,QV28,Supplier/Agent Info,,Agent Contact Name,ieAgentContactName,,,
RFQV28,1,Supplier,KORDSA,CAMACARI,,,QV28,Supplier/Agent Info,,Supplier Contact Type,ddlSupType,,,
RFQV28,1,Supplier,KORDSA,CAMACARI,,,QV28,Supplier/Agent Info,,Agent Contact Type,ddlAgentType,,,
RFQV28,1,Supplier,KORDSA,CAMACARI,,,QV28,Supplier/Agent Info,,Supplier email,ieSupplierEmail,,,
RFQV28,1,Supplier,KORDSA,CAMACARI,,,QV28,Supplier/Agent Info,,Agent email,ieAgentEmail,,,
RFQV28,1,Supplier,KORDSA,CAMACARI,,,QV28,Supplier/Agent Info,,Supplier Phone,ieSupplierPhone,,,
RFQV28,1,Supplier,KORDSA,CAMACARI,,,QV28,Supplier/Agent Info,,Agent Phone,ieAgentPhone,,,
RFQV28,1,Supplier,HYOSUNG CORPORATION,ULSAN,,,QV28,Supplier/Agent Info,,Initial Exp Spec Code (hidden),ieInitialExpSpCode,,,
RFQV28,1,Supplier,HYOSUNG CORPORATION,ULSAN,,,QV28,Supplier/Agent Info,,Material Code,cbMaterialCode,,,RFQV28
RFQV28,1,Supplier,HYOSUNG CORPORATION,ULSAN,,,QV28,Supplier/Agent Info,,Material Description,ieMatDescSupplier,,,AA HMLS POLYESTER 1670/1/2 8.5x8.5 TPI 28EPI
RFQV28,1,Supplier,HYOSUNG CORPORATION,ULSAN,,,QV28,Supplier/Agent Info,,Supplier,ieSupplier,,,HYOSUNG CORPORATION
RFQV28,1,Supplier,HYOSUNG CORPORATION,ULSAN,,,QV28,Supplier/Agent Info,,Agent,ieAgent,,,
RFQV28,1,Supplier,HYOSUNG CORPORATION,ULSAN,,,QV28,Supplier/Agent Info,,Supplier Plant,ieSupplierPlant,,,ULSAN
RFQV28,1,Supplier,HYOSUNG CORPORATION,ULSAN,,,QV28,Supplier/Agent Info,,Agent Plant,ieAgentPlant,,,
RFQV28,1,Supplier,HYOSUNG CORPORATION,ULSAN,,,QV28,Supplier/Agent Info,,Supplier Plant - City,ieSupplierPlantLocationCity,,,Ulsan
RFQV28,1,Supplier,HYOSUNG CORPORATION,ULSAN,,,QV28,Supplier/Agent Info,,Agent Plant - City,ieAgentPlantLocationCity,,,
RFQV28,1,Supplier,HYOSUNG CORPORATION,ULSAN,,,QV28,Supplier/Agent Info,,Supplier Plant - State,ieSupplierPlantLocationState,,,Others
RFQV28,1,Supplier,HYOSUNG CORPORATION,ULSAN,,,QV28,Supplier/Agent Info,,Agent Plant - State,ieAgentPlantLocationState,,,
RFQV28,1,Supplier,HYOSUNG CORPORATION,ULSAN,,,QV28,Supplier/Agent Info,,Agent Plant - Country,ieAgentPlantLocationCountry,,,
RFQV28,1,Supplier,HYOSUNG CORPORATION,ULSAN,,,QV28,Supplier/Agent Info,,Supplier Plant - Country,ieSupplierPlantLocationCountry,,,South Korea
RFQV28,1,Supplier,HYOSUNG CORPORATION,ULSAN,,,QV28,Supplier/Agent Info,,Plant Code,ieSISPlantCode,,,JAJ
RFQV28,1,Supplier,HYOSUNG CORPORATION,ULSAN,,,QV28,Supplier/Agent Info,,Plant Code,ieAgentPlantCode,,,
RFQV28,1,Supplier,HYOSUNG CORPORATION,ULSAN,,,QV28,Supplier/Agent Info,,Supplier Trade Name,ieSupplierTradeName,,,QV28
RFQV28,1,Supplier,HYOSUNG CORPORATION,ULSAN,,,QV28,Supplier/Agent Info,,Agent to Break Bulk?,cbBreakBulk,,,0
RFQV28,1,Supplier,HYOSUNG CORPORATION,ULSAN,,,QV28,Supplier/Agent Info,,Supplier Contact Name,ieSupplierContactName,,,
RFQV28,1,Supplier,HYOSUNG CORPORATION,ULSAN,,,QV28,Supplier/Agent Info,,Agent Contact Name,ieAgentContactName,,,
RFQV28,1,Supplier,HYOSUNG CORPORATION,ULSAN,,,QV28,Supplier/Agent Info,,Supplier Contact Type,ddlSupType,,,
RFQV28,1,Supplier,HYOSUNG CORPORATION,ULSAN,,,QV28,Supplier/Agent Info,,Agent Contact Type,ddlAgentType,,,
RFQV28,1,Supplier,HYOSUNG CORPORATION,ULSAN,,,QV28,Supplier/Agent Info,,Supplier email,ieSupplierEmail,,,
RFQV28,1,Supplier,HYOSUNG CORPORATION,ULSAN,,,QV28,Supplier/Agent Info,,Agent email,ieAgentEmail,,,
RFQV28,1,Supplier,HYOSUNG CORPORATION,ULSAN,,,QV28,Supplier/Agent Info,,Supplier Phone,ieSupplierPhone,,,
RFQV28,1,Supplier,HYOSUNG CORPORATION,ULSAN,,,QV28,Supplier/Agent Info,,Agent Phone,ieAgentPhone,,,
RFC17GAZ,1,,,,,,,Reinforcement General Information,,Material Class,ieMaterialClass,,,Single End Dipped Cord
RFC17GAZ,1,,,,,,,Reinforcement General Information,,Material Subclass,ieMaterialSubclass,,,FIBERGLASS
RFC17GAZ,1,,,,,,,Reinforcement General Information,,Material Code,cbMaterialCode,,,RFC17GAZ
RFC17GAZ,1,,,,,,,Reinforcement General Information,,SAP Material Type,cbGBSMatType,,,FABR
RFC17GAZ,1,,,,,,,Reinforcement General Information,,SAP Secondary Material Type,cbGBSMatSecType,,,FABR
RFC17GAZ,1,,,,,,,Reinforcement General Information,,SAP Type of Component,cbGBSTypeComp,,,FABR
RFC17GAZ,1,,,,,,,Reinforcement General Information,,Initial Exp Spec Code (hidden),ieInitialExpSpCode,,,
RFC17GAZ,1,,,,,,,Reinforcement General Information,,,ieSAPStatusCode,,,Y1
RFC17GAZ,1,,,,,,,Reinforcement General Information,,SAP Status,ddlSAPStatusDesc,,,Active (Non Development line-up)
RFC17GAZ,1,,,,,,,Reinforcement - Basic,2,Construction Code - Fabric,cbConCodeFabric,,,
RFC17GAZ,1,,,,,,,Reinforcement - Basic,2,Construction Code - Square Woven,cbConCodeSqWov,,,
RFC17GAZ,1,,,,,,,Reinforcement - Basic,2,Construction Code - Wire/Cable,cbConCodeWirCab,,,
RFC17GAZ,1,,,,,,,Reinforcement - Basic,2,Processing Code,cbFabricProcCode,,,
RFC17GAZ,1,,,,,,,Reinforcement - Basic,2,Cord Density Code,cbCordDensCode,,,
RFC17GAZ,1,,,,,,,Reinforcement - Basic,2,EPI,cbEPI,,,
RFC17GAZ,1,,,,,,,Reinforcement - Basic,2,Fill Cord (Type),ddlFillCord,,,
RFC17GAZ,1,,,,,,,Reinforcement - Basic,2,Linear Fill Cord Weight (DEN),efLinCorWt,,,
RFC17GAZ,1,,,,,,,Reinforcement - Basic,2,Picks per Meter,efPicksPerMeter,,,
RFC17GAZ,1,,,,,,,Reinforcement - Basic,2,SAP/SOS Description,efSAPSOSDesc,,,Fiberglass 3300/1 1.5 TPI Z SA
RFC17GAZ,1,,,,,,,Reinforcement - Basic,2,Update Spec Description (hidden),ieSAPSpecDesc,,,
RFC17GAZ,1,,,,,,,Reinforcement - Basic,2,Cable Bead Inside Diameter (mm),efCBInsideDia,,,
RFC17GAZ,1,,,,,,,Reinforcement - Basic,2,Cable Bead Comp. Weight (kg),efCBCompWeight,,,
RFC17GAZ,1,,,,,,,Reinforcement - Basic,2,Cable Bead Gauge (mm),efCBGauge,,,
RFC17GAZ,1,,,,,,,Reinforcement - Basic,2,Cable Bead Coating,ddlCBCoating,,,
RFC17GAZ,1,Supplier,NGF,GUELPH - ON,,,C17GAZ,Supplier/Agent Info,,Initial Exp Spec Code (hidden),ieInitialExpSpCode,,,
RFC17GAZ,1,Supplier,NGF,GUELPH - ON,,,C17GAZ,Supplier/Agent Info,,Material Code,cbMaterialCode,,,RFC17GAZ
RFC17GAZ,1,Supplier,NGF,GUELPH - ON,,,C17GAZ,Supplier/Agent Info,,Material Description,ieMatDescSupplier,,,Fiberglass 3300/1 1.5 TPI Z SA
RFC17GAZ,1,Supplier,NGF,GUELPH - ON,,,C17GAZ,Supplier/Agent Info,,Supplier,ieSupplier,,,NGF
RFC17GAZ,1,Supplier,NGF,GUELPH - ON,,,C17GAZ,Supplier/Agent Info,,Agent,ieAgent,,,
RFC17GAZ,1,Supplier,NGF,GUELPH - ON,,,C17GAZ,Supplier/Agent Info,,Supplier Plant,ieSupplierPlant,,,GUELPH - ON
RFC17GAZ,1,Supplier,NGF,GUELPH - ON,,,C17GAZ,Supplier/Agent Info,,Agent Plant,ieAgentPlant,,,
RFC17GAZ,1,Supplier,NGF,GUELPH - ON,,,C17GAZ,Supplier/Agent Info,,Supplier Plant - City,ieSupplierPlantLocationCity,,,Guelph - ON
RFC17GAZ,1,Supplier,NGF,GUELPH - ON,,,C17GAZ,Supplier/Agent Info,,Agent Plant - City,ieAgentPlantLocationCity,,,
RFC17GAZ,1,Supplier,NGF,GUELPH - ON,,,C17GAZ,Supplier/Agent Info,,Supplier Plant - State,ieSupplierPlantLocationState,,,Others
RFC17GAZ,1,Supplier,NGF,GUELPH - ON,,,C17GAZ,Supplier/Agent Info,,Agent Plant - State,ieAgentPlantLocationState,,,
RFC17GAZ,1,Supplier,NGF,GUELPH - ON,,,C17GAZ,Supplier/Agent Info,,Agent Plant - Country,ieAgentPlantLocationCountry,,,
RFC17GAZ,1,Supplier,NGF,GUELPH - ON,,,C17GAZ,Supplier/Agent Info,,Supplier Plant - Country,ieSupplierPlantLocationCountry,,,Canada
RFC17GAZ,1,Supplier,NGF,GUELPH - ON,,,C17GAZ,Supplier/Agent Info,,Plant Code,ieSISPlantCode,,,CDK
RFC17GAZ,1,Supplier,NGF,GUELPH - ON,,,C17GAZ,Supplier/Agent Info,,Plant Code,ieAgentPlantCode,,,
RFC17GAZ,1,Supplier,NGF,GUELPH - ON,,,C17GAZ,Supplier/Agent Info,,Supplier Trade Name,ieSupplierTradeName,,,C17GAZ
RFC17GAZ,1,Supplier,NGF,GUELPH - ON,,,C17GAZ,Supplier/Agent Info,,Agent to Break Bulk?,cbBreakBulk,,,0
RFC17GAZ,1,Supplier,NGF,GUELPH - ON,,,C17GAZ,Supplier/Agent Info,,Supplier Contact Name,ieSupplierContactName,,,
RFC17GAZ,1,Supplier,NGF,GUELPH - ON,,,C17GAZ,Supplier/Agent Info,,Agent Contact Name,ieAgentContactName,,,
RFC17GAZ,1,Supplier,NGF,GUELPH - ON,,,C17GAZ,Supplier/Agent Info,,Supplier Contact Type,ddlSupType,,,
RFC17GAZ,1,Supplier,NGF,GUELPH - ON,,,C17GAZ,Supplier/Agent Info,,Agent Contact Type,ddlAgentType,,,
RFC17GAZ,1,Supplier,NGF,GUELPH - ON,,,C17GAZ,Supplier/Agent Info,,Supplier email,ieSupplierEmail,,,
RFC17GAZ,1,Supplier,NGF,GUELPH - ON,,,C17GAZ,Supplier/Agent Info,,Agent email,ieAgentEmail,,,
RFC17GAZ,1,Supplier,NGF,GUELPH - ON,,,C17GAZ,Supplier/Agent Info,,Supplier Phone,ieSupplierPhone,,,
RFC17GAZ,1,Supplier,NGF,GUELPH - ON,,,C17GAZ,Supplier/Agent Info,,Agent Phone,ieAgentPhone,,,
RFS01Q,1,,,,,,,Reinforcement General Information,,Material Class,ieMaterialClass,,,YARN
RFS01Q,1,,,,,,,Reinforcement General Information,,Material Subclass,ieMaterialSubclass,,,POLYESTER - HMLS AA
RFS01Q,1,,,,,,,Reinforcement General Information,,Material Code,cbMaterialCode,,,RFS01Q
RFS01Q,1,,,,,,,Reinforcement General Information,,SAP Material Type,cbGBSMatType,,,
RFS01Q,1,,,,,,,Reinforcement General Information,,SAP Secondary Material Type,cbGBSMatSecType,,,
RFS01Q,1,,,,,,,Reinforcement General Information,,SAP Type of Component,cbGBSTypeComp,,,
RFS01Q,1,,,,,,,Reinforcement General Information,,Initial Exp Spec Code (hidden),ieInitialExpSpCode,,,
RFS01Q,1,,,,,,,Reinforcement General Information,,,ieSAPStatusCode,,,Y1
RFS01Q,1,,,,,,,Reinforcement General Information,,SAP Status,ddlSAPStatusDesc,,,Active (Non Development line-up)
RFS01Q,1,,,,,,,Reinforcement - Basic,2,Construction Code - Fabric,cbConCodeFabric,,,
RFS01Q,1,,,,,,,Reinforcement - Basic,2,Construction Code - Square Woven,cbConCodeSqWov,,,
RFS01Q,1,,,,,,,Reinforcement - Basic,2,Construction Code - Wire/Cable,cbConCodeWirCab,,,
RFS01Q,1,,,,,,,Reinforcement - Basic,2,Processing Code,cbFabricProcCode,,,
RFS01Q,1,,,,,,,Reinforcement - Basic,2,Cord Density Code,cbCordDensCode,,,
RFS01Q,1,,,,,,,Reinforcement - Basic,2,EPI,cbEPI,,,
RFS01Q,1,,,,,,,Reinforcement - Basic,2,Fill Cord (Type),ddlFillCord,,,
RFS01Q,1,,,,,,,Reinforcement - Basic,2,Linear Fill Cord Weight (DEN),efLinCorWt,,,
RFS01Q,1,,,,,,,Reinforcement - Basic,2,Picks per Meter,efPicksPerMeter,,,
RFS01Q,1,,,,,,,Reinforcement - Basic,2,SAP/SOS Description,efSAPSOSDesc,,,1100 DECITEX AA HMLS POLYESTER
RFS01Q,1,,,,,,,Reinforcement - Basic,2,Update Spec Description (hidden),ieSAPSpecDesc,,,
RFS01Q,1,,,,,,,Reinforcement - Basic,2,Cable Bead Inside Diameter (mm),efCBInsideDia,,,
RFS01Q,1,,,,,,,Reinforcement - Basic,2,Cable Bead Comp. Weight (kg),efCBCompWeight,,,
RFS01Q,1,,,,,,,Reinforcement - Basic,2,Cable Bead Gauge (mm),efCBGauge,,,
RFS01Q,1,,,,,,,Reinforcement - Basic,2,Cable Bead Coating,ddlCBCoating,,,
RFS01Q,1,Supplier,HYOSUNG CORPORATION,DONG NAI,,,HSP-40,Supplier/Agent Info,,Initial Exp Spec Code (hidden),ieInitialExpSpCode,,,Y00028
RFS01Q,1,Supplier,HYOSUNG CORPORATION,DONG NAI,,,HSP-40,Supplier/Agent Info,,Material Code,cbMaterialCode,,,RFS01Q
RFS01Q,1,Supplier,HYOSUNG CORPORATION,DONG NAI,,,HSP-40,Supplier/Agent Info,,Material Description,ieMatDescSupplier,,,1100 DECITEX AA HMLS POLYESTER
RFS01Q,1,Supplier,HYOSUNG CORPORATION,DONG NAI,,,HSP-40,Supplier/Agent Info,,Supplier,ieSupplier,,,HYOSUNG CORPORATION
RFS01Q,1,Supplier,HYOSUNG CORPORATION,DONG NAI,,,HSP-40,Supplier/Agent Info,,Agent,ieAgent,,,
RFS01Q,1,Supplier,HYOSUNG CORPORATION,DONG NAI,,,HSP-40,Supplier/Agent Info,,Supplier Plant,ieSupplierPlant,,,DONG NAI
RFS01Q,1,Supplier,HYOSUNG CORPORATION,DONG NAI,,,HSP-40,Supplier/Agent Info,,Agent Plant,ieAgentPlant,,,
RFS01Q,1,Supplier,HYOSUNG CORPORATION,DONG NAI,,,HSP-40,Supplier/Agent Info,,Supplier Plant - City,ieSupplierPlantLocationCity,,,Dong Nai
RFS01Q,1,Supplier,HYOSUNG CORPORATION,DONG NAI,,,HSP-40,Supplier/Agent Info,,Agent Plant - City,ieAgentPlantLocationCity,,,
RFS01Q,1,Supplier,HYOSUNG CORPORATION,DONG NAI,,,HSP-40,Supplier/Agent Info,,Supplier Plant - State,ieSupplierPlantLocationState,,,Others
RFS01Q,1,Supplier,HYOSUNG CORPORATION,DONG NAI,,,HSP-40,Supplier/Agent Info,,Agent Plant - State,ieAgentPlantLocationState,,,
RFS01Q,1,Supplier,HYOSUNG CORPORATION,DONG NAI,,,HSP-40,Supplier/Agent Info,,Agent Plant - Country,ieAgentPlantLocationCountry,,,
RFS01Q,1,Supplier,HYOSUNG CORPORATION,DONG NAI,,,HSP-40,Supplier/Agent Info,,Supplier Plant - Country,ieSupplierPlantLocationCountry,,,Vietnam
RFS01Q,1,Supplier,HYOSUNG CORPORATION,DONG NAI,,,HSP-40,Supplier/Agent Info,,Plant Code,ieSISPlantCode,,,JPK
RFS01Q,1,Supplier,HYOSUNG CORPORATION,DONG NAI,,,HSP-40,Supplier/Agent Info,,Plant Code,ieAgentPlantCode,,,
RFS01Q,1,Supplier,HYOSUNG CORPORATION,DONG NAI,,,HSP-40,Supplier/Agent Info,,Supplier Trade Name,ieSupplierTradeName,,,HSP-40
RFS01Q,1,Supplier,HYOSUNG CORPORATION,DONG NAI,,,HSP-40,Supplier/Agent Info,,Agent to Break Bulk?,cbBreakBulk,,,0
RFS01Q,1,Supplier,HYOSUNG CORPORATION,DONG NAI,,,HSP-40,Supplier/Agent Info,,Supplier Contact Name,ieSupplierContactName,,,
RFS01Q,1,Supplier,HYOSUNG CORPORATION,DONG NAI,,,HSP-40,Supplier/Agent Info,,Agent Contact Name,ieAgentContactName,,,
RFS01Q,1,Supplier,HYOSUNG CORPORATION,DONG NAI,,,HSP-40,Supplier/Agent Info,,Supplier Contact Type,ddlSupType,,,
RFS01Q,1,Supplier,HYOSUNG CORPORATION,DONG NAI,,,HSP-40,Supplier/Agent Info,,Agent Contact Type,ddlAgentType,,,
RFS01Q,1,Supplier,HYOSUNG CORPORATION,DONG NAI,,,HSP-40,Supplier/Agent Info,,Supplier email,ieSupplierEmail,,,
RFS01Q,1,Supplier,HYOSUNG CORPORATION,DONG NAI,,,HSP-40,Supplier/Agent Info,,Agent email,ieAgentEmail,,,
RFS01Q,1,Supplier,HYOSUNG CORPORATION,DONG NAI,,,HSP-40,Supplier/Agent Info,,Supplier Phone,ieSupplierPhone,,,
RFS01Q,1,Supplier,HYOSUNG CORPORATION,DONG NAI,,,HSP-40,Supplier/Agent Info,,Agent Phone,ieAgentPhone,,,
RFE09A,1,,,,,,,Reinforcement General Information,,Material Class,ieMaterialClass,,,YARN
RFE09A,1,,,,,,,Reinforcement General Information,,Material Subclass,ieMaterialSubclass,,,ARAMID
RFE09A,1,,,,,,,Reinforcement General Information,,Material Code,cbMaterialCode,,,RFE09A
RFE09A,1,,,,,,,Reinforcement General Information,,SAP Material Type,cbGBSMatType,,,
RFE09A,1,,,,,,,Reinforcement General Information,,SAP Secondary Material Type,cbGBSMatSecType,,,
RFE09A,1,,,,,,,Reinforcement General Information,,SAP Type of Component,cbGBSTypeComp,,,
RFE09A,1,,,,,,,Reinforcement General Information,,Initial Exp Spec Code (hidden),ieInitialExpSpCode,,,GYD3348
RFE09A,1,,,,,,,Reinforcement General Information,,,ieSAPStatusCode,,,Y1
RFE09A,1,,,,,,,Reinforcement General Information,,SAP Status,ddlSAPStatusDesc,,,Active (Non Development line-up)
RFE09A,1,,,,,,,Reinforcement - Basic,2,Construction Code - Fabric,cbConCodeFabric,,,
RFE09A,1,,,,,,,Reinforcement - Basic,2,Construction Code - Square Woven,cbConCodeSqWov,,,
RFE09A,1,,,,,,,Reinforcement - Basic,2,Construction Code - Wire/Cable,cbConCodeWirCab,,,
RFE09A,1,,,,,,,Reinforcement - Basic,2,Processing Code,cbFabricProcCode,,,
RFE09A,1,,,,,,,Reinforcement - Basic,2,Cord Density Code,cbCordDensCode,,,
RFE09A,1,,,,,,,Reinforcement - Basic,2,EPI,cbEPI,,,
RFE09A,1,,,,,,,Reinforcement - Basic,2,Fill Cord (Type),ddlFillCord,,,
RFE09A,1,,,,,,,Reinforcement - Basic,2,Linear Fill Cord Weight (DEN),efLinCorWt,,,
RFE09A,1,,,,,,,Reinforcement - Basic,2,Picks per Meter,efPicksPerMeter,,,
RFE09A,1,,,,,,,Reinforcement - Basic,2,SAP/SOS Description,efSAPSOSDesc,,,ARAMID 1670 dtex
RFE09A,1,,,,,,,Reinforcement - Basic,2,Update Spec Description (hidden),ieSAPSpecDesc,,,
RFE09A,1,,,,,,,Reinforcement - Basic,2,Cable Bead Inside Diameter (mm),efCBInsideDia,,,
RFE09A,1,,,,,,,Reinforcement - Basic,2,Cable Bead Comp. Weight (kg),efCBCompWeight,,,
RFE09A,1,,,,,,,Reinforcement - Basic,2,Cable Bead Gauge (mm),efCBGauge,,,
RFE09A,1,,,,,,,Reinforcement - Basic,2,Cable Bead Coating,ddlCBCoating,,,
RFE09A,1,Supplier,DUPONT,MAYDOWN,,,950,Supplier/Agent Info,,Initial Exp Spec Code (hidden),ieInitialExpSpCode,,,GYD3348
RFE09A,1,Supplier,DUPONT,MAYDOWN,,,950,Supplier/Agent Info,,Material Code,cbMaterialCode,,,RFE09A
RFE09A,1,Supplier,DUPONT,MAYDOWN,,,950,Supplier/Agent Info,,Material Description,ieMatDescSupplier,,,ARAMID 1670 dtex
RFE09A,1,Supplier,DUPONT,MAYDOWN,,,950,Supplier/Agent Info,,Supplier,ieSupplier,,,DUPONT
RFE09A,1,Supplier,DUPONT,MAYDOWN,,,950,Supplier/Agent Info,,Agent,ieAgent,,,
RFE09A,1,Supplier,DUPONT,MAYDOWN,,,950,Supplier/Agent Info,,Supplier Plant,ieSupplierPlant,,,MAYDOWN
RFE09A,1,Supplier,DUPONT,MAYDOWN,,,950,Supplier/Agent Info,,Agent Plant,ieAgentPlant,,,
RFE09A,1,Supplier,DUPONT,MAYDOWN,,,950,Supplier/Agent Info,,Supplier Plant - City,ieSupplierPlantLocationCity,,,Maydown
RFE09A,1,Supplier,DUPONT,MAYDOWN,,,950,Supplier/Agent Info,,Agent Plant - City,ieAgentPlantLocationCity,,,
RFE09A,1,Supplier,DUPONT,MAYDOWN,,,950,Supplier/Agent Info,,Supplier Plant - State,ieSupplierPlantLocationState,,,Others
RFE09A,1,Supplier,DUPONT,MAYDOWN,,,950,Supplier/Agent Info,,Agent Plant - State,ieAgentPlantLocationState,,,
RFE09A,1,Supplier,DUPONT,MAYDOWN,,,950,Supplier/Agent Info,,Agent Plant - Country,ieAgentPlantLocationCountry,,,
RFE09A,1,Supplier,DUPONT,MAYDOWN,,,950,Supplier/Agent Info,,Supplier Plant - Country,ieSupplierPlantLocationCountry,,,Ireland
RFE09A,1,Supplier,DUPONT,MAYDOWN,,,950,Supplier/Agent Info,,Plant Code,ieSISPlantCode,,,
RFE09A,1,Supplier,DUPONT,MAYDOWN,,,950,Supplier/Agent Info,,Plant Code,ieAgentPlantCode,,,
RFE09A,1,Supplier,DUPONT,MAYDOWN,,,950,Supplier/Agent Info,,Supplier Trade Name,ieSupplierTradeName,,,950
RFE09A,1,Supplier,DUPONT,MAYDOWN,,,950,Supplier/Agent Info,,Agent to Break Bulk?,cbBreakBulk,,,0
RFE09A,1,Supplier,DUPONT,MAYDOWN,,,950,Supplier/Agent Info,,Supplier Contact Name,ieSupplierContactName,,,
RFE09A,1,Supplier,DUPONT,MAYDOWN,,,950,Supplier/Agent Info,,Agent Contact Name,ieAgentContactName,,,
RFE09A,1,Supplier,DUPONT,MAYDOWN,,,950,Supplier/Agent Info,,Supplier Contact Type,ddlSupType,,,
RFE09A,1,Supplier,DUPONT,MAYDOWN,,,950,Supplier/Agent Info,,Agent Contact Type,ddlAgentType,,,
RFE09A,1,Supplier,DUPONT,MAYDOWN,,,950,Supplier/Agent Info,,Supplier email,ieSupplierEmail,,,
RFE09A,1,Supplier,DUPONT,MAYDOWN,,,950,Supplier/Agent Info,,Agent email,ieAgentEmail,,,
RFE09A,1,Supplier,DUPONT,MAYDOWN,,,950,Supplier/Agent Info,,Supplier Phone,ieSupplierPhone,,,
RFE09A,1,Supplier,DUPONT,MAYDOWN,,,950,Supplier/Agent Info,,Agent Phone,ieAgentPhone,,,
RFBL01WM,1,,,,,,,Reinforcement General Information,,Material Class,ieMaterialClass,,,WIRE
RFBL01WM,1,,,,,,,Reinforcement General Information,,Material Subclass,ieMaterialSubclass,,,STEEL CORD
RFBL01WM,1,,,,,,,Reinforcement General Information,,Material Code,cbMaterialCode,,,RFBL01WM
RFBL01WM,1,,,,,,,Reinforcement General Information,,SAP Material Type,cbGBSMatType,,,WIRE
RFBL01WM,1,,,,,,,Reinforcement General Information,,SAP Secondary Material Type,cbGBSMatSecType,,,WIRE
RFBL01WM,1,,,,,,,Reinforcement General Information,,SAP Type of Component,cbGBSTypeComp,,,
RFBL01WM,1,,,,,,,Reinforcement General Information,,Initial Exp Spec Code (hidden),ieInitialExpSpCode,,,
RFBL01WM,1,,,,,,,Reinforcement General Information,,,ieSAPStatusCode,,,Y1
RFBL01WM,1,,,,,,,Reinforcement General Information,,SAP Status,ddlSAPStatusDesc,,,Active (Non Development line-up)
RFBL01WM,1,,,,,,,Reinforcement - Basic,2,Construction Code - Fabric,cbConCodeFabric,,,
RFBL01WM,1,,,,,,,Reinforcement - Basic,2,Construction Code - Square Woven,cbConCodeSqWov,,,
RFBL01WM,1,,,,,,,Reinforcement - Basic,2,Construction Code - Wire/Cable,cbConCodeWirCab,,,
RFBL01WM,1,,,,,,,Reinforcement - Basic,2,Processing Code,cbFabricProcCode,,,
RFBL01WM,1,,,,,,,Reinforcement - Basic,2,Cord Density Code,cbCordDensCode,,,
RFBL01WM,1,,,,,,,Reinforcement - Basic,2,EPI,cbEPI,,,
RFBL01WM,1,,,,,,,Reinforcement - Basic,2,Fill Cord (Type),ddlFillCord,,,
RFBL01WM,1,,,,,,,Reinforcement - Basic,2,Linear Fill Cord Weight (DEN),efLinCorWt,,,
RFBL01WM,1,,,,,,,Reinforcement - Basic,2,Picks per Meter,efPicksPerMeter,,,
RFBL01WM,1,,,,,,,Reinforcement - Basic,2,SAP/SOS Description,efSAPSOSDesc,,,7X19X20+1X15HT
RFBL01WM,1,,,,,,,Reinforcement - Basic,2,Update Spec Description (hidden),ieSAPSpecDesc,,,
RFBL01WM,1,,,,,,,Reinforcement - Basic,2,Cable Bead Inside Diameter (mm),efCBInsideDia,,,
RFBL01WM,1,,,,,,,Reinforcement - Basic,2,Cable Bead Comp. Weight (kg),efCBCompWeight,,,
RFBL01WM,1,,,,,,,Reinforcement - Basic,2,Cable Bead Gauge (mm),efCBGauge,,,
RFBL01WM,1,,,,,,,Reinforcement - Basic,2,Cable Bead Coating,ddlCBCoating,,,
RFQU26PF,1,,,,,,,Reinforcement General Information,,Material Class,ieMaterialClass,,,FABRIC
RFQU26PF,1,,,,,,,Reinforcement General Information,,Material Subclass,ieMaterialSubclass,,,POLYESTER - HMLS
RFQU26PF,1,,,,,,,Reinforcement General Information,,Material Code,cbMaterialCode,,,RFQU26PF
RFQU26PF,1,,,,,,,Reinforcement General Information,,SAP Material Type,cbGBSMatType,,,FABR
RFQU26PF,1,,,,,,,Reinforcement General Information,,SAP Secondary Material Type,cbGBSMatSecType,,,FABR
RFQU26PF,1,,,,,,,Reinforcement General Information,,SAP Type of Component,cbGBSTypeComp,,,FABR
RFQU26PF,1,,,,,,,Reinforcement General Information,,Initial Exp Spec Code (hidden),ieInitialExpSpCode,,,
RFQU26PF,1,,,,,,,Reinforcement General Information,,,ieSAPStatusCode,,,Y1
RFQU26PF,1,,,,,,,Reinforcement General Information,,SAP Status,ddlSAPStatusDesc,,,Active (Non Development line-up)
RFQU26PF,1,,,,,,,Reinforcement - Basic,2,Construction Code - Fabric,cbConCodeFabric,,,QU
RFQU26PF,1,,,,,,,Reinforcement - Basic,2,Construction Code - Square Woven,cbConCodeSqWov,,,
RFQU26PF,1,,,,,,,Reinforcement - Basic,2,Construction Code - Wire/Cable,cbConCodeWirCab,,,
RFQU26PF,1,,,,,,,Reinforcement - Basic,2,Processing Code,cbFabricProcCode,,,PF
RFQU26PF,1,,,,,,,Reinforcement - Basic,2,Cord Density Code,cbCordDensCode,,,26
RFQU26PF,1,,,,,,,Reinforcement - Basic,2,EPI,cbEPI,,,26.0
RFQU26PF,1,,,,,,,Reinforcement - Basic,2,Fill Cord (Type),ddlFillCord,,,Extensible
RFQU26PF,1,,,,,,,Reinforcement - Basic,2,Linear Fill Cord Weight (DEN),efLinCorWt,,,221
RFQU26PF,1,,,,,,,Reinforcement - Basic,2,Picks per Meter,efPicksPerMeter,,,50
RFQU26PF,1,,,,,,,Reinforcement - Basic,2,SAP/SOS Description,efSAPSOSDesc,,,"PET, HMLS AA, 1440/1/2, 9.0/9.0, 26.00 EPI, PF"
RFQU26PF,1,,,,,,,Reinforcement - Basic,2,Update Spec Description (hidden),ieSAPSpecDesc,,,
RFQU26PF,1,,,,,,,Reinforcement - Basic,2,Cable Bead Inside Diameter (mm),efCBInsideDia,,,
RFQU26PF,1,,,,,,,Reinforcement - Basic,2,Cable Bead Comp. Weight (kg),efCBCompWeight,,,
RFQU26PF,1,,,,,,,Reinforcement - Basic,2,Cable Bead Gauge (mm),efCBGauge,,,
RFQU26PF,1,,,,,,,Reinforcement - Basic,2,Cable Bead Coating,ddlCBCoating,,,
RFQU26PF,1,Supplier,HYOSUNG CORPORATION,LISA,,,QU26PF,Supplier/Agent Info,,Initial Exp Spec Code (hidden),ieInitialExpSpCode,,,
RFQU26PF,1,Supplier,HYOSUNG CORPORATION,LISA,,,QU26PF,Supplier/Agent Info,,Material Code,cbMaterialCode,,,RFQU26PF
RFQU26PF,1,Supplier,HYOSUNG CORPORATION,LISA,,,QU26PF,Supplier/Agent Info,,Material Description,ieMatDescSupplier,,,"PET, HMLS AA, 1440/1/2, 9.0/9.0, 26.00 EPI, PF"
RFQU26PF,1,Supplier,HYOSUNG CORPORATION,LISA,,,QU26PF,Supplier/Agent Info,,Supplier,ieSupplier,,,HYOSUNG CORPORATION
RFQU26PF,1,Supplier,HYOSUNG CORPORATION,LISA,,,QU26PF,Supplier/Agent Info,,Agent,ieAgent,,,
RFQU26PF,1,Supplier,HYOSUNG CORPORATION,LISA,,,QU26PF,Supplier/Agent Info,,Supplier Plant,ieSupplierPlant,,,LISA
RFQU26PF,1,Supplier,HYOSUNG CORPORATION,LISA,,,QU26PF,Supplier/Agent Info,,Agent Plant,ieAgentPlant,,,
RFQU26PF,1,Supplier,HYOSUNG CORPORATION,LISA,,,QU26PF,Supplier/Agent Info,,Supplier Plant - City,ieSupplierPlantLocationCity,,,LISA
RFQU26PF,1,Supplier,HYOSUNG CORPORATION,LISA,,,QU26PF,Supplier/Agent Info,,Agent Plant - City,ieAgentPlantLocationCity,,,
RFQU26PF,1,Supplier,HYOSUNG CORPORATION,LISA,,,QU26PF,Supplier/Agent Info,,Supplier Plant - State,ieSupplierPlantLocationState,,,Others
RFQU26PF,1,Supplier,HYOSUNG CORPORATION,LISA,,,QU26PF,Supplier/Agent Info,,Agent Plant - State,ieAgentPlantLocationState,,,
RFQU26PF,1,Supplier,HYOSUNG CORPORATION,LISA,,,QU26PF,Supplier/Agent Info,,Agent Plant - Country,ieAgentPlantLocationCountry,,,
RFQU26PF,1,Supplier,HYOSUNG CORPORATION,LISA,,,QU26PF,Supplier/Agent Info,,Supplier Plant - Country,ieSupplierPlantLocationCountry,,,Luxembourg
RFQU26PF,1,Supplier,HYOSUNG CORPORATION,LISA,,,QU26PF,Supplier/Agent Info,,Plant Code,ieSISPlantCode,,,AIG
RFQU26PF,1,Supplier,HYOSUNG CORPORATION,LISA,,,QU26PF,Supplier/Agent Info,,Plant Code,ieAgentPlantCode,,,
RFQU26PF,1,Supplier,HYOSUNG CORPORATION,LISA,,,QU26PF,Supplier/Agent Info,,Supplier Trade Name,ieSupplierTradeName,,,QU26PF
RFQU26PF,1,Supplier,HYOSUNG CORPORATION,LISA,,,QU26PF,Supplier/Agent Info,,Agent to Break Bulk?,cbBreakBulk,,,0
RFQU26PF,1,Supplier,HYOSUNG CORPORATION,LISA,,,QU26PF,Supplier/Agent Info,,Supplier Contact Name,ieSupplierContactName,,,
RFQU26PF,1,Supplier,HYOSUNG CORPORATION,LISA,,,QU26PF,Supplier/Agent Info,,Agent Contact Name,ieAgentContactName,,,
RFQU26PF,1,Supplier,HYOSUNG CORPORATION,LISA,,,QU26PF,Supplier/Agent Info,,Supplier Contact Type,ddlSupType,,,
RFQU26PF,1,Supplier,HYOSUNG CORPORATION,LISA,,,QU26PF,Supplier/Agent Info,,Agent Contact Type,ddlAgentType,,,
RFQU26PF,1,Supplier,HYOSUNG CORPORATION,LISA,,,QU26PF,Supplier/Agent Info,,Supplier email,ieSupplierEmail,,,
RFQU26PF,1,Supplier,HYOSUNG CORPORATION,LISA,,,QU26PF,Supplier/Agent Info,,Agent email,ieAgentEmail,,,
RFQU26PF,1,Supplier,HYOSUNG CORPORATION,LISA,,,QU26PF,Supplier/Agent Info,,Supplier Phone,ieSupplierPhone,,,
RFQU26PF,1,Supplier,HYOSUNG CORPORATION,LISA,,,QU26PF,Supplier/Agent Info,,Agent Phone,ieAgentPhone,,,
RFQ09R,1,,,,,,,Reinforcement General Information,,Material Class,ieMaterialClass,,,YARN
RFQ09R,1,,,,,,,Reinforcement General Information,,Material Subclass,ieMaterialSubclass,,,RAYON
RFQ09R,1,,,,,,,Reinforcement General Information,,Material Code,cbMaterialCode,,,RFQ09R
RFQ09R,1,,,,,,,Reinforcement General Information,,SAP Material Type,cbGBSMatType,,,
RFQ09R,1,,,,,,,Reinforcement General Information,,SAP Secondary Material Type,cbGBSMatSecType,,,
RFQ09R,1,,,,,,,Reinforcement General Information,,SAP Type of Component,cbGBSTypeComp,,,
RFQ09R,1,,,,,,,Reinforcement General Information,,Initial Exp Spec Code (hidden),ieInitialExpSpCode,,,GYD3401
RFQ09R,1,,,,,,,Reinforcement General Information,,,ieSAPStatusCode,,,Y1
RFQ09R,1,,,,,,,Reinforcement General Information,,SAP Status,ddlSAPStatusDesc,,,Active (Non Development line-up)
RFQ09R,1,,,,,,,Reinforcement - Basic,2,Construction Code - Fabric,cbConCodeFabric,,,
RFQ09R,1,,,,,,,Reinforcement - Basic,2,Construction Code - Square Woven,cbConCodeSqWov,,,
RFQ09R,1,,,,,,,Reinforcement - Basic,2,Construction Code - Wire/Cable,cbConCodeWirCab,,,
RFQ09R,1,,,,,,,Reinforcement - Basic,2,Processing Code,cbFabricProcCode,,,
RFQ09R,1,,,,,,,Reinforcement - Basic,2,Cord Density Code,cbCordDensCode,,,
RFQ09R,1,,,,,,,Reinforcement - Basic,2,EPI,cbEPI,,,
RFQ09R,1,,,,,,,Reinforcement - Basic,2,Fill Cord (Type),ddlFillCord,,,
RFQ09R,1,,,,,,,Reinforcement - Basic,2,Linear Fill Cord Weight (DEN),efLinCorWt,,,
RFQ09R,1,,,,,,,Reinforcement - Basic,2,Picks per Meter,efPicksPerMeter,,,
RFQ09R,1,,,,,,,Reinforcement - Basic,2,SAP/SOS Description,efSAPSOSDesc,,,Rayon 1220 dtex
RFQ09R,1,,,,,,,Reinforcement - Basic,2,Update Spec Description (hidden),ieSAPSpecDesc,,,
RFQ09R,1,,,,,,,Reinforcement - Basic,2,Cable Bead Inside Diameter (mm),efCBInsideDia,,,
RFQ09R,1,,,,,,,Reinforcement - Basic,2,Cable Bead Comp. Weight (kg),efCBCompWeight,,,
RFQ09R,1,,,,,,,Reinforcement - Basic,2,Cable Bead Gauge (mm),efCBGauge,,,
RFQ09R,1,,,,,,,Reinforcement - Basic,2,Cable Bead Coating,ddlCBCoating,,,
RFQ09R,1,Supplier,INDORAMA VENTURES MOBILITY,LOVOSICE,,,Rayon 1220 dtex super II,Supplier/Agent Info,,Initial Exp Spec Code (hidden),ieInitialExpSpCode,,,GYD3401
RFQ09R,1,Supplier,INDORAMA VENTURES MOBILITY,LOVOSICE,,,Rayon 1220 dtex super II,Supplier/Agent Info,,Material Code,cbMaterialCode,,,RFQ09R
RFQ09R,1,Supplier,INDORAMA VENTURES MOBILITY,LOVOSICE,,,Rayon 1220 dtex super II,Supplier/Agent Info,,Material Description,ieMatDescSupplier,,,Rayon 1220 dtex
RFQ09R,1,Supplier,INDORAMA VENTURES MOBILITY,LOVOSICE,,,Rayon 1220 dtex super II,Supplier/Agent Info,,Supplier,ieSupplier,,,INDORAMA VENTURES MOBILITY
RFQ09R,1,Supplier,INDORAMA VENTURES MOBILITY,LOVOSICE,,,Rayon 1220 dtex super II,Supplier/Agent Info,,Agent,ieAgent,,,
RFQ09R,1,Supplier,INDORAMA VENTURES MOBILITY,LOVOSICE,,,Rayon 1220 dtex super II,Supplier/Agent Info,,Supplier Plant,ieSupplierPlant,,,LOVOSICE
RFQ09R,1,Supplier,INDORAMA VENTURES MOBILITY,LOVOSICE,,,Rayon 1220 dtex super II,Supplier/Agent Info,,Agent Plant,ieAgentPlant,,,
RFQ09R,1,Supplier,INDORAMA VENTURES MOBILITY,LOVOSICE,,,Rayon 1220 dtex super II,Supplier/Agent Info,,Supplier Plant - City,ieSupplierPlantLocationCity,,,Lovosice
RFQ09R,1,Supplier,INDORAMA VENTURES MOBILITY,LOVOSICE,,,Rayon 1220 dtex super II,Supplier/Agent Info,,Agent Plant - City,ieAgentPlantLocationCity,,,
RFQ09R,1,Supplier,INDORAMA VENTURES MOBILITY,LOVOSICE,,,Rayon 1220 dtex super II,Supplier/Agent Info,,Supplier Plant - State,ieSupplierPlantLocationState,,,Others
RFQ09R,1,Supplier,INDORAMA VENTURES MOBILITY,LOVOSICE,,,Rayon 1220 dtex super II,Supplier/Agent Info,,Agent Plant - State,ieAgentPlantLocationState,,,
RFQ09R,1,Supplier,INDORAMA VENTURES MOBILITY,LOVOSICE,,,Rayon 1220 dtex super II,Supplier/Agent Info,,Agent Plant - Country,ieAgentPlantLocationCountry,,,
RFQ09R,1,Supplier,INDORAMA VENTURES MOBILITY,LOVOSICE,,,Rayon 1220 dtex super II,Supplier/Agent Info,,Supplier Plant - Country,ieSupplierPlantLocationCountry,,,Czech Republic
RFQ09R,1,Supplier,INDORAMA VENTURES MOBILITY,LOVOSICE,,,Rayon 1220 dtex super II,Supplier/Agent Info,,Plant Code,ieSISPlantCode,,,EDS
RFQ09R,1,Supplier,INDORAMA VENTURES MOBILITY,LOVOSICE,,,Rayon 1220 dtex super II,Supplier/Agent Info,,Plant Code,ieAgentPlantCode,,,
RFQ09R,1,Supplier,INDORAMA VENTURES MOBILITY,LOVOSICE,,,Rayon 1220 dtex super II,Supplier/Agent Info,,Supplier Trade Name,ieSupplierTradeName,,,Rayon 1220 dtex super II
RFQ09R,1,Supplier,INDORAMA VENTURES MOBILITY,LOVOSICE,,,Rayon 1220 dtex super II,Supplier/Agent Info,,Agent to Break Bulk?,cbBreakBulk,,,0
RFQ09R,1,Supplier,INDORAMA VENTURES MOBILITY,LOVOSICE,,,Rayon 1220 dtex super II,Supplier/Agent Info,,Supplier Contact Name,ieSupplierContactName,,,
RFQ09R,1,Supplier,INDORAMA VENTURES MOBILITY,LOVOSICE,,,Rayon 1220 dtex super II,Supplier/Agent Info,,Agent Contact Name,ieAgentContactName,,,
RFQ09R,1,Supplier,INDORAMA VENTURES MOBILITY,LOVOSICE,,,Rayon 1220 dtex super II,Supplier/Agent Info,,Supplier Contact Type,ddlSupType,,,
RFQ09R,1,Supplier,INDORAMA VENTURES MOBILITY,LOVOSICE,,,Rayon 1220 dtex super II,Supplier/Agent Info,,Agent Contact Type,ddlAgentType,,,
RFQ09R,1,Supplier,INDORAMA VENTURES MOBILITY,LOVOSICE,,,Rayon 1220 dtex super II,Supplier/Agent Info,,Supplier email,ieSupplierEmail,,,
RFQ09R,1,Supplier,INDORAMA VENTURES MOBILITY,LOVOSICE,,,Rayon 1220 dtex super II,Supplier/Agent Info,,Agent email,ieAgentEmail,,,
RFQ09R,1,Supplier,INDORAMA VENTURES MOBILITY,LOVOSICE,,,Rayon 1220 dtex super II,Supplier/Agent Info,,Supplier Phone,ieSupplierPhone,,,
RFQ09R,1,Supplier,INDORAMA VENTURES MOBILITY,LOVOSICE,,,Rayon 1220 dtex super II,Supplier/Agent Info,,Agent Phone,ieAgentPhone,,,
RFZ02BI30GF,1,,,,,,,Reinforcement General Information,,Material Class,ieMaterialClass,,,FABRIC
RFZ02BI30GF,1,,,,,,,Reinforcement General Information,,Material Subclass,ieMaterialSubclass,,,"NYLON 6,6"
RFZ02BI30GF,1,,,,,,,Reinforcement General Information,,Material Code,cbMaterialCode,,,RFZ02BI30GF
RFZ02BI30GF,1,,,,,,,Reinforcement General Information,,SAP Material Type,cbGBSMatType,,,FABR
RFZ02BI30GF,1,,,,,,,Reinforcement General Information,,SAP Secondary Material Type,cbGBSMatSecType,,,FABR
RFZ02BI30GF,1,,,,,,,Reinforcement General Information,,SAP Type of Component,cbGBSTypeComp,,,
RFZ02BI30GF,1,,,,,,,Reinforcement General Information,,Initial Exp Spec Code (hidden),ieInitialExpSpCode,,,
RFZ02BI30GF,1,,,,,,,Reinforcement General Information,,,ieSAPStatusCode,,,Y1
RFZ02BI30GF,1,,,,,,,Reinforcement General Information,,SAP Status,ddlSAPStatusDesc,,,Active (Non Development line-up)
RFZ02BI30GF,1,,,,,,,Reinforcement - Basic,2,Construction Code - Fabric,cbConCodeFabric,,,
RFZ02BI30GF,1,,,,,,,Reinforcement - Basic,2,Construction Code - Square Woven,cbConCodeSqWov,,,
RFZ02BI30GF,1,,,,,,,Reinforcement - Basic,2,Construction Code - Wire/Cable,cbConCodeWirCab,,,
RFZ02BI30GF,1,,,,,,,Reinforcement - Basic,2,Processing Code,cbFabricProcCode,,,
RFZ02BI30GF,1,,,,,,,Reinforcement - Basic,2,Cord Density Code,cbCordDensCode,,,
RFZ02BI30GF,1,,,,,,,Reinforcement - Basic,2,EPI,cbEPI,,,
RFZ02BI30GF,1,,,,,,,Reinforcement - Basic,2,Fill Cord (Type),ddlFillCord,,,
RFZ02BI30GF,1,,,,,,,Reinforcement - Basic,2,Linear Fill Cord Weight (DEN),efLinCorWt,,,
RFZ02BI30GF,1,,,,,,,Reinforcement - Basic,2,Picks per Meter,efPicksPerMeter,,,
RFZ02BI30GF,1,,,,,,,Reinforcement - Basic,2,SAP/SOS Description,efSAPSOSDesc,,,"NYLON 6,6 940/1 0X4.6S TPI 30EPI GF"
RFZ02BI30GF,1,,,,,,,Reinforcement - Basic,2,Update Spec Description (hidden),ieSAPSpecDesc,,,
RFZ02BI30GF,1,,,,,,,Reinforcement - Basic,2,Cable Bead Inside Diameter (mm),efCBInsideDia,,,
RFZ02BI30GF,1,,,,,,,Reinforcement - Basic,2,Cable Bead Comp. Weight (kg),efCBCompWeight,,,
RFZ02BI30GF,1,,,,,,,Reinforcement - Basic,2,Cable Bead Gauge (mm),efCBGauge,,,
RFZ02BI30GF,1,,,,,,,Reinforcement - Basic,2,Cable Bead Coating,ddlCBCoating,,,
RFU07L,1,,,,,,,Reinforcement General Information,,Material Class,ieMaterialClass,,,YARN
RFU07L,1,,,,,,,Reinforcement General Information,,Material Subclass,ieMaterialSubclass,,,NYLON 6
RFU07L,1,,,,,,,Reinforcement General Information,,Material Code,cbMaterialCode,,,RFU07L
RFU07L,1,,,,,,,Reinforcement General Information,,SAP Material Type,cbGBSMatType,,,FABR
RFU07L,1,,,,,,,Reinforcement General Information,,SAP Secondary Material Type,cbGBSMatSecType,,,FABR
RFU07L,1,,,,,,,Reinforcement General Information,,SAP Type of Component,cbGBSTypeComp,,,FABR
RFU07L,1,,,,,,,Reinforcement General Information,,Initial Exp Spec Code (hidden),ieInitialExpSpCode,,,
RFU07L,1,,,,,,,Reinforcement General Information,,,ieSAPStatusCode,,,Y1
RFU07L,1,,,,,,,Reinforcement General Information,,SAP Status,ddlSAPStatusDesc,,,Active (Non Development line-up)
RFU07L,1,,,,,,,Reinforcement - Basic,2,Construction Code - Fabric,cbConCodeFabric,,,
RFU07L,1,,,,,,,Reinforcement - Basic,2,Construction Code - Square Woven,cbConCodeSqWov,,,
RFU07L,1,,,,,,,Reinforcement - Basic,2,Construction Code - Wire/Cable,cbConCodeWirCab,,,
RFU07L,1,,,,,,,Reinforcement - Basic,2,Processing Code,cbFabricProcCode,,,
RFU07L,1,,,,,,,Reinforcement - Basic,2,Cord Density Code,cbCordDensCode,,,
RFU07L,1,,,,,,,Reinforcement - Basic,2,EPI,cbEPI,,,
RFU07L,1,,,,,,,Reinforcement - Basic,2,Fill Cord (Type),ddlFillCord,,,
RFU07L,1,,,,,,,Reinforcement - Basic,2,Linear Fill Cord Weight (DEN),efLinCorWt,,,
RFU07L,1,,,,,,,Reinforcement - Basic,2,Picks per Meter,efPicksPerMeter,,,
RFU07L,1,,,,,,,Reinforcement - Basic,2,SAP/SOS Description,efSAPSOSDesc,,,1400 Decitex NYLON 6
RFU07L,1,,,,,,,Reinforcement - Basic,2,Update Spec Description (hidden),ieSAPSpecDesc,,,
RFU07L,1,,,,,,,Reinforcement - Basic,2,Cable Bead Inside Diameter (mm),efCBInsideDia,,,
RFU07L,1,,,,,,,Reinforcement - Basic,2,Cable Bead Comp. Weight (kg),efCBCompWeight,,,
RFU07L,1,,,,,,,Reinforcement - Basic,2,Cable Bead Gauge (mm),efCBGauge,,,
RFU07L,1,,,,,,,Reinforcement - Basic,2,Cable Bead Coating,ddlCBCoating,,,
RFU07L,1,Supplier,JUNMA,ZHANGJIAGANG,,,U07L,Supplier/Agent Info,,Initial Exp Spec Code (hidden),ieInitialExpSpCode,,,
RFU07L,1,Supplier,JUNMA,ZHANGJIAGANG,,,U07L,Supplier/Agent Info,,Material Code,cbMaterialCode,,,RFU07L
RFU07L,1,Supplier,JUNMA,ZHANGJIAGANG,,,U07L,Supplier/Agent Info,,Material Description,ieMatDescSupplier,,,1400 Decitex NYLON 6
RFU07L,1,Supplier,JUNMA,ZHANGJIAGANG,,,U07L,Supplier/Agent Info,,Supplier,ieSupplier,,,JUNMA
RFU07L,1,Supplier,JUNMA,ZHANGJIAGANG,,,U07L,Supplier/Agent Info,,Agent,ieAgent,,,
RFU07L,1,Supplier,JUNMA,ZHANGJIAGANG,,,U07L,Supplier/Agent Info,,Supplier Plant,ieSupplierPlant,,,ZHANGJIAGANG
RFU07L,1,Supplier,JUNMA,ZHANGJIAGANG,,,U07L,Supplier/Agent Info,,Agent Plant,ieAgentPlant,,,
RFU07L,1,Supplier,JUNMA,ZHANGJIAGANG,,,U07L,Supplier/Agent Info,,Supplier Plant - City,ieSupplierPlantLocationCity,,,Zhangjiagang
RFU07L,1,Supplier,JUNMA,ZHANGJIAGANG,,,U07L,Supplier/Agent Info,,Agent Plant - City,ieAgentPlantLocationCity,,,
RFU07L,1,Supplier,JUNMA,ZHANGJIAGANG,,,U07L,Supplier/Agent Info,,Supplier Plant - State,ieSupplierPlantLocationState,,,Others
RFU07L,1,Supplier,JUNMA,ZHANGJIAGANG,,,U07L,Supplier/Agent Info,,Agent Plant - State,ieAgentPlantLocationState,,,
RFU07L,1,Supplier,JUNMA,ZHANGJIAGANG,,,U07L,Supplier/Agent Info,,Agent Plant - Country,ieAgentPlantLocationCountry,,,
RFU07L,1,Supplier,JUNMA,ZHANGJIAGANG,,,U07L,Supplier/Agent Info,,Supplier Plant - Country,ieSupplierPlantLocationCountry,,,China
RFU07L,1,Supplier,JUNMA,ZHANGJIAGANG,,,U07L,Supplier/Agent Info,,Plant Code,ieSISPlantCode,,,JNC
RFU07L,1,Supplier,JUNMA,ZHANGJIAGANG,,,U07L,Supplier/Agent Info,,Plant Code,ieAgentPlantCode,,,
RFU07L,1,Supplier,JUNMA,ZHANGJIAGANG,,,U07L,Supplier/Agent Info,,Supplier Trade Name,ieSupplierTradeName,,,U07L
RFU07L,1,Supplier,JUNMA,ZHANGJIAGANG,,,U07L,Supplier/Agent Info,,Agent to Break Bulk?,cbBreakBulk,,,0
RFU07L,1,Supplier,JUNMA,ZHANGJIAGANG,,,U07L,Supplier/Agent Info,,Supplier Contact Name,ieSupplierContactName,,,
RFU07L,1,Supplier,JUNMA,ZHANGJIAGANG,,,U07L,Supplier/Agent Info,,Agent Contact Name,ieAgentContactName,,,
RFU07L,1,Supplier,JUNMA,ZHANGJIAGANG,,,U07L,Supplier/Agent Info,,Supplier Contact Type,ddlSupType,,,
RFU07L,1,Supplier,JUNMA,ZHANGJIAGANG,,,U07L,Supplier/Agent Info,,Agent Contact Type,ddlAgentType,,,
RFU07L,1,Supplier,JUNMA,ZHANGJIAGANG,,,U07L,Supplier/Agent Info,,Supplier email,ieSupplierEmail,,,
RFU07L,1,Supplier,JUNMA,ZHANGJIAGANG,,,U07L,Supplier/Agent Info,,Agent email,ieAgentEmail,,,
RFU07L,1,Supplier,JUNMA,ZHANGJIAGANG,,,U07L,Supplier/Agent Info,,Supplier Phone,ieSupplierPhone,,,
RFU07L,1,Supplier,JUNMA,ZHANGJIAGANG,,,U07L,Supplier/Agent Info,,Agent Phone,ieAgentPhone,,,
RFQC32PF,1,,,,,,,Reinforcement General Information,,Material Class,ieMaterialClass,,,FABRIC
RFQC32PF,1,,,,,,,Reinforcement General Information,,Material Subclass,ieMaterialSubclass,,,POLYESTER - HMLS AA
RFQC32PF,1,,,,,,,Reinforcement General Information,,Material Code,cbMaterialCode,,,RFQC32PF
RFQC32PF,1,,,,,,,Reinforcement General Information,,SAP Material Type,cbGBSMatType,,,FABR
RFQC32PF,1,,,,,,,Reinforcement General Information,,SAP Secondary Material Type,cbGBSMatSecType,,,FABR
RFQC32PF,1,,,,,,,Reinforcement General Information,,SAP Type of Component,cbGBSTypeComp,,,FABR
RFQC32PF,1,,,,,,,Reinforcement General Information,,Initial Exp Spec Code (hidden),ieInitialExpSpCode,,,
RFQC32PF,1,,,,,,,Reinforcement General Information,,,ieSAPStatusCode,,,Y1
RFQC32PF,1,,,,,,,Reinforcement General Information,,SAP Status,ddlSAPStatusDesc,,,Active (Non Development line-up)
RFQC32PF,1,,,,,,,Reinforcement - Basic,2,Construction Code - Fabric,cbConCodeFabric,,,QC
RFQC32PF,1,,,,,,,Reinforcement - Basic,2,Construction Code - Square Woven,cbConCodeSqWov,,,
RFQC32PF,1,,,,,,,Reinforcement - Basic,2,Construction Code - Wire/Cable,cbConCodeWirCab,,,
RFQC32PF,1,,,,,,,Reinforcement - Basic,2,Processing Code,cbFabricProcCode,,,PF
RFQC32PF,1,,,,,,,Reinforcement - Basic,2,Cord Density Code,cbCordDensCode,,,32
RFQC32PF,1,,,,,,,Reinforcement - Basic,2,EPI,cbEPI,,,32.0
RFQC32PF,1,,,,,,,Reinforcement - Basic,2,Fill Cord (Type),ddlFillCord,,,Extensible
RFQC32PF,1,,,,,,,Reinforcement - Basic,2,Linear Fill Cord Weight (DEN),efLinCorWt,,,221
RFQC32PF,1,,,,,,,Reinforcement - Basic,2,Picks per Meter,efPicksPerMeter,,,50
RFQC32PF,1,,,,,,,Reinforcement - Basic,2,SAP/SOS Description,efSAPSOSDesc,,,"PET, HMLS AA, 1100/1/2, 12.0/12.0, 32.00 EPI, PF"
RFQC32PF,1,,,,,,,Reinforcement - Basic,2,Update Spec Description (hidden),ieSAPSpecDesc,,,
RFQC32PF,1,,,,,,,Reinforcement - Basic,2,Cable Bead Inside Diameter (mm),efCBInsideDia,,,
RFQC32PF,1,,,,,,,Reinforcement - Basic,2,Cable Bead Comp. Weight (kg),efCBCompWeight,,,
RFQC32PF,1,,,,,,,Reinforcement - Basic,2,Cable Bead Gauge (mm),efCBGauge,,,
RFQC32PF,1,,,,,,,Reinforcement - Basic,2,Cable Bead Coating,ddlCBCoating,,,
RFQC32PF,1,Supplier,KORDSA,IZMIT,,,Z05QC32PF,Supplier/Agent Info,,Initial Exp Spec Code (hidden),ieInitialExpSpCode,,,GTC3653PF
RFQC32PF,1,Supplier,KORDSA,IZMIT,,,Z05QC32PF,Supplier/Agent Info,,Material Code,cbMaterialCode,,,RFQC32PF
RFQC32PF,1,Supplier,KORDSA,IZMIT,,,Z05QC32PF,Supplier/Agent Info,,Material Description,ieMatDescSupplier,,,"PET, HMLS AA, 1100/1/2, 12.0/12.0, 32.00 EPI, PF"
RFQC32PF,1,Supplier,KORDSA,IZMIT,,,Z05QC32PF,Supplier/Agent Info,,Supplier,ieSupplier,,,KORDSA
RFQC32PF,1,Supplier,KORDSA,IZMIT,,,Z05QC32PF,Supplier/Agent Info,,Agent,ieAgent,,,
RFQC32PF,1,Supplier,KORDSA,IZMIT,,,Z05QC32PF,Supplier/Agent Info,,Supplier Plant,ieSupplierPlant,,,IZMIT
RFQC32PF,1,Supplier,KORDSA,IZMIT,,,Z05QC32PF,Supplier/Agent Info,,Agent Plant,ieAgentPlant,,,
RFQC32PF,1,Supplier,KORDSA,IZMIT,,,Z05QC32PF,Supplier/Agent Info,,Supplier Plant - City,ieSupplierPlantLocationCity,,,Izmit
RFQC32PF,1,Supplier,KORDSA,IZMIT,,,Z05QC32PF,Supplier/Agent Info,,Agent Plant - City,ieAgentPlantLocationCity,,,
RFQC32PF,1,Supplier,KORDSA,IZMIT,,,Z05QC32PF,Supplier/Agent Info,,Supplier Plant - State,ieSupplierPlantLocationState,,,Others
RFQC32PF,1,Supplier,KORDSA,IZMIT,,,Z05QC32PF,Supplier/Agent Info,,Agent Plant - State,ieAgentPlantLocationState,,,
RFQC32PF,1,Supplier,KORDSA,IZMIT,,,Z05QC32PF,Supplier/Agent Info,,Agent Plant - Country,ieAgentPlantLocationCountry,,,
RFQC32PF,1,Supplier,KORDSA,IZMIT,,,Z05QC32PF,Supplier/Agent Info,,Supplier Plant - Country,ieSupplierPlantLocationCountry,,,Turkey
RFQC32PF,1,Supplier,KORDSA,IZMIT,,,Z05QC32PF,Supplier/Agent Info,,Plant Code,ieSISPlantCode,,,BXD
RFQC32PF,1,Supplier,KORDSA,IZMIT,,,Z05QC32PF,Supplier/Agent Info,,Plant Code,ieAgentPlantCode,,,
RFQC32PF,1,Supplier,KORDSA,IZMIT,,,Z05QC32PF,Supplier/Agent Info,,Supplier Trade Name,ieSupplierTradeName,,,Z05QC32PF
RFQC32PF,1,Supplier,KORDSA,IZMIT,,,Z05QC32PF,Supplier/Agent Info,,Agent to Break Bulk?,cbBreakBulk,,,0
RFQC32PF,1,Supplier,KORDSA,IZMIT,,,Z05QC32PF,Supplier/Agent Info,,Supplier Contact Name,ieSupplierContactName,,,
RFQC32PF,1,Supplier,KORDSA,IZMIT,,,Z05QC32PF,Supplier/Agent Info,,Agent Contact Name,ieAgentContactName,,,
RFQC32PF,1,Supplier,KORDSA,IZMIT,,,Z05QC32PF,Supplier/Agent Info,,Supplier Contact Type,ddlSupType,,,
RFQC32PF,1,Supplier,KORDSA,IZMIT,,,Z05QC32PF,Supplier/Agent Info,,Agent Contact Type,ddlAgentType,,,
RFQC32PF,1,Supplier,KORDSA,IZMIT,,,Z05QC32PF,Supplier/Agent Info,,Supplier email,ieSupplierEmail,,,
RFQC32PF,1,Supplier,KORDSA,IZMIT,,,Z05QC32PF,Supplier/Agent Info,,Agent email,ieAgentEmail,,,
RFQC32PF,1,Supplier,KORDSA,IZMIT,,,Z05QC32PF,Supplier/Agent Info,,Supplier Phone,ieSupplierPhone,,,
RFQC32PF,1,Supplier,KORDSA,IZMIT,,,Z05QC32PF,Supplier/Agent Info,,Agent Phone,ieAgentPhone,,,
RFQC32PF,1,Supplier,HYOSUNG CORPORATION,LISA,,,QC32PF,Supplier/Agent Info,,Initial Exp Spec Code (hidden),ieInitialExpSpCode,,,
RFQC32PF,1,Supplier,HYOSUNG CORPORATION,LISA,,,QC32PF,Supplier/Agent Info,,Material Code,cbMaterialCode,,,RFQC32PF
RFQC32PF,1,Supplier,HYOSUNG CORPORATION,LISA,,,QC32PF,Supplier/Agent Info,,Material Description,ieMatDescSupplier,,,"PET, HMLS AA, 1100/1/2, 12.0/12.0, 32.00 EPI, PF"
RFQC32PF,1,Supplier,HYOSUNG CORPORATION,LISA,,,QC32PF,Supplier/Agent Info,,Supplier,ieSupplier,,,HYOSUNG CORPORATION
RFQC32PF,1,Supplier,HYOSUNG CORPORATION,LISA,,,QC32PF,Supplier/Agent Info,,Agent,ieAgent,,,
RFQC32PF,1,Supplier,HYOSUNG CORPORATION,LISA,,,QC32PF,Supplier/Agent Info,,Supplier Plant,ieSupplierPlant,,,LISA
RFQC32PF,1,Supplier,HYOSUNG CORPORATION,LISA,,,QC32PF,Supplier/Agent Info,,Agent Plant,ieAgentPlant,,,
RFQC32PF,1,Supplier,HYOSUNG CORPORATION,LISA,,,QC32PF,Supplier/Agent Info,,Supplier Plant - City,ieSupplierPlantLocationCity,,,LISA
RFQC32PF,1,Supplier,HYOSUNG CORPORATION,LISA,,,QC32PF,Supplier/Agent Info,,Agent Plant - City,ieAgentPlantLocationCity,,,
RFQC32PF,1,Supplier,HYOSUNG CORPORATION,LISA,,,QC32PF,Supplier/Agent Info,,Supplier Plant - State,ieSupplierPlantLocationState,,,Others
RFQC32PF,1,Supplier,HYOSUNG CORPORATION,LISA,,,QC32PF,Supplier/Agent Info,,Agent Plant - State,ieAgentPlantLocationState,,,
RFQC32PF,1,Supplier,HYOSUNG CORPORATION,LISA,,,QC32PF,Supplier/Agent Info,,Agent Plant - Country,ieAgentPlantLocationCountry,,,
RFQC32PF,1,Supplier,HYOSUNG CORPORATION,LISA,,,QC32PF,Supplier/Agent Info,,Supplier Plant - Country,ieSupplierPlantLocationCountry,,,Luxembourg
RFQC32PF,1,Supplier,HYOSUNG CORPORATION,LISA,,,QC32PF,Supplier/Agent Info,,Plant Code,ieSISPlantCode,,,AIG
RFQC32PF,1,Supplier,HYOSUNG CORPORATION,LISA,,,QC32PF,Supplier/Agent Info,,Plant Code,ieAgentPlantCode,,,
RFQC32PF,1,Supplier,HYOSUNG CORPORATION,LISA,,,QC32PF,Supplier/Agent Info,,Supplier Trade Name,ieSupplierTradeName,,,QC32PF
RFQC32PF,1,Supplier,HYOSUNG CORPORATION,LISA,,,QC32PF,Supplier/Agent Info,,Agent to Break Bulk?,cbBreakBulk,,,0
RFQC32PF,1,Supplier,HYOSUNG CORPORATION,LISA,,,QC32PF,Supplier/Agent Info,,Supplier Contact Name,ieSupplierContactName,,,
RFQC32PF,1,Supplier,HYOSUNG CORPORATION,LISA,,,QC32PF,Supplier/Agent Info,,Agent Contact Name,ieAgentContactName,,,
RFQC32PF,1,Supplier,HYOSUNG CORPORATION,LISA,,,QC32PF,Supplier/Agent Info,,Supplier Contact Type,ddlSupType,,,
RFQC32PF,1,Supplier,HYOSUNG CORPORATION,LISA,,,QC32PF,Supplier/Agent Info,,Agent Contact Type,ddlAgentType,,,
RFQC32PF,1,Supplier,HYOSUNG CORPORATION,LISA,,,QC32PF,Supplier/Agent Info,,Supplier email,ieSupplierEmail,,,
RFQC32PF,1,Supplier,HYOSUNG CORPORATION,LISA,,,QC32PF,Supplier/Agent Info,,Agent email,ieAgentEmail,,,
RFQC32PF,1,Supplier,HYOSUNG CORPORATION,LISA,,,QC32PF,Supplier/Agent Info,,Supplier Phone,ieSupplierPhone,,,
RFQC32PF,1,Supplier,HYOSUNG CORPORATION,LISA,,,QC32PF,Supplier/Agent Info,,Agent Phone,ieAgentPhone,,,
RFLC16SD,1,,,,,,,Reinforcement General Information,,Material Class,ieMaterialClass,,,FABRIC
RFLC16SD,1,,,,,,,Reinforcement General Information,,Material Subclass,ieMaterialSubclass,,,NYLON 6
RFLC16SD,1,,,,,,,Reinforcement General Information,,Material Code,cbMaterialCode,,,RFLC16SD
RFLC16SD,1,,,,,,,Reinforcement General Information,,SAP Material Type,cbGBSMatType,,,FABR
RFLC16SD,1,,,,,,,Reinforcement General Information,,SAP Secondary Material Type,cbGBSMatSecType,,,FABR
RFLC16SD,1,,,,,,,Reinforcement General Information,,SAP Type of Component,cbGBSTypeComp,,,FABR
RFLC16SD,1,,,,,,,Reinforcement General Information,,Initial Exp Spec Code (hidden),ieInitialExpSpCode,,,
RFLC16SD,1,,,,,,,Reinforcement General Information,,,ieSAPStatusCode,,,Y1
RFLC16SD,1,,,,,,,Reinforcement General Information,,SAP Status,ddlSAPStatusDesc,,,Active (Non Development line-up)
RFLC16SD,1,,,,,,,Reinforcement - Basic,2,Construction Code - Fabric,cbConCodeFabric,,,LC
RFLC16SD,1,,,,,,,Reinforcement - Basic,2,Construction Code - Square Woven,cbConCodeSqWov,,,
RFLC16SD,1,,,,,,,Reinforcement - Basic,2,Construction Code - Wire/Cable,cbConCodeWirCab,,,
RFLC16SD,1,,,,,,,Reinforcement - Basic,2,Processing Code,cbFabricProcCode,,,SD
RFLC16SD,1,,,,,,,Reinforcement - Basic,2,Cord Density Code,cbCordDensCode,,,16
RFLC16SD,1,,,,,,,Reinforcement - Basic,2,EPI,cbEPI,,,16.0
RFLC16SD,1,,,,,,,Reinforcement - Basic,2,Fill Cord (Type),ddlFillCord,,,Non Extensible
RFLC16SD,1,,,,,,,Reinforcement - Basic,2,Linear Fill Cord Weight (DEN),efLinCorWt,,,221
RFLC16SD,1,,,,,,,Reinforcement - Basic,2,Picks per Meter,efPicksPerMeter,,,79
RFLC16SD,1,,,,,,,Reinforcement - Basic,2,SAP/SOS Description,efSAPSOSDesc,,,"NYLON, N6, 940/1/2, 12.0/12.0, 16.00 EPI, SD"
RFLC16SD,1,,,,,,,Reinforcement - Basic,2,Update Spec Description (hidden),ieSAPSpecDesc,,,
RFLC16SD,1,,,,,,,Reinforcement - Basic,2,Cable Bead Inside Diameter (mm),efCBInsideDia,,,
RFLC16SD,1,,,,,,,Reinforcement - Basic,2,Cable Bead Comp. Weight (kg),efCBCompWeight,,,
RFLC16SD,1,,,,,,,Reinforcement - Basic,2,Cable Bead Gauge (mm),efCBGauge,,,
RFLC16SD,1,,,,,,,Reinforcement - Basic,2,Cable Bead Coating,ddlCBCoating,,,
RFLC16SD,1,Supplier,JUNMA,ZHANGJIAGANG,,,U08LC16SD,Supplier/Agent Info,,Initial Exp Spec Code (hidden),ieInitialExpSpCode,,,
RFLC16SD,1,Supplier,JUNMA,ZHANGJIAGANG,,,U08LC16SD,Supplier/Agent Info,,Material Code,cbMaterialCode,,,RFLC16SD
RFLC16SD,1,Supplier,JUNMA,ZHANGJIAGANG,,,U08LC16SD,Supplier/Agent Info,,Material Description,ieMatDescSupplier,,,"NYLON, N6, 940/1/2, 12.0/12.0, 16.00 EPI, SD"
RFLC16SD,1,Supplier,JUNMA,ZHANGJIAGANG,,,U08LC16SD,Supplier/Agent Info,,Supplier,ieSupplier,,,JUNMA
RFLC16SD,1,Supplier,JUNMA,ZHANGJIAGANG,,,U08LC16SD,Supplier/Agent Info,,Agent,ieAgent,,,
RFLC16SD,1,Supplier,JUNMA,ZHANGJIAGANG,,,U08LC16SD,Supplier/Agent Info,,Supplier Plant,ieSupplierPlant,,,ZHANGJIAGANG
RFLC16SD,1,Supplier,JUNMA,ZHANGJIAGANG,,,U08LC16SD,Supplier/Agent Info,,Agent Plant,ieAgentPlant,,,
RFLC16SD,1,Supplier,JUNMA,ZHANGJIAGANG,,,U08LC16SD,Supplier/Agent Info,,Supplier Plant - City,ieSupplierPlantLocationCity,,,Zhangjiagang
RFLC16SD,1,Supplier,JUNMA,ZHANGJIAGANG,,,U08LC16SD,Supplier/Agent Info,,Agent Plant - City,ieAgentPlantLocationCity,,,
RFLC16SD,1,Supplier,JUNMA,ZHANGJIAGANG,,,U08LC16SD,Supplier/Agent Info,,Supplier Plant - State,ieSupplierPlantLocationState,,,Others
RFLC16SD,1,Supplier,JUNMA,ZHANGJIAGANG,,,U08LC16SD,Supplier/Agent Info,,Agent Plant - State,ieAgentPlantLocationState,,,
RFLC16SD,1,Supplier,JUNMA,ZHANGJIAGANG,,,U08LC16SD,Supplier/Agent Info,,Agent Plant - Country,ieAgentPlantLocationCountry,,,
RFLC16SD,1,Supplier,JUNMA,ZHANGJIAGANG,,,U08LC16SD,Supplier/Agent Info,,Supplier Plant - Country,ieSupplierPlantLocationCountry,,,China
RFLC16SD,1,Supplier,JUNMA,ZHANGJIAGANG,,,U08LC16SD,Supplier/Agent Info,,Plant Code,ieSISPlantCode,,,JNC
RFLC16SD,1,Supplier,JUNMA,ZHANGJIAGANG,,,U08LC16SD,Supplier/Agent Info,,Plant Code,ieAgentPlantCode,,,
RFLC16SD,1,Supplier,JUNMA,ZHANGJIAGANG,,,U08LC16SD,Supplier/Agent Info,,Supplier Trade Name,ieSupplierTradeName,,,U08LC16SD
RFLC16SD,1,Supplier,JUNMA,ZHANGJIAGANG,,,U08LC16SD,Supplier/Agent Info,,Agent to Break Bulk?,cbBreakBulk,,,0
RFLC16SD,1,Supplier,JUNMA,ZHANGJIAGANG,,,U08LC16SD,Supplier/Agent Info,,Supplier Contact Name,ieSupplierContactName,,,
RFLC16SD,1,Supplier,JUNMA,ZHANGJIAGANG,,,U08LC16SD,Supplier/Agent Info,,Agent Contact Name,ieAgentContactName,,,
RFLC16SD,1,Supplier,JUNMA,ZHANGJIAGANG,,,U08LC16SD,Supplier/Agent Info,,Supplier Contact Type,ddlSupType,,,
RFLC16SD,1,Supplier,JUNMA,ZHANGJIAGANG,,,U08LC16SD,Supplier/Agent Info,,Agent Contact Type,ddlAgentType,,,
RFLC16SD,1,Supplier,JUNMA,ZHANGJIAGANG,,,U08LC16SD,Supplier/Agent Info,,Supplier email,ieSupplierEmail,,,
RFLC16SD,1,Supplier,JUNMA,ZHANGJIAGANG,,,U08LC16SD,Supplier/Agent Info,,Agent email,ieAgentEmail,,,
RFLC16SD,1,Supplier,JUNMA,ZHANGJIAGANG,,,U08LC16SD,Supplier/Agent Info,,Supplier Phone,ieSupplierPhone,,,
RFLC16SD,1,Supplier,JUNMA,ZHANGJIAGANG,,,U08LC16SD,Supplier/Agent Info,,Agent Phone,ieAgentPhone,,,
RFS03N,1,,,,,,,Reinforcement General Information,,Material Class,ieMaterialClass,,,YARN
RFS03N,1,,,,,,,Reinforcement General Information,,Material Subclass,ieMaterialSubclass,,,"NYLON 6,6"
RFS03N,1,,,,,,,Reinforcement General Information,,Material Code,cbMaterialCode,,,RFS03N
RFS03N,1,,,,,,,Reinforcement General Information,,SAP Material Type,cbGBSMatType,,,
RFS03N,1,,,,,,,Reinforcement General Information,,SAP Secondary Material Type,cbGBSMatSecType,,,
RFS03N,1,,,,,,,Reinforcement General Information,,SAP Type of Component,cbGBSTypeComp,,,
RFS03N,1,,,,,,,Reinforcement General Information,,Initial Exp Spec Code (hidden),ieInitialExpSpCode,,,
RFS03N,1,,,,,,,Reinforcement General Information,,,ieSAPStatusCode,,,Y1
RFS03N,1,,,,,,,Reinforcement General Information,,SAP Status,ddlSAPStatusDesc,,,Active (Non Development line-up)
RFS03N,1,,,,,,,Reinforcement - Basic,2,Construction Code - Fabric,cbConCodeFabric,,,
RFS03N,1,,,,,,,Reinforcement - Basic,2,Construction Code - Square Woven,cbConCodeSqWov,,,
RFS03N,1,,,,,,,Reinforcement - Basic,2,Construction Code - Wire/Cable,cbConCodeWirCab,,,
RFS03N,1,,,,,,,Reinforcement - Basic,2,Processing Code,cbFabricProcCode,,,
RFS03N,1,,,,,,,Reinforcement - Basic,2,Cord Density Code,cbCordDensCode,,,
RFS03N,1,,,,,,,Reinforcement - Basic,2,EPI,cbEPI,,,
RFS03N,1,,,,,,,Reinforcement - Basic,2,Fill Cord (Type),ddlFillCord,,,
RFS03N,1,,,,,,,Reinforcement - Basic,2,Linear Fill Cord Weight (DEN),efLinCorWt,,,
RFS03N,1,,,,,,,Reinforcement - Basic,2,Picks per Meter,efPicksPerMeter,,,
RFS03N,1,,,,,,,Reinforcement - Basic,2,SAP/SOS Description,efSAPSOSDesc,,,"2100 DECITEX NYLON 6,6"
RFS03N,1,,,,,,,Reinforcement - Basic,2,Update Spec Description (hidden),ieSAPSpecDesc,,,
RFS03N,1,,,,,,,Reinforcement - Basic,2,Cable Bead Inside Diameter (mm),efCBInsideDia,,,
RFS03N,1,,,,,,,Reinforcement - Basic,2,Cable Bead Comp. Weight (kg),efCBCompWeight,,,
RFS03N,1,,,,,,,Reinforcement - Basic,2,Cable Bead Gauge (mm),efCBGauge,,,
RFS03N,1,,,,,,,Reinforcement - Basic,2,Cable Bead Coating,ddlCBCoating,,,
RFS03N,1,Supplier,HYOSUNG CORPORATION,DONG NAI,,,HND-20,Supplier/Agent Info,,Initial Exp Spec Code (hidden),ieInitialExpSpCode,,,Y00041
RFS03N,1,Supplier,HYOSUNG CORPORATION,DONG NAI,,,HND-20,Supplier/Agent Info,,Material Code,cbMaterialCode,,,RFS03N
RFS03N,1,Supplier,HYOSUNG CORPORATION,DONG NAI,,,HND-20,Supplier/Agent Info,,Material Description,ieMatDescSupplier,,,"2100 DECITEX NYLON 6,6"
RFS03N,1,Supplier,HYOSUNG CORPORATION,DONG NAI,,,HND-20,Supplier/Agent Info,,Supplier,ieSupplier,,,HYOSUNG CORPORATION
RFS03N,1,Supplier,HYOSUNG CORPORATION,DONG NAI,,,HND-20,Supplier/Agent Info,,Agent,ieAgent,,,
RFS03N,1,Supplier,HYOSUNG CORPORATION,DONG NAI,,,HND-20,Supplier/Agent Info,,Supplier Plant,ieSupplierPlant,,,DONG NAI
RFS03N,1,Supplier,HYOSUNG CORPORATION,DONG NAI,,,HND-20,Supplier/Agent Info,,Agent Plant,ieAgentPlant,,,
RFS03N,1,Supplier,HYOSUNG CORPORATION,DONG NAI,,,HND-20,Supplier/Agent Info,,Supplier Plant - City,ieSupplierPlantLocationCity,,,Dong Nai
RFS03N,1,Supplier,HYOSUNG CORPORATION,DONG NAI,,,HND-20,Supplier/Agent Info,,Agent Plant - City,ieAgentPlantLocationCity,,,
RFS03N,1,Supplier,HYOSUNG CORPORATION,DONG NAI,,,HND-20,Supplier/Agent Info,,Supplier Plant - State,ieSupplierPlantLocationState,,,Others
RFS03N,1,Supplier,HYOSUNG CORPORATION,DONG NAI,,,HND-20,Supplier/Agent Info,,Agent Plant - State,ieAgentPlantLocationState,,,
RFS03N,1,Supplier,HYOSUNG CORPORATION,DONG NAI,,,HND-20,Supplier/Agent Info,,Agent Plant - Country,ieAgentPlantLocationCountry,,,
RFS03N,1,Supplier,HYOSUNG CORPORATION,DONG NAI,,,HND-20,Supplier/Agent Info,,Supplier Plant - Country,ieSupplierPlantLocationCountry,,,Vietnam
RFS03N,1,Supplier,HYOSUNG CORPORATION,DONG NAI,,,HND-20,Supplier/Agent Info,,Plant Code,ieSISPlantCode,,,JPK
RFS03N,1,Supplier,HYOSUNG CORPORATION,DONG NAI,,,HND-20,Supplier/Agent Info,,Plant Code,ieAgentPlantCode,,,
RFS03N,1,Supplier,HYOSUNG CORPORATION,DONG NAI,,,HND-20,Supplier/Agent Info,,Supplier Trade Name,ieSupplierTradeName,,,HND-20
RFS03N,1,Supplier,HYOSUNG CORPORATION,DONG NAI,,,HND-20,Supplier/Agent Info,,Agent to Break Bulk?,cbBreakBulk,,,0
RFS03N,1,Supplier,HYOSUNG CORPORATION,DONG NAI,,,HND-20,Supplier/Agent Info,,Supplier Contact Name,ieSupplierContactName,,,
RFS03N,1,Supplier,HYOSUNG CORPORATION,DONG NAI,,,HND-20,Supplier/Agent Info,,Agent Contact Name,ieAgentContactName,,,
RFS03N,1,Supplier,HYOSUNG CORPORATION,DONG NAI,,,HND-20,Supplier/Agent Info,,Supplier Contact Type,ddlSupType,,,
RFS03N,1,Supplier,HYOSUNG CORPORATION,DONG NAI,,,HND-20,Supplier/Agent Info,,Agent Contact Type,ddlAgentType,,,
RFS03N,1,Supplier,HYOSUNG CORPORATION,DONG NAI,,,HND-20,Supplier/Agent Info,,Supplier email,ieSupplierEmail,,,
RFS03N,1,Supplier,HYOSUNG CORPORATION,DONG NAI,,,HND-20,Supplier/Agent Info,,Agent email,ieAgentEmail,,,
RFS03N,1,Supplier,HYOSUNG CORPORATION,DONG NAI,,,HND-20,Supplier/Agent Info,,Supplier Phone,ieSupplierPhone,,,
RFS03N,1,Supplier,HYOSUNG CORPORATION,DONG NAI,,,HND-20,Supplier/Agent Info,,Agent Phone,ieAgentPhone,,,
RFM14LP19JA,1,,,,,,,Reinforcement General Information,,Material Class,ieMaterialClass,,,FABRIC
RFM14LP19JA,1,,,,,,,Reinforcement General Information,,Material Subclass,ieMaterialSubclass,,,NYLON 6
RFM14LP19JA,1,,,,,,,Reinforcement General Information,,Material Code,cbMaterialCode,,,RFM14LP19JA
RFM14LP19JA,1,,,,,,,Reinforcement General Information,,SAP Material Type,cbGBSMatType,,,FABR
RFM14LP19JA,1,,,,,,,Reinforcement General Information,,SAP Secondary Material Type,cbGBSMatSecType,,,FABR
RFM14LP19JA,1,,,,,,,Reinforcement General Information,,SAP Type of Component,cbGBSTypeComp,,,FABR
RFM14LP19JA,1,,,,,,,Reinforcement General Information,,Initial Exp Spec Code (hidden),ieInitialExpSpCode,,,
RFM14LP19JA,1,,,,,,,Reinforcement General Information,,,ieSAPStatusCode,,,Y1
RFM14LP19JA,1,,,,,,,Reinforcement General Information,,SAP Status,ddlSAPStatusDesc,,,Active (Non Development line-up)
RFM14LP19JA,1,,,,,,,Reinforcement - Basic,2,Construction Code - Fabric,cbConCodeFabric,,,
RFM14LP19JA,1,,,,,,,Reinforcement - Basic,2,Construction Code - Square Woven,cbConCodeSqWov,,,
RFM14LP19JA,1,,,,,,,Reinforcement - Basic,2,Construction Code - Wire/Cable,cbConCodeWirCab,,,
RFM14LP19JA,1,,,,,,,Reinforcement - Basic,2,Processing Code,cbFabricProcCode,,,
RFM14LP19JA,1,,,,,,,Reinforcement - Basic,2,Cord Density Code,cbCordDensCode,,,
RFM14LP19JA,1,,,,,,,Reinforcement - Basic,2,EPI,cbEPI,,,
RFM14LP19JA,1,,,,,,,Reinforcement - Basic,2,Fill Cord (Type),ddlFillCord,,,
RFM14LP19JA,1,,,,,,,Reinforcement - Basic,2,Linear Fill Cord Weight (DEN),efLinCorWt,,,
RFM14LP19JA,1,,,,,,,Reinforcement - Basic,2,Picks per Meter,efPicksPerMeter,,,
RFM14LP19JA,1,,,,,,,Reinforcement - Basic,2,SAP/SOS Description,efSAPSOSDesc,,,NYLON 6 2100/1/2 8 X 8 TPI 19EPI JA
RFM14LP19JA,1,,,,,,,Reinforcement - Basic,2,Update Spec Description (hidden),ieSAPSpecDesc,,,
RFM14LP19JA,1,,,,,,,Reinforcement - Basic,2,Cable Bead Inside Diameter (mm),efCBInsideDia,,,
RFM14LP19JA,1,,,,,,,Reinforcement - Basic,2,Cable Bead Comp. Weight (kg),efCBCompWeight,,,
RFM14LP19JA,1,,,,,,,Reinforcement - Basic,2,Cable Bead Gauge (mm),efCBGauge,,,
RFM14LP19JA,1,,,,,,,Reinforcement - Basic,2,Cable Bead Coating,ddlCBCoating,,,
RFM14LP19JA,1,Supplier,DURAFIBER,QUERETARO,,,LP19JA,Supplier/Agent Info,,Initial Exp Spec Code (hidden),ieInitialExpSpCode,,,L00031
RFM14LP19JA,1,Supplier,DURAFIBER,QUERETARO,,,LP19JA,Supplier/Agent Info,,Material Code,cbMaterialCode,,,RFM14LP19JA
RFM14LP19JA,1,Supplier,DURAFIBER,QUERETARO,,,LP19JA,Supplier/Agent Info,,Material Description,ieMatDescSupplier,,,NYLON 6 2100/1/2 8 X 8 TPI 19EPI JA
RFM14LP19JA,1,Supplier,DURAFIBER,QUERETARO,,,LP19JA,Supplier/Agent Info,,Supplier,ieSupplier,,,DURAFIBER
RFM14LP19JA,1,Supplier,DURAFIBER,QUERETARO,,,LP19JA,Supplier/Agent Info,,Agent,ieAgent,,,
RFM14LP19JA,1,Supplier,DURAFIBER,QUERETARO,,,LP19JA,Supplier/Agent Info,,Supplier Plant,ieSupplierPlant,,,QUERETARO
RFM14LP19JA,1,Supplier,DURAFIBER,QUERETARO,,,LP19JA,Supplier/Agent Info,,Agent Plant,ieAgentPlant,,,
RFM14LP19JA,1,Supplier,DURAFIBER,QUERETARO,,,LP19JA,Supplier/Agent Info,,Supplier Plant - City,ieSupplierPlantLocationCity,,,QUERETARO
RFM14LP19JA,1,Supplier,DURAFIBER,QUERETARO,,,LP19JA,Supplier/Agent Info,,Agent Plant - City,ieAgentPlantLocationCity,,,
RFM14LP19JA,1,Supplier,DURAFIBER,QUERETARO,,,LP19JA,Supplier/Agent Info,,Supplier Plant - State,ieSupplierPlantLocationState,,,Others
RFM14LP19JA,1,Supplier,DURAFIBER,QUERETARO,,,LP19JA,Supplier/Agent Info,,Agent Plant - State,ieAgentPlantLocationState,,,
RFM14LP19JA,1,Supplier,DURAFIBER,QUERETARO,,,LP19JA,Supplier/Agent Info,,Agent Plant - Country,ieAgentPlantLocationCountry,,,
RFM14LP19JA,1,Supplier,DURAFIBER,QUERETARO,,,LP19JA,Supplier/Agent Info,,Supplier Plant - Country,ieSupplierPlantLocationCountry,,,Mexico
RFM14LP19JA,1,Supplier,DURAFIBER,QUERETARO,,,LP19JA,Supplier/Agent Info,,Plant Code,ieSISPlantCode,,,BBJ
RFM14LP19JA,1,Supplier,DURAFIBER,QUERETARO,,,LP19JA,Supplier/Agent Info,,Plant Code,ieAgentPlantCode,,,
RFM14LP19JA,1,Supplier,DURAFIBER,QUERETARO,,,LP19JA,Supplier/Agent Info,,Supplier Trade Name,ieSupplierTradeName,,,LP19JA
RFM14LP19JA,1,Supplier,DURAFIBER,QUERETARO,,,LP19JA,Supplier/Agent Info,,Agent to Break Bulk?,cbBreakBulk,,,0
RFM14LP19JA,1,Supplier,DURAFIBER,QUERETARO,,,LP19JA,Supplier/Agent Info,,Supplier Contact Name,ieSupplierContactName,,,
RFM14LP19JA,1,Supplier,DURAFIBER,QUERETARO,,,LP19JA,Supplier/Agent Info,,Agent Contact Name,ieAgentContactName,,,
RFM14LP19JA,1,Supplier,DURAFIBER,QUERETARO,,,LP19JA,Supplier/Agent Info,,Supplier Contact Type,ddlSupType,,,
RFM14LP19JA,1,Supplier,DURAFIBER,QUERETARO,,,LP19JA,Supplier/Agent Info,,Agent Contact Type,ddlAgentType,,,
RFM14LP19JA,1,Supplier,DURAFIBER,QUERETARO,,,LP19JA,Supplier/Agent Info,,Supplier email,ieSupplierEmail,,,
RFM14LP19JA,1,Supplier,DURAFIBER,QUERETARO,,,LP19JA,Supplier/Agent Info,,Agent email,ieAgentEmail,,,
RFM14LP19JA,1,Supplier,DURAFIBER,QUERETARO,,,LP19JA,Supplier/Agent Info,,Supplier Phone,ieSupplierPhone,,,
RFM14LP19JA,1,Supplier,DURAFIBER,QUERETARO,,,LP19JA,Supplier/Agent Info,,Agent Phone,ieAgentPhone,,,
RFTQ26HF,1,,,,,,,Reinforcement General Information,,Material Class,ieMaterialClass,,,FABRIC
RFTQ26HF,1,,,,,,,Reinforcement General Information,,Material Subclass,ieMaterialSubclass,,,POLYESTER - HMLS
RFTQ26HF,1,,,,,,,Reinforcement General Information,,Material Code,cbMaterialCode,,,RFTQ26HF
RFTQ26HF,1,,,,,,,Reinforcement General Information,,SAP Material Type,cbGBSMatType,,,FABR
RFTQ26HF,1,,,,,,,Reinforcement General Information,,SAP Secondary Material Type,cbGBSMatSecType,,,FABR
RFTQ26HF,1,,,,,,,Reinforcement General Information,,SAP Type of Component,cbGBSTypeComp,,,FABR
RFTQ26HF,1,,,,,,,Reinforcement General Information,,Initial Exp Spec Code (hidden),ieInitialExpSpCode,,,
RFTQ26HF,1,,,,,,,Reinforcement General Information,,,ieSAPStatusCode,,,Y1
RFTQ26HF,1,,,,,,,Reinforcement General Information,,SAP Status,ddlSAPStatusDesc,,,Active (Non Development line-up)
RFTQ26HF,1,,,,,,,Reinforcement - Basic,2,Construction Code - Fabric,cbConCodeFabric,,,TQ
RFTQ26HF,1,,,,,,,Reinforcement - Basic,2,Construction Code - Square Woven,cbConCodeSqWov,,,
RFTQ26HF,1,,,,,,,Reinforcement - Basic,2,Construction Code - Wire/Cable,cbConCodeWirCab,,,
RFTQ26HF,1,,,,,,,Reinforcement - Basic,2,Processing Code,cbFabricProcCode,,,HF
RFTQ26HF,1,,,,,,,Reinforcement - Basic,2,Cord Density Code,cbCordDensCode,,,26
RFTQ26HF,1,,,,,,,Reinforcement - Basic,2,EPI,cbEPI,,,26.0
RFTQ26HF,1,,,,,,,Reinforcement - Basic,2,Fill Cord (Type),ddlFillCord,,,Extensible
RFTQ26HF,1,,,,,,,Reinforcement - Basic,2,Linear Fill Cord Weight (DEN),efLinCorWt,,,221
RFTQ26HF,1,,,,,,,Reinforcement - Basic,2,Picks per Meter,efPicksPerMeter,,,59
RFTQ26HF,1,,,,,,,Reinforcement - Basic,2,SAP/SOS Description,efSAPSOSDesc,,,"PET, HMLS NAA, 1440/1/3, 8.5/8.5, 26.00 EPI, HF"
RFTQ26HF,1,,,,,,,Reinforcement - Basic,2,Update Spec Description (hidden),ieSAPSpecDesc,,,
RFTQ26HF,1,,,,,,,Reinforcement - Basic,2,Cable Bead Inside Diameter (mm),efCBInsideDia,,,
RFTQ26HF,1,,,,,,,Reinforcement - Basic,2,Cable Bead Comp. Weight (kg),efCBCompWeight,,,
RFTQ26HF,1,,,,,,,Reinforcement - Basic,2,Cable Bead Gauge (mm),efCBGauge,,,
RFTQ26HF,1,,,,,,,Reinforcement - Basic,2,Cable Bead Coating,ddlCBCoating,,,
RFTQ26HF,1,Supplier,HYOSUNG CORPORATION,DECATUR,,,TQ26HF,Supplier/Agent Info,,Initial Exp Spec Code (hidden),ieInitialExpSpCode,,,V00051
RFTQ26HF,1,Supplier,HYOSUNG CORPORATION,DECATUR,,,TQ26HF,Supplier/Agent Info,,Material Code,cbMaterialCode,,,RFTQ26HF
RFTQ26HF,1,Supplier,HYOSUNG CORPORATION,DECATUR,,,TQ26HF,Supplier/Agent Info,,Material Description,ieMatDescSupplier,,,"PET, HMLS NAA, 1440/1/3, 8.5/8.5, 26.00 EPI, HF"
RFTQ26HF,1,Supplier,HYOSUNG CORPORATION,DECATUR,,,TQ26HF,Supplier/Agent Info,,Supplier,ieSupplier,,,HYOSUNG CORPORATION
RFTQ26HF,1,Supplier,HYOSUNG CORPORATION,DECATUR,,,TQ26HF,Supplier/Agent Info,,Agent,ieAgent,,,
RFTQ26HF,1,Supplier,HYOSUNG CORPORATION,DECATUR,,,TQ26HF,Supplier/Agent Info,,Supplier Plant,ieSupplierPlant,,,DECATUR
RFTQ26HF,1,Supplier,HYOSUNG CORPORATION,DECATUR,,,TQ26HF,Supplier/Agent Info,,Agent Plant,ieAgentPlant,,,
RFTQ26HF,1,Supplier,HYOSUNG CORPORATION,DECATUR,,,TQ26HF,Supplier/Agent Info,,Supplier Plant - City,ieSupplierPlantLocationCity,,,Decatur
RFTQ26HF,1,Supplier,HYOSUNG CORPORATION,DECATUR,,,TQ26HF,Supplier/Agent Info,,Agent Plant - City,ieAgentPlantLocationCity,,,
RFTQ26HF,1,Supplier,HYOSUNG CORPORATION,DECATUR,,,TQ26HF,Supplier/Agent Info,,Supplier Plant - State,ieSupplierPlantLocationState,,,AL
RFTQ26HF,1,Supplier,HYOSUNG CORPORATION,DECATUR,,,TQ26HF,Supplier/Agent Info,,Agent Plant - State,ieAgentPlantLocationState,,,
RFTQ26HF,1,Supplier,HYOSUNG CORPORATION,DECATUR,,,TQ26HF,Supplier/Agent Info,,Agent Plant - Country,ieAgentPlantLocationCountry,,,
RFTQ26HF,1,Supplier,HYOSUNG CORPORATION,DECATUR,,,TQ26HF,Supplier/Agent Info,,Supplier Plant - Country,ieSupplierPlantLocationCountry,,,USA
RFTQ26HF,1,Supplier,HYOSUNG CORPORATION,DECATUR,,,TQ26HF,Supplier/Agent Info,,Plant Code,ieSISPlantCode,,,AIT
RFTQ26HF,1,Supplier,HYOSUNG CORPORATION,DECATUR,,,TQ26HF,Supplier/Agent Info,,Plant Code,ieAgentPlantCode,,,
RFTQ26HF,1,Supplier,HYOSUNG CORPORATION,DECATUR,,,TQ26HF,Supplier/Agent Info,,Supplier Trade Name,ieSupplierTradeName,,,TQ26HF
RFTQ26HF,1,Supplier,HYOSUNG CORPORATION,DECATUR,,,TQ26HF,Supplier/Agent Info,,Agent to Break Bulk?,cbBreakBulk,,,0
RFTQ26HF,1,Supplier,HYOSUNG CORPORATION,DECATUR,,,TQ26HF,Supplier/Agent Info,,Supplier Contact Name,ieSupplierContactName,,,
RFTQ26HF,1,Supplier,HYOSUNG CORPORATION,DECATUR,,,TQ26HF,Supplier/Agent Info,,Agent Contact Name,ieAgentContactName,,,
RFTQ26HF,1,Supplier,HYOSUNG CORPORATION,DECATUR,,,TQ26HF,Supplier/Agent Info,,Supplier Contact Type,ddlSupType,,,
RFTQ26HF,1,Supplier,HYOSUNG CORPORATION,DECATUR,,,TQ26HF,Supplier/Agent Info,,Agent Contact Type,ddlAgentType,,,
RFTQ26HF,1,Supplier,HYOSUNG CORPORATION,DECATUR,,,TQ26HF,Supplier/Agent Info,,Supplier email,ieSupplierEmail,,,
RFTQ26HF,1,Supplier,HYOSUNG CORPORATION,DECATUR,,,TQ26HF,Supplier/Agent Info,,Agent email,ieAgentEmail,,,
RFTQ26HF,1,Supplier,HYOSUNG CORPORATION,DECATUR,,,TQ26HF,Supplier/Agent Info,,Supplier Phone,ieSupplierPhone,,,
RFTQ26HF,1,Supplier,HYOSUNG CORPORATION,DECATUR,,,TQ26HF,Supplier/Agent Info,,Agent Phone,ieAgentPhone,,,
RFJOAX_FDC,7,,,,,,,Reinforcement General Information,,Material Class,ieMaterialClass,,,FABRIC Dip Chemicals
RFJOAX_FDC,7,,,,,,,Reinforcement General Information,,Material Subclass,ieMaterialSubclass,,,Caustic Soda
RFJOAX_FDC,7,,,,,,,Reinforcement General Information,,Material Code,cbMaterialCode,,,RFJOAX_FDC
RFJOAX_FDC,7,,,,,,,Reinforcement General Information,,SAP Material Type,cbGBSMatType,,,FABR
RFJOAX_FDC,7,,,,,,,Reinforcement General Information,,SAP Secondary Material Type,cbGBSMatSecType,,,FABR
RFJOAX_FDC,7,,,,,,,Reinforcement General Information,,SAP Type of Component,cbGBSTypeComp,,,LATEX
RFJOAX_FDC,7,,,,,,,Reinforcement General Information,,Initial Exp Spec Code (hidden),ieInitialExpSpCode,,,
RFJOAX_FDC,7,,,,,,,Reinforcement General Information,,,ieSAPStatusCode,,,Y1
RFJOAX_FDC,7,,,,,,,Reinforcement General Information,,SAP Status,ddlSAPStatusDesc,,,Active (Non Development line-up)
RFJOAX_FDC,7,,,,,,,Reinforcement - Basic,2,Construction Code - Fabric,cbConCodeFabric,,,
RFJOAX_FDC,7,,,,,,,Reinforcement - Basic,2,Construction Code - Square Woven,cbConCodeSqWov,,,
RFJOAX_FDC,7,,,,,,,Reinforcement - Basic,2,Construction Code - Wire/Cable,cbConCodeWirCab,,,
RFJOAX_FDC,7,,,,,,,Reinforcement - Basic,2,Processing Code,cbFabricProcCode,,,
RFJOAX_FDC,7,,,,,,,Reinforcement - Basic,2,Cord Density Code,cbCordDensCode,,,
RFJOAX_FDC,7,,,,,,,Reinforcement - Basic,2,EPI,cbEPI,,,
RFJOAX_FDC,7,,,,,,,Reinforcement - Basic,2,Fill Cord (Type),ddlFillCord,,,
RFJOAX_FDC,7,,,,,,,Reinforcement - Basic,2,Linear Fill Cord Weight (DEN),efLinCorWt,,,
RFJOAX_FDC,7,,,,,,,Reinforcement - Basic,2,Picks per Meter,efPicksPerMeter,,,
RFJOAX_FDC,7,,,,,,,Reinforcement - Basic,2,SAP/SOS Description,efSAPSOSDesc,,,FLAKE CAUSTIC SODA
RFJOAX_FDC,7,,,,,,,Reinforcement - Basic,2,Update Spec Description (hidden),ieSAPSpecDesc,,,
RFJOAX_FDC,7,,,,,,,Reinforcement - Basic,2,Cable Bead Inside Diameter (mm),efCBInsideDia,,,
RFJOAX_FDC,7,,,,,,,Reinforcement - Basic,2,Cable Bead Comp. Weight (kg),efCBCompWeight,,,
RFJOAX_FDC,7,,,,,,,Reinforcement - Basic,2,Cable Bead Gauge (mm),efCBGauge,,,
RFJOAX_FDC,7,,,,,,,Reinforcement - Basic,2,Cable Bead Coating,ddlCBCoating,,,
RFJOAX_FDC,7,Supplier,PPG INDUSTRIES,TOLL-ORIENTAL SILICA,,,UNSPECIFIED,Supplier/Agent Info,,Initial Exp Spec Code (hidden),ieInitialExpSpCode,,,
RFJOAX_FDC,7,Supplier,PPG INDUSTRIES,TOLL-ORIENTAL SILICA,,,UNSPECIFIED,Supplier/Agent Info,,Material Code,cbMaterialCode,,,RFJOAX_FDC
RFJOAX_FDC,7,Supplier,PPG INDUSTRIES,TOLL-ORIENTAL SILICA,,,UNSPECIFIED,Supplier/Agent Info,,Material Description,ieMatDescSupplier,,,FLAKE CAUSTIC SODA
RFJOAX_FDC,7,Supplier,PPG INDUSTRIES,TOLL-ORIENTAL SILICA,,,UNSPECIFIED,Supplier/Agent Info,,Supplier,ieSupplier,,,PPG INDUSTRIES
RFJOAX_FDC,7,Supplier,PPG INDUSTRIES,TOLL-ORIENTAL SILICA,,,UNSPECIFIED,Supplier/Agent Info,,Agent,ieAgent,,,
RFJOAX_FDC,7,Supplier,PPG INDUSTRIES,TOLL-ORIENTAL SILICA,,,UNSPECIFIED,Supplier/Agent Info,,Supplier Plant,ieSupplierPlant,,,TOLL-ORIENTAL SILICA
RFJOAX_FDC,7,Supplier,PPG INDUSTRIES,TOLL-ORIENTAL SILICA,,,UNSPECIFIED,Supplier/Agent Info,,Agent Plant,ieAgentPlant,,,
RFJOAX_FDC,7,Supplier,PPG INDUSTRIES,TOLL-ORIENTAL SILICA,,,UNSPECIFIED,Supplier/Agent Info,,Supplier Plant - City,ieSupplierPlantLocationCity,,,Taichung
RFJOAX_FDC,7,Supplier,PPG INDUSTRIES,TOLL-ORIENTAL SILICA,,,UNSPECIFIED,Supplier/Agent Info,,Agent Plant - City,ieAgentPlantLocationCity,,,
RFJOAX_FDC,7,Supplier,PPG INDUSTRIES,TOLL-ORIENTAL SILICA,,,UNSPECIFIED,Supplier/Agent Info,,Supplier Plant - State,ieSupplierPlantLocationState,,,Others
RFJOAX_FDC,7,Supplier,PPG INDUSTRIES,TOLL-ORIENTAL SILICA,,,UNSPECIFIED,Supplier/Agent Info,,Agent Plant - State,ieAgentPlantLocationState,,,
RFJOAX_FDC,7,Supplier,PPG INDUSTRIES,TOLL-ORIENTAL SILICA,,,UNSPECIFIED,Supplier/Agent Info,,Agent Plant - Country,ieAgentPlantLocationCountry,,,
RFJOAX_FDC,7,Supplier,PPG INDUSTRIES,TOLL-ORIENTAL SILICA,,,UNSPECIFIED,Supplier/Agent Info,,Supplier Plant - Country,ieSupplierPlantLocationCountry,,,Taiwan
RFJOAX_FDC,7,Supplier,PPG INDUSTRIES,TOLL-ORIENTAL SILICA,,,UNSPECIFIED,Supplier/Agent Info,,Plant Code,ieSISPlantCode,,,JAO
RFJOAX_FDC,7,Supplier,PPG INDUSTRIES,TOLL-ORIENTAL SILICA,,,UNSPECIFIED,Supplier/Agent Info,,Plant Code,ieAgentPlantCode,,,
RFJOAX_FDC,7,Supplier,PPG INDUSTRIES,TOLL-ORIENTAL SILICA,,,UNSPECIFIED,Supplier/Agent Info,,Supplier Trade Name,ieSupplierTradeName,,,UNSPECIFIED
RFJOAX_FDC,7,Supplier,PPG INDUSTRIES,TOLL-ORIENTAL SILICA,,,UNSPECIFIED,Supplier/Agent Info,,Agent to Break Bulk?,cbBreakBulk,,,0
RFJOAX_FDC,7,Supplier,PPG INDUSTRIES,TOLL-ORIENTAL SILICA,,,UNSPECIFIED,Supplier/Agent Info,,Supplier Contact Name,ieSupplierContactName,,,
RFJOAX_FDC,7,Supplier,PPG INDUSTRIES,TOLL-ORIENTAL SILICA,,,UNSPECIFIED,Supplier/Agent Info,,Agent Contact Name,ieAgentContactName,,,
RFJOAX_FDC,7,Supplier,PPG INDUSTRIES,TOLL-ORIENTAL SILICA,,,UNSPECIFIED,Supplier/Agent Info,,Supplier Contact Type,ddlSupType,,,
RFJOAX_FDC,7,Supplier,PPG INDUSTRIES,TOLL-ORIENTAL SILICA,,,UNSPECIFIED,Supplier/Agent Info,,Agent Contact Type,ddlAgentType,,,
RFJOAX_FDC,7,Supplier,PPG INDUSTRIES,TOLL-ORIENTAL SILICA,,,UNSPECIFIED,Supplier/Agent Info,,Supplier email,ieSupplierEmail,,,
RFJOAX_FDC,7,Supplier,PPG INDUSTRIES,TOLL-ORIENTAL SILICA,,,UNSPECIFIED,Supplier/Agent Info,,Agent email,ieAgentEmail,,,
RFJOAX_FDC,7,Supplier,PPG INDUSTRIES,TOLL-ORIENTAL SILICA,,,UNSPECIFIED,Supplier/Agent Info,,Supplier Phone,ieSupplierPhone,,,
RFJOAX_FDC,7,Supplier,PPG INDUSTRIES,TOLL-ORIENTAL SILICA,,,UNSPECIFIED,Supplier/Agent Info,,Agent Phone,ieAgentPhone,,,
RFJOAX_FDC,7,Supplier,INDUSTRIA QUIMICA ELECTRO CLORO,BRAZIL,IND QUIMICAS BORDA CAMPO,UNSPECIFIED,FLAKED CAUSTIC SODA,Supplier/Agent Info,,Initial Exp Spec Code (hidden),ieInitialExpSpCode,,,
RFJOAX_FDC,7,Supplier,INDUSTRIA QUIMICA ELECTRO CLORO,BRAZIL,IND QUIMICAS BORDA CAMPO,UNSPECIFIED,FLAKED CAUSTIC SODA,Supplier/Agent Info,,Material Code,cbMaterialCode,,,RFJOAX_FDC
RFJOAX_FDC,7,Supplier,INDUSTRIA QUIMICA ELECTRO CLORO,BRAZIL,IND QUIMICAS BORDA CAMPO,UNSPECIFIED,FLAKED CAUSTIC SODA,Supplier/Agent Info,,Material Description,ieMatDescSupplier,,,FLAKE CAUSTIC SODA
RFJOAX_FDC,7,Supplier,INDUSTRIA QUIMICA ELECTRO CLORO,BRAZIL,IND QUIMICAS BORDA CAMPO,UNSPECIFIED,FLAKED CAUSTIC SODA,Supplier/Agent Info,,Supplier,ieSupplier,,,INDUSTRIA QUIMICA ELECTRO CLORO
RFJOAX_FDC,7,Supplier,INDUSTRIA QUIMICA ELECTRO CLORO,BRAZIL,IND QUIMICAS BORDA CAMPO,UNSPECIFIED,FLAKED CAUSTIC SODA,Supplier/Agent Info,,Agent,ieAgent,,,IND QUIMICAS BORDA CAMPO
RFJOAX_FDC,7,Supplier,INDUSTRIA QUIMICA ELECTRO CLORO,BRAZIL,IND QUIMICAS BORDA CAMPO,UNSPECIFIED,FLAKED CAUSTIC SODA,Supplier/Agent Info,,Supplier Plant,ieSupplierPlant,,,BRAZIL
RFJOAX_FDC,7,Supplier,INDUSTRIA QUIMICA ELECTRO CLORO,BRAZIL,IND QUIMICAS BORDA CAMPO,UNSPECIFIED,FLAKED CAUSTIC SODA,Supplier/Agent Info,,Agent Plant,ieAgentPlant,,,UNSPECIFIED
RFJOAX_FDC,7,Supplier,INDUSTRIA QUIMICA ELECTRO CLORO,BRAZIL,IND QUIMICAS BORDA CAMPO,UNSPECIFIED,FLAKED CAUSTIC SODA,Supplier/Agent Info,,Supplier Plant - City,ieSupplierPlantLocationCity,,,
RFJOAX_FDC,7,Supplier,INDUSTRIA QUIMICA ELECTRO CLORO,BRAZIL,IND QUIMICAS BORDA CAMPO,UNSPECIFIED,FLAKED CAUSTIC SODA,Supplier/Agent Info,,Agent Plant - City,ieAgentPlantLocationCity,,,
RFJOAX_FDC,7,Supplier,INDUSTRIA QUIMICA ELECTRO CLORO,BRAZIL,IND QUIMICAS BORDA CAMPO,UNSPECIFIED,FLAKED CAUSTIC SODA,Supplier/Agent Info,,Supplier Plant - State,ieSupplierPlantLocationState,,,Others
RFJOAX_FDC,7,Supplier,INDUSTRIA QUIMICA ELECTRO CLORO,BRAZIL,IND QUIMICAS BORDA CAMPO,UNSPECIFIED,FLAKED CAUSTIC SODA,Supplier/Agent Info,,Agent Plant - State,ieAgentPlantLocationState,,,Others
RFJOAX_FDC,7,Supplier,INDUSTRIA QUIMICA ELECTRO CLORO,BRAZIL,IND QUIMICAS BORDA CAMPO,UNSPECIFIED,FLAKED CAUSTIC SODA,Supplier/Agent Info,,Agent Plant - Country,ieAgentPlantLocationCountry,,,Others
RFJOAX_FDC,7,Supplier,INDUSTRIA QUIMICA ELECTRO CLORO,BRAZIL,IND QUIMICAS BORDA CAMPO,UNSPECIFIED,FLAKED CAUSTIC SODA,Supplier/Agent Info,,Supplier Plant - Country,ieSupplierPlantLocationCountry,,,Brazil
RFJOAX_FDC,7,Supplier,INDUSTRIA QUIMICA ELECTRO CLORO,BRAZIL,IND QUIMICAS BORDA CAMPO,UNSPECIFIED,FLAKED CAUSTIC SODA,Supplier/Agent Info,,Plant Code,ieSISPlantCode,,,DOESN'T EXIST IN SIS
RFJOAX_FDC,7,Supplier,INDUSTRIA QUIMICA ELECTRO CLORO,BRAZIL,IND QUIMICAS BORDA CAMPO,UNSPECIFIED,FLAKED CAUSTIC SODA,Supplier/Agent Info,,Plant Code,ieAgentPlantCode,,,
RFJOAX_FDC,7,Supplier,INDUSTRIA QUIMICA ELECTRO CLORO,BRAZIL,IND QUIMICAS BORDA CAMPO,UNSPECIFIED,FLAKED CAUSTIC SODA,Supplier/Agent Info,,Supplier Trade Name,ieSupplierTradeName,,,FLAKED CAUSTIC SODA
RFJOAX_FDC,7,Supplier,INDUSTRIA QUIMICA ELECTRO CLORO,BRAZIL,IND QUIMICAS BORDA CAMPO,UNSPECIFIED,FLAKED CAUSTIC SODA,Supplier/Agent Info,,Agent to Break Bulk?,cbBreakBulk,,,0
RFJOAX_FDC,7,Supplier,INDUSTRIA QUIMICA ELECTRO CLORO,BRAZIL,IND QUIMICAS BORDA CAMPO,UNSPECIFIED,FLAKED CAUSTIC SODA,Supplier/Agent Info,,Supplier Contact Name,ieSupplierContactName,,,
RFJOAX_FDC,7,Supplier,INDUSTRIA QUIMICA ELECTRO CLORO,BRAZIL,IND QUIMICAS BORDA CAMPO,UNSPECIFIED,FLAKED CAUSTIC SODA,Supplier/Agent Info,,Agent Contact Name,ieAgentContactName,,,
RFJOAX_FDC,7,Supplier,INDUSTRIA QUIMICA ELECTRO CLORO,BRAZIL,IND QUIMICAS BORDA CAMPO,UNSPECIFIED,FLAKED CAUSTIC SODA,Supplier/Agent Info,,Supplier Contact Type,ddlSupType,,,
RFJOAX_FDC,7,Supplier,INDUSTRIA QUIMICA ELECTRO CLORO,BRAZIL,IND QUIMICAS BORDA CAMPO,UNSPECIFIED,FLAKED CAUSTIC SODA,Supplier/Agent Info,,Agent Contact Type,ddlAgentType,,,
RFJOAX_FDC,7,Supplier,INDUSTRIA QUIMICA ELECTRO CLORO,BRAZIL,IND QUIMICAS BORDA CAMPO,UNSPECIFIED,FLAKED CAUSTIC SODA,Supplier/Agent Info,,Supplier email,ieSupplierEmail,,,
RFJOAX_FDC,7,Supplier,INDUSTRIA QUIMICA ELECTRO CLORO,BRAZIL,IND QUIMICAS BORDA CAMPO,UNSPECIFIED,FLAKED CAUSTIC SODA,Supplier/Agent Info,,Agent email,ieAgentEmail,,,
RFJOAX_FDC,7,Supplier,INDUSTRIA QUIMICA ELECTRO CLORO,BRAZIL,IND QUIMICAS BORDA CAMPO,UNSPECIFIED,FLAKED CAUSTIC SODA,Supplier/Agent Info,,Supplier Phone,ieSupplierPhone,,,
RFJOAX_FDC,7,Supplier,INDUSTRIA QUIMICA ELECTRO CLORO,BRAZIL,IND QUIMICAS BORDA CAMPO,UNSPECIFIED,FLAKED CAUSTIC SODA,Supplier/Agent Info,,Agent Phone,ieAgentPhone,,,
RFJOAX_FDC,7,Supplier,INDUSTRIA QUIMICA ELECTRO CLORO,BRAZIL,COSMOQUIMICA,UNSPECIFIED,FLAKED CAUSTIC SODA,Supplier/Agent Info,,Initial Exp Spec Code (hidden),ieInitialExpSpCode,,,
RFJOAX_FDC,7,Supplier,INDUSTRIA QUIMICA ELECTRO CLORO,BRAZIL,COSMOQUIMICA,UNSPECIFIED,FLAKED CAUSTIC SODA,Supplier/Agent Info,,Material Code,cbMaterialCode,,,RFJOAX_FDC
RFJOAX_FDC,7,Supplier,INDUSTRIA QUIMICA ELECTRO CLORO,BRAZIL,COSMOQUIMICA,UNSPECIFIED,FLAKED CAUSTIC SODA,Supplier/Agent Info,,Material Description,ieMatDescSupplier,,,FLAKE CAUSTIC SODA
RFJOAX_FDC,7,Supplier,INDUSTRIA QUIMICA ELECTRO CLORO,BRAZIL,COSMOQUIMICA,UNSPECIFIED,FLAKED CAUSTIC SODA,Supplier/Agent Info,,Supplier,ieSupplier,,,INDUSTRIA QUIMICA ELECTRO CLORO
RFJOAX_FDC,7,Supplier,INDUSTRIA QUIMICA ELECTRO CLORO,BRAZIL,COSMOQUIMICA,UNSPECIFIED,FLAKED CAUSTIC SODA,Supplier/Agent Info,,Agent,ieAgent,,,COSMOQUIMICA
RFJOAX_FDC,7,Supplier,INDUSTRIA QUIMICA ELECTRO CLORO,BRAZIL,COSMOQUIMICA,UNSPECIFIED,FLAKED CAUSTIC SODA,Supplier/Agent Info,,Supplier Plant,ieSupplierPlant,,,BRAZIL
RFJOAX_FDC,7,Supplier,INDUSTRIA QUIMICA ELECTRO CLORO,BRAZIL,COSMOQUIMICA,UNSPECIFIED,FLAKED CAUSTIC SODA,Supplier/Agent Info,,Agent Plant,ieAgentPlant,,,UNSPECIFIED
RFJOAX_FDC,7,Supplier,INDUSTRIA QUIMICA ELECTRO CLORO,BRAZIL,COSMOQUIMICA,UNSPECIFIED,FLAKED CAUSTIC SODA,Supplier/Agent Info,,Supplier Plant - City,ieSupplierPlantLocationCity,,,
RFJOAX_FDC,7,Supplier,INDUSTRIA QUIMICA ELECTRO CLORO,BRAZIL,COSMOQUIMICA,UNSPECIFIED,FLAKED CAUSTIC SODA,Supplier/Agent Info,,Agent Plant - City,ieAgentPlantLocationCity,,,
RFJOAX_FDC,7,Supplier,INDUSTRIA QUIMICA ELECTRO CLORO,BRAZIL,COSMOQUIMICA,UNSPECIFIED,FLAKED CAUSTIC SODA,Supplier/Agent Info,,Supplier Plant - State,ieSupplierPlantLocationState,,,Others
RFJOAX_FDC,7,Supplier,INDUSTRIA QUIMICA ELECTRO CLORO,BRAZIL,COSMOQUIMICA,UNSPECIFIED,FLAKED CAUSTIC SODA,Supplier/Agent Info,,Agent Plant - State,ieAgentPlantLocationState,,,Others
RFJOAX_FDC,7,Supplier,INDUSTRIA QUIMICA ELECTRO CLORO,BRAZIL,COSMOQUIMICA,UNSPECIFIED,FLAKED CAUSTIC SODA,Supplier/Agent Info,,Agent Plant - Country,ieAgentPlantLocationCountry,,,Others
RFJOAX_FDC,7,Supplier,INDUSTRIA QUIMICA ELECTRO CLORO,BRAZIL,COSMOQUIMICA,UNSPECIFIED,FLAKED CAUSTIC SODA,Supplier/Agent Info,,Supplier Plant - Country,ieSupplierPlantLocationCountry,,,Brazil
RFJOAX_FDC,7,Supplier,INDUSTRIA QUIMICA ELECTRO CLORO,BRAZIL,COSMOQUIMICA,UNSPECIFIED,FLAKED CAUSTIC SODA,Supplier/Agent Info,,Plant Code,ieSISPlantCode,,,DOESN'T EXIST IN SIS
RFJOAX_FDC,7,Supplier,INDUSTRIA QUIMICA ELECTRO CLORO,BRAZIL,COSMOQUIMICA,UNSPECIFIED,FLAKED CAUSTIC SODA,Supplier/Agent Info,,Plant Code,ieAgentPlantCode,,,
RFJOAX_FDC,7,Supplier,INDUSTRIA QUIMICA ELECTRO CLORO,BRAZIL,COSMOQUIMICA,UNSPECIFIED,FLAKED CAUSTIC SODA,Supplier/Agent Info,,Supplier Trade Name,ieSupplierTradeName,,,FLAKED CAUSTIC SODA
RFJOAX_FDC,7,Supplier,INDUSTRIA QUIMICA ELECTRO CLORO,BRAZIL,COSMOQUIMICA,UNSPECIFIED,FLAKED CAUSTIC SODA,Supplier/Agent Info,,Agent to Break Bulk?,cbBreakBulk,,,0
RFJOAX_FDC,7,Supplier,INDUSTRIA QUIMICA ELECTRO CLORO,BRAZIL,COSMOQUIMICA,UNSPECIFIED,FLAKED CAUSTIC SODA,Supplier/Agent Info,,Supplier Contact Name,ieSupplierContactName,,,
RFJOAX_FDC,7,Supplier,INDUSTRIA QUIMICA ELECTRO CLORO,BRAZIL,COSMOQUIMICA,UNSPECIFIED,FLAKED CAUSTIC SODA,Supplier/Agent Info,,Agent Contact Name,ieAgentContactName,,,
RFJOAX_FDC,7,Supplier,INDUSTRIA QUIMICA ELECTRO CLORO,BRAZIL,COSMOQUIMICA,UNSPECIFIED,FLAKED CAUSTIC SODA,Supplier/Agent Info,,Supplier Contact Type,ddlSupType,,,
RFJOAX_FDC,7,Supplier,INDUSTRIA QUIMICA ELECTRO CLORO,BRAZIL,COSMOQUIMICA,UNSPECIFIED,FLAKED CAUSTIC SODA,Supplier/Agent Info,,Agent Contact Type,ddlAgentType,,,
RFJOAX_FDC,7,Supplier,INDUSTRIA QUIMICA ELECTRO CLORO,BRAZIL,COSMOQUIMICA,UNSPECIFIED,FLAKED CAUSTIC SODA,Supplier/Agent Info,,Supplier email,ieSupplierEmail,,,
RFJOAX_FDC,7,Supplier,INDUSTRIA QUIMICA ELECTRO CLORO,BRAZIL,COSMOQUIMICA,UNSPECIFIED,FLAKED CAUSTIC SODA,Supplier/Agent Info,,Agent email,ieAgentEmail,,,
RFJOAX_FDC,7,Supplier,INDUSTRIA QUIMICA ELECTRO CLORO,BRAZIL,COSMOQUIMICA,UNSPECIFIED,FLAKED CAUSTIC SODA,Supplier/Agent Info,,Supplier Phone,ieSupplierPhone,,,
RFJOAX_FDC,7,Supplier,INDUSTRIA QUIMICA ELECTRO CLORO,BRAZIL,COSMOQUIMICA,UNSPECIFIED,FLAKED CAUSTIC SODA,Supplier/Agent Info,,Agent Phone,ieAgentPhone,,,
RFJOAX_FDC,7,Supplier,INDUSTRIA QUIMICA ELECTRO CLORO,BRAZIL,HERZOG,UNSPECIFIED,FLAKED CAUSTIC SODA,Supplier/Agent Info,,Initial Exp Spec Code (hidden),ieInitialExpSpCode,,,
RFJOAX_FDC,7,Supplier,INDUSTRIA QUIMICA ELECTRO CLORO,BRAZIL,HERZOG,UNSPECIFIED,FLAKED CAUSTIC SODA,Supplier/Agent Info,,Material Code,cbMaterialCode,,,RFJOAX_FDC
RFJOAX_FDC,7,Supplier,INDUSTRIA QUIMICA ELECTRO CLORO,BRAZIL,HERZOG,UNSPECIFIED,FLAKED CAUSTIC SODA,Supplier/Agent Info,,Material Description,ieMatDescSupplier,,,FLAKE CAUSTIC SODA
RFJOAX_FDC,7,Supplier,INDUSTRIA QUIMICA ELECTRO CLORO,BRAZIL,HERZOG,UNSPECIFIED,FLAKED CAUSTIC SODA,Supplier/Agent Info,,Supplier,ieSupplier,,,INDUSTRIA QUIMICA ELECTRO CLORO
RFJOAX_FDC,7,Supplier,INDUSTRIA QUIMICA ELECTRO CLORO,BRAZIL,HERZOG,UNSPECIFIED,FLAKED CAUSTIC SODA,Supplier/Agent Info,,Agent,ieAgent,,,HERZOG
RFJOAX_FDC,7,Supplier,INDUSTRIA QUIMICA ELECTRO CLORO,BRAZIL,HERZOG,UNSPECIFIED,FLAKED CAUSTIC SODA,Supplier/Agent Info,,Supplier Plant,ieSupplierPlant,,,BRAZIL
RFJOAX_FDC,7,Supplier,INDUSTRIA QUIMICA ELECTRO CLORO,BRAZIL,HERZOG,UNSPECIFIED,FLAKED CAUSTIC SODA,Supplier/Agent Info,,Agent Plant,ieAgentPlant,,,UNSPECIFIED
RFJOAX_FDC,7,Supplier,INDUSTRIA QUIMICA ELECTRO CLORO,BRAZIL,HERZOG,UNSPECIFIED,FLAKED CAUSTIC SODA,Supplier/Agent Info,,Supplier Plant - City,ieSupplierPlantLocationCity,,,
RFJOAX_FDC,7,Supplier,INDUSTRIA QUIMICA ELECTRO CLORO,BRAZIL,HERZOG,UNSPECIFIED,FLAKED CAUSTIC SODA,Supplier/Agent Info,,Agent Plant - City,ieAgentPlantLocationCity,,,
RFJOAX_FDC,7,Supplier,INDUSTRIA QUIMICA ELECTRO CLORO,BRAZIL,HERZOG,UNSPECIFIED,FLAKED CAUSTIC SODA,Supplier/Agent Info,,Supplier Plant - State,ieSupplierPlantLocationState,,,Others
RFJOAX_FDC,7,Supplier,INDUSTRIA QUIMICA ELECTRO CLORO,BRAZIL,HERZOG,UNSPECIFIED,FLAKED CAUSTIC SODA,Supplier/Agent Info,,Agent Plant - State,ieAgentPlantLocationState,,,Others
RFJOAX_FDC,7,Supplier,INDUSTRIA QUIMICA ELECTRO CLORO,BRAZIL,HERZOG,UNSPECIFIED,FLAKED CAUSTIC SODA,Supplier/Agent Info,,Agent Plant - Country,ieAgentPlantLocationCountry,,,Others
RFJOAX_FDC,7,Supplier,INDUSTRIA QUIMICA ELECTRO CLORO,BRAZIL,HERZOG,UNSPECIFIED,FLAKED CAUSTIC SODA,Supplier/Agent Info,,Supplier Plant - Country,ieSupplierPlantLocationCountry,,,Brazil
RFJOAX_FDC,7,Supplier,INDUSTRIA QUIMICA ELECTRO CLORO,BRAZIL,HERZOG,UNSPECIFIED,FLAKED CAUSTIC SODA,Supplier/Agent Info,,Plant Code,ieSISPlantCode,,,DOESN'T EXIST IN SIS
RFJOAX_FDC,7,Supplier,INDUSTRIA QUIMICA ELECTRO CLORO,BRAZIL,HERZOG,UNSPECIFIED,FLAKED CAUSTIC SODA,Supplier/Agent Info,,Plant Code,ieAgentPlantCode,,,
RFJOAX_FDC,7,Supplier,INDUSTRIA QUIMICA ELECTRO CLORO,BRAZIL,HERZOG,UNSPECIFIED,FLAKED CAUSTIC SODA,Supplier/Agent Info,,Supplier Trade Name,ieSupplierTradeName,,,FLAKED CAUSTIC SODA
RFJOAX_FDC,7,Supplier,INDUSTRIA QUIMICA ELECTRO CLORO,BRAZIL,HERZOG,UNSPECIFIED,FLAKED CAUSTIC SODA,Supplier/Agent Info,,Agent to Break Bulk?,cbBreakBulk,,,0
RFJOAX_FDC,7,Supplier,INDUSTRIA QUIMICA ELECTRO CLORO,BRAZIL,HERZOG,UNSPECIFIED,FLAKED CAUSTIC SODA,Supplier/Agent Info,,Supplier Contact Name,ieSupplierContactName,,,
RFJOAX_FDC,7,Supplier,INDUSTRIA QUIMICA ELECTRO CLORO,BRAZIL,HERZOG,UNSPECIFIED,FLAKED CAUSTIC SODA,Supplier/Agent Info,,Agent Contact Name,ieAgentContactName,,,
RFJOAX_FDC,7,Supplier,INDUSTRIA QUIMICA ELECTRO CLORO,BRAZIL,HERZOG,UNSPECIFIED,FLAKED CAUSTIC SODA,Supplier/Agent Info,,Supplier Contact Type,ddlSupType,,,
RFJOAX_FDC,7,Supplier,INDUSTRIA QUIMICA ELECTRO CLORO,BRAZIL,HERZOG,UNSPECIFIED,FLAKED CAUSTIC SODA,Supplier/Agent Info,,Agent Contact Type,ddlAgentType,,,
RFJOAX_FDC,7,Supplier,INDUSTRIA QUIMICA ELECTRO CLORO,BRAZIL,HERZOG,UNSPECIFIED,FLAKED CAUSTIC SODA,Supplier/Agent Info,,Supplier email,ieSupplierEmail,,,
RFJOAX_FDC,7,Supplier,INDUSTRIA QUIMICA ELECTRO CLORO,BRAZIL,HERZOG,UNSPECIFIED,FLAKED CAUSTIC SODA,Supplier/Agent Info,,Agent email,ieAgentEmail,,,
RFJOAX_FDC,7,Supplier,INDUSTRIA QUIMICA ELECTRO CLORO,BRAZIL,HERZOG,UNSPECIFIED,FLAKED CAUSTIC SODA,Supplier/Agent Info,,Supplier Phone,ieSupplierPhone,,,
RFJOAX_FDC,7,Supplier,INDUSTRIA QUIMICA ELECTRO CLORO,BRAZIL,HERZOG,UNSPECIFIED,FLAKED CAUSTIC SODA,Supplier/Agent Info,,Agent Phone,ieAgentPhone,,,
RFJOAX_FDC,7,Supplier,DIAMOND SHAMROCK CHEMICAL,UNSPECIFIED,,,UNSPECIFIED,Supplier/Agent Info,,Initial Exp Spec Code (hidden),ieInitialExpSpCode,,,
RFJOAX_FDC,7,Supplier,DIAMOND SHAMROCK CHEMICAL,UNSPECIFIED,,,UNSPECIFIED,Supplier/Agent Info,,Material Code,cbMaterialCode,,,RFJOAX_FDC
RFJOAX_FDC,7,Supplier,DIAMOND SHAMROCK CHEMICAL,UNSPECIFIED,,,UNSPECIFIED,Supplier/Agent Info,,Material Description,ieMatDescSupplier,,,FLAKE CAUSTIC SODA
RFJOAX_FDC,7,Supplier,DIAMOND SHAMROCK CHEMICAL,UNSPECIFIED,,,UNSPECIFIED,Supplier/Agent Info,,Supplier,ieSupplier,,,DIAMOND SHAMROCK CHEMICAL
RFJOAX_FDC,7,Supplier,DIAMOND SHAMROCK CHEMICAL,UNSPECIFIED,,,UNSPECIFIED,Supplier/Agent Info,,Agent,ieAgent,,,
RFJOAX_FDC,7,Supplier,DIAMOND SHAMROCK CHEMICAL,UNSPECIFIED,,,UNSPECIFIED,Supplier/Agent Info,,Supplier Plant,ieSupplierPlant,,,UNSPECIFIED
RFJOAX_FDC,7,Supplier,DIAMOND SHAMROCK CHEMICAL,UNSPECIFIED,,,UNSPECIFIED,Supplier/Agent Info,,Agent Plant,ieAgentPlant,,,
RFJOAX_FDC,7,Supplier,DIAMOND SHAMROCK CHEMICAL,UNSPECIFIED,,,UNSPECIFIED,Supplier/Agent Info,,Supplier Plant - City,ieSupplierPlantLocationCity,,,
RFJOAX_FDC,7,Supplier,DIAMOND SHAMROCK CHEMICAL,UNSPECIFIED,,,UNSPECIFIED,Supplier/Agent Info,,Agent Plant - City,ieAgentPlantLocationCity,,,
RFJOAX_FDC,7,Supplier,DIAMOND SHAMROCK CHEMICAL,UNSPECIFIED,,,UNSPECIFIED,Supplier/Agent Info,,Supplier Plant - State,ieSupplierPlantLocationState,,,Others
RFJOAX_FDC,7,Supplier,DIAMOND SHAMROCK CHEMICAL,UNSPECIFIED,,,UNSPECIFIED,Supplier/Agent Info,,Agent Plant - State,ieAgentPlantLocationState,,,
RFJOAX_FDC,7,Supplier,DIAMOND SHAMROCK CHEMICAL,UNSPECIFIED,,,UNSPECIFIED,Supplier/Agent Info,,Agent Plant - Country,ieAgentPlantLocationCountry,,,
RFJOAX_FDC,7,Supplier,DIAMOND SHAMROCK CHEMICAL,UNSPECIFIED,,,UNSPECIFIED,Supplier/Agent Info,,Supplier Plant - Country,ieSupplierPlantLocationCountry,,,Others
RFJOAX_FDC,7,Supplier,DIAMOND SHAMROCK CHEMICAL,UNSPECIFIED,,,UNSPECIFIED,Supplier/Agent Info,,Plant Code,ieSISPlantCode,,,DOESN'T EXIST IN SIS
RFJOAX_FDC,7,Supplier,DIAMOND SHAMROCK CHEMICAL,UNSPECIFIED,,,UNSPECIFIED,Supplier/Agent Info,,Plant Code,ieAgentPlantCode,,,
RFJOAX_FDC,7,Supplier,DIAMOND SHAMROCK CHEMICAL,UNSPECIFIED,,,UNSPECIFIED,Supplier/Agent Info,,Supplier Trade Name,ieSupplierTradeName,,,UNSPECIFIED
RFJOAX_FDC,7,Supplier,DIAMOND SHAMROCK CHEMICAL,UNSPECIFIED,,,UNSPECIFIED,Supplier/Agent Info,,Agent to Break Bulk?,cbBreakBulk,,,0
RFJOAX_FDC,7,Supplier,DIAMOND SHAMROCK CHEMICAL,UNSPECIFIED,,,UNSPECIFIED,Supplier/Agent Info,,Supplier Contact Name,ieSupplierContactName,,,
RFJOAX_FDC,7,Supplier,DIAMOND SHAMROCK CHEMICAL,UNSPECIFIED,,,UNSPECIFIED,Supplier/Agent Info,,Agent Contact Name,ieAgentContactName,,,
RFJOAX_FDC,7,Supplier,DIAMOND SHAMROCK CHEMICAL,UNSPECIFIED,,,UNSPECIFIED,Supplier/Agent Info,,Supplier Contact Type,ddlSupType,,,
RFJOAX_FDC,7,Supplier,DIAMOND SHAMROCK CHEMICAL,UNSPECIFIED,,,UNSPECIFIED,Supplier/Agent Info,,Agent Contact Type,ddlAgentType,,,
RFJOAX_FDC,7,Supplier,DIAMOND SHAMROCK CHEMICAL,UNSPECIFIED,,,UNSPECIFIED,Supplier/Agent Info,,Supplier email,ieSupplierEmail,,,
RFJOAX_FDC,7,Supplier,DIAMOND SHAMROCK CHEMICAL,UNSPECIFIED,,,UNSPECIFIED,Supplier/Agent Info,,Agent email,ieAgentEmail,,,
RFJOAX_FDC,7,Supplier,DIAMOND SHAMROCK CHEMICAL,UNSPECIFIED,,,UNSPECIFIED,Supplier/Agent Info,,Supplier Phone,ieSupplierPhone,,,
RFJOAX_FDC,7,Supplier,DIAMOND SHAMROCK CHEMICAL,UNSPECIFIED,,,UNSPECIFIED,Supplier/Agent Info,,Agent Phone,ieAgentPhone,,,
RFJOAX_FDC,7,Supplier,AFRICAN EXPLOSIVES AND CHEMICAL,SOUTH AFRICA,SCHAUDER AND SONS,UNSPECIFIED,CAUSTIC SODA FLAKES,Supplier/Agent Info,,Initial Exp Spec Code (hidden),ieInitialExpSpCode,,,
RFJOAX_FDC,7,Supplier,AFRICAN EXPLOSIVES AND CHEMICAL,SOUTH AFRICA,SCHAUDER AND SONS,UNSPECIFIED,CAUSTIC SODA FLAKES,Supplier/Agent Info,,Material Code,cbMaterialCode,,,RFJOAX_FDC
RFJOAX_FDC,7,Supplier,AFRICAN EXPLOSIVES AND CHEMICAL,SOUTH AFRICA,SCHAUDER AND SONS,UNSPECIFIED,CAUSTIC SODA FLAKES,Supplier/Agent Info,,Material Description,ieMatDescSupplier,,,FLAKE CAUSTIC SODA
RFJOAX_FDC,7,Supplier,AFRICAN EXPLOSIVES AND CHEMICAL,SOUTH AFRICA,SCHAUDER AND SONS,UNSPECIFIED,CAUSTIC SODA FLAKES,Supplier/Agent Info,,Supplier,ieSupplier,,,AFRICAN EXPLOSIVES AND CHEMICAL
RFJOAX_FDC,7,Supplier,AFRICAN EXPLOSIVES AND CHEMICAL,SOUTH AFRICA,SCHAUDER AND SONS,UNSPECIFIED,CAUSTIC SODA FLAKES,Supplier/Agent Info,,Agent,ieAgent,,,SCHAUDER AND SONS
RFJOAX_FDC,7,Supplier,AFRICAN EXPLOSIVES AND CHEMICAL,SOUTH AFRICA,SCHAUDER AND SONS,UNSPECIFIED,CAUSTIC SODA FLAKES,Supplier/Agent Info,,Supplier Plant,ieSupplierPlant,,,SOUTH AFRICA
RFJOAX_FDC,7,Supplier,AFRICAN EXPLOSIVES AND CHEMICAL,SOUTH AFRICA,SCHAUDER AND SONS,UNSPECIFIED,CAUSTIC SODA FLAKES,Supplier/Agent Info,,Agent Plant,ieAgentPlant,,,UNSPECIFIED
RFJOAX_FDC,7,Supplier,AFRICAN EXPLOSIVES AND CHEMICAL,SOUTH AFRICA,SCHAUDER AND SONS,UNSPECIFIED,CAUSTIC SODA FLAKES,Supplier/Agent Info,,Supplier Plant - City,ieSupplierPlantLocationCity,,,
RFJOAX_FDC,7,Supplier,AFRICAN EXPLOSIVES AND CHEMICAL,SOUTH AFRICA,SCHAUDER AND SONS,UNSPECIFIED,CAUSTIC SODA FLAKES,Supplier/Agent Info,,Agent Plant - City,ieAgentPlantLocationCity,,,
RFJOAX_FDC,7,Supplier,AFRICAN EXPLOSIVES AND CHEMICAL,SOUTH AFRICA,SCHAUDER AND SONS,UNSPECIFIED,CAUSTIC SODA FLAKES,Supplier/Agent Info,,Supplier Plant - State,ieSupplierPlantLocationState,,,Others
RFJOAX_FDC,7,Supplier,AFRICAN EXPLOSIVES AND CHEMICAL,SOUTH AFRICA,SCHAUDER AND SONS,UNSPECIFIED,CAUSTIC SODA FLAKES,Supplier/Agent Info,,Agent Plant - State,ieAgentPlantLocationState,,,Others
RFJOAX_FDC,7,Supplier,AFRICAN EXPLOSIVES AND CHEMICAL,SOUTH AFRICA,SCHAUDER AND SONS,UNSPECIFIED,CAUSTIC SODA FLAKES,Supplier/Agent Info,,Agent Plant - Country,ieAgentPlantLocationCountry,,,Others
RFJOAX_FDC,7,Supplier,AFRICAN EXPLOSIVES AND CHEMICAL,SOUTH AFRICA,SCHAUDER AND SONS,UNSPECIFIED,CAUSTIC SODA FLAKES,Supplier/Agent Info,,Supplier Plant - Country,ieSupplierPlantLocationCountry,,,South Africa
RFJOAX_FDC,7,Supplier,AFRICAN EXPLOSIVES AND CHEMICAL,SOUTH AFRICA,SCHAUDER AND SONS,UNSPECIFIED,CAUSTIC SODA FLAKES,Supplier/Agent Info,,Plant Code,ieSISPlantCode,,,DOESN'T EXIST IN SIS
RFJOAX_FDC,7,Supplier,AFRICAN EXPLOSIVES AND CHEMICAL,SOUTH AFRICA,SCHAUDER AND SONS,UNSPECIFIED,CAUSTIC SODA FLAKES,Supplier/Agent Info,,Plant Code,ieAgentPlantCode,,,
RFJOAX_FDC,7,Supplier,AFRICAN EXPLOSIVES AND CHEMICAL,SOUTH AFRICA,SCHAUDER AND SONS,UNSPECIFIED,CAUSTIC SODA FLAKES,Supplier/Agent Info,,Supplier Trade Name,ieSupplierTradeName,,,CAUSTIC SODA FLAKES
RFJOAX_FDC,7,Supplier,AFRICAN EXPLOSIVES AND CHEMICAL,SOUTH AFRICA,SCHAUDER AND SONS,UNSPECIFIED,CAUSTIC SODA FLAKES,Supplier/Agent Info,,Agent to Break Bulk?,cbBreakBulk,,,0
RFJOAX_FDC,7,Supplier,AFRICAN EXPLOSIVES AND CHEMICAL,SOUTH AFRICA,SCHAUDER AND SONS,UNSPECIFIED,CAUSTIC SODA FLAKES,Supplier/Agent Info,,Supplier Contact Name,ieSupplierContactName,,,
RFJOAX_FDC,7,Supplier,AFRICAN EXPLOSIVES AND CHEMICAL,SOUTH AFRICA,SCHAUDER AND SONS,UNSPECIFIED,CAUSTIC SODA FLAKES,Supplier/Agent Info,,Agent Contact Name,ieAgentContactName,,,
RFJOAX_FDC,7,Supplier,AFRICAN EXPLOSIVES AND CHEMICAL,SOUTH AFRICA,SCHAUDER AND SONS,UNSPECIFIED,CAUSTIC SODA FLAKES,Supplier/Agent Info,,Supplier Contact Type,ddlSupType,,,
RFJOAX_FDC,7,Supplier,AFRICAN EXPLOSIVES AND CHEMICAL,SOUTH AFRICA,SCHAUDER AND SONS,UNSPECIFIED,CAUSTIC SODA FLAKES,Supplier/Agent Info,,Agent Contact Type,ddlAgentType,,,
RFJOAX_FDC,7,Supplier,AFRICAN EXPLOSIVES AND CHEMICAL,SOUTH AFRICA,SCHAUDER AND SONS,UNSPECIFIED,CAUSTIC SODA FLAKES,Supplier/Agent Info,,Supplier email,ieSupplierEmail,,,
RFJOAX_FDC,7,Supplier,AFRICAN EXPLOSIVES AND CHEMICAL,SOUTH AFRICA,SCHAUDER AND SONS,UNSPECIFIED,CAUSTIC SODA FLAKES,Supplier/Agent Info,,Agent email,ieAgentEmail,,,
RFJOAX_FDC,7,Supplier,AFRICAN EXPLOSIVES AND CHEMICAL,SOUTH AFRICA,SCHAUDER AND SONS,UNSPECIFIED,CAUSTIC SODA FLAKES,Supplier/Agent Info,,Supplier Phone,ieSupplierPhone,,,
RFJOAX_FDC,7,Supplier,AFRICAN EXPLOSIVES AND CHEMICAL,SOUTH AFRICA,SCHAUDER AND SONS,UNSPECIFIED,CAUSTIC SODA FLAKES,Supplier/Agent Info,,Agent Phone,ieAgentPhone,,,
RFJOAX_FDC,7,Supplier,CANADIAN INDUSTRIES,CANADA,CANADA COLORS,TORONTO,UNSPECIFIED,Supplier/Agent Info,,Initial Exp Spec Code (hidden),ieInitialExpSpCode,,,
RFJOAX_FDC,7,Supplier,CANADIAN INDUSTRIES,CANADA,CANADA COLORS,TORONTO,UNSPECIFIED,Supplier/Agent Info,,Material Code,cbMaterialCode,,,RFJOAX_FDC
RFJOAX_FDC,7,Supplier,CANADIAN INDUSTRIES,CANADA,CANADA COLORS,TORONTO,UNSPECIFIED,Supplier/Agent Info,,Material Description,ieMatDescSupplier,,,FLAKE CAUSTIC SODA
RFJOAX_FDC,7,Supplier,CANADIAN INDUSTRIES,CANADA,CANADA COLORS,TORONTO,UNSPECIFIED,Supplier/Agent Info,,Supplier,ieSupplier,,,CANADIAN INDUSTRIES
RFJOAX_FDC,7,Supplier,CANADIAN INDUSTRIES,CANADA,CANADA COLORS,TORONTO,UNSPECIFIED,Supplier/Agent Info,,Agent,ieAgent,,,CANADA COLORS
RFJOAX_FDC,7,Supplier,CANADIAN INDUSTRIES,CANADA,CANADA COLORS,TORONTO,UNSPECIFIED,Supplier/Agent Info,,Supplier Plant,ieSupplierPlant,,,CANADA
RFJOAX_FDC,7,Supplier,CANADIAN INDUSTRIES,CANADA,CANADA COLORS,TORONTO,UNSPECIFIED,Supplier/Agent Info,,Agent Plant,ieAgentPlant,,,TORONTO
RFJOAX_FDC,7,Supplier,CANADIAN INDUSTRIES,CANADA,CANADA COLORS,TORONTO,UNSPECIFIED,Supplier/Agent Info,,Supplier Plant - City,ieSupplierPlantLocationCity,,,
RFJOAX_FDC,7,Supplier,CANADIAN INDUSTRIES,CANADA,CANADA COLORS,TORONTO,UNSPECIFIED,Supplier/Agent Info,,Agent Plant - City,ieAgentPlantLocationCity,,,Toronto
RFJOAX_FDC,7,Supplier,CANADIAN INDUSTRIES,CANADA,CANADA COLORS,TORONTO,UNSPECIFIED,Supplier/Agent Info,,Supplier Plant - State,ieSupplierPlantLocationState,,,Others
RFJOAX_FDC,7,Supplier,CANADIAN INDUSTRIES,CANADA,CANADA COLORS,TORONTO,UNSPECIFIED,Supplier/Agent Info,,Agent Plant - State,ieAgentPlantLocationState,,,ON
RFJOAX_FDC,7,Supplier,CANADIAN INDUSTRIES,CANADA,CANADA COLORS,TORONTO,UNSPECIFIED,Supplier/Agent Info,,Agent Plant - Country,ieAgentPlantLocationCountry,,,Canada
RFJOAX_FDC,7,Supplier,CANADIAN INDUSTRIES,CANADA,CANADA COLORS,TORONTO,UNSPECIFIED,Supplier/Agent Info,,Supplier Plant - Country,ieSupplierPlantLocationCountry,,,Canada
RFJOAX_FDC,7,Supplier,CANADIAN INDUSTRIES,CANADA,CANADA COLORS,TORONTO,UNSPECIFIED,Supplier/Agent Info,,Plant Code,ieSISPlantCode,,,DOESN'T EXIST IN SIS
RFJOAX_FDC,7,Supplier,CANADIAN INDUSTRIES,CANADA,CANADA COLORS,TORONTO,UNSPECIFIED,Supplier/Agent Info,,Plant Code,ieAgentPlantCode,,,BKQ
RFJOAX_FDC,7,Supplier,CANADIAN INDUSTRIES,CANADA,CANADA COLORS,TORONTO,UNSPECIFIED,Supplier/Agent Info,,Supplier Trade Name,ieSupplierTradeName,,,UNSPECIFIED
RFJOAX_FDC,7,Supplier,CANADIAN INDUSTRIES,CANADA,CANADA COLORS,TORONTO,UNSPECIFIED,Supplier/Agent Info,,Agent to Break Bulk?,cbBreakBulk,,,0
RFJOAX_FDC,7,Supplier,CANADIAN INDUSTRIES,CANADA,CANADA COLORS,TORONTO,UNSPECIFIED,Supplier/Agent Info,,Supplier Contact Name,ieSupplierContactName,,,
RFJOAX_FDC,7,Supplier,CANADIAN INDUSTRIES,CANADA,CANADA COLORS,TORONTO,UNSPECIFIED,Supplier/Agent Info,,Agent Contact Name,ieAgentContactName,,,
RFJOAX_FDC,7,Supplier,CANADIAN INDUSTRIES,CANADA,CANADA COLORS,TORONTO,UNSPECIFIED,Supplier/Agent Info,,Supplier Contact Type,ddlSupType,,,
RFJOAX_FDC,7,Supplier,CANADIAN INDUSTRIES,CANADA,CANADA COLORS,TORONTO,UNSPECIFIED,Supplier/Agent Info,,Agent Contact Type,ddlAgentType,,,
RFJOAX_FDC,7,Supplier,CANADIAN INDUSTRIES,CANADA,CANADA COLORS,TORONTO,UNSPECIFIED,Supplier/Agent Info,,Supplier email,ieSupplierEmail,,,
RFJOAX_FDC,7,Supplier,CANADIAN INDUSTRIES,CANADA,CANADA COLORS,TORONTO,UNSPECIFIED,Supplier/Agent Info,,Agent email,ieAgentEmail,,,
RFJOAX_FDC,7,Supplier,CANADIAN INDUSTRIES,CANADA,CANADA COLORS,TORONTO,UNSPECIFIED,Supplier/Agent Info,,Supplier Phone,ieSupplierPhone,,,
RFJOAX_FDC,7,Supplier,CANADIAN INDUSTRIES,CANADA,CANADA COLORS,TORONTO,UNSPECIFIED,Supplier/Agent Info,,Agent Phone,ieAgentPhone,,,
RFJOAX_FDC,7,Supplier,CANADIAN INDUSTRIES,CANADA,NICHOLS CHEMICAL,CANADA,UNSPECIFIED,Supplier/Agent Info,,Initial Exp Spec Code (hidden),ieInitialExpSpCode,,,
RFJOAX_FDC,7,Supplier,CANADIAN INDUSTRIES,CANADA,NICHOLS CHEMICAL,CANADA,UNSPECIFIED,Supplier/Agent Info,,Material Code,cbMaterialCode,,,RFJOAX_FDC
RFJOAX_FDC,7,Supplier,CANADIAN INDUSTRIES,CANADA,NICHOLS CHEMICAL,CANADA,UNSPECIFIED,Supplier/Agent Info,,Material Description,ieMatDescSupplier,,,FLAKE CAUSTIC SODA
RFJOAX_FDC,7,Supplier,CANADIAN INDUSTRIES,CANADA,NICHOLS CHEMICAL,CANADA,UNSPECIFIED,Supplier/Agent Info,,Supplier,ieSupplier,,,CANADIAN INDUSTRIES
RFJOAX_FDC,7,Supplier,CANADIAN INDUSTRIES,CANADA,NICHOLS CHEMICAL,CANADA,UNSPECIFIED,Supplier/Agent Info,,Agent,ieAgent,,,NICHOLS CHEMICAL
RFJOAX_FDC,7,Supplier,CANADIAN INDUSTRIES,CANADA,NICHOLS CHEMICAL,CANADA,UNSPECIFIED,Supplier/Agent Info,,Supplier Plant,ieSupplierPlant,,,CANADA
RFJOAX_FDC,7,Supplier,CANADIAN INDUSTRIES,CANADA,NICHOLS CHEMICAL,CANADA,UNSPECIFIED,Supplier/Agent Info,,Agent Plant,ieAgentPlant,,,CANADA
RFJOAX_FDC,7,Supplier,CANADIAN INDUSTRIES,CANADA,NICHOLS CHEMICAL,CANADA,UNSPECIFIED,Supplier/Agent Info,,Supplier Plant - City,ieSupplierPlantLocationCity,,,
RFJOAX_FDC,7,Supplier,CANADIAN INDUSTRIES,CANADA,NICHOLS CHEMICAL,CANADA,UNSPECIFIED,Supplier/Agent Info,,Agent Plant - City,ieAgentPlantLocationCity,,,
RFJOAX_FDC,7,Supplier,CANADIAN INDUSTRIES,CANADA,NICHOLS CHEMICAL,CANADA,UNSPECIFIED,Supplier/Agent Info,,Supplier Plant - State,ieSupplierPlantLocationState,,,Others
RFJOAX_FDC,7,Supplier,CANADIAN INDUSTRIES,CANADA,NICHOLS CHEMICAL,CANADA,UNSPECIFIED,Supplier/Agent Info,,Agent Plant - State,ieAgentPlantLocationState,,,Others
RFJOAX_FDC,7,Supplier,CANADIAN INDUSTRIES,CANADA,NICHOLS CHEMICAL,CANADA,UNSPECIFIED,Supplier/Agent Info,,Agent Plant - Country,ieAgentPlantLocationCountry,,,Canada
RFJOAX_FDC,7,Supplier,CANADIAN INDUSTRIES,CANADA,NICHOLS CHEMICAL,CANADA,UNSPECIFIED,Supplier/Agent Info,,Supplier Plant - Country,ieSupplierPlantLocationCountry,,,Canada
RFJOAX_FDC,7,Supplier,CANADIAN INDUSTRIES,CANADA,NICHOLS CHEMICAL,CANADA,UNSPECIFIED,Supplier/Agent Info,,Plant Code,ieSISPlantCode,,,DOESN'T EXIST IN SIS
RFJOAX_FDC,7,Supplier,CANADIAN INDUSTRIES,CANADA,NICHOLS CHEMICAL,CANADA,UNSPECIFIED,Supplier/Agent Info,,Plant Code,ieAgentPlantCode,,,
RFJOAX_FDC,7,Supplier,CANADIAN INDUSTRIES,CANADA,NICHOLS CHEMICAL,CANADA,UNSPECIFIED,Supplier/Agent Info,,Supplier Trade Name,ieSupplierTradeName,,,UNSPECIFIED
RFJOAX_FDC,7,Supplier,CANADIAN INDUSTRIES,CANADA,NICHOLS CHEMICAL,CANADA,UNSPECIFIED,Supplier/Agent Info,,Agent to Break Bulk?,cbBreakBulk,,,0
RFJOAX_FDC,7,Supplier,CANADIAN INDUSTRIES,CANADA,NICHOLS CHEMICAL,CANADA,UNSPECIFIED,Supplier/Agent Info,,Supplier Contact Name,ieSupplierContactName,,,
RFJOAX_FDC,7,Supplier,CANADIAN INDUSTRIES,CANADA,NICHOLS CHEMICAL,CANADA,UNSPECIFIED,Supplier/Agent Info,,Agent Contact Name,ieAgentContactName,,,
RFJOAX_FDC,7,Supplier,CANADIAN INDUSTRIES,CANADA,NICHOLS CHEMICAL,CANADA,UNSPECIFIED,Supplier/Agent Info,,Supplier Contact Type,ddlSupType,,,
RFJOAX_FDC,7,Supplier,CANADIAN INDUSTRIES,CANADA,NICHOLS CHEMICAL,CANADA,UNSPECIFIED,Supplier/Agent Info,,Agent Contact Type,ddlAgentType,,,
RFJOAX_FDC,7,Supplier,CANADIAN INDUSTRIES,CANADA,NICHOLS CHEMICAL,CANADA,UNSPECIFIED,Supplier/Agent Info,,Supplier email,ieSupplierEmail,,,
RFJOAX_FDC,7,Supplier,CANADIAN INDUSTRIES,CANADA,NICHOLS CHEMICAL,CANADA,UNSPECIFIED,Supplier/Agent Info,,Agent email,ieAgentEmail,,,
RFJOAX_FDC,7,Supplier,CANADIAN INDUSTRIES,CANADA,NICHOLS CHEMICAL,CANADA,UNSPECIFIED,Supplier/Agent Info,,Supplier Phone,ieSupplierPhone,,,
RFJOAX_FDC,7,Supplier,CANADIAN INDUSTRIES,CANADA,NICHOLS CHEMICAL,CANADA,UNSPECIFIED,Supplier/Agent Info,,Agent Phone,ieAgentPhone,,,
RFJOAX_FDC,7,Supplier,"ALLIED CHEMICAL, SOLVAY",BRUSSELS,,,UNSPECIFIED,Supplier/Agent Info,,Initial Exp Spec Code (hidden),ieInitialExpSpCode,,,
RFJOAX_FDC,7,Supplier,"ALLIED CHEMICAL, SOLVAY",BRUSSELS,,,UNSPECIFIED,Supplier/Agent Info,,Material Code,cbMaterialCode,,,RFJOAX_FDC
RFJOAX_FDC,7,Supplier,"ALLIED CHEMICAL, SOLVAY",BRUSSELS,,,UNSPECIFIED,Supplier/Agent Info,,Material Description,ieMatDescSupplier,,,FLAKE CAUSTIC SODA
RFJOAX_FDC,7,Supplier,"ALLIED CHEMICAL, SOLVAY",BRUSSELS,,,UNSPECIFIED,Supplier/Agent Info,,Supplier,ieSupplier,,,"ALLIED CHEMICAL, SOLVAY"
RFJOAX_FDC,7,Supplier,"ALLIED CHEMICAL, SOLVAY",BRUSSELS,,,UNSPECIFIED,Supplier/Agent Info,,Agent,ieAgent,,,
RFJOAX_FDC,7,Supplier,"ALLIED CHEMICAL, SOLVAY",BRUSSELS,,,UNSPECIFIED,Supplier/Agent Info,,Supplier Plant,ieSupplierPlant,,,BRUSSELS
RFJOAX_FDC,7,Supplier,"ALLIED CHEMICAL, SOLVAY",BRUSSELS,,,UNSPECIFIED,Supplier/Agent Info,,Agent Plant,ieAgentPlant,,,
RFJOAX_FDC,7,Supplier,"ALLIED CHEMICAL, SOLVAY",BRUSSELS,,,UNSPECIFIED,Supplier/Agent Info,,Supplier Plant - City,ieSupplierPlantLocationCity,,,Brussels
RFJOAX_FDC,7,Supplier,"ALLIED CHEMICAL, SOLVAY",BRUSSELS,,,UNSPECIFIED,Supplier/Agent Info,,Agent Plant - City,ieAgentPlantLocationCity,,,
RFJOAX_FDC,7,Supplier,"ALLIED CHEMICAL, SOLVAY",BRUSSELS,,,UNSPECIFIED,Supplier/Agent Info,,Supplier Plant - State,ieSupplierPlantLocationState,,,Others
RFJOAX_FDC,7,Supplier,"ALLIED CHEMICAL, SOLVAY",BRUSSELS,,,UNSPECIFIED,Supplier/Agent Info,,Agent Plant - State,ieAgentPlantLocationState,,,
RFJOAX_FDC,7,Supplier,"ALLIED CHEMICAL, SOLVAY",BRUSSELS,,,UNSPECIFIED,Supplier/Agent Info,,Agent Plant - Country,ieAgentPlantLocationCountry,,,
RFJOAX_FDC,7,Supplier,"ALLIED CHEMICAL, SOLVAY",BRUSSELS,,,UNSPECIFIED,Supplier/Agent Info,,Supplier Plant - Country,ieSupplierPlantLocationCountry,,,Belgium
RFJOAX_FDC,7,Supplier,"ALLIED CHEMICAL, SOLVAY",BRUSSELS,,,UNSPECIFIED,Supplier/Agent Info,,Plant Code,ieSISPlantCode,,,DOESN'T EXIST IN SIS
RFJOAX_FDC,7,Supplier,"ALLIED CHEMICAL, SOLVAY",BRUSSELS,,,UNSPECIFIED,Supplier/Agent Info,,Plant Code,ieAgentPlantCode,,,
RFJOAX_FDC,7,Supplier,"ALLIED CHEMICAL, SOLVAY",BRUSSELS,,,UNSPECIFIED,Supplier/Agent Info,,Supplier Trade Name,ieSupplierTradeName,,,UNSPECIFIED
RFJOAX_FDC,7,Supplier,"ALLIED CHEMICAL, SOLVAY",BRUSSELS,,,UNSPECIFIED,Supplier/Agent Info,,Agent to Break Bulk?,cbBreakBulk,,,0
RFJOAX_FDC,7,Supplier,"ALLIED CHEMICAL, SOLVAY",BRUSSELS,,,UNSPECIFIED,Supplier/Agent Info,,Supplier Contact Name,ieSupplierContactName,,,
RFJOAX_FDC,7,Supplier,"ALLIED CHEMICAL, SOLVAY",BRUSSELS,,,UNSPECIFIED,Supplier/Agent Info,,Agent Contact Name,ieAgentContactName,,,
RFJOAX_FDC,7,Supplier,"ALLIED CHEMICAL, SOLVAY",BRUSSELS,,,UNSPECIFIED,Supplier/Agent Info,,Supplier Contact Type,ddlSupType,,,
RFJOAX_FDC,7,Supplier,"ALLIED CHEMICAL, SOLVAY",BRUSSELS,,,UNSPECIFIED,Supplier/Agent Info,,Agent Contact Type,ddlAgentType,,,
RFJOAX_FDC,7,Supplier,"ALLIED CHEMICAL, SOLVAY",BRUSSELS,,,UNSPECIFIED,Supplier/Agent Info,,Supplier email,ieSupplierEmail,,,
RFJOAX_FDC,7,Supplier,"ALLIED CHEMICAL, SOLVAY",BRUSSELS,,,UNSPECIFIED,Supplier/Agent Info,,Agent email,ieAgentEmail,,,
RFJOAX_FDC,7,Supplier,"ALLIED CHEMICAL, SOLVAY",BRUSSELS,,,UNSPECIFIED,Supplier/Agent Info,,Supplier Phone,ieSupplierPhone,,,
RFJOAX_FDC,7,Supplier,"ALLIED CHEMICAL, SOLVAY",BRUSSELS,,,UNSPECIFIED,Supplier/Agent Info,,Agent Phone,ieAgentPhone,,,
RFJOAX_FDC,7,Supplier,BILLARPUR,INDIA,,,UNSPECIFIED,Supplier/Agent Info,,Initial Exp Spec Code (hidden),ieInitialExpSpCode,,,
RFJOAX_FDC,7,Supplier,BILLARPUR,INDIA,,,UNSPECIFIED,Supplier/Agent Info,,Material Code,cbMaterialCode,,,RFJOAX_FDC
RFJOAX_FDC,7,Supplier,BILLARPUR,INDIA,,,UNSPECIFIED,Supplier/Agent Info,,Material Description,ieMatDescSupplier,,,FLAKE CAUSTIC SODA
RFJOAX_FDC,7,Supplier,BILLARPUR,INDIA,,,UNSPECIFIED,Supplier/Agent Info,,Supplier,ieSupplier,,,BILLARPUR
RFJOAX_FDC,7,Supplier,BILLARPUR,INDIA,,,UNSPECIFIED,Supplier/Agent Info,,Agent,ieAgent,,,
RFJOAX_FDC,7,Supplier,BILLARPUR,INDIA,,,UNSPECIFIED,Supplier/Agent Info,,Supplier Plant,ieSupplierPlant,,,INDIA
RFJOAX_FDC,7,Supplier,BILLARPUR,INDIA,,,UNSPECIFIED,Supplier/Agent Info,,Agent Plant,ieAgentPlant,,,
RFJOAX_FDC,7,Supplier,BILLARPUR,INDIA,,,UNSPECIFIED,Supplier/Agent Info,,Supplier Plant - City,ieSupplierPlantLocationCity,,,
RFJOAX_FDC,7,Supplier,BILLARPUR,INDIA,,,UNSPECIFIED,Supplier/Agent Info,,Agent Plant - City,ieAgentPlantLocationCity,,,
RFJOAX_FDC,7,Supplier,BILLARPUR,INDIA,,,UNSPECIFIED,Supplier/Agent Info,,Supplier Plant - State,ieSupplierPlantLocationState,,,Others
RFJOAX_FDC,7,Supplier,BILLARPUR,INDIA,,,UNSPECIFIED,Supplier/Agent Info,,Agent Plant - State,ieAgentPlantLocationState,,,
RFJOAX_FDC,7,Supplier,BILLARPUR,INDIA,,,UNSPECIFIED,Supplier/Agent Info,,Agent Plant - Country,ieAgentPlantLocationCountry,,,
RFJOAX_FDC,7,Supplier,BILLARPUR,INDIA,,,UNSPECIFIED,Supplier/Agent Info,,Supplier Plant - Country,ieSupplierPlantLocationCountry,,,India
RFJOAX_FDC,7,Supplier,BILLARPUR,INDIA,,,UNSPECIFIED,Supplier/Agent Info,,Plant Code,ieSISPlantCode,,,
RFJOAX_FDC,7,Supplier,BILLARPUR,INDIA,,,UNSPECIFIED,Supplier/Agent Info,,Plant Code,ieAgentPlantCode,,,
RFJOAX_FDC,7,Supplier,BILLARPUR,INDIA,,,UNSPECIFIED,Supplier/Agent Info,,Supplier Trade Name,ieSupplierTradeName,,,UNSPECIFIED
RFJOAX_FDC,7,Supplier,BILLARPUR,INDIA,,,UNSPECIFIED,Supplier/Agent Info,,Agent to Break Bulk?,cbBreakBulk,,,0
RFJOAX_FDC,7,Supplier,BILLARPUR,INDIA,,,UNSPECIFIED,Supplier/Agent Info,,Supplier Contact Name,ieSupplierContactName,,,
RFJOAX_FDC,7,Supplier,BILLARPUR,INDIA,,,UNSPECIFIED,Supplier/Agent Info,,Agent Contact Name,ieAgentContactName,,,
RFJOAX_FDC,7,Supplier,BILLARPUR,INDIA,,,UNSPECIFIED,Supplier/Agent Info,,Supplier Contact Type,ddlSupType,,,
RFJOAX_FDC,7,Supplier,BILLARPUR,INDIA,,,UNSPECIFIED,Supplier/Agent Info,,Agent Contact Type,ddlAgentType,,,
RFJOAX_FDC,7,Supplier,BILLARPUR,INDIA,,,UNSPECIFIED,Supplier/Agent Info,,Supplier email,ieSupplierEmail,,,
RFJOAX_FDC,7,Supplier,BILLARPUR,INDIA,,,UNSPECIFIED,Supplier/Agent Info,,Agent email,ieAgentEmail,,,
RFJOAX_FDC,7,Supplier,BILLARPUR,INDIA,,,UNSPECIFIED,Supplier/Agent Info,,Supplier Phone,ieSupplierPhone,,,
RFJOAX_FDC,7,Supplier,BILLARPUR,INDIA,,,UNSPECIFIED,Supplier/Agent Info,,Agent Phone,ieAgentPhone,,,
RFJOAX_FDC,7,Supplier,INDUSTRIAS QUIMICAS DEL ISTMO,MEXICO,ESPECIALIDADES,MEXICO,SOSA CAUSTICA EN ECOMAS,Supplier/Agent Info,,Initial Exp Spec Code (hidden),ieInitialExpSpCode,,,
RFJOAX_FDC,7,Supplier,INDUSTRIAS QUIMICAS DEL ISTMO,MEXICO,ESPECIALIDADES,MEXICO,SOSA CAUSTICA EN ECOMAS,Supplier/Agent Info,,Material Code,cbMaterialCode,,,RFJOAX_FDC
RFJOAX_FDC,7,Supplier,INDUSTRIAS QUIMICAS DEL ISTMO,MEXICO,ESPECIALIDADES,MEXICO,SOSA CAUSTICA EN ECOMAS,Supplier/Agent Info,,Material Description,ieMatDescSupplier,,,FLAKE CAUSTIC SODA
RFJOAX_FDC,7,Supplier,INDUSTRIAS QUIMICAS DEL ISTMO,MEXICO,ESPECIALIDADES,MEXICO,SOSA CAUSTICA EN ECOMAS,Supplier/Agent Info,,Supplier,ieSupplier,,,INDUSTRIAS QUIMICAS DEL ISTMO
RFJOAX_FDC,7,Supplier,INDUSTRIAS QUIMICAS DEL ISTMO,MEXICO,ESPECIALIDADES,MEXICO,SOSA CAUSTICA EN ECOMAS,Supplier/Agent Info,,Agent,ieAgent,,,ESPECIALIDADES
RFJOAX_FDC,7,Supplier,INDUSTRIAS QUIMICAS DEL ISTMO,MEXICO,ESPECIALIDADES,MEXICO,SOSA CAUSTICA EN ECOMAS,Supplier/Agent Info,,Supplier Plant,ieSupplierPlant,,,MEXICO
RFJOAX_FDC,7,Supplier,INDUSTRIAS QUIMICAS DEL ISTMO,MEXICO,ESPECIALIDADES,MEXICO,SOSA CAUSTICA EN ECOMAS,Supplier/Agent Info,,Agent Plant,ieAgentPlant,,,MEXICO
RFJOAX_FDC,7,Supplier,INDUSTRIAS QUIMICAS DEL ISTMO,MEXICO,ESPECIALIDADES,MEXICO,SOSA CAUSTICA EN ECOMAS,Supplier/Agent Info,,Supplier Plant - City,ieSupplierPlantLocationCity,,,
RFJOAX_FDC,7,Supplier,INDUSTRIAS QUIMICAS DEL ISTMO,MEXICO,ESPECIALIDADES,MEXICO,SOSA CAUSTICA EN ECOMAS,Supplier/Agent Info,,Agent Plant - City,ieAgentPlantLocationCity,,,
RFJOAX_FDC,7,Supplier,INDUSTRIAS QUIMICAS DEL ISTMO,MEXICO,ESPECIALIDADES,MEXICO,SOSA CAUSTICA EN ECOMAS,Supplier/Agent Info,,Supplier Plant - State,ieSupplierPlantLocationState,,,Others
RFJOAX_FDC,7,Supplier,INDUSTRIAS QUIMICAS DEL ISTMO,MEXICO,ESPECIALIDADES,MEXICO,SOSA CAUSTICA EN ECOMAS,Supplier/Agent Info,,Agent Plant - State,ieAgentPlantLocationState,,,Others
RFJOAX_FDC,7,Supplier,INDUSTRIAS QUIMICAS DEL ISTMO,MEXICO,ESPECIALIDADES,MEXICO,SOSA CAUSTICA EN ECOMAS,Supplier/Agent Info,,Agent Plant - Country,ieAgentPlantLocationCountry,,,Mexico
RFJOAX_FDC,7,Supplier,INDUSTRIAS QUIMICAS DEL ISTMO,MEXICO,ESPECIALIDADES,MEXICO,SOSA CAUSTICA EN ECOMAS,Supplier/Agent Info,,Supplier Plant - Country,ieSupplierPlantLocationCountry,,,Mexico
RFJOAX_FDC,7,Supplier,INDUSTRIAS QUIMICAS DEL ISTMO,MEXICO,ESPECIALIDADES,MEXICO,SOSA CAUSTICA EN ECOMAS,Supplier/Agent Info,,Plant Code,ieSISPlantCode,,,DOESN'T EXIST IN SIS
RFJOAX_FDC,7,Supplier,INDUSTRIAS QUIMICAS DEL ISTMO,MEXICO,ESPECIALIDADES,MEXICO,SOSA CAUSTICA EN ECOMAS,Supplier/Agent Info,,Plant Code,ieAgentPlantCode,,,
RFJOAX_FDC,7,Supplier,INDUSTRIAS QUIMICAS DEL ISTMO,MEXICO,ESPECIALIDADES,MEXICO,SOSA CAUSTICA EN ECOMAS,Supplier/Agent Info,,Supplier Trade Name,ieSupplierTradeName,,,SOSA CAUSTICA EN ECOMAS
RFJOAX_FDC,7,Supplier,INDUSTRIAS QUIMICAS DEL ISTMO,MEXICO,ESPECIALIDADES,MEXICO,SOSA CAUSTICA EN ECOMAS,Supplier/Agent Info,,Agent to Break Bulk?,cbBreakBulk,,,0
RFJOAX_FDC,7,Supplier,INDUSTRIAS QUIMICAS DEL ISTMO,MEXICO,ESPECIALIDADES,MEXICO,SOSA CAUSTICA EN ECOMAS,Supplier/Agent Info,,Supplier Contact Name,ieSupplierContactName,,,
RFJOAX_FDC,7,Supplier,INDUSTRIAS QUIMICAS DEL ISTMO,MEXICO,ESPECIALIDADES,MEXICO,SOSA CAUSTICA EN ECOMAS,Supplier/Agent Info,,Agent Contact Name,ieAgentContactName,,,
RFJOAX_FDC,7,Supplier,INDUSTRIAS QUIMICAS DEL ISTMO,MEXICO,ESPECIALIDADES,MEXICO,SOSA CAUSTICA EN ECOMAS,Supplier/Agent Info,,Supplier Contact Type,ddlSupType,,,
RFJOAX_FDC,7,Supplier,INDUSTRIAS QUIMICAS DEL ISTMO,MEXICO,ESPECIALIDADES,MEXICO,SOSA CAUSTICA EN ECOMAS,Supplier/Agent Info,,Agent Contact Type,ddlAgentType,,,
RFJOAX_FDC,7,Supplier,INDUSTRIAS QUIMICAS DEL ISTMO,MEXICO,ESPECIALIDADES,MEXICO,SOSA CAUSTICA EN ECOMAS,Supplier/Agent Info,,Supplier email,ieSupplierEmail,,,
RFJOAX_FDC,7,Supplier,INDUSTRIAS QUIMICAS DEL ISTMO,MEXICO,ESPECIALIDADES,MEXICO,SOSA CAUSTICA EN ECOMAS,Supplier/Agent Info,,Agent email,ieAgentEmail,,,
RFJOAX_FDC,7,Supplier,INDUSTRIAS QUIMICAS DEL ISTMO,MEXICO,ESPECIALIDADES,MEXICO,SOSA CAUSTICA EN ECOMAS,Supplier/Agent Info,,Supplier Phone,ieSupplierPhone,,,
RFJOAX_FDC,7,Supplier,INDUSTRIAS QUIMICAS DEL ISTMO,MEXICO,ESPECIALIDADES,MEXICO,SOSA CAUSTICA EN ECOMAS,Supplier/Agent Info,,Agent Phone,ieAgentPhone,,,
RFTEST1,1,,,,,,,Reinforcement General Information,,Material Class,ieMaterialClass,,,WIRE
RFTEST1,1,,,,,,,Reinforcement General Information,,Material Subclass,ieMaterialSubclass,,,CABLE BEAD
RFTEST1,1,,,,,,,Reinforcement General Information,,Material Code,cbMaterialCode,,,RFTEST1
RFTEST1,1,,,,,,,Reinforcement General Information,,SAP Material Type,cbGBSMatType,,,WIRE
RFTEST1,1,,,,,,,Reinforcement General Information,,SAP Secondary Material Type,cbGBSMatSecType,,,CABLBD
RFTEST1,1,,,,,,,Reinforcement General Information,,SAP Type of Component,cbGBSTypeComp,,,WIRE
RFTEST1,1,,,,,,,Reinforcement General Information,,Initial Exp Spec Code (hidden),ieInitialExpSpCode,,,
RFTEST1,1,,,,,,,Reinforcement General Information,,,ieSAPStatusCode,,,Y1
RFTEST1,1,,,,,,,Reinforcement General Information,,SAP Status,ddlSAPStatusDesc,,,Active (Non Development line-up)
RFTEST1,1,,,,,,,Reinforcement - Basic,2,Construction Code - Fabric,cbConCodeFabric,,,
RFTEST1,1,,,,,,,Reinforcement - Basic,2,Construction Code - Square Woven,cbConCodeSqWov,,,
RFTEST1,1,,,,,,,Reinforcement - Basic,2,Construction Code - Wire/Cable,cbConCodeWirCab,,,
RFTEST1,1,,,,,,,Reinforcement - Basic,2,Processing Code,cbFabricProcCode,,,
RFTEST1,1,,,,,,,Reinforcement - Basic,2,Cord Density Code,cbCordDensCode,,,
RFTEST1,1,,,,,,,Reinforcement - Basic,2,EPI,cbEPI,,,
RFTEST1,1,,,,,,,Reinforcement - Basic,2,Fill Cord (Type),ddlFillCord,,,
RFTEST1,1,,,,,,,Reinforcement - Basic,2,Linear Fill Cord Weight (DEN),efLinCorWt,,,
RFTEST1,1,,,,,,,Reinforcement - Basic,2,Picks per Meter,efPicksPerMeter,,,
RFTEST1,1,,,,,,,Reinforcement - Basic,2,SAP/SOS Description,efSAPSOSDesc,,,Bhaskar test
RFTEST1,1,,,,,,,Reinforcement - Basic,2,Update Spec Description (hidden),ieSAPSpecDesc,,,
RFTEST1,1,,,,,,,Reinforcement - Basic,2,Cable Bead Inside Diameter (mm),efCBInsideDia,,,
RFTEST1,1,,,,,,,Reinforcement - Basic,2,Cable Bead Comp. Weight (kg),efCBCompWeight,,,
RFTEST1,1,,,,,,,Reinforcement - Basic,2,Cable Bead Gauge (mm),efCBGauge,,,
RFTEST1,1,,,,,,,Reinforcement - Basic,2,Cable Bead Coating,ddlCBCoating,,,
RFTEST1,1,Supplier,GOODYEAR TIRE AND RUBBER,AKRON,,,UNSPECIFIED,Supplier/Agent Info,,Initial Exp Spec Code (hidden),ieInitialExpSpCode,,,
RFTEST1,1,Supplier,GOODYEAR TIRE AND RUBBER,AKRON,,,UNSPECIFIED,Supplier/Agent Info,,Material Code,cbMaterialCode,,,RFTEST1
RFTEST1,1,Supplier,GOODYEAR TIRE AND RUBBER,AKRON,,,UNSPECIFIED,Supplier/Agent Info,,Material Description,ieMatDescSupplier,,,Bhaskar test
RFTEST1,1,Supplier,GOODYEAR TIRE AND RUBBER,AKRON,,,UNSPECIFIED,Supplier/Agent Info,,Supplier,ieSupplier,,,GOODYEAR TIRE AND RUBBER
RFTEST1,1,Supplier,GOODYEAR TIRE AND RUBBER,AKRON,,,UNSPECIFIED,Supplier/Agent Info,,Agent,ieAgent,,,
RFTEST1,1,Supplier,GOODYEAR TIRE AND RUBBER,AKRON,,,UNSPECIFIED,Supplier/Agent Info,,Supplier Plant,ieSupplierPlant,,,AKRON
RFTEST1,1,Supplier,GOODYEAR TIRE AND RUBBER,AKRON,,,UNSPECIFIED,Supplier/Agent Info,,Agent Plant,ieAgentPlant,,,
RFTEST1,1,Supplier,GOODYEAR TIRE AND RUBBER,AKRON,,,UNSPECIFIED,Supplier/Agent Info,,Supplier Plant - City,ieSupplierPlantLocationCity,,,Akron
RFTEST1,1,Supplier,GOODYEAR TIRE AND RUBBER,AKRON,,,UNSPECIFIED,Supplier/Agent Info,,Agent Plant - City,ieAgentPlantLocationCity,,,
RFTEST1,1,Supplier,GOODYEAR TIRE AND RUBBER,AKRON,,,UNSPECIFIED,Supplier/Agent Info,,Supplier Plant - State,ieSupplierPlantLocationState,,,OH
RFTEST1,1,Supplier,GOODYEAR TIRE AND RUBBER,AKRON,,,UNSPECIFIED,Supplier/Agent Info,,Agent Plant - State,ieAgentPlantLocationState,,,
RFTEST1,1,Supplier,GOODYEAR TIRE AND RUBBER,AKRON,,,UNSPECIFIED,Supplier/Agent Info,,Agent Plant - Country,ieAgentPlantLocationCountry,,,
RFTEST1,1,Supplier,GOODYEAR TIRE AND RUBBER,AKRON,,,UNSPECIFIED,Supplier/Agent Info,,Supplier Plant - Country,ieSupplierPlantLocationCountry,,,USA
RFTEST1,1,Supplier,GOODYEAR TIRE AND RUBBER,AKRON,,,UNSPECIFIED,Supplier/Agent Info,,Plant Code,ieSISPlantCode,,,
RFTEST1,1,Supplier,GOODYEAR TIRE AND RUBBER,AKRON,,,UNSPECIFIED,Supplier/Agent Info,,Plant Code,ieAgentPlantCode,,,
RFTEST1,1,Supplier,GOODYEAR TIRE AND RUBBER,AKRON,,,UNSPECIFIED,Supplier/Agent Info,,Supplier Trade Name,ieSupplierTradeName,,,UNSPECIFIED
RFTEST1,1,Supplier,GOODYEAR TIRE AND RUBBER,AKRON,,,UNSPECIFIED,Supplier/Agent Info,,Agent to Break Bulk?,cbBreakBulk,,,0
RFTEST1,1,Supplier,GOODYEAR TIRE AND RUBBER,AKRON,,,UNSPECIFIED,Supplier/Agent Info,,Supplier Contact Name,ieSupplierContactName,,,
RFTEST1,1,Supplier,GOODYEAR TIRE AND RUBBER,AKRON,,,UNSPECIFIED,Supplier/Agent Info,,Agent Contact Name,ieAgentContactName,,,
RFTEST1,1,Supplier,GOODYEAR TIRE AND RUBBER,AKRON,,,UNSPECIFIED,Supplier/Agent Info,,Supplier Contact Type,ddlSupType,,,
RFTEST1,1,Supplier,GOODYEAR TIRE AND RUBBER,AKRON,,,UNSPECIFIED,Supplier/Agent Info,,Agent Contact Type,ddlAgentType,,,
RFTEST1,1,Supplier,GOODYEAR TIRE AND RUBBER,AKRON,,,UNSPECIFIED,Supplier/Agent Info,,Supplier email,ieSupplierEmail,,,
RFTEST1,1,Supplier,GOODYEAR TIRE AND RUBBER,AKRON,,,UNSPECIFIED,Supplier/Agent Info,,Agent email,ieAgentEmail,,,
RFTEST1,1,Supplier,GOODYEAR TIRE AND RUBBER,AKRON,,,UNSPECIFIED,Supplier/Agent Info,,Supplier Phone,ieSupplierPhone,,,
RFTEST1,1,Supplier,GOODYEAR TIRE AND RUBBER,AKRON,,,UNSPECIFIED,Supplier/Agent Info,,Agent Phone,ieAgentPhone,,,
RFRW31SH,1,,,,,,,Reinforcement General Information,,Material Class,ieMaterialClass,,,FABRIC
RFRW31SH,1,,,,,,,Reinforcement General Information,,Material Subclass,ieMaterialSubclass,,,RAYON
RFRW31SH,1,,,,,,,Reinforcement General Information,,Material Code,cbMaterialCode,,,RFRW31SH
RFRW31SH,1,,,,,,,Reinforcement General Information,,SAP Material Type,cbGBSMatType,,,FABR
RFRW31SH,1,,,,,,,Reinforcement General Information,,SAP Secondary Material Type,cbGBSMatSecType,,,FABR
RFRW31SH,1,,,,,,,Reinforcement General Information,,SAP Type of Component,cbGBSTypeComp,,,FABR
RFRW31SH,1,,,,,,,Reinforcement General Information,,Initial Exp Spec Code (hidden),ieInitialExpSpCode,,,GTC1240SH
RFRW31SH,1,,,,,,,Reinforcement General Information,,,ieSAPStatusCode,,,Y1
RFRW31SH,1,,,,,,,Reinforcement General Information,,SAP Status,ddlSAPStatusDesc,,,Active (Non Development line-up)
RFRW31SH,1,,,,,,,Reinforcement - Basic,2,Construction Code - Fabric,cbConCodeFabric,,,RW
RFRW31SH,1,,,,,,,Reinforcement - Basic,2,Construction Code - Square Woven,cbConCodeSqWov,,,
RFRW31SH,1,,,,,,,Reinforcement - Basic,2,Construction Code - Wire/Cable,cbConCodeWirCab,,,
RFRW31SH,1,,,,,,,Reinforcement - Basic,2,Processing Code,cbFabricProcCode,,,SH
RFRW31SH,1,,,,,,,Reinforcement - Basic,2,Cord Density Code,cbCordDensCode,,,31
RFRW31SH,1,,,,,,,Reinforcement - Basic,2,EPI,cbEPI,,,31.0
RFRW31SH,1,,,,,,,Reinforcement - Basic,2,Fill Cord (Type),ddlFillCord,,,Extensible
RFRW31SH,1,,,,,,,Reinforcement - Basic,2,Linear Fill Cord Weight (DEN),efLinCorWt,,,221
RFRW31SH,1,,,,,,,Reinforcement - Basic,2,Picks per Meter,efPicksPerMeter,,,70
RFRW31SH,1,,,,,,,Reinforcement - Basic,2,SAP/SOS Description,efSAPSOSDesc,,,"RAYON, HWM, 1220/1/2, 12.3/12.3, 31.00 EPI, SH"
RFRW31SH,1,,,,,,,Reinforcement - Basic,2,Update Spec Description (hidden),ieSAPSpecDesc,,,
RFRW31SH,1,,,,,,,Reinforcement - Basic,2,Cable Bead Inside Diameter (mm),efCBInsideDia,,,
RFRW31SH,1,,,,,,,Reinforcement - Basic,2,Cable Bead Comp. Weight (kg),efCBCompWeight,,,
RFRW31SH,1,,,,,,,Reinforcement - Basic,2,Cable Bead Gauge (mm),efCBGauge,,,
RFRW31SH,1,,,,,,,Reinforcement - Basic,2,Cable Bead Coating,ddlCBCoating,,,
RFRW31SH,1,Supplier,INDORAMA VENTURES MOBILITY,LUXEMBOURG,INDORAMA VENTURES MOBILITY,LUXEMBOURG,Q09RW31SH,Supplier/Agent Info,,Initial Exp Spec Code (hidden),ieInitialExpSpCode,,,GTC1240SH
RFRW31SH,1,Supplier,INDORAMA VENTURES MOBILITY,LUXEMBOURG,INDORAMA VENTURES MOBILITY,LUXEMBOURG,Q09RW31SH,Supplier/Agent Info,,Material Code,cbMaterialCode,,,RFRW31SH
RFRW31SH,1,Supplier,INDORAMA VENTURES MOBILITY,LUXEMBOURG,INDORAMA VENTURES MOBILITY,LUXEMBOURG,Q09RW31SH,Supplier/Agent Info,,Material Description,ieMatDescSupplier,,,"RAYON, HWM, 1220/1/2, 12.3/12.3, 31.00 EPI, SH"
RFRW31SH,1,Supplier,INDORAMA VENTURES MOBILITY,LUXEMBOURG,INDORAMA VENTURES MOBILITY,LUXEMBOURG,Q09RW31SH,Supplier/Agent Info,,Supplier,ieSupplier,,,INDORAMA VENTURES MOBILITY
RFRW31SH,1,Supplier,INDORAMA VENTURES MOBILITY,LUXEMBOURG,INDORAMA VENTURES MOBILITY,LUXEMBOURG,Q09RW31SH,Supplier/Agent Info,,Agent,ieAgent,,,INDORAMA VENTURES MOBILITY
RFRW31SH,1,Supplier,INDORAMA VENTURES MOBILITY,LUXEMBOURG,INDORAMA VENTURES MOBILITY,LUXEMBOURG,Q09RW31SH,Supplier/Agent Info,,Supplier Plant,ieSupplierPlant,,,LUXEMBOURG
RFRW31SH,1,Supplier,INDORAMA VENTURES MOBILITY,LUXEMBOURG,INDORAMA VENTURES MOBILITY,LUXEMBOURG,Q09RW31SH,Supplier/Agent Info,,Agent Plant,ieAgentPlant,,,LUXEMBOURG
RFRW31SH,1,Supplier,INDORAMA VENTURES MOBILITY,LUXEMBOURG,INDORAMA VENTURES MOBILITY,LUXEMBOURG,Q09RW31SH,Supplier/Agent Info,,Supplier Plant - City,ieSupplierPlantLocationCity,,,Steinfort
RFRW31SH,1,Supplier,INDORAMA VENTURES MOBILITY,LUXEMBOURG,INDORAMA VENTURES MOBILITY,LUXEMBOURG,Q09RW31SH,Supplier/Agent Info,,Agent Plant - City,ieAgentPlantLocationCity,,,Steinfort
RFRW31SH,1,Supplier,INDORAMA VENTURES MOBILITY,LUXEMBOURG,INDORAMA VENTURES MOBILITY,LUXEMBOURG,Q09RW31SH,Supplier/Agent Info,,Supplier Plant - State,ieSupplierPlantLocationState,,,Others
RFRW31SH,1,Supplier,INDORAMA VENTURES MOBILITY,LUXEMBOURG,INDORAMA VENTURES MOBILITY,LUXEMBOURG,Q09RW31SH,Supplier/Agent Info,,Agent Plant - State,ieAgentPlantLocationState,,,Others
RFRW31SH,1,Supplier,INDORAMA VENTURES MOBILITY,LUXEMBOURG,INDORAMA VENTURES MOBILITY,LUXEMBOURG,Q09RW31SH,Supplier/Agent Info,,Agent Plant - Country,ieAgentPlantLocationCountry,,,Luxembourg
RFRW31SH,1,Supplier,INDORAMA VENTURES MOBILITY,LUXEMBOURG,INDORAMA VENTURES MOBILITY,LUXEMBOURG,Q09RW31SH,Supplier/Agent Info,,Supplier Plant - Country,ieSupplierPlantLocationCountry,,,Luxembourg
RFRW31SH,1,Supplier,INDORAMA VENTURES MOBILITY,LUXEMBOURG,INDORAMA VENTURES MOBILITY,LUXEMBOURG,Q09RW31SH,Supplier/Agent Info,,Plant Code,ieSISPlantCode,,,EGN
RFRW31SH,1,Supplier,INDORAMA VENTURES MOBILITY,LUXEMBOURG,INDORAMA VENTURES MOBILITY,LUXEMBOURG,Q09RW31SH,Supplier/Agent Info,,Plant Code,ieAgentPlantCode,,,EGN
RFRW31SH,1,Supplier,INDORAMA VENTURES MOBILITY,LUXEMBOURG,INDORAMA VENTURES MOBILITY,LUXEMBOURG,Q09RW31SH,Supplier/Agent Info,,Supplier Trade Name,ieSupplierTradeName,,,Q09RW31SH
RFRW31SH,1,Supplier,INDORAMA VENTURES MOBILITY,LUXEMBOURG,INDORAMA VENTURES MOBILITY,LUXEMBOURG,Q09RW31SH,Supplier/Agent Info,,Agent to Break Bulk?,cbBreakBulk,,,0
RFRW31SH,1,Supplier,INDORAMA VENTURES MOBILITY,LUXEMBOURG,INDORAMA VENTURES MOBILITY,LUXEMBOURG,Q09RW31SH,Supplier/Agent Info,,Supplier Contact Name,ieSupplierContactName,,,
RFRW31SH,1,Supplier,INDORAMA VENTURES MOBILITY,LUXEMBOURG,INDORAMA VENTURES MOBILITY,LUXEMBOURG,Q09RW31SH,Supplier/Agent Info,,Agent Contact Name,ieAgentContactName,,,
RFRW31SH,1,Supplier,INDORAMA VENTURES MOBILITY,LUXEMBOURG,INDORAMA VENTURES MOBILITY,LUXEMBOURG,Q09RW31SH,Supplier/Agent Info,,Supplier Contact Type,ddlSupType,,,
RFRW31SH,1,Supplier,INDORAMA VENTURES MOBILITY,LUXEMBOURG,INDORAMA VENTURES MOBILITY,LUXEMBOURG,Q09RW31SH,Supplier/Agent Info,,Agent Contact Type,ddlAgentType,,,
RFRW31SH,1,Supplier,INDORAMA VENTURES MOBILITY,LUXEMBOURG,INDORAMA VENTURES MOBILITY,LUXEMBOURG,Q09RW31SH,Supplier/Agent Info,,Supplier email,ieSupplierEmail,,,
RFRW31SH,1,Supplier,INDORAMA VENTURES MOBILITY,LUXEMBOURG,INDORAMA VENTURES MOBILITY,LUXEMBOURG,Q09RW31SH,Supplier/Agent Info,,Agent email,ieAgentEmail,,,
RFRW31SH,1,Supplier,INDORAMA VENTURES MOBILITY,LUXEMBOURG,INDORAMA VENTURES MOBILITY,LUXEMBOURG,Q09RW31SH,Supplier/Agent Info,,Supplier Phone,ieSupplierPhone,,,
RFRW31SH,1,Supplier,INDORAMA VENTURES MOBILITY,LUXEMBOURG,INDORAMA VENTURES MOBILITY,LUXEMBOURG,Q09RW31SH,Supplier/Agent Info,,Agent Phone,ieAgentPhone,,,
RFZ01NG30GA,1,,,,,,,Reinforcement General Information,,Material Class,ieMaterialClass,,,YARN
RFZ01NG30GA,1,,,,,,,Reinforcement General Information,,Material Subclass,ieMaterialSubclass,,,"NYLON 6,6"
RFZ01NG30GA,1,,,,,,,Reinforcement General Information,,Material Code,cbMaterialCode,,,RFZ01NG30GA
RFZ01NG30GA,1,,,,,,,Reinforcement General Information,,SAP Material Type,cbGBSMatType,,,FABR
RFZ01NG30GA,1,,,,,,,Reinforcement General Information,,SAP Secondary Material Type,cbGBSMatSecType,,,FABR
RFZ01NG30GA,1,,,,,,,Reinforcement General Information,,SAP Type of Component,cbGBSTypeComp,,,FABR
RFZ01NG30GA,1,,,,,,,Reinforcement General Information,,Initial Exp Spec Code (hidden),ieInitialExpSpCode,,,
RFZ01NG30GA,1,,,,,,,Reinforcement General Information,,,ieSAPStatusCode,,,Y1
RFZ01NG30GA,1,,,,,,,Reinforcement General Information,,SAP Status,ddlSAPStatusDesc,,,Active (Non Development line-up)
RFZ01NG30GA,1,,,,,,,Reinforcement - Basic,2,Construction Code - Fabric,cbConCodeFabric,,,
RFZ01NG30GA,1,,,,,,,Reinforcement - Basic,2,Construction Code - Square Woven,cbConCodeSqWov,,,
RFZ01NG30GA,1,,,,,,,Reinforcement - Basic,2,Construction Code - Wire/Cable,cbConCodeWirCab,,,
RFZ01NG30GA,1,,,,,,,Reinforcement - Basic,2,Processing Code,cbFabricProcCode,,,
RFZ01NG30GA,1,,,,,,,Reinforcement - Basic,2,Cord Density Code,cbCordDensCode,,,
RFZ01NG30GA,1,,,,,,,Reinforcement - Basic,2,EPI,cbEPI,,,
RFZ01NG30GA,1,,,,,,,Reinforcement - Basic,2,Fill Cord (Type),ddlFillCord,,,
RFZ01NG30GA,1,,,,,,,Reinforcement - Basic,2,Linear Fill Cord Weight (DEN),efLinCorWt,,,
RFZ01NG30GA,1,,,,,,,Reinforcement - Basic,2,Picks per Meter,efPicksPerMeter,,,
RFZ01NG30GA,1,,,,,,,Reinforcement - Basic,2,SAP/SOS Description,efSAPSOSDesc,,,"1400 DECITEX NYLON 6,6"
RFZ01NG30GA,1,,,,,,,Reinforcement - Basic,2,Update Spec Description (hidden),ieSAPSpecDesc,,,
RFZ01NG30GA,1,,,,,,,Reinforcement - Basic,2,Cable Bead Inside Diameter (mm),efCBInsideDia,,,
RFZ01NG30GA,1,,,,,,,Reinforcement - Basic,2,Cable Bead Comp. Weight (kg),efCBCompWeight,,,
RFZ01NG30GA,1,,,,,,,Reinforcement - Basic,2,Cable Bead Gauge (mm),efCBGauge,,,
RFZ01NG30GA,1,,,,,,,Reinforcement - Basic,2,Cable Bead Coating,ddlCBCoating,,,
RFZ01NG30GA,1,Supplier,HYOSUNG CORPORATION,LISA,,,G09NG30GA,Supplier/Agent Info,,Initial Exp Spec Code (hidden),ieInitialExpSpCode,,,GTC2814GA
RFZ01NG30GA,1,Supplier,HYOSUNG CORPORATION,LISA,,,G09NG30GA,Supplier/Agent Info,,Material Code,cbMaterialCode,,,RFZ01NG30GA
RFZ01NG30GA,1,Supplier,HYOSUNG CORPORATION,LISA,,,G09NG30GA,Supplier/Agent Info,,Material Description,ieMatDescSupplier,,,"1400 DECITEX NYLON 6,6"
RFZ01NG30GA,1,Supplier,HYOSUNG CORPORATION,LISA,,,G09NG30GA,Supplier/Agent Info,,Supplier,ieSupplier,,,HYOSUNG CORPORATION
RFZ01NG30GA,1,Supplier,HYOSUNG CORPORATION,LISA,,,G09NG30GA,Supplier/Agent Info,,Agent,ieAgent,,,
RFZ01NG30GA,1,Supplier,HYOSUNG CORPORATION,LISA,,,G09NG30GA,Supplier/Agent Info,,Supplier Plant,ieSupplierPlant,,,LISA
RFZ01NG30GA,1,Supplier,HYOSUNG CORPORATION,LISA,,,G09NG30GA,Supplier/Agent Info,,Agent Plant,ieAgentPlant,,,
RFZ01NG30GA,1,Supplier,HYOSUNG CORPORATION,LISA,,,G09NG30GA,Supplier/Agent Info,,Supplier Plant - City,ieSupplierPlantLocationCity,,,LISA
RFZ01NG30GA,1,Supplier,HYOSUNG CORPORATION,LISA,,,G09NG30GA,Supplier/Agent Info,,Agent Plant - City,ieAgentPlantLocationCity,,,
RFZ01NG30GA,1,Supplier,HYOSUNG CORPORATION,LISA,,,G09NG30GA,Supplier/Agent Info,,Supplier Plant - State,ieSupplierPlantLocationState,,,Others
RFZ01NG30GA,1,Supplier,HYOSUNG CORPORATION,LISA,,,G09NG30GA,Supplier/Agent Info,,Agent Plant - State,ieAgentPlantLocationState,,,
RFZ01NG30GA,1,Supplier,HYOSUNG CORPORATION,LISA,,,G09NG30GA,Supplier/Agent Info,,Agent Plant - Country,ieAgentPlantLocationCountry,,,
RFZ01NG30GA,1,Supplier,HYOSUNG CORPORATION,LISA,,,G09NG30GA,Supplier/Agent Info,,Supplier Plant - Country,ieSupplierPlantLocationCountry,,,Luxembourg
RFZ01NG30GA,1,Supplier,HYOSUNG CORPORATION,LISA,,,G09NG30GA,Supplier/Agent Info,,Plant Code,ieSISPlantCode,,,AIG
RFZ01NG30GA,1,Supplier,HYOSUNG CORPORATION,LISA,,,G09NG30GA,Supplier/Agent Info,,Plant Code,ieAgentPlantCode,,,
RFZ01NG30GA,1,Supplier,HYOSUNG CORPORATION,LISA,,,G09NG30GA,Supplier/Agent Info,,Supplier Trade Name,ieSupplierTradeName,,,G09NG30GA
RFZ01NG30GA,1,Supplier,HYOSUNG CORPORATION,LISA,,,G09NG30GA,Supplier/Agent Info,,Agent to Break Bulk?,cbBreakBulk,,,0
RFZ01NG30GA,1,Supplier,HYOSUNG CORPORATION,LISA,,,G09NG30GA,Supplier/Agent Info,,Supplier Contact Name,ieSupplierContactName,,,
RFZ01NG30GA,1,Supplier,HYOSUNG CORPORATION,LISA,,,G09NG30GA,Supplier/Agent Info,,Agent Contact Name,ieAgentContactName,,,
RFZ01NG30GA,1,Supplier,HYOSUNG CORPORATION,LISA,,,G09NG30GA,Supplier/Agent Info,,Supplier Contact Type,ddlSupType,,,
RFZ01NG30GA,1,Supplier,HYOSUNG CORPORATION,LISA,,,G09NG30GA,Supplier/Agent Info,,Agent Contact Type,ddlAgentType,,,
RFZ01NG30GA,1,Supplier,HYOSUNG CORPORATION,LISA,,,G09NG30GA,Supplier/Agent Info,,Supplier email,ieSupplierEmail,,,
RFZ01NG30GA,1,Supplier,HYOSUNG CORPORATION,LISA,,,G09NG30GA,Supplier/Agent Info,,Agent email,ieAgentEmail,,,
RFZ01NG30GA,1,Supplier,HYOSUNG CORPORATION,LISA,,,G09NG30GA,Supplier/Agent Info,,Supplier Phone,ieSupplierPhone,,,
RFZ01NG30GA,1,Supplier,HYOSUNG CORPORATION,LISA,,,G09NG30GA,Supplier/Agent Info,,Agent Phone,ieAgentPhone,,,
RFFA01WY,1,,,,,,,Reinforcement General Information,,Material Class,ieMaterialClass,,,WIRE
RFFA01WY,1,,,,,,,Reinforcement General Information,,Material Subclass,ieMaterialSubclass,,,STEEL CORD
RFFA01WY,1,,,,,,,Reinforcement General Information,,Material Code,cbMaterialCode,,,RFFA01WY
RFFA01WY,1,,,,,,,Reinforcement General Information,,SAP Material Type,cbGBSMatType,,,WIRE
RFFA01WY,1,,,,,,,Reinforcement General Information,,SAP Secondary Material Type,cbGBSMatSecType,,,WIRE
RFFA01WY,1,,,,,,,Reinforcement General Information,,SAP Type of Component,cbGBSTypeComp,,,WIRE
RFFA01WY,1,,,,,,,Reinforcement General Information,,Initial Exp Spec Code (hidden),ieInitialExpSpCode,,,
RFFA01WY,1,,,,,,,Reinforcement General Information,,,ieSAPStatusCode,,,Y1
RFFA01WY,1,,,,,,,Reinforcement General Information,,SAP Status,ddlSAPStatusDesc,,,Active (Non Development line-up)
RFFA01WY,1,,,,,,,Reinforcement - Basic,2,Construction Code - Fabric,cbConCodeFabric,,,
RFFA01WY,1,,,,,,,Reinforcement - Basic,2,Construction Code - Square Woven,cbConCodeSqWov,,,
RFFA01WY,1,,,,,,,Reinforcement - Basic,2,Construction Code - Wire/Cable,cbConCodeWirCab,,,
RFFA01WY,1,,,,,,,Reinforcement - Basic,2,Processing Code,cbFabricProcCode,,,
RFFA01WY,1,,,,,,,Reinforcement - Basic,2,Cord Density Code,cbCordDensCode,,,
RFFA01WY,1,,,,,,,Reinforcement - Basic,2,EPI,cbEPI,,,
RFFA01WY,1,,,,,,,Reinforcement - Basic,2,Fill Cord (Type),ddlFillCord,,,
RFFA01WY,1,,,,,,,Reinforcement - Basic,2,Linear Fill Cord Weight (DEN),efLinCorWt,,,
RFFA01WY,1,,,,,,,Reinforcement - Basic,2,Picks per Meter,efPicksPerMeter,,,
RFFA01WY,1,,,,,,,Reinforcement - Basic,2,SAP/SOS Description,efSAPSOSDesc,,,2+2x.22UT
RFFA01WY,1,,,,,,,Reinforcement - Basic,2,Update Spec Description (hidden),ieSAPSpecDesc,,,
RFFA01WY,1,,,,,,,Reinforcement - Basic,2,Cable Bead Inside Diameter (mm),efCBInsideDia,,,
RFFA01WY,1,,,,,,,Reinforcement - Basic,2,Cable Bead Comp. Weight (kg),efCBCompWeight,,,
RFFA01WY,1,,,,,,,Reinforcement - Basic,2,Cable Bead Gauge (mm),efCBGauge,,,
RFFA01WY,1,,,,,,,Reinforcement - Basic,2,Cable Bead Coating,ddlCBCoating,,,
RFFA01WY,1,Supplier,KISWIRE,SZENTGOTTHARD,,,FA01WY,Supplier/Agent Info,,Initial Exp Spec Code (hidden),ieInitialExpSpCode,,,GL3256
RFFA01WY,1,Supplier,KISWIRE,SZENTGOTTHARD,,,FA01WY,Supplier/Agent Info,,Material Code,cbMaterialCode,,,RFFA01WY
RFFA01WY,1,Supplier,KISWIRE,SZENTGOTTHARD,,,FA01WY,Supplier/Agent Info,,Material Description,ieMatDescSupplier,,,2+2x.22UT
RFFA01WY,1,Supplier,KISWIRE,SZENTGOTTHARD,,,FA01WY,Supplier/Agent Info,,Supplier,ieSupplier,,,KISWIRE
RFFA01WY,1,Supplier,KISWIRE,SZENTGOTTHARD,,,FA01WY,Supplier/Agent Info,,Agent,ieAgent,,,
RFFA01WY,1,Supplier,KISWIRE,SZENTGOTTHARD,,,FA01WY,Supplier/Agent Info,,Supplier Plant,ieSupplierPlant,,,SZENTGOTTHARD
RFFA01WY,1,Supplier,KISWIRE,SZENTGOTTHARD,,,FA01WY,Supplier/Agent Info,,Agent Plant,ieAgentPlant,,,
RFFA01WY,1,Supplier,KISWIRE,SZENTGOTTHARD,,,FA01WY,Supplier/Agent Info,,Supplier Plant - City,ieSupplierPlantLocationCity,,,Szentgotth¿rd
RFFA01WY,1,Supplier,KISWIRE,SZENTGOTTHARD,,,FA01WY,Supplier/Agent Info,,Agent Plant - City,ieAgentPlantLocationCity,,,
RFFA01WY,1,Supplier,KISWIRE,SZENTGOTTHARD,,,FA01WY,Supplier/Agent Info,,Supplier Plant - State,ieSupplierPlantLocationState,,,Others
RFFA01WY,1,Supplier,KISWIRE,SZENTGOTTHARD,,,FA01WY,Supplier/Agent Info,,Agent Plant - State,ieAgentPlantLocationState,,,
RFFA01WY,1,Supplier,KISWIRE,SZENTGOTTHARD,,,FA01WY,Supplier/Agent Info,,Agent Plant - Country,ieAgentPlantLocationCountry,,,
RFFA01WY,1,Supplier,KISWIRE,SZENTGOTTHARD,,,FA01WY,Supplier/Agent Info,,Supplier Plant - Country,ieSupplierPlantLocationCountry,,,Hungary
RFFA01WY,1,Supplier,KISWIRE,SZENTGOTTHARD,,,FA01WY,Supplier/Agent Info,,Plant Code,ieSISPlantCode,,,EGA
RFFA01WY,1,Supplier,KISWIRE,SZENTGOTTHARD,,,FA01WY,Supplier/Agent Info,,Plant Code,ieAgentPlantCode,,,
RFFA01WY,1,Supplier,KISWIRE,SZENTGOTTHARD,,,FA01WY,Supplier/Agent Info,,Supplier Trade Name,ieSupplierTradeName,,,FA01WY
RFFA01WY,1,Supplier,KISWIRE,SZENTGOTTHARD,,,FA01WY,Supplier/Agent Info,,Agent to Break Bulk?,cbBreakBulk,,,0
RFFA01WY,1,Supplier,KISWIRE,SZENTGOTTHARD,,,FA01WY,Supplier/Agent Info,,Supplier Contact Name,ieSupplierContactName,,,
RFFA01WY,1,Supplier,KISWIRE,SZENTGOTTHARD,,,FA01WY,Supplier/Agent Info,,Agent Contact Name,ieAgentContactName,,,
RFFA01WY,1,Supplier,KISWIRE,SZENTGOTTHARD,,,FA01WY,Supplier/Agent Info,,Supplier Contact Type,ddlSupType,,,
RFFA01WY,1,Supplier,KISWIRE,SZENTGOTTHARD,,,FA01WY,Supplier/Agent Info,,Agent Contact Type,ddlAgentType,,,
RFFA01WY,1,Supplier,KISWIRE,SZENTGOTTHARD,,,FA01WY,Supplier/Agent Info,,Supplier email,ieSupplierEmail,,,
RFFA01WY,1,Supplier,KISWIRE,SZENTGOTTHARD,,,FA01WY,Supplier/Agent Info,,Agent email,ieAgentEmail,,,
RFFA01WY,1,Supplier,KISWIRE,SZENTGOTTHARD,,,FA01WY,Supplier/Agent Info,,Supplier Phone,ieSupplierPhone,,,
RFFA01WY,1,Supplier,KISWIRE,SZENTGOTTHARD,,,FA01WY,Supplier/Agent Info,,Agent Phone,ieAgentPhone,,,
RFFC01FR,1,,,,,,,Reinforcement General Information,,Material Class,ieMaterialClass,,,WIRE
RFFC01FR,1,,,,,,,Reinforcement General Information,,Material Subclass,ieMaterialSubclass,,,STEEL CORD
RFFC01FR,1,,,,,,,Reinforcement General Information,,Material Code,cbMaterialCode,,,RFFC01FR
RFFC01FR,1,,,,,,,Reinforcement General Information,,SAP Material Type,cbGBSMatType,,,WIRE
RFFC01FR,1,,,,,,,Reinforcement General Information,,SAP Secondary Material Type,cbGBSMatSecType,,,WIRE
RFFC01FR,1,,,,,,,Reinforcement General Information,,SAP Type of Component,cbGBSTypeComp,,,CARCASS
RFFC01FR,1,,,,,,,Reinforcement General Information,,Initial Exp Spec Code (hidden),ieInitialExpSpCode,,,
RFFC01FR,1,,,,,,,Reinforcement General Information,,,ieSAPStatusCode,,,Y1
RFFC01FR,1,,,,,,,Reinforcement General Information,,SAP Status,ddlSAPStatusDesc,,,Active (Non Development line-up)
RFFC01FR,1,,,,,,,Reinforcement - Basic,2,Construction Code - Fabric,cbConCodeFabric,,,
RFFC01FR,1,,,,,,,Reinforcement - Basic,2,Construction Code - Square Woven,cbConCodeSqWov,,,
RFFC01FR,1,,,,,,,Reinforcement - Basic,2,Construction Code - Wire/Cable,cbConCodeWirCab,,,
RFFC01FR,1,,,,,,,Reinforcement - Basic,2,Processing Code,cbFabricProcCode,,,
RFFC01FR,1,,,,,,,Reinforcement - Basic,2,Cord Density Code,cbCordDensCode,,,
RFFC01FR,1,,,,,,,Reinforcement - Basic,2,EPI,cbEPI,,,
RFFC01FR,1,,,,,,,Reinforcement - Basic,2,Fill Cord (Type),ddlFillCord,,,
RFFC01FR,1,,,,,,,Reinforcement - Basic,2,Linear Fill Cord Weight (DEN),efLinCorWt,,,
RFFC01FR,1,,,,,,,Reinforcement - Basic,2,Picks per Meter,efPicksPerMeter,,,
RFFC01FR,1,,,,,,,Reinforcement - Basic,2,SAP/SOS Description,efSAPSOSDesc,,,3x.21/9x.185 UT
RFFC01FR,1,,,,,,,Reinforcement - Basic,2,Update Spec Description (hidden),ieSAPSpecDesc,,,
RFFC01FR,1,,,,,,,Reinforcement - Basic,2,Cable Bead Inside Diameter (mm),efCBInsideDia,,,
RFFC01FR,1,,,,,,,Reinforcement - Basic,2,Cable Bead Comp. Weight (kg),efCBCompWeight,,,
RFFC01FR,1,,,,,,,Reinforcement - Basic,2,Cable Bead Gauge (mm),efCBGauge,,,
RFFC01FR,1,,,,,,,Reinforcement - Basic,2,Cable Bead Coating,ddlCBCoating,,,
RFFC01FR,1,Supplier,KISWIRE,MALAYSIA,,,FC01FR,Supplier/Agent Info,,Initial Exp Spec Code (hidden),ieInitialExpSpCode,,,S00147
RFFC01FR,1,Supplier,KISWIRE,MALAYSIA,,,FC01FR,Supplier/Agent Info,,Material Code,cbMaterialCode,,,RFFC01FR
RFFC01FR,1,Supplier,KISWIRE,MALAYSIA,,,FC01FR,Supplier/Agent Info,,Material Description,ieMatDescSupplier,,,3x.21/9x.185 UT
RFFC01FR,1,Supplier,KISWIRE,MALAYSIA,,,FC01FR,Supplier/Agent Info,,Supplier,ieSupplier,,,KISWIRE
RFFC01FR,1,Supplier,KISWIRE,MALAYSIA,,,FC01FR,Supplier/Agent Info,,Agent,ieAgent,,,
RFFC01FR,1,Supplier,KISWIRE,MALAYSIA,,,FC01FR,Supplier/Agent Info,,Supplier Plant,ieSupplierPlant,,,MALAYSIA
RFFC01FR,1,Supplier,KISWIRE,MALAYSIA,,,FC01FR,Supplier/Agent Info,,Agent Plant,ieAgentPlant,,,
RFFC01FR,1,Supplier,KISWIRE,MALAYSIA,,,FC01FR,Supplier/Agent Info,,Supplier Plant - City,ieSupplierPlantLocationCity,,,Jahor
RFFC01FR,1,Supplier,KISWIRE,MALAYSIA,,,FC01FR,Supplier/Agent Info,,Agent Plant - City,ieAgentPlantLocationCity,,,
RFFC01FR,1,Supplier,KISWIRE,MALAYSIA,,,FC01FR,Supplier/Agent Info,,Supplier Plant - State,ieSupplierPlantLocationState,,,Others
RFFC01FR,1,Supplier,KISWIRE,MALAYSIA,,,FC01FR,Supplier/Agent Info,,Agent Plant - State,ieAgentPlantLocationState,,,
RFFC01FR,1,Supplier,KISWIRE,MALAYSIA,,,FC01FR,Supplier/Agent Info,,Agent Plant - Country,ieAgentPlantLocationCountry,,,
RFFC01FR,1,Supplier,KISWIRE,MALAYSIA,,,FC01FR,Supplier/Agent Info,,Supplier Plant - Country,ieSupplierPlantLocationCountry,,,Malaysia
RFFC01FR,1,Supplier,KISWIRE,MALAYSIA,,,FC01FR,Supplier/Agent Info,,Plant Code,ieSISPlantCode,,,JAM
RFFC01FR,1,Supplier,KISWIRE,MALAYSIA,,,FC01FR,Supplier/Agent Info,,Plant Code,ieAgentPlantCode,,,
RFFC01FR,1,Supplier,KISWIRE,MALAYSIA,,,FC01FR,Supplier/Agent Info,,Supplier Trade Name,ieSupplierTradeName,,,FC01FR
RFFC01FR,1,Supplier,KISWIRE,MALAYSIA,,,FC01FR,Supplier/Agent Info,,Agent to Break Bulk?,cbBreakBulk,,,0
RFFC01FR,1,Supplier,KISWIRE,MALAYSIA,,,FC01FR,Supplier/Agent Info,,Supplier Contact Name,ieSupplierContactName,,,
RFFC01FR,1,Supplier,KISWIRE,MALAYSIA,,,FC01FR,Supplier/Agent Info,,Agent Contact Name,ieAgentContactName,,,
RFFC01FR,1,Supplier,KISWIRE,MALAYSIA,,,FC01FR,Supplier/Agent Info,,Supplier Contact Type,ddlSupType,,,
RFFC01FR,1,Supplier,KISWIRE,MALAYSIA,,,FC01FR,Supplier/Agent Info,,Agent Contact Type,ddlAgentType,,,
RFFC01FR,1,Supplier,KISWIRE,MALAYSIA,,,FC01FR,Supplier/Agent Info,,Supplier email,ieSupplierEmail,,,
RFFC01FR,1,Supplier,KISWIRE,MALAYSIA,,,FC01FR,Supplier/Agent Info,,Agent email,ieAgentEmail,,,
RFFC01FR,1,Supplier,KISWIRE,MALAYSIA,,,FC01FR,Supplier/Agent Info,,Supplier Phone,ieSupplierPhone,,,
RFFC01FR,1,Supplier,KISWIRE,MALAYSIA,,,FC01FR,Supplier/Agent Info,,Agent Phone,ieAgentPhone,,,
RFFP,1,Supplier,KISWIRE,CHANGWON,,,F501FP,GPS Full Supplier Approval Review,7,,mlePlantMatProh,,,Topeka
RFFP,1,Supplier,KISWIRE,CHANGWON,,,F501FP,GPS Full Supplier Approval Review,7,NA,cbRegionNA,,,1
RFFP,1,Supplier,KISWIRE,CHANGWON,,,F501FP,GPS Full Supplier Approval Review,7,SOS Appr. Reg. for Layout,efSOSApprovalReg,,,NA
RFFP,1,Supplier,KISWIRE,CHANGWON,,,F501FP,GPS Full Supplier Approval Review,7,Full Approval Prefix Code (hidden),efFullAppCode,,,
RFFP,1,Supplier,BEKAERT,SHENYANG BSAP,,,BL01FP,GPS Full Supplier Approval Review,7,,mlePlantMatProh,,,
RFFP,1,Supplier,BEKAERT,SHENYANG BSAP,,,BL01FP,GPS Full Supplier Approval Review,7,NA,cbRegionNA,,,1
RFFP,1,Supplier,BEKAERT,SHENYANG BSAP,,,BL01FP,GPS Full Supplier Approval Review,7,LA,cbRegionLA,,,1
RFFP,1,Supplier,BEKAERT,SHENYANG BSAP,,,BL01FP,GPS Full Supplier Approval Review,7,EMEA,cbRegionEMEA,,,1
RFFP,1,Supplier,BEKAERT,SHENYANG BSAP,,,BL01FP,GPS Full Supplier Approval Review,7,AP,cbRegionAP,,,1
RFFP,1,Supplier,BEKAERT,SHENYANG BSAP,,,BL01FP,GPS Full Supplier Approval Review,7,SOS Appr. Reg. for Layout,efSOSApprovalReg,,,"AP, EMEA, LA, NA"
RFFP,1,Supplier,BEKAERT,SHENYANG BSAP,,,BL01FP,GPS Full Supplier Approval Review,7,Full Approval Prefix Code (hidden),efFullAppCode,,,
RFCH,1,Supplier,JIANGSU XINGDA,PLANT 2 - XING HUA,,,401CH,GPS Full Supplier Approval Review,7,,mlePlantMatProh,,,
RFCH,1,Supplier,JIANGSU XINGDA,PLANT 2 - XING HUA,,,401CH,GPS Full Supplier Approval Review,7,NA,cbRegionNA,,,1
RFCH,1,Supplier,JIANGSU XINGDA,PLANT 2 - XING HUA,,,401CH,GPS Full Supplier Approval Review,7,LA,cbRegionLA,,,1
RFCH,1,Supplier,JIANGSU XINGDA,PLANT 2 - XING HUA,,,401CH,GPS Full Supplier Approval Review,7,EMEA,cbRegionEMEA,,,1
RFCH,1,Supplier,JIANGSU XINGDA,PLANT 2 - XING HUA,,,401CH,GPS Full Supplier Approval Review,7,AP,cbRegionAP,,,1
RFCH,1,Supplier,JIANGSU XINGDA,PLANT 2 - XING HUA,,,401CH,GPS Full Supplier Approval Review,7,SOS Appr. Reg. for Layout,efSOSApprovalReg,,,"AP, EMEA, LA, NA"
RFCH,1,Supplier,JIANGSU XINGDA,PLANT 2 - XING HUA,,,401CH,GPS Full Supplier Approval Review,7,Full Approval Prefix Code (hidden),efFullAppCode,,,
RFFP,1,Supplier,HYOSUNG CORPORATION,DONG NAI - STEELCORD,,,C401FP,GPS Full Supplier Approval Review,7,,mlePlantMatProh,,,
RFFP,1,Supplier,HYOSUNG CORPORATION,DONG NAI - STEELCORD,,,C401FP,GPS Full Supplier Approval Review,7,NA,cbRegionNA,,,1
RFFP,1,Supplier,HYOSUNG CORPORATION,DONG NAI - STEELCORD,,,C401FP,GPS Full Supplier Approval Review,7,LA,cbRegionLA,,,1
RFFP,1,Supplier,HYOSUNG CORPORATION,DONG NAI - STEELCORD,,,C401FP,GPS Full Supplier Approval Review,7,EMEA,cbRegionEMEA,,,1
RFFP,1,Supplier,HYOSUNG CORPORATION,DONG NAI - STEELCORD,,,C401FP,GPS Full Supplier Approval Review,7,AP,cbRegionAP,,,1
RFFP,1,Supplier,HYOSUNG CORPORATION,DONG NAI - STEELCORD,,,C401FP,GPS Full Supplier Approval Review,7,SOS Appr. Reg. for Layout,efSOSApprovalReg,,,"AP, EMEA, LA, NA"
RFFP,1,Supplier,HYOSUNG CORPORATION,DONG NAI - STEELCORD,,,C401FP,GPS Full Supplier Approval Review,7,Full Approval Prefix Code (hidden),efFullAppCode,,,
RFCH,1,Supplier,BEKAERT,JIANGYIN,,,028CH,GPS Full Supplier Approval Review,7,,mlePlantMatProh,,,
RFCH,1,Supplier,BEKAERT,JIANGYIN,,,028CH,GPS Full Supplier Approval Review,7,NA,cbRegionNA,,,1
RFCH,1,Supplier,BEKAERT,JIANGYIN,,,028CH,GPS Full Supplier Approval Review,7,LA,cbRegionLA,,,1
RFCH,1,Supplier,BEKAERT,JIANGYIN,,,028CH,GPS Full Supplier Approval Review,7,EMEA,cbRegionEMEA,,,1
RFCH,1,Supplier,BEKAERT,JIANGYIN,,,028CH,GPS Full Supplier Approval Review,7,AP,cbRegionAP,,,1
RFCH,1,Supplier,BEKAERT,JIANGYIN,,,028CH,GPS Full Supplier Approval Review,7,SOS Appr. Reg. for Layout,efSOSApprovalReg,,,"AP, EMEA, LA, NA"
RFCH,1,Supplier,BEKAERT,JIANGYIN,,,028CH,GPS Full Supplier Approval Review,7,Full Approval Prefix Code (hidden),efFullAppCode,,,
RFRW31SH,1,Supplier,INDORAMA VENTURES MOBILITY,LUXEMBOURG,INDORAMA VENTURES MOBILITY,LUXEMBOURG,Q09RW31SH,GPS Full Supplier Approval Review,7,,mlePlantMatProh,,,
RFRW31SH,1,Supplier,INDORAMA VENTURES MOBILITY,LUXEMBOURG,INDORAMA VENTURES MOBILITY,LUXEMBOURG,Q09RW31SH,GPS Full Supplier Approval Review,7,NA,cbRegionNA,,,1
RFRW31SH,1,Supplier,INDORAMA VENTURES MOBILITY,LUXEMBOURG,INDORAMA VENTURES MOBILITY,LUXEMBOURG,Q09RW31SH,GPS Full Agent Approval Review,5,NA,cbRegionNA,,,1
RFRW31SH,1,Supplier,INDORAMA VENTURES MOBILITY,LUXEMBOURG,INDORAMA VENTURES MOBILITY,LUXEMBOURG,Q09RW31SH,GPS Full Supplier Approval Review,7,LA,cbRegionLA,,,1
RFRW31SH,1,Supplier,INDORAMA VENTURES MOBILITY,LUXEMBOURG,INDORAMA VENTURES MOBILITY,LUXEMBOURG,Q09RW31SH,GPS Full Agent Approval Review,5,LA,cbRegionLA,,,1
RFRW31SH,1,Supplier,INDORAMA VENTURES MOBILITY,LUXEMBOURG,INDORAMA VENTURES MOBILITY,LUXEMBOURG,Q09RW31SH,GPS Full Supplier Approval Review,7,EMEA,cbRegionEMEA,,,1
RFRW31SH,1,Supplier,INDORAMA VENTURES MOBILITY,LUXEMBOURG,INDORAMA VENTURES MOBILITY,LUXEMBOURG,Q09RW31SH,GPS Full Agent Approval Review,5,EMEA,cbRegionEMEA,,,1
RFRW31SH,1,Supplier,INDORAMA VENTURES MOBILITY,LUXEMBOURG,INDORAMA VENTURES MOBILITY,LUXEMBOURG,Q09RW31SH,GPS Full Supplier Approval Review,7,AP,cbRegionAP,,,1
RFRW31SH,1,Supplier,INDORAMA VENTURES MOBILITY,LUXEMBOURG,INDORAMA VENTURES MOBILITY,LUXEMBOURG,Q09RW31SH,GPS Full Agent Approval Review,5,AP,cbRegionAP,,,1
RFRW31SH,1,Supplier,INDORAMA VENTURES MOBILITY,LUXEMBOURG,INDORAMA VENTURES MOBILITY,LUXEMBOURG,Q09RW31SH,GPS Full Supplier Approval Review,7,SOS Appr. Reg. for Layout,efSOSApprovalReg,,,"AP, EMEA, LA, NA"
RFRW31SH,1,Supplier,INDORAMA VENTURES MOBILITY,LUXEMBOURG,INDORAMA VENTURES MOBILITY,LUXEMBOURG,Q09RW31SH,GPS Full Supplier Approval Review,7,Full Approval Prefix Code (hidden),efFullAppCode,,,
RFCH,1,Supplier,BEKAERT,SLADKOVICOVO,,,027CH,GPS Full Supplier Approval Review,7,,mlePlantMatProh,,,
RFCH,1,Supplier,BEKAERT,SLADKOVICOVO,,,027CH,GPS Full Supplier Approval Review,7,NA,cbRegionNA,,,1
RFCH,1,Supplier,BEKAERT,SLADKOVICOVO,,,027CH,GPS Full Supplier Approval Review,7,LA,cbRegionLA,,,1
RFCH,1,Supplier,BEKAERT,SLADKOVICOVO,,,027CH,GPS Full Supplier Approval Review,7,EMEA,cbRegionEMEA,,,1
RFCH,1,Supplier,BEKAERT,SLADKOVICOVO,,,027CH,GPS Full Supplier Approval Review,7,AP,cbRegionAP,,,1
RFCH,1,Supplier,BEKAERT,SLADKOVICOVO,,,027CH,GPS Full Supplier Approval Review,7,SOS Appr. Reg. for Layout,efSOSApprovalReg,,,"AP, EMEA, LA, NA"
RFCH,1,Supplier,BEKAERT,SLADKOVICOVO,,,027CH,GPS Full Supplier Approval Review,7,Full Approval Prefix Code (hidden),efFullAppCode,,,
RFQC32PF,1,Supplier,KORDSA,IZMIT,,,Z05QC32PF,GPS Full Supplier Approval Review,7,,mlePlantMatProh,,,
RFQC32PF,1,Supplier,KORDSA,IZMIT,,,Z05QC32PF,GPS Full Supplier Approval Review,7,NA,cbRegionNA,,,1
RFQC32PF,1,Supplier,KORDSA,IZMIT,,,Z05QC32PF,GPS Full Supplier Approval Review,7,LA,cbRegionLA,,,1
RFQC32PF,1,Supplier,KORDSA,IZMIT,,,Z05QC32PF,GPS Full Supplier Approval Review,7,EMEA,cbRegionEMEA,,,1
RFQC32PF,1,Supplier,KORDSA,IZMIT,,,Z05QC32PF,GPS Full Supplier Approval Review,7,AP,cbRegionAP,,,1
RFQC32PF,1,Supplier,KORDSA,IZMIT,,,Z05QC32PF,GPS Full Supplier Approval Review,7,SOS Appr. Reg. for Layout,efSOSApprovalReg,,,"AP, EMEA, LA, NA"
RFQC32PF,1,Supplier,KORDSA,IZMIT,,,Z05QC32PF,GPS Full Supplier Approval Review,7,Full Approval Prefix Code (hidden),efFullAppCode,,,
RFCH,1,Supplier,KISWIRE,CZECH REPUBLIC,,,248CH,GPS Full Supplier Approval Review,7,,mlePlantMatProh,,,
RFCH,1,Supplier,KISWIRE,CZECH REPUBLIC,,,248CH,GPS Full Supplier Approval Review,7,NA,cbRegionNA,,,1
RFCH,1,Supplier,KISWIRE,CZECH REPUBLIC,,,248CH,GPS Full Supplier Approval Review,7,LA,cbRegionLA,,,1
RFCH,1,Supplier,KISWIRE,CZECH REPUBLIC,,,248CH,GPS Full Supplier Approval Review,7,EMEA,cbRegionEMEA,,,1
RFCH,1,Supplier,KISWIRE,CZECH REPUBLIC,,,248CH,GPS Full Supplier Approval Review,7,AP,cbRegionAP,,,1
RFCH,1,Supplier,KISWIRE,CZECH REPUBLIC,,,248CH,GPS Full Supplier Approval Review,7,SOS Appr. Reg. for Layout,efSOSApprovalReg,,,"AP, EMEA, LA, NA"
RFCH,1,Supplier,KISWIRE,CZECH REPUBLIC,,,248CH,GPS Full Supplier Approval Review,7,Full Approval Prefix Code (hidden),efFullAppCode,,,
RFCH,1,Supplier,HYOSUNG CORPORATION,DONG NAI - STEELCORD,,,262CH,GPS Full Supplier Approval Review,7,,mlePlantMatProh,,,
RFCH,1,Supplier,HYOSUNG CORPORATION,DONG NAI - STEELCORD,,,262CH,GPS Full Supplier Approval Review,7,NA,cbRegionNA,,,1
RFCH,1,Supplier,HYOSUNG CORPORATION,DONG NAI - STEELCORD,,,262CH,GPS Full Supplier Approval Review,7,LA,cbRegionLA,,,1
RFCH,1,Supplier,HYOSUNG CORPORATION,DONG NAI - STEELCORD,,,262CH,GPS Full Supplier Approval Review,7,EMEA,cbRegionEMEA,,,1
RFCH,1,Supplier,HYOSUNG CORPORATION,DONG NAI - STEELCORD,,,262CH,GPS Full Supplier Approval Review,7,AP,cbRegionAP,,,1
RFCH,1,Supplier,HYOSUNG CORPORATION,DONG NAI - STEELCORD,,,262CH,GPS Full Supplier Approval Review,7,SOS Appr. Reg. for Layout,efSOSApprovalReg,,,"AP, EMEA, LA, NA"
RFCH,1,Supplier,HYOSUNG CORPORATION,DONG NAI - STEELCORD,,,262CH,GPS Full Supplier Approval Review,7,Full Approval Prefix Code (hidden),efFullAppCode,,,
RFCH,1,Supplier,SHANDONG SNTON,SHANDONG,,,421CH,GPS Full Supplier Approval Review,7,,mlePlantMatProh,,,"
Nippon Giant"
RFCH,1,Supplier,SHANDONG SNTON,SHANDONG,,,421CH,GPS Full Supplier Approval Review,7,NA,cbRegionNA,,,1
RFCH,1,Supplier,SHANDONG SNTON,SHANDONG,,,421CH,GPS Full Supplier Approval Review,7,LA,cbRegionLA,,,1
RFCH,1,Supplier,SHANDONG SNTON,SHANDONG,,,421CH,GPS Full Supplier Approval Review,7,EMEA,cbRegionEMEA,,,1
RFCH,1,Supplier,SHANDONG SNTON,SHANDONG,,,421CH,GPS Full Supplier Approval Review,7,AP,cbRegionAP,,,1
RFCH,1,Supplier,SHANDONG SNTON,SHANDONG,,,421CH,GPS Full Supplier Approval Review,7,SOS Appr. Reg. for Layout,efSOSApprovalReg,,,"AP, EMEA, LA, NA"
RFCH,1,Supplier,SHANDONG SNTON,SHANDONG,,,421CH,GPS Full Supplier Approval Review,7,Full Approval Prefix Code (hidden),efFullAppCode,,,
RFCH,1,Supplier,SHANDONG DAYE CO. LTD,SHANDONG XINXING INDUSTRIAL PARK,,,411CH,GPS Full Supplier Approval Review,7,,mlePlantMatProh,,,
RFCH,1,Supplier,SHANDONG DAYE CO. LTD,SHANDONG XINXING INDUSTRIAL PARK,,,411CH,GPS Full Supplier Approval Review,7,NA,cbRegionNA,,,1
RFCH,1,Supplier,SHANDONG DAYE CO. LTD,SHANDONG XINXING INDUSTRIAL PARK,,,411CH,GPS Full Supplier Approval Review,7,LA,cbRegionLA,,,1
RFCH,1,Supplier,SHANDONG DAYE CO. LTD,SHANDONG XINXING INDUSTRIAL PARK,,,411CH,GPS Full Supplier Approval Review,7,EMEA,cbRegionEMEA,,,1
RFCH,1,Supplier,SHANDONG DAYE CO. LTD,SHANDONG XINXING INDUSTRIAL PARK,,,411CH,GPS Full Supplier Approval Review,7,AP,cbRegionAP,,,1
RFCH,1,Supplier,SHANDONG DAYE CO. LTD,SHANDONG XINXING INDUSTRIAL PARK,,,411CH,GPS Full Supplier Approval Review,7,SOS Appr. Reg. for Layout,efSOSApprovalReg,,,"AP, EMEA, LA, NA"
RFCH,1,Supplier,SHANDONG DAYE CO. LTD,SHANDONG XINXING INDUSTRIAL PARK,,,411CH,GPS Full Supplier Approval Review,7,Full Approval Prefix Code (hidden),efFullAppCode,,,
RFFP,1,Supplier,HYOSUNG CORPORATION,DONG NAI,,,C403FP,GPS Full Supplier Approval Review,7,,mlePlantMatProh,,,
RFFP,1,Supplier,HYOSUNG CORPORATION,DONG NAI,,,C403FP,GPS Full Supplier Approval Review,7,NA,cbRegionNA,,,1
RFFP,1,Supplier,HYOSUNG CORPORATION,DONG NAI,,,C403FP,GPS Full Supplier Approval Review,7,LA,cbRegionLA,,,1
RFFP,1,Supplier,HYOSUNG CORPORATION,DONG NAI,,,C403FP,GPS Full Supplier Approval Review,7,AP,cbRegionAP,,,1
RFFP,1,Supplier,HYOSUNG CORPORATION,DONG NAI,,,C403FP,GPS Full Supplier Approval Review,7,SOS Appr. Reg. for Layout,efSOSApprovalReg,,,"AP, LA, NA"
RFFP,1,Supplier,HYOSUNG CORPORATION,DONG NAI,,,C403FP,GPS Full Supplier Approval Review,7,Full Approval Prefix Code (hidden),efFullAppCode,,,
RFCH,1,Supplier,SHANDONG DAYE CO. LTD,SHANDONG XINXING INDUSTRIAL PARK,,,431CH,GPS Full Supplier Approval Review,7,AP,cbRegionAP,,,1
RFCH,1,Supplier,SHANDONG DAYE CO. LTD,SHANDONG XINXING INDUSTRIAL PARK,,,431CH,GPS Full Supplier Approval Review,7,SOS Appr. Reg. for Layout,efSOSApprovalReg,,,AP
RFCH,1,Supplier,SHANDONG DAYE CO. LTD,SHANDONG XINXING INDUSTRIAL PARK,,,431CH,GPS Full Supplier Approval Review,7,Full Approval Prefix Code (hidden),efFullAppCode,,,
RFCH,1,Supplier,KISWIRE,RONGCHENG CITY,,,252CH,GPS Full Supplier Approval Review,7,AP,cbRegionAP,,,1
RFCH,1,Supplier,KISWIRE,RONGCHENG CITY,,,252CH,GPS Full Supplier Approval Review,7,SOS Appr. Reg. for Layout,efSOSApprovalReg,,,AP
RFCH,1,Supplier,KISWIRE,RONGCHENG CITY,,,252CH,GPS Full Supplier Approval Review,7,Full Approval Prefix Code (hidden),efFullAppCode,,,
RFFP,1,Supplier,HYOSUNG CORPORATION,DONG NAI - STEELCORD,,,C402FP,GPS Full Supplier Approval Review,7,NA,cbRegionNA,,,1
RFFP,1,Supplier,HYOSUNG CORPORATION,DONG NAI - STEELCORD,,,C402FP,GPS Full Supplier Approval Review,7,LA,cbRegionLA,,,1
RFFP,1,Supplier,HYOSUNG CORPORATION,DONG NAI - STEELCORD,,,C402FP,GPS Full Supplier Approval Review,7,EMEA,cbRegionEMEA,,,1
RFFP,1,Supplier,HYOSUNG CORPORATION,DONG NAI - STEELCORD,,,C402FP,GPS Full Supplier Approval Review,7,AP,cbRegionAP,,,1
RFFP,1,Supplier,HYOSUNG CORPORATION,DONG NAI - STEELCORD,,,C402FP,GPS Full Supplier Approval Review,7,SOS Appr. Reg. for Layout,efSOSApprovalReg,,,"AP, EMEA, LA, NA"
RFFP,1,Supplier,HYOSUNG CORPORATION,DONG NAI - STEELCORD,,,C402FP,GPS Full Supplier Approval Review,7,Full Approval Prefix Code (hidden),efFullAppCode,,,
RFCH,1,Supplier,BEKAERT,ITAUNA - BRAZIL (BEAD WIRE),,,029CH,GPS Full Supplier Approval Review,7,NA,cbRegionNA,,,1
RFCH,1,Supplier,BEKAERT,ITAUNA - BRAZIL (BEAD WIRE),,,029CH,GPS Full Supplier Approval Review,7,LA,cbRegionLA,,,1
RFCH,1,Supplier,BEKAERT,ITAUNA - BRAZIL (BEAD WIRE),,,029CH,GPS Full Supplier Approval Review,7,EMEA,cbRegionEMEA,,,1
RFCH,1,Supplier,BEKAERT,ITAUNA - BRAZIL (BEAD WIRE),,,029CH,GPS Full Supplier Approval Review,7,AP,cbRegionAP,,,1
RFCH,1,Supplier,BEKAERT,ITAUNA - BRAZIL (BEAD WIRE),,,029CH,GPS Full Supplier Approval Review,7,SOS Appr. Reg. for Layout,efSOSApprovalReg,,,"AP, EMEA, LA, NA"
RFCH,1,Supplier,BEKAERT,ITAUNA - BRAZIL (BEAD WIRE),,,029CH,GPS Full Supplier Approval Review,7,Full Approval Prefix Code (hidden),efFullAppCode,,,
RFCH,1,Supplier,KISWIRE,Pine Bluff,,,247CH,GPS Full Supplier Approval Review,7,NA,cbRegionNA,,,1
RFCH,1,Supplier,KISWIRE,Pine Bluff,,,247CH,GPS Full Supplier Approval Review,7,LA,cbRegionLA,,,1
RFCH,1,Supplier,KISWIRE,Pine Bluff,,,247CH,GPS Full Supplier Approval Review,7,EMEA,cbRegionEMEA,,,1
RFCH,1,Supplier,KISWIRE,Pine Bluff,,,247CH,GPS Full Supplier Approval Review,7,AP,cbRegionAP,,,1
RFCH,1,Supplier,KISWIRE,Pine Bluff,,,247CH,GPS Full Supplier Approval Review,7,SOS Appr. Reg. for Layout,efSOSApprovalReg,,,"AP, EMEA, LA, NA"
RFCH,1,Supplier,KISWIRE,Pine Bluff,,,247CH,GPS Full Supplier Approval Review,7,Full Approval Prefix Code (hidden),efFullAppCode,,,
RFCH,1,Supplier,KERN,TRINEC - KONSKA,,,391CH,GPS Full Supplier Approval Review,7,NA,cbRegionNA,,,1
RFCH,1,Supplier,KERN,TRINEC - KONSKA,,,391CH,GPS Full Supplier Approval Review,7,LA,cbRegionLA,,,1
RFCH,1,Supplier,KERN,TRINEC - KONSKA,,,391CH,GPS Full Supplier Approval Review,7,EMEA,cbRegionEMEA,,,1
RFCH,1,Supplier,KERN,TRINEC - KONSKA,,,391CH,GPS Full Supplier Approval Review,7,AP,cbRegionAP,,,1
RFCH,1,Supplier,KERN,TRINEC - KONSKA,,,391CH,GPS Full Supplier Approval Review,7,SOS Appr. Reg. for Layout,efSOSApprovalReg,,,"AP, EMEA, LA, NA"
RFCH,1,Supplier,KERN,TRINEC - KONSKA,,,391CH,GPS Full Supplier Approval Review,7,Full Approval Prefix Code (hidden),efFullAppCode,,,
RFLC16SD,1,Supplier,JUNMA,ZHANGJIAGANG,,,U08LC16SD,GPS Full Supplier Approval Review,7,AP,cbRegionAP,,,1
RFLC16SD,1,Supplier,JUNMA,ZHANGJIAGANG,,,U08LC16SD,GPS Full Supplier Approval Review,7,SOS Appr. Reg. for Layout,efSOSApprovalReg,,,AP
RFLC16SD,1,Supplier,JUNMA,ZHANGJIAGANG,,,U08LC16SD,GPS Full Supplier Approval Review,7,Full Approval Prefix Code (hidden),efFullAppCode,,,
RFCH,1,Supplier,KISWIRE,QINGDAO,,,246CH,GPS Full Supplier Approval Review,7,NA,cbRegionNA,,,1
RFCH,1,Supplier,KISWIRE,QINGDAO,,,246CH,GPS Full Supplier Approval Review,7,LA,cbRegionLA,,,1
RFCH,1,Supplier,KISWIRE,QINGDAO,,,246CH,GPS Full Supplier Approval Review,7,EMEA,cbRegionEMEA,,,1
RFCH,1,Supplier,KISWIRE,QINGDAO,,,246CH,GPS Full Supplier Approval Review,7,AP,cbRegionAP,,,1
RFCH,1,Supplier,KISWIRE,QINGDAO,,,246CH,GPS Full Supplier Approval Review,7,SOS Appr. Reg. for Layout,efSOSApprovalReg,,,"AP, EMEA, LA, NA"
RFCH,1,Supplier,KISWIRE,QINGDAO,,,246CH,GPS Full Supplier Approval Review,7,Full Approval Prefix Code (hidden),efFullAppCode,,,
RFCH,1,Supplier,NATIONAL STANDARD,STILLWATER,,,142CH,GPS Full Supplier Approval Review,7,NA,cbRegionNA,,,1
RFCH,1,Supplier,NATIONAL STANDARD,STILLWATER,,,142CH,GPS Full Supplier Approval Review,7,LA,cbRegionLA,,,1
RFCH,1,Supplier,NATIONAL STANDARD,STILLWATER,,,142CH,GPS Full Supplier Approval Review,7,EMEA,cbRegionEMEA,,,1
RFCH,1,Supplier,NATIONAL STANDARD,STILLWATER,,,142CH,GPS Full Supplier Approval Review,7,AP,cbRegionAP,,,1
RFCH,1,Supplier,NATIONAL STANDARD,STILLWATER,,,142CH,GPS Full Supplier Approval Review,7,SOS Appr. Reg. for Layout,efSOSApprovalReg,,,"AP, EMEA, LA, NA"
RFCH,1,Supplier,NATIONAL STANDARD,STILLWATER,,,142CH,GPS Full Supplier Approval Review,7,Full Approval Prefix Code (hidden),efFullAppCode,,,
RFCH,1,Supplier,KISWIRE,NEWBERRY,,,243CH,GPS Full Supplier Approval Review,7,NA,cbRegionNA,,,1
RFCH,1,Supplier,KISWIRE,NEWBERRY,,,243CH,GPS Full Supplier Approval Review,7,SOS Appr. Reg. for Layout,efSOSApprovalReg,,,NA
RFCH,1,Supplier,KISWIRE,NEWBERRY,,,243CH,GPS Full Supplier Approval Review,7,Full Approval Prefix Code (hidden),efFullAppCode,,,
RFCH,1,Supplier,BMZ,MICORD,,,312CH,GPS Full Supplier Approval Review,7,EMEA,cbRegionEMEA,,,1
RFCH,1,Supplier,BMZ,MICORD,,,312CH,GPS Full Supplier Approval Review,7,AP,cbRegionAP,,,1
RFCH,1,Supplier,BMZ,MICORD,,,312CH,GPS Full Supplier Approval Review,7,SOS Appr. Reg. for Layout,efSOSApprovalReg,,,"AP, EMEA"
RFCH,1,Supplier,BMZ,MICORD,,,312CH,GPS Full Supplier Approval Review,7,Full Approval Prefix Code (hidden),efFullAppCode,,,
RFNT26QA,1,Supplier,HYOSUNG CORPORATION,DECATUR,,,720NT26QA,GPS Full Supplier Approval Review,7,NA,cbRegionNA,,,1
RFNT26QA,1,Supplier,HYOSUNG CORPORATION,DECATUR,,,720NT26QA,GPS Full Supplier Approval Review,7,LA,cbRegionLA,,,1
RFNT26QA,1,Supplier,HYOSUNG CORPORATION,DECATUR,,,720NT26QA,GPS Full Supplier Approval Review,7,SOS Appr. Reg. for Layout,efSOSApprovalReg,,,"LA, NA"
RFNT26QA,1,Supplier,HYOSUNG CORPORATION,DECATUR,,,720NT26QA,GPS Full Supplier Approval Review,7,Full Approval Prefix Code (hidden),efFullAppCode,,,
RFCH,1,Supplier,BEKAERT,ROME,,,022CH,GPS Full Supplier Approval Review,7,NA,cbRegionNA,,,1
RFCH,1,Supplier,BEKAERT,ROME,,,022CH,GPS Full Supplier Approval Review,7,LA,cbRegionLA,,,1
RFCH,1,Supplier,BEKAERT,ROME,,,022CH,GPS Full Supplier Approval Review,7,EMEA,cbRegionEMEA,,,1
RFCH,1,Supplier,BEKAERT,ROME,,,022CH,GPS Full Supplier Approval Review,7,AP,cbRegionAP,,,1
RFCH,1,Supplier,BEKAERT,ROME,,,022CH,GPS Full Supplier Approval Review,7,SOS Appr. Reg. for Layout,efSOSApprovalReg,,,"AP, EMEA, LA, NA"
RFCH,1,Supplier,BEKAERT,ROME,,,022CH,GPS Full Supplier Approval Review,7,Full Approval Prefix Code (hidden),efFullAppCode,,,
RFCH,1,Supplier,TRAFILERIE MERIDIONALI,CHIETI SCALO,,,201CH,GPS Full Supplier Approval Review,7,EMEA,cbRegionEMEA,,,1
RFCH,1,Supplier,TRAFILERIE MERIDIONALI,CHIETI SCALO,,,201CH,GPS Full Supplier Approval Review,7,SOS Appr. Reg. for Layout,efSOSApprovalReg,,,EMEA
RFCH,1,Supplier,TRAFILERIE MERIDIONALI,CHIETI SCALO,,,201CH,GPS Full Supplier Approval Review,7,Full Approval Prefix Code (hidden),efFullAppCode,,,
RFCH,1,Supplier,KISWIRE,HONG DUK,,,242CH,GPS Full Supplier Approval Review,7,NA,cbRegionNA,,,1
RFCH,1,Supplier,KISWIRE,HONG DUK,,,242CH,GPS Full Supplier Approval Review,7,LA,cbRegionLA,,,1
RFCH,1,Supplier,KISWIRE,HONG DUK,,,242CH,GPS Full Supplier Approval Review,7,EMEA,cbRegionEMEA,,,1
RFCH,1,Supplier,KISWIRE,HONG DUK,,,242CH,GPS Full Supplier Approval Review,7,AP,cbRegionAP,,,1
RFCH,1,Supplier,KISWIRE,HONG DUK,,,242CH,GPS Full Supplier Approval Review,7,SOS Appr. Reg. for Layout,efSOSApprovalReg,,,"AP, EMEA, LA, NA"
RFCH,1,Supplier,KISWIRE,HONG DUK,,,242CH,GPS Full Supplier Approval Review,7,Full Approval Prefix Code (hidden),efFullAppCode,,,
RFCH,1,Supplier,BEKAERT,IZMIT,,,023CH,GPS Full Supplier Approval Review,7,LA,cbRegionLA,,,1
RFCH,1,Supplier,BEKAERT,IZMIT,,,023CH,GPS Full Supplier Approval Review,7,EMEA,cbRegionEMEA,,,1
RFCH,1,Supplier,BEKAERT,IZMIT,,,023CH,GPS Full Supplier Approval Review,7,AP,cbRegionAP,,,1
RFCH,1,Supplier,BEKAERT,IZMIT,,,023CH,GPS Full Supplier Approval Review,7,SOS Appr. Reg. for Layout,efSOSApprovalReg,,,"AP, EMEA, LA"
RFCH,1,Supplier,BEKAERT,IZMIT,,,023CH,GPS Full Supplier Approval Review,7,Full Approval Prefix Code (hidden),efFullAppCode,,,
RFCH,1,Supplier,BEKAERT,BRAZIL,,,091CH,GPS Full Supplier Approval Review,7,LA,cbRegionLA,,,1
RFCH,1,Supplier,BEKAERT,BRAZIL,,,091CH,GPS Full Supplier Approval Review,7,EMEA,cbRegionEMEA,,,1
RFCH,1,Supplier,BEKAERT,BRAZIL,,,091CH,GPS Full Supplier Approval Review,7,AP,cbRegionAP,,,1
RFCH,1,Supplier,BEKAERT,BRAZIL,,,091CH,GPS Full Supplier Approval Review,7,SOS Appr. Reg. for Layout,efSOSApprovalReg,,,"AP, EMEA, LA"
RFCH,1,Supplier,BEKAERT,BRAZIL,,,091CH,GPS Full Supplier Approval Review,7,Full Approval Prefix Code (hidden),efFullAppCode,,,
RFS01Q,1,Supplier,HYOSUNG CORPORATION,DONG NAI,,,HSP-40,GPS Full Supplier Approval Review,7,,mlePlantMatProh,,,
RFS01Q,1,Supplier,HYOSUNG CORPORATION,DONG NAI,,,HSP-40,GPS Full Supplier Approval Review,7,NA,cbRegionNA,,,1
RFS01Q,1,Supplier,HYOSUNG CORPORATION,DONG NAI,,,HSP-40,GPS Full Supplier Approval Review,7,LA,cbRegionLA,,,1
RFS01Q,1,Supplier,HYOSUNG CORPORATION,DONG NAI,,,HSP-40,GPS Full Supplier Approval Review,7,EMEA,cbRegionEMEA,,,1
RFS01Q,1,Supplier,HYOSUNG CORPORATION,DONG NAI,,,HSP-40,GPS Full Supplier Approval Review,7,AP,cbRegionAP,,,1
RFS01Q,1,Supplier,HYOSUNG CORPORATION,DONG NAI,,,HSP-40,GPS Full Supplier Approval Review,7,SOS Appr. Reg. for Layout,efSOSApprovalReg,,,"AP, EMEA, LA, NA"
RFS01Q,1,Supplier,HYOSUNG CORPORATION,DONG NAI,,,HSP-40,GPS Full Supplier Approval Review,7,Full Approval Prefix Code (hidden),efFullAppCode,,,
RFE09A,1,Supplier,DUPONT,MAYDOWN,,,950,GPS Full Supplier Approval Review,7,,mlePlantMatProh,,,
RFE09A,1,Supplier,DUPONT,MAYDOWN,,,950,GPS Full Supplier Approval Review,7,EMEA,cbRegionEMEA,,,1
RFE09A,1,Supplier,DUPONT,MAYDOWN,,,950,GPS Full Supplier Approval Review,7,AP,cbRegionAP,,,1
RFE09A,1,Supplier,DUPONT,MAYDOWN,,,950,GPS Full Supplier Approval Review,7,SOS Appr. Reg. for Layout,efSOSApprovalReg,,,"AP, EMEA"
RFE09A,1,Supplier,DUPONT,MAYDOWN,,,950,GPS Full Supplier Approval Review,7,Full Approval Prefix Code (hidden),efFullAppCode,,,
RFQ09R,1,Supplier,INDORAMA VENTURES MOBILITY,LOVOSICE,,,Rayon 1220 dtex super II,GPS Full Supplier Approval Review,7,,mlePlantMatProh,,,
RFQ09R,1,Supplier,INDORAMA VENTURES MOBILITY,LOVOSICE,,,Rayon 1220 dtex super II,GPS Full Supplier Approval Review,7,EMEA,cbRegionEMEA,,,1
RFQ09R,1,Supplier,INDORAMA VENTURES MOBILITY,LOVOSICE,,,Rayon 1220 dtex super II,GPS Full Supplier Approval Review,7,AP,cbRegionAP,,,1
RFQ09R,1,Supplier,INDORAMA VENTURES MOBILITY,LOVOSICE,,,Rayon 1220 dtex super II,GPS Full Supplier Approval Review,7,SOS Appr. Reg. for Layout,efSOSApprovalReg,,,"AP, EMEA"
RFQ09R,1,Supplier,INDORAMA VENTURES MOBILITY,LOVOSICE,,,Rayon 1220 dtex super II,GPS Full Supplier Approval Review,7,Full Approval Prefix Code (hidden),efFullAppCode,,,
RFS03N,1,Supplier,HYOSUNG CORPORATION,DONG NAI,,,HND-20,GPS Full Supplier Approval Review,7,,mlePlantMatProh,,,
RFS03N,1,Supplier,HYOSUNG CORPORATION,DONG NAI,,,HND-20,GPS Full Supplier Approval Review,7,NA,cbRegionNA,,,1
RFS03N,1,Supplier,HYOSUNG CORPORATION,DONG NAI,,,HND-20,GPS Full Supplier Approval Review,7,SOS Appr. Reg. for Layout,efSOSApprovalReg,,,NA
RFS03N,1,Supplier,HYOSUNG CORPORATION,DONG NAI,,,HND-20,GPS Full Supplier Approval Review,7,Full Approval Prefix Code (hidden),efFullAppCode,,,
RFFP,1,Supplier,HYOSUNG CORPORATION,EONYANG,,,C101FP,GPS Full Supplier Approval Review,7,,mlePlantMatProh,,,
RFFP,1,Supplier,HYOSUNG CORPORATION,EONYANG,,,C101FP,GPS Full Supplier Approval Review,7,NA,cbRegionNA,,,1
RFFP,1,Supplier,HYOSUNG CORPORATION,EONYANG,,,C101FP,GPS Full Supplier Approval Review,7,LA,cbRegionLA,,,1
RFFP,1,Supplier,HYOSUNG CORPORATION,EONYANG,,,C101FP,GPS Full Supplier Approval Review,7,EMEA,cbRegionEMEA,,,1
RFFP,1,Supplier,HYOSUNG CORPORATION,EONYANG,,,C101FP,GPS Full Supplier Approval Review,7,AP,cbRegionAP,,,1
RFFP,1,Supplier,HYOSUNG CORPORATION,EONYANG,,,C101FP,GPS Full Supplier Approval Review,7,SOS Appr. Reg. for Layout,efSOSApprovalReg,,,"AP, EMEA, LA, NA"
RFFP,1,Supplier,HYOSUNG CORPORATION,EONYANG,,,C101FP,GPS Full Supplier Approval Review,7,Full Approval Prefix Code (hidden),efFullAppCode,,,
RFTQ26HF,1,Supplier,HYOSUNG CORPORATION,DECATUR,,,TQ26HF,GPS Full Supplier Approval Review,7,,mlePlantMatProh,,,
RFTQ26HF,1,Supplier,HYOSUNG CORPORATION,DECATUR,,,TQ26HF,GPS Full Supplier Approval Review,7,NA,cbRegionNA,,,1
RFTQ26HF,1,Supplier,HYOSUNG CORPORATION,DECATUR,,,TQ26HF,GPS Full Supplier Approval Review,7,LA,cbRegionLA,,,1
RFTQ26HF,1,Supplier,HYOSUNG CORPORATION,DECATUR,,,TQ26HF,GPS Full Supplier Approval Review,7,EMEA,cbRegionEMEA,,,1
RFTQ26HF,1,Supplier,HYOSUNG CORPORATION,DECATUR,,,TQ26HF,GPS Full Supplier Approval Review,7,AP,cbRegionAP,,,1
RFTQ26HF,1,Supplier,HYOSUNG CORPORATION,DECATUR,,,TQ26HF,GPS Full Supplier Approval Review,7,SOS Appr. Reg. for Layout,efSOSApprovalReg,,,"AP, EMEA, LA, NA"
RFTQ26HF,1,Supplier,HYOSUNG CORPORATION,DECATUR,,,TQ26HF,GPS Full Supplier Approval Review,7,Full Approval Prefix Code (hidden),efFullAppCode,,,
RFFP,1,Supplier,JIAXING EASTERN,TENGZHOU EASTERN STEEL CORD CO. LTD,,,Y201FP,GPS Full Supplier Approval Review,7,,mlePlantMatProh,,,
RFFP,1,Supplier,JIAXING EASTERN,TENGZHOU EASTERN STEEL CORD CO. LTD,,,Y201FP,GPS Full Supplier Approval Review,7,NA,cbRegionNA,,,1
RFFP,1,Supplier,JIAXING EASTERN,TENGZHOU EASTERN STEEL CORD CO. LTD,,,Y201FP,GPS Full Supplier Approval Review,7,LA,cbRegionLA,,,1
RFFP,1,Supplier,JIAXING EASTERN,TENGZHOU EASTERN STEEL CORD CO. LTD,,,Y201FP,GPS Full Supplier Approval Review,7,AP,cbRegionAP,,,1
RFFP,1,Supplier,JIAXING EASTERN,TENGZHOU EASTERN STEEL CORD CO. LTD,,,Y201FP,GPS Full Supplier Approval Review,7,SOS Appr. Reg. for Layout,efSOSApprovalReg,,,"AP, LA, NA"
RFFP,1,Supplier,JIAXING EASTERN,TENGZHOU EASTERN STEEL CORD CO. LTD,,,Y201FP,GPS Full Supplier Approval Review,7,Full Approval Prefix Code (hidden),efFullAppCode,,,
RFM14LP19JA,1,Supplier,DURAFIBER,QUERETARO,,,LP19JA,GPS Full Supplier Approval Review,7,,mlePlantMatProh,,,
RFM14LP19JA,1,Supplier,DURAFIBER,QUERETARO,,,LP19JA,GPS Full Supplier Approval Review,7,NA,cbRegionNA,,,1
RFM14LP19JA,1,Supplier,DURAFIBER,QUERETARO,,,LP19JA,GPS Full Supplier Approval Review,7,LA,cbRegionLA,,,1
RFM14LP19JA,1,Supplier,DURAFIBER,QUERETARO,,,LP19JA,GPS Full Supplier Approval Review,7,EMEA,cbRegionEMEA,,,1
RFM14LP19JA,1,Supplier,DURAFIBER,QUERETARO,,,LP19JA,GPS Full Supplier Approval Review,7,AP,cbRegionAP,,,1
RFM14LP19JA,1,Supplier,DURAFIBER,QUERETARO,,,LP19JA,GPS Full Supplier Approval Review,7,SOS Appr. Reg. for Layout,efSOSApprovalReg,,,"AP, EMEA, LA, NA"
RFM14LP19JA,1,Supplier,DURAFIBER,QUERETARO,,,LP19JA,GPS Full Supplier Approval Review,7,Full Approval Prefix Code (hidden),efFullAppCode,,,
RFZ01NG30GA,1,Supplier,HYOSUNG CORPORATION,LISA,,,G09NG30GA,GPS Full Supplier Approval Review,7,,mlePlantMatProh,,,
RFZ01NG30GA,1,Supplier,HYOSUNG CORPORATION,LISA,,,G09NG30GA,GPS Full Supplier Approval Review,7,NA,cbRegionNA,,,1
RFZ01NG30GA,1,Supplier,HYOSUNG CORPORATION,LISA,,,G09NG30GA,GPS Full Supplier Approval Review,7,LA,cbRegionLA,,,1
RFZ01NG30GA,1,Supplier,HYOSUNG CORPORATION,LISA,,,G09NG30GA,GPS Full Supplier Approval Review,7,EMEA,cbRegionEMEA,,,1
RFZ01NG30GA,1,Supplier,HYOSUNG CORPORATION,LISA,,,G09NG30GA,GPS Full Supplier Approval Review,7,AP,cbRegionAP,,,1
RFZ01NG30GA,1,Supplier,HYOSUNG CORPORATION,LISA,,,G09NG30GA,GPS Full Supplier Approval Review,7,SOS Appr. Reg. for Layout,efSOSApprovalReg,,,"AP, EMEA, LA, NA"
RFZ01NG30GA,1,Supplier,HYOSUNG CORPORATION,LISA,,,G09NG30GA,GPS Full Supplier Approval Review,7,Full Approval Prefix Code (hidden),efFullAppCode,,,
RFFA01WY,1,Supplier,KISWIRE,SZENTGOTTHARD,,,FA01WY,GPS Full Supplier Approval Review,7,,mlePlantMatProh,,,
RFFA01WY,1,Supplier,KISWIRE,SZENTGOTTHARD,,,FA01WY,GPS Full Supplier Approval Review,7,NA,cbRegionNA,,,1
RFFA01WY,1,Supplier,KISWIRE,SZENTGOTTHARD,,,FA01WY,GPS Full Supplier Approval Review,7,LA,cbRegionLA,,,1
RFFA01WY,1,Supplier,KISWIRE,SZENTGOTTHARD,,,FA01WY,GPS Full Supplier Approval Review,7,EMEA,cbRegionEMEA,,,1
RFFA01WY,1,Supplier,KISWIRE,SZENTGOTTHARD,,,FA01WY,GPS Full Supplier Approval Review,7,AP,cbRegionAP,,,1
RFFA01WY,1,Supplier,KISWIRE,SZENTGOTTHARD,,,FA01WY,GPS Full Supplier Approval Review,7,SOS Appr. Reg. for Layout,efSOSApprovalReg,,,"AP, EMEA, LA, NA"
RFFA01WY,1,Supplier,KISWIRE,SZENTGOTTHARD,,,FA01WY,GPS Full Supplier Approval Review,7,Full Approval Prefix Code (hidden),efFullAppCode,,,
RFFC01FR,1,Supplier,KISWIRE,MALAYSIA,,,FC01FR,GPS Full Supplier Approval Review,7,,mlePlantMatProh,,,
RFFC01FR,1,Supplier,KISWIRE,MALAYSIA,,,FC01FR,GPS Full Supplier Approval Review,7,NA,cbRegionNA,,,1
RFFC01FR,1,Supplier,KISWIRE,MALAYSIA,,,FC01FR,GPS Full Supplier Approval Review,7,LA,cbRegionLA,,,1
RFFC01FR,1,Supplier,KISWIRE,MALAYSIA,,,FC01FR,GPS Full Supplier Approval Review,7,EMEA,cbRegionEMEA,,,1
RFFC01FR,1,Supplier,KISWIRE,MALAYSIA,,,FC01FR,GPS Full Supplier Approval Review,7,AP,cbRegionAP,,,1
RFFC01FR,1,Supplier,KISWIRE,MALAYSIA,,,FC01FR,GPS Full Supplier Approval Review,7,SOS Appr. Reg. for Layout,efSOSApprovalReg,,,"AP, EMEA, LA, NA"
RFFC01FR,1,Supplier,KISWIRE,MALAYSIA,,,FC01FR,GPS Full Supplier Approval Review,7,Full Approval Prefix Code (hidden),efFullAppCode,,,
RFTEST1,1,Supplier,GOODYEAR TIRE AND RUBBER,AKRON,,,UNSPECIFIED,GPS Full Supplier Approval Review,7,EMEA,cbRegionEMEA,,,1
RFTEST1,1,Supplier,GOODYEAR TIRE AND RUBBER,AKRON,,,UNSPECIFIED,GPS Full Supplier Approval Review,7,SOS Appr. Reg. for Layout,efSOSApprovalReg,,,EMEA
RFTEST1,1,Supplier,GOODYEAR TIRE AND RUBBER,AKRON,,,UNSPECIFIED,GPS Full Supplier Approval Review,7,Full Approval Prefix Code (hidden),efFullAppCode,,,
RFJOAX_FDC,7,Supplier,PPG INDUSTRIES,TOLL-ORIENTAL SILICA,,,UNSPECIFIED,GPS Full Supplier Approval Review,7,NA,cbRegionNA,,,1
RFJOAX_FDC,7,Supplier,PPG INDUSTRIES,TOLL-ORIENTAL SILICA,,,UNSPECIFIED,GPS Full Supplier Approval Review,7,LA,cbRegionLA,,,1
RFJOAX_FDC,7,Supplier,PPG INDUSTRIES,TOLL-ORIENTAL SILICA,,,UNSPECIFIED,GPS Full Supplier Approval Review,7,EMEA,cbRegionEMEA,,,1
RFJOAX_FDC,7,Supplier,PPG INDUSTRIES,TOLL-ORIENTAL SILICA,,,UNSPECIFIED,GPS Full Supplier Approval Review,7,AP,cbRegionAP,,,1
RFJOAX_FDC,7,Supplier,PPG INDUSTRIES,TOLL-ORIENTAL SILICA,,,UNSPECIFIED,GPS Full Supplier Approval Review,7,SOS Appr. Reg. for Layout,efSOSApprovalReg,,,"AP, EMEA, LA, NA"
RFJOAX_FDC,7,Supplier,PPG INDUSTRIES,TOLL-ORIENTAL SILICA,,,UNSPECIFIED,GPS Full Supplier Approval Review,7,Full Approval Prefix Code (hidden),efFullAppCode,,,
RFJOAX_FDC,7,Supplier,INDUSTRIA QUIMICA ELECTRO CLORO,BRAZIL,IND QUIMICAS BORDA CAMPO,UNSPECIFIED,FLAKED CAUSTIC SODA,GPS Full Supplier Approval Review,7,NA,cbRegionNA,,,1
RFJOAX_FDC,7,Supplier,INDUSTRIA QUIMICA ELECTRO CLORO,BRAZIL,IND QUIMICAS BORDA CAMPO,UNSPECIFIED,FLAKED CAUSTIC SODA,GPS Full Agent Approval Review,5,NA,cbRegionNA,,,1
RFJOAX_FDC,7,Supplier,INDUSTRIA QUIMICA ELECTRO CLORO,BRAZIL,IND QUIMICAS BORDA CAMPO,UNSPECIFIED,FLAKED CAUSTIC SODA,GPS Full Supplier Approval Review,7,LA,cbRegionLA,,,1
RFJOAX_FDC,7,Supplier,INDUSTRIA QUIMICA ELECTRO CLORO,BRAZIL,IND QUIMICAS BORDA CAMPO,UNSPECIFIED,FLAKED CAUSTIC SODA,GPS Full Agent Approval Review,5,LA,cbRegionLA,,,1
RFJOAX_FDC,7,Supplier,INDUSTRIA QUIMICA ELECTRO CLORO,BRAZIL,IND QUIMICAS BORDA CAMPO,UNSPECIFIED,FLAKED CAUSTIC SODA,GPS Full Supplier Approval Review,7,EMEA,cbRegionEMEA,,,1
RFJOAX_FDC,7,Supplier,INDUSTRIA QUIMICA ELECTRO CLORO,BRAZIL,IND QUIMICAS BORDA CAMPO,UNSPECIFIED,FLAKED CAUSTIC SODA,GPS Full Agent Approval Review,5,EMEA,cbRegionEMEA,,,1
RFJOAX_FDC,7,Supplier,INDUSTRIA QUIMICA ELECTRO CLORO,BRAZIL,IND QUIMICAS BORDA CAMPO,UNSPECIFIED,FLAKED CAUSTIC SODA,GPS Full Supplier Approval Review,7,AP,cbRegionAP,,,1
RFJOAX_FDC,7,Supplier,INDUSTRIA QUIMICA ELECTRO CLORO,BRAZIL,IND QUIMICAS BORDA CAMPO,UNSPECIFIED,FLAKED CAUSTIC SODA,GPS Full Agent Approval Review,5,AP,cbRegionAP,,,1
RFJOAX_FDC,7,Supplier,INDUSTRIA QUIMICA ELECTRO CLORO,BRAZIL,IND QUIMICAS BORDA CAMPO,UNSPECIFIED,FLAKED CAUSTIC SODA,GPS Full Supplier Approval Review,7,SOS Appr. Reg. for Layout,efSOSApprovalReg,,,"AP, EMEA, LA, NA"
RFJOAX_FDC,7,Supplier,INDUSTRIA QUIMICA ELECTRO CLORO,BRAZIL,IND QUIMICAS BORDA CAMPO,UNSPECIFIED,FLAKED CAUSTIC SODA,GPS Full Supplier Approval Review,7,Full Approval Prefix Code (hidden),efFullAppCode,,,
RFJOAX_FDC,7,Supplier,INDUSTRIA QUIMICA ELECTRO CLORO,BRAZIL,COSMOQUIMICA,UNSPECIFIED,FLAKED CAUSTIC SODA,GPS Full Supplier Approval Review,7,NA,cbRegionNA,,,1
RFJOAX_FDC,7,Supplier,INDUSTRIA QUIMICA ELECTRO CLORO,BRAZIL,COSMOQUIMICA,UNSPECIFIED,FLAKED CAUSTIC SODA,GPS Full Agent Approval Review,5,NA,cbRegionNA,,,1
RFJOAX_FDC,7,Supplier,INDUSTRIA QUIMICA ELECTRO CLORO,BRAZIL,COSMOQUIMICA,UNSPECIFIED,FLAKED CAUSTIC SODA,GPS Full Supplier Approval Review,7,LA,cbRegionLA,,,1
RFJOAX_FDC,7,Supplier,INDUSTRIA QUIMICA ELECTRO CLORO,BRAZIL,COSMOQUIMICA,UNSPECIFIED,FLAKED CAUSTIC SODA,GPS Full Agent Approval Review,5,LA,cbRegionLA,,,1
RFJOAX_FDC,7,Supplier,INDUSTRIA QUIMICA ELECTRO CLORO,BRAZIL,COSMOQUIMICA,UNSPECIFIED,FLAKED CAUSTIC SODA,GPS Full Supplier Approval Review,7,EMEA,cbRegionEMEA,,,1
RFJOAX_FDC,7,Supplier,INDUSTRIA QUIMICA ELECTRO CLORO,BRAZIL,COSMOQUIMICA,UNSPECIFIED,FLAKED CAUSTIC SODA,GPS Full Agent Approval Review,5,EMEA,cbRegionEMEA,,,1
RFJOAX_FDC,7,Supplier,INDUSTRIA QUIMICA ELECTRO CLORO,BRAZIL,COSMOQUIMICA,UNSPECIFIED,FLAKED CAUSTIC SODA,GPS Full Supplier Approval Review,7,AP,cbRegionAP,,,1
RFJOAX_FDC,7,Supplier,INDUSTRIA QUIMICA ELECTRO CLORO,BRAZIL,COSMOQUIMICA,UNSPECIFIED,FLAKED CAUSTIC SODA,GPS Full Agent Approval Review,5,AP,cbRegionAP,,,1
RFJOAX_FDC,7,Supplier,INDUSTRIA QUIMICA ELECTRO CLORO,BRAZIL,COSMOQUIMICA,UNSPECIFIED,FLAKED CAUSTIC SODA,GPS Full Supplier Approval Review,7,SOS Appr. Reg. for Layout,efSOSApprovalReg,,,"AP, EMEA, LA, NA"
RFJOAX_FDC,7,Supplier,INDUSTRIA QUIMICA ELECTRO CLORO,BRAZIL,COSMOQUIMICA,UNSPECIFIED,FLAKED CAUSTIC SODA,GPS Full Supplier Approval Review,7,Full Approval Prefix Code (hidden),efFullAppCode,,,
RFJOAX_FDC,7,Supplier,INDUSTRIA QUIMICA ELECTRO CLORO,BRAZIL,HERZOG,UNSPECIFIED,FLAKED CAUSTIC SODA,GPS Full Supplier Approval Review,7,NA,cbRegionNA,,,1
RFJOAX_FDC,7,Supplier,INDUSTRIA QUIMICA ELECTRO CLORO,BRAZIL,HERZOG,UNSPECIFIED,FLAKED CAUSTIC SODA,GPS Full Agent Approval Review,5,NA,cbRegionNA,,,1
RFJOAX_FDC,7,Supplier,INDUSTRIA QUIMICA ELECTRO CLORO,BRAZIL,HERZOG,UNSPECIFIED,FLAKED CAUSTIC SODA,GPS Full Supplier Approval Review,7,LA,cbRegionLA,,,1
RFJOAX_FDC,7,Supplier,INDUSTRIA QUIMICA ELECTRO CLORO,BRAZIL,HERZOG,UNSPECIFIED,FLAKED CAUSTIC SODA,GPS Full Agent Approval Review,5,LA,cbRegionLA,,,1
RFJOAX_FDC,7,Supplier,INDUSTRIA QUIMICA ELECTRO CLORO,BRAZIL,HERZOG,UNSPECIFIED,FLAKED CAUSTIC SODA,GPS Full Supplier Approval Review,7,EMEA,cbRegionEMEA,,,1
RFJOAX_FDC,7,Supplier,INDUSTRIA QUIMICA ELECTRO CLORO,BRAZIL,HERZOG,UNSPECIFIED,FLAKED CAUSTIC SODA,GPS Full Agent Approval Review,5,EMEA,cbRegionEMEA,,,1
RFJOAX_FDC,7,Supplier,INDUSTRIA QUIMICA ELECTRO CLORO,BRAZIL,HERZOG,UNSPECIFIED,FLAKED CAUSTIC SODA,GPS Full Supplier Approval Review,7,AP,cbRegionAP,,,1
RFJOAX_FDC,7,Supplier,INDUSTRIA QUIMICA ELECTRO CLORO,BRAZIL,HERZOG,UNSPECIFIED,FLAKED CAUSTIC SODA,GPS Full Agent Approval Review,5,AP,cbRegionAP,,,1
RFJOAX_FDC,7,Supplier,INDUSTRIA QUIMICA ELECTRO CLORO,BRAZIL,HERZOG,UNSPECIFIED,FLAKED CAUSTIC SODA,GPS Full Supplier Approval Review,7,SOS Appr. Reg. for Layout,efSOSApprovalReg,,,"AP, EMEA, LA, NA"
RFJOAX_FDC,7,Supplier,INDUSTRIA QUIMICA ELECTRO CLORO,BRAZIL,HERZOG,UNSPECIFIED,FLAKED CAUSTIC SODA,GPS Full Supplier Approval Review,7,Full Approval Prefix Code (hidden),efFullAppCode,,,
RFJOAX_FDC,7,Supplier,DIAMOND SHAMROCK CHEMICAL,UNSPECIFIED,,,UNSPECIFIED,GPS Full Supplier Approval Review,7,NA,cbRegionNA,,,1
RFJOAX_FDC,7,Supplier,DIAMOND SHAMROCK CHEMICAL,UNSPECIFIED,,,UNSPECIFIED,GPS Full Supplier Approval Review,7,LA,cbRegionLA,,,1
RFJOAX_FDC,7,Supplier,DIAMOND SHAMROCK CHEMICAL,UNSPECIFIED,,,UNSPECIFIED,GPS Full Supplier Approval Review,7,EMEA,cbRegionEMEA,,,1
RFJOAX_FDC,7,Supplier,DIAMOND SHAMROCK CHEMICAL,UNSPECIFIED,,,UNSPECIFIED,GPS Full Supplier Approval Review,7,AP,cbRegionAP,,,1
RFJOAX_FDC,7,Supplier,DIAMOND SHAMROCK CHEMICAL,UNSPECIFIED,,,UNSPECIFIED,GPS Full Supplier Approval Review,7,SOS Appr. Reg. for Layout,efSOSApprovalReg,,,"AP, EMEA, LA, NA"
RFJOAX_FDC,7,Supplier,DIAMOND SHAMROCK CHEMICAL,UNSPECIFIED,,,UNSPECIFIED,GPS Full Supplier Approval Review,7,Full Approval Prefix Code (hidden),efFullAppCode,,,
RFJOAX_FDC,7,Supplier,AFRICAN EXPLOSIVES AND CHEMICAL,SOUTH AFRICA,SCHAUDER AND SONS,UNSPECIFIED,CAUSTIC SODA FLAKES,GPS Full Supplier Approval Review,7,NA,cbRegionNA,,,1
RFJOAX_FDC,7,Supplier,AFRICAN EXPLOSIVES AND CHEMICAL,SOUTH AFRICA,SCHAUDER AND SONS,UNSPECIFIED,CAUSTIC SODA FLAKES,GPS Full Agent Approval Review,5,NA,cbRegionNA,,,1
RFJOAX_FDC,7,Supplier,AFRICAN EXPLOSIVES AND CHEMICAL,SOUTH AFRICA,SCHAUDER AND SONS,UNSPECIFIED,CAUSTIC SODA FLAKES,GPS Full Supplier Approval Review,7,LA,cbRegionLA,,,1
RFJOAX_FDC,7,Supplier,AFRICAN EXPLOSIVES AND CHEMICAL,SOUTH AFRICA,SCHAUDER AND SONS,UNSPECIFIED,CAUSTIC SODA FLAKES,GPS Full Agent Approval Review,5,LA,cbRegionLA,,,1
RFJOAX_FDC,7,Supplier,AFRICAN EXPLOSIVES AND CHEMICAL,SOUTH AFRICA,SCHAUDER AND SONS,UNSPECIFIED,CAUSTIC SODA FLAKES,GPS Full Supplier Approval Review,7,EMEA,cbRegionEMEA,,,1
RFJOAX_FDC,7,Supplier,AFRICAN EXPLOSIVES AND CHEMICAL,SOUTH AFRICA,SCHAUDER AND SONS,UNSPECIFIED,CAUSTIC SODA FLAKES,GPS Full Agent Approval Review,5,EMEA,cbRegionEMEA,,,1
RFJOAX_FDC,7,Supplier,AFRICAN EXPLOSIVES AND CHEMICAL,SOUTH AFRICA,SCHAUDER AND SONS,UNSPECIFIED,CAUSTIC SODA FLAKES,GPS Full Supplier Approval Review,7,AP,cbRegionAP,,,1
RFJOAX_FDC,7,Supplier,AFRICAN EXPLOSIVES AND CHEMICAL,SOUTH AFRICA,SCHAUDER AND SONS,UNSPECIFIED,CAUSTIC SODA FLAKES,GPS Full Agent Approval Review,5,AP,cbRegionAP,,,1
RFJOAX_FDC,7,Supplier,AFRICAN EXPLOSIVES AND CHEMICAL,SOUTH AFRICA,SCHAUDER AND SONS,UNSPECIFIED,CAUSTIC SODA FLAKES,GPS Full Supplier Approval Review,7,SOS Appr. Reg. for Layout,efSOSApprovalReg,,,"AP, EMEA, LA, NA"
RFJOAX_FDC,7,Supplier,AFRICAN EXPLOSIVES AND CHEMICAL,SOUTH AFRICA,SCHAUDER AND SONS,UNSPECIFIED,CAUSTIC SODA FLAKES,GPS Full Supplier Approval Review,7,Full Approval Prefix Code (hidden),efFullAppCode,,,
RFJOAX_FDC,7,Supplier,CANADIAN INDUSTRIES,CANADA,CANADA COLORS,TORONTO,UNSPECIFIED,GPS Full Supplier Approval Review,7,NA,cbRegionNA,,,1
RFJOAX_FDC,7,Supplier,CANADIAN INDUSTRIES,CANADA,CANADA COLORS,TORONTO,UNSPECIFIED,GPS Full Agent Approval Review,5,NA,cbRegionNA,,,1
RFJOAX_FDC,7,Supplier,CANADIAN INDUSTRIES,CANADA,CANADA COLORS,TORONTO,UNSPECIFIED,GPS Full Supplier Approval Review,7,LA,cbRegionLA,,,1
RFJOAX_FDC,7,Supplier,CANADIAN INDUSTRIES,CANADA,CANADA COLORS,TORONTO,UNSPECIFIED,GPS Full Supplier Approval Review,7,EMEA,cbRegionEMEA,,,1
RFJOAX_FDC,7,Supplier,CANADIAN INDUSTRIES,CANADA,CANADA COLORS,TORONTO,UNSPECIFIED,GPS Full Supplier Approval Review,7,AP,cbRegionAP,,,1
RFJOAX_FDC,7,Supplier,CANADIAN INDUSTRIES,CANADA,CANADA COLORS,TORONTO,UNSPECIFIED,GPS Full Supplier Approval Review,7,SOS Appr. Reg. for Layout,efSOSApprovalReg,,,"AP, EMEA, LA, NA"
RFJOAX_FDC,7,Supplier,CANADIAN INDUSTRIES,CANADA,CANADA COLORS,TORONTO,UNSPECIFIED,GPS Full Supplier Approval Review,7,Full Approval Prefix Code (hidden),efFullAppCode,,,
RFJOAX_FDC,7,Supplier,CANADIAN INDUSTRIES,CANADA,NICHOLS CHEMICAL,CANADA,UNSPECIFIED,GPS Full Supplier Approval Review,7,NA,cbRegionNA,,,1
RFJOAX_FDC,7,Supplier,CANADIAN INDUSTRIES,CANADA,NICHOLS CHEMICAL,CANADA,UNSPECIFIED,GPS Full Agent Approval Review,5,NA,cbRegionNA,,,1
RFJOAX_FDC,7,Supplier,CANADIAN INDUSTRIES,CANADA,NICHOLS CHEMICAL,CANADA,UNSPECIFIED,GPS Full Supplier Approval Review,7,LA,cbRegionLA,,,1
RFJOAX_FDC,7,Supplier,CANADIAN INDUSTRIES,CANADA,NICHOLS CHEMICAL,CANADA,UNSPECIFIED,GPS Full Supplier Approval Review,7,EMEA,cbRegionEMEA,,,1
RFJOAX_FDC,7,Supplier,CANADIAN INDUSTRIES,CANADA,NICHOLS CHEMICAL,CANADA,UNSPECIFIED,GPS Full Supplier Approval Review,7,AP,cbRegionAP,,,1
RFJOAX_FDC,7,Supplier,CANADIAN INDUSTRIES,CANADA,NICHOLS CHEMICAL,CANADA,UNSPECIFIED,GPS Full Supplier Approval Review,7,SOS Appr. Reg. for Layout,efSOSApprovalReg,,,"AP, EMEA, LA, NA"
RFJOAX_FDC,7,Supplier,CANADIAN INDUSTRIES,CANADA,NICHOLS CHEMICAL,CANADA,UNSPECIFIED,GPS Full Supplier Approval Review,7,Full Approval Prefix Code (hidden),efFullAppCode,,,
RFJOAX_FDC,7,Supplier,"ALLIED CHEMICAL, SOLVAY",BRUSSELS,,,UNSPECIFIED,GPS Full Supplier Approval Review,7,NA,cbRegionNA,,,1
RFJOAX_FDC,7,Supplier,"ALLIED CHEMICAL, SOLVAY",BRUSSELS,,,UNSPECIFIED,GPS Full Supplier Approval Review,7,LA,cbRegionLA,,,1
RFJOAX_FDC,7,Supplier,"ALLIED CHEMICAL, SOLVAY",BRUSSELS,,,UNSPECIFIED,GPS Full Supplier Approval Review,7,EMEA,cbRegionEMEA,,,1
RFJOAX_FDC,7,Supplier,"ALLIED CHEMICAL, SOLVAY",BRUSSELS,,,UNSPECIFIED,GPS Full Supplier Approval Review,7,AP,cbRegionAP,,,1
RFJOAX_FDC,7,Supplier,"ALLIED CHEMICAL, SOLVAY",BRUSSELS,,,UNSPECIFIED,GPS Full Supplier Approval Review,7,SOS Appr. Reg. for Layout,efSOSApprovalReg,,,"AP, EMEA, LA, NA"
RFJOAX_FDC,7,Supplier,"ALLIED CHEMICAL, SOLVAY",BRUSSELS,,,UNSPECIFIED,GPS Full Supplier Approval Review,7,Full Approval Prefix Code (hidden),efFullAppCode,,,
RFJOAX_FDC,7,Supplier,BILLARPUR,INDIA,,,UNSPECIFIED,GPS Full Supplier Approval Review,7,NA,cbRegionNA,,,1
RFJOAX_FDC,7,Supplier,BILLARPUR,INDIA,,,UNSPECIFIED,GPS Full Supplier Approval Review,7,LA,cbRegionLA,,,1
RFJOAX_FDC,7,Supplier,BILLARPUR,INDIA,,,UNSPECIFIED,GPS Full Supplier Approval Review,7,EMEA,cbRegionEMEA,,,1
RFJOAX_FDC,7,Supplier,BILLARPUR,INDIA,,,UNSPECIFIED,GPS Full Supplier Approval Review,7,AP,cbRegionAP,,,1
RFJOAX_FDC,7,Supplier,BILLARPUR,INDIA,,,UNSPECIFIED,GPS Full Supplier Approval Review,7,SOS Appr. Reg. for Layout,efSOSApprovalReg,,,"AP, EMEA, LA, NA"
RFJOAX_FDC,7,Supplier,BILLARPUR,INDIA,,,UNSPECIFIED,GPS Full Supplier Approval Review,7,Full Approval Prefix Code (hidden),efFullAppCode,,,
RFU07L,1,Supplier,JUNMA,ZHANGJIAGANG,,,U07L,GPS Full Supplier Approval Review,7,AP,cbRegionAP,,,1
RFU07L,1,Supplier,JUNMA,ZHANGJIAGANG,,,U07L,GPS Full Supplier Approval Review,7,SOS Appr. Reg. for Layout,efSOSApprovalReg,,,AP
RFU07L,1,Supplier,JUNMA,ZHANGJIAGANG,,,U07L,GPS Full Supplier Approval Review,7,Full Approval Prefix Code (hidden),efFullAppCode,,,
RFJOAX_FDC,7,Supplier,INDUSTRIAS QUIMICAS DEL ISTMO,MEXICO,ESPECIALIDADES,MEXICO,SOSA CAUSTICA EN ECOMAS,GPS Full Supplier Approval Review,7,NA,cbRegionNA,,,1
RFJOAX_FDC,7,Supplier,INDUSTRIAS QUIMICAS DEL ISTMO,MEXICO,ESPECIALIDADES,MEXICO,SOSA CAUSTICA EN ECOMAS,GPS Full Agent Approval Review,5,NA,cbRegionNA,,,1
RFJOAX_FDC,7,Supplier,INDUSTRIAS QUIMICAS DEL ISTMO,MEXICO,ESPECIALIDADES,MEXICO,SOSA CAUSTICA EN ECOMAS,GPS Full Supplier Approval Review,7,LA,cbRegionLA,,,1
RFJOAX_FDC,7,Supplier,INDUSTRIAS QUIMICAS DEL ISTMO,MEXICO,ESPECIALIDADES,MEXICO,SOSA CAUSTICA EN ECOMAS,GPS Full Agent Approval Review,5,LA,cbRegionLA,,,1
RFJOAX_FDC,7,Supplier,INDUSTRIAS QUIMICAS DEL ISTMO,MEXICO,ESPECIALIDADES,MEXICO,SOSA CAUSTICA EN ECOMAS,GPS Full Supplier Approval Review,7,EMEA,cbRegionEMEA,,,1
RFJOAX_FDC,7,Supplier,INDUSTRIAS QUIMICAS DEL ISTMO,MEXICO,ESPECIALIDADES,MEXICO,SOSA CAUSTICA EN ECOMAS,GPS Full Agent Approval Review,5,EMEA,cbRegionEMEA,,,1
RFJOAX_FDC,7,Supplier,INDUSTRIAS QUIMICAS DEL ISTMO,MEXICO,ESPECIALIDADES,MEXICO,SOSA CAUSTICA EN ECOMAS,GPS Full Supplier Approval Review,7,AP,cbRegionAP,,,1
RFJOAX_FDC,7,Supplier,INDUSTRIAS QUIMICAS DEL ISTMO,MEXICO,ESPECIALIDADES,MEXICO,SOSA CAUSTICA EN ECOMAS,GPS Full Agent Approval Review,5,AP,cbRegionAP,,,1
RFJOAX_FDC,7,Supplier,INDUSTRIAS QUIMICAS DEL ISTMO,MEXICO,ESPECIALIDADES,MEXICO,SOSA CAUSTICA EN ECOMAS,GPS Full Supplier Approval Review,7,SOS Appr. Reg. for Layout,efSOSApprovalReg,,,"AP, EMEA, LA, NA"
RFJOAX_FDC,7,Supplier,INDUSTRIAS QUIMICAS DEL ISTMO,MEXICO,ESPECIALIDADES,MEXICO,SOSA CAUSTICA EN ECOMAS,GPS Full Supplier Approval Review,7,Full Approval Prefix Code (hidden),efFullAppCode,,,
RFQC32PF,1,Supplier,HYOSUNG CORPORATION,LISA,,,QC32PF,GPS Full Supplier Approval Review,7,NA,cbRegionNA,,,1
RFQC32PF,1,Supplier,HYOSUNG CORPORATION,LISA,,,QC32PF,GPS Full Supplier Approval Review,7,LA,cbRegionLA,,,1
RFQC32PF,1,Supplier,HYOSUNG CORPORATION,LISA,,,QC32PF,GPS Full Supplier Approval Review,7,EMEA,cbRegionEMEA,,,1
RFQC32PF,1,Supplier,HYOSUNG CORPORATION,LISA,,,QC32PF,GPS Full Supplier Approval Review,7,AP,cbRegionAP,,,1
RFQC32PF,1,Supplier,HYOSUNG CORPORATION,LISA,,,QC32PF,GPS Full Supplier Approval Review,7,SOS Appr. Reg. for Layout,efSOSApprovalReg,,,"AP, EMEA, LA, NA"
RFQC32PF,1,Supplier,HYOSUNG CORPORATION,LISA,,,QC32PF,GPS Full Supplier Approval Review,7,Full Approval Prefix Code (hidden),efFullAppCode,,,
RFFP,1,Supplier,PIRELLI,FIGLINE,,,P101FP,GPS Full Supplier Approval Review,7,NA,cbRegionNA,,,1
RFFP,1,Supplier,PIRELLI,FIGLINE,,,P101FP,GPS Full Supplier Approval Review,7,SOS Appr. Reg. for Layout,efSOSApprovalReg,,,NA
RFFP,1,Supplier,PIRELLI,FIGLINE,,,P101FP,GPS Full Supplier Approval Review,7,Full Approval Prefix Code (hidden),efFullAppCode,,,
RFQU26PF,1,Supplier,HYOSUNG CORPORATION,LISA,,,QU26PF,GPS Full Supplier Approval Review,7,LA,cbRegionLA,,,1
RFQU26PF,1,Supplier,HYOSUNG CORPORATION,LISA,,,QU26PF,GPS Full Supplier Approval Review,7,EMEA,cbRegionEMEA,,,1
RFQU26PF,1,Supplier,HYOSUNG CORPORATION,LISA,,,QU26PF,GPS Full Supplier Approval Review,7,AP,cbRegionAP,,,1
RFQU26PF,1,Supplier,HYOSUNG CORPORATION,LISA,,,QU26PF,GPS Full Supplier Approval Review,7,SOS Appr. Reg. for Layout,efSOSApprovalReg,,,"AP, EMEA, LA"
RFQU26PF,1,Supplier,HYOSUNG CORPORATION,LISA,,,QU26PF,GPS Full Supplier Approval Review,7,Full Approval Prefix Code (hidden),efFullAppCode,,,
RFQV28,1,Supplier,HYOSUNG CORPORATION,DONG NAI,,,QV28,GPS Full Supplier Approval Review,7,LA,cbRegionLA,,,1
RFQV28,1,Supplier,HYOSUNG CORPORATION,DONG NAI,,,QV28,GPS Full Supplier Approval Review,7,SOS Appr. Reg. for Layout,efSOSApprovalReg,,,LA
RFQV28,1,Supplier,HYOSUNG CORPORATION,DONG NAI,,,QV28,GPS Full Supplier Approval Review,7,Full Approval Prefix Code (hidden),efFullAppCode,,,
RFCH,1,Supplier,NAT STAN,UITENHAGE,,,145CH,GPS Full Supplier Approval Review,7,EMEA,cbRegionEMEA,,,1
RFCH,1,Supplier,NAT STAN,UITENHAGE,,,145CH,GPS Full Supplier Approval Review,7,AP,cbRegionAP,,,1
RFCH,1,Supplier,NAT STAN,UITENHAGE,,,145CH,GPS Full Supplier Approval Review,7,SOS Appr. Reg. for Layout,efSOSApprovalReg,,,"AP, EMEA"
RFCH,1,Supplier,NAT STAN,UITENHAGE,,,145CH,GPS Full Supplier Approval Review,7,Full Approval Prefix Code (hidden),efFullAppCode,,,
RFQV28,1,Supplier,KORDSA,CAMACARI,,,QV28,GPS Full Supplier Approval Review,7,LA,cbRegionLA,,,1
RFQV28,1,Supplier,KORDSA,CAMACARI,,,QV28,GPS Full Supplier Approval Review,7,SOS Appr. Reg. for Layout,efSOSApprovalReg,,,LA
RFQV28,1,Supplier,KORDSA,CAMACARI,,,QV28,GPS Full Supplier Approval Review,7,Full Approval Prefix Code (hidden),efFullAppCode,,,
RFC17GAZ,1,Supplier,NGF,GUELPH - ON,,,C17GAZ,GPS Full Supplier Approval Review,7,NA,cbRegionNA,,,1
RFC17GAZ,1,Supplier,NGF,GUELPH - ON,,,C17GAZ,GPS Full Supplier Approval Review,7,EMEA,cbRegionEMEA,,,1
RFC17GAZ,1,Supplier,NGF,GUELPH - ON,,,C17GAZ,GPS Full Supplier Approval Review,7,SOS Appr. Reg. for Layout,efSOSApprovalReg,,,"EMEA, NA"
RFC17GAZ,1,Supplier,NGF,GUELPH - ON,,,C17GAZ,GPS Full Supplier Approval Review,7,Full Approval Prefix Code (hidden),efFullAppCode,,,
RFFP,1,Supplier,BEKAERT,AALTER,,,B101FP,GPS Full Supplier Approval Review,7,NA,cbRegionNA,,,1
RFFP,1,Supplier,BEKAERT,AALTER,,,B101FP,GPS Full Supplier Approval Review,7,LA,cbRegionLA,,,1
RFFP,1,Supplier,BEKAERT,AALTER,,,B101FP,GPS Full Supplier Approval Review,7,EMEA,cbRegionEMEA,,,1
RFFP,1,Supplier,BEKAERT,AALTER,,,B101FP,GPS Full Supplier Approval Review,7,AP,cbRegionAP,,,1
RFFP,1,Supplier,BEKAERT,AALTER,,,B101FP,GPS Full Supplier Approval Review,7,SOS Appr. Reg. for Layout,efSOSApprovalReg,,,"AP, EMEA, LA, NA"
RFFP,1,Supplier,BEKAERT,AALTER,,,B101FP,GPS Full Supplier Approval Review,7,Full Approval Prefix Code (hidden),efFullAppCode,,,
RFQV28,1,Supplier,HYOSUNG CORPORATION,ULSAN,,,QV28,GPS Full Supplier Approval Review,7,LA,cbRegionLA,,,1
RFQV28,1,Supplier,HYOSUNG CORPORATION,ULSAN,,,QV28,GPS Full Supplier Approval Review,7,SOS Appr. Reg. for Layout,efSOSApprovalReg,,,LA
RFQV28,1,Supplier,HYOSUNG CORPORATION,ULSAN,,,QV28,GPS Full Supplier Approval Review,7,Full Approval Prefix Code (hidden),efFullAppCode,,,
RF40HK2B,1,Supplier,OTTO KUHLMANN,HEMER GERMANY,,,RF40HK2B,GPS Full Supplier Approval Review,7,NA,cbRegionNA,,,1
RF40HK2B,1,Supplier,OTTO KUHLMANN,HEMER GERMANY,,,RF40HK2B,GPS Full Supplier Approval Review,7,SOS Appr. Reg. for Layout,efSOSApprovalReg,,,NA
RF40HK2B,1,Supplier,OTTO KUHLMANN,HEMER GERMANY,,,RF40HK2B,GPS Full Supplier Approval Review,7,Full Approval Prefix Code (hidden),efFullAppCode,,,
RFNJ27JF,1,Supplier,HYOSUNG CORPORATION,AMERICANA,,,NJ27JF,GPS Full Supplier Approval Review,7,LA,cbRegionLA,,,1
RFNJ27JF,1,Supplier,HYOSUNG CORPORATION,AMERICANA,,,NJ27JF,GPS Full Supplier Approval Review,7,SOS Appr. Reg. for Layout,efSOSApprovalReg,,,LA
RFNJ27JF,1,Supplier,HYOSUNG CORPORATION,AMERICANA,,,NJ27JF,GPS Full Supplier Approval Review,7,Full Approval Prefix Code (hidden),efFullAppCode,,,
RFNT30UA,1,Supplier,HYOSUNG CORPORATION,LISA,,,NT30UA,GPS Full Supplier Approval Review,7,EMEA,cbRegionEMEA,,,1
RFNT30UA,1,Supplier,HYOSUNG CORPORATION,LISA,,,NT30UA,GPS Full Supplier Approval Review,7,SOS Appr. Reg. for Layout,efSOSApprovalReg,,,EMEA
RFNT30UA,1,Supplier,HYOSUNG CORPORATION,LISA,,,NT30UA,GPS Full Supplier Approval Review,7,Full Approval Prefix Code (hidden),efFullAppCode,,,
RFLV19JA,1,Supplier,HYOSUNG CORPORATION,AMERICANA,,,LV19JA,GPS Full Supplier Approval Review,7,LA,cbRegionLA,,,1
RFLV19JA,1,Supplier,HYOSUNG CORPORATION,AMERICANA,,,LV19JA,GPS Full Supplier Approval Review,7,SOS Appr. Reg. for Layout,efSOSApprovalReg,,,LA
RFLV19JA,1,Supplier,HYOSUNG CORPORATION,AMERICANA,,,LV19JA,GPS Full Supplier Approval Review,7,Full Approval Prefix Code (hidden),efFullAppCode,,,
RFNC16KR,1,Supplier,HYOSUNG CORPORATION,UTICA,,,NC16KR,GPS Full Supplier Approval Review,7,NA,cbRegionNA,,,1
RFNC16KR,1,Supplier,HYOSUNG CORPORATION,UTICA,,,NC16KR,GPS Full Supplier Approval Review,7,SOS Appr. Reg. for Layout,efSOSApprovalReg,,,NA
RFNC16KR,1,Supplier,HYOSUNG CORPORATION,UTICA,,,NC16KR,GPS Full Supplier Approval Review,7,Full Approval Prefix Code (hidden),efFullAppCode,,,
RF9496,1,Supplier,FRONTIER SPINNING MILLS,SANDFORD,,,FILL,GPS Full Supplier Approval Review,7,NA,cbRegionNA,,,1
RF9496,1,Supplier,FRONTIER SPINNING MILLS,SANDFORD,,,FILL,GPS Full Supplier Approval Review,7,SOS Appr. Reg. for Layout,efSOSApprovalReg,,,NA
RF9496,1,Supplier,FRONTIER SPINNING MILLS,SANDFORD,,,FILL,GPS Full Supplier Approval Review,7,Full Approval Prefix Code (hidden),efFullAppCode,,,
RFFP,1,Supplier,HYOSUNG CORPORATION,ASHEBORO,,,C201FP,GPS Full Supplier Approval Review,7,NA,cbRegionNA,,,1
RFFP,1,Supplier,HYOSUNG CORPORATION,ASHEBORO,,,C201FP,GPS Full Supplier Approval Review,7,SOS Appr. Reg. for Layout,efSOSApprovalReg,,,NA
RFFP,1,Supplier,HYOSUNG CORPORATION,ASHEBORO,,,C201FP,GPS Full Supplier Approval Review,7,Full Approval Prefix Code (hidden),efFullAppCode,,,
RFB05L,1,Supplier,KORDSA,BA,,,400-5,GPS Full Supplier Approval Review,7,LA,cbRegionLA,,,1
RFB05L,1,Supplier,KORDSA,BA,,,400-5,GPS Full Supplier Approval Review,7,EMEA,cbRegionEMEA,,,1
RFB05L,1,Supplier,KORDSA,BA,,,400-5,GPS Full Supplier Approval Review,7,AP,cbRegionAP,,,1
RFB05L,1,Supplier,KORDSA,BA,,,400-5,GPS Full Supplier Approval Review,7,SOS Appr. Reg. for Layout,efSOSApprovalReg,,,"AP, EMEA, LA"
RFB05L,1,Supplier,KORDSA,BA,,,400-5,GPS Full Supplier Approval Review,7,Full Approval Prefix Code (hidden),efFullAppCode,,,
RFLH23MA,1,Supplier,SRF,MANALI,,,LH23MA,GPS Full Supplier Approval Review,7,AP,cbRegionAP,,,1
RFLH23MA,1,Supplier,SRF,MANALI,,,LH23MA,GPS Full Supplier Approval Review,7,SOS Appr. Reg. for Layout,efSOSApprovalReg,,,AP
RFLH23MA,1,Supplier,SRF,MANALI,,,LH23MA,GPS Full Supplier Approval Review,7,Full Approval Prefix Code (hidden),efFullAppCode,,,
RFJ35ZS,1,Supplier,NGF,GUELPH - ON,,,G30-500,GPS Full Supplier Approval Review,7,NA,cbRegionNA,,,1
RFJ35ZS,1,Supplier,NGF,GUELPH - ON,,,G30-500,GPS Full Supplier Approval Review,7,SOS Appr. Reg. for Layout,efSOSApprovalReg,,,NA
RFJ35ZS,1,Supplier,NGF,GUELPH - ON,,,G30-500,GPS Full Supplier Approval Review,7,Full Approval Prefix Code (hidden),efFullAppCode,,,
RFP01L,1,Supplier,GRODNO KHIMVOLOKNO,GRODNO,,,POLYAMIDE STABILIZED,GPS Full Supplier Approval Review,7,EMEA,cbRegionEMEA,,,1
RFP01L,1,Supplier,GRODNO KHIMVOLOKNO,GRODNO,,,POLYAMIDE STABILIZED,GPS Full Supplier Approval Review,7,SOS Appr. Reg. for Layout,efSOSApprovalReg,,,EMEA
RFP01L,1,Supplier,GRODNO KHIMVOLOKNO,GRODNO,,,POLYAMIDE STABILIZED,GPS Full Supplier Approval Review,7,Full Approval Prefix Code (hidden),efFullAppCode,,,
RFCH,1,Supplier,BEKAERT,CLARKSDALE,,,041CH,GPS Full Supplier Approval Review,7,NA,cbRegionNA,,,1
RFCH,1,Supplier,BEKAERT,CLARKSDALE,,,041CH,GPS Full Supplier Approval Review,7,SOS Appr. Reg. for Layout,efSOSApprovalReg,,,NA
RFCH,1,Supplier,BEKAERT,CLARKSDALE,,,041CH,GPS Full Supplier Approval Review,7,Full Approval Prefix Code (hidden),efFullAppCode,,,
RFCH,1,Supplier,BMZ,MICORD,,,311CH,GPS Full Supplier Approval Review,7,EMEA,cbRegionEMEA,,,1
RFCH,1,Supplier,BMZ,MICORD,,,311CH,GPS Full Supplier Approval Review,7,SOS Appr. Reg. for Layout,efSOSApprovalReg,,,EMEA
RFCH,1,Supplier,BMZ,MICORD,,,311CH,GPS Full Supplier Approval Review,7,Full Approval Prefix Code (hidden),efFullAppCode,,,
RFCH,1,Supplier,EMCOCABLES,BOGOTA,,,051CH,GPS Full Supplier Approval Review,7,LA,cbRegionLA,,,1
RFCH,1,Supplier,EMCOCABLES,BOGOTA,,,051CH,GPS Full Supplier Approval Review,7,SOS Appr. Reg. for Layout,efSOSApprovalReg,,,LA
RFCH,1,Supplier,EMCOCABLES,BOGOTA,,,051CH,GPS Full Supplier Approval Review,7,Full Approval Prefix Code (hidden),efFullAppCode,,,
RFCH,1,Supplier,GUSTAV WOLF,GUTERSLOH,,,071CH,GPS Full Supplier Approval Review,7,LA,cbRegionLA,,,1
RFCH,1,Supplier,GUSTAV WOLF,GUTERSLOH,,,071CH,GPS Full Supplier Approval Review,7,EMEA,cbRegionEMEA,,,1
RFCH,1,Supplier,GUSTAV WOLF,GUTERSLOH,,,071CH,GPS Full Supplier Approval Review,7,AP,cbRegionAP,,,1
RFCH,1,Supplier,GUSTAV WOLF,GUTERSLOH,,,071CH,GPS Full Supplier Approval Review,7,SOS Appr. Reg. for Layout,efSOSApprovalReg,,,"AP, EMEA, LA"
RFCH,1,Supplier,GUSTAV WOLF,GUTERSLOH,,,071CH,GPS Full Supplier Approval Review,7,Full Approval Prefix Code (hidden),efFullAppCode,,,
RFCH,1,Supplier,BEKAERT,AALTER,,,021CH,GPS Full Supplier Approval Review,7,LA,cbRegionLA,,,1
RFCH,1,Supplier,BEKAERT,AALTER,,,021CH,GPS Full Supplier Approval Review,7,EMEA,cbRegionEMEA,,,1
RFCH,1,Supplier,BEKAERT,AALTER,,,021CH,GPS Full Supplier Approval Review,7,AP,cbRegionAP,,,1
RFCH,1,Supplier,BEKAERT,AALTER,,,021CH,GPS Full Supplier Approval Review,7,SOS Appr. Reg. for Layout,efSOSApprovalReg,,,"AP, EMEA, LA"
RFCH,1,Supplier,BEKAERT,AALTER,,,021CH,GPS Full Supplier Approval Review,7,Full Approval Prefix Code (hidden),efFullAppCode,,,
RFCH,1,Supplier,SCAW METALS,JOHANNESBURG,,,271CH,GPS Full Supplier Approval Review,7,EMEA,cbRegionEMEA,,,1
RFCH,1,Supplier,SCAW METALS,JOHANNESBURG,,,271CH,GPS Full Supplier Approval Review,7,AP,cbRegionAP,,,1
RFCH,1,Supplier,SCAW METALS,JOHANNESBURG,,,271CH,GPS Full Supplier Approval Review,7,SOS Appr. Reg. for Layout,efSOSApprovalReg,,,"AP, EMEA"
RFCH,1,Supplier,SCAW METALS,JOHANNESBURG,,,271CH,GPS Full Supplier Approval Review,7,Full Approval Prefix Code (hidden),efFullAppCode,,,
RFCH,1,Supplier,CELIK HALAT,IZMIT,,,031CH,GPS Full Supplier Approval Review,7,EMEA,cbRegionEMEA,,,1
RFCH,1,Supplier,CELIK HALAT,IZMIT,,,031CH,GPS Full Supplier Approval Review,7,AP,cbRegionAP,,,1
RFCH,1,Supplier,CELIK HALAT,IZMIT,,,031CH,GPS Full Supplier Approval Review,7,SOS Appr. Reg. for Layout,efSOSApprovalReg,,,"AP, EMEA"
RFCH,1,Supplier,CELIK HALAT,IZMIT,,,031CH,GPS Full Supplier Approval Review,7,Full Approval Prefix Code (hidden),efFullAppCode,,,
RFF07Q,1,Supplier,INDORAMA VENTURES MOBILITY (Performance ,"LONGLAVILLE,   FRANCE ",,,1x53,GPS Full Supplier Approval Review,7,EMEA,cbRegionEMEA,,,1
RFF07Q,1,Supplier,INDORAMA VENTURES MOBILITY (Performance ,"LONGLAVILLE,   FRANCE ",,,1x53,GPS Full Supplier Approval Review,7,SOS Appr. Reg. for Layout,efSOSApprovalReg,,,EMEA
RFF07Q,1,Supplier,INDORAMA VENTURES MOBILITY (Performance ,"LONGLAVILLE,   FRANCE ",,,1x53,GPS Full Supplier Approval Review,7,Full Approval Prefix Code (hidden),efFullAppCode,,,
RFKC15JR,1,Supplier,HYOSUNG CORPORATION,DECATUR,,,KC15JR,GPS Full Supplier Approval Review,7,NA,cbRegionNA,,,1
RFKC15JR,1,Supplier,HYOSUNG CORPORATION,DECATUR,,,KC15JR,GPS Full Supplier Approval Review,7,SOS Appr. Reg. for Layout,efSOSApprovalReg,,,NA
RFKC15JR,1,Supplier,HYOSUNG CORPORATION,DECATUR,,,KC15JR,GPS Full Supplier Approval Review,7,Full Approval Prefix Code (hidden),efFullAppCode,,,
RFFP,1,Supplier,KISWIRE,CHANGWON,,,F501FP,Program Info,,Reason for Program,mleReasProg,,,FLEXIBILITY
RFFP,1,Supplier,KISWIRE,CHANGWON,,,F501FP,Program Info,,Program Type,ddlProgramType,,,New Source
RFFP,1,Supplier,KISWIRE,CHANGWON,,,F501FP,Program Info,,Requested By,cbReqBy,,, 
RFFP,1,Supplier,KISWIRE,CHANGWON,,,F501FP,Program Info,,Assigned To,mleAssignedTo,,,Jim Kish
RFFP,1,Supplier,KISWIRE,CHANGWON,,,F501FP,Program Info,,NA,cbRegionNA,,,1
RFFP,1,Supplier,KISWIRE,CHANGWON,,,F501FP,Program Info,,LA,cbRegionLA,,,0
RFFP,1,Supplier,KISWIRE,CHANGWON,,,F501FP,Program Info,,EMEA,cbRegionEMEA,,,0
RFFP,1,Supplier,KISWIRE,CHANGWON,,,F501FP,Program Info,,Cooper Americas,cbRegionCooperNA,,,0
RFFP,1,Supplier,KISWIRE,CHANGWON,,,F501FP,Program Info,,AP,cbRegionAP,,,0
RFFP,1,Supplier,KISWIRE,CHANGWON,,,F501FP,Program Info,,Cooper EMEA,cbRegionCooperEMEA,,,0
RFFP,1,Supplier,KISWIRE,CHANGWON,,,F501FP,Program Info,,Cooper AP,cbRegionCooperAP,,,0
RFFP,1,Supplier,KISWIRE,CHANGWON,,,F501FP,Program Info,,Akron,cbLabAkron,,,0
RFFP,1,Supplier,KISWIRE,CHANGWON,,,F501FP,Program Info,,Lux,cbLabLux,,,0
RFFP,1,Supplier,KISWIRE,CHANGWON,,,F501FP,Program Info,,Kunshan,cbLabKunshan,,,0
RFFP,1,Supplier,KISWIRE,CHANGWON,,,F501FP,Program Info,,EHS Approval Region (hidden),efEHSApprovalReg,,,
RFFP,1,Supplier,KISWIRE,CHANGWON,,,F501FP,Program Info,,SAP Status,ddlSAPStatusDesc,,,See base specification
RFFP,1,Supplier,KISWIRE,CHANGWON,,,F501FP,Program Info,,,ieSAPStatusCode,,,ZZ
RFFP,1,Supplier,BEKAERT,SHENYANG BSAP,,,BL01FP,Program Info,,Reason for Program,mleReasProg,,,cost savings
RFFP,1,Supplier,BEKAERT,SHENYANG BSAP,,,BL01FP,Program Info,,Program Type,ddlProgramType,,,New Source
RFFP,1,Supplier,BEKAERT,SHENYANG BSAP,,,BL01FP,Program Info,,Requested By,cbReqBy,,, 
RFFP,1,Supplier,BEKAERT,SHENYANG BSAP,,,BL01FP,Program Info,,Assigned To,mleAssignedTo,,,Srinivas Iyer
RFFP,1,Supplier,BEKAERT,SHENYANG BSAP,,,BL01FP,Program Info,,NA,cbRegionNA,,,1
RFFP,1,Supplier,BEKAERT,SHENYANG BSAP,,,BL01FP,Program Info,,LA,cbRegionLA,,,1
RFFP,1,Supplier,BEKAERT,SHENYANG BSAP,,,BL01FP,Program Info,,EMEA,cbRegionEMEA,,,1
RFFP,1,Supplier,BEKAERT,SHENYANG BSAP,,,BL01FP,Program Info,,Cooper Americas,cbRegionCooperNA,,,0
RFFP,1,Supplier,BEKAERT,SHENYANG BSAP,,,BL01FP,Program Info,,AP,cbRegionAP,,,1
RFFP,1,Supplier,BEKAERT,SHENYANG BSAP,,,BL01FP,Program Info,,Cooper EMEA,cbRegionCooperEMEA,,,0
RFFP,1,Supplier,BEKAERT,SHENYANG BSAP,,,BL01FP,Program Info,,Cooper AP,cbRegionCooperAP,,,0
RFFP,1,Supplier,BEKAERT,SHENYANG BSAP,,,BL01FP,Program Info,,Akron,cbLabAkron,,,0
RFFP,1,Supplier,BEKAERT,SHENYANG BSAP,,,BL01FP,Program Info,,Lux,cbLabLux,,,0
RFFP,1,Supplier,BEKAERT,SHENYANG BSAP,,,BL01FP,Program Info,,Kunshan,cbLabKunshan,,,0
RFFP,1,Supplier,BEKAERT,SHENYANG BSAP,,,BL01FP,Program Info,,EHS Approval Region (hidden),efEHSApprovalReg,,,
RFFP,1,Supplier,BEKAERT,SHENYANG BSAP,,,BL01FP,Program Info,,SAP Status,ddlSAPStatusDesc,,,See base specification
RFFP,1,Supplier,BEKAERT,SHENYANG BSAP,,,BL01FP,Program Info,,,ieSAPStatusCode,,,ZZ
RFCH,1,Supplier,JIANGSU XINGDA,PLANT 2 - XING HUA,,,401CH,Program Info,,Reason for Program,mleReasProg,,,Flexibility
RFCH,1,Supplier,JIANGSU XINGDA,PLANT 2 - XING HUA,,,401CH,Program Info,,Program Type,ddlProgramType,,,New Source
RFCH,1,Supplier,JIANGSU XINGDA,PLANT 2 - XING HUA,,,401CH,Program Info,,Requested By,cbReqBy,,, 
RFCH,1,Supplier,JIANGSU XINGDA,PLANT 2 - XING HUA,,,401CH,Program Info,,Assigned To,mleAssignedTo,,,Anthony Hardy
RFCH,1,Supplier,JIANGSU XINGDA,PLANT 2 - XING HUA,,,401CH,Program Info,,NA,cbRegionNA,,,1
RFCH,1,Supplier,JIANGSU XINGDA,PLANT 2 - XING HUA,,,401CH,Program Info,,LA,cbRegionLA,,,1
RFCH,1,Supplier,JIANGSU XINGDA,PLANT 2 - XING HUA,,,401CH,Program Info,,EMEA,cbRegionEMEA,,,1
RFCH,1,Supplier,JIANGSU XINGDA,PLANT 2 - XING HUA,,,401CH,Program Info,,Cooper Americas,cbRegionCooperNA,,,0
RFCH,1,Supplier,JIANGSU XINGDA,PLANT 2 - XING HUA,,,401CH,Program Info,,AP,cbRegionAP,,,1
RFCH,1,Supplier,JIANGSU XINGDA,PLANT 2 - XING HUA,,,401CH,Program Info,,Cooper EMEA,cbRegionCooperEMEA,,,0
RFCH,1,Supplier,JIANGSU XINGDA,PLANT 2 - XING HUA,,,401CH,Program Info,,Cooper AP,cbRegionCooperAP,,,0
RFCH,1,Supplier,JIANGSU XINGDA,PLANT 2 - XING HUA,,,401CH,Program Info,,Akron,cbLabAkron,,,0
RFCH,1,Supplier,JIANGSU XINGDA,PLANT 2 - XING HUA,,,401CH,Program Info,,Lux,cbLabLux,,,0
RFCH,1,Supplier,JIANGSU XINGDA,PLANT 2 - XING HUA,,,401CH,Program Info,,Kunshan,cbLabKunshan,,,0
RFCH,1,Supplier,JIANGSU XINGDA,PLANT 2 - XING HUA,,,401CH,Program Info,,EHS Approval Region (hidden),efEHSApprovalReg,,,
RFCH,1,Supplier,JIANGSU XINGDA,PLANT 2 - XING HUA,,,401CH,Program Info,,SAP Status,ddlSAPStatusDesc,,,See base specification
RFCH,1,Supplier,JIANGSU XINGDA,PLANT 2 - XING HUA,,,401CH,Program Info,,,ieSAPStatusCode,,,ZZ
RFFP,1,Supplier,HYOSUNG CORPORATION,DONG NAI - STEELCORD,,,C401FP,Program Info,,Reason for Program,mleReasProg,,,WILMA
RFFP,1,Supplier,HYOSUNG CORPORATION,DONG NAI - STEELCORD,,,C401FP,Program Info,,Program Type,ddlProgramType,,,New Source
RFFP,1,Supplier,HYOSUNG CORPORATION,DONG NAI - STEELCORD,,,C401FP,Program Info,,Requested By,cbReqBy,,, 
RFFP,1,Supplier,HYOSUNG CORPORATION,DONG NAI - STEELCORD,,,C401FP,Program Info,,Assigned To,mleAssignedTo,,,Rob Wyszynski
RFFP,1,Supplier,HYOSUNG CORPORATION,DONG NAI - STEELCORD,,,C401FP,Program Info,,NA,cbRegionNA,,,1
RFFP,1,Supplier,HYOSUNG CORPORATION,DONG NAI - STEELCORD,,,C401FP,Program Info,,LA,cbRegionLA,,,1
RFFP,1,Supplier,HYOSUNG CORPORATION,DONG NAI - STEELCORD,,,C401FP,Program Info,,EMEA,cbRegionEMEA,,,0
RFFP,1,Supplier,HYOSUNG CORPORATION,DONG NAI - STEELCORD,,,C401FP,Program Info,,Cooper Americas,cbRegionCooperNA,,,0
RFFP,1,Supplier,HYOSUNG CORPORATION,DONG NAI - STEELCORD,,,C401FP,Program Info,,AP,cbRegionAP,,,1
RFFP,1,Supplier,HYOSUNG CORPORATION,DONG NAI - STEELCORD,,,C401FP,Program Info,,Cooper EMEA,cbRegionCooperEMEA,,,0
RFFP,1,Supplier,HYOSUNG CORPORATION,DONG NAI - STEELCORD,,,C401FP,Program Info,,Cooper AP,cbRegionCooperAP,,,0
RFFP,1,Supplier,HYOSUNG CORPORATION,DONG NAI - STEELCORD,,,C401FP,Program Info,,Akron,cbLabAkron,,,0
RFFP,1,Supplier,HYOSUNG CORPORATION,DONG NAI - STEELCORD,,,C401FP,Program Info,,Lux,cbLabLux,,,0
RFFP,1,Supplier,HYOSUNG CORPORATION,DONG NAI - STEELCORD,,,C401FP,Program Info,,Kunshan,cbLabKunshan,,,0
RFFP,1,Supplier,HYOSUNG CORPORATION,DONG NAI - STEELCORD,,,C401FP,Program Info,,EHS Approval Region (hidden),efEHSApprovalReg,,,
RFFP,1,Supplier,HYOSUNG CORPORATION,DONG NAI - STEELCORD,,,C401FP,Program Info,,SAP Status,ddlSAPStatusDesc,,,See base specification
RFFP,1,Supplier,HYOSUNG CORPORATION,DONG NAI - STEELCORD,,,C401FP,Program Info,,,ieSAPStatusCode,,,ZZ
RFCH,1,Supplier,BEKAERT,JIANGYIN,,,028CH,Program Info,,Reason for Program,mleReasProg,,,Security of Supply
RFCH,1,Supplier,BEKAERT,JIANGYIN,,,028CH,Program Info,,Program Type,ddlProgramType,,,New Source
RFCH,1,Supplier,BEKAERT,JIANGYIN,,,028CH,Program Info,,Requested By,cbReqBy,,, 
RFCH,1,Supplier,BEKAERT,JIANGYIN,,,028CH,Program Info,,Assigned To,mleAssignedTo,,,Anthony Hardy
RFCH,1,Supplier,BEKAERT,JIANGYIN,,,028CH,Program Info,,NA,cbRegionNA,,,1
RFCH,1,Supplier,BEKAERT,JIANGYIN,,,028CH,Program Info,,LA,cbRegionLA,,,1
RFCH,1,Supplier,BEKAERT,JIANGYIN,,,028CH,Program Info,,EMEA,cbRegionEMEA,,,1
RFCH,1,Supplier,BEKAERT,JIANGYIN,,,028CH,Program Info,,Cooper Americas,cbRegionCooperNA,,,0
RFCH,1,Supplier,BEKAERT,JIANGYIN,,,028CH,Program Info,,AP,cbRegionAP,,,1
RFCH,1,Supplier,BEKAERT,JIANGYIN,,,028CH,Program Info,,Cooper EMEA,cbRegionCooperEMEA,,,0
RFCH,1,Supplier,BEKAERT,JIANGYIN,,,028CH,Program Info,,Cooper AP,cbRegionCooperAP,,,0
RFCH,1,Supplier,BEKAERT,JIANGYIN,,,028CH,Program Info,,Akron,cbLabAkron,,,0
RFCH,1,Supplier,BEKAERT,JIANGYIN,,,028CH,Program Info,,Lux,cbLabLux,,,0
RFCH,1,Supplier,BEKAERT,JIANGYIN,,,028CH,Program Info,,Kunshan,cbLabKunshan,,,0
RFCH,1,Supplier,BEKAERT,JIANGYIN,,,028CH,Program Info,,EHS Approval Region (hidden),efEHSApprovalReg,,,
RFCH,1,Supplier,BEKAERT,JIANGYIN,,,028CH,Program Info,,SAP Status,ddlSAPStatusDesc,,,See base specification
RFCH,1,Supplier,BEKAERT,JIANGYIN,,,028CH,Program Info,,,ieSAPStatusCode,,,ZZ
RFRW31SH,1,Supplier,INDORAMA VENTURES MOBILITY,LUXEMBOURG,INDORAMA VENTURES MOBILITY,LUXEMBOURG,Q09RW31SH,Program Info,,Reason for Program,mleReasProg,,,"Textilcord agrees to pay for  cost of approval. Total Financial Benefit is 220,800."
RFRW31SH,1,Supplier,INDORAMA VENTURES MOBILITY,LUXEMBOURG,INDORAMA VENTURES MOBILITY,LUXEMBOURG,Q09RW31SH,Program Info,,Program Type,ddlProgramType,,,New Material
RFRW31SH,1,Supplier,INDORAMA VENTURES MOBILITY,LUXEMBOURG,INDORAMA VENTURES MOBILITY,LUXEMBOURG,Q09RW31SH,Program Info,,Requested By,cbReqBy,,,Prawin Pandian
RFRW31SH,1,Supplier,INDORAMA VENTURES MOBILITY,LUXEMBOURG,INDORAMA VENTURES MOBILITY,LUXEMBOURG,Q09RW31SH,Program Info,,Assigned To,mleAssignedTo,,,Prawin Pandian
RFRW31SH,1,Supplier,INDORAMA VENTURES MOBILITY,LUXEMBOURG,INDORAMA VENTURES MOBILITY,LUXEMBOURG,Q09RW31SH,Program Info,,NA,cbRegionNA,,,1
RFRW31SH,1,Supplier,INDORAMA VENTURES MOBILITY,LUXEMBOURG,INDORAMA VENTURES MOBILITY,LUXEMBOURG,Q09RW31SH,Program Info,,LA,cbRegionLA,,,1
RFRW31SH,1,Supplier,INDORAMA VENTURES MOBILITY,LUXEMBOURG,INDORAMA VENTURES MOBILITY,LUXEMBOURG,Q09RW31SH,Program Info,,EMEA,cbRegionEMEA,,,1
RFRW31SH,1,Supplier,INDORAMA VENTURES MOBILITY,LUXEMBOURG,INDORAMA VENTURES MOBILITY,LUXEMBOURG,Q09RW31SH,Program Info,,Cooper Americas,cbRegionCooperNA,,,0
RFRW31SH,1,Supplier,INDORAMA VENTURES MOBILITY,LUXEMBOURG,INDORAMA VENTURES MOBILITY,LUXEMBOURG,Q09RW31SH,Program Info,,AP,cbRegionAP,,,1
RFRW31SH,1,Supplier,INDORAMA VENTURES MOBILITY,LUXEMBOURG,INDORAMA VENTURES MOBILITY,LUXEMBOURG,Q09RW31SH,Program Info,,Cooper EMEA,cbRegionCooperEMEA,,,0
RFRW31SH,1,Supplier,INDORAMA VENTURES MOBILITY,LUXEMBOURG,INDORAMA VENTURES MOBILITY,LUXEMBOURG,Q09RW31SH,Program Info,,Cooper AP,cbRegionCooperAP,,,0
RFRW31SH,1,Supplier,INDORAMA VENTURES MOBILITY,LUXEMBOURG,INDORAMA VENTURES MOBILITY,LUXEMBOURG,Q09RW31SH,Program Info,,Akron,cbLabAkron,,,0
RFRW31SH,1,Supplier,INDORAMA VENTURES MOBILITY,LUXEMBOURG,INDORAMA VENTURES MOBILITY,LUXEMBOURG,Q09RW31SH,Program Info,,Lux,cbLabLux,,,0
RFRW31SH,1,Supplier,INDORAMA VENTURES MOBILITY,LUXEMBOURG,INDORAMA VENTURES MOBILITY,LUXEMBOURG,Q09RW31SH,Program Info,,Kunshan,cbLabKunshan,,,0
RFRW31SH,1,Supplier,INDORAMA VENTURES MOBILITY,LUXEMBOURG,INDORAMA VENTURES MOBILITY,LUXEMBOURG,Q09RW31SH,Program Info,,EHS Approval Region (hidden),efEHSApprovalReg,,,
RFRW31SH,1,Supplier,INDORAMA VENTURES MOBILITY,LUXEMBOURG,INDORAMA VENTURES MOBILITY,LUXEMBOURG,Q09RW31SH,Program Info,,SAP Status,ddlSAPStatusDesc,,,See base specification
RFRW31SH,1,Supplier,INDORAMA VENTURES MOBILITY,LUXEMBOURG,INDORAMA VENTURES MOBILITY,LUXEMBOURG,Q09RW31SH,Program Info,,,ieSAPStatusCode,,,ZZ
RFCH,1,Supplier,BEKAERT,SLADKOVICOVO,,,027CH,Program Info,,Reason for Program,mleReasProg,,,"Contract obligation: this is part of Bekaert factoring deal with $ 30 MM working capital improvement, which is entered as acccout payable benefit; this is also in line with the strategy with Bekaert to gradually move the volume from HCC to LCC location."
RFCH,1,Supplier,BEKAERT,SLADKOVICOVO,,,027CH,Program Info,,Program Type,ddlProgramType,,,New Source
RFCH,1,Supplier,BEKAERT,SLADKOVICOVO,,,027CH,Program Info,,Requested By,cbReqBy,,, 
RFCH,1,Supplier,BEKAERT,SLADKOVICOVO,,,027CH,Program Info,,Assigned To,mleAssignedTo,,,Etienne Schauer
RFCH,1,Supplier,BEKAERT,SLADKOVICOVO,,,027CH,Program Info,,NA,cbRegionNA,,,1
RFCH,1,Supplier,BEKAERT,SLADKOVICOVO,,,027CH,Program Info,,LA,cbRegionLA,,,1
RFCH,1,Supplier,BEKAERT,SLADKOVICOVO,,,027CH,Program Info,,EMEA,cbRegionEMEA,,,1
RFCH,1,Supplier,BEKAERT,SLADKOVICOVO,,,027CH,Program Info,,Cooper Americas,cbRegionCooperNA,,,0
RFCH,1,Supplier,BEKAERT,SLADKOVICOVO,,,027CH,Program Info,,AP,cbRegionAP,,,1
RFCH,1,Supplier,BEKAERT,SLADKOVICOVO,,,027CH,Program Info,,Cooper EMEA,cbRegionCooperEMEA,,,0
RFCH,1,Supplier,BEKAERT,SLADKOVICOVO,,,027CH,Program Info,,Cooper AP,cbRegionCooperAP,,,0
RFCH,1,Supplier,BEKAERT,SLADKOVICOVO,,,027CH,Program Info,,Akron,cbLabAkron,,,0
RFCH,1,Supplier,BEKAERT,SLADKOVICOVO,,,027CH,Program Info,,Lux,cbLabLux,,,0
RFCH,1,Supplier,BEKAERT,SLADKOVICOVO,,,027CH,Program Info,,Kunshan,cbLabKunshan,,,0
RFCH,1,Supplier,BEKAERT,SLADKOVICOVO,,,027CH,Program Info,,EHS Approval Region (hidden),efEHSApprovalReg,,,
RFCH,1,Supplier,BEKAERT,SLADKOVICOVO,,,027CH,Program Info,,SAP Status,ddlSAPStatusDesc,,,See base specification
RFCH,1,Supplier,BEKAERT,SLADKOVICOVO,,,027CH,Program Info,,,ieSAPStatusCode,,,ZZ
RFQC32PF,1,Supplier,KORDSA,IZMIT,,,Z05QC32PF,Program Info,,Reason for Program,mleReasProg,,,"This approval program is related to our 2015+ Polyester Negotiation and Agreements. Since we have a Market Price Mechanism starting with Hyosung for all Polyester supplied by them starting in 2016 (with a 36 MT PET commitment), we need to lock in competitive pricing with other Polyester suppliers in 2015, 2016, and 2017 so the Goodyear portion of the market price mechanism is as low as possible."
RFQC32PF,1,Supplier,KORDSA,IZMIT,,,Z05QC32PF,Program Info,,Program Type,ddlProgramType,,,New Source
RFQC32PF,1,Supplier,KORDSA,IZMIT,,,Z05QC32PF,Program Info,,Requested By,cbReqBy,,, 
RFQC32PF,1,Supplier,KORDSA,IZMIT,,,Z05QC32PF,Program Info,,Assigned To,mleAssignedTo,,,Gabriel Bonnet
RFQC32PF,1,Supplier,KORDSA,IZMIT,,,Z05QC32PF,Program Info,,NA,cbRegionNA,,,1
RFQC32PF,1,Supplier,KORDSA,IZMIT,,,Z05QC32PF,Program Info,,LA,cbRegionLA,,,1
RFQC32PF,1,Supplier,KORDSA,IZMIT,,,Z05QC32PF,Program Info,,EMEA,cbRegionEMEA,,,1
RFQC32PF,1,Supplier,KORDSA,IZMIT,,,Z05QC32PF,Program Info,,Cooper Americas,cbRegionCooperNA,,,0
RFQC32PF,1,Supplier,KORDSA,IZMIT,,,Z05QC32PF,Program Info,,AP,cbRegionAP,,,1
RFQC32PF,1,Supplier,KORDSA,IZMIT,,,Z05QC32PF,Program Info,,Cooper EMEA,cbRegionCooperEMEA,,,0
RFQC32PF,1,Supplier,KORDSA,IZMIT,,,Z05QC32PF,Program Info,,Cooper AP,cbRegionCooperAP,,,0
RFQC32PF,1,Supplier,KORDSA,IZMIT,,,Z05QC32PF,Program Info,,Akron,cbLabAkron,,,0
RFQC32PF,1,Supplier,KORDSA,IZMIT,,,Z05QC32PF,Program Info,,Lux,cbLabLux,,,0
RFQC32PF,1,Supplier,KORDSA,IZMIT,,,Z05QC32PF,Program Info,,Kunshan,cbLabKunshan,,,0
RFQC32PF,1,Supplier,KORDSA,IZMIT,,,Z05QC32PF,Program Info,,EHS Approval Region (hidden),efEHSApprovalReg,,,
RFQC32PF,1,Supplier,KORDSA,IZMIT,,,Z05QC32PF,Program Info,,SAP Status,ddlSAPStatusDesc,,,See base specification
RFQC32PF,1,Supplier,KORDSA,IZMIT,,,Z05QC32PF,Program Info,,,ieSAPStatusCode,,,ZZ
RFCH,1,Supplier,KISWIRE,CZECH REPUBLIC,,,248CH,Program Info,,Reason for Program,mleReasProg,,,"SECURITY OF SUPPLY + PRODUCTIVITY (for the 3 codes package). This project aims to approve a new source for CH to Wittlich from a new plant built in a low-cost country in Europe (Czech Republic). Currently, this specific lane CH to Wittlich shows a headwind of 36,844¿ but the 3 codes package shows a total productivity of 32,419¿ (FUBH is a headwind of 16,962¿ and DFJH is a saving of 86,225¿). Kiswire shall be able to optimize its pricing for the future as Kiswire will switch its wire rod sourcing to local European sources (current wire rod sourcing is ex-Korea). In addition, Beakaert contract is terminating by end of 2017 and Goodyear needs to develop its supplier pool to leverage Bekaert and it is Goodyear strategy to develop suppliers in Low Cost Countries to improve Goodyear cost-structure. Kiswire Steel Cord line should be ready for trial purpose in 2018 which also represents a great opportunity for Goodyear to leverage its European suppliers pool."
RFCH,1,Supplier,KISWIRE,CZECH REPUBLIC,,,248CH,Program Info,,Program Type,ddlProgramType,,,New Source
RFCH,1,Supplier,KISWIRE,CZECH REPUBLIC,,,248CH,Program Info,,Requested By,cbReqBy,,, 
RFCH,1,Supplier,KISWIRE,CZECH REPUBLIC,,,248CH,Program Info,,Assigned To,mleAssignedTo,,,Etienne Schauer
RFCH,1,Supplier,KISWIRE,CZECH REPUBLIC,,,248CH,Program Info,,NA,cbRegionNA,,,1
RFCH,1,Supplier,KISWIRE,CZECH REPUBLIC,,,248CH,Program Info,,LA,cbRegionLA,,,1
RFCH,1,Supplier,KISWIRE,CZECH REPUBLIC,,,248CH,Program Info,,EMEA,cbRegionEMEA,,,1
RFCH,1,Supplier,KISWIRE,CZECH REPUBLIC,,,248CH,Program Info,,Cooper Americas,cbRegionCooperNA,,,0
RFCH,1,Supplier,KISWIRE,CZECH REPUBLIC,,,248CH,Program Info,,AP,cbRegionAP,,,1
RFCH,1,Supplier,KISWIRE,CZECH REPUBLIC,,,248CH,Program Info,,Cooper EMEA,cbRegionCooperEMEA,,,0
RFCH,1,Supplier,KISWIRE,CZECH REPUBLIC,,,248CH,Program Info,,Cooper AP,cbRegionCooperAP,,,0
RFCH,1,Supplier,KISWIRE,CZECH REPUBLIC,,,248CH,Program Info,,Akron,cbLabAkron,,,0
RFCH,1,Supplier,KISWIRE,CZECH REPUBLIC,,,248CH,Program Info,,Lux,cbLabLux,,,0
RFCH,1,Supplier,KISWIRE,CZECH REPUBLIC,,,248CH,Program Info,,Kunshan,cbLabKunshan,,,0
RFCH,1,Supplier,KISWIRE,CZECH REPUBLIC,,,248CH,Program Info,,EHS Approval Region (hidden),efEHSApprovalReg,,,
RFCH,1,Supplier,KISWIRE,CZECH REPUBLIC,,,248CH,Program Info,,SAP Status,ddlSAPStatusDesc,,,See base specification
RFCH,1,Supplier,KISWIRE,CZECH REPUBLIC,,,248CH,Program Info,,,ieSAPStatusCode,,,ZZ
RFCH,1,Supplier,HYOSUNG CORPORATION,DONG NAI - STEELCORD,,,262CH,Program Info,,Reason for Program,mleReasProg,,,"Hyosung New Beadwire Proposal: Reinforcement would like to initiate this New Source project for material code CH to Danville from Hyosung. The primary purpose of this project is to drive cost savings opportunities for 2018 productivity. Hyosung's quote is about 0.11 cents cheaper than our current incumbent supplier, Kiswire. Based on the Annual Volume for CH in Danville, there would be an estimated costs saving of about $612,778."
RFCH,1,Supplier,HYOSUNG CORPORATION,DONG NAI - STEELCORD,,,262CH,Program Info,,Program Type,ddlProgramType,,,New Source
RFCH,1,Supplier,HYOSUNG CORPORATION,DONG NAI - STEELCORD,,,262CH,Program Info,,Requested By,cbReqBy,,, 
RFCH,1,Supplier,HYOSUNG CORPORATION,DONG NAI - STEELCORD,,,262CH,Program Info,,Assigned To,mleAssignedTo,,,Zachary Driscoll
RFCH,1,Supplier,HYOSUNG CORPORATION,DONG NAI - STEELCORD,,,262CH,Program Info,,NA,cbRegionNA,,,1
RFCH,1,Supplier,HYOSUNG CORPORATION,DONG NAI - STEELCORD,,,262CH,Program Info,,LA,cbRegionLA,,,1
RFCH,1,Supplier,HYOSUNG CORPORATION,DONG NAI - STEELCORD,,,262CH,Program Info,,EMEA,cbRegionEMEA,,,1
RFCH,1,Supplier,HYOSUNG CORPORATION,DONG NAI - STEELCORD,,,262CH,Program Info,,Cooper Americas,cbRegionCooperNA,,,0
RFCH,1,Supplier,HYOSUNG CORPORATION,DONG NAI - STEELCORD,,,262CH,Program Info,,AP,cbRegionAP,,,1
RFCH,1,Supplier,HYOSUNG CORPORATION,DONG NAI - STEELCORD,,,262CH,Program Info,,Cooper EMEA,cbRegionCooperEMEA,,,0
RFCH,1,Supplier,HYOSUNG CORPORATION,DONG NAI - STEELCORD,,,262CH,Program Info,,Cooper AP,cbRegionCooperAP,,,0
RFCH,1,Supplier,HYOSUNG CORPORATION,DONG NAI - STEELCORD,,,262CH,Program Info,,Akron,cbLabAkron,,,0
RFCH,1,Supplier,HYOSUNG CORPORATION,DONG NAI - STEELCORD,,,262CH,Program Info,,Lux,cbLabLux,,,0
RFCH,1,Supplier,HYOSUNG CORPORATION,DONG NAI - STEELCORD,,,262CH,Program Info,,Kunshan,cbLabKunshan,,,0
RFCH,1,Supplier,HYOSUNG CORPORATION,DONG NAI - STEELCORD,,,262CH,Program Info,,EHS Approval Region (hidden),efEHSApprovalReg,,,
RFCH,1,Supplier,HYOSUNG CORPORATION,DONG NAI - STEELCORD,,,262CH,Program Info,,SAP Status,ddlSAPStatusDesc,,,See base specification
RFCH,1,Supplier,HYOSUNG CORPORATION,DONG NAI - STEELCORD,,,262CH,Program Info,,,ieSAPStatusCode,,,ZZ
RFCH,1,Supplier,SHANDONG SNTON,SHANDONG,,,421CH,Program Info,,Reason for Program,mleReasProg,,,We would like to transition from a supplier development project to supplier qualification with Snton on CH. The primary purpose of this initiative is to develop a LCC supplier of BW to compete with Daye and create a competitive environment for BW in AP and Globally.  The quote price from Snton is about 0.241 cents cheaper than our current incumbent supplier. Estimate costs savings of about 566184.
RFCH,1,Supplier,SHANDONG SNTON,SHANDONG,,,421CH,Program Info,,Program Type,ddlProgramType,,,New Source
RFCH,1,Supplier,SHANDONG SNTON,SHANDONG,,,421CH,Program Info,,Requested By,cbReqBy,,, 
RFCH,1,Supplier,SHANDONG SNTON,SHANDONG,,,421CH,Program Info,,Assigned To,mleAssignedTo,,,Arun Manogaran
RFCH,1,Supplier,SHANDONG SNTON,SHANDONG,,,421CH,Program Info,,NA,cbRegionNA,,,1
RFCH,1,Supplier,SHANDONG SNTON,SHANDONG,,,421CH,Program Info,,LA,cbRegionLA,,,1
RFCH,1,Supplier,SHANDONG SNTON,SHANDONG,,,421CH,Program Info,,EMEA,cbRegionEMEA,,,1
RFCH,1,Supplier,SHANDONG SNTON,SHANDONG,,,421CH,Program Info,,Cooper Americas,cbRegionCooperNA,,,0
RFCH,1,Supplier,SHANDONG SNTON,SHANDONG,,,421CH,Program Info,,AP,cbRegionAP,,,1
RFCH,1,Supplier,SHANDONG SNTON,SHANDONG,,,421CH,Program Info,,Cooper EMEA,cbRegionCooperEMEA,,,0
RFCH,1,Supplier,SHANDONG SNTON,SHANDONG,,,421CH,Program Info,,Cooper AP,cbRegionCooperAP,,,0
RFCH,1,Supplier,SHANDONG SNTON,SHANDONG,,,421CH,Program Info,,Akron,cbLabAkron,,,0
RFCH,1,Supplier,SHANDONG SNTON,SHANDONG,,,421CH,Program Info,,Lux,cbLabLux,,,0
RFCH,1,Supplier,SHANDONG SNTON,SHANDONG,,,421CH,Program Info,,Kunshan,cbLabKunshan,,,0
RFCH,1,Supplier,SHANDONG SNTON,SHANDONG,,,421CH,Program Info,,EHS Approval Region (hidden),efEHSApprovalReg,,,
RFCH,1,Supplier,SHANDONG SNTON,SHANDONG,,,421CH,Program Info,,SAP Status,ddlSAPStatusDesc,,,See base specification
RFCH,1,Supplier,SHANDONG SNTON,SHANDONG,,,421CH,Program Info,,,ieSAPStatusCode,,,ZZ
RFCH,1,Supplier,SHANDONG DAYE CO. LTD,SHANDONG XINXING INDUSTRIAL PARK,,,411CH,Program Info,,Reason for Program,mleReasProg,,,We are developing Daye as a bead wire supplier that will help increase competition in our AP region.
RFCH,1,Supplier,SHANDONG DAYE CO. LTD,SHANDONG XINXING INDUSTRIAL PARK,,,411CH,Program Info,,Program Type,ddlProgramType,,,New Source
RFCH,1,Supplier,SHANDONG DAYE CO. LTD,SHANDONG XINXING INDUSTRIAL PARK,,,411CH,Program Info,,Requested By,cbReqBy,,, 
RFCH,1,Supplier,SHANDONG DAYE CO. LTD,SHANDONG XINXING INDUSTRIAL PARK,,,411CH,Program Info,,Assigned To,mleAssignedTo,,,Arun Manogaran
RFCH,1,Supplier,SHANDONG DAYE CO. LTD,SHANDONG XINXING INDUSTRIAL PARK,,,411CH,Program Info,,NA,cbRegionNA,,,1
RFCH,1,Supplier,SHANDONG DAYE CO. LTD,SHANDONG XINXING INDUSTRIAL PARK,,,411CH,Program Info,,LA,cbRegionLA,,,1
RFCH,1,Supplier,SHANDONG DAYE CO. LTD,SHANDONG XINXING INDUSTRIAL PARK,,,411CH,Program Info,,EMEA,cbRegionEMEA,,,1
RFCH,1,Supplier,SHANDONG DAYE CO. LTD,SHANDONG XINXING INDUSTRIAL PARK,,,411CH,Program Info,,Cooper Americas,cbRegionCooperNA,,,0
RFCH,1,Supplier,SHANDONG DAYE CO. LTD,SHANDONG XINXING INDUSTRIAL PARK,,,411CH,Program Info,,AP,cbRegionAP,,,1
RFCH,1,Supplier,SHANDONG DAYE CO. LTD,SHANDONG XINXING INDUSTRIAL PARK,,,411CH,Program Info,,Cooper EMEA,cbRegionCooperEMEA,,,0
RFCH,1,Supplier,SHANDONG DAYE CO. LTD,SHANDONG XINXING INDUSTRIAL PARK,,,411CH,Program Info,,Cooper AP,cbRegionCooperAP,,,0
RFCH,1,Supplier,SHANDONG DAYE CO. LTD,SHANDONG XINXING INDUSTRIAL PARK,,,411CH,Program Info,,Akron,cbLabAkron,,,0
RFCH,1,Supplier,SHANDONG DAYE CO. LTD,SHANDONG XINXING INDUSTRIAL PARK,,,411CH,Program Info,,Lux,cbLabLux,,,0
RFCH,1,Supplier,SHANDONG DAYE CO. LTD,SHANDONG XINXING INDUSTRIAL PARK,,,411CH,Program Info,,Kunshan,cbLabKunshan,,,0
RFCH,1,Supplier,SHANDONG DAYE CO. LTD,SHANDONG XINXING INDUSTRIAL PARK,,,411CH,Program Info,,EHS Approval Region (hidden),efEHSApprovalReg,,,
RFCH,1,Supplier,SHANDONG DAYE CO. LTD,SHANDONG XINXING INDUSTRIAL PARK,,,411CH,Program Info,,SAP Status,ddlSAPStatusDesc,,,See base specification
RFCH,1,Supplier,SHANDONG DAYE CO. LTD,SHANDONG XINXING INDUSTRIAL PARK,,,411CH,Program Info,,,ieSAPStatusCode,,,ZZ
RFFP,1,Supplier,HYOSUNG CORPORATION,DONG NAI,,,C403FP,Program Info,,Reason for Program,mleReasProg,,,"Procurement would like to introduce FP with Rod Grade Change from Hyosung Vietnam to GY Danville.  The new Rod Grade will reduce the price in USD 20 per Ton (USD 0,02 /kg)   2023 Volume : 1,319,514  kg"
RFFP,1,Supplier,HYOSUNG CORPORATION,DONG NAI,,,C403FP,Program Info,,Program Type,ddlProgramType,,,New Source
RFFP,1,Supplier,HYOSUNG CORPORATION,DONG NAI,,,C403FP,Program Info,,Requested By,cbReqBy,,, 
RFFP,1,Supplier,HYOSUNG CORPORATION,DONG NAI,,,C403FP,Program Info,,Assigned To,mleAssignedTo,,,Lucas Isenhart
RFFP,1,Supplier,HYOSUNG CORPORATION,DONG NAI,,,C403FP,Program Info,,NA,cbRegionNA,,,1
RFFP,1,Supplier,HYOSUNG CORPORATION,DONG NAI,,,C403FP,Program Info,,LA,cbRegionLA,,,1
RFFP,1,Supplier,HYOSUNG CORPORATION,DONG NAI,,,C403FP,Program Info,,EMEA,cbRegionEMEA,,,0
RFFP,1,Supplier,HYOSUNG CORPORATION,DONG NAI,,,C403FP,Program Info,,Cooper Americas,cbRegionCooperNA,,,0
RFFP,1,Supplier,HYOSUNG CORPORATION,DONG NAI,,,C403FP,Program Info,,AP,cbRegionAP,,,1
RFFP,1,Supplier,HYOSUNG CORPORATION,DONG NAI,,,C403FP,Program Info,,Cooper EMEA,cbRegionCooperEMEA,,,0
RFFP,1,Supplier,HYOSUNG CORPORATION,DONG NAI,,,C403FP,Program Info,,Cooper AP,cbRegionCooperAP,,,0
RFFP,1,Supplier,HYOSUNG CORPORATION,DONG NAI,,,C403FP,Program Info,,Akron,cbLabAkron,,,0
RFFP,1,Supplier,HYOSUNG CORPORATION,DONG NAI,,,C403FP,Program Info,,Lux,cbLabLux,,,0
RFFP,1,Supplier,HYOSUNG CORPORATION,DONG NAI,,,C403FP,Program Info,,Kunshan,cbLabKunshan,,,0
RFFP,1,Supplier,HYOSUNG CORPORATION,DONG NAI,,,C403FP,Program Info,,EHS Approval Region (hidden),efEHSApprovalReg,,,
RFFP,1,Supplier,HYOSUNG CORPORATION,DONG NAI,,,C403FP,Program Info,,SAP Status,ddlSAPStatusDesc,,,See base specification
RFFP,1,Supplier,HYOSUNG CORPORATION,DONG NAI,,,C403FP,Program Info,,,ieSAPStatusCode,,,ZZ
RFCH,1,Supplier,SHANDONG DAYE CO. LTD,SHANDONG XINXING INDUSTRIAL PARK,,,431CH,Program Info,,Reason for Program,mleReasProg,,,
RFCH,1,Supplier,SHANDONG DAYE CO. LTD,SHANDONG XINXING INDUSTRIAL PARK,,,431CH,Program Info,,Program Type,ddlProgramType,,,
RFCH,1,Supplier,SHANDONG DAYE CO. LTD,SHANDONG XINXING INDUSTRIAL PARK,,,431CH,Program Info,,Requested By,cbReqBy,,,
RFCH,1,Supplier,SHANDONG DAYE CO. LTD,SHANDONG XINXING INDUSTRIAL PARK,,,431CH,Program Info,,Assigned To,mleAssignedTo,,,
RFCH,1,Supplier,SHANDONG DAYE CO. LTD,SHANDONG XINXING INDUSTRIAL PARK,,,431CH,Program Info,,NA,cbRegionNA,,,0
RFCH,1,Supplier,SHANDONG DAYE CO. LTD,SHANDONG XINXING INDUSTRIAL PARK,,,431CH,Program Info,,LA,cbRegionLA,,,0
RFCH,1,Supplier,SHANDONG DAYE CO. LTD,SHANDONG XINXING INDUSTRIAL PARK,,,431CH,Program Info,,EMEA,cbRegionEMEA,,,0
RFCH,1,Supplier,SHANDONG DAYE CO. LTD,SHANDONG XINXING INDUSTRIAL PARK,,,431CH,Program Info,,Cooper Americas,cbRegionCooperNA,,,0
RFCH,1,Supplier,SHANDONG DAYE CO. LTD,SHANDONG XINXING INDUSTRIAL PARK,,,431CH,Program Info,,AP,cbRegionAP,,,0
RFCH,1,Supplier,SHANDONG DAYE CO. LTD,SHANDONG XINXING INDUSTRIAL PARK,,,431CH,Program Info,,Cooper EMEA,cbRegionCooperEMEA,,,0
RFCH,1,Supplier,SHANDONG DAYE CO. LTD,SHANDONG XINXING INDUSTRIAL PARK,,,431CH,Program Info,,Cooper AP,cbRegionCooperAP,,,0
RFCH,1,Supplier,SHANDONG DAYE CO. LTD,SHANDONG XINXING INDUSTRIAL PARK,,,431CH,Program Info,,Akron,cbLabAkron,,,0
RFCH,1,Supplier,SHANDONG DAYE CO. LTD,SHANDONG XINXING INDUSTRIAL PARK,,,431CH,Program Info,,Lux,cbLabLux,,,0
RFCH,1,Supplier,SHANDONG DAYE CO. LTD,SHANDONG XINXING INDUSTRIAL PARK,,,431CH,Program Info,,Kunshan,cbLabKunshan,,,0
RFCH,1,Supplier,SHANDONG DAYE CO. LTD,SHANDONG XINXING INDUSTRIAL PARK,,,431CH,Program Info,,EHS Approval Region (hidden),efEHSApprovalReg,,,
RFCH,1,Supplier,SHANDONG DAYE CO. LTD,SHANDONG XINXING INDUSTRIAL PARK,,,431CH,Program Info,,SAP Status,ddlSAPStatusDesc,,,See base specification
RFCH,1,Supplier,SHANDONG DAYE CO. LTD,SHANDONG XINXING INDUSTRIAL PARK,,,431CH,Program Info,,,ieSAPStatusCode,,,ZZ
RFCH,1,Supplier,KISWIRE,RONGCHENG CITY,,,252CH,Program Info,,Reason for Program,mleReasProg,,,
RFCH,1,Supplier,KISWIRE,RONGCHENG CITY,,,252CH,Program Info,,Program Type,ddlProgramType,,,
RFCH,1,Supplier,KISWIRE,RONGCHENG CITY,,,252CH,Program Info,,Requested By,cbReqBy,,,
RFCH,1,Supplier,KISWIRE,RONGCHENG CITY,,,252CH,Program Info,,Assigned To,mleAssignedTo,,,
RFCH,1,Supplier,KISWIRE,RONGCHENG CITY,,,252CH,Program Info,,NA,cbRegionNA,,,0
RFCH,1,Supplier,KISWIRE,RONGCHENG CITY,,,252CH,Program Info,,LA,cbRegionLA,,,0
RFCH,1,Supplier,KISWIRE,RONGCHENG CITY,,,252CH,Program Info,,EMEA,cbRegionEMEA,,,0
RFCH,1,Supplier,KISWIRE,RONGCHENG CITY,,,252CH,Program Info,,Cooper Americas,cbRegionCooperNA,,,0
RFCH,1,Supplier,KISWIRE,RONGCHENG CITY,,,252CH,Program Info,,AP,cbRegionAP,,,0
RFCH,1,Supplier,KISWIRE,RONGCHENG CITY,,,252CH,Program Info,,Cooper EMEA,cbRegionCooperEMEA,,,0
RFCH,1,Supplier,KISWIRE,RONGCHENG CITY,,,252CH,Program Info,,Cooper AP,cbRegionCooperAP,,,0
RFCH,1,Supplier,KISWIRE,RONGCHENG CITY,,,252CH,Program Info,,Akron,cbLabAkron,,,0
RFCH,1,Supplier,KISWIRE,RONGCHENG CITY,,,252CH,Program Info,,Lux,cbLabLux,,,0
RFCH,1,Supplier,KISWIRE,RONGCHENG CITY,,,252CH,Program Info,,Kunshan,cbLabKunshan,,,0
RFCH,1,Supplier,KISWIRE,RONGCHENG CITY,,,252CH,Program Info,,EHS Approval Region (hidden),efEHSApprovalReg,,,
RFCH,1,Supplier,KISWIRE,RONGCHENG CITY,,,252CH,Program Info,,SAP Status,ddlSAPStatusDesc,,,See base specification
RFCH,1,Supplier,KISWIRE,RONGCHENG CITY,,,252CH,Program Info,,,ieSAPStatusCode,,,ZZ
RFFP,1,Supplier,HYOSUNG CORPORATION,DONG NAI - STEELCORD,,,C402FP,Program Info,,Reason for Program,mleReasProg,,,
RFFP,1,Supplier,HYOSUNG CORPORATION,DONG NAI - STEELCORD,,,C402FP,Program Info,,Program Type,ddlProgramType,,,
RFFP,1,Supplier,HYOSUNG CORPORATION,DONG NAI - STEELCORD,,,C402FP,Program Info,,Requested By,cbReqBy,,,
RFFP,1,Supplier,HYOSUNG CORPORATION,DONG NAI - STEELCORD,,,C402FP,Program Info,,Assigned To,mleAssignedTo,,,
RFFP,1,Supplier,HYOSUNG CORPORATION,DONG NAI - STEELCORD,,,C402FP,Program Info,,NA,cbRegionNA,,,0
RFFP,1,Supplier,HYOSUNG CORPORATION,DONG NAI - STEELCORD,,,C402FP,Program Info,,LA,cbRegionLA,,,0
RFFP,1,Supplier,HYOSUNG CORPORATION,DONG NAI - STEELCORD,,,C402FP,Program Info,,EMEA,cbRegionEMEA,,,0
RFFP,1,Supplier,HYOSUNG CORPORATION,DONG NAI - STEELCORD,,,C402FP,Program Info,,Cooper Americas,cbRegionCooperNA,,,0
RFFP,1,Supplier,HYOSUNG CORPORATION,DONG NAI - STEELCORD,,,C402FP,Program Info,,AP,cbRegionAP,,,0
RFFP,1,Supplier,HYOSUNG CORPORATION,DONG NAI - STEELCORD,,,C402FP,Program Info,,Cooper EMEA,cbRegionCooperEMEA,,,0
RFFP,1,Supplier,HYOSUNG CORPORATION,DONG NAI - STEELCORD,,,C402FP,Program Info,,Cooper AP,cbRegionCooperAP,,,0
RFFP,1,Supplier,HYOSUNG CORPORATION,DONG NAI - STEELCORD,,,C402FP,Program Info,,Akron,cbLabAkron,,,0
RFFP,1,Supplier,HYOSUNG CORPORATION,DONG NAI - STEELCORD,,,C402FP,Program Info,,Lux,cbLabLux,,,0
RFFP,1,Supplier,HYOSUNG CORPORATION,DONG NAI - STEELCORD,,,C402FP,Program Info,,Kunshan,cbLabKunshan,,,0
RFFP,1,Supplier,HYOSUNG CORPORATION,DONG NAI - STEELCORD,,,C402FP,Program Info,,EHS Approval Region (hidden),efEHSApprovalReg,,,
RFFP,1,Supplier,HYOSUNG CORPORATION,DONG NAI - STEELCORD,,,C402FP,Program Info,,SAP Status,ddlSAPStatusDesc,,,See base specification
RFFP,1,Supplier,HYOSUNG CORPORATION,DONG NAI - STEELCORD,,,C402FP,Program Info,,,ieSAPStatusCode,,,ZZ
RFCH,1,Supplier,BEKAERT,ITAUNA - BRAZIL (BEAD WIRE),,,029CH,Program Info,,Reason for Program,mleReasProg,,,
RFCH,1,Supplier,BEKAERT,ITAUNA - BRAZIL (BEAD WIRE),,,029CH,Program Info,,Program Type,ddlProgramType,,,
RFCH,1,Supplier,BEKAERT,ITAUNA - BRAZIL (BEAD WIRE),,,029CH,Program Info,,Requested By,cbReqBy,,,
RFCH,1,Supplier,BEKAERT,ITAUNA - BRAZIL (BEAD WIRE),,,029CH,Program Info,,Assigned To,mleAssignedTo,,,
RFCH,1,Supplier,BEKAERT,ITAUNA - BRAZIL (BEAD WIRE),,,029CH,Program Info,,NA,cbRegionNA,,,0
RFCH,1,Supplier,BEKAERT,ITAUNA - BRAZIL (BEAD WIRE),,,029CH,Program Info,,LA,cbRegionLA,,,0
RFCH,1,Supplier,BEKAERT,ITAUNA - BRAZIL (BEAD WIRE),,,029CH,Program Info,,EMEA,cbRegionEMEA,,,0
RFCH,1,Supplier,BEKAERT,ITAUNA - BRAZIL (BEAD WIRE),,,029CH,Program Info,,Cooper Americas,cbRegionCooperNA,,,0
RFCH,1,Supplier,BEKAERT,ITAUNA - BRAZIL (BEAD WIRE),,,029CH,Program Info,,AP,cbRegionAP,,,0
RFCH,1,Supplier,BEKAERT,ITAUNA - BRAZIL (BEAD WIRE),,,029CH,Program Info,,Cooper EMEA,cbRegionCooperEMEA,,,0
RFCH,1,Supplier,BEKAERT,ITAUNA - BRAZIL (BEAD WIRE),,,029CH,Program Info,,Cooper AP,cbRegionCooperAP,,,0
RFCH,1,Supplier,BEKAERT,ITAUNA - BRAZIL (BEAD WIRE),,,029CH,Program Info,,Akron,cbLabAkron,,,0
RFCH,1,Supplier,BEKAERT,ITAUNA - BRAZIL (BEAD WIRE),,,029CH,Program Info,,Lux,cbLabLux,,,0
RFCH,1,Supplier,BEKAERT,ITAUNA - BRAZIL (BEAD WIRE),,,029CH,Program Info,,Kunshan,cbLabKunshan,,,0
RFCH,1,Supplier,BEKAERT,ITAUNA - BRAZIL (BEAD WIRE),,,029CH,Program Info,,EHS Approval Region (hidden),efEHSApprovalReg,,,
RFCH,1,Supplier,BEKAERT,ITAUNA - BRAZIL (BEAD WIRE),,,029CH,Program Info,,SAP Status,ddlSAPStatusDesc,,,See base specification
RFCH,1,Supplier,BEKAERT,ITAUNA - BRAZIL (BEAD WIRE),,,029CH,Program Info,,,ieSAPStatusCode,,,ZZ
RFCH,1,Supplier,KISWIRE,Pine Bluff,,,247CH,Program Info,,Reason for Program,mleReasProg,,,
RFCH,1,Supplier,KISWIRE,Pine Bluff,,,247CH,Program Info,,Program Type,ddlProgramType,,,
RFCH,1,Supplier,KISWIRE,Pine Bluff,,,247CH,Program Info,,Requested By,cbReqBy,,,
RFCH,1,Supplier,KISWIRE,Pine Bluff,,,247CH,Program Info,,Assigned To,mleAssignedTo,,,
RFCH,1,Supplier,KISWIRE,Pine Bluff,,,247CH,Program Info,,NA,cbRegionNA,,,0
RFCH,1,Supplier,KISWIRE,Pine Bluff,,,247CH,Program Info,,LA,cbRegionLA,,,0
RFCH,1,Supplier,KISWIRE,Pine Bluff,,,247CH,Program Info,,EMEA,cbRegionEMEA,,,0
RFCH,1,Supplier,KISWIRE,Pine Bluff,,,247CH,Program Info,,Cooper Americas,cbRegionCooperNA,,,0
RFCH,1,Supplier,KISWIRE,Pine Bluff,,,247CH,Program Info,,AP,cbRegionAP,,,0
RFCH,1,Supplier,KISWIRE,Pine Bluff,,,247CH,Program Info,,Cooper EMEA,cbRegionCooperEMEA,,,0
RFCH,1,Supplier,KISWIRE,Pine Bluff,,,247CH,Program Info,,Cooper AP,cbRegionCooperAP,,,0
RFCH,1,Supplier,KISWIRE,Pine Bluff,,,247CH,Program Info,,Akron,cbLabAkron,,,0
RFCH,1,Supplier,KISWIRE,Pine Bluff,,,247CH,Program Info,,Lux,cbLabLux,,,0
RFCH,1,Supplier,KISWIRE,Pine Bluff,,,247CH,Program Info,,Kunshan,cbLabKunshan,,,0
RFCH,1,Supplier,KISWIRE,Pine Bluff,,,247CH,Program Info,,EHS Approval Region (hidden),efEHSApprovalReg,,,
RFCH,1,Supplier,KISWIRE,Pine Bluff,,,247CH,Program Info,,SAP Status,ddlSAPStatusDesc,,,See base specification
RFCH,1,Supplier,KISWIRE,Pine Bluff,,,247CH,Program Info,,,ieSAPStatusCode,,,ZZ
RFCH,1,Supplier,KERN,TRINEC - KONSKA,,,391CH,Program Info,,Reason for Program,mleReasProg,,,
RFCH,1,Supplier,KERN,TRINEC - KONSKA,,,391CH,Program Info,,Program Type,ddlProgramType,,,
RFCH,1,Supplier,KERN,TRINEC - KONSKA,,,391CH,Program Info,,Requested By,cbReqBy,,,
RFCH,1,Supplier,KERN,TRINEC - KONSKA,,,391CH,Program Info,,Assigned To,mleAssignedTo,,,
RFCH,1,Supplier,KERN,TRINEC - KONSKA,,,391CH,Program Info,,NA,cbRegionNA,,,0
RFCH,1,Supplier,KERN,TRINEC - KONSKA,,,391CH,Program Info,,LA,cbRegionLA,,,0
RFCH,1,Supplier,KERN,TRINEC - KONSKA,,,391CH,Program Info,,EMEA,cbRegionEMEA,,,0
RFCH,1,Supplier,KERN,TRINEC - KONSKA,,,391CH,Program Info,,Cooper Americas,cbRegionCooperNA,,,0
RFCH,1,Supplier,KERN,TRINEC - KONSKA,,,391CH,Program Info,,AP,cbRegionAP,,,0
RFCH,1,Supplier,KERN,TRINEC - KONSKA,,,391CH,Program Info,,Cooper EMEA,cbRegionCooperEMEA,,,0
RFCH,1,Supplier,KERN,TRINEC - KONSKA,,,391CH,Program Info,,Cooper AP,cbRegionCooperAP,,,0
RFCH,1,Supplier,KERN,TRINEC - KONSKA,,,391CH,Program Info,,Akron,cbLabAkron,,,0
RFCH,1,Supplier,KERN,TRINEC - KONSKA,,,391CH,Program Info,,Lux,cbLabLux,,,0
RFCH,1,Supplier,KERN,TRINEC - KONSKA,,,391CH,Program Info,,Kunshan,cbLabKunshan,,,0
RFCH,1,Supplier,KERN,TRINEC - KONSKA,,,391CH,Program Info,,EHS Approval Region (hidden),efEHSApprovalReg,,,
RFCH,1,Supplier,KERN,TRINEC - KONSKA,,,391CH,Program Info,,SAP Status,ddlSAPStatusDesc,,,See base specification
RFCH,1,Supplier,KERN,TRINEC - KONSKA,,,391CH,Program Info,,,ieSAPStatusCode,,,ZZ
RFLC16SD,1,Supplier,JUNMA,ZHANGJIAGANG,,,U08LC16SD,Program Info,,Reason for Program,mleReasProg,,,
RFLC16SD,1,Supplier,JUNMA,ZHANGJIAGANG,,,U08LC16SD,Program Info,,Program Type,ddlProgramType,,,
RFLC16SD,1,Supplier,JUNMA,ZHANGJIAGANG,,,U08LC16SD,Program Info,,Requested By,cbReqBy,,,
RFLC16SD,1,Supplier,JUNMA,ZHANGJIAGANG,,,U08LC16SD,Program Info,,Assigned To,mleAssignedTo,,,
RFLC16SD,1,Supplier,JUNMA,ZHANGJIAGANG,,,U08LC16SD,Program Info,,NA,cbRegionNA,,,0
RFLC16SD,1,Supplier,JUNMA,ZHANGJIAGANG,,,U08LC16SD,Program Info,,LA,cbRegionLA,,,0
RFLC16SD,1,Supplier,JUNMA,ZHANGJIAGANG,,,U08LC16SD,Program Info,,EMEA,cbRegionEMEA,,,0
RFLC16SD,1,Supplier,JUNMA,ZHANGJIAGANG,,,U08LC16SD,Program Info,,Cooper Americas,cbRegionCooperNA,,,0
RFLC16SD,1,Supplier,JUNMA,ZHANGJIAGANG,,,U08LC16SD,Program Info,,AP,cbRegionAP,,,0
RFLC16SD,1,Supplier,JUNMA,ZHANGJIAGANG,,,U08LC16SD,Program Info,,Cooper EMEA,cbRegionCooperEMEA,,,0
RFLC16SD,1,Supplier,JUNMA,ZHANGJIAGANG,,,U08LC16SD,Program Info,,Cooper AP,cbRegionCooperAP,,,0
RFLC16SD,1,Supplier,JUNMA,ZHANGJIAGANG,,,U08LC16SD,Program Info,,Akron,cbLabAkron,,,0
RFLC16SD,1,Supplier,JUNMA,ZHANGJIAGANG,,,U08LC16SD,Program Info,,Lux,cbLabLux,,,0
RFLC16SD,1,Supplier,JUNMA,ZHANGJIAGANG,,,U08LC16SD,Program Info,,Kunshan,cbLabKunshan,,,0
RFLC16SD,1,Supplier,JUNMA,ZHANGJIAGANG,,,U08LC16SD,Program Info,,EHS Approval Region (hidden),efEHSApprovalReg,,,
RFLC16SD,1,Supplier,JUNMA,ZHANGJIAGANG,,,U08LC16SD,Program Info,,SAP Status,ddlSAPStatusDesc,,,See base specification
RFLC16SD,1,Supplier,JUNMA,ZHANGJIAGANG,,,U08LC16SD,Program Info,,,ieSAPStatusCode,,,ZZ
RFCH,1,Supplier,KISWIRE,QINGDAO,,,246CH,Program Info,,Reason for Program,mleReasProg,,,
RFCH,1,Supplier,KISWIRE,QINGDAO,,,246CH,Program Info,,Program Type,ddlProgramType,,,
RFCH,1,Supplier,KISWIRE,QINGDAO,,,246CH,Program Info,,Requested By,cbReqBy,,,
RFCH,1,Supplier,KISWIRE,QINGDAO,,,246CH,Program Info,,Assigned To,mleAssignedTo,,,
RFCH,1,Supplier,KISWIRE,QINGDAO,,,246CH,Program Info,,NA,cbRegionNA,,,0
RFCH,1,Supplier,KISWIRE,QINGDAO,,,246CH,Program Info,,LA,cbRegionLA,,,0
RFCH,1,Supplier,KISWIRE,QINGDAO,,,246CH,Program Info,,EMEA,cbRegionEMEA,,,0
RFCH,1,Supplier,KISWIRE,QINGDAO,,,246CH,Program Info,,Cooper Americas,cbRegionCooperNA,,,0
RFCH,1,Supplier,KISWIRE,QINGDAO,,,246CH,Program Info,,AP,cbRegionAP,,,0
RFCH,1,Supplier,KISWIRE,QINGDAO,,,246CH,Program Info,,Cooper EMEA,cbRegionCooperEMEA,,,0
RFCH,1,Supplier,KISWIRE,QINGDAO,,,246CH,Program Info,,Cooper AP,cbRegionCooperAP,,,0
RFCH,1,Supplier,KISWIRE,QINGDAO,,,246CH,Program Info,,Akron,cbLabAkron,,,0
RFCH,1,Supplier,KISWIRE,QINGDAO,,,246CH,Program Info,,Lux,cbLabLux,,,0
RFCH,1,Supplier,KISWIRE,QINGDAO,,,246CH,Program Info,,Kunshan,cbLabKunshan,,,0
RFCH,1,Supplier,KISWIRE,QINGDAO,,,246CH,Program Info,,EHS Approval Region (hidden),efEHSApprovalReg,,,
RFCH,1,Supplier,KISWIRE,QINGDAO,,,246CH,Program Info,,SAP Status,ddlSAPStatusDesc,,,See base specification
RFCH,1,Supplier,KISWIRE,QINGDAO,,,246CH,Program Info,,,ieSAPStatusCode,,,ZZ
RFCH,1,Supplier,NATIONAL STANDARD,STILLWATER,,,142CH,Program Info,,Reason for Program,mleReasProg,,,
RFCH,1,Supplier,NATIONAL STANDARD,STILLWATER,,,142CH,Program Info,,Program Type,ddlProgramType,,,
RFCH,1,Supplier,NATIONAL STANDARD,STILLWATER,,,142CH,Program Info,,Requested By,cbReqBy,,,
RFCH,1,Supplier,NATIONAL STANDARD,STILLWATER,,,142CH,Program Info,,Assigned To,mleAssignedTo,,,
RFCH,1,Supplier,NATIONAL STANDARD,STILLWATER,,,142CH,Program Info,,NA,cbRegionNA,,,0
RFCH,1,Supplier,NATIONAL STANDARD,STILLWATER,,,142CH,Program Info,,LA,cbRegionLA,,,0
RFCH,1,Supplier,NATIONAL STANDARD,STILLWATER,,,142CH,Program Info,,EMEA,cbRegionEMEA,,,0
RFCH,1,Supplier,NATIONAL STANDARD,STILLWATER,,,142CH,Program Info,,Cooper Americas,cbRegionCooperNA,,,0
RFCH,1,Supplier,NATIONAL STANDARD,STILLWATER,,,142CH,Program Info,,AP,cbRegionAP,,,0
RFCH,1,Supplier,NATIONAL STANDARD,STILLWATER,,,142CH,Program Info,,Cooper EMEA,cbRegionCooperEMEA,,,0
RFCH,1,Supplier,NATIONAL STANDARD,STILLWATER,,,142CH,Program Info,,Cooper AP,cbRegionCooperAP,,,0
RFCH,1,Supplier,NATIONAL STANDARD,STILLWATER,,,142CH,Program Info,,Akron,cbLabAkron,,,0
RFCH,1,Supplier,NATIONAL STANDARD,STILLWATER,,,142CH,Program Info,,Lux,cbLabLux,,,0
RFCH,1,Supplier,NATIONAL STANDARD,STILLWATER,,,142CH,Program Info,,Kunshan,cbLabKunshan,,,0
RFCH,1,Supplier,NATIONAL STANDARD,STILLWATER,,,142CH,Program Info,,EHS Approval Region (hidden),efEHSApprovalReg,,,
RFCH,1,Supplier,NATIONAL STANDARD,STILLWATER,,,142CH,Program Info,,SAP Status,ddlSAPStatusDesc,,,See base specification
RFCH,1,Supplier,NATIONAL STANDARD,STILLWATER,,,142CH,Program Info,,,ieSAPStatusCode,,,ZZ
RFCH,1,Supplier,KISWIRE,NEWBERRY,,,243CH,Program Info,,Reason for Program,mleReasProg,,,
RFCH,1,Supplier,KISWIRE,NEWBERRY,,,243CH,Program Info,,Program Type,ddlProgramType,,,
RFCH,1,Supplier,KISWIRE,NEWBERRY,,,243CH,Program Info,,Requested By,cbReqBy,,,
RFCH,1,Supplier,KISWIRE,NEWBERRY,,,243CH,Program Info,,Assigned To,mleAssignedTo,,,
RFCH,1,Supplier,KISWIRE,NEWBERRY,,,243CH,Program Info,,NA,cbRegionNA,,,0
RFCH,1,Supplier,KISWIRE,NEWBERRY,,,243CH,Program Info,,LA,cbRegionLA,,,0
RFCH,1,Supplier,KISWIRE,NEWBERRY,,,243CH,Program Info,,EMEA,cbRegionEMEA,,,0
RFCH,1,Supplier,KISWIRE,NEWBERRY,,,243CH,Program Info,,Cooper Americas,cbRegionCooperNA,,,0
RFCH,1,Supplier,KISWIRE,NEWBERRY,,,243CH,Program Info,,AP,cbRegionAP,,,0
RFCH,1,Supplier,KISWIRE,NEWBERRY,,,243CH,Program Info,,Cooper EMEA,cbRegionCooperEMEA,,,0
RFCH,1,Supplier,KISWIRE,NEWBERRY,,,243CH,Program Info,,Cooper AP,cbRegionCooperAP,,,0
RFCH,1,Supplier,KISWIRE,NEWBERRY,,,243CH,Program Info,,Akron,cbLabAkron,,,0
RFCH,1,Supplier,KISWIRE,NEWBERRY,,,243CH,Program Info,,Lux,cbLabLux,,,0
RFCH,1,Supplier,KISWIRE,NEWBERRY,,,243CH,Program Info,,Kunshan,cbLabKunshan,,,0
RFCH,1,Supplier,KISWIRE,NEWBERRY,,,243CH,Program Info,,EHS Approval Region (hidden),efEHSApprovalReg,,,
RFCH,1,Supplier,KISWIRE,NEWBERRY,,,243CH,Program Info,,SAP Status,ddlSAPStatusDesc,,,See base specification
RFCH,1,Supplier,KISWIRE,NEWBERRY,,,243CH,Program Info,,,ieSAPStatusCode,,,ZZ
RFCH,1,Supplier,BMZ,MICORD,,,312CH,Program Info,,Reason for Program,mleReasProg,,,
RFCH,1,Supplier,BMZ,MICORD,,,312CH,Program Info,,Program Type,ddlProgramType,,,
RFCH,1,Supplier,BMZ,MICORD,,,312CH,Program Info,,Requested By,cbReqBy,,,
RFCH,1,Supplier,BMZ,MICORD,,,312CH,Program Info,,Assigned To,mleAssignedTo,,,
RFCH,1,Supplier,BMZ,MICORD,,,312CH,Program Info,,NA,cbRegionNA,,,0
RFCH,1,Supplier,BMZ,MICORD,,,312CH,Program Info,,LA,cbRegionLA,,,0
RFCH,1,Supplier,BMZ,MICORD,,,312CH,Program Info,,EMEA,cbRegionEMEA,,,0
RFCH,1,Supplier,BMZ,MICORD,,,312CH,Program Info,,Cooper Americas,cbRegionCooperNA,,,0
RFCH,1,Supplier,BMZ,MICORD,,,312CH,Program Info,,AP,cbRegionAP,,,0
RFCH,1,Supplier,BMZ,MICORD,,,312CH,Program Info,,Cooper EMEA,cbRegionCooperEMEA,,,0
RFCH,1,Supplier,BMZ,MICORD,,,312CH,Program Info,,Cooper AP,cbRegionCooperAP,,,0
RFCH,1,Supplier,BMZ,MICORD,,,312CH,Program Info,,Akron,cbLabAkron,,,0
RFCH,1,Supplier,BMZ,MICORD,,,312CH,Program Info,,Lux,cbLabLux,,,0
RFCH,1,Supplier,BMZ,MICORD,,,312CH,Program Info,,Kunshan,cbLabKunshan,,,0
RFCH,1,Supplier,BMZ,MICORD,,,312CH,Program Info,,EHS Approval Region (hidden),efEHSApprovalReg,,,
RFCH,1,Supplier,BMZ,MICORD,,,312CH,Program Info,,SAP Status,ddlSAPStatusDesc,,,See base specification
RFCH,1,Supplier,BMZ,MICORD,,,312CH,Program Info,,,ieSAPStatusCode,,,ZZ
RFNT26QA,1,Supplier,HYOSUNG CORPORATION,DECATUR,,,720NT26QA,Program Info,,Reason for Program,mleReasProg,,,
RFNT26QA,1,Supplier,HYOSUNG CORPORATION,DECATUR,,,720NT26QA,Program Info,,Program Type,ddlProgramType,,,
RFNT26QA,1,Supplier,HYOSUNG CORPORATION,DECATUR,,,720NT26QA,Program Info,,Requested By,cbReqBy,,,
RFNT26QA,1,Supplier,HYOSUNG CORPORATION,DECATUR,,,720NT26QA,Program Info,,Assigned To,mleAssignedTo,,,
RFNT26QA,1,Supplier,HYOSUNG CORPORATION,DECATUR,,,720NT26QA,Program Info,,NA,cbRegionNA,,,0
RFNT26QA,1,Supplier,HYOSUNG CORPORATION,DECATUR,,,720NT26QA,Program Info,,LA,cbRegionLA,,,0
RFNT26QA,1,Supplier,HYOSUNG CORPORATION,DECATUR,,,720NT26QA,Program Info,,EMEA,cbRegionEMEA,,,0
RFNT26QA,1,Supplier,HYOSUNG CORPORATION,DECATUR,,,720NT26QA,Program Info,,Cooper Americas,cbRegionCooperNA,,,0
RFNT26QA,1,Supplier,HYOSUNG CORPORATION,DECATUR,,,720NT26QA,Program Info,,AP,cbRegionAP,,,0
RFNT26QA,1,Supplier,HYOSUNG CORPORATION,DECATUR,,,720NT26QA,Program Info,,Cooper EMEA,cbRegionCooperEMEA,,,0
RFNT26QA,1,Supplier,HYOSUNG CORPORATION,DECATUR,,,720NT26QA,Program Info,,Cooper AP,cbRegionCooperAP,,,0
RFNT26QA,1,Supplier,HYOSUNG CORPORATION,DECATUR,,,720NT26QA,Program Info,,Akron,cbLabAkron,,,0
RFNT26QA,1,Supplier,HYOSUNG CORPORATION,DECATUR,,,720NT26QA,Program Info,,Lux,cbLabLux,,,0
RFNT26QA,1,Supplier,HYOSUNG CORPORATION,DECATUR,,,720NT26QA,Program Info,,Kunshan,cbLabKunshan,,,0
RFNT26QA,1,Supplier,HYOSUNG CORPORATION,DECATUR,,,720NT26QA,Program Info,,EHS Approval Region (hidden),efEHSApprovalReg,,,
RFNT26QA,1,Supplier,HYOSUNG CORPORATION,DECATUR,,,720NT26QA,Program Info,,SAP Status,ddlSAPStatusDesc,,,See base specification
RFNT26QA,1,Supplier,HYOSUNG CORPORATION,DECATUR,,,720NT26QA,Program Info,,,ieSAPStatusCode,,,ZZ
RFCH,1,Supplier,BEKAERT,ROME,,,022CH,Program Info,,Reason for Program,mleReasProg,,,
RFCH,1,Supplier,BEKAERT,ROME,,,022CH,Program Info,,Program Type,ddlProgramType,,,
RFCH,1,Supplier,BEKAERT,ROME,,,022CH,Program Info,,Requested By,cbReqBy,,,
RFCH,1,Supplier,BEKAERT,ROME,,,022CH,Program Info,,Assigned To,mleAssignedTo,,,
RFCH,1,Supplier,BEKAERT,ROME,,,022CH,Program Info,,NA,cbRegionNA,,,0
RFCH,1,Supplier,BEKAERT,ROME,,,022CH,Program Info,,LA,cbRegionLA,,,0
RFCH,1,Supplier,BEKAERT,ROME,,,022CH,Program Info,,EMEA,cbRegionEMEA,,,0
RFCH,1,Supplier,BEKAERT,ROME,,,022CH,Program Info,,Cooper Americas,cbRegionCooperNA,,,0
RFCH,1,Supplier,BEKAERT,ROME,,,022CH,Program Info,,AP,cbRegionAP,,,0
RFCH,1,Supplier,BEKAERT,ROME,,,022CH,Program Info,,Cooper EMEA,cbRegionCooperEMEA,,,0
RFCH,1,Supplier,BEKAERT,ROME,,,022CH,Program Info,,Cooper AP,cbRegionCooperAP,,,0
RFCH,1,Supplier,BEKAERT,ROME,,,022CH,Program Info,,Akron,cbLabAkron,,,0
RFCH,1,Supplier,BEKAERT,ROME,,,022CH,Program Info,,Lux,cbLabLux,,,0
RFCH,1,Supplier,BEKAERT,ROME,,,022CH,Program Info,,Kunshan,cbLabKunshan,,,0
RFCH,1,Supplier,BEKAERT,ROME,,,022CH,Program Info,,EHS Approval Region (hidden),efEHSApprovalReg,,,
RFCH,1,Supplier,BEKAERT,ROME,,,022CH,Program Info,,SAP Status,ddlSAPStatusDesc,,,See base specification
RFCH,1,Supplier,BEKAERT,ROME,,,022CH,Program Info,,,ieSAPStatusCode,,,ZZ
RFCH,1,Supplier,TRAFILERIE MERIDIONALI,CHIETI SCALO,,,201CH,Program Info,,Reason for Program,mleReasProg,,,
RFCH,1,Supplier,TRAFILERIE MERIDIONALI,CHIETI SCALO,,,201CH,Program Info,,Program Type,ddlProgramType,,,
RFCH,1,Supplier,TRAFILERIE MERIDIONALI,CHIETI SCALO,,,201CH,Program Info,,Requested By,cbReqBy,,,
RFCH,1,Supplier,TRAFILERIE MERIDIONALI,CHIETI SCALO,,,201CH,Program Info,,Assigned To,mleAssignedTo,,,
RFCH,1,Supplier,TRAFILERIE MERIDIONALI,CHIETI SCALO,,,201CH,Program Info,,NA,cbRegionNA,,,0
RFCH,1,Supplier,TRAFILERIE MERIDIONALI,CHIETI SCALO,,,201CH,Program Info,,LA,cbRegionLA,,,0
RFCH,1,Supplier,TRAFILERIE MERIDIONALI,CHIETI SCALO,,,201CH,Program Info,,EMEA,cbRegionEMEA,,,0
RFCH,1,Supplier,TRAFILERIE MERIDIONALI,CHIETI SCALO,,,201CH,Program Info,,Cooper Americas,cbRegionCooperNA,,,0
RFCH,1,Supplier,TRAFILERIE MERIDIONALI,CHIETI SCALO,,,201CH,Program Info,,AP,cbRegionAP,,,0
RFCH,1,Supplier,TRAFILERIE MERIDIONALI,CHIETI SCALO,,,201CH,Program Info,,Cooper EMEA,cbRegionCooperEMEA,,,0
RFCH,1,Supplier,TRAFILERIE MERIDIONALI,CHIETI SCALO,,,201CH,Program Info,,Cooper AP,cbRegionCooperAP,,,0
RFCH,1,Supplier,TRAFILERIE MERIDIONALI,CHIETI SCALO,,,201CH,Program Info,,Akron,cbLabAkron,,,0
RFCH,1,Supplier,TRAFILERIE MERIDIONALI,CHIETI SCALO,,,201CH,Program Info,,Lux,cbLabLux,,,0
RFCH,1,Supplier,TRAFILERIE MERIDIONALI,CHIETI SCALO,,,201CH,Program Info,,Kunshan,cbLabKunshan,,,0
RFCH,1,Supplier,TRAFILERIE MERIDIONALI,CHIETI SCALO,,,201CH,Program Info,,EHS Approval Region (hidden),efEHSApprovalReg,,,
RFCH,1,Supplier,TRAFILERIE MERIDIONALI,CHIETI SCALO,,,201CH,Program Info,,SAP Status,ddlSAPStatusDesc,,,See base specification
RFCH,1,Supplier,TRAFILERIE MERIDIONALI,CHIETI SCALO,,,201CH,Program Info,,,ieSAPStatusCode,,,ZZ
RFCH,1,Supplier,KISWIRE,HONG DUK,,,242CH,Program Info,,Reason for Program,mleReasProg,,,
RFCH,1,Supplier,KISWIRE,HONG DUK,,,242CH,Program Info,,Program Type,ddlProgramType,,,
RFCH,1,Supplier,KISWIRE,HONG DUK,,,242CH,Program Info,,Requested By,cbReqBy,,,
RFCH,1,Supplier,KISWIRE,HONG DUK,,,242CH,Program Info,,Assigned To,mleAssignedTo,,,
RFCH,1,Supplier,KISWIRE,HONG DUK,,,242CH,Program Info,,NA,cbRegionNA,,,0
RFCH,1,Supplier,KISWIRE,HONG DUK,,,242CH,Program Info,,LA,cbRegionLA,,,0
RFCH,1,Supplier,KISWIRE,HONG DUK,,,242CH,Program Info,,EMEA,cbRegionEMEA,,,0
RFCH,1,Supplier,KISWIRE,HONG DUK,,,242CH,Program Info,,Cooper Americas,cbRegionCooperNA,,,0
RFCH,1,Supplier,KISWIRE,HONG DUK,,,242CH,Program Info,,AP,cbRegionAP,,,0
RFCH,1,Supplier,KISWIRE,HONG DUK,,,242CH,Program Info,,Cooper EMEA,cbRegionCooperEMEA,,,0
RFCH,1,Supplier,KISWIRE,HONG DUK,,,242CH,Program Info,,Cooper AP,cbRegionCooperAP,,,0
RFCH,1,Supplier,KISWIRE,HONG DUK,,,242CH,Program Info,,Akron,cbLabAkron,,,0
RFCH,1,Supplier,KISWIRE,HONG DUK,,,242CH,Program Info,,Lux,cbLabLux,,,0
RFCH,1,Supplier,KISWIRE,HONG DUK,,,242CH,Program Info,,Kunshan,cbLabKunshan,,,0
RFCH,1,Supplier,KISWIRE,HONG DUK,,,242CH,Program Info,,EHS Approval Region (hidden),efEHSApprovalReg,,,
RFCH,1,Supplier,KISWIRE,HONG DUK,,,242CH,Program Info,,SAP Status,ddlSAPStatusDesc,,,See base specification
RFCH,1,Supplier,KISWIRE,HONG DUK,,,242CH,Program Info,,,ieSAPStatusCode,,,ZZ
RFCH,1,Supplier,BEKAERT,IZMIT,,,023CH,Program Info,,Reason for Program,mleReasProg,,,
RFCH,1,Supplier,BEKAERT,IZMIT,,,023CH,Program Info,,Program Type,ddlProgramType,,,
RFCH,1,Supplier,BEKAERT,IZMIT,,,023CH,Program Info,,Requested By,cbReqBy,,,
RFCH,1,Supplier,BEKAERT,IZMIT,,,023CH,Program Info,,Assigned To,mleAssignedTo,,,
RFCH,1,Supplier,BEKAERT,IZMIT,,,023CH,Program Info,,NA,cbRegionNA,,,0
RFCH,1,Supplier,BEKAERT,IZMIT,,,023CH,Program Info,,LA,cbRegionLA,,,0
RFCH,1,Supplier,BEKAERT,IZMIT,,,023CH,Program Info,,EMEA,cbRegionEMEA,,,0
RFCH,1,Supplier,BEKAERT,IZMIT,,,023CH,Program Info,,Cooper Americas,cbRegionCooperNA,,,0
RFCH,1,Supplier,BEKAERT,IZMIT,,,023CH,Program Info,,AP,cbRegionAP,,,0
RFCH,1,Supplier,BEKAERT,IZMIT,,,023CH,Program Info,,Cooper EMEA,cbRegionCooperEMEA,,,0
RFCH,1,Supplier,BEKAERT,IZMIT,,,023CH,Program Info,,Cooper AP,cbRegionCooperAP,,,0
RFCH,1,Supplier,BEKAERT,IZMIT,,,023CH,Program Info,,Akron,cbLabAkron,,,0
RFCH,1,Supplier,BEKAERT,IZMIT,,,023CH,Program Info,,Lux,cbLabLux,,,0
RFCH,1,Supplier,BEKAERT,IZMIT,,,023CH,Program Info,,Kunshan,cbLabKunshan,,,0
RFCH,1,Supplier,BEKAERT,IZMIT,,,023CH,Program Info,,EHS Approval Region (hidden),efEHSApprovalReg,,,
RFCH,1,Supplier,BEKAERT,IZMIT,,,023CH,Program Info,,SAP Status,ddlSAPStatusDesc,,,See base specification
RFCH,1,Supplier,BEKAERT,IZMIT,,,023CH,Program Info,,,ieSAPStatusCode,,,ZZ
RFCH,1,Supplier,BEKAERT,BRAZIL,,,091CH,Program Info,,Reason for Program,mleReasProg,,,
RFCH,1,Supplier,BEKAERT,BRAZIL,,,091CH,Program Info,,Program Type,ddlProgramType,,,
RFCH,1,Supplier,BEKAERT,BRAZIL,,,091CH,Program Info,,Requested By,cbReqBy,,,
RFCH,1,Supplier,BEKAERT,BRAZIL,,,091CH,Program Info,,Assigned To,mleAssignedTo,,,
RFCH,1,Supplier,BEKAERT,BRAZIL,,,091CH,Program Info,,NA,cbRegionNA,,,0
RFCH,1,Supplier,BEKAERT,BRAZIL,,,091CH,Program Info,,LA,cbRegionLA,,,0
RFCH,1,Supplier,BEKAERT,BRAZIL,,,091CH,Program Info,,EMEA,cbRegionEMEA,,,0
RFCH,1,Supplier,BEKAERT,BRAZIL,,,091CH,Program Info,,Cooper Americas,cbRegionCooperNA,,,0
RFCH,1,Supplier,BEKAERT,BRAZIL,,,091CH,Program Info,,AP,cbRegionAP,,,0
RFCH,1,Supplier,BEKAERT,BRAZIL,,,091CH,Program Info,,Cooper EMEA,cbRegionCooperEMEA,,,0
RFCH,1,Supplier,BEKAERT,BRAZIL,,,091CH,Program Info,,Cooper AP,cbRegionCooperAP,,,0
RFCH,1,Supplier,BEKAERT,BRAZIL,,,091CH,Program Info,,Akron,cbLabAkron,,,0
RFCH,1,Supplier,BEKAERT,BRAZIL,,,091CH,Program Info,,Lux,cbLabLux,,,0
RFCH,1,Supplier,BEKAERT,BRAZIL,,,091CH,Program Info,,Kunshan,cbLabKunshan,,,0
RFCH,1,Supplier,BEKAERT,BRAZIL,,,091CH,Program Info,,EHS Approval Region (hidden),efEHSApprovalReg,,,
RFCH,1,Supplier,BEKAERT,BRAZIL,,,091CH,Program Info,,SAP Status,ddlSAPStatusDesc,,,See base specification
RFCH,1,Supplier,BEKAERT,BRAZIL,,,091CH,Program Info,,,ieSAPStatusCode,,,ZZ
RFS01Q,1,Supplier,HYOSUNG CORPORATION,DONG NAI,,,HSP-40,Program Info,,Reason for Program,mleReasProg,,,Cost Savings
RFS01Q,1,Supplier,HYOSUNG CORPORATION,DONG NAI,,,HSP-40,Program Info,,Program Type,ddlProgramType,,,New Source
RFS01Q,1,Supplier,HYOSUNG CORPORATION,DONG NAI,,,HSP-40,Program Info,,Requested By,cbReqBy,,,Gary Platz
RFS01Q,1,Supplier,HYOSUNG CORPORATION,DONG NAI,,,HSP-40,Program Info,,Assigned To,mleAssignedTo,,,Michael Putinski
RFS01Q,1,Supplier,HYOSUNG CORPORATION,DONG NAI,,,HSP-40,Program Info,,NA,cbRegionNA,,,1
RFS01Q,1,Supplier,HYOSUNG CORPORATION,DONG NAI,,,HSP-40,Program Info,,LA,cbRegionLA,,,0
RFS01Q,1,Supplier,HYOSUNG CORPORATION,DONG NAI,,,HSP-40,Program Info,,EMEA,cbRegionEMEA,,,0
RFS01Q,1,Supplier,HYOSUNG CORPORATION,DONG NAI,,,HSP-40,Program Info,,Cooper Americas,cbRegionCooperNA,,,0
RFS01Q,1,Supplier,HYOSUNG CORPORATION,DONG NAI,,,HSP-40,Program Info,,AP,cbRegionAP,,,0
RFS01Q,1,Supplier,HYOSUNG CORPORATION,DONG NAI,,,HSP-40,Program Info,,Cooper EMEA,cbRegionCooperEMEA,,,0
RFS01Q,1,Supplier,HYOSUNG CORPORATION,DONG NAI,,,HSP-40,Program Info,,Cooper AP,cbRegionCooperAP,,,0
RFS01Q,1,Supplier,HYOSUNG CORPORATION,DONG NAI,,,HSP-40,Program Info,,Akron,cbLabAkron,,,0
RFS01Q,1,Supplier,HYOSUNG CORPORATION,DONG NAI,,,HSP-40,Program Info,,Lux,cbLabLux,,,0
RFS01Q,1,Supplier,HYOSUNG CORPORATION,DONG NAI,,,HSP-40,Program Info,,Kunshan,cbLabKunshan,,,0
RFS01Q,1,Supplier,HYOSUNG CORPORATION,DONG NAI,,,HSP-40,Program Info,,EHS Approval Region (hidden),efEHSApprovalReg,,,
RFS01Q,1,Supplier,HYOSUNG CORPORATION,DONG NAI,,,HSP-40,Program Info,,SAP Status,ddlSAPStatusDesc,,,See base specification
RFS01Q,1,Supplier,HYOSUNG CORPORATION,DONG NAI,,,HSP-40,Program Info,,,ieSAPStatusCode,,,ZZ
RFE09A,1,Supplier,DUPONT,MAYDOWN,,,950,Program Info,,Reason for Program,mleReasProg,,,New yarn approval
RFE09A,1,Supplier,DUPONT,MAYDOWN,,,950,Program Info,,Program Type,ddlProgramType,,,New Material
RFE09A,1,Supplier,DUPONT,MAYDOWN,,,950,Program Info,,Requested By,cbReqBy,,, 
RFE09A,1,Supplier,DUPONT,MAYDOWN,,,950,Program Info,,Assigned To,mleAssignedTo,,,Marie Chaidron
RFE09A,1,Supplier,DUPONT,MAYDOWN,,,950,Program Info,,NA,cbRegionNA,,,0
RFE09A,1,Supplier,DUPONT,MAYDOWN,,,950,Program Info,,LA,cbRegionLA,,,0
RFE09A,1,Supplier,DUPONT,MAYDOWN,,,950,Program Info,,EMEA,cbRegionEMEA,,,1
RFE09A,1,Supplier,DUPONT,MAYDOWN,,,950,Program Info,,Cooper Americas,cbRegionCooperNA,,,0
RFE09A,1,Supplier,DUPONT,MAYDOWN,,,950,Program Info,,AP,cbRegionAP,,,0
RFE09A,1,Supplier,DUPONT,MAYDOWN,,,950,Program Info,,Cooper EMEA,cbRegionCooperEMEA,,,0
RFE09A,1,Supplier,DUPONT,MAYDOWN,,,950,Program Info,,Cooper AP,cbRegionCooperAP,,,0
RFE09A,1,Supplier,DUPONT,MAYDOWN,,,950,Program Info,,Akron,cbLabAkron,,,0
RFE09A,1,Supplier,DUPONT,MAYDOWN,,,950,Program Info,,Lux,cbLabLux,,,0
RFE09A,1,Supplier,DUPONT,MAYDOWN,,,950,Program Info,,Kunshan,cbLabKunshan,,,0
RFE09A,1,Supplier,DUPONT,MAYDOWN,,,950,Program Info,,EHS Approval Region (hidden),efEHSApprovalReg,,,
RFE09A,1,Supplier,DUPONT,MAYDOWN,,,950,Program Info,,SAP Status,ddlSAPStatusDesc,,,See base specification
RFE09A,1,Supplier,DUPONT,MAYDOWN,,,950,Program Info,,,ieSAPStatusCode,,,ZZ
RFQ09R,1,Supplier,INDORAMA VENTURES MOBILITY,LOVOSICE,,,Rayon 1220 dtex super II,Program Info,,Reason for Program,mleReasProg,,,Alternate sourcing
RFQ09R,1,Supplier,INDORAMA VENTURES MOBILITY,LOVOSICE,,,Rayon 1220 dtex super II,Program Info,,Program Type,ddlProgramType,,,New Material
RFQ09R,1,Supplier,INDORAMA VENTURES MOBILITY,LOVOSICE,,,Rayon 1220 dtex super II,Program Info,,Requested By,cbReqBy,,, 
RFQ09R,1,Supplier,INDORAMA VENTURES MOBILITY,LOVOSICE,,,Rayon 1220 dtex super II,Program Info,,Assigned To,mleAssignedTo,,,Marie Chaidron
RFQ09R,1,Supplier,INDORAMA VENTURES MOBILITY,LOVOSICE,,,Rayon 1220 dtex super II,Program Info,,NA,cbRegionNA,,,0
RFQ09R,1,Supplier,INDORAMA VENTURES MOBILITY,LOVOSICE,,,Rayon 1220 dtex super II,Program Info,,LA,cbRegionLA,,,0
RFQ09R,1,Supplier,INDORAMA VENTURES MOBILITY,LOVOSICE,,,Rayon 1220 dtex super II,Program Info,,EMEA,cbRegionEMEA,,,1
RFQ09R,1,Supplier,INDORAMA VENTURES MOBILITY,LOVOSICE,,,Rayon 1220 dtex super II,Program Info,,Cooper Americas,cbRegionCooperNA,,,0
RFQ09R,1,Supplier,INDORAMA VENTURES MOBILITY,LOVOSICE,,,Rayon 1220 dtex super II,Program Info,,AP,cbRegionAP,,,0
RFQ09R,1,Supplier,INDORAMA VENTURES MOBILITY,LOVOSICE,,,Rayon 1220 dtex super II,Program Info,,Cooper EMEA,cbRegionCooperEMEA,,,0
RFQ09R,1,Supplier,INDORAMA VENTURES MOBILITY,LOVOSICE,,,Rayon 1220 dtex super II,Program Info,,Cooper AP,cbRegionCooperAP,,,0
RFQ09R,1,Supplier,INDORAMA VENTURES MOBILITY,LOVOSICE,,,Rayon 1220 dtex super II,Program Info,,Akron,cbLabAkron,,,0
RFQ09R,1,Supplier,INDORAMA VENTURES MOBILITY,LOVOSICE,,,Rayon 1220 dtex super II,Program Info,,Lux,cbLabLux,,,0
RFQ09R,1,Supplier,INDORAMA VENTURES MOBILITY,LOVOSICE,,,Rayon 1220 dtex super II,Program Info,,Kunshan,cbLabKunshan,,,0
RFQ09R,1,Supplier,INDORAMA VENTURES MOBILITY,LOVOSICE,,,Rayon 1220 dtex super II,Program Info,,EHS Approval Region (hidden),efEHSApprovalReg,,,
RFQ09R,1,Supplier,INDORAMA VENTURES MOBILITY,LOVOSICE,,,Rayon 1220 dtex super II,Program Info,,SAP Status,ddlSAPStatusDesc,,,See base specification
RFQ09R,1,Supplier,INDORAMA VENTURES MOBILITY,LOVOSICE,,,Rayon 1220 dtex super II,Program Info,,,ieSAPStatusCode,,,ZZ
RFS03N,1,Supplier,HYOSUNG CORPORATION,DONG NAI,,,HND-20,Program Info,,Reason for Program,mleReasProg,,,low cost N66 yarn source
RFS03N,1,Supplier,HYOSUNG CORPORATION,DONG NAI,,,HND-20,Program Info,,Program Type,ddlProgramType,,,New Source
RFS03N,1,Supplier,HYOSUNG CORPORATION,DONG NAI,,,HND-20,Program Info,,Requested By,cbReqBy,,, 
RFS03N,1,Supplier,HYOSUNG CORPORATION,DONG NAI,,,HND-20,Program Info,,Assigned To,mleAssignedTo,,,Michael Putinski
RFS03N,1,Supplier,HYOSUNG CORPORATION,DONG NAI,,,HND-20,Program Info,,NA,cbRegionNA,,,1
RFS03N,1,Supplier,HYOSUNG CORPORATION,DONG NAI,,,HND-20,Program Info,,LA,cbRegionLA,,,0
RFS03N,1,Supplier,HYOSUNG CORPORATION,DONG NAI,,,HND-20,Program Info,,EMEA,cbRegionEMEA,,,0
RFS03N,1,Supplier,HYOSUNG CORPORATION,DONG NAI,,,HND-20,Program Info,,Cooper Americas,cbRegionCooperNA,,,0
RFS03N,1,Supplier,HYOSUNG CORPORATION,DONG NAI,,,HND-20,Program Info,,AP,cbRegionAP,,,0
RFS03N,1,Supplier,HYOSUNG CORPORATION,DONG NAI,,,HND-20,Program Info,,Cooper EMEA,cbRegionCooperEMEA,,,0
RFS03N,1,Supplier,HYOSUNG CORPORATION,DONG NAI,,,HND-20,Program Info,,Cooper AP,cbRegionCooperAP,,,0
RFS03N,1,Supplier,HYOSUNG CORPORATION,DONG NAI,,,HND-20,Program Info,,Akron,cbLabAkron,,,0
RFS03N,1,Supplier,HYOSUNG CORPORATION,DONG NAI,,,HND-20,Program Info,,Lux,cbLabLux,,,0
RFS03N,1,Supplier,HYOSUNG CORPORATION,DONG NAI,,,HND-20,Program Info,,Kunshan,cbLabKunshan,,,0
RFS03N,1,Supplier,HYOSUNG CORPORATION,DONG NAI,,,HND-20,Program Info,,EHS Approval Region (hidden),efEHSApprovalReg,,,
RFS03N,1,Supplier,HYOSUNG CORPORATION,DONG NAI,,,HND-20,Program Info,,SAP Status,ddlSAPStatusDesc,,,See base specification
RFS03N,1,Supplier,HYOSUNG CORPORATION,DONG NAI,,,HND-20,Program Info,,,ieSAPStatusCode,,,ZZ
RFFP,1,Supplier,HYOSUNG CORPORATION,EONYANG,,,C101FP,Program Info,,Reason for Program,mleReasProg,,,WILMA
RFFP,1,Supplier,HYOSUNG CORPORATION,EONYANG,,,C101FP,Program Info,,Program Type,ddlProgramType,,,New Source
RFFP,1,Supplier,HYOSUNG CORPORATION,EONYANG,,,C101FP,Program Info,,Requested By,cbReqBy,,, 
RFFP,1,Supplier,HYOSUNG CORPORATION,EONYANG,,,C101FP,Program Info,,Assigned To,mleAssignedTo,,,Rob Wyszynski
RFFP,1,Supplier,HYOSUNG CORPORATION,EONYANG,,,C101FP,Program Info,,NA,cbRegionNA,,,1
RFFP,1,Supplier,HYOSUNG CORPORATION,EONYANG,,,C101FP,Program Info,,LA,cbRegionLA,,,1
RFFP,1,Supplier,HYOSUNG CORPORATION,EONYANG,,,C101FP,Program Info,,EMEA,cbRegionEMEA,,,0
RFFP,1,Supplier,HYOSUNG CORPORATION,EONYANG,,,C101FP,Program Info,,Cooper Americas,cbRegionCooperNA,,,0
RFFP,1,Supplier,HYOSUNG CORPORATION,EONYANG,,,C101FP,Program Info,,AP,cbRegionAP,,,1
RFFP,1,Supplier,HYOSUNG CORPORATION,EONYANG,,,C101FP,Program Info,,Cooper EMEA,cbRegionCooperEMEA,,,0
RFFP,1,Supplier,HYOSUNG CORPORATION,EONYANG,,,C101FP,Program Info,,Cooper AP,cbRegionCooperAP,,,0
RFFP,1,Supplier,HYOSUNG CORPORATION,EONYANG,,,C101FP,Program Info,,Akron,cbLabAkron,,,0
RFFP,1,Supplier,HYOSUNG CORPORATION,EONYANG,,,C101FP,Program Info,,Lux,cbLabLux,,,0
RFFP,1,Supplier,HYOSUNG CORPORATION,EONYANG,,,C101FP,Program Info,,Kunshan,cbLabKunshan,,,0
RFFP,1,Supplier,HYOSUNG CORPORATION,EONYANG,,,C101FP,Program Info,,EHS Approval Region (hidden),efEHSApprovalReg,,,
RFFP,1,Supplier,HYOSUNG CORPORATION,EONYANG,,,C101FP,Program Info,,SAP Status,ddlSAPStatusDesc,,,See base specification
RFFP,1,Supplier,HYOSUNG CORPORATION,EONYANG,,,C101FP,Program Info,,,ieSAPStatusCode,,,ZZ
RFTQ26HF,1,Supplier,HYOSUNG CORPORATION,DECATUR,,,TQ26HF,Program Info,,Reason for Program,mleReasProg,,,second source of YK26VF for Utica transition
RFTQ26HF,1,Supplier,HYOSUNG CORPORATION,DECATUR,,,TQ26HF,Program Info,,Program Type,ddlProgramType,,,New Source
RFTQ26HF,1,Supplier,HYOSUNG CORPORATION,DECATUR,,,TQ26HF,Program Info,,Requested By,cbReqBy,,, 
RFTQ26HF,1,Supplier,HYOSUNG CORPORATION,DECATUR,,,TQ26HF,Program Info,,Assigned To,mleAssignedTo,,,Doug Till
RFTQ26HF,1,Supplier,HYOSUNG CORPORATION,DECATUR,,,TQ26HF,Program Info,,NA,cbRegionNA,,,1
RFTQ26HF,1,Supplier,HYOSUNG CORPORATION,DECATUR,,,TQ26HF,Program Info,,LA,cbRegionLA,,,1
RFTQ26HF,1,Supplier,HYOSUNG CORPORATION,DECATUR,,,TQ26HF,Program Info,,EMEA,cbRegionEMEA,,,1
RFTQ26HF,1,Supplier,HYOSUNG CORPORATION,DECATUR,,,TQ26HF,Program Info,,Cooper Americas,cbRegionCooperNA,,,0
RFTQ26HF,1,Supplier,HYOSUNG CORPORATION,DECATUR,,,TQ26HF,Program Info,,AP,cbRegionAP,,,1
RFTQ26HF,1,Supplier,HYOSUNG CORPORATION,DECATUR,,,TQ26HF,Program Info,,Cooper EMEA,cbRegionCooperEMEA,,,0
RFTQ26HF,1,Supplier,HYOSUNG CORPORATION,DECATUR,,,TQ26HF,Program Info,,Cooper AP,cbRegionCooperAP,,,0
RFTQ26HF,1,Supplier,HYOSUNG CORPORATION,DECATUR,,,TQ26HF,Program Info,,Akron,cbLabAkron,,,0
RFTQ26HF,1,Supplier,HYOSUNG CORPORATION,DECATUR,,,TQ26HF,Program Info,,Lux,cbLabLux,,,0
RFTQ26HF,1,Supplier,HYOSUNG CORPORATION,DECATUR,,,TQ26HF,Program Info,,Kunshan,cbLabKunshan,,,0
RFTQ26HF,1,Supplier,HYOSUNG CORPORATION,DECATUR,,,TQ26HF,Program Info,,EHS Approval Region (hidden),efEHSApprovalReg,,,
RFTQ26HF,1,Supplier,HYOSUNG CORPORATION,DECATUR,,,TQ26HF,Program Info,,SAP Status,ddlSAPStatusDesc,,,See base specification
RFTQ26HF,1,Supplier,HYOSUNG CORPORATION,DECATUR,,,TQ26HF,Program Info,,,ieSAPStatusCode,,,ZZ
RFFP,1,Supplier,JIAXING EASTERN,TENGZHOU EASTERN STEEL CORD CO. LTD,,,Y201FP,Program Info,,Reason for Program,mleReasProg,,,2016 Productivity
RFFP,1,Supplier,JIAXING EASTERN,TENGZHOU EASTERN STEEL CORD CO. LTD,,,Y201FP,Program Info,,Program Type,ddlProgramType,,,New Source
RFFP,1,Supplier,JIAXING EASTERN,TENGZHOU EASTERN STEEL CORD CO. LTD,,,Y201FP,Program Info,,Requested By,cbReqBy,,, 
RFFP,1,Supplier,JIAXING EASTERN,TENGZHOU EASTERN STEEL CORD CO. LTD,,,Y201FP,Program Info,,Assigned To,mleAssignedTo,,,Richard Porter
RFFP,1,Supplier,JIAXING EASTERN,TENGZHOU EASTERN STEEL CORD CO. LTD,,,Y201FP,Program Info,,NA,cbRegionNA,,,1
RFFP,1,Supplier,JIAXING EASTERN,TENGZHOU EASTERN STEEL CORD CO. LTD,,,Y201FP,Program Info,,LA,cbRegionLA,,,1
RFFP,1,Supplier,JIAXING EASTERN,TENGZHOU EASTERN STEEL CORD CO. LTD,,,Y201FP,Program Info,,EMEA,cbRegionEMEA,,,0
RFFP,1,Supplier,JIAXING EASTERN,TENGZHOU EASTERN STEEL CORD CO. LTD,,,Y201FP,Program Info,,Cooper Americas,cbRegionCooperNA,,,0
RFFP,1,Supplier,JIAXING EASTERN,TENGZHOU EASTERN STEEL CORD CO. LTD,,,Y201FP,Program Info,,AP,cbRegionAP,,,1
RFFP,1,Supplier,JIAXING EASTERN,TENGZHOU EASTERN STEEL CORD CO. LTD,,,Y201FP,Program Info,,Cooper EMEA,cbRegionCooperEMEA,,,0
RFFP,1,Supplier,JIAXING EASTERN,TENGZHOU EASTERN STEEL CORD CO. LTD,,,Y201FP,Program Info,,Cooper AP,cbRegionCooperAP,,,0
RFFP,1,Supplier,JIAXING EASTERN,TENGZHOU EASTERN STEEL CORD CO. LTD,,,Y201FP,Program Info,,Akron,cbLabAkron,,,0
RFFP,1,Supplier,JIAXING EASTERN,TENGZHOU EASTERN STEEL CORD CO. LTD,,,Y201FP,Program Info,,Lux,cbLabLux,,,0
RFFP,1,Supplier,JIAXING EASTERN,TENGZHOU EASTERN STEEL CORD CO. LTD,,,Y201FP,Program Info,,Kunshan,cbLabKunshan,,,0
RFFP,1,Supplier,JIAXING EASTERN,TENGZHOU EASTERN STEEL CORD CO. LTD,,,Y201FP,Program Info,,EHS Approval Region (hidden),efEHSApprovalReg,,,
RFFP,1,Supplier,JIAXING EASTERN,TENGZHOU EASTERN STEEL CORD CO. LTD,,,Y201FP,Program Info,,SAP Status,ddlSAPStatusDesc,,,See base specification
RFFP,1,Supplier,JIAXING EASTERN,TENGZHOU EASTERN STEEL CORD CO. LTD,,,Y201FP,Program Info,,,ieSAPStatusCode,,,ZZ
RFM14LP19JA,1,Supplier,DURAFIBER,QUERETARO,,,LP19JA,Program Info,,Reason for Program,mleReasProg,,,"As a part of the new Hyosung Fabric Contract, Hyosung Brazil Dip Unit is only obligated to stay open through 2015. However, now that Titan has their own calendar and will be purchasing dipped fabric from alternative suppliers, they will no longer be running their volume through the Hyosung dip unit. So Goodyear has agreed to help Hyosung shut down the Americana dip unit before the end of 2015¿they are targeting to close it down the end of 2014, but we are still discussing timing that Goodyear can commit to with them. We must approve alternative suppliers for fully dipped fabric to Americana plant as quickly as possible.  Program Value: Contractual Obligation; Security of Supply"
RFM14LP19JA,1,Supplier,DURAFIBER,QUERETARO,,,LP19JA,Program Info,,Program Type,ddlProgramType,,,New Source
RFM14LP19JA,1,Supplier,DURAFIBER,QUERETARO,,,LP19JA,Program Info,,Requested By,cbReqBy,,, 
RFM14LP19JA,1,Supplier,DURAFIBER,QUERETARO,,,LP19JA,Program Info,,Assigned To,mleAssignedTo,,,Taylor Niehaus
RFM14LP19JA,1,Supplier,DURAFIBER,QUERETARO,,,LP19JA,Program Info,,NA,cbRegionNA,,,1
RFM14LP19JA,1,Supplier,DURAFIBER,QUERETARO,,,LP19JA,Program Info,,LA,cbRegionLA,,,1
RFM14LP19JA,1,Supplier,DURAFIBER,QUERETARO,,,LP19JA,Program Info,,EMEA,cbRegionEMEA,,,1
RFM14LP19JA,1,Supplier,DURAFIBER,QUERETARO,,,LP19JA,Program Info,,Cooper Americas,cbRegionCooperNA,,,0
RFM14LP19JA,1,Supplier,DURAFIBER,QUERETARO,,,LP19JA,Program Info,,AP,cbRegionAP,,,1
RFM14LP19JA,1,Supplier,DURAFIBER,QUERETARO,,,LP19JA,Program Info,,Cooper EMEA,cbRegionCooperEMEA,,,0
RFM14LP19JA,1,Supplier,DURAFIBER,QUERETARO,,,LP19JA,Program Info,,Cooper AP,cbRegionCooperAP,,,0
RFM14LP19JA,1,Supplier,DURAFIBER,QUERETARO,,,LP19JA,Program Info,,Akron,cbLabAkron,,,0
RFM14LP19JA,1,Supplier,DURAFIBER,QUERETARO,,,LP19JA,Program Info,,Lux,cbLabLux,,,0
RFM14LP19JA,1,Supplier,DURAFIBER,QUERETARO,,,LP19JA,Program Info,,Kunshan,cbLabKunshan,,,0
RFM14LP19JA,1,Supplier,DURAFIBER,QUERETARO,,,LP19JA,Program Info,,EHS Approval Region (hidden),efEHSApprovalReg,,,
RFM14LP19JA,1,Supplier,DURAFIBER,QUERETARO,,,LP19JA,Program Info,,SAP Status,ddlSAPStatusDesc,,,See base specification
RFM14LP19JA,1,Supplier,DURAFIBER,QUERETARO,,,LP19JA,Program Info,,,ieSAPStatusCode,,,ZZ
RFZ01NG30GA,1,Supplier,HYOSUNG CORPORATION,LISA,,,G09NG30GA,Program Info,,Reason for Program,mleReasProg,,,"Introducing Kordsa Izmit Z01N (1400dtex) Yarn Source Change approval at Hyosung Lux for security of supply as PHP G09N yarn deliveries to EU (Hyosung Lux and Glanzstoff) are not secured in Q1 at minimum.  Z01N yarn from Kordsa Izmit is known yarn used in BN32 from Hyosung Lux RCCE, PL, SV, SLP  Move from PHP to Kordsa will creates a savings of 5.32 - 5.22 EUR/kg = 0,10 EUR/kg  Volume to Hanau = 250mt/year  Generating 25k USD/yr head wind mitigation"
RFZ01NG30GA,1,Supplier,HYOSUNG CORPORATION,LISA,,,G09NG30GA,Program Info,,Program Type,ddlProgramType,,,New Source
RFZ01NG30GA,1,Supplier,HYOSUNG CORPORATION,LISA,,,G09NG30GA,Program Info,,Requested By,cbReqBy,,, 
RFZ01NG30GA,1,Supplier,HYOSUNG CORPORATION,LISA,,,G09NG30GA,Program Info,,Assigned To,mleAssignedTo,,,Thiago Martins Amaral
RFZ01NG30GA,1,Supplier,HYOSUNG CORPORATION,LISA,,,G09NG30GA,Program Info,,NA,cbRegionNA,,,1
RFZ01NG30GA,1,Supplier,HYOSUNG CORPORATION,LISA,,,G09NG30GA,Program Info,,LA,cbRegionLA,,,1
RFZ01NG30GA,1,Supplier,HYOSUNG CORPORATION,LISA,,,G09NG30GA,Program Info,,EMEA,cbRegionEMEA,,,1
RFZ01NG30GA,1,Supplier,HYOSUNG CORPORATION,LISA,,,G09NG30GA,Program Info,,Cooper Americas,cbRegionCooperNA,,,0
RFZ01NG30GA,1,Supplier,HYOSUNG CORPORATION,LISA,,,G09NG30GA,Program Info,,AP,cbRegionAP,,,1
RFZ01NG30GA,1,Supplier,HYOSUNG CORPORATION,LISA,,,G09NG30GA,Program Info,,Cooper EMEA,cbRegionCooperEMEA,,,0
RFZ01NG30GA,1,Supplier,HYOSUNG CORPORATION,LISA,,,G09NG30GA,Program Info,,Cooper AP,cbRegionCooperAP,,,0
RFZ01NG30GA,1,Supplier,HYOSUNG CORPORATION,LISA,,,G09NG30GA,Program Info,,Akron,cbLabAkron,,,0
RFZ01NG30GA,1,Supplier,HYOSUNG CORPORATION,LISA,,,G09NG30GA,Program Info,,Lux,cbLabLux,,,0
RFZ01NG30GA,1,Supplier,HYOSUNG CORPORATION,LISA,,,G09NG30GA,Program Info,,Kunshan,cbLabKunshan,,,0
RFZ01NG30GA,1,Supplier,HYOSUNG CORPORATION,LISA,,,G09NG30GA,Program Info,,EHS Approval Region (hidden),efEHSApprovalReg,,,
RFZ01NG30GA,1,Supplier,HYOSUNG CORPORATION,LISA,,,G09NG30GA,Program Info,,SAP Status,ddlSAPStatusDesc,,,See base specification
RFZ01NG30GA,1,Supplier,HYOSUNG CORPORATION,LISA,,,G09NG30GA,Program Info,,,ieSAPStatusCode,,,ZZ
RFFA01WY,1,Supplier,KISWIRE,SZENTGOTTHARD,,,FA01WY,Program Info,,Reason for Program,mleReasProg,,,"add WY capacity from our supply base as goodyear demand and growth exceeds installed capacity.  adding Kiswire to our pool of approved supplier will help secure supply.  Additionnally, intent is to allocate min 50% of the lane and estimated productivity is 240k$ for approx 920mt."
RFFA01WY,1,Supplier,KISWIRE,SZENTGOTTHARD,,,FA01WY,Program Info,,Program Type,ddlProgramType,,,New Source
RFFA01WY,1,Supplier,KISWIRE,SZENTGOTTHARD,,,FA01WY,Program Info,,Requested By,cbReqBy,,, 
RFFA01WY,1,Supplier,KISWIRE,SZENTGOTTHARD,,,FA01WY,Program Info,,Assigned To,mleAssignedTo,,,Julie Vanderhaeghen
RFFA01WY,1,Supplier,KISWIRE,SZENTGOTTHARD,,,FA01WY,Program Info,,NA,cbRegionNA,,,1
RFFA01WY,1,Supplier,KISWIRE,SZENTGOTTHARD,,,FA01WY,Program Info,,LA,cbRegionLA,,,1
RFFA01WY,1,Supplier,KISWIRE,SZENTGOTTHARD,,,FA01WY,Program Info,,EMEA,cbRegionEMEA,,,1
RFFA01WY,1,Supplier,KISWIRE,SZENTGOTTHARD,,,FA01WY,Program Info,,Cooper Americas,cbRegionCooperNA,,,0
RFFA01WY,1,Supplier,KISWIRE,SZENTGOTTHARD,,,FA01WY,Program Info,,AP,cbRegionAP,,,1
RFFA01WY,1,Supplier,KISWIRE,SZENTGOTTHARD,,,FA01WY,Program Info,,Cooper EMEA,cbRegionCooperEMEA,,,0
RFFA01WY,1,Supplier,KISWIRE,SZENTGOTTHARD,,,FA01WY,Program Info,,Cooper AP,cbRegionCooperAP,,,0
RFFA01WY,1,Supplier,KISWIRE,SZENTGOTTHARD,,,FA01WY,Program Info,,Akron,cbLabAkron,,,0
RFFA01WY,1,Supplier,KISWIRE,SZENTGOTTHARD,,,FA01WY,Program Info,,Lux,cbLabLux,,,0
RFFA01WY,1,Supplier,KISWIRE,SZENTGOTTHARD,,,FA01WY,Program Info,,Kunshan,cbLabKunshan,,,0
RFFA01WY,1,Supplier,KISWIRE,SZENTGOTTHARD,,,FA01WY,Program Info,,EHS Approval Region (hidden),efEHSApprovalReg,,,
RFFA01WY,1,Supplier,KISWIRE,SZENTGOTTHARD,,,FA01WY,Program Info,,SAP Status,ddlSAPStatusDesc,,,See base specification
RFFA01WY,1,Supplier,KISWIRE,SZENTGOTTHARD,,,FA01WY,Program Info,,,ieSAPStatusCode,,,ZZ
RFFC01FR,1,Supplier,KISWIRE,MALAYSIA,,,FC01FR,Program Info,,Reason for Program,mleReasProg,,,"Procurement would like to introduce KISWIRE Malaysia for FR at Goodyear Danville with 30% allocation for 2021. Nowadays, KIswire is already sourcing 30% of FR to GY Danville but the FR (F510FR) is manufactured at KISWIRE plant in Korea (ALB - Kiswire - CHang Won Korea)."
RFFC01FR,1,Supplier,KISWIRE,MALAYSIA,,,FC01FR,Program Info,,Program Type,ddlProgramType,,,New Source
RFFC01FR,1,Supplier,KISWIRE,MALAYSIA,,,FC01FR,Program Info,,Requested By,cbReqBy,,, 
RFFC01FR,1,Supplier,KISWIRE,MALAYSIA,,,FC01FR,Program Info,,Assigned To,mleAssignedTo,,,Matthew Hecht
RFFC01FR,1,Supplier,KISWIRE,MALAYSIA,,,FC01FR,Program Info,,NA,cbRegionNA,,,1
RFFC01FR,1,Supplier,KISWIRE,MALAYSIA,,,FC01FR,Program Info,,LA,cbRegionLA,,,1
RFFC01FR,1,Supplier,KISWIRE,MALAYSIA,,,FC01FR,Program Info,,EMEA,cbRegionEMEA,,,1
RFFC01FR,1,Supplier,KISWIRE,MALAYSIA,,,FC01FR,Program Info,,Cooper Americas,cbRegionCooperNA,,,0
RFFC01FR,1,Supplier,KISWIRE,MALAYSIA,,,FC01FR,Program Info,,AP,cbRegionAP,,,1
RFFC01FR,1,Supplier,KISWIRE,MALAYSIA,,,FC01FR,Program Info,,Cooper EMEA,cbRegionCooperEMEA,,,0
RFFC01FR,1,Supplier,KISWIRE,MALAYSIA,,,FC01FR,Program Info,,Cooper AP,cbRegionCooperAP,,,0
RFFC01FR,1,Supplier,KISWIRE,MALAYSIA,,,FC01FR,Program Info,,Akron,cbLabAkron,,,0
RFFC01FR,1,Supplier,KISWIRE,MALAYSIA,,,FC01FR,Program Info,,Lux,cbLabLux,,,0
RFFC01FR,1,Supplier,KISWIRE,MALAYSIA,,,FC01FR,Program Info,,Kunshan,cbLabKunshan,,,0
RFFC01FR,1,Supplier,KISWIRE,MALAYSIA,,,FC01FR,Program Info,,EHS Approval Region (hidden),efEHSApprovalReg,,,
RFFC01FR,1,Supplier,KISWIRE,MALAYSIA,,,FC01FR,Program Info,,SAP Status,ddlSAPStatusDesc,,,See base specification
RFFC01FR,1,Supplier,KISWIRE,MALAYSIA,,,FC01FR,Program Info,,,ieSAPStatusCode,,,ZZ
RFTEST1,1,Supplier,GOODYEAR TIRE AND RUBBER,AKRON,,,UNSPECIFIED,Program Info,,Reason for Program,mleReasProg,,,
RFTEST1,1,Supplier,GOODYEAR TIRE AND RUBBER,AKRON,,,UNSPECIFIED,Program Info,,Program Type,ddlProgramType,,,
RFTEST1,1,Supplier,GOODYEAR TIRE AND RUBBER,AKRON,,,UNSPECIFIED,Program Info,,Requested By,cbReqBy,,,
RFTEST1,1,Supplier,GOODYEAR TIRE AND RUBBER,AKRON,,,UNSPECIFIED,Program Info,,Assigned To,mleAssignedTo,,,
RFTEST1,1,Supplier,GOODYEAR TIRE AND RUBBER,AKRON,,,UNSPECIFIED,Program Info,,NA,cbRegionNA,,,0
RFTEST1,1,Supplier,GOODYEAR TIRE AND RUBBER,AKRON,,,UNSPECIFIED,Program Info,,LA,cbRegionLA,,,0
RFTEST1,1,Supplier,GOODYEAR TIRE AND RUBBER,AKRON,,,UNSPECIFIED,Program Info,,EMEA,cbRegionEMEA,,,0
RFTEST1,1,Supplier,GOODYEAR TIRE AND RUBBER,AKRON,,,UNSPECIFIED,Program Info,,Cooper Americas,cbRegionCooperNA,,,0
RFTEST1,1,Supplier,GOODYEAR TIRE AND RUBBER,AKRON,,,UNSPECIFIED,Program Info,,AP,cbRegionAP,,,0
RFTEST1,1,Supplier,GOODYEAR TIRE AND RUBBER,AKRON,,,UNSPECIFIED,Program Info,,Cooper EMEA,cbRegionCooperEMEA,,,0
RFTEST1,1,Supplier,GOODYEAR TIRE AND RUBBER,AKRON,,,UNSPECIFIED,Program Info,,Cooper AP,cbRegionCooperAP,,,0
RFTEST1,1,Supplier,GOODYEAR TIRE AND RUBBER,AKRON,,,UNSPECIFIED,Program Info,,Akron,cbLabAkron,,,0
RFTEST1,1,Supplier,GOODYEAR TIRE AND RUBBER,AKRON,,,UNSPECIFIED,Program Info,,Lux,cbLabLux,,,0
RFTEST1,1,Supplier,GOODYEAR TIRE AND RUBBER,AKRON,,,UNSPECIFIED,Program Info,,Kunshan,cbLabKunshan,,,0
RFTEST1,1,Supplier,GOODYEAR TIRE AND RUBBER,AKRON,,,UNSPECIFIED,Program Info,,EHS Approval Region (hidden),efEHSApprovalReg,,,
RFTEST1,1,Supplier,GOODYEAR TIRE AND RUBBER,AKRON,,,UNSPECIFIED,Program Info,,SAP Status,ddlSAPStatusDesc,,,See base specification
RFTEST1,1,Supplier,GOODYEAR TIRE AND RUBBER,AKRON,,,UNSPECIFIED,Program Info,,,ieSAPStatusCode,,,ZZ
RFJOAX_FDC,7,Supplier,PPG INDUSTRIES,TOLL-ORIENTAL SILICA,,,UNSPECIFIED,Program Info,,Reason for Program,mleReasProg,,,
RFJOAX_FDC,7,Supplier,PPG INDUSTRIES,TOLL-ORIENTAL SILICA,,,UNSPECIFIED,Program Info,,Program Type,ddlProgramType,,,
RFJOAX_FDC,7,Supplier,PPG INDUSTRIES,TOLL-ORIENTAL SILICA,,,UNSPECIFIED,Program Info,,Requested By,cbReqBy,,,
RFJOAX_FDC,7,Supplier,PPG INDUSTRIES,TOLL-ORIENTAL SILICA,,,UNSPECIFIED,Program Info,,Assigned To,mleAssignedTo,,,
RFJOAX_FDC,7,Supplier,PPG INDUSTRIES,TOLL-ORIENTAL SILICA,,,UNSPECIFIED,Program Info,,NA,cbRegionNA,,,0
RFJOAX_FDC,7,Supplier,PPG INDUSTRIES,TOLL-ORIENTAL SILICA,,,UNSPECIFIED,Program Info,,LA,cbRegionLA,,,0
RFJOAX_FDC,7,Supplier,PPG INDUSTRIES,TOLL-ORIENTAL SILICA,,,UNSPECIFIED,Program Info,,EMEA,cbRegionEMEA,,,0
RFJOAX_FDC,7,Supplier,PPG INDUSTRIES,TOLL-ORIENTAL SILICA,,,UNSPECIFIED,Program Info,,Cooper Americas,cbRegionCooperNA,,,0
RFJOAX_FDC,7,Supplier,PPG INDUSTRIES,TOLL-ORIENTAL SILICA,,,UNSPECIFIED,Program Info,,AP,cbRegionAP,,,0
RFJOAX_FDC,7,Supplier,PPG INDUSTRIES,TOLL-ORIENTAL SILICA,,,UNSPECIFIED,Program Info,,Cooper EMEA,cbRegionCooperEMEA,,,0
RFJOAX_FDC,7,Supplier,PPG INDUSTRIES,TOLL-ORIENTAL SILICA,,,UNSPECIFIED,Program Info,,Cooper AP,cbRegionCooperAP,,,0
RFJOAX_FDC,7,Supplier,PPG INDUSTRIES,TOLL-ORIENTAL SILICA,,,UNSPECIFIED,Program Info,,Akron,cbLabAkron,,,0
RFJOAX_FDC,7,Supplier,PPG INDUSTRIES,TOLL-ORIENTAL SILICA,,,UNSPECIFIED,Program Info,,Lux,cbLabLux,,,0
RFJOAX_FDC,7,Supplier,PPG INDUSTRIES,TOLL-ORIENTAL SILICA,,,UNSPECIFIED,Program Info,,Kunshan,cbLabKunshan,,,0
RFJOAX_FDC,7,Supplier,PPG INDUSTRIES,TOLL-ORIENTAL SILICA,,,UNSPECIFIED,Program Info,,EHS Approval Region (hidden),efEHSApprovalReg,,,
RFJOAX_FDC,7,Supplier,PPG INDUSTRIES,TOLL-ORIENTAL SILICA,,,UNSPECIFIED,Program Info,,SAP Status,ddlSAPStatusDesc,,,See base specification
RFJOAX_FDC,7,Supplier,PPG INDUSTRIES,TOLL-ORIENTAL SILICA,,,UNSPECIFIED,Program Info,,,ieSAPStatusCode,,,ZZ
RFJOAX_FDC,7,Supplier,INDUSTRIA QUIMICA ELECTRO CLORO,BRAZIL,IND QUIMICAS BORDA CAMPO,UNSPECIFIED,FLAKED CAUSTIC SODA,Program Info,,Reason for Program,mleReasProg,,,
RFJOAX_FDC,7,Supplier,INDUSTRIA QUIMICA ELECTRO CLORO,BRAZIL,IND QUIMICAS BORDA CAMPO,UNSPECIFIED,FLAKED CAUSTIC SODA,Program Info,,Program Type,ddlProgramType,,,
RFJOAX_FDC,7,Supplier,INDUSTRIA QUIMICA ELECTRO CLORO,BRAZIL,IND QUIMICAS BORDA CAMPO,UNSPECIFIED,FLAKED CAUSTIC SODA,Program Info,,Requested By,cbReqBy,,,
RFJOAX_FDC,7,Supplier,INDUSTRIA QUIMICA ELECTRO CLORO,BRAZIL,IND QUIMICAS BORDA CAMPO,UNSPECIFIED,FLAKED CAUSTIC SODA,Program Info,,Assigned To,mleAssignedTo,,,
RFJOAX_FDC,7,Supplier,INDUSTRIA QUIMICA ELECTRO CLORO,BRAZIL,IND QUIMICAS BORDA CAMPO,UNSPECIFIED,FLAKED CAUSTIC SODA,Program Info,,NA,cbRegionNA,,,0
RFJOAX_FDC,7,Supplier,INDUSTRIA QUIMICA ELECTRO CLORO,BRAZIL,IND QUIMICAS BORDA CAMPO,UNSPECIFIED,FLAKED CAUSTIC SODA,Program Info,,LA,cbRegionLA,,,0
RFJOAX_FDC,7,Supplier,INDUSTRIA QUIMICA ELECTRO CLORO,BRAZIL,IND QUIMICAS BORDA CAMPO,UNSPECIFIED,FLAKED CAUSTIC SODA,Program Info,,EMEA,cbRegionEMEA,,,0
RFJOAX_FDC,7,Supplier,INDUSTRIA QUIMICA ELECTRO CLORO,BRAZIL,IND QUIMICAS BORDA CAMPO,UNSPECIFIED,FLAKED CAUSTIC SODA,Program Info,,Cooper Americas,cbRegionCooperNA,,,0
RFJOAX_FDC,7,Supplier,INDUSTRIA QUIMICA ELECTRO CLORO,BRAZIL,IND QUIMICAS BORDA CAMPO,UNSPECIFIED,FLAKED CAUSTIC SODA,Program Info,,AP,cbRegionAP,,,0
RFJOAX_FDC,7,Supplier,INDUSTRIA QUIMICA ELECTRO CLORO,BRAZIL,IND QUIMICAS BORDA CAMPO,UNSPECIFIED,FLAKED CAUSTIC SODA,Program Info,,Cooper EMEA,cbRegionCooperEMEA,,,0
RFJOAX_FDC,7,Supplier,INDUSTRIA QUIMICA ELECTRO CLORO,BRAZIL,IND QUIMICAS BORDA CAMPO,UNSPECIFIED,FLAKED CAUSTIC SODA,Program Info,,Cooper AP,cbRegionCooperAP,,,0
RFJOAX_FDC,7,Supplier,INDUSTRIA QUIMICA ELECTRO CLORO,BRAZIL,IND QUIMICAS BORDA CAMPO,UNSPECIFIED,FLAKED CAUSTIC SODA,Program Info,,Akron,cbLabAkron,,,0
RFJOAX_FDC,7,Supplier,INDUSTRIA QUIMICA ELECTRO CLORO,BRAZIL,IND QUIMICAS BORDA CAMPO,UNSPECIFIED,FLAKED CAUSTIC SODA,Program Info,,Lux,cbLabLux,,,0
RFJOAX_FDC,7,Supplier,INDUSTRIA QUIMICA ELECTRO CLORO,BRAZIL,IND QUIMICAS BORDA CAMPO,UNSPECIFIED,FLAKED CAUSTIC SODA,Program Info,,Kunshan,cbLabKunshan,,,0
RFJOAX_FDC,7,Supplier,INDUSTRIA QUIMICA ELECTRO CLORO,BRAZIL,IND QUIMICAS BORDA CAMPO,UNSPECIFIED,FLAKED CAUSTIC SODA,Program Info,,EHS Approval Region (hidden),efEHSApprovalReg,,,
RFJOAX_FDC,7,Supplier,INDUSTRIA QUIMICA ELECTRO CLORO,BRAZIL,IND QUIMICAS BORDA CAMPO,UNSPECIFIED,FLAKED CAUSTIC SODA,Program Info,,SAP Status,ddlSAPStatusDesc,,,See base specification
RFJOAX_FDC,7,Supplier,INDUSTRIA QUIMICA ELECTRO CLORO,BRAZIL,IND QUIMICAS BORDA CAMPO,UNSPECIFIED,FLAKED CAUSTIC SODA,Program Info,,,ieSAPStatusCode,,,ZZ
RFJOAX_FDC,7,Supplier,INDUSTRIA QUIMICA ELECTRO CLORO,BRAZIL,COSMOQUIMICA,UNSPECIFIED,FLAKED CAUSTIC SODA,Program Info,,Reason for Program,mleReasProg,,,
RFJOAX_FDC,7,Supplier,INDUSTRIA QUIMICA ELECTRO CLORO,BRAZIL,COSMOQUIMICA,UNSPECIFIED,FLAKED CAUSTIC SODA,Program Info,,Program Type,ddlProgramType,,,
RFJOAX_FDC,7,Supplier,INDUSTRIA QUIMICA ELECTRO CLORO,BRAZIL,COSMOQUIMICA,UNSPECIFIED,FLAKED CAUSTIC SODA,Program Info,,Requested By,cbReqBy,,,
RFJOAX_FDC,7,Supplier,INDUSTRIA QUIMICA ELECTRO CLORO,BRAZIL,COSMOQUIMICA,UNSPECIFIED,FLAKED CAUSTIC SODA,Program Info,,Assigned To,mleAssignedTo,,,
RFJOAX_FDC,7,Supplier,INDUSTRIA QUIMICA ELECTRO CLORO,BRAZIL,COSMOQUIMICA,UNSPECIFIED,FLAKED CAUSTIC SODA,Program Info,,NA,cbRegionNA,,,0
RFJOAX_FDC,7,Supplier,INDUSTRIA QUIMICA ELECTRO CLORO,BRAZIL,COSMOQUIMICA,UNSPECIFIED,FLAKED CAUSTIC SODA,Program Info,,LA,cbRegionLA,,,0
RFJOAX_FDC,7,Supplier,INDUSTRIA QUIMICA ELECTRO CLORO,BRAZIL,COSMOQUIMICA,UNSPECIFIED,FLAKED CAUSTIC SODA,Program Info,,EMEA,cbRegionEMEA,,,0
RFJOAX_FDC,7,Supplier,INDUSTRIA QUIMICA ELECTRO CLORO,BRAZIL,COSMOQUIMICA,UNSPECIFIED,FLAKED CAUSTIC SODA,Program Info,,Cooper Americas,cbRegionCooperNA,,,0
RFJOAX_FDC,7,Supplier,INDUSTRIA QUIMICA ELECTRO CLORO,BRAZIL,COSMOQUIMICA,UNSPECIFIED,FLAKED CAUSTIC SODA,Program Info,,AP,cbRegionAP,,,0
RFJOAX_FDC,7,Supplier,INDUSTRIA QUIMICA ELECTRO CLORO,BRAZIL,COSMOQUIMICA,UNSPECIFIED,FLAKED CAUSTIC SODA,Program Info,,Cooper EMEA,cbRegionCooperEMEA,,,0
RFJOAX_FDC,7,Supplier,INDUSTRIA QUIMICA ELECTRO CLORO,BRAZIL,COSMOQUIMICA,UNSPECIFIED,FLAKED CAUSTIC SODA,Program Info,,Cooper AP,cbRegionCooperAP,,,0
RFJOAX_FDC,7,Supplier,INDUSTRIA QUIMICA ELECTRO CLORO,BRAZIL,COSMOQUIMICA,UNSPECIFIED,FLAKED CAUSTIC SODA,Program Info,,Akron,cbLabAkron,,,0
RFJOAX_FDC,7,Supplier,INDUSTRIA QUIMICA ELECTRO CLORO,BRAZIL,COSMOQUIMICA,UNSPECIFIED,FLAKED CAUSTIC SODA,Program Info,,Lux,cbLabLux,,,0
RFJOAX_FDC,7,Supplier,INDUSTRIA QUIMICA ELECTRO CLORO,BRAZIL,COSMOQUIMICA,UNSPECIFIED,FLAKED CAUSTIC SODA,Program Info,,Kunshan,cbLabKunshan,,,0
RFJOAX_FDC,7,Supplier,INDUSTRIA QUIMICA ELECTRO CLORO,BRAZIL,COSMOQUIMICA,UNSPECIFIED,FLAKED CAUSTIC SODA,Program Info,,EHS Approval Region (hidden),efEHSApprovalReg,,,
RFJOAX_FDC,7,Supplier,INDUSTRIA QUIMICA ELECTRO CLORO,BRAZIL,COSMOQUIMICA,UNSPECIFIED,FLAKED CAUSTIC SODA,Program Info,,SAP Status,ddlSAPStatusDesc,,,See base specification
RFJOAX_FDC,7,Supplier,INDUSTRIA QUIMICA ELECTRO CLORO,BRAZIL,COSMOQUIMICA,UNSPECIFIED,FLAKED CAUSTIC SODA,Program Info,,,ieSAPStatusCode,,,ZZ
RFJOAX_FDC,7,Supplier,INDUSTRIA QUIMICA ELECTRO CLORO,BRAZIL,HERZOG,UNSPECIFIED,FLAKED CAUSTIC SODA,Program Info,,Reason for Program,mleReasProg,,,
RFJOAX_FDC,7,Supplier,INDUSTRIA QUIMICA ELECTRO CLORO,BRAZIL,HERZOG,UNSPECIFIED,FLAKED CAUSTIC SODA,Program Info,,Program Type,ddlProgramType,,,
RFJOAX_FDC,7,Supplier,INDUSTRIA QUIMICA ELECTRO CLORO,BRAZIL,HERZOG,UNSPECIFIED,FLAKED CAUSTIC SODA,Program Info,,Requested By,cbReqBy,,,
RFJOAX_FDC,7,Supplier,INDUSTRIA QUIMICA ELECTRO CLORO,BRAZIL,HERZOG,UNSPECIFIED,FLAKED CAUSTIC SODA,Program Info,,Assigned To,mleAssignedTo,,,
RFJOAX_FDC,7,Supplier,INDUSTRIA QUIMICA ELECTRO CLORO,BRAZIL,HERZOG,UNSPECIFIED,FLAKED CAUSTIC SODA,Program Info,,NA,cbRegionNA,,,0
RFJOAX_FDC,7,Supplier,INDUSTRIA QUIMICA ELECTRO CLORO,BRAZIL,HERZOG,UNSPECIFIED,FLAKED CAUSTIC SODA,Program Info,,LA,cbRegionLA,,,0
RFJOAX_FDC,7,Supplier,INDUSTRIA QUIMICA ELECTRO CLORO,BRAZIL,HERZOG,UNSPECIFIED,FLAKED CAUSTIC SODA,Program Info,,EMEA,cbRegionEMEA,,,0
RFJOAX_FDC,7,Supplier,INDUSTRIA QUIMICA ELECTRO CLORO,BRAZIL,HERZOG,UNSPECIFIED,FLAKED CAUSTIC SODA,Program Info,,Cooper Americas,cbRegionCooperNA,,,0
RFJOAX_FDC,7,Supplier,INDUSTRIA QUIMICA ELECTRO CLORO,BRAZIL,HERZOG,UNSPECIFIED,FLAKED CAUSTIC SODA,Program Info,,AP,cbRegionAP,,,0
RFJOAX_FDC,7,Supplier,INDUSTRIA QUIMICA ELECTRO CLORO,BRAZIL,HERZOG,UNSPECIFIED,FLAKED CAUSTIC SODA,Program Info,,Cooper EMEA,cbRegionCooperEMEA,,,0
RFJOAX_FDC,7,Supplier,INDUSTRIA QUIMICA ELECTRO CLORO,BRAZIL,HERZOG,UNSPECIFIED,FLAKED CAUSTIC SODA,Program Info,,Cooper AP,cbRegionCooperAP,,,0
RFJOAX_FDC,7,Supplier,INDUSTRIA QUIMICA ELECTRO CLORO,BRAZIL,HERZOG,UNSPECIFIED,FLAKED CAUSTIC SODA,Program Info,,Akron,cbLabAkron,,,0
RFJOAX_FDC,7,Supplier,INDUSTRIA QUIMICA ELECTRO CLORO,BRAZIL,HERZOG,UNSPECIFIED,FLAKED CAUSTIC SODA,Program Info,,Lux,cbLabLux,,,0
RFJOAX_FDC,7,Supplier,INDUSTRIA QUIMICA ELECTRO CLORO,BRAZIL,HERZOG,UNSPECIFIED,FLAKED CAUSTIC SODA,Program Info,,Kunshan,cbLabKunshan,,,0
RFJOAX_FDC,7,Supplier,INDUSTRIA QUIMICA ELECTRO CLORO,BRAZIL,HERZOG,UNSPECIFIED,FLAKED CAUSTIC SODA,Program Info,,EHS Approval Region (hidden),efEHSApprovalReg,,,
RFJOAX_FDC,7,Supplier,INDUSTRIA QUIMICA ELECTRO CLORO,BRAZIL,HERZOG,UNSPECIFIED,FLAKED CAUSTIC SODA,Program Info,,SAP Status,ddlSAPStatusDesc,,,See base specification
RFJOAX_FDC,7,Supplier,INDUSTRIA QUIMICA ELECTRO CLORO,BRAZIL,HERZOG,UNSPECIFIED,FLAKED CAUSTIC SODA,Program Info,,,ieSAPStatusCode,,,ZZ
RFJOAX_FDC,7,Supplier,DIAMOND SHAMROCK CHEMICAL,UNSPECIFIED,,,UNSPECIFIED,Program Info,,Reason for Program,mleReasProg,,,
RFJOAX_FDC,7,Supplier,DIAMOND SHAMROCK CHEMICAL,UNSPECIFIED,,,UNSPECIFIED,Program Info,,Program Type,ddlProgramType,,,
RFJOAX_FDC,7,Supplier,DIAMOND SHAMROCK CHEMICAL,UNSPECIFIED,,,UNSPECIFIED,Program Info,,Requested By,cbReqBy,,,
RFJOAX_FDC,7,Supplier,DIAMOND SHAMROCK CHEMICAL,UNSPECIFIED,,,UNSPECIFIED,Program Info,,Assigned To,mleAssignedTo,,,
RFJOAX_FDC,7,Supplier,DIAMOND SHAMROCK CHEMICAL,UNSPECIFIED,,,UNSPECIFIED,Program Info,,NA,cbRegionNA,,,0
RFJOAX_FDC,7,Supplier,DIAMOND SHAMROCK CHEMICAL,UNSPECIFIED,,,UNSPECIFIED,Program Info,,LA,cbRegionLA,,,0
RFJOAX_FDC,7,Supplier,DIAMOND SHAMROCK CHEMICAL,UNSPECIFIED,,,UNSPECIFIED,Program Info,,EMEA,cbRegionEMEA,,,0
RFJOAX_FDC,7,Supplier,DIAMOND SHAMROCK CHEMICAL,UNSPECIFIED,,,UNSPECIFIED,Program Info,,Cooper Americas,cbRegionCooperNA,,,0
RFJOAX_FDC,7,Supplier,DIAMOND SHAMROCK CHEMICAL,UNSPECIFIED,,,UNSPECIFIED,Program Info,,AP,cbRegionAP,,,0
RFJOAX_FDC,7,Supplier,DIAMOND SHAMROCK CHEMICAL,UNSPECIFIED,,,UNSPECIFIED,Program Info,,Cooper EMEA,cbRegionCooperEMEA,,,0
RFJOAX_FDC,7,Supplier,DIAMOND SHAMROCK CHEMICAL,UNSPECIFIED,,,UNSPECIFIED,Program Info,,Cooper AP,cbRegionCooperAP,,,0
RFJOAX_FDC,7,Supplier,DIAMOND SHAMROCK CHEMICAL,UNSPECIFIED,,,UNSPECIFIED,Program Info,,Akron,cbLabAkron,,,0
RFJOAX_FDC,7,Supplier,DIAMOND SHAMROCK CHEMICAL,UNSPECIFIED,,,UNSPECIFIED,Program Info,,Lux,cbLabLux,,,0
RFJOAX_FDC,7,Supplier,DIAMOND SHAMROCK CHEMICAL,UNSPECIFIED,,,UNSPECIFIED,Program Info,,Kunshan,cbLabKunshan,,,0
RFJOAX_FDC,7,Supplier,DIAMOND SHAMROCK CHEMICAL,UNSPECIFIED,,,UNSPECIFIED,Program Info,,EHS Approval Region (hidden),efEHSApprovalReg,,,
RFJOAX_FDC,7,Supplier,DIAMOND SHAMROCK CHEMICAL,UNSPECIFIED,,,UNSPECIFIED,Program Info,,SAP Status,ddlSAPStatusDesc,,,See base specification
RFJOAX_FDC,7,Supplier,DIAMOND SHAMROCK CHEMICAL,UNSPECIFIED,,,UNSPECIFIED,Program Info,,,ieSAPStatusCode,,,ZZ
RFJOAX_FDC,7,Supplier,AFRICAN EXPLOSIVES AND CHEMICAL,SOUTH AFRICA,SCHAUDER AND SONS,UNSPECIFIED,CAUSTIC SODA FLAKES,Program Info,,Reason for Program,mleReasProg,,,
RFJOAX_FDC,7,Supplier,AFRICAN EXPLOSIVES AND CHEMICAL,SOUTH AFRICA,SCHAUDER AND SONS,UNSPECIFIED,CAUSTIC SODA FLAKES,Program Info,,Program Type,ddlProgramType,,,
RFJOAX_FDC,7,Supplier,AFRICAN EXPLOSIVES AND CHEMICAL,SOUTH AFRICA,SCHAUDER AND SONS,UNSPECIFIED,CAUSTIC SODA FLAKES,Program Info,,Requested By,cbReqBy,,,
RFJOAX_FDC,7,Supplier,AFRICAN EXPLOSIVES AND CHEMICAL,SOUTH AFRICA,SCHAUDER AND SONS,UNSPECIFIED,CAUSTIC SODA FLAKES,Program Info,,Assigned To,mleAssignedTo,,,
RFJOAX_FDC,7,Supplier,AFRICAN EXPLOSIVES AND CHEMICAL,SOUTH AFRICA,SCHAUDER AND SONS,UNSPECIFIED,CAUSTIC SODA FLAKES,Program Info,,NA,cbRegionNA,,,0
RFJOAX_FDC,7,Supplier,AFRICAN EXPLOSIVES AND CHEMICAL,SOUTH AFRICA,SCHAUDER AND SONS,UNSPECIFIED,CAUSTIC SODA FLAKES,Program Info,,LA,cbRegionLA,,,0
RFJOAX_FDC,7,Supplier,AFRICAN EXPLOSIVES AND CHEMICAL,SOUTH AFRICA,SCHAUDER AND SONS,UNSPECIFIED,CAUSTIC SODA FLAKES,Program Info,,EMEA,cbRegionEMEA,,,0
RFJOAX_FDC,7,Supplier,AFRICAN EXPLOSIVES AND CHEMICAL,SOUTH AFRICA,SCHAUDER AND SONS,UNSPECIFIED,CAUSTIC SODA FLAKES,Program Info,,Cooper Americas,cbRegionCooperNA,,,0
RFJOAX_FDC,7,Supplier,AFRICAN EXPLOSIVES AND CHEMICAL,SOUTH AFRICA,SCHAUDER AND SONS,UNSPECIFIED,CAUSTIC SODA FLAKES,Program Info,,AP,cbRegionAP,,,0
RFJOAX_FDC,7,Supplier,AFRICAN EXPLOSIVES AND CHEMICAL,SOUTH AFRICA,SCHAUDER AND SONS,UNSPECIFIED,CAUSTIC SODA FLAKES,Program Info,,Cooper EMEA,cbRegionCooperEMEA,,,0
RFJOAX_FDC,7,Supplier,AFRICAN EXPLOSIVES AND CHEMICAL,SOUTH AFRICA,SCHAUDER AND SONS,UNSPECIFIED,CAUSTIC SODA FLAKES,Program Info,,Cooper AP,cbRegionCooperAP,,,0
RFJOAX_FDC,7,Supplier,AFRICAN EXPLOSIVES AND CHEMICAL,SOUTH AFRICA,SCHAUDER AND SONS,UNSPECIFIED,CAUSTIC SODA FLAKES,Program Info,,Akron,cbLabAkron,,,0
RFJOAX_FDC,7,Supplier,AFRICAN EXPLOSIVES AND CHEMICAL,SOUTH AFRICA,SCHAUDER AND SONS,UNSPECIFIED,CAUSTIC SODA FLAKES,Program Info,,Lux,cbLabLux,,,0
RFJOAX_FDC,7,Supplier,AFRICAN EXPLOSIVES AND CHEMICAL,SOUTH AFRICA,SCHAUDER AND SONS,UNSPECIFIED,CAUSTIC SODA FLAKES,Program Info,,Kunshan,cbLabKunshan,,,0
RFJOAX_FDC,7,Supplier,AFRICAN EXPLOSIVES AND CHEMICAL,SOUTH AFRICA,SCHAUDER AND SONS,UNSPECIFIED,CAUSTIC SODA FLAKES,Program Info,,EHS Approval Region (hidden),efEHSApprovalReg,,,
RFJOAX_FDC,7,Supplier,AFRICAN EXPLOSIVES AND CHEMICAL,SOUTH AFRICA,SCHAUDER AND SONS,UNSPECIFIED,CAUSTIC SODA FLAKES,Program Info,,SAP Status,ddlSAPStatusDesc,,,See base specification
RFJOAX_FDC,7,Supplier,AFRICAN EXPLOSIVES AND CHEMICAL,SOUTH AFRICA,SCHAUDER AND SONS,UNSPECIFIED,CAUSTIC SODA FLAKES,Program Info,,,ieSAPStatusCode,,,ZZ
RFJOAX_FDC,7,Supplier,CANADIAN INDUSTRIES,CANADA,CANADA COLORS,TORONTO,UNSPECIFIED,Program Info,,Reason for Program,mleReasProg,,,
RFJOAX_FDC,7,Supplier,CANADIAN INDUSTRIES,CANADA,CANADA COLORS,TORONTO,UNSPECIFIED,Program Info,,Program Type,ddlProgramType,,,
RFJOAX_FDC,7,Supplier,CANADIAN INDUSTRIES,CANADA,CANADA COLORS,TORONTO,UNSPECIFIED,Program Info,,Requested By,cbReqBy,,,
RFJOAX_FDC,7,Supplier,CANADIAN INDUSTRIES,CANADA,CANADA COLORS,TORONTO,UNSPECIFIED,Program Info,,Assigned To,mleAssignedTo,,,
RFJOAX_FDC,7,Supplier,CANADIAN INDUSTRIES,CANADA,CANADA COLORS,TORONTO,UNSPECIFIED,Program Info,,NA,cbRegionNA,,,0
RFJOAX_FDC,7,Supplier,CANADIAN INDUSTRIES,CANADA,CANADA COLORS,TORONTO,UNSPECIFIED,Program Info,,LA,cbRegionLA,,,0
RFJOAX_FDC,7,Supplier,CANADIAN INDUSTRIES,CANADA,CANADA COLORS,TORONTO,UNSPECIFIED,Program Info,,EMEA,cbRegionEMEA,,,0
RFJOAX_FDC,7,Supplier,CANADIAN INDUSTRIES,CANADA,CANADA COLORS,TORONTO,UNSPECIFIED,Program Info,,Cooper Americas,cbRegionCooperNA,,,0
RFJOAX_FDC,7,Supplier,CANADIAN INDUSTRIES,CANADA,CANADA COLORS,TORONTO,UNSPECIFIED,Program Info,,AP,cbRegionAP,,,0
RFJOAX_FDC,7,Supplier,CANADIAN INDUSTRIES,CANADA,CANADA COLORS,TORONTO,UNSPECIFIED,Program Info,,Cooper EMEA,cbRegionCooperEMEA,,,0
RFJOAX_FDC,7,Supplier,CANADIAN INDUSTRIES,CANADA,CANADA COLORS,TORONTO,UNSPECIFIED,Program Info,,Cooper AP,cbRegionCooperAP,,,0
RFJOAX_FDC,7,Supplier,CANADIAN INDUSTRIES,CANADA,CANADA COLORS,TORONTO,UNSPECIFIED,Program Info,,Akron,cbLabAkron,,,0
RFJOAX_FDC,7,Supplier,CANADIAN INDUSTRIES,CANADA,CANADA COLORS,TORONTO,UNSPECIFIED,Program Info,,Lux,cbLabLux,,,0
RFJOAX_FDC,7,Supplier,CANADIAN INDUSTRIES,CANADA,CANADA COLORS,TORONTO,UNSPECIFIED,Program Info,,Kunshan,cbLabKunshan,,,0
RFJOAX_FDC,7,Supplier,CANADIAN INDUSTRIES,CANADA,CANADA COLORS,TORONTO,UNSPECIFIED,Program Info,,EHS Approval Region (hidden),efEHSApprovalReg,,,
RFJOAX_FDC,7,Supplier,CANADIAN INDUSTRIES,CANADA,CANADA COLORS,TORONTO,UNSPECIFIED,Program Info,,SAP Status,ddlSAPStatusDesc,,,See base specification
RFJOAX_FDC,7,Supplier,CANADIAN INDUSTRIES,CANADA,CANADA COLORS,TORONTO,UNSPECIFIED,Program Info,,,ieSAPStatusCode,,,ZZ
RFJOAX_FDC,7,Supplier,CANADIAN INDUSTRIES,CANADA,NICHOLS CHEMICAL,CANADA,UNSPECIFIED,Program Info,,Reason for Program,mleReasProg,,,
RFJOAX_FDC,7,Supplier,CANADIAN INDUSTRIES,CANADA,NICHOLS CHEMICAL,CANADA,UNSPECIFIED,Program Info,,Program Type,ddlProgramType,,,
RFJOAX_FDC,7,Supplier,CANADIAN INDUSTRIES,CANADA,NICHOLS CHEMICAL,CANADA,UNSPECIFIED,Program Info,,Requested By,cbReqBy,,,
RFJOAX_FDC,7,Supplier,CANADIAN INDUSTRIES,CANADA,NICHOLS CHEMICAL,CANADA,UNSPECIFIED,Program Info,,Assigned To,mleAssignedTo,,,
RFJOAX_FDC,7,Supplier,CANADIAN INDUSTRIES,CANADA,NICHOLS CHEMICAL,CANADA,UNSPECIFIED,Program Info,,NA,cbRegionNA,,,0
RFJOAX_FDC,7,Supplier,CANADIAN INDUSTRIES,CANADA,NICHOLS CHEMICAL,CANADA,UNSPECIFIED,Program Info,,LA,cbRegionLA,,,0
RFJOAX_FDC,7,Supplier,CANADIAN INDUSTRIES,CANADA,NICHOLS CHEMICAL,CANADA,UNSPECIFIED,Program Info,,EMEA,cbRegionEMEA,,,0
RFJOAX_FDC,7,Supplier,CANADIAN INDUSTRIES,CANADA,NICHOLS CHEMICAL,CANADA,UNSPECIFIED,Program Info,,Cooper Americas,cbRegionCooperNA,,,0
RFJOAX_FDC,7,Supplier,CANADIAN INDUSTRIES,CANADA,NICHOLS CHEMICAL,CANADA,UNSPECIFIED,Program Info,,AP,cbRegionAP,,,0
RFJOAX_FDC,7,Supplier,CANADIAN INDUSTRIES,CANADA,NICHOLS CHEMICAL,CANADA,UNSPECIFIED,Program Info,,Cooper EMEA,cbRegionCooperEMEA,,,0
RFJOAX_FDC,7,Supplier,CANADIAN INDUSTRIES,CANADA,NICHOLS CHEMICAL,CANADA,UNSPECIFIED,Program Info,,Cooper AP,cbRegionCooperAP,,,0
RFJOAX_FDC,7,Supplier,CANADIAN INDUSTRIES,CANADA,NICHOLS CHEMICAL,CANADA,UNSPECIFIED,Program Info,,Akron,cbLabAkron,,,0
RFJOAX_FDC,7,Supplier,CANADIAN INDUSTRIES,CANADA,NICHOLS CHEMICAL,CANADA,UNSPECIFIED,Program Info,,Lux,cbLabLux,,,0
RFJOAX_FDC,7,Supplier,CANADIAN INDUSTRIES,CANADA,NICHOLS CHEMICAL,CANADA,UNSPECIFIED,Program Info,,Kunshan,cbLabKunshan,,,0
RFJOAX_FDC,7,Supplier,CANADIAN INDUSTRIES,CANADA,NICHOLS CHEMICAL,CANADA,UNSPECIFIED,Program Info,,EHS Approval Region (hidden),efEHSApprovalReg,,,
RFJOAX_FDC,7,Supplier,CANADIAN INDUSTRIES,CANADA,NICHOLS CHEMICAL,CANADA,UNSPECIFIED,Program Info,,SAP Status,ddlSAPStatusDesc,,,See base specification
RFJOAX_FDC,7,Supplier,CANADIAN INDUSTRIES,CANADA,NICHOLS CHEMICAL,CANADA,UNSPECIFIED,Program Info,,,ieSAPStatusCode,,,ZZ
RFJOAX_FDC,7,Supplier,"ALLIED CHEMICAL, SOLVAY",BRUSSELS,,,UNSPECIFIED,Program Info,,Reason for Program,mleReasProg,,,
RFJOAX_FDC,7,Supplier,"ALLIED CHEMICAL, SOLVAY",BRUSSELS,,,UNSPECIFIED,Program Info,,Program Type,ddlProgramType,,,
RFJOAX_FDC,7,Supplier,"ALLIED CHEMICAL, SOLVAY",BRUSSELS,,,UNSPECIFIED,Program Info,,Requested By,cbReqBy,,,
RFJOAX_FDC,7,Supplier,"ALLIED CHEMICAL, SOLVAY",BRUSSELS,,,UNSPECIFIED,Program Info,,Assigned To,mleAssignedTo,,,
RFJOAX_FDC,7,Supplier,"ALLIED CHEMICAL, SOLVAY",BRUSSELS,,,UNSPECIFIED,Program Info,,NA,cbRegionNA,,,0
RFJOAX_FDC,7,Supplier,"ALLIED CHEMICAL, SOLVAY",BRUSSELS,,,UNSPECIFIED,Program Info,,LA,cbRegionLA,,,0
RFJOAX_FDC,7,Supplier,"ALLIED CHEMICAL, SOLVAY",BRUSSELS,,,UNSPECIFIED,Program Info,,EMEA,cbRegionEMEA,,,0
RFJOAX_FDC,7,Supplier,"ALLIED CHEMICAL, SOLVAY",BRUSSELS,,,UNSPECIFIED,Program Info,,Cooper Americas,cbRegionCooperNA,,,0
RFJOAX_FDC,7,Supplier,"ALLIED CHEMICAL, SOLVAY",BRUSSELS,,,UNSPECIFIED,Program Info,,AP,cbRegionAP,,,0
RFJOAX_FDC,7,Supplier,"ALLIED CHEMICAL, SOLVAY",BRUSSELS,,,UNSPECIFIED,Program Info,,Cooper EMEA,cbRegionCooperEMEA,,,0
RFJOAX_FDC,7,Supplier,"ALLIED CHEMICAL, SOLVAY",BRUSSELS,,,UNSPECIFIED,Program Info,,Cooper AP,cbRegionCooperAP,,,0
RFJOAX_FDC,7,Supplier,"ALLIED CHEMICAL, SOLVAY",BRUSSELS,,,UNSPECIFIED,Program Info,,Akron,cbLabAkron,,,0
RFJOAX_FDC,7,Supplier,"ALLIED CHEMICAL, SOLVAY",BRUSSELS,,,UNSPECIFIED,Program Info,,Lux,cbLabLux,,,0
RFJOAX_FDC,7,Supplier,"ALLIED CHEMICAL, SOLVAY",BRUSSELS,,,UNSPECIFIED,Program Info,,Kunshan,cbLabKunshan,,,0
RFJOAX_FDC,7,Supplier,"ALLIED CHEMICAL, SOLVAY",BRUSSELS,,,UNSPECIFIED,Program Info,,EHS Approval Region (hidden),efEHSApprovalReg,,,
RFJOAX_FDC,7,Supplier,"ALLIED CHEMICAL, SOLVAY",BRUSSELS,,,UNSPECIFIED,Program Info,,SAP Status,ddlSAPStatusDesc,,,See base specification
RFJOAX_FDC,7,Supplier,"ALLIED CHEMICAL, SOLVAY",BRUSSELS,,,UNSPECIFIED,Program Info,,,ieSAPStatusCode,,,ZZ
RFJOAX_FDC,7,Supplier,BILLARPUR,INDIA,,,UNSPECIFIED,Program Info,,Reason for Program,mleReasProg,,,
RFJOAX_FDC,7,Supplier,BILLARPUR,INDIA,,,UNSPECIFIED,Program Info,,Program Type,ddlProgramType,,,
RFJOAX_FDC,7,Supplier,BILLARPUR,INDIA,,,UNSPECIFIED,Program Info,,Requested By,cbReqBy,,,
RFJOAX_FDC,7,Supplier,BILLARPUR,INDIA,,,UNSPECIFIED,Program Info,,Assigned To,mleAssignedTo,,,
RFJOAX_FDC,7,Supplier,BILLARPUR,INDIA,,,UNSPECIFIED,Program Info,,NA,cbRegionNA,,,0
RFJOAX_FDC,7,Supplier,BILLARPUR,INDIA,,,UNSPECIFIED,Program Info,,LA,cbRegionLA,,,0
RFJOAX_FDC,7,Supplier,BILLARPUR,INDIA,,,UNSPECIFIED,Program Info,,EMEA,cbRegionEMEA,,,0
RFJOAX_FDC,7,Supplier,BILLARPUR,INDIA,,,UNSPECIFIED,Program Info,,Cooper Americas,cbRegionCooperNA,,,0
RFJOAX_FDC,7,Supplier,BILLARPUR,INDIA,,,UNSPECIFIED,Program Info,,AP,cbRegionAP,,,0
RFJOAX_FDC,7,Supplier,BILLARPUR,INDIA,,,UNSPECIFIED,Program Info,,Cooper EMEA,cbRegionCooperEMEA,,,0
RFJOAX_FDC,7,Supplier,BILLARPUR,INDIA,,,UNSPECIFIED,Program Info,,Cooper AP,cbRegionCooperAP,,,0
RFJOAX_FDC,7,Supplier,BILLARPUR,INDIA,,,UNSPECIFIED,Program Info,,Akron,cbLabAkron,,,0
RFJOAX_FDC,7,Supplier,BILLARPUR,INDIA,,,UNSPECIFIED,Program Info,,Lux,cbLabLux,,,0
RFJOAX_FDC,7,Supplier,BILLARPUR,INDIA,,,UNSPECIFIED,Program Info,,Kunshan,cbLabKunshan,,,0
RFJOAX_FDC,7,Supplier,BILLARPUR,INDIA,,,UNSPECIFIED,Program Info,,EHS Approval Region (hidden),efEHSApprovalReg,,,
RFJOAX_FDC,7,Supplier,BILLARPUR,INDIA,,,UNSPECIFIED,Program Info,,SAP Status,ddlSAPStatusDesc,,,See base specification
RFJOAX_FDC,7,Supplier,BILLARPUR,INDIA,,,UNSPECIFIED,Program Info,,,ieSAPStatusCode,,,ZZ
RFU07L,1,Supplier,JUNMA,ZHANGJIAGANG,,,U07L,Program Info,,Reason for Program,mleReasProg,,,
RFU07L,1,Supplier,JUNMA,ZHANGJIAGANG,,,U07L,Program Info,,Program Type,ddlProgramType,,,
RFU07L,1,Supplier,JUNMA,ZHANGJIAGANG,,,U07L,Program Info,,Requested By,cbReqBy,,,
RFU07L,1,Supplier,JUNMA,ZHANGJIAGANG,,,U07L,Program Info,,Assigned To,mleAssignedTo,,,
RFU07L,1,Supplier,JUNMA,ZHANGJIAGANG,,,U07L,Program Info,,NA,cbRegionNA,,,0
RFU07L,1,Supplier,JUNMA,ZHANGJIAGANG,,,U07L,Program Info,,LA,cbRegionLA,,,0
RFU07L,1,Supplier,JUNMA,ZHANGJIAGANG,,,U07L,Program Info,,EMEA,cbRegionEMEA,,,0
RFU07L,1,Supplier,JUNMA,ZHANGJIAGANG,,,U07L,Program Info,,Cooper Americas,cbRegionCooperNA,,,0
RFU07L,1,Supplier,JUNMA,ZHANGJIAGANG,,,U07L,Program Info,,AP,cbRegionAP,,,0
RFU07L,1,Supplier,JUNMA,ZHANGJIAGANG,,,U07L,Program Info,,Cooper EMEA,cbRegionCooperEMEA,,,0
RFU07L,1,Supplier,JUNMA,ZHANGJIAGANG,,,U07L,Program Info,,Cooper AP,cbRegionCooperAP,,,0
RFU07L,1,Supplier,JUNMA,ZHANGJIAGANG,,,U07L,Program Info,,Akron,cbLabAkron,,,0
RFU07L,1,Supplier,JUNMA,ZHANGJIAGANG,,,U07L,Program Info,,Lux,cbLabLux,,,0
RFU07L,1,Supplier,JUNMA,ZHANGJIAGANG,,,U07L,Program Info,,Kunshan,cbLabKunshan,,,0
RFU07L,1,Supplier,JUNMA,ZHANGJIAGANG,,,U07L,Program Info,,EHS Approval Region (hidden),efEHSApprovalReg,,,
RFU07L,1,Supplier,JUNMA,ZHANGJIAGANG,,,U07L,Program Info,,SAP Status,ddlSAPStatusDesc,,,See base specification
RFU07L,1,Supplier,JUNMA,ZHANGJIAGANG,,,U07L,Program Info,,,ieSAPStatusCode,,,ZZ
RFJOAX_FDC,7,Supplier,INDUSTRIAS QUIMICAS DEL ISTMO,MEXICO,ESPECIALIDADES,MEXICO,SOSA CAUSTICA EN ECOMAS,Program Info,,Reason for Program,mleReasProg,,,
RFJOAX_FDC,7,Supplier,INDUSTRIAS QUIMICAS DEL ISTMO,MEXICO,ESPECIALIDADES,MEXICO,SOSA CAUSTICA EN ECOMAS,Program Info,,Program Type,ddlProgramType,,,
RFJOAX_FDC,7,Supplier,INDUSTRIAS QUIMICAS DEL ISTMO,MEXICO,ESPECIALIDADES,MEXICO,SOSA CAUSTICA EN ECOMAS,Program Info,,Requested By,cbReqBy,,,
RFJOAX_FDC,7,Supplier,INDUSTRIAS QUIMICAS DEL ISTMO,MEXICO,ESPECIALIDADES,MEXICO,SOSA CAUSTICA EN ECOMAS,Program Info,,Assigned To,mleAssignedTo,,,
RFJOAX_FDC,7,Supplier,INDUSTRIAS QUIMICAS DEL ISTMO,MEXICO,ESPECIALIDADES,MEXICO,SOSA CAUSTICA EN ECOMAS,Program Info,,NA,cbRegionNA,,,0
RFJOAX_FDC,7,Supplier,INDUSTRIAS QUIMICAS DEL ISTMO,MEXICO,ESPECIALIDADES,MEXICO,SOSA CAUSTICA EN ECOMAS,Program Info,,LA,cbRegionLA,,,0
RFJOAX_FDC,7,Supplier,INDUSTRIAS QUIMICAS DEL ISTMO,MEXICO,ESPECIALIDADES,MEXICO,SOSA CAUSTICA EN ECOMAS,Program Info,,EMEA,cbRegionEMEA,,,0
RFJOAX_FDC,7,Supplier,INDUSTRIAS QUIMICAS DEL ISTMO,MEXICO,ESPECIALIDADES,MEXICO,SOSA CAUSTICA EN ECOMAS,Program Info,,Cooper Americas,cbRegionCooperNA,,,0
RFJOAX_FDC,7,Supplier,INDUSTRIAS QUIMICAS DEL ISTMO,MEXICO,ESPECIALIDADES,MEXICO,SOSA CAUSTICA EN ECOMAS,Program Info,,AP,cbRegionAP,,,0
RFJOAX_FDC,7,Supplier,INDUSTRIAS QUIMICAS DEL ISTMO,MEXICO,ESPECIALIDADES,MEXICO,SOSA CAUSTICA EN ECOMAS,Program Info,,Cooper EMEA,cbRegionCooperEMEA,,,0
RFJOAX_FDC,7,Supplier,INDUSTRIAS QUIMICAS DEL ISTMO,MEXICO,ESPECIALIDADES,MEXICO,SOSA CAUSTICA EN ECOMAS,Program Info,,Cooper AP,cbRegionCooperAP,,,0
RFJOAX_FDC,7,Supplier,INDUSTRIAS QUIMICAS DEL ISTMO,MEXICO,ESPECIALIDADES,MEXICO,SOSA CAUSTICA EN ECOMAS,Program Info,,Akron,cbLabAkron,,,0
RFJOAX_FDC,7,Supplier,INDUSTRIAS QUIMICAS DEL ISTMO,MEXICO,ESPECIALIDADES,MEXICO,SOSA CAUSTICA EN ECOMAS,Program Info,,Lux,cbLabLux,,,0
RFJOAX_FDC,7,Supplier,INDUSTRIAS QUIMICAS DEL ISTMO,MEXICO,ESPECIALIDADES,MEXICO,SOSA CAUSTICA EN ECOMAS,Program Info,,Kunshan,cbLabKunshan,,,0
RFJOAX_FDC,7,Supplier,INDUSTRIAS QUIMICAS DEL ISTMO,MEXICO,ESPECIALIDADES,MEXICO,SOSA CAUSTICA EN ECOMAS,Program Info,,EHS Approval Region (hidden),efEHSApprovalReg,,,
RFJOAX_FDC,7,Supplier,INDUSTRIAS QUIMICAS DEL ISTMO,MEXICO,ESPECIALIDADES,MEXICO,SOSA CAUSTICA EN ECOMAS,Program Info,,SAP Status,ddlSAPStatusDesc,,,See base specification
RFJOAX_FDC,7,Supplier,INDUSTRIAS QUIMICAS DEL ISTMO,MEXICO,ESPECIALIDADES,MEXICO,SOSA CAUSTICA EN ECOMAS,Program Info,,,ieSAPStatusCode,,,ZZ
RFQC32PF,1,Supplier,HYOSUNG CORPORATION,LISA,,,QC32PF,Program Info,,Reason for Program,mleReasProg,,,
RFQC32PF,1,Supplier,HYOSUNG CORPORATION,LISA,,,QC32PF,Program Info,,Program Type,ddlProgramType,,,
RFQC32PF,1,Supplier,HYOSUNG CORPORATION,LISA,,,QC32PF,Program Info,,Requested By,cbReqBy,,,
RFQC32PF,1,Supplier,HYOSUNG CORPORATION,LISA,,,QC32PF,Program Info,,Assigned To,mleAssignedTo,,,
RFQC32PF,1,Supplier,HYOSUNG CORPORATION,LISA,,,QC32PF,Program Info,,NA,cbRegionNA,,,0
RFQC32PF,1,Supplier,HYOSUNG CORPORATION,LISA,,,QC32PF,Program Info,,LA,cbRegionLA,,,0
RFQC32PF,1,Supplier,HYOSUNG CORPORATION,LISA,,,QC32PF,Program Info,,EMEA,cbRegionEMEA,,,0
RFQC32PF,1,Supplier,HYOSUNG CORPORATION,LISA,,,QC32PF,Program Info,,Cooper Americas,cbRegionCooperNA,,,0
RFQC32PF,1,Supplier,HYOSUNG CORPORATION,LISA,,,QC32PF,Program Info,,AP,cbRegionAP,,,0
RFQC32PF,1,Supplier,HYOSUNG CORPORATION,LISA,,,QC32PF,Program Info,,Cooper EMEA,cbRegionCooperEMEA,,,0
RFQC32PF,1,Supplier,HYOSUNG CORPORATION,LISA,,,QC32PF,Program Info,,Cooper AP,cbRegionCooperAP,,,0
RFQC32PF,1,Supplier,HYOSUNG CORPORATION,LISA,,,QC32PF,Program Info,,Akron,cbLabAkron,,,0
RFQC32PF,1,Supplier,HYOSUNG CORPORATION,LISA,,,QC32PF,Program Info,,Lux,cbLabLux,,,0
RFQC32PF,1,Supplier,HYOSUNG CORPORATION,LISA,,,QC32PF,Program Info,,Kunshan,cbLabKunshan,,,0
RFQC32PF,1,Supplier,HYOSUNG CORPORATION,LISA,,,QC32PF,Program Info,,EHS Approval Region (hidden),efEHSApprovalReg,,,
RFQC32PF,1,Supplier,HYOSUNG CORPORATION,LISA,,,QC32PF,Program Info,,SAP Status,ddlSAPStatusDesc,,,See base specification
RFQC32PF,1,Supplier,HYOSUNG CORPORATION,LISA,,,QC32PF,Program Info,,,ieSAPStatusCode,,,ZZ
RFFP,1,Supplier,PIRELLI,FIGLINE,,,P101FP,Program Info,,Reason for Program,mleReasProg,,,
RFFP,1,Supplier,PIRELLI,FIGLINE,,,P101FP,Program Info,,Program Type,ddlProgramType,,,
RFFP,1,Supplier,PIRELLI,FIGLINE,,,P101FP,Program Info,,Requested By,cbReqBy,,,
RFFP,1,Supplier,PIRELLI,FIGLINE,,,P101FP,Program Info,,Assigned To,mleAssignedTo,,,
RFFP,1,Supplier,PIRELLI,FIGLINE,,,P101FP,Program Info,,NA,cbRegionNA,,,0
RFFP,1,Supplier,PIRELLI,FIGLINE,,,P101FP,Program Info,,LA,cbRegionLA,,,0
RFFP,1,Supplier,PIRELLI,FIGLINE,,,P101FP,Program Info,,EMEA,cbRegionEMEA,,,0
RFFP,1,Supplier,PIRELLI,FIGLINE,,,P101FP,Program Info,,Cooper Americas,cbRegionCooperNA,,,0
RFFP,1,Supplier,PIRELLI,FIGLINE,,,P101FP,Program Info,,AP,cbRegionAP,,,0
RFFP,1,Supplier,PIRELLI,FIGLINE,,,P101FP,Program Info,,Cooper EMEA,cbRegionCooperEMEA,,,0
RFFP,1,Supplier,PIRELLI,FIGLINE,,,P101FP,Program Info,,Cooper AP,cbRegionCooperAP,,,0
RFFP,1,Supplier,PIRELLI,FIGLINE,,,P101FP,Program Info,,Akron,cbLabAkron,,,0
RFFP,1,Supplier,PIRELLI,FIGLINE,,,P101FP,Program Info,,Lux,cbLabLux,,,0
RFFP,1,Supplier,PIRELLI,FIGLINE,,,P101FP,Program Info,,Kunshan,cbLabKunshan,,,0
RFFP,1,Supplier,PIRELLI,FIGLINE,,,P101FP,Program Info,,EHS Approval Region (hidden),efEHSApprovalReg,,,
RFFP,1,Supplier,PIRELLI,FIGLINE,,,P101FP,Program Info,,SAP Status,ddlSAPStatusDesc,,,See base specification
RFFP,1,Supplier,PIRELLI,FIGLINE,,,P101FP,Program Info,,,ieSAPStatusCode,,,ZZ
RFQU26PF,1,Supplier,HYOSUNG CORPORATION,LISA,,,QU26PF,Program Info,,Reason for Program,mleReasProg,,,
RFQU26PF,1,Supplier,HYOSUNG CORPORATION,LISA,,,QU26PF,Program Info,,Program Type,ddlProgramType,,,
RFQU26PF,1,Supplier,HYOSUNG CORPORATION,LISA,,,QU26PF,Program Info,,Requested By,cbReqBy,,,
RFQU26PF,1,Supplier,HYOSUNG CORPORATION,LISA,,,QU26PF,Program Info,,Assigned To,mleAssignedTo,,,
RFQU26PF,1,Supplier,HYOSUNG CORPORATION,LISA,,,QU26PF,Program Info,,NA,cbRegionNA,,,0
RFQU26PF,1,Supplier,HYOSUNG CORPORATION,LISA,,,QU26PF,Program Info,,LA,cbRegionLA,,,0
RFQU26PF,1,Supplier,HYOSUNG CORPORATION,LISA,,,QU26PF,Program Info,,EMEA,cbRegionEMEA,,,0
RFQU26PF,1,Supplier,HYOSUNG CORPORATION,LISA,,,QU26PF,Program Info,,Cooper Americas,cbRegionCooperNA,,,0
RFQU26PF,1,Supplier,HYOSUNG CORPORATION,LISA,,,QU26PF,Program Info,,AP,cbRegionAP,,,0
RFQU26PF,1,Supplier,HYOSUNG CORPORATION,LISA,,,QU26PF,Program Info,,Cooper EMEA,cbRegionCooperEMEA,,,0
RFQU26PF,1,Supplier,HYOSUNG CORPORATION,LISA,,,QU26PF,Program Info,,Cooper AP,cbRegionCooperAP,,,0
RFQU26PF,1,Supplier,HYOSUNG CORPORATION,LISA,,,QU26PF,Program Info,,Akron,cbLabAkron,,,0
RFQU26PF,1,Supplier,HYOSUNG CORPORATION,LISA,,,QU26PF,Program Info,,Lux,cbLabLux,,,0
RFQU26PF,1,Supplier,HYOSUNG CORPORATION,LISA,,,QU26PF,Program Info,,Kunshan,cbLabKunshan,,,0
RFQU26PF,1,Supplier,HYOSUNG CORPORATION,LISA,,,QU26PF,Program Info,,EHS Approval Region (hidden),efEHSApprovalReg,,,
RFQU26PF,1,Supplier,HYOSUNG CORPORATION,LISA,,,QU26PF,Program Info,,SAP Status,ddlSAPStatusDesc,,,See base specification
RFQU26PF,1,Supplier,HYOSUNG CORPORATION,LISA,,,QU26PF,Program Info,,,ieSAPStatusCode,,,ZZ
RFQV28,1,Supplier,HYOSUNG CORPORATION,DONG NAI,,,QV28,Program Info,,Reason for Program,mleReasProg,,,
RFQV28,1,Supplier,HYOSUNG CORPORATION,DONG NAI,,,QV28,Program Info,,Program Type,ddlProgramType,,,
RFQV28,1,Supplier,HYOSUNG CORPORATION,DONG NAI,,,QV28,Program Info,,Requested By,cbReqBy,,,
RFQV28,1,Supplier,HYOSUNG CORPORATION,DONG NAI,,,QV28,Program Info,,Assigned To,mleAssignedTo,,,
RFQV28,1,Supplier,HYOSUNG CORPORATION,DONG NAI,,,QV28,Program Info,,NA,cbRegionNA,,,0
RFQV28,1,Supplier,HYOSUNG CORPORATION,DONG NAI,,,QV28,Program Info,,LA,cbRegionLA,,,0
RFQV28,1,Supplier,HYOSUNG CORPORATION,DONG NAI,,,QV28,Program Info,,EMEA,cbRegionEMEA,,,0
RFQV28,1,Supplier,HYOSUNG CORPORATION,DONG NAI,,,QV28,Program Info,,Cooper Americas,cbRegionCooperNA,,,0
RFQV28,1,Supplier,HYOSUNG CORPORATION,DONG NAI,,,QV28,Program Info,,AP,cbRegionAP,,,0
RFQV28,1,Supplier,HYOSUNG CORPORATION,DONG NAI,,,QV28,Program Info,,Cooper EMEA,cbRegionCooperEMEA,,,0
RFQV28,1,Supplier,HYOSUNG CORPORATION,DONG NAI,,,QV28,Program Info,,Cooper AP,cbRegionCooperAP,,,0
RFQV28,1,Supplier,HYOSUNG CORPORATION,DONG NAI,,,QV28,Program Info,,Akron,cbLabAkron,,,0
RFQV28,1,Supplier,HYOSUNG CORPORATION,DONG NAI,,,QV28,Program Info,,Lux,cbLabLux,,,0
RFQV28,1,Supplier,HYOSUNG CORPORATION,DONG NAI,,,QV28,Program Info,,Kunshan,cbLabKunshan,,,0
RFQV28,1,Supplier,HYOSUNG CORPORATION,DONG NAI,,,QV28,Program Info,,EHS Approval Region (hidden),efEHSApprovalReg,,,
RFQV28,1,Supplier,HYOSUNG CORPORATION,DONG NAI,,,QV28,Program Info,,SAP Status,ddlSAPStatusDesc,,,See base specification
RFQV28,1,Supplier,HYOSUNG CORPORATION,DONG NAI,,,QV28,Program Info,,,ieSAPStatusCode,,,ZZ
RFCH,1,Supplier,NAT STAN,UITENHAGE,,,145CH,Program Info,,Reason for Program,mleReasProg,,,
RFCH,1,Supplier,NAT STAN,UITENHAGE,,,145CH,Program Info,,Program Type,ddlProgramType,,,
RFCH,1,Supplier,NAT STAN,UITENHAGE,,,145CH,Program Info,,Requested By,cbReqBy,,,
RFCH,1,Supplier,NAT STAN,UITENHAGE,,,145CH,Program Info,,Assigned To,mleAssignedTo,,,
RFCH,1,Supplier,NAT STAN,UITENHAGE,,,145CH,Program Info,,NA,cbRegionNA,,,0
RFCH,1,Supplier,NAT STAN,UITENHAGE,,,145CH,Program Info,,LA,cbRegionLA,,,0
RFCH,1,Supplier,NAT STAN,UITENHAGE,,,145CH,Program Info,,EMEA,cbRegionEMEA,,,0
RFCH,1,Supplier,NAT STAN,UITENHAGE,,,145CH,Program Info,,Cooper Americas,cbRegionCooperNA,,,0
RFCH,1,Supplier,NAT STAN,UITENHAGE,,,145CH,Program Info,,AP,cbRegionAP,,,0
RFCH,1,Supplier,NAT STAN,UITENHAGE,,,145CH,Program Info,,Cooper EMEA,cbRegionCooperEMEA,,,0
RFCH,1,Supplier,NAT STAN,UITENHAGE,,,145CH,Program Info,,Cooper AP,cbRegionCooperAP,,,0
RFCH,1,Supplier,NAT STAN,UITENHAGE,,,145CH,Program Info,,Akron,cbLabAkron,,,0
RFCH,1,Supplier,NAT STAN,UITENHAGE,,,145CH,Program Info,,Lux,cbLabLux,,,0
RFCH,1,Supplier,NAT STAN,UITENHAGE,,,145CH,Program Info,,Kunshan,cbLabKunshan,,,0
RFCH,1,Supplier,NAT STAN,UITENHAGE,,,145CH,Program Info,,EHS Approval Region (hidden),efEHSApprovalReg,,,
RFCH,1,Supplier,NAT STAN,UITENHAGE,,,145CH,Program Info,,SAP Status,ddlSAPStatusDesc,,,See base specification
RFCH,1,Supplier,NAT STAN,UITENHAGE,,,145CH,Program Info,,,ieSAPStatusCode,,,ZZ
RFQV28,1,Supplier,KORDSA,CAMACARI,,,QV28,Program Info,,Reason for Program,mleReasProg,,,
RFQV28,1,Supplier,KORDSA,CAMACARI,,,QV28,Program Info,,Program Type,ddlProgramType,,,
RFQV28,1,Supplier,KORDSA,CAMACARI,,,QV28,Program Info,,Requested By,cbReqBy,,,
RFQV28,1,Supplier,KORDSA,CAMACARI,,,QV28,Program Info,,Assigned To,mleAssignedTo,,,
RFQV28,1,Supplier,KORDSA,CAMACARI,,,QV28,Program Info,,NA,cbRegionNA,,,0
RFQV28,1,Supplier,KORDSA,CAMACARI,,,QV28,Program Info,,LA,cbRegionLA,,,0
RFQV28,1,Supplier,KORDSA,CAMACARI,,,QV28,Program Info,,EMEA,cbRegionEMEA,,,0
RFQV28,1,Supplier,KORDSA,CAMACARI,,,QV28,Program Info,,Cooper Americas,cbRegionCooperNA,,,0
RFQV28,1,Supplier,KORDSA,CAMACARI,,,QV28,Program Info,,AP,cbRegionAP,,,0
RFQV28,1,Supplier,KORDSA,CAMACARI,,,QV28,Program Info,,Cooper EMEA,cbRegionCooperEMEA,,,0
RFQV28,1,Supplier,KORDSA,CAMACARI,,,QV28,Program Info,,Cooper AP,cbRegionCooperAP,,,0
RFQV28,1,Supplier,KORDSA,CAMACARI,,,QV28,Program Info,,Akron,cbLabAkron,,,0
RFQV28,1,Supplier,KORDSA,CAMACARI,,,QV28,Program Info,,Lux,cbLabLux,,,0
RFQV28,1,Supplier,KORDSA,CAMACARI,,,QV28,Program Info,,Kunshan,cbLabKunshan,,,0
RFQV28,1,Supplier,KORDSA,CAMACARI,,,QV28,Program Info,,EHS Approval Region (hidden),efEHSApprovalReg,,,
RFQV28,1,Supplier,KORDSA,CAMACARI,,,QV28,Program Info,,SAP Status,ddlSAPStatusDesc,,,See base specification
RFQV28,1,Supplier,KORDSA,CAMACARI,,,QV28,Program Info,,,ieSAPStatusCode,,,ZZ
RFC17GAZ,1,Supplier,NGF,GUELPH - ON,,,C17GAZ,Program Info,,Reason for Program,mleReasProg,,,
RFC17GAZ,1,Supplier,NGF,GUELPH - ON,,,C17GAZ,Program Info,,Program Type,ddlProgramType,,,
RFC17GAZ,1,Supplier,NGF,GUELPH - ON,,,C17GAZ,Program Info,,Requested By,cbReqBy,,,
RFC17GAZ,1,Supplier,NGF,GUELPH - ON,,,C17GAZ,Program Info,,Assigned To,mleAssignedTo,,,
RFC17GAZ,1,Supplier,NGF,GUELPH - ON,,,C17GAZ,Program Info,,NA,cbRegionNA,,,0
RFC17GAZ,1,Supplier,NGF,GUELPH - ON,,,C17GAZ,Program Info,,LA,cbRegionLA,,,0
RFC17GAZ,1,Supplier,NGF,GUELPH - ON,,,C17GAZ,Program Info,,EMEA,cbRegionEMEA,,,0
RFC17GAZ,1,Supplier,NGF,GUELPH - ON,,,C17GAZ,Program Info,,Cooper Americas,cbRegionCooperNA,,,0
RFC17GAZ,1,Supplier,NGF,GUELPH - ON,,,C17GAZ,Program Info,,AP,cbRegionAP,,,0
RFC17GAZ,1,Supplier,NGF,GUELPH - ON,,,C17GAZ,Program Info,,Cooper EMEA,cbRegionCooperEMEA,,,0
RFC17GAZ,1,Supplier,NGF,GUELPH - ON,,,C17GAZ,Program Info,,Cooper AP,cbRegionCooperAP,,,0
RFC17GAZ,1,Supplier,NGF,GUELPH - ON,,,C17GAZ,Program Info,,Akron,cbLabAkron,,,0
RFC17GAZ,1,Supplier,NGF,GUELPH - ON,,,C17GAZ,Program Info,,Lux,cbLabLux,,,0
RFC17GAZ,1,Supplier,NGF,GUELPH - ON,,,C17GAZ,Program Info,,Kunshan,cbLabKunshan,,,0
RFC17GAZ,1,Supplier,NGF,GUELPH - ON,,,C17GAZ,Program Info,,EHS Approval Region (hidden),efEHSApprovalReg,,,
RFC17GAZ,1,Supplier,NGF,GUELPH - ON,,,C17GAZ,Program Info,,SAP Status,ddlSAPStatusDesc,,,See base specification
RFC17GAZ,1,Supplier,NGF,GUELPH - ON,,,C17GAZ,Program Info,,,ieSAPStatusCode,,,ZZ
RFFP,1,Supplier,BEKAERT,AALTER,,,B101FP,Program Info,,Reason for Program,mleReasProg,,,
RFFP,1,Supplier,BEKAERT,AALTER,,,B101FP,Program Info,,Program Type,ddlProgramType,,,
RFFP,1,Supplier,BEKAERT,AALTER,,,B101FP,Program Info,,Requested By,cbReqBy,,,
RFFP,1,Supplier,BEKAERT,AALTER,,,B101FP,Program Info,,Assigned To,mleAssignedTo,,,
RFFP,1,Supplier,BEKAERT,AALTER,,,B101FP,Program Info,,NA,cbRegionNA,,,0
RFFP,1,Supplier,BEKAERT,AALTER,,,B101FP,Program Info,,LA,cbRegionLA,,,0
RFFP,1,Supplier,BEKAERT,AALTER,,,B101FP,Program Info,,EMEA,cbRegionEMEA,,,0
RFFP,1,Supplier,BEKAERT,AALTER,,,B101FP,Program Info,,Cooper Americas,cbRegionCooperNA,,,0
RFFP,1,Supplier,BEKAERT,AALTER,,,B101FP,Program Info,,AP,cbRegionAP,,,0
RFFP,1,Supplier,BEKAERT,AALTER,,,B101FP,Program Info,,Cooper EMEA,cbRegionCooperEMEA,,,0
RFFP,1,Supplier,BEKAERT,AALTER,,,B101FP,Program Info,,Cooper AP,cbRegionCooperAP,,,0
RFFP,1,Supplier,BEKAERT,AALTER,,,B101FP,Program Info,,Akron,cbLabAkron,,,0
RFFP,1,Supplier,BEKAERT,AALTER,,,B101FP,Program Info,,Lux,cbLabLux,,,0
RFFP,1,Supplier,BEKAERT,AALTER,,,B101FP,Program Info,,Kunshan,cbLabKunshan,,,0
RFFP,1,Supplier,BEKAERT,AALTER,,,B101FP,Program Info,,EHS Approval Region (hidden),efEHSApprovalReg,,,
RFFP,1,Supplier,BEKAERT,AALTER,,,B101FP,Program Info,,SAP Status,ddlSAPStatusDesc,,,See base specification
RFFP,1,Supplier,BEKAERT,AALTER,,,B101FP,Program Info,,,ieSAPStatusCode,,,ZZ
RFQV28,1,Supplier,HYOSUNG CORPORATION,ULSAN,,,QV28,Program Info,,Reason for Program,mleReasProg,,,
RFQV28,1,Supplier,HYOSUNG CORPORATION,ULSAN,,,QV28,Program Info,,Program Type,ddlProgramType,,,
RFQV28,1,Supplier,HYOSUNG CORPORATION,ULSAN,,,QV28,Program Info,,Requested By,cbReqBy,,,
RFQV28,1,Supplier,HYOSUNG CORPORATION,ULSAN,,,QV28,Program Info,,Assigned To,mleAssignedTo,,,
RFQV28,1,Supplier,HYOSUNG CORPORATION,ULSAN,,,QV28,Program Info,,NA,cbRegionNA,,,0
RFQV28,1,Supplier,HYOSUNG CORPORATION,ULSAN,,,QV28,Program Info,,LA,cbRegionLA,,,0
RFQV28,1,Supplier,HYOSUNG CORPORATION,ULSAN,,,QV28,Program Info,,EMEA,cbRegionEMEA,,,0
RFQV28,1,Supplier,HYOSUNG CORPORATION,ULSAN,,,QV28,Program Info,,Cooper Americas,cbRegionCooperNA,,,0
RFQV28,1,Supplier,HYOSUNG CORPORATION,ULSAN,,,QV28,Program Info,,AP,cbRegionAP,,,0
RFQV28,1,Supplier,HYOSUNG CORPORATION,ULSAN,,,QV28,Program Info,,Cooper EMEA,cbRegionCooperEMEA,,,0
RFQV28,1,Supplier,HYOSUNG CORPORATION,ULSAN,,,QV28,Program Info,,Cooper AP,cbRegionCooperAP,,,0
RFQV28,1,Supplier,HYOSUNG CORPORATION,ULSAN,,,QV28,Program Info,,Akron,cbLabAkron,,,0
RFQV28,1,Supplier,HYOSUNG CORPORATION,ULSAN,,,QV28,Program Info,,Lux,cbLabLux,,,0
RFQV28,1,Supplier,HYOSUNG CORPORATION,ULSAN,,,QV28,Program Info,,Kunshan,cbLabKunshan,,,0
RFQV28,1,Supplier,HYOSUNG CORPORATION,ULSAN,,,QV28,Program Info,,EHS Approval Region (hidden),efEHSApprovalReg,,,
RFQV28,1,Supplier,HYOSUNG CORPORATION,ULSAN,,,QV28,Program Info,,SAP Status,ddlSAPStatusDesc,,,See base specification
RFQV28,1,Supplier,HYOSUNG CORPORATION,ULSAN,,,QV28,Program Info,,,ieSAPStatusCode,,,ZZ
RF40HK2B,1,Supplier,OTTO KUHLMANN,HEMER GERMANY,,,RF40HK2B,Program Info,,Reason for Program,mleReasProg,,,
RF40HK2B,1,Supplier,OTTO KUHLMANN,HEMER GERMANY,,,RF40HK2B,Program Info,,Program Type,ddlProgramType,,,
RF40HK2B,1,Supplier,OTTO KUHLMANN,HEMER GERMANY,,,RF40HK2B,Program Info,,Requested By,cbReqBy,,,
RF40HK2B,1,Supplier,OTTO KUHLMANN,HEMER GERMANY,,,RF40HK2B,Program Info,,Assigned To,mleAssignedTo,,,
RF40HK2B,1,Supplier,OTTO KUHLMANN,HEMER GERMANY,,,RF40HK2B,Program Info,,NA,cbRegionNA,,,0
RF40HK2B,1,Supplier,OTTO KUHLMANN,HEMER GERMANY,,,RF40HK2B,Program Info,,LA,cbRegionLA,,,0
RF40HK2B,1,Supplier,OTTO KUHLMANN,HEMER GERMANY,,,RF40HK2B,Program Info,,EMEA,cbRegionEMEA,,,0
RF40HK2B,1,Supplier,OTTO KUHLMANN,HEMER GERMANY,,,RF40HK2B,Program Info,,Cooper Americas,cbRegionCooperNA,,,0
RF40HK2B,1,Supplier,OTTO KUHLMANN,HEMER GERMANY,,,RF40HK2B,Program Info,,AP,cbRegionAP,,,0
RF40HK2B,1,Supplier,OTTO KUHLMANN,HEMER GERMANY,,,RF40HK2B,Program Info,,Cooper EMEA,cbRegionCooperEMEA,,,0
RF40HK2B,1,Supplier,OTTO KUHLMANN,HEMER GERMANY,,,RF40HK2B,Program Info,,Cooper AP,cbRegionCooperAP,,,0
RF40HK2B,1,Supplier,OTTO KUHLMANN,HEMER GERMANY,,,RF40HK2B,Program Info,,Akron,cbLabAkron,,,0
RF40HK2B,1,Supplier,OTTO KUHLMANN,HEMER GERMANY,,,RF40HK2B,Program Info,,Lux,cbLabLux,,,0
RF40HK2B,1,Supplier,OTTO KUHLMANN,HEMER GERMANY,,,RF40HK2B,Program Info,,Kunshan,cbLabKunshan,,,0
RF40HK2B,1,Supplier,OTTO KUHLMANN,HEMER GERMANY,,,RF40HK2B,Program Info,,EHS Approval Region (hidden),efEHSApprovalReg,,,
RF40HK2B,1,Supplier,OTTO KUHLMANN,HEMER GERMANY,,,RF40HK2B,Program Info,,SAP Status,ddlSAPStatusDesc,,,See base specification
RF40HK2B,1,Supplier,OTTO KUHLMANN,HEMER GERMANY,,,RF40HK2B,Program Info,,,ieSAPStatusCode,,,ZZ
RFNJ27JF,1,Supplier,HYOSUNG CORPORATION,AMERICANA,,,NJ27JF,Program Info,,Reason for Program,mleReasProg,,,
RFNJ27JF,1,Supplier,HYOSUNG CORPORATION,AMERICANA,,,NJ27JF,Program Info,,Program Type,ddlProgramType,,,
RFNJ27JF,1,Supplier,HYOSUNG CORPORATION,AMERICANA,,,NJ27JF,Program Info,,Requested By,cbReqBy,,,
RFNJ27JF,1,Supplier,HYOSUNG CORPORATION,AMERICANA,,,NJ27JF,Program Info,,Assigned To,mleAssignedTo,,,
RFNJ27JF,1,Supplier,HYOSUNG CORPORATION,AMERICANA,,,NJ27JF,Program Info,,NA,cbRegionNA,,,0
RFNJ27JF,1,Supplier,HYOSUNG CORPORATION,AMERICANA,,,NJ27JF,Program Info,,LA,cbRegionLA,,,0
RFNJ27JF,1,Supplier,HYOSUNG CORPORATION,AMERICANA,,,NJ27JF,Program Info,,EMEA,cbRegionEMEA,,,0
RFNJ27JF,1,Supplier,HYOSUNG CORPORATION,AMERICANA,,,NJ27JF,Program Info,,Cooper Americas,cbRegionCooperNA,,,0
RFNJ27JF,1,Supplier,HYOSUNG CORPORATION,AMERICANA,,,NJ27JF,Program Info,,AP,cbRegionAP,,,0
RFNJ27JF,1,Supplier,HYOSUNG CORPORATION,AMERICANA,,,NJ27JF,Program Info,,Cooper EMEA,cbRegionCooperEMEA,,,0
RFNJ27JF,1,Supplier,HYOSUNG CORPORATION,AMERICANA,,,NJ27JF,Program Info,,Cooper AP,cbRegionCooperAP,,,0
RFNJ27JF,1,Supplier,HYOSUNG CORPORATION,AMERICANA,,,NJ27JF,Program Info,,Akron,cbLabAkron,,,0
RFNJ27JF,1,Supplier,HYOSUNG CORPORATION,AMERICANA,,,NJ27JF,Program Info,,Lux,cbLabLux,,,0
RFNJ27JF,1,Supplier,HYOSUNG CORPORATION,AMERICANA,,,NJ27JF,Program Info,,Kunshan,cbLabKunshan,,,0
RFNJ27JF,1,Supplier,HYOSUNG CORPORATION,AMERICANA,,,NJ27JF,Program Info,,EHS Approval Region (hidden),efEHSApprovalReg,,,
RFNJ27JF,1,Supplier,HYOSUNG CORPORATION,AMERICANA,,,NJ27JF,Program Info,,SAP Status,ddlSAPStatusDesc,,,See base specification
RFNJ27JF,1,Supplier,HYOSUNG CORPORATION,AMERICANA,,,NJ27JF,Program Info,,,ieSAPStatusCode,,,ZZ
RFNT30UA,1,Supplier,HYOSUNG CORPORATION,LISA,,,NT30UA,Program Info,,Reason for Program,mleReasProg,,,
RFNT30UA,1,Supplier,HYOSUNG CORPORATION,LISA,,,NT30UA,Program Info,,Program Type,ddlProgramType,,,
RFNT30UA,1,Supplier,HYOSUNG CORPORATION,LISA,,,NT30UA,Program Info,,Requested By,cbReqBy,,,
RFNT30UA,1,Supplier,HYOSUNG CORPORATION,LISA,,,NT30UA,Program Info,,Assigned To,mleAssignedTo,,,
RFNT30UA,1,Supplier,HYOSUNG CORPORATION,LISA,,,NT30UA,Program Info,,NA,cbRegionNA,,,0
RFNT30UA,1,Supplier,HYOSUNG CORPORATION,LISA,,,NT30UA,Program Info,,LA,cbRegionLA,,,0
RFNT30UA,1,Supplier,HYOSUNG CORPORATION,LISA,,,NT30UA,Program Info,,EMEA,cbRegionEMEA,,,0
RFNT30UA,1,Supplier,HYOSUNG CORPORATION,LISA,,,NT30UA,Program Info,,Cooper Americas,cbRegionCooperNA,,,0
RFNT30UA,1,Supplier,HYOSUNG CORPORATION,LISA,,,NT30UA,Program Info,,AP,cbRegionAP,,,0
RFNT30UA,1,Supplier,HYOSUNG CORPORATION,LISA,,,NT30UA,Program Info,,Cooper EMEA,cbRegionCooperEMEA,,,0
RFNT30UA,1,Supplier,HYOSUNG CORPORATION,LISA,,,NT30UA,Program Info,,Cooper AP,cbRegionCooperAP,,,0
RFNT30UA,1,Supplier,HYOSUNG CORPORATION,LISA,,,NT30UA,Program Info,,Akron,cbLabAkron,,,0
RFNT30UA,1,Supplier,HYOSUNG CORPORATION,LISA,,,NT30UA,Program Info,,Lux,cbLabLux,,,0
RFNT30UA,1,Supplier,HYOSUNG CORPORATION,LISA,,,NT30UA,Program Info,,Kunshan,cbLabKunshan,,,0
RFNT30UA,1,Supplier,HYOSUNG CORPORATION,LISA,,,NT30UA,Program Info,,EHS Approval Region (hidden),efEHSApprovalReg,,,
RFNT30UA,1,Supplier,HYOSUNG CORPORATION,LISA,,,NT30UA,Program Info,,SAP Status,ddlSAPStatusDesc,,,See base specification
RFNT30UA,1,Supplier,HYOSUNG CORPORATION,LISA,,,NT30UA,Program Info,,,ieSAPStatusCode,,,ZZ
RFLV19JA,1,Supplier,HYOSUNG CORPORATION,AMERICANA,,,LV19JA,Program Info,,Reason for Program,mleReasProg,,,
RFLV19JA,1,Supplier,HYOSUNG CORPORATION,AMERICANA,,,LV19JA,Program Info,,Program Type,ddlProgramType,,,
RFLV19JA,1,Supplier,HYOSUNG CORPORATION,AMERICANA,,,LV19JA,Program Info,,Requested By,cbReqBy,,,
RFLV19JA,1,Supplier,HYOSUNG CORPORATION,AMERICANA,,,LV19JA,Program Info,,Assigned To,mleAssignedTo,,,
RFLV19JA,1,Supplier,HYOSUNG CORPORATION,AMERICANA,,,LV19JA,Program Info,,NA,cbRegionNA,,,0
RFLV19JA,1,Supplier,HYOSUNG CORPORATION,AMERICANA,,,LV19JA,Program Info,,LA,cbRegionLA,,,0
RFLV19JA,1,Supplier,HYOSUNG CORPORATION,AMERICANA,,,LV19JA,Program Info,,EMEA,cbRegionEMEA,,,0
RFLV19JA,1,Supplier,HYOSUNG CORPORATION,AMERICANA,,,LV19JA,Program Info,,Cooper Americas,cbRegionCooperNA,,,0
RFLV19JA,1,Supplier,HYOSUNG CORPORATION,AMERICANA,,,LV19JA,Program Info,,AP,cbRegionAP,,,0
RFLV19JA,1,Supplier,HYOSUNG CORPORATION,AMERICANA,,,LV19JA,Program Info,,Cooper EMEA,cbRegionCooperEMEA,,,0
RFLV19JA,1,Supplier,HYOSUNG CORPORATION,AMERICANA,,,LV19JA,Program Info,,Cooper AP,cbRegionCooperAP,,,0
RFLV19JA,1,Supplier,HYOSUNG CORPORATION,AMERICANA,,,LV19JA,Program Info,,Akron,cbLabAkron,,,0
RFLV19JA,1,Supplier,HYOSUNG CORPORATION,AMERICANA,,,LV19JA,Program Info,,Lux,cbLabLux,,,0
RFLV19JA,1,Supplier,HYOSUNG CORPORATION,AMERICANA,,,LV19JA,Program Info,,Kunshan,cbLabKunshan,,,0
RFLV19JA,1,Supplier,HYOSUNG CORPORATION,AMERICANA,,,LV19JA,Program Info,,EHS Approval Region (hidden),efEHSApprovalReg,,,
RFLV19JA,1,Supplier,HYOSUNG CORPORATION,AMERICANA,,,LV19JA,Program Info,,SAP Status,ddlSAPStatusDesc,,,See base specification
RFLV19JA,1,Supplier,HYOSUNG CORPORATION,AMERICANA,,,LV19JA,Program Info,,,ieSAPStatusCode,,,ZZ
RFNC16KR,1,Supplier,HYOSUNG CORPORATION,UTICA,,,NC16KR,Program Info,,Reason for Program,mleReasProg,,,
RFNC16KR,1,Supplier,HYOSUNG CORPORATION,UTICA,,,NC16KR,Program Info,,Program Type,ddlProgramType,,,
RFNC16KR,1,Supplier,HYOSUNG CORPORATION,UTICA,,,NC16KR,Program Info,,Requested By,cbReqBy,,,
RFNC16KR,1,Supplier,HYOSUNG CORPORATION,UTICA,,,NC16KR,Program Info,,Assigned To,mleAssignedTo,,,
RFNC16KR,1,Supplier,HYOSUNG CORPORATION,UTICA,,,NC16KR,Program Info,,NA,cbRegionNA,,,0
RFNC16KR,1,Supplier,HYOSUNG CORPORATION,UTICA,,,NC16KR,Program Info,,LA,cbRegionLA,,,0
RFNC16KR,1,Supplier,HYOSUNG CORPORATION,UTICA,,,NC16KR,Program Info,,EMEA,cbRegionEMEA,,,0
RFNC16KR,1,Supplier,HYOSUNG CORPORATION,UTICA,,,NC16KR,Program Info,,Cooper Americas,cbRegionCooperNA,,,0
RFNC16KR,1,Supplier,HYOSUNG CORPORATION,UTICA,,,NC16KR,Program Info,,AP,cbRegionAP,,,0
RFNC16KR,1,Supplier,HYOSUNG CORPORATION,UTICA,,,NC16KR,Program Info,,Cooper EMEA,cbRegionCooperEMEA,,,0
RFNC16KR,1,Supplier,HYOSUNG CORPORATION,UTICA,,,NC16KR,Program Info,,Cooper AP,cbRegionCooperAP,,,0
RFNC16KR,1,Supplier,HYOSUNG CORPORATION,UTICA,,,NC16KR,Program Info,,Akron,cbLabAkron,,,0
RFNC16KR,1,Supplier,HYOSUNG CORPORATION,UTICA,,,NC16KR,Program Info,,Lux,cbLabLux,,,0
RFNC16KR,1,Supplier,HYOSUNG CORPORATION,UTICA,,,NC16KR,Program Info,,Kunshan,cbLabKunshan,,,0
RFNC16KR,1,Supplier,HYOSUNG CORPORATION,UTICA,,,NC16KR,Program Info,,EHS Approval Region (hidden),efEHSApprovalReg,,,
RFNC16KR,1,Supplier,HYOSUNG CORPORATION,UTICA,,,NC16KR,Program Info,,SAP Status,ddlSAPStatusDesc,,,See base specification
RFNC16KR,1,Supplier,HYOSUNG CORPORATION,UTICA,,,NC16KR,Program Info,,,ieSAPStatusCode,,,ZZ
RF9496,1,Supplier,FRONTIER SPINNING MILLS,SANDFORD,,,FILL,Program Info,,Reason for Program,mleReasProg,,,
RF9496,1,Supplier,FRONTIER SPINNING MILLS,SANDFORD,,,FILL,Program Info,,Program Type,ddlProgramType,,,
RF9496,1,Supplier,FRONTIER SPINNING MILLS,SANDFORD,,,FILL,Program Info,,Requested By,cbReqBy,,,
RF9496,1,Supplier,FRONTIER SPINNING MILLS,SANDFORD,,,FILL,Program Info,,Assigned To,mleAssignedTo,,,
RF9496,1,Supplier,FRONTIER SPINNING MILLS,SANDFORD,,,FILL,Program Info,,NA,cbRegionNA,,,0
RF9496,1,Supplier,FRONTIER SPINNING MILLS,SANDFORD,,,FILL,Program Info,,LA,cbRegionLA,,,0
RF9496,1,Supplier,FRONTIER SPINNING MILLS,SANDFORD,,,FILL,Program Info,,EMEA,cbRegionEMEA,,,0
RF9496,1,Supplier,FRONTIER SPINNING MILLS,SANDFORD,,,FILL,Program Info,,Cooper Americas,cbRegionCooperNA,,,0
RF9496,1,Supplier,FRONTIER SPINNING MILLS,SANDFORD,,,FILL,Program Info,,AP,cbRegionAP,,,0
RF9496,1,Supplier,FRONTIER SPINNING MILLS,SANDFORD,,,FILL,Program Info,,Cooper EMEA,cbRegionCooperEMEA,,,0
RF9496,1,Supplier,FRONTIER SPINNING MILLS,SANDFORD,,,FILL,Program Info,,Cooper AP,cbRegionCooperAP,,,0
RF9496,1,Supplier,FRONTIER SPINNING MILLS,SANDFORD,,,FILL,Program Info,,Akron,cbLabAkron,,,0
RF9496,1,Supplier,FRONTIER SPINNING MILLS,SANDFORD,,,FILL,Program Info,,Lux,cbLabLux,,,0
RF9496,1,Supplier,FRONTIER SPINNING MILLS,SANDFORD,,,FILL,Program Info,,Kunshan,cbLabKunshan,,,0
RF9496,1,Supplier,FRONTIER SPINNING MILLS,SANDFORD,,,FILL,Program Info,,EHS Approval Region (hidden),efEHSApprovalReg,,,
RF9496,1,Supplier,FRONTIER SPINNING MILLS,SANDFORD,,,FILL,Program Info,,SAP Status,ddlSAPStatusDesc,,,See base specification
RF9496,1,Supplier,FRONTIER SPINNING MILLS,SANDFORD,,,FILL,Program Info,,,ieSAPStatusCode,,,ZZ
RFFP,1,Supplier,HYOSUNG CORPORATION,ASHEBORO,,,C201FP,Program Info,,Reason for Program,mleReasProg,,,
RFFP,1,Supplier,HYOSUNG CORPORATION,ASHEBORO,,,C201FP,Program Info,,Program Type,ddlProgramType,,,
RFFP,1,Supplier,HYOSUNG CORPORATION,ASHEBORO,,,C201FP,Program Info,,Requested By,cbReqBy,,,
RFFP,1,Supplier,HYOSUNG CORPORATION,ASHEBORO,,,C201FP,Program Info,,Assigned To,mleAssignedTo,,,
RFFP,1,Supplier,HYOSUNG CORPORATION,ASHEBORO,,,C201FP,Program Info,,NA,cbRegionNA,,,0
RFFP,1,Supplier,HYOSUNG CORPORATION,ASHEBORO,,,C201FP,Program Info,,LA,cbRegionLA,,,0
RFFP,1,Supplier,HYOSUNG CORPORATION,ASHEBORO,,,C201FP,Program Info,,EMEA,cbRegionEMEA,,,0
RFFP,1,Supplier,HYOSUNG CORPORATION,ASHEBORO,,,C201FP,Program Info,,Cooper Americas,cbRegionCooperNA,,,0
RFFP,1,Supplier,HYOSUNG CORPORATION,ASHEBORO,,,C201FP,Program Info,,AP,cbRegionAP,,,0
RFFP,1,Supplier,HYOSUNG CORPORATION,ASHEBORO,,,C201FP,Program Info,,Cooper EMEA,cbRegionCooperEMEA,,,0
RFFP,1,Supplier,HYOSUNG CORPORATION,ASHEBORO,,,C201FP,Program Info,,Cooper AP,cbRegionCooperAP,,,0
RFFP,1,Supplier,HYOSUNG CORPORATION,ASHEBORO,,,C201FP,Program Info,,Akron,cbLabAkron,,,0
RFFP,1,Supplier,HYOSUNG CORPORATION,ASHEBORO,,,C201FP,Program Info,,Lux,cbLabLux,,,0
RFFP,1,Supplier,HYOSUNG CORPORATION,ASHEBORO,,,C201FP,Program Info,,Kunshan,cbLabKunshan,,,0
RFFP,1,Supplier,HYOSUNG CORPORATION,ASHEBORO,,,C201FP,Program Info,,EHS Approval Region (hidden),efEHSApprovalReg,,,
RFFP,1,Supplier,HYOSUNG CORPORATION,ASHEBORO,,,C201FP,Program Info,,SAP Status,ddlSAPStatusDesc,,,See base specification
RFFP,1,Supplier,HYOSUNG CORPORATION,ASHEBORO,,,C201FP,Program Info,,,ieSAPStatusCode,,,ZZ
RFB05L,1,Supplier,KORDSA,BA,,,400-5,Program Info,,Reason for Program,mleReasProg,,,
RFB05L,1,Supplier,KORDSA,BA,,,400-5,Program Info,,Program Type,ddlProgramType,,,
RFB05L,1,Supplier,KORDSA,BA,,,400-5,Program Info,,Requested By,cbReqBy,,,
RFB05L,1,Supplier,KORDSA,BA,,,400-5,Program Info,,Assigned To,mleAssignedTo,,,
RFB05L,1,Supplier,KORDSA,BA,,,400-5,Program Info,,NA,cbRegionNA,,,0
RFB05L,1,Supplier,KORDSA,BA,,,400-5,Program Info,,LA,cbRegionLA,,,0
RFB05L,1,Supplier,KORDSA,BA,,,400-5,Program Info,,EMEA,cbRegionEMEA,,,0
RFB05L,1,Supplier,KORDSA,BA,,,400-5,Program Info,,Cooper Americas,cbRegionCooperNA,,,0
RFB05L,1,Supplier,KORDSA,BA,,,400-5,Program Info,,AP,cbRegionAP,,,0
RFB05L,1,Supplier,KORDSA,BA,,,400-5,Program Info,,Cooper EMEA,cbRegionCooperEMEA,,,0
RFB05L,1,Supplier,KORDSA,BA,,,400-5,Program Info,,Cooper AP,cbRegionCooperAP,,,0
RFB05L,1,Supplier,KORDSA,BA,,,400-5,Program Info,,Akron,cbLabAkron,,,0
RFB05L,1,Supplier,KORDSA,BA,,,400-5,Program Info,,Lux,cbLabLux,,,0
RFB05L,1,Supplier,KORDSA,BA,,,400-5,Program Info,,Kunshan,cbLabKunshan,,,0
RFB05L,1,Supplier,KORDSA,BA,,,400-5,Program Info,,EHS Approval Region (hidden),efEHSApprovalReg,,,
RFB05L,1,Supplier,KORDSA,BA,,,400-5,Program Info,,SAP Status,ddlSAPStatusDesc,,,See base specification
RFB05L,1,Supplier,KORDSA,BA,,,400-5,Program Info,,,ieSAPStatusCode,,,ZZ
RFLH23MA,1,Supplier,SRF,MANALI,,,LH23MA,Program Info,,Reason for Program,mleReasProg,,,
RFLH23MA,1,Supplier,SRF,MANALI,,,LH23MA,Program Info,,Program Type,ddlProgramType,,,
RFLH23MA,1,Supplier,SRF,MANALI,,,LH23MA,Program Info,,Requested By,cbReqBy,,,
RFLH23MA,1,Supplier,SRF,MANALI,,,LH23MA,Program Info,,Assigned To,mleAssignedTo,,,
RFLH23MA,1,Supplier,SRF,MANALI,,,LH23MA,Program Info,,NA,cbRegionNA,,,0
RFLH23MA,1,Supplier,SRF,MANALI,,,LH23MA,Program Info,,LA,cbRegionLA,,,0
RFLH23MA,1,Supplier,SRF,MANALI,,,LH23MA,Program Info,,EMEA,cbRegionEMEA,,,0
RFLH23MA,1,Supplier,SRF,MANALI,,,LH23MA,Program Info,,Cooper Americas,cbRegionCooperNA,,,0
RFLH23MA,1,Supplier,SRF,MANALI,,,LH23MA,Program Info,,AP,cbRegionAP,,,0
RFLH23MA,1,Supplier,SRF,MANALI,,,LH23MA,Program Info,,Cooper EMEA,cbRegionCooperEMEA,,,0
RFLH23MA,1,Supplier,SRF,MANALI,,,LH23MA,Program Info,,Cooper AP,cbRegionCooperAP,,,0
RFLH23MA,1,Supplier,SRF,MANALI,,,LH23MA,Program Info,,Akron,cbLabAkron,,,0
RFLH23MA,1,Supplier,SRF,MANALI,,,LH23MA,Program Info,,Lux,cbLabLux,,,0
RFLH23MA,1,Supplier,SRF,MANALI,,,LH23MA,Program Info,,Kunshan,cbLabKunshan,,,0
RFLH23MA,1,Supplier,SRF,MANALI,,,LH23MA,Program Info,,EHS Approval Region (hidden),efEHSApprovalReg,,,
RFLH23MA,1,Supplier,SRF,MANALI,,,LH23MA,Program Info,,SAP Status,ddlSAPStatusDesc,,,See base specification
RFLH23MA,1,Supplier,SRF,MANALI,,,LH23MA,Program Info,,,ieSAPStatusCode,,,ZZ
RFJ35ZS,1,Supplier,NGF,GUELPH - ON,,,G30-500,Program Info,,Reason for Program,mleReasProg,,,
RFJ35ZS,1,Supplier,NGF,GUELPH - ON,,,G30-500,Program Info,,Program Type,ddlProgramType,,,
RFJ35ZS,1,Supplier,NGF,GUELPH - ON,,,G30-500,Program Info,,Requested By,cbReqBy,,,
RFJ35ZS,1,Supplier,NGF,GUELPH - ON,,,G30-500,Program Info,,Assigned To,mleAssignedTo,,,
RFJ35ZS,1,Supplier,NGF,GUELPH - ON,,,G30-500,Program Info,,NA,cbRegionNA,,,0
RFJ35ZS,1,Supplier,NGF,GUELPH - ON,,,G30-500,Program Info,,LA,cbRegionLA,,,0
RFJ35ZS,1,Supplier,NGF,GUELPH - ON,,,G30-500,Program Info,,EMEA,cbRegionEMEA,,,0
RFJ35ZS,1,Supplier,NGF,GUELPH - ON,,,G30-500,Program Info,,Cooper Americas,cbRegionCooperNA,,,0
RFJ35ZS,1,Supplier,NGF,GUELPH - ON,,,G30-500,Program Info,,AP,cbRegionAP,,,0
RFJ35ZS,1,Supplier,NGF,GUELPH - ON,,,G30-500,Program Info,,Cooper EMEA,cbRegionCooperEMEA,,,0
RFJ35ZS,1,Supplier,NGF,GUELPH - ON,,,G30-500,Program Info,,Cooper AP,cbRegionCooperAP,,,0
RFJ35ZS,1,Supplier,NGF,GUELPH - ON,,,G30-500,Program Info,,Akron,cbLabAkron,,,0
RFJ35ZS,1,Supplier,NGF,GUELPH - ON,,,G30-500,Program Info,,Lux,cbLabLux,,,0
RFJ35ZS,1,Supplier,NGF,GUELPH - ON,,,G30-500,Program Info,,Kunshan,cbLabKunshan,,,0
RFJ35ZS,1,Supplier,NGF,GUELPH - ON,,,G30-500,Program Info,,EHS Approval Region (hidden),efEHSApprovalReg,,,
RFJ35ZS,1,Supplier,NGF,GUELPH - ON,,,G30-500,Program Info,,SAP Status,ddlSAPStatusDesc,,,See base specification
RFJ35ZS,1,Supplier,NGF,GUELPH - ON,,,G30-500,Program Info,,,ieSAPStatusCode,,,ZZ
RFP01L,1,Supplier,GRODNO KHIMVOLOKNO,GRODNO,,,POLYAMIDE STABILIZED,Program Info,,Reason for Program,mleReasProg,,,
RFP01L,1,Supplier,GRODNO KHIMVOLOKNO,GRODNO,,,POLYAMIDE STABILIZED,Program Info,,Program Type,ddlProgramType,,,
RFP01L,1,Supplier,GRODNO KHIMVOLOKNO,GRODNO,,,POLYAMIDE STABILIZED,Program Info,,Requested By,cbReqBy,,,
RFP01L,1,Supplier,GRODNO KHIMVOLOKNO,GRODNO,,,POLYAMIDE STABILIZED,Program Info,,Assigned To,mleAssignedTo,,,
RFP01L,1,Supplier,GRODNO KHIMVOLOKNO,GRODNO,,,POLYAMIDE STABILIZED,Program Info,,NA,cbRegionNA,,,0
RFP01L,1,Supplier,GRODNO KHIMVOLOKNO,GRODNO,,,POLYAMIDE STABILIZED,Program Info,,LA,cbRegionLA,,,0
RFP01L,1,Supplier,GRODNO KHIMVOLOKNO,GRODNO,,,POLYAMIDE STABILIZED,Program Info,,EMEA,cbRegionEMEA,,,0
RFP01L,1,Supplier,GRODNO KHIMVOLOKNO,GRODNO,,,POLYAMIDE STABILIZED,Program Info,,Cooper Americas,cbRegionCooperNA,,,0
RFP01L,1,Supplier,GRODNO KHIMVOLOKNO,GRODNO,,,POLYAMIDE STABILIZED,Program Info,,AP,cbRegionAP,,,0
RFP01L,1,Supplier,GRODNO KHIMVOLOKNO,GRODNO,,,POLYAMIDE STABILIZED,Program Info,,Cooper EMEA,cbRegionCooperEMEA,,,0
RFP01L,1,Supplier,GRODNO KHIMVOLOKNO,GRODNO,,,POLYAMIDE STABILIZED,Program Info,,Cooper AP,cbRegionCooperAP,,,0
RFP01L,1,Supplier,GRODNO KHIMVOLOKNO,GRODNO,,,POLYAMIDE STABILIZED,Program Info,,Akron,cbLabAkron,,,0
RFP01L,1,Supplier,GRODNO KHIMVOLOKNO,GRODNO,,,POLYAMIDE STABILIZED,Program Info,,Lux,cbLabLux,,,0
RFP01L,1,Supplier,GRODNO KHIMVOLOKNO,GRODNO,,,POLYAMIDE STABILIZED,Program Info,,Kunshan,cbLabKunshan,,,0
RFP01L,1,Supplier,GRODNO KHIMVOLOKNO,GRODNO,,,POLYAMIDE STABILIZED,Program Info,,EHS Approval Region (hidden),efEHSApprovalReg,,,
RFP01L,1,Supplier,GRODNO KHIMVOLOKNO,GRODNO,,,POLYAMIDE STABILIZED,Program Info,,SAP Status,ddlSAPStatusDesc,,,See base specification
RFP01L,1,Supplier,GRODNO KHIMVOLOKNO,GRODNO,,,POLYAMIDE STABILIZED,Program Info,,,ieSAPStatusCode,,,ZZ
RFCH,1,Supplier,BEKAERT,CLARKSDALE,,,041CH,Program Info,,Reason for Program,mleReasProg,,,
RFCH,1,Supplier,BEKAERT,CLARKSDALE,,,041CH,Program Info,,Program Type,ddlProgramType,,,
RFCH,1,Supplier,BEKAERT,CLARKSDALE,,,041CH,Program Info,,Requested By,cbReqBy,,,
RFCH,1,Supplier,BEKAERT,CLARKSDALE,,,041CH,Program Info,,Assigned To,mleAssignedTo,,,
RFCH,1,Supplier,BEKAERT,CLARKSDALE,,,041CH,Program Info,,NA,cbRegionNA,,,0
RFCH,1,Supplier,BEKAERT,CLARKSDALE,,,041CH,Program Info,,LA,cbRegionLA,,,0
RFCH,1,Supplier,BEKAERT,CLARKSDALE,,,041CH,Program Info,,EMEA,cbRegionEMEA,,,0
RFCH,1,Supplier,BEKAERT,CLARKSDALE,,,041CH,Program Info,,Cooper Americas,cbRegionCooperNA,,,0
RFCH,1,Supplier,BEKAERT,CLARKSDALE,,,041CH,Program Info,,AP,cbRegionAP,,,0
RFCH,1,Supplier,BEKAERT,CLARKSDALE,,,041CH,Program Info,,Cooper EMEA,cbRegionCooperEMEA,,,0
RFCH,1,Supplier,BEKAERT,CLARKSDALE,,,041CH,Program Info,,Cooper AP,cbRegionCooperAP,,,0
RFCH,1,Supplier,BEKAERT,CLARKSDALE,,,041CH,Program Info,,Akron,cbLabAkron,,,0
RFCH,1,Supplier,BEKAERT,CLARKSDALE,,,041CH,Program Info,,Lux,cbLabLux,,,0
RFCH,1,Supplier,BEKAERT,CLARKSDALE,,,041CH,Program Info,,Kunshan,cbLabKunshan,,,0
RFCH,1,Supplier,BEKAERT,CLARKSDALE,,,041CH,Program Info,,EHS Approval Region (hidden),efEHSApprovalReg,,,
RFCH,1,Supplier,BEKAERT,CLARKSDALE,,,041CH,Program Info,,SAP Status,ddlSAPStatusDesc,,,See base specification
RFCH,1,Supplier,BEKAERT,CLARKSDALE,,,041CH,Program Info,,,ieSAPStatusCode,,,ZZ
RFCH,1,Supplier,BMZ,MICORD,,,311CH,Program Info,,Reason for Program,mleReasProg,,,
RFCH,1,Supplier,BMZ,MICORD,,,311CH,Program Info,,Program Type,ddlProgramType,,,
RFCH,1,Supplier,BMZ,MICORD,,,311CH,Program Info,,Requested By,cbReqBy,,,
RFCH,1,Supplier,BMZ,MICORD,,,311CH,Program Info,,Assigned To,mleAssignedTo,,,
RFCH,1,Supplier,BMZ,MICORD,,,311CH,Program Info,,NA,cbRegionNA,,,0
RFCH,1,Supplier,BMZ,MICORD,,,311CH,Program Info,,LA,cbRegionLA,,,0
RFCH,1,Supplier,BMZ,MICORD,,,311CH,Program Info,,EMEA,cbRegionEMEA,,,0
RFCH,1,Supplier,BMZ,MICORD,,,311CH,Program Info,,Cooper Americas,cbRegionCooperNA,,,0
RFCH,1,Supplier,BMZ,MICORD,,,311CH,Program Info,,AP,cbRegionAP,,,0
RFCH,1,Supplier,BMZ,MICORD,,,311CH,Program Info,,Cooper EMEA,cbRegionCooperEMEA,,,0
RFCH,1,Supplier,BMZ,MICORD,,,311CH,Program Info,,Cooper AP,cbRegionCooperAP,,,0
RFCH,1,Supplier,BMZ,MICORD,,,311CH,Program Info,,Akron,cbLabAkron,,,0
RFCH,1,Supplier,BMZ,MICORD,,,311CH,Program Info,,Lux,cbLabLux,,,0
RFCH,1,Supplier,BMZ,MICORD,,,311CH,Program Info,,Kunshan,cbLabKunshan,,,0
RFCH,1,Supplier,BMZ,MICORD,,,311CH,Program Info,,EHS Approval Region (hidden),efEHSApprovalReg,,,
RFCH,1,Supplier,BMZ,MICORD,,,311CH,Program Info,,SAP Status,ddlSAPStatusDesc,,,See base specification
RFCH,1,Supplier,BMZ,MICORD,,,311CH,Program Info,,,ieSAPStatusCode,,,ZZ
RFCH,1,Supplier,EMCOCABLES,BOGOTA,,,051CH,Program Info,,Reason for Program,mleReasProg,,,
RFCH,1,Supplier,EMCOCABLES,BOGOTA,,,051CH,Program Info,,Program Type,ddlProgramType,,,
RFCH,1,Supplier,EMCOCABLES,BOGOTA,,,051CH,Program Info,,Requested By,cbReqBy,,,
RFCH,1,Supplier,EMCOCABLES,BOGOTA,,,051CH,Program Info,,Assigned To,mleAssignedTo,,,
RFCH,1,Supplier,EMCOCABLES,BOGOTA,,,051CH,Program Info,,NA,cbRegionNA,,,0
RFCH,1,Supplier,EMCOCABLES,BOGOTA,,,051CH,Program Info,,LA,cbRegionLA,,,0
RFCH,1,Supplier,EMCOCABLES,BOGOTA,,,051CH,Program Info,,EMEA,cbRegionEMEA,,,0
RFCH,1,Supplier,EMCOCABLES,BOGOTA,,,051CH,Program Info,,Cooper Americas,cbRegionCooperNA,,,0
RFCH,1,Supplier,EMCOCABLES,BOGOTA,,,051CH,Program Info,,AP,cbRegionAP,,,0
RFCH,1,Supplier,EMCOCABLES,BOGOTA,,,051CH,Program Info,,Cooper EMEA,cbRegionCooperEMEA,,,0
RFCH,1,Supplier,EMCOCABLES,BOGOTA,,,051CH,Program Info,,Cooper AP,cbRegionCooperAP,,,0
RFCH,1,Supplier,EMCOCABLES,BOGOTA,,,051CH,Program Info,,Akron,cbLabAkron,,,0
RFCH,1,Supplier,EMCOCABLES,BOGOTA,,,051CH,Program Info,,Lux,cbLabLux,,,0
RFCH,1,Supplier,EMCOCABLES,BOGOTA,,,051CH,Program Info,,Kunshan,cbLabKunshan,,,0
RFCH,1,Supplier,EMCOCABLES,BOGOTA,,,051CH,Program Info,,EHS Approval Region (hidden),efEHSApprovalReg,,,
RFCH,1,Supplier,EMCOCABLES,BOGOTA,,,051CH,Program Info,,SAP Status,ddlSAPStatusDesc,,,See base specification
RFCH,1,Supplier,EMCOCABLES,BOGOTA,,,051CH,Program Info,,,ieSAPStatusCode,,,ZZ
RFCH,1,Supplier,GUSTAV WOLF,GUTERSLOH,,,071CH,Program Info,,Reason for Program,mleReasProg,,,
RFCH,1,Supplier,GUSTAV WOLF,GUTERSLOH,,,071CH,Program Info,,Program Type,ddlProgramType,,,
RFCH,1,Supplier,GUSTAV WOLF,GUTERSLOH,,,071CH,Program Info,,Requested By,cbReqBy,,,
RFCH,1,Supplier,GUSTAV WOLF,GUTERSLOH,,,071CH,Program Info,,Assigned To,mleAssignedTo,,,
RFCH,1,Supplier,GUSTAV WOLF,GUTERSLOH,,,071CH,Program Info,,NA,cbRegionNA,,,0
RFCH,1,Supplier,GUSTAV WOLF,GUTERSLOH,,,071CH,Program Info,,LA,cbRegionLA,,,0
RFCH,1,Supplier,GUSTAV WOLF,GUTERSLOH,,,071CH,Program Info,,EMEA,cbRegionEMEA,,,0
RFCH,1,Supplier,GUSTAV WOLF,GUTERSLOH,,,071CH,Program Info,,Cooper Americas,cbRegionCooperNA,,,0
RFCH,1,Supplier,GUSTAV WOLF,GUTERSLOH,,,071CH,Program Info,,AP,cbRegionAP,,,0
RFCH,1,Supplier,GUSTAV WOLF,GUTERSLOH,,,071CH,Program Info,,Cooper EMEA,cbRegionCooperEMEA,,,0
RFCH,1,Supplier,GUSTAV WOLF,GUTERSLOH,,,071CH,Program Info,,Cooper AP,cbRegionCooperAP,,,0
RFCH,1,Supplier,GUSTAV WOLF,GUTERSLOH,,,071CH,Program Info,,Akron,cbLabAkron,,,0
RFCH,1,Supplier,GUSTAV WOLF,GUTERSLOH,,,071CH,Program Info,,Lux,cbLabLux,,,0
RFCH,1,Supplier,GUSTAV WOLF,GUTERSLOH,,,071CH,Program Info,,Kunshan,cbLabKunshan,,,0
RFCH,1,Supplier,GUSTAV WOLF,GUTERSLOH,,,071CH,Program Info,,EHS Approval Region (hidden),efEHSApprovalReg,,,
RFCH,1,Supplier,GUSTAV WOLF,GUTERSLOH,,,071CH,Program Info,,SAP Status,ddlSAPStatusDesc,,,See base specification
RFCH,1,Supplier,GUSTAV WOLF,GUTERSLOH,,,071CH,Program Info,,,ieSAPStatusCode,,,ZZ
RFCH,1,Supplier,BEKAERT,AALTER,,,021CH,Program Info,,Reason for Program,mleReasProg,,,
RFCH,1,Supplier,BEKAERT,AALTER,,,021CH,Program Info,,Program Type,ddlProgramType,,,
RFCH,1,Supplier,BEKAERT,AALTER,,,021CH,Program Info,,Requested By,cbReqBy,,,
RFCH,1,Supplier,BEKAERT,AALTER,,,021CH,Program Info,,Assigned To,mleAssignedTo,,,
RFCH,1,Supplier,BEKAERT,AALTER,,,021CH,Program Info,,NA,cbRegionNA,,,0
RFCH,1,Supplier,BEKAERT,AALTER,,,021CH,Program Info,,LA,cbRegionLA,,,0
RFCH,1,Supplier,BEKAERT,AALTER,,,021CH,Program Info,,EMEA,cbRegionEMEA,,,0
RFCH,1,Supplier,BEKAERT,AALTER,,,021CH,Program Info,,Cooper Americas,cbRegionCooperNA,,,0
RFCH,1,Supplier,BEKAERT,AALTER,,,021CH,Program Info,,AP,cbRegionAP,,,0
RFCH,1,Supplier,BEKAERT,AALTER,,,021CH,Program Info,,Cooper EMEA,cbRegionCooperEMEA,,,0
RFCH,1,Supplier,BEKAERT,AALTER,,,021CH,Program Info,,Cooper AP,cbRegionCooperAP,,,0
RFCH,1,Supplier,BEKAERT,AALTER,,,021CH,Program Info,,Akron,cbLabAkron,,,0
RFCH,1,Supplier,BEKAERT,AALTER,,,021CH,Program Info,,Lux,cbLabLux,,,0
RFCH,1,Supplier,BEKAERT,AALTER,,,021CH,Program Info,,Kunshan,cbLabKunshan,,,0
RFCH,1,Supplier,BEKAERT,AALTER,,,021CH,Program Info,,EHS Approval Region (hidden),efEHSApprovalReg,,,
RFCH,1,Supplier,BEKAERT,AALTER,,,021CH,Program Info,,SAP Status,ddlSAPStatusDesc,,,See base specification
RFCH,1,Supplier,BEKAERT,AALTER,,,021CH,Program Info,,,ieSAPStatusCode,,,ZZ
RFCH,1,Supplier,SCAW METALS,JOHANNESBURG,,,271CH,Program Info,,Reason for Program,mleReasProg,,,
RFCH,1,Supplier,SCAW METALS,JOHANNESBURG,,,271CH,Program Info,,Program Type,ddlProgramType,,,
RFCH,1,Supplier,SCAW METALS,JOHANNESBURG,,,271CH,Program Info,,Requested By,cbReqBy,,,
RFCH,1,Supplier,SCAW METALS,JOHANNESBURG,,,271CH,Program Info,,Assigned To,mleAssignedTo,,,
RFCH,1,Supplier,SCAW METALS,JOHANNESBURG,,,271CH,Program Info,,NA,cbRegionNA,,,0
RFCH,1,Supplier,SCAW METALS,JOHANNESBURG,,,271CH,Program Info,,LA,cbRegionLA,,,0
RFCH,1,Supplier,SCAW METALS,JOHANNESBURG,,,271CH,Program Info,,EMEA,cbRegionEMEA,,,0
RFCH,1,Supplier,SCAW METALS,JOHANNESBURG,,,271CH,Program Info,,Cooper Americas,cbRegionCooperNA,,,0
RFCH,1,Supplier,SCAW METALS,JOHANNESBURG,,,271CH,Program Info,,AP,cbRegionAP,,,0
RFCH,1,Supplier,SCAW METALS,JOHANNESBURG,,,271CH,Program Info,,Cooper EMEA,cbRegionCooperEMEA,,,0
RFCH,1,Supplier,SCAW METALS,JOHANNESBURG,,,271CH,Program Info,,Cooper AP,cbRegionCooperAP,,,0
RFCH,1,Supplier,SCAW METALS,JOHANNESBURG,,,271CH,Program Info,,Akron,cbLabAkron,,,0
RFCH,1,Supplier,SCAW METALS,JOHANNESBURG,,,271CH,Program Info,,Lux,cbLabLux,,,0
RFCH,1,Supplier,SCAW METALS,JOHANNESBURG,,,271CH,Program Info,,Kunshan,cbLabKunshan,,,0
RFCH,1,Supplier,SCAW METALS,JOHANNESBURG,,,271CH,Program Info,,EHS Approval Region (hidden),efEHSApprovalReg,,,
RFCH,1,Supplier,SCAW METALS,JOHANNESBURG,,,271CH,Program Info,,SAP Status,ddlSAPStatusDesc,,,See base specification
RFCH,1,Supplier,SCAW METALS,JOHANNESBURG,,,271CH,Program Info,,,ieSAPStatusCode,,,ZZ
RFCH,1,Supplier,CELIK HALAT,IZMIT,,,031CH,Program Info,,Reason for Program,mleReasProg,,,
RFCH,1,Supplier,CELIK HALAT,IZMIT,,,031CH,Program Info,,Program Type,ddlProgramType,,,
RFCH,1,Supplier,CELIK HALAT,IZMIT,,,031CH,Program Info,,Requested By,cbReqBy,,,
RFCH,1,Supplier,CELIK HALAT,IZMIT,,,031CH,Program Info,,Assigned To,mleAssignedTo,,,
RFCH,1,Supplier,CELIK HALAT,IZMIT,,,031CH,Program Info,,NA,cbRegionNA,,,0
RFCH,1,Supplier,CELIK HALAT,IZMIT,,,031CH,Program Info,,LA,cbRegionLA,,,0
RFCH,1,Supplier,CELIK HALAT,IZMIT,,,031CH,Program Info,,EMEA,cbRegionEMEA,,,0
RFCH,1,Supplier,CELIK HALAT,IZMIT,,,031CH,Program Info,,Cooper Americas,cbRegionCooperNA,,,0
RFCH,1,Supplier,CELIK HALAT,IZMIT,,,031CH,Program Info,,AP,cbRegionAP,,,0
RFCH,1,Supplier,CELIK HALAT,IZMIT,,,031CH,Program Info,,Cooper EMEA,cbRegionCooperEMEA,,,0
RFCH,1,Supplier,CELIK HALAT,IZMIT,,,031CH,Program Info,,Cooper AP,cbRegionCooperAP,,,0
RFCH,1,Supplier,CELIK HALAT,IZMIT,,,031CH,Program Info,,Akron,cbLabAkron,,,0
RFCH,1,Supplier,CELIK HALAT,IZMIT,,,031CH,Program Info,,Lux,cbLabLux,,,0
RFCH,1,Supplier,CELIK HALAT,IZMIT,,,031CH,Program Info,,Kunshan,cbLabKunshan,,,0
RFCH,1,Supplier,CELIK HALAT,IZMIT,,,031CH,Program Info,,EHS Approval Region (hidden),efEHSApprovalReg,,,
RFCH,1,Supplier,CELIK HALAT,IZMIT,,,031CH,Program Info,,SAP Status,ddlSAPStatusDesc,,,See base specification
RFCH,1,Supplier,CELIK HALAT,IZMIT,,,031CH,Program Info,,,ieSAPStatusCode,,,ZZ
RFF07Q,1,Supplier,INDORAMA VENTURES MOBILITY (Performance ,"LONGLAVILLE,   FRANCE ",,,1x53,Program Info,,Reason for Program,mleReasProg,,,
RFF07Q,1,Supplier,INDORAMA VENTURES MOBILITY (Performance ,"LONGLAVILLE,   FRANCE ",,,1x53,Program Info,,Program Type,ddlProgramType,,,
RFF07Q,1,Supplier,INDORAMA VENTURES MOBILITY (Performance ,"LONGLAVILLE,   FRANCE ",,,1x53,Program Info,,Requested By,cbReqBy,,,
RFF07Q,1,Supplier,INDORAMA VENTURES MOBILITY (Performance ,"LONGLAVILLE,   FRANCE ",,,1x53,Program Info,,Assigned To,mleAssignedTo,,,
RFF07Q,1,Supplier,INDORAMA VENTURES MOBILITY (Performance ,"LONGLAVILLE,   FRANCE ",,,1x53,Program Info,,NA,cbRegionNA,,,0
RFF07Q,1,Supplier,INDORAMA VENTURES MOBILITY (Performance ,"LONGLAVILLE,   FRANCE ",,,1x53,Program Info,,LA,cbRegionLA,,,0
RFF07Q,1,Supplier,INDORAMA VENTURES MOBILITY (Performance ,"LONGLAVILLE,   FRANCE ",,,1x53,Program Info,,EMEA,cbRegionEMEA,,,0
RFF07Q,1,Supplier,INDORAMA VENTURES MOBILITY (Performance ,"LONGLAVILLE,   FRANCE ",,,1x53,Program Info,,Cooper Americas,cbRegionCooperNA,,,0
RFF07Q,1,Supplier,INDORAMA VENTURES MOBILITY (Performance ,"LONGLAVILLE,   FRANCE ",,,1x53,Program Info,,AP,cbRegionAP,,,0
RFF07Q,1,Supplier,INDORAMA VENTURES MOBILITY (Performance ,"LONGLAVILLE,   FRANCE ",,,1x53,Program Info,,Cooper EMEA,cbRegionCooperEMEA,,,0
RFF07Q,1,Supplier,INDORAMA VENTURES MOBILITY (Performance ,"LONGLAVILLE,   FRANCE ",,,1x53,Program Info,,Cooper AP,cbRegionCooperAP,,,0
RFF07Q,1,Supplier,INDORAMA VENTURES MOBILITY (Performance ,"LONGLAVILLE,   FRANCE ",,,1x53,Program Info,,Akron,cbLabAkron,,,0
RFF07Q,1,Supplier,INDORAMA VENTURES MOBILITY (Performance ,"LONGLAVILLE,   FRANCE ",,,1x53,Program Info,,Lux,cbLabLux,,,0
RFF07Q,1,Supplier,INDORAMA VENTURES MOBILITY (Performance ,"LONGLAVILLE,   FRANCE ",,,1x53,Program Info,,Kunshan,cbLabKunshan,,,0
RFF07Q,1,Supplier,INDORAMA VENTURES MOBILITY (Performance ,"LONGLAVILLE,   FRANCE ",,,1x53,Program Info,,EHS Approval Region (hidden),efEHSApprovalReg,,,
RFF07Q,1,Supplier,INDORAMA VENTURES MOBILITY (Performance ,"LONGLAVILLE,   FRANCE ",,,1x53,Program Info,,SAP Status,ddlSAPStatusDesc,,,See base specification
RFF07Q,1,Supplier,INDORAMA VENTURES MOBILITY (Performance ,"LONGLAVILLE,   FRANCE ",,,1x53,Program Info,,,ieSAPStatusCode,,,ZZ
RFKC15JR,1,Supplier,HYOSUNG CORPORATION,DECATUR,,,KC15JR,Program Info,,Reason for Program,mleReasProg,,,
RFKC15JR,1,Supplier,HYOSUNG CORPORATION,DECATUR,,,KC15JR,Program Info,,Program Type,ddlProgramType,,,
RFKC15JR,1,Supplier,HYOSUNG CORPORATION,DECATUR,,,KC15JR,Program Info,,Requested By,cbReqBy,,,
RFKC15JR,1,Supplier,HYOSUNG CORPORATION,DECATUR,,,KC15JR,Program Info,,Assigned To,mleAssignedTo,,,
RFKC15JR,1,Supplier,HYOSUNG CORPORATION,DECATUR,,,KC15JR,Program Info,,NA,cbRegionNA,,,0
RFKC15JR,1,Supplier,HYOSUNG CORPORATION,DECATUR,,,KC15JR,Program Info,,LA,cbRegionLA,,,0
RFKC15JR,1,Supplier,HYOSUNG CORPORATION,DECATUR,,,KC15JR,Program Info,,EMEA,cbRegionEMEA,,,0
RFKC15JR,1,Supplier,HYOSUNG CORPORATION,DECATUR,,,KC15JR,Program Info,,Cooper Americas,cbRegionCooperNA,,,0
RFKC15JR,1,Supplier,HYOSUNG CORPORATION,DECATUR,,,KC15JR,Program Info,,AP,cbRegionAP,,,0
RFKC15JR,1,Supplier,HYOSUNG CORPORATION,DECATUR,,,KC15JR,Program Info,,Cooper EMEA,cbRegionCooperEMEA,,,0
RFKC15JR,1,Supplier,HYOSUNG CORPORATION,DECATUR,,,KC15JR,Program Info,,Cooper AP,cbRegionCooperAP,,,0
RFKC15JR,1,Supplier,HYOSUNG CORPORATION,DECATUR,,,KC15JR,Program Info,,Akron,cbLabAkron,,,0
RFKC15JR,1,Supplier,HYOSUNG CORPORATION,DECATUR,,,KC15JR,Program Info,,Lux,cbLabLux,,,0
RFKC15JR,1,Supplier,HYOSUNG CORPORATION,DECATUR,,,KC15JR,Program Info,,Kunshan,cbLabKunshan,,,0
RFKC15JR,1,Supplier,HYOSUNG CORPORATION,DECATUR,,,KC15JR,Program Info,,EHS Approval Region (hidden),efEHSApprovalReg,,,
RFKC15JR,1,Supplier,HYOSUNG CORPORATION,DECATUR,,,KC15JR,Program Info,,SAP Status,ddlSAPStatusDesc,,,See base specification
RFKC15JR,1,Supplier,HYOSUNG CORPORATION,DECATUR,,,KC15JR,Program Info,,,ieSAPStatusCode,,,ZZ
RFFP,1,Supplier,KISWIRE,CHANGWON,,,F501FP,Supplier/Agent Info,,Agent to Break Bulk?,cbBreakBulk,,,
RFFP,1,Supplier,BEKAERT,SHENYANG BSAP,,,BL01FP,Supplier/Agent Info,,Agent to Break Bulk?,cbBreakBulk,,,
RFCH,1,Supplier,JIANGSU XINGDA,PLANT 2 - XING HUA,,,401CH,Supplier/Agent Info,,Agent to Break Bulk?,cbBreakBulk,,,
RFFP,1,Supplier,HYOSUNG CORPORATION,DONG NAI - STEELCORD,,,C401FP,Supplier/Agent Info,,Agent to Break Bulk?,cbBreakBulk,,,
RFCH,1,Supplier,BEKAERT,JIANGYIN,,,028CH,Supplier/Agent Info,,Agent to Break Bulk?,cbBreakBulk,,,
RFCH,1,Supplier,BEKAERT,SLADKOVICOVO,,,027CH,Supplier/Agent Info,,Agent to Break Bulk?,cbBreakBulk,,,
RFQC32PF,1,Supplier,KORDSA,IZMIT,,,Z05QC32PF,Supplier/Agent Info,,Agent to Break Bulk?,cbBreakBulk,,,
RFCH,1,Supplier,KISWIRE,CZECH REPUBLIC,,,248CH,Supplier/Agent Info,,Agent to Break Bulk?,cbBreakBulk,,,
RFCH,1,Supplier,HYOSUNG CORPORATION,DONG NAI - STEELCORD,,,262CH,Supplier/Agent Info,,Agent to Break Bulk?,cbBreakBulk,,,
RFCH,1,Supplier,SHANDONG SNTON,SHANDONG,,,421CH,Supplier/Agent Info,,Agent to Break Bulk?,cbBreakBulk,,,
RFCH,1,Supplier,SHANDONG DAYE CO. LTD,SHANDONG XINXING INDUSTRIAL PARK,,,411CH,Supplier/Agent Info,,Agent to Break Bulk?,cbBreakBulk,,,
RFFP,1,Supplier,HYOSUNG CORPORATION,DONG NAI,,,C403FP,Supplier/Agent Info,,Agent to Break Bulk?,cbBreakBulk,,,
RFCH,1,Supplier,SHANDONG DAYE CO. LTD,SHANDONG XINXING INDUSTRIAL PARK,,,431CH,Supplier/Agent Info,,Agent to Break Bulk?,cbBreakBulk,,,
RFCH,1,Supplier,KISWIRE,RONGCHENG CITY,,,252CH,Supplier/Agent Info,,Agent to Break Bulk?,cbBreakBulk,,,
RFFP,1,Supplier,HYOSUNG CORPORATION,DONG NAI - STEELCORD,,,C402FP,Supplier/Agent Info,,Agent to Break Bulk?,cbBreakBulk,,,
RFCH,1,Supplier,BEKAERT,ITAUNA - BRAZIL (BEAD WIRE),,,029CH,Supplier/Agent Info,,Agent to Break Bulk?,cbBreakBulk,,,
RFCH,1,Supplier,KISWIRE,Pine Bluff,,,247CH,Supplier/Agent Info,,Agent to Break Bulk?,cbBreakBulk,,,
RFCH,1,Supplier,KERN,TRINEC - KONSKA,,,391CH,Supplier/Agent Info,,Agent to Break Bulk?,cbBreakBulk,,,
RFLC16SD,1,Supplier,JUNMA,ZHANGJIAGANG,,,U08LC16SD,Supplier/Agent Info,,Agent to Break Bulk?,cbBreakBulk,,,
RFCH,1,Supplier,KISWIRE,QINGDAO,,,246CH,Supplier/Agent Info,,Agent to Break Bulk?,cbBreakBulk,,,
RFCH,1,Supplier,NATIONAL STANDARD,STILLWATER,,,142CH,Supplier/Agent Info,,Agent to Break Bulk?,cbBreakBulk,,,
RFCH,1,Supplier,KISWIRE,NEWBERRY,,,243CH,Supplier/Agent Info,,Agent to Break Bulk?,cbBreakBulk,,,
RFCH,1,Supplier,BMZ,MICORD,,,312CH,Supplier/Agent Info,,Agent to Break Bulk?,cbBreakBulk,,,
RFNT26QA,1,Supplier,HYOSUNG CORPORATION,DECATUR,,,720NT26QA,Supplier/Agent Info,,Agent to Break Bulk?,cbBreakBulk,,,
RFCH,1,Supplier,BEKAERT,ROME,,,022CH,Supplier/Agent Info,,Agent to Break Bulk?,cbBreakBulk,,,
RFCH,1,Supplier,TRAFILERIE MERIDIONALI,CHIETI SCALO,,,201CH,Supplier/Agent Info,,Agent to Break Bulk?,cbBreakBulk,,,
RFCH,1,Supplier,KISWIRE,HONG DUK,,,242CH,Supplier/Agent Info,,Agent to Break Bulk?,cbBreakBulk,,,
RFCH,1,Supplier,BEKAERT,IZMIT,,,023CH,Supplier/Agent Info,,Agent to Break Bulk?,cbBreakBulk,,,
RFCH,1,Supplier,BEKAERT,BRAZIL,,,091CH,Supplier/Agent Info,,Agent to Break Bulk?,cbBreakBulk,,,
RFS01Q,1,Supplier,HYOSUNG CORPORATION,DONG NAI,,,HSP-40,Supplier/Agent Info,,Agent to Break Bulk?,cbBreakBulk,,,
RFE09A,1,Supplier,DUPONT,MAYDOWN,,,950,Supplier/Agent Info,,Agent to Break Bulk?,cbBreakBulk,,,
RFQ09R,1,Supplier,INDORAMA VENTURES MOBILITY,LOVOSICE,,,Rayon 1220 dtex super II,Supplier/Agent Info,,Agent to Break Bulk?,cbBreakBulk,,,
RFS03N,1,Supplier,HYOSUNG CORPORATION,DONG NAI,,,HND-20,Supplier/Agent Info,,Agent to Break Bulk?,cbBreakBulk,,,
RFFP,1,Supplier,HYOSUNG CORPORATION,EONYANG,,,C101FP,Supplier/Agent Info,,Agent to Break Bulk?,cbBreakBulk,,,
RFTQ26HF,1,Supplier,HYOSUNG CORPORATION,DECATUR,,,TQ26HF,Supplier/Agent Info,,Agent to Break Bulk?,cbBreakBulk,,,
RFFP,1,Supplier,JIAXING EASTERN,TENGZHOU EASTERN STEEL CORD CO. LTD,,,Y201FP,Supplier/Agent Info,,Agent to Break Bulk?,cbBreakBulk,,,
RFM14LP19JA,1,Supplier,DURAFIBER,QUERETARO,,,LP19JA,Supplier/Agent Info,,Agent to Break Bulk?,cbBreakBulk,,,
RFZ01NG30GA,1,Supplier,HYOSUNG CORPORATION,LISA,,,G09NG30GA,Supplier/Agent Info,,Agent to Break Bulk?,cbBreakBulk,,,
RFFA01WY,1,Supplier,KISWIRE,SZENTGOTTHARD,,,FA01WY,Supplier/Agent Info,,Agent to Break Bulk?,cbBreakBulk,,,
RFFC01FR,1,Supplier,KISWIRE,MALAYSIA,,,FC01FR,Supplier/Agent Info,,Agent to Break Bulk?,cbBreakBulk,,,
RFTEST1,1,Supplier,GOODYEAR TIRE AND RUBBER,AKRON,,,UNSPECIFIED,Supplier/Agent Info,,Agent to Break Bulk?,cbBreakBulk,,,
RFJOAX_FDC,7,Supplier,PPG INDUSTRIES,TOLL-ORIENTAL SILICA,,,UNSPECIFIED,Supplier/Agent Info,,Agent to Break Bulk?,cbBreakBulk,,,
RFJOAX_FDC,7,Supplier,DIAMOND SHAMROCK CHEMICAL,UNSPECIFIED,,,UNSPECIFIED,Supplier/Agent Info,,Agent to Break Bulk?,cbBreakBulk,,,
RFJOAX_FDC,7,Supplier,"ALLIED CHEMICAL, SOLVAY",BRUSSELS,,,UNSPECIFIED,Supplier/Agent Info,,Agent to Break Bulk?,cbBreakBulk,,,
RFJOAX_FDC,7,Supplier,BILLARPUR,INDIA,,,UNSPECIFIED,Supplier/Agent Info,,Agent to Break Bulk?,cbBreakBulk,,,
RFU07L,1,Supplier,JUNMA,ZHANGJIAGANG,,,U07L,Supplier/Agent Info,,Agent to Break Bulk?,cbBreakBulk,,,
RFQC32PF,1,Supplier,HYOSUNG CORPORATION,LISA,,,QC32PF,Supplier/Agent Info,,Agent to Break Bulk?,cbBreakBulk,,,
RFFP,1,Supplier,PIRELLI,FIGLINE,,,P101FP,Supplier/Agent Info,,Agent to Break Bulk?,cbBreakBulk,,,
RFQU26PF,1,Supplier,HYOSUNG CORPORATION,LISA,,,QU26PF,Supplier/Agent Info,,Agent to Break Bulk?,cbBreakBulk,,,
RFQV28,1,Supplier,HYOSUNG CORPORATION,DONG NAI,,,QV28,Supplier/Agent Info,,Agent to Break Bulk?,cbBreakBulk,,,
RFCH,1,Supplier,NAT STAN,UITENHAGE,,,145CH,Supplier/Agent Info,,Agent to Break Bulk?,cbBreakBulk,,,
RFQV28,1,Supplier,KORDSA,CAMACARI,,,QV28,Supplier/Agent Info,,Agent to Break Bulk?,cbBreakBulk,,,
RFC17GAZ,1,Supplier,NGF,GUELPH - ON,,,C17GAZ,Supplier/Agent Info,,Agent to Break Bulk?,cbBreakBulk,,,
RFFP,1,Supplier,BEKAERT,AALTER,,,B101FP,Supplier/Agent Info,,Agent to Break Bulk?,cbBreakBulk,,,
RFQV28,1,Supplier,HYOSUNG CORPORATION,ULSAN,,,QV28,Supplier/Agent Info,,Agent to Break Bulk?,cbBreakBulk,,,
RFNJ27JF,1,Supplier,HYOSUNG CORPORATION,AMERICANA,,,NJ27JF,Supplier/Agent Info,,Agent to Break Bulk?,cbBreakBulk,,,
RFNT30UA,1,Supplier,HYOSUNG CORPORATION,LISA,,,NT30UA,Supplier/Agent Info,,Agent to Break Bulk?,cbBreakBulk,,,
RFLV19JA,1,Supplier,HYOSUNG CORPORATION,AMERICANA,,,LV19JA,Supplier/Agent Info,,Agent to Break Bulk?,cbBreakBulk,,,
RFNC16KR,1,Supplier,HYOSUNG CORPORATION,UTICA,,,NC16KR,Supplier/Agent Info,,Agent to Break Bulk?,cbBreakBulk,,,
RF9496,1,Supplier,FRONTIER SPINNING MILLS,SANDFORD,,,FILL,Supplier/Agent Info,,Agent to Break Bulk?,cbBreakBulk,,,
RFFP,1,Supplier,HYOSUNG CORPORATION,ASHEBORO,,,C201FP,Supplier/Agent Info,,Agent to Break Bulk?,cbBreakBulk,,,
RFB05L,1,Supplier,KORDSA,BA,,,400-5,Supplier/Agent Info,,Agent to Break Bulk?,cbBreakBulk,,,
RFLH23MA,1,Supplier,SRF,MANALI,,,LH23MA,Supplier/Agent Info,,Agent to Break Bulk?,cbBreakBulk,,,
RFJ35ZS,1,Supplier,NGF,GUELPH - ON,,,G30-500,Supplier/Agent Info,,Agent to Break Bulk?,cbBreakBulk,,,
RFP01L,1,Supplier,GRODNO KHIMVOLOKNO,GRODNO,,,POLYAMIDE STABILIZED,Supplier/Agent Info,,Agent to Break Bulk?,cbBreakBulk,,,
RFCH,1,Supplier,BEKAERT,CLARKSDALE,,,041CH,Supplier/Agent Info,,Agent to Break Bulk?,cbBreakBulk,,,
RFCH,1,Supplier,BMZ,MICORD,,,311CH,Supplier/Agent Info,,Agent to Break Bulk?,cbBreakBulk,,,
RFCH,1,Supplier,EMCOCABLES,BOGOTA,,,051CH,Supplier/Agent Info,,Agent to Break Bulk?,cbBreakBulk,,,
RFCH,1,Supplier,GUSTAV WOLF,GUTERSLOH,,,071CH,Supplier/Agent Info,,Agent to Break Bulk?,cbBreakBulk,,,
RFCH,1,Supplier,BEKAERT,AALTER,,,021CH,Supplier/Agent Info,,Agent to Break Bulk?,cbBreakBulk,,,
RFCH,1,Supplier,SCAW METALS,JOHANNESBURG,,,271CH,Supplier/Agent Info,,Agent to Break Bulk?,cbBreakBulk,,,
RFCH,1,Supplier,CELIK HALAT,IZMIT,,,031CH,Supplier/Agent Info,,Agent to Break Bulk?,cbBreakBulk,,,
RFF07Q,1,Supplier,INDORAMA VENTURES MOBILITY (Performance ,"LONGLAVILLE,   FRANCE ",,,1x53,Supplier/Agent Info,,Agent to Break Bulk?,cbBreakBulk,,,
RFKC15JR,1,Supplier,HYOSUNG CORPORATION,DECATUR,,,KC15JR,Supplier/Agent Info,,Agent to Break Bulk?,cbBreakBulk,,,
RFN00001,1,,,,,,,Reinforcement - Basic,,Construction Code - Fabric,cbConCodeFabric,,,Fabric Construction Code
RFN00001,1,,,,,,,Reinforcement - Basic,,Construction Code - Square Woven,cbConCodeSqWov,,,Fabric Squarewoven Construction Code
RFN00001,1,,,,,,,Reinforcement - Basic,,Construction Code - Wire/Cable,cbConCodeWirCab,,,Cable Construction Code
RFN00001,1,,,,,,,Reinforcement - Basic,,Processing Code,cbFabricProcCode,,,Fabric Processing Code
RFN00001,1,,,,,,,Reinforcement - Basic,,Cord Density Code,cbCordDensCode,,,Cord Density Code
RFN00001,1,,,,,,,Reinforcement - Basic,,EPI,cbEPI,,,Calculated Ends per Inch
RFN00001,1,,,,,,,Reinforcement - Basic,,Fill Cord (Type),ddlFillCord,,,Fill Cord
RFN00001,1,,,,,,,Reinforcement - Basic,,Linear Fill Cord Weight (DEN),efLinCorWt,,,Linear Fill Cord Weight DEN
RFN00001,1,,,,,,,Reinforcement - Basic,,Picks per Meter,efPicksPerMeter,,,efPicksPerMeter
RFN00001,1,,,,,,,Reinforcement - Basic,,SAP/SOS Description,efSAPSOSDesc,,,Material description
RFN00001,1,,,,,,,Reinforcement - Basic,,Update Spec Description (hidden),ieSAPSpecDesc,,,
RFN00001,1,,,,,,,Reinforcement - Basic,,Cable Bead Inside Diameter (mm),efCBInsideDia,,,Bead Inside Diameter
RFN00001,1,,,,,,,Reinforcement - Basic,,Cable Bead Comp. Weight (kg),efCBCompWeight,,,Component Weight
RFN00001,1,,,,,,,Reinforcement - Basic,,Cable Bead Gauge (mm),efCBGauge,,,Gauge
RFN00001,1,,,,,,,Reinforcement - Basic,,Cable Bead Coating,ddlCBCoating,,,Cable Bead Coating
RFN00001,1,,,,,,,Reinforcement General Information,,Material Class,ieMaterialClass,,,FABRIC
RFN00001,1,,,,,,,Reinforcement General Information,,Material Subclass,ieMaterialSubclass,,,"NYLON 6,6"
RFN00001,1,,,,,,,Reinforcement General Information,,Material Code,cbMaterialCode,,,RFN00001
RFN00001,1,,,,,,,Reinforcement General Information,,SAP Material Type,cbGBSMatType,,,
RFN00001,1,,,,,,,Reinforcement General Information,,SAP Secondary Material Type,cbGBSMatSecType,,,
RFN00001,1,,,,,,,Reinforcement General Information,,SAP Type of Component,cbGBSTypeComp,,,
RFN00001,1,,,,,,,Reinforcement General Information,,Initial Exp Spec Code (hidden),ieInitialExpSpCode,,,RFN00001
RFN00001,1,,,,,,,Reinforcement General Information,,,ieSAPStatusCode,,,Y1
RFN00001,1,,,,,,,Reinforcement General Information,,SAP Status,ddlSAPStatusDesc,,,Active (Non Development line-up)
RFS00004,1,Supplier,BEKAERT,IZMIT,,,BA01FP,Supplier/Agent Info,,Initial Exp Spec Code (hidden),ieInitialExpSpCode,,,RFS00004
RFS00004,1,Supplier,BEKAERT,IZMIT,,,BA01FP,Supplier/Agent Info,,Material Code,cbMaterialCode,,,RFFP
RFS00004,1,Supplier,BEKAERT,IZMIT,,,BA01FP,Supplier/Agent Info,,Material Description,ieMatDescSupplier,,,
RFS00004,1,Supplier,BEKAERT,IZMIT,,,BA01FP,Supplier/Agent Info,,Supplier,ieSupplier,,,BEKAERT
RFS00004,1,Supplier,BEKAERT,IZMIT,,,BA01FP,Supplier/Agent Info,,Agent,ieAgent,,,
RFS00004,1,Supplier,BEKAERT,IZMIT,,,BA01FP,Supplier/Agent Info,,Supplier Plant,ieSupplierPlant,,,IZMIT
RFS00004,1,Supplier,BEKAERT,IZMIT,,,BA01FP,Supplier/Agent Info,,Agent Plant,ieAgentPlant,,,
RFS00004,1,Supplier,BEKAERT,IZMIT,,,BA01FP,Supplier/Agent Info,,Supplier Plant - City,ieSupplierPlantLocationCity,,,"IZMIT, TURKEY"
RFS00004,1,Supplier,BEKAERT,IZMIT,,,BA01FP,Supplier/Agent Info,,Agent Plant - City,ieAgentPlantLocationCity,,,
RFS00004,1,Supplier,BEKAERT,IZMIT,,,BA01FP,Supplier/Agent Info,,Supplier Plant - State,ieSupplierPlantLocationState,,,Others
RFS00004,1,Supplier,BEKAERT,IZMIT,,,BA01FP,Supplier/Agent Info,,Agent Plant - State,ieAgentPlantLocationState,,,
RFS00004,1,Supplier,BEKAERT,IZMIT,,,BA01FP,Supplier/Agent Info,,Agent Plant - Country,ieAgentPlantLocationCountry,,,
RFS00004,1,Supplier,BEKAERT,IZMIT,,,BA01FP,Supplier/Agent Info,,Supplier Plant - Country,ieSupplierPlantLocationCountry,,,Turkey
RFS00004,1,Supplier,BEKAERT,IZMIT,,,BA01FP,Supplier/Agent Info,,Plant Code,ieSISPlantCode,,,APK
RFS00004,1,Supplier,BEKAERT,IZMIT,,,BA01FP,Supplier/Agent Info,,Plant Code,ieAgentPlantCode,,,
RFS00004,1,Supplier,BEKAERT,IZMIT,,,BA01FP,Supplier/Agent Info,,Supplier Trade Name,ieSupplierTradeName,,,BA01FP
RFS00004,1,Supplier,BEKAERT,IZMIT,,,BA01FP,Supplier/Agent Info,,Agent to Break Bulk?,cbBreakBulk,,,
RFS00004,1,Supplier,BEKAERT,IZMIT,,,BA01FP,Program Info,,Reason for Program,mleReasProg,,,Flexibility in Ultra Tensile Program
RFS00004,1,Supplier,BEKAERT,IZMIT,,,BA01FP,Program Info,,Program Type,ddlProgramType,,,New Source
RFS00004,1,Supplier,BEKAERT,IZMIT,,,BA01FP,Program Info,,Requested By,cbReqBy,,,Jennifer L Grace
RFS00004,1,Supplier,BEKAERT,IZMIT,,,BA01FP,Program Info,,Assigned To,mleAssignedTo,,,Rob Wyszynski
RFS00004,1,Supplier,BEKAERT,IZMIT,,,BA01FP,Program Info,,NA,cbRegionNA,,,1
RFS00004,1,Supplier,BEKAERT,IZMIT,,,BA01FP,Program Info,,LA,cbRegionLA,,,0
RFS00004,1,Supplier,BEKAERT,IZMIT,,,BA01FP,Program Info,,EMEA,cbRegionEMEA,,,0
RFS00004,1,Supplier,BEKAERT,IZMIT,,,BA01FP,Program Info,,Cooper Americas,cbRegionCooperNA,,,0
RFS00004,1,Supplier,BEKAERT,IZMIT,,,BA01FP,Program Info,,AP,cbRegionAP,,,0
RFS00004,1,Supplier,BEKAERT,IZMIT,,,BA01FP,Program Info,,Cooper EMEA,cbRegionCooperEMEA,,,0
RFS00004,1,Supplier,BEKAERT,IZMIT,,,BA01FP,Program Info,,Cooper AP,cbRegionCooperAP,,,0
RFS00004,1,Supplier,BEKAERT,IZMIT,,,BA01FP,Program Info,,Akron,cbLabAkron,,,0
RFS00004,1,Supplier,BEKAERT,IZMIT,,,BA01FP,Program Info,,Lux,cbLabLux,,,0
RFS00004,1,Supplier,BEKAERT,IZMIT,,,BA01FP,Program Info,,Kunshan,cbLabKunshan,,,0
RFS00004,1,Supplier,BEKAERT,IZMIT,,,BA01FP,Program Info,,EHS Approval Region (hidden),efEHSApprovalReg,,,
RFS00004,1,Supplier,BEKAERT,IZMIT,,,BA01FP,Program Info,,SAP Status,ddlSAPStatusDesc,,,See base specification
RFS00004,1,Supplier,BEKAERT,IZMIT,,,BA01FP,Program Info,,,ieSAPStatusCode,,,ZZ
RFS00004,1,Supplier,BEKAERT,IZMIT,,,BA01FP,GPS Full Supplier Approval Review,,NA,cbRegionNA,,,1
RFS00004,1,Supplier,BEKAERT,IZMIT,,,BA01FP,GPS Full Supplier Approval Review,,LA,cbRegionLA,,,0
RFS00004,1,Supplier,BEKAERT,IZMIT,,,BA01FP,GPS Full Supplier Approval Review,,AP,cbRegionAP,,,0
RFS00004,1,Supplier,BEKAERT,IZMIT,,,BA01FP,GPS Full Supplier Approval Review,,EMEA,cbRegionEMEA,,,0
RFS00004,1,Supplier,BEKAERT,IZMIT,,,BA01FP,GPS Full Supplier Approval Review,,Cooper Americas,cbRegionCooperNA,,,0
RFS00004,1,Supplier,BEKAERT,IZMIT,,,BA01FP,GPS Full Supplier Approval Review,,Cooper EMEA,cbRegionCooperEMEA,,,0
RFS00004,1,Supplier,BEKAERT,IZMIT,,,BA01FP,GPS Full Supplier Approval Review,,Cooper AP,cbRegionCooperAP,,,0
RFS00004,1,Supplier,BEKAERT,IZMIT,,,BA01FP,GPS Full Supplier Approval Review,,SOS Appr. Reg. for Layout,efSOSApprovalReg,,,NA
RFS00004,1,Supplier,BEKAERT,IZMIT,,,BA01FP,GPS Full Supplier Approval Review,,,mlePlantMatProh,,,
RFS00004,1,Supplier,BEKAERT,IZMIT,,,BA01FP,GPS Full Supplier Approval Review,,Full Approval Prefix Code (hidden),efFullAppCode,,,
RF0040084,1,Supplier,HYOSUNG CORPORATION,DONG NAI,,,QV28,Supplier/Agent Info,,Initial Exp Spec Code (hidden),ieInitialExpSpCode,,,RF0040084
RF0040084,1,Supplier,HYOSUNG CORPORATION,DONG NAI,,,QV28,Supplier/Agent Info,,Material Code,cbMaterialCode,,,RFQV28
RF0040084,1,Supplier,HYOSUNG CORPORATION,DONG NAI,,,QV28,Supplier/Agent Info,,Material Description,ieMatDescSupplier,,,
RF0040084,1,Supplier,HYOSUNG CORPORATION,DONG NAI,,,QV28,Supplier/Agent Info,,Supplier,ieSupplier,,,HYOSUNG CORPORATION
RF0040084,1,Supplier,HYOSUNG CORPORATION,DONG NAI,,,QV28,Supplier/Agent Info,,Agent,ieAgent,,,
RF0040084,1,Supplier,HYOSUNG CORPORATION,DONG NAI,,,QV28,Supplier/Agent Info,,Supplier Plant,ieSupplierPlant,,,DONG NAI
RF0040084,1,Supplier,HYOSUNG CORPORATION,DONG NAI,,,QV28,Supplier/Agent Info,,Agent Plant,ieAgentPlant,,,
RF0040084,1,Supplier,HYOSUNG CORPORATION,DONG NAI,,,QV28,Supplier/Agent Info,,Supplier Plant - City,ieSupplierPlantLocationCity,,,Dong Nai
RF0040084,1,Supplier,HYOSUNG CORPORATION,DONG NAI,,,QV28,Supplier/Agent Info,,Agent Plant - City,ieAgentPlantLocationCity,,,
RF0040084,1,Supplier,HYOSUNG CORPORATION,DONG NAI,,,QV28,Supplier/Agent Info,,Supplier Plant - State,ieSupplierPlantLocationState,,,Others
RF0040084,1,Supplier,HYOSUNG CORPORATION,DONG NAI,,,QV28,Supplier/Agent Info,,Agent Plant - State,ieAgentPlantLocationState,,,
RF0040084,1,Supplier,HYOSUNG CORPORATION,DONG NAI,,,QV28,Supplier/Agent Info,,Agent Plant - Country,ieAgentPlantLocationCountry,,,
RF0040084,1,Supplier,HYOSUNG CORPORATION,DONG NAI,,,QV28,Supplier/Agent Info,,Supplier Plant - Country,ieSupplierPlantLocationCountry,,,Vietnam
RF0040084,1,Supplier,HYOSUNG CORPORATION,DONG NAI,,,QV28,Supplier/Agent Info,,Plant Code,ieSISPlantCode,,,JPK
RF0040084,1,Supplier,HYOSUNG CORPORATION,DONG NAI,,,QV28,Supplier/Agent Info,,Plant Code,ieAgentPlantCode,,,
RF0040084,1,Supplier,HYOSUNG CORPORATION,DONG NAI,,,QV28,Supplier/Agent Info,,Supplier Trade Name,ieSupplierTradeName,,,QV28
RF0040084,1,Supplier,HYOSUNG CORPORATION,DONG NAI,,,QV28,Supplier/Agent Info,,Agent to Break Bulk?,cbBreakBulk,,,
RF0040084,1,Supplier,HYOSUNG CORPORATION,DONG NAI,,,QV28,Program Info,,Reason for Program,mleReasProg,,,Cost Savings
RF0040084,1,Supplier,HYOSUNG CORPORATION,DONG NAI,,,QV28,Program Info,,Program Type,ddlProgramType,,,New Source
RF0040084,1,Supplier,HYOSUNG CORPORATION,DONG NAI,,,QV28,Program Info,,Requested By,cbReqBy,,,
RF0040084,1,Supplier,HYOSUNG CORPORATION,DONG NAI,,,QV28,Program Info,,Assigned To,mleAssignedTo,,,Doug Till
RF0040084,1,Supplier,HYOSUNG CORPORATION,DONG NAI,,,QV28,Program Info,,NA,cbRegionNA,,,0
RF0040084,1,Supplier,HYOSUNG CORPORATION,DONG NAI,,,QV28,Program Info,,LA,cbRegionLA,,,1
RF0040084,1,Supplier,HYOSUNG CORPORATION,DONG NAI,,,QV28,Program Info,,EMEA,cbRegionEMEA,,,0
RF0040084,1,Supplier,HYOSUNG CORPORATION,DONG NAI,,,QV28,Program Info,,Cooper Americas,cbRegionCooperNA,,,0
RF0040084,1,Supplier,HYOSUNG CORPORATION,DONG NAI,,,QV28,Program Info,,AP,cbRegionAP,,,0
RF0040084,1,Supplier,HYOSUNG CORPORATION,DONG NAI,,,QV28,Program Info,,Cooper EMEA,cbRegionCooperEMEA,,,0
RF0040084,1,Supplier,HYOSUNG CORPORATION,DONG NAI,,,QV28,Program Info,,Cooper AP,cbRegionCooperAP,,,0
RF0040084,1,Supplier,HYOSUNG CORPORATION,DONG NAI,,,QV28,Program Info,,Akron,cbLabAkron,,,0
RF0040084,1,Supplier,HYOSUNG CORPORATION,DONG NAI,,,QV28,Program Info,,Lux,cbLabLux,,,0
RF0040084,1,Supplier,HYOSUNG CORPORATION,DONG NAI,,,QV28,Program Info,,Kunshan,cbLabKunshan,,,0
RF0040084,1,Supplier,HYOSUNG CORPORATION,DONG NAI,,,QV28,Program Info,,EHS Approval Region (hidden),efEHSApprovalReg,,,
RF0040084,1,Supplier,HYOSUNG CORPORATION,DONG NAI,,,QV28,Program Info,,SAP Status,ddlSAPStatusDesc,,,See base specification
RF0040084,1,Supplier,HYOSUNG CORPORATION,DONG NAI,,,QV28,Program Info,,,ieSAPStatusCode,,,ZZ
RF0040084,1,Supplier,HYOSUNG CORPORATION,DONG NAI,,,QV28,GPS Full Supplier Approval Review,,NA,cbRegionNA,,,0
RF0040084,1,Supplier,HYOSUNG CORPORATION,DONG NAI,,,QV28,GPS Full Supplier Approval Review,,LA,cbRegionLA,,,1
RF0040084,1,Supplier,HYOSUNG CORPORATION,DONG NAI,,,QV28,GPS Full Supplier Approval Review,,AP,cbRegionAP,,,0
RF0040084,1,Supplier,HYOSUNG CORPORATION,DONG NAI,,,QV28,GPS Full Supplier Approval Review,,EMEA,cbRegionEMEA,,,0
RF0040084,1,Supplier,HYOSUNG CORPORATION,DONG NAI,,,QV28,GPS Full Supplier Approval Review,,Cooper Americas,cbRegionCooperNA,,,0
RF0040084,1,Supplier,HYOSUNG CORPORATION,DONG NAI,,,QV28,GPS Full Supplier Approval Review,,Cooper EMEA,cbRegionCooperEMEA,,,0
RF0040084,1,Supplier,HYOSUNG CORPORATION,DONG NAI,,,QV28,GPS Full Supplier Approval Review,,Cooper AP,cbRegionCooperAP,,,0
RF0040084,1,Supplier,HYOSUNG CORPORATION,DONG NAI,,,QV28,GPS Full Supplier Approval Review,,SOS Appr. Reg. for Layout,efSOSApprovalReg,,,LA
RF0040084,1,Supplier,HYOSUNG CORPORATION,DONG NAI,,,QV28,GPS Full Supplier Approval Review,,,mlePlantMatProh,,,
RF0040084,1,Supplier,HYOSUNG CORPORATION,DONG NAI,,,QV28,GPS Full Supplier Approval Review,,Full Approval Prefix Code (hidden),efFullAppCode,,,
RF0040253,1,Supplier,BEKAERT,IZMIT,,,UNSPECIFIED,Supplier/Agent Info,,Initial Exp Spec Code (hidden),ieInitialExpSpCode,,,RF0040253
RF0040253,1,Supplier,BEKAERT,IZMIT,,,UNSPECIFIED,Supplier/Agent Info,,Material Code,cbMaterialCode,,,RFCH
RF0040253,1,Supplier,BEKAERT,IZMIT,,,UNSPECIFIED,Supplier/Agent Info,,Material Description,ieMatDescSupplier,,,
RF0040253,1,Supplier,BEKAERT,IZMIT,,,UNSPECIFIED,Supplier/Agent Info,,Supplier,ieSupplier,,,BEKAERT
RF0040253,1,Supplier,BEKAERT,IZMIT,,,UNSPECIFIED,Supplier/Agent Info,,Agent,ieAgent,,,
RF0040253,1,Supplier,BEKAERT,IZMIT,,,UNSPECIFIED,Supplier/Agent Info,,Supplier Plant,ieSupplierPlant,,,IZMIT
RF0040253,1,Supplier,BEKAERT,IZMIT,,,UNSPECIFIED,Supplier/Agent Info,,Agent Plant,ieAgentPlant,,,
RF0040253,1,Supplier,BEKAERT,IZMIT,,,UNSPECIFIED,Supplier/Agent Info,,Supplier Plant - City,ieSupplierPlantLocationCity,,,"IZMIT, TURKEY"
RF0040253,1,Supplier,BEKAERT,IZMIT,,,UNSPECIFIED,Supplier/Agent Info,,Agent Plant - City,ieAgentPlantLocationCity,,,
RF0040253,1,Supplier,BEKAERT,IZMIT,,,UNSPECIFIED,Supplier/Agent Info,,Supplier Plant - State,ieSupplierPlantLocationState,,,Others
RF0040253,1,Supplier,BEKAERT,IZMIT,,,UNSPECIFIED,Supplier/Agent Info,,Agent Plant - State,ieAgentPlantLocationState,,,
RF0040253,1,Supplier,BEKAERT,IZMIT,,,UNSPECIFIED,Supplier/Agent Info,,Agent Plant - Country,ieAgentPlantLocationCountry,,,
RF0040253,1,Supplier,BEKAERT,IZMIT,,,UNSPECIFIED,Supplier/Agent Info,,Supplier Plant - Country,ieSupplierPlantLocationCountry,,,Turkey
RF0040253,1,Supplier,BEKAERT,IZMIT,,,UNSPECIFIED,Supplier/Agent Info,,Plant Code,ieSISPlantCode,,,APK
RF0040253,1,Supplier,BEKAERT,IZMIT,,,UNSPECIFIED,Supplier/Agent Info,,Plant Code,ieAgentPlantCode,,,
RF0040253,1,Supplier,BEKAERT,IZMIT,,,UNSPECIFIED,Supplier/Agent Info,,Supplier Trade Name,ieSupplierTradeName,,,UNSPECIFIED
RF0040253,1,Supplier,BEKAERT,IZMIT,,,UNSPECIFIED,Supplier/Agent Info,,Agent to Break Bulk?,cbBreakBulk,,,
RF0040253,1,Supplier,BEKAERT,IZMIT,,,UNSPECIFIED,Program Info,,Reason for Program,mleReasProg,,,FLEXIBILITY
RF0040253,1,Supplier,BEKAERT,IZMIT,,,UNSPECIFIED,Program Info,,Program Type,ddlProgramType,,,New Source
RF0040253,1,Supplier,BEKAERT,IZMIT,,,UNSPECIFIED,Program Info,,Requested By,cbReqBy,,,
RF0040253,1,Supplier,BEKAERT,IZMIT,,,UNSPECIFIED,Program Info,,Assigned To,mleAssignedTo,,,Anthony Hardy
RF0040253,1,Supplier,BEKAERT,IZMIT,,,UNSPECIFIED,Program Info,,NA,cbRegionNA,,,0
RF0040253,1,Supplier,BEKAERT,IZMIT,,,UNSPECIFIED,Program Info,,LA,cbRegionLA,,,0
RF0040253,1,Supplier,BEKAERT,IZMIT,,,UNSPECIFIED,Program Info,,EMEA,cbRegionEMEA,,,1
RF0040253,1,Supplier,BEKAERT,IZMIT,,,UNSPECIFIED,Program Info,,Cooper Americas,cbRegionCooperNA,,,0
RF0040253,1,Supplier,BEKAERT,IZMIT,,,UNSPECIFIED,Program Info,,AP,cbRegionAP,,,0
RF0040253,1,Supplier,BEKAERT,IZMIT,,,UNSPECIFIED,Program Info,,Cooper EMEA,cbRegionCooperEMEA,,,0
RF0040253,1,Supplier,BEKAERT,IZMIT,,,UNSPECIFIED,Program Info,,Cooper AP,cbRegionCooperAP,,,0
RF0040253,1,Supplier,BEKAERT,IZMIT,,,UNSPECIFIED,Program Info,,Akron,cbLabAkron,,,0
RF0040253,1,Supplier,BEKAERT,IZMIT,,,UNSPECIFIED,Program Info,,Lux,cbLabLux,,,0
RF0040253,1,Supplier,BEKAERT,IZMIT,,,UNSPECIFIED,Program Info,,Kunshan,cbLabKunshan,,,0
RF0040253,1,Supplier,BEKAERT,IZMIT,,,UNSPECIFIED,Program Info,,EHS Approval Region (hidden),efEHSApprovalReg,,,
RF0040253,1,Supplier,BEKAERT,IZMIT,,,UNSPECIFIED,Program Info,,SAP Status,ddlSAPStatusDesc,,,See base specification
RF0040253,1,Supplier,BEKAERT,IZMIT,,,UNSPECIFIED,Program Info,,,ieSAPStatusCode,,,ZZ
RF0040253,1,Supplier,BEKAERT,IZMIT,,,UNSPECIFIED,GPS Full Supplier Approval Review,,NA,cbRegionNA,,,0
RF0040253,1,Supplier,BEKAERT,IZMIT,,,UNSPECIFIED,GPS Full Supplier Approval Review,,LA,cbRegionLA,,,0
RF0040253,1,Supplier,BEKAERT,IZMIT,,,UNSPECIFIED,GPS Full Supplier Approval Review,,AP,cbRegionAP,,,0
RF0040253,1,Supplier,BEKAERT,IZMIT,,,UNSPECIFIED,GPS Full Supplier Approval Review,,EMEA,cbRegionEMEA,,,1
RF0040253,1,Supplier,BEKAERT,IZMIT,,,UNSPECIFIED,GPS Full Supplier Approval Review,,Cooper Americas,cbRegionCooperNA,,,0
RF0040253,1,Supplier,BEKAERT,IZMIT,,,UNSPECIFIED,GPS Full Supplier Approval Review,,Cooper EMEA,cbRegionCooperEMEA,,,0
RF0040253,1,Supplier,BEKAERT,IZMIT,,,UNSPECIFIED,GPS Full Supplier Approval Review,,Cooper AP,cbRegionCooperAP,,,0
RF0040253,1,Supplier,BEKAERT,IZMIT,,,UNSPECIFIED,GPS Full Supplier Approval Review,,SOS Appr. Reg. for Layout,efSOSApprovalReg,,,EMEA
RF0040253,1,Supplier,BEKAERT,IZMIT,,,UNSPECIFIED,GPS Full Supplier Approval Review,,,mlePlantMatProh,,,Adapazari
RF0040253,1,Supplier,BEKAERT,IZMIT,,,UNSPECIFIED,GPS Full Supplier Approval Review,,Full Approval Prefix Code (hidden),efFullAppCode,,,
RFFP,1,Supplier,TREFILARBED,CHANGWON,,,F501FP,Supplier/Agent Info,,Initial Exp Spec Code (hidden),ieInitialExpSpCode,,,RFS00030
RFFP,1,Supplier,TREFILARBED,CHANGWON,,,F501FP,Supplier/Agent Info,,Material Code,cbMaterialCode,,,RFFP
RFFP,1,Supplier,TREFILARBED,CHANGWON,,,F501FP,Supplier/Agent Info,,Material Description,ieMatDescSupplier,,,
RFFP,1,Supplier,TREFILARBED,CHANGWON,,,F501FP,Supplier/Agent Info,,Supplier,ieSupplier,,,TREFILARBED
RFFP,1,Supplier,TREFILARBED,CHANGWON,,,F501FP,Supplier/Agent Info,,Agent,ieAgent,,,
RFFP,1,Supplier,TREFILARBED,CHANGWON,,,F501FP,Supplier/Agent Info,,Supplier Plant,ieSupplierPlant,,,CHANGWON
RFFP,1,Supplier,TREFILARBED,CHANGWON,,,F501FP,Supplier/Agent Info,,Agent Plant,ieAgentPlant,,,
RFFP,1,Supplier,TREFILARBED,CHANGWON,,,F501FP,Supplier/Agent Info,,Supplier Plant - City,ieSupplierPlantLocationCity,,,Changwon
RFFP,1,Supplier,TREFILARBED,CHANGWON,,,F501FP,Supplier/Agent Info,,Agent Plant - City,ieAgentPlantLocationCity,,,
RFFP,1,Supplier,TREFILARBED,CHANGWON,,,F501FP,Supplier/Agent Info,,Supplier Plant - State,ieSupplierPlantLocationState,,,Others
RFFP,1,Supplier,TREFILARBED,CHANGWON,,,F501FP,Supplier/Agent Info,,Agent Plant - State,ieAgentPlantLocationState,,,
RFFP,1,Supplier,TREFILARBED,CHANGWON,,,F501FP,Supplier/Agent Info,,Agent Plant - Country,ieAgentPlantLocationCountry,,,
RFFP,1,Supplier,TREFILARBED,CHANGWON,,,F501FP,Supplier/Agent Info,,Supplier Plant - Country,ieSupplierPlantLocationCountry,,,South Korea
RFFP,1,Supplier,TREFILARBED,CHANGWON,,,F501FP,Supplier/Agent Info,,Plant Code,ieSISPlantCode,,,
RFFP,1,Supplier,TREFILARBED,CHANGWON,,,F501FP,Supplier/Agent Info,,Plant Code,ieAgentPlantCode,,,
RFFP,1,Supplier,TREFILARBED,CHANGWON,,,F501FP,Supplier/Agent Info,,Supplier Trade Name,ieSupplierTradeName,,,F501FP
RFFP,1,Supplier,TREFILARBED,CHANGWON,,,F501FP,Supplier/Agent Info,,Agent to Break Bulk?,cbBreakBulk,,,
RFFP,1,Supplier,TREFILARBED,CHANGWON,,,F501FP,Program Info,,Reason for Program,mleReasProg,,,FLEXIBILITY
RFFP,1,Supplier,TREFILARBED,CHANGWON,,,F501FP,Program Info,,Program Type,ddlProgramType,,,New Source
RFFP,1,Supplier,TREFILARBED,CHANGWON,,,F501FP,Program Info,,Requested By,cbReqBy,,,
RFFP,1,Supplier,TREFILARBED,CHANGWON,,,F501FP,Program Info,,Assigned To,mleAssignedTo,,,Jim Kish
RFFP,1,Supplier,TREFILARBED,CHANGWON,,,F501FP,Program Info,,NA,cbRegionNA,,,1
RFFP,1,Supplier,TREFILARBED,CHANGWON,,,F501FP,Program Info,,LA,cbRegionLA,,,0
RFFP,1,Supplier,TREFILARBED,CHANGWON,,,F501FP,Program Info,,EMEA,cbRegionEMEA,,,0
RFFP,1,Supplier,TREFILARBED,CHANGWON,,,F501FP,Program Info,,Cooper Americas,cbRegionCooperNA,,,0
RFFP,1,Supplier,TREFILARBED,CHANGWON,,,F501FP,Program Info,,AP,cbRegionAP,,,0
RFFP,1,Supplier,TREFILARBED,CHANGWON,,,F501FP,Program Info,,Cooper EMEA,cbRegionCooperEMEA,,,0
RFFP,1,Supplier,TREFILARBED,CHANGWON,,,F501FP,Program Info,,Cooper AP,cbRegionCooperAP,,,0
RFFP,1,Supplier,TREFILARBED,CHANGWON,,,F501FP,Program Info,,Akron,cbLabAkron,,,0
RFFP,1,Supplier,TREFILARBED,CHANGWON,,,F501FP,Program Info,,Lux,cbLabLux,,,0
RFFP,1,Supplier,TREFILARBED,CHANGWON,,,F501FP,Program Info,,Kunshan,cbLabKunshan,,,0
RFFP,1,Supplier,TREFILARBED,CHANGWON,,,F501FP,Program Info,,EHS Approval Region (hidden),efEHSApprovalReg,,,
RFFP,1,Supplier,TREFILARBED,CHANGWON,,,F501FP,Program Info,,SAP Status,ddlSAPStatusDesc,,,See base specification
RFFP,1,Supplier,TREFILARBED,CHANGWON,,,F501FP,Program Info,,,ieSAPStatusCode,,,ZZ
RFFP,1,Supplier,TREFILARBED,CHANGWON,,,F501FP,GPS Full Supplier Approval Review,,NA,cbRegionNA,,,1
RFFP,1,Supplier,TREFILARBED,CHANGWON,,,F501FP,GPS Full Supplier Approval Review,,LA,cbRegionLA,,,0
RFFP,1,Supplier,TREFILARBED,CHANGWON,,,F501FP,GPS Full Supplier Approval Review,,AP,cbRegionAP,,,0
RFFP,1,Supplier,TREFILARBED,CHANGWON,,,F501FP,GPS Full Supplier Approval Review,,EMEA,cbRegionEMEA,,,0
RFFP,1,Supplier,TREFILARBED,CHANGWON,,,F501FP,GPS Full Supplier Approval Review,,Cooper Americas,cbRegionCooperNA,,,0
RFFP,1,Supplier,TREFILARBED,CHANGWON,,,F501FP,GPS Full Supplier Approval Review,,Cooper EMEA,cbRegionCooperEMEA,,,0
RFFP,1,Supplier,TREFILARBED,CHANGWON,,,F501FP,GPS Full Supplier Approval Review,,Cooper AP,cbRegionCooperAP,,,0
RFFP,1,Supplier,TREFILARBED,CHANGWON,,,F501FP,GPS Full Supplier Approval Review,,SOS Appr. Reg. for Layout,efSOSApprovalReg,,,NA
RFFP,1,Supplier,TREFILARBED,CHANGWON,,,F501FP,GPS Full Supplier Approval Review,,,mlePlantMatProh,,,Topeka
RFFP,1,Supplier,TREFILARBED,CHANGWON,,,F501FP,GPS Full Supplier Approval Review,,Full Approval Prefix Code (hidden),efFullAppCode,,,
RFGL2060,1,Supplier,KERN,TRINEC - KONSKA,KERN,TRINEC - KONSKA,GL2060,Supplier/Agent Info,,Initial Exp Spec Code (hidden),ieInitialExpSpCode,,,RFGL2060
RFGL2060,1,Supplier,KERN,TRINEC - KONSKA,KERN,TRINEC - KONSKA,GL2060,Supplier/Agent Info,,Material Code,cbMaterialCode,,,RFCH
RFGL2060,1,Supplier,KERN,TRINEC - KONSKA,KERN,TRINEC - KONSKA,GL2060,Supplier/Agent Info,,Material Description,ieMatDescSupplier,,,
RFGL2060,1,Supplier,KERN,TRINEC - KONSKA,KERN,TRINEC - KONSKA,GL2060,Supplier/Agent Info,,Supplier,ieSupplier,,,KERN
RFGL2060,1,Supplier,KERN,TRINEC - KONSKA,KERN,TRINEC - KONSKA,GL2060,Supplier/Agent Info,,Agent,ieAgent,,,KERN
RFGL2060,1,Supplier,KERN,TRINEC - KONSKA,KERN,TRINEC - KONSKA,GL2060,Supplier/Agent Info,,Supplier Plant,ieSupplierPlant,,,TRINEC - KONSKA
RFGL2060,1,Supplier,KERN,TRINEC - KONSKA,KERN,TRINEC - KONSKA,GL2060,Supplier/Agent Info,,Agent Plant,ieAgentPlant,,,TRINEC - KONSKA
RFGL2060,1,Supplier,KERN,TRINEC - KONSKA,KERN,TRINEC - KONSKA,GL2060,Supplier/Agent Info,,Supplier Plant - City,ieSupplierPlantLocationCity,,,Trinec - Konska
RFGL2060,1,Supplier,KERN,TRINEC - KONSKA,KERN,TRINEC - KONSKA,GL2060,Supplier/Agent Info,,Agent Plant - City,ieAgentPlantLocationCity,,,Trinec - Konska
RFGL2060,1,Supplier,KERN,TRINEC - KONSKA,KERN,TRINEC - KONSKA,GL2060,Supplier/Agent Info,,Supplier Plant - State,ieSupplierPlantLocationState,,,Others
RFGL2060,1,Supplier,KERN,TRINEC - KONSKA,KERN,TRINEC - KONSKA,GL2060,Supplier/Agent Info,,Agent Plant - State,ieAgentPlantLocationState,,,Others
RFGL2060,1,Supplier,KERN,TRINEC - KONSKA,KERN,TRINEC - KONSKA,GL2060,Supplier/Agent Info,,Agent Plant - Country,ieAgentPlantLocationCountry,,,Czech Republic
RFGL2060,1,Supplier,KERN,TRINEC - KONSKA,KERN,TRINEC - KONSKA,GL2060,Supplier/Agent Info,,Supplier Plant - Country,ieSupplierPlantLocationCountry,,,Czech Republic
RFGL2060,1,Supplier,KERN,TRINEC - KONSKA,KERN,TRINEC - KONSKA,GL2060,Supplier/Agent Info,,Plant Code,ieSISPlantCode,,,EOZ
RFGL2060,1,Supplier,KERN,TRINEC - KONSKA,KERN,TRINEC - KONSKA,GL2060,Supplier/Agent Info,,Plant Code,ieAgentPlantCode,,,EOZ
RFGL2060,1,Supplier,KERN,TRINEC - KONSKA,KERN,TRINEC - KONSKA,GL2060,Supplier/Agent Info,,Supplier Trade Name,ieSupplierTradeName,,,GL2060
RFGL2060,1,Supplier,KERN,TRINEC - KONSKA,KERN,TRINEC - KONSKA,GL2060,Supplier/Agent Info,,Agent to Break Bulk?,cbBreakBulk,,,
RFGL2060,1,Supplier,KERN,TRINEC - KONSKA,KERN,TRINEC - KONSKA,GL2060,Program Info,,Reason for Program,mleReasProg,,,Flexibility
RFGL2060,1,Supplier,KERN,TRINEC - KONSKA,KERN,TRINEC - KONSKA,GL2060,Program Info,,Program Type,ddlProgramType,,,New Source
RFGL2060,1,Supplier,KERN,TRINEC - KONSKA,KERN,TRINEC - KONSKA,GL2060,Program Info,,Requested By,cbReqBy,,,
RFGL2060,1,Supplier,KERN,TRINEC - KONSKA,KERN,TRINEC - KONSKA,GL2060,Program Info,,Assigned To,mleAssignedTo,,,Anthony Hardy
RFGL2060,1,Supplier,KERN,TRINEC - KONSKA,KERN,TRINEC - KONSKA,GL2060,Program Info,,NA,cbRegionNA,,,1
RFGL2060,1,Supplier,KERN,TRINEC - KONSKA,KERN,TRINEC - KONSKA,GL2060,Program Info,,LA,cbRegionLA,,,1
RFGL2060,1,Supplier,KERN,TRINEC - KONSKA,KERN,TRINEC - KONSKA,GL2060,Program Info,,EMEA,cbRegionEMEA,,,0
RFGL2060,1,Supplier,KERN,TRINEC - KONSKA,KERN,TRINEC - KONSKA,GL2060,Program Info,,Cooper Americas,cbRegionCooperNA,,,0
RFGL2060,1,Supplier,KERN,TRINEC - KONSKA,KERN,TRINEC - KONSKA,GL2060,Program Info,,AP,cbRegionAP,,,1
RFGL2060,1,Supplier,KERN,TRINEC - KONSKA,KERN,TRINEC - KONSKA,GL2060,Program Info,,Cooper EMEA,cbRegionCooperEMEA,,,0
RFGL2060,1,Supplier,KERN,TRINEC - KONSKA,KERN,TRINEC - KONSKA,GL2060,Program Info,,Cooper AP,cbRegionCooperAP,,,0
RFGL2060,1,Supplier,KERN,TRINEC - KONSKA,KERN,TRINEC - KONSKA,GL2060,Program Info,,Akron,cbLabAkron,,,0
RFGL2060,1,Supplier,KERN,TRINEC - KONSKA,KERN,TRINEC - KONSKA,GL2060,Program Info,,Lux,cbLabLux,,,0
RFGL2060,1,Supplier,KERN,TRINEC - KONSKA,KERN,TRINEC - KONSKA,GL2060,Program Info,,Kunshan,cbLabKunshan,,,0
RFGL2060,1,Supplier,KERN,TRINEC - KONSKA,KERN,TRINEC - KONSKA,GL2060,Program Info,,EHS Approval Region (hidden),efEHSApprovalReg,,,
RFGL2060,1,Supplier,KERN,TRINEC - KONSKA,KERN,TRINEC - KONSKA,GL2060,Program Info,,SAP Status,ddlSAPStatusDesc,,,See base specification
RFGL2060,1,Supplier,KERN,TRINEC - KONSKA,KERN,TRINEC - KONSKA,GL2060,Program Info,,,ieSAPStatusCode,,,ZZ
RFGL2060,1,Supplier,KERN,TRINEC - KONSKA,KERN,TRINEC - KONSKA,GL2060,GPS Full Supplier Approval Review,,NA,cbRegionNA,,,1
RFGL2060,1,Supplier,KERN,TRINEC - KONSKA,KERN,TRINEC - KONSKA,GL2060,GPS Full Supplier Approval Review,,LA,cbRegionLA,,,1
RFGL2060,1,Supplier,KERN,TRINEC - KONSKA,KERN,TRINEC - KONSKA,GL2060,GPS Full Supplier Approval Review,,AP,cbRegionAP,,,1
RFGL2060,1,Supplier,KERN,TRINEC - KONSKA,KERN,TRINEC - KONSKA,GL2060,GPS Full Supplier Approval Review,,EMEA,cbRegionEMEA,,,0
RFGL2060,1,Supplier,KERN,TRINEC - KONSKA,KERN,TRINEC - KONSKA,GL2060,GPS Full Supplier Approval Review,,Cooper Americas,cbRegionCooperNA,,,0
RFGL2060,1,Supplier,KERN,TRINEC - KONSKA,KERN,TRINEC - KONSKA,GL2060,GPS Full Supplier Approval Review,,Cooper EMEA,cbRegionCooperEMEA,,,0
RFGL2060,1,Supplier,KERN,TRINEC - KONSKA,KERN,TRINEC - KONSKA,GL2060,GPS Full Supplier Approval Review,,Cooper AP,cbRegionCooperAP,,,0
RFGL2060,1,Supplier,KERN,TRINEC - KONSKA,KERN,TRINEC - KONSKA,GL2060,GPS Full Supplier Approval Review,,SOS Appr. Reg. for Layout,efSOSApprovalReg,,,"AP, LA, NA"
RFGL2060,1,Supplier,KERN,TRINEC - KONSKA,KERN,TRINEC - KONSKA,GL2060,GPS Full Supplier Approval Review,,,mlePlantMatProh,,,
RFGL2060,1,Supplier,KERN,TRINEC - KONSKA,KERN,TRINEC - KONSKA,GL2060,GPS Full Supplier Approval Review,,Full Approval Prefix Code (hidden),efFullAppCode,,,
RFGL2060,1,Supplier,KERN,TRINEC - KONSKA,KERN,TRINEC - KONSKA,GL2060,GPS Full Agent Approval Review,5,NA,cbRegionNA,,,1
RFGL2060,1,Supplier,KERN,TRINEC - KONSKA,KERN,TRINEC - KONSKA,GL2060,GPS Full Agent Approval Review,5,LA,cbRegionLA,,,1
RFGL2060,1,Supplier,KERN,TRINEC - KONSKA,KERN,TRINEC - KONSKA,GL2060,GPS Full Agent Approval Review,5,AP,cbRegionAP,,,1
RFGL2060,1,Supplier,KERN,TRINEC - KONSKA,KERN,TRINEC - KONSKA,GL2060,GPS Full Agent Approval Review,5,EMEA,cbRegionEMEA,,,0
RFGL2060,1,Supplier,KERN,TRINEC - KONSKA,KERN,TRINEC - KONSKA,GL2060,GPS Full Agent Approval Review,5,Cooper Americas,cbRegionCooperNA,,,0
RFGL2060,1,Supplier,KERN,TRINEC - KONSKA,KERN,TRINEC - KONSKA,GL2060,GPS Full Agent Approval Review,5,Cooper EMEA,cbRegionCooperEMEA,,,0
RFGL2060,1,Supplier,KERN,TRINEC - KONSKA,KERN,TRINEC - KONSKA,GL2060,GPS Full Agent Approval Review,5,Cooper AP,cbRegionCooperAP,,,0
RFGL2060,1,Supplier,KERN,TRINEC - KONSKA,KERN,TRINEC - KONSKA,GL2060,GPS Full Agent Approval Review,5,SOS Appr. Reg. for Layout - Agent,efSOSAgentApprovalReg,,,"AP, LA, NA"
RFGL2060,1,Supplier,KERN,TRINEC - KONSKA,KERN,TRINEC - KONSKA,GL2060,GPS Full Agent Approval Review,5,,mlePlantMatProh,,,
RF0040652,1,Supplier,BEKAERT,VESPASIANO,,,B701FP,Supplier/Agent Info,,Initial Exp Spec Code (hidden),ieInitialExpSpCode,,,RF0040652
RF0040652,1,Supplier,BEKAERT,VESPASIANO,,,B701FP,Supplier/Agent Info,,Material Code,cbMaterialCode,,,RFFP
RF0040652,1,Supplier,BEKAERT,VESPASIANO,,,B701FP,Supplier/Agent Info,,Material Description,ieMatDescSupplier,,,
RF0040652,1,Supplier,BEKAERT,VESPASIANO,,,B701FP,Supplier/Agent Info,,Supplier,ieSupplier,,,BEKAERT
RF0040652,1,Supplier,BEKAERT,VESPASIANO,,,B701FP,Supplier/Agent Info,,Agent,ieAgent,,,
RF0040652,1,Supplier,BEKAERT,VESPASIANO,,,B701FP,Supplier/Agent Info,,Supplier Plant,ieSupplierPlant,,,VESPASIANO
RF0040652,1,Supplier,BEKAERT,VESPASIANO,,,B701FP,Supplier/Agent Info,,Agent Plant,ieAgentPlant,,,
RF0040652,1,Supplier,BEKAERT,VESPASIANO,,,B701FP,Supplier/Agent Info,,Supplier Plant - City,ieSupplierPlantLocationCity,,,Vespasiano
RF0040652,1,Supplier,BEKAERT,VESPASIANO,,,B701FP,Supplier/Agent Info,,Agent Plant - City,ieAgentPlantLocationCity,,,
RF0040652,1,Supplier,BEKAERT,VESPASIANO,,,B701FP,Supplier/Agent Info,,Supplier Plant - State,ieSupplierPlantLocationState,,,MG
RF0040652,1,Supplier,BEKAERT,VESPASIANO,,,B701FP,Supplier/Agent Info,,Agent Plant - State,ieAgentPlantLocationState,,,
RF0040652,1,Supplier,BEKAERT,VESPASIANO,,,B701FP,Supplier/Agent Info,,Agent Plant - Country,ieAgentPlantLocationCountry,,,
RF0040652,1,Supplier,BEKAERT,VESPASIANO,,,B701FP,Supplier/Agent Info,,Supplier Plant - Country,ieSupplierPlantLocationCountry,,,Brazil
RF0040652,1,Supplier,BEKAERT,VESPASIANO,,,B701FP,Supplier/Agent Info,,Plant Code,ieSISPlantCode,,,AKY
RF0040652,1,Supplier,BEKAERT,VESPASIANO,,,B701FP,Supplier/Agent Info,,Plant Code,ieAgentPlantCode,,,
RF0040652,1,Supplier,BEKAERT,VESPASIANO,,,B701FP,Supplier/Agent Info,,Supplier Trade Name,ieSupplierTradeName,,,B701FP
RF0040652,1,Supplier,BEKAERT,VESPASIANO,,,B701FP,Supplier/Agent Info,,Agent to Break Bulk?,cbBreakBulk,,,
RF0040652,1,Supplier,BEKAERT,VESPASIANO,,,B701FP,Program Info,,Reason for Program,mleReasProg,,,Cost Savings
RF0040652,1,Supplier,BEKAERT,VESPASIANO,,,B701FP,Program Info,,Program Type,ddlProgramType,,,New Source
RF0040652,1,Supplier,BEKAERT,VESPASIANO,,,B701FP,Program Info,,Requested By,cbReqBy,,,
RF0040652,1,Supplier,BEKAERT,VESPASIANO,,,B701FP,Program Info,,Assigned To,mleAssignedTo,,,Jim Kish
RF0040652,1,Supplier,BEKAERT,VESPASIANO,,,B701FP,Program Info,,NA,cbRegionNA,,,0
RF0040652,1,Supplier,BEKAERT,VESPASIANO,,,B701FP,Program Info,,LA,cbRegionLA,,,1
RF0040652,1,Supplier,BEKAERT,VESPASIANO,,,B701FP,Program Info,,EMEA,cbRegionEMEA,,,0
RF0040652,1,Supplier,BEKAERT,VESPASIANO,,,B701FP,Program Info,,Cooper Americas,cbRegionCooperNA,,,0
RF0040652,1,Supplier,BEKAERT,VESPASIANO,,,B701FP,Program Info,,AP,cbRegionAP,,,0
RF0040652,1,Supplier,BEKAERT,VESPASIANO,,,B701FP,Program Info,,Cooper EMEA,cbRegionCooperEMEA,,,0
RF0040652,1,Supplier,BEKAERT,VESPASIANO,,,B701FP,Program Info,,Cooper AP,cbRegionCooperAP,,,0
RF0040652,1,Supplier,BEKAERT,VESPASIANO,,,B701FP,Program Info,,Akron,cbLabAkron,,,0
RF0040652,1,Supplier,BEKAERT,VESPASIANO,,,B701FP,Program Info,,Lux,cbLabLux,,,0
RF0040652,1,Supplier,BEKAERT,VESPASIANO,,,B701FP,Program Info,,Kunshan,cbLabKunshan,,,0
RF0040652,1,Supplier,BEKAERT,VESPASIANO,,,B701FP,Program Info,,EHS Approval Region (hidden),efEHSApprovalReg,,,
RF0040652,1,Supplier,BEKAERT,VESPASIANO,,,B701FP,Program Info,,SAP Status,ddlSAPStatusDesc,,,See base specification
RF0040652,1,Supplier,BEKAERT,VESPASIANO,,,B701FP,Program Info,,,ieSAPStatusCode,,,ZZ
RF0040652,1,Supplier,BEKAERT,VESPASIANO,,,B701FP,GPS Full Supplier Approval Review,,NA,cbRegionNA,,,0
RF0040652,1,Supplier,BEKAERT,VESPASIANO,,,B701FP,GPS Full Supplier Approval Review,,LA,cbRegionLA,,,1
RF0040652,1,Supplier,BEKAERT,VESPASIANO,,,B701FP,GPS Full Supplier Approval Review,,AP,cbRegionAP,,,0
RF0040652,1,Supplier,BEKAERT,VESPASIANO,,,B701FP,GPS Full Supplier Approval Review,,EMEA,cbRegionEMEA,,,0
RF0040652,1,Supplier,BEKAERT,VESPASIANO,,,B701FP,GPS Full Supplier Approval Review,,Cooper Americas,cbRegionCooperNA,,,0
RF0040652,1,Supplier,BEKAERT,VESPASIANO,,,B701FP,GPS Full Supplier Approval Review,,Cooper EMEA,cbRegionCooperEMEA,,,0
RF0040652,1,Supplier,BEKAERT,VESPASIANO,,,B701FP,GPS Full Supplier Approval Review,,Cooper AP,cbRegionCooperAP,,,0
RF0040652,1,Supplier,BEKAERT,VESPASIANO,,,B701FP,GPS Full Supplier Approval Review,,SOS Appr. Reg. for Layout,efSOSApprovalReg,,,LA
RF0040652,1,Supplier,BEKAERT,VESPASIANO,,,B701FP,GPS Full Supplier Approval Review,,,mlePlantMatProh,,,
RF0040652,1,Supplier,BEKAERT,VESPASIANO,,,B701FP,GPS Full Supplier Approval Review,,Full Approval Prefix Code (hidden),efFullAppCode,,,
RFFP,1,Supplier,BEKAERT,SHENYANG BSSC,,,BL01FP,Supplier/Agent Info,,Initial Exp Spec Code (hidden),ieInitialExpSpCode,,,RFS00027
RFFP,1,Supplier,BEKAERT,SHENYANG BSSC,,,BL01FP,Supplier/Agent Info,,Material Code,cbMaterialCode,,,RFFP
RFFP,1,Supplier,BEKAERT,SHENYANG BSSC,,,BL01FP,Supplier/Agent Info,,Material Description,ieMatDescSupplier,,,
RFFP,1,Supplier,BEKAERT,SHENYANG BSSC,,,BL01FP,Supplier/Agent Info,,Supplier,ieSupplier,,,BEKAERT
RFFP,1,Supplier,BEKAERT,SHENYANG BSSC,,,BL01FP,Supplier/Agent Info,,Agent,ieAgent,,,
RFFP,1,Supplier,BEKAERT,SHENYANG BSSC,,,BL01FP,Supplier/Agent Info,,Supplier Plant,ieSupplierPlant,,,SHENYANG BSSC
RFFP,1,Supplier,BEKAERT,SHENYANG BSSC,,,BL01FP,Supplier/Agent Info,,Agent Plant,ieAgentPlant,,,
RFFP,1,Supplier,BEKAERT,SHENYANG BSSC,,,BL01FP,Supplier/Agent Info,,Supplier Plant - City,ieSupplierPlantLocationCity,,,Shenyang
RFFP,1,Supplier,BEKAERT,SHENYANG BSSC,,,BL01FP,Supplier/Agent Info,,Agent Plant - City,ieAgentPlantLocationCity,,,
RFFP,1,Supplier,BEKAERT,SHENYANG BSSC,,,BL01FP,Supplier/Agent Info,,Supplier Plant - State,ieSupplierPlantLocationState,,,Others
RFFP,1,Supplier,BEKAERT,SHENYANG BSSC,,,BL01FP,Supplier/Agent Info,,Agent Plant - State,ieAgentPlantLocationState,,,
RFFP,1,Supplier,BEKAERT,SHENYANG BSSC,,,BL01FP,Supplier/Agent Info,,Agent Plant - Country,ieAgentPlantLocationCountry,,,
RFFP,1,Supplier,BEKAERT,SHENYANG BSSC,,,BL01FP,Supplier/Agent Info,,Supplier Plant - Country,ieSupplierPlantLocationCountry,,,China
RFFP,1,Supplier,BEKAERT,SHENYANG BSSC,,,BL01FP,Supplier/Agent Info,,Plant Code,ieSISPlantCode,,,JJA
RFFP,1,Supplier,BEKAERT,SHENYANG BSSC,,,BL01FP,Supplier/Agent Info,,Plant Code,ieAgentPlantCode,,,
RFFP,1,Supplier,BEKAERT,SHENYANG BSSC,,,BL01FP,Supplier/Agent Info,,Supplier Trade Name,ieSupplierTradeName,,,BL01FP
RFFP,1,Supplier,BEKAERT,SHENYANG BSSC,,,BL01FP,Supplier/Agent Info,,Agent to Break Bulk?,cbBreakBulk,,,
RFFP,1,Supplier,BEKAERT,SHENYANG BSSC,,,BL01FP,Program Info,,Reason for Program,mleReasProg,,,cost savings
RFFP,1,Supplier,BEKAERT,SHENYANG BSSC,,,BL01FP,Program Info,,Program Type,ddlProgramType,,,New Source
RFFP,1,Supplier,BEKAERT,SHENYANG BSSC,,,BL01FP,Program Info,,Requested By,cbReqBy,,,
RFFP,1,Supplier,BEKAERT,SHENYANG BSSC,,,BL01FP,Program Info,,Assigned To,mleAssignedTo,,,Srinivas Iyer
RFFP,1,Supplier,BEKAERT,SHENYANG BSSC,,,BL01FP,Program Info,,NA,cbRegionNA,,,1
RFFP,1,Supplier,BEKAERT,SHENYANG BSSC,,,BL01FP,Program Info,,LA,cbRegionLA,,,1
RFFP,1,Supplier,BEKAERT,SHENYANG BSSC,,,BL01FP,Program Info,,EMEA,cbRegionEMEA,,,1
RFFP,1,Supplier,BEKAERT,SHENYANG BSSC,,,BL01FP,Program Info,,Cooper Americas,cbRegionCooperNA,,,0
RFFP,1,Supplier,BEKAERT,SHENYANG BSSC,,,BL01FP,Program Info,,AP,cbRegionAP,,,1
RFFP,1,Supplier,BEKAERT,SHENYANG BSSC,,,BL01FP,Program Info,,Cooper EMEA,cbRegionCooperEMEA,,,0
RFFP,1,Supplier,BEKAERT,SHENYANG BSSC,,,BL01FP,Program Info,,Cooper AP,cbRegionCooperAP,,,0
RFFP,1,Supplier,BEKAERT,SHENYANG BSSC,,,BL01FP,Program Info,,Akron,cbLabAkron,,,0
RFFP,1,Supplier,BEKAERT,SHENYANG BSSC,,,BL01FP,Program Info,,Lux,cbLabLux,,,0
RFFP,1,Supplier,BEKAERT,SHENYANG BSSC,,,BL01FP,Program Info,,Kunshan,cbLabKunshan,,,0
RFFP,1,Supplier,BEKAERT,SHENYANG BSSC,,,BL01FP,Program Info,,EHS Approval Region (hidden),efEHSApprovalReg,,,
RFFP,1,Supplier,BEKAERT,SHENYANG BSSC,,,BL01FP,Program Info,,SAP Status,ddlSAPStatusDesc,,,See base specification
RFFP,1,Supplier,BEKAERT,SHENYANG BSSC,,,BL01FP,Program Info,,,ieSAPStatusCode,,,ZZ
RFFP,1,Supplier,BEKAERT,SHENYANG BSSC,,,BL01FP,GPS Full Supplier Approval Review,,NA,cbRegionNA,,,1
RFFP,1,Supplier,BEKAERT,SHENYANG BSSC,,,BL01FP,GPS Full Supplier Approval Review,,LA,cbRegionLA,,,1
RFFP,1,Supplier,BEKAERT,SHENYANG BSSC,,,BL01FP,GPS Full Supplier Approval Review,,AP,cbRegionAP,,,1
RFFP,1,Supplier,BEKAERT,SHENYANG BSSC,,,BL01FP,GPS Full Supplier Approval Review,,EMEA,cbRegionEMEA,,,1
RFFP,1,Supplier,BEKAERT,SHENYANG BSSC,,,BL01FP,GPS Full Supplier Approval Review,,Cooper Americas,cbRegionCooperNA,,,0
RFFP,1,Supplier,BEKAERT,SHENYANG BSSC,,,BL01FP,GPS Full Supplier Approval Review,,Cooper EMEA,cbRegionCooperEMEA,,,0
RFFP,1,Supplier,BEKAERT,SHENYANG BSSC,,,BL01FP,GPS Full Supplier Approval Review,,Cooper AP,cbRegionCooperAP,,,0
RFFP,1,Supplier,BEKAERT,SHENYANG BSSC,,,BL01FP,GPS Full Supplier Approval Review,,SOS Appr. Reg. for Layout,efSOSApprovalReg,,,"AP, EMEA, LA, NA"
RFFP,1,Supplier,BEKAERT,SHENYANG BSSC,,,BL01FP,GPS Full Supplier Approval Review,,,mlePlantMatProh,,,
RFFP,1,Supplier,BEKAERT,SHENYANG BSSC,,,BL01FP,GPS Full Supplier Approval Review,,Full Approval Prefix Code (hidden),efFullAppCode,,,
RFS00047,1,Supplier,KISWIRE,"Rongcheng, China",,,F901FP,Supplier/Agent Info,,Initial Exp Spec Code (hidden),ieInitialExpSpCode,,,RFS00047
RFS00047,1,Supplier,KISWIRE,"Rongcheng, China",,,F901FP,Supplier/Agent Info,,Material Code,cbMaterialCode,,,RFFP
RFS00047,1,Supplier,KISWIRE,"Rongcheng, China",,,F901FP,Supplier/Agent Info,,Material Description,ieMatDescSupplier,,,
RFS00047,1,Supplier,KISWIRE,"Rongcheng, China",,,F901FP,Supplier/Agent Info,,Supplier,ieSupplier,,,KISWIRE
RFS00047,1,Supplier,KISWIRE,"Rongcheng, China",,,F901FP,Supplier/Agent Info,,Agent,ieAgent,,,
RFS00047,1,Supplier,KISWIRE,"Rongcheng, China",,,F901FP,Supplier/Agent Info,,Supplier Plant,ieSupplierPlant,,,"Rongcheng, China"
RFS00047,1,Supplier,KISWIRE,"Rongcheng, China",,,F901FP,Supplier/Agent Info,,Agent Plant,ieAgentPlant,,,
RFS00047,1,Supplier,KISWIRE,"Rongcheng, China",,,F901FP,Supplier/Agent Info,,Supplier Plant - City,ieSupplierPlantLocationCity,,,Rongcheng
RFS00047,1,Supplier,KISWIRE,"Rongcheng, China",,,F901FP,Supplier/Agent Info,,Agent Plant - City,ieAgentPlantLocationCity,,,
RFS00047,1,Supplier,KISWIRE,"Rongcheng, China",,,F901FP,Supplier/Agent Info,,Supplier Plant - State,ieSupplierPlantLocationState,,,Others
RFS00047,1,Supplier,KISWIRE,"Rongcheng, China",,,F901FP,Supplier/Agent Info,,Agent Plant - State,ieAgentPlantLocationState,,,
RFS00047,1,Supplier,KISWIRE,"Rongcheng, China",,,F901FP,Supplier/Agent Info,,Agent Plant - Country,ieAgentPlantLocationCountry,,,
RFS00047,1,Supplier,KISWIRE,"Rongcheng, China",,,F901FP,Supplier/Agent Info,,Supplier Plant - Country,ieSupplierPlantLocationCountry,,,China
RFS00047,1,Supplier,KISWIRE,"Rongcheng, China",,,F901FP,Supplier/Agent Info,,Plant Code,ieSISPlantCode,,,
RFS00047,1,Supplier,KISWIRE,"Rongcheng, China",,,F901FP,Supplier/Agent Info,,Plant Code,ieAgentPlantCode,,,
RFS00047,1,Supplier,KISWIRE,"Rongcheng, China",,,F901FP,Supplier/Agent Info,,Supplier Trade Name,ieSupplierTradeName,,,F901FP
RFS00047,1,Supplier,KISWIRE,"Rongcheng, China",,,F901FP,Supplier/Agent Info,,Agent to Break Bulk?,cbBreakBulk,,,
RFS00047,1,Supplier,KISWIRE,"Rongcheng, China",,,F901FP,Program Info,,Reason for Program,mleReasProg,,,cost savings
RFS00047,1,Supplier,KISWIRE,"Rongcheng, China",,,F901FP,Program Info,,Program Type,ddlProgramType,,,New Source
RFS00047,1,Supplier,KISWIRE,"Rongcheng, China",,,F901FP,Program Info,,Requested By,cbReqBy,,,
RFS00047,1,Supplier,KISWIRE,"Rongcheng, China",,,F901FP,Program Info,,Assigned To,mleAssignedTo,,,Jim Kish
RFS00047,1,Supplier,KISWIRE,"Rongcheng, China",,,F901FP,Program Info,,NA,cbRegionNA,,,1
RFS00047,1,Supplier,KISWIRE,"Rongcheng, China",,,F901FP,Program Info,,LA,cbRegionLA,,,1
RFS00047,1,Supplier,KISWIRE,"Rongcheng, China",,,F901FP,Program Info,,EMEA,cbRegionEMEA,,,1
RFS00047,1,Supplier,KISWIRE,"Rongcheng, China",,,F901FP,Program Info,,Cooper Americas,cbRegionCooperNA,,,0
RFS00047,1,Supplier,KISWIRE,"Rongcheng, China",,,F901FP,Program Info,,AP,cbRegionAP,,,1
RFS00047,1,Supplier,KISWIRE,"Rongcheng, China",,,F901FP,Program Info,,Cooper EMEA,cbRegionCooperEMEA,,,0
RFS00047,1,Supplier,KISWIRE,"Rongcheng, China",,,F901FP,Program Info,,Cooper AP,cbRegionCooperAP,,,0
RFS00047,1,Supplier,KISWIRE,"Rongcheng, China",,,F901FP,Program Info,,Akron,cbLabAkron,,,0
RFS00047,1,Supplier,KISWIRE,"Rongcheng, China",,,F901FP,Program Info,,Lux,cbLabLux,,,0
RFS00047,1,Supplier,KISWIRE,"Rongcheng, China",,,F901FP,Program Info,,Kunshan,cbLabKunshan,,,0
RFS00047,1,Supplier,KISWIRE,"Rongcheng, China",,,F901FP,Program Info,,EHS Approval Region (hidden),efEHSApprovalReg,,,
RFS00047,1,Supplier,KISWIRE,"Rongcheng, China",,,F901FP,Program Info,,SAP Status,ddlSAPStatusDesc,,,See base specification
RFS00047,1,Supplier,KISWIRE,"Rongcheng, China",,,F901FP,Program Info,,,ieSAPStatusCode,,,ZZ
RFS00047,1,Supplier,KISWIRE,"Rongcheng, China",,,F901FP,GPS Full Supplier Approval Review,,NA,cbRegionNA,,,1
RFS00047,1,Supplier,KISWIRE,"Rongcheng, China",,,F901FP,GPS Full Supplier Approval Review,,LA,cbRegionLA,,,1
RFS00047,1,Supplier,KISWIRE,"Rongcheng, China",,,F901FP,GPS Full Supplier Approval Review,,AP,cbRegionAP,,,1
RFS00047,1,Supplier,KISWIRE,"Rongcheng, China",,,F901FP,GPS Full Supplier Approval Review,,EMEA,cbRegionEMEA,,,1
RFS00047,1,Supplier,KISWIRE,"Rongcheng, China",,,F901FP,GPS Full Supplier Approval Review,,Cooper Americas,cbRegionCooperNA,,,0
RFS00047,1,Supplier,KISWIRE,"Rongcheng, China",,,F901FP,GPS Full Supplier Approval Review,,Cooper EMEA,cbRegionCooperEMEA,,,0
RFS00047,1,Supplier,KISWIRE,"Rongcheng, China",,,F901FP,GPS Full Supplier Approval Review,,Cooper AP,cbRegionCooperAP,,,0
RFS00047,1,Supplier,KISWIRE,"Rongcheng, China",,,F901FP,GPS Full Supplier Approval Review,,SOS Appr. Reg. for Layout,efSOSApprovalReg,,,"AP, EMEA, LA, NA"
RFS00047,1,Supplier,KISWIRE,"Rongcheng, China",,,F901FP,GPS Full Supplier Approval Review,,,mlePlantMatProh,,,
RFS00047,1,Supplier,KISWIRE,"Rongcheng, China",,,F901FP,GPS Full Supplier Approval Review,,Full Approval Prefix Code (hidden),efFullAppCode,,,
RF0041582,1,Supplier,BEKAERT,IZMIT,,,BA01FP,Supplier/Agent Info,,Initial Exp Spec Code (hidden),ieInitialExpSpCode,,,RF0041582
RF0041582,1,Supplier,BEKAERT,IZMIT,,,BA01FP,Supplier/Agent Info,,Material Code,cbMaterialCode,,,RFFP
RF0041582,1,Supplier,BEKAERT,IZMIT,,,BA01FP,Supplier/Agent Info,,Material Description,ieMatDescSupplier,,,
RF0041582,1,Supplier,BEKAERT,IZMIT,,,BA01FP,Supplier/Agent Info,,Supplier,ieSupplier,,,BEKAERT
RF0041582,1,Supplier,BEKAERT,IZMIT,,,BA01FP,Supplier/Agent Info,,Agent,ieAgent,,,
RF0041582,1,Supplier,BEKAERT,IZMIT,,,BA01FP,Supplier/Agent Info,,Supplier Plant,ieSupplierPlant,,,IZMIT
RF0041582,1,Supplier,BEKAERT,IZMIT,,,BA01FP,Supplier/Agent Info,,Agent Plant,ieAgentPlant,,,
RF0041582,1,Supplier,BEKAERT,IZMIT,,,BA01FP,Supplier/Agent Info,,Supplier Plant - City,ieSupplierPlantLocationCity,,,"IZMIT, TURKEY"
RF0041582,1,Supplier,BEKAERT,IZMIT,,,BA01FP,Supplier/Agent Info,,Agent Plant - City,ieAgentPlantLocationCity,,,
RF0041582,1,Supplier,BEKAERT,IZMIT,,,BA01FP,Supplier/Agent Info,,Supplier Plant - State,ieSupplierPlantLocationState,,,Others
RF0041582,1,Supplier,BEKAERT,IZMIT,,,BA01FP,Supplier/Agent Info,,Agent Plant - State,ieAgentPlantLocationState,,,
RF0041582,1,Supplier,BEKAERT,IZMIT,,,BA01FP,Supplier/Agent Info,,Agent Plant - Country,ieAgentPlantLocationCountry,,,
RF0041582,1,Supplier,BEKAERT,IZMIT,,,BA01FP,Supplier/Agent Info,,Supplier Plant - Country,ieSupplierPlantLocationCountry,,,Turkey
RF0041582,1,Supplier,BEKAERT,IZMIT,,,BA01FP,Supplier/Agent Info,,Plant Code,ieSISPlantCode,,,APK
RF0041582,1,Supplier,BEKAERT,IZMIT,,,BA01FP,Supplier/Agent Info,,Plant Code,ieAgentPlantCode,,,
RF0041582,1,Supplier,BEKAERT,IZMIT,,,BA01FP,Supplier/Agent Info,,Supplier Trade Name,ieSupplierTradeName,,,BA01FP
RF0041582,1,Supplier,BEKAERT,IZMIT,,,BA01FP,Supplier/Agent Info,,Agent to Break Bulk?,cbBreakBulk,,,
RF0041582,1,Supplier,BEKAERT,IZMIT,,,BA01FP,Program Info,,Reason for Program,mleReasProg,,,Security of Supply
RF0041582,1,Supplier,BEKAERT,IZMIT,,,BA01FP,Program Info,,Program Type,ddlProgramType,,,New Source
RF0041582,1,Supplier,BEKAERT,IZMIT,,,BA01FP,Program Info,,Requested By,cbReqBy,,,
RF0041582,1,Supplier,BEKAERT,IZMIT,,,BA01FP,Program Info,,Assigned To,mleAssignedTo,,,Anthony Hardy
RF0041582,1,Supplier,BEKAERT,IZMIT,,,BA01FP,Program Info,,NA,cbRegionNA,,,1
RF0041582,1,Supplier,BEKAERT,IZMIT,,,BA01FP,Program Info,,LA,cbRegionLA,,,1
RF0041582,1,Supplier,BEKAERT,IZMIT,,,BA01FP,Program Info,,EMEA,cbRegionEMEA,,,1
RF0041582,1,Supplier,BEKAERT,IZMIT,,,BA01FP,Program Info,,Cooper Americas,cbRegionCooperNA,,,0
RF0041582,1,Supplier,BEKAERT,IZMIT,,,BA01FP,Program Info,,AP,cbRegionAP,,,1
RF0041582,1,Supplier,BEKAERT,IZMIT,,,BA01FP,Program Info,,Cooper EMEA,cbRegionCooperEMEA,,,0
RF0041582,1,Supplier,BEKAERT,IZMIT,,,BA01FP,Program Info,,Cooper AP,cbRegionCooperAP,,,0
RF0041582,1,Supplier,BEKAERT,IZMIT,,,BA01FP,Program Info,,Akron,cbLabAkron,,,0
RF0041582,1,Supplier,BEKAERT,IZMIT,,,BA01FP,Program Info,,Lux,cbLabLux,,,0
RF0041582,1,Supplier,BEKAERT,IZMIT,,,BA01FP,Program Info,,Kunshan,cbLabKunshan,,,0
RF0041582,1,Supplier,BEKAERT,IZMIT,,,BA01FP,Program Info,,EHS Approval Region (hidden),efEHSApprovalReg,,,
RF0041582,1,Supplier,BEKAERT,IZMIT,,,BA01FP,Program Info,,SAP Status,ddlSAPStatusDesc,,,See base specification
RF0041582,1,Supplier,BEKAERT,IZMIT,,,BA01FP,Program Info,,,ieSAPStatusCode,,,ZZ
RF0041582,1,Supplier,BEKAERT,IZMIT,,,BA01FP,GPS Full Supplier Approval Review,,NA,cbRegionNA,,,1
RF0041582,1,Supplier,BEKAERT,IZMIT,,,BA01FP,GPS Full Supplier Approval Review,,LA,cbRegionLA,,,1
RF0041582,1,Supplier,BEKAERT,IZMIT,,,BA01FP,GPS Full Supplier Approval Review,,AP,cbRegionAP,,,1
RF0041582,1,Supplier,BEKAERT,IZMIT,,,BA01FP,GPS Full Supplier Approval Review,,EMEA,cbRegionEMEA,,,1
RF0041582,1,Supplier,BEKAERT,IZMIT,,,BA01FP,GPS Full Supplier Approval Review,,Cooper Americas,cbRegionCooperNA,,,0
RF0041582,1,Supplier,BEKAERT,IZMIT,,,BA01FP,GPS Full Supplier Approval Review,,Cooper EMEA,cbRegionCooperEMEA,,,0
RF0041582,1,Supplier,BEKAERT,IZMIT,,,BA01FP,GPS Full Supplier Approval Review,,Cooper AP,cbRegionCooperAP,,,0
RF0041582,1,Supplier,BEKAERT,IZMIT,,,BA01FP,GPS Full Supplier Approval Review,,SOS Appr. Reg. for Layout,efSOSApprovalReg,,,"AP, EMEA, LA, NA"
RF0041582,1,Supplier,BEKAERT,IZMIT,,,BA01FP,GPS Full Supplier Approval Review,,,mlePlantMatProh,,,
RF0041582,1,Supplier,BEKAERT,IZMIT,,,BA01FP,GPS Full Supplier Approval Review,,Full Approval Prefix Code (hidden),efFullAppCode,,,
RF0041590,1,Supplier,BEKAERT,SHENYANG BSSC,,,,Supplier/Agent Info,,Initial Exp Spec Code (hidden),ieInitialExpSpCode,,,RF0041590
RF0041590,1,Supplier,BEKAERT,SHENYANG BSSC,,,,Supplier/Agent Info,,Material Code,cbMaterialCode,,,RFFP
RF0041590,1,Supplier,BEKAERT,SHENYANG BSSC,,,,Supplier/Agent Info,,Material Description,ieMatDescSupplier,,,
RF0041590,1,Supplier,BEKAERT,SHENYANG BSSC,,,,Supplier/Agent Info,,Supplier,ieSupplier,,,BEKAERT
RF0041590,1,Supplier,BEKAERT,SHENYANG BSSC,,,,Supplier/Agent Info,,Agent,ieAgent,,,
RF0041590,1,Supplier,BEKAERT,SHENYANG BSSC,,,,Supplier/Agent Info,,Supplier Plant,ieSupplierPlant,,,SHENYANG BSSC
RF0041590,1,Supplier,BEKAERT,SHENYANG BSSC,,,,Supplier/Agent Info,,Agent Plant,ieAgentPlant,,,
RF0041590,1,Supplier,BEKAERT,SHENYANG BSSC,,,,Supplier/Agent Info,,Supplier Plant - City,ieSupplierPlantLocationCity,,,Shenyang
RF0041590,1,Supplier,BEKAERT,SHENYANG BSSC,,,,Supplier/Agent Info,,Agent Plant - City,ieAgentPlantLocationCity,,,
RF0041590,1,Supplier,BEKAERT,SHENYANG BSSC,,,,Supplier/Agent Info,,Supplier Plant - State,ieSupplierPlantLocationState,,,Others
RF0041590,1,Supplier,BEKAERT,SHENYANG BSSC,,,,Supplier/Agent Info,,Agent Plant - State,ieAgentPlantLocationState,,,
RF0041590,1,Supplier,BEKAERT,SHENYANG BSSC,,,,Supplier/Agent Info,,Agent Plant - Country,ieAgentPlantLocationCountry,,,
RF0041590,1,Supplier,BEKAERT,SHENYANG BSSC,,,,Supplier/Agent Info,,Supplier Plant - Country,ieSupplierPlantLocationCountry,,,China
RF0041590,1,Supplier,BEKAERT,SHENYANG BSSC,,,,Supplier/Agent Info,,Plant Code,ieSISPlantCode,,,JJA
RF0041590,1,Supplier,BEKAERT,SHENYANG BSSC,,,,Supplier/Agent Info,,Plant Code,ieAgentPlantCode,,,
RF0041590,1,Supplier,BEKAERT,SHENYANG BSSC,,,,Supplier/Agent Info,,Supplier Trade Name,ieSupplierTradeName,,,
RF0041590,1,Supplier,BEKAERT,SHENYANG BSSC,,,,Supplier/Agent Info,,Agent to Break Bulk?,cbBreakBulk,,,
RF0041590,1,Supplier,BEKAERT,SHENYANG BSSC,,,,Program Info,,Reason for Program,mleReasProg,,,Security of Supply
RF0041590,1,Supplier,BEKAERT,SHENYANG BSSC,,,,Program Info,,Program Type,ddlProgramType,,,New Source
RF0041590,1,Supplier,BEKAERT,SHENYANG BSSC,,,,Program Info,,Requested By,cbReqBy,,,
RF0041590,1,Supplier,BEKAERT,SHENYANG BSSC,,,,Program Info,,Assigned To,mleAssignedTo,,,Jim Kish
RF0041590,1,Supplier,BEKAERT,SHENYANG BSSC,,,,Program Info,,NA,cbRegionNA,,,1
RF0041590,1,Supplier,BEKAERT,SHENYANG BSSC,,,,Program Info,,LA,cbRegionLA,,,1
RF0041590,1,Supplier,BEKAERT,SHENYANG BSSC,,,,Program Info,,EMEA,cbRegionEMEA,,,1
RF0041590,1,Supplier,BEKAERT,SHENYANG BSSC,,,,Program Info,,Cooper Americas,cbRegionCooperNA,,,0
RF0041590,1,Supplier,BEKAERT,SHENYANG BSSC,,,,Program Info,,AP,cbRegionAP,,,1
RF0041590,1,Supplier,BEKAERT,SHENYANG BSSC,,,,Program Info,,Cooper EMEA,cbRegionCooperEMEA,,,0
RF0041590,1,Supplier,BEKAERT,SHENYANG BSSC,,,,Program Info,,Cooper AP,cbRegionCooperAP,,,0
RF0041590,1,Supplier,BEKAERT,SHENYANG BSSC,,,,Program Info,,Akron,cbLabAkron,,,0
RF0041590,1,Supplier,BEKAERT,SHENYANG BSSC,,,,Program Info,,Lux,cbLabLux,,,0
RF0041590,1,Supplier,BEKAERT,SHENYANG BSSC,,,,Program Info,,Kunshan,cbLabKunshan,,,0
RF0041590,1,Supplier,BEKAERT,SHENYANG BSSC,,,,Program Info,,EHS Approval Region (hidden),efEHSApprovalReg,,,
RF0041590,1,Supplier,BEKAERT,SHENYANG BSSC,,,,Program Info,,SAP Status,ddlSAPStatusDesc,,,See base specification
RF0041590,1,Supplier,BEKAERT,SHENYANG BSSC,,,,Program Info,,,ieSAPStatusCode,,,ZZ
RF0041590,1,Supplier,BEKAERT,SHENYANG BSSC,,,,GPS Full Supplier Approval Review,,NA,cbRegionNA,,,1
RF0041590,1,Supplier,BEKAERT,SHENYANG BSSC,,,,GPS Full Supplier Approval Review,,LA,cbRegionLA,,,1
RF0041590,1,Supplier,BEKAERT,SHENYANG BSSC,,,,GPS Full Supplier Approval Review,,AP,cbRegionAP,,,1
RF0041590,1,Supplier,BEKAERT,SHENYANG BSSC,,,,GPS Full Supplier Approval Review,,EMEA,cbRegionEMEA,,,1
RF0041590,1,Supplier,BEKAERT,SHENYANG BSSC,,,,GPS Full Supplier Approval Review,,Cooper Americas,cbRegionCooperNA,,,0
RF0041590,1,Supplier,BEKAERT,SHENYANG BSSC,,,,GPS Full Supplier Approval Review,,Cooper EMEA,cbRegionCooperEMEA,,,0
RF0041590,1,Supplier,BEKAERT,SHENYANG BSSC,,,,GPS Full Supplier Approval Review,,Cooper AP,cbRegionCooperAP,,,0
RF0041590,1,Supplier,BEKAERT,SHENYANG BSSC,,,,GPS Full Supplier Approval Review,,SOS Appr. Reg. for Layout,efSOSApprovalReg,,,"AP, EMEA, LA, NA"
RF0041590,1,Supplier,BEKAERT,SHENYANG BSSC,,,,GPS Full Supplier Approval Review,,,mlePlantMatProh,,,
RF0041590,1,Supplier,BEKAERT,SHENYANG BSSC,,,,GPS Full Supplier Approval Review,,Full Approval Prefix Code (hidden),efFullAppCode,,,
RF0041619,1,Supplier,KISWIRE,QINGDAO,,,246CH,Supplier/Agent Info,,Initial Exp Spec Code (hidden),ieInitialExpSpCode,,,RF0041619
RF0041619,1,Supplier,KISWIRE,QINGDAO,,,246CH,Supplier/Agent Info,,Material Code,cbMaterialCode,,,RFCH
RF0041619,1,Supplier,KISWIRE,QINGDAO,,,246CH,Supplier/Agent Info,,Material Description,ieMatDescSupplier,,,
RF0041619,1,Supplier,KISWIRE,QINGDAO,,,246CH,Supplier/Agent Info,,Supplier,ieSupplier,,,KISWIRE
RF0041619,1,Supplier,KISWIRE,QINGDAO,,,246CH,Supplier/Agent Info,,Agent,ieAgent,,,
RF0041619,1,Supplier,KISWIRE,QINGDAO,,,246CH,Supplier/Agent Info,,Supplier Plant,ieSupplierPlant,,,QINGDAO
RF0041619,1,Supplier,KISWIRE,QINGDAO,,,246CH,Supplier/Agent Info,,Agent Plant,ieAgentPlant,,,
RF0041619,1,Supplier,KISWIRE,QINGDAO,,,246CH,Supplier/Agent Info,,Supplier Plant - City,ieSupplierPlantLocationCity,,,Qingdao
RF0041619,1,Supplier,KISWIRE,QINGDAO,,,246CH,Supplier/Agent Info,,Agent Plant - City,ieAgentPlantLocationCity,,,
RF0041619,1,Supplier,KISWIRE,QINGDAO,,,246CH,Supplier/Agent Info,,Supplier Plant - State,ieSupplierPlantLocationState,,,Others
RF0041619,1,Supplier,KISWIRE,QINGDAO,,,246CH,Supplier/Agent Info,,Agent Plant - State,ieAgentPlantLocationState,,,
RF0041619,1,Supplier,KISWIRE,QINGDAO,,,246CH,Supplier/Agent Info,,Agent Plant - Country,ieAgentPlantLocationCountry,,,
RF0041619,1,Supplier,KISWIRE,QINGDAO,,,246CH,Supplier/Agent Info,,Supplier Plant - Country,ieSupplierPlantLocationCountry,,,China
RF0041619,1,Supplier,KISWIRE,QINGDAO,,,246CH,Supplier/Agent Info,,Plant Code,ieSISPlantCode,,,JMA
RF0041619,1,Supplier,KISWIRE,QINGDAO,,,246CH,Supplier/Agent Info,,Plant Code,ieAgentPlantCode,,,
RF0041619,1,Supplier,KISWIRE,QINGDAO,,,246CH,Supplier/Agent Info,,Supplier Trade Name,ieSupplierTradeName,,,246CH
RF0041619,1,Supplier,KISWIRE,QINGDAO,,,246CH,Supplier/Agent Info,,Agent to Break Bulk?,cbBreakBulk,,,
RF0041619,1,Supplier,KISWIRE,QINGDAO,,,246CH,Program Info,,Reason for Program,mleReasProg,,,Savings
RF0041619,1,Supplier,KISWIRE,QINGDAO,,,246CH,Program Info,,Program Type,ddlProgramType,,,New Source
RF0041619,1,Supplier,KISWIRE,QINGDAO,,,246CH,Program Info,,Requested By,cbReqBy,,,
RF0041619,1,Supplier,KISWIRE,QINGDAO,,,246CH,Program Info,,Assigned To,mleAssignedTo,,,Anthony Hardy
RF0041619,1,Supplier,KISWIRE,QINGDAO,,,246CH,Program Info,,NA,cbRegionNA,,,1
RF0041619,1,Supplier,KISWIRE,QINGDAO,,,246CH,Program Info,,LA,cbRegionLA,,,1
RF0041619,1,Supplier,KISWIRE,QINGDAO,,,246CH,Program Info,,EMEA,cbRegionEMEA,,,1
RF0041619,1,Supplier,KISWIRE,QINGDAO,,,246CH,Program Info,,Cooper Americas,cbRegionCooperNA,,,0
RF0041619,1,Supplier,KISWIRE,QINGDAO,,,246CH,Program Info,,AP,cbRegionAP,,,1
RF0041619,1,Supplier,KISWIRE,QINGDAO,,,246CH,Program Info,,Cooper EMEA,cbRegionCooperEMEA,,,0
RF0041619,1,Supplier,KISWIRE,QINGDAO,,,246CH,Program Info,,Cooper AP,cbRegionCooperAP,,,0
RF0041619,1,Supplier,KISWIRE,QINGDAO,,,246CH,Program Info,,Akron,cbLabAkron,,,0
RF0041619,1,Supplier,KISWIRE,QINGDAO,,,246CH,Program Info,,Lux,cbLabLux,,,0
RF0041619,1,Supplier,KISWIRE,QINGDAO,,,246CH,Program Info,,Kunshan,cbLabKunshan,,,0
RF0041619,1,Supplier,KISWIRE,QINGDAO,,,246CH,Program Info,,EHS Approval Region (hidden),efEHSApprovalReg,,,
RF0041619,1,Supplier,KISWIRE,QINGDAO,,,246CH,Program Info,,SAP Status,ddlSAPStatusDesc,,,See base specification
RF0041619,1,Supplier,KISWIRE,QINGDAO,,,246CH,Program Info,,,ieSAPStatusCode,,,ZZ
RF0041619,1,Supplier,KISWIRE,QINGDAO,,,246CH,GPS Full Supplier Approval Review,,NA,cbRegionNA,,,1
RF0041619,1,Supplier,KISWIRE,QINGDAO,,,246CH,GPS Full Supplier Approval Review,,LA,cbRegionLA,,,1
RF0041619,1,Supplier,KISWIRE,QINGDAO,,,246CH,GPS Full Supplier Approval Review,,AP,cbRegionAP,,,1
RF0041619,1,Supplier,KISWIRE,QINGDAO,,,246CH,GPS Full Supplier Approval Review,,EMEA,cbRegionEMEA,,,1
RF0041619,1,Supplier,KISWIRE,QINGDAO,,,246CH,GPS Full Supplier Approval Review,,Cooper Americas,cbRegionCooperNA,,,0
RF0041619,1,Supplier,KISWIRE,QINGDAO,,,246CH,GPS Full Supplier Approval Review,,Cooper EMEA,cbRegionCooperEMEA,,,0
RF0041619,1,Supplier,KISWIRE,QINGDAO,,,246CH,GPS Full Supplier Approval Review,,Cooper AP,cbRegionCooperAP,,,0
RF0041619,1,Supplier,KISWIRE,QINGDAO,,,246CH,GPS Full Supplier Approval Review,,SOS Appr. Reg. for Layout,efSOSApprovalReg,,,"AP, EMEA, LA, NA"
RF0041619,1,Supplier,KISWIRE,QINGDAO,,,246CH,GPS Full Supplier Approval Review,,,mlePlantMatProh,,,
RF0041619,1,Supplier,KISWIRE,QINGDAO,,,246CH,GPS Full Supplier Approval Review,,Full Approval Prefix Code (hidden),efFullAppCode,,,
RF0041817,1,Supplier,TRAFILERIE MERIDIONALI,CHIETI SCALO,,,201CH,Supplier/Agent Info,,Initial Exp Spec Code (hidden),ieInitialExpSpCode,,,RF0041817
RF0041817,1,Supplier,TRAFILERIE MERIDIONALI,CHIETI SCALO,,,201CH,Supplier/Agent Info,,Material Code,cbMaterialCode,,,RFCH
RF0041817,1,Supplier,TRAFILERIE MERIDIONALI,CHIETI SCALO,,,201CH,Supplier/Agent Info,,Material Description,ieMatDescSupplier,,,
RF0041817,1,Supplier,TRAFILERIE MERIDIONALI,CHIETI SCALO,,,201CH,Supplier/Agent Info,,Supplier,ieSupplier,,,TRAFILERIE MERIDIONALI
RF0041817,1,Supplier,TRAFILERIE MERIDIONALI,CHIETI SCALO,,,201CH,Supplier/Agent Info,,Agent,ieAgent,,,
RF0041817,1,Supplier,TRAFILERIE MERIDIONALI,CHIETI SCALO,,,201CH,Supplier/Agent Info,,Supplier Plant,ieSupplierPlant,,,CHIETI SCALO
RF0041817,1,Supplier,TRAFILERIE MERIDIONALI,CHIETI SCALO,,,201CH,Supplier/Agent Info,,Agent Plant,ieAgentPlant,,,
RF0041817,1,Supplier,TRAFILERIE MERIDIONALI,CHIETI SCALO,,,201CH,Supplier/Agent Info,,Supplier Plant - City,ieSupplierPlantLocationCity,,,CHIETI SCALO
RF0041817,1,Supplier,TRAFILERIE MERIDIONALI,CHIETI SCALO,,,201CH,Supplier/Agent Info,,Agent Plant - City,ieAgentPlantLocationCity,,,
RF0041817,1,Supplier,TRAFILERIE MERIDIONALI,CHIETI SCALO,,,201CH,Supplier/Agent Info,,Supplier Plant - State,ieSupplierPlantLocationState,,,Others
RF0041817,1,Supplier,TRAFILERIE MERIDIONALI,CHIETI SCALO,,,201CH,Supplier/Agent Info,,Agent Plant - State,ieAgentPlantLocationState,,,
RF0041817,1,Supplier,TRAFILERIE MERIDIONALI,CHIETI SCALO,,,201CH,Supplier/Agent Info,,Agent Plant - Country,ieAgentPlantLocationCountry,,,
RF0041817,1,Supplier,TRAFILERIE MERIDIONALI,CHIETI SCALO,,,201CH,Supplier/Agent Info,,Supplier Plant - Country,ieSupplierPlantLocationCountry,,,Italy
RF0041817,1,Supplier,TRAFILERIE MERIDIONALI,CHIETI SCALO,,,201CH,Supplier/Agent Info,,Plant Code,ieSISPlantCode,,,ALL
RF0041817,1,Supplier,TRAFILERIE MERIDIONALI,CHIETI SCALO,,,201CH,Supplier/Agent Info,,Plant Code,ieAgentPlantCode,,,
RF0041817,1,Supplier,TRAFILERIE MERIDIONALI,CHIETI SCALO,,,201CH,Supplier/Agent Info,,Supplier Trade Name,ieSupplierTradeName,,,201CH
RF0041817,1,Supplier,TRAFILERIE MERIDIONALI,CHIETI SCALO,,,201CH,Supplier/Agent Info,,Agent to Break Bulk?,cbBreakBulk,,,
RF0041817,1,Supplier,TRAFILERIE MERIDIONALI,CHIETI SCALO,,,201CH,Program Info,,Reason for Program,mleReasProg,,,Security of Supply
RF0041817,1,Supplier,TRAFILERIE MERIDIONALI,CHIETI SCALO,,,201CH,Program Info,,Program Type,ddlProgramType,,,New Source
RF0041817,1,Supplier,TRAFILERIE MERIDIONALI,CHIETI SCALO,,,201CH,Program Info,,Requested By,cbReqBy,,,
RF0041817,1,Supplier,TRAFILERIE MERIDIONALI,CHIETI SCALO,,,201CH,Program Info,,Assigned To,mleAssignedTo,,,Anthony Hardy
RF0041817,1,Supplier,TRAFILERIE MERIDIONALI,CHIETI SCALO,,,201CH,Program Info,,NA,cbRegionNA,,,1
RF0041817,1,Supplier,TRAFILERIE MERIDIONALI,CHIETI SCALO,,,201CH,Program Info,,LA,cbRegionLA,,,1
RF0041817,1,Supplier,TRAFILERIE MERIDIONALI,CHIETI SCALO,,,201CH,Program Info,,EMEA,cbRegionEMEA,,,1
RF0041817,1,Supplier,TRAFILERIE MERIDIONALI,CHIETI SCALO,,,201CH,Program Info,,Cooper Americas,cbRegionCooperNA,,,0
RF0041817,1,Supplier,TRAFILERIE MERIDIONALI,CHIETI SCALO,,,201CH,Program Info,,AP,cbRegionAP,,,1
RF0041817,1,Supplier,TRAFILERIE MERIDIONALI,CHIETI SCALO,,,201CH,Program Info,,Cooper EMEA,cbRegionCooperEMEA,,,0
RF0041817,1,Supplier,TRAFILERIE MERIDIONALI,CHIETI SCALO,,,201CH,Program Info,,Cooper AP,cbRegionCooperAP,,,0
RF0041817,1,Supplier,TRAFILERIE MERIDIONALI,CHIETI SCALO,,,201CH,Program Info,,Akron,cbLabAkron,,,0
RF0041817,1,Supplier,TRAFILERIE MERIDIONALI,CHIETI SCALO,,,201CH,Program Info,,Lux,cbLabLux,,,0
RF0041817,1,Supplier,TRAFILERIE MERIDIONALI,CHIETI SCALO,,,201CH,Program Info,,Kunshan,cbLabKunshan,,,0
RF0041817,1,Supplier,TRAFILERIE MERIDIONALI,CHIETI SCALO,,,201CH,Program Info,,EHS Approval Region (hidden),efEHSApprovalReg,,,
RF0041817,1,Supplier,TRAFILERIE MERIDIONALI,CHIETI SCALO,,,201CH,Program Info,,SAP Status,ddlSAPStatusDesc,,,See base specification
RF0041817,1,Supplier,TRAFILERIE MERIDIONALI,CHIETI SCALO,,,201CH,Program Info,,,ieSAPStatusCode,,,ZZ
RF0041817,1,Supplier,TRAFILERIE MERIDIONALI,CHIETI SCALO,,,201CH,GPS Full Supplier Approval Review,,NA,cbRegionNA,,,1
RF0041817,1,Supplier,TRAFILERIE MERIDIONALI,CHIETI SCALO,,,201CH,GPS Full Supplier Approval Review,,LA,cbRegionLA,,,1
RF0041817,1,Supplier,TRAFILERIE MERIDIONALI,CHIETI SCALO,,,201CH,GPS Full Supplier Approval Review,,AP,cbRegionAP,,,1
RF0041817,1,Supplier,TRAFILERIE MERIDIONALI,CHIETI SCALO,,,201CH,GPS Full Supplier Approval Review,,EMEA,cbRegionEMEA,,,1
RF0041817,1,Supplier,TRAFILERIE MERIDIONALI,CHIETI SCALO,,,201CH,GPS Full Supplier Approval Review,,Cooper Americas,cbRegionCooperNA,,,0
RF0041817,1,Supplier,TRAFILERIE MERIDIONALI,CHIETI SCALO,,,201CH,GPS Full Supplier Approval Review,,Cooper EMEA,cbRegionCooperEMEA,,,0
RF0041817,1,Supplier,TRAFILERIE MERIDIONALI,CHIETI SCALO,,,201CH,GPS Full Supplier Approval Review,,Cooper AP,cbRegionCooperAP,,,0
RF0041817,1,Supplier,TRAFILERIE MERIDIONALI,CHIETI SCALO,,,201CH,GPS Full Supplier Approval Review,,SOS Appr. Reg. for Layout,efSOSApprovalReg,,,"AP, EMEA, LA, NA"
RF0041817,1,Supplier,TRAFILERIE MERIDIONALI,CHIETI SCALO,,,201CH,GPS Full Supplier Approval Review,,,mlePlantMatProh,,,
RF0041817,1,Supplier,TRAFILERIE MERIDIONALI,CHIETI SCALO,,,201CH,GPS Full Supplier Approval Review,,Full Approval Prefix Code (hidden),efFullAppCode,,,
RF0041826,1,Supplier,JIAXING EASTERN,,,,,Supplier/Agent Info,,Initial Exp Spec Code (hidden),ieInitialExpSpCode,,,RF0041826
RF0041826,1,Supplier,JIAXING EASTERN,,,,,Supplier/Agent Info,,Material Code,cbMaterialCode,,,RFFP
RF0041826,1,Supplier,JIAXING EASTERN,,,,,Supplier/Agent Info,,Material Description,ieMatDescSupplier,,,
RF0041826,1,Supplier,JIAXING EASTERN,,,,,Supplier/Agent Info,,Supplier,ieSupplier,,,JIAXING EASTERN
RF0041826,1,Supplier,JIAXING EASTERN,,,,,Supplier/Agent Info,,Agent,ieAgent,,,
RF0041826,1,Supplier,JIAXING EASTERN,,,,,Supplier/Agent Info,,Supplier Plant,ieSupplierPlant,,,
RF0041826,1,Supplier,JIAXING EASTERN,,,,,Supplier/Agent Info,,Agent Plant,ieAgentPlant,,,
RF0041826,1,Supplier,JIAXING EASTERN,,,,,Supplier/Agent Info,,Supplier Plant - City,ieSupplierPlantLocationCity,,,
RF0041826,1,Supplier,JIAXING EASTERN,,,,,Supplier/Agent Info,,Agent Plant - City,ieAgentPlantLocationCity,,,
RF0041826,1,Supplier,JIAXING EASTERN,,,,,Supplier/Agent Info,,Supplier Plant - State,ieSupplierPlantLocationState,,,
RF0041826,1,Supplier,JIAXING EASTERN,,,,,Supplier/Agent Info,,Agent Plant - State,ieAgentPlantLocationState,,,
RF0041826,1,Supplier,JIAXING EASTERN,,,,,Supplier/Agent Info,,Agent Plant - Country,ieAgentPlantLocationCountry,,,
RF0041826,1,Supplier,JIAXING EASTERN,,,,,Supplier/Agent Info,,Supplier Plant - Country,ieSupplierPlantLocationCountry,,,
RF0041826,1,Supplier,JIAXING EASTERN,,,,,Supplier/Agent Info,,Plant Code,ieSISPlantCode,,,
RF0041826,1,Supplier,JIAXING EASTERN,,,,,Supplier/Agent Info,,Plant Code,ieAgentPlantCode,,,
RF0041826,1,Supplier,JIAXING EASTERN,,,,,Supplier/Agent Info,,Supplier Trade Name,ieSupplierTradeName,,,
RF0041826,1,Supplier,JIAXING EASTERN,,,,,Supplier/Agent Info,,Agent to Break Bulk?,cbBreakBulk,,,
RF0041826,1,Supplier,JIAXING EASTERN,,,,,Program Info,,Reason for Program,mleReasProg,,,
RF0041826,1,Supplier,JIAXING EASTERN,,,,,Program Info,,Program Type,ddlProgramType,,,New Source
RF0041826,1,Supplier,JIAXING EASTERN,,,,,Program Info,,Requested By,cbReqBy,,,
RF0041826,1,Supplier,JIAXING EASTERN,,,,,Program Info,,Assigned To,mleAssignedTo,,,Anthony Hardy
RF0041826,1,Supplier,JIAXING EASTERN,,,,,Program Info,,NA,cbRegionNA,,,1
RF0041826,1,Supplier,JIAXING EASTERN,,,,,Program Info,,LA,cbRegionLA,,,1
RF0041826,1,Supplier,JIAXING EASTERN,,,,,Program Info,,EMEA,cbRegionEMEA,,,1
RF0041826,1,Supplier,JIAXING EASTERN,,,,,Program Info,,Cooper Americas,cbRegionCooperNA,,,0
RF0041826,1,Supplier,JIAXING EASTERN,,,,,Program Info,,AP,cbRegionAP,,,1
RF0041826,1,Supplier,JIAXING EASTERN,,,,,Program Info,,Cooper EMEA,cbRegionCooperEMEA,,,0
RF0041826,1,Supplier,JIAXING EASTERN,,,,,Program Info,,Cooper AP,cbRegionCooperAP,,,0
RF0041826,1,Supplier,JIAXING EASTERN,,,,,Program Info,,Akron,cbLabAkron,,,0
RF0041826,1,Supplier,JIAXING EASTERN,,,,,Program Info,,Lux,cbLabLux,,,0
RF0041826,1,Supplier,JIAXING EASTERN,,,,,Program Info,,Kunshan,cbLabKunshan,,,0
RF0041826,1,Supplier,JIAXING EASTERN,,,,,Program Info,,EHS Approval Region (hidden),efEHSApprovalReg,,,
RF0041826,1,Supplier,JIAXING EASTERN,,,,,Program Info,,SAP Status,ddlSAPStatusDesc,,,See base specification
RF0041826,1,Supplier,JIAXING EASTERN,,,,,Program Info,,,ieSAPStatusCode,,,ZZ
RF0041826,1,Supplier,JIAXING EASTERN,,,,,GPS Full Supplier Approval Review,,NA,cbRegionNA,,,1
RF0041826,1,Supplier,JIAXING EASTERN,,,,,GPS Full Supplier Approval Review,,LA,cbRegionLA,,,1
RF0041826,1,Supplier,JIAXING EASTERN,,,,,GPS Full Supplier Approval Review,,AP,cbRegionAP,,,1
RF0041826,1,Supplier,JIAXING EASTERN,,,,,GPS Full Supplier Approval Review,,EMEA,cbRegionEMEA,,,1
RF0041826,1,Supplier,JIAXING EASTERN,,,,,GPS Full Supplier Approval Review,,Cooper Americas,cbRegionCooperNA,,,0
RF0041826,1,Supplier,JIAXING EASTERN,,,,,GPS Full Supplier Approval Review,,Cooper EMEA,cbRegionCooperEMEA,,,0
RF0041826,1,Supplier,JIAXING EASTERN,,,,,GPS Full Supplier Approval Review,,Cooper AP,cbRegionCooperAP,,,0
RF0041826,1,Supplier,JIAXING EASTERN,,,,,GPS Full Supplier Approval Review,,SOS Appr. Reg. for Layout,efSOSApprovalReg,,,"AP, EMEA, LA, NA"
RF0041826,1,Supplier,JIAXING EASTERN,,,,,GPS Full Supplier Approval Review,,,mlePlantMatProh,,,
RF0041826,1,Supplier,JIAXING EASTERN,,,,,GPS Full Supplier Approval Review,,Full Approval Prefix Code (hidden),efFullAppCode,,,
RF0043059,1,Supplier,CELIK HALAT,IZMIT,,,031CH,Supplier/Agent Info,,Initial Exp Spec Code (hidden),ieInitialExpSpCode,,,RF0043059
RF0043059,1,Supplier,CELIK HALAT,IZMIT,,,031CH,Supplier/Agent Info,,Material Code,cbMaterialCode,,,RFCH
RF0043059,1,Supplier,CELIK HALAT,IZMIT,,,031CH,Supplier/Agent Info,,Material Description,ieMatDescSupplier,,,
RF0043059,1,Supplier,CELIK HALAT,IZMIT,,,031CH,Supplier/Agent Info,,Supplier,ieSupplier,,,CELIK HALAT
RF0043059,1,Supplier,CELIK HALAT,IZMIT,,,031CH,Supplier/Agent Info,,Agent,ieAgent,,,
RF0043059,1,Supplier,CELIK HALAT,IZMIT,,,031CH,Supplier/Agent Info,,Supplier Plant,ieSupplierPlant,,,IZMIT
RF0043059,1,Supplier,CELIK HALAT,IZMIT,,,031CH,Supplier/Agent Info,,Agent Plant,ieAgentPlant,,,
RF0043059,1,Supplier,CELIK HALAT,IZMIT,,,031CH,Supplier/Agent Info,,Supplier Plant - City,ieSupplierPlantLocationCity,,,IZMIT
RF0043059,1,Supplier,CELIK HALAT,IZMIT,,,031CH,Supplier/Agent Info,,Agent Plant - City,ieAgentPlantLocationCity,,,
RF0043059,1,Supplier,CELIK HALAT,IZMIT,,,031CH,Supplier/Agent Info,,Supplier Plant - State,ieSupplierPlantLocationState,,,Others
RF0043059,1,Supplier,CELIK HALAT,IZMIT,,,031CH,Supplier/Agent Info,,Agent Plant - State,ieAgentPlantLocationState,,,
RF0043059,1,Supplier,CELIK HALAT,IZMIT,,,031CH,Supplier/Agent Info,,Agent Plant - Country,ieAgentPlantLocationCountry,,,
RF0043059,1,Supplier,CELIK HALAT,IZMIT,,,031CH,Supplier/Agent Info,,Supplier Plant - Country,ieSupplierPlantLocationCountry,,,Turkey
RF0043059,1,Supplier,CELIK HALAT,IZMIT,,,031CH,Supplier/Agent Info,,Plant Code,ieSISPlantCode,,,
RF0043059,1,Supplier,CELIK HALAT,IZMIT,,,031CH,Supplier/Agent Info,,Plant Code,ieAgentPlantCode,,,
RF0043059,1,Supplier,CELIK HALAT,IZMIT,,,031CH,Supplier/Agent Info,,Supplier Trade Name,ieSupplierTradeName,,,031CH
RF0043059,1,Supplier,CELIK HALAT,IZMIT,,,031CH,Supplier/Agent Info,,Agent to Break Bulk?,cbBreakBulk,,,
RF0043059,1,Supplier,CELIK HALAT,IZMIT,,,031CH,Program Info,,Reason for Program,mleReasProg,,,Approval of the Celik Halat Turkey facility will offer security of supply and leverage with Bekaert in 2015 and beyond.
RF0043059,1,Supplier,CELIK HALAT,IZMIT,,,031CH,Program Info,,Program Type,ddlProgramType,,,New Source
RF0043059,1,Supplier,CELIK HALAT,IZMIT,,,031CH,Program Info,,Requested By,cbReqBy,,,
RF0043059,1,Supplier,CELIK HALAT,IZMIT,,,031CH,Program Info,,Assigned To,mleAssignedTo,,,Etienne Schauer
RF0043059,1,Supplier,CELIK HALAT,IZMIT,,,031CH,Program Info,,NA,cbRegionNA,,,0
RF0043059,1,Supplier,CELIK HALAT,IZMIT,,,031CH,Program Info,,LA,cbRegionLA,,,0
RF0043059,1,Supplier,CELIK HALAT,IZMIT,,,031CH,Program Info,,EMEA,cbRegionEMEA,,,0
RF0043059,1,Supplier,CELIK HALAT,IZMIT,,,031CH,Program Info,,Cooper Americas,cbRegionCooperNA,,,0
RF0043059,1,Supplier,CELIK HALAT,IZMIT,,,031CH,Program Info,,AP,cbRegionAP,,,0
RF0043059,1,Supplier,CELIK HALAT,IZMIT,,,031CH,Program Info,,Cooper EMEA,cbRegionCooperEMEA,,,0
RF0043059,1,Supplier,CELIK HALAT,IZMIT,,,031CH,Program Info,,Cooper AP,cbRegionCooperAP,,,0
RF0043059,1,Supplier,CELIK HALAT,IZMIT,,,031CH,Program Info,,Akron,cbLabAkron,,,0
RF0043059,1,Supplier,CELIK HALAT,IZMIT,,,031CH,Program Info,,Lux,cbLabLux,,,0
RF0043059,1,Supplier,CELIK HALAT,IZMIT,,,031CH,Program Info,,Kunshan,cbLabKunshan,,,0
RF0043059,1,Supplier,CELIK HALAT,IZMIT,,,031CH,Program Info,,EHS Approval Region (hidden),efEHSApprovalReg,,,
RF0043059,1,Supplier,CELIK HALAT,IZMIT,,,031CH,Program Info,,SAP Status,ddlSAPStatusDesc,,,See base specification
RF0043059,1,Supplier,CELIK HALAT,IZMIT,,,031CH,Program Info,,,ieSAPStatusCode,,,ZZ
RF0043059,1,Supplier,CELIK HALAT,IZMIT,,,031CH,GPS Full Supplier Approval Review,,NA,cbRegionNA,,,0
RF0043059,1,Supplier,CELIK HALAT,IZMIT,,,031CH,GPS Full Supplier Approval Review,,LA,cbRegionLA,,,0
RF0043059,1,Supplier,CELIK HALAT,IZMIT,,,031CH,GPS Full Supplier Approval Review,,AP,cbRegionAP,,,0
RF0043059,1,Supplier,CELIK HALAT,IZMIT,,,031CH,GPS Full Supplier Approval Review,,EMEA,cbRegionEMEA,,,0
RF0043059,1,Supplier,CELIK HALAT,IZMIT,,,031CH,GPS Full Supplier Approval Review,,Cooper Americas,cbRegionCooperNA,,,0
RF0043059,1,Supplier,CELIK HALAT,IZMIT,,,031CH,GPS Full Supplier Approval Review,,Cooper EMEA,cbRegionCooperEMEA,,,0
RF0043059,1,Supplier,CELIK HALAT,IZMIT,,,031CH,GPS Full Supplier Approval Review,,Cooper AP,cbRegionCooperAP,,,0
RF0043059,1,Supplier,CELIK HALAT,IZMIT,,,031CH,GPS Full Supplier Approval Review,,SOS Appr. Reg. for Layout,efSOSApprovalReg,,,
RF0043059,1,Supplier,CELIK HALAT,IZMIT,,,031CH,GPS Full Supplier Approval Review,,,mlePlantMatProh,,,
RF0043059,1,Supplier,CELIK HALAT,IZMIT,,,031CH,GPS Full Supplier Approval Review,,Full Approval Prefix Code (hidden),efFullAppCode,,,
RFS00090,1,Supplier,JIAXING EASTERN,ZHEJIANG,,,Y101FP,Supplier/Agent Info,,Initial Exp Spec Code (hidden),ieInitialExpSpCode,,,RFS00090
RFS00090,1,Supplier,JIAXING EASTERN,ZHEJIANG,,,Y101FP,Supplier/Agent Info,,Material Code,cbMaterialCode,,,RFFP
RFS00090,1,Supplier,JIAXING EASTERN,ZHEJIANG,,,Y101FP,Supplier/Agent Info,,Material Description,ieMatDescSupplier,,,
RFS00090,1,Supplier,JIAXING EASTERN,ZHEJIANG,,,Y101FP,Supplier/Agent Info,,Supplier,ieSupplier,,,JIAXING EASTERN
RFS00090,1,Supplier,JIAXING EASTERN,ZHEJIANG,,,Y101FP,Supplier/Agent Info,,Agent,ieAgent,,,
RFS00090,1,Supplier,JIAXING EASTERN,ZHEJIANG,,,Y101FP,Supplier/Agent Info,,Supplier Plant,ieSupplierPlant,,,ZHEJIANG
RFS00090,1,Supplier,JIAXING EASTERN,ZHEJIANG,,,Y101FP,Supplier/Agent Info,,Agent Plant,ieAgentPlant,,,
RFS00090,1,Supplier,JIAXING EASTERN,ZHEJIANG,,,Y101FP,Supplier/Agent Info,,Supplier Plant - City,ieSupplierPlantLocationCity,,,Zhejiang
RFS00090,1,Supplier,JIAXING EASTERN,ZHEJIANG,,,Y101FP,Supplier/Agent Info,,Agent Plant - City,ieAgentPlantLocationCity,,,
RFS00090,1,Supplier,JIAXING EASTERN,ZHEJIANG,,,Y101FP,Supplier/Agent Info,,Supplier Plant - State,ieSupplierPlantLocationState,,,Others
RFS00090,1,Supplier,JIAXING EASTERN,ZHEJIANG,,,Y101FP,Supplier/Agent Info,,Agent Plant - State,ieAgentPlantLocationState,,,
RFS00090,1,Supplier,JIAXING EASTERN,ZHEJIANG,,,Y101FP,Supplier/Agent Info,,Agent Plant - Country,ieAgentPlantLocationCountry,,,
RFS00090,1,Supplier,JIAXING EASTERN,ZHEJIANG,,,Y101FP,Supplier/Agent Info,,Supplier Plant - Country,ieSupplierPlantLocationCountry,,,China
RFS00090,1,Supplier,JIAXING EASTERN,ZHEJIANG,,,Y101FP,Supplier/Agent Info,,Plant Code,ieSISPlantCode,,,JWJ
RFS00090,1,Supplier,JIAXING EASTERN,ZHEJIANG,,,Y101FP,Supplier/Agent Info,,Plant Code,ieAgentPlantCode,,,
RFS00090,1,Supplier,JIAXING EASTERN,ZHEJIANG,,,Y101FP,Supplier/Agent Info,,Supplier Trade Name,ieSupplierTradeName,,,Y101FP
RFS00090,1,Supplier,JIAXING EASTERN,ZHEJIANG,,,Y101FP,Supplier/Agent Info,,Agent to Break Bulk?,cbBreakBulk,,,
RFS00090,1,Supplier,JIAXING EASTERN,ZHEJIANG,,,Y101FP,Program Info,,Reason for Program,mleReasProg,,,Approval of Jiaxing Eastern China facility for code FP will offer productivity benefits in 2015 and beyond through this LCC supplier option. This approval will also expand our strategic relationship with Jiaxing Eastern on Ultra Tensil SC codes.
RFS00090,1,Supplier,JIAXING EASTERN,ZHEJIANG,,,Y101FP,Program Info,,Program Type,ddlProgramType,,,New Source
RFS00090,1,Supplier,JIAXING EASTERN,ZHEJIANG,,,Y101FP,Program Info,,Requested By,cbReqBy,,,
RFS00090,1,Supplier,JIAXING EASTERN,ZHEJIANG,,,Y101FP,Program Info,,Assigned To,mleAssignedTo,,,Richard Porter
RFS00090,1,Supplier,JIAXING EASTERN,ZHEJIANG,,,Y101FP,Program Info,,NA,cbRegionNA,,,1
RFS00090,1,Supplier,JIAXING EASTERN,ZHEJIANG,,,Y101FP,Program Info,,LA,cbRegionLA,,,1
RFS00090,1,Supplier,JIAXING EASTERN,ZHEJIANG,,,Y101FP,Program Info,,EMEA,cbRegionEMEA,,,0
RFS00090,1,Supplier,JIAXING EASTERN,ZHEJIANG,,,Y101FP,Program Info,,Cooper Americas,cbRegionCooperNA,,,0
RFS00090,1,Supplier,JIAXING EASTERN,ZHEJIANG,,,Y101FP,Program Info,,AP,cbRegionAP,,,1
RFS00090,1,Supplier,JIAXING EASTERN,ZHEJIANG,,,Y101FP,Program Info,,Cooper EMEA,cbRegionCooperEMEA,,,0
RFS00090,1,Supplier,JIAXING EASTERN,ZHEJIANG,,,Y101FP,Program Info,,Cooper AP,cbRegionCooperAP,,,0
RFS00090,1,Supplier,JIAXING EASTERN,ZHEJIANG,,,Y101FP,Program Info,,Akron,cbLabAkron,,,0
RFS00090,1,Supplier,JIAXING EASTERN,ZHEJIANG,,,Y101FP,Program Info,,Lux,cbLabLux,,,0
RFS00090,1,Supplier,JIAXING EASTERN,ZHEJIANG,,,Y101FP,Program Info,,Kunshan,cbLabKunshan,,,0
RFS00090,1,Supplier,JIAXING EASTERN,ZHEJIANG,,,Y101FP,Program Info,,EHS Approval Region (hidden),efEHSApprovalReg,,,
RFS00090,1,Supplier,JIAXING EASTERN,ZHEJIANG,,,Y101FP,Program Info,,SAP Status,ddlSAPStatusDesc,,,See base specification
RFS00090,1,Supplier,JIAXING EASTERN,ZHEJIANG,,,Y101FP,Program Info,,,ieSAPStatusCode,,,ZZ
RFS00090,1,Supplier,JIAXING EASTERN,ZHEJIANG,,,Y101FP,GPS Full Supplier Approval Review,,NA,cbRegionNA,,,1
RFS00090,1,Supplier,JIAXING EASTERN,ZHEJIANG,,,Y101FP,GPS Full Supplier Approval Review,,LA,cbRegionLA,,,1
RFS00090,1,Supplier,JIAXING EASTERN,ZHEJIANG,,,Y101FP,GPS Full Supplier Approval Review,,AP,cbRegionAP,,,1
RFS00090,1,Supplier,JIAXING EASTERN,ZHEJIANG,,,Y101FP,GPS Full Supplier Approval Review,,EMEA,cbRegionEMEA,,,0
RFS00090,1,Supplier,JIAXING EASTERN,ZHEJIANG,,,Y101FP,GPS Full Supplier Approval Review,,Cooper Americas,cbRegionCooperNA,,,0
RFS00090,1,Supplier,JIAXING EASTERN,ZHEJIANG,,,Y101FP,GPS Full Supplier Approval Review,,Cooper EMEA,cbRegionCooperEMEA,,,0
RFS00090,1,Supplier,JIAXING EASTERN,ZHEJIANG,,,Y101FP,GPS Full Supplier Approval Review,,Cooper AP,cbRegionCooperAP,,,0
RFS00090,1,Supplier,JIAXING EASTERN,ZHEJIANG,,,Y101FP,GPS Full Supplier Approval Review,,SOS Appr. Reg. for Layout,efSOSApprovalReg,,,"AP, LA, NA"
RFS00090,1,Supplier,JIAXING EASTERN,ZHEJIANG,,,Y101FP,GPS Full Supplier Approval Review,,,mlePlantMatProh,,,
RFS00090,1,Supplier,JIAXING EASTERN,ZHEJIANG,,,Y101FP,GPS Full Supplier Approval Review,,Full Approval Prefix Code (hidden),efFullAppCode,,,
RF0044389,1,Supplier,HYOSUNG CORPORATION,DECATUR,,,,Supplier/Agent Info,,Initial Exp Spec Code (hidden),ieInitialExpSpCode,,,RF0044389
RF0044389,1,Supplier,HYOSUNG CORPORATION,DECATUR,,,,Supplier/Agent Info,,Material Code,cbMaterialCode,,,RFNT26QA
RF0044389,1,Supplier,HYOSUNG CORPORATION,DECATUR,,,,Supplier/Agent Info,,Material Description,ieMatDescSupplier,,,
RF0044389,1,Supplier,HYOSUNG CORPORATION,DECATUR,,,,Supplier/Agent Info,,Supplier,ieSupplier,,,HYOSUNG CORPORATION
RF0044389,1,Supplier,HYOSUNG CORPORATION,DECATUR,,,,Supplier/Agent Info,,Agent,ieAgent,,,
RF0044389,1,Supplier,HYOSUNG CORPORATION,DECATUR,,,,Supplier/Agent Info,,Supplier Plant,ieSupplierPlant,,,DECATUR
RF0044389,1,Supplier,HYOSUNG CORPORATION,DECATUR,,,,Supplier/Agent Info,,Agent Plant,ieAgentPlant,,,
RF0044389,1,Supplier,HYOSUNG CORPORATION,DECATUR,,,,Supplier/Agent Info,,Supplier Plant - City,ieSupplierPlantLocationCity,,,Decatur
RF0044389,1,Supplier,HYOSUNG CORPORATION,DECATUR,,,,Supplier/Agent Info,,Agent Plant - City,ieAgentPlantLocationCity,,,
RF0044389,1,Supplier,HYOSUNG CORPORATION,DECATUR,,,,Supplier/Agent Info,,Supplier Plant - State,ieSupplierPlantLocationState,,,AL
RF0044389,1,Supplier,HYOSUNG CORPORATION,DECATUR,,,,Supplier/Agent Info,,Agent Plant - State,ieAgentPlantLocationState,,,
RF0044389,1,Supplier,HYOSUNG CORPORATION,DECATUR,,,,Supplier/Agent Info,,Agent Plant - Country,ieAgentPlantLocationCountry,,,
RF0044389,1,Supplier,HYOSUNG CORPORATION,DECATUR,,,,Supplier/Agent Info,,Supplier Plant - Country,ieSupplierPlantLocationCountry,,,USA
RF0044389,1,Supplier,HYOSUNG CORPORATION,DECATUR,,,,Supplier/Agent Info,,Plant Code,ieSISPlantCode,,,AIT
RF0044389,1,Supplier,HYOSUNG CORPORATION,DECATUR,,,,Supplier/Agent Info,,Plant Code,ieAgentPlantCode,,,
RF0044389,1,Supplier,HYOSUNG CORPORATION,DECATUR,,,,Supplier/Agent Info,,Supplier Trade Name,ieSupplierTradeName,,,
RF0044389,1,Supplier,HYOSUNG CORPORATION,DECATUR,,,,Supplier/Agent Info,,Agent to Break Bulk?,cbBreakBulk,,,
RF0044389,1,Supplier,HYOSUNG CORPORATION,DECATUR,,,,Program Info,,Reason for Program,mleReasProg,,,This approval is to re-approval Hyosung Decatur to dip the NT26 fabric that is currently dipped at Kordsa Laurel Hill yet supplied to Goodyear back Hyosung Decatur. This material is currently sole-sourced from Hyosung Decatur with the KLH dipping process. This approval is to approve a second dipping source.
RF0044389,1,Supplier,HYOSUNG CORPORATION,DECATUR,,,,Program Info,,Program Type,ddlProgramType,,,New Source
RF0044389,1,Supplier,HYOSUNG CORPORATION,DECATUR,,,,Program Info,,Requested By,cbReqBy,,,
RF0044389,1,Supplier,HYOSUNG CORPORATION,DECATUR,,,,Program Info,,Assigned To,mleAssignedTo,,,Doug Till
RF0044389,1,Supplier,HYOSUNG CORPORATION,DECATUR,,,,Program Info,,NA,cbRegionNA,,,0
RF0044389,1,Supplier,HYOSUNG CORPORATION,DECATUR,,,,Program Info,,LA,cbRegionLA,,,0
RF0044389,1,Supplier,HYOSUNG CORPORATION,DECATUR,,,,Program Info,,EMEA,cbRegionEMEA,,,0
RF0044389,1,Supplier,HYOSUNG CORPORATION,DECATUR,,,,Program Info,,Cooper Americas,cbRegionCooperNA,,,0
RF0044389,1,Supplier,HYOSUNG CORPORATION,DECATUR,,,,Program Info,,AP,cbRegionAP,,,0
RF0044389,1,Supplier,HYOSUNG CORPORATION,DECATUR,,,,Program Info,,Cooper EMEA,cbRegionCooperEMEA,,,0
RF0044389,1,Supplier,HYOSUNG CORPORATION,DECATUR,,,,Program Info,,Cooper AP,cbRegionCooperAP,,,0
RF0044389,1,Supplier,HYOSUNG CORPORATION,DECATUR,,,,Program Info,,Akron,cbLabAkron,,,0
RF0044389,1,Supplier,HYOSUNG CORPORATION,DECATUR,,,,Program Info,,Lux,cbLabLux,,,0
RF0044389,1,Supplier,HYOSUNG CORPORATION,DECATUR,,,,Program Info,,Kunshan,cbLabKunshan,,,0
RF0044389,1,Supplier,HYOSUNG CORPORATION,DECATUR,,,,Program Info,,EHS Approval Region (hidden),efEHSApprovalReg,,,
RF0044389,1,Supplier,HYOSUNG CORPORATION,DECATUR,,,,Program Info,,SAP Status,ddlSAPStatusDesc,,,See base specification
RF0044389,1,Supplier,HYOSUNG CORPORATION,DECATUR,,,,Program Info,,,ieSAPStatusCode,,,ZZ
RF0044389,1,Supplier,HYOSUNG CORPORATION,DECATUR,,,,GPS Full Supplier Approval Review,,NA,cbRegionNA,,,0
RF0044389,1,Supplier,HYOSUNG CORPORATION,DECATUR,,,,GPS Full Supplier Approval Review,,LA,cbRegionLA,,,0
RF0044389,1,Supplier,HYOSUNG CORPORATION,DECATUR,,,,GPS Full Supplier Approval Review,,AP,cbRegionAP,,,0
RF0044389,1,Supplier,HYOSUNG CORPORATION,DECATUR,,,,GPS Full Supplier Approval Review,,EMEA,cbRegionEMEA,,,0
RF0044389,1,Supplier,HYOSUNG CORPORATION,DECATUR,,,,GPS Full Supplier Approval Review,,Cooper Americas,cbRegionCooperNA,,,0
RF0044389,1,Supplier,HYOSUNG CORPORATION,DECATUR,,,,GPS Full Supplier Approval Review,,Cooper EMEA,cbRegionCooperEMEA,,,0
RF0044389,1,Supplier,HYOSUNG CORPORATION,DECATUR,,,,GPS Full Supplier Approval Review,,Cooper AP,cbRegionCooperAP,,,0
RF0044389,1,Supplier,HYOSUNG CORPORATION,DECATUR,,,,GPS Full Supplier Approval Review,,SOS Appr. Reg. for Layout,efSOSApprovalReg,,,
RF0044389,1,Supplier,HYOSUNG CORPORATION,DECATUR,,,,GPS Full Supplier Approval Review,,,mlePlantMatProh,,,
RF0044389,1,Supplier,HYOSUNG CORPORATION,DECATUR,,,,GPS Full Supplier Approval Review,,Full Approval Prefix Code (hidden),efFullAppCode,,,
RFCH,1,Supplier,JIANGSU XINGDA,XING HUA,,,401CH,Supplier/Agent Info,,Initial Exp Spec Code (hidden),ieInitialExpSpCode,,,RFW00033
RFCH,1,Supplier,JIANGSU XINGDA,XING HUA,,,401CH,Supplier/Agent Info,,Material Code,cbMaterialCode,,,RFCH
RFCH,1,Supplier,JIANGSU XINGDA,XING HUA,,,401CH,Supplier/Agent Info,,Material Description,ieMatDescSupplier,,,
RFCH,1,Supplier,JIANGSU XINGDA,XING HUA,,,401CH,Supplier/Agent Info,,Supplier,ieSupplier,,,JIANGSU XINGDA
RFCH,1,Supplier,JIANGSU XINGDA,XING HUA,,,401CH,Supplier/Agent Info,,Agent,ieAgent,,,
RFCH,1,Supplier,JIANGSU XINGDA,XING HUA,,,401CH,Supplier/Agent Info,,Supplier Plant,ieSupplierPlant,,,XING HUA
RFCH,1,Supplier,JIANGSU XINGDA,XING HUA,,,401CH,Supplier/Agent Info,,Agent Plant,ieAgentPlant,,,
RFCH,1,Supplier,JIANGSU XINGDA,XING HUA,,,401CH,Supplier/Agent Info,,Supplier Plant - City,ieSupplierPlantLocationCity,,,Xing Hua
RFCH,1,Supplier,JIANGSU XINGDA,XING HUA,,,401CH,Supplier/Agent Info,,Agent Plant - City,ieAgentPlantLocationCity,,,
RFCH,1,Supplier,JIANGSU XINGDA,XING HUA,,,401CH,Supplier/Agent Info,,Supplier Plant - State,ieSupplierPlantLocationState,,,Others
RFCH,1,Supplier,JIANGSU XINGDA,XING HUA,,,401CH,Supplier/Agent Info,,Agent Plant - State,ieAgentPlantLocationState,,,
RFCH,1,Supplier,JIANGSU XINGDA,XING HUA,,,401CH,Supplier/Agent Info,,Agent Plant - Country,ieAgentPlantLocationCountry,,,
RFCH,1,Supplier,JIANGSU XINGDA,XING HUA,,,401CH,Supplier/Agent Info,,Supplier Plant - Country,ieSupplierPlantLocationCountry,,,China
RFCH,1,Supplier,JIANGSU XINGDA,XING HUA,,,401CH,Supplier/Agent Info,,Plant Code,ieSISPlantCode,,,
RFCH,1,Supplier,JIANGSU XINGDA,XING HUA,,,401CH,Supplier/Agent Info,,Plant Code,ieAgentPlantCode,,,
RFCH,1,Supplier,JIANGSU XINGDA,XING HUA,,,401CH,Supplier/Agent Info,,Supplier Trade Name,ieSupplierTradeName,,,401CH
RFCH,1,Supplier,JIANGSU XINGDA,XING HUA,,,401CH,Supplier/Agent Info,,Agent to Break Bulk?,cbBreakBulk,,,
RFCH,1,Supplier,JIANGSU XINGDA,XING HUA,,,401CH,Program Info,,Reason for Program,mleReasProg,,,"Procurement would like to approve JIANGSU XINGDA STEEL TYRE CORD CO., LTD PLANT 2 for CH at Goodyear Pulandian with 20% allocation for 2019."
RFCH,1,Supplier,JIANGSU XINGDA,XING HUA,,,401CH,Program Info,,Program Type,ddlProgramType,,,Other Material
RFCH,1,Supplier,JIANGSU XINGDA,XING HUA,,,401CH,Program Info,,Requested By,cbReqBy,,,Rebecca Dando
RFCH,1,Supplier,JIANGSU XINGDA,XING HUA,,,401CH,Program Info,,Assigned To,mleAssignedTo,,,Ann Myers
RFCH,1,Supplier,JIANGSU XINGDA,XING HUA,,,401CH,Program Info,,NA,cbRegionNA,,,0
RFCH,1,Supplier,JIANGSU XINGDA,XING HUA,,,401CH,Program Info,,LA,cbRegionLA,,,0
RFCH,1,Supplier,JIANGSU XINGDA,XING HUA,,,401CH,Program Info,,EMEA,cbRegionEMEA,,,0
RFCH,1,Supplier,JIANGSU XINGDA,XING HUA,,,401CH,Program Info,,Cooper Americas,cbRegionCooperNA,,,0
RFCH,1,Supplier,JIANGSU XINGDA,XING HUA,,,401CH,Program Info,,AP,cbRegionAP,,,0
RFCH,1,Supplier,JIANGSU XINGDA,XING HUA,,,401CH,Program Info,,Cooper EMEA,cbRegionCooperEMEA,,,0
RFCH,1,Supplier,JIANGSU XINGDA,XING HUA,,,401CH,Program Info,,Cooper AP,cbRegionCooperAP,,,0
RFCH,1,Supplier,JIANGSU XINGDA,XING HUA,,,401CH,Program Info,,Akron,cbLabAkron,,,0
RFCH,1,Supplier,JIANGSU XINGDA,XING HUA,,,401CH,Program Info,,Lux,cbLabLux,,,0
RFCH,1,Supplier,JIANGSU XINGDA,XING HUA,,,401CH,Program Info,,Kunshan,cbLabKunshan,,,0
RFCH,1,Supplier,JIANGSU XINGDA,XING HUA,,,401CH,Program Info,,EHS Approval Region (hidden),efEHSApprovalReg,,,
RFCH,1,Supplier,JIANGSU XINGDA,XING HUA,,,401CH,Program Info,,SAP Status,ddlSAPStatusDesc,,,See base specification
RFCH,1,Supplier,JIANGSU XINGDA,XING HUA,,,401CH,Program Info,,,ieSAPStatusCode,,,ZZ
RFCH,1,Supplier,JIANGSU XINGDA,XING HUA,,,401CH,GPS Full Supplier Approval Review,,NA,cbRegionNA,,,0
RFCH,1,Supplier,JIANGSU XINGDA,XING HUA,,,401CH,GPS Full Supplier Approval Review,,LA,cbRegionLA,,,0
RFCH,1,Supplier,JIANGSU XINGDA,XING HUA,,,401CH,GPS Full Supplier Approval Review,,AP,cbRegionAP,,,0
RFCH,1,Supplier,JIANGSU XINGDA,XING HUA,,,401CH,GPS Full Supplier Approval Review,,EMEA,cbRegionEMEA,,,0
RFCH,1,Supplier,JIANGSU XINGDA,XING HUA,,,401CH,GPS Full Supplier Approval Review,,Cooper Americas,cbRegionCooperNA,,,0
RFCH,1,Supplier,JIANGSU XINGDA,XING HUA,,,401CH,GPS Full Supplier Approval Review,,Cooper EMEA,cbRegionCooperEMEA,,,0
RFCH,1,Supplier,JIANGSU XINGDA,XING HUA,,,401CH,GPS Full Supplier Approval Review,,Cooper AP,cbRegionCooperAP,,,0
RFCH,1,Supplier,JIANGSU XINGDA,XING HUA,,,401CH,GPS Full Supplier Approval Review,,SOS Appr. Reg. for Layout,efSOSApprovalReg,,,
RFCH,1,Supplier,JIANGSU XINGDA,XING HUA,,,401CH,GPS Full Supplier Approval Review,,,mlePlantMatProh,,,
RFCH,1,Supplier,JIANGSU XINGDA,XING HUA,,,401CH,GPS Full Supplier Approval Review,,Full Approval Prefix Code (hidden),efFullAppCode,,,
RF0045664,1,Supplier,BMZ,MICORD,,,,Supplier/Agent Info,,Initial Exp Spec Code (hidden),ieInitialExpSpCode,,,RF0045664
RF0045664,1,Supplier,BMZ,MICORD,,,,Supplier/Agent Info,,Material Code,cbMaterialCode,,,RFCH
RF0045664,1,Supplier,BMZ,MICORD,,,,Supplier/Agent Info,,Material Description,ieMatDescSupplier,,,
RF0045664,1,Supplier,BMZ,MICORD,,,,Supplier/Agent Info,,Supplier,ieSupplier,,,BMZ
RF0045664,1,Supplier,BMZ,MICORD,,,,Supplier/Agent Info,,Agent,ieAgent,,,
RF0045664,1,Supplier,BMZ,MICORD,,,,Supplier/Agent Info,,Supplier Plant,ieSupplierPlant,,,MICORD
RF0045664,1,Supplier,BMZ,MICORD,,,,Supplier/Agent Info,,Agent Plant,ieAgentPlant,,,
RF0045664,1,Supplier,BMZ,MICORD,,,,Supplier/Agent Info,,Supplier Plant - City,ieSupplierPlantLocationCity,,,"Micord, Bielorussia"
RF0045664,1,Supplier,BMZ,MICORD,,,,Supplier/Agent Info,,Agent Plant - City,ieAgentPlantLocationCity,,,
RF0045664,1,Supplier,BMZ,MICORD,,,,Supplier/Agent Info,,Supplier Plant - State,ieSupplierPlantLocationState,,,Others
RF0045664,1,Supplier,BMZ,MICORD,,,,Supplier/Agent Info,,Agent Plant - State,ieAgentPlantLocationState,,,
RF0045664,1,Supplier,BMZ,MICORD,,,,Supplier/Agent Info,,Agent Plant - Country,ieAgentPlantLocationCountry,,,
RF0045664,1,Supplier,BMZ,MICORD,,,,Supplier/Agent Info,,Supplier Plant - Country,ieSupplierPlantLocationCountry,,,Russia
RF0045664,1,Supplier,BMZ,MICORD,,,,Supplier/Agent Info,,Plant Code,ieSISPlantCode,,,ECH
RF0045664,1,Supplier,BMZ,MICORD,,,,Supplier/Agent Info,,Plant Code,ieAgentPlantCode,,,
RF0045664,1,Supplier,BMZ,MICORD,,,,Supplier/Agent Info,,Supplier Trade Name,ieSupplierTradeName,,,
RF0045664,1,Supplier,BMZ,MICORD,,,,Supplier/Agent Info,,Agent to Break Bulk?,cbBreakBulk,,,
RF0045664,1,Supplier,BMZ,MICORD,,,,Program Info,,Reason for Program,mleReasProg,,,BMZ re-approval after fire in 2017 price setter for our supply base 146 k EUR savings potential for 60% allocation to potential capture in 2020
RF0045664,1,Supplier,BMZ,MICORD,,,,Program Info,,Program Type,ddlProgramType,,,New Source
RF0045664,1,Supplier,BMZ,MICORD,,,,Program Info,,Requested By,cbReqBy,,,
RF0045664,1,Supplier,BMZ,MICORD,,,,Program Info,,Assigned To,mleAssignedTo,,,Arun Manogaran
RF0045664,1,Supplier,BMZ,MICORD,,,,Program Info,,NA,cbRegionNA,,,0
RF0045664,1,Supplier,BMZ,MICORD,,,,Program Info,,LA,cbRegionLA,,,0
RF0045664,1,Supplier,BMZ,MICORD,,,,Program Info,,EMEA,cbRegionEMEA,,,0
RF0045664,1,Supplier,BMZ,MICORD,,,,Program Info,,Cooper Americas,cbRegionCooperNA,,,0
RF0045664,1,Supplier,BMZ,MICORD,,,,Program Info,,AP,cbRegionAP,,,0
RF0045664,1,Supplier,BMZ,MICORD,,,,Program Info,,Cooper EMEA,cbRegionCooperEMEA,,,0
RF0045664,1,Supplier,BMZ,MICORD,,,,Program Info,,Cooper AP,cbRegionCooperAP,,,0
RF0045664,1,Supplier,BMZ,MICORD,,,,Program Info,,Akron,cbLabAkron,,,0
RF0045664,1,Supplier,BMZ,MICORD,,,,Program Info,,Lux,cbLabLux,,,0
RF0045664,1,Supplier,BMZ,MICORD,,,,Program Info,,Kunshan,cbLabKunshan,,,0
RF0045664,1,Supplier,BMZ,MICORD,,,,Program Info,,EHS Approval Region (hidden),efEHSApprovalReg,,,
RF0045664,1,Supplier,BMZ,MICORD,,,,Program Info,,SAP Status,ddlSAPStatusDesc,,,See base specification
RF0045664,1,Supplier,BMZ,MICORD,,,,Program Info,,,ieSAPStatusCode,,,ZZ
RF0045664,1,Supplier,BMZ,MICORD,,,,GPS Full Supplier Approval Review,,NA,cbRegionNA,,,0
RF0045664,1,Supplier,BMZ,MICORD,,,,GPS Full Supplier Approval Review,,LA,cbRegionLA,,,0
RF0045664,1,Supplier,BMZ,MICORD,,,,GPS Full Supplier Approval Review,,AP,cbRegionAP,,,0
RF0045664,1,Supplier,BMZ,MICORD,,,,GPS Full Supplier Approval Review,,EMEA,cbRegionEMEA,,,0
RF0045664,1,Supplier,BMZ,MICORD,,,,GPS Full Supplier Approval Review,,Cooper Americas,cbRegionCooperNA,,,0
RF0045664,1,Supplier,BMZ,MICORD,,,,GPS Full Supplier Approval Review,,Cooper EMEA,cbRegionCooperEMEA,,,0
RF0045664,1,Supplier,BMZ,MICORD,,,,GPS Full Supplier Approval Review,,Cooper AP,cbRegionCooperAP,,,0
RF0045664,1,Supplier,BMZ,MICORD,,,,GPS Full Supplier Approval Review,,SOS Appr. Reg. for Layout,efSOSApprovalReg,,,
RF0045664,1,Supplier,BMZ,MICORD,,,,GPS Full Supplier Approval Review,,,mlePlantMatProh,,,
RF0045664,1,Supplier,BMZ,MICORD,,,,GPS Full Supplier Approval Review,,Full Approval Prefix Code (hidden),efFullAppCode,,,
RF0046962,1,Supplier,INDORAMA VENTURES MOBILITY,LUXEMBOURG,,,,Supplier/Agent Info,,Initial Exp Spec Code (hidden),ieInitialExpSpCode,,,RF0046962
RF0046962,1,Supplier,INDORAMA VENTURES MOBILITY,LUXEMBOURG,,,,Supplier/Agent Info,,Material Code,cbMaterialCode,,,RFRW31SH
RF0046962,1,Supplier,INDORAMA VENTURES MOBILITY,LUXEMBOURG,,,,Supplier/Agent Info,,Material Description,ieMatDescSupplier,,,
RF0046962,1,Supplier,INDORAMA VENTURES MOBILITY,LUXEMBOURG,,,,Supplier/Agent Info,,Supplier,ieSupplier,,,INDORAMA VENTURES MOBILITY
RF0046962,1,Supplier,INDORAMA VENTURES MOBILITY,LUXEMBOURG,,,,Supplier/Agent Info,,Agent,ieAgent,,,
RF0046962,1,Supplier,INDORAMA VENTURES MOBILITY,LUXEMBOURG,,,,Supplier/Agent Info,,Supplier Plant,ieSupplierPlant,,,LUXEMBOURG
RF0046962,1,Supplier,INDORAMA VENTURES MOBILITY,LUXEMBOURG,,,,Supplier/Agent Info,,Agent Plant,ieAgentPlant,,,
RF0046962,1,Supplier,INDORAMA VENTURES MOBILITY,LUXEMBOURG,,,,Supplier/Agent Info,,Supplier Plant - City,ieSupplierPlantLocationCity,,,Steinfort
RF0046962,1,Supplier,INDORAMA VENTURES MOBILITY,LUXEMBOURG,,,,Supplier/Agent Info,,Agent Plant - City,ieAgentPlantLocationCity,,,
RF0046962,1,Supplier,INDORAMA VENTURES MOBILITY,LUXEMBOURG,,,,Supplier/Agent Info,,Supplier Plant - State,ieSupplierPlantLocationState,,,Others
RF0046962,1,Supplier,INDORAMA VENTURES MOBILITY,LUXEMBOURG,,,,Supplier/Agent Info,,Agent Plant - State,ieAgentPlantLocationState,,,
RF0046962,1,Supplier,INDORAMA VENTURES MOBILITY,LUXEMBOURG,,,,Supplier/Agent Info,,Agent Plant - Country,ieAgentPlantLocationCountry,,,
RF0046962,1,Supplier,INDORAMA VENTURES MOBILITY,LUXEMBOURG,,,,Supplier/Agent Info,,Supplier Plant - Country,ieSupplierPlantLocationCountry,,,Luxembourg
RF0046962,1,Supplier,INDORAMA VENTURES MOBILITY,LUXEMBOURG,,,,Supplier/Agent Info,,Plant Code,ieSISPlantCode,,,EGN
RF0046962,1,Supplier,INDORAMA VENTURES MOBILITY,LUXEMBOURG,,,,Supplier/Agent Info,,Plant Code,ieAgentPlantCode,,,
RF0046962,1,Supplier,INDORAMA VENTURES MOBILITY,LUXEMBOURG,,,,Supplier/Agent Info,,Supplier Trade Name,ieSupplierTradeName,,,
RF0046962,1,Supplier,INDORAMA VENTURES MOBILITY,LUXEMBOURG,,,,Supplier/Agent Info,,Agent to Break Bulk?,cbBreakBulk,,,
RF0046962,1,Supplier,INDORAMA VENTURES MOBILITY,LUXEMBOURG,,,,Program Info,,Reason for Program,mleReasProg,,,Glanzstoff is optimizing its EU footprint and will use their slovakian plant Kordarna to do the twisting and weaving operations. Dipping would stay at TCS TextilCord.   This approval is a first step approval. RN26 will follow.  Kordarna is already approved for RQ24SE  0.093 EUR/kg is the advantage benefit or 20k$
RF0046962,1,Supplier,INDORAMA VENTURES MOBILITY,LUXEMBOURG,,,,Program Info,,Program Type,ddlProgramType,,,New Source
RF0046962,1,Supplier,INDORAMA VENTURES MOBILITY,LUXEMBOURG,,,,Program Info,,Requested By,cbReqBy,,,
RF0046962,1,Supplier,INDORAMA VENTURES MOBILITY,LUXEMBOURG,,,,Program Info,,Assigned To,mleAssignedTo,,,Gabriel Bonnet
RF0046962,1,Supplier,INDORAMA VENTURES MOBILITY,LUXEMBOURG,,,,Program Info,,NA,cbRegionNA,,,1
RF0046962,1,Supplier,INDORAMA VENTURES MOBILITY,LUXEMBOURG,,,,Program Info,,LA,cbRegionLA,,,1
RF0046962,1,Supplier,INDORAMA VENTURES MOBILITY,LUXEMBOURG,,,,Program Info,,EMEA,cbRegionEMEA,,,1
RF0046962,1,Supplier,INDORAMA VENTURES MOBILITY,LUXEMBOURG,,,,Program Info,,Cooper Americas,cbRegionCooperNA,,,0
RF0046962,1,Supplier,INDORAMA VENTURES MOBILITY,LUXEMBOURG,,,,Program Info,,AP,cbRegionAP,,,1
RF0046962,1,Supplier,INDORAMA VENTURES MOBILITY,LUXEMBOURG,,,,Program Info,,Cooper EMEA,cbRegionCooperEMEA,,,0
RF0046962,1,Supplier,INDORAMA VENTURES MOBILITY,LUXEMBOURG,,,,Program Info,,Cooper AP,cbRegionCooperAP,,,0
RF0046962,1,Supplier,INDORAMA VENTURES MOBILITY,LUXEMBOURG,,,,Program Info,,Akron,cbLabAkron,,,0
RF0046962,1,Supplier,INDORAMA VENTURES MOBILITY,LUXEMBOURG,,,,Program Info,,Lux,cbLabLux,,,0
RF0046962,1,Supplier,INDORAMA VENTURES MOBILITY,LUXEMBOURG,,,,Program Info,,Kunshan,cbLabKunshan,,,0
RF0046962,1,Supplier,INDORAMA VENTURES MOBILITY,LUXEMBOURG,,,,Program Info,,EHS Approval Region (hidden),efEHSApprovalReg,,,
RF0046962,1,Supplier,INDORAMA VENTURES MOBILITY,LUXEMBOURG,,,,Program Info,,SAP Status,ddlSAPStatusDesc,,,See base specification
RF0046962,1,Supplier,INDORAMA VENTURES MOBILITY,LUXEMBOURG,,,,Program Info,,,ieSAPStatusCode,,,ZZ
RF0046962,1,Supplier,INDORAMA VENTURES MOBILITY,LUXEMBOURG,,,,GPS Full Supplier Approval Review,,NA,cbRegionNA,,,1
RF0046962,1,Supplier,INDORAMA VENTURES MOBILITY,LUXEMBOURG,,,,GPS Full Supplier Approval Review,,LA,cbRegionLA,,,1
RF0046962,1,Supplier,INDORAMA VENTURES MOBILITY,LUXEMBOURG,,,,GPS Full Supplier Approval Review,,AP,cbRegionAP,,,1
RF0046962,1,Supplier,INDORAMA VENTURES MOBILITY,LUXEMBOURG,,,,GPS Full Supplier Approval Review,,EMEA,cbRegionEMEA,,,1
RF0046962,1,Supplier,INDORAMA VENTURES MOBILITY,LUXEMBOURG,,,,GPS Full Supplier Approval Review,,Cooper Americas,cbRegionCooperNA,,,0
RF0046962,1,Supplier,INDORAMA VENTURES MOBILITY,LUXEMBOURG,,,,GPS Full Supplier Approval Review,,Cooper EMEA,cbRegionCooperEMEA,,,0
RF0046962,1,Supplier,INDORAMA VENTURES MOBILITY,LUXEMBOURG,,,,GPS Full Supplier Approval Review,,Cooper AP,cbRegionCooperAP,,,0
RF0046962,1,Supplier,INDORAMA VENTURES MOBILITY,LUXEMBOURG,,,,GPS Full Supplier Approval Review,,SOS Appr. Reg. for Layout,efSOSApprovalReg,,,"AP, EMEA, LA, NA"
RF0046962,1,Supplier,INDORAMA VENTURES MOBILITY,LUXEMBOURG,,,,GPS Full Supplier Approval Review,,,mlePlantMatProh,,,
RF0046962,1,Supplier,INDORAMA VENTURES MOBILITY,LUXEMBOURG,,,,GPS Full Supplier Approval Review,,Full Approval Prefix Code (hidden),efFullAppCode,,,
RFW00044,1,Supplier,KISWIRE,YANGSAN,,,241CH,Supplier/Agent Info,,Initial Exp Spec Code (hidden),ieInitialExpSpCode,,,RFW00044
RFW00044,1,Supplier,KISWIRE,YANGSAN,,,241CH,Supplier/Agent Info,,Material Code,cbMaterialCode,,,RFCH
RFW00044,1,Supplier,KISWIRE,YANGSAN,,,241CH,Supplier/Agent Info,,Material Description,ieMatDescSupplier,,,
RFW00044,1,Supplier,KISWIRE,YANGSAN,,,241CH,Supplier/Agent Info,,Supplier,ieSupplier,,,KISWIRE
RFW00044,1,Supplier,KISWIRE,YANGSAN,,,241CH,Supplier/Agent Info,,Agent,ieAgent,,,
RFW00044,1,Supplier,KISWIRE,YANGSAN,,,241CH,Supplier/Agent Info,,Supplier Plant,ieSupplierPlant,,,YANGSAN
RFW00044,1,Supplier,KISWIRE,YANGSAN,,,241CH,Supplier/Agent Info,,Agent Plant,ieAgentPlant,,,
RFW00044,1,Supplier,KISWIRE,YANGSAN,,,241CH,Supplier/Agent Info,,Supplier Plant - City,ieSupplierPlantLocationCity,,,Yangsan
RFW00044,1,Supplier,KISWIRE,YANGSAN,,,241CH,Supplier/Agent Info,,Agent Plant - City,ieAgentPlantLocationCity,,,
RFW00044,1,Supplier,KISWIRE,YANGSAN,,,241CH,Supplier/Agent Info,,Supplier Plant - State,ieSupplierPlantLocationState,,,Others
RFW00044,1,Supplier,KISWIRE,YANGSAN,,,241CH,Supplier/Agent Info,,Agent Plant - State,ieAgentPlantLocationState,,,
RFW00044,1,Supplier,KISWIRE,YANGSAN,,,241CH,Supplier/Agent Info,,Agent Plant - Country,ieAgentPlantLocationCountry,,,
RFW00044,1,Supplier,KISWIRE,YANGSAN,,,241CH,Supplier/Agent Info,,Supplier Plant - Country,ieSupplierPlantLocationCountry,,,South Korea
RFW00044,1,Supplier,KISWIRE,YANGSAN,,,241CH,Supplier/Agent Info,,Plant Code,ieSISPlantCode,,,ALA
RFW00044,1,Supplier,KISWIRE,YANGSAN,,,241CH,Supplier/Agent Info,,Plant Code,ieAgentPlantCode,,,
RFW00044,1,Supplier,KISWIRE,YANGSAN,,,241CH,Supplier/Agent Info,,Supplier Trade Name,ieSupplierTradeName,,,241CH
RFW00044,1,Supplier,KISWIRE,YANGSAN,,,241CH,Supplier/Agent Info,,Agent to Break Bulk?,cbBreakBulk,,,
RFW00044,1,Supplier,KISWIRE,YANGSAN,,,241CH,Program Info,,Reason for Program,mleReasProg,,,"​Kiswire will be shutting down one of their plants in Korea (Hongduk). To ensure security of supply of Code CH from Kiswire next year, we will run a NS approval with one of their other plants in Korea (Yusan)"
RFW00044,1,Supplier,KISWIRE,YANGSAN,,,241CH,Program Info,,Program Type,ddlProgramType,,,New Source
RFW00044,1,Supplier,KISWIRE,YANGSAN,,,241CH,Program Info,,Requested By,cbReqBy,,,
RFW00044,1,Supplier,KISWIRE,YANGSAN,,,241CH,Program Info,,Assigned To,mleAssignedTo,,,Diego Navarro
RFW00044,1,Supplier,KISWIRE,YANGSAN,,,241CH,Program Info,,NA,cbRegionNA,,,1
RFW00044,1,Supplier,KISWIRE,YANGSAN,,,241CH,Program Info,,LA,cbRegionLA,,,1
RFW00044,1,Supplier,KISWIRE,YANGSAN,,,241CH,Program Info,,EMEA,cbRegionEMEA,,,1
RFW00044,1,Supplier,KISWIRE,YANGSAN,,,241CH,Program Info,,Cooper Americas,cbRegionCooperNA,,,0
RFW00044,1,Supplier,KISWIRE,YANGSAN,,,241CH,Program Info,,AP,cbRegionAP,,,1
RFW00044,1,Supplier,KISWIRE,YANGSAN,,,241CH,Program Info,,Cooper EMEA,cbRegionCooperEMEA,,,0
RFW00044,1,Supplier,KISWIRE,YANGSAN,,,241CH,Program Info,,Cooper AP,cbRegionCooperAP,,,0
RFW00044,1,Supplier,KISWIRE,YANGSAN,,,241CH,Program Info,,Akron,cbLabAkron,,,0
RFW00044,1,Supplier,KISWIRE,YANGSAN,,,241CH,Program Info,,Lux,cbLabLux,,,0
RFW00044,1,Supplier,KISWIRE,YANGSAN,,,241CH,Program Info,,Kunshan,cbLabKunshan,,,0
RFW00044,1,Supplier,KISWIRE,YANGSAN,,,241CH,Program Info,,EHS Approval Region (hidden),efEHSApprovalReg,,,
RFW00044,1,Supplier,KISWIRE,YANGSAN,,,241CH,Program Info,,SAP Status,ddlSAPStatusDesc,,,See base specification
RFW00044,1,Supplier,KISWIRE,YANGSAN,,,241CH,Program Info,,,ieSAPStatusCode,,,ZZ
RFW00044,1,Supplier,KISWIRE,YANGSAN,,,241CH,GPS Full Supplier Approval Review,,NA,cbRegionNA,,,1
RFW00044,1,Supplier,KISWIRE,YANGSAN,,,241CH,GPS Full Supplier Approval Review,,LA,cbRegionLA,,,1
RFW00044,1,Supplier,KISWIRE,YANGSAN,,,241CH,GPS Full Supplier Approval Review,,AP,cbRegionAP,,,1
RFW00044,1,Supplier,KISWIRE,YANGSAN,,,241CH,GPS Full Supplier Approval Review,,EMEA,cbRegionEMEA,,,1
RFW00044,1,Supplier,KISWIRE,YANGSAN,,,241CH,GPS Full Supplier Approval Review,,Cooper Americas,cbRegionCooperNA,,,0
RFW00044,1,Supplier,KISWIRE,YANGSAN,,,241CH,GPS Full Supplier Approval Review,,Cooper EMEA,cbRegionCooperEMEA,,,0
RFW00044,1,Supplier,KISWIRE,YANGSAN,,,241CH,GPS Full Supplier Approval Review,,Cooper AP,cbRegionCooperAP,,,0
RFW00044,1,Supplier,KISWIRE,YANGSAN,,,241CH,GPS Full Supplier Approval Review,,SOS Appr. Reg. for Layout,efSOSApprovalReg,,,"AP, EMEA, LA, NA"
RFW00044,1,Supplier,KISWIRE,YANGSAN,,,241CH,GPS Full Supplier Approval Review,,,mlePlantMatProh,,,
RFW00044,1,Supplier,KISWIRE,YANGSAN,,,241CH,GPS Full Supplier Approval Review,,Full Approval Prefix Code (hidden),efFullAppCode,,,
