MATERIAL_CODE_ID,CONSTRUCTION_CODE_FABRIC,CONSTRUCTION_CODE_SQUARE_OVEN,CONSTRUCTION_CODE_WIRE_CABLE,SAP_SOS_DESCRIPTION,PGM_ID
5,VC28HA,VC28HA,VC28HA,"HMLS POLYESTER / NYLON 6,6 1100/1/2 12X12 28EPI HA",13161
8,US,US,US,3+2x.35 ST,130314
8,US,US,US,3+2x.35 ST,12969
8,US,US,US,3+2x.35 ST,141105
8,US,US,US,3+2x.35 ST,141106
8,US,US,US,3+2x.35 ST,137875
8,US,US,US,3+2x.35 ST,30569
8,US,US,US,3+2x.35 ST,43290
8,US,US,US,3+2x.35 ST,30572
8,US,US,US,3+2x.35 ST,115470
8,US,US,US,3+2x.35 ST,86015
8,US,US,US,3+2x.35 ST,44462
8,US,US,US,3+2x.35 ST,30568
8,US,US,US,3+2x.35 ST,59719
8,US,US,US,3+2x.35 ST,59720
8,US,US,US,3+2x.35 ST,30571
8,US,US,US,3+2x.35 ST,51741
8,US,US,US,3+2x.35 ST,24326
8,US,US,US,3+2x.35 ST,21495
8,US,US,US,3+2x.35 ST,25298
8,US,US,US,3+2x.35 ST,25297
8,US,US,US,3+2x.35 ST,20256
8,US,US,US,3+2x.35 ST,21637
8,US,US,US,3+2x.35 ST,30570
8,US,US,US,3+2x.35 ST,15294
8,US,US,US,3+2x.35 ST,16506
8,US,US,US,3+2x.35 ST,13679
8,US,US,US,3+2x.35 ST,13700
8,US,US,US,3+2x.35 ST,13951
8,US,US,US,3+2x.35 ST,13914
8,US,US,US,3+2x.35 ST,13915
8,US,US,US,3+2x.35 ST,14298
8,US,US,US,3+2x.35 ST,4381
8,US,US,US,3+2x.35 ST,12970
8,US,US,US,3+2x.35 ST,91169
12,TH28HA,TH28HA,TH28HA,HMLS POLYESTER  1100/1/2 10 X 10 TPI 28EPI HA,7227
26,TC32HF,TC32HF,TC32HF,HMLS POLYESTER 1100/1/2 12X12 TPI 32EPI HF,24403
27,TC28HF,TC28HF,TC28HF,HMLS POLYESTER  1100/1/2 12x12 TPI 28EPI HF,26516
27,TC28HF,TC28HF,TC28HF,HMLS POLYESTER  1100/1/2 12x12 TPI 28EPI HF,13118
27,TC28HF,TC28HF,TC28HF,HMLS POLYESTER  1100/1/2 12x12 TPI 28EPI HF,35275
27,TC28HF,TC28HF,TC28HF,HMLS POLYESTER  1100/1/2 12x12 TPI 28EPI HF,60876
27,TC28HF,TC28HF,TC28HF,HMLS POLYESTER  1100/1/2 12x12 TPI 28EPI HF,42926
27,TC28HF,TC28HF,TC28HF,HMLS POLYESTER  1100/1/2 12x12 TPI 28EPI HF,47817
27,TC28HF,TC28HF,TC28HF,HMLS POLYESTER  1100/1/2 12x12 TPI 28EPI HF,26517
27,TC28HF,TC28HF,TC28HF,HMLS POLYESTER  1100/1/2 12x12 TPI 28EPI HF,60743
27,TC28HF,TC28HF,TC28HF,HMLS POLYESTER  1100/1/2 12x12 TPI 28EPI HF,26602
27,TC28HF,TC28HF,TC28HF,HMLS POLYESTER  1100/1/2 12x12 TPI 28EPI HF,19106
27,TC28HF,TC28HF,TC28HF,HMLS POLYESTER  1100/1/2 12x12 TPI 28EPI HF,24532
27,TC28HF,TC28HF,TC28HF,HMLS POLYESTER  1100/1/2 12x12 TPI 28EPI HF,23126
27,TC28HF,TC28HF,TC28HF,HMLS POLYESTER  1100/1/2 12x12 TPI 28EPI HF,23589
27,TC28HF,TC28HF,TC28HF,HMLS POLYESTER  1100/1/2 12x12 TPI 28EPI HF,23775
27,TC28HF,TC28HF,TC28HF,HMLS POLYESTER  1100/1/2 12x12 TPI 28EPI HF,25018
27,TC28HF,TC28HF,TC28HF,HMLS POLYESTER  1100/1/2 12x12 TPI 28EPI HF,25809
27,TC28HF,TC28HF,TC28HF,HMLS POLYESTER  1100/1/2 12x12 TPI 28EPI HF,18711
27,TC28HF,TC28HF,TC28HF,HMLS POLYESTER  1100/1/2 12x12 TPI 28EPI HF,18504
27,TC28HF,TC28HF,TC28HF,HMLS POLYESTER  1100/1/2 12x12 TPI 28EPI HF,18712
27,TC28HF,TC28HF,TC28HF,HMLS POLYESTER  1100/1/2 12x12 TPI 28EPI HF,15760
27,TC28HF,TC28HF,TC28HF,HMLS POLYESTER  1100/1/2 12x12 TPI 28EPI HF,15687
27,TC28HF,TC28HF,TC28HF,HMLS POLYESTER  1100/1/2 12x12 TPI 28EPI HF,18044
27,TC28HF,TC28HF,TC28HF,HMLS POLYESTER  1100/1/2 12x12 TPI 28EPI HF,18112
27,TC28HF,TC28HF,TC28HF,HMLS POLYESTER  1100/1/2 12x12 TPI 28EPI HF,18206
27,TC28HF,TC28HF,TC28HF,HMLS POLYESTER  1100/1/2 12x12 TPI 28EPI HF,18019
27,TC28HF,TC28HF,TC28HF,HMLS POLYESTER  1100/1/2 12x12 TPI 28EPI HF,26379
27,TC28HF,TC28HF,TC28HF,HMLS POLYESTER  1100/1/2 12x12 TPI 28EPI HF,26380
27,TC28HF,TC28HF,TC28HF,HMLS POLYESTER  1100/1/2 12x12 TPI 28EPI HF,13630
27,TC28HF,TC28HF,TC28HF,HMLS POLYESTER  1100/1/2 12x12 TPI 28EPI HF,13981
27,TC28HF,TC28HF,TC28HF,HMLS POLYESTER  1100/1/2 12x12 TPI 28EPI HF,13996
27,TC28HF,TC28HF,TC28HF,HMLS POLYESTER  1100/1/2 12x12 TPI 28EPI HF,14540
27,TC28HF,TC28HF,TC28HF,HMLS POLYESTER  1100/1/2 12x12 TPI 28EPI HF,14500
27,TC28HF,TC28HF,TC28HF,HMLS POLYESTER  1100/1/2 12x12 TPI 28EPI HF,14499
27,TC28HF,TC28HF,TC28HF,HMLS POLYESTER  1100/1/2 12x12 TPI 28EPI HF,18046
27,TC28HF,TC28HF,TC28HF,HMLS POLYESTER  1100/1/2 12x12 TPI 28EPI HF,9744
27,TC28HF,TC28HF,TC28HF,HMLS POLYESTER  1100/1/2 12x12 TPI 28EPI HF,26607
28,TC28HA,TC28HA,TC28HA,HMLS POLYESTER  1100/1/2 12 X 12 TPI 28EPI HA,13116
28,TC28HA,TC28HA,TC28HA,HMLS POLYESTER  1100/1/2 12 X 12 TPI 28EPI HA,23951
52,Z04T,Z04T,Z04T,1100 DECITEX HMLS POLYESTER,14036
54,Z02N,Z02N,Z02N,"940 DECITEX NYLON 6,6",13608
55,Z01N,Z01N,Z01N,"1400 DECITEX NYLON 6,6",13604
55,Z01N,Z01N,Z01N,"1400 DECITEX NYLON 6,6",128517
61,WU,WU,WU,3X7X.22HE,13473
61,WU,WU,WU,3X7X.22HE,13471
62,WQ,WQ,WQ,1X5X.38 HT 2CF,15009
62,WQ,WQ,WQ,1X5X.38 HT 2CF,15048
62,WQ,WQ,WQ,1X5X.38 HT 2CF,16413
63,WP,WP,WP,2+2x.25 NT,140697
63,WP,WP,WP,2+2x.25 NT,3888
63,WP,WP,WP,2+2x.25 NT,138947
63,WP,WP,WP,2+2x.25 NT,140887
63,WP,WP,WP,2+2x.25 NT,132414
63,WP,WP,WP,2+2x.25 NT,79595
63,WP,WP,WP,2+2x.25 NT,80321
63,WP,WP,WP,2+2x.25 NT,139039
63,WP,WP,WP,2+2x.25 NT,64258
63,WP,WP,WP,2+2x.25 NT,64259
63,WP,WP,WP,2+2x.25 NT,79051
63,WP,WP,WP,2+2x.25 NT,111208
63,WP,WP,WP,2+2x.25 NT,120557
63,WP,WP,WP,2+2x.25 NT,50544
63,WP,WP,WP,2+2x.25 NT,50635
63,WP,WP,WP,2+2x.25 NT,42390
63,WP,WP,WP,2+2x.25 NT,20426
63,WP,WP,WP,2+2x.25 NT,21148
63,WP,WP,WP,2+2x.25 NT,20427
63,WP,WP,WP,2+2x.25 NT,21065
63,WP,WP,WP,2+2x.25 NT,24357
63,WP,WP,WP,2+2x.25 NT,43159
63,WP,WP,WP,2+2x.25 NT,16487
63,WP,WP,WP,2+2x.25 NT,18403
63,WP,WP,WP,2+2x.25 NT,16274
63,WP,WP,WP,2+2x.25 NT,16411
63,WP,WP,WP,2+2x.25 NT,16344
63,WP,WP,WP,2+2x.25 NT,16489
63,WP,WP,WP,2+2x.25 NT,24899
63,WP,WP,WP,2+2x.25 NT,13923
63,WP,WP,WP,2+2x.25 NT,13969
63,WP,WP,WP,2+2x.25 NT,14416
63,WP,WP,WP,2+2x.25 NT,14280
63,WP,WP,WP,2+2x.25 NT,14282
63,WP,WP,WP,2+2x.25 NT,17920
63,WP,WP,WP,2+2x.25 NT,17921
63,WP,WP,WP,2+2x.25 NT,18411
63,WP,WP,WP,2+2x.25 NT,3748
63,WP,WP,WP,2+2x.25 NT,3882
63,WP,WP,WP,2+2x.25 NT,3884
63,WP,WP,WP,2+2x.25 NT,3885
63,WP,WP,WP,2+2x.25 NT,138915
67,WL,WL,WL,2x.295 HT,24063
67,WL,WL,WL,2x.295 HT,24325
67,WL,WL,WL,2x.295 HT,24802
67,WL,WL,WL,2x.295 HT,25087
67,WL,WL,WL,2x.295 HT,20855
67,WL,WL,WL,2x.295 HT,24062
67,WL,WL,WL,2x.295 HT,20404
67,WL,WL,WL,2x.295 HT,20413
67,WL,WL,WL,2x.295 HT,20442
67,WL,WL,WL,2x.295 HT,45416
67,WL,WL,WL,2x.295 HT,16244
67,WL,WL,WL,2x.295 HT,16410
67,WL,WL,WL,2x.295 HT,14884
67,WL,WL,WL,2x.295 HT,17389
67,WL,WL,WL,2x.295 HT,15355
67,WL,WL,WL,2x.295 HT,18353
67,WL,WL,WL,2x.295 HT,17919
67,WL,WL,WL,2x.295 HT,15813
67,WL,WL,WL,2x.295 HT,20421
67,WL,WL,WL,2x.295 HT,24810
67,WL,WL,WL,2x.295 HT,20419
67,WL,WL,WL,2x.295 HT,13107
67,WL,WL,WL,2x.295 HT,13678
67,WL,WL,WL,2x.295 HT,13913
67,WL,WL,WL,2x.295 HT,13950
67,WL,WL,WL,2x.295 HT,14418
67,WL,WL,WL,2x.295 HT,14414
67,WL,WL,WL,2x.295 HT,14281
67,WL,WL,WL,2x.295 HT,14885
67,WL,WL,WL,2x.295 HT,14985
67,WL,WL,WL,2x.295 HT,18506
67,WL,WL,WL,2x.295 HT,3747
67,WL,WL,WL,2x.295 HT,3887
67,WL,WL,WL,2x.295 HT,2402
67,WL,WL,WL,2x.295 HT,2541
67,WL,WL,WL,2x.295 HT,10542
67,WL,WL,WL,2x.295 HT,12143
67,WL,WL,WL,2x.295 HT,12561
67,WL,WL,WL,2x.295 HT,13130
67,WL,WL,WL,2x.295 HT,138653
67,WL,WL,WL,2x.295 HT,143210
67,WL,WL,WL,2x.295 HT,144572
67,WL,WL,WL,2x.295 HT,145382
67,WL,WL,WL,2x.295 HT,138216
67,WL,WL,WL,2x.295 HT,137791
67,WL,WL,WL,2x.295 HT,110687
67,WL,WL,WL,2x.295 HT,99958
67,WL,WL,WL,2x.295 HT,127935
67,WL,WL,WL,2x.295 HT,99959
67,WL,WL,WL,2x.295 HT,102862
67,WL,WL,WL,2x.295 HT,133124
67,WL,WL,WL,2x.295 HT,113987
67,WL,WL,WL,2x.295 HT,121121
67,WL,WL,WL,2x.295 HT,132550
67,WL,WL,WL,2x.295 HT,113376
67,WL,WL,WL,2x.295 HT,136725
67,WL,WL,WL,2x.295 HT,139456
67,WL,WL,WL,2x.295 HT,141617
67,WL,WL,WL,2x.295 HT,144417
67,WL,WL,WL,2x.295 HT,140073
67,WL,WL,WL,2x.295 HT,140074
67,WL,WL,WL,2x.295 HT,140263
67,WL,WL,WL,2x.295 HT,138307
67,WL,WL,WL,2x.295 HT,138308
67,WL,WL,WL,2x.295 HT,138309
67,WL,WL,WL,2x.295 HT,138426
67,WL,WL,WL,2x.295 HT,138427
67,WL,WL,WL,2x.295 HT,42274
67,WL,WL,WL,2x.295 HT,42476
67,WL,WL,WL,2x.295 HT,28886
67,WL,WL,WL,2x.295 HT,40906
67,WL,WL,WL,2x.295 HT,44607
67,WL,WL,WL,2x.295 HT,42273
67,WL,WL,WL,2x.295 HT,119880
67,WL,WL,WL,2x.295 HT,125329
67,WL,WL,WL,2x.295 HT,111743
67,WL,WL,WL,2x.295 HT,121189
67,WL,WL,WL,2x.295 HT,128056
67,WL,WL,WL,2x.295 HT,127938
67,WL,WL,WL,2x.295 HT,82224
67,WL,WL,WL,2x.295 HT,112749
67,WL,WL,WL,2x.295 HT,45414
67,WL,WL,WL,2x.295 HT,42205
67,WL,WL,WL,2x.295 HT,29513
67,WL,WL,WL,2x.295 HT,42404
67,WL,WL,WL,2x.295 HT,64160
67,WL,WL,WL,2x.295 HT,42755
67,WL,WL,WL,2x.295 HT,57459
67,WL,WL,WL,2x.295 HT,57461
67,WL,WL,WL,2x.295 HT,64085
67,WL,WL,WL,2x.295 HT,31835
67,WL,WL,WL,2x.295 HT,20525
67,WL,WL,WL,2x.295 HT,24720
67,WL,WL,WL,2x.295 HT,20415
67,WL,WL,WL,2x.295 HT,20420
67,WL,WL,WL,2x.295 HT,20872
67,WL,WL,WL,2x.295 HT,23214
67,WL,WL,WL,2x.295 HT,20329
67,WL,WL,WL,2x.295 HT,20407
67,WL,WL,WL,2x.295 HT,24064
67,WL,WL,WL,2x.295 HT,20330
67,WL,WL,WL,2x.295 HT,20410
67,WL,WL,WL,2x.295 HT,24267
78,U03T,U03T,U03T,1440 DECITEX HMLS POLYESTER,947
79,U02T,U02T,U02T,1100 DECITEX HMLS POLYESTER,943
80,U02N,U02N,U02N,"1400 DECITEX NYLON 6,6",3344
82,TV28HF,TV28HF,TV28HF,"HMLS POLYESTER 1670/1/2 8.5x8.5TPI, 28EPI HF",29812
82,TV28HF,TV28HF,TV28HF,"HMLS POLYESTER 1670/1/2 8.5x8.5TPI, 28EPI HF",30212
82,TV28HF,TV28HF,TV28HF,"HMLS POLYESTER 1670/1/2 8.5x8.5TPI, 28EPI HF",24360
82,TV28HF,TV28HF,TV28HF,"HMLS POLYESTER 1670/1/2 8.5x8.5TPI, 28EPI HF",19830
82,TV28HF,TV28HF,TV28HF,"HMLS POLYESTER 1670/1/2 8.5x8.5TPI, 28EPI HF",24511
82,TV28HF,TV28HF,TV28HF,"HMLS POLYESTER 1670/1/2 8.5x8.5TPI, 28EPI HF",13119
82,TV28HF,TV28HF,TV28HF,"HMLS POLYESTER 1670/1/2 8.5x8.5TPI, 28EPI HF",16466
82,TV28HF,TV28HF,TV28HF,"HMLS POLYESTER 1670/1/2 8.5x8.5TPI, 28EPI HF",16461
82,TV28HF,TV28HF,TV28HF,"HMLS POLYESTER 1670/1/2 8.5x8.5TPI, 28EPI HF",18505
82,TV28HF,TV28HF,TV28HF,"HMLS POLYESTER 1670/1/2 8.5x8.5TPI, 28EPI HF",18014
82,TV28HF,TV28HF,TV28HF,"HMLS POLYESTER 1670/1/2 8.5x8.5TPI, 28EPI HF",24227
87,TU32HF,TU32HF,TU32HF,"HMLS POLYESTER 1440/1/2, 9x9TPI, 32EPI HF",44461
87,TU32HF,TU32HF,TU32HF,"HMLS POLYESTER 1440/1/2, 9x9TPI, 32EPI HF",13264
87,TU32HF,TU32HF,TU32HF,"HMLS POLYESTER 1440/1/2, 9x9TPI, 32EPI HF",10622
87,TU32HF,TU32HF,TU32HF,"HMLS POLYESTER 1440/1/2, 9x9TPI, 32EPI HF",1204
87,TU32HF,TU32HF,TU32HF,"HMLS POLYESTER 1440/1/2, 9x9TPI, 32EPI HF",18048
87,TU32HF,TU32HF,TU32HF,"HMLS POLYESTER 1440/1/2, 9x9TPI, 32EPI HF",13979
87,TU32HF,TU32HF,TU32HF,"HMLS POLYESTER 1440/1/2, 9x9TPI, 32EPI HF",13980
87,TU32HF,TU32HF,TU32HF,"HMLS POLYESTER 1440/1/2, 9x9TPI, 32EPI HF",13982
87,TU32HF,TU32HF,TU32HF,"HMLS POLYESTER 1440/1/2, 9x9TPI, 32EPI HF",13316
87,TU32HF,TU32HF,TU32HF,"HMLS POLYESTER 1440/1/2, 9x9TPI, 32EPI HF",13492
87,TU32HF,TU32HF,TU32HF,"HMLS POLYESTER 1440/1/2, 9x9TPI, 32EPI HF",13503
87,TU32HF,TU32HF,TU32HF,"HMLS POLYESTER 1440/1/2, 9x9TPI, 32EPI HF",18020
87,TU32HF,TU32HF,TU32HF,"HMLS POLYESTER 1440/1/2, 9x9TPI, 32EPI HF",18113
87,TU32HF,TU32HF,TU32HF,"HMLS POLYESTER 1440/1/2, 9x9TPI, 32EPI HF",49015
87,TU32HF,TU32HF,TU32HF,"HMLS POLYESTER 1440/1/2, 9x9TPI, 32EPI HF",52070
87,TU32HF,TU32HF,TU32HF,"HMLS POLYESTER 1440/1/2, 9x9TPI, 32EPI HF",61706
87,TU32HF,TU32HF,TU32HF,"HMLS POLYESTER 1440/1/2, 9x9TPI, 32EPI HF",35429
87,TU32HF,TU32HF,TU32HF,"HMLS POLYESTER 1440/1/2, 9x9TPI, 32EPI HF",47326
87,TU32HF,TU32HF,TU32HF,"HMLS POLYESTER 1440/1/2, 9x9TPI, 32EPI HF",47759
87,TU32HF,TU32HF,TU32HF,"HMLS POLYESTER 1440/1/2, 9x9TPI, 32EPI HF",47760
87,TU32HF,TU32HF,TU32HF,"HMLS POLYESTER 1440/1/2, 9x9TPI, 32EPI HF",48567
87,TU32HF,TU32HF,TU32HF,"HMLS POLYESTER 1440/1/2, 9x9TPI, 32EPI HF",49014
87,TU32HF,TU32HF,TU32HF,"HMLS POLYESTER 1440/1/2, 9x9TPI, 32EPI HF",43347
87,TU32HF,TU32HF,TU32HF,"HMLS POLYESTER 1440/1/2, 9x9TPI, 32EPI HF",23343
87,TU32HF,TU32HF,TU32HF,"HMLS POLYESTER 1440/1/2, 9x9TPI, 32EPI HF",19105
87,TU32HF,TU32HF,TU32HF,"HMLS POLYESTER 1440/1/2, 9x9TPI, 32EPI HF",19109
87,TU32HF,TU32HF,TU32HF,"HMLS POLYESTER 1440/1/2, 9x9TPI, 32EPI HF",24892
87,TU32HF,TU32HF,TU32HF,"HMLS POLYESTER 1440/1/2, 9x9TPI, 32EPI HF",18045
87,TU32HF,TU32HF,TU32HF,"HMLS POLYESTER 1440/1/2, 9x9TPI, 32EPI HF",15761
87,TU32HF,TU32HF,TU32HF,"HMLS POLYESTER 1440/1/2, 9x9TPI, 32EPI HF",18710
87,TU32HF,TU32HF,TU32HF,"HMLS POLYESTER 1440/1/2, 9x9TPI, 32EPI HF",18021
87,TU32HF,TU32HF,TU32HF,"HMLS POLYESTER 1440/1/2, 9x9TPI, 32EPI HF",15688
87,TU32HF,TU32HF,TU32HF,"HMLS POLYESTER 1440/1/2, 9x9TPI, 32EPI HF",14821
87,TU32HF,TU32HF,TU32HF,"HMLS POLYESTER 1440/1/2, 9x9TPI, 32EPI HF",18047
93,TM27HB,TM27HB,TM27HB,HMLS POLYESTER 2200/1/2  8.5X8.5 TPI 27EPI HB,13148
93,TM27HB,TM27HB,TM27HB,HMLS POLYESTER 2200/1/2  8.5X8.5 TPI 27EPI HB,6481
93,TM27HB,TM27HB,TM27HB,HMLS POLYESTER 2200/1/2  8.5X8.5 TPI 27EPI HB,7228
99,WD,WD,WD,1+5X.185UT,14805
99,WD,WD,WD,1+5X.185UT,13030
99,WD,WD,WD,1+5X.185UT,17568
99,WD,WD,WD,1+5X.185UT,105412
110,NH,NH,NH,"1400/1/2 DECITEX NYLON 6,6 WOVEN",12024
110,NH,NH,NH,"1400/1/2 DECITEX NYLON 6,6 WOVEN",13256
110,NH,NH,NH,"1400/1/2 DECITEX NYLON 6,6 WOVEN",19165
111,NG30SJ,NG30SJ,NG30SJ,"NYLON 6,6 1400/1/2 6X6 TPI 30EPI SJ",11801
112,NG30SG,NG30SG,NG30SG,"NYLON 6,6 1400/1/2 6x6 TPI 30EPI SG",11742
113,NG30JA,NG30JA,NG30JA,"NYLON 6,6 1400/1/2 6X6 TPI 30EPI JA",11922
113,NG30JA,NG30JA,NG30JA,"NYLON 6,6 1400/1/2 6X6 TPI 30EPI JA",18800
113,NG30JA,NG30JA,NG30JA,"NYLON 6,6 1400/1/2 6X6 TPI 30EPI JA",24189
113,NG30JA,NG30JA,NG30JA,"NYLON 6,6 1400/1/2 6X6 TPI 30EPI JA",25317
113,NG30JA,NG30JA,NG30JA,"NYLON 6,6 1400/1/2 6X6 TPI 30EPI JA",15692
114,NG,NG,NG,"1400/2 DECITEX NYLON 6,6 WOVEN",22200
115,NF30ME,NF30ME,NF30ME,"NYLON 6,6 1400/1/2 10 X 10 TPI 30EPI ME",15340
115,NF30ME,NF30ME,NF30ME,"NYLON 6,6 1400/1/2 10 X 10 TPI 30EPI ME",14143
115,NF30ME,NF30ME,NF30ME,"NYLON 6,6 1400/1/2 10 X 10 TPI 30EPI ME",19410
115,NF30ME,NF30ME,NF30ME,"NYLON 6,6 1400/1/2 10 X 10 TPI 30EPI ME",25439
115,NF30ME,NF30ME,NF30ME,"NYLON 6,6 1400/1/2 10 X 10 TPI 30EPI ME",28631
115,NF30ME,NF30ME,NF30ME,"NYLON 6,6 1400/1/2 10 X 10 TPI 30EPI ME",21271
119,NF26,NF26,NF26,"NYLON 6,6 1400/1/2 10X10 TPI 26EPI",2982
121,NF23,NF23,NF23,"NYLON 6,6  1400/1/2 10 X 10 TPI 23EPI",15466
121,NF23,NF23,NF23,"NYLON 6,6  1400/1/2 10 X 10 TPI 23EPI",15472
127,NC27,NC27,NC27,"NYLON 6,6 940/1/2 12x12 TPI 27EPI",21706
131,NC21,NC21,NC21,"NYLON 6,6  940/1/2 12 X 12 TPI 21EPI",15468
132,NC20UA,NC20UA,NC20UA,"NYLON 6,6 940/1/2 12X12 TPI 20EPI UA",21003
135,NC16,NC16,NC16,"NYLON 6,6 940/1/2 12x12 TPI 16EPI",18017
135,NC16,NC16,NC16,"NYLON 6,6 940/1/2 12x12 TPI 16EPI",15474
136,NB30JA,NB30JA,NB30JA,"NYLON 6,6  1400/2/1 0X3 TPI 30EPI JA",15096
136,NB30JA,NB30JA,NB30JA,"NYLON 6,6  1400/2/1 0X3 TPI 30EPI JA",18104
136,NB30JA,NB30JA,NB30JA,"NYLON 6,6  1400/2/1 0X3 TPI 30EPI JA",18802
136,NB30JA,NB30JA,NB30JA,"NYLON 6,6  1400/2/1 0X3 TPI 30EPI JA",21697
136,NB30JA,NB30JA,NB30JA,"NYLON 6,6  1400/2/1 0X3 TPI 30EPI JA",18106
136,NB30JA,NB30JA,NB30JA,"NYLON 6,6  1400/2/1 0X3 TPI 30EPI JA",15082
140,NA,NA,NA,"470/1 DECITEX NYLON 6,6 WOVEN 24X24",2582
140,NA,NA,NA,"470/1 DECITEX NYLON 6,6 WOVEN 24X24",121256
140,NA,NA,NA,"470/1 DECITEX NYLON 6,6 WOVEN 24X24",36714
140,NA,NA,NA,"470/1 DECITEX NYLON 6,6 WOVEN 24X24",144573
140,NA,NA,NA,"470/1 DECITEX NYLON 6,6 WOVEN 24X24",144976
140,NA,NA,NA,"470/1 DECITEX NYLON 6,6 WOVEN 24X24",121257
140,NA,NA,NA,"470/1 DECITEX NYLON 6,6 WOVEN 24X24",119148
140,NA,NA,NA,"470/1 DECITEX NYLON 6,6 WOVEN 24X24",119149
146,N04L,N04L,N04L,1400 DECITEX NYLON 6,13004
146,N04L,N04L,N04L,1400 DECITEX NYLON 6,13339
172,RD26ZA,RD26ZA,RD26ZA,RAYON 1840/1/2 12X12 TPI 26EPI ZA,14138
172,RD26ZA,RD26ZA,RD26ZA,RAYON 1840/1/2 12X12 TPI 26EPI ZA,13095
172,RD26ZA,RD26ZA,RD26ZA,RAYON 1840/1/2 12X12 TPI 26EPI ZA,19403
182,R08N,R08N,R08N,"1400 DECITEX NYLON 6,6",14150
191,QN32PF,QN32PF,QN32PF,AA HMLS 1440/1/2  7X9TPI  32EPI PF,2885
198,QC28PF,QC28PF,QC28PF,AA HMLS POLYESTER 1100/1/2 12x12 TPI 28EPI PF,1242
198,QC28PF,QC28PF,QC28PF,AA HMLS POLYESTER 1100/1/2 12x12 TPI 28EPI PF,14977
198,QC28PF,QC28PF,QC28PF,AA HMLS POLYESTER 1100/1/2 12x12 TPI 28EPI PF,26039
198,QC28PF,QC28PF,QC28PF,AA HMLS POLYESTER 1100/1/2 12x12 TPI 28EPI PF,23297
231,NX,NX,NX,"940/2 DECITEX NYLON 6,6 SED 12X12",22196
236,NV22GF,NV22GF,NV22GF,"NYLON 6,6 2100/1/2 6X8 TPI 22EPI GF",18749
241,NT26SK,NT26SK,NT26SK,"NYLON 6,6 950/0/1 MONOFILAMENT 26EPI SK",29512
241,NT26SK,NT26SK,NT26SK,"NYLON 6,6 950/0/1 MONOFILAMENT 26EPI SK",29134
242,NT26QA,NT26QA,NT26QA,"NYLON 6,6 950/0/1 MONOFILAMENT 26EPI QA",47437
242,NT26QA,NT26QA,NT26QA,"NYLON 6,6 950/0/1 MONOFILAMENT 26EPI QA",47475
242,NT26QA,NT26QA,NT26QA,"NYLON 6,6 950/0/1 MONOFILAMENT 26EPI QA",41972
242,NT26QA,NT26QA,NT26QA,"NYLON 6,6 950/0/1 MONOFILAMENT 26EPI QA",41879
242,NT26QA,NT26QA,NT26QA,"NYLON 6,6 950/0/1 MONOFILAMENT 26EPI QA",47438
245,NSX,NSX,NSX,"2000/1 DECITEX NYLON 6,6 WOVEN 10X10",19418
245,NSX,NSX,NSX,"2000/1 DECITEX NYLON 6,6 WOVEN 10X10",19421
245,NSX,NSX,NSX,"2000/1 DECITEX NYLON 6,6 WOVEN 10X10",24001
245,NSX,NSX,NSX,"2000/1 DECITEX NYLON 6,6 WOVEN 10X10",24003
245,NSX,NSX,NSX,"2000/1 DECITEX NYLON 6,6 WOVEN 10X10",19415
245,NSX,NSX,NSX,"2000/1 DECITEX NYLON 6,6 WOVEN 10X10",19413
245,NSX,NSX,NSX,"2000/1 DECITEX NYLON 6,6 WOVEN 10X10",24002
245,NSX,NSX,NSX,"2000/1 DECITEX NYLON 6,6 WOVEN 10X10",19419
245,NSX,NSX,NSX,"2000/1 DECITEX NYLON 6,6 WOVEN 10X10",140326
250,NP26,NP26,NP26,"NYLON 6,6 2100/1/2 8x8 TPI 26EPI",14149
250,NP26,NP26,NP26,"NYLON 6,6 2100/1/2 8x8 TPI 26EPI",13801
252,NP23,NP23,NP23,"NYLON 6,6 2100/1/2 8x8 TPI 23EPI",12001
252,NP23,NP23,NP23,"NYLON 6,6 2100/1/2 8x8 TPI 23EPI",12002
252,NP23,NP23,NP23,"NYLON 6,6 2100/1/2 8x8 TPI 23EPI",2981
252,NP23,NP23,NP23,"NYLON 6,6 2100/1/2 8x8 TPI 23EPI",13995
254,NP19GA,NP19GA,NP19GA,"NYLON 6,6 2100/1/2 8X8 TPI 19EPI GA",21671
254,NP19GA,NP19GA,NP19GA,"NYLON 6,6 2100/1/2 8X8 TPI 19EPI GA",21662
254,NP19GA,NP19GA,NP19GA,"NYLON 6,6 2100/1/2 8X8 TPI 19EPI GA",21709
254,NP19GA,NP19GA,NP19GA,"NYLON 6,6 2100/1/2 8X8 TPI 19EPI GA",21710
255,NP19,NP19,NP19,"NYLON 6,6 2100/1/2 8x8 TPI 19EPI",14516
255,NP19,NP19,NP19,"NYLON 6,6 2100/1/2 8x8 TPI 19EPI",13994
258,NN,NN,NN,"1100/1 DECITEX NYLON 6,6 WOVEN 14X14",13045
258,NN,NN,NN,"1100/1 DECITEX NYLON 6,6 WOVEN 14X14",13046
258,NN,NN,NN,"1100/1 DECITEX NYLON 6,6 WOVEN 14X14",4482
258,NN,NN,NN,"1100/1 DECITEX NYLON 6,6 WOVEN 14X14",24909
258,NN,NN,NN,"1100/1 DECITEX NYLON 6,6 WOVEN 14X14",24573
258,NN,NN,NN,"1100/1 DECITEX NYLON 6,6 WOVEN 14X14",24950
258,NN,NN,NN,"1100/1 DECITEX NYLON 6,6 WOVEN 14X14",24912
258,NN,NN,NN,"1100/1 DECITEX NYLON 6,6 WOVEN 14X14",24915
258,NN,NN,NN,"1100/1 DECITEX NYLON 6,6 WOVEN 14X14",23997
258,NN,NN,NN,"1100/1 DECITEX NYLON 6,6 WOVEN 14X14",24917
258,NN,NN,NN,"1100/1 DECITEX NYLON 6,6 WOVEN 14X14",28530
258,NN,NN,NN,"1100/1 DECITEX NYLON 6,6 WOVEN 14X14",51147
258,NN,NN,NN,"1100/1 DECITEX NYLON 6,6 WOVEN 14X14",131407
265,JH23DR,JH23DR,JH23DR,"NYLON 6,6  1400/1/3 8 X 8 TPI 23EPI DR",22059
265,JH23DR,JH23DR,JH23DR,"NYLON 6,6  1400/1/3 8 X 8 TPI 23EPI DR",28757
267,JH,JH,JH,0.89MM BEAD WIRE - HIGH TENSILE,78472
267,JH,JH,JH,0.89MM BEAD WIRE - HIGH TENSILE,59715
267,JH,JH,JH,0.89MM BEAD WIRE - HIGH TENSILE,32419
267,JH,JH,JH,0.89MM BEAD WIRE - HIGH TENSILE,42750
267,JH,JH,JH,0.89MM BEAD WIRE - HIGH TENSILE,50509
267,JH,JH,JH,0.89MM BEAD WIRE - HIGH TENSILE,36925
267,JH,JH,JH,0.89MM BEAD WIRE - HIGH TENSILE,43599
267,JH,JH,JH,0.89MM BEAD WIRE - HIGH TENSILE,139594
267,JH,JH,JH,0.89MM BEAD WIRE - HIGH TENSILE,141907
267,JH,JH,JH,0.89MM BEAD WIRE - HIGH TENSILE,139937
267,JH,JH,JH,0.89MM BEAD WIRE - HIGH TENSILE,144418
267,JH,JH,JH,0.89MM BEAD WIRE - HIGH TENSILE,141500
267,JH,JH,JH,0.89MM BEAD WIRE - HIGH TENSILE,134042
267,JH,JH,JH,0.89MM BEAD WIRE - HIGH TENSILE,134044
267,JH,JH,JH,0.89MM BEAD WIRE - HIGH TENSILE,134045
267,JH,JH,JH,0.89MM BEAD WIRE - HIGH TENSILE,136826
267,JH,JH,JH,0.89MM BEAD WIRE - HIGH TENSILE,135149
267,JH,JH,JH,0.89MM BEAD WIRE - HIGH TENSILE,81606
267,JH,JH,JH,0.89MM BEAD WIRE - HIGH TENSILE,82223
267,JH,JH,JH,0.89MM BEAD WIRE - HIGH TENSILE,127747
267,JH,JH,JH,0.89MM BEAD WIRE - HIGH TENSILE,76515
267,JH,JH,JH,0.89MM BEAD WIRE - HIGH TENSILE,79432
267,JH,JH,JH,0.89MM BEAD WIRE - HIGH TENSILE,83163
267,JH,JH,JH,0.89MM BEAD WIRE - HIGH TENSILE,116964
267,JH,JH,JH,0.89MM BEAD WIRE - HIGH TENSILE,128686
267,JH,JH,JH,0.89MM BEAD WIRE - HIGH TENSILE,82345
267,JH,JH,JH,0.89MM BEAD WIRE - HIGH TENSILE,81730
267,JH,JH,JH,0.89MM BEAD WIRE - HIGH TENSILE,96900
267,JH,JH,JH,0.89MM BEAD WIRE - HIGH TENSILE,121191
267,JH,JH,JH,0.89MM BEAD WIRE - HIGH TENSILE,124171
267,JH,JH,JH,0.89MM BEAD WIRE - HIGH TENSILE,13674
267,JH,JH,JH,0.89MM BEAD WIRE - HIGH TENSILE,7561
267,JH,JH,JH,0.89MM BEAD WIRE - HIGH TENSILE,5683
267,JH,JH,JH,0.89MM BEAD WIRE - HIGH TENSILE,7442
267,JH,JH,JH,0.89MM BEAD WIRE - HIGH TENSILE,8182
267,JH,JH,JH,0.89MM BEAD WIRE - HIGH TENSILE,4382
267,JH,JH,JH,0.89MM BEAD WIRE - HIGH TENSILE,5425
267,JH,JH,JH,0.89MM BEAD WIRE - HIGH TENSILE,4404
267,JH,JH,JH,0.89MM BEAD WIRE - HIGH TENSILE,4405
267,JH,JH,JH,0.89MM BEAD WIRE - HIGH TENSILE,4406
267,JH,JH,JH,0.89MM BEAD WIRE - HIGH TENSILE,4101
267,JH,JH,JH,0.89MM BEAD WIRE - HIGH TENSILE,3891
267,JH,JH,JH,0.89MM BEAD WIRE - HIGH TENSILE,3892
267,JH,JH,JH,0.89MM BEAD WIRE - HIGH TENSILE,2394
267,JH,JH,JH,0.89MM BEAD WIRE - HIGH TENSILE,2393
267,JH,JH,JH,0.89MM BEAD WIRE - HIGH TENSILE,3890
267,JH,JH,JH,0.89MM BEAD WIRE - HIGH TENSILE,2403
267,JH,JH,JH,0.89MM BEAD WIRE - HIGH TENSILE,20255
267,JH,JH,JH,0.89MM BEAD WIRE - HIGH TENSILE,20406
267,JH,JH,JH,0.89MM BEAD WIRE - HIGH TENSILE,25873
267,JH,JH,JH,0.89MM BEAD WIRE - HIGH TENSILE,20319
267,JH,JH,JH,0.89MM BEAD WIRE - HIGH TENSILE,16480
267,JH,JH,JH,0.89MM BEAD WIRE - HIGH TENSILE,18340
267,JH,JH,JH,0.89MM BEAD WIRE - HIGH TENSILE,17819
267,JH,JH,JH,0.89MM BEAD WIRE - HIGH TENSILE,18350
267,JH,JH,JH,0.89MM BEAD WIRE - HIGH TENSILE,15625
267,JH,JH,JH,0.89MM BEAD WIRE - HIGH TENSILE,15594
267,JH,JH,JH,0.89MM BEAD WIRE - HIGH TENSILE,18325
267,JH,JH,JH,0.89MM BEAD WIRE - HIGH TENSILE,18339
267,JH,JH,JH,0.89MM BEAD WIRE - HIGH TENSILE,18036
267,JH,JH,JH,0.89MM BEAD WIRE - HIGH TENSILE,18355
267,JH,JH,JH,0.89MM BEAD WIRE - HIGH TENSILE,14696
267,JH,JH,JH,0.89MM BEAD WIRE - HIGH TENSILE,17918
267,JH,JH,JH,0.89MM BEAD WIRE - HIGH TENSILE,18555
267,JH,JH,JH,0.89MM BEAD WIRE - HIGH TENSILE,14695
267,JH,JH,JH,0.89MM BEAD WIRE - HIGH TENSILE,13851
267,JH,JH,JH,0.89MM BEAD WIRE - HIGH TENSILE,61004
267,JH,JH,JH,0.89MM BEAD WIRE - HIGH TENSILE,46226
267,JH,JH,JH,0.89MM BEAD WIRE - HIGH TENSILE,29382
267,JH,JH,JH,0.89MM BEAD WIRE - HIGH TENSILE,41999
267,JH,JH,JH,0.89MM BEAD WIRE - HIGH TENSILE,41024
267,JH,JH,JH,0.89MM BEAD WIRE - HIGH TENSILE,41604
267,JH,JH,JH,0.89MM BEAD WIRE - HIGH TENSILE,46425
267,JH,JH,JH,0.89MM BEAD WIRE - HIGH TENSILE,24334
267,JH,JH,JH,0.89MM BEAD WIRE - HIGH TENSILE,20409
267,JH,JH,JH,0.89MM BEAD WIRE - HIGH TENSILE,24339
267,JH,JH,JH,0.89MM BEAD WIRE - HIGH TENSILE,24335
267,JH,JH,JH,0.89MM BEAD WIRE - HIGH TENSILE,24153
267,JH,JH,JH,0.89MM BEAD WIRE - HIGH TENSILE,21930
267,JH,JH,JH,0.89MM BEAD WIRE - HIGH TENSILE,24333
267,JH,JH,JH,0.89MM BEAD WIRE - HIGH TENSILE,21331
267,JH,JH,JH,0.89MM BEAD WIRE - HIGH TENSILE,24338
267,JH,JH,JH,0.89MM BEAD WIRE - HIGH TENSILE,24341
267,JH,JH,JH,0.89MM BEAD WIRE - HIGH TENSILE,24340
267,JH,JH,JH,0.89MM BEAD WIRE - HIGH TENSILE,118667
267,JH,JH,JH,0.89MM BEAD WIRE - HIGH TENSILE,116807
267,JH,JH,JH,0.89MM BEAD WIRE - HIGH TENSILE,133493
267,JH,JH,JH,0.89MM BEAD WIRE - HIGH TENSILE,81485
267,JH,JH,JH,0.89MM BEAD WIRE - HIGH TENSILE,129107
267,JH,JH,JH,0.89MM BEAD WIRE - HIGH TENSILE,81541
267,JH,JH,JH,0.89MM BEAD WIRE - HIGH TENSILE,126174
267,JH,JH,JH,0.89MM BEAD WIRE - HIGH TENSILE,89891
267,JH,JH,JH,0.89MM BEAD WIRE - HIGH TENSILE,126779
267,JH,JH,JH,0.89MM BEAD WIRE - HIGH TENSILE,78470
268,JF23DH,JF23DH,JF23DH,"NYLON 6,6  1400/1/2 10 X 10 TPI 23EPI DH",24938
291,I14L,I14L,I14L,1880 DECITEX NYLON 6,1582
329,LP26JA,LP26JA,LP26JA,NYLON 6 2100/2 8x8 TPI 26 EPI JA,10623
329,LP26JA,LP26JA,LP26JA,NYLON 6 2100/2 8x8 TPI 26 EPI JA,10422
329,LP26JA,LP26JA,LP26JA,NYLON 6 2100/2 8x8 TPI 26 EPI JA,22983
329,LP26JA,LP26JA,LP26JA,NYLON 6 2100/2 8x8 TPI 26 EPI JA,145972
329,LP26JA,LP26JA,LP26JA,NYLON 6 2100/2 8x8 TPI 26 EPI JA,90117
329,LP26JA,LP26JA,LP26JA,NYLON 6 2100/2 8x8 TPI 26 EPI JA,47600
333,NC30SJ,NC30SJ,NC30SJ,"NYLON 6,6 940/1/2 12X12 TPI 30EPI SJ",11741
333,NC30SJ,NC30SJ,NC30SJ,"NYLON 6,6 940/1/2 12X12 TPI 30EPI SJ",18018
333,NC30SJ,NC30SJ,NC30SJ,"NYLON 6,6 940/1/2 12X12 TPI 30EPI SJ",11682
333,NC30SJ,NC30SJ,NC30SJ,"NYLON 6,6 940/1/2 12X12 TPI 30EPI SJ",14946
334,NC30QA,NC30QA,NC30QA,"NYLON 6,6 940/1/2 12X12 TPI 30EPI QA",13985
334,NC30QA,NC30QA,NC30QA,"NYLON 6,6 940/1/2 12X12 TPI 30EPI QA",11921
334,NC30QA,NC30QA,NC30QA,"NYLON 6,6 940/1/2 12X12 TPI 30EPI QA",20701
334,NC30QA,NC30QA,NC30QA,"NYLON 6,6 940/1/2 12X12 TPI 30EPI QA",20834
334,NC30QA,NC30QA,NC30QA,"NYLON 6,6 940/1/2 12X12 TPI 30EPI QA",20835
334,NC30QA,NC30QA,NC30QA,"NYLON 6,6 940/1/2 12X12 TPI 30EPI QA",53083
336,NC30GA,NC30GA,NC30GA,"NYLON 6,6 940/1/2 12 X 12 TPI 30EPI GA",20317
342,LP23JA,LP23JA,LP23JA,NYLON 6 2100/1/2 8x8 TPI 23 EPI JA,9741
342,LP23JA,LP23JA,LP23JA,NYLON 6 2100/1/2 8x8 TPI 23 EPI JA,4963
342,LP23JA,LP23JA,LP23JA,NYLON 6 2100/1/2 8x8 TPI 23 EPI JA,14543
342,LP23JA,LP23JA,LP23JA,NYLON 6 2100/1/2 8x8 TPI 23 EPI JA,47598
342,LP23JA,LP23JA,LP23JA,NYLON 6 2100/1/2 8x8 TPI 23 EPI JA,47601
342,LP23JA,LP23JA,LP23JA,NYLON 6 2100/1/2 8x8 TPI 23 EPI JA,23075
342,LP23JA,LP23JA,LP23JA,NYLON 6 2100/1/2 8x8 TPI 23 EPI JA,29449
342,LP23JA,LP23JA,LP23JA,NYLON 6 2100/1/2 8x8 TPI 23 EPI JA,60587
342,LP23JA,LP23JA,LP23JA,NYLON 6 2100/1/2 8x8 TPI 23 EPI JA,145971
342,LP23JA,LP23JA,LP23JA,NYLON 6 2100/1/2 8x8 TPI 23 EPI JA,81366
342,LP23JA,LP23JA,LP23JA,NYLON 6 2100/1/2 8x8 TPI 23 EPI JA,90116
343,LP23,LP23,LP23,NYLON 6 2100/1/2 8 X 8 TPI 23EPI,13993
345,LP19JA,LP19JA,LP19JA,NYLON 6 2100/1/2 8 X 8 TPI 19EPI JA,13423
345,LP19JA,LP19JA,LP19JA,NYLON 6 2100/1/2 8 X 8 TPI 19EPI JA,47816
345,LP19JA,LP19JA,LP19JA,NYLON 6 2100/1/2 8 X 8 TPI 19EPI JA,22982
345,LP19JA,LP19JA,LP19JA,NYLON 6 2100/1/2 8 X 8 TPI 19EPI JA,15605
345,LP19JA,LP19JA,LP19JA,NYLON 6 2100/1/2 8 X 8 TPI 19EPI JA,28431
345,LP19JA,LP19JA,LP19JA,NYLON 6 2100/1/2 8 X 8 TPI 19EPI JA,36874
345,LP19JA,LP19JA,LP19JA,NYLON 6 2100/1/2 8 X 8 TPI 19EPI JA,145970
345,LP19JA,LP19JA,LP19JA,NYLON 6 2100/1/2 8 X 8 TPI 19EPI JA,110693
345,LP19JA,LP19JA,LP19JA,NYLON 6 2100/1/2 8 X 8 TPI 19EPI JA,90115
345,LP19JA,LP19JA,LP19JA,NYLON 6 2100/1/2 8 X 8 TPI 19EPI JA,47788
346,LP19,LP19,LP19,NYLON 6 2100/1/2 8 X 8 TPI 19EPI,14528
346,LP19,LP19,LP19,NYLON 6 2100/1/2 8 X 8 TPI 19EPI,14515
351,LN,LN,LN,1100/1 DECITEX NYLON 6 WOVEN 14X14,39188
353,LL26GA,LL26GA,LL26GA,"NYLON 6, 1400/1/2 8X10 TPI 26 EPI GA",1742
362,LH23MA,LH23MA,LH23MA,NYLON 6 1400/1/3 8X8 TPI 23EPI MA,39971
364,LF26MA,LF26MA,LF26MA,NYLON 6 1400/1/2 10X10 TPI 26EPI MA,13405
368,LC27JA,LC27JA,LC27JA,NYLON 6 940/1/2 12X12 TPI 27EPI JA,14544
368,LC27JA,LC27JA,LC27JA,NYLON 6 940/1/2 12X12 TPI 27EPI JA,13275
393,KD12QA,KD12QA,KD12QA,"NYLON 6,6 MONO  10000/1 0 X 0 TPI 12EPI QA",14720
393,KD12QA,KD12QA,KD12QA,"NYLON 6,6 MONO  10000/1 0 X 0 TPI 12EPI QA",44268
393,KD12QA,KD12QA,KD12QA,"NYLON 6,6 MONO  10000/1 0 X 0 TPI 12EPI QA",28529
394,KC18DH,KC18DH,KC18DH,"NYLON 6,6 MONO  4400/1 0 X 0 TPI 18EPI DH",28526
396,KC14DH,KC14DH,KC14DH,"NYLON 6,6 MONOFILAMENT 4400/1 0X0 14EPI DH",23404
396,KC14DH,KC14DH,KC14DH,"NYLON 6,6 MONOFILAMENT 4400/1 0X0 14EPI DH",28758
404,K29T,K29T,K29T,2200 DECITEX HMLS POLYESTER,14521
405,K28Q,K28Q,K28Q,1440 DECITEX AA HMLS POLYESTER,3321
405,K28Q,K28Q,K28Q,1440 DECITEX AA HMLS POLYESTER,1801
407,K25Q,K25Q,K25Q,1100 DECITEX AA HMLS POLYESTER,1802
408,K24T,K24T,K24T,1440 DECITEX HMLS POLYESTER,14524
409,K23T,K23T,K23T,1100 DECITEX HMLS POLYESTER,15899
413,JM22DH,JM22DH,JM22DH,"NYLON 6,6  2100/1/3 6 X 6 TPI 22EPI DH",22199
413,JM22DH,JM22DH,JM22DH,"NYLON 6,6  2100/1/3 6 X 6 TPI 22EPI DH",28528
413,JM22DH,JM22DH,JM22DH,"NYLON 6,6  2100/1/3 6 X 6 TPI 22EPI DH",22195
413,JM22DH,JM22DH,JM22DH,"NYLON 6,6  2100/1/3 6 X 6 TPI 22EPI DH",141933
413,JM22DH,JM22DH,JM22DH,"NYLON 6,6  2100/1/3 6 X 6 TPI 22EPI DH",100138
413,JM22DH,JM22DH,JM22DH,"NYLON 6,6  2100/1/3 6 X 6 TPI 22EPI DH",28521
416,JH23QR,JH23QR,JH23QR,"NYLON 6,6  1400/1/3 8 X 8 TPI 23EPI QR",28144
416,JH23QR,JH23QR,JH23QR,"NYLON 6,6  1400/1/3 8 X 8 TPI 23EPI QR",22060
416,JH23QR,JH23QR,JH23QR,"NYLON 6,6  1400/1/3 8 X 8 TPI 23EPI QR",143385
416,JH23QR,JH23QR,JH23QR,"NYLON 6,6  1400/1/3 8 X 8 TPI 23EPI QR",78177
416,JH23QR,JH23QR,JH23QR,"NYLON 6,6  1400/1/3 8 X 8 TPI 23EPI QR",78179
416,JH23QR,JH23QR,JH23QR,"NYLON 6,6  1400/1/3 8 X 8 TPI 23EPI QR",78176
416,JH23QR,JH23QR,JH23QR,"NYLON 6,6  1400/1/3 8 X 8 TPI 23EPI QR",78178
416,JH23QR,JH23QR,JH23QR,"NYLON 6,6  1400/1/3 8 X 8 TPI 23EPI QR",101308
416,JH23QR,JH23QR,JH23QR,"NYLON 6,6  1400/1/3 8 X 8 TPI 23EPI QR",125395
449,GD18SA,GD18SA,GD18SA,FIBERGLASS  3300/0/3 0X1.5 TPI 18EPI SA,14146
449,GD18SA,GD18SA,GD18SA,FIBERGLASS  3300/0/3 0X1.5 TPI 18EPI SA,13352
450,GB20SA,GB20SA,GB20SA,FIBERGLASS 3300/0/2 0X1.5 TPI 20EPI SA,14145
450,GB20SA,GB20SA,GB20SA,FIBERGLASS 3300/0/2 0X1.5 TPI 20EPI SA,13351
450,GB20SA,GB20SA,GB20SA,FIBERGLASS 3300/0/2 0X1.5 TPI 20EPI SA,23174
450,GB20SA,GB20SA,GB20SA,FIBERGLASS 3300/0/2 0X1.5 TPI 20EPI SA,24648
450,GB20SA,GB20SA,GB20SA,FIBERGLASS 3300/0/2 0X1.5 TPI 20EPI SA,28756
450,GB20SA,GB20SA,GB20SA,FIBERGLASS 3300/0/2 0X1.5 TPI 20EPI SA,23510
450,GB20SA,GB20SA,GB20SA,FIBERGLASS 3300/0/2 0X1.5 TPI 20EPI SA,42905
456,GA16SA,GA16SA,GA16SA,FIBERGLASS 3300/0/1 0X1.5 TPI 16EPI SA,14144
456,GA16SA,GA16SA,GA16SA,FIBERGLASS 3300/0/1 0X1.5 TPI 16EPI SA,13350
456,GA16SA,GA16SA,GA16SA,FIBERGLASS 3300/0/1 0X1.5 TPI 16EPI SA,25469
456,GA16SA,GA16SA,GA16SA,FIBERGLASS 3300/0/1 0X1.5 TPI 16EPI SA,25471
456,GA16SA,GA16SA,GA16SA,FIBERGLASS 3300/0/1 0X1.5 TPI 16EPI SA,29867
456,GA16SA,GA16SA,GA16SA,FIBERGLASS 3300/0/1 0X1.5 TPI 16EPI SA,44830
456,GA16SA,GA16SA,GA16SA,FIBERGLASS 3300/0/1 0X1.5 TPI 16EPI SA,44873
456,GA16SA,GA16SA,GA16SA,FIBERGLASS 3300/0/1 0X1.5 TPI 16EPI SA,22203
456,GA16SA,GA16SA,GA16SA,FIBERGLASS 3300/0/1 0X1.5 TPI 16EPI SA,25472
456,GA16SA,GA16SA,GA16SA,FIBERGLASS 3300/0/1 0X1.5 TPI 16EPI SA,25155
456,GA16SA,GA16SA,GA16SA,FIBERGLASS 3300/0/1 0X1.5 TPI 16EPI SA,25470
456,GA16SA,GA16SA,GA16SA,FIBERGLASS 3300/0/1 0X1.5 TPI 16EPI SA,23511
456,GA16SA,GA16SA,GA16SA,FIBERGLASS 3300/0/1 0X1.5 TPI 16EPI SA,22202
460,G47R,G47R,G47R,1220 DECITEX RAYON,14163
460,G47R,G47R,G47R,1220 DECITEX RAYON,18249
461,G46R,G46R,G46R,2440 DECITEX RAYON,14164
482,ES,ES,ES,(0.40+6X.365)+6X(.365+6X.35) ST,14428
482,ES,ES,ES,(0.40+6X.365)+6X(.365+6X.35) ST,13930
482,ES,ES,ES,(0.40+6X.365)+6X(.365+6X.35) ST,24269
482,ES,ES,ES,(0.40+6X.365)+6X(.365+6X.35) ST,20398
482,ES,ES,ES,(0.40+6X.365)+6X(.365+6X.35) ST,18254
482,ES,ES,ES,(0.40+6X.365)+6X(.365+6X.35) ST,18035
482,ES,ES,ES,(0.40+6X.365)+6X(.365+6X.35) ST,15629
482,ES,ES,ES,(0.40+6X.365)+6X(.365+6X.35) ST,42401
482,ES,ES,ES,(0.40+6X.365)+6X(.365+6X.35) ST,86619
491,E08A,E08A,E08A,1100 DTEX ARAMID,1781
503,CH,CH,CH,"1.83MM BEAD WIRE - HIGH TENSILE
(Cooper Code 9024)",14624
503,CH,CH,CH,"1.83MM BEAD WIRE - HIGH TENSILE
(Cooper Code 9024)",13183
503,CH,CH,CH,"1.83MM BEAD WIRE - HIGH TENSILE
(Cooper Code 9024)",12968
503,CH,CH,CH,"1.83MM BEAD WIRE - HIGH TENSILE
(Cooper Code 9024)",7503
503,CH,CH,CH,"1.83MM BEAD WIRE - HIGH TENSILE
(Cooper Code 9024)",4401
503,CH,CH,CH,"1.83MM BEAD WIRE - HIGH TENSILE
(Cooper Code 9024)",21333
503,CH,CH,CH,"1.83MM BEAD WIRE - HIGH TENSILE
(Cooper Code 9024)",24352
503,CH,CH,CH,"1.83MM BEAD WIRE - HIGH TENSILE
(Cooper Code 9024)",20363
503,CH,CH,CH,"1.83MM BEAD WIRE - HIGH TENSILE
(Cooper Code 9024)",24187
503,CH,CH,CH,"1.83MM BEAD WIRE - HIGH TENSILE
(Cooper Code 9024)",25872
503,CH,CH,CH,"1.83MM BEAD WIRE - HIGH TENSILE
(Cooper Code 9024)",20397
503,CH,CH,CH,"1.83MM BEAD WIRE - HIGH TENSILE
(Cooper Code 9024)",15008
503,CH,CH,CH,"1.83MM BEAD WIRE - HIGH TENSILE
(Cooper Code 9024)",16245
503,CH,CH,CH,"1.83MM BEAD WIRE - HIGH TENSILE
(Cooper Code 9024)",17924
503,CH,CH,CH,"1.83MM BEAD WIRE - HIGH TENSILE
(Cooper Code 9024)",15595
503,CH,CH,CH,"1.83MM BEAD WIRE - HIGH TENSILE
(Cooper Code 9024)",15941
503,CH,CH,CH,"1.83MM BEAD WIRE - HIGH TENSILE
(Cooper Code 9024)",18038
503,CH,CH,CH,"1.83MM BEAD WIRE - HIGH TENSILE
(Cooper Code 9024)",51326
503,CH,CH,CH,"1.83MM BEAD WIRE - HIGH TENSILE
(Cooper Code 9024)",53002
503,CH,CH,CH,"1.83MM BEAD WIRE - HIGH TENSILE
(Cooper Code 9024)",41996
503,CH,CH,CH,"1.83MM BEAD WIRE - HIGH TENSILE
(Cooper Code 9024)",46224
503,CH,CH,CH,"1.83MM BEAD WIRE - HIGH TENSILE
(Cooper Code 9024)",20357
503,CH,CH,CH,"1.83MM BEAD WIRE - HIGH TENSILE
(Cooper Code 9024)",24444
503,CH,CH,CH,"1.83MM BEAD WIRE - HIGH TENSILE
(Cooper Code 9024)",20362
503,CH,CH,CH,"1.83MM BEAD WIRE - HIGH TENSILE
(Cooper Code 9024)",24445
503,CH,CH,CH,"1.83MM BEAD WIRE - HIGH TENSILE
(Cooper Code 9024)",24154
503,CH,CH,CH,"1.83MM BEAD WIRE - HIGH TENSILE
(Cooper Code 9024)",20394
503,CH,CH,CH,"1.83MM BEAD WIRE - HIGH TENSILE
(Cooper Code 9024)",20392
503,CH,CH,CH,"1.83MM BEAD WIRE - HIGH TENSILE
(Cooper Code 9024)",21932
503,CH,CH,CH,"1.83MM BEAD WIRE - HIGH TENSILE
(Cooper Code 9024)",20396
503,CH,CH,CH,"1.83MM BEAD WIRE - HIGH TENSILE
(Cooper Code 9024)",127997
503,CH,CH,CH,"1.83MM BEAD WIRE - HIGH TENSILE
(Cooper Code 9024)",114409
503,CH,CH,CH,"1.83MM BEAD WIRE - HIGH TENSILE
(Cooper Code 9024)",114653
503,CH,CH,CH,"1.83MM BEAD WIRE - HIGH TENSILE
(Cooper Code 9024)",67620
503,CH,CH,CH,"1.83MM BEAD WIRE - HIGH TENSILE
(Cooper Code 9024)",67447
503,CH,CH,CH,"1.83MM BEAD WIRE - HIGH TENSILE
(Cooper Code 9024)",67977
503,CH,CH,CH,"1.83MM BEAD WIRE - HIGH TENSILE
(Cooper Code 9024)",113200
503,CH,CH,CH,"1.83MM BEAD WIRE - HIGH TENSILE
(Cooper Code 9024)",64989
503,CH,CH,CH,"1.83MM BEAD WIRE - HIGH TENSILE
(Cooper Code 9024)",36924
503,CH,CH,CH,"1.83MM BEAD WIRE - HIGH TENSILE
(Cooper Code 9024)",42865
503,CH,CH,CH,"1.83MM BEAD WIRE - HIGH TENSILE
(Cooper Code 9024)",62497
503,CH,CH,CH,"1.83MM BEAD WIRE - HIGH TENSILE
(Cooper Code 9024)",64737
503,CH,CH,CH,"1.83MM BEAD WIRE - HIGH TENSILE
(Cooper Code 9024)",50954
503,CH,CH,CH,"1.83MM BEAD WIRE - HIGH TENSILE
(Cooper Code 9024)",29059
503,CH,CH,CH,"1.83MM BEAD WIRE - HIGH TENSILE
(Cooper Code 9024)",42751
503,CH,CH,CH,"1.83MM BEAD WIRE - HIGH TENSILE
(Cooper Code 9024)",145101
503,CH,CH,CH,"1.83MM BEAD WIRE - HIGH TENSILE
(Cooper Code 9024)",144670
503,CH,CH,CH,"1.83MM BEAD WIRE - HIGH TENSILE
(Cooper Code 9024)",146002
503,CH,CH,CH,"1.83MM BEAD WIRE - HIGH TENSILE
(Cooper Code 9024)",134287
503,CH,CH,CH,"1.83MM BEAD WIRE - HIGH TENSILE
(Cooper Code 9024)",135153
503,CH,CH,CH,"1.83MM BEAD WIRE - HIGH TENSILE
(Cooper Code 9024)",136530
503,CH,CH,CH,"1.83MM BEAD WIRE - HIGH TENSILE
(Cooper Code 9024)",67966
503,CH,CH,CH,"1.83MM BEAD WIRE - HIGH TENSILE
(Cooper Code 9024)",128687
503,CH,CH,CH,"1.83MM BEAD WIRE - HIGH TENSILE
(Cooper Code 9024)",128688
503,CH,CH,CH,"1.83MM BEAD WIRE - HIGH TENSILE
(Cooper Code 9024)",81014
503,CH,CH,CH,"1.83MM BEAD WIRE - HIGH TENSILE
(Cooper Code 9024)",67280
503,CH,CH,CH,"1.83MM BEAD WIRE - HIGH TENSILE
(Cooper Code 9024)",96903
504,CF20YF,CF20YF,CF20YF,MERGED CORD 1670/1 ARAMID + 940/1 NYLON 66 20 EPI YF,13098
504,CF20YF,CF20YF,CF20YF,MERGED CORD 1670/1 ARAMID + 940/1 NYLON 66 20 EPI YF,6022
504,CF20YF,CF20YF,CF20YF,MERGED CORD 1670/1 ARAMID + 940/1 NYLON 66 20 EPI YF,6822
504,CF20YF,CF20YF,CF20YF,MERGED CORD 1670/1 ARAMID + 940/1 NYLON 66 20 EPI YF,25033
504,CF20YF,CF20YF,CF20YF,MERGED CORD 1670/1 ARAMID + 940/1 NYLON 66 20 EPI YF,19626
504,CF20YF,CF20YF,CF20YF,MERGED CORD 1670/1 ARAMID + 940/1 NYLON 66 20 EPI YF,141295
722,BN32JA,BN32JA,BN32JA,"NYLON 6,6  1400/1 0X4.6 TPI 32EPI JA",15078
722,BN32JA,BN32JA,BN32JA,"NYLON 6,6  1400/1 0X4.6 TPI 32EPI JA",15098
722,BN32JA,BN32JA,BN32JA,"NYLON 6,6  1400/1 0X4.6 TPI 32EPI JA",15757
722,BN32JA,BN32JA,BN32JA,"NYLON 6,6  1400/1 0X4.6 TPI 32EPI JA",15095
722,BN32JA,BN32JA,BN32JA,"NYLON 6,6  1400/1 0X4.6 TPI 32EPI JA",18105
722,BN32JA,BN32JA,BN32JA,"NYLON 6,6  1400/1 0X4.6 TPI 32EPI JA",18101
722,BN32JA,BN32JA,BN32JA,"NYLON 6,6  1400/1 0X4.6 TPI 32EPI JA",15691
722,BN32JA,BN32JA,BN32JA,"NYLON 6,6  1400/1 0X4.6 TPI 32EPI JA",61705
722,BN32JA,BN32JA,BN32JA,"NYLON 6,6  1400/1 0X4.6 TPI 32EPI JA",47478
722,BN32JA,BN32JA,BN32JA,"NYLON 6,6  1400/1 0X4.6 TPI 32EPI JA",36782
722,BN32JA,BN32JA,BN32JA,"NYLON 6,6  1400/1 0X4.6 TPI 32EPI JA",36781
722,BN32JA,BN32JA,BN32JA,"NYLON 6,6  1400/1 0X4.6 TPI 32EPI JA",19143
722,BN32JA,BN32JA,BN32JA,"NYLON 6,6  1400/1 0X4.6 TPI 32EPI JA",25061
722,BN32JA,BN32JA,BN32JA,"NYLON 6,6  1400/1 0X4.6 TPI 32EPI JA",15099
722,BN32JA,BN32JA,BN32JA,"NYLON 6,6  1400/1 0X4.6 TPI 32EPI JA",18102
722,BN32JA,BN32JA,BN32JA,"NYLON 6,6  1400/1 0X4.6 TPI 32EPI JA",18103
722,BN32JA,BN32JA,BN32JA,"NYLON 6,6  1400/1 0X4.6 TPI 32EPI JA",128927
722,BN32JA,BN32JA,BN32JA,"NYLON 6,6  1400/1 0X4.6 TPI 32EPI JA",131095
722,BN32JA,BN32JA,BN32JA,"NYLON 6,6  1400/1 0X4.6 TPI 32EPI JA",119670
722,BN32JA,BN32JA,BN32JA,"NYLON 6,6  1400/1 0X4.6 TPI 32EPI JA",36778
722,BN32JA,BN32JA,BN32JA,"NYLON 6,6  1400/1 0X4.6 TPI 32EPI JA",36779
722,BN32JA,BN32JA,BN32JA,"NYLON 6,6  1400/1 0X4.6 TPI 32EPI JA",36780
722,BN32JA,BN32JA,BN32JA,"NYLON 6,6  1400/1 0X4.6 TPI 32EPI JA",115029
722,BN32JA,BN32JA,BN32JA,"NYLON 6,6  1400/1 0X4.6 TPI 32EPI JA",114944
723,BN32GA,BN32GA,BN32GA,"NYLON 6,6 1400/1 0X4.6 TPI  32EPI  GA",18748
723,BN32GA,BN32GA,BN32GA,"NYLON 6,6 1400/1 0X4.6 TPI  32EPI  GA",14526
723,BN32GA,BN32GA,BN32GA,"NYLON 6,6 1400/1 0X4.6 TPI  32EPI  GA",14415
723,BN32GA,BN32GA,BN32GA,"NYLON 6,6 1400/1 0X4.6 TPI  32EPI  GA",18317
723,BN32GA,BN32GA,BN32GA,"NYLON 6,6 1400/1 0X4.6 TPI  32EPI  GA",59055
723,BN32GA,BN32GA,BN32GA,"NYLON 6,6 1400/1 0X4.6 TPI  32EPI  GA",40392
724,BN24MA,BN24MA,BN24MA,"NYLON 6,6  1400/1 0X4.5 TPI 24EPI MA",16393
724,BN24MA,BN24MA,BN24MA,"NYLON 6,6  1400/1 0X4.5 TPI 24EPI MA",15335
724,BN24MA,BN24MA,BN24MA,"NYLON 6,6  1400/1 0X4.5 TPI 24EPI MA",14166
726,BI30GF,BI30GF,BI30GF,"NYLON 6,6 940/1 0X4.6S TPI 30EPI GF",12951
726,BI30GF,BI30GF,BI30GF,"NYLON 6,6 940/1 0X4.6S TPI 30EPI GF",15693
726,BI30GF,BI30GF,BI30GF,"NYLON 6,6 940/1 0X4.6S TPI 30EPI GF",15643
726,BI30GF,BI30GF,BI30GF,"NYLON 6,6 940/1 0X4.6S TPI 30EPI GF",15719
726,BI30GF,BI30GF,BI30GF,"NYLON 6,6 940/1 0X4.6S TPI 30EPI GF",40391
726,BI30GF,BI30GF,BI30GF,"NYLON 6,6 940/1 0X4.6S TPI 30EPI GF",14756
727,BH20MS,BH20MS,BH20MS,"NYLON 6,6 1400/1/3 8.4X8.4 TPI 20EPI MS",16391
727,BH20MS,BH20MS,BH20MS,"NYLON 6,6 1400/1/3 8.4X8.4 TPI 20EPI MS",14337
727,BH20MS,BH20MS,BH20MS,"NYLON 6,6 1400/1/3 8.4X8.4 TPI 20EPI MS",14140
727,BH20MS,BH20MS,BH20MS,"NYLON 6,6 1400/1/3 8.4X8.4 TPI 20EPI MS",24273
728,BH,BH,BH,"1.295MM BEAD WIRE - HIGH TENSILE 
(Cooper 9021/9906/9001)",141721
728,BH,BH,BH,"1.295MM BEAD WIRE - HIGH TENSILE 
(Cooper 9021/9906/9001)",133924
728,BH,BH,BH,"1.295MM BEAD WIRE - HIGH TENSILE 
(Cooper 9021/9906/9001)",134043
728,BH,BH,BH,"1.295MM BEAD WIRE - HIGH TENSILE 
(Cooper 9021/9906/9001)",134046
728,BH,BH,BH,"1.295MM BEAD WIRE - HIGH TENSILE 
(Cooper 9021/9906/9001)",134166
728,BH,BH,BH,"1.295MM BEAD WIRE - HIGH TENSILE 
(Cooper 9021/9906/9001)",135152
728,BH,BH,BH,"1.295MM BEAD WIRE - HIGH TENSILE 
(Cooper 9021/9906/9001)",83313
728,BH,BH,BH,"1.295MM BEAD WIRE - HIGH TENSILE 
(Cooper 9021/9906/9001)",76514
728,BH,BH,BH,"1.295MM BEAD WIRE - HIGH TENSILE 
(Cooper 9021/9906/9001)",106083
728,BH,BH,BH,"1.295MM BEAD WIRE - HIGH TENSILE 
(Cooper 9021/9906/9001)",98190
728,BH,BH,BH,"1.295MM BEAD WIRE - HIGH TENSILE 
(Cooper 9021/9906/9001)",96901
728,BH,BH,BH,"1.295MM BEAD WIRE - HIGH TENSILE 
(Cooper 9021/9906/9001)",106187
728,BH,BH,BH,"1.295MM BEAD WIRE - HIGH TENSILE 
(Cooper 9021/9906/9001)",117894
728,BH,BH,BH,"1.295MM BEAD WIRE - HIGH TENSILE 
(Cooper 9021/9906/9001)",126384
728,BH,BH,BH,"1.295MM BEAD WIRE - HIGH TENSILE 
(Cooper 9021/9906/9001)",126385
728,BH,BH,BH,"1.295MM BEAD WIRE - HIGH TENSILE 
(Cooper 9021/9906/9001)",116805
728,BH,BH,BH,"1.295MM BEAD WIRE - HIGH TENSILE 
(Cooper 9021/9906/9001)",79119
728,BH,BH,BH,"1.295MM BEAD WIRE - HIGH TENSILE 
(Cooper 9021/9906/9001)",81794
728,BH,BH,BH,"1.295MM BEAD WIRE - HIGH TENSILE 
(Cooper 9021/9906/9001)",132945
728,BH,BH,BH,"1.295MM BEAD WIRE - HIGH TENSILE 
(Cooper 9021/9906/9001)",67967
728,BH,BH,BH,"1.295MM BEAD WIRE - HIGH TENSILE 
(Cooper 9021/9906/9001)",13522
728,BH,BH,BH,"1.295MM BEAD WIRE - HIGH TENSILE 
(Cooper 9021/9906/9001)",3893
728,BH,BH,BH,"1.295MM BEAD WIRE - HIGH TENSILE 
(Cooper 9021/9906/9001)",15597
728,BH,BH,BH,"1.295MM BEAD WIRE - HIGH TENSILE 
(Cooper 9021/9906/9001)",18089
728,BH,BH,BH,"1.295MM BEAD WIRE - HIGH TENSILE 
(Cooper 9021/9906/9001)",15566
728,BH,BH,BH,"1.295MM BEAD WIRE - HIGH TENSILE 
(Cooper 9021/9906/9001)",16247
728,BH,BH,BH,"1.295MM BEAD WIRE - HIGH TENSILE 
(Cooper 9021/9906/9001)",18724
728,BH,BH,BH,"1.295MM BEAD WIRE - HIGH TENSILE 
(Cooper 9021/9906/9001)",18459
728,BH,BH,BH,"1.295MM BEAD WIRE - HIGH TENSILE 
(Cooper 9021/9906/9001)",41998
728,BH,BH,BH,"1.295MM BEAD WIRE - HIGH TENSILE 
(Cooper 9021/9906/9001)",32159
728,BH,BH,BH,"1.295MM BEAD WIRE - HIGH TENSILE 
(Cooper 9021/9906/9001)",32158
728,BH,BH,BH,"1.295MM BEAD WIRE - HIGH TENSILE 
(Cooper 9021/9906/9001)",48911
728,BH,BH,BH,"1.295MM BEAD WIRE - HIGH TENSILE 
(Cooper 9021/9906/9001)",44015
728,BH,BH,BH,"1.295MM BEAD WIRE - HIGH TENSILE 
(Cooper 9021/9906/9001)",29566
728,BH,BH,BH,"1.295MM BEAD WIRE - HIGH TENSILE 
(Cooper 9021/9906/9001)",42656
728,BH,BH,BH,"1.295MM BEAD WIRE - HIGH TENSILE 
(Cooper 9021/9906/9001)",46454
728,BH,BH,BH,"1.295MM BEAD WIRE - HIGH TENSILE 
(Cooper 9021/9906/9001)",46225
728,BH,BH,BH,"1.295MM BEAD WIRE - HIGH TENSILE 
(Cooper 9021/9906/9001)",43023
728,BH,BH,BH,"1.295MM BEAD WIRE - HIGH TENSILE 
(Cooper 9021/9906/9001)",25295
728,BH,BH,BH,"1.295MM BEAD WIRE - HIGH TENSILE 
(Cooper 9021/9906/9001)",24350
728,BH,BH,BH,"1.295MM BEAD WIRE - HIGH TENSILE 
(Cooper 9021/9906/9001)",24087
728,BH,BH,BH,"1.295MM BEAD WIRE - HIGH TENSILE 
(Cooper 9021/9906/9001)",24349
728,BH,BH,BH,"1.295MM BEAD WIRE - HIGH TENSILE 
(Cooper 9021/9906/9001)",20391
728,BH,BH,BH,"1.295MM BEAD WIRE - HIGH TENSILE 
(Cooper 9021/9906/9001)",21334
728,BH,BH,BH,"1.295MM BEAD WIRE - HIGH TENSILE 
(Cooper 9021/9906/9001)",24343
728,BH,BH,BH,"1.295MM BEAD WIRE - HIGH TENSILE 
(Cooper 9021/9906/9001)",21929
728,BH,BH,BH,"1.295MM BEAD WIRE - HIGH TENSILE 
(Cooper 9021/9906/9001)",24446
728,BH,BH,BH,"1.295MM BEAD WIRE - HIGH TENSILE 
(Cooper 9021/9906/9001)",24130
728,BH,BH,BH,"1.295MM BEAD WIRE - HIGH TENSILE 
(Cooper 9021/9906/9001)",24351
728,BH,BH,BH,"1.295MM BEAD WIRE - HIGH TENSILE 
(Cooper 9021/9906/9001)",25871
728,BH,BH,BH,"1.295MM BEAD WIRE - HIGH TENSILE 
(Cooper 9021/9906/9001)",17923
728,BH,BH,BH,"1.295MM BEAD WIRE - HIGH TENSILE 
(Cooper 9021/9906/9001)",18348
728,BH,BH,BH,"1.295MM BEAD WIRE - HIGH TENSILE 
(Cooper 9021/9906/9001)",18349
728,BH,BH,BH,"1.295MM BEAD WIRE - HIGH TENSILE 
(Cooper 9021/9906/9001)",128455
728,BH,BH,BH,"1.295MM BEAD WIRE - HIGH TENSILE 
(Cooper 9021/9906/9001)",101803
728,BH,BH,BH,"1.295MM BEAD WIRE - HIGH TENSILE 
(Cooper 9021/9906/9001)",103773
728,BH,BH,BH,"1.295MM BEAD WIRE - HIGH TENSILE 
(Cooper 9021/9906/9001)",128380
728,BH,BH,BH,"1.295MM BEAD WIRE - HIGH TENSILE 
(Cooper 9021/9906/9001)",79118
728,BH,BH,BH,"1.295MM BEAD WIRE - HIGH TENSILE 
(Cooper 9021/9906/9001)",117038
728,BH,BH,BH,"1.295MM BEAD WIRE - HIGH TENSILE 
(Cooper 9021/9906/9001)",118372
728,BH,BH,BH,"1.295MM BEAD WIRE - HIGH TENSILE 
(Cooper 9021/9906/9001)",67978
728,BH,BH,BH,"1.295MM BEAD WIRE - HIGH TENSILE 
(Cooper 9021/9906/9001)",116804
728,BH,BH,BH,"1.295MM BEAD WIRE - HIGH TENSILE 
(Cooper 9021/9906/9001)",29562
728,BH,BH,BH,"1.295MM BEAD WIRE - HIGH TENSILE 
(Cooper 9021/9906/9001)",32157
728,BH,BH,BH,"1.295MM BEAD WIRE - HIGH TENSILE 
(Cooper 9021/9906/9001)",32154
728,BH,BH,BH,"1.295MM BEAD WIRE - HIGH TENSILE 
(Cooper 9021/9906/9001)",32155
728,BH,BH,BH,"1.295MM BEAD WIRE - HIGH TENSILE 
(Cooper 9021/9906/9001)",32156
728,BH,BH,BH,"1.295MM BEAD WIRE - HIGH TENSILE 
(Cooper 9021/9906/9001)",65217
728,BH,BH,BH,"1.295MM BEAD WIRE - HIGH TENSILE 
(Cooper 9021/9906/9001)",41193
728,BH,BH,BH,"1.295MM BEAD WIRE - HIGH TENSILE 
(Cooper 9021/9906/9001)",48912
728,BH,BH,BH,"1.295MM BEAD WIRE - HIGH TENSILE 
(Cooper 9021/9906/9001)",59992
728,BH,BH,BH,"1.295MM BEAD WIRE - HIGH TENSILE 
(Cooper 9021/9906/9001)",34643
728,BH,BH,BH,"1.295MM BEAD WIRE - HIGH TENSILE 
(Cooper 9021/9906/9001)",46095
728,BH,BH,BH,"1.295MM BEAD WIRE - HIGH TENSILE 
(Cooper 9021/9906/9001)",41569
728,BH,BH,BH,"1.295MM BEAD WIRE - HIGH TENSILE 
(Cooper 9021/9906/9001)",42405
728,BH,BH,BH,"1.295MM BEAD WIRE - HIGH TENSILE 
(Cooper 9021/9906/9001)",31952
728,BH,BH,BH,"1.295MM BEAD WIRE - HIGH TENSILE 
(Cooper 9021/9906/9001)",41194
728,BH,BH,BH,"1.295MM BEAD WIRE - HIGH TENSILE 
(Cooper 9021/9906/9001)",43923
728,BH,BH,BH,"1.295MM BEAD WIRE - HIGH TENSILE 
(Cooper 9021/9906/9001)",139596
728,BH,BH,BH,"1.295MM BEAD WIRE - HIGH TENSILE 
(Cooper 9021/9906/9001)",143724
728,BH,BH,BH,"1.295MM BEAD WIRE - HIGH TENSILE 
(Cooper 9021/9906/9001)",144968
728,BH,BH,BH,"1.295MM BEAD WIRE - HIGH TENSILE 
(Cooper 9021/9906/9001)",144161
728,BH,BH,BH,"1.295MM BEAD WIRE - HIGH TENSILE 
(Cooper 9021/9906/9001)",142194
728,BH,BH,BH,"1.295MM BEAD WIRE - HIGH TENSILE 
(Cooper 9021/9906/9001)",141499
738,B08N,B08N,B08N,"940 DECITEX  NYLON 6,6",13686
741,B05L,B05L,B05L,2100 DECITEX NYLON 6,96177
743,B03L,B03L,B03L,940 DECITEX NYLON 6,13340
750,AR,AR,AR,0.965MM BEAD WIRE - REGULAR TENSILE,17958
750,AR,AR,AR,0.965MM BEAD WIRE - REGULAR TENSILE,18455
750,AR,AR,AR,0.965MM BEAD WIRE - REGULAR TENSILE,18041
750,AR,AR,AR,0.965MM BEAD WIRE - REGULAR TENSILE,18023
750,AR,AR,AR,0.965MM BEAD WIRE - REGULAR TENSILE,18347
750,AR,AR,AR,0.965MM BEAD WIRE - REGULAR TENSILE,81728
761,CE16WA,CE16WA,CE16WA,"MERGED CORD 1100 DTEX ARAMID/1400 DTEX NYLON 6,6 16EPIWA",13147
761,CE16WA,CE16WA,CE16WA,"MERGED CORD 1100 DTEX ARAMID/1400 DTEX NYLON 6,6 16EPIWA",7722
761,CE16WA,CE16WA,CE16WA,"MERGED CORD 1100 DTEX ARAMID/1400 DTEX NYLON 6,6 16EPIWA",5564
761,CE16WA,CE16WA,CE16WA,"MERGED CORD 1100 DTEX ARAMID/1400 DTEX NYLON 6,6 16EPIWA",19176
761,CE16WA,CE16WA,CE16WA,"MERGED CORD 1100 DTEX ARAMID/1400 DTEX NYLON 6,6 16EPIWA",19177
761,CE16WA,CE16WA,CE16WA,"MERGED CORD 1100 DTEX ARAMID/1400 DTEX NYLON 6,6 16EPIWA",19175
761,CE16WA,CE16WA,CE16WA,"MERGED CORD 1100 DTEX ARAMID/1400 DTEX NYLON 6,6 16EPIWA",19178
761,CE16WA,CE16WA,CE16WA,"MERGED CORD 1100 DTEX ARAMID/1400 DTEX NYLON 6,6 16EPIWA",18370
761,CE16WA,CE16WA,CE16WA,"MERGED CORD 1100 DTEX ARAMID/1400 DTEX NYLON 6,6 16EPIWA",29132
761,CE16WA,CE16WA,CE16WA,"MERGED CORD 1100 DTEX ARAMID/1400 DTEX NYLON 6,6 16EPIWA",53484
761,CE16WA,CE16WA,CE16WA,"MERGED CORD 1100 DTEX ARAMID/1400 DTEX NYLON 6,6 16EPIWA",64257
761,CE16WA,CE16WA,CE16WA,"MERGED CORD 1100 DTEX ARAMID/1400 DTEX NYLON 6,6 16EPIWA",61353
761,CE16WA,CE16WA,CE16WA,"MERGED CORD 1100 DTEX ARAMID/1400 DTEX NYLON 6,6 16EPIWA",29133
761,CE16WA,CE16WA,CE16WA,"MERGED CORD 1100 DTEX ARAMID/1400 DTEX NYLON 6,6 16EPIWA",52617
761,CE16WA,CE16WA,CE16WA,"MERGED CORD 1100 DTEX ARAMID/1400 DTEX NYLON 6,6 16EPIWA",64256
761,CE16WA,CE16WA,CE16WA,"MERGED CORD 1100 DTEX ARAMID/1400 DTEX NYLON 6,6 16EPIWA",142882
761,CE16WA,CE16WA,CE16WA,"MERGED CORD 1100 DTEX ARAMID/1400 DTEX NYLON 6,6 16EPIWA",142890
761,CE16WA,CE16WA,CE16WA,"MERGED CORD 1100 DTEX ARAMID/1400 DTEX NYLON 6,6 16EPIWA",137786
762,CB20YF,CB20YF,CB20YF,"MERGED CORD 1100DTEX ARAMID/940 DTEX NYLON 6,6 20 EPI YF",13338
762,CB20YF,CB20YF,CB20YF,"MERGED CORD 1100DTEX ARAMID/940 DTEX NYLON 6,6 20 EPI YF",20852
762,CB20YF,CB20YF,CB20YF,"MERGED CORD 1100DTEX ARAMID/940 DTEX NYLON 6,6 20 EPI YF",141935
762,CB20YF,CB20YF,CB20YF,"MERGED CORD 1100DTEX ARAMID/940 DTEX NYLON 6,6 20 EPI YF",141936
762,CB20YF,CB20YF,CB20YF,"MERGED CORD 1100DTEX ARAMID/940 DTEX NYLON 6,6 20 EPI YF",72700
762,CB20YF,CB20YF,CB20YF,"MERGED CORD 1100DTEX ARAMID/940 DTEX NYLON 6,6 20 EPI YF",70076
776,C17GS,C17GS,C17GS,3300/0/1 FIBERGLASS 60 TPM S-TWIST SED,13431
787,AH,AH,AH,"0.965MM BEAD WIRE - HIGH TENSILE
(Cooper Code 9011)",116489
787,AH,AH,AH,"0.965MM BEAD WIRE - HIGH TENSILE
(Cooper Code 9011)",144160
787,AH,AH,AH,"0.965MM BEAD WIRE - HIGH TENSILE
(Cooper Code 9011)",81726
787,AH,AH,AH,"0.965MM BEAD WIRE - HIGH TENSILE
(Cooper Code 9011)",41113
787,AH,AH,AH,"0.965MM BEAD WIRE - HIGH TENSILE
(Cooper Code 9011)",24188
787,AH,AH,AH,"0.965MM BEAD WIRE - HIGH TENSILE
(Cooper Code 9011)",25870
787,AH,AH,AH,"0.965MM BEAD WIRE - HIGH TENSILE
(Cooper Code 9011)",20318
787,AH,AH,AH,"0.965MM BEAD WIRE - HIGH TENSILE
(Cooper Code 9011)",51366
787,AH,AH,AH,"0.965MM BEAD WIRE - HIGH TENSILE
(Cooper Code 9011)",24344
787,AH,AH,AH,"0.965MM BEAD WIRE - HIGH TENSILE
(Cooper Code 9011)",24156
787,AH,AH,AH,"0.965MM BEAD WIRE - HIGH TENSILE
(Cooper Code 9011)",48910
787,AH,AH,AH,"0.965MM BEAD WIRE - HIGH TENSILE
(Cooper Code 9011)",13834
787,AH,AH,AH,"0.965MM BEAD WIRE - HIGH TENSILE
(Cooper Code 9011)",116488
787,AH,AH,AH,"0.965MM BEAD WIRE - HIGH TENSILE
(Cooper Code 9011)",118987
787,AH,AH,AH,"0.965MM BEAD WIRE - HIGH TENSILE
(Cooper Code 9011)",47869
787,AH,AH,AH,"0.965MM BEAD WIRE - HIGH TENSILE
(Cooper Code 9011)",16246
787,AH,AH,AH,"0.965MM BEAD WIRE - HIGH TENSILE
(Cooper Code 9011)",86118
787,AH,AH,AH,"0.965MM BEAD WIRE - HIGH TENSILE
(Cooper Code 9011)",128759
787,AH,AH,AH,"0.965MM BEAD WIRE - HIGH TENSILE
(Cooper Code 9011)",116486
787,AH,AH,AH,"0.965MM BEAD WIRE - HIGH TENSILE
(Cooper Code 9011)",133811
787,AH,AH,AH,"0.965MM BEAD WIRE - HIGH TENSILE
(Cooper Code 9011)",139270
787,AH,AH,AH,"0.965MM BEAD WIRE - HIGH TENSILE
(Cooper Code 9011)",13182
787,AH,AH,AH,"0.965MM BEAD WIRE - HIGH TENSILE
(Cooper Code 9011)",116487
789,AD28YR,AD28YR,AD28YR,ARAMID  1670/1/2 8.4 X 8.4 TPI 28EPI YR,37728
789,AD28YR,AD28YR,AD28YR,ARAMID  1670/1/2 8.4 X 8.4 TPI 28EPI YR,21337
789,AD28YR,AD28YR,AD28YR,ARAMID  1670/1/2 8.4 X 8.4 TPI 28EPI YR,19407
789,AD28YR,AD28YR,AD28YR,ARAMID  1670/1/2 8.4 X 8.4 TPI 28EPI YR,28138
789,AD28YR,AD28YR,AD28YR,ARAMID  1670/1/2 8.4 X 8.4 TPI 28EPI YR,140179
796,711K,711K,711K,"10,000 DECITEX NYLON 6,6 (MONOFILAMENT)",1623
796,711K,711K,711K,"10,000 DECITEX NYLON 6,6 (MONOFILAMENT)",11241
797,112A,112A,112A,1100 DECITEX ARAMID,14513
797,112A,112A,112A,1100 DECITEX ARAMID,179
798,107A,107A,107A,1670 DECITEX ARAMID,111667
798,107A,107A,107A,1670 DECITEX ARAMID,178
798,107A,107A,107A,1670 DECITEX ARAMID,183
800,9494,9494,9494,NE24'S (NM40.6) COTTON,13714
800,9494,9494,9494,NE24'S (NM40.6) COTTON,13699
800,9494,9494,9494,NE24'S (NM40.6) COTTON,13685
801,9493,9493,9493,NE18'S (NM30.4) COTTON,13684
801,9493,9493,9493,NE18'S (NM30.4) COTTON,13693
807,9481,9481,9481,12'S/1,17784
807,9481,9481,9481,12'S/1,19776
807,9481,9481,9481,12'S/1,145615
810,540Q,540Q,540Q,1440 DECITEX AA-HMLS POLYESTER,612
811,538Q,538Q,538Q,1670 DECITEX AA-HMLS POLYESTER,14067
811,538Q,538Q,538Q,1670 DECITEX AA-HMLS POLYESTER,13537
818,317T,317T,317T,1440 DECITEX HMLS POLYESTER,1584
821,139N,139N,139N,"1400 DECITEX NYLON 6,6",13005
821,139N,139N,139N,"1400 DECITEX NYLON 6,6",15862
824,118N,118N,118N,"470 DECITEX NYLON 6,6",51897
839,UZ,UZ,UZ,3+9X.25+1 HT,7904
839,UZ,UZ,UZ,3+9X.25+1 HT,17922
840,UY,UY,UY,3X.365/9X.34 HT,91166
840,UY,UY,UY,3X.365/9X.34 HT,86416
840,UY,UY,UY,3X.365/9X.34 HT,62835
840,UY,UY,UY,3X.365/9X.34 HT,61764
840,UY,UY,UY,3X.365/9X.34 HT,39035
840,UY,UY,UY,3X.365/9X.34 HT,91638
841,UX,UX,UX,3x.20/9x.175+1 HT,13963
841,UX,UX,UX,3x.20/9x.175+1 HT,45820
842,UW,UW,UW,2+2x.295 HT,29515
842,UW,UW,UW,2+2x.295 HT,57460
842,UW,UW,UW,2+2x.295 HT,57462
842,UW,UW,UW,2+2x.295 HT,42241
842,UW,UW,UW,2+2x.295 HT,32033
842,UW,UW,UW,2+2x.295 HT,39327
842,UW,UW,UW,2+2x.295 HT,143572
842,UW,UW,UW,2+2x.295 HT,138305
842,UW,UW,UW,2+2x.295 HT,138306
842,UW,UW,UW,2+2x.295 HT,141616
842,UW,UW,UW,2+2x.295 HT,141466
842,UW,UW,UW,2+2x.295 HT,143930
842,UW,UW,UW,2+2x.295 HT,136630
842,UW,UW,UW,2+2x.295 HT,144561
842,UW,UW,UW,2+2x.295 HT,136628
842,UW,UW,UW,2+2x.295 HT,89892
842,UW,UW,UW,2+2x.295 HT,66758
842,UW,UW,UW,2+2x.295 HT,79429
842,UW,UW,UW,2+2x.295 HT,128059
842,UW,UW,UW,2+2x.295 HT,110686
842,UW,UW,UW,2+2x.295 HT,93549
842,UW,UW,UW,2+2x.295 HT,12142
842,UW,UW,UW,2+2x.295 HT,10541
842,UW,UW,UW,2+2x.295 HT,7381
842,UW,UW,UW,2+2x.295 HT,4408
842,UW,UW,UW,2+2x.295 HT,3883
842,UW,UW,UW,2+2x.295 HT,3886
842,UW,UW,UW,2+2x.295 HT,2886
842,UW,UW,UW,2+2x.295 HT,21729
842,UW,UW,UW,2+2x.295 HT,20836
842,UW,UW,UW,2+2x.295 HT,16488
842,UW,UW,UW,2+2x.295 HT,18356
842,UW,UW,UW,2+2x.295 HT,16486
842,UW,UW,UW,2+2x.295 HT,16485
842,UW,UW,UW,2+2x.295 HT,16492
842,UW,UW,UW,2+2x.295 HT,17394
842,UW,UW,UW,2+2x.295 HT,15285
842,UW,UW,UW,2+2x.295 HT,16493
842,UW,UW,UW,2+2x.295 HT,16484
842,UW,UW,UW,2+2x.295 HT,17803
842,UW,UW,UW,2+2x.295 HT,16409
842,UW,UW,UW,2+2x.295 HT,14256
842,UW,UW,UW,2+2x.295 HT,14417
842,UW,UW,UW,2+2x.295 HT,13924
842,UW,UW,UW,2+2x.295 HT,42673
842,UW,UW,UW,2+2x.295 HT,45415
842,UW,UW,UW,2+2x.295 HT,45417
842,UW,UW,UW,2+2x.295 HT,44463
842,UW,UW,UW,2+2x.295 HT,42232
842,UW,UW,UW,2+2x.295 HT,24084
842,UW,UW,UW,2+2x.295 HT,24664
842,UW,UW,UW,2+2x.295 HT,20412
842,UW,UW,UW,2+2x.295 HT,20443
842,UW,UW,UW,2+2x.295 HT,22021
842,UW,UW,UW,2+2x.295 HT,24666
842,UW,UW,UW,2+2x.295 HT,20408
842,UW,UW,UW,2+2x.295 HT,24668
842,UW,UW,UW,2+2x.295 HT,20813
842,UW,UW,UW,2+2x.295 HT,20563
842,UW,UW,UW,2+2x.295 HT,19103
842,UW,UW,UW,2+2x.295 HT,20257
842,UW,UW,UW,2+2x.295 HT,22103
842,UW,UW,UW,2+2x.295 HT,19778
842,UW,UW,UW,2+2x.295 HT,20332
842,UW,UW,UW,2+2x.295 HT,24662
842,UW,UW,UW,2+2x.295 HT,20405
842,UW,UW,UW,2+2x.295 HT,24266
842,UW,UW,UW,2+2x.295 HT,24665
842,UW,UW,UW,2+2x.295 HT,24667
842,UW,UW,UW,2+2x.295 HT,20562
842,UW,UW,UW,2+2x.295 HT,24663
842,UW,UW,UW,2+2x.295 HT,22291
842,UW,UW,UW,2+2x.295 HT,25112
842,UW,UW,UW,2+2x.295 HT,20422
842,UW,UW,UW,2+2x.295 HT,115215
842,UW,UW,UW,2+2x.295 HT,111298
842,UW,UW,UW,2+2x.295 HT,131035
842,UW,UW,UW,2+2x.295 HT,128261
842,UW,UW,UW,2+2x.295 HT,84449
842,UW,UW,UW,2+2x.295 HT,127936
842,UW,UW,UW,2+2x.295 HT,128260
842,UW,UW,UW,2+2x.295 HT,111477
842,UW,UW,UW,2+2x.295 HT,36600
842,UW,UW,UW,2+2x.295 HT,42206
842,UW,UW,UW,2+2x.295 HT,29514
843,UU,UU,UU,1X.22/18X.20 ST WIRE,13056
843,UU,UU,UU,1X.22/18X.20 ST WIRE,13024
843,UU,UU,UU,1X.22/18X.20 ST WIRE,15301
843,UU,UU,UU,1X.22/18X.20 ST WIRE,15371
843,UU,UU,UU,1X.22/18X.20 ST WIRE,15456
843,UU,UU,UU,1X.22/18X.20 ST WIRE,13967
843,UU,UU,UU,1X.22/18X.20 ST WIRE,103057
843,UU,UU,UU,1X.22/18X.20 ST WIRE,36243
843,UU,UU,UU,1X.22/18X.20 ST WIRE,140327
843,UU,UU,UU,1X.22/18X.20 ST WIRE,117605
849,UN,UN,UN,3+9+15x.22+1x.15 HT,7903
849,UN,UN,UN,3+9+15x.22+1x.15 HT,24359
849,UN,UN,UN,3+9+15x.22+1x.15 HT,24228
850,UM,UM,UM,3X.22/9X.20+1 HT,4410
850,UM,UM,UM,3X.22/9X.20+1 HT,18320
850,UM,UM,UM,3X.22/9X.20+1 HT,15327
850,UM,UM,UM,3X.22/9X.20+1 HT,13929
850,UM,UM,UM,3X.22/9X.20+1 HT,13671
850,UM,UM,UM,3X.22/9X.20+1 HT,42402
850,UM,UM,UM,3X.22/9X.20+1 HT,19142
850,UM,UM,UM,3X.22/9X.20+1 HT,19141
850,UM,UM,UM,3X.22/9X.20+1 HT,105219
850,UM,UM,UM,3X.22/9X.20+1 HT,105126
850,UM,UM,UM,3X.22/9X.20+1 HT,109985
850,UM,UM,UM,3X.22/9X.20+1 HT,52018
850,UM,UM,UM,3X.22/9X.20+1 HT,62010
850,UM,UM,UM,3X.22/9X.20+1 HT,52012
850,UM,UM,UM,3X.22/9X.20+1 HT,26984
850,UM,UM,UM,3X.22/9X.20+1 HT,26985
850,UM,UM,UM,3X.22/9X.20+1 HT,141014
850,UM,UM,UM,3X.22/9X.20+1 HT,139459
850,UM,UM,UM,3X.22/9X.20+1 HT,136266
850,UM,UM,UM,3X.22/9X.20+1 HT,111390
850,UM,UM,UM,3X.22/9X.20+1 HT,93550
850,UM,UM,UM,3X.22/9X.20+1 HT,108379
909,TC27HA,TC27HA,TC27HA,HMLS POLYESTER  1100/1/2 12 X 12 TPI 27EPI HA,55889
909,TC27HA,TC27HA,TC27HA,HMLS POLYESTER  1100/1/2 12 X 12 TPI 27EPI HA,31765
909,TC27HA,TC27HA,TC27HA,HMLS POLYESTER  1100/1/2 12 X 12 TPI 27EPI HA,41061
909,TC27HA,TC27HA,TC27HA,HMLS POLYESTER  1100/1/2 12 X 12 TPI 27EPI HA,33574
909,TC27HA,TC27HA,TC27HA,HMLS POLYESTER  1100/1/2 12 X 12 TPI 27EPI HA,31766
909,TC27HA,TC27HA,TC27HA,HMLS POLYESTER  1100/1/2 12 X 12 TPI 27EPI HA,24418
909,TC27HA,TC27HA,TC27HA,HMLS POLYESTER  1100/1/2 12 X 12 TPI 27EPI HA,26356
909,TC27HA,TC27HA,TC27HA,HMLS POLYESTER  1100/1/2 12 X 12 TPI 27EPI HA,45111
909,TC27HA,TC27HA,TC27HA,HMLS POLYESTER  1100/1/2 12 X 12 TPI 27EPI HA,19986
909,TC27HA,TC27HA,TC27HA,HMLS POLYESTER  1100/1/2 12 X 12 TPI 27EPI HA,24149
909,TC27HA,TC27HA,TC27HA,HMLS POLYESTER  1100/1/2 12 X 12 TPI 27EPI HA,19963
909,TC27HA,TC27HA,TC27HA,HMLS POLYESTER  1100/1/2 12 X 12 TPI 27EPI HA,114945
909,TC27HA,TC27HA,TC27HA,HMLS POLYESTER  1100/1/2 12 X 12 TPI 27EPI HA,112919
909,TC27HA,TC27HA,TC27HA,HMLS POLYESTER  1100/1/2 12 X 12 TPI 27EPI HA,34180
909,TC27HA,TC27HA,TC27HA,HMLS POLYESTER  1100/1/2 12 X 12 TPI 27EPI HA,32228
909,TC27HA,TC27HA,TC27HA,HMLS POLYESTER  1100/1/2 12 X 12 TPI 27EPI HA,39618
909,TC27HA,TC27HA,TC27HA,HMLS POLYESTER  1100/1/2 12 X 12 TPI 27EPI HA,103505
911,TB30HF,TB30HF,TB30HF,HMLS  POLYESTER 1100/1/3 8.5 X 8.5 TPI 30EPI HF,24670
963,YK26VF,YK26VF,YK26VF,AA-HMLS POLYESTER 1440/1/3 8.5X8.5 TPI 26EPI VF,14375
963,YK26VF,YK26VF,YK26VF,AA-HMLS POLYESTER 1440/1/3 8.5X8.5 TPI 26EPI VF,15864
964,YK20VA,YK20VA,YK20VA,AA-HMLS POLYESTER 1440/1/3 8.5X8.5 TPI 20EPI VA,7226
978,WT,WT,WT,2+1X.28 NT,4042
978,WT,WT,WT,2+1X.28 NT,3889
978,WT,WT,WT,2+1X.28 NT,3749
978,WT,WT,WT,2+1X.28 NT,13978
978,WT,WT,WT,2+1X.28 NT,14265
978,WT,WT,WT,2+1X.28 NT,14886
978,WT,WT,WT,2+1X.28 NT,16412
978,WT,WT,WT,2+1X.28 NT,138819
999,UJ,UJ,UJ,27X.175+1X.15 HT,13956
999,UJ,UJ,UJ,27X.175+1X.15 HT,39034
999,UJ,UJ,UJ,27X.175+1X.15 HT,85708
1000,UH,UH,UH,3X.265/9X.245+1 HT,13964
1000,UH,UH,UH,3X.265/9X.245+1 HT,29516
1000,UH,UH,UH,3X.265/9X.245+1 HT,85608
1000,UH,UH,UH,3X.265/9X.245+1 HT,13421
1002,UG,UG,UG,1X.20/18X.175 ST,13380
1002,UG,UG,UG,1X.20/18X.175 ST,5621
1002,UG,UG,UG,1X.20/18X.175 ST,137789
1002,UG,UG,UG,1X.20/18X.175 ST,137793
1002,UG,UG,UG,1X.20/18X.175 ST,137794
1002,UG,UG,UG,1X.20/18X.175 ST,142468
1002,UG,UG,UG,1X.20/18X.175 ST,142218
1002,UG,UG,UG,1X.20/18X.175 ST,136629
1002,UG,UG,UG,1X.20/18X.175 ST,136779
1002,UG,UG,UG,1X.20/18X.175 ST,136627
1002,UG,UG,UG,1X.20/18X.175 ST,76687
1002,UG,UG,UG,1X.20/18X.175 ST,117544
1002,UG,UG,UG,1X.20/18X.175 ST,102184
1002,UG,UG,UG,1X.20/18X.175 ST,68195
1002,UG,UG,UG,1X.20/18X.175 ST,128254
1002,UG,UG,UG,1X.20/18X.175 ST,123683
1002,UG,UG,UG,1X.20/18X.175 ST,49054
1002,UG,UG,UG,1X.20/18X.175 ST,42272
1002,UG,UG,UG,1X.20/18X.175 ST,24478
1002,UG,UG,UG,1X.20/18X.175 ST,24353
1002,UG,UG,UG,1X.20/18X.175 ST,24476
1002,UG,UG,UG,1X.20/18X.175 ST,24065
1002,UG,UG,UG,1X.20/18X.175 ST,21064
1002,UG,UG,UG,1X.20/18X.175 ST,19209
1002,UG,UG,UG,1X.20/18X.175 ST,21149
1002,UG,UG,UG,1X.20/18X.175 ST,22788
1002,UG,UG,UG,1X.20/18X.175 ST,22104
1002,UG,UG,UG,1X.20/18X.175 ST,24354
1002,UG,UG,UG,1X.20/18X.175 ST,19251
1002,UG,UG,UG,1X.20/18X.175 ST,15455
1002,UG,UG,UG,1X.20/18X.175 ST,18544
1002,UG,UG,UG,1X.20/18X.175 ST,15627
1002,UG,UG,UG,1X.20/18X.175 ST,18352
1002,UG,UG,UG,1X.20/18X.175 ST,18346
1002,UG,UG,UG,1X.20/18X.175 ST,15304
1002,UG,UG,UG,1X.20/18X.175 ST,14148
1002,UG,UG,UG,1X.20/18X.175 ST,13916
1002,UG,UG,UG,1X.20/18X.175 ST,13677
1002,UG,UG,UG,1X.20/18X.175 ST,13719
1003,UF,UF,UF,3x7x.175 HE,48075
1003,UF,UF,UF,3x7x.175 HE,13305
1003,UF,UF,UF,3x7x.175 HE,13470
1003,UF,UF,UF,3x7x.175 HE,13472
1004,UD,UD,UD,3+3x.35 ST,24280
1004,UD,UD,UD,3+3x.35 ST,13926
1004,UD,UD,UD,3+3x.35 ST,12901
1004,UD,UD,UD,3+3x.35 ST,93546
1004,UD,UD,UD,3+3x.35 ST,15293
1007,TV28HP,TV28HP,TV28HP,HMLS POLYESTER  1670/1/2 8.5 X 8.5 TPI 28EPI HP,17318
1007,TV28HP,TV28HP,TV28HP,HMLS POLYESTER  1670/1/2 8.5 X 8.5 TPI 28EPI HP,15690
1007,TV28HP,TV28HP,TV28HP,HMLS POLYESTER  1670/1/2 8.5 X 8.5 TPI 28EPI HP,15689
1007,TV28HP,TV28HP,TV28HP,HMLS POLYESTER  1670/1/2 8.5 X 8.5 TPI 28EPI HP,15513
1007,TV28HP,TV28HP,TV28HP,HMLS POLYESTER  1670/1/2 8.5 X 8.5 TPI 28EPI HP,17210
1007,TV28HP,TV28HP,TV28HP,HMLS POLYESTER  1670/1/2 8.5 X 8.5 TPI 28EPI HP,13117
1025,TK27HB,TK27HB,TK27HB,HMLS POLYESTER  1440/1/3 8 X 8 TPI 27EPI HB,112299
1025,TK27HB,TK27HB,TK27HB,HMLS POLYESTER  1440/1/3 8 X 8 TPI 27EPI HB,111575
1025,TK27HB,TK27HB,TK27HB,HMLS POLYESTER  1440/1/3 8 X 8 TPI 27EPI HB,98191
1025,TK27HB,TK27HB,TK27HB,HMLS POLYESTER  1440/1/3 8 X 8 TPI 27EPI HB,13385
1049,RY28AF,RY28AF,RY28AF,RAYON 1840/1/2  10.4X10.4TPI  28EPI AF,126464
1049,RY28AF,RY28AF,RY28AF,RAYON 1840/1/2  10.4X10.4TPI  28EPI AF,14525
1049,RY28AF,RY28AF,RY28AF,RAYON 1840/1/2  10.4X10.4TPI  28EPI AF,39032
1049,RY28AF,RY28AF,RY28AF,RAYON 1840/1/2  10.4X10.4TPI  28EPI AF,39563
1054,RQ24BF,RQ24BF,RQ24BF,RAYON 2440/1/2 9.9X9.9TPI  24EPI  BF,143417
1054,RQ24BF,RQ24BF,RQ24BF,RAYON 2440/1/2 9.9X9.9TPI  24EPI  BF,80052
1055,RQ24BD,RQ24BD,RQ24BD,RAYON 2440/1/2 9.9X9.9TPI  24EPI  BD,13396
1069,NG30JR,NG30JR,NG30JR,"NYLON 6,6  1400/1/2 6 X 6 TPI 30EPI JR",23115
1069,NG30JR,NG30JR,NG30JR,"NYLON 6,6  1400/1/2 6 X 6 TPI 30EPI JR",28761
1069,NG30JR,NG30JR,NG30JR,"NYLON 6,6  1400/1/2 6 X 6 TPI 30EPI JR",28634
1069,NG30JR,NG30JR,NG30JR,"NYLON 6,6  1400/1/2 6 X 6 TPI 30EPI JR",143388
1069,NG30JR,NG30JR,NG30JR,"NYLON 6,6  1400/1/2 6 X 6 TPI 30EPI JR",125259
1070,NG30GA,NG30GA,NG30GA,"NYLON 6,6  1400/1/2  6X6TPI  30EPI  GA",15720
1070,NG30GA,NG30GA,NG30GA,"NYLON 6,6  1400/1/2  6X6TPI  30EPI  GA",19492
1070,NG30GA,NG30GA,NG30GA,"NYLON 6,6  1400/1/2  6X6TPI  30EPI  GA",20065
1070,NG30GA,NG30GA,NG30GA,"NYLON 6,6  1400/1/2  6X6TPI  30EPI  GA",19491
1070,NG30GA,NG30GA,NG30GA,"NYLON 6,6  1400/1/2  6X6TPI  30EPI  GA",18315
1070,NG30GA,NG30GA,NG30GA,"NYLON 6,6  1400/1/2  6X6TPI  30EPI  GA",19490
1070,NG30GA,NG30GA,NG30GA,"NYLON 6,6  1400/1/2  6X6TPI  30EPI  GA",72002
1071,NF30MR,NF30MR,NF30MR,"NYLON 6,6  1400/1/2 10 X 10 TPI 30EPI MR",14335
1071,NF30MR,NF30MR,NF30MR,"NYLON 6,6  1400/1/2 10 X 10 TPI 30EPI MR",13690
1071,NF30MR,NF30MR,NF30MR,"NYLON 6,6  1400/1/2 10 X 10 TPI 30EPI MR",21272
1071,NF30MR,NF30MR,NF30MR,"NYLON 6,6  1400/1/2 10 X 10 TPI 30EPI MR",25777
1071,NF30MR,NF30MR,NF30MR,"NYLON 6,6  1400/1/2 10 X 10 TPI 30EPI MR",19409
1071,NF30MR,NF30MR,NF30MR,"NYLON 6,6  1400/1/2 10 X 10 TPI 30EPI MR",25440
1071,NF30MR,NF30MR,NF30MR,"NYLON 6,6  1400/1/2 10 X 10 TPI 30EPI MR",28146
1072,NF30MA,NF30MA,NF30MA,"NYLON 6,6  1400/1/2 10 X 10 TPI 30EPI MA",13809
1072,NF30MA,NF30MA,NF30MA,"NYLON 6,6  1400/1/2 10 X 10 TPI 30EPI MA",16389
1072,NF30MA,NF30MA,NF30MA,"NYLON 6,6  1400/1/2 10 X 10 TPI 30EPI MA",15130
1072,NF30MA,NF30MA,NF30MA,"NYLON 6,6  1400/1/2 10 X 10 TPI 30EPI MA",14168
1072,NF30MA,NF30MA,NF30MA,"NYLON 6,6  1400/1/2 10 X 10 TPI 30EPI MA",14340
1073,NF30JR,NF30JR,NF30JR,"NYLON 6,6  1400/1/2 10 X 10 TPI 30EPI JR",29261
1074,NF30JA,NF30JA,NF30JA,"NYLON 6,6  1400/1/2 10 X 10 TPI 30EPI JA",15131
1074,NF30JA,NF30JA,NF30JA,"NYLON 6,6  1400/1/2 10 X 10 TPI 30EPI JA",14169
1074,NF30JA,NF30JA,NF30JA,"NYLON 6,6  1400/1/2 10 X 10 TPI 30EPI JA",18228
1074,NF30JA,NF30JA,NF30JA,"NYLON 6,6  1400/1/2 10 X 10 TPI 30EPI JA",18015
1074,NF30JA,NF30JA,NF30JA,"NYLON 6,6  1400/1/2 10 X 10 TPI 30EPI JA",15511
1074,NF30JA,NF30JA,NF30JA,"NYLON 6,6  1400/1/2 10 X 10 TPI 30EPI JA",43811
1075,NF30DH,NF30DH,NF30DH,"NYLON 6,6  1400/1/2 10 X 10 TPI 30EPI DH",7562
1075,NF30DH,NF30DH,NF30DH,"NYLON 6,6  1400/1/2 10 X 10 TPI 30EPI DH",15027
1075,NF30DH,NF30DH,NF30DH,"NYLON 6,6  1400/1/2 10 X 10 TPI 30EPI DH",15503
1075,NF30DH,NF30DH,NF30DH,"NYLON 6,6  1400/1/2 10 X 10 TPI 30EPI DH",15504
1075,NF30DH,NF30DH,NF30DH,"NYLON 6,6  1400/1/2 10 X 10 TPI 30EPI DH",21367
1075,NF30DH,NF30DH,NF30DH,"NYLON 6,6  1400/1/2 10 X 10 TPI 30EPI DH",22047
1075,NF30DH,NF30DH,NF30DH,"NYLON 6,6  1400/1/2 10 X 10 TPI 30EPI DH",60589
1075,NF30DH,NF30DH,NF30DH,"NYLON 6,6  1400/1/2 10 X 10 TPI 30EPI DH",60673
1075,NF30DH,NF30DH,NF30DH,"NYLON 6,6  1400/1/2 10 X 10 TPI 30EPI DH",125048
1075,NF30DH,NF30DH,NF30DH,"NYLON 6,6  1400/1/2 10 X 10 TPI 30EPI DH",125186
1075,NF30DH,NF30DH,NF30DH,"NYLON 6,6  1400/1/2 10 X 10 TPI 30EPI DH",125188
1075,NF30DH,NF30DH,NF30DH,"NYLON 6,6  1400/1/2 10 X 10 TPI 30EPI DH",114827
1075,NF30DH,NF30DH,NF30DH,"NYLON 6,6  1400/1/2 10 X 10 TPI 30EPI DH",131099
1075,NF30DH,NF30DH,NF30DH,"NYLON 6,6  1400/1/2 10 X 10 TPI 30EPI DH",125333
1075,NF30DH,NF30DH,NF30DH,"NYLON 6,6  1400/1/2 10 X 10 TPI 30EPI DH",125049
1075,NF30DH,NF30DH,NF30DH,"NYLON 6,6  1400/1/2 10 X 10 TPI 30EPI DH",140770
1075,NF30DH,NF30DH,NF30DH,"NYLON 6,6  1400/1/2 10 X 10 TPI 30EPI DH",143391
1075,NF30DH,NF30DH,NF30DH,"NYLON 6,6  1400/1/2 10 X 10 TPI 30EPI DH",140928
1075,NF30DH,NF30DH,NF30DH,"NYLON 6,6  1400/1/2 10 X 10 TPI 30EPI DH",140889
1078,NF28MA,NF28MA,NF28MA,"NYLON 6,6  1400/1/2 10 X 10 TPI 28EPI MA",1583
1078,NF28MA,NF28MA,NF28MA,"NYLON 6,6  1400/1/2 10 X 10 TPI 28EPI MA",14167
1080,NF28JA,NF28JA,NF28JA,"NYLON 6,6  1400/1/2 10 X 10 TPI 28EPI JA",44524
1080,NF28JA,NF28JA,NF28JA,"NYLON 6,6  1400/1/2 10 X 10 TPI 28EPI JA",22645
1080,NF28JA,NF28JA,NF28JA,"NYLON 6,6  1400/1/2 10 X 10 TPI 28EPI JA",20068
1080,NF28JA,NF28JA,NF28JA,"NYLON 6,6  1400/1/2 10 X 10 TPI 28EPI JA",67968
1082,NF26MS,NF26MS,NF26MS,"NYLON 6,6 1400/1/2 10X10 TPI 26EPI MS",14349
1082,NF26MS,NF26MS,NF26MS,"NYLON 6,6 1400/1/2 10X10 TPI 26EPI MS",13689
1082,NF26MS,NF26MS,NF26MS,"NYLON 6,6 1400/1/2 10X10 TPI 26EPI MS",16392
1083,NF26MA,NF26MA,NF26MA,"NYLON 6,6  1400/1/2 10 X 10 TPI 26EPI MA",15426
1084,NF26KR,NF26KR,NF26KR,"NYLON 6,6  1400/1/2 10 X 10 TPI 26EPI KR",14339
1084,NF26KR,NF26KR,NF26KR,"NYLON 6,6  1400/1/2 10 X 10 TPI 26EPI KR",14142
1084,NF26KR,NF26KR,NF26KR,"NYLON 6,6  1400/1/2 10 X 10 TPI 26EPI KR",23114
1084,NF26KR,NF26KR,NF26KR,"NYLON 6,6  1400/1/2 10 X 10 TPI 26EPI KR",23113
1084,NF26KR,NF26KR,NF26KR,"NYLON 6,6  1400/1/2 10 X 10 TPI 26EPI KR",28633
1085,NF26JR,NF26JR,NF26JR,"NYLON 6,6  1400/1/2 10 X 10 TPI 26EPI JR",28760
1085,NF26JR,NF26JR,NF26JR,"NYLON 6,6  1400/1/2 10 X 10 TPI 26EPI JR",22338
1085,NF26JR,NF26JR,NF26JR,"NYLON 6,6  1400/1/2 10 X 10 TPI 26EPI JR",140771
1085,NF26JR,NF26JR,NF26JR,"NYLON 6,6  1400/1/2 10 X 10 TPI 26EPI JR",140920
1085,NF26JR,NF26JR,NF26JR,"NYLON 6,6  1400/1/2 10 X 10 TPI 26EPI JR",143266
1086,NF26JF,NF26JF,NF26JF,"NYLON 6,6  1400/1/2 10 X 10 TPI 26EPI JF",35383
1087,NF26JA,NF26JA,NF26JA,"NYLON 6,6  1400/1/2 10 X 10 TPI 26EPI JA",23076
1087,NF26JA,NF26JA,NF26JA,"NYLON 6,6  1400/1/2 10 X 10 TPI 26EPI JA",60592
1091,NF23DH,NF23DH,NF23DH,"NYLON 6,6  1400/1/2 10 X 10 TPI 23EPI DH",15125
1091,NF23DH,NF23DH,NF23DH,"NYLON 6,6  1400/1/2 10 X 10 TPI 23EPI DH",15500
1091,NF23DH,NF23DH,NF23DH,"NYLON 6,6  1400/1/2 10 X 10 TPI 23EPI DH",15502
1091,NF23DH,NF23DH,NF23DH,"NYLON 6,6  1400/1/2 10 X 10 TPI 23EPI DH",21366
1091,NF23DH,NF23DH,NF23DH,"NYLON 6,6  1400/1/2 10 X 10 TPI 23EPI DH",28524
1091,NF23DH,NF23DH,NF23DH,"NYLON 6,6  1400/1/2 10 X 10 TPI 23EPI DH",28525
1092,NF20MS,NF20MS,NF20MS,"NYLON 6,6 1400/1/2 10X10 TPI 20EPI MS",14350
1092,NF20MS,NF20MS,NF20MS,"NYLON 6,6 1400/1/2 10X10 TPI 20EPI MS",13688
1092,NF20MS,NF20MS,NF20MS,"NYLON 6,6 1400/1/2 10X10 TPI 20EPI MS",16395
1094,NF18DH,NF18DH,NF18DH,"NYLON 6,6  1400/1/2 10 X 10 TPI 18EPI DH",15499
1094,NF18DH,NF18DH,NF18DH,"NYLON 6,6  1400/1/2 10 X 10 TPI 18EPI DH",21365
1094,NF18DH,NF18DH,NF18DH,"NYLON 6,6  1400/1/2 10 X 10 TPI 18EPI DH",15498
1094,NF18DH,NF18DH,NF18DH,"NYLON 6,6  1400/1/2 10 X 10 TPI 18EPI DH",23672
1104,NC35DH,NC35DH,NC35DH,"NYLON 6,6  940/1/2 12 X 12 TPI 35EPI DH",15124
1104,NC35DH,NC35DH,NC35DH,"NYLON 6,6  940/1/2 12 X 12 TPI 35EPI DH",15497
1104,NC35DH,NC35DH,NC35DH,"NYLON 6,6  940/1/2 12 X 12 TPI 35EPI DH",23805
1105,NC21QH,NC21QH,NC21QH,"NYLON 6,6  940/1/2 12 X 12 TPI 21EPI QH",19720
1105,NC21QH,NC21QH,NC21QH,"NYLON 6,6  940/1/2 12 X 12 TPI 21EPI QH",23810
1105,NC21QH,NC21QH,NC21QH,"NYLON 6,6  940/1/2 12 X 12 TPI 21EPI QH",116725
1105,NC21QH,NC21QH,NC21QH,"NYLON 6,6  940/1/2 12 X 12 TPI 21EPI QH",116810
1105,NC21QH,NC21QH,NC21QH,"NYLON 6,6  940/1/2 12 X 12 TPI 21EPI QH",28527
1106,NC21QA,NC21QA,NC21QA,"NYLON 6,6  940/1/2 12 X 12 TPI 21EPI QA",13808
1106,NC21QA,NC21QA,NC21QA,"NYLON 6,6  940/1/2 12 X 12 TPI 21EPI QA",23634
1106,NC21QA,NC21QA,NC21QA,"NYLON 6,6  940/1/2 12 X 12 TPI 21EPI QA",23633
1106,NC21QA,NC21QA,NC21QA,"NYLON 6,6  940/1/2 12 X 12 TPI 21EPI QA",20067
1106,NC21QA,NC21QA,NC21QA,"NYLON 6,6  940/1/2 12 X 12 TPI 21EPI QA",23629
1106,NC21QA,NC21QA,NC21QA,"NYLON 6,6  940/1/2 12 X 12 TPI 21EPI QA",23661
1106,NC21QA,NC21QA,NC21QA,"NYLON 6,6  940/1/2 12 X 12 TPI 21EPI QA",23631
1106,NC21QA,NC21QA,NC21QA,"NYLON 6,6  940/1/2 12 X 12 TPI 21EPI QA",19828
1106,NC21QA,NC21QA,NC21QA,"NYLON 6,6  940/1/2 12 X 12 TPI 21EPI QA",116127
1106,NC21QA,NC21QA,NC21QA,"NYLON 6,6  940/1/2 12 X 12 TPI 21EPI QA",116129
1106,NC21QA,NC21QA,NC21QA,"NYLON 6,6  940/1/2 12 X 12 TPI 21EPI QA",116128
1106,NC21QA,NC21QA,NC21QA,"NYLON 6,6  940/1/2 12 X 12 TPI 21EPI QA",116213
1106,NC21QA,NC21QA,NC21QA,"NYLON 6,6  940/1/2 12 X 12 TPI 21EPI QA",34644
1106,NC21QA,NC21QA,NC21QA,"NYLON 6,6  940/1/2 12 X 12 TPI 21EPI QA",34692
1107,NC21JR,NC21JR,NC21JR,"NYLON 6,6  940/1/2 12 X 12 TPI 21EPI JR",22336
1107,NC21JR,NC21JR,NC21JR,"NYLON 6,6  940/1/2 12 X 12 TPI 21EPI JR",28759
1109,NC21JA,NC21JA,NC21JA,"NYLON 6,6  940/1/2 12x12 TPI 21EPI JA",22852
1109,NC21JA,NC21JA,NC21JA,"NYLON 6,6  940/1/2 12x12 TPI 21EPI JA",35384
1110,NC21DH,NC21DH,NC21DH,"NYLON 6,6  940/1/2 12x12 TPI 21EPI DH",15123
1110,NC21DH,NC21DH,NC21DH,"NYLON 6,6  940/1/2 12x12 TPI 21EPI DH",15496
1110,NC21DH,NC21DH,NC21DH,"NYLON 6,6  940/1/2 12x12 TPI 21EPI DH",23804
1110,NC21DH,NC21DH,NC21DH,"NYLON 6,6  940/1/2 12x12 TPI 21EPI DH",121190
1110,NC21DH,NC21DH,NC21DH,"NYLON 6,6  940/1/2 12x12 TPI 21EPI DH",125187
1110,NC21DH,NC21DH,NC21DH,"NYLON 6,6  940/1/2 12x12 TPI 21EPI DH",125534
1110,NC21DH,NC21DH,NC21DH,"NYLON 6,6  940/1/2 12x12 TPI 21EPI DH",115209
1112,NC16QH,NC16QH,NC16QH,"NYLON 6,6  940/1/2 12 X 12 TPI 16EPI QH",23808
1112,NC16QH,NC16QH,NC16QH,"NYLON 6,6  940/1/2 12 X 12 TPI 16EPI QH",143153
1112,NC16QH,NC16QH,NC16QH,"NYLON 6,6  940/1/2 12 X 12 TPI 16EPI QH",143154
1114,NC16QA,NC16QA,NC16QA,"NYLON 6,6  940/1/2 12 X 12 TPI 16EPI QA",18016
1114,NC16QA,NC16QA,NC16QA,"NYLON 6,6  940/1/2 12 X 12 TPI 16EPI QA",18110
1114,NC16QA,NC16QA,NC16QA,"NYLON 6,6  940/1/2 12 X 12 TPI 16EPI QA",15129
1114,NC16QA,NC16QA,NC16QA,"NYLON 6,6  940/1/2 12 X 12 TPI 16EPI QA",15052
1114,NC16QA,NC16QA,NC16QA,"NYLON 6,6  940/1/2 12 X 12 TPI 16EPI QA",1962
1114,NC16QA,NC16QA,NC16QA,"NYLON 6,6  940/1/2 12 X 12 TPI 16EPI QA",48986
1114,NC16QA,NC16QA,NC16QA,"NYLON 6,6  940/1/2 12 X 12 TPI 16EPI QA",49013
1114,NC16QA,NC16QA,NC16QA,"NYLON 6,6  940/1/2 12 X 12 TPI 16EPI QA",48987
1114,NC16QA,NC16QA,NC16QA,"NYLON 6,6  940/1/2 12 X 12 TPI 16EPI QA",45616
1116,NB30GA,NB30GA,NB30GA,"NYLON 6,6  1400/2/1  0X3TPI  30EPI  GA",20521
1116,NB30GA,NB30GA,NB30GA,"NYLON 6,6  1400/2/1  0X3TPI  30EPI  GA",20522
1135,WA,WA,WA,7X7X.25+1 HT,18040
1135,WA,WA,WA,7X7X.25+1 HT,13928
1135,WA,WA,WA,7X7X.25+1 HT,7021
1135,WA,WA,WA,7X7X.25+1 HT,6042
1135,WA,WA,WA,7X7X.25+1 HT,20417
1135,WA,WA,WA,7X7X.25+1 HT,144362
1135,WA,WA,WA,7X7X.25+1 HT,42403
1135,WA,WA,WA,7X7X.25+1 HT,44858
1135,WA,WA,WA,7X7X.25+1 HT,38588
1138,RN26AF,RN26AF,RN26AF,RAYON 1840/1/3  9.1X9.1TPI  26EPI  AF,21473
1138,RN26AF,RN26AF,RN26AF,RAYON 1840/1/3  9.1X9.1TPI  26EPI  AF,19627
1138,RN26AF,RN26AF,RN26AF,RAYON 1840/1/3  9.1X9.1TPI  26EPI  AF,21459
1140,RN25AF,RN25AF,RN25AF,RAYON 1840/1/3  9.1X9.1TPI  25EPI  AF,21471
1140,RN25AF,RN25AF,RN25AF,RAYON 1840/1/3  9.1X9.1TPI  25EPI  AF,21458
1140,RN25AF,RN25AF,RN25AF,RAYON 1840/1/3  9.1X9.1TPI  25EPI  AF,39031
1140,RN25AF,RN25AF,RN25AF,RAYON 1840/1/3  9.1X9.1TPI  25EPI  AF,39562
1141,RM23BF,RM23BF,RM23BF,RAYON 1840/1/2  9X9TPI  23EPI  BF,19625
1142,RJ18BL,RJ18BL,RJ18BL,RAYON 2440/1/3  6.5X6.5TPI  18EPI  BL,19404
1155,RE25AF,RE25AF,RE25AF,RAYON  1840/1/3 12 X 10 TPI 25EPI AF,43682
1155,RE25AF,RE25AF,RE25AF,RAYON  1840/1/3 12 X 10 TPI 25EPI AF,20027
1156,RE18BG,RE18BG,RE18BG,RAYON 1840/1/3  12X10TPI  18EPI  BG,19405
1157,RD30AF,RD30AF,RD30AF,RAYON  1840/1/2 12 X 12 TPI 30EPI AF,20020
1170,QY26VF,QY26VF,QY26VF,AA-HMLS POLYESTER 1670/1/2 10X10 TPI 26EPI VF,7229
1173,QU32PF,QU32PF,QU32PF,AA HMLS POLYESTER 1440/1/2 9x9 TPI 32EPI PF,1201
1173,QU32PF,QU32PF,QU32PF,AA HMLS POLYESTER 1440/1/2 9x9 TPI 32EPI PF,25517
1173,QU32PF,QU32PF,QU32PF,AA HMLS POLYESTER 1440/1/2 9x9 TPI 32EPI PF,15644
1173,QU32PF,QU32PF,QU32PF,AA HMLS POLYESTER 1440/1/2 9x9 TPI 32EPI PF,18460
1173,QU32PF,QU32PF,QU32PF,AA HMLS POLYESTER 1440/1/2 9x9 TPI 32EPI PF,14978
1173,QU32PF,QU32PF,QU32PF,AA HMLS POLYESTER 1440/1/2 9x9 TPI 32EPI PF,25515
1173,QU32PF,QU32PF,QU32PF,AA HMLS POLYESTER 1440/1/2 9x9 TPI 32EPI PF,25516
1173,QU32PF,QU32PF,QU32PF,AA HMLS POLYESTER 1440/1/2 9x9 TPI 32EPI PF,25518
1173,QU32PF,QU32PF,QU32PF,AA HMLS POLYESTER 1440/1/2 9x9 TPI 32EPI PF,20064
1173,QU32PF,QU32PF,QU32PF,AA HMLS POLYESTER 1440/1/2 9x9 TPI 32EPI PF,15812
1174,QU30PF,QU30PF,QU30PF,AA HMLS POLYESTER 1440/1/2 9 X 9 TPI 30EPI PF,20032
1177,QC35PF,QC35PF,QC35PF,AA HMLS POLYESTER 1100/1/2 12x12 TPI 35EPI PF,26038
1246,NW35JR,NW35JR,NW35JR,"NYLON 6,6  470/1/2 14 X 14 TPI 35EPI JR",21694
1246,NW35JR,NW35JR,NW35JR,"NYLON 6,6  470/1/2 14 X 14 TPI 35EPI JR",28148
1246,NW35JR,NW35JR,NW35JR,"NYLON 6,6  470/1/2 14 X 14 TPI 35EPI JR",100628
1256,NP26JA,NP26JA,NP26JA,"NYLON 6,6  2100/1/2 8x8 TPI 26EPI JA",14136
1258,NP23JA,NP23JA,NP23JA,"NYLON 6,6  2100/1/2 8x8 TPI 23EPI JA",18475
1258,NP23JA,NP23JA,NP23JA,"NYLON 6,6  2100/1/2 8x8 TPI 23EPI JA",20466
1258,NP23JA,NP23JA,NP23JA,"NYLON 6,6  2100/1/2 8x8 TPI 23EPI JA",18341
1258,NP23JA,NP23JA,NP23JA,"NYLON 6,6  2100/1/2 8x8 TPI 23EPI JA",48787
1258,NP23JA,NP23JA,NP23JA,"NYLON 6,6  2100/1/2 8x8 TPI 23EPI JA",48788
1258,NP23JA,NP23JA,NP23JA,"NYLON 6,6  2100/1/2 8x8 TPI 23EPI JA",65384
1258,NP23JA,NP23JA,NP23JA,"NYLON 6,6  2100/1/2 8x8 TPI 23EPI JA",115212
1260,NP19JA,NP19JA,NP19JA,"NYLON 6,6  2100/1/2 8 X 8 TPI 19EPI JA",23159
1270,NL26GF,NL26GF,NL26GF,"NYLON 6,6 1400/1/2  8X10TPI  26EPI  GF",18750
1288,NJ20UA,NJ20UA,NJ20UA,"NYLON 6,6 940/1/2  10X12TPI  20EPI  UA",22597
1295,JH19DR,JH19DR,JH19DR,"NYLON 6,6  1400/1/3 8 X 8 TPI 19EPI DR",22058
1295,JH19DR,JH19DR,JH19DR,"NYLON 6,6  1400/1/3 8 X 8 TPI 19EPI DR",78181
1295,JH19DR,JH19DR,JH19DR,"NYLON 6,6  1400/1/3 8 X 8 TPI 19EPI DR",28143
1295,JH19DR,JH19DR,JH19DR,"NYLON 6,6  1400/1/3 8 X 8 TPI 19EPI DR",143387
1295,JH19DR,JH19DR,JH19DR,"NYLON 6,6  1400/1/3 8 X 8 TPI 19EPI DR",101508
1295,JH19DR,JH19DR,JH19DR,"NYLON 6,6  1400/1/3 8 X 8 TPI 19EPI DR",125396
1297,JF30DH,JF30DH,JF30DH,"NYLON 6,6  1400/1/2 10 X 10 TPI 30EPI DH",24939
1297,JF30DH,JF30DH,JF30DH,"NYLON 6,6  1400/1/2 10 X 10 TPI 30EPI DH",143392
1298,JF26DR,JF26DR,JF26DR,"NYLON 6,6  1400/1/2 10 X 10 TPI 26EPI DR",22056
1298,JF26DR,JF26DR,JF26DR,"NYLON 6,6  1400/1/2 10 X 10 TPI 26EPI DR",28142
1301,JF18DH,JF18DH,JF18DH,"NYLON 6,6  1400/1/2 10 X 10 TPI 18EPI DH",24930
1332,ID25JA,ID25JA,ID25JA,NYLON 6  1880/1/2 8.5 X 8.5 TPI 25EPI JA,13274
1359,HH,HH,HH,1.60 MM BEAD WIRE - HIGH TENSILE,10861
1395,NC32KR,NC32KR,NC32KR,"NYLON 6,6  940/1/2 12 X 12 TPI 32EPI KR",29259
1395,NC32KR,NC32KR,NC32KR,"NYLON 6,6  940/1/2 12 X 12 TPI 32EPI KR",14141
1395,NC32KR,NC32KR,NC32KR,"NYLON 6,6  940/1/2 12 X 12 TPI 32EPI KR",23156
1395,NC32KR,NC32KR,NC32KR,"NYLON 6,6  940/1/2 12 X 12 TPI 32EPI KR",14338
1396,NC32JR,NC32JR,NC32JR,"NYLON 6,6  940/1/2 12 X 12 TPI 32EPI JR",23108
1396,NC32JR,NC32JR,NC32JR,"NYLON 6,6  940/1/2 12 X 12 TPI 32EPI JR",29258
1396,NC32JR,NC32JR,NC32JR,"NYLON 6,6  940/1/2 12 X 12 TPI 32EPI JR",14153
1396,NC32JR,NC32JR,NC32JR,"NYLON 6,6  940/1/2 12 X 12 TPI 32EPI JR",14154
1397,NC32JA,NC32JA,NC32JA,"NYLON 6,6  940/1/2 12x12 TPI 32EPI JA",118548
1397,NC32JA,NC32JA,NC32JA,"NYLON 6,6  940/1/2 12x12 TPI 32EPI JA",119037
1397,NC32JA,NC32JA,NC32JA,"NYLON 6,6  940/1/2 12x12 TPI 32EPI JA",119309
1397,NC32JA,NC32JA,NC32JA,"NYLON 6,6  940/1/2 12x12 TPI 32EPI JA",118044
1397,NC32JA,NC32JA,NC32JA,"NYLON 6,6  940/1/2 12x12 TPI 32EPI JA",143104
1397,NC32JA,NC32JA,NC32JA,"NYLON 6,6  940/1/2 12x12 TPI 32EPI JA",142730
1397,NC32JA,NC32JA,NC32JA,"NYLON 6,6  940/1/2 12x12 TPI 32EPI JA",14097
1397,NC32JA,NC32JA,NC32JA,"NYLON 6,6  940/1/2 12x12 TPI 32EPI JA",14082
1397,NC32JA,NC32JA,NC32JA,"NYLON 6,6  940/1/2 12x12 TPI 32EPI JA",14156
1397,NC32JA,NC32JA,NC32JA,"NYLON 6,6  940/1/2 12x12 TPI 32EPI JA",14155
1397,NC32JA,NC32JA,NC32JA,"NYLON 6,6  940/1/2 12x12 TPI 32EPI JA",14152
1397,NC32JA,NC32JA,NC32JA,"NYLON 6,6  940/1/2 12x12 TPI 32EPI JA",142731
1397,NC32JA,NC32JA,NC32JA,"NYLON 6,6  940/1/2 12x12 TPI 32EPI JA",19408
1398,NC30JA,NC30JA,NC30JA,"NYLON 6,6  940/1/2 12 X 12 TPI 30EPI JA",15694
1398,NC30JA,NC30JA,NC30JA,"NYLON 6,6  940/1/2 12 X 12 TPI 30EPI JA",18111
1398,NC30JA,NC30JA,NC30JA,"NYLON 6,6  940/1/2 12 X 12 TPI 30EPI JA",15759
1398,NC30JA,NC30JA,NC30JA,"NYLON 6,6  940/1/2 12 X 12 TPI 30EPI JA",25401
1400,NC28MA,NC28MA,NC28MA,"NYLON 6,6  940/1/2 12 X 12 TPI 28EPI MA",16390
1400,NC28MA,NC28MA,NC28MA,"NYLON 6,6  940/1/2 12 X 12 TPI 28EPI MA",14348
1400,NC28MA,NC28MA,NC28MA,"NYLON 6,6  940/1/2 12 X 12 TPI 28EPI MA",13687
1400,NC28MA,NC28MA,NC28MA,"NYLON 6,6  940/1/2 12 X 12 TPI 28EPI MA",21753
1401,NC27JR,NC27JR,NC27JR,"NYLON 6,6  940/1/2 12 X 12 TPI 27EPI JR",9568
1401,NC27JR,NC27JR,NC27JR,"NYLON 6,6  940/1/2 12 X 12 TPI 27EPI JR",7563
1401,NC27JR,NC27JR,NC27JR,"NYLON 6,6  940/1/2 12 X 12 TPI 27EPI JR",22337
1401,NC27JR,NC27JR,NC27JR,"NYLON 6,6  940/1/2 12 X 12 TPI 27EPI JR",28145
1403,NC27JA,NC27JA,NC27JA,"NYLON 6,6  940/1/2 12x12 TPI 27EPI JA",19135
1403,NC27JA,NC27JA,NC27JA,"NYLON 6,6  940/1/2 12x12 TPI 27EPI JA",22853
1403,NC27JA,NC27JA,NC27JA,"NYLON 6,6  940/1/2 12x12 TPI 27EPI JA",19134
1403,NC27JA,NC27JA,NC27JA,"NYLON 6,6  940/1/2 12x12 TPI 27EPI JA",60590
1403,NC27JA,NC27JA,NC27JA,"NYLON 6,6  940/1/2 12x12 TPI 27EPI JA",145691
1403,NC27JA,NC27JA,NC27JA,"NYLON 6,6  940/1/2 12x12 TPI 27EPI JA",74994
1403,NC27JA,NC27JA,NC27JA,"NYLON 6,6  940/1/2 12x12 TPI 27EPI JA",74992
1403,NC27JA,NC27JA,NC27JA,"NYLON 6,6  940/1/2 12x12 TPI 27EPI JA",66795
1403,NC27JA,NC27JA,NC27JA,"NYLON 6,6  940/1/2 12x12 TPI 27EPI JA",114559
1403,NC27JA,NC27JA,NC27JA,"NYLON 6,6  940/1/2 12x12 TPI 27EPI JA",56843
1403,NC27JA,NC27JA,NC27JA,"NYLON 6,6  940/1/2 12x12 TPI 27EPI JA",51668
1435,LF26JA,LF26JA,LF26JA,NYLON 6  1400/1/2 10 X 10 TPI 26EPI JA,18119
1435,LF26JA,LF26JA,LF26JA,NYLON 6  1400/1/2 10 X 10 TPI 26EPI JA,23132
1435,LF26JA,LF26JA,LF26JA,NYLON 6  1400/1/2 10 X 10 TPI 26EPI JA,22980
1435,LF26JA,LF26JA,LF26JA,NYLON 6  1400/1/2 10 X 10 TPI 26EPI JA,143680
1436,LF23JA,LF23JA,LF23JA,NYLON 6  1400/1/2 10 X 10 TPI 23EPI JA,16397
1436,LF23JA,LF23JA,LF23JA,NYLON 6  1400/1/2 10 X 10 TPI 23EPI JA,18117
1436,LF23JA,LF23JA,LF23JA,NYLON 6  1400/1/2 10 X 10 TPI 23EPI JA,14542
1436,LF23JA,LF23JA,LF23JA,NYLON 6  1400/1/2 10 X 10 TPI 23EPI JA,23131
1436,LF23JA,LF23JA,LF23JA,NYLON 6  1400/1/2 10 X 10 TPI 23EPI JA,22981
1445,LC33JA,LC33JA,LC33JA,NYLON 6 940/1/2 12 X 12 TPI 33EPI JA,23149
1449,LC16QA,LC16QA,LC16QA,NYLON 6  940/1/2 12 X 12 TPI 16EPI QA,18118
1449,LC16QA,LC16QA,LC16QA,NYLON 6  940/1/2 12 X 12 TPI 16EPI QA,23130
1449,LC16QA,LC16QA,LC16QA,NYLON 6  940/1/2 12 X 12 TPI 16EPI QA,48982
1488,JR18DH,JR18DH,JR18DH,"NYLON 6,6  2100/2/2 5 X 6 TPI 18EPI DH",141934
1498,JN18DH,JN18DH,JN18DH,"NYLON 6,6  2100/2/2 4 X 4 TPI 18EPI DH",28523
1499,JM20DH,JM20DH,JM20DH,"NYLON 6,6  2100/1/3 6 X 6 TPI 20EPI DH",22198
1499,JM20DH,JM20DH,JM20DH,"NYLON 6,6  2100/1/3 6 X 6 TPI 20EPI DH",22197
1499,JM20DH,JM20DH,JM20DH,"NYLON 6,6  2100/1/3 6 X 6 TPI 20EPI DH",140921
1499,JM20DH,JM20DH,JM20DH,"NYLON 6,6  2100/1/3 6 X 6 TPI 20EPI DH",140922
1499,JM20DH,JM20DH,JM20DH,"NYLON 6,6  2100/1/3 6 X 6 TPI 20EPI DH",140752
1499,JM20DH,JM20DH,JM20DH,"NYLON 6,6  2100/1/3 6 X 6 TPI 20EPI DH",100140
1500,JM16DH,JM16DH,JM16DH,"NYLON 6,6  2100/1/3 6 X 6 TPI 16EPI DH",140927
1500,JM16DH,JM16DH,JM16DH,"NYLON 6,6  2100/1/3 6 X 6 TPI 16EPI DH",100139
1500,JM16DH,JM16DH,JM16DH,"NYLON 6,6  2100/1/3 6 X 6 TPI 16EPI DH",140753
1500,JM16DH,JM16DH,JM16DH,"NYLON 6,6  2100/1/3 6 X 6 TPI 16EPI DH",22201
1519,H45,H45,H45,"1x6.0+(11+17+23+29)x2.2
",14289
1585,DC21DH,DC21DH,DC21DH,"NYLON 6,6  940/1/2 12 X 12 TPI 21EPI DH",25820
1622,G44,G44,G44,"1x5.0+(10+16+22+28)x2.0
",14288
1656,FC,FC,FC,4+3X.41 ST,4402
1656,FC,FC,FC,4+3X.41 ST,4383
1657,FB,FB,FB,3X.20+7X.23 NT,15296
1679,EP,EP,EP,7X(3+9+15X.245)+1 HT,7501
1679,EP,EP,EP,7X(3+9+15X.245)+1 HT,6901
1679,EP,EP,EP,7X(3+9+15X.245)+1 HT,643
1679,EP,EP,EP,7X(3+9+15X.245)+1 HT,65291
1679,EP,EP,EP,7X(3+9+15X.245)+1 HT,42389
1679,EP,EP,EP,7X(3+9+15X.245)+1 HT,20418
1679,EP,EP,EP,7X(3+9+15X.245)+1 HT,15148
1679,EP,EP,EP,7X(3+9+15X.245)+1 HT,13965
1679,EP,EP,EP,7X(3+9+15X.245)+1 HT,13704
1685,EM,EM,EM,4x2x.34 HE,5421
1685,EM,EM,EM,4x2x.34 HE,3841
1685,EM,EM,EM,4x2x.34 HE,120558
1685,EM,EM,EM,4x2x.34 HE,94678
1685,EM,EM,EM,4x2x.34 HE,93427
1685,EM,EM,EM,4x2x.34 HE,13954
1690,EJ,EJ,EJ,19X.22 +6X 1X.22/18X.20 +1 HT,141814
1690,EJ,EJ,EJ,19X.22 +6X 1X.22/18X.20 +1 HT,68653
1690,EJ,EJ,EJ,19X.22 +6X 1X.22/18X.20 +1 HT,64452
1690,EJ,EJ,EJ,19X.22 +6X 1X.22/18X.20 +1 HT,39033
1690,EJ,EJ,EJ,19X.22 +6X 1X.22/18X.20 +1 HT,19416
1690,EJ,EJ,EJ,19X.22 +6X 1X.22/18X.20 +1 HT,17465
1690,EJ,EJ,EJ,19X.22 +6X 1X.22/18X.20 +1 HT,17466
1690,EJ,EJ,EJ,19X.22 +6X 1X.22/18X.20 +1 HT,13931
1691,EE,EE,EE,5/8/14X.265+1ST,12381
1691,EE,EE,EE,5/8/14X.265+1ST,1243
1691,EE,EE,EE,5/8/14X.265+1ST,138912
1691,EE,EE,EE,5/8/14X.265+1ST,141642
1691,EE,EE,EE,5/8/14X.265+1ST,141722
1691,EE,EE,EE,5/8/14X.265+1ST,96898
1691,EE,EE,EE,5/8/14X.265+1ST,119809
1691,EE,EE,EE,5/8/14X.265+1ST,63029
1691,EE,EE,EE,5/8/14X.265+1ST,51146
1691,EE,EE,EE,5/8/14X.265+1ST,51111
1691,EE,EE,EE,5/8/14X.265+1ST,39329
1691,EE,EE,EE,5/8/14X.265+1ST,36210
1691,EE,EE,EE,5/8/14X.265+1ST,21188
1691,EE,EE,EE,5/8/14X.265+1ST,15079
1691,EE,EE,EE,5/8/14X.265+1ST,17719
1691,EE,EE,EE,5/8/14X.265+1ST,13974
1691,EE,EE,EE,5/8/14X.265+1ST,13955
1729,CK,CK,CK,20/3 COTTON COUNT BLEEDER CORD,142823
1752,D33,D33,D33,"1x2.5+(7+13+19)x1.8
",14287
1766,CR,CR,CR,1.83MM BEAD WIRE - REGULAR TENSILE,7902
1766,CR,CR,CR,1.83MM BEAD WIRE - REGULAR TENSILE,8522
1951,BH17MS,BH17MS,BH17MS,"NYLON 6,6 1400/1/3 8.4X8.4 TPI 17EPI MS",24264
1951,BH17MS,BH17MS,BH17MS,"NYLON 6,6 1400/1/3 8.4X8.4 TPI 17EPI MS",16394
1951,BH17MS,BH17MS,BH17MS,"NYLON 6,6 1400/1/3 8.4X8.4 TPI 17EPI MS",14336
1951,BH17MS,BH17MS,BH17MS,"NYLON 6,6 1400/1/3 8.4X8.4 TPI 17EPI MS",14139
1951,BH17MS,BH17MS,BH17MS,"NYLON 6,6 1400/1/3 8.4X8.4 TPI 17EPI MS",50225
1974,AT30YF,AT30YF,AT30YF,ARAMID  1100/1/2 16 X 16 TPI 30EPI YF,62298
1974,AT30YF,AT30YF,AT30YF,ARAMID  1100/1/2 16 X 16 TPI 30EPI YF,20023
1974,AT30YF,AT30YF,AT30YF,ARAMID  1100/1/2 16 X 16 TPI 30EPI YF,20066
1974,AT30YF,AT30YF,AT30YF,ARAMID  1100/1/2 16 X 16 TPI 30EPI YF,21035
1974,AT30YF,AT30YF,AT30YF,ARAMID  1100/1/2 16 X 16 TPI 30EPI YF,62297
2004,CA28YF,CA28YF,CA28YF,"MERGED CORD  1100 DTEX ARAMID / 940 DTEX NYLON 6,6 28 EPI YF",19406
2026,AE20YH,AE20YH,AE20YH,ARAMID  1670/1/3 6.9 X 6.9 TPI 20EPI YH,23043
2026,AE20YH,AE20YH,AE20YH,ARAMID  1670/1/3 6.9 X 6.9 TPI 20EPI YH,28522
2028,AE16YH,AE16YH,AE16YH,ARAMID  1670/1/3 6.9 X 6.9 TPI 16EPI YH,23012
2029,AE16YA,AE16YA,AE16YA,ARAMID  1670/1/3 6.9 X 6.9 TPI 16EPI YA,20022
2048,539Q,539Q,539Q,1100 DECITEX AA-HMLS POLYESTER,4721
2049,149N,149N,149N,"2100 DECITEX NYLON 6,6",13943
2049,149N,149N,149N,"2100 DECITEX NYLON 6,6",15863
2050,119N,119N,119N,"940 DECITEX NYLON 6,6",11521
2050,119N,119N,119N,"940 DECITEX NYLON 6,6",9101
2050,119N,119N,119N,"940 DECITEX NYLON 6,6",7365
2050,119N,119N,119N,"940 DECITEX NYLON 6,6",19022
2122,RY28SL,RY28SL,RY28SL,Rayon 1840/1/2 10.4/10.4 TPI 28 EPI SL,44069
2122,RY28SL,RY28SL,RY28SL,Rayon 1840/1/2 10.4/10.4 TPI 28 EPI SL,544
2122,RY28SL,RY28SL,RY28SL,Rayon 1840/1/2 10.4/10.4 TPI 28 EPI SL,13172
2122,RY28SL,RY28SL,RY28SL,Rayon 1840/1/2 10.4/10.4 TPI 28 EPI SL,13593
2122,RY28SL,RY28SL,RY28SL,Rayon 1840/1/2 10.4/10.4 TPI 28 EPI SL,14277
2122,RY28SL,RY28SL,RY28SL,Rayon 1840/1/2 10.4/10.4 TPI 28 EPI SL,14527
2122,RY28SL,RY28SL,RY28SL,Rayon 1840/1/2 10.4/10.4 TPI 28 EPI SL,18811
2122,RY28SL,RY28SL,RY28SL,Rayon 1840/1/2 10.4/10.4 TPI 28 EPI SL,18088
2122,RY28SL,RY28SL,RY28SL,Rayon 1840/1/2 10.4/10.4 TPI 28 EPI SL,20202
2122,RY28SL,RY28SL,RY28SL,Rayon 1840/1/2 10.4/10.4 TPI 28 EPI SL,20199
2122,RY28SL,RY28SL,RY28SL,Rayon 1840/1/2 10.4/10.4 TPI 28 EPI SL,20200
2122,RY28SL,RY28SL,RY28SL,Rayon 1840/1/2 10.4/10.4 TPI 28 EPI SL,20201
2122,RY28SL,RY28SL,RY28SL,Rayon 1840/1/2 10.4/10.4 TPI 28 EPI SL,19394
2122,RY28SL,RY28SL,RY28SL,Rayon 1840/1/2 10.4/10.4 TPI 28 EPI SL,20059
2122,RY28SL,RY28SL,RY28SL,Rayon 1840/1/2 10.4/10.4 TPI 28 EPI SL,20058
2221,QM26PF,QM26PF,QM26PF,"HMLS PET, 2200/1/2, 8.5x8.5 TPI, 26 EPI, PF",1221
2241,FN,FN,FN,4+3x.35 UT,13672
2241,FN,FN,FN,4+3x.35 UT,13225
2241,FN,FN,FN,4+3x.35 UT,13055
2241,FN,FN,FN,4+3x.35 UT,13180
2241,FN,FN,FN,4+3x.35 UT,13025
2241,FN,FN,FN,4+3x.35 UT,12642
2241,FN,FN,FN,4+3x.35 UT,11327
2241,FN,FN,FN,4+3x.35 UT,9310
2241,FN,FN,FN,4+3x.35 UT,7641
2241,FN,FN,FN,4+3x.35 UT,9322
2241,FN,FN,FN,4+3x.35 UT,7402
2241,FN,FN,FN,4+3x.35 UT,5342
2241,FN,FN,FN,4+3x.35 UT,5422
2241,FN,FN,FN,4+3x.35 UT,5343
2241,FN,FN,FN,4+3x.35 UT,5423
2241,FN,FN,FN,4+3x.35 UT,5341
2241,FN,FN,FN,4+3x.35 UT,3221
2241,FN,FN,FN,4+3x.35 UT,1223
2241,FN,FN,FN,4+3x.35 UT,143033
2241,FN,FN,FN,4+3x.35 UT,145100
2241,FN,FN,FN,4+3x.35 UT,145847
2241,FN,FN,FN,4+3x.35 UT,140261
2241,FN,FN,FN,4+3x.35 UT,138066
2241,FN,FN,FN,4+3x.35 UT,141692
2241,FN,FN,FN,4+3x.35 UT,141615
2241,FN,FN,FN,4+3x.35 UT,139038
2241,FN,FN,FN,4+3x.35 UT,138786
2241,FN,FN,FN,4+3x.35 UT,133925
2241,FN,FN,FN,4+3x.35 UT,94420
2241,FN,FN,FN,4+3x.35 UT,96899
2241,FN,FN,FN,4+3x.35 UT,129613
2241,FN,FN,FN,4+3x.35 UT,131464
2241,FN,FN,FN,4+3x.35 UT,78180
2241,FN,FN,FN,4+3x.35 UT,126032
2241,FN,FN,FN,4+3x.35 UT,126033
2241,FN,FN,FN,4+3x.35 UT,120435
2241,FN,FN,FN,4+3x.35 UT,101898
2241,FN,FN,FN,4+3x.35 UT,32091
2241,FN,FN,FN,4+3x.35 UT,51953
2241,FN,FN,FN,4+3x.35 UT,37064
2241,FN,FN,FN,4+3x.35 UT,32092
2241,FN,FN,FN,4+3x.35 UT,33446
2241,FN,FN,FN,4+3x.35 UT,51323
2241,FN,FN,FN,4+3x.35 UT,20399
2241,FN,FN,FN,4+3x.35 UT,20271
2241,FN,FN,FN,4+3x.35 UT,24147
2241,FN,FN,FN,4+3x.35 UT,24327
2241,FN,FN,FN,4+3x.35 UT,20331
2241,FN,FN,FN,4+3x.35 UT,24150
2241,FN,FN,FN,4+3x.35 UT,20400
2241,FN,FN,FN,4+3x.35 UT,22529
2241,FN,FN,FN,4+3x.35 UT,19567
2241,FN,FN,FN,4+3x.35 UT,20095
2241,FN,FN,FN,4+3x.35 UT,24148
2241,FN,FN,FN,4+3x.35 UT,20258
2241,FN,FN,FN,4+3x.35 UT,18351
2241,FN,FN,FN,4+3x.35 UT,15302
2241,FN,FN,FN,4+3x.35 UT,15829
2241,FN,FN,FN,4+3x.35 UT,15297
2241,FN,FN,FN,4+3x.35 UT,15493
2241,FN,FN,FN,4+3x.35 UT,14267
2241,FN,FN,FN,4+3x.35 UT,13959
2241,FN,FN,FN,4+3x.35 UT,13925
2242,FP,FP,FP,1x.21/18x.185 UT,13054
2242,FP,FP,FP,1x.21/18x.185 UT,144959
2242,FP,FP,FP,1x.21/18x.185 UT,13962
2242,FP,FP,FP,1x.21/18x.185 UT,15628
2242,FP,FP,FP,1x.21/18x.185 UT,14925
2242,FP,FP,FP,1x.21/18x.185 UT,18042
2242,FP,FP,FP,1x.21/18x.185 UT,14910
2242,FP,FP,FP,1x.21/18x.185 UT,25194
2242,FP,FP,FP,1x.21/18x.185 UT,22401
2242,FP,FP,FP,1x.21/18x.185 UT,120436
2242,FP,FP,FP,1x.21/18x.185 UT,13021
2242,FP,FP,FP,1x.21/18x.185 UT,9311
2242,FP,FP,FP,1x.21/18x.185 UT,5222
2242,FP,FP,FP,1x.21/18x.185 UT,1224
2242,FP,FP,FP,1x.21/18x.185 UT,138065
2242,FP,FP,FP,1x.21/18x.185 UT,13961
2242,FP,FP,FP,1x.21/18x.185 UT,81729
2242,FP,FP,FP,1x.21/18x.185 UT,93671
2261,QV28,QV28,QV28,AA HMLS POLYESTER 1670/1/2 8.5x8.5 TPI 28EPI,1263
2261,QV28,QV28,QV28,AA HMLS POLYESTER 1670/1/2 8.5x8.5 TPI 28EPI,19315
2261,QV28,QV28,QV28,AA HMLS POLYESTER 1670/1/2 8.5x8.5 TPI 28EPI,19314
2341,QZ20YF,QZ20YF,QZ20YF,"HMLS POLYESTER, 1440/1/3, 4.5/4.5 TPI, 20 EPI, YF",126383
2341,QZ20YF,QZ20YF,QZ20YF,"HMLS POLYESTER, 1440/1/3, 4.5/4.5 TPI, 20 EPI, YF",131287
2341,QZ20YF,QZ20YF,QZ20YF,"HMLS POLYESTER, 1440/1/3, 4.5/4.5 TPI, 20 EPI, YF",20024
2343,ANY3YA,ANY3YA,ANY3YA,"ARAMID, 1670/2, 8.9x8.9 TPI, 20.3 EPI, YA",56782
2343,ANY3YA,ANY3YA,ANY3YA,"ARAMID, 1670/2, 8.9x8.9 TPI, 20.3 EPI, YA",73665
2343,ANY3YA,ANY3YA,ANY3YA,"ARAMID, 1670/2, 8.9x8.9 TPI, 20.3 EPI, YA",72572
2343,ANY3YA,ANY3YA,ANY3YA,"ARAMID, 1670/2, 8.9x8.9 TPI, 20.3 EPI, YA",57065
2343,ANY3YA,ANY3YA,ANY3YA,"ARAMID, 1670/2, 8.9x8.9 TPI, 20.3 EPI, YA",56841
2343,ANY3YA,ANY3YA,ANY3YA,"ARAMID, 1670/2, 8.9x8.9 TPI, 20.3 EPI, YA",117390
2343,ANY3YA,ANY3YA,ANY3YA,"ARAMID, 1670/2, 8.9x8.9 TPI, 20.3 EPI, YA",73960
2343,ANY3YA,ANY3YA,ANY3YA,"ARAMID, 1670/2, 8.9x8.9 TPI, 20.3 EPI, YA",14371
2343,ANY3YA,ANY3YA,ANY3YA,"ARAMID, 1670/2, 8.9x8.9 TPI, 20.3 EPI, YA",25062
2361,K31T,K31T,K31T,2200 Decitex HMLS Polyester,6823
2361,K31T,K31T,K31T,2200 Decitex HMLS Polyester,6824
2366,NF18,NF18,NF18,"Nylon 6,6 1400/1/2 10x10 TPI 18EPI",15465
2366,NF18,NF18,NF18,"Nylon 6,6 1400/1/2 10x10 TPI 18EPI",15471
2367,NC30,NC30,NC30,"Nylon 6,6 1400/1/2 10x10 TPI 30EPI",15475
2368,NF30,NF30,NF30,"Nylon 6,6 1400/1/2 10x10 TPI 30EPI",15473
2368,NF30,NF30,NF30,"Nylon 6,6 1400/1/2 10x10 TPI 30EPI",15467
2369,ZB14SA,ZB14SA,ZB14SA,Carbon Fiber 8000/1 0x1.5 TPI 14 EPI SA,29866
2369,ZB14SA,ZB14SA,ZB14SA,Carbon Fiber 8000/1 0x1.5 TPI 14 EPI SA,44872
2369,ZB14SA,ZB14SA,ZB14SA,Carbon Fiber 8000/1 0x1.5 TPI 14 EPI SA,44828
2369,ZB14SA,ZB14SA,ZB14SA,Carbon Fiber 8000/1 0x1.5 TPI 14 EPI SA,14147
2369,ZB14SA,ZB14SA,ZB14SA,Carbon Fiber 8000/1 0x1.5 TPI 14 EPI SA,44829
2369,ZB14SA,ZB14SA,ZB14SA,Carbon Fiber 8000/1 0x1.5 TPI 14 EPI SA,44871
2401,RY28SH,RY28SH,RY28SH,"Rayon 1840/1/2 10.4/10.4tpi, 28 EPI, SH",15386
2402,RY28SB,RY28SB,RY28SB,"1840/2, 10.4 x 10.4 TPI, 28 EPI, SB",2276
2421,TM26HF,TM26HF,TM26HF,HMLS POLYESTER 2200/1/2 8.5X8.5 TPI 26EPI HF,50379
2421,TM26HF,TM26HF,TM26HF,HMLS POLYESTER 2200/1/2 8.5X8.5 TPI 26EPI HF,50378
2421,TM26HF,TM26HF,TM26HF,HMLS POLYESTER 2200/1/2 8.5X8.5 TPI 26EPI HF,50380
2421,TM26HF,TM26HF,TM26HF,HMLS POLYESTER 2200/1/2 8.5X8.5 TPI 26EPI HF,27122
2421,TM26HF,TM26HF,TM26HF,HMLS POLYESTER 2200/1/2 8.5X8.5 TPI 26EPI HF,50649
2421,TM26HF,TM26HF,TM26HF,HMLS POLYESTER 2200/1/2 8.5X8.5 TPI 26EPI HF,29915
2421,TM26HF,TM26HF,TM26HF,HMLS POLYESTER 2200/1/2 8.5X8.5 TPI 26EPI HF,25059
2421,TM26HF,TM26HF,TM26HF,HMLS POLYESTER 2200/1/2 8.5X8.5 TPI 26EPI HF,13997
2461,Z08J,Z08J,Z08J,"2100 DECITEX (1890 denier)NYLON 6,6
",59143
2501,QJ28RA,QJ28RA,QJ28RA,AA HMLS POLYESTER 1100/1/2 11.5 X 11.5 TPI 28EPI RA,4961
2521,UK,UK,UK,2+2x.35 ST,18039
2521,UK,UK,UK,2+2x.35 ST,13921
2521,UK,UK,UK,2+2x.35 ST,15292
2521,UK,UK,UK,2+2x.35 ST,18037
2521,UK,UK,UK,2+2x.35 ST,15626
2521,UK,UK,UK,2+2x.35 ST,20411
2521,UK,UK,UK,2+2x.35 ST,11842
2521,UK,UK,UK,2+2x.35 ST,12121
2521,UK,UK,UK,2+2x.35 ST,12504
2521,UK,UK,UK,2+2x.35 ST,143711
2521,UK,UK,UK,2+2x.35 ST,143460
2521,UK,UK,UK,2+2x.35 ST,138848
2521,UK,UK,UK,2+2x.35 ST,138850
2521,UK,UK,UK,2+2x.35 ST,138851
2521,UK,UK,UK,2+2x.35 ST,143302
2521,UK,UK,UK,2+2x.35 ST,141801
2521,UK,UK,UK,2+2x.35 ST,143420
2521,UK,UK,UK,2+2x.35 ST,143421
2521,UK,UK,UK,2+2x.35 ST,143329
2521,UK,UK,UK,2+2x.35 ST,139105
2521,UK,UK,UK,2+2x.35 ST,132283
2521,UK,UK,UK,2+2x.35 ST,106937
2521,UK,UK,UK,2+2x.35 ST,89248
2521,UK,UK,UK,2+2x.35 ST,126262
2521,UK,UK,UK,2+2x.35 ST,88362
2521,UK,UK,UK,2+2x.35 ST,104931
2521,UK,UK,UK,2+2x.35 ST,132216
2521,UK,UK,UK,2+2x.35 ST,115471
2521,UK,UK,UK,2+2x.35 ST,123431
2521,UK,UK,UK,2+2x.35 ST,93795
2521,UK,UK,UK,2+2x.35 ST,44464
2521,UK,UK,UK,2+2x.35 ST,64954
2521,UK,UK,UK,2+2x.35 ST,50804
2521,UK,UK,UK,2+2x.35 ST,31944
2521,UK,UK,UK,2+2x.35 ST,40243
2521,UK,UK,UK,2+2x.35 ST,33251
2521,UK,UK,UK,2+2x.35 ST,59717
2521,UK,UK,UK,2+2x.35 ST,40147
2521,UK,UK,UK,2+2x.35 ST,40001
2521,UK,UK,UK,2+2x.35 ST,24594
2521,UK,UK,UK,2+2x.35 ST,23867
2521,UK,UK,UK,2+2x.35 ST,20416
2521,UK,UK,UK,2+2x.35 ST,20414
2522,WM,WM,WM,7X19X20+1X15HT,13966
2522,WM,WM,WM,7X19X20+1X15HT,13219
2541,KARENTEST1,KARENTEST1,KARENTEST1,test spec,531
2682,QV28PF,QV28PF,QV28PF,AA HMLS POLYESTER 1670/1/2 8.5x8.5 TPI 28EPI PF,4969
2841,FM,FM,FM,3x.22/9x.20+1 ST,5221
2901,N4,N4,N4,"Nominal 235/470 dtex  Nylon 6,6 bead tape",13509
2921,AN20.3YA,AN20.3YA,AN20.3YA,tba,7721
3282,LH26JA,LH26JA,LH26JA,NYLON 6  1400/1/3 8 X 8 TPI 26EPI JA,24602
3284,TV28HA,TV28HA,TV28HA,"HMLS POLYESTER 1670/1/2 8.5X8.5TPI, 28EPI HA",16273
3301,NC16UA,NC16UA,NC16UA,"NYLON 6,6 940/1/2 12x12 TPI 16 EPI UA",19321
3361,FQ,FQ,FQ,3+2x.35 UT,142685
3361,FQ,FQ,FQ,3+2x.35 UT,142217
3361,FQ,FQ,FQ,3+2x.35 UT,9441
3361,FQ,FQ,FQ,3+2x.35 UT,9442
3361,FQ,FQ,FQ,3+2x.35 UT,9443
3361,FQ,FQ,FQ,3+2x.35 UT,11328
3361,FQ,FQ,FQ,3+2x.35 UT,10243
3361,FQ,FQ,FQ,3+2x.35 UT,13958
3361,FQ,FQ,FQ,3+2x.35 UT,12641
3361,FQ,FQ,FQ,3+2x.35 UT,13031
3361,FQ,FQ,FQ,3+2x.35 UT,13057
3361,FQ,FQ,FQ,3+2x.35 UT,13226
3361,FQ,FQ,FQ,3+2x.35 UT,13747
3361,FQ,FQ,FQ,3+2x.35 UT,13770
3361,FQ,FQ,FQ,3+2x.35 UT,14111
3361,FQ,FQ,FQ,3+2x.35 UT,13957
3361,FQ,FQ,FQ,3+2x.35 UT,14208
3361,FQ,FQ,FQ,3+2x.35 UT,15303
3361,FQ,FQ,FQ,3+2x.35 UT,15630
3361,FQ,FQ,FQ,3+2x.35 UT,21416
3361,FQ,FQ,FQ,3+2x.35 UT,18545
3361,FQ,FQ,FQ,3+2x.35 UT,18354
3361,FQ,FQ,FQ,3+2x.35 UT,20402
3361,FQ,FQ,FQ,3+2x.35 UT,20403
3361,FQ,FQ,FQ,3+2x.35 UT,23647
3361,FQ,FQ,FQ,3+2x.35 UT,20401
3361,FQ,FQ,FQ,3+2x.35 UT,49083
3361,FQ,FQ,FQ,3+2x.35 UT,42752
3361,FQ,FQ,FQ,3+2x.35 UT,51324
3361,FQ,FQ,FQ,3+2x.35 UT,114907
3361,FQ,FQ,FQ,3+2x.35 UT,128379
3361,FQ,FQ,FQ,3+2x.35 UT,127802
3361,FQ,FQ,FQ,3+2x.35 UT,109029
3361,FQ,FQ,FQ,3+2x.35 UT,143927
3361,FQ,FQ,FQ,3+2x.35 UT,137790
3361,FQ,FQ,FQ,3+2x.35 UT,137792
3361,FQ,FQ,FQ,3+2x.35 UT,142469
3361,FQ,FQ,FQ,3+2x.35 UT,144340
3362,FR,FR,FR,3x.21/9x.185 UT,142185
3362,FR,FR,FR,3x.21/9x.185 UT,137982
3362,FR,FR,FR,3x.21/9x.185 UT,13538
3362,FR,FR,FR,3x.21/9x.185 UT,81727
3362,FR,FR,FR,3x.21/9x.185 UT,89249
3362,FR,FR,FR,3x.21/9x.185 UT,88361
3362,FR,FR,FR,3x.21/9x.185 UT,13922
3362,FR,FR,FR,3x.21/9x.185 UT,13022
3362,FR,FR,FR,3x.21/9x.185 UT,13023
3362,FR,FR,FR,3x.21/9x.185 UT,13265
3362,FR,FR,FR,3x.21/9x.185 UT,13258
3362,FR,FR,FR,3x.21/9x.185 UT,14909
3362,FR,FR,FR,3x.21/9x.185 UT,13960
3362,FR,FR,FR,3x.21/9x.185 UT,14207
3362,FR,FR,FR,3x.21/9x.185 UT,15464
3362,FR,FR,FR,3x.21/9x.185 UT,15494
3362,FR,FR,FR,3x.21/9x.185 UT,15490
3362,FR,FR,FR,3x.21/9x.185 UT,23894
3362,FR,FR,FR,3x.21/9x.185 UT,21414
3362,FR,FR,FR,3x.21/9x.185 UT,51145
3362,FR,FR,FR,3x.21/9x.185 UT,37063
3362,FR,FR,FR,3x.21/9x.185 UT,35228
3362,FR,FR,FR,3x.21/9x.185 UT,42451
3521,S04T,S04T,S04T,"1100 DECITEX (990 DENIER) HMLS POLYESTER
	",31
3521,S04T,S04T,S04T,"1100 DECITEX (990 DENIER) HMLS POLYESTER
	",32
3541,S06T,S06T,S06T,2200 DECITEX HMLS POLYESTER,33
3541,S06T,S06T,S06T,2200 DECITEX HMLS POLYESTER,80264
3542,S01Q,S01Q,S01Q,1100 DECITEX AA HMLS POLYESTER,605
3561,S02T,S02T,S02T,1670 DECITEX HMLS POLYESTER,21
3681,F06Q,F06Q,F06Q,1100 DECITEX AA-HMLS POLYESTER,4041
3901,RN25SB,RN25SB,RN25SB,"RAYON, 1840/1/3, 9.1x9.1 TPI, 25 EPI SB",4681
4161,K32T,K32T,K32T,1440 Decitex (1300 Denier) HMLS PET Yarn - HSP-40 from Hyosung Ulsan,3103
4261,NC01KA,NC01KA,NC01KA,"NC SED, QA LASE spec",5122
4281,U02NA,U02NA,U02NA,"470/1 DECITEX NYLON 6,6 WOVEN 24X24",20757
4281,U02NA,U02NA,U02NA,"470/1 DECITEX NYLON 6,6 WOVEN 24X24",29448
4281,U02NA,U02NA,U02NA,"470/1 DECITEX NYLON 6,6 WOVEN 24X24",13076
4521,I47LN,I47LN,I47LN,1100/1 DECITEX NYLON 6 WOVEN 14X14,12421
4521,I47LN,I47LN,I47LN,1100/1 DECITEX NYLON 6 WOVEN 14X14,13295
4521,I47LN,I47LN,I47LN,1100/1 DECITEX NYLON 6 WOVEN 14X14,13294
4521,I47LN,I47LN,I47LN,1100/1 DECITEX NYLON 6 WOVEN 14X14,13296
4521,I47LN,I47LN,I47LN,1100/1 DECITEX NYLON 6 WOVEN 14X14,13297
4541,NC35,NC35,NC35,"NYLON 6,6 940/2 12X12 TPI, 35 EPI",15469
4562,ANY3SH,ANY3SH,ANY3SH,ARAMID K952/080 - 1670x2dtex - 80epd - 350/350tpm ex Du Pont/Textilcord,13282
4562,ANY3SH,ANY3SH,ANY3SH,ARAMID K952/080 - 1670x2dtex - 80epd - 350/350tpm ex Du Pont/Textilcord,134936
4562,ANY3SH,ANY3SH,ANY3SH,ARAMID K952/080 - 1670x2dtex - 80epd - 350/350tpm ex Du Pont/Textilcord,133290
4562,ANY3SH,ANY3SH,ANY3SH,ARAMID K952/080 - 1670x2dtex - 80epd - 350/350tpm ex Du Pont/Textilcord,19320
4562,ANY3SH,ANY3SH,ANY3SH,ARAMID K952/080 - 1670x2dtex - 80epd - 350/350tpm ex Du Pont/Textilcord,18342
4562,ANY3SH,ANY3SH,ANY3SH,ARAMID K952/080 - 1670x2dtex - 80epd - 350/350tpm ex Du Pont/Textilcord,25085
4562,ANY3SH,ANY3SH,ANY3SH,ARAMID K952/080 - 1670x2dtex - 80epd - 350/350tpm ex Du Pont/Textilcord,19319
4701,FF,FF,FF,3x3x.170 NT,13268
4741,B44LB,B44LB,B44LB,nylon6 monofilament chafer,10466
4841,Q10RY28SH/A,Q10RY28SH/A,Q10RY28SH/A,"1840/2, 10.4 x 10.4 TPI, 28 EPI, SH",2561
4861,AT30YR,AT30YR,AT30YR,"ARAMID, 1100/2, 16x16 TPI, EPI, YR",21456
4861,AT30YR,AT30YR,AT30YR,"ARAMID, 1100/2, 16x16 TPI, EPI, YR",140045
4861,AT30YR,AT30YR,AT30YR,"ARAMID, 1100/2, 16x16 TPI, EPI, YR",37725
4861,AT30YR,AT30YR,AT30YR,"ARAMID, 1100/2, 16x16 TPI, EPI, YR",28141
4861,AT30YR,AT30YR,AT30YR,"ARAMID, 1100/2, 16x16 TPI, EPI, YR",125261
4861,AT30YR,AT30YR,AT30YR,"ARAMID, 1100/2, 16x16 TPI, EPI, YR",128396
4861,AT30YR,AT30YR,AT30YR,"ARAMID, 1100/2, 16x16 TPI, EPI, YR",143404
4881,S01QC28PF,S01QC28PF,S01QC28PF,AA HMLS POLYESTER 1100/1/2 12X12 TPI 28EPI PF,1202
4981,V05T,V05T,V05T,1440 DECITEX (1300 DENIER) NAA-HMLS POLYESTER,4701
5021,L17A,L17A,L17A,"ARAMID 1100 dtex, type 1025 (super endurance)",3081
5321,AW01SL,AW01SL,AW01SL,"Aramid,1680/1/3",13833
5601,FS,FS,FS,3x3x.170 NT HLLE,13669
5601,FS,FS,FS,3x3x.170 NT HLLE,43232
5601,FS,FS,FS,3x3x.170 NT HLLE,143756
5601,FS,FS,FS,3x3x.170 NT HLLE,12984
5642,245JH,245JH,245JH,0.89MM BEAD WIRE - HIGH TENSILE,4403
5681,C17G,C17G,C17G,Fiberglass 3300 Decitex,15361
5681,C17G,C17G,C17G,Fiberglass 3300 Decitex,14755
5821,1.80 MM,1.80 MM,1.80 MM,CABLE BEAD WIRE,13986
5821,1.80 MM,1.80 MM,1.80 MM,CABLE BEAD WIRE,13968
5821,1.80 MM,1.80 MM,1.80 MM,CABLE BEAD WIRE,13987
5823,2.20 MM,2.20 MM,2.20 MM,CABLE BEAD WIRE,13988
5881,F301FN,F301FN,F301FN,4+3x.35 UT,5424
6021,AP30YR,AP30YR,AP30YR,"ARAMID, 1100/2, 9x9 TPI, 30 EPI, YR",24061
6021,AP30YR,AP30YR,AP30YR,"ARAMID, 1100/2, 9x9 TPI, 30 EPI, YR",126255
6021,AP30YR,AP30YR,AP30YR,"ARAMID, 1100/2, 9x9 TPI, 30 EPI, YR",37727
6021,AP30YR,AP30YR,AP30YR,"ARAMID, 1100/2, 9x9 TPI, 30 EPI, YR",28140
6103,NZI1SH,NZI1SH,NZI1SH,"NYLON 6,6 940/2 12.2x12.2 TPI  26.1 EPI SH",22558
6104,RXF7SG,RXF7SG,RXF7SG,"Rayon 1840/2, 10.7x10.7 TPI, 27.7 EPI, SG",126463
6107,BS26SG,BS26SG,BS26SG,"NYLON 6,6 1400/2 - 9.3x9.1 TPI, 26 EPI, SG",140772
6161,U09TM26HF/B,U09TM26HF/B,U09TM26HF/B,HMLS POLYESTER 2200/1/2 8.5X8.5 TPI 26EPI HF,2622
6242,Z04TC28HF,Z04TC28HF,Z04TC28HF,HMLS POLYESTER  1100/1/2 12 X 12 TPI 28EPI HF,10621
6261,RFFP,RFFP,RFFP,1x.21/18x.185 UT,10785
6321,246CH,246CH,246CH,1.83MM BEAD WIRE - HIGH TENSILE,13026
6521,S01N,S01N,S01N,"940 DECITEX NYLON 6,6",128575
6521,S01N,S01N,S01N,"940 DECITEX NYLON 6,6",11522
6561,P101FP,P101FP,P101FP,1x.21/18x.185 UT,7401
6621,AE20LR,AE20LR,AE20LR,"ARAMID, 1670/3, 6.9x6.9 SED fabric 20epi",143402
6621,AE20LR,AE20LR,AE20LR,"ARAMID, 1670/3, 6.9x6.9 SED fabric 20epi",9662
6621,AE20LR,AE20LR,AE20LR,"ARAMID, 1670/3, 6.9x6.9 SED fabric 20epi",15209
6621,AE20LR,AE20LR,AE20LR,"ARAMID, 1670/3, 6.9x6.9 SED fabric 20epi",15211
6621,AE20LR,AE20LR,AE20LR,"ARAMID, 1670/3, 6.9x6.9 SED fabric 20epi",28139
6621,AE20LR,AE20LR,AE20LR,"ARAMID, 1670/3, 6.9x6.9 SED fabric 20epi",125262
6621,AE20LR,AE20LR,AE20LR,"ARAMID, 1670/3, 6.9x6.9 SED fabric 20epi",15640
6621,AE20LR,AE20LR,AE20LR,"ARAMID, 1670/3, 6.9x6.9 SED fabric 20epi",21455
6621,AE20LR,AE20LR,AE20LR,"ARAMID, 1670/3, 6.9x6.9 SED fabric 20epi",42982
6621,AE20LR,AE20LR,AE20LR,"ARAMID, 1670/3, 6.9x6.9 SED fabric 20epi",50921
6621,AE20LR,AE20LR,AE20LR,"ARAMID, 1670/3, 6.9x6.9 SED fabric 20epi",43850
6701,CE01WA,CE01WA,CE01WA,1000d aramid/1260d nylon merged cord (code CE),5788
6702,NC01QA,NC01QA,NC01QA,NCxxQA SED cord,5961
6721,S04Q,S04Q,S04Q,1670 DECITEX AA-HMLS POLYESTER,606
6781,DFGFDG,DFGFDG,DFGFDG,Dipped fabric,14561
6841,Z102WP,Z102WP,Z102WP,2+2X.25 NT,14266
6841,Z102WP,Z102WP,Z102WP,2+2X.25 NT,14979
6881,TY26HF,TY26HF,TY26HF,"V00024: 1670/1/2 Non-AA HMLS PET, 10x10 tpi, 26 epi, HF - 4300C Adhesive System",15861
6881,TY26HF,TY26HF,TY26HF,"V00024: 1670/1/2 Non-AA HMLS PET, 10x10 tpi, 26 epi, HF - 4300C Adhesive System",7230
6881,TY26HF,TY26HF,TY26HF,"V00024: 1670/1/2 Non-AA HMLS PET, 10x10 tpi, 26 epi, HF - 4300C Adhesive System",14613
6981,145JH,145JH,145JH,0.89MM BEAD WIRE - HIGH TENSILE,13584
7141,TQ20HA,TQ20HA,TQ20HA,"V00026: 1440/1/3 Non-AA HMLS PET, 8.5x8.5 tpi, 20 epi, HA - 4300C Adhesive System",44831
7141,TQ20HA,TQ20HA,TQ20HA,"V00026: 1440/1/3 Non-AA HMLS PET, 8.5x8.5 tpi, 20 epi, HA - 4300C Adhesive System",15842
7141,TQ20HA,TQ20HA,TQ20HA,"V00026: 1440/1/3 Non-AA HMLS PET, 8.5x8.5 tpi, 20 epi, HA - 4300C Adhesive System",44874
7141,TQ20HA,TQ20HA,TQ20HA,"V00026: 1440/1/3 Non-AA HMLS PET, 8.5x8.5 tpi, 20 epi, HA - 4300C Adhesive System",141195
7141,TQ20HA,TQ20HA,TQ20HA,"V00026: 1440/1/3 Non-AA HMLS PET, 8.5x8.5 tpi, 20 epi, HA - 4300C Adhesive System",7233
7201,715G,715G,715G,3300 Decitex Fiberglass,22237
7201,715G,715G,715G,3300 Decitex Fiberglass,13825
7301,091JH,091JH,091JH,0.89MM BEAD WIRE - HIGH TENSILE,7901
7361,E09A,E09A,E09A,ARAMID 1670 dtex,3421
7401,NF26TR,NF26TR,NF26TR,"NF26TR Rev: 0 Nylon 6,6 1400/2 10x10 TPI 26 EPI TR",29260
7401,NF26TR,NF26TR,NF26TR,"NF26TR Rev: 0 Nylon 6,6 1400/2 10x10 TPI 26 EPI TR",14990
7421,AD24YR,AD24YR,AD24YR,AD24YR Rev: 0 Aramid 1670/2 8.4x8.4 TPI 24 EPI YR,13008
7421,AD24YR,AD24YR,AD24YR,AD24YR Rev: 0 Aramid 1670/2 8.4x8.4 TPI 24 EPI YR,143400
7421,AD24YR,AD24YR,AD24YR,AD24YR Rev: 0 Aramid 1670/2 8.4x8.4 TPI 24 EPI YR,138214
7421,AD24YR,AD24YR,AD24YR,AD24YR Rev: 0 Aramid 1670/2 8.4x8.4 TPI 24 EPI YR,125260
7421,AD24YR,AD24YR,AD24YR,AD24YR Rev: 0 Aramid 1670/2 8.4x8.4 TPI 24 EPI YR,28137
7421,AD24YR,AD24YR,AD24YR,AD24YR Rev: 0 Aramid 1670/2 8.4x8.4 TPI 24 EPI YR,37726
7421,AD24YR,AD24YR,AD24YR,AD24YR Rev: 0 Aramid 1670/2 8.4x8.4 TPI 24 EPI YR,21336
7501,AH01SO,AH01SO,AH01SO,ARAMID SED CORD - 1100x2dtex - 550/550tpm ex Teijin Aramid/Teijin Aramid,66723
7501,AH01SO,AH01SO,AH01SO,ARAMID SED CORD - 1100x2dtex - 550/550tpm ex Teijin Aramid/Teijin Aramid,62494
7781,TC22HA,TC22HA,TC22HA,"V00023:
1100/1/2 Non-AA HMLS PET, 12x12 tpi, 22, epi, HA - 4300C Adhesive System",7225
7881,I16L,I16L,I16L,1400 DECITEX NYLON 6,1581
7941,TC24HF,TC24HF,TC24HF,HMLS POLYESTER 1100/1/2 11.5X11.5 TPI 24EPI VF,14374
8121,AE01FA,AE01FA,AE01FA,"1670/3 Aramid SED Cord, 6.9/6.9 twist,",12422
8121,AE01FA,AE01FA,AE01FA,"1670/3 Aramid SED Cord, 6.9/6.9 twist,",16235
8121,AE01FA,AE01FA,AE01FA,"1670/3 Aramid SED Cord, 6.9/6.9 twist,",27992
8121,AE01FA,AE01FA,AE01FA,"1670/3 Aramid SED Cord, 6.9/6.9 twist,",27991
8621,Q09R,Q09R,Q09R,Rayon 1220 dtex,3464
8721,K34P,K34P,K34P,2200dtex non-AA HMULS Polyester,20759
8821,U05L,U05L,U05L,2100dtex nylon6 yarn (see SIS for complete spec),7223
9101,AB18YF,AB18YF,AB18YF,ARAMID 1670/1/2 12X12 TPI 18EPI NA (ARAMID UTICA PROCESS),14165
9121,L01ANY3YA,L01ANY3YA,L01ANY3YA,"ARAMID, 1670/2, 8.9x8.9 TPI, 20.3 EPI, YA",2401
9201,C101UN,C101UN,C101UN,3+9+15X.22+1X.15 NT,13952
9324,TQ26HF,TQ26HF,TQ26HF,AA-HMLS POLYESTER 1440/1/3 8.5X8.5 TPI 26EPI VF,15334
9342,S02N,S02N,S02N,"1400 DECITEX NYLON 6,6",15159
9343,S03N,S03N,S03N,"2100 DECITEX NYLON 6,6",13006
9541,RQ24SE,RQ24SE,RQ24SE,Rayon 2440/1/2 9.9x9.9 24EPI SE,14238
9541,RQ24SE,RQ24SE,RQ24SE,Rayon 2440/1/2 9.9x9.9 24EPI SE,126462
9541,RQ24SE,RQ24SE,RQ24SE,Rayon 2440/1/2 9.9x9.9 24EPI SE,19395
9841,BH01FQ,BH01FQ,BH01FQ,3+2x.35 UT,16483
9881,RY28SC,RY28SC,RY28SC,RY28,4186
10001,TV27HP,TV27HP,TV27HP,"1670/1/2 HMLS PET, 8.5x8.5 tpi, 27 epi, HP",60591
10001,TV27HP,TV27HP,TV27HP,"1670/1/2 HMLS PET, 8.5x8.5 tpi, 27 epi, HP",58182
10001,TV27HP,TV27HP,TV27HP,"1670/1/2 HMLS PET, 8.5x8.5 tpi, 27 epi, HP",30800
10001,TV27HP,TV27HP,TV27HP,"1670/1/2 HMLS PET, 8.5x8.5 tpi, 27 epi, HP",61713
10001,TV27HP,TV27HP,TV27HP,"1670/1/2 HMLS PET, 8.5x8.5 tpi, 27 epi, HP",17392
10001,TV27HP,TV27HP,TV27HP,"1670/1/2 HMLS PET, 8.5x8.5 tpi, 27 epi, HP",23388
10001,TV27HP,TV27HP,TV27HP,"1670/1/2 HMLS PET, 8.5x8.5 tpi, 27 epi, HP",28432
10001,TV27HP,TV27HP,TV27HP,"1670/1/2 HMLS PET, 8.5x8.5 tpi, 27 epi, HP",19987
10002,TH27HA,TH27HA,TH27HA,"1100/1/2 HMLS PET, 10x10 tpi, 27 epi, HA",21073
10002,TH27HA,TH27HA,TH27HA,"1100/1/2 HMLS PET, 10x10 tpi, 27 epi, HA",17399
10101,RW31SC,RW31SC,RW31SC,"RAYON 1220/1/2, 12.3x12.3 TPI, 31 EPI, SC",24725
10101,RW31SC,RW31SC,RW31SC,"RAYON 1220/1/2, 12.3x12.3 TPI, 31 EPI, SC",24466
10281,NZ26SH,NZ26SH,NZ26SH,"NYLON 66, 940/1/2, 12.2x12.2 TPI, 26 EPI, SH",25067
10281,NZ26SH,NZ26SH,NZ26SH,"NYLON 66, 940/1/2, 12.2x12.2 TPI, 26 EPI, SH",129256
10281,NZ26SH,NZ26SH,NZ26SH,"NYLON 66, 940/1/2, 12.2x12.2 TPI, 26 EPI, SH",25084
10281,NZ26SH,NZ26SH,NZ26SH,"NYLON 66, 940/1/2, 12.2x12.2 TPI, 26 EPI, SH",129254
10281,NZ26SH,NZ26SH,NZ26SH,"NYLON 66, 940/1/2, 12.2x12.2 TPI, 26 EPI, SH",129255
10281,NZ26SH,NZ26SH,NZ26SH,"NYLON 66, 940/1/2, 12.2x12.2 TPI, 26 EPI, SH",22585
10401,CG01FH,CG01FH,CG01FH,equivalent to code HS0002,60128
10401,CG01FH,CG01FH,CG01FH,equivalent to code HS0002,64120
10401,CG01FH,CG01FH,CG01FH,equivalent to code HS0002,14829
10401,CG01FH,CG01FH,CG01FH,equivalent to code HS0002,63273
10441,CH16WA,CH16WA,CH16WA,"Low Denier Hybrid:  670/1 Kevlar AP + 470/1 Nylon 66, 18.3Z + 10.3Z x 18.3S",44662
10441,CH16WA,CH16WA,CH16WA,"Low Denier Hybrid:  670/1 Kevlar AP + 470/1 Nylon 66, 18.3Z + 10.3Z x 18.3S",44816
10441,CH16WA,CH16WA,CH16WA,"Low Denier Hybrid:  670/1 Kevlar AP + 470/1 Nylon 66, 18.3Z + 10.3Z x 18.3S",15177
10441,CH16WA,CH16WA,CH16WA,"Low Denier Hybrid:  670/1 Kevlar AP + 470/1 Nylon 66, 18.3Z + 10.3Z x 18.3S",76004
10441,CH16WA,CH16WA,CH16WA,"Low Denier Hybrid:  670/1 Kevlar AP + 470/1 Nylon 66, 18.3Z + 10.3Z x 18.3S",21297
10441,CH16WA,CH16WA,CH16WA,"Low Denier Hybrid:  670/1 Kevlar AP + 470/1 Nylon 66, 18.3Z + 10.3Z x 18.3S",44815
10441,CH16WA,CH16WA,CH16WA,"Low Denier Hybrid:  670/1 Kevlar AP + 470/1 Nylon 66, 18.3Z + 10.3Z x 18.3S",145832
10441,CH16WA,CH16WA,CH16WA,"Low Denier Hybrid:  670/1 Kevlar AP + 470/1 Nylon 66, 18.3Z + 10.3Z x 18.3S",51611
10441,CH16WA,CH16WA,CH16WA,"Low Denier Hybrid:  670/1 Kevlar AP + 470/1 Nylon 66, 18.3Z + 10.3Z x 18.3S",44817
10441,CH16WA,CH16WA,CH16WA,"Low Denier Hybrid:  670/1 Kevlar AP + 470/1 Nylon 66, 18.3Z + 10.3Z x 18.3S",45110
10441,CH16WA,CH16WA,CH16WA,"Low Denier Hybrid:  670/1 Kevlar AP + 470/1 Nylon 66, 18.3Z + 10.3Z x 18.3S",55052
10441,CH16WA,CH16WA,CH16WA,"Low Denier Hybrid:  670/1 Kevlar AP + 470/1 Nylon 66, 18.3Z + 10.3Z x 18.3S",21291
10481,PM26HF,PM26HF,PM26HF,"NON-AA HMULS PET, 2200/1/2, 8.5x8.5 TPI, 26 EPI, HF",22561
10481,PM26HF,PM26HF,PM26HF,"NON-AA HMULS PET, 2200/1/2, 8.5x8.5 TPI, 26 EPI, HF",73937
10481,PM26HF,PM26HF,PM26HF,"NON-AA HMULS PET, 2200/1/2, 8.5x8.5 TPI, 26 EPI, HF",27761
10481,PM26HF,PM26HF,PM26HF,"NON-AA HMULS PET, 2200/1/2, 8.5x8.5 TPI, 26 EPI, HF",34418
10481,PM26HF,PM26HF,PM26HF,"NON-AA HMULS PET, 2200/1/2, 8.5x8.5 TPI, 26 EPI, HF",60875
10521,RW31SL,RW31SL,RW31SL,"RAYON, 1220/1/2, 12.3x12.3 TPI, 31 EPI, SL",22412
10521,RW31SL,RW31SL,RW31SL,"RAYON, 1220/1/2, 12.3x12.3 TPI, 31 EPI, SL",22928
10521,RW31SL,RW31SL,RW31SL,"RAYON, 1220/1/2, 12.3x12.3 TPI, 31 EPI, SL",22929
10561,NP23JR,NP23JR,NP23JR,To include NP23JR in SOS,22340
10561,NP23JR,NP23JR,NP23JR,To include NP23JR in SOS,24685
10561,NP23JR,NP23JR,NP23JR,To include NP23JR in SOS,24687
10561,NP23JR,NP23JR,NP23JR,To include NP23JR in SOS,22339
10561,NP23JR,NP23JR,NP23JR,To include NP23JR in SOS,19988
10561,NP23JR,NP23JR,NP23JR,To include NP23JR in SOS,28147
10581,LF25MA,LF25MA,LF25MA,LF25MA with std. weft,14847
10621,AE01FH,AE01FH,AE01FH,SED AE,44542
10621,AE01FH,AE01FH,AE01FH,SED AE,43004
10621,AE01FH,AE01FH,AE01FH,SED AE,15619
10621,AE01FH,AE01FH,AE01FH,SED AE,42992
10621,AE01FH,AE01FH,AE01FH,SED AE,43213
10661,RN26SH,RN26SH,RN26SH,"	RAYON, 1840/3, 9.1x9.1 TPI, 26 EPI, SH",25086
10701,NC27GF,NC27GF,NC27GF,"NYLON 6,6, 940/2, 12/12 TPI, 27 EPI, GF",20062
10721,U06L,U06L,U06L,1880dtex nylon6,7222
10741,ID20SD,ID20SD,ID20SD,"NYLON 6, 1880/2, 8.5x8.5 TPI, 20 EPI, SD",10421
10764,K36T,K36T,K36T,1440 DECITEX (1296 DENIER) HMLS PET,14694
10781,ID25SD,ID25SD,ID25SD,"NYLON 6, 1880/2, 8.5x8.5 TPI, 25 EPI, SD",111579
10801,U07LF26SD,U07LF26SD,U07LF26SD,"NYLON 6, 1400/2, 10x10 TPI, 26 EPI, SD",10961
10802,U07LF29SD,U07LF29SD,U07LF29SD,"NYLON 6, 1400/2, 10x10 TPI, 29 EPI, SD",13001
10803,U07LF23SD,U07LF23SD,U07LF23SD,"NYLON 6, 1400/2, 10x10 TPI, 23 EPI, SD",12998
10821,LF20JA,LF20JA,LF20JA,"NYLON 6, 1400/2, 10x10 TPI, EPI, JA",22979
10901,C101UY,C101UY,C101UY,3X.365/9X.34 HT,13953
10981,NP22GF,NP22GF,NP22GF,"NYLON 66, 2100/2 dtex, 8x8 TPI, 22 EPI, GF",21759
11001,CJ24WA,CJ24WA,CJ24WA,"HYBRID, 1400/1 + 1100/1, (5.5S/4.7Z)/4.7S, 24EPI, WA",26224
11001,CJ24WA,CJ24WA,CJ24WA,"HYBRID, 1400/1 + 1100/1, (5.5S/4.7Z)/4.7S, 24EPI, WA",25060
11021,TC27HF,TC27HF,TC27HF,"HMLS POLYESTER, 1100/2, 12x12 TPI, 27 EPI, HF",24942
11021,TC27HF,TC27HF,TC27HF,"HMLS POLYESTER, 1100/2, 12x12 TPI, 27 EPI, HF",24300
11021,TC27HF,TC27HF,TC27HF,"HMLS POLYESTER, 1100/2, 12x12 TPI, 27 EPI, HF",117036
11021,TC27HF,TC27HF,TC27HF,"HMLS POLYESTER, 1100/2, 12x12 TPI, 27 EPI, HF",23764
11021,TC27HF,TC27HF,TC27HF,"HMLS POLYESTER, 1100/2, 12x12 TPI, 27 EPI, HF",26048
11021,TC27HF,TC27HF,TC27HF,"HMLS POLYESTER, 1100/2, 12x12 TPI, 27 EPI, HF",21075
11021,TC27HF,TC27HF,TC27HF,"HMLS POLYESTER, 1100/2, 12x12 TPI, 27 EPI, HF",51898
11021,TC27HF,TC27HF,TC27HF,"HMLS POLYESTER, 1100/2, 12x12 TPI, 27 EPI, HF",24004
11021,TC27HF,TC27HF,TC27HF,"HMLS POLYESTER, 1100/2, 12x12 TPI, 27 EPI, HF",116811
11021,TC27HF,TC27HF,TC27HF,"HMLS POLYESTER, 1100/2, 12x12 TPI, 27 EPI, HF",29511
11021,TC27HF,TC27HF,TC27HF,"HMLS POLYESTER, 1100/2, 12x12 TPI, 27 EPI, HF",123352
11061,TV27HF,TV27HF,TV27HF,"1670/1/2 HMLS PET 8.5x8.5 tpi, 27 epi, HF",24000
11061,TV27HF,TV27HF,TV27HF,"1670/1/2 HMLS PET 8.5x8.5 tpi, 27 epi, HF",24298
11061,TV27HF,TV27HF,TV27HF,"1670/1/2 HMLS PET 8.5x8.5 tpi, 27 epi, HF",24299
11061,TV27HF,TV27HF,TV27HF,"1670/1/2 HMLS PET 8.5x8.5 tpi, 27 epi, HF",60588
11061,TV27HF,TV27HF,TV27HF,"1670/1/2 HMLS PET 8.5x8.5 tpi, 27 epi, HF",34300
11061,TV27HF,TV27HF,TV27HF,"1670/1/2 HMLS PET 8.5x8.5 tpi, 27 epi, HF",32800
11061,TV27HF,TV27HF,TV27HF,"1670/1/2 HMLS PET 8.5x8.5 tpi, 27 epi, HF",23512
11061,TV27HF,TV27HF,TV27HF,"1670/1/2 HMLS PET 8.5x8.5 tpi, 27 epi, HF",39293
11061,TV27HF,TV27HF,TV27HF,"1670/1/2 HMLS PET 8.5x8.5 tpi, 27 epi, HF",65353
11061,TV27HF,TV27HF,TV27HF,"1670/1/2 HMLS PET 8.5x8.5 tpi, 27 epi, HF",60586
11061,TV27HF,TV27HF,TV27HF,"1670/1/2 HMLS PET 8.5x8.5 tpi, 27 epi, HF",52789
11061,TV27HF,TV27HF,TV27HF,"1670/1/2 HMLS PET 8.5x8.5 tpi, 27 epi, HF",36881
11061,TV27HF,TV27HF,TV27HF,"1670/1/2 HMLS PET 8.5x8.5 tpi, 27 epi, HF",113983
11081,RE18SC,RE18SC,RE18SC,RE18SC ipo RE18BG for HTE. RE18SC is from Cordenka,20051
11101,QC32PF,QC32PF,QC32PF,"AA-HMLS POLYESTER, 1100/2, 12x12 TPI, 32 EPI, PF",23999
11161,TC35HF,TC35HF,TC35HF,"NAA-HMLS PET, 1100/2, 12X12 TPI, 35 EPI, HF",20204
11161,TC35HF,TC35HF,TC35HF,"NAA-HMLS PET, 1100/2, 12X12 TPI, 35 EPI, HF",26983
11201,RE25SC,RE25SC,RE25SC,RAYON  1840/1/3 12 X 10 TPI 25EPI SC,20050
11281,U14T,U14T,U14T,1100 DECITEX HMLS POLYESTER,14541
11301,U08L,U08L,U08L,940dtex nylon6 yarn (see SIS for complete spec),7221
11421,M19G,M19G,M19G,Fiberglass 3300 Decitex,16373
11461,NT30QA,NT30QA,NT30QA,"Nylon 66, 950/1 dtex, 0 TPI, 30 EPI, QA",38301
11461,NT30QA,NT30QA,NT30QA,"Nylon 66, 950/1 dtex, 0 TPI, 30 EPI, QA",20772
11501,RN26SC,RN26SC,RN26SC,"RAYON, 1840/3, 9.1x9.1 TPI, 26 EPI, SC",20055
11561,JN01DH,JN01DH,JN01DH,JN01DH,25255
11561,JN01DH,JN01DH,JN01DH,JN01DH,73398
11561,JN01DH,JN01DH,JN01DH,JN01DH,66241
11561,JN01DH,JN01DH,JN01DH,JN01DH,66239
11561,JN01DH,JN01DH,JN01DH,JN01DH,66238
11561,JN01DH,JN01DH,JN01DH,JN01DH,66240
11661,BA01WY,BA01WY,BA01WY,2+2x.22 UT,22616
11681,WY,WY,WY,2+2x.22UT,144358
11681,WY,WY,WY,2+2x.22UT,144369
11681,WY,WY,WY,2+2x.22UT,143571
11681,WY,WY,WY,2+2x.22UT,143573
11681,WY,WY,WY,2+2x.22UT,138914
11681,WY,WY,WY,2+2x.22UT,141426
11681,WY,WY,WY,2+2x.22UT,143472
11681,WY,WY,WY,2+2x.22UT,132087
11681,WY,WY,WY,2+2x.22UT,79236
11681,WY,WY,WY,2+2x.22UT,89368
11681,WY,WY,WY,2+2x.22UT,130981
11681,WY,WY,WY,2+2x.22UT,111945
11681,WY,WY,WY,2+2x.22UT,68393
11681,WY,WY,WY,2+2x.22UT,130026
11681,WY,WY,WY,2+2x.22UT,68603
11681,WY,WY,WY,2+2x.22UT,129805
11681,WY,WY,WY,2+2x.22UT,93551
11681,WY,WY,WY,2+2x.22UT,108381
11681,WY,WY,WY,2+2x.22UT,130421
11681,WY,WY,WY,2+2x.22UT,106930
11681,WY,WY,WY,2+2x.22UT,110856
11681,WY,WY,WY,2+2x.22UT,76155
11681,WY,WY,WY,2+2x.22UT,103672
11681,WY,WY,WY,2+2x.22UT,131036
11681,WY,WY,WY,2+2x.22UT,132212
11681,WY,WY,WY,2+2x.22UT,139629
11681,WY,WY,WY,2+2x.22UT,139628
11681,WY,WY,WY,2+2x.22UT,144664
11681,WY,WY,WY,2+2x.22UT,78182
11681,WY,WY,WY,2+2x.22UT,144892
11681,WY,WY,WY,2+2x.22UT,34937
11681,WY,WY,WY,2+2x.22UT,62620
11681,WY,WY,WY,2+2x.22UT,61771
11681,WY,WY,WY,2+2x.22UT,50000
11681,WY,WY,WY,2+2x.22UT,31400
11681,WY,WY,WY,2+2x.22UT,33442
11681,WY,WY,WY,2+2x.22UT,36879
11681,WY,WY,WY,2+2x.22UT,79240
11681,WY,WY,WY,2+2x.22UT,124173
11681,WY,WY,WY,2+2x.22UT,111744
11681,WY,WY,WY,2+2x.22UT,103673
11681,WY,WY,WY,2+2x.22UT,69000
11681,WY,WY,WY,2+2x.22UT,43346
11681,WY,WY,WY,2+2x.22UT,137946
11721,150A,150A,150A,670 DTEX ARAMID,48954
11741,E10A,E10A,E10A,3300 DTEX ARAMID,63710
11761,M14LP19JA,M14LP19JA,M14LP19JA,NYLON 6 2100/1/2 8 X 8 TPI 19EPI JA,23339
11801,BC01EM,BC01EM,BC01EM,4x2x.34 HE,25188
11901,Q201FB,Q201FB,Q201FB,3X.20+7X.23 NT,16414
12081,S02TV27HF,S02TV27HF,S02TV27HF,"1670/1/2 HMLS PET 8.5x8.5 tpi, 27 epi, HF",30140
12101,BD01UK,BD01UK,BD01UK,2+2x.35 ST,25296
12401,RD30SC,RD30SC,RD30SC,This NM approval is for code RD30SC from Cordenka that will replace RD30AF from LISA,20049
12721,RN25SH,RN25SH,RN25SH,"Trial code from Hyosung (same yarn as in RN25SH - Q10R Glanzstoff Bohemia, Super II)",31216
12823,STUMITE_FDC,STUMITE_FDC,STUMITE_FDC,Cold fatty acid styrene-butadiene copolymer latex containing 40.5% solids and 23.5% bound styrene,39323
12861,028BH,028BH,028BH,1.295MM BEAD WIRE - HIGH TENSILE,22313
12941,BC01UK,BC01UK,BC01UK,2+2x.35 ST,34645
12981,RW31SH,RW31SH,RW31SH,"RAYON, 1220/1/2 Dtex, 12.3/12.3 TPI, 31 EPI, SH",21475
12981,RW31SH,RW31SH,RW31SH,"RAYON, 1220/1/2 Dtex, 12.3/12.3 TPI, 31 EPI, SH",136022
12981,RW31SH,RW31SH,RW31SH,"RAYON, 1220/1/2 Dtex, 12.3/12.3 TPI, 31 EPI, SH",136167
13001,F401UD,F401UD,F401UD,3+3x.35 ST,24646
13021,F501FR,F501FR,F501FR,3x.21/9x.185 UT,21415
13041,I42LN,I42LN,I42LN,1100/1 DECITEX NYLON 6 WOVEN 14X14,36712
13081,247BH,247BH,247BH,1.295MM BEAD WIRE - HIGH TENSILE,42929
13081,247BH,247BH,247BH,1.295MM BEAD WIRE - HIGH TENSILE,33310
13081,247BH,247BH,247BH,1.295MM BEAD WIRE - HIGH TENSILE,50953
13101,F08TC27HA,F08TC27HA,F08TC27HA,HMLS POLYESTER  1100/1/2 12 X 12 TPI 27EPI HA,39617
13101,F08TC27HA,F08TC27HA,F08TC27HA,HMLS POLYESTER  1100/1/2 12 X 12 TPI 27EPI HA,36068
13121,PC,PC,PC,14's/1 PET Staple Fiber,38837
13141,247DR,247DR,247DR,2.03 MM BEAD WIRE - REGULAR TENSILE,31398
13181,247CH,247CH,247CH,1.83MM BEAD WIRE - HIGH TENSILE,66992
13181,247CH,247CH,247CH,1.83MM BEAD WIRE - HIGH TENSILE,31951
13201,131BH,131BH,131BH,1.295MM BEAD WIRE - HIGH TENSILE,37065
13221,131JH,131JH,131JH,0.89MM BEAD WIRE - HIGH TENSILE,37252
13361,NC22QA,NC22QA,NC22QA,940/2 Nylon,20770
13841,TV27CX,TV27CX,TV27CX,"1670/1/2 HMLS PET 8.5x8.5 tpi, 27 epi, CX",144029
13841,TV27CX,TV27CX,TV27CX,"1670/1/2 HMLS PET 8.5x8.5 tpi, 27 epi, CX",144145
13841,TV27CX,TV27CX,TV27CX,"1670/1/2 HMLS PET 8.5x8.5 tpi, 27 epi, CX",144174
13841,TV27CX,TV27CX,TV27CX,"1670/1/2 HMLS PET 8.5x8.5 tpi, 27 epi, CX",144977
13841,TV27CX,TV27CX,TV27CX,"1670/1/2 HMLS PET 8.5x8.5 tpi, 27 epi, CX",126102
13841,TV27CX,TV27CX,TV27CX,"1670/1/2 HMLS PET 8.5x8.5 tpi, 27 epi, CX",89250
14062,RF394D33,RF394D33,RF394D33,1x2.5+(7+13+19)x1.8,102472
14062,RF394D33,RF394D33,RF394D33,1x2.5+(7+13+19)x1.8,100630
14062,RF394D33,RF394D33,RF394D33,1x2.5+(7+13+19)x1.8,101802
14121,TC27CX,TC27CX,TC27CX,"1100/1/2 HMLS PET, 12x12 tpi, 27 epi, CF",142707
14121,TC27CX,TC27CX,TC27CX,"1100/1/2 HMLS PET, 12x12 tpi, 27 epi, CF",70290
14121,TC27CX,TC27CX,TC27CX,"1100/1/2 HMLS PET, 12x12 tpi, 27 epi, CF",43100
14121,TC27CX,TC27CX,TC27CX,"1100/1/2 HMLS PET, 12x12 tpi, 27 epi, CF",84997
14121,TC27CX,TC27CX,TC27CX,"1100/1/2 HMLS PET, 12x12 tpi, 27 epi, CF",73026
14121,TC27CX,TC27CX,TC27CX,"1100/1/2 HMLS PET, 12x12 tpi, 27 epi, CF",91401
14121,TC27CX,TC27CX,TC27CX,"1100/1/2 HMLS PET, 12x12 tpi, 27 epi, CF",117613
14261,K36A,K36A,K36A,1100 Decitex NAA p-Aramid,62349
14421,TV27CN,TV27CN,TV27CN,"1670/1/2 PET, 8.5x8.5 tpi, 27 epi, CN",142923
14421,TV27CN,TV27CN,TV27CN,"1670/1/2 PET, 8.5x8.5 tpi, 27 epi, CN",143900
14421,TV27CN,TV27CN,TV27CN,"1670/1/2 PET, 8.5x8.5 tpi, 27 epi, CN",138532
14421,TV27CN,TV27CN,TV27CN,"1670/1/2 PET, 8.5x8.5 tpi, 27 epi, CN",144703
14421,TV27CN,TV27CN,TV27CN,"1670/1/2 PET, 8.5x8.5 tpi, 27 epi, CN",145695
14421,TV27CN,TV27CN,TV27CN,"1670/1/2 PET, 8.5x8.5 tpi, 27 epi, CN",50338
14421,TV27CN,TV27CN,TV27CN,"1670/1/2 PET, 8.5x8.5 tpi, 27 epi, CN",113727
14421,TV27CN,TV27CN,TV27CN,"1670/1/2 PET, 8.5x8.5 tpi, 27 epi, CN",112477
14421,TV27CN,TV27CN,TV27CN,"1670/1/2 PET, 8.5x8.5 tpi, 27 epi, CN",125398
14421,TV27CN,TV27CN,TV27CN,"1670/1/2 PET, 8.5x8.5 tpi, 27 epi, CN",124172
14421,TV27CN,TV27CN,TV27CN,"1670/1/2 PET, 8.5x8.5 tpi, 27 epi, CN",118983
14421,TV27CN,TV27CN,TV27CN,"1670/1/2 PET, 8.5x8.5 tpi, 27 epi, CN",111207
14421,TV27CN,TV27CN,TV27CN,"1670/1/2 PET, 8.5x8.5 tpi, 27 epi, CN",136727
14421,TV27CN,TV27CN,TV27CN,"1670/1/2 PET, 8.5x8.5 tpi, 27 epi, CN",135826
14421,TV27CN,TV27CN,TV27CN,"1670/1/2 PET, 8.5x8.5 tpi, 27 epi, CN",136724
14421,TV27CN,TV27CN,TV27CN,"1670/1/2 PET, 8.5x8.5 tpi, 27 epi, CN",113726
14421,TV27CN,TV27CN,TV27CN,"1670/1/2 PET, 8.5x8.5 tpi, 27 epi, CN",113725
14421,TV27CN,TV27CN,TV27CN,"1670/1/2 PET, 8.5x8.5 tpi, 27 epi, CN",113724
14761,TC27CN,TC27CN,TC27CN,"1100/1/2 PET, 12x12 tpi, 27 epi, CN",143681
14761,TC27CN,TC27CN,TC27CN,"1100/1/2 PET, 12x12 tpi, 27 epi, CN",143682
14761,TC27CN,TC27CN,TC27CN,"1100/1/2 PET, 12x12 tpi, 27 epi, CN",50343
14761,TC27CN,TC27CN,TC27CN,"1100/1/2 PET, 12x12 tpi, 27 epi, CN",65218
14761,TC27CN,TC27CN,TC27CN,"1100/1/2 PET, 12x12 tpi, 27 epi, CN",112475
14761,TC27CN,TC27CN,TC27CN,"1100/1/2 PET, 12x12 tpi, 27 epi, CN",112473
14761,TC27CN,TC27CN,TC27CN,"1100/1/2 PET, 12x12 tpi, 27 epi, CN",112471
14761,TC27CN,TC27CN,TC27CN,"1100/1/2 PET, 12x12 tpi, 27 epi, CN",113720
14761,TC27CN,TC27CN,TC27CN,"1100/1/2 PET, 12x12 tpi, 27 epi, CN",101507
14761,TC27CN,TC27CN,TC27CN,"1100/1/2 PET, 12x12 tpi, 27 epi, CN",101502
14761,TC27CN,TC27CN,TC27CN,"1100/1/2 PET, 12x12 tpi, 27 epi, CN",101501
14761,TC27CN,TC27CN,TC27CN,"1100/1/2 PET, 12x12 tpi, 27 epi, CN",114954
14761,TC27CN,TC27CN,TC27CN,"1100/1/2 PET, 12x12 tpi, 27 epi, CN",112474
14761,TC27CN,TC27CN,TC27CN,"1100/1/2 PET, 12x12 tpi, 27 epi, CN",112472
14761,TC27CN,TC27CN,TC27CN,"1100/1/2 PET, 12x12 tpi, 27 epi, CN",112470
14761,TC27CN,TC27CN,TC27CN,"1100/1/2 PET, 12x12 tpi, 27 epi, CN",112469
14761,TC27CN,TC27CN,TC27CN,"1100/1/2 PET, 12x12 tpi, 27 epi, CN",114912
14761,TC27CN,TC27CN,TC27CN,"1100/1/2 PET, 12x12 tpi, 27 epi, CN",130980
14761,TC27CN,TC27CN,TC27CN,"1100/1/2 PET, 12x12 tpi, 27 epi, CN",74394
14761,TC27CN,TC27CN,TC27CN,"1100/1/2 PET, 12x12 tpi, 27 epi, CN",101503
14801,TC28CX,TC28CX,TC28CX,"PET HMLS NAA, 1100/1/2 Dtex, 12x12 TPI, 28 EPI, CX",144699
14801,TC28CX,TC28CX,TC28CX,"PET HMLS NAA, 1100/1/2 Dtex, 12x12 TPI, 28 EPI, CX",144701
14801,TC28CX,TC28CX,TC28CX,"PET HMLS NAA, 1100/1/2 Dtex, 12x12 TPI, 28 EPI, CX",56520
14801,TC28CX,TC28CX,TC28CX,"PET HMLS NAA, 1100/1/2 Dtex, 12x12 TPI, 28 EPI, CX",131101
14801,TC28CX,TC28CX,TC28CX,"PET HMLS NAA, 1100/1/2 Dtex, 12x12 TPI, 28 EPI, CX",86016
14801,TC28CX,TC28CX,TC28CX,"PET HMLS NAA, 1100/1/2 Dtex, 12x12 TPI, 28 EPI, CX",131794
14801,TC28CX,TC28CX,TC28CX,"PET HMLS NAA, 1100/1/2 Dtex, 12x12 TPI, 28 EPI, CX",70919
14801,TC28CX,TC28CX,TC28CX,"PET HMLS NAA, 1100/1/2 Dtex, 12x12 TPI, 28 EPI, CX",71355
14801,TC28CX,TC28CX,TC28CX,"PET HMLS NAA, 1100/1/2 Dtex, 12x12 TPI, 28 EPI, CX",74395
14801,TC28CX,TC28CX,TC28CX,"PET HMLS NAA, 1100/1/2 Dtex, 12x12 TPI, 28 EPI, CX",131792
14801,TC28CX,TC28CX,TC28CX,"PET HMLS NAA, 1100/1/2 Dtex, 12x12 TPI, 28 EPI, CX",135631
14801,TC28CX,TC28CX,TC28CX,"PET HMLS NAA, 1100/1/2 Dtex, 12x12 TPI, 28 EPI, CX",144162
14881,TU32CX,TU32CX,TU32CX,"NAA HMLS PET, 1440/2dtex, 9x9TPI, 32EPI, CX",128516
14881,TU32CX,TU32CX,TU32CX,"NAA HMLS PET, 1440/2dtex, 9x9TPI, 32EPI, CX",115646
14881,TU32CX,TU32CX,TU32CX,"NAA HMLS PET, 1440/2dtex, 9x9TPI, 32EPI, CX",131102
14881,TU32CX,TU32CX,TU32CX,"NAA HMLS PET, 1440/2dtex, 9x9TPI, 32EPI, CX",114824
14881,TU32CX,TU32CX,TU32CX,"NAA HMLS PET, 1440/2dtex, 9x9TPI, 32EPI, CX",128259
14881,TU32CX,TU32CX,TU32CX,"NAA HMLS PET, 1440/2dtex, 9x9TPI, 32EPI, CX",131103
14881,TU32CX,TU32CX,TU32CX,"NAA HMLS PET, 1440/2dtex, 9x9TPI, 32EPI, CX",127998
14881,TU32CX,TU32CX,TU32CX,"NAA HMLS PET, 1440/2dtex, 9x9TPI, 32EPI, CX",74396
14881,TU32CX,TU32CX,TU32CX,"NAA HMLS PET, 1440/2dtex, 9x9TPI, 32EPI, CX",145410
14881,TU32CX,TU32CX,TU32CX,"NAA HMLS PET, 1440/2dtex, 9x9TPI, 32EPI, CX",145433
14881,TU32CX,TU32CX,TU32CX,"NAA HMLS PET, 1440/2dtex, 9x9TPI, 32EPI, CX",145204
14881,TU32CX,TU32CX,TU32CX,"NAA HMLS PET, 1440/2dtex, 9x9TPI, 32EPI, CX",145419
14881,TU32CX,TU32CX,TU32CX,"NAA HMLS PET, 1440/2dtex, 9x9TPI, 32EPI, CX",144992
14881,TU32CX,TU32CX,TU32CX,"NAA HMLS PET, 1440/2dtex, 9x9TPI, 32EPI, CX",143485
14881,TU32CX,TU32CX,TU32CX,"NAA HMLS PET, 1440/2dtex, 9x9TPI, 32EPI, CX",92215
14881,TU32CX,TU32CX,TU32CX,"NAA HMLS PET, 1440/2dtex, 9x9TPI, 32EPI, CX",145525
14881,TU32CX,TU32CX,TU32CX,"NAA HMLS PET, 1440/2dtex, 9x9TPI, 32EPI, CX",130326
14881,TU32CX,TU32CX,TU32CX,"NAA HMLS PET, 1440/2dtex, 9x9TPI, 32EPI, CX",79597
14881,TU32CX,TU32CX,TU32CX,"NAA HMLS PET, 1440/2dtex, 9x9TPI, 32EPI, CX",56526
14881,TU32CX,TU32CX,TU32CX,"NAA HMLS PET, 1440/2dtex, 9x9TPI, 32EPI, CX",134986
14881,TU32CX,TU32CX,TU32CX,"NAA HMLS PET, 1440/2dtex, 9x9TPI, 32EPI, CX",131290
15001,TM26CN,TM26CN,TM26CN,"2200/1/2 HMLS Polyester, 8.5x8.5 tpi, 26 epi, CN",144702
15001,TM26CN,TM26CN,TM26CN,"2200/1/2 HMLS Polyester, 8.5x8.5 tpi, 26 epi, CN",145769
15001,TM26CN,TM26CN,TM26CN,"2200/1/2 HMLS Polyester, 8.5x8.5 tpi, 26 epi, CN",51618
15001,TM26CN,TM26CN,TM26CN,"2200/1/2 HMLS Polyester, 8.5x8.5 tpi, 26 epi, CN",114321
15001,TM26CN,TM26CN,TM26CN,"2200/1/2 HMLS Polyester, 8.5x8.5 tpi, 26 epi, CN",101500
15001,TM26CN,TM26CN,TM26CN,"2200/1/2 HMLS Polyester, 8.5x8.5 tpi, 26 epi, CN",132767
15001,TM26CN,TM26CN,TM26CN,"2200/1/2 HMLS Polyester, 8.5x8.5 tpi, 26 epi, CN",143335
15021,TM27CN,TM27CN,TM27CN,"HMLS PET 2200/1/2, 28 epi, new pink adhesive",18612
15041,Y201UX,Y201UX,Y201UX,3x.20/9x.175+1 HT,31536
15061,XR,XR,XR,3.0mm regular tensile,36713
15061,XR,XR,XR,3.0mm regular tensile,79181
15081,JPA6DR,JPA6DR,JPA6DR,"Like N00168: 2100/2, 10x10TPI with 4100C",50433
15081,JPA6DR,JPA6DR,JPA6DR,"Like N00168: 2100/2, 10x10TPI with 4100C",125256
15081,JPA6DR,JPA6DR,JPA6DR,"Like N00168: 2100/2, 10x10TPI with 4100C",101298
15081,JPA6DR,JPA6DR,JPA6DR,"Like N00168: 2100/2, 10x10TPI with 4100C",78473
15281,NC21ZM,NC21ZM,NC21ZM,"940/1/2 Nylon 66, 12x12 tpi, 21 epi, ZM",101504
15281,NC21ZM,NC21ZM,NC21ZM,"940/1/2 Nylon 66, 12x12 tpi, 21 epi, ZM",113192
15281,NC21ZM,NC21ZM,NC21ZM,"940/1/2 Nylon 66, 12x12 tpi, 21 epi, ZM",50347
15281,NC21ZM,NC21ZM,NC21ZM,"940/1/2 Nylon 66, 12x12 tpi, 21 epi, ZM",101799
15281,NC21ZM,NC21ZM,NC21ZM,"940/1/2 Nylon 66, 12x12 tpi, 21 epi, ZM",104431
15281,NC21ZM,NC21ZM,NC21ZM,"940/1/2 Nylon 66, 12x12 tpi, 21 epi, ZM",113194
15281,NC21ZM,NC21ZM,NC21ZM,"940/1/2 Nylon 66, 12x12 tpi, 21 epi, ZM",142193
15281,NC21ZM,NC21ZM,NC21ZM,"940/1/2 Nylon 66, 12x12 tpi, 21 epi, ZM",113478
15341,TM26CX,TM26CX,TM26CX,HMLS POLYESTER 2200/1/2  8.5X8.5 TPI 26 EPI CX,144194
15341,TM26CX,TM26CX,TM26CX,HMLS POLYESTER 2200/1/2  8.5X8.5 TPI 26 EPI CX,139110
15341,TM26CX,TM26CX,TM26CX,HMLS POLYESTER 2200/1/2  8.5X8.5 TPI 26 EPI CX,138463
15341,TM26CX,TM26CX,TM26CX,HMLS POLYESTER 2200/1/2  8.5X8.5 TPI 26 EPI CX,138461
15341,TM26CX,TM26CX,TM26CX,HMLS POLYESTER 2200/1/2  8.5X8.5 TPI 26 EPI CX,138462
15341,TM26CX,TM26CX,TM26CX,HMLS POLYESTER 2200/1/2  8.5X8.5 TPI 26 EPI CX,113191
15341,TM26CX,TM26CX,TM26CX,HMLS POLYESTER 2200/1/2  8.5X8.5 TPI 26 EPI CX,113189
15341,TM26CX,TM26CX,TM26CX,HMLS POLYESTER 2200/1/2  8.5X8.5 TPI 26 EPI CX,101505
15341,TM26CX,TM26CX,TM26CX,HMLS POLYESTER 2200/1/2  8.5X8.5 TPI 26 EPI CX,102092
15341,TM26CX,TM26CX,TM26CX,HMLS POLYESTER 2200/1/2  8.5X8.5 TPI 26 EPI CX,102093
15341,TM26CX,TM26CX,TM26CX,HMLS POLYESTER 2200/1/2  8.5X8.5 TPI 26 EPI CX,134987
15341,TM26CX,TM26CX,TM26CX,HMLS POLYESTER 2200/1/2  8.5X8.5 TPI 26 EPI CX,139040
15341,TM26CX,TM26CX,TM26CX,HMLS POLYESTER 2200/1/2  8.5X8.5 TPI 26 EPI CX,139037
15341,TM26CX,TM26CX,TM26CX,HMLS POLYESTER 2200/1/2  8.5X8.5 TPI 26 EPI CX,139036
15341,TM26CX,TM26CX,TM26CX,HMLS POLYESTER 2200/1/2  8.5X8.5 TPI 26 EPI CX,143332
15341,TM26CX,TM26CX,TM26CX,HMLS POLYESTER 2200/1/2  8.5X8.5 TPI 26 EPI CX,144876
15481,NC21ZO,NC21ZO,NC21ZO,"Nylon 6,6 940/1/2 12x12 TPI 21 EPI ZO",72224
15621,NC27ZO,NC27ZO,NC27ZO,940/1/2 N66; 12x12 tpi; 27 epi; ZO,142605
15621,NC27ZO,NC27ZO,NC27ZO,940/1/2 N66; 12x12 tpi; 27 epi; ZO,142688
15621,NC27ZO,NC27ZO,NC27ZO,940/1/2 N66; 12x12 tpi; 27 epi; ZO,70789
15681,NC16ZM,NC16ZM,NC16ZM,"N66, 940/2 DTEX, 12/12 TPI, 16 EPI, ZM",65916
15681,NC16ZM,NC16ZM,NC16ZM,"N66, 940/2 DTEX, 12/12 TPI, 16 EPI, ZM",141107
15701,LF25MF,LF25MF,LF25MF,"1400/2  Nylon 6 cord woven at 25 epi with extensible fill cord, dipped per MF process",14625
15821,NA28DR,NA28DR,NA28DR,1400/2 Nylon 66 at 12.2x12.2 TPI,125258
15821,NA28DR,NA28DR,NA28DR,1400/2 Nylon 66 at 12.2x12.2 TPI,66533
15941,S03BPA6MN,S03BPA6MN,S03BPA6MN,XSED from Vietnam  for NGT,47363
15981,BN32ZO,BN32ZO,BN32ZO,"1400/1 Nylon 66 4.5 tpi, 32 epi ZO",144280
15981,BN32ZO,BN32ZO,BN32ZO,"1400/1 Nylon 66 4.5 tpi, 32 epi ZO",145635
15981,BN32ZO,BN32ZO,BN32ZO,"1400/1 Nylon 66 4.5 tpi, 32 epi ZO",145760
15981,BN32ZO,BN32ZO,BN32ZO,"1400/1 Nylon 66 4.5 tpi, 32 epi ZO",118488
15981,BN32ZO,BN32ZO,BN32ZO,"1400/1 Nylon 66 4.5 tpi, 32 epi ZO",55892
15981,BN32ZO,BN32ZO,BN32ZO,"1400/1 Nylon 66 4.5 tpi, 32 epi ZO",144144
16021,NG30ZO,NG30ZO,NG30ZO,N66 1400/2 dtex pink dip,138389
16021,NG30ZO,NG30ZO,NG30ZO,N66 1400/2 dtex pink dip,145734
16021,NG30ZO,NG30ZO,NG30ZO,N66 1400/2 dtex pink dip,142606
16021,NG30ZO,NG30ZO,NG30ZO,N66 1400/2 dtex pink dip,139132
16021,NG30ZO,NG30ZO,NG30ZO,N66 1400/2 dtex pink dip,143032
16021,NG30ZO,NG30ZO,NG30ZO,N66 1400/2 dtex pink dip,69524
16061,NC01QH,NC01QH,NC01QH,NC01QH from Mehler VA,113723
16061,NC01QH,NC01QH,NC01QH,NC01QH from Mehler VA,54016
16061,NC01QH,NC01QH,NC01QH,NC01QH from Mehler VA,144773
16101,AH01SB,AH01SB,AH01SB,"Single end Aramid, 1100 / 2, 14.0 x 14.0",67034
16121,029BH,029BH,029BH,1.295MM BEAD WIRE - HIGH TENSILE,96246
16141,NC32ZO,NC32ZO,NC32ZO,"940/2 dtex 12x12TPI, Pink dip adhesive, Stretch/stretch processing",143582
16141,NC32ZO,NC32ZO,NC32ZO,"940/2 dtex 12x12TPI, Pink dip adhesive, Stretch/stretch processing",58106
16141,NC32ZO,NC32ZO,NC32ZO,"940/2 dtex 12x12TPI, Pink dip adhesive, Stretch/stretch processing",144030
16141,NC32ZO,NC32ZO,NC32ZO,"940/2 dtex 12x12TPI, Pink dip adhesive, Stretch/stretch processing",143470
16141,NC32ZO,NC32ZO,NC32ZO,"940/2 dtex 12x12TPI, Pink dip adhesive, Stretch/stretch processing",142708
16141,NC32ZO,NC32ZO,NC32ZO,"940/2 dtex 12x12TPI, Pink dip adhesive, Stretch/stretch processing",142590
16241,I19LC27MA,I19LC27MA,I19LC27MA,NYLON 6  940/1/2 12 X 12 TPI 27EPI MA,76021
16242,I20LF25MA/C,I20LF25MA/C,I20LF25MA/C,LF25MA with std. weft,76024
16321,PM26CX,PM26CX,PM26CX,"PET HMULS NAA, 2200/1/2, 8.5x8.5 TPI, 26 EPI, CX",73465
16321,PM26CX,PM26CX,PM26CX,"PET HMULS NAA, 2200/1/2, 8.5x8.5 TPI, 26 EPI, CX",130681
16341,E11A,E11A,E11A,670 DTEX ARAMID,76005
16361,NPA8SF,NPA8SF,NPA8SF,Ayaha greige fabric approval. Ayaha currently dips this fabric which is supplied by Asahi.,139566
16361,NPA8SF,NPA8SF,NPA8SF,Ayaha greige fabric approval. Ayaha currently dips this fabric which is supplied by Asahi.,76305
16381,NPI3SF,NPI3SF,NPI3SF,"NYLON 66, 2100/2, 8x8 TPI, 26.3 EPI SF",139568
16461,TM01CU,TM01CU,TM01CU,PET 2200/2 single end dipped cord pink dip,84769
16462,TU01CU,TU01CU,TU01CU,PET 1440/2 single end dipped cord pink dip,142202
16462,TU01CU,TU01CU,TU01CU,PET 1440/2 single end dipped cord pink dip,84768
16541,029CH,029CH,029CH,1.83MM BEAD WIRE - HIGH TENSILE,96375
16581,BK01ZV,BK01ZV,BK01ZV,"Nylon 6.6 2100/1 dtex, SED cord",145836
16581,BK01ZV,BK01ZV,BK01ZV,"Nylon 6.6 2100/1 dtex, SED cord",84348
16582,BN01ZV,BN01ZV,BN01ZV,"Nylon 66 1400/1 dtex, 4.6 tpi pink dip",134350
16582,BN01ZV,BN01ZV,BN01ZV,"Nylon 66 1400/1 dtex, 4.6 tpi pink dip",81425
16621,BI30ZY,BI30ZY,BI30ZY,BI30ZY N66 940/1 dtex pink dip,131655
16621,BI30ZY,BI30ZY,BI30ZY,BI30ZY N66 940/1 dtex pink dip,131656
16621,BI30ZY,BI30ZY,BI30ZY,BI30ZY N66 940/1 dtex pink dip,141835
16621,BI30ZY,BI30ZY,BI30ZY,BI30ZY N66 940/1 dtex pink dip,69666
16641,H50NN REV. 03,H50NN REV. 03,H50NN REV. 03,"1100/1 DECITEX NYLON 6,6 WOVEN 14X14",103946
16661,M18TV27CN REV. 01,M18TV27CN REV. 01,M18TV27CN REV. 01,"1670/1/2 PET, 8.5x8.5 tpi, 27 epi, CN",119090
16741,029JH,029JH,029JH,0.89MM BEAD WIRE - HIGH TENSILE,96244
16781,Z301UK,Z301UK,Z301UK,2+2x.35 ST,100788
16821,S01BI30GF,S01BI30GF,S01BI30GF,"940 DECITEX NYLON 6,6",128870
16861,Z01NG30GA,Z01NG30GA,Z01NG30GA,"1400 DECITEX NYLON 6,6",128691
16881,242JH,242JH,242JH,0.89MM BEAD WIRE - HIGH TENSILE,133979
16881,242JH,242JH,242JH,0.89MM BEAD WIRE - HIGH TENSILE,116806
16901,242BH,242BH,242BH,1.295MM BEAD WIRE - HIGH TENSILE,134041
16901,242BH,242BH,242BH,1.295MM BEAD WIRE - HIGH TENSILE,117610
16941,394D33,394D33,394D33,1x2.5+(7+13+19)x1.8,101800
17021,BN01WL,BN01WL,BN01WL,2x.295 HT,105218
17041,BL01WL,BL01WL,BL01WL,2x.295 HT,126588
17101,S04N,S04N,S04N,"NYLON 6,6, 2100 dtex yarn",132948
17141,NC30ZO,NC30ZO,NC30ZO,"NYLON 66, 940/2, 12x12 TPI, 30 EPI, ZO",140180
17141,NC30ZO,NC30ZO,NC30ZO,"NYLON 66, 940/2, 12x12 TPI, 30 EPI, ZO",65871
17201,NC33ZO,NC33ZO,NC33ZO,"NYLON 6,6, 940/2, 12x12 TPI, 33 EPI, ZO",119806
17241,FA01WY,FA01WY,FA01WY,2+2x.22UT,111576
17281,BPB2SF,BPB2SF,BPB2SF,XSED19 greige fabric approval in Ayaha. Ayaha currently dips this greige fabric which is supplied from Asahi.,139630
17281,BPB2SF,BPB2SF,BPB2SF,XSED19 greige fabric approval in Ayaha. Ayaha currently dips this greige fabric which is supplied from Asahi.,76302
17321,BK30ZO,BK30ZO,BK30ZO,"NYLON 6,6, 2100/1, 3 TPI, 30 EPI, ZO",141977
17321,BK30ZO,BK30ZO,BK30ZO,"NYLON 6,6, 2100/1, 3 TPI, 30 EPI, ZO",140095
17321,BK30ZO,BK30ZO,BK30ZO,"NYLON 6,6, 2100/1, 3 TPI, 30 EPI, ZO",128057
17321,BK30ZO,BK30ZO,BK30ZO,"NYLON 6,6, 2100/1, 3 TPI, 30 EPI, ZO",142889
17461,C402EJ,C402EJ,C402EJ,19X.22 +6X 1X.22/18X.20 +1 HT,84877
17501,C402UZ,C402UZ,C402UZ,3+9X.25+1 HT,80049
17561,Z01NG30ZO,Z01NG30ZO,Z01NG30ZO,"NYLON 6,6, 1400/2, 6x6 TPI, 30 EPI, ZO",119808
17601,152AX24YR,152AX24YR,152AX24YR,1100/1/3 dtex K29AP aramid,20241
17681,NF26ZO,NF26ZO,NF26ZO,Pink Dip version of NF26JA,72152
17721,Z14TM01CU,Z14TM01CU,Z14TM01CU,PET 2200/2 single end dipped cord pink dip,142201
17741,TU30CX,TU30CX,TU30CX,"HMLS PET, 1440/1/2, 9x9 TPI,30 EPI, CX",69994
17804,XD,XD,XD,3x.27 ST,142610
17841,CB01WU,CB01WU,CB01WU,"Hybrid 1100/2+940/1, CB SED cord",84347
17881,XC,XC,XC,"2X.30 ST
(Cooper 9400/9401)",143209
17902,XJ,XJ,XJ,"3x.20+6x.35 HT
(Cooper 9331)",144665
18013,TI28ST,TI28ST,TI28ST,"HMLS PET, 1440/2, 10.5x10.5 TPI, 28 EPI, ST - Cooper 5105",143962
18013,TI28ST,TI28ST,TI28ST,"HMLS PET, 1440/2, 10.5x10.5 TPI, 28 EPI, ST - Cooper 5105",144173
18015,YAE4ST,YAE4ST,YAE4ST,"HMLS PET, 2200/2, 6.9x6.9 TPI, 25.4 EPI, ST - Cooper 5109
",144700
18161,BP01UM/N,BP01UM/N,BP01UM/N,3X.22/9X.20+1 HT,128635
18221,FC01FR,FC01FR,FC01FR,3x.21/9x.185 UT,113292
18321,A07NC27ZO,A07NC27ZO,A07NC27ZO,940/1/2 N66; 12x12 tpi; 27 epi; ZO,138781
18701,Z02JC21QH,Z02JC21QH,Z02JC21QH,"NYLON 66, 940/2, 12x12 TPI, 21 EPI, QH T802 Yarn",24944
18721,RF448G44,RF448G44,RF448G44,1x5.0+(10+16+22+28)x2.0,43316
18761,EA,EA,EA,7x(3+9x0.36)+1,82284
18863,LR,LR,LR,1.55 mm NT (Cooper 9015),144545
18921,Z202XP,Z202XP,Z202XP,"2+2x.25 HT
(Cooper 9347)",144462
18961,N01BN32ZO,N01BN32ZO,N01BN32ZO,1400/1 dtex pink dip,65868
19081,U05TC28CX,U05TC28CX,U05TC28CX,"PET HMLS NAA, 1100/1/2 Dtex, 12x12 TPI, 28 EPI, CX",130325
19241,BP01UG,BP01UG,BP01UG,1X.20/18X.175 ST,128634
19301,Q101EB,Q101EB,Q101EB,4X6X.265HE-HT,80050
19361,CJ24YA,CJ24YA,CJ24YA,"Hybrid Aramid+Nylon 66, 1100/1 (A)+1400/1 (N66), (4.7z/5.5S)/4.7S TPI, 24 EPI, YA",124734
19441,S08T,S08T,S08T,yarn source change. yarn from the sustainable PET feedstock.,144588
