MATERIAL_CODE_ID,MATERIAL_CODE,CLASS,SUBCLASS,MATERIAL_DESC,SAP_STATUS,GBS_MATERIAL_TYPE,GBS_SECONDARY_MATERIAL_TYPE,GBS_COMPONENT_TYPE,STAINING,SAP_TYPE_OF_COMPONENT,MATERIAL_FORM,INITIAL_INSPECTION_CODE,PGM_ID
5,VC28HA,FABRIC,"POLYESTER - HMLS / NYLON 6,6","HMLS POLYESTER / NYLON 6,6 1100/1/2 12X12 28EPI HA",N,FABR,FABR,FABR,N,FABR, ,VC28HA,13161
8,US,WIRE,STEEL CORD,3+2x.35 ST,Y,WIRE,WIRE,BELT,N,BELT, ,US,130314
8,US,WIRE,STEEL CORD,3+2x.35 ST,Y,WIRE,WIRE,BELT,N,BELT, ,US,12969
8,US,WIRE,STEEL CORD,3+2x.35 ST,Y,WIRE,WIRE,BELT,N,BELT, ,US,141105
8,US,WIRE,STEEL CORD,3+2x.35 ST,Y,WIRE,WIRE,BELT,N,BELT, ,US,141106
8,US,WIRE,STEEL CORD,3+2x.35 ST,Y,WIRE,WIRE,BELT,N,BELT, ,US,137875
8,US,WIRE,STEEL CORD,3+2x.35 ST,Y,WIRE,WIRE,BELT,N,BELT, ,US,30569
8,US,WIRE,STEEL CORD,3+2x.35 ST,Y,WIRE,WIRE,BELT,N,BELT, ,US,43290
8,US,WIRE,STEEL CORD,3+2x.35 ST,Y,WIRE,WIRE,BELT,N,BELT, ,US,30572
8,US,WIRE,STEEL CORD,3+2x.35 ST,Y,WIRE,WIRE,BELT,N,BELT, ,US,115470
8,US,WIRE,STEEL CORD,3+2x.35 ST,Y,WIRE,WIRE,BELT,N,BELT, ,US,86015
8,US,WIRE,STEEL CORD,3+2x.35 ST,Y,WIRE,WIRE,BELT,N,BELT, ,US,44462
8,US,WIRE,STEEL CORD,3+2x.35 ST,Y,WIRE,WIRE,BELT,N,BELT, ,US,30568
8,US,WIRE,STEEL CORD,3+2x.35 ST,Y,WIRE,WIRE,BELT,N,BELT, ,US,59719
8,US,WIRE,STEEL CORD,3+2x.35 ST,Y,WIRE,WIRE,BELT,N,BELT, ,US,59720
8,US,WIRE,STEEL CORD,3+2x.35 ST,Y,WIRE,WIRE,BELT,N,BELT, ,US,30571
8,US,WIRE,STEEL CORD,3+2x.35 ST,Y,WIRE,WIRE,BELT,N,BELT, ,US,51741
8,US,WIRE,STEEL CORD,3+2x.35 ST,Y,WIRE,WIRE,BELT,N,BELT, ,US,24326
8,US,WIRE,STEEL CORD,3+2x.35 ST,Y,WIRE,WIRE,BELT,N,BELT, ,US,21495
8,US,WIRE,STEEL CORD,3+2x.35 ST,Y,WIRE,WIRE,BELT,N,BELT, ,US,25298
8,US,WIRE,STEEL CORD,3+2x.35 ST,Y,WIRE,WIRE,BELT,N,BELT, ,US,25297
8,US,WIRE,STEEL CORD,3+2x.35 ST,Y,WIRE,WIRE,BELT,N,BELT, ,US,20256
8,US,WIRE,STEEL CORD,3+2x.35 ST,Y,WIRE,WIRE,BELT,N,BELT, ,US,21637
8,US,WIRE,STEEL CORD,3+2x.35 ST,Y,WIRE,WIRE,BELT,N,BELT, ,US,30570
8,US,WIRE,STEEL CORD,3+2x.35 ST,Y,WIRE,WIRE,BELT,N,BELT, ,US,15294
8,US,WIRE,STEEL CORD,3+2x.35 ST,Y,WIRE,WIRE,BELT,N,BELT, ,US,16506
8,US,WIRE,STEEL CORD,3+2x.35 ST,Y,WIRE,WIRE,BELT,N,BELT, ,US,13679
8,US,WIRE,STEEL CORD,3+2x.35 ST,Y,WIRE,WIRE,BELT,N,BELT, ,US,13700
8,US,WIRE,STEEL CORD,3+2x.35 ST,Y,WIRE,WIRE,BELT,N,BELT, ,US,13951
8,US,WIRE,STEEL CORD,3+2x.35 ST,Y,WIRE,WIRE,BELT,N,BELT, ,US,13914
8,US,WIRE,STEEL CORD,3+2x.35 ST,Y,WIRE,WIRE,BELT,N,BELT, ,US,13915
8,US,WIRE,STEEL CORD,3+2x.35 ST,Y,WIRE,WIRE,BELT,N,BELT, ,US,14298
8,US,WIRE,STEEL CORD,3+2x.35 ST,Y,WIRE,WIRE,BELT,N,BELT, ,US,4381
8,US,WIRE,STEEL CORD,3+2x.35 ST,Y,WIRE,WIRE,BELT,N,BELT, ,US,12970
8,US,WIRE,STEEL CORD,3+2x.35 ST,Y,WIRE,WIRE,BELT,N,BELT, ,US,91169
12,TH28HA,FABRIC,POLYESTER - HMLS,HMLS POLYESTER  1100/1/2 10 X 10 TPI 28EPI HA,Y,FABR,FABR,POLYESTER-LO SHRINK/HI MODULUS,,POLYESTER-LO SHRINK/HI MODULUS,,TH28HA,7227
26,TC32HF,FABRIC,POLYESTER - HMLS,HMLS POLYESTER 1100/1/2 12X12 TPI 32EPI HF,Y,FABR,FABR,,,,,TC32HF,24403
27,TC28HF,FABRIC,POLYESTER - HMLS,HMLS POLYESTER  1100/1/2 12x12 TPI 28EPI HF,Y,FABR,FABR,FABR,N,FABR, ,TC28HF,26516
27,TC28HF,FABRIC,POLYESTER - HMLS,HMLS POLYESTER  1100/1/2 12x12 TPI 28EPI HF,Y,FABR,FABR,FABR,N,FABR, ,TC28HF,13118
27,TC28HF,FABRIC,POLYESTER - HMLS,HMLS POLYESTER  1100/1/2 12x12 TPI 28EPI HF,Y,FABR,FABR,FABR,N,FABR, ,TC28HF,35275
27,TC28HF,FABRIC,POLYESTER - HMLS,HMLS POLYESTER  1100/1/2 12x12 TPI 28EPI HF,Y,FABR,FABR,FABR,N,FABR, ,TC28HF,60876
27,TC28HF,FABRIC,POLYESTER - HMLS,HMLS POLYESTER  1100/1/2 12x12 TPI 28EPI HF,Y,FABR,FABR,FABR,N,FABR, ,TC28HF,42926
27,TC28HF,FABRIC,POLYESTER - HMLS,HMLS POLYESTER  1100/1/2 12x12 TPI 28EPI HF,Y,FABR,FABR,FABR,N,FABR, ,TC28HF,47817
27,TC28HF,FABRIC,POLYESTER - HMLS,HMLS POLYESTER  1100/1/2 12x12 TPI 28EPI HF,Y,FABR,FABR,FABR,N,FABR, ,TC28HF,26517
27,TC28HF,FABRIC,POLYESTER - HMLS,HMLS POLYESTER  1100/1/2 12x12 TPI 28EPI HF,Y,FABR,FABR,FABR,N,FABR, ,TC28HF,60743
27,TC28HF,FABRIC,POLYESTER - HMLS,HMLS POLYESTER  1100/1/2 12x12 TPI 28EPI HF,Y,FABR,FABR,FABR,N,FABR, ,TC28HF,26602
27,TC28HF,FABRIC,POLYESTER - HMLS,HMLS POLYESTER  1100/1/2 12x12 TPI 28EPI HF,Y,FABR,FABR,FABR,N,FABR, ,TC28HF,19106
27,TC28HF,FABRIC,POLYESTER - HMLS,HMLS POLYESTER  1100/1/2 12x12 TPI 28EPI HF,Y,FABR,FABR,FABR,N,FABR, ,TC28HF,24532
27,TC28HF,FABRIC,POLYESTER - HMLS,HMLS POLYESTER  1100/1/2 12x12 TPI 28EPI HF,Y,FABR,FABR,FABR,N,FABR, ,TC28HF,23126
27,TC28HF,FABRIC,POLYESTER - HMLS,HMLS POLYESTER  1100/1/2 12x12 TPI 28EPI HF,Y,FABR,FABR,FABR,N,FABR, ,TC28HF,23589
27,TC28HF,FABRIC,POLYESTER - HMLS,HMLS POLYESTER  1100/1/2 12x12 TPI 28EPI HF,Y,FABR,FABR,FABR,N,FABR, ,TC28HF,23775
27,TC28HF,FABRIC,POLYESTER - HMLS,HMLS POLYESTER  1100/1/2 12x12 TPI 28EPI HF,Y,FABR,FABR,FABR,N,FABR, ,TC28HF,25018
27,TC28HF,FABRIC,POLYESTER - HMLS,HMLS POLYESTER  1100/1/2 12x12 TPI 28EPI HF,Y,FABR,FABR,FABR,N,FABR, ,TC28HF,25809
27,TC28HF,FABRIC,POLYESTER - HMLS,HMLS POLYESTER  1100/1/2 12x12 TPI 28EPI HF,Y,FABR,FABR,FABR,N,FABR, ,TC28HF,18711
27,TC28HF,FABRIC,POLYESTER - HMLS,HMLS POLYESTER  1100/1/2 12x12 TPI 28EPI HF,Y,FABR,FABR,FABR,N,FABR, ,TC28HF,18504
27,TC28HF,FABRIC,POLYESTER - HMLS,HMLS POLYESTER  1100/1/2 12x12 TPI 28EPI HF,Y,FABR,FABR,FABR,N,FABR, ,TC28HF,18712
27,TC28HF,FABRIC,POLYESTER - HMLS,HMLS POLYESTER  1100/1/2 12x12 TPI 28EPI HF,Y,FABR,FABR,FABR,N,FABR, ,TC28HF,15760
27,TC28HF,FABRIC,POLYESTER - HMLS,HMLS POLYESTER  1100/1/2 12x12 TPI 28EPI HF,Y,FABR,FABR,FABR,N,FABR, ,TC28HF,15687
27,TC28HF,FABRIC,POLYESTER - HMLS,HMLS POLYESTER  1100/1/2 12x12 TPI 28EPI HF,Y,FABR,FABR,FABR,N,FABR, ,TC28HF,18044
27,TC28HF,FABRIC,POLYESTER - HMLS,HMLS POLYESTER  1100/1/2 12x12 TPI 28EPI HF,Y,FABR,FABR,FABR,N,FABR, ,TC28HF,18112
27,TC28HF,FABRIC,POLYESTER - HMLS,HMLS POLYESTER  1100/1/2 12x12 TPI 28EPI HF,Y,FABR,FABR,FABR,N,FABR, ,TC28HF,18206
27,TC28HF,FABRIC,POLYESTER - HMLS,HMLS POLYESTER  1100/1/2 12x12 TPI 28EPI HF,Y,FABR,FABR,FABR,N,FABR, ,TC28HF,18019
27,TC28HF,FABRIC,POLYESTER - HMLS,HMLS POLYESTER  1100/1/2 12x12 TPI 28EPI HF,Y,FABR,FABR,FABR,N,FABR, ,TC28HF,26379
27,TC28HF,FABRIC,POLYESTER - HMLS,HMLS POLYESTER  1100/1/2 12x12 TPI 28EPI HF,Y,FABR,FABR,FABR,N,FABR, ,TC28HF,26380
27,TC28HF,FABRIC,POLYESTER - HMLS,HMLS POLYESTER  1100/1/2 12x12 TPI 28EPI HF,Y,FABR,FABR,FABR,N,FABR, ,TC28HF,13630
27,TC28HF,FABRIC,POLYESTER - HMLS,HMLS POLYESTER  1100/1/2 12x12 TPI 28EPI HF,Y,FABR,FABR,FABR,N,FABR, ,TC28HF,13981
27,TC28HF,FABRIC,POLYESTER - HMLS,HMLS POLYESTER  1100/1/2 12x12 TPI 28EPI HF,Y,FABR,FABR,FABR,N,FABR, ,TC28HF,13996
27,TC28HF,FABRIC,POLYESTER - HMLS,HMLS POLYESTER  1100/1/2 12x12 TPI 28EPI HF,Y,FABR,FABR,FABR,N,FABR, ,TC28HF,14540
27,TC28HF,FABRIC,POLYESTER - HMLS,HMLS POLYESTER  1100/1/2 12x12 TPI 28EPI HF,Y,FABR,FABR,FABR,N,FABR, ,TC28HF,14500
27,TC28HF,FABRIC,POLYESTER - HMLS,HMLS POLYESTER  1100/1/2 12x12 TPI 28EPI HF,Y,FABR,FABR,FABR,N,FABR, ,TC28HF,14499
27,TC28HF,FABRIC,POLYESTER - HMLS,HMLS POLYESTER  1100/1/2 12x12 TPI 28EPI HF,Y,FABR,FABR,FABR,N,FABR, ,TC28HF,18046
27,TC28HF,FABRIC,POLYESTER - HMLS,HMLS POLYESTER  1100/1/2 12x12 TPI 28EPI HF,Y,FABR,FABR,FABR,N,FABR, ,TC28HF,9744
27,TC28HF,FABRIC,POLYESTER - HMLS,HMLS POLYESTER  1100/1/2 12x12 TPI 28EPI HF,Y,FABR,FABR,FABR,N,FABR, ,TC28HF,26607
28,TC28HA,FABRIC,POLYESTER - HMLS,HMLS POLYESTER  1100/1/2 12 X 12 TPI 28EPI HA,N,FABR,FABR,POLYESTER,N,POLYESTER, ,TC28HA,13116
28,TC28HA,FABRIC,POLYESTER - HMLS,HMLS POLYESTER  1100/1/2 12 X 12 TPI 28EPI HA,N,FABR,FABR,POLYESTER,N,POLYESTER, ,TC28HA,23951
52,Z04T,YARN,POLYESTER,1100 DECITEX HMLS POLYESTER,Y,,,,,,,Z04T,14036
54,Z02N,YARN,"NYLON 6,6","940 DECITEX NYLON 6,6",Y,,,,,,,Z02N,13608
55,Z01N,YARN,"NYLON 6,6","1400 DECITEX NYLON 6,6",Y,,,,,,,Z01N,13604
55,Z01N,YARN,"NYLON 6,6","1400 DECITEX NYLON 6,6",Y,,,,,,,Z01N,128517
61,WU,WIRE,STEEL CORD,3X7X.22HE,Y,WIRE,WIRE,BELT,,BELT,,WU,13473
61,WU,WIRE,STEEL CORD,3X7X.22HE,Y,WIRE,WIRE,BELT,,BELT,,WU,13471
62,WQ,WIRE,STEEL CORD,1X5X.38 HT 2CF,Y,WIRE,WIRE,BELT,,BELT,,WQ,15009
62,WQ,WIRE,STEEL CORD,1X5X.38 HT 2CF,Y,WIRE,WIRE,BELT,,BELT,,WQ,15048
62,WQ,WIRE,STEEL CORD,1X5X.38 HT 2CF,Y,WIRE,WIRE,BELT,,BELT,,WQ,16413
63,WP,WIRE,STEEL CORD,2+2x.25 NT,Y,WIRE,WIRE,BELT,N,BELT, ,WP,140697
63,WP,WIRE,STEEL CORD,2+2x.25 NT,Y,WIRE,WIRE,BELT,N,BELT, ,WP,3888
63,WP,WIRE,STEEL CORD,2+2x.25 NT,Y,WIRE,WIRE,BELT,N,BELT, ,WP,138947
63,WP,WIRE,STEEL CORD,2+2x.25 NT,Y,WIRE,WIRE,BELT,N,BELT, ,WP,140887
63,WP,WIRE,STEEL CORD,2+2x.25 NT,Y,WIRE,WIRE,BELT,N,BELT, ,WP,132414
63,WP,WIRE,STEEL CORD,2+2x.25 NT,Y,WIRE,WIRE,BELT,N,BELT, ,WP,79595
63,WP,WIRE,STEEL CORD,2+2x.25 NT,Y,WIRE,WIRE,BELT,N,BELT, ,WP,80321
63,WP,WIRE,STEEL CORD,2+2x.25 NT,Y,WIRE,WIRE,BELT,N,BELT, ,WP,139039
63,WP,WIRE,STEEL CORD,2+2x.25 NT,Y,WIRE,WIRE,BELT,N,BELT, ,WP,64258
63,WP,WIRE,STEEL CORD,2+2x.25 NT,Y,WIRE,WIRE,BELT,N,BELT, ,WP,64259
63,WP,WIRE,STEEL CORD,2+2x.25 NT,Y,WIRE,WIRE,BELT,N,BELT, ,WP,79051
63,WP,WIRE,STEEL CORD,2+2x.25 NT,Y,WIRE,WIRE,BELT,N,BELT, ,WP,111208
63,WP,WIRE,STEEL CORD,2+2x.25 NT,Y,WIRE,WIRE,BELT,N,BELT, ,WP,120557
63,WP,WIRE,STEEL CORD,2+2x.25 NT,Y,WIRE,WIRE,BELT,N,BELT, ,WP,50544
63,WP,WIRE,STEEL CORD,2+2x.25 NT,Y,WIRE,WIRE,BELT,N,BELT, ,WP,50635
63,WP,WIRE,STEEL CORD,2+2x.25 NT,Y,WIRE,WIRE,BELT,N,BELT, ,WP,42390
63,WP,WIRE,STEEL CORD,2+2x.25 NT,Y,WIRE,WIRE,BELT,N,BELT, ,WP,20426
63,WP,WIRE,STEEL CORD,2+2x.25 NT,Y,WIRE,WIRE,BELT,N,BELT, ,WP,21148
63,WP,WIRE,STEEL CORD,2+2x.25 NT,Y,WIRE,WIRE,BELT,N,BELT, ,WP,20427
63,WP,WIRE,STEEL CORD,2+2x.25 NT,Y,WIRE,WIRE,BELT,N,BELT, ,WP,21065
63,WP,WIRE,STEEL CORD,2+2x.25 NT,Y,WIRE,WIRE,BELT,N,BELT, ,WP,24357
63,WP,WIRE,STEEL CORD,2+2x.25 NT,Y,WIRE,WIRE,BELT,N,BELT, ,WP,43159
63,WP,WIRE,STEEL CORD,2+2x.25 NT,Y,WIRE,WIRE,BELT,N,BELT, ,WP,16487
63,WP,WIRE,STEEL CORD,2+2x.25 NT,Y,WIRE,WIRE,BELT,N,BELT, ,WP,18403
63,WP,WIRE,STEEL CORD,2+2x.25 NT,Y,WIRE,WIRE,BELT,N,BELT, ,WP,16274
63,WP,WIRE,STEEL CORD,2+2x.25 NT,Y,WIRE,WIRE,BELT,N,BELT, ,WP,16411
63,WP,WIRE,STEEL CORD,2+2x.25 NT,Y,WIRE,WIRE,BELT,N,BELT, ,WP,16344
63,WP,WIRE,STEEL CORD,2+2x.25 NT,Y,WIRE,WIRE,BELT,N,BELT, ,WP,16489
63,WP,WIRE,STEEL CORD,2+2x.25 NT,Y,WIRE,WIRE,BELT,N,BELT, ,WP,24899
63,WP,WIRE,STEEL CORD,2+2x.25 NT,Y,WIRE,WIRE,BELT,N,BELT, ,WP,13923
63,WP,WIRE,STEEL CORD,2+2x.25 NT,Y,WIRE,WIRE,BELT,N,BELT, ,WP,13969
63,WP,WIRE,STEEL CORD,2+2x.25 NT,Y,WIRE,WIRE,BELT,N,BELT, ,WP,14416
63,WP,WIRE,STEEL CORD,2+2x.25 NT,Y,WIRE,WIRE,BELT,N,BELT, ,WP,14280
63,WP,WIRE,STEEL CORD,2+2x.25 NT,Y,WIRE,WIRE,BELT,N,BELT, ,WP,14282
63,WP,WIRE,STEEL CORD,2+2x.25 NT,Y,WIRE,WIRE,BELT,N,BELT, ,WP,17920
63,WP,WIRE,STEEL CORD,2+2x.25 NT,Y,WIRE,WIRE,BELT,N,BELT, ,WP,17921
63,WP,WIRE,STEEL CORD,2+2x.25 NT,Y,WIRE,WIRE,BELT,N,BELT, ,WP,18411
63,WP,WIRE,STEEL CORD,2+2x.25 NT,Y,WIRE,WIRE,BELT,N,BELT, ,WP,3748
63,WP,WIRE,STEEL CORD,2+2x.25 NT,Y,WIRE,WIRE,BELT,N,BELT, ,WP,3882
63,WP,WIRE,STEEL CORD,2+2x.25 NT,Y,WIRE,WIRE,BELT,N,BELT, ,WP,3884
63,WP,WIRE,STEEL CORD,2+2x.25 NT,Y,WIRE,WIRE,BELT,N,BELT, ,WP,3885
63,WP,WIRE,STEEL CORD,2+2x.25 NT,Y,WIRE,WIRE,BELT,N,BELT, ,WP,138915
67,WL,WIRE,STEEL CORD,2x.295 HT,Y,WIRE,WIRE,BELT,N,BELT, ,WL,24063
67,WL,WIRE,STEEL CORD,2x.295 HT,Y,WIRE,WIRE,BELT,N,BELT, ,WL,24325
67,WL,WIRE,STEEL CORD,2x.295 HT,Y,WIRE,WIRE,BELT,N,BELT, ,WL,24802
67,WL,WIRE,STEEL CORD,2x.295 HT,Y,WIRE,WIRE,BELT,N,BELT, ,WL,25087
67,WL,WIRE,STEEL CORD,2x.295 HT,Y,WIRE,WIRE,BELT,N,BELT, ,WL,20855
67,WL,WIRE,STEEL CORD,2x.295 HT,Y,WIRE,WIRE,BELT,N,BELT, ,WL,24062
67,WL,WIRE,STEEL CORD,2x.295 HT,Y,WIRE,WIRE,BELT,N,BELT, ,WL,20404
67,WL,WIRE,STEEL CORD,2x.295 HT,Y,WIRE,WIRE,BELT,N,BELT, ,WL,20413
67,WL,WIRE,STEEL CORD,2x.295 HT,Y,WIRE,WIRE,BELT,N,BELT, ,WL,20442
67,WL,WIRE,STEEL CORD,2x.295 HT,Y,WIRE,WIRE,BELT,N,BELT, ,WL,45416
67,WL,WIRE,STEEL CORD,2x.295 HT,Y,WIRE,WIRE,BELT,N,BELT, ,WL,16244
67,WL,WIRE,STEEL CORD,2x.295 HT,Y,WIRE,WIRE,BELT,N,BELT, ,WL,16410
67,WL,WIRE,STEEL CORD,2x.295 HT,Y,WIRE,WIRE,BELT,N,BELT, ,WL,14884
67,WL,WIRE,STEEL CORD,2x.295 HT,Y,WIRE,WIRE,BELT,N,BELT, ,WL,17389
67,WL,WIRE,STEEL CORD,2x.295 HT,Y,WIRE,WIRE,BELT,N,BELT, ,WL,15355
67,WL,WIRE,STEEL CORD,2x.295 HT,Y,WIRE,WIRE,BELT,N,BELT, ,WL,18353
67,WL,WIRE,STEEL CORD,2x.295 HT,Y,WIRE,WIRE,BELT,N,BELT, ,WL,17919
67,WL,WIRE,STEEL CORD,2x.295 HT,Y,WIRE,WIRE,BELT,N,BELT, ,WL,15813
67,WL,WIRE,STEEL CORD,2x.295 HT,Y,WIRE,WIRE,BELT,N,BELT, ,WL,20421
67,WL,WIRE,STEEL CORD,2x.295 HT,Y,WIRE,WIRE,BELT,N,BELT, ,WL,24810
67,WL,WIRE,STEEL CORD,2x.295 HT,Y,WIRE,WIRE,BELT,N,BELT, ,WL,20419
67,WL,WIRE,STEEL CORD,2x.295 HT,Y,WIRE,WIRE,BELT,N,BELT, ,WL,13107
67,WL,WIRE,STEEL CORD,2x.295 HT,Y,WIRE,WIRE,BELT,N,BELT, ,WL,13678
67,WL,WIRE,STEEL CORD,2x.295 HT,Y,WIRE,WIRE,BELT,N,BELT, ,WL,13913
67,WL,WIRE,STEEL CORD,2x.295 HT,Y,WIRE,WIRE,BELT,N,BELT, ,WL,13950
67,WL,WIRE,STEEL CORD,2x.295 HT,Y,WIRE,WIRE,BELT,N,BELT, ,WL,14418
67,WL,WIRE,STEEL CORD,2x.295 HT,Y,WIRE,WIRE,BELT,N,BELT, ,WL,14414
67,WL,WIRE,STEEL CORD,2x.295 HT,Y,WIRE,WIRE,BELT,N,BELT, ,WL,14281
67,WL,WIRE,STEEL CORD,2x.295 HT,Y,WIRE,WIRE,BELT,N,BELT, ,WL,14885
67,WL,WIRE,STEEL CORD,2x.295 HT,Y,WIRE,WIRE,BELT,N,BELT, ,WL,14985
67,WL,WIRE,STEEL CORD,2x.295 HT,Y,WIRE,WIRE,BELT,N,BELT, ,WL,18506
67,WL,WIRE,STEEL CORD,2x.295 HT,Y,WIRE,WIRE,BELT,N,BELT, ,WL,3747
67,WL,WIRE,STEEL CORD,2x.295 HT,Y,WIRE,WIRE,BELT,N,BELT, ,WL,3887
67,WL,WIRE,STEEL CORD,2x.295 HT,Y,WIRE,WIRE,BELT,N,BELT, ,WL,2402
67,WL,WIRE,STEEL CORD,2x.295 HT,Y,WIRE,WIRE,BELT,N,BELT, ,WL,2541
67,WL,WIRE,STEEL CORD,2x.295 HT,Y,WIRE,WIRE,BELT,N,BELT, ,WL,10542
67,WL,WIRE,STEEL CORD,2x.295 HT,Y,WIRE,WIRE,BELT,N,BELT, ,WL,12143
67,WL,WIRE,STEEL CORD,2x.295 HT,Y,WIRE,WIRE,BELT,N,BELT, ,WL,12561
67,WL,WIRE,STEEL CORD,2x.295 HT,Y,WIRE,WIRE,BELT,N,BELT, ,WL,13130
67,WL,WIRE,STEEL CORD,2x.295 HT,Y,WIRE,WIRE,BELT,N,BELT, ,WL,138653
67,WL,WIRE,STEEL CORD,2x.295 HT,Y,WIRE,WIRE,BELT,N,BELT, ,WL,143210
67,WL,WIRE,STEEL CORD,2x.295 HT,Y,WIRE,WIRE,BELT,N,BELT, ,WL,144572
67,WL,WIRE,STEEL CORD,2x.295 HT,Y,WIRE,WIRE,BELT,N,BELT, ,WL,145382
67,WL,WIRE,STEEL CORD,2x.295 HT,Y,WIRE,WIRE,BELT,N,BELT, ,WL,138216
67,WL,WIRE,STEEL CORD,2x.295 HT,Y,WIRE,WIRE,BELT,N,BELT, ,WL,137791
67,WL,WIRE,STEEL CORD,2x.295 HT,Y,WIRE,WIRE,BELT,N,BELT, ,WL,110687
67,WL,WIRE,STEEL CORD,2x.295 HT,Y,WIRE,WIRE,BELT,N,BELT, ,WL,99958
67,WL,WIRE,STEEL CORD,2x.295 HT,Y,WIRE,WIRE,BELT,N,BELT, ,WL,127935
67,WL,WIRE,STEEL CORD,2x.295 HT,Y,WIRE,WIRE,BELT,N,BELT, ,WL,99959
67,WL,WIRE,STEEL CORD,2x.295 HT,Y,WIRE,WIRE,BELT,N,BELT, ,WL,102862
67,WL,WIRE,STEEL CORD,2x.295 HT,Y,WIRE,WIRE,BELT,N,BELT, ,WL,133124
67,WL,WIRE,STEEL CORD,2x.295 HT,Y,WIRE,WIRE,BELT,N,BELT, ,WL,113987
67,WL,WIRE,STEEL CORD,2x.295 HT,Y,WIRE,WIRE,BELT,N,BELT, ,WL,121121
67,WL,WIRE,STEEL CORD,2x.295 HT,Y,WIRE,WIRE,BELT,N,BELT, ,WL,132550
67,WL,WIRE,STEEL CORD,2x.295 HT,Y,WIRE,WIRE,BELT,N,BELT, ,WL,113376
67,WL,WIRE,STEEL CORD,2x.295 HT,Y,WIRE,WIRE,BELT,N,BELT, ,WL,136725
67,WL,WIRE,STEEL CORD,2x.295 HT,Y,WIRE,WIRE,BELT,N,BELT, ,WL,139456
67,WL,WIRE,STEEL CORD,2x.295 HT,Y,WIRE,WIRE,BELT,N,BELT, ,WL,141617
67,WL,WIRE,STEEL CORD,2x.295 HT,Y,WIRE,WIRE,BELT,N,BELT, ,WL,144417
67,WL,WIRE,STEEL CORD,2x.295 HT,Y,WIRE,WIRE,BELT,N,BELT, ,WL,140073
67,WL,WIRE,STEEL CORD,2x.295 HT,Y,WIRE,WIRE,BELT,N,BELT, ,WL,140074
67,WL,WIRE,STEEL CORD,2x.295 HT,Y,WIRE,WIRE,BELT,N,BELT, ,WL,140263
67,WL,WIRE,STEEL CORD,2x.295 HT,Y,WIRE,WIRE,BELT,N,BELT, ,WL,138307
67,WL,WIRE,STEEL CORD,2x.295 HT,Y,WIRE,WIRE,BELT,N,BELT, ,WL,138308
67,WL,WIRE,STEEL CORD,2x.295 HT,Y,WIRE,WIRE,BELT,N,BELT, ,WL,138309
67,WL,WIRE,STEEL CORD,2x.295 HT,Y,WIRE,WIRE,BELT,N,BELT, ,WL,138426
67,WL,WIRE,STEEL CORD,2x.295 HT,Y,WIRE,WIRE,BELT,N,BELT, ,WL,138427
67,WL,WIRE,STEEL CORD,2x.295 HT,Y,WIRE,WIRE,BELT,N,BELT, ,WL,42274
67,WL,WIRE,STEEL CORD,2x.295 HT,Y,WIRE,WIRE,BELT,N,BELT, ,WL,42476
67,WL,WIRE,STEEL CORD,2x.295 HT,Y,WIRE,WIRE,BELT,N,BELT, ,WL,28886
67,WL,WIRE,STEEL CORD,2x.295 HT,Y,WIRE,WIRE,BELT,N,BELT, ,WL,40906
67,WL,WIRE,STEEL CORD,2x.295 HT,Y,WIRE,WIRE,BELT,N,BELT, ,WL,44607
67,WL,WIRE,STEEL CORD,2x.295 HT,Y,WIRE,WIRE,BELT,N,BELT, ,WL,42273
67,WL,WIRE,STEEL CORD,2x.295 HT,Y,WIRE,WIRE,BELT,N,BELT, ,WL,119880
67,WL,WIRE,STEEL CORD,2x.295 HT,Y,WIRE,WIRE,BELT,N,BELT, ,WL,125329
67,WL,WIRE,STEEL CORD,2x.295 HT,Y,WIRE,WIRE,BELT,N,BELT, ,WL,111743
67,WL,WIRE,STEEL CORD,2x.295 HT,Y,WIRE,WIRE,BELT,N,BELT, ,WL,121189
67,WL,WIRE,STEEL CORD,2x.295 HT,Y,WIRE,WIRE,BELT,N,BELT, ,WL,128056
67,WL,WIRE,STEEL CORD,2x.295 HT,Y,WIRE,WIRE,BELT,N,BELT, ,WL,127938
67,WL,WIRE,STEEL CORD,2x.295 HT,Y,WIRE,WIRE,BELT,N,BELT, ,WL,82224
67,WL,WIRE,STEEL CORD,2x.295 HT,Y,WIRE,WIRE,BELT,N,BELT, ,WL,112749
67,WL,WIRE,STEEL CORD,2x.295 HT,Y,WIRE,WIRE,BELT,N,BELT, ,WL,45414
67,WL,WIRE,STEEL CORD,2x.295 HT,Y,WIRE,WIRE,BELT,N,BELT, ,WL,42205
67,WL,WIRE,STEEL CORD,2x.295 HT,Y,WIRE,WIRE,BELT,N,BELT, ,WL,29513
67,WL,WIRE,STEEL CORD,2x.295 HT,Y,WIRE,WIRE,BELT,N,BELT, ,WL,42404
67,WL,WIRE,STEEL CORD,2x.295 HT,Y,WIRE,WIRE,BELT,N,BELT, ,WL,64160
67,WL,WIRE,STEEL CORD,2x.295 HT,Y,WIRE,WIRE,BELT,N,BELT, ,WL,42755
67,WL,WIRE,STEEL CORD,2x.295 HT,Y,WIRE,WIRE,BELT,N,BELT, ,WL,57459
67,WL,WIRE,STEEL CORD,2x.295 HT,Y,WIRE,WIRE,BELT,N,BELT, ,WL,57461
67,WL,WIRE,STEEL CORD,2x.295 HT,Y,WIRE,WIRE,BELT,N,BELT, ,WL,64085
67,WL,WIRE,STEEL CORD,2x.295 HT,Y,WIRE,WIRE,BELT,N,BELT, ,WL,31835
67,WL,WIRE,STEEL CORD,2x.295 HT,Y,WIRE,WIRE,BELT,N,BELT, ,WL,20525
67,WL,WIRE,STEEL CORD,2x.295 HT,Y,WIRE,WIRE,BELT,N,BELT, ,WL,24720
67,WL,WIRE,STEEL CORD,2x.295 HT,Y,WIRE,WIRE,BELT,N,BELT, ,WL,20415
67,WL,WIRE,STEEL CORD,2x.295 HT,Y,WIRE,WIRE,BELT,N,BELT, ,WL,20420
67,WL,WIRE,STEEL CORD,2x.295 HT,Y,WIRE,WIRE,BELT,N,BELT, ,WL,20872
67,WL,WIRE,STEEL CORD,2x.295 HT,Y,WIRE,WIRE,BELT,N,BELT, ,WL,23214
67,WL,WIRE,STEEL CORD,2x.295 HT,Y,WIRE,WIRE,BELT,N,BELT, ,WL,20329
67,WL,WIRE,STEEL CORD,2x.295 HT,Y,WIRE,WIRE,BELT,N,BELT, ,WL,20407
67,WL,WIRE,STEEL CORD,2x.295 HT,Y,WIRE,WIRE,BELT,N,BELT, ,WL,24064
67,WL,WIRE,STEEL CORD,2x.295 HT,Y,WIRE,WIRE,BELT,N,BELT, ,WL,20330
67,WL,WIRE,STEEL CORD,2x.295 HT,Y,WIRE,WIRE,BELT,N,BELT, ,WL,20410
67,WL,WIRE,STEEL CORD,2x.295 HT,Y,WIRE,WIRE,BELT,N,BELT, ,WL,24267
78,U03T,YARN,POLYESTER - HMLS,1440 DECITEX HMLS POLYESTER,Y,,,,,,,U03T,947
79,U02T,YARN,POLYESTER - HMLS,1100 DECITEX HMLS POLYESTER,Y,,,,,,,U02T,943
80,U02N,YARN,"NYLON 6,6","1400 DECITEX NYLON 6,6",Y,,,,,,,U02N,3344
82,TV28HF,FABRIC,POLYESTER - HMLS,"HMLS POLYESTER 1670/1/2 8.5x8.5TPI, 28EPI HF",Y,FABR,FABR,FABR,N,FABR, ,TV28HF,29812
82,TV28HF,FABRIC,POLYESTER - HMLS,"HMLS POLYESTER 1670/1/2 8.5x8.5TPI, 28EPI HF",Y,FABR,FABR,FABR,N,FABR, ,TV28HF,30212
82,TV28HF,FABRIC,POLYESTER - HMLS,"HMLS POLYESTER 1670/1/2 8.5x8.5TPI, 28EPI HF",Y,FABR,FABR,FABR,N,FABR, ,TV28HF,24360
82,TV28HF,FABRIC,POLYESTER - HMLS,"HMLS POLYESTER 1670/1/2 8.5x8.5TPI, 28EPI HF",Y,FABR,FABR,FABR,N,FABR, ,TV28HF,19830
82,TV28HF,FABRIC,POLYESTER - HMLS,"HMLS POLYESTER 1670/1/2 8.5x8.5TPI, 28EPI HF",Y,FABR,FABR,FABR,N,FABR, ,TV28HF,24511
82,TV28HF,FABRIC,POLYESTER - HMLS,"HMLS POLYESTER 1670/1/2 8.5x8.5TPI, 28EPI HF",Y,FABR,FABR,FABR,N,FABR, ,TV28HF,13119
82,TV28HF,FABRIC,POLYESTER - HMLS,"HMLS POLYESTER 1670/1/2 8.5x8.5TPI, 28EPI HF",Y,FABR,FABR,FABR,N,FABR, ,TV28HF,16466
82,TV28HF,FABRIC,POLYESTER - HMLS,"HMLS POLYESTER 1670/1/2 8.5x8.5TPI, 28EPI HF",Y,FABR,FABR,FABR,N,FABR, ,TV28HF,16461
82,TV28HF,FABRIC,POLYESTER - HMLS,"HMLS POLYESTER 1670/1/2 8.5x8.5TPI, 28EPI HF",Y,FABR,FABR,FABR,N,FABR, ,TV28HF,18505
82,TV28HF,FABRIC,POLYESTER - HMLS,"HMLS POLYESTER 1670/1/2 8.5x8.5TPI, 28EPI HF",Y,FABR,FABR,FABR,N,FABR, ,TV28HF,18014
82,TV28HF,FABRIC,POLYESTER - HMLS,"HMLS POLYESTER 1670/1/2 8.5x8.5TPI, 28EPI HF",Y,FABR,FABR,FABR,N,FABR, ,TV28HF,24227
87,TU32HF,FABRIC,POLYESTER - HMLS,"HMLS POLYESTER 1440/1/2, 9x9TPI, 32EPI HF",Y,FABR,FABR,FABR,N,FABR, ,TU32HF,44461
87,TU32HF,FABRIC,POLYESTER - HMLS,"HMLS POLYESTER 1440/1/2, 9x9TPI, 32EPI HF",Y,FABR,FABR,FABR,N,FABR, ,TU32HF,13264
87,TU32HF,FABRIC,POLYESTER - HMLS,"HMLS POLYESTER 1440/1/2, 9x9TPI, 32EPI HF",Y,FABR,FABR,FABR,N,FABR, ,TU32HF,10622
87,TU32HF,FABRIC,POLYESTER - HMLS,"HMLS POLYESTER 1440/1/2, 9x9TPI, 32EPI HF",Y,FABR,FABR,FABR,N,FABR, ,TU32HF,1204
87,TU32HF,FABRIC,POLYESTER - HMLS,"HMLS POLYESTER 1440/1/2, 9x9TPI, 32EPI HF",Y,FABR,FABR,FABR,N,FABR, ,TU32HF,18048
87,TU32HF,FABRIC,POLYESTER - HMLS,"HMLS POLYESTER 1440/1/2, 9x9TPI, 32EPI HF",Y,FABR,FABR,FABR,N,FABR, ,TU32HF,13979
87,TU32HF,FABRIC,POLYESTER - HMLS,"HMLS POLYESTER 1440/1/2, 9x9TPI, 32EPI HF",Y,FABR,FABR,FABR,N,FABR, ,TU32HF,13980
87,TU32HF,FABRIC,POLYESTER - HMLS,"HMLS POLYESTER 1440/1/2, 9x9TPI, 32EPI HF",Y,FABR,FABR,FABR,N,FABR, ,TU32HF,13982
87,TU32HF,FABRIC,POLYESTER - HMLS,"HMLS POLYESTER 1440/1/2, 9x9TPI, 32EPI HF",Y,FABR,FABR,FABR,N,FABR, ,TU32HF,13316
87,TU32HF,FABRIC,POLYESTER - HMLS,"HMLS POLYESTER 1440/1/2, 9x9TPI, 32EPI HF",Y,FABR,FABR,FABR,N,FABR, ,TU32HF,13492
87,TU32HF,FABRIC,POLYESTER - HMLS,"HMLS POLYESTER 1440/1/2, 9x9TPI, 32EPI HF",Y,FABR,FABR,FABR,N,FABR, ,TU32HF,13503
87,TU32HF,FABRIC,POLYESTER - HMLS,"HMLS POLYESTER 1440/1/2, 9x9TPI, 32EPI HF",Y,FABR,FABR,FABR,N,FABR, ,TU32HF,18020
87,TU32HF,FABRIC,POLYESTER - HMLS,"HMLS POLYESTER 1440/1/2, 9x9TPI, 32EPI HF",Y,FABR,FABR,FABR,N,FABR, ,TU32HF,18113
87,TU32HF,FABRIC,POLYESTER - HMLS,"HMLS POLYESTER 1440/1/2, 9x9TPI, 32EPI HF",Y,FABR,FABR,FABR,N,FABR, ,TU32HF,49015
87,TU32HF,FABRIC,POLYESTER - HMLS,"HMLS POLYESTER 1440/1/2, 9x9TPI, 32EPI HF",Y,FABR,FABR,FABR,N,FABR, ,TU32HF,52070
87,TU32HF,FABRIC,POLYESTER - HMLS,"HMLS POLYESTER 1440/1/2, 9x9TPI, 32EPI HF",Y,FABR,FABR,FABR,N,FABR, ,TU32HF,61706
87,TU32HF,FABRIC,POLYESTER - HMLS,"HMLS POLYESTER 1440/1/2, 9x9TPI, 32EPI HF",Y,FABR,FABR,FABR,N,FABR, ,TU32HF,35429
87,TU32HF,FABRIC,POLYESTER - HMLS,"HMLS POLYESTER 1440/1/2, 9x9TPI, 32EPI HF",Y,FABR,FABR,FABR,N,FABR, ,TU32HF,47326
87,TU32HF,FABRIC,POLYESTER - HMLS,"HMLS POLYESTER 1440/1/2, 9x9TPI, 32EPI HF",Y,FABR,FABR,FABR,N,FABR, ,TU32HF,47759
87,TU32HF,FABRIC,POLYESTER - HMLS,"HMLS POLYESTER 1440/1/2, 9x9TPI, 32EPI HF",Y,FABR,FABR,FABR,N,FABR, ,TU32HF,47760
87,TU32HF,FABRIC,POLYESTER - HMLS,"HMLS POLYESTER 1440/1/2, 9x9TPI, 32EPI HF",Y,FABR,FABR,FABR,N,FABR, ,TU32HF,48567
87,TU32HF,FABRIC,POLYESTER - HMLS,"HMLS POLYESTER 1440/1/2, 9x9TPI, 32EPI HF",Y,FABR,FABR,FABR,N,FABR, ,TU32HF,49014
87,TU32HF,FABRIC,POLYESTER - HMLS,"HMLS POLYESTER 1440/1/2, 9x9TPI, 32EPI HF",Y,FABR,FABR,FABR,N,FABR, ,TU32HF,43347
87,TU32HF,FABRIC,POLYESTER - HMLS,"HMLS POLYESTER 1440/1/2, 9x9TPI, 32EPI HF",Y,FABR,FABR,FABR,N,FABR, ,TU32HF,23343
87,TU32HF,FABRIC,POLYESTER - HMLS,"HMLS POLYESTER 1440/1/2, 9x9TPI, 32EPI HF",Y,FABR,FABR,FABR,N,FABR, ,TU32HF,19105
87,TU32HF,FABRIC,POLYESTER - HMLS,"HMLS POLYESTER 1440/1/2, 9x9TPI, 32EPI HF",Y,FABR,FABR,FABR,N,FABR, ,TU32HF,19109
87,TU32HF,FABRIC,POLYESTER - HMLS,"HMLS POLYESTER 1440/1/2, 9x9TPI, 32EPI HF",Y,FABR,FABR,FABR,N,FABR, ,TU32HF,24892
87,TU32HF,FABRIC,POLYESTER - HMLS,"HMLS POLYESTER 1440/1/2, 9x9TPI, 32EPI HF",Y,FABR,FABR,FABR,N,FABR, ,TU32HF,18045
87,TU32HF,FABRIC,POLYESTER - HMLS,"HMLS POLYESTER 1440/1/2, 9x9TPI, 32EPI HF",Y,FABR,FABR,FABR,N,FABR, ,TU32HF,15761
87,TU32HF,FABRIC,POLYESTER - HMLS,"HMLS POLYESTER 1440/1/2, 9x9TPI, 32EPI HF",Y,FABR,FABR,FABR,N,FABR, ,TU32HF,18710
87,TU32HF,FABRIC,POLYESTER - HMLS,"HMLS POLYESTER 1440/1/2, 9x9TPI, 32EPI HF",Y,FABR,FABR,FABR,N,FABR, ,TU32HF,18021
87,TU32HF,FABRIC,POLYESTER - HMLS,"HMLS POLYESTER 1440/1/2, 9x9TPI, 32EPI HF",Y,FABR,FABR,FABR,N,FABR, ,TU32HF,15688
87,TU32HF,FABRIC,POLYESTER - HMLS,"HMLS POLYESTER 1440/1/2, 9x9TPI, 32EPI HF",Y,FABR,FABR,FABR,N,FABR, ,TU32HF,14821
87,TU32HF,FABRIC,POLYESTER - HMLS,"HMLS POLYESTER 1440/1/2, 9x9TPI, 32EPI HF",Y,FABR,FABR,FABR,N,FABR, ,TU32HF,18047
93,TM27HB,FABRIC,POLYESTER - HMLS,HMLS POLYESTER 2200/1/2  8.5X8.5 TPI 27EPI HB,Y,FABR,FABR,POLYESTER-LO SHRINK/HI MODULUS,,POLYESTER-LO SHRINK/HI MODULUS,,TM27HB,13148
93,TM27HB,FABRIC,POLYESTER - HMLS,HMLS POLYESTER 2200/1/2  8.5X8.5 TPI 27EPI HB,Y,FABR,FABR,POLYESTER-LO SHRINK/HI MODULUS,,POLYESTER-LO SHRINK/HI MODULUS,,TM27HB,6481
93,TM27HB,FABRIC,POLYESTER - HMLS,HMLS POLYESTER 2200/1/2  8.5X8.5 TPI 27EPI HB,Y,FABR,FABR,POLYESTER-LO SHRINK/HI MODULUS,,POLYESTER-LO SHRINK/HI MODULUS,,TM27HB,7228
99,WD,WIRE,STEEL CORD,1+5X.185UT,Y,WIRE,WIRE,INSERT,,INSERT,,WD,14805
99,WD,WIRE,STEEL CORD,1+5X.185UT,Y,WIRE,WIRE,INSERT,,INSERT,,WD,13030
99,WD,WIRE,STEEL CORD,1+5X.185UT,Y,WIRE,WIRE,INSERT,,INSERT,,WD,17568
99,WD,WIRE,STEEL CORD,1+5X.185UT,Y,WIRE,WIRE,INSERT,,INSERT,,WD,105412
110,NH,Single End Dipped Cord,"NYLON 6,6","1400/1/2 DECITEX NYLON 6,6 WOVEN",Y,FABR,FABRSQW,"NYLON 6,6",N,"NYLON 6,6", ,NH,12024
110,NH,Single End Dipped Cord,"NYLON 6,6","1400/1/2 DECITEX NYLON 6,6 WOVEN",Y,FABR,FABRSQW,"NYLON 6,6",N,"NYLON 6,6", ,NH,13256
110,NH,Single End Dipped Cord,"NYLON 6,6","1400/1/2 DECITEX NYLON 6,6 WOVEN",Y,FABR,FABRSQW,"NYLON 6,6",N,"NYLON 6,6", ,NH,19165
111,NG30SJ,FABRIC,"NYLON 6,6","NYLON 6,6 1400/1/2 6X6 TPI 30EPI SJ",Y,FABR,FABR,,,,,NG30SJ,11801
112,NG30SG,FABRIC,"NYLON 6,6","NYLON 6,6 1400/1/2 6x6 TPI 30EPI SG",Y,FABR,FABR,FABR,N,FABR, ,NG30SG,11742
113,NG30JA,FABRIC,"NYLON 6,6","NYLON 6,6 1400/1/2 6X6 TPI 30EPI JA",Y,FABR,FABR,,,,,NG30JA,11922
113,NG30JA,FABRIC,"NYLON 6,6","NYLON 6,6 1400/1/2 6X6 TPI 30EPI JA",Y,FABR,FABR,,,,,NG30JA,18800
113,NG30JA,FABRIC,"NYLON 6,6","NYLON 6,6 1400/1/2 6X6 TPI 30EPI JA",Y,FABR,FABR,,,,,NG30JA,24189
113,NG30JA,FABRIC,"NYLON 6,6","NYLON 6,6 1400/1/2 6X6 TPI 30EPI JA",Y,FABR,FABR,,,,,NG30JA,25317
113,NG30JA,FABRIC,"NYLON 6,6","NYLON 6,6 1400/1/2 6X6 TPI 30EPI JA",Y,FABR,FABR,,,,,NG30JA,15692
114,NG,Single End Dipped Cord,"NYLON 6,6","1400/2 DECITEX NYLON 6,6 WOVEN",Y,FABR,FABRSQW,NYLON CORD,N,NYLON CORD, ,NG,22200
115,NF30ME,FABRIC,"NYLON 6,6","NYLON 6,6 1400/1/2 10 X 10 TPI 30EPI ME",Y,FABR,FABR,NYLON 66,,NYLON 66,,NF30ME,15340
115,NF30ME,FABRIC,"NYLON 6,6","NYLON 6,6 1400/1/2 10 X 10 TPI 30EPI ME",Y,FABR,FABR,NYLON 66,,NYLON 66,,NF30ME,14143
115,NF30ME,FABRIC,"NYLON 6,6","NYLON 6,6 1400/1/2 10 X 10 TPI 30EPI ME",Y,FABR,FABR,NYLON 66,,NYLON 66,,NF30ME,19410
115,NF30ME,FABRIC,"NYLON 6,6","NYLON 6,6 1400/1/2 10 X 10 TPI 30EPI ME",Y,FABR,FABR,NYLON 66,,NYLON 66,,NF30ME,25439
115,NF30ME,FABRIC,"NYLON 6,6","NYLON 6,6 1400/1/2 10 X 10 TPI 30EPI ME",Y,FABR,FABR,NYLON 66,,NYLON 66,,NF30ME,28631
115,NF30ME,FABRIC,"NYLON 6,6","NYLON 6,6 1400/1/2 10 X 10 TPI 30EPI ME",Y,FABR,FABR,NYLON 66,,NYLON 66,,NF30ME,21271
119,NF26,GREIGE,"NYLON 6,6","NYLON 6,6 1400/1/2 10X10 TPI 26EPI",N,FABR,FABR,FABR,N,FABR, ,NF26,2982
121,NF23,GREIGE,"NYLON 6,6","NYLON 6,6  1400/1/2 10 X 10 TPI 23EPI",N,FABR,FABR,FABR,N,FABR, ,NF23,15466
121,NF23,GREIGE,"NYLON 6,6","NYLON 6,6  1400/1/2 10 X 10 TPI 23EPI",N,FABR,FABR,FABR,N,FABR, ,NF23,15472
127,NC27,GREIGE,"NYLON 6,6","NYLON 6,6 940/1/2 12x12 TPI 27EPI",N,FABR,FABR,FABR,N,FABR, ,NC27,21706
131,NC21,GREIGE,"NYLON 6,6","NYLON 6,6  940/1/2 12 X 12 TPI 21EPI",N,FABR,FABR,FABR,N,FABR, ,NC21,15468
132,NC20UA,FABRIC,"NYLON 6,6","NYLON 6,6 940/1/2 12X12 TPI 20EPI UA",Y,FABR,FABR,,,,,NC20UA,21003
135,NC16,GREIGE,"NYLON 6,6","NYLON 6,6 940/1/2 12x12 TPI 16EPI",N,FABR,FABR,FABR,N,FABR, ,NC16,18017
135,NC16,GREIGE,"NYLON 6,6","NYLON 6,6 940/1/2 12x12 TPI 16EPI",N,FABR,FABR,FABR,N,FABR, ,NC16,15474
136,NB30JA,FABRIC,"NYLON 6,6","NYLON 6,6  1400/2/1 0X3 TPI 30EPI JA",Y,FABR,FABR,,,,,NB30JA,15096
136,NB30JA,FABRIC,"NYLON 6,6","NYLON 6,6  1400/2/1 0X3 TPI 30EPI JA",Y,FABR,FABR,,,,,NB30JA,18104
136,NB30JA,FABRIC,"NYLON 6,6","NYLON 6,6  1400/2/1 0X3 TPI 30EPI JA",Y,FABR,FABR,,,,,NB30JA,18802
136,NB30JA,FABRIC,"NYLON 6,6","NYLON 6,6  1400/2/1 0X3 TPI 30EPI JA",Y,FABR,FABR,,,,,NB30JA,21697
136,NB30JA,FABRIC,"NYLON 6,6","NYLON 6,6  1400/2/1 0X3 TPI 30EPI JA",Y,FABR,FABR,,,,,NB30JA,18106
136,NB30JA,FABRIC,"NYLON 6,6","NYLON 6,6  1400/2/1 0X3 TPI 30EPI JA",Y,FABR,FABR,,,,,NB30JA,15082
140,NA,CONVERTED FABRIC,"NYLON 6,6","470/1 DECITEX NYLON 6,6 WOVEN 24X24",Y,FABR,FABRSQW,NYLON 66,,NYLON 66,,NA,2582
140,NA,CONVERTED FABRIC,"NYLON 6,6","470/1 DECITEX NYLON 6,6 WOVEN 24X24",Y,FABR,FABRSQW,NYLON 66,,NYLON 66,,NA,121256
140,NA,CONVERTED FABRIC,"NYLON 6,6","470/1 DECITEX NYLON 6,6 WOVEN 24X24",Y,FABR,FABRSQW,NYLON 66,,NYLON 66,,NA,36714
140,NA,CONVERTED FABRIC,"NYLON 6,6","470/1 DECITEX NYLON 6,6 WOVEN 24X24",Y,FABR,FABRSQW,NYLON 66,,NYLON 66,,NA,144573
140,NA,CONVERTED FABRIC,"NYLON 6,6","470/1 DECITEX NYLON 6,6 WOVEN 24X24",Y,FABR,FABRSQW,NYLON 66,,NYLON 66,,NA,144976
140,NA,CONVERTED FABRIC,"NYLON 6,6","470/1 DECITEX NYLON 6,6 WOVEN 24X24",Y,FABR,FABRSQW,NYLON 66,,NYLON 66,,NA,121257
140,NA,CONVERTED FABRIC,"NYLON 6,6","470/1 DECITEX NYLON 6,6 WOVEN 24X24",Y,FABR,FABRSQW,NYLON 66,,NYLON 66,,NA,119148
140,NA,CONVERTED FABRIC,"NYLON 6,6","470/1 DECITEX NYLON 6,6 WOVEN 24X24",Y,FABR,FABRSQW,NYLON 66,,NYLON 66,,NA,119149
146,N04L,YARN,NYLON 6,1400 DECITEX NYLON 6,Y,,,,,,,N04L,13004
146,N04L,YARN,NYLON 6,1400 DECITEX NYLON 6,Y,,,,,,,N04L,13339
172,RD26ZA,FABRIC,RAYON,RAYON 1840/1/2 12X12 TPI 26EPI ZA,N,FABR,FABR,FABR,N,FABR, ,RD26ZA,14138
172,RD26ZA,FABRIC,RAYON,RAYON 1840/1/2 12X12 TPI 26EPI ZA,N,FABR,FABR,FABR,N,FABR, ,RD26ZA,13095
172,RD26ZA,FABRIC,RAYON,RAYON 1840/1/2 12X12 TPI 26EPI ZA,N,FABR,FABR,FABR,N,FABR, ,RD26ZA,19403
182,R08N,YARN,"NYLON 6,6","1400 DECITEX NYLON 6,6",Y,,,,,,,R08N,14150
191,QN32PF,FABRIC,POLYESTER - HMLS AA,AA HMLS 1440/1/2  7X9TPI  32EPI PF,N,FABR,FABR,POLYESTER-LO SHRINK/HI MODULUS,,POLYESTER-LO SHRINK/HI MODULUS,,QN32PF,2885
198,QC28PF,FABRIC,POLYESTER - HMLS AA,AA HMLS POLYESTER 1100/1/2 12x12 TPI 28EPI PF,Y,FABR,FABR,FABR,N,FABR, ,QC28PF,1242
198,QC28PF,FABRIC,POLYESTER - HMLS AA,AA HMLS POLYESTER 1100/1/2 12x12 TPI 28EPI PF,Y,FABR,FABR,FABR,N,FABR, ,QC28PF,14977
198,QC28PF,FABRIC,POLYESTER - HMLS AA,AA HMLS POLYESTER 1100/1/2 12x12 TPI 28EPI PF,Y,FABR,FABR,FABR,N,FABR, ,QC28PF,26039
198,QC28PF,FABRIC,POLYESTER - HMLS AA,AA HMLS POLYESTER 1100/1/2 12x12 TPI 28EPI PF,Y,FABR,FABR,FABR,N,FABR, ,QC28PF,23297
231,NX,Single End Dipped Cord,"NYLON 6,6","940/2 DECITEX NYLON 6,6 SED 12X12",Y,FABR,FABRSQW,"NYLON 6,6",N,"NYLON 6,6", ,NX,22196
236,NV22GF,FABRIC,"NYLON 6,6","NYLON 6,6 2100/1/2 6X8 TPI 22EPI GF",N,FABR,FABR,FABR,N,FABR, ,NV22GF,18749
241,NT26SK,FABRIC,"NYLON 6,6 MONOFILAMENT","NYLON 6,6 950/0/1 MONOFILAMENT 26EPI SK",Y,FABR,FABR,NYLON 66,,NYLON 66,,NT26SK,29512
241,NT26SK,FABRIC,"NYLON 6,6 MONOFILAMENT","NYLON 6,6 950/0/1 MONOFILAMENT 26EPI SK",Y,FABR,FABR,NYLON 66,,NYLON 66,,NT26SK,29134
242,NT26QA,FABRIC,"NYLON 6,6 MONOFILAMENT","NYLON 6,6 950/0/1 MONOFILAMENT 26EPI QA",Y,FABR,FABR,"NYLON 6,6",N,"NYLON 6,6", ,NT26QA,47437
242,NT26QA,FABRIC,"NYLON 6,6 MONOFILAMENT","NYLON 6,6 950/0/1 MONOFILAMENT 26EPI QA",Y,FABR,FABR,"NYLON 6,6",N,"NYLON 6,6", ,NT26QA,47475
242,NT26QA,FABRIC,"NYLON 6,6 MONOFILAMENT","NYLON 6,6 950/0/1 MONOFILAMENT 26EPI QA",Y,FABR,FABR,"NYLON 6,6",N,"NYLON 6,6", ,NT26QA,41972
242,NT26QA,FABRIC,"NYLON 6,6 MONOFILAMENT","NYLON 6,6 950/0/1 MONOFILAMENT 26EPI QA",Y,FABR,FABR,"NYLON 6,6",N,"NYLON 6,6", ,NT26QA,41879
242,NT26QA,FABRIC,"NYLON 6,6 MONOFILAMENT","NYLON 6,6 950/0/1 MONOFILAMENT 26EPI QA",Y,FABR,FABR,"NYLON 6,6",N,"NYLON 6,6", ,NT26QA,47438
245,NSX,CONVERTED FABRIC,"NYLON 6,6","2000/1 DECITEX NYLON 6,6 WOVEN 10X10",Y,FABR,,,,,,NSX,19418
245,NSX,CONVERTED FABRIC,"NYLON 6,6","2000/1 DECITEX NYLON 6,6 WOVEN 10X10",Y,FABR,,,,,,NSX,19421
245,NSX,CONVERTED FABRIC,"NYLON 6,6","2000/1 DECITEX NYLON 6,6 WOVEN 10X10",Y,FABR,,,,,,NSX,24001
245,NSX,CONVERTED FABRIC,"NYLON 6,6","2000/1 DECITEX NYLON 6,6 WOVEN 10X10",Y,FABR,,,,,,NSX,24003
245,NSX,CONVERTED FABRIC,"NYLON 6,6","2000/1 DECITEX NYLON 6,6 WOVEN 10X10",Y,FABR,,,,,,NSX,19415
245,NSX,CONVERTED FABRIC,"NYLON 6,6","2000/1 DECITEX NYLON 6,6 WOVEN 10X10",Y,FABR,,,,,,NSX,19413
245,NSX,CONVERTED FABRIC,"NYLON 6,6","2000/1 DECITEX NYLON 6,6 WOVEN 10X10",Y,FABR,,,,,,NSX,24002
245,NSX,CONVERTED FABRIC,"NYLON 6,6","2000/1 DECITEX NYLON 6,6 WOVEN 10X10",Y,FABR,,,,,,NSX,19419
245,NSX,CONVERTED FABRIC,"NYLON 6,6","2000/1 DECITEX NYLON 6,6 WOVEN 10X10",Y,FABR,,,,,,NSX,140326
250,NP26,GREIGE,"NYLON 6,6","NYLON 6,6 2100/1/2 8x8 TPI 26EPI",N,FABR,FABR,FABR,N,FABR, ,NP26,14149
250,NP26,GREIGE,"NYLON 6,6","NYLON 6,6 2100/1/2 8x8 TPI 26EPI",N,FABR,FABR,FABR,N,FABR, ,NP26,13801
252,NP23,GREIGE,"NYLON 6,6","NYLON 6,6 2100/1/2 8x8 TPI 23EPI",N,FABR,FABR,FABR,N,FABR, ,NP23,12001
252,NP23,GREIGE,"NYLON 6,6","NYLON 6,6 2100/1/2 8x8 TPI 23EPI",N,FABR,FABR,FABR,N,FABR, ,NP23,12002
252,NP23,GREIGE,"NYLON 6,6","NYLON 6,6 2100/1/2 8x8 TPI 23EPI",N,FABR,FABR,FABR,N,FABR, ,NP23,2981
252,NP23,GREIGE,"NYLON 6,6","NYLON 6,6 2100/1/2 8x8 TPI 23EPI",N,FABR,FABR,FABR,N,FABR, ,NP23,13995
254,NP19GA,FABRIC,"NYLON 6,6","NYLON 6,6 2100/1/2 8X8 TPI 19EPI GA",Y,FABR,FABR,NYLON 66,,NYLON 66,,NP19GA,21671
254,NP19GA,FABRIC,"NYLON 6,6","NYLON 6,6 2100/1/2 8X8 TPI 19EPI GA",Y,FABR,FABR,NYLON 66,,NYLON 66,,NP19GA,21662
254,NP19GA,FABRIC,"NYLON 6,6","NYLON 6,6 2100/1/2 8X8 TPI 19EPI GA",Y,FABR,FABR,NYLON 66,,NYLON 66,,NP19GA,21709
254,NP19GA,FABRIC,"NYLON 6,6","NYLON 6,6 2100/1/2 8X8 TPI 19EPI GA",Y,FABR,FABR,NYLON 66,,NYLON 66,,NP19GA,21710
255,NP19,GREIGE,"NYLON 6,6","NYLON 6,6 2100/1/2 8x8 TPI 19EPI",N,FABR,FABR,FABR,N,FABR, ,NP19,14516
255,NP19,GREIGE,"NYLON 6,6","NYLON 6,6 2100/1/2 8x8 TPI 19EPI",N,FABR,FABR,FABR,N,FABR, ,NP19,13994
258,NN,CONVERTED FABRIC,"NYLON 6,6","1100/1 DECITEX NYLON 6,6 WOVEN 14X14",Y,FABR,FABRSQW,NYLON 66,,NYLON 66,,NN,13045
258,NN,CONVERTED FABRIC,"NYLON 6,6","1100/1 DECITEX NYLON 6,6 WOVEN 14X14",Y,FABR,FABRSQW,NYLON 66,,NYLON 66,,NN,13046
258,NN,CONVERTED FABRIC,"NYLON 6,6","1100/1 DECITEX NYLON 6,6 WOVEN 14X14",Y,FABR,FABRSQW,NYLON 66,,NYLON 66,,NN,4482
258,NN,CONVERTED FABRIC,"NYLON 6,6","1100/1 DECITEX NYLON 6,6 WOVEN 14X14",Y,FABR,FABRSQW,NYLON 66,,NYLON 66,,NN,24909
258,NN,CONVERTED FABRIC,"NYLON 6,6","1100/1 DECITEX NYLON 6,6 WOVEN 14X14",Y,FABR,FABRSQW,NYLON 66,,NYLON 66,,NN,24573
258,NN,CONVERTED FABRIC,"NYLON 6,6","1100/1 DECITEX NYLON 6,6 WOVEN 14X14",Y,FABR,FABRSQW,NYLON 66,,NYLON 66,,NN,24950
258,NN,CONVERTED FABRIC,"NYLON 6,6","1100/1 DECITEX NYLON 6,6 WOVEN 14X14",Y,FABR,FABRSQW,NYLON 66,,NYLON 66,,NN,24912
258,NN,CONVERTED FABRIC,"NYLON 6,6","1100/1 DECITEX NYLON 6,6 WOVEN 14X14",Y,FABR,FABRSQW,NYLON 66,,NYLON 66,,NN,24915
258,NN,CONVERTED FABRIC,"NYLON 6,6","1100/1 DECITEX NYLON 6,6 WOVEN 14X14",Y,FABR,FABRSQW,NYLON 66,,NYLON 66,,NN,23997
258,NN,CONVERTED FABRIC,"NYLON 6,6","1100/1 DECITEX NYLON 6,6 WOVEN 14X14",Y,FABR,FABRSQW,NYLON 66,,NYLON 66,,NN,24917
258,NN,CONVERTED FABRIC,"NYLON 6,6","1100/1 DECITEX NYLON 6,6 WOVEN 14X14",Y,FABR,FABRSQW,NYLON 66,,NYLON 66,,NN,28530
258,NN,CONVERTED FABRIC,"NYLON 6,6","1100/1 DECITEX NYLON 6,6 WOVEN 14X14",Y,FABR,FABRSQW,NYLON 66,,NYLON 66,,NN,51147
258,NN,CONVERTED FABRIC,"NYLON 6,6","1100/1 DECITEX NYLON 6,6 WOVEN 14X14",Y,FABR,FABRSQW,NYLON 66,,NYLON 66,,NN,131407
265,JH23DR,FABRIC,"NYLON 6,6","NYLON 6,6  1400/1/3 8 X 8 TPI 23EPI DR",Y,FABR,FABR,NYLON 66,,NYLON 66,,JH23DR,22059
265,JH23DR,FABRIC,"NYLON 6,6","NYLON 6,6  1400/1/3 8 X 8 TPI 23EPI DR",Y,FABR,FABR,NYLON 66,,NYLON 66,,JH23DR,28757
267,JH,WIRE,BEAD WIRE,0.89MM BEAD WIRE - HIGH TENSILE,Y,WIRE,WIRE,BEAD,,BEAD,,JH,78472
267,JH,WIRE,BEAD WIRE,0.89MM BEAD WIRE - HIGH TENSILE,Y,WIRE,WIRE,BEAD,,BEAD,,JH,59715
267,JH,WIRE,BEAD WIRE,0.89MM BEAD WIRE - HIGH TENSILE,Y,WIRE,WIRE,BEAD,,BEAD,,JH,32419
267,JH,WIRE,BEAD WIRE,0.89MM BEAD WIRE - HIGH TENSILE,Y,WIRE,WIRE,BEAD,,BEAD,,JH,42750
267,JH,WIRE,BEAD WIRE,0.89MM BEAD WIRE - HIGH TENSILE,Y,WIRE,WIRE,BEAD,,BEAD,,JH,50509
267,JH,WIRE,BEAD WIRE,0.89MM BEAD WIRE - HIGH TENSILE,Y,WIRE,WIRE,BEAD,,BEAD,,JH,36925
267,JH,WIRE,BEAD WIRE,0.89MM BEAD WIRE - HIGH TENSILE,Y,WIRE,WIRE,BEAD,,BEAD,,JH,43599
267,JH,WIRE,BEAD WIRE,0.89MM BEAD WIRE - HIGH TENSILE,Y,WIRE,WIRE,BEAD,,BEAD,,JH,139594
267,JH,WIRE,BEAD WIRE,0.89MM BEAD WIRE - HIGH TENSILE,Y,WIRE,WIRE,BEAD,,BEAD,,JH,141907
267,JH,WIRE,BEAD WIRE,0.89MM BEAD WIRE - HIGH TENSILE,Y,WIRE,WIRE,BEAD,,BEAD,,JH,139937
267,JH,WIRE,BEAD WIRE,0.89MM BEAD WIRE - HIGH TENSILE,Y,WIRE,WIRE,BEAD,,BEAD,,JH,144418
267,JH,WIRE,BEAD WIRE,0.89MM BEAD WIRE - HIGH TENSILE,Y,WIRE,WIRE,BEAD,,BEAD,,JH,141500
267,JH,WIRE,BEAD WIRE,0.89MM BEAD WIRE - HIGH TENSILE,Y,WIRE,WIRE,BEAD,,BEAD,,JH,134042
267,JH,WIRE,BEAD WIRE,0.89MM BEAD WIRE - HIGH TENSILE,Y,WIRE,WIRE,BEAD,,BEAD,,JH,134044
267,JH,WIRE,BEAD WIRE,0.89MM BEAD WIRE - HIGH TENSILE,Y,WIRE,WIRE,BEAD,,BEAD,,JH,134045
267,JH,WIRE,BEAD WIRE,0.89MM BEAD WIRE - HIGH TENSILE,Y,WIRE,WIRE,BEAD,,BEAD,,JH,136826
267,JH,WIRE,BEAD WIRE,0.89MM BEAD WIRE - HIGH TENSILE,Y,WIRE,WIRE,BEAD,,BEAD,,JH,135149
267,JH,WIRE,BEAD WIRE,0.89MM BEAD WIRE - HIGH TENSILE,Y,WIRE,WIRE,BEAD,,BEAD,,JH,81606
267,JH,WIRE,BEAD WIRE,0.89MM BEAD WIRE - HIGH TENSILE,Y,WIRE,WIRE,BEAD,,BEAD,,JH,82223
267,JH,WIRE,BEAD WIRE,0.89MM BEAD WIRE - HIGH TENSILE,Y,WIRE,WIRE,BEAD,,BEAD,,JH,127747
267,JH,WIRE,BEAD WIRE,0.89MM BEAD WIRE - HIGH TENSILE,Y,WIRE,WIRE,BEAD,,BEAD,,JH,76515
267,JH,WIRE,BEAD WIRE,0.89MM BEAD WIRE - HIGH TENSILE,Y,WIRE,WIRE,BEAD,,BEAD,,JH,79432
267,JH,WIRE,BEAD WIRE,0.89MM BEAD WIRE - HIGH TENSILE,Y,WIRE,WIRE,BEAD,,BEAD,,JH,83163
267,JH,WIRE,BEAD WIRE,0.89MM BEAD WIRE - HIGH TENSILE,Y,WIRE,WIRE,BEAD,,BEAD,,JH,116964
267,JH,WIRE,BEAD WIRE,0.89MM BEAD WIRE - HIGH TENSILE,Y,WIRE,WIRE,BEAD,,BEAD,,JH,128686
267,JH,WIRE,BEAD WIRE,0.89MM BEAD WIRE - HIGH TENSILE,Y,WIRE,WIRE,BEAD,,BEAD,,JH,82345
267,JH,WIRE,BEAD WIRE,0.89MM BEAD WIRE - HIGH TENSILE,Y,WIRE,WIRE,BEAD,,BEAD,,JH,81730
267,JH,WIRE,BEAD WIRE,0.89MM BEAD WIRE - HIGH TENSILE,Y,WIRE,WIRE,BEAD,,BEAD,,JH,96900
267,JH,WIRE,BEAD WIRE,0.89MM BEAD WIRE - HIGH TENSILE,Y,WIRE,WIRE,BEAD,,BEAD,,JH,121191
267,JH,WIRE,BEAD WIRE,0.89MM BEAD WIRE - HIGH TENSILE,Y,WIRE,WIRE,BEAD,,BEAD,,JH,124171
267,JH,WIRE,BEAD WIRE,0.89MM BEAD WIRE - HIGH TENSILE,Y,WIRE,WIRE,BEAD,,BEAD,,JH,13674
267,JH,WIRE,BEAD WIRE,0.89MM BEAD WIRE - HIGH TENSILE,Y,WIRE,WIRE,BEAD,,BEAD,,JH,7561
267,JH,WIRE,BEAD WIRE,0.89MM BEAD WIRE - HIGH TENSILE,Y,WIRE,WIRE,BEAD,,BEAD,,JH,5683
267,JH,WIRE,BEAD WIRE,0.89MM BEAD WIRE - HIGH TENSILE,Y,WIRE,WIRE,BEAD,,BEAD,,JH,7442
267,JH,WIRE,BEAD WIRE,0.89MM BEAD WIRE - HIGH TENSILE,Y,WIRE,WIRE,BEAD,,BEAD,,JH,8182
267,JH,WIRE,BEAD WIRE,0.89MM BEAD WIRE - HIGH TENSILE,Y,WIRE,WIRE,BEAD,,BEAD,,JH,4382
267,JH,WIRE,BEAD WIRE,0.89MM BEAD WIRE - HIGH TENSILE,Y,WIRE,WIRE,BEAD,,BEAD,,JH,5425
267,JH,WIRE,BEAD WIRE,0.89MM BEAD WIRE - HIGH TENSILE,Y,WIRE,WIRE,BEAD,,BEAD,,JH,4404
267,JH,WIRE,BEAD WIRE,0.89MM BEAD WIRE - HIGH TENSILE,Y,WIRE,WIRE,BEAD,,BEAD,,JH,4405
267,JH,WIRE,BEAD WIRE,0.89MM BEAD WIRE - HIGH TENSILE,Y,WIRE,WIRE,BEAD,,BEAD,,JH,4406
267,JH,WIRE,BEAD WIRE,0.89MM BEAD WIRE - HIGH TENSILE,Y,WIRE,WIRE,BEAD,,BEAD,,JH,4101
267,JH,WIRE,BEAD WIRE,0.89MM BEAD WIRE - HIGH TENSILE,Y,WIRE,WIRE,BEAD,,BEAD,,JH,3891
267,JH,WIRE,BEAD WIRE,0.89MM BEAD WIRE - HIGH TENSILE,Y,WIRE,WIRE,BEAD,,BEAD,,JH,3892
267,JH,WIRE,BEAD WIRE,0.89MM BEAD WIRE - HIGH TENSILE,Y,WIRE,WIRE,BEAD,,BEAD,,JH,2394
267,JH,WIRE,BEAD WIRE,0.89MM BEAD WIRE - HIGH TENSILE,Y,WIRE,WIRE,BEAD,,BEAD,,JH,2393
267,JH,WIRE,BEAD WIRE,0.89MM BEAD WIRE - HIGH TENSILE,Y,WIRE,WIRE,BEAD,,BEAD,,JH,3890
267,JH,WIRE,BEAD WIRE,0.89MM BEAD WIRE - HIGH TENSILE,Y,WIRE,WIRE,BEAD,,BEAD,,JH,2403
267,JH,WIRE,BEAD WIRE,0.89MM BEAD WIRE - HIGH TENSILE,Y,WIRE,WIRE,BEAD,,BEAD,,JH,20255
267,JH,WIRE,BEAD WIRE,0.89MM BEAD WIRE - HIGH TENSILE,Y,WIRE,WIRE,BEAD,,BEAD,,JH,20406
267,JH,WIRE,BEAD WIRE,0.89MM BEAD WIRE - HIGH TENSILE,Y,WIRE,WIRE,BEAD,,BEAD,,JH,25873
267,JH,WIRE,BEAD WIRE,0.89MM BEAD WIRE - HIGH TENSILE,Y,WIRE,WIRE,BEAD,,BEAD,,JH,20319
267,JH,WIRE,BEAD WIRE,0.89MM BEAD WIRE - HIGH TENSILE,Y,WIRE,WIRE,BEAD,,BEAD,,JH,16480
267,JH,WIRE,BEAD WIRE,0.89MM BEAD WIRE - HIGH TENSILE,Y,WIRE,WIRE,BEAD,,BEAD,,JH,18340
267,JH,WIRE,BEAD WIRE,0.89MM BEAD WIRE - HIGH TENSILE,Y,WIRE,WIRE,BEAD,,BEAD,,JH,17819
267,JH,WIRE,BEAD WIRE,0.89MM BEAD WIRE - HIGH TENSILE,Y,WIRE,WIRE,BEAD,,BEAD,,JH,18350
267,JH,WIRE,BEAD WIRE,0.89MM BEAD WIRE - HIGH TENSILE,Y,WIRE,WIRE,BEAD,,BEAD,,JH,15625
267,JH,WIRE,BEAD WIRE,0.89MM BEAD WIRE - HIGH TENSILE,Y,WIRE,WIRE,BEAD,,BEAD,,JH,15594
267,JH,WIRE,BEAD WIRE,0.89MM BEAD WIRE - HIGH TENSILE,Y,WIRE,WIRE,BEAD,,BEAD,,JH,18325
267,JH,WIRE,BEAD WIRE,0.89MM BEAD WIRE - HIGH TENSILE,Y,WIRE,WIRE,BEAD,,BEAD,,JH,18339
267,JH,WIRE,BEAD WIRE,0.89MM BEAD WIRE - HIGH TENSILE,Y,WIRE,WIRE,BEAD,,BEAD,,JH,18036
267,JH,WIRE,BEAD WIRE,0.89MM BEAD WIRE - HIGH TENSILE,Y,WIRE,WIRE,BEAD,,BEAD,,JH,18355
267,JH,WIRE,BEAD WIRE,0.89MM BEAD WIRE - HIGH TENSILE,Y,WIRE,WIRE,BEAD,,BEAD,,JH,14696
267,JH,WIRE,BEAD WIRE,0.89MM BEAD WIRE - HIGH TENSILE,Y,WIRE,WIRE,BEAD,,BEAD,,JH,17918
267,JH,WIRE,BEAD WIRE,0.89MM BEAD WIRE - HIGH TENSILE,Y,WIRE,WIRE,BEAD,,BEAD,,JH,18555
267,JH,WIRE,BEAD WIRE,0.89MM BEAD WIRE - HIGH TENSILE,Y,WIRE,WIRE,BEAD,,BEAD,,JH,14695
267,JH,WIRE,BEAD WIRE,0.89MM BEAD WIRE - HIGH TENSILE,Y,WIRE,WIRE,BEAD,,BEAD,,JH,13851
267,JH,WIRE,BEAD WIRE,0.89MM BEAD WIRE - HIGH TENSILE,Y,WIRE,WIRE,BEAD,,BEAD,,JH,61004
267,JH,WIRE,BEAD WIRE,0.89MM BEAD WIRE - HIGH TENSILE,Y,WIRE,WIRE,BEAD,,BEAD,,JH,46226
267,JH,WIRE,BEAD WIRE,0.89MM BEAD WIRE - HIGH TENSILE,Y,WIRE,WIRE,BEAD,,BEAD,,JH,29382
267,JH,WIRE,BEAD WIRE,0.89MM BEAD WIRE - HIGH TENSILE,Y,WIRE,WIRE,BEAD,,BEAD,,JH,41999
267,JH,WIRE,BEAD WIRE,0.89MM BEAD WIRE - HIGH TENSILE,Y,WIRE,WIRE,BEAD,,BEAD,,JH,41024
267,JH,WIRE,BEAD WIRE,0.89MM BEAD WIRE - HIGH TENSILE,Y,WIRE,WIRE,BEAD,,BEAD,,JH,41604
267,JH,WIRE,BEAD WIRE,0.89MM BEAD WIRE - HIGH TENSILE,Y,WIRE,WIRE,BEAD,,BEAD,,JH,46425
267,JH,WIRE,BEAD WIRE,0.89MM BEAD WIRE - HIGH TENSILE,Y,WIRE,WIRE,BEAD,,BEAD,,JH,24334
267,JH,WIRE,BEAD WIRE,0.89MM BEAD WIRE - HIGH TENSILE,Y,WIRE,WIRE,BEAD,,BEAD,,JH,20409
267,JH,WIRE,BEAD WIRE,0.89MM BEAD WIRE - HIGH TENSILE,Y,WIRE,WIRE,BEAD,,BEAD,,JH,24339
267,JH,WIRE,BEAD WIRE,0.89MM BEAD WIRE - HIGH TENSILE,Y,WIRE,WIRE,BEAD,,BEAD,,JH,24335
267,JH,WIRE,BEAD WIRE,0.89MM BEAD WIRE - HIGH TENSILE,Y,WIRE,WIRE,BEAD,,BEAD,,JH,24153
267,JH,WIRE,BEAD WIRE,0.89MM BEAD WIRE - HIGH TENSILE,Y,WIRE,WIRE,BEAD,,BEAD,,JH,21930
267,JH,WIRE,BEAD WIRE,0.89MM BEAD WIRE - HIGH TENSILE,Y,WIRE,WIRE,BEAD,,BEAD,,JH,24333
267,JH,WIRE,BEAD WIRE,0.89MM BEAD WIRE - HIGH TENSILE,Y,WIRE,WIRE,BEAD,,BEAD,,JH,21331
267,JH,WIRE,BEAD WIRE,0.89MM BEAD WIRE - HIGH TENSILE,Y,WIRE,WIRE,BEAD,,BEAD,,JH,24338
267,JH,WIRE,BEAD WIRE,0.89MM BEAD WIRE - HIGH TENSILE,Y,WIRE,WIRE,BEAD,,BEAD,,JH,24341
267,JH,WIRE,BEAD WIRE,0.89MM BEAD WIRE - HIGH TENSILE,Y,WIRE,WIRE,BEAD,,BEAD,,JH,24340
267,JH,WIRE,BEAD WIRE,0.89MM BEAD WIRE - HIGH TENSILE,Y,WIRE,WIRE,BEAD,,BEAD,,JH,118667
267,JH,WIRE,BEAD WIRE,0.89MM BEAD WIRE - HIGH TENSILE,Y,WIRE,WIRE,BEAD,,BEAD,,JH,116807
267,JH,WIRE,BEAD WIRE,0.89MM BEAD WIRE - HIGH TENSILE,Y,WIRE,WIRE,BEAD,,BEAD,,JH,133493
267,JH,WIRE,BEAD WIRE,0.89MM BEAD WIRE - HIGH TENSILE,Y,WIRE,WIRE,BEAD,,BEAD,,JH,81485
267,JH,WIRE,BEAD WIRE,0.89MM BEAD WIRE - HIGH TENSILE,Y,WIRE,WIRE,BEAD,,BEAD,,JH,129107
267,JH,WIRE,BEAD WIRE,0.89MM BEAD WIRE - HIGH TENSILE,Y,WIRE,WIRE,BEAD,,BEAD,,JH,81541
267,JH,WIRE,BEAD WIRE,0.89MM BEAD WIRE - HIGH TENSILE,Y,WIRE,WIRE,BEAD,,BEAD,,JH,126174
267,JH,WIRE,BEAD WIRE,0.89MM BEAD WIRE - HIGH TENSILE,Y,WIRE,WIRE,BEAD,,BEAD,,JH,89891
267,JH,WIRE,BEAD WIRE,0.89MM BEAD WIRE - HIGH TENSILE,Y,WIRE,WIRE,BEAD,,BEAD,,JH,126779
267,JH,WIRE,BEAD WIRE,0.89MM BEAD WIRE - HIGH TENSILE,Y,WIRE,WIRE,BEAD,,BEAD,,JH,78470
268,JF23DH,FABRIC,"NYLON 6,6","NYLON 6,6  1400/1/2 10 X 10 TPI 23EPI DH",Y,FABR,FABR,FABR,N,FABR, ,JF23DH,24938
291,I14L,YARN,NYLON 6,1880 DECITEX NYLON 6,Y,,,,,,,I14L,1582
329,LP26JA,FABRIC,NYLON 6,NYLON 6 2100/2 8x8 TPI 26 EPI JA,Y,FABR,FABR,FABR,N,FABR, ,LP26JA,10623
329,LP26JA,FABRIC,NYLON 6,NYLON 6 2100/2 8x8 TPI 26 EPI JA,Y,FABR,FABR,FABR,N,FABR, ,LP26JA,10422
329,LP26JA,FABRIC,NYLON 6,NYLON 6 2100/2 8x8 TPI 26 EPI JA,Y,FABR,FABR,FABR,N,FABR, ,LP26JA,22983
329,LP26JA,FABRIC,NYLON 6,NYLON 6 2100/2 8x8 TPI 26 EPI JA,Y,FABR,FABR,FABR,N,FABR, ,LP26JA,145972
329,LP26JA,FABRIC,NYLON 6,NYLON 6 2100/2 8x8 TPI 26 EPI JA,Y,FABR,FABR,FABR,N,FABR, ,LP26JA,90117
329,LP26JA,FABRIC,NYLON 6,NYLON 6 2100/2 8x8 TPI 26 EPI JA,Y,FABR,FABR,FABR,N,FABR, ,LP26JA,47600
333,NC30SJ,FABRIC,"NYLON 6,6","NYLON 6,6 940/1/2 12X12 TPI 30EPI SJ",Y,FABR,FABR,,,,,NC30SJ,11741
333,NC30SJ,FABRIC,"NYLON 6,6","NYLON 6,6 940/1/2 12X12 TPI 30EPI SJ",Y,FABR,FABR,,,,,NC30SJ,18018
333,NC30SJ,FABRIC,"NYLON 6,6","NYLON 6,6 940/1/2 12X12 TPI 30EPI SJ",Y,FABR,FABR,,,,,NC30SJ,11682
333,NC30SJ,FABRIC,"NYLON 6,6","NYLON 6,6 940/1/2 12X12 TPI 30EPI SJ",Y,FABR,FABR,,,,,NC30SJ,14946
334,NC30QA,FABRIC,"NYLON 6,6","NYLON 6,6 940/1/2 12X12 TPI 30EPI QA",Y,FABR,FABR,,,,,NC30QA,13985
334,NC30QA,FABRIC,"NYLON 6,6","NYLON 6,6 940/1/2 12X12 TPI 30EPI QA",Y,FABR,FABR,,,,,NC30QA,11921
334,NC30QA,FABRIC,"NYLON 6,6","NYLON 6,6 940/1/2 12X12 TPI 30EPI QA",Y,FABR,FABR,,,,,NC30QA,20701
334,NC30QA,FABRIC,"NYLON 6,6","NYLON 6,6 940/1/2 12X12 TPI 30EPI QA",Y,FABR,FABR,,,,,NC30QA,20834
334,NC30QA,FABRIC,"NYLON 6,6","NYLON 6,6 940/1/2 12X12 TPI 30EPI QA",Y,FABR,FABR,,,,,NC30QA,20835
334,NC30QA,FABRIC,"NYLON 6,6","NYLON 6,6 940/1/2 12X12 TPI 30EPI QA",Y,FABR,FABR,,,,,NC30QA,53083
336,NC30GA,FABRIC,"NYLON 6,6","NYLON 6,6 940/1/2 12 X 12 TPI 30EPI GA",Y,FABR,FABR,FABR,N,FABR, ,NC30GA,20317
342,LP23JA,FABRIC,NYLON 6,NYLON 6 2100/1/2 8x8 TPI 23 EPI JA,Y,FABR,FABR,FABR,N,FABR, ,LP23JA,9741
342,LP23JA,FABRIC,NYLON 6,NYLON 6 2100/1/2 8x8 TPI 23 EPI JA,Y,FABR,FABR,FABR,N,FABR, ,LP23JA,4963
342,LP23JA,FABRIC,NYLON 6,NYLON 6 2100/1/2 8x8 TPI 23 EPI JA,Y,FABR,FABR,FABR,N,FABR, ,LP23JA,14543
342,LP23JA,FABRIC,NYLON 6,NYLON 6 2100/1/2 8x8 TPI 23 EPI JA,Y,FABR,FABR,FABR,N,FABR, ,LP23JA,47598
342,LP23JA,FABRIC,NYLON 6,NYLON 6 2100/1/2 8x8 TPI 23 EPI JA,Y,FABR,FABR,FABR,N,FABR, ,LP23JA,47601
342,LP23JA,FABRIC,NYLON 6,NYLON 6 2100/1/2 8x8 TPI 23 EPI JA,Y,FABR,FABR,FABR,N,FABR, ,LP23JA,23075
342,LP23JA,FABRIC,NYLON 6,NYLON 6 2100/1/2 8x8 TPI 23 EPI JA,Y,FABR,FABR,FABR,N,FABR, ,LP23JA,29449
342,LP23JA,FABRIC,NYLON 6,NYLON 6 2100/1/2 8x8 TPI 23 EPI JA,Y,FABR,FABR,FABR,N,FABR, ,LP23JA,60587
342,LP23JA,FABRIC,NYLON 6,NYLON 6 2100/1/2 8x8 TPI 23 EPI JA,Y,FABR,FABR,FABR,N,FABR, ,LP23JA,145971
342,LP23JA,FABRIC,NYLON 6,NYLON 6 2100/1/2 8x8 TPI 23 EPI JA,Y,FABR,FABR,FABR,N,FABR, ,LP23JA,81366
342,LP23JA,FABRIC,NYLON 6,NYLON 6 2100/1/2 8x8 TPI 23 EPI JA,Y,FABR,FABR,FABR,N,FABR, ,LP23JA,90116
343,LP23,GREIGE,NYLON 6,NYLON 6 2100/1/2 8 X 8 TPI 23EPI,N,FABR,FABR,FABR,N,FABR, ,LP23,13993
345,LP19JA,FABRIC,NYLON 6,NYLON 6 2100/1/2 8 X 8 TPI 19EPI JA,Y,FABR,FABR,FABR,N,FABR, ,LP19JA,13423
345,LP19JA,FABRIC,NYLON 6,NYLON 6 2100/1/2 8 X 8 TPI 19EPI JA,Y,FABR,FABR,FABR,N,FABR, ,LP19JA,47816
345,LP19JA,FABRIC,NYLON 6,NYLON 6 2100/1/2 8 X 8 TPI 19EPI JA,Y,FABR,FABR,FABR,N,FABR, ,LP19JA,22982
345,LP19JA,FABRIC,NYLON 6,NYLON 6 2100/1/2 8 X 8 TPI 19EPI JA,Y,FABR,FABR,FABR,N,FABR, ,LP19JA,15605
345,LP19JA,FABRIC,NYLON 6,NYLON 6 2100/1/2 8 X 8 TPI 19EPI JA,Y,FABR,FABR,FABR,N,FABR, ,LP19JA,28431
345,LP19JA,FABRIC,NYLON 6,NYLON 6 2100/1/2 8 X 8 TPI 19EPI JA,Y,FABR,FABR,FABR,N,FABR, ,LP19JA,36874
345,LP19JA,FABRIC,NYLON 6,NYLON 6 2100/1/2 8 X 8 TPI 19EPI JA,Y,FABR,FABR,FABR,N,FABR, ,LP19JA,145970
345,LP19JA,FABRIC,NYLON 6,NYLON 6 2100/1/2 8 X 8 TPI 19EPI JA,Y,FABR,FABR,FABR,N,FABR, ,LP19JA,110693
345,LP19JA,FABRIC,NYLON 6,NYLON 6 2100/1/2 8 X 8 TPI 19EPI JA,Y,FABR,FABR,FABR,N,FABR, ,LP19JA,90115
345,LP19JA,FABRIC,NYLON 6,NYLON 6 2100/1/2 8 X 8 TPI 19EPI JA,Y,FABR,FABR,FABR,N,FABR, ,LP19JA,47788
346,LP19,GREIGE,NYLON 6,NYLON 6 2100/1/2 8 X 8 TPI 19EPI,N,FABR,FABR,FABR,N,FABR, ,LP19,14528
346,LP19,GREIGE,NYLON 6,NYLON 6 2100/1/2 8 X 8 TPI 19EPI,N,FABR,FABR,FABR,N,FABR, ,LP19,14515
351,LN,CONVERTED FABRIC,NYLON 6,1100/1 DECITEX NYLON 6 WOVEN 14X14,Y,FABR,FABRSQW,NYLON 6,,NYLON 6,,LN,39188
353,LL26GA,FABRIC,NYLON 6,"NYLON 6, 1400/1/2 8X10 TPI 26 EPI GA",N,FABR,FABR,FABR,N,FABR, ,LL26GA,1742
362,LH23MA,FABRIC,NYLON 6,NYLON 6 1400/1/3 8X8 TPI 23EPI MA,Y,FABR,FABR,FABR,N,FABR, ,LH23MA,39971
364,LF26MA,FABRIC,NYLON 6,NYLON 6 1400/1/2 10X10 TPI 26EPI MA,N,FABR,FABR,FABR,N,FABR, ,LF26MA,13405
368,LC27JA,FABRIC,NYLON 6,NYLON 6 940/1/2 12X12 TPI 27EPI JA,N,FABR,FABR,FABR,N,FABR, ,LC27JA,14544
368,LC27JA,FABRIC,NYLON 6,NYLON 6 940/1/2 12X12 TPI 27EPI JA,N,FABR,FABR,FABR,N,FABR, ,LC27JA,13275
393,KD12QA,FABRIC,"NYLON 6,6 MONOFILAMENT","NYLON 6,6 MONO  10000/1 0 X 0 TPI 12EPI QA",Y,FABR,FABR,HYTEN - NYLON 66 MONOFILAMENT,,HYTEN - NYLON 66 MONOFILAMENT,,KD12QA,14720
393,KD12QA,FABRIC,"NYLON 6,6 MONOFILAMENT","NYLON 6,6 MONO  10000/1 0 X 0 TPI 12EPI QA",Y,FABR,FABR,HYTEN - NYLON 66 MONOFILAMENT,,HYTEN - NYLON 66 MONOFILAMENT,,KD12QA,44268
393,KD12QA,FABRIC,"NYLON 6,6 MONOFILAMENT","NYLON 6,6 MONO  10000/1 0 X 0 TPI 12EPI QA",Y,FABR,FABR,HYTEN - NYLON 66 MONOFILAMENT,,HYTEN - NYLON 66 MONOFILAMENT,,KD12QA,28529
394,KC18DH,FABRIC,"NYLON 6,6 MONOFILAMENT","NYLON 6,6 MONO  4400/1 0 X 0 TPI 18EPI DH",Y,FABR,FABR,NYLON 66,,NYLON 66,,KC18DH,28526
396,KC14DH,FABRIC,"NYLON 6,6 MONOFILAMENT","NYLON 6,6 MONOFILAMENT 4400/1 0X0 14EPI DH",Y,FABR,FABR,FABR,N,FABR, ,KC14DH,23404
396,KC14DH,FABRIC,"NYLON 6,6 MONOFILAMENT","NYLON 6,6 MONOFILAMENT 4400/1 0X0 14EPI DH",Y,FABR,FABR,FABR,N,FABR, ,KC14DH,28758
404,K29T,YARN,POLYESTER - HMLS,2200 DECITEX HMLS POLYESTER,Y,,,,,,,K29T,14521
405,K28Q,YARN,POLYESTER - HMLS AA,1440 DECITEX AA HMLS POLYESTER,Y,,,,,,,K28Q,3321
405,K28Q,YARN,POLYESTER - HMLS AA,1440 DECITEX AA HMLS POLYESTER,Y,,,,,,,K28Q,1801
407,K25Q,YARN,POLYESTER - HMLS AA,1100 DECITEX AA HMLS POLYESTER,Y,,,,,,,K25Q,1802
408,K24T,YARN,POLYESTER - HMLS,1440 DECITEX HMLS POLYESTER,Y,,,,,,,K24T,14524
409,K23T,YARN,POLYESTER - HMLS,1100 DECITEX HMLS POLYESTER,Y,,,,,,,K23T,15899
413,JM22DH,FABRIC,"NYLON 6,6","NYLON 6,6  2100/1/3 6 X 6 TPI 22EPI DH",Y,FABR,FABR,NYLON 66,,NYLON 66,,JM22DH,22199
413,JM22DH,FABRIC,"NYLON 6,6","NYLON 6,6  2100/1/3 6 X 6 TPI 22EPI DH",Y,FABR,FABR,NYLON 66,,NYLON 66,,JM22DH,28528
413,JM22DH,FABRIC,"NYLON 6,6","NYLON 6,6  2100/1/3 6 X 6 TPI 22EPI DH",Y,FABR,FABR,NYLON 66,,NYLON 66,,JM22DH,22195
413,JM22DH,FABRIC,"NYLON 6,6","NYLON 6,6  2100/1/3 6 X 6 TPI 22EPI DH",Y,FABR,FABR,NYLON 66,,NYLON 66,,JM22DH,141933
413,JM22DH,FABRIC,"NYLON 6,6","NYLON 6,6  2100/1/3 6 X 6 TPI 22EPI DH",Y,FABR,FABR,NYLON 66,,NYLON 66,,JM22DH,100138
413,JM22DH,FABRIC,"NYLON 6,6","NYLON 6,6  2100/1/3 6 X 6 TPI 22EPI DH",Y,FABR,FABR,NYLON 66,,NYLON 66,,JM22DH,28521
416,JH23QR,FABRIC,"NYLON 6,6","NYLON 6,6  1400/1/3 8 X 8 TPI 23EPI QR",Y,FABR,FABR,NYLON 66,,NYLON 66,,JH23QR,28144
416,JH23QR,FABRIC,"NYLON 6,6","NYLON 6,6  1400/1/3 8 X 8 TPI 23EPI QR",Y,FABR,FABR,NYLON 66,,NYLON 66,,JH23QR,22060
416,JH23QR,FABRIC,"NYLON 6,6","NYLON 6,6  1400/1/3 8 X 8 TPI 23EPI QR",Y,FABR,FABR,NYLON 66,,NYLON 66,,JH23QR,143385
416,JH23QR,FABRIC,"NYLON 6,6","NYLON 6,6  1400/1/3 8 X 8 TPI 23EPI QR",Y,FABR,FABR,NYLON 66,,NYLON 66,,JH23QR,78177
416,JH23QR,FABRIC,"NYLON 6,6","NYLON 6,6  1400/1/3 8 X 8 TPI 23EPI QR",Y,FABR,FABR,NYLON 66,,NYLON 66,,JH23QR,78179
416,JH23QR,FABRIC,"NYLON 6,6","NYLON 6,6  1400/1/3 8 X 8 TPI 23EPI QR",Y,FABR,FABR,NYLON 66,,NYLON 66,,JH23QR,78176
416,JH23QR,FABRIC,"NYLON 6,6","NYLON 6,6  1400/1/3 8 X 8 TPI 23EPI QR",Y,FABR,FABR,NYLON 66,,NYLON 66,,JH23QR,78178
416,JH23QR,FABRIC,"NYLON 6,6","NYLON 6,6  1400/1/3 8 X 8 TPI 23EPI QR",Y,FABR,FABR,NYLON 66,,NYLON 66,,JH23QR,101308
416,JH23QR,FABRIC,"NYLON 6,6","NYLON 6,6  1400/1/3 8 X 8 TPI 23EPI QR",Y,FABR,FABR,NYLON 66,,NYLON 66,,JH23QR,125395
449,GD18SA,FABRIC,FIBERGLASS,FIBERGLASS  3300/0/3 0X1.5 TPI 18EPI SA,N,FABR,FABR,FABR,N,FABR, ,GD18SA,14146
449,GD18SA,FABRIC,FIBERGLASS,FIBERGLASS  3300/0/3 0X1.5 TPI 18EPI SA,N,FABR,FABR,FABR,N,FABR, ,GD18SA,13352
450,GB20SA,FABRIC,FIBERGLASS,FIBERGLASS 3300/0/2 0X1.5 TPI 20EPI SA,Y,FABR,FABR,FABR,N,FABR, ,GB20SA,14145
450,GB20SA,FABRIC,FIBERGLASS,FIBERGLASS 3300/0/2 0X1.5 TPI 20EPI SA,Y,FABR,FABR,FABR,N,FABR, ,GB20SA,13351
450,GB20SA,FABRIC,FIBERGLASS,FIBERGLASS 3300/0/2 0X1.5 TPI 20EPI SA,Y,FABR,FABR,FABR,N,FABR, ,GB20SA,23174
450,GB20SA,FABRIC,FIBERGLASS,FIBERGLASS 3300/0/2 0X1.5 TPI 20EPI SA,Y,FABR,FABR,FABR,N,FABR, ,GB20SA,24648
450,GB20SA,FABRIC,FIBERGLASS,FIBERGLASS 3300/0/2 0X1.5 TPI 20EPI SA,Y,FABR,FABR,FABR,N,FABR, ,GB20SA,28756
450,GB20SA,FABRIC,FIBERGLASS,FIBERGLASS 3300/0/2 0X1.5 TPI 20EPI SA,Y,FABR,FABR,FABR,N,FABR, ,GB20SA,23510
450,GB20SA,FABRIC,FIBERGLASS,FIBERGLASS 3300/0/2 0X1.5 TPI 20EPI SA,Y,FABR,FABR,FABR,N,FABR, ,GB20SA,42905
456,GA16SA,FABRIC,FIBERGLASS,FIBERGLASS 3300/0/1 0X1.5 TPI 16EPI SA,Y,FABR,FABR,FABR,N,FABR, ,GA16SA,14144
456,GA16SA,FABRIC,FIBERGLASS,FIBERGLASS 3300/0/1 0X1.5 TPI 16EPI SA,Y,FABR,FABR,FABR,N,FABR, ,GA16SA,13350
456,GA16SA,FABRIC,FIBERGLASS,FIBERGLASS 3300/0/1 0X1.5 TPI 16EPI SA,Y,FABR,FABR,FABR,N,FABR, ,GA16SA,25469
456,GA16SA,FABRIC,FIBERGLASS,FIBERGLASS 3300/0/1 0X1.5 TPI 16EPI SA,Y,FABR,FABR,FABR,N,FABR, ,GA16SA,25471
456,GA16SA,FABRIC,FIBERGLASS,FIBERGLASS 3300/0/1 0X1.5 TPI 16EPI SA,Y,FABR,FABR,FABR,N,FABR, ,GA16SA,29867
456,GA16SA,FABRIC,FIBERGLASS,FIBERGLASS 3300/0/1 0X1.5 TPI 16EPI SA,Y,FABR,FABR,FABR,N,FABR, ,GA16SA,44830
456,GA16SA,FABRIC,FIBERGLASS,FIBERGLASS 3300/0/1 0X1.5 TPI 16EPI SA,Y,FABR,FABR,FABR,N,FABR, ,GA16SA,44873
456,GA16SA,FABRIC,FIBERGLASS,FIBERGLASS 3300/0/1 0X1.5 TPI 16EPI SA,Y,FABR,FABR,FABR,N,FABR, ,GA16SA,22203
456,GA16SA,FABRIC,FIBERGLASS,FIBERGLASS 3300/0/1 0X1.5 TPI 16EPI SA,Y,FABR,FABR,FABR,N,FABR, ,GA16SA,25472
456,GA16SA,FABRIC,FIBERGLASS,FIBERGLASS 3300/0/1 0X1.5 TPI 16EPI SA,Y,FABR,FABR,FABR,N,FABR, ,GA16SA,25155
456,GA16SA,FABRIC,FIBERGLASS,FIBERGLASS 3300/0/1 0X1.5 TPI 16EPI SA,Y,FABR,FABR,FABR,N,FABR, ,GA16SA,25470
456,GA16SA,FABRIC,FIBERGLASS,FIBERGLASS 3300/0/1 0X1.5 TPI 16EPI SA,Y,FABR,FABR,FABR,N,FABR, ,GA16SA,23511
456,GA16SA,FABRIC,FIBERGLASS,FIBERGLASS 3300/0/1 0X1.5 TPI 16EPI SA,Y,FABR,FABR,FABR,N,FABR, ,GA16SA,22202
460,G47R,YARN,RAYON,1220 DECITEX RAYON,Y,,,,,,,G47R,14163
460,G47R,YARN,RAYON,1220 DECITEX RAYON,Y,,,,,,,G47R,18249
461,G46R,YARN,RAYON,2440 DECITEX RAYON,Y,,,,,,,G46R,14164
482,ES,WIRE,STEEL CORD,(0.40+6X.365)+6X(.365+6X.35) ST,Y,WIRE,WIRE,BELT,,BELT,,ES,14428
482,ES,WIRE,STEEL CORD,(0.40+6X.365)+6X(.365+6X.35) ST,Y,WIRE,WIRE,BELT,,BELT,,ES,13930
482,ES,WIRE,STEEL CORD,(0.40+6X.365)+6X(.365+6X.35) ST,Y,WIRE,WIRE,BELT,,BELT,,ES,24269
482,ES,WIRE,STEEL CORD,(0.40+6X.365)+6X(.365+6X.35) ST,Y,WIRE,WIRE,BELT,,BELT,,ES,20398
482,ES,WIRE,STEEL CORD,(0.40+6X.365)+6X(.365+6X.35) ST,Y,WIRE,WIRE,BELT,,BELT,,ES,18254
482,ES,WIRE,STEEL CORD,(0.40+6X.365)+6X(.365+6X.35) ST,Y,WIRE,WIRE,BELT,,BELT,,ES,18035
482,ES,WIRE,STEEL CORD,(0.40+6X.365)+6X(.365+6X.35) ST,Y,WIRE,WIRE,BELT,,BELT,,ES,15629
482,ES,WIRE,STEEL CORD,(0.40+6X.365)+6X(.365+6X.35) ST,Y,WIRE,WIRE,BELT,,BELT,,ES,42401
482,ES,WIRE,STEEL CORD,(0.40+6X.365)+6X(.365+6X.35) ST,Y,WIRE,WIRE,BELT,,BELT,,ES,86619
491,E08A,YARN,ARAMID,1100 DTEX ARAMID,Y,,,,,,,E08A,1781
503,CH,WIRE,BEAD WIRE,"1.83MM BEAD WIRE - HIGH TENSILE
(Cooper Code 9024)",Y,WIRE,WIRE,BEAD,N,BEAD, ,CH,14624
503,CH,WIRE,BEAD WIRE,"1.83MM BEAD WIRE - HIGH TENSILE
(Cooper Code 9024)",Y,WIRE,WIRE,BEAD,N,BEAD, ,CH,13183
503,CH,WIRE,BEAD WIRE,"1.83MM BEAD WIRE - HIGH TENSILE
(Cooper Code 9024)",Y,WIRE,WIRE,BEAD,N,BEAD, ,CH,12968
503,CH,WIRE,BEAD WIRE,"1.83MM BEAD WIRE - HIGH TENSILE
(Cooper Code 9024)",Y,WIRE,WIRE,BEAD,N,BEAD, ,CH,7503
503,CH,WIRE,BEAD WIRE,"1.83MM BEAD WIRE - HIGH TENSILE
(Cooper Code 9024)",Y,WIRE,WIRE,BEAD,N,BEAD, ,CH,4401
503,CH,WIRE,BEAD WIRE,"1.83MM BEAD WIRE - HIGH TENSILE
(Cooper Code 9024)",Y,WIRE,WIRE,BEAD,N,BEAD, ,CH,21333
503,CH,WIRE,BEAD WIRE,"1.83MM BEAD WIRE - HIGH TENSILE
(Cooper Code 9024)",Y,WIRE,WIRE,BEAD,N,BEAD, ,CH,24352
503,CH,WIRE,BEAD WIRE,"1.83MM BEAD WIRE - HIGH TENSILE
(Cooper Code 9024)",Y,WIRE,WIRE,BEAD,N,BEAD, ,CH,20363
503,CH,WIRE,BEAD WIRE,"1.83MM BEAD WIRE - HIGH TENSILE
(Cooper Code 9024)",Y,WIRE,WIRE,BEAD,N,BEAD, ,CH,24187
503,CH,WIRE,BEAD WIRE,"1.83MM BEAD WIRE - HIGH TENSILE
(Cooper Code 9024)",Y,WIRE,WIRE,BEAD,N,BEAD, ,CH,25872
503,CH,WIRE,BEAD WIRE,"1.83MM BEAD WIRE - HIGH TENSILE
(Cooper Code 9024)",Y,WIRE,WIRE,BEAD,N,BEAD, ,CH,20397
503,CH,WIRE,BEAD WIRE,"1.83MM BEAD WIRE - HIGH TENSILE
(Cooper Code 9024)",Y,WIRE,WIRE,BEAD,N,BEAD, ,CH,15008
503,CH,WIRE,BEAD WIRE,"1.83MM BEAD WIRE - HIGH TENSILE
(Cooper Code 9024)",Y,WIRE,WIRE,BEAD,N,BEAD, ,CH,16245
503,CH,WIRE,BEAD WIRE,"1.83MM BEAD WIRE - HIGH TENSILE
(Cooper Code 9024)",Y,WIRE,WIRE,BEAD,N,BEAD, ,CH,17924
503,CH,WIRE,BEAD WIRE,"1.83MM BEAD WIRE - HIGH TENSILE
(Cooper Code 9024)",Y,WIRE,WIRE,BEAD,N,BEAD, ,CH,15595
503,CH,WIRE,BEAD WIRE,"1.83MM BEAD WIRE - HIGH TENSILE
(Cooper Code 9024)",Y,WIRE,WIRE,BEAD,N,BEAD, ,CH,15941
503,CH,WIRE,BEAD WIRE,"1.83MM BEAD WIRE - HIGH TENSILE
(Cooper Code 9024)",Y,WIRE,WIRE,BEAD,N,BEAD, ,CH,18038
503,CH,WIRE,BEAD WIRE,"1.83MM BEAD WIRE - HIGH TENSILE
(Cooper Code 9024)",Y,WIRE,WIRE,BEAD,N,BEAD, ,CH,51326
503,CH,WIRE,BEAD WIRE,"1.83MM BEAD WIRE - HIGH TENSILE
(Cooper Code 9024)",Y,WIRE,WIRE,BEAD,N,BEAD, ,CH,53002
503,CH,WIRE,BEAD WIRE,"1.83MM BEAD WIRE - HIGH TENSILE
(Cooper Code 9024)",Y,WIRE,WIRE,BEAD,N,BEAD, ,CH,41996
503,CH,WIRE,BEAD WIRE,"1.83MM BEAD WIRE - HIGH TENSILE
(Cooper Code 9024)",Y,WIRE,WIRE,BEAD,N,BEAD, ,CH,46224
503,CH,WIRE,BEAD WIRE,"1.83MM BEAD WIRE - HIGH TENSILE
(Cooper Code 9024)",Y,WIRE,WIRE,BEAD,N,BEAD, ,CH,20357
503,CH,WIRE,BEAD WIRE,"1.83MM BEAD WIRE - HIGH TENSILE
(Cooper Code 9024)",Y,WIRE,WIRE,BEAD,N,BEAD, ,CH,24444
503,CH,WIRE,BEAD WIRE,"1.83MM BEAD WIRE - HIGH TENSILE
(Cooper Code 9024)",Y,WIRE,WIRE,BEAD,N,BEAD, ,CH,20362
503,CH,WIRE,BEAD WIRE,"1.83MM BEAD WIRE - HIGH TENSILE
(Cooper Code 9024)",Y,WIRE,WIRE,BEAD,N,BEAD, ,CH,24445
503,CH,WIRE,BEAD WIRE,"1.83MM BEAD WIRE - HIGH TENSILE
(Cooper Code 9024)",Y,WIRE,WIRE,BEAD,N,BEAD, ,CH,24154
503,CH,WIRE,BEAD WIRE,"1.83MM BEAD WIRE - HIGH TENSILE
(Cooper Code 9024)",Y,WIRE,WIRE,BEAD,N,BEAD, ,CH,20394
503,CH,WIRE,BEAD WIRE,"1.83MM BEAD WIRE - HIGH TENSILE
(Cooper Code 9024)",Y,WIRE,WIRE,BEAD,N,BEAD, ,CH,20392
503,CH,WIRE,BEAD WIRE,"1.83MM BEAD WIRE - HIGH TENSILE
(Cooper Code 9024)",Y,WIRE,WIRE,BEAD,N,BEAD, ,CH,21932
503,CH,WIRE,BEAD WIRE,"1.83MM BEAD WIRE - HIGH TENSILE
(Cooper Code 9024)",Y,WIRE,WIRE,BEAD,N,BEAD, ,CH,20396
503,CH,WIRE,BEAD WIRE,"1.83MM BEAD WIRE - HIGH TENSILE
(Cooper Code 9024)",Y,WIRE,WIRE,BEAD,N,BEAD, ,CH,127997
503,CH,WIRE,BEAD WIRE,"1.83MM BEAD WIRE - HIGH TENSILE
(Cooper Code 9024)",Y,WIRE,WIRE,BEAD,N,BEAD, ,CH,114409
503,CH,WIRE,BEAD WIRE,"1.83MM BEAD WIRE - HIGH TENSILE
(Cooper Code 9024)",Y,WIRE,WIRE,BEAD,N,BEAD, ,CH,114653
503,CH,WIRE,BEAD WIRE,"1.83MM BEAD WIRE - HIGH TENSILE
(Cooper Code 9024)",Y,WIRE,WIRE,BEAD,N,BEAD, ,CH,67620
503,CH,WIRE,BEAD WIRE,"1.83MM BEAD WIRE - HIGH TENSILE
(Cooper Code 9024)",Y,WIRE,WIRE,BEAD,N,BEAD, ,CH,67447
503,CH,WIRE,BEAD WIRE,"1.83MM BEAD WIRE - HIGH TENSILE
(Cooper Code 9024)",Y,WIRE,WIRE,BEAD,N,BEAD, ,CH,67977
503,CH,WIRE,BEAD WIRE,"1.83MM BEAD WIRE - HIGH TENSILE
(Cooper Code 9024)",Y,WIRE,WIRE,BEAD,N,BEAD, ,CH,113200
503,CH,WIRE,BEAD WIRE,"1.83MM BEAD WIRE - HIGH TENSILE
(Cooper Code 9024)",Y,WIRE,WIRE,BEAD,N,BEAD, ,CH,64989
503,CH,WIRE,BEAD WIRE,"1.83MM BEAD WIRE - HIGH TENSILE
(Cooper Code 9024)",Y,WIRE,WIRE,BEAD,N,BEAD, ,CH,36924
503,CH,WIRE,BEAD WIRE,"1.83MM BEAD WIRE - HIGH TENSILE
(Cooper Code 9024)",Y,WIRE,WIRE,BEAD,N,BEAD, ,CH,42865
503,CH,WIRE,BEAD WIRE,"1.83MM BEAD WIRE - HIGH TENSILE
(Cooper Code 9024)",Y,WIRE,WIRE,BEAD,N,BEAD, ,CH,62497
503,CH,WIRE,BEAD WIRE,"1.83MM BEAD WIRE - HIGH TENSILE
(Cooper Code 9024)",Y,WIRE,WIRE,BEAD,N,BEAD, ,CH,64737
503,CH,WIRE,BEAD WIRE,"1.83MM BEAD WIRE - HIGH TENSILE
(Cooper Code 9024)",Y,WIRE,WIRE,BEAD,N,BEAD, ,CH,50954
503,CH,WIRE,BEAD WIRE,"1.83MM BEAD WIRE - HIGH TENSILE
(Cooper Code 9024)",Y,WIRE,WIRE,BEAD,N,BEAD, ,CH,29059
503,CH,WIRE,BEAD WIRE,"1.83MM BEAD WIRE - HIGH TENSILE
(Cooper Code 9024)",Y,WIRE,WIRE,BEAD,N,BEAD, ,CH,42751
503,CH,WIRE,BEAD WIRE,"1.83MM BEAD WIRE - HIGH TENSILE
(Cooper Code 9024)",Y,WIRE,WIRE,BEAD,N,BEAD, ,CH,145101
503,CH,WIRE,BEAD WIRE,"1.83MM BEAD WIRE - HIGH TENSILE
(Cooper Code 9024)",Y,WIRE,WIRE,BEAD,N,BEAD, ,CH,144670
503,CH,WIRE,BEAD WIRE,"1.83MM BEAD WIRE - HIGH TENSILE
(Cooper Code 9024)",Y,WIRE,WIRE,BEAD,N,BEAD, ,CH,146002
503,CH,WIRE,BEAD WIRE,"1.83MM BEAD WIRE - HIGH TENSILE
(Cooper Code 9024)",Y,WIRE,WIRE,BEAD,N,BEAD, ,CH,134287
503,CH,WIRE,BEAD WIRE,"1.83MM BEAD WIRE - HIGH TENSILE
(Cooper Code 9024)",Y,WIRE,WIRE,BEAD,N,BEAD, ,CH,135153
503,CH,WIRE,BEAD WIRE,"1.83MM BEAD WIRE - HIGH TENSILE
(Cooper Code 9024)",Y,WIRE,WIRE,BEAD,N,BEAD, ,CH,136530
503,CH,WIRE,BEAD WIRE,"1.83MM BEAD WIRE - HIGH TENSILE
(Cooper Code 9024)",Y,WIRE,WIRE,BEAD,N,BEAD, ,CH,67966
503,CH,WIRE,BEAD WIRE,"1.83MM BEAD WIRE - HIGH TENSILE
(Cooper Code 9024)",Y,WIRE,WIRE,BEAD,N,BEAD, ,CH,128687
503,CH,WIRE,BEAD WIRE,"1.83MM BEAD WIRE - HIGH TENSILE
(Cooper Code 9024)",Y,WIRE,WIRE,BEAD,N,BEAD, ,CH,128688
503,CH,WIRE,BEAD WIRE,"1.83MM BEAD WIRE - HIGH TENSILE
(Cooper Code 9024)",Y,WIRE,WIRE,BEAD,N,BEAD, ,CH,81014
503,CH,WIRE,BEAD WIRE,"1.83MM BEAD WIRE - HIGH TENSILE
(Cooper Code 9024)",Y,WIRE,WIRE,BEAD,N,BEAD, ,CH,67280
503,CH,WIRE,BEAD WIRE,"1.83MM BEAD WIRE - HIGH TENSILE
(Cooper Code 9024)",Y,WIRE,WIRE,BEAD,N,BEAD, ,CH,96903
504,CF20YF,FABRIC,HYBRID,MERGED CORD 1670/1 ARAMID + 940/1 NYLON 66 20 EPI YF,Y,FABR,FABR,FABR,N,FABR, ,CF20YF,13098
504,CF20YF,FABRIC,HYBRID,MERGED CORD 1670/1 ARAMID + 940/1 NYLON 66 20 EPI YF,Y,FABR,FABR,FABR,N,FABR, ,CF20YF,6022
504,CF20YF,FABRIC,HYBRID,MERGED CORD 1670/1 ARAMID + 940/1 NYLON 66 20 EPI YF,Y,FABR,FABR,FABR,N,FABR, ,CF20YF,6822
504,CF20YF,FABRIC,HYBRID,MERGED CORD 1670/1 ARAMID + 940/1 NYLON 66 20 EPI YF,Y,FABR,FABR,FABR,N,FABR, ,CF20YF,25033
504,CF20YF,FABRIC,HYBRID,MERGED CORD 1670/1 ARAMID + 940/1 NYLON 66 20 EPI YF,Y,FABR,FABR,FABR,N,FABR, ,CF20YF,19626
504,CF20YF,FABRIC,HYBRID,MERGED CORD 1670/1 ARAMID + 940/1 NYLON 66 20 EPI YF,Y,FABR,FABR,FABR,N,FABR, ,CF20YF,141295
722,BN32JA,FABRIC,"NYLON 6,6","NYLON 6,6  1400/1 0X4.6 TPI 32EPI JA",Y,FABR,FABR,,,,,BN32JA,15078
722,BN32JA,FABRIC,"NYLON 6,6","NYLON 6,6  1400/1 0X4.6 TPI 32EPI JA",Y,FABR,FABR,,,,,BN32JA,15098
722,BN32JA,FABRIC,"NYLON 6,6","NYLON 6,6  1400/1 0X4.6 TPI 32EPI JA",Y,FABR,FABR,,,,,BN32JA,15757
722,BN32JA,FABRIC,"NYLON 6,6","NYLON 6,6  1400/1 0X4.6 TPI 32EPI JA",Y,FABR,FABR,,,,,BN32JA,15095
722,BN32JA,FABRIC,"NYLON 6,6","NYLON 6,6  1400/1 0X4.6 TPI 32EPI JA",Y,FABR,FABR,,,,,BN32JA,18105
722,BN32JA,FABRIC,"NYLON 6,6","NYLON 6,6  1400/1 0X4.6 TPI 32EPI JA",Y,FABR,FABR,,,,,BN32JA,18101
722,BN32JA,FABRIC,"NYLON 6,6","NYLON 6,6  1400/1 0X4.6 TPI 32EPI JA",Y,FABR,FABR,,,,,BN32JA,15691
722,BN32JA,FABRIC,"NYLON 6,6","NYLON 6,6  1400/1 0X4.6 TPI 32EPI JA",Y,FABR,FABR,,,,,BN32JA,61705
722,BN32JA,FABRIC,"NYLON 6,6","NYLON 6,6  1400/1 0X4.6 TPI 32EPI JA",Y,FABR,FABR,,,,,BN32JA,47478
722,BN32JA,FABRIC,"NYLON 6,6","NYLON 6,6  1400/1 0X4.6 TPI 32EPI JA",Y,FABR,FABR,,,,,BN32JA,36782
722,BN32JA,FABRIC,"NYLON 6,6","NYLON 6,6  1400/1 0X4.6 TPI 32EPI JA",Y,FABR,FABR,,,,,BN32JA,36781
722,BN32JA,FABRIC,"NYLON 6,6","NYLON 6,6  1400/1 0X4.6 TPI 32EPI JA",Y,FABR,FABR,,,,,BN32JA,19143
722,BN32JA,FABRIC,"NYLON 6,6","NYLON 6,6  1400/1 0X4.6 TPI 32EPI JA",Y,FABR,FABR,,,,,BN32JA,25061
722,BN32JA,FABRIC,"NYLON 6,6","NYLON 6,6  1400/1 0X4.6 TPI 32EPI JA",Y,FABR,FABR,,,,,BN32JA,15099
722,BN32JA,FABRIC,"NYLON 6,6","NYLON 6,6  1400/1 0X4.6 TPI 32EPI JA",Y,FABR,FABR,,,,,BN32JA,18102
722,BN32JA,FABRIC,"NYLON 6,6","NYLON 6,6  1400/1 0X4.6 TPI 32EPI JA",Y,FABR,FABR,,,,,BN32JA,18103
722,BN32JA,FABRIC,"NYLON 6,6","NYLON 6,6  1400/1 0X4.6 TPI 32EPI JA",Y,FABR,FABR,,,,,BN32JA,128927
722,BN32JA,FABRIC,"NYLON 6,6","NYLON 6,6  1400/1 0X4.6 TPI 32EPI JA",Y,FABR,FABR,,,,,BN32JA,131095
722,BN32JA,FABRIC,"NYLON 6,6","NYLON 6,6  1400/1 0X4.6 TPI 32EPI JA",Y,FABR,FABR,,,,,BN32JA,119670
722,BN32JA,FABRIC,"NYLON 6,6","NYLON 6,6  1400/1 0X4.6 TPI 32EPI JA",Y,FABR,FABR,,,,,BN32JA,36778
722,BN32JA,FABRIC,"NYLON 6,6","NYLON 6,6  1400/1 0X4.6 TPI 32EPI JA",Y,FABR,FABR,,,,,BN32JA,36779
722,BN32JA,FABRIC,"NYLON 6,6","NYLON 6,6  1400/1 0X4.6 TPI 32EPI JA",Y,FABR,FABR,,,,,BN32JA,36780
722,BN32JA,FABRIC,"NYLON 6,6","NYLON 6,6  1400/1 0X4.6 TPI 32EPI JA",Y,FABR,FABR,,,,,BN32JA,115029
722,BN32JA,FABRIC,"NYLON 6,6","NYLON 6,6  1400/1 0X4.6 TPI 32EPI JA",Y,FABR,FABR,,,,,BN32JA,114944
723,BN32GA,FABRIC,"NYLON 6,6","NYLON 6,6 1400/1 0X4.6 TPI  32EPI  GA",Y,FABR,FABR,NYLON 66,,NYLON 66,,BN32GA,18748
723,BN32GA,FABRIC,"NYLON 6,6","NYLON 6,6 1400/1 0X4.6 TPI  32EPI  GA",Y,FABR,FABR,NYLON 66,,NYLON 66,,BN32GA,14526
723,BN32GA,FABRIC,"NYLON 6,6","NYLON 6,6 1400/1 0X4.6 TPI  32EPI  GA",Y,FABR,FABR,NYLON 66,,NYLON 66,,BN32GA,14415
723,BN32GA,FABRIC,"NYLON 6,6","NYLON 6,6 1400/1 0X4.6 TPI  32EPI  GA",Y,FABR,FABR,NYLON 66,,NYLON 66,,BN32GA,18317
723,BN32GA,FABRIC,"NYLON 6,6","NYLON 6,6 1400/1 0X4.6 TPI  32EPI  GA",Y,FABR,FABR,NYLON 66,,NYLON 66,,BN32GA,59055
723,BN32GA,FABRIC,"NYLON 6,6","NYLON 6,6 1400/1 0X4.6 TPI  32EPI  GA",Y,FABR,FABR,NYLON 66,,NYLON 66,,BN32GA,40392
724,BN24MA,FABRIC,"NYLON 6,6","NYLON 6,6  1400/1 0X4.5 TPI 24EPI MA",N,FABR,FABR,FABR,N,FABR, ,BN24MA,16393
724,BN24MA,FABRIC,"NYLON 6,6","NYLON 6,6  1400/1 0X4.5 TPI 24EPI MA",N,FABR,FABR,FABR,N,FABR, ,BN24MA,15335
724,BN24MA,FABRIC,"NYLON 6,6","NYLON 6,6  1400/1 0X4.5 TPI 24EPI MA",N,FABR,FABR,FABR,N,FABR, ,BN24MA,14166
726,BI30GF,FABRIC,"NYLON 6,6","NYLON 6,6 940/1 0X4.6S TPI 30EPI GF",Y,FABR,FABR,,,,,BI30GF,12951
726,BI30GF,FABRIC,"NYLON 6,6","NYLON 6,6 940/1 0X4.6S TPI 30EPI GF",Y,FABR,FABR,,,,,BI30GF,15693
726,BI30GF,FABRIC,"NYLON 6,6","NYLON 6,6 940/1 0X4.6S TPI 30EPI GF",Y,FABR,FABR,,,,,BI30GF,15643
726,BI30GF,FABRIC,"NYLON 6,6","NYLON 6,6 940/1 0X4.6S TPI 30EPI GF",Y,FABR,FABR,,,,,BI30GF,15719
726,BI30GF,FABRIC,"NYLON 6,6","NYLON 6,6 940/1 0X4.6S TPI 30EPI GF",Y,FABR,FABR,,,,,BI30GF,40391
726,BI30GF,FABRIC,"NYLON 6,6","NYLON 6,6 940/1 0X4.6S TPI 30EPI GF",Y,FABR,FABR,,,,,BI30GF,14756
727,BH20MS,FABRIC,"NYLON 6,6","NYLON 6,6 1400/1/3 8.4X8.4 TPI 20EPI MS",Y,FABR,FABR,NYLON 66,,NYLON 66,,BH20MS,16391
727,BH20MS,FABRIC,"NYLON 6,6","NYLON 6,6 1400/1/3 8.4X8.4 TPI 20EPI MS",Y,FABR,FABR,NYLON 66,,NYLON 66,,BH20MS,14337
727,BH20MS,FABRIC,"NYLON 6,6","NYLON 6,6 1400/1/3 8.4X8.4 TPI 20EPI MS",Y,FABR,FABR,NYLON 66,,NYLON 66,,BH20MS,14140
727,BH20MS,FABRIC,"NYLON 6,6","NYLON 6,6 1400/1/3 8.4X8.4 TPI 20EPI MS",Y,FABR,FABR,NYLON 66,,NYLON 66,,BH20MS,24273
728,BH,WIRE,BEAD WIRE,"1.295MM BEAD WIRE - HIGH TENSILE 
(Cooper 9021/9906/9001)",Y,WIRE,WIRE,BEAD,N,BEAD, ,BH,141721
728,BH,WIRE,BEAD WIRE,"1.295MM BEAD WIRE - HIGH TENSILE 
(Cooper 9021/9906/9001)",Y,WIRE,WIRE,BEAD,N,BEAD, ,BH,133924
728,BH,WIRE,BEAD WIRE,"1.295MM BEAD WIRE - HIGH TENSILE 
(Cooper 9021/9906/9001)",Y,WIRE,WIRE,BEAD,N,BEAD, ,BH,134043
728,BH,WIRE,BEAD WIRE,"1.295MM BEAD WIRE - HIGH TENSILE 
(Cooper 9021/9906/9001)",Y,WIRE,WIRE,BEAD,N,BEAD, ,BH,134046
728,BH,WIRE,BEAD WIRE,"1.295MM BEAD WIRE - HIGH TENSILE 
(Cooper 9021/9906/9001)",Y,WIRE,WIRE,BEAD,N,BEAD, ,BH,134166
728,BH,WIRE,BEAD WIRE,"1.295MM BEAD WIRE - HIGH TENSILE 
(Cooper 9021/9906/9001)",Y,WIRE,WIRE,BEAD,N,BEAD, ,BH,135152
728,BH,WIRE,BEAD WIRE,"1.295MM BEAD WIRE - HIGH TENSILE 
(Cooper 9021/9906/9001)",Y,WIRE,WIRE,BEAD,N,BEAD, ,BH,83313
728,BH,WIRE,BEAD WIRE,"1.295MM BEAD WIRE - HIGH TENSILE 
(Cooper 9021/9906/9001)",Y,WIRE,WIRE,BEAD,N,BEAD, ,BH,76514
728,BH,WIRE,BEAD WIRE,"1.295MM BEAD WIRE - HIGH TENSILE 
(Cooper 9021/9906/9001)",Y,WIRE,WIRE,BEAD,N,BEAD, ,BH,106083
728,BH,WIRE,BEAD WIRE,"1.295MM BEAD WIRE - HIGH TENSILE 
(Cooper 9021/9906/9001)",Y,WIRE,WIRE,BEAD,N,BEAD, ,BH,98190
728,BH,WIRE,BEAD WIRE,"1.295MM BEAD WIRE - HIGH TENSILE 
(Cooper 9021/9906/9001)",Y,WIRE,WIRE,BEAD,N,BEAD, ,BH,96901
728,BH,WIRE,BEAD WIRE,"1.295MM BEAD WIRE - HIGH TENSILE 
(Cooper 9021/9906/9001)",Y,WIRE,WIRE,BEAD,N,BEAD, ,BH,106187
728,BH,WIRE,BEAD WIRE,"1.295MM BEAD WIRE - HIGH TENSILE 
(Cooper 9021/9906/9001)",Y,WIRE,WIRE,BEAD,N,BEAD, ,BH,117894
728,BH,WIRE,BEAD WIRE,"1.295MM BEAD WIRE - HIGH TENSILE 
(Cooper 9021/9906/9001)",Y,WIRE,WIRE,BEAD,N,BEAD, ,BH,126384
728,BH,WIRE,BEAD WIRE,"1.295MM BEAD WIRE - HIGH TENSILE 
(Cooper 9021/9906/9001)",Y,WIRE,WIRE,BEAD,N,BEAD, ,BH,126385
728,BH,WIRE,BEAD WIRE,"1.295MM BEAD WIRE - HIGH TENSILE 
(Cooper 9021/9906/9001)",Y,WIRE,WIRE,BEAD,N,BEAD, ,BH,116805
728,BH,WIRE,BEAD WIRE,"1.295MM BEAD WIRE - HIGH TENSILE 
(Cooper 9021/9906/9001)",Y,WIRE,WIRE,BEAD,N,BEAD, ,BH,79119
728,BH,WIRE,BEAD WIRE,"1.295MM BEAD WIRE - HIGH TENSILE 
(Cooper 9021/9906/9001)",Y,WIRE,WIRE,BEAD,N,BEAD, ,BH,81794
728,BH,WIRE,BEAD WIRE,"1.295MM BEAD WIRE - HIGH TENSILE 
(Cooper 9021/9906/9001)",Y,WIRE,WIRE,BEAD,N,BEAD, ,BH,132945
728,BH,WIRE,BEAD WIRE,"1.295MM BEAD WIRE - HIGH TENSILE 
(Cooper 9021/9906/9001)",Y,WIRE,WIRE,BEAD,N,BEAD, ,BH,67967
728,BH,WIRE,BEAD WIRE,"1.295MM BEAD WIRE - HIGH TENSILE 
(Cooper 9021/9906/9001)",Y,WIRE,WIRE,BEAD,N,BEAD, ,BH,13522
728,BH,WIRE,BEAD WIRE,"1.295MM BEAD WIRE - HIGH TENSILE 
(Cooper 9021/9906/9001)",Y,WIRE,WIRE,BEAD,N,BEAD, ,BH,3893
728,BH,WIRE,BEAD WIRE,"1.295MM BEAD WIRE - HIGH TENSILE 
(Cooper 9021/9906/9001)",Y,WIRE,WIRE,BEAD,N,BEAD, ,BH,15597
728,BH,WIRE,BEAD WIRE,"1.295MM BEAD WIRE - HIGH TENSILE 
(Cooper 9021/9906/9001)",Y,WIRE,WIRE,BEAD,N,BEAD, ,BH,18089
728,BH,WIRE,BEAD WIRE,"1.295MM BEAD WIRE - HIGH TENSILE 
(Cooper 9021/9906/9001)",Y,WIRE,WIRE,BEAD,N,BEAD, ,BH,15566
728,BH,WIRE,BEAD WIRE,"1.295MM BEAD WIRE - HIGH TENSILE 
(Cooper 9021/9906/9001)",Y,WIRE,WIRE,BEAD,N,BEAD, ,BH,16247
728,BH,WIRE,BEAD WIRE,"1.295MM BEAD WIRE - HIGH TENSILE 
(Cooper 9021/9906/9001)",Y,WIRE,WIRE,BEAD,N,BEAD, ,BH,18724
728,BH,WIRE,BEAD WIRE,"1.295MM BEAD WIRE - HIGH TENSILE 
(Cooper 9021/9906/9001)",Y,WIRE,WIRE,BEAD,N,BEAD, ,BH,18459
728,BH,WIRE,BEAD WIRE,"1.295MM BEAD WIRE - HIGH TENSILE 
(Cooper 9021/9906/9001)",Y,WIRE,WIRE,BEAD,N,BEAD, ,BH,41998
728,BH,WIRE,BEAD WIRE,"1.295MM BEAD WIRE - HIGH TENSILE 
(Cooper 9021/9906/9001)",Y,WIRE,WIRE,BEAD,N,BEAD, ,BH,32159
728,BH,WIRE,BEAD WIRE,"1.295MM BEAD WIRE - HIGH TENSILE 
(Cooper 9021/9906/9001)",Y,WIRE,WIRE,BEAD,N,BEAD, ,BH,32158
728,BH,WIRE,BEAD WIRE,"1.295MM BEAD WIRE - HIGH TENSILE 
(Cooper 9021/9906/9001)",Y,WIRE,WIRE,BEAD,N,BEAD, ,BH,48911
728,BH,WIRE,BEAD WIRE,"1.295MM BEAD WIRE - HIGH TENSILE 
(Cooper 9021/9906/9001)",Y,WIRE,WIRE,BEAD,N,BEAD, ,BH,44015
728,BH,WIRE,BEAD WIRE,"1.295MM BEAD WIRE - HIGH TENSILE 
(Cooper 9021/9906/9001)",Y,WIRE,WIRE,BEAD,N,BEAD, ,BH,29566
728,BH,WIRE,BEAD WIRE,"1.295MM BEAD WIRE - HIGH TENSILE 
(Cooper 9021/9906/9001)",Y,WIRE,WIRE,BEAD,N,BEAD, ,BH,42656
728,BH,WIRE,BEAD WIRE,"1.295MM BEAD WIRE - HIGH TENSILE 
(Cooper 9021/9906/9001)",Y,WIRE,WIRE,BEAD,N,BEAD, ,BH,46454
728,BH,WIRE,BEAD WIRE,"1.295MM BEAD WIRE - HIGH TENSILE 
(Cooper 9021/9906/9001)",Y,WIRE,WIRE,BEAD,N,BEAD, ,BH,46225
728,BH,WIRE,BEAD WIRE,"1.295MM BEAD WIRE - HIGH TENSILE 
(Cooper 9021/9906/9001)",Y,WIRE,WIRE,BEAD,N,BEAD, ,BH,43023
728,BH,WIRE,BEAD WIRE,"1.295MM BEAD WIRE - HIGH TENSILE 
(Cooper 9021/9906/9001)",Y,WIRE,WIRE,BEAD,N,BEAD, ,BH,25295
728,BH,WIRE,BEAD WIRE,"1.295MM BEAD WIRE - HIGH TENSILE 
(Cooper 9021/9906/9001)",Y,WIRE,WIRE,BEAD,N,BEAD, ,BH,24350
728,BH,WIRE,BEAD WIRE,"1.295MM BEAD WIRE - HIGH TENSILE 
(Cooper 9021/9906/9001)",Y,WIRE,WIRE,BEAD,N,BEAD, ,BH,24087
728,BH,WIRE,BEAD WIRE,"1.295MM BEAD WIRE - HIGH TENSILE 
(Cooper 9021/9906/9001)",Y,WIRE,WIRE,BEAD,N,BEAD, ,BH,24349
728,BH,WIRE,BEAD WIRE,"1.295MM BEAD WIRE - HIGH TENSILE 
(Cooper 9021/9906/9001)",Y,WIRE,WIRE,BEAD,N,BEAD, ,BH,20391
728,BH,WIRE,BEAD WIRE,"1.295MM BEAD WIRE - HIGH TENSILE 
(Cooper 9021/9906/9001)",Y,WIRE,WIRE,BEAD,N,BEAD, ,BH,21334
728,BH,WIRE,BEAD WIRE,"1.295MM BEAD WIRE - HIGH TENSILE 
(Cooper 9021/9906/9001)",Y,WIRE,WIRE,BEAD,N,BEAD, ,BH,24343
728,BH,WIRE,BEAD WIRE,"1.295MM BEAD WIRE - HIGH TENSILE 
(Cooper 9021/9906/9001)",Y,WIRE,WIRE,BEAD,N,BEAD, ,BH,21929
728,BH,WIRE,BEAD WIRE,"1.295MM BEAD WIRE - HIGH TENSILE 
(Cooper 9021/9906/9001)",Y,WIRE,WIRE,BEAD,N,BEAD, ,BH,24446
728,BH,WIRE,BEAD WIRE,"1.295MM BEAD WIRE - HIGH TENSILE 
(Cooper 9021/9906/9001)",Y,WIRE,WIRE,BEAD,N,BEAD, ,BH,24130
728,BH,WIRE,BEAD WIRE,"1.295MM BEAD WIRE - HIGH TENSILE 
(Cooper 9021/9906/9001)",Y,WIRE,WIRE,BEAD,N,BEAD, ,BH,24351
728,BH,WIRE,BEAD WIRE,"1.295MM BEAD WIRE - HIGH TENSILE 
(Cooper 9021/9906/9001)",Y,WIRE,WIRE,BEAD,N,BEAD, ,BH,25871
728,BH,WIRE,BEAD WIRE,"1.295MM BEAD WIRE - HIGH TENSILE 
(Cooper 9021/9906/9001)",Y,WIRE,WIRE,BEAD,N,BEAD, ,BH,17923
728,BH,WIRE,BEAD WIRE,"1.295MM BEAD WIRE - HIGH TENSILE 
(Cooper 9021/9906/9001)",Y,WIRE,WIRE,BEAD,N,BEAD, ,BH,18348
728,BH,WIRE,BEAD WIRE,"1.295MM BEAD WIRE - HIGH TENSILE 
(Cooper 9021/9906/9001)",Y,WIRE,WIRE,BEAD,N,BEAD, ,BH,18349
728,BH,WIRE,BEAD WIRE,"1.295MM BEAD WIRE - HIGH TENSILE 
(Cooper 9021/9906/9001)",Y,WIRE,WIRE,BEAD,N,BEAD, ,BH,128455
728,BH,WIRE,BEAD WIRE,"1.295MM BEAD WIRE - HIGH TENSILE 
(Cooper 9021/9906/9001)",Y,WIRE,WIRE,BEAD,N,BEAD, ,BH,101803
728,BH,WIRE,BEAD WIRE,"1.295MM BEAD WIRE - HIGH TENSILE 
(Cooper 9021/9906/9001)",Y,WIRE,WIRE,BEAD,N,BEAD, ,BH,103773
728,BH,WIRE,BEAD WIRE,"1.295MM BEAD WIRE - HIGH TENSILE 
(Cooper 9021/9906/9001)",Y,WIRE,WIRE,BEAD,N,BEAD, ,BH,128380
728,BH,WIRE,BEAD WIRE,"1.295MM BEAD WIRE - HIGH TENSILE 
(Cooper 9021/9906/9001)",Y,WIRE,WIRE,BEAD,N,BEAD, ,BH,79118
728,BH,WIRE,BEAD WIRE,"1.295MM BEAD WIRE - HIGH TENSILE 
(Cooper 9021/9906/9001)",Y,WIRE,WIRE,BEAD,N,BEAD, ,BH,117038
728,BH,WIRE,BEAD WIRE,"1.295MM BEAD WIRE - HIGH TENSILE 
(Cooper 9021/9906/9001)",Y,WIRE,WIRE,BEAD,N,BEAD, ,BH,118372
728,BH,WIRE,BEAD WIRE,"1.295MM BEAD WIRE - HIGH TENSILE 
(Cooper 9021/9906/9001)",Y,WIRE,WIRE,BEAD,N,BEAD, ,BH,67978
728,BH,WIRE,BEAD WIRE,"1.295MM BEAD WIRE - HIGH TENSILE 
(Cooper 9021/9906/9001)",Y,WIRE,WIRE,BEAD,N,BEAD, ,BH,116804
728,BH,WIRE,BEAD WIRE,"1.295MM BEAD WIRE - HIGH TENSILE 
(Cooper 9021/9906/9001)",Y,WIRE,WIRE,BEAD,N,BEAD, ,BH,29562
728,BH,WIRE,BEAD WIRE,"1.295MM BEAD WIRE - HIGH TENSILE 
(Cooper 9021/9906/9001)",Y,WIRE,WIRE,BEAD,N,BEAD, ,BH,32157
728,BH,WIRE,BEAD WIRE,"1.295MM BEAD WIRE - HIGH TENSILE 
(Cooper 9021/9906/9001)",Y,WIRE,WIRE,BEAD,N,BEAD, ,BH,32154
728,BH,WIRE,BEAD WIRE,"1.295MM BEAD WIRE - HIGH TENSILE 
(Cooper 9021/9906/9001)",Y,WIRE,WIRE,BEAD,N,BEAD, ,BH,32155
728,BH,WIRE,BEAD WIRE,"1.295MM BEAD WIRE - HIGH TENSILE 
(Cooper 9021/9906/9001)",Y,WIRE,WIRE,BEAD,N,BEAD, ,BH,32156
728,BH,WIRE,BEAD WIRE,"1.295MM BEAD WIRE - HIGH TENSILE 
(Cooper 9021/9906/9001)",Y,WIRE,WIRE,BEAD,N,BEAD, ,BH,65217
728,BH,WIRE,BEAD WIRE,"1.295MM BEAD WIRE - HIGH TENSILE 
(Cooper 9021/9906/9001)",Y,WIRE,WIRE,BEAD,N,BEAD, ,BH,41193
728,BH,WIRE,BEAD WIRE,"1.295MM BEAD WIRE - HIGH TENSILE 
(Cooper 9021/9906/9001)",Y,WIRE,WIRE,BEAD,N,BEAD, ,BH,48912
728,BH,WIRE,BEAD WIRE,"1.295MM BEAD WIRE - HIGH TENSILE 
(Cooper 9021/9906/9001)",Y,WIRE,WIRE,BEAD,N,BEAD, ,BH,59992
728,BH,WIRE,BEAD WIRE,"1.295MM BEAD WIRE - HIGH TENSILE 
(Cooper 9021/9906/9001)",Y,WIRE,WIRE,BEAD,N,BEAD, ,BH,34643
728,BH,WIRE,BEAD WIRE,"1.295MM BEAD WIRE - HIGH TENSILE 
(Cooper 9021/9906/9001)",Y,WIRE,WIRE,BEAD,N,BEAD, ,BH,46095
728,BH,WIRE,BEAD WIRE,"1.295MM BEAD WIRE - HIGH TENSILE 
(Cooper 9021/9906/9001)",Y,WIRE,WIRE,BEAD,N,BEAD, ,BH,41569
728,BH,WIRE,BEAD WIRE,"1.295MM BEAD WIRE - HIGH TENSILE 
(Cooper 9021/9906/9001)",Y,WIRE,WIRE,BEAD,N,BEAD, ,BH,42405
728,BH,WIRE,BEAD WIRE,"1.295MM BEAD WIRE - HIGH TENSILE 
(Cooper 9021/9906/9001)",Y,WIRE,WIRE,BEAD,N,BEAD, ,BH,31952
728,BH,WIRE,BEAD WIRE,"1.295MM BEAD WIRE - HIGH TENSILE 
(Cooper 9021/9906/9001)",Y,WIRE,WIRE,BEAD,N,BEAD, ,BH,41194
728,BH,WIRE,BEAD WIRE,"1.295MM BEAD WIRE - HIGH TENSILE 
(Cooper 9021/9906/9001)",Y,WIRE,WIRE,BEAD,N,BEAD, ,BH,43923
728,BH,WIRE,BEAD WIRE,"1.295MM BEAD WIRE - HIGH TENSILE 
(Cooper 9021/9906/9001)",Y,WIRE,WIRE,BEAD,N,BEAD, ,BH,139596
728,BH,WIRE,BEAD WIRE,"1.295MM BEAD WIRE - HIGH TENSILE 
(Cooper 9021/9906/9001)",Y,WIRE,WIRE,BEAD,N,BEAD, ,BH,143724
728,BH,WIRE,BEAD WIRE,"1.295MM BEAD WIRE - HIGH TENSILE 
(Cooper 9021/9906/9001)",Y,WIRE,WIRE,BEAD,N,BEAD, ,BH,144968
728,BH,WIRE,BEAD WIRE,"1.295MM BEAD WIRE - HIGH TENSILE 
(Cooper 9021/9906/9001)",Y,WIRE,WIRE,BEAD,N,BEAD, ,BH,144161
728,BH,WIRE,BEAD WIRE,"1.295MM BEAD WIRE - HIGH TENSILE 
(Cooper 9021/9906/9001)",Y,WIRE,WIRE,BEAD,N,BEAD, ,BH,142194
728,BH,WIRE,BEAD WIRE,"1.295MM BEAD WIRE - HIGH TENSILE 
(Cooper 9021/9906/9001)",Y,WIRE,WIRE,BEAD,N,BEAD, ,BH,141499
738,B08N,YARN,"NYLON 6,6","940 DECITEX  NYLON 6,6",N,,,,,,,B08N,13686
741,B05L,YARN,NYLON 6,2100 DECITEX NYLON 6,Y,,,,,,,B05L,96177
743,B03L,YARN,NYLON 6,940 DECITEX NYLON 6,Y,,,,,,,B03L,13340
750,AR,WIRE,BEAD WIRE,0.965MM BEAD WIRE - REGULAR TENSILE,Y,WIRE,WIRE,BEAD,,BEAD,,AR,17958
750,AR,WIRE,BEAD WIRE,0.965MM BEAD WIRE - REGULAR TENSILE,Y,WIRE,WIRE,BEAD,,BEAD,,AR,18455
750,AR,WIRE,BEAD WIRE,0.965MM BEAD WIRE - REGULAR TENSILE,Y,WIRE,WIRE,BEAD,,BEAD,,AR,18041
750,AR,WIRE,BEAD WIRE,0.965MM BEAD WIRE - REGULAR TENSILE,Y,WIRE,WIRE,BEAD,,BEAD,,AR,18023
750,AR,WIRE,BEAD WIRE,0.965MM BEAD WIRE - REGULAR TENSILE,Y,WIRE,WIRE,BEAD,,BEAD,,AR,18347
750,AR,WIRE,BEAD WIRE,0.965MM BEAD WIRE - REGULAR TENSILE,Y,WIRE,WIRE,BEAD,,BEAD,,AR,81728
761,CE16WA,FABRIC,HYBRID,"MERGED CORD 1100 DTEX ARAMID/1400 DTEX NYLON 6,6 16EPIWA",Y,FABR,FABR,FABR,N,FABR, ,CE16WA,13147
761,CE16WA,FABRIC,HYBRID,"MERGED CORD 1100 DTEX ARAMID/1400 DTEX NYLON 6,6 16EPIWA",Y,FABR,FABR,FABR,N,FABR, ,CE16WA,7722
761,CE16WA,FABRIC,HYBRID,"MERGED CORD 1100 DTEX ARAMID/1400 DTEX NYLON 6,6 16EPIWA",Y,FABR,FABR,FABR,N,FABR, ,CE16WA,5564
761,CE16WA,FABRIC,HYBRID,"MERGED CORD 1100 DTEX ARAMID/1400 DTEX NYLON 6,6 16EPIWA",Y,FABR,FABR,FABR,N,FABR, ,CE16WA,19176
761,CE16WA,FABRIC,HYBRID,"MERGED CORD 1100 DTEX ARAMID/1400 DTEX NYLON 6,6 16EPIWA",Y,FABR,FABR,FABR,N,FABR, ,CE16WA,19177
761,CE16WA,FABRIC,HYBRID,"MERGED CORD 1100 DTEX ARAMID/1400 DTEX NYLON 6,6 16EPIWA",Y,FABR,FABR,FABR,N,FABR, ,CE16WA,19175
761,CE16WA,FABRIC,HYBRID,"MERGED CORD 1100 DTEX ARAMID/1400 DTEX NYLON 6,6 16EPIWA",Y,FABR,FABR,FABR,N,FABR, ,CE16WA,19178
761,CE16WA,FABRIC,HYBRID,"MERGED CORD 1100 DTEX ARAMID/1400 DTEX NYLON 6,6 16EPIWA",Y,FABR,FABR,FABR,N,FABR, ,CE16WA,18370
761,CE16WA,FABRIC,HYBRID,"MERGED CORD 1100 DTEX ARAMID/1400 DTEX NYLON 6,6 16EPIWA",Y,FABR,FABR,FABR,N,FABR, ,CE16WA,29132
761,CE16WA,FABRIC,HYBRID,"MERGED CORD 1100 DTEX ARAMID/1400 DTEX NYLON 6,6 16EPIWA",Y,FABR,FABR,FABR,N,FABR, ,CE16WA,53484
761,CE16WA,FABRIC,HYBRID,"MERGED CORD 1100 DTEX ARAMID/1400 DTEX NYLON 6,6 16EPIWA",Y,FABR,FABR,FABR,N,FABR, ,CE16WA,64257
761,CE16WA,FABRIC,HYBRID,"MERGED CORD 1100 DTEX ARAMID/1400 DTEX NYLON 6,6 16EPIWA",Y,FABR,FABR,FABR,N,FABR, ,CE16WA,61353
761,CE16WA,FABRIC,HYBRID,"MERGED CORD 1100 DTEX ARAMID/1400 DTEX NYLON 6,6 16EPIWA",Y,FABR,FABR,FABR,N,FABR, ,CE16WA,29133
761,CE16WA,FABRIC,HYBRID,"MERGED CORD 1100 DTEX ARAMID/1400 DTEX NYLON 6,6 16EPIWA",Y,FABR,FABR,FABR,N,FABR, ,CE16WA,52617
761,CE16WA,FABRIC,HYBRID,"MERGED CORD 1100 DTEX ARAMID/1400 DTEX NYLON 6,6 16EPIWA",Y,FABR,FABR,FABR,N,FABR, ,CE16WA,64256
761,CE16WA,FABRIC,HYBRID,"MERGED CORD 1100 DTEX ARAMID/1400 DTEX NYLON 6,6 16EPIWA",Y,FABR,FABR,FABR,N,FABR, ,CE16WA,142882
761,CE16WA,FABRIC,HYBRID,"MERGED CORD 1100 DTEX ARAMID/1400 DTEX NYLON 6,6 16EPIWA",Y,FABR,FABR,FABR,N,FABR, ,CE16WA,142890
761,CE16WA,FABRIC,HYBRID,"MERGED CORD 1100 DTEX ARAMID/1400 DTEX NYLON 6,6 16EPIWA",Y,FABR,FABR,FABR,N,FABR, ,CE16WA,137786
762,CB20YF,FABRIC,HYBRID,"MERGED CORD 1100DTEX ARAMID/940 DTEX NYLON 6,6 20 EPI YF",Y,FABR,FABR,FABR,N,FABR, ,CB20YF,13338
762,CB20YF,FABRIC,HYBRID,"MERGED CORD 1100DTEX ARAMID/940 DTEX NYLON 6,6 20 EPI YF",Y,FABR,FABR,FABR,N,FABR, ,CB20YF,20852
762,CB20YF,FABRIC,HYBRID,"MERGED CORD 1100DTEX ARAMID/940 DTEX NYLON 6,6 20 EPI YF",Y,FABR,FABR,FABR,N,FABR, ,CB20YF,141935
762,CB20YF,FABRIC,HYBRID,"MERGED CORD 1100DTEX ARAMID/940 DTEX NYLON 6,6 20 EPI YF",Y,FABR,FABR,FABR,N,FABR, ,CB20YF,141936
762,CB20YF,FABRIC,HYBRID,"MERGED CORD 1100DTEX ARAMID/940 DTEX NYLON 6,6 20 EPI YF",Y,FABR,FABR,FABR,N,FABR, ,CB20YF,72700
762,CB20YF,FABRIC,HYBRID,"MERGED CORD 1100DTEX ARAMID/940 DTEX NYLON 6,6 20 EPI YF",Y,FABR,FABR,FABR,N,FABR, ,CB20YF,70076
776,C17GS,Single End Dipped Cord,FIBERGLASS,3300/0/1 FIBERGLASS 60 TPM S-TWIST SED,N,,,,,,,C17GS,13431
787,AH,WIRE,BEAD WIRE,"0.965MM BEAD WIRE - HIGH TENSILE
(Cooper Code 9011)",Y,WIRE,WIRE,BEAD,N,BEAD, ,AH,116489
787,AH,WIRE,BEAD WIRE,"0.965MM BEAD WIRE - HIGH TENSILE
(Cooper Code 9011)",Y,WIRE,WIRE,BEAD,N,BEAD, ,AH,144160
787,AH,WIRE,BEAD WIRE,"0.965MM BEAD WIRE - HIGH TENSILE
(Cooper Code 9011)",Y,WIRE,WIRE,BEAD,N,BEAD, ,AH,81726
787,AH,WIRE,BEAD WIRE,"0.965MM BEAD WIRE - HIGH TENSILE
(Cooper Code 9011)",Y,WIRE,WIRE,BEAD,N,BEAD, ,AH,41113
787,AH,WIRE,BEAD WIRE,"0.965MM BEAD WIRE - HIGH TENSILE
(Cooper Code 9011)",Y,WIRE,WIRE,BEAD,N,BEAD, ,AH,24188
787,AH,WIRE,BEAD WIRE,"0.965MM BEAD WIRE - HIGH TENSILE
(Cooper Code 9011)",Y,WIRE,WIRE,BEAD,N,BEAD, ,AH,25870
787,AH,WIRE,BEAD WIRE,"0.965MM BEAD WIRE - HIGH TENSILE
(Cooper Code 9011)",Y,WIRE,WIRE,BEAD,N,BEAD, ,AH,20318
787,AH,WIRE,BEAD WIRE,"0.965MM BEAD WIRE - HIGH TENSILE
(Cooper Code 9011)",Y,WIRE,WIRE,BEAD,N,BEAD, ,AH,51366
787,AH,WIRE,BEAD WIRE,"0.965MM BEAD WIRE - HIGH TENSILE
(Cooper Code 9011)",Y,WIRE,WIRE,BEAD,N,BEAD, ,AH,24344
787,AH,WIRE,BEAD WIRE,"0.965MM BEAD WIRE - HIGH TENSILE
(Cooper Code 9011)",Y,WIRE,WIRE,BEAD,N,BEAD, ,AH,24156
787,AH,WIRE,BEAD WIRE,"0.965MM BEAD WIRE - HIGH TENSILE
(Cooper Code 9011)",Y,WIRE,WIRE,BEAD,N,BEAD, ,AH,48910
787,AH,WIRE,BEAD WIRE,"0.965MM BEAD WIRE - HIGH TENSILE
(Cooper Code 9011)",Y,WIRE,WIRE,BEAD,N,BEAD, ,AH,13834
787,AH,WIRE,BEAD WIRE,"0.965MM BEAD WIRE - HIGH TENSILE
(Cooper Code 9011)",Y,WIRE,WIRE,BEAD,N,BEAD, ,AH,116488
787,AH,WIRE,BEAD WIRE,"0.965MM BEAD WIRE - HIGH TENSILE
(Cooper Code 9011)",Y,WIRE,WIRE,BEAD,N,BEAD, ,AH,118987
787,AH,WIRE,BEAD WIRE,"0.965MM BEAD WIRE - HIGH TENSILE
(Cooper Code 9011)",Y,WIRE,WIRE,BEAD,N,BEAD, ,AH,47869
787,AH,WIRE,BEAD WIRE,"0.965MM BEAD WIRE - HIGH TENSILE
(Cooper Code 9011)",Y,WIRE,WIRE,BEAD,N,BEAD, ,AH,16246
787,AH,WIRE,BEAD WIRE,"0.965MM BEAD WIRE - HIGH TENSILE
(Cooper Code 9011)",Y,WIRE,WIRE,BEAD,N,BEAD, ,AH,86118
787,AH,WIRE,BEAD WIRE,"0.965MM BEAD WIRE - HIGH TENSILE
(Cooper Code 9011)",Y,WIRE,WIRE,BEAD,N,BEAD, ,AH,128759
787,AH,WIRE,BEAD WIRE,"0.965MM BEAD WIRE - HIGH TENSILE
(Cooper Code 9011)",Y,WIRE,WIRE,BEAD,N,BEAD, ,AH,116486
787,AH,WIRE,BEAD WIRE,"0.965MM BEAD WIRE - HIGH TENSILE
(Cooper Code 9011)",Y,WIRE,WIRE,BEAD,N,BEAD, ,AH,133811
787,AH,WIRE,BEAD WIRE,"0.965MM BEAD WIRE - HIGH TENSILE
(Cooper Code 9011)",Y,WIRE,WIRE,BEAD,N,BEAD, ,AH,139270
787,AH,WIRE,BEAD WIRE,"0.965MM BEAD WIRE - HIGH TENSILE
(Cooper Code 9011)",Y,WIRE,WIRE,BEAD,N,BEAD, ,AH,13182
787,AH,WIRE,BEAD WIRE,"0.965MM BEAD WIRE - HIGH TENSILE
(Cooper Code 9011)",Y,WIRE,WIRE,BEAD,N,BEAD, ,AH,116487
789,AD28YR,FABRIC,ARAMID,ARAMID  1670/1/2 8.4 X 8.4 TPI 28EPI YR,Y,FABR,FABR,ARAMID,,ARAMID,,AD28YR,37728
789,AD28YR,FABRIC,ARAMID,ARAMID  1670/1/2 8.4 X 8.4 TPI 28EPI YR,Y,FABR,FABR,ARAMID,,ARAMID,,AD28YR,21337
789,AD28YR,FABRIC,ARAMID,ARAMID  1670/1/2 8.4 X 8.4 TPI 28EPI YR,Y,FABR,FABR,ARAMID,,ARAMID,,AD28YR,19407
789,AD28YR,FABRIC,ARAMID,ARAMID  1670/1/2 8.4 X 8.4 TPI 28EPI YR,Y,FABR,FABR,ARAMID,,ARAMID,,AD28YR,28138
789,AD28YR,FABRIC,ARAMID,ARAMID  1670/1/2 8.4 X 8.4 TPI 28EPI YR,Y,FABR,FABR,ARAMID,,ARAMID,,AD28YR,140179
796,711K,YARN,"NYLON 6,6 MONOFILAMENT","10,000 DECITEX NYLON 6,6 (MONOFILAMENT)",Y,,,,,,,711K,1623
796,711K,YARN,"NYLON 6,6 MONOFILAMENT","10,000 DECITEX NYLON 6,6 (MONOFILAMENT)",Y,,,,,,,711K,11241
797,112A,YARN,ARAMID,1100 DECITEX ARAMID,Y,,,,,,,112A,14513
797,112A,YARN,ARAMID,1100 DECITEX ARAMID,Y,,,,,,,112A,179
798,107A,YARN,ARAMID,1670 DECITEX ARAMID,Y,,,,,,,107A,111667
798,107A,YARN,ARAMID,1670 DECITEX ARAMID,Y,,,,,,,107A,178
798,107A,YARN,ARAMID,1670 DECITEX ARAMID,Y,,,,,,,107A,183
800,9494,Miscellaneous,FILL,NE24'S (NM40.6) COTTON,N,FABR,FABRSQW,MISC,N,MISC, ,9494,13714
800,9494,Miscellaneous,FILL,NE24'S (NM40.6) COTTON,N,FABR,FABRSQW,MISC,N,MISC, ,9494,13699
800,9494,Miscellaneous,FILL,NE24'S (NM40.6) COTTON,N,FABR,FABRSQW,MISC,N,MISC, ,9494,13685
801,9493,Miscellaneous,FILL,NE18'S (NM30.4) COTTON,N,FABR,FABRSQW,MISC,N,MISC, ,9493,13684
801,9493,Miscellaneous,FILL,NE18'S (NM30.4) COTTON,N,FABR,FABRSQW,MISC,N,MISC, ,9493,13693
807,9481,TEXTILE CORD,BLEEDER,12'S/1,Y,FABR,FABRSQW,REG POLYESTER,,REG POLYESTER,,9481,17784
807,9481,TEXTILE CORD,BLEEDER,12'S/1,Y,FABR,FABRSQW,REG POLYESTER,,REG POLYESTER,,9481,19776
807,9481,TEXTILE CORD,BLEEDER,12'S/1,Y,FABR,FABRSQW,REG POLYESTER,,REG POLYESTER,,9481,145615
810,540Q,YARN,POLYESTER - HMLS AA,1440 DECITEX AA-HMLS POLYESTER,Y,,,,,,,540Q,612
811,538Q,YARN,POLYESTER - HMLS AA,1670 DECITEX AA-HMLS POLYESTER,Y,,,,,,,538Q,14067
811,538Q,YARN,POLYESTER - HMLS AA,1670 DECITEX AA-HMLS POLYESTER,Y,,,,,,,538Q,13537
818,317T,YARN,POLYESTER - HMLS,1440 DECITEX HMLS POLYESTER,Y,,,,,,,317T,1584
821,139N,YARN,"NYLON 6,6","1400 DECITEX NYLON 6,6",Y,,,,,,,139N,13005
821,139N,YARN,"NYLON 6,6","1400 DECITEX NYLON 6,6",Y,,,,,,,139N,15862
824,118N,YARN,"NYLON 6,6","470 DECITEX NYLON 6,6",Y,,,,,,,118N,51897
839,UZ,WIRE,STEEL CORD,3+9X.25+1 HT,Y,WIRE,WIRE,BELT,,BELT,,UZ,7904
839,UZ,WIRE,STEEL CORD,3+9X.25+1 HT,Y,WIRE,WIRE,BELT,,BELT,,UZ,17922
840,UY,WIRE,STEEL CORD,3X.365/9X.34 HT,Y,WIRE,WIRE,BELT,,BELT,,UY,91166
840,UY,WIRE,STEEL CORD,3X.365/9X.34 HT,Y,WIRE,WIRE,BELT,,BELT,,UY,86416
840,UY,WIRE,STEEL CORD,3X.365/9X.34 HT,Y,WIRE,WIRE,BELT,,BELT,,UY,62835
840,UY,WIRE,STEEL CORD,3X.365/9X.34 HT,Y,WIRE,WIRE,BELT,,BELT,,UY,61764
840,UY,WIRE,STEEL CORD,3X.365/9X.34 HT,Y,WIRE,WIRE,BELT,,BELT,,UY,39035
840,UY,WIRE,STEEL CORD,3X.365/9X.34 HT,Y,WIRE,WIRE,BELT,,BELT,,UY,91638
841,UX,WIRE,STEEL CORD,3x.20/9x.175+1 HT,Y,WIRE,WIRE,PLY,N,PLY, ,UX,13963
841,UX,WIRE,STEEL CORD,3x.20/9x.175+1 HT,Y,WIRE,WIRE,PLY,N,PLY, ,UX,45820
842,UW,WIRE,STEEL CORD,2+2x.295 HT,Y,WIRE,WIRE,BELT,N,BELT, ,UW,29515
842,UW,WIRE,STEEL CORD,2+2x.295 HT,Y,WIRE,WIRE,BELT,N,BELT, ,UW,57460
842,UW,WIRE,STEEL CORD,2+2x.295 HT,Y,WIRE,WIRE,BELT,N,BELT, ,UW,57462
842,UW,WIRE,STEEL CORD,2+2x.295 HT,Y,WIRE,WIRE,BELT,N,BELT, ,UW,42241
842,UW,WIRE,STEEL CORD,2+2x.295 HT,Y,WIRE,WIRE,BELT,N,BELT, ,UW,32033
842,UW,WIRE,STEEL CORD,2+2x.295 HT,Y,WIRE,WIRE,BELT,N,BELT, ,UW,39327
842,UW,WIRE,STEEL CORD,2+2x.295 HT,Y,WIRE,WIRE,BELT,N,BELT, ,UW,143572
842,UW,WIRE,STEEL CORD,2+2x.295 HT,Y,WIRE,WIRE,BELT,N,BELT, ,UW,138305
842,UW,WIRE,STEEL CORD,2+2x.295 HT,Y,WIRE,WIRE,BELT,N,BELT, ,UW,138306
842,UW,WIRE,STEEL CORD,2+2x.295 HT,Y,WIRE,WIRE,BELT,N,BELT, ,UW,141616
842,UW,WIRE,STEEL CORD,2+2x.295 HT,Y,WIRE,WIRE,BELT,N,BELT, ,UW,141466
842,UW,WIRE,STEEL CORD,2+2x.295 HT,Y,WIRE,WIRE,BELT,N,BELT, ,UW,143930
842,UW,WIRE,STEEL CORD,2+2x.295 HT,Y,WIRE,WIRE,BELT,N,BELT, ,UW,136630
842,UW,WIRE,STEEL CORD,2+2x.295 HT,Y,WIRE,WIRE,BELT,N,BELT, ,UW,144561
842,UW,WIRE,STEEL CORD,2+2x.295 HT,Y,WIRE,WIRE,BELT,N,BELT, ,UW,136628
842,UW,WIRE,STEEL CORD,2+2x.295 HT,Y,WIRE,WIRE,BELT,N,BELT, ,UW,89892
842,UW,WIRE,STEEL CORD,2+2x.295 HT,Y,WIRE,WIRE,BELT,N,BELT, ,UW,66758
842,UW,WIRE,STEEL CORD,2+2x.295 HT,Y,WIRE,WIRE,BELT,N,BELT, ,UW,79429
842,UW,WIRE,STEEL CORD,2+2x.295 HT,Y,WIRE,WIRE,BELT,N,BELT, ,UW,128059
842,UW,WIRE,STEEL CORD,2+2x.295 HT,Y,WIRE,WIRE,BELT,N,BELT, ,UW,110686
842,UW,WIRE,STEEL CORD,2+2x.295 HT,Y,WIRE,WIRE,BELT,N,BELT, ,UW,93549
842,UW,WIRE,STEEL CORD,2+2x.295 HT,Y,WIRE,WIRE,BELT,N,BELT, ,UW,12142
842,UW,WIRE,STEEL CORD,2+2x.295 HT,Y,WIRE,WIRE,BELT,N,BELT, ,UW,10541
842,UW,WIRE,STEEL CORD,2+2x.295 HT,Y,WIRE,WIRE,BELT,N,BELT, ,UW,7381
842,UW,WIRE,STEEL CORD,2+2x.295 HT,Y,WIRE,WIRE,BELT,N,BELT, ,UW,4408
842,UW,WIRE,STEEL CORD,2+2x.295 HT,Y,WIRE,WIRE,BELT,N,BELT, ,UW,3883
842,UW,WIRE,STEEL CORD,2+2x.295 HT,Y,WIRE,WIRE,BELT,N,BELT, ,UW,3886
842,UW,WIRE,STEEL CORD,2+2x.295 HT,Y,WIRE,WIRE,BELT,N,BELT, ,UW,2886
842,UW,WIRE,STEEL CORD,2+2x.295 HT,Y,WIRE,WIRE,BELT,N,BELT, ,UW,21729
842,UW,WIRE,STEEL CORD,2+2x.295 HT,Y,WIRE,WIRE,BELT,N,BELT, ,UW,20836
842,UW,WIRE,STEEL CORD,2+2x.295 HT,Y,WIRE,WIRE,BELT,N,BELT, ,UW,16488
842,UW,WIRE,STEEL CORD,2+2x.295 HT,Y,WIRE,WIRE,BELT,N,BELT, ,UW,18356
842,UW,WIRE,STEEL CORD,2+2x.295 HT,Y,WIRE,WIRE,BELT,N,BELT, ,UW,16486
842,UW,WIRE,STEEL CORD,2+2x.295 HT,Y,WIRE,WIRE,BELT,N,BELT, ,UW,16485
842,UW,WIRE,STEEL CORD,2+2x.295 HT,Y,WIRE,WIRE,BELT,N,BELT, ,UW,16492
842,UW,WIRE,STEEL CORD,2+2x.295 HT,Y,WIRE,WIRE,BELT,N,BELT, ,UW,17394
842,UW,WIRE,STEEL CORD,2+2x.295 HT,Y,WIRE,WIRE,BELT,N,BELT, ,UW,15285
842,UW,WIRE,STEEL CORD,2+2x.295 HT,Y,WIRE,WIRE,BELT,N,BELT, ,UW,16493
842,UW,WIRE,STEEL CORD,2+2x.295 HT,Y,WIRE,WIRE,BELT,N,BELT, ,UW,16484
842,UW,WIRE,STEEL CORD,2+2x.295 HT,Y,WIRE,WIRE,BELT,N,BELT, ,UW,17803
842,UW,WIRE,STEEL CORD,2+2x.295 HT,Y,WIRE,WIRE,BELT,N,BELT, ,UW,16409
842,UW,WIRE,STEEL CORD,2+2x.295 HT,Y,WIRE,WIRE,BELT,N,BELT, ,UW,14256
842,UW,WIRE,STEEL CORD,2+2x.295 HT,Y,WIRE,WIRE,BELT,N,BELT, ,UW,14417
842,UW,WIRE,STEEL CORD,2+2x.295 HT,Y,WIRE,WIRE,BELT,N,BELT, ,UW,13924
842,UW,WIRE,STEEL CORD,2+2x.295 HT,Y,WIRE,WIRE,BELT,N,BELT, ,UW,42673
842,UW,WIRE,STEEL CORD,2+2x.295 HT,Y,WIRE,WIRE,BELT,N,BELT, ,UW,45415
842,UW,WIRE,STEEL CORD,2+2x.295 HT,Y,WIRE,WIRE,BELT,N,BELT, ,UW,45417
842,UW,WIRE,STEEL CORD,2+2x.295 HT,Y,WIRE,WIRE,BELT,N,BELT, ,UW,44463
842,UW,WIRE,STEEL CORD,2+2x.295 HT,Y,WIRE,WIRE,BELT,N,BELT, ,UW,42232
842,UW,WIRE,STEEL CORD,2+2x.295 HT,Y,WIRE,WIRE,BELT,N,BELT, ,UW,24084
842,UW,WIRE,STEEL CORD,2+2x.295 HT,Y,WIRE,WIRE,BELT,N,BELT, ,UW,24664
842,UW,WIRE,STEEL CORD,2+2x.295 HT,Y,WIRE,WIRE,BELT,N,BELT, ,UW,20412
842,UW,WIRE,STEEL CORD,2+2x.295 HT,Y,WIRE,WIRE,BELT,N,BELT, ,UW,20443
842,UW,WIRE,STEEL CORD,2+2x.295 HT,Y,WIRE,WIRE,BELT,N,BELT, ,UW,22021
842,UW,WIRE,STEEL CORD,2+2x.295 HT,Y,WIRE,WIRE,BELT,N,BELT, ,UW,24666
842,UW,WIRE,STEEL CORD,2+2x.295 HT,Y,WIRE,WIRE,BELT,N,BELT, ,UW,20408
842,UW,WIRE,STEEL CORD,2+2x.295 HT,Y,WIRE,WIRE,BELT,N,BELT, ,UW,24668
842,UW,WIRE,STEEL CORD,2+2x.295 HT,Y,WIRE,WIRE,BELT,N,BELT, ,UW,20813
842,UW,WIRE,STEEL CORD,2+2x.295 HT,Y,WIRE,WIRE,BELT,N,BELT, ,UW,20563
842,UW,WIRE,STEEL CORD,2+2x.295 HT,Y,WIRE,WIRE,BELT,N,BELT, ,UW,19103
842,UW,WIRE,STEEL CORD,2+2x.295 HT,Y,WIRE,WIRE,BELT,N,BELT, ,UW,20257
842,UW,WIRE,STEEL CORD,2+2x.295 HT,Y,WIRE,WIRE,BELT,N,BELT, ,UW,22103
842,UW,WIRE,STEEL CORD,2+2x.295 HT,Y,WIRE,WIRE,BELT,N,BELT, ,UW,19778
842,UW,WIRE,STEEL CORD,2+2x.295 HT,Y,WIRE,WIRE,BELT,N,BELT, ,UW,20332
842,UW,WIRE,STEEL CORD,2+2x.295 HT,Y,WIRE,WIRE,BELT,N,BELT, ,UW,24662
842,UW,WIRE,STEEL CORD,2+2x.295 HT,Y,WIRE,WIRE,BELT,N,BELT, ,UW,20405
842,UW,WIRE,STEEL CORD,2+2x.295 HT,Y,WIRE,WIRE,BELT,N,BELT, ,UW,24266
842,UW,WIRE,STEEL CORD,2+2x.295 HT,Y,WIRE,WIRE,BELT,N,BELT, ,UW,24665
842,UW,WIRE,STEEL CORD,2+2x.295 HT,Y,WIRE,WIRE,BELT,N,BELT, ,UW,24667
842,UW,WIRE,STEEL CORD,2+2x.295 HT,Y,WIRE,WIRE,BELT,N,BELT, ,UW,20562
842,UW,WIRE,STEEL CORD,2+2x.295 HT,Y,WIRE,WIRE,BELT,N,BELT, ,UW,24663
842,UW,WIRE,STEEL CORD,2+2x.295 HT,Y,WIRE,WIRE,BELT,N,BELT, ,UW,22291
842,UW,WIRE,STEEL CORD,2+2x.295 HT,Y,WIRE,WIRE,BELT,N,BELT, ,UW,25112
842,UW,WIRE,STEEL CORD,2+2x.295 HT,Y,WIRE,WIRE,BELT,N,BELT, ,UW,20422
842,UW,WIRE,STEEL CORD,2+2x.295 HT,Y,WIRE,WIRE,BELT,N,BELT, ,UW,115215
842,UW,WIRE,STEEL CORD,2+2x.295 HT,Y,WIRE,WIRE,BELT,N,BELT, ,UW,111298
842,UW,WIRE,STEEL CORD,2+2x.295 HT,Y,WIRE,WIRE,BELT,N,BELT, ,UW,131035
842,UW,WIRE,STEEL CORD,2+2x.295 HT,Y,WIRE,WIRE,BELT,N,BELT, ,UW,128261
842,UW,WIRE,STEEL CORD,2+2x.295 HT,Y,WIRE,WIRE,BELT,N,BELT, ,UW,84449
842,UW,WIRE,STEEL CORD,2+2x.295 HT,Y,WIRE,WIRE,BELT,N,BELT, ,UW,127936
842,UW,WIRE,STEEL CORD,2+2x.295 HT,Y,WIRE,WIRE,BELT,N,BELT, ,UW,128260
842,UW,WIRE,STEEL CORD,2+2x.295 HT,Y,WIRE,WIRE,BELT,N,BELT, ,UW,111477
842,UW,WIRE,STEEL CORD,2+2x.295 HT,Y,WIRE,WIRE,BELT,N,BELT, ,UW,36600
842,UW,WIRE,STEEL CORD,2+2x.295 HT,Y,WIRE,WIRE,BELT,N,BELT, ,UW,42206
842,UW,WIRE,STEEL CORD,2+2x.295 HT,Y,WIRE,WIRE,BELT,N,BELT, ,UW,29514
843,UU,WIRE,STEEL CORD,1X.22/18X.20 ST WIRE,Y,WIRE,WIRE,,,,,UU,13056
843,UU,WIRE,STEEL CORD,1X.22/18X.20 ST WIRE,Y,WIRE,WIRE,,,,,UU,13024
843,UU,WIRE,STEEL CORD,1X.22/18X.20 ST WIRE,Y,WIRE,WIRE,,,,,UU,15301
843,UU,WIRE,STEEL CORD,1X.22/18X.20 ST WIRE,Y,WIRE,WIRE,,,,,UU,15371
843,UU,WIRE,STEEL CORD,1X.22/18X.20 ST WIRE,Y,WIRE,WIRE,,,,,UU,15456
843,UU,WIRE,STEEL CORD,1X.22/18X.20 ST WIRE,Y,WIRE,WIRE,,,,,UU,13967
843,UU,WIRE,STEEL CORD,1X.22/18X.20 ST WIRE,Y,WIRE,WIRE,,,,,UU,103057
843,UU,WIRE,STEEL CORD,1X.22/18X.20 ST WIRE,Y,WIRE,WIRE,,,,,UU,36243
843,UU,WIRE,STEEL CORD,1X.22/18X.20 ST WIRE,Y,WIRE,WIRE,,,,,UU,140327
843,UU,WIRE,STEEL CORD,1X.22/18X.20 ST WIRE,Y,WIRE,WIRE,,,,,UU,117605
849,UN,WIRE,STEEL CORD,3+9+15x.22+1x.15 HT,Y,WIRE,WIRE,BELT,N,BELT, ,UN,7903
849,UN,WIRE,STEEL CORD,3+9+15x.22+1x.15 HT,Y,WIRE,WIRE,BELT,N,BELT, ,UN,24359
849,UN,WIRE,STEEL CORD,3+9+15x.22+1x.15 HT,Y,WIRE,WIRE,BELT,N,BELT, ,UN,24228
850,UM,WIRE,STEEL CORD,3X.22/9X.20+1 HT,Y,WIRE,WIRE,CARCASS,,CARCASS,,UM,4410
850,UM,WIRE,STEEL CORD,3X.22/9X.20+1 HT,Y,WIRE,WIRE,CARCASS,,CARCASS,,UM,18320
850,UM,WIRE,STEEL CORD,3X.22/9X.20+1 HT,Y,WIRE,WIRE,CARCASS,,CARCASS,,UM,15327
850,UM,WIRE,STEEL CORD,3X.22/9X.20+1 HT,Y,WIRE,WIRE,CARCASS,,CARCASS,,UM,13929
850,UM,WIRE,STEEL CORD,3X.22/9X.20+1 HT,Y,WIRE,WIRE,CARCASS,,CARCASS,,UM,13671
850,UM,WIRE,STEEL CORD,3X.22/9X.20+1 HT,Y,WIRE,WIRE,CARCASS,,CARCASS,,UM,42402
850,UM,WIRE,STEEL CORD,3X.22/9X.20+1 HT,Y,WIRE,WIRE,CARCASS,,CARCASS,,UM,19142
850,UM,WIRE,STEEL CORD,3X.22/9X.20+1 HT,Y,WIRE,WIRE,CARCASS,,CARCASS,,UM,19141
850,UM,WIRE,STEEL CORD,3X.22/9X.20+1 HT,Y,WIRE,WIRE,CARCASS,,CARCASS,,UM,105219
850,UM,WIRE,STEEL CORD,3X.22/9X.20+1 HT,Y,WIRE,WIRE,CARCASS,,CARCASS,,UM,105126
850,UM,WIRE,STEEL CORD,3X.22/9X.20+1 HT,Y,WIRE,WIRE,CARCASS,,CARCASS,,UM,109985
850,UM,WIRE,STEEL CORD,3X.22/9X.20+1 HT,Y,WIRE,WIRE,CARCASS,,CARCASS,,UM,52018
850,UM,WIRE,STEEL CORD,3X.22/9X.20+1 HT,Y,WIRE,WIRE,CARCASS,,CARCASS,,UM,62010
850,UM,WIRE,STEEL CORD,3X.22/9X.20+1 HT,Y,WIRE,WIRE,CARCASS,,CARCASS,,UM,52012
850,UM,WIRE,STEEL CORD,3X.22/9X.20+1 HT,Y,WIRE,WIRE,CARCASS,,CARCASS,,UM,26984
850,UM,WIRE,STEEL CORD,3X.22/9X.20+1 HT,Y,WIRE,WIRE,CARCASS,,CARCASS,,UM,26985
850,UM,WIRE,STEEL CORD,3X.22/9X.20+1 HT,Y,WIRE,WIRE,CARCASS,,CARCASS,,UM,141014
850,UM,WIRE,STEEL CORD,3X.22/9X.20+1 HT,Y,WIRE,WIRE,CARCASS,,CARCASS,,UM,139459
850,UM,WIRE,STEEL CORD,3X.22/9X.20+1 HT,Y,WIRE,WIRE,CARCASS,,CARCASS,,UM,136266
850,UM,WIRE,STEEL CORD,3X.22/9X.20+1 HT,Y,WIRE,WIRE,CARCASS,,CARCASS,,UM,111390
850,UM,WIRE,STEEL CORD,3X.22/9X.20+1 HT,Y,WIRE,WIRE,CARCASS,,CARCASS,,UM,93550
850,UM,WIRE,STEEL CORD,3X.22/9X.20+1 HT,Y,WIRE,WIRE,CARCASS,,CARCASS,,UM,108379
909,TC27HA,FABRIC,POLYESTER - HMLS,HMLS POLYESTER  1100/1/2 12 X 12 TPI 27EPI HA,Y,FABR,FABR,FABR,N,FABR, ,TC27HA,55889
909,TC27HA,FABRIC,POLYESTER - HMLS,HMLS POLYESTER  1100/1/2 12 X 12 TPI 27EPI HA,Y,FABR,FABR,FABR,N,FABR, ,TC27HA,31765
909,TC27HA,FABRIC,POLYESTER - HMLS,HMLS POLYESTER  1100/1/2 12 X 12 TPI 27EPI HA,Y,FABR,FABR,FABR,N,FABR, ,TC27HA,41061
909,TC27HA,FABRIC,POLYESTER - HMLS,HMLS POLYESTER  1100/1/2 12 X 12 TPI 27EPI HA,Y,FABR,FABR,FABR,N,FABR, ,TC27HA,33574
909,TC27HA,FABRIC,POLYESTER - HMLS,HMLS POLYESTER  1100/1/2 12 X 12 TPI 27EPI HA,Y,FABR,FABR,FABR,N,FABR, ,TC27HA,31766
909,TC27HA,FABRIC,POLYESTER - HMLS,HMLS POLYESTER  1100/1/2 12 X 12 TPI 27EPI HA,Y,FABR,FABR,FABR,N,FABR, ,TC27HA,24418
909,TC27HA,FABRIC,POLYESTER - HMLS,HMLS POLYESTER  1100/1/2 12 X 12 TPI 27EPI HA,Y,FABR,FABR,FABR,N,FABR, ,TC27HA,26356
909,TC27HA,FABRIC,POLYESTER - HMLS,HMLS POLYESTER  1100/1/2 12 X 12 TPI 27EPI HA,Y,FABR,FABR,FABR,N,FABR, ,TC27HA,45111
909,TC27HA,FABRIC,POLYESTER - HMLS,HMLS POLYESTER  1100/1/2 12 X 12 TPI 27EPI HA,Y,FABR,FABR,FABR,N,FABR, ,TC27HA,19986
909,TC27HA,FABRIC,POLYESTER - HMLS,HMLS POLYESTER  1100/1/2 12 X 12 TPI 27EPI HA,Y,FABR,FABR,FABR,N,FABR, ,TC27HA,24149
909,TC27HA,FABRIC,POLYESTER - HMLS,HMLS POLYESTER  1100/1/2 12 X 12 TPI 27EPI HA,Y,FABR,FABR,FABR,N,FABR, ,TC27HA,19963
909,TC27HA,FABRIC,POLYESTER - HMLS,HMLS POLYESTER  1100/1/2 12 X 12 TPI 27EPI HA,Y,FABR,FABR,FABR,N,FABR, ,TC27HA,114945
909,TC27HA,FABRIC,POLYESTER - HMLS,HMLS POLYESTER  1100/1/2 12 X 12 TPI 27EPI HA,Y,FABR,FABR,FABR,N,FABR, ,TC27HA,112919
909,TC27HA,FABRIC,POLYESTER - HMLS,HMLS POLYESTER  1100/1/2 12 X 12 TPI 27EPI HA,Y,FABR,FABR,FABR,N,FABR, ,TC27HA,34180
909,TC27HA,FABRIC,POLYESTER - HMLS,HMLS POLYESTER  1100/1/2 12 X 12 TPI 27EPI HA,Y,FABR,FABR,FABR,N,FABR, ,TC27HA,32228
909,TC27HA,FABRIC,POLYESTER - HMLS,HMLS POLYESTER  1100/1/2 12 X 12 TPI 27EPI HA,Y,FABR,FABR,FABR,N,FABR, ,TC27HA,39618
909,TC27HA,FABRIC,POLYESTER - HMLS,HMLS POLYESTER  1100/1/2 12 X 12 TPI 27EPI HA,Y,FABR,FABR,FABR,N,FABR, ,TC27HA,103505
911,TB30HF,FABRIC,POLYESTER - HMLS,HMLS  POLYESTER 1100/1/3 8.5 X 8.5 TPI 30EPI HF,N,FABR,FABR,FABR,N,FABR, ,TB30HF,24670
963,YK26VF,FABRIC,POLYESTER - HMLS AA,AA-HMLS POLYESTER 1440/1/3 8.5X8.5 TPI 26EPI VF,Y,FABR,FABR,POLYESTER-LS/HM-ADHES ACTIVATD,,POLYESTER-LS/HM-ADHES ACTIVATD,,YK26VF,14375
963,YK26VF,FABRIC,POLYESTER - HMLS AA,AA-HMLS POLYESTER 1440/1/3 8.5X8.5 TPI 26EPI VF,Y,FABR,FABR,POLYESTER-LS/HM-ADHES ACTIVATD,,POLYESTER-LS/HM-ADHES ACTIVATD,,YK26VF,15864
964,YK20VA,FABRIC,POLYESTER - HMLS AA,AA-HMLS POLYESTER 1440/1/3 8.5X8.5 TPI 20EPI VA,N,FABR,FABR,FABR,N,FABR, ,YK20VA,7226
978,WT,WIRE,STEEL CORD,2+1X.28 NT,Y,WIRE,WIRE,,,,,WT,4042
978,WT,WIRE,STEEL CORD,2+1X.28 NT,Y,WIRE,WIRE,,,,,WT,3889
978,WT,WIRE,STEEL CORD,2+1X.28 NT,Y,WIRE,WIRE,,,,,WT,3749
978,WT,WIRE,STEEL CORD,2+1X.28 NT,Y,WIRE,WIRE,,,,,WT,13978
978,WT,WIRE,STEEL CORD,2+1X.28 NT,Y,WIRE,WIRE,,,,,WT,14265
978,WT,WIRE,STEEL CORD,2+1X.28 NT,Y,WIRE,WIRE,,,,,WT,14886
978,WT,WIRE,STEEL CORD,2+1X.28 NT,Y,WIRE,WIRE,,,,,WT,16412
978,WT,WIRE,STEEL CORD,2+1X.28 NT,Y,WIRE,WIRE,,,,,WT,138819
999,UJ,WIRE,STEEL CORD,27X.175+1X.15 HT,Y,WIRE,WIRE,CARCASS,,CARCASS,,UJ,13956
999,UJ,WIRE,STEEL CORD,27X.175+1X.15 HT,Y,WIRE,WIRE,CARCASS,,CARCASS,,UJ,39034
999,UJ,WIRE,STEEL CORD,27X.175+1X.15 HT,Y,WIRE,WIRE,CARCASS,,CARCASS,,UJ,85708
1000,UH,WIRE,STEEL CORD,3X.265/9X.245+1 HT,Y,WIRE,WIRE,PLY,,PLY,,UH,13964
1000,UH,WIRE,STEEL CORD,3X.265/9X.245+1 HT,Y,WIRE,WIRE,PLY,,PLY,,UH,29516
1000,UH,WIRE,STEEL CORD,3X.265/9X.245+1 HT,Y,WIRE,WIRE,PLY,,PLY,,UH,85608
1000,UH,WIRE,STEEL CORD,3X.265/9X.245+1 HT,Y,WIRE,WIRE,PLY,,PLY,,UH,13421
1002,UG,WIRE,STEEL CORD,1X.20/18X.175 ST,Y,WIRE,WIRE,CARCASS,,CARCASS,,UG,13380
1002,UG,WIRE,STEEL CORD,1X.20/18X.175 ST,Y,WIRE,WIRE,CARCASS,,CARCASS,,UG,5621
1002,UG,WIRE,STEEL CORD,1X.20/18X.175 ST,Y,WIRE,WIRE,CARCASS,,CARCASS,,UG,137789
1002,UG,WIRE,STEEL CORD,1X.20/18X.175 ST,Y,WIRE,WIRE,CARCASS,,CARCASS,,UG,137793
1002,UG,WIRE,STEEL CORD,1X.20/18X.175 ST,Y,WIRE,WIRE,CARCASS,,CARCASS,,UG,137794
1002,UG,WIRE,STEEL CORD,1X.20/18X.175 ST,Y,WIRE,WIRE,CARCASS,,CARCASS,,UG,142468
1002,UG,WIRE,STEEL CORD,1X.20/18X.175 ST,Y,WIRE,WIRE,CARCASS,,CARCASS,,UG,142218
1002,UG,WIRE,STEEL CORD,1X.20/18X.175 ST,Y,WIRE,WIRE,CARCASS,,CARCASS,,UG,136629
1002,UG,WIRE,STEEL CORD,1X.20/18X.175 ST,Y,WIRE,WIRE,CARCASS,,CARCASS,,UG,136779
1002,UG,WIRE,STEEL CORD,1X.20/18X.175 ST,Y,WIRE,WIRE,CARCASS,,CARCASS,,UG,136627
1002,UG,WIRE,STEEL CORD,1X.20/18X.175 ST,Y,WIRE,WIRE,CARCASS,,CARCASS,,UG,76687
1002,UG,WIRE,STEEL CORD,1X.20/18X.175 ST,Y,WIRE,WIRE,CARCASS,,CARCASS,,UG,117544
1002,UG,WIRE,STEEL CORD,1X.20/18X.175 ST,Y,WIRE,WIRE,CARCASS,,CARCASS,,UG,102184
1002,UG,WIRE,STEEL CORD,1X.20/18X.175 ST,Y,WIRE,WIRE,CARCASS,,CARCASS,,UG,68195
1002,UG,WIRE,STEEL CORD,1X.20/18X.175 ST,Y,WIRE,WIRE,CARCASS,,CARCASS,,UG,128254
1002,UG,WIRE,STEEL CORD,1X.20/18X.175 ST,Y,WIRE,WIRE,CARCASS,,CARCASS,,UG,123683
1002,UG,WIRE,STEEL CORD,1X.20/18X.175 ST,Y,WIRE,WIRE,CARCASS,,CARCASS,,UG,49054
1002,UG,WIRE,STEEL CORD,1X.20/18X.175 ST,Y,WIRE,WIRE,CARCASS,,CARCASS,,UG,42272
1002,UG,WIRE,STEEL CORD,1X.20/18X.175 ST,Y,WIRE,WIRE,CARCASS,,CARCASS,,UG,24478
1002,UG,WIRE,STEEL CORD,1X.20/18X.175 ST,Y,WIRE,WIRE,CARCASS,,CARCASS,,UG,24353
1002,UG,WIRE,STEEL CORD,1X.20/18X.175 ST,Y,WIRE,WIRE,CARCASS,,CARCASS,,UG,24476
1002,UG,WIRE,STEEL CORD,1X.20/18X.175 ST,Y,WIRE,WIRE,CARCASS,,CARCASS,,UG,24065
1002,UG,WIRE,STEEL CORD,1X.20/18X.175 ST,Y,WIRE,WIRE,CARCASS,,CARCASS,,UG,21064
1002,UG,WIRE,STEEL CORD,1X.20/18X.175 ST,Y,WIRE,WIRE,CARCASS,,CARCASS,,UG,19209
1002,UG,WIRE,STEEL CORD,1X.20/18X.175 ST,Y,WIRE,WIRE,CARCASS,,CARCASS,,UG,21149
1002,UG,WIRE,STEEL CORD,1X.20/18X.175 ST,Y,WIRE,WIRE,CARCASS,,CARCASS,,UG,22788
1002,UG,WIRE,STEEL CORD,1X.20/18X.175 ST,Y,WIRE,WIRE,CARCASS,,CARCASS,,UG,22104
1002,UG,WIRE,STEEL CORD,1X.20/18X.175 ST,Y,WIRE,WIRE,CARCASS,,CARCASS,,UG,24354
1002,UG,WIRE,STEEL CORD,1X.20/18X.175 ST,Y,WIRE,WIRE,CARCASS,,CARCASS,,UG,19251
1002,UG,WIRE,STEEL CORD,1X.20/18X.175 ST,Y,WIRE,WIRE,CARCASS,,CARCASS,,UG,15455
1002,UG,WIRE,STEEL CORD,1X.20/18X.175 ST,Y,WIRE,WIRE,CARCASS,,CARCASS,,UG,18544
1002,UG,WIRE,STEEL CORD,1X.20/18X.175 ST,Y,WIRE,WIRE,CARCASS,,CARCASS,,UG,15627
1002,UG,WIRE,STEEL CORD,1X.20/18X.175 ST,Y,WIRE,WIRE,CARCASS,,CARCASS,,UG,18352
1002,UG,WIRE,STEEL CORD,1X.20/18X.175 ST,Y,WIRE,WIRE,CARCASS,,CARCASS,,UG,18346
1002,UG,WIRE,STEEL CORD,1X.20/18X.175 ST,Y,WIRE,WIRE,CARCASS,,CARCASS,,UG,15304
1002,UG,WIRE,STEEL CORD,1X.20/18X.175 ST,Y,WIRE,WIRE,CARCASS,,CARCASS,,UG,14148
1002,UG,WIRE,STEEL CORD,1X.20/18X.175 ST,Y,WIRE,WIRE,CARCASS,,CARCASS,,UG,13916
1002,UG,WIRE,STEEL CORD,1X.20/18X.175 ST,Y,WIRE,WIRE,CARCASS,,CARCASS,,UG,13677
1002,UG,WIRE,STEEL CORD,1X.20/18X.175 ST,Y,WIRE,WIRE,CARCASS,,CARCASS,,UG,13719
1003,UF,WIRE,STEEL CORD,3x7x.175 HE,Y,WIRE,WIRE,BELT,,BELT,,UF,48075
1003,UF,WIRE,STEEL CORD,3x7x.175 HE,Y,WIRE,WIRE,BELT,,BELT,,UF,13305
1003,UF,WIRE,STEEL CORD,3x7x.175 HE,Y,WIRE,WIRE,BELT,,BELT,,UF,13470
1003,UF,WIRE,STEEL CORD,3x7x.175 HE,Y,WIRE,WIRE,BELT,,BELT,,UF,13472
1004,UD,WIRE,STEEL CORD,3+3x.35 ST,Y,WIRE,WIRE,BELT,N,BELT, ,UD,24280
1004,UD,WIRE,STEEL CORD,3+3x.35 ST,Y,WIRE,WIRE,BELT,N,BELT, ,UD,13926
1004,UD,WIRE,STEEL CORD,3+3x.35 ST,Y,WIRE,WIRE,BELT,N,BELT, ,UD,12901
1004,UD,WIRE,STEEL CORD,3+3x.35 ST,Y,WIRE,WIRE,BELT,N,BELT, ,UD,93546
1004,UD,WIRE,STEEL CORD,3+3x.35 ST,Y,WIRE,WIRE,BELT,N,BELT, ,UD,15293
1007,TV28HP,FABRIC,POLYESTER - HMLS,HMLS POLYESTER  1670/1/2 8.5 X 8.5 TPI 28EPI HP,Y,FABR,FABR,POLYESTER-LO SHRINK/HI MODULUS,,POLYESTER-LO SHRINK/HI MODULUS,,TV28HP,17318
1007,TV28HP,FABRIC,POLYESTER - HMLS,HMLS POLYESTER  1670/1/2 8.5 X 8.5 TPI 28EPI HP,Y,FABR,FABR,POLYESTER-LO SHRINK/HI MODULUS,,POLYESTER-LO SHRINK/HI MODULUS,,TV28HP,15690
1007,TV28HP,FABRIC,POLYESTER - HMLS,HMLS POLYESTER  1670/1/2 8.5 X 8.5 TPI 28EPI HP,Y,FABR,FABR,POLYESTER-LO SHRINK/HI MODULUS,,POLYESTER-LO SHRINK/HI MODULUS,,TV28HP,15689
1007,TV28HP,FABRIC,POLYESTER - HMLS,HMLS POLYESTER  1670/1/2 8.5 X 8.5 TPI 28EPI HP,Y,FABR,FABR,POLYESTER-LO SHRINK/HI MODULUS,,POLYESTER-LO SHRINK/HI MODULUS,,TV28HP,15513
1007,TV28HP,FABRIC,POLYESTER - HMLS,HMLS POLYESTER  1670/1/2 8.5 X 8.5 TPI 28EPI HP,Y,FABR,FABR,POLYESTER-LO SHRINK/HI MODULUS,,POLYESTER-LO SHRINK/HI MODULUS,,TV28HP,17210
1007,TV28HP,FABRIC,POLYESTER - HMLS,HMLS POLYESTER  1670/1/2 8.5 X 8.5 TPI 28EPI HP,Y,FABR,FABR,POLYESTER-LO SHRINK/HI MODULUS,,POLYESTER-LO SHRINK/HI MODULUS,,TV28HP,13117
1025,TK27HB,FABRIC,POLYESTER - HMLS,HMLS POLYESTER  1440/1/3 8 X 8 TPI 27EPI HB,Y,FABR,FABR,FABR,N,FABR, ,TK27HB,112299
1025,TK27HB,FABRIC,POLYESTER - HMLS,HMLS POLYESTER  1440/1/3 8 X 8 TPI 27EPI HB,Y,FABR,FABR,FABR,N,FABR, ,TK27HB,111575
1025,TK27HB,FABRIC,POLYESTER - HMLS,HMLS POLYESTER  1440/1/3 8 X 8 TPI 27EPI HB,Y,FABR,FABR,FABR,N,FABR, ,TK27HB,98191
1025,TK27HB,FABRIC,POLYESTER - HMLS,HMLS POLYESTER  1440/1/3 8 X 8 TPI 27EPI HB,Y,FABR,FABR,FABR,N,FABR, ,TK27HB,13385
1049,RY28AF,FABRIC,RAYON,RAYON 1840/1/2  10.4X10.4TPI  28EPI AF,Y,FABR,FABR,RAYON,,RAYON,,RY28AF,126464
1049,RY28AF,FABRIC,RAYON,RAYON 1840/1/2  10.4X10.4TPI  28EPI AF,Y,FABR,FABR,RAYON,,RAYON,,RY28AF,14525
1049,RY28AF,FABRIC,RAYON,RAYON 1840/1/2  10.4X10.4TPI  28EPI AF,Y,FABR,FABR,RAYON,,RAYON,,RY28AF,39032
1049,RY28AF,FABRIC,RAYON,RAYON 1840/1/2  10.4X10.4TPI  28EPI AF,Y,FABR,FABR,RAYON,,RAYON,,RY28AF,39563
1054,RQ24BF,FABRIC,RAYON,RAYON 2440/1/2 9.9X9.9TPI  24EPI  BF,Y,FABR,FABR,RAYON,,RAYON,,RQ24BF,143417
1054,RQ24BF,FABRIC,RAYON,RAYON 2440/1/2 9.9X9.9TPI  24EPI  BF,Y,FABR,FABR,RAYON,,RAYON,,RQ24BF,80052
1055,RQ24BD,FABRIC,RAYON,RAYON 2440/1/2 9.9X9.9TPI  24EPI  BD,N,FABR,FABR,FABR,N,FABR, ,RQ24BD,13396
1069,NG30JR,FABRIC,"NYLON 6,6","NYLON 6,6  1400/1/2 6 X 6 TPI 30EPI JR",Y,FABR,FABR,NYLON 66,,NYLON 66,,NG30JR,23115
1069,NG30JR,FABRIC,"NYLON 6,6","NYLON 6,6  1400/1/2 6 X 6 TPI 30EPI JR",Y,FABR,FABR,NYLON 66,,NYLON 66,,NG30JR,28761
1069,NG30JR,FABRIC,"NYLON 6,6","NYLON 6,6  1400/1/2 6 X 6 TPI 30EPI JR",Y,FABR,FABR,NYLON 66,,NYLON 66,,NG30JR,28634
1069,NG30JR,FABRIC,"NYLON 6,6","NYLON 6,6  1400/1/2 6 X 6 TPI 30EPI JR",Y,FABR,FABR,NYLON 66,,NYLON 66,,NG30JR,143388
1069,NG30JR,FABRIC,"NYLON 6,6","NYLON 6,6  1400/1/2 6 X 6 TPI 30EPI JR",Y,FABR,FABR,NYLON 66,,NYLON 66,,NG30JR,125259
1070,NG30GA,FABRIC,"NYLON 6,6","NYLON 6,6  1400/1/2  6X6TPI  30EPI  GA",Y,FABR,FABR,NYLON 66,,NYLON 66,,NG30GA,15720
1070,NG30GA,FABRIC,"NYLON 6,6","NYLON 6,6  1400/1/2  6X6TPI  30EPI  GA",Y,FABR,FABR,NYLON 66,,NYLON 66,,NG30GA,19492
1070,NG30GA,FABRIC,"NYLON 6,6","NYLON 6,6  1400/1/2  6X6TPI  30EPI  GA",Y,FABR,FABR,NYLON 66,,NYLON 66,,NG30GA,20065
1070,NG30GA,FABRIC,"NYLON 6,6","NYLON 6,6  1400/1/2  6X6TPI  30EPI  GA",Y,FABR,FABR,NYLON 66,,NYLON 66,,NG30GA,19491
1070,NG30GA,FABRIC,"NYLON 6,6","NYLON 6,6  1400/1/2  6X6TPI  30EPI  GA",Y,FABR,FABR,NYLON 66,,NYLON 66,,NG30GA,18315
1070,NG30GA,FABRIC,"NYLON 6,6","NYLON 6,6  1400/1/2  6X6TPI  30EPI  GA",Y,FABR,FABR,NYLON 66,,NYLON 66,,NG30GA,19490
1070,NG30GA,FABRIC,"NYLON 6,6","NYLON 6,6  1400/1/2  6X6TPI  30EPI  GA",Y,FABR,FABR,NYLON 66,,NYLON 66,,NG30GA,72002
1071,NF30MR,FABRIC,"NYLON 6,6","NYLON 6,6  1400/1/2 10 X 10 TPI 30EPI MR",Y,FABR,FABR,NYLON 66,,NYLON 66,,NF30MR,14335
1071,NF30MR,FABRIC,"NYLON 6,6","NYLON 6,6  1400/1/2 10 X 10 TPI 30EPI MR",Y,FABR,FABR,NYLON 66,,NYLON 66,,NF30MR,13690
1071,NF30MR,FABRIC,"NYLON 6,6","NYLON 6,6  1400/1/2 10 X 10 TPI 30EPI MR",Y,FABR,FABR,NYLON 66,,NYLON 66,,NF30MR,21272
1071,NF30MR,FABRIC,"NYLON 6,6","NYLON 6,6  1400/1/2 10 X 10 TPI 30EPI MR",Y,FABR,FABR,NYLON 66,,NYLON 66,,NF30MR,25777
1071,NF30MR,FABRIC,"NYLON 6,6","NYLON 6,6  1400/1/2 10 X 10 TPI 30EPI MR",Y,FABR,FABR,NYLON 66,,NYLON 66,,NF30MR,19409
1071,NF30MR,FABRIC,"NYLON 6,6","NYLON 6,6  1400/1/2 10 X 10 TPI 30EPI MR",Y,FABR,FABR,NYLON 66,,NYLON 66,,NF30MR,25440
1071,NF30MR,FABRIC,"NYLON 6,6","NYLON 6,6  1400/1/2 10 X 10 TPI 30EPI MR",Y,FABR,FABR,NYLON 66,,NYLON 66,,NF30MR,28146
1072,NF30MA,FABRIC,"NYLON 6,6","NYLON 6,6  1400/1/2 10 X 10 TPI 30EPI MA",Y,FABR,FABR,NYLON 66,,NYLON 66,,NF30MA,13809
1072,NF30MA,FABRIC,"NYLON 6,6","NYLON 6,6  1400/1/2 10 X 10 TPI 30EPI MA",Y,FABR,FABR,NYLON 66,,NYLON 66,,NF30MA,16389
1072,NF30MA,FABRIC,"NYLON 6,6","NYLON 6,6  1400/1/2 10 X 10 TPI 30EPI MA",Y,FABR,FABR,NYLON 66,,NYLON 66,,NF30MA,15130
1072,NF30MA,FABRIC,"NYLON 6,6","NYLON 6,6  1400/1/2 10 X 10 TPI 30EPI MA",Y,FABR,FABR,NYLON 66,,NYLON 66,,NF30MA,14168
1072,NF30MA,FABRIC,"NYLON 6,6","NYLON 6,6  1400/1/2 10 X 10 TPI 30EPI MA",Y,FABR,FABR,NYLON 66,,NYLON 66,,NF30MA,14340
1073,NF30JR,FABRIC,"NYLON 6,6","NYLON 6,6  1400/1/2 10 X 10 TPI 30EPI JR",Y,FABR,FABR,NYLON 66,,NYLON 66,,NF30JR,29261
1074,NF30JA,FABRIC,"NYLON 6,6","NYLON 6,6  1400/1/2 10 X 10 TPI 30EPI JA",Y,FABR,FABR,NYLON 66,,NYLON 66,,NF30JA,15131
1074,NF30JA,FABRIC,"NYLON 6,6","NYLON 6,6  1400/1/2 10 X 10 TPI 30EPI JA",Y,FABR,FABR,NYLON 66,,NYLON 66,,NF30JA,14169
1074,NF30JA,FABRIC,"NYLON 6,6","NYLON 6,6  1400/1/2 10 X 10 TPI 30EPI JA",Y,FABR,FABR,NYLON 66,,NYLON 66,,NF30JA,18228
1074,NF30JA,FABRIC,"NYLON 6,6","NYLON 6,6  1400/1/2 10 X 10 TPI 30EPI JA",Y,FABR,FABR,NYLON 66,,NYLON 66,,NF30JA,18015
1074,NF30JA,FABRIC,"NYLON 6,6","NYLON 6,6  1400/1/2 10 X 10 TPI 30EPI JA",Y,FABR,FABR,NYLON 66,,NYLON 66,,NF30JA,15511
1074,NF30JA,FABRIC,"NYLON 6,6","NYLON 6,6  1400/1/2 10 X 10 TPI 30EPI JA",Y,FABR,FABR,NYLON 66,,NYLON 66,,NF30JA,43811
1075,NF30DH,FABRIC,"NYLON 6,6","NYLON 6,6  1400/1/2 10 X 10 TPI 30EPI DH",Y,FABR,FABR,NYLON 66,,NYLON 66,,NF30DH,7562
1075,NF30DH,FABRIC,"NYLON 6,6","NYLON 6,6  1400/1/2 10 X 10 TPI 30EPI DH",Y,FABR,FABR,NYLON 66,,NYLON 66,,NF30DH,15027
1075,NF30DH,FABRIC,"NYLON 6,6","NYLON 6,6  1400/1/2 10 X 10 TPI 30EPI DH",Y,FABR,FABR,NYLON 66,,NYLON 66,,NF30DH,15503
1075,NF30DH,FABRIC,"NYLON 6,6","NYLON 6,6  1400/1/2 10 X 10 TPI 30EPI DH",Y,FABR,FABR,NYLON 66,,NYLON 66,,NF30DH,15504
1075,NF30DH,FABRIC,"NYLON 6,6","NYLON 6,6  1400/1/2 10 X 10 TPI 30EPI DH",Y,FABR,FABR,NYLON 66,,NYLON 66,,NF30DH,21367
1075,NF30DH,FABRIC,"NYLON 6,6","NYLON 6,6  1400/1/2 10 X 10 TPI 30EPI DH",Y,FABR,FABR,NYLON 66,,NYLON 66,,NF30DH,22047
1075,NF30DH,FABRIC,"NYLON 6,6","NYLON 6,6  1400/1/2 10 X 10 TPI 30EPI DH",Y,FABR,FABR,NYLON 66,,NYLON 66,,NF30DH,60589
1075,NF30DH,FABRIC,"NYLON 6,6","NYLON 6,6  1400/1/2 10 X 10 TPI 30EPI DH",Y,FABR,FABR,NYLON 66,,NYLON 66,,NF30DH,60673
1075,NF30DH,FABRIC,"NYLON 6,6","NYLON 6,6  1400/1/2 10 X 10 TPI 30EPI DH",Y,FABR,FABR,NYLON 66,,NYLON 66,,NF30DH,125048
1075,NF30DH,FABRIC,"NYLON 6,6","NYLON 6,6  1400/1/2 10 X 10 TPI 30EPI DH",Y,FABR,FABR,NYLON 66,,NYLON 66,,NF30DH,125186
1075,NF30DH,FABRIC,"NYLON 6,6","NYLON 6,6  1400/1/2 10 X 10 TPI 30EPI DH",Y,FABR,FABR,NYLON 66,,NYLON 66,,NF30DH,125188
1075,NF30DH,FABRIC,"NYLON 6,6","NYLON 6,6  1400/1/2 10 X 10 TPI 30EPI DH",Y,FABR,FABR,NYLON 66,,NYLON 66,,NF30DH,114827
1075,NF30DH,FABRIC,"NYLON 6,6","NYLON 6,6  1400/1/2 10 X 10 TPI 30EPI DH",Y,FABR,FABR,NYLON 66,,NYLON 66,,NF30DH,131099
1075,NF30DH,FABRIC,"NYLON 6,6","NYLON 6,6  1400/1/2 10 X 10 TPI 30EPI DH",Y,FABR,FABR,NYLON 66,,NYLON 66,,NF30DH,125333
1075,NF30DH,FABRIC,"NYLON 6,6","NYLON 6,6  1400/1/2 10 X 10 TPI 30EPI DH",Y,FABR,FABR,NYLON 66,,NYLON 66,,NF30DH,125049
1075,NF30DH,FABRIC,"NYLON 6,6","NYLON 6,6  1400/1/2 10 X 10 TPI 30EPI DH",Y,FABR,FABR,NYLON 66,,NYLON 66,,NF30DH,140770
1075,NF30DH,FABRIC,"NYLON 6,6","NYLON 6,6  1400/1/2 10 X 10 TPI 30EPI DH",Y,FABR,FABR,NYLON 66,,NYLON 66,,NF30DH,143391
1075,NF30DH,FABRIC,"NYLON 6,6","NYLON 6,6  1400/1/2 10 X 10 TPI 30EPI DH",Y,FABR,FABR,NYLON 66,,NYLON 66,,NF30DH,140928
1075,NF30DH,FABRIC,"NYLON 6,6","NYLON 6,6  1400/1/2 10 X 10 TPI 30EPI DH",Y,FABR,FABR,NYLON 66,,NYLON 66,,NF30DH,140889
1078,NF28MA,FABRIC,"NYLON 6,6","NYLON 6,6  1400/1/2 10 X 10 TPI 28EPI MA",N,FABR,FABR,FABR,N,FABR, ,NF28MA,1583
1078,NF28MA,FABRIC,"NYLON 6,6","NYLON 6,6  1400/1/2 10 X 10 TPI 28EPI MA",N,FABR,FABR,FABR,N,FABR, ,NF28MA,14167
1080,NF28JA,FABRIC,"NYLON 6,6","NYLON 6,6  1400/1/2 10 X 10 TPI 28EPI JA",Y,FABR,FABR,FABR,N,FABR, ,NF28JA,44524
1080,NF28JA,FABRIC,"NYLON 6,6","NYLON 6,6  1400/1/2 10 X 10 TPI 28EPI JA",Y,FABR,FABR,FABR,N,FABR, ,NF28JA,22645
1080,NF28JA,FABRIC,"NYLON 6,6","NYLON 6,6  1400/1/2 10 X 10 TPI 28EPI JA",Y,FABR,FABR,FABR,N,FABR, ,NF28JA,20068
1080,NF28JA,FABRIC,"NYLON 6,6","NYLON 6,6  1400/1/2 10 X 10 TPI 28EPI JA",Y,FABR,FABR,FABR,N,FABR, ,NF28JA,67968
1082,NF26MS,FABRIC,"NYLON 6,6","NYLON 6,6 1400/1/2 10X10 TPI 26EPI MS",N,FABR,FABR,FABR,N,FABR, ,NF26MS,14349
1082,NF26MS,FABRIC,"NYLON 6,6","NYLON 6,6 1400/1/2 10X10 TPI 26EPI MS",N,FABR,FABR,FABR,N,FABR, ,NF26MS,13689
1082,NF26MS,FABRIC,"NYLON 6,6","NYLON 6,6 1400/1/2 10X10 TPI 26EPI MS",N,FABR,FABR,FABR,N,FABR, ,NF26MS,16392
1083,NF26MA,FABRIC,"NYLON 6,6","NYLON 6,6  1400/1/2 10 X 10 TPI 26EPI MA",N,FABR,FABR,FABR,N,FABR, ,NF26MA,15426
1084,NF26KR,FABRIC,"NYLON 6,6","NYLON 6,6  1400/1/2 10 X 10 TPI 26EPI KR",Y,FABR,FABR,NYLON 66,,NYLON 66,,NF26KR,14339
1084,NF26KR,FABRIC,"NYLON 6,6","NYLON 6,6  1400/1/2 10 X 10 TPI 26EPI KR",Y,FABR,FABR,NYLON 66,,NYLON 66,,NF26KR,14142
1084,NF26KR,FABRIC,"NYLON 6,6","NYLON 6,6  1400/1/2 10 X 10 TPI 26EPI KR",Y,FABR,FABR,NYLON 66,,NYLON 66,,NF26KR,23114
1084,NF26KR,FABRIC,"NYLON 6,6","NYLON 6,6  1400/1/2 10 X 10 TPI 26EPI KR",Y,FABR,FABR,NYLON 66,,NYLON 66,,NF26KR,23113
1084,NF26KR,FABRIC,"NYLON 6,6","NYLON 6,6  1400/1/2 10 X 10 TPI 26EPI KR",Y,FABR,FABR,NYLON 66,,NYLON 66,,NF26KR,28633
1085,NF26JR,FABRIC,"NYLON 6,6","NYLON 6,6  1400/1/2 10 X 10 TPI 26EPI JR",Y,FABR,FABR,NYLON 66,,NYLON 66,,NF26JR,28760
1085,NF26JR,FABRIC,"NYLON 6,6","NYLON 6,6  1400/1/2 10 X 10 TPI 26EPI JR",Y,FABR,FABR,NYLON 66,,NYLON 66,,NF26JR,22338
1085,NF26JR,FABRIC,"NYLON 6,6","NYLON 6,6  1400/1/2 10 X 10 TPI 26EPI JR",Y,FABR,FABR,NYLON 66,,NYLON 66,,NF26JR,140771
1085,NF26JR,FABRIC,"NYLON 6,6","NYLON 6,6  1400/1/2 10 X 10 TPI 26EPI JR",Y,FABR,FABR,NYLON 66,,NYLON 66,,NF26JR,140920
1085,NF26JR,FABRIC,"NYLON 6,6","NYLON 6,6  1400/1/2 10 X 10 TPI 26EPI JR",Y,FABR,FABR,NYLON 66,,NYLON 66,,NF26JR,143266
1086,NF26JF,FABRIC,"NYLON 6,6","NYLON 6,6  1400/1/2 10 X 10 TPI 26EPI JF",Y,FABR,FABR,NYLON 66,,NYLON 66,,NF26JF,35383
1087,NF26JA,FABRIC,"NYLON 6,6","NYLON 6,6  1400/1/2 10 X 10 TPI 26EPI JA",Y,FABR,FABR,NYLON 66,,NYLON 66,,NF26JA,23076
1087,NF26JA,FABRIC,"NYLON 6,6","NYLON 6,6  1400/1/2 10 X 10 TPI 26EPI JA",Y,FABR,FABR,NYLON 66,,NYLON 66,,NF26JA,60592
1091,NF23DH,FABRIC,"NYLON 6,6","NYLON 6,6  1400/1/2 10 X 10 TPI 23EPI DH",Y,FABR,FABR,NYLON 66,,NYLON 66,,NF23DH,15125
1091,NF23DH,FABRIC,"NYLON 6,6","NYLON 6,6  1400/1/2 10 X 10 TPI 23EPI DH",Y,FABR,FABR,NYLON 66,,NYLON 66,,NF23DH,15500
1091,NF23DH,FABRIC,"NYLON 6,6","NYLON 6,6  1400/1/2 10 X 10 TPI 23EPI DH",Y,FABR,FABR,NYLON 66,,NYLON 66,,NF23DH,15502
1091,NF23DH,FABRIC,"NYLON 6,6","NYLON 6,6  1400/1/2 10 X 10 TPI 23EPI DH",Y,FABR,FABR,NYLON 66,,NYLON 66,,NF23DH,21366
1091,NF23DH,FABRIC,"NYLON 6,6","NYLON 6,6  1400/1/2 10 X 10 TPI 23EPI DH",Y,FABR,FABR,NYLON 66,,NYLON 66,,NF23DH,28524
1091,NF23DH,FABRIC,"NYLON 6,6","NYLON 6,6  1400/1/2 10 X 10 TPI 23EPI DH",Y,FABR,FABR,NYLON 66,,NYLON 66,,NF23DH,28525
1092,NF20MS,FABRIC,"NYLON 6,6","NYLON 6,6 1400/1/2 10X10 TPI 20EPI MS",N,FABR,FABR,FABR,N,FABR, ,NF20MS,14350
1092,NF20MS,FABRIC,"NYLON 6,6","NYLON 6,6 1400/1/2 10X10 TPI 20EPI MS",N,FABR,FABR,FABR,N,FABR, ,NF20MS,13688
1092,NF20MS,FABRIC,"NYLON 6,6","NYLON 6,6 1400/1/2 10X10 TPI 20EPI MS",N,FABR,FABR,FABR,N,FABR, ,NF20MS,16395
1094,NF18DH,FABRIC,"NYLON 6,6","NYLON 6,6  1400/1/2 10 X 10 TPI 18EPI DH",Y,FABR,FABR,NYLON 66,,NYLON 66,,NF18DH,15499
1094,NF18DH,FABRIC,"NYLON 6,6","NYLON 6,6  1400/1/2 10 X 10 TPI 18EPI DH",Y,FABR,FABR,NYLON 66,,NYLON 66,,NF18DH,21365
1094,NF18DH,FABRIC,"NYLON 6,6","NYLON 6,6  1400/1/2 10 X 10 TPI 18EPI DH",Y,FABR,FABR,NYLON 66,,NYLON 66,,NF18DH,15498
1094,NF18DH,FABRIC,"NYLON 6,6","NYLON 6,6  1400/1/2 10 X 10 TPI 18EPI DH",Y,FABR,FABR,NYLON 66,,NYLON 66,,NF18DH,23672
1104,NC35DH,FABRIC,"NYLON 6,6","NYLON 6,6  940/1/2 12 X 12 TPI 35EPI DH",Y,FABR,FABR,NYLON 66,,NYLON 66,,NC35DH,15124
1104,NC35DH,FABRIC,"NYLON 6,6","NYLON 6,6  940/1/2 12 X 12 TPI 35EPI DH",Y,FABR,FABR,NYLON 66,,NYLON 66,,NC35DH,15497
1104,NC35DH,FABRIC,"NYLON 6,6","NYLON 6,6  940/1/2 12 X 12 TPI 35EPI DH",Y,FABR,FABR,NYLON 66,,NYLON 66,,NC35DH,23805
1105,NC21QH,FABRIC,"NYLON 6,6","NYLON 6,6  940/1/2 12 X 12 TPI 21EPI QH",Y,FABR,FABR,NYLON 66,,NYLON 66,,NC21QH,19720
1105,NC21QH,FABRIC,"NYLON 6,6","NYLON 6,6  940/1/2 12 X 12 TPI 21EPI QH",Y,FABR,FABR,NYLON 66,,NYLON 66,,NC21QH,23810
1105,NC21QH,FABRIC,"NYLON 6,6","NYLON 6,6  940/1/2 12 X 12 TPI 21EPI QH",Y,FABR,FABR,NYLON 66,,NYLON 66,,NC21QH,116725
1105,NC21QH,FABRIC,"NYLON 6,6","NYLON 6,6  940/1/2 12 X 12 TPI 21EPI QH",Y,FABR,FABR,NYLON 66,,NYLON 66,,NC21QH,116810
1105,NC21QH,FABRIC,"NYLON 6,6","NYLON 6,6  940/1/2 12 X 12 TPI 21EPI QH",Y,FABR,FABR,NYLON 66,,NYLON 66,,NC21QH,28527
1106,NC21QA,FABRIC,"NYLON 6,6","NYLON 6,6  940/1/2 12 X 12 TPI 21EPI QA",Y,FABR,FABR,NYLON 66,,NYLON 66,,NC21QA,13808
1106,NC21QA,FABRIC,"NYLON 6,6","NYLON 6,6  940/1/2 12 X 12 TPI 21EPI QA",Y,FABR,FABR,NYLON 66,,NYLON 66,,NC21QA,23634
1106,NC21QA,FABRIC,"NYLON 6,6","NYLON 6,6  940/1/2 12 X 12 TPI 21EPI QA",Y,FABR,FABR,NYLON 66,,NYLON 66,,NC21QA,23633
1106,NC21QA,FABRIC,"NYLON 6,6","NYLON 6,6  940/1/2 12 X 12 TPI 21EPI QA",Y,FABR,FABR,NYLON 66,,NYLON 66,,NC21QA,20067
1106,NC21QA,FABRIC,"NYLON 6,6","NYLON 6,6  940/1/2 12 X 12 TPI 21EPI QA",Y,FABR,FABR,NYLON 66,,NYLON 66,,NC21QA,23629
1106,NC21QA,FABRIC,"NYLON 6,6","NYLON 6,6  940/1/2 12 X 12 TPI 21EPI QA",Y,FABR,FABR,NYLON 66,,NYLON 66,,NC21QA,23661
1106,NC21QA,FABRIC,"NYLON 6,6","NYLON 6,6  940/1/2 12 X 12 TPI 21EPI QA",Y,FABR,FABR,NYLON 66,,NYLON 66,,NC21QA,23631
1106,NC21QA,FABRIC,"NYLON 6,6","NYLON 6,6  940/1/2 12 X 12 TPI 21EPI QA",Y,FABR,FABR,NYLON 66,,NYLON 66,,NC21QA,19828
1106,NC21QA,FABRIC,"NYLON 6,6","NYLON 6,6  940/1/2 12 X 12 TPI 21EPI QA",Y,FABR,FABR,NYLON 66,,NYLON 66,,NC21QA,116127
1106,NC21QA,FABRIC,"NYLON 6,6","NYLON 6,6  940/1/2 12 X 12 TPI 21EPI QA",Y,FABR,FABR,NYLON 66,,NYLON 66,,NC21QA,116129
1106,NC21QA,FABRIC,"NYLON 6,6","NYLON 6,6  940/1/2 12 X 12 TPI 21EPI QA",Y,FABR,FABR,NYLON 66,,NYLON 66,,NC21QA,116128
1106,NC21QA,FABRIC,"NYLON 6,6","NYLON 6,6  940/1/2 12 X 12 TPI 21EPI QA",Y,FABR,FABR,NYLON 66,,NYLON 66,,NC21QA,116213
1106,NC21QA,FABRIC,"NYLON 6,6","NYLON 6,6  940/1/2 12 X 12 TPI 21EPI QA",Y,FABR,FABR,NYLON 66,,NYLON 66,,NC21QA,34644
1106,NC21QA,FABRIC,"NYLON 6,6","NYLON 6,6  940/1/2 12 X 12 TPI 21EPI QA",Y,FABR,FABR,NYLON 66,,NYLON 66,,NC21QA,34692
1107,NC21JR,FABRIC,"NYLON 6,6","NYLON 6,6  940/1/2 12 X 12 TPI 21EPI JR",Y,FABR,FABR,NYLON 66,,NYLON 66,,NC21JR,22336
1107,NC21JR,FABRIC,"NYLON 6,6","NYLON 6,6  940/1/2 12 X 12 TPI 21EPI JR",Y,FABR,FABR,NYLON 66,,NYLON 66,,NC21JR,28759
1109,NC21JA,FABRIC,"NYLON 6,6","NYLON 6,6  940/1/2 12x12 TPI 21EPI JA",Y,FABR,FABR,FABR,N,FABR, ,NC21JA,22852
1109,NC21JA,FABRIC,"NYLON 6,6","NYLON 6,6  940/1/2 12x12 TPI 21EPI JA",Y,FABR,FABR,FABR,N,FABR, ,NC21JA,35384
1110,NC21DH,FABRIC,"NYLON 6,6","NYLON 6,6  940/1/2 12x12 TPI 21EPI DH",Y,FABR,FABR,FABR,N,FABR, ,NC21DH,15123
1110,NC21DH,FABRIC,"NYLON 6,6","NYLON 6,6  940/1/2 12x12 TPI 21EPI DH",Y,FABR,FABR,FABR,N,FABR, ,NC21DH,15496
1110,NC21DH,FABRIC,"NYLON 6,6","NYLON 6,6  940/1/2 12x12 TPI 21EPI DH",Y,FABR,FABR,FABR,N,FABR, ,NC21DH,23804
1110,NC21DH,FABRIC,"NYLON 6,6","NYLON 6,6  940/1/2 12x12 TPI 21EPI DH",Y,FABR,FABR,FABR,N,FABR, ,NC21DH,121190
1110,NC21DH,FABRIC,"NYLON 6,6","NYLON 6,6  940/1/2 12x12 TPI 21EPI DH",Y,FABR,FABR,FABR,N,FABR, ,NC21DH,125187
1110,NC21DH,FABRIC,"NYLON 6,6","NYLON 6,6  940/1/2 12x12 TPI 21EPI DH",Y,FABR,FABR,FABR,N,FABR, ,NC21DH,125534
1110,NC21DH,FABRIC,"NYLON 6,6","NYLON 6,6  940/1/2 12x12 TPI 21EPI DH",Y,FABR,FABR,FABR,N,FABR, ,NC21DH,115209
1112,NC16QH,FABRIC,"NYLON 6,6","NYLON 6,6  940/1/2 12 X 12 TPI 16EPI QH",Y,FABR,FABR,NYLON 66,,NYLON 66,,NC16QH,23808
1112,NC16QH,FABRIC,"NYLON 6,6","NYLON 6,6  940/1/2 12 X 12 TPI 16EPI QH",Y,FABR,FABR,NYLON 66,,NYLON 66,,NC16QH,143153
1112,NC16QH,FABRIC,"NYLON 6,6","NYLON 6,6  940/1/2 12 X 12 TPI 16EPI QH",Y,FABR,FABR,NYLON 66,,NYLON 66,,NC16QH,143154
1114,NC16QA,FABRIC,"NYLON 6,6","NYLON 6,6  940/1/2 12 X 12 TPI 16EPI QA",Y,FABR,FABR,NYLON 66,,NYLON 66,,NC16QA,18016
1114,NC16QA,FABRIC,"NYLON 6,6","NYLON 6,6  940/1/2 12 X 12 TPI 16EPI QA",Y,FABR,FABR,NYLON 66,,NYLON 66,,NC16QA,18110
1114,NC16QA,FABRIC,"NYLON 6,6","NYLON 6,6  940/1/2 12 X 12 TPI 16EPI QA",Y,FABR,FABR,NYLON 66,,NYLON 66,,NC16QA,15129
1114,NC16QA,FABRIC,"NYLON 6,6","NYLON 6,6  940/1/2 12 X 12 TPI 16EPI QA",Y,FABR,FABR,NYLON 66,,NYLON 66,,NC16QA,15052
1114,NC16QA,FABRIC,"NYLON 6,6","NYLON 6,6  940/1/2 12 X 12 TPI 16EPI QA",Y,FABR,FABR,NYLON 66,,NYLON 66,,NC16QA,1962
1114,NC16QA,FABRIC,"NYLON 6,6","NYLON 6,6  940/1/2 12 X 12 TPI 16EPI QA",Y,FABR,FABR,NYLON 66,,NYLON 66,,NC16QA,48986
1114,NC16QA,FABRIC,"NYLON 6,6","NYLON 6,6  940/1/2 12 X 12 TPI 16EPI QA",Y,FABR,FABR,NYLON 66,,NYLON 66,,NC16QA,49013
1114,NC16QA,FABRIC,"NYLON 6,6","NYLON 6,6  940/1/2 12 X 12 TPI 16EPI QA",Y,FABR,FABR,NYLON 66,,NYLON 66,,NC16QA,48987
1114,NC16QA,FABRIC,"NYLON 6,6","NYLON 6,6  940/1/2 12 X 12 TPI 16EPI QA",Y,FABR,FABR,NYLON 66,,NYLON 66,,NC16QA,45616
1116,NB30GA,FABRIC,"NYLON 6,6","NYLON 6,6  1400/2/1  0X3TPI  30EPI  GA",Y,FABR,FABR,NYLON 66,,NYLON 66,,NB30GA,20521
1116,NB30GA,FABRIC,"NYLON 6,6","NYLON 6,6  1400/2/1  0X3TPI  30EPI  GA",Y,FABR,FABR,NYLON 66,,NYLON 66,,NB30GA,20522
1135,WA,WIRE,STEEL CORD,7X7X.25+1 HT,Y,WIRE,WIRE,BELT,,BELT,,WA,18040
1135,WA,WIRE,STEEL CORD,7X7X.25+1 HT,Y,WIRE,WIRE,BELT,,BELT,,WA,13928
1135,WA,WIRE,STEEL CORD,7X7X.25+1 HT,Y,WIRE,WIRE,BELT,,BELT,,WA,7021
1135,WA,WIRE,STEEL CORD,7X7X.25+1 HT,Y,WIRE,WIRE,BELT,,BELT,,WA,6042
1135,WA,WIRE,STEEL CORD,7X7X.25+1 HT,Y,WIRE,WIRE,BELT,,BELT,,WA,20417
1135,WA,WIRE,STEEL CORD,7X7X.25+1 HT,Y,WIRE,WIRE,BELT,,BELT,,WA,144362
1135,WA,WIRE,STEEL CORD,7X7X.25+1 HT,Y,WIRE,WIRE,BELT,,BELT,,WA,42403
1135,WA,WIRE,STEEL CORD,7X7X.25+1 HT,Y,WIRE,WIRE,BELT,,BELT,,WA,44858
1135,WA,WIRE,STEEL CORD,7X7X.25+1 HT,Y,WIRE,WIRE,BELT,,BELT,,WA,38588
1138,RN26AF,FABRIC,RAYON,RAYON 1840/1/3  9.1X9.1TPI  26EPI  AF,Y,FABR,FABR,RAYON,,RAYON,,RN26AF,21473
1138,RN26AF,FABRIC,RAYON,RAYON 1840/1/3  9.1X9.1TPI  26EPI  AF,Y,FABR,FABR,RAYON,,RAYON,,RN26AF,19627
1138,RN26AF,FABRIC,RAYON,RAYON 1840/1/3  9.1X9.1TPI  26EPI  AF,Y,FABR,FABR,RAYON,,RAYON,,RN26AF,21459
1140,RN25AF,FABRIC,RAYON,RAYON 1840/1/3  9.1X9.1TPI  25EPI  AF,Y,FABR,FABR,RAYON,,RAYON,,RN25AF,21471
1140,RN25AF,FABRIC,RAYON,RAYON 1840/1/3  9.1X9.1TPI  25EPI  AF,Y,FABR,FABR,RAYON,,RAYON,,RN25AF,21458
1140,RN25AF,FABRIC,RAYON,RAYON 1840/1/3  9.1X9.1TPI  25EPI  AF,Y,FABR,FABR,RAYON,,RAYON,,RN25AF,39031
1140,RN25AF,FABRIC,RAYON,RAYON 1840/1/3  9.1X9.1TPI  25EPI  AF,Y,FABR,FABR,RAYON,,RAYON,,RN25AF,39562
1141,RM23BF,FABRIC,RAYON,RAYON 1840/1/2  9X9TPI  23EPI  BF,Y,FABR,FABR,RAYON,,RAYON,,RM23BF,19625
1142,RJ18BL,FABRIC,RAYON,RAYON 2440/1/3  6.5X6.5TPI  18EPI  BL,Y,FABR,FABR,RAYON,,RAYON,,RJ18BL,19404
1155,RE25AF,FABRIC,RAYON,RAYON  1840/1/3 12 X 10 TPI 25EPI AF,N,FABR,FABR,FABR,N,FABR, ,RE25AF,43682
1155,RE25AF,FABRIC,RAYON,RAYON  1840/1/3 12 X 10 TPI 25EPI AF,N,FABR,FABR,FABR,N,FABR, ,RE25AF,20027
1156,RE18BG,FABRIC,RAYON,RAYON 1840/1/3  12X10TPI  18EPI  BG,Y,FABR,FABR,RAYON,,RAYON,,RE18BG,19405
1157,RD30AF,FABRIC,RAYON,RAYON  1840/1/2 12 X 12 TPI 30EPI AF,Y,FABR,FABR,RAYON,,RAYON,,RD30AF,20020
1170,QY26VF,FABRIC,POLYESTER - HMLS AA,AA-HMLS POLYESTER 1670/1/2 10X10 TPI 26EPI VF,N,FABR,FABR,FABR,N,FABR, ,QY26VF,7229
1173,QU32PF,FABRIC,POLYESTER - HMLS AA,AA HMLS POLYESTER 1440/1/2 9x9 TPI 32EPI PF,Y,FABR,FABR,FABR,N,FABR, ,QU32PF,1201
1173,QU32PF,FABRIC,POLYESTER - HMLS AA,AA HMLS POLYESTER 1440/1/2 9x9 TPI 32EPI PF,Y,FABR,FABR,FABR,N,FABR, ,QU32PF,25517
1173,QU32PF,FABRIC,POLYESTER - HMLS AA,AA HMLS POLYESTER 1440/1/2 9x9 TPI 32EPI PF,Y,FABR,FABR,FABR,N,FABR, ,QU32PF,15644
1173,QU32PF,FABRIC,POLYESTER - HMLS AA,AA HMLS POLYESTER 1440/1/2 9x9 TPI 32EPI PF,Y,FABR,FABR,FABR,N,FABR, ,QU32PF,18460
1173,QU32PF,FABRIC,POLYESTER - HMLS AA,AA HMLS POLYESTER 1440/1/2 9x9 TPI 32EPI PF,Y,FABR,FABR,FABR,N,FABR, ,QU32PF,14978
1173,QU32PF,FABRIC,POLYESTER - HMLS AA,AA HMLS POLYESTER 1440/1/2 9x9 TPI 32EPI PF,Y,FABR,FABR,FABR,N,FABR, ,QU32PF,25515
1173,QU32PF,FABRIC,POLYESTER - HMLS AA,AA HMLS POLYESTER 1440/1/2 9x9 TPI 32EPI PF,Y,FABR,FABR,FABR,N,FABR, ,QU32PF,25516
1173,QU32PF,FABRIC,POLYESTER - HMLS AA,AA HMLS POLYESTER 1440/1/2 9x9 TPI 32EPI PF,Y,FABR,FABR,FABR,N,FABR, ,QU32PF,25518
1173,QU32PF,FABRIC,POLYESTER - HMLS AA,AA HMLS POLYESTER 1440/1/2 9x9 TPI 32EPI PF,Y,FABR,FABR,FABR,N,FABR, ,QU32PF,20064
1173,QU32PF,FABRIC,POLYESTER - HMLS AA,AA HMLS POLYESTER 1440/1/2 9x9 TPI 32EPI PF,Y,FABR,FABR,FABR,N,FABR, ,QU32PF,15812
1174,QU30PF,FABRIC,POLYESTER - HMLS AA,AA HMLS POLYESTER 1440/1/2 9 X 9 TPI 30EPI PF,Y,FABR,FABR,,,,,QU30PF,20032
1177,QC35PF,FABRIC,POLYESTER - HMLS AA,AA HMLS POLYESTER 1100/1/2 12x12 TPI 35EPI PF,Y,FABR,FABR,FABR,N,FABR, ,QC35PF,26038
1246,NW35JR,FABRIC,"NYLON 6,6","NYLON 6,6  470/1/2 14 X 14 TPI 35EPI JR",Y,FABR,FABR,NYLON 66,,NYLON 66,,NW35JR,21694
1246,NW35JR,FABRIC,"NYLON 6,6","NYLON 6,6  470/1/2 14 X 14 TPI 35EPI JR",Y,FABR,FABR,NYLON 66,,NYLON 66,,NW35JR,28148
1246,NW35JR,FABRIC,"NYLON 6,6","NYLON 6,6  470/1/2 14 X 14 TPI 35EPI JR",Y,FABR,FABR,NYLON 66,,NYLON 66,,NW35JR,100628
1256,NP26JA,FABRIC,"NYLON 6,6","NYLON 6,6  2100/1/2 8x8 TPI 26EPI JA",N,FABR,FABR,FABR,N,FABR, ,NP26JA,14136
1258,NP23JA,FABRIC,"NYLON 6,6","NYLON 6,6  2100/1/2 8x8 TPI 23EPI JA",Y,FABR,FABR,FABR,N,FABR, ,NP23JA,18475
1258,NP23JA,FABRIC,"NYLON 6,6","NYLON 6,6  2100/1/2 8x8 TPI 23EPI JA",Y,FABR,FABR,FABR,N,FABR, ,NP23JA,20466
1258,NP23JA,FABRIC,"NYLON 6,6","NYLON 6,6  2100/1/2 8x8 TPI 23EPI JA",Y,FABR,FABR,FABR,N,FABR, ,NP23JA,18341
1258,NP23JA,FABRIC,"NYLON 6,6","NYLON 6,6  2100/1/2 8x8 TPI 23EPI JA",Y,FABR,FABR,FABR,N,FABR, ,NP23JA,48787
1258,NP23JA,FABRIC,"NYLON 6,6","NYLON 6,6  2100/1/2 8x8 TPI 23EPI JA",Y,FABR,FABR,FABR,N,FABR, ,NP23JA,48788
1258,NP23JA,FABRIC,"NYLON 6,6","NYLON 6,6  2100/1/2 8x8 TPI 23EPI JA",Y,FABR,FABR,FABR,N,FABR, ,NP23JA,65384
1258,NP23JA,FABRIC,"NYLON 6,6","NYLON 6,6  2100/1/2 8x8 TPI 23EPI JA",Y,FABR,FABR,FABR,N,FABR, ,NP23JA,115212
1260,NP19JA,FABRIC,"NYLON 6,6","NYLON 6,6  2100/1/2 8 X 8 TPI 19EPI JA",Y,FABR,FABR,NYLON 66,,NYLON 66,,NP19JA,23159
1270,NL26GF,FABRIC,"NYLON 6,6","NYLON 6,6 1400/1/2  8X10TPI  26EPI  GF",Y,FABR,FABR,NYLON 66,,NYLON 66,,NL26GF,18750
1288,NJ20UA,FABRIC,"NYLON 6,6","NYLON 6,6 940/1/2  10X12TPI  20EPI  UA",Y,FABR,FABR,,,,,NJ20UA,22597
1295,JH19DR,FABRIC,"NYLON 6,6","NYLON 6,6  1400/1/3 8 X 8 TPI 19EPI DR",Y,FABR,FABR,NYLON 66,,NYLON 66,,JH19DR,22058
1295,JH19DR,FABRIC,"NYLON 6,6","NYLON 6,6  1400/1/3 8 X 8 TPI 19EPI DR",Y,FABR,FABR,NYLON 66,,NYLON 66,,JH19DR,78181
1295,JH19DR,FABRIC,"NYLON 6,6","NYLON 6,6  1400/1/3 8 X 8 TPI 19EPI DR",Y,FABR,FABR,NYLON 66,,NYLON 66,,JH19DR,28143
1295,JH19DR,FABRIC,"NYLON 6,6","NYLON 6,6  1400/1/3 8 X 8 TPI 19EPI DR",Y,FABR,FABR,NYLON 66,,NYLON 66,,JH19DR,143387
1295,JH19DR,FABRIC,"NYLON 6,6","NYLON 6,6  1400/1/3 8 X 8 TPI 19EPI DR",Y,FABR,FABR,NYLON 66,,NYLON 66,,JH19DR,101508
1295,JH19DR,FABRIC,"NYLON 6,6","NYLON 6,6  1400/1/3 8 X 8 TPI 19EPI DR",Y,FABR,FABR,NYLON 66,,NYLON 66,,JH19DR,125396
1297,JF30DH,FABRIC,"NYLON 6,6","NYLON 6,6  1400/1/2 10 X 10 TPI 30EPI DH",Y,FABR,FABR,FABR,N,FABR, ,JF30DH,24939
1297,JF30DH,FABRIC,"NYLON 6,6","NYLON 6,6  1400/1/2 10 X 10 TPI 30EPI DH",Y,FABR,FABR,FABR,N,FABR, ,JF30DH,143392
1298,JF26DR,FABRIC,"NYLON 6,6","NYLON 6,6  1400/1/2 10 X 10 TPI 26EPI DR",Y,FABR,FABR,NYLON 66,,NYLON 66,,JF26DR,22056
1298,JF26DR,FABRIC,"NYLON 6,6","NYLON 6,6  1400/1/2 10 X 10 TPI 26EPI DR",Y,FABR,FABR,NYLON 66,,NYLON 66,,JF26DR,28142
1301,JF18DH,FABRIC,"NYLON 6,6","NYLON 6,6  1400/1/2 10 X 10 TPI 18EPI DH",Y,FABR,FABR,FABR,N,FABR,S,JF18DH,24930
1332,ID25JA,FABRIC,NYLON 6,NYLON 6  1880/1/2 8.5 X 8.5 TPI 25EPI JA,N,FABR,FABR,FABR,N,FABR, ,ID25JA,13274
1359,HH,WIRE,BEAD WIRE,1.60 MM BEAD WIRE - HIGH TENSILE,N,WIRE,BEAD,BEAD,N,BEAD, ,HH,10861
1395,NC32KR,FABRIC,"NYLON 6,6","NYLON 6,6  940/1/2 12 X 12 TPI 32EPI KR",N,FABR,FABR,FABR,N,FABR, ,NC32KR,29259
1395,NC32KR,FABRIC,"NYLON 6,6","NYLON 6,6  940/1/2 12 X 12 TPI 32EPI KR",N,FABR,FABR,FABR,N,FABR, ,NC32KR,14141
1395,NC32KR,FABRIC,"NYLON 6,6","NYLON 6,6  940/1/2 12 X 12 TPI 32EPI KR",N,FABR,FABR,FABR,N,FABR, ,NC32KR,23156
1395,NC32KR,FABRIC,"NYLON 6,6","NYLON 6,6  940/1/2 12 X 12 TPI 32EPI KR",N,FABR,FABR,FABR,N,FABR, ,NC32KR,14338
1396,NC32JR,FABRIC,"NYLON 6,6","NYLON 6,6  940/1/2 12 X 12 TPI 32EPI JR",Y,FABR,FABR,NYLON 66,,NYLON 66,,NC32JR,23108
1396,NC32JR,FABRIC,"NYLON 6,6","NYLON 6,6  940/1/2 12 X 12 TPI 32EPI JR",Y,FABR,FABR,NYLON 66,,NYLON 66,,NC32JR,29258
1396,NC32JR,FABRIC,"NYLON 6,6","NYLON 6,6  940/1/2 12 X 12 TPI 32EPI JR",Y,FABR,FABR,NYLON 66,,NYLON 66,,NC32JR,14153
1396,NC32JR,FABRIC,"NYLON 6,6","NYLON 6,6  940/1/2 12 X 12 TPI 32EPI JR",Y,FABR,FABR,NYLON 66,,NYLON 66,,NC32JR,14154
1397,NC32JA,FABRIC,"NYLON 6,6","NYLON 6,6  940/1/2 12x12 TPI 32EPI JA",Y,FABR,FABR,FABR,N,FABR, ,NC32JA,118548
1397,NC32JA,FABRIC,"NYLON 6,6","NYLON 6,6  940/1/2 12x12 TPI 32EPI JA",Y,FABR,FABR,FABR,N,FABR, ,NC32JA,119037
1397,NC32JA,FABRIC,"NYLON 6,6","NYLON 6,6  940/1/2 12x12 TPI 32EPI JA",Y,FABR,FABR,FABR,N,FABR, ,NC32JA,119309
1397,NC32JA,FABRIC,"NYLON 6,6","NYLON 6,6  940/1/2 12x12 TPI 32EPI JA",Y,FABR,FABR,FABR,N,FABR, ,NC32JA,118044
1397,NC32JA,FABRIC,"NYLON 6,6","NYLON 6,6  940/1/2 12x12 TPI 32EPI JA",Y,FABR,FABR,FABR,N,FABR, ,NC32JA,143104
1397,NC32JA,FABRIC,"NYLON 6,6","NYLON 6,6  940/1/2 12x12 TPI 32EPI JA",Y,FABR,FABR,FABR,N,FABR, ,NC32JA,142730
1397,NC32JA,FABRIC,"NYLON 6,6","NYLON 6,6  940/1/2 12x12 TPI 32EPI JA",Y,FABR,FABR,FABR,N,FABR, ,NC32JA,14097
1397,NC32JA,FABRIC,"NYLON 6,6","NYLON 6,6  940/1/2 12x12 TPI 32EPI JA",Y,FABR,FABR,FABR,N,FABR, ,NC32JA,14082
1397,NC32JA,FABRIC,"NYLON 6,6","NYLON 6,6  940/1/2 12x12 TPI 32EPI JA",Y,FABR,FABR,FABR,N,FABR, ,NC32JA,14156
1397,NC32JA,FABRIC,"NYLON 6,6","NYLON 6,6  940/1/2 12x12 TPI 32EPI JA",Y,FABR,FABR,FABR,N,FABR, ,NC32JA,14155
1397,NC32JA,FABRIC,"NYLON 6,6","NYLON 6,6  940/1/2 12x12 TPI 32EPI JA",Y,FABR,FABR,FABR,N,FABR, ,NC32JA,14152
1397,NC32JA,FABRIC,"NYLON 6,6","NYLON 6,6  940/1/2 12x12 TPI 32EPI JA",Y,FABR,FABR,FABR,N,FABR, ,NC32JA,142731
1397,NC32JA,FABRIC,"NYLON 6,6","NYLON 6,6  940/1/2 12x12 TPI 32EPI JA",Y,FABR,FABR,FABR,N,FABR, ,NC32JA,19408
1398,NC30JA,FABRIC,"NYLON 6,6","NYLON 6,6  940/1/2 12 X 12 TPI 30EPI JA",Y,FABR,FABR,,,,,NC30JA,15694
1398,NC30JA,FABRIC,"NYLON 6,6","NYLON 6,6  940/1/2 12 X 12 TPI 30EPI JA",Y,FABR,FABR,,,,,NC30JA,18111
1398,NC30JA,FABRIC,"NYLON 6,6","NYLON 6,6  940/1/2 12 X 12 TPI 30EPI JA",Y,FABR,FABR,,,,,NC30JA,15759
1398,NC30JA,FABRIC,"NYLON 6,6","NYLON 6,6  940/1/2 12 X 12 TPI 30EPI JA",Y,FABR,FABR,,,,,NC30JA,25401
1400,NC28MA,FABRIC,"NYLON 6,6","NYLON 6,6  940/1/2 12 X 12 TPI 28EPI MA",N,FABR,FABR,FABR,N,FABR, ,NC28MA,16390
1400,NC28MA,FABRIC,"NYLON 6,6","NYLON 6,6  940/1/2 12 X 12 TPI 28EPI MA",N,FABR,FABR,FABR,N,FABR, ,NC28MA,14348
1400,NC28MA,FABRIC,"NYLON 6,6","NYLON 6,6  940/1/2 12 X 12 TPI 28EPI MA",N,FABR,FABR,FABR,N,FABR, ,NC28MA,13687
1400,NC28MA,FABRIC,"NYLON 6,6","NYLON 6,6  940/1/2 12 X 12 TPI 28EPI MA",N,FABR,FABR,FABR,N,FABR, ,NC28MA,21753
1401,NC27JR,FABRIC,"NYLON 6,6","NYLON 6,6  940/1/2 12 X 12 TPI 27EPI JR",Y,FABR,FABR,NYLON 66,,NYLON 66,,NC27JR,9568
1401,NC27JR,FABRIC,"NYLON 6,6","NYLON 6,6  940/1/2 12 X 12 TPI 27EPI JR",Y,FABR,FABR,NYLON 66,,NYLON 66,,NC27JR,7563
1401,NC27JR,FABRIC,"NYLON 6,6","NYLON 6,6  940/1/2 12 X 12 TPI 27EPI JR",Y,FABR,FABR,NYLON 66,,NYLON 66,,NC27JR,22337
1401,NC27JR,FABRIC,"NYLON 6,6","NYLON 6,6  940/1/2 12 X 12 TPI 27EPI JR",Y,FABR,FABR,NYLON 66,,NYLON 66,,NC27JR,28145
1403,NC27JA,FABRIC,"NYLON 6,6","NYLON 6,6  940/1/2 12x12 TPI 27EPI JA",Y,FABR,FABR,FABR,N,FABR, ,NC27JA,19135
1403,NC27JA,FABRIC,"NYLON 6,6","NYLON 6,6  940/1/2 12x12 TPI 27EPI JA",Y,FABR,FABR,FABR,N,FABR, ,NC27JA,22853
1403,NC27JA,FABRIC,"NYLON 6,6","NYLON 6,6  940/1/2 12x12 TPI 27EPI JA",Y,FABR,FABR,FABR,N,FABR, ,NC27JA,19134
1403,NC27JA,FABRIC,"NYLON 6,6","NYLON 6,6  940/1/2 12x12 TPI 27EPI JA",Y,FABR,FABR,FABR,N,FABR, ,NC27JA,60590
1403,NC27JA,FABRIC,"NYLON 6,6","NYLON 6,6  940/1/2 12x12 TPI 27EPI JA",Y,FABR,FABR,FABR,N,FABR, ,NC27JA,145691
1403,NC27JA,FABRIC,"NYLON 6,6","NYLON 6,6  940/1/2 12x12 TPI 27EPI JA",Y,FABR,FABR,FABR,N,FABR, ,NC27JA,74994
1403,NC27JA,FABRIC,"NYLON 6,6","NYLON 6,6  940/1/2 12x12 TPI 27EPI JA",Y,FABR,FABR,FABR,N,FABR, ,NC27JA,74992
1403,NC27JA,FABRIC,"NYLON 6,6","NYLON 6,6  940/1/2 12x12 TPI 27EPI JA",Y,FABR,FABR,FABR,N,FABR, ,NC27JA,66795
1403,NC27JA,FABRIC,"NYLON 6,6","NYLON 6,6  940/1/2 12x12 TPI 27EPI JA",Y,FABR,FABR,FABR,N,FABR, ,NC27JA,114559
1403,NC27JA,FABRIC,"NYLON 6,6","NYLON 6,6  940/1/2 12x12 TPI 27EPI JA",Y,FABR,FABR,FABR,N,FABR, ,NC27JA,56843
1403,NC27JA,FABRIC,"NYLON 6,6","NYLON 6,6  940/1/2 12x12 TPI 27EPI JA",Y,FABR,FABR,FABR,N,FABR, ,NC27JA,51668
1435,LF26JA,FABRIC,NYLON 6,NYLON 6  1400/1/2 10 X 10 TPI 26EPI JA,Y,FABR,FABR,NYLON 6,,NYLON 6,,LF26JA,18119
1435,LF26JA,FABRIC,NYLON 6,NYLON 6  1400/1/2 10 X 10 TPI 26EPI JA,Y,FABR,FABR,NYLON 6,,NYLON 6,,LF26JA,23132
1435,LF26JA,FABRIC,NYLON 6,NYLON 6  1400/1/2 10 X 10 TPI 26EPI JA,Y,FABR,FABR,NYLON 6,,NYLON 6,,LF26JA,22980
1435,LF26JA,FABRIC,NYLON 6,NYLON 6  1400/1/2 10 X 10 TPI 26EPI JA,Y,FABR,FABR,NYLON 6,,NYLON 6,,LF26JA,143680
1436,LF23JA,FABRIC,NYLON 6,NYLON 6  1400/1/2 10 X 10 TPI 23EPI JA,Y,FABR,FABR,NYLON 6,,NYLON 6,,LF23JA,16397
1436,LF23JA,FABRIC,NYLON 6,NYLON 6  1400/1/2 10 X 10 TPI 23EPI JA,Y,FABR,FABR,NYLON 6,,NYLON 6,,LF23JA,18117
1436,LF23JA,FABRIC,NYLON 6,NYLON 6  1400/1/2 10 X 10 TPI 23EPI JA,Y,FABR,FABR,NYLON 6,,NYLON 6,,LF23JA,14542
1436,LF23JA,FABRIC,NYLON 6,NYLON 6  1400/1/2 10 X 10 TPI 23EPI JA,Y,FABR,FABR,NYLON 6,,NYLON 6,,LF23JA,23131
1436,LF23JA,FABRIC,NYLON 6,NYLON 6  1400/1/2 10 X 10 TPI 23EPI JA,Y,FABR,FABR,NYLON 6,,NYLON 6,,LF23JA,22981
1445,LC33JA,FABRIC,NYLON 6,NYLON 6 940/1/2 12 X 12 TPI 33EPI JA,Y,FABR,FABR,NYLON 6,,NYLON 6,,LC33JA,23149
1449,LC16QA,FABRIC,NYLON 6,NYLON 6  940/1/2 12 X 12 TPI 16EPI QA,N,FABR,FABR,FABR,N,FABR, ,LC16QA,18118
1449,LC16QA,FABRIC,NYLON 6,NYLON 6  940/1/2 12 X 12 TPI 16EPI QA,N,FABR,FABR,FABR,N,FABR, ,LC16QA,23130
1449,LC16QA,FABRIC,NYLON 6,NYLON 6  940/1/2 12 X 12 TPI 16EPI QA,N,FABR,FABR,FABR,N,FABR, ,LC16QA,48982
1488,JR18DH,FABRIC,"NYLON 6,6","NYLON 6,6  2100/2/2 5 X 6 TPI 18EPI DH",Y,FABR,FABR,NYLON 66,,NYLON 66,,JR18DH,141934
1498,JN18DH,FABRIC,"NYLON 6,6","NYLON 6,6  2100/2/2 4 X 4 TPI 18EPI DH",Y,FABR,FABR,NYLON 66,,NYLON 66,,JN18DH,28523
1499,JM20DH,FABRIC,"NYLON 6,6","NYLON 6,6  2100/1/3 6 X 6 TPI 20EPI DH",Y,FABR,FABR,NYLON 66,,NYLON 66,,JM20DH,22198
1499,JM20DH,FABRIC,"NYLON 6,6","NYLON 6,6  2100/1/3 6 X 6 TPI 20EPI DH",Y,FABR,FABR,NYLON 66,,NYLON 66,,JM20DH,22197
1499,JM20DH,FABRIC,"NYLON 6,6","NYLON 6,6  2100/1/3 6 X 6 TPI 20EPI DH",Y,FABR,FABR,NYLON 66,,NYLON 66,,JM20DH,140921
1499,JM20DH,FABRIC,"NYLON 6,6","NYLON 6,6  2100/1/3 6 X 6 TPI 20EPI DH",Y,FABR,FABR,NYLON 66,,NYLON 66,,JM20DH,140922
1499,JM20DH,FABRIC,"NYLON 6,6","NYLON 6,6  2100/1/3 6 X 6 TPI 20EPI DH",Y,FABR,FABR,NYLON 66,,NYLON 66,,JM20DH,140752
1499,JM20DH,FABRIC,"NYLON 6,6","NYLON 6,6  2100/1/3 6 X 6 TPI 20EPI DH",Y,FABR,FABR,NYLON 66,,NYLON 66,,JM20DH,100140
1500,JM16DH,FABRIC,"NYLON 6,6","NYLON 6,6  2100/1/3 6 X 6 TPI 16EPI DH",Y,FABR,FABR,NYLON 66,,NYLON 66,,JM16DH,140927
1500,JM16DH,FABRIC,"NYLON 6,6","NYLON 6,6  2100/1/3 6 X 6 TPI 16EPI DH",Y,FABR,FABR,NYLON 66,,NYLON 66,,JM16DH,100139
1500,JM16DH,FABRIC,"NYLON 6,6","NYLON 6,6  2100/1/3 6 X 6 TPI 16EPI DH",Y,FABR,FABR,NYLON 66,,NYLON 66,,JM16DH,140753
1500,JM16DH,FABRIC,"NYLON 6,6","NYLON 6,6  2100/1/3 6 X 6 TPI 16EPI DH",Y,FABR,FABR,NYLON 66,,NYLON 66,,JM16DH,22201
1519,H45,WIRE,CABLE BEAD,"1x6.0+(11+17+23+29)x2.2
",N,BEAD,CABLBD,BEAD,N,BEAD, ,H45,14289
1585,DC21DH,FABRIC,"NYLON 6,6","NYLON 6,6  940/1/2 12 X 12 TPI 21EPI DH",Y,FABR,FABR,RED NYLON,,RED NYLON,,DC21DH,25820
1622,G44,WIRE,CABLE BEAD,"1x5.0+(10+16+22+28)x2.0
",N,BEAD,CABLBD,BEAD,N,BEAD, ,G44,14288
1656,FC,WIRE,STEEL CORD,4+3X.41 ST,N,WIRE,WIRE,,,,,FC,4402
1656,FC,WIRE,STEEL CORD,4+3X.41 ST,N,WIRE,WIRE,,,,,FC,4383
1657,FB,WIRE,STEEL CORD,3X.20+7X.23 NT,N,WIRE,WIRE,PLY,N,PLY, ,FB,15296
1679,EP,WIRE,STEEL CORD,7X(3+9+15X.245)+1 HT,Y,WIRE,WIRE,PLY,,PLY,,EP,7501
1679,EP,WIRE,STEEL CORD,7X(3+9+15X.245)+1 HT,Y,WIRE,WIRE,PLY,,PLY,,EP,6901
1679,EP,WIRE,STEEL CORD,7X(3+9+15X.245)+1 HT,Y,WIRE,WIRE,PLY,,PLY,,EP,643
1679,EP,WIRE,STEEL CORD,7X(3+9+15X.245)+1 HT,Y,WIRE,WIRE,PLY,,PLY,,EP,65291
1679,EP,WIRE,STEEL CORD,7X(3+9+15X.245)+1 HT,Y,WIRE,WIRE,PLY,,PLY,,EP,42389
1679,EP,WIRE,STEEL CORD,7X(3+9+15X.245)+1 HT,Y,WIRE,WIRE,PLY,,PLY,,EP,20418
1679,EP,WIRE,STEEL CORD,7X(3+9+15X.245)+1 HT,Y,WIRE,WIRE,PLY,,PLY,,EP,15148
1679,EP,WIRE,STEEL CORD,7X(3+9+15X.245)+1 HT,Y,WIRE,WIRE,PLY,,PLY,,EP,13965
1679,EP,WIRE,STEEL CORD,7X(3+9+15X.245)+1 HT,Y,WIRE,WIRE,PLY,,PLY,,EP,13704
1685,EM,WIRE,STEEL CORD,4x2x.34 HE,Y,WIRE,WIRE,BELT,N,BELT, ,EM,5421
1685,EM,WIRE,STEEL CORD,4x2x.34 HE,Y,WIRE,WIRE,BELT,N,BELT, ,EM,3841
1685,EM,WIRE,STEEL CORD,4x2x.34 HE,Y,WIRE,WIRE,BELT,N,BELT, ,EM,120558
1685,EM,WIRE,STEEL CORD,4x2x.34 HE,Y,WIRE,WIRE,BELT,N,BELT, ,EM,94678
1685,EM,WIRE,STEEL CORD,4x2x.34 HE,Y,WIRE,WIRE,BELT,N,BELT, ,EM,93427
1685,EM,WIRE,STEEL CORD,4x2x.34 HE,Y,WIRE,WIRE,BELT,N,BELT, ,EM,13954
1690,EJ,WIRE,STEEL CORD,19X.22 +6X 1X.22/18X.20 +1 HT,Y,WIRE,WIRE,PLY,N,PLY, ,EJ,141814
1690,EJ,WIRE,STEEL CORD,19X.22 +6X 1X.22/18X.20 +1 HT,Y,WIRE,WIRE,PLY,N,PLY, ,EJ,68653
1690,EJ,WIRE,STEEL CORD,19X.22 +6X 1X.22/18X.20 +1 HT,Y,WIRE,WIRE,PLY,N,PLY, ,EJ,64452
1690,EJ,WIRE,STEEL CORD,19X.22 +6X 1X.22/18X.20 +1 HT,Y,WIRE,WIRE,PLY,N,PLY, ,EJ,39033
1690,EJ,WIRE,STEEL CORD,19X.22 +6X 1X.22/18X.20 +1 HT,Y,WIRE,WIRE,PLY,N,PLY, ,EJ,19416
1690,EJ,WIRE,STEEL CORD,19X.22 +6X 1X.22/18X.20 +1 HT,Y,WIRE,WIRE,PLY,N,PLY, ,EJ,17465
1690,EJ,WIRE,STEEL CORD,19X.22 +6X 1X.22/18X.20 +1 HT,Y,WIRE,WIRE,PLY,N,PLY, ,EJ,17466
1690,EJ,WIRE,STEEL CORD,19X.22 +6X 1X.22/18X.20 +1 HT,Y,WIRE,WIRE,PLY,N,PLY, ,EJ,13931
1691,EE,WIRE,STEEL CORD,5/8/14X.265+1ST,Y,WIRE,WIRE,BELT,,BELT,,EE,12381
1691,EE,WIRE,STEEL CORD,5/8/14X.265+1ST,Y,WIRE,WIRE,BELT,,BELT,,EE,1243
1691,EE,WIRE,STEEL CORD,5/8/14X.265+1ST,Y,WIRE,WIRE,BELT,,BELT,,EE,138912
1691,EE,WIRE,STEEL CORD,5/8/14X.265+1ST,Y,WIRE,WIRE,BELT,,BELT,,EE,141642
1691,EE,WIRE,STEEL CORD,5/8/14X.265+1ST,Y,WIRE,WIRE,BELT,,BELT,,EE,141722
1691,EE,WIRE,STEEL CORD,5/8/14X.265+1ST,Y,WIRE,WIRE,BELT,,BELT,,EE,96898
1691,EE,WIRE,STEEL CORD,5/8/14X.265+1ST,Y,WIRE,WIRE,BELT,,BELT,,EE,119809
1691,EE,WIRE,STEEL CORD,5/8/14X.265+1ST,Y,WIRE,WIRE,BELT,,BELT,,EE,63029
1691,EE,WIRE,STEEL CORD,5/8/14X.265+1ST,Y,WIRE,WIRE,BELT,,BELT,,EE,51146
1691,EE,WIRE,STEEL CORD,5/8/14X.265+1ST,Y,WIRE,WIRE,BELT,,BELT,,EE,51111
1691,EE,WIRE,STEEL CORD,5/8/14X.265+1ST,Y,WIRE,WIRE,BELT,,BELT,,EE,39329
1691,EE,WIRE,STEEL CORD,5/8/14X.265+1ST,Y,WIRE,WIRE,BELT,,BELT,,EE,36210
1691,EE,WIRE,STEEL CORD,5/8/14X.265+1ST,Y,WIRE,WIRE,BELT,,BELT,,EE,21188
1691,EE,WIRE,STEEL CORD,5/8/14X.265+1ST,Y,WIRE,WIRE,BELT,,BELT,,EE,15079
1691,EE,WIRE,STEEL CORD,5/8/14X.265+1ST,Y,WIRE,WIRE,BELT,,BELT,,EE,17719
1691,EE,WIRE,STEEL CORD,5/8/14X.265+1ST,Y,WIRE,WIRE,BELT,,BELT,,EE,13974
1691,EE,WIRE,STEEL CORD,5/8/14X.265+1ST,Y,WIRE,WIRE,BELT,,BELT,,EE,13955
1729,CK,TEXTILE CORD,BLEEDER,20/3 COTTON COUNT BLEEDER CORD,Y,FABR,FABRSQW,COTTON,,COTTON,,CK,142823
1752,D33,WIRE,CABLE BEAD,"1x2.5+(7+13+19)x1.8
",N,BEAD,CABLBD,BEAD,N,BEAD, ,D33,14287
1766,CR,WIRE,BEAD WIRE,1.83MM BEAD WIRE - REGULAR TENSILE,Y,WIRE,WIRE,BEAD,,BEAD,,CR,7902
1766,CR,WIRE,BEAD WIRE,1.83MM BEAD WIRE - REGULAR TENSILE,Y,WIRE,WIRE,BEAD,,BEAD,,CR,8522
1951,BH17MS,FABRIC,"NYLON 6,6","NYLON 6,6 1400/1/3 8.4X8.4 TPI 17EPI MS",Y,FABR,FABR,NYLON 66,,NYLON 66,,BH17MS,24264
1951,BH17MS,FABRIC,"NYLON 6,6","NYLON 6,6 1400/1/3 8.4X8.4 TPI 17EPI MS",Y,FABR,FABR,NYLON 66,,NYLON 66,,BH17MS,16394
1951,BH17MS,FABRIC,"NYLON 6,6","NYLON 6,6 1400/1/3 8.4X8.4 TPI 17EPI MS",Y,FABR,FABR,NYLON 66,,NYLON 66,,BH17MS,14336
1951,BH17MS,FABRIC,"NYLON 6,6","NYLON 6,6 1400/1/3 8.4X8.4 TPI 17EPI MS",Y,FABR,FABR,NYLON 66,,NYLON 66,,BH17MS,14139
1951,BH17MS,FABRIC,"NYLON 6,6","NYLON 6,6 1400/1/3 8.4X8.4 TPI 17EPI MS",Y,FABR,FABR,NYLON 66,,NYLON 66,,BH17MS,50225
1974,AT30YF,FABRIC,ARAMID,ARAMID  1100/1/2 16 X 16 TPI 30EPI YF,Y,FABR,FABR,ARAMID,,ARAMID,,AT30YF,62298
1974,AT30YF,FABRIC,ARAMID,ARAMID  1100/1/2 16 X 16 TPI 30EPI YF,Y,FABR,FABR,ARAMID,,ARAMID,,AT30YF,20023
1974,AT30YF,FABRIC,ARAMID,ARAMID  1100/1/2 16 X 16 TPI 30EPI YF,Y,FABR,FABR,ARAMID,,ARAMID,,AT30YF,20066
1974,AT30YF,FABRIC,ARAMID,ARAMID  1100/1/2 16 X 16 TPI 30EPI YF,Y,FABR,FABR,ARAMID,,ARAMID,,AT30YF,21035
1974,AT30YF,FABRIC,ARAMID,ARAMID  1100/1/2 16 X 16 TPI 30EPI YF,Y,FABR,FABR,ARAMID,,ARAMID,,AT30YF,62297
2004,CA28YF,FABRIC,HYBRID,"MERGED CORD  1100 DTEX ARAMID / 940 DTEX NYLON 6,6 28 EPI YF",Y,FABR,FABR,FABR,N,FABR, ,CA28YF,19406
2026,AE20YH,FABRIC,ARAMID,ARAMID  1670/1/3 6.9 X 6.9 TPI 20EPI YH,Y,FABR,FABR,ARAMID,,ARAMID,,AE20YH,23043
2026,AE20YH,FABRIC,ARAMID,ARAMID  1670/1/3 6.9 X 6.9 TPI 20EPI YH,Y,FABR,FABR,ARAMID,,ARAMID,,AE20YH,28522
2028,AE16YH,FABRIC,ARAMID,ARAMID  1670/1/3 6.9 X 6.9 TPI 16EPI YH,Y,FABR,FABR,ARAMID,,ARAMID,,AE16YH,23012
2029,AE16YA,FABRIC,ARAMID,ARAMID  1670/1/3 6.9 X 6.9 TPI 16EPI YA,Y,FABR,FABR,ARAMID,,ARAMID,,AE16YA,20022
2048,539Q,YARN,POLYESTER - HMLS AA,1100 DECITEX AA-HMLS POLYESTER,Y,,,,,,,539Q,4721
2049,149N,YARN,"NYLON 6,6","2100 DECITEX NYLON 6,6",Y,,,,,,,149N,13943
2049,149N,YARN,"NYLON 6,6","2100 DECITEX NYLON 6,6",Y,,,,,,,149N,15863
2050,119N,YARN,"NYLON 6,6","940 DECITEX NYLON 6,6",Y,,,,,,,119N,11521
2050,119N,YARN,"NYLON 6,6","940 DECITEX NYLON 6,6",Y,,,,,,,119N,9101
2050,119N,YARN,"NYLON 6,6","940 DECITEX NYLON 6,6",Y,,,,,,,119N,7365
2050,119N,YARN,"NYLON 6,6","940 DECITEX NYLON 6,6",Y,,,,,,,119N,19022
2122,RY28SL,FABRIC,RAYON,Rayon 1840/1/2 10.4/10.4 TPI 28 EPI SL,Y,FABR,FABR,FABR,N,FABR, ,RY28SL,44069
2122,RY28SL,FABRIC,RAYON,Rayon 1840/1/2 10.4/10.4 TPI 28 EPI SL,Y,FABR,FABR,FABR,N,FABR, ,RY28SL,544
2122,RY28SL,FABRIC,RAYON,Rayon 1840/1/2 10.4/10.4 TPI 28 EPI SL,Y,FABR,FABR,FABR,N,FABR, ,RY28SL,13172
2122,RY28SL,FABRIC,RAYON,Rayon 1840/1/2 10.4/10.4 TPI 28 EPI SL,Y,FABR,FABR,FABR,N,FABR, ,RY28SL,13593
2122,RY28SL,FABRIC,RAYON,Rayon 1840/1/2 10.4/10.4 TPI 28 EPI SL,Y,FABR,FABR,FABR,N,FABR, ,RY28SL,14277
2122,RY28SL,FABRIC,RAYON,Rayon 1840/1/2 10.4/10.4 TPI 28 EPI SL,Y,FABR,FABR,FABR,N,FABR, ,RY28SL,14527
2122,RY28SL,FABRIC,RAYON,Rayon 1840/1/2 10.4/10.4 TPI 28 EPI SL,Y,FABR,FABR,FABR,N,FABR, ,RY28SL,18811
2122,RY28SL,FABRIC,RAYON,Rayon 1840/1/2 10.4/10.4 TPI 28 EPI SL,Y,FABR,FABR,FABR,N,FABR, ,RY28SL,18088
2122,RY28SL,FABRIC,RAYON,Rayon 1840/1/2 10.4/10.4 TPI 28 EPI SL,Y,FABR,FABR,FABR,N,FABR, ,RY28SL,20202
2122,RY28SL,FABRIC,RAYON,Rayon 1840/1/2 10.4/10.4 TPI 28 EPI SL,Y,FABR,FABR,FABR,N,FABR, ,RY28SL,20199
2122,RY28SL,FABRIC,RAYON,Rayon 1840/1/2 10.4/10.4 TPI 28 EPI SL,Y,FABR,FABR,FABR,N,FABR, ,RY28SL,20200
2122,RY28SL,FABRIC,RAYON,Rayon 1840/1/2 10.4/10.4 TPI 28 EPI SL,Y,FABR,FABR,FABR,N,FABR, ,RY28SL,20201
2122,RY28SL,FABRIC,RAYON,Rayon 1840/1/2 10.4/10.4 TPI 28 EPI SL,Y,FABR,FABR,FABR,N,FABR, ,RY28SL,19394
2122,RY28SL,FABRIC,RAYON,Rayon 1840/1/2 10.4/10.4 TPI 28 EPI SL,Y,FABR,FABR,FABR,N,FABR, ,RY28SL,20059
2122,RY28SL,FABRIC,RAYON,Rayon 1840/1/2 10.4/10.4 TPI 28 EPI SL,Y,FABR,FABR,FABR,N,FABR, ,RY28SL,20058
2221,QM26PF,FABRIC,POLYESTER - HMLS AA,"HMLS PET, 2200/1/2, 8.5x8.5 TPI, 26 EPI, PF",Y,FABR,FABR,FABR,N,FABR, ,QM26PF,1221
2241,FN,WIRE,STEEL CORD,4+3x.35 UT,Y,WIRE,WIRE,BELT,,BELT,,FN,13672
2241,FN,WIRE,STEEL CORD,4+3x.35 UT,Y,WIRE,WIRE,BELT,,BELT,,FN,13225
2241,FN,WIRE,STEEL CORD,4+3x.35 UT,Y,WIRE,WIRE,BELT,,BELT,,FN,13055
2241,FN,WIRE,STEEL CORD,4+3x.35 UT,Y,WIRE,WIRE,BELT,,BELT,,FN,13180
2241,FN,WIRE,STEEL CORD,4+3x.35 UT,Y,WIRE,WIRE,BELT,,BELT,,FN,13025
2241,FN,WIRE,STEEL CORD,4+3x.35 UT,Y,WIRE,WIRE,BELT,,BELT,,FN,12642
2241,FN,WIRE,STEEL CORD,4+3x.35 UT,Y,WIRE,WIRE,BELT,,BELT,,FN,11327
2241,FN,WIRE,STEEL CORD,4+3x.35 UT,Y,WIRE,WIRE,BELT,,BELT,,FN,9310
2241,FN,WIRE,STEEL CORD,4+3x.35 UT,Y,WIRE,WIRE,BELT,,BELT,,FN,7641
2241,FN,WIRE,STEEL CORD,4+3x.35 UT,Y,WIRE,WIRE,BELT,,BELT,,FN,9322
2241,FN,WIRE,STEEL CORD,4+3x.35 UT,Y,WIRE,WIRE,BELT,,BELT,,FN,7402
2241,FN,WIRE,STEEL CORD,4+3x.35 UT,Y,WIRE,WIRE,BELT,,BELT,,FN,5342
2241,FN,WIRE,STEEL CORD,4+3x.35 UT,Y,WIRE,WIRE,BELT,,BELT,,FN,5422
2241,FN,WIRE,STEEL CORD,4+3x.35 UT,Y,WIRE,WIRE,BELT,,BELT,,FN,5343
2241,FN,WIRE,STEEL CORD,4+3x.35 UT,Y,WIRE,WIRE,BELT,,BELT,,FN,5423
2241,FN,WIRE,STEEL CORD,4+3x.35 UT,Y,WIRE,WIRE,BELT,,BELT,,FN,5341
2241,FN,WIRE,STEEL CORD,4+3x.35 UT,Y,WIRE,WIRE,BELT,,BELT,,FN,3221
2241,FN,WIRE,STEEL CORD,4+3x.35 UT,Y,WIRE,WIRE,BELT,,BELT,,FN,1223
2241,FN,WIRE,STEEL CORD,4+3x.35 UT,Y,WIRE,WIRE,BELT,,BELT,,FN,143033
2241,FN,WIRE,STEEL CORD,4+3x.35 UT,Y,WIRE,WIRE,BELT,,BELT,,FN,145100
2241,FN,WIRE,STEEL CORD,4+3x.35 UT,Y,WIRE,WIRE,BELT,,BELT,,FN,145847
2241,FN,WIRE,STEEL CORD,4+3x.35 UT,Y,WIRE,WIRE,BELT,,BELT,,FN,140261
2241,FN,WIRE,STEEL CORD,4+3x.35 UT,Y,WIRE,WIRE,BELT,,BELT,,FN,138066
2241,FN,WIRE,STEEL CORD,4+3x.35 UT,Y,WIRE,WIRE,BELT,,BELT,,FN,141692
2241,FN,WIRE,STEEL CORD,4+3x.35 UT,Y,WIRE,WIRE,BELT,,BELT,,FN,141615
2241,FN,WIRE,STEEL CORD,4+3x.35 UT,Y,WIRE,WIRE,BELT,,BELT,,FN,139038
2241,FN,WIRE,STEEL CORD,4+3x.35 UT,Y,WIRE,WIRE,BELT,,BELT,,FN,138786
2241,FN,WIRE,STEEL CORD,4+3x.35 UT,Y,WIRE,WIRE,BELT,,BELT,,FN,133925
2241,FN,WIRE,STEEL CORD,4+3x.35 UT,Y,WIRE,WIRE,BELT,,BELT,,FN,94420
2241,FN,WIRE,STEEL CORD,4+3x.35 UT,Y,WIRE,WIRE,BELT,,BELT,,FN,96899
2241,FN,WIRE,STEEL CORD,4+3x.35 UT,Y,WIRE,WIRE,BELT,,BELT,,FN,129613
2241,FN,WIRE,STEEL CORD,4+3x.35 UT,Y,WIRE,WIRE,BELT,,BELT,,FN,131464
2241,FN,WIRE,STEEL CORD,4+3x.35 UT,Y,WIRE,WIRE,BELT,,BELT,,FN,78180
2241,FN,WIRE,STEEL CORD,4+3x.35 UT,Y,WIRE,WIRE,BELT,,BELT,,FN,126032
2241,FN,WIRE,STEEL CORD,4+3x.35 UT,Y,WIRE,WIRE,BELT,,BELT,,FN,126033
2241,FN,WIRE,STEEL CORD,4+3x.35 UT,Y,WIRE,WIRE,BELT,,BELT,,FN,120435
2241,FN,WIRE,STEEL CORD,4+3x.35 UT,Y,WIRE,WIRE,BELT,,BELT,,FN,101898
2241,FN,WIRE,STEEL CORD,4+3x.35 UT,Y,WIRE,WIRE,BELT,,BELT,,FN,32091
2241,FN,WIRE,STEEL CORD,4+3x.35 UT,Y,WIRE,WIRE,BELT,,BELT,,FN,51953
2241,FN,WIRE,STEEL CORD,4+3x.35 UT,Y,WIRE,WIRE,BELT,,BELT,,FN,37064
2241,FN,WIRE,STEEL CORD,4+3x.35 UT,Y,WIRE,WIRE,BELT,,BELT,,FN,32092
2241,FN,WIRE,STEEL CORD,4+3x.35 UT,Y,WIRE,WIRE,BELT,,BELT,,FN,33446
2241,FN,WIRE,STEEL CORD,4+3x.35 UT,Y,WIRE,WIRE,BELT,,BELT,,FN,51323
2241,FN,WIRE,STEEL CORD,4+3x.35 UT,Y,WIRE,WIRE,BELT,,BELT,,FN,20399
2241,FN,WIRE,STEEL CORD,4+3x.35 UT,Y,WIRE,WIRE,BELT,,BELT,,FN,20271
2241,FN,WIRE,STEEL CORD,4+3x.35 UT,Y,WIRE,WIRE,BELT,,BELT,,FN,24147
2241,FN,WIRE,STEEL CORD,4+3x.35 UT,Y,WIRE,WIRE,BELT,,BELT,,FN,24327
2241,FN,WIRE,STEEL CORD,4+3x.35 UT,Y,WIRE,WIRE,BELT,,BELT,,FN,20331
2241,FN,WIRE,STEEL CORD,4+3x.35 UT,Y,WIRE,WIRE,BELT,,BELT,,FN,24150
2241,FN,WIRE,STEEL CORD,4+3x.35 UT,Y,WIRE,WIRE,BELT,,BELT,,FN,20400
2241,FN,WIRE,STEEL CORD,4+3x.35 UT,Y,WIRE,WIRE,BELT,,BELT,,FN,22529
2241,FN,WIRE,STEEL CORD,4+3x.35 UT,Y,WIRE,WIRE,BELT,,BELT,,FN,19567
2241,FN,WIRE,STEEL CORD,4+3x.35 UT,Y,WIRE,WIRE,BELT,,BELT,,FN,20095
2241,FN,WIRE,STEEL CORD,4+3x.35 UT,Y,WIRE,WIRE,BELT,,BELT,,FN,24148
2241,FN,WIRE,STEEL CORD,4+3x.35 UT,Y,WIRE,WIRE,BELT,,BELT,,FN,20258
2241,FN,WIRE,STEEL CORD,4+3x.35 UT,Y,WIRE,WIRE,BELT,,BELT,,FN,18351
2241,FN,WIRE,STEEL CORD,4+3x.35 UT,Y,WIRE,WIRE,BELT,,BELT,,FN,15302
2241,FN,WIRE,STEEL CORD,4+3x.35 UT,Y,WIRE,WIRE,BELT,,BELT,,FN,15829
2241,FN,WIRE,STEEL CORD,4+3x.35 UT,Y,WIRE,WIRE,BELT,,BELT,,FN,15297
2241,FN,WIRE,STEEL CORD,4+3x.35 UT,Y,WIRE,WIRE,BELT,,BELT,,FN,15493
2241,FN,WIRE,STEEL CORD,4+3x.35 UT,Y,WIRE,WIRE,BELT,,BELT,,FN,14267
2241,FN,WIRE,STEEL CORD,4+3x.35 UT,Y,WIRE,WIRE,BELT,,BELT,,FN,13959
2241,FN,WIRE,STEEL CORD,4+3x.35 UT,Y,WIRE,WIRE,BELT,,BELT,,FN,13925
2242,FP,WIRE,STEEL CORD,1x.21/18x.185 UT,Y,WIRE,WIRE,PLY,,PLY,,FP,13054
2242,FP,WIRE,STEEL CORD,1x.21/18x.185 UT,Y,WIRE,WIRE,PLY,,PLY,,FP,144959
2242,FP,WIRE,STEEL CORD,1x.21/18x.185 UT,Y,WIRE,WIRE,PLY,,PLY,,FP,13962
2242,FP,WIRE,STEEL CORD,1x.21/18x.185 UT,Y,WIRE,WIRE,PLY,,PLY,,FP,15628
2242,FP,WIRE,STEEL CORD,1x.21/18x.185 UT,Y,WIRE,WIRE,PLY,,PLY,,FP,14925
2242,FP,WIRE,STEEL CORD,1x.21/18x.185 UT,Y,WIRE,WIRE,PLY,,PLY,,FP,18042
2242,FP,WIRE,STEEL CORD,1x.21/18x.185 UT,Y,WIRE,WIRE,PLY,,PLY,,FP,14910
2242,FP,WIRE,STEEL CORD,1x.21/18x.185 UT,Y,WIRE,WIRE,PLY,,PLY,,FP,25194
2242,FP,WIRE,STEEL CORD,1x.21/18x.185 UT,Y,WIRE,WIRE,PLY,,PLY,,FP,22401
2242,FP,WIRE,STEEL CORD,1x.21/18x.185 UT,Y,WIRE,WIRE,PLY,,PLY,,FP,120436
2242,FP,WIRE,STEEL CORD,1x.21/18x.185 UT,Y,WIRE,WIRE,PLY,,PLY,,FP,13021
2242,FP,WIRE,STEEL CORD,1x.21/18x.185 UT,Y,WIRE,WIRE,PLY,,PLY,,FP,9311
2242,FP,WIRE,STEEL CORD,1x.21/18x.185 UT,Y,WIRE,WIRE,PLY,,PLY,,FP,5222
2242,FP,WIRE,STEEL CORD,1x.21/18x.185 UT,Y,WIRE,WIRE,PLY,,PLY,,FP,1224
2242,FP,WIRE,STEEL CORD,1x.21/18x.185 UT,Y,WIRE,WIRE,PLY,,PLY,,FP,138065
2242,FP,WIRE,STEEL CORD,1x.21/18x.185 UT,Y,WIRE,WIRE,PLY,,PLY,,FP,13961
2242,FP,WIRE,STEEL CORD,1x.21/18x.185 UT,Y,WIRE,WIRE,PLY,,PLY,,FP,81729
2242,FP,WIRE,STEEL CORD,1x.21/18x.185 UT,Y,WIRE,WIRE,PLY,,PLY,,FP,93671
2261,QV28,GREIGE,POLYESTER - HMLS AA,AA HMLS POLYESTER 1670/1/2 8.5x8.5 TPI 28EPI,N,FABR,FABR,FABR,N,FABR, ,QV28,1263
2261,QV28,GREIGE,POLYESTER - HMLS AA,AA HMLS POLYESTER 1670/1/2 8.5x8.5 TPI 28EPI,N,FABR,FABR,FABR,N,FABR, ,QV28,19315
2261,QV28,GREIGE,POLYESTER - HMLS AA,AA HMLS POLYESTER 1670/1/2 8.5x8.5 TPI 28EPI,N,FABR,FABR,FABR,N,FABR, ,QV28,19314
2341,QZ20YF,FABRIC,POLYESTER - HMLS AA,"HMLS POLYESTER, 1440/1/3, 4.5/4.5 TPI, 20 EPI, YF",Y,FABR,FABR,FABR,N,FABR, ,QZ20YF,126383
2341,QZ20YF,FABRIC,POLYESTER - HMLS AA,"HMLS POLYESTER, 1440/1/3, 4.5/4.5 TPI, 20 EPI, YF",Y,FABR,FABR,FABR,N,FABR, ,QZ20YF,131287
2341,QZ20YF,FABRIC,POLYESTER - HMLS AA,"HMLS POLYESTER, 1440/1/3, 4.5/4.5 TPI, 20 EPI, YF",Y,FABR,FABR,FABR,N,FABR, ,QZ20YF,20024
2343,ANY3YA,FABRIC,ARAMID,"ARAMID, 1670/2, 8.9x8.9 TPI, 20.3 EPI, YA",Y,FABR,FABR,ARAMID,,ARAMID,,ANY3YA,56782
2343,ANY3YA,FABRIC,ARAMID,"ARAMID, 1670/2, 8.9x8.9 TPI, 20.3 EPI, YA",Y,FABR,FABR,ARAMID,,ARAMID,,ANY3YA,73665
2343,ANY3YA,FABRIC,ARAMID,"ARAMID, 1670/2, 8.9x8.9 TPI, 20.3 EPI, YA",Y,FABR,FABR,ARAMID,,ARAMID,,ANY3YA,72572
2343,ANY3YA,FABRIC,ARAMID,"ARAMID, 1670/2, 8.9x8.9 TPI, 20.3 EPI, YA",Y,FABR,FABR,ARAMID,,ARAMID,,ANY3YA,57065
2343,ANY3YA,FABRIC,ARAMID,"ARAMID, 1670/2, 8.9x8.9 TPI, 20.3 EPI, YA",Y,FABR,FABR,ARAMID,,ARAMID,,ANY3YA,56841
2343,ANY3YA,FABRIC,ARAMID,"ARAMID, 1670/2, 8.9x8.9 TPI, 20.3 EPI, YA",Y,FABR,FABR,ARAMID,,ARAMID,,ANY3YA,117390
2343,ANY3YA,FABRIC,ARAMID,"ARAMID, 1670/2, 8.9x8.9 TPI, 20.3 EPI, YA",Y,FABR,FABR,ARAMID,,ARAMID,,ANY3YA,73960
2343,ANY3YA,FABRIC,ARAMID,"ARAMID, 1670/2, 8.9x8.9 TPI, 20.3 EPI, YA",Y,FABR,FABR,ARAMID,,ARAMID,,ANY3YA,14371
2343,ANY3YA,FABRIC,ARAMID,"ARAMID, 1670/2, 8.9x8.9 TPI, 20.3 EPI, YA",Y,FABR,FABR,ARAMID,,ARAMID,,ANY3YA,25062
2361,K31T,YARN,POLYESTER - HMLS,2200 Decitex HMLS Polyester,Y,,,,,,,K31T,6823
2361,K31T,YARN,POLYESTER - HMLS,2200 Decitex HMLS Polyester,Y,,,,,,,K31T,6824
2366,NF18,GREIGE,"NYLON 6,6","Nylon 6,6 1400/1/2 10x10 TPI 18EPI",N,FABR,FABR,FABR,N,FABR, ,NF18,15465
2366,NF18,GREIGE,"NYLON 6,6","Nylon 6,6 1400/1/2 10x10 TPI 18EPI",N,FABR,FABR,FABR,N,FABR, ,NF18,15471
2367,NC30,GREIGE,"NYLON 6,6","Nylon 6,6 1400/1/2 10x10 TPI 30EPI",N,FABR,FABR,FABR,N,FABR, ,NC30,15475
2368,NF30,GREIGE,"NYLON 6,6","Nylon 6,6 1400/1/2 10x10 TPI 30EPI",N,FABR,FABR,FABR,N,FABR, ,NF30,15473
2368,NF30,GREIGE,"NYLON 6,6","Nylon 6,6 1400/1/2 10x10 TPI 30EPI",N,FABR,FABR,FABR,N,FABR, ,NF30,15467
2369,ZB14SA,FABRIC,CARBON FIBER,Carbon Fiber 8000/1 0x1.5 TPI 14 EPI SA,Y,FABR,FABR,CARBON FIBER,,CARBON FIBER,,ZB14SA,29866
2369,ZB14SA,FABRIC,CARBON FIBER,Carbon Fiber 8000/1 0x1.5 TPI 14 EPI SA,Y,FABR,FABR,CARBON FIBER,,CARBON FIBER,,ZB14SA,44872
2369,ZB14SA,FABRIC,CARBON FIBER,Carbon Fiber 8000/1 0x1.5 TPI 14 EPI SA,Y,FABR,FABR,CARBON FIBER,,CARBON FIBER,,ZB14SA,44828
2369,ZB14SA,FABRIC,CARBON FIBER,Carbon Fiber 8000/1 0x1.5 TPI 14 EPI SA,Y,FABR,FABR,CARBON FIBER,,CARBON FIBER,,ZB14SA,14147
2369,ZB14SA,FABRIC,CARBON FIBER,Carbon Fiber 8000/1 0x1.5 TPI 14 EPI SA,Y,FABR,FABR,CARBON FIBER,,CARBON FIBER,,ZB14SA,44829
2369,ZB14SA,FABRIC,CARBON FIBER,Carbon Fiber 8000/1 0x1.5 TPI 14 EPI SA,Y,FABR,FABR,CARBON FIBER,,CARBON FIBER,,ZB14SA,44871
2401,RY28SH,FABRIC,RAYON,"Rayon 1840/1/2 10.4/10.4tpi, 28 EPI, SH",N,FABR,FABR,FABR,N,FABR, ,RY28SH,15386
2402,RY28SB,FABRIC,RAYON,"1840/2, 10.4 x 10.4 TPI, 28 EPI, SB",N,FABR,FABR,FABR,N,FABR, ,RY28SB,2276
2421,TM26HF,FABRIC,POLYESTER - HMLS,HMLS POLYESTER 2200/1/2 8.5X8.5 TPI 26EPI HF,N,FABR,FABR,FABR,N,FABR, ,TM26HF,50379
2421,TM26HF,FABRIC,POLYESTER - HMLS,HMLS POLYESTER 2200/1/2 8.5X8.5 TPI 26EPI HF,N,FABR,FABR,FABR,N,FABR, ,TM26HF,50378
2421,TM26HF,FABRIC,POLYESTER - HMLS,HMLS POLYESTER 2200/1/2 8.5X8.5 TPI 26EPI HF,N,FABR,FABR,FABR,N,FABR, ,TM26HF,50380
2421,TM26HF,FABRIC,POLYESTER - HMLS,HMLS POLYESTER 2200/1/2 8.5X8.5 TPI 26EPI HF,N,FABR,FABR,FABR,N,FABR, ,TM26HF,27122
2421,TM26HF,FABRIC,POLYESTER - HMLS,HMLS POLYESTER 2200/1/2 8.5X8.5 TPI 26EPI HF,N,FABR,FABR,FABR,N,FABR, ,TM26HF,50649
2421,TM26HF,FABRIC,POLYESTER - HMLS,HMLS POLYESTER 2200/1/2 8.5X8.5 TPI 26EPI HF,N,FABR,FABR,FABR,N,FABR, ,TM26HF,29915
2421,TM26HF,FABRIC,POLYESTER - HMLS,HMLS POLYESTER 2200/1/2 8.5X8.5 TPI 26EPI HF,N,FABR,FABR,FABR,N,FABR, ,TM26HF,25059
2421,TM26HF,FABRIC,POLYESTER - HMLS,HMLS POLYESTER 2200/1/2 8.5X8.5 TPI 26EPI HF,N,FABR,FABR,FABR,N,FABR, ,TM26HF,13997
2461,Z08J,YARN,"NYLON 6,6","2100 DECITEX (1890 denier)NYLON 6,6
",Y,FABR,FABR,FABR,N,FABR, ,Z08J,59143
2501,QJ28RA,FABRIC,POLYESTER - HMLS AA,AA HMLS POLYESTER 1100/1/2 11.5 X 11.5 TPI 28EPI RA,N,FABR,FABR,FABR,N,FABR, ,QJ28RA,4961
2521,UK,WIRE,STEEL CORD,2+2x.35 ST,Y,WIRE,WIRE,BELT,N,BELT, ,UK,18039
2521,UK,WIRE,STEEL CORD,2+2x.35 ST,Y,WIRE,WIRE,BELT,N,BELT, ,UK,13921
2521,UK,WIRE,STEEL CORD,2+2x.35 ST,Y,WIRE,WIRE,BELT,N,BELT, ,UK,15292
2521,UK,WIRE,STEEL CORD,2+2x.35 ST,Y,WIRE,WIRE,BELT,N,BELT, ,UK,18037
2521,UK,WIRE,STEEL CORD,2+2x.35 ST,Y,WIRE,WIRE,BELT,N,BELT, ,UK,15626
2521,UK,WIRE,STEEL CORD,2+2x.35 ST,Y,WIRE,WIRE,BELT,N,BELT, ,UK,20411
2521,UK,WIRE,STEEL CORD,2+2x.35 ST,Y,WIRE,WIRE,BELT,N,BELT, ,UK,11842
2521,UK,WIRE,STEEL CORD,2+2x.35 ST,Y,WIRE,WIRE,BELT,N,BELT, ,UK,12121
2521,UK,WIRE,STEEL CORD,2+2x.35 ST,Y,WIRE,WIRE,BELT,N,BELT, ,UK,12504
2521,UK,WIRE,STEEL CORD,2+2x.35 ST,Y,WIRE,WIRE,BELT,N,BELT, ,UK,143711
2521,UK,WIRE,STEEL CORD,2+2x.35 ST,Y,WIRE,WIRE,BELT,N,BELT, ,UK,143460
2521,UK,WIRE,STEEL CORD,2+2x.35 ST,Y,WIRE,WIRE,BELT,N,BELT, ,UK,138848
2521,UK,WIRE,STEEL CORD,2+2x.35 ST,Y,WIRE,WIRE,BELT,N,BELT, ,UK,138850
2521,UK,WIRE,STEEL CORD,2+2x.35 ST,Y,WIRE,WIRE,BELT,N,BELT, ,UK,138851
2521,UK,WIRE,STEEL CORD,2+2x.35 ST,Y,WIRE,WIRE,BELT,N,BELT, ,UK,143302
2521,UK,WIRE,STEEL CORD,2+2x.35 ST,Y,WIRE,WIRE,BELT,N,BELT, ,UK,141801
2521,UK,WIRE,STEEL CORD,2+2x.35 ST,Y,WIRE,WIRE,BELT,N,BELT, ,UK,143420
2521,UK,WIRE,STEEL CORD,2+2x.35 ST,Y,WIRE,WIRE,BELT,N,BELT, ,UK,143421
2521,UK,WIRE,STEEL CORD,2+2x.35 ST,Y,WIRE,WIRE,BELT,N,BELT, ,UK,143329
2521,UK,WIRE,STEEL CORD,2+2x.35 ST,Y,WIRE,WIRE,BELT,N,BELT, ,UK,139105
2521,UK,WIRE,STEEL CORD,2+2x.35 ST,Y,WIRE,WIRE,BELT,N,BELT, ,UK,132283
2521,UK,WIRE,STEEL CORD,2+2x.35 ST,Y,WIRE,WIRE,BELT,N,BELT, ,UK,106937
2521,UK,WIRE,STEEL CORD,2+2x.35 ST,Y,WIRE,WIRE,BELT,N,BELT, ,UK,89248
2521,UK,WIRE,STEEL CORD,2+2x.35 ST,Y,WIRE,WIRE,BELT,N,BELT, ,UK,126262
2521,UK,WIRE,STEEL CORD,2+2x.35 ST,Y,WIRE,WIRE,BELT,N,BELT, ,UK,88362
2521,UK,WIRE,STEEL CORD,2+2x.35 ST,Y,WIRE,WIRE,BELT,N,BELT, ,UK,104931
2521,UK,WIRE,STEEL CORD,2+2x.35 ST,Y,WIRE,WIRE,BELT,N,BELT, ,UK,132216
2521,UK,WIRE,STEEL CORD,2+2x.35 ST,Y,WIRE,WIRE,BELT,N,BELT, ,UK,115471
2521,UK,WIRE,STEEL CORD,2+2x.35 ST,Y,WIRE,WIRE,BELT,N,BELT, ,UK,123431
2521,UK,WIRE,STEEL CORD,2+2x.35 ST,Y,WIRE,WIRE,BELT,N,BELT, ,UK,93795
2521,UK,WIRE,STEEL CORD,2+2x.35 ST,Y,WIRE,WIRE,BELT,N,BELT, ,UK,44464
2521,UK,WIRE,STEEL CORD,2+2x.35 ST,Y,WIRE,WIRE,BELT,N,BELT, ,UK,64954
2521,UK,WIRE,STEEL CORD,2+2x.35 ST,Y,WIRE,WIRE,BELT,N,BELT, ,UK,50804
2521,UK,WIRE,STEEL CORD,2+2x.35 ST,Y,WIRE,WIRE,BELT,N,BELT, ,UK,31944
2521,UK,WIRE,STEEL CORD,2+2x.35 ST,Y,WIRE,WIRE,BELT,N,BELT, ,UK,40243
2521,UK,WIRE,STEEL CORD,2+2x.35 ST,Y,WIRE,WIRE,BELT,N,BELT, ,UK,33251
2521,UK,WIRE,STEEL CORD,2+2x.35 ST,Y,WIRE,WIRE,BELT,N,BELT, ,UK,59717
2521,UK,WIRE,STEEL CORD,2+2x.35 ST,Y,WIRE,WIRE,BELT,N,BELT, ,UK,40147
2521,UK,WIRE,STEEL CORD,2+2x.35 ST,Y,WIRE,WIRE,BELT,N,BELT, ,UK,40001
2521,UK,WIRE,STEEL CORD,2+2x.35 ST,Y,WIRE,WIRE,BELT,N,BELT, ,UK,24594
2521,UK,WIRE,STEEL CORD,2+2x.35 ST,Y,WIRE,WIRE,BELT,N,BELT, ,UK,23867
2521,UK,WIRE,STEEL CORD,2+2x.35 ST,Y,WIRE,WIRE,BELT,N,BELT, ,UK,20416
2521,UK,WIRE,STEEL CORD,2+2x.35 ST,Y,WIRE,WIRE,BELT,N,BELT, ,UK,20414
2522,WM,WIRE,STEEL CORD,7X19X20+1X15HT,N,WIRE,WIRE,BELT,N,BELT, ,WM,13966
2522,WM,WIRE,STEEL CORD,7X19X20+1X15HT,N,WIRE,WIRE,BELT,N,BELT, ,WM,13219
2541,KARENTEST1,,,test spec,N,,,,,,,KARENTEST1,531
2682,QV28PF,FABRIC,POLYESTER - HMLS AA,AA HMLS POLYESTER 1670/1/2 8.5x8.5 TPI 28EPI PF,N,FABR,FABR,FABR,N,FABR, ,QV28PF,4969
2841,FM,WIRE,STEEL CORD,3x.22/9x.20+1 ST,N,WIRE,WIRE,PLY,,PLY,,FM,5221
2901,N4,CONVERTED FABRIC,"NYLON 6,6","Nominal 235/470 dtex  Nylon 6,6 bead tape",N,FABR,FABRSQW,FABR,N,FABR, ,N4,13509
2921,AN20.3YA,FABRIC,ARAMID,tba,N,FABR,FABR,ARAMID,,ARAMID,,AN20.3YA,7721
3282,LH26JA,FABRIC,NYLON 6,NYLON 6  1400/1/3 8 X 8 TPI 26EPI JA,Y,FABR,FABR,NYLON 6,,NYLON 6,,LH26JA,24602
3284,TV28HA,FABRIC,POLYESTER - HMLS,"HMLS POLYESTER 1670/1/2 8.5X8.5TPI, 28EPI HA",N,FABR,FABR,FABR,N,FABR, ,TV28HA,16273
3301,NC16UA,FABRIC,"NYLON 6,6","NYLON 6,6 940/1/2 12x12 TPI 16 EPI UA",Y,FABR,FABR,FABR,N,FABR, ,NC16UA,19321
3361,FQ,WIRE,STEEL CORD,3+2x.35 UT,Y,WIRE,WIRE,BELT,,BELT,,FQ,142685
3361,FQ,WIRE,STEEL CORD,3+2x.35 UT,Y,WIRE,WIRE,BELT,,BELT,,FQ,142217
3361,FQ,WIRE,STEEL CORD,3+2x.35 UT,Y,WIRE,WIRE,BELT,,BELT,,FQ,9441
3361,FQ,WIRE,STEEL CORD,3+2x.35 UT,Y,WIRE,WIRE,BELT,,BELT,,FQ,9442
3361,FQ,WIRE,STEEL CORD,3+2x.35 UT,Y,WIRE,WIRE,BELT,,BELT,,FQ,9443
3361,FQ,WIRE,STEEL CORD,3+2x.35 UT,Y,WIRE,WIRE,BELT,,BELT,,FQ,11328
3361,FQ,WIRE,STEEL CORD,3+2x.35 UT,Y,WIRE,WIRE,BELT,,BELT,,FQ,10243
3361,FQ,WIRE,STEEL CORD,3+2x.35 UT,Y,WIRE,WIRE,BELT,,BELT,,FQ,13958
3361,FQ,WIRE,STEEL CORD,3+2x.35 UT,Y,WIRE,WIRE,BELT,,BELT,,FQ,12641
3361,FQ,WIRE,STEEL CORD,3+2x.35 UT,Y,WIRE,WIRE,BELT,,BELT,,FQ,13031
3361,FQ,WIRE,STEEL CORD,3+2x.35 UT,Y,WIRE,WIRE,BELT,,BELT,,FQ,13057
3361,FQ,WIRE,STEEL CORD,3+2x.35 UT,Y,WIRE,WIRE,BELT,,BELT,,FQ,13226
3361,FQ,WIRE,STEEL CORD,3+2x.35 UT,Y,WIRE,WIRE,BELT,,BELT,,FQ,13747
3361,FQ,WIRE,STEEL CORD,3+2x.35 UT,Y,WIRE,WIRE,BELT,,BELT,,FQ,13770
3361,FQ,WIRE,STEEL CORD,3+2x.35 UT,Y,WIRE,WIRE,BELT,,BELT,,FQ,14111
3361,FQ,WIRE,STEEL CORD,3+2x.35 UT,Y,WIRE,WIRE,BELT,,BELT,,FQ,13957
3361,FQ,WIRE,STEEL CORD,3+2x.35 UT,Y,WIRE,WIRE,BELT,,BELT,,FQ,14208
3361,FQ,WIRE,STEEL CORD,3+2x.35 UT,Y,WIRE,WIRE,BELT,,BELT,,FQ,15303
3361,FQ,WIRE,STEEL CORD,3+2x.35 UT,Y,WIRE,WIRE,BELT,,BELT,,FQ,15630
3361,FQ,WIRE,STEEL CORD,3+2x.35 UT,Y,WIRE,WIRE,BELT,,BELT,,FQ,21416
3361,FQ,WIRE,STEEL CORD,3+2x.35 UT,Y,WIRE,WIRE,BELT,,BELT,,FQ,18545
3361,FQ,WIRE,STEEL CORD,3+2x.35 UT,Y,WIRE,WIRE,BELT,,BELT,,FQ,18354
3361,FQ,WIRE,STEEL CORD,3+2x.35 UT,Y,WIRE,WIRE,BELT,,BELT,,FQ,20402
3361,FQ,WIRE,STEEL CORD,3+2x.35 UT,Y,WIRE,WIRE,BELT,,BELT,,FQ,20403
3361,FQ,WIRE,STEEL CORD,3+2x.35 UT,Y,WIRE,WIRE,BELT,,BELT,,FQ,23647
3361,FQ,WIRE,STEEL CORD,3+2x.35 UT,Y,WIRE,WIRE,BELT,,BELT,,FQ,20401
3361,FQ,WIRE,STEEL CORD,3+2x.35 UT,Y,WIRE,WIRE,BELT,,BELT,,FQ,49083
3361,FQ,WIRE,STEEL CORD,3+2x.35 UT,Y,WIRE,WIRE,BELT,,BELT,,FQ,42752
3361,FQ,WIRE,STEEL CORD,3+2x.35 UT,Y,WIRE,WIRE,BELT,,BELT,,FQ,51324
3361,FQ,WIRE,STEEL CORD,3+2x.35 UT,Y,WIRE,WIRE,BELT,,BELT,,FQ,114907
3361,FQ,WIRE,STEEL CORD,3+2x.35 UT,Y,WIRE,WIRE,BELT,,BELT,,FQ,128379
3361,FQ,WIRE,STEEL CORD,3+2x.35 UT,Y,WIRE,WIRE,BELT,,BELT,,FQ,127802
3361,FQ,WIRE,STEEL CORD,3+2x.35 UT,Y,WIRE,WIRE,BELT,,BELT,,FQ,109029
3361,FQ,WIRE,STEEL CORD,3+2x.35 UT,Y,WIRE,WIRE,BELT,,BELT,,FQ,143927
3361,FQ,WIRE,STEEL CORD,3+2x.35 UT,Y,WIRE,WIRE,BELT,,BELT,,FQ,137790
3361,FQ,WIRE,STEEL CORD,3+2x.35 UT,Y,WIRE,WIRE,BELT,,BELT,,FQ,137792
3361,FQ,WIRE,STEEL CORD,3+2x.35 UT,Y,WIRE,WIRE,BELT,,BELT,,FQ,142469
3361,FQ,WIRE,STEEL CORD,3+2x.35 UT,Y,WIRE,WIRE,BELT,,BELT,,FQ,144340
3362,FR,WIRE,STEEL CORD,3x.21/9x.185 UT,Y,WIRE,WIRE,CARCASS,,CARCASS,,FR,142185
3362,FR,WIRE,STEEL CORD,3x.21/9x.185 UT,Y,WIRE,WIRE,CARCASS,,CARCASS,,FR,137982
3362,FR,WIRE,STEEL CORD,3x.21/9x.185 UT,Y,WIRE,WIRE,CARCASS,,CARCASS,,FR,13538
3362,FR,WIRE,STEEL CORD,3x.21/9x.185 UT,Y,WIRE,WIRE,CARCASS,,CARCASS,,FR,81727
3362,FR,WIRE,STEEL CORD,3x.21/9x.185 UT,Y,WIRE,WIRE,CARCASS,,CARCASS,,FR,89249
3362,FR,WIRE,STEEL CORD,3x.21/9x.185 UT,Y,WIRE,WIRE,CARCASS,,CARCASS,,FR,88361
3362,FR,WIRE,STEEL CORD,3x.21/9x.185 UT,Y,WIRE,WIRE,CARCASS,,CARCASS,,FR,13922
3362,FR,WIRE,STEEL CORD,3x.21/9x.185 UT,Y,WIRE,WIRE,CARCASS,,CARCASS,,FR,13022
3362,FR,WIRE,STEEL CORD,3x.21/9x.185 UT,Y,WIRE,WIRE,CARCASS,,CARCASS,,FR,13023
3362,FR,WIRE,STEEL CORD,3x.21/9x.185 UT,Y,WIRE,WIRE,CARCASS,,CARCASS,,FR,13265
3362,FR,WIRE,STEEL CORD,3x.21/9x.185 UT,Y,WIRE,WIRE,CARCASS,,CARCASS,,FR,13258
3362,FR,WIRE,STEEL CORD,3x.21/9x.185 UT,Y,WIRE,WIRE,CARCASS,,CARCASS,,FR,14909
3362,FR,WIRE,STEEL CORD,3x.21/9x.185 UT,Y,WIRE,WIRE,CARCASS,,CARCASS,,FR,13960
3362,FR,WIRE,STEEL CORD,3x.21/9x.185 UT,Y,WIRE,WIRE,CARCASS,,CARCASS,,FR,14207
3362,FR,WIRE,STEEL CORD,3x.21/9x.185 UT,Y,WIRE,WIRE,CARCASS,,CARCASS,,FR,15464
3362,FR,WIRE,STEEL CORD,3x.21/9x.185 UT,Y,WIRE,WIRE,CARCASS,,CARCASS,,FR,15494
3362,FR,WIRE,STEEL CORD,3x.21/9x.185 UT,Y,WIRE,WIRE,CARCASS,,CARCASS,,FR,15490
3362,FR,WIRE,STEEL CORD,3x.21/9x.185 UT,Y,WIRE,WIRE,CARCASS,,CARCASS,,FR,23894
3362,FR,WIRE,STEEL CORD,3x.21/9x.185 UT,Y,WIRE,WIRE,CARCASS,,CARCASS,,FR,21414
3362,FR,WIRE,STEEL CORD,3x.21/9x.185 UT,Y,WIRE,WIRE,CARCASS,,CARCASS,,FR,51145
3362,FR,WIRE,STEEL CORD,3x.21/9x.185 UT,Y,WIRE,WIRE,CARCASS,,CARCASS,,FR,37063
3362,FR,WIRE,STEEL CORD,3x.21/9x.185 UT,Y,WIRE,WIRE,CARCASS,,CARCASS,,FR,35228
3362,FR,WIRE,STEEL CORD,3x.21/9x.185 UT,Y,WIRE,WIRE,CARCASS,,CARCASS,,FR,42451
3521,S04T,YARN,POLYESTER - HMLS,"1100 DECITEX (990 DENIER) HMLS POLYESTER
	",Y,FABR,FABR,FABR,N,FABR, ,S04T,31
3521,S04T,YARN,POLYESTER - HMLS,"1100 DECITEX (990 DENIER) HMLS POLYESTER
	",Y,FABR,FABR,FABR,N,FABR, ,S04T,32
3541,S06T,YARN,POLYESTER - HMLS,2200 DECITEX HMLS POLYESTER,Y,,,,,,,S06T,33
3541,S06T,YARN,POLYESTER - HMLS,2200 DECITEX HMLS POLYESTER,Y,,,,,,,S06T,80264
3542,S01Q,YARN,POLYESTER - HMLS AA,1100 DECITEX AA HMLS POLYESTER,Y,,,,,,,S01Q,605
3561,S02T,YARN,POLYESTER - HMLS,1670 DECITEX HMLS POLYESTER,Y,,,,,,,S02T,21
3681,F06Q,YARN,POLYESTER - HMLS AA,1100 DECITEX AA-HMLS POLYESTER,Y,,,,,,,F06Q,4041
3901,RN25SB,FABRIC,RAYON,"RAYON, 1840/1/3, 9.1x9.1 TPI, 25 EPI SB",Y,FABR,FABR,FABR,N,FABR, ,RN25SB,4681
4161,K32T,YARN,POLYESTER - HMLS,1440 Decitex (1300 Denier) HMLS PET Yarn - HSP-40 from Hyosung Ulsan,Y,,,,,,,K32T,3103
4261,NC01KA,Single End Dipped Cord,"NYLON 6,6","NC SED, QA LASE spec",N,FABR,SCORD,NYLON,,NYLON,,NC01KA,5122
4281,U02NA,CONVERTED FABRIC,"NYLON 6,6","470/1 DECITEX NYLON 6,6 WOVEN 24X24",Y,FABR,,,,,,U02NA,20757
4281,U02NA,CONVERTED FABRIC,"NYLON 6,6","470/1 DECITEX NYLON 6,6 WOVEN 24X24",Y,FABR,,,,,,U02NA,29448
4281,U02NA,CONVERTED FABRIC,"NYLON 6,6","470/1 DECITEX NYLON 6,6 WOVEN 24X24",Y,FABR,,,,,,U02NA,13076
4521,I47LN,CONVERTED FABRIC,NYLON 6,1100/1 DECITEX NYLON 6 WOVEN 14X14,Y,FABR,FABRSQW,NYLON 6,,NYLON 6,,I47LN,12421
4521,I47LN,CONVERTED FABRIC,NYLON 6,1100/1 DECITEX NYLON 6 WOVEN 14X14,Y,FABR,FABRSQW,NYLON 6,,NYLON 6,,I47LN,13295
4521,I47LN,CONVERTED FABRIC,NYLON 6,1100/1 DECITEX NYLON 6 WOVEN 14X14,Y,FABR,FABRSQW,NYLON 6,,NYLON 6,,I47LN,13294
4521,I47LN,CONVERTED FABRIC,NYLON 6,1100/1 DECITEX NYLON 6 WOVEN 14X14,Y,FABR,FABRSQW,NYLON 6,,NYLON 6,,I47LN,13296
4521,I47LN,CONVERTED FABRIC,NYLON 6,1100/1 DECITEX NYLON 6 WOVEN 14X14,Y,FABR,FABRSQW,NYLON 6,,NYLON 6,,I47LN,13297
4541,NC35,GREIGE,"NYLON 6,6","NYLON 6,6 940/2 12X12 TPI, 35 EPI",N,FABR,FABR,FABR,N,FABR, ,NC35,15469
4562,ANY3SH,FABRIC,ARAMID,ARAMID K952/080 - 1670x2dtex - 80epd - 350/350tpm ex Du Pont/Textilcord,Y,FABR,FABR,ARAMID,,ARAMID,,ANY3SH,13282
4562,ANY3SH,FABRIC,ARAMID,ARAMID K952/080 - 1670x2dtex - 80epd - 350/350tpm ex Du Pont/Textilcord,Y,FABR,FABR,ARAMID,,ARAMID,,ANY3SH,134936
4562,ANY3SH,FABRIC,ARAMID,ARAMID K952/080 - 1670x2dtex - 80epd - 350/350tpm ex Du Pont/Textilcord,Y,FABR,FABR,ARAMID,,ARAMID,,ANY3SH,133290
4562,ANY3SH,FABRIC,ARAMID,ARAMID K952/080 - 1670x2dtex - 80epd - 350/350tpm ex Du Pont/Textilcord,Y,FABR,FABR,ARAMID,,ARAMID,,ANY3SH,19320
4562,ANY3SH,FABRIC,ARAMID,ARAMID K952/080 - 1670x2dtex - 80epd - 350/350tpm ex Du Pont/Textilcord,Y,FABR,FABR,ARAMID,,ARAMID,,ANY3SH,18342
4562,ANY3SH,FABRIC,ARAMID,ARAMID K952/080 - 1670x2dtex - 80epd - 350/350tpm ex Du Pont/Textilcord,Y,FABR,FABR,ARAMID,,ARAMID,,ANY3SH,25085
4562,ANY3SH,FABRIC,ARAMID,ARAMID K952/080 - 1670x2dtex - 80epd - 350/350tpm ex Du Pont/Textilcord,Y,FABR,FABR,ARAMID,,ARAMID,,ANY3SH,19319
4701,FF,WIRE,STEEL CORD,3x3x.170 NT,Y,WIRE,WIRE,BELT,,BELT,,FF,13268
4741,B44LB,CONVERTED FABRIC,NYLON 6,nylon6 monofilament chafer,Y,FABR,FABRSQW,NYLON 6,,NYLON 6,,B44LB,10466
4841,Q10RY28SH/A,FABRIC,RAYON,"1840/2, 10.4 x 10.4 TPI, 28 EPI, SH",N,FABR,FABR,RAYON,,RAYON,,Q10RY28SH/A,2561
4861,AT30YR,FABRIC,ARAMID,"ARAMID, 1100/2, 16x16 TPI, EPI, YR",Y,FABR,FABR,ARAMID,,ARAMID,,AT30YR,21456
4861,AT30YR,FABRIC,ARAMID,"ARAMID, 1100/2, 16x16 TPI, EPI, YR",Y,FABR,FABR,ARAMID,,ARAMID,,AT30YR,140045
4861,AT30YR,FABRIC,ARAMID,"ARAMID, 1100/2, 16x16 TPI, EPI, YR",Y,FABR,FABR,ARAMID,,ARAMID,,AT30YR,37725
4861,AT30YR,FABRIC,ARAMID,"ARAMID, 1100/2, 16x16 TPI, EPI, YR",Y,FABR,FABR,ARAMID,,ARAMID,,AT30YR,28141
4861,AT30YR,FABRIC,ARAMID,"ARAMID, 1100/2, 16x16 TPI, EPI, YR",Y,FABR,FABR,ARAMID,,ARAMID,,AT30YR,125261
4861,AT30YR,FABRIC,ARAMID,"ARAMID, 1100/2, 16x16 TPI, EPI, YR",Y,FABR,FABR,ARAMID,,ARAMID,,AT30YR,128396
4861,AT30YR,FABRIC,ARAMID,"ARAMID, 1100/2, 16x16 TPI, EPI, YR",Y,FABR,FABR,ARAMID,,ARAMID,,AT30YR,143404
4881,S01QC28PF,FABRIC,POLYESTER - HMLS AA,AA HMLS POLYESTER 1100/1/2 12X12 TPI 28EPI PF,N,FABR,FABR,,,,,S01QC28PF,1202
4981,V05T,YARN,POLYESTER - HMLS,1440 DECITEX (1300 DENIER) NAA-HMLS POLYESTER,Y,FABR,FABR,FABR,N,FABR, ,V05T,4701
5021,L17A,YARN,ARAMID,"ARAMID 1100 dtex, type 1025 (super endurance)",Y,,,,,,,L17A,3081
5321,AW01SL,Single End Dipped Cord,ARAMID,"Aramid,1680/1/3",N,FABR,FABR,SINGLE END CORD,N,SINGLE END CORD, ,AW01SL,13833
5601,FS,WIRE,STEEL CORD,3x3x.170 NT HLLE,Y,WIRE,WIRE,BELT,,BELT,,FS,13669
5601,FS,WIRE,STEEL CORD,3x3x.170 NT HLLE,Y,WIRE,WIRE,BELT,,BELT,,FS,43232
5601,FS,WIRE,STEEL CORD,3x3x.170 NT HLLE,Y,WIRE,WIRE,BELT,,BELT,,FS,143756
5601,FS,WIRE,STEEL CORD,3x3x.170 NT HLLE,Y,WIRE,WIRE,BELT,,BELT,,FS,12984
5642,245JH,WIRE,BEAD WIRE,0.89MM BEAD WIRE - HIGH TENSILE,N,WIRE,WIRE,BEAD,,BEAD,,245JH,4403
5681,C17G,YARN,FIBERGLASS,Fiberglass 3300 Decitex,N,FABR,FABR,FABR,N,FABR, ,C17G,15361
5681,C17G,YARN,FIBERGLASS,Fiberglass 3300 Decitex,N,FABR,FABR,FABR,N,FABR, ,C17G,14755
5821,1.80 MM,WIRE,CABLE BEAD,CABLE BEAD WIRE,N,WIRE,WIRE,,,,,1.80 MM,13986
5821,1.80 MM,WIRE,CABLE BEAD,CABLE BEAD WIRE,N,WIRE,WIRE,,,,,1.80 MM,13968
5821,1.80 MM,WIRE,CABLE BEAD,CABLE BEAD WIRE,N,WIRE,WIRE,,,,,1.80 MM,13987
5823,2.20 MM,WIRE,CABLE BEAD,CABLE BEAD WIRE,N,WIRE,WIRE,,,,,2.20 MM,13988
5881,F301FN,WIRE,STEEL CORD,4+3x.35 UT,N,WIRE,WIRE,,,,,F301FN,5424
6021,AP30YR,FABRIC,ARAMID,"ARAMID, 1100/2, 9x9 TPI, 30 EPI, YR",Y,FABR,FABR,ARAMID,,ARAMID,,AP30YR,24061
6021,AP30YR,FABRIC,ARAMID,"ARAMID, 1100/2, 9x9 TPI, 30 EPI, YR",Y,FABR,FABR,ARAMID,,ARAMID,,AP30YR,126255
6021,AP30YR,FABRIC,ARAMID,"ARAMID, 1100/2, 9x9 TPI, 30 EPI, YR",Y,FABR,FABR,ARAMID,,ARAMID,,AP30YR,37727
6021,AP30YR,FABRIC,ARAMID,"ARAMID, 1100/2, 9x9 TPI, 30 EPI, YR",Y,FABR,FABR,ARAMID,,ARAMID,,AP30YR,28140
6103,NZI1SH,FABRIC,"NYLON 6,6","NYLON 6,6 940/2 12.2x12.2 TPI  26.1 EPI SH",N,FABR,FABR,FABR,N,FABR, ,NZI1SH,22558
6104,RXF7SG,FABRIC,RAYON,"Rayon 1840/2, 10.7x10.7 TPI, 27.7 EPI, SG",Y,FABR,FABR,FABR,N,FABR, ,RXF7SG,126463
6107,BS26SG,FABRIC,"NYLON 6,6","NYLON 6,6 1400/2 - 9.3x9.1 TPI, 26 EPI, SG",Y,FABR,FABR,FABR,N,FABR, ,BS26SG,140772
6161,U09TM26HF/B,FABRIC,POLYESTER - HMLS,HMLS POLYESTER 2200/1/2 8.5X8.5 TPI 26EPI HF,N,FABR,FABR,,,,,U09TM26HF/B,2622
6242,Z04TC28HF,FABRIC,POLYESTER - HMLS,HMLS POLYESTER  1100/1/2 12 X 12 TPI 28EPI HF,N,FABR,FABR,FABR,N,FABR,S,Z04TC28HF,10621
6261,RFFP,WIRE,STEEL CORD,1x.21/18x.185 UT,N,WIRE,WIRE,PLY,,PLY,,RFFP,10785
6321,246CH,WIRE,BEAD WIRE,1.83MM BEAD WIRE - HIGH TENSILE,N,WIRE,WIRE,BEAD,,BEAD,,246CH,13026
6521,S01N,YARN,"NYLON 6,6","940 DECITEX NYLON 6,6",Y,,,,,,,S01N,128575
6521,S01N,YARN,"NYLON 6,6","940 DECITEX NYLON 6,6",Y,,,,,,,S01N,11522
6561,P101FP,WIRE,STEEL CORD,1x.21/18x.185 UT,N,WIRE,WIRE,,,,,P101FP,7401
6621,AE20LR,Single End Dipped Cord,ARAMID,"ARAMID, 1670/3, 6.9x6.9 SED fabric 20epi",Y,FABR,FABR,ARAMID,,ARAMID,,AE20LR,143402
6621,AE20LR,Single End Dipped Cord,ARAMID,"ARAMID, 1670/3, 6.9x6.9 SED fabric 20epi",Y,FABR,FABR,ARAMID,,ARAMID,,AE20LR,9662
6621,AE20LR,Single End Dipped Cord,ARAMID,"ARAMID, 1670/3, 6.9x6.9 SED fabric 20epi",Y,FABR,FABR,ARAMID,,ARAMID,,AE20LR,15209
6621,AE20LR,Single End Dipped Cord,ARAMID,"ARAMID, 1670/3, 6.9x6.9 SED fabric 20epi",Y,FABR,FABR,ARAMID,,ARAMID,,AE20LR,15211
6621,AE20LR,Single End Dipped Cord,ARAMID,"ARAMID, 1670/3, 6.9x6.9 SED fabric 20epi",Y,FABR,FABR,ARAMID,,ARAMID,,AE20LR,28139
6621,AE20LR,Single End Dipped Cord,ARAMID,"ARAMID, 1670/3, 6.9x6.9 SED fabric 20epi",Y,FABR,FABR,ARAMID,,ARAMID,,AE20LR,125262
6621,AE20LR,Single End Dipped Cord,ARAMID,"ARAMID, 1670/3, 6.9x6.9 SED fabric 20epi",Y,FABR,FABR,ARAMID,,ARAMID,,AE20LR,15640
6621,AE20LR,Single End Dipped Cord,ARAMID,"ARAMID, 1670/3, 6.9x6.9 SED fabric 20epi",Y,FABR,FABR,ARAMID,,ARAMID,,AE20LR,21455
6621,AE20LR,Single End Dipped Cord,ARAMID,"ARAMID, 1670/3, 6.9x6.9 SED fabric 20epi",Y,FABR,FABR,ARAMID,,ARAMID,,AE20LR,42982
6621,AE20LR,Single End Dipped Cord,ARAMID,"ARAMID, 1670/3, 6.9x6.9 SED fabric 20epi",Y,FABR,FABR,ARAMID,,ARAMID,,AE20LR,50921
6621,AE20LR,Single End Dipped Cord,ARAMID,"ARAMID, 1670/3, 6.9x6.9 SED fabric 20epi",Y,FABR,FABR,ARAMID,,ARAMID,,AE20LR,43850
6701,CE01WA,Single End Dipped Cord,HYBRID,1000d aramid/1260d nylon merged cord (code CE),N,FABR,SCORD,FABR,N,FABR, ,CE01WA,5788
6702,NC01QA,Single End Dipped Cord,"NYLON 6,6",NCxxQA SED cord,N,FABR,SCORD,SINGLE END CORD,N,SINGLE END CORD, ,NC01QA,5961
6721,S04Q,YARN,POLYESTER - HMLS AA,1670 DECITEX AA-HMLS POLYESTER,Y,,,,,,,S04Q,606
6781,DFGFDG,FABRIC,RAYON,Dipped fabric,N,FABR,FABR,RAYON,,RAYON,,DFGFDG,14561
6841,Z102WP,WIRE,STEEL CORD,2+2X.25 NT,N,WIRE,WIRE,,,,,Z102WP,14266
6841,Z102WP,WIRE,STEEL CORD,2+2X.25 NT,N,WIRE,WIRE,,,,,Z102WP,14979
6881,TY26HF,FABRIC,POLYESTER - HMLS,"V00024: 1670/1/2 Non-AA HMLS PET, 10x10 tpi, 26 epi, HF - 4300C Adhesive System",N,FABR,FABR,FABR,N,FABR, ,TY26HF,15861
6881,TY26HF,FABRIC,POLYESTER - HMLS,"V00024: 1670/1/2 Non-AA HMLS PET, 10x10 tpi, 26 epi, HF - 4300C Adhesive System",N,FABR,FABR,FABR,N,FABR, ,TY26HF,7230
6881,TY26HF,FABRIC,POLYESTER - HMLS,"V00024: 1670/1/2 Non-AA HMLS PET, 10x10 tpi, 26 epi, HF - 4300C Adhesive System",N,FABR,FABR,FABR,N,FABR, ,TY26HF,14613
6981,145JH,WIRE,BEAD WIRE,0.89MM BEAD WIRE - HIGH TENSILE,N,WIRE,WIRE,BEAD,,BEAD,,145JH,13584
7141,TQ20HA,FABRIC,POLYESTER - HMLS,"V00026: 1440/1/3 Non-AA HMLS PET, 8.5x8.5 tpi, 20 epi, HA - 4300C Adhesive System",Y,FABR,FABR,POLYESTER-LO SHRINK/HI MODULUS,,POLYESTER-LO SHRINK/HI MODULUS,,TQ20HA,44831
7141,TQ20HA,FABRIC,POLYESTER - HMLS,"V00026: 1440/1/3 Non-AA HMLS PET, 8.5x8.5 tpi, 20 epi, HA - 4300C Adhesive System",Y,FABR,FABR,POLYESTER-LO SHRINK/HI MODULUS,,POLYESTER-LO SHRINK/HI MODULUS,,TQ20HA,15842
7141,TQ20HA,FABRIC,POLYESTER - HMLS,"V00026: 1440/1/3 Non-AA HMLS PET, 8.5x8.5 tpi, 20 epi, HA - 4300C Adhesive System",Y,FABR,FABR,POLYESTER-LO SHRINK/HI MODULUS,,POLYESTER-LO SHRINK/HI MODULUS,,TQ20HA,44874
7141,TQ20HA,FABRIC,POLYESTER - HMLS,"V00026: 1440/1/3 Non-AA HMLS PET, 8.5x8.5 tpi, 20 epi, HA - 4300C Adhesive System",Y,FABR,FABR,POLYESTER-LO SHRINK/HI MODULUS,,POLYESTER-LO SHRINK/HI MODULUS,,TQ20HA,141195
7141,TQ20HA,FABRIC,POLYESTER - HMLS,"V00026: 1440/1/3 Non-AA HMLS PET, 8.5x8.5 tpi, 20 epi, HA - 4300C Adhesive System",Y,FABR,FABR,POLYESTER-LO SHRINK/HI MODULUS,,POLYESTER-LO SHRINK/HI MODULUS,,TQ20HA,7233
7201,715G,YARN,FIBERGLASS,3300 Decitex Fiberglass,Y,,,,,,,715G,22237
7201,715G,YARN,FIBERGLASS,3300 Decitex Fiberglass,Y,,,,,,,715G,13825
7301,091JH,WIRE,BEAD WIRE,0.89MM BEAD WIRE - HIGH TENSILE,N,WIRE,WIRE,BEAD,,BEAD,,091JH,7901
7361,E09A,YARN,ARAMID,ARAMID 1670 dtex,Y,,,,,,,E09A,3421
7401,NF26TR,FABRIC,"NYLON 6,6","NF26TR Rev: 0 Nylon 6,6 1400/2 10x10 TPI 26 EPI TR",Y,FABR,FABR,NYLON 66,,NYLON 66,,NF26TR,29260
7401,NF26TR,FABRIC,"NYLON 6,6","NF26TR Rev: 0 Nylon 6,6 1400/2 10x10 TPI 26 EPI TR",Y,FABR,FABR,NYLON 66,,NYLON 66,,NF26TR,14990
7421,AD24YR,FABRIC,ARAMID,AD24YR Rev: 0 Aramid 1670/2 8.4x8.4 TPI 24 EPI YR,Y,FABR,FABR,ARAMID,,ARAMID,,AD24YR,13008
7421,AD24YR,FABRIC,ARAMID,AD24YR Rev: 0 Aramid 1670/2 8.4x8.4 TPI 24 EPI YR,Y,FABR,FABR,ARAMID,,ARAMID,,AD24YR,143400
7421,AD24YR,FABRIC,ARAMID,AD24YR Rev: 0 Aramid 1670/2 8.4x8.4 TPI 24 EPI YR,Y,FABR,FABR,ARAMID,,ARAMID,,AD24YR,138214
7421,AD24YR,FABRIC,ARAMID,AD24YR Rev: 0 Aramid 1670/2 8.4x8.4 TPI 24 EPI YR,Y,FABR,FABR,ARAMID,,ARAMID,,AD24YR,125260
7421,AD24YR,FABRIC,ARAMID,AD24YR Rev: 0 Aramid 1670/2 8.4x8.4 TPI 24 EPI YR,Y,FABR,FABR,ARAMID,,ARAMID,,AD24YR,28137
7421,AD24YR,FABRIC,ARAMID,AD24YR Rev: 0 Aramid 1670/2 8.4x8.4 TPI 24 EPI YR,Y,FABR,FABR,ARAMID,,ARAMID,,AD24YR,37726
7421,AD24YR,FABRIC,ARAMID,AD24YR Rev: 0 Aramid 1670/2 8.4x8.4 TPI 24 EPI YR,Y,FABR,FABR,ARAMID,,ARAMID,,AD24YR,21336
7501,AH01SO,Single End Dipped Cord,ARAMID,ARAMID SED CORD - 1100x2dtex - 550/550tpm ex Teijin Aramid/Teijin Aramid,N,FABR,SCORD,SINGLE END CORD,N,SINGLE END CORD, ,AH01SO,66723
7501,AH01SO,Single End Dipped Cord,ARAMID,ARAMID SED CORD - 1100x2dtex - 550/550tpm ex Teijin Aramid/Teijin Aramid,N,FABR,SCORD,SINGLE END CORD,N,SINGLE END CORD, ,AH01SO,62494
7781,TC22HA,FABRIC,POLYESTER - HMLS,"V00023:
1100/1/2 Non-AA HMLS PET, 12x12 tpi, 22, epi, HA - 4300C Adhesive System",Y,FABR,FABR,POLYESTER-LO SHRINK/HI MODULUS,,POLYESTER-LO SHRINK/HI MODULUS,,TC22HA,7225
7881,I16L,YARN,NYLON 6,1400 DECITEX NYLON 6,Y,,,,,,,I16L,1581
7941,TC24HF,FABRIC,POLYESTER - HMLS AA,HMLS POLYESTER 1100/1/2 11.5X11.5 TPI 24EPI VF,Y,FABR,FABR,POLYESTER-LO SHRINK/HI MODULUS,,POLYESTER-LO SHRINK/HI MODULUS,,TC24HF,14374
8121,AE01FA,Single End Dipped Cord,ARAMID,"1670/3 Aramid SED Cord, 6.9/6.9 twist,",Y,FABR,SCORD,ARAMID,,ARAMID,,AE01FA,12422
8121,AE01FA,Single End Dipped Cord,ARAMID,"1670/3 Aramid SED Cord, 6.9/6.9 twist,",Y,FABR,SCORD,ARAMID,,ARAMID,,AE01FA,16235
8121,AE01FA,Single End Dipped Cord,ARAMID,"1670/3 Aramid SED Cord, 6.9/6.9 twist,",Y,FABR,SCORD,ARAMID,,ARAMID,,AE01FA,27992
8121,AE01FA,Single End Dipped Cord,ARAMID,"1670/3 Aramid SED Cord, 6.9/6.9 twist,",Y,FABR,SCORD,ARAMID,,ARAMID,,AE01FA,27991
8621,Q09R,YARN,RAYON,Rayon 1220 dtex,Y,,,,,,,Q09R,3464
8721,K34P,YARN,POLYESTER - HMULS,2200dtex non-AA HMULS Polyester,Y,,,,,,,K34P,20759
8821,U05L,YARN,NYLON 6,2100dtex nylon6 yarn (see SIS for complete spec),Y,,,,,,,U05L,7223
9101,AB18YF,FABRIC,ARAMID,ARAMID 1670/1/2 12X12 TPI 18EPI NA (ARAMID UTICA PROCESS),N,FABR,FABR,FABR,N,FABR, ,AB18YF,14165
9121,L01ANY3YA,FABRIC,ARAMID,"ARAMID, 1670/2, 8.9x8.9 TPI, 20.3 EPI, YA",N,FABR,FABR,FABR,N,FABR, ,L01ANY3YA,2401
9201,C101UN,WIRE,STEEL CORD,3+9+15X.22+1X.15 NT,N,WIRE,WIRE,WIRE,N,WIRE, ,C101UN,13952
9324,TQ26HF,FABRIC,POLYESTER - HMLS,AA-HMLS POLYESTER 1440/1/3 8.5X8.5 TPI 26EPI VF,N,FABR,FABR,FABR,N,FABR, ,TQ26HF,15334
9342,S02N,YARN,"NYLON 6,6","1400 DECITEX NYLON 6,6",Y,,,,,,,S02N,15159
9343,S03N,YARN,"NYLON 6,6","2100 DECITEX NYLON 6,6",Y,,,,,,,S03N,13006
9541,RQ24SE,FABRIC,RAYON,Rayon 2440/1/2 9.9x9.9 24EPI SE,Y,FABR,FABR,FABR,N,FABR, ,RQ24SE,14238
9541,RQ24SE,FABRIC,RAYON,Rayon 2440/1/2 9.9x9.9 24EPI SE,Y,FABR,FABR,FABR,N,FABR, ,RQ24SE,126462
9541,RQ24SE,FABRIC,RAYON,Rayon 2440/1/2 9.9x9.9 24EPI SE,Y,FABR,FABR,FABR,N,FABR, ,RQ24SE,19395
9841,BH01FQ,WIRE,STEEL CORD,3+2x.35 UT,N,WIRE,WIRE,BELT,N,BELT, ,BH01FQ,16483
9881,RY28SC,FABRIC,RAYON,RY28,N,FABR,FABR,FABR,N,FABR, ,RY28SC,4186
10001,TV27HP,FABRIC,POLYESTER - HMLS,"1670/1/2 HMLS PET, 8.5x8.5 tpi, 27 epi, HP",Y,,,,,,,TV27HP,60591
10001,TV27HP,FABRIC,POLYESTER - HMLS,"1670/1/2 HMLS PET, 8.5x8.5 tpi, 27 epi, HP",Y,,,,,,,TV27HP,58182
10001,TV27HP,FABRIC,POLYESTER - HMLS,"1670/1/2 HMLS PET, 8.5x8.5 tpi, 27 epi, HP",Y,,,,,,,TV27HP,30800
10001,TV27HP,FABRIC,POLYESTER - HMLS,"1670/1/2 HMLS PET, 8.5x8.5 tpi, 27 epi, HP",Y,,,,,,,TV27HP,61713
10001,TV27HP,FABRIC,POLYESTER - HMLS,"1670/1/2 HMLS PET, 8.5x8.5 tpi, 27 epi, HP",Y,,,,,,,TV27HP,17392
10001,TV27HP,FABRIC,POLYESTER - HMLS,"1670/1/2 HMLS PET, 8.5x8.5 tpi, 27 epi, HP",Y,,,,,,,TV27HP,23388
10001,TV27HP,FABRIC,POLYESTER - HMLS,"1670/1/2 HMLS PET, 8.5x8.5 tpi, 27 epi, HP",Y,,,,,,,TV27HP,28432
10001,TV27HP,FABRIC,POLYESTER - HMLS,"1670/1/2 HMLS PET, 8.5x8.5 tpi, 27 epi, HP",Y,,,,,,,TV27HP,19987
10002,TH27HA,FABRIC,POLYESTER - HMLS,"1100/1/2 HMLS PET, 10x10 tpi, 27 epi, HA",Y,,,,,,,TH27HA,21073
10002,TH27HA,FABRIC,POLYESTER - HMLS,"1100/1/2 HMLS PET, 10x10 tpi, 27 epi, HA",Y,,,,,,,TH27HA,17399
10101,RW31SC,FABRIC,RAYON,"RAYON 1220/1/2, 12.3x12.3 TPI, 31 EPI, SC",Y,FABR,FABR,FABR,N,FABR, ,RW31SC,24725
10101,RW31SC,FABRIC,RAYON,"RAYON 1220/1/2, 12.3x12.3 TPI, 31 EPI, SC",Y,FABR,FABR,FABR,N,FABR, ,RW31SC,24466
10281,NZ26SH,FABRIC,"NYLON 6,6","NYLON 66, 940/1/2, 12.2x12.2 TPI, 26 EPI, SH",Y,FABR,FABR,FABR,N,FABR, ,NZ26SH,25067
10281,NZ26SH,FABRIC,"NYLON 6,6","NYLON 66, 940/1/2, 12.2x12.2 TPI, 26 EPI, SH",Y,FABR,FABR,FABR,N,FABR, ,NZ26SH,129256
10281,NZ26SH,FABRIC,"NYLON 6,6","NYLON 66, 940/1/2, 12.2x12.2 TPI, 26 EPI, SH",Y,FABR,FABR,FABR,N,FABR, ,NZ26SH,25084
10281,NZ26SH,FABRIC,"NYLON 6,6","NYLON 66, 940/1/2, 12.2x12.2 TPI, 26 EPI, SH",Y,FABR,FABR,FABR,N,FABR, ,NZ26SH,129254
10281,NZ26SH,FABRIC,"NYLON 6,6","NYLON 66, 940/1/2, 12.2x12.2 TPI, 26 EPI, SH",Y,FABR,FABR,FABR,N,FABR, ,NZ26SH,129255
10281,NZ26SH,FABRIC,"NYLON 6,6","NYLON 66, 940/1/2, 12.2x12.2 TPI, 26 EPI, SH",Y,FABR,FABR,FABR,N,FABR, ,NZ26SH,22585
10401,CG01FH,Single End Dipped Cord,HYBRID,equivalent to code HS0002,Y,FABR,FABR,SINGLE END CORD,N,SINGLE END CORD, ,CG01FH,60128
10401,CG01FH,Single End Dipped Cord,HYBRID,equivalent to code HS0002,Y,FABR,FABR,SINGLE END CORD,N,SINGLE END CORD, ,CG01FH,64120
10401,CG01FH,Single End Dipped Cord,HYBRID,equivalent to code HS0002,Y,FABR,FABR,SINGLE END CORD,N,SINGLE END CORD, ,CG01FH,14829
10401,CG01FH,Single End Dipped Cord,HYBRID,equivalent to code HS0002,Y,FABR,FABR,SINGLE END CORD,N,SINGLE END CORD, ,CG01FH,63273
10441,CH16WA,FABRIC,HYBRID,"Low Denier Hybrid:  670/1 Kevlar AP + 470/1 Nylon 66, 18.3Z + 10.3Z x 18.3S",Y,,,,,,,CH16WA,44662
10441,CH16WA,FABRIC,HYBRID,"Low Denier Hybrid:  670/1 Kevlar AP + 470/1 Nylon 66, 18.3Z + 10.3Z x 18.3S",Y,,,,,,,CH16WA,44816
10441,CH16WA,FABRIC,HYBRID,"Low Denier Hybrid:  670/1 Kevlar AP + 470/1 Nylon 66, 18.3Z + 10.3Z x 18.3S",Y,,,,,,,CH16WA,15177
10441,CH16WA,FABRIC,HYBRID,"Low Denier Hybrid:  670/1 Kevlar AP + 470/1 Nylon 66, 18.3Z + 10.3Z x 18.3S",Y,,,,,,,CH16WA,76004
10441,CH16WA,FABRIC,HYBRID,"Low Denier Hybrid:  670/1 Kevlar AP + 470/1 Nylon 66, 18.3Z + 10.3Z x 18.3S",Y,,,,,,,CH16WA,21297
10441,CH16WA,FABRIC,HYBRID,"Low Denier Hybrid:  670/1 Kevlar AP + 470/1 Nylon 66, 18.3Z + 10.3Z x 18.3S",Y,,,,,,,CH16WA,44815
10441,CH16WA,FABRIC,HYBRID,"Low Denier Hybrid:  670/1 Kevlar AP + 470/1 Nylon 66, 18.3Z + 10.3Z x 18.3S",Y,,,,,,,CH16WA,145832
10441,CH16WA,FABRIC,HYBRID,"Low Denier Hybrid:  670/1 Kevlar AP + 470/1 Nylon 66, 18.3Z + 10.3Z x 18.3S",Y,,,,,,,CH16WA,51611
10441,CH16WA,FABRIC,HYBRID,"Low Denier Hybrid:  670/1 Kevlar AP + 470/1 Nylon 66, 18.3Z + 10.3Z x 18.3S",Y,,,,,,,CH16WA,44817
10441,CH16WA,FABRIC,HYBRID,"Low Denier Hybrid:  670/1 Kevlar AP + 470/1 Nylon 66, 18.3Z + 10.3Z x 18.3S",Y,,,,,,,CH16WA,45110
10441,CH16WA,FABRIC,HYBRID,"Low Denier Hybrid:  670/1 Kevlar AP + 470/1 Nylon 66, 18.3Z + 10.3Z x 18.3S",Y,,,,,,,CH16WA,55052
10441,CH16WA,FABRIC,HYBRID,"Low Denier Hybrid:  670/1 Kevlar AP + 470/1 Nylon 66, 18.3Z + 10.3Z x 18.3S",Y,,,,,,,CH16WA,21291
10481,PM26HF,FABRIC,POLYESTER - HMULS,"NON-AA HMULS PET, 2200/1/2, 8.5x8.5 TPI, 26 EPI, HF",Y,FABR,FABR,FABR,N,FABR, ,PM26HF,22561
10481,PM26HF,FABRIC,POLYESTER - HMULS,"NON-AA HMULS PET, 2200/1/2, 8.5x8.5 TPI, 26 EPI, HF",Y,FABR,FABR,FABR,N,FABR, ,PM26HF,73937
10481,PM26HF,FABRIC,POLYESTER - HMULS,"NON-AA HMULS PET, 2200/1/2, 8.5x8.5 TPI, 26 EPI, HF",Y,FABR,FABR,FABR,N,FABR, ,PM26HF,27761
10481,PM26HF,FABRIC,POLYESTER - HMULS,"NON-AA HMULS PET, 2200/1/2, 8.5x8.5 TPI, 26 EPI, HF",Y,FABR,FABR,FABR,N,FABR, ,PM26HF,34418
10481,PM26HF,FABRIC,POLYESTER - HMULS,"NON-AA HMULS PET, 2200/1/2, 8.5x8.5 TPI, 26 EPI, HF",Y,FABR,FABR,FABR,N,FABR, ,PM26HF,60875
10521,RW31SL,FABRIC,RAYON,"RAYON, 1220/1/2, 12.3x12.3 TPI, 31 EPI, SL",N,FABR,FABR,FABR,N,FABR, ,RW31SL,22412
10521,RW31SL,FABRIC,RAYON,"RAYON, 1220/1/2, 12.3x12.3 TPI, 31 EPI, SL",N,FABR,FABR,FABR,N,FABR, ,RW31SL,22928
10521,RW31SL,FABRIC,RAYON,"RAYON, 1220/1/2, 12.3x12.3 TPI, 31 EPI, SL",N,FABR,FABR,FABR,N,FABR, ,RW31SL,22929
10561,NP23JR,FABRIC,"NYLON 6,6",To include NP23JR in SOS,Y,,,,,,,NP23JR,22340
10561,NP23JR,FABRIC,"NYLON 6,6",To include NP23JR in SOS,Y,,,,,,,NP23JR,24685
10561,NP23JR,FABRIC,"NYLON 6,6",To include NP23JR in SOS,Y,,,,,,,NP23JR,24687
10561,NP23JR,FABRIC,"NYLON 6,6",To include NP23JR in SOS,Y,,,,,,,NP23JR,22339
10561,NP23JR,FABRIC,"NYLON 6,6",To include NP23JR in SOS,Y,,,,,,,NP23JR,19988
10561,NP23JR,FABRIC,"NYLON 6,6",To include NP23JR in SOS,Y,,,,,,,NP23JR,28147
10581,LF25MA,FABRIC,NYLON 6,LF25MA with std. weft,Y,,,,,,,LF25MA,14847
10621,AE01FH,Single End Dipped Cord,ARAMID,SED AE,Y,,,,,,,AE01FH,44542
10621,AE01FH,Single End Dipped Cord,ARAMID,SED AE,Y,,,,,,,AE01FH,43004
10621,AE01FH,Single End Dipped Cord,ARAMID,SED AE,Y,,,,,,,AE01FH,15619
10621,AE01FH,Single End Dipped Cord,ARAMID,SED AE,Y,,,,,,,AE01FH,42992
10621,AE01FH,Single End Dipped Cord,ARAMID,SED AE,Y,,,,,,,AE01FH,43213
10661,RN26SH,FABRIC,RAYON,"	RAYON, 1840/3, 9.1x9.1 TPI, 26 EPI, SH",Y,FABR,FABR,FABR,N,FABR, ,RN26SH,25086
10701,NC27GF,FABRIC,"NYLON 6,6","NYLON 6,6, 940/2, 12/12 TPI, 27 EPI, GF",N,FABR,FABR,FABR,N,FABR, ,NC27GF,20062
10721,U06L,YARN,NYLON 6,1880dtex nylon6,Y,,,,,,,U06L,7222
10741,ID20SD,FABRIC,NYLON 6,"NYLON 6, 1880/2, 8.5x8.5 TPI, 20 EPI, SD",Y,FABR,FABR,FABR,N,FABR, ,ID20SD,10421
10764,K36T,YARN,POLYESTER - HMLS,1440 DECITEX (1296 DENIER) HMLS PET,Y,FABR,FABR,FABR,N,FABR, ,K36T,14694
10781,ID25SD,FABRIC,NYLON 6,"NYLON 6, 1880/2, 8.5x8.5 TPI, 25 EPI, SD",Y,FABR,FABR,FABR,N,FABR, ,ID25SD,111579
10801,U07LF26SD,FABRIC,NYLON 6,"NYLON 6, 1400/2, 10x10 TPI, 26 EPI, SD",N,FABR,FABR,FABR,N,FABR, ,U07LF26SD,10961
10802,U07LF29SD,FABRIC,NYLON 6,"NYLON 6, 1400/2, 10x10 TPI, 29 EPI, SD",N,FABR,FABR,FABR,N,FABR, ,U07LF29SD,13001
10803,U07LF23SD,FABRIC,NYLON 6,"NYLON 6, 1400/2, 10x10 TPI, 23 EPI, SD",N,FABR,FABR,FABR,N,FABR, ,U07LF23SD,12998
10821,LF20JA,FABRIC,NYLON 6,"NYLON 6, 1400/2, 10x10 TPI, EPI, JA",N,FABR,FABR,FABR,N,FABR, ,LF20JA,22979
10901,C101UY,WIRE,STEEL CORD,3X.365/9X.34 HT,N,WIRE,WIRE,BELT,N,BELT, ,C101UY,13953
10981,NP22GF,FABRIC,"NYLON 6,6","NYLON 66, 2100/2 dtex, 8x8 TPI, 22 EPI, GF",N,FABR,FABR,FABR,N,FABR, ,NP22GF,21759
11001,CJ24WA,FABRIC,HYBRID,"HYBRID, 1400/1 + 1100/1, (5.5S/4.7Z)/4.7S, 24EPI, WA",Y,FABR,FABR,FABR,N,FABR, ,CJ24WA,26224
11001,CJ24WA,FABRIC,HYBRID,"HYBRID, 1400/1 + 1100/1, (5.5S/4.7Z)/4.7S, 24EPI, WA",Y,FABR,FABR,FABR,N,FABR, ,CJ24WA,25060
11021,TC27HF,FABRIC,POLYESTER - HMLS,"HMLS POLYESTER, 1100/2, 12x12 TPI, 27 EPI, HF",Y,,,,,,,TC27HF,24942
11021,TC27HF,FABRIC,POLYESTER - HMLS,"HMLS POLYESTER, 1100/2, 12x12 TPI, 27 EPI, HF",Y,,,,,,,TC27HF,24300
11021,TC27HF,FABRIC,POLYESTER - HMLS,"HMLS POLYESTER, 1100/2, 12x12 TPI, 27 EPI, HF",Y,,,,,,,TC27HF,117036
11021,TC27HF,FABRIC,POLYESTER - HMLS,"HMLS POLYESTER, 1100/2, 12x12 TPI, 27 EPI, HF",Y,,,,,,,TC27HF,23764
11021,TC27HF,FABRIC,POLYESTER - HMLS,"HMLS POLYESTER, 1100/2, 12x12 TPI, 27 EPI, HF",Y,,,,,,,TC27HF,26048
11021,TC27HF,FABRIC,POLYESTER - HMLS,"HMLS POLYESTER, 1100/2, 12x12 TPI, 27 EPI, HF",Y,,,,,,,TC27HF,21075
11021,TC27HF,FABRIC,POLYESTER - HMLS,"HMLS POLYESTER, 1100/2, 12x12 TPI, 27 EPI, HF",Y,,,,,,,TC27HF,51898
11021,TC27HF,FABRIC,POLYESTER - HMLS,"HMLS POLYESTER, 1100/2, 12x12 TPI, 27 EPI, HF",Y,,,,,,,TC27HF,24004
11021,TC27HF,FABRIC,POLYESTER - HMLS,"HMLS POLYESTER, 1100/2, 12x12 TPI, 27 EPI, HF",Y,,,,,,,TC27HF,116811
11021,TC27HF,FABRIC,POLYESTER - HMLS,"HMLS POLYESTER, 1100/2, 12x12 TPI, 27 EPI, HF",Y,,,,,,,TC27HF,29511
11021,TC27HF,FABRIC,POLYESTER - HMLS,"HMLS POLYESTER, 1100/2, 12x12 TPI, 27 EPI, HF",Y,,,,,,,TC27HF,123352
11061,TV27HF,FABRIC,POLYESTER - HMLS,"1670/1/2 HMLS PET 8.5x8.5 tpi, 27 epi, HF",Y,,,,,,,TV27HF,24000
11061,TV27HF,FABRIC,POLYESTER - HMLS,"1670/1/2 HMLS PET 8.5x8.5 tpi, 27 epi, HF",Y,,,,,,,TV27HF,24298
11061,TV27HF,FABRIC,POLYESTER - HMLS,"1670/1/2 HMLS PET 8.5x8.5 tpi, 27 epi, HF",Y,,,,,,,TV27HF,24299
11061,TV27HF,FABRIC,POLYESTER - HMLS,"1670/1/2 HMLS PET 8.5x8.5 tpi, 27 epi, HF",Y,,,,,,,TV27HF,60588
11061,TV27HF,FABRIC,POLYESTER - HMLS,"1670/1/2 HMLS PET 8.5x8.5 tpi, 27 epi, HF",Y,,,,,,,TV27HF,34300
11061,TV27HF,FABRIC,POLYESTER - HMLS,"1670/1/2 HMLS PET 8.5x8.5 tpi, 27 epi, HF",Y,,,,,,,TV27HF,32800
11061,TV27HF,FABRIC,POLYESTER - HMLS,"1670/1/2 HMLS PET 8.5x8.5 tpi, 27 epi, HF",Y,,,,,,,TV27HF,23512
11061,TV27HF,FABRIC,POLYESTER - HMLS,"1670/1/2 HMLS PET 8.5x8.5 tpi, 27 epi, HF",Y,,,,,,,TV27HF,39293
11061,TV27HF,FABRIC,POLYESTER - HMLS,"1670/1/2 HMLS PET 8.5x8.5 tpi, 27 epi, HF",Y,,,,,,,TV27HF,65353
11061,TV27HF,FABRIC,POLYESTER - HMLS,"1670/1/2 HMLS PET 8.5x8.5 tpi, 27 epi, HF",Y,,,,,,,TV27HF,60586
11061,TV27HF,FABRIC,POLYESTER - HMLS,"1670/1/2 HMLS PET 8.5x8.5 tpi, 27 epi, HF",Y,,,,,,,TV27HF,52789
11061,TV27HF,FABRIC,POLYESTER - HMLS,"1670/1/2 HMLS PET 8.5x8.5 tpi, 27 epi, HF",Y,,,,,,,TV27HF,36881
11061,TV27HF,FABRIC,POLYESTER - HMLS,"1670/1/2 HMLS PET 8.5x8.5 tpi, 27 epi, HF",Y,,,,,,,TV27HF,113983
11081,RE18SC,FABRIC,RAYON,RE18SC ipo RE18BG for HTE. RE18SC is from Cordenka,N,FABR,FABR,FABR,N,FABR, ,RE18SC,20051
11101,QC32PF,FABRIC,POLYESTER - HMLS AA,"AA-HMLS POLYESTER, 1100/2, 12x12 TPI, 32 EPI, PF",Y,FABR,FABR,FABR,N,FABR, ,QC32PF,23999
11161,TC35HF,FABRIC,POLYESTER - HMLS,"NAA-HMLS PET, 1100/2, 12X12 TPI, 35 EPI, HF",N,FABR,FABR,FABR,N,FABR, ,TC35HF,20204
11161,TC35HF,FABRIC,POLYESTER - HMLS,"NAA-HMLS PET, 1100/2, 12X12 TPI, 35 EPI, HF",N,FABR,FABR,FABR,N,FABR, ,TC35HF,26983
11201,RE25SC,FABRIC,RAYON,RAYON  1840/1/3 12 X 10 TPI 25EPI SC,N,FABR,FABR,FABR,N,FABR, ,RE25SC,20050
11281,U14T,YARN,POLYESTER - HMLS,1100 DECITEX HMLS POLYESTER,Y,,,,,,,U14T,14541
11301,U08L,YARN,NYLON 6,940dtex nylon6 yarn (see SIS for complete spec),Y,,,,,,,U08L,7221
11421,M19G,YARN,FIBERGLASS,Fiberglass 3300 Decitex,Y,FABR,FABR,FABR,N,FABR, ,M19G,16373
11461,NT30QA,FABRIC,"NYLON 6,6 MONOFILAMENT","Nylon 66, 950/1 dtex, 0 TPI, 30 EPI, QA",Y,,,,,,,NT30QA,38301
11461,NT30QA,FABRIC,"NYLON 6,6 MONOFILAMENT","Nylon 66, 950/1 dtex, 0 TPI, 30 EPI, QA",Y,,,,,,,NT30QA,20772
11501,RN26SC,FABRIC,RAYON,"RAYON, 1840/3, 9.1x9.1 TPI, 26 EPI, SC",N,FABR,FABR,FABR,N,FABR, ,RN26SC,20055
11561,JN01DH,Single End Dipped Cord,"NYLON 6,6",JN01DH,Y,FABR,SCORD,SINGLE END CORD,N,SINGLE END CORD, ,JN01DH,25255
11561,JN01DH,Single End Dipped Cord,"NYLON 6,6",JN01DH,Y,FABR,SCORD,SINGLE END CORD,N,SINGLE END CORD, ,JN01DH,73398
11561,JN01DH,Single End Dipped Cord,"NYLON 6,6",JN01DH,Y,FABR,SCORD,SINGLE END CORD,N,SINGLE END CORD, ,JN01DH,66241
11561,JN01DH,Single End Dipped Cord,"NYLON 6,6",JN01DH,Y,FABR,SCORD,SINGLE END CORD,N,SINGLE END CORD, ,JN01DH,66239
11561,JN01DH,Single End Dipped Cord,"NYLON 6,6",JN01DH,Y,FABR,SCORD,SINGLE END CORD,N,SINGLE END CORD, ,JN01DH,66238
11561,JN01DH,Single End Dipped Cord,"NYLON 6,6",JN01DH,Y,FABR,SCORD,SINGLE END CORD,N,SINGLE END CORD, ,JN01DH,66240
11661,BA01WY,WIRE,STEEL CORD,2+2x.22 UT,N,WIRE,WIRE,WIRE,N,WIRE, ,BA01WY,22616
11681,WY,WIRE,STEEL CORD,2+2x.22UT,Y,WIRE,WIRE,WIRE,N,WIRE, ,WY,144358
11681,WY,WIRE,STEEL CORD,2+2x.22UT,Y,WIRE,WIRE,WIRE,N,WIRE, ,WY,144369
11681,WY,WIRE,STEEL CORD,2+2x.22UT,Y,WIRE,WIRE,WIRE,N,WIRE, ,WY,143571
11681,WY,WIRE,STEEL CORD,2+2x.22UT,Y,WIRE,WIRE,WIRE,N,WIRE, ,WY,143573
11681,WY,WIRE,STEEL CORD,2+2x.22UT,Y,WIRE,WIRE,WIRE,N,WIRE, ,WY,138914
11681,WY,WIRE,STEEL CORD,2+2x.22UT,Y,WIRE,WIRE,WIRE,N,WIRE, ,WY,141426
11681,WY,WIRE,STEEL CORD,2+2x.22UT,Y,WIRE,WIRE,WIRE,N,WIRE, ,WY,143472
11681,WY,WIRE,STEEL CORD,2+2x.22UT,Y,WIRE,WIRE,WIRE,N,WIRE, ,WY,132087
11681,WY,WIRE,STEEL CORD,2+2x.22UT,Y,WIRE,WIRE,WIRE,N,WIRE, ,WY,79236
11681,WY,WIRE,STEEL CORD,2+2x.22UT,Y,WIRE,WIRE,WIRE,N,WIRE, ,WY,89368
11681,WY,WIRE,STEEL CORD,2+2x.22UT,Y,WIRE,WIRE,WIRE,N,WIRE, ,WY,130981
11681,WY,WIRE,STEEL CORD,2+2x.22UT,Y,WIRE,WIRE,WIRE,N,WIRE, ,WY,111945
11681,WY,WIRE,STEEL CORD,2+2x.22UT,Y,WIRE,WIRE,WIRE,N,WIRE, ,WY,68393
11681,WY,WIRE,STEEL CORD,2+2x.22UT,Y,WIRE,WIRE,WIRE,N,WIRE, ,WY,130026
11681,WY,WIRE,STEEL CORD,2+2x.22UT,Y,WIRE,WIRE,WIRE,N,WIRE, ,WY,68603
11681,WY,WIRE,STEEL CORD,2+2x.22UT,Y,WIRE,WIRE,WIRE,N,WIRE, ,WY,129805
11681,WY,WIRE,STEEL CORD,2+2x.22UT,Y,WIRE,WIRE,WIRE,N,WIRE, ,WY,93551
11681,WY,WIRE,STEEL CORD,2+2x.22UT,Y,WIRE,WIRE,WIRE,N,WIRE, ,WY,108381
11681,WY,WIRE,STEEL CORD,2+2x.22UT,Y,WIRE,WIRE,WIRE,N,WIRE, ,WY,130421
11681,WY,WIRE,STEEL CORD,2+2x.22UT,Y,WIRE,WIRE,WIRE,N,WIRE, ,WY,106930
11681,WY,WIRE,STEEL CORD,2+2x.22UT,Y,WIRE,WIRE,WIRE,N,WIRE, ,WY,110856
11681,WY,WIRE,STEEL CORD,2+2x.22UT,Y,WIRE,WIRE,WIRE,N,WIRE, ,WY,76155
11681,WY,WIRE,STEEL CORD,2+2x.22UT,Y,WIRE,WIRE,WIRE,N,WIRE, ,WY,103672
11681,WY,WIRE,STEEL CORD,2+2x.22UT,Y,WIRE,WIRE,WIRE,N,WIRE, ,WY,131036
11681,WY,WIRE,STEEL CORD,2+2x.22UT,Y,WIRE,WIRE,WIRE,N,WIRE, ,WY,132212
11681,WY,WIRE,STEEL CORD,2+2x.22UT,Y,WIRE,WIRE,WIRE,N,WIRE, ,WY,139629
11681,WY,WIRE,STEEL CORD,2+2x.22UT,Y,WIRE,WIRE,WIRE,N,WIRE, ,WY,139628
11681,WY,WIRE,STEEL CORD,2+2x.22UT,Y,WIRE,WIRE,WIRE,N,WIRE, ,WY,144664
11681,WY,WIRE,STEEL CORD,2+2x.22UT,Y,WIRE,WIRE,WIRE,N,WIRE, ,WY,78182
11681,WY,WIRE,STEEL CORD,2+2x.22UT,Y,WIRE,WIRE,WIRE,N,WIRE, ,WY,144892
11681,WY,WIRE,STEEL CORD,2+2x.22UT,Y,WIRE,WIRE,WIRE,N,WIRE, ,WY,34937
11681,WY,WIRE,STEEL CORD,2+2x.22UT,Y,WIRE,WIRE,WIRE,N,WIRE, ,WY,62620
11681,WY,WIRE,STEEL CORD,2+2x.22UT,Y,WIRE,WIRE,WIRE,N,WIRE, ,WY,61771
11681,WY,WIRE,STEEL CORD,2+2x.22UT,Y,WIRE,WIRE,WIRE,N,WIRE, ,WY,50000
11681,WY,WIRE,STEEL CORD,2+2x.22UT,Y,WIRE,WIRE,WIRE,N,WIRE, ,WY,31400
11681,WY,WIRE,STEEL CORD,2+2x.22UT,Y,WIRE,WIRE,WIRE,N,WIRE, ,WY,33442
11681,WY,WIRE,STEEL CORD,2+2x.22UT,Y,WIRE,WIRE,WIRE,N,WIRE, ,WY,36879
11681,WY,WIRE,STEEL CORD,2+2x.22UT,Y,WIRE,WIRE,WIRE,N,WIRE, ,WY,79240
11681,WY,WIRE,STEEL CORD,2+2x.22UT,Y,WIRE,WIRE,WIRE,N,WIRE, ,WY,124173
11681,WY,WIRE,STEEL CORD,2+2x.22UT,Y,WIRE,WIRE,WIRE,N,WIRE, ,WY,111744
11681,WY,WIRE,STEEL CORD,2+2x.22UT,Y,WIRE,WIRE,WIRE,N,WIRE, ,WY,103673
11681,WY,WIRE,STEEL CORD,2+2x.22UT,Y,WIRE,WIRE,WIRE,N,WIRE, ,WY,69000
11681,WY,WIRE,STEEL CORD,2+2x.22UT,Y,WIRE,WIRE,WIRE,N,WIRE, ,WY,43346
11681,WY,WIRE,STEEL CORD,2+2x.22UT,Y,WIRE,WIRE,WIRE,N,WIRE, ,WY,137946
11721,150A,YARN,ARAMID,670 DTEX ARAMID,Y,FABR,FABR,FABR,N,FABR, ,150A,48954
11741,E10A,YARN,ARAMID,3300 DTEX ARAMID,Y,FABR,FABR,FABR,N,FABR, ,E10A,63710
11761,M14LP19JA,FABRIC,NYLON 6,NYLON 6 2100/1/2 8 X 8 TPI 19EPI JA,N,FABR,FABR,FABR,N,FABR, ,M14LP19JA,23339
11801,BC01EM,WIRE,STEEL CORD,4x2x.34 HE,N,WIRE,WIRE,BELT,N,BELT, ,BC01EM,25188
11901,Q201FB,WIRE,STEEL CORD,3X.20+7X.23 NT,N,WIRE,WIRE,PLY,N,PLY, ,Q201FB,16414
12081,S02TV27HF,FABRIC,POLYESTER - HMLS,"1670/1/2 HMLS PET 8.5x8.5 tpi, 27 epi, HF",N,FABR,FABR,FABR,N,FABR,S,S02TV27HF,30140
12101,BD01UK,WIRE,STEEL CORD,2+2x.35 ST,N,WIRE,WIRE,BELT,N,BELT, ,BD01UK,25296
12401,RD30SC,FABRIC,RAYON,This NM approval is for code RD30SC from Cordenka that will replace RD30AF from LISA,Y,,,,,,,RD30SC,20049
12721,RN25SH,FABRIC,RAYON,"Trial code from Hyosung (same yarn as in RN25SH - Q10R Glanzstoff Bohemia, Super II)",Y,,,,,,,RN25SH,31216
12823,STUMITE_FDC,FABRIC Dip Chemicals,SBR Latex,Cold fatty acid styrene-butadiene copolymer latex containing 40.5% solids and 23.5% bound styrene,N,CHEM,CHEM,LATEX SBR,N,LATEX SBR, ,STUMITE_FDC,39323
12861,028BH,WIRE,BEAD WIRE,1.295MM BEAD WIRE - HIGH TENSILE,Y,WIRE,WIRE,BEAD,N,BEAD, ,028BH,22313
12941,BC01UK,WIRE,STEEL CORD,2+2x.35 ST,N,WIRE,WIRE,BELT,N,BELT, ,BC01UK,34645
12981,RW31SH,FABRIC,RAYON,"RAYON, 1220/1/2 Dtex, 12.3/12.3 TPI, 31 EPI, SH",Y,FABR,FABR,FABR,N,FABR,S,RW31SH,21475
12981,RW31SH,FABRIC,RAYON,"RAYON, 1220/1/2 Dtex, 12.3/12.3 TPI, 31 EPI, SH",Y,FABR,FABR,FABR,N,FABR,S,RW31SH,136022
12981,RW31SH,FABRIC,RAYON,"RAYON, 1220/1/2 Dtex, 12.3/12.3 TPI, 31 EPI, SH",Y,FABR,FABR,FABR,N,FABR,S,RW31SH,136167
13001,F401UD,WIRE,STEEL CORD,3+3x.35 ST,N,WIRE,WIRE,BELT,N,BELT, ,F401UD,24646
13021,F501FR,WIRE,STEEL CORD,3x.21/9x.185 UT,N,WIRE,WIRE,CARCASS,N,CARCASS, ,F501FR,21415
13041,I42LN,CONVERTED FABRIC,NYLON 6,1100/1 DECITEX NYLON 6 WOVEN 14X14,N,FABR,FABRSQW,FABR,N,FABR, ,I42LN,36712
13081,247BH,WIRE,BEAD WIRE,1.295MM BEAD WIRE - HIGH TENSILE,N,WIRE,WIRE,BEAD,N,BEAD, ,247BH,42929
13081,247BH,WIRE,BEAD WIRE,1.295MM BEAD WIRE - HIGH TENSILE,N,WIRE,WIRE,BEAD,N,BEAD, ,247BH,33310
13081,247BH,WIRE,BEAD WIRE,1.295MM BEAD WIRE - HIGH TENSILE,N,WIRE,WIRE,BEAD,N,BEAD, ,247BH,50953
13101,F08TC27HA,FABRIC,POLYESTER - HMLS,HMLS POLYESTER  1100/1/2 12 X 12 TPI 27EPI HA,N,FABR,FABR,FABR,N,FABR, ,F08TC27HA,39617
13101,F08TC27HA,FABRIC,POLYESTER - HMLS,HMLS POLYESTER  1100/1/2 12 X 12 TPI 27EPI HA,N,FABR,FABR,FABR,N,FABR, ,F08TC27HA,36068
13121,PC,TEXTILE CORD,BLEEDER,14's/1 PET Staple Fiber,N,FABR,FABRSQW,CONVERTED FABRIC,N,CONVERTED FABRIC, ,PC,38837
13141,247DR,WIRE,BEAD WIRE,2.03 MM BEAD WIRE - REGULAR TENSILE,Y,WIRE,WIRE,BEAD,N,BEAD, ,247DR,31398
13181,247CH,WIRE,BEAD WIRE,1.83MM BEAD WIRE - HIGH TENSILE,N,WIRE,WIRE,BEAD,N,BEAD, ,247CH,66992
13181,247CH,WIRE,BEAD WIRE,1.83MM BEAD WIRE - HIGH TENSILE,N,WIRE,WIRE,BEAD,N,BEAD, ,247CH,31951
13201,131BH,WIRE,BEAD WIRE,1.295MM BEAD WIRE - HIGH TENSILE,N,WIRE,WIRE,BEAD,N,BEAD, ,131BH,37065
13221,131JH,WIRE,BEAD WIRE,0.89MM BEAD WIRE - HIGH TENSILE,N,WIRE,WIRE,BEAD,N,BEAD, ,131JH,37252
13361,NC22QA,FABRIC,"NYLON 6,6",940/2 Nylon,N,FABR,FABR,FABR,N,FABR, ,NC22QA,20770
13841,TV27CX,FABRIC,POLYESTER - HMLS,"1670/1/2 HMLS PET 8.5x8.5 tpi, 27 epi, CX",Y,FABR,FABR,FABR,N,FABR, ,TV27CX,144029
13841,TV27CX,FABRIC,POLYESTER - HMLS,"1670/1/2 HMLS PET 8.5x8.5 tpi, 27 epi, CX",Y,FABR,FABR,FABR,N,FABR, ,TV27CX,144145
13841,TV27CX,FABRIC,POLYESTER - HMLS,"1670/1/2 HMLS PET 8.5x8.5 tpi, 27 epi, CX",Y,FABR,FABR,FABR,N,FABR, ,TV27CX,144174
13841,TV27CX,FABRIC,POLYESTER - HMLS,"1670/1/2 HMLS PET 8.5x8.5 tpi, 27 epi, CX",Y,FABR,FABR,FABR,N,FABR, ,TV27CX,144977
13841,TV27CX,FABRIC,POLYESTER - HMLS,"1670/1/2 HMLS PET 8.5x8.5 tpi, 27 epi, CX",Y,FABR,FABR,FABR,N,FABR, ,TV27CX,126102
13841,TV27CX,FABRIC,POLYESTER - HMLS,"1670/1/2 HMLS PET 8.5x8.5 tpi, 27 epi, CX",Y,FABR,FABR,FABR,N,FABR, ,TV27CX,89250
14062,RF394D33,WIRE,CABLE BEAD,1x2.5+(7+13+19)x1.8,Y,WIRE,CABLBD,WIRE,N,WIRE, ,RF394D33,102472
14062,RF394D33,WIRE,CABLE BEAD,1x2.5+(7+13+19)x1.8,Y,WIRE,CABLBD,WIRE,N,WIRE, ,RF394D33,100630
14062,RF394D33,WIRE,CABLE BEAD,1x2.5+(7+13+19)x1.8,Y,WIRE,CABLBD,WIRE,N,WIRE, ,RF394D33,101802
14121,TC27CX,FABRIC,POLYESTER - HMLS,"1100/1/2 HMLS PET, 12x12 tpi, 27 epi, CF",Y,,,,,,,TC27CX,142707
14121,TC27CX,FABRIC,POLYESTER - HMLS,"1100/1/2 HMLS PET, 12x12 tpi, 27 epi, CF",Y,,,,,,,TC27CX,70290
14121,TC27CX,FABRIC,POLYESTER - HMLS,"1100/1/2 HMLS PET, 12x12 tpi, 27 epi, CF",Y,,,,,,,TC27CX,43100
14121,TC27CX,FABRIC,POLYESTER - HMLS,"1100/1/2 HMLS PET, 12x12 tpi, 27 epi, CF",Y,,,,,,,TC27CX,84997
14121,TC27CX,FABRIC,POLYESTER - HMLS,"1100/1/2 HMLS PET, 12x12 tpi, 27 epi, CF",Y,,,,,,,TC27CX,73026
14121,TC27CX,FABRIC,POLYESTER - HMLS,"1100/1/2 HMLS PET, 12x12 tpi, 27 epi, CF",Y,,,,,,,TC27CX,91401
14121,TC27CX,FABRIC,POLYESTER - HMLS,"1100/1/2 HMLS PET, 12x12 tpi, 27 epi, CF",Y,,,,,,,TC27CX,117613
14261,K36A,YARN,ARAMID,1100 Decitex NAA p-Aramid,N,FABR,FABR,FABR,N,FABR,S,K36A,62349
14421,TV27CN,FABRIC,POLYESTER - HMLS,"1670/1/2 PET, 8.5x8.5 tpi, 27 epi, CN",Y,FABR,FABR,FABR,N,FABR, ,TV27CN,142923
14421,TV27CN,FABRIC,POLYESTER - HMLS,"1670/1/2 PET, 8.5x8.5 tpi, 27 epi, CN",Y,FABR,FABR,FABR,N,FABR, ,TV27CN,143900
14421,TV27CN,FABRIC,POLYESTER - HMLS,"1670/1/2 PET, 8.5x8.5 tpi, 27 epi, CN",Y,FABR,FABR,FABR,N,FABR, ,TV27CN,138532
14421,TV27CN,FABRIC,POLYESTER - HMLS,"1670/1/2 PET, 8.5x8.5 tpi, 27 epi, CN",Y,FABR,FABR,FABR,N,FABR, ,TV27CN,144703
14421,TV27CN,FABRIC,POLYESTER - HMLS,"1670/1/2 PET, 8.5x8.5 tpi, 27 epi, CN",Y,FABR,FABR,FABR,N,FABR, ,TV27CN,145695
14421,TV27CN,FABRIC,POLYESTER - HMLS,"1670/1/2 PET, 8.5x8.5 tpi, 27 epi, CN",Y,FABR,FABR,FABR,N,FABR, ,TV27CN,50338
14421,TV27CN,FABRIC,POLYESTER - HMLS,"1670/1/2 PET, 8.5x8.5 tpi, 27 epi, CN",Y,FABR,FABR,FABR,N,FABR, ,TV27CN,113727
14421,TV27CN,FABRIC,POLYESTER - HMLS,"1670/1/2 PET, 8.5x8.5 tpi, 27 epi, CN",Y,FABR,FABR,FABR,N,FABR, ,TV27CN,112477
14421,TV27CN,FABRIC,POLYESTER - HMLS,"1670/1/2 PET, 8.5x8.5 tpi, 27 epi, CN",Y,FABR,FABR,FABR,N,FABR, ,TV27CN,125398
14421,TV27CN,FABRIC,POLYESTER - HMLS,"1670/1/2 PET, 8.5x8.5 tpi, 27 epi, CN",Y,FABR,FABR,FABR,N,FABR, ,TV27CN,124172
14421,TV27CN,FABRIC,POLYESTER - HMLS,"1670/1/2 PET, 8.5x8.5 tpi, 27 epi, CN",Y,FABR,FABR,FABR,N,FABR, ,TV27CN,118983
14421,TV27CN,FABRIC,POLYESTER - HMLS,"1670/1/2 PET, 8.5x8.5 tpi, 27 epi, CN",Y,FABR,FABR,FABR,N,FABR, ,TV27CN,111207
14421,TV27CN,FABRIC,POLYESTER - HMLS,"1670/1/2 PET, 8.5x8.5 tpi, 27 epi, CN",Y,FABR,FABR,FABR,N,FABR, ,TV27CN,136727
14421,TV27CN,FABRIC,POLYESTER - HMLS,"1670/1/2 PET, 8.5x8.5 tpi, 27 epi, CN",Y,FABR,FABR,FABR,N,FABR, ,TV27CN,135826
14421,TV27CN,FABRIC,POLYESTER - HMLS,"1670/1/2 PET, 8.5x8.5 tpi, 27 epi, CN",Y,FABR,FABR,FABR,N,FABR, ,TV27CN,136724
14421,TV27CN,FABRIC,POLYESTER - HMLS,"1670/1/2 PET, 8.5x8.5 tpi, 27 epi, CN",Y,FABR,FABR,FABR,N,FABR, ,TV27CN,113726
14421,TV27CN,FABRIC,POLYESTER - HMLS,"1670/1/2 PET, 8.5x8.5 tpi, 27 epi, CN",Y,FABR,FABR,FABR,N,FABR, ,TV27CN,113725
14421,TV27CN,FABRIC,POLYESTER - HMLS,"1670/1/2 PET, 8.5x8.5 tpi, 27 epi, CN",Y,FABR,FABR,FABR,N,FABR, ,TV27CN,113724
14761,TC27CN,FABRIC,POLYESTER - HMLS,"1100/1/2 PET, 12x12 tpi, 27 epi, CN",Y,FABR,FABR,FABR,N,FABR, ,TC27CN,143681
14761,TC27CN,FABRIC,POLYESTER - HMLS,"1100/1/2 PET, 12x12 tpi, 27 epi, CN",Y,FABR,FABR,FABR,N,FABR, ,TC27CN,143682
14761,TC27CN,FABRIC,POLYESTER - HMLS,"1100/1/2 PET, 12x12 tpi, 27 epi, CN",Y,FABR,FABR,FABR,N,FABR, ,TC27CN,50343
14761,TC27CN,FABRIC,POLYESTER - HMLS,"1100/1/2 PET, 12x12 tpi, 27 epi, CN",Y,FABR,FABR,FABR,N,FABR, ,TC27CN,65218
14761,TC27CN,FABRIC,POLYESTER - HMLS,"1100/1/2 PET, 12x12 tpi, 27 epi, CN",Y,FABR,FABR,FABR,N,FABR, ,TC27CN,112475
14761,TC27CN,FABRIC,POLYESTER - HMLS,"1100/1/2 PET, 12x12 tpi, 27 epi, CN",Y,FABR,FABR,FABR,N,FABR, ,TC27CN,112473
14761,TC27CN,FABRIC,POLYESTER - HMLS,"1100/1/2 PET, 12x12 tpi, 27 epi, CN",Y,FABR,FABR,FABR,N,FABR, ,TC27CN,112471
14761,TC27CN,FABRIC,POLYESTER - HMLS,"1100/1/2 PET, 12x12 tpi, 27 epi, CN",Y,FABR,FABR,FABR,N,FABR, ,TC27CN,113720
14761,TC27CN,FABRIC,POLYESTER - HMLS,"1100/1/2 PET, 12x12 tpi, 27 epi, CN",Y,FABR,FABR,FABR,N,FABR, ,TC27CN,101507
14761,TC27CN,FABRIC,POLYESTER - HMLS,"1100/1/2 PET, 12x12 tpi, 27 epi, CN",Y,FABR,FABR,FABR,N,FABR, ,TC27CN,101502
14761,TC27CN,FABRIC,POLYESTER - HMLS,"1100/1/2 PET, 12x12 tpi, 27 epi, CN",Y,FABR,FABR,FABR,N,FABR, ,TC27CN,101501
14761,TC27CN,FABRIC,POLYESTER - HMLS,"1100/1/2 PET, 12x12 tpi, 27 epi, CN",Y,FABR,FABR,FABR,N,FABR, ,TC27CN,114954
14761,TC27CN,FABRIC,POLYESTER - HMLS,"1100/1/2 PET, 12x12 tpi, 27 epi, CN",Y,FABR,FABR,FABR,N,FABR, ,TC27CN,112474
14761,TC27CN,FABRIC,POLYESTER - HMLS,"1100/1/2 PET, 12x12 tpi, 27 epi, CN",Y,FABR,FABR,FABR,N,FABR, ,TC27CN,112472
14761,TC27CN,FABRIC,POLYESTER - HMLS,"1100/1/2 PET, 12x12 tpi, 27 epi, CN",Y,FABR,FABR,FABR,N,FABR, ,TC27CN,112470
14761,TC27CN,FABRIC,POLYESTER - HMLS,"1100/1/2 PET, 12x12 tpi, 27 epi, CN",Y,FABR,FABR,FABR,N,FABR, ,TC27CN,112469
14761,TC27CN,FABRIC,POLYESTER - HMLS,"1100/1/2 PET, 12x12 tpi, 27 epi, CN",Y,FABR,FABR,FABR,N,FABR, ,TC27CN,114912
14761,TC27CN,FABRIC,POLYESTER - HMLS,"1100/1/2 PET, 12x12 tpi, 27 epi, CN",Y,FABR,FABR,FABR,N,FABR, ,TC27CN,130980
14761,TC27CN,FABRIC,POLYESTER - HMLS,"1100/1/2 PET, 12x12 tpi, 27 epi, CN",Y,FABR,FABR,FABR,N,FABR, ,TC27CN,74394
14761,TC27CN,FABRIC,POLYESTER - HMLS,"1100/1/2 PET, 12x12 tpi, 27 epi, CN",Y,FABR,FABR,FABR,N,FABR, ,TC27CN,101503
14801,TC28CX,FABRIC,POLYESTER - HMLS,"PET HMLS NAA, 1100/1/2 Dtex, 12x12 TPI, 28 EPI, CX",Y,FABR,FABR,FABR,N,FABR,S,TC28CX,144699
14801,TC28CX,FABRIC,POLYESTER - HMLS,"PET HMLS NAA, 1100/1/2 Dtex, 12x12 TPI, 28 EPI, CX",Y,FABR,FABR,FABR,N,FABR,S,TC28CX,144701
14801,TC28CX,FABRIC,POLYESTER - HMLS,"PET HMLS NAA, 1100/1/2 Dtex, 12x12 TPI, 28 EPI, CX",Y,FABR,FABR,FABR,N,FABR,S,TC28CX,56520
14801,TC28CX,FABRIC,POLYESTER - HMLS,"PET HMLS NAA, 1100/1/2 Dtex, 12x12 TPI, 28 EPI, CX",Y,FABR,FABR,FABR,N,FABR,S,TC28CX,131101
14801,TC28CX,FABRIC,POLYESTER - HMLS,"PET HMLS NAA, 1100/1/2 Dtex, 12x12 TPI, 28 EPI, CX",Y,FABR,FABR,FABR,N,FABR,S,TC28CX,86016
14801,TC28CX,FABRIC,POLYESTER - HMLS,"PET HMLS NAA, 1100/1/2 Dtex, 12x12 TPI, 28 EPI, CX",Y,FABR,FABR,FABR,N,FABR,S,TC28CX,131794
14801,TC28CX,FABRIC,POLYESTER - HMLS,"PET HMLS NAA, 1100/1/2 Dtex, 12x12 TPI, 28 EPI, CX",Y,FABR,FABR,FABR,N,FABR,S,TC28CX,70919
14801,TC28CX,FABRIC,POLYESTER - HMLS,"PET HMLS NAA, 1100/1/2 Dtex, 12x12 TPI, 28 EPI, CX",Y,FABR,FABR,FABR,N,FABR,S,TC28CX,71355
14801,TC28CX,FABRIC,POLYESTER - HMLS,"PET HMLS NAA, 1100/1/2 Dtex, 12x12 TPI, 28 EPI, CX",Y,FABR,FABR,FABR,N,FABR,S,TC28CX,74395
14801,TC28CX,FABRIC,POLYESTER - HMLS,"PET HMLS NAA, 1100/1/2 Dtex, 12x12 TPI, 28 EPI, CX",Y,FABR,FABR,FABR,N,FABR,S,TC28CX,131792
14801,TC28CX,FABRIC,POLYESTER - HMLS,"PET HMLS NAA, 1100/1/2 Dtex, 12x12 TPI, 28 EPI, CX",Y,FABR,FABR,FABR,N,FABR,S,TC28CX,135631
14801,TC28CX,FABRIC,POLYESTER - HMLS,"PET HMLS NAA, 1100/1/2 Dtex, 12x12 TPI, 28 EPI, CX",Y,FABR,FABR,FABR,N,FABR,S,TC28CX,144162
14881,TU32CX,FABRIC,POLYESTER - HMLS,"NAA HMLS PET, 1440/2dtex, 9x9TPI, 32EPI, CX",Y,,,,,,,TU32CX,128516
14881,TU32CX,FABRIC,POLYESTER - HMLS,"NAA HMLS PET, 1440/2dtex, 9x9TPI, 32EPI, CX",Y,,,,,,,TU32CX,115646
14881,TU32CX,FABRIC,POLYESTER - HMLS,"NAA HMLS PET, 1440/2dtex, 9x9TPI, 32EPI, CX",Y,,,,,,,TU32CX,131102
14881,TU32CX,FABRIC,POLYESTER - HMLS,"NAA HMLS PET, 1440/2dtex, 9x9TPI, 32EPI, CX",Y,,,,,,,TU32CX,114824
14881,TU32CX,FABRIC,POLYESTER - HMLS,"NAA HMLS PET, 1440/2dtex, 9x9TPI, 32EPI, CX",Y,,,,,,,TU32CX,128259
14881,TU32CX,FABRIC,POLYESTER - HMLS,"NAA HMLS PET, 1440/2dtex, 9x9TPI, 32EPI, CX",Y,,,,,,,TU32CX,131103
14881,TU32CX,FABRIC,POLYESTER - HMLS,"NAA HMLS PET, 1440/2dtex, 9x9TPI, 32EPI, CX",Y,,,,,,,TU32CX,127998
14881,TU32CX,FABRIC,POLYESTER - HMLS,"NAA HMLS PET, 1440/2dtex, 9x9TPI, 32EPI, CX",Y,,,,,,,TU32CX,74396
14881,TU32CX,FABRIC,POLYESTER - HMLS,"NAA HMLS PET, 1440/2dtex, 9x9TPI, 32EPI, CX",Y,,,,,,,TU32CX,145410
14881,TU32CX,FABRIC,POLYESTER - HMLS,"NAA HMLS PET, 1440/2dtex, 9x9TPI, 32EPI, CX",Y,,,,,,,TU32CX,145433
14881,TU32CX,FABRIC,POLYESTER - HMLS,"NAA HMLS PET, 1440/2dtex, 9x9TPI, 32EPI, CX",Y,,,,,,,TU32CX,145204
14881,TU32CX,FABRIC,POLYESTER - HMLS,"NAA HMLS PET, 1440/2dtex, 9x9TPI, 32EPI, CX",Y,,,,,,,TU32CX,145419
14881,TU32CX,FABRIC,POLYESTER - HMLS,"NAA HMLS PET, 1440/2dtex, 9x9TPI, 32EPI, CX",Y,,,,,,,TU32CX,144992
14881,TU32CX,FABRIC,POLYESTER - HMLS,"NAA HMLS PET, 1440/2dtex, 9x9TPI, 32EPI, CX",Y,,,,,,,TU32CX,143485
14881,TU32CX,FABRIC,POLYESTER - HMLS,"NAA HMLS PET, 1440/2dtex, 9x9TPI, 32EPI, CX",Y,,,,,,,TU32CX,92215
14881,TU32CX,FABRIC,POLYESTER - HMLS,"NAA HMLS PET, 1440/2dtex, 9x9TPI, 32EPI, CX",Y,,,,,,,TU32CX,145525
14881,TU32CX,FABRIC,POLYESTER - HMLS,"NAA HMLS PET, 1440/2dtex, 9x9TPI, 32EPI, CX",Y,,,,,,,TU32CX,130326
14881,TU32CX,FABRIC,POLYESTER - HMLS,"NAA HMLS PET, 1440/2dtex, 9x9TPI, 32EPI, CX",Y,,,,,,,TU32CX,79597
14881,TU32CX,FABRIC,POLYESTER - HMLS,"NAA HMLS PET, 1440/2dtex, 9x9TPI, 32EPI, CX",Y,,,,,,,TU32CX,56526
14881,TU32CX,FABRIC,POLYESTER - HMLS,"NAA HMLS PET, 1440/2dtex, 9x9TPI, 32EPI, CX",Y,,,,,,,TU32CX,134986
14881,TU32CX,FABRIC,POLYESTER - HMLS,"NAA HMLS PET, 1440/2dtex, 9x9TPI, 32EPI, CX",Y,,,,,,,TU32CX,131290
15001,TM26CN,FABRIC,POLYESTER - HMLS,"2200/1/2 HMLS Polyester, 8.5x8.5 tpi, 26 epi, CN",Y,,,,,,,TM26CN,144702
15001,TM26CN,FABRIC,POLYESTER - HMLS,"2200/1/2 HMLS Polyester, 8.5x8.5 tpi, 26 epi, CN",Y,,,,,,,TM26CN,145769
15001,TM26CN,FABRIC,POLYESTER - HMLS,"2200/1/2 HMLS Polyester, 8.5x8.5 tpi, 26 epi, CN",Y,,,,,,,TM26CN,51618
15001,TM26CN,FABRIC,POLYESTER - HMLS,"2200/1/2 HMLS Polyester, 8.5x8.5 tpi, 26 epi, CN",Y,,,,,,,TM26CN,114321
15001,TM26CN,FABRIC,POLYESTER - HMLS,"2200/1/2 HMLS Polyester, 8.5x8.5 tpi, 26 epi, CN",Y,,,,,,,TM26CN,101500
15001,TM26CN,FABRIC,POLYESTER - HMLS,"2200/1/2 HMLS Polyester, 8.5x8.5 tpi, 26 epi, CN",Y,,,,,,,TM26CN,132767
15001,TM26CN,FABRIC,POLYESTER - HMLS,"2200/1/2 HMLS Polyester, 8.5x8.5 tpi, 26 epi, CN",Y,,,,,,,TM26CN,143335
15021,TM27CN,FABRIC,POLYESTER - HMLS,"HMLS PET 2200/1/2, 28 epi, new pink adhesive",Y,,,,,,,TM27CN,18612
15041,Y201UX,WIRE,STEEL CORD,3x.20/9x.175+1 HT,N,WIRE,WIRE,PLY,N,PLY, ,Y201UX,31536
15061,XR,WIRE,BEAD WIRE,3.0mm regular tensile,Y,,,,,,,XR,36713
15061,XR,WIRE,BEAD WIRE,3.0mm regular tensile,Y,,,,,,,XR,79181
15081,JPA6DR,FABRIC,"NYLON 6,6","Like N00168: 2100/2, 10x10TPI with 4100C",Y,,,,,,,JPA6DR,50433
15081,JPA6DR,FABRIC,"NYLON 6,6","Like N00168: 2100/2, 10x10TPI with 4100C",Y,,,,,,,JPA6DR,125256
15081,JPA6DR,FABRIC,"NYLON 6,6","Like N00168: 2100/2, 10x10TPI with 4100C",Y,,,,,,,JPA6DR,101298
15081,JPA6DR,FABRIC,"NYLON 6,6","Like N00168: 2100/2, 10x10TPI with 4100C",Y,,,,,,,JPA6DR,78473
15281,NC21ZM,FABRIC,"NYLON 6,6","940/1/2 Nylon 66, 12x12 tpi, 21 epi, ZM",Y,,,,,,,NC21ZM,101504
15281,NC21ZM,FABRIC,"NYLON 6,6","940/1/2 Nylon 66, 12x12 tpi, 21 epi, ZM",Y,,,,,,,NC21ZM,113192
15281,NC21ZM,FABRIC,"NYLON 6,6","940/1/2 Nylon 66, 12x12 tpi, 21 epi, ZM",Y,,,,,,,NC21ZM,50347
15281,NC21ZM,FABRIC,"NYLON 6,6","940/1/2 Nylon 66, 12x12 tpi, 21 epi, ZM",Y,,,,,,,NC21ZM,101799
15281,NC21ZM,FABRIC,"NYLON 6,6","940/1/2 Nylon 66, 12x12 tpi, 21 epi, ZM",Y,,,,,,,NC21ZM,104431
15281,NC21ZM,FABRIC,"NYLON 6,6","940/1/2 Nylon 66, 12x12 tpi, 21 epi, ZM",Y,,,,,,,NC21ZM,113194
15281,NC21ZM,FABRIC,"NYLON 6,6","940/1/2 Nylon 66, 12x12 tpi, 21 epi, ZM",Y,,,,,,,NC21ZM,142193
15281,NC21ZM,FABRIC,"NYLON 6,6","940/1/2 Nylon 66, 12x12 tpi, 21 epi, ZM",Y,,,,,,,NC21ZM,113478
15341,TM26CX,FABRIC,POLYESTER - HMLS,HMLS POLYESTER 2200/1/2  8.5X8.5 TPI 26 EPI CX,Y,FABR,FABR,FABR,N,FABR, ,TM26CX,144194
15341,TM26CX,FABRIC,POLYESTER - HMLS,HMLS POLYESTER 2200/1/2  8.5X8.5 TPI 26 EPI CX,Y,FABR,FABR,FABR,N,FABR, ,TM26CX,139110
15341,TM26CX,FABRIC,POLYESTER - HMLS,HMLS POLYESTER 2200/1/2  8.5X8.5 TPI 26 EPI CX,Y,FABR,FABR,FABR,N,FABR, ,TM26CX,138463
15341,TM26CX,FABRIC,POLYESTER - HMLS,HMLS POLYESTER 2200/1/2  8.5X8.5 TPI 26 EPI CX,Y,FABR,FABR,FABR,N,FABR, ,TM26CX,138461
15341,TM26CX,FABRIC,POLYESTER - HMLS,HMLS POLYESTER 2200/1/2  8.5X8.5 TPI 26 EPI CX,Y,FABR,FABR,FABR,N,FABR, ,TM26CX,138462
15341,TM26CX,FABRIC,POLYESTER - HMLS,HMLS POLYESTER 2200/1/2  8.5X8.5 TPI 26 EPI CX,Y,FABR,FABR,FABR,N,FABR, ,TM26CX,113191
15341,TM26CX,FABRIC,POLYESTER - HMLS,HMLS POLYESTER 2200/1/2  8.5X8.5 TPI 26 EPI CX,Y,FABR,FABR,FABR,N,FABR, ,TM26CX,113189
15341,TM26CX,FABRIC,POLYESTER - HMLS,HMLS POLYESTER 2200/1/2  8.5X8.5 TPI 26 EPI CX,Y,FABR,FABR,FABR,N,FABR, ,TM26CX,101505
15341,TM26CX,FABRIC,POLYESTER - HMLS,HMLS POLYESTER 2200/1/2  8.5X8.5 TPI 26 EPI CX,Y,FABR,FABR,FABR,N,FABR, ,TM26CX,102092
15341,TM26CX,FABRIC,POLYESTER - HMLS,HMLS POLYESTER 2200/1/2  8.5X8.5 TPI 26 EPI CX,Y,FABR,FABR,FABR,N,FABR, ,TM26CX,102093
15341,TM26CX,FABRIC,POLYESTER - HMLS,HMLS POLYESTER 2200/1/2  8.5X8.5 TPI 26 EPI CX,Y,FABR,FABR,FABR,N,FABR, ,TM26CX,134987
15341,TM26CX,FABRIC,POLYESTER - HMLS,HMLS POLYESTER 2200/1/2  8.5X8.5 TPI 26 EPI CX,Y,FABR,FABR,FABR,N,FABR, ,TM26CX,139040
15341,TM26CX,FABRIC,POLYESTER - HMLS,HMLS POLYESTER 2200/1/2  8.5X8.5 TPI 26 EPI CX,Y,FABR,FABR,FABR,N,FABR, ,TM26CX,139037
15341,TM26CX,FABRIC,POLYESTER - HMLS,HMLS POLYESTER 2200/1/2  8.5X8.5 TPI 26 EPI CX,Y,FABR,FABR,FABR,N,FABR, ,TM26CX,139036
15341,TM26CX,FABRIC,POLYESTER - HMLS,HMLS POLYESTER 2200/1/2  8.5X8.5 TPI 26 EPI CX,Y,FABR,FABR,FABR,N,FABR, ,TM26CX,143332
15341,TM26CX,FABRIC,POLYESTER - HMLS,HMLS POLYESTER 2200/1/2  8.5X8.5 TPI 26 EPI CX,Y,FABR,FABR,FABR,N,FABR, ,TM26CX,144876
15481,NC21ZO,FABRIC,"NYLON 6,6","Nylon 6,6 940/1/2 12x12 TPI 21 EPI ZO",Y,FABR,FABR,FABR,N,FABR, ,NC21ZO,72224
15621,NC27ZO,FABRIC,"NYLON 6,6",940/1/2 N66; 12x12 tpi; 27 epi; ZO,Y,,,,,,,NC27ZO,142605
15621,NC27ZO,FABRIC,"NYLON 6,6",940/1/2 N66; 12x12 tpi; 27 epi; ZO,Y,,,,,,,NC27ZO,142688
15621,NC27ZO,FABRIC,"NYLON 6,6",940/1/2 N66; 12x12 tpi; 27 epi; ZO,Y,,,,,,,NC27ZO,70789
15681,NC16ZM,FABRIC,"NYLON 6,6","N66, 940/2 DTEX, 12/12 TPI, 16 EPI, ZM",Y,FABR,FABR,FABR,N,FABR,S,NC16ZM,65916
15681,NC16ZM,FABRIC,"NYLON 6,6","N66, 940/2 DTEX, 12/12 TPI, 16 EPI, ZM",Y,FABR,FABR,FABR,N,FABR,S,NC16ZM,141107
15701,LF25MF,FABRIC,NYLON 6,"1400/2  Nylon 6 cord woven at 25 epi with extensible fill cord, dipped per MF process",Y,,,,,,,LF25MF,14625
15821,NA28DR,FABRIC,"NYLON 6,6",1400/2 Nylon 66 at 12.2x12.2 TPI,Y,,,,,,,NA28DR,125258
15821,NA28DR,FABRIC,"NYLON 6,6",1400/2 Nylon 66 at 12.2x12.2 TPI,Y,,,,,,,NA28DR,66533
15941,S03BPA6MN,FABRIC,"NYLON 6,6",XSED from Vietnam  for NGT,N,FABR,FABR,FABR,N,FABR, ,S03BPA6MN,47363
15981,BN32ZO,FABRIC,"NYLON 6,6","1400/1 Nylon 66 4.5 tpi, 32 epi ZO",Y,,,,,,,BN32ZO,144280
15981,BN32ZO,FABRIC,"NYLON 6,6","1400/1 Nylon 66 4.5 tpi, 32 epi ZO",Y,,,,,,,BN32ZO,145635
15981,BN32ZO,FABRIC,"NYLON 6,6","1400/1 Nylon 66 4.5 tpi, 32 epi ZO",Y,,,,,,,BN32ZO,145760
15981,BN32ZO,FABRIC,"NYLON 6,6","1400/1 Nylon 66 4.5 tpi, 32 epi ZO",Y,,,,,,,BN32ZO,118488
15981,BN32ZO,FABRIC,"NYLON 6,6","1400/1 Nylon 66 4.5 tpi, 32 epi ZO",Y,,,,,,,BN32ZO,55892
15981,BN32ZO,FABRIC,"NYLON 6,6","1400/1 Nylon 66 4.5 tpi, 32 epi ZO",Y,,,,,,,BN32ZO,144144
16021,NG30ZO,FABRIC,"NYLON 6,6",N66 1400/2 dtex pink dip,Y,,,,,,,NG30ZO,138389
16021,NG30ZO,FABRIC,"NYLON 6,6",N66 1400/2 dtex pink dip,Y,,,,,,,NG30ZO,145734
16021,NG30ZO,FABRIC,"NYLON 6,6",N66 1400/2 dtex pink dip,Y,,,,,,,NG30ZO,142606
16021,NG30ZO,FABRIC,"NYLON 6,6",N66 1400/2 dtex pink dip,Y,,,,,,,NG30ZO,139132
16021,NG30ZO,FABRIC,"NYLON 6,6",N66 1400/2 dtex pink dip,Y,,,,,,,NG30ZO,143032
16021,NG30ZO,FABRIC,"NYLON 6,6",N66 1400/2 dtex pink dip,Y,,,,,,,NG30ZO,69524
16061,NC01QH,Single End Dipped Cord,"NYLON 6,6",NC01QH from Mehler VA,Y,,,,,,,NC01QH,113723
16061,NC01QH,Single End Dipped Cord,"NYLON 6,6",NC01QH from Mehler VA,Y,,,,,,,NC01QH,54016
16061,NC01QH,Single End Dipped Cord,"NYLON 6,6",NC01QH from Mehler VA,Y,,,,,,,NC01QH,144773
16101,AH01SB,Single End Dipped Cord,ARAMID,"Single end Aramid, 1100 / 2, 14.0 x 14.0",Y,,,,,,,AH01SB,67034
16121,029BH,WIRE,BEAD WIRE,1.295MM BEAD WIRE - HIGH TENSILE,N,WIRE,WIRE,BEAD,N,BEAD, ,029BH,96246
16141,NC32ZO,FABRIC,"NYLON 6,6","940/2 dtex 12x12TPI, Pink dip adhesive, Stretch/stretch processing",Y,,,,,,,NC32ZO,143582
16141,NC32ZO,FABRIC,"NYLON 6,6","940/2 dtex 12x12TPI, Pink dip adhesive, Stretch/stretch processing",Y,,,,,,,NC32ZO,58106
16141,NC32ZO,FABRIC,"NYLON 6,6","940/2 dtex 12x12TPI, Pink dip adhesive, Stretch/stretch processing",Y,,,,,,,NC32ZO,144030
16141,NC32ZO,FABRIC,"NYLON 6,6","940/2 dtex 12x12TPI, Pink dip adhesive, Stretch/stretch processing",Y,,,,,,,NC32ZO,143470
16141,NC32ZO,FABRIC,"NYLON 6,6","940/2 dtex 12x12TPI, Pink dip adhesive, Stretch/stretch processing",Y,,,,,,,NC32ZO,142708
16141,NC32ZO,FABRIC,"NYLON 6,6","940/2 dtex 12x12TPI, Pink dip adhesive, Stretch/stretch processing",Y,,,,,,,NC32ZO,142590
16241,I19LC27MA,FABRIC,NYLON 6,NYLON 6  940/1/2 12 X 12 TPI 27EPI MA,N,FABR,FABR,FABR,N,FABR, ,I19LC27MA,76021
16242,I20LF25MA/C,FABRIC,NYLON 6,LF25MA with std. weft,N,FABR,FABR,CARCASS,N,CARCASS, ,I20LF25MA/C,76024
16321,PM26CX,FABRIC,POLYESTER - HMULS,"PET HMULS NAA, 2200/1/2, 8.5x8.5 TPI, 26 EPI, CX",Y,FABR,FABR,FABR,N,FABR,S,PM26CX,73465
16321,PM26CX,FABRIC,POLYESTER - HMULS,"PET HMULS NAA, 2200/1/2, 8.5x8.5 TPI, 26 EPI, CX",Y,FABR,FABR,FABR,N,FABR,S,PM26CX,130681
16341,E11A,YARN,ARAMID,670 DTEX ARAMID,Y,FABR,FABR,FABR,N,FABR, ,E11A,76005
16361,NPA8SF,FABRIC,"NYLON 6,6",Ayaha greige fabric approval. Ayaha currently dips this fabric which is supplied by Asahi.,Y,,,,,,,NPA8SF,139566
16361,NPA8SF,FABRIC,"NYLON 6,6",Ayaha greige fabric approval. Ayaha currently dips this fabric which is supplied by Asahi.,Y,,,,,,,NPA8SF,76305
16381,NPI3SF,FABRIC,"NYLON 6,6","NYLON 66, 2100/2, 8x8 TPI, 26.3 EPI SF",Y,FABR,FABR,FABR,N,FABR, ,NPI3SF,139568
16461,TM01CU,Single End Dipped Cord,POLYESTER,PET 2200/2 single end dipped cord pink dip,Y,,,,,,,TM01CU,84769
16462,TU01CU,Single End Dipped Cord,POLYESTER,PET 1440/2 single end dipped cord pink dip,Y,,,,,,,TU01CU,142202
16462,TU01CU,Single End Dipped Cord,POLYESTER,PET 1440/2 single end dipped cord pink dip,Y,,,,,,,TU01CU,84768
16541,029CH,WIRE,BEAD WIRE,1.83MM BEAD WIRE - HIGH TENSILE,N,WIRE,WIRE,BEAD,N,BEAD, ,029CH,96375
16581,BK01ZV,Single End Dipped Cord,"NYLON 6,6","Nylon 6.6 2100/1 dtex, SED cord",Y,,,,,,,BK01ZV,145836
16581,BK01ZV,Single End Dipped Cord,"NYLON 6,6","Nylon 6.6 2100/1 dtex, SED cord",Y,,,,,,,BK01ZV,84348
16582,BN01ZV,Single End Dipped Cord,"NYLON 6,6","Nylon 66 1400/1 dtex, 4.6 tpi pink dip",Y,,,,,,,BN01ZV,134350
16582,BN01ZV,Single End Dipped Cord,"NYLON 6,6","Nylon 66 1400/1 dtex, 4.6 tpi pink dip",Y,,,,,,,BN01ZV,81425
16621,BI30ZY,FABRIC,"NYLON 6,6",BI30ZY N66 940/1 dtex pink dip,Y,,,,,,,BI30ZY,131655
16621,BI30ZY,FABRIC,"NYLON 6,6",BI30ZY N66 940/1 dtex pink dip,Y,,,,,,,BI30ZY,131656
16621,BI30ZY,FABRIC,"NYLON 6,6",BI30ZY N66 940/1 dtex pink dip,Y,,,,,,,BI30ZY,141835
16621,BI30ZY,FABRIC,"NYLON 6,6",BI30ZY N66 940/1 dtex pink dip,Y,,,,,,,BI30ZY,69666
16641,H50NN REV. 03,CONVERTED FABRIC,"NYLON 6,6","1100/1 DECITEX NYLON 6,6 WOVEN 14X14",N,FABR,FABRSQW,FABR,N,FABR, ,H50NN REV. 03,103946
16661,M18TV27CN REV. 01,FABRIC,POLYESTER - HMLS,"1670/1/2 PET, 8.5x8.5 tpi, 27 epi, CN",N,FABR,FABR,FABR,N,FABR, ,M18TV27CN REV. 01,119090
16741,029JH,WIRE,BEAD WIRE,0.89MM BEAD WIRE - HIGH TENSILE,N,WIRE,WIRE,BEAD,N,BEAD, ,029JH,96244
16781,Z301UK,WIRE,STEEL CORD,2+2x.35 ST,N,WIRE,WIRE,BELT,N,BELT, ,Z301UK,100788
16821,S01BI30GF,YARN,"NYLON 6,6","940 DECITEX NYLON 6,6",Y,,,,,,,S01BI30GF,128870
16861,Z01NG30GA,YARN,"NYLON 6,6","1400 DECITEX NYLON 6,6",N,FABR,FABR,FABR,N,FABR, ,Z01NG30GA,128691
16881,242JH,WIRE,BEAD WIRE,0.89MM BEAD WIRE - HIGH TENSILE,N,WIRE,WIRE,BEAD,N,BEAD, ,242JH,133979
16881,242JH,WIRE,BEAD WIRE,0.89MM BEAD WIRE - HIGH TENSILE,N,WIRE,WIRE,BEAD,N,BEAD, ,242JH,116806
16901,242BH,WIRE,BEAD WIRE,1.295MM BEAD WIRE - HIGH TENSILE,N,WIRE,WIRE,BEAD,N,BEAD, ,242BH,134041
16901,242BH,WIRE,BEAD WIRE,1.295MM BEAD WIRE - HIGH TENSILE,N,WIRE,WIRE,BEAD,N,BEAD, ,242BH,117610
16941,394D33,WIRE,CABLE BEAD,1x2.5+(7+13+19)x1.8,Y,WIRE,CABLBD,WIRE,N,WIRE, ,394D33,101800
17021,BN01WL,WIRE,STEEL CORD,2x.295 HT,N,WIRE,WIRE,BELT,N,BELT, ,BN01WL,105218
17041,BL01WL,WIRE,STEEL CORD,2x.295 HT,N,WIRE,WIRE,BELT,N,BELT, ,BL01WL,126588
17101,S04N,YARN,"NYLON 6,6","NYLON 6,6, 2100 dtex yarn",Y,,,,,,,S04N,132948
17141,NC30ZO,FABRIC,"NYLON 6,6","NYLON 66, 940/2, 12x12 TPI, 30 EPI, ZO",Y,,,,,,,NC30ZO,140180
17141,NC30ZO,FABRIC,"NYLON 6,6","NYLON 66, 940/2, 12x12 TPI, 30 EPI, ZO",Y,,,,,,,NC30ZO,65871
17201,NC33ZO,FABRIC,"NYLON 6,6","NYLON 6,6, 940/2, 12x12 TPI, 33 EPI, ZO",Y,,,,,,,NC33ZO,119806
17241,FA01WY,WIRE,STEEL CORD,2+2x.22UT,N,WIRE,WIRE,WIRE,N,WIRE, ,FA01WY,111576
17281,BPB2SF,FABRIC,"NYLON 6,6",XSED19 greige fabric approval in Ayaha. Ayaha currently dips this greige fabric which is supplied from Asahi.,Y,,,,,,,BPB2SF,139630
17281,BPB2SF,FABRIC,"NYLON 6,6",XSED19 greige fabric approval in Ayaha. Ayaha currently dips this greige fabric which is supplied from Asahi.,Y,,,,,,,BPB2SF,76302
17321,BK30ZO,FABRIC,"NYLON 6,6","NYLON 6,6, 2100/1, 3 TPI, 30 EPI, ZO",Y,,,,,,,BK30ZO,141977
17321,BK30ZO,FABRIC,"NYLON 6,6","NYLON 6,6, 2100/1, 3 TPI, 30 EPI, ZO",Y,,,,,,,BK30ZO,140095
17321,BK30ZO,FABRIC,"NYLON 6,6","NYLON 6,6, 2100/1, 3 TPI, 30 EPI, ZO",Y,,,,,,,BK30ZO,128057
17321,BK30ZO,FABRIC,"NYLON 6,6","NYLON 6,6, 2100/1, 3 TPI, 30 EPI, ZO",Y,,,,,,,BK30ZO,142889
17461,C402EJ,WIRE,STEEL CORD,19X.22 +6X 1X.22/18X.20 +1 HT,N,WIRE,WIRE,PLY,N,PLY, ,C402EJ,84877
17501,C402UZ,WIRE,STEEL CORD,3+9X.25+1 HT,N,WIRE,WIRE,BELT,N,BELT, ,C402UZ,80049
17561,Z01NG30ZO,FABRIC,"NYLON 6,6","NYLON 6,6, 1400/2, 6x6 TPI, 30 EPI, ZO",N,FABR,FABR,FABR,N,FABR, ,Z01NG30ZO,119808
17601,152AX24YR,FABRIC,ARAMID,1100/1/3 dtex K29AP aramid,N,FABR,FABR,FABR,N,FABR, ,152AX24YR,20241
17681,NF26ZO,FABRIC,"NYLON 6,6",Pink Dip version of NF26JA,Y,,,,,,,NF26ZO,72152
17721,Z14TM01CU,Single End Dipped Cord,POLYESTER,PET 2200/2 single end dipped cord pink dip,N,FABR,FABR,FABR,N,FABR, ,Z14TM01CU,142201
17741,TU30CX,FABRIC,POLYESTER - HMLS,"HMLS PET, 1440/1/2, 9x9 TPI,30 EPI, CX",Y,FABR,FABR,FABR,N,FABR,S,TU30CX,69994
17804,XD,WIRE,STEEL CORD,3x.27 ST,Y,WIRE,WIRE,WIRE,N,WIRE, ,XD,142610
17841,CB01WU,Single End Dipped Cord,HYBRID,"Hybrid 1100/2+940/1, CB SED cord",Y,,,,,,,CB01WU,84347
17881,XC,WIRE,STEEL CORD,"2X.30 ST
(Cooper 9400/9401)",Y,WIRE,WIRE,WIRE,N,WIRE, ,XC,143209
17902,XJ,WIRE,STEEL CORD,"3x.20+6x.35 HT
(Cooper 9331)",Y,WIRE,WIRE,WIRE,N,WIRE, ,XJ,144665
18013,TI28ST,FABRIC,POLYESTER - HMLS,"HMLS PET, 1440/2, 10.5x10.5 TPI, 28 EPI, ST - Cooper 5105",Y,FABR,FABR,FABR,N,FABR, ,TI28ST,143962
18013,TI28ST,FABRIC,POLYESTER - HMLS,"HMLS PET, 1440/2, 10.5x10.5 TPI, 28 EPI, ST - Cooper 5105",Y,FABR,FABR,FABR,N,FABR, ,TI28ST,144173
18015,YAE4ST,FABRIC,POLYESTER - HMLS,"HMLS PET, 2200/2, 6.9x6.9 TPI, 25.4 EPI, ST - Cooper 5109
",Y,FABR,FABR,FABR,N,FABR, ,YAE4ST,144700
18161,BP01UM/N,WIRE,STEEL CORD,3X.22/9X.20+1 HT,N,WIRE,WIRE,CARCASS,N,CARCASS, ,BP01UM/N,128635
18221,FC01FR,WIRE,STEEL CORD,3x.21/9x.185 UT,N,WIRE,WIRE,CARCASS,N,CARCASS, ,FC01FR,113292
18321,A07NC27ZO,FABRIC,"NYLON 6,6",940/1/2 N66; 12x12 tpi; 27 epi; ZO,N,FABR,FABR,FABR,N,FABR, ,A07NC27ZO,138781
18701,Z02JC21QH,FABRIC,"NYLON 6,6","NYLON 66, 940/2, 12x12 TPI, 21 EPI, QH T802 Yarn",N,FABR,FABR,FABR,N,FABR, ,Z02JC21QH,24944
18721,RF448G44,WIRE,CABLE BEAD,1x5.0+(10+16+22+28)x2.0,Y,,,,,,,RF448G44,43316
18761,EA,WIRE,STEEL CORD,7x(3+9x0.36)+1,Y,,,,,,,EA,82284
18863,LR,WIRE,BEAD WIRE,1.55 mm NT (Cooper 9015),Y,WIRE,BEAD,BEAD,N,BEAD, ,LR,144545
18921,Z202XP,WIRE,STEEL CORD,"2+2x.25 HT
(Cooper 9347)",N,WIRE,WIRE,WIRE,N,WIRE, ,Z202XP,144462
18961,N01BN32ZO,FABRIC,"NYLON 6,6",1400/1 dtex pink dip,N,FABR,FABR,FABR,N,FABR, ,N01BN32ZO,65868
19081,U05TC28CX,FABRIC,POLYESTER - HMLS,"PET HMLS NAA, 1100/1/2 Dtex, 12x12 TPI, 28 EPI, CX",N,FABR,FABR,FABR,N,FABR,S,U05TC28CX,130325
19241,BP01UG,WIRE,STEEL CORD,1X.20/18X.175 ST,N,WIRE,WIRE,CARCASS,N,CARCASS, ,BP01UG,128634
19301,Q101EB,WIRE,STEEL CORD,4X6X.265HE-HT,N,WIRE,WIRE,CARCASS,N,CARCASS, ,Q101EB,80050
19361,CJ24YA,FABRIC,HYBRID,"Hybrid Aramid+Nylon 66, 1100/1 (A)+1400/1 (N66), (4.7z/5.5S)/4.7S TPI, 24 EPI, YA",Y,,,,,,,CJ24YA,124734
19441,S08T,YARN,POLYESTER - HMLS,yarn source change. yarn from the sustainable PET feedstock.,Y,,,,,,,S08T,144588
