2024-07-18 07:09:57,434 - INFO - Success on 1: 200 - {"SHORT_DESC": "Chemical & Consumables Container", "RQ_VALUE": null, "DESCRIPTION": "Chemical & Consumables Container"}
2024-07-18 07:09:58,609 - INFO - Success on 1: 200 - {"StatusTo": 5}
2024-07-18 07:09:58,796 - ERROR - Error at 0 on Try 1: 404 Client Error: Not Found for url: https://opcenter-test.goodyear.com/OpcenterRDnLGIL/odata/RndvRqIi(9040,90,1000000,9,5000000)/Update - {"IIVALUE": "AS*L", "IIVALUEF": 0}
2024-07-18 07:09:59,479 - ERROR - Error at 0 on Try 2: 404 Client Error: Not Found for url: https://opcenter-test.goodyear.com/OpcenterRDnLGIL/odata/RndvRqIi(9040,90,1000000,9,5000000)/Update - {"IIVALUE": "AS*L", "IIVALUEF": 0}
2024-07-18 07:10:00,168 - ERROR - Error at 0 on Try 3: 404 Client Error: Not Found for url: https://opcenter-test.goodyear.com/OpcenterRDnLGIL/odata/RndvRqIi(9040,90,1000000,9,5000000)/Update - {"IIVALUE": "AS*L", "IIVALUEF": 0}
2024-07-18 07:10:00,861 - ERROR - Error at 0 on Try 4: 404 Client Error: Not Found for url: https://opcenter-test.goodyear.com/OpcenterRDnLGIL/odata/RndvRqIi(9040,90,1000000,9,5000000)/Update - {"IIVALUE": "AS*L", "IIVALUEF": 0}
2024-07-18 07:10:01,562 - ERROR - Error at 0 on Try 5: 404 Client Error: Not Found for url: https://opcenter-test.goodyear.com/OpcenterRDnLGIL/odata/RndvRqIi(9040,90,1000000,9,5000000)/Update - {"IIVALUE": "AS*L", "IIVALUEF": 0}
2024-07-18 07:10:01,768 - ERROR - Error at 0 on Try 1: 404 Client Error: Not Found for url: https://opcenter-test.goodyear.com/OpcenterRDnLGIL/odata/RndvRqIi(9040,90,1000000,530,1000000)/Update - {"IIVALUE": "0", "IIVALUEF": 0}
2024-07-18 07:10:02,455 - ERROR - Error at 0 on Try 2: 404 Client Error: Not Found for url: https://opcenter-test.goodyear.com/OpcenterRDnLGIL/odata/RndvRqIi(9040,90,1000000,530,1000000)/Update - {"IIVALUE": "0", "IIVALUEF": 0}
2024-07-18 07:10:03,156 - ERROR - Error at 0 on Try 3: 404 Client Error: Not Found for url: https://opcenter-test.goodyear.com/OpcenterRDnLGIL/odata/RndvRqIi(9040,90,1000000,530,1000000)/Update - {"IIVALUE": "0", "IIVALUEF": 0}
2024-07-18 07:10:03,845 - ERROR - Error at 0 on Try 4: 404 Client Error: Not Found for url: https://opcenter-test.goodyear.com/OpcenterRDnLGIL/odata/RndvRqIi(9040,90,1000000,530,1000000)/Update - {"IIVALUE": "0", "IIVALUEF": 0}
2024-07-18 07:10:04,530 - ERROR - Error at 0 on Try 5: 404 Client Error: Not Found for url: https://opcenter-test.goodyear.com/OpcenterRDnLGIL/odata/RndvRqIi(9040,90,1000000,530,1000000)/Update - {"IIVALUE": "0", "IIVALUEF": 0}
2024-07-18 07:10:04,714 - ERROR - Error at 0 on Try 1: 404 Client Error: Not Found for url: https://opcenter-test.goodyear.com/OpcenterRDnLGIL/odata/RndvRqIi(9040,90,1000000,534,4000000)/Update - {"IIVALUE": "09/15/2023 12:00:00 AM +00:00", "IIVALUEF": 0}
2024-07-18 07:10:05,403 - ERROR - Error at 0 on Try 2: 404 Client Error: Not Found for url: https://opcenter-test.goodyear.com/OpcenterRDnLGIL/odata/RndvRqIi(9040,90,1000000,534,4000000)/Update - {"IIVALUE": "09/15/2023 12:00:00 AM +00:00", "IIVALUEF": 0}
2024-07-18 07:10:06,096 - ERROR - Error at 0 on Try 1: 404 Client Error: Not Found for url: https://opcenter-test.goodyear.com/OpcenterRDnLGIL/odata/RndvRqIi(9040,90,1000000,535,3000000)/Update - {"IIVALUE": "09/14/2026 12:00:00 AM +00:00", "IIVALUEF": 0}
2024-07-18 07:10:06,783 - ERROR - Error at 0 on Try 2: 404 Client Error: Not Found for url: https://opcenter-test.goodyear.com/OpcenterRDnLGIL/odata/RndvRqIi(9040,90,1000000,535,3000000)/Update - {"IIVALUE": "09/14/2026 12:00:00 AM +00:00", "IIVALUEF": 0}
2024-07-18 07:10:07,478 - ERROR - Error at 0 on Try 3: 404 Client Error: Not Found for url: https://opcenter-test.goodyear.com/OpcenterRDnLGIL/odata/RndvRqIi(9040,90,1000000,535,3000000)/Update - {"IIVALUE": "09/14/2026 12:00:00 AM +00:00", "IIVALUEF": 0}
2024-07-18 07:10:08,165 - ERROR - Error at 0 on Try 4: 404 Client Error: Not Found for url: https://opcenter-test.goodyear.com/OpcenterRDnLGIL/odata/RndvRqIi(9040,90,1000000,535,3000000)/Update - {"IIVALUE": "09/14/2026 12:00:00 AM +00:00", "IIVALUEF": 0}
2024-07-18 07:10:08,852 - ERROR - Error at 0 on Try 5: 404 Client Error: Not Found for url: https://opcenter-test.goodyear.com/OpcenterRDnLGIL/odata/RndvRqIi(9040,90,1000000,535,3000000)/Update - {"IIVALUE": "09/14/2026 12:00:00 AM +00:00", "IIVALUEF": 0}
2024-07-18 07:10:09,040 - ERROR - Error at 0 on Try 1: 404 Client Error: Not Found for url: https://opcenter-test.goodyear.com/OpcenterRDnLGIL/odata/RndvRqIi(9040,90,1000000,536,6000000)/Update - {"IIVALUE": "GIC*L", "IIVALUEF": 0}
2024-07-18 07:10:09,730 - ERROR - Error at 0 on Try 2: 404 Client Error: Not Found for url: https://opcenter-test.goodyear.com/OpcenterRDnLGIL/odata/RndvRqIi(9040,90,1000000,536,6000000)/Update - {"IIVALUE": "GIC*L", "IIVALUEF": 0}
2024-07-18 07:10:10,417 - ERROR - Error at 0 on Try 3: 404 Client Error: Not Found for url: https://opcenter-test.goodyear.com/OpcenterRDnLGIL/odata/RndvRqIi(9040,90,1000000,536,6000000)/Update - {"IIVALUE": "GIC*L", "IIVALUEF": 0}
2024-07-18 07:10:11,118 - ERROR - Error at 0 on Try 4: 404 Client Error: Not Found for url: https://opcenter-test.goodyear.com/OpcenterRDnLGIL/odata/RndvRqIi(9040,90,1000000,536,6000000)/Update - {"IIVALUE": "GIC*L", "IIVALUEF": 0}
2024-07-18 07:10:11,821 - ERROR - Error at 0 on Try 5: 404 Client Error: Not Found for url: https://opcenter-test.goodyear.com/OpcenterRDnLGIL/odata/RndvRqIi(9040,90,1000000,536,6000000)/Update - {"IIVALUE": "GIC*L", "IIVALUEF": 0}
2024-07-18 07:10:12,006 - ERROR - Error at 0 on Try 1: 404 Client Error: Not Found for url: https://opcenter-test.goodyear.com/OpcenterRDnLGIL/odata/RndvRqIi(9040,90,1000000,537,7000000)/Update - {"IIVALUE": "Ventilated Cabinet 4", "IIVALUEF": 0}
2024-07-18 07:10:12,683 - ERROR - Error at 0 on Try 2: 404 Client Error: Not Found for url: https://opcenter-test.goodyear.com/OpcenterRDnLGIL/odata/RndvRqIi(9040,90,1000000,537,7000000)/Update - {"IIVALUE": "Ventilated Cabinet 4", "IIVALUEF": 0}
2024-07-18 07:10:13,370 - ERROR - Error at 0 on Try 3: 404 Client Error: Not Found for url: https://opcenter-test.goodyear.com/OpcenterRDnLGIL/odata/RndvRqIi(9040,90,1000000,537,7000000)/Update - {"IIVALUE": "Ventilated Cabinet 4", "IIVALUEF": 0}
2024-07-18 07:10:14,054 - ERROR - Error at 0 on Try 4: 404 Client Error: Not Found for url: https://opcenter-test.goodyear.com/OpcenterRDnLGIL/odata/RndvRqIi(9040,90,1000000,537,7000000)/Update - {"IIVALUE": "Ventilated Cabinet 4", "IIVALUEF": 0}
2024-07-18 07:10:14,762 - ERROR - Error at 0 on Try 5: 404 Client Error: Not Found for url: https://opcenter-test.goodyear.com/OpcenterRDnLGIL/odata/RndvRqIi(9040,90,1000000,537,7000000)/Update - {"IIVALUE": "Ventilated Cabinet 4", "IIVALUEF": 0}
2024-07-18 07:10:14,969 - ERROR - Error at 0 on Try 1: 404 Client Error: Not Found for url: https://opcenter-test.goodyear.com/OpcenterRDnLGIL/odata/RndvRqIi(9040,90,1000000,538,8000000)/Update - {"IIVALUE": "0", "IIVALUEF": 0}
2024-07-18 07:10:15,657 - ERROR - Error at 0 on Try 2: 404 Client Error: Not Found for url: https://opcenter-test.goodyear.com/OpcenterRDnLGIL/odata/RndvRqIi(9040,90,1000000,538,8000000)/Update - {"IIVALUE": "0", "IIVALUEF": 0}
2024-07-18 07:10:16,375 - ERROR - Error at 0 on Try 3: 404 Client Error: Not Found for url: https://opcenter-test.goodyear.com/OpcenterRDnLGIL/odata/RndvRqIi(9040,90,1000000,538,8000000)/Update - {"IIVALUE": "0", "IIVALUEF": 0}
2024-07-18 07:10:17,068 - ERROR - Error at 0 on Try 4: 404 Client Error: Not Found for url: https://opcenter-test.goodyear.com/OpcenterRDnLGIL/odata/RndvRqIi(9040,90,1000000,538,8000000)/Update - {"IIVALUE": "0", "IIVALUEF": 0}
2024-07-18 07:10:17,748 - ERROR - Error at 0 on Try 5: 404 Client Error: Not Found for url: https://opcenter-test.goodyear.com/OpcenterRDnLGIL/odata/RndvRqIi(9040,90,1000000,538,8000000)/Update - {"IIVALUE": "0", "IIVALUEF": 0}
2024-07-18 07:10:17,950 - ERROR - Error at 0 on Try 1: 404 Client Error: Not Found for url: https://opcenter-test.goodyear.com/OpcenterRDnLGIL/odata/RndvRqIi(9040,90,1000000,539,9000000)/Update - {"IIVALUE": "Dartevelle, Coralie", "IIVALUEF": 0}
2024-07-18 07:10:18,648 - ERROR - Error at 0 on Try 2: 404 Client Error: Not Found for url: https://opcenter-test.goodyear.com/OpcenterRDnLGIL/odata/RndvRqIi(9040,90,1000000,539,9000000)/Update - {"IIVALUE": "Dartevelle, Coralie", "IIVALUEF": 0}
2024-07-18 07:10:19,366 - ERROR - Error at 0 on Try 3: 404 Client Error: Not Found for url: https://opcenter-test.goodyear.com/OpcenterRDnLGIL/odata/RndvRqIi(9040,90,1000000,539,9000000)/Update - {"IIVALUE": "Dartevelle, Coralie", "IIVALUEF": 0}
2024-07-18 07:10:20,071 - ERROR - Error at 0 on Try 4: 404 Client Error: Not Found for url: https://opcenter-test.goodyear.com/OpcenterRDnLGIL/odata/RndvRqIi(9040,90,1000000,539,9000000)/Update - {"IIVALUE": "Dartevelle, Coralie", "IIVALUEF": 0}
2024-07-18 07:10:20,755 - ERROR - Error at 0 on Try 5: 404 Client Error: Not Found for url: https://opcenter-test.goodyear.com/OpcenterRDnLGIL/odata/RndvRqIi(9040,90,1000000,539,9000000)/Update - {"IIVALUE": "Dartevelle, Coralie", "IIVALUEF": 0}
2024-07-18 07:10:20,940 - ERROR - Error at 0 on Try 1: 404 Client Error: Not Found for url: https://opcenter-test.goodyear.com/OpcenterRDnLGIL/odata/RndvRqIi(9040,90,1000000,540,10000000)/Update - {"IIVALUE": "105-11-3", "IIVALUEF": 0}
2024-07-18 07:10:21,620 - ERROR - Error at 0 on Try 2: 404 Client Error: Not Found for url: https://opcenter-test.goodyear.com/OpcenterRDnLGIL/odata/RndvRqIi(9040,90,1000000,540,10000000)/Update - {"IIVALUE": "105-11-3", "IIVALUEF": 0}
2024-07-18 07:10:22,298 - ERROR - Error at 0 on Try 3: 404 Client Error: Not Found for url: https://opcenter-test.goodyear.com/OpcenterRDnLGIL/odata/RndvRqIi(9040,90,1000000,540,10000000)/Update - {"IIVALUE": "105-11-3", "IIVALUEF": 0}
2024-07-18 07:10:22,979 - ERROR - Error at 0 on Try 4: 404 Client Error: Not Found for url: https://opcenter-test.goodyear.com/OpcenterRDnLGIL/odata/RndvRqIi(9040,90,1000000,540,10000000)/Update - {"IIVALUE": "105-11-3", "IIVALUEF": 0}
2024-07-18 07:10:23,654 - ERROR - Error at 0 on Try 5: 404 Client Error: Not Found for url: https://opcenter-test.goodyear.com/OpcenterRDnLGIL/odata/RndvRqIi(9040,90,1000000,540,10000000)/Update - {"IIVALUE": "105-11-3", "IIVALUEF": 0}
2024-07-18 07:10:23,862 - ERROR - Error at 0 on Try 1: 404 Client Error: Not Found for url: https://opcenter-test.goodyear.com/OpcenterRDnLGIL/odata/RndvRqIi(9040,90,1000000,541,11000000)/Update - {"IIVALUE": "50.0", "IIVALUEF": 0}
2024-07-18 07:10:24,547 - ERROR - Error at 0 on Try 2: 404 Client Error: Not Found for url: https://opcenter-test.goodyear.com/OpcenterRDnLGIL/odata/RndvRqIi(9040,90,1000000,541,11000000)/Update - {"IIVALUE": "50.0", "IIVALUEF": 0}
2024-07-18 07:10:25,261 - ERROR - Error at 0 on Try 3: 404 Client Error: Not Found for url: https://opcenter-test.goodyear.com/OpcenterRDnLGIL/odata/RndvRqIi(9040,90,1000000,541,11000000)/Update - {"IIVALUE": "50.0", "IIVALUEF": 0}
2024-07-18 07:10:25,954 - ERROR - Error at 0 on Try 4: 404 Client Error: Not Found for url: https://opcenter-test.goodyear.com/OpcenterRDnLGIL/odata/RndvRqIi(9040,90,1000000,541,11000000)/Update - {"IIVALUE": "50.0", "IIVALUEF": 0}
2024-07-18 07:10:26,637 - ERROR - Error at 0 on Try 5: 404 Client Error: Not Found for url: https://opcenter-test.goodyear.com/OpcenterRDnLGIL/odata/RndvRqIi(9040,90,1000000,541,11000000)/Update - {"IIVALUE": "50.0", "IIVALUEF": 0}
2024-07-18 07:10:26,831 - ERROR - Error at 0 on Try 1: 404 Client Error: Not Found for url: https://opcenter-test.goodyear.com/OpcenterRDnLGIL/odata/RndvRqIi(9040,90,1000000,640,12000000)/Update - {"IIVALUE": "Method/Project: Chromato", "IIVALUEF": 0}
2024-07-18 07:10:27,511 - ERROR - Error at 0 on Try 2: 404 Client Error: Not Found for url: https://opcenter-test.goodyear.com/OpcenterRDnLGIL/odata/RndvRqIi(9040,90,1000000,640,12000000)/Update - {"IIVALUE": "Method/Project: Chromato", "IIVALUEF": 0}
2024-07-18 07:10:28,192 - ERROR - Error at 0 on Try 3: 404 Client Error: Not Found for url: https://opcenter-test.goodyear.com/OpcenterRDnLGIL/odata/RndvRqIi(9040,90,1000000,640,12000000)/Update - {"IIVALUE": "Method/Project: Chromato", "IIVALUEF": 0}
2024-07-18 07:10:28,895 - ERROR - Error at 0 on Try 4: 404 Client Error: Not Found for url: https://opcenter-test.goodyear.com/OpcenterRDnLGIL/odata/RndvRqIi(9040,90,1000000,640,12000000)/Update - {"IIVALUE": "Method/Project: Chromato", "IIVALUEF": 0}
2024-07-18 07:10:29,576 - ERROR - Error at 0 on Try 5: 404 Client Error: Not Found for url: https://opcenter-test.goodyear.com/OpcenterRDnLGIL/odata/RndvRqIi(9040,90,1000000,640,12000000)/Update - {"IIVALUE": "Method/Project: Chromato", "IIVALUEF": 0}
2024-07-18 07:10:29,761 - ERROR - Error at 0 on Try 1: 404 Client Error: Not Found for url: https://opcenter-test.goodyear.com/OpcenterRDnLGIL/odata/RndvRqIi(9040,90,1000000,647,13000000)/Update - {"IIVALUE": "Adv. Chemistry", "IIVALUEF": 0}
2024-07-18 07:10:30,441 - ERROR - Error at 0 on Try 2: 404 Client Error: Not Found for url: https://opcenter-test.goodyear.com/OpcenterRDnLGIL/odata/RndvRqIi(9040,90,1000000,647,13000000)/Update - {"IIVALUE": "Adv. Chemistry", "IIVALUEF": 0}
2024-07-18 07:10:31,128 - ERROR - Error at 0 on Try 3: 404 Client Error: Not Found for url: https://opcenter-test.goodyear.com/OpcenterRDnLGIL/odata/RndvRqIi(9040,90,1000000,647,13000000)/Update - {"IIVALUE": "Adv. Chemistry", "IIVALUEF": 0}
2024-07-18 07:10:31,817 - ERROR - Error at 0 on Try 4: 404 Client Error: Not Found for url: https://opcenter-test.goodyear.com/OpcenterRDnLGIL/odata/RndvRqIi(9040,90,1000000,647,13000000)/Update - {"IIVALUE": "Adv. Chemistry", "IIVALUEF": 0}
2024-07-18 07:10:32,503 - ERROR - Error at 0 on Try 5: 404 Client Error: Not Found for url: https://opcenter-test.goodyear.com/OpcenterRDnLGIL/odata/RndvRqIi(9040,90,1000000,647,13000000)/Update - {"IIVALUE": "Adv. Chemistry", "IIVALUEF": 0}
2024-07-18 07:10:32,687 - ERROR - Error at 0 on Try 1: 404 Client Error: Not Found for url: https://opcenter-test.goodyear.com/OpcenterRDnLGIL/odata/RndvRqIi(9040,90,1000000,648,2000000)/Update - {"IIVALUE": "0", "IIVALUEF": 0}
2024-07-18 07:10:33,379 - ERROR - Error at 0 on Try 2: 404 Client Error: Not Found for url: https://opcenter-test.goodyear.com/OpcenterRDnLGIL/odata/RndvRqIi(9040,90,1000000,648,2000000)/Update - {"IIVALUE": "0", "IIVALUEF": 0}
2024-07-18 07:10:34,061 - ERROR - Error at 0 on Try 3: 404 Client Error: Not Found for url: https://opcenter-test.goodyear.com/OpcenterRDnLGIL/odata/RndvRqIi(9040,90,1000000,648,2000000)/Update - {"IIVALUE": "0", "IIVALUEF": 0}
2024-07-18 07:10:34,750 - ERROR - Error at 0 on Try 4: 404 Client Error: Not Found for url: https://opcenter-test.goodyear.com/OpcenterRDnLGIL/odata/RndvRqIi(9040,90,1000000,648,2000000)/Update - {"IIVALUE": "0", "IIVALUEF": 0}
2024-07-18 07:10:35,439 - ERROR - Error at 0 on Try 5: 404 Client Error: Not Found for url: https://opcenter-test.goodyear.com/OpcenterRDnLGIL/odata/RndvRqIi(9040,90,1000000,648,2000000)/Update - {"IIVALUE": "0", "IIVALUEF": 0}
2024-07-18 07:10:35,633 - ERROR - Error at 0 on Try 1: 404 Client Error: Not Found for url: https://opcenter-test.goodyear.com/OpcenterRDnLGIL/odata/RndvRqIi(9040,90,1000000,649,14000000)/Update - {"IIVALUE": "p-Benzoquinone dioxime, 95% ", "IIVALUEF": 0}
2024-07-18 07:10:36,317 - ERROR - Error at 0 on Try 2: 404 Client Error: Not Found for url: https://opcenter-test.goodyear.com/OpcenterRDnLGIL/odata/RndvRqIi(9040,90,1000000,649,14000000)/Update - {"IIVALUE": "p-Benzoquinone dioxime, 95% ", "IIVALUEF": 0}
2024-07-18 07:10:37,014 - ERROR - Error at 0 on Try 3: 404 Client Error: Not Found for url: https://opcenter-test.goodyear.com/OpcenterRDnLGIL/odata/RndvRqIi(9040,90,1000000,649,14000000)/Update - {"IIVALUE": "p-Benzoquinone dioxime, 95% ", "IIVALUEF": 0}
2024-07-18 07:10:37,703 - ERROR - Error at 0 on Try 4: 404 Client Error: Not Found for url: https://opcenter-test.goodyear.com/OpcenterRDnLGIL/odata/RndvRqIi(9040,90,1000000,649,14000000)/Update - {"IIVALUE": "p-Benzoquinone dioxime, 95% ", "IIVALUEF": 0}
2024-07-18 07:10:38,396 - ERROR - Error at 0 on Try 5: 404 Client Error: Not Found for url: https://opcenter-test.goodyear.com/OpcenterRDnLGIL/odata/RndvRqIi(9040,90,1000000,649,14000000)/Update - {"IIVALUE": "p-Benzoquinone dioxime, 95% ", "IIVALUEF": 0}
2024-07-18 07:10:38,586 - ERROR - Error at 0 on Try 1: 404 Client Error: Not Found for url: https://opcenter-test.goodyear.com/OpcenterRDnLGIL/odata/RndvRqIi(9040,90,1000000,650,15000000)/Update - {"IIVALUE": "Alfa Aesar", "IIVALUEF": 0}
2024-07-18 07:10:39,270 - ERROR - Error at 0 on Try 2: 404 Client Error: Not Found for url: https://opcenter-test.goodyear.com/OpcenterRDnLGIL/odata/RndvRqIi(9040,90,1000000,650,15000000)/Update - {"IIVALUE": "Alfa Aesar", "IIVALUEF": 0}
2024-07-18 07:10:39,973 - ERROR - Error at 0 on Try 3: 404 Client Error: Not Found for url: https://opcenter-test.goodyear.com/OpcenterRDnLGIL/odata/RndvRqIi(9040,90,1000000,650,15000000)/Update - {"IIVALUE": "Alfa Aesar", "IIVALUEF": 0}
2024-07-18 07:10:40,653 - ERROR - Error at 0 on Try 4: 404 Client Error: Not Found for url: https://opcenter-test.goodyear.com/OpcenterRDnLGIL/odata/RndvRqIi(9040,90,1000000,650,15000000)/Update - {"IIVALUE": "Alfa Aesar", "IIVALUEF": 0}
2024-07-18 07:10:41,360 - ERROR - Error at 0 on Try 5: 404 Client Error: Not Found for url: https://opcenter-test.goodyear.com/OpcenterRDnLGIL/odata/RndvRqIi(9040,90,1000000,650,15000000)/Update - {"IIVALUE": "Alfa Aesar", "IIVALUEF": 0}
2024-07-18 07:10:41,560 - ERROR - Error at 0 on Try 1: 404 Client Error: Not Found for url: https://opcenter-test.goodyear.com/OpcenterRDnLGIL/odata/RndvRqIi(9040,90,1000000,653,17000000)/Update - {"IIVALUE": "0", "IIVALUEF": 0}
2024-07-18 07:10:42,241 - ERROR - Error at 0 on Try 2: 404 Client Error: Not Found for url: https://opcenter-test.goodyear.com/OpcenterRDnLGIL/odata/RndvRqIi(9040,90,1000000,653,17000000)/Update - {"IIVALUE": "0", "IIVALUEF": 0}
2024-07-18 07:10:42,924 - ERROR - Error at 0 on Try 3: 404 Client Error: Not Found for url: https://opcenter-test.goodyear.com/OpcenterRDnLGIL/odata/RndvRqIi(9040,90,1000000,653,17000000)/Update - {"IIVALUE": "0", "IIVALUEF": 0}
2024-07-18 07:10:43,611 - ERROR - Error at 0 on Try 4: 404 Client Error: Not Found for url: https://opcenter-test.goodyear.com/OpcenterRDnLGIL/odata/RndvRqIi(9040,90,1000000,653,17000000)/Update - {"IIVALUE": "0", "IIVALUEF": 0}
2024-07-18 07:10:44,297 - ERROR - Error at 0 on Try 5: 404 Client Error: Not Found for url: https://opcenter-test.goodyear.com/OpcenterRDnLGIL/odata/RndvRqIi(9040,90,1000000,653,17000000)/Update - {"IIVALUE": "0", "IIVALUEF": 0}
2024-07-18 07:10:44,477 - ERROR - Error at 0 on Try 1: 404 Client Error: Not Found for url: https://opcenter-test.goodyear.com/OpcenterRDnLGIL/odata/RndvRqIi(9040,90,1000000,654,16000000)/Update - {"IIVALUE": "g", "IIVALUEF": 0}
2024-07-18 07:10:45,184 - ERROR - Error at 0 on Try 2: 404 Client Error: Not Found for url: https://opcenter-test.goodyear.com/OpcenterRDnLGIL/odata/RndvRqIi(9040,90,1000000,654,16000000)/Update - {"IIVALUE": "g", "IIVALUEF": 0}
2024-07-18 07:10:45,880 - ERROR - Error at 0 on Try 3: 404 Client Error: Not Found for url: https://opcenter-test.goodyear.com/OpcenterRDnLGIL/odata/RndvRqIi(9040,90,1000000,654,16000000)/Update - {"IIVALUE": "g", "IIVALUEF": 0}
2024-07-18 07:10:46,565 - ERROR - Error at 0 on Try 4: 404 Client Error: Not Found for url: https://opcenter-test.goodyear.com/OpcenterRDnLGIL/odata/RndvRqIi(9040,90,1000000,654,16000000)/Update - {"IIVALUE": "g", "IIVALUEF": 0}
2024-07-18 07:10:47,257 - ERROR - Error at 0 on Try 5: 404 Client Error: Not Found for url: https://opcenter-test.goodyear.com/OpcenterRDnLGIL/odata/RndvRqIi(9040,90,1000000,654,16000000)/Update - {"IIVALUE": "g", "IIVALUEF": 0}
2024-07-18 07:10:47,457 - ERROR - Error at 0 on Try 1: 404 Client Error: Not Found for url: https://opcenter-test.goodyear.com/OpcenterRDnLGIL/odata/RndvRqIi(9040,90,1000000,656,18000000)/Update - {"IIVALUE": "0", "IIVALUEF": 0}
2024-07-18 07:10:48,140 - ERROR - Error at 0 on Try 2: 404 Client Error: Not Found for url: https://opcenter-test.goodyear.com/OpcenterRDnLGIL/odata/RndvRqIi(9040,90,1000000,656,18000000)/Update - {"IIVALUE": "0", "IIVALUEF": 0}
2024-07-18 07:10:48,821 - ERROR - Error at 0 on Try 3: 404 Client Error: Not Found for url: https://opcenter-test.goodyear.com/OpcenterRDnLGIL/odata/RndvRqIi(9040,90,1000000,656,18000000)/Update - {"IIVALUE": "0", "IIVALUEF": 0}
2024-07-18 07:10:49,500 - ERROR - Error at 0 on Try 4: 404 Client Error: Not Found for url: https://opcenter-test.goodyear.com/OpcenterRDnLGIL/odata/RndvRqIi(9040,90,1000000,656,18000000)/Update - {"IIVALUE": "0", "IIVALUEF": 0}
2024-07-18 07:10:50,211 - ERROR - Error at 0 on Try 5: 404 Client Error: Not Found for url: https://opcenter-test.goodyear.com/OpcenterRDnLGIL/odata/RndvRqIi(9040,90,1000000,656,18000000)/Update - {"IIVALUE": "0", "IIVALUEF": 0}
2024-07-18 07:10:50,402 - ERROR - Error at 0 on Try 1: 404 Client Error: Not Found for url: https://opcenter-test.goodyear.com/OpcenterRDnLGIL/odata/RndvRqIi(9040,90,1000000,531,19000000)/Update - {"IIVALUE": "H1231A", "IIVALUEF": 0}
2024-07-18 07:10:51,100 - ERROR - Error at 0 on Try 2: 404 Client Error: Not Found for url: https://opcenter-test.goodyear.com/OpcenterRDnLGIL/odata/RndvRqIi(9040,90,1000000,531,19000000)/Update - {"IIVALUE": "H1231A", "IIVALUEF": 0}
2024-07-18 07:10:51,786 - ERROR - Error at 0 on Try 3: 404 Client Error: Not Found for url: https://opcenter-test.goodyear.com/OpcenterRDnLGIL/odata/RndvRqIi(9040,90,1000000,531,19000000)/Update - {"IIVALUE": "H1231A", "IIVALUEF": 0}
2024-07-18 07:10:52,478 - ERROR - Error at 0 on Try 4: 404 Client Error: Not Found for url: https://opcenter-test.goodyear.com/OpcenterRDnLGIL/odata/RndvRqIi(9040,90,1000000,531,19000000)/Update - {"IIVALUE": "H1231A", "IIVALUEF": 0}
2024-07-18 07:10:53,163 - ERROR - Error at 0 on Try 5: 404 Client Error: Not Found for url: https://opcenter-test.goodyear.com/OpcenterRDnLGIL/odata/RndvRqIi(9040,90,1000000,531,19000000)/Update - {"IIVALUE": "H1231A", "IIVALUEF": 0}
2024-07-18 07:10:53,507 - INFO - Success on 1: 200 - {"IIVALUE": "A17532", "IIVALUEF": 0}
2024-07-18 07:11:03,864 - INFO - Success on 2: 200 - {"SHORT_DESC": "Chemical & Consumables Container", "RQ_VALUE": null, "DESCRIPTION": "Chemical & Consumables Container"}
2024-07-18 07:11:05,051 - INFO - Success on 2: 200 - {"StatusTo": 5}
2024-07-18 07:11:05,250 - ERROR - Error at 1 on Try 1: 404 Client Error: Not Found for url: https://opcenter-test.goodyear.com/OpcenterRDnLGIL/odata/RndvRqIi(9041,90,1000000,9,5000000)/Update - {"IIVALUE": "AS*L", "IIVALUEF": 0}
2024-07-18 07:11:05,936 - ERROR - Error at 1 on Try 2: 404 Client Error: Not Found for url: https://opcenter-test.goodyear.com/OpcenterRDnLGIL/odata/RndvRqIi(9041,90,1000000,9,5000000)/Update - {"IIVALUE": "AS*L", "IIVALUEF": 0}
2024-07-18 07:11:06,627 - ERROR - Error at 1 on Try 3: 404 Client Error: Not Found for url: https://opcenter-test.goodyear.com/OpcenterRDnLGIL/odata/RndvRqIi(9041,90,1000000,9,5000000)/Update - {"IIVALUE": "AS*L", "IIVALUEF": 0}
2024-07-18 07:11:07,319 - ERROR - Error at 1 on Try 4: 404 Client Error: Not Found for url: https://opcenter-test.goodyear.com/OpcenterRDnLGIL/odata/RndvRqIi(9041,90,1000000,9,5000000)/Update - {"IIVALUE": "AS*L", "IIVALUEF": 0}
2024-07-18 07:11:08,009 - ERROR - Error at 1 on Try 5: 404 Client Error: Not Found for url: https://opcenter-test.goodyear.com/OpcenterRDnLGIL/odata/RndvRqIi(9041,90,1000000,9,5000000)/Update - {"IIVALUE": "AS*L", "IIVALUEF": 0}
2024-07-18 07:11:08,196 - ERROR - Error at 1 on Try 1: 404 Client Error: Not Found for url: https://opcenter-test.goodyear.com/OpcenterRDnLGIL/odata/RndvRqIi(9041,90,1000000,530,1000000)/Update - {"IIVALUE": "0", "IIVALUEF": 0}
2024-07-18 07:11:08,896 - ERROR - Error at 1 on Try 2: 404 Client Error: Not Found for url: https://opcenter-test.goodyear.com/OpcenterRDnLGIL/odata/RndvRqIi(9041,90,1000000,530,1000000)/Update - {"IIVALUE": "0", "IIVALUEF": 0}
2024-07-18 07:11:09,583 - ERROR - Error at 1 on Try 3: 404 Client Error: Not Found for url: https://opcenter-test.goodyear.com/OpcenterRDnLGIL/odata/RndvRqIi(9041,90,1000000,530,1000000)/Update - {"IIVALUE": "0", "IIVALUEF": 0}
2024-07-18 07:11:10,268 - ERROR - Error at 1 on Try 4: 404 Client Error: Not Found for url: https://opcenter-test.goodyear.com/OpcenterRDnLGIL/odata/RndvRqIi(9041,90,1000000,530,1000000)/Update - {"IIVALUE": "0", "IIVALUEF": 0}
2024-07-18 07:11:10,958 - ERROR - Error at 1 on Try 5: 404 Client Error: Not Found for url: https://opcenter-test.goodyear.com/OpcenterRDnLGIL/odata/RndvRqIi(9041,90,1000000,530,1000000)/Update - {"IIVALUE": "0", "IIVALUEF": 0}
2024-07-18 07:11:11,157 - ERROR - Error at 1 on Try 1: 404 Client Error: Not Found for url: https://opcenter-test.goodyear.com/OpcenterRDnLGIL/odata/RndvRqIi(9041,90,1000000,534,4000000)/Update - {"IIVALUE": "09/15/2023 12:00:00 AM +00:00", "IIVALUEF": 0}
2024-07-18 07:11:11,844 - ERROR - Error at 1 on Try 2: 404 Client Error: Not Found for url: https://opcenter-test.goodyear.com/OpcenterRDnLGIL/odata/RndvRqIi(9041,90,1000000,534,4000000)/Update - {"IIVALUE": "09/15/2023 12:00:00 AM +00:00", "IIVALUEF": 0}
2024-07-18 07:11:12,537 - ERROR - Error at 1 on Try 3: 404 Client Error: Not Found for url: https://opcenter-test.goodyear.com/OpcenterRDnLGIL/odata/RndvRqIi(9041,90,1000000,534,4000000)/Update - {"IIVALUE": "09/15/2023 12:00:00 AM +00:00", "IIVALUEF": 0}
2024-07-18 07:11:13,222 - ERROR - Error at 1 on Try 4: 404 Client Error: Not Found for url: https://opcenter-test.goodyear.com/OpcenterRDnLGIL/odata/RndvRqIi(9041,90,1000000,534,4000000)/Update - {"IIVALUE": "09/15/2023 12:00:00 AM +00:00", "IIVALUEF": 0}
2024-07-18 07:11:13,907 - ERROR - Error at 1 on Try 5: 404 Client Error: Not Found for url: https://opcenter-test.goodyear.com/OpcenterRDnLGIL/odata/RndvRqIi(9041,90,1000000,534,4000000)/Update - {"IIVALUE": "09/15/2023 12:00:00 AM +00:00", "IIVALUEF": 0}
2024-07-18 07:11:14,090 - ERROR - Error at 1 on Try 1: 404 Client Error: Not Found for url: https://opcenter-test.goodyear.com/OpcenterRDnLGIL/odata/RndvRqIi(9041,90,1000000,535,3000000)/Update - {"IIVALUE": "09/14/2026 12:00:00 AM +00:00", "IIVALUEF": 0}
2024-07-18 07:11:14,801 - ERROR - Error at 1 on Try 2: 404 Client Error: Not Found for url: https://opcenter-test.goodyear.com/OpcenterRDnLGIL/odata/RndvRqIi(9041,90,1000000,535,3000000)/Update - {"IIVALUE": "09/14/2026 12:00:00 AM +00:00", "IIVALUEF": 0}
2024-07-18 07:11:15,480 - ERROR - Error at 1 on Try 3: 404 Client Error: Not Found for url: https://opcenter-test.goodyear.com/OpcenterRDnLGIL/odata/RndvRqIi(9041,90,1000000,535,3000000)/Update - {"IIVALUE": "09/14/2026 12:00:00 AM +00:00", "IIVALUEF": 0}
2024-07-18 07:11:16,185 - ERROR - Error at 1 on Try 4: 404 Client Error: Not Found for url: https://opcenter-test.goodyear.com/OpcenterRDnLGIL/odata/RndvRqIi(9041,90,1000000,535,3000000)/Update - {"IIVALUE": "09/14/2026 12:00:00 AM +00:00", "IIVALUEF": 0}
2024-07-18 07:11:16,894 - ERROR - Error at 1 on Try 5: 404 Client Error: Not Found for url: https://opcenter-test.goodyear.com/OpcenterRDnLGIL/odata/RndvRqIi(9041,90,1000000,535,3000000)/Update - {"IIVALUE": "09/14/2026 12:00:00 AM +00:00", "IIVALUEF": 0}
2024-07-18 07:11:17,085 - ERROR - Error at 1 on Try 1: 404 Client Error: Not Found for url: https://opcenter-test.goodyear.com/OpcenterRDnLGIL/odata/RndvRqIi(9041,90,1000000,536,6000000)/Update - {"IIVALUE": "GIC*L", "IIVALUEF": 0}
2024-07-18 07:11:17,770 - ERROR - Error at 1 on Try 2: 404 Client Error: Not Found for url: https://opcenter-test.goodyear.com/OpcenterRDnLGIL/odata/RndvRqIi(9041,90,1000000,536,6000000)/Update - {"IIVALUE": "GIC*L", "IIVALUEF": 0}
2024-07-18 07:11:18,477 - ERROR - Error at 1 on Try 3: 404 Client Error: Not Found for url: https://opcenter-test.goodyear.com/OpcenterRDnLGIL/odata/RndvRqIi(9041,90,1000000,536,6000000)/Update - {"IIVALUE": "GIC*L", "IIVALUEF": 0}
2024-07-18 07:11:19,160 - ERROR - Error at 1 on Try 4: 404 Client Error: Not Found for url: https://opcenter-test.goodyear.com/OpcenterRDnLGIL/odata/RndvRqIi(9041,90,1000000,536,6000000)/Update - {"IIVALUE": "GIC*L", "IIVALUEF": 0}
2024-07-18 07:11:19,842 - ERROR - Error at 1 on Try 5: 404 Client Error: Not Found for url: https://opcenter-test.goodyear.com/OpcenterRDnLGIL/odata/RndvRqIi(9041,90,1000000,536,6000000)/Update - {"IIVALUE": "GIC*L", "IIVALUEF": 0}
2024-07-18 07:11:20,027 - ERROR - Error at 1 on Try 1: 404 Client Error: Not Found for url: https://opcenter-test.goodyear.com/OpcenterRDnLGIL/odata/RndvRqIi(9041,90,1000000,537,7000000)/Update - {"IIVALUE": "Ventilated Cabinet 4", "IIVALUEF": 0}
2024-07-18 07:11:20,706 - ERROR - Error at 1 on Try 2: 404 Client Error: Not Found for url: https://opcenter-test.goodyear.com/OpcenterRDnLGIL/odata/RndvRqIi(9041,90,1000000,537,7000000)/Update - {"IIVALUE": "Ventilated Cabinet 4", "IIVALUEF": 0}
2024-07-18 07:11:21,418 - ERROR - Error at 1 on Try 3: 404 Client Error: Not Found for url: https://opcenter-test.goodyear.com/OpcenterRDnLGIL/odata/RndvRqIi(9041,90,1000000,537,7000000)/Update - {"IIVALUE": "Ventilated Cabinet 4", "IIVALUEF": 0}
2024-07-18 07:11:22,103 - ERROR - Error at 1 on Try 4: 404 Client Error: Not Found for url: https://opcenter-test.goodyear.com/OpcenterRDnLGIL/odata/RndvRqIi(9041,90,1000000,537,7000000)/Update - {"IIVALUE": "Ventilated Cabinet 4", "IIVALUEF": 0}
2024-07-18 07:11:22,791 - ERROR - Error at 1 on Try 5: 404 Client Error: Not Found for url: https://opcenter-test.goodyear.com/OpcenterRDnLGIL/odata/RndvRqIi(9041,90,1000000,537,7000000)/Update - {"IIVALUE": "Ventilated Cabinet 4", "IIVALUEF": 0}
2024-07-18 07:11:22,976 - ERROR - Error at 1 on Try 1: 404 Client Error: Not Found for url: https://opcenter-test.goodyear.com/OpcenterRDnLGIL/odata/RndvRqIi(9041,90,1000000,538,8000000)/Update - {"IIVALUE": "0", "IIVALUEF": 0}
2024-07-18 07:11:23,658 - ERROR - Error at 1 on Try 2: 404 Client Error: Not Found for url: https://opcenter-test.goodyear.com/OpcenterRDnLGIL/odata/RndvRqIi(9041,90,1000000,538,8000000)/Update - {"IIVALUE": "0", "IIVALUEF": 0}
2024-07-18 07:11:24,362 - ERROR - Error at 1 on Try 3: 404 Client Error: Not Found for url: https://opcenter-test.goodyear.com/OpcenterRDnLGIL/odata/RndvRqIi(9041,90,1000000,538,8000000)/Update - {"IIVALUE": "0", "IIVALUEF": 0}
2024-07-18 07:11:25,045 - ERROR - Error at 1 on Try 4: 404 Client Error: Not Found for url: https://opcenter-test.goodyear.com/OpcenterRDnLGIL/odata/RndvRqIi(9041,90,1000000,538,8000000)/Update - {"IIVALUE": "0", "IIVALUEF": 0}
2024-07-18 07:11:25,729 - ERROR - Error at 1 on Try 5: 404 Client Error: Not Found for url: https://opcenter-test.goodyear.com/OpcenterRDnLGIL/odata/RndvRqIi(9041,90,1000000,538,8000000)/Update - {"IIVALUE": "0", "IIVALUEF": 0}
2024-07-18 07:11:25,914 - ERROR - Error at 1 on Try 1: 404 Client Error: Not Found for url: https://opcenter-test.goodyear.com/OpcenterRDnLGIL/odata/RndvRqIi(9041,90,1000000,539,9000000)/Update - {"IIVALUE": "Kepenne, Veronique", "IIVALUEF": 0}
2024-07-18 07:11:26,614 - ERROR - Error at 1 on Try 2: 404 Client Error: Not Found for url: https://opcenter-test.goodyear.com/OpcenterRDnLGIL/odata/RndvRqIi(9041,90,1000000,539,9000000)/Update - {"IIVALUE": "Kepenne, Veronique", "IIVALUEF": 0}
2024-07-18 07:11:27,300 - ERROR - Error at 1 on Try 3: 404 Client Error: Not Found for url: https://opcenter-test.goodyear.com/OpcenterRDnLGIL/odata/RndvRqIi(9041,90,1000000,539,9000000)/Update - {"IIVALUE": "Kepenne, Veronique", "IIVALUEF": 0}
2024-07-18 07:11:27,981 - ERROR - Error at 1 on Try 4: 404 Client Error: Not Found for url: https://opcenter-test.goodyear.com/OpcenterRDnLGIL/odata/RndvRqIi(9041,90,1000000,539,9000000)/Update - {"IIVALUE": "Kepenne, Veronique", "IIVALUEF": 0}
2024-07-18 07:11:28,667 - ERROR - Error at 1 on Try 5: 404 Client Error: Not Found for url: https://opcenter-test.goodyear.com/OpcenterRDnLGIL/odata/RndvRqIi(9041,90,1000000,539,9000000)/Update - {"IIVALUE": "Kepenne, Veronique", "IIVALUEF": 0}
2024-07-18 07:11:28,848 - ERROR - Error at 1 on Try 1: 404 Client Error: Not Found for url: https://opcenter-test.goodyear.com/OpcenterRDnLGIL/odata/RndvRqIi(9041,90,1000000,540,10000000)/Update - {"IIVALUE": "77-09-8", "IIVALUEF": 0}
2024-07-18 07:11:29,536 - ERROR - Error at 1 on Try 2: 404 Client Error: Not Found for url: https://opcenter-test.goodyear.com/OpcenterRDnLGIL/odata/RndvRqIi(9041,90,1000000,540,10000000)/Update - {"IIVALUE": "77-09-8", "IIVALUEF": 0}
2024-07-18 07:11:30,218 - ERROR - Error at 1 on Try 3: 404 Client Error: Not Found for url: https://opcenter-test.goodyear.com/OpcenterRDnLGIL/odata/RndvRqIi(9041,90,1000000,540,10000000)/Update - {"IIVALUE": "77-09-8", "IIVALUEF": 0}
2024-07-18 07:11:30,900 - ERROR - Error at 1 on Try 4: 404 Client Error: Not Found for url: https://opcenter-test.goodyear.com/OpcenterRDnLGIL/odata/RndvRqIi(9041,90,1000000,540,10000000)/Update - {"IIVALUE": "77-09-8", "IIVALUEF": 0}
2024-07-18 07:11:31,588 - ERROR - Error at 1 on Try 5: 404 Client Error: Not Found for url: https://opcenter-test.goodyear.com/OpcenterRDnLGIL/odata/RndvRqIi(9041,90,1000000,540,10000000)/Update - {"IIVALUE": "77-09-8", "IIVALUEF": 0}
2024-07-18 07:11:31,784 - ERROR - Error at 1 on Try 1: 404 Client Error: Not Found for url: https://opcenter-test.goodyear.com/OpcenterRDnLGIL/odata/RndvRqIi(9041,90,1000000,541,11000000)/Update - {"IIVALUE": "25.0", "IIVALUEF": 0}
2024-07-18 07:11:32,472 - ERROR - Error at 1 on Try 2: 404 Client Error: Not Found for url: https://opcenter-test.goodyear.com/OpcenterRDnLGIL/odata/RndvRqIi(9041,90,1000000,541,11000000)/Update - {"IIVALUE": "25.0", "IIVALUEF": 0}
2024-07-18 07:11:33,154 - ERROR - Error at 1 on Try 3: 404 Client Error: Not Found for url: https://opcenter-test.goodyear.com/OpcenterRDnLGIL/odata/RndvRqIi(9041,90,1000000,541,11000000)/Update - {"IIVALUE": "25.0", "IIVALUEF": 0}
2024-07-18 07:11:33,863 - ERROR - Error at 1 on Try 4: 404 Client Error: Not Found for url: https://opcenter-test.goodyear.com/OpcenterRDnLGIL/odata/RndvRqIi(9041,90,1000000,541,11000000)/Update - {"IIVALUE": "25.0", "IIVALUEF": 0}
2024-07-18 07:11:34,547 - ERROR - Error at 1 on Try 5: 404 Client Error: Not Found for url: https://opcenter-test.goodyear.com/OpcenterRDnLGIL/odata/RndvRqIi(9041,90,1000000,541,11000000)/Update - {"IIVALUE": "25.0", "IIVALUEF": 0}
2024-07-18 07:11:34,742 - ERROR - Error at 1 on Try 1: 404 Client Error: Not Found for url: https://opcenter-test.goodyear.com/OpcenterRDnLGIL/odata/RndvRqIi(9041,90,1000000,640,12000000)/Update - {"IIVALUE": "0", "IIVALUEF": 0}
2024-07-18 07:11:35,430 - ERROR - Error at 1 on Try 2: 404 Client Error: Not Found for url: https://opcenter-test.goodyear.com/OpcenterRDnLGIL/odata/RndvRqIi(9041,90,1000000,640,12000000)/Update - {"IIVALUE": "0", "IIVALUEF": 0}
2024-07-18 07:11:36,117 - ERROR - Error at 1 on Try 3: 404 Client Error: Not Found for url: https://opcenter-test.goodyear.com/OpcenterRDnLGIL/odata/RndvRqIi(9041,90,1000000,640,12000000)/Update - {"IIVALUE": "0", "IIVALUEF": 0}
2024-07-18 07:11:36,801 - ERROR - Error at 1 on Try 4: 404 Client Error: Not Found for url: https://opcenter-test.goodyear.com/OpcenterRDnLGIL/odata/RndvRqIi(9041,90,1000000,640,12000000)/Update - {"IIVALUE": "0", "IIVALUEF": 0}
2024-07-18 07:11:37,494 - ERROR - Error at 1 on Try 5: 404 Client Error: Not Found for url: https://opcenter-test.goodyear.com/OpcenterRDnLGIL/odata/RndvRqIi(9041,90,1000000,640,12000000)/Update - {"IIVALUE": "0", "IIVALUEF": 0}
2024-07-18 07:11:37,677 - ERROR - Error at 1 on Try 1: 404 Client Error: Not Found for url: https://opcenter-test.goodyear.com/OpcenterRDnLGIL/odata/RndvRqIi(9041,90,1000000,647,13000000)/Update - {"IIVALUE": "Adv. Chemistry", "IIVALUEF": 0}
2024-07-18 07:11:38,360 - ERROR - Error at 1 on Try 2: 404 Client Error: Not Found for url: https://opcenter-test.goodyear.com/OpcenterRDnLGIL/odata/RndvRqIi(9041,90,1000000,647,13000000)/Update - {"IIVALUE": "Adv. Chemistry", "IIVALUEF": 0}
2024-07-18 07:11:39,042 - ERROR - Error at 1 on Try 3: 404 Client Error: Not Found for url: https://opcenter-test.goodyear.com/OpcenterRDnLGIL/odata/RndvRqIi(9041,90,1000000,647,13000000)/Update - {"IIVALUE": "Adv. Chemistry", "IIVALUEF": 0}
2024-07-18 07:11:39,757 - ERROR - Error at 1 on Try 4: 404 Client Error: Not Found for url: https://opcenter-test.goodyear.com/OpcenterRDnLGIL/odata/RndvRqIi(9041,90,1000000,647,13000000)/Update - {"IIVALUE": "Adv. Chemistry", "IIVALUEF": 0}
2024-07-18 07:11:40,444 - ERROR - Error at 1 on Try 5: 404 Client Error: Not Found for url: https://opcenter-test.goodyear.com/OpcenterRDnLGIL/odata/RndvRqIi(9041,90,1000000,647,13000000)/Update - {"IIVALUE": "Adv. Chemistry", "IIVALUEF": 0}
2024-07-18 07:11:40,633 - ERROR - Error at 1 on Try 1: 404 Client Error: Not Found for url: https://opcenter-test.goodyear.com/OpcenterRDnLGIL/odata/RndvRqIi(9041,90,1000000,648,2000000)/Update - {"IIVALUE": "0", "IIVALUEF": 0}
2024-07-18 07:11:41,311 - ERROR - Error at 1 on Try 2: 404 Client Error: Not Found for url: https://opcenter-test.goodyear.com/OpcenterRDnLGIL/odata/RndvRqIi(9041,90,1000000,648,2000000)/Update - {"IIVALUE": "0", "IIVALUEF": 0}
2024-07-18 07:11:42,008 - ERROR - Error at 1 on Try 3: 404 Client Error: Not Found for url: https://opcenter-test.goodyear.com/OpcenterRDnLGIL/odata/RndvRqIi(9041,90,1000000,648,2000000)/Update - {"IIVALUE": "0", "IIVALUEF": 0}
2024-07-18 07:11:42,687 - ERROR - Error at 1 on Try 4: 404 Client Error: Not Found for url: https://opcenter-test.goodyear.com/OpcenterRDnLGIL/odata/RndvRqIi(9041,90,1000000,648,2000000)/Update - {"IIVALUE": "0", "IIVALUEF": 0}
2024-07-18 07:11:43,373 - ERROR - Error at 1 on Try 5: 404 Client Error: Not Found for url: https://opcenter-test.goodyear.com/OpcenterRDnLGIL/odata/RndvRqIi(9041,90,1000000,648,2000000)/Update - {"IIVALUE": "0", "IIVALUEF": 0}
2024-07-18 07:11:43,551 - ERROR - Error at 1 on Try 1: 404 Client Error: Not Found for url: https://opcenter-test.goodyear.com/OpcenterRDnLGIL/odata/RndvRqIi(9041,90,1000000,649,14000000)/Update - {"IIVALUE": "Phenolphthalein indicator ", "IIVALUEF": 0}
2024-07-18 07:11:44,232 - ERROR - Error at 1 on Try 2: 404 Client Error: Not Found for url: https://opcenter-test.goodyear.com/OpcenterRDnLGIL/odata/RndvRqIi(9041,90,1000000,649,14000000)/Update - {"IIVALUE": "Phenolphthalein indicator ", "IIVALUEF": 0}
2024-07-18 07:11:44,907 - ERROR - Error at 1 on Try 3: 404 Client Error: Not Found for url: https://opcenter-test.goodyear.com/OpcenterRDnLGIL/odata/RndvRqIi(9041,90,1000000,649,14000000)/Update - {"IIVALUE": "Phenolphthalein indicator ", "IIVALUEF": 0}
2024-07-18 07:11:45,594 - ERROR - Error at 1 on Try 4: 404 Client Error: Not Found for url: https://opcenter-test.goodyear.com/OpcenterRDnLGIL/odata/RndvRqIi(9041,90,1000000,649,14000000)/Update - {"IIVALUE": "Phenolphthalein indicator ", "IIVALUEF": 0}
2024-07-18 07:11:46,290 - ERROR - Error at 1 on Try 5: 404 Client Error: Not Found for url: https://opcenter-test.goodyear.com/OpcenterRDnLGIL/odata/RndvRqIi(9041,90,1000000,649,14000000)/Update - {"IIVALUE": "Phenolphthalein indicator ", "IIVALUEF": 0}
2024-07-18 07:11:46,485 - ERROR - Error at 1 on Try 1: 404 Client Error: Not Found for url: https://opcenter-test.goodyear.com/OpcenterRDnLGIL/odata/RndvRqIi(9041,90,1000000,650,15000000)/Update - {"IIVALUE": "Merck", "IIVALUEF": 0}
2024-07-18 07:11:47,165 - ERROR - Error at 1 on Try 2: 404 Client Error: Not Found for url: https://opcenter-test.goodyear.com/OpcenterRDnLGIL/odata/RndvRqIi(9041,90,1000000,650,15000000)/Update - {"IIVALUE": "Merck", "IIVALUEF": 0}
2024-07-18 07:11:47,848 - ERROR - Error at 1 on Try 3: 404 Client Error: Not Found for url: https://opcenter-test.goodyear.com/OpcenterRDnLGIL/odata/RndvRqIi(9041,90,1000000,650,15000000)/Update - {"IIVALUE": "Merck", "IIVALUEF": 0}
2024-07-18 07:11:48,536 - ERROR - Error at 1 on Try 4: 404 Client Error: Not Found for url: https://opcenter-test.goodyear.com/OpcenterRDnLGIL/odata/RndvRqIi(9041,90,1000000,650,15000000)/Update - {"IIVALUE": "Merck", "IIVALUEF": 0}
2024-07-18 07:11:49,215 - ERROR - Error at 1 on Try 5: 404 Client Error: Not Found for url: https://opcenter-test.goodyear.com/OpcenterRDnLGIL/odata/RndvRqIi(9041,90,1000000,650,15000000)/Update - {"IIVALUE": "Merck", "IIVALUEF": 0}
2024-07-18 07:11:49,404 - ERROR - Error at 1 on Try 1: 404 Client Error: Not Found for url: https://opcenter-test.goodyear.com/OpcenterRDnLGIL/odata/RndvRqIi(9041,90,1000000,653,17000000)/Update - {"IIVALUE": "0", "IIVALUEF": 0}
2024-07-18 07:11:50,086 - ERROR - Error at 1 on Try 2: 404 Client Error: Not Found for url: https://opcenter-test.goodyear.com/OpcenterRDnLGIL/odata/RndvRqIi(9041,90,1000000,653,17000000)/Update - {"IIVALUE": "0", "IIVALUEF": 0}
2024-07-18 07:11:50,776 - ERROR - Error at 1 on Try 3: 404 Client Error: Not Found for url: https://opcenter-test.goodyear.com/OpcenterRDnLGIL/odata/RndvRqIi(9041,90,1000000,653,17000000)/Update - {"IIVALUE": "0", "IIVALUEF": 0}
2024-07-18 07:11:51,462 - ERROR - Error at 1 on Try 4: 404 Client Error: Not Found for url: https://opcenter-test.goodyear.com/OpcenterRDnLGIL/odata/RndvRqIi(9041,90,1000000,653,17000000)/Update - {"IIVALUE": "0", "IIVALUEF": 0}
2024-07-18 07:11:52,160 - ERROR - Error at 1 on Try 5: 404 Client Error: Not Found for url: https://opcenter-test.goodyear.com/OpcenterRDnLGIL/odata/RndvRqIi(9041,90,1000000,653,17000000)/Update - {"IIVALUE": "0", "IIVALUEF": 0}
2024-07-18 07:11:52,338 - ERROR - Error at 1 on Try 1: 404 Client Error: Not Found for url: https://opcenter-test.goodyear.com/OpcenterRDnLGIL/odata/RndvRqIi(9041,90,1000000,654,16000000)/Update - {"IIVALUE": "g", "IIVALUEF": 0}
2024-07-18 07:11:53,035 - ERROR - Error at 1 on Try 2: 404 Client Error: Not Found for url: https://opcenter-test.goodyear.com/OpcenterRDnLGIL/odata/RndvRqIi(9041,90,1000000,654,16000000)/Update - {"IIVALUE": "g", "IIVALUEF": 0}
2024-07-18 07:11:53,720 - ERROR - Error at 1 on Try 3: 404 Client Error: Not Found for url: https://opcenter-test.goodyear.com/OpcenterRDnLGIL/odata/RndvRqIi(9041,90,1000000,654,16000000)/Update - {"IIVALUE": "g", "IIVALUEF": 0}
2024-07-18 07:11:54,410 - ERROR - Error at 1 on Try 4: 404 Client Error: Not Found for url: https://opcenter-test.goodyear.com/OpcenterRDnLGIL/odata/RndvRqIi(9041,90,1000000,654,16000000)/Update - {"IIVALUE": "g", "IIVALUEF": 0}
2024-07-18 07:11:55,091 - ERROR - Error at 1 on Try 5: 404 Client Error: Not Found for url: https://opcenter-test.goodyear.com/OpcenterRDnLGIL/odata/RndvRqIi(9041,90,1000000,654,16000000)/Update - {"IIVALUE": "g", "IIVALUEF": 0}
2024-07-18 07:11:55,292 - ERROR - Error at 1 on Try 1: 404 Client Error: Not Found for url: https://opcenter-test.goodyear.com/OpcenterRDnLGIL/odata/RndvRqIi(9041,90,1000000,656,18000000)/Update - {"IIVALUE": "0", "IIVALUEF": 0}
2024-07-18 07:11:56,011 - ERROR - Error at 1 on Try 2: 404 Client Error: Not Found for url: https://opcenter-test.goodyear.com/OpcenterRDnLGIL/odata/RndvRqIi(9041,90,1000000,656,18000000)/Update - {"IIVALUE": "0", "IIVALUEF": 0}
2024-07-18 07:11:56,700 - ERROR - Error at 1 on Try 3: 404 Client Error: Not Found for url: https://opcenter-test.goodyear.com/OpcenterRDnLGIL/odata/RndvRqIi(9041,90,1000000,656,18000000)/Update - {"IIVALUE": "0", "IIVALUEF": 0}
2024-07-18 07:11:57,376 - ERROR - Error at 1 on Try 4: 404 Client Error: Not Found for url: https://opcenter-test.goodyear.com/OpcenterRDnLGIL/odata/RndvRqIi(9041,90,1000000,656,18000000)/Update - {"IIVALUE": "0", "IIVALUEF": 0}
2024-07-18 07:11:58,061 - ERROR - Error at 1 on Try 5: 404 Client Error: Not Found for url: https://opcenter-test.goodyear.com/OpcenterRDnLGIL/odata/RndvRqIi(9041,90,1000000,656,18000000)/Update - {"IIVALUE": "0", "IIVALUEF": 0}
2024-07-18 07:11:58,268 - ERROR - Error at 1 on Try 1: 404 Client Error: Not Found for url: https://opcenter-test.goodyear.com/OpcenterRDnLGIL/odata/RndvRqIi(9041,90,1000000,531,19000000)/Update - {"IIVALUE": "K42845433219", "IIVALUEF": 0}
2024-07-18 07:11:58,957 - ERROR - Error at 1 on Try 2: 404 Client Error: Not Found for url: https://opcenter-test.goodyear.com/OpcenterRDnLGIL/odata/RndvRqIi(9041,90,1000000,531,19000000)/Update - {"IIVALUE": "K42845433219", "IIVALUEF": 0}
2024-07-18 07:11:59,640 - ERROR - Error at 1 on Try 3: 404 Client Error: Not Found for url: https://opcenter-test.goodyear.com/OpcenterRDnLGIL/odata/RndvRqIi(9041,90,1000000,531,19000000)/Update - {"IIVALUE": "K42845433219", "IIVALUEF": 0}
2024-07-18 07:12:00,321 - ERROR - Error at 1 on Try 4: 404 Client Error: Not Found for url: https://opcenter-test.goodyear.com/OpcenterRDnLGIL/odata/RndvRqIi(9041,90,1000000,531,19000000)/Update - {"IIVALUE": "K42845433219", "IIVALUEF": 0}
2024-07-18 07:12:01,025 - ERROR - Error at 1 on Try 5: 404 Client Error: Not Found for url: https://opcenter-test.goodyear.com/OpcenterRDnLGIL/odata/RndvRqIi(9041,90,1000000,531,19000000)/Update - {"IIVALUE": "K42845433219", "IIVALUEF": 0}
2024-07-18 07:12:01,347 - INFO - Success on 2: 200 - {"IIVALUE": "1.07233.0025", "IIVALUEF": 0}
2024-07-18 07:12:11,786 - INFO - Success on 3: 200 - {"SHORT_DESC": "Chemical & Consumables Container", "RQ_VALUE": null, "DESCRIPTION": "Chemical & Consumables Container"}
2024-07-18 07:12:12,958 - INFO - Success on 3: 200 - {"StatusTo": 5}
2024-07-18 07:12:13,157 - ERROR - Error at 2 on Try 1: 404 Client Error: Not Found for url: https://opcenter-test.goodyear.com/OpcenterRDnLGIL/odata/RndvRqIi(9042,90,1000000,9,5000000)/Update - {"IIVALUE": "AS*L", "IIVALUEF": 0}
2024-07-18 07:12:13,862 - ERROR - Error at 2 on Try 2: 404 Client Error: Not Found for url: https://opcenter-test.goodyear.com/OpcenterRDnLGIL/odata/RndvRqIi(9042,90,1000000,9,5000000)/Update - {"IIVALUE": "AS*L", "IIVALUEF": 0}
2024-07-18 07:12:14,561 - ERROR - Error at 2 on Try 3: 404 Client Error: Not Found for url: https://opcenter-test.goodyear.com/OpcenterRDnLGIL/odata/RndvRqIi(9042,90,1000000,9,5000000)/Update - {"IIVALUE": "AS*L", "IIVALUEF": 0}
2024-07-18 07:12:15,261 - ERROR - Error at 2 on Try 4: 404 Client Error: Not Found for url: https://opcenter-test.goodyear.com/OpcenterRDnLGIL/odata/RndvRqIi(9042,90,1000000,9,5000000)/Update - {"IIVALUE": "AS*L", "IIVALUEF": 0}
2024-07-18 07:12:15,943 - ERROR - Error at 2 on Try 5: 404 Client Error: Not Found for url: https://opcenter-test.goodyear.com/OpcenterRDnLGIL/odata/RndvRqIi(9042,90,1000000,9,5000000)/Update - {"IIVALUE": "AS*L", "IIVALUEF": 0}
2024-07-18 07:12:16,140 - ERROR - Error at 2 on Try 1: 404 Client Error: Not Found for url: https://opcenter-test.goodyear.com/OpcenterRDnLGIL/odata/RndvRqIi(9042,90,1000000,530,1000000)/Update - {"IIVALUE": "0", "IIVALUEF": 0}
2024-07-18 07:12:16,839 - ERROR - Error at 2 on Try 2: 404 Client Error: Not Found for url: https://opcenter-test.goodyear.com/OpcenterRDnLGIL/odata/RndvRqIi(9042,90,1000000,530,1000000)/Update - {"IIVALUE": "0", "IIVALUEF": 0}
2024-07-18 07:12:17,537 - ERROR - Error at 2 on Try 3: 404 Client Error: Not Found for url: https://opcenter-test.goodyear.com/OpcenterRDnLGIL/odata/RndvRqIi(9042,90,1000000,530,1000000)/Update - {"IIVALUE": "0", "IIVALUEF": 0}
2024-07-18 07:12:18,214 - ERROR - Error at 2 on Try 4: 404 Client Error: Not Found for url: https://opcenter-test.goodyear.com/OpcenterRDnLGIL/odata/RndvRqIi(9042,90,1000000,530,1000000)/Update - {"IIVALUE": "0", "IIVALUEF": 0}
2024-07-18 07:12:18,895 - ERROR - Error at 2 on Try 5: 404 Client Error: Not Found for url: https://opcenter-test.goodyear.com/OpcenterRDnLGIL/odata/RndvRqIi(9042,90,1000000,530,1000000)/Update - {"IIVALUE": "0", "IIVALUEF": 0}
2024-07-18 07:12:19,083 - ERROR - Error at 2 on Try 1: 404 Client Error: Not Found for url: https://opcenter-test.goodyear.com/OpcenterRDnLGIL/odata/RndvRqIi(9042,90,1000000,534,4000000)/Update - {"IIVALUE": "09/15/2023 12:00:00 AM +00:00", "IIVALUEF": 0}
2024-07-18 07:12:19,769 - ERROR - Error at 2 on Try 2: 404 Client Error: Not Found for url: https://opcenter-test.goodyear.com/OpcenterRDnLGIL/odata/RndvRqIi(9042,90,1000000,534,4000000)/Update - {"IIVALUE": "09/15/2023 12:00:00 AM +00:00", "IIVALUEF": 0}
2024-07-18 07:12:20,447 - ERROR - Error at 2 on Try 3: 404 Client Error: Not Found for url: https://opcenter-test.goodyear.com/OpcenterRDnLGIL/odata/RndvRqIi(9042,90,1000000,534,4000000)/Update - {"IIVALUE": "09/15/2023 12:00:00 AM +00:00", "IIVALUEF": 0}
2024-07-18 07:12:21,140 - ERROR - Error at 2 on Try 4: 404 Client Error: Not Found for url: https://opcenter-test.goodyear.com/OpcenterRDnLGIL/odata/RndvRqIi(9042,90,1000000,534,4000000)/Update - {"IIVALUE": "09/15/2023 12:00:00 AM +00:00", "IIVALUEF": 0}
2024-07-18 07:12:21,845 - ERROR - Error at 2 on Try 5: 404 Client Error: Not Found for url: https://opcenter-test.goodyear.com/OpcenterRDnLGIL/odata/RndvRqIi(9042,90,1000000,534,4000000)/Update - {"IIVALUE": "09/15/2023 12:00:00 AM +00:00", "IIVALUEF": 0}
2024-07-18 07:12:22,032 - ERROR - Error at 2 on Try 1: 404 Client Error: Not Found for url: https://opcenter-test.goodyear.com/OpcenterRDnLGIL/odata/RndvRqIi(9042,90,1000000,535,3000000)/Update - {"IIVALUE": "09/14/2026 12:00:00 AM +00:00", "IIVALUEF": 0}
2024-07-18 07:12:22,712 - ERROR - Error at 2 on Try 2: 404 Client Error: Not Found for url: https://opcenter-test.goodyear.com/OpcenterRDnLGIL/odata/RndvRqIi(9042,90,1000000,535,3000000)/Update - {"IIVALUE": "09/14/2026 12:00:00 AM +00:00", "IIVALUEF": 0}
2024-07-18 07:12:23,396 - ERROR - Error at 2 on Try 3: 404 Client Error: Not Found for url: https://opcenter-test.goodyear.com/OpcenterRDnLGIL/odata/RndvRqIi(9042,90,1000000,535,3000000)/Update - {"IIVALUE": "09/14/2026 12:00:00 AM +00:00", "IIVALUEF": 0}
2024-07-18 07:12:24,076 - ERROR - Error at 2 on Try 4: 404 Client Error: Not Found for url: https://opcenter-test.goodyear.com/OpcenterRDnLGIL/odata/RndvRqIi(9042,90,1000000,535,3000000)/Update - {"IIVALUE": "09/14/2026 12:00:00 AM +00:00", "IIVALUEF": 0}
2024-07-18 07:12:24,759 - ERROR - Error at 2 on Try 5: 404 Client Error: Not Found for url: https://opcenter-test.goodyear.com/OpcenterRDnLGIL/odata/RndvRqIi(9042,90,1000000,535,3000000)/Update - {"IIVALUE": "09/14/2026 12:00:00 AM +00:00", "IIVALUEF": 0}
2024-07-18 07:12:24,939 - ERROR - Error at 2 on Try 1: 404 Client Error: Not Found for url: https://opcenter-test.goodyear.com/OpcenterRDnLGIL/odata/RndvRqIi(9042,90,1000000,536,6000000)/Update - {"IIVALUE": "GIC*L", "IIVALUEF": 0}
2024-07-18 07:12:25,632 - ERROR - Error at 2 on Try 2: 404 Client Error: Not Found for url: https://opcenter-test.goodyear.com/OpcenterRDnLGIL/odata/RndvRqIi(9042,90,1000000,536,6000000)/Update - {"IIVALUE": "GIC*L", "IIVALUEF": 0}
2024-07-18 07:12:26,332 - ERROR - Error at 2 on Try 3: 404 Client Error: Not Found for url: https://opcenter-test.goodyear.com/OpcenterRDnLGIL/odata/RndvRqIi(9042,90,1000000,536,6000000)/Update - {"IIVALUE": "GIC*L", "IIVALUEF": 0}
2024-07-18 07:12:27,038 - ERROR - Error at 2 on Try 4: 404 Client Error: Not Found for url: https://opcenter-test.goodyear.com/OpcenterRDnLGIL/odata/RndvRqIi(9042,90,1000000,536,6000000)/Update - {"IIVALUE": "GIC*L", "IIVALUEF": 0}
2024-07-18 07:12:27,722 - ERROR - Error at 2 on Try 5: 404 Client Error: Not Found for url: https://opcenter-test.goodyear.com/OpcenterRDnLGIL/odata/RndvRqIi(9042,90,1000000,536,6000000)/Update - {"IIVALUE": "GIC*L", "IIVALUEF": 0}
2024-07-18 07:12:27,924 - ERROR - Error at 2 on Try 1: 404 Client Error: Not Found for url: https://opcenter-test.goodyear.com/OpcenterRDnLGIL/odata/RndvRqIi(9042,90,1000000,537,7000000)/Update - {"IIVALUE": "Ventilated Cabinet 4", "IIVALUEF": 0}
2024-07-18 07:12:28,596 - ERROR - Error at 2 on Try 2: 404 Client Error: Not Found for url: https://opcenter-test.goodyear.com/OpcenterRDnLGIL/odata/RndvRqIi(9042,90,1000000,537,7000000)/Update - {"IIVALUE": "Ventilated Cabinet 4", "IIVALUEF": 0}
2024-07-18 07:12:29,282 - ERROR - Error at 2 on Try 3: 404 Client Error: Not Found for url: https://opcenter-test.goodyear.com/OpcenterRDnLGIL/odata/RndvRqIi(9042,90,1000000,537,7000000)/Update - {"IIVALUE": "Ventilated Cabinet 4", "IIVALUEF": 0}
2024-07-18 07:12:29,972 - ERROR - Error at 2 on Try 4: 404 Client Error: Not Found for url: https://opcenter-test.goodyear.com/OpcenterRDnLGIL/odata/RndvRqIi(9042,90,1000000,537,7000000)/Update - {"IIVALUE": "Ventilated Cabinet 4", "IIVALUEF": 0}
2024-07-18 07:12:30,658 - ERROR - Error at 2 on Try 5: 404 Client Error: Not Found for url: https://opcenter-test.goodyear.com/OpcenterRDnLGIL/odata/RndvRqIi(9042,90,1000000,537,7000000)/Update - {"IIVALUE": "Ventilated Cabinet 4", "IIVALUEF": 0}
2024-07-18 07:12:30,860 - ERROR - Error at 2 on Try 1: 404 Client Error: Not Found for url: https://opcenter-test.goodyear.com/OpcenterRDnLGIL/odata/RndvRqIi(9042,90,1000000,538,8000000)/Update - {"IIVALUE": "0", "IIVALUEF": 0}
2024-07-18 07:12:31,539 - ERROR - Error at 2 on Try 2: 404 Client Error: Not Found for url: https://opcenter-test.goodyear.com/OpcenterRDnLGIL/odata/RndvRqIi(9042,90,1000000,538,8000000)/Update - {"IIVALUE": "0", "IIVALUEF": 0}
2024-07-18 07:12:32,228 - ERROR - Error at 2 on Try 3: 404 Client Error: Not Found for url: https://opcenter-test.goodyear.com/OpcenterRDnLGIL/odata/RndvRqIi(9042,90,1000000,538,8000000)/Update - {"IIVALUE": "0", "IIVALUEF": 0}
2024-07-18 07:12:32,913 - ERROR - Error at 2 on Try 4: 404 Client Error: Not Found for url: https://opcenter-test.goodyear.com/OpcenterRDnLGIL/odata/RndvRqIi(9042,90,1000000,538,8000000)/Update - {"IIVALUE": "0", "IIVALUEF": 0}
2024-07-18 07:12:33,593 - ERROR - Error at 2 on Try 5: 404 Client Error: Not Found for url: https://opcenter-test.goodyear.com/OpcenterRDnLGIL/odata/RndvRqIi(9042,90,1000000,538,8000000)/Update - {"IIVALUE": "0", "IIVALUEF": 0}
2024-07-18 07:12:33,775 - ERROR - Error at 2 on Try 1: 404 Client Error: Not Found for url: https://opcenter-test.goodyear.com/OpcenterRDnLGIL/odata/RndvRqIi(9042,90,1000000,539,9000000)/Update - {"IIVALUE": "Kepenne, Veronique", "IIVALUEF": 0}
2024-07-18 07:12:34,455 - ERROR - Error at 2 on Try 2: 404 Client Error: Not Found for url: https://opcenter-test.goodyear.com/OpcenterRDnLGIL/odata/RndvRqIi(9042,90,1000000,539,9000000)/Update - {"IIVALUE": "Kepenne, Veronique", "IIVALUEF": 0}
2024-07-18 07:12:35,142 - ERROR - Error at 2 on Try 3: 404 Client Error: Not Found for url: https://opcenter-test.goodyear.com/OpcenterRDnLGIL/odata/RndvRqIi(9042,90,1000000,539,9000000)/Update - {"IIVALUE": "Kepenne, Veronique", "IIVALUEF": 0}
2024-07-18 07:12:35,822 - ERROR - Error at 2 on Try 4: 404 Client Error: Not Found for url: https://opcenter-test.goodyear.com/OpcenterRDnLGIL/odata/RndvRqIi(9042,90,1000000,539,9000000)/Update - {"IIVALUE": "Kepenne, Veronique", "IIVALUEF": 0}
2024-07-18 07:12:36,501 - ERROR - Error at 2 on Try 5: 404 Client Error: Not Found for url: https://opcenter-test.goodyear.com/OpcenterRDnLGIL/odata/RndvRqIi(9042,90,1000000,539,9000000)/Update - {"IIVALUE": "Kepenne, Veronique", "IIVALUEF": 0}
2024-07-18 07:12:36,681 - ERROR - Error at 2 on Try 1: 404 Client Error: Not Found for url: https://opcenter-test.goodyear.com/OpcenterRDnLGIL/odata/RndvRqIi(9042,90,1000000,540,10000000)/Update - {"IIVALUE": "CE 215-181-3", "IIVALUEF": 0}
2024-07-18 07:12:37,361 - ERROR - Error at 2 on Try 2: 404 Client Error: Not Found for url: https://opcenter-test.goodyear.com/OpcenterRDnLGIL/odata/RndvRqIi(9042,90,1000000,540,10000000)/Update - {"IIVALUE": "CE 215-181-3", "IIVALUEF": 0}
2024-07-18 07:12:38,059 - ERROR - Error at 2 on Try 3: 404 Client Error: Not Found for url: https://opcenter-test.goodyear.com/OpcenterRDnLGIL/odata/RndvRqIi(9042,90,1000000,540,10000000)/Update - {"IIVALUE": "CE 215-181-3", "IIVALUEF": 0}
2024-07-18 07:12:38,741 - ERROR - Error at 2 on Try 4: 404 Client Error: Not Found for url: https://opcenter-test.goodyear.com/OpcenterRDnLGIL/odata/RndvRqIi(9042,90,1000000,540,10000000)/Update - {"IIVALUE": "CE 215-181-3", "IIVALUEF": 0}
2024-07-18 07:12:39,423 - ERROR - Error at 2 on Try 5: 404 Client Error: Not Found for url: https://opcenter-test.goodyear.com/OpcenterRDnLGIL/odata/RndvRqIi(9042,90,1000000,540,10000000)/Update - {"IIVALUE": "CE 215-181-3", "IIVALUEF": 0}
2024-07-18 07:12:39,603 - ERROR - Error at 2 on Try 1: 404 Client Error: Not Found for url: https://opcenter-test.goodyear.com/OpcenterRDnLGIL/odata/RndvRqIi(9042,90,1000000,541,11000000)/Update - {"IIVALUE": "80.0", "IIVALUEF": 0}
2024-07-18 07:12:40,308 - ERROR - Error at 2 on Try 2: 404 Client Error: Not Found for url: https://opcenter-test.goodyear.com/OpcenterRDnLGIL/odata/RndvRqIi(9042,90,1000000,541,11000000)/Update - {"IIVALUE": "80.0", "IIVALUEF": 0}
2024-07-18 07:12:40,994 - ERROR - Error at 2 on Try 3: 404 Client Error: Not Found for url: https://opcenter-test.goodyear.com/OpcenterRDnLGIL/odata/RndvRqIi(9042,90,1000000,541,11000000)/Update - {"IIVALUE": "80.0", "IIVALUEF": 0}
2024-07-18 07:12:41,674 - ERROR - Error at 2 on Try 4: 404 Client Error: Not Found for url: https://opcenter-test.goodyear.com/OpcenterRDnLGIL/odata/RndvRqIi(9042,90,1000000,541,11000000)/Update - {"IIVALUE": "80.0", "IIVALUEF": 0}
2024-07-18 07:12:42,351 - ERROR - Error at 2 on Try 5: 404 Client Error: Not Found for url: https://opcenter-test.goodyear.com/OpcenterRDnLGIL/odata/RndvRqIi(9042,90,1000000,541,11000000)/Update - {"IIVALUE": "80.0", "IIVALUEF": 0}
2024-07-18 07:12:42,529 - ERROR - Error at 2 on Try 1: 404 Client Error: Not Found for url: https://opcenter-test.goodyear.com/OpcenterRDnLGIL/odata/RndvRqIi(9042,90,1000000,640,12000000)/Update - {"IIVALUE": "Method/Project: QA 0056-01", "IIVALUEF": 0}
2024-07-18 07:12:43,210 - ERROR - Error at 2 on Try 2: 404 Client Error: Not Found for url: https://opcenter-test.goodyear.com/OpcenterRDnLGIL/odata/RndvRqIi(9042,90,1000000,640,12000000)/Update - {"IIVALUE": "Method/Project: QA 0056-01", "IIVALUEF": 0}
2024-07-18 07:12:43,892 - ERROR - Error at 2 on Try 3: 404 Client Error: Not Found for url: https://opcenter-test.goodyear.com/OpcenterRDnLGIL/odata/RndvRqIi(9042,90,1000000,640,12000000)/Update - {"IIVALUE": "Method/Project: QA 0056-01", "IIVALUEF": 0}
2024-07-18 07:12:44,579 - ERROR - Error at 2 on Try 4: 404 Client Error: Not Found for url: https://opcenter-test.goodyear.com/OpcenterRDnLGIL/odata/RndvRqIi(9042,90,1000000,640,12000000)/Update - {"IIVALUE": "Method/Project: QA 0056-01", "IIVALUEF": 0}
2024-07-18 07:12:45,262 - ERROR - Error at 2 on Try 5: 404 Client Error: Not Found for url: https://opcenter-test.goodyear.com/OpcenterRDnLGIL/odata/RndvRqIi(9042,90,1000000,640,12000000)/Update - {"IIVALUE": "Method/Project: QA 0056-01", "IIVALUEF": 0}
2024-07-18 07:12:45,448 - ERROR - Error at 2 on Try 1: 404 Client Error: Not Found for url: https://opcenter-test.goodyear.com/OpcenterRDnLGIL/odata/RndvRqIi(9042,90,1000000,647,13000000)/Update - {"IIVALUE": "Adv. Chemistry", "IIVALUEF": 0}
2024-07-18 07:12:46,128 - ERROR - Error at 2 on Try 2: 404 Client Error: Not Found for url: https://opcenter-test.goodyear.com/OpcenterRDnLGIL/odata/RndvRqIi(9042,90,1000000,647,13000000)/Update - {"IIVALUE": "Adv. Chemistry", "IIVALUEF": 0}
2024-07-18 07:12:46,830 - ERROR - Error at 2 on Try 3: 404 Client Error: Not Found for url: https://opcenter-test.goodyear.com/OpcenterRDnLGIL/odata/RndvRqIi(9042,90,1000000,647,13000000)/Update - {"IIVALUE": "Adv. Chemistry", "IIVALUEF": 0}
2024-07-18 07:12:47,513 - ERROR - Error at 2 on Try 4: 404 Client Error: Not Found for url: https://opcenter-test.goodyear.com/OpcenterRDnLGIL/odata/RndvRqIi(9042,90,1000000,647,13000000)/Update - {"IIVALUE": "Adv. Chemistry", "IIVALUEF": 0}
2024-07-18 07:12:48,203 - ERROR - Error at 2 on Try 5: 404 Client Error: Not Found for url: https://opcenter-test.goodyear.com/OpcenterRDnLGIL/odata/RndvRqIi(9042,90,1000000,647,13000000)/Update - {"IIVALUE": "Adv. Chemistry", "IIVALUEF": 0}
2024-07-18 07:12:48,382 - ERROR - Error at 2 on Try 1: 404 Client Error: Not Found for url: https://opcenter-test.goodyear.com/OpcenterRDnLGIL/odata/RndvRqIi(9042,90,1000000,648,2000000)/Update - {"IIVALUE": "0", "IIVALUEF": 0}
2024-07-18 07:12:49,081 - ERROR - Error at 2 on Try 2: 404 Client Error: Not Found for url: https://opcenter-test.goodyear.com/OpcenterRDnLGIL/odata/RndvRqIi(9042,90,1000000,648,2000000)/Update - {"IIVALUE": "0", "IIVALUEF": 0}
2024-07-18 07:12:49,783 - ERROR - Error at 2 on Try 3: 404 Client Error: Not Found for url: https://opcenter-test.goodyear.com/OpcenterRDnLGIL/odata/RndvRqIi(9042,90,1000000,648,2000000)/Update - {"IIVALUE": "0", "IIVALUEF": 0}
2024-07-18 07:12:50,467 - ERROR - Error at 2 on Try 4: 404 Client Error: Not Found for url: https://opcenter-test.goodyear.com/OpcenterRDnLGIL/odata/RndvRqIi(9042,90,1000000,648,2000000)/Update - {"IIVALUE": "0", "IIVALUEF": 0}
2024-07-18 07:12:51,181 - ERROR - Error at 2 on Try 5: 404 Client Error: Not Found for url: https://opcenter-test.goodyear.com/OpcenterRDnLGIL/odata/RndvRqIi(9042,90,1000000,648,2000000)/Update - {"IIVALUE": "0", "IIVALUEF": 0}
2024-07-18 07:12:51,360 - ERROR - Error at 2 on Try 1: 404 Client Error: Not Found for url: https://opcenter-test.goodyear.com/OpcenterRDnLGIL/odata/RndvRqIi(9042,90,1000000,649,14000000)/Update - {"IIVALUE": "Potassium hydroxyde pellets for analysis ", "IIVALUEF": 0}
2024-07-18 07:12:52,049 - ERROR - Error at 2 on Try 2: 404 Client Error: Not Found for url: https://opcenter-test.goodyear.com/OpcenterRDnLGIL/odata/RndvRqIi(9042,90,1000000,649,14000000)/Update - {"IIVALUE": "Potassium hydroxyde pellets for analysis ", "IIVALUEF": 0}
2024-07-18 07:12:52,731 - ERROR - Error at 2 on Try 3: 404 Client Error: Not Found for url: https://opcenter-test.goodyear.com/OpcenterRDnLGIL/odata/RndvRqIi(9042,90,1000000,649,14000000)/Update - {"IIVALUE": "Potassium hydroxyde pellets for analysis ", "IIVALUEF": 0}
2024-07-18 07:12:53,439 - ERROR - Error at 2 on Try 4: 404 Client Error: Not Found for url: https://opcenter-test.goodyear.com/OpcenterRDnLGIL/odata/RndvRqIi(9042,90,1000000,649,14000000)/Update - {"IIVALUE": "Potassium hydroxyde pellets for analysis ", "IIVALUEF": 0}
2024-07-18 07:12:54,126 - ERROR - Error at 2 on Try 5: 404 Client Error: Not Found for url: https://opcenter-test.goodyear.com/OpcenterRDnLGIL/odata/RndvRqIi(9042,90,1000000,649,14000000)/Update - {"IIVALUE": "Potassium hydroxyde pellets for analysis ", "IIVALUEF": 0}
2024-07-18 07:12:54,332 - ERROR - Error at 2 on Try 1: 404 Client Error: Not Found for url: https://opcenter-test.goodyear.com/OpcenterRDnLGIL/odata/RndvRqIi(9042,90,1000000,650,15000000)/Update - {"IIVALUE": "Merck", "IIVALUEF": 0}
2024-07-18 07:12:55,019 - ERROR - Error at 2 on Try 2: 404 Client Error: Not Found for url: https://opcenter-test.goodyear.com/OpcenterRDnLGIL/odata/RndvRqIi(9042,90,1000000,650,15000000)/Update - {"IIVALUE": "Merck", "IIVALUEF": 0}
2024-07-18 07:12:55,707 - ERROR - Error at 2 on Try 3: 404 Client Error: Not Found for url: https://opcenter-test.goodyear.com/OpcenterRDnLGIL/odata/RndvRqIi(9042,90,1000000,650,15000000)/Update - {"IIVALUE": "Merck", "IIVALUEF": 0}
2024-07-18 07:12:56,408 - ERROR - Error at 2 on Try 4: 404 Client Error: Not Found for url: https://opcenter-test.goodyear.com/OpcenterRDnLGIL/odata/RndvRqIi(9042,90,1000000,650,15000000)/Update - {"IIVALUE": "Merck", "IIVALUEF": 0}
2024-07-18 07:12:57,097 - ERROR - Error at 2 on Try 5: 404 Client Error: Not Found for url: https://opcenter-test.goodyear.com/OpcenterRDnLGIL/odata/RndvRqIi(9042,90,1000000,650,15000000)/Update - {"IIVALUE": "Merck", "IIVALUEF": 0}
2024-07-18 07:12:57,304 - ERROR - Error at 2 on Try 1: 404 Client Error: Not Found for url: https://opcenter-test.goodyear.com/OpcenterRDnLGIL/odata/RndvRqIi(9042,90,1000000,653,17000000)/Update - {"IIVALUE": "0", "IIVALUEF": 0}
2024-07-18 07:12:57,990 - ERROR - Error at 2 on Try 2: 404 Client Error: Not Found for url: https://opcenter-test.goodyear.com/OpcenterRDnLGIL/odata/RndvRqIi(9042,90,1000000,653,17000000)/Update - {"IIVALUE": "0", "IIVALUEF": 0}
2024-07-18 07:12:58,704 - ERROR - Error at 2 on Try 3: 404 Client Error: Not Found for url: https://opcenter-test.goodyear.com/OpcenterRDnLGIL/odata/RndvRqIi(9042,90,1000000,653,17000000)/Update - {"IIVALUE": "0", "IIVALUEF": 0}
2024-07-18 07:12:59,392 - ERROR - Error at 2 on Try 4: 404 Client Error: Not Found for url: https://opcenter-test.goodyear.com/OpcenterRDnLGIL/odata/RndvRqIi(9042,90,1000000,653,17000000)/Update - {"IIVALUE": "0", "IIVALUEF": 0}
2024-07-18 07:13:00,091 - ERROR - Error at 2 on Try 5: 404 Client Error: Not Found for url: https://opcenter-test.goodyear.com/OpcenterRDnLGIL/odata/RndvRqIi(9042,90,1000000,653,17000000)/Update - {"IIVALUE": "0", "IIVALUEF": 0}
2024-07-18 07:13:00,278 - ERROR - Error at 2 on Try 1: 404 Client Error: Not Found for url: https://opcenter-test.goodyear.com/OpcenterRDnLGIL/odata/RndvRqIi(9042,90,1000000,654,16000000)/Update - {"IIVALUE": "g", "IIVALUEF": 0}
2024-07-18 07:13:00,960 - ERROR - Error at 2 on Try 2: 404 Client Error: Not Found for url: https://opcenter-test.goodyear.com/OpcenterRDnLGIL/odata/RndvRqIi(9042,90,1000000,654,16000000)/Update - {"IIVALUE": "g", "IIVALUEF": 0}
2024-07-18 07:13:01,645 - ERROR - Error at 2 on Try 3: 404 Client Error: Not Found for url: https://opcenter-test.goodyear.com/OpcenterRDnLGIL/odata/RndvRqIi(9042,90,1000000,654,16000000)/Update - {"IIVALUE": "g", "IIVALUEF": 0}
2024-07-18 07:13:02,321 - ERROR - Error at 2 on Try 4: 404 Client Error: Not Found for url: https://opcenter-test.goodyear.com/OpcenterRDnLGIL/odata/RndvRqIi(9042,90,1000000,654,16000000)/Update - {"IIVALUE": "g", "IIVALUEF": 0}
2024-07-18 07:13:03,000 - ERROR - Error at 2 on Try 5: 404 Client Error: Not Found for url: https://opcenter-test.goodyear.com/OpcenterRDnLGIL/odata/RndvRqIi(9042,90,1000000,654,16000000)/Update - {"IIVALUE": "g", "IIVALUEF": 0}
2024-07-18 07:13:03,188 - ERROR - Error at 2 on Try 1: 404 Client Error: Not Found for url: https://opcenter-test.goodyear.com/OpcenterRDnLGIL/odata/RndvRqIi(9042,90,1000000,656,18000000)/Update - {"IIVALUE": "0", "IIVALUEF": 0}
2024-07-18 07:13:03,878 - ERROR - Error at 2 on Try 2: 404 Client Error: Not Found for url: https://opcenter-test.goodyear.com/OpcenterRDnLGIL/odata/RndvRqIi(9042,90,1000000,656,18000000)/Update - {"IIVALUE": "0", "IIVALUEF": 0}
2024-07-18 07:13:04,562 - ERROR - Error at 2 on Try 3: 404 Client Error: Not Found for url: https://opcenter-test.goodyear.com/OpcenterRDnLGIL/odata/RndvRqIi(9042,90,1000000,656,18000000)/Update - {"IIVALUE": "0", "IIVALUEF": 0}
2024-07-18 07:13:05,249 - ERROR - Error at 2 on Try 4: 404 Client Error: Not Found for url: https://opcenter-test.goodyear.com/OpcenterRDnLGIL/odata/RndvRqIi(9042,90,1000000,656,18000000)/Update - {"IIVALUE": "0", "IIVALUEF": 0}
2024-07-18 07:13:05,927 - ERROR - Error at 2 on Try 5: 404 Client Error: Not Found for url: https://opcenter-test.goodyear.com/OpcenterRDnLGIL/odata/RndvRqIi(9042,90,1000000,656,18000000)/Update - {"IIVALUE": "0", "IIVALUEF": 0}
2024-07-18 07:13:06,105 - ERROR - Error at 2 on Try 1: 404 Client Error: Not Found for url: https://opcenter-test.goodyear.com/OpcenterRDnLGIL/odata/RndvRqIi(9042,90,1000000,531,19000000)/Update - {"IIVALUE": "B533721 431", "IIVALUEF": 0}
2024-07-18 07:13:06,781 - ERROR - Error at 2 on Try 2: 404 Client Error: Not Found for url: https://opcenter-test.goodyear.com/OpcenterRDnLGIL/odata/RndvRqIi(9042,90,1000000,531,19000000)/Update - {"IIVALUE": "B533721 431", "IIVALUEF": 0}
2024-07-18 07:13:07,465 - ERROR - Error at 2 on Try 3: 404 Client Error: Not Found for url: https://opcenter-test.goodyear.com/OpcenterRDnLGIL/odata/RndvRqIi(9042,90,1000000,531,19000000)/Update - {"IIVALUE": "B533721 431", "IIVALUEF": 0}
2024-07-18 07:13:08,149 - ERROR - Error at 2 on Try 4: 404 Client Error: Not Found for url: https://opcenter-test.goodyear.com/OpcenterRDnLGIL/odata/RndvRqIi(9042,90,1000000,531,19000000)/Update - {"IIVALUE": "B533721 431", "IIVALUEF": 0}
2024-07-18 07:13:08,856 - ERROR - Error at 2 on Try 5: 404 Client Error: Not Found for url: https://opcenter-test.goodyear.com/OpcenterRDnLGIL/odata/RndvRqIi(9042,90,1000000,531,19000000)/Update - {"IIVALUE": "B533721 431", "IIVALUEF": 0}
2024-07-18 07:13:09,182 - INFO - Success on 3: 200 - {"IIVALUE": "1.05021.0250", "IIVALUEF": 0}
2024-07-18 07:13:19,538 - INFO - Success on 4: 200 - {"SHORT_DESC": "Chemical & Consumables Container", "RQ_VALUE": null, "DESCRIPTION": "Chemical & Consumables Container"}
2024-07-18 07:13:20,715 - INFO - Success on 4: 200 - {"StatusTo": 5}
2024-07-18 07:13:20,904 - ERROR - Error at 3 on Try 1: 404 Client Error: Not Found for url: https://opcenter-test.goodyear.com/OpcenterRDnLGIL/odata/RndvRqIi(9043,90,1000000,9,5000000)/Update - {"IIVALUE": "AS*L", "IIVALUEF": 0}
2024-07-18 07:13:21,615 - ERROR - Error at 3 on Try 2: 404 Client Error: Not Found for url: https://opcenter-test.goodyear.com/OpcenterRDnLGIL/odata/RndvRqIi(9043,90,1000000,9,5000000)/Update - {"IIVALUE": "AS*L", "IIVALUEF": 0}
2024-07-18 07:13:22,329 - ERROR - Error at 3 on Try 3: 404 Client Error: Not Found for url: https://opcenter-test.goodyear.com/OpcenterRDnLGIL/odata/RndvRqIi(9043,90,1000000,9,5000000)/Update - {"IIVALUE": "AS*L", "IIVALUEF": 0}
2024-07-18 07:13:23,011 - ERROR - Error at 3 on Try 4: 404 Client Error: Not Found for url: https://opcenter-test.goodyear.com/OpcenterRDnLGIL/odata/RndvRqIi(9043,90,1000000,9,5000000)/Update - {"IIVALUE": "AS*L", "IIVALUEF": 0}
2024-07-18 07:13:23,696 - ERROR - Error at 3 on Try 5: 404 Client Error: Not Found for url: https://opcenter-test.goodyear.com/OpcenterRDnLGIL/odata/RndvRqIi(9043,90,1000000,9,5000000)/Update - {"IIVALUE": "AS*L", "IIVALUEF": 0}
2024-07-18 07:13:23,906 - ERROR - Error at 3 on Try 1: 404 Client Error: Not Found for url: https://opcenter-test.goodyear.com/OpcenterRDnLGIL/odata/RndvRqIi(9043,90,1000000,530,1000000)/Update - {"IIVALUE": "0", "IIVALUEF": 0}
2024-07-18 07:13:24,587 - ERROR - Error at 3 on Try 2: 404 Client Error: Not Found for url: https://opcenter-test.goodyear.com/OpcenterRDnLGIL/odata/RndvRqIi(9043,90,1000000,530,1000000)/Update - {"IIVALUE": "0", "IIVALUEF": 0}
2024-07-18 07:13:25,261 - ERROR - Error at 3 on Try 3: 404 Client Error: Not Found for url: https://opcenter-test.goodyear.com/OpcenterRDnLGIL/odata/RndvRqIi(9043,90,1000000,530,1000000)/Update - {"IIVALUE": "0", "IIVALUEF": 0}
2024-07-18 07:13:25,941 - ERROR - Error at 3 on Try 4: 404 Client Error: Not Found for url: https://opcenter-test.goodyear.com/OpcenterRDnLGIL/odata/RndvRqIi(9043,90,1000000,530,1000000)/Update - {"IIVALUE": "0", "IIVALUEF": 0}
2024-07-18 07:13:26,617 - ERROR - Error at 3 on Try 5: 404 Client Error: Not Found for url: https://opcenter-test.goodyear.com/OpcenterRDnLGIL/odata/RndvRqIi(9043,90,1000000,530,1000000)/Update - {"IIVALUE": "0", "IIVALUEF": 0}
2024-07-18 07:13:26,791 - ERROR - Error at 3 on Try 1: 404 Client Error: Not Found for url: https://opcenter-test.goodyear.com/OpcenterRDnLGIL/odata/RndvRqIi(9043,90,1000000,534,4000000)/Update - {"IIVALUE": "0", "IIVALUEF": 0}
2024-07-18 07:13:27,481 - ERROR - Error at 3 on Try 2: 404 Client Error: Not Found for url: https://opcenter-test.goodyear.com/OpcenterRDnLGIL/odata/RndvRqIi(9043,90,1000000,534,4000000)/Update - {"IIVALUE": "0", "IIVALUEF": 0}
2024-07-18 07:13:28,165 - ERROR - Error at 3 on Try 3: 404 Client Error: Not Found for url: https://opcenter-test.goodyear.com/OpcenterRDnLGIL/odata/RndvRqIi(9043,90,1000000,534,4000000)/Update - {"IIVALUE": "0", "IIVALUEF": 0}
2024-07-18 07:13:28,844 - ERROR - Error at 3 on Try 4: 404 Client Error: Not Found for url: https://opcenter-test.goodyear.com/OpcenterRDnLGIL/odata/RndvRqIi(9043,90,1000000,534,4000000)/Update - {"IIVALUE": "0", "IIVALUEF": 0}
2024-07-18 07:13:29,517 - ERROR - Error at 3 on Try 5: 404 Client Error: Not Found for url: https://opcenter-test.goodyear.com/OpcenterRDnLGIL/odata/RndvRqIi(9043,90,1000000,534,4000000)/Update - {"IIVALUE": "0", "IIVALUEF": 0}
2024-07-18 07:13:29,700 - ERROR - Error at 3 on Try 1: 404 Client Error: Not Found for url: https://opcenter-test.goodyear.com/OpcenterRDnLGIL/odata/RndvRqIi(9043,90,1000000,535,3000000)/Update - {"IIVALUE": "10/31/2018 12:00:00 AM +00:00", "IIVALUEF": 0}
2024-07-18 07:13:30,391 - ERROR - Error at 3 on Try 2: 404 Client Error: Not Found for url: https://opcenter-test.goodyear.com/OpcenterRDnLGIL/odata/RndvRqIi(9043,90,1000000,535,3000000)/Update - {"IIVALUE": "10/31/2018 12:00:00 AM +00:00", "IIVALUEF": 0}
2024-07-18 07:13:31,091 - ERROR - Error at 3 on Try 3: 404 Client Error: Not Found for url: https://opcenter-test.goodyear.com/OpcenterRDnLGIL/odata/RndvRqIi(9043,90,1000000,535,3000000)/Update - {"IIVALUE": "10/31/2018 12:00:00 AM +00:00", "IIVALUEF": 0}
2024-07-18 07:13:31,800 - ERROR - Error at 3 on Try 4: 404 Client Error: Not Found for url: https://opcenter-test.goodyear.com/OpcenterRDnLGIL/odata/RndvRqIi(9043,90,1000000,535,3000000)/Update - {"IIVALUE": "10/31/2018 12:00:00 AM +00:00", "IIVALUEF": 0}
2024-07-18 07:13:32,478 - ERROR - Error at 3 on Try 5: 404 Client Error: Not Found for url: https://opcenter-test.goodyear.com/OpcenterRDnLGIL/odata/RndvRqIi(9043,90,1000000,535,3000000)/Update - {"IIVALUE": "10/31/2018 12:00:00 AM +00:00", "IIVALUEF": 0}
2024-07-18 07:13:32,665 - ERROR - Error at 3 on Try 1: 404 Client Error: Not Found for url: https://opcenter-test.goodyear.com/OpcenterRDnLGIL/odata/RndvRqIi(9043,90,1000000,536,6000000)/Update - {"IIVALUE": "GIC*L", "IIVALUEF": 0}
2024-07-18 07:13:33,370 - ERROR - Error at 3 on Try 2: 404 Client Error: Not Found for url: https://opcenter-test.goodyear.com/OpcenterRDnLGIL/odata/RndvRqIi(9043,90,1000000,536,6000000)/Update - {"IIVALUE": "GIC*L", "IIVALUEF": 0}
2024-07-18 07:13:34,058 - ERROR - Error at 3 on Try 3: 404 Client Error: Not Found for url: https://opcenter-test.goodyear.com/OpcenterRDnLGIL/odata/RndvRqIi(9043,90,1000000,536,6000000)/Update - {"IIVALUE": "GIC*L", "IIVALUEF": 0}
2024-07-18 07:13:34,740 - ERROR - Error at 3 on Try 4: 404 Client Error: Not Found for url: https://opcenter-test.goodyear.com/OpcenterRDnLGIL/odata/RndvRqIi(9043,90,1000000,536,6000000)/Update - {"IIVALUE": "GIC*L", "IIVALUEF": 0}
2024-07-18 07:13:35,421 - ERROR - Error at 3 on Try 5: 404 Client Error: Not Found for url: https://opcenter-test.goodyear.com/OpcenterRDnLGIL/odata/RndvRqIi(9043,90,1000000,536,6000000)/Update - {"IIVALUE": "GIC*L", "IIVALUEF": 0}
2024-07-18 07:13:35,637 - ERROR - Error at 3 on Try 1: 404 Client Error: Not Found for url: https://opcenter-test.goodyear.com/OpcenterRDnLGIL/odata/RndvRqIi(9043,90,1000000,537,7000000)/Update - {"IIVALUE": "Ventilated Cabinet 4", "IIVALUEF": 0}
2024-07-18 07:13:36,324 - ERROR - Error at 3 on Try 2: 404 Client Error: Not Found for url: https://opcenter-test.goodyear.com/OpcenterRDnLGIL/odata/RndvRqIi(9043,90,1000000,537,7000000)/Update - {"IIVALUE": "Ventilated Cabinet 4", "IIVALUEF": 0}
2024-07-18 07:13:37,009 - ERROR - Error at 3 on Try 3: 404 Client Error: Not Found for url: https://opcenter-test.goodyear.com/OpcenterRDnLGIL/odata/RndvRqIi(9043,90,1000000,537,7000000)/Update - {"IIVALUE": "Ventilated Cabinet 4", "IIVALUEF": 0}
2024-07-18 07:13:37,709 - ERROR - Error at 3 on Try 4: 404 Client Error: Not Found for url: https://opcenter-test.goodyear.com/OpcenterRDnLGIL/odata/RndvRqIi(9043,90,1000000,537,7000000)/Update - {"IIVALUE": "Ventilated Cabinet 4", "IIVALUEF": 0}
2024-07-18 07:13:38,393 - ERROR - Error at 3 on Try 5: 404 Client Error: Not Found for url: https://opcenter-test.goodyear.com/OpcenterRDnLGIL/odata/RndvRqIi(9043,90,1000000,537,7000000)/Update - {"IIVALUE": "Ventilated Cabinet 4", "IIVALUEF": 0}
2024-07-18 07:13:38,579 - ERROR - Error at 3 on Try 1: 404 Client Error: Not Found for url: https://opcenter-test.goodyear.com/OpcenterRDnLGIL/odata/RndvRqIi(9043,90,1000000,538,8000000)/Update - {"IIVALUE": "0", "IIVALUEF": 0}
2024-07-18 07:13:39,268 - ERROR - Error at 3 on Try 2: 404 Client Error: Not Found for url: https://opcenter-test.goodyear.com/OpcenterRDnLGIL/odata/RndvRqIi(9043,90,1000000,538,8000000)/Update - {"IIVALUE": "0", "IIVALUEF": 0}
2024-07-18 07:13:39,989 - ERROR - Error at 3 on Try 3: 404 Client Error: Not Found for url: https://opcenter-test.goodyear.com/OpcenterRDnLGIL/odata/RndvRqIi(9043,90,1000000,538,8000000)/Update - {"IIVALUE": "0", "IIVALUEF": 0}
2024-07-18 07:13:40,672 - ERROR - Error at 3 on Try 4: 404 Client Error: Not Found for url: https://opcenter-test.goodyear.com/OpcenterRDnLGIL/odata/RndvRqIi(9043,90,1000000,538,8000000)/Update - {"IIVALUE": "0", "IIVALUEF": 0}
2024-07-18 07:13:41,371 - ERROR - Error at 3 on Try 5: 404 Client Error: Not Found for url: https://opcenter-test.goodyear.com/OpcenterRDnLGIL/odata/RndvRqIi(9043,90,1000000,538,8000000)/Update - {"IIVALUE": "0", "IIVALUEF": 0}
2024-07-18 07:13:41,553 - ERROR - Error at 3 on Try 1: 404 Client Error: Not Found for url: https://opcenter-test.goodyear.com/OpcenterRDnLGIL/odata/RndvRqIi(9043,90,1000000,539,9000000)/Update - {"IIVALUE": "Kepenne, Veronique", "IIVALUEF": 0}
2024-07-18 07:13:42,231 - ERROR - Error at 3 on Try 2: 404 Client Error: Not Found for url: https://opcenter-test.goodyear.com/OpcenterRDnLGIL/odata/RndvRqIi(9043,90,1000000,539,9000000)/Update - {"IIVALUE": "Kepenne, Veronique", "IIVALUEF": 0}
2024-07-18 07:13:42,929 - ERROR - Error at 3 on Try 3: 404 Client Error: Not Found for url: https://opcenter-test.goodyear.com/OpcenterRDnLGIL/odata/RndvRqIi(9043,90,1000000,539,9000000)/Update - {"IIVALUE": "Kepenne, Veronique", "IIVALUEF": 0}
2024-07-18 07:13:43,610 - ERROR - Error at 3 on Try 4: 404 Client Error: Not Found for url: https://opcenter-test.goodyear.com/OpcenterRDnLGIL/odata/RndvRqIi(9043,90,1000000,539,9000000)/Update - {"IIVALUE": "Kepenne, Veronique", "IIVALUEF": 0}
2024-07-18 07:13:44,303 - ERROR - Error at 3 on Try 5: 404 Client Error: Not Found for url: https://opcenter-test.goodyear.com/OpcenterRDnLGIL/odata/RndvRqIi(9043,90,1000000,539,9000000)/Update - {"IIVALUE": "Kepenne, Veronique", "IIVALUEF": 0}
2024-07-18 07:13:44,492 - ERROR - Error at 3 on Try 1: 404 Client Error: Not Found for url: https://opcenter-test.goodyear.com/OpcenterRDnLGIL/odata/RndvRqIi(9043,90,1000000,540,10000000)/Update - {"IIVALUE": "10025-77-1", "IIVALUEF": 0}
2024-07-18 07:13:45,177 - ERROR - Error at 3 on Try 2: 404 Client Error: Not Found for url: https://opcenter-test.goodyear.com/OpcenterRDnLGIL/odata/RndvRqIi(9043,90,1000000,540,10000000)/Update - {"IIVALUE": "10025-77-1", "IIVALUEF": 0}
2024-07-18 07:13:45,861 - ERROR - Error at 3 on Try 3: 404 Client Error: Not Found for url: https://opcenter-test.goodyear.com/OpcenterRDnLGIL/odata/RndvRqIi(9043,90,1000000,540,10000000)/Update - {"IIVALUE": "10025-77-1", "IIVALUEF": 0}
2024-07-18 07:13:46,542 - ERROR - Error at 3 on Try 4: 404 Client Error: Not Found for url: https://opcenter-test.goodyear.com/OpcenterRDnLGIL/odata/RndvRqIi(9043,90,1000000,540,10000000)/Update - {"IIVALUE": "10025-77-1", "IIVALUEF": 0}
2024-07-18 07:13:47,227 - ERROR - Error at 3 on Try 5: 404 Client Error: Not Found for url: https://opcenter-test.goodyear.com/OpcenterRDnLGIL/odata/RndvRqIi(9043,90,1000000,540,10000000)/Update - {"IIVALUE": "10025-77-1", "IIVALUEF": 0}
2024-07-18 07:13:47,414 - ERROR - Error at 3 on Try 1: 404 Client Error: Not Found for url: https://opcenter-test.goodyear.com/OpcenterRDnLGIL/odata/RndvRqIi(9043,90,1000000,541,11000000)/Update - {"IIVALUE": "250.0", "IIVALUEF": 0}
2024-07-18 07:13:48,096 - ERROR - Error at 3 on Try 2: 404 Client Error: Not Found for url: https://opcenter-test.goodyear.com/OpcenterRDnLGIL/odata/RndvRqIi(9043,90,1000000,541,11000000)/Update - {"IIVALUE": "250.0", "IIVALUEF": 0}
2024-07-18 07:13:48,778 - ERROR - Error at 3 on Try 3: 404 Client Error: Not Found for url: https://opcenter-test.goodyear.com/OpcenterRDnLGIL/odata/RndvRqIi(9043,90,1000000,541,11000000)/Update - {"IIVALUE": "250.0", "IIVALUEF": 0}
2024-07-18 07:13:49,462 - ERROR - Error at 3 on Try 4: 404 Client Error: Not Found for url: https://opcenter-test.goodyear.com/OpcenterRDnLGIL/odata/RndvRqIi(9043,90,1000000,541,11000000)/Update - {"IIVALUE": "250.0", "IIVALUEF": 0}
2024-07-18 07:13:50,148 - ERROR - Error at 3 on Try 5: 404 Client Error: Not Found for url: https://opcenter-test.goodyear.com/OpcenterRDnLGIL/odata/RndvRqIi(9043,90,1000000,541,11000000)/Update - {"IIVALUE": "250.0", "IIVALUEF": 0}
2024-07-18 07:13:50,340 - ERROR - Error at 3 on Try 1: 404 Client Error: Not Found for url: https://opcenter-test.goodyear.com/OpcenterRDnLGIL/odata/RndvRqIi(9043,90,1000000,640,12000000)/Update - {"IIVALUE": "Method/Project: QA0199-01", "IIVALUEF": 0}
2024-07-18 07:13:51,026 - ERROR - Error at 3 on Try 2: 404 Client Error: Not Found for url: https://opcenter-test.goodyear.com/OpcenterRDnLGIL/odata/RndvRqIi(9043,90,1000000,640,12000000)/Update - {"IIVALUE": "Method/Project: QA0199-01", "IIVALUEF": 0}
2024-07-18 07:13:51,708 - ERROR - Error at 3 on Try 3: 404 Client Error: Not Found for url: https://opcenter-test.goodyear.com/OpcenterRDnLGIL/odata/RndvRqIi(9043,90,1000000,640,12000000)/Update - {"IIVALUE": "Method/Project: QA0199-01", "IIVALUEF": 0}
2024-07-18 07:13:52,392 - ERROR - Error at 3 on Try 4: 404 Client Error: Not Found for url: https://opcenter-test.goodyear.com/OpcenterRDnLGIL/odata/RndvRqIi(9043,90,1000000,640,12000000)/Update - {"IIVALUE": "Method/Project: QA0199-01", "IIVALUEF": 0}
2024-07-18 07:13:53,073 - ERROR - Error at 3 on Try 5: 404 Client Error: Not Found for url: https://opcenter-test.goodyear.com/OpcenterRDnLGIL/odata/RndvRqIi(9043,90,1000000,640,12000000)/Update - {"IIVALUE": "Method/Project: QA0199-01", "IIVALUEF": 0}
2024-07-18 07:13:53,273 - ERROR - Error at 3 on Try 1: 404 Client Error: Not Found for url: https://opcenter-test.goodyear.com/OpcenterRDnLGIL/odata/RndvRqIi(9043,90,1000000,647,13000000)/Update - {"IIVALUE": "Adv. Chemistry", "IIVALUEF": 0}
2024-07-18 07:13:53,956 - ERROR - Error at 3 on Try 2: 404 Client Error: Not Found for url: https://opcenter-test.goodyear.com/OpcenterRDnLGIL/odata/RndvRqIi(9043,90,1000000,647,13000000)/Update - {"IIVALUE": "Adv. Chemistry", "IIVALUEF": 0}
2024-07-18 07:13:54,642 - ERROR - Error at 3 on Try 3: 404 Client Error: Not Found for url: https://opcenter-test.goodyear.com/OpcenterRDnLGIL/odata/RndvRqIi(9043,90,1000000,647,13000000)/Update - {"IIVALUE": "Adv. Chemistry", "IIVALUEF": 0}
2024-07-18 07:13:55,322 - ERROR - Error at 3 on Try 4: 404 Client Error: Not Found for url: https://opcenter-test.goodyear.com/OpcenterRDnLGIL/odata/RndvRqIi(9043,90,1000000,647,13000000)/Update - {"IIVALUE": "Adv. Chemistry", "IIVALUEF": 0}
2024-07-18 07:13:56,006 - ERROR - Error at 3 on Try 5: 404 Client Error: Not Found for url: https://opcenter-test.goodyear.com/OpcenterRDnLGIL/odata/RndvRqIi(9043,90,1000000,647,13000000)/Update - {"IIVALUE": "Adv. Chemistry", "IIVALUEF": 0}
2024-07-18 07:13:56,192 - ERROR - Error at 3 on Try 1: 404 Client Error: Not Found for url: https://opcenter-test.goodyear.com/OpcenterRDnLGIL/odata/RndvRqIi(9043,90,1000000,648,2000000)/Update - {"IIVALUE": "0", "IIVALUEF": 0}
2024-07-18 07:13:56,881 - ERROR - Error at 3 on Try 2: 404 Client Error: Not Found for url: https://opcenter-test.goodyear.com/OpcenterRDnLGIL/odata/RndvRqIi(9043,90,1000000,648,2000000)/Update - {"IIVALUE": "0", "IIVALUEF": 0}
2024-07-18 07:13:57,563 - ERROR - Error at 3 on Try 3: 404 Client Error: Not Found for url: https://opcenter-test.goodyear.com/OpcenterRDnLGIL/odata/RndvRqIi(9043,90,1000000,648,2000000)/Update - {"IIVALUE": "0", "IIVALUEF": 0}
2024-07-18 07:13:58,244 - ERROR - Error at 3 on Try 4: 404 Client Error: Not Found for url: https://opcenter-test.goodyear.com/OpcenterRDnLGIL/odata/RndvRqIi(9043,90,1000000,648,2000000)/Update - {"IIVALUE": "0", "IIVALUEF": 0}
2024-07-18 07:13:58,928 - ERROR - Error at 3 on Try 5: 404 Client Error: Not Found for url: https://opcenter-test.goodyear.com/OpcenterRDnLGIL/odata/RndvRqIi(9043,90,1000000,648,2000000)/Update - {"IIVALUE": "0", "IIVALUEF": 0}
2024-07-18 07:13:59,112 - ERROR - Error at 3 on Try 1: 404 Client Error: Not Found for url: https://opcenter-test.goodyear.com/OpcenterRDnLGIL/odata/RndvRqIi(9043,90,1000000,649,14000000)/Update - {"IIVALUE": "Iron (III) chloride hexahydrate for analysis ", "IIVALUEF": 0}
2024-07-18 07:13:59,804 - ERROR - Error at 3 on Try 2: 404 Client Error: Not Found for url: https://opcenter-test.goodyear.com/OpcenterRDnLGIL/odata/RndvRqIi(9043,90,1000000,649,14000000)/Update - {"IIVALUE": "Iron (III) chloride hexahydrate for analysis ", "IIVALUEF": 0}
2024-07-18 07:14:00,489 - ERROR - Error at 3 on Try 3: 404 Client Error: Not Found for url: https://opcenter-test.goodyear.com/OpcenterRDnLGIL/odata/RndvRqIi(9043,90,1000000,649,14000000)/Update - {"IIVALUE": "Iron (III) chloride hexahydrate for analysis ", "IIVALUEF": 0}
2024-07-18 07:14:01,176 - ERROR - Error at 3 on Try 4: 404 Client Error: Not Found for url: https://opcenter-test.goodyear.com/OpcenterRDnLGIL/odata/RndvRqIi(9043,90,1000000,649,14000000)/Update - {"IIVALUE": "Iron (III) chloride hexahydrate for analysis ", "IIVALUEF": 0}
2024-07-18 07:14:01,864 - ERROR - Error at 3 on Try 5: 404 Client Error: Not Found for url: https://opcenter-test.goodyear.com/OpcenterRDnLGIL/odata/RndvRqIi(9043,90,1000000,649,14000000)/Update - {"IIVALUE": "Iron (III) chloride hexahydrate for analysis ", "IIVALUEF": 0}
2024-07-18 07:14:02,049 - ERROR - Error at 3 on Try 1: 404 Client Error: Not Found for url: https://opcenter-test.goodyear.com/OpcenterRDnLGIL/odata/RndvRqIi(9043,90,1000000,650,15000000)/Update - {"IIVALUE": "Merck", "IIVALUEF": 0}
2024-07-18 07:14:02,750 - ERROR - Error at 3 on Try 2: 404 Client Error: Not Found for url: https://opcenter-test.goodyear.com/OpcenterRDnLGIL/odata/RndvRqIi(9043,90,1000000,650,15000000)/Update - {"IIVALUE": "Merck", "IIVALUEF": 0}
2024-07-18 07:14:03,436 - ERROR - Error at 3 on Try 3: 404 Client Error: Not Found for url: https://opcenter-test.goodyear.com/OpcenterRDnLGIL/odata/RndvRqIi(9043,90,1000000,650,15000000)/Update - {"IIVALUE": "Merck", "IIVALUEF": 0}
2024-07-18 07:14:04,158 - ERROR - Error at 3 on Try 4: 404 Client Error: Not Found for url: https://opcenter-test.goodyear.com/OpcenterRDnLGIL/odata/RndvRqIi(9043,90,1000000,650,15000000)/Update - {"IIVALUE": "Merck", "IIVALUEF": 0}
2024-07-18 07:14:04,844 - ERROR - Error at 3 on Try 5: 404 Client Error: Not Found for url: https://opcenter-test.goodyear.com/OpcenterRDnLGIL/odata/RndvRqIi(9043,90,1000000,650,15000000)/Update - {"IIVALUE": "Merck", "IIVALUEF": 0}
2024-07-18 07:14:05,044 - ERROR - Error at 3 on Try 1: 404 Client Error: Not Found for url: https://opcenter-test.goodyear.com/OpcenterRDnLGIL/odata/RndvRqIi(9043,90,1000000,653,17000000)/Update - {"IIVALUE": "0", "IIVALUEF": 0}
2024-07-18 07:14:05,745 - ERROR - Error at 3 on Try 2: 404 Client Error: Not Found for url: https://opcenter-test.goodyear.com/OpcenterRDnLGIL/odata/RndvRqIi(9043,90,1000000,653,17000000)/Update - {"IIVALUE": "0", "IIVALUEF": 0}
2024-07-18 07:14:06,431 - ERROR - Error at 3 on Try 3: 404 Client Error: Not Found for url: https://opcenter-test.goodyear.com/OpcenterRDnLGIL/odata/RndvRqIi(9043,90,1000000,653,17000000)/Update - {"IIVALUE": "0", "IIVALUEF": 0}
2024-07-18 07:14:07,118 - ERROR - Error at 3 on Try 4: 404 Client Error: Not Found for url: https://opcenter-test.goodyear.com/OpcenterRDnLGIL/odata/RndvRqIi(9043,90,1000000,653,17000000)/Update - {"IIVALUE": "0", "IIVALUEF": 0}
2024-07-18 07:14:07,819 - ERROR - Error at 3 on Try 5: 404 Client Error: Not Found for url: https://opcenter-test.goodyear.com/OpcenterRDnLGIL/odata/RndvRqIi(9043,90,1000000,653,17000000)/Update - {"IIVALUE": "0", "IIVALUEF": 0}
2024-07-18 07:14:08,017 - ERROR - Error at 3 on Try 1: 404 Client Error: Not Found for url: https://opcenter-test.goodyear.com/OpcenterRDnLGIL/odata/RndvRqIi(9043,90,1000000,654,16000000)/Update - {"IIVALUE": "g", "IIVALUEF": 0}
2024-07-18 07:14:08,709 - ERROR - Error at 3 on Try 2: 404 Client Error: Not Found for url: https://opcenter-test.goodyear.com/OpcenterRDnLGIL/odata/RndvRqIi(9043,90,1000000,654,16000000)/Update - {"IIVALUE": "g", "IIVALUEF": 0}
2024-07-18 07:14:09,417 - ERROR - Error at 3 on Try 3: 404 Client Error: Not Found for url: https://opcenter-test.goodyear.com/OpcenterRDnLGIL/odata/RndvRqIi(9043,90,1000000,654,16000000)/Update - {"IIVALUE": "g", "IIVALUEF": 0}
2024-07-18 07:14:10,103 - ERROR - Error at 3 on Try 4: 404 Client Error: Not Found for url: https://opcenter-test.goodyear.com/OpcenterRDnLGIL/odata/RndvRqIi(9043,90,1000000,654,16000000)/Update - {"IIVALUE": "g", "IIVALUEF": 0}
2024-07-18 07:14:10,786 - ERROR - Error at 3 on Try 5: 404 Client Error: Not Found for url: https://opcenter-test.goodyear.com/OpcenterRDnLGIL/odata/RndvRqIi(9043,90,1000000,654,16000000)/Update - {"IIVALUE": "g", "IIVALUEF": 0}
2024-07-18 07:14:10,988 - ERROR - Error at 3 on Try 1: 404 Client Error: Not Found for url: https://opcenter-test.goodyear.com/OpcenterRDnLGIL/odata/RndvRqIi(9043,90,1000000,656,18000000)/Update - {"IIVALUE": "0", "IIVALUEF": 0}
2024-07-18 07:14:11,679 - ERROR - Error at 3 on Try 2: 404 Client Error: Not Found for url: https://opcenter-test.goodyear.com/OpcenterRDnLGIL/odata/RndvRqIi(9043,90,1000000,656,18000000)/Update - {"IIVALUE": "0", "IIVALUEF": 0}
2024-07-18 07:14:12,378 - ERROR - Error at 3 on Try 3: 404 Client Error: Not Found for url: https://opcenter-test.goodyear.com/OpcenterRDnLGIL/odata/RndvRqIi(9043,90,1000000,656,18000000)/Update - {"IIVALUE": "0", "IIVALUEF": 0}
2024-07-18 07:14:13,067 - ERROR - Error at 3 on Try 4: 404 Client Error: Not Found for url: https://opcenter-test.goodyear.com/OpcenterRDnLGIL/odata/RndvRqIi(9043,90,1000000,656,18000000)/Update - {"IIVALUE": "0", "IIVALUEF": 0}
2024-07-18 07:14:13,750 - ERROR - Error at 3 on Try 5: 404 Client Error: Not Found for url: https://opcenter-test.goodyear.com/OpcenterRDnLGIL/odata/RndvRqIi(9043,90,1000000,656,18000000)/Update - {"IIVALUE": "0", "IIVALUEF": 0}
2024-07-18 07:14:13,933 - ERROR - Error at 3 on Try 1: 404 Client Error: Not Found for url: https://opcenter-test.goodyear.com/OpcenterRDnLGIL/odata/RndvRqIi(9043,90,1000000,531,19000000)/Update - {"IIVALUE": "B1241043626", "IIVALUEF": 0}
2024-07-18 07:14:14,614 - ERROR - Error at 3 on Try 2: 404 Client Error: Not Found for url: https://opcenter-test.goodyear.com/OpcenterRDnLGIL/odata/RndvRqIi(9043,90,1000000,531,19000000)/Update - {"IIVALUE": "B1241043626", "IIVALUEF": 0}
2024-07-18 07:14:15,311 - ERROR - Error at 3 on Try 3: 404 Client Error: Not Found for url: https://opcenter-test.goodyear.com/OpcenterRDnLGIL/odata/RndvRqIi(9043,90,1000000,531,19000000)/Update - {"IIVALUE": "B1241043626", "IIVALUEF": 0}
2024-07-18 07:14:15,999 - ERROR - Error at 3 on Try 4: 404 Client Error: Not Found for url: https://opcenter-test.goodyear.com/OpcenterRDnLGIL/odata/RndvRqIi(9043,90,1000000,531,19000000)/Update - {"IIVALUE": "B1241043626", "IIVALUEF": 0}
2024-07-18 07:14:16,680 - ERROR - Error at 3 on Try 5: 404 Client Error: Not Found for url: https://opcenter-test.goodyear.com/OpcenterRDnLGIL/odata/RndvRqIi(9043,90,1000000,531,19000000)/Update - {"IIVALUE": "B1241043626", "IIVALUEF": 0}
2024-07-18 07:14:16,995 - INFO - Success on 4: 200 - {"IIVALUE": "1.03943.0250", "IIVALUEF": 0}
2024-07-18 07:14:27,788 - INFO - Success on 5: 200 - {"SHORT_DESC": "Chemical & Consumables Container", "RQ_VALUE": null, "DESCRIPTION": "Chemical & Consumables Container"}
2024-07-18 07:14:28,985 - INFO - Success on 5: 200 - {"StatusTo": 5}
2024-07-18 07:14:29,184 - ERROR - Error at 4 on Try 1: 404 Client Error: Not Found for url: https://opcenter-test.goodyear.com/OpcenterRDnLGIL/odata/RndvRqIi(9044,90,1000000,9,5000000)/Update - {"IIVALUE": "AS*L", "IIVALUEF": 0}
2024-07-18 07:14:29,859 - ERROR - Error at 4 on Try 2: 404 Client Error: Not Found for url: https://opcenter-test.goodyear.com/OpcenterRDnLGIL/odata/RndvRqIi(9044,90,1000000,9,5000000)/Update - {"IIVALUE": "AS*L", "IIVALUEF": 0}
2024-07-18 07:14:30,547 - ERROR - Error at 4 on Try 3: 404 Client Error: Not Found for url: https://opcenter-test.goodyear.com/OpcenterRDnLGIL/odata/RndvRqIi(9044,90,1000000,9,5000000)/Update - {"IIVALUE": "AS*L", "IIVALUEF": 0}
2024-07-18 07:14:31,242 - ERROR - Error at 4 on Try 4: 404 Client Error: Not Found for url: https://opcenter-test.goodyear.com/OpcenterRDnLGIL/odata/RndvRqIi(9044,90,1000000,9,5000000)/Update - {"IIVALUE": "AS*L", "IIVALUEF": 0}
2024-07-18 07:14:31,926 - ERROR - Error at 4 on Try 5: 404 Client Error: Not Found for url: https://opcenter-test.goodyear.com/OpcenterRDnLGIL/odata/RndvRqIi(9044,90,1000000,9,5000000)/Update - {"IIVALUE": "AS*L", "IIVALUEF": 0}
2024-07-18 07:14:32,129 - ERROR - Error at 4 on Try 1: 404 Client Error: Not Found for url: https://opcenter-test.goodyear.com/OpcenterRDnLGIL/odata/RndvRqIi(9044,90,1000000,530,1000000)/Update - {"IIVALUE": "0", "IIVALUEF": 0}
2024-07-18 07:14:32,822 - ERROR - Error at 4 on Try 2: 404 Client Error: Not Found for url: https://opcenter-test.goodyear.com/OpcenterRDnLGIL/odata/RndvRqIi(9044,90,1000000,530,1000000)/Update - {"IIVALUE": "0", "IIVALUEF": 0}
2024-07-18 07:14:33,500 - ERROR - Error at 4 on Try 3: 404 Client Error: Not Found for url: https://opcenter-test.goodyear.com/OpcenterRDnLGIL/odata/RndvRqIi(9044,90,1000000,530,1000000)/Update - {"IIVALUE": "0", "IIVALUEF": 0}
2024-07-18 07:14:34,204 - ERROR - Error at 4 on Try 4: 404 Client Error: Not Found for url: https://opcenter-test.goodyear.com/OpcenterRDnLGIL/odata/RndvRqIi(9044,90,1000000,530,1000000)/Update - {"IIVALUE": "0", "IIVALUEF": 0}
2024-07-18 07:14:34,880 - ERROR - Error at 4 on Try 5: 404 Client Error: Not Found for url: https://opcenter-test.goodyear.com/OpcenterRDnLGIL/odata/RndvRqIi(9044,90,1000000,530,1000000)/Update - {"IIVALUE": "0", "IIVALUEF": 0}
2024-07-18 07:14:35,073 - ERROR - Error at 4 on Try 1: 404 Client Error: Not Found for url: https://opcenter-test.goodyear.com/OpcenterRDnLGIL/odata/RndvRqIi(9044,90,1000000,534,4000000)/Update - {"IIVALUE": "0", "IIVALUEF": 0}
2024-07-18 07:14:35,767 - ERROR - Error at 4 on Try 2: 404 Client Error: Not Found for url: https://opcenter-test.goodyear.com/OpcenterRDnLGIL/odata/RndvRqIi(9044,90,1000000,534,4000000)/Update - {"IIVALUE": "0", "IIVALUEF": 0}
2024-07-18 07:14:36,457 - ERROR - Error at 4 on Try 3: 404 Client Error: Not Found for url: https://opcenter-test.goodyear.com/OpcenterRDnLGIL/odata/RndvRqIi(9044,90,1000000,534,4000000)/Update - {"IIVALUE": "0", "IIVALUEF": 0}
2024-07-18 07:14:37,150 - ERROR - Error at 4 on Try 4: 404 Client Error: Not Found for url: https://opcenter-test.goodyear.com/OpcenterRDnLGIL/odata/RndvRqIi(9044,90,1000000,534,4000000)/Update - {"IIVALUE": "0", "IIVALUEF": 0}
2024-07-18 07:14:37,832 - ERROR - Error at 4 on Try 5: 404 Client Error: Not Found for url: https://opcenter-test.goodyear.com/OpcenterRDnLGIL/odata/RndvRqIi(9044,90,1000000,534,4000000)/Update - {"IIVALUE": "0", "IIVALUEF": 0}
2024-07-18 07:14:38,012 - ERROR - Error at 4 on Try 1: 404 Client Error: Not Found for url: https://opcenter-test.goodyear.com/OpcenterRDnLGIL/odata/RndvRqIi(9044,90,1000000,535,3000000)/Update - {"IIVALUE": "04/30/2021 12:00:00 AM +00:00", "IIVALUEF": 0}
2024-07-18 07:14:38,690 - ERROR - Error at 4 on Try 2: 404 Client Error: Not Found for url: https://opcenter-test.goodyear.com/OpcenterRDnLGIL/odata/RndvRqIi(9044,90,1000000,535,3000000)/Update - {"IIVALUE": "04/30/2021 12:00:00 AM +00:00", "IIVALUEF": 0}
2024-07-18 07:14:39,377 - ERROR - Error at 4 on Try 3: 404 Client Error: Not Found for url: https://opcenter-test.goodyear.com/OpcenterRDnLGIL/odata/RndvRqIi(9044,90,1000000,535,3000000)/Update - {"IIVALUE": "04/30/2021 12:00:00 AM +00:00", "IIVALUEF": 0}
2024-07-18 07:14:40,057 - ERROR - Error at 4 on Try 4: 404 Client Error: Not Found for url: https://opcenter-test.goodyear.com/OpcenterRDnLGIL/odata/RndvRqIi(9044,90,1000000,535,3000000)/Update - {"IIVALUE": "04/30/2021 12:00:00 AM +00:00", "IIVALUEF": 0}
2024-07-18 07:14:40,732 - ERROR - Error at 4 on Try 5: 404 Client Error: Not Found for url: https://opcenter-test.goodyear.com/OpcenterRDnLGIL/odata/RndvRqIi(9044,90,1000000,535,3000000)/Update - {"IIVALUE": "04/30/2021 12:00:00 AM +00:00", "IIVALUEF": 0}
2024-07-18 07:14:40,931 - ERROR - Error at 4 on Try 1: 404 Client Error: Not Found for url: https://opcenter-test.goodyear.com/OpcenterRDnLGIL/odata/RndvRqIi(9044,90,1000000,536,6000000)/Update - {"IIVALUE": "GIC*L", "IIVALUEF": 0}
2024-07-18 07:14:41,617 - ERROR - Error at 4 on Try 2: 404 Client Error: Not Found for url: https://opcenter-test.goodyear.com/OpcenterRDnLGIL/odata/RndvRqIi(9044,90,1000000,536,6000000)/Update - {"IIVALUE": "GIC*L", "IIVALUEF": 0}
2024-07-18 07:14:42,316 - ERROR - Error at 4 on Try 3: 404 Client Error: Not Found for url: https://opcenter-test.goodyear.com/OpcenterRDnLGIL/odata/RndvRqIi(9044,90,1000000,536,6000000)/Update - {"IIVALUE": "GIC*L", "IIVALUEF": 0}
2024-07-18 07:14:43,001 - ERROR - Error at 4 on Try 4: 404 Client Error: Not Found for url: https://opcenter-test.goodyear.com/OpcenterRDnLGIL/odata/RndvRqIi(9044,90,1000000,536,6000000)/Update - {"IIVALUE": "GIC*L", "IIVALUEF": 0}
2024-07-18 07:14:43,698 - ERROR - Error at 4 on Try 5: 404 Client Error: Not Found for url: https://opcenter-test.goodyear.com/OpcenterRDnLGIL/odata/RndvRqIi(9044,90,1000000,536,6000000)/Update - {"IIVALUE": "GIC*L", "IIVALUEF": 0}
2024-07-18 07:14:43,883 - ERROR - Error at 4 on Try 1: 404 Client Error: Not Found for url: https://opcenter-test.goodyear.com/OpcenterRDnLGIL/odata/RndvRqIi(9044,90,1000000,537,7000000)/Update - {"IIVALUE": "Ventilated Cabinet 4", "IIVALUEF": 0}
2024-07-18 07:14:44,591 - ERROR - Error at 4 on Try 2: 404 Client Error: Not Found for url: https://opcenter-test.goodyear.com/OpcenterRDnLGIL/odata/RndvRqIi(9044,90,1000000,537,7000000)/Update - {"IIVALUE": "Ventilated Cabinet 4", "IIVALUEF": 0}
2024-07-18 07:14:45,273 - ERROR - Error at 4 on Try 3: 404 Client Error: Not Found for url: https://opcenter-test.goodyear.com/OpcenterRDnLGIL/odata/RndvRqIi(9044,90,1000000,537,7000000)/Update - {"IIVALUE": "Ventilated Cabinet 4", "IIVALUEF": 0}
2024-07-18 07:14:45,956 - ERROR - Error at 4 on Try 4: 404 Client Error: Not Found for url: https://opcenter-test.goodyear.com/OpcenterRDnLGIL/odata/RndvRqIi(9044,90,1000000,537,7000000)/Update - {"IIVALUE": "Ventilated Cabinet 4", "IIVALUEF": 0}
2024-07-18 07:14:46,646 - ERROR - Error at 4 on Try 5: 404 Client Error: Not Found for url: https://opcenter-test.goodyear.com/OpcenterRDnLGIL/odata/RndvRqIi(9044,90,1000000,537,7000000)/Update - {"IIVALUE": "Ventilated Cabinet 4", "IIVALUEF": 0}
2024-07-18 07:14:46,863 - ERROR - Error at 4 on Try 1: 404 Client Error: Not Found for url: https://opcenter-test.goodyear.com/OpcenterRDnLGIL/odata/RndvRqIi(9044,90,1000000,538,8000000)/Update - {"IIVALUE": "0", "IIVALUEF": 0}
2024-07-18 07:14:47,539 - ERROR - Error at 4 on Try 2: 404 Client Error: Not Found for url: https://opcenter-test.goodyear.com/OpcenterRDnLGIL/odata/RndvRqIi(9044,90,1000000,538,8000000)/Update - {"IIVALUE": "0", "IIVALUEF": 0}
2024-07-18 07:14:48,244 - ERROR - Error at 4 on Try 3: 404 Client Error: Not Found for url: https://opcenter-test.goodyear.com/OpcenterRDnLGIL/odata/RndvRqIi(9044,90,1000000,538,8000000)/Update - {"IIVALUE": "0", "IIVALUEF": 0}
2024-07-18 07:14:48,934 - ERROR - Error at 4 on Try 4: 404 Client Error: Not Found for url: https://opcenter-test.goodyear.com/OpcenterRDnLGIL/odata/RndvRqIi(9044,90,1000000,538,8000000)/Update - {"IIVALUE": "0", "IIVALUEF": 0}
2024-07-18 07:14:49,613 - ERROR - Error at 4 on Try 5: 404 Client Error: Not Found for url: https://opcenter-test.goodyear.com/OpcenterRDnLGIL/odata/RndvRqIi(9044,90,1000000,538,8000000)/Update - {"IIVALUE": "0", "IIVALUEF": 0}
2024-07-18 07:14:49,797 - ERROR - Error at 4 on Try 1: 404 Client Error: Not Found for url: https://opcenter-test.goodyear.com/OpcenterRDnLGIL/odata/RndvRqIi(9044,90,1000000,539,9000000)/Update - {"IIVALUE": "Kepenne, Veronique", "IIVALUEF": 0}
2024-07-18 07:14:50,493 - ERROR - Error at 4 on Try 2: 404 Client Error: Not Found for url: https://opcenter-test.goodyear.com/OpcenterRDnLGIL/odata/RndvRqIi(9044,90,1000000,539,9000000)/Update - {"IIVALUE": "Kepenne, Veronique", "IIVALUEF": 0}
2024-07-18 07:14:51,178 - ERROR - Error at 4 on Try 3: 404 Client Error: Not Found for url: https://opcenter-test.goodyear.com/OpcenterRDnLGIL/odata/RndvRqIi(9044,90,1000000,539,9000000)/Update - {"IIVALUE": "Kepenne, Veronique", "IIVALUEF": 0}
2024-07-18 07:14:51,883 - ERROR - Error at 4 on Try 4: 404 Client Error: Not Found for url: https://opcenter-test.goodyear.com/OpcenterRDnLGIL/odata/RndvRqIi(9044,90,1000000,539,9000000)/Update - {"IIVALUE": "Kepenne, Veronique", "IIVALUEF": 0}
2024-07-18 07:14:52,563 - ERROR - Error at 4 on Try 5: 404 Client Error: Not Found for url: https://opcenter-test.goodyear.com/OpcenterRDnLGIL/odata/RndvRqIi(9044,90,1000000,539,9000000)/Update - {"IIVALUE": "Kepenne, Veronique", "IIVALUEF": 0}
2024-07-18 07:14:52,757 - ERROR - Error at 4 on Try 1: 404 Client Error: Not Found for url: https://opcenter-test.goodyear.com/OpcenterRDnLGIL/odata/RndvRqIi(9044,90,1000000,540,10000000)/Update - {"IIVALUE": "7757-82-6", "IIVALUEF": 0}
2024-07-18 07:14:53,465 - ERROR - Error at 4 on Try 2: 404 Client Error: Not Found for url: https://opcenter-test.goodyear.com/OpcenterRDnLGIL/odata/RndvRqIi(9044,90,1000000,540,10000000)/Update - {"IIVALUE": "7757-82-6", "IIVALUEF": 0}
2024-07-18 07:14:54,153 - ERROR - Error at 4 on Try 3: 404 Client Error: Not Found for url: https://opcenter-test.goodyear.com/OpcenterRDnLGIL/odata/RndvRqIi(9044,90,1000000,540,10000000)/Update - {"IIVALUE": "7757-82-6", "IIVALUEF": 0}
2024-07-18 07:14:54,834 - ERROR - Error at 4 on Try 4: 404 Client Error: Not Found for url: https://opcenter-test.goodyear.com/OpcenterRDnLGIL/odata/RndvRqIi(9044,90,1000000,540,10000000)/Update - {"IIVALUE": "7757-82-6", "IIVALUEF": 0}
2024-07-18 07:14:55,531 - ERROR - Error at 4 on Try 5: 404 Client Error: Not Found for url: https://opcenter-test.goodyear.com/OpcenterRDnLGIL/odata/RndvRqIi(9044,90,1000000,540,10000000)/Update - {"IIVALUE": "7757-82-6", "IIVALUEF": 0}
2024-07-18 07:14:55,703 - ERROR - Error at 4 on Try 1: 404 Client Error: Not Found for url: https://opcenter-test.goodyear.com/OpcenterRDnLGIL/odata/RndvRqIi(9044,90,1000000,541,11000000)/Update - {"IIVALUE": "500.0", "IIVALUEF": 0}
2024-07-18 07:14:56,383 - ERROR - Error at 4 on Try 2: 404 Client Error: Not Found for url: https://opcenter-test.goodyear.com/OpcenterRDnLGIL/odata/RndvRqIi(9044,90,1000000,541,11000000)/Update - {"IIVALUE": "500.0", "IIVALUEF": 0}
2024-07-18 07:14:57,069 - ERROR - Error at 4 on Try 3: 404 Client Error: Not Found for url: https://opcenter-test.goodyear.com/OpcenterRDnLGIL/odata/RndvRqIi(9044,90,1000000,541,11000000)/Update - {"IIVALUE": "500.0", "IIVALUEF": 0}
2024-07-18 07:14:57,747 - ERROR - Error at 4 on Try 4: 404 Client Error: Not Found for url: https://opcenter-test.goodyear.com/OpcenterRDnLGIL/odata/RndvRqIi(9044,90,1000000,541,11000000)/Update - {"IIVALUE": "500.0", "IIVALUEF": 0}
2024-07-18 07:14:58,424 - ERROR - Error at 4 on Try 5: 404 Client Error: Not Found for url: https://opcenter-test.goodyear.com/OpcenterRDnLGIL/odata/RndvRqIi(9044,90,1000000,541,11000000)/Update - {"IIVALUE": "500.0", "IIVALUEF": 0}
2024-07-18 07:14:58,626 - ERROR - Error at 4 on Try 1: 404 Client Error: Not Found for url: https://opcenter-test.goodyear.com/OpcenterRDnLGIL/odata/RndvRqIi(9044,90,1000000,640,12000000)/Update - {"IIVALUE": "Method/Project: QA0006-08", "IIVALUEF": 0}
2024-07-18 07:14:59,305 - ERROR - Error at 4 on Try 2: 404 Client Error: Not Found for url: https://opcenter-test.goodyear.com/OpcenterRDnLGIL/odata/RndvRqIi(9044,90,1000000,640,12000000)/Update - {"IIVALUE": "Method/Project: QA0006-08", "IIVALUEF": 0}
2024-07-18 07:15:00,001 - ERROR - Error at 4 on Try 3: 404 Client Error: Not Found for url: https://opcenter-test.goodyear.com/OpcenterRDnLGIL/odata/RndvRqIi(9044,90,1000000,640,12000000)/Update - {"IIVALUE": "Method/Project: QA0006-08", "IIVALUEF": 0}
2024-07-18 07:15:00,683 - ERROR - Error at 4 on Try 4: 404 Client Error: Not Found for url: https://opcenter-test.goodyear.com/OpcenterRDnLGIL/odata/RndvRqIi(9044,90,1000000,640,12000000)/Update - {"IIVALUE": "Method/Project: QA0006-08", "IIVALUEF": 0}
2024-07-18 07:15:01,435 - ERROR - Error at 4 on Try 5: 404 Client Error: Not Found for url: https://opcenter-test.goodyear.com/OpcenterRDnLGIL/odata/RndvRqIi(9044,90,1000000,640,12000000)/Update - {"IIVALUE": "Method/Project: QA0006-08", "IIVALUEF": 0}
2024-07-18 07:15:01,618 - ERROR - Error at 4 on Try 1: 404 Client Error: Not Found for url: https://opcenter-test.goodyear.com/OpcenterRDnLGIL/odata/RndvRqIi(9044,90,1000000,647,13000000)/Update - {"IIVALUE": "Adv. Chemistry", "IIVALUEF": 0}
2024-07-18 07:15:02,303 - ERROR - Error at 4 on Try 2: 404 Client Error: Not Found for url: https://opcenter-test.goodyear.com/OpcenterRDnLGIL/odata/RndvRqIi(9044,90,1000000,647,13000000)/Update - {"IIVALUE": "Adv. Chemistry", "IIVALUEF": 0}
2024-07-18 07:15:02,990 - ERROR - Error at 4 on Try 3: 404 Client Error: Not Found for url: https://opcenter-test.goodyear.com/OpcenterRDnLGIL/odata/RndvRqIi(9044,90,1000000,647,13000000)/Update - {"IIVALUE": "Adv. Chemistry", "IIVALUEF": 0}
2024-07-18 07:15:03,673 - ERROR - Error at 4 on Try 4: 404 Client Error: Not Found for url: https://opcenter-test.goodyear.com/OpcenterRDnLGIL/odata/RndvRqIi(9044,90,1000000,647,13000000)/Update - {"IIVALUE": "Adv. Chemistry", "IIVALUEF": 0}
2024-07-18 07:15:04,354 - ERROR - Error at 4 on Try 5: 404 Client Error: Not Found for url: https://opcenter-test.goodyear.com/OpcenterRDnLGIL/odata/RndvRqIi(9044,90,1000000,647,13000000)/Update - {"IIVALUE": "Adv. Chemistry", "IIVALUEF": 0}
2024-07-18 07:15:04,536 - ERROR - Error at 4 on Try 1: 404 Client Error: Not Found for url: https://opcenter-test.goodyear.com/OpcenterRDnLGIL/odata/RndvRqIi(9044,90,1000000,648,2000000)/Update - {"IIVALUE": "0", "IIVALUEF": 0}
2024-07-18 07:15:05,218 - ERROR - Error at 4 on Try 2: 404 Client Error: Not Found for url: https://opcenter-test.goodyear.com/OpcenterRDnLGIL/odata/RndvRqIi(9044,90,1000000,648,2000000)/Update - {"IIVALUE": "0", "IIVALUEF": 0}
2024-07-18 07:15:05,904 - ERROR - Error at 4 on Try 3: 404 Client Error: Not Found for url: https://opcenter-test.goodyear.com/OpcenterRDnLGIL/odata/RndvRqIi(9044,90,1000000,648,2000000)/Update - {"IIVALUE": "0", "IIVALUEF": 0}
2024-07-18 07:15:06,579 - ERROR - Error at 4 on Try 4: 404 Client Error: Not Found for url: https://opcenter-test.goodyear.com/OpcenterRDnLGIL/odata/RndvRqIi(9044,90,1000000,648,2000000)/Update - {"IIVALUE": "0", "IIVALUEF": 0}
2024-07-18 07:15:07,262 - ERROR - Error at 4 on Try 5: 404 Client Error: Not Found for url: https://opcenter-test.goodyear.com/OpcenterRDnLGIL/odata/RndvRqIi(9044,90,1000000,648,2000000)/Update - {"IIVALUE": "0", "IIVALUEF": 0}
2024-07-18 07:15:07,442 - ERROR - Error at 4 on Try 1: 404 Client Error: Not Found for url: https://opcenter-test.goodyear.com/OpcenterRDnLGIL/odata/RndvRqIi(9044,90,1000000,649,14000000)/Update - {"IIVALUE": "Sodium sulfate for analysis ", "IIVALUEF": 0}
2024-07-18 07:15:08,126 - ERROR - Error at 4 on Try 2: 404 Client Error: Not Found for url: https://opcenter-test.goodyear.com/OpcenterRDnLGIL/odata/RndvRqIi(9044,90,1000000,649,14000000)/Update - {"IIVALUE": "Sodium sulfate for analysis ", "IIVALUEF": 0}
2024-07-18 07:15:08,820 - ERROR - Error at 4 on Try 3: 404 Client Error: Not Found for url: https://opcenter-test.goodyear.com/OpcenterRDnLGIL/odata/RndvRqIi(9044,90,1000000,649,14000000)/Update - {"IIVALUE": "Sodium sulfate for analysis ", "IIVALUEF": 0}
2024-07-18 07:15:09,511 - ERROR - Error at 4 on Try 4: 404 Client Error: Not Found for url: https://opcenter-test.goodyear.com/OpcenterRDnLGIL/odata/RndvRqIi(9044,90,1000000,649,14000000)/Update - {"IIVALUE": "Sodium sulfate for analysis ", "IIVALUEF": 0}
2024-07-18 07:15:10,195 - ERROR - Error at 4 on Try 5: 404 Client Error: Not Found for url: https://opcenter-test.goodyear.com/OpcenterRDnLGIL/odata/RndvRqIi(9044,90,1000000,649,14000000)/Update - {"IIVALUE": "Sodium sulfate for analysis ", "IIVALUEF": 0}
2024-07-18 07:15:10,379 - ERROR - Error at 4 on Try 1: 404 Client Error: Not Found for url: https://opcenter-test.goodyear.com/OpcenterRDnLGIL/odata/RndvRqIi(9044,90,1000000,650,15000000)/Update - {"IIVALUE": "Merck", "IIVALUEF": 0}
2024-07-18 07:15:11,070 - ERROR - Error at 4 on Try 2: 404 Client Error: Not Found for url: https://opcenter-test.goodyear.com/OpcenterRDnLGIL/odata/RndvRqIi(9044,90,1000000,650,15000000)/Update - {"IIVALUE": "Merck", "IIVALUEF": 0}
2024-07-18 07:15:11,778 - ERROR - Error at 4 on Try 3: 404 Client Error: Not Found for url: https://opcenter-test.goodyear.com/OpcenterRDnLGIL/odata/RndvRqIi(9044,90,1000000,650,15000000)/Update - {"IIVALUE": "Merck", "IIVALUEF": 0}
2024-07-18 07:15:12,457 - ERROR - Error at 4 on Try 4: 404 Client Error: Not Found for url: https://opcenter-test.goodyear.com/OpcenterRDnLGIL/odata/RndvRqIi(9044,90,1000000,650,15000000)/Update - {"IIVALUE": "Merck", "IIVALUEF": 0}
2024-07-18 07:15:13,171 - ERROR - Error at 4 on Try 5: 404 Client Error: Not Found for url: https://opcenter-test.goodyear.com/OpcenterRDnLGIL/odata/RndvRqIi(9044,90,1000000,650,15000000)/Update - {"IIVALUE": "Merck", "IIVALUEF": 0}
2024-07-18 07:15:13,346 - ERROR - Error at 4 on Try 1: 404 Client Error: Not Found for url: https://opcenter-test.goodyear.com/OpcenterRDnLGIL/odata/RndvRqIi(9044,90,1000000,653,17000000)/Update - {"IIVALUE": "0", "IIVALUEF": 0}
2024-07-18 07:15:14,040 - ERROR - Error at 4 on Try 2: 404 Client Error: Not Found for url: https://opcenter-test.goodyear.com/OpcenterRDnLGIL/odata/RndvRqIi(9044,90,1000000,653,17000000)/Update - {"IIVALUE": "0", "IIVALUEF": 0}
2024-07-18 07:15:14,741 - ERROR - Error at 4 on Try 3: 404 Client Error: Not Found for url: https://opcenter-test.goodyear.com/OpcenterRDnLGIL/odata/RndvRqIi(9044,90,1000000,653,17000000)/Update - {"IIVALUE": "0", "IIVALUEF": 0}
2024-07-18 07:15:15,420 - ERROR - Error at 4 on Try 4: 404 Client Error: Not Found for url: https://opcenter-test.goodyear.com/OpcenterRDnLGIL/odata/RndvRqIi(9044,90,1000000,653,17000000)/Update - {"IIVALUE": "0", "IIVALUEF": 0}
2024-07-18 07:15:16,103 - ERROR - Error at 4 on Try 5: 404 Client Error: Not Found for url: https://opcenter-test.goodyear.com/OpcenterRDnLGIL/odata/RndvRqIi(9044,90,1000000,653,17000000)/Update - {"IIVALUE": "0", "IIVALUEF": 0}
2024-07-18 07:15:16,307 - ERROR - Error at 4 on Try 1: 404 Client Error: Not Found for url: https://opcenter-test.goodyear.com/OpcenterRDnLGIL/odata/RndvRqIi(9044,90,1000000,654,16000000)/Update - {"IIVALUE": "g", "IIVALUEF": 0}
2024-07-18 07:15:16,993 - ERROR - Error at 4 on Try 2: 404 Client Error: Not Found for url: https://opcenter-test.goodyear.com/OpcenterRDnLGIL/odata/RndvRqIi(9044,90,1000000,654,16000000)/Update - {"IIVALUE": "g", "IIVALUEF": 0}
2024-07-18 07:15:17,675 - ERROR - Error at 4 on Try 3: 404 Client Error: Not Found for url: https://opcenter-test.goodyear.com/OpcenterRDnLGIL/odata/RndvRqIi(9044,90,1000000,654,16000000)/Update - {"IIVALUE": "g", "IIVALUEF": 0}
2024-07-18 07:15:18,355 - ERROR - Error at 4 on Try 4: 404 Client Error: Not Found for url: https://opcenter-test.goodyear.com/OpcenterRDnLGIL/odata/RndvRqIi(9044,90,1000000,654,16000000)/Update - {"IIVALUE": "g", "IIVALUEF": 0}
2024-07-18 07:15:19,064 - ERROR - Error at 4 on Try 5: 404 Client Error: Not Found for url: https://opcenter-test.goodyear.com/OpcenterRDnLGIL/odata/RndvRqIi(9044,90,1000000,654,16000000)/Update - {"IIVALUE": "g", "IIVALUEF": 0}
2024-07-18 07:15:19,243 - ERROR - Error at 4 on Try 1: 404 Client Error: Not Found for url: https://opcenter-test.goodyear.com/OpcenterRDnLGIL/odata/RndvRqIi(9044,90,1000000,656,18000000)/Update - {"IIVALUE": "0", "IIVALUEF": 0}
2024-07-18 07:15:19,932 - ERROR - Error at 4 on Try 2: 404 Client Error: Not Found for url: https://opcenter-test.goodyear.com/OpcenterRDnLGIL/odata/RndvRqIi(9044,90,1000000,656,18000000)/Update - {"IIVALUE": "0", "IIVALUEF": 0}
2024-07-18 07:15:20,655 - ERROR - Error at 4 on Try 3: 404 Client Error: Not Found for url: https://opcenter-test.goodyear.com/OpcenterRDnLGIL/odata/RndvRqIi(9044,90,1000000,656,18000000)/Update - {"IIVALUE": "0", "IIVALUEF": 0}
2024-07-18 07:15:21,334 - ERROR - Error at 4 on Try 4: 404 Client Error: Not Found for url: https://opcenter-test.goodyear.com/OpcenterRDnLGIL/odata/RndvRqIi(9044,90,1000000,656,18000000)/Update - {"IIVALUE": "0", "IIVALUEF": 0}
2024-07-18 07:15:22,015 - ERROR - Error at 4 on Try 5: 404 Client Error: Not Found for url: https://opcenter-test.goodyear.com/OpcenterRDnLGIL/odata/RndvRqIi(9044,90,1000000,656,18000000)/Update - {"IIVALUE": "0", "IIVALUEF": 0}
2024-07-18 07:15:22,203 - ERROR - Error at 4 on Try 1: 404 Client Error: Not Found for url: https://opcenter-test.goodyear.com/OpcenterRDnLGIL/odata/RndvRqIi(9044,90,1000000,531,19000000)/Update - {"IIVALUE": "AM1023849810", "IIVALUEF": 0}
2024-07-18 07:15:22,888 - ERROR - Error at 4 on Try 2: 404 Client Error: Not Found for url: https://opcenter-test.goodyear.com/OpcenterRDnLGIL/odata/RndvRqIi(9044,90,1000000,531,19000000)/Update - {"IIVALUE": "AM1023849810", "IIVALUEF": 0}
2024-07-18 07:15:23,570 - ERROR - Error at 4 on Try 3: 404 Client Error: Not Found for url: https://opcenter-test.goodyear.com/OpcenterRDnLGIL/odata/RndvRqIi(9044,90,1000000,531,19000000)/Update - {"IIVALUE": "AM1023849810", "IIVALUEF": 0}
2024-07-18 07:15:24,272 - ERROR - Error at 4 on Try 4: 404 Client Error: Not Found for url: https://opcenter-test.goodyear.com/OpcenterRDnLGIL/odata/RndvRqIi(9044,90,1000000,531,19000000)/Update - {"IIVALUE": "AM1023849810", "IIVALUEF": 0}
2024-07-18 07:15:24,952 - ERROR - Error at 4 on Try 5: 404 Client Error: Not Found for url: https://opcenter-test.goodyear.com/OpcenterRDnLGIL/odata/RndvRqIi(9044,90,1000000,531,19000000)/Update - {"IIVALUE": "AM1023849810", "IIVALUEF": 0}
2024-07-18 07:15:25,320 - INFO - Success on 5: 200 - {"IIVALUE": "1.06649.0500", "IIVALUEF": 0}
2024-07-18 07:15:35,693 - INFO - Success on 6: 200 - {"SHORT_DESC": "Chemical & Consumables Container", "RQ_VALUE": null, "DESCRIPTION": "Chemical & Consumables Container"}
2024-07-18 07:15:36,880 - INFO - Success on 6: 200 - {"StatusTo": 5}
2024-07-18 07:15:37,087 - ERROR - Error at 5 on Try 1: 404 Client Error: Not Found for url: https://opcenter-test.goodyear.com/OpcenterRDnLGIL/odata/RndvRqIi(9045,90,1000000,9,5000000)/Update - {"IIVALUE": "AS*L", "IIVALUEF": 0}
2024-07-18 07:15:37,772 - ERROR - Error at 5 on Try 2: 404 Client Error: Not Found for url: https://opcenter-test.goodyear.com/OpcenterRDnLGIL/odata/RndvRqIi(9045,90,1000000,9,5000000)/Update - {"IIVALUE": "AS*L", "IIVALUEF": 0}
2024-07-18 07:15:38,482 - ERROR - Error at 5 on Try 3: 404 Client Error: Not Found for url: https://opcenter-test.goodyear.com/OpcenterRDnLGIL/odata/RndvRqIi(9045,90,1000000,9,5000000)/Update - {"IIVALUE": "AS*L", "IIVALUEF": 0}
2024-07-18 07:15:39,188 - ERROR - Error at 5 on Try 4: 404 Client Error: Not Found for url: https://opcenter-test.goodyear.com/OpcenterRDnLGIL/odata/RndvRqIi(9045,90,1000000,9,5000000)/Update - {"IIVALUE": "AS*L", "IIVALUEF": 0}
2024-07-18 07:15:39,892 - ERROR - Error at 5 on Try 5: 404 Client Error: Not Found for url: https://opcenter-test.goodyear.com/OpcenterRDnLGIL/odata/RndvRqIi(9045,90,1000000,9,5000000)/Update - {"IIVALUE": "AS*L", "IIVALUEF": 0}
2024-07-18 07:15:40,091 - ERROR - Error at 5 on Try 1: 404 Client Error: Not Found for url: https://opcenter-test.goodyear.com/OpcenterRDnLGIL/odata/RndvRqIi(9045,90,1000000,530,1000000)/Update - {"IIVALUE": "0", "IIVALUEF": 0}
2024-07-18 07:15:40,796 - ERROR - Error at 5 on Try 2: 404 Client Error: Not Found for url: https://opcenter-test.goodyear.com/OpcenterRDnLGIL/odata/RndvRqIi(9045,90,1000000,530,1000000)/Update - {"IIVALUE": "0", "IIVALUEF": 0}
2024-07-18 07:15:41,510 - ERROR - Error at 5 on Try 3: 404 Client Error: Not Found for url: https://opcenter-test.goodyear.com/OpcenterRDnLGIL/odata/RndvRqIi(9045,90,1000000,530,1000000)/Update - {"IIVALUE": "0", "IIVALUEF": 0}
2024-07-18 07:15:42,203 - ERROR - Error at 5 on Try 4: 404 Client Error: Not Found for url: https://opcenter-test.goodyear.com/OpcenterRDnLGIL/odata/RndvRqIi(9045,90,1000000,530,1000000)/Update - {"IIVALUE": "0", "IIVALUEF": 0}
2024-07-18 07:15:42,908 - ERROR - Error at 5 on Try 5: 404 Client Error: Not Found for url: https://opcenter-test.goodyear.com/OpcenterRDnLGIL/odata/RndvRqIi(9045,90,1000000,530,1000000)/Update - {"IIVALUE": "0", "IIVALUEF": 0}
2024-07-18 07:15:43,117 - ERROR - Error at 5 on Try 1: 404 Client Error: Not Found for url: https://opcenter-test.goodyear.com/OpcenterRDnLGIL/odata/RndvRqIi(9045,90,1000000,534,4000000)/Update - {"IIVALUE": "09/15/2023 12:00:00 AM +00:00", "IIVALUEF": 0}
2024-07-18 07:15:43,836 - ERROR - Error at 5 on Try 2: 404 Client Error: Not Found for url: https://opcenter-test.goodyear.com/OpcenterRDnLGIL/odata/RndvRqIi(9045,90,1000000,534,4000000)/Update - {"IIVALUE": "09/15/2023 12:00:00 AM +00:00", "IIVALUEF": 0}
2024-07-18 07:15:44,517 - ERROR - Error at 5 on Try 3: 404 Client Error: Not Found for url: https://opcenter-test.goodyear.com/OpcenterRDnLGIL/odata/RndvRqIi(9045,90,1000000,534,4000000)/Update - {"IIVALUE": "09/15/2023 12:00:00 AM +00:00", "IIVALUEF": 0}
2024-07-18 07:15:45,198 - ERROR - Error at 5 on Try 4: 404 Client Error: Not Found for url: https://opcenter-test.goodyear.com/OpcenterRDnLGIL/odata/RndvRqIi(9045,90,1000000,534,4000000)/Update - {"IIVALUE": "09/15/2023 12:00:00 AM +00:00", "IIVALUEF": 0}
2024-07-18 07:15:45,877 - ERROR - Error at 5 on Try 5: 404 Client Error: Not Found for url: https://opcenter-test.goodyear.com/OpcenterRDnLGIL/odata/RndvRqIi(9045,90,1000000,534,4000000)/Update - {"IIVALUE": "09/15/2023 12:00:00 AM +00:00", "IIVALUEF": 0}
2024-07-18 07:15:46,059 - ERROR - Error at 5 on Try 1: 404 Client Error: Not Found for url: https://opcenter-test.goodyear.com/OpcenterRDnLGIL/odata/RndvRqIi(9045,90,1000000,535,3000000)/Update - {"IIVALUE": "09/14/2026 12:00:00 AM +00:00", "IIVALUEF": 0}
2024-07-18 07:15:46,744 - ERROR - Error at 5 on Try 2: 404 Client Error: Not Found for url: https://opcenter-test.goodyear.com/OpcenterRDnLGIL/odata/RndvRqIi(9045,90,1000000,535,3000000)/Update - {"IIVALUE": "09/14/2026 12:00:00 AM +00:00", "IIVALUEF": 0}
2024-07-18 07:15:47,433 - ERROR - Error at 5 on Try 3: 404 Client Error: Not Found for url: https://opcenter-test.goodyear.com/OpcenterRDnLGIL/odata/RndvRqIi(9045,90,1000000,535,3000000)/Update - {"IIVALUE": "09/14/2026 12:00:00 AM +00:00", "IIVALUEF": 0}
2024-07-18 07:15:48,124 - ERROR - Error at 5 on Try 4: 404 Client Error: Not Found for url: https://opcenter-test.goodyear.com/OpcenterRDnLGIL/odata/RndvRqIi(9045,90,1000000,535,3000000)/Update - {"IIVALUE": "09/14/2026 12:00:00 AM +00:00", "IIVALUEF": 0}
2024-07-18 07:15:48,815 - ERROR - Error at 5 on Try 5: 404 Client Error: Not Found for url: https://opcenter-test.goodyear.com/OpcenterRDnLGIL/odata/RndvRqIi(9045,90,1000000,535,3000000)/Update - {"IIVALUE": "09/14/2026 12:00:00 AM +00:00", "IIVALUEF": 0}
2024-07-18 07:15:49,014 - ERROR - Error at 5 on Try 1: 404 Client Error: Not Found for url: https://opcenter-test.goodyear.com/OpcenterRDnLGIL/odata/RndvRqIi(9045,90,1000000,536,6000000)/Update - {"IIVALUE": "GIC*L", "IIVALUEF": 0}
2024-07-18 07:15:49,722 - ERROR - Error at 5 on Try 2: 404 Client Error: Not Found for url: https://opcenter-test.goodyear.com/OpcenterRDnLGIL/odata/RndvRqIi(9045,90,1000000,536,6000000)/Update - {"IIVALUE": "GIC*L", "IIVALUEF": 0}
2024-07-18 07:15:50,409 - ERROR - Error at 5 on Try 3: 404 Client Error: Not Found for url: https://opcenter-test.goodyear.com/OpcenterRDnLGIL/odata/RndvRqIi(9045,90,1000000,536,6000000)/Update - {"IIVALUE": "GIC*L", "IIVALUEF": 0}
2024-07-18 07:15:51,097 - ERROR - Error at 5 on Try 4: 404 Client Error: Not Found for url: https://opcenter-test.goodyear.com/OpcenterRDnLGIL/odata/RndvRqIi(9045,90,1000000,536,6000000)/Update - {"IIVALUE": "GIC*L", "IIVALUEF": 0}
2024-07-18 07:15:51,789 - ERROR - Error at 5 on Try 5: 404 Client Error: Not Found for url: https://opcenter-test.goodyear.com/OpcenterRDnLGIL/odata/RndvRqIi(9045,90,1000000,536,6000000)/Update - {"IIVALUE": "GIC*L", "IIVALUEF": 0}
2024-07-18 07:15:51,967 - ERROR - Error at 5 on Try 1: 404 Client Error: Not Found for url: https://opcenter-test.goodyear.com/OpcenterRDnLGIL/odata/RndvRqIi(9045,90,1000000,537,7000000)/Update - {"IIVALUE": "Ventilated Cabinet 4", "IIVALUEF": 0}
2024-07-18 07:15:52,653 - ERROR - Error at 5 on Try 2: 404 Client Error: Not Found for url: https://opcenter-test.goodyear.com/OpcenterRDnLGIL/odata/RndvRqIi(9045,90,1000000,537,7000000)/Update - {"IIVALUE": "Ventilated Cabinet 4", "IIVALUEF": 0}
2024-07-18 07:15:53,367 - ERROR - Error at 5 on Try 3: 404 Client Error: Not Found for url: https://opcenter-test.goodyear.com/OpcenterRDnLGIL/odata/RndvRqIi(9045,90,1000000,537,7000000)/Update - {"IIVALUE": "Ventilated Cabinet 4", "IIVALUEF": 0}
2024-07-18 07:15:54,028 - ERROR - Error at 5 on Try 4: 404 Client Error: Not Found for url: https://opcenter-test.goodyear.com/OpcenterRDnLGIL/odata/RndvRqIi(9045,90,1000000,537,7000000)/Update - {"IIVALUE": "Ventilated Cabinet 4", "IIVALUEF": 0}
2024-07-18 07:15:54,719 - ERROR - Error at 5 on Try 5: 404 Client Error: Not Found for url: https://opcenter-test.goodyear.com/OpcenterRDnLGIL/odata/RndvRqIi(9045,90,1000000,537,7000000)/Update - {"IIVALUE": "Ventilated Cabinet 4", "IIVALUEF": 0}
2024-07-18 07:15:54,923 - ERROR - Error at 5 on Try 1: 404 Client Error: Not Found for url: https://opcenter-test.goodyear.com/OpcenterRDnLGIL/odata/RndvRqIi(9045,90,1000000,538,8000000)/Update - {"IIVALUE": "0", "IIVALUEF": 0}
2024-07-18 07:15:55,607 - ERROR - Error at 5 on Try 2: 404 Client Error: Not Found for url: https://opcenter-test.goodyear.com/OpcenterRDnLGIL/odata/RndvRqIi(9045,90,1000000,538,8000000)/Update - {"IIVALUE": "0", "IIVALUEF": 0}
2024-07-18 07:15:56,294 - ERROR - Error at 5 on Try 3: 404 Client Error: Not Found for url: https://opcenter-test.goodyear.com/OpcenterRDnLGIL/odata/RndvRqIi(9045,90,1000000,538,8000000)/Update - {"IIVALUE": "0", "IIVALUEF": 0}
2024-07-18 07:15:56,978 - ERROR - Error at 5 on Try 4: 404 Client Error: Not Found for url: https://opcenter-test.goodyear.com/OpcenterRDnLGIL/odata/RndvRqIi(9045,90,1000000,538,8000000)/Update - {"IIVALUE": "0", "IIVALUEF": 0}
2024-07-18 07:15:57,663 - ERROR - Error at 5 on Try 5: 404 Client Error: Not Found for url: https://opcenter-test.goodyear.com/OpcenterRDnLGIL/odata/RndvRqIi(9045,90,1000000,538,8000000)/Update - {"IIVALUE": "0", "IIVALUEF": 0}
2024-07-18 07:15:57,850 - ERROR - Error at 5 on Try 1: 404 Client Error: Not Found for url: https://opcenter-test.goodyear.com/OpcenterRDnLGIL/odata/RndvRqIi(9045,90,1000000,539,9000000)/Update - {"IIVALUE": "Dier, Tobias", "IIVALUEF": 0}
2024-07-18 07:15:58,539 - ERROR - Error at 5 on Try 2: 404 Client Error: Not Found for url: https://opcenter-test.goodyear.com/OpcenterRDnLGIL/odata/RndvRqIi(9045,90,1000000,539,9000000)/Update - {"IIVALUE": "Dier, Tobias", "IIVALUEF": 0}
2024-07-18 07:15:59,228 - ERROR - Error at 5 on Try 3: 404 Client Error: Not Found for url: https://opcenter-test.goodyear.com/OpcenterRDnLGIL/odata/RndvRqIi(9045,90,1000000,539,9000000)/Update - {"IIVALUE": "Dier, Tobias", "IIVALUEF": 0}
2024-07-18 07:15:59,918 - ERROR - Error at 5 on Try 4: 404 Client Error: Not Found for url: https://opcenter-test.goodyear.com/OpcenterRDnLGIL/odata/RndvRqIi(9045,90,1000000,539,9000000)/Update - {"IIVALUE": "Dier, Tobias", "IIVALUEF": 0}
2024-07-18 07:16:00,620 - ERROR - Error at 5 on Try 5: 404 Client Error: Not Found for url: https://opcenter-test.goodyear.com/OpcenterRDnLGIL/odata/RndvRqIi(9045,90,1000000,539,9000000)/Update - {"IIVALUE": "Dier, Tobias", "IIVALUEF": 0}
2024-07-18 07:16:00,823 - ERROR - Error at 5 on Try 1: 404 Client Error: Not Found for url: https://opcenter-test.goodyear.com/OpcenterRDnLGIL/odata/RndvRqIi(9045,90,1000000,540,10000000)/Update - {"IIVALUE": "0", "IIVALUEF": 0}
2024-07-18 07:16:01,507 - ERROR - Error at 5 on Try 2: 404 Client Error: Not Found for url: https://opcenter-test.goodyear.com/OpcenterRDnLGIL/odata/RndvRqIi(9045,90,1000000,540,10000000)/Update - {"IIVALUE": "0", "IIVALUEF": 0}
2024-07-18 07:16:02,193 - ERROR - Error at 5 on Try 3: 404 Client Error: Not Found for url: https://opcenter-test.goodyear.com/OpcenterRDnLGIL/odata/RndvRqIi(9045,90,1000000,540,10000000)/Update - {"IIVALUE": "0", "IIVALUEF": 0}
2024-07-18 07:16:02,874 - ERROR - Error at 5 on Try 4: 404 Client Error: Not Found for url: https://opcenter-test.goodyear.com/OpcenterRDnLGIL/odata/RndvRqIi(9045,90,1000000,540,10000000)/Update - {"IIVALUE": "0", "IIVALUEF": 0}
2024-07-18 07:16:03,572 - ERROR - Error at 5 on Try 5: 404 Client Error: Not Found for url: https://opcenter-test.goodyear.com/OpcenterRDnLGIL/odata/RndvRqIi(9045,90,1000000,540,10000000)/Update - {"IIVALUE": "0", "IIVALUEF": 0}
2024-07-18 07:16:03,777 - ERROR - Error at 5 on Try 1: 404 Client Error: Not Found for url: https://opcenter-test.goodyear.com/OpcenterRDnLGIL/odata/RndvRqIi(9045,90,1000000,541,11000000)/Update - {"IIVALUE": "900.0", "IIVALUEF": 0}
2024-07-18 07:16:04,465 - ERROR - Error at 5 on Try 2: 404 Client Error: Not Found for url: https://opcenter-test.goodyear.com/OpcenterRDnLGIL/odata/RndvRqIi(9045,90,1000000,541,11000000)/Update - {"IIVALUE": "900.0", "IIVALUEF": 0}
2024-07-18 07:16:05,146 - ERROR - Error at 5 on Try 3: 404 Client Error: Not Found for url: https://opcenter-test.goodyear.com/OpcenterRDnLGIL/odata/RndvRqIi(9045,90,1000000,541,11000000)/Update - {"IIVALUE": "900.0", "IIVALUEF": 0}
2024-07-18 07:16:05,834 - ERROR - Error at 5 on Try 4: 404 Client Error: Not Found for url: https://opcenter-test.goodyear.com/OpcenterRDnLGIL/odata/RndvRqIi(9045,90,1000000,541,11000000)/Update - {"IIVALUE": "900.0", "IIVALUEF": 0}
2024-07-18 07:16:06,531 - ERROR - Error at 5 on Try 5: 404 Client Error: Not Found for url: https://opcenter-test.goodyear.com/OpcenterRDnLGIL/odata/RndvRqIi(9045,90,1000000,541,11000000)/Update - {"IIVALUE": "900.0", "IIVALUEF": 0}
2024-07-18 07:16:06,729 - ERROR - Error at 5 on Try 1: 404 Client Error: Not Found for url: https://opcenter-test.goodyear.com/OpcenterRDnLGIL/odata/RndvRqIi(9045,90,1000000,640,12000000)/Update - {"IIVALUE": "0", "IIVALUEF": 0}
2024-07-18 07:16:07,444 - ERROR - Error at 5 on Try 2: 404 Client Error: Not Found for url: https://opcenter-test.goodyear.com/OpcenterRDnLGIL/odata/RndvRqIi(9045,90,1000000,640,12000000)/Update - {"IIVALUE": "0", "IIVALUEF": 0}
2024-07-18 07:16:08,133 - ERROR - Error at 5 on Try 3: 404 Client Error: Not Found for url: https://opcenter-test.goodyear.com/OpcenterRDnLGIL/odata/RndvRqIi(9045,90,1000000,640,12000000)/Update - {"IIVALUE": "0", "IIVALUEF": 0}
2024-07-18 07:16:08,816 - ERROR - Error at 5 on Try 4: 404 Client Error: Not Found for url: https://opcenter-test.goodyear.com/OpcenterRDnLGIL/odata/RndvRqIi(9045,90,1000000,640,12000000)/Update - {"IIVALUE": "0", "IIVALUEF": 0}
2024-07-18 07:16:09,523 - ERROR - Error at 5 on Try 5: 404 Client Error: Not Found for url: https://opcenter-test.goodyear.com/OpcenterRDnLGIL/odata/RndvRqIi(9045,90,1000000,640,12000000)/Update - {"IIVALUE": "0", "IIVALUEF": 0}
2024-07-18 07:16:09,710 - ERROR - Error at 5 on Try 1: 404 Client Error: Not Found for url: https://opcenter-test.goodyear.com/OpcenterRDnLGIL/odata/RndvRqIi(9045,90,1000000,647,13000000)/Update - {"IIVALUE": "Adv. Chemistry", "IIVALUEF": 0}
2024-07-18 07:16:10,402 - ERROR - Error at 5 on Try 2: 404 Client Error: Not Found for url: https://opcenter-test.goodyear.com/OpcenterRDnLGIL/odata/RndvRqIi(9045,90,1000000,647,13000000)/Update - {"IIVALUE": "Adv. Chemistry", "IIVALUEF": 0}
2024-07-18 07:16:11,093 - ERROR - Error at 5 on Try 3: 404 Client Error: Not Found for url: https://opcenter-test.goodyear.com/OpcenterRDnLGIL/odata/RndvRqIi(9045,90,1000000,647,13000000)/Update - {"IIVALUE": "Adv. Chemistry", "IIVALUEF": 0}
2024-07-18 07:16:11,789 - ERROR - Error at 5 on Try 4: 404 Client Error: Not Found for url: https://opcenter-test.goodyear.com/OpcenterRDnLGIL/odata/RndvRqIi(9045,90,1000000,647,13000000)/Update - {"IIVALUE": "Adv. Chemistry", "IIVALUEF": 0}
2024-07-18 07:16:12,487 - ERROR - Error at 5 on Try 5: 404 Client Error: Not Found for url: https://opcenter-test.goodyear.com/OpcenterRDnLGIL/odata/RndvRqIi(9045,90,1000000,647,13000000)/Update - {"IIVALUE": "Adv. Chemistry", "IIVALUEF": 0}
2024-07-18 07:16:12,681 - ERROR - Error at 5 on Try 1: 404 Client Error: Not Found for url: https://opcenter-test.goodyear.com/OpcenterRDnLGIL/odata/RndvRqIi(9045,90,1000000,648,2000000)/Update - {"IIVALUE": "0", "IIVALUEF": 0}
2024-07-18 07:16:13,384 - ERROR - Error at 5 on Try 2: 404 Client Error: Not Found for url: https://opcenter-test.goodyear.com/OpcenterRDnLGIL/odata/RndvRqIi(9045,90,1000000,648,2000000)/Update - {"IIVALUE": "0", "IIVALUEF": 0}
2024-07-18 07:16:14,079 - ERROR - Error at 5 on Try 3: 404 Client Error: Not Found for url: https://opcenter-test.goodyear.com/OpcenterRDnLGIL/odata/RndvRqIi(9045,90,1000000,648,2000000)/Update - {"IIVALUE": "0", "IIVALUEF": 0}
2024-07-18 07:16:14,789 - ERROR - Error at 5 on Try 4: 404 Client Error: Not Found for url: https://opcenter-test.goodyear.com/OpcenterRDnLGIL/odata/RndvRqIi(9045,90,1000000,648,2000000)/Update - {"IIVALUE": "0", "IIVALUEF": 0}
2024-07-18 07:16:15,476 - ERROR - Error at 5 on Try 5: 404 Client Error: Not Found for url: https://opcenter-test.goodyear.com/OpcenterRDnLGIL/odata/RndvRqIi(9045,90,1000000,648,2000000)/Update - {"IIVALUE": "0", "IIVALUEF": 0}
2024-07-18 07:16:15,680 - ERROR - Error at 5 on Try 1: 404 Client Error: Not Found for url: https://opcenter-test.goodyear.com/OpcenterRDnLGIL/odata/RndvRqIi(9045,90,1000000,649,14000000)/Update - {"IIVALUE": "Aluminiumoxid 60 active, basic for column chromatography", "IIVALUEF": 0}
2024-07-18 07:16:16,378 - ERROR - Error at 5 on Try 2: 404 Client Error: Not Found for url: https://opcenter-test.goodyear.com/OpcenterRDnLGIL/odata/RndvRqIi(9045,90,1000000,649,14000000)/Update - {"IIVALUE": "Aluminiumoxid 60 active, basic for column chromatography", "IIVALUEF": 0}
2024-07-18 07:16:17,082 - ERROR - Error at 5 on Try 3: 404 Client Error: Not Found for url: https://opcenter-test.goodyear.com/OpcenterRDnLGIL/odata/RndvRqIi(9045,90,1000000,649,14000000)/Update - {"IIVALUE": "Aluminiumoxid 60 active, basic for column chromatography", "IIVALUEF": 0}
2024-07-18 07:16:17,766 - ERROR - Error at 5 on Try 4: 404 Client Error: Not Found for url: https://opcenter-test.goodyear.com/OpcenterRDnLGIL/odata/RndvRqIi(9045,90,1000000,649,14000000)/Update - {"IIVALUE": "Aluminiumoxid 60 active, basic for column chromatography", "IIVALUEF": 0}
2024-07-18 07:16:18,450 - ERROR - Error at 5 on Try 5: 404 Client Error: Not Found for url: https://opcenter-test.goodyear.com/OpcenterRDnLGIL/odata/RndvRqIi(9045,90,1000000,649,14000000)/Update - {"IIVALUE": "Aluminiumoxid 60 active, basic for column chromatography", "IIVALUEF": 0}
2024-07-18 07:16:18,657 - ERROR - Error at 5 on Try 1: 404 Client Error: Not Found for url: https://opcenter-test.goodyear.com/OpcenterRDnLGIL/odata/RndvRqIi(9045,90,1000000,650,15000000)/Update - {"IIVALUE": "Merck", "IIVALUEF": 0}
2024-07-18 07:16:19,349 - ERROR - Error at 5 on Try 2: 404 Client Error: Not Found for url: https://opcenter-test.goodyear.com/OpcenterRDnLGIL/odata/RndvRqIi(9045,90,1000000,650,15000000)/Update - {"IIVALUE": "Merck", "IIVALUEF": 0}
2024-07-18 07:16:20,059 - ERROR - Error at 5 on Try 3: 404 Client Error: Not Found for url: https://opcenter-test.goodyear.com/OpcenterRDnLGIL/odata/RndvRqIi(9045,90,1000000,650,15000000)/Update - {"IIVALUE": "Merck", "IIVALUEF": 0}
2024-07-18 07:16:20,753 - ERROR - Error at 5 on Try 4: 404 Client Error: Not Found for url: https://opcenter-test.goodyear.com/OpcenterRDnLGIL/odata/RndvRqIi(9045,90,1000000,650,15000000)/Update - {"IIVALUE": "Merck", "IIVALUEF": 0}
2024-07-18 07:16:21,444 - ERROR - Error at 5 on Try 5: 404 Client Error: Not Found for url: https://opcenter-test.goodyear.com/OpcenterRDnLGIL/odata/RndvRqIi(9045,90,1000000,650,15000000)/Update - {"IIVALUE": "Merck", "IIVALUEF": 0}
2024-07-18 07:16:21,667 - ERROR - Error at 5 on Try 1: 404 Client Error: Not Found for url: https://opcenter-test.goodyear.com/OpcenterRDnLGIL/odata/RndvRqIi(9045,90,1000000,653,17000000)/Update - {"IIVALUE": "0", "IIVALUEF": 0}
2024-07-18 07:16:22,358 - ERROR - Error at 5 on Try 2: 404 Client Error: Not Found for url: https://opcenter-test.goodyear.com/OpcenterRDnLGIL/odata/RndvRqIi(9045,90,1000000,653,17000000)/Update - {"IIVALUE": "0", "IIVALUEF": 0}
2024-07-18 07:16:23,051 - ERROR - Error at 5 on Try 3: 404 Client Error: Not Found for url: https://opcenter-test.goodyear.com/OpcenterRDnLGIL/odata/RndvRqIi(9045,90,1000000,653,17000000)/Update - {"IIVALUE": "0", "IIVALUEF": 0}
2024-07-18 07:16:23,736 - ERROR - Error at 5 on Try 4: 404 Client Error: Not Found for url: https://opcenter-test.goodyear.com/OpcenterRDnLGIL/odata/RndvRqIi(9045,90,1000000,653,17000000)/Update - {"IIVALUE": "0", "IIVALUEF": 0}
2024-07-18 07:16:24,428 - ERROR - Error at 5 on Try 5: 404 Client Error: Not Found for url: https://opcenter-test.goodyear.com/OpcenterRDnLGIL/odata/RndvRqIi(9045,90,1000000,653,17000000)/Update - {"IIVALUE": "0", "IIVALUEF": 0}
2024-07-18 07:16:24,627 - ERROR - Error at 5 on Try 1: 404 Client Error: Not Found for url: https://opcenter-test.goodyear.com/OpcenterRDnLGIL/odata/RndvRqIi(9045,90,1000000,654,16000000)/Update - {"IIVALUE": "g", "IIVALUEF": 0}
2024-07-18 07:16:25,309 - ERROR - Error at 5 on Try 2: 404 Client Error: Not Found for url: https://opcenter-test.goodyear.com/OpcenterRDnLGIL/odata/RndvRqIi(9045,90,1000000,654,16000000)/Update - {"IIVALUE": "g", "IIVALUEF": 0}
2024-07-18 07:16:25,991 - ERROR - Error at 5 on Try 3: 404 Client Error: Not Found for url: https://opcenter-test.goodyear.com/OpcenterRDnLGIL/odata/RndvRqIi(9045,90,1000000,654,16000000)/Update - {"IIVALUE": "g", "IIVALUEF": 0}
2024-07-18 07:16:26,680 - ERROR - Error at 5 on Try 4: 404 Client Error: Not Found for url: https://opcenter-test.goodyear.com/OpcenterRDnLGIL/odata/RndvRqIi(9045,90,1000000,654,16000000)/Update - {"IIVALUE": "g", "IIVALUEF": 0}
2024-07-18 07:16:27,370 - ERROR - Error at 5 on Try 5: 404 Client Error: Not Found for url: https://opcenter-test.goodyear.com/OpcenterRDnLGIL/odata/RndvRqIi(9045,90,1000000,654,16000000)/Update - {"IIVALUE": "g", "IIVALUEF": 0}
2024-07-18 07:16:27,568 - ERROR - Error at 5 on Try 1: 404 Client Error: Not Found for url: https://opcenter-test.goodyear.com/OpcenterRDnLGIL/odata/RndvRqIi(9045,90,1000000,656,18000000)/Update - {"IIVALUE": "0", "IIVALUEF": 0}
2024-07-18 07:16:28,255 - ERROR - Error at 5 on Try 2: 404 Client Error: Not Found for url: https://opcenter-test.goodyear.com/OpcenterRDnLGIL/odata/RndvRqIi(9045,90,1000000,656,18000000)/Update - {"IIVALUE": "0", "IIVALUEF": 0}
2024-07-18 07:16:28,941 - ERROR - Error at 5 on Try 3: 404 Client Error: Not Found for url: https://opcenter-test.goodyear.com/OpcenterRDnLGIL/odata/RndvRqIi(9045,90,1000000,656,18000000)/Update - {"IIVALUE": "0", "IIVALUEF": 0}
2024-07-18 07:16:29,634 - ERROR - Error at 5 on Try 4: 404 Client Error: Not Found for url: https://opcenter-test.goodyear.com/OpcenterRDnLGIL/odata/RndvRqIi(9045,90,1000000,656,18000000)/Update - {"IIVALUE": "0", "IIVALUEF": 0}
2024-07-18 07:16:30,326 - ERROR - Error at 5 on Try 5: 404 Client Error: Not Found for url: https://opcenter-test.goodyear.com/OpcenterRDnLGIL/odata/RndvRqIi(9045,90,1000000,656,18000000)/Update - {"IIVALUE": "0", "IIVALUEF": 0}
2024-07-18 07:16:30,516 - ERROR - Error at 5 on Try 1: 404 Client Error: Not Found for url: https://opcenter-test.goodyear.com/OpcenterRDnLGIL/odata/RndvRqIi(9045,90,1000000,531,19000000)/Update - {"IIVALUE": "9029192", "IIVALUEF": 0}
2024-07-18 07:16:31,202 - ERROR - Error at 5 on Try 2: 404 Client Error: Not Found for url: https://opcenter-test.goodyear.com/OpcenterRDnLGIL/odata/RndvRqIi(9045,90,1000000,531,19000000)/Update - {"IIVALUE": "9029192", "IIVALUEF": 0}
2024-07-18 07:16:31,887 - ERROR - Error at 5 on Try 3: 404 Client Error: Not Found for url: https://opcenter-test.goodyear.com/OpcenterRDnLGIL/odata/RndvRqIi(9045,90,1000000,531,19000000)/Update - {"IIVALUE": "9029192", "IIVALUEF": 0}
2024-07-18 07:16:32,583 - ERROR - Error at 5 on Try 4: 404 Client Error: Not Found for url: https://opcenter-test.goodyear.com/OpcenterRDnLGIL/odata/RndvRqIi(9045,90,1000000,531,19000000)/Update - {"IIVALUE": "9029192", "IIVALUEF": 0}
2024-07-18 07:16:33,284 - ERROR - Error at 5 on Try 5: 404 Client Error: Not Found for url: https://opcenter-test.goodyear.com/OpcenterRDnLGIL/odata/RndvRqIi(9045,90,1000000,531,19000000)/Update - {"IIVALUE": "9029192", "IIVALUEF": 0}
2024-07-18 07:16:33,596 - INFO - Success on 6: 200 - {"IIVALUE": "1067", "IIVALUEF": 0}
2024-07-18 07:16:44,072 - INFO - Success on 7: 200 - {"SHORT_DESC": "Chemical & Consumables Container", "RQ_VALUE": null, "DESCRIPTION": "Chemical & Consumables Container"}
2024-07-18 07:16:45,243 - INFO - Success on 7: 200 - {"StatusTo": 5}
2024-07-18 07:16:45,434 - ERROR - Error at 6 on Try 1: 404 Client Error: Not Found for url: https://opcenter-test.goodyear.com/OpcenterRDnLGIL/odata/RndvRqIi(9046,90,1000000,9,5000000)/Update - {"IIVALUE": "AS*L", "IIVALUEF": 0}
2024-07-18 07:16:46,123 - ERROR - Error at 6 on Try 2: 404 Client Error: Not Found for url: https://opcenter-test.goodyear.com/OpcenterRDnLGIL/odata/RndvRqIi(9046,90,1000000,9,5000000)/Update - {"IIVALUE": "AS*L", "IIVALUEF": 0}
2024-07-18 07:16:46,812 - ERROR - Error at 6 on Try 3: 404 Client Error: Not Found for url: https://opcenter-test.goodyear.com/OpcenterRDnLGIL/odata/RndvRqIi(9046,90,1000000,9,5000000)/Update - {"IIVALUE": "AS*L", "IIVALUEF": 0}
2024-07-18 07:16:47,516 - ERROR - Error at 6 on Try 4: 404 Client Error: Not Found for url: https://opcenter-test.goodyear.com/OpcenterRDnLGIL/odata/RndvRqIi(9046,90,1000000,9,5000000)/Update - {"IIVALUE": "AS*L", "IIVALUEF": 0}
2024-07-18 07:16:48,204 - ERROR - Error at 6 on Try 5: 404 Client Error: Not Found for url: https://opcenter-test.goodyear.com/OpcenterRDnLGIL/odata/RndvRqIi(9046,90,1000000,9,5000000)/Update - {"IIVALUE": "AS*L", "IIVALUEF": 0}
2024-07-18 07:16:48,393 - ERROR - Error at 6 on Try 1: 404 Client Error: Not Found for url: https://opcenter-test.goodyear.com/OpcenterRDnLGIL/odata/RndvRqIi(9046,90,1000000,530,1000000)/Update - {"IIVALUE": "0", "IIVALUEF": 0}
2024-07-18 07:16:49,090 - ERROR - Error at 6 on Try 2: 404 Client Error: Not Found for url: https://opcenter-test.goodyear.com/OpcenterRDnLGIL/odata/RndvRqIi(9046,90,1000000,530,1000000)/Update - {"IIVALUE": "0", "IIVALUEF": 0}
2024-07-18 07:16:49,786 - ERROR - Error at 6 on Try 3: 404 Client Error: Not Found for url: https://opcenter-test.goodyear.com/OpcenterRDnLGIL/odata/RndvRqIi(9046,90,1000000,530,1000000)/Update - {"IIVALUE": "0", "IIVALUEF": 0}
2024-07-18 07:16:50,465 - ERROR - Error at 6 on Try 4: 404 Client Error: Not Found for url: https://opcenter-test.goodyear.com/OpcenterRDnLGIL/odata/RndvRqIi(9046,90,1000000,530,1000000)/Update - {"IIVALUE": "0", "IIVALUEF": 0}
2024-07-18 07:16:51,148 - ERROR - Error at 6 on Try 5: 404 Client Error: Not Found for url: https://opcenter-test.goodyear.com/OpcenterRDnLGIL/odata/RndvRqIi(9046,90,1000000,530,1000000)/Update - {"IIVALUE": "0", "IIVALUEF": 0}
2024-07-18 07:16:51,339 - ERROR - Error at 6 on Try 1: 404 Client Error: Not Found for url: https://opcenter-test.goodyear.com/OpcenterRDnLGIL/odata/RndvRqIi(9046,90,1000000,534,4000000)/Update - {"IIVALUE": "09/15/2023 12:00:00 AM +00:00", "IIVALUEF": 0}
2024-07-18 07:16:52,024 - ERROR - Error at 6 on Try 2: 404 Client Error: Not Found for url: https://opcenter-test.goodyear.com/OpcenterRDnLGIL/odata/RndvRqIi(9046,90,1000000,534,4000000)/Update - {"IIVALUE": "09/15/2023 12:00:00 AM +00:00", "IIVALUEF": 0}
2024-07-18 07:16:52,706 - ERROR - Error at 6 on Try 3: 404 Client Error: Not Found for url: https://opcenter-test.goodyear.com/OpcenterRDnLGIL/odata/RndvRqIi(9046,90,1000000,534,4000000)/Update - {"IIVALUE": "09/15/2023 12:00:00 AM +00:00", "IIVALUEF": 0}
2024-07-18 07:16:53,405 - ERROR - Error at 6 on Try 4: 404 Client Error: Not Found for url: https://opcenter-test.goodyear.com/OpcenterRDnLGIL/odata/RndvRqIi(9046,90,1000000,534,4000000)/Update - {"IIVALUE": "09/15/2023 12:00:00 AM +00:00", "IIVALUEF": 0}
2024-07-18 07:16:54,095 - ERROR - Error at 6 on Try 5: 404 Client Error: Not Found for url: https://opcenter-test.goodyear.com/OpcenterRDnLGIL/odata/RndvRqIi(9046,90,1000000,534,4000000)/Update - {"IIVALUE": "09/15/2023 12:00:00 AM +00:00", "IIVALUEF": 0}
2024-07-18 07:16:54,280 - ERROR - Error at 6 on Try 1: 404 Client Error: Not Found for url: https://opcenter-test.goodyear.com/OpcenterRDnLGIL/odata/RndvRqIi(9046,90,1000000,535,3000000)/Update - {"IIVALUE": "09/14/2026 12:00:00 AM +00:00", "IIVALUEF": 0}
2024-07-18 07:16:54,988 - ERROR - Error at 6 on Try 2: 404 Client Error: Not Found for url: https://opcenter-test.goodyear.com/OpcenterRDnLGIL/odata/RndvRqIi(9046,90,1000000,535,3000000)/Update - {"IIVALUE": "09/14/2026 12:00:00 AM +00:00", "IIVALUEF": 0}
2024-07-18 07:16:55,669 - ERROR - Error at 6 on Try 3: 404 Client Error: Not Found for url: https://opcenter-test.goodyear.com/OpcenterRDnLGIL/odata/RndvRqIi(9046,90,1000000,535,3000000)/Update - {"IIVALUE": "09/14/2026 12:00:00 AM +00:00", "IIVALUEF": 0}
2024-07-18 07:16:56,359 - ERROR - Error at 6 on Try 4: 404 Client Error: Not Found for url: https://opcenter-test.goodyear.com/OpcenterRDnLGIL/odata/RndvRqIi(9046,90,1000000,535,3000000)/Update - {"IIVALUE": "09/14/2026 12:00:00 AM +00:00", "IIVALUEF": 0}
2024-07-18 07:16:57,038 - ERROR - Error at 6 on Try 5: 404 Client Error: Not Found for url: https://opcenter-test.goodyear.com/OpcenterRDnLGIL/odata/RndvRqIi(9046,90,1000000,535,3000000)/Update - {"IIVALUE": "09/14/2026 12:00:00 AM +00:00", "IIVALUEF": 0}
2024-07-18 07:16:57,233 - ERROR - Error at 6 on Try 1: 404 Client Error: Not Found for url: https://opcenter-test.goodyear.com/OpcenterRDnLGIL/odata/RndvRqIi(9046,90,1000000,536,6000000)/Update - {"IIVALUE": "GIC*L", "IIVALUEF": 0}
2024-07-18 07:16:57,916 - ERROR - Error at 6 on Try 2: 404 Client Error: Not Found for url: https://opcenter-test.goodyear.com/OpcenterRDnLGIL/odata/RndvRqIi(9046,90,1000000,536,6000000)/Update - {"IIVALUE": "GIC*L", "IIVALUEF": 0}
2024-07-18 07:16:58,603 - ERROR - Error at 6 on Try 3: 404 Client Error: Not Found for url: https://opcenter-test.goodyear.com/OpcenterRDnLGIL/odata/RndvRqIi(9046,90,1000000,536,6000000)/Update - {"IIVALUE": "GIC*L", "IIVALUEF": 0}
2024-07-18 07:16:59,290 - ERROR - Error at 6 on Try 4: 404 Client Error: Not Found for url: https://opcenter-test.goodyear.com/OpcenterRDnLGIL/odata/RndvRqIi(9046,90,1000000,536,6000000)/Update - {"IIVALUE": "GIC*L", "IIVALUEF": 0}
2024-07-18 07:16:59,991 - ERROR - Error at 6 on Try 5: 404 Client Error: Not Found for url: https://opcenter-test.goodyear.com/OpcenterRDnLGIL/odata/RndvRqIi(9046,90,1000000,536,6000000)/Update - {"IIVALUE": "GIC*L", "IIVALUEF": 0}
2024-07-18 07:17:00,183 - ERROR - Error at 6 on Try 1: 404 Client Error: Not Found for url: https://opcenter-test.goodyear.com/OpcenterRDnLGIL/odata/RndvRqIi(9046,90,1000000,537,7000000)/Update - {"IIVALUE": "Ventilated Cabinet 4", "IIVALUEF": 0}
2024-07-18 07:17:00,871 - ERROR - Error at 6 on Try 2: 404 Client Error: Not Found for url: https://opcenter-test.goodyear.com/OpcenterRDnLGIL/odata/RndvRqIi(9046,90,1000000,537,7000000)/Update - {"IIVALUE": "Ventilated Cabinet 4", "IIVALUEF": 0}
2024-07-18 07:17:01,558 - ERROR - Error at 6 on Try 3: 404 Client Error: Not Found for url: https://opcenter-test.goodyear.com/OpcenterRDnLGIL/odata/RndvRqIi(9046,90,1000000,537,7000000)/Update - {"IIVALUE": "Ventilated Cabinet 4", "IIVALUEF": 0}
2024-07-18 07:17:02,247 - ERROR - Error at 6 on Try 4: 404 Client Error: Not Found for url: https://opcenter-test.goodyear.com/OpcenterRDnLGIL/odata/RndvRqIi(9046,90,1000000,537,7000000)/Update - {"IIVALUE": "Ventilated Cabinet 4", "IIVALUEF": 0}
2024-07-18 07:17:02,965 - ERROR - Error at 6 on Try 5: 404 Client Error: Not Found for url: https://opcenter-test.goodyear.com/OpcenterRDnLGIL/odata/RndvRqIi(9046,90,1000000,537,7000000)/Update - {"IIVALUE": "Ventilated Cabinet 4", "IIVALUEF": 0}
2024-07-18 07:17:03,148 - ERROR - Error at 6 on Try 1: 404 Client Error: Not Found for url: https://opcenter-test.goodyear.com/OpcenterRDnLGIL/odata/RndvRqIi(9046,90,1000000,538,8000000)/Update - {"IIVALUE": "0", "IIVALUEF": 0}
2024-07-18 07:17:03,828 - ERROR - Error at 6 on Try 2: 404 Client Error: Not Found for url: https://opcenter-test.goodyear.com/OpcenterRDnLGIL/odata/RndvRqIi(9046,90,1000000,538,8000000)/Update - {"IIVALUE": "0", "IIVALUEF": 0}
2024-07-18 07:17:04,509 - ERROR - Error at 6 on Try 3: 404 Client Error: Not Found for url: https://opcenter-test.goodyear.com/OpcenterRDnLGIL/odata/RndvRqIi(9046,90,1000000,538,8000000)/Update - {"IIVALUE": "0", "IIVALUEF": 0}
2024-07-18 07:17:05,191 - ERROR - Error at 6 on Try 4: 404 Client Error: Not Found for url: https://opcenter-test.goodyear.com/OpcenterRDnLGIL/odata/RndvRqIi(9046,90,1000000,538,8000000)/Update - {"IIVALUE": "0", "IIVALUEF": 0}
2024-07-18 07:17:06,310 - ERROR - Error at 6 on Try 5: 404 Client Error: Not Found for url: https://opcenter-test.goodyear.com/OpcenterRDnLGIL/odata/RndvRqIi(9046,90,1000000,538,8000000)/Update - {"IIVALUE": "0", "IIVALUEF": 0}
2024-07-18 07:17:06,498 - ERROR - Error at 6 on Try 1: 404 Client Error: Not Found for url: https://opcenter-test.goodyear.com/OpcenterRDnLGIL/odata/RndvRqIi(9046,90,1000000,539,9000000)/Update - {"IIVALUE": "Kepenne, Veronique", "IIVALUEF": 0}
2024-07-18 07:17:07,190 - ERROR - Error at 6 on Try 2: 404 Client Error: Not Found for url: https://opcenter-test.goodyear.com/OpcenterRDnLGIL/odata/RndvRqIi(9046,90,1000000,539,9000000)/Update - {"IIVALUE": "Kepenne, Veronique", "IIVALUEF": 0}
2024-07-18 07:17:07,875 - ERROR - Error at 6 on Try 3: 404 Client Error: Not Found for url: https://opcenter-test.goodyear.com/OpcenterRDnLGIL/odata/RndvRqIi(9046,90,1000000,539,9000000)/Update - {"IIVALUE": "Kepenne, Veronique", "IIVALUEF": 0}
2024-07-18 07:17:08,573 - ERROR - Error at 6 on Try 4: 404 Client Error: Not Found for url: https://opcenter-test.goodyear.com/OpcenterRDnLGIL/odata/RndvRqIi(9046,90,1000000,539,9000000)/Update - {"IIVALUE": "Kepenne, Veronique", "IIVALUEF": 0}
2024-07-18 07:17:09,270 - ERROR - Error at 6 on Try 5: 404 Client Error: Not Found for url: https://opcenter-test.goodyear.com/OpcenterRDnLGIL/odata/RndvRqIi(9046,90,1000000,539,9000000)/Update - {"IIVALUE": "Kepenne, Veronique", "IIVALUEF": 0}
2024-07-18 07:17:09,486 - ERROR - Error at 6 on Try 1: 404 Client Error: Not Found for url: https://opcenter-test.goodyear.com/OpcenterRDnLGIL/odata/RndvRqIi(9046,90,1000000,540,10000000)/Update - {"IIVALUE": "0", "IIVALUEF": 0}
2024-07-18 07:17:10,168 - ERROR - Error at 6 on Try 2: 404 Client Error: Not Found for url: https://opcenter-test.goodyear.com/OpcenterRDnLGIL/odata/RndvRqIi(9046,90,1000000,540,10000000)/Update - {"IIVALUE": "0", "IIVALUEF": 0}
2024-07-18 07:17:10,856 - ERROR - Error at 6 on Try 3: 404 Client Error: Not Found for url: https://opcenter-test.goodyear.com/OpcenterRDnLGIL/odata/RndvRqIi(9046,90,1000000,540,10000000)/Update - {"IIVALUE": "0", "IIVALUEF": 0}
2024-07-18 07:17:11,544 - ERROR - Error at 6 on Try 4: 404 Client Error: Not Found for url: https://opcenter-test.goodyear.com/OpcenterRDnLGIL/odata/RndvRqIi(9046,90,1000000,540,10000000)/Update - {"IIVALUE": "0", "IIVALUEF": 0}
2024-07-18 07:17:12,240 - ERROR - Error at 6 on Try 5: 404 Client Error: Not Found for url: https://opcenter-test.goodyear.com/OpcenterRDnLGIL/odata/RndvRqIi(9046,90,1000000,540,10000000)/Update - {"IIVALUE": "0", "IIVALUEF": 0}
2024-07-18 07:17:12,432 - ERROR - Error at 6 on Try 1: 404 Client Error: Not Found for url: https://opcenter-test.goodyear.com/OpcenterRDnLGIL/odata/RndvRqIi(9046,90,1000000,541,11000000)/Update - {"IIVALUE": "510.0", "IIVALUEF": 0}
2024-07-18 07:17:13,144 - ERROR - Error at 6 on Try 2: 404 Client Error: Not Found for url: https://opcenter-test.goodyear.com/OpcenterRDnLGIL/odata/RndvRqIi(9046,90,1000000,541,11000000)/Update - {"IIVALUE": "510.0", "IIVALUEF": 0}
2024-07-18 07:17:13,836 - ERROR - Error at 6 on Try 3: 404 Client Error: Not Found for url: https://opcenter-test.goodyear.com/OpcenterRDnLGIL/odata/RndvRqIi(9046,90,1000000,541,11000000)/Update - {"IIVALUE": "510.0", "IIVALUEF": 0}
2024-07-18 07:17:14,520 - ERROR - Error at 6 on Try 4: 404 Client Error: Not Found for url: https://opcenter-test.goodyear.com/OpcenterRDnLGIL/odata/RndvRqIi(9046,90,1000000,541,11000000)/Update - {"IIVALUE": "510.0", "IIVALUEF": 0}
2024-07-18 07:17:15,228 - ERROR - Error at 6 on Try 5: 404 Client Error: Not Found for url: https://opcenter-test.goodyear.com/OpcenterRDnLGIL/odata/RndvRqIi(9046,90,1000000,541,11000000)/Update - {"IIVALUE": "510.0", "IIVALUEF": 0}
2024-07-18 07:17:15,415 - ERROR - Error at 6 on Try 1: 404 Client Error: Not Found for url: https://opcenter-test.goodyear.com/OpcenterRDnLGIL/odata/RndvRqIi(9046,90,1000000,640,12000000)/Update - {"IIVALUE": "0", "IIVALUEF": 0}
2024-07-18 07:17:16,097 - ERROR - Error at 6 on Try 2: 404 Client Error: Not Found for url: https://opcenter-test.goodyear.com/OpcenterRDnLGIL/odata/RndvRqIi(9046,90,1000000,640,12000000)/Update - {"IIVALUE": "0", "IIVALUEF": 0}
2024-07-18 07:17:16,786 - ERROR - Error at 6 on Try 3: 404 Client Error: Not Found for url: https://opcenter-test.goodyear.com/OpcenterRDnLGIL/odata/RndvRqIi(9046,90,1000000,640,12000000)/Update - {"IIVALUE": "0", "IIVALUEF": 0}
2024-07-18 07:17:17,480 - ERROR - Error at 6 on Try 4: 404 Client Error: Not Found for url: https://opcenter-test.goodyear.com/OpcenterRDnLGIL/odata/RndvRqIi(9046,90,1000000,640,12000000)/Update - {"IIVALUE": "0", "IIVALUEF": 0}
2024-07-18 07:17:18,166 - ERROR - Error at 6 on Try 5: 404 Client Error: Not Found for url: https://opcenter-test.goodyear.com/OpcenterRDnLGIL/odata/RndvRqIi(9046,90,1000000,640,12000000)/Update - {"IIVALUE": "0", "IIVALUEF": 0}
2024-07-18 07:17:18,355 - ERROR - Error at 6 on Try 1: 404 Client Error: Not Found for url: https://opcenter-test.goodyear.com/OpcenterRDnLGIL/odata/RndvRqIi(9046,90,1000000,647,13000000)/Update - {"IIVALUE": "Adv. Chemistry", "IIVALUEF": 0}
2024-07-18 07:17:19,045 - ERROR - Error at 6 on Try 2: 404 Client Error: Not Found for url: https://opcenter-test.goodyear.com/OpcenterRDnLGIL/odata/RndvRqIi(9046,90,1000000,647,13000000)/Update - {"IIVALUE": "Adv. Chemistry", "IIVALUEF": 0}
2024-07-18 07:17:19,727 - ERROR - Error at 6 on Try 3: 404 Client Error: Not Found for url: https://opcenter-test.goodyear.com/OpcenterRDnLGIL/odata/RndvRqIi(9046,90,1000000,647,13000000)/Update - {"IIVALUE": "Adv. Chemistry", "IIVALUEF": 0}
2024-07-18 07:17:20,431 - ERROR - Error at 6 on Try 4: 404 Client Error: Not Found for url: https://opcenter-test.goodyear.com/OpcenterRDnLGIL/odata/RndvRqIi(9046,90,1000000,647,13000000)/Update - {"IIVALUE": "Adv. Chemistry", "IIVALUEF": 0}
2024-07-18 07:17:21,117 - ERROR - Error at 6 on Try 5: 404 Client Error: Not Found for url: https://opcenter-test.goodyear.com/OpcenterRDnLGIL/odata/RndvRqIi(9046,90,1000000,647,13000000)/Update - {"IIVALUE": "Adv. Chemistry", "IIVALUEF": 0}
2024-07-18 07:17:21,298 - ERROR - Error at 6 on Try 1: 404 Client Error: Not Found for url: https://opcenter-test.goodyear.com/OpcenterRDnLGIL/odata/RndvRqIi(9046,90,1000000,648,2000000)/Update - {"IIVALUE": "0", "IIVALUEF": 0}
2024-07-18 07:17:21,977 - ERROR - Error at 6 on Try 2: 404 Client Error: Not Found for url: https://opcenter-test.goodyear.com/OpcenterRDnLGIL/odata/RndvRqIi(9046,90,1000000,648,2000000)/Update - {"IIVALUE": "0", "IIVALUEF": 0}
2024-07-18 07:17:22,686 - ERROR - Error at 6 on Try 3: 404 Client Error: Not Found for url: https://opcenter-test.goodyear.com/OpcenterRDnLGIL/odata/RndvRqIi(9046,90,1000000,648,2000000)/Update - {"IIVALUE": "0", "IIVALUEF": 0}
2024-07-18 07:17:23,365 - ERROR - Error at 6 on Try 4: 404 Client Error: Not Found for url: https://opcenter-test.goodyear.com/OpcenterRDnLGIL/odata/RndvRqIi(9046,90,1000000,648,2000000)/Update - {"IIVALUE": "0", "IIVALUEF": 0}
2024-07-18 07:17:24,065 - ERROR - Error at 6 on Try 5: 404 Client Error: Not Found for url: https://opcenter-test.goodyear.com/OpcenterRDnLGIL/odata/RndvRqIi(9046,90,1000000,648,2000000)/Update - {"IIVALUE": "0", "IIVALUEF": 0}
2024-07-18 07:17:24,251 - ERROR - Error at 6 on Try 1: 404 Client Error: Not Found for url: https://opcenter-test.goodyear.com/OpcenterRDnLGIL/odata/RndvRqIi(9046,90,1000000,649,14000000)/Update - {"IIVALUE": "Starch soluble for analysis", "IIVALUEF": 0}
2024-07-18 07:17:24,939 - ERROR - Error at 6 on Try 2: 404 Client Error: Not Found for url: https://opcenter-test.goodyear.com/OpcenterRDnLGIL/odata/RndvRqIi(9046,90,1000000,649,14000000)/Update - {"IIVALUE": "Starch soluble for analysis", "IIVALUEF": 0}
2024-07-18 07:17:25,615 - ERROR - Error at 6 on Try 3: 404 Client Error: Not Found for url: https://opcenter-test.goodyear.com/OpcenterRDnLGIL/odata/RndvRqIi(9046,90,1000000,649,14000000)/Update - {"IIVALUE": "Starch soluble for analysis", "IIVALUEF": 0}
2024-07-18 07:17:26,318 - ERROR - Error at 6 on Try 4: 404 Client Error: Not Found for url: https://opcenter-test.goodyear.com/OpcenterRDnLGIL/odata/RndvRqIi(9046,90,1000000,649,14000000)/Update - {"IIVALUE": "Starch soluble for analysis", "IIVALUEF": 0}
2024-07-18 07:17:27,014 - ERROR - Error at 6 on Try 5: 404 Client Error: Not Found for url: https://opcenter-test.goodyear.com/OpcenterRDnLGIL/odata/RndvRqIi(9046,90,1000000,649,14000000)/Update - {"IIVALUE": "Starch soluble for analysis", "IIVALUEF": 0}
2024-07-18 07:17:27,216 - ERROR - Error at 6 on Try 1: 404 Client Error: Not Found for url: https://opcenter-test.goodyear.com/OpcenterRDnLGIL/odata/RndvRqIi(9046,90,1000000,650,15000000)/Update - {"IIVALUE": "Merck", "IIVALUEF": 0}
2024-07-18 07:17:27,896 - ERROR - Error at 6 on Try 2: 404 Client Error: Not Found for url: https://opcenter-test.goodyear.com/OpcenterRDnLGIL/odata/RndvRqIi(9046,90,1000000,650,15000000)/Update - {"IIVALUE": "Merck", "IIVALUEF": 0}
2024-07-18 07:17:28,575 - ERROR - Error at 6 on Try 3: 404 Client Error: Not Found for url: https://opcenter-test.goodyear.com/OpcenterRDnLGIL/odata/RndvRqIi(9046,90,1000000,650,15000000)/Update - {"IIVALUE": "Merck", "IIVALUEF": 0}
2024-07-18 07:17:29,288 - ERROR - Error at 6 on Try 4: 404 Client Error: Not Found for url: https://opcenter-test.goodyear.com/OpcenterRDnLGIL/odata/RndvRqIi(9046,90,1000000,650,15000000)/Update - {"IIVALUE": "Merck", "IIVALUEF": 0}
2024-07-18 07:17:29,975 - ERROR - Error at 6 on Try 5: 404 Client Error: Not Found for url: https://opcenter-test.goodyear.com/OpcenterRDnLGIL/odata/RndvRqIi(9046,90,1000000,650,15000000)/Update - {"IIVALUE": "Merck", "IIVALUEF": 0}
2024-07-18 07:17:30,185 - ERROR - Error at 6 on Try 1: 404 Client Error: Not Found for url: https://opcenter-test.goodyear.com/OpcenterRDnLGIL/odata/RndvRqIi(9046,90,1000000,653,17000000)/Update - {"IIVALUE": "0", "IIVALUEF": 0}
2024-07-18 07:17:30,870 - ERROR - Error at 6 on Try 2: 404 Client Error: Not Found for url: https://opcenter-test.goodyear.com/OpcenterRDnLGIL/odata/RndvRqIi(9046,90,1000000,653,17000000)/Update - {"IIVALUE": "0", "IIVALUEF": 0}
2024-07-18 07:17:31,558 - ERROR - Error at 6 on Try 3: 404 Client Error: Not Found for url: https://opcenter-test.goodyear.com/OpcenterRDnLGIL/odata/RndvRqIi(9046,90,1000000,653,17000000)/Update - {"IIVALUE": "0", "IIVALUEF": 0}
2024-07-18 07:17:32,236 - ERROR - Error at 6 on Try 4: 404 Client Error: Not Found for url: https://opcenter-test.goodyear.com/OpcenterRDnLGIL/odata/RndvRqIi(9046,90,1000000,653,17000000)/Update - {"IIVALUE": "0", "IIVALUEF": 0}
2024-07-18 07:17:32,925 - ERROR - Error at 6 on Try 5: 404 Client Error: Not Found for url: https://opcenter-test.goodyear.com/OpcenterRDnLGIL/odata/RndvRqIi(9046,90,1000000,653,17000000)/Update - {"IIVALUE": "0", "IIVALUEF": 0}
2024-07-18 07:17:33,144 - ERROR - Error at 6 on Try 1: 404 Client Error: Not Found for url: https://opcenter-test.goodyear.com/OpcenterRDnLGIL/odata/RndvRqIi(9046,90,1000000,654,16000000)/Update - {"IIVALUE": "g", "IIVALUEF": 0}
2024-07-18 07:17:33,854 - ERROR - Error at 6 on Try 2: 404 Client Error: Not Found for url: https://opcenter-test.goodyear.com/OpcenterRDnLGIL/odata/RndvRqIi(9046,90,1000000,654,16000000)/Update - {"IIVALUE": "g", "IIVALUEF": 0}
2024-07-18 07:17:34,546 - ERROR - Error at 6 on Try 3: 404 Client Error: Not Found for url: https://opcenter-test.goodyear.com/OpcenterRDnLGIL/odata/RndvRqIi(9046,90,1000000,654,16000000)/Update - {"IIVALUE": "g", "IIVALUEF": 0}
2024-07-18 07:17:35,226 - ERROR - Error at 6 on Try 4: 404 Client Error: Not Found for url: https://opcenter-test.goodyear.com/OpcenterRDnLGIL/odata/RndvRqIi(9046,90,1000000,654,16000000)/Update - {"IIVALUE": "g", "IIVALUEF": 0}
2024-07-18 07:17:35,916 - ERROR - Error at 6 on Try 5: 404 Client Error: Not Found for url: https://opcenter-test.goodyear.com/OpcenterRDnLGIL/odata/RndvRqIi(9046,90,1000000,654,16000000)/Update - {"IIVALUE": "g", "IIVALUEF": 0}
2024-07-18 07:17:36,128 - ERROR - Error at 6 on Try 1: 404 Client Error: Not Found for url: https://opcenter-test.goodyear.com/OpcenterRDnLGIL/odata/RndvRqIi(9046,90,1000000,656,18000000)/Update - {"IIVALUE": "0", "IIVALUEF": 0}
2024-07-18 07:17:36,817 - ERROR - Error at 6 on Try 2: 404 Client Error: Not Found for url: https://opcenter-test.goodyear.com/OpcenterRDnLGIL/odata/RndvRqIi(9046,90,1000000,656,18000000)/Update - {"IIVALUE": "0", "IIVALUEF": 0}
2024-07-18 07:17:37,514 - ERROR - Error at 6 on Try 3: 404 Client Error: Not Found for url: https://opcenter-test.goodyear.com/OpcenterRDnLGIL/odata/RndvRqIi(9046,90,1000000,656,18000000)/Update - {"IIVALUE": "0", "IIVALUEF": 0}
2024-07-18 07:17:38,196 - ERROR - Error at 6 on Try 4: 404 Client Error: Not Found for url: https://opcenter-test.goodyear.com/OpcenterRDnLGIL/odata/RndvRqIi(9046,90,1000000,656,18000000)/Update - {"IIVALUE": "0", "IIVALUEF": 0}
2024-07-18 07:17:38,887 - ERROR - Error at 6 on Try 5: 404 Client Error: Not Found for url: https://opcenter-test.goodyear.com/OpcenterRDnLGIL/odata/RndvRqIi(9046,90,1000000,656,18000000)/Update - {"IIVALUE": "0", "IIVALUEF": 0}
2024-07-18 07:17:39,077 - ERROR - Error at 6 on Try 1: 404 Client Error: Not Found for url: https://opcenter-test.goodyear.com/OpcenterRDnLGIL/odata/RndvRqIi(9046,90,1000000,531,19000000)/Update - {"IIVALUE": "1128233", "IIVALUEF": 0}
2024-07-18 07:17:39,757 - ERROR - Error at 6 on Try 2: 404 Client Error: Not Found for url: https://opcenter-test.goodyear.com/OpcenterRDnLGIL/odata/RndvRqIi(9046,90,1000000,531,19000000)/Update - {"IIVALUE": "1128233", "IIVALUEF": 0}
2024-07-18 07:17:40,457 - ERROR - Error at 6 on Try 3: 404 Client Error: Not Found for url: https://opcenter-test.goodyear.com/OpcenterRDnLGIL/odata/RndvRqIi(9046,90,1000000,531,19000000)/Update - {"IIVALUE": "1128233", "IIVALUEF": 0}
2024-07-18 07:17:41,135 - ERROR - Error at 6 on Try 4: 404 Client Error: Not Found for url: https://opcenter-test.goodyear.com/OpcenterRDnLGIL/odata/RndvRqIi(9046,90,1000000,531,19000000)/Update - {"IIVALUE": "1128233", "IIVALUEF": 0}
2024-07-18 07:17:41,830 - ERROR - Error at 6 on Try 5: 404 Client Error: Not Found for url: https://opcenter-test.goodyear.com/OpcenterRDnLGIL/odata/RndvRqIi(9046,90,1000000,531,19000000)/Update - {"IIVALUE": "1128233", "IIVALUEF": 0}
2024-07-18 07:17:42,164 - INFO - Success on 7: 200 - {"IIVALUE": "1257", "IIVALUEF": 0}
2024-07-18 07:17:52,792 - INFO - Success on 8: 200 - {"SHORT_DESC": "Chemical & Consumables Container", "RQ_VALUE": null, "DESCRIPTION": "Chemical & Consumables Container"}
2024-07-18 07:17:53,969 - INFO - Success on 8: 200 - {"StatusTo": 5}
2024-07-18 07:17:54,157 - ERROR - Error at 7 on Try 1: 404 Client Error: Not Found for url: https://opcenter-test.goodyear.com/OpcenterRDnLGIL/odata/RndvRqIi(9048,90,1000000,9,5000000)/Update - {"IIVALUE": "AS*L", "IIVALUEF": 0}
2024-07-18 07:17:54,850 - ERROR - Error at 7 on Try 2: 404 Client Error: Not Found for url: https://opcenter-test.goodyear.com/OpcenterRDnLGIL/odata/RndvRqIi(9048,90,1000000,9,5000000)/Update - {"IIVALUE": "AS*L", "IIVALUEF": 0}
2024-07-18 07:17:55,549 - ERROR - Error at 7 on Try 3: 404 Client Error: Not Found for url: https://opcenter-test.goodyear.com/OpcenterRDnLGIL/odata/RndvRqIi(9048,90,1000000,9,5000000)/Update - {"IIVALUE": "AS*L", "IIVALUEF": 0}
2024-07-18 07:17:56,235 - ERROR - Error at 7 on Try 4: 404 Client Error: Not Found for url: https://opcenter-test.goodyear.com/OpcenterRDnLGIL/odata/RndvRqIi(9048,90,1000000,9,5000000)/Update - {"IIVALUE": "AS*L", "IIVALUEF": 0}
2024-07-18 07:17:56,916 - ERROR - Error at 7 on Try 5: 404 Client Error: Not Found for url: https://opcenter-test.goodyear.com/OpcenterRDnLGIL/odata/RndvRqIi(9048,90,1000000,9,5000000)/Update - {"IIVALUE": "AS*L", "IIVALUEF": 0}
2024-07-18 07:17:57,095 - ERROR - Error at 7 on Try 1: 404 Client Error: Not Found for url: https://opcenter-test.goodyear.com/OpcenterRDnLGIL/odata/RndvRqIi(9048,90,1000000,530,1000000)/Update - {"IIVALUE": "0", "IIVALUEF": 0}
2024-07-18 07:17:57,780 - ERROR - Error at 7 on Try 2: 404 Client Error: Not Found for url: https://opcenter-test.goodyear.com/OpcenterRDnLGIL/odata/RndvRqIi(9048,90,1000000,530,1000000)/Update - {"IIVALUE": "0", "IIVALUEF": 0}
2024-07-18 07:17:58,488 - ERROR - Error at 7 on Try 3: 404 Client Error: Not Found for url: https://opcenter-test.goodyear.com/OpcenterRDnLGIL/odata/RndvRqIi(9048,90,1000000,530,1000000)/Update - {"IIVALUE": "0", "IIVALUEF": 0}
2024-07-18 07:17:59,173 - ERROR - Error at 7 on Try 4: 404 Client Error: Not Found for url: https://opcenter-test.goodyear.com/OpcenterRDnLGIL/odata/RndvRqIi(9048,90,1000000,530,1000000)/Update - {"IIVALUE": "0", "IIVALUEF": 0}
2024-07-18 07:17:59,861 - ERROR - Error at 7 on Try 5: 404 Client Error: Not Found for url: https://opcenter-test.goodyear.com/OpcenterRDnLGIL/odata/RndvRqIi(9048,90,1000000,530,1000000)/Update - {"IIVALUE": "0", "IIVALUEF": 0}
2024-07-18 07:18:00,045 - ERROR - Error at 7 on Try 1: 404 Client Error: Not Found for url: https://opcenter-test.goodyear.com/OpcenterRDnLGIL/odata/RndvRqIi(9048,90,1000000,534,4000000)/Update - {"IIVALUE": "09/15/2023 12:00:00 AM +00:00", "IIVALUEF": 0}
2024-07-18 07:18:00,732 - ERROR - Error at 7 on Try 2: 404 Client Error: Not Found for url: https://opcenter-test.goodyear.com/OpcenterRDnLGIL/odata/RndvRqIi(9048,90,1000000,534,4000000)/Update - {"IIVALUE": "09/15/2023 12:00:00 AM +00:00", "IIVALUEF": 0}
2024-07-18 07:18:01,414 - ERROR - Error at 7 on Try 3: 404 Client Error: Not Found for url: https://opcenter-test.goodyear.com/OpcenterRDnLGIL/odata/RndvRqIi(9048,90,1000000,534,4000000)/Update - {"IIVALUE": "09/15/2023 12:00:00 AM +00:00", "IIVALUEF": 0}
2024-07-18 07:18:02,100 - ERROR - Error at 7 on Try 4: 404 Client Error: Not Found for url: https://opcenter-test.goodyear.com/OpcenterRDnLGIL/odata/RndvRqIi(9048,90,1000000,534,4000000)/Update - {"IIVALUE": "09/15/2023 12:00:00 AM +00:00", "IIVALUEF": 0}
2024-07-18 07:18:02,812 - ERROR - Error at 7 on Try 5: 404 Client Error: Not Found for url: https://opcenter-test.goodyear.com/OpcenterRDnLGIL/odata/RndvRqIi(9048,90,1000000,534,4000000)/Update - {"IIVALUE": "09/15/2023 12:00:00 AM +00:00", "IIVALUEF": 0}
2024-07-18 07:18:03,009 - ERROR - Error at 7 on Try 1: 404 Client Error: Not Found for url: https://opcenter-test.goodyear.com/OpcenterRDnLGIL/odata/RndvRqIi(9048,90,1000000,535,3000000)/Update - {"IIVALUE": "09/14/2026 12:00:00 AM +00:00", "IIVALUEF": 0}
2024-07-18 07:18:03,749 - ERROR - Error at 7 on Try 2: 404 Client Error: Not Found for url: https://opcenter-test.goodyear.com/OpcenterRDnLGIL/odata/RndvRqIi(9048,90,1000000,535,3000000)/Update - {"IIVALUE": "09/14/2026 12:00:00 AM +00:00", "IIVALUEF": 0}
2024-07-18 07:18:04,437 - ERROR - Error at 7 on Try 3: 404 Client Error: Not Found for url: https://opcenter-test.goodyear.com/OpcenterRDnLGIL/odata/RndvRqIi(9048,90,1000000,535,3000000)/Update - {"IIVALUE": "09/14/2026 12:00:00 AM +00:00", "IIVALUEF": 0}
2024-07-18 07:18:05,123 - ERROR - Error at 7 on Try 4: 404 Client Error: Not Found for url: https://opcenter-test.goodyear.com/OpcenterRDnLGIL/odata/RndvRqIi(9048,90,1000000,535,3000000)/Update - {"IIVALUE": "09/14/2026 12:00:00 AM +00:00", "IIVALUEF": 0}
2024-07-18 07:18:05,814 - ERROR - Error at 7 on Try 5: 404 Client Error: Not Found for url: https://opcenter-test.goodyear.com/OpcenterRDnLGIL/odata/RndvRqIi(9048,90,1000000,535,3000000)/Update - {"IIVALUE": "09/14/2026 12:00:00 AM +00:00", "IIVALUEF": 0}
2024-07-18 07:18:06,003 - ERROR - Error at 7 on Try 1: 404 Client Error: Not Found for url: https://opcenter-test.goodyear.com/OpcenterRDnLGIL/odata/RndvRqIi(9048,90,1000000,536,6000000)/Update - {"IIVALUE": "GIC*L", "IIVALUEF": 0}
2024-07-18 07:18:06,689 - ERROR - Error at 7 on Try 2: 404 Client Error: Not Found for url: https://opcenter-test.goodyear.com/OpcenterRDnLGIL/odata/RndvRqIi(9048,90,1000000,536,6000000)/Update - {"IIVALUE": "GIC*L", "IIVALUEF": 0}
2024-07-18 07:18:07,374 - ERROR - Error at 7 on Try 3: 404 Client Error: Not Found for url: https://opcenter-test.goodyear.com/OpcenterRDnLGIL/odata/RndvRqIi(9048,90,1000000,536,6000000)/Update - {"IIVALUE": "GIC*L", "IIVALUEF": 0}
2024-07-18 07:18:08,061 - ERROR - Error at 7 on Try 4: 404 Client Error: Not Found for url: https://opcenter-test.goodyear.com/OpcenterRDnLGIL/odata/RndvRqIi(9048,90,1000000,536,6000000)/Update - {"IIVALUE": "GIC*L", "IIVALUEF": 0}
2024-07-18 07:18:08,753 - ERROR - Error at 7 on Try 5: 404 Client Error: Not Found for url: https://opcenter-test.goodyear.com/OpcenterRDnLGIL/odata/RndvRqIi(9048,90,1000000,536,6000000)/Update - {"IIVALUE": "GIC*L", "IIVALUEF": 0}
2024-07-18 07:18:08,947 - ERROR - Error at 7 on Try 1: 404 Client Error: Not Found for url: https://opcenter-test.goodyear.com/OpcenterRDnLGIL/odata/RndvRqIi(9048,90,1000000,537,7000000)/Update - {"IIVALUE": "Ventilated Cabinet 4", "IIVALUEF": 0}
2024-07-18 07:18:09,635 - ERROR - Error at 7 on Try 2: 404 Client Error: Not Found for url: https://opcenter-test.goodyear.com/OpcenterRDnLGIL/odata/RndvRqIi(9048,90,1000000,537,7000000)/Update - {"IIVALUE": "Ventilated Cabinet 4", "IIVALUEF": 0}
2024-07-18 07:18:10,345 - ERROR - Error at 7 on Try 3: 404 Client Error: Not Found for url: https://opcenter-test.goodyear.com/OpcenterRDnLGIL/odata/RndvRqIi(9048,90,1000000,537,7000000)/Update - {"IIVALUE": "Ventilated Cabinet 4", "IIVALUEF": 0}
2024-07-18 07:18:11,039 - ERROR - Error at 7 on Try 4: 404 Client Error: Not Found for url: https://opcenter-test.goodyear.com/OpcenterRDnLGIL/odata/RndvRqIi(9048,90,1000000,537,7000000)/Update - {"IIVALUE": "Ventilated Cabinet 4", "IIVALUEF": 0}
2024-07-18 07:18:11,744 - ERROR - Error at 7 on Try 5: 404 Client Error: Not Found for url: https://opcenter-test.goodyear.com/OpcenterRDnLGIL/odata/RndvRqIi(9048,90,1000000,537,7000000)/Update - {"IIVALUE": "Ventilated Cabinet 4", "IIVALUEF": 0}
2024-07-18 07:18:11,934 - ERROR - Error at 7 on Try 1: 404 Client Error: Not Found for url: https://opcenter-test.goodyear.com/OpcenterRDnLGIL/odata/RndvRqIi(9048,90,1000000,538,8000000)/Update - {"IIVALUE": "0", "IIVALUEF": 0}
2024-07-18 07:18:12,620 - ERROR - Error at 7 on Try 2: 404 Client Error: Not Found for url: https://opcenter-test.goodyear.com/OpcenterRDnLGIL/odata/RndvRqIi(9048,90,1000000,538,8000000)/Update - {"IIVALUE": "0", "IIVALUEF": 0}
2024-07-18 07:18:13,310 - ERROR - Error at 7 on Try 3: 404 Client Error: Not Found for url: https://opcenter-test.goodyear.com/OpcenterRDnLGIL/odata/RndvRqIi(9048,90,1000000,538,8000000)/Update - {"IIVALUE": "0", "IIVALUEF": 0}
2024-07-18 07:18:14,000 - ERROR - Error at 7 on Try 4: 404 Client Error: Not Found for url: https://opcenter-test.goodyear.com/OpcenterRDnLGIL/odata/RndvRqIi(9048,90,1000000,538,8000000)/Update - {"IIVALUE": "0", "IIVALUEF": 0}
2024-07-18 07:18:14,709 - ERROR - Error at 7 on Try 5: 404 Client Error: Not Found for url: https://opcenter-test.goodyear.com/OpcenterRDnLGIL/odata/RndvRqIi(9048,90,1000000,538,8000000)/Update - {"IIVALUE": "0", "IIVALUEF": 0}
2024-07-18 07:18:14,900 - ERROR - Error at 7 on Try 1: 404 Client Error: Not Found for url: https://opcenter-test.goodyear.com/OpcenterRDnLGIL/odata/RndvRqIi(9048,90,1000000,539,9000000)/Update - {"IIVALUE": "Kepenne, Veronique", "IIVALUEF": 0}
2024-07-18 07:18:15,590 - ERROR - Error at 7 on Try 2: 404 Client Error: Not Found for url: https://opcenter-test.goodyear.com/OpcenterRDnLGIL/odata/RndvRqIi(9048,90,1000000,539,9000000)/Update - {"IIVALUE": "Kepenne, Veronique", "IIVALUEF": 0}
2024-07-18 07:18:16,276 - ERROR - Error at 7 on Try 3: 404 Client Error: Not Found for url: https://opcenter-test.goodyear.com/OpcenterRDnLGIL/odata/RndvRqIi(9048,90,1000000,539,9000000)/Update - {"IIVALUE": "Kepenne, Veronique", "IIVALUEF": 0}
2024-07-18 07:18:16,974 - ERROR - Error at 7 on Try 4: 404 Client Error: Not Found for url: https://opcenter-test.goodyear.com/OpcenterRDnLGIL/odata/RndvRqIi(9048,90,1000000,539,9000000)/Update - {"IIVALUE": "Kepenne, Veronique", "IIVALUEF": 0}
2024-07-18 07:18:17,684 - ERROR - Error at 7 on Try 5: 404 Client Error: Not Found for url: https://opcenter-test.goodyear.com/OpcenterRDnLGIL/odata/RndvRqIi(9048,90,1000000,539,9000000)/Update - {"IIVALUE": "Kepenne, Veronique", "IIVALUEF": 0}
2024-07-18 07:18:17,970 - ERROR - Error at 7 on Try 1: 404 Client Error: Not Found for url: https://opcenter-test.goodyear.com/OpcenterRDnLGIL/odata/RndvRqIi(9048,90,1000000,540,10000000)/Update - {"IIVALUE": "0", "IIVALUEF": 0}
2024-07-18 07:18:18,650 - ERROR - Error at 7 on Try 2: 404 Client Error: Not Found for url: https://opcenter-test.goodyear.com/OpcenterRDnLGIL/odata/RndvRqIi(9048,90,1000000,540,10000000)/Update - {"IIVALUE": "0", "IIVALUEF": 0}
2024-07-18 07:18:19,356 - ERROR - Error at 7 on Try 3: 404 Client Error: Not Found for url: https://opcenter-test.goodyear.com/OpcenterRDnLGIL/odata/RndvRqIi(9048,90,1000000,540,10000000)/Update - {"IIVALUE": "0", "IIVALUEF": 0}
2024-07-18 07:18:20,042 - ERROR - Error at 7 on Try 4: 404 Client Error: Not Found for url: https://opcenter-test.goodyear.com/OpcenterRDnLGIL/odata/RndvRqIi(9048,90,1000000,540,10000000)/Update - {"IIVALUE": "0", "IIVALUEF": 0}
2024-07-18 07:18:20,746 - ERROR - Error at 7 on Try 5: 404 Client Error: Not Found for url: https://opcenter-test.goodyear.com/OpcenterRDnLGIL/odata/RndvRqIi(9048,90,1000000,540,10000000)/Update - {"IIVALUE": "0", "IIVALUEF": 0}
2024-07-18 07:18:20,932 - ERROR - Error at 7 on Try 1: 404 Client Error: Not Found for url: https://opcenter-test.goodyear.com/OpcenterRDnLGIL/odata/RndvRqIi(9048,90,1000000,541,11000000)/Update - {"IIVALUE": "25.0", "IIVALUEF": 0}
2024-07-18 07:18:21,616 - ERROR - Error at 7 on Try 2: 404 Client Error: Not Found for url: https://opcenter-test.goodyear.com/OpcenterRDnLGIL/odata/RndvRqIi(9048,90,1000000,541,11000000)/Update - {"IIVALUE": "25.0", "IIVALUEF": 0}
2024-07-18 07:18:22,301 - ERROR - Error at 7 on Try 3: 404 Client Error: Not Found for url: https://opcenter-test.goodyear.com/OpcenterRDnLGIL/odata/RndvRqIi(9048,90,1000000,541,11000000)/Update - {"IIVALUE": "25.0", "IIVALUEF": 0}
2024-07-18 07:18:22,995 - ERROR - Error at 7 on Try 4: 404 Client Error: Not Found for url: https://opcenter-test.goodyear.com/OpcenterRDnLGIL/odata/RndvRqIi(9048,90,1000000,541,11000000)/Update - {"IIVALUE": "25.0", "IIVALUEF": 0}
2024-07-18 07:18:23,706 - ERROR - Error at 7 on Try 5: 404 Client Error: Not Found for url: https://opcenter-test.goodyear.com/OpcenterRDnLGIL/odata/RndvRqIi(9048,90,1000000,541,11000000)/Update - {"IIVALUE": "25.0", "IIVALUEF": 0}
2024-07-18 07:18:23,934 - ERROR - Error at 7 on Try 1: 404 Client Error: Not Found for url: https://opcenter-test.goodyear.com/OpcenterRDnLGIL/odata/RndvRqIi(9048,90,1000000,640,12000000)/Update - {"IIVALUE": "0", "IIVALUEF": 0}
2024-07-18 07:18:24,618 - ERROR - Error at 7 on Try 2: 404 Client Error: Not Found for url: https://opcenter-test.goodyear.com/OpcenterRDnLGIL/odata/RndvRqIi(9048,90,1000000,640,12000000)/Update - {"IIVALUE": "0", "IIVALUEF": 0}
2024-07-18 07:18:25,372 - ERROR - Error at 7 on Try 3: 404 Client Error: Not Found for url: https://opcenter-test.goodyear.com/OpcenterRDnLGIL/odata/RndvRqIi(9048,90,1000000,640,12000000)/Update - {"IIVALUE": "0", "IIVALUEF": 0}
2024-07-18 07:18:26,072 - ERROR - Error at 7 on Try 4: 404 Client Error: Not Found for url: https://opcenter-test.goodyear.com/OpcenterRDnLGIL/odata/RndvRqIi(9048,90,1000000,640,12000000)/Update - {"IIVALUE": "0", "IIVALUEF": 0}
2024-07-18 07:18:26,758 - ERROR - Error at 7 on Try 5: 404 Client Error: Not Found for url: https://opcenter-test.goodyear.com/OpcenterRDnLGIL/odata/RndvRqIi(9048,90,1000000,640,12000000)/Update - {"IIVALUE": "0", "IIVALUEF": 0}
2024-07-18 07:18:26,944 - ERROR - Error at 7 on Try 1: 404 Client Error: Not Found for url: https://opcenter-test.goodyear.com/OpcenterRDnLGIL/odata/RndvRqIi(9048,90,1000000,647,13000000)/Update - {"IIVALUE": "Adv. Chemistry", "IIVALUEF": 0}
2024-07-18 07:18:27,644 - ERROR - Error at 7 on Try 2: 404 Client Error: Not Found for url: https://opcenter-test.goodyear.com/OpcenterRDnLGIL/odata/RndvRqIi(9048,90,1000000,647,13000000)/Update - {"IIVALUE": "Adv. Chemistry", "IIVALUEF": 0}
2024-07-18 07:18:28,337 - ERROR - Error at 7 on Try 3: 404 Client Error: Not Found for url: https://opcenter-test.goodyear.com/OpcenterRDnLGIL/odata/RndvRqIi(9048,90,1000000,647,13000000)/Update - {"IIVALUE": "Adv. Chemistry", "IIVALUEF": 0}
2024-07-18 07:18:29,042 - ERROR - Error at 7 on Try 4: 404 Client Error: Not Found for url: https://opcenter-test.goodyear.com/OpcenterRDnLGIL/odata/RndvRqIi(9048,90,1000000,647,13000000)/Update - {"IIVALUE": "Adv. Chemistry", "IIVALUEF": 0}
2024-07-18 07:18:29,793 - ERROR - Error at 7 on Try 5: 404 Client Error: Not Found for url: https://opcenter-test.goodyear.com/OpcenterRDnLGIL/odata/RndvRqIi(9048,90,1000000,647,13000000)/Update - {"IIVALUE": "Adv. Chemistry", "IIVALUEF": 0}
2024-07-18 07:18:29,979 - ERROR - Error at 7 on Try 1: 404 Client Error: Not Found for url: https://opcenter-test.goodyear.com/OpcenterRDnLGIL/odata/RndvRqIi(9048,90,1000000,648,2000000)/Update - {"IIVALUE": "0", "IIVALUEF": 0}
2024-07-18 07:18:30,745 - ERROR - Error at 7 on Try 2: 404 Client Error: Not Found for url: https://opcenter-test.goodyear.com/OpcenterRDnLGIL/odata/RndvRqIi(9048,90,1000000,648,2000000)/Update - {"IIVALUE": "0", "IIVALUEF": 0}
2024-07-18 07:18:31,431 - ERROR - Error at 7 on Try 3: 404 Client Error: Not Found for url: https://opcenter-test.goodyear.com/OpcenterRDnLGIL/odata/RndvRqIi(9048,90,1000000,648,2000000)/Update - {"IIVALUE": "0", "IIVALUEF": 0}
2024-07-18 07:18:32,131 - ERROR - Error at 7 on Try 4: 404 Client Error: Not Found for url: https://opcenter-test.goodyear.com/OpcenterRDnLGIL/odata/RndvRqIi(9048,90,1000000,648,2000000)/Update - {"IIVALUE": "0", "IIVALUEF": 0}
2024-07-18 07:18:32,808 - ERROR - Error at 7 on Try 5: 404 Client Error: Not Found for url: https://opcenter-test.goodyear.com/OpcenterRDnLGIL/odata/RndvRqIi(9048,90,1000000,648,2000000)/Update - {"IIVALUE": "0", "IIVALUEF": 0}
2024-07-18 07:18:32,996 - ERROR - Error at 7 on Try 1: 404 Client Error: Not Found for url: https://opcenter-test.goodyear.com/OpcenterRDnLGIL/odata/RndvRqIi(9048,90,1000000,649,14000000)/Update - {"IIVALUE": "Bromophenol-blue indicator ", "IIVALUEF": 0}
2024-07-18 07:18:33,687 - ERROR - Error at 7 on Try 2: 404 Client Error: Not Found for url: https://opcenter-test.goodyear.com/OpcenterRDnLGIL/odata/RndvRqIi(9048,90,1000000,649,14000000)/Update - {"IIVALUE": "Bromophenol-blue indicator ", "IIVALUEF": 0}
2024-07-18 07:18:34,397 - ERROR - Error at 7 on Try 3: 404 Client Error: Not Found for url: https://opcenter-test.goodyear.com/OpcenterRDnLGIL/odata/RndvRqIi(9048,90,1000000,649,14000000)/Update - {"IIVALUE": "Bromophenol-blue indicator ", "IIVALUEF": 0}
2024-07-18 07:18:35,092 - ERROR - Error at 7 on Try 4: 404 Client Error: Not Found for url: https://opcenter-test.goodyear.com/OpcenterRDnLGIL/odata/RndvRqIi(9048,90,1000000,649,14000000)/Update - {"IIVALUE": "Bromophenol-blue indicator ", "IIVALUEF": 0}
2024-07-18 07:18:35,780 - ERROR - Error at 7 on Try 5: 404 Client Error: Not Found for url: https://opcenter-test.goodyear.com/OpcenterRDnLGIL/odata/RndvRqIi(9048,90,1000000,649,14000000)/Update - {"IIVALUE": "Bromophenol-blue indicator ", "IIVALUEF": 0}
2024-07-18 07:18:35,965 - ERROR - Error at 7 on Try 1: 404 Client Error: Not Found for url: https://opcenter-test.goodyear.com/OpcenterRDnLGIL/odata/RndvRqIi(9048,90,1000000,650,15000000)/Update - {"IIVALUE": "Merck", "IIVALUEF": 0}
2024-07-18 07:18:36,685 - ERROR - Error at 7 on Try 2: 404 Client Error: Not Found for url: https://opcenter-test.goodyear.com/OpcenterRDnLGIL/odata/RndvRqIi(9048,90,1000000,650,15000000)/Update - {"IIVALUE": "Merck", "IIVALUEF": 0}
2024-07-18 07:18:37,382 - ERROR - Error at 7 on Try 3: 404 Client Error: Not Found for url: https://opcenter-test.goodyear.com/OpcenterRDnLGIL/odata/RndvRqIi(9048,90,1000000,650,15000000)/Update - {"IIVALUE": "Merck", "IIVALUEF": 0}
2024-07-18 07:18:38,072 - ERROR - Error at 7 on Try 4: 404 Client Error: Not Found for url: https://opcenter-test.goodyear.com/OpcenterRDnLGIL/odata/RndvRqIi(9048,90,1000000,650,15000000)/Update - {"IIVALUE": "Merck", "IIVALUEF": 0}
2024-07-18 07:18:38,788 - ERROR - Error at 7 on Try 5: 404 Client Error: Not Found for url: https://opcenter-test.goodyear.com/OpcenterRDnLGIL/odata/RndvRqIi(9048,90,1000000,650,15000000)/Update - {"IIVALUE": "Merck", "IIVALUEF": 0}
2024-07-18 07:18:38,974 - ERROR - Error at 7 on Try 1: 404 Client Error: Not Found for url: https://opcenter-test.goodyear.com/OpcenterRDnLGIL/odata/RndvRqIi(9048,90,1000000,653,17000000)/Update - {"IIVALUE": "0", "IIVALUEF": 0}
2024-07-18 07:18:39,658 - ERROR - Error at 7 on Try 2: 404 Client Error: Not Found for url: https://opcenter-test.goodyear.com/OpcenterRDnLGIL/odata/RndvRqIi(9048,90,1000000,653,17000000)/Update - {"IIVALUE": "0", "IIVALUEF": 0}
2024-07-18 07:18:40,345 - ERROR - Error at 7 on Try 3: 404 Client Error: Not Found for url: https://opcenter-test.goodyear.com/OpcenterRDnLGIL/odata/RndvRqIi(9048,90,1000000,653,17000000)/Update - {"IIVALUE": "0", "IIVALUEF": 0}
2024-07-18 07:18:41,033 - ERROR - Error at 7 on Try 4: 404 Client Error: Not Found for url: https://opcenter-test.goodyear.com/OpcenterRDnLGIL/odata/RndvRqIi(9048,90,1000000,653,17000000)/Update - {"IIVALUE": "0", "IIVALUEF": 0}
2024-07-18 07:18:41,737 - ERROR - Error at 7 on Try 5: 404 Client Error: Not Found for url: https://opcenter-test.goodyear.com/OpcenterRDnLGIL/odata/RndvRqIi(9048,90,1000000,653,17000000)/Update - {"IIVALUE": "0", "IIVALUEF": 0}
2024-07-18 07:18:41,959 - ERROR - Error at 7 on Try 1: 404 Client Error: Not Found for url: https://opcenter-test.goodyear.com/OpcenterRDnLGIL/odata/RndvRqIi(9048,90,1000000,654,16000000)/Update - {"IIVALUE": "g", "IIVALUEF": 0}
2024-07-18 07:18:42,657 - ERROR - Error at 7 on Try 2: 404 Client Error: Not Found for url: https://opcenter-test.goodyear.com/OpcenterRDnLGIL/odata/RndvRqIi(9048,90,1000000,654,16000000)/Update - {"IIVALUE": "g", "IIVALUEF": 0}
2024-07-18 07:18:43,373 - ERROR - Error at 7 on Try 3: 404 Client Error: Not Found for url: https://opcenter-test.goodyear.com/OpcenterRDnLGIL/odata/RndvRqIi(9048,90,1000000,654,16000000)/Update - {"IIVALUE": "g", "IIVALUEF": 0}
2024-07-18 07:18:44,063 - ERROR - Error at 7 on Try 4: 404 Client Error: Not Found for url: https://opcenter-test.goodyear.com/OpcenterRDnLGIL/odata/RndvRqIi(9048,90,1000000,654,16000000)/Update - {"IIVALUE": "g", "IIVALUEF": 0}
2024-07-18 07:18:44,754 - ERROR - Error at 7 on Try 5: 404 Client Error: Not Found for url: https://opcenter-test.goodyear.com/OpcenterRDnLGIL/odata/RndvRqIi(9048,90,1000000,654,16000000)/Update - {"IIVALUE": "g", "IIVALUEF": 0}
2024-07-18 07:18:44,943 - ERROR - Error at 7 on Try 1: 404 Client Error: Not Found for url: https://opcenter-test.goodyear.com/OpcenterRDnLGIL/odata/RndvRqIi(9048,90,1000000,656,18000000)/Update - {"IIVALUE": "0", "IIVALUEF": 0}
2024-07-18 07:18:45,634 - ERROR - Error at 7 on Try 2: 404 Client Error: Not Found for url: https://opcenter-test.goodyear.com/OpcenterRDnLGIL/odata/RndvRqIi(9048,90,1000000,656,18000000)/Update - {"IIVALUE": "0", "IIVALUEF": 0}
2024-07-18 07:18:46,327 - ERROR - Error at 7 on Try 3: 404 Client Error: Not Found for url: https://opcenter-test.goodyear.com/OpcenterRDnLGIL/odata/RndvRqIi(9048,90,1000000,656,18000000)/Update - {"IIVALUE": "0", "IIVALUEF": 0}
2024-07-18 07:18:47,011 - ERROR - Error at 7 on Try 4: 404 Client Error: Not Found for url: https://opcenter-test.goodyear.com/OpcenterRDnLGIL/odata/RndvRqIi(9048,90,1000000,656,18000000)/Update - {"IIVALUE": "0", "IIVALUEF": 0}
2024-07-18 07:18:47,699 - ERROR - Error at 7 on Try 5: 404 Client Error: Not Found for url: https://opcenter-test.goodyear.com/OpcenterRDnLGIL/odata/RndvRqIi(9048,90,1000000,656,18000000)/Update - {"IIVALUE": "0", "IIVALUEF": 0}
2024-07-18 07:18:47,887 - ERROR - Error at 7 on Try 1: 404 Client Error: Not Found for url: https://opcenter-test.goodyear.com/OpcenterRDnLGIL/odata/RndvRqIi(9048,90,1000000,531,19000000)/Update - {"IIVALUE": "78523", "IIVALUEF": 0}
2024-07-18 07:18:48,573 - ERROR - Error at 7 on Try 2: 404 Client Error: Not Found for url: https://opcenter-test.goodyear.com/OpcenterRDnLGIL/odata/RndvRqIi(9048,90,1000000,531,19000000)/Update - {"IIVALUE": "78523", "IIVALUEF": 0}
2024-07-18 07:18:49,252 - ERROR - Error at 7 on Try 3: 404 Client Error: Not Found for url: https://opcenter-test.goodyear.com/OpcenterRDnLGIL/odata/RndvRqIi(9048,90,1000000,531,19000000)/Update - {"IIVALUE": "78523", "IIVALUEF": 0}
2024-07-18 07:18:49,941 - ERROR - Error at 7 on Try 4: 404 Client Error: Not Found for url: https://opcenter-test.goodyear.com/OpcenterRDnLGIL/odata/RndvRqIi(9048,90,1000000,531,19000000)/Update - {"IIVALUE": "78523", "IIVALUEF": 0}
2024-07-18 07:18:50,627 - ERROR - Error at 7 on Try 5: 404 Client Error: Not Found for url: https://opcenter-test.goodyear.com/OpcenterRDnLGIL/odata/RndvRqIi(9048,90,1000000,531,19000000)/Update - {"IIVALUE": "78523", "IIVALUEF": 0}
2024-07-18 07:18:50,949 - INFO - Success on 8: 200 - {"IIVALUE": "8122", "IIVALUEF": 0}
2024-07-18 07:19:01,429 - INFO - Success on 9: 200 - {"SHORT_DESC": "Chemical & Consumables Container", "RQ_VALUE": null, "DESCRIPTION": "Chemical & Consumables Container"}
2024-07-18 07:19:02,607 - INFO - Success on 9: 200 - {"StatusTo": 5}
2024-07-18 07:19:02,793 - ERROR - Error at 8 on Try 1: 404 Client Error: Not Found for url: https://opcenter-test.goodyear.com/OpcenterRDnLGIL/odata/RndvRqIi(9049,90,1000000,9,5000000)/Update - {"IIVALUE": "AS*L", "IIVALUEF": 0}
2024-07-18 07:19:03,479 - ERROR - Error at 8 on Try 2: 404 Client Error: Not Found for url: https://opcenter-test.goodyear.com/OpcenterRDnLGIL/odata/RndvRqIi(9049,90,1000000,9,5000000)/Update - {"IIVALUE": "AS*L", "IIVALUEF": 0}
2024-07-18 07:19:04,201 - ERROR - Error at 8 on Try 3: 404 Client Error: Not Found for url: https://opcenter-test.goodyear.com/OpcenterRDnLGIL/odata/RndvRqIi(9049,90,1000000,9,5000000)/Update - {"IIVALUE": "AS*L", "IIVALUEF": 0}
2024-07-18 07:19:04,888 - ERROR - Error at 8 on Try 4: 404 Client Error: Not Found for url: https://opcenter-test.goodyear.com/OpcenterRDnLGIL/odata/RndvRqIi(9049,90,1000000,9,5000000)/Update - {"IIVALUE": "AS*L", "IIVALUEF": 0}
2024-07-18 07:19:05,574 - ERROR - Error at 8 on Try 5: 404 Client Error: Not Found for url: https://opcenter-test.goodyear.com/OpcenterRDnLGIL/odata/RndvRqIi(9049,90,1000000,9,5000000)/Update - {"IIVALUE": "AS*L", "IIVALUEF": 0}
2024-07-18 07:19:05,765 - ERROR - Error at 8 on Try 1: 404 Client Error: Not Found for url: https://opcenter-test.goodyear.com/OpcenterRDnLGIL/odata/RndvRqIi(9049,90,1000000,530,1000000)/Update - {"IIVALUE": "0", "IIVALUEF": 0}
2024-07-18 07:19:06,452 - ERROR - Error at 8 on Try 2: 404 Client Error: Not Found for url: https://opcenter-test.goodyear.com/OpcenterRDnLGIL/odata/RndvRqIi(9049,90,1000000,530,1000000)/Update - {"IIVALUE": "0", "IIVALUEF": 0}
2024-07-18 07:19:07,154 - ERROR - Error at 8 on Try 3: 404 Client Error: Not Found for url: https://opcenter-test.goodyear.com/OpcenterRDnLGIL/odata/RndvRqIi(9049,90,1000000,530,1000000)/Update - {"IIVALUE": "0", "IIVALUEF": 0}
2024-07-18 07:19:07,834 - ERROR - Error at 8 on Try 4: 404 Client Error: Not Found for url: https://opcenter-test.goodyear.com/OpcenterRDnLGIL/odata/RndvRqIi(9049,90,1000000,530,1000000)/Update - {"IIVALUE": "0", "IIVALUEF": 0}
2024-07-18 07:19:08,523 - ERROR - Error at 8 on Try 5: 404 Client Error: Not Found for url: https://opcenter-test.goodyear.com/OpcenterRDnLGIL/odata/RndvRqIi(9049,90,1000000,530,1000000)/Update - {"IIVALUE": "0", "IIVALUEF": 0}
2024-07-18 07:19:08,714 - ERROR - Error at 8 on Try 1: 404 Client Error: Not Found for url: https://opcenter-test.goodyear.com/OpcenterRDnLGIL/odata/RndvRqIi(9049,90,1000000,534,4000000)/Update - {"IIVALUE": "09/15/2023 12:00:00 AM +00:00", "IIVALUEF": 0}
2024-07-18 07:19:09,401 - ERROR - Error at 8 on Try 2: 404 Client Error: Not Found for url: https://opcenter-test.goodyear.com/OpcenterRDnLGIL/odata/RndvRqIi(9049,90,1000000,534,4000000)/Update - {"IIVALUE": "09/15/2023 12:00:00 AM +00:00", "IIVALUEF": 0}
2024-07-18 07:19:10,089 - ERROR - Error at 8 on Try 3: 404 Client Error: Not Found for url: https://opcenter-test.goodyear.com/OpcenterRDnLGIL/odata/RndvRqIi(9049,90,1000000,534,4000000)/Update - {"IIVALUE": "09/15/2023 12:00:00 AM +00:00", "IIVALUEF": 0}
2024-07-18 07:19:10,781 - ERROR - Error at 8 on Try 4: 404 Client Error: Not Found for url: https://opcenter-test.goodyear.com/OpcenterRDnLGIL/odata/RndvRqIi(9049,90,1000000,534,4000000)/Update - {"IIVALUE": "09/15/2023 12:00:00 AM +00:00", "IIVALUEF": 0}
2024-07-18 07:19:11,480 - ERROR - Error at 8 on Try 5: 404 Client Error: Not Found for url: https://opcenter-test.goodyear.com/OpcenterRDnLGIL/odata/RndvRqIi(9049,90,1000000,534,4000000)/Update - {"IIVALUE": "09/15/2023 12:00:00 AM +00:00", "IIVALUEF": 0}
2024-07-18 07:19:11,676 - ERROR - Error at 8 on Try 1: 404 Client Error: Not Found for url: https://opcenter-test.goodyear.com/OpcenterRDnLGIL/odata/RndvRqIi(9049,90,1000000,535,3000000)/Update - {"IIVALUE": "09/14/2026 12:00:00 AM +00:00", "IIVALUEF": 0}
2024-07-18 07:19:12,362 - ERROR - Error at 8 on Try 2: 404 Client Error: Not Found for url: https://opcenter-test.goodyear.com/OpcenterRDnLGIL/odata/RndvRqIi(9049,90,1000000,535,3000000)/Update - {"IIVALUE": "09/14/2026 12:00:00 AM +00:00", "IIVALUEF": 0}
2024-07-18 07:19:13,052 - ERROR - Error at 8 on Try 3: 404 Client Error: Not Found for url: https://opcenter-test.goodyear.com/OpcenterRDnLGIL/odata/RndvRqIi(9049,90,1000000,535,3000000)/Update - {"IIVALUE": "09/14/2026 12:00:00 AM +00:00", "IIVALUEF": 0}
2024-07-18 07:19:13,733 - ERROR - Error at 8 on Try 4: 404 Client Error: Not Found for url: https://opcenter-test.goodyear.com/OpcenterRDnLGIL/odata/RndvRqIi(9049,90,1000000,535,3000000)/Update - {"IIVALUE": "09/14/2026 12:00:00 AM +00:00", "IIVALUEF": 0}
2024-07-18 07:19:14,423 - ERROR - Error at 8 on Try 5: 404 Client Error: Not Found for url: https://opcenter-test.goodyear.com/OpcenterRDnLGIL/odata/RndvRqIi(9049,90,1000000,535,3000000)/Update - {"IIVALUE": "09/14/2026 12:00:00 AM +00:00", "IIVALUEF": 0}
2024-07-18 07:19:14,634 - ERROR - Error at 8 on Try 1: 404 Client Error: Not Found for url: https://opcenter-test.goodyear.com/OpcenterRDnLGIL/odata/RndvRqIi(9049,90,1000000,536,6000000)/Update - {"IIVALUE": "GIC*L", "IIVALUEF": 0}
2024-07-18 07:19:15,317 - ERROR - Error at 8 on Try 2: 404 Client Error: Not Found for url: https://opcenter-test.goodyear.com/OpcenterRDnLGIL/odata/RndvRqIi(9049,90,1000000,536,6000000)/Update - {"IIVALUE": "GIC*L", "IIVALUEF": 0}
2024-07-18 07:19:16,006 - ERROR - Error at 8 on Try 3: 404 Client Error: Not Found for url: https://opcenter-test.goodyear.com/OpcenterRDnLGIL/odata/RndvRqIi(9049,90,1000000,536,6000000)/Update - {"IIVALUE": "GIC*L", "IIVALUEF": 0}
2024-07-18 07:19:16,691 - ERROR - Error at 8 on Try 4: 404 Client Error: Not Found for url: https://opcenter-test.goodyear.com/OpcenterRDnLGIL/odata/RndvRqIi(9049,90,1000000,536,6000000)/Update - {"IIVALUE": "GIC*L", "IIVALUEF": 0}
2024-07-18 07:19:17,393 - ERROR - Error at 8 on Try 5: 404 Client Error: Not Found for url: https://opcenter-test.goodyear.com/OpcenterRDnLGIL/odata/RndvRqIi(9049,90,1000000,536,6000000)/Update - {"IIVALUE": "GIC*L", "IIVALUEF": 0}
2024-07-18 07:19:17,591 - ERROR - Error at 8 on Try 1: 404 Client Error: Not Found for url: https://opcenter-test.goodyear.com/OpcenterRDnLGIL/odata/RndvRqIi(9049,90,1000000,537,7000000)/Update - {"IIVALUE": "Ventilated Cabinet 4", "IIVALUEF": 0}
2024-07-18 07:19:18,287 - ERROR - Error at 8 on Try 2: 404 Client Error: Not Found for url: https://opcenter-test.goodyear.com/OpcenterRDnLGIL/odata/RndvRqIi(9049,90,1000000,537,7000000)/Update - {"IIVALUE": "Ventilated Cabinet 4", "IIVALUEF": 0}
2024-07-18 07:19:18,970 - ERROR - Error at 8 on Try 3: 404 Client Error: Not Found for url: https://opcenter-test.goodyear.com/OpcenterRDnLGIL/odata/RndvRqIi(9049,90,1000000,537,7000000)/Update - {"IIVALUE": "Ventilated Cabinet 4", "IIVALUEF": 0}
2024-07-18 07:19:19,653 - ERROR - Error at 8 on Try 4: 404 Client Error: Not Found for url: https://opcenter-test.goodyear.com/OpcenterRDnLGIL/odata/RndvRqIi(9049,90,1000000,537,7000000)/Update - {"IIVALUE": "Ventilated Cabinet 4", "IIVALUEF": 0}
2024-07-18 07:19:20,340 - ERROR - Error at 8 on Try 5: 404 Client Error: Not Found for url: https://opcenter-test.goodyear.com/OpcenterRDnLGIL/odata/RndvRqIi(9049,90,1000000,537,7000000)/Update - {"IIVALUE": "Ventilated Cabinet 4", "IIVALUEF": 0}
2024-07-18 07:19:20,519 - ERROR - Error at 8 on Try 1: 404 Client Error: Not Found for url: https://opcenter-test.goodyear.com/OpcenterRDnLGIL/odata/RndvRqIi(9049,90,1000000,538,8000000)/Update - {"IIVALUE": "0", "IIVALUEF": 0}
2024-07-18 07:19:21,202 - ERROR - Error at 8 on Try 2: 404 Client Error: Not Found for url: https://opcenter-test.goodyear.com/OpcenterRDnLGIL/odata/RndvRqIi(9049,90,1000000,538,8000000)/Update - {"IIVALUE": "0", "IIVALUEF": 0}
2024-07-18 07:19:21,884 - ERROR - Error at 8 on Try 3: 404 Client Error: Not Found for url: https://opcenter-test.goodyear.com/OpcenterRDnLGIL/odata/RndvRqIi(9049,90,1000000,538,8000000)/Update - {"IIVALUE": "0", "IIVALUEF": 0}
2024-07-18 07:19:22,589 - ERROR - Error at 8 on Try 4: 404 Client Error: Not Found for url: https://opcenter-test.goodyear.com/OpcenterRDnLGIL/odata/RndvRqIi(9049,90,1000000,538,8000000)/Update - {"IIVALUE": "0", "IIVALUEF": 0}
2024-07-18 07:19:23,271 - ERROR - Error at 8 on Try 5: 404 Client Error: Not Found for url: https://opcenter-test.goodyear.com/OpcenterRDnLGIL/odata/RndvRqIi(9049,90,1000000,538,8000000)/Update - {"IIVALUE": "0", "IIVALUEF": 0}
2024-07-18 07:19:23,455 - ERROR - Error at 8 on Try 1: 404 Client Error: Not Found for url: https://opcenter-test.goodyear.com/OpcenterRDnLGIL/odata/RndvRqIi(9049,90,1000000,539,9000000)/Update - {"IIVALUE": "0", "IIVALUEF": 0}
2024-07-18 07:19:24,140 - ERROR - Error at 8 on Try 2: 404 Client Error: Not Found for url: https://opcenter-test.goodyear.com/OpcenterRDnLGIL/odata/RndvRqIi(9049,90,1000000,539,9000000)/Update - {"IIVALUE": "0", "IIVALUEF": 0}
2024-07-18 07:19:24,827 - ERROR - Error at 8 on Try 3: 404 Client Error: Not Found for url: https://opcenter-test.goodyear.com/OpcenterRDnLGIL/odata/RndvRqIi(9049,90,1000000,539,9000000)/Update - {"IIVALUE": "0", "IIVALUEF": 0}
2024-07-18 07:19:25,509 - ERROR - Error at 8 on Try 4: 404 Client Error: Not Found for url: https://opcenter-test.goodyear.com/OpcenterRDnLGIL/odata/RndvRqIi(9049,90,1000000,539,9000000)/Update - {"IIVALUE": "0", "IIVALUEF": 0}
2024-07-18 07:19:26,193 - ERROR - Error at 8 on Try 5: 404 Client Error: Not Found for url: https://opcenter-test.goodyear.com/OpcenterRDnLGIL/odata/RndvRqIi(9049,90,1000000,539,9000000)/Update - {"IIVALUE": "0", "IIVALUEF": 0}
2024-07-18 07:19:26,377 - ERROR - Error at 8 on Try 1: 404 Client Error: Not Found for url: https://opcenter-test.goodyear.com/OpcenterRDnLGIL/odata/RndvRqIi(9049,90,1000000,540,10000000)/Update - {"IIVALUE": "0", "IIVALUEF": 0}
2024-07-18 07:19:27,054 - ERROR - Error at 8 on Try 2: 404 Client Error: Not Found for url: https://opcenter-test.goodyear.com/OpcenterRDnLGIL/odata/RndvRqIi(9049,90,1000000,540,10000000)/Update - {"IIVALUE": "0", "IIVALUEF": 0}
2024-07-18 07:19:27,744 - ERROR - Error at 8 on Try 3: 404 Client Error: Not Found for url: https://opcenter-test.goodyear.com/OpcenterRDnLGIL/odata/RndvRqIi(9049,90,1000000,540,10000000)/Update - {"IIVALUE": "0", "IIVALUEF": 0}
2024-07-18 07:19:28,430 - ERROR - Error at 8 on Try 4: 404 Client Error: Not Found for url: https://opcenter-test.goodyear.com/OpcenterRDnLGIL/odata/RndvRqIi(9049,90,1000000,540,10000000)/Update - {"IIVALUE": "0", "IIVALUEF": 0}
2024-07-18 07:19:29,115 - ERROR - Error at 8 on Try 5: 404 Client Error: Not Found for url: https://opcenter-test.goodyear.com/OpcenterRDnLGIL/odata/RndvRqIi(9049,90,1000000,540,10000000)/Update - {"IIVALUE": "0", "IIVALUEF": 0}
2024-07-18 07:19:29,303 - ERROR - Error at 8 on Try 1: 404 Client Error: Not Found for url: https://opcenter-test.goodyear.com/OpcenterRDnLGIL/odata/RndvRqIi(9049,90,1000000,541,11000000)/Update - {"IIVALUE": "25.0", "IIVALUEF": 0}
2024-07-18 07:19:29,985 - ERROR - Error at 8 on Try 2: 404 Client Error: Not Found for url: https://opcenter-test.goodyear.com/OpcenterRDnLGIL/odata/RndvRqIi(9049,90,1000000,541,11000000)/Update - {"IIVALUE": "25.0", "IIVALUEF": 0}
2024-07-18 07:19:30,666 - ERROR - Error at 8 on Try 3: 404 Client Error: Not Found for url: https://opcenter-test.goodyear.com/OpcenterRDnLGIL/odata/RndvRqIi(9049,90,1000000,541,11000000)/Update - {"IIVALUE": "25.0", "IIVALUEF": 0}
2024-07-18 07:19:31,354 - ERROR - Error at 8 on Try 4: 404 Client Error: Not Found for url: https://opcenter-test.goodyear.com/OpcenterRDnLGIL/odata/RndvRqIi(9049,90,1000000,541,11000000)/Update - {"IIVALUE": "25.0", "IIVALUEF": 0}
2024-07-18 07:19:32,043 - ERROR - Error at 8 on Try 5: 404 Client Error: Not Found for url: https://opcenter-test.goodyear.com/OpcenterRDnLGIL/odata/RndvRqIi(9049,90,1000000,541,11000000)/Update - {"IIVALUE": "25.0", "IIVALUEF": 0}
2024-07-18 07:19:32,234 - ERROR - Error at 8 on Try 1: 404 Client Error: Not Found for url: https://opcenter-test.goodyear.com/OpcenterRDnLGIL/odata/RndvRqIi(9049,90,1000000,640,12000000)/Update - {"IIVALUE": "0", "IIVALUEF": 0}
2024-07-18 07:19:32,914 - ERROR - Error at 8 on Try 2: 404 Client Error: Not Found for url: https://opcenter-test.goodyear.com/OpcenterRDnLGIL/odata/RndvRqIi(9049,90,1000000,640,12000000)/Update - {"IIVALUE": "0", "IIVALUEF": 0}
2024-07-18 07:19:33,598 - ERROR - Error at 8 on Try 3: 404 Client Error: Not Found for url: https://opcenter-test.goodyear.com/OpcenterRDnLGIL/odata/RndvRqIi(9049,90,1000000,640,12000000)/Update - {"IIVALUE": "0", "IIVALUEF": 0}
2024-07-18 07:19:34,288 - ERROR - Error at 8 on Try 4: 404 Client Error: Not Found for url: https://opcenter-test.goodyear.com/OpcenterRDnLGIL/odata/RndvRqIi(9049,90,1000000,640,12000000)/Update - {"IIVALUE": "0", "IIVALUEF": 0}
2024-07-18 07:19:34,982 - ERROR - Error at 8 on Try 5: 404 Client Error: Not Found for url: https://opcenter-test.goodyear.com/OpcenterRDnLGIL/odata/RndvRqIi(9049,90,1000000,640,12000000)/Update - {"IIVALUE": "0", "IIVALUEF": 0}
2024-07-18 07:19:35,163 - ERROR - Error at 8 on Try 1: 404 Client Error: Not Found for url: https://opcenter-test.goodyear.com/OpcenterRDnLGIL/odata/RndvRqIi(9049,90,1000000,647,13000000)/Update - {"IIVALUE": "Adv. Chemistry", "IIVALUEF": 0}
2024-07-18 07:19:35,846 - ERROR - Error at 8 on Try 2: 404 Client Error: Not Found for url: https://opcenter-test.goodyear.com/OpcenterRDnLGIL/odata/RndvRqIi(9049,90,1000000,647,13000000)/Update - {"IIVALUE": "Adv. Chemistry", "IIVALUEF": 0}
2024-07-18 07:19:36,520 - ERROR - Error at 8 on Try 3: 404 Client Error: Not Found for url: https://opcenter-test.goodyear.com/OpcenterRDnLGIL/odata/RndvRqIi(9049,90,1000000,647,13000000)/Update - {"IIVALUE": "Adv. Chemistry", "IIVALUEF": 0}
2024-07-18 07:19:37,204 - ERROR - Error at 8 on Try 4: 404 Client Error: Not Found for url: https://opcenter-test.goodyear.com/OpcenterRDnLGIL/odata/RndvRqIi(9049,90,1000000,647,13000000)/Update - {"IIVALUE": "Adv. Chemistry", "IIVALUEF": 0}
2024-07-18 07:19:37,891 - ERROR - Error at 8 on Try 5: 404 Client Error: Not Found for url: https://opcenter-test.goodyear.com/OpcenterRDnLGIL/odata/RndvRqIi(9049,90,1000000,647,13000000)/Update - {"IIVALUE": "Adv. Chemistry", "IIVALUEF": 0}
2024-07-18 07:19:38,083 - ERROR - Error at 8 on Try 1: 404 Client Error: Not Found for url: https://opcenter-test.goodyear.com/OpcenterRDnLGIL/odata/RndvRqIi(9049,90,1000000,648,2000000)/Update - {"IIVALUE": "0", "IIVALUEF": 0}
2024-07-18 07:19:38,769 - ERROR - Error at 8 on Try 2: 404 Client Error: Not Found for url: https://opcenter-test.goodyear.com/OpcenterRDnLGIL/odata/RndvRqIi(9049,90,1000000,648,2000000)/Update - {"IIVALUE": "0", "IIVALUEF": 0}
2024-07-18 07:19:39,447 - ERROR - Error at 8 on Try 3: 404 Client Error: Not Found for url: https://opcenter-test.goodyear.com/OpcenterRDnLGIL/odata/RndvRqIi(9049,90,1000000,648,2000000)/Update - {"IIVALUE": "0", "IIVALUEF": 0}
2024-07-18 07:19:40,139 - ERROR - Error at 8 on Try 4: 404 Client Error: Not Found for url: https://opcenter-test.goodyear.com/OpcenterRDnLGIL/odata/RndvRqIi(9049,90,1000000,648,2000000)/Update - {"IIVALUE": "0", "IIVALUEF": 0}
2024-07-18 07:19:40,835 - ERROR - Error at 8 on Try 5: 404 Client Error: Not Found for url: https://opcenter-test.goodyear.com/OpcenterRDnLGIL/odata/RndvRqIi(9049,90,1000000,648,2000000)/Update - {"IIVALUE": "0", "IIVALUEF": 0}
2024-07-18 07:19:41,020 - ERROR - Error at 8 on Try 1: 404 Client Error: Not Found for url: https://opcenter-test.goodyear.com/OpcenterRDnLGIL/odata/RndvRqIi(9049,90,1000000,649,14000000)/Update - {"IIVALUE": "Hydroxynaphthol blue GR metal (pM) indicator ", "IIVALUEF": 0}
2024-07-18 07:19:41,703 - ERROR - Error at 8 on Try 2: 404 Client Error: Not Found for url: https://opcenter-test.goodyear.com/OpcenterRDnLGIL/odata/RndvRqIi(9049,90,1000000,649,14000000)/Update - {"IIVALUE": "Hydroxynaphthol blue GR metal (pM) indicator ", "IIVALUEF": 0}
2024-07-18 07:19:42,387 - ERROR - Error at 8 on Try 3: 404 Client Error: Not Found for url: https://opcenter-test.goodyear.com/OpcenterRDnLGIL/odata/RndvRqIi(9049,90,1000000,649,14000000)/Update - {"IIVALUE": "Hydroxynaphthol blue GR metal (pM) indicator ", "IIVALUEF": 0}
2024-07-18 07:19:43,067 - ERROR - Error at 8 on Try 4: 404 Client Error: Not Found for url: https://opcenter-test.goodyear.com/OpcenterRDnLGIL/odata/RndvRqIi(9049,90,1000000,649,14000000)/Update - {"IIVALUE": "Hydroxynaphthol blue GR metal (pM) indicator ", "IIVALUEF": 0}
2024-07-18 07:19:43,749 - ERROR - Error at 8 on Try 5: 404 Client Error: Not Found for url: https://opcenter-test.goodyear.com/OpcenterRDnLGIL/odata/RndvRqIi(9049,90,1000000,649,14000000)/Update - {"IIVALUE": "Hydroxynaphthol blue GR metal (pM) indicator ", "IIVALUEF": 0}
2024-07-18 07:19:43,933 - ERROR - Error at 8 on Try 1: 404 Client Error: Not Found for url: https://opcenter-test.goodyear.com/OpcenterRDnLGIL/odata/RndvRqIi(9049,90,1000000,650,15000000)/Update - {"IIVALUE": "Merck", "IIVALUEF": 0}
2024-07-18 07:19:44,613 - ERROR - Error at 8 on Try 2: 404 Client Error: Not Found for url: https://opcenter-test.goodyear.com/OpcenterRDnLGIL/odata/RndvRqIi(9049,90,1000000,650,15000000)/Update - {"IIVALUE": "Merck", "IIVALUEF": 0}
2024-07-18 07:19:45,304 - ERROR - Error at 8 on Try 3: 404 Client Error: Not Found for url: https://opcenter-test.goodyear.com/OpcenterRDnLGIL/odata/RndvRqIi(9049,90,1000000,650,15000000)/Update - {"IIVALUE": "Merck", "IIVALUEF": 0}
2024-07-18 07:19:45,994 - ERROR - Error at 8 on Try 4: 404 Client Error: Not Found for url: https://opcenter-test.goodyear.com/OpcenterRDnLGIL/odata/RndvRqIi(9049,90,1000000,650,15000000)/Update - {"IIVALUE": "Merck", "IIVALUEF": 0}
2024-07-18 07:19:46,703 - ERROR - Error at 8 on Try 5: 404 Client Error: Not Found for url: https://opcenter-test.goodyear.com/OpcenterRDnLGIL/odata/RndvRqIi(9049,90,1000000,650,15000000)/Update - {"IIVALUE": "Merck", "IIVALUEF": 0}
2024-07-18 07:19:46,895 - ERROR - Error at 8 on Try 1: 404 Client Error: Not Found for url: https://opcenter-test.goodyear.com/OpcenterRDnLGIL/odata/RndvRqIi(9049,90,1000000,653,17000000)/Update - {"IIVALUE": "0", "IIVALUEF": 0}
2024-07-18 07:19:47,587 - ERROR - Error at 8 on Try 2: 404 Client Error: Not Found for url: https://opcenter-test.goodyear.com/OpcenterRDnLGIL/odata/RndvRqIi(9049,90,1000000,653,17000000)/Update - {"IIVALUE": "0", "IIVALUEF": 0}
2024-07-18 07:19:48,290 - ERROR - Error at 8 on Try 3: 404 Client Error: Not Found for url: https://opcenter-test.goodyear.com/OpcenterRDnLGIL/odata/RndvRqIi(9049,90,1000000,653,17000000)/Update - {"IIVALUE": "0", "IIVALUEF": 0}
2024-07-18 07:19:48,974 - ERROR - Error at 8 on Try 4: 404 Client Error: Not Found for url: https://opcenter-test.goodyear.com/OpcenterRDnLGIL/odata/RndvRqIi(9049,90,1000000,653,17000000)/Update - {"IIVALUE": "0", "IIVALUEF": 0}
2024-07-18 07:19:49,655 - ERROR - Error at 8 on Try 5: 404 Client Error: Not Found for url: https://opcenter-test.goodyear.com/OpcenterRDnLGIL/odata/RndvRqIi(9049,90,1000000,653,17000000)/Update - {"IIVALUE": "0", "IIVALUEF": 0}
2024-07-18 07:19:49,834 - ERROR - Error at 8 on Try 1: 404 Client Error: Not Found for url: https://opcenter-test.goodyear.com/OpcenterRDnLGIL/odata/RndvRqIi(9049,90,1000000,654,16000000)/Update - {"IIVALUE": "g", "IIVALUEF": 0}
2024-07-18 07:19:50,519 - ERROR - Error at 8 on Try 2: 404 Client Error: Not Found for url: https://opcenter-test.goodyear.com/OpcenterRDnLGIL/odata/RndvRqIi(9049,90,1000000,654,16000000)/Update - {"IIVALUE": "g", "IIVALUEF": 0}
2024-07-18 07:19:51,201 - ERROR - Error at 8 on Try 3: 404 Client Error: Not Found for url: https://opcenter-test.goodyear.com/OpcenterRDnLGIL/odata/RndvRqIi(9049,90,1000000,654,16000000)/Update - {"IIVALUE": "g", "IIVALUEF": 0}
2024-07-18 07:19:51,887 - ERROR - Error at 8 on Try 4: 404 Client Error: Not Found for url: https://opcenter-test.goodyear.com/OpcenterRDnLGIL/odata/RndvRqIi(9049,90,1000000,654,16000000)/Update - {"IIVALUE": "g", "IIVALUEF": 0}
2024-07-18 07:19:52,566 - ERROR - Error at 8 on Try 5: 404 Client Error: Not Found for url: https://opcenter-test.goodyear.com/OpcenterRDnLGIL/odata/RndvRqIi(9049,90,1000000,654,16000000)/Update - {"IIVALUE": "g", "IIVALUEF": 0}
2024-07-18 07:19:52,772 - ERROR - Error at 8 on Try 1: 404 Client Error: Not Found for url: https://opcenter-test.goodyear.com/OpcenterRDnLGIL/odata/RndvRqIi(9049,90,1000000,656,18000000)/Update - {"IIVALUE": "0", "IIVALUEF": 0}
2024-07-18 07:19:53,459 - ERROR - Error at 8 on Try 2: 404 Client Error: Not Found for url: https://opcenter-test.goodyear.com/OpcenterRDnLGIL/odata/RndvRqIi(9049,90,1000000,656,18000000)/Update - {"IIVALUE": "0", "IIVALUEF": 0}
2024-07-18 07:19:54,138 - ERROR - Error at 8 on Try 3: 404 Client Error: Not Found for url: https://opcenter-test.goodyear.com/OpcenterRDnLGIL/odata/RndvRqIi(9049,90,1000000,656,18000000)/Update - {"IIVALUE": "0", "IIVALUEF": 0}
2024-07-18 07:19:54,825 - ERROR - Error at 8 on Try 4: 404 Client Error: Not Found for url: https://opcenter-test.goodyear.com/OpcenterRDnLGIL/odata/RndvRqIi(9049,90,1000000,656,18000000)/Update - {"IIVALUE": "0", "IIVALUEF": 0}
2024-07-18 07:19:55,508 - ERROR - Error at 8 on Try 5: 404 Client Error: Not Found for url: https://opcenter-test.goodyear.com/OpcenterRDnLGIL/odata/RndvRqIi(9049,90,1000000,656,18000000)/Update - {"IIVALUE": "0", "IIVALUEF": 0}
2024-07-18 07:19:55,712 - ERROR - Error at 8 on Try 1: 404 Client Error: Not Found for url: https://opcenter-test.goodyear.com/OpcenterRDnLGIL/odata/RndvRqIi(9049,90,1000000,531,19000000)/Update - {"IIVALUE": "9602614", "IIVALUEF": 0}
2024-07-18 07:19:56,401 - ERROR - Error at 8 on Try 2: 404 Client Error: Not Found for url: https://opcenter-test.goodyear.com/OpcenterRDnLGIL/odata/RndvRqIi(9049,90,1000000,531,19000000)/Update - {"IIVALUE": "9602614", "IIVALUEF": 0}
2024-07-18 07:19:57,091 - ERROR - Error at 8 on Try 3: 404 Client Error: Not Found for url: https://opcenter-test.goodyear.com/OpcenterRDnLGIL/odata/RndvRqIi(9049,90,1000000,531,19000000)/Update - {"IIVALUE": "9602614", "IIVALUEF": 0}
2024-07-18 07:19:57,785 - ERROR - Error at 8 on Try 4: 404 Client Error: Not Found for url: https://opcenter-test.goodyear.com/OpcenterRDnLGIL/odata/RndvRqIi(9049,90,1000000,531,19000000)/Update - {"IIVALUE": "9602614", "IIVALUEF": 0}
2024-07-18 07:19:58,464 - ERROR - Error at 8 on Try 5: 404 Client Error: Not Found for url: https://opcenter-test.goodyear.com/OpcenterRDnLGIL/odata/RndvRqIi(9049,90,1000000,531,19000000)/Update - {"IIVALUE": "9602614", "IIVALUEF": 0}
2024-07-18 07:19:58,778 - INFO - Success on 9: 200 - {"IIVALUE": "4593", "IIVALUEF": 0}
2024-07-18 07:20:09,139 - INFO - Success on 10: 200 - {"SHORT_DESC": "Chemical & Consumables Container", "RQ_VALUE": null, "DESCRIPTION": "Chemical & Consumables Container"}
2024-07-18 07:20:10,326 - INFO - Success on 10: 200 - {"StatusTo": 5}
2024-07-18 07:20:10,508 - ERROR - Error at 9 on Try 1: 404 Client Error: Not Found for url: https://opcenter-test.goodyear.com/OpcenterRDnLGIL/odata/RndvRqIi(9050,90,1000000,9,5000000)/Update - {"IIVALUE": "AS*L", "IIVALUEF": 0}
2024-07-18 07:20:11,186 - ERROR - Error at 9 on Try 2: 404 Client Error: Not Found for url: https://opcenter-test.goodyear.com/OpcenterRDnLGIL/odata/RndvRqIi(9050,90,1000000,9,5000000)/Update - {"IIVALUE": "AS*L", "IIVALUEF": 0}
2024-07-18 07:20:11,872 - ERROR - Error at 9 on Try 3: 404 Client Error: Not Found for url: https://opcenter-test.goodyear.com/OpcenterRDnLGIL/odata/RndvRqIi(9050,90,1000000,9,5000000)/Update - {"IIVALUE": "AS*L", "IIVALUEF": 0}
2024-07-18 07:20:12,560 - ERROR - Error at 9 on Try 4: 404 Client Error: Not Found for url: https://opcenter-test.goodyear.com/OpcenterRDnLGIL/odata/RndvRqIi(9050,90,1000000,9,5000000)/Update - {"IIVALUE": "AS*L", "IIVALUEF": 0}
2024-07-18 07:20:13,241 - ERROR - Error at 9 on Try 5: 404 Client Error: Not Found for url: https://opcenter-test.goodyear.com/OpcenterRDnLGIL/odata/RndvRqIi(9050,90,1000000,9,5000000)/Update - {"IIVALUE": "AS*L", "IIVALUEF": 0}
2024-07-18 07:20:13,421 - ERROR - Error at 9 on Try 1: 404 Client Error: Not Found for url: https://opcenter-test.goodyear.com/OpcenterRDnLGIL/odata/RndvRqIi(9050,90,1000000,530,1000000)/Update - {"IIVALUE": "0", "IIVALUEF": 0}
2024-07-18 07:20:14,103 - ERROR - Error at 9 on Try 2: 404 Client Error: Not Found for url: https://opcenter-test.goodyear.com/OpcenterRDnLGIL/odata/RndvRqIi(9050,90,1000000,530,1000000)/Update - {"IIVALUE": "0", "IIVALUEF": 0}
2024-07-18 07:20:14,790 - ERROR - Error at 9 on Try 3: 404 Client Error: Not Found for url: https://opcenter-test.goodyear.com/OpcenterRDnLGIL/odata/RndvRqIi(9050,90,1000000,530,1000000)/Update - {"IIVALUE": "0", "IIVALUEF": 0}
2024-07-18 07:20:15,474 - ERROR - Error at 9 on Try 4: 404 Client Error: Not Found for url: https://opcenter-test.goodyear.com/OpcenterRDnLGIL/odata/RndvRqIi(9050,90,1000000,530,1000000)/Update - {"IIVALUE": "0", "IIVALUEF": 0}
2024-07-18 07:20:16,157 - ERROR - Error at 9 on Try 5: 404 Client Error: Not Found for url: https://opcenter-test.goodyear.com/OpcenterRDnLGIL/odata/RndvRqIi(9050,90,1000000,530,1000000)/Update - {"IIVALUE": "0", "IIVALUEF": 0}
2024-07-18 07:20:16,350 - ERROR - Error at 9 on Try 1: 404 Client Error: Not Found for url: https://opcenter-test.goodyear.com/OpcenterRDnLGIL/odata/RndvRqIi(9050,90,1000000,534,4000000)/Update - {"IIVALUE": "09/15/2023 12:00:00 AM +00:00", "IIVALUEF": 0}
2024-07-18 07:20:17,030 - ERROR - Error at 9 on Try 2: 404 Client Error: Not Found for url: https://opcenter-test.goodyear.com/OpcenterRDnLGIL/odata/RndvRqIi(9050,90,1000000,534,4000000)/Update - {"IIVALUE": "09/15/2023 12:00:00 AM +00:00", "IIVALUEF": 0}
2024-07-18 07:20:17,714 - ERROR - Error at 9 on Try 3: 404 Client Error: Not Found for url: https://opcenter-test.goodyear.com/OpcenterRDnLGIL/odata/RndvRqIi(9050,90,1000000,534,4000000)/Update - {"IIVALUE": "09/15/2023 12:00:00 AM +00:00", "IIVALUEF": 0}
2024-07-18 07:20:18,397 - ERROR - Error at 9 on Try 4: 404 Client Error: Not Found for url: https://opcenter-test.goodyear.com/OpcenterRDnLGIL/odata/RndvRqIi(9050,90,1000000,534,4000000)/Update - {"IIVALUE": "09/15/2023 12:00:00 AM +00:00", "IIVALUEF": 0}
2024-07-18 07:20:19,108 - ERROR - Error at 9 on Try 5: 404 Client Error: Not Found for url: https://opcenter-test.goodyear.com/OpcenterRDnLGIL/odata/RndvRqIi(9050,90,1000000,534,4000000)/Update - {"IIVALUE": "09/15/2023 12:00:00 AM +00:00", "IIVALUEF": 0}
2024-07-18 07:20:19,285 - ERROR - Error at 9 on Try 1: 404 Client Error: Not Found for url: https://opcenter-test.goodyear.com/OpcenterRDnLGIL/odata/RndvRqIi(9050,90,1000000,535,3000000)/Update - {"IIVALUE": "09/14/2026 12:00:00 AM +00:00", "IIVALUEF": 0}
2024-07-18 07:20:19,963 - ERROR - Error at 9 on Try 2: 404 Client Error: Not Found for url: https://opcenter-test.goodyear.com/OpcenterRDnLGIL/odata/RndvRqIi(9050,90,1000000,535,3000000)/Update - {"IIVALUE": "09/14/2026 12:00:00 AM +00:00", "IIVALUEF": 0}
2024-07-18 07:20:20,642 - ERROR - Error at 9 on Try 3: 404 Client Error: Not Found for url: https://opcenter-test.goodyear.com/OpcenterRDnLGIL/odata/RndvRqIi(9050,90,1000000,535,3000000)/Update - {"IIVALUE": "09/14/2026 12:00:00 AM +00:00", "IIVALUEF": 0}
2024-07-18 07:20:21,344 - ERROR - Error at 9 on Try 4: 404 Client Error: Not Found for url: https://opcenter-test.goodyear.com/OpcenterRDnLGIL/odata/RndvRqIi(9050,90,1000000,535,3000000)/Update - {"IIVALUE": "09/14/2026 12:00:00 AM +00:00", "IIVALUEF": 0}
2024-07-18 07:20:22,030 - ERROR - Error at 9 on Try 5: 404 Client Error: Not Found for url: https://opcenter-test.goodyear.com/OpcenterRDnLGIL/odata/RndvRqIi(9050,90,1000000,535,3000000)/Update - {"IIVALUE": "09/14/2026 12:00:00 AM +00:00", "IIVALUEF": 0}
2024-07-18 07:20:22,204 - ERROR - Error at 9 on Try 1: 404 Client Error: Not Found for url: https://opcenter-test.goodyear.com/OpcenterRDnLGIL/odata/RndvRqIi(9050,90,1000000,536,6000000)/Update - {"IIVALUE": "GIC*L", "IIVALUEF": 0}
2024-07-18 07:20:22,887 - ERROR - Error at 9 on Try 2: 404 Client Error: Not Found for url: https://opcenter-test.goodyear.com/OpcenterRDnLGIL/odata/RndvRqIi(9050,90,1000000,536,6000000)/Update - {"IIVALUE": "GIC*L", "IIVALUEF": 0}
2024-07-18 07:20:23,570 - ERROR - Error at 9 on Try 3: 404 Client Error: Not Found for url: https://opcenter-test.goodyear.com/OpcenterRDnLGIL/odata/RndvRqIi(9050,90,1000000,536,6000000)/Update - {"IIVALUE": "GIC*L", "IIVALUEF": 0}
2024-07-18 07:20:24,257 - ERROR - Error at 9 on Try 4: 404 Client Error: Not Found for url: https://opcenter-test.goodyear.com/OpcenterRDnLGIL/odata/RndvRqIi(9050,90,1000000,536,6000000)/Update - {"IIVALUE": "GIC*L", "IIVALUEF": 0}
2024-07-18 07:20:24,936 - ERROR - Error at 9 on Try 5: 404 Client Error: Not Found for url: https://opcenter-test.goodyear.com/OpcenterRDnLGIL/odata/RndvRqIi(9050,90,1000000,536,6000000)/Update - {"IIVALUE": "GIC*L", "IIVALUEF": 0}
2024-07-18 07:20:25,127 - ERROR - Error at 9 on Try 1: 404 Client Error: Not Found for url: https://opcenter-test.goodyear.com/OpcenterRDnLGIL/odata/RndvRqIi(9050,90,1000000,537,7000000)/Update - {"IIVALUE": "Ventilated Cabinet 4", "IIVALUEF": 0}
2024-07-18 07:20:25,808 - ERROR - Error at 9 on Try 2: 404 Client Error: Not Found for url: https://opcenter-test.goodyear.com/OpcenterRDnLGIL/odata/RndvRqIi(9050,90,1000000,537,7000000)/Update - {"IIVALUE": "Ventilated Cabinet 4", "IIVALUEF": 0}
2024-07-18 07:20:26,489 - ERROR - Error at 9 on Try 3: 404 Client Error: Not Found for url: https://opcenter-test.goodyear.com/OpcenterRDnLGIL/odata/RndvRqIi(9050,90,1000000,537,7000000)/Update - {"IIVALUE": "Ventilated Cabinet 4", "IIVALUEF": 0}
2024-07-18 07:20:27,168 - ERROR - Error at 9 on Try 4: 404 Client Error: Not Found for url: https://opcenter-test.goodyear.com/OpcenterRDnLGIL/odata/RndvRqIi(9050,90,1000000,537,7000000)/Update - {"IIVALUE": "Ventilated Cabinet 4", "IIVALUEF": 0}
2024-07-18 07:20:27,848 - ERROR - Error at 9 on Try 5: 404 Client Error: Not Found for url: https://opcenter-test.goodyear.com/OpcenterRDnLGIL/odata/RndvRqIi(9050,90,1000000,537,7000000)/Update - {"IIVALUE": "Ventilated Cabinet 4", "IIVALUEF": 0}
2024-07-18 07:20:28,062 - ERROR - Error at 9 on Try 1: 404 Client Error: Not Found for url: https://opcenter-test.goodyear.com/OpcenterRDnLGIL/odata/RndvRqIi(9050,90,1000000,538,8000000)/Update - {"IIVALUE": "0", "IIVALUEF": 0}
2024-07-18 07:20:28,756 - ERROR - Error at 9 on Try 2: 404 Client Error: Not Found for url: https://opcenter-test.goodyear.com/OpcenterRDnLGIL/odata/RndvRqIi(9050,90,1000000,538,8000000)/Update - {"IIVALUE": "0", "IIVALUEF": 0}
2024-07-18 07:20:29,436 - ERROR - Error at 9 on Try 3: 404 Client Error: Not Found for url: https://opcenter-test.goodyear.com/OpcenterRDnLGIL/odata/RndvRqIi(9050,90,1000000,538,8000000)/Update - {"IIVALUE": "0", "IIVALUEF": 0}
2024-07-18 07:20:30,131 - ERROR - Error at 9 on Try 4: 404 Client Error: Not Found for url: https://opcenter-test.goodyear.com/OpcenterRDnLGIL/odata/RndvRqIi(9050,90,1000000,538,8000000)/Update - {"IIVALUE": "0", "IIVALUEF": 0}
2024-07-18 07:20:30,816 - ERROR - Error at 9 on Try 5: 404 Client Error: Not Found for url: https://opcenter-test.goodyear.com/OpcenterRDnLGIL/odata/RndvRqIi(9050,90,1000000,538,8000000)/Update - {"IIVALUE": "0", "IIVALUEF": 0}
2024-07-18 07:20:31,000 - ERROR - Error at 9 on Try 1: 404 Client Error: Not Found for url: https://opcenter-test.goodyear.com/OpcenterRDnLGIL/odata/RndvRqIi(9050,90,1000000,539,9000000)/Update - {"IIVALUE": "Kepenne, Veronique", "IIVALUEF": 0}
2024-07-18 07:20:31,680 - ERROR - Error at 9 on Try 2: 404 Client Error: Not Found for url: https://opcenter-test.goodyear.com/OpcenterRDnLGIL/odata/RndvRqIi(9050,90,1000000,539,9000000)/Update - {"IIVALUE": "Kepenne, Veronique", "IIVALUEF": 0}
2024-07-18 07:20:32,375 - ERROR - Error at 9 on Try 3: 404 Client Error: Not Found for url: https://opcenter-test.goodyear.com/OpcenterRDnLGIL/odata/RndvRqIi(9050,90,1000000,539,9000000)/Update - {"IIVALUE": "Kepenne, Veronique", "IIVALUEF": 0}
2024-07-18 07:20:33,063 - ERROR - Error at 9 on Try 4: 404 Client Error: Not Found for url: https://opcenter-test.goodyear.com/OpcenterRDnLGIL/odata/RndvRqIi(9050,90,1000000,539,9000000)/Update - {"IIVALUE": "Kepenne, Veronique", "IIVALUEF": 0}
2024-07-18 07:20:33,748 - ERROR - Error at 9 on Try 5: 404 Client Error: Not Found for url: https://opcenter-test.goodyear.com/OpcenterRDnLGIL/odata/RndvRqIi(9050,90,1000000,539,9000000)/Update - {"IIVALUE": "Kepenne, Veronique", "IIVALUEF": 0}
2024-07-18 07:20:33,930 - ERROR - Error at 9 on Try 1: 404 Client Error: Not Found for url: https://opcenter-test.goodyear.com/OpcenterRDnLGIL/odata/RndvRqIi(9050,90,1000000,540,10000000)/Update - {"IIVALUE": "0", "IIVALUEF": 0}
2024-07-18 07:20:34,610 - ERROR - Error at 9 on Try 2: 404 Client Error: Not Found for url: https://opcenter-test.goodyear.com/OpcenterRDnLGIL/odata/RndvRqIi(9050,90,1000000,540,10000000)/Update - {"IIVALUE": "0", "IIVALUEF": 0}
2024-07-18 07:20:35,294 - ERROR - Error at 9 on Try 3: 404 Client Error: Not Found for url: https://opcenter-test.goodyear.com/OpcenterRDnLGIL/odata/RndvRqIi(9050,90,1000000,540,10000000)/Update - {"IIVALUE": "0", "IIVALUEF": 0}
2024-07-18 07:20:36,000 - ERROR - Error at 9 on Try 4: 404 Client Error: Not Found for url: https://opcenter-test.goodyear.com/OpcenterRDnLGIL/odata/RndvRqIi(9050,90,1000000,540,10000000)/Update - {"IIVALUE": "0", "IIVALUEF": 0}
2024-07-18 07:20:36,697 - ERROR - Error at 9 on Try 5: 404 Client Error: Not Found for url: https://opcenter-test.goodyear.com/OpcenterRDnLGIL/odata/RndvRqIi(9050,90,1000000,540,10000000)/Update - {"IIVALUE": "0", "IIVALUEF": 0}
2024-07-18 07:20:36,891 - ERROR - Error at 9 on Try 1: 404 Client Error: Not Found for url: https://opcenter-test.goodyear.com/OpcenterRDnLGIL/odata/RndvRqIi(9050,90,1000000,541,11000000)/Update - {"IIVALUE": "25.0", "IIVALUEF": 0}
2024-07-18 07:20:37,562 - ERROR - Error at 9 on Try 2: 404 Client Error: Not Found for url: https://opcenter-test.goodyear.com/OpcenterRDnLGIL/odata/RndvRqIi(9050,90,1000000,541,11000000)/Update - {"IIVALUE": "25.0", "IIVALUEF": 0}
2024-07-18 07:20:38,241 - ERROR - Error at 9 on Try 3: 404 Client Error: Not Found for url: https://opcenter-test.goodyear.com/OpcenterRDnLGIL/odata/RndvRqIi(9050,90,1000000,541,11000000)/Update - {"IIVALUE": "25.0", "IIVALUEF": 0}
2024-07-18 07:20:38,933 - ERROR - Error at 9 on Try 4: 404 Client Error: Not Found for url: https://opcenter-test.goodyear.com/OpcenterRDnLGIL/odata/RndvRqIi(9050,90,1000000,541,11000000)/Update - {"IIVALUE": "25.0", "IIVALUEF": 0}
2024-07-18 07:20:39,610 - ERROR - Error at 9 on Try 5: 404 Client Error: Not Found for url: https://opcenter-test.goodyear.com/OpcenterRDnLGIL/odata/RndvRqIi(9050,90,1000000,541,11000000)/Update - {"IIVALUE": "25.0", "IIVALUEF": 0}
2024-07-18 07:20:39,815 - ERROR - Error at 9 on Try 1: 404 Client Error: Not Found for url: https://opcenter-test.goodyear.com/OpcenterRDnLGIL/odata/RndvRqIi(9050,90,1000000,640,12000000)/Update - {"IIVALUE": "Method/Project: QA 0032-02 / QA0032-03", "IIVALUEF": 0}
2024-07-18 07:20:40,511 - ERROR - Error at 9 on Try 2: 404 Client Error: Not Found for url: https://opcenter-test.goodyear.com/OpcenterRDnLGIL/odata/RndvRqIi(9050,90,1000000,640,12000000)/Update - {"IIVALUE": "Method/Project: QA 0032-02 / QA0032-03", "IIVALUEF": 0}
2024-07-18 07:20:41,195 - ERROR - Error at 9 on Try 3: 404 Client Error: Not Found for url: https://opcenter-test.goodyear.com/OpcenterRDnLGIL/odata/RndvRqIi(9050,90,1000000,640,12000000)/Update - {"IIVALUE": "Method/Project: QA 0032-02 / QA0032-03", "IIVALUEF": 0}
2024-07-18 07:20:41,901 - ERROR - Error at 9 on Try 4: 404 Client Error: Not Found for url: https://opcenter-test.goodyear.com/OpcenterRDnLGIL/odata/RndvRqIi(9050,90,1000000,640,12000000)/Update - {"IIVALUE": "Method/Project: QA 0032-02 / QA0032-03", "IIVALUEF": 0}
2024-07-18 07:20:42,601 - ERROR - Error at 9 on Try 5: 404 Client Error: Not Found for url: https://opcenter-test.goodyear.com/OpcenterRDnLGIL/odata/RndvRqIi(9050,90,1000000,640,12000000)/Update - {"IIVALUE": "Method/Project: QA 0032-02 / QA0032-03", "IIVALUEF": 0}
2024-07-18 07:20:42,792 - ERROR - Error at 9 on Try 1: 404 Client Error: Not Found for url: https://opcenter-test.goodyear.com/OpcenterRDnLGIL/odata/RndvRqIi(9050,90,1000000,647,13000000)/Update - {"IIVALUE": "Adv. Chemistry", "IIVALUEF": 0}
2024-07-18 07:20:43,473 - ERROR - Error at 9 on Try 2: 404 Client Error: Not Found for url: https://opcenter-test.goodyear.com/OpcenterRDnLGIL/odata/RndvRqIi(9050,90,1000000,647,13000000)/Update - {"IIVALUE": "Adv. Chemistry", "IIVALUEF": 0}
2024-07-18 07:20:44,160 - ERROR - Error at 9 on Try 3: 404 Client Error: Not Found for url: https://opcenter-test.goodyear.com/OpcenterRDnLGIL/odata/RndvRqIi(9050,90,1000000,647,13000000)/Update - {"IIVALUE": "Adv. Chemistry", "IIVALUEF": 0}
2024-07-18 07:20:44,849 - ERROR - Error at 9 on Try 4: 404 Client Error: Not Found for url: https://opcenter-test.goodyear.com/OpcenterRDnLGIL/odata/RndvRqIi(9050,90,1000000,647,13000000)/Update - {"IIVALUE": "Adv. Chemistry", "IIVALUEF": 0}
2024-07-18 07:20:45,530 - ERROR - Error at 9 on Try 5: 404 Client Error: Not Found for url: https://opcenter-test.goodyear.com/OpcenterRDnLGIL/odata/RndvRqIi(9050,90,1000000,647,13000000)/Update - {"IIVALUE": "Adv. Chemistry", "IIVALUEF": 0}
2024-07-18 07:20:45,722 - ERROR - Error at 9 on Try 1: 404 Client Error: Not Found for url: https://opcenter-test.goodyear.com/OpcenterRDnLGIL/odata/RndvRqIi(9050,90,1000000,648,2000000)/Update - {"IIVALUE": "0", "IIVALUEF": 0}
2024-07-18 07:20:46,410 - ERROR - Error at 9 on Try 2: 404 Client Error: Not Found for url: https://opcenter-test.goodyear.com/OpcenterRDnLGIL/odata/RndvRqIi(9050,90,1000000,648,2000000)/Update - {"IIVALUE": "0", "IIVALUEF": 0}
2024-07-18 07:20:47,098 - ERROR - Error at 9 on Try 3: 404 Client Error: Not Found for url: https://opcenter-test.goodyear.com/OpcenterRDnLGIL/odata/RndvRqIi(9050,90,1000000,648,2000000)/Update - {"IIVALUE": "0", "IIVALUEF": 0}
2024-07-18 07:20:47,779 - ERROR - Error at 9 on Try 4: 404 Client Error: Not Found for url: https://opcenter-test.goodyear.com/OpcenterRDnLGIL/odata/RndvRqIi(9050,90,1000000,648,2000000)/Update - {"IIVALUE": "0", "IIVALUEF": 0}
2024-07-18 07:20:48,458 - ERROR - Error at 9 on Try 5: 404 Client Error: Not Found for url: https://opcenter-test.goodyear.com/OpcenterRDnLGIL/odata/RndvRqIi(9050,90,1000000,648,2000000)/Update - {"IIVALUE": "0", "IIVALUEF": 0}
2024-07-18 07:20:48,666 - ERROR - Error at 9 on Try 1: 404 Client Error: Not Found for url: https://opcenter-test.goodyear.com/OpcenterRDnLGIL/odata/RndvRqIi(9050,90,1000000,649,14000000)/Update - {"IIVALUE": "Eriochromschwarz T ", "IIVALUEF": 0}
2024-07-18 07:20:49,349 - ERROR - Error at 9 on Try 2: 404 Client Error: Not Found for url: https://opcenter-test.goodyear.com/OpcenterRDnLGIL/odata/RndvRqIi(9050,90,1000000,649,14000000)/Update - {"IIVALUE": "Eriochromschwarz T ", "IIVALUEF": 0}
2024-07-18 07:20:50,030 - ERROR - Error at 9 on Try 3: 404 Client Error: Not Found for url: https://opcenter-test.goodyear.com/OpcenterRDnLGIL/odata/RndvRqIi(9050,90,1000000,649,14000000)/Update - {"IIVALUE": "Eriochromschwarz T ", "IIVALUEF": 0}
2024-07-18 07:20:50,713 - ERROR - Error at 9 on Try 4: 404 Client Error: Not Found for url: https://opcenter-test.goodyear.com/OpcenterRDnLGIL/odata/RndvRqIi(9050,90,1000000,649,14000000)/Update - {"IIVALUE": "Eriochromschwarz T ", "IIVALUEF": 0}
2024-07-18 07:20:51,393 - ERROR - Error at 9 on Try 5: 404 Client Error: Not Found for url: https://opcenter-test.goodyear.com/OpcenterRDnLGIL/odata/RndvRqIi(9050,90,1000000,649,14000000)/Update - {"IIVALUE": "Eriochromschwarz T ", "IIVALUEF": 0}
2024-07-18 07:20:51,582 - ERROR - Error at 9 on Try 1: 404 Client Error: Not Found for url: https://opcenter-test.goodyear.com/OpcenterRDnLGIL/odata/RndvRqIi(9050,90,1000000,650,15000000)/Update - {"IIVALUE": "Merck", "IIVALUEF": 0}
2024-07-18 07:20:52,268 - ERROR - Error at 9 on Try 2: 404 Client Error: Not Found for url: https://opcenter-test.goodyear.com/OpcenterRDnLGIL/odata/RndvRqIi(9050,90,1000000,650,15000000)/Update - {"IIVALUE": "Merck", "IIVALUEF": 0}
2024-07-18 07:20:52,950 - ERROR - Error at 9 on Try 3: 404 Client Error: Not Found for url: https://opcenter-test.goodyear.com/OpcenterRDnLGIL/odata/RndvRqIi(9050,90,1000000,650,15000000)/Update - {"IIVALUE": "Merck", "IIVALUEF": 0}
2024-07-18 07:20:53,636 - ERROR - Error at 9 on Try 4: 404 Client Error: Not Found for url: https://opcenter-test.goodyear.com/OpcenterRDnLGIL/odata/RndvRqIi(9050,90,1000000,650,15000000)/Update - {"IIVALUE": "Merck", "IIVALUEF": 0}
2024-07-18 07:20:54,323 - ERROR - Error at 9 on Try 5: 404 Client Error: Not Found for url: https://opcenter-test.goodyear.com/OpcenterRDnLGIL/odata/RndvRqIi(9050,90,1000000,650,15000000)/Update - {"IIVALUE": "Merck", "IIVALUEF": 0}
2024-07-18 07:20:54,517 - ERROR - Error at 9 on Try 1: 404 Client Error: Not Found for url: https://opcenter-test.goodyear.com/OpcenterRDnLGIL/odata/RndvRqIi(9050,90,1000000,653,17000000)/Update - {"IIVALUE": "0", "IIVALUEF": 0}
2024-07-18 07:20:55,203 - ERROR - Error at 9 on Try 2: 404 Client Error: Not Found for url: https://opcenter-test.goodyear.com/OpcenterRDnLGIL/odata/RndvRqIi(9050,90,1000000,653,17000000)/Update - {"IIVALUE": "0", "IIVALUEF": 0}
2024-07-18 07:20:55,936 - ERROR - Error at 9 on Try 3: 404 Client Error: Not Found for url: https://opcenter-test.goodyear.com/OpcenterRDnLGIL/odata/RndvRqIi(9050,90,1000000,653,17000000)/Update - {"IIVALUE": "0", "IIVALUEF": 0}
2024-07-18 07:20:56,607 - ERROR - Error at 9 on Try 4: 404 Client Error: Not Found for url: https://opcenter-test.goodyear.com/OpcenterRDnLGIL/odata/RndvRqIi(9050,90,1000000,653,17000000)/Update - {"IIVALUE": "0", "IIVALUEF": 0}
2024-07-18 07:20:57,291 - ERROR - Error at 9 on Try 5: 404 Client Error: Not Found for url: https://opcenter-test.goodyear.com/OpcenterRDnLGIL/odata/RndvRqIi(9050,90,1000000,653,17000000)/Update - {"IIVALUE": "0", "IIVALUEF": 0}
2024-07-18 07:20:57,497 - ERROR - Error at 9 on Try 1: 404 Client Error: Not Found for url: https://opcenter-test.goodyear.com/OpcenterRDnLGIL/odata/RndvRqIi(9050,90,1000000,654,16000000)/Update - {"IIVALUE": "g", "IIVALUEF": 0}
2024-07-18 07:20:58,404 - ERROR - Error at 9 on Try 2: 404 Client Error: Not Found for url: https://opcenter-test.goodyear.com/OpcenterRDnLGIL/odata/RndvRqIi(9050,90,1000000,654,16000000)/Update - {"IIVALUE": "g", "IIVALUEF": 0}
2024-07-18 07:20:59,083 - ERROR - Error at 9 on Try 3: 404 Client Error: Not Found for url: https://opcenter-test.goodyear.com/OpcenterRDnLGIL/odata/RndvRqIi(9050,90,1000000,654,16000000)/Update - {"IIVALUE": "g", "IIVALUEF": 0}
2024-07-18 07:20:59,775 - ERROR - Error at 9 on Try 4: 404 Client Error: Not Found for url: https://opcenter-test.goodyear.com/OpcenterRDnLGIL/odata/RndvRqIi(9050,90,1000000,654,16000000)/Update - {"IIVALUE": "g", "IIVALUEF": 0}
2024-07-18 07:21:00,637 - ERROR - Error at 9 on Try 5: 404 Client Error: Not Found for url: https://opcenter-test.goodyear.com/OpcenterRDnLGIL/odata/RndvRqIi(9050,90,1000000,654,16000000)/Update - {"IIVALUE": "g", "IIVALUEF": 0}
2024-07-18 07:21:00,818 - ERROR - Error at 9 on Try 1: 404 Client Error: Not Found for url: https://opcenter-test.goodyear.com/OpcenterRDnLGIL/odata/RndvRqIi(9050,90,1000000,656,18000000)/Update - {"IIVALUE": "0", "IIVALUEF": 0}
2024-07-18 07:21:01,504 - ERROR - Error at 9 on Try 2: 404 Client Error: Not Found for url: https://opcenter-test.goodyear.com/OpcenterRDnLGIL/odata/RndvRqIi(9050,90,1000000,656,18000000)/Update - {"IIVALUE": "0", "IIVALUEF": 0}
2024-07-18 07:21:02,182 - ERROR - Error at 9 on Try 3: 404 Client Error: Not Found for url: https://opcenter-test.goodyear.com/OpcenterRDnLGIL/odata/RndvRqIi(9050,90,1000000,656,18000000)/Update - {"IIVALUE": "0", "IIVALUEF": 0}
2024-07-18 07:21:03,098 - ERROR - Error at 9 on Try 4: 404 Client Error: Not Found for url: https://opcenter-test.goodyear.com/OpcenterRDnLGIL/odata/RndvRqIi(9050,90,1000000,656,18000000)/Update - {"IIVALUE": "0", "IIVALUEF": 0}
2024-07-18 07:21:03,783 - ERROR - Error at 9 on Try 5: 404 Client Error: Not Found for url: https://opcenter-test.goodyear.com/OpcenterRDnLGIL/odata/RndvRqIi(9050,90,1000000,656,18000000)/Update - {"IIVALUE": "0", "IIVALUEF": 0}
2024-07-18 07:21:03,983 - ERROR - Error at 9 on Try 1: 404 Client Error: Not Found for url: https://opcenter-test.goodyear.com/OpcenterRDnLGIL/odata/RndvRqIi(9050,90,1000000,531,19000000)/Update - {"IIVALUE": "931 K12714870", "IIVALUEF": 0}
2024-07-18 07:21:04,676 - ERROR - Error at 9 on Try 2: 404 Client Error: Not Found for url: https://opcenter-test.goodyear.com/OpcenterRDnLGIL/odata/RndvRqIi(9050,90,1000000,531,19000000)/Update - {"IIVALUE": "931 K12714870", "IIVALUEF": 0}
2024-07-18 07:21:05,455 - ERROR - Error at 9 on Try 3: 404 Client Error: Not Found for url: https://opcenter-test.goodyear.com/OpcenterRDnLGIL/odata/RndvRqIi(9050,90,1000000,531,19000000)/Update - {"IIVALUE": "931 K12714870", "IIVALUEF": 0}
2024-07-18 07:21:06,148 - ERROR - Error at 9 on Try 4: 404 Client Error: Not Found for url: https://opcenter-test.goodyear.com/OpcenterRDnLGIL/odata/RndvRqIi(9050,90,1000000,531,19000000)/Update - {"IIVALUE": "931 K12714870", "IIVALUEF": 0}
2024-07-18 07:21:06,831 - ERROR - Error at 9 on Try 5: 404 Client Error: Not Found for url: https://opcenter-test.goodyear.com/OpcenterRDnLGIL/odata/RndvRqIi(9050,90,1000000,531,19000000)/Update - {"IIVALUE": "931 K12714870", "IIVALUEF": 0}
2024-07-18 07:21:07,177 - INFO - Success on 10: 200 - {"IIVALUE": "3170", "IIVALUEF": 0}
2024-07-18 07:21:17,633 - INFO - Success on 11: 200 - {"SHORT_DESC": "Chemical & Consumables Container", "RQ_VALUE": null, "DESCRIPTION": "Chemical & Consumables Container"}
2024-07-18 07:21:18,815 - INFO - Success on 11: 200 - {"StatusTo": 5}
2024-07-18 07:21:19,012 - ERROR - Error at 10 on Try 1: 404 Client Error: Not Found for url: https://opcenter-test.goodyear.com/OpcenterRDnLGIL/odata/RndvRqIi(9051,90,1000000,9,5000000)/Update - {"IIVALUE": "AS*L", "IIVALUEF": 0}
2024-07-18 07:21:19,694 - ERROR - Error at 10 on Try 2: 404 Client Error: Not Found for url: https://opcenter-test.goodyear.com/OpcenterRDnLGIL/odata/RndvRqIi(9051,90,1000000,9,5000000)/Update - {"IIVALUE": "AS*L", "IIVALUEF": 0}
2024-07-18 07:21:20,397 - ERROR - Error at 10 on Try 3: 404 Client Error: Not Found for url: https://opcenter-test.goodyear.com/OpcenterRDnLGIL/odata/RndvRqIi(9051,90,1000000,9,5000000)/Update - {"IIVALUE": "AS*L", "IIVALUEF": 0}
2024-07-18 07:21:21,108 - ERROR - Error at 10 on Try 4: 404 Client Error: Not Found for url: https://opcenter-test.goodyear.com/OpcenterRDnLGIL/odata/RndvRqIi(9051,90,1000000,9,5000000)/Update - {"IIVALUE": "AS*L", "IIVALUEF": 0}
2024-07-18 07:21:21,790 - ERROR - Error at 10 on Try 5: 404 Client Error: Not Found for url: https://opcenter-test.goodyear.com/OpcenterRDnLGIL/odata/RndvRqIi(9051,90,1000000,9,5000000)/Update - {"IIVALUE": "AS*L", "IIVALUEF": 0}
2024-07-18 07:21:21,973 - ERROR - Error at 10 on Try 1: 404 Client Error: Not Found for url: https://opcenter-test.goodyear.com/OpcenterRDnLGIL/odata/RndvRqIi(9051,90,1000000,530,1000000)/Update - {"IIVALUE": "0", "IIVALUEF": 0}
2024-07-18 07:21:22,656 - ERROR - Error at 10 on Try 2: 404 Client Error: Not Found for url: https://opcenter-test.goodyear.com/OpcenterRDnLGIL/odata/RndvRqIi(9051,90,1000000,530,1000000)/Update - {"IIVALUE": "0", "IIVALUEF": 0}
2024-07-18 07:21:23,344 - ERROR - Error at 10 on Try 3: 404 Client Error: Not Found for url: https://opcenter-test.goodyear.com/OpcenterRDnLGIL/odata/RndvRqIi(9051,90,1000000,530,1000000)/Update - {"IIVALUE": "0", "IIVALUEF": 0}
2024-07-18 07:21:24,024 - ERROR - Error at 10 on Try 4: 404 Client Error: Not Found for url: https://opcenter-test.goodyear.com/OpcenterRDnLGIL/odata/RndvRqIi(9051,90,1000000,530,1000000)/Update - {"IIVALUE": "0", "IIVALUEF": 0}
2024-07-18 07:21:24,705 - ERROR - Error at 10 on Try 5: 404 Client Error: Not Found for url: https://opcenter-test.goodyear.com/OpcenterRDnLGIL/odata/RndvRqIi(9051,90,1000000,530,1000000)/Update - {"IIVALUE": "0", "IIVALUEF": 0}
2024-07-18 07:21:24,896 - ERROR - Error at 10 on Try 1: 404 Client Error: Not Found for url: https://opcenter-test.goodyear.com/OpcenterRDnLGIL/odata/RndvRqIi(9051,90,1000000,534,4000000)/Update - {"IIVALUE": "09/15/2023 12:00:00 AM +00:00", "IIVALUEF": 0}
2024-07-18 07:21:25,597 - ERROR - Error at 10 on Try 2: 404 Client Error: Not Found for url: https://opcenter-test.goodyear.com/OpcenterRDnLGIL/odata/RndvRqIi(9051,90,1000000,534,4000000)/Update - {"IIVALUE": "09/15/2023 12:00:00 AM +00:00", "IIVALUEF": 0}
2024-07-18 07:21:26,291 - ERROR - Error at 10 on Try 3: 404 Client Error: Not Found for url: https://opcenter-test.goodyear.com/OpcenterRDnLGIL/odata/RndvRqIi(9051,90,1000000,534,4000000)/Update - {"IIVALUE": "09/15/2023 12:00:00 AM +00:00", "IIVALUEF": 0}
2024-07-18 07:21:26,980 - ERROR - Error at 10 on Try 4: 404 Client Error: Not Found for url: https://opcenter-test.goodyear.com/OpcenterRDnLGIL/odata/RndvRqIi(9051,90,1000000,534,4000000)/Update - {"IIVALUE": "09/15/2023 12:00:00 AM +00:00", "IIVALUEF": 0}
2024-07-18 07:21:27,662 - ERROR - Error at 10 on Try 5: 404 Client Error: Not Found for url: https://opcenter-test.goodyear.com/OpcenterRDnLGIL/odata/RndvRqIi(9051,90,1000000,534,4000000)/Update - {"IIVALUE": "09/15/2023 12:00:00 AM +00:00", "IIVALUEF": 0}
2024-07-18 07:21:27,844 - ERROR - Error at 10 on Try 1: 404 Client Error: Not Found for url: https://opcenter-test.goodyear.com/OpcenterRDnLGIL/odata/RndvRqIi(9051,90,1000000,535,3000000)/Update - {"IIVALUE": "09/14/2026 12:00:00 AM +00:00", "IIVALUEF": 0}
2024-07-18 07:21:28,530 - ERROR - Error at 10 on Try 2: 404 Client Error: Not Found for url: https://opcenter-test.goodyear.com/OpcenterRDnLGIL/odata/RndvRqIi(9051,90,1000000,535,3000000)/Update - {"IIVALUE": "09/14/2026 12:00:00 AM +00:00", "IIVALUEF": 0}
2024-07-18 07:21:29,209 - ERROR - Error at 10 on Try 3: 404 Client Error: Not Found for url: https://opcenter-test.goodyear.com/OpcenterRDnLGIL/odata/RndvRqIi(9051,90,1000000,535,3000000)/Update - {"IIVALUE": "09/14/2026 12:00:00 AM +00:00", "IIVALUEF": 0}
2024-07-18 07:21:29,921 - ERROR - Error at 10 on Try 4: 404 Client Error: Not Found for url: https://opcenter-test.goodyear.com/OpcenterRDnLGIL/odata/RndvRqIi(9051,90,1000000,535,3000000)/Update - {"IIVALUE": "09/14/2026 12:00:00 AM +00:00", "IIVALUEF": 0}
2024-07-18 07:21:30,599 - ERROR - Error at 10 on Try 5: 404 Client Error: Not Found for url: https://opcenter-test.goodyear.com/OpcenterRDnLGIL/odata/RndvRqIi(9051,90,1000000,535,3000000)/Update - {"IIVALUE": "09/14/2026 12:00:00 AM +00:00", "IIVALUEF": 0}
2024-07-18 07:21:30,800 - ERROR - Error at 10 on Try 1: 404 Client Error: Not Found for url: https://opcenter-test.goodyear.com/OpcenterRDnLGIL/odata/RndvRqIi(9051,90,1000000,536,6000000)/Update - {"IIVALUE": "GIC*L", "IIVALUEF": 0}
2024-07-18 07:21:31,512 - ERROR - Error at 10 on Try 2: 404 Client Error: Not Found for url: https://opcenter-test.goodyear.com/OpcenterRDnLGIL/odata/RndvRqIi(9051,90,1000000,536,6000000)/Update - {"IIVALUE": "GIC*L", "IIVALUEF": 0}
2024-07-18 07:21:32,204 - ERROR - Error at 10 on Try 3: 404 Client Error: Not Found for url: https://opcenter-test.goodyear.com/OpcenterRDnLGIL/odata/RndvRqIi(9051,90,1000000,536,6000000)/Update - {"IIVALUE": "GIC*L", "IIVALUEF": 0}
2024-07-18 07:21:32,889 - ERROR - Error at 10 on Try 4: 404 Client Error: Not Found for url: https://opcenter-test.goodyear.com/OpcenterRDnLGIL/odata/RndvRqIi(9051,90,1000000,536,6000000)/Update - {"IIVALUE": "GIC*L", "IIVALUEF": 0}
2024-07-18 07:21:33,571 - ERROR - Error at 10 on Try 5: 404 Client Error: Not Found for url: https://opcenter-test.goodyear.com/OpcenterRDnLGIL/odata/RndvRqIi(9051,90,1000000,536,6000000)/Update - {"IIVALUE": "GIC*L", "IIVALUEF": 0}
2024-07-18 07:21:33,764 - ERROR - Error at 10 on Try 1: 404 Client Error: Not Found for url: https://opcenter-test.goodyear.com/OpcenterRDnLGIL/odata/RndvRqIi(9051,90,1000000,537,7000000)/Update - {"IIVALUE": "Ventilated Cabinet 4", "IIVALUEF": 0}
2024-07-18 07:21:34,453 - ERROR - Error at 10 on Try 2: 404 Client Error: Not Found for url: https://opcenter-test.goodyear.com/OpcenterRDnLGIL/odata/RndvRqIi(9051,90,1000000,537,7000000)/Update - {"IIVALUE": "Ventilated Cabinet 4", "IIVALUEF": 0}
2024-07-18 07:21:35,130 - ERROR - Error at 10 on Try 3: 404 Client Error: Not Found for url: https://opcenter-test.goodyear.com/OpcenterRDnLGIL/odata/RndvRqIi(9051,90,1000000,537,7000000)/Update - {"IIVALUE": "Ventilated Cabinet 4", "IIVALUEF": 0}
2024-07-18 07:21:35,821 - ERROR - Error at 10 on Try 4: 404 Client Error: Not Found for url: https://opcenter-test.goodyear.com/OpcenterRDnLGIL/odata/RndvRqIi(9051,90,1000000,537,7000000)/Update - {"IIVALUE": "Ventilated Cabinet 4", "IIVALUEF": 0}
2024-07-18 07:21:36,506 - ERROR - Error at 10 on Try 5: 404 Client Error: Not Found for url: https://opcenter-test.goodyear.com/OpcenterRDnLGIL/odata/RndvRqIi(9051,90,1000000,537,7000000)/Update - {"IIVALUE": "Ventilated Cabinet 4", "IIVALUEF": 0}
2024-07-18 07:21:36,682 - ERROR - Error at 10 on Try 1: 404 Client Error: Not Found for url: https://opcenter-test.goodyear.com/OpcenterRDnLGIL/odata/RndvRqIi(9051,90,1000000,538,8000000)/Update - {"IIVALUE": "0", "IIVALUEF": 0}
2024-07-18 07:21:37,358 - ERROR - Error at 10 on Try 2: 404 Client Error: Not Found for url: https://opcenter-test.goodyear.com/OpcenterRDnLGIL/odata/RndvRqIi(9051,90,1000000,538,8000000)/Update - {"IIVALUE": "0", "IIVALUEF": 0}
2024-07-18 07:21:38,038 - ERROR - Error at 10 on Try 3: 404 Client Error: Not Found for url: https://opcenter-test.goodyear.com/OpcenterRDnLGIL/odata/RndvRqIi(9051,90,1000000,538,8000000)/Update - {"IIVALUE": "0", "IIVALUEF": 0}
2024-07-18 07:21:38,716 - ERROR - Error at 10 on Try 4: 404 Client Error: Not Found for url: https://opcenter-test.goodyear.com/OpcenterRDnLGIL/odata/RndvRqIi(9051,90,1000000,538,8000000)/Update - {"IIVALUE": "0", "IIVALUEF": 0}
2024-07-18 07:21:39,403 - ERROR - Error at 10 on Try 5: 404 Client Error: Not Found for url: https://opcenter-test.goodyear.com/OpcenterRDnLGIL/odata/RndvRqIi(9051,90,1000000,538,8000000)/Update - {"IIVALUE": "0", "IIVALUEF": 0}
2024-07-18 07:21:39,583 - ERROR - Error at 10 on Try 1: 404 Client Error: Not Found for url: https://opcenter-test.goodyear.com/OpcenterRDnLGIL/odata/RndvRqIi(9051,90,1000000,539,9000000)/Update - {"IIVALUE": "0", "IIVALUEF": 0}
2024-07-18 07:21:40,270 - ERROR - Error at 10 on Try 2: 404 Client Error: Not Found for url: https://opcenter-test.goodyear.com/OpcenterRDnLGIL/odata/RndvRqIi(9051,90,1000000,539,9000000)/Update - {"IIVALUE": "0", "IIVALUEF": 0}
2024-07-18 07:21:40,955 - ERROR - Error at 10 on Try 3: 404 Client Error: Not Found for url: https://opcenter-test.goodyear.com/OpcenterRDnLGIL/odata/RndvRqIi(9051,90,1000000,539,9000000)/Update - {"IIVALUE": "0", "IIVALUEF": 0}
2024-07-18 07:21:41,635 - ERROR - Error at 10 on Try 4: 404 Client Error: Not Found for url: https://opcenter-test.goodyear.com/OpcenterRDnLGIL/odata/RndvRqIi(9051,90,1000000,539,9000000)/Update - {"IIVALUE": "0", "IIVALUEF": 0}
2024-07-18 07:21:42,323 - ERROR - Error at 10 on Try 5: 404 Client Error: Not Found for url: https://opcenter-test.goodyear.com/OpcenterRDnLGIL/odata/RndvRqIi(9051,90,1000000,539,9000000)/Update - {"IIVALUE": "0", "IIVALUEF": 0}
2024-07-18 07:21:42,521 - ERROR - Error at 10 on Try 1: 404 Client Error: Not Found for url: https://opcenter-test.goodyear.com/OpcenterRDnLGIL/odata/RndvRqIi(9051,90,1000000,540,10000000)/Update - {"IIVALUE": "607-144-00-9", "IIVALUEF": 0}
2024-07-18 07:21:43,197 - ERROR - Error at 10 on Try 2: 404 Client Error: Not Found for url: https://opcenter-test.goodyear.com/OpcenterRDnLGIL/odata/RndvRqIi(9051,90,1000000,540,10000000)/Update - {"IIVALUE": "607-144-00-9", "IIVALUEF": 0}
2024-07-18 07:21:43,906 - ERROR - Error at 10 on Try 3: 404 Client Error: Not Found for url: https://opcenter-test.goodyear.com/OpcenterRDnLGIL/odata/RndvRqIi(9051,90,1000000,540,10000000)/Update - {"IIVALUE": "607-144-00-9", "IIVALUEF": 0}
2024-07-18 07:21:44,585 - ERROR - Error at 10 on Try 4: 404 Client Error: Not Found for url: https://opcenter-test.goodyear.com/OpcenterRDnLGIL/odata/RndvRqIi(9051,90,1000000,540,10000000)/Update - {"IIVALUE": "607-144-00-9", "IIVALUEF": 0}
2024-07-18 07:21:45,304 - ERROR - Error at 10 on Try 5: 404 Client Error: Not Found for url: https://opcenter-test.goodyear.com/OpcenterRDnLGIL/odata/RndvRqIi(9051,90,1000000,540,10000000)/Update - {"IIVALUE": "607-144-00-9", "IIVALUEF": 0}
2024-07-18 07:21:45,529 - ERROR - Error at 10 on Try 1: 404 Client Error: Not Found for url: https://opcenter-test.goodyear.com/OpcenterRDnLGIL/odata/RndvRqIi(9051,90,1000000,541,11000000)/Update - {"IIVALUE": "100.0", "IIVALUEF": 0}
2024-07-18 07:21:46,240 - ERROR - Error at 10 on Try 2: 404 Client Error: Not Found for url: https://opcenter-test.goodyear.com/OpcenterRDnLGIL/odata/RndvRqIi(9051,90,1000000,541,11000000)/Update - {"IIVALUE": "100.0", "IIVALUEF": 0}
2024-07-18 07:21:46,922 - ERROR - Error at 10 on Try 3: 404 Client Error: Not Found for url: https://opcenter-test.goodyear.com/OpcenterRDnLGIL/odata/RndvRqIi(9051,90,1000000,541,11000000)/Update - {"IIVALUE": "100.0", "IIVALUEF": 0}
2024-07-18 07:21:47,602 - ERROR - Error at 10 on Try 4: 404 Client Error: Not Found for url: https://opcenter-test.goodyear.com/OpcenterRDnLGIL/odata/RndvRqIi(9051,90,1000000,541,11000000)/Update - {"IIVALUE": "100.0", "IIVALUEF": 0}
2024-07-18 07:21:48,305 - ERROR - Error at 10 on Try 5: 404 Client Error: Not Found for url: https://opcenter-test.goodyear.com/OpcenterRDnLGIL/odata/RndvRqIi(9051,90,1000000,541,11000000)/Update - {"IIVALUE": "100.0", "IIVALUEF": 0}
2024-07-18 07:21:48,512 - ERROR - Error at 10 on Try 1: 404 Client Error: Not Found for url: https://opcenter-test.goodyear.com/OpcenterRDnLGIL/odata/RndvRqIi(9051,90,1000000,640,12000000)/Update - {"IIVALUE": "0", "IIVALUEF": 0}
2024-07-18 07:21:49,187 - ERROR - Error at 10 on Try 2: 404 Client Error: Not Found for url: https://opcenter-test.goodyear.com/OpcenterRDnLGIL/odata/RndvRqIi(9051,90,1000000,640,12000000)/Update - {"IIVALUE": "0", "IIVALUEF": 0}
2024-07-18 07:21:49,888 - ERROR - Error at 10 on Try 3: 404 Client Error: Not Found for url: https://opcenter-test.goodyear.com/OpcenterRDnLGIL/odata/RndvRqIi(9051,90,1000000,640,12000000)/Update - {"IIVALUE": "0", "IIVALUEF": 0}
2024-07-18 07:21:50,569 - ERROR - Error at 10 on Try 4: 404 Client Error: Not Found for url: https://opcenter-test.goodyear.com/OpcenterRDnLGIL/odata/RndvRqIi(9051,90,1000000,640,12000000)/Update - {"IIVALUE": "0", "IIVALUEF": 0}
2024-07-18 07:21:51,281 - ERROR - Error at 10 on Try 5: 404 Client Error: Not Found for url: https://opcenter-test.goodyear.com/OpcenterRDnLGIL/odata/RndvRqIi(9051,90,1000000,640,12000000)/Update - {"IIVALUE": "0", "IIVALUEF": 0}
2024-07-18 07:21:51,464 - ERROR - Error at 10 on Try 1: 404 Client Error: Not Found for url: https://opcenter-test.goodyear.com/OpcenterRDnLGIL/odata/RndvRqIi(9051,90,1000000,647,13000000)/Update - {"IIVALUE": "Adv. Chemistry", "IIVALUEF": 0}
2024-07-18 07:21:52,194 - ERROR - Error at 10 on Try 2: 404 Client Error: Not Found for url: https://opcenter-test.goodyear.com/OpcenterRDnLGIL/odata/RndvRqIi(9051,90,1000000,647,13000000)/Update - {"IIVALUE": "Adv. Chemistry", "IIVALUEF": 0}
2024-07-18 07:21:52,878 - ERROR - Error at 10 on Try 3: 404 Client Error: Not Found for url: https://opcenter-test.goodyear.com/OpcenterRDnLGIL/odata/RndvRqIi(9051,90,1000000,647,13000000)/Update - {"IIVALUE": "Adv. Chemistry", "IIVALUEF": 0}
2024-07-18 07:21:53,554 - ERROR - Error at 10 on Try 4: 404 Client Error: Not Found for url: https://opcenter-test.goodyear.com/OpcenterRDnLGIL/odata/RndvRqIi(9051,90,1000000,647,13000000)/Update - {"IIVALUE": "Adv. Chemistry", "IIVALUEF": 0}
2024-07-18 07:21:54,235 - ERROR - Error at 10 on Try 5: 404 Client Error: Not Found for url: https://opcenter-test.goodyear.com/OpcenterRDnLGIL/odata/RndvRqIi(9051,90,1000000,647,13000000)/Update - {"IIVALUE": "Adv. Chemistry", "IIVALUEF": 0}
2024-07-18 07:21:54,417 - ERROR - Error at 10 on Try 1: 404 Client Error: Not Found for url: https://opcenter-test.goodyear.com/OpcenterRDnLGIL/odata/RndvRqIi(9051,90,1000000,648,2000000)/Update - {"IIVALUE": "0", "IIVALUEF": 0}
2024-07-18 07:21:55,101 - ERROR - Error at 10 on Try 2: 404 Client Error: Not Found for url: https://opcenter-test.goodyear.com/OpcenterRDnLGIL/odata/RndvRqIi(9051,90,1000000,648,2000000)/Update - {"IIVALUE": "0", "IIVALUEF": 0}
2024-07-18 07:21:55,785 - ERROR - Error at 10 on Try 3: 404 Client Error: Not Found for url: https://opcenter-test.goodyear.com/OpcenterRDnLGIL/odata/RndvRqIi(9051,90,1000000,648,2000000)/Update - {"IIVALUE": "0", "IIVALUEF": 0}
2024-07-18 07:21:56,466 - ERROR - Error at 10 on Try 4: 404 Client Error: Not Found for url: https://opcenter-test.goodyear.com/OpcenterRDnLGIL/odata/RndvRqIi(9051,90,1000000,648,2000000)/Update - {"IIVALUE": "0", "IIVALUEF": 0}
2024-07-18 07:21:57,145 - ERROR - Error at 10 on Try 5: 404 Client Error: Not Found for url: https://opcenter-test.goodyear.com/OpcenterRDnLGIL/odata/RndvRqIi(9051,90,1000000,648,2000000)/Update - {"IIVALUE": "0", "IIVALUEF": 0}
2024-07-18 07:21:57,342 - ERROR - Error at 10 on Try 1: 404 Client Error: Not Found for url: https://opcenter-test.goodyear.com/OpcenterRDnLGIL/odata/RndvRqIi(9051,90,1000000,649,14000000)/Update - {"IIVALUE": "Adipic acid for synthesis ", "IIVALUEF": 0}
2024-07-18 07:21:58,030 - ERROR - Error at 10 on Try 2: 404 Client Error: Not Found for url: https://opcenter-test.goodyear.com/OpcenterRDnLGIL/odata/RndvRqIi(9051,90,1000000,649,14000000)/Update - {"IIVALUE": "Adipic acid for synthesis ", "IIVALUEF": 0}
2024-07-18 07:21:58,719 - ERROR - Error at 10 on Try 3: 404 Client Error: Not Found for url: https://opcenter-test.goodyear.com/OpcenterRDnLGIL/odata/RndvRqIi(9051,90,1000000,649,14000000)/Update - {"IIVALUE": "Adipic acid for synthesis ", "IIVALUEF": 0}
2024-07-18 07:21:59,400 - ERROR - Error at 10 on Try 4: 404 Client Error: Not Found for url: https://opcenter-test.goodyear.com/OpcenterRDnLGIL/odata/RndvRqIi(9051,90,1000000,649,14000000)/Update - {"IIVALUE": "Adipic acid for synthesis ", "IIVALUEF": 0}
2024-07-18 07:22:00,081 - ERROR - Error at 10 on Try 5: 404 Client Error: Not Found for url: https://opcenter-test.goodyear.com/OpcenterRDnLGIL/odata/RndvRqIi(9051,90,1000000,649,14000000)/Update - {"IIVALUE": "Adipic acid for synthesis ", "IIVALUEF": 0}
2024-07-18 07:22:00,256 - ERROR - Error at 10 on Try 1: 404 Client Error: Not Found for url: https://opcenter-test.goodyear.com/OpcenterRDnLGIL/odata/RndvRqIi(9051,90,1000000,650,15000000)/Update - {"IIVALUE": "Merck", "IIVALUEF": 0}
2024-07-18 07:22:00,939 - ERROR - Error at 10 on Try 2: 404 Client Error: Not Found for url: https://opcenter-test.goodyear.com/OpcenterRDnLGIL/odata/RndvRqIi(9051,90,1000000,650,15000000)/Update - {"IIVALUE": "Merck", "IIVALUEF": 0}
2024-07-18 07:22:01,617 - ERROR - Error at 10 on Try 3: 404 Client Error: Not Found for url: https://opcenter-test.goodyear.com/OpcenterRDnLGIL/odata/RndvRqIi(9051,90,1000000,650,15000000)/Update - {"IIVALUE": "Merck", "IIVALUEF": 0}
2024-07-18 07:22:02,309 - ERROR - Error at 10 on Try 4: 404 Client Error: Not Found for url: https://opcenter-test.goodyear.com/OpcenterRDnLGIL/odata/RndvRqIi(9051,90,1000000,650,15000000)/Update - {"IIVALUE": "Merck", "IIVALUEF": 0}
2024-07-18 07:22:02,990 - ERROR - Error at 10 on Try 5: 404 Client Error: Not Found for url: https://opcenter-test.goodyear.com/OpcenterRDnLGIL/odata/RndvRqIi(9051,90,1000000,650,15000000)/Update - {"IIVALUE": "Merck", "IIVALUEF": 0}
2024-07-18 07:22:03,196 - ERROR - Error at 10 on Try 1: 404 Client Error: Not Found for url: https://opcenter-test.goodyear.com/OpcenterRDnLGIL/odata/RndvRqIi(9051,90,1000000,653,17000000)/Update - {"IIVALUE": "0", "IIVALUEF": 0}
2024-07-18 07:22:03,877 - ERROR - Error at 10 on Try 2: 404 Client Error: Not Found for url: https://opcenter-test.goodyear.com/OpcenterRDnLGIL/odata/RndvRqIi(9051,90,1000000,653,17000000)/Update - {"IIVALUE": "0", "IIVALUEF": 0}
2024-07-18 07:22:04,554 - ERROR - Error at 10 on Try 3: 404 Client Error: Not Found for url: https://opcenter-test.goodyear.com/OpcenterRDnLGIL/odata/RndvRqIi(9051,90,1000000,653,17000000)/Update - {"IIVALUE": "0", "IIVALUEF": 0}
2024-07-18 07:22:05,293 - ERROR - Error at 10 on Try 4: 404 Client Error: Not Found for url: https://opcenter-test.goodyear.com/OpcenterRDnLGIL/odata/RndvRqIi(9051,90,1000000,653,17000000)/Update - {"IIVALUE": "0", "IIVALUEF": 0}
2024-07-18 07:22:05,998 - ERROR - Error at 10 on Try 5: 404 Client Error: Not Found for url: https://opcenter-test.goodyear.com/OpcenterRDnLGIL/odata/RndvRqIi(9051,90,1000000,653,17000000)/Update - {"IIVALUE": "0", "IIVALUEF": 0}
2024-07-18 07:22:06,191 - ERROR - Error at 10 on Try 1: 404 Client Error: Not Found for url: https://opcenter-test.goodyear.com/OpcenterRDnLGIL/odata/RndvRqIi(9051,90,1000000,654,16000000)/Update - {"IIVALUE": "g", "IIVALUEF": 0}
2024-07-18 07:22:06,898 - ERROR - Error at 10 on Try 2: 404 Client Error: Not Found for url: https://opcenter-test.goodyear.com/OpcenterRDnLGIL/odata/RndvRqIi(9051,90,1000000,654,16000000)/Update - {"IIVALUE": "g", "IIVALUEF": 0}
2024-07-18 07:22:07,578 - ERROR - Error at 10 on Try 3: 404 Client Error: Not Found for url: https://opcenter-test.goodyear.com/OpcenterRDnLGIL/odata/RndvRqIi(9051,90,1000000,654,16000000)/Update - {"IIVALUE": "g", "IIVALUEF": 0}
2024-07-18 07:22:08,266 - ERROR - Error at 10 on Try 4: 404 Client Error: Not Found for url: https://opcenter-test.goodyear.com/OpcenterRDnLGIL/odata/RndvRqIi(9051,90,1000000,654,16000000)/Update - {"IIVALUE": "g", "IIVALUEF": 0}
2024-07-18 07:22:08,977 - ERROR - Error at 10 on Try 5: 404 Client Error: Not Found for url: https://opcenter-test.goodyear.com/OpcenterRDnLGIL/odata/RndvRqIi(9051,90,1000000,654,16000000)/Update - {"IIVALUE": "g", "IIVALUEF": 0}
2024-07-18 07:22:09,179 - ERROR - Error at 10 on Try 1: 404 Client Error: Not Found for url: https://opcenter-test.goodyear.com/OpcenterRDnLGIL/odata/RndvRqIi(9051,90,1000000,656,18000000)/Update - {"IIVALUE": "0", "IIVALUEF": 0}
2024-07-18 07:22:09,878 - ERROR - Error at 10 on Try 2: 404 Client Error: Not Found for url: https://opcenter-test.goodyear.com/OpcenterRDnLGIL/odata/RndvRqIi(9051,90,1000000,656,18000000)/Update - {"IIVALUE": "0", "IIVALUEF": 0}
2024-07-18 07:22:10,579 - ERROR - Error at 10 on Try 3: 404 Client Error: Not Found for url: https://opcenter-test.goodyear.com/OpcenterRDnLGIL/odata/RndvRqIi(9051,90,1000000,656,18000000)/Update - {"IIVALUE": "0", "IIVALUEF": 0}
2024-07-18 07:22:11,264 - ERROR - Error at 10 on Try 4: 404 Client Error: Not Found for url: https://opcenter-test.goodyear.com/OpcenterRDnLGIL/odata/RndvRqIi(9051,90,1000000,656,18000000)/Update - {"IIVALUE": "0", "IIVALUEF": 0}
2024-07-18 07:22:11,948 - ERROR - Error at 10 on Try 5: 404 Client Error: Not Found for url: https://opcenter-test.goodyear.com/OpcenterRDnLGIL/odata/RndvRqIi(9051,90,1000000,656,18000000)/Update - {"IIVALUE": "0", "IIVALUEF": 0}
2024-07-18 07:22:12,140 - ERROR - Error at 10 on Try 1: 404 Client Error: Not Found for url: https://opcenter-test.goodyear.com/OpcenterRDnLGIL/odata/RndvRqIi(9051,90,1000000,531,19000000)/Update - {"IIVALUE": "S6212350207", "IIVALUEF": 0}
2024-07-18 07:22:12,821 - ERROR - Error at 10 on Try 2: 404 Client Error: Not Found for url: https://opcenter-test.goodyear.com/OpcenterRDnLGIL/odata/RndvRqIi(9051,90,1000000,531,19000000)/Update - {"IIVALUE": "S6212350207", "IIVALUEF": 0}
2024-07-18 07:22:13,532 - ERROR - Error at 10 on Try 3: 404 Client Error: Not Found for url: https://opcenter-test.goodyear.com/OpcenterRDnLGIL/odata/RndvRqIi(9051,90,1000000,531,19000000)/Update - {"IIVALUE": "S6212350207", "IIVALUEF": 0}
2024-07-18 07:22:14,224 - ERROR - Error at 10 on Try 4: 404 Client Error: Not Found for url: https://opcenter-test.goodyear.com/OpcenterRDnLGIL/odata/RndvRqIi(9051,90,1000000,531,19000000)/Update - {"IIVALUE": "S6212350207", "IIVALUEF": 0}
2024-07-18 07:22:14,918 - ERROR - Error at 10 on Try 5: 404 Client Error: Not Found for url: https://opcenter-test.goodyear.com/OpcenterRDnLGIL/odata/RndvRqIi(9051,90,1000000,531,19000000)/Update - {"IIVALUE": "S6212350207", "IIVALUEF": 0}
2024-07-18 07:22:15,261 - INFO - Success on 11: 200 - {"IIVALUE": "8.18650.0100", "IIVALUEF": 0}
2024-07-18 07:22:25,616 - INFO - Success on 12: 200 - {"SHORT_DESC": "Chemical & Consumables Container", "RQ_VALUE": null, "DESCRIPTION": "Chemical & Consumables Container"}
2024-07-18 07:22:26,786 - INFO - Success on 12: 200 - {"StatusTo": 5}
2024-07-18 07:22:26,971 - ERROR - Error at 11 on Try 1: 404 Client Error: Not Found for url: https://opcenter-test.goodyear.com/OpcenterRDnLGIL/odata/RndvRqIi(9052,90,1000000,9,5000000)/Update - {"IIVALUE": "AS*L", "IIVALUEF": 0}
2024-07-18 07:22:27,663 - ERROR - Error at 11 on Try 2: 404 Client Error: Not Found for url: https://opcenter-test.goodyear.com/OpcenterRDnLGIL/odata/RndvRqIi(9052,90,1000000,9,5000000)/Update - {"IIVALUE": "AS*L", "IIVALUEF": 0}
2024-07-18 07:22:28,352 - ERROR - Error at 11 on Try 3: 404 Client Error: Not Found for url: https://opcenter-test.goodyear.com/OpcenterRDnLGIL/odata/RndvRqIi(9052,90,1000000,9,5000000)/Update - {"IIVALUE": "AS*L", "IIVALUEF": 0}
2024-07-18 07:22:29,034 - ERROR - Error at 11 on Try 4: 404 Client Error: Not Found for url: https://opcenter-test.goodyear.com/OpcenterRDnLGIL/odata/RndvRqIi(9052,90,1000000,9,5000000)/Update - {"IIVALUE": "AS*L", "IIVALUEF": 0}
2024-07-18 07:22:29,739 - ERROR - Error at 11 on Try 5: 404 Client Error: Not Found for url: https://opcenter-test.goodyear.com/OpcenterRDnLGIL/odata/RndvRqIi(9052,90,1000000,9,5000000)/Update - {"IIVALUE": "AS*L", "IIVALUEF": 0}
2024-07-18 07:22:29,952 - ERROR - Error at 11 on Try 1: 404 Client Error: Not Found for url: https://opcenter-test.goodyear.com/OpcenterRDnLGIL/odata/RndvRqIi(9052,90,1000000,530,1000000)/Update - {"IIVALUE": "0", "IIVALUEF": 0}
2024-07-18 07:22:30,624 - ERROR - Error at 11 on Try 2: 404 Client Error: Not Found for url: https://opcenter-test.goodyear.com/OpcenterRDnLGIL/odata/RndvRqIi(9052,90,1000000,530,1000000)/Update - {"IIVALUE": "0", "IIVALUEF": 0}
2024-07-18 07:22:31,306 - ERROR - Error at 11 on Try 3: 404 Client Error: Not Found for url: https://opcenter-test.goodyear.com/OpcenterRDnLGIL/odata/RndvRqIi(9052,90,1000000,530,1000000)/Update - {"IIVALUE": "0", "IIVALUEF": 0}
2024-07-18 07:22:31,984 - ERROR - Error at 11 on Try 4: 404 Client Error: Not Found for url: https://opcenter-test.goodyear.com/OpcenterRDnLGIL/odata/RndvRqIi(9052,90,1000000,530,1000000)/Update - {"IIVALUE": "0", "IIVALUEF": 0}
2024-07-18 07:22:32,664 - ERROR - Error at 11 on Try 5: 404 Client Error: Not Found for url: https://opcenter-test.goodyear.com/OpcenterRDnLGIL/odata/RndvRqIi(9052,90,1000000,530,1000000)/Update - {"IIVALUE": "0", "IIVALUEF": 0}
2024-07-18 07:22:32,846 - ERROR - Error at 11 on Try 1: 404 Client Error: Not Found for url: https://opcenter-test.goodyear.com/OpcenterRDnLGIL/odata/RndvRqIi(9052,90,1000000,534,4000000)/Update - {"IIVALUE": "09/15/2023 12:00:00 AM +00:00", "IIVALUEF": 0}
2024-07-18 07:22:33,524 - ERROR - Error at 11 on Try 2: 404 Client Error: Not Found for url: https://opcenter-test.goodyear.com/OpcenterRDnLGIL/odata/RndvRqIi(9052,90,1000000,534,4000000)/Update - {"IIVALUE": "09/15/2023 12:00:00 AM +00:00", "IIVALUEF": 0}
2024-07-18 07:22:34,204 - ERROR - Error at 11 on Try 3: 404 Client Error: Not Found for url: https://opcenter-test.goodyear.com/OpcenterRDnLGIL/odata/RndvRqIi(9052,90,1000000,534,4000000)/Update - {"IIVALUE": "09/15/2023 12:00:00 AM +00:00", "IIVALUEF": 0}
2024-07-18 07:22:34,888 - ERROR - Error at 11 on Try 4: 404 Client Error: Not Found for url: https://opcenter-test.goodyear.com/OpcenterRDnLGIL/odata/RndvRqIi(9052,90,1000000,534,4000000)/Update - {"IIVALUE": "09/15/2023 12:00:00 AM +00:00", "IIVALUEF": 0}
2024-07-18 07:22:35,576 - ERROR - Error at 11 on Try 5: 404 Client Error: Not Found for url: https://opcenter-test.goodyear.com/OpcenterRDnLGIL/odata/RndvRqIi(9052,90,1000000,534,4000000)/Update - {"IIVALUE": "09/15/2023 12:00:00 AM +00:00", "IIVALUEF": 0}
2024-07-18 07:22:35,764 - ERROR - Error at 11 on Try 1: 404 Client Error: Not Found for url: https://opcenter-test.goodyear.com/OpcenterRDnLGIL/odata/RndvRqIi(9052,90,1000000,535,3000000)/Update - {"IIVALUE": "09/14/2026 12:00:00 AM +00:00", "IIVALUEF": 0}
2024-07-18 07:22:36,439 - ERROR - Error at 11 on Try 2: 404 Client Error: Not Found for url: https://opcenter-test.goodyear.com/OpcenterRDnLGIL/odata/RndvRqIi(9052,90,1000000,535,3000000)/Update - {"IIVALUE": "09/14/2026 12:00:00 AM +00:00", "IIVALUEF": 0}
2024-07-18 07:22:37,117 - ERROR - Error at 11 on Try 3: 404 Client Error: Not Found for url: https://opcenter-test.goodyear.com/OpcenterRDnLGIL/odata/RndvRqIi(9052,90,1000000,535,3000000)/Update - {"IIVALUE": "09/14/2026 12:00:00 AM +00:00", "IIVALUEF": 0}
2024-07-18 07:22:37,794 - ERROR - Error at 11 on Try 4: 404 Client Error: Not Found for url: https://opcenter-test.goodyear.com/OpcenterRDnLGIL/odata/RndvRqIi(9052,90,1000000,535,3000000)/Update - {"IIVALUE": "09/14/2026 12:00:00 AM +00:00", "IIVALUEF": 0}
2024-07-18 07:22:38,479 - ERROR - Error at 11 on Try 5: 404 Client Error: Not Found for url: https://opcenter-test.goodyear.com/OpcenterRDnLGIL/odata/RndvRqIi(9052,90,1000000,535,3000000)/Update - {"IIVALUE": "09/14/2026 12:00:00 AM +00:00", "IIVALUEF": 0}
2024-07-18 07:22:38,654 - ERROR - Error at 11 on Try 1: 404 Client Error: Not Found for url: https://opcenter-test.goodyear.com/OpcenterRDnLGIL/odata/RndvRqIi(9052,90,1000000,536,6000000)/Update - {"IIVALUE": "GIC*L", "IIVALUEF": 0}
2024-07-18 07:22:39,335 - ERROR - Error at 11 on Try 2: 404 Client Error: Not Found for url: https://opcenter-test.goodyear.com/OpcenterRDnLGIL/odata/RndvRqIi(9052,90,1000000,536,6000000)/Update - {"IIVALUE": "GIC*L", "IIVALUEF": 0}
2024-07-18 07:22:40,011 - ERROR - Error at 11 on Try 3: 404 Client Error: Not Found for url: https://opcenter-test.goodyear.com/OpcenterRDnLGIL/odata/RndvRqIi(9052,90,1000000,536,6000000)/Update - {"IIVALUE": "GIC*L", "IIVALUEF": 0}
2024-07-18 07:22:40,691 - ERROR - Error at 11 on Try 4: 404 Client Error: Not Found for url: https://opcenter-test.goodyear.com/OpcenterRDnLGIL/odata/RndvRqIi(9052,90,1000000,536,6000000)/Update - {"IIVALUE": "GIC*L", "IIVALUEF": 0}
2024-07-18 07:22:41,374 - ERROR - Error at 11 on Try 5: 404 Client Error: Not Found for url: https://opcenter-test.goodyear.com/OpcenterRDnLGIL/odata/RndvRqIi(9052,90,1000000,536,6000000)/Update - {"IIVALUE": "GIC*L", "IIVALUEF": 0}
2024-07-18 07:22:41,570 - ERROR - Error at 11 on Try 1: 404 Client Error: Not Found for url: https://opcenter-test.goodyear.com/OpcenterRDnLGIL/odata/RndvRqIi(9052,90,1000000,537,7000000)/Update - {"IIVALUE": "Ventilated Cabinet 4", "IIVALUEF": 0}
2024-07-18 07:22:42,249 - ERROR - Error at 11 on Try 2: 404 Client Error: Not Found for url: https://opcenter-test.goodyear.com/OpcenterRDnLGIL/odata/RndvRqIi(9052,90,1000000,537,7000000)/Update - {"IIVALUE": "Ventilated Cabinet 4", "IIVALUEF": 0}
2024-07-18 07:22:42,926 - ERROR - Error at 11 on Try 3: 404 Client Error: Not Found for url: https://opcenter-test.goodyear.com/OpcenterRDnLGIL/odata/RndvRqIi(9052,90,1000000,537,7000000)/Update - {"IIVALUE": "Ventilated Cabinet 4", "IIVALUEF": 0}
2024-07-18 07:22:43,610 - ERROR - Error at 11 on Try 4: 404 Client Error: Not Found for url: https://opcenter-test.goodyear.com/OpcenterRDnLGIL/odata/RndvRqIi(9052,90,1000000,537,7000000)/Update - {"IIVALUE": "Ventilated Cabinet 4", "IIVALUEF": 0}
2024-07-18 07:22:44,290 - ERROR - Error at 11 on Try 5: 404 Client Error: Not Found for url: https://opcenter-test.goodyear.com/OpcenterRDnLGIL/odata/RndvRqIi(9052,90,1000000,537,7000000)/Update - {"IIVALUE": "Ventilated Cabinet 4", "IIVALUEF": 0}
2024-07-18 07:22:44,485 - ERROR - Error at 11 on Try 1: 404 Client Error: Not Found for url: https://opcenter-test.goodyear.com/OpcenterRDnLGIL/odata/RndvRqIi(9052,90,1000000,538,8000000)/Update - {"IIVALUE": "0", "IIVALUEF": 0}
2024-07-18 07:22:45,165 - ERROR - Error at 11 on Try 2: 404 Client Error: Not Found for url: https://opcenter-test.goodyear.com/OpcenterRDnLGIL/odata/RndvRqIi(9052,90,1000000,538,8000000)/Update - {"IIVALUE": "0", "IIVALUEF": 0}
2024-07-18 07:22:45,849 - ERROR - Error at 11 on Try 3: 404 Client Error: Not Found for url: https://opcenter-test.goodyear.com/OpcenterRDnLGIL/odata/RndvRqIi(9052,90,1000000,538,8000000)/Update - {"IIVALUE": "0", "IIVALUEF": 0}
2024-07-18 07:22:46,548 - ERROR - Error at 11 on Try 4: 404 Client Error: Not Found for url: https://opcenter-test.goodyear.com/OpcenterRDnLGIL/odata/RndvRqIi(9052,90,1000000,538,8000000)/Update - {"IIVALUE": "0", "IIVALUEF": 0}
2024-07-18 07:22:47,232 - ERROR - Error at 11 on Try 5: 404 Client Error: Not Found for url: https://opcenter-test.goodyear.com/OpcenterRDnLGIL/odata/RndvRqIi(9052,90,1000000,538,8000000)/Update - {"IIVALUE": "0", "IIVALUEF": 0}
2024-07-18 07:22:47,438 - ERROR - Error at 11 on Try 1: 404 Client Error: Not Found for url: https://opcenter-test.goodyear.com/OpcenterRDnLGIL/odata/RndvRqIi(9052,90,1000000,539,9000000)/Update - {"IIVALUE": "Kepenne, Veronique", "IIVALUEF": 0}
2024-07-18 07:22:48,140 - ERROR - Error at 11 on Try 2: 404 Client Error: Not Found for url: https://opcenter-test.goodyear.com/OpcenterRDnLGIL/odata/RndvRqIi(9052,90,1000000,539,9000000)/Update - {"IIVALUE": "Kepenne, Veronique", "IIVALUEF": 0}
2024-07-18 07:22:48,814 - ERROR - Error at 11 on Try 3: 404 Client Error: Not Found for url: https://opcenter-test.goodyear.com/OpcenterRDnLGIL/odata/RndvRqIi(9052,90,1000000,539,9000000)/Update - {"IIVALUE": "Kepenne, Veronique", "IIVALUEF": 0}
2024-07-18 07:22:49,497 - ERROR - Error at 11 on Try 4: 404 Client Error: Not Found for url: https://opcenter-test.goodyear.com/OpcenterRDnLGIL/odata/RndvRqIi(9052,90,1000000,539,9000000)/Update - {"IIVALUE": "Kepenne, Veronique", "IIVALUEF": 0}
2024-07-18 07:22:50,194 - ERROR - Error at 11 on Try 5: 404 Client Error: Not Found for url: https://opcenter-test.goodyear.com/OpcenterRDnLGIL/odata/RndvRqIi(9052,90,1000000,539,9000000)/Update - {"IIVALUE": "Kepenne, Veronique", "IIVALUEF": 0}
2024-07-18 07:22:50,382 - ERROR - Error at 11 on Try 1: 404 Client Error: Not Found for url: https://opcenter-test.goodyear.com/OpcenterRDnLGIL/odata/RndvRqIi(9052,90,1000000,540,10000000)/Update - {"IIVALUE": "0", "IIVALUEF": 0}
2024-07-18 07:22:51,097 - ERROR - Error at 11 on Try 2: 404 Client Error: Not Found for url: https://opcenter-test.goodyear.com/OpcenterRDnLGIL/odata/RndvRqIi(9052,90,1000000,540,10000000)/Update - {"IIVALUE": "0", "IIVALUEF": 0}
2024-07-18 07:22:51,783 - ERROR - Error at 11 on Try 3: 404 Client Error: Not Found for url: https://opcenter-test.goodyear.com/OpcenterRDnLGIL/odata/RndvRqIi(9052,90,1000000,540,10000000)/Update - {"IIVALUE": "0", "IIVALUEF": 0}
2024-07-18 07:22:52,470 - ERROR - Error at 11 on Try 4: 404 Client Error: Not Found for url: https://opcenter-test.goodyear.com/OpcenterRDnLGIL/odata/RndvRqIi(9052,90,1000000,540,10000000)/Update - {"IIVALUE": "0", "IIVALUEF": 0}
2024-07-18 07:22:53,175 - ERROR - Error at 11 on Try 5: 404 Client Error: Not Found for url: https://opcenter-test.goodyear.com/OpcenterRDnLGIL/odata/RndvRqIi(9052,90,1000000,540,10000000)/Update - {"IIVALUE": "0", "IIVALUEF": 0}
2024-07-18 07:22:53,355 - ERROR - Error at 11 on Try 1: 404 Client Error: Not Found for url: https://opcenter-test.goodyear.com/OpcenterRDnLGIL/odata/RndvRqIi(9052,90,1000000,541,11000000)/Update - {"IIVALUE": "25.0", "IIVALUEF": 0}
2024-07-18 07:22:54,039 - ERROR - Error at 11 on Try 2: 404 Client Error: Not Found for url: https://opcenter-test.goodyear.com/OpcenterRDnLGIL/odata/RndvRqIi(9052,90,1000000,541,11000000)/Update - {"IIVALUE": "25.0", "IIVALUEF": 0}
2024-07-18 07:22:54,726 - ERROR - Error at 11 on Try 3: 404 Client Error: Not Found for url: https://opcenter-test.goodyear.com/OpcenterRDnLGIL/odata/RndvRqIi(9052,90,1000000,541,11000000)/Update - {"IIVALUE": "25.0", "IIVALUEF": 0}
2024-07-18 07:22:55,410 - ERROR - Error at 11 on Try 4: 404 Client Error: Not Found for url: https://opcenter-test.goodyear.com/OpcenterRDnLGIL/odata/RndvRqIi(9052,90,1000000,541,11000000)/Update - {"IIVALUE": "25.0", "IIVALUEF": 0}
2024-07-18 07:22:56,088 - ERROR - Error at 11 on Try 5: 404 Client Error: Not Found for url: https://opcenter-test.goodyear.com/OpcenterRDnLGIL/odata/RndvRqIi(9052,90,1000000,541,11000000)/Update - {"IIVALUE": "25.0", "IIVALUEF": 0}
2024-07-18 07:22:56,272 - ERROR - Error at 11 on Try 1: 404 Client Error: Not Found for url: https://opcenter-test.goodyear.com/OpcenterRDnLGIL/odata/RndvRqIi(9052,90,1000000,640,12000000)/Update - {"IIVALUE": "0", "IIVALUEF": 0}
2024-07-18 07:22:56,948 - ERROR - Error at 11 on Try 2: 404 Client Error: Not Found for url: https://opcenter-test.goodyear.com/OpcenterRDnLGIL/odata/RndvRqIi(9052,90,1000000,640,12000000)/Update - {"IIVALUE": "0", "IIVALUEF": 0}
2024-07-18 07:22:57,649 - ERROR - Error at 11 on Try 3: 404 Client Error: Not Found for url: https://opcenter-test.goodyear.com/OpcenterRDnLGIL/odata/RndvRqIi(9052,90,1000000,640,12000000)/Update - {"IIVALUE": "0", "IIVALUEF": 0}
2024-07-18 07:22:58,336 - ERROR - Error at 11 on Try 4: 404 Client Error: Not Found for url: https://opcenter-test.goodyear.com/OpcenterRDnLGIL/odata/RndvRqIi(9052,90,1000000,640,12000000)/Update - {"IIVALUE": "0", "IIVALUEF": 0}
2024-07-18 07:22:59,019 - ERROR - Error at 11 on Try 5: 404 Client Error: Not Found for url: https://opcenter-test.goodyear.com/OpcenterRDnLGIL/odata/RndvRqIi(9052,90,1000000,640,12000000)/Update - {"IIVALUE": "0", "IIVALUEF": 0}
2024-07-18 07:22:59,200 - ERROR - Error at 11 on Try 1: 404 Client Error: Not Found for url: https://opcenter-test.goodyear.com/OpcenterRDnLGIL/odata/RndvRqIi(9052,90,1000000,647,13000000)/Update - {"IIVALUE": "Adv. Chemistry", "IIVALUEF": 0}
2024-07-18 07:22:59,881 - ERROR - Error at 11 on Try 2: 404 Client Error: Not Found for url: https://opcenter-test.goodyear.com/OpcenterRDnLGIL/odata/RndvRqIi(9052,90,1000000,647,13000000)/Update - {"IIVALUE": "Adv. Chemistry", "IIVALUEF": 0}
2024-07-18 07:23:00,574 - ERROR - Error at 11 on Try 3: 404 Client Error: Not Found for url: https://opcenter-test.goodyear.com/OpcenterRDnLGIL/odata/RndvRqIi(9052,90,1000000,647,13000000)/Update - {"IIVALUE": "Adv. Chemistry", "IIVALUEF": 0}
2024-07-18 07:23:01,261 - ERROR - Error at 11 on Try 4: 404 Client Error: Not Found for url: https://opcenter-test.goodyear.com/OpcenterRDnLGIL/odata/RndvRqIi(9052,90,1000000,647,13000000)/Update - {"IIVALUE": "Adv. Chemistry", "IIVALUEF": 0}
2024-07-18 07:23:01,936 - ERROR - Error at 11 on Try 5: 404 Client Error: Not Found for url: https://opcenter-test.goodyear.com/OpcenterRDnLGIL/odata/RndvRqIi(9052,90,1000000,647,13000000)/Update - {"IIVALUE": "Adv. Chemistry", "IIVALUEF": 0}
2024-07-18 07:23:02,109 - ERROR - Error at 11 on Try 1: 404 Client Error: Not Found for url: https://opcenter-test.goodyear.com/OpcenterRDnLGIL/odata/RndvRqIi(9052,90,1000000,648,2000000)/Update - {"IIVALUE": "0", "IIVALUEF": 0}
2024-07-18 07:23:02,786 - ERROR - Error at 11 on Try 2: 404 Client Error: Not Found for url: https://opcenter-test.goodyear.com/OpcenterRDnLGIL/odata/RndvRqIi(9052,90,1000000,648,2000000)/Update - {"IIVALUE": "0", "IIVALUEF": 0}
2024-07-18 07:23:03,458 - ERROR - Error at 11 on Try 3: 404 Client Error: Not Found for url: https://opcenter-test.goodyear.com/OpcenterRDnLGIL/odata/RndvRqIi(9052,90,1000000,648,2000000)/Update - {"IIVALUE": "0", "IIVALUEF": 0}
2024-07-18 07:23:04,138 - ERROR - Error at 11 on Try 4: 404 Client Error: Not Found for url: https://opcenter-test.goodyear.com/OpcenterRDnLGIL/odata/RndvRqIi(9052,90,1000000,648,2000000)/Update - {"IIVALUE": "0", "IIVALUEF": 0}
2024-07-18 07:23:04,822 - ERROR - Error at 11 on Try 5: 404 Client Error: Not Found for url: https://opcenter-test.goodyear.com/OpcenterRDnLGIL/odata/RndvRqIi(9052,90,1000000,648,2000000)/Update - {"IIVALUE": "0", "IIVALUEF": 0}
2024-07-18 07:23:05,011 - ERROR - Error at 11 on Try 1: 404 Client Error: Not Found for url: https://opcenter-test.goodyear.com/OpcenterRDnLGIL/odata/RndvRqIi(9052,90,1000000,649,14000000)/Update - {"IIVALUE": "Bromthymol blue indicator ", "IIVALUEF": 0}
2024-07-18 07:23:05,689 - ERROR - Error at 11 on Try 2: 404 Client Error: Not Found for url: https://opcenter-test.goodyear.com/OpcenterRDnLGIL/odata/RndvRqIi(9052,90,1000000,649,14000000)/Update - {"IIVALUE": "Bromthymol blue indicator ", "IIVALUEF": 0}
2024-07-18 07:23:06,370 - ERROR - Error at 11 on Try 3: 404 Client Error: Not Found for url: https://opcenter-test.goodyear.com/OpcenterRDnLGIL/odata/RndvRqIi(9052,90,1000000,649,14000000)/Update - {"IIVALUE": "Bromthymol blue indicator ", "IIVALUEF": 0}
2024-07-18 07:23:07,058 - ERROR - Error at 11 on Try 4: 404 Client Error: Not Found for url: https://opcenter-test.goodyear.com/OpcenterRDnLGIL/odata/RndvRqIi(9052,90,1000000,649,14000000)/Update - {"IIVALUE": "Bromthymol blue indicator ", "IIVALUEF": 0}
2024-07-18 07:23:07,745 - ERROR - Error at 11 on Try 5: 404 Client Error: Not Found for url: https://opcenter-test.goodyear.com/OpcenterRDnLGIL/odata/RndvRqIi(9052,90,1000000,649,14000000)/Update - {"IIVALUE": "Bromthymol blue indicator ", "IIVALUEF": 0}
2024-07-18 07:23:07,948 - ERROR - Error at 11 on Try 1: 404 Client Error: Not Found for url: https://opcenter-test.goodyear.com/OpcenterRDnLGIL/odata/RndvRqIi(9052,90,1000000,650,15000000)/Update - {"IIVALUE": "Merck", "IIVALUEF": 0}
2024-07-18 07:23:08,628 - ERROR - Error at 11 on Try 2: 404 Client Error: Not Found for url: https://opcenter-test.goodyear.com/OpcenterRDnLGIL/odata/RndvRqIi(9052,90,1000000,650,15000000)/Update - {"IIVALUE": "Merck", "IIVALUEF": 0}
2024-07-18 07:23:09,329 - ERROR - Error at 11 on Try 3: 404 Client Error: Not Found for url: https://opcenter-test.goodyear.com/OpcenterRDnLGIL/odata/RndvRqIi(9052,90,1000000,650,15000000)/Update - {"IIVALUE": "Merck", "IIVALUEF": 0}
2024-07-18 07:23:10,011 - ERROR - Error at 11 on Try 4: 404 Client Error: Not Found for url: https://opcenter-test.goodyear.com/OpcenterRDnLGIL/odata/RndvRqIi(9052,90,1000000,650,15000000)/Update - {"IIVALUE": "Merck", "IIVALUEF": 0}
2024-07-18 07:23:10,688 - ERROR - Error at 11 on Try 5: 404 Client Error: Not Found for url: https://opcenter-test.goodyear.com/OpcenterRDnLGIL/odata/RndvRqIi(9052,90,1000000,650,15000000)/Update - {"IIVALUE": "Merck", "IIVALUEF": 0}
2024-07-18 07:23:10,865 - ERROR - Error at 11 on Try 1: 404 Client Error: Not Found for url: https://opcenter-test.goodyear.com/OpcenterRDnLGIL/odata/RndvRqIi(9052,90,1000000,653,17000000)/Update - {"IIVALUE": "0", "IIVALUEF": 0}
2024-07-18 07:23:11,546 - ERROR - Error at 11 on Try 2: 404 Client Error: Not Found for url: https://opcenter-test.goodyear.com/OpcenterRDnLGIL/odata/RndvRqIi(9052,90,1000000,653,17000000)/Update - {"IIVALUE": "0", "IIVALUEF": 0}
2024-07-18 07:23:12,242 - ERROR - Error at 11 on Try 3: 404 Client Error: Not Found for url: https://opcenter-test.goodyear.com/OpcenterRDnLGIL/odata/RndvRqIi(9052,90,1000000,653,17000000)/Update - {"IIVALUE": "0", "IIVALUEF": 0}
2024-07-18 07:23:12,928 - ERROR - Error at 11 on Try 4: 404 Client Error: Not Found for url: https://opcenter-test.goodyear.com/OpcenterRDnLGIL/odata/RndvRqIi(9052,90,1000000,653,17000000)/Update - {"IIVALUE": "0", "IIVALUEF": 0}
2024-07-18 07:23:13,620 - ERROR - Error at 11 on Try 5: 404 Client Error: Not Found for url: https://opcenter-test.goodyear.com/OpcenterRDnLGIL/odata/RndvRqIi(9052,90,1000000,653,17000000)/Update - {"IIVALUE": "0", "IIVALUEF": 0}
2024-07-18 07:23:13,808 - ERROR - Error at 11 on Try 1: 404 Client Error: Not Found for url: https://opcenter-test.goodyear.com/OpcenterRDnLGIL/odata/RndvRqIi(9052,90,1000000,654,16000000)/Update - {"IIVALUE": "g", "IIVALUEF": 0}
2024-07-18 07:23:14,494 - ERROR - Error at 11 on Try 2: 404 Client Error: Not Found for url: https://opcenter-test.goodyear.com/OpcenterRDnLGIL/odata/RndvRqIi(9052,90,1000000,654,16000000)/Update - {"IIVALUE": "g", "IIVALUEF": 0}
2024-07-18 07:23:15,176 - ERROR - Error at 11 on Try 3: 404 Client Error: Not Found for url: https://opcenter-test.goodyear.com/OpcenterRDnLGIL/odata/RndvRqIi(9052,90,1000000,654,16000000)/Update - {"IIVALUE": "g", "IIVALUEF": 0}
2024-07-18 07:23:15,867 - ERROR - Error at 11 on Try 4: 404 Client Error: Not Found for url: https://opcenter-test.goodyear.com/OpcenterRDnLGIL/odata/RndvRqIi(9052,90,1000000,654,16000000)/Update - {"IIVALUE": "g", "IIVALUEF": 0}
2024-07-18 07:23:16,542 - ERROR - Error at 11 on Try 5: 404 Client Error: Not Found for url: https://opcenter-test.goodyear.com/OpcenterRDnLGIL/odata/RndvRqIi(9052,90,1000000,654,16000000)/Update - {"IIVALUE": "g", "IIVALUEF": 0}
2024-07-18 07:23:16,723 - ERROR - Error at 11 on Try 1: 404 Client Error: Not Found for url: https://opcenter-test.goodyear.com/OpcenterRDnLGIL/odata/RndvRqIi(9052,90,1000000,656,18000000)/Update - {"IIVALUE": "0", "IIVALUEF": 0}
2024-07-18 07:23:17,421 - ERROR - Error at 11 on Try 2: 404 Client Error: Not Found for url: https://opcenter-test.goodyear.com/OpcenterRDnLGIL/odata/RndvRqIi(9052,90,1000000,656,18000000)/Update - {"IIVALUE": "0", "IIVALUEF": 0}
2024-07-18 07:23:18,160 - ERROR - Error at 11 on Try 3: 404 Client Error: Not Found for url: https://opcenter-test.goodyear.com/OpcenterRDnLGIL/odata/RndvRqIi(9052,90,1000000,656,18000000)/Update - {"IIVALUE": "0", "IIVALUEF": 0}
2024-07-18 07:23:18,859 - ERROR - Error at 11 on Try 4: 404 Client Error: Not Found for url: https://opcenter-test.goodyear.com/OpcenterRDnLGIL/odata/RndvRqIi(9052,90,1000000,656,18000000)/Update - {"IIVALUE": "0", "IIVALUEF": 0}
2024-07-18 07:23:19,544 - ERROR - Error at 11 on Try 5: 404 Client Error: Not Found for url: https://opcenter-test.goodyear.com/OpcenterRDnLGIL/odata/RndvRqIi(9052,90,1000000,656,18000000)/Update - {"IIVALUE": "0", "IIVALUEF": 0}
2024-07-18 07:23:19,754 - ERROR - Error at 11 on Try 1: 404 Client Error: Not Found for url: https://opcenter-test.goodyear.com/OpcenterRDnLGIL/odata/RndvRqIi(9052,90,1000000,531,19000000)/Update - {"IIVALUE": "1463719", "IIVALUEF": 0}
2024-07-18 07:23:20,440 - ERROR - Error at 11 on Try 2: 404 Client Error: Not Found for url: https://opcenter-test.goodyear.com/OpcenterRDnLGIL/odata/RndvRqIi(9052,90,1000000,531,19000000)/Update - {"IIVALUE": "1463719", "IIVALUEF": 0}
2024-07-18 07:23:21,131 - ERROR - Error at 11 on Try 3: 404 Client Error: Not Found for url: https://opcenter-test.goodyear.com/OpcenterRDnLGIL/odata/RndvRqIi(9052,90,1000000,531,19000000)/Update - {"IIVALUE": "1463719", "IIVALUEF": 0}
2024-07-18 07:23:32,685 - ERROR - Error at 11 on Try 4: 404 Client Error: Not Found for url: https://opcenter-test.goodyear.com/OpcenterRDnLGIL/odata/RndvRqIi(9052,90,1000000,531,19000000)/Update - {"IIVALUE": "1463719", "IIVALUEF": 0}
2024-07-18 07:23:33,397 - ERROR - Error at 11 on Try 5: 404 Client Error: Not Found for url: https://opcenter-test.goodyear.com/OpcenterRDnLGIL/odata/RndvRqIi(9052,90,1000000,531,19000000)/Update - {"IIVALUE": "1463719", "IIVALUEF": 0}
2024-07-18 07:23:35,970 - INFO - Success on 12: 200 - {"IIVALUE": "3026", "IIVALUEF": 0}
2024-07-18 07:23:47,355 - INFO - Success on 13: 200 - {"SHORT_DESC": "Chemical & Consumables Container", "RQ_VALUE": null, "DESCRIPTION": "Chemical & Consumables Container"}
2024-07-18 07:23:48,595 - ERROR - Error at 12 on Try 1: 500 Server Error: Internal Server Error for url: https://opcenter-test.goodyear.com/OpcenterRDnLGIL/odata/RndvRq(9053)/ChangeStatus - {"StatusTo": 5}
2024-07-18 07:23:49,374 - INFO - Success on 13: 200 - {"StatusTo": 5}
