2024-07-11 00:21:09,346 - INFO - Success on 1: 200 - {"SHORT_DESC": "Chemical & Consumables Container", "RQ_VALUE": null, "DESCRIPTION": "Chemical & Consumables Container"}
2024-07-11 00:21:10,940 - INFO - Success on 1: 200 - {"StatusTo": 5}
2024-07-11 00:21:11,568 - INFO - Success on 1: 200 - {"IIVALUE": "AS*L", "IIVALUEF": 0}
2024-07-11 00:21:11,880 - INFO - Success on 1: 200 - {"IIVALUE": null, "IIVALUEF": 0}
2024-07-11 00:21:12,205 - INFO - Success on 1: 200 - {"IIVALUE": "09/15/2023 12:00:00 AM +00:00", "IIVALUEF": 0}
2024-07-11 00:21:12,550 - INFO - Success on 1: 200 - {"IIVALUE": "09/14/2026 12:00:00 AM +00:00", "IIVALUEF": 0}
2024-07-11 00:21:12,862 - INFO - Success on 1: 200 - {"IIVALUE": "GIC*L", "IIVALUEF": 0}
2024-07-11 00:21:13,196 - INFO - Success on 1: 200 - {"IIVALUE": "Ventilated Cabinet 4", "IIVALUEF": 0}
2024-07-11 00:21:13,469 - INFO - Success on 1: 200 - {"IIVALUE": null, "IIVALUEF": 0}
2024-07-11 00:21:13,781 - INFO - Success on 1: 200 - {"IIVALUE": "Dartevelle, Coralie", "IIVALUEF": 0}
2024-07-11 00:21:14,105 - INFO - Success on 1: 200 - {"IIVALUE": "105-11-3", "IIVALUEF": 0}
2024-07-11 00:21:14,411 - INFO - Success on 1: 200 - {"IIVALUE": "50.0", "IIVALUEF": 0}
2024-07-11 00:21:14,726 - INFO - Success on 1: 200 - {"IIVALUE": "Method/Project: Chromato", "IIVALUEF": 0}
2024-07-11 00:21:15,110 - INFO - Success on 1: 200 - {"IIVALUE": "Adv. Chemistry", "IIVALUEF": 0}
2024-07-11 00:21:15,373 - INFO - Success on 1: 200 - {"IIVALUE": null, "IIVALUEF": 0}
2024-07-11 00:21:15,675 - INFO - Success on 1: 200 - {"IIVALUE": "p-Benzoquinone dioxime, 95% ", "IIVALUEF": 0}
2024-07-11 00:21:16,018 - INFO - Success on 1: 200 - {"IIVALUE": "Alfa Aesar", "IIVALUEF": 0}
2024-07-11 00:21:16,295 - INFO - Success on 1: 200 - {"IIVALUE": null, "IIVALUEF": 0}
2024-07-11 00:21:16,659 - INFO - Success on 1: 200 - {"IIVALUE": "g", "IIVALUEF": 0}
2024-07-11 00:21:16,931 - INFO - Success on 1: 200 - {"IIVALUE": null, "IIVALUEF": 0}
2024-07-11 00:21:17,284 - INFO - Success on 1: 200 - {"IIVALUE": "H1231A", "IIVALUEF": 0}
2024-07-11 00:21:17,624 - INFO - Success on 2: 200 - {"SHORT_DESC": "Chemical & Consumables Container", "RQ_VALUE": null, "DESCRIPTION": "Chemical & Consumables Container"}
2024-07-11 00:21:18,832 - INFO - Success on 2: 200 - {"StatusTo": 5}
2024-07-11 00:21:20,143 - INFO - Success on 2: 200 - {"IIVALUE": "AS*L", "IIVALUEF": 0}
2024-07-11 00:21:21,148 - INFO - Success on 2: 200 - {"IIVALUE": null, "IIVALUEF": 0}
2024-07-11 00:21:22,155 - INFO - Success on 2: 200 - {"IIVALUE": "09/15/2023 12:00:00 AM +00:00", "IIVALUEF": 0}
2024-07-11 00:21:23,158 - INFO - Success on 2: 200 - {"IIVALUE": "09/14/2026 12:00:00 AM +00:00", "IIVALUEF": 0}
2024-07-11 00:21:24,158 - INFO - Success on 2: 200 - {"IIVALUE": "GIC*L", "IIVALUEF": 0}
2024-07-11 00:21:25,169 - INFO - Success on 2: 200 - {"IIVALUE": "Ventilated Cabinet 4", "IIVALUEF": 0}
2024-07-11 00:21:26,177 - INFO - Success on 2: 200 - {"IIVALUE": null, "IIVALUEF": 0}
2024-07-11 00:21:27,179 - INFO - Success on 2: 200 - {"IIVALUE": "Kepenne, Veronique", "IIVALUEF": 0}
2024-07-11 00:21:28,186 - INFO - Success on 2: 200 - {"IIVALUE": "77-09-8", "IIVALUEF": 0}
2024-07-11 00:21:28,558 - INFO - Success on 2: 200 - {"IIVALUE": "25.0", "IIVALUEF": 0}
2024-07-11 00:21:29,687 - INFO - Success on 2: 200 - {"IIVALUE": null, "IIVALUEF": 0}
2024-07-11 00:21:30,696 - INFO - Success on 2: 200 - {"IIVALUE": "Adv. Chemistry", "IIVALUEF": 0}
2024-07-11 00:21:31,697 - INFO - Success on 2: 200 - {"IIVALUE": null, "IIVALUEF": 0}
2024-07-11 00:21:32,700 - INFO - Success on 2: 200 - {"IIVALUE": "Phenolphthalein indicator ", "IIVALUEF": 0}
2024-07-11 00:21:33,701 - INFO - Success on 2: 200 - {"IIVALUE": "Merck", "IIVALUEF": 0}
2024-07-11 00:21:34,709 - INFO - Success on 2: 200 - {"IIVALUE": null, "IIVALUEF": 0}
2024-07-11 00:21:35,711 - INFO - Success on 2: 200 - {"IIVALUE": "g", "IIVALUEF": 0}
2024-07-11 00:21:36,727 - INFO - Success on 2: 200 - {"IIVALUE": null, "IIVALUEF": 0}
2024-07-11 00:21:37,729 - INFO - Success on 2: 200 - {"IIVALUE": "K42845433219", "IIVALUEF": 0}
2024-07-11 00:21:38,738 - INFO - Success on 3: 200 - {"SHORT_DESC": "Chemical & Consumables Container", "RQ_VALUE": null, "DESCRIPTION": "Chemical & Consumables Container"}
2024-07-11 00:21:40,749 - INFO - Success on 3: 200 - {"StatusTo": 5}
2024-07-11 00:21:41,747 - INFO - Success on 3: 200 - {"IIVALUE": "AS*L", "IIVALUEF": 0}
2024-07-11 00:21:42,765 - INFO - Success on 3: 200 - {"IIVALUE": null, "IIVALUEF": 0}
2024-07-11 00:21:43,765 - INFO - Success on 3: 200 - {"IIVALUE": "09/15/2023 12:00:00 AM +00:00", "IIVALUEF": 0}
2024-07-11 00:21:44,769 - INFO - Success on 3: 200 - {"IIVALUE": "09/14/2026 12:00:00 AM +00:00", "IIVALUEF": 0}
2024-07-11 00:21:45,774 - INFO - Success on 3: 200 - {"IIVALUE": "GIC*L", "IIVALUEF": 0}
2024-07-11 00:21:46,777 - INFO - Success on 3: 200 - {"IIVALUE": "Ventilated Cabinet 4", "IIVALUEF": 0}
2024-07-11 00:21:47,784 - INFO - Success on 3: 200 - {"IIVALUE": null, "IIVALUEF": 0}
2024-07-11 00:21:49,800 - INFO - Success on 3: 200 - {"IIVALUE": "Kepenne, Veronique", "IIVALUEF": 0}
2024-07-11 00:21:50,809 - INFO - Success on 3: 200 - {"IIVALUE": "CE 215-181-3", "IIVALUEF": 0}
2024-07-11 00:21:51,810 - INFO - Success on 3: 200 - {"IIVALUE": "80.0", "IIVALUEF": 0}
2024-07-11 00:21:52,820 - INFO - Success on 3: 200 - {"IIVALUE": "Method/Project: QA 0056-01", "IIVALUEF": 0}
2024-07-11 00:21:53,828 - INFO - Success on 3: 200 - {"IIVALUE": "Adv. Chemistry", "IIVALUEF": 0}
2024-07-11 00:21:54,833 - INFO - Success on 3: 200 - {"IIVALUE": null, "IIVALUEF": 0}
2024-07-11 00:21:55,833 - INFO - Success on 3: 200 - {"IIVALUE": "Potassium hydroxyde pellets for analysis ", "IIVALUEF": 0}
2024-07-11 00:21:56,835 - INFO - Success on 3: 200 - {"IIVALUE": "Merck", "IIVALUEF": 0}
2024-07-11 00:21:57,835 - INFO - Success on 3: 200 - {"IIVALUE": null, "IIVALUEF": 0}
2024-07-11 00:21:58,849 - INFO - Success on 3: 200 - {"IIVALUE": "g", "IIVALUEF": 0}
2024-07-11 00:21:59,850 - INFO - Success on 3: 200 - {"IIVALUE": null, "IIVALUEF": 0}
2024-07-11 00:22:00,858 - INFO - Success on 3: 200 - {"IIVALUE": "B533721 431", "IIVALUEF": 0}
2024-07-11 00:22:01,859 - INFO - Success on 4: 200 - {"SHORT_DESC": "Chemical & Consumables Container", "RQ_VALUE": null, "DESCRIPTION": "Chemical & Consumables Container"}
2024-07-11 00:22:03,866 - INFO - Success on 4: 200 - {"StatusTo": 5}
2024-07-11 00:22:04,866 - INFO - Success on 4: 200 - {"IIVALUE": "AS*L", "IIVALUEF": 0}
2024-07-11 00:22:05,870 - INFO - Success on 4: 200 - {"IIVALUE": null, "IIVALUEF": 0}
2024-07-11 00:22:06,871 - INFO - Success on 4: 200 - {"IIVALUE": null, "IIVALUEF": 0}
2024-07-11 00:22:07,880 - INFO - Success on 4: 200 - {"IIVALUE": "10/31/2018 12:00:00 AM +00:00", "IIVALUEF": 0}
2024-07-11 00:22:08,881 - INFO - Success on 4: 200 - {"IIVALUE": "GIC*L", "IIVALUEF": 0}
2024-07-11 00:22:09,883 - INFO - Success on 4: 200 - {"IIVALUE": "Ventilated Cabinet 4", "IIVALUEF": 0}
2024-07-11 00:22:10,883 - INFO - Success on 4: 200 - {"IIVALUE": null, "IIVALUEF": 0}
2024-07-11 00:22:11,884 - INFO - Success on 4: 200 - {"IIVALUE": "Kepenne, Veronique", "IIVALUEF": 0}
2024-07-11 00:22:12,892 - INFO - Success on 4: 200 - {"IIVALUE": "10025-77-1", "IIVALUEF": 0}
2024-07-11 00:22:13,893 - INFO - Success on 4: 200 - {"IIVALUE": "250.0", "IIVALUEF": 0}
2024-07-11 00:22:14,911 - INFO - Success on 4: 200 - {"IIVALUE": "Method/Project: QA0199-01", "IIVALUEF": 0}
2024-07-11 00:22:15,911 - INFO - Success on 4: 200 - {"IIVALUE": "Adv. Chemistry", "IIVALUEF": 0}
2024-07-11 00:22:16,912 - INFO - Success on 4: 200 - {"IIVALUE": null, "IIVALUEF": 0}
2024-07-11 00:22:17,919 - INFO - Success on 4: 200 - {"IIVALUE": "Iron (III) chloride hexahydrate for analysis ", "IIVALUEF": 0}
2024-07-11 00:22:18,235 - INFO - Success on 4: 200 - {"IIVALUE": "Merck", "IIVALUEF": 0}
2024-07-11 00:22:18,493 - INFO - Success on 4: 200 - {"IIVALUE": null, "IIVALUEF": 0}
2024-07-11 00:22:18,801 - INFO - Success on 4: 200 - {"IIVALUE": "g", "IIVALUEF": 0}
2024-07-11 00:22:19,063 - INFO - Success on 4: 200 - {"IIVALUE": null, "IIVALUEF": 0}
2024-07-11 00:22:19,400 - INFO - Success on 4: 200 - {"IIVALUE": "B1241043626", "IIVALUEF": 0}
2024-07-11 00:22:19,717 - INFO - Success on 5: 200 - {"SHORT_DESC": "Chemical & Consumables Container", "RQ_VALUE": null, "DESCRIPTION": "Chemical & Consumables Container"}
2024-07-11 00:22:20,897 - INFO - Success on 5: 200 - {"StatusTo": 5}
2024-07-11 00:22:21,234 - INFO - Success on 5: 200 - {"IIVALUE": "AS*L", "IIVALUEF": 0}
2024-07-11 00:22:21,493 - INFO - Success on 5: 200 - {"IIVALUE": null, "IIVALUEF": 0}
2024-07-11 00:22:21,800 - INFO - Success on 5: 200 - {"IIVALUE": null, "IIVALUEF": 0}
2024-07-11 00:22:22,136 - INFO - Success on 5: 200 - {"IIVALUE": "04/30/2021 12:00:00 AM +00:00", "IIVALUEF": 0}
2024-07-11 00:22:22,466 - INFO - Success on 5: 200 - {"IIVALUE": "GIC*L", "IIVALUEF": 0}
2024-07-11 00:22:22,780 - INFO - Success on 5: 200 - {"IIVALUE": "Ventilated Cabinet 4", "IIVALUEF": 0}
2024-07-11 00:22:23,060 - INFO - Success on 5: 200 - {"IIVALUE": null, "IIVALUEF": 0}
2024-07-11 00:22:23,406 - INFO - Success on 5: 200 - {"IIVALUE": "Kepenne, Veronique", "IIVALUEF": 0}
2024-07-11 00:22:23,731 - INFO - Success on 5: 200 - {"IIVALUE": "7757-82-6", "IIVALUEF": 0}
2024-07-11 00:22:24,043 - INFO - Success on 5: 200 - {"IIVALUE": "500.0", "IIVALUEF": 0}
2024-07-11 00:22:24,372 - INFO - Success on 5: 200 - {"IIVALUE": "Method/Project: QA0006-08", "IIVALUEF": 0}
2024-07-11 00:22:24,677 - INFO - Success on 5: 200 - {"IIVALUE": "Adv. Chemistry", "IIVALUEF": 0}
2024-07-11 00:22:25,952 - INFO - Success on 5: 200 - {"IIVALUE": null, "IIVALUEF": 0}
2024-07-11 00:22:26,960 - INFO - Success on 5: 200 - {"IIVALUE": "Sodium sulfate for analysis ", "IIVALUEF": 0}
2024-07-11 00:22:27,961 - INFO - Success on 5: 200 - {"IIVALUE": "Merck", "IIVALUEF": 0}
2024-07-11 00:22:29,479 - INFO - Success on 5: 200 - {"IIVALUE": null, "IIVALUEF": 0}
2024-07-11 00:22:30,481 - INFO - Success on 5: 200 - {"IIVALUE": "g", "IIVALUEF": 0}
2024-07-11 00:22:31,491 - INFO - Success on 5: 200 - {"IIVALUE": null, "IIVALUEF": 0}
2024-07-11 00:22:32,491 - INFO - Success on 5: 200 - {"IIVALUE": "AM1023849810", "IIVALUEF": 0}
2024-07-11 00:22:33,490 - INFO - Success on 6: 200 - {"SHORT_DESC": "Chemical & Consumables Container", "RQ_VALUE": null, "DESCRIPTION": "Chemical & Consumables Container"}
2024-07-11 00:22:35,502 - INFO - Success on 6: 200 - {"StatusTo": 5}
2024-07-11 00:22:36,504 - INFO - Success on 6: 200 - {"IIVALUE": "AS*L", "IIVALUEF": 0}
2024-07-11 00:22:37,505 - INFO - Success on 6: 200 - {"IIVALUE": null, "IIVALUEF": 0}
2024-07-11 00:22:38,506 - INFO - Success on 6: 200 - {"IIVALUE": "09/15/2023 12:00:00 AM +00:00", "IIVALUEF": 0}
2024-07-11 00:22:39,513 - INFO - Success on 6: 200 - {"IIVALUE": "09/14/2026 12:00:00 AM +00:00", "IIVALUEF": 0}
2024-07-11 00:22:40,515 - INFO - Success on 6: 200 - {"IIVALUE": "GIC*L", "IIVALUEF": 0}
2024-07-11 00:22:41,526 - INFO - Success on 6: 200 - {"IIVALUE": "Ventilated Cabinet 4", "IIVALUEF": 0}
2024-07-11 00:22:42,531 - INFO - Success on 6: 200 - {"IIVALUE": null, "IIVALUEF": 0}
2024-07-11 00:22:43,533 - INFO - Success on 6: 200 - {"IIVALUE": "Dier, Tobias", "IIVALUEF": 0}
2024-07-11 00:22:44,535 - INFO - Success on 6: 200 - {"IIVALUE": null, "IIVALUEF": 0}
2024-07-11 00:22:45,537 - INFO - Success on 6: 200 - {"IIVALUE": "900.0", "IIVALUEF": 0}
2024-07-11 00:22:46,551 - INFO - Success on 6: 200 - {"IIVALUE": null, "IIVALUEF": 0}
2024-07-11 00:22:47,571 - INFO - Success on 6: 200 - {"IIVALUE": "Adv. Chemistry", "IIVALUEF": 0}
2024-07-11 00:22:48,579 - INFO - Success on 6: 200 - {"IIVALUE": null, "IIVALUEF": 0}
2024-07-11 00:22:49,580 - INFO - Success on 6: 200 - {"IIVALUE": "Aluminiumoxid 60 active, basic for column chromatography", "IIVALUEF": 0}
2024-07-11 00:22:50,586 - INFO - Success on 6: 200 - {"IIVALUE": "Merck", "IIVALUEF": 0}
2024-07-11 00:22:51,595 - INFO - Success on 6: 200 - {"IIVALUE": null, "IIVALUEF": 0}
2024-07-11 00:22:52,596 - INFO - Success on 6: 200 - {"IIVALUE": "g", "IIVALUEF": 0}
2024-07-11 00:22:55,613 - INFO - Success on 6: 200 - {"IIVALUE": null, "IIVALUEF": 0}
2024-07-11 00:22:56,617 - INFO - Success on 6: 200 - {"IIVALUE": "9029192", "IIVALUEF": 0}
2024-07-11 00:22:57,617 - INFO - Success on 7: 200 - {"SHORT_DESC": "Chemical & Consumables Container", "RQ_VALUE": null, "DESCRIPTION": "Chemical & Consumables Container"}
2024-07-11 00:22:59,618 - INFO - Success on 7: 200 - {"StatusTo": 5}
2024-07-11 00:23:00,622 - INFO - Success on 7: 200 - {"IIVALUE": "AS*L", "IIVALUEF": 0}
2024-07-11 00:23:01,629 - INFO - Success on 7: 200 - {"IIVALUE": null, "IIVALUEF": 0}
2024-07-11 00:23:02,633 - INFO - Success on 7: 200 - {"IIVALUE": "09/15/2023 12:00:00 AM +00:00", "IIVALUEF": 0}
2024-07-11 00:23:03,634 - INFO - Success on 7: 200 - {"IIVALUE": "09/14/2026 12:00:00 AM +00:00", "IIVALUEF": 0}
2024-07-11 00:23:04,636 - INFO - Success on 7: 200 - {"IIVALUE": "GIC*L", "IIVALUEF": 0}
2024-07-11 00:23:05,641 - INFO - Success on 7: 200 - {"IIVALUE": "Ventilated Cabinet 4", "IIVALUEF": 0}
2024-07-11 00:23:06,651 - INFO - Success on 7: 200 - {"IIVALUE": null, "IIVALUEF": 0}
2024-07-11 00:23:07,653 - INFO - Success on 7: 200 - {"IIVALUE": "Kepenne, Veronique", "IIVALUEF": 0}
2024-07-11 00:23:08,658 - INFO - Success on 7: 200 - {"IIVALUE": null, "IIVALUEF": 0}
2024-07-11 00:23:09,666 - INFO - Success on 7: 200 - {"IIVALUE": "510.0", "IIVALUEF": 0}
2024-07-11 00:23:09,929 - INFO - Success on 7: 200 - {"IIVALUE": null, "IIVALUEF": 0}
2024-07-11 00:23:11,177 - INFO - Success on 7: 200 - {"IIVALUE": "Adv. Chemistry", "IIVALUEF": 0}
2024-07-11 00:23:11,448 - INFO - Success on 7: 200 - {"IIVALUE": null, "IIVALUEF": 0}
2024-07-11 00:23:11,809 - INFO - Success on 7: 200 - {"IIVALUE": "Starch soluble for analysis", "IIVALUEF": 0}
2024-07-11 00:23:12,118 - INFO - Success on 7: 200 - {"IIVALUE": "Merck", "IIVALUEF": 0}
2024-07-11 00:23:12,367 - INFO - Success on 7: 200 - {"IIVALUE": null, "IIVALUEF": 0}
2024-07-11 00:23:12,687 - INFO - Success on 7: 200 - {"IIVALUE": "g", "IIVALUEF": 0}
2024-07-11 00:23:12,950 - INFO - Success on 7: 200 - {"IIVALUE": null, "IIVALUEF": 0}
2024-07-11 00:23:13,307 - INFO - Success on 7: 200 - {"IIVALUE": "1128233", "IIVALUEF": 0}
2024-07-11 00:23:13,795 - INFO - Success on 8: 200 - {"SHORT_DESC": "Chemical & Consumables Container", "RQ_VALUE": null, "DESCRIPTION": "Chemical & Consumables Container"}
2024-07-11 00:23:14,979 - INFO - Success on 8: 200 - {"StatusTo": 5}
2024-07-11 00:23:15,311 - INFO - Success on 8: 200 - {"IIVALUE": "AS*L", "IIVALUEF": 0}
2024-07-11 00:23:15,574 - INFO - Success on 8: 200 - {"IIVALUE": null, "IIVALUEF": 0}
2024-07-11 00:23:15,889 - INFO - Success on 8: 200 - {"IIVALUE": "09/15/2023 12:00:00 AM +00:00", "IIVALUEF": 0}
2024-07-11 00:23:16,223 - INFO - Success on 8: 200 - {"IIVALUE": "09/14/2026 12:00:00 AM +00:00", "IIVALUEF": 0}
2024-07-11 00:23:16,528 - INFO - Success on 8: 200 - {"IIVALUE": "GIC*L", "IIVALUEF": 0}
2024-07-11 00:23:16,846 - INFO - Success on 8: 200 - {"IIVALUE": "Ventilated Cabinet 4", "IIVALUEF": 0}
2024-07-11 00:23:17,100 - INFO - Success on 8: 200 - {"IIVALUE": null, "IIVALUEF": 0}
2024-07-11 00:23:17,438 - INFO - Success on 8: 200 - {"IIVALUE": "Kepenne, Veronique", "IIVALUEF": 0}
2024-07-11 00:23:17,688 - INFO - Success on 8: 200 - {"IIVALUE": null, "IIVALUEF": 0}
2024-07-11 00:23:17,985 - INFO - Success on 8: 200 - {"IIVALUE": "25.0", "IIVALUEF": 0}
2024-07-11 00:23:18,240 - INFO - Success on 8: 200 - {"IIVALUE": null, "IIVALUEF": 0}
2024-07-11 00:23:18,551 - INFO - Success on 8: 200 - {"IIVALUE": "Adv. Chemistry", "IIVALUEF": 0}
2024-07-11 00:23:18,866 - INFO - Success on 8: 200 - {"IIVALUE": null, "IIVALUEF": 0}
2024-07-11 00:23:19,195 - INFO - Success on 8: 200 - {"IIVALUE": "Bromophenol-blue indicator ", "IIVALUEF": 0}
2024-07-11 00:23:19,513 - INFO - Success on 8: 200 - {"IIVALUE": "Merck", "IIVALUEF": 0}
2024-07-11 00:23:20,747 - INFO - Success on 8: 200 - {"IIVALUE": null, "IIVALUEF": 0}
2024-07-11 00:23:21,061 - INFO - Success on 8: 200 - {"IIVALUE": "g", "IIVALUEF": 0}
2024-07-11 00:23:22,250 - INFO - Success on 8: 200 - {"IIVALUE": null, "IIVALUEF": 0}
2024-07-11 00:23:22,556 - INFO - Success on 8: 200 - {"IIVALUE": "78523", "IIVALUEF": 0}
2024-07-11 00:23:22,892 - INFO - Success on 9: 200 - {"SHORT_DESC": "Chemical & Consumables Container", "RQ_VALUE": null, "DESCRIPTION": "Chemical & Consumables Container"}
2024-07-11 00:23:24,076 - INFO - Success on 9: 200 - {"StatusTo": 5}
2024-07-11 00:23:25,263 - INFO - Success on 9: 200 - {"IIVALUE": "AS*L", "IIVALUEF": 0}
2024-07-11 00:23:25,522 - INFO - Success on 9: 200 - {"IIVALUE": null, "IIVALUEF": 0}
2024-07-11 00:23:25,828 - INFO - Success on 9: 200 - {"IIVALUE": "09/15/2023 12:00:00 AM +00:00", "IIVALUEF": 0}
2024-07-11 00:23:26,773 - INFO - Success on 9: 200 - {"IIVALUE": "09/14/2026 12:00:00 AM +00:00", "IIVALUEF": 0}
2024-07-11 00:23:27,106 - INFO - Success on 9: 200 - {"IIVALUE": "GIC*L", "IIVALUEF": 0}
2024-07-11 00:23:27,450 - INFO - Success on 9: 200 - {"IIVALUE": "Ventilated Cabinet 4", "IIVALUEF": 0}
2024-07-11 00:23:27,723 - INFO - Success on 9: 200 - {"IIVALUE": null, "IIVALUEF": 0}
2024-07-11 00:23:28,052 - INFO - Success on 9: 200 - {"IIVALUE": null, "IIVALUEF": 0}
2024-07-11 00:23:28,363 - INFO - Success on 9: 200 - {"IIVALUE": null, "IIVALUEF": 0}
2024-07-11 00:23:28,666 - INFO - Success on 9: 200 - {"IIVALUE": "25.0", "IIVALUEF": 0}
2024-07-11 00:23:28,927 - INFO - Success on 9: 200 - {"IIVALUE": null, "IIVALUEF": 0}
2024-07-11 00:23:29,252 - INFO - Success on 9: 200 - {"IIVALUE": "Adv. Chemistry", "IIVALUEF": 0}
2024-07-11 00:23:29,512 - INFO - Success on 9: 200 - {"IIVALUE": null, "IIVALUEF": 0}
2024-07-11 00:23:29,861 - INFO - Success on 9: 200 - {"IIVALUE": "Hydroxynaphthol blue GR metal (pM) indicator ", "IIVALUEF": 0}
2024-07-11 00:23:30,176 - INFO - Success on 9: 200 - {"IIVALUE": "Merck", "IIVALUEF": 0}
2024-07-11 00:23:30,442 - INFO - Success on 9: 200 - {"IIVALUE": null, "IIVALUEF": 0}
2024-07-11 00:23:30,768 - INFO - Success on 9: 200 - {"IIVALUE": "g", "IIVALUEF": 0}
2024-07-11 00:23:31,029 - INFO - Success on 9: 200 - {"IIVALUE": null, "IIVALUEF": 0}
2024-07-11 00:23:31,356 - INFO - Success on 9: 200 - {"IIVALUE": "9602614", "IIVALUEF": 0}
2024-07-11 00:23:31,671 - INFO - Success on 10: 200 - {"SHORT_DESC": "Chemical & Consumables Container", "RQ_VALUE": null, "DESCRIPTION": "Chemical & Consumables Container"}
2024-07-11 00:23:32,861 - INFO - Success on 10: 200 - {"StatusTo": 5}
2024-07-11 00:23:33,227 - INFO - Success on 10: 200 - {"IIVALUE": "AS*L", "IIVALUEF": 0}
2024-07-11 00:23:33,492 - INFO - Success on 10: 200 - {"IIVALUE": null, "IIVALUEF": 0}
2024-07-11 00:23:33,807 - INFO - Success on 10: 200 - {"IIVALUE": "09/15/2023 12:00:00 AM +00:00", "IIVALUEF": 0}
2024-07-11 00:23:34,121 - INFO - Success on 10: 200 - {"IIVALUE": "09/14/2026 12:00:00 AM +00:00", "IIVALUEF": 0}
2024-07-11 00:23:34,436 - INFO - Success on 10: 200 - {"IIVALUE": "GIC*L", "IIVALUEF": 0}
2024-07-11 00:23:34,763 - INFO - Success on 10: 200 - {"IIVALUE": "Ventilated Cabinet 4", "IIVALUEF": 0}
2024-07-11 00:23:35,039 - INFO - Success on 10: 200 - {"IIVALUE": null, "IIVALUEF": 0}
2024-07-11 00:23:35,361 - INFO - Success on 10: 200 - {"IIVALUE": "Kepenne, Veronique", "IIVALUEF": 0}
2024-07-11 00:23:35,636 - INFO - Success on 10: 200 - {"IIVALUE": null, "IIVALUEF": 0}
2024-07-11 00:23:35,952 - INFO - Success on 10: 200 - {"IIVALUE": "25.0", "IIVALUEF": 0}
2024-07-11 00:23:36,255 - INFO - Success on 10: 200 - {"IIVALUE": "Method/Project: QA 0032-02 / QA0032-03", "IIVALUEF": 0}
2024-07-11 00:23:36,555 - INFO - Success on 10: 200 - {"IIVALUE": "Adv. Chemistry", "IIVALUEF": 0}
2024-07-11 00:23:36,806 - INFO - Success on 10: 200 - {"IIVALUE": null, "IIVALUEF": 0}
2024-07-11 00:23:37,124 - INFO - Success on 10: 200 - {"IIVALUE": "Eriochromschwarz T ", "IIVALUEF": 0}
2024-07-11 00:23:38,336 - INFO - Success on 10: 200 - {"IIVALUE": "Merck", "IIVALUEF": 0}
2024-07-11 00:23:38,598 - INFO - Success on 10: 200 - {"IIVALUE": null, "IIVALUEF": 0}
2024-07-11 00:23:39,837 - INFO - Success on 10: 200 - {"IIVALUE": "g", "IIVALUEF": 0}
2024-07-11 00:23:40,120 - INFO - Success on 10: 200 - {"IIVALUE": null, "IIVALUEF": 0}
2024-07-11 00:23:41,341 - INFO - Success on 10: 200 - {"IIVALUE": "931 K12714870", "IIVALUEF": 0}
2024-07-11 00:23:41,679 - INFO - Success on 11: 200 - {"SHORT_DESC": "Chemical & Consumables Container", "RQ_VALUE": null, "DESCRIPTION": "Chemical & Consumables Container"}
2024-07-11 00:23:42,865 - INFO - Success on 11: 200 - {"StatusTo": 5}
2024-07-11 00:23:43,177 - INFO - Success on 11: 200 - {"IIVALUE": "AS*L", "IIVALUEF": 0}
2024-07-11 00:23:44,351 - INFO - Success on 11: 200 - {"IIVALUE": null, "IIVALUEF": 0}
2024-07-11 00:23:44,673 - INFO - Success on 11: 200 - {"IIVALUE": "09/15/2023 12:00:00 AM +00:00", "IIVALUEF": 0}
2024-07-11 00:23:45,869 - INFO - Success on 11: 200 - {"IIVALUE": "09/14/2026 12:00:00 AM +00:00", "IIVALUEF": 0}
2024-07-11 00:23:46,252 - INFO - Success on 11: 200 - {"IIVALUE": "GIC*L", "IIVALUEF": 0}
2024-07-11 00:23:46,562 - INFO - Success on 11: 200 - {"IIVALUE": "Ventilated Cabinet 4", "IIVALUEF": 0}
2024-07-11 00:23:47,373 - INFO - Success on 11: 200 - {"IIVALUE": null, "IIVALUEF": 0}
2024-07-11 00:23:47,707 - INFO - Success on 11: 200 - {"IIVALUE": null, "IIVALUEF": 0}
2024-07-11 00:23:48,885 - INFO - Success on 11: 200 - {"IIVALUE": "607-144-00-9", "IIVALUEF": 0}
2024-07-11 00:23:49,189 - INFO - Success on 11: 200 - {"IIVALUE": "100.0", "IIVALUEF": 0}
2024-07-11 00:23:50,383 - INFO - Success on 11: 200 - {"IIVALUE": null, "IIVALUEF": 0}
2024-07-11 00:23:50,709 - INFO - Success on 11: 200 - {"IIVALUE": "Adv. Chemistry", "IIVALUEF": 0}
2024-07-11 00:23:51,890 - INFO - Success on 11: 200 - {"IIVALUE": null, "IIVALUEF": 0}
2024-07-11 00:23:52,198 - INFO - Success on 11: 200 - {"IIVALUE": "Adipic acid for synthesis ", "IIVALUEF": 0}
2024-07-11 00:23:52,512 - INFO - Success on 11: 200 - {"IIVALUE": "Merck", "IIVALUEF": 0}
2024-07-11 00:23:53,403 - INFO - Success on 11: 200 - {"IIVALUE": null, "IIVALUEF": 0}
2024-07-11 00:23:53,749 - INFO - Success on 11: 200 - {"IIVALUE": "g", "IIVALUEF": 0}
2024-07-11 00:23:54,913 - INFO - Success on 11: 200 - {"IIVALUE": null, "IIVALUEF": 0}
2024-07-11 00:23:55,268 - INFO - Success on 11: 200 - {"IIVALUE": "S6212350207", "IIVALUEF": 0}
2024-07-11 00:23:55,598 - INFO - Success on 12: 200 - {"SHORT_DESC": "Chemical & Consumables Container", "RQ_VALUE": null, "DESCRIPTION": "Chemical & Consumables Container"}
2024-07-11 00:23:56,794 - INFO - Success on 12: 200 - {"StatusTo": 5}
2024-07-11 00:23:57,174 - INFO - Success on 12: 200 - {"IIVALUE": "AS*L", "IIVALUEF": 0}
2024-07-11 00:23:57,933 - INFO - Success on 12: 200 - {"IIVALUE": null, "IIVALUEF": 0}
2024-07-11 00:23:58,274 - INFO - Success on 12: 200 - {"IIVALUE": "09/15/2023 12:00:00 AM +00:00", "IIVALUEF": 0}
2024-07-11 00:23:59,443 - INFO - Success on 12: 200 - {"IIVALUE": "09/14/2026 12:00:00 AM +00:00", "IIVALUEF": 0}
2024-07-11 00:23:59,769 - INFO - Success on 12: 200 - {"IIVALUE": "GIC*L", "IIVALUEF": 0}
2024-07-11 00:24:00,951 - INFO - Success on 12: 200 - {"IIVALUE": "Ventilated Cabinet 4", "IIVALUEF": 0}
2024-07-11 00:24:01,949 - INFO - Success on 12: 200 - {"IIVALUE": null, "IIVALUEF": 0}
2024-07-11 00:24:02,265 - INFO - Success on 12: 200 - {"IIVALUE": "Kepenne, Veronique", "IIVALUEF": 0}
2024-07-11 00:24:03,452 - INFO - Success on 12: 200 - {"IIVALUE": null, "IIVALUEF": 0}
2024-07-11 00:24:03,768 - INFO - Success on 12: 200 - {"IIVALUE": "25.0", "IIVALUEF": 0}
2024-07-11 00:24:04,953 - INFO - Success on 12: 200 - {"IIVALUE": null, "IIVALUEF": 0}
2024-07-11 00:24:05,285 - INFO - Success on 12: 200 - {"IIVALUE": "Adv. Chemistry", "IIVALUEF": 0}
2024-07-11 00:24:05,545 - INFO - Success on 12: 200 - {"IIVALUE": null, "IIVALUEF": 0}
2024-07-11 00:24:06,455 - INFO - Success on 12: 200 - {"IIVALUE": "Bromthymol blue indicator ", "IIVALUEF": 0}
2024-07-11 00:24:06,772 - INFO - Success on 12: 200 - {"IIVALUE": "Merck", "IIVALUEF": 0}
2024-07-11 00:24:07,964 - INFO - Success on 12: 200 - {"IIVALUE": null, "IIVALUEF": 0}
2024-07-11 00:24:08,305 - INFO - Success on 12: 200 - {"IIVALUE": "g", "IIVALUEF": 0}
2024-07-11 00:24:08,572 - INFO - Success on 12: 200 - {"IIVALUE": null, "IIVALUEF": 0}
2024-07-11 00:24:09,465 - INFO - Success on 12: 200 - {"IIVALUE": "1463719", "IIVALUEF": 0}
2024-07-11 00:24:09,793 - INFO - Success on 13: 200 - {"SHORT_DESC": "Chemical & Consumables Container", "RQ_VALUE": null, "DESCRIPTION": "Chemical & Consumables Container"}
2024-07-11 00:24:10,973 - INFO - Success on 13: 200 - {"StatusTo": 5}
2024-07-11 00:24:11,435 - INFO - Success on 13: 200 - {"IIVALUE": "AS*L", "IIVALUEF": 0}
2024-07-11 00:24:12,470 - INFO - Success on 13: 200 - {"IIVALUE": null, "IIVALUEF": 0}
2024-07-11 00:24:12,804 - INFO - Success on 13: 200 - {"IIVALUE": null, "IIVALUEF": 0}
2024-07-11 00:24:13,977 - INFO - Success on 13: 200 - {"IIVALUE": "08/31/2024 12:00:00 AM +00:00", "IIVALUEF": 0}
2024-07-11 00:24:14,286 - INFO - Success on 13: 200 - {"IIVALUE": "GIC*L", "IIVALUEF": 0}
2024-07-11 00:24:14,615 - INFO - Success on 13: 200 - {"IIVALUE": "Ventilated Cabinet 4", "IIVALUEF": 0}
2024-07-11 00:24:15,498 - INFO - Success on 13: 200 - {"IIVALUE": null, "IIVALUEF": 0}
2024-07-11 00:24:15,825 - INFO - Success on 13: 200 - {"IIVALUE": null, "IIVALUEF": 0}
2024-07-11 00:24:17,006 - INFO - Success on 13: 200 - {"IIVALUE": "6046-93-1", "IIVALUEF": 0}
2024-07-11 00:24:17,318 - INFO - Success on 13: 200 - {"IIVALUE": "250.0", "IIVALUEF": 0}
2024-07-11 00:24:17,590 - INFO - Success on 13: 200 - {"IIVALUE": null, "IIVALUEF": 0}
2024-07-11 00:24:18,507 - INFO - Success on 13: 200 - {"IIVALUE": "Adv. Chemistry", "IIVALUEF": 0}
2024-07-11 00:24:18,773 - INFO - Success on 13: 200 - {"IIVALUE": null, "IIVALUEF": 0}
2024-07-11 00:24:19,076 - INFO - Success on 13: 200 - {"IIVALUE": "Copper (II) acetate hydrate for analysis -ACS ", "IIVALUEF": 0}
2024-07-11 00:24:19,381 - INFO - Success on 13: 200 - {"IIVALUE": "CARLO ERBA", "IIVALUEF": 0}
2024-07-11 00:24:19,644 - INFO - Success on 13: 200 - {"IIVALUE": null, "IIVALUEF": 0}
2024-07-11 00:24:19,968 - INFO - Success on 13: 200 - {"IIVALUE": "g", "IIVALUEF": 0}
2024-07-11 00:24:20,229 - INFO - Success on 13: 200 - {"IIVALUE": null, "IIVALUEF": 0}
2024-07-11 00:24:21,535 - INFO - Success on 13: 200 - {"IIVALUE": "V5G762028H", "IIVALUEF": 0}
2024-07-11 00:24:21,864 - INFO - Success on 14: 200 - {"SHORT_DESC": "Chemical & Consumables Container", "RQ_VALUE": null, "DESCRIPTION": "Chemical & Consumables Container"}
2024-07-11 00:24:23,049 - INFO - Success on 14: 200 - {"StatusTo": 5}
2024-07-11 00:24:23,360 - INFO - Success on 14: 200 - {"IIVALUE": "AS*L", "IIVALUEF": 0}
2024-07-11 00:24:23,622 - INFO - Success on 14: 200 - {"IIVALUE": null, "IIVALUEF": 0}
2024-07-11 00:24:23,966 - INFO - Success on 14: 200 - {"IIVALUE": "09/15/2023 12:00:00 AM +00:00", "IIVALUEF": 0}
2024-07-11 00:24:24,299 - INFO - Success on 14: 200 - {"IIVALUE": "09/14/2026 12:00:00 AM +00:00", "IIVALUEF": 0}
2024-07-11 00:24:24,617 - INFO - Success on 14: 200 - {"IIVALUE": "GIC*L", "IIVALUEF": 0}
2024-07-11 00:24:24,922 - INFO - Success on 14: 200 - {"IIVALUE": "Ventilated Cabinet 4", "IIVALUEF": 0}
2024-07-11 00:24:25,180 - INFO - Success on 14: 200 - {"IIVALUE": null, "IIVALUEF": 0}
2024-07-11 00:24:25,485 - INFO - Success on 14: 200 - {"IIVALUE": "Dartevelle, Coralie", "IIVALUEF": 0}
2024-07-11 00:24:25,797 - INFO - Success on 14: 200 - {"IIVALUE": "6683-19-8", "IIVALUEF": 0}
2024-07-11 00:24:26,098 - INFO - Success on 14: 200 - {"IIVALUE": "140.0", "IIVALUEF": 0}
2024-07-11 00:24:26,441 - INFO - Success on 14: 200 - {"IIVALUE": "Method/Project: Chromato", "IIVALUEF": 0}
2024-07-11 00:24:26,795 - INFO - Success on 14: 200 - {"IIVALUE": "Adv. Chemistry", "IIVALUEF": 0}
2024-07-11 00:24:27,055 - INFO - Success on 14: 200 - {"IIVALUE": null, "IIVALUEF": 0}
2024-07-11 00:24:27,368 - INFO - Success on 14: 200 - {"IIVALUE": "pentaerythritol tetrakis(3,5-di-tert-butyl-4-hydroxyhydro-cinnamate)98% ", "IIVALUEF": 0}
2024-07-11 00:24:28,566 - INFO - Success on 14: 200 - {"IIVALUE": "Aldrich", "IIVALUEF": 0}
2024-07-11 00:24:28,823 - INFO - Success on 14: 200 - {"IIVALUE": null, "IIVALUEF": 0}
2024-07-11 00:24:30,079 - INFO - Success on 14: 200 - {"IIVALUE": "g", "IIVALUEF": 0}
2024-07-11 00:24:30,339 - INFO - Success on 14: 200 - {"IIVALUE": null, "IIVALUEF": 0}
2024-07-11 00:24:31,580 - INFO - Success on 14: 200 - {"IIVALUE": "MKBV3769V", "IIVALUEF": 0}
2024-07-11 00:24:31,889 - INFO - Success on 15: 200 - {"SHORT_DESC": "Chemical & Consumables Container", "RQ_VALUE": null, "DESCRIPTION": "Chemical & Consumables Container"}
2024-07-11 00:24:33,073 - INFO - Success on 15: 200 - {"StatusTo": 5}
2024-07-11 00:24:33,454 - INFO - Success on 15: 200 - {"IIVALUE": "AS*L", "IIVALUEF": 0}
2024-07-11 00:24:34,583 - INFO - Success on 15: 200 - {"IIVALUE": null, "IIVALUEF": 0}
2024-07-11 00:24:34,901 - INFO - Success on 15: 200 - {"IIVALUE": "09/15/2023 12:00:00 AM +00:00", "IIVALUEF": 0}
2024-07-11 00:24:36,092 - INFO - Success on 15: 200 - {"IIVALUE": "09/14/2026 12:00:00 AM +00:00", "IIVALUEF": 0}
2024-07-11 00:24:36,399 - INFO - Success on 15: 200 - {"IIVALUE": "GIC*L", "IIVALUEF": 0}
2024-07-11 00:24:36,701 - INFO - Success on 15: 200 - {"IIVALUE": "Ventilated Cabinet 4", "IIVALUEF": 0}
2024-07-11 00:24:36,956 - INFO - Success on 15: 200 - {"IIVALUE": null, "IIVALUEF": 0}
2024-07-11 00:24:37,272 - INFO - Success on 15: 200 - {"IIVALUE": "Dartevelle, Coralie", "IIVALUEF": 0}
2024-07-11 00:24:37,582 - INFO - Success on 15: 200 - {"IIVALUE": "6683-19-8", "IIVALUEF": 0}
2024-07-11 00:24:37,898 - INFO - Success on 15: 200 - {"IIVALUE": "120.0", "IIVALUEF": 0}
2024-07-11 00:24:38,205 - INFO - Success on 15: 200 - {"IIVALUE": "Method/Project: Chromato", "IIVALUEF": 0}
2024-07-11 00:24:38,540 - INFO - Success on 15: 200 - {"IIVALUE": "Adv. Chemistry", "IIVALUEF": 0}
2024-07-11 00:24:38,821 - INFO - Success on 15: 200 - {"IIVALUE": null, "IIVALUEF": 0}
2024-07-11 00:24:39,188 - INFO - Success on 15: 200 - {"IIVALUE": "pentaerythritol tetrakis(3,5-di-tert-butyl-4-hydroxyhydro-cinnamate)98% ", "IIVALUEF": 0}
2024-07-11 00:24:39,501 - INFO - Success on 15: 200 - {"IIVALUE": "Aldrich", "IIVALUEF": 0}
2024-07-11 00:24:39,756 - INFO - Success on 15: 200 - {"IIVALUE": null, "IIVALUEF": 0}
2024-07-11 00:24:40,130 - INFO - Success on 15: 200 - {"IIVALUE": "g", "IIVALUEF": 0}
2024-07-11 00:24:40,390 - INFO - Success on 15: 200 - {"IIVALUE": null, "IIVALUEF": 0}
2024-07-11 00:24:40,684 - INFO - Success on 15: 200 - {"IIVALUE": "MKBV3769V", "IIVALUEF": 0}
2024-07-11 00:24:40,997 - INFO - Success on 16: 200 - {"SHORT_DESC": "Chemical & Consumables Container", "RQ_VALUE": null, "DESCRIPTION": "Chemical & Consumables Container"}
2024-07-11 00:24:42,175 - INFO - Success on 16: 200 - {"StatusTo": 5}
2024-07-11 00:24:42,495 - INFO - Success on 16: 200 - {"IIVALUE": "AS*L", "IIVALUEF": 0}
2024-07-11 00:24:42,751 - INFO - Success on 16: 200 - {"IIVALUE": null, "IIVALUEF": 0}
2024-07-11 00:24:43,080 - INFO - Success on 16: 200 - {"IIVALUE": "09/30/2020 12:00:00 AM +00:00", "IIVALUEF": 0}
2024-07-11 00:24:43,421 - INFO - Success on 16: 200 - {"IIVALUE": "09/30/2023 12:00:00 AM +00:00", "IIVALUEF": 0}
2024-07-11 00:24:43,728 - INFO - Success on 16: 200 - {"IIVALUE": "GIC*L", "IIVALUEF": 0}
2024-07-11 00:24:44,037 - INFO - Success on 16: 200 - {"IIVALUE": "Ventilated Cabinet 4", "IIVALUEF": 0}
2024-07-11 00:24:44,290 - INFO - Success on 16: 200 - {"IIVALUE": null, "IIVALUEF": 0}
2024-07-11 00:24:44,604 - INFO - Success on 16: 200 - {"IIVALUE": "Dartevelle, Coralie", "IIVALUEF": 0}
2024-07-11 00:24:44,918 - INFO - Success on 16: 200 - {"IIVALUE": "140-66-9", "IIVALUEF": 0}
2024-07-11 00:24:45,217 - INFO - Success on 16: 200 - {"IIVALUE": "25.0", "IIVALUEF": 0}
2024-07-11 00:24:45,525 - INFO - Success on 16: 200 - {"IIVALUE": "Method/Project: Chromato", "IIVALUEF": 0}
2024-07-11 00:24:45,872 - INFO - Success on 16: 200 - {"IIVALUE": "Adv. Chemistry", "IIVALUEF": 0}
2024-07-11 00:24:46,122 - INFO - Success on 16: 200 - {"IIVALUE": null, "IIVALUEF": 0}
2024-07-11 00:24:46,459 - INFO - Success on 16: 200 - {"IIVALUE": "4-tert-octylphenol ", "IIVALUEF": 0}
2024-07-11 00:24:47,676 - INFO - Success on 16: 200 - {"IIVALUE": "Aldrich", "IIVALUEF": 0}
2024-07-11 00:24:47,929 - INFO - Success on 16: 200 - {"IIVALUE": null, "IIVALUEF": 0}
2024-07-11 00:24:48,234 - INFO - Success on 16: 200 - {"IIVALUE": "g", "IIVALUEF": 0}
2024-07-11 00:24:49,178 - INFO - Success on 16: 200 - {"IIVALUE": null, "IIVALUEF": 0}
2024-07-11 00:24:49,472 - INFO - Success on 16: 200 - {"IIVALUE": "MKCC1183 ", "IIVALUEF": 0}
2024-07-11 00:24:50,684 - INFO - Success on 17: 200 - {"SHORT_DESC": "Chemical & Consumables Container", "RQ_VALUE": null, "DESCRIPTION": "Chemical & Consumables Container"}
2024-07-11 00:24:51,867 - INFO - Success on 17: 200 - {"StatusTo": 5}
2024-07-11 00:24:52,503 - INFO - Success on 17: 200 - {"IIVALUE": "AS*L", "IIVALUEF": 0}
2024-07-11 00:24:52,760 - INFO - Success on 17: 200 - {"IIVALUE": null, "IIVALUEF": 0}
2024-07-11 00:24:53,688 - INFO - Success on 17: 200 - {"IIVALUE": "09/15/2023 12:00:00 AM +00:00", "IIVALUEF": 0}
2024-07-11 00:24:54,698 - INFO - Success on 17: 200 - {"IIVALUE": "09/14/2026 12:00:00 AM +00:00", "IIVALUEF": 0}
2024-07-11 00:24:55,011 - INFO - Success on 17: 200 - {"IIVALUE": "GIC*L", "IIVALUEF": 0}
2024-07-11 00:24:56,032 - INFO - Success on 17: 200 - {"IIVALUE": "Ventilated Cabinet 4", "IIVALUEF": 0}
2024-07-11 00:24:56,300 - INFO - Success on 17: 200 - {"IIVALUE": null, "IIVALUEF": 0}
2024-07-11 00:24:57,610 - INFO - Success on 17: 200 - {"IIVALUE": "Dartevelle, Coralie", "IIVALUEF": 0}
2024-07-11 00:24:58,601 - INFO - Success on 17: 200 - {"IIVALUE": null, "IIVALUEF": 0}
2024-07-11 00:24:58,931 - INFO - Success on 17: 200 - {"IIVALUE": "180.0", "IIVALUEF": 0}
2024-07-11 00:25:00,114 - INFO - Success on 17: 200 - {"IIVALUE": "Method/Project: Chromato", "IIVALUEF": 0}
2024-07-11 00:25:00,421 - INFO - Success on 17: 200 - {"IIVALUE": "Adv. Chemistry", "IIVALUEF": 0}
2024-07-11 00:25:01,622 - INFO - Success on 17: 200 - {"IIVALUE": null, "IIVALUEF": 0}
2024-07-11 00:25:01,928 - INFO - Success on 17: 200 - {"IIVALUE": "Naphthalin 99+% ", "IIVALUEF": 0}
2024-07-11 00:25:02,255 - INFO - Success on 17: 200 - {"IIVALUE": "Aldrich", "IIVALUEF": 0}
2024-07-11 00:25:03,136 - INFO - Success on 17: 200 - {"IIVALUE": null, "IIVALUEF": 0}
2024-07-11 00:25:03,446 - INFO - Success on 17: 200 - {"IIVALUE": "g", "IIVALUEF": 0}
2024-07-11 00:25:04,638 - INFO - Success on 17: 200 - {"IIVALUE": null, "IIVALUEF": 0}
2024-07-11 00:25:04,979 - INFO - Success on 17: 200 - {"IIVALUE": "310", "IIVALUEF": 0}
2024-07-11 00:25:05,314 - INFO - Success on 18: 200 - {"SHORT_DESC": "Chemical & Consumables Container", "RQ_VALUE": null, "DESCRIPTION": "Chemical & Consumables Container"}
2024-07-11 00:25:06,493 - INFO - Success on 18: 200 - {"StatusTo": 5}
2024-07-11 00:25:07,644 - INFO - Success on 18: 200 - {"IIVALUE": "AS*L", "IIVALUEF": 0}
2024-07-11 00:25:07,897 - INFO - Success on 18: 200 - {"IIVALUE": null, "IIVALUEF": 0}
2024-07-11 00:25:08,270 - INFO - Success on 18: 200 - {"IIVALUE": "09/15/2023 12:00:00 AM +00:00", "IIVALUEF": 0}
2024-07-11 00:25:09,155 - INFO - Success on 18: 200 - {"IIVALUE": "09/14/2026 12:00:00 AM +00:00", "IIVALUEF": 0}
2024-07-11 00:25:09,468 - INFO - Success on 18: 200 - {"IIVALUE": "GIC*L", "IIVALUEF": 0}
2024-07-11 00:25:10,670 - INFO - Success on 18: 200 - {"IIVALUE": "Ventilated Cabinet 4", "IIVALUEF": 0}
2024-07-11 00:25:10,910 - INFO - Success on 18: 200 - {"IIVALUE": null, "IIVALUEF": 0}
2024-07-11 00:25:11,235 - INFO - Success on 18: 200 - {"IIVALUE": "Dartevelle, Coralie", "IIVALUEF": 0}
2024-07-11 00:25:11,538 - INFO - Success on 18: 200 - {"IIVALUE": "10017-37-5", "IIVALUEF": 0}
2024-07-11 00:25:11,832 - INFO - Success on 18: 200 - {"IIVALUE": "50.0", "IIVALUEF": 0}
2024-07-11 00:25:12,159 - INFO - Success on 18: 200 - {"IIVALUE": "Method/Project: Chromato", "IIVALUEF": 0}
2024-07-11 00:25:12,464 - INFO - Success on 18: 200 - {"IIVALUE": "Adv. Chemistry", "IIVALUEF": 0}
2024-07-11 00:25:12,733 - INFO - Success on 18: 200 - {"IIVALUE": null, "IIVALUEF": 0}
2024-07-11 00:25:13,040 - INFO - Success on 18: 200 - {"IIVALUE": "tert-Butylamine hydro-chloride >98% ", "IIVALUEF": 0}
2024-07-11 00:25:13,389 - INFO - Success on 18: 200 - {"IIVALUE": "Fluka", "IIVALUEF": 0}
2024-07-11 00:25:14,197 - INFO - Success on 18: 200 - {"IIVALUE": null, "IIVALUEF": 0}
2024-07-11 00:25:15,201 - INFO - Success on 18: 200 - {"IIVALUE": "g", "IIVALUEF": 0}
2024-07-11 00:25:15,470 - INFO - Success on 18: 200 - {"IIVALUE": null, "IIVALUEF": 0}
2024-07-11 00:25:15,802 - INFO - Success on 18: 200 - {"IIVALUE": "1436684V", "IIVALUEF": 0}
2024-07-11 00:25:16,182 - INFO - Success on 19: 200 - {"SHORT_DESC": "Chemical & Consumables Container", "RQ_VALUE": null, "DESCRIPTION": "Chemical & Consumables Container"}
2024-07-11 00:25:17,379 - INFO - Success on 19: 200 - {"StatusTo": 5}
2024-07-11 00:25:17,779 - INFO - Success on 19: 200 - {"IIVALUE": "AS*L", "IIVALUEF": 0}
2024-07-11 00:25:18,044 - INFO - Success on 19: 200 - {"IIVALUE": null, "IIVALUEF": 0}
2024-07-11 00:25:18,351 - INFO - Success on 19: 200 - {"IIVALUE": "09/15/2023 12:00:00 AM +00:00", "IIVALUEF": 0}
2024-07-11 00:25:18,664 - INFO - Success on 19: 200 - {"IIVALUE": "09/14/2026 12:00:00 AM +00:00", "IIVALUEF": 0}
2024-07-11 00:25:18,972 - INFO - Success on 19: 200 - {"IIVALUE": "GIC*L", "IIVALUEF": 0}
2024-07-11 00:25:19,290 - INFO - Success on 19: 200 - {"IIVALUE": "Ventilated Cabinet 4", "IIVALUEF": 0}
2024-07-11 00:25:19,578 - INFO - Success on 19: 200 - {"IIVALUE": null, "IIVALUEF": 0}
2024-07-11 00:25:19,881 - INFO - Success on 19: 200 - {"IIVALUE": "Dartevelle, Coralie", "IIVALUEF": 0}
2024-07-11 00:25:20,206 - INFO - Success on 19: 200 - {"IIVALUE": "135-57-9", "IIVALUEF": 0}
2024-07-11 00:25:20,539 - INFO - Success on 19: 200 - {"IIVALUE": "100.0", "IIVALUEF": 0}
2024-07-11 00:25:20,840 - INFO - Success on 19: 200 - {"IIVALUE": "Method/Project: Chromato", "IIVALUEF": 0}
2024-07-11 00:25:21,141 - INFO - Success on 19: 200 - {"IIVALUE": "Adv. Chemistry", "IIVALUEF": 0}
2024-07-11 00:25:21,402 - INFO - Success on 19: 200 - {"IIVALUE": null, "IIVALUEF": 0}
2024-07-11 00:25:21,735 - INFO - Success on 19: 200 - {"IIVALUE": "Bis(2-benzamidophenyl) disulfide, 97% ", "IIVALUEF": 0}
2024-07-11 00:25:22,071 - INFO - Success on 19: 200 - {"IIVALUE": "Alfa Aesar", "IIVALUEF": 0}
2024-07-11 00:25:23,230 - INFO - Success on 19: 200 - {"IIVALUE": null, "IIVALUEF": 0}
2024-07-11 00:25:23,589 - INFO - Success on 19: 200 - {"IIVALUE": "g", "IIVALUEF": 0}
2024-07-11 00:25:23,838 - INFO - Success on 19: 200 - {"IIVALUE": null, "IIVALUEF": 0}
2024-07-11 00:25:24,148 - INFO - Success on 19: 200 - {"IIVALUE": "10116005", "IIVALUEF": 0}
2024-07-11 00:25:24,452 - INFO - Success on 20: 200 - {"SHORT_DESC": "Chemical & Consumables Container", "RQ_VALUE": null, "DESCRIPTION": "Chemical & Consumables Container"}
2024-07-11 00:25:25,635 - INFO - Success on 20: 200 - {"StatusTo": 5}
2024-07-11 00:25:25,958 - INFO - Success on 20: 200 - {"IIVALUE": "AS*L", "IIVALUEF": 0}
2024-07-11 00:25:26,208 - INFO - Success on 20: 200 - {"IIVALUE": null, "IIVALUEF": 0}
2024-07-11 00:25:27,240 - INFO - Success on 20: 200 - {"IIVALUE": "09/15/2023 12:00:00 AM +00:00", "IIVALUEF": 0}
2024-07-11 00:25:27,545 - INFO - Success on 20: 200 - {"IIVALUE": "09/14/2026 12:00:00 AM +00:00", "IIVALUEF": 0}
2024-07-11 00:25:27,849 - INFO - Success on 20: 200 - {"IIVALUE": "GIC*L", "IIVALUEF": 0}
2024-07-11 00:25:28,142 - INFO - Success on 20: 200 - {"IIVALUE": "Ventilated Cabinet 4", "IIVALUEF": 0}
2024-07-11 00:25:28,435 - INFO - Success on 20: 200 - {"IIVALUE": null, "IIVALUEF": 0}
2024-07-11 00:25:28,760 - INFO - Success on 20: 200 - {"IIVALUE": "Dartevelle, Coralie", "IIVALUEF": 0}
2024-07-11 00:25:29,068 - INFO - Success on 20: 200 - {"IIVALUE": "80-05-7", "IIVALUEF": 0}
2024-07-11 00:25:29,380 - INFO - Success on 20: 200 - {"IIVALUE": "50.0", "IIVALUEF": 0}
2024-07-11 00:25:29,685 - INFO - Success on 20: 200 - {"IIVALUE": "Method/Project: Chromato", "IIVALUEF": 0}
2024-07-11 00:25:29,993 - INFO - Success on 20: 200 - {"IIVALUE": "Adv. Chemistry", "IIVALUEF": 0}
2024-07-11 00:25:30,243 - INFO - Success on 20: 200 - {"IIVALUE": null, "IIVALUEF": 0}
2024-07-11 00:25:30,551 - INFO - Success on 20: 200 - {"IIVALUE": "Bisphenol A >99% ", "IIVALUEF": 0}
2024-07-11 00:25:30,870 - INFO - Success on 20: 200 - {"IIVALUE": "Aldrich", "IIVALUEF": 0}
2024-07-11 00:25:31,137 - INFO - Success on 20: 200 - {"IIVALUE": null, "IIVALUEF": 0}
2024-07-11 00:25:31,443 - INFO - Success on 20: 200 - {"IIVALUE": "g", "IIVALUEF": 0}
2024-07-11 00:25:31,702 - INFO - Success on 20: 200 - {"IIVALUE": null, "IIVALUEF": 0}
2024-07-11 00:25:32,020 - INFO - Success on 20: 200 - {"IIVALUE": "MKBX9458V", "IIVALUEF": 0}
2024-07-11 00:25:33,256 - INFO - Success on 21: 200 - {"SHORT_DESC": "Chemical & Consumables Container", "RQ_VALUE": null, "DESCRIPTION": "Chemical & Consumables Container"}
2024-07-11 00:25:34,460 - INFO - Success on 21: 200 - {"StatusTo": 5}
2024-07-11 00:25:34,786 - INFO - Success on 21: 200 - {"IIVALUE": "AS*L", "IIVALUEF": 0}
2024-07-11 00:25:35,037 - INFO - Success on 21: 200 - {"IIVALUE": null, "IIVALUEF": 0}
2024-07-11 00:25:35,386 - INFO - Success on 21: 200 - {"IIVALUE": "09/15/2023 12:00:00 AM +00:00", "IIVALUEF": 0}
2024-07-11 00:25:35,708 - INFO - Success on 21: 200 - {"IIVALUE": "09/14/2026 12:00:00 AM +00:00", "IIVALUEF": 0}
2024-07-11 00:25:36,009 - INFO - Success on 21: 200 - {"IIVALUE": "GIC*L", "IIVALUEF": 0}
2024-07-11 00:25:36,315 - INFO - Success on 21: 200 - {"IIVALUE": "Ventilated Cabinet 4", "IIVALUEF": 0}
2024-07-11 00:25:36,565 - INFO - Success on 21: 200 - {"IIVALUE": null, "IIVALUEF": 0}
2024-07-11 00:25:36,873 - INFO - Success on 21: 200 - {"IIVALUE": "Dartevelle, Coralie", "IIVALUEF": 0}
2024-07-11 00:25:37,188 - INFO - Success on 21: 200 - {"IIVALUE": "EEC 2049273", "IIVALUEF": 0}
2024-07-11 00:25:37,498 - INFO - Success on 21: 200 - {"IIVALUE": "25.0", "IIVALUEF": 0}
2024-07-11 00:25:37,799 - INFO - Success on 21: 200 - {"IIVALUE": "Method/Project: Chromato", "IIVALUEF": 0}
2024-07-11 00:25:38,117 - INFO - Success on 21: 200 - {"IIVALUE": "Adv. Chemistry", "IIVALUEF": 0}
2024-07-11 00:25:38,368 - INFO - Success on 21: 200 - {"IIVALUE": null, "IIVALUEF": 0}
2024-07-11 00:25:38,672 - INFO - Success on 21: 200 - {"IIVALUE": "Pyrene, 99% ", "IIVALUEF": 0}
2024-07-11 00:25:38,979 - INFO - Success on 21: 200 - {"IIVALUE": "Aldrich", "IIVALUEF": 0}
2024-07-11 00:25:39,224 - INFO - Success on 21: 200 - {"IIVALUE": null, "IIVALUEF": 0}
2024-07-11 00:25:39,592 - INFO - Success on 21: 200 - {"IIVALUE": "g", "IIVALUEF": 0}
2024-07-11 00:25:40,785 - INFO - Success on 21: 200 - {"IIVALUE": null, "IIVALUEF": 0}
2024-07-11 00:25:41,088 - INFO - Success on 21: 200 - {"IIVALUE": "14611-046", "IIVALUEF": 0}
2024-07-11 00:25:41,389 - INFO - Success on 22: 200 - {"SHORT_DESC": "Chemical & Consumables Container", "RQ_VALUE": null, "DESCRIPTION": "Chemical & Consumables Container"}
2024-07-11 00:25:42,581 - INFO - Success on 22: 200 - {"StatusTo": 5}
2024-07-11 00:25:42,923 - INFO - Success on 22: 200 - {"IIVALUE": "AS*L", "IIVALUEF": 0}
2024-07-11 00:25:43,192 - INFO - Success on 22: 200 - {"IIVALUE": null, "IIVALUEF": 0}
2024-07-11 00:25:43,525 - INFO - Success on 22: 200 - {"IIVALUE": "09/15/2023 12:00:00 AM +00:00", "IIVALUEF": 0}
2024-07-11 00:25:44,810 - INFO - Success on 22: 200 - {"IIVALUE": "09/14/2026 12:00:00 AM +00:00", "IIVALUEF": 0}
2024-07-11 00:25:45,117 - INFO - Success on 22: 200 - {"IIVALUE": "GIC*L", "IIVALUEF": 0}
2024-07-11 00:25:45,425 - INFO - Success on 22: 200 - {"IIVALUE": "Ventilated Cabinet 4", "IIVALUEF": 0}
2024-07-11 00:25:46,311 - INFO - Success on 22: 200 - {"IIVALUE": null, "IIVALUEF": 0}
2024-07-11 00:25:46,662 - INFO - Success on 22: 200 - {"IIVALUE": "Dartevelle, Coralie", "IIVALUEF": 0}
2024-07-11 00:25:46,971 - INFO - Success on 22: 200 - {"IIVALUE": "2387-23-7", "IIVALUEF": 0}
2024-07-11 00:25:47,283 - INFO - Success on 22: 200 - {"IIVALUE": "25.0", "IIVALUEF": 0}
2024-07-11 00:25:47,616 - INFO - Success on 22: 200 - {"IIVALUE": "Method/Project: Chromato", "IIVALUEF": 0}
2024-07-11 00:25:47,936 - INFO - Success on 22: 200 - {"IIVALUE": "Adv. Chemistry", "IIVALUEF": 0}
2024-07-11 00:25:48,192 - INFO - Success on 22: 200 - {"IIVALUE": null, "IIVALUEF": 0}
2024-07-11 00:25:48,493 - INFO - Success on 22: 200 - {"IIVALUE": "N,N'-Dicyclohexylurea ", "IIVALUEF": 0}
2024-07-11 00:25:48,808 - INFO - Success on 22: 200 - {"IIVALUE": "Aldrich", "IIVALUEF": 0}
2024-07-11 00:25:49,056 - INFO - Success on 22: 200 - {"IIVALUE": null, "IIVALUEF": 0}
2024-07-11 00:25:49,369 - INFO - Success on 22: 200 - {"IIVALUE": "g", "IIVALUEF": 0}
2024-07-11 00:25:49,626 - INFO - Success on 22: 200 - {"IIVALUE": null, "IIVALUEF": 0}
2024-07-11 00:25:49,960 - INFO - Success on 22: 200 - {"IIVALUE": "MKBP0510V", "IIVALUEF": 0}
2024-07-11 00:25:50,270 - INFO - Success on 23: 200 - {"SHORT_DESC": "Chemical & Consumables Container", "RQ_VALUE": null, "DESCRIPTION": "Chemical & Consumables Container"}
2024-07-11 00:25:51,461 - INFO - Success on 23: 200 - {"StatusTo": 5}
2024-07-11 00:25:51,789 - INFO - Success on 23: 200 - {"IIVALUE": "AS*L", "IIVALUEF": 0}
2024-07-11 00:25:52,045 - INFO - Success on 23: 200 - {"IIVALUE": null, "IIVALUEF": 0}
2024-07-11 00:25:52,406 - INFO - Success on 23: 200 - {"IIVALUE": "09/15/2023 12:00:00 AM +00:00", "IIVALUEF": 0}
2024-07-11 00:25:52,709 - INFO - Success on 23: 200 - {"IIVALUE": "09/14/2026 12:00:00 AM +00:00", "IIVALUEF": 0}
2024-07-11 00:25:53,008 - INFO - Success on 23: 200 - {"IIVALUE": "GIC*L", "IIVALUEF": 0}
2024-07-11 00:25:53,316 - INFO - Success on 23: 200 - {"IIVALUE": "Ventilated Cabinet 4", "IIVALUEF": 0}
2024-07-11 00:25:53,567 - INFO - Success on 23: 200 - {"IIVALUE": null, "IIVALUEF": 0}
2024-07-11 00:25:53,874 - INFO - Success on 23: 200 - {"IIVALUE": "Dartevelle, Coralie", "IIVALUEF": 0}
2024-07-11 00:25:54,123 - INFO - Success on 23: 200 - {"IIVALUE": null, "IIVALUEF": 0}
2024-07-11 00:25:54,420 - INFO - Success on 23: 200 - {"IIVALUE": "100.0", "IIVALUEF": 0}
2024-07-11 00:25:54,733 - INFO - Success on 23: 200 - {"IIVALUE": "Method/Project: Chromato", "IIVALUEF": 0}
2024-07-11 00:25:55,040 - INFO - Success on 23: 200 - {"IIVALUE": "Adv. Chemistry", "IIVALUEF": 0}
2024-07-11 00:25:55,298 - INFO - Success on 23: 200 - {"IIVALUE": null, "IIVALUEF": 0}
2024-07-11 00:25:55,609 - INFO - Success on 23: 200 - {"IIVALUE": "Dehydroabietic acid for chromato", "IIVALUEF": 0}
2024-07-11 00:25:55,913 - INFO - Success on 23: 200 - {"IIVALUE": "ICNPharmaceuticals", "IIVALUEF": 0}
2024-07-11 00:25:56,159 - INFO - Success on 23: 200 - {"IIVALUE": null, "IIVALUEF": 0}
2024-07-11 00:25:56,477 - INFO - Success on 23: 200 - {"IIVALUE": "g", "IIVALUEF": 0}
2024-07-11 00:25:56,740 - INFO - Success on 23: 200 - {"IIVALUE": null, "IIVALUEF": 0}
2024-07-11 00:25:57,046 - INFO - Success on 23: 200 - {"IIVALUE": "18144-A", "IIVALUEF": 0}
2024-07-11 00:25:57,368 - INFO - Success on 24: 200 - {"SHORT_DESC": "Chemical & Consumables Container", "RQ_VALUE": null, "DESCRIPTION": "Chemical & Consumables Container"}
2024-07-11 00:25:58,562 - INFO - Success on 24: 200 - {"StatusTo": 5}
2024-07-11 00:25:58,899 - INFO - Success on 24: 200 - {"IIVALUE": "AS*L", "IIVALUEF": 0}
2024-07-11 00:25:59,158 - INFO - Success on 24: 200 - {"IIVALUE": null, "IIVALUEF": 0}
2024-07-11 00:25:59,462 - INFO - Success on 24: 200 - {"IIVALUE": "09/15/2023 12:00:00 AM +00:00", "IIVALUEF": 0}
2024-07-11 00:25:59,798 - INFO - Success on 24: 200 - {"IIVALUE": "09/14/2026 12:00:00 AM +00:00", "IIVALUEF": 0}
2024-07-11 00:26:00,109 - INFO - Success on 24: 200 - {"IIVALUE": "GIC*L", "IIVALUEF": 0}
2024-07-11 00:26:00,458 - INFO - Success on 24: 200 - {"IIVALUE": "Ventilated Cabinet 4", "IIVALUEF": 0}
2024-07-11 00:26:00,713 - INFO - Success on 24: 200 - {"IIVALUE": null, "IIVALUEF": 0}
2024-07-11 00:26:01,001 - INFO - Success on 24: 200 - {"IIVALUE": "Dartevelle, Coralie", "IIVALUEF": 0}
2024-07-11 00:26:01,283 - INFO - Success on 24: 200 - {"IIVALUE": null, "IIVALUEF": 0}
2024-07-11 00:26:02,390 - INFO - Success on 24: 200 - {"IIVALUE": "100.0", "IIVALUEF": 0}
2024-07-11 00:26:02,724 - INFO - Success on 24: 200 - {"IIVALUE": "Method/Project: Chromato", "IIVALUEF": 0}
2024-07-11 00:26:03,017 - INFO - Success on 24: 200 - {"IIVALUE": "Adv. Chemistry", "IIVALUEF": 0}
2024-07-11 00:26:03,892 - INFO - Success on 24: 200 - {"IIVALUE": null, "IIVALUEF": 0}
2024-07-11 00:26:04,223 - INFO - Success on 24: 200 - {"IIVALUE": "Abietic acid ", "IIVALUEF": 0}
2024-07-11 00:26:04,533 - INFO - Success on 24: 200 - {"IIVALUE": "Fluka AG", "IIVALUEF": 0}
2024-07-11 00:26:05,413 - INFO - Success on 24: 200 - {"IIVALUE": null, "IIVALUEF": 0}
2024-07-11 00:26:05,733 - INFO - Success on 24: 200 - {"IIVALUE": "g", "IIVALUEF": 0}
2024-07-11 00:26:05,996 - INFO - Success on 24: 200 - {"IIVALUE": null, "IIVALUEF": 0}
2024-07-11 00:26:06,306 - INFO - Success on 24: 200 - {"IIVALUE": "168272103", "IIVALUEF": 0}
2024-07-11 00:26:07,416 - INFO - Success on 25: 200 - {"SHORT_DESC": "Chemical & Consumables Container", "RQ_VALUE": null, "DESCRIPTION": "Chemical & Consumables Container"}
2024-07-11 00:26:08,600 - INFO - Success on 25: 200 - {"StatusTo": 5}
2024-07-11 00:26:08,911 - INFO - Success on 25: 200 - {"IIVALUE": "AS*L", "IIVALUEF": 0}
2024-07-11 00:26:09,175 - INFO - Success on 25: 200 - {"IIVALUE": null, "IIVALUEF": 0}
2024-07-11 00:26:09,489 - INFO - Success on 25: 200 - {"IIVALUE": "09/15/2023 12:00:00 AM +00:00", "IIVALUEF": 0}
2024-07-11 00:26:09,786 - INFO - Success on 25: 200 - {"IIVALUE": "09/14/2026 12:00:00 AM +00:00", "IIVALUEF": 0}
2024-07-11 00:26:10,126 - INFO - Success on 25: 200 - {"IIVALUE": "GIC*L", "IIVALUEF": 0}
2024-07-11 00:26:10,973 - INFO - Success on 25: 200 - {"IIVALUE": "Ventilated Cabinet 4", "IIVALUEF": 0}
2024-07-11 00:26:11,225 - INFO - Success on 25: 200 - {"IIVALUE": null, "IIVALUEF": 0}
2024-07-11 00:26:11,561 - INFO - Success on 25: 200 - {"IIVALUE": "Dartevelle, Coralie", "IIVALUEF": 0}
2024-07-11 00:26:11,865 - INFO - Success on 25: 200 - {"IIVALUE": "98-54-4", "IIVALUEF": 0}
2024-07-11 00:26:12,994 - INFO - Success on 25: 200 - {"IIVALUE": "100.0", "IIVALUEF": 0}
2024-07-11 00:26:13,340 - INFO - Success on 25: 200 - {"IIVALUE": "Method/Project: Chromato", "IIVALUEF": 0}
2024-07-11 00:26:13,660 - INFO - Success on 25: 200 - {"IIVALUE": "Adv. Chemistry", "IIVALUEF": 0}
2024-07-11 00:26:14,497 - INFO - Success on 25: 200 - {"IIVALUE": null, "IIVALUEF": 0}
2024-07-11 00:26:14,799 - INFO - Success on 25: 200 - {"IIVALUE": "4-tert-Butyl-phenol for synthesis lot ", "IIVALUEF": 0}
2024-07-11 00:26:15,096 - INFO - Success on 25: 200 - {"IIVALUE": "Merck", "IIVALUEF": 0}
2024-07-11 00:26:15,343 - INFO - Success on 25: 200 - {"IIVALUE": null, "IIVALUEF": 0}
2024-07-11 00:26:16,513 - INFO - Success on 25: 200 - {"IIVALUE": "g", "IIVALUEF": 0}
2024-07-11 00:26:16,764 - INFO - Success on 25: 200 - {"IIVALUE": null, "IIVALUEF": 0}
2024-07-11 00:26:17,110 - INFO - Success on 25: 200 - {"IIVALUE": "S6147050 141", "IIVALUEF": 0}
2024-07-11 00:26:17,439 - INFO - Success on 26: 200 - {"SHORT_DESC": "Chemical & Consumables Container", "RQ_VALUE": null, "DESCRIPTION": "Chemical & Consumables Container"}
2024-07-11 00:26:18,621 - INFO - Success on 26: 200 - {"StatusTo": 5}
2024-07-11 00:26:18,940 - INFO - Success on 26: 200 - {"IIVALUE": "AS*L", "IIVALUEF": 0}
2024-07-11 00:26:19,235 - INFO - Success on 26: 200 - {"IIVALUE": null, "IIVALUEF": 0}
2024-07-11 00:26:19,534 - INFO - Success on 26: 200 - {"IIVALUE": "09/15/2023 12:00:00 AM +00:00", "IIVALUEF": 0}
2024-07-11 00:26:19,837 - INFO - Success on 26: 200 - {"IIVALUE": "09/14/2026 12:00:00 AM +00:00", "IIVALUEF": 0}
2024-07-11 00:26:20,139 - INFO - Success on 26: 200 - {"IIVALUE": "GIC*L", "IIVALUEF": 0}
2024-07-11 00:26:20,434 - INFO - Success on 26: 200 - {"IIVALUE": "Ventilated Cabinet 4", "IIVALUEF": 0}
2024-07-11 00:26:20,687 - INFO - Success on 26: 200 - {"IIVALUE": null, "IIVALUEF": 0}
2024-07-11 00:26:20,985 - INFO - Success on 26: 200 - {"IIVALUE": "Dartevelle, Coralie", "IIVALUEF": 0}
2024-07-11 00:26:22,024 - INFO - Success on 26: 200 - {"IIVALUE": null, "IIVALUEF": 0}
2024-07-11 00:26:23,023 - INFO - Success on 26: 200 - {"IIVALUE": "5.0", "IIVALUEF": 0}
2024-07-11 00:26:24,034 - INFO - Success on 26: 200 - {"IIVALUE": "Method/Project: Chromato", "IIVALUEF": 0}
2024-07-11 00:26:24,352 - INFO - Success on 26: 200 - {"IIVALUE": "Adv. Chemistry", "IIVALUEF": 0}
2024-07-11 00:26:24,600 - INFO - Success on 26: 200 - {"IIVALUE": null, "IIVALUEF": 0}
2024-07-11 00:26:24,907 - INFO - Success on 26: 200 - {"IIVALUE": "Fluoranthene, 98% lot ", "IIVALUEF": 0}
2024-07-11 00:26:25,209 - INFO - Success on 26: 200 - {"IIVALUE": "Aldrich", "IIVALUEF": 0}
2024-07-11 00:26:25,458 - INFO - Success on 26: 200 - {"IIVALUE": null, "IIVALUEF": 0}
2024-07-11 00:26:25,769 - INFO - Success on 26: 200 - {"IIVALUE": "g", "IIVALUEF": 0}
2024-07-11 00:26:26,022 - INFO - Success on 26: 200 - {"IIVALUE": null, "IIVALUEF": 0}
2024-07-11 00:26:26,381 - INFO - Success on 26: 200 - {"IIVALUE": "12301-055", "IIVALUEF": 0}
2024-07-11 00:26:26,685 - INFO - Success on 27: 200 - {"SHORT_DESC": "Chemical & Consumables Container", "RQ_VALUE": null, "DESCRIPTION": "Chemical & Consumables Container"}
2024-07-11 00:26:27,864 - INFO - Success on 27: 200 - {"StatusTo": 5}
2024-07-11 00:26:28,261 - INFO - Success on 27: 200 - {"IIVALUE": "AS*L", "IIVALUEF": 0}
2024-07-11 00:26:28,518 - INFO - Success on 27: 200 - {"IIVALUE": null, "IIVALUEF": 0}
2024-07-11 00:26:28,837 - INFO - Success on 27: 200 - {"IIVALUE": "10/07/2018 12:00:00 AM +00:00", "IIVALUEF": 0}
2024-07-11 00:26:29,138 - INFO - Success on 27: 200 - {"IIVALUE": "09/07/2021 12:00:00 AM +00:00", "IIVALUEF": 0}
2024-07-11 00:26:29,437 - INFO - Success on 27: 200 - {"IIVALUE": "GIC*L", "IIVALUEF": 0}
2024-07-11 00:26:29,752 - INFO - Success on 27: 200 - {"IIVALUE": "Ventilated Cabinet 4", "IIVALUEF": 0}
2024-07-11 00:26:30,030 - INFO - Success on 27: 200 - {"IIVALUE": null, "IIVALUEF": 0}
2024-07-11 00:26:31,088 - INFO - Success on 27: 200 - {"IIVALUE": "Dartevelle, Coralie", "IIVALUEF": 0}
2024-07-11 00:26:31,399 - INFO - Success on 27: 200 - {"IIVALUE": "13081-97-5", "IIVALUEF": 0}
2024-07-11 00:26:31,696 - INFO - Success on 27: 200 - {"IIVALUE": "25.0", "IIVALUEF": 0}
2024-07-11 00:26:31,992 - INFO - Success on 27: 200 - {"IIVALUE": "Method/Project: Chromato", "IIVALUEF": 0}
2024-07-11 00:26:33,091 - INFO - Success on 27: 200 - {"IIVALUE": "Adv. Chemistry", "IIVALUEF": 0}
2024-07-11 00:26:33,339 - INFO - Success on 27: 200 - {"IIVALUE": null, "IIVALUEF": 0}
2024-07-11 00:26:33,661 - INFO - Success on 27: 200 - {"IIVALUE": "Pentaerythritol distearate, 95% ", "IIVALUEF": 0}
2024-07-11 00:26:33,959 - INFO - Success on 27: 200 - {"IIVALUE": "abcr", "IIVALUEF": 0}
2024-07-11 00:26:35,115 - INFO - Success on 27: 200 - {"IIVALUE": null, "IIVALUEF": 0}
2024-07-11 00:26:35,424 - INFO - Success on 27: 200 - {"IIVALUE": "g", "IIVALUEF": 0}
2024-07-11 00:26:35,694 - INFO - Success on 27: 200 - {"IIVALUE": null, "IIVALUEF": 0}
2024-07-11 00:26:36,617 - INFO - Success on 27: 200 - {"IIVALUE": "1382660", "IIVALUEF": 0}
2024-07-11 00:26:36,925 - INFO - Success on 28: 200 - {"SHORT_DESC": "Chemical & Consumables Container", "RQ_VALUE": null, "DESCRIPTION": "Chemical & Consumables Container"}
2024-07-11 00:26:38,108 - INFO - Success on 28: 200 - {"StatusTo": 5}
2024-07-11 00:26:38,419 - INFO - Success on 28: 200 - {"IIVALUE": "AS*L", "IIVALUEF": 0}
2024-07-11 00:26:38,670 - INFO - Success on 28: 200 - {"IIVALUE": null, "IIVALUEF": 0}
2024-07-11 00:26:39,063 - INFO - Success on 28: 200 - {"IIVALUE": "09/15/2023 12:00:00 AM +00:00", "IIVALUEF": 0}
2024-07-11 00:26:39,357 - INFO - Success on 28: 200 - {"IIVALUE": "09/14/2026 12:00:00 AM +00:00", "IIVALUEF": 0}
2024-07-11 00:26:39,656 - INFO - Success on 28: 200 - {"IIVALUE": "GIC*L", "IIVALUEF": 0}
2024-07-11 00:26:39,966 - INFO - Success on 28: 200 - {"IIVALUE": "Ventilated Cabinet 4", "IIVALUEF": 0}
2024-07-11 00:26:40,231 - INFO - Success on 28: 200 - {"IIVALUE": null, "IIVALUEF": 0}
2024-07-11 00:26:40,536 - INFO - Success on 28: 200 - {"IIVALUE": "BKF", "IIVALUEF": 0}
2024-07-11 00:26:40,838 - INFO - Success on 28: 200 - {"IIVALUE": "119-47-1", "IIVALUEF": 0}
2024-07-11 00:26:41,193 - INFO - Success on 28: 200 - {"IIVALUE": "100.0", "IIVALUEF": 0}
2024-07-11 00:26:41,501 - INFO - Success on 28: 200 - {"IIVALUE": "Method/Project: Vulkanox", "IIVALUEF": 0}
2024-07-11 00:26:41,806 - INFO - Success on 28: 200 - {"IIVALUE": "Adv. Chemistry", "IIVALUEF": 0}
2024-07-11 00:26:42,068 - INFO - Success on 28: 200 - {"IIVALUE": null, "IIVALUEF": 0}
2024-07-11 00:26:42,447 - INFO - Success on 28: 200 - {"IIVALUE": "2,2'-Methylenebis(4-methyl-6-tert-butylphenol) for synthesis", "IIVALUEF": 0}
2024-07-11 00:26:42,754 - INFO - Success on 28: 200 - {"IIVALUE": "Merck", "IIVALUEF": 0}
2024-07-11 00:26:43,007 - INFO - Success on 28: 200 - {"IIVALUE": null, "IIVALUEF": 0}
2024-07-11 00:26:43,380 - INFO - Success on 28: 200 - {"IIVALUE": "g", "IIVALUEF": 0}
2024-07-11 00:26:43,630 - INFO - Success on 28: 200 - {"IIVALUE": null, "IIVALUEF": 0}
2024-07-11 00:26:43,883 - INFO - Success on 28: 200 - {"IIVALUE": null, "IIVALUEF": 0}
2024-07-11 00:26:44,186 - INFO - Success on 29: 200 - {"SHORT_DESC": "Chemical & Consumables Container", "RQ_VALUE": null, "DESCRIPTION": "Chemical & Consumables Container"}
2024-07-11 00:26:45,372 - INFO - Success on 29: 200 - {"StatusTo": 5}
2024-07-11 00:26:45,678 - INFO - Success on 29: 200 - {"IIVALUE": "AS*L", "IIVALUEF": 0}
2024-07-11 00:26:45,928 - INFO - Success on 29: 200 - {"IIVALUE": null, "IIVALUEF": 0}
2024-07-11 00:26:46,233 - INFO - Success on 29: 200 - {"IIVALUE": "09/15/2023 12:00:00 AM +00:00", "IIVALUEF": 0}
2024-07-11 00:26:46,545 - INFO - Success on 29: 200 - {"IIVALUE": "09/14/2026 12:00:00 AM +00:00", "IIVALUEF": 0}
2024-07-11 00:26:46,862 - INFO - Success on 29: 200 - {"IIVALUE": "GIC*L", "IIVALUEF": 0}
2024-07-11 00:26:47,179 - INFO - Success on 29: 200 - {"IIVALUE": "Ventilated Cabinet 4", "IIVALUEF": 0}
2024-07-11 00:26:47,475 - INFO - Success on 29: 200 - {"IIVALUE": null, "IIVALUEF": 0}
2024-07-11 00:26:47,823 - INFO - Success on 29: 200 - {"IIVALUE": "Dartevelle, Coralie", "IIVALUEF": 0}
2024-07-11 00:26:48,086 - INFO - Success on 29: 200 - {"IIVALUE": null, "IIVALUEF": 0}
2024-07-11 00:26:48,411 - INFO - Success on 29: 200 - {"IIVALUE": "260.0", "IIVALUEF": 0}
2024-07-11 00:26:48,713 - INFO - Success on 29: 200 - {"IIVALUE": "Method/Project: Chromato", "IIVALUEF": 0}
2024-07-11 00:26:49,054 - INFO - Success on 29: 200 - {"IIVALUE": "Adv. Chemistry", "IIVALUEF": 0}
2024-07-11 00:26:50,221 - INFO - Success on 29: 200 - {"IIVALUE": null, "IIVALUEF": 0}
2024-07-11 00:26:50,532 - INFO - Success on 29: 200 - {"IIVALUE": "Phenanthren for synthesis ", "IIVALUEF": 0}
2024-07-11 00:26:50,835 - INFO - Success on 29: 200 - {"IIVALUE": "Merck", "IIVALUEF": 0}
2024-07-11 00:26:51,722 - INFO - Success on 29: 200 - {"IIVALUE": null, "IIVALUEF": 0}
2024-07-11 00:26:52,068 - INFO - Success on 29: 200 - {"IIVALUE": "g", "IIVALUEF": 0}
2024-07-11 00:26:53,239 - INFO - Success on 29: 200 - {"IIVALUE": null, "IIVALUEF": 0}
2024-07-11 00:26:53,555 - INFO - Success on 29: 200 - {"IIVALUE": "7246811", "IIVALUEF": 0}
2024-07-11 00:26:53,863 - INFO - Success on 30: 200 - {"SHORT_DESC": "Chemical & Consumables Container", "RQ_VALUE": null, "DESCRIPTION": "Chemical & Consumables Container"}
2024-07-11 00:26:55,064 - INFO - Success on 30: 200 - {"StatusTo": 5}
2024-07-11 00:26:55,382 - INFO - Success on 30: 200 - {"IIVALUE": "AS*L", "IIVALUEF": 0}
2024-07-11 00:26:55,650 - INFO - Success on 30: 200 - {"IIVALUE": null, "IIVALUEF": 0}
2024-07-11 00:26:55,954 - INFO - Success on 30: 200 - {"IIVALUE": "09/15/2023 12:00:00 AM +00:00", "IIVALUEF": 0}
2024-07-11 00:26:57,255 - INFO - Success on 30: 200 - {"IIVALUE": "09/14/2026 12:00:00 AM +00:00", "IIVALUEF": 0}
2024-07-11 00:26:57,554 - INFO - Success on 30: 200 - {"IIVALUE": "GIC*L", "IIVALUEF": 0}
2024-07-11 00:26:57,864 - INFO - Success on 30: 200 - {"IIVALUE": "Ventilated Cabinet 4", "IIVALUEF": 0}
2024-07-11 00:26:58,133 - INFO - Success on 30: 200 - {"IIVALUE": null, "IIVALUEF": 0}
2024-07-11 00:26:59,261 - INFO - Success on 30: 200 - {"IIVALUE": "Dartevelle, Coralie", "IIVALUEF": 0}
2024-07-11 00:26:59,576 - INFO - Success on 30: 200 - {"IIVALUE": "85-41-6", "IIVALUEF": 0}
2024-07-11 00:26:59,919 - INFO - Success on 30: 200 - {"IIVALUE": "50.0", "IIVALUEF": 0}
2024-07-11 00:27:00,218 - INFO - Success on 30: 200 - {"IIVALUE": "Method/Project: Chromato", "IIVALUEF": 0}
2024-07-11 00:27:00,518 - INFO - Success on 30: 200 - {"IIVALUE": "Adv. Chemistry", "IIVALUEF": 0}
2024-07-11 00:27:00,762 - INFO - Success on 30: 200 - {"IIVALUE": null, "IIVALUEF": 0}
2024-07-11 00:27:01,058 - INFO - Success on 30: 200 - {"IIVALUE": "Phthalimide ", "IIVALUEF": 0}
2024-07-11 00:27:01,378 - INFO - Success on 30: 200 - {"IIVALUE": "Aldrich", "IIVALUEF": 0}
2024-07-11 00:27:01,632 - INFO - Success on 30: 200 - {"IIVALUE": null, "IIVALUEF": 0}
2024-07-11 00:27:01,951 - INFO - Success on 30: 200 - {"IIVALUE": "g", "IIVALUEF": 0}
2024-07-11 00:27:02,205 - INFO - Success on 30: 200 - {"IIVALUE": null, "IIVALUEF": 0}
2024-07-11 00:27:02,514 - INFO - Success on 30: 200 - {"IIVALUE": "MKBJ4564V", "IIVALUEF": 0}
2024-07-11 00:27:02,816 - INFO - Success on 31: 200 - {"SHORT_DESC": "Chemical & Consumables Container", "RQ_VALUE": null, "DESCRIPTION": "Chemical & Consumables Container"}
2024-07-11 00:27:03,997 - INFO - Success on 31: 200 - {"StatusTo": 5}
2024-07-11 00:27:04,312 - INFO - Success on 31: 200 - {"IIVALUE": "AS*L", "IIVALUEF": 0}
2024-07-11 00:27:04,558 - INFO - Success on 31: 200 - {"IIVALUE": null, "IIVALUEF": 0}
2024-07-11 00:27:04,901 - INFO - Success on 31: 200 - {"IIVALUE": "09/15/2023 12:00:00 AM +00:00", "IIVALUEF": 0}
2024-07-11 00:27:05,212 - INFO - Success on 31: 200 - {"IIVALUE": "09/14/2026 12:00:00 AM +00:00", "IIVALUEF": 0}
2024-07-11 00:27:05,545 - INFO - Success on 31: 200 - {"IIVALUE": "GIC*L", "IIVALUEF": 0}
2024-07-11 00:27:05,852 - INFO - Success on 31: 200 - {"IIVALUE": "Ventilated Cabinet 4", "IIVALUEF": 0}
2024-07-11 00:27:06,107 - INFO - Success on 31: 200 - {"IIVALUE": null, "IIVALUEF": 0}
2024-07-11 00:27:06,422 - INFO - Success on 31: 200 - {"IIVALUE": "Dartevelle, Coralie", "IIVALUEF": 0}
2024-07-11 00:27:06,732 - INFO - Success on 31: 200 - {"IIVALUE": "96-76-4", "IIVALUEF": 0}
2024-07-11 00:27:07,031 - INFO - Success on 31: 200 - {"IIVALUE": "100.0", "IIVALUEF": 0}
2024-07-11 00:27:07,343 - INFO - Success on 31: 200 - {"IIVALUE": "Method/Project: Chromato", "IIVALUEF": 0}
2024-07-11 00:27:07,652 - INFO - Success on 31: 200 - {"IIVALUE": "Adv. Chemistry", "IIVALUEF": 0}
2024-07-11 00:27:07,905 - INFO - Success on 31: 200 - {"IIVALUE": null, "IIVALUEF": 0}
2024-07-11 00:27:08,230 - INFO - Success on 31: 200 - {"IIVALUE": "2,4-Di-tert-butylphenol 99% ", "IIVALUEF": 0}
2024-07-11 00:27:08,539 - INFO - Success on 31: 200 - {"IIVALUE": "Aldrich", "IIVALUEF": 0}
2024-07-11 00:27:08,792 - INFO - Success on 31: 200 - {"IIVALUE": null, "IIVALUEF": 0}
2024-07-11 00:27:09,126 - INFO - Success on 31: 200 - {"IIVALUE": "g", "IIVALUEF": 0}
2024-07-11 00:27:09,392 - INFO - Success on 31: 200 - {"IIVALUE": null, "IIVALUEF": 0}
2024-07-11 00:27:09,692 - INFO - Success on 31: 200 - {"IIVALUE": "BCBQ9479V", "IIVALUEF": 0}
2024-07-11 00:27:10,001 - INFO - Success on 32: 200 - {"SHORT_DESC": "Chemical & Consumables Container", "RQ_VALUE": null, "DESCRIPTION": "Chemical & Consumables Container"}
2024-07-11 00:27:11,179 - INFO - Success on 32: 200 - {"StatusTo": 5}
2024-07-11 00:27:11,547 - INFO - Success on 32: 200 - {"IIVALUE": "AS*L", "IIVALUEF": 0}
2024-07-11 00:27:11,803 - INFO - Success on 32: 200 - {"IIVALUE": null, "IIVALUEF": 0}
2024-07-11 00:27:12,134 - INFO - Success on 32: 200 - {"IIVALUE": "04/30/2021 12:00:00 AM +00:00", "IIVALUEF": 0}
2024-07-11 00:27:12,458 - INFO - Success on 32: 200 - {"IIVALUE": "04/29/2024 12:00:00 AM +00:00", "IIVALUEF": 0}
2024-07-11 00:27:12,762 - INFO - Success on 32: 200 - {"IIVALUE": "GIC*L", "IIVALUEF": 0}
2024-07-11 00:27:13,067 - INFO - Success on 32: 200 - {"IIVALUE": "Ventilated Cabinet 4", "IIVALUEF": 0}
2024-07-11 00:27:13,328 - INFO - Success on 32: 200 - {"IIVALUE": null, "IIVALUEF": 0}
2024-07-11 00:27:13,671 - INFO - Success on 32: 200 - {"IIVALUE": "Filho, Ricardo", "IIVALUEF": 0}
2024-07-11 00:27:13,967 - INFO - Success on 32: 200 - {"IIVALUE": "882-33-7", "IIVALUEF": 0}
2024-07-11 00:27:14,259 - INFO - Success on 32: 200 - {"IIVALUE": "50.0", "IIVALUEF": 0}
2024-07-11 00:27:14,564 - INFO - Success on 32: 200 - {"IIVALUE": "Method/Project: Devulcanization", "IIVALUEF": 0}
2024-07-11 00:27:14,874 - INFO - Success on 32: 200 - {"IIVALUE": "Adv. Chemistry", "IIVALUEF": 0}
2024-07-11 00:27:15,170 - INFO - Success on 32: 200 - {"IIVALUE": null, "IIVALUEF": 0}
2024-07-11 00:27:15,481 - INFO - Success on 32: 200 - {"IIVALUE": "Diphenyl disulfide, 99%  ", "IIVALUEF": 0}
2024-07-11 00:27:15,784 - INFO - Success on 32: 200 - {"IIVALUE": "jk-scientific", "IIVALUEF": 0}
2024-07-11 00:27:16,034 - INFO - Success on 32: 200 - {"IIVALUE": null, "IIVALUEF": 0}
2024-07-11 00:27:16,380 - INFO - Success on 32: 200 - {"IIVALUE": "g", "IIVALUEF": 0}
2024-07-11 00:27:16,645 - INFO - Success on 32: 200 - {"IIVALUE": null, "IIVALUEF": 0}
2024-07-11 00:27:17,857 - INFO - Success on 32: 200 - {"IIVALUE": "L820S39", "IIVALUEF": 0}
2024-07-11 00:27:18,240 - INFO - Success on 33: 200 - {"SHORT_DESC": "Chemical & Consumables Container", "RQ_VALUE": null, "DESCRIPTION": "Chemical & Consumables Container"}
2024-07-11 00:27:19,415 - INFO - Success on 33: 200 - {"StatusTo": 5}
2024-07-11 00:27:19,725 - INFO - Success on 33: 200 - {"IIVALUE": "AS*L", "IIVALUEF": 0}
2024-07-11 00:27:20,008 - INFO - Success on 33: 200 - {"IIVALUE": null, "IIVALUEF": 0}
2024-07-11 00:27:20,331 - INFO - Success on 33: 200 - {"IIVALUE": "09/15/2023 12:00:00 AM +00:00", "IIVALUEF": 0}
2024-07-11 00:27:20,642 - INFO - Success on 33: 200 - {"IIVALUE": "09/14/2026 12:00:00 AM +00:00", "IIVALUEF": 0}
2024-07-11 00:27:20,948 - INFO - Success on 33: 200 - {"IIVALUE": "GIC*L", "IIVALUEF": 0}
2024-07-11 00:27:21,255 - INFO - Success on 33: 200 - {"IIVALUE": "Ventilated Cabinet 4", "IIVALUEF": 0}
2024-07-11 00:27:21,516 - INFO - Success on 33: 200 - {"IIVALUE": null, "IIVALUEF": 0}
2024-07-11 00:27:21,863 - INFO - Success on 33: 200 - {"IIVALUE": "Filho, Ricardo", "IIVALUEF": 0}
2024-07-11 00:27:22,171 - INFO - Success on 33: 200 - {"IIVALUE": "143-27-1", "IIVALUEF": 0}
2024-07-11 00:27:22,520 - INFO - Success on 33: 200 - {"IIVALUE": "25.0", "IIVALUEF": 0}
2024-07-11 00:27:22,829 - INFO - Success on 33: 200 - {"IIVALUE": "Method/Project: Devulcanization", "IIVALUEF": 0}
2024-07-11 00:27:23,160 - INFO - Success on 33: 200 - {"IIVALUE": "Adv. Chemistry", "IIVALUEF": 0}
2024-07-11 00:27:23,416 - INFO - Success on 33: 200 - {"IIVALUE": null, "IIVALUEF": 0}
2024-07-11 00:27:23,763 - INFO - Success on 33: 200 - {"IIVALUE": "Hexadecylamine 98% ", "IIVALUEF": 0}
2024-07-11 00:27:24,062 - INFO - Success on 33: 200 - {"IIVALUE": "Aldrich", "IIVALUEF": 0}
2024-07-11 00:27:24,309 - INFO - Success on 33: 200 - {"IIVALUE": null, "IIVALUEF": 0}
2024-07-11 00:27:24,614 - INFO - Success on 33: 200 - {"IIVALUE": "g", "IIVALUEF": 0}
2024-07-11 00:27:24,873 - INFO - Success on 33: 200 - {"IIVALUE": null, "IIVALUEF": 0}
2024-07-11 00:27:25,184 - INFO - Success on 33: 200 - {"IIVALUE": "BCCC8822", "IIVALUEF": 0}
2024-07-11 00:27:26,389 - INFO - Success on 34: 200 - {"SHORT_DESC": "Chemical & Consumables Container", "RQ_VALUE": null, "DESCRIPTION": "Chemical & Consumables Container"}
2024-07-11 00:27:27,563 - INFO - Success on 34: 200 - {"StatusTo": 5}
2024-07-11 00:27:27,862 - INFO - Success on 34: 200 - {"IIVALUE": "AS*L", "IIVALUEF": 0}
2024-07-11 00:27:28,117 - INFO - Success on 34: 200 - {"IIVALUE": null, "IIVALUEF": 0}
2024-07-11 00:27:28,428 - INFO - Success on 34: 200 - {"IIVALUE": "07/30/2021 12:00:00 AM +00:00", "IIVALUEF": 0}
2024-07-11 00:27:28,753 - INFO - Success on 34: 200 - {"IIVALUE": "07/29/2024 12:00:00 AM +00:00", "IIVALUEF": 0}
2024-07-11 00:27:29,061 - INFO - Success on 34: 200 - {"IIVALUE": "GIC*L", "IIVALUEF": 0}
2024-07-11 00:27:29,358 - INFO - Success on 34: 200 - {"IIVALUE": "Ventilated Cabinet 4", "IIVALUEF": 0}
2024-07-11 00:27:29,608 - INFO - Success on 34: 200 - {"IIVALUE": null, "IIVALUEF": 0}
2024-07-11 00:27:29,923 - INFO - Success on 34: 200 - {"IIVALUE": "Filho, Ricardo", "IIVALUEF": 0}
2024-07-11 00:27:30,226 - INFO - Success on 34: 200 - {"IIVALUE": "135-57-9", "IIVALUEF": 0}
2024-07-11 00:27:30,556 - INFO - Success on 34: 200 - {"IIVALUE": "25.0", "IIVALUEF": 0}
2024-07-11 00:27:30,862 - INFO - Success on 34: 200 - {"IIVALUE": "Method/Project: Devulcanization", "IIVALUEF": 0}
2024-07-11 00:27:31,170 - INFO - Success on 34: 200 - {"IIVALUE": "Adv. Chemistry", "IIVALUEF": 0}
2024-07-11 00:27:31,453 - INFO - Success on 34: 200 - {"IIVALUE": null, "IIVALUEF": 0}
2024-07-11 00:27:31,801 - INFO - Success on 34: 200 - {"IIVALUE": "Bis(2-benzamidophenyl) disulfide, 97% ", "IIVALUEF": 0}
2024-07-11 00:27:32,109 - INFO - Success on 34: 200 - {"IIVALUE": "Alfa Aesar", "IIVALUEF": 0}
2024-07-11 00:27:32,361 - INFO - Success on 34: 200 - {"IIVALUE": null, "IIVALUEF": 0}
2024-07-11 00:27:32,670 - INFO - Success on 34: 200 - {"IIVALUE": "g", "IIVALUEF": 0}
2024-07-11 00:27:32,923 - INFO - Success on 34: 200 - {"IIVALUE": null, "IIVALUEF": 0}
2024-07-11 00:27:34,969 - INFO - Success on 34: 200 - {"IIVALUE": "10116005", "IIVALUEF": 0}
2024-07-11 00:27:35,276 - INFO - Success on 35: 200 - {"SHORT_DESC": "Chemical & Consumables Container", "RQ_VALUE": null, "DESCRIPTION": "Chemical & Consumables Container"}
2024-07-11 00:27:36,447 - INFO - Success on 35: 200 - {"StatusTo": 5}
2024-07-11 00:27:36,790 - INFO - Success on 35: 200 - {"IIVALUE": "AS*L", "IIVALUEF": 0}
2024-07-11 00:27:37,051 - INFO - Success on 35: 200 - {"IIVALUE": null, "IIVALUEF": 0}
2024-07-11 00:27:37,359 - INFO - Success on 35: 200 - {"IIVALUE": "09/15/2023 12:00:00 AM +00:00", "IIVALUEF": 0}
2024-07-11 00:27:37,676 - INFO - Success on 35: 200 - {"IIVALUE": "09/14/2026 12:00:00 AM +00:00", "IIVALUEF": 0}
2024-07-11 00:27:37,987 - INFO - Success on 35: 200 - {"IIVALUE": "GIC*L", "IIVALUEF": 0}
2024-07-11 00:27:38,281 - INFO - Success on 35: 200 - {"IIVALUE": "Ventilated Cabinet 4", "IIVALUEF": 0}
2024-07-11 00:27:38,559 - INFO - Success on 35: 200 - {"IIVALUE": null, "IIVALUEF": 0}
2024-07-11 00:27:38,928 - INFO - Success on 35: 200 - {"IIVALUE": "BHT", "IIVALUEF": 0}
2024-07-11 00:27:39,234 - INFO - Success on 35: 200 - {"IIVALUE": "128-37-0", "IIVALUEF": 0}
2024-07-11 00:27:39,545 - INFO - Success on 35: 200 - {"IIVALUE": "100.0", "IIVALUEF": 0}
2024-07-11 00:27:39,814 - INFO - Success on 35: 200 - {"IIVALUE": null, "IIVALUEF": 0}
2024-07-11 00:27:40,130 - INFO - Success on 35: 200 - {"IIVALUE": "Adv. Chemistry", "IIVALUEF": 0}
2024-07-11 00:27:40,378 - INFO - Success on 35: 200 - {"IIVALUE": null, "IIVALUEF": 0}
2024-07-11 00:27:40,699 - INFO - Success on 35: 200 - {"IIVALUE": "2,6-Di-tert-butyl-4-methylphenol for synthesis ", "IIVALUEF": 0}
2024-07-11 00:27:41,004 - INFO - Success on 35: 200 - {"IIVALUE": "Merck", "IIVALUEF": 0}
2024-07-11 00:27:41,278 - INFO - Success on 35: 200 - {"IIVALUE": null, "IIVALUEF": 0}
2024-07-11 00:27:41,595 - INFO - Success on 35: 200 - {"IIVALUE": "g", "IIVALUEF": 0}
2024-07-11 00:27:41,844 - INFO - Success on 35: 200 - {"IIVALUE": null, "IIVALUEF": 0}
2024-07-11 00:27:42,163 - INFO - Success on 35: 200 - {"IIVALUE": "S6928721549", "IIVALUEF": 0}
2024-07-11 00:27:43,015 - INFO - Success on 36: 200 - {"SHORT_DESC": "Chemical & Consumables Container", "RQ_VALUE": null, "DESCRIPTION": "Chemical & Consumables Container"}
2024-07-11 00:27:44,188 - INFO - Success on 36: 200 - {"StatusTo": 5}
2024-07-11 00:27:44,563 - INFO - Success on 36: 200 - {"IIVALUE": "AS*L", "IIVALUEF": 0}
2024-07-11 00:27:44,810 - INFO - Success on 36: 200 - {"IIVALUE": null, "IIVALUEF": 0}
2024-07-11 00:27:45,132 - INFO - Success on 36: 200 - {"IIVALUE": "09/15/2023 12:00:00 AM +00:00", "IIVALUEF": 0}
2024-07-11 00:27:45,453 - INFO - Success on 36: 200 - {"IIVALUE": "09/14/2026 12:00:00 AM +00:00", "IIVALUEF": 0}
2024-07-11 00:27:45,764 - INFO - Success on 36: 200 - {"IIVALUE": "GIC*L", "IIVALUEF": 0}
2024-07-11 00:27:46,138 - INFO - Success on 36: 200 - {"IIVALUE": "Ventilated Cabinet 4", "IIVALUEF": 0}
2024-07-11 00:27:46,416 - INFO - Success on 36: 200 - {"IIVALUE": null, "IIVALUEF": 0}
2024-07-11 00:27:46,743 - INFO - Success on 36: 200 - {"IIVALUE": "Dartevelle, Coralie", "IIVALUEF": 0}
2024-07-11 00:27:47,065 - INFO - Success on 36: 200 - {"IIVALUE": "112-61-8", "IIVALUEF": 0}
2024-07-11 00:27:47,407 - INFO - Success on 36: 200 - {"IIVALUE": "25.0", "IIVALUEF": 0}
2024-07-11 00:27:47,780 - INFO - Success on 36: 200 - {"IIVALUE": "Method/Project: Chromato", "IIVALUEF": 0}
2024-07-11 00:27:48,083 - INFO - Success on 36: 200 - {"IIVALUE": "Adv. Chemistry", "IIVALUEF": 0}
2024-07-11 00:27:48,336 - INFO - Success on 36: 200 - {"IIVALUE": null, "IIVALUEF": 0}
2024-07-11 00:27:48,643 - INFO - Success on 36: 200 - {"IIVALUE": "Methyl stearate, 99% ", "IIVALUEF": 0}
2024-07-11 00:27:48,972 - INFO - Success on 36: 200 - {"IIVALUE": "Alfa Aesar", "IIVALUEF": 0}
2024-07-11 00:27:49,228 - INFO - Success on 36: 200 - {"IIVALUE": null, "IIVALUEF": 0}
2024-07-11 00:27:49,545 - INFO - Success on 36: 200 - {"IIVALUE": "g", "IIVALUEF": 0}
2024-07-11 00:27:49,799 - INFO - Success on 36: 200 - {"IIVALUE": null, "IIVALUEF": 0}
2024-07-11 00:27:50,109 - INFO - Success on 36: 200 - {"IIVALUE": "W10A031", "IIVALUEF": 0}
2024-07-11 00:27:50,423 - INFO - Success on 37: 200 - {"SHORT_DESC": "Chemical & Consumables Container", "RQ_VALUE": null, "DESCRIPTION": "Chemical & Consumables Container"}
2024-07-11 00:27:51,599 - INFO - Success on 37: 200 - {"StatusTo": 5}
2024-07-11 00:27:51,904 - INFO - Success on 37: 200 - {"IIVALUE": "AS*L", "IIVALUEF": 0}
2024-07-11 00:27:52,160 - INFO - Success on 37: 200 - {"IIVALUE": null, "IIVALUEF": 0}
2024-07-11 00:27:52,472 - INFO - Success on 37: 200 - {"IIVALUE": "09/15/2023 12:00:00 AM +00:00", "IIVALUEF": 0}
2024-07-11 00:27:52,787 - INFO - Success on 37: 200 - {"IIVALUE": "09/14/2026 12:00:00 AM +00:00", "IIVALUEF": 0}
2024-07-11 00:27:53,085 - INFO - Success on 37: 200 - {"IIVALUE": "GIC*L", "IIVALUEF": 0}
2024-07-11 00:27:53,380 - INFO - Success on 37: 200 - {"IIVALUE": "Ventilated Cabinet 4", "IIVALUEF": 0}
2024-07-11 00:27:53,645 - INFO - Success on 37: 200 - {"IIVALUE": null, "IIVALUEF": 0}
2024-07-11 00:27:53,969 - INFO - Success on 37: 200 - {"IIVALUE": null, "IIVALUEF": 0}
2024-07-11 00:27:54,223 - INFO - Success on 37: 200 - {"IIVALUE": null, "IIVALUEF": 0}
2024-07-11 00:27:54,550 - INFO - Success on 37: 200 - {"IIVALUE": "1.0", "IIVALUEF": 0}
2024-07-11 00:27:54,802 - INFO - Success on 37: 200 - {"IIVALUE": null, "IIVALUEF": 0}
2024-07-11 00:27:55,125 - INFO - Success on 37: 200 - {"IIVALUE": "Adv. Chemistry", "IIVALUEF": 0}
2024-07-11 00:27:55,380 - INFO - Success on 37: 200 - {"IIVALUE": null, "IIVALUEF": 0}
2024-07-11 00:27:55,724 - INFO - Success on 37: 200 - {"IIVALUE": "4-tert-Octylphenol ", "IIVALUEF": 0}
2024-07-11 00:27:56,054 - INFO - Success on 37: 200 - {"IIVALUE": "Fluka", "IIVALUEF": 0}
2024-07-11 00:27:56,310 - INFO - Success on 37: 200 - {"IIVALUE": null, "IIVALUEF": 0}
2024-07-11 00:27:56,647 - INFO - Success on 37: 200 - {"IIVALUE": "kg", "IIVALUEF": 0}
2024-07-11 00:27:56,896 - INFO - Success on 37: 200 - {"IIVALUE": null, "IIVALUEF": 0}
2024-07-11 00:27:57,193 - INFO - Success on 37: 200 - {"IIVALUE": "319302/1 ", "IIVALUEF": 0}
2024-07-11 00:27:57,512 - INFO - Success on 38: 200 - {"SHORT_DESC": "Chemical & Consumables Container", "RQ_VALUE": null, "DESCRIPTION": "Chemical & Consumables Container"}
2024-07-11 00:27:58,713 - INFO - Success on 38: 200 - {"StatusTo": 5}
2024-07-11 00:27:59,029 - INFO - Success on 38: 200 - {"IIVALUE": "AS*L", "IIVALUEF": 0}
2024-07-11 00:27:59,284 - INFO - Success on 38: 200 - {"IIVALUE": null, "IIVALUEF": 0}
2024-07-11 00:27:59,605 - INFO - Success on 38: 200 - {"IIVALUE": "01/02/2024 12:00:00 AM +00:00", "IIVALUEF": 0}
2024-07-11 00:27:59,916 - INFO - Success on 38: 200 - {"IIVALUE": "01/02/2024 12:00:00 AM +00:00", "IIVALUEF": 0}
2024-07-11 00:28:00,284 - INFO - Success on 38: 200 - {"IIVALUE": "GIC*L", "IIVALUEF": 0}
2024-07-11 00:28:00,623 - INFO - Success on 38: 200 - {"IIVALUE": "Ventilated Cabinet 4", "IIVALUEF": 0}
2024-07-11 00:28:00,877 - INFO - Success on 38: 200 - {"IIVALUE": null, "IIVALUEF": 0}
2024-07-11 00:28:01,199 - INFO - Success on 38: 200 - {"IIVALUE": null, "IIVALUEF": 0}
2024-07-11 00:28:01,537 - INFO - Success on 38: 200 - {"IIVALUE": "7757-82-6", "IIVALUEF": 0}
2024-07-11 00:28:01,869 - INFO - Success on 38: 200 - {"IIVALUE": "1.0", "IIVALUEF": 0}
2024-07-11 00:28:03,105 - INFO - Success on 38: 200 - {"IIVALUE": null, "IIVALUEF": 0}
2024-07-11 00:28:03,417 - INFO - Success on 38: 200 - {"IIVALUE": "Adv. Chemistry", "IIVALUEF": 0}
2024-07-11 00:28:03,671 - INFO - Success on 38: 200 - {"IIVALUE": null, "IIVALUEF": 0}
2024-07-11 00:28:04,005 - INFO - Success on 38: 200 - {"IIVALUE": "Sodium sulfate anhydrous for analysis ", "IIVALUEF": 0}
2024-07-11 00:28:04,333 - INFO - Success on 38: 200 - {"IIVALUE": "TH.GEYER", "IIVALUEF": 0}
2024-07-11 00:28:04,594 - INFO - Success on 38: 200 - {"IIVALUE": null, "IIVALUEF": 0}
2024-07-11 00:28:04,948 - INFO - Success on 38: 200 - {"IIVALUE": "kg", "IIVALUEF": 0}
2024-07-11 00:28:06,114 - INFO - Success on 38: 200 - {"IIVALUE": null, "IIVALUEF": 0}
2024-07-11 00:28:06,418 - INFO - Success on 38: 200 - {"IIVALUE": "84582", "IIVALUEF": 0}
2024-07-11 00:28:06,740 - INFO - Success on 39: 200 - {"SHORT_DESC": "Chemical & Consumables Container", "RQ_VALUE": null, "DESCRIPTION": "Chemical & Consumables Container"}
2024-07-11 00:28:07,921 - INFO - Success on 39: 200 - {"StatusTo": 5}
2024-07-11 00:28:08,253 - INFO - Success on 39: 200 - {"IIVALUE": "AS*L", "IIVALUEF": 0}
2024-07-11 00:28:08,518 - INFO - Success on 39: 200 - {"IIVALUE": null, "IIVALUEF": 0}
2024-07-11 00:28:08,824 - INFO - Success on 39: 200 - {"IIVALUE": "09/15/2023 12:00:00 AM +00:00", "IIVALUEF": 0}
2024-07-11 00:28:09,129 - INFO - Success on 39: 200 - {"IIVALUE": "09/14/2026 12:00:00 AM +00:00", "IIVALUEF": 0}
2024-07-11 00:28:09,443 - INFO - Success on 39: 200 - {"IIVALUE": "GIC*L", "IIVALUEF": 0}
2024-07-11 00:28:09,759 - INFO - Success on 39: 200 - {"IIVALUE": "Ventilated Cabinet 4", "IIVALUEF": 0}
2024-07-11 00:28:10,012 - INFO - Success on 39: 200 - {"IIVALUE": null, "IIVALUEF": 0}
2024-07-11 00:28:10,334 - INFO - Success on 39: 200 - {"IIVALUE": "Kepenne, Veronique", "IIVALUEF": 0}
2024-07-11 00:28:10,608 - INFO - Success on 39: 200 - {"IIVALUE": null, "IIVALUEF": 0}
2024-07-11 00:28:10,921 - INFO - Success on 39: 200 - {"IIVALUE": "25.0", "IIVALUEF": 0}
2024-07-11 00:28:11,176 - INFO - Success on 39: 200 - {"IIVALUE": null, "IIVALUEF": 0}
2024-07-11 00:28:11,493 - INFO - Success on 39: 200 - {"IIVALUE": "Adv. Chemistry", "IIVALUEF": 0}
2024-07-11 00:28:11,741 - INFO - Success on 39: 200 - {"IIVALUE": null, "IIVALUEF": 0}
2024-07-11 00:28:12,071 - INFO - Success on 39: 200 - {"IIVALUE": "methyl red for analysis ", "IIVALUEF": 0}
2024-07-11 00:28:12,383 - INFO - Success on 39: 200 - {"IIVALUE": "ucb", "IIVALUEF": 0}
2024-07-11 00:28:12,638 - INFO - Success on 39: 200 - {"IIVALUE": null, "IIVALUEF": 0}
2024-07-11 00:28:12,947 - INFO - Success on 39: 200 - {"IIVALUE": "g", "IIVALUEF": 0}
2024-07-11 00:28:13,203 - INFO - Success on 39: 200 - {"IIVALUE": null, "IIVALUEF": 0}
2024-07-11 00:28:13,561 - INFO - Success on 39: 200 - {"IIVALUE": "709290", "IIVALUEF": 0}
2024-07-11 00:28:13,868 - INFO - Success on 40: 200 - {"SHORT_DESC": "Chemical & Consumables Container", "RQ_VALUE": null, "DESCRIPTION": "Chemical & Consumables Container"}
2024-07-11 00:28:15,051 - INFO - Success on 40: 200 - {"StatusTo": 5}
2024-07-11 00:28:15,357 - INFO - Success on 40: 200 - {"IIVALUE": "AS*L", "IIVALUEF": 0}
2024-07-11 00:28:15,610 - INFO - Success on 40: 200 - {"IIVALUE": null, "IIVALUEF": 0}
2024-07-11 00:28:15,928 - INFO - Success on 40: 200 - {"IIVALUE": "09/15/2023 12:00:00 AM +00:00", "IIVALUEF": 0}
2024-07-11 00:28:16,231 - INFO - Success on 40: 200 - {"IIVALUE": "09/14/2026 12:00:00 AM +00:00", "IIVALUEF": 0}
2024-07-11 00:28:16,544 - INFO - Success on 40: 200 - {"IIVALUE": "GIC*L", "IIVALUEF": 0}
2024-07-11 00:28:16,872 - INFO - Success on 40: 200 - {"IIVALUE": "Ventilated Cabinet 4", "IIVALUEF": 0}
2024-07-11 00:28:17,129 - INFO - Success on 40: 200 - {"IIVALUE": null, "IIVALUEF": 0}
2024-07-11 00:28:17,446 - INFO - Success on 40: 200 - {"IIVALUE": "Kepenne, Veronique", "IIVALUEF": 0}
2024-07-11 00:28:17,704 - INFO - Success on 40: 200 - {"IIVALUE": null, "IIVALUEF": 0}
2024-07-11 00:28:18,016 - INFO - Success on 40: 200 - {"IIVALUE": "25.0", "IIVALUEF": 0}
2024-07-11 00:28:18,324 - INFO - Success on 40: 200 - {"IIVALUE": "Method/Project: Dosage", "IIVALUEF": 0}
2024-07-11 00:28:18,637 - INFO - Success on 40: 200 - {"IIVALUE": "Adv. Chemistry", "IIVALUEF": 0}
2024-07-11 00:28:18,909 - INFO - Success on 40: 200 - {"IIVALUE": null, "IIVALUEF": 0}
2024-07-11 00:28:19,246 - INFO - Success on 40: 200 - {"IIVALUE": "Methylorange", "IIVALUEF": 0}
2024-07-11 00:28:19,577 - INFO - Success on 40: 200 - {"IIVALUE": "rieder", "IIVALUEF": 0}
2024-07-11 00:28:19,873 - INFO - Success on 40: 200 - {"IIVALUE": null, "IIVALUEF": 0}
2024-07-11 00:28:20,235 - INFO - Success on 40: 200 - {"IIVALUE": "g", "IIVALUEF": 0}
2024-07-11 00:28:20,485 - INFO - Success on 40: 200 - {"IIVALUE": null, "IIVALUEF": 0}
2024-07-11 00:28:20,760 - INFO - Success on 40: 200 - {"IIVALUE": null, "IIVALUEF": 0}
2024-07-11 00:28:21,064 - INFO - Success on 41: 200 - {"SHORT_DESC": "Chemical & Consumables Container", "RQ_VALUE": null, "DESCRIPTION": "Chemical & Consumables Container"}
2024-07-11 00:28:22,257 - INFO - Success on 41: 200 - {"StatusTo": 5}
2024-07-11 00:28:22,621 - INFO - Success on 41: 200 - {"IIVALUE": "AS*L", "IIVALUEF": 0}
2024-07-11 00:28:22,886 - INFO - Success on 41: 200 - {"IIVALUE": null, "IIVALUEF": 0}
2024-07-11 00:28:23,224 - INFO - Success on 41: 200 - {"IIVALUE": null, "IIVALUEF": 0}
2024-07-11 00:28:23,547 - INFO - Success on 41: 200 - {"IIVALUE": "01/12/1999 12:00:00 AM +00:00", "IIVALUEF": 0}
2024-07-11 00:28:23,860 - INFO - Success on 41: 200 - {"IIVALUE": "GIC*L", "IIVALUEF": 0}
2024-07-11 00:28:24,198 - INFO - Success on 41: 200 - {"IIVALUE": "Ventilated Cabinet 4", "IIVALUEF": 0}
2024-07-11 00:28:24,454 - INFO - Success on 41: 200 - {"IIVALUE": null, "IIVALUEF": 0}
2024-07-11 00:28:24,772 - INFO - Success on 41: 200 - {"IIVALUE": "Kepenne, Veronique", "IIVALUEF": 0}
2024-07-11 00:28:25,025 - INFO - Success on 41: 200 - {"IIVALUE": null, "IIVALUEF": 0}
2024-07-11 00:28:25,380 - INFO - Success on 41: 200 - {"IIVALUE": "25.0", "IIVALUEF": 0}
2024-07-11 00:28:25,705 - INFO - Success on 41: 200 - {"IIVALUE": "Method/Project: Dosage", "IIVALUEF": 0}
2024-07-11 00:28:26,019 - INFO - Success on 41: 200 - {"IIVALUE": "Adv. Chemistry", "IIVALUEF": 0}
2024-07-11 00:28:26,272 - INFO - Success on 41: 200 - {"IIVALUE": null, "IIVALUEF": 0}
2024-07-11 00:28:26,581 - INFO - Success on 41: 200 - {"IIVALUE": "Methyl violet ", "IIVALUEF": 0}
2024-07-11 00:28:26,916 - INFO - Success on 41: 200 - {"IIVALUE": "Merck", "IIVALUEF": 0}
2024-07-11 00:28:27,198 - INFO - Success on 41: 200 - {"IIVALUE": null, "IIVALUEF": 0}
2024-07-11 00:28:27,555 - INFO - Success on 41: 200 - {"IIVALUE": "g", "IIVALUEF": 0}
2024-07-11 00:28:27,805 - INFO - Success on 41: 200 - {"IIVALUE": null, "IIVALUEF": 0}
2024-07-11 00:28:28,115 - INFO - Success on 41: 200 - {"IIVALUE": "110 K13372045", "IIVALUEF": 0}
2024-07-11 00:28:28,455 - INFO - Success on 42: 200 - {"SHORT_DESC": "Chemical & Consumables Container", "RQ_VALUE": null, "DESCRIPTION": "Chemical & Consumables Container"}
2024-07-11 00:28:29,638 - INFO - Success on 42: 200 - {"StatusTo": 5}
2024-07-11 00:28:29,963 - INFO - Success on 42: 200 - {"IIVALUE": "AS*L", "IIVALUEF": 0}
2024-07-11 00:28:30,217 - INFO - Success on 42: 200 - {"IIVALUE": null, "IIVALUEF": 0}
2024-07-11 00:28:30,577 - INFO - Success on 42: 200 - {"IIVALUE": "09/15/2023 12:00:00 AM +00:00", "IIVALUEF": 0}
2024-07-11 00:28:30,916 - INFO - Success on 42: 200 - {"IIVALUE": "09/14/2026 12:00:00 AM +00:00", "IIVALUEF": 0}
2024-07-11 00:28:31,241 - INFO - Success on 42: 200 - {"IIVALUE": "GIC*L", "IIVALUEF": 0}
2024-07-11 00:28:31,550 - INFO - Success on 42: 200 - {"IIVALUE": "Ventilated Cabinet 4", "IIVALUEF": 0}
2024-07-11 00:28:31,814 - INFO - Success on 42: 200 - {"IIVALUE": null, "IIVALUEF": 0}
2024-07-11 00:28:32,144 - INFO - Success on 42: 200 - {"IIVALUE": null, "IIVALUEF": 0}
2024-07-11 00:28:32,397 - INFO - Success on 42: 200 - {"IIVALUE": null, "IIVALUEF": 0}
2024-07-11 00:28:32,735 - INFO - Success on 42: 200 - {"IIVALUE": "50.0", "IIVALUEF": 0}
2024-07-11 00:28:32,987 - INFO - Success on 42: 200 - {"IIVALUE": null, "IIVALUEF": 0}
2024-07-11 00:28:33,361 - INFO - Success on 42: 200 - {"IIVALUE": "Adv. Chemistry", "IIVALUEF": 0}
2024-07-11 00:28:33,615 - INFO - Success on 42: 200 - {"IIVALUE": null, "IIVALUEF": 0}
2024-07-11 00:28:33,932 - INFO - Success on 42: 200 - {"IIVALUE": "Potassium chloride ", "IIVALUEF": 0}
2024-07-11 00:28:34,252 - INFO - Success on 42: 200 - {"IIVALUE": "Merck", "IIVALUEF": 0}
2024-07-11 00:28:34,507 - INFO - Success on 42: 200 - {"IIVALUE": null, "IIVALUEF": 0}
2024-07-11 00:28:34,829 - INFO - Success on 42: 200 - {"IIVALUE": "g", "IIVALUEF": 0}
2024-07-11 00:28:35,117 - INFO - Success on 42: 200 - {"IIVALUE": null, "IIVALUEF": 0}
2024-07-11 00:28:36,273 - INFO - Success on 42: 200 - {"IIVALUE": "1327384", "IIVALUEF": 0}
2024-07-11 00:28:36,585 - INFO - Success on 43: 200 - {"SHORT_DESC": "Chemical & Consumables Container", "RQ_VALUE": null, "DESCRIPTION": "Chemical & Consumables Container"}
2024-07-11 00:28:37,772 - INFO - Success on 43: 200 - {"StatusTo": 5}
2024-07-11 00:28:38,097 - INFO - Success on 43: 200 - {"IIVALUE": "AS*L", "IIVALUEF": 0}
2024-07-11 00:28:38,351 - INFO - Success on 43: 200 - {"IIVALUE": null, "IIVALUEF": 0}
2024-07-11 00:28:38,678 - INFO - Success on 43: 200 - {"IIVALUE": "09/15/2023 12:00:00 AM +00:00", "IIVALUEF": 0}
2024-07-11 00:28:38,982 - INFO - Success on 43: 200 - {"IIVALUE": "09/14/2026 12:00:00 AM +00:00", "IIVALUEF": 0}
2024-07-11 00:28:39,287 - INFO - Success on 43: 200 - {"IIVALUE": "GIC*L", "IIVALUEF": 0}
2024-07-11 00:28:39,622 - INFO - Success on 43: 200 - {"IIVALUE": "Ventilated Cabinet 4", "IIVALUEF": 0}
2024-07-11 00:28:39,878 - INFO - Success on 43: 200 - {"IIVALUE": null, "IIVALUEF": 0}
2024-07-11 00:28:40,200 - INFO - Success on 43: 200 - {"IIVALUE": "Kepenne, Veronique", "IIVALUEF": 0}
2024-07-11 00:28:40,532 - INFO - Success on 43: 200 - {"IIVALUE": "7647-14-5", "IIVALUEF": 0}
2024-07-11 00:28:40,833 - INFO - Success on 43: 200 - {"IIVALUE": "1000.0", "IIVALUEF": 0}
2024-07-11 00:28:41,107 - INFO - Success on 43: 200 - {"IIVALUE": null, "IIVALUEF": 0}
2024-07-11 00:28:41,821 - INFO - Success on 43: 200 - {"IIVALUE": "Adv. Chemistry", "IIVALUEF": 0}
2024-07-11 00:28:42,081 - INFO - Success on 43: 200 - {"IIVALUE": null, "IIVALUEF": 0}
2024-07-11 00:28:42,386 - INFO - Success on 43: 200 - {"IIVALUE": "Sodium chloride for analysis ", "IIVALUEF": 0}
2024-07-11 00:28:42,691 - INFO - Success on 43: 200 - {"IIVALUE": "Merck", "IIVALUEF": 0}
2024-07-11 00:28:42,948 - INFO - Success on 43: 200 - {"IIVALUE": null, "IIVALUEF": 0}
2024-07-11 00:28:43,251 - INFO - Success on 43: 200 - {"IIVALUE": "g", "IIVALUEF": 0}
2024-07-11 00:28:43,549 - INFO - Success on 43: 200 - {"IIVALUE": null, "IIVALUEF": 0}
2024-07-11 00:28:43,847 - INFO - Success on 43: 200 - {"IIVALUE": "K46991504540", "IIVALUEF": 0}
2024-07-11 00:28:44,382 - INFO - Success on 44: 200 - {"SHORT_DESC": "Chemical & Consumables Container", "RQ_VALUE": null, "DESCRIPTION": "Chemical & Consumables Container"}
2024-07-11 00:28:45,564 - INFO - Success on 44: 200 - {"StatusTo": 5}
2024-07-11 00:28:45,945 - INFO - Success on 44: 200 - {"IIVALUE": "AS*L", "IIVALUEF": 0}
2024-07-11 00:28:46,219 - INFO - Success on 44: 200 - {"IIVALUE": null, "IIVALUEF": 0}
2024-07-11 00:28:46,556 - INFO - Success on 44: 200 - {"IIVALUE": "09/15/2023 12:00:00 AM +00:00", "IIVALUEF": 0}
2024-07-11 00:28:46,857 - INFO - Success on 44: 200 - {"IIVALUE": "09/14/2026 12:00:00 AM +00:00", "IIVALUEF": 0}
2024-07-11 00:28:47,174 - INFO - Success on 44: 200 - {"IIVALUE": "GIC*L", "IIVALUEF": 0}
2024-07-11 00:28:47,475 - INFO - Success on 44: 200 - {"IIVALUE": "Ventilated Cabinet 4", "IIVALUEF": 0}
2024-07-11 00:28:47,731 - INFO - Success on 44: 200 - {"IIVALUE": null, "IIVALUEF": 0}
2024-07-11 00:28:48,050 - INFO - Success on 44: 200 - {"IIVALUE": null, "IIVALUEF": 0}
2024-07-11 00:28:48,302 - INFO - Success on 44: 200 - {"IIVALUE": null, "IIVALUEF": 0}
2024-07-11 00:28:48,609 - INFO - Success on 44: 200 - {"IIVALUE": "500.0", "IIVALUEF": 0}
2024-07-11 00:28:48,870 - INFO - Success on 44: 200 - {"IIVALUE": null, "IIVALUEF": 0}
2024-07-11 00:28:49,178 - INFO - Success on 44: 200 - {"IIVALUE": "Adv. Chemistry", "IIVALUEF": 0}
2024-07-11 00:28:49,436 - INFO - Success on 44: 200 - {"IIVALUE": null, "IIVALUEF": 0}
2024-07-11 00:28:49,792 - INFO - Success on 44: 200 - {"IIVALUE": "Polyethylene glycol 1500 for synthesis", "IIVALUEF": 0}
2024-07-11 00:28:50,833 - INFO - Success on 44: 200 - {"IIVALUE": "Merck", "IIVALUEF": 0}
2024-07-11 00:28:51,111 - INFO - Success on 44: 200 - {"IIVALUE": null, "IIVALUEF": 0}
2024-07-11 00:28:51,420 - INFO - Success on 44: 200 - {"IIVALUE": "g", "IIVALUEF": 0}
2024-07-11 00:28:51,683 - INFO - Success on 44: 200 - {"IIVALUE": null, "IIVALUEF": 0}
2024-07-11 00:28:52,842 - INFO - Success on 44: 200 - {"IIVALUE": null, "IIVALUEF": 0}
2024-07-11 00:28:53,159 - INFO - Success on 45: 200 - {"SHORT_DESC": "Chemical & Consumables Container", "RQ_VALUE": null, "DESCRIPTION": "Chemical & Consumables Container"}
2024-07-11 00:28:54,346 - INFO - Success on 45: 200 - {"StatusTo": 5}
2024-07-11 00:28:54,681 - INFO - Success on 45: 200 - {"IIVALUE": "AS*L", "IIVALUEF": 0}
2024-07-11 00:28:54,935 - INFO - Success on 45: 200 - {"IIVALUE": null, "IIVALUEF": 0}
2024-07-11 00:28:55,267 - INFO - Success on 45: 200 - {"IIVALUE": "09/15/2023 12:00:00 AM +00:00", "IIVALUEF": 0}
2024-07-11 00:28:55,577 - INFO - Success on 45: 200 - {"IIVALUE": "09/14/2026 12:00:00 AM +00:00", "IIVALUEF": 0}
2024-07-11 00:28:55,909 - INFO - Success on 45: 200 - {"IIVALUE": "GIC*L", "IIVALUEF": 0}
2024-07-11 00:28:56,217 - INFO - Success on 45: 200 - {"IIVALUE": "Ventilated Cabinet 4", "IIVALUEF": 0}
2024-07-11 00:28:56,496 - INFO - Success on 45: 200 - {"IIVALUE": null, "IIVALUEF": 0}
2024-07-11 00:28:57,351 - INFO - Success on 45: 200 - {"IIVALUE": "Kepenne, Veronique", "IIVALUEF": 0}
2024-07-11 00:28:58,354 - INFO - Success on 45: 200 - {"IIVALUE": null, "IIVALUEF": 0}
2024-07-11 00:28:58,666 - INFO - Success on 45: 200 - {"IIVALUE": "5.0", "IIVALUEF": 0}
2024-07-11 00:28:58,928 - INFO - Success on 45: 200 - {"IIVALUE": null, "IIVALUEF": 0}
2024-07-11 00:28:59,232 - INFO - Success on 45: 200 - {"IIVALUE": "Adv. Chemistry", "IIVALUEF": 0}
2024-07-11 00:28:59,494 - INFO - Success on 45: 200 - {"IIVALUE": null, "IIVALUEF": 0}
2024-07-11 00:28:59,843 - INFO - Success on 45: 200 - {"IIVALUE": "Thymol blue indicator ", "IIVALUEF": 0}
2024-07-11 00:29:00,153 - INFO - Success on 45: 200 - {"IIVALUE": "Merck", "IIVALUEF": 0}
2024-07-11 00:29:00,405 - INFO - Success on 45: 200 - {"IIVALUE": null, "IIVALUEF": 0}
2024-07-11 00:29:00,713 - INFO - Success on 45: 200 - {"IIVALUE": "g", "IIVALUEF": 0}
2024-07-11 00:29:00,963 - INFO - Success on 45: 200 - {"IIVALUE": null, "IIVALUEF": 0}
2024-07-11 00:29:01,267 - INFO - Success on 45: 200 - {"IIVALUE": "018 L645876", "IIVALUEF": 0}
2024-07-11 00:29:01,577 - INFO - Success on 46: 200 - {"SHORT_DESC": "Chemical & Consumables Container", "RQ_VALUE": null, "DESCRIPTION": "Chemical & Consumables Container"}
2024-07-11 00:29:02,761 - INFO - Success on 46: 200 - {"StatusTo": 5}
2024-07-11 00:29:03,205 - INFO - Success on 46: 200 - {"IIVALUE": "AS*L", "IIVALUEF": 0}
2024-07-11 00:29:03,502 - INFO - Success on 46: 200 - {"IIVALUE": null, "IIVALUEF": 0}
2024-07-11 00:29:03,827 - INFO - Success on 46: 200 - {"IIVALUE": "09/15/2023 12:00:00 AM +00:00", "IIVALUEF": 0}
2024-07-11 00:29:04,165 - INFO - Success on 46: 200 - {"IIVALUE": "09/14/2026 12:00:00 AM +00:00", "IIVALUEF": 0}
2024-07-11 00:29:04,487 - INFO - Success on 46: 200 - {"IIVALUE": "GIC*L", "IIVALUEF": 0}
2024-07-11 00:29:04,795 - INFO - Success on 46: 200 - {"IIVALUE": "Ventilated Cabinet 4", "IIVALUEF": 0}
2024-07-11 00:29:05,076 - INFO - Success on 46: 200 - {"IIVALUE": null, "IIVALUEF": 0}
2024-07-11 00:29:05,421 - INFO - Success on 46: 200 - {"IIVALUE": "Kepenne, Veronique", "IIVALUEF": 0}
2024-07-11 00:29:05,701 - INFO - Success on 46: 200 - {"IIVALUE": null, "IIVALUEF": 0}
2024-07-11 00:29:06,026 - INFO - Success on 46: 200 - {"IIVALUE": "5.0", "IIVALUEF": 0}
2024-07-11 00:29:06,286 - INFO - Success on 46: 200 - {"IIVALUE": null, "IIVALUEF": 0}
2024-07-11 00:29:06,606 - INFO - Success on 46: 200 - {"IIVALUE": "Adv. Chemistry", "IIVALUEF": 0}
2024-07-11 00:29:06,891 - INFO - Success on 46: 200 - {"IIVALUE": null, "IIVALUEF": 0}
2024-07-11 00:29:07,204 - INFO - Success on 46: 200 - {"IIVALUE": "Thymolphthalein indicator ", "IIVALUEF": 0}
2024-07-11 00:29:07,521 - INFO - Success on 46: 200 - {"IIVALUE": "Merck", "IIVALUEF": 0}
2024-07-11 00:29:07,840 - INFO - Success on 46: 200 - {"IIVALUE": null, "IIVALUEF": 0}
2024-07-11 00:29:08,150 - INFO - Success on 46: 200 - {"IIVALUE": "g", "IIVALUEF": 0}
2024-07-11 00:29:08,412 - INFO - Success on 46: 200 - {"IIVALUE": null, "IIVALUEF": 0}
2024-07-11 00:29:08,774 - INFO - Success on 46: 200 - {"IIVALUE": "41528390", "IIVALUEF": 0}
2024-07-11 00:29:09,224 - INFO - Success on 47: 200 - {"SHORT_DESC": "Chemical & Consumables Container", "RQ_VALUE": null, "DESCRIPTION": "Chemical & Consumables Container"}
2024-07-11 00:29:10,415 - INFO - Success on 47: 200 - {"StatusTo": 5}
2024-07-11 00:29:10,727 - INFO - Success on 47: 200 - {"IIVALUE": "AS*L", "IIVALUEF": 0}
2024-07-11 00:29:11,090 - INFO - Success on 47: 200 - {"IIVALUE": null, "IIVALUEF": 0}
2024-07-11 00:29:11,471 - INFO - Success on 47: 200 - {"IIVALUE": "09/15/2023 12:00:00 AM +00:00", "IIVALUEF": 0}
2024-07-11 00:29:11,784 - INFO - Success on 47: 200 - {"IIVALUE": "09/14/2026 12:00:00 AM +00:00", "IIVALUEF": 0}
2024-07-11 00:29:12,099 - INFO - Success on 47: 200 - {"IIVALUE": "GIC*L", "IIVALUEF": 0}
2024-07-11 00:29:12,456 - INFO - Success on 47: 200 - {"IIVALUE": "Ventilated Cabinet 4", "IIVALUEF": 0}
2024-07-11 00:29:12,742 - INFO - Success on 47: 200 - {"IIVALUE": null, "IIVALUEF": 0}
2024-07-11 00:29:13,091 - INFO - Success on 47: 200 - {"IIVALUE": "Kepenne, Veronique", "IIVALUEF": 0}
2024-07-11 00:29:13,362 - INFO - Success on 47: 200 - {"IIVALUE": null, "IIVALUEF": 0}
2024-07-11 00:29:13,677 - INFO - Success on 47: 200 - {"IIVALUE": "5.0", "IIVALUEF": 0}
2024-07-11 00:29:13,942 - INFO - Success on 47: 200 - {"IIVALUE": null, "IIVALUEF": 0}
2024-07-11 00:29:14,250 - INFO - Success on 47: 200 - {"IIVALUE": "Adv. Chemistry", "IIVALUEF": 0}
2024-07-11 00:29:14,508 - INFO - Success on 47: 200 - {"IIVALUE": null, "IIVALUEF": 0}
2024-07-11 00:29:14,821 - INFO - Success on 47: 200 - {"IIVALUE": "Xylenol orange tetra-sodium salt metal (pM) indicator ", "IIVALUEF": 0}
2024-07-11 00:29:15,126 - INFO - Success on 47: 200 - {"IIVALUE": "Merck", "IIVALUEF": 0}
2024-07-11 00:29:15,384 - INFO - Success on 47: 200 - {"IIVALUE": null, "IIVALUEF": 0}
2024-07-11 00:29:15,722 - INFO - Success on 47: 200 - {"IIVALUE": "g", "IIVALUEF": 0}
2024-07-11 00:29:15,979 - INFO - Success on 47: 200 - {"IIVALUE": null, "IIVALUEF": 0}
2024-07-11 00:29:16,288 - INFO - Success on 47: 200 - {"IIVALUE": "130 L770777", "IIVALUEF": 0}
2024-07-11 00:29:16,616 - INFO - Success on 48: 200 - {"SHORT_DESC": "Chemical & Consumables Container", "RQ_VALUE": null, "DESCRIPTION": "Chemical & Consumables Container"}
2024-07-11 00:29:17,796 - INFO - Success on 48: 200 - {"StatusTo": 5}
2024-07-11 00:29:18,461 - INFO - Success on 48: 200 - {"IIVALUE": "AS*L", "IIVALUEF": 0}
2024-07-11 00:29:18,739 - INFO - Success on 48: 200 - {"IIVALUE": null, "IIVALUEF": 0}
2024-07-11 00:29:19,055 - INFO - Success on 48: 200 - {"IIVALUE": "09/15/2023 12:00:00 AM +00:00", "IIVALUEF": 0}
2024-07-11 00:29:19,377 - INFO - Success on 48: 200 - {"IIVALUE": "09/14/2026 12:00:00 AM +00:00", "IIVALUEF": 0}
2024-07-11 00:29:19,694 - INFO - Success on 48: 200 - {"IIVALUE": "GIC*L", "IIVALUEF": 0}
2024-07-11 00:29:20,027 - INFO - Success on 48: 200 - {"IIVALUE": "Ventilated Cabinet 4", "IIVALUEF": 0}
2024-07-11 00:29:20,283 - INFO - Success on 48: 200 - {"IIVALUE": null, "IIVALUEF": 0}
2024-07-11 00:29:20,608 - INFO - Success on 48: 200 - {"IIVALUE": "Kayser, Francois", "IIVALUEF": 0}
2024-07-11 00:29:20,912 - INFO - Success on 48: 200 - {"IIVALUE": "629-92-5", "IIVALUEF": 0}
2024-07-11 00:29:21,239 - INFO - Success on 48: 200 - {"IIVALUE": "25.0", "IIVALUEF": 0}
2024-07-11 00:29:21,540 - INFO - Success on 48: 200 - {"IIVALUE": "Method/Project: WORKBENCH", "IIVALUEF": 0}
2024-07-11 00:29:21,847 - INFO - Success on 48: 200 - {"IIVALUE": "Adv. Chemistry", "IIVALUEF": 0}
2024-07-11 00:29:22,113 - INFO - Success on 48: 200 - {"IIVALUE": null, "IIVALUEF": 0}
2024-07-11 00:29:22,409 - INFO - Success on 48: 200 - {"IIVALUE": "Nonadecane 99% ", "IIVALUEF": 0}
2024-07-11 00:29:22,704 - INFO - Success on 48: 200 - {"IIVALUE": "Sigma-Aldrich", "IIVALUEF": 0}
2024-07-11 00:29:22,984 - INFO - Success on 48: 200 - {"IIVALUE": null, "IIVALUEF": 0}
2024-07-11 00:29:23,310 - INFO - Success on 48: 200 - {"IIVALUE": "g", "IIVALUEF": 0}
2024-07-11 00:29:23,595 - INFO - Success on 48: 200 - {"IIVALUE": null, "IIVALUEF": 0}
2024-07-11 00:29:23,923 - INFO - Success on 48: 200 - {"IIVALUE": "MKBR0649V", "IIVALUEF": 0}
2024-07-11 00:29:24,441 - INFO - Success on 49: 200 - {"SHORT_DESC": "Chemical & Consumables Container", "RQ_VALUE": null, "DESCRIPTION": "Chemical & Consumables Container"}
2024-07-11 00:29:25,620 - INFO - Success on 49: 200 - {"StatusTo": 5}
2024-07-11 00:29:25,934 - INFO - Success on 49: 200 - {"IIVALUE": "AS*L", "IIVALUEF": 0}
2024-07-11 00:29:26,203 - INFO - Success on 49: 200 - {"IIVALUE": null, "IIVALUEF": 0}
2024-07-11 00:29:26,511 - INFO - Success on 49: 200 - {"IIVALUE": "09/15/2023 12:00:00 AM +00:00", "IIVALUEF": 0}
2024-07-11 00:29:26,841 - INFO - Success on 49: 200 - {"IIVALUE": "09/14/2026 12:00:00 AM +00:00", "IIVALUEF": 0}
2024-07-11 00:29:27,157 - INFO - Success on 49: 200 - {"IIVALUE": "GIC*L", "IIVALUEF": 0}
2024-07-11 00:29:27,463 - INFO - Success on 49: 200 - {"IIVALUE": "Ventilated Cabinet 4", "IIVALUEF": 0}
2024-07-11 00:29:27,728 - INFO - Success on 49: 200 - {"IIVALUE": null, "IIVALUEF": 0}
2024-07-11 00:29:28,060 - INFO - Success on 49: 200 - {"IIVALUE": null, "IIVALUEF": 0}
2024-07-11 00:29:28,320 - INFO - Success on 49: 200 - {"IIVALUE": null, "IIVALUEF": 0}
2024-07-11 00:29:28,655 - INFO - Success on 49: 200 - {"IIVALUE": "100.0", "IIVALUEF": 0}
2024-07-11 00:29:28,904 - INFO - Success on 49: 200 - {"IIVALUE": null, "IIVALUEF": 0}
2024-07-11 00:29:29,227 - INFO - Success on 49: 200 - {"IIVALUE": "Adv. Chemistry", "IIVALUEF": 0}
2024-07-11 00:29:29,518 - INFO - Success on 49: 200 - {"IIVALUE": null, "IIVALUEF": 0}
2024-07-11 00:29:29,840 - INFO - Success on 49: 200 - {"IIVALUE": "Beta-Sitosterol", "IIVALUEF": 0}
2024-07-11 00:29:30,149 - INFO - Success on 49: 200 - {"IIVALUE": "Merck", "IIVALUEF": 0}
2024-07-11 00:29:30,425 - INFO - Success on 49: 200 - {"IIVALUE": null, "IIVALUEF": 0}
2024-07-11 00:29:30,746 - INFO - Success on 49: 200 - {"IIVALUE": "g", "IIVALUEF": 0}
2024-07-11 00:29:31,030 - INFO - Success on 49: 200 - {"IIVALUE": null, "IIVALUEF": 0}
2024-07-11 00:29:31,371 - INFO - Success on 49: 200 - {"IIVALUE": "851 K4016241", "IIVALUEF": 0}
2024-07-11 00:29:31,683 - INFO - Success on 50: 200 - {"SHORT_DESC": "Chemical & Consumables Container", "RQ_VALUE": null, "DESCRIPTION": "Chemical & Consumables Container"}
2024-07-11 00:29:32,868 - INFO - Success on 50: 200 - {"StatusTo": 5}
2024-07-11 00:29:33,171 - INFO - Success on 50: 200 - {"IIVALUE": "AS*L", "IIVALUEF": 0}
2024-07-11 00:29:33,464 - INFO - Success on 50: 200 - {"IIVALUE": null, "IIVALUEF": 0}
2024-07-11 00:29:33,773 - INFO - Success on 50: 200 - {"IIVALUE": "09/15/2023 12:00:00 AM +00:00", "IIVALUEF": 0}
2024-07-11 00:29:34,079 - INFO - Success on 50: 200 - {"IIVALUE": "09/14/2026 12:00:00 AM +00:00", "IIVALUEF": 0}
2024-07-11 00:29:34,409 - INFO - Success on 50: 200 - {"IIVALUE": "GIC*L", "IIVALUEF": 0}
2024-07-11 00:29:34,745 - INFO - Success on 50: 200 - {"IIVALUE": "Ventilated Cabinet 4", "IIVALUEF": 0}
2024-07-11 00:29:35,018 - INFO - Success on 50: 200 - {"IIVALUE": null, "IIVALUEF": 0}
2024-07-11 00:29:35,325 - INFO - Success on 50: 200 - {"IIVALUE": null, "IIVALUEF": 0}
2024-07-11 00:29:35,629 - INFO - Success on 50: 200 - {"IIVALUE": "index n: 604-075-00-6", "IIVALUEF": 0}
2024-07-11 00:29:35,942 - INFO - Success on 50: 200 - {"IIVALUE": "100.0", "IIVALUEF": 0}
2024-07-11 00:29:36,199 - INFO - Success on 50: 200 - {"IIVALUE": null, "IIVALUEF": 0}
2024-07-11 00:29:36,512 - INFO - Success on 50: 200 - {"IIVALUE": "Adv. Chemistry", "IIVALUEF": 0}
2024-07-11 00:29:36,775 - INFO - Success on 50: 200 - {"IIVALUE": null, "IIVALUEF": 0}
2024-07-11 00:29:37,094 - INFO - Success on 50: 200 - {"IIVALUE": "4-(1,1,3,3-Tetramethyl-butyl)phenol for synthesis ", "IIVALUEF": 0}
2024-07-11 00:29:37,401 - INFO - Success on 50: 200 - {"IIVALUE": "Merck", "IIVALUEF": 0}
2024-07-11 00:29:37,655 - INFO - Success on 50: 200 - {"IIVALUE": null, "IIVALUEF": 0}
2024-07-11 00:29:37,974 - INFO - Success on 50: 200 - {"IIVALUE": "g", "IIVALUEF": 0}
2024-07-11 00:29:38,223 - INFO - Success on 50: 200 - {"IIVALUE": null, "IIVALUEF": 0}
2024-07-11 00:29:38,523 - INFO - Success on 50: 200 - {"IIVALUE": "S87197116", "IIVALUEF": 0}
2024-07-11 00:29:38,837 - INFO - Success on 51: 200 - {"SHORT_DESC": "Chemical & Consumables Container", "RQ_VALUE": null, "DESCRIPTION": "Chemical & Consumables Container"}
2024-07-11 00:29:40,020 - INFO - Success on 51: 200 - {"StatusTo": 5}
2024-07-11 00:29:40,376 - INFO - Success on 51: 200 - {"IIVALUE": "AS*L", "IIVALUEF": 0}
2024-07-11 00:29:40,653 - INFO - Success on 51: 200 - {"IIVALUE": null, "IIVALUEF": 0}
2024-07-11 00:29:41,008 - INFO - Success on 51: 200 - {"IIVALUE": "09/15/2023 12:00:00 AM +00:00", "IIVALUEF": 0}
2024-07-11 00:29:41,310 - INFO - Success on 51: 200 - {"IIVALUE": "09/14/2026 12:00:00 AM +00:00", "IIVALUEF": 0}
2024-07-11 00:29:41,650 - INFO - Success on 51: 200 - {"IIVALUE": "GIC*L", "IIVALUEF": 0}
2024-07-11 00:29:41,979 - INFO - Success on 51: 200 - {"IIVALUE": "Ventilated Cabinet 4", "IIVALUEF": 0}
2024-07-11 00:29:42,248 - INFO - Success on 51: 200 - {"IIVALUE": null, "IIVALUEF": 0}
2024-07-11 00:29:42,570 - INFO - Success on 51: 200 - {"IIVALUE": null, "IIVALUEF": 0}
2024-07-11 00:29:42,949 - INFO - Success on 51: 200 - {"IIVALUE": "7757-82-6", "IIVALUEF": 0}
2024-07-11 00:29:43,247 - INFO - Success on 51: 200 - {"IIVALUE": "500.0", "IIVALUEF": 0}
2024-07-11 00:29:43,561 - INFO - Success on 51: 200 - {"IIVALUE": "Method/Project: QA0006-08", "IIVALUEF": 0}
2024-07-11 00:29:43,890 - INFO - Success on 51: 200 - {"IIVALUE": "Adv. Chemistry", "IIVALUEF": 0}
2024-07-11 00:29:44,150 - INFO - Success on 51: 200 - {"IIVALUE": null, "IIVALUEF": 0}
2024-07-11 00:29:44,527 - INFO - Success on 51: 200 - {"IIVALUE": "Sodium sulfate anhydrous >99% ", "IIVALUEF": 0}
2024-07-11 00:29:44,844 - INFO - Success on 51: 200 - {"IIVALUE": "Sigma-Aldrich", "IIVALUEF": 0}
2024-07-11 00:29:45,103 - INFO - Success on 51: 200 - {"IIVALUE": null, "IIVALUEF": 0}
2024-07-11 00:29:45,443 - INFO - Success on 51: 200 - {"IIVALUE": "g", "IIVALUEF": 0}
2024-07-11 00:29:45,700 - INFO - Success on 51: 200 - {"IIVALUE": null, "IIVALUEF": 0}
2024-07-11 00:29:46,025 - INFO - Success on 51: 200 - {"IIVALUE": "MKBR3150V", "IIVALUEF": 0}
2024-07-11 00:29:46,347 - INFO - Success on 52: 200 - {"SHORT_DESC": "Chemical & Consumables Container", "RQ_VALUE": null, "DESCRIPTION": "Chemical & Consumables Container"}
2024-07-11 00:29:47,531 - INFO - Success on 52: 200 - {"StatusTo": 5}
2024-07-11 00:29:47,834 - INFO - Success on 52: 200 - {"IIVALUE": "AS*L", "IIVALUEF": 0}
2024-07-11 00:29:48,093 - INFO - Success on 52: 200 - {"IIVALUE": null, "IIVALUEF": 0}
2024-07-11 00:29:48,418 - INFO - Success on 52: 200 - {"IIVALUE": "09/15/2023 12:00:00 AM +00:00", "IIVALUEF": 0}
2024-07-11 00:29:48,772 - INFO - Success on 52: 200 - {"IIVALUE": "09/14/2026 12:00:00 AM +00:00", "IIVALUEF": 0}
2024-07-11 00:29:49,121 - INFO - Success on 52: 200 - {"IIVALUE": "GIC*L", "IIVALUEF": 0}
2024-07-11 00:29:49,429 - INFO - Success on 52: 200 - {"IIVALUE": "Ventilated Cabinet 4", "IIVALUEF": 0}
2024-07-11 00:29:49,688 - INFO - Success on 52: 200 - {"IIVALUE": null, "IIVALUEF": 0}
2024-07-11 00:29:50,013 - INFO - Success on 52: 200 - {"IIVALUE": "Kepenne, Veronique", "IIVALUEF": 0}
2024-07-11 00:29:50,300 - INFO - Success on 52: 200 - {"IIVALUE": null, "IIVALUEF": 0}
2024-07-11 00:29:50,628 - INFO - Success on 52: 200 - {"IIVALUE": "2.5", "IIVALUEF": 0}
2024-07-11 00:29:50,927 - INFO - Success on 52: 200 - {"IIVALUE": "Method/Project: Oil content std QC 58-4", "IIVALUEF": 0}
2024-07-11 00:29:51,251 - INFO - Success on 52: 200 - {"IIVALUE": "Adv. Chemistry", "IIVALUEF": 0}
2024-07-11 00:29:53,081 - INFO - Success on 52: 200 - {"IIVALUE": null, "IIVALUEF": 0}
2024-07-11 00:29:53,423 - INFO - Success on 52: 200 - {"IIVALUE": "Sulfur finely divided ", "IIVALUEF": 0}
2024-07-11 00:29:53,733 - INFO - Success on 52: 200 - {"IIVALUE": "Merck", "IIVALUEF": 0}
2024-07-11 00:29:53,991 - INFO - Success on 52: 200 - {"IIVALUE": null, "IIVALUEF": 0}
2024-07-11 00:29:54,332 - INFO - Success on 52: 200 - {"IIVALUE": "kg", "IIVALUEF": 0}
2024-07-11 00:29:54,597 - INFO - Success on 52: 200 - {"IIVALUE": null, "IIVALUEF": 0}
2024-07-11 00:29:54,923 - INFO - Success on 52: 200 - {"IIVALUE": "K25211587 839", "IIVALUEF": 0}
2024-07-11 00:29:55,232 - INFO - Success on 53: 200 - {"SHORT_DESC": "Chemical & Consumables Container", "RQ_VALUE": null, "DESCRIPTION": "Chemical & Consumables Container"}
2024-07-11 00:29:56,410 - INFO - Success on 53: 200 - {"StatusTo": 5}
2024-07-11 00:29:56,748 - INFO - Success on 53: 200 - {"IIVALUE": "AS*L", "IIVALUEF": 0}
2024-07-11 00:29:57,014 - INFO - Success on 53: 200 - {"IIVALUE": null, "IIVALUEF": 0}
2024-07-11 00:29:57,334 - INFO - Success on 53: 200 - {"IIVALUE": "09/15/2023 12:00:00 AM +00:00", "IIVALUEF": 0}
2024-07-11 00:29:57,635 - INFO - Success on 53: 200 - {"IIVALUE": "09/14/2026 12:00:00 AM +00:00", "IIVALUEF": 0}
2024-07-11 00:29:57,980 - INFO - Success on 53: 200 - {"IIVALUE": "GIC*L", "IIVALUEF": 0}
2024-07-11 00:29:58,289 - INFO - Success on 53: 200 - {"IIVALUE": "Ventilated Cabinet 4", "IIVALUEF": 0}
2024-07-11 00:29:58,542 - INFO - Success on 53: 200 - {"IIVALUE": null, "IIVALUEF": 0}
2024-07-11 00:29:58,884 - INFO - Success on 53: 200 - {"IIVALUE": "Kepenne, Veronique", "IIVALUEF": 0}
2024-07-11 00:29:59,204 - INFO - Success on 53: 200 - {"IIVALUE": "EC 202-905-8", "IIVALUEF": 0}
2024-07-11 00:29:59,521 - INFO - Success on 53: 200 - {"IIVALUE": "100.0", "IIVALUEF": 0}
2024-07-11 00:29:59,865 - INFO - Success on 53: 200 - {"IIVALUE": "Method/Project: QA0239-01", "IIVALUEF": 0}
2024-07-11 00:30:00,228 - INFO - Success on 53: 200 - {"IIVALUE": "Adv. Chemistry", "IIVALUEF": 0}
2024-07-11 00:30:00,542 - INFO - Success on 53: 200 - {"IIVALUE": null, "IIVALUEF": 0}
2024-07-11 00:30:00,849 - INFO - Success on 53: 200 - {"IIVALUE": "Hexamethylenetetramine for synthesis ", "IIVALUEF": 0}
2024-07-11 00:30:01,163 - INFO - Success on 53: 200 - {"IIVALUE": "Merck", "IIVALUEF": 0}
2024-07-11 00:30:01,447 - INFO - Success on 53: 200 - {"IIVALUE": null, "IIVALUEF": 0}
2024-07-11 00:30:01,806 - INFO - Success on 53: 200 - {"IIVALUE": "g", "IIVALUEF": 0}
2024-07-11 00:30:02,071 - INFO - Success on 53: 200 - {"IIVALUE": null, "IIVALUEF": 0}
2024-07-11 00:30:02,434 - INFO - Success on 53: 200 - {"IIVALUE": "S34655 148", "IIVALUEF": 0}
2024-07-11 00:30:02,757 - INFO - Success on 54: 200 - {"SHORT_DESC": "Chemical & Consumables Container", "RQ_VALUE": null, "DESCRIPTION": "Chemical & Consumables Container"}
2024-07-11 00:30:03,943 - INFO - Success on 54: 200 - {"StatusTo": 5}
2024-07-11 00:30:04,310 - INFO - Success on 54: 200 - {"IIVALUE": "AS*L", "IIVALUEF": 0}
2024-07-11 00:30:04,565 - INFO - Success on 54: 200 - {"IIVALUE": null, "IIVALUEF": 0}
2024-07-11 00:30:04,897 - INFO - Success on 54: 200 - {"IIVALUE": null, "IIVALUEF": 0}
2024-07-11 00:30:05,203 - INFO - Success on 54: 200 - {"IIVALUE": "01/07/2019 12:00:00 AM +00:00", "IIVALUEF": 0}
2024-07-11 00:30:05,526 - INFO - Success on 54: 200 - {"IIVALUE": "GIC*L", "IIVALUEF": 0}
2024-07-11 00:30:05,836 - INFO - Success on 54: 200 - {"IIVALUE": "Ventilated Cabinet 4", "IIVALUEF": 0}
2024-07-11 00:30:06,107 - INFO - Success on 54: 200 - {"IIVALUE": null, "IIVALUEF": 0}
2024-07-11 00:30:06,420 - INFO - Success on 54: 200 - {"IIVALUE": "Dartevelle, Coralie", "IIVALUEF": 0}
2024-07-11 00:30:06,743 - INFO - Success on 54: 200 - {"IIVALUE": "334-48-5", "IIVALUEF": 0}
2024-07-11 00:30:07,050 - INFO - Success on 54: 200 - {"IIVALUE": "5.0", "IIVALUEF": 0}
2024-07-11 00:30:07,370 - INFO - Success on 54: 200 - {"IIVALUE": "Method/Project: Chromato", "IIVALUEF": 0}
2024-07-11 00:30:07,689 - INFO - Success on 54: 200 - {"IIVALUE": "Adv. Chemistry", "IIVALUEF": 0}
2024-07-11 00:30:07,947 - INFO - Success on 54: 200 - {"IIVALUE": null, "IIVALUEF": 0}
2024-07-11 00:30:08,276 - INFO - Success on 54: 200 - {"IIVALUE": "Decanoic acid ", "IIVALUEF": 0}
2024-07-11 00:30:08,592 - INFO - Success on 54: 200 - {"IIVALUE": "Sigma Aldrich", "IIVALUEF": 0}
2024-07-11 00:30:08,847 - INFO - Success on 54: 200 - {"IIVALUE": null, "IIVALUEF": 0}
2024-07-11 00:30:09,172 - INFO - Success on 54: 200 - {"IIVALUE": "g", "IIVALUEF": 0}
2024-07-11 00:30:10,187 - INFO - Success on 54: 200 - {"IIVALUE": null, "IIVALUEF": 0}
2024-07-11 00:30:10,496 - INFO - Success on 54: 200 - {"IIVALUE": "#BCBS2252V", "IIVALUEF": 0}
2024-07-11 00:30:10,827 - INFO - Success on 55: 200 - {"SHORT_DESC": "Chemical & Consumables Container", "RQ_VALUE": null, "DESCRIPTION": "Chemical & Consumables Container"}
2024-07-11 00:30:12,012 - INFO - Success on 55: 200 - {"StatusTo": 5}
2024-07-11 00:30:12,360 - INFO - Success on 55: 200 - {"IIVALUE": "AS*L", "IIVALUEF": 0}
2024-07-11 00:30:12,623 - INFO - Success on 55: 200 - {"IIVALUE": null, "IIVALUEF": 0}
2024-07-11 00:30:12,939 - INFO - Success on 55: 200 - {"IIVALUE": null, "IIVALUEF": 0}
2024-07-11 00:30:13,242 - INFO - Success on 55: 200 - {"IIVALUE": "01/07/2019 12:00:00 AM +00:00", "IIVALUEF": 0}
2024-07-11 00:30:13,570 - INFO - Success on 55: 200 - {"IIVALUE": "GIC*L", "IIVALUEF": 0}
2024-07-11 00:30:13,884 - INFO - Success on 55: 200 - {"IIVALUE": "Ventilated Cabinet 4", "IIVALUEF": 0}
2024-07-11 00:30:14,157 - INFO - Success on 55: 200 - {"IIVALUE": null, "IIVALUEF": 0}
2024-07-11 00:30:14,487 - INFO - Success on 55: 200 - {"IIVALUE": "Dartevelle, Coralie", "IIVALUEF": 0}
2024-07-11 00:30:14,789 - INFO - Success on 55: 200 - {"IIVALUE": "334-48-5", "IIVALUEF": 0}
2024-07-11 00:30:15,093 - INFO - Success on 55: 200 - {"IIVALUE": "5.0", "IIVALUEF": 0}
2024-07-11 00:30:15,420 - INFO - Success on 55: 200 - {"IIVALUE": "Method/Project: Chromato", "IIVALUEF": 0}
2024-07-11 00:30:15,731 - INFO - Success on 55: 200 - {"IIVALUE": "Adv. Chemistry", "IIVALUEF": 0}
2024-07-11 00:30:16,014 - INFO - Success on 55: 200 - {"IIVALUE": null, "IIVALUEF": 0}
2024-07-11 00:30:16,345 - INFO - Success on 55: 200 - {"IIVALUE": "Decanoic acid lot", "IIVALUEF": 0}
2024-07-11 00:30:16,651 - INFO - Success on 55: 200 - {"IIVALUE": "Sigma Aldrich", "IIVALUEF": 0}
2024-07-11 00:30:16,913 - INFO - Success on 55: 200 - {"IIVALUE": null, "IIVALUEF": 0}
2024-07-11 00:30:17,219 - INFO - Success on 55: 200 - {"IIVALUE": "g", "IIVALUEF": 0}
2024-07-11 00:30:17,469 - INFO - Success on 55: 200 - {"IIVALUE": null, "IIVALUEF": 0}
2024-07-11 00:30:17,790 - INFO - Success on 55: 200 - {"IIVALUE": "#BCBS2252V", "IIVALUEF": 0}
2024-07-11 00:30:18,096 - INFO - Success on 56: 200 - {"SHORT_DESC": "Chemical & Consumables Container", "RQ_VALUE": null, "DESCRIPTION": "Chemical & Consumables Container"}
2024-07-11 00:30:19,283 - INFO - Success on 56: 200 - {"StatusTo": 5}
2024-07-11 00:30:19,590 - INFO - Success on 56: 200 - {"IIVALUE": "AS*L", "IIVALUEF": 0}
2024-07-11 00:30:19,866 - INFO - Success on 56: 200 - {"IIVALUE": null, "IIVALUEF": 0}
2024-07-11 00:30:20,183 - INFO - Success on 56: 200 - {"IIVALUE": null, "IIVALUEF": 0}
2024-07-11 00:30:20,438 - INFO - Success on 56: 200 - {"IIVALUE": null, "IIVALUEF": 0}
2024-07-11 00:30:20,756 - INFO - Success on 56: 200 - {"IIVALUE": "GIC*L", "IIVALUEF": 0}
2024-07-11 00:30:21,066 - INFO - Success on 56: 200 - {"IIVALUE": "Ventilated Cabinet 4", "IIVALUEF": 0}
2024-07-11 00:30:21,317 - INFO - Success on 56: 200 - {"IIVALUE": null, "IIVALUEF": 0}
2024-07-11 00:30:21,651 - INFO - Success on 56: 200 - {"IIVALUE": "Dartevelle, Coralie", "IIVALUEF": 0}
2024-07-11 00:30:21,952 - INFO - Success on 56: 200 - {"IIVALUE": "143-07-7", "IIVALUEF": 0}
2024-07-11 00:30:22,269 - INFO - Success on 56: 200 - {"IIVALUE": "100.0", "IIVALUEF": 0}
2024-07-11 00:30:22,586 - INFO - Success on 56: 200 - {"IIVALUE": "Method/Project: Chromato", "IIVALUEF": 0}
2024-07-11 00:30:22,900 - INFO - Success on 56: 200 - {"IIVALUE": "Adv. Chemistry", "IIVALUEF": 0}
2024-07-11 00:30:23,151 - INFO - Success on 56: 200 - {"IIVALUE": null, "IIVALUEF": 0}
2024-07-11 00:30:23,463 - INFO - Success on 56: 200 - {"IIVALUE": "Lauric acid for synthesis ", "IIVALUEF": 0}
2024-07-11 00:30:23,771 - INFO - Success on 56: 200 - {"IIVALUE": "Merck", "IIVALUEF": 0}
2024-07-11 00:30:24,036 - INFO - Success on 56: 200 - {"IIVALUE": null, "IIVALUEF": 0}
2024-07-11 00:30:24,360 - INFO - Success on 56: 200 - {"IIVALUE": "g", "IIVALUEF": 0}
2024-07-11 00:30:24,641 - INFO - Success on 56: 200 - {"IIVALUE": null, "IIVALUEF": 0}
2024-07-11 00:30:24,944 - INFO - Success on 56: 200 - {"IIVALUE": "#S7225033644", "IIVALUEF": 0}
2024-07-11 00:30:25,244 - INFO - Success on 57: 200 - {"SHORT_DESC": "Chemical & Consumables Container", "RQ_VALUE": null, "DESCRIPTION": "Chemical & Consumables Container"}
2024-07-11 00:30:26,428 - INFO - Success on 57: 200 - {"StatusTo": 5}
2024-07-11 00:30:26,767 - INFO - Success on 57: 200 - {"IIVALUE": "AS*L", "IIVALUEF": 0}
2024-07-11 00:30:27,018 - INFO - Success on 57: 200 - {"IIVALUE": null, "IIVALUEF": 0}
2024-07-11 00:30:27,362 - INFO - Success on 57: 200 - {"IIVALUE": null, "IIVALUEF": 0}
2024-07-11 00:30:27,629 - INFO - Success on 57: 200 - {"IIVALUE": null, "IIVALUEF": 0}
2024-07-11 00:30:27,966 - INFO - Success on 57: 200 - {"IIVALUE": "GIC*L", "IIVALUEF": 0}
2024-07-11 00:30:28,269 - INFO - Success on 57: 200 - {"IIVALUE": "Ventilated Cabinet 4", "IIVALUEF": 0}
2024-07-11 00:30:28,521 - INFO - Success on 57: 200 - {"IIVALUE": null, "IIVALUEF": 0}
2024-07-11 00:30:28,907 - INFO - Success on 57: 200 - {"IIVALUE": "Dartevelle, Coralie", "IIVALUEF": 0}
2024-07-11 00:30:29,215 - INFO - Success on 57: 200 - {"IIVALUE": "544-63-8", "IIVALUEF": 0}
2024-07-11 00:30:29,564 - INFO - Success on 57: 200 - {"IIVALUE": "100.0", "IIVALUEF": 0}
2024-07-11 00:30:29,926 - INFO - Success on 57: 200 - {"IIVALUE": "Method/Project: Chromato", "IIVALUEF": 0}
2024-07-11 00:30:30,237 - INFO - Success on 57: 200 - {"IIVALUE": "Adv. Chemistry", "IIVALUEF": 0}
2024-07-11 00:30:30,497 - INFO - Success on 57: 200 - {"IIVALUE": null, "IIVALUEF": 0}
2024-07-11 00:30:30,811 - INFO - Success on 57: 200 - {"IIVALUE": "Myristic acid for synthesis ", "IIVALUEF": 0}
2024-07-11 00:30:31,112 - INFO - Success on 57: 200 - {"IIVALUE": "Merck", "IIVALUEF": 0}
2024-07-11 00:30:31,364 - INFO - Success on 57: 200 - {"IIVALUE": null, "IIVALUEF": 0}
2024-07-11 00:30:31,710 - INFO - Success on 57: 200 - {"IIVALUE": "g", "IIVALUEF": 0}
2024-07-11 00:30:31,958 - INFO - Success on 57: 200 - {"IIVALUE": null, "IIVALUEF": 0}
2024-07-11 00:30:32,254 - INFO - Success on 57: 200 - {"IIVALUE": "#S7305799703", "IIVALUEF": 0}
2024-07-11 00:30:32,556 - INFO - Success on 58: 200 - {"SHORT_DESC": "Chemical & Consumables Container", "RQ_VALUE": null, "DESCRIPTION": "Chemical & Consumables Container"}
2024-07-11 00:30:33,738 - INFO - Success on 58: 200 - {"StatusTo": 5}
2024-07-11 00:30:34,085 - INFO - Success on 58: 200 - {"IIVALUE": "AS*L", "IIVALUEF": 0}
2024-07-11 00:30:34,345 - INFO - Success on 58: 200 - {"IIVALUE": null, "IIVALUEF": 0}
2024-07-11 00:30:34,664 - INFO - Success on 58: 200 - {"IIVALUE": null, "IIVALUEF": 0}
2024-07-11 00:30:34,978 - INFO - Success on 58: 200 - {"IIVALUE": "01/07/2021 12:00:00 AM +00:00", "IIVALUEF": 0}
2024-07-11 00:30:35,300 - INFO - Success on 58: 200 - {"IIVALUE": "GIC*L", "IIVALUEF": 0}
2024-07-11 00:30:35,626 - INFO - Success on 58: 200 - {"IIVALUE": "Ventilated Cabinet 4", "IIVALUEF": 0}
2024-07-11 00:30:35,892 - INFO - Success on 58: 200 - {"IIVALUE": null, "IIVALUEF": 0}
2024-07-11 00:30:36,196 - INFO - Success on 58: 200 - {"IIVALUE": "Dartevelle, Coralie", "IIVALUEF": 0}
2024-07-11 00:30:36,500 - INFO - Success on 58: 200 - {"IIVALUE": "1002-84-2", "IIVALUEF": 0}
2024-07-11 00:30:36,806 - INFO - Success on 58: 200 - {"IIVALUE": "5.0", "IIVALUEF": 0}
2024-07-11 00:30:37,117 - INFO - Success on 58: 200 - {"IIVALUE": "Method/Project: Chromato", "IIVALUEF": 0}
2024-07-11 00:30:37,435 - INFO - Success on 58: 200 - {"IIVALUE": "Adv. Chemistry", "IIVALUEF": 0}
2024-07-11 00:30:37,685 - INFO - Success on 58: 200 - {"IIVALUE": null, "IIVALUEF": 0}
2024-07-11 00:30:38,038 - INFO - Success on 58: 200 - {"IIVALUE": "Pentadecanoic acid ", "IIVALUEF": 0}
2024-07-11 00:30:38,354 - INFO - Success on 58: 200 - {"IIVALUE": "Sigma Aldrich", "IIVALUEF": 0}
2024-07-11 00:30:38,627 - INFO - Success on 58: 200 - {"IIVALUE": null, "IIVALUEF": 0}
2024-07-11 00:30:38,982 - INFO - Success on 58: 200 - {"IIVALUE": "g", "IIVALUEF": 0}
2024-07-11 00:30:39,239 - INFO - Success on 58: 200 - {"IIVALUE": null, "IIVALUEF": 0}
2024-07-11 00:30:39,554 - INFO - Success on 58: 200 - {"IIVALUE": "#BCBX5034", "IIVALUEF": 0}
2024-07-11 00:30:39,870 - INFO - Success on 59: 200 - {"SHORT_DESC": "Chemical & Consumables Container", "RQ_VALUE": null, "DESCRIPTION": "Chemical & Consumables Container"}
2024-07-11 00:30:41,052 - INFO - Success on 59: 200 - {"StatusTo": 5}
2024-07-11 00:30:41,398 - INFO - Success on 59: 200 - {"IIVALUE": "AS*L", "IIVALUEF": 0}
2024-07-11 00:30:41,666 - INFO - Success on 59: 200 - {"IIVALUE": null, "IIVALUEF": 0}
2024-07-11 00:30:42,003 - INFO - Success on 59: 200 - {"IIVALUE": null, "IIVALUEF": 0}
2024-07-11 00:30:42,331 - INFO - Success on 59: 200 - {"IIVALUE": "01/01/2019 12:00:00 AM +00:00", "IIVALUEF": 0}
2024-07-11 00:30:42,647 - INFO - Success on 59: 200 - {"IIVALUE": "GIC*L", "IIVALUEF": 0}
2024-07-11 00:30:42,951 - INFO - Success on 59: 200 - {"IIVALUE": "Ventilated Cabinet 4", "IIVALUEF": 0}
2024-07-11 00:30:43,226 - INFO - Success on 59: 200 - {"IIVALUE": null, "IIVALUEF": 0}
2024-07-11 00:30:43,534 - INFO - Success on 59: 200 - {"IIVALUE": "Dartevelle, Coralie", "IIVALUEF": 0}
2024-07-11 00:30:43,887 - INFO - Success on 59: 200 - {"IIVALUE": "57-10-3", "IIVALUEF": 0}
2024-07-11 00:30:44,223 - INFO - Success on 59: 200 - {"IIVALUE": "5.0", "IIVALUEF": 0}
2024-07-11 00:30:44,533 - INFO - Success on 59: 200 - {"IIVALUE": "Method/Project: Chromato", "IIVALUEF": 0}
2024-07-11 00:30:44,863 - INFO - Success on 59: 200 - {"IIVALUE": "Adv. Chemistry", "IIVALUEF": 0}
2024-07-11 00:30:45,119 - INFO - Success on 59: 200 - {"IIVALUE": null, "IIVALUEF": 0}
2024-07-11 00:30:45,446 - INFO - Success on 59: 200 - {"IIVALUE": "Palmitic acid ", "IIVALUEF": 0}
2024-07-11 00:30:45,759 - INFO - Success on 59: 200 - {"IIVALUE": "Sigma Aldrich", "IIVALUEF": 0}
2024-07-11 00:30:46,030 - INFO - Success on 59: 200 - {"IIVALUE": null, "IIVALUEF": 0}
2024-07-11 00:30:46,346 - INFO - Success on 59: 200 - {"IIVALUE": "g", "IIVALUEF": 0}
2024-07-11 00:30:46,600 - INFO - Success on 59: 200 - {"IIVALUE": null, "IIVALUEF": 0}
2024-07-11 00:30:46,935 - INFO - Success on 59: 200 - {"IIVALUE": "#BCBR3995V", "IIVALUEF": 0}
2024-07-11 00:30:47,274 - INFO - Success on 60: 200 - {"SHORT_DESC": "Chemical & Consumables Container", "RQ_VALUE": null, "DESCRIPTION": "Chemical & Consumables Container"}
2024-07-11 00:30:48,452 - INFO - Success on 60: 200 - {"StatusTo": 5}
2024-07-11 00:30:48,752 - INFO - Success on 60: 200 - {"IIVALUE": "AS*L", "IIVALUEF": 0}
2024-07-11 00:30:49,002 - INFO - Success on 60: 200 - {"IIVALUE": null, "IIVALUEF": 0}
2024-07-11 00:30:49,309 - INFO - Success on 60: 200 - {"IIVALUE": null, "IIVALUEF": 0}
2024-07-11 00:30:49,568 - INFO - Success on 60: 200 - {"IIVALUE": null, "IIVALUEF": 0}
2024-07-11 00:30:49,881 - INFO - Success on 60: 200 - {"IIVALUE": "GIC*L", "IIVALUEF": 0}
2024-07-11 00:30:50,180 - INFO - Success on 60: 200 - {"IIVALUE": "Ventilated Cabinet 4", "IIVALUEF": 0}
2024-07-11 00:30:50,433 - INFO - Success on 60: 200 - {"IIVALUE": null, "IIVALUEF": 0}
2024-07-11 00:30:50,737 - INFO - Success on 60: 200 - {"IIVALUE": "Dartevelle, Coralie", "IIVALUEF": 0}
2024-07-11 00:30:51,045 - INFO - Success on 60: 200 - {"IIVALUE": "506-12-7", "IIVALUEF": 0}
2024-07-11 00:30:51,359 - INFO - Success on 60: 200 - {"IIVALUE": "5.0", "IIVALUEF": 0}
2024-07-11 00:30:51,660 - INFO - Success on 60: 200 - {"IIVALUE": "Method/Project: Chromato", "IIVALUEF": 0}
2024-07-11 00:30:51,975 - INFO - Success on 60: 200 - {"IIVALUE": "Adv. Chemistry", "IIVALUEF": 0}
2024-07-11 00:30:52,240 - INFO - Success on 60: 200 - {"IIVALUE": null, "IIVALUEF": 0}
2024-07-11 00:30:52,565 - INFO - Success on 60: 200 - {"IIVALUE": "Heptadecanoic acid ", "IIVALUEF": 0}
2024-07-11 00:30:52,874 - INFO - Success on 60: 200 - {"IIVALUE": "Sigma Aldrich", "IIVALUEF": 0}
2024-07-11 00:30:53,127 - INFO - Success on 60: 200 - {"IIVALUE": null, "IIVALUEF": 0}
2024-07-11 00:30:53,442 - INFO - Success on 60: 200 - {"IIVALUE": "g", "IIVALUEF": 0}
2024-07-11 00:30:53,693 - INFO - Success on 60: 200 - {"IIVALUE": null, "IIVALUEF": 0}
2024-07-11 00:30:54,004 - INFO - Success on 60: 200 - {"IIVALUE": "#SLBP5021V", "IIVALUEF": 0}
2024-07-11 00:30:54,299 - INFO - Success on 61: 200 - {"SHORT_DESC": "Chemical & Consumables Container", "RQ_VALUE": null, "DESCRIPTION": "Chemical & Consumables Container"}
2024-07-11 00:30:55,490 - INFO - Success on 61: 200 - {"StatusTo": 5}
2024-07-11 00:30:55,826 - INFO - Success on 61: 200 - {"IIVALUE": "AS*L", "IIVALUEF": 0}
2024-07-11 00:30:56,079 - INFO - Success on 61: 200 - {"IIVALUE": null, "IIVALUEF": 0}
2024-07-11 00:30:56,387 - INFO - Success on 61: 200 - {"IIVALUE": "09/15/2023 12:00:00 AM +00:00", "IIVALUEF": 0}
2024-07-11 00:30:56,759 - INFO - Success on 61: 200 - {"IIVALUE": "09/14/2026 12:00:00 AM +00:00", "IIVALUEF": 0}
2024-07-11 00:30:57,061 - INFO - Success on 61: 200 - {"IIVALUE": "GIC*L", "IIVALUEF": 0}
2024-07-11 00:30:57,376 - INFO - Success on 61: 200 - {"IIVALUE": "Ventilated Cabinet 4", "IIVALUEF": 0}
2024-07-11 00:30:57,630 - INFO - Success on 61: 200 - {"IIVALUE": null, "IIVALUEF": 0}
2024-07-11 00:30:57,949 - INFO - Success on 61: 200 - {"IIVALUE": "ACF", "IIVALUEF": 0}
2024-07-11 00:30:58,269 - INFO - Success on 61: 200 - {"IIVALUE": "112-80-1", "IIVALUEF": 0}
2024-07-11 00:30:58,585 - INFO - Success on 61: 200 - {"IIVALUE": "5.0", "IIVALUEF": 0}
2024-07-11 00:30:58,843 - INFO - Success on 61: 200 - {"IIVALUE": null, "IIVALUEF": 0}
2024-07-11 00:30:59,155 - INFO - Success on 61: 200 - {"IIVALUE": "Adv. Chemistry", "IIVALUEF": 0}
2024-07-11 00:30:59,407 - INFO - Success on 61: 200 - {"IIVALUE": null, "IIVALUEF": 0}
2024-07-11 00:30:59,714 - INFO - Success on 61: 200 - {"IIVALUE": "oleic acid", "IIVALUEF": 0}
2024-07-11 00:31:00,040 - INFO - Success on 61: 200 - {"IIVALUE": "Fluka", "IIVALUEF": 0}
2024-07-11 00:31:00,299 - INFO - Success on 61: 200 - {"IIVALUE": null, "IIVALUEF": 0}
2024-07-11 00:31:01,441 - INFO - Success on 61: 200 - {"IIVALUE": "mL", "IIVALUEF": 0}
2024-07-11 00:31:01,693 - INFO - Success on 61: 200 - {"IIVALUE": null, "IIVALUEF": 0}
2024-07-11 00:31:02,003 - INFO - Success on 61: 200 - {"IIVALUE": "#1364173", "IIVALUEF": 0}
2024-07-11 00:31:02,326 - INFO - Success on 62: 200 - {"SHORT_DESC": "Chemical & Consumables Container", "RQ_VALUE": null, "DESCRIPTION": "Chemical & Consumables Container"}
2024-07-11 00:31:03,508 - INFO - Success on 62: 200 - {"StatusTo": 5}
2024-07-11 00:31:03,816 - INFO - Success on 62: 200 - {"IIVALUE": "AS*L", "IIVALUEF": 0}
2024-07-11 00:31:04,076 - INFO - Success on 62: 200 - {"IIVALUE": null, "IIVALUEF": 0}
2024-07-11 00:31:04,401 - INFO - Success on 62: 200 - {"IIVALUE": "09/15/2023 12:00:00 AM +00:00", "IIVALUEF": 0}
2024-07-11 00:31:04,704 - INFO - Success on 62: 200 - {"IIVALUE": "09/14/2026 12:00:00 AM +00:00", "IIVALUEF": 0}
2024-07-11 00:31:05,009 - INFO - Success on 62: 200 - {"IIVALUE": "GIC*L", "IIVALUEF": 0}
2024-07-11 00:31:05,317 - INFO - Success on 62: 200 - {"IIVALUE": "Ventilated Cabinet 4", "IIVALUEF": 0}
2024-07-11 00:31:05,583 - INFO - Success on 62: 200 - {"IIVALUE": null, "IIVALUEF": 0}
2024-07-11 00:31:05,892 - INFO - Success on 62: 200 - {"IIVALUE": "ACF", "IIVALUEF": 0}
2024-07-11 00:31:06,202 - INFO - Success on 62: 200 - {"IIVALUE": "112-80-1", "IIVALUEF": 0}
2024-07-11 00:31:06,519 - INFO - Success on 62: 200 - {"IIVALUE": "5.0", "IIVALUEF": 0}
2024-07-11 00:31:06,769 - INFO - Success on 62: 200 - {"IIVALUE": null, "IIVALUEF": 0}
2024-07-11 00:31:07,082 - INFO - Success on 62: 200 - {"IIVALUE": "Adv. Chemistry", "IIVALUEF": 0}
2024-07-11 00:31:07,358 - INFO - Success on 62: 200 - {"IIVALUE": null, "IIVALUEF": 0}
2024-07-11 00:31:07,667 - INFO - Success on 62: 200 - {"IIVALUE": "oleic acid ", "IIVALUEF": 0}
2024-07-11 00:31:07,986 - INFO - Success on 62: 200 - {"IIVALUE": "Merck", "IIVALUEF": 0}
2024-07-11 00:31:08,237 - INFO - Success on 62: 200 - {"IIVALUE": null, "IIVALUEF": 0}
2024-07-11 00:31:08,553 - INFO - Success on 62: 200 - {"IIVALUE": "mL", "IIVALUEF": 0}
2024-07-11 00:31:08,835 - INFO - Success on 62: 200 - {"IIVALUE": null, "IIVALUEF": 0}
2024-07-11 00:31:09,144 - INFO - Success on 62: 200 - {"IIVALUE": "#K24664181 803", "IIVALUEF": 0}
2024-07-11 00:31:09,471 - INFO - Success on 63: 200 - {"SHORT_DESC": "Chemical & Consumables Container", "RQ_VALUE": null, "DESCRIPTION": "Chemical & Consumables Container"}
2024-07-11 00:31:10,654 - INFO - Success on 63: 200 - {"StatusTo": 5}
2024-07-11 00:31:10,962 - INFO - Success on 63: 200 - {"IIVALUE": "AS*L", "IIVALUEF": 0}
2024-07-11 00:31:11,251 - INFO - Success on 63: 200 - {"IIVALUE": null, "IIVALUEF": 0}
2024-07-11 00:31:11,572 - INFO - Success on 63: 200 - {"IIVALUE": "09/15/2023 12:00:00 AM +00:00", "IIVALUEF": 0}
2024-07-11 00:31:11,918 - INFO - Success on 63: 200 - {"IIVALUE": "09/14/2026 12:00:00 AM +00:00", "IIVALUEF": 0}
2024-07-11 00:31:12,220 - INFO - Success on 63: 200 - {"IIVALUE": "GIC*L", "IIVALUEF": 0}
2024-07-11 00:31:12,518 - INFO - Success on 63: 200 - {"IIVALUE": "Ventilated Cabinet 4", "IIVALUEF": 0}
2024-07-11 00:31:12,817 - INFO - Success on 63: 200 - {"IIVALUE": null, "IIVALUEF": 0}
2024-07-11 00:31:13,142 - INFO - Success on 63: 200 - {"IIVALUE": "ACF", "IIVALUEF": 0}
2024-07-11 00:31:13,478 - INFO - Success on 63: 200 - {"IIVALUE": "60-33-3", "IIVALUEF": 0}
2024-07-11 00:31:13,776 - INFO - Success on 63: 200 - {"IIVALUE": "5.0", "IIVALUEF": 0}
2024-07-11 00:31:14,033 - INFO - Success on 63: 200 - {"IIVALUE": null, "IIVALUEF": 0}
2024-07-11 00:31:14,333 - INFO - Success on 63: 200 - {"IIVALUE": "Adv. Chemistry", "IIVALUEF": 0}
2024-07-11 00:31:14,592 - INFO - Success on 63: 200 - {"IIVALUE": null, "IIVALUEF": 0}
2024-07-11 00:31:14,909 - INFO - Success on 63: 200 - {"IIVALUE": "linoleic acid store 2-8C", "IIVALUEF": 0}
2024-07-11 00:31:15,283 - INFO - Success on 63: 200 - {"IIVALUE": "Sigma Aldrich", "IIVALUEF": 0}
2024-07-11 00:31:15,532 - INFO - Success on 63: 200 - {"IIVALUE": null, "IIVALUEF": 0}
2024-07-11 00:31:15,855 - INFO - Success on 63: 200 - {"IIVALUE": "mL", "IIVALUEF": 0}
2024-07-11 00:31:16,138 - INFO - Success on 63: 200 - {"IIVALUE": null, "IIVALUEF": 0}
2024-07-11 00:31:16,444 - INFO - Success on 63: 200 - {"IIVALUE": "#BCBQ3131V", "IIVALUEF": 0}
2024-07-11 00:31:16,753 - INFO - Success on 64: 200 - {"SHORT_DESC": "Chemical & Consumables Container", "RQ_VALUE": null, "DESCRIPTION": "Chemical & Consumables Container"}
2024-07-11 00:31:17,950 - INFO - Success on 64: 200 - {"StatusTo": 5}
2024-07-11 00:31:19,024 - INFO - Success on 64: 200 - {"IIVALUE": "AS*L", "IIVALUEF": 0}
2024-07-11 00:31:19,278 - INFO - Success on 64: 200 - {"IIVALUE": null, "IIVALUEF": 0}
2024-07-11 00:31:19,582 - INFO - Success on 64: 200 - {"IIVALUE": null, "IIVALUEF": 0}
2024-07-11 00:31:19,887 - INFO - Success on 64: 200 - {"IIVALUE": "01/03/2019 12:00:00 AM +00:00", "IIVALUEF": 0}
2024-07-11 00:31:20,195 - INFO - Success on 64: 200 - {"IIVALUE": "GIC*L", "IIVALUEF": 0}
2024-07-11 00:31:20,501 - INFO - Success on 64: 200 - {"IIVALUE": "Ventilated Cabinet 4", "IIVALUEF": 0}
2024-07-11 00:31:20,753 - INFO - Success on 64: 200 - {"IIVALUE": null, "IIVALUEF": 0}
2024-07-11 00:31:21,079 - INFO - Success on 64: 200 - {"IIVALUE": "Dartevelle, Coralie", "IIVALUEF": 0}
2024-07-11 00:31:21,386 - INFO - Success on 64: 200 - {"IIVALUE": "57-11-4", "IIVALUEF": 0}
2024-07-11 00:31:21,680 - INFO - Success on 64: 200 - {"IIVALUE": "5.0", "IIVALUEF": 0}
2024-07-11 00:31:21,988 - INFO - Success on 64: 200 - {"IIVALUE": "Method/Project: Chromato", "IIVALUEF": 0}
2024-07-11 00:31:22,334 - INFO - Success on 64: 200 - {"IIVALUE": "Adv. Chemistry", "IIVALUEF": 0}
2024-07-11 00:31:22,582 - INFO - Success on 64: 200 - {"IIVALUE": null, "IIVALUEF": 0}
2024-07-11 00:31:22,890 - INFO - Success on 64: 200 - {"IIVALUE": "stearic acid ", "IIVALUEF": 0}
2024-07-11 00:31:23,212 - INFO - Success on 64: 200 - {"IIVALUE": "Sigma Aldrich", "IIVALUEF": 0}
2024-07-11 00:31:23,478 - INFO - Success on 64: 200 - {"IIVALUE": null, "IIVALUEF": 0}
2024-07-11 00:31:23,772 - INFO - Success on 64: 200 - {"IIVALUE": "g", "IIVALUEF": 0}
2024-07-11 00:31:24,066 - INFO - Success on 64: 200 - {"IIVALUE": null, "IIVALUEF": 0}
2024-07-11 00:31:24,389 - INFO - Success on 64: 200 - {"IIVALUE": "#BCBR9755V", "IIVALUEF": 0}
2024-07-11 00:31:24,764 - INFO - Success on 65: 200 - {"SHORT_DESC": "Chemical & Consumables Container", "RQ_VALUE": null, "DESCRIPTION": "Chemical & Consumables Container"}
2024-07-11 00:31:25,950 - INFO - Success on 65: 200 - {"StatusTo": 5}
2024-07-11 00:31:26,309 - INFO - Success on 65: 200 - {"IIVALUE": "AS*L", "IIVALUEF": 0}
2024-07-11 00:31:26,563 - INFO - Success on 65: 200 - {"IIVALUE": null, "IIVALUEF": 0}
2024-07-11 00:31:26,904 - INFO - Success on 65: 200 - {"IIVALUE": null, "IIVALUEF": 0}
2024-07-11 00:31:27,170 - INFO - Success on 65: 200 - {"IIVALUE": null, "IIVALUEF": 0}
2024-07-11 00:31:27,499 - INFO - Success on 65: 200 - {"IIVALUE": "GIC*L", "IIVALUEF": 0}
2024-07-11 00:31:27,805 - INFO - Success on 65: 200 - {"IIVALUE": "Ventilated Cabinet 4", "IIVALUEF": 0}
2024-07-11 00:31:28,066 - INFO - Success on 65: 200 - {"IIVALUE": null, "IIVALUEF": 0}
2024-07-11 00:31:28,377 - INFO - Success on 65: 200 - {"IIVALUE": "Dartevelle, Coralie", "IIVALUEF": 0}
2024-07-11 00:31:28,729 - INFO - Success on 65: 200 - {"IIVALUE": "506-30-9", "IIVALUEF": 0}
2024-07-11 00:31:29,089 - INFO - Success on 65: 200 - {"IIVALUE": "5.0", "IIVALUEF": 0}
2024-07-11 00:31:29,424 - INFO - Success on 65: 200 - {"IIVALUE": "Method/Project: Chromato", "IIVALUEF": 0}
2024-07-11 00:31:29,759 - INFO - Success on 65: 200 - {"IIVALUE": "Adv. Chemistry", "IIVALUEF": 0}
2024-07-11 00:31:30,064 - INFO - Success on 65: 200 - {"IIVALUE": null, "IIVALUEF": 0}
2024-07-11 00:31:30,396 - INFO - Success on 65: 200 - {"IIVALUE": "Arachidic acid ", "IIVALUEF": 0}
2024-07-11 00:31:30,758 - INFO - Success on 65: 200 - {"IIVALUE": "Sigma Aldrich", "IIVALUEF": 0}
2024-07-11 00:31:31,041 - INFO - Success on 65: 200 - {"IIVALUE": null, "IIVALUEF": 0}
2024-07-11 00:31:31,391 - INFO - Success on 65: 200 - {"IIVALUE": "g", "IIVALUEF": 0}
2024-07-11 00:31:31,671 - INFO - Success on 65: 200 - {"IIVALUE": null, "IIVALUEF": 0}
2024-07-11 00:31:31,982 - INFO - Success on 65: 200 - {"IIVALUE": "#0000000642", "IIVALUEF": 0}
2024-07-11 00:31:32,301 - INFO - Success on 66: 200 - {"SHORT_DESC": "Chemical & Consumables Container", "RQ_VALUE": null, "DESCRIPTION": "Chemical & Consumables Container"}
2024-07-11 00:31:33,483 - INFO - Success on 66: 200 - {"StatusTo": 5}
2024-07-11 00:31:33,794 - INFO - Success on 66: 200 - {"IIVALUE": "AS*L", "IIVALUEF": 0}
2024-07-11 00:31:34,058 - INFO - Success on 66: 200 - {"IIVALUE": null, "IIVALUEF": 0}
2024-07-11 00:31:34,399 - INFO - Success on 66: 200 - {"IIVALUE": null, "IIVALUEF": 0}
2024-07-11 00:31:34,703 - INFO - Success on 66: 200 - {"IIVALUE": "08/27/2023 12:00:00 AM +00:00", "IIVALUEF": 0}
2024-07-11 00:31:35,007 - INFO - Success on 66: 200 - {"IIVALUE": "GIC*L", "IIVALUEF": 0}
2024-07-11 00:31:35,309 - INFO - Success on 66: 200 - {"IIVALUE": "Ventilated Cabinet 4", "IIVALUEF": 0}
2024-07-11 00:31:35,578 - INFO - Success on 66: 200 - {"IIVALUE": null, "IIVALUEF": 0}
2024-07-11 00:31:35,916 - INFO - Success on 66: 200 - {"IIVALUE": "ACF", "IIVALUEF": 0}
2024-07-11 00:31:36,231 - INFO - Success on 66: 200 - {"IIVALUE": "334-48-5", "IIVALUEF": 0}
2024-07-11 00:31:36,543 - INFO - Success on 66: 200 - {"IIVALUE": "5.0", "IIVALUEF": 0}
2024-07-11 00:31:36,847 - INFO - Success on 66: 200 - {"IIVALUE": "Method/Project: Chromato", "IIVALUEF": 0}
2024-07-11 00:31:37,149 - INFO - Success on 66: 200 - {"IIVALUE": "Adv. Chemistry", "IIVALUEF": 0}
2024-07-11 00:31:37,417 - INFO - Success on 66: 200 - {"IIVALUE": null, "IIVALUEF": 0}
2024-07-11 00:31:37,797 - INFO - Success on 66: 200 - {"IIVALUE": "Decanoic acid source", "IIVALUEF": 0}
2024-07-11 00:31:38,099 - INFO - Success on 66: 200 - {"IIVALUE": "Sigma Aldrich", "IIVALUEF": 0}
2024-07-11 00:31:38,372 - INFO - Success on 66: 200 - {"IIVALUE": null, "IIVALUEF": 0}
2024-07-11 00:31:38,702 - INFO - Success on 66: 200 - {"IIVALUE": "g", "IIVALUEF": 0}
2024-07-11 00:31:38,958 - INFO - Success on 66: 200 - {"IIVALUE": null, "IIVALUEF": 0}
2024-07-11 00:31:39,271 - INFO - Success on 66: 200 - {"IIVALUE": "BCCD7367", "IIVALUEF": 0}
2024-07-11 00:31:39,571 - INFO - Success on 67: 200 - {"SHORT_DESC": "Chemical & Consumables Container", "RQ_VALUE": null, "DESCRIPTION": "Chemical & Consumables Container"}
2024-07-11 00:31:40,750 - INFO - Success on 67: 200 - {"StatusTo": 5}
2024-07-11 00:31:41,072 - INFO - Success on 67: 200 - {"IIVALUE": "AS*L", "IIVALUEF": 0}
2024-07-11 00:31:41,334 - INFO - Success on 67: 200 - {"IIVALUE": null, "IIVALUEF": 0}
2024-07-11 00:31:41,648 - INFO - Success on 67: 200 - {"IIVALUE": null, "IIVALUEF": 0}
2024-07-11 00:31:41,951 - INFO - Success on 67: 200 - {"IIVALUE": "01/10/2022 12:00:00 AM +00:00", "IIVALUEF": 0}
2024-07-11 00:31:42,262 - INFO - Success on 67: 200 - {"IIVALUE": "GIC*L", "IIVALUEF": 0}
2024-07-11 00:31:42,564 - INFO - Success on 67: 200 - {"IIVALUE": "Ventilated Cabinet 4", "IIVALUEF": 0}
2024-07-11 00:31:42,812 - INFO - Success on 67: 200 - {"IIVALUE": null, "IIVALUEF": 0}
2024-07-11 00:31:43,111 - INFO - Success on 67: 200 - {"IIVALUE": "Dartevelle, Coralie", "IIVALUEF": 0}
2024-07-11 00:31:43,426 - INFO - Success on 67: 200 - {"IIVALUE": "143-07-7", "IIVALUEF": 0}
2024-07-11 00:31:43,771 - INFO - Success on 67: 200 - {"IIVALUE": "5.0", "IIVALUEF": 0}
2024-07-11 00:31:44,103 - INFO - Success on 67: 200 - {"IIVALUE": "Method/Project: Chromato", "IIVALUEF": 0}
2024-07-11 00:31:44,425 - INFO - Success on 67: 200 - {"IIVALUE": "Adv. Chemistry", "IIVALUEF": 0}
2024-07-11 00:31:44,687 - INFO - Success on 67: 200 - {"IIVALUE": null, "IIVALUEF": 0}
2024-07-11 00:31:44,995 - INFO - Success on 67: 200 - {"IIVALUE": "Dodecanoic acid ", "IIVALUEF": 0}
2024-07-11 00:31:45,306 - INFO - Success on 67: 200 - {"IIVALUE": "Sigma Aldrich", "IIVALUEF": 0}
2024-07-11 00:31:45,578 - INFO - Success on 67: 200 - {"IIVALUE": null, "IIVALUEF": 0}
2024-07-11 00:31:45,901 - INFO - Success on 67: 200 - {"IIVALUE": "g", "IIVALUEF": 0}
2024-07-11 00:31:46,212 - INFO - Success on 67: 200 - {"IIVALUE": null, "IIVALUEF": 0}
2024-07-11 00:31:46,515 - INFO - Success on 67: 200 - {"IIVALUE": "#BCCC4274", "IIVALUEF": 0}
2024-07-11 00:31:46,819 - INFO - Success on 68: 200 - {"SHORT_DESC": "Chemical & Consumables Container", "RQ_VALUE": null, "DESCRIPTION": "Chemical & Consumables Container"}
2024-07-11 00:31:47,994 - INFO - Success on 68: 200 - {"StatusTo": 5}
2024-07-11 00:31:48,329 - INFO - Success on 68: 200 - {"IIVALUE": "AS*L", "IIVALUEF": 0}
2024-07-11 00:31:48,586 - INFO - Success on 68: 200 - {"IIVALUE": null, "IIVALUEF": 0}
2024-07-11 00:31:48,888 - INFO - Success on 68: 200 - {"IIVALUE": null, "IIVALUEF": 0}
2024-07-11 00:31:49,207 - INFO - Success on 68: 200 - {"IIVALUE": "01/12/2022 12:00:00 AM +00:00", "IIVALUEF": 0}
2024-07-11 00:31:49,512 - INFO - Success on 68: 200 - {"IIVALUE": "GIC*L", "IIVALUEF": 0}
2024-07-11 00:31:49,832 - INFO - Success on 68: 200 - {"IIVALUE": "Ventilated Cabinet 4", "IIVALUEF": 0}
2024-07-11 00:31:50,084 - INFO - Success on 68: 200 - {"IIVALUE": null, "IIVALUEF": 0}
2024-07-11 00:31:50,401 - INFO - Success on 68: 200 - {"IIVALUE": "Dartevelle, Coralie", "IIVALUEF": 0}
2024-07-11 00:31:50,706 - INFO - Success on 68: 200 - {"IIVALUE": "544-63-8", "IIVALUEF": 0}
2024-07-11 00:31:51,017 - INFO - Success on 68: 200 - {"IIVALUE": "5.0", "IIVALUEF": 0}
2024-07-11 00:31:51,323 - INFO - Success on 68: 200 - {"IIVALUE": "Method/Project: Chromato", "IIVALUEF": 0}
2024-07-11 00:31:51,652 - INFO - Success on 68: 200 - {"IIVALUE": "Adv. Chemistry", "IIVALUEF": 0}
2024-07-11 00:31:51,913 - INFO - Success on 68: 200 - {"IIVALUE": null, "IIVALUEF": 0}
2024-07-11 00:31:52,240 - INFO - Success on 68: 200 - {"IIVALUE": "Myristic acid ", "IIVALUEF": 0}
2024-07-11 00:31:52,547 - INFO - Success on 68: 200 - {"IIVALUE": "Sigma Aldrich", "IIVALUEF": 0}
2024-07-11 00:31:52,794 - INFO - Success on 68: 200 - {"IIVALUE": null, "IIVALUEF": 0}
2024-07-11 00:31:53,108 - INFO - Success on 68: 200 - {"IIVALUE": "g", "IIVALUEF": 0}
2024-07-11 00:31:53,406 - INFO - Success on 68: 200 - {"IIVALUE": null, "IIVALUEF": 0}
2024-07-11 00:31:53,717 - INFO - Success on 68: 200 - {"IIVALUE": "#BCCC7146", "IIVALUEF": 0}
2024-07-11 00:31:54,022 - INFO - Success on 69: 200 - {"SHORT_DESC": "Chemical & Consumables Container", "RQ_VALUE": null, "DESCRIPTION": "Chemical & Consumables Container"}
2024-07-11 00:31:55,203 - INFO - Success on 69: 200 - {"StatusTo": 5}
2024-07-11 00:31:55,530 - INFO - Success on 69: 200 - {"IIVALUE": "AS*L", "IIVALUEF": 0}
2024-07-11 00:31:55,799 - INFO - Success on 69: 200 - {"IIVALUE": null, "IIVALUEF": 0}
2024-07-11 00:31:56,141 - INFO - Success on 69: 200 - {"IIVALUE": null, "IIVALUEF": 0}
2024-07-11 00:31:56,444 - INFO - Success on 69: 200 - {"IIVALUE": "01/10/2022 12:00:00 AM +00:00", "IIVALUEF": 0}
2024-07-11 00:31:56,751 - INFO - Success on 69: 200 - {"IIVALUE": "GIC*L", "IIVALUEF": 0}
2024-07-11 00:31:57,077 - INFO - Success on 69: 200 - {"IIVALUE": "Ventilated Cabinet 4", "IIVALUEF": 0}
2024-07-11 00:31:57,365 - INFO - Success on 69: 200 - {"IIVALUE": null, "IIVALUEF": 0}
2024-07-11 00:31:57,692 - INFO - Success on 69: 200 - {"IIVALUE": "Dartevelle, Coralie", "IIVALUEF": 0}
2024-07-11 00:31:58,023 - INFO - Success on 69: 200 - {"IIVALUE": "1002-84-2", "IIVALUEF": 0}
2024-07-11 00:31:58,323 - INFO - Success on 69: 200 - {"IIVALUE": "5.0", "IIVALUEF": 0}
2024-07-11 00:31:58,628 - INFO - Success on 69: 200 - {"IIVALUE": "Method/Project: Chromato", "IIVALUEF": 0}
2024-07-11 00:31:58,940 - INFO - Success on 69: 200 - {"IIVALUE": "Adv. Chemistry", "IIVALUEF": 0}
2024-07-11 00:31:59,198 - INFO - Success on 69: 200 - {"IIVALUE": null, "IIVALUEF": 0}
2024-07-11 00:31:59,509 - INFO - Success on 69: 200 - {"IIVALUE": "Pentadecanoic acid ", "IIVALUEF": 0}
2024-07-11 00:31:59,810 - INFO - Success on 69: 200 - {"IIVALUE": "Sigma Aldrich", "IIVALUEF": 0}
2024-07-11 00:32:00,068 - INFO - Success on 69: 200 - {"IIVALUE": null, "IIVALUEF": 0}
2024-07-11 00:32:00,387 - INFO - Success on 69: 200 - {"IIVALUE": "g", "IIVALUEF": 0}
2024-07-11 00:32:00,652 - INFO - Success on 69: 200 - {"IIVALUE": null, "IIVALUEF": 0}
2024-07-11 00:32:01,011 - INFO - Success on 69: 200 - {"IIVALUE": "#BCCC4454", "IIVALUEF": 0}
2024-07-11 00:32:01,329 - INFO - Success on 70: 200 - {"SHORT_DESC": "Chemical & Consumables Container", "RQ_VALUE": null, "DESCRIPTION": "Chemical & Consumables Container"}
2024-07-11 00:32:02,514 - INFO - Success on 70: 200 - {"StatusTo": 5}
2024-07-11 00:32:02,815 - INFO - Success on 70: 200 - {"IIVALUE": "AS*L", "IIVALUEF": 0}
2024-07-11 00:32:03,060 - INFO - Success on 70: 200 - {"IIVALUE": null, "IIVALUEF": 0}
2024-07-11 00:32:03,366 - INFO - Success on 70: 200 - {"IIVALUE": "01/03/2024 12:00:00 AM +00:00", "IIVALUEF": 0}
2024-07-11 00:32:03,674 - INFO - Success on 70: 200 - {"IIVALUE": "01/03/2024 12:00:00 AM +00:00", "IIVALUEF": 0}
2024-07-11 00:32:03,974 - INFO - Success on 70: 200 - {"IIVALUE": "GIC*L", "IIVALUEF": 0}
2024-07-11 00:32:04,276 - INFO - Success on 70: 200 - {"IIVALUE": "Ventilated Cabinet 4", "IIVALUEF": 0}
2024-07-11 00:32:04,526 - INFO - Success on 70: 200 - {"IIVALUE": null, "IIVALUEF": 0}
2024-07-11 00:32:04,864 - INFO - Success on 70: 200 - {"IIVALUE": "ACF", "IIVALUEF": 0}
2024-07-11 00:32:05,190 - INFO - Success on 70: 200 - {"IIVALUE": "57-10-3", "IIVALUEF": 0}
2024-07-11 00:32:05,496 - INFO - Success on 70: 200 - {"IIVALUE": "5.0", "IIVALUEF": 0}
2024-07-11 00:32:05,748 - INFO - Success on 70: 200 - {"IIVALUE": null, "IIVALUEF": 0}
2024-07-11 00:32:06,067 - INFO - Success on 70: 200 - {"IIVALUE": "Adv. Chemistry", "IIVALUEF": 0}
2024-07-11 00:32:06,325 - INFO - Success on 70: 200 - {"IIVALUE": null, "IIVALUEF": 0}
2024-07-11 00:32:06,659 - INFO - Success on 70: 200 - {"IIVALUE": "Palmitic acid ", "IIVALUEF": 0}
2024-07-11 00:32:06,970 - INFO - Success on 70: 200 - {"IIVALUE": "Sigma Aldrich", "IIVALUEF": 0}
2024-07-11 00:32:07,215 - INFO - Success on 70: 200 - {"IIVALUE": null, "IIVALUEF": 0}
2024-07-11 00:32:07,519 - INFO - Success on 70: 200 - {"IIVALUE": "g", "IIVALUEF": 0}
2024-07-11 00:32:07,779 - INFO - Success on 70: 200 - {"IIVALUE": null, "IIVALUEF": 0}
2024-07-11 00:32:08,112 - INFO - Success on 70: 200 - {"IIVALUE": "#BCCF7096", "IIVALUEF": 0}
2024-07-11 00:32:08,412 - INFO - Success on 71: 200 - {"SHORT_DESC": "Chemical & Consumables Container", "RQ_VALUE": null, "DESCRIPTION": "Chemical & Consumables Container"}
2024-07-11 00:32:09,626 - INFO - Success on 71: 200 - {"StatusTo": 5}
2024-07-11 00:32:09,956 - INFO - Success on 71: 200 - {"IIVALUE": "AS*L", "IIVALUEF": 0}
2024-07-11 00:32:10,212 - INFO - Success on 71: 200 - {"IIVALUE": null, "IIVALUEF": 0}
2024-07-11 00:32:11,821 - INFO - Success on 71: 200 - {"IIVALUE": "09/15/2023 12:00:00 AM +00:00", "IIVALUEF": 0}
2024-07-11 00:32:12,132 - INFO - Success on 71: 200 - {"IIVALUE": "09/14/2026 12:00:00 AM +00:00", "IIVALUEF": 0}
2024-07-11 00:32:12,433 - INFO - Success on 71: 200 - {"IIVALUE": "GIC*L", "IIVALUEF": 0}
2024-07-11 00:32:12,752 - INFO - Success on 71: 200 - {"IIVALUE": "Ventilated Cabinet 4", "IIVALUEF": 0}
2024-07-11 00:32:13,022 - INFO - Success on 71: 200 - {"IIVALUE": null, "IIVALUEF": 0}
2024-07-11 00:32:13,330 - INFO - Success on 71: 200 - {"IIVALUE": "ACF", "IIVALUEF": 0}
2024-07-11 00:32:13,646 - INFO - Success on 71: 200 - {"IIVALUE": "506-12-7", "IIVALUEF": 0}
2024-07-11 00:32:13,943 - INFO - Success on 71: 200 - {"IIVALUE": "5.0", "IIVALUEF": 0}
2024-07-11 00:32:14,276 - INFO - Success on 71: 200 - {"IIVALUE": "Method/Project: Chromato", "IIVALUEF": 0}
2024-07-11 00:32:14,590 - INFO - Success on 71: 200 - {"IIVALUE": "Adv. Chemistry", "IIVALUEF": 0}
2024-07-11 00:32:14,849 - INFO - Success on 71: 200 - {"IIVALUE": null, "IIVALUEF": 0}
2024-07-11 00:32:15,203 - INFO - Success on 71: 200 - {"IIVALUE": "Heptadecanoic acid ", "IIVALUEF": 0}
2024-07-11 00:32:15,523 - INFO - Success on 71: 200 - {"IIVALUE": "Sigma Aldrich", "IIVALUEF": 0}
2024-07-11 00:32:15,785 - INFO - Success on 71: 200 - {"IIVALUE": null, "IIVALUEF": 0}
2024-07-11 00:32:16,129 - INFO - Success on 71: 200 - {"IIVALUE": "g", "IIVALUEF": 0}
2024-07-11 00:32:16,386 - INFO - Success on 71: 200 - {"IIVALUE": null, "IIVALUEF": 0}
2024-07-11 00:32:16,761 - INFO - Success on 71: 200 - {"IIVALUE": "#SLCJ8029", "IIVALUEF": 0}
2024-07-11 00:32:17,086 - INFO - Success on 72: 200 - {"SHORT_DESC": "Chemical & Consumables Container", "RQ_VALUE": null, "DESCRIPTION": "Chemical & Consumables Container"}
2024-07-11 00:32:18,265 - INFO - Success on 72: 200 - {"StatusTo": 5}
2024-07-11 00:32:18,588 - INFO - Success on 72: 200 - {"IIVALUE": "AS*L", "IIVALUEF": 0}
2024-07-11 00:32:18,842 - INFO - Success on 72: 200 - {"IIVALUE": null, "IIVALUEF": 0}
2024-07-11 00:32:19,164 - INFO - Success on 72: 200 - {"IIVALUE": "01/05/2024 12:00:00 AM +00:00", "IIVALUEF": 0}
2024-07-11 00:32:19,486 - INFO - Success on 72: 200 - {"IIVALUE": "01/05/2024 12:00:00 AM +00:00", "IIVALUEF": 0}
2024-07-11 00:32:19,809 - INFO - Success on 72: 200 - {"IIVALUE": "GIC*L", "IIVALUEF": 0}
2024-07-11 00:32:20,125 - INFO - Success on 72: 200 - {"IIVALUE": "Ventilated Cabinet 4", "IIVALUEF": 0}
2024-07-11 00:32:20,385 - INFO - Success on 72: 200 - {"IIVALUE": null, "IIVALUEF": 0}
2024-07-11 00:32:20,697 - INFO - Success on 72: 200 - {"IIVALUE": "ACF", "IIVALUEF": 0}
2024-07-11 00:32:21,003 - INFO - Success on 72: 200 - {"IIVALUE": "112-80-1", "IIVALUEF": 0}
2024-07-11 00:32:21,314 - INFO - Success on 72: 200 - {"IIVALUE": "5.0", "IIVALUEF": 0}
2024-07-11 00:32:21,587 - INFO - Success on 72: 200 - {"IIVALUE": null, "IIVALUEF": 0}
2024-07-11 00:32:21,910 - INFO - Success on 72: 200 - {"IIVALUE": "Adv. Chemistry", "IIVALUEF": 0}
2024-07-11 00:32:22,174 - INFO - Success on 72: 200 - {"IIVALUE": null, "IIVALUEF": 0}
2024-07-11 00:32:22,482 - INFO - Success on 72: 200 - {"IIVALUE": "oleic acid ", "IIVALUEF": 0}
2024-07-11 00:32:22,784 - INFO - Success on 72: 200 - {"IIVALUE": "Sigma Aldrich", "IIVALUEF": 0}
2024-07-11 00:32:23,044 - INFO - Success on 72: 200 - {"IIVALUE": null, "IIVALUEF": 0}
2024-07-11 00:32:23,361 - INFO - Success on 72: 200 - {"IIVALUE": "mL", "IIVALUEF": 0}
2024-07-11 00:32:23,629 - INFO - Success on 72: 200 - {"IIVALUE": null, "IIVALUEF": 0}
2024-07-11 00:32:23,924 - INFO - Success on 72: 200 - {"IIVALUE": "#BCCF2405", "IIVALUEF": 0}
2024-07-11 00:32:24,245 - INFO - Success on 73: 200 - {"SHORT_DESC": "Chemical & Consumables Container", "RQ_VALUE": null, "DESCRIPTION": "Chemical & Consumables Container"}
2024-07-11 00:32:25,432 - INFO - Success on 73: 200 - {"StatusTo": 5}
2024-07-11 00:32:25,783 - INFO - Success on 73: 200 - {"IIVALUE": "AS*L", "IIVALUEF": 0}
2024-07-11 00:32:26,043 - INFO - Success on 73: 200 - {"IIVALUE": null, "IIVALUEF": 0}
2024-07-11 00:32:26,381 - INFO - Success on 73: 200 - {"IIVALUE": null, "IIVALUEF": 0}
2024-07-11 00:32:26,710 - INFO - Success on 73: 200 - {"IIVALUE": "01/12/2023 12:00:00 AM +00:00", "IIVALUEF": 0}
2024-07-11 00:32:27,017 - INFO - Success on 73: 200 - {"IIVALUE": "GIC*L", "IIVALUEF": 0}
2024-07-11 00:32:27,358 - INFO - Success on 73: 200 - {"IIVALUE": "Ventilated Cabinet 4", "IIVALUEF": 0}
2024-07-11 00:32:27,612 - INFO - Success on 73: 200 - {"IIVALUE": null, "IIVALUEF": 0}
2024-07-11 00:32:27,917 - INFO - Success on 73: 200 - {"IIVALUE": "ACF", "IIVALUEF": 0}
2024-07-11 00:32:28,252 - INFO - Success on 73: 200 - {"IIVALUE": "60-33-3", "IIVALUEF": 0}
2024-07-11 00:32:28,572 - INFO - Success on 73: 200 - {"IIVALUE": "5.0", "IIVALUEF": 0}
2024-07-11 00:32:28,873 - INFO - Success on 73: 200 - {"IIVALUE": "Method/Project: Chromato", "IIVALUEF": 0}
2024-07-11 00:32:29,188 - INFO - Success on 73: 200 - {"IIVALUE": "Adv. Chemistry", "IIVALUEF": 0}
2024-07-11 00:32:29,459 - INFO - Success on 73: 200 - {"IIVALUE": null, "IIVALUEF": 0}
2024-07-11 00:32:29,782 - INFO - Success on 73: 200 - {"IIVALUE": "linoleic acid store 2-8C", "IIVALUEF": 0}
2024-07-11 00:32:30,126 - INFO - Success on 73: 200 - {"IIVALUE": "Sigma Aldrich", "IIVALUEF": 0}
2024-07-11 00:32:30,390 - INFO - Success on 73: 200 - {"IIVALUE": null, "IIVALUEF": 0}
2024-07-11 00:32:30,724 - INFO - Success on 73: 200 - {"IIVALUE": "mL", "IIVALUEF": 0}
2024-07-11 00:32:30,997 - INFO - Success on 73: 200 - {"IIVALUE": null, "IIVALUEF": 0}
2024-07-11 00:32:31,309 - INFO - Success on 73: 200 - {"IIVALUE": "#BCCF3555 ", "IIVALUEF": 0}
2024-07-11 00:32:31,613 - INFO - Success on 74: 200 - {"SHORT_DESC": "Chemical & Consumables Container", "RQ_VALUE": null, "DESCRIPTION": "Chemical & Consumables Container"}
2024-07-11 00:32:32,795 - INFO - Success on 74: 200 - {"StatusTo": 5}
2024-07-11 00:32:33,141 - INFO - Success on 74: 200 - {"IIVALUE": "AS*L", "IIVALUEF": 0}
2024-07-11 00:32:33,398 - INFO - Success on 74: 200 - {"IIVALUE": null, "IIVALUEF": 0}
2024-07-11 00:32:33,719 - INFO - Success on 74: 200 - {"IIVALUE": "01/02/2024 12:00:00 AM +00:00", "IIVALUEF": 0}
2024-07-11 00:32:34,049 - INFO - Success on 74: 200 - {"IIVALUE": "01/02/2024 12:00:00 AM +00:00", "IIVALUEF": 0}
2024-07-11 00:32:34,367 - INFO - Success on 74: 200 - {"IIVALUE": "GIC*L", "IIVALUEF": 0}
2024-07-11 00:32:34,692 - INFO - Success on 74: 200 - {"IIVALUE": "Ventilated Cabinet 4", "IIVALUEF": 0}
2024-07-11 00:32:34,943 - INFO - Success on 74: 200 - {"IIVALUE": null, "IIVALUEF": 0}
2024-07-11 00:32:35,281 - INFO - Success on 74: 200 - {"IIVALUE": "ACF", "IIVALUEF": 0}
2024-07-11 00:32:35,594 - INFO - Success on 74: 200 - {"IIVALUE": "57-11-4", "IIVALUEF": 0}
2024-07-11 00:32:35,907 - INFO - Success on 74: 200 - {"IIVALUE": "5.0", "IIVALUEF": 0}
2024-07-11 00:32:36,184 - INFO - Success on 74: 200 - {"IIVALUE": null, "IIVALUEF": 0}
2024-07-11 00:32:36,520 - INFO - Success on 74: 200 - {"IIVALUE": "Adv. Chemistry", "IIVALUEF": 0}
2024-07-11 00:32:36,781 - INFO - Success on 74: 200 - {"IIVALUE": null, "IIVALUEF": 0}
2024-07-11 00:32:37,089 - INFO - Success on 74: 200 - {"IIVALUE": "stearic acid ", "IIVALUEF": 0}
2024-07-11 00:32:37,445 - INFO - Success on 74: 200 - {"IIVALUE": "Sigma Aldrich", "IIVALUEF": 0}
2024-07-11 00:32:37,704 - INFO - Success on 74: 200 - {"IIVALUE": null, "IIVALUEF": 0}
2024-07-11 00:32:38,019 - INFO - Success on 74: 200 - {"IIVALUE": "g", "IIVALUEF": 0}
2024-07-11 00:32:38,269 - INFO - Success on 74: 200 - {"IIVALUE": null, "IIVALUEF": 0}
2024-07-11 00:32:38,582 - INFO - Success on 74: 200 - {"IIVALUE": "#BCCF5941", "IIVALUEF": 0}
2024-07-11 00:32:38,902 - INFO - Success on 75: 200 - {"SHORT_DESC": "Chemical & Consumables Container", "RQ_VALUE": null, "DESCRIPTION": "Chemical & Consumables Container"}
2024-07-11 00:32:40,083 - INFO - Success on 75: 200 - {"StatusTo": 5}
2024-07-11 00:32:40,451 - INFO - Success on 75: 200 - {"IIVALUE": "AS*L", "IIVALUEF": 0}
2024-07-11 00:32:40,702 - INFO - Success on 75: 200 - {"IIVALUE": null, "IIVALUEF": 0}
2024-07-11 00:32:41,025 - INFO - Success on 75: 200 - {"IIVALUE": "09/15/2023 12:00:00 AM +00:00", "IIVALUEF": 0}
2024-07-11 00:32:41,326 - INFO - Success on 75: 200 - {"IIVALUE": "09/14/2026 12:00:00 AM +00:00", "IIVALUEF": 0}
2024-07-11 00:32:41,631 - INFO - Success on 75: 200 - {"IIVALUE": "GIC*L", "IIVALUEF": 0}
2024-07-11 00:32:41,943 - INFO - Success on 75: 200 - {"IIVALUE": "Ventilated Cabinet 4", "IIVALUEF": 0}
2024-07-11 00:32:42,201 - INFO - Success on 75: 200 - {"IIVALUE": null, "IIVALUEF": 0}
2024-07-11 00:32:42,515 - INFO - Success on 75: 200 - {"IIVALUE": "ACF", "IIVALUEF": 0}
2024-07-11 00:32:42,843 - INFO - Success on 75: 200 - {"IIVALUE": "506-30-9", "IIVALUEF": 0}
2024-07-11 00:32:43,162 - INFO - Success on 75: 200 - {"IIVALUE": "5.0", "IIVALUEF": 0}
2024-07-11 00:32:43,472 - INFO - Success on 75: 200 - {"IIVALUE": "Method/Project: Chromato", "IIVALUEF": 0}
2024-07-11 00:32:43,781 - INFO - Success on 75: 200 - {"IIVALUE": "Adv. Chemistry", "IIVALUEF": 0}
2024-07-11 00:32:44,034 - INFO - Success on 75: 200 - {"IIVALUE": null, "IIVALUEF": 0}
2024-07-11 00:32:44,347 - INFO - Success on 75: 200 - {"IIVALUE": "Arachidic acid ", "IIVALUEF": 0}
2024-07-11 00:32:44,652 - INFO - Success on 75: 200 - {"IIVALUE": "Sigma Aldrich", "IIVALUEF": 0}
2024-07-11 00:32:44,945 - INFO - Success on 75: 200 - {"IIVALUE": null, "IIVALUEF": 0}
2024-07-11 00:32:45,264 - INFO - Success on 75: 200 - {"IIVALUE": "g", "IIVALUEF": 0}
2024-07-11 00:32:45,538 - INFO - Success on 75: 200 - {"IIVALUE": null, "IIVALUEF": 0}
2024-07-11 00:32:45,848 - INFO - Success on 75: 200 - {"IIVALUE": "#BCBR0793V", "IIVALUEF": 0}
2024-07-11 00:32:46,184 - INFO - Success on 76: 200 - {"SHORT_DESC": "Chemical & Consumables Container", "RQ_VALUE": null, "DESCRIPTION": "Chemical & Consumables Container"}
2024-07-11 00:32:47,378 - INFO - Success on 76: 200 - {"StatusTo": 5}
2024-07-11 00:32:47,727 - INFO - Success on 76: 200 - {"IIVALUE": "AS*L", "IIVALUEF": 0}
2024-07-11 00:32:47,990 - INFO - Success on 76: 200 - {"IIVALUE": null, "IIVALUEF": 0}
2024-07-11 00:32:48,336 - INFO - Success on 76: 200 - {"IIVALUE": null, "IIVALUEF": 0}
2024-07-11 00:32:48,611 - INFO - Success on 76: 200 - {"IIVALUE": null, "IIVALUEF": 0}
2024-07-11 00:32:48,934 - INFO - Success on 76: 200 - {"IIVALUE": "GIC*L", "IIVALUEF": 0}
2024-07-11 00:32:49,263 - INFO - Success on 76: 200 - {"IIVALUE": "Ventilated Cabinet 4", "IIVALUEF": 0}
2024-07-11 00:32:49,524 - INFO - Success on 76: 200 - {"IIVALUE": null, "IIVALUEF": 0}
2024-07-11 00:32:49,867 - INFO - Success on 76: 200 - {"IIVALUE": "Dartevelle, Coralie", "IIVALUEF": 0}
2024-07-11 00:32:50,170 - INFO - Success on 76: 200 - {"IIVALUE": "mixture", "IIVALUEF": 0}
2024-07-11 00:32:50,487 - INFO - Success on 76: 200 - {"IIVALUE": "100.0", "IIVALUEF": 0}
2024-07-11 00:32:50,792 - INFO - Success on 76: 200 - {"IIVALUE": "Method/Project: Chromato", "IIVALUEF": 0}
2024-07-11 00:32:51,098 - INFO - Success on 76: 200 - {"IIVALUE": "Adv. Chemistry", "IIVALUEF": 0}
2024-07-11 00:32:51,353 - INFO - Success on 76: 200 - {"IIVALUE": null, "IIVALUEF": 0}
2024-07-11 00:32:51,652 - INFO - Success on 76: 200 - {"IIVALUE": "Reparax S170018C - Perkalink 900 ", "IIVALUEF": 0}
2024-07-11 00:32:51,958 - INFO - Success on 76: 200 - {"IIVALUE": "LANXESS", "IIVALUEF": 0}
2024-07-11 00:32:52,201 - INFO - Success on 76: 200 - {"IIVALUE": null, "IIVALUEF": 0}
2024-07-11 00:32:52,541 - INFO - Success on 76: 200 - {"IIVALUE": "g", "IIVALUEF": 0}
2024-07-11 00:32:52,825 - INFO - Success on 76: 200 - {"IIVALUE": null, "IIVALUEF": 0}
2024-07-11 00:32:53,133 - INFO - Success on 76: 200 - {"IIVALUE": "#RS61020101", "IIVALUEF": 0}
2024-07-11 00:32:53,473 - INFO - Success on 77: 200 - {"SHORT_DESC": "Chemical & Consumables Container", "RQ_VALUE": null, "DESCRIPTION": "Chemical & Consumables Container"}
2024-07-11 00:32:54,664 - INFO - Success on 77: 200 - {"StatusTo": 5}
2024-07-11 00:32:54,981 - INFO - Success on 77: 200 - {"IIVALUE": "AS*L", "IIVALUEF": 0}
2024-07-11 00:32:55,262 - INFO - Success on 77: 200 - {"IIVALUE": null, "IIVALUEF": 0}
2024-07-11 00:32:55,623 - INFO - Success on 77: 200 - {"IIVALUE": null, "IIVALUEF": 0}
2024-07-11 00:32:55,877 - INFO - Success on 77: 200 - {"IIVALUE": null, "IIVALUEF": 0}
2024-07-11 00:32:56,203 - INFO - Success on 77: 200 - {"IIVALUE": "GIC*L", "IIVALUEF": 0}
2024-07-11 00:32:56,533 - INFO - Success on 77: 200 - {"IIVALUE": "Ventilated Cabinet 4", "IIVALUEF": 0}
2024-07-11 00:32:56,800 - INFO - Success on 77: 200 - {"IIVALUE": null, "IIVALUEF": 0}
2024-07-11 00:32:57,109 - INFO - Success on 77: 200 - {"IIVALUE": "Dartevelle, Coralie", "IIVALUEF": 0}
2024-07-11 00:32:57,417 - INFO - Success on 77: 200 - {"IIVALUE": "151900-44-6", "IIVALUEF": 0}
2024-07-11 00:32:57,678 - INFO - Success on 77: 200 - {"IIVALUE": null, "IIVALUEF": 0}
2024-07-11 00:32:58,024 - INFO - Success on 77: 200 - {"IIVALUE": "Method/Project: Chromato", "IIVALUEF": 0}
2024-07-11 00:32:58,324 - INFO - Success on 77: 200 - {"IIVALUE": "Adv. Chemistry", "IIVALUEF": 0}
2024-07-11 00:32:58,584 - INFO - Success on 77: 200 - {"IIVALUE": null, "IIVALUEF": 0}
2024-07-11 00:32:58,926 - INFO - Success on 77: 200 - {"IIVALUE": "Lambrax - Vulcuren - 0-10C", "IIVALUEF": 0}
2024-07-11 00:32:59,225 - INFO - Success on 77: 200 - {"IIVALUE": "LANXESS", "IIVALUEF": 0}
2024-07-11 00:32:59,483 - INFO - Success on 77: 200 - {"IIVALUE": null, "IIVALUEF": 0}
2024-07-11 00:32:59,860 - INFO - Success on 77: 200 - {"IIVALUE": "g", "IIVALUEF": 0}
2024-07-11 00:33:00,131 - INFO - Success on 77: 200 - {"IIVALUE": null, "IIVALUEF": 0}
2024-07-11 00:33:00,456 - INFO - Success on 77: 200 - {"IIVALUE": "#FDU4413", "IIVALUEF": 0}
2024-07-11 00:33:00,773 - INFO - Success on 78: 200 - {"SHORT_DESC": "Chemical & Consumables Container", "RQ_VALUE": null, "DESCRIPTION": "Chemical & Consumables Container"}
2024-07-11 00:33:01,960 - INFO - Success on 78: 200 - {"StatusTo": 5}
2024-07-11 00:33:02,265 - INFO - Success on 78: 200 - {"IIVALUE": "AS*L", "IIVALUEF": 0}
2024-07-11 00:33:02,527 - INFO - Success on 78: 200 - {"IIVALUE": null, "IIVALUEF": 0}
2024-07-11 00:33:02,865 - INFO - Success on 78: 200 - {"IIVALUE": null, "IIVALUEF": 0}
2024-07-11 00:33:03,115 - INFO - Success on 78: 200 - {"IIVALUE": null, "IIVALUEF": 0}
2024-07-11 00:33:03,444 - INFO - Success on 78: 200 - {"IIVALUE": "GIC*L", "IIVALUEF": 0}
2024-07-11 00:33:03,760 - INFO - Success on 78: 200 - {"IIVALUE": "Ventilated Cabinet 4", "IIVALUEF": 0}
2024-07-11 00:33:04,015 - INFO - Success on 78: 200 - {"IIVALUE": null, "IIVALUEF": 0}
2024-07-11 00:33:04,364 - INFO - Success on 78: 200 - {"IIVALUE": "Dartevelle, Coralie", "IIVALUEF": 0}
2024-07-11 00:33:04,673 - INFO - Success on 78: 200 - {"IIVALUE": "151900-44-6", "IIVALUEF": 0}
2024-07-11 00:33:04,922 - INFO - Success on 78: 200 - {"IIVALUE": null, "IIVALUEF": 0}
2024-07-11 00:33:05,276 - INFO - Success on 78: 200 - {"IIVALUE": "Method/Project: Chromato", "IIVALUEF": 0}
2024-07-11 00:33:05,580 - INFO - Success on 78: 200 - {"IIVALUE": "Adv. Chemistry", "IIVALUEF": 0}
2024-07-11 00:33:05,834 - INFO - Success on 78: 200 - {"IIVALUE": null, "IIVALUEF": 0}
2024-07-11 00:33:06,146 - INFO - Success on 78: 200 - {"IIVALUE": "Lambrax S120470C - Vulcuren", "IIVALUEF": 0}
2024-07-11 00:33:06,451 - INFO - Success on 78: 200 - {"IIVALUE": "LANXESS", "IIVALUEF": 0}
2024-07-11 00:33:06,708 - INFO - Success on 78: 200 - {"IIVALUE": null, "IIVALUEF": 0}
2024-07-11 00:33:07,048 - INFO - Success on 78: 200 - {"IIVALUE": "g", "IIVALUEF": 0}
2024-07-11 00:33:07,295 - INFO - Success on 78: 200 - {"IIVALUE": null, "IIVALUEF": 0}
2024-07-11 00:33:07,608 - INFO - Success on 78: 200 - {"IIVALUE": "#XBRI4312", "IIVALUEF": 0}
2024-07-11 00:33:07,915 - INFO - Success on 79: 200 - {"SHORT_DESC": "Chemical & Consumables Container", "RQ_VALUE": null, "DESCRIPTION": "Chemical & Consumables Container"}
2024-07-11 00:33:09,106 - INFO - Success on 79: 200 - {"StatusTo": 5}
2024-07-11 00:33:09,423 - INFO - Success on 79: 200 - {"IIVALUE": "AS*L", "IIVALUEF": 0}
2024-07-11 00:33:09,677 - INFO - Success on 79: 200 - {"IIVALUE": null, "IIVALUEF": 0}
2024-07-11 00:33:09,983 - INFO - Success on 79: 200 - {"IIVALUE": null, "IIVALUEF": 0}
2024-07-11 00:33:10,234 - INFO - Success on 79: 200 - {"IIVALUE": null, "IIVALUEF": 0}
2024-07-11 00:33:10,534 - INFO - Success on 79: 200 - {"IIVALUE": "GIC*L", "IIVALUEF": 0}
2024-07-11 00:33:10,840 - INFO - Success on 79: 200 - {"IIVALUE": "Ventilated Cabinet 4", "IIVALUEF": 0}
2024-07-11 00:33:11,111 - INFO - Success on 79: 200 - {"IIVALUE": null, "IIVALUEF": 0}
2024-07-11 00:33:11,424 - INFO - Success on 79: 200 - {"IIVALUE": "Dartevelle, Coralie", "IIVALUEF": 0}
2024-07-11 00:33:11,756 - INFO - Success on 79: 200 - {"IIVALUE": "149-30-4", "IIVALUEF": 0}
2024-07-11 00:33:12,027 - INFO - Success on 79: 200 - {"IIVALUE": null, "IIVALUEF": 0}
2024-07-11 00:33:12,341 - INFO - Success on 79: 200 - {"IIVALUE": "Method/Project: Chromato", "IIVALUEF": 0}
2024-07-11 00:33:12,683 - INFO - Success on 79: 200 - {"IIVALUE": "Adv. Chemistry", "IIVALUEF": 0}
2024-07-11 00:33:12,940 - INFO - Success on 79: 200 - {"IIVALUE": null, "IIVALUEF": 0}
2024-07-11 00:33:13,249 - INFO - Success on 79: 200 - {"IIVALUE": "Croydax - MBT - VULKACIT MERCAPTO/C", "IIVALUEF": 0}
2024-07-11 00:33:13,560 - INFO - Success on 79: 200 - {"IIVALUE": "LANXESS", "IIVALUEF": 0}
2024-07-11 00:33:13,809 - INFO - Success on 79: 200 - {"IIVALUE": null, "IIVALUEF": 0}
2024-07-11 00:33:14,156 - INFO - Success on 79: 200 - {"IIVALUE": "g", "IIVALUEF": 0}
2024-07-11 00:33:14,452 - INFO - Success on 79: 200 - {"IIVALUE": null, "IIVALUEF": 0}
2024-07-11 00:33:14,770 - INFO - Success on 79: 200 - {"IIVALUE": "L160153C", "IIVALUEF": 0}
2024-07-11 00:33:15,089 - INFO - Success on 80: 200 - {"SHORT_DESC": "Chemical & Consumables Container", "RQ_VALUE": null, "DESCRIPTION": "Chemical & Consumables Container"}
2024-07-11 00:33:16,271 - INFO - Success on 80: 200 - {"StatusTo": 5}
2024-07-11 00:33:16,600 - INFO - Success on 80: 200 - {"IIVALUE": "AS*L", "IIVALUEF": 0}
2024-07-11 00:33:16,901 - INFO - Success on 80: 200 - {"IIVALUE": null, "IIVALUEF": 0}
2024-07-11 00:33:17,224 - INFO - Success on 80: 200 - {"IIVALUE": null, "IIVALUEF": 0}
2024-07-11 00:33:17,508 - INFO - Success on 80: 200 - {"IIVALUE": null, "IIVALUEF": 0}
2024-07-11 00:33:17,830 - INFO - Success on 80: 200 - {"IIVALUE": "GIC*L", "IIVALUEF": 0}
2024-07-11 00:33:18,134 - INFO - Success on 80: 200 - {"IIVALUE": "Ventilated Cabinet 4", "IIVALUEF": 0}
2024-07-11 00:33:18,402 - INFO - Success on 80: 200 - {"IIVALUE": null, "IIVALUEF": 0}
2024-07-11 00:33:18,718 - INFO - Success on 80: 200 - {"IIVALUE": "Dartevelle, Coralie", "IIVALUEF": 0}
2024-07-11 00:33:19,029 - INFO - Success on 80: 200 - {"IIVALUE": "149-30-4", "IIVALUEF": 0}
2024-07-11 00:33:19,341 - INFO - Success on 80: 200 - {"IIVALUE": "25.0", "IIVALUEF": 0}
2024-07-11 00:33:19,653 - INFO - Success on 80: 200 - {"IIVALUE": "Method/Project: Chromato", "IIVALUEF": 0}
2024-07-11 00:33:20,661 - INFO - Success on 80: 200 - {"IIVALUE": "Adv. Chemistry", "IIVALUEF": 0}
2024-07-11 00:33:20,909 - INFO - Success on 80: 200 - {"IIVALUE": null, "IIVALUEF": 0}
2024-07-11 00:33:21,230 - INFO - Success on 80: 200 - {"IIVALUE": "Croydax - 2-mercaptobenzothiazole ", "IIVALUEF": 0}
2024-07-11 00:33:21,536 - INFO - Success on 80: 200 - {"IIVALUE": "Merck", "IIVALUEF": 0}
2024-07-11 00:33:21,802 - INFO - Success on 80: 200 - {"IIVALUE": null, "IIVALUEF": 0}
2024-07-11 00:33:22,117 - INFO - Success on 80: 200 - {"IIVALUE": "g", "IIVALUEF": 0}
2024-07-11 00:33:22,390 - INFO - Success on 80: 200 - {"IIVALUE": null, "IIVALUEF": 0}
2024-07-11 00:33:22,701 - INFO - Success on 80: 200 - {"IIVALUE": "#L426996 202", "IIVALUEF": 0}
2024-07-11 00:33:23,020 - INFO - Success on 81: 200 - {"SHORT_DESC": "Chemical & Consumables Container", "RQ_VALUE": null, "DESCRIPTION": "Chemical & Consumables Container"}
2024-07-11 00:33:24,210 - INFO - Success on 81: 200 - {"StatusTo": 5}
2024-07-11 00:33:24,522 - INFO - Success on 81: 200 - {"IIVALUE": "AS*L", "IIVALUEF": 0}
2024-07-11 00:33:24,798 - INFO - Success on 81: 200 - {"IIVALUE": null, "IIVALUEF": 0}
2024-07-11 00:33:25,108 - INFO - Success on 81: 200 - {"IIVALUE": null, "IIVALUEF": 0}
2024-07-11 00:33:25,370 - INFO - Success on 81: 200 - {"IIVALUE": null, "IIVALUEF": 0}
2024-07-11 00:33:25,725 - INFO - Success on 81: 200 - {"IIVALUE": "GIC*L", "IIVALUEF": 0}
2024-07-11 00:33:26,052 - INFO - Success on 81: 200 - {"IIVALUE": "Ventilated Cabinet 4", "IIVALUEF": 0}
2024-07-11 00:33:26,332 - INFO - Success on 81: 200 - {"IIVALUE": null, "IIVALUEF": 0}
2024-07-11 00:33:26,640 - INFO - Success on 81: 200 - {"IIVALUE": "Dartevelle, Coralie", "IIVALUEF": 0}
2024-07-11 00:33:26,946 - INFO - Success on 81: 200 - {"IIVALUE": "120-78-5", "IIVALUEF": 0}
2024-07-11 00:33:27,253 - INFO - Success on 81: 200 - {"IIVALUE": "100.0", "IIVALUEF": 0}
2024-07-11 00:33:27,585 - INFO - Success on 81: 200 - {"IIVALUE": "Method/Project: Chromato", "IIVALUEF": 0}
2024-07-11 00:33:27,908 - INFO - Success on 81: 200 - {"IIVALUE": "Adv. Chemistry", "IIVALUEF": 0}
2024-07-11 00:33:28,175 - INFO - Success on 81: 200 - {"IIVALUE": null, "IIVALUEF": 0}
2024-07-11 00:33:28,488 - INFO - Success on 81: 200 - {"IIVALUE": "Adamax - 2,2'-dithiobis(benzothiazole) ", "IIVALUEF": 0}
2024-07-11 00:33:28,810 - INFO - Success on 81: 200 - {"IIVALUE": "Sigma Aldrich", "IIVALUEF": 0}
2024-07-11 00:33:29,101 - INFO - Success on 81: 200 - {"IIVALUE": null, "IIVALUEF": 0}
2024-07-11 00:33:29,413 - INFO - Success on 81: 200 - {"IIVALUE": "g", "IIVALUEF": 0}
2024-07-11 00:33:29,685 - INFO - Success on 81: 200 - {"IIVALUE": null, "IIVALUEF": 0}
2024-07-11 00:33:30,006 - INFO - Success on 81: 200 - {"IIVALUE": "#MKCC0308", "IIVALUEF": 0}
2024-07-11 00:33:30,397 - INFO - Success on 82: 200 - {"SHORT_DESC": "Chemical & Consumables Container", "RQ_VALUE": null, "DESCRIPTION": "Chemical & Consumables Container"}
2024-07-11 00:33:31,580 - INFO - Success on 82: 200 - {"StatusTo": 5}
2024-07-11 00:33:31,927 - INFO - Success on 82: 200 - {"IIVALUE": "AS*L", "IIVALUEF": 0}
2024-07-11 00:33:32,187 - INFO - Success on 82: 200 - {"IIVALUE": null, "IIVALUEF": 0}
2024-07-11 00:33:32,522 - INFO - Success on 82: 200 - {"IIVALUE": "09/15/2023 12:00:00 AM +00:00", "IIVALUEF": 0}
2024-07-11 00:33:32,869 - INFO - Success on 82: 200 - {"IIVALUE": "09/14/2026 12:00:00 AM +00:00", "IIVALUEF": 0}
2024-07-11 00:33:33,167 - INFO - Success on 82: 200 - {"IIVALUE": "GIC*L", "IIVALUEF": 0}
2024-07-11 00:33:33,477 - INFO - Success on 82: 200 - {"IIVALUE": "Ventilated Cabinet 4", "IIVALUEF": 0}
2024-07-11 00:33:33,759 - INFO - Success on 82: 200 - {"IIVALUE": null, "IIVALUEF": 0}
2024-07-11 00:33:34,096 - INFO - Success on 82: 200 - {"IIVALUE": "ACF", "IIVALUEF": 0}
2024-07-11 00:33:34,408 - INFO - Success on 82: 200 - {"IIVALUE": "120-78-5", "IIVALUEF": 0}
2024-07-11 00:33:34,660 - INFO - Success on 82: 200 - {"IIVALUE": null, "IIVALUEF": 0}
2024-07-11 00:33:34,947 - INFO - Success on 82: 200 - {"IIVALUE": null, "IIVALUEF": 0}
2024-07-11 00:33:35,258 - INFO - Success on 82: 200 - {"IIVALUE": "Adv. Chemistry", "IIVALUEF": 0}
2024-07-11 00:33:35,516 - INFO - Success on 82: 200 - {"IIVALUE": null, "IIVALUEF": 0}
2024-07-11 00:33:35,833 - INFO - Success on 82: 200 - {"IIVALUE": "Adamax - MBTS recrystallized at GY", "IIVALUEF": 0}
2024-07-11 00:33:36,152 - INFO - Success on 82: 200 - {"IIVALUE": "Sigma Aldrich", "IIVALUEF": 0}
2024-07-11 00:33:36,401 - INFO - Success on 82: 200 - {"IIVALUE": null, "IIVALUEF": 0}
2024-07-11 00:33:36,736 - INFO - Success on 82: 200 - {"IIVALUE": "g", "IIVALUEF": 0}
2024-07-11 00:33:36,988 - INFO - Success on 82: 200 - {"IIVALUE": null, "IIVALUEF": 0}
2024-07-11 00:33:37,274 - INFO - Success on 82: 200 - {"IIVALUE": null, "IIVALUEF": 0}
2024-07-11 00:33:37,587 - INFO - Success on 83: 200 - {"SHORT_DESC": "Chemical & Consumables Container", "RQ_VALUE": null, "DESCRIPTION": "Chemical & Consumables Container"}
2024-07-11 00:33:38,769 - INFO - Success on 83: 200 - {"StatusTo": 5}
2024-07-11 00:33:39,067 - INFO - Success on 83: 200 - {"IIVALUE": "AS*L", "IIVALUEF": 0}
2024-07-11 00:33:39,317 - INFO - Success on 83: 200 - {"IIVALUE": null, "IIVALUEF": 0}
2024-07-11 00:33:39,639 - INFO - Success on 83: 200 - {"IIVALUE": null, "IIVALUEF": 0}
2024-07-11 00:33:39,908 - INFO - Success on 83: 200 - {"IIVALUE": null, "IIVALUEF": 0}
2024-07-11 00:33:40,242 - INFO - Success on 83: 200 - {"IIVALUE": "GIC*L", "IIVALUEF": 0}
2024-07-11 00:33:40,557 - INFO - Success on 83: 200 - {"IIVALUE": "Ventilated Cabinet 4", "IIVALUEF": 0}
2024-07-11 00:33:40,812 - INFO - Success on 83: 200 - {"IIVALUE": null, "IIVALUEF": 0}
2024-07-11 00:33:41,114 - INFO - Success on 83: 200 - {"IIVALUE": "Dartevelle, Coralie", "IIVALUEF": 0}
2024-07-11 00:33:41,416 - INFO - Success on 83: 200 - {"IIVALUE": "120-78-5", "IIVALUEF": 0}
2024-07-11 00:33:41,692 - INFO - Success on 83: 200 - {"IIVALUE": null, "IIVALUEF": 0}
2024-07-11 00:33:42,048 - INFO - Success on 83: 200 - {"IIVALUE": "Method/Project: Chromato", "IIVALUEF": 0}
2024-07-11 00:33:42,373 - INFO - Success on 83: 200 - {"IIVALUE": "Adv. Chemistry", "IIVALUEF": 0}
2024-07-11 00:33:42,633 - INFO - Success on 83: 200 - {"IIVALUE": null, "IIVALUEF": 0}
2024-07-11 00:33:42,949 - INFO - Success on 83: 200 - {"IIVALUE": "Adamax  - MBTS - VULKACIT DM/C DM/MGC", "IIVALUEF": 0}
2024-07-11 00:33:43,268 - INFO - Success on 83: 200 - {"IIVALUE": "LANXESS", "IIVALUEF": 0}
2024-07-11 00:33:43,527 - INFO - Success on 83: 200 - {"IIVALUE": null, "IIVALUEF": 0}
2024-07-11 00:33:43,843 - INFO - Success on 83: 200 - {"IIVALUE": "g", "IIVALUEF": 0}
2024-07-11 00:33:44,118 - INFO - Success on 83: 200 - {"IIVALUE": null, "IIVALUEF": 0}
2024-07-11 00:33:44,433 - INFO - Success on 83: 200 - {"IIVALUE": "L160154C", "IIVALUEF": 0}
2024-07-11 00:33:44,760 - INFO - Success on 84: 200 - {"SHORT_DESC": "Chemical & Consumables Container", "RQ_VALUE": null, "DESCRIPTION": "Chemical & Consumables Container"}
2024-07-11 00:33:45,945 - INFO - Success on 84: 200 - {"StatusTo": 5}
2024-07-11 00:33:46,274 - INFO - Success on 84: 200 - {"IIVALUE": "AS*L", "IIVALUEF": 0}
2024-07-11 00:33:46,542 - INFO - Success on 84: 200 - {"IIVALUE": null, "IIVALUEF": 0}
2024-07-11 00:33:46,880 - INFO - Success on 84: 200 - {"IIVALUE": null, "IIVALUEF": 0}
2024-07-11 00:33:47,135 - INFO - Success on 84: 200 - {"IIVALUE": null, "IIVALUEF": 0}
2024-07-11 00:33:47,451 - INFO - Success on 84: 200 - {"IIVALUE": "GIC*L", "IIVALUEF": 0}
2024-07-11 00:33:47,752 - INFO - Success on 84: 200 - {"IIVALUE": "Ventilated Cabinet 4", "IIVALUEF": 0}
2024-07-11 00:33:48,011 - INFO - Success on 84: 200 - {"IIVALUE": null, "IIVALUEF": 0}
2024-07-11 00:33:48,346 - INFO - Success on 84: 200 - {"IIVALUE": "Dartevelle, Coralie", "IIVALUEF": 0}
2024-07-11 00:33:48,680 - INFO - Success on 84: 200 - {"IIVALUE": "95-31-8", "IIVALUEF": 0}
2024-07-11 00:33:48,939 - INFO - Success on 84: 200 - {"IIVALUE": null, "IIVALUEF": 0}
2024-07-11 00:33:49,229 - INFO - Success on 84: 200 - {"IIVALUE": "Method/Project: Chromato", "IIVALUEF": 0}
2024-07-11 00:33:49,528 - INFO - Success on 84: 200 - {"IIVALUE": "Adv. Chemistry", "IIVALUEF": 0}
2024-07-11 00:33:49,786 - INFO - Success on 84: 200 - {"IIVALUE": null, "IIVALUEF": 0}
2024-07-11 00:33:50,128 - INFO - Success on 84: 200 - {"IIVALUE": "Kerwax  - TBBS - NZ-standard (Kallo)", "IIVALUEF": 0}
2024-07-11 00:33:50,439 - INFO - Success on 84: 200 - {"IIVALUE": "LANXESS", "IIVALUEF": 0}
2024-07-11 00:33:50,694 - INFO - Success on 84: 200 - {"IIVALUE": null, "IIVALUEF": 0}
2024-07-11 00:33:51,011 - INFO - Success on 84: 200 - {"IIVALUE": "g", "IIVALUEF": 0}
2024-07-11 00:33:51,269 - INFO - Success on 84: 200 - {"IIVALUE": null, "IIVALUEF": 0}
2024-07-11 00:33:51,591 - INFO - Success on 84: 200 - {"IIVALUE": "S170229C", "IIVALUEF": 0}
2024-07-11 00:33:51,918 - INFO - Success on 85: 200 - {"SHORT_DESC": "Chemical & Consumables Container", "RQ_VALUE": null, "DESCRIPTION": "Chemical & Consumables Container"}
2024-07-11 00:33:53,111 - INFO - Success on 85: 200 - {"StatusTo": 5}
2024-07-11 00:33:53,423 - INFO - Success on 85: 200 - {"IIVALUE": "AS*L", "IIVALUEF": 0}
2024-07-11 00:33:53,692 - INFO - Success on 85: 200 - {"IIVALUE": null, "IIVALUEF": 0}
2024-07-11 00:33:54,039 - INFO - Success on 85: 200 - {"IIVALUE": null, "IIVALUEF": 0}
2024-07-11 00:33:54,297 - INFO - Success on 85: 200 - {"IIVALUE": null, "IIVALUEF": 0}
2024-07-11 00:33:54,675 - INFO - Success on 85: 200 - {"IIVALUE": "GIC*L", "IIVALUEF": 0}
2024-07-11 00:33:54,992 - INFO - Success on 85: 200 - {"IIVALUE": "Ventilated Cabinet 4", "IIVALUEF": 0}
2024-07-11 00:33:55,248 - INFO - Success on 85: 200 - {"IIVALUE": null, "IIVALUEF": 0}
2024-07-11 00:33:55,573 - INFO - Success on 85: 200 - {"IIVALUE": "Dartevelle, Coralie", "IIVALUEF": 0}
2024-07-11 00:33:55,889 - INFO - Success on 85: 200 - {"IIVALUE": "95-31-8", "IIVALUEF": 0}
2024-07-11 00:33:56,150 - INFO - Success on 85: 200 - {"IIVALUE": null, "IIVALUEF": 0}
2024-07-11 00:33:56,483 - INFO - Success on 85: 200 - {"IIVALUE": "Method/Project: Chromato", "IIVALUEF": 0}
2024-07-11 00:33:56,789 - INFO - Success on 85: 200 - {"IIVALUE": "Adv. Chemistry", "IIVALUEF": 0}
2024-07-11 00:33:57,046 - INFO - Success on 85: 200 - {"IIVALUE": null, "IIVALUEF": 0}
2024-07-11 00:33:57,357 - INFO - Success on 85: 200 - {"IIVALUE": "Kerwax-O  - Vulkacit NZ lot#HJE3021", "IIVALUEF": 0}
2024-07-11 00:33:57,678 - INFO - Success on 85: 200 - {"IIVALUE": "LANXESS", "IIVALUEF": 0}
2024-07-11 00:33:57,928 - INFO - Success on 85: 200 - {"IIVALUE": null, "IIVALUEF": 0}
2024-07-11 00:33:58,250 - INFO - Success on 85: 200 - {"IIVALUE": "g", "IIVALUEF": 0}
2024-07-11 00:33:58,500 - INFO - Success on 85: 200 - {"IIVALUE": null, "IIVALUEF": 0}
2024-07-11 00:33:58,798 - INFO - Success on 85: 200 - {"IIVALUE": "S120162C", "IIVALUEF": 0}
2024-07-11 00:33:59,103 - INFO - Success on 86: 200 - {"SHORT_DESC": "Chemical & Consumables Container", "RQ_VALUE": null, "DESCRIPTION": "Chemical & Consumables Container"}
2024-07-11 00:34:00,295 - INFO - Success on 86: 200 - {"StatusTo": 5}
2024-07-11 00:34:00,617 - INFO - Success on 86: 200 - {"IIVALUE": "AS*L", "IIVALUEF": 0}
2024-07-11 00:34:00,885 - INFO - Success on 86: 200 - {"IIVALUE": null, "IIVALUEF": 0}
2024-07-11 00:34:01,190 - INFO - Success on 86: 200 - {"IIVALUE": null, "IIVALUEF": 0}
2024-07-11 00:34:01,452 - INFO - Success on 86: 200 - {"IIVALUE": null, "IIVALUEF": 0}
2024-07-11 00:34:01,757 - INFO - Success on 86: 200 - {"IIVALUE": "GIC*L", "IIVALUEF": 0}
2024-07-11 00:34:02,058 - INFO - Success on 86: 200 - {"IIVALUE": "Ventilated Cabinet 4", "IIVALUEF": 0}
2024-07-11 00:34:02,331 - INFO - Success on 86: 200 - {"IIVALUE": null, "IIVALUEF": 0}
2024-07-11 00:34:02,643 - INFO - Success on 86: 200 - {"IIVALUE": "Dartevelle, Coralie", "IIVALUEF": 0}
2024-07-11 00:34:02,944 - INFO - Success on 86: 200 - {"IIVALUE": "105-11-3", "IIVALUEF": 0}
2024-07-11 00:34:03,214 - INFO - Success on 86: 200 - {"IIVALUE": null, "IIVALUEF": 0}
2024-07-11 00:34:03,547 - INFO - Success on 86: 200 - {"IIVALUE": "Method/Project: Chromato", "IIVALUEF": 0}
2024-07-11 00:34:03,859 - INFO - Success on 86: 200 - {"IIVALUE": "Adv. Chemistry", "IIVALUEF": 0}
2024-07-11 00:34:04,110 - INFO - Success on 86: 200 - {"IIVALUE": null, "IIVALUEF": 0}
2024-07-11 00:34:04,447 - INFO - Success on 86: 200 - {"IIVALUE": "Agonax  - p-Quinone dioxime > 90 %", "IIVALUEF": 0}
2024-07-11 00:34:04,711 - INFO - Success on 86: 200 - {"IIVALUE": null, "IIVALUEF": 0}
2024-07-11 00:34:04,973 - INFO - Success on 86: 200 - {"IIVALUE": null, "IIVALUEF": 0}
2024-07-11 00:34:05,276 - INFO - Success on 86: 200 - {"IIVALUE": "g", "IIVALUEF": 0}
2024-07-11 00:34:05,530 - INFO - Success on 86: 200 - {"IIVALUE": null, "IIVALUEF": 0}
2024-07-11 00:34:05,848 - INFO - Success on 86: 200 - {"IIVALUE": "L190389C", "IIVALUEF": 0}
2024-07-11 00:34:06,169 - INFO - Success on 87: 200 - {"SHORT_DESC": "Chemical & Consumables Container", "RQ_VALUE": null, "DESCRIPTION": "Chemical & Consumables Container"}
2024-07-11 00:34:07,357 - INFO - Success on 87: 200 - {"StatusTo": 5}
2024-07-11 00:34:07,689 - INFO - Success on 87: 200 - {"IIVALUE": "AS*L", "IIVALUEF": 0}
2024-07-11 00:34:07,958 - INFO - Success on 87: 200 - {"IIVALUE": null, "IIVALUEF": 0}
2024-07-11 00:34:08,278 - INFO - Success on 87: 200 - {"IIVALUE": null, "IIVALUEF": 0}
2024-07-11 00:34:08,536 - INFO - Success on 87: 200 - {"IIVALUE": null, "IIVALUEF": 0}
2024-07-11 00:34:08,884 - INFO - Success on 87: 200 - {"IIVALUE": "GIC*L", "IIVALUEF": 0}
2024-07-11 00:34:09,194 - INFO - Success on 87: 200 - {"IIVALUE": "Ventilated Cabinet 4", "IIVALUEF": 0}
2024-07-11 00:34:09,498 - INFO - Success on 87: 200 - {"IIVALUE": null, "IIVALUEF": 0}
2024-07-11 00:34:09,823 - INFO - Success on 87: 200 - {"IIVALUE": "Dartevelle, Coralie", "IIVALUEF": 0}
2024-07-11 00:34:10,136 - INFO - Success on 87: 200 - {"IIVALUE": "102-06-7", "IIVALUEF": 0}
2024-07-11 00:34:10,396 - INFO - Success on 87: 200 - {"IIVALUE": null, "IIVALUEF": 0}
2024-07-11 00:34:10,707 - INFO - Success on 87: 200 - {"IIVALUE": "Method/Project: Chromato", "IIVALUEF": 0}
2024-07-11 00:34:11,012 - INFO - Success on 87: 200 - {"IIVALUE": "Adv. Chemistry", "IIVALUEF": 0}
2024-07-11 00:34:11,271 - INFO - Success on 87: 200 - {"IIVALUE": null, "IIVALUEF": 0}
2024-07-11 00:34:11,592 - INFO - Success on 87: 200 - {"IIVALUE": "Phenax  - 1,3-diphenylguanidine (from Akron)", "IIVALUEF": 0}
2024-07-11 00:34:11,899 - INFO - Success on 87: 200 - {"IIVALUE": "Sigma Aldrich", "IIVALUEF": 0}
2024-07-11 00:34:12,148 - INFO - Success on 87: 200 - {"IIVALUE": null, "IIVALUEF": 0}
2024-07-11 00:34:12,466 - INFO - Success on 87: 200 - {"IIVALUE": "g", "IIVALUEF": 0}
2024-07-11 00:34:12,721 - INFO - Success on 87: 200 - {"IIVALUE": null, "IIVALUEF": 0}
2024-07-11 00:34:13,080 - INFO - Success on 87: 200 - {"IIVALUE": "#BCCB9504", "IIVALUEF": 0}
2024-07-11 00:34:13,419 - INFO - Success on 88: 200 - {"SHORT_DESC": "Chemical & Consumables Container", "RQ_VALUE": null, "DESCRIPTION": "Chemical & Consumables Container"}
2024-07-11 00:34:14,599 - INFO - Success on 88: 200 - {"StatusTo": 5}
2024-07-11 00:34:14,920 - INFO - Success on 88: 200 - {"IIVALUE": "AS*L", "IIVALUEF": 0}
2024-07-11 00:34:15,180 - INFO - Success on 88: 200 - {"IIVALUE": null, "IIVALUEF": 0}
2024-07-11 00:34:15,549 - INFO - Success on 88: 200 - {"IIVALUE": null, "IIVALUEF": 0}
2024-07-11 00:34:15,798 - INFO - Success on 88: 200 - {"IIVALUE": null, "IIVALUEF": 0}
2024-07-11 00:34:16,143 - INFO - Success on 88: 200 - {"IIVALUE": "GIC*L", "IIVALUEF": 0}
2024-07-11 00:34:16,449 - INFO - Success on 88: 200 - {"IIVALUE": "Ventilated Cabinet 4", "IIVALUEF": 0}
2024-07-11 00:34:16,703 - INFO - Success on 88: 200 - {"IIVALUE": null, "IIVALUEF": 0}
2024-07-11 00:34:17,065 - INFO - Success on 88: 200 - {"IIVALUE": "Dartevelle, Coralie", "IIVALUEF": 0}
2024-07-11 00:34:17,384 - INFO - Success on 88: 200 - {"IIVALUE": "102-06-7", "IIVALUEF": 0}
2024-07-11 00:34:17,636 - INFO - Success on 88: 200 - {"IIVALUE": null, "IIVALUEF": 0}
2024-07-11 00:34:17,946 - INFO - Success on 88: 200 - {"IIVALUE": "Method/Project: Chromato", "IIVALUEF": 0}
2024-07-11 00:34:18,268 - INFO - Success on 88: 200 - {"IIVALUE": "Adv. Chemistry", "IIVALUEF": 0}
2024-07-11 00:34:18,521 - INFO - Success on 88: 200 - {"IIVALUE": null, "IIVALUEF": 0}
2024-07-11 00:34:18,842 - INFO - Success on 88: 200 - {"IIVALUE": "Phenax - 1,3-diphenylguanidine lot#10626/1 - REFPHE02", "IIVALUEF": 0}
2024-07-11 00:34:19,147 - INFO - Success on 88: 200 - {"IIVALUE": "Sigma Aldrich", "IIVALUEF": 0}
2024-07-11 00:34:19,400 - INFO - Success on 88: 200 - {"IIVALUE": null, "IIVALUEF": 0}
2024-07-11 00:34:19,712 - INFO - Success on 88: 200 - {"IIVALUE": "g", "IIVALUEF": 0}
2024-07-11 00:34:19,975 - INFO - Success on 88: 200 - {"IIVALUE": null, "IIVALUEF": 0}
2024-07-11 00:34:20,293 - INFO - Success on 88: 200 - {"IIVALUE": "#BCBS1381V", "IIVALUEF": 0}
2024-07-11 00:34:20,613 - INFO - Success on 89: 200 - {"SHORT_DESC": "Chemical & Consumables Container", "RQ_VALUE": null, "DESCRIPTION": "Chemical & Consumables Container"}
2024-07-11 00:34:21,795 - INFO - Success on 89: 200 - {"StatusTo": 5}
2024-07-11 00:34:22,152 - INFO - Success on 89: 200 - {"IIVALUE": "AS*L", "IIVALUEF": 0}
2024-07-11 00:34:22,411 - INFO - Success on 89: 200 - {"IIVALUE": null, "IIVALUEF": 0}
2024-07-11 00:34:22,775 - INFO - Success on 89: 200 - {"IIVALUE": null, "IIVALUEF": 0}
2024-07-11 00:34:23,039 - INFO - Success on 89: 200 - {"IIVALUE": null, "IIVALUEF": 0}
2024-07-11 00:34:23,351 - INFO - Success on 89: 200 - {"IIVALUE": "GIC*L", "IIVALUEF": 0}
2024-07-11 00:34:23,663 - INFO - Success on 89: 200 - {"IIVALUE": "Ventilated Cabinet 4", "IIVALUEF": 0}
2024-07-11 00:34:23,935 - INFO - Success on 89: 200 - {"IIVALUE": null, "IIVALUEF": 0}
2024-07-11 00:34:24,269 - INFO - Success on 89: 200 - {"IIVALUE": "Dartevelle, Coralie", "IIVALUEF": 0}
2024-07-11 00:34:24,567 - INFO - Success on 89: 200 - {"IIVALUE": "883-93-2", "IIVALUEF": 0}
2024-07-11 00:34:24,833 - INFO - Success on 89: 200 - {"IIVALUE": null, "IIVALUEF": 0}
2024-07-11 00:34:25,147 - INFO - Success on 89: 200 - {"IIVALUE": "Method/Project: Chromato", "IIVALUEF": 0}
2024-07-11 00:34:25,536 - INFO - Success on 89: 200 - {"IIVALUE": "Adv. Chemistry", "IIVALUEF": 0}
2024-07-11 00:34:25,833 - INFO - Success on 89: 200 - {"IIVALUE": null, "IIVALUEF": 0}
2024-07-11 00:34:26,157 - INFO - Success on 89: 200 - {"IIVALUE": "2-Phenylbenzothiazole (PBZT) 97% ", "IIVALUEF": 0}
2024-07-11 00:34:26,503 - INFO - Success on 89: 200 - {"IIVALUE": "Sigma Aldrich", "IIVALUEF": 0}
2024-07-11 00:34:26,755 - INFO - Success on 89: 200 - {"IIVALUE": null, "IIVALUEF": 0}
2024-07-11 00:34:27,064 - INFO - Success on 89: 200 - {"IIVALUE": "g", "IIVALUEF": 0}
2024-07-11 00:34:27,348 - INFO - Success on 89: 200 - {"IIVALUE": null, "IIVALUEF": 0}
2024-07-11 00:34:27,699 - INFO - Success on 89: 200 - {"IIVALUE": "#64148", "IIVALUEF": 0}
2024-07-11 00:34:28,011 - INFO - Success on 90: 200 - {"SHORT_DESC": "Chemical & Consumables Container", "RQ_VALUE": null, "DESCRIPTION": "Chemical & Consumables Container"}
2024-07-11 00:34:29,191 - INFO - Success on 90: 200 - {"StatusTo": 5}
2024-07-11 00:34:29,529 - INFO - Success on 90: 200 - {"IIVALUE": "AS*L", "IIVALUEF": 0}
2024-07-11 00:34:29,784 - INFO - Success on 90: 200 - {"IIVALUE": null, "IIVALUEF": 0}
2024-07-11 00:34:30,119 - INFO - Success on 90: 200 - {"IIVALUE": null, "IIVALUEF": 0}
2024-07-11 00:34:30,371 - INFO - Success on 90: 200 - {"IIVALUE": null, "IIVALUEF": 0}
2024-07-11 00:34:30,677 - INFO - Success on 90: 200 - {"IIVALUE": "GIC*L", "IIVALUEF": 0}
2024-07-11 00:34:31,021 - INFO - Success on 90: 200 - {"IIVALUE": "Ventilated Cabinet 4", "IIVALUEF": 0}
2024-07-11 00:34:31,283 - INFO - Success on 90: 200 - {"IIVALUE": null, "IIVALUEF": 0}
2024-07-11 00:34:31,620 - INFO - Success on 90: 200 - {"IIVALUE": "Dartevelle, Coralie", "IIVALUEF": 0}
2024-07-11 00:34:31,929 - INFO - Success on 90: 200 - {"IIVALUE": "883-93-2", "IIVALUEF": 0}
2024-07-11 00:34:33,045 - INFO - Success on 90: 200 - {"IIVALUE": "5.0", "IIVALUEF": 0}
2024-07-11 00:34:33,355 - INFO - Success on 90: 200 - {"IIVALUE": "Method/Project: Chromato", "IIVALUEF": 0}
2024-07-11 00:34:33,665 - INFO - Success on 90: 200 - {"IIVALUE": "Adv. Chemistry", "IIVALUEF": 0}
2024-07-11 00:34:33,935 - INFO - Success on 90: 200 - {"IIVALUE": null, "IIVALUEF": 0}
2024-07-11 00:34:34,304 - INFO - Success on 90: 200 - {"IIVALUE": "2-Phenylbenzothiazole (PBZT) 97% ", "IIVALUEF": 0}
2024-07-11 00:34:34,614 - INFO - Success on 90: 200 - {"IIVALUE": "Sigma Aldrich", "IIVALUEF": 0}
2024-07-11 00:34:34,884 - INFO - Success on 90: 200 - {"IIVALUE": null, "IIVALUEF": 0}
2024-07-11 00:34:35,208 - INFO - Success on 90: 200 - {"IIVALUE": "g", "IIVALUEF": 0}
2024-07-11 00:34:35,499 - INFO - Success on 90: 200 - {"IIVALUE": null, "IIVALUEF": 0}
2024-07-11 00:34:35,820 - INFO - Success on 90: 200 - {"IIVALUE": "#64148", "IIVALUEF": 0}
2024-07-11 00:34:36,148 - INFO - Success on 91: 200 - {"SHORT_DESC": "Chemical & Consumables Container", "RQ_VALUE": null, "DESCRIPTION": "Chemical & Consumables Container"}
2024-07-11 00:34:37,337 - INFO - Success on 91: 200 - {"StatusTo": 5}
2024-07-11 00:34:37,701 - INFO - Success on 91: 200 - {"IIVALUE": "AS*L", "IIVALUEF": 0}
2024-07-11 00:34:37,967 - INFO - Success on 91: 200 - {"IIVALUE": null, "IIVALUEF": 0}
2024-07-11 00:34:38,295 - INFO - Success on 91: 200 - {"IIVALUE": null, "IIVALUEF": 0}
2024-07-11 00:34:38,555 - INFO - Success on 91: 200 - {"IIVALUE": null, "IIVALUEF": 0}
2024-07-11 00:34:38,877 - INFO - Success on 91: 200 - {"IIVALUE": "GIC*L", "IIVALUEF": 0}
2024-07-11 00:34:39,227 - INFO - Success on 91: 200 - {"IIVALUE": "Ventilated Cabinet 4", "IIVALUEF": 0}
2024-07-11 00:34:39,487 - INFO - Success on 91: 200 - {"IIVALUE": null, "IIVALUEF": 0}
2024-07-11 00:34:39,796 - INFO - Success on 91: 200 - {"IIVALUE": "Dartevelle, Coralie", "IIVALUEF": 0}
2024-07-11 00:34:40,108 - INFO - Success on 91: 200 - {"IIVALUE": "883-93-2", "IIVALUEF": 0}
2024-07-11 00:34:40,417 - INFO - Success on 91: 200 - {"IIVALUE": "5.0", "IIVALUEF": 0}
2024-07-11 00:34:40,728 - INFO - Success on 91: 200 - {"IIVALUE": "Method/Project: Chromato", "IIVALUEF": 0}
2024-07-11 00:34:41,073 - INFO - Success on 91: 200 - {"IIVALUE": "Adv. Chemistry", "IIVALUEF": 0}
2024-07-11 00:34:41,365 - INFO - Success on 91: 200 - {"IIVALUE": null, "IIVALUEF": 0}
2024-07-11 00:34:41,745 - INFO - Success on 91: 200 - {"IIVALUE": "2-Phenylbenzothiazole (PBZT) 97% ", "IIVALUEF": 0}
2024-07-11 00:34:42,060 - INFO - Success on 91: 200 - {"IIVALUE": "Sigma Aldrich", "IIVALUEF": 0}
2024-07-11 00:34:42,320 - INFO - Success on 91: 200 - {"IIVALUE": null, "IIVALUEF": 0}
2024-07-11 00:34:42,647 - INFO - Success on 91: 200 - {"IIVALUE": "g", "IIVALUEF": 0}
2024-07-11 00:34:42,900 - INFO - Success on 91: 200 - {"IIVALUE": null, "IIVALUEF": 0}
2024-07-11 00:34:43,222 - INFO - Success on 91: 200 - {"IIVALUE": "#64149", "IIVALUEF": 0}
2024-07-11 00:34:43,566 - INFO - Success on 92: 200 - {"SHORT_DESC": "Chemical & Consumables Container", "RQ_VALUE": null, "DESCRIPTION": "Chemical & Consumables Container"}
2024-07-11 00:34:44,746 - INFO - Success on 92: 200 - {"StatusTo": 5}
2024-07-11 00:34:45,052 - INFO - Success on 92: 200 - {"IIVALUE": "AS*L", "IIVALUEF": 0}
2024-07-11 00:34:45,324 - INFO - Success on 92: 200 - {"IIVALUE": null, "IIVALUEF": 0}
2024-07-11 00:34:45,671 - INFO - Success on 92: 200 - {"IIVALUE": null, "IIVALUEF": 0}
2024-07-11 00:34:45,946 - INFO - Success on 92: 200 - {"IIVALUE": null, "IIVALUEF": 0}
2024-07-11 00:34:46,278 - INFO - Success on 92: 200 - {"IIVALUE": "GIC*L", "IIVALUEF": 0}
2024-07-11 00:34:46,599 - INFO - Success on 92: 200 - {"IIVALUE": "Ventilated Cabinet 4", "IIVALUEF": 0}
2024-07-11 00:34:46,848 - INFO - Success on 92: 200 - {"IIVALUE": null, "IIVALUEF": 0}
2024-07-11 00:34:47,158 - INFO - Success on 92: 200 - {"IIVALUE": "Dartevelle, Coralie", "IIVALUEF": 0}
2024-07-11 00:34:47,507 - INFO - Success on 92: 200 - {"IIVALUE": "883-93-2", "IIVALUEF": 0}
2024-07-11 00:34:47,758 - INFO - Success on 92: 200 - {"IIVALUE": null, "IIVALUEF": 0}
2024-07-11 00:34:48,066 - INFO - Success on 92: 200 - {"IIVALUE": "Method/Project: Chromato", "IIVALUEF": 0}
2024-07-11 00:34:48,367 - INFO - Success on 92: 200 - {"IIVALUE": "Adv. Chemistry", "IIVALUEF": 0}
2024-07-11 00:34:48,643 - INFO - Success on 92: 200 - {"IIVALUE": null, "IIVALUEF": 0}
2024-07-11 00:34:48,949 - INFO - Success on 92: 200 - {"IIVALUE": "2-Phenylbenzothiazole (PBZT) 97% ", "IIVALUEF": 0}
2024-07-11 00:34:49,263 - INFO - Success on 92: 200 - {"IIVALUE": "Sigma Aldrich", "IIVALUEF": 0}
2024-07-11 00:34:49,515 - INFO - Success on 92: 200 - {"IIVALUE": null, "IIVALUEF": 0}
2024-07-11 00:34:49,853 - INFO - Success on 92: 200 - {"IIVALUE": "g", "IIVALUEF": 0}
2024-07-11 00:34:50,106 - INFO - Success on 92: 200 - {"IIVALUE": null, "IIVALUEF": 0}
2024-07-11 00:34:50,421 - INFO - Success on 92: 200 - {"IIVALUE": "#MKBK2494V", "IIVALUEF": 0}
2024-07-11 00:34:50,755 - INFO - Success on 93: 200 - {"SHORT_DESC": "Chemical & Consumables Container", "RQ_VALUE": null, "DESCRIPTION": "Chemical & Consumables Container"}
2024-07-11 00:34:51,949 - INFO - Success on 93: 200 - {"StatusTo": 5}
2024-07-11 00:34:52,290 - INFO - Success on 93: 200 - {"IIVALUE": "AS*L", "IIVALUEF": 0}
2024-07-11 00:34:52,533 - INFO - Success on 93: 200 - {"IIVALUE": null, "IIVALUEF": 0}
2024-07-11 00:34:52,897 - INFO - Success on 93: 200 - {"IIVALUE": "09/15/2023 12:00:00 AM +00:00", "IIVALUEF": 0}
2024-07-11 00:34:53,217 - INFO - Success on 93: 200 - {"IIVALUE": "09/14/2026 12:00:00 AM +00:00", "IIVALUEF": 0}
2024-07-11 00:34:53,520 - INFO - Success on 93: 200 - {"IIVALUE": "GIC*L", "IIVALUEF": 0}
2024-07-11 00:34:53,868 - INFO - Success on 93: 200 - {"IIVALUE": "Ventilated Cabinet 4", "IIVALUEF": 0}
2024-07-11 00:34:54,127 - INFO - Success on 93: 200 - {"IIVALUE": null, "IIVALUEF": 0}
2024-07-11 00:34:54,430 - INFO - Success on 93: 200 - {"IIVALUE": "ACF", "IIVALUEF": 0}
2024-07-11 00:34:54,758 - INFO - Success on 93: 200 - {"IIVALUE": "883-93-2", "IIVALUEF": 0}
2024-07-11 00:34:55,011 - INFO - Success on 93: 200 - {"IIVALUE": null, "IIVALUEF": 0}
2024-07-11 00:34:55,280 - INFO - Success on 93: 200 - {"IIVALUE": null, "IIVALUEF": 0}
2024-07-11 00:34:55,589 - INFO - Success on 93: 200 - {"IIVALUE": "Adv. Chemistry", "IIVALUEF": 0}
2024-07-11 00:34:55,864 - INFO - Success on 93: 200 - {"IIVALUE": null, "IIVALUEF": 0}
2024-07-11 00:34:56,193 - INFO - Success on 93: 200 - {"IIVALUE": "2-Phenylbenzothiazole (PBZT) ", "IIVALUEF": 0}
2024-07-11 00:34:56,526 - INFO - Success on 93: 200 - {"IIVALUE": "Merck", "IIVALUEF": 0}
2024-07-11 00:34:56,781 - INFO - Success on 93: 200 - {"IIVALUE": null, "IIVALUEF": 0}
2024-07-11 00:34:57,083 - INFO - Success on 93: 200 - {"IIVALUE": "g", "IIVALUEF": 0}
2024-07-11 00:34:57,382 - INFO - Success on 93: 200 - {"IIVALUE": null, "IIVALUEF": 0}
2024-07-11 00:34:57,690 - INFO - Success on 93: 200 - {"IIVALUE": "273421", "IIVALUEF": 0}
2024-07-11 00:34:58,005 - INFO - Success on 94: 200 - {"SHORT_DESC": "Chemical & Consumables Container", "RQ_VALUE": null, "DESCRIPTION": "Chemical & Consumables Container"}
2024-07-11 00:34:59,198 - INFO - Success on 94: 200 - {"StatusTo": 5}
2024-07-11 00:34:59,557 - INFO - Success on 94: 200 - {"IIVALUE": "AS*L", "IIVALUEF": 0}
2024-07-11 00:34:59,812 - INFO - Success on 94: 200 - {"IIVALUE": null, "IIVALUEF": 0}
2024-07-11 00:35:00,148 - INFO - Success on 94: 200 - {"IIVALUE": null, "IIVALUEF": 0}
2024-07-11 00:35:00,401 - INFO - Success on 94: 200 - {"IIVALUE": null, "IIVALUEF": 0}
2024-07-11 00:35:00,723 - INFO - Success on 94: 200 - {"IIVALUE": "GIC*L", "IIVALUEF": 0}
2024-07-11 00:35:01,052 - INFO - Success on 94: 200 - {"IIVALUE": "Ventilated Cabinet 4", "IIVALUEF": 0}
2024-07-11 00:35:01,309 - INFO - Success on 94: 200 - {"IIVALUE": null, "IIVALUEF": 0}
2024-07-11 00:35:01,615 - INFO - Success on 94: 200 - {"IIVALUE": "Dartevelle, Coralie", "IIVALUEF": 0}
2024-07-11 00:35:01,977 - INFO - Success on 94: 200 - {"IIVALUE": "3741-80-8", "IIVALUEF": 0}
2024-07-11 00:35:02,320 - INFO - Success on 94: 200 - {"IIVALUE": "50.0", "IIVALUEF": 0}
2024-07-11 00:35:02,628 - INFO - Success on 94: 200 - {"IIVALUE": "Method/Project: Chromato", "IIVALUEF": 0}
2024-07-11 00:35:02,932 - INFO - Success on 94: 200 - {"IIVALUE": "Adv. Chemistry", "IIVALUEF": 0}
2024-07-11 00:35:03,186 - INFO - Success on 94: 200 - {"IIVALUE": null, "IIVALUEF": 0}
2024-07-11 00:35:03,505 - INFO - Success on 94: 200 - {"IIVALUE": "Tylerax S180094C - TBSI ", "IIVALUEF": 0}
2024-07-11 00:35:03,810 - INFO - Success on 94: 200 - {"IIVALUE": "Huatai", "IIVALUEF": 0}
2024-07-11 00:35:04,078 - INFO - Success on 94: 200 - {"IIVALUE": null, "IIVALUEF": 0}
2024-07-11 00:35:04,388 - INFO - Success on 94: 200 - {"IIVALUE": "g", "IIVALUEF": 0}
2024-07-11 00:35:04,646 - INFO - Success on 94: 200 - {"IIVALUE": null, "IIVALUEF": 0}
2024-07-11 00:35:04,956 - INFO - Success on 94: 200 - {"IIVALUE": "lot#20180204014", "IIVALUEF": 0}
2024-07-11 00:35:05,270 - INFO - Success on 95: 200 - {"SHORT_DESC": "Chemical & Consumables Container", "RQ_VALUE": null, "DESCRIPTION": "Chemical & Consumables Container"}
2024-07-11 00:35:06,447 - INFO - Success on 95: 200 - {"StatusTo": 5}
2024-07-11 00:35:06,781 - INFO - Success on 95: 200 - {"IIVALUE": "AS*L", "IIVALUEF": 0}
2024-07-11 00:35:07,060 - INFO - Success on 95: 200 - {"IIVALUE": null, "IIVALUEF": 0}
2024-07-11 00:35:07,373 - INFO - Success on 95: 200 - {"IIVALUE": null, "IIVALUEF": 0}
2024-07-11 00:35:07,629 - INFO - Success on 95: 200 - {"IIVALUE": null, "IIVALUEF": 0}
2024-07-11 00:35:07,949 - INFO - Success on 95: 200 - {"IIVALUE": "GIC*L", "IIVALUEF": 0}
2024-07-11 00:35:08,251 - INFO - Success on 95: 200 - {"IIVALUE": "Ventilated Cabinet 4", "IIVALUEF": 0}
2024-07-11 00:35:08,531 - INFO - Success on 95: 200 - {"IIVALUE": null, "IIVALUEF": 0}
2024-07-11 00:35:08,837 - INFO - Success on 95: 200 - {"IIVALUE": "Dartevelle, Coralie", "IIVALUEF": 0}
2024-07-11 00:35:09,141 - INFO - Success on 95: 200 - {"IIVALUE": "3741-80-8", "IIVALUEF": 0}
2024-07-11 00:35:09,404 - INFO - Success on 95: 200 - {"IIVALUE": null, "IIVALUEF": 0}
2024-07-11 00:35:09,714 - INFO - Success on 95: 200 - {"IIVALUE": "Method/Project: Chromato", "IIVALUEF": 0}
2024-07-11 00:35:10,051 - INFO - Success on 95: 200 - {"IIVALUE": "Adv. Chemistry", "IIVALUEF": 0}
2024-07-11 00:35:10,310 - INFO - Success on 95: 200 - {"IIVALUE": null, "IIVALUEF": 0}
2024-07-11 00:35:10,626 - INFO - Success on 95: 200 - {"IIVALUE": "Tylerax S180094C - TBSI ", "IIVALUEF": 0}
2024-07-11 00:35:10,928 - INFO - Success on 95: 200 - {"IIVALUE": "Duslo", "IIVALUEF": 0}
2024-07-11 00:35:11,199 - INFO - Success on 95: 200 - {"IIVALUE": null, "IIVALUEF": 0}
2024-07-11 00:35:11,552 - INFO - Success on 95: 200 - {"IIVALUE": "g", "IIVALUEF": 0}
2024-07-11 00:35:11,830 - INFO - Success on 95: 200 - {"IIVALUE": null, "IIVALUEF": 0}
2024-07-11 00:35:12,134 - INFO - Success on 95: 200 - {"IIVALUE": "L140000C", "IIVALUEF": 0}
2024-07-11 00:35:12,439 - INFO - Success on 96: 200 - {"SHORT_DESC": "Chemical & Consumables Container", "RQ_VALUE": null, "DESCRIPTION": "Chemical & Consumables Container"}
2024-07-11 00:35:13,623 - INFO - Success on 96: 200 - {"StatusTo": 5}
2024-07-11 00:35:13,948 - INFO - Success on 96: 200 - {"IIVALUE": "AS*L", "IIVALUEF": 0}
2024-07-11 00:35:14,200 - INFO - Success on 96: 200 - {"IIVALUE": null, "IIVALUEF": 0}
2024-07-11 00:35:14,558 - INFO - Success on 96: 200 - {"IIVALUE": null, "IIVALUEF": 0}
2024-07-11 00:35:14,811 - INFO - Success on 96: 200 - {"IIVALUE": null, "IIVALUEF": 0}
2024-07-11 00:35:15,142 - INFO - Success on 96: 200 - {"IIVALUE": "GIC*L", "IIVALUEF": 0}
2024-07-11 00:35:15,509 - INFO - Success on 96: 200 - {"IIVALUE": "Ventilated Cabinet 4", "IIVALUEF": 0}
2024-07-11 00:35:15,798 - INFO - Success on 96: 200 - {"IIVALUE": null, "IIVALUEF": 0}
2024-07-11 00:35:16,108 - INFO - Success on 96: 200 - {"IIVALUE": "Dartevelle, Coralie", "IIVALUEF": 0}
2024-07-11 00:35:16,424 - INFO - Success on 96: 200 - {"IIVALUE": "142-77-8", "IIVALUEF": 0}
2024-07-11 00:35:16,685 - INFO - Success on 96: 200 - {"IIVALUE": null, "IIVALUEF": 0}
2024-07-11 00:35:17,021 - INFO - Success on 96: 200 - {"IIVALUE": "Method/Project: Chromato", "IIVALUEF": 0}
2024-07-11 00:35:17,343 - INFO - Success on 96: 200 - {"IIVALUE": "Adv. Chemistry", "IIVALUEF": 0}
2024-07-11 00:35:17,595 - INFO - Success on 96: 200 - {"IIVALUE": null, "IIVALUEF": 0}
2024-07-11 00:35:17,924 - INFO - Success on 96: 200 - {"IIVALUE": "Butyl Oleate 98 %", "IIVALUEF": 0}
2024-07-11 00:35:18,223 - INFO - Success on 96: 200 - {"IIVALUE": "Flexsys", "IIVALUEF": 0}
2024-07-11 00:35:18,512 - INFO - Success on 96: 200 - {"IIVALUE": null, "IIVALUEF": 0}
2024-07-11 00:35:18,821 - INFO - Success on 96: 200 - {"IIVALUE": "g", "IIVALUEF": 0}
2024-07-11 00:35:19,081 - INFO - Success on 96: 200 - {"IIVALUE": null, "IIVALUEF": 0}
2024-07-11 00:35:19,339 - INFO - Success on 96: 200 - {"IIVALUE": null, "IIVALUEF": 0}
2024-07-11 00:35:19,659 - INFO - Success on 97: 200 - {"SHORT_DESC": "Chemical & Consumables Container", "RQ_VALUE": null, "DESCRIPTION": "Chemical & Consumables Container"}
2024-07-11 00:35:20,838 - INFO - Success on 97: 200 - {"StatusTo": 5}
2024-07-11 00:35:21,185 - INFO - Success on 97: 200 - {"IIVALUE": "AS*L", "IIVALUEF": 0}
2024-07-11 00:35:21,451 - INFO - Success on 97: 200 - {"IIVALUE": null, "IIVALUEF": 0}
2024-07-11 00:35:21,757 - INFO - Success on 97: 200 - {"IIVALUE": null, "IIVALUEF": 0}
2024-07-11 00:35:22,024 - INFO - Success on 97: 200 - {"IIVALUE": null, "IIVALUEF": 0}
2024-07-11 00:35:22,345 - INFO - Success on 97: 200 - {"IIVALUE": "GIC*L", "IIVALUEF": 0}
2024-07-11 00:35:22,651 - INFO - Success on 97: 200 - {"IIVALUE": "Ventilated Cabinet 4", "IIVALUEF": 0}
2024-07-11 00:35:22,901 - INFO - Success on 97: 200 - {"IIVALUE": null, "IIVALUEF": 0}
2024-07-11 00:35:23,215 - INFO - Success on 97: 200 - {"IIVALUE": "Dartevelle, Coralie", "IIVALUEF": 0}
2024-07-11 00:35:23,524 - INFO - Success on 97: 200 - {"IIVALUE": "17796-82-6", "IIVALUEF": 0}
2024-07-11 00:35:23,792 - INFO - Success on 97: 200 - {"IIVALUE": null, "IIVALUEF": 0}
2024-07-11 00:35:24,089 - INFO - Success on 97: 200 - {"IIVALUE": "Method/Project: Chromato", "IIVALUEF": 0}
2024-07-11 00:35:24,394 - INFO - Success on 97: 200 - {"IIVALUE": "Adv. Chemistry", "IIVALUEF": 0}
2024-07-11 00:35:24,643 - INFO - Success on 97: 200 - {"IIVALUE": null, "IIVALUEF": 0}
2024-07-11 00:35:24,965 - INFO - Success on 97: 200 - {"IIVALUE": "Leibax recrystallized - Santogard PVI", "IIVALUEF": 0}
2024-07-11 00:35:25,260 - INFO - Success on 97: 200 - {"IIVALUE": "Flexsys", "IIVALUEF": 0}
2024-07-11 00:35:25,529 - INFO - Success on 97: 200 - {"IIVALUE": null, "IIVALUEF": 0}
2024-07-11 00:35:25,845 - INFO - Success on 97: 200 - {"IIVALUE": "g", "IIVALUEF": 0}
2024-07-11 00:35:26,096 - INFO - Success on 97: 200 - {"IIVALUE": null, "IIVALUEF": 0}
2024-07-11 00:35:26,362 - INFO - Success on 97: 200 - {"IIVALUE": null, "IIVALUEF": 0}
2024-07-11 00:35:26,671 - INFO - Success on 98: 200 - {"SHORT_DESC": "Chemical & Consumables Container", "RQ_VALUE": null, "DESCRIPTION": "Chemical & Consumables Container"}
2024-07-11 00:35:27,853 - INFO - Success on 98: 200 - {"StatusTo": 5}
2024-07-11 00:35:28,194 - INFO - Success on 98: 200 - {"IIVALUE": "AS*L", "IIVALUEF": 0}
2024-07-11 00:35:28,464 - INFO - Success on 98: 200 - {"IIVALUE": null, "IIVALUEF": 0}
2024-07-11 00:35:28,774 - INFO - Success on 98: 200 - {"IIVALUE": null, "IIVALUEF": 0}
2024-07-11 00:35:29,033 - INFO - Success on 98: 200 - {"IIVALUE": null, "IIVALUEF": 0}
2024-07-11 00:35:29,352 - INFO - Success on 98: 200 - {"IIVALUE": "GIC*L", "IIVALUEF": 0}
2024-07-11 00:35:29,706 - INFO - Success on 98: 200 - {"IIVALUE": "Ventilated Cabinet 4", "IIVALUEF": 0}
2024-07-11 00:35:29,967 - INFO - Success on 98: 200 - {"IIVALUE": null, "IIVALUEF": 0}
2024-07-11 00:35:30,284 - INFO - Success on 98: 200 - {"IIVALUE": "Dartevelle, Coralie", "IIVALUEF": 0}
2024-07-11 00:35:30,586 - INFO - Success on 98: 200 - {"IIVALUE": "17796-82-6", "IIVALUEF": 0}
2024-07-11 00:35:30,862 - INFO - Success on 98: 200 - {"IIVALUE": null, "IIVALUEF": 0}
2024-07-11 00:35:31,176 - INFO - Success on 98: 200 - {"IIVALUE": "Method/Project: Chromato", "IIVALUEF": 0}
2024-07-11 00:35:31,491 - INFO - Success on 98: 200 - {"IIVALUE": "Adv. Chemistry", "IIVALUEF": 0}
2024-07-11 00:35:31,743 - INFO - Success on 98: 200 - {"IIVALUE": null, "IIVALUEF": 0}
2024-07-11 00:35:32,086 - INFO - Success on 98: 200 - {"IIVALUE": "Leibax N-cyclohexylthiophthalimide", "IIVALUEF": 0}
2024-07-11 00:35:32,358 - INFO - Success on 98: 200 - {"IIVALUE": null, "IIVALUEF": 0}
2024-07-11 00:35:32,670 - INFO - Success on 98: 200 - {"IIVALUE": null, "IIVALUEF": 0}
2024-07-11 00:35:32,971 - INFO - Success on 98: 200 - {"IIVALUE": "g", "IIVALUEF": 0}
2024-07-11 00:35:33,236 - INFO - Success on 98: 200 - {"IIVALUE": null, "IIVALUEF": 0}
2024-07-11 00:35:33,519 - INFO - Success on 98: 200 - {"IIVALUE": null, "IIVALUEF": 0}
2024-07-11 00:35:33,906 - INFO - Success on 99: 200 - {"SHORT_DESC": "Chemical & Consumables Container", "RQ_VALUE": null, "DESCRIPTION": "Chemical & Consumables Container"}
2024-07-11 00:35:35,087 - INFO - Success on 99: 200 - {"StatusTo": 5}
2024-07-11 00:35:35,394 - INFO - Success on 99: 200 - {"IIVALUE": "AS*L", "IIVALUEF": 0}
2024-07-11 00:35:35,660 - INFO - Success on 99: 200 - {"IIVALUE": null, "IIVALUEF": 0}
2024-07-11 00:35:35,975 - INFO - Success on 99: 200 - {"IIVALUE": null, "IIVALUEF": 0}
2024-07-11 00:35:36,238 - INFO - Success on 99: 200 - {"IIVALUE": null, "IIVALUEF": 0}
2024-07-11 00:35:36,534 - INFO - Success on 99: 200 - {"IIVALUE": "GIC*L", "IIVALUEF": 0}
2024-07-11 00:35:36,855 - INFO - Success on 99: 200 - {"IIVALUE": "Ventilated Cabinet 4", "IIVALUEF": 0}
2024-07-11 00:35:37,111 - INFO - Success on 99: 200 - {"IIVALUE": null, "IIVALUEF": 0}
2024-07-11 00:35:37,425 - INFO - Success on 99: 200 - {"IIVALUE": "Dartevelle, Coralie", "IIVALUEF": 0}
2024-07-11 00:35:37,727 - INFO - Success on 99: 200 - {"IIVALUE": "4979-32-2", "IIVALUEF": 0}
2024-07-11 00:35:37,984 - INFO - Success on 99: 200 - {"IIVALUE": null, "IIVALUEF": 0}
2024-07-11 00:35:38,887 - INFO - Success on 99: 200 - {"IIVALUE": "Method/Project: Chromato", "IIVALUEF": 0}
2024-07-11 00:35:39,206 - INFO - Success on 99: 200 - {"IIVALUE": "Adv. Chemistry", "IIVALUEF": 0}
2024-07-11 00:35:39,490 - INFO - Success on 99: 200 - {"IIVALUE": null, "IIVALUEF": 0}
2024-07-11 00:35:39,789 - INFO - Success on 99: 200 - {"IIVALUE": "Citax - DCBS - x2", "IIVALUEF": 0}
2024-07-11 00:35:40,138 - INFO - Success on 99: 200 - {"IIVALUE": "Sawex", "IIVALUEF": 0}
2024-07-11 00:35:40,418 - INFO - Success on 99: 200 - {"IIVALUE": null, "IIVALUEF": 0}
2024-07-11 00:35:40,776 - INFO - Success on 99: 200 - {"IIVALUE": "g", "IIVALUEF": 0}
2024-07-11 00:35:41,030 - INFO - Success on 99: 200 - {"IIVALUE": null, "IIVALUEF": 0}
2024-07-11 00:35:41,360 - INFO - Success on 99: 200 - {"IIVALUE": "S170126C ", "IIVALUEF": 0}
2024-07-11 00:35:41,673 - INFO - Success on 100: 200 - {"SHORT_DESC": "Chemical & Consumables Container", "RQ_VALUE": null, "DESCRIPTION": "Chemical & Consumables Container"}
2024-07-11 00:35:42,852 - INFO - Success on 100: 200 - {"StatusTo": 5}
2024-07-11 00:35:43,177 - INFO - Success on 100: 200 - {"IIVALUE": "AS*L", "IIVALUEF": 0}
2024-07-11 00:35:43,434 - INFO - Success on 100: 200 - {"IIVALUE": null, "IIVALUEF": 0}
2024-07-11 00:35:43,770 - INFO - Success on 100: 200 - {"IIVALUE": null, "IIVALUEF": 0}
2024-07-11 00:35:44,024 - INFO - Success on 100: 200 - {"IIVALUE": null, "IIVALUEF": 0}
2024-07-11 00:35:44,336 - INFO - Success on 100: 200 - {"IIVALUE": "GIC*L", "IIVALUEF": 0}
2024-07-11 00:35:44,651 - INFO - Success on 100: 200 - {"IIVALUE": "Ventilated Cabinet 4", "IIVALUEF": 0}
2024-07-11 00:35:44,911 - INFO - Success on 100: 200 - {"IIVALUE": null, "IIVALUEF": 0}
2024-07-11 00:35:45,232 - INFO - Success on 100: 200 - {"IIVALUE": "Dartevelle, Coralie", "IIVALUEF": 0}
2024-07-11 00:35:45,535 - INFO - Success on 100: 200 - {"IIVALUE": "95-33-0", "IIVALUEF": 0}
2024-07-11 00:35:45,799 - INFO - Success on 100: 200 - {"IIVALUE": null, "IIVALUEF": 0}
2024-07-11 00:35:46,099 - INFO - Success on 100: 200 - {"IIVALUE": "Method/Project: Chromato", "IIVALUEF": 0}
2024-07-11 00:35:46,409 - INFO - Success on 100: 200 - {"IIVALUE": "Adv. Chemistry", "IIVALUEF": 0}
2024-07-11 00:35:46,670 - INFO - Success on 100: 200 - {"IIVALUE": null, "IIVALUEF": 0}
2024-07-11 00:35:47,011 - INFO - Success on 100: 200 - {"IIVALUE": "Hawkax  - CBS - VULKACIT CZ/EG-C", "IIVALUEF": 0}
2024-07-11 00:35:47,343 - INFO - Success on 100: 200 - {"IIVALUE": "LANXESS", "IIVALUEF": 0}
2024-07-11 00:35:47,599 - INFO - Success on 100: 200 - {"IIVALUE": null, "IIVALUEF": 0}
2024-07-11 00:35:47,923 - INFO - Success on 100: 200 - {"IIVALUE": "g", "IIVALUEF": 0}
2024-07-11 00:35:48,167 - INFO - Success on 100: 200 - {"IIVALUE": null, "IIVALUEF": 0}
2024-07-11 00:35:48,520 - INFO - Success on 100: 200 - {"IIVALUE": "S190068C", "IIVALUEF": 0}
2024-07-11 00:35:48,840 - INFO - Success on 101: 200 - {"SHORT_DESC": "Chemical & Consumables Container", "RQ_VALUE": null, "DESCRIPTION": "Chemical & Consumables Container"}
2024-07-11 00:35:50,019 - INFO - Success on 101: 200 - {"StatusTo": 5}
2024-07-11 00:35:50,338 - INFO - Success on 101: 200 - {"IIVALUE": "AS*L", "IIVALUEF": 0}
2024-07-11 00:35:50,601 - INFO - Success on 101: 200 - {"IIVALUE": null, "IIVALUEF": 0}
2024-07-11 00:35:50,906 - INFO - Success on 101: 200 - {"IIVALUE": null, "IIVALUEF": 0}
2024-07-11 00:35:51,160 - INFO - Success on 101: 200 - {"IIVALUE": null, "IIVALUEF": 0}
2024-07-11 00:35:51,482 - INFO - Success on 101: 200 - {"IIVALUE": "GIC*L", "IIVALUEF": 0}
2024-07-11 00:35:51,794 - INFO - Success on 101: 200 - {"IIVALUE": "Ventilated Cabinet 4", "IIVALUEF": 0}
2024-07-11 00:35:52,052 - INFO - Success on 101: 200 - {"IIVALUE": null, "IIVALUEF": 0}
2024-07-11 00:35:52,377 - INFO - Success on 101: 200 - {"IIVALUE": "Dartevelle, Coralie", "IIVALUEF": 0}
2024-07-11 00:35:52,704 - INFO - Success on 101: 200 - {"IIVALUE": "95-33-0", "IIVALUEF": 0}
2024-07-11 00:35:52,970 - INFO - Success on 101: 200 - {"IIVALUE": null, "IIVALUEF": 0}
2024-07-11 00:35:53,326 - INFO - Success on 101: 200 - {"IIVALUE": "Method/Project: Chromato", "IIVALUEF": 0}
2024-07-11 00:35:53,633 - INFO - Success on 101: 200 - {"IIVALUE": "Adv. Chemistry", "IIVALUEF": 0}
2024-07-11 00:35:53,891 - INFO - Success on 101: 200 - {"IIVALUE": null, "IIVALUEF": 0}
2024-07-11 00:35:54,201 - INFO - Success on 101: 200 - {"IIVALUE": "Hawkax  - CBS - VULKACIT CZ/C", "IIVALUEF": 0}
2024-07-11 00:35:54,543 - INFO - Success on 101: 200 - {"IIVALUE": "LANXESS", "IIVALUEF": 0}
2024-07-11 00:35:54,810 - INFO - Success on 101: 200 - {"IIVALUE": null, "IIVALUEF": 0}
2024-07-11 00:35:55,124 - INFO - Success on 101: 200 - {"IIVALUE": "g", "IIVALUEF": 0}
2024-07-11 00:35:55,396 - INFO - Success on 101: 200 - {"IIVALUE": null, "IIVALUEF": 0}
2024-07-11 00:35:55,705 - INFO - Success on 101: 200 - {"IIVALUE": "L160152C", "IIVALUEF": 0}
2024-07-11 00:35:56,019 - INFO - Success on 102: 200 - {"SHORT_DESC": "Chemical & Consumables Container", "RQ_VALUE": null, "DESCRIPTION": "Chemical & Consumables Container"}
2024-07-11 00:35:57,209 - INFO - Success on 102: 200 - {"StatusTo": 5}
2024-07-11 00:35:57,532 - INFO - Success on 102: 200 - {"IIVALUE": "AS*L", "IIVALUEF": 0}
2024-07-11 00:35:57,791 - INFO - Success on 102: 200 - {"IIVALUE": null, "IIVALUEF": 0}
2024-07-11 00:35:58,120 - INFO - Success on 102: 200 - {"IIVALUE": null, "IIVALUEF": 0}
2024-07-11 00:35:58,374 - INFO - Success on 102: 200 - {"IIVALUE": null, "IIVALUEF": 0}
2024-07-11 00:35:58,682 - INFO - Success on 102: 200 - {"IIVALUE": "GIC*L", "IIVALUEF": 0}
2024-07-11 00:35:58,982 - INFO - Success on 102: 200 - {"IIVALUE": "Ventilated Cabinet 4", "IIVALUEF": 0}
2024-07-11 00:35:59,269 - INFO - Success on 102: 200 - {"IIVALUE": null, "IIVALUEF": 0}
2024-07-11 00:35:59,583 - INFO - Success on 102: 200 - {"IIVALUE": "Dartevelle, Coralie", "IIVALUEF": 0}
2024-07-11 00:35:59,894 - INFO - Success on 102: 200 - {"IIVALUE": "84-15-1", "IIVALUEF": 0}
2024-07-11 00:36:00,201 - INFO - Success on 102: 200 - {"IIVALUE": "25.0", "IIVALUEF": 0}
2024-07-11 00:36:00,534 - INFO - Success on 102: 200 - {"IIVALUE": "Method/Project: Chromato", "IIVALUEF": 0}
2024-07-11 00:36:00,869 - INFO - Success on 102: 200 - {"IIVALUE": "Adv. Chemistry", "IIVALUEF": 0}
2024-07-11 00:36:01,123 - INFO - Success on 102: 200 - {"IIVALUE": null, "IIVALUEF": 0}
2024-07-11 00:36:01,458 - INFO - Success on 102: 200 - {"IIVALUE": "O-terphenyl 99 % ", "IIVALUEF": 0}
2024-07-11 00:36:01,782 - INFO - Success on 102: 200 - {"IIVALUE": "Sigma Aldrich", "IIVALUEF": 0}
2024-07-11 00:36:02,048 - INFO - Success on 102: 200 - {"IIVALUE": null, "IIVALUEF": 0}
2024-07-11 00:36:02,363 - INFO - Success on 102: 200 - {"IIVALUE": "g", "IIVALUEF": 0}
2024-07-11 00:36:02,651 - INFO - Success on 102: 200 - {"IIVALUE": null, "IIVALUEF": 0}
2024-07-11 00:36:02,989 - INFO - Success on 102: 200 - {"IIVALUE": "#14530TA-384", "IIVALUEF": 0}
2024-07-11 00:36:03,295 - INFO - Success on 103: 200 - {"SHORT_DESC": "Chemical & Consumables Container", "RQ_VALUE": null, "DESCRIPTION": "Chemical & Consumables Container"}
2024-07-11 00:36:04,477 - INFO - Success on 103: 200 - {"StatusTo": 5}
2024-07-11 00:36:04,839 - INFO - Success on 103: 200 - {"IIVALUE": "AS*L", "IIVALUEF": 0}
2024-07-11 00:36:05,093 - INFO - Success on 103: 200 - {"IIVALUE": null, "IIVALUEF": 0}
2024-07-11 00:36:05,409 - INFO - Success on 103: 200 - {"IIVALUE": null, "IIVALUEF": 0}
2024-07-11 00:36:05,666 - INFO - Success on 103: 200 - {"IIVALUE": null, "IIVALUEF": 0}
2024-07-11 00:36:05,977 - INFO - Success on 103: 200 - {"IIVALUE": "GIC*L", "IIVALUEF": 0}
2024-07-11 00:36:06,317 - INFO - Success on 103: 200 - {"IIVALUE": "Ventilated Cabinet 4", "IIVALUEF": 0}
2024-07-11 00:36:06,597 - INFO - Success on 103: 200 - {"IIVALUE": null, "IIVALUEF": 0}
2024-07-11 00:36:06,934 - INFO - Success on 103: 200 - {"IIVALUE": "Dartevelle, Coralie", "IIVALUEF": 0}
2024-07-11 00:36:07,270 - INFO - Success on 103: 200 - {"IIVALUE": "84-15-1", "IIVALUEF": 0}
2024-07-11 00:36:07,524 - INFO - Success on 103: 200 - {"IIVALUE": null, "IIVALUEF": 0}
2024-07-11 00:36:07,822 - INFO - Success on 103: 200 - {"IIVALUE": "Method/Project: Chromato", "IIVALUEF": 0}
2024-07-11 00:36:08,132 - INFO - Success on 103: 200 - {"IIVALUE": "Adv. Chemistry", "IIVALUEF": 0}
2024-07-11 00:36:08,435 - INFO - Success on 103: 200 - {"IIVALUE": null, "IIVALUEF": 0}
2024-07-11 00:36:08,734 - INFO - Success on 103: 200 - {"IIVALUE": "O-terphenyl 99 % ", "IIVALUEF": 0}
2024-07-11 00:36:09,035 - INFO - Success on 103: 200 - {"IIVALUE": "Sigma Aldrich", "IIVALUEF": 0}
2024-07-11 00:36:09,288 - INFO - Success on 103: 200 - {"IIVALUE": null, "IIVALUEF": 0}
2024-07-11 00:36:09,668 - INFO - Success on 103: 200 - {"IIVALUE": "g", "IIVALUEF": 0}
2024-07-11 00:36:09,928 - INFO - Success on 103: 200 - {"IIVALUE": null, "IIVALUEF": 0}
2024-07-11 00:36:10,267 - INFO - Success on 103: 200 - {"IIVALUE": "#26217JB-076", "IIVALUEF": 0}
2024-07-11 00:36:10,578 - INFO - Success on 104: 200 - {"SHORT_DESC": "Chemical & Consumables Container", "RQ_VALUE": null, "DESCRIPTION": "Chemical & Consumables Container"}
2024-07-11 00:36:11,759 - INFO - Success on 104: 200 - {"StatusTo": 5}
2024-07-11 00:36:12,118 - INFO - Success on 104: 200 - {"IIVALUE": "AS*L", "IIVALUEF": 0}
2024-07-11 00:36:12,386 - INFO - Success on 104: 200 - {"IIVALUE": null, "IIVALUEF": 0}
2024-07-11 00:36:12,717 - INFO - Success on 104: 200 - {"IIVALUE": null, "IIVALUEF": 0}
2024-07-11 00:36:12,975 - INFO - Success on 104: 200 - {"IIVALUE": null, "IIVALUEF": 0}
2024-07-11 00:36:13,300 - INFO - Success on 104: 200 - {"IIVALUE": "GIC*L", "IIVALUEF": 0}
2024-07-11 00:36:13,617 - INFO - Success on 104: 200 - {"IIVALUE": "Ventilated Cabinet 4", "IIVALUEF": 0}
2024-07-11 00:36:13,878 - INFO - Success on 104: 200 - {"IIVALUE": null, "IIVALUEF": 0}
2024-07-11 00:36:14,194 - INFO - Success on 104: 200 - {"IIVALUE": "Dartevelle, Coralie", "IIVALUEF": 0}
2024-07-11 00:36:14,515 - INFO - Success on 104: 200 - {"IIVALUE": "84-15-1", "IIVALUEF": 0}
2024-07-11 00:36:14,810 - INFO - Success on 104: 200 - {"IIVALUE": null, "IIVALUEF": 0}
2024-07-11 00:36:15,153 - INFO - Success on 104: 200 - {"IIVALUE": "Method/Project: Chromato", "IIVALUEF": 0}
2024-07-11 00:36:15,475 - INFO - Success on 104: 200 - {"IIVALUE": "Adv. Chemistry", "IIVALUEF": 0}
2024-07-11 00:36:15,746 - INFO - Success on 104: 200 - {"IIVALUE": null, "IIVALUEF": 0}
2024-07-11 00:36:16,050 - INFO - Success on 104: 200 - {"IIVALUE": "O-terphenyl 99 % ", "IIVALUEF": 0}
2024-07-11 00:36:16,370 - INFO - Success on 104: 200 - {"IIVALUE": "Sigma Aldrich", "IIVALUEF": 0}
2024-07-11 00:36:16,677 - INFO - Success on 104: 200 - {"IIVALUE": null, "IIVALUEF": 0}
2024-07-11 00:36:16,992 - INFO - Success on 104: 200 - {"IIVALUE": "g", "IIVALUEF": 0}
2024-07-11 00:36:17,278 - INFO - Success on 104: 200 - {"IIVALUE": null, "IIVALUEF": 0}
2024-07-11 00:36:17,585 - INFO - Success on 104: 200 - {"IIVALUE": "#33576-322", "IIVALUEF": 0}
2024-07-11 00:36:17,894 - INFO - Success on 105: 200 - {"SHORT_DESC": "Chemical & Consumables Container", "RQ_VALUE": null, "DESCRIPTION": "Chemical & Consumables Container"}
2024-07-11 00:36:19,072 - INFO - Success on 105: 200 - {"StatusTo": 5}
2024-07-11 00:36:19,425 - INFO - Success on 105: 200 - {"IIVALUE": "AS*L", "IIVALUEF": 0}
2024-07-11 00:36:19,699 - INFO - Success on 105: 200 - {"IIVALUE": null, "IIVALUEF": 0}
2024-07-11 00:36:20,062 - INFO - Success on 105: 200 - {"IIVALUE": null, "IIVALUEF": 0}
2024-07-11 00:36:20,367 - INFO - Success on 105: 200 - {"IIVALUE": "01/01/2019 12:00:00 AM +00:00", "IIVALUEF": 0}
2024-07-11 00:36:20,673 - INFO - Success on 105: 200 - {"IIVALUE": "GIC*L", "IIVALUEF": 0}
2024-07-11 00:36:21,000 - INFO - Success on 105: 200 - {"IIVALUE": "Ventilated Cabinet 4", "IIVALUEF": 0}
2024-07-11 00:36:21,279 - INFO - Success on 105: 200 - {"IIVALUE": null, "IIVALUEF": 0}
2024-07-11 00:36:21,583 - INFO - Success on 105: 200 - {"IIVALUE": "Dartevelle, Coralie", "IIVALUEF": 0}
2024-07-11 00:36:21,904 - INFO - Success on 105: 200 - {"IIVALUE": "147-47-7", "IIVALUEF": 0}
2024-07-11 00:36:22,159 - INFO - Success on 105: 200 - {"IIVALUE": null, "IIVALUEF": 0}
2024-07-11 00:36:22,479 - INFO - Success on 105: 200 - {"IIVALUE": "Method/Project: Chromato", "IIVALUEF": 0}
2024-07-11 00:36:22,786 - INFO - Success on 105: 200 - {"IIVALUE": "Adv. Chemistry", "IIVALUEF": 0}
2024-07-11 00:36:23,048 - INFO - Success on 105: 200 - {"IIVALUE": null, "IIVALUEF": 0}
2024-07-11 00:36:23,401 - INFO - Success on 105: 200 - {"IIVALUE": "2,2,4-trimethyl-1,2-dihydroquinoline (TMQ) ", "IIVALUEF": 0}
2024-07-11 00:36:23,708 - INFO - Success on 105: 200 - {"IIVALUE": "General Quimica", "IIVALUEF": 0}
2024-07-11 00:36:24,000 - INFO - Success on 105: 200 - {"IIVALUE": null, "IIVALUEF": 0}
2024-07-11 00:36:24,365 - INFO - Success on 105: 200 - {"IIVALUE": "g", "IIVALUEF": 0}
2024-07-11 00:36:24,672 - INFO - Success on 105: 200 - {"IIVALUE": null, "IIVALUEF": 0}
2024-07-11 00:36:24,994 - INFO - Success on 105: 200 - {"IIVALUE": "S170031C ", "IIVALUEF": 0}
2024-07-11 00:36:25,303 - INFO - Success on 106: 200 - {"SHORT_DESC": "Chemical & Consumables Container", "RQ_VALUE": null, "DESCRIPTION": "Chemical & Consumables Container"}
2024-07-11 00:36:26,485 - INFO - Success on 106: 200 - {"StatusTo": 5}
2024-07-11 00:36:26,829 - INFO - Success on 106: 200 - {"IIVALUE": "AS*L", "IIVALUEF": 0}
2024-07-11 00:36:27,088 - INFO - Success on 106: 200 - {"IIVALUE": null, "IIVALUEF": 0}
2024-07-11 00:36:27,407 - INFO - Success on 106: 200 - {"IIVALUE": null, "IIVALUEF": 0}
2024-07-11 00:36:27,696 - INFO - Success on 106: 200 - {"IIVALUE": null, "IIVALUEF": 0}
2024-07-11 00:36:28,007 - INFO - Success on 106: 200 - {"IIVALUE": "GIC*L", "IIVALUEF": 0}
2024-07-11 00:36:28,367 - INFO - Success on 106: 200 - {"IIVALUE": "Ventilated Cabinet 4", "IIVALUEF": 0}
2024-07-11 00:36:28,643 - INFO - Success on 106: 200 - {"IIVALUE": null, "IIVALUEF": 0}
2024-07-11 00:36:28,953 - INFO - Success on 106: 200 - {"IIVALUE": "Dartevelle, Coralie", "IIVALUEF": 0}
2024-07-11 00:36:29,265 - INFO - Success on 106: 200 - {"IIVALUE": "26780-96-1", "IIVALUEF": 0}
2024-07-11 00:36:29,546 - INFO - Success on 106: 200 - {"IIVALUE": null, "IIVALUEF": 0}
2024-07-11 00:36:29,869 - INFO - Success on 106: 200 - {"IIVALUE": "Method/Project: Chromato", "IIVALUEF": 0}
2024-07-11 00:36:30,172 - INFO - Success on 106: 200 - {"IIVALUE": "Adv. Chemistry", "IIVALUEF": 0}
2024-07-11 00:36:30,445 - INFO - Success on 106: 200 - {"IIVALUE": null, "IIVALUEF": 0}
2024-07-11 00:36:30,812 - INFO - Success on 106: 200 - {"IIVALUE": "Bis-Aniline - Vulkanox HS/LG RB Muster", "IIVALUEF": 0}
2024-07-11 00:36:31,119 - INFO - Success on 106: 200 - {"IIVALUE": "Lanxess", "IIVALUEF": 0}
2024-07-11 00:36:31,380 - INFO - Success on 106: 200 - {"IIVALUE": null, "IIVALUEF": 0}
2024-07-11 00:36:31,681 - INFO - Success on 106: 200 - {"IIVALUE": "g", "IIVALUEF": 0}
2024-07-11 00:36:31,964 - INFO - Success on 106: 200 - {"IIVALUE": null, "IIVALUEF": 0}
2024-07-11 00:36:32,316 - INFO - Success on 106: 200 - {"IIVALUE": "S160772C ", "IIVALUEF": 0}
2024-07-11 00:36:32,663 - INFO - Success on 107: 200 - {"SHORT_DESC": "Chemical & Consumables Container", "RQ_VALUE": null, "DESCRIPTION": "Chemical & Consumables Container"}
2024-07-11 00:36:33,846 - INFO - Success on 107: 200 - {"StatusTo": 5}
2024-07-11 00:36:34,163 - INFO - Success on 107: 200 - {"IIVALUE": "AS*L", "IIVALUEF": 0}
2024-07-11 00:36:34,427 - INFO - Success on 107: 200 - {"IIVALUE": null, "IIVALUEF": 0}
2024-07-11 00:36:34,764 - INFO - Success on 107: 200 - {"IIVALUE": null, "IIVALUEF": 0}
2024-07-11 00:36:35,083 - INFO - Success on 107: 200 - {"IIVALUE": "01/10/2021 12:00:00 AM +00:00", "IIVALUEF": 0}
2024-07-11 00:36:35,430 - INFO - Success on 107: 200 - {"IIVALUE": "GIC*L", "IIVALUEF": 0}
2024-07-11 00:36:35,782 - INFO - Success on 107: 200 - {"IIVALUE": "Ventilated Cabinet 4", "IIVALUEF": 0}
2024-07-11 00:36:36,074 - INFO - Success on 107: 200 - {"IIVALUE": null, "IIVALUEF": 0}
2024-07-11 00:36:36,445 - INFO - Success on 107: 200 - {"IIVALUE": "Dartevelle, Coralie", "IIVALUEF": 0}
2024-07-11 00:36:36,779 - INFO - Success on 107: 200 - {"IIVALUE": "26780-96-1", "IIVALUEF": 0}
2024-07-11 00:36:37,056 - INFO - Success on 107: 200 - {"IIVALUE": null, "IIVALUEF": 0}
2024-07-11 00:36:37,411 - INFO - Success on 107: 200 - {"IIVALUE": "Method/Project: Chromato", "IIVALUEF": 0}
2024-07-11 00:36:37,731 - INFO - Success on 107: 200 - {"IIVALUE": "Adv. Chemistry", "IIVALUEF": 0}
2024-07-11 00:36:37,996 - INFO - Success on 107: 200 - {"IIVALUE": null, "IIVALUEF": 0}
2024-07-11 00:36:38,355 - INFO - Success on 107: 200 - {"IIVALUE": "Bis-Aniline  - Vulkanox HS/LG RB Muster", "IIVALUEF": 0}
2024-07-11 00:36:38,689 - INFO - Success on 107: 200 - {"IIVALUE": "Lanxess", "IIVALUEF": 0}
2024-07-11 00:36:38,964 - INFO - Success on 107: 200 - {"IIVALUE": null, "IIVALUEF": 0}
2024-07-11 00:36:39,354 - INFO - Success on 107: 200 - {"IIVALUE": "g", "IIVALUEF": 0}
2024-07-11 00:36:39,638 - INFO - Success on 107: 200 - {"IIVALUE": null, "IIVALUEF": 0}
2024-07-11 00:36:40,026 - INFO - Success on 107: 200 - {"IIVALUE": "S180723C", "IIVALUEF": 0}
2024-07-11 00:36:40,371 - INFO - Success on 108: 200 - {"SHORT_DESC": "Chemical & Consumables Container", "RQ_VALUE": null, "DESCRIPTION": "Chemical & Consumables Container"}
2024-07-11 00:36:41,585 - INFO - Success on 108: 200 - {"StatusTo": 5}
2024-07-11 00:36:41,906 - INFO - Success on 108: 200 - {"IIVALUE": "AS*L", "IIVALUEF": 0}
2024-07-11 00:36:42,203 - INFO - Success on 108: 200 - {"IIVALUE": null, "IIVALUEF": 0}
2024-07-11 00:36:42,524 - INFO - Success on 108: 200 - {"IIVALUE": null, "IIVALUEF": 0}
2024-07-11 00:36:42,779 - INFO - Success on 108: 200 - {"IIVALUE": null, "IIVALUEF": 0}
2024-07-11 00:36:43,132 - INFO - Success on 108: 200 - {"IIVALUE": "GIC*L", "IIVALUEF": 0}
2024-07-11 00:36:43,460 - INFO - Success on 108: 200 - {"IIVALUE": "Ventilated Cabinet 4", "IIVALUEF": 0}
2024-07-11 00:36:43,712 - INFO - Success on 108: 200 - {"IIVALUE": null, "IIVALUEF": 0}
2024-07-11 00:36:44,019 - INFO - Success on 108: 200 - {"IIVALUE": "Dartevelle, Coralie", "IIVALUEF": 0}
2024-07-11 00:36:44,360 - INFO - Success on 108: 200 - {"IIVALUE": "135-88-6", "IIVALUEF": 0}
2024-07-11 00:36:44,689 - INFO - Success on 108: 200 - {"IIVALUE": "100.0", "IIVALUEF": 0}
2024-07-11 00:36:45,032 - INFO - Success on 108: 200 - {"IIVALUE": "Method/Project: Chromato", "IIVALUEF": 0}
2024-07-11 00:36:45,390 - INFO - Success on 108: 200 - {"IIVALUE": "Adv. Chemistry", "IIVALUEF": 0}
2024-07-11 00:36:45,642 - INFO - Success on 108: 200 - {"IIVALUE": null, "IIVALUEF": 0}
2024-07-11 00:36:45,948 - INFO - Success on 108: 200 - {"IIVALUE": "N-phenyl-2-naphthylamine ", "IIVALUEF": 0}
2024-07-11 00:36:46,284 - INFO - Success on 108: 200 - {"IIVALUE": "Sigma Aldrich", "IIVALUEF": 0}
2024-07-11 00:36:46,584 - INFO - Success on 108: 200 - {"IIVALUE": null, "IIVALUEF": 0}
2024-07-11 00:36:46,913 - INFO - Success on 108: 200 - {"IIVALUE": "g", "IIVALUEF": 0}
2024-07-11 00:36:47,191 - INFO - Success on 108: 200 - {"IIVALUE": null, "IIVALUEF": 0}
2024-07-11 00:36:47,526 - INFO - Success on 108: 200 - {"IIVALUE": "#MKBS7786V", "IIVALUEF": 0}
2024-07-11 00:36:47,868 - INFO - Success on 109: 200 - {"SHORT_DESC": "Chemical & Consumables Container", "RQ_VALUE": null, "DESCRIPTION": "Chemical & Consumables Container"}
2024-07-11 00:36:49,049 - INFO - Success on 109: 200 - {"StatusTo": 5}
2024-07-11 00:36:49,368 - INFO - Success on 109: 200 - {"IIVALUE": "AS*L", "IIVALUEF": 0}
2024-07-11 00:36:49,647 - INFO - Success on 109: 200 - {"IIVALUE": null, "IIVALUEF": 0}
2024-07-11 00:36:49,967 - INFO - Success on 109: 200 - {"IIVALUE": null, "IIVALUEF": 0}
2024-07-11 00:36:50,248 - INFO - Success on 109: 200 - {"IIVALUE": null, "IIVALUEF": 0}
2024-07-11 00:36:50,554 - INFO - Success on 109: 200 - {"IIVALUE": "GIC*L", "IIVALUEF": 0}
2024-07-11 00:36:50,864 - INFO - Success on 109: 200 - {"IIVALUE": "Ventilated Cabinet 4", "IIVALUEF": 0}
2024-07-11 00:36:51,120 - INFO - Success on 109: 200 - {"IIVALUE": null, "IIVALUEF": 0}
2024-07-11 00:36:51,445 - INFO - Success on 109: 200 - {"IIVALUE": "Dartevelle, Coralie", "IIVALUEF": 0}
2024-07-11 00:36:51,730 - INFO - Success on 109: 200 - {"IIVALUE": null, "IIVALUEF": 0}
2024-07-11 00:36:51,981 - INFO - Success on 109: 200 - {"IIVALUE": null, "IIVALUEF": 0}
2024-07-11 00:36:52,298 - INFO - Success on 109: 200 - {"IIVALUE": "Method/Project: Chromato", "IIVALUEF": 0}
2024-07-11 00:36:52,634 - INFO - Success on 109: 200 - {"IIVALUE": "Adv. Chemistry", "IIVALUEF": 0}
2024-07-11 00:36:52,880 - INFO - Success on 109: 200 - {"IIVALUE": null, "IIVALUEF": 0}
2024-07-11 00:36:53,197 - INFO - Success on 109: 200 - {"IIVALUE": "Nailax  - Polystay 100", "IIVALUEF": 0}
2024-07-11 00:36:53,532 - INFO - Success on 109: 200 - {"IIVALUE": "GY", "IIVALUEF": 0}
2024-07-11 00:36:53,791 - INFO - Success on 109: 200 - {"IIVALUE": null, "IIVALUEF": 0}
2024-07-11 00:36:54,158 - INFO - Success on 109: 200 - {"IIVALUE": "g", "IIVALUEF": 0}
2024-07-11 00:36:54,415 - INFO - Success on 109: 200 - {"IIVALUE": null, "IIVALUEF": 0}
2024-07-11 00:36:54,716 - INFO - Success on 109: 200 - {"IIVALUE": "S031994C", "IIVALUEF": 0}
2024-07-11 00:36:55,014 - INFO - Success on 110: 200 - {"SHORT_DESC": "Chemical & Consumables Container", "RQ_VALUE": null, "DESCRIPTION": "Chemical & Consumables Container"}
2024-07-11 00:36:56,192 - INFO - Success on 110: 200 - {"StatusTo": 5}
2024-07-11 00:36:56,600 - INFO - Success on 110: 200 - {"IIVALUE": "AS*L", "IIVALUEF": 0}
2024-07-11 00:36:56,855 - INFO - Success on 110: 200 - {"IIVALUE": null, "IIVALUEF": 0}
2024-07-11 00:36:57,237 - INFO - Success on 110: 200 - {"IIVALUE": null, "IIVALUEF": 0}
2024-07-11 00:36:57,556 - INFO - Success on 110: 200 - {"IIVALUE": "01/06/2018 12:00:00 AM +00:00", "IIVALUEF": 0}
2024-07-11 00:36:57,866 - INFO - Success on 110: 200 - {"IIVALUE": "GIC*L", "IIVALUEF": 0}
2024-07-11 00:36:58,165 - INFO - Success on 110: 200 - {"IIVALUE": "Ventilated Cabinet 4", "IIVALUEF": 0}
2024-07-11 00:36:58,425 - INFO - Success on 110: 200 - {"IIVALUE": null, "IIVALUEF": 0}
2024-07-11 00:36:58,760 - INFO - Success on 110: 200 - {"IIVALUE": "Dartevelle, Coralie", "IIVALUEF": 0}
2024-07-11 00:36:59,095 - INFO - Success on 110: 200 - {"IIVALUE": "793-24-8", "IIVALUEF": 0}
2024-07-11 00:36:59,396 - INFO - Success on 110: 200 - {"IIVALUE": "5.0", "IIVALUEF": 0}
2024-07-11 00:36:59,699 - INFO - Success on 110: 200 - {"IIVALUE": "Method/Project: Chromato", "IIVALUEF": 0}
2024-07-11 00:37:00,025 - INFO - Success on 110: 200 - {"IIVALUE": "Adv. Chemistry", "IIVALUEF": 0}
2024-07-11 00:37:00,276 - INFO - Success on 110: 200 - {"IIVALUE": null, "IIVALUEF": 0}
2024-07-11 00:37:00,598 - INFO - Success on 110: 200 - {"IIVALUE": "Zonflax  - Santoflex 6PPD", "IIVALUEF": 0}
2024-07-11 00:37:00,931 - INFO - Success on 110: 200 - {"IIVALUE": "Eastman", "IIVALUEF": 0}
2024-07-11 00:37:01,185 - INFO - Success on 110: 200 - {"IIVALUE": null, "IIVALUEF": 0}
2024-07-11 00:37:01,506 - INFO - Success on 110: 200 - {"IIVALUE": "g", "IIVALUEF": 0}
2024-07-11 00:37:01,757 - INFO - Success on 110: 200 - {"IIVALUE": null, "IIVALUEF": 0}
2024-07-11 00:37:02,063 - INFO - Success on 110: 200 - {"IIVALUE": "S180250C", "IIVALUEF": 0}
2024-07-11 00:37:02,367 - INFO - Success on 111: 200 - {"SHORT_DESC": "Chemical & Consumables Container", "RQ_VALUE": null, "DESCRIPTION": "Chemical & Consumables Container"}
2024-07-11 00:37:03,554 - INFO - Success on 111: 200 - {"StatusTo": 5}
2024-07-11 00:37:03,868 - INFO - Success on 111: 200 - {"IIVALUE": "AS*L", "IIVALUEF": 0}
2024-07-11 00:37:04,131 - INFO - Success on 111: 200 - {"IIVALUE": null, "IIVALUEF": 0}
2024-07-11 00:37:04,442 - INFO - Success on 111: 200 - {"IIVALUE": null, "IIVALUEF": 0}
2024-07-11 00:37:04,742 - INFO - Success on 111: 200 - {"IIVALUE": "01/02/2020 12:00:00 AM +00:00", "IIVALUEF": 0}
2024-07-11 00:37:05,038 - INFO - Success on 111: 200 - {"IIVALUE": "GIC*L", "IIVALUEF": 0}
2024-07-11 00:37:05,359 - INFO - Success on 111: 200 - {"IIVALUE": "Ventilated Cabinet 4", "IIVALUEF": 0}
2024-07-11 00:37:05,617 - INFO - Success on 111: 200 - {"IIVALUE": null, "IIVALUEF": 0}
2024-07-11 00:37:05,941 - INFO - Success on 111: 200 - {"IIVALUE": "Dartevelle, Coralie", "IIVALUEF": 0}
2024-07-11 00:37:06,247 - INFO - Success on 111: 200 - {"IIVALUE": "793-24-8", "IIVALUEF": 0}
2024-07-11 00:37:06,559 - INFO - Success on 111: 200 - {"IIVALUE": "100.0", "IIVALUEF": 0}
2024-07-11 00:37:06,875 - INFO - Success on 111: 200 - {"IIVALUE": "Method/Project: Chromato", "IIVALUEF": 0}
2024-07-11 00:37:07,179 - INFO - Success on 111: 200 - {"IIVALUE": "Adv. Chemistry", "IIVALUEF": 0}
2024-07-11 00:37:07,441 - INFO - Success on 111: 200 - {"IIVALUE": null, "IIVALUEF": 0}
2024-07-11 00:37:07,770 - INFO - Success on 111: 200 - {"IIVALUE": "Zonflax  - Vulkanox 4020 LG", "IIVALUEF": 0}
2024-07-11 00:37:08,085 - INFO - Success on 111: 200 - {"IIVALUE": "LANXESS", "IIVALUEF": 0}
2024-07-11 00:37:08,339 - INFO - Success on 111: 200 - {"IIVALUE": null, "IIVALUEF": 0}
2024-07-11 00:37:08,643 - INFO - Success on 111: 200 - {"IIVALUE": "mg", "IIVALUEF": 0}
2024-07-11 00:37:08,891 - INFO - Success on 111: 200 - {"IIVALUE": null, "IIVALUEF": 0}
2024-07-11 00:37:09,224 - INFO - Success on 111: 200 - {"IIVALUE": "S180095C", "IIVALUEF": 0}
2024-07-11 00:37:09,523 - INFO - Success on 112: 200 - {"SHORT_DESC": "Chemical & Consumables Container", "RQ_VALUE": null, "DESCRIPTION": "Chemical & Consumables Container"}
2024-07-11 00:37:10,696 - INFO - Success on 112: 200 - {"StatusTo": 5}
2024-07-11 00:37:11,006 - INFO - Success on 112: 200 - {"IIVALUE": "AS*L", "IIVALUEF": 0}
2024-07-11 00:37:11,281 - INFO - Success on 112: 200 - {"IIVALUE": null, "IIVALUEF": 0}
2024-07-11 00:37:11,580 - INFO - Success on 112: 200 - {"IIVALUE": null, "IIVALUEF": 0}
2024-07-11 00:37:11,894 - INFO - Success on 112: 200 - {"IIVALUE": "01/10/2013 12:00:00 AM +00:00", "IIVALUEF": 0}
2024-07-11 00:37:12,211 - INFO - Success on 112: 200 - {"IIVALUE": "GIC*L", "IIVALUEF": 0}
2024-07-11 00:37:12,508 - INFO - Success on 112: 200 - {"IIVALUE": "Ventilated Cabinet 4", "IIVALUEF": 0}
2024-07-11 00:37:12,759 - INFO - Success on 112: 200 - {"IIVALUE": null, "IIVALUEF": 0}
2024-07-11 00:37:13,065 - INFO - Success on 112: 200 - {"IIVALUE": "Dartevelle, Coralie", "IIVALUEF": 0}
2024-07-11 00:37:13,371 - INFO - Success on 112: 200 - {"IIVALUE": "135-57-9", "IIVALUEF": 0}
2024-07-11 00:37:13,628 - INFO - Success on 112: 200 - {"IIVALUE": null, "IIVALUEF": 0}
2024-07-11 00:37:13,926 - INFO - Success on 112: 200 - {"IIVALUE": "Method/Project: Chromato", "IIVALUEF": 0}
2024-07-11 00:37:14,240 - INFO - Success on 112: 200 - {"IIVALUE": "Adv. Chemistry", "IIVALUEF": 0}
2024-07-11 00:37:14,497 - INFO - Success on 112: 200 - {"IIVALUE": null, "IIVALUEF": 0}
2024-07-11 00:37:14,797 - INFO - Success on 112: 200 - {"IIVALUE": "Renardic  - 2,2-dibenzamidodiphenyldisulfide - DBD", "IIVALUEF": 0}
2024-07-11 00:37:15,112 - INFO - Success on 112: 200 - {"IIVALUE": "LANXESS", "IIVALUEF": 0}
2024-07-11 00:37:15,387 - INFO - Success on 112: 200 - {"IIVALUE": null, "IIVALUEF": 0}
2024-07-11 00:37:15,697 - INFO - Success on 112: 200 - {"IIVALUE": "g", "IIVALUEF": 0}
2024-07-11 00:37:15,953 - INFO - Success on 112: 200 - {"IIVALUE": null, "IIVALUEF": 0}
2024-07-11 00:37:16,272 - INFO - Success on 112: 200 - {"IIVALUE": "S120164C", "IIVALUEF": 0}
2024-07-11 00:37:16,583 - INFO - Success on 113: 200 - {"SHORT_DESC": "Chemical & Consumables Container", "RQ_VALUE": null, "DESCRIPTION": "Chemical & Consumables Container"}
2024-07-11 00:37:17,773 - INFO - Success on 113: 200 - {"StatusTo": 5}
2024-07-11 00:37:18,117 - INFO - Success on 113: 200 - {"IIVALUE": "AS*L", "IIVALUEF": 0}
2024-07-11 00:37:18,367 - INFO - Success on 113: 200 - {"IIVALUE": null, "IIVALUEF": 0}
2024-07-11 00:37:18,690 - INFO - Success on 113: 200 - {"IIVALUE": null, "IIVALUEF": 0}
2024-07-11 00:37:18,992 - INFO - Success on 113: 200 - {"IIVALUE": "01/10/2009 12:00:00 AM +00:00", "IIVALUEF": 0}
2024-07-11 00:37:19,306 - INFO - Success on 113: 200 - {"IIVALUE": "GIC*L", "IIVALUEF": 0}
2024-07-11 00:37:19,612 - INFO - Success on 113: 200 - {"IIVALUE": "Ventilated Cabinet 4", "IIVALUEF": 0}
2024-07-11 00:37:19,887 - INFO - Success on 113: 200 - {"IIVALUE": null, "IIVALUEF": 0}
2024-07-11 00:37:20,232 - INFO - Success on 113: 200 - {"IIVALUE": "Dartevelle, Coralie", "IIVALUEF": 0}
2024-07-11 00:37:20,533 - INFO - Success on 113: 200 - {"IIVALUE": "135-57-9", "IIVALUEF": 0}
2024-07-11 00:37:20,779 - INFO - Success on 113: 200 - {"IIVALUE": null, "IIVALUEF": 0}
2024-07-11 00:37:21,099 - INFO - Success on 113: 200 - {"IIVALUE": "Method/Project: Chromato", "IIVALUEF": 0}
2024-07-11 00:37:21,457 - INFO - Success on 113: 200 - {"IIVALUE": "Adv. Chemistry", "IIVALUEF": 0}
2024-07-11 00:37:21,725 - INFO - Success on 113: 200 - {"IIVALUE": null, "IIVALUEF": 0}
2024-07-11 00:37:22,023 - INFO - Success on 113: 200 - {"IIVALUE": "Renardic  - 2,2-dibenzamidodiphenyldisulfide - DBD", "IIVALUEF": 0}
2024-07-11 00:37:22,328 - INFO - Success on 113: 200 - {"IIVALUE": "LANXESS", "IIVALUEF": 0}
2024-07-11 00:37:22,589 - INFO - Success on 113: 200 - {"IIVALUE": null, "IIVALUEF": 0}
2024-07-11 00:37:22,937 - INFO - Success on 113: 200 - {"IIVALUE": "g", "IIVALUEF": 0}
2024-07-11 00:37:23,200 - INFO - Success on 113: 200 - {"IIVALUE": null, "IIVALUEF": 0}
2024-07-11 00:37:23,492 - INFO - Success on 113: 200 - {"IIVALUE": "S090016C", "IIVALUEF": 0}
2024-07-11 00:37:23,810 - INFO - Success on 114: 200 - {"SHORT_DESC": "Chemical & Consumables Container", "RQ_VALUE": null, "DESCRIPTION": "Chemical & Consumables Container"}
2024-07-11 00:37:24,991 - INFO - Success on 114: 200 - {"StatusTo": 5}
2024-07-11 00:37:25,317 - INFO - Success on 114: 200 - {"IIVALUE": "AS*L", "IIVALUEF": 0}
2024-07-11 00:37:25,566 - INFO - Success on 114: 200 - {"IIVALUE": null, "IIVALUEF": 0}
2024-07-11 00:37:25,865 - INFO - Success on 114: 200 - {"IIVALUE": "09/15/2023 12:00:00 AM +00:00", "IIVALUEF": 0}
2024-07-11 00:37:26,200 - INFO - Success on 114: 200 - {"IIVALUE": "09/14/2026 12:00:00 AM +00:00", "IIVALUEF": 0}
2024-07-11 00:37:26,556 - INFO - Success on 114: 200 - {"IIVALUE": "GIC*L", "IIVALUEF": 0}
2024-07-11 00:37:26,868 - INFO - Success on 114: 200 - {"IIVALUE": "Ventilated Cabinet 4", "IIVALUEF": 0}
2024-07-11 00:37:27,127 - INFO - Success on 114: 200 - {"IIVALUE": null, "IIVALUEF": 0}
2024-07-11 00:37:27,424 - INFO - Success on 114: 200 - {"IIVALUE": "ACF", "IIVALUEF": 0}
2024-07-11 00:37:27,724 - INFO - Success on 114: 200 - {"IIVALUE": "119-61-9", "IIVALUEF": 0}
2024-07-11 00:37:28,046 - INFO - Success on 114: 200 - {"IIVALUE": "500.0", "IIVALUEF": 0}
2024-07-11 00:37:28,297 - INFO - Success on 114: 200 - {"IIVALUE": null, "IIVALUEF": 0}
2024-07-11 00:37:28,613 - INFO - Success on 114: 200 - {"IIVALUE": "Adv. Chemistry", "IIVALUEF": 0}
2024-07-11 00:37:28,896 - INFO - Success on 114: 200 - {"IIVALUE": null, "IIVALUEF": 0}
2024-07-11 00:37:29,228 - INFO - Success on 114: 200 - {"IIVALUE": "f", "IIVALUEF": 0}
2024-07-11 00:37:29,544 - INFO - Success on 114: 200 - {"IIVALUE": "Sigma Aldrich", "IIVALUEF": 0}
2024-07-11 00:37:29,813 - INFO - Success on 114: 200 - {"IIVALUE": null, "IIVALUEF": 0}
2024-07-11 00:37:30,161 - INFO - Success on 114: 200 - {"IIVALUE": "g", "IIVALUEF": 0}
2024-07-11 00:37:30,411 - INFO - Success on 114: 200 - {"IIVALUE": null, "IIVALUEF": 0}
2024-07-11 00:37:30,659 - INFO - Success on 114: 200 - {"IIVALUE": null, "IIVALUEF": 0}
2024-07-11 00:37:30,982 - INFO - Success on 115: 200 - {"SHORT_DESC": "Chemical & Consumables Container", "RQ_VALUE": null, "DESCRIPTION": "Chemical & Consumables Container"}
2024-07-11 00:37:32,165 - INFO - Success on 115: 200 - {"StatusTo": 5}
2024-07-11 00:37:32,495 - INFO - Success on 115: 200 - {"IIVALUE": "AS*L", "IIVALUEF": 0}
2024-07-11 00:37:32,746 - INFO - Success on 115: 200 - {"IIVALUE": null, "IIVALUEF": 0}
2024-07-11 00:37:33,059 - INFO - Success on 115: 200 - {"IIVALUE": "09/15/2023 12:00:00 AM +00:00", "IIVALUEF": 0}
2024-07-11 00:37:33,430 - INFO - Success on 115: 200 - {"IIVALUE": "09/14/2026 12:00:00 AM +00:00", "IIVALUEF": 0}
2024-07-11 00:37:33,753 - INFO - Success on 115: 200 - {"IIVALUE": "GIC*L", "IIVALUEF": 0}
2024-07-11 00:37:34,115 - INFO - Success on 115: 200 - {"IIVALUE": "Ventilated Cabinet 4", "IIVALUEF": 0}
2024-07-11 00:37:34,378 - INFO - Success on 115: 200 - {"IIVALUE": null, "IIVALUEF": 0}
2024-07-11 00:37:34,705 - INFO - Success on 115: 200 - {"IIVALUE": "ACF", "IIVALUEF": 0}
2024-07-11 00:37:35,037 - INFO - Success on 115: 200 - {"IIVALUE": "141-43-5", "IIVALUEF": 0}
2024-07-11 00:37:35,370 - INFO - Success on 115: 200 - {"IIVALUE": "100.0", "IIVALUEF": 0}
2024-07-11 00:37:35,674 - INFO - Success on 115: 200 - {"IIVALUE": null, "IIVALUEF": 0}
2024-07-11 00:37:35,978 - INFO - Success on 115: 200 - {"IIVALUE": "Adv. Chemistry", "IIVALUEF": 0}
2024-07-11 00:37:36,272 - INFO - Success on 115: 200 - {"IIVALUE": null, "IIVALUEF": 0}
2024-07-11 00:37:36,598 - INFO - Success on 115: 200 - {"IIVALUE": "Ethanolamin ", "IIVALUEF": 0}
2024-07-11 00:37:36,947 - INFO - Success on 115: 200 - {"IIVALUE": "Merck", "IIVALUEF": 0}
2024-07-11 00:37:37,213 - INFO - Success on 115: 200 - {"IIVALUE": null, "IIVALUEF": 0}
2024-07-11 00:37:37,540 - INFO - Success on 115: 200 - {"IIVALUE": "mL", "IIVALUEF": 0}
2024-07-11 00:37:37,788 - INFO - Success on 115: 200 - {"IIVALUE": null, "IIVALUEF": 0}
2024-07-11 00:37:38,152 - INFO - Success on 115: 200 - {"IIVALUE": "K752343", "IIVALUEF": 0}
2024-07-11 00:37:38,524 - INFO - Success on 116: 200 - {"SHORT_DESC": "Chemical & Consumables Container", "RQ_VALUE": null, "DESCRIPTION": "Chemical & Consumables Container"}
2024-07-11 00:37:39,702 - INFO - Success on 116: 200 - {"StatusTo": 5}
2024-07-11 00:37:40,040 - INFO - Success on 116: 200 - {"IIVALUE": "AS*L", "IIVALUEF": 0}
2024-07-11 00:37:40,285 - INFO - Success on 116: 200 - {"IIVALUE": null, "IIVALUEF": 0}
2024-07-11 00:37:40,589 - INFO - Success on 116: 200 - {"IIVALUE": "09/15/2023 12:00:00 AM +00:00", "IIVALUEF": 0}
2024-07-11 00:37:40,894 - INFO - Success on 116: 200 - {"IIVALUE": "09/14/2026 12:00:00 AM +00:00", "IIVALUEF": 0}
2024-07-11 00:37:41,232 - INFO - Success on 116: 200 - {"IIVALUE": "GIC*L", "IIVALUEF": 0}
2024-07-11 00:37:41,573 - INFO - Success on 116: 200 - {"IIVALUE": "Ventilated Cabinet 4", "IIVALUEF": 0}
2024-07-11 00:37:41,853 - INFO - Success on 116: 200 - {"IIVALUE": null, "IIVALUEF": 0}
2024-07-11 00:37:42,165 - INFO - Success on 116: 200 - {"IIVALUE": "ACF", "IIVALUEF": 0}
2024-07-11 00:37:42,468 - INFO - Success on 116: 200 - {"IIVALUE": "102-71-6", "IIVALUEF": 0}
2024-07-11 00:37:42,776 - INFO - Success on 116: 200 - {"IIVALUE": "100.0", "IIVALUEF": 0}
2024-07-11 00:37:43,034 - INFO - Success on 116: 200 - {"IIVALUE": null, "IIVALUEF": 0}
2024-07-11 00:37:43,344 - INFO - Success on 116: 200 - {"IIVALUE": "Adv. Chemistry", "IIVALUEF": 0}
2024-07-11 00:37:43,592 - INFO - Success on 116: 200 - {"IIVALUE": null, "IIVALUEF": 0}
2024-07-11 00:37:43,944 - INFO - Success on 116: 200 - {"IIVALUE": "Triethanolamin ", "IIVALUEF": 0}
2024-07-11 00:37:44,258 - INFO - Success on 116: 200 - {"IIVALUE": "Merck", "IIVALUEF": 0}
2024-07-11 00:37:44,505 - INFO - Success on 116: 200 - {"IIVALUE": null, "IIVALUEF": 0}
2024-07-11 00:37:44,812 - INFO - Success on 116: 200 - {"IIVALUE": "mL", "IIVALUEF": 0}
2024-07-11 00:37:45,067 - INFO - Success on 116: 200 - {"IIVALUE": null, "IIVALUEF": 0}
2024-07-11 00:37:45,383 - INFO - Success on 116: 200 - {"IIVALUE": "K2832757", "IIVALUEF": 0}
2024-07-11 00:37:45,693 - INFO - Success on 117: 200 - {"SHORT_DESC": "Chemical & Consumables Container", "RQ_VALUE": null, "DESCRIPTION": "Chemical & Consumables Container"}
2024-07-11 00:37:46,870 - INFO - Success on 117: 200 - {"StatusTo": 5}
2024-07-11 00:37:47,177 - INFO - Success on 117: 200 - {"IIVALUE": "AS*L", "IIVALUEF": 0}
2024-07-11 00:37:47,452 - INFO - Success on 117: 200 - {"IIVALUE": null, "IIVALUEF": 0}
2024-07-11 00:37:47,780 - INFO - Success on 117: 200 - {"IIVALUE": null, "IIVALUEF": 0}
2024-07-11 00:37:48,052 - INFO - Success on 117: 200 - {"IIVALUE": null, "IIVALUEF": 0}
2024-07-11 00:37:48,356 - INFO - Success on 117: 200 - {"IIVALUE": "GIC*L", "IIVALUEF": 0}
2024-07-11 00:37:48,695 - INFO - Success on 117: 200 - {"IIVALUE": "Ventilated Cabinet 4", "IIVALUEF": 0}
2024-07-11 00:37:48,977 - INFO - Success on 117: 200 - {"IIVALUE": null, "IIVALUEF": 0}
2024-07-11 00:37:49,290 - INFO - Success on 117: 200 - {"IIVALUE": "Dartevelle, Coralie", "IIVALUEF": 0}
2024-07-11 00:37:49,605 - INFO - Success on 117: 200 - {"IIVALUE": "220727-26-4", "IIVALUEF": 0}
2024-07-11 00:37:49,908 - INFO - Success on 117: 200 - {"IIVALUE": "25.0", "IIVALUEF": 0}
2024-07-11 00:37:50,218 - INFO - Success on 117: 200 - {"IIVALUE": "Method/Project: Chromato", "IIVALUEF": 0}
2024-07-11 00:37:50,522 - INFO - Success on 117: 200 - {"IIVALUE": "Adv. Chemistry", "IIVALUEF": 0}
2024-07-11 00:37:50,811 - INFO - Success on 117: 200 - {"IIVALUE": null, "IIVALUEF": 0}
2024-07-11 00:37:51,119 - INFO - Success on 117: 200 - {"IIVALUE": "S-(octanoyl)mercaptopropyltriethoxysilane ", "IIVALUEF": 0}
2024-07-11 00:37:51,454 - INFO - Success on 117: 200 - {"IIVALUE": "abcr", "IIVALUEF": 0}
2024-07-11 00:37:51,753 - INFO - Success on 117: 200 - {"IIVALUE": null, "IIVALUEF": 0}
2024-07-11 00:37:52,087 - INFO - Success on 117: 200 - {"IIVALUE": "g", "IIVALUEF": 0}
2024-07-11 00:37:52,348 - INFO - Success on 117: 200 - {"IIVALUE": null, "IIVALUEF": 0}
2024-07-11 00:37:52,660 - INFO - Success on 117: 200 - {"IIVALUE": "#1368011", "IIVALUEF": 0}
2024-07-11 00:37:52,972 - INFO - Success on 118: 200 - {"SHORT_DESC": "Chemical & Consumables Container", "RQ_VALUE": null, "DESCRIPTION": "Chemical & Consumables Container"}
2024-07-11 00:37:55,117 - INFO - Success on 118: 200 - {"StatusTo": 5}
2024-07-11 00:37:55,442 - INFO - Success on 118: 200 - {"IIVALUE": "AS*L", "IIVALUEF": 0}
2024-07-11 00:37:55,700 - INFO - Success on 118: 200 - {"IIVALUE": null, "IIVALUEF": 0}
2024-07-11 00:37:56,009 - INFO - Success on 118: 200 - {"IIVALUE": null, "IIVALUEF": 0}
2024-07-11 00:37:56,288 - INFO - Success on 118: 200 - {"IIVALUE": null, "IIVALUEF": 0}
2024-07-11 00:37:56,615 - INFO - Success on 118: 200 - {"IIVALUE": "GIC*L", "IIVALUEF": 0}
2024-07-11 00:37:56,909 - INFO - Success on 118: 200 - {"IIVALUE": "Ventilated Cabinet 4", "IIVALUEF": 0}
2024-07-11 00:37:57,187 - INFO - Success on 118: 200 - {"IIVALUE": null, "IIVALUEF": 0}
2024-07-11 00:37:57,489 - INFO - Success on 118: 200 - {"IIVALUE": "Dartevelle, Coralie", "IIVALUEF": 0}
2024-07-11 00:37:57,803 - INFO - Success on 118: 200 - {"IIVALUE": "1120-21-4", "IIVALUEF": 0}
2024-07-11 00:37:58,099 - INFO - Success on 118: 200 - {"IIVALUE": "25.0", "IIVALUEF": 0}
2024-07-11 00:37:58,426 - INFO - Success on 118: 200 - {"IIVALUE": "Method/Project: Chromato", "IIVALUEF": 0}
2024-07-11 00:37:58,746 - INFO - Success on 118: 200 - {"IIVALUE": "Adv. Chemistry", "IIVALUEF": 0}
2024-07-11 00:37:58,987 - INFO - Success on 118: 200 - {"IIVALUE": null, "IIVALUEF": 0}
2024-07-11 00:37:59,322 - INFO - Success on 118: 200 - {"IIVALUE": "undecane ", "IIVALUEF": 0}
2024-07-11 00:37:59,637 - INFO - Success on 118: 200 - {"IIVALUE": "Sigma Aldrich", "IIVALUEF": 0}
2024-07-11 00:37:59,900 - INFO - Success on 118: 200 - {"IIVALUE": null, "IIVALUEF": 0}
2024-07-11 00:38:00,244 - INFO - Success on 118: 200 - {"IIVALUE": "mL", "IIVALUEF": 0}
2024-07-11 00:38:00,509 - INFO - Success on 118: 200 - {"IIVALUE": null, "IIVALUEF": 0}
2024-07-11 00:38:00,832 - INFO - Success on 118: 200 - {"IIVALUE": "#MKCB9021", "IIVALUEF": 0}
2024-07-11 00:38:01,126 - INFO - Success on 119: 200 - {"SHORT_DESC": "Chemical & Consumables Container", "RQ_VALUE": null, "DESCRIPTION": "Chemical & Consumables Container"}
2024-07-11 00:38:02,332 - INFO - Success on 119: 200 - {"StatusTo": 5}
2024-07-11 00:38:02,671 - INFO - Success on 119: 200 - {"IIVALUE": "AS*L", "IIVALUEF": 0}
2024-07-11 00:38:02,924 - INFO - Success on 119: 200 - {"IIVALUE": null, "IIVALUEF": 0}
2024-07-11 00:38:03,246 - INFO - Success on 119: 200 - {"IIVALUE": null, "IIVALUEF": 0}
2024-07-11 00:38:03,513 - INFO - Success on 119: 200 - {"IIVALUE": null, "IIVALUEF": 0}
2024-07-11 00:38:03,857 - INFO - Success on 119: 200 - {"IIVALUE": "GIC*L", "IIVALUEF": 0}
2024-07-11 00:38:04,165 - INFO - Success on 119: 200 - {"IIVALUE": "Ventilated Cabinet 4", "IIVALUEF": 0}
2024-07-11 00:38:04,429 - INFO - Success on 119: 200 - {"IIVALUE": null, "IIVALUEF": 0}
2024-07-11 00:38:04,763 - INFO - Success on 119: 200 - {"IIVALUE": "Dartevelle, Coralie", "IIVALUEF": 0}
2024-07-11 00:38:05,075 - INFO - Success on 119: 200 - {"IIVALUE": "102-82-9", "IIVALUEF": 0}
2024-07-11 00:38:05,382 - INFO - Success on 119: 200 - {"IIVALUE": "25.0", "IIVALUEF": 0}
2024-07-11 00:38:05,682 - INFO - Success on 119: 200 - {"IIVALUE": "Method/Project: Chromato", "IIVALUEF": 0}
2024-07-11 00:38:05,980 - INFO - Success on 119: 200 - {"IIVALUE": "Adv. Chemistry", "IIVALUEF": 0}
2024-07-11 00:38:06,237 - INFO - Success on 119: 200 - {"IIVALUE": null, "IIVALUEF": 0}
2024-07-11 00:38:06,569 - INFO - Success on 119: 200 - {"IIVALUE": "Tributylamine ", "IIVALUEF": 0}
2024-07-11 00:38:06,888 - INFO - Success on 119: 200 - {"IIVALUE": "Honeywell", "IIVALUEF": 0}
2024-07-11 00:38:07,142 - INFO - Success on 119: 200 - {"IIVALUE": null, "IIVALUEF": 0}
2024-07-11 00:38:07,455 - INFO - Success on 119: 200 - {"IIVALUE": "mL", "IIVALUEF": 0}
2024-07-11 00:38:07,696 - INFO - Success on 119: 200 - {"IIVALUE": null, "IIVALUEF": 0}
2024-07-11 00:38:08,015 - INFO - Success on 119: 200 - {"IIVALUE": "#G3400", "IIVALUEF": 0}
2024-07-11 00:38:08,327 - INFO - Success on 120: 200 - {"SHORT_DESC": "Chemical & Consumables Container", "RQ_VALUE": null, "DESCRIPTION": "Chemical & Consumables Container"}
2024-07-11 00:38:09,510 - INFO - Success on 120: 200 - {"StatusTo": 5}
2024-07-11 00:38:09,821 - INFO - Success on 120: 200 - {"IIVALUE": "AS*L", "IIVALUEF": 0}
2024-07-11 00:38:10,066 - INFO - Success on 120: 200 - {"IIVALUE": null, "IIVALUEF": 0}
2024-07-11 00:38:10,386 - INFO - Success on 120: 200 - {"IIVALUE": null, "IIVALUEF": 0}
2024-07-11 00:38:10,663 - INFO - Success on 120: 200 - {"IIVALUE": null, "IIVALUEF": 0}
2024-07-11 00:38:10,984 - INFO - Success on 120: 200 - {"IIVALUE": "GIC*L", "IIVALUEF": 0}
2024-07-11 00:38:11,300 - INFO - Success on 120: 200 - {"IIVALUE": "Ventilated Cabinet 4", "IIVALUEF": 0}
2024-07-11 00:38:11,576 - INFO - Success on 120: 200 - {"IIVALUE": null, "IIVALUEF": 0}
2024-07-11 00:38:11,878 - INFO - Success on 120: 200 - {"IIVALUE": "Dartevelle, Coralie", "IIVALUEF": 0}
2024-07-11 00:38:12,188 - INFO - Success on 120: 200 - {"IIVALUE": "5089-70-3", "IIVALUEF": 0}
2024-07-11 00:38:12,482 - INFO - Success on 120: 200 - {"IIVALUE": "100.0", "IIVALUEF": 0}
2024-07-11 00:38:12,792 - INFO - Success on 120: 200 - {"IIVALUE": "Method/Project: Chromato", "IIVALUEF": 0}
2024-07-11 00:38:13,093 - INFO - Success on 120: 200 - {"IIVALUE": "Adv. Chemistry", "IIVALUEF": 0}
2024-07-11 00:38:13,353 - INFO - Success on 120: 200 - {"IIVALUE": null, "IIVALUEF": 0}
2024-07-11 00:38:13,681 - INFO - Success on 120: 200 - {"IIVALUE": "(3-chloropropyl)triethoxysilane", "IIVALUEF": 0}
2024-07-11 00:38:13,989 - INFO - Success on 120: 200 - {"IIVALUE": "Sigma Aldrich", "IIVALUEF": 0}
2024-07-11 00:38:14,231 - INFO - Success on 120: 200 - {"IIVALUE": null, "IIVALUEF": 0}
2024-07-11 00:38:14,559 - INFO - Success on 120: 200 - {"IIVALUE": "mL", "IIVALUEF": 0}
2024-07-11 00:38:14,816 - INFO - Success on 120: 200 - {"IIVALUE": null, "IIVALUEF": 0}
2024-07-11 00:38:15,136 - INFO - Success on 120: 200 - {"IIVALUE": "#SHBD8451V", "IIVALUEF": 0}
2024-07-11 00:38:15,446 - INFO - Success on 121: 200 - {"SHORT_DESC": "Chemical & Consumables Container", "RQ_VALUE": null, "DESCRIPTION": "Chemical & Consumables Container"}
2024-07-11 00:38:16,634 - INFO - Success on 121: 200 - {"StatusTo": 5}
2024-07-11 00:38:16,969 - INFO - Success on 121: 200 - {"IIVALUE": "AS*L", "IIVALUEF": 0}
2024-07-11 00:38:17,231 - INFO - Success on 121: 200 - {"IIVALUE": null, "IIVALUEF": 0}
2024-07-11 00:38:17,530 - INFO - Success on 121: 200 - {"IIVALUE": null, "IIVALUEF": 0}
2024-07-11 00:38:17,782 - INFO - Success on 121: 200 - {"IIVALUE": null, "IIVALUEF": 0}
2024-07-11 00:38:18,092 - INFO - Success on 121: 200 - {"IIVALUE": "GIC*L", "IIVALUEF": 0}
2024-07-11 00:38:18,383 - INFO - Success on 121: 200 - {"IIVALUE": "Ventilated Cabinet 4", "IIVALUEF": 0}
2024-07-11 00:38:18,645 - INFO - Success on 121: 200 - {"IIVALUE": null, "IIVALUEF": 0}
2024-07-11 00:38:18,983 - INFO - Success on 121: 200 - {"IIVALUE": "Dartevelle, Coralie", "IIVALUEF": 0}
2024-07-11 00:38:19,334 - INFO - Success on 121: 200 - {"IIVALUE": "14814-09-6", "IIVALUEF": 0}
2024-07-11 00:38:19,635 - INFO - Success on 121: 200 - {"IIVALUE": "25.0", "IIVALUEF": 0}
2024-07-11 00:38:19,943 - INFO - Success on 121: 200 - {"IIVALUE": "Method/Project: Chromato", "IIVALUEF": 0}
2024-07-11 00:38:20,306 - INFO - Success on 121: 200 - {"IIVALUE": "Adv. Chemistry", "IIVALUEF": 0}
2024-07-11 00:38:20,568 - INFO - Success on 121: 200 - {"IIVALUE": null, "IIVALUEF": 0}
2024-07-11 00:38:20,863 - INFO - Success on 121: 200 - {"IIVALUE": "(3-mercaptopropyl)triethoxysilane", "IIVALUEF": 0}
2024-07-11 00:38:21,180 - INFO - Success on 121: 200 - {"IIVALUE": "Alfa Aesar", "IIVALUEF": 0}
2024-07-11 00:38:21,440 - INFO - Success on 121: 200 - {"IIVALUE": null, "IIVALUEF": 0}
2024-07-11 00:38:21,741 - INFO - Success on 121: 200 - {"IIVALUE": "g", "IIVALUEF": 0}
2024-07-11 00:38:21,993 - INFO - Success on 121: 200 - {"IIVALUE": null, "IIVALUEF": 0}
2024-07-11 00:38:22,305 - INFO - Success on 121: 200 - {"IIVALUE": "#10196688", "IIVALUEF": 0}
2024-07-11 00:38:22,622 - INFO - Success on 122: 200 - {"SHORT_DESC": "Chemical & Consumables Container", "RQ_VALUE": null, "DESCRIPTION": "Chemical & Consumables Container"}
2024-07-11 00:38:23,806 - INFO - Success on 122: 200 - {"StatusTo": 5}
2024-07-11 00:38:24,113 - INFO - Success on 122: 200 - {"IIVALUE": "AS*L", "IIVALUEF": 0}
2024-07-11 00:38:24,358 - INFO - Success on 122: 200 - {"IIVALUE": null, "IIVALUEF": 0}
2024-07-11 00:38:24,679 - INFO - Success on 122: 200 - {"IIVALUE": null, "IIVALUEF": 0}
2024-07-11 00:38:24,927 - INFO - Success on 122: 200 - {"IIVALUE": null, "IIVALUEF": 0}
2024-07-11 00:38:25,225 - INFO - Success on 122: 200 - {"IIVALUE": "GIC*L", "IIVALUEF": 0}
2024-07-11 00:38:25,540 - INFO - Success on 122: 200 - {"IIVALUE": "Ventilated Cabinet 4", "IIVALUEF": 0}
2024-07-11 00:38:25,797 - INFO - Success on 122: 200 - {"IIVALUE": null, "IIVALUEF": 0}
2024-07-11 00:38:26,132 - INFO - Success on 122: 200 - {"IIVALUE": "Dartevelle, Coralie", "IIVALUEF": 0}
2024-07-11 00:38:26,459 - INFO - Success on 122: 200 - {"IIVALUE": "56706-10-6", "IIVALUEF": 0}
2024-07-11 00:38:26,777 - INFO - Success on 122: 200 - {"IIVALUE": "500.0", "IIVALUEF": 0}
2024-07-11 00:38:27,087 - INFO - Success on 122: 200 - {"IIVALUE": "Method/Project: Chromato", "IIVALUEF": 0}
2024-07-11 00:38:27,388 - INFO - Success on 122: 200 - {"IIVALUE": "Adv. Chemistry", "IIVALUEF": 0}
2024-07-11 00:38:27,663 - INFO - Success on 122: 200 - {"IIVALUE": null, "IIVALUEF": 0}
2024-07-11 00:38:28,003 - INFO - Success on 122: 200 - {"IIVALUE": "Silanic  - SI266", "IIVALUEF": 0}
2024-07-11 00:38:28,310 - INFO - Success on 122: 200 - {"IIVALUE": "EVONIK", "IIVALUEF": 0}
2024-07-11 00:38:28,569 - INFO - Success on 122: 200 - {"IIVALUE": null, "IIVALUEF": 0}
2024-07-11 00:38:28,897 - INFO - Success on 122: 200 - {"IIVALUE": "mL", "IIVALUEF": 0}
2024-07-11 00:38:29,147 - INFO - Success on 122: 200 - {"IIVALUE": null, "IIVALUEF": 0}
2024-07-11 00:38:29,443 - INFO - Success on 122: 200 - {"IIVALUE": "S170695C", "IIVALUEF": 0}
2024-07-11 00:38:29,754 - INFO - Success on 123: 200 - {"SHORT_DESC": "Chemical & Consumables Container", "RQ_VALUE": null, "DESCRIPTION": "Chemical & Consumables Container"}
2024-07-11 00:38:30,939 - INFO - Success on 123: 200 - {"StatusTo": 5}
2024-07-11 00:38:31,272 - INFO - Success on 123: 200 - {"IIVALUE": "AS*L", "IIVALUEF": 0}
2024-07-11 00:38:31,526 - INFO - Success on 123: 200 - {"IIVALUE": null, "IIVALUEF": 0}
2024-07-11 00:38:31,879 - INFO - Success on 123: 200 - {"IIVALUE": null, "IIVALUEF": 0}
2024-07-11 00:38:32,142 - INFO - Success on 123: 200 - {"IIVALUE": null, "IIVALUEF": 0}
2024-07-11 00:38:32,495 - INFO - Success on 123: 200 - {"IIVALUE": "GIC*L", "IIVALUEF": 0}
2024-07-11 00:38:32,795 - INFO - Success on 123: 200 - {"IIVALUE": "Ventilated Cabinet 4", "IIVALUEF": 0}
2024-07-11 00:38:33,041 - INFO - Success on 123: 200 - {"IIVALUE": null, "IIVALUEF": 0}
2024-07-11 00:38:33,353 - INFO - Success on 123: 200 - {"IIVALUE": "Dartevelle, Coralie", "IIVALUEF": 0}
2024-07-11 00:38:33,654 - INFO - Success on 123: 200 - {"IIVALUE": "211519-85-6", "IIVALUEF": 0}
2024-07-11 00:38:33,995 - INFO - Success on 123: 200 - {"IIVALUE": "500.0", "IIVALUEF": 0}
2024-07-11 00:38:34,309 - INFO - Success on 123: 200 - {"IIVALUE": "Method/Project: Chromato", "IIVALUEF": 0}
2024-07-11 00:38:34,616 - INFO - Success on 123: 200 - {"IIVALUE": "Adv. Chemistry", "IIVALUEF": 0}
2024-07-11 00:38:34,882 - INFO - Success on 123: 200 - {"IIVALUE": null, "IIVALUEF": 0}
2024-07-11 00:38:35,190 - INFO - Success on 123: 200 - {"IIVALUE": "Josefic  - SI69", "IIVALUEF": 0}
2024-07-11 00:38:35,510 - INFO - Success on 123: 200 - {"IIVALUE": "EVONIK", "IIVALUEF": 0}
2024-07-11 00:38:35,762 - INFO - Success on 123: 200 - {"IIVALUE": null, "IIVALUEF": 0}
2024-07-11 00:38:36,080 - INFO - Success on 123: 200 - {"IIVALUE": "mL", "IIVALUEF": 0}
2024-07-11 00:38:36,328 - INFO - Success on 123: 200 - {"IIVALUE": null, "IIVALUEF": 0}
2024-07-11 00:38:36,638 - INFO - Success on 123: 200 - {"IIVALUE": "S180161C", "IIVALUEF": 0}
2024-07-11 00:38:36,960 - INFO - Success on 124: 200 - {"SHORT_DESC": "Chemical & Consumables Container", "RQ_VALUE": null, "DESCRIPTION": "Chemical & Consumables Container"}
2024-07-11 00:38:38,141 - INFO - Success on 124: 200 - {"StatusTo": 5}
2024-07-11 00:38:38,473 - INFO - Success on 124: 200 - {"IIVALUE": "AS*L", "IIVALUEF": 0}
2024-07-11 00:38:38,725 - INFO - Success on 124: 200 - {"IIVALUE": null, "IIVALUEF": 0}
2024-07-11 00:38:39,030 - INFO - Success on 124: 200 - {"IIVALUE": "09/15/2023 12:00:00 AM +00:00", "IIVALUEF": 0}
2024-07-11 00:38:39,321 - INFO - Success on 124: 200 - {"IIVALUE": "09/14/2026 12:00:00 AM +00:00", "IIVALUEF": 0}
2024-07-11 00:38:39,648 - INFO - Success on 124: 200 - {"IIVALUE": "GIC*L", "IIVALUEF": 0}
2024-07-11 00:38:39,964 - INFO - Success on 124: 200 - {"IIVALUE": "Ventilated Cabinet 4", "IIVALUEF": 0}
2024-07-11 00:38:40,243 - INFO - Success on 124: 200 - {"IIVALUE": null, "IIVALUEF": 0}
2024-07-11 00:38:40,571 - INFO - Success on 124: 200 - {"IIVALUE": "Dier, Tobias", "IIVALUEF": 0}
2024-07-11 00:38:40,870 - INFO - Success on 124: 200 - {"IIVALUE": "9003-17-2", "IIVALUEF": 0}
2024-07-11 00:38:41,189 - INFO - Success on 124: 200 - {"IIVALUE": "100.0", "IIVALUEF": 0}
2024-07-11 00:38:41,483 - INFO - Success on 124: 200 - {"IIVALUE": null, "IIVALUEF": 0}
2024-07-11 00:38:41,792 - INFO - Success on 124: 200 - {"IIVALUE": "Adv. Chemistry", "IIVALUEF": 0}
2024-07-11 00:38:42,076 - INFO - Success on 124: 200 - {"IIVALUE": null, "IIVALUEF": 0}
2024-07-11 00:38:42,386 - INFO - Success on 124: 200 - {"IIVALUE": "Polybutadiene Mn ~5000 Da", "IIVALUEF": 0}
2024-07-11 00:38:42,689 - INFO - Success on 124: 200 - {"IIVALUE": "Sigma Aldrich", "IIVALUEF": 0}
2024-07-11 00:38:42,953 - INFO - Success on 124: 200 - {"IIVALUE": null, "IIVALUEF": 0}
2024-07-11 00:38:43,267 - INFO - Success on 124: 200 - {"IIVALUE": "mL", "IIVALUEF": 0}
2024-07-11 00:38:43,529 - INFO - Success on 124: 200 - {"IIVALUE": null, "IIVALUEF": 0}
2024-07-11 00:38:43,857 - INFO - Success on 124: 200 - {"IIVALUE": "#MKCP6781", "IIVALUEF": 0}
2024-07-11 00:38:44,170 - INFO - Success on 125: 200 - {"SHORT_DESC": "Chemical & Consumables Container", "RQ_VALUE": null, "DESCRIPTION": "Chemical & Consumables Container"}
2024-07-11 00:38:45,381 - INFO - Success on 125: 200 - {"StatusTo": 5}
2024-07-11 00:38:45,700 - INFO - Success on 125: 200 - {"IIVALUE": "AS*L", "IIVALUEF": 0}
2024-07-11 00:38:45,969 - INFO - Success on 125: 200 - {"IIVALUE": null, "IIVALUEF": 0}
2024-07-11 00:38:46,271 - INFO - Success on 125: 200 - {"IIVALUE": "09/15/2023 12:00:00 AM +00:00", "IIVALUEF": 0}
2024-07-11 00:38:46,582 - INFO - Success on 125: 200 - {"IIVALUE": "09/14/2026 12:00:00 AM +00:00", "IIVALUEF": 0}
2024-07-11 00:38:46,889 - INFO - Success on 125: 200 - {"IIVALUE": "GIC*L", "IIVALUEF": 0}
2024-07-11 00:38:47,202 - INFO - Success on 125: 200 - {"IIVALUE": "Ventilated Cabinet 4", "IIVALUEF": 0}
2024-07-11 00:38:47,448 - INFO - Success on 125: 200 - {"IIVALUE": null, "IIVALUEF": 0}
2024-07-11 00:38:47,751 - INFO - Success on 125: 200 - {"IIVALUE": "Dier, Tobias", "IIVALUEF": 0}
2024-07-11 00:38:48,063 - INFO - Success on 125: 200 - {"IIVALUE": "80-56-8", "IIVALUEF": 0}
2024-07-11 00:38:48,362 - INFO - Success on 125: 200 - {"IIVALUE": "5.0", "IIVALUEF": 0}
2024-07-11 00:38:48,644 - INFO - Success on 125: 200 - {"IIVALUE": null, "IIVALUEF": 0}
2024-07-11 00:38:48,945 - INFO - Success on 125: 200 - {"IIVALUE": "Adv. Chemistry", "IIVALUEF": 0}
2024-07-11 00:38:49,187 - INFO - Success on 125: 200 - {"IIVALUE": null, "IIVALUEF": 0}
2024-07-11 00:38:49,512 - INFO - Success on 125: 200 - {"IIVALUE": "alpha-pinene ", "IIVALUEF": 0}
2024-07-11 00:38:49,823 - INFO - Success on 125: 200 - {"IIVALUE": "Sigma Aldrich", "IIVALUEF": 0}
2024-07-11 00:38:50,086 - INFO - Success on 125: 200 - {"IIVALUE": null, "IIVALUEF": 0}
2024-07-11 00:38:50,383 - INFO - Success on 125: 200 - {"IIVALUE": "mL", "IIVALUEF": 0}
2024-07-11 00:38:50,639 - INFO - Success on 125: 200 - {"IIVALUE": null, "IIVALUEF": 0}
2024-07-11 00:38:50,994 - INFO - Success on 125: 200 - {"IIVALUE": "#SHBL8492", "IIVALUEF": 0}
2024-07-11 00:38:51,329 - INFO - Success on 126: 200 - {"SHORT_DESC": "Chemical & Consumables Container", "RQ_VALUE": null, "DESCRIPTION": "Chemical & Consumables Container"}
2024-07-11 00:38:52,525 - INFO - Success on 126: 200 - {"StatusTo": 5}
2024-07-11 00:38:52,866 - INFO - Success on 126: 200 - {"IIVALUE": "AS*L", "IIVALUEF": 0}
2024-07-11 00:38:53,109 - INFO - Success on 126: 200 - {"IIVALUE": null, "IIVALUEF": 0}
2024-07-11 00:38:53,435 - INFO - Success on 126: 200 - {"IIVALUE": "09/15/2023 12:00:00 AM +00:00", "IIVALUEF": 0}
2024-07-11 00:38:53,743 - INFO - Success on 126: 200 - {"IIVALUE": "09/14/2026 12:00:00 AM +00:00", "IIVALUEF": 0}
2024-07-11 00:38:54,095 - INFO - Success on 126: 200 - {"IIVALUE": "GIC*L", "IIVALUEF": 0}
2024-07-11 00:38:54,391 - INFO - Success on 126: 200 - {"IIVALUE": "Ventilated Cabinet 4", "IIVALUEF": 0}
2024-07-11 00:38:54,660 - INFO - Success on 126: 200 - {"IIVALUE": null, "IIVALUEF": 0}
2024-07-11 00:38:54,997 - INFO - Success on 126: 200 - {"IIVALUE": "Dier, Tobias", "IIVALUEF": 0}
2024-07-11 00:38:55,338 - INFO - Success on 126: 200 - {"IIVALUE": "918870-76-5", "IIVALUEF": 0}
2024-07-11 00:38:55,639 - INFO - Success on 126: 200 - {"IIVALUE": "100.0", "IIVALUEF": 0}
2024-07-11 00:38:55,898 - INFO - Success on 126: 200 - {"IIVALUE": null, "IIVALUEF": 0}
2024-07-11 00:38:56,216 - INFO - Success on 126: 200 - {"IIVALUE": "Adv. Chemistry", "IIVALUEF": 0}
2024-07-11 00:38:56,463 - INFO - Success on 126: 200 - {"IIVALUE": null, "IIVALUEF": 0}
2024-07-11 00:38:56,801 - INFO - Success on 126: 200 - {"IIVALUE": "Zhan Catalyst-1B ", "IIVALUEF": 0}
2024-07-11 00:38:57,110 - INFO - Success on 126: 200 - {"IIVALUE": "Sigma Aldrich", "IIVALUEF": 0}
2024-07-11 00:38:57,363 - INFO - Success on 126: 200 - {"IIVALUE": null, "IIVALUEF": 0}
2024-07-11 00:38:57,660 - INFO - Success on 126: 200 - {"IIVALUE": "mg", "IIVALUEF": 0}
2024-07-11 00:38:57,932 - INFO - Success on 126: 200 - {"IIVALUE": null, "IIVALUEF": 0}
2024-07-11 00:38:58,236 - INFO - Success on 126: 200 - {"IIVALUE": "#MKCN0285", "IIVALUEF": 0}
2024-07-11 00:38:58,564 - INFO - Success on 127: 200 - {"SHORT_DESC": "Chemical & Consumables Container", "RQ_VALUE": null, "DESCRIPTION": "Chemical & Consumables Container"}
2024-07-11 00:38:59,756 - INFO - Success on 127: 200 - {"StatusTo": 5}
2024-07-11 00:39:00,061 - INFO - Success on 127: 200 - {"IIVALUE": "AS*L", "IIVALUEF": 0}
2024-07-11 00:39:00,315 - INFO - Success on 127: 200 - {"IIVALUE": null, "IIVALUEF": 0}
2024-07-11 00:39:00,618 - INFO - Success on 127: 200 - {"IIVALUE": null, "IIVALUEF": 0}
2024-07-11 00:39:00,917 - INFO - Success on 127: 200 - {"IIVALUE": "01/01/1970 12:00:00 AM +00:00", "IIVALUEF": 0}
2024-07-11 00:39:01,257 - INFO - Success on 127: 200 - {"IIVALUE": "GIC*L", "IIVALUEF": 0}
2024-07-11 00:39:01,552 - INFO - Success on 127: 200 - {"IIVALUE": "Ventilated Cabinet 4", "IIVALUEF": 0}
2024-07-11 00:39:01,827 - INFO - Success on 127: 200 - {"IIVALUE": null, "IIVALUEF": 0}
2024-07-11 00:39:02,137 - INFO - Success on 127: 200 - {"IIVALUE": "Dier, Tobias", "IIVALUEF": 0}
2024-07-11 00:39:02,394 - INFO - Success on 127: 200 - {"IIVALUE": null, "IIVALUEF": 0}
2024-07-11 00:39:03,371 - INFO - Success on 127: 200 - {"IIVALUE": "5.0", "IIVALUEF": 0}
2024-07-11 00:39:03,677 - INFO - Success on 127: 200 - {"IIVALUE": "Method/Project: Chromato", "IIVALUEF": 0}
2024-07-11 00:39:04,006 - INFO - Success on 127: 200 - {"IIVALUE": "Adv. Chemistry", "IIVALUEF": 0}
2024-07-11 00:39:04,268 - INFO - Success on 127: 200 - {"IIVALUE": null, "IIVALUEF": 0}
2024-07-11 00:39:04,571 - INFO - Success on 127: 200 - {"IIVALUE": "O-Toluidine, 99+%", "IIVALUEF": 0}
2024-07-11 00:39:04,871 - INFO - Success on 127: 200 - {"IIVALUE": "Th. Geyer", "IIVALUEF": 0}
2024-07-11 00:39:05,142 - INFO - Success on 127: 200 - {"IIVALUE": null, "IIVALUEF": 0}
2024-07-11 00:39:05,466 - INFO - Success on 127: 200 - {"IIVALUE": "g", "IIVALUEF": 0}
2024-07-11 00:39:05,721 - INFO - Success on 127: 200 - {"IIVALUE": null, "IIVALUEF": 0}
2024-07-11 00:39:05,976 - INFO - Success on 127: 200 - {"IIVALUE": null, "IIVALUEF": 0}
2024-07-11 00:39:06,281 - INFO - Success on 128: 200 - {"SHORT_DESC": "Chemical & Consumables Container", "RQ_VALUE": null, "DESCRIPTION": "Chemical & Consumables Container"}
2024-07-11 00:39:07,446 - INFO - Success on 128: 200 - {"StatusTo": 5}
2024-07-11 00:39:07,735 - INFO - Success on 128: 200 - {"IIVALUE": "AS*L", "IIVALUEF": 0}
2024-07-11 00:39:07,995 - INFO - Success on 128: 200 - {"IIVALUE": null, "IIVALUEF": 0}
2024-07-11 00:39:08,302 - INFO - Success on 128: 200 - {"IIVALUE": null, "IIVALUEF": 0}
2024-07-11 00:39:08,600 - INFO - Success on 128: 200 - {"IIVALUE": "01/01/1970 12:00:00 AM +00:00", "IIVALUEF": 0}
2024-07-11 00:39:08,905 - INFO - Success on 128: 200 - {"IIVALUE": "GIC*L", "IIVALUEF": 0}
2024-07-11 00:39:09,223 - INFO - Success on 128: 200 - {"IIVALUE": "Ventilated Cabinet 4", "IIVALUEF": 0}
2024-07-11 00:39:09,476 - INFO - Success on 128: 200 - {"IIVALUE": null, "IIVALUEF": 0}
2024-07-11 00:39:09,771 - INFO - Success on 128: 200 - {"IIVALUE": "Dier, Tobias", "IIVALUEF": 0}
2024-07-11 00:39:10,033 - INFO - Success on 128: 200 - {"IIVALUE": null, "IIVALUEF": 0}
2024-07-11 00:39:10,348 - INFO - Success on 128: 200 - {"IIVALUE": "100.0", "IIVALUEF": 0}
2024-07-11 00:39:11,421 - INFO - Success on 128: 200 - {"IIVALUE": "Method/Project: Chromato", "IIVALUEF": 0}
2024-07-11 00:39:11,723 - INFO - Success on 128: 200 - {"IIVALUE": "Adv. Chemistry", "IIVALUEF": 0}
2024-07-11 00:39:11,976 - INFO - Success on 128: 200 - {"IIVALUE": null, "IIVALUEF": 0}
2024-07-11 00:39:12,266 - INFO - Success on 128: 200 - {"IIVALUE": "Aniline, ACS reagent, >=99.5%", "IIVALUEF": 0}
2024-07-11 00:39:12,576 - INFO - Success on 128: 200 - {"IIVALUE": "Th. Geyer", "IIVALUEF": 0}
2024-07-11 00:39:12,814 - INFO - Success on 128: 200 - {"IIVALUE": null, "IIVALUEF": 0}
2024-07-11 00:39:13,114 - INFO - Success on 128: 200 - {"IIVALUE": "mL", "IIVALUEF": 0}
2024-07-11 00:39:13,370 - INFO - Success on 128: 200 - {"IIVALUE": null, "IIVALUEF": 0}
2024-07-11 00:39:13,621 - INFO - Success on 128: 200 - {"IIVALUE": null, "IIVALUEF": 0}
2024-07-11 00:39:13,918 - INFO - Success on 129: 200 - {"SHORT_DESC": "Chemical & Consumables Container", "RQ_VALUE": null, "DESCRIPTION": "Chemical & Consumables Container"}
2024-07-11 00:39:15,090 - INFO - Success on 129: 200 - {"StatusTo": 5}
2024-07-11 00:39:15,389 - INFO - Success on 129: 200 - {"IIVALUE": "AS*L", "IIVALUEF": 0}
2024-07-11 00:39:15,631 - INFO - Success on 129: 200 - {"IIVALUE": null, "IIVALUEF": 0}
2024-07-11 00:39:15,922 - INFO - Success on 129: 200 - {"IIVALUE": "09/15/2023 12:00:00 AM +00:00", "IIVALUEF": 0}
2024-07-11 00:39:16,233 - INFO - Success on 129: 200 - {"IIVALUE": "09/14/2026 12:00:00 AM +00:00", "IIVALUEF": 0}
2024-07-11 00:39:16,537 - INFO - Success on 129: 200 - {"IIVALUE": "GIC*L", "IIVALUEF": 0}
2024-07-11 00:39:16,853 - INFO - Success on 129: 200 - {"IIVALUE": "Ventilated Cabinet 4", "IIVALUEF": 0}
2024-07-11 00:39:17,099 - INFO - Success on 129: 200 - {"IIVALUE": null, "IIVALUEF": 0}
2024-07-11 00:39:17,389 - INFO - Success on 129: 200 - {"IIVALUE": null, "IIVALUEF": 0}
2024-07-11 00:39:17,632 - INFO - Success on 129: 200 - {"IIVALUE": null, "IIVALUEF": 0}
2024-07-11 00:39:17,926 - INFO - Success on 129: 200 - {"IIVALUE": "1000.0", "IIVALUEF": 0}
2024-07-11 00:39:18,166 - INFO - Success on 129: 200 - {"IIVALUE": null, "IIVALUEF": 0}
2024-07-11 00:39:18,465 - INFO - Success on 129: 200 - {"IIVALUE": "Adv. Chemistry", "IIVALUEF": 0}
2024-07-11 00:39:18,724 - INFO - Success on 129: 200 - {"IIVALUE": null, "IIVALUEF": 0}
2024-07-11 00:39:19,018 - INFO - Success on 129: 200 - {"IIVALUE": "Sodium hydroxide pellets ", "IIVALUEF": 0}
2024-07-11 00:39:19,322 - INFO - Success on 129: 200 - {"IIVALUE": "Merck", "IIVALUEF": 0}
2024-07-11 00:39:19,567 - INFO - Success on 129: 200 - {"IIVALUE": null, "IIVALUEF": 0}
2024-07-11 00:39:19,862 - INFO - Success on 129: 200 - {"IIVALUE": "g", "IIVALUEF": 0}
2024-07-11 00:39:20,104 - INFO - Success on 129: 200 - {"IIVALUE": null, "IIVALUEF": 0}
2024-07-11 00:39:20,362 - INFO - Success on 129: 200 - {"IIVALUE": null, "IIVALUEF": 0}
2024-07-11 00:39:20,656 - INFO - Success on 130: 200 - {"SHORT_DESC": "Chemical & Consumables Container", "RQ_VALUE": null, "DESCRIPTION": "Chemical & Consumables Container"}
2024-07-11 00:39:21,830 - INFO - Success on 130: 200 - {"StatusTo": 5}
2024-07-11 00:39:22,131 - INFO - Success on 130: 200 - {"IIVALUE": "AS*L", "IIVALUEF": 0}
2024-07-11 00:39:22,378 - INFO - Success on 130: 200 - {"IIVALUE": null, "IIVALUEF": 0}
2024-07-11 00:39:22,684 - INFO - Success on 130: 200 - {"IIVALUE": null, "IIVALUEF": 0}
2024-07-11 00:39:22,978 - INFO - Success on 130: 200 - {"IIVALUE": "09/09/2024 12:00:00 AM +00:00", "IIVALUEF": 0}
2024-07-11 00:39:23,268 - INFO - Success on 130: 200 - {"IIVALUE": "GIC*L", "IIVALUEF": 0}
2024-07-11 00:39:23,603 - INFO - Success on 130: 200 - {"IIVALUE": "Ventilated Cabinet 4", "IIVALUEF": 0}
2024-07-11 00:39:23,846 - INFO - Success on 130: 200 - {"IIVALUE": null, "IIVALUEF": 0}
2024-07-11 00:39:24,139 - INFO - Success on 130: 200 - {"IIVALUE": "TD/CD", "IIVALUEF": 0}
2024-07-11 00:39:24,440 - INFO - Success on 130: 200 - {"IIVALUE": "120-78-5", "IIVALUEF": 0}
2024-07-11 00:39:24,730 - INFO - Success on 130: 200 - {"IIVALUE": "1.0", "IIVALUEF": 0}
2024-07-11 00:39:24,974 - INFO - Success on 130: 200 - {"IIVALUE": null, "IIVALUEF": 0}
2024-07-11 00:39:25,275 - INFO - Success on 130: 200 - {"IIVALUE": "Adv. Chemistry", "IIVALUEF": 0}
2024-07-11 00:39:25,513 - INFO - Success on 130: 200 - {"IIVALUE": null, "IIVALUEF": 0}
2024-07-11 00:39:25,817 - INFO - Success on 130: 200 - {"IIVALUE": "2,2-Dithiobis(benzothiazole)", "IIVALUEF": 0}
2024-07-11 00:39:26,109 - INFO - Success on 130: 200 - {"IIVALUE": "HPC Stds", "IIVALUEF": 0}
2024-07-11 00:39:26,380 - INFO - Success on 130: 200 - {"IIVALUE": null, "IIVALUEF": 0}
2024-07-11 00:39:26,687 - INFO - Success on 130: 200 - {"IIVALUE": "g", "IIVALUEF": 0}
2024-07-11 00:39:26,937 - INFO - Success on 130: 200 - {"IIVALUE": null, "IIVALUEF": 0}
2024-07-11 00:39:27,186 - INFO - Success on 130: 200 - {"IIVALUE": null, "IIVALUEF": 0}
2024-07-11 00:39:27,488 - INFO - Success on 131: 200 - {"SHORT_DESC": "Chemical & Consumables Container", "RQ_VALUE": null, "DESCRIPTION": "Chemical & Consumables Container"}
2024-07-11 00:39:28,677 - INFO - Success on 131: 200 - {"StatusTo": 5}
2024-07-11 00:39:28,973 - INFO - Success on 131: 200 - {"IIVALUE": "AS*L", "IIVALUEF": 0}
2024-07-11 00:39:29,245 - INFO - Success on 131: 200 - {"IIVALUE": null, "IIVALUEF": 0}
2024-07-11 00:39:29,561 - INFO - Success on 131: 200 - {"IIVALUE": null, "IIVALUEF": 0}
2024-07-11 00:39:29,876 - INFO - Success on 131: 200 - {"IIVALUE": "05/13/2026 12:00:00 AM +00:00", "IIVALUEF": 0}
2024-07-11 00:39:30,190 - INFO - Success on 131: 200 - {"IIVALUE": "GIC*L", "IIVALUEF": 0}
2024-07-11 00:39:30,483 - INFO - Success on 131: 200 - {"IIVALUE": "Ventilated Cabinet 4", "IIVALUEF": 0}
2024-07-11 00:39:30,722 - INFO - Success on 131: 200 - {"IIVALUE": null, "IIVALUEF": 0}
2024-07-11 00:39:31,018 - INFO - Success on 131: 200 - {"IIVALUE": "Dier, Tobias", "IIVALUEF": 0}
2024-07-11 00:39:31,363 - INFO - Success on 131: 200 - {"IIVALUE": "90-05-1", "IIVALUEF": 0}
2024-07-11 00:39:31,653 - INFO - Success on 131: 200 - {"IIVALUE": "100.0", "IIVALUEF": 0}
2024-07-11 00:39:31,911 - INFO - Success on 131: 200 - {"IIVALUE": null, "IIVALUEF": 0}
2024-07-11 00:39:32,212 - INFO - Success on 131: 200 - {"IIVALUE": "Adv. Chemistry", "IIVALUEF": 0}
2024-07-11 00:39:33,017 - INFO - Success on 131: 200 - {"IIVALUE": null, "IIVALUEF": 0}
2024-07-11 00:39:33,373 - INFO - Success on 131: 200 - {"IIVALUE": "Guaiacoe", "IIVALUEF": 0}
2024-07-11 00:39:33,677 - INFO - Success on 131: 200 - {"IIVALUE": "Gletham", "IIVALUEF": 0}
2024-07-11 00:39:33,915 - INFO - Success on 131: 200 - {"IIVALUE": null, "IIVALUEF": 0}
2024-07-11 00:39:34,248 - INFO - Success on 131: 200 - {"IIVALUE": "g", "IIVALUEF": 0}
2024-07-11 00:39:34,503 - INFO - Success on 131: 200 - {"IIVALUE": null, "IIVALUEF": 0}
2024-07-11 00:39:34,752 - INFO - Success on 131: 200 - {"IIVALUE": null, "IIVALUEF": 0}
2024-07-11 00:39:35,055 - INFO - Success on 132: 200 - {"SHORT_DESC": "Chemical & Consumables Container", "RQ_VALUE": null, "DESCRIPTION": "Chemical & Consumables Container"}
2024-07-11 00:39:36,224 - INFO - Success on 132: 200 - {"StatusTo": 5}
2024-07-11 00:39:36,530 - INFO - Success on 132: 200 - {"IIVALUE": "AS*L", "IIVALUEF": 0}
2024-07-11 00:39:36,775 - INFO - Success on 132: 200 - {"IIVALUE": null, "IIVALUEF": 0}
2024-07-11 00:39:37,067 - INFO - Success on 132: 200 - {"IIVALUE": null, "IIVALUEF": 0}
2024-07-11 00:39:37,382 - INFO - Success on 132: 200 - {"IIVALUE": "03/22/2026 12:00:00 AM +00:00", "IIVALUEF": 0}
2024-07-11 00:39:37,672 - INFO - Success on 132: 200 - {"IIVALUE": "GIC*L", "IIVALUEF": 0}
2024-07-11 00:39:37,969 - INFO - Success on 132: 200 - {"IIVALUE": "Ventilated Cabinet 4", "IIVALUEF": 0}
2024-07-11 00:39:38,234 - INFO - Success on 132: 200 - {"IIVALUE": null, "IIVALUEF": 0}
2024-07-11 00:39:38,534 - INFO - Success on 132: 200 - {"IIVALUE": "Dier, Tobias", "IIVALUEF": 0}
2024-07-11 00:39:38,854 - INFO - Success on 132: 200 - {"IIVALUE": "117-78-2", "IIVALUEF": 0}
2024-07-11 00:39:39,166 - INFO - Success on 132: 200 - {"IIVALUE": "5.0", "IIVALUEF": 0}
2024-07-11 00:39:39,435 - INFO - Success on 132: 200 - {"IIVALUE": null, "IIVALUEF": 0}
2024-07-11 00:39:39,739 - INFO - Success on 132: 200 - {"IIVALUE": "Adv. Chemistry", "IIVALUEF": 0}
2024-07-11 00:39:39,986 - INFO - Success on 132: 200 - {"IIVALUE": null, "IIVALUEF": 0}
2024-07-11 00:39:40,304 - INFO - Success on 132: 200 - {"IIVALUE": "Anthraquinone-2-carboxylic acid", "IIVALUEF": 0}
2024-07-11 00:39:40,610 - INFO - Success on 132: 200 - {"IIVALUE": "Merck AG", "IIVALUEF": 0}
2024-07-11 00:39:40,859 - INFO - Success on 132: 200 - {"IIVALUE": null, "IIVALUEF": 0}
2024-07-11 00:39:41,171 - INFO - Success on 132: 200 - {"IIVALUE": "g", "IIVALUEF": 0}
2024-07-11 00:39:41,423 - INFO - Success on 132: 200 - {"IIVALUE": null, "IIVALUEF": 0}
2024-07-11 00:39:41,687 - INFO - Success on 132: 200 - {"IIVALUE": null, "IIVALUEF": 0}
2024-07-11 00:39:42,050 - INFO - Success on 133: 200 - {"SHORT_DESC": "Chemical & Consumables Container", "RQ_VALUE": null, "DESCRIPTION": "Chemical & Consumables Container"}
2024-07-11 00:39:43,222 - INFO - Success on 133: 200 - {"StatusTo": 5}
2024-07-11 00:39:43,515 - INFO - Success on 133: 200 - {"IIVALUE": "AS*L", "IIVALUEF": 0}
2024-07-11 00:39:43,759 - INFO - Success on 133: 200 - {"IIVALUE": null, "IIVALUEF": 0}
2024-07-11 00:39:44,071 - INFO - Success on 133: 200 - {"IIVALUE": "09/15/2023 12:00:00 AM +00:00", "IIVALUEF": 0}
2024-07-11 00:39:44,428 - INFO - Success on 133: 200 - {"IIVALUE": "09/14/2026 12:00:00 AM +00:00", "IIVALUEF": 0}
2024-07-11 00:39:44,747 - INFO - Success on 133: 200 - {"IIVALUE": "GIC*L", "IIVALUEF": 0}
2024-07-11 00:39:45,073 - INFO - Success on 133: 200 - {"IIVALUE": "Ventilated Cabinet 4", "IIVALUEF": 0}
2024-07-11 00:39:45,370 - INFO - Success on 133: 200 - {"IIVALUE": null, "IIVALUEF": 0}
2024-07-11 00:39:45,677 - INFO - Success on 133: 200 - {"IIVALUE": "Colin, Sonia", "IIVALUEF": 0}
2024-07-11 00:39:45,983 - INFO - Success on 133: 200 - {"IIVALUE": "9005-84-9", "IIVALUEF": 0}
2024-07-11 00:39:46,325 - INFO - Success on 133: 200 - {"IIVALUE": "250.0", "IIVALUEF": 0}
2024-07-11 00:39:46,581 - INFO - Success on 133: 200 - {"IIVALUE": null, "IIVALUEF": 0}
2024-07-11 00:39:46,896 - INFO - Success on 133: 200 - {"IIVALUE": "Adv. Chemistry", "IIVALUEF": 0}
2024-07-11 00:39:47,157 - INFO - Success on 133: 200 - {"IIVALUE": null, "IIVALUEF": 0}
2024-07-11 00:39:47,460 - INFO - Success on 133: 200 - {"IIVALUE": "Starch, soluble, ACS for Iodometry", "IIVALUEF": 0}
2024-07-11 00:39:47,763 - INFO - Success on 133: 200 - {"IIVALUE": "Thermo Scientific", "IIVALUEF": 0}
2024-07-11 00:39:48,049 - INFO - Success on 133: 200 - {"IIVALUE": null, "IIVALUEF": 0}
2024-07-11 00:39:48,349 - INFO - Success on 133: 200 - {"IIVALUE": "g", "IIVALUEF": 0}
2024-07-11 00:39:48,597 - INFO - Success on 133: 200 - {"IIVALUE": null, "IIVALUEF": 0}
2024-07-11 00:39:48,912 - INFO - Success on 133: 200 - {"IIVALUE": "N14I029", "IIVALUEF": 0}
2024-07-11 00:39:49,217 - INFO - Success on 134: 200 - {"SHORT_DESC": "Chemical & Consumables Container", "RQ_VALUE": null, "DESCRIPTION": "Chemical & Consumables Container"}
2024-07-11 00:39:50,403 - INFO - Success on 134: 200 - {"StatusTo": 5}
2024-07-11 00:39:50,719 - INFO - Success on 134: 200 - {"IIVALUE": "AS*L", "IIVALUEF": 0}
2024-07-11 00:39:50,972 - INFO - Success on 134: 200 - {"IIVALUE": null, "IIVALUEF": 0}
2024-07-11 00:39:51,290 - INFO - Success on 134: 200 - {"IIVALUE": "09/15/2023 12:00:00 AM +00:00", "IIVALUEF": 0}
2024-07-11 00:39:51,590 - INFO - Success on 134: 200 - {"IIVALUE": "09/14/2026 12:00:00 AM +00:00", "IIVALUEF": 0}
2024-07-11 00:39:51,900 - INFO - Success on 134: 200 - {"IIVALUE": "GIC*L", "IIVALUEF": 0}
2024-07-11 00:39:52,207 - INFO - Success on 134: 200 - {"IIVALUE": "Ventilated Cabinet 4", "IIVALUEF": 0}
2024-07-11 00:39:52,455 - INFO - Success on 134: 200 - {"IIVALUE": null, "IIVALUEF": 0}
2024-07-11 00:39:52,806 - INFO - Success on 134: 200 - {"IIVALUE": "Sousa, Elisabete", "IIVALUEF": 0}
2024-07-11 00:39:53,116 - INFO - Success on 134: 200 - {"IIVALUE": "1310-73-2", "IIVALUEF": 0}
2024-07-11 00:39:53,437 - INFO - Success on 134: 200 - {"IIVALUE": "1000.0", "IIVALUEF": 0}
2024-07-11 00:39:53,704 - INFO - Success on 134: 200 - {"IIVALUE": null, "IIVALUEF": 0}
2024-07-11 00:39:54,012 - INFO - Success on 134: 200 - {"IIVALUE": "Adv. Chemistry", "IIVALUEF": 0}
2024-07-11 00:39:54,287 - INFO - Success on 134: 200 - {"IIVALUE": null, "IIVALUEF": 0}
2024-07-11 00:39:54,585 - INFO - Success on 134: 200 - {"IIVALUE": "Sodium hydroxide Micro Granules", "IIVALUEF": 0}
2024-07-11 00:39:54,898 - INFO - Success on 134: 200 - {"IIVALUE": "Chemsolute", "IIVALUEF": 0}
2024-07-11 00:39:55,161 - INFO - Success on 134: 200 - {"IIVALUE": null, "IIVALUEF": 0}
2024-07-11 00:39:55,483 - INFO - Success on 134: 200 - {"IIVALUE": "g", "IIVALUEF": 0}
2024-07-11 00:39:55,729 - INFO - Success on 134: 200 - {"IIVALUE": null, "IIVALUEF": 0}
2024-07-11 00:39:56,007 - INFO - Success on 134: 200 - {"IIVALUE": null, "IIVALUEF": 0}
2024-07-11 00:39:56,304 - INFO - Success on 135: 200 - {"SHORT_DESC": "Chemical & Consumables Container", "RQ_VALUE": null, "DESCRIPTION": "Chemical & Consumables Container"}
2024-07-11 00:39:57,475 - INFO - Success on 135: 200 - {"StatusTo": 5}
2024-07-11 00:39:57,778 - INFO - Success on 135: 200 - {"IIVALUE": "AS*L", "IIVALUEF": 0}
2024-07-11 00:39:58,034 - INFO - Success on 135: 200 - {"IIVALUE": null, "IIVALUEF": 0}
2024-07-11 00:39:58,344 - INFO - Success on 135: 200 - {"IIVALUE": null, "IIVALUEF": 0}
2024-07-11 00:39:58,645 - INFO - Success on 135: 200 - {"IIVALUE": "08/28/2026 12:00:00 AM +00:00", "IIVALUEF": 0}
2024-07-11 00:39:58,967 - INFO - Success on 135: 200 - {"IIVALUE": "GIC*L", "IIVALUEF": 0}
2024-07-11 00:39:59,259 - INFO - Success on 135: 200 - {"IIVALUE": "Ventilated Cabinet 4", "IIVALUEF": 0}
2024-07-11 00:39:59,509 - INFO - Success on 135: 200 - {"IIVALUE": null, "IIVALUEF": 0}
2024-07-11 00:39:59,838 - INFO - Success on 135: 200 - {"IIVALUE": "Dier, Tobias", "IIVALUEF": 0}
2024-07-11 00:40:00,177 - INFO - Success on 135: 200 - {"IIVALUE": "141-43-5", "IIVALUEF": 0}
2024-07-11 00:40:00,481 - INFO - Success on 135: 200 - {"IIVALUE": "100.0", "IIVALUEF": 0}
2024-07-11 00:40:00,729 - INFO - Success on 135: 200 - {"IIVALUE": null, "IIVALUEF": 0}
2024-07-11 00:40:01,035 - INFO - Success on 135: 200 - {"IIVALUE": "Adv. Chemistry", "IIVALUEF": 0}
2024-07-11 00:40:01,294 - INFO - Success on 135: 200 - {"IIVALUE": null, "IIVALUEF": 0}
2024-07-11 00:40:01,685 - INFO - Success on 135: 200 - {"IIVALUE": "Ethanolamine for synthesis", "IIVALUEF": 0}
2024-07-11 00:40:01,991 - INFO - Success on 135: 200 - {"IIVALUE": "Sigma Aldrich", "IIVALUEF": 0}
2024-07-11 00:40:02,242 - INFO - Success on 135: 200 - {"IIVALUE": null, "IIVALUEF": 0}
2024-07-11 00:40:02,566 - INFO - Success on 135: 200 - {"IIVALUE": "mL", "IIVALUEF": 0}
2024-07-11 00:40:02,816 - INFO - Success on 135: 200 - {"IIVALUE": null, "IIVALUEF": 0}
2024-07-11 00:40:03,072 - INFO - Success on 135: 200 - {"IIVALUE": null, "IIVALUEF": 0}
2024-07-11 00:40:03,482 - INFO - Success on 136: 200 - {"SHORT_DESC": "Chemical & Consumables Container", "RQ_VALUE": null, "DESCRIPTION": "Chemical & Consumables Container"}
2024-07-11 00:40:04,651 - INFO - Success on 136: 200 - {"StatusTo": 5}
2024-07-11 00:40:04,966 - INFO - Success on 136: 200 - {"IIVALUE": "AS*L", "IIVALUEF": 0}
2024-07-11 00:40:05,215 - INFO - Success on 136: 200 - {"IIVALUE": null, "IIVALUEF": 0}
2024-07-11 00:40:05,509 - INFO - Success on 136: 200 - {"IIVALUE": "01/06/2018 12:00:00 AM +00:00", "IIVALUEF": 0}
2024-07-11 00:40:05,802 - INFO - Success on 136: 200 - {"IIVALUE": "01/06/2019 12:00:00 AM +00:00", "IIVALUEF": 0}
2024-07-11 00:40:06,103 - INFO - Success on 136: 200 - {"IIVALUE": "GIC*L", "IIVALUEF": 0}
2024-07-11 00:40:06,446 - INFO - Success on 136: 200 - {"IIVALUE": "Ventilated Cabinet 4", "IIVALUEF": 0}
2024-07-11 00:40:06,693 - INFO - Success on 136: 200 - {"IIVALUE": null, "IIVALUEF": 0}
2024-07-11 00:40:06,988 - INFO - Success on 136: 200 - {"IIVALUE": "Dartevelle, Coralie", "IIVALUEF": 0}
2024-07-11 00:40:07,231 - INFO - Success on 136: 200 - {"IIVALUE": null, "IIVALUEF": 0}
2024-07-11 00:40:07,537 - INFO - Success on 136: 200 - {"IIVALUE": "20.0", "IIVALUEF": 0}
2024-07-11 00:40:07,849 - INFO - Success on 136: 200 - {"IIVALUE": "Method/Project: Chromato", "IIVALUEF": 0}
2024-07-11 00:40:08,152 - INFO - Success on 136: 200 - {"IIVALUE": "Adv. Chemistry", "IIVALUEF": 0}
2024-07-11 00:40:08,396 - INFO - Success on 136: 200 - {"IIVALUE": null, "IIVALUEF": 0}
2024-07-11 00:40:08,684 - INFO - Success on 136: 200 - {"IIVALUE": "GOODINE S180327C", "IIVALUEF": 0}
2024-07-11 00:40:08,989 - INFO - Success on 136: 200 - {"IIVALUE": "Sasol", "IIVALUEF": 0}
2024-07-11 00:40:09,234 - INFO - Success on 136: 200 - {"IIVALUE": null, "IIVALUEF": 0}
2024-07-11 00:40:09,546 - INFO - Success on 136: 200 - {"IIVALUE": "g", "IIVALUEF": 0}
2024-07-11 00:40:09,792 - INFO - Success on 136: 200 - {"IIVALUE": null, "IIVALUEF": 0}
2024-07-11 00:40:10,095 - INFO - Success on 136: 200 - {"IIVALUE": "from Debica lot0000210423", "IIVALUEF": 0}
2024-07-11 00:40:10,397 - INFO - Success on 137: 200 - {"SHORT_DESC": "Chemical & Consumables Container", "RQ_VALUE": null, "DESCRIPTION": "Chemical & Consumables Container"}
2024-07-11 00:40:12,258 - INFO - Success on 137: 200 - {"StatusTo": 5}
2024-07-11 00:40:12,581 - INFO - Success on 137: 200 - {"IIVALUE": "AS*L", "IIVALUEF": 0}
2024-07-11 00:40:12,835 - INFO - Success on 137: 200 - {"IIVALUE": null, "IIVALUEF": 0}
2024-07-11 00:40:13,132 - INFO - Success on 137: 200 - {"IIVALUE": "11/22/2022 12:00:00 AM +00:00", "IIVALUEF": 0}
2024-07-11 00:40:13,431 - INFO - Success on 137: 200 - {"IIVALUE": "04/30/2025 12:00:00 AM +00:00", "IIVALUEF": 0}
2024-07-11 00:40:13,733 - INFO - Success on 137: 200 - {"IIVALUE": "GIC*L", "IIVALUEF": 0}
2024-07-11 00:40:14,045 - INFO - Success on 137: 200 - {"IIVALUE": "Ventilated Cabinet 4", "IIVALUEF": 0}
2024-07-11 00:40:14,309 - INFO - Success on 137: 200 - {"IIVALUE": null, "IIVALUEF": 0}
2024-07-11 00:40:14,616 - INFO - Success on 137: 200 - {"IIVALUE": "Dartevelle, Coralie", "IIVALUEF": 0}
2024-07-11 00:40:14,861 - INFO - Success on 137: 200 - {"IIVALUE": null, "IIVALUEF": 0}
2024-07-11 00:40:15,151 - INFO - Success on 137: 200 - {"IIVALUE": "10.0", "IIVALUEF": 0}
2024-07-11 00:40:15,475 - INFO - Success on 137: 200 - {"IIVALUE": "Method/Project: Chromato", "IIVALUEF": 0}
2024-07-11 00:40:15,773 - INFO - Success on 137: 200 - {"IIVALUE": "Adv. Chemistry", "IIVALUEF": 0}
2024-07-11 00:40:16,018 - INFO - Success on 137: 200 - {"IIVALUE": null, "IIVALUEF": 0}
2024-07-11 00:40:17,274 - INFO - Success on 137: 200 - {"IIVALUE": "ASTM 5442 Quantitative Linearity Standard", "IIVALUEF": 0}
2024-07-11 00:40:17,605 - INFO - Success on 137: 200 - {"IIVALUE": "Sigma Aldrich", "IIVALUEF": 0}
2024-07-11 00:40:17,852 - INFO - Success on 137: 200 - {"IIVALUE": null, "IIVALUEF": 0}
2024-07-11 00:40:18,160 - INFO - Success on 137: 200 - {"IIVALUE": "mL", "IIVALUEF": 0}
2024-07-11 00:40:18,414 - INFO - Success on 137: 200 - {"IIVALUE": null, "IIVALUEF": 0}
2024-07-11 00:40:18,715 - INFO - Success on 137: 200 - {"IIVALUE": "LRAD2718", "IIVALUEF": 0}
2024-07-11 00:40:19,015 - INFO - Success on 138: 200 - {"SHORT_DESC": "Chemical & Consumables Container", "RQ_VALUE": null, "DESCRIPTION": "Chemical & Consumables Container"}
2024-07-11 00:40:20,181 - INFO - Success on 138: 200 - {"StatusTo": 5}
2024-07-11 00:40:20,481 - INFO - Success on 138: 200 - {"IIVALUE": "AS*L", "IIVALUEF": 0}
2024-07-11 00:40:20,723 - INFO - Success on 138: 200 - {"IIVALUE": null, "IIVALUEF": 0}
2024-07-11 00:40:21,029 - INFO - Success on 138: 200 - {"IIVALUE": null, "IIVALUEF": 0}
2024-07-11 00:40:21,283 - INFO - Success on 138: 200 - {"IIVALUE": null, "IIVALUEF": 0}
2024-07-11 00:40:21,585 - INFO - Success on 138: 200 - {"IIVALUE": "GIC*L", "IIVALUEF": 0}
2024-07-11 00:40:21,888 - INFO - Success on 138: 200 - {"IIVALUE": "Ventilated Cabinet 4", "IIVALUEF": 0}
2024-07-11 00:40:22,139 - INFO - Success on 138: 200 - {"IIVALUE": null, "IIVALUEF": 0}
2024-07-11 00:40:22,450 - INFO - Success on 138: 200 - {"IIVALUE": "Dartevelle, Coralie", "IIVALUEF": 0}
2024-07-11 00:40:22,751 - INFO - Success on 138: 200 - {"IIVALUE": "105-76-0", "IIVALUEF": 0}
2024-07-11 00:40:23,053 - INFO - Success on 138: 200 - {"IIVALUE": "50.0", "IIVALUEF": 0}
2024-07-11 00:40:23,345 - INFO - Success on 138: 200 - {"IIVALUE": "Method/Project: Chromato", "IIVALUEF": 0}
2024-07-11 00:40:23,631 - INFO - Success on 138: 200 - {"IIVALUE": "Adv. Chemistry", "IIVALUEF": 0}
2024-07-11 00:40:23,876 - INFO - Success on 138: 200 - {"IIVALUE": null, "IIVALUEF": 0}
2024-07-11 00:40:24,178 - INFO - Success on 138: 200 - {"IIVALUE": "Dibutyl maleate 96%", "IIVALUEF": 0}
2024-07-11 00:40:24,485 - INFO - Success on 138: 200 - {"IIVALUE": "Aldrich", "IIVALUEF": 0}
2024-07-11 00:40:24,726 - INFO - Success on 138: 200 - {"IIVALUE": null, "IIVALUEF": 0}
2024-07-11 00:40:25,028 - INFO - Success on 138: 200 - {"IIVALUE": "mL", "IIVALUEF": 0}
2024-07-11 00:40:25,282 - INFO - Success on 138: 200 - {"IIVALUE": null, "IIVALUEF": 0}
2024-07-11 00:40:25,597 - INFO - Success on 138: 200 - {"IIVALUE": "MKBR3800V", "IIVALUEF": 0}
2024-07-11 00:40:25,903 - INFO - Success on 139: 200 - {"SHORT_DESC": "Chemical & Consumables Container", "RQ_VALUE": null, "DESCRIPTION": "Chemical & Consumables Container"}
2024-07-11 00:40:27,076 - INFO - Success on 139: 200 - {"StatusTo": 5}
2024-07-11 00:40:27,369 - INFO - Success on 139: 200 - {"IIVALUE": "AS*L", "IIVALUEF": 0}
2024-07-11 00:40:27,621 - INFO - Success on 139: 200 - {"IIVALUE": null, "IIVALUEF": 0}
2024-07-11 00:40:27,937 - INFO - Success on 139: 200 - {"IIVALUE": null, "IIVALUEF": 0}
2024-07-11 00:40:28,176 - INFO - Success on 139: 200 - {"IIVALUE": null, "IIVALUEF": 0}
2024-07-11 00:40:28,470 - INFO - Success on 139: 200 - {"IIVALUE": "GIC*L", "IIVALUEF": 0}
2024-07-11 00:40:28,765 - INFO - Success on 139: 200 - {"IIVALUE": "Ventilated Cabinet 4", "IIVALUEF": 0}
2024-07-11 00:40:29,010 - INFO - Success on 139: 200 - {"IIVALUE": null, "IIVALUEF": 0}
2024-07-11 00:40:29,310 - INFO - Success on 139: 200 - {"IIVALUE": null, "IIVALUEF": 0}
2024-07-11 00:40:29,572 - INFO - Success on 139: 200 - {"IIVALUE": null, "IIVALUEF": 0}
2024-07-11 00:40:29,870 - INFO - Success on 139: 200 - {"IIVALUE": "25.0", "IIVALUEF": 0}
2024-07-11 00:40:30,111 - INFO - Success on 139: 200 - {"IIVALUE": null, "IIVALUEF": 0}
2024-07-11 00:40:30,427 - INFO - Success on 139: 200 - {"IIVALUE": "Adv. Chemistry", "IIVALUEF": 0}
2024-07-11 00:40:30,686 - INFO - Success on 139: 200 - {"IIVALUE": null, "IIVALUEF": 0}
2024-07-11 00:40:31,001 - INFO - Success on 139: 200 - {"IIVALUE": "Hydroxy-triphenylsilan ", "IIVALUEF": 0}
2024-07-11 00:40:31,300 - INFO - Success on 139: 200 - {"IIVALUE": "Fluka", "IIVALUEF": 0}
2024-07-11 00:40:31,558 - INFO - Success on 139: 200 - {"IIVALUE": null, "IIVALUEF": 0}
2024-07-11 00:40:31,865 - INFO - Success on 139: 200 - {"IIVALUE": "g", "IIVALUEF": 0}
2024-07-11 00:40:32,108 - INFO - Success on 139: 200 - {"IIVALUE": null, "IIVALUEF": 0}
2024-07-11 00:40:32,400 - INFO - Success on 139: 200 - {"IIVALUE": "279283590", "IIVALUEF": 0}
