2024-07-18 06:06:55,889 - INFO - Success on 1: 200 - {"SHORT_DESC": "Chemical & Consumables Container", "RQ_VALUE": null, "DESCRIPTION": "Chemical & Consumables Container"}
2024-07-18 06:06:57,179 - INFO - Success on 1: 200 - {"StatusTo": 5}
2024-07-18 06:06:57,456 - ERROR - Error at 0 on Try 1: 404 Client Error: Not Found for url: https://opcenter-test.goodyear.com/OpcenterRDnLGIL/odata/RndvRqIi(9026,90,1000000,9,5000000)/Update - {"IIVALUE": "AS*L", "IIVALUEF": 0}
2024-07-18 06:06:58,140 - ERROR - Error at 0 on Try 2: 404 Client Error: Not Found for url: https://opcenter-test.goodyear.com/OpcenterRDnLGIL/odata/RndvRqIi(9026,90,1000000,9,5000000)/Update - {"IIVALUE": "AS*L", "IIVALUEF": 0}
2024-07-18 06:06:58,821 - ERROR - Error at 0 on Try 3: 404 Client Error: Not Found for url: https://opcenter-test.goodyear.com/OpcenterRDnLGIL/odata/RndvRqIi(9026,90,1000000,9,5000000)/Update - {"IIVALUE": "AS*L", "IIVALUEF": 0}
2024-07-18 06:06:59,512 - ERROR - Error at 0 on Try 4: 404 Client Error: Not Found for url: https://opcenter-test.goodyear.com/OpcenterRDnLGIL/odata/RndvRqIi(9026,90,1000000,9,5000000)/Update - {"IIVALUE": "AS*L", "IIVALUEF": 0}
2024-07-18 06:07:00,206 - ERROR - Error at 0 on Try 5: 404 Client Error: Not Found for url: https://opcenter-test.goodyear.com/OpcenterRDnLGIL/odata/RndvRqIi(9026,90,1000000,9,5000000)/Update - {"IIVALUE": "AS*L", "IIVALUEF": 0}
2024-07-18 06:16:57,930 - INFO - Success on 1: 200 - {"SHORT_DESC": "Chemical & Consumables Container", "RQ_VALUE": null, "DESCRIPTION": "Chemical & Consumables Container"}
2024-07-18 06:16:59,102 - INFO - Success on 1: 200 - {"StatusTo": 5}
2024-07-18 06:16:59,289 - ERROR - Error at 0 on Try 1: 404 Client Error: Not Found for url: https://opcenter-test.goodyear.com/OpcenterRDnLGIL/odata/RndvRqIi(9027,90,1000000,9,5000000)/Update - {"IIVALUE": "AS*L", "IIVALUEF": 0}
2024-07-18 06:16:59,993 - ERROR - Error at 0 on Try 2: 404 Client Error: Not Found for url: https://opcenter-test.goodyear.com/OpcenterRDnLGIL/odata/RndvRqIi(9027,90,1000000,9,5000000)/Update - {"IIVALUE": "AS*L", "IIVALUEF": 0}
2024-07-18 06:17:00,684 - ERROR - Error at 0 on Try 3: 404 Client Error: Not Found for url: https://opcenter-test.goodyear.com/OpcenterRDnLGIL/odata/RndvRqIi(9027,90,1000000,9,5000000)/Update - {"IIVALUE": "AS*L", "IIVALUEF": 0}
2024-07-18 06:17:01,368 - ERROR - Error at 0 on Try 4: 404 Client Error: Not Found for url: https://opcenter-test.goodyear.com/OpcenterRDnLGIL/odata/RndvRqIi(9027,90,1000000,9,5000000)/Update - {"IIVALUE": "AS*L", "IIVALUEF": 0}
2024-07-18 06:17:02,060 - ERROR - Error at 0 on Try 5: 404 Client Error: Not Found for url: https://opcenter-test.goodyear.com/OpcenterRDnLGIL/odata/RndvRqIi(9027,90,1000000,9,5000000)/Update - {"IIVALUE": "AS*L", "IIVALUEF": 0}
2024-07-18 06:18:47,653 - INFO - Success on 1: 200 - {"SHORT_DESC": "Chemical & Consumables Container", "RQ_VALUE": null, "DESCRIPTION": "Chemical & Consumables Container"}
2024-07-18 06:18:48,835 - INFO - Success on 1: 200 - {"StatusTo": 5}
2024-07-18 06:18:49,129 - ERROR - Error at 0 on Try 1: 404 Client Error: Not Found for url: https://opcenter-test.goodyear.com/OpcenterRDnLGIL/odata/RndvRqIi(9028,90,1000000,9,5000000)/Update - {"IIVALUE": "AS*L", "IIVALUEF": 0}
2024-07-18 06:18:49,815 - ERROR - Error at 0 on Try 2: 404 Client Error: Not Found for url: https://opcenter-test.goodyear.com/OpcenterRDnLGIL/odata/RndvRqIi(9028,90,1000000,9,5000000)/Update - {"IIVALUE": "AS*L", "IIVALUEF": 0}
2024-07-18 06:18:50,503 - ERROR - Error at 0 on Try 3: 404 Client Error: Not Found for url: https://opcenter-test.goodyear.com/OpcenterRDnLGIL/odata/RndvRqIi(9028,90,1000000,9,5000000)/Update - {"IIVALUE": "AS*L", "IIVALUEF": 0}
2024-07-18 06:18:51,218 - ERROR - Error at 0 on Try 4: 404 Client Error: Not Found for url: https://opcenter-test.goodyear.com/OpcenterRDnLGIL/odata/RndvRqIi(9028,90,1000000,9,5000000)/Update - {"IIVALUE": "AS*L", "IIVALUEF": 0}
2024-07-18 06:18:51,915 - ERROR - Error at 0 on Try 5: 404 Client Error: Not Found for url: https://opcenter-test.goodyear.com/OpcenterRDnLGIL/odata/RndvRqIi(9028,90,1000000,9,5000000)/Update - {"IIVALUE": "AS*L", "IIVALUEF": 0}
2024-07-18 06:24:39,358 - INFO - Success on 1: 200 - {"SHORT_DESC": "Chemical & Consumables Container", "RQ_VALUE": null, "DESCRIPTION": "Chemical & Consumables Container"}
2024-07-18 06:24:40,549 - INFO - Success on 1: 200 - {"StatusTo": 5}
2024-07-18 06:24:40,760 - ERROR - Error at 0 on Try 1: 404 Client Error: Not Found for url: https://opcenter-test.goodyear.com/OpcenterRDnLGIL/odata/RndvRqIi(9029,90,1000000,9,5000000)/Update - {"IIVALUE": "AS*L", "IIVALUEF": 0}
2024-07-18 06:24:41,451 - ERROR - Error at 0 on Try 2: 404 Client Error: Not Found for url: https://opcenter-test.goodyear.com/OpcenterRDnLGIL/odata/RndvRqIi(9029,90,1000000,9,5000000)/Update - {"IIVALUE": "AS*L", "IIVALUEF": 0}
2024-07-18 06:24:42,151 - ERROR - Error at 0 on Try 3: 404 Client Error: Not Found for url: https://opcenter-test.goodyear.com/OpcenterRDnLGIL/odata/RndvRqIi(9029,90,1000000,9,5000000)/Update - {"IIVALUE": "AS*L", "IIVALUEF": 0}
2024-07-18 06:24:42,835 - ERROR - Error at 0 on Try 4: 404 Client Error: Not Found for url: https://opcenter-test.goodyear.com/OpcenterRDnLGIL/odata/RndvRqIi(9029,90,1000000,9,5000000)/Update - {"IIVALUE": "AS*L", "IIVALUEF": 0}
2024-07-18 06:24:43,531 - ERROR - Error at 0 on Try 5: 404 Client Error: Not Found for url: https://opcenter-test.goodyear.com/OpcenterRDnLGIL/odata/RndvRqIi(9029,90,1000000,9,5000000)/Update - {"IIVALUE": "AS*L", "IIVALUEF": 0}
2024-07-18 06:26:09,766 - INFO - Success on 1: 200 - {"SHORT_DESC": "Chemical & Consumables Container", "RQ_VALUE": null, "DESCRIPTION": "Chemical & Consumables Container"}
2024-07-18 06:26:10,952 - INFO - Success on 1: 200 - {"StatusTo": 5}
2024-07-18 06:26:11,145 - ERROR - Error at 0 on Try 1: 404 Client Error: Not Found for url: https://opcenter-test.goodyear.com/OpcenterRDnLGIL/odata/RndvRqIi(9030,90,1000000,9,5000000)/Update - {"IIVALUE": "AS*L", "IIVALUEF": 0}
2024-07-18 06:26:11,830 - ERROR - Error at 0 on Try 2: 404 Client Error: Not Found for url: https://opcenter-test.goodyear.com/OpcenterRDnLGIL/odata/RndvRqIi(9030,90,1000000,9,5000000)/Update - {"IIVALUE": "AS*L", "IIVALUEF": 0}
2024-07-18 06:26:12,521 - ERROR - Error at 0 on Try 3: 404 Client Error: Not Found for url: https://opcenter-test.goodyear.com/OpcenterRDnLGIL/odata/RndvRqIi(9030,90,1000000,9,5000000)/Update - {"IIVALUE": "AS*L", "IIVALUEF": 0}
2024-07-18 06:26:13,224 - ERROR - Error at 0 on Try 4: 404 Client Error: Not Found for url: https://opcenter-test.goodyear.com/OpcenterRDnLGIL/odata/RndvRqIi(9030,90,1000000,9,5000000)/Update - {"IIVALUE": "AS*L", "IIVALUEF": 0}
2024-07-18 06:26:13,936 - ERROR - Error at 0 on Try 5: 404 Client Error: Not Found for url: https://opcenter-test.goodyear.com/OpcenterRDnLGIL/odata/RndvRqIi(9030,90,1000000,9,5000000)/Update - {"IIVALUE": "AS*L", "IIVALUEF": 0}
2024-07-18 06:28:42,245 - INFO - Success on 1: 200 - {"SHORT_DESC": "Chemical & Consumables Container", "RQ_VALUE": null, "DESCRIPTION": "Chemical & Consumables Container"}
2024-07-18 06:28:43,422 - INFO - Success on 1: 200 - {"StatusTo": 5}
2024-07-18 06:28:43,624 - ERROR - Error at 0 on Try 1: 404 Client Error: Not Found for url: https://opcenter-test.goodyear.com/OpcenterRDnLGIL/odata/RndvRqIi(9031,90,1000000,9,5000000)/Update - {"IIVALUE": "AS*L", "IIVALUEF": 0}
2024-07-18 06:28:44,319 - ERROR - Error at 0 on Try 2: 404 Client Error: Not Found for url: https://opcenter-test.goodyear.com/OpcenterRDnLGIL/odata/RndvRqIi(9031,90,1000000,9,5000000)/Update - {"IIVALUE": "AS*L", "IIVALUEF": 0}
2024-07-18 06:28:45,012 - ERROR - Error at 0 on Try 3: 404 Client Error: Not Found for url: https://opcenter-test.goodyear.com/OpcenterRDnLGIL/odata/RndvRqIi(9031,90,1000000,9,5000000)/Update - {"IIVALUE": "AS*L", "IIVALUEF": 0}
2024-07-18 06:28:45,707 - ERROR - Error at 0 on Try 4: 404 Client Error: Not Found for url: https://opcenter-test.goodyear.com/OpcenterRDnLGIL/odata/RndvRqIi(9031,90,1000000,9,5000000)/Update - {"IIVALUE": "AS*L", "IIVALUEF": 0}
2024-07-18 06:28:46,398 - ERROR - Error at 0 on Try 5: 404 Client Error: Not Found for url: https://opcenter-test.goodyear.com/OpcenterRDnLGIL/odata/RndvRqIi(9031,90,1000000,9,5000000)/Update - {"IIVALUE": "AS*L", "IIVALUEF": 0}
2024-07-18 06:28:46,574 - ERROR - Error at 0 on Try 1: 404 Client Error: Not Found for url: https://opcenter-test.goodyear.com/OpcenterRDnLGIL/odata/RndvRqIi(9031,90,1000000,530,1000000)/Update - {"IIVALUE": "0", "IIVALUEF": 0}
2024-07-18 06:28:47,260 - ERROR - Error at 0 on Try 2: 404 Client Error: Not Found for url: https://opcenter-test.goodyear.com/OpcenterRDnLGIL/odata/RndvRqIi(9031,90,1000000,530,1000000)/Update - {"IIVALUE": "0", "IIVALUEF": 0}
2024-07-18 06:28:47,950 - ERROR - Error at 0 on Try 3: 404 Client Error: Not Found for url: https://opcenter-test.goodyear.com/OpcenterRDnLGIL/odata/RndvRqIi(9031,90,1000000,530,1000000)/Update - {"IIVALUE": "0", "IIVALUEF": 0}
2024-07-18 06:28:48,632 - ERROR - Error at 0 on Try 4: 404 Client Error: Not Found for url: https://opcenter-test.goodyear.com/OpcenterRDnLGIL/odata/RndvRqIi(9031,90,1000000,530,1000000)/Update - {"IIVALUE": "0", "IIVALUEF": 0}
2024-07-18 06:28:49,321 - ERROR - Error at 0 on Try 5: 404 Client Error: Not Found for url: https://opcenter-test.goodyear.com/OpcenterRDnLGIL/odata/RndvRqIi(9031,90,1000000,530,1000000)/Update - {"IIVALUE": "0", "IIVALUEF": 0}
2024-07-18 06:28:49,510 - ERROR - Error at 0 on Try 1: 404 Client Error: Not Found for url: https://opcenter-test.goodyear.com/OpcenterRDnLGIL/odata/RndvRqIi(9031,90,1000000,534,4000000)/Update - {"IIVALUE": "09/15/2023 12:00:00 AM +00:00", "IIVALUEF": 0}
2024-07-18 06:28:50,207 - ERROR - Error at 0 on Try 2: 404 Client Error: Not Found for url: https://opcenter-test.goodyear.com/OpcenterRDnLGIL/odata/RndvRqIi(9031,90,1000000,534,4000000)/Update - {"IIVALUE": "09/15/2023 12:00:00 AM +00:00", "IIVALUEF": 0}
2024-07-18 06:28:50,915 - ERROR - Error at 0 on Try 3: 404 Client Error: Not Found for url: https://opcenter-test.goodyear.com/OpcenterRDnLGIL/odata/RndvRqIi(9031,90,1000000,534,4000000)/Update - {"IIVALUE": "09/15/2023 12:00:00 AM +00:00", "IIVALUEF": 0}
2024-07-18 06:28:51,621 - ERROR - Error at 0 on Try 4: 404 Client Error: Not Found for url: https://opcenter-test.goodyear.com/OpcenterRDnLGIL/odata/RndvRqIi(9031,90,1000000,534,4000000)/Update - {"IIVALUE": "09/15/2023 12:00:00 AM +00:00", "IIVALUEF": 0}
2024-07-18 06:28:52,423 - ERROR - Error at 0 on Try 5: 404 Client Error: Not Found for url: https://opcenter-test.goodyear.com/OpcenterRDnLGIL/odata/RndvRqIi(9031,90,1000000,534,4000000)/Update - {"IIVALUE": "09/15/2023 12:00:00 AM +00:00", "IIVALUEF": 0}
2024-07-18 06:28:52,715 - ERROR - Error at 0 on Try 1: 404 Client Error: Not Found for url: https://opcenter-test.goodyear.com/OpcenterRDnLGIL/odata/RndvRqIi(9031,90,1000000,535,3000000)/Update - {"IIVALUE": "09/14/2026 12:00:00 AM +00:00", "IIVALUEF": 0}
2024-07-18 06:28:53,439 - ERROR - Error at 0 on Try 2: 404 Client Error: Not Found for url: https://opcenter-test.goodyear.com/OpcenterRDnLGIL/odata/RndvRqIi(9031,90,1000000,535,3000000)/Update - {"IIVALUE": "09/14/2026 12:00:00 AM +00:00", "IIVALUEF": 0}
2024-07-18 06:28:54,246 - ERROR - Error at 0 on Try 3: 404 Client Error: Not Found for url: https://opcenter-test.goodyear.com/OpcenterRDnLGIL/odata/RndvRqIi(9031,90,1000000,535,3000000)/Update - {"IIVALUE": "09/14/2026 12:00:00 AM +00:00", "IIVALUEF": 0}
2024-07-18 06:28:54,949 - ERROR - Error at 0 on Try 4: 404 Client Error: Not Found for url: https://opcenter-test.goodyear.com/OpcenterRDnLGIL/odata/RndvRqIi(9031,90,1000000,535,3000000)/Update - {"IIVALUE": "09/14/2026 12:00:00 AM +00:00", "IIVALUEF": 0}
2024-07-18 06:28:55,629 - ERROR - Error at 0 on Try 5: 404 Client Error: Not Found for url: https://opcenter-test.goodyear.com/OpcenterRDnLGIL/odata/RndvRqIi(9031,90,1000000,535,3000000)/Update - {"IIVALUE": "09/14/2026 12:00:00 AM +00:00", "IIVALUEF": 0}
2024-07-18 06:28:55,829 - ERROR - Error at 0 on Try 1: 404 Client Error: Not Found for url: https://opcenter-test.goodyear.com/OpcenterRDnLGIL/odata/RndvRqIi(9031,90,1000000,536,6000000)/Update - {"IIVALUE": "GIC*L", "IIVALUEF": 0}
2024-07-18 06:28:56,513 - ERROR - Error at 0 on Try 2: 404 Client Error: Not Found for url: https://opcenter-test.goodyear.com/OpcenterRDnLGIL/odata/RndvRqIi(9031,90,1000000,536,6000000)/Update - {"IIVALUE": "GIC*L", "IIVALUEF": 0}
2024-07-18 06:28:57,203 - ERROR - Error at 0 on Try 3: 404 Client Error: Not Found for url: https://opcenter-test.goodyear.com/OpcenterRDnLGIL/odata/RndvRqIi(9031,90,1000000,536,6000000)/Update - {"IIVALUE": "GIC*L", "IIVALUEF": 0}
2024-07-18 06:28:57,887 - ERROR - Error at 0 on Try 4: 404 Client Error: Not Found for url: https://opcenter-test.goodyear.com/OpcenterRDnLGIL/odata/RndvRqIi(9031,90,1000000,536,6000000)/Update - {"IIVALUE": "GIC*L", "IIVALUEF": 0}
2024-07-18 06:28:58,576 - ERROR - Error at 0 on Try 5: 404 Client Error: Not Found for url: https://opcenter-test.goodyear.com/OpcenterRDnLGIL/odata/RndvRqIi(9031,90,1000000,536,6000000)/Update - {"IIVALUE": "GIC*L", "IIVALUEF": 0}
2024-07-18 06:28:58,784 - ERROR - Error at 0 on Try 1: 404 Client Error: Not Found for url: https://opcenter-test.goodyear.com/OpcenterRDnLGIL/odata/RndvRqIi(9031,90,1000000,537,7000000)/Update - {"IIVALUE": "Ventilated Cabinet 4", "IIVALUEF": 0}
2024-07-18 06:28:59,468 - ERROR - Error at 0 on Try 2: 404 Client Error: Not Found for url: https://opcenter-test.goodyear.com/OpcenterRDnLGIL/odata/RndvRqIi(9031,90,1000000,537,7000000)/Update - {"IIVALUE": "Ventilated Cabinet 4", "IIVALUEF": 0}
2024-07-18 06:29:00,151 - ERROR - Error at 0 on Try 3: 404 Client Error: Not Found for url: https://opcenter-test.goodyear.com/OpcenterRDnLGIL/odata/RndvRqIi(9031,90,1000000,537,7000000)/Update - {"IIVALUE": "Ventilated Cabinet 4", "IIVALUEF": 0}
2024-07-18 06:29:00,847 - ERROR - Error at 0 on Try 4: 404 Client Error: Not Found for url: https://opcenter-test.goodyear.com/OpcenterRDnLGIL/odata/RndvRqIi(9031,90,1000000,537,7000000)/Update - {"IIVALUE": "Ventilated Cabinet 4", "IIVALUEF": 0}
2024-07-18 06:29:01,556 - ERROR - Error at 0 on Try 5: 404 Client Error: Not Found for url: https://opcenter-test.goodyear.com/OpcenterRDnLGIL/odata/RndvRqIi(9031,90,1000000,537,7000000)/Update - {"IIVALUE": "Ventilated Cabinet 4", "IIVALUEF": 0}
2024-07-18 06:29:01,757 - ERROR - Error at 0 on Try 1: 404 Client Error: Not Found for url: https://opcenter-test.goodyear.com/OpcenterRDnLGIL/odata/RndvRqIi(9031,90,1000000,538,8000000)/Update - {"IIVALUE": "0", "IIVALUEF": 0}
2024-07-18 06:29:02,441 - ERROR - Error at 0 on Try 2: 404 Client Error: Not Found for url: https://opcenter-test.goodyear.com/OpcenterRDnLGIL/odata/RndvRqIi(9031,90,1000000,538,8000000)/Update - {"IIVALUE": "0", "IIVALUEF": 0}
2024-07-18 06:29:03,133 - ERROR - Error at 0 on Try 3: 404 Client Error: Not Found for url: https://opcenter-test.goodyear.com/OpcenterRDnLGIL/odata/RndvRqIi(9031,90,1000000,538,8000000)/Update - {"IIVALUE": "0", "IIVALUEF": 0}
2024-07-18 06:29:03,815 - ERROR - Error at 0 on Try 4: 404 Client Error: Not Found for url: https://opcenter-test.goodyear.com/OpcenterRDnLGIL/odata/RndvRqIi(9031,90,1000000,538,8000000)/Update - {"IIVALUE": "0", "IIVALUEF": 0}
2024-07-18 06:29:04,505 - ERROR - Error at 0 on Try 5: 404 Client Error: Not Found for url: https://opcenter-test.goodyear.com/OpcenterRDnLGIL/odata/RndvRqIi(9031,90,1000000,538,8000000)/Update - {"IIVALUE": "0", "IIVALUEF": 0}
2024-07-18 06:29:04,691 - ERROR - Error at 0 on Try 1: 404 Client Error: Not Found for url: https://opcenter-test.goodyear.com/OpcenterRDnLGIL/odata/RndvRqIi(9031,90,1000000,539,9000000)/Update - {"IIVALUE": "Dartevelle, Coralie", "IIVALUEF": 0}
2024-07-18 06:29:05,383 - ERROR - Error at 0 on Try 2: 404 Client Error: Not Found for url: https://opcenter-test.goodyear.com/OpcenterRDnLGIL/odata/RndvRqIi(9031,90,1000000,539,9000000)/Update - {"IIVALUE": "Dartevelle, Coralie", "IIVALUEF": 0}
2024-07-18 06:29:06,068 - ERROR - Error at 0 on Try 3: 404 Client Error: Not Found for url: https://opcenter-test.goodyear.com/OpcenterRDnLGIL/odata/RndvRqIi(9031,90,1000000,539,9000000)/Update - {"IIVALUE": "Dartevelle, Coralie", "IIVALUEF": 0}
2024-07-18 06:29:06,756 - ERROR - Error at 0 on Try 4: 404 Client Error: Not Found for url: https://opcenter-test.goodyear.com/OpcenterRDnLGIL/odata/RndvRqIi(9031,90,1000000,539,9000000)/Update - {"IIVALUE": "Dartevelle, Coralie", "IIVALUEF": 0}
2024-07-18 06:29:07,440 - ERROR - Error at 0 on Try 5: 404 Client Error: Not Found for url: https://opcenter-test.goodyear.com/OpcenterRDnLGIL/odata/RndvRqIi(9031,90,1000000,539,9000000)/Update - {"IIVALUE": "Dartevelle, Coralie", "IIVALUEF": 0}
2024-07-18 06:29:07,620 - ERROR - Error at 0 on Try 1: 404 Client Error: Not Found for url: https://opcenter-test.goodyear.com/OpcenterRDnLGIL/odata/RndvRqIi(9031,90,1000000,540,10000000)/Update - {"IIVALUE": "105-11-3", "IIVALUEF": 0}
2024-07-18 06:29:08,331 - ERROR - Error at 0 on Try 2: 404 Client Error: Not Found for url: https://opcenter-test.goodyear.com/OpcenterRDnLGIL/odata/RndvRqIi(9031,90,1000000,540,10000000)/Update - {"IIVALUE": "105-11-3", "IIVALUEF": 0}
2024-07-18 06:29:09,012 - ERROR - Error at 0 on Try 3: 404 Client Error: Not Found for url: https://opcenter-test.goodyear.com/OpcenterRDnLGIL/odata/RndvRqIi(9031,90,1000000,540,10000000)/Update - {"IIVALUE": "105-11-3", "IIVALUEF": 0}
2024-07-18 06:29:09,696 - ERROR - Error at 0 on Try 4: 404 Client Error: Not Found for url: https://opcenter-test.goodyear.com/OpcenterRDnLGIL/odata/RndvRqIi(9031,90,1000000,540,10000000)/Update - {"IIVALUE": "105-11-3", "IIVALUEF": 0}
2024-07-18 06:29:10,375 - ERROR - Error at 0 on Try 5: 404 Client Error: Not Found for url: https://opcenter-test.goodyear.com/OpcenterRDnLGIL/odata/RndvRqIi(9031,90,1000000,540,10000000)/Update - {"IIVALUE": "105-11-3", "IIVALUEF": 0}
2024-07-18 06:29:10,562 - ERROR - Error at 0 on Try 1: 404 Client Error: Not Found for url: https://opcenter-test.goodyear.com/OpcenterRDnLGIL/odata/RndvRqIi(9031,90,1000000,541,11000000)/Update - {"IIVALUE": "50.0", "IIVALUEF": 0}
2024-07-18 06:29:11,257 - ERROR - Error at 0 on Try 2: 404 Client Error: Not Found for url: https://opcenter-test.goodyear.com/OpcenterRDnLGIL/odata/RndvRqIi(9031,90,1000000,541,11000000)/Update - {"IIVALUE": "50.0", "IIVALUEF": 0}
2024-07-18 06:29:11,942 - ERROR - Error at 0 on Try 3: 404 Client Error: Not Found for url: https://opcenter-test.goodyear.com/OpcenterRDnLGIL/odata/RndvRqIi(9031,90,1000000,541,11000000)/Update - {"IIVALUE": "50.0", "IIVALUEF": 0}
2024-07-18 06:29:12,654 - ERROR - Error at 0 on Try 4: 404 Client Error: Not Found for url: https://opcenter-test.goodyear.com/OpcenterRDnLGIL/odata/RndvRqIi(9031,90,1000000,541,11000000)/Update - {"IIVALUE": "50.0", "IIVALUEF": 0}
2024-07-18 06:29:13,338 - ERROR - Error at 0 on Try 5: 404 Client Error: Not Found for url: https://opcenter-test.goodyear.com/OpcenterRDnLGIL/odata/RndvRqIi(9031,90,1000000,541,11000000)/Update - {"IIVALUE": "50.0", "IIVALUEF": 0}
2024-07-18 06:29:13,519 - ERROR - Error at 0 on Try 1: 404 Client Error: Not Found for url: https://opcenter-test.goodyear.com/OpcenterRDnLGIL/odata/RndvRqIi(9031,90,1000000,640,12000000)/Update - {"IIVALUE": "Method/Project: Chromato", "IIVALUEF": 0}
2024-07-18 06:29:14,214 - ERROR - Error at 0 on Try 2: 404 Client Error: Not Found for url: https://opcenter-test.goodyear.com/OpcenterRDnLGIL/odata/RndvRqIi(9031,90,1000000,640,12000000)/Update - {"IIVALUE": "Method/Project: Chromato", "IIVALUEF": 0}
2024-07-18 06:29:14,896 - ERROR - Error at 0 on Try 3: 404 Client Error: Not Found for url: https://opcenter-test.goodyear.com/OpcenterRDnLGIL/odata/RndvRqIi(9031,90,1000000,640,12000000)/Update - {"IIVALUE": "Method/Project: Chromato", "IIVALUEF": 0}
2024-07-18 06:29:15,588 - ERROR - Error at 0 on Try 4: 404 Client Error: Not Found for url: https://opcenter-test.goodyear.com/OpcenterRDnLGIL/odata/RndvRqIi(9031,90,1000000,640,12000000)/Update - {"IIVALUE": "Method/Project: Chromato", "IIVALUEF": 0}
2024-07-18 06:29:16,262 - ERROR - Error at 0 on Try 5: 404 Client Error: Not Found for url: https://opcenter-test.goodyear.com/OpcenterRDnLGIL/odata/RndvRqIi(9031,90,1000000,640,12000000)/Update - {"IIVALUE": "Method/Project: Chromato", "IIVALUEF": 0}
2024-07-18 06:29:16,463 - ERROR - Error at 0 on Try 1: 404 Client Error: Not Found for url: https://opcenter-test.goodyear.com/OpcenterRDnLGIL/odata/RndvRqIi(9031,90,1000000,647,13000000)/Update - {"IIVALUE": "Adv. Chemistry", "IIVALUEF": 0}
2024-07-18 06:29:17,153 - ERROR - Error at 0 on Try 2: 404 Client Error: Not Found for url: https://opcenter-test.goodyear.com/OpcenterRDnLGIL/odata/RndvRqIi(9031,90,1000000,647,13000000)/Update - {"IIVALUE": "Adv. Chemistry", "IIVALUEF": 0}
2024-07-18 06:29:17,856 - ERROR - Error at 0 on Try 3: 404 Client Error: Not Found for url: https://opcenter-test.goodyear.com/OpcenterRDnLGIL/odata/RndvRqIi(9031,90,1000000,647,13000000)/Update - {"IIVALUE": "Adv. Chemistry", "IIVALUEF": 0}
2024-07-18 06:29:18,546 - ERROR - Error at 0 on Try 4: 404 Client Error: Not Found for url: https://opcenter-test.goodyear.com/OpcenterRDnLGIL/odata/RndvRqIi(9031,90,1000000,647,13000000)/Update - {"IIVALUE": "Adv. Chemistry", "IIVALUEF": 0}
2024-07-18 06:29:19,267 - ERROR - Error at 0 on Try 5: 404 Client Error: Not Found for url: https://opcenter-test.goodyear.com/OpcenterRDnLGIL/odata/RndvRqIi(9031,90,1000000,647,13000000)/Update - {"IIVALUE": "Adv. Chemistry", "IIVALUEF": 0}
2024-07-18 06:29:19,473 - ERROR - Error at 0 on Try 1: 404 Client Error: Not Found for url: https://opcenter-test.goodyear.com/OpcenterRDnLGIL/odata/RndvRqIi(9031,90,1000000,648,2000000)/Update - {"IIVALUE": "0", "IIVALUEF": 0}
2024-07-18 06:29:20,155 - ERROR - Error at 0 on Try 2: 404 Client Error: Not Found for url: https://opcenter-test.goodyear.com/OpcenterRDnLGIL/odata/RndvRqIi(9031,90,1000000,648,2000000)/Update - {"IIVALUE": "0", "IIVALUEF": 0}
2024-07-18 06:29:20,845 - ERROR - Error at 0 on Try 3: 404 Client Error: Not Found for url: https://opcenter-test.goodyear.com/OpcenterRDnLGIL/odata/RndvRqIi(9031,90,1000000,648,2000000)/Update - {"IIVALUE": "0", "IIVALUEF": 0}
2024-07-18 06:29:21,664 - ERROR - Error at 0 on Try 4: 404 Client Error: Not Found for url: https://opcenter-test.goodyear.com/OpcenterRDnLGIL/odata/RndvRqIi(9031,90,1000000,648,2000000)/Update - {"IIVALUE": "0", "IIVALUEF": 0}
2024-07-18 06:29:22,376 - ERROR - Error at 0 on Try 5: 404 Client Error: Not Found for url: https://opcenter-test.goodyear.com/OpcenterRDnLGIL/odata/RndvRqIi(9031,90,1000000,648,2000000)/Update - {"IIVALUE": "0", "IIVALUEF": 0}
2024-07-18 06:29:22,654 - ERROR - Error at 0 on Try 1: 404 Client Error: Not Found for url: https://opcenter-test.goodyear.com/OpcenterRDnLGIL/odata/RndvRqIi(9031,90,1000000,649,14000000)/Update - {"IIVALUE": "p-Benzoquinone dioxime, 95% ", "IIVALUEF": 0}
2024-07-18 06:29:23,382 - ERROR - Error at 0 on Try 2: 404 Client Error: Not Found for url: https://opcenter-test.goodyear.com/OpcenterRDnLGIL/odata/RndvRqIi(9031,90,1000000,649,14000000)/Update - {"IIVALUE": "p-Benzoquinone dioxime, 95% ", "IIVALUEF": 0}
2024-07-18 06:29:24,068 - ERROR - Error at 0 on Try 3: 404 Client Error: Not Found for url: https://opcenter-test.goodyear.com/OpcenterRDnLGIL/odata/RndvRqIi(9031,90,1000000,649,14000000)/Update - {"IIVALUE": "p-Benzoquinone dioxime, 95% ", "IIVALUEF": 0}
2024-07-18 06:29:24,760 - ERROR - Error at 0 on Try 4: 404 Client Error: Not Found for url: https://opcenter-test.goodyear.com/OpcenterRDnLGIL/odata/RndvRqIi(9031,90,1000000,649,14000000)/Update - {"IIVALUE": "p-Benzoquinone dioxime, 95% ", "IIVALUEF": 0}
2024-07-18 06:29:25,458 - ERROR - Error at 0 on Try 5: 404 Client Error: Not Found for url: https://opcenter-test.goodyear.com/OpcenterRDnLGIL/odata/RndvRqIi(9031,90,1000000,649,14000000)/Update - {"IIVALUE": "p-Benzoquinone dioxime, 95% ", "IIVALUEF": 0}
2024-07-18 06:29:25,661 - ERROR - Error at 0 on Try 1: 404 Client Error: Not Found for url: https://opcenter-test.goodyear.com/OpcenterRDnLGIL/odata/RndvRqIi(9031,90,1000000,650,15000000)/Update - {"IIVALUE": "Alfa Aesar", "IIVALUEF": 0}
2024-07-18 06:29:26,353 - ERROR - Error at 0 on Try 2: 404 Client Error: Not Found for url: https://opcenter-test.goodyear.com/OpcenterRDnLGIL/odata/RndvRqIi(9031,90,1000000,650,15000000)/Update - {"IIVALUE": "Alfa Aesar", "IIVALUEF": 0}
2024-07-18 06:29:27,051 - ERROR - Error at 0 on Try 3: 404 Client Error: Not Found for url: https://opcenter-test.goodyear.com/OpcenterRDnLGIL/odata/RndvRqIi(9031,90,1000000,650,15000000)/Update - {"IIVALUE": "Alfa Aesar", "IIVALUEF": 0}
2024-07-18 06:29:27,758 - ERROR - Error at 0 on Try 4: 404 Client Error: Not Found for url: https://opcenter-test.goodyear.com/OpcenterRDnLGIL/odata/RndvRqIi(9031,90,1000000,650,15000000)/Update - {"IIVALUE": "Alfa Aesar", "IIVALUEF": 0}
2024-07-18 06:29:28,452 - ERROR - Error at 0 on Try 5: 404 Client Error: Not Found for url: https://opcenter-test.goodyear.com/OpcenterRDnLGIL/odata/RndvRqIi(9031,90,1000000,650,15000000)/Update - {"IIVALUE": "Alfa Aesar", "IIVALUEF": 0}
2024-07-18 06:29:28,677 - ERROR - Error at 0 on Try 1: 404 Client Error: Not Found for url: https://opcenter-test.goodyear.com/OpcenterRDnLGIL/odata/RndvRqIi(9031,90,1000000,653,17000000)/Update - {"IIVALUE": "0", "IIVALUEF": 0}
2024-07-18 06:29:29,386 - ERROR - Error at 0 on Try 2: 404 Client Error: Not Found for url: https://opcenter-test.goodyear.com/OpcenterRDnLGIL/odata/RndvRqIi(9031,90,1000000,653,17000000)/Update - {"IIVALUE": "0", "IIVALUEF": 0}
2024-07-18 06:29:30,098 - ERROR - Error at 0 on Try 3: 404 Client Error: Not Found for url: https://opcenter-test.goodyear.com/OpcenterRDnLGIL/odata/RndvRqIi(9031,90,1000000,653,17000000)/Update - {"IIVALUE": "0", "IIVALUEF": 0}
2024-07-18 06:29:30,793 - ERROR - Error at 0 on Try 4: 404 Client Error: Not Found for url: https://opcenter-test.goodyear.com/OpcenterRDnLGIL/odata/RndvRqIi(9031,90,1000000,653,17000000)/Update - {"IIVALUE": "0", "IIVALUEF": 0}
2024-07-18 06:29:31,479 - ERROR - Error at 0 on Try 5: 404 Client Error: Not Found for url: https://opcenter-test.goodyear.com/OpcenterRDnLGIL/odata/RndvRqIi(9031,90,1000000,653,17000000)/Update - {"IIVALUE": "0", "IIVALUEF": 0}
2024-07-18 06:29:31,680 - ERROR - Error at 0 on Try 1: 404 Client Error: Not Found for url: https://opcenter-test.goodyear.com/OpcenterRDnLGIL/odata/RndvRqIi(9031,90,1000000,654,16000000)/Update - {"IIVALUE": "g", "IIVALUEF": 0}
2024-07-18 06:29:32,397 - ERROR - Error at 0 on Try 2: 404 Client Error: Not Found for url: https://opcenter-test.goodyear.com/OpcenterRDnLGIL/odata/RndvRqIi(9031,90,1000000,654,16000000)/Update - {"IIVALUE": "g", "IIVALUEF": 0}
2024-07-18 06:29:33,081 - ERROR - Error at 0 on Try 3: 404 Client Error: Not Found for url: https://opcenter-test.goodyear.com/OpcenterRDnLGIL/odata/RndvRqIi(9031,90,1000000,654,16000000)/Update - {"IIVALUE": "g", "IIVALUEF": 0}
2024-07-18 06:29:33,765 - ERROR - Error at 0 on Try 4: 404 Client Error: Not Found for url: https://opcenter-test.goodyear.com/OpcenterRDnLGIL/odata/RndvRqIi(9031,90,1000000,654,16000000)/Update - {"IIVALUE": "g", "IIVALUEF": 0}
2024-07-18 06:29:34,457 - ERROR - Error at 0 on Try 5: 404 Client Error: Not Found for url: https://opcenter-test.goodyear.com/OpcenterRDnLGIL/odata/RndvRqIi(9031,90,1000000,654,16000000)/Update - {"IIVALUE": "g", "IIVALUEF": 0}
2024-07-18 06:29:34,654 - ERROR - Error at 0 on Try 1: 404 Client Error: Not Found for url: https://opcenter-test.goodyear.com/OpcenterRDnLGIL/odata/RndvRqIi(9031,90,1000000,656,18000000)/Update - {"IIVALUE": "0", "IIVALUEF": 0}
2024-07-18 06:29:35,352 - ERROR - Error at 0 on Try 2: 404 Client Error: Not Found for url: https://opcenter-test.goodyear.com/OpcenterRDnLGIL/odata/RndvRqIi(9031,90,1000000,656,18000000)/Update - {"IIVALUE": "0", "IIVALUEF": 0}
2024-07-18 06:29:36,033 - ERROR - Error at 0 on Try 3: 404 Client Error: Not Found for url: https://opcenter-test.goodyear.com/OpcenterRDnLGIL/odata/RndvRqIi(9031,90,1000000,656,18000000)/Update - {"IIVALUE": "0", "IIVALUEF": 0}
2024-07-18 06:29:36,720 - ERROR - Error at 0 on Try 4: 404 Client Error: Not Found for url: https://opcenter-test.goodyear.com/OpcenterRDnLGIL/odata/RndvRqIi(9031,90,1000000,656,18000000)/Update - {"IIVALUE": "0", "IIVALUEF": 0}
2024-07-18 06:29:37,450 - ERROR - Error at 0 on Try 5: 404 Client Error: Not Found for url: https://opcenter-test.goodyear.com/OpcenterRDnLGIL/odata/RndvRqIi(9031,90,1000000,656,18000000)/Update - {"IIVALUE": "0", "IIVALUEF": 0}
2024-07-18 06:29:37,638 - ERROR - Error at 0 on Try 1: 404 Client Error: Not Found for url: https://opcenter-test.goodyear.com/OpcenterRDnLGIL/odata/RndvRqIi(9031,90,1000000,531,19000000)/Update - {"IIVALUE": "H1231A", "IIVALUEF": 0}
2024-07-18 06:29:38,322 - ERROR - Error at 0 on Try 2: 404 Client Error: Not Found for url: https://opcenter-test.goodyear.com/OpcenterRDnLGIL/odata/RndvRqIi(9031,90,1000000,531,19000000)/Update - {"IIVALUE": "H1231A", "IIVALUEF": 0}
2024-07-18 06:29:39,003 - ERROR - Error at 0 on Try 3: 404 Client Error: Not Found for url: https://opcenter-test.goodyear.com/OpcenterRDnLGIL/odata/RndvRqIi(9031,90,1000000,531,19000000)/Update - {"IIVALUE": "H1231A", "IIVALUEF": 0}
2024-07-18 06:29:39,679 - ERROR - Error at 0 on Try 4: 404 Client Error: Not Found for url: https://opcenter-test.goodyear.com/OpcenterRDnLGIL/odata/RndvRqIi(9031,90,1000000,531,19000000)/Update - {"IIVALUE": "H1231A", "IIVALUEF": 0}
2024-07-18 06:29:40,369 - ERROR - Error at 0 on Try 5: 404 Client Error: Not Found for url: https://opcenter-test.goodyear.com/OpcenterRDnLGIL/odata/RndvRqIi(9031,90,1000000,531,19000000)/Update - {"IIVALUE": "H1231A", "IIVALUEF": 0}
2024-07-18 06:29:40,737 - INFO - Success on 1: 200 - {"IIVALUE": "A17532", "IIVALUEF": 0}
2024-07-18 06:29:41,126 - INFO - Success on 2: 200 - {"SHORT_DESC": "Chemical & Consumables Container", "RQ_VALUE": null, "DESCRIPTION": "Chemical & Consumables Container"}
2024-07-18 06:29:42,297 - INFO - Success on 2: 200 - {"StatusTo": 5}
2024-07-18 06:29:42,480 - ERROR - Error at 1 on Try 1: 404 Client Error: Not Found for url: https://opcenter-test.goodyear.com/OpcenterRDnLGIL/odata/RndvRqIi(9032,90,1000000,9,5000000)/Update - {"IIVALUE": "AS*L", "IIVALUEF": 0}
2024-07-18 06:29:43,164 - ERROR - Error at 1 on Try 2: 404 Client Error: Not Found for url: https://opcenter-test.goodyear.com/OpcenterRDnLGIL/odata/RndvRqIi(9032,90,1000000,9,5000000)/Update - {"IIVALUE": "AS*L", "IIVALUEF": 0}
2024-07-18 06:29:43,853 - ERROR - Error at 1 on Try 3: 404 Client Error: Not Found for url: https://opcenter-test.goodyear.com/OpcenterRDnLGIL/odata/RndvRqIi(9032,90,1000000,9,5000000)/Update - {"IIVALUE": "AS*L", "IIVALUEF": 0}
2024-07-18 06:29:44,555 - ERROR - Error at 1 on Try 4: 404 Client Error: Not Found for url: https://opcenter-test.goodyear.com/OpcenterRDnLGIL/odata/RndvRqIi(9032,90,1000000,9,5000000)/Update - {"IIVALUE": "AS*L", "IIVALUEF": 0}
2024-07-18 06:29:45,233 - ERROR - Error at 1 on Try 5: 404 Client Error: Not Found for url: https://opcenter-test.goodyear.com/OpcenterRDnLGIL/odata/RndvRqIi(9032,90,1000000,9,5000000)/Update - {"IIVALUE": "AS*L", "IIVALUEF": 0}
2024-07-18 06:29:45,420 - ERROR - Error at 1 on Try 1: 404 Client Error: Not Found for url: https://opcenter-test.goodyear.com/OpcenterRDnLGIL/odata/RndvRqIi(9032,90,1000000,530,1000000)/Update - {"IIVALUE": "0", "IIVALUEF": 0}
2024-07-18 06:29:46,128 - ERROR - Error at 1 on Try 2: 404 Client Error: Not Found for url: https://opcenter-test.goodyear.com/OpcenterRDnLGIL/odata/RndvRqIi(9032,90,1000000,530,1000000)/Update - {"IIVALUE": "0", "IIVALUEF": 0}
2024-07-18 06:29:46,831 - ERROR - Error at 1 on Try 3: 404 Client Error: Not Found for url: https://opcenter-test.goodyear.com/OpcenterRDnLGIL/odata/RndvRqIi(9032,90,1000000,530,1000000)/Update - {"IIVALUE": "0", "IIVALUEF": 0}
2024-07-18 06:29:47,515 - ERROR - Error at 1 on Try 4: 404 Client Error: Not Found for url: https://opcenter-test.goodyear.com/OpcenterRDnLGIL/odata/RndvRqIi(9032,90,1000000,530,1000000)/Update - {"IIVALUE": "0", "IIVALUEF": 0}
2024-07-18 06:29:48,218 - ERROR - Error at 1 on Try 5: 404 Client Error: Not Found for url: https://opcenter-test.goodyear.com/OpcenterRDnLGIL/odata/RndvRqIi(9032,90,1000000,530,1000000)/Update - {"IIVALUE": "0", "IIVALUEF": 0}
2024-07-18 06:29:48,411 - ERROR - Error at 1 on Try 1: 404 Client Error: Not Found for url: https://opcenter-test.goodyear.com/OpcenterRDnLGIL/odata/RndvRqIi(9032,90,1000000,534,4000000)/Update - {"IIVALUE": "09/15/2023 12:00:00 AM +00:00", "IIVALUEF": 0}
2024-07-18 06:29:49,100 - ERROR - Error at 1 on Try 2: 404 Client Error: Not Found for url: https://opcenter-test.goodyear.com/OpcenterRDnLGIL/odata/RndvRqIi(9032,90,1000000,534,4000000)/Update - {"IIVALUE": "09/15/2023 12:00:00 AM +00:00", "IIVALUEF": 0}
2024-07-18 06:29:49,775 - ERROR - Error at 1 on Try 3: 404 Client Error: Not Found for url: https://opcenter-test.goodyear.com/OpcenterRDnLGIL/odata/RndvRqIi(9032,90,1000000,534,4000000)/Update - {"IIVALUE": "09/15/2023 12:00:00 AM +00:00", "IIVALUEF": 0}
2024-07-18 06:29:50,453 - ERROR - Error at 1 on Try 4: 404 Client Error: Not Found for url: https://opcenter-test.goodyear.com/OpcenterRDnLGIL/odata/RndvRqIi(9032,90,1000000,534,4000000)/Update - {"IIVALUE": "09/15/2023 12:00:00 AM +00:00", "IIVALUEF": 0}
2024-07-18 06:29:51,131 - ERROR - Error at 1 on Try 5: 404 Client Error: Not Found for url: https://opcenter-test.goodyear.com/OpcenterRDnLGIL/odata/RndvRqIi(9032,90,1000000,534,4000000)/Update - {"IIVALUE": "09/15/2023 12:00:00 AM +00:00", "IIVALUEF": 0}
2024-07-18 06:29:51,348 - ERROR - Error at 1 on Try 1: 404 Client Error: Not Found for url: https://opcenter-test.goodyear.com/OpcenterRDnLGIL/odata/RndvRqIi(9032,90,1000000,535,3000000)/Update - {"IIVALUE": "09/14/2026 12:00:00 AM +00:00", "IIVALUEF": 0}
2024-07-18 06:29:52,038 - ERROR - Error at 1 on Try 2: 404 Client Error: Not Found for url: https://opcenter-test.goodyear.com/OpcenterRDnLGIL/odata/RndvRqIi(9032,90,1000000,535,3000000)/Update - {"IIVALUE": "09/14/2026 12:00:00 AM +00:00", "IIVALUEF": 0}
2024-07-18 06:29:52,719 - ERROR - Error at 1 on Try 3: 404 Client Error: Not Found for url: https://opcenter-test.goodyear.com/OpcenterRDnLGIL/odata/RndvRqIi(9032,90,1000000,535,3000000)/Update - {"IIVALUE": "09/14/2026 12:00:00 AM +00:00", "IIVALUEF": 0}
2024-07-18 06:29:53,401 - ERROR - Error at 1 on Try 4: 404 Client Error: Not Found for url: https://opcenter-test.goodyear.com/OpcenterRDnLGIL/odata/RndvRqIi(9032,90,1000000,535,3000000)/Update - {"IIVALUE": "09/14/2026 12:00:00 AM +00:00", "IIVALUEF": 0}
2024-07-18 06:29:54,083 - ERROR - Error at 1 on Try 5: 404 Client Error: Not Found for url: https://opcenter-test.goodyear.com/OpcenterRDnLGIL/odata/RndvRqIi(9032,90,1000000,535,3000000)/Update - {"IIVALUE": "09/14/2026 12:00:00 AM +00:00", "IIVALUEF": 0}
2024-07-18 06:29:54,285 - ERROR - Error at 1 on Try 1: 404 Client Error: Not Found for url: https://opcenter-test.goodyear.com/OpcenterRDnLGIL/odata/RndvRqIi(9032,90,1000000,536,6000000)/Update - {"IIVALUE": "GIC*L", "IIVALUEF": 0}
2024-07-18 06:29:54,978 - ERROR - Error at 1 on Try 2: 404 Client Error: Not Found for url: https://opcenter-test.goodyear.com/OpcenterRDnLGIL/odata/RndvRqIi(9032,90,1000000,536,6000000)/Update - {"IIVALUE": "GIC*L", "IIVALUEF": 0}
2024-07-18 06:29:55,669 - ERROR - Error at 1 on Try 3: 404 Client Error: Not Found for url: https://opcenter-test.goodyear.com/OpcenterRDnLGIL/odata/RndvRqIi(9032,90,1000000,536,6000000)/Update - {"IIVALUE": "GIC*L", "IIVALUEF": 0}
2024-07-18 06:29:56,360 - ERROR - Error at 1 on Try 4: 404 Client Error: Not Found for url: https://opcenter-test.goodyear.com/OpcenterRDnLGIL/odata/RndvRqIi(9032,90,1000000,536,6000000)/Update - {"IIVALUE": "GIC*L", "IIVALUEF": 0}
2024-07-18 06:29:57,041 - ERROR - Error at 1 on Try 5: 404 Client Error: Not Found for url: https://opcenter-test.goodyear.com/OpcenterRDnLGIL/odata/RndvRqIi(9032,90,1000000,536,6000000)/Update - {"IIVALUE": "GIC*L", "IIVALUEF": 0}
2024-07-18 06:29:57,246 - ERROR - Error at 1 on Try 1: 404 Client Error: Not Found for url: https://opcenter-test.goodyear.com/OpcenterRDnLGIL/odata/RndvRqIi(9032,90,1000000,537,7000000)/Update - {"IIVALUE": "Ventilated Cabinet 4", "IIVALUEF": 0}
2024-07-18 06:29:57,931 - ERROR - Error at 1 on Try 2: 404 Client Error: Not Found for url: https://opcenter-test.goodyear.com/OpcenterRDnLGIL/odata/RndvRqIi(9032,90,1000000,537,7000000)/Update - {"IIVALUE": "Ventilated Cabinet 4", "IIVALUEF": 0}
2024-07-18 06:29:58,618 - ERROR - Error at 1 on Try 3: 404 Client Error: Not Found for url: https://opcenter-test.goodyear.com/OpcenterRDnLGIL/odata/RndvRqIi(9032,90,1000000,537,7000000)/Update - {"IIVALUE": "Ventilated Cabinet 4", "IIVALUEF": 0}
2024-07-18 06:29:59,324 - ERROR - Error at 1 on Try 4: 404 Client Error: Not Found for url: https://opcenter-test.goodyear.com/OpcenterRDnLGIL/odata/RndvRqIi(9032,90,1000000,537,7000000)/Update - {"IIVALUE": "Ventilated Cabinet 4", "IIVALUEF": 0}
2024-07-18 06:30:00,017 - ERROR - Error at 1 on Try 5: 404 Client Error: Not Found for url: https://opcenter-test.goodyear.com/OpcenterRDnLGIL/odata/RndvRqIi(9032,90,1000000,537,7000000)/Update - {"IIVALUE": "Ventilated Cabinet 4", "IIVALUEF": 0}
2024-07-18 06:30:00,210 - ERROR - Error at 1 on Try 1: 404 Client Error: Not Found for url: https://opcenter-test.goodyear.com/OpcenterRDnLGIL/odata/RndvRqIi(9032,90,1000000,538,8000000)/Update - {"IIVALUE": "0", "IIVALUEF": 0}
2024-07-18 06:30:00,946 - ERROR - Error at 1 on Try 2: 404 Client Error: Not Found for url: https://opcenter-test.goodyear.com/OpcenterRDnLGIL/odata/RndvRqIi(9032,90,1000000,538,8000000)/Update - {"IIVALUE": "0", "IIVALUEF": 0}
2024-07-18 06:30:01,673 - ERROR - Error at 1 on Try 3: 404 Client Error: Not Found for url: https://opcenter-test.goodyear.com/OpcenterRDnLGIL/odata/RndvRqIi(9032,90,1000000,538,8000000)/Update - {"IIVALUE": "0", "IIVALUEF": 0}
2024-07-18 06:30:02,360 - ERROR - Error at 1 on Try 4: 404 Client Error: Not Found for url: https://opcenter-test.goodyear.com/OpcenterRDnLGIL/odata/RndvRqIi(9032,90,1000000,538,8000000)/Update - {"IIVALUE": "0", "IIVALUEF": 0}
2024-07-18 06:30:03,047 - ERROR - Error at 1 on Try 5: 404 Client Error: Not Found for url: https://opcenter-test.goodyear.com/OpcenterRDnLGIL/odata/RndvRqIi(9032,90,1000000,538,8000000)/Update - {"IIVALUE": "0", "IIVALUEF": 0}
2024-07-18 06:30:03,270 - ERROR - Error at 1 on Try 1: 404 Client Error: Not Found for url: https://opcenter-test.goodyear.com/OpcenterRDnLGIL/odata/RndvRqIi(9032,90,1000000,539,9000000)/Update - {"IIVALUE": "Kepenne, Veronique", "IIVALUEF": 0}
2024-07-18 06:30:03,953 - ERROR - Error at 1 on Try 2: 404 Client Error: Not Found for url: https://opcenter-test.goodyear.com/OpcenterRDnLGIL/odata/RndvRqIi(9032,90,1000000,539,9000000)/Update - {"IIVALUE": "Kepenne, Veronique", "IIVALUEF": 0}
2024-07-18 06:30:04,646 - ERROR - Error at 1 on Try 3: 404 Client Error: Not Found for url: https://opcenter-test.goodyear.com/OpcenterRDnLGIL/odata/RndvRqIi(9032,90,1000000,539,9000000)/Update - {"IIVALUE": "Kepenne, Veronique", "IIVALUEF": 0}
2024-07-18 06:30:05,338 - ERROR - Error at 1 on Try 4: 404 Client Error: Not Found for url: https://opcenter-test.goodyear.com/OpcenterRDnLGIL/odata/RndvRqIi(9032,90,1000000,539,9000000)/Update - {"IIVALUE": "Kepenne, Veronique", "IIVALUEF": 0}
2024-07-18 06:30:06,029 - ERROR - Error at 1 on Try 5: 404 Client Error: Not Found for url: https://opcenter-test.goodyear.com/OpcenterRDnLGIL/odata/RndvRqIi(9032,90,1000000,539,9000000)/Update - {"IIVALUE": "Kepenne, Veronique", "IIVALUEF": 0}
2024-07-18 06:30:06,221 - ERROR - Error at 1 on Try 1: 404 Client Error: Not Found for url: https://opcenter-test.goodyear.com/OpcenterRDnLGIL/odata/RndvRqIi(9032,90,1000000,540,10000000)/Update - {"IIVALUE": "77-09-8", "IIVALUEF": 0}
2024-07-18 06:30:06,916 - ERROR - Error at 1 on Try 2: 404 Client Error: Not Found for url: https://opcenter-test.goodyear.com/OpcenterRDnLGIL/odata/RndvRqIi(9032,90,1000000,540,10000000)/Update - {"IIVALUE": "77-09-8", "IIVALUEF": 0}
2024-07-18 06:30:07,613 - ERROR - Error at 1 on Try 3: 404 Client Error: Not Found for url: https://opcenter-test.goodyear.com/OpcenterRDnLGIL/odata/RndvRqIi(9032,90,1000000,540,10000000)/Update - {"IIVALUE": "77-09-8", "IIVALUEF": 0}
2024-07-18 06:30:08,296 - ERROR - Error at 1 on Try 4: 404 Client Error: Not Found for url: https://opcenter-test.goodyear.com/OpcenterRDnLGIL/odata/RndvRqIi(9032,90,1000000,540,10000000)/Update - {"IIVALUE": "77-09-8", "IIVALUEF": 0}
2024-07-18 06:30:08,990 - ERROR - Error at 1 on Try 5: 404 Client Error: Not Found for url: https://opcenter-test.goodyear.com/OpcenterRDnLGIL/odata/RndvRqIi(9032,90,1000000,540,10000000)/Update - {"IIVALUE": "77-09-8", "IIVALUEF": 0}
2024-07-18 06:30:09,183 - ERROR - Error at 1 on Try 1: 404 Client Error: Not Found for url: https://opcenter-test.goodyear.com/OpcenterRDnLGIL/odata/RndvRqIi(9032,90,1000000,541,11000000)/Update - {"IIVALUE": "25.0", "IIVALUEF": 0}
2024-07-18 06:30:09,878 - ERROR - Error at 1 on Try 2: 404 Client Error: Not Found for url: https://opcenter-test.goodyear.com/OpcenterRDnLGIL/odata/RndvRqIi(9032,90,1000000,541,11000000)/Update - {"IIVALUE": "25.0", "IIVALUEF": 0}
2024-07-18 06:30:10,560 - ERROR - Error at 1 on Try 3: 404 Client Error: Not Found for url: https://opcenter-test.goodyear.com/OpcenterRDnLGIL/odata/RndvRqIi(9032,90,1000000,541,11000000)/Update - {"IIVALUE": "25.0", "IIVALUEF": 0}
2024-07-18 06:30:11,248 - ERROR - Error at 1 on Try 4: 404 Client Error: Not Found for url: https://opcenter-test.goodyear.com/OpcenterRDnLGIL/odata/RndvRqIi(9032,90,1000000,541,11000000)/Update - {"IIVALUE": "25.0", "IIVALUEF": 0}
2024-07-18 06:30:11,940 - ERROR - Error at 1 on Try 5: 404 Client Error: Not Found for url: https://opcenter-test.goodyear.com/OpcenterRDnLGIL/odata/RndvRqIi(9032,90,1000000,541,11000000)/Update - {"IIVALUE": "25.0", "IIVALUEF": 0}
2024-07-18 06:30:12,136 - ERROR - Error at 1 on Try 1: 404 Client Error: Not Found for url: https://opcenter-test.goodyear.com/OpcenterRDnLGIL/odata/RndvRqIi(9032,90,1000000,640,12000000)/Update - {"IIVALUE": "0", "IIVALUEF": 0}
2024-07-18 06:30:12,828 - ERROR - Error at 1 on Try 2: 404 Client Error: Not Found for url: https://opcenter-test.goodyear.com/OpcenterRDnLGIL/odata/RndvRqIi(9032,90,1000000,640,12000000)/Update - {"IIVALUE": "0", "IIVALUEF": 0}
2024-07-18 06:30:13,512 - ERROR - Error at 1 on Try 3: 404 Client Error: Not Found for url: https://opcenter-test.goodyear.com/OpcenterRDnLGIL/odata/RndvRqIi(9032,90,1000000,640,12000000)/Update - {"IIVALUE": "0", "IIVALUEF": 0}
2024-07-18 06:30:14,203 - ERROR - Error at 1 on Try 4: 404 Client Error: Not Found for url: https://opcenter-test.goodyear.com/OpcenterRDnLGIL/odata/RndvRqIi(9032,90,1000000,640,12000000)/Update - {"IIVALUE": "0", "IIVALUEF": 0}
2024-07-18 06:30:14,883 - ERROR - Error at 1 on Try 5: 404 Client Error: Not Found for url: https://opcenter-test.goodyear.com/OpcenterRDnLGIL/odata/RndvRqIi(9032,90,1000000,640,12000000)/Update - {"IIVALUE": "0", "IIVALUEF": 0}
2024-07-18 06:30:15,063 - ERROR - Error at 1 on Try 1: 404 Client Error: Not Found for url: https://opcenter-test.goodyear.com/OpcenterRDnLGIL/odata/RndvRqIi(9032,90,1000000,647,13000000)/Update - {"IIVALUE": "Adv. Chemistry", "IIVALUEF": 0}
2024-07-18 06:30:15,754 - ERROR - Error at 1 on Try 2: 404 Client Error: Not Found for url: https://opcenter-test.goodyear.com/OpcenterRDnLGIL/odata/RndvRqIi(9032,90,1000000,647,13000000)/Update - {"IIVALUE": "Adv. Chemistry", "IIVALUEF": 0}
2024-07-18 06:30:16,440 - ERROR - Error at 1 on Try 3: 404 Client Error: Not Found for url: https://opcenter-test.goodyear.com/OpcenterRDnLGIL/odata/RndvRqIi(9032,90,1000000,647,13000000)/Update - {"IIVALUE": "Adv. Chemistry", "IIVALUEF": 0}
2024-07-18 06:30:17,124 - ERROR - Error at 1 on Try 4: 404 Client Error: Not Found for url: https://opcenter-test.goodyear.com/OpcenterRDnLGIL/odata/RndvRqIi(9032,90,1000000,647,13000000)/Update - {"IIVALUE": "Adv. Chemistry", "IIVALUEF": 0}
2024-07-18 06:30:17,837 - ERROR - Error at 1 on Try 5: 404 Client Error: Not Found for url: https://opcenter-test.goodyear.com/OpcenterRDnLGIL/odata/RndvRqIi(9032,90,1000000,647,13000000)/Update - {"IIVALUE": "Adv. Chemistry", "IIVALUEF": 0}
2024-07-18 06:30:18,033 - ERROR - Error at 1 on Try 1: 404 Client Error: Not Found for url: https://opcenter-test.goodyear.com/OpcenterRDnLGIL/odata/RndvRqIi(9032,90,1000000,648,2000000)/Update - {"IIVALUE": "0", "IIVALUEF": 0}
2024-07-18 06:30:18,712 - ERROR - Error at 1 on Try 2: 404 Client Error: Not Found for url: https://opcenter-test.goodyear.com/OpcenterRDnLGIL/odata/RndvRqIi(9032,90,1000000,648,2000000)/Update - {"IIVALUE": "0", "IIVALUEF": 0}
2024-07-18 06:30:19,396 - ERROR - Error at 1 on Try 3: 404 Client Error: Not Found for url: https://opcenter-test.goodyear.com/OpcenterRDnLGIL/odata/RndvRqIi(9032,90,1000000,648,2000000)/Update - {"IIVALUE": "0", "IIVALUEF": 0}
2024-07-18 06:30:20,086 - ERROR - Error at 1 on Try 4: 404 Client Error: Not Found for url: https://opcenter-test.goodyear.com/OpcenterRDnLGIL/odata/RndvRqIi(9032,90,1000000,648,2000000)/Update - {"IIVALUE": "0", "IIVALUEF": 0}
2024-07-18 06:30:20,781 - ERROR - Error at 1 on Try 5: 404 Client Error: Not Found for url: https://opcenter-test.goodyear.com/OpcenterRDnLGIL/odata/RndvRqIi(9032,90,1000000,648,2000000)/Update - {"IIVALUE": "0", "IIVALUEF": 0}
2024-07-18 06:30:20,988 - ERROR - Error at 1 on Try 1: 404 Client Error: Not Found for url: https://opcenter-test.goodyear.com/OpcenterRDnLGIL/odata/RndvRqIi(9032,90,1000000,649,14000000)/Update - {"IIVALUE": "Phenolphthalein indicator ", "IIVALUEF": 0}
2024-07-18 06:30:21,678 - ERROR - Error at 1 on Try 2: 404 Client Error: Not Found for url: https://opcenter-test.goodyear.com/OpcenterRDnLGIL/odata/RndvRqIi(9032,90,1000000,649,14000000)/Update - {"IIVALUE": "Phenolphthalein indicator ", "IIVALUEF": 0}
2024-07-18 06:30:22,384 - ERROR - Error at 1 on Try 3: 404 Client Error: Not Found for url: https://opcenter-test.goodyear.com/OpcenterRDnLGIL/odata/RndvRqIi(9032,90,1000000,649,14000000)/Update - {"IIVALUE": "Phenolphthalein indicator ", "IIVALUEF": 0}
2024-07-18 06:30:23,064 - ERROR - Error at 1 on Try 4: 404 Client Error: Not Found for url: https://opcenter-test.goodyear.com/OpcenterRDnLGIL/odata/RndvRqIi(9032,90,1000000,649,14000000)/Update - {"IIVALUE": "Phenolphthalein indicator ", "IIVALUEF": 0}
2024-07-18 06:30:23,747 - ERROR - Error at 1 on Try 5: 404 Client Error: Not Found for url: https://opcenter-test.goodyear.com/OpcenterRDnLGIL/odata/RndvRqIi(9032,90,1000000,649,14000000)/Update - {"IIVALUE": "Phenolphthalein indicator ", "IIVALUEF": 0}
2024-07-18 06:30:23,936 - ERROR - Error at 1 on Try 1: 404 Client Error: Not Found for url: https://opcenter-test.goodyear.com/OpcenterRDnLGIL/odata/RndvRqIi(9032,90,1000000,650,15000000)/Update - {"IIVALUE": "Merck", "IIVALUEF": 0}
2024-07-18 06:30:24,626 - ERROR - Error at 1 on Try 2: 404 Client Error: Not Found for url: https://opcenter-test.goodyear.com/OpcenterRDnLGIL/odata/RndvRqIi(9032,90,1000000,650,15000000)/Update - {"IIVALUE": "Merck", "IIVALUEF": 0}
2024-07-18 06:30:25,312 - ERROR - Error at 1 on Try 3: 404 Client Error: Not Found for url: https://opcenter-test.goodyear.com/OpcenterRDnLGIL/odata/RndvRqIi(9032,90,1000000,650,15000000)/Update - {"IIVALUE": "Merck", "IIVALUEF": 0}
2024-07-18 06:30:26,043 - ERROR - Error at 1 on Try 4: 404 Client Error: Not Found for url: https://opcenter-test.goodyear.com/OpcenterRDnLGIL/odata/RndvRqIi(9032,90,1000000,650,15000000)/Update - {"IIVALUE": "Merck", "IIVALUEF": 0}
2024-07-18 06:30:26,731 - ERROR - Error at 1 on Try 5: 404 Client Error: Not Found for url: https://opcenter-test.goodyear.com/OpcenterRDnLGIL/odata/RndvRqIi(9032,90,1000000,650,15000000)/Update - {"IIVALUE": "Merck", "IIVALUEF": 0}
2024-07-18 06:30:26,938 - ERROR - Error at 1 on Try 1: 404 Client Error: Not Found for url: https://opcenter-test.goodyear.com/OpcenterRDnLGIL/odata/RndvRqIi(9032,90,1000000,653,17000000)/Update - {"IIVALUE": "0", "IIVALUEF": 0}
2024-07-18 06:30:27,623 - ERROR - Error at 1 on Try 2: 404 Client Error: Not Found for url: https://opcenter-test.goodyear.com/OpcenterRDnLGIL/odata/RndvRqIi(9032,90,1000000,653,17000000)/Update - {"IIVALUE": "0", "IIVALUEF": 0}
2024-07-18 06:30:28,312 - ERROR - Error at 1 on Try 3: 404 Client Error: Not Found for url: https://opcenter-test.goodyear.com/OpcenterRDnLGIL/odata/RndvRqIi(9032,90,1000000,653,17000000)/Update - {"IIVALUE": "0", "IIVALUEF": 0}
2024-07-18 06:30:29,017 - ERROR - Error at 1 on Try 4: 404 Client Error: Not Found for url: https://opcenter-test.goodyear.com/OpcenterRDnLGIL/odata/RndvRqIi(9032,90,1000000,653,17000000)/Update - {"IIVALUE": "0", "IIVALUEF": 0}
2024-07-18 06:30:29,726 - ERROR - Error at 1 on Try 5: 404 Client Error: Not Found for url: https://opcenter-test.goodyear.com/OpcenterRDnLGIL/odata/RndvRqIi(9032,90,1000000,653,17000000)/Update - {"IIVALUE": "0", "IIVALUEF": 0}
2024-07-18 06:30:29,950 - ERROR - Error at 1 on Try 1: 404 Client Error: Not Found for url: https://opcenter-test.goodyear.com/OpcenterRDnLGIL/odata/RndvRqIi(9032,90,1000000,654,16000000)/Update - {"IIVALUE": "g", "IIVALUEF": 0}
2024-07-18 06:30:30,632 - ERROR - Error at 1 on Try 2: 404 Client Error: Not Found for url: https://opcenter-test.goodyear.com/OpcenterRDnLGIL/odata/RndvRqIi(9032,90,1000000,654,16000000)/Update - {"IIVALUE": "g", "IIVALUEF": 0}
2024-07-18 06:30:31,326 - ERROR - Error at 1 on Try 3: 404 Client Error: Not Found for url: https://opcenter-test.goodyear.com/OpcenterRDnLGIL/odata/RndvRqIi(9032,90,1000000,654,16000000)/Update - {"IIVALUE": "g", "IIVALUEF": 0}
2024-07-18 06:30:32,009 - ERROR - Error at 1 on Try 4: 404 Client Error: Not Found for url: https://opcenter-test.goodyear.com/OpcenterRDnLGIL/odata/RndvRqIi(9032,90,1000000,654,16000000)/Update - {"IIVALUE": "g", "IIVALUEF": 0}
2024-07-18 06:30:32,696 - ERROR - Error at 1 on Try 5: 404 Client Error: Not Found for url: https://opcenter-test.goodyear.com/OpcenterRDnLGIL/odata/RndvRqIi(9032,90,1000000,654,16000000)/Update - {"IIVALUE": "g", "IIVALUEF": 0}
2024-07-18 06:30:32,899 - ERROR - Error at 1 on Try 1: 404 Client Error: Not Found for url: https://opcenter-test.goodyear.com/OpcenterRDnLGIL/odata/RndvRqIi(9032,90,1000000,656,18000000)/Update - {"IIVALUE": "0", "IIVALUEF": 0}
2024-07-18 06:30:33,596 - ERROR - Error at 1 on Try 2: 404 Client Error: Not Found for url: https://opcenter-test.goodyear.com/OpcenterRDnLGIL/odata/RndvRqIi(9032,90,1000000,656,18000000)/Update - {"IIVALUE": "0", "IIVALUEF": 0}
2024-07-18 06:30:34,290 - ERROR - Error at 1 on Try 3: 404 Client Error: Not Found for url: https://opcenter-test.goodyear.com/OpcenterRDnLGIL/odata/RndvRqIi(9032,90,1000000,656,18000000)/Update - {"IIVALUE": "0", "IIVALUEF": 0}
2024-07-18 06:30:34,978 - ERROR - Error at 1 on Try 4: 404 Client Error: Not Found for url: https://opcenter-test.goodyear.com/OpcenterRDnLGIL/odata/RndvRqIi(9032,90,1000000,656,18000000)/Update - {"IIVALUE": "0", "IIVALUEF": 0}
2024-07-18 06:30:35,659 - ERROR - Error at 1 on Try 5: 404 Client Error: Not Found for url: https://opcenter-test.goodyear.com/OpcenterRDnLGIL/odata/RndvRqIi(9032,90,1000000,656,18000000)/Update - {"IIVALUE": "0", "IIVALUEF": 0}
2024-07-18 06:30:35,847 - ERROR - Error at 1 on Try 1: 404 Client Error: Not Found for url: https://opcenter-test.goodyear.com/OpcenterRDnLGIL/odata/RndvRqIi(9032,90,1000000,531,19000000)/Update - {"IIVALUE": "K42845433219", "IIVALUEF": 0}
2024-07-18 06:30:36,527 - ERROR - Error at 1 on Try 2: 404 Client Error: Not Found for url: https://opcenter-test.goodyear.com/OpcenterRDnLGIL/odata/RndvRqIi(9032,90,1000000,531,19000000)/Update - {"IIVALUE": "K42845433219", "IIVALUEF": 0}
2024-07-18 06:30:37,214 - ERROR - Error at 1 on Try 3: 404 Client Error: Not Found for url: https://opcenter-test.goodyear.com/OpcenterRDnLGIL/odata/RndvRqIi(9032,90,1000000,531,19000000)/Update - {"IIVALUE": "K42845433219", "IIVALUEF": 0}
2024-07-18 06:30:37,904 - ERROR - Error at 1 on Try 4: 404 Client Error: Not Found for url: https://opcenter-test.goodyear.com/OpcenterRDnLGIL/odata/RndvRqIi(9032,90,1000000,531,19000000)/Update - {"IIVALUE": "K42845433219", "IIVALUEF": 0}
2024-07-18 06:30:38,582 - ERROR - Error at 1 on Try 5: 404 Client Error: Not Found for url: https://opcenter-test.goodyear.com/OpcenterRDnLGIL/odata/RndvRqIi(9032,90,1000000,531,19000000)/Update - {"IIVALUE": "K42845433219", "IIVALUEF": 0}
2024-07-18 06:30:38,908 - INFO - Success on 2: 200 - {"IIVALUE": "1.07233.0025", "IIVALUEF": 0}
2024-07-18 06:30:39,306 - INFO - Success on 3: 200 - {"SHORT_DESC": "Chemical & Consumables Container", "RQ_VALUE": null, "DESCRIPTION": "Chemical & Consumables Container"}
2024-07-18 06:30:40,481 - INFO - Success on 3: 200 - {"StatusTo": 5}
2024-07-18 06:30:40,678 - ERROR - Error at 2 on Try 1: 404 Client Error: Not Found for url: https://opcenter-test.goodyear.com/OpcenterRDnLGIL/odata/RndvRqIi(9033,90,1000000,9,5000000)/Update - {"IIVALUE": "AS*L", "IIVALUEF": 0}
2024-07-18 06:30:41,370 - ERROR - Error at 2 on Try 2: 404 Client Error: Not Found for url: https://opcenter-test.goodyear.com/OpcenterRDnLGIL/odata/RndvRqIi(9033,90,1000000,9,5000000)/Update - {"IIVALUE": "AS*L", "IIVALUEF": 0}
2024-07-18 06:30:42,076 - ERROR - Error at 2 on Try 3: 404 Client Error: Not Found for url: https://opcenter-test.goodyear.com/OpcenterRDnLGIL/odata/RndvRqIi(9033,90,1000000,9,5000000)/Update - {"IIVALUE": "AS*L", "IIVALUEF": 0}
2024-07-18 06:30:42,761 - ERROR - Error at 2 on Try 4: 404 Client Error: Not Found for url: https://opcenter-test.goodyear.com/OpcenterRDnLGIL/odata/RndvRqIi(9033,90,1000000,9,5000000)/Update - {"IIVALUE": "AS*L", "IIVALUEF": 0}
2024-07-18 06:30:43,447 - ERROR - Error at 2 on Try 5: 404 Client Error: Not Found for url: https://opcenter-test.goodyear.com/OpcenterRDnLGIL/odata/RndvRqIi(9033,90,1000000,9,5000000)/Update - {"IIVALUE": "AS*L", "IIVALUEF": 0}
2024-07-18 06:30:43,628 - ERROR - Error at 2 on Try 1: 404 Client Error: Not Found for url: https://opcenter-test.goodyear.com/OpcenterRDnLGIL/odata/RndvRqIi(9033,90,1000000,530,1000000)/Update - {"IIVALUE": "0", "IIVALUEF": 0}
2024-07-18 06:30:44,317 - ERROR - Error at 2 on Try 2: 404 Client Error: Not Found for url: https://opcenter-test.goodyear.com/OpcenterRDnLGIL/odata/RndvRqIi(9033,90,1000000,530,1000000)/Update - {"IIVALUE": "0", "IIVALUEF": 0}
2024-07-18 06:30:45,010 - ERROR - Error at 2 on Try 3: 404 Client Error: Not Found for url: https://opcenter-test.goodyear.com/OpcenterRDnLGIL/odata/RndvRqIi(9033,90,1000000,530,1000000)/Update - {"IIVALUE": "0", "IIVALUEF": 0}
2024-07-18 06:30:45,705 - ERROR - Error at 2 on Try 4: 404 Client Error: Not Found for url: https://opcenter-test.goodyear.com/OpcenterRDnLGIL/odata/RndvRqIi(9033,90,1000000,530,1000000)/Update - {"IIVALUE": "0", "IIVALUEF": 0}
2024-07-18 06:30:46,405 - ERROR - Error at 2 on Try 5: 404 Client Error: Not Found for url: https://opcenter-test.goodyear.com/OpcenterRDnLGIL/odata/RndvRqIi(9033,90,1000000,530,1000000)/Update - {"IIVALUE": "0", "IIVALUEF": 0}
2024-07-18 06:30:46,603 - ERROR - Error at 2 on Try 1: 404 Client Error: Not Found for url: https://opcenter-test.goodyear.com/OpcenterRDnLGIL/odata/RndvRqIi(9033,90,1000000,534,4000000)/Update - {"IIVALUE": "09/15/2023 12:00:00 AM +00:00", "IIVALUEF": 0}
2024-07-18 06:30:47,291 - ERROR - Error at 2 on Try 2: 404 Client Error: Not Found for url: https://opcenter-test.goodyear.com/OpcenterRDnLGIL/odata/RndvRqIi(9033,90,1000000,534,4000000)/Update - {"IIVALUE": "09/15/2023 12:00:00 AM +00:00", "IIVALUEF": 0}
2024-07-18 06:30:47,972 - ERROR - Error at 2 on Try 3: 404 Client Error: Not Found for url: https://opcenter-test.goodyear.com/OpcenterRDnLGIL/odata/RndvRqIi(9033,90,1000000,534,4000000)/Update - {"IIVALUE": "09/15/2023 12:00:00 AM +00:00", "IIVALUEF": 0}
2024-07-18 06:30:48,661 - ERROR - Error at 2 on Try 4: 404 Client Error: Not Found for url: https://opcenter-test.goodyear.com/OpcenterRDnLGIL/odata/RndvRqIi(9033,90,1000000,534,4000000)/Update - {"IIVALUE": "09/15/2023 12:00:00 AM +00:00", "IIVALUEF": 0}
2024-07-18 06:30:49,344 - ERROR - Error at 2 on Try 5: 404 Client Error: Not Found for url: https://opcenter-test.goodyear.com/OpcenterRDnLGIL/odata/RndvRqIi(9033,90,1000000,534,4000000)/Update - {"IIVALUE": "09/15/2023 12:00:00 AM +00:00", "IIVALUEF": 0}
2024-07-18 06:30:49,526 - ERROR - Error at 2 on Try 1: 404 Client Error: Not Found for url: https://opcenter-test.goodyear.com/OpcenterRDnLGIL/odata/RndvRqIi(9033,90,1000000,535,3000000)/Update - {"IIVALUE": "09/14/2026 12:00:00 AM +00:00", "IIVALUEF": 0}
2024-07-18 06:30:50,209 - ERROR - Error at 2 on Try 2: 404 Client Error: Not Found for url: https://opcenter-test.goodyear.com/OpcenterRDnLGIL/odata/RndvRqIi(9033,90,1000000,535,3000000)/Update - {"IIVALUE": "09/14/2026 12:00:00 AM +00:00", "IIVALUEF": 0}
2024-07-18 06:30:50,898 - ERROR - Error at 2 on Try 3: 404 Client Error: Not Found for url: https://opcenter-test.goodyear.com/OpcenterRDnLGIL/odata/RndvRqIi(9033,90,1000000,535,3000000)/Update - {"IIVALUE": "09/14/2026 12:00:00 AM +00:00", "IIVALUEF": 0}
2024-07-18 06:30:51,607 - ERROR - Error at 2 on Try 4: 404 Client Error: Not Found for url: https://opcenter-test.goodyear.com/OpcenterRDnLGIL/odata/RndvRqIi(9033,90,1000000,535,3000000)/Update - {"IIVALUE": "09/14/2026 12:00:00 AM +00:00", "IIVALUEF": 0}
2024-07-18 06:30:52,287 - ERROR - Error at 2 on Try 5: 404 Client Error: Not Found for url: https://opcenter-test.goodyear.com/OpcenterRDnLGIL/odata/RndvRqIi(9033,90,1000000,535,3000000)/Update - {"IIVALUE": "09/14/2026 12:00:00 AM +00:00", "IIVALUEF": 0}
2024-07-18 06:30:52,469 - ERROR - Error at 2 on Try 1: 404 Client Error: Not Found for url: https://opcenter-test.goodyear.com/OpcenterRDnLGIL/odata/RndvRqIi(9033,90,1000000,536,6000000)/Update - {"IIVALUE": "GIC*L", "IIVALUEF": 0}
2024-07-18 06:30:53,152 - ERROR - Error at 2 on Try 2: 404 Client Error: Not Found for url: https://opcenter-test.goodyear.com/OpcenterRDnLGIL/odata/RndvRqIi(9033,90,1000000,536,6000000)/Update - {"IIVALUE": "GIC*L", "IIVALUEF": 0}
2024-07-18 06:30:53,840 - ERROR - Error at 2 on Try 3: 404 Client Error: Not Found for url: https://opcenter-test.goodyear.com/OpcenterRDnLGIL/odata/RndvRqIi(9033,90,1000000,536,6000000)/Update - {"IIVALUE": "GIC*L", "IIVALUEF": 0}
2024-07-18 06:30:54,525 - ERROR - Error at 2 on Try 4: 404 Client Error: Not Found for url: https://opcenter-test.goodyear.com/OpcenterRDnLGIL/odata/RndvRqIi(9033,90,1000000,536,6000000)/Update - {"IIVALUE": "GIC*L", "IIVALUEF": 0}
2024-07-18 06:30:55,231 - ERROR - Error at 2 on Try 5: 404 Client Error: Not Found for url: https://opcenter-test.goodyear.com/OpcenterRDnLGIL/odata/RndvRqIi(9033,90,1000000,536,6000000)/Update - {"IIVALUE": "GIC*L", "IIVALUEF": 0}
2024-07-18 06:30:55,432 - ERROR - Error at 2 on Try 1: 404 Client Error: Not Found for url: https://opcenter-test.goodyear.com/OpcenterRDnLGIL/odata/RndvRqIi(9033,90,1000000,537,7000000)/Update - {"IIVALUE": "Ventilated Cabinet 4", "IIVALUEF": 0}
2024-07-18 06:30:56,111 - ERROR - Error at 2 on Try 2: 404 Client Error: Not Found for url: https://opcenter-test.goodyear.com/OpcenterRDnLGIL/odata/RndvRqIi(9033,90,1000000,537,7000000)/Update - {"IIVALUE": "Ventilated Cabinet 4", "IIVALUEF": 0}
2024-07-18 06:30:56,795 - ERROR - Error at 2 on Try 3: 404 Client Error: Not Found for url: https://opcenter-test.goodyear.com/OpcenterRDnLGIL/odata/RndvRqIi(9033,90,1000000,537,7000000)/Update - {"IIVALUE": "Ventilated Cabinet 4", "IIVALUEF": 0}
2024-07-18 06:30:57,508 - ERROR - Error at 2 on Try 4: 404 Client Error: Not Found for url: https://opcenter-test.goodyear.com/OpcenterRDnLGIL/odata/RndvRqIi(9033,90,1000000,537,7000000)/Update - {"IIVALUE": "Ventilated Cabinet 4", "IIVALUEF": 0}
2024-07-18 06:30:58,193 - ERROR - Error at 2 on Try 5: 404 Client Error: Not Found for url: https://opcenter-test.goodyear.com/OpcenterRDnLGIL/odata/RndvRqIi(9033,90,1000000,537,7000000)/Update - {"IIVALUE": "Ventilated Cabinet 4", "IIVALUEF": 0}
2024-07-18 06:30:58,385 - ERROR - Error at 2 on Try 1: 404 Client Error: Not Found for url: https://opcenter-test.goodyear.com/OpcenterRDnLGIL/odata/RndvRqIi(9033,90,1000000,538,8000000)/Update - {"IIVALUE": "0", "IIVALUEF": 0}
2024-07-18 06:30:59,080 - ERROR - Error at 2 on Try 2: 404 Client Error: Not Found for url: https://opcenter-test.goodyear.com/OpcenterRDnLGIL/odata/RndvRqIi(9033,90,1000000,538,8000000)/Update - {"IIVALUE": "0", "IIVALUEF": 0}
2024-07-18 06:30:59,772 - ERROR - Error at 2 on Try 3: 404 Client Error: Not Found for url: https://opcenter-test.goodyear.com/OpcenterRDnLGIL/odata/RndvRqIi(9033,90,1000000,538,8000000)/Update - {"IIVALUE": "0", "IIVALUEF": 0}
2024-07-18 06:31:00,471 - ERROR - Error at 2 on Try 4: 404 Client Error: Not Found for url: https://opcenter-test.goodyear.com/OpcenterRDnLGIL/odata/RndvRqIi(9033,90,1000000,538,8000000)/Update - {"IIVALUE": "0", "IIVALUEF": 0}
2024-07-18 06:31:01,162 - ERROR - Error at 2 on Try 5: 404 Client Error: Not Found for url: https://opcenter-test.goodyear.com/OpcenterRDnLGIL/odata/RndvRqIi(9033,90,1000000,538,8000000)/Update - {"IIVALUE": "0", "IIVALUEF": 0}
2024-07-18 06:31:01,390 - ERROR - Error at 2 on Try 1: 404 Client Error: Not Found for url: https://opcenter-test.goodyear.com/OpcenterRDnLGIL/odata/RndvRqIi(9033,90,1000000,539,9000000)/Update - {"IIVALUE": "Kepenne, Veronique", "IIVALUEF": 0}
2024-07-18 06:31:02,075 - ERROR - Error at 2 on Try 2: 404 Client Error: Not Found for url: https://opcenter-test.goodyear.com/OpcenterRDnLGIL/odata/RndvRqIi(9033,90,1000000,539,9000000)/Update - {"IIVALUE": "Kepenne, Veronique", "IIVALUEF": 0}
2024-07-18 06:31:02,757 - ERROR - Error at 2 on Try 3: 404 Client Error: Not Found for url: https://opcenter-test.goodyear.com/OpcenterRDnLGIL/odata/RndvRqIi(9033,90,1000000,539,9000000)/Update - {"IIVALUE": "Kepenne, Veronique", "IIVALUEF": 0}
2024-07-18 06:31:03,447 - ERROR - Error at 2 on Try 4: 404 Client Error: Not Found for url: https://opcenter-test.goodyear.com/OpcenterRDnLGIL/odata/RndvRqIi(9033,90,1000000,539,9000000)/Update - {"IIVALUE": "Kepenne, Veronique", "IIVALUEF": 0}
2024-07-18 06:31:04,133 - ERROR - Error at 2 on Try 5: 404 Client Error: Not Found for url: https://opcenter-test.goodyear.com/OpcenterRDnLGIL/odata/RndvRqIi(9033,90,1000000,539,9000000)/Update - {"IIVALUE": "Kepenne, Veronique", "IIVALUEF": 0}
2024-07-18 06:31:04,324 - ERROR - Error at 2 on Try 1: 404 Client Error: Not Found for url: https://opcenter-test.goodyear.com/OpcenterRDnLGIL/odata/RndvRqIi(9033,90,1000000,540,10000000)/Update - {"IIVALUE": "CE 215-181-3", "IIVALUEF": 0}
2024-07-18 06:31:05,006 - ERROR - Error at 2 on Try 2: 404 Client Error: Not Found for url: https://opcenter-test.goodyear.com/OpcenterRDnLGIL/odata/RndvRqIi(9033,90,1000000,540,10000000)/Update - {"IIVALUE": "CE 215-181-3", "IIVALUEF": 0}
2024-07-18 06:31:05,692 - ERROR - Error at 2 on Try 3: 404 Client Error: Not Found for url: https://opcenter-test.goodyear.com/OpcenterRDnLGIL/odata/RndvRqIi(9033,90,1000000,540,10000000)/Update - {"IIVALUE": "CE 215-181-3", "IIVALUEF": 0}
2024-07-18 06:31:06,372 - ERROR - Error at 2 on Try 4: 404 Client Error: Not Found for url: https://opcenter-test.goodyear.com/OpcenterRDnLGIL/odata/RndvRqIi(9033,90,1000000,540,10000000)/Update - {"IIVALUE": "CE 215-181-3", "IIVALUEF": 0}
2024-07-18 06:31:07,061 - ERROR - Error at 2 on Try 5: 404 Client Error: Not Found for url: https://opcenter-test.goodyear.com/OpcenterRDnLGIL/odata/RndvRqIi(9033,90,1000000,540,10000000)/Update - {"IIVALUE": "CE 215-181-3", "IIVALUEF": 0}
2024-07-18 06:31:07,268 - ERROR - Error at 2 on Try 1: 404 Client Error: Not Found for url: https://opcenter-test.goodyear.com/OpcenterRDnLGIL/odata/RndvRqIi(9033,90,1000000,541,11000000)/Update - {"IIVALUE": "80.0", "IIVALUEF": 0}
2024-07-18 06:31:07,968 - ERROR - Error at 2 on Try 2: 404 Client Error: Not Found for url: https://opcenter-test.goodyear.com/OpcenterRDnLGIL/odata/RndvRqIi(9033,90,1000000,541,11000000)/Update - {"IIVALUE": "80.0", "IIVALUEF": 0}
2024-07-18 06:31:08,649 - ERROR - Error at 2 on Try 3: 404 Client Error: Not Found for url: https://opcenter-test.goodyear.com/OpcenterRDnLGIL/odata/RndvRqIi(9033,90,1000000,541,11000000)/Update - {"IIVALUE": "80.0", "IIVALUEF": 0}
2024-07-18 06:31:09,332 - ERROR - Error at 2 on Try 4: 404 Client Error: Not Found for url: https://opcenter-test.goodyear.com/OpcenterRDnLGIL/odata/RndvRqIi(9033,90,1000000,541,11000000)/Update - {"IIVALUE": "80.0", "IIVALUEF": 0}
2024-07-18 06:31:10,023 - ERROR - Error at 2 on Try 5: 404 Client Error: Not Found for url: https://opcenter-test.goodyear.com/OpcenterRDnLGIL/odata/RndvRqIi(9033,90,1000000,541,11000000)/Update - {"IIVALUE": "80.0", "IIVALUEF": 0}
2024-07-18 06:31:10,229 - ERROR - Error at 2 on Try 1: 404 Client Error: Not Found for url: https://opcenter-test.goodyear.com/OpcenterRDnLGIL/odata/RndvRqIi(9033,90,1000000,640,12000000)/Update - {"IIVALUE": "Method/Project: QA 0056-01", "IIVALUEF": 0}
2024-07-18 06:31:10,919 - ERROR - Error at 2 on Try 2: 404 Client Error: Not Found for url: https://opcenter-test.goodyear.com/OpcenterRDnLGIL/odata/RndvRqIi(9033,90,1000000,640,12000000)/Update - {"IIVALUE": "Method/Project: QA 0056-01", "IIVALUEF": 0}
2024-07-18 06:31:11,615 - ERROR - Error at 2 on Try 3: 404 Client Error: Not Found for url: https://opcenter-test.goodyear.com/OpcenterRDnLGIL/odata/RndvRqIi(9033,90,1000000,640,12000000)/Update - {"IIVALUE": "Method/Project: QA 0056-01", "IIVALUEF": 0}
2024-07-18 06:31:12,298 - ERROR - Error at 2 on Try 4: 404 Client Error: Not Found for url: https://opcenter-test.goodyear.com/OpcenterRDnLGIL/odata/RndvRqIi(9033,90,1000000,640,12000000)/Update - {"IIVALUE": "Method/Project: QA 0056-01", "IIVALUEF": 0}
2024-07-18 06:31:12,999 - ERROR - Error at 2 on Try 5: 404 Client Error: Not Found for url: https://opcenter-test.goodyear.com/OpcenterRDnLGIL/odata/RndvRqIi(9033,90,1000000,640,12000000)/Update - {"IIVALUE": "Method/Project: QA 0056-01", "IIVALUEF": 0}
2024-07-18 06:31:13,217 - ERROR - Error at 2 on Try 1: 404 Client Error: Not Found for url: https://opcenter-test.goodyear.com/OpcenterRDnLGIL/odata/RndvRqIi(9033,90,1000000,647,13000000)/Update - {"IIVALUE": "Adv. Chemistry", "IIVALUEF": 0}
2024-07-18 06:31:13,904 - ERROR - Error at 2 on Try 2: 404 Client Error: Not Found for url: https://opcenter-test.goodyear.com/OpcenterRDnLGIL/odata/RndvRqIi(9033,90,1000000,647,13000000)/Update - {"IIVALUE": "Adv. Chemistry", "IIVALUEF": 0}
2024-07-18 06:31:14,591 - ERROR - Error at 2 on Try 3: 404 Client Error: Not Found for url: https://opcenter-test.goodyear.com/OpcenterRDnLGIL/odata/RndvRqIi(9033,90,1000000,647,13000000)/Update - {"IIVALUE": "Adv. Chemistry", "IIVALUEF": 0}
2024-07-18 06:31:15,278 - ERROR - Error at 2 on Try 4: 404 Client Error: Not Found for url: https://opcenter-test.goodyear.com/OpcenterRDnLGIL/odata/RndvRqIi(9033,90,1000000,647,13000000)/Update - {"IIVALUE": "Adv. Chemistry", "IIVALUEF": 0}
2024-07-18 06:31:15,963 - ERROR - Error at 2 on Try 5: 404 Client Error: Not Found for url: https://opcenter-test.goodyear.com/OpcenterRDnLGIL/odata/RndvRqIi(9033,90,1000000,647,13000000)/Update - {"IIVALUE": "Adv. Chemistry", "IIVALUEF": 0}
2024-07-18 06:31:16,148 - ERROR - Error at 2 on Try 1: 404 Client Error: Not Found for url: https://opcenter-test.goodyear.com/OpcenterRDnLGIL/odata/RndvRqIi(9033,90,1000000,648,2000000)/Update - {"IIVALUE": "0", "IIVALUEF": 0}
2024-07-18 06:31:16,835 - ERROR - Error at 2 on Try 2: 404 Client Error: Not Found for url: https://opcenter-test.goodyear.com/OpcenterRDnLGIL/odata/RndvRqIi(9033,90,1000000,648,2000000)/Update - {"IIVALUE": "0", "IIVALUEF": 0}
2024-07-18 06:31:17,526 - ERROR - Error at 2 on Try 3: 404 Client Error: Not Found for url: https://opcenter-test.goodyear.com/OpcenterRDnLGIL/odata/RndvRqIi(9033,90,1000000,648,2000000)/Update - {"IIVALUE": "0", "IIVALUEF": 0}
2024-07-18 06:31:18,242 - ERROR - Error at 2 on Try 4: 404 Client Error: Not Found for url: https://opcenter-test.goodyear.com/OpcenterRDnLGIL/odata/RndvRqIi(9033,90,1000000,648,2000000)/Update - {"IIVALUE": "0", "IIVALUEF": 0}
2024-07-18 06:31:18,930 - ERROR - Error at 2 on Try 5: 404 Client Error: Not Found for url: https://opcenter-test.goodyear.com/OpcenterRDnLGIL/odata/RndvRqIi(9033,90,1000000,648,2000000)/Update - {"IIVALUE": "0", "IIVALUEF": 0}
2024-07-18 06:31:19,115 - ERROR - Error at 2 on Try 1: 404 Client Error: Not Found for url: https://opcenter-test.goodyear.com/OpcenterRDnLGIL/odata/RndvRqIi(9033,90,1000000,649,14000000)/Update - {"IIVALUE": "Potassium hydroxyde pellets for analysis ", "IIVALUEF": 0}
2024-07-18 06:31:19,816 - ERROR - Error at 2 on Try 2: 404 Client Error: Not Found for url: https://opcenter-test.goodyear.com/OpcenterRDnLGIL/odata/RndvRqIi(9033,90,1000000,649,14000000)/Update - {"IIVALUE": "Potassium hydroxyde pellets for analysis ", "IIVALUEF": 0}
2024-07-18 06:31:20,518 - ERROR - Error at 2 on Try 3: 404 Client Error: Not Found for url: https://opcenter-test.goodyear.com/OpcenterRDnLGIL/odata/RndvRqIi(9033,90,1000000,649,14000000)/Update - {"IIVALUE": "Potassium hydroxyde pellets for analysis ", "IIVALUEF": 0}
2024-07-18 06:31:21,205 - ERROR - Error at 2 on Try 4: 404 Client Error: Not Found for url: https://opcenter-test.goodyear.com/OpcenterRDnLGIL/odata/RndvRqIi(9033,90,1000000,649,14000000)/Update - {"IIVALUE": "Potassium hydroxyde pellets for analysis ", "IIVALUEF": 0}
2024-07-18 06:31:21,892 - ERROR - Error at 2 on Try 5: 404 Client Error: Not Found for url: https://opcenter-test.goodyear.com/OpcenterRDnLGIL/odata/RndvRqIi(9033,90,1000000,649,14000000)/Update - {"IIVALUE": "Potassium hydroxyde pellets for analysis ", "IIVALUEF": 0}
2024-07-18 06:31:22,080 - ERROR - Error at 2 on Try 1: 404 Client Error: Not Found for url: https://opcenter-test.goodyear.com/OpcenterRDnLGIL/odata/RndvRqIi(9033,90,1000000,650,15000000)/Update - {"IIVALUE": "Merck", "IIVALUEF": 0}
2024-07-18 06:31:22,766 - ERROR - Error at 2 on Try 2: 404 Client Error: Not Found for url: https://opcenter-test.goodyear.com/OpcenterRDnLGIL/odata/RndvRqIi(9033,90,1000000,650,15000000)/Update - {"IIVALUE": "Merck", "IIVALUEF": 0}
2024-07-18 06:31:23,453 - ERROR - Error at 2 on Try 3: 404 Client Error: Not Found for url: https://opcenter-test.goodyear.com/OpcenterRDnLGIL/odata/RndvRqIi(9033,90,1000000,650,15000000)/Update - {"IIVALUE": "Merck", "IIVALUEF": 0}
2024-07-18 06:31:24,132 - ERROR - Error at 2 on Try 4: 404 Client Error: Not Found for url: https://opcenter-test.goodyear.com/OpcenterRDnLGIL/odata/RndvRqIi(9033,90,1000000,650,15000000)/Update - {"IIVALUE": "Merck", "IIVALUEF": 0}
2024-07-18 06:31:24,827 - ERROR - Error at 2 on Try 5: 404 Client Error: Not Found for url: https://opcenter-test.goodyear.com/OpcenterRDnLGIL/odata/RndvRqIi(9033,90,1000000,650,15000000)/Update - {"IIVALUE": "Merck", "IIVALUEF": 0}
2024-07-18 06:31:25,019 - ERROR - Error at 2 on Try 1: 404 Client Error: Not Found for url: https://opcenter-test.goodyear.com/OpcenterRDnLGIL/odata/RndvRqIi(9033,90,1000000,653,17000000)/Update - {"IIVALUE": "0", "IIVALUEF": 0}
2024-07-18 06:31:25,708 - ERROR - Error at 2 on Try 2: 404 Client Error: Not Found for url: https://opcenter-test.goodyear.com/OpcenterRDnLGIL/odata/RndvRqIi(9033,90,1000000,653,17000000)/Update - {"IIVALUE": "0", "IIVALUEF": 0}
2024-07-18 06:31:26,392 - ERROR - Error at 2 on Try 3: 404 Client Error: Not Found for url: https://opcenter-test.goodyear.com/OpcenterRDnLGIL/odata/RndvRqIi(9033,90,1000000,653,17000000)/Update - {"IIVALUE": "0", "IIVALUEF": 0}
2024-07-18 06:31:27,108 - ERROR - Error at 2 on Try 4: 404 Client Error: Not Found for url: https://opcenter-test.goodyear.com/OpcenterRDnLGIL/odata/RndvRqIi(9033,90,1000000,653,17000000)/Update - {"IIVALUE": "0", "IIVALUEF": 0}
2024-07-18 06:31:27,814 - ERROR - Error at 2 on Try 5: 404 Client Error: Not Found for url: https://opcenter-test.goodyear.com/OpcenterRDnLGIL/odata/RndvRqIi(9033,90,1000000,653,17000000)/Update - {"IIVALUE": "0", "IIVALUEF": 0}
2024-07-18 06:31:28,002 - ERROR - Error at 2 on Try 1: 404 Client Error: Not Found for url: https://opcenter-test.goodyear.com/OpcenterRDnLGIL/odata/RndvRqIi(9033,90,1000000,654,16000000)/Update - {"IIVALUE": "g", "IIVALUEF": 0}
2024-07-18 06:31:28,692 - ERROR - Error at 2 on Try 2: 404 Client Error: Not Found for url: https://opcenter-test.goodyear.com/OpcenterRDnLGIL/odata/RndvRqIi(9033,90,1000000,654,16000000)/Update - {"IIVALUE": "g", "IIVALUEF": 0}
2024-07-18 06:31:29,383 - ERROR - Error at 2 on Try 3: 404 Client Error: Not Found for url: https://opcenter-test.goodyear.com/OpcenterRDnLGIL/odata/RndvRqIi(9033,90,1000000,654,16000000)/Update - {"IIVALUE": "g", "IIVALUEF": 0}
2024-07-18 06:31:30,078 - ERROR - Error at 2 on Try 4: 404 Client Error: Not Found for url: https://opcenter-test.goodyear.com/OpcenterRDnLGIL/odata/RndvRqIi(9033,90,1000000,654,16000000)/Update - {"IIVALUE": "g", "IIVALUEF": 0}
2024-07-18 06:31:30,770 - ERROR - Error at 2 on Try 5: 404 Client Error: Not Found for url: https://opcenter-test.goodyear.com/OpcenterRDnLGIL/odata/RndvRqIi(9033,90,1000000,654,16000000)/Update - {"IIVALUE": "g", "IIVALUEF": 0}
2024-07-18 06:31:30,970 - ERROR - Error at 2 on Try 1: 404 Client Error: Not Found for url: https://opcenter-test.goodyear.com/OpcenterRDnLGIL/odata/RndvRqIi(9033,90,1000000,656,18000000)/Update - {"IIVALUE": "0", "IIVALUEF": 0}
2024-07-18 06:31:31,658 - ERROR - Error at 2 on Try 2: 404 Client Error: Not Found for url: https://opcenter-test.goodyear.com/OpcenterRDnLGIL/odata/RndvRqIi(9033,90,1000000,656,18000000)/Update - {"IIVALUE": "0", "IIVALUEF": 0}
2024-07-18 06:31:32,352 - ERROR - Error at 2 on Try 3: 404 Client Error: Not Found for url: https://opcenter-test.goodyear.com/OpcenterRDnLGIL/odata/RndvRqIi(9033,90,1000000,656,18000000)/Update - {"IIVALUE": "0", "IIVALUEF": 0}
2024-07-18 06:31:33,064 - ERROR - Error at 2 on Try 4: 404 Client Error: Not Found for url: https://opcenter-test.goodyear.com/OpcenterRDnLGIL/odata/RndvRqIi(9033,90,1000000,656,18000000)/Update - {"IIVALUE": "0", "IIVALUEF": 0}
2024-07-18 06:31:33,756 - ERROR - Error at 2 on Try 5: 404 Client Error: Not Found for url: https://opcenter-test.goodyear.com/OpcenterRDnLGIL/odata/RndvRqIi(9033,90,1000000,656,18000000)/Update - {"IIVALUE": "0", "IIVALUEF": 0}
2024-07-18 06:31:33,935 - ERROR - Error at 2 on Try 1: 404 Client Error: Not Found for url: https://opcenter-test.goodyear.com/OpcenterRDnLGIL/odata/RndvRqIi(9033,90,1000000,531,19000000)/Update - {"IIVALUE": "B533721 431", "IIVALUEF": 0}
2024-07-18 06:31:34,621 - ERROR - Error at 2 on Try 2: 404 Client Error: Not Found for url: https://opcenter-test.goodyear.com/OpcenterRDnLGIL/odata/RndvRqIi(9033,90,1000000,531,19000000)/Update - {"IIVALUE": "B533721 431", "IIVALUEF": 0}
2024-07-18 06:31:35,317 - ERROR - Error at 2 on Try 3: 404 Client Error: Not Found for url: https://opcenter-test.goodyear.com/OpcenterRDnLGIL/odata/RndvRqIi(9033,90,1000000,531,19000000)/Update - {"IIVALUE": "B533721 431", "IIVALUEF": 0}
2024-07-18 06:31:36,003 - ERROR - Error at 2 on Try 4: 404 Client Error: Not Found for url: https://opcenter-test.goodyear.com/OpcenterRDnLGIL/odata/RndvRqIi(9033,90,1000000,531,19000000)/Update - {"IIVALUE": "B533721 431", "IIVALUEF": 0}
2024-07-18 06:31:36,692 - ERROR - Error at 2 on Try 5: 404 Client Error: Not Found for url: https://opcenter-test.goodyear.com/OpcenterRDnLGIL/odata/RndvRqIi(9033,90,1000000,531,19000000)/Update - {"IIVALUE": "B533721 431", "IIVALUEF": 0}
2024-07-18 06:31:37,017 - INFO - Success on 3: 200 - {"IIVALUE": "1.05021.0250", "IIVALUEF": 0}
2024-07-18 06:31:37,482 - INFO - Success on 4: 200 - {"SHORT_DESC": "Chemical & Consumables Container", "RQ_VALUE": null, "DESCRIPTION": "Chemical & Consumables Container"}
2024-07-18 06:31:38,655 - INFO - Success on 4: 200 - {"StatusTo": 5}
2024-07-18 06:31:38,846 - ERROR - Error at 3 on Try 1: 404 Client Error: Not Found for url: https://opcenter-test.goodyear.com/OpcenterRDnLGIL/odata/RndvRqIi(9034,90,1000000,9,5000000)/Update - {"IIVALUE": "AS*L", "IIVALUEF": 0}
2024-07-18 06:31:39,542 - ERROR - Error at 3 on Try 2: 404 Client Error: Not Found for url: https://opcenter-test.goodyear.com/OpcenterRDnLGIL/odata/RndvRqIi(9034,90,1000000,9,5000000)/Update - {"IIVALUE": "AS*L", "IIVALUEF": 0}
2024-07-18 06:31:40,228 - ERROR - Error at 3 on Try 3: 404 Client Error: Not Found for url: https://opcenter-test.goodyear.com/OpcenterRDnLGIL/odata/RndvRqIi(9034,90,1000000,9,5000000)/Update - {"IIVALUE": "AS*L", "IIVALUEF": 0}
2024-07-18 06:31:40,910 - ERROR - Error at 3 on Try 4: 404 Client Error: Not Found for url: https://opcenter-test.goodyear.com/OpcenterRDnLGIL/odata/RndvRqIi(9034,90,1000000,9,5000000)/Update - {"IIVALUE": "AS*L", "IIVALUEF": 0}
2024-07-18 06:31:41,636 - ERROR - Error at 3 on Try 5: 404 Client Error: Not Found for url: https://opcenter-test.goodyear.com/OpcenterRDnLGIL/odata/RndvRqIi(9034,90,1000000,9,5000000)/Update - {"IIVALUE": "AS*L", "IIVALUEF": 0}
2024-07-18 06:31:41,846 - ERROR - Error at 3 on Try 1: 404 Client Error: Not Found for url: https://opcenter-test.goodyear.com/OpcenterRDnLGIL/odata/RndvRqIi(9034,90,1000000,530,1000000)/Update - {"IIVALUE": "0", "IIVALUEF": 0}
2024-07-18 06:31:42,583 - ERROR - Error at 3 on Try 2: 404 Client Error: Not Found for url: https://opcenter-test.goodyear.com/OpcenterRDnLGIL/odata/RndvRqIi(9034,90,1000000,530,1000000)/Update - {"IIVALUE": "0", "IIVALUEF": 0}
2024-07-18 06:31:43,290 - ERROR - Error at 3 on Try 3: 404 Client Error: Not Found for url: https://opcenter-test.goodyear.com/OpcenterRDnLGIL/odata/RndvRqIi(9034,90,1000000,530,1000000)/Update - {"IIVALUE": "0", "IIVALUEF": 0}
2024-07-18 06:31:43,977 - ERROR - Error at 3 on Try 4: 404 Client Error: Not Found for url: https://opcenter-test.goodyear.com/OpcenterRDnLGIL/odata/RndvRqIi(9034,90,1000000,530,1000000)/Update - {"IIVALUE": "0", "IIVALUEF": 0}
2024-07-18 06:31:44,667 - ERROR - Error at 3 on Try 5: 404 Client Error: Not Found for url: https://opcenter-test.goodyear.com/OpcenterRDnLGIL/odata/RndvRqIi(9034,90,1000000,530,1000000)/Update - {"IIVALUE": "0", "IIVALUEF": 0}
2024-07-18 06:31:44,851 - ERROR - Error at 3 on Try 1: 404 Client Error: Not Found for url: https://opcenter-test.goodyear.com/OpcenterRDnLGIL/odata/RndvRqIi(9034,90,1000000,534,4000000)/Update - {"IIVALUE": "0", "IIVALUEF": 0}
2024-07-18 06:31:45,561 - ERROR - Error at 3 on Try 2: 404 Client Error: Not Found for url: https://opcenter-test.goodyear.com/OpcenterRDnLGIL/odata/RndvRqIi(9034,90,1000000,534,4000000)/Update - {"IIVALUE": "0", "IIVALUEF": 0}
2024-07-18 06:31:46,254 - ERROR - Error at 3 on Try 3: 404 Client Error: Not Found for url: https://opcenter-test.goodyear.com/OpcenterRDnLGIL/odata/RndvRqIi(9034,90,1000000,534,4000000)/Update - {"IIVALUE": "0", "IIVALUEF": 0}
2024-07-18 06:31:46,938 - ERROR - Error at 3 on Try 4: 404 Client Error: Not Found for url: https://opcenter-test.goodyear.com/OpcenterRDnLGIL/odata/RndvRqIi(9034,90,1000000,534,4000000)/Update - {"IIVALUE": "0", "IIVALUEF": 0}
2024-07-18 06:31:47,623 - ERROR - Error at 3 on Try 5: 404 Client Error: Not Found for url: https://opcenter-test.goodyear.com/OpcenterRDnLGIL/odata/RndvRqIi(9034,90,1000000,534,4000000)/Update - {"IIVALUE": "0", "IIVALUEF": 0}
2024-07-18 06:31:47,808 - ERROR - Error at 3 on Try 1: 404 Client Error: Not Found for url: https://opcenter-test.goodyear.com/OpcenterRDnLGIL/odata/RndvRqIi(9034,90,1000000,535,3000000)/Update - {"IIVALUE": "10/31/2018 12:00:00 AM +00:00", "IIVALUEF": 0}
2024-07-18 06:31:48,493 - ERROR - Error at 3 on Try 2: 404 Client Error: Not Found for url: https://opcenter-test.goodyear.com/OpcenterRDnLGIL/odata/RndvRqIi(9034,90,1000000,535,3000000)/Update - {"IIVALUE": "10/31/2018 12:00:00 AM +00:00", "IIVALUEF": 0}
2024-07-18 06:31:49,185 - ERROR - Error at 3 on Try 3: 404 Client Error: Not Found for url: https://opcenter-test.goodyear.com/OpcenterRDnLGIL/odata/RndvRqIi(9034,90,1000000,535,3000000)/Update - {"IIVALUE": "10/31/2018 12:00:00 AM +00:00", "IIVALUEF": 0}
2024-07-18 06:31:49,880 - ERROR - Error at 3 on Try 4: 404 Client Error: Not Found for url: https://opcenter-test.goodyear.com/OpcenterRDnLGIL/odata/RndvRqIi(9034,90,1000000,535,3000000)/Update - {"IIVALUE": "10/31/2018 12:00:00 AM +00:00", "IIVALUEF": 0}
2024-07-18 06:31:50,571 - ERROR - Error at 3 on Try 5: 404 Client Error: Not Found for url: https://opcenter-test.goodyear.com/OpcenterRDnLGIL/odata/RndvRqIi(9034,90,1000000,535,3000000)/Update - {"IIVALUE": "10/31/2018 12:00:00 AM +00:00", "IIVALUEF": 0}
2024-07-18 06:31:50,764 - ERROR - Error at 3 on Try 1: 404 Client Error: Not Found for url: https://opcenter-test.goodyear.com/OpcenterRDnLGIL/odata/RndvRqIi(9034,90,1000000,536,6000000)/Update - {"IIVALUE": "GIC*L", "IIVALUEF": 0}
2024-07-18 06:31:51,449 - ERROR - Error at 3 on Try 2: 404 Client Error: Not Found for url: https://opcenter-test.goodyear.com/OpcenterRDnLGIL/odata/RndvRqIi(9034,90,1000000,536,6000000)/Update - {"IIVALUE": "GIC*L", "IIVALUEF": 0}
2024-07-18 06:31:52,138 - ERROR - Error at 3 on Try 3: 404 Client Error: Not Found for url: https://opcenter-test.goodyear.com/OpcenterRDnLGIL/odata/RndvRqIi(9034,90,1000000,536,6000000)/Update - {"IIVALUE": "GIC*L", "IIVALUEF": 0}
2024-07-18 06:31:52,831 - ERROR - Error at 3 on Try 4: 404 Client Error: Not Found for url: https://opcenter-test.goodyear.com/OpcenterRDnLGIL/odata/RndvRqIi(9034,90,1000000,536,6000000)/Update - {"IIVALUE": "GIC*L", "IIVALUEF": 0}
2024-07-18 06:31:53,513 - ERROR - Error at 3 on Try 5: 404 Client Error: Not Found for url: https://opcenter-test.goodyear.com/OpcenterRDnLGIL/odata/RndvRqIi(9034,90,1000000,536,6000000)/Update - {"IIVALUE": "GIC*L", "IIVALUEF": 0}
2024-07-18 06:31:53,694 - ERROR - Error at 3 on Try 1: 404 Client Error: Not Found for url: https://opcenter-test.goodyear.com/OpcenterRDnLGIL/odata/RndvRqIi(9034,90,1000000,537,7000000)/Update - {"IIVALUE": "Ventilated Cabinet 4", "IIVALUEF": 0}
2024-07-18 06:31:54,390 - ERROR - Error at 3 on Try 2: 404 Client Error: Not Found for url: https://opcenter-test.goodyear.com/OpcenterRDnLGIL/odata/RndvRqIi(9034,90,1000000,537,7000000)/Update - {"IIVALUE": "Ventilated Cabinet 4", "IIVALUEF": 0}
2024-07-18 06:31:55,074 - ERROR - Error at 3 on Try 3: 404 Client Error: Not Found for url: https://opcenter-test.goodyear.com/OpcenterRDnLGIL/odata/RndvRqIi(9034,90,1000000,537,7000000)/Update - {"IIVALUE": "Ventilated Cabinet 4", "IIVALUEF": 0}
2024-07-18 06:31:55,760 - ERROR - Error at 3 on Try 4: 404 Client Error: Not Found for url: https://opcenter-test.goodyear.com/OpcenterRDnLGIL/odata/RndvRqIi(9034,90,1000000,537,7000000)/Update - {"IIVALUE": "Ventilated Cabinet 4", "IIVALUEF": 0}
2024-07-18 06:31:56,471 - ERROR - Error at 3 on Try 5: 404 Client Error: Not Found for url: https://opcenter-test.goodyear.com/OpcenterRDnLGIL/odata/RndvRqIi(9034,90,1000000,537,7000000)/Update - {"IIVALUE": "Ventilated Cabinet 4", "IIVALUEF": 0}
2024-07-18 06:31:56,670 - ERROR - Error at 3 on Try 1: 404 Client Error: Not Found for url: https://opcenter-test.goodyear.com/OpcenterRDnLGIL/odata/RndvRqIi(9034,90,1000000,538,8000000)/Update - {"IIVALUE": "0", "IIVALUEF": 0}
2024-07-18 06:31:57,350 - ERROR - Error at 3 on Try 2: 404 Client Error: Not Found for url: https://opcenter-test.goodyear.com/OpcenterRDnLGIL/odata/RndvRqIi(9034,90,1000000,538,8000000)/Update - {"IIVALUE": "0", "IIVALUEF": 0}
2024-07-18 06:31:58,032 - ERROR - Error at 3 on Try 3: 404 Client Error: Not Found for url: https://opcenter-test.goodyear.com/OpcenterRDnLGIL/odata/RndvRqIi(9034,90,1000000,538,8000000)/Update - {"IIVALUE": "0", "IIVALUEF": 0}
2024-07-18 06:31:58,722 - ERROR - Error at 3 on Try 4: 404 Client Error: Not Found for url: https://opcenter-test.goodyear.com/OpcenterRDnLGIL/odata/RndvRqIi(9034,90,1000000,538,8000000)/Update - {"IIVALUE": "0", "IIVALUEF": 0}
2024-07-18 06:31:59,406 - ERROR - Error at 3 on Try 5: 404 Client Error: Not Found for url: https://opcenter-test.goodyear.com/OpcenterRDnLGIL/odata/RndvRqIi(9034,90,1000000,538,8000000)/Update - {"IIVALUE": "0", "IIVALUEF": 0}
2024-07-18 06:31:59,619 - ERROR - Error at 3 on Try 1: 404 Client Error: Not Found for url: https://opcenter-test.goodyear.com/OpcenterRDnLGIL/odata/RndvRqIi(9034,90,1000000,539,9000000)/Update - {"IIVALUE": "Kepenne, Veronique", "IIVALUEF": 0}
2024-07-18 06:32:00,307 - ERROR - Error at 3 on Try 2: 404 Client Error: Not Found for url: https://opcenter-test.goodyear.com/OpcenterRDnLGIL/odata/RndvRqIi(9034,90,1000000,539,9000000)/Update - {"IIVALUE": "Kepenne, Veronique", "IIVALUEF": 0}
2024-07-18 06:32:01,002 - ERROR - Error at 3 on Try 3: 404 Client Error: Not Found for url: https://opcenter-test.goodyear.com/OpcenterRDnLGIL/odata/RndvRqIi(9034,90,1000000,539,9000000)/Update - {"IIVALUE": "Kepenne, Veronique", "IIVALUEF": 0}
2024-07-18 06:32:01,718 - ERROR - Error at 3 on Try 4: 404 Client Error: Not Found for url: https://opcenter-test.goodyear.com/OpcenterRDnLGIL/odata/RndvRqIi(9034,90,1000000,539,9000000)/Update - {"IIVALUE": "Kepenne, Veronique", "IIVALUEF": 0}
2024-07-18 06:32:02,438 - ERROR - Error at 3 on Try 5: 404 Client Error: Not Found for url: https://opcenter-test.goodyear.com/OpcenterRDnLGIL/odata/RndvRqIi(9034,90,1000000,539,9000000)/Update - {"IIVALUE": "Kepenne, Veronique", "IIVALUEF": 0}
2024-07-18 06:32:02,637 - ERROR - Error at 3 on Try 1: 404 Client Error: Not Found for url: https://opcenter-test.goodyear.com/OpcenterRDnLGIL/odata/RndvRqIi(9034,90,1000000,540,10000000)/Update - {"IIVALUE": "10025-77-1", "IIVALUEF": 0}
2024-07-18 06:32:03,352 - ERROR - Error at 3 on Try 2: 404 Client Error: Not Found for url: https://opcenter-test.goodyear.com/OpcenterRDnLGIL/odata/RndvRqIi(9034,90,1000000,540,10000000)/Update - {"IIVALUE": "10025-77-1", "IIVALUEF": 0}
2024-07-18 06:32:04,040 - ERROR - Error at 3 on Try 3: 404 Client Error: Not Found for url: https://opcenter-test.goodyear.com/OpcenterRDnLGIL/odata/RndvRqIi(9034,90,1000000,540,10000000)/Update - {"IIVALUE": "10025-77-1", "IIVALUEF": 0}
2024-07-18 06:32:04,739 - ERROR - Error at 3 on Try 4: 404 Client Error: Not Found for url: https://opcenter-test.goodyear.com/OpcenterRDnLGIL/odata/RndvRqIi(9034,90,1000000,540,10000000)/Update - {"IIVALUE": "10025-77-1", "IIVALUEF": 0}
2024-07-18 06:32:05,425 - ERROR - Error at 3 on Try 5: 404 Client Error: Not Found for url: https://opcenter-test.goodyear.com/OpcenterRDnLGIL/odata/RndvRqIi(9034,90,1000000,540,10000000)/Update - {"IIVALUE": "10025-77-1", "IIVALUEF": 0}
2024-07-18 06:32:05,616 - ERROR - Error at 3 on Try 1: 404 Client Error: Not Found for url: https://opcenter-test.goodyear.com/OpcenterRDnLGIL/odata/RndvRqIi(9034,90,1000000,541,11000000)/Update - {"IIVALUE": "250.0", "IIVALUEF": 0}
2024-07-18 06:32:06,302 - ERROR - Error at 3 on Try 2: 404 Client Error: Not Found for url: https://opcenter-test.goodyear.com/OpcenterRDnLGIL/odata/RndvRqIi(9034,90,1000000,541,11000000)/Update - {"IIVALUE": "250.0", "IIVALUEF": 0}
2024-07-18 06:32:07,018 - ERROR - Error at 3 on Try 3: 404 Client Error: Not Found for url: https://opcenter-test.goodyear.com/OpcenterRDnLGIL/odata/RndvRqIi(9034,90,1000000,541,11000000)/Update - {"IIVALUE": "250.0", "IIVALUEF": 0}
2024-07-18 06:32:07,718 - ERROR - Error at 3 on Try 4: 404 Client Error: Not Found for url: https://opcenter-test.goodyear.com/OpcenterRDnLGIL/odata/RndvRqIi(9034,90,1000000,541,11000000)/Update - {"IIVALUE": "250.0", "IIVALUEF": 0}
2024-07-18 06:32:08,400 - ERROR - Error at 3 on Try 5: 404 Client Error: Not Found for url: https://opcenter-test.goodyear.com/OpcenterRDnLGIL/odata/RndvRqIi(9034,90,1000000,541,11000000)/Update - {"IIVALUE": "250.0", "IIVALUEF": 0}
2024-07-18 06:32:08,605 - ERROR - Error at 3 on Try 1: 404 Client Error: Not Found for url: https://opcenter-test.goodyear.com/OpcenterRDnLGIL/odata/RndvRqIi(9034,90,1000000,640,12000000)/Update - {"IIVALUE": "Method/Project: QA0199-01", "IIVALUEF": 0}
2024-07-18 06:32:09,297 - ERROR - Error at 3 on Try 2: 404 Client Error: Not Found for url: https://opcenter-test.goodyear.com/OpcenterRDnLGIL/odata/RndvRqIi(9034,90,1000000,640,12000000)/Update - {"IIVALUE": "Method/Project: QA0199-01", "IIVALUEF": 0}
2024-07-18 06:32:09,979 - ERROR - Error at 3 on Try 3: 404 Client Error: Not Found for url: https://opcenter-test.goodyear.com/OpcenterRDnLGIL/odata/RndvRqIi(9034,90,1000000,640,12000000)/Update - {"IIVALUE": "Method/Project: QA0199-01", "IIVALUEF": 0}
2024-07-18 06:32:10,667 - ERROR - Error at 3 on Try 4: 404 Client Error: Not Found for url: https://opcenter-test.goodyear.com/OpcenterRDnLGIL/odata/RndvRqIi(9034,90,1000000,640,12000000)/Update - {"IIVALUE": "Method/Project: QA0199-01", "IIVALUEF": 0}
2024-07-18 06:32:11,355 - ERROR - Error at 3 on Try 5: 404 Client Error: Not Found for url: https://opcenter-test.goodyear.com/OpcenterRDnLGIL/odata/RndvRqIi(9034,90,1000000,640,12000000)/Update - {"IIVALUE": "Method/Project: QA0199-01", "IIVALUEF": 0}
2024-07-18 06:32:11,549 - ERROR - Error at 3 on Try 1: 404 Client Error: Not Found for url: https://opcenter-test.goodyear.com/OpcenterRDnLGIL/odata/RndvRqIi(9034,90,1000000,647,13000000)/Update - {"IIVALUE": "Adv. Chemistry", "IIVALUEF": 0}
2024-07-18 06:32:12,232 - ERROR - Error at 3 on Try 2: 404 Client Error: Not Found for url: https://opcenter-test.goodyear.com/OpcenterRDnLGIL/odata/RndvRqIi(9034,90,1000000,647,13000000)/Update - {"IIVALUE": "Adv. Chemistry", "IIVALUEF": 0}
2024-07-18 06:32:12,910 - ERROR - Error at 3 on Try 3: 404 Client Error: Not Found for url: https://opcenter-test.goodyear.com/OpcenterRDnLGIL/odata/RndvRqIi(9034,90,1000000,647,13000000)/Update - {"IIVALUE": "Adv. Chemistry", "IIVALUEF": 0}
2024-07-18 06:32:13,599 - ERROR - Error at 3 on Try 4: 404 Client Error: Not Found for url: https://opcenter-test.goodyear.com/OpcenterRDnLGIL/odata/RndvRqIi(9034,90,1000000,647,13000000)/Update - {"IIVALUE": "Adv. Chemistry", "IIVALUEF": 0}
2024-07-18 06:32:14,286 - ERROR - Error at 3 on Try 5: 404 Client Error: Not Found for url: https://opcenter-test.goodyear.com/OpcenterRDnLGIL/odata/RndvRqIi(9034,90,1000000,647,13000000)/Update - {"IIVALUE": "Adv. Chemistry", "IIVALUEF": 0}
2024-07-18 06:32:14,468 - ERROR - Error at 3 on Try 1: 404 Client Error: Not Found for url: https://opcenter-test.goodyear.com/OpcenterRDnLGIL/odata/RndvRqIi(9034,90,1000000,648,2000000)/Update - {"IIVALUE": "0", "IIVALUEF": 0}
2024-07-18 06:32:15,154 - ERROR - Error at 3 on Try 2: 404 Client Error: Not Found for url: https://opcenter-test.goodyear.com/OpcenterRDnLGIL/odata/RndvRqIi(9034,90,1000000,648,2000000)/Update - {"IIVALUE": "0", "IIVALUEF": 0}
2024-07-18 06:32:15,839 - ERROR - Error at 3 on Try 3: 404 Client Error: Not Found for url: https://opcenter-test.goodyear.com/OpcenterRDnLGIL/odata/RndvRqIi(9034,90,1000000,648,2000000)/Update - {"IIVALUE": "0", "IIVALUEF": 0}
2024-07-18 06:32:16,549 - ERROR - Error at 3 on Try 4: 404 Client Error: Not Found for url: https://opcenter-test.goodyear.com/OpcenterRDnLGIL/odata/RndvRqIi(9034,90,1000000,648,2000000)/Update - {"IIVALUE": "0", "IIVALUEF": 0}
2024-07-18 06:32:17,244 - ERROR - Error at 3 on Try 5: 404 Client Error: Not Found for url: https://opcenter-test.goodyear.com/OpcenterRDnLGIL/odata/RndvRqIi(9034,90,1000000,648,2000000)/Update - {"IIVALUE": "0", "IIVALUEF": 0}
2024-07-18 06:32:17,446 - ERROR - Error at 3 on Try 1: 404 Client Error: Not Found for url: https://opcenter-test.goodyear.com/OpcenterRDnLGIL/odata/RndvRqIi(9034,90,1000000,649,14000000)/Update - {"IIVALUE": "Iron (III) chloride hexahydrate for analysis ", "IIVALUEF": 0}
2024-07-18 06:32:18,128 - ERROR - Error at 3 on Try 2: 404 Client Error: Not Found for url: https://opcenter-test.goodyear.com/OpcenterRDnLGIL/odata/RndvRqIi(9034,90,1000000,649,14000000)/Update - {"IIVALUE": "Iron (III) chloride hexahydrate for analysis ", "IIVALUEF": 0}
2024-07-18 06:32:18,814 - ERROR - Error at 3 on Try 3: 404 Client Error: Not Found for url: https://opcenter-test.goodyear.com/OpcenterRDnLGIL/odata/RndvRqIi(9034,90,1000000,649,14000000)/Update - {"IIVALUE": "Iron (III) chloride hexahydrate for analysis ", "IIVALUEF": 0}
2024-07-18 06:32:19,536 - ERROR - Error at 3 on Try 4: 404 Client Error: Not Found for url: https://opcenter-test.goodyear.com/OpcenterRDnLGIL/odata/RndvRqIi(9034,90,1000000,649,14000000)/Update - {"IIVALUE": "Iron (III) chloride hexahydrate for analysis ", "IIVALUEF": 0}
2024-07-18 06:32:20,264 - ERROR - Error at 3 on Try 5: 404 Client Error: Not Found for url: https://opcenter-test.goodyear.com/OpcenterRDnLGIL/odata/RndvRqIi(9034,90,1000000,649,14000000)/Update - {"IIVALUE": "Iron (III) chloride hexahydrate for analysis ", "IIVALUEF": 0}
2024-07-18 06:32:20,449 - ERROR - Error at 3 on Try 1: 404 Client Error: Not Found for url: https://opcenter-test.goodyear.com/OpcenterRDnLGIL/odata/RndvRqIi(9034,90,1000000,650,15000000)/Update - {"IIVALUE": "Merck", "IIVALUEF": 0}
2024-07-18 06:32:21,163 - ERROR - Error at 3 on Try 2: 404 Client Error: Not Found for url: https://opcenter-test.goodyear.com/OpcenterRDnLGIL/odata/RndvRqIi(9034,90,1000000,650,15000000)/Update - {"IIVALUE": "Merck", "IIVALUEF": 0}
2024-07-18 06:32:21,849 - ERROR - Error at 3 on Try 3: 404 Client Error: Not Found for url: https://opcenter-test.goodyear.com/OpcenterRDnLGIL/odata/RndvRqIi(9034,90,1000000,650,15000000)/Update - {"IIVALUE": "Merck", "IIVALUEF": 0}
2024-07-18 06:32:22,564 - ERROR - Error at 3 on Try 4: 404 Client Error: Not Found for url: https://opcenter-test.goodyear.com/OpcenterRDnLGIL/odata/RndvRqIi(9034,90,1000000,650,15000000)/Update - {"IIVALUE": "Merck", "IIVALUEF": 0}
2024-07-18 06:32:23,246 - ERROR - Error at 3 on Try 5: 404 Client Error: Not Found for url: https://opcenter-test.goodyear.com/OpcenterRDnLGIL/odata/RndvRqIi(9034,90,1000000,650,15000000)/Update - {"IIVALUE": "Merck", "IIVALUEF": 0}
2024-07-18 06:32:23,439 - ERROR - Error at 3 on Try 1: 404 Client Error: Not Found for url: https://opcenter-test.goodyear.com/OpcenterRDnLGIL/odata/RndvRqIi(9034,90,1000000,653,17000000)/Update - {"IIVALUE": "0", "IIVALUEF": 0}
2024-07-18 06:32:24,149 - ERROR - Error at 3 on Try 2: 404 Client Error: Not Found for url: https://opcenter-test.goodyear.com/OpcenterRDnLGIL/odata/RndvRqIi(9034,90,1000000,653,17000000)/Update - {"IIVALUE": "0", "IIVALUEF": 0}
2024-07-18 06:32:24,832 - ERROR - Error at 3 on Try 3: 404 Client Error: Not Found for url: https://opcenter-test.goodyear.com/OpcenterRDnLGIL/odata/RndvRqIi(9034,90,1000000,653,17000000)/Update - {"IIVALUE": "0", "IIVALUEF": 0}
2024-07-18 06:32:25,528 - ERROR - Error at 3 on Try 4: 404 Client Error: Not Found for url: https://opcenter-test.goodyear.com/OpcenterRDnLGIL/odata/RndvRqIi(9034,90,1000000,653,17000000)/Update - {"IIVALUE": "0", "IIVALUEF": 0}
2024-07-18 06:32:26,225 - ERROR - Error at 3 on Try 5: 404 Client Error: Not Found for url: https://opcenter-test.goodyear.com/OpcenterRDnLGIL/odata/RndvRqIi(9034,90,1000000,653,17000000)/Update - {"IIVALUE": "0", "IIVALUEF": 0}
2024-07-18 06:32:26,418 - ERROR - Error at 3 on Try 1: 404 Client Error: Not Found for url: https://opcenter-test.goodyear.com/OpcenterRDnLGIL/odata/RndvRqIi(9034,90,1000000,654,16000000)/Update - {"IIVALUE": "g", "IIVALUEF": 0}
2024-07-18 06:32:27,095 - ERROR - Error at 3 on Try 2: 404 Client Error: Not Found for url: https://opcenter-test.goodyear.com/OpcenterRDnLGIL/odata/RndvRqIi(9034,90,1000000,654,16000000)/Update - {"IIVALUE": "g", "IIVALUEF": 0}
2024-07-18 06:32:27,800 - ERROR - Error at 3 on Try 3: 404 Client Error: Not Found for url: https://opcenter-test.goodyear.com/OpcenterRDnLGIL/odata/RndvRqIi(9034,90,1000000,654,16000000)/Update - {"IIVALUE": "g", "IIVALUEF": 0}
2024-07-18 06:32:28,492 - ERROR - Error at 3 on Try 4: 404 Client Error: Not Found for url: https://opcenter-test.goodyear.com/OpcenterRDnLGIL/odata/RndvRqIi(9034,90,1000000,654,16000000)/Update - {"IIVALUE": "g", "IIVALUEF": 0}
2024-07-18 06:32:29,171 - ERROR - Error at 3 on Try 5: 404 Client Error: Not Found for url: https://opcenter-test.goodyear.com/OpcenterRDnLGIL/odata/RndvRqIi(9034,90,1000000,654,16000000)/Update - {"IIVALUE": "g", "IIVALUEF": 0}
2024-07-18 06:32:29,353 - ERROR - Error at 3 on Try 1: 404 Client Error: Not Found for url: https://opcenter-test.goodyear.com/OpcenterRDnLGIL/odata/RndvRqIi(9034,90,1000000,656,18000000)/Update - {"IIVALUE": "0", "IIVALUEF": 0}
2024-07-18 06:32:30,039 - ERROR - Error at 3 on Try 2: 404 Client Error: Not Found for url: https://opcenter-test.goodyear.com/OpcenterRDnLGIL/odata/RndvRqIi(9034,90,1000000,656,18000000)/Update - {"IIVALUE": "0", "IIVALUEF": 0}
2024-07-18 06:32:30,718 - ERROR - Error at 3 on Try 3: 404 Client Error: Not Found for url: https://opcenter-test.goodyear.com/OpcenterRDnLGIL/odata/RndvRqIi(9034,90,1000000,656,18000000)/Update - {"IIVALUE": "0", "IIVALUEF": 0}
2024-07-18 06:32:31,406 - ERROR - Error at 3 on Try 4: 404 Client Error: Not Found for url: https://opcenter-test.goodyear.com/OpcenterRDnLGIL/odata/RndvRqIi(9034,90,1000000,656,18000000)/Update - {"IIVALUE": "0", "IIVALUEF": 0}
2024-07-18 06:32:32,120 - ERROR - Error at 3 on Try 5: 404 Client Error: Not Found for url: https://opcenter-test.goodyear.com/OpcenterRDnLGIL/odata/RndvRqIi(9034,90,1000000,656,18000000)/Update - {"IIVALUE": "0", "IIVALUEF": 0}
2024-07-18 06:32:32,327 - ERROR - Error at 3 on Try 1: 404 Client Error: Not Found for url: https://opcenter-test.goodyear.com/OpcenterRDnLGIL/odata/RndvRqIi(9034,90,1000000,531,19000000)/Update - {"IIVALUE": "B1241043626", "IIVALUEF": 0}
2024-07-18 06:32:33,038 - ERROR - Error at 3 on Try 2: 404 Client Error: Not Found for url: https://opcenter-test.goodyear.com/OpcenterRDnLGIL/odata/RndvRqIi(9034,90,1000000,531,19000000)/Update - {"IIVALUE": "B1241043626", "IIVALUEF": 0}
2024-07-18 06:32:33,728 - ERROR - Error at 3 on Try 3: 404 Client Error: Not Found for url: https://opcenter-test.goodyear.com/OpcenterRDnLGIL/odata/RndvRqIi(9034,90,1000000,531,19000000)/Update - {"IIVALUE": "B1241043626", "IIVALUEF": 0}
2024-07-18 06:32:34,450 - ERROR - Error at 3 on Try 4: 404 Client Error: Not Found for url: https://opcenter-test.goodyear.com/OpcenterRDnLGIL/odata/RndvRqIi(9034,90,1000000,531,19000000)/Update - {"IIVALUE": "B1241043626", "IIVALUEF": 0}
2024-07-18 06:32:35,134 - ERROR - Error at 3 on Try 5: 404 Client Error: Not Found for url: https://opcenter-test.goodyear.com/OpcenterRDnLGIL/odata/RndvRqIi(9034,90,1000000,531,19000000)/Update - {"IIVALUE": "B1241043626", "IIVALUEF": 0}
2024-07-18 06:32:35,453 - INFO - Success on 4: 200 - {"IIVALUE": "1.03943.0250", "IIVALUEF": 0}
2024-07-18 06:32:35,877 - INFO - Success on 5: 200 - {"SHORT_DESC": "Chemical & Consumables Container", "RQ_VALUE": null, "DESCRIPTION": "Chemical & Consumables Container"}
2024-07-18 06:32:37,074 - INFO - Success on 5: 200 - {"StatusTo": 5}
2024-07-18 06:32:37,281 - ERROR - Error at 4 on Try 1: 404 Client Error: Not Found for url: https://opcenter-test.goodyear.com/OpcenterRDnLGIL/odata/RndvRqIi(9035,90,1000000,9,5000000)/Update - {"IIVALUE": "AS*L", "IIVALUEF": 0}
2024-07-18 06:32:37,970 - ERROR - Error at 4 on Try 2: 404 Client Error: Not Found for url: https://opcenter-test.goodyear.com/OpcenterRDnLGIL/odata/RndvRqIi(9035,90,1000000,9,5000000)/Update - {"IIVALUE": "AS*L", "IIVALUEF": 0}
2024-07-18 06:32:38,666 - ERROR - Error at 4 on Try 3: 404 Client Error: Not Found for url: https://opcenter-test.goodyear.com/OpcenterRDnLGIL/odata/RndvRqIi(9035,90,1000000,9,5000000)/Update - {"IIVALUE": "AS*L", "IIVALUEF": 0}
2024-07-18 06:32:39,370 - ERROR - Error at 4 on Try 4: 404 Client Error: Not Found for url: https://opcenter-test.goodyear.com/OpcenterRDnLGIL/odata/RndvRqIi(9035,90,1000000,9,5000000)/Update - {"IIVALUE": "AS*L", "IIVALUEF": 0}
2024-07-18 06:32:40,058 - ERROR - Error at 4 on Try 5: 404 Client Error: Not Found for url: https://opcenter-test.goodyear.com/OpcenterRDnLGIL/odata/RndvRqIi(9035,90,1000000,9,5000000)/Update - {"IIVALUE": "AS*L", "IIVALUEF": 0}
2024-07-18 06:32:40,271 - ERROR - Error at 4 on Try 1: 404 Client Error: Not Found for url: https://opcenter-test.goodyear.com/OpcenterRDnLGIL/odata/RndvRqIi(9035,90,1000000,530,1000000)/Update - {"IIVALUE": "0", "IIVALUEF": 0}
2024-07-18 06:32:40,953 - ERROR - Error at 4 on Try 2: 404 Client Error: Not Found for url: https://opcenter-test.goodyear.com/OpcenterRDnLGIL/odata/RndvRqIi(9035,90,1000000,530,1000000)/Update - {"IIVALUE": "0", "IIVALUEF": 0}
2024-07-18 06:32:41,637 - ERROR - Error at 4 on Try 3: 404 Client Error: Not Found for url: https://opcenter-test.goodyear.com/OpcenterRDnLGIL/odata/RndvRqIi(9035,90,1000000,530,1000000)/Update - {"IIVALUE": "0", "IIVALUEF": 0}
2024-07-18 06:32:42,322 - ERROR - Error at 4 on Try 4: 404 Client Error: Not Found for url: https://opcenter-test.goodyear.com/OpcenterRDnLGIL/odata/RndvRqIi(9035,90,1000000,530,1000000)/Update - {"IIVALUE": "0", "IIVALUEF": 0}
2024-07-18 06:32:43,022 - ERROR - Error at 4 on Try 5: 404 Client Error: Not Found for url: https://opcenter-test.goodyear.com/OpcenterRDnLGIL/odata/RndvRqIi(9035,90,1000000,530,1000000)/Update - {"IIVALUE": "0", "IIVALUEF": 0}
2024-07-18 06:32:43,208 - ERROR - Error at 4 on Try 1: 404 Client Error: Not Found for url: https://opcenter-test.goodyear.com/OpcenterRDnLGIL/odata/RndvRqIi(9035,90,1000000,534,4000000)/Update - {"IIVALUE": "0", "IIVALUEF": 0}
2024-07-18 06:32:44,114 - ERROR - Error at 4 on Try 1: 404 Client Error: Not Found for url: https://opcenter-test.goodyear.com/OpcenterRDnLGIL/odata/RndvRqIi(9035,90,1000000,535,3000000)/Update - {"IIVALUE": "04/30/2021 12:00:00 AM +00:00", "IIVALUEF": 0}
2024-07-18 06:32:44,821 - ERROR - Error at 4 on Try 2: 404 Client Error: Not Found for url: https://opcenter-test.goodyear.com/OpcenterRDnLGIL/odata/RndvRqIi(9035,90,1000000,535,3000000)/Update - {"IIVALUE": "04/30/2021 12:00:00 AM +00:00", "IIVALUEF": 0}
2024-07-18 06:32:45,531 - ERROR - Error at 4 on Try 3: 404 Client Error: Not Found for url: https://opcenter-test.goodyear.com/OpcenterRDnLGIL/odata/RndvRqIi(9035,90,1000000,535,3000000)/Update - {"IIVALUE": "04/30/2021 12:00:00 AM +00:00", "IIVALUEF": 0}
2024-07-18 06:32:46,211 - ERROR - Error at 4 on Try 4: 404 Client Error: Not Found for url: https://opcenter-test.goodyear.com/OpcenterRDnLGIL/odata/RndvRqIi(9035,90,1000000,535,3000000)/Update - {"IIVALUE": "04/30/2021 12:00:00 AM +00:00", "IIVALUEF": 0}
2024-07-18 06:32:46,895 - ERROR - Error at 4 on Try 5: 404 Client Error: Not Found for url: https://opcenter-test.goodyear.com/OpcenterRDnLGIL/odata/RndvRqIi(9035,90,1000000,535,3000000)/Update - {"IIVALUE": "04/30/2021 12:00:00 AM +00:00", "IIVALUEF": 0}
2024-07-18 06:32:47,079 - ERROR - Error at 4 on Try 1: 404 Client Error: Not Found for url: https://opcenter-test.goodyear.com/OpcenterRDnLGIL/odata/RndvRqIi(9035,90,1000000,536,6000000)/Update - {"IIVALUE": "GIC*L", "IIVALUEF": 0}
2024-07-18 06:32:47,791 - ERROR - Error at 4 on Try 2: 404 Client Error: Not Found for url: https://opcenter-test.goodyear.com/OpcenterRDnLGIL/odata/RndvRqIi(9035,90,1000000,536,6000000)/Update - {"IIVALUE": "GIC*L", "IIVALUEF": 0}
2024-07-18 06:32:48,507 - ERROR - Error at 4 on Try 3: 404 Client Error: Not Found for url: https://opcenter-test.goodyear.com/OpcenterRDnLGIL/odata/RndvRqIi(9035,90,1000000,536,6000000)/Update - {"IIVALUE": "GIC*L", "IIVALUEF": 0}
2024-07-18 06:32:49,194 - ERROR - Error at 4 on Try 4: 404 Client Error: Not Found for url: https://opcenter-test.goodyear.com/OpcenterRDnLGIL/odata/RndvRqIi(9035,90,1000000,536,6000000)/Update - {"IIVALUE": "GIC*L", "IIVALUEF": 0}
2024-07-18 06:32:49,874 - ERROR - Error at 4 on Try 5: 404 Client Error: Not Found for url: https://opcenter-test.goodyear.com/OpcenterRDnLGIL/odata/RndvRqIi(9035,90,1000000,536,6000000)/Update - {"IIVALUE": "GIC*L", "IIVALUEF": 0}
2024-07-18 06:32:50,061 - ERROR - Error at 4 on Try 1: 404 Client Error: Not Found for url: https://opcenter-test.goodyear.com/OpcenterRDnLGIL/odata/RndvRqIi(9035,90,1000000,537,7000000)/Update - {"IIVALUE": "Ventilated Cabinet 4", "IIVALUEF": 0}
2024-07-18 06:32:50,775 - ERROR - Error at 4 on Try 2: 404 Client Error: Not Found for url: https://opcenter-test.goodyear.com/OpcenterRDnLGIL/odata/RndvRqIi(9035,90,1000000,537,7000000)/Update - {"IIVALUE": "Ventilated Cabinet 4", "IIVALUEF": 0}
2024-07-18 06:32:51,508 - ERROR - Error at 4 on Try 3: 404 Client Error: Not Found for url: https://opcenter-test.goodyear.com/OpcenterRDnLGIL/odata/RndvRqIi(9035,90,1000000,537,7000000)/Update - {"IIVALUE": "Ventilated Cabinet 4", "IIVALUEF": 0}
2024-07-18 06:32:52,196 - ERROR - Error at 4 on Try 4: 404 Client Error: Not Found for url: https://opcenter-test.goodyear.com/OpcenterRDnLGIL/odata/RndvRqIi(9035,90,1000000,537,7000000)/Update - {"IIVALUE": "Ventilated Cabinet 4", "IIVALUEF": 0}
2024-07-18 06:32:52,925 - ERROR - Error at 4 on Try 5: 404 Client Error: Not Found for url: https://opcenter-test.goodyear.com/OpcenterRDnLGIL/odata/RndvRqIi(9035,90,1000000,537,7000000)/Update - {"IIVALUE": "Ventilated Cabinet 4", "IIVALUEF": 0}
2024-07-18 06:32:53,106 - ERROR - Error at 4 on Try 1: 404 Client Error: Not Found for url: https://opcenter-test.goodyear.com/OpcenterRDnLGIL/odata/RndvRqIi(9035,90,1000000,538,8000000)/Update - {"IIVALUE": "0", "IIVALUEF": 0}
2024-07-18 06:32:53,786 - ERROR - Error at 4 on Try 2: 404 Client Error: Not Found for url: https://opcenter-test.goodyear.com/OpcenterRDnLGIL/odata/RndvRqIi(9035,90,1000000,538,8000000)/Update - {"IIVALUE": "0", "IIVALUEF": 0}
2024-07-18 06:32:54,499 - ERROR - Error at 4 on Try 3: 404 Client Error: Not Found for url: https://opcenter-test.goodyear.com/OpcenterRDnLGIL/odata/RndvRqIi(9035,90,1000000,538,8000000)/Update - {"IIVALUE": "0", "IIVALUEF": 0}
2024-07-18 06:32:55,233 - ERROR - Error at 4 on Try 4: 404 Client Error: Not Found for url: https://opcenter-test.goodyear.com/OpcenterRDnLGIL/odata/RndvRqIi(9035,90,1000000,538,8000000)/Update - {"IIVALUE": "0", "IIVALUEF": 0}
2024-07-18 06:32:55,960 - ERROR - Error at 4 on Try 5: 404 Client Error: Not Found for url: https://opcenter-test.goodyear.com/OpcenterRDnLGIL/odata/RndvRqIi(9035,90,1000000,538,8000000)/Update - {"IIVALUE": "0", "IIVALUEF": 0}
2024-07-18 06:32:56,146 - ERROR - Error at 4 on Try 1: 404 Client Error: Not Found for url: https://opcenter-test.goodyear.com/OpcenterRDnLGIL/odata/RndvRqIi(9035,90,1000000,539,9000000)/Update - {"IIVALUE": "Kepenne, Veronique", "IIVALUEF": 0}
2024-07-18 06:32:56,846 - ERROR - Error at 4 on Try 2: 404 Client Error: Not Found for url: https://opcenter-test.goodyear.com/OpcenterRDnLGIL/odata/RndvRqIi(9035,90,1000000,539,9000000)/Update - {"IIVALUE": "Kepenne, Veronique", "IIVALUEF": 0}
